smiles,qed,sas,gsk3b_score,jnk3_score,logP,weight
CN(C)CCCn1cc(C2=C(c3cccc4ccccc34)C(=O)NC2=O)c2ccccc21,0.470295516,2.435693515,-9.4,-8.6,4.3134,423.194677
O=C1NC(=O)C(c2ccccc2)=C1Nc1cc(Cl)c(O)c(Cl)c1,0.587526714,2.35591934,-7.9,-8.1,3.1786,348.0068475
O=C1Cc2c([nH]c3cc(C(F)(F)F)ccc23)-c2ccccc2N1,0.636185935,2.391366992,-9.3,-9.5,4.3483,316.0823476
COCCN1CCC(CNC(=O)c2n[nH]c3ccc(-c4ccccc4)cc23)CC1,0.647153718,2.235827093,-8.8,-8.5,3.3181,392.2212261
O=C1NC(=O)C(c2ccccc2)=C1Nc1cc(Cl)c(O)c(Cl)c1,0.587526714,2.35591934,-7.8,-8.2,3.1786,348.0068475
O=C(Cn1c(=O)ccc2ccccc21)Nc1scc(Br)c1-c1ncn[nH]1,0.520068719,2.743682413,-8.8,-8.3,3.2493,428.9895077
O=C1NC(=O)C(c2ccccc2)=C1Nc1cc(Cl)c(O)c(Cl)c1,0.587526714,2.35591934,-8.1,-8.2,3.1786,348.0068475
O=C(Nc1n[nH]c2ncc(-c3ccccc3)cc12)C1CC1,0.773390379,2.155164175,-8.5,-8,2.9734,278.1167611
COCCN1CCC(CNC(=O)c2n[nH]c3ccc(-c4ccccc4)cc23)CC1,0.647153718,2.235827093,-8.8,-8.6,3.3181,392.2212261
Cn1cc(C2=C(c3cn(C)c4ccc(F)cc34)C(=O)NC2=O)c2ccccc21,0.54790134,2.523987681,-9.1,-8.6,3.3763,373.122655
COCCN1CCC(CNC(=O)c2n[nH]c3ccc(-c4ccccc4)cc23)CC1,0.647153718,2.235827093,-8.8,-8.6,3.3181,392.2212261
NC(=O)c1ccccc1Nc1cc(Nc2ccc(-n3cnc(N4CCOCC4)n3)cc2)ncc1C(F)(F)F,0.330272022,2.832679368,-9.7,-9.7,4.1038,524.1896066
O=C1NC(=O)C(c2ccccc2)=C1Nc1cccc(C(=O)O)c1,0.749380567,2.107175749,-8.6,-8.4,1.8644,308.0797069
O=C1NC(=O)C(c2cn(CCCN3CCOCC3)c3ccccc23)=C1c1coc2ccc(-c3ccccc3)cc12,0.286921793,2.749610541,-10.3,-9.5,5.344,531.2158064
O=C1NCCc2ccc(-c3ccc(SCc4ccc(-c5ccccc5C(F)(F)F)cc4)o3)cc21,0.307641524,2.651705268,-10,-10.2,7.2106,479.1166845
COc1ccc(C(=O)Nc2cncc(C(=O)NCC3CCN(Cc4ccc(C(=O)O)o4)CC3)c2)cc1,0.414389128,2.397512599,-9,-9,3.2757,492.2008846
O=C(O)CN1CCC(CNC(=O)c2n[nH]c3ccc(-c4ccccc4)cc23)CC1,0.599180564,2.23850613,-9.2,-8.9,2.7563,392.1848406
Cc1ccc(NC(=O)c2cccc(-n3ncc4cc(Nc5ccccc5Cl)ccc43)c2)cn1,0.323690335,2.275217488,-9.8,-9.4,6.37822,453.1356379
O=C(O)c1ccc(CN2CCC(CNC(=O)c3n[nH]c4ccc(-c5ccccc5)cc34)CC2)o1,0.3834196,2.45819368,-9.8,-9.4,4.1631,458.1954053
FC(F)(F)c1cccc(Nc2nccc(-c3cnn4ncccc34)n2)c1,0.60200208,2.563619643,-9,-8.8,3.9487,356.099729
O=C(Nc1n[nH]c2ccc(-c3ccccn3)cc12)C1CC1,0.773390379,2.163185865,-8.5,-7.6,2.9734,278.1167611
CC(N)CN1CCC(CNC(=O)c2ccnc3[nH]c(-c4ccc(F)cc4)cc23)CC1,0.58367763,2.955157962,-8.8,-8.1,3.158,409.2277887
Cn1c(N2CCNC(c3ccc(F)cc3)C2)nc(-c2ccccc2)cc1=O,0.776466779,2.767418382,-9.7,-8.8,2.7373,364.1699395
CS(=O)(=O)Nc1ccc(CCNC(=O)c2ccnc3[nH]c(-c4ccccc4)cc23)cc1,0.413558828,2.274450635,-9.1,-8.2,3.5739,434.1412616
CN(C)CCCn1cc(C2=C(c3cn(C)c4ccc(C(F)(F)F)cc34)C(=O)NC2=O)c2ccccc21,0.396575544,2.790334033,-9,-8,4.6707,494.1929607
CCS(=O)(=O)Nc1ccc(CCNC(=O)c2ccnc3[nH]c(-c4ccccc4)cc23)cc1,0.379427639,2.351865589,-9.2,-8.3,3.964,448.1569116
c1ccc(-c2ccc(CSc3nnc(-c4ccc5c(c4)OCCO5)o3)cc2)cc1,0.412852211,2.143259086,-9.4,-9.1,5.4671,402.1038134
Cc1ccc2c(-c3ccnc(Nc4ccc(Cl)c(Cl)c4)n3)cnn2n1,0.572506864,2.559103159,-9.1,-8.1,4.54512,370.0500497
O=C(Nc1n[nH]c2ccc(-c3ccccc3)cc12)C1CC1,0.768445346,1.963749043,-8.7,-8.2,3.5784,277.1215121
Nc1ncccc1C(=O)Nc1ccccc1N1CCC(N)CC1,0.803387538,2.101992221,-7.6,-7.6,1.8436,311.1746103
O=C1NC(=O)C(c2ccccc2)=C1Nc1cc(Cl)c(O)c(Cl)c1,0.587526714,2.35591934,-7.9,-8.2,3.1786,348.0068475
Cc1nc(C)n(-c2ccc(Nc3nccc(-c4cccc(Nc5ccccc5Cl)c4)n3)cc2)n1,0.297153715,2.394830043,-9.8,-10.1,6.48174,467.1625214
CSc1ccc(NC2=C(c3ccccc3)C(=O)NC2=O)cc1,0.673281968,2.198439841,-7.9,-7.7,2.8881,310.0775987
N#Cc1ccc(-c2ccc(CSc3nnc(-c4ccc5c(c4)OCCO5)o3)cc2)cc1,0.397746084,2.328630459,-9.3,-9.5,5.33878,427.0990624
O=C(Nc1n[nH]c2ccc(-c3ccccc3)cc12)C1CC1,0.768445346,1.963749043,-8.8,-8.4,3.5784,277.1215121
O=C(O)CN1CCC(CNC(=O)c2n[nH]c3ccc(-c4cccc(F)c4)cc23)CC1,0.580495614,2.347060974,-9.2,-9,2.8954,410.1754188
COCCN1CCC(CNC(=O)c2n[nH]c3ccc(-c4ccccc4)cc23)CC1,0.647153718,2.235827093,-8.8,-8.7,3.3181,392.2212261
N#Cc1ccc(-c2ccc(CSc3ccc(-c4ccc5c(c4)C(=O)NCC5)o3)cc2)cc1,0.386069634,2.582583019,-10.2,-9.6,6.06348,436.1245489
Cc1nc(-c2ccccc2)c(-c2ccnc(NC(=O)C3CC3)c2)[nH]1,0.768483483,2.248935145,-8.6,-8.3,3.79562,318.1480612
CS(=O)(=O)NC1CCC(Nc2cc(-c3ccnc(Nc4ccc(NC(=O)c5ccccc5)cc4)n3)ccn2)CC1,0.230129002,2.559005427,-10.1,-8.8,4.8068,557.2209089
CS(=O)(=O)Nc1ccc(CCNC(=O)c2ccnc3[nH]c(-c4ccccc4)cc23)cc1,0.413558828,2.274450635,-8.6,-8.7,3.5739,434.1412616
O=C(Nc1n[nH]c2ccc(-c3ccccn3)cc12)C1CC1,0.773390379,2.163185865,-8.6,-8.2,2.9734,278.1167611
O=C(NCC1CCN(CCc2ccccc2)CC1)c1n[nH]c2ccc(-c3ccccc3)cc12,0.430796333,2.204799287,-9,-9.4,4.9144,438.2419616
Cn1cc(C2=C(C3=CC(=O)c4c3c3cccnc3n4CCCN3CCOCC3)C(=O)NC2=O)c2ccccc21,0.392047097,3.126226342,-10.1,-8.6,2.9402,521.2063043
CSc1nc(-c2ccc(F)cc2)c(-c2ccnc(Nc3ccc(NC(=O)c4ccccc4)cc3)c2)n1C,0.231073926,2.422796513,-9.9,-9.7,7.006,509.1685596
COCCN1CCC(CNC(=O)c2n[nH]c3ccc(-c4ccccc4)cc23)CC1,0.647153718,2.235827093,-8.8,-8.6,3.3181,392.2212261
O=C1Nc2ccccc2C1=C1C(=O)Nc2ccccc21,0.716573186,2.137168315,-8.9,-9.1,2.5016,262.0742276
O=C1NC(=O)C(c2ccccc2)=C1Nc1cc(Cl)c(O)c(Cl)c1,0.587526714,2.35591934,-7.9,-8.2,3.1786,348.0068475
Cn1cc(C2=C(c3cn(C)c4ccccc34)C(=O)NC2=O)c2ccccc21,0.561396223,2.41960808,-9,-8.3,3.2372,355.1320768
COCCN1CCC(CNC(=O)c2n[nH]c3ccc(-c4ccccc4)cc23)CC1,0.647153718,2.235827093,-8.8,-8.7,3.3181,392.2212261
O=C(Nc1n[nH]c2ccc(-c3ccccn3)cc12)C1CC1,0.773390379,2.163185865,-8.5,-8,2.9734,278.1167611
COCCN1CCC(CNC(=O)c2n[nH]c3ccc(-c4ccccc4)cc23)CC1,0.647153718,2.235827093,-8.8,-8.6,3.3181,392.2212261
N#Cc1ccc(-c2ccc(CSc3nnc(-c4ccc5c(c4)OCCO5)o3)cc2)cc1,0.397746084,2.328630459,-9.5,-9.5,5.33878,427.0990624
O=C(Nc1n[nH]c2ncc(-c3ccc(Cl)cc3)cc12)C1CC1,0.775545072,2.219756324,-8.6,-8.1,3.6268,312.0777887
O=C1NC(=O)C(c2ccccc2)=C1Nc1cc(Cl)c(O)c(Cl)c1,0.587526714,2.35591934,-8.1,-8.2,3.1786,348.0068475
CS(=O)(=O)Nc1ccc(CCNC(=O)c2ccnc3[nH]c(-c4ccccc4)cc23)cc1,0.413558828,2.274450635,-8.6,-8.7,3.5739,434.1412616
FC(F)(F)c1ccc(Nc2nccc(-c3cnn4ncccc34)n2)cc1,0.60200208,2.53456672,-9.3,-8.6,3.9487,356.099729
c1ccc(-c2ccc(CSc3nnc(-c4ccc5c(c4)OCCO5)o3)cc2)cc1,0.412852211,2.143259086,-9.3,-9.2,5.4671,402.1038134
Cn1cc(C2=C(c3cn(C)c4ccccc34)C(=O)NC2=O)c2ccccc21,0.561396223,2.41960808,-9,-8.3,3.2372,355.1320768
O=C(Cn1c(=O)ccc2ccccc21)Nc1scc(Br)c1-c1ncn[nH]1,0.520068719,2.743682413,-8.8,-8.6,3.2493,428.9895077
O=C(Nc1n[nH]c2ccc(-c3ccccn3)cc12)C1CC1,0.773390379,2.163185865,-8.6,-7.7,2.9734,278.1167611
O=C(NCCc1ccccc1)c1ccnc2nc(-c3ccc(F)cc3)[nH]c12,0.56956738,2.129749331,-9.2,-8.1,3.7365,360.1386394
O=C(O)CN1CCC(CNC(=O)c2n[nH]c3cc(-c4ccccc4)[nH]c23)CC1,0.521994958,2.61127934,-8.9,-8.6,2.0844,381.1800896
O=C(Nc1n[nH]c2ccc(-c3ccccn3)cc12)C1CC1,0.773390379,2.163185865,-8.6,-7.5,2.9734,278.1167611
c1ccc(Nc2nccc(-c3cnn4ncccc34)n2)cc1,0.627484971,2.364224756,-8.2,-8.2,2.9299,288.1123444
COc1ccc(C(=O)Nc2c[nH]nc2C(=O)NC2CCC(OC)CC2)cc1,0.721843103,2.515196891,-8.5,-7.8,2.358,372.1797552
c1ccc(-c2ccc(CSc3nnc(-c4ccc5c(c4)OCCO5)o3)cc2)cc1,0.412852211,2.143259086,-9.5,-9,5.4671,402.1038134
c1ccc(-c2ccc(CSc3nnc(-c4ccc5c(c4)OCCO5)o3)cc2)cc1,0.412852211,2.143259086,-9.4,-9.1,5.4671,402.1038134
O=C1NC(=O)C(c2ccccc2)=C1Nc1cc(Cl)c(O)c(Cl)c1,0.587526714,2.35591934,-7.9,-8.2,3.1786,348.0068475
O=C(Nc1n[nH]c2cc(-c3ccccc3)ccc12)C1CC1,0.768445346,1.975895071,-8.1,-7.7,3.5784,277.1215121
O=C(NCCc1ccccc1)c1ccnc2nc(-c3ccc(F)cc3)[nH]c12,0.56956738,2.129749331,-9.1,-8.1,3.7365,360.1386394
O=C(Nc1n[nH]c2ccc(-c3ccccc3)cc12)C1CC1,0.768445346,1.963749043,-8.6,-8.3,3.5784,277.1215121
COCCN1CCC(CNC(=O)c2n[nH]c3ccc(-c4ccccc4)cc23)CC1,0.647153718,2.235827093,-8.8,-8.6,3.3181,392.2212261
CSc1ccc(NC2=C(c3ccccc3)C(=O)NC2=O)cc1,0.673281968,2.198439841,-7.8,-7.7,2.8881,310.0775987
Clc1ccc(Nc2nc(Nc3ccc(N4CCOCC4)cc3)ccc2Cl)cc1,0.558974413,2.134818614,-9.5,-8.1,5.7122,414.1014166
COCCN1CCC(CNC(=O)c2n[nH]c3ccc(-c4ccccc4)cc23)CC1,0.647153718,2.235827093,-8.8,-8.7,3.3181,392.2212261
O=C1NC(=O)C(c2ccccc2)=C1Nc1cc(Cl)c(O)c(Cl)c1,0.587526714,2.35591934,-7.9,-8.2,3.1786,348.0068475
O=C1NC(=O)C(c2ccccc2)=C1Nc1cc(Cl)c(O)c(Cl)c1,0.587526714,2.35591934,-7.8,-8.2,3.1786,348.0068475
CN(C)CCCn1cc(C2=C(c3cn4c5c(cccc35)CNCC4)C(=O)NC2=O)c2ccccc21,0.427419715,2.956643842,-9.2,-8,3.2181,467.2321252
CS(=O)(=O)Nc1ccc(CCNC(=O)c2ccnc3[nH]c(-c4ccccc4)cc23)cc1,0.413558828,2.274450635,-8.6,-8.6,3.5739,434.1412616
Cn1cc(C2=C(c3cn(C)c4ccccc34)C(=O)NC2=O)c2ccccc21,0.561396223,2.41960808,-9,-8.3,3.2372,355.1320768
N#Cc1ccc(-c2ccc(CSc3nnc(-c4ccc5c(c4)OCCO5)o3)cc2)cc1,0.397746084,2.328630459,-9.4,-9.5,5.33878,427.0990624
O=C(O)CN1CCC(CNC(=O)c2n[nH]c3ccc(-c4ccccc4)cc23)CC1,0.599180564,2.23850613,-9.3,-9,2.7563,392.1848406
CSc1nc(-c2ccc(F)cc2)c(-c2ccnc(NC(=O)C3CCC3)c2)[nH]1,0.625540671,2.410207081,-8.8,-7.8,4.7383,382.1263604
COCCN1CCC(CNC(=O)c2n[nH]c3cc(-c4ccccc4)ccc23)CC1,0.647153718,2.240086822,-8.7,-8.3,3.3181,392.2212261
CSc1ccc(NC2=C(c3ccccc3)C(=O)NC2=O)cc1,0.673281968,2.198439841,-7.8,-7.7,2.8881,310.0775987
O=C1NC(=O)C(c2ccccc2)=C1Nc1cc(Cl)c(O)c(Cl)c1,0.587526714,2.35591934,-8,-8.2,3.1786,348.0068475
O=C1NC(=O)C(c2ccccc2)=C1Nc1cc(Cl)c(O)c(Cl)c1,0.587526714,2.35591934,-7.9,-8.2,3.1786,348.0068475
O=C(NCC1CCN(Cc2ccccc2)CC1)c1n[nH]c2ccc(-c3cccnc3)cc12,0.483927731,2.282783119,-9.5,-9.2,4.2669,425.2215605
N#Cc1ccc(-c2ccc(CSc3nnc(-c4ccc5c(c4)OCCO5)o3)cc2)cc1,0.397746084,2.328630459,-9.4,-9.3,5.33878,427.0990624
COCCN1CCC(CNC(=O)c2n[nH]c3ccc(-c4ccccc4)cc23)CC1,0.647153718,2.235827093,-8.8,-8.6,3.3181,392.2212261
CN(C)CCCn1cc(C2=C(c3cccc4ccccc34)C(=O)NC2=O)c2ccccc21,0.470295516,2.435693515,-9.5,-8.9,4.3134,423.194677
CN(C)CCCn1cc(C2=C(c3cn(C)c4cc(C(F)(F)F)ccc34)C(=O)NC2=O)c2ccccc21,0.396575544,2.803910186,-9.2,-8.4,4.6707,494.1929607
CSc1ccc(NC2=C(c3ccccc3)C(=O)NC2=O)cc1,0.673281968,2.198439841,-7.8,-7.7,2.8881,310.0775987
O=C1NCCc2ccc(-c3ccnc(NC(=O)C4CC4)c3)cc21,0.91433317,2.302667046,-8.8,-8.5,2.383,307.1320768
O=C1NC(=O)C(c2ccccc2)=C1Nc1cc(Cl)c(O)c(Cl)c1,0.587526714,2.35591934,-7.9,-8.2,3.1786,348.0068475
O=C1NC(=O)C(c2ccccc2)=C1Nc1cc(Cl)c(O)c(Cl)c1,0.587526714,2.35591934,-7.9,-8.2,3.1786,348.0068475
O=C1NC(=O)C(c2ccccc2)=C1Nc1cc(Cl)c(O)c(Cl)c1,0.587526714,2.35591934,-8.1,-8.2,3.1786,348.0068475
CSc1nc(-c2ccc(F)cc2)c(C2=CC=NC(Nc3ccc(NC(=O)c4ccccc4)cc3)=NC=C2)n1C,0.270377279,3.058869093,-10.1,-8.9,6.65,536.1794586
COc1ccc(CCNC(=O)c2ccc(O)c3nc(-c4ccc(F)cc4)[nH]c23)cc1,0.45156532,2.236478505,-9.2,-8.2,4.0557,405.1488697
O=C1NCCc2ccc(-c3ccnc(NC(=O)C4CC4)c3)cc21,0.91433317,2.302667046,-8.8,-8.5,2.383,307.1320768
Cn1c(N2CCNC(c3ccccc3)C2)nc(-c2ccncn2)cc1=O,0.77082762,3.035165759,-9,-8.3,1.3882,348.1698593
O=C1NC(=O)C(c2ccccc2)=C1Nc1cc(Cl)c(O)c(Cl)c1,0.587526714,2.35591934,-8,-8.2,3.1786,348.0068475
COc1ccc(C2CN(c3nc(-c4ccccn4)cc(=O)n3C)CCN2)cc1,0.749868803,2.918746513,-8.8,-8.3,2.0018,377.185175
COCCN1CCC(CNC(=O)c2n[nH]c3ccc(-c4ccccc4)cc23)CC1,0.647153718,2.235827093,-8.8,-8.6,3.3181,392.2212261
O=C1NC(=O)C(c2ccccc2)=C1Nc1cc(Cl)c(O)c(Cl)c1,0.587526714,2.35591934,-8.1,-8.2,3.1786,348.0068475
CSc1ccc(NC2=C(c3ccccc3)C(=O)NC2=O)cc1,0.673281968,2.198439841,-7.8,-7.7,2.8881,310.0775987
O=C1NC(=O)C(c2ccccc2)=C1Nc1cc(Cl)c(O)c(Cl)c1,0.587526714,2.35591934,-7.9,-8.2,3.1786,348.0068475
O=C(Cn1c(=O)ccc2ccccc21)Nc1scc(Br)c1-c1ncn[nH]1,0.520068719,2.743682413,-9,-8.7,3.2493,428.9895077
Cn1cc(C2=C(c3cn(CCCN)c4ccccc34)C(=O)NC2=O)c2ccccc21,0.507118813,2.5563955,-8.8,-8,3.049,398.1742759
O=C(NCCc1ccccc1)c1ccnc2nc(-c3ccc(F)cc3)[nH]c12,0.56956738,2.129749331,-9.1,-8.1,3.7365,360.1386394
c1ccc(-c2ccc(CSc3nnc(-c4ccc5c(c4)OCCO5)o3)cc2)cc1,0.412852211,2.143259086,-9.3,-9.2,5.4671,402.1038134
CS(=O)(=O)Nc1ccc(CCNC(=O)c2ccnc3cc(-c4ccccc4)[nH]c23)cc1,0.413558828,2.346677774,-9.2,-8.5,3.5739,434.1412616
CSc1nc(-c2ccc(F)cc2)c(C2=CC=NC(Nc3ccc(NC(=O)c4ccc(N5CCOCC5)cc4)cc3)=NC=C2)n1C,0.229326086,3.233534458,-9.8,-9.9,6.4866,621.2322225
FC(F)(F)c1ccc(CSc2nnc(-c3ccc4c(c3)OCCO4)o2)cc1,0.591670595,2.306264423,-8.9,-8.3,4.8189,394.0598979
CN(C)CCCn1cc(C2=C(c3cn(C)c4ccccc34)C(=O)NC2=O)c2ccccc21,0.478990335,2.579171886,-9,-7.9,3.6519,426.2055761
O=C(O)c1ccc(CN2CCC(CNC(=O)c3n[nH]c4ccc(-c5ccccc5)cc34)CC2)o1,0.3834196,2.45819368,-9.9,-9.5,4.1631,458.1954053
COCCN1CCC(CNC(=O)c2n[nH]c3ccc(-c4ccccc4)cc23)CC1,0.647153718,2.235827093,-8.8,-8.7,3.3181,392.2212261
O=C1NC(=O)C(c2ccccc2)=C1Nc1cc(Cl)c(O)c(Cl)c1,0.587526714,2.35591934,-7.9,-8.2,3.1786,348.0068475
Cn1cc(C2=C(c3cn(CCCN4CCOCC4)c4ccccc34)C(=O)NC2=O)c2cccc(F)c21,0.423446921,2.812168352,-9.7,-8.7,3.5616,486.2067189
COCCN1CCC(CNC(=O)c2n[nH]c3ccc(-c4ccccc4)cc23)CC1,0.647153718,2.235827093,-8.8,-8.6,3.3181,392.2212261
O=C1NC(=O)C(c2ccccc2)=C1Nc1cc(Cl)c(O)c(Cl)c1,0.587526714,2.35591934,-7.9,-8.2,3.1786,348.0068475
CSc1nc(-c2ccccc2)c(-c2ccnc(NC(=O)C3CC3)c2)[nH]1,0.676359731,2.332860852,-8.5,-8.1,4.2091,350.1201322
CN(C)CCCn1cc(C2=C(c3cn(C)c4ccccc34)C(=O)NC2=O)c2ccccc21,0.478990335,2.579171886,-8.9,-8.1,3.6519,426.2055761
O=C(Nc1cc(-c2ccnc(Nc3ccccc3)c2)ccn1)C1CC1,0.73426779,2.063729845,-8.6,-8.2,4.2357,330.1480612
O=C1NC(=O)C(c2ccc(Cl)cc2)=C1Nc1cc(Cl)c(O)c(Cl)c1,0.555832498,2.415146091,-8.1,-8,3.832,381.9678752
Cc1nc(C)n(-c2ccc(Nc3nccc(-c4ccc5c(c4)C(=O)NCC5)n3)cc2)n1,0.534366217,2.607599088,-10.1,-9.7,3.37064,411.1807583
O=C(O)CN1CCC(CNC(=O)c2n[nH]c3ccc(-c4cncc(F)c4F)cc23)CC1,0.555093406,2.689537095,-9.4,-8.8,2.4295,429.161246
COCCN1CCC(CNC(=O)c2n[nH]c3ccc(-c4ccccc4)cc23)CC1,0.647153718,2.235827093,-8.8,-8.6,3.3181,392.2212261
COCCN1CCC(CNC(=O)c2n[nH]c3ccc(-c4ccccc4)cc23)CC1,0.647153718,2.235827093,-8.8,-8.7,3.3181,392.2212261
COCCN1CCC(CNC(=O)c2n[nH]c3ccc(-c4ccccc4)cc23)CC1,0.647153718,2.235827093,-8.8,-8.5,3.3181,392.2212261
CSc1ccc(NC2=C(c3ccccc3)C(=O)NC2=O)cc1,0.673281968,2.198439841,-7.8,-7.7,2.8881,310.0775987
O=C(O)CN1CCC(CNC(=O)c2n[nH]c3ccc(-c4cccc(F)c4F)cc23)CC1,0.560711128,2.45747241,-9.2,-9.2,3.0345,428.165997
c1ccc(-c2ccc(CSc3nnc(-c4ccc5c(c4)OCCO5)o3)cc2)cc1,0.412852211,2.143259086,-9.4,-9,5.4671,402.1038134
FC(F)(F)c1ccc(Nc2nccc(-c3cnn4ncccc34)n2)cc1,0.60200208,2.53456672,-9.3,-8.6,3.9487,356.099729
O=C(O)CN1CCC(CNC(=O)c2n[nH]c3ccc(-c4ccccc4)cc23)CC1,0.599180564,2.23850613,-9.1,-8.8,2.7563,392.1848406
CSc1ccc(NC2=C(c3ccccc3)C(=O)NC2=O)cc1,0.673281968,2.198439841,-7.9,-7.7,2.8881,310.0775987
O=C1NC(=O)C(c2ccccc2)=C1Nc1cc(Cl)c(O)c(Cl)c1,0.587526714,2.35591934,-7.9,-8.2,3.1786,348.0068475
Cn1cc(C2=C(c3cn(CCCN4CCOCC4)c4ccccc34)C(=O)NC2=O)c2cccc(F)c21,0.423446921,2.812168352,-9.7,-9.1,3.5616,486.2067189
O=C(Nc1cc(-c2ccnc(Nc3ccccc3)c2)ccn1)C1CCC1,0.708245906,2.088978275,-9,-8.2,4.6258,344.1637113
c1ccc(-c2ccc(CSc3nnc(-c4ccc5c(c4)OCCO5)o3)cc2)cc1,0.412852211,2.143259086,-9.4,-9,5.4671,402.1038134
c1ccc(-c2ccc(CSc3nnc(-c4ccc5c(c4)OCCO5)o3)cc2)cc1,0.412852211,2.143259086,-9.4,-9.1,5.4671,402.1038134
CSc1nc(-c2ccc(F)cc2)c(-c2ccnc(NC(=O)C3CC3)c2)[nH]1,0.657070904,2.39643739,-9,-7.8,4.3482,368.1107104
CC(C)n1c(=O)ccc2cnc(NC(=O)C3CCC3)nc21,0.937126197,2.420827175,-7.6,-7.3,2.111,286.1429758
CSc1nc(-c2ccc(F)cc2)c(C2=CC=NC(Nc3ccc(NC(=O)c4ccccc4)cc3)=NC=C2)n1C,0.270377279,3.058869093,-10.1,-9.1,6.65,536.1794586
c1ccc(-c2ccc(CSc3nnc(-c4ccc5c(c4)OCCO5)o3)cc2)cc1,0.412852211,2.143259086,-9.5,-8.1,5.4671,402.1038134
COCCN1CCC(CNC(=O)c2n[nH]c3ccc(-c4ccccc4)cc23)CC1,0.647153718,2.235827093,-8.8,-8.6,3.3181,392.2212261
N#Cc1ccc(-c2ccc(CSc3nnc(-c4ccc5c(c4)OCCO5)o3)cc2)cc1,0.397746084,2.328630459,-9.4,-9.6,5.33878,427.0990624
Cn1c(N2CCNC(c3ccc(Br)cc3)C2)nc(-c2ccccc2)cc1=O,0.699528014,2.810449743,-9.3,-8.5,3.3607,424.0898734
Cn1cc(C2=C(c3cn(C)c4c(F)cccc34)C(=O)NC2=O)c2ccccc21,0.54790134,2.628073952,-8.9,-8,3.3763,373.122655
Cn1cc(C2=C(c3cn(C)c4ccccc34)C(=O)NC2=O)c2ccccc21,0.561396223,2.41960808,-9,-8.3,3.2372,355.1320768
O=C(Nc1n[nH]c2cc(-c3ccccc3)ccc12)C1CC1,0.768445346,1.975895071,-8.1,-7.7,3.5784,277.1215121
O=C(NCC1CCN(CCc2ccccc2)CC1)c1n[nH]c2ccc(-c3ccccc3)cc12,0.430796333,2.204799287,-8.7,-9.1,4.9144,438.2419616
c1ccc(-c2ccc(CSc3nnc(-c4ccc5c(c4)OCCO5)o3)cc2)cc1,0.412852211,2.143259086,-9.4,-8.5,5.4671,402.1038134
CN(C)CCCn1cc(C2=C(c3cccc4ccccc34)C(=O)NC2=O)c2ccccc21,0.470295516,2.435693515,-9.3,-8.6,4.3134,423.194677
Cn1cc(C2=C(c3cn(C)c4ccccc34)C(=O)NC2=O)c2ccccc21,0.561396223,2.41960808,-9,-8.3,3.2372,355.1320768
c1ccc(-c2ccc(CSc3nnc(-c4ccc5c(c4)OCCO5)o3)cc2)cc1,0.412852211,2.143259086,-9.4,-9.2,5.4671,402.1038134
O=C1NC(=O)C(c2ccccc2)=C1Nc1cc(Cl)c(O)c(Cl)c1,0.587526714,2.35591934,-7.9,-8.1,3.1786,348.0068475
FC(F)(F)c1cccc(Nc2nccc(-c3cnn4ncccc34)n2)c1,0.60200208,2.563619643,-9,-8.5,3.9487,356.099729
O=C(NC1COC1)c1cc(-n2ncc3cnc(Nc4ccc(Cl)c(Cl)c4)nc32)cs1,0.465848065,2.863685124,-9.3,-8.3,4.056,460.0276
O=C(O)c1ccc(-c2c[nH]c3cc(-c4ccccc4)ccc23)cc1,0.545938783,1.827033463,-9,-9.2,5.2001,313.1102787
O=C(Nc1n[nH]c2ccc(-c3ccccn3)cc12)C1CC1,0.773390379,2.163185865,-8.6,-8,2.9734,278.1167611
O=C(Nc1n[nH]c2ccc(-c3ccccn3)cc12)C1CC1,0.773390379,2.163185865,-8.5,-7.6,2.9734,278.1167611
Cn1cc(C2=C(c3cn(C)c4ccc(F)cc34)C(=O)NC2=O)c2ccccc21,0.54790134,2.523987681,-9.1,-8.6,3.3763,373.122655
COCCN1CCC(CNC(=O)c2n[nH]c3ccc(-c4ccccc4)cc23)CC1,0.647153718,2.235827093,-8.8,-8.6,3.3181,392.2212261
O=C1NC(=O)C(c2ccccc2)=C1Nc1cc(Cl)c(O)c(Cl)c1,0.587526714,2.35591934,-8.1,-8.2,3.1786,348.0068475
O=C(NCCc1ccccc1)c1ccnc2nc(-c3ccc(F)cc3)[nH]c12,0.56956738,2.129749331,-9.2,-8.1,3.7365,360.1386394
COCCN1CCC(CNC(=O)c2n[nH]c3ccc(-c4ccccc4)cc23)CC1,0.647153718,2.235827093,-8.8,-8.6,3.3181,392.2212261
Cn1cc(C2=C(c3cn(C)c4c(Cl)cccc34)C(=O)NC2=O)c2ccccc21,0.528652014,2.588183007,-8.9,-9.2,3.8906,389.0931044
COCCN1CCC(CNC(=O)c2n[nH]c3ccc(-c4ccccc4)cc23)CC1,0.647153718,2.235827093,-8.8,-8.6,3.3181,392.2212261
CN(C)CCCn1cc(C2=C(c3cn(C)c4ccccc34)C(=O)NC2=O)c2ccccc21,0.478990335,2.579171886,-9,-8,3.6519,426.2055761
O=C1NC(=O)C(c2ccccc2)=C1Nc1cc(Cl)c(O)c(Cl)c1,0.587526714,2.35591934,-7.9,-8.1,3.1786,348.0068475
N#Cc1ccccc1-c1ccc(CSc2ccc(-c3ccc4c(c3)OCC4)o2)cc1,0.343598142,2.510143177,-9.6,-8.2,6.71248,409.1136498
O=C1NC(=O)C(c2ccccc2)=C1Nc1cc(Cl)c(O)c(Cl)c1,0.587526714,2.35591934,-7.9,-8.1,3.1786,348.0068475
O=C1NC(=O)C(c2ccccc2)=C1Nc1cc(Cl)c(O)c(Cl)c1,0.587526714,2.35591934,-7.9,-8.1,3.1786,348.0068475
CN(C)CCCn1cc(C2=C(c3cn(CCCn4ccnc4)c4ccccc34)C(=O)NC2=O)c2ccccc21,0.277054131,2.873165212,-8.6,-8.2,4.4017,520.2586743
O=C(O)CN1CCC(CNC(=O)c2n[nH]c3ccc(-c4ccccc4)cc23)CC1,0.599180564,2.23850613,-9.2,-8.9,2.7563,392.1848406
Cn1cc(C2=C(c3cn(CCCN)c4ccccc34)C(=O)NC2=O)c2ccccc21,0.507118813,2.5563955,-8.8,-8.1,3.049,398.1742759
N#Cc1ccccc1-c1ccc(CSc2ccc(-c3ccc4c(c3)OCC4)o2)cc1,0.343598142,2.510143177,-9.6,-8.2,6.71248,409.1136498
O=C(Nc1n[nH]c2nc(-c3ccccc3)ccc12)C1CC1,0.773390379,2.158875398,-8.4,-7.5,2.9734,278.1167611
CSc1nc(-c2ccc(F)cc2)c(C2=CC=NC(Nc3ccc(NC(=O)c4ccccc4)cc3)=NC=C2)n1C,0.270377279,3.058869093,-9.9,-9.5,6.65,536.1794586
c1ccc(-c2ccc(CSc3nnc(-c4ccc5c(c4)OCCO5)o3)cc2)cc1,0.412852211,2.143259086,-9.4,-9,5.4671,402.1038134
CSc1nc(-c2ccc(F)cc2)c(C2=CC=NC(Nc3ccc(NC(=O)c4ccc(N5CCOCC5)cc4)cc3)=NC=C2)n1C,0.229326086,3.233534458,-9.8,-9.3,6.4866,621.2322225
O=C(Nc1n[nH]c2cc(-c3ccccc3)ccc12)C1CC1,0.768445346,1.975895071,-8.4,-7.7,3.5784,277.1215121
CSc1nc(-c2ccc(F)cc2)c(-c2ccnc(NC3CCCC3)c2)[nH]1,0.595830443,2.449623214,-8.5,-7.9,5.3542,368.1470959
O=C(Nc1n[nH]c2ncc(-c3ccccc3)cc12)C1CC1,0.773390379,2.155164175,-8.5,-7.8,2.9734,278.1167611
N#Cc1csc(NC(=O)Cc2cccc(Cl)c2)c1-c1ncn[nH]1,0.759850448,2.720743269,-8,-8.1,3.23948,343.0294586
Cn1cc(C2=C(c3cn(CCCN4CCOCC4)c4ccccc34)C(=O)NC2=O)c2ccccc21,0.440541409,2.644305013,-9.7,-9,3.4225,468.2161408
CSc1nc(-c2ccc(F)cc2)c(-c2ccnc(NC3CCCC3)c2)[nH]1,0.595830443,2.449623214,-8.9,-8,5.3542,368.1470959
O=C1NC(=O)C(c2ccccc2)=C1Nc1cccc(C(=O)O)c1,0.749380567,2.107175749,-8.5,-8.4,1.8644,308.0797069
c1cnn2ncc(-c3ccnc(Nc4ccc(-n5cnc(N6CCOCC6)n5)cc4)n3)c2c1,0.440078572,2.898664822,-9.8,-9.3,2.3472,440.1821553
O=C(O)c1ccc(CN2CCC(CNC(=O)c3n[nH]c4ccc(-c5ccccc5)cc34)CC2)o1,0.3834196,2.45819368,-9.9,-9.5,4.1631,458.1954053
COc1ccc(CCNC(=O)c2ccnc3nc(-c4ccc(F)cc4)[nH]c23)cc1,0.525565473,2.191780306,-8.3,-8.6,3.7451,390.1492041
CCCC(=O)Nc1n[nH]c2ccc(-c3ccccn3)cc12,0.769418044,2.166620165,-8,-7.6,3.3635,280.1324111
CN(C)CCCn1cc(C2=C(c3cn(CCCN4CCOCC4)c4ccccc34)C(=O)NC2=O)c2ccccc21,0.310314121,2.81384747,-8.9,-7.6,3.8372,539.28964
CCCN1CCC(CNC(=O)c2n[nH]c3ccc(-c4cnccc4C)cc23)CC1,0.670523018,2.466082504,-9.1,-8.5,3.78512,391.2372105
CN(C)CCCn1cc(C2=C(c3cn4c5c(cccc35)CNCC4)C(=O)NC2=O)c2ccccc21,0.427419715,2.956643842,-9.4,-8,3.2181,467.2321252
O=C(Nc1n[nH]c2ccc(-c3ccccn3)cc12)C1CC1,0.773390379,2.163185865,-8.6,-7.6,2.9734,278.1167611
O=C(Nc1n[nH]c2ccc(-c3ccccn3)cc12)C1CC1,0.773390379,2.163185865,-8.7,-8.1,2.9734,278.1167611
COCCN1CCC(CNC(=O)c2n[nH]c3ccc(-c4ccccc4)cc23)CC1,0.647153718,2.235827093,-8.8,-8.6,3.3181,392.2212261
O=C(O)CN1CCC(CNC(=O)c2n[nH]c3ccc(-c4ccccc4)cc23)CC1,0.599180564,2.23850613,-9.2,-9.1,2.7563,392.1848406
Cn1cc(C2=C(c3cn(C)c4ccccc34)C(=O)NC2=O)c2ccccc21,0.561396223,2.41960808,-9,-8.3,3.2372,355.1320768
c1ccc(-c2ccc(CSc3nnc(-c4ccc5c(c4)OCCO5)o3)cc2)cc1,0.412852211,2.143259086,-9.5,-8.3,5.4671,402.1038134
CN(C)CCCn1cc(C2=C(c3cccc4ccccc34)C(=O)NC2=O)c2ccccc21,0.470295516,2.435693515,-9.6,-8.3,4.3134,423.194677
O=C(Nc1n[nH]c2nc(-c3ccccc3)ccc12)C1CC1,0.773390379,2.158875398,-8.3,-7.5,2.9734,278.1167611
O=C(NCCc1ccccc1)c1ccnc2[nH]c(-c3ccc(F)cc3)nc12,0.56956738,2.128513693,-9.2,-8,3.7365,360.1386394
N#Cc1ccc(-c2ccc(CSc3nnc(-c4ccc5c(c4)OCCO5)o3)cc2)cc1,0.397746084,2.328630459,-9.4,-9.3,5.33878,427.0990624
O=C1NC(=O)C(c2ccccc2)=C1Nc1cc(Cl)c(O)c(Cl)c1,0.587526714,2.35591934,-7.9,-8.2,3.1786,348.0068475
Cc1nc(C)n(-c2ccc(Nc3nccc(-c4ccc5c(c4)C(=O)NCC5)n3)cc2)n1,0.534366217,2.607599088,-10.2,-9.6,3.37064,411.1807583
COc1cccc(-c2ccc3[nH]nc(NC(=O)C4CC4)c3c2)c1,0.773810826,2.069143269,-8.8,-8,3.587,307.1320768
O=C(O)CN1CCC(CNC(=O)c2n[nH]c3cc(-c4ccccc4)[nH]c23)CC1,0.521994958,2.61127934,-8.9,-8.6,2.0844,381.1800896
Cn1c(N2CCNC(c3ccc(F)cc3)C2)nc(-c2ccccc2)cc1=O,0.776466779,2.767418382,-9.7,-8.7,2.7373,364.1699395
O=C1NC(=O)C(c2ccccc2)=C1Nc1cc(Cl)c(O)c(Cl)c1,0.587526714,2.35591934,-8.1,-8.2,3.1786,348.0068475
O=C1NCCc2ccc(-c3ccnc(Nc4ccc(-n5cnc(N6CCOCC6)n5)cc4)n3)cc21,0.460008217,2.796565246,-10.6,-10.1,2.5904,468.202222
COCCN1CCC(CNC(=O)c2n[nH]c3ccc(-c4ccccc4)cc23)CC1,0.647153718,2.235827093,-8.8,-8.6,3.3181,392.2212261
CN(C)CCCn1nc(C2=C(c3cn(C)c4ccccc34)C(=O)NC2=O)c2ccccc21,0.480310879,2.650841709,-9.4,-7.9,3.0469,427.200825
O=C1NC(=O)C(c2ccccc2)=C1Nc1cc(Cl)c(O)c(Cl)c1,0.587526714,2.35591934,-7.9,-8.2,3.1786,348.0068475
N#Cc1ccc(-c2ccc(CSc3nnc(-c4ccc5c(c4)OCCO5)o3)cc2)cc1,0.397746084,2.328630459,-9.4,-9.5,5.33878,427.0990624
CS(=O)(=O)Nc1ccc(CCNC(=O)c2ccnc3[nH]c(-c4ccccc4)cc23)cc1,0.413558828,2.274450635,-9.1,-8.6,3.5739,434.1412616
Cn1cc(C2=C(c3cn(CCCN4CCOCC4)c4ccccc34)C(=O)NC2=O)c2cc(F)ccc21,0.423446921,2.73310282,-9.8,-8.6,3.5616,486.2067189
O=C1NC(=O)C(c2ccccc2)=C1Nc1cc(Cl)c(O)c(Cl)c1,0.587526714,2.35591934,-7.9,-8.2,3.1786,348.0068475
CN(C)CCCn1cc(C2=C(c3cn(C)c4ccccc34)C(=O)NC2=O)c2ccccc21,0.478990335,2.579171886,-8.9,-8.1,3.6519,426.2055761
COCCN1CCC(CNC(=O)c2n[nH]c3ccc(-c4ccccc4)cc23)CC1,0.647153718,2.235827093,-8.8,-8.6,3.3181,392.2212261
Cn1c(N2CCNC(c3ccc(F)cc3)C2)nc(-c2ccncc2)cc1=O,0.770469732,2.93868998,-9.5,-8.6,2.1323,365.1651885
N#Cc1ccc(-c2ccc(CSc3nnc(-c4ccc5c(c4)OCCO5)o3)cc2)cc1,0.397746084,2.328630459,-9.5,-9.6,5.33878,427.0990624
Cn1cc(C2=C(c3cn(CCCN4CCOCC4)c4ccccc34)C(=O)NC2=O)c2ccccc21,0.440541409,2.644305013,-9.7,-8.1,3.4225,468.2161408
c1ccc(-c2ccc(CSc3nnc(-c4ccc5c(c4)OCCO5)o3)cc2)cc1,0.412852211,2.143259086,-9.4,-9,5.4671,402.1038134
CS(=O)(=O)Nc1ccc(CCNC(=O)c2ccnc3[nH]c(-c4ccccc4)cc23)cc1,0.413558828,2.274450635,-8.5,-8.6,3.5739,434.1412616
O=C(Nc1n[nH]c2ncc(-c3ccccc3)cc12)C1CC1,0.773390379,2.155164175,-8.5,-7.9,2.9734,278.1167611
O=C(O)c1ccc(-c2coc3ccc(-c4ccccc4)cc23)cc1,0.545631196,1.840205112,-9.5,-9,5.465,314.0942943
O=C1NC(=O)C(c2ccccc2)=C1Nc1cc(Cl)c(O)c(Cl)c1,0.587526714,2.35591934,-7.9,-8.1,3.1786,348.0068475
CN(C)CCCn1cc(C2=C(c3cn(C)c4ccccc34)C(=O)NC2=O)c2ccccc21,0.478990335,2.579171886,-9,-8.1,3.6519,426.2055761
O=C1NC(=O)C(c2ccccc2)=C1Nc1cc(Cl)c(O)c(Cl)c1,0.587526714,2.35591934,-8.1,-8.2,3.1786,348.0068475
Cc1ccc2c(-c3ccnc(Nc4cccc(C(F)(F)F)c4)c3)cnn2n1,0.560209332,2.609681606,-9.2,-9.2,4.86212,369.1201301
c1ccc(-c2ccc(CSc3nnc(-c4ccc5c(c4)OCCO5)o3)cc2)cc1,0.412852211,2.143259086,-9.4,-9.1,5.4671,402.1038134
O=C(Nc1n[nH]c2ccc(-c3ccccn3)cc12)C1CC1,0.773390379,2.163185865,-8.6,-7.5,2.9734,278.1167611
O=C1NC(=O)C(c2cn3c4c(cccc24)CN(C(=O)N2CCCCC2)CC3)=C1c1cn2c3c(cccc13)CNCC2,0.374092968,3.244149264,-11.9,-7.8,3.6879,548.2535889
O=C(Nc1n[nH]c2ccc(-c3ccccc3)cc12)C1CC1,0.768445346,1.963749043,-8.5,-8.3,3.5784,277.1215121
O=C(O)c1ccc(CN2CCC(CNC(=O)c3n[nH]c4ccc(-c5ccccc5)cc34)CC2)o1,0.3834196,2.45819368,-9.8,-9.4,4.1631,458.1954053
CN(C)CCCn1cc(C2=C(c3cn(C)c4ccccc34)C(=O)NC2=O)c2ccccc21,0.478990335,2.579171886,-9,-8.1,3.6519,426.2055761
c1ccc(-c2nn3ncccc3c2-c2ccnc(Nc3ccc(N4CCOCC4)cc3)n2)cc1,0.42502104,2.541136749,-9.5,-8.8,4.4335,449.1964084
O=C(Cn1c(=O)ccc2ccc(C(F)(F)F)cc21)Nc1scc(Br)c1-c1ncn[nH]1,0.439904994,2.934486121,-9.3,-9,4.2681,496.9768924
CN(C)CCCn1cc(C2=C(c3cn(C)c4ccccc34)C(=O)NC2=O)c2ccccc21,0.478990335,2.579171886,-8.9,-7.5,3.6519,426.2055761
O=C(Nc1n[nH]c2nc(-c3ccc(Cl)cc3)ccc12)C1CC1,0.775545072,2.223349731,-8.1,-7.6,3.6268,312.0777887
Cn1cc(C2=C(c3cn(C)c4cc(Cl)c(F)cc34)C(=O)NC2=O)c2ccccc21,0.509959922,2.653309366,-9.1,-8.2,4.0297,407.0836826
CN(C)CCCn1cc(C2=C(c3cn(C)c4ccccc34)C(=O)NC2=O)c2ccccc21,0.478990335,2.579171886,-8.8,-8,3.6519,426.2055761
O=C1NC(=O)C(c2ccccc2)=C1Nc1cc(Cl)c(O)c(Cl)c1,0.587526714,2.35591934,-8,-8.1,3.1786,348.0068475
Cc1ccc2c(-c3ccnc(Nc4ccc(Cl)c(Cl)c4)n3)cnn2n1,0.572506864,2.559103159,-9.1,-8.1,4.54512,370.0500497
O=C1Nc2ccccc2NC1=C1C(=O)Nc2ccccc21,0.647589488,2.360171237,-9.4,-9.2,2.414,277.0851266
O=C(Nc1n[nH]c2ccc(-c3ccccn3)cc12)C1CC1,0.773390379,2.163185865,-8.6,-8,2.9734,278.1167611
O=C1NC(=O)C(c2ccccc2)=C1Nc1cc(Cl)c(O)c(Cl)c1,0.587526714,2.35591934,-7.9,-8.2,3.1786,348.0068475
CN(C)CCCn1cc(C2=C(c3coc4cc(C(F)(F)F)ccc34)C(=O)NC2=O)c2ccccc21,0.397025503,2.822324581,-9.8,-7.8,4.9252,481.1613262
FC(F)(F)c1ccc(Nc2nccc(-c3cnn4ncccc34)n2)cc1,0.60200208,2.53456672,-9.2,-8.6,3.9487,356.099729
CSc1ccc(NC2=C(c3ccccc3)C(=O)NC2=O)cc1,0.673281968,2.198439841,-7.9,-7.7,2.8881,310.0775987
Cn1c(N2CCNC(c3ccc(F)cc3)C2)nc(-c2ccccc2)cc1=O,0.776466779,2.767418382,-9.7,-8.7,2.7373,364.1699395
O=C(O)CN1CCC(CNC(=O)c2n[nH]c3ccc(-c4ccccc4)cc23)CC1,0.599180564,2.23850613,-9.3,-8.9,2.7563,392.1848406
O=C1NCCc2ccc(-c3ccnc(NC(=O)C4CC4)c3)cc21,0.91433317,2.302667046,-8.8,-8.5,2.383,307.1320768
O=C(O)CN1CCC(CNC(=O)c2n[nH]c3ccc(-c4ccccc4)cc23)CC1,0.599180564,2.23850613,-9.3,-9.2,2.7563,392.1848406
O=C(O)CN1CCC(CNC(=O)c2n[nH]c3ccc(-c4ccccc4)cc23)CC1,0.599180564,2.23850613,-9.1,-9,2.7563,392.1848406
CS(=O)(=O)Nc1ccc(CCNC(=O)c2ccnc3[nH]c(-c4ccccc4)cc23)cc1,0.413558828,2.274450635,-8.6,-8.6,3.5739,434.1412616
CN(C)CCCn1cc(C2=C(c3cn(CCCN4CCOCC4)c4ccccc34)C(=O)NC2=O)c2ccccc21,0.310314121,2.81384747,-8.9,-8.1,3.8372,539.28964
Cc1nc(C)n(-c2ccc(Nc3cc(-c4ccnc(NC(=O)C5CC5)c4)ccn3)cc2)n1,0.474169075,2.50767696,-9.4,-9.1,4.43324,425.1964084
O=C(O)CN1CCC(CNC(=O)c2n[nH]c3ccc(-c4ccccc4)cc23)CC1,0.599180564,2.23850613,-9.2,-9.3,2.7563,392.1848406
COC1CCC(C(=O)Nc2cc(-c3ccccc3)ccn2)CC1,0.93172698,2.028245169,-8.2,-8.5,3.8923,310.1681279
CSc1ccc(NC2=C(c3ccccc3)C(=O)NC2=O)cc1,0.673281968,2.198439841,-7.9,-7.7,2.8881,310.0775987
COCCN1CCC(CNC(=O)c2n[nH]c3ccc(-c4ccccc4)cc23)CC1,0.647153718,2.235827093,-8.8,-8.5,3.3181,392.2212261
O=C(Nc1ccc(Nc2nccc(-c3ccccc3)n2)cc1)c1ccccc1,0.513166651,1.754332104,-9.5,-9,5.1395,366.1480612
COCCN1CCC(CNC(=O)c2n[nH]c3ccc(-c4ccccc4)cc23)CC1,0.647153718,2.235827093,-8.8,-8.6,3.3181,392.2212261
c1ccc(-c2ccc(CSc3nnc(-c4ccc5c(c4)OCCO5)o3)cc2)cc1,0.412852211,2.143259086,-9.4,-9,5.4671,402.1038134
O=C(Nc1n[nH]c2ncc(-c3ccccc3)cc12)C1CC1,0.773390379,2.155164175,-8.5,-7.9,2.9734,278.1167611
O=C1NC(=O)C(c2ccccc2)=C1Nc1cc(Cl)c(O)c(Cl)c1,0.587526714,2.35591934,-7.9,-8.2,3.1786,348.0068475
CCCC(=O)Nc1n[nH]c2cc(-c3ccccc3)ccc12,0.758874824,1.979329371,-7.9,-7.6,3.9685,279.1371622
N#Cc1ccccc1-c1ccc(CSc2ccc(-c3ccc4c(c3)OCCO4)o2)cc1,0.339470238,2.458588653,-9.7,-9.5,6.54878,425.1085645
CSc1ccc(NC2=C(c3ccccc3)C(=O)NC2=O)cc1,0.673281968,2.198439841,-7.9,-7.7,2.8881,310.0775987
CSc1ccc(NC2=C(c3ccccc3)C(=O)NC2=O)cc1,0.673281968,2.198439841,-7.7,-7.7,2.8881,310.0775987
O=C1NC(=O)C(c2ccccc2)=C1Nc1cc(Cl)c(O)c(Cl)c1,0.587526714,2.35591934,-7.9,-8.2,3.1786,348.0068475
Cn1c(N2CCNC(c3ccccc3)C2)nc(-c2ccncn2)cc1=O,0.77082762,3.035165759,-9,-8.4,1.3882,348.1698593
COCCN1CCC(CNC(=O)c2n[nH]c3ccc(-c4ccccc4)cc23)CC1,0.647153718,2.235827093,-8.8,-8.5,3.3181,392.2212261
CSc1nc(-c2ccc(F)cc2)c(C2=CC=NC(Nc3ccc(NC(=O)c4ccccc4)cc3)=NC=C2)n1C,0.270377279,3.058869093,-10.2,-9,6.65,536.1794586
O=C(Nc1n[nH]c2ccc(-c3ccccn3)cc12)C1CC1,0.773390379,2.163185865,-8.7,-8.1,2.9734,278.1167611
c1ccc(Nc2nccc(-c3cnn4ncccc34)n2)cc1,0.627484971,2.364224756,-8.2,-8.3,2.9299,288.1123444
O=C1NC(=O)C(c2ccccc2)=C1Nc1cc(Cl)c(O)c(Cl)c1,0.587526714,2.35591934,-7.9,-8.2,3.1786,348.0068475
O=C1NC(=O)C(c2ccccc2)=C1Nc1cc(Cl)c(O)c(Cl)c1,0.587526714,2.35591934,-7.9,-8.2,3.1786,348.0068475
CSc1nc(-c2ccccc2)c(-c2ccnc(NC(=O)C3CC3)c2)[nH]1,0.676359731,2.332860852,-8.5,-7.8,4.2091,350.1201322
O=C1NCCc2ccc(-c3ccnc(Nc4ccc(N5CCOCC5)cc4)n3)cc21,0.699725769,2.419366859,-9.5,-9.4,3.0097,401.185175
COCCN1CCC(CNC(=O)c2n[nH]c3cc(-c4ccccc4)ccc23)CC1,0.647153718,2.240086822,-8.4,-8.4,3.3181,392.2212261
c1ccc(-c2ccc(CSc3nnc(-c4ccc5c(c4)OCCO5)o3)cc2)cc1,0.412852211,2.143259086,-9.4,-9.2,5.4671,402.1038134
COCCN1CCC(CNC(=O)c2n[nH]c3ccc(-c4ccccc4)cc23)CC1,0.647153718,2.235827093,-8.8,-8.6,3.3181,392.2212261
O=C(Nc1n[nH]c2ccc(-c3ccccn3)cc12)C1CC1,0.773390379,2.163185865,-8.6,-8.1,2.9734,278.1167611
NS(=O)(=O)c1ccc(-c2ccc3c(c2)C(=O)NCC3)cc1,0.87560923,2.111736189,-8.5,-8.4,1.2869,302.0725133
O=C(Nc1n[nH]c2cc(-c3ccccc3)ccc12)C1CC1,0.768445346,1.975895071,-8.1,-7.7,3.5784,277.1215121
Cn1cc(C2=C(c3cn(CCCN4CCOCC4)c4ccccc34)C(=O)NC2=O)c2ccccc21,0.440541409,2.644305013,-9.6,-8,3.4225,468.2161408
CN(C)CCCn1cc(C2=C(c3cn(CCCn4ccnc4)c4ccccc34)C(=O)NC2=O)c2ccccc21,0.277054131,2.873165212,-8.6,-8.2,4.4017,520.2586743
O=C1NC(=O)C(c2ccccc2)=C1Nc1cc(Cl)c(O)c(Cl)c1,0.587526714,2.35591934,-7.9,-8.2,3.1786,348.0068475
O=C1NCCc2ccc(-c3ccnc(NC(=O)C4CC4)c3)cc21,0.91433317,2.302667046,-8.8,-8.5,2.383,307.1320768
CSc1ccc(NC2=C(c3ccccc3)C(=O)NC2=O)cc1,0.673281968,2.198439841,-7.9,-7.7,2.8881,310.0775987
O=C(O)CN1CCC(CNC(=O)c2n[nH]c3ccc(-c4cccc(F)c4F)cc23)CC1,0.560711128,2.45747241,-9.3,-9.2,3.0345,428.165997
Cn1ccc(-c2ccnc(Nc3cccc(C(F)(F)F)c3)c2)n1,0.785065109,2.283799418,-8.3,-7.9,4.2445,318.1092311
COCCN1CCC(CNC(=O)c2n[nH]c3ccc(-c4ccccc4)cc23)CC1,0.647153718,2.235827093,-8.8,-8.7,3.3181,392.2212261
O=C(Nc1n[nH]c2ncc(-c3ccccc3)cc12)C1CC1,0.773390379,2.155164175,-8.5,-8,2.9734,278.1167611
COCCN1CCC(CNC(=O)c2n[nH]c3ccc(-c4ccccc4)cc23)CC1,0.647153718,2.235827093,-8.8,-8.6,3.3181,392.2212261
NC1=NC(=O)C(=C2CCNC(=O)c3ccccc32)N1,0.568048282,2.858025867,-7.9,-7.7,-0.0243,256.0960256
O=C1NC(=O)C(c2ccccc2)=C1Nc1cc(Cl)c(O)c(Cl)c1,0.587526714,2.35591934,-7.9,-8.2,3.1786,348.0068475
CS(=O)(=O)Nc1ccc(CCNC(=O)c2ccnc3[nH]c(-c4ccccc4)cc23)cc1,0.413558828,2.274450635,-9.1,-8.7,3.5739,434.1412616
Cn1cc(C2=C(c3cn(C)c4ccccc34)C(=O)NC2=O)c2ccccc21,0.561396223,2.41960808,-9,-8.3,3.2372,355.1320768
O=C1NC(=O)C(c2ccccc2)=C1Nc1cc(Cl)c(O)c(Cl)c1,0.587526714,2.35591934,-7.9,-8.2,3.1786,348.0068475
c1ccc(-c2ccc(CSc3nnc(-c4ccc5c(c4)OCCO5)o3)cc2)cc1,0.412852211,2.143259086,-9.4,-9.1,5.4671,402.1038134
COc1ccc(CCNC(=O)c2n[nH]c3ccc(-c4cccc(F)c4)cc23)cc1,0.515202078,2.078525361,-8.6,-9.1,4.3501,389.1539551
CSc1nc(-c2ccc(F)cc2)c(-c2ccnc(NC3CCCC3)c2)n1C,0.602990476,2.493205252,-8.6,-8.1,5.3646,382.162746
O=C1NC(=O)C(c2ccccc2)=C1Nc1cc(Cl)c(O)c(Cl)c1,0.587526714,2.35591934,-7.9,-8.2,3.1786,348.0068475
c1ccc(-c2ccc(CSc3nnc(-c4ccc5c(c4)OCCO5)o3)cc2)cc1,0.412852211,2.143259086,-9.4,-9.2,5.4671,402.1038134
c1ccc(-c2ccc(CSc3nnc(-c4ccc5c(c4)OCCO5)o3)cc2)cc1,0.412852211,2.143259086,-9.4,-8.4,5.4671,402.1038134
Cn1cc(C2=C(c3cn4c5c(cccc35)CNCC4)C(=O)NC2=O)c2ccccc21,0.512223073,2.839866075,-9.5,-8.7,2.8034,396.1586259
O=C1NC(=O)C(c2coc3ccccc23)=C1c1ccccc1,0.737718885,2.207713261,-8.1,-8.1,3,289.0738932
COCCN1CCC(CNC(=O)c2n[nH]c3ccc(-c4ccccc4)cc23)CC1,0.647153718,2.235827093,-8.8,-8.6,3.3181,392.2212261
CSc1ccc(NC2=C(c3ccccc3)C(=O)NC2=O)cc1,0.673281968,2.198439841,-7.8,-7.7,2.8881,310.0775987
c1ccc(-c2ccc(CSc3nnc(-c4ccc5c(c4)OCCO5)o3)cc2)cc1,0.412852211,2.143259086,-9.4,-9.1,5.4671,402.1038134
CSc1ccc(NC2=C(c3ccccc3)C(=O)NC2=O)cc1,0.673281968,2.198439841,-7.8,-7.7,2.8881,310.0775987
CC(C)c1cccc(Nc2ncc(C(F)(F)F)c(Nc3ccccc3C(N)=O)n2)c1,0.514260263,2.357516294,-8.8,-8.5,5.2049,415.1619949
COCCN1CCC(CNC(=O)c2n[nH]c3ccc(-c4ccccc4)cc23)CC1,0.647153718,2.235827093,-8.8,-8.7,3.3181,392.2212261
CSc1ccc(NC2=C(c3cn(C)c4ccc(F)cc34)C(=O)NC2=O)cc1,0.536219136,2.581943776,-8.4,-7.8,3.5189,381.094726
O=C1NC(=O)C(c2ccccc2)=C1Nc1cc(Cl)c(O)c(Cl)c1,0.587526714,2.35591934,-7.9,-8.2,3.1786,348.0068475
CN(C)CCCn1cc(C2=C(c3cn(C)c4ccccc34)C(=O)NC2=O)c2ccccc21,0.478990335,2.579171886,-8.9,-8.2,3.6519,426.2055761
COC1CCC(NC(=O)c2n[nH]cc2NC(=O)c2cccc3ccccc23)CC1,0.619123237,2.57010668,-9.5,-8.6,3.5026,392.1848406
COc1ccc(-c2ccc3[nH]nc(C(=O)NCC4CCN(Cc5ccc(C(=O)O)o5)CC4)c3c2)cc1,0.34034651,2.514282997,-9.6,-8.9,4.1717,488.20597
COc1cccc2c(C3=C(c4cn(C)c5ccccc45)C(=O)NC3=O)cn(C)c12,0.550810938,2.576145034,-8.7,-8.1,3.2458,385.1426415
O=C(O)CN1CCC(CNC(=O)c2n[nH]c3ccc(-c4cccc(F)c4F)cc23)CC1,0.560711128,2.45747241,-9.4,-9.3,3.0345,428.165997
Cn1c(N2CCNC(c3ccc(F)cc3)C2)nc(-c2ccccc2)cc1=O,0.776466779,2.767418382,-9.7,-8.8,2.7373,364.1699395
O=C(NCC1CCN(Cc2ccc(C(=O)O)o2)CC1)c1cncc(NC(=O)c2ccccc2)c1,0.469184329,2.3418453,-10,-9.1,3.2671,462.1903199
Cn1cc(C2=C(c3cn(C)c4ccccc34)C(=O)NC2=O)c2ccccc21,0.561396223,2.41960808,-9,-8.3,3.2372,355.1320768
Clc1ccc(Nc2nccc(-c3cnn4ncccc34)n2)cc1Cl,0.594122222,2.508098079,-8.7,-8.3,4.2367,356.0343997
CN(C)CCCn1cc(C2=C(c3cn4c5c(cccc35)CNCC4)C(=O)NC2=O)c2ccccc21,0.427419715,2.956643842,-9.5,-7.7,3.2181,467.2321252
CN(C)CCCn1cc(C2=C(c3cn(C)c4ccccc34)C(=O)NC2=O)c2ccccc21,0.478990335,2.579171886,-8.9,-8.1,3.6519,426.2055761
CSc1nc(-c2ccc(F)cc2)c(-c2ccnc(Nc3ccc(NC(=O)c4ccccc4)cc3)c2)n1C,0.231073926,2.422796513,-9.8,-9.1,7.006,509.1685596
O=C1NC(=O)C(c2ccccc2)=C1Nc1cc(Cl)c(O)c(Cl)c1,0.587526714,2.35591934,-7.9,-8.2,3.1786,348.0068475
O=C(Nc1n[nH]c2ncc(-c3ccccc3)cc12)C1CC1,0.773390379,2.155164175,-8.4,-7.9,2.9734,278.1167611
Cn1cc(C2=C(c3cn(CCCN)c4ccccc34)C(=O)NC2=O)c2ccccc21,0.507118813,2.5563955,-8.8,-8.1,3.049,398.1742759
Cn1cc(C2=C(c3cn(C)c4c(Cl)cccc34)C(=O)NC2=O)c2ccccc21,0.528652014,2.588183007,-8.9,-9.2,3.8906,389.0931044
O=C(NCCc1ccccc1)c1ccnc2nc(-c3ccc(F)cc3)[nH]c12,0.56956738,2.129749331,-9.2,-8.1,3.7365,360.1386394
O=C(O)CN1CCC(CNC(=O)c2n[nH]c3ccc(-c4ccccc4)cc23)CC1,0.599180564,2.23850613,-9.3,-8.9,2.7563,392.1848406
CN(C)CCCn1cc(C2=C(c3cn(C)c4ccccc34)C(=O)NC2=O)c2ccccc21,0.478990335,2.579171886,-9,-8,3.6519,426.2055761
CSc1nc(-c2ccc(F)cc2)c(C2=CC=NC(Nc3ccc(NC(=O)c4ccccc4)cc3)=NC=C2)n1C,0.270377279,3.058869093,-10.1,-9,6.65,536.1794586
O=C1NCCc2ccc(-c3ccnc(Nc4ccc(-n5cnc(N6CCOCC6)n5)cc4)n3)cc21,0.460008217,2.796565246,-10.6,-10.1,2.5904,468.202222
CCCC(=O)Nc1n[nH]c2ccc(-c3ccccn3)cc12,0.769418044,2.166620165,-8,-7.6,3.3635,280.1324111
O=C(NCCc1ccccc1)c1ccnc2nc(-c3ccc(F)cc3)[nH]c12,0.56956738,2.129749331,-9.2,-8.1,3.7365,360.1386394
Cc1nc(C)n(-c2ccc(Nc3nccc(-c4ccc5c(c4)C(=O)NCC5)n3)cc2)n1,0.534366217,2.607599088,-10.1,-9.7,3.37064,411.1807583
Cc1ccc2c(-c3ccnc(Nc4ccc(C(F)(F)F)cc4)n3)cnn2n1,0.583707276,2.585565922,-9.2,-8.8,4.25712,370.1153791
CSc1ccc(NC2=C(c3ccccc3)C(=O)NC2=O)cc1,0.673281968,2.198439841,-7.8,-7.7,2.8881,310.0775987
c1ccc(-c2ncn(-c3ccc(-c4ccnc(Nc5ccc(N6CCOCC6)cc5)n4)cc3)n2)nc1,0.386255487,2.555310956,-9.9,-9.4,4.3665,476.2073074
O=C(O)c1ccc(Nc2nccc(-c3ccc4c(c3)C(=O)NCC4)n2)cc1,0.660837,2.286913536,-9.5,-8.8,2.8713,360.1222404
O=C1NCC2CCN(CCc3ccccc3)CCc3ccc(-c4ccccc4)cc3C1=CN2,0.640644246,4.223022614,-10.2,-9.5,4.2734,437.2467126
N#Cc1ccc(-c2ccc(CSc3nnc(-c4ccc5c(c4)OCCO5)o3)cc2)cc1,0.397746084,2.328630459,-9.5,-9.4,5.33878,427.0990624
COCCN1CCC(CNC(=O)c2n[nH]c3ccc(-c4ccccc4)cc23)CC1,0.647153718,2.235827093,-8.8,-8.5,3.3181,392.2212261
O=C(Nc1n[nH]c2ccc(-c3ccccn3)cc12)C1CC1,0.773390379,2.163185865,-8.5,-7.6,2.9734,278.1167611
c1cnn2ncc(-c3ccnc(Nc4ccc(-n5cnc(N6CCOCC6)n5)cc4)n3)c2c1,0.440078572,2.898664822,-9.7,-9.3,2.3472,440.1821553
CN(C)CCCn1cc(C2=C(c3cccc4ccccc34)C(=O)NC2=O)c2ccccc21,0.470295516,2.435693515,-9.6,-8.1,4.3134,423.194677
FC(F)(F)c1ccc(Nc2nccc(-c3cnn4ncccc34)n2)cc1,0.60200208,2.53456672,-9.3,-8.6,3.9487,356.099729
O=C(Nc1n[nH]c2ccc(-c3ccccn3)cc12)C1CC1,0.773390379,2.163185865,-8.6,-8,2.9734,278.1167611
c1ccc(-c2ccc(CSc3nnc(-c4ccc5c(c4)OCCO5)o3)cc2)cc1,0.412852211,2.143259086,-9.4,-9.1,5.4671,402.1038134
FC(F)(F)c1ccc(Nc2nccc(-c3cnn4ncccc34)n2)cc1,0.60200208,2.53456672,-9.2,-8.6,3.9487,356.099729
O=C(Nc1n[nH]c2ccc(-c3ccccn3)cc12)C1CC1,0.773390379,2.163185865,-8.4,-8,2.9734,278.1167611
COCCN1CCC(CNC(=O)c2n[nH]c3ccc(-c4ccccc4)cc23)CC1,0.647153718,2.235827093,-8.7,-8.5,3.3181,392.2212261
CCS(=O)(=O)Nc1ccc(CCNC(=O)c2ccnc3nc(-c4ccc(F)cc4)[nH]c23)cc1,0.366729618,2.453555121,-8.5,-8.5,3.4981,467.1427388
N#Cc1ccc(-c2ccc(CSc3nnc(-c4ccc5c(c4)OCCO5)o3)cc2)cc1,0.397746084,2.328630459,-9.5,-9.3,5.33878,427.0990624
c1ccc(-c2ccc(CSc3nnc(-c4ccc5c(c4)OCCO5)o3)cc2)cc1,0.412852211,2.143259086,-9.4,-9,5.4671,402.1038134
CN(C)CCCn1cc(C2=C(c3cn(CCCN4CCOCC4)c4ccccc34)C(=O)NC2=O)c2ccccc21,0.310314121,2.81384747,-8.8,-8.3,3.8372,539.28964
O=C(Nc1n[nH]c2ncc(-c3ccccc3)cc12)C1CC1,0.773390379,2.155164175,-8.5,-8,2.9734,278.1167611
CN(C)CCCn1cc(C2=C(c3cn(C)c4ccc(C(F)(F)F)cc34)C(=O)NC2=O)c2ccccc21,0.396575544,2.790334033,-9.2,-8.9,4.6707,494.1929607
CCCC(=O)Nc1n[nH]c2ncc(-c3ccccc3)cc12,0.769418044,2.158598475,-8.1,-7.7,3.3635,280.1324111
O=C(O)CN1CCC(CNC(=O)c2n[nH]c3cc(-c4ccccc4)ccc23)CC1,0.599180564,2.24281657,-9.1,-8.5,2.7563,392.1848406
O=C1NC(=O)C(c2ccccc2)=C1Nc1cc(Cl)c(O)c(Cl)c1,0.587526714,2.35591934,-7.9,-8.2,3.1786,348.0068475
COCCN1CCC(CNC(=O)c2n[nH]c3ccc(-c4ccccc4)cc23)CC1,0.647153718,2.235827093,-8.7,-8.7,3.3181,392.2212261
CS(=O)(=O)NC1CCC(Nc2cc(-c3ccnc(Nc4ccc(NC(=O)c5ccccc5)cc4)c3)ccn2)CC1,0.217175658,2.547557284,-10.2,-9.9,5.4118,556.2256599
COCCN1CCC(CNC(=O)c2n[nH]c3ccc(-c4ccccc4)cc23)CC1,0.647153718,2.235827093,-8.8,-8.6,3.3181,392.2212261
COCCN1CCC(CNC(=O)c2n[nH]c3ccc(-c4ccccc4)cc23)CC1,0.647153718,2.235827093,-8.8,-8.7,3.3181,392.2212261
c1ccc(-c2ccc(CSc3nnc(-c4ccc5c(c4)OCCO5)o3)cc2)cc1,0.412852211,2.143259086,-9.4,-9.2,5.4671,402.1038134
O=C(Nc1n[nH]c2cc(-c3ccccc3)ccc12)C1CC1,0.768445346,1.975895071,-8.1,-7.7,3.5784,277.1215121
O=C(Nc1n[nH]c2ncc(-c3ccc(Cl)cc3)cc12)C1CC1,0.775545072,2.219756324,-8.8,-8.2,3.6268,312.0777887
Cc1nc(-c2ccc(F)cc2)c(-c2ccnc(NC(=O)C3CC3)c2)[nH]1,0.758070095,2.315199882,-9,-7.5,3.93472,336.1386394
O=C(NCC1CCN(Cc2ccccc2)CC1)c1n[nH]c2ccc(-c3ccccc3)cc12,0.464120718,2.146793483,-9.7,-9.5,4.8719,424.2263115
O=C1NC(=O)C(c2ccccc2)=C1Nc1cc(Cl)c(O)c(Cl)c1,0.587526714,2.35591934,-7.9,-8.2,3.1786,348.0068475
CSc1nc(-c2ccc(F)cc2)c(-c2ccnc(NC3CCCCC3)c2)[nH]1,0.552222361,2.45469753,-8.7,-8.3,5.7443,382.162746
Cn1cc(C2=C(c3cn(C)c4c(F)cccc34)C(=O)NC2=O)c2ccccc21,0.54790134,2.628073952,-8.9,-9.2,3.3763,373.122655
Cn1cc(C2=C(c3cn(C)c4c(Cl)cccc34)C(=O)NC2=O)c2ccccc21,0.528652014,2.588183007,-8.9,-9.2,3.8906,389.0931044
O=C(Nc1n[nH]c2cc(-c3ccccc3)ccc12)C1CC1,0.768445346,1.975895071,-8.2,-7.7,3.5784,277.1215121
COCCN1CCC(CNC(=O)c2n[nH]c3ccc(-c4ccccc4)cc23)CC1,0.647153718,2.235827093,-8.8,-8.6,3.3181,392.2212261
CSc1nc(-c2ccc(F)cc2)c(-c2ccnc(NC3CCCC3)c2)[nH]1,0.595830443,2.449623214,-8.8,-7.9,5.3542,368.1470959
COCCN1CCC(CNC(=O)c2n[nH]c3ccc(-c4ccccc4)cc23)CC1,0.647153718,2.235827093,-8.8,-8.6,3.3181,392.2212261
O=C1NC(=O)C(c2ccccc2)=C1Nc1cc(Cl)c(O)c(Cl)c1,0.587526714,2.35591934,-7.9,-8.3,3.1786,348.0068475
Cc1nc(C)n(-c2ccc(Nc3ncc(C(F)(F)F)c(Nc4ccc(C(F)(F)F)cc4)n3)cc2)n1,0.322501408,2.632037774,-9.8,-8.7,6.19894,493.1449629
c1ccc(-c2ccc(CSc3nnc(-c4ccc5c(c4)OCCO5)o3)cc2)cc1,0.412852211,2.143259086,-9.4,-9.2,5.4671,402.1038134
O=C1NC(=O)C(c2ccccc2)=C1Nc1cc(Cl)c(O)c(Cl)c1,0.587526714,2.35591934,-8,-8.2,3.1786,348.0068475
O=C(Nc1cc(-c2ccccc2)ccn1)C1CCCC1,0.915697433,1.757717099,-8.1,-8.1,3.8773,266.1419132
CN(C)CCCn1cc(C2=C(c3cn(C)c4ccccc34)C(=O)NC2=O)c2ccccc21,0.478990335,2.579171886,-9,-8.1,3.6519,426.2055761
O=C(NCC1CCN(Cc2ccccc2)CC1)c1cc(-n2ncc3cc(Nc4ccccc4Cl)ccc32)cs1,0.213765153,2.635505214,-10.6,-10,7.126,555.1859593
c1ccc(-c2ccc(CSc3nnc(-c4ccc5c(c4)OCCO5)o3)cc2)cc1,0.412852211,2.143259086,-9.4,-9.1,5.4671,402.1038134
c1ccc(-c2ccc(CSc3nnc(-c4ccc5c(c4)OCCO5)o3)cc2)cc1,0.412852211,2.143259086,-9.4,-8.9,5.4671,402.1038134
CS(=O)(=O)Nc1ccc(CCNC(=O)c2ccnc3[nH]c(-c4ccccc4)cc23)cc1,0.413558828,2.274450635,-8.6,-8.6,3.5739,434.1412616
COc1cccc2c(C3=C(c4cn(C)c5ccccc45)C(=O)NC3=O)cn(C)c12,0.550810938,2.576145034,-8.5,-8.2,3.2458,385.1426415
O=C1NC(=O)C(c2ccccc2)=C1Nc1cc(Cl)c(O)c(Cl)c1,0.587526714,2.35591934,-7.9,-8.1,3.1786,348.0068475
CSc1ccc(NC2=C(c3ccccc3)C(=O)NC2=O)cc1,0.673281968,2.198439841,-7.8,-7.7,2.8881,310.0775987
FC(F)(F)c1ccc(-c2ccc(CSc3nnc(-c4ccc5c(c4)OCCO5)o3)cc2)cc1,0.311066304,2.355408353,-9,-10,6.4859,470.0911981
O=C1NCCc2ccc(-c3ccnc(NC(=O)C4CC4)c3)cc21,0.91433317,2.302667046,-8.7,-8.5,2.383,307.1320768
Cn1cc(C2=C(c3cn4c5c(cccc35)CNCC4)C(=O)NC2=O)c2ccccc21,0.512223073,2.839866075,-9.5,-9.4,2.8034,396.1586259
C(=NNc1ncnc2c1cnn2-c1ccccc1)c1ccncc1,0.46237017,2.345103958,-8.1,-7.9,2.6565,315.1232434
Cc1nc(C)n(-c2ccc(-c3ccnc(Nc4ccc(N5CCOCC5)cc4)n3)cc2)n1,0.516923398,2.399516243,-9.1,-8.9,3.92134,427.2120584
COCCN1CCC(CNC(=O)c2n[nH]c3ccc(-c4ccccc4)cc23)CC1,0.647153718,2.235827093,-8.8,-8.6,3.3181,392.2212261
COCCN1CCC(CNC(=O)c2n[nH]c3ccc(-c4ccccc4)cc23)CC1,0.647153718,2.235827093,-8.8,-8.6,3.3181,392.2212261
CN(C)CCCn1cc(C2=C(c3cn(C)c4ccccc34)C(=O)NC2=O)c2ccccc21,0.478990335,2.579171886,-9,-8.2,3.6519,426.2055761
O=C1NC(=O)C(c2ccccc2)=C1Nc1cc(Cl)c(O)c(Cl)c1,0.587526714,2.35591934,-8,-8.2,3.1786,348.0068475
Cn1c(N2CCNC(c3ccc(F)cc3)C2)nc(-c2ccccc2)cc1=O,0.776466779,2.767418382,-9.7,-8.8,2.7373,364.1699395
N#Cc1ccc(-c2ccc(CSc3nnc(-c4ccc5c(c4)OCCO5)o3)cc2)cc1,0.397746084,2.328630459,-9.4,-9.5,5.33878,427.0990624
COCCN1CCC(CNC(=O)c2n[nH]c3ccc(-c4ccccc4)cc23)CC1,0.647153718,2.235827093,-8.8,-8.7,3.3181,392.2212261
Cn1cc(C2=C(c3cn(C)c4ccc(F)cc34)C(=O)NC2=O)c2ccccc21,0.54790134,2.523987681,-9,-8.4,3.3763,373.122655
O=C1NCCc2ccc(-c3ccnc(Nc4ccccc4)c3)cc21,0.773198622,2.175288275,-9.2,-9.2,3.7781,315.1371622
c1ccc(Nc2nccc(-c3c(-c4ccccc4)nn4ccncc34)n2)cc1,0.504811142,2.321329523,-9.4,-8.9,4.5969,364.1436445
O=C1NC(=O)C(c2ccccc2)=C1Nc1cc(Cl)c(O)c(Cl)c1,0.587526714,2.35591934,-7.9,-8.2,3.1786,348.0068475
COCCN1CCC(CNC(=O)c2n[nH]c3ccc(-c4ccccc4)cc23)CC1,0.647153718,2.235827093,-8.8,-8.7,3.3181,392.2212261
Clc1ccccc1Nc1nccc(-c2cnn3ncccc23)n1,0.62407752,2.461172126,-8.4,-8.1,3.5833,322.073372
c1ccc(-c2ccc(CSc3nnc(-c4ccc5c(c4)OCCO5)o3)cc2)cc1,0.412852211,2.143259086,-9.4,-9.2,5.4671,402.1038134
CSc1nc(-c2ccc(F)cc2)c(C2=CC=NC(Nc3ccc(NC(=O)c4ccccc4)cc3)=NC=C2)n1C,0.270377279,3.058869093,-10,-8.9,6.65,536.1794586
FC(F)(F)c1ccc(Nc2nccc(-c3cnn4ncccc34)n2)cc1,0.60200208,2.53456672,-9.3,-8.6,3.9487,356.099729
O=C(Nc1n[nH]c2cc(-c3ccccc3)ccc12)C1CC1,0.768445346,1.975895071,-8.1,-7.7,3.5784,277.1215121
O=C1NC(=O)C(c2ccccc2)=C1Nc1cc(Cl)c(O)c(Cl)c1,0.587526714,2.35591934,-7.9,-8.2,3.1786,348.0068475
O=C1NC(=O)C(c2ccccc2)=C1Nc1cc(Cl)c(O)c(Cl)c1,0.587526714,2.35591934,-8,-8.1,3.1786,348.0068475
O=C(Nc1n[nH]c2cc(-c3ccccc3)ccc12)C1CC1,0.768445346,1.975895071,-8.4,-7.8,3.5784,277.1215121
CN(C)CCCn1cc(C2=C(c3ccccc3)C(=O)NC2=O)c2ccccc21,0.675529158,2.334070045,-8.4,-7.3,3.1602,373.179027
Cc1nc(C)n(-c2ccc(Nc3cc(-c4ccc(C(=O)NCCN5CCOCC5)cc4)ccn3)cc2)n1,0.382659366,2.497852073,-9.5,-8.8,3.75174,497.2539232
O=C1NC(=O)C(c2ccccc2)=C1Nc1cc(Cl)c(O)c(Cl)c1,0.587526714,2.35591934,-8.1,-8.2,3.1786,348.0068475
O=C(Nc1n[nH]c2cc(-c3ccccc3)ccc12)C1CC1,0.768445346,1.975895071,-8.2,-7.7,3.5784,277.1215121
CSc1nc(-c2ccc(F)cc2)c(-c2ccnc(NC(=O)C3CCC3)c2)[nH]1,0.625540671,2.410207081,-8.8,-7.8,4.7383,382.1263604
COCCN1CCC(CNC(=O)c2n[nH]c3ccc(-c4ccccc4)cc23)CC1,0.647153718,2.235827093,-8.8,-8.6,3.3181,392.2212261
Cn1cc(C2=C(c3cn4c5c(cccc35)CNCC4)C(=O)NC2=O)c2cc(Cl)ccc21,0.478479629,2.920131016,-9.6,-9,3.4568,430.1196535
CS(=O)(=O)Nc1ccc(CCNC(=O)c2ccnc3[nH]c(-c4ccccc4)cc23)cc1,0.413558828,2.274450635,-9.3,-8.6,3.5739,434.1412616
O=C(O)CN1CCC(CNC(=O)c2n[nH]c3cc(-c4ccccc4)ccc23)CC1,0.599180564,2.24281657,-8.9,-8.6,2.7563,392.1848406
c1ccc(-c2ccc(CSc3nnc(-c4ccc5c(c4)OCCO5)o3)cc2)cc1,0.412852211,2.143259086,-9.4,-9.1,5.4671,402.1038134
O=C(O)c1ccc(CN2CCC(CNC(=O)c3n[nH]c4ccc(-c5ccc(O)cc5)cc34)CC2)o1,0.319684411,2.563138891,-10,-9.7,3.8687,474.1903199
O=C(Nc1cc(-c2ccnc(Nc3ccc(N4CCOCC4)cc3)n2)ccn1)C1CCC1,0.613459533,2.360527536,-9.7,-9.1,3.8574,430.2117241
CSc1ccc(NC2=C(c3ccccc3)C(=O)NC2=O)cc1,0.673281968,2.198439841,-7.9,-7.7,2.8881,310.0775987
O=C(NCCc1ccc(Cl)cc1)c1n[nH]c2cc(-c3ccccc3)ccc12,0.523210021,1.966336673,-8.8,-8.1,4.8558,375.1138399
CN(C)CCCn1cc(C2=C(c3cn(C)c4ccccc34)C(=O)NC2=O)c2ccccc21,0.478990335,2.579171886,-9,-8,3.6519,426.2055761
CSc1nc(-c2ccc(F)cc2)c(C2=CC=NC(Nc3ccc(NC(=O)c4ccccc4)cc3)=NC=C2)n1C,0.270377279,3.058869093,-10.1,-9.1,6.65,536.1794586
Cn1cc(C2=C(c3cn(CCCN4CCOCC4)c4ccccc34)C(=O)NC2=O)c2ccccc21,0.440541409,2.644305013,-9.6,-8.3,3.4225,468.2161408
CN(C)CCCn1cc(C2=C(c3cn(C)c4ccccc34)C(=O)NC2=O)c2ccccc21,0.478990335,2.579171886,-8.9,-8.1,3.6519,426.2055761
c1ccc(-c2ccc(CSc3nnc(-c4ccc5c(c4)OCCO5)o3)cc2)cc1,0.412852211,2.143259086,-9.4,-9.1,5.4671,402.1038134
c1ccc(-c2ccc(CSc3nnc(-c4ccc5c(c4)OCCO5)o3)cc2)cc1,0.412852211,2.143259086,-9.4,-9.1,5.4671,402.1038134
CSc1ccc(NC2=C(c3ccccc3)C(=O)NC2=O)cc1,0.673281968,2.198439841,-7.9,-7.6,2.8881,310.0775987
CSc1ccc(NC2=C(c3ccccc3)C(=O)NC2=O)cc1,0.673281968,2.198439841,-7.8,-7.7,2.8881,310.0775987
N#CCCN1CCC(C(=O)Nc2cc(-c3ccccc3)ccn2)CC1,0.910586922,2.096253133,-7.9,-7.9,3.31278,334.1793613
O=C1NC(=O)C(c2ccccc2)=C1Nc1cc(Cl)c(O)c(Cl)c1,0.587526714,2.35591934,-7.9,-8.2,3.1786,348.0068475
c1ccc(-c2ccc(CSc3nnc(-c4ccc5c(c4)OCCO5)o3)cc2)cc1,0.412852211,2.143259086,-9.4,-8.4,5.4671,402.1038134
CN(C)CCCn1cc(C2=C(c3cn(CCCN4CCOCC4)c4ccccc34)C(=O)NC2=O)c2ccccc21,0.310314121,2.81384747,-8.8,-8,3.8372,539.28964
O=C1NC(=O)C(c2ccccc2)=C1Nc1cc(Cl)c(O)c(Cl)c1,0.587526714,2.35591934,-7.9,-8.2,3.1786,348.0068475
c1ccc(-c2ccc(CSc3nnc(-c4ccc5c(c4)OCCO5)o3)cc2)cc1,0.412852211,2.143259086,-9.4,-9.1,5.4671,402.1038134
CN(C)CCCn1cc(C2=C(c3ccccc3)C(=O)NC2=O)c2ccccc21,0.675529158,2.334070045,-8.5,-7.2,3.1602,373.179027
COc1ccc(-c2ccc(CSc3ccc(-c4ccc5c(c4)C(=O)NCC5)o3)cc2)c(C#N)c1,0.349053493,2.710648225,-10.4,-8.9,6.07208,466.1351136
FC(F)(F)c1ccc(Nc2nccc(-c3cnn4ncccc34)n2)cc1,0.60200208,2.53456672,-9.2,-8.6,3.9487,356.099729
CSc1ccc(NC2=C(c3ccccc3)C(=O)NC2=O)cc1,0.673281968,2.198439841,-7.8,-7.7,2.8881,310.0775987
Cn1cc(C2=C(c3cn(CCCN)c4ccccc34)C(=O)NC2=O)c2ccccc21,0.507118813,2.5563955,-8.8,-8,3.049,398.1742759
O=C1NC(=O)C(c2ccccc2)=C1Nc1cc(Cl)c(O)c(Cl)c1,0.587526714,2.35591934,-7.9,-8.1,3.1786,348.0068475
c1ccc(-c2ccc(CSc3nnc(-c4ccc5c(c4)OCCO5)o3)cc2)cc1,0.412852211,2.143259086,-9.4,-8.5,5.4671,402.1038134
FC(F)(F)c1ccc(-c2ccc(CSc3nnc(-c4ccc5c(c4)OCCO5)o3)cc2)cc1,0.311066304,2.355408353,-9.3,-10,6.4859,470.0911981
O=C(O)CN1CCC(CNC(=O)c2n[nH]c3cc(-c4ccccc4)ccc23)CC1,0.599180564,2.24281657,-9.1,-8.5,2.7563,392.1848406
O=C(O)CN1CCC(CNC(=O)c2n[nH]c3ccc(-c4cncc(F)c4F)cc23)CC1,0.555093406,2.689537095,-9.4,-8.9,2.4295,429.161246
N#Cc1ccc(-c2ccc(CSc3nnc(-c4ccc5c(c4)OCCO5)o3)cc2)cc1,0.397746084,2.328630459,-9.2,-9.3,5.33878,427.0990624
Cn1cc(C2=C(c3cn(CCCN4CCOCC4)c4ccccc34)C(=O)NC2=O)c2ccccc21,0.440541409,2.644305013,-9.7,-8.3,3.4225,468.2161408
c1ccc(-c2ccc(CSc3nnc(-c4ccc5c(c4)OCCO5)o3)cc2)cc1,0.412852211,2.143259086,-9.4,-9.2,5.4671,402.1038134
O=C1NCCc2ccc(-c3ccnc(Nc4ccc(N5CCOCC5)cc4)n3)cc21,0.699725769,2.419366859,-9.5,-9.3,3.0097,401.185175
O=C1NC(=O)C(c2ccccc2)=C1Nc1cc(Cl)c(O)c(Cl)c1,0.587526714,2.35591934,-7.9,-8.2,3.1786,348.0068475
O=C(Nc1n[nH]c2ncc(-c3ccccc3)cc12)C1CC1,0.773390379,2.155164175,-8.4,-7.9,2.9734,278.1167611
COCCN1CCC(CNC(=O)c2n[nH]c3cc(-c4ccccc4)ccc23)CC1,0.647153718,2.240086822,-8.7,-8.4,3.3181,392.2212261
Cn1cc(C2=C(c3cn4c5c(cccc35)CNCC4)C(=O)NC2=O)c2ccccc21,0.512223073,2.839866075,-9.5,-8.3,2.8034,396.1586259
c1ccc(-c2ccc(CSc3nnc(-c4ccc5c(c4)OCCO5)o3)cc2)cc1,0.412852211,2.143259086,-9.4,-8.4,5.4671,402.1038134
CN(C)CCCn1cc(C2=C(c3cn(C)c4ccccc34)C(=O)NC2=O)c2ccccc21,0.478990335,2.579171886,-9,-8.1,3.6519,426.2055761
c1ccc(-c2ccc(CSc3nnc(-c4ccc5c(c4)OCCO5)o3)cc2)cc1,0.412852211,2.143259086,-9.3,-9.2,5.4671,402.1038134
COCCN1CCC(CNC(=O)c2n[nH]c3cc(-c4ccccc4)ccc23)CC1,0.647153718,2.240086822,-8.5,-8.4,3.3181,392.2212261
Cc1ccc2c(-c3ccnc(Nc4ccc(C(=O)Nc5ccccc5)cc4)n3)cnn2n1,0.43396557,2.405540793,-10.1,-9.6,4.49062,421.1651082
N#Cc1ccc(-c2ccc(CSc3nnc(-c4ccc5c(c4)OCO5)o3)cc2)cc1,0.410876371,2.293696678,-9.3,-9.6,5.29628,413.0834123
COCCN1CCC(CNC(=O)c2n[nH]c3ccc(-c4ccccc4)cc23)CC1,0.647153718,2.235827093,-8.8,-8.5,3.3181,392.2212261
O=C(Nc1n[nH]c2ccc(-c3ccccn3)cc12)C1CC1,0.773390379,2.163185865,-8.6,-7.7,2.9734,278.1167611
NC(=O)c1ccccc1Nc1nc(Nc2ccc(C(F)(F)F)cc2)ncc1C(F)(F)F,0.479347871,2.379160174,-9.1,-8.6,5.1003,441.1024294
CNC(=O)c1sc(-c2ccnc(NC(=O)C3CC3)c2)nc1OCC1CC1,0.779405599,2.643919268,-7.9,-6.9,2.702,372.1256115
c1ccc(-c2ccc(CSc3nnc(-c4ccc5c(c4)OCCO5)o3)cc2)cc1,0.412852211,2.143259086,-9.4,-8.4,5.4671,402.1038134
O=C1NCCc2ccc(-c3ccnc(Nc4ccc(-n5cnc(N6CCOCC6)n5)cc4)n3)cc21,0.460008217,2.796565246,-10.5,-10.1,2.5904,468.202222
O=C1NCCc2ccc(-c3ccnc(Nc4ccc(-n5cnc(N6CCOCC6)n5)cc4)n3)cc21,0.460008217,2.796565246,-10.6,-10.1,2.5904,468.202222
O=C1NC(=O)C(c2ccccc2)=C1Nc1cc(Cl)c(O)c(Cl)c1,0.587526714,2.35591934,-8.1,-8.2,3.1786,348.0068475
O=C1NC(=O)C(c2ccccc2)=C1Nc1cccc(Cl)c1,0.856775357,2.080552851,-8,-8,2.8196,298.0509053
c1ccc(-c2ccc(CSc3nnc(-c4ccc5c(c4)OCCO5)o3)cc2)cc1,0.412852211,2.143259086,-9.4,-9,5.4671,402.1038134
O=C(Nc1n[nH]c2ncc(-c3ccccc3)cc12)C1CC1,0.773390379,2.155164175,-8.5,-8,2.9734,278.1167611
O=C1NCCc2ccc(-c3ccnc(NC(=O)C4CC4)c3)cc21,0.91433317,2.302667046,-8.8,-8.5,2.383,307.1320768
O=C(O)CN1CCC(CNC(=O)c2n[nH]c3ccc(-c4ccccc4)cc23)CC1,0.599180564,2.23850613,-9.3,-9.2,2.7563,392.1848406
CSc1ccc(NC2=C(c3ccccc3)C(=O)NC2=O)cc1,0.673281968,2.198439841,-7.9,-7.7,2.8881,310.0775987
O=C1NCCc2ccc(-c3ccc(SCc4ccc(-c5ccccc5)cc4)o3)cc21,0.398118273,2.412047066,-9,-9.3,6.1918,411.1292999
CC(=O)Nc1cc(-c2nnc(SCc3ccc(-c4ccccc4)cc3)n2C)ccn1,0.458296231,2.182563688,-9,-9.4,4.7948,415.1466813
O=C1NC(=O)C(c2ccccc2)=C1Nc1cc(Cl)c(O)c(Cl)c1,0.587526714,2.35591934,-7.9,-8.1,3.1786,348.0068475
Cn1cc(C2=C(c3cn(C)c4c(F)cccc34)C(=O)NC2=O)c2ccccc21,0.54790134,2.628073952,-8.9,-8.1,3.3763,373.122655
CSc1nc(-c2ccc(F)cc2)c(C2=CC=NC(Nc3ccc(NC(=O)c4ccccc4)cc3)=NC=C2)n1C,0.270377279,3.058869093,-9.9,-9.5,6.65,536.1794586
O=C(NCC1CCN(Cc2ccc(C(=O)O)o2)CC1)c1cncc(NC(=O)c2ccccc2)c1,0.469184329,2.3418453,-10.1,-9.3,3.2671,462.1903199
CSc1nc(-c2ccc(F)cc2)c(C2=CC=NC(Nc3ccc(NC(=O)c4ccccc4)cc3)=NC=C2)n1C,0.270377279,3.058869093,-10.1,-9.1,6.65,536.1794586
CN(C)CCCn1cc(C2=C(c3cn4c5c(cccc35)CN(C(=O)N3CCOCC3)CC4)C(=O)NC2=O)c2ccccc21,0.353361805,3.114645602,-9.5,-8.8,3.3827,580.2798036
O=C(Nc1n[nH]c2ncc(-c3ccccc3)cc12)C1CC1,0.773390379,2.155164175,-8.5,-8,2.9734,278.1167611
O=C(Nc1n[nH]c2ccc(-c3ccccn3)cc12)C1CC1,0.773390379,2.163185865,-8.5,-7.5,2.9734,278.1167611
O=C1NC(=O)C(c2ccccc2)=C1Nc1cc(Cl)c(O)c(Cl)c1,0.587526714,2.35591934,-7.9,-8.3,3.1786,348.0068475
O=C1NC(=O)C(c2ccccc2)=C1Nc1cc(Cl)c(O)c(Cl)c1,0.587526714,2.35591934,-7.9,-8.2,3.1786,348.0068475
O=C(CN1C(=O)Cc2ccccc21)Nc1scc(Br)c1-c1ncn[nH]1,0.68197233,2.820193544,-8.3,-8.2,2.8235,416.9895077
CSc1ccc(NC2=C(c3ccccc3)C(=O)NC2=O)cc1,0.673281968,2.198439841,-7.9,-7.7,2.8881,310.0775987
COCCN1CCC(CNC(=O)c2n[nH]c3ccc(-c4ccccc4)cc23)CC1,0.647153718,2.235827093,-8.8,-8.5,3.3181,392.2212261
Cn1cc(C2=C(c3cn4c5c(cccc35)CNCC4)C(=O)NC2=O)c2ccccc21,0.512223073,2.839866075,-9.4,-8.1,2.8034,396.1586259
c1ccc(-c2ccc(CSc3nnc(-c4ccc5c(c4)OCCO5)o3)cc2)cc1,0.412852211,2.143259086,-9.3,-9,5.4671,402.1038134
O=C1NC(=O)C(c2ccccc2)=C1Nc1cc(Cl)c(O)c(Cl)c1,0.587526714,2.35591934,-7.9,-8.2,3.1786,348.0068475
O=C(Nc1n[nH]c2ccc(-c3ccccn3)cc12)C1CC1,0.773390379,2.163185865,-8.6,-8,2.9734,278.1167611
COCCN1CCC(CNC(=O)c2n[nH]c3ccc(-c4ccccc4)cc23)CC1,0.647153718,2.235827093,-8.8,-8.7,3.3181,392.2212261
CSc1nc(-c2ccc(F)cc2)c(-c2ccnc(NC(=O)C3CCC3)c2)n1C,0.632527199,2.455633251,-8.4,-7.9,4.7487,396.1420105
Cn1cc(C2=C(c3cn(C)c4c(F)cccc34)C(=O)NC2=O)c2ccccc21,0.54790134,2.628073952,-8.9,-8.1,3.3763,373.122655
COCCN1CCC(CNC(=O)c2n[nH]c3ccc(-c4ccccc4)cc23)CC1,0.647153718,2.235827093,-8.8,-8.6,3.3181,392.2212261
CSc1nc(-c2ccc(F)cc2)c(-c2ccnc(NC3CCCC3)c2)[nH]1,0.595830443,2.449623214,-8.8,-8,5.3542,368.1470959
N#Cc1ccc(-c2ccc(CSc3nnc(-c4ccc5c(c4)OCCO5)o3)cc2)cc1,0.397746084,2.328630459,-9.4,-9.5,5.33878,427.0990624
CN(C)CCCn1cc(C2=C(c3cn(C)c4ccccc34)C(=O)NC2=O)c2ccccc21,0.478990335,2.579171886,-8.9,-7.9,3.6519,426.2055761
NS(=O)(=O)c1ccc(-c2ccc(C=C3NC(=S)NC3=O)o2)cc1,0.561145871,2.534859244,-8.2,-8,0.9392,349.0190978
O=C1NC(=O)C(c2ccccc2)=C1Nc1cc(Cl)c(O)c(Cl)c1,0.587526714,2.35591934,-7.9,-8.2,3.1786,348.0068475
O=C1NC(=O)C(c2ccccc2)=C1Nc1cc(Cl)c(O)c(Cl)c1,0.587526714,2.35591934,-7.9,-8.2,3.1786,348.0068475
CCCC(=O)Nc1n[nH]c2ncc(-c3ccccc3)cc12,0.769418044,2.158598475,-8.1,-7.7,3.3635,280.1324111
Cn1c(N2CCNC(c3ccc(F)cc3)C2)nc(-c2ccccc2)cc1=O,0.776466779,2.767418382,-9.7,-8.8,2.7373,364.1699395
O=C(Nc1n[nH]c2ccc(-c3ccccn3)cc12)C1CC1,0.773390379,2.163185865,-8.5,-8,2.9734,278.1167611
c1ccc(-n2ncc3c(N=NCc4ccncc4)ncnc32)cc1,0.53973334,2.776092419,-8.5,-7.7,3.4944,315.1232434
CSc1ccc(NC2=C(c3ccccc3)C(=O)NC2=O)cc1,0.673281968,2.198439841,-7.9,-7.7,2.8881,310.0775987
O=C(Nc1n[nH]c2ncc(-c3ccc(Cl)cc3Cl)cc12)C1CC1,0.742881467,2.374127465,-8.7,-8.6,4.2802,346.0388164
CN(C)CCCn1cc(C2=C(c3cn(C)c4ccccc34)C(=O)NC2=O)c2ccccc21,0.478990335,2.579171886,-9,-8,3.6519,426.2055761
COCCN1CCC(CNC(=O)c2n[nH]c3ccc(-c4ccccc4)cc23)CC1,0.647153718,2.235827093,-8.8,-8.6,3.3181,392.2212261
CSc1nc(-c2ccc(F)cc2)c(C2=CC=NC(Nc3ccc(NC(=O)c4ccccc4)cc3)=NC=C2)n1C,0.270377279,3.058869093,-9.7,-9.2,6.65,536.1794586
NS(=O)(=O)c1ccc(-c2ccc3occ(-c4ccc(C(=O)O)cc4)c3c2)cc1,0.54193745,2.08677697,-9.8,-9.4,4.1124,393.0670936
c1ccc(Nc2nccc(-c3cnn4ncccc34)n2)cc1,0.627484971,2.364224756,-8.2,-8.2,2.9299,288.1123444
O=C(O)c1ccc(CN2CCC(CNC(=O)c3c[nH]c4ccc(-c5ccccc5)cc34)CC2)o1,0.371396476,2.392901372,-9.9,-9.5,4.7681,457.2001563
O=C(O)c1ccc(CN2CCC(CNC(=O)c3n[nH]c4ccc(-c5ccccc5)cc34)CC2)o1,0.3834196,2.45819368,-9.8,-9.3,4.1631,458.1954053
O=C(Nc1n[nH]c2ccc(-c3ccccn3)cc12)C1CC1,0.773390379,2.163185865,-8.6,-7.6,2.9734,278.1167611
COCCN1CCC(CNC(=O)c2n[nH]c3cc(-c4ccccc4)ccc23)CC1,0.647153718,2.240086822,-8.7,-8.4,3.3181,392.2212261
Cn1cc(C2=C(c3cn4c5c(cccc35)CN(C(=O)N3CCOCC3)C4)C(=O)NC2=O)c2ccccc21,0.433377271,3.087062509,-10.1,-10.4,2.9255,495.1906543
Cn1cc(C2=C(c3cn(C)c4c(Cl)cccc34)C(=O)NC2=O)c2ccccc21,0.528652014,2.588183007,-8.9,-9.2,3.8906,389.0931044
O=C1NCC2CCN(CCc3ccccc3)CCc3cc(-c4ccccc4)ccc3C1=NN2,0.654039362,4.201101892,-10.2,-8.8,3.6366,438.2419616
COCCN1CCC(CNC(=O)c2n[nH]c3ccc(-c4ccccc4)cc23)CC1,0.647153718,2.235827093,-8.8,-8.6,3.3181,392.2212261
COc1cccc(OC)c1C(=O)Nc1c[nH]nc1C(=O)NC1CCC(OC)CC1,0.655038771,2.692211263,-8.4,-7.4,2.3666,402.1903199
c1ccc(-c2ccc(CSc3nnc(-c4ccc5c(c4)OCCO5)o3)cc2)cc1,0.412852211,2.143259086,-9.4,-9.1,5.4671,402.1038134
CN(C)CCCn1cc(C2=C(c3cn(CCCN4CCOCC4)c4ccccc34)C(=O)NC2=O)c2ccccc21,0.310314121,2.81384747,-8.7,-7.3,3.8372,539.28964
CSc1ccc(NC2=C(c3ccccc3)C(=O)NC2=O)cc1,0.673281968,2.198439841,-7.9,-7.7,2.8881,310.0775987
CSc1ccc(NC2=C(c3ccc(Cl)cc3)C(C)C(=O)NC2=O)cc1,0.624109314,2.967372109,-7.9,-7.5,4.1776,372.0699265
CN(C)CCCn1cc(C2=C(c3cn(C)c4ccccc34)C(=O)NC2=O)c2ccccc21,0.478990335,2.579171886,-9,-8.1,3.6519,426.2055761
O=C(Nc1cc(-c2ccnc(Nc3ccccc3)c2)ccn1)C1CC1,0.73426779,2.063729845,-8.6,-8.1,4.2357,330.1480612
N#Cc1ccc(-c2ccc(CSc3nnc(-c4ccc5c(c4)OCCO5)o3)cc2)cc1,0.397746084,2.328630459,-9.3,-8.8,5.33878,427.0990624
Cc1nc(C)n(-c2ccc(Nc3nccc(-c4ccc5c(c4)C(=O)NCC5)n3)cc2)n1,0.534366217,2.607599088,-10.1,-9.7,3.37064,411.1807583
O=C(O)CN1CCC(CNC(=O)c2n[nH]c3ccc(-c4ccccc4)cc23)CC1,0.599180564,2.23850613,-9.2,-8.8,2.7563,392.1848406
Cn1cc(C2=C(c3cn(C)c4ccccc34)C(=O)NC2=O)c2ccccc21,0.561396223,2.41960808,-9,-8.3,3.2372,355.1320768
Cc1nc(C)n(-c2ccc(Nc3cc(-c4ccc5c(c4)C(=O)NCC5)ccn3)cc2)n1,0.531689461,2.592843704,-10.3,-9.8,3.97564,410.1855093
O=C(O)CN1CCC(CNC(=O)c2n[nH]c3ccc(-c4ccccc4)cc23)CC1,0.599180564,2.23850613,-9.2,-8.9,2.7563,392.1848406
O=C1NC(=O)C(c2ccccc2)=C1Nc1cc(Cl)c(O)c(Cl)c1,0.587526714,2.35591934,-7.8,-8.2,3.1786,348.0068475
COCCN1CCC(CNC(=O)c2n[nH]c3ccc(-c4ccccc4)cc23)CC1,0.647153718,2.235827093,-8.7,-8.6,3.3181,392.2212261
Cn1cc(C2=C(c3cn(C)c4ccccc34)C(=O)NC2=O)c2ccccc21,0.561396223,2.41960808,-9,-8.3,3.2372,355.1320768
N#Cc1ccc(-c2ccc(CSc3nnc(-c4ccc5c(c4)OCCO5)o3)cc2)cc1,0.397746084,2.328630459,-9.4,-9.6,5.33878,427.0990624
Clc1ccc(Nc2nccc(-c3ccn4ncccc34)n2)cc1Cl,0.570628438,2.414593024,-8.6,-8.4,4.8417,355.0391507
FC(F)(F)c1ccc(Nc2nccc(-c3ccnc(Nc4ccc(N5CCOCC5)cc4)c3)n2)cc1,0.348110281,2.461439747,-9.9,-10.2,5.8812,492.188544
O=C(Nc1cc(-c2ccnc(Nc3ccccc3)c2)ccn1)C1CCC1,0.708245906,2.088978275,-8.9,-8.2,4.6258,344.1637113
O=C1NC(=O)C(c2ccccc2)=C1Nc1cc(Cl)c(O)c(Cl)c1,0.587526714,2.35591934,-7.9,-8.2,3.1786,348.0068475
O=C1NC(=O)C(c2ccccc2)=C1Nc1cc(Cl)c(O)c(Cl)c1,0.587526714,2.35591934,-7.9,-8.2,3.1786,348.0068475
c1ccc(-c2ccc(CSc3nnc(-c4ccc5c(c4)OCCO5)o3)cc2)cc1,0.412852211,2.143259086,-9.4,-9.1,5.4671,402.1038134
NS(=O)(=O)c1ccc(-c2ccc3c(c2)C(=O)NCC3)cc1,0.87560923,2.111736189,-8.5,-8.4,1.2869,302.0725133
Cn1c(N2CCN(c3ccccc3)CC2)nc(-c2ccncn2)cc1=O,0.715647736,2.301318153,-8.2,-8.6,1.5639,348.1698593
O=C1NC(=O)C(c2ccccc2)=C1Nc1cc(Cl)c(O)c(Cl)c1,0.587526714,2.35591934,-8.1,-8.2,3.1786,348.0068475
O=C(O)CN1CCC(CNC(=O)c2n[nH]c3ccc(-c4ccccc4)cc23)CC1,0.599180564,2.23850613,-9.2,-8.9,2.7563,392.1848406
COCCN1CCC(CNC(=O)c2n[nH]c3ccc(-c4ccccc4)cc23)CC1,0.647153718,2.235827093,-8.8,-8.5,3.3181,392.2212261
O=C(Nc1n[nH]c2ncc(-c3ccccc3)cc12)C1CC1,0.773390379,2.155164175,-8.5,-7.9,2.9734,278.1167611
CN(C)CCCn1cc(C2=C(c3cn(C)c4ccc(Cl)cc34)C(=O)NC2=O)c2ccccc21,0.436181759,2.664704073,-9,-8.2,4.3053,460.1666037
Cc1ccc(NC(=O)c2ccnc(NC(=O)c3ccccc3)c2)cn1,0.767684195,1.87894739,-8.9,-8.2,3.28962,332.1273258
COc1cccc(-n2ncc3c(N=NCc4ccccc4)ncnc32)c1,0.510513391,2.656277841,-8.5,-8.1,4.108,344.1385591
NC(=O)c1ccccc1Nc1nc(Nc2ccc(Cl)c(Cl)c2)ncc1C(F)(F)F,0.493034216,2.32682646,-8.8,-8.2,5.3883,441.0371
NC1CCCC(Nc2cc(-n3ccnc3-c3ccc4c(c3)OCO4)ccn2)CC1,0.659097418,3.330529772,-9.4,-8.8,3.7349,391.200825
Clc1ccc(Nc2nccc(-c3cnn4ncccc34)n2)cc1Cl,0.594122222,2.508098079,-8.7,-8.1,4.2367,356.0343997
O=C1Cc2c([nH]c3ccc(Cl)cc23)-c2ccccc2N1,0.643418257,2.245232772,-8.7,-8.9,3.9829,282.0559907
O=C1NC(=O)C(c2ccccc2)=C1Nc1cc(Cl)c(O)c(Cl)c1,0.587526714,2.35591934,-8,-8.2,3.1786,348.0068475
O=C1NC(=O)C(c2ccccc2)=C1Nc1cc(Cl)c(O)c(Cl)c1,0.587526714,2.35591934,-7.9,-8.2,3.1786,348.0068475
FC(F)(F)c1ccc(Nc2nccc(-c3cnn4ncccc34)n2)cc1,0.60200208,2.53456672,-9.2,-8.6,3.9487,356.099729
O=C(Nc1n[nH]c2cc(-c3ccccc3)ccc12)C1CC1,0.768445346,1.975895071,-8.1,-7.7,3.5784,277.1215121
c1ccc(-c2ccc(CSc3nnc(-c4ccc5c(c4)OCCO5)o3)cc2)cc1,0.412852211,2.143259086,-9.4,-8.5,5.4671,402.1038134
O=C1NC(=O)C(c2ccccc2)=C1Nc1cc(Cl)c(O)c(Cl)c1,0.587526714,2.35591934,-7.9,-8.2,3.1786,348.0068475
COC1CCC(NC(=O)c2n[nH]c3ccc(C(=O)Nc4ccccc4Cl)cc23)CC1,0.570442217,2.313162047,-9.3,-8.3,4.156,426.1458683
c1ccc(-c2ccc(CSc3nnc(-c4ccc5c(c4)OCCO5)o3)cc2)cc1,0.412852211,2.143259086,-9.4,-9,5.4671,402.1038134
O=C(Nc1n[nH]c2ccc(-c3ccccc3)cc12)C1CC1,0.768445346,1.963749043,-8.8,-8.4,3.5784,277.1215121
c1ccc(-c2ccc(CSc3nnc(-c4ccc5c(c4)OCCO5)o3)cc2)cc1,0.412852211,2.143259086,-9.4,-9,5.4671,402.1038134
O=C(Nc1n[nH]c2ccc(-c3ccccn3)cc12)C1CC1,0.773390379,2.163185865,-8.6,-8,2.9734,278.1167611
O=C(NCC1CCN(Cc2ccccc2)CC1)c1cncc(NC(=O)c2ccccc2)c1,0.597086069,2.022850777,-9.6,-8.2,3.9759,428.2212261
O=C(NCCc1ccccc1)c1ccnc2nc(-c3ccc(F)cc3)[nH]c12,0.56956738,2.129749331,-9.1,-8.1,3.7365,360.1386394
Cn1cc(C2=C(c3cccc4ccccc34)C(=O)NC2=O)c2ccccc21,0.556426744,2.250457323,-9.5,-8.6,3.8987,352.1211778
O=C(Nc1cnn(-c2cccc(C(=O)Nc3ccc(C(=O)Nc4cncc(C(=O)NCC5CCN(Cc6ccccc6)CC5)c4)cc3)c2)c1)Nc1ccccc1Cl,0.084969164,2.945137658,-11.2,-10.8,7.7113,781.2891784
COCCN1CCC(CNC(=O)c2n[nH]c3ccc(-c4ccccc4)cc23)CC1,0.647153718,2.235827093,-8.8,-8.6,3.3181,392.2212261
c1ccc(-c2ccc(CSc3nnc(-c4ccc5c(c4)OCCO5)o3)cc2)cc1,0.412852211,2.143259086,-9.4,-8.9,5.4671,402.1038134
O=C(Nc1n[nH]c2ccc(-c3ccccn3)cc12)C1CC1,0.773390379,2.163185865,-8.6,-8,2.9734,278.1167611
O=C1NC(=O)C(c2ccccc2)=C1Nc1cc(Cl)c(O)c(Cl)c1,0.587526714,2.35591934,-7.9,-8.2,3.1786,348.0068475
c1ccc(-c2ccc(CSc3nnc(-c4ccc5c(c4)OCCO5)o3)cc2)cc1,0.412852211,2.143259086,-9.4,-9,5.4671,402.1038134
O=C1NC(=O)C(c2ccccc2)=C1Nc1cc(Cl)c(O)c(Cl)c1,0.587526714,2.35591934,-7.9,-8.2,3.1786,348.0068475
CSc1nc(-c2ccc(F)cc2)c(-c2ccnc(NC3CCCC3)c2)[nH]1,0.595830443,2.449623214,-8.9,-8,5.3542,368.1470959
COCCN1CCC(CNC(=O)c2n[nH]c3ccc(-c4ccccc4)cc23)CC1,0.647153718,2.235827093,-8.8,-8.7,3.3181,392.2212261
FC(F)(F)c1ccc(-c2ccc(CSc3nnc(-c4ccc5c(c4)OCCO5)o3)cc2)cc1,0.311066304,2.355408353,-9.6,-10,6.4859,470.0911981
O=C1NC(=O)C(c2cn(CCCN3CCOCC3)c3ccccc23)=C1c1ccccc1,0.629090111,2.407668877,-9.1,-8.2,2.9308,415.1895917
COCCN1CCC(CNC(=O)c2n[nH]c3ccc(-c4ccccc4)cc23)CC1,0.647153718,2.235827093,-8.8,-8.7,3.3181,392.2212261
O=C(Nc1n[nH]c2ncc(-c3ccccc3)cc12)C1CC1,0.773390379,2.155164175,-8.5,-8,2.9734,278.1167611
Cn1cc(C2=C(c3cn(CCCN4CCOCC4)c4ccccc34)C(=O)NC2=O)c2ccccc21,0.440541409,2.644305013,-9.6,-8.3,3.4225,468.2161408
FC(F)(F)c1ccc(Nc2nccc(-c3cnn4ncccc34)n2)cc1,0.60200208,2.53456672,-9.2,-8.6,3.9487,356.099729
O=C(Nc1n[nH]c2ccc(-c3ccccn3)cc12)C1CC1,0.773390379,2.163185865,-8.7,-8,2.9734,278.1167611
Cn1cc(C2=C(c3cn(C)c4c(Cl)cccc34)C(=O)NC2=O)c2ccccc21,0.528652014,2.588183007,-8.9,-9.2,3.8906,389.0931044
COCCN1CCC(CNC(=O)c2n[nH]c3ccc(-c4ccccc4)cc23)CC1,0.647153718,2.235827093,-8.8,-8.6,3.3181,392.2212261
c1ccc(-c2ccc(CSc3nnc(-c4ccc5c(c4)OCCO5)o3)cc2)cc1,0.412852211,2.143259086,-9.4,-9.1,5.4671,402.1038134
O=C1NC(=O)C(c2ccccc2)=C1Nc1ccccc1,0.835213173,1.958409695,-7.7,-7.7,2.1662,264.0898776
CSc1nc(-c2ccc(F)cc2)c(C2=CC=NC(Nc3ccc(NC(=O)c4ccccc4)cc3)=NC=C2)n1C,0.270377279,3.058869093,-9.9,-8.8,6.65,536.1794586
Cn1cc(C2=C(c3cn(C)c4ccccc34)C(=O)NC2=O)c2ccccc21,0.561396223,2.41960808,-9,-8.3,3.2372,355.1320768
COCCN1CCC(CNC(=O)c2n[nH]c3ccc(-c4ccccc4)cc23)CC1,0.647153718,2.235827093,-8.8,-8.5,3.3181,392.2212261
COCCN1CCC(CNC(=O)c2n[nH]c3ccc(-c4ccccc4)cc23)CC1,0.647153718,2.235827093,-8.7,-8.7,3.3181,392.2212261
COCCN1CCC(CNC(=O)c2n[nH]c3ccc(-c4ccccc4)cc23)CC1,0.647153718,2.235827093,-8.8,-8.7,3.3181,392.2212261
O=C1NC(=O)C(c2ccccc2)=C1Nc1cc(Cl)c(O)c(Cl)c1,0.587526714,2.35591934,-7.9,-8.2,3.1786,348.0068475
O=C(Nc1n[nH]c2ccc(-c3ccccn3)cc12)C1CC1,0.773390379,2.163185865,-8.5,-8,2.9734,278.1167611
Cc1cncc(-c2ccc3[nH]nc(C(=O)NCC4CCN(CC(=O)O)CC4)c3c2)c1,0.578827355,2.505609095,-9.4,-8.8,2.45972,407.1957397
O=C(Nc1n[nH]c2ccc(-c3ccccn3)cc12)C1CC1,0.773390379,2.163185865,-8.7,-7.6,2.9734,278.1167611
O=C1NC(=O)C(c2cccc(C(F)(F)F)c2)=C1Nc1cccc(C(=O)O)c1,0.713525544,2.355821804,-8.8,-9,2.8832,376.0670915
CSc1ccc(NC2=C(c3ccccc3)C(=O)NC2=O)cc1,0.673281968,2.198439841,-7.8,-7.7,2.8881,310.0775987
c1ccc(CSc2nnc(-c3ccc4c(c3)OCCO4)o2)cc1,0.679772291,2.089739104,-8.5,-8.1,3.8001,326.0725133
O=C(O)CN1CCC(CNC(=O)c2n[nH]c3ccc(-c4ccccc4)cc23)CC1,0.599180564,2.23850613,-9.2,-8.9,2.7563,392.1848406
COCCN1CCC(CNC(=O)c2n[nH]c3ccc(-c4ccccc4)cc23)CC1,0.647153718,2.235827093,-8.8,-8.5,3.3181,392.2212261
c1ccc(-c2ccc(CSc3nnc(-c4ccc5c(c4)OCCO5)o3)cc2)cc1,0.412852211,2.143259086,-9.4,-9,5.4671,402.1038134
Cn1cc(C2=C(c3cn(C)c4ccccc34)C(=O)NC2=O)c2ccccc21,0.561396223,2.41960808,-9,-8.3,3.2372,355.1320768
O=C1NC(=O)C(c2ccccc2)=C1Nc1cc(Cl)c(O)c(Cl)c1,0.587526714,2.35591934,-7.8,-8.2,3.1786,348.0068475
CN(C)CCCn1cc(C2=C(c3cn(C)c4ccccc34)C(=O)NC2=O)c2ccccc21,0.478990335,2.579171886,-8.9,-7.7,3.6519,426.2055761
O=C(Nc1n[nH]c2ccc(-c3ccccn3)cc12)C1CC1,0.773390379,2.163185865,-8.6,-8.1,2.9734,278.1167611
CSc1nc(-c2ccc(F)cc2)c(C2=CC=NC(Nc3ccc(NC(=O)c4ccccc4)cc3)=NC=C2)n1C,0.270377279,3.058869093,-9.8,-9,6.65,536.1794586
O=C(Nc1n[nH]c2ccc(-c3ccccn3)cc12)C1CC1,0.773390379,2.163185865,-8.6,-7.6,2.9734,278.1167611
O=C(Nc1n[nH]c2ccc(-c3ccccn3)cc12)C1CC1,0.773390379,2.163185865,-8.6,-8,2.9734,278.1167611
O=C(Nc1n[nH]c2cc(-c3ccccc3)ccc12)C1CC1,0.768445346,1.975895071,-8.1,-7.7,3.5784,277.1215121
COCCN1CCC(CNC(=O)c2n[nH]c3ccc(-c4ccccc4)cc23)CC1,0.647153718,2.235827093,-8.8,-8.6,3.3181,392.2212261
O=C(O)CN1CCC(CNC(=O)c2n[nH]c3ccc(-c4cccc(F)c4F)cc23)CC1,0.560711128,2.45747241,-9.1,-9.3,3.0345,428.165997
COCCN1CCC(CNC(=O)c2n[nH]c3ccc(-c4ccccc4)cc23)CC1,0.647153718,2.235827093,-8.8,-8.6,3.3181,392.2212261
O=C(Nc1n[nH]c2ccc(-c3ccccn3)cc12)C1CC1,0.773390379,2.163185865,-8.5,-8,2.9734,278.1167611
N#Cc1ccc(-c2ccc(CSc3nnc(-c4ccc5c(c4)OCCO5)o3)cc2)cc1,0.397746084,2.328630459,-9.4,-9.6,5.33878,427.0990624
O=C1NCCc2ccc(-c3ccnc(NC(=O)C4CC4)c3)cc21,0.91433317,2.302667046,-8.8,-8.5,2.383,307.1320768
O=C(NCC1CCN(Cc2ccccc2)CC1)c1n[nH]c2ccc(-c3cccnc3)cc12,0.483927731,2.282783119,-9,-9.2,4.2669,425.2215605
Cn1cc(C2=C(c3cn(CCCN4CCOCC4)c4ccccc34)C(=O)NC2=O)c2ccccc21,0.440541409,2.644305013,-9.6,-9,3.4225,468.2161408
N#Cc1ccc(-c2ccc(CSc3nnc(-c4ccncc4)o3)cc2)cc1,0.462097457,2.187465577,-8.9,-8.6,4.96258,370.0888321
Cc1nc(C)n(-c2ccc(Nc3nccc(-c4cccc(Nc5cccc(C(F)(F)F)c5)c4)n3)cc2)n1,0.264979413,2.538798106,-10.1,-10.5,6.84714,501.1888784
O=C1NCCc2ccc(-c3ccnc(NC(=O)C4CC4)c3)cc21,0.91433317,2.302667046,-8.8,-8.5,2.383,307.1320768
c1ccc(-c2ccc(CSc3nnc(-c4ccc5c(c4)OCO5)o3)cc2)cc1,0.425315534,2.104144358,-9.4,-8.9,5.4246,388.0881634
Cc1ccc(-c2ccc3c(-c4ccc(C(=O)O)cc4)coc3c2)o1,0.551574189,2.140828791,-8.5,-8.7,5.36642,318.0892089
c1ccc(-c2nn3ncccc3c2-c2ccnc(Nc3ccc(N4CCOCC4)cc3)n2)cc1,0.42502104,2.541136749,-9.4,-8.8,4.4335,449.1964084
CCS(=O)(=O)Nc1ccc(CCNC(=O)c2ccnc3[nH]c(-c4ccccc4)cc23)cc1,0.379427639,2.351865589,-8.6,-7.7,3.964,448.1569116
CSc1ccc(NC2=C(c3ccccc3)C(=O)NC2=O)cc1,0.673281968,2.198439841,-7.8,-7.7,2.8881,310.0775987
CSc1ccc(NC2=C(c3ccccc3)C(=O)NC2=O)cc1,0.673281968,2.198439841,-7.9,-7.7,2.8881,310.0775987
O=C(Nc1n[nH]c2ccc(-c3ccccc3)cc12)C1CC1,0.768445346,1.963749043,-8.8,-8.4,3.5784,277.1215121
O=C1NC(=O)C(c2ccccc2)=C1Nc1cc(Cl)c(O)c(Cl)c1,0.587526714,2.35591934,-7.9,-8.2,3.1786,348.0068475
O=C1NC(=O)C(c2ccccc2)=C1Nc1cc(Cl)c(O)c(Cl)c1,0.587526714,2.35591934,-7.9,-8.2,3.1786,348.0068475
COc1ccc(C(=O)Nc2c[nH]nc2C(=O)NC2CCC(OC)CC2)cc1,0.721843103,2.515196891,-8.4,-7.9,2.358,372.1797552
O=C1NC(=O)C(c2ccccc2)=C1Nc1cc(Cl)c(O)c(Cl)c1,0.587526714,2.35591934,-7.9,-8.3,3.1786,348.0068475
CCCC(=O)Nc1n[nH]c2cc(-c3ccccc3)ccc12,0.758874824,1.979329371,-7.9,-7.6,3.9685,279.1371622
O=C(Nc1n[nH]c2ccc(-c3ccccn3)cc12)C1CC1,0.773390379,2.163185865,-8.6,-8.1,2.9734,278.1167611
O=C1NC(=O)C(c2ccccc2)=C1Nc1cc(Cl)c(O)c(Cl)c1,0.587526714,2.35591934,-7.9,-8.1,3.1786,348.0068475
O=C(NCC1CCN(Cc2ccccc2)CC1)c1cncc(NC(=O)c2ccccc2)c1,0.597086069,2.022850777,-9.7,-8.1,3.9759,428.2212261
O=C(Nc1n[nH]c2ccc(-c3ccccn3)cc12)C1CC1,0.773390379,2.163185865,-8.6,-8.2,2.9734,278.1167611
O=C1NCCc2ccc(-c3ccnc(NC(=O)C4CC4)c3)cc21,0.91433317,2.302667046,-8.8,-8.5,2.383,307.1320768
Cn1cc(C2=C(c3cn(C)c4c(F)cccc34)C(=O)NC2=O)c2ccccc21,0.54790134,2.628073952,-8.9,-8.1,3.3763,373.122655
O=C(Nc1n[nH]c2ccc(-c3ccccn3)cc12)C1CC1,0.773390379,2.163185865,-8.6,-7.6,2.9734,278.1167611
O=C(Nc1n[nH]c2cc(-c3ccccc3)ccc12)C1CC1,0.768445346,1.975895071,-8.2,-7.7,3.5784,277.1215121
O=C(Nc1n[nH]c2ccc(-c3ccccn3)cc12)C1CC1,0.773390379,2.163185865,-8.6,-7.6,2.9734,278.1167611
c1ccc(Nc2nccc(-c3cnn4ncccc34)n2)cc1,0.627484971,2.364224756,-8.1,-8.1,2.9299,288.1123444
O=C1NCCc2ccc(-c3ccnc(NC(=O)C4CC4)c3)cc21,0.91433317,2.302667046,-8.7,-8.5,2.383,307.1320768
c1ccc(-c2ccc(CSc3nnc(-c4ccc5c(c4)OCCO5)o3)cc2)cc1,0.412852211,2.143259086,-9.4,-9.2,5.4671,402.1038134
O=C(Nc1n[nH]c2ccc(-c3ccccn3)cc12)C1CC1,0.773390379,2.163185865,-8.6,-8,2.9734,278.1167611
O=C1NC(=O)C(c2ccccc2)=C1Nc1cc(Cl)c(O)c(Cl)c1,0.587526714,2.35591934,-7.9,-8.2,3.1786,348.0068475
Cn1cc(C2=C(c3cn(CCCN)c4ncccc34)C(=O)NC2=O)c2ccccc21,0.504112634,2.695576716,-8.5,-8,2.444,399.1695249
O=C(NCC1CCN(Cc2ccccc2)CC1)c1n[nH]c2ccc(-c3ccccc3)cc12,0.464120718,2.146793483,-8.8,-9.2,4.8719,424.2263115
c1ccc(-c2ccc(CSc3nnc(-c4ccc5c(c4)OCCO5)o3)cc2)cc1,0.412852211,2.143259086,-9.4,-8.5,5.4671,402.1038134
O=C1NC(=O)C(c2ccccc2)=C1Nc1cc(Cl)c(O)c(Cl)c1,0.587526714,2.35591934,-7.9,-8.2,3.1786,348.0068475
N#Cc1ccc(-c2ccc(CSc3nnc(-c4ccc5c(c4)OCCO5)o3)cc2)cc1,0.397746084,2.328630459,-9.4,-9.2,5.33878,427.0990624
Cn1cc(C2=C(c3cn(CCN)c4ccccc34)C(=O)NC2=O)c2ccccc21,0.530897907,2.559741289,-8.9,-8.1,2.6589,384.1586259
CSc1nc(-c2ccc(F)cc2)c(-c2ccnc(Nc3ccc(NC(=O)c4ccccc4)cc3)c2)n1C,0.231073926,2.422796513,-9.8,-9.6,7.006,509.1685596
CSc1ccc(NC2=C(c3ccccc3)C(=O)NC2=O)cc1,0.673281968,2.198439841,-7.9,-7.7,2.8881,310.0775987
O=C1NCC2CCN(CCc3ccccc3)CCc3cc(-c4ccccc4)[nH]c3C1=N2,0.6894742,4.411820044,-10.3,-9.5,3.4601,412.2263115
Cc1cc(Nc2ccc(Cl)c(Cl)c2)nc(-c2cnn3ncccc23)n1,0.572506864,2.586705082,-9.1,-8.6,4.54512,370.0500497
COc1cccc2c(C3=C(c4ccccc4)C(=O)NC3=O)cn(C)c12,0.750397967,2.332464671,-8,-8.4,2.7541,332.1160924
CN(C)CCCn1cc(C2=C(c3ccccc3)C(=O)NC2=O)c2ccccc21,0.675529158,2.334070045,-8.5,-7.1,3.1602,373.179027
Cn1cc(C2=C(c3cn(C)c4ccc(Cl)cc34)C(=O)NC2=O)c2ccccc21,0.528652014,2.51371699,-9.1,-8.7,3.8906,389.0931044
CCCCC(=O)Nc1n[nH]c2nc(-c3ccccc3)ccc12,0.75245001,2.151997636,-7.9,-7.4,3.7536,294.1480612
O=C(Nc1n[nH]c2ccc(-c3ncccc3Cl)cc12)C1CC1,0.775545072,2.299971709,-8.9,-8.4,3.6268,312.0777887
O=C(O)c1ccc(-c2c[nH]c3cc(-c4ccccc4)ccc23)cc1,0.545938783,1.827033463,-8.8,-9.2,5.2001,313.1102787
COc1cccc(C2=C(c3cn(CCCN(C)C)c4ccccc34)C(=O)NC2=O)c1,0.615764964,2.427644168,-7.8,-6.9,3.1688,403.1895917
CC(C)CC(=O)Nc1cccc(-c2ccnc(Nc3ccc(N4CCOCC4)cc3)n2)c1,0.564104977,2.236932462,-9.1,-9,4.7084,431.2321252
CSc1nc(-c2ccc(F)cc2)c(C2=CC=NC(Nc3ccc(NC(=O)c4ccccc4)cc3)=NC=C2)n1C,0.270377279,3.058869093,-10.1,-9.2,6.65,536.1794586
c1ccc(-c2ccc(CSc3nnc(-c4ccc5c(c4)OCCO5)o3)cc2)cc1,0.412852211,2.143259086,-9.4,-9,5.4671,402.1038134
COCCN1CCC(CNC(=O)c2n[nH]c3cc(-c4ccccc4)ccc23)CC1,0.647153718,2.240086822,-8.7,-8.3,3.3181,392.2212261
Cn1cc(C2=C(c3cn(C)c4ccc(Cl)cc34)C(=O)NC2=O)c2cc(F)ccc21,0.509959922,2.614938426,-9.5,-8.9,4.0297,407.0836826
CSc1ccc(NC2=C(c3ccc(Cl)cc3)C(=O)NC2=O)cc1,0.657625785,2.261784033,-7.7,-7.5,3.5415,344.0386263
c1ccc(-c2ccc(CSc3nnc(-c4ccc5c(c4)OCCO5)o3)cc2)cc1,0.412852211,2.143259086,-9.4,-8.4,5.4671,402.1038134
CN(C)CCCn1cc(C2=C(c3cn(C)c4ccccc34)C(=O)NC2=O)c2ccccc21,0.478990335,2.579171886,-8.9,-7.8,3.6519,426.2055761
COCCN1CCC(CNC(=O)c2n[nH]c3ccc(-c4ccccc4)cc23)CC1,0.647153718,2.235827093,-8.8,-8.6,3.3181,392.2212261
O=C(NCC1CCN(Cc2ccccc2)CC1)c1n[nH]c2ccc(-c3ccccc3)cc12,0.464120718,2.146793483,-8.9,-9.6,4.8719,424.2263115
O=C(Nc1n[nH]c2ccc(-c3ccccn3)cc12)C1CC1,0.773390379,2.163185865,-8.4,-8,2.9734,278.1167611
O=C(Nc1n[nH]c2ccc(-c3ccccn3)cc12)C1CC1,0.773390379,2.163185865,-8.6,-7.6,2.9734,278.1167611
O=C(Nc1n[nH]c2ncc(-c3ccccc3)cc12)C1CC1,0.773390379,2.155164175,-8.5,-8,2.9734,278.1167611
CSc1nc(-c2ccc(F)cc2)c(-c2ccnc(NC(=O)C3CC3)c2)[nH]1,0.657070904,2.39643739,-9,-7.6,4.3482,368.1107104
Cn1cc(C2=C(c3cn(C)c4ccc(C(F)(F)F)cc34)C(=O)NC2=O)c2ccccc21,0.490214782,2.640666137,-9.2,-9.4,4.256,423.1194614
FC(F)(F)c1ccc(Nc2ccnc(-c3cnn4ncccc34)n2)cc1,0.60200208,2.594640566,-9.3,-8.8,3.9487,356.099729
O=C(O)c1ccc(Nc2nccc(-c3ccc4c(c3)C(=O)NCC4)n2)cc1,0.660837,2.286913536,-9.4,-8.9,2.8713,360.1222404
O=C(Nc1n[nH]c2cc(-c3ccccc3)ccc12)C1CC1,0.768445346,1.975895071,-8.2,-7.7,3.5784,277.1215121
c1ccc(-c2ccc(CSc3nnc(-c4ccc5c(c4)OCCO5)o3)cc2)cc1,0.412852211,2.143259086,-9.4,-9.1,5.4671,402.1038134
c1ccc(-c2ccc(CSc3nnc(-c4ccc5c(c4)OCCO5)o3)cc2)cc1,0.412852211,2.143259086,-9.4,-9,5.4671,402.1038134
Cn1cc(C2=C(c3cn(C)c4c(Cl)cccc34)C(=O)NC2=O)c2ccccc21,0.528652014,2.588183007,-8.9,-9.2,3.8906,389.0931044
CSc1nc(-c2ccc(F)cc2)c(-c2ccnc(Nc3cccc(C(F)(F)F)c3)c2)[nH]1,0.263720261,2.50101699,-9,-8.7,6.7621,444.1031804
O=C(Nc1ccc(Nc2nccc(-c3ccccc3)n2)cc1)c1ccccc1,0.513166651,1.754332104,-9.6,-9,5.1395,366.1480612
O=C(O)c1ccc(Nc2ncc(C(F)(F)F)c(Nc3ccc(C(F)(F)F)cc3)n2)cc1,0.439725941,2.309720898,-9.2,-8.6,5.6996,442.0864449
O=C(O)CN1CCC(CNC(=O)c2n[nH]c3ccc(-c4ccccc4)cc23)CC1,0.599180564,2.23850613,-9.2,-8.9,2.7563,392.1848406
Cc1nc(C)n(-c2ccc(Nc3nccc(-c4cccc(Nc5ccc(Cl)c(Cl)c5)n4)n3)cc2)n1,0.272147782,2.582327467,-9.9,-9.4,6.53014,502.118798
CN(C)CCCn1cc(C2=C(c3cccc4ccccc34)C(=O)NC2=O)c2ccccc21,0.470295516,2.435693515,-9.6,-8.1,4.3134,423.194677
CSc1ccc(NC2=C(c3ccccc3)C(=O)NC2=O)cc1,0.673281968,2.198439841,-7.9,-7.7,2.8881,310.0775987
CS(=O)(=O)Nc1ccc(CCNC(=O)c2ccnc3[nH]c(-c4ccccc4)cc23)cc1,0.413558828,2.274450635,-8.5,-8.6,3.5739,434.1412616
COCCN1CCC(CNC(=O)c2n[nH]c3ccc(-c4ccccc4)cc23)CC1,0.647153718,2.235827093,-8.8,-8.6,3.3181,392.2212261
Cn1cc(C2=C(c3cn(C)c4ccccc34)C(=O)NC2=O)c2ccccc21,0.561396223,2.41960808,-9,-8.3,3.2372,355.1320768
COCCN1CCC(CNC(=O)c2n[nH]c3ccc(-c4ccccc4)cc23)CC1,0.647153718,2.235827093,-8.8,-8.6,3.3181,392.2212261
CSc1ccc(NC2=C(c3ccccc3)C(=O)NC2=O)cc1,0.673281968,2.198439841,-7.7,-7.7,2.8881,310.0775987
COCCN1CCC(CNC(=O)c2n[nH]c3ccc(-c4ccccc4)cc23)CC1,0.647153718,2.235827093,-8.8,-8.7,3.3181,392.2212261
CSc1ccc(NC2=C(c3ccccc3)C(=O)NC2=O)cc1,0.673281968,2.198439841,-7.8,-7.7,2.8881,310.0775987
FC(F)(F)c1ccc(-c2ccc(CSc3nnc(-c4ccc5c(c4)OCCO5)o3)cc2)cc1,0.311066304,2.355408353,-9.5,-10.1,6.4859,470.0911981
CN(C)CCCn1cc(C2=C(c3cn(C)c4ccccc34)C(=O)NC2=O)c2ccccc21,0.478990335,2.579171886,-9,-7.8,3.6519,426.2055761
c1ccc(-c2ccc(CSc3nnc(-c4ccc5c(c4)OCCO5)o3)cc2)cc1,0.412852211,2.143259086,-9.4,-9.1,5.4671,402.1038134
O=C1NC(=O)C(c2ccccc2)=C1Nc1cc(Cl)c(O)c(Cl)c1,0.587526714,2.35591934,-7.9,-8.2,3.1786,348.0068475
O=C(O)CN1CCC(CNC(=O)c2n[nH]c3cc(-c4ccccc4)ccc23)CC1,0.599180564,2.24281657,-9,-8.5,2.7563,392.1848406
O=C1NC(=O)C(c2ccccc2)=C1Nc1cccc(C(=O)O)c1,0.749380567,2.107175749,-8.5,-8.4,1.8644,308.0797069
O=C(Nc1n[nH]c2ncc(-c3ccc(Cl)cc3)cc12)C1CC1,0.775545072,2.219756324,-8.8,-8,3.6268,312.0777887
CSc1nc(-c2ccc(F)cc2)c(C2=CC=NC(Nc3ccc(NC(=O)c4ccccc4)cc3)=NC=C2)n1C,0.270377279,3.058869093,-10.1,-8.7,6.65,536.1794586
c1ccc(-c2ccc(CSc3nnc(-c4ccc5c(c4)OCCO5)o3)cc2)cc1,0.412852211,2.143259086,-9.4,-9,5.4671,402.1038134
c1ccc(-c2ccc(CSc3nnc(-c4ccc5c(c4)OCCO5)o3)cc2)cc1,0.412852211,2.143259086,-9.3,-8.4,5.4671,402.1038134
O=C(O)CN1CCC(CNC(=O)c2n[nH]c3ccc(-c4ccccc4)cc23)CC1,0.599180564,2.23850613,-9.3,-8.9,2.7563,392.1848406
CN(C)CCCn1cc(C2=C(c3cn(CCCO)c4ccccc34)C(=O)NC2=O)c2ccccc21,0.367179397,2.696274678,-8,-7.7,3.4973,470.2317908
CCOc1ccc(C(=O)NCCc2ccc(NS(C)(=O)=O)cc2)c2[nH]c(-c3ccc(F)cc3)nc12,0.322777215,2.411235741,-8.5,-8.1,4.1117,496.1580545
Cn1cc(C2=C(c3cn4c5c(cccc35)CN(C(=O)N3CCOCC3)CC4)C(=O)NC2=O)c2ccccc21,0.42108705,2.968584219,-9.9,-11.2,2.968,509.2063043
CSc1nc(-c2ccc(F)cc2)c(-c2ccnc(Nc3ccc(NC(=O)c4ccccc4)cc3)c2)n1C,0.231073926,2.422796513,-9.8,-9.7,7.006,509.1685596
O=C(Nc1n[nH]c2ccc(-c3ccccn3)cc12)C1CC1,0.773390379,2.163185865,-8.6,-7.5,2.9734,278.1167611
CSc1nc(-c2ccc(F)cc2)c(C2=CC=NC(Nc3ccc(NC(=O)c4ccc(NC(=O)C=CCN(C)C)cc4)cc3)=NC=C2)n1C,0.128545533,3.423644774,-9.2,-9,6.7063,662.2587716
O=C1NC(=O)C(c2ccccc2)=C1Nc1cc(Cl)c(O)c(Cl)c1,0.587526714,2.35591934,-7.9,-8.2,3.1786,348.0068475
c1ccc(-c2ccc(CSc3nnc(-c4ccc5c(c4)OCCO5)o3)cc2)cc1,0.412852211,2.143259086,-9.4,-9.1,5.4671,402.1038134
Cc1nc(C)n(-c2ccc(Nc3cc(-c4ccc5c(c4)C(=O)NCC5)ccn3)cc2)n1,0.531689461,2.592843704,-10.3,-9.7,3.97564,410.1855093
O=C1NCCc2ccc(-c3ccnc(NC(=O)C4CC4)c3)cc21,0.91433317,2.302667046,-8.8,-8.5,2.383,307.1320768
O=C(Nc1n[nH]c2cc(-c3ccccc3)ccc12)C1CC1,0.768445346,1.975895071,-8.1,-7.6,3.5784,277.1215121
O=C(Nc1cc(-c2ccnc(Nc3ccccc3)c2)ccn1)C1CCOCC1,0.698081086,2.255207545,-9.2,-8.6,4.2523,374.1742759
O=C1NC(=O)C(c2ccccc2)=C1Nc1cc(Cl)c(O)c(Cl)c1,0.587526714,2.35591934,-7.8,-8.2,3.1786,348.0068475
COCCN1CCC(CNC(=O)c2n[nH]c3ccc(-c4ccccc4)cc23)CC1,0.647153718,2.235827093,-8.8,-8.6,3.3181,392.2212261
CN(C)CCCn1cc(C2=C(c3coc4ccccc34)C(=O)NC2=O)c2ccccc21,0.486936486,2.611716495,-9.2,-8.4,3.9064,413.1739416
NS(=O)(=O)c1ccc(-c2ccc3c(c2)C(=O)NCC3)cc1,0.87560923,2.111736189,-8.4,-8.4,1.2869,302.0725133
FC(F)(F)c1cccc(Nc2nccc(-c3cnn4ncccc34)n2)c1,0.60200208,2.563619643,-9,-8.4,3.9487,356.099729
O=C(O)CN1CCC(CNC(=O)c2n[nH]c3ccc(-c4ccccc4)cc23)CC1,0.599180564,2.23850613,-9.2,-8.9,2.7563,392.1848406
Cc1ccncc1-c1ccc2[nH]nc(C(=O)NCC3CCN(CC(=O)O)CC3)c2c1,0.578827355,2.505290312,-9.3,-9.1,2.45972,407.1957397
O=C1NC(=O)C(c2ccccc2)=C1Nc1cc(Cl)c(O)c(Cl)c1,0.587526714,2.35591934,-8.1,-8.2,3.1786,348.0068475
COCCN1CCC(CNC(=O)c2n[nH]c3ccc(-c4ccccc4)cc23)CC1,0.647153718,2.235827093,-8.8,-8.5,3.3181,392.2212261
CS(=O)(=O)Nc1ccc(CCNC(=O)c2ccnc3[nH]c(-c4ccccc4)cc23)cc1,0.413558828,2.274450635,-9.3,-8.6,3.5739,434.1412616
CS(=O)(=O)Nc1ccc(CCNC(=O)c2ccnc3cc(-c4ccccc4)[nH]c23)cc1,0.413558828,2.346677774,-8.9,-8.3,3.5739,434.1412616
Cn1c(N2CCNC(c3ccc(Cl)cc3)C2)nc(-c2ccccc2)cc1=O,0.757395061,2.76283495,-9.3,-8.6,3.2516,380.140389
C=CC(=O)NCCCn1cc(C2=C(c3cn(C)c4ccccc34)C(=O)NC2=O)c2ccccc21,0.256102502,2.716443583,-9.4,-9.3,3.3925,452.1848406
O=C(O)CN1CCC(CNC(=O)c2n[nH]c3ccc(-c4ccccc4)cc23)CC1,0.599180564,2.23850613,-9.2,-9.2,2.7563,392.1848406
O=C(NCCc1ccccc1)c1ccc(O)c2nc(-c3ccc(F)cc3)[nH]c12,0.492469209,2.174851989,-9.4,-8.6,4.0471,375.138305
O=C(Nc1n[nH]c2ccc(-c3ccccc3)cc12)C1CC1,0.768445346,1.963749043,-8.7,-8.2,3.5784,277.1215121
c1ccc(-c2ccc(CSc3nnc(-c4ccc5c(c4)OCCO5)o3)cc2)cc1,0.412852211,2.143259086,-9.4,-9.1,5.4671,402.1038134
Cn1cc(C2=C(c3cn(C)c4ccccc34)C(=O)NC2=O)c2ccccc21,0.561396223,2.41960808,-9,-8.3,3.2372,355.1320768
COCCN1CCC(CNC(=O)c2n[nH]c3ccc(-c4ccccc4)cc23)CC1,0.647153718,2.235827093,-8.8,-8.5,3.3181,392.2212261
O=C(Nc1n[nH]c2ccc(-c3ccccn3)cc12)C1CC1,0.773390379,2.163185865,-8.6,-8,2.9734,278.1167611
CN(C)CCCn1cc(C2=C(c3cn(C)c4ccccc34)C(=O)NC2=O)c2ccccc21,0.478990335,2.579171886,-8.9,-8.1,3.6519,426.2055761
Cc1nc(C)n(-c2ccc(Nc3cc(-c4ccc5c(c4)C(=O)NCC5)ccn3)cc2)n1,0.531689461,2.592843704,-10.4,-9.7,3.97564,410.1855093
O=C(NCCc1ccccc1)c1n[nH]c2cc(-c3ccccc3)ccc12,0.571381658,1.892750568,-8.7,-8.4,4.2024,341.1528122
O=C(O)CN1CCC(CNC(=O)c2n[nH]c3ccc(-c4ccccc4)cc23)CC1,0.599180564,2.23850613,-9.2,-8.9,2.7563,392.1848406
O=C(CN1C(=O)CCc2ccccc21)Nc1scc(Br)c1-c1ncn[nH]1,0.662646379,2.770169182,-9,-8.4,3.2136,431.0051578
O=C(O)c1ccc(-c2ccc3[nH]nc(C(=O)NCC4CCN(Cc5ccc(C(=O)O)o5)CC4)c3c2)cc1,0.283791001,2.565322634,-9.8,-9.1,3.8613,502.1852346
O=C1NC(=O)C(c2ccccc2)=C1Nc1cc(Cl)c(O)c(Cl)c1,0.587526714,2.35591934,-7.9,-8.2,3.1786,348.0068475
CN(C)CCCn1cc(C2=C(c3cn(CCCN4CCOCC4)c4ccccc34)C(=O)NC2=O)c2ccccc21,0.310314121,2.81384747,-8.6,-8.2,3.8372,539.28964
c1ccc(-c2ccc(CSc3nnc(-c4ccc5c(c4)OCCO5)o3)cc2)cc1,0.412852211,2.143259086,-9.4,-9,5.4671,402.1038134
O=C1NC(=O)C(c2ccccc2)=C1Nc1cc(Cl)c(O)c(Cl)c1,0.587526714,2.35591934,-7.9,-8.1,3.1786,348.0068475
O=C1NC(=O)C(c2ccccc2)=C1Nc1cc(Cl)c(O)c(Cl)c1,0.587526714,2.35591934,-7.9,-8.3,3.1786,348.0068475
FC(F)(F)c1ccc(-c2ccc(CSc3nnc(-c4ccncc4)o3)cc2)cc1,0.369609531,2.208155031,-9.1,-9.2,6.1097,413.0809677
O=C1NC(=O)C(c2ccccc2)=C1Nc1cc(Cl)c(O)c(Cl)c1,0.587526714,2.35591934,-7.9,-8.2,3.1786,348.0068475
O=C(Nc1n[nH]c2ccc(-c3ccccc3)cc12)C1CC1,0.768445346,1.963749043,-8.8,-8.3,3.5784,277.1215121
c1cnn2ncc(-c3ccnc(Nc4ccc(-n5cnc(N6CCOCC6)n5)cc4)n3)c2c1,0.440078572,2.898664822,-9.9,-9.3,2.3472,440.1821553
O=C(Nc1n[nH]c2ccc(-c3ccccn3)cc12)C1CC1,0.773390379,2.163185865,-8.6,-8,2.9734,278.1167611
CSc1ccc(NC2=C(c3ccccc3)C(=O)NC2=O)cc1,0.673281968,2.198439841,-7.9,-7.8,2.8881,310.0775987
N=C1NC(=O)C(=Cc2ccc(-c3ccc(Cl)cc3)o2)S1,0.830631159,2.659404864,-7.6,-7.7,3.73867,304.0073262
Cn1cc(C2=C(c3cn(C)c4ccc(F)cc34)C(=O)NC2=O)c2cc(F)ccc21,0.531880771,2.62495552,-9.3,-8.7,3.5154,391.1132332
O=C1NCCc2ccc(-c3ccnc(NC(=O)C4CC4)c3)cc21,0.91433317,2.302667046,-8.8,-8.5,2.383,307.1320768
O=C(Nc1n[nH]c2ccc(-c3ccccn3)cc12)C1CC1,0.773390379,2.163185865,-8.6,-8,2.9734,278.1167611
O=C(Nc1n[nH]c2ccc(-c3ccccn3)cc12)C1CC1,0.773390379,2.163185865,-8.7,-7.6,2.9734,278.1167611
O=C1NC(=O)C(c2cn(CCCN3CCOCC3)c3ccccc23)=C1c1coc2ccccc12,0.449108134,2.668609246,-9.8,-8.6,3.677,455.1845063
FC(F)(F)c1ccc(-c2ccc(CSc3nnc(-c4ccc5c(c4)OCCO5)o3)cc2)cc1,0.311066304,2.355408353,-9.4,-10,6.4859,470.0911981
O=C1NC(=O)C(c2ccccc2)=C1Nc1cc(Cl)c(O)c(Cl)c1,0.587526714,2.35591934,-8,-8.2,3.1786,348.0068475
Cn1cc(C2=C(c3cn(CCCN4CCOCC4)c4ccccc34)C(=O)NC2=O)c2ccccc21,0.440541409,2.644305013,-9.5,-8.3,3.4225,468.2161408
O=C1NC(=O)C(c2ccccc2)=C1Nc1cc(Cl)c(O)c(Cl)c1,0.587526714,2.35591934,-7.9,-8.2,3.1786,348.0068475
c1ccc(-c2ccc(CSc3nnc(-c4ccc5c(c4)OCCO5)o3)cc2)cc1,0.412852211,2.143259086,-9.4,-9.1,5.4671,402.1038134
O=C1NC(=O)C(c2ccccc2)=C1Nc1cc(Cl)c(O)c(Cl)c1,0.587526714,2.35591934,-7.9,-8.3,3.1786,348.0068475
O=C(Nc1n[nH]c2ccc(-c3ccccc3)cc12)C1CC1,0.768445346,1.963749043,-8.7,-8.2,3.5784,277.1215121
O=C(Nc1cc(-c2ccnc(Nc3ccccc3)c2)ccn1)C1CCC1,0.708245906,2.088978275,-9,-8.2,4.6258,344.1637113
O=C(Nc1cc(-c2ccccc2)ccn1)C1CCCC1,0.915697433,1.757717099,-8.2,-8.1,3.8773,266.1419132
O=C1NC(=O)C(c2ccccc2)=C1Nc1cc(Cl)c(O)c(Cl)c1,0.587526714,2.35591934,-7.9,-8.2,3.1786,348.0068475
O=C(Nc1n[nH]c2ccc(-c3ccccc3)cc12)C1CC1,0.768445346,1.963749043,-8.9,-8.4,3.5784,277.1215121
O=C(NCC1CCN(Cc2ccc(C(=O)O)o2)CC1)c1cncc(NC(=O)c2ccncc2)c1,0.463596748,2.484439491,-9.9,-9.1,2.6621,463.1855689
CSc1ccc(NC2=C(c3ccccc3)C(=O)NC2=O)cc1,0.673281968,2.198439841,-7.8,-7.7,2.8881,310.0775987
CSc1ccc(NC2=C(c3ccccc3)C(=O)NC2=O)cc1,0.673281968,2.198439841,-7.8,-7.7,2.8881,310.0775987
O=C1NC(=O)C(c2ccccc2)=C1Nc1cc(Cl)c(O)c(Cl)c1,0.587526714,2.35591934,-7.9,-8.2,3.1786,348.0068475
COc1cccc2c(C3=C(c4cn(C)c5cc(C(F)(F)F)ccc45)C(=O)NC3=O)cn(C)c12,0.471633669,2.799091426,-9.2,-9.5,4.2646,453.1300261
O=C(Nc1n[nH]c2ncc(-c3ccccc3)cc12)C1CC1,0.773390379,2.155164175,-8.3,-7.8,2.9734,278.1167611
O=C(Nc1n[nH]c2ccc(-c3ccccn3)cc12)C1CC1,0.773390379,2.163185865,-8.6,-7.6,2.9734,278.1167611
CSc1ccc(NC2=C(c3ccccc3)C(=O)NC2=O)cc1,0.673281968,2.198439841,-7.8,-7.7,2.8881,310.0775987
COCCN1CCC(CNC(=O)c2n[nH]c3ccc(-c4ccccc4)cc23)CC1,0.647153718,2.235827093,-8.8,-8.7,3.3181,392.2212261
COCCN1CCC(CNC(=O)c2n[nH]c3ccc(-c4ccccc4)cc23)CC1,0.647153718,2.235827093,-8.8,-8.4,3.3181,392.2212261
O=C1NC(=O)C(c2ccccc2)=C1Nc1cc(Cl)c(O)c(Cl)c1,0.587526714,2.35591934,-7.9,-8.3,3.1786,348.0068475
NC(=O)c1ccccc1Nc1nc(Nc2ccc(Cl)c(Cl)c2)ncc1C(F)(F)F,0.493034216,2.32682646,-8.8,-8.1,5.3883,441.0371
CN(C)CCCn1cc(C2=C(c3cn(C)c4ccccc34)C(=O)NC2=O)c2ccccc21,0.478990335,2.579171886,-9,-8,3.6519,426.2055761
O=C(O)CN1CCC(CNC(=O)c2n[nH]c3ccc(-c4ccccc4)cc23)CC1,0.599180564,2.23850613,-9.1,-9.4,2.7563,392.1848406
CSc1ccc(NC2=C(c3ccccc3)C(=O)NC2=O)cc1,0.673281968,2.198439841,-7.7,-7.7,2.8881,310.0775987
O=C1NCCc2ccc(-c3ccnc(Nc4ccc(Cl)cc4)n3)cc21,0.753070252,2.247819202,-9.1,-8.9,3.8265,350.0934388
CSc1ccc(NC2=C(c3ccccc3)C(=O)NC2=O)cc1,0.673281968,2.198439841,-7.8,-7.7,2.8881,310.0775987
O=C(Nc1n[nH]c2ccc(-c3ccccn3)cc12)C1CC1,0.773390379,2.163185865,-8.5,-8,2.9734,278.1167611
CSc1ccc(NC2=C(c3ccccc3)C(=O)NC2=O)cc1,0.673281968,2.198439841,-7.8,-7.7,2.8881,310.0775987
O=C(NCCCCCC1CC1)c1ccc(O)c2[nH]c(-c3ccc(F)cc3)nc12,0.491711374,2.33986466,-7.8,-8.2,4.7748,381.1852552
O=C1NC(=O)C(c2ccccc2)=C1Nc1cc(Cl)c(O)c(Cl)c1,0.587526714,2.35591934,-7.9,-8.3,3.1786,348.0068475
COCCN1CCC(CNC(=O)c2n[nH]c3ccc(-c4ccccc4)cc23)CC1,0.647153718,2.235827093,-8.8,-8.6,3.3181,392.2212261
O=C(Nc1n[nH]c2ccc(-c3ccccn3)cc12)C1CC1,0.773390379,2.163185865,-8.6,-8.1,2.9734,278.1167611
CN(C)CCCn1cc(C2=C(c3cn(C)c4ccccc34)C(=O)NC2=O)c2ccccc21,0.478990335,2.579171886,-8.9,-8.1,3.6519,426.2055761
Cn1c(N2CCNC(c3ccc(Cl)cc3)C2)nc(-c2ccncn2)cc1=O,0.746716529,3.084507731,-9.1,-8.3,2.0416,382.1308869
O=C1NC(=O)C(c2ccccc2)=C1Nc1cc(Cl)c(O)c(Cl)c1,0.587526714,2.35591934,-8,-8.1,3.1786,348.0068475
CN(C)CCCn1cc(C2=C(c3cn(C)c4ccccc34)C(=O)NC2=O)c2ccccc21,0.478990335,2.579171886,-9,-8,3.6519,426.2055761
O=C1NC(=O)C(c2ccccc2)=C1Nc1cc(Cl)c(O)c(Cl)c1,0.587526714,2.35591934,-7.9,-8.2,3.1786,348.0068475
COCCN1CCC(CNC(=O)c2n[nH]c3ccc(-c4ccccc4)cc23)CC1,0.647153718,2.235827093,-8.8,-8.6,3.3181,392.2212261
O=C1NC(=O)C(c2ccccc2)=C1Nc1cccc(C(=O)O)c1,0.749380567,2.107175749,-8.6,-8.4,1.8644,308.0797069
O=C(O)CN1CCC(CNC(=O)c2n[nH]c3ccc(-c4ccccc4)cc23)CC1,0.599180564,2.23850613,-9.2,-9.2,2.7563,392.1848406
c1ccc(-c2ccc(CSc3nnc(-c4ccc5c(c4)OCCO5)o3)cc2)cc1,0.412852211,2.143259086,-9.4,-9,5.4671,402.1038134
COCCN1CCC(CNC(=O)c2n[nH]c3ccc(-c4ccccc4)cc23)CC1,0.647153718,2.235827093,-8.8,-8.5,3.3181,392.2212261
O=C1NCCc2ccc(-c3ccnc(NC(=O)C4CC4)c3)cc21,0.91433317,2.302667046,-8.8,-8.5,2.383,307.1320768
Cn1c(N2CCNC(c3ccc(Cl)cc3)C2)nc(-c2ccccc2)cc1=O,0.757395061,2.76283495,-9.4,-8.7,3.2516,380.140389
CCCC(=O)Nc1n[nH]c2ncc(-c3ccc(C)cc3)cc12,0.770886968,2.207576104,-8.3,-8,3.67192,294.1480612
CSc1ccc(NC2=C(c3ccccc3)C(=O)NC2=O)cc1,0.673281968,2.198439841,-7.8,-7.7,2.8881,310.0775987
O=C1NC(=O)C(c2ccccc2)=C1Nc1cc(Cl)c(O)c(Cl)c1,0.587526714,2.35591934,-7.9,-8.2,3.1786,348.0068475
N#Cc1ccc(-c2ccc(CSc3nnc(-c4ccc5c(c4)OCCO5)o3)cc2)cc1,0.397746084,2.328630459,-9.5,-9.4,5.33878,427.0990624
O=C1NC(=O)C(c2ccccc2)=C1Nc1cc(Cl)c(O)c(Cl)c1,0.587526714,2.35591934,-8,-8.2,3.1786,348.0068475
O=C1NC(=O)C(c2ccccc2)=C1Nc1cccc(C(=O)O)c1,0.749380567,2.107175749,-8.6,-8.4,1.8644,308.0797069
O=C1NC(=O)C(c2ccccc2)=C1Nc1cc(Cl)c(O)c(Cl)c1,0.587526714,2.35591934,-7.9,-8.3,3.1786,348.0068475
O=C1NC(=O)C(c2ccccc2)=C1Nc1cc(Cl)c(O)c(Cl)c1,0.587526714,2.35591934,-7.9,-8.2,3.1786,348.0068475
Cn1cc(C2=C(c3cn(C)c4ccc(Cl)cc34)C(=O)NC2=O)c2ccccc21,0.528652014,2.51371699,-9.1,-8.7,3.8906,389.0931044
CN(C)CCCn1cc(C2=C(c3cn(C)c4ccccc34)C(=O)NC2=O)c2ccccc21,0.478990335,2.579171886,-9,-8.1,3.6519,426.2055761
O=C(CN1C(=O)Cc2ccccc2C1=O)Nc1scc(Br)c1-c1ncn[nH]1,0.599085652,2.830712975,-8.8,-8.6,2.4593,444.9844223
O=C1NC(=O)C(c2ccccc2)=C1Nc1cc(Cl)c(O)c(Cl)c1,0.587526714,2.35591934,-8.1,-8.2,3.1786,348.0068475
Cc1ccc2c(-c3ccnc(Nc4cccc(C(F)(F)F)c4)c3)cnn2n1,0.560209332,2.609681606,-9.2,-9.3,4.86212,369.1201301
Cn1cc(C2=C(c3cn(C)c4ccccc34)C(=O)NC2=O)c2ccccc21,0.561396223,2.41960808,-9,-8.3,3.2372,355.1320768
FC(F)(F)c1ccc(Nc2nccc(-c3cnn4ncccc34)n2)cc1,0.60200208,2.53456672,-9.2,-8.6,3.9487,356.099729
COc1ccc(C(=O)Nc2cncc(C(=O)NCC3CCN(Cc4ccccc4)CC3)c2)cc1,0.533460579,2.090290183,-9.6,-8.9,3.9845,458.2317908
O=C(Nc1n[nH]c2ccc(-c3ccccc3)cc12)C1CC1,0.768445346,1.963749043,-8.7,-8.2,3.5784,277.1215121
N#Cc1ccc(-c2ccc(CSc3ccc(-c4ccc5c(c4)OCCO5)o3)cc2)cc1,0.339470238,2.421428286,-9.4,-8.3,6.54878,425.1085645
O=C(Nc1n[nH]c2ccc(-c3ccccc3)cc12)C1CC1,0.768445346,1.963749043,-8.6,-8.2,3.5784,277.1215121
O=C1NC(=O)C(c2ccccc2)=C1Nc1cc(Cl)c(O)c(Cl)c1,0.587526714,2.35591934,-7.9,-8.1,3.1786,348.0068475
NC(=O)c1ccccc1-c1ccc(CSc2ccc(-c3ccc4c(c3)C(=O)NCC4)o2)cc1,0.387741302,2.581735276,-10.1,-8.6,5.2907,454.1351136
c1ccc(Nc2nccc(-c3cnn4ncccc34)n2)cc1,0.627484971,2.364224756,-8.3,-8.2,2.9299,288.1123444
Cn1c(N2CCNC(c3ccc(F)cc3)C2)nc(-c2ccncc2)cc1=O,0.770469732,2.93868998,-9.6,-8.6,2.1323,365.1651885
c1ccc2cc(-c3ccc(CSc4nnc(-c5ccc6c(c5)OCCO6)o4)cc3)ccc2c1,0.27937169,2.28333615,-10.2,-10.6,6.6203,452.1194635
O=C1NCC2CCN(CCc3ccccc3)CCc3ccc(-c4ccccc4)cc3C1=NN2,0.654039362,4.202239254,-10.2,-9.4,3.6366,438.2419616
Cn1cc(C2=C(c3cn4c5c(cccc35)CNCC4)C(=O)NC2=O)c2ccccc21,0.512223073,2.839866075,-9.5,-8.7,2.8034,396.1586259
O=C(O)CN1CCC(CNC(=O)c2n[nH]c3cc(-c4ccccc4)ccc23)CC1,0.599180564,2.24281657,-9.1,-8.6,2.7563,392.1848406
COCCN1CCC(CNC(=O)c2n[nH]c3ccc(-c4ccccc4)cc23)CC1,0.647153718,2.235827093,-8.8,-8.5,3.3181,392.2212261
N#Cc1ccc(-c2ccc(CSc3nnc(-c4ccc5c(c4)OCCO5)o3)cc2)cc1,0.397746084,2.328630459,-9.5,-9.2,5.33878,427.0990624
O=C(Nc1n[nH]c2ccc(-c3ccccn3)cc12)C1CC1,0.773390379,2.163185865,-8.5,-8.1,2.9734,278.1167611
CSc1ccc(NC2=C(c3ccccc3)C(=O)NC2=O)cc1,0.673281968,2.198439841,-7.8,-7.7,2.8881,310.0775987
COCCN1CCC(CNC(=O)c2n[nH]c3ccc(-c4ccccc4)cc23)CC1,0.647153718,2.235827093,-8.8,-8.6,3.3181,392.2212261
CSc1nc(-c2ccc(F)cc2)c(-c2ccnc(NC(=O)C3CC3)c2)[nH]1,0.657070904,2.39643739,-9,-7.6,4.3482,368.1107104
N#Cc1ccc(-c2ccc(CSc3nnc(-c4ccc5c(c4)OCCO5)o3)cc2)cc1,0.397746084,2.328630459,-9.4,-9.3,5.33878,427.0990624
Cn1c(N2CCNC(c3ccccc3)C2)nc(-c2ccncn2)cc1=O,0.77082762,3.035165759,-9.1,-8.4,1.3882,348.1698593
c1ccc(-c2ccc(CSc3nnc(-c4ccc5c(c4)OCCO5)o3)cc2)cc1,0.412852211,2.143259086,-9.4,-9.1,5.4671,402.1038134
O=C1NC(=O)C(c2ccccc2)=C1Nc1cc(Cl)c(O)c(Cl)c1,0.587526714,2.35591934,-8,-8.2,3.1786,348.0068475
Cc1ccc2c(-c3ccnc(Nc4ccc(C(F)(F)F)cc4)c3)cnn2n1,0.560209332,2.581383304,-9.4,-9,4.86212,369.1201301
CSc1nc(-c2ccc(F)cc2)c(C2=CC=NC(Nc3ccc(NC(=O)c4ccccc4)cc3)=NC=C2)n1C,0.270377279,3.058869093,-9.5,-9.3,6.65,536.1794586
O=C1NC(=O)C(c2coc3ccc(-c4ccccc4)cc23)=C1c1coc2ccccc12,0.407317039,2.52654039,-9.6,-11.1,5.4132,405.100108
c1ccc(-c2ccc(CSc3nnc(-c4ccc5c(c4)OCCO5)o3)cc2)cc1,0.412852211,2.143259086,-9.4,-9.1,5.4671,402.1038134
CSc1nc(-c2ccc(F)cc2)c(-c2ccnc(NC3CCCC3)c2)[nH]1,0.595830443,2.449623214,-8.8,-7.9,5.3542,368.1470959
CN(C)CCCn1cc(C2=C(c3cn(CCCN)c4ccccc34)C(=O)NC2=O)c2ccccc21,0.367796384,2.712459447,-7.9,-7.4,3.4637,469.2477752
c1ccc(-c2ccc(CSc3nnc(-c4ccc5c(c4)OCCO5)o3)cc2)cc1,0.412852211,2.143259086,-9.4,-9,5.4671,402.1038134
Cn1cc(C2=C(c3cn(C)c4ccccc34)C(=O)NC2=O)c2ccccc21,0.561396223,2.41960808,-9,-8.3,3.2372,355.1320768
CN(C)CCCn1cc(C2=C(c3cn(C)c4ccccc34)C(=O)NC2=O)c2ccccc21,0.478990335,2.579171886,-9,-8.1,3.6519,426.2055761
Cn1cc(C2=C(c3cccc4ccccc34)C(=O)NC2=O)c2cccc(Cl)c21,0.513604311,2.421531006,-9.4,-9.3,4.5521,386.0822054
COCCN1CCC(CNC(=O)c2n[nH]c3ccc(-c4ccccc4)cc23)CC1,0.647153718,2.235827093,-8.8,-8.6,3.3181,392.2212261
Cn1cc(NC(=O)c2cccc(-n3cc(NC(=O)Nc4ccccc4)cn3)c2)cn1,0.47579563,2.219590213,-9.2,-8.7,3.5021,401.1600228
CN(C)CCCn1cc(C2=C(c3cn(CCCN4CCOCC4)c4ccccc34)C(=O)NC2=O)c2ccccc21,0.310314121,2.81384747,-8.8,-8.1,3.8372,539.28964
COCCN1CCC(CNC(=O)c2n[nH]c3ccc(-c4ccccc4)cc23)CC1,0.647153718,2.235827093,-8.8,-8.7,3.3181,392.2212261
O=C1NCCc2ccc(-c3ccc(SCc4ccc(-c5ccccc5)cc4)o3)cc21,0.398118273,2.412047066,-9,-9.3,6.1918,411.1292999
O=C(Nc1n[nH]c2ccc(-c3ccccn3)cc12)C1CC1,0.773390379,2.163185865,-8.5,-8.1,2.9734,278.1167611
CCS(=O)(=O)Nc1ccc(CCNC(=O)c2ccnc3[nH]c(-c4ccccc4)cc23)cc1,0.379427639,2.351865589,-9.3,-7.8,3.964,448.1569116
COc1ccccc1C1CN(c2nc(-c3ccncc3)cc(=O)n2C)CCN1,0.749868803,2.96541147,-9.1,-8.3,2.0018,377.185175
NC(=O)c1ccccc1Nc1cc(NC(=O)c2ccc(N3CCOCC3)cc2)ncc1Cl,0.527212248,2.288680471,-9.5,-8.5,3.6664,451.1411172
O=C(Nc1n[nH]c2ncc(-c3ccccc3)cc12)C1CC1,0.773390379,2.155164175,-8.4,-8,2.9734,278.1167611
O=C(O)CN1CCC(CNC(=O)c2n[nH]c3cc(-c4ccccc4)ccc23)CC1,0.599180564,2.24281657,-9,-8.5,2.7563,392.1848406
O=C(O)CN1CCC(CNC(=O)c2n[nH]c3cc(-c4ccccc4)[nH]c23)CC1,0.521994958,2.61127934,-9,-8.6,2.0844,381.1800896
O=C1NC(=O)C(c2ccccc2)=C1Nc1cc(Cl)c(O)c(Cl)c1,0.587526714,2.35591934,-7.9,-8.1,3.1786,348.0068475
FC(F)(F)c1ccc(Nc2nccc(-c3cnn4ncccc34)n2)cc1,0.60200208,2.53456672,-9.3,-8.6,3.9487,356.099729
O=C(Nc1n[nH]c2ccc(-c3ccccn3)cc12)C1CC1,0.773390379,2.163185865,-8.6,-8.1,2.9734,278.1167611
NS(=O)(=O)c1ccc(NC2=C(c3ccccc3)C(=O)NC2=O)cc1,0.710156551,2.183088372,-8.3,-8.1,0.8136,343.0626769
Cc1nc(-c2ccccc2)c(-c2ccnc(NC(=O)C3CC3)c2)[nH]1,0.768483483,2.248935145,-8.6,-8.2,3.79562,318.1480612
CSc1nc(-c2ccc(F)cc2)c(C2=CC=NC(Nc3ccc(NC(=O)c4ccccc4)cc3)=NC=C2)n1C,0.270377279,3.058869093,-10.1,-8.7,6.65,536.1794586
COCCN1CCC(CNC(=O)c2n[nH]c3ccc(-c4ccccc4)cc23)CC1,0.647153718,2.235827093,-8.8,-8.7,3.3181,392.2212261
c1ccc(-c2nn3ncccc3c2-c2ccnc(Nc3ccc(N4CCOCC4)cc3)n2)cc1,0.42502104,2.541136749,-9.4,-8.9,4.4335,449.1964084
O=C1NC(=O)C(c2ccccc2)=C1Nc1cc(Cl)c(O)c(Cl)c1,0.587526714,2.35591934,-7.9,-8.2,3.1786,348.0068475
O=C1NC(=O)C(c2ccccc2)=C1Nc1cc(Cl)c(O)c(Cl)c1,0.587526714,2.35591934,-7.9,-8.3,3.1786,348.0068475
c1ccc(CN=Nc2ncnc3c2cnn3-c2ccccc2)cc1,0.532495143,2.582513573,-8.6,-8.2,4.0994,314.1279944
COCCN1CCC(CNC(=O)c2n[nH]c3ccc(-c4ccccc4)cc23)CC1,0.647153718,2.235827093,-8.8,-8.6,3.3181,392.2212261
c1ccc(-c2ccc(CSc3nnc(-c4ccc5c(c4)OCCO5)o3)cc2)cc1,0.412852211,2.143259086,-9.4,-9.1,5.4671,402.1038134
COCCN1CCC(CNC(=O)c2n[nH]c3ccc(-c4ccccc4)cc23)CC1,0.647153718,2.235827093,-8.8,-8.7,3.3181,392.2212261
O=C1NC(=O)C(c2ccccc2)=C1Nc1cc(Cl)c(O)c(Cl)c1,0.587526714,2.35591934,-7.8,-8.1,3.1786,348.0068475
O=C1NC(=O)C(c2ccccc2)=C1Nc1cc(Cl)c(O)c(Cl)c1,0.587526714,2.35591934,-7.9,-8.2,3.1786,348.0068475
O=C(O)CN1CCC(CNC(=O)c2n[nH]c3ccc(-c4ccccc4)cc23)CC1,0.599180564,2.23850613,-9.2,-8.9,2.7563,392.1848406
COCCN1CCC(CNC(=O)c2n[nH]c3ccc(-c4ccccc4)cc23)CC1,0.647153718,2.235827093,-8.8,-8.6,3.3181,392.2212261
COCCN1CCC(CNC(=O)c2n[nH]c3ccc(-c4ccccc4)cc23)CC1,0.647153718,2.235827093,-8.7,-8.6,3.3181,392.2212261
Cn1c(N2CCNC(c3ccccc3)C2)nc(-c2ccncn2)cc1=O,0.77082762,3.035165759,-9.1,-8.4,1.3882,348.1698593
Cn1cc(C2=C(c3cn(C)c4ccccc34)C(=O)NC2=O)c2ccccc21,0.561396223,2.41960808,-9,-8.3,3.2372,355.1320768
c1ccc(-c2ccc(CSc3nnc(-c4ccc5c(c4)OCCO5)o3)cc2)cc1,0.412852211,2.143259086,-9.4,-8.5,5.4671,402.1038134
CN(C)CCCn1cc(C2=C(c3ccccc3)C(=O)NC2=O)c2ccccc21,0.675529158,2.334070045,-8.4,-7.3,3.1602,373.179027
CS(=O)(=O)Nc1ccc(CCNC(=O)c2ccnc3[nH]c(-c4ccccc4)cc23)cc1,0.413558828,2.274450635,-8.6,-8.7,3.5739,434.1412616
c1ccc(-c2ccc(CSc3nnc(-c4ccc5c(c4)OCCO5)o3)cc2)cc1,0.412852211,2.143259086,-9.4,-9.1,5.4671,402.1038134
O=C1NC(=O)C(c2ccccc2)=C1Nc1cc(Cl)c(O)c(Cl)c1,0.587526714,2.35591934,-7.9,-8.1,3.1786,348.0068475
Cc1ccc(-c2cnc3[nH]nc(NC(=O)C4CC4)c3c2)o1,0.77328853,2.510300544,-8.2,-7.7,2.87482,282.1116757
COCCN1CCC(CNC(=O)c2n[nH]c3cc(-c4ccccc4)ccc23)CC1,0.647153718,2.240086822,-8.6,-8.5,3.3181,392.2212261
O=C(Nc1n[nH]c2cc(-c3ccccc3)ccc12)C1CC1,0.768445346,1.975895071,-8.1,-7.8,3.5784,277.1215121
O=C(Nc1n[nH]c2ccc(-c3ccccc3)cc12)C1CC1,0.768445346,1.963749043,-8.7,-7.9,3.5784,277.1215121
N#Cc1ccc(-c2ccc(CSc3nnc(-c4ccc5c(c4)OCCO5)o3)cc2)cc1,0.397746084,2.328630459,-9.4,-9.6,5.33878,427.0990624
O=C1NC(=O)C(c2ccccc2)=C1Nc1cc(Cl)c(O)c(Cl)c1,0.587526714,2.35591934,-7.8,-8.2,3.1786,348.0068475
Cn1cc(C2=C(c3cn(C)c4ccc(Cl)cc34)C(=O)NC2=O)c2ccccc21,0.528652014,2.51371699,-9.1,-8.7,3.8906,389.0931044
c1ccc(-c2ccc(CSc3nnc(-c4ccncc4)o3)cc2)cc1,0.47153119,1.983046928,-8.8,-8.2,5.0909,345.0935831
CSc1ccc(NC2=C(c3ccccc3)C(=O)NC2=O)cc1,0.673281968,2.198439841,-7.8,-7.7,2.8881,310.0775987
CC(=O)N1CCn2cc(C3=C(c4cn(C)c5ccccc45)C(=O)NC3=O)c3cccc(c32)C1,0.488961138,2.80281404,-10.7,-8.8,3.0623,438.1691906
CN(C)CCCn1cc(C2=C(c3cn(C)c4ccccc34)C(=O)NC2=O)c2cccnc21,0.480310879,2.710705783,-8.9,-8,3.0469,427.200825
N#Cc1ccc(-c2ccc(CSc3nnc(-c4ccc5c(c4)OCCO5)o3)cc2)cc1,0.397746084,2.328630459,-9.5,-9.5,5.33878,427.0990624
NCCCn1cc(C2=C(c3cn(CCCN4CCOCC4)c4ccccc34)C(=O)NC2=O)c2ccccc21,0.336670788,2.777990437,-8.4,-8.1,3.2343,511.2583399
O=C1NC(=O)C(c2ccccc2)=C1Nc1cc(Cl)c(O)c(Cl)c1,0.587526714,2.35591934,-8.1,-8.2,3.1786,348.0068475
COCCN1CCC(CNC(=O)c2n[nH]c3ccc(-c4ccccc4)cc23)CC1,0.647153718,2.235827093,-8.8,-8.6,3.3181,392.2212261
O=C1Nc2ccccc2NC1=C1C(=O)Nc2ccccc21,0.647589488,2.360171237,-9.4,-9.3,2.414,277.0851266
CN(C)CCCn1cc(C2=C(c3cn(C)c4ccccc34)C(=O)NC2=O)c2ccccc21,0.478990335,2.579171886,-8.9,-8.1,3.6519,426.2055761
O=C1NC(=O)C(c2ccccc2)=C1Nc1cc(Cl)c(O)c(Cl)c1,0.587526714,2.35591934,-7.9,-8.2,3.1786,348.0068475
COc1ccc(C2=C(c3cn(CCCN(C)C)c4ccccc34)C(=O)NC2=O)cc1,0.615764964,2.382137562,-8.3,-7.6,3.1688,403.1895917
O=C(Nc1n[nH]c2ccc(-c3ccccc3)cc12)C1CC1,0.768445346,1.963749043,-8.8,-8.4,3.5784,277.1215121
COCCN1CCC(CNC(=O)c2n[nH]c3ccc(-c4ccccc4)cc23)CC1,0.647153718,2.235827093,-8.8,-8.5,3.3181,392.2212261
COCCN1CCC(CNC(=O)c2n[nH]c3ccc(-c4ccccc4)cc23)CC1,0.647153718,2.235827093,-8.8,-8.5,3.3181,392.2212261
c1ccc(-c2ccc(CSc3nnc(-c4ccc5c(c4)OCCO5)o3)cc2)cc1,0.412852211,2.143259086,-9.5,-9.2,5.4671,402.1038134
COCCN1CCC(CNC(=O)c2n[nH]c3ccc(-c4ccccc4)cc23)CC1,0.647153718,2.235827093,-8.8,-8.6,3.3181,392.2212261
CSc1ccc(NC2=C(c3ccccc3)C(=O)NC2=O)cc1,0.673281968,2.198439841,-7.7,-7.7,2.8881,310.0775987
O=C1NC(=O)C(c2ccccc2)=C1Nc1cc(Cl)c(O)c(Cl)c1,0.587526714,2.35591934,-7.9,-8.2,3.1786,348.0068475
O=C1NC(=O)C(c2ccccc2)=C1Nc1cc(Cl)c(O)c(Cl)c1,0.587526714,2.35591934,-7.9,-8.2,3.1786,348.0068475
O=C1NC(=O)C(c2ccccc2)=C1Nc1cc(Cl)c(O)c(Cl)c1,0.587526714,2.35591934,-7.9,-8.2,3.1786,348.0068475
O=C(Nc1cnn(-c2ccc(C(=O)Nc3ccccc3)cc2)c1)Nc1ccccc1Cl,0.393802009,1.977403704,-9.4,-9.3,5.422,431.1149025
c1ccc(-c2ccc(CSc3nnc(-c4ccc5c(c4)OCCO5)o3)cc2)cc1,0.412852211,2.143259086,-9.4,-9.2,5.4671,402.1038134
O=C(Nc1n[nH]c2ccc(-c3ccccn3)cc12)C1CC1,0.773390379,2.163185865,-8.5,-8,2.9734,278.1167611
O=C(O)CN1CCC(CNC(=O)c2n[nH]c3cc(-c4ccccc4)[nH]c23)CC1,0.521994958,2.61127934,-8.9,-8.8,2.0844,381.1800896
Cc1ncn(-c2ccc(Nc3nccc(-c4ccc5c(c4)C(=O)NCC5)n3)cc2)n1,0.549279519,2.635095187,-9.8,-9.5,3.06222,397.1651082
O=C1NC(=O)C(c2ccccc2)=C1Nc1cc(Cl)c(O)c(Cl)c1,0.587526714,2.35591934,-7.9,-8.2,3.1786,348.0068475
O=C(O)CN1CCC(CNC(=O)c2n[nH]c3ccc(-c4ccccc4)cc23)CC1,0.599180564,2.23850613,-9.3,-9.2,2.7563,392.1848406
O=C(Nc1n[nH]c2ccc(-c3ccccn3)cc12)C1CC1,0.773390379,2.163185865,-8.6,-8,2.9734,278.1167611
Cn1cc(C2=C(c3ccccc3)C(=O)NC2=O)c2ccccc21,0.74005506,2.152761451,-8.5,-8.3,2.7455,302.1055277
Cc1cncc(-c2ccc3[nH]nc(C(=O)NCC4CCN(CC(=O)O)CC4)c3c2)c1,0.578827355,2.505609095,-9.6,-8.7,2.45972,407.1957397
COCCN1CCC(CNC(=O)c2n[nH]c3ccc(-c4ccccc4)cc23)CC1,0.647153718,2.235827093,-8.8,-8.7,3.3181,392.2212261
CCS(=O)(=O)Nc1ccc(CCNC(=O)c2cnc3[nH]c(-c4ccccc4)cc3c2)cc1,0.379427639,2.359941508,-8.8,-9,3.964,448.1569116
N#Cc1ccc(-c2ccc(CSc3nnc(-c4ccc5c(c4)OCCO5)o3)cc2)cc1,0.397746084,2.328630459,-9.4,-9.6,5.33878,427.0990624
COCCN1CCC(CNC(=O)c2n[nH]c3ccc(-c4ccccc4)cc23)CC1,0.647153718,2.235827093,-8.8,-8.7,3.3181,392.2212261
O=C(O)CN1CCC(CNC(=O)c2n[nH]c3cc(-c4ccccc4)[nH]c23)CC1,0.521994958,2.61127934,-8.8,-8.6,2.0844,381.1800896
O=C(NCC1CCN(Cc2ccccc2)CC1)c1n[nH]c2ccc(-c3ccccc3)cc12,0.464120718,2.146793483,-9.7,-9.8,4.8719,424.2263115
O=C1NC(=O)C(c2ccccc2)=C1Nc1cc(Cl)c(O)c(Cl)c1,0.587526714,2.35591934,-7.9,-8.2,3.1786,348.0068475
c1ccc(-c2nocc2-c2ccnc(Nc3ccc(N4CCOCC4)cc3)c2)cc1,0.511309734,2.388547879,-9.5,-9,4.9838,398.1742759
CS(=O)(=O)Nc1ccc(CCNC(=O)c2ccnc3[nH]c(-c4ccccc4)cc23)cc1,0.413558828,2.274450635,-8.6,-8.6,3.5739,434.1412616
CSc1nc(-c2ccc(F)cc2)c(C2=CC=NC(Nc3ccc(NC(=O)c4ccccc4)cc3)=NC=C2)n1C,0.270377279,3.058869093,-9.9,-8.7,6.65,536.1794586
CSc1ccc(NC2=C(c3ccccc3)C(=O)NC2=O)cc1,0.673281968,2.198439841,-7.9,-7.7,2.8881,310.0775987
c1ccc(-c2ccc(CSc3nnc(-c4ccc5c(c4)OCCO5)o3)cc2)cc1,0.412852211,2.143259086,-9.4,-9,5.4671,402.1038134
Cn1cc(C2=C(c3cn(C)c4ccccc34)C(=O)NC2=O)c2ccccc21,0.561396223,2.41960808,-9,-8.3,3.2372,355.1320768
Cc1ccc2c(-c3ccnc(Nc4cccc(C(F)(F)F)c4)c3)cnn2n1,0.560209332,2.609681606,-9.3,-9,4.86212,369.1201301
CSc1nc(-c2ccc(F)cc2)c(-c2ccnc(Nc3ccccc3)c2)n1C,0.440460126,2.333520365,-8.8,-8.4,5.7537,390.1314458
NS(=O)(=O)c1ccc(-c2ccc3c(c2)C(=O)NCC3)cc1,0.87560923,2.111736189,-8.5,-8.4,1.2869,302.0725133
Cn1cc(C2=C(c3cn(CCCN4CCOCC4)c4ccccc34)C(=O)NC2=O)c2ccccc21,0.440541409,2.644305013,-9.6,-8.3,3.4225,468.2161408
CN(C)CCCn1cc(C2=C(c3cn(CCCN4CCOCC4)c4ccccc34)C(=O)NC2=O)c2ccccc21,0.310314121,2.81384747,-8.6,-7.6,3.8372,539.28964
COCCN1CCC(CNC(=O)c2n[nH]c3ccc(-c4ccccc4)cc23)CC1,0.647153718,2.235827093,-8.8,-8.6,3.3181,392.2212261
FC(F)(F)c1ccc(Nc2cc(-c3ccnc(Nc4ccc(N5CCOCC5)cc4)n3)ccn2)cc1,0.348110281,2.461439747,-9.7,-10.1,5.8812,492.188544
O=C(Nc1n[nH]c2cc(-c3ccccc3)ccc12)C1CC1,0.768445346,1.975895071,-8.1,-7.7,3.5784,277.1215121
CS(=O)(=O)Nc1ccc(CCNC(=O)c2ccnc3[nH]c(-c4ccccc4)cc23)cc1,0.413558828,2.274450635,-9.3,-8.2,3.5739,434.1412616
c1ccc(-c2nn3ncccc3c2-c2ccnc(Nc3ccc(N4CCOCC4)cc3)n2)cc1,0.42502104,2.541136749,-9.4,-8.8,4.4335,449.1964084
COc1ccc2[nH]nc(C(=O)NCC3CCN(Cc4ccccc4)CC3)c2c1,0.690995807,2.115609608,-9.3,-8.5,3.2135,378.2055761
Cc1nc(C)n(-c2ccc(Nc3cc(-c4ccnc(Nc5ccc(C(F)(F)F)cc5)n4)ccn3)cc2)n1,0.283792514,2.628579963,-10.1,-10.1,6.24214,502.1841273
c1ccc(-c2ccc(CSc3nnc(-c4ccc5c(c4)OCCO5)o3)cc2)cc1,0.412852211,2.143259086,-9.4,-8.4,5.4671,402.1038134
Cn1cc(C2=C(c3cccc4ccccc34)C(=O)NC2=O)c2ccccc21,0.556426744,2.250457323,-9.5,-8.6,3.8987,352.1211778
COCCN1CCC(CNC(=O)c2n[nH]c3ccc(-c4ccccc4)cc23)CC1,0.647153718,2.235827093,-8.8,-8.6,3.3181,392.2212261
O=C(Nc1n[nH]c2ccc(-c3ccccc3)cc12)C1CC1,0.768445346,1.963749043,-8.7,-8.2,3.5784,277.1215121
c1ccc(-c2ccc(CSc3nnc(-c4ccc5c(c4)OCCO5)o3)cc2)cc1,0.412852211,2.143259086,-9.4,-9.2,5.4671,402.1038134
COCCN1CCC(CNC(=O)c2n[nH]c3ccc(-c4ccccc4)cc23)CC1,0.647153718,2.235827093,-8.8,-8.6,3.3181,392.2212261
O=C1NC(=O)C(c2ccccc2)=C1Nc1cc(Cl)c(O)c(Cl)c1,0.587526714,2.35591934,-7.9,-8.2,3.1786,348.0068475
O=C(O)CN1CCC(CNC(=O)c2n[nH]c3cc(-c4ccccc4)[nH]c23)CC1,0.521994958,2.61127934,-8.9,-8.6,2.0844,381.1800896
COCCN1CCC(CNC(=O)c2n[nH]c3ccc(-c4ccccc4)cc23)CC1,0.647153718,2.235827093,-8.8,-8.5,3.3181,392.2212261
CSc1nc(-c2ccc(F)cc2)c(C2=CC=NC(Nc3ccc(NC(=O)c4ccccc4)cc3)=NC=C2)n1C,0.270377279,3.058869093,-9.8,-9.5,6.65,536.1794586
COCCN1CCC(CNC(=O)c2n[nH]c3ccc(-c4ccccc4)cc23)CC1,0.647153718,2.235827093,-8.8,-8.6,3.3181,392.2212261
c1cnn2ncc(-c3ccnc(Nc4ccc(-n5cnc(N6CCOCC6)n5)cc4)n3)c2c1,0.440078572,2.898664822,-9.9,-9.3,2.3472,440.1821553
N#Cc1ccc(-c2ccc(CSc3nnc(-c4ccc5c(c4)OCCO5)o3)cc2)cc1,0.397746084,2.328630459,-9.5,-9.4,5.33878,427.0990624
O=C1Cc2c([nH]c3ccc(Br)cc23)-c2ccccc2N1,0.641660952,2.303513143,-8.4,-8.7,4.092,326.0054751
CC(=O)Nc1n[nH]c2ccc(-c3ccccc3)cc12,0.734483411,1.928556356,-8.4,-8.2,3.1883,251.105862
COCCN1CCC(CNC(=O)c2n[nH]c3cc(-c4ccccc4)ccc23)CC1,0.647153718,2.240086822,-8.6,-8.3,3.3181,392.2212261
CSc1nc(-c2ccc(F)cc2)c(C2=CC=NC(Nc3ccc(NC(=O)c4ccccc4)cc3)=NC=C2)n1C,0.270377279,3.058869093,-10.1,-9.2,6.65,536.1794586
O=C1Cc2c([nH]c3ccc(Cl)cc23)-c2ccccc2N1,0.643418257,2.245232772,-8.7,-8.8,3.9829,282.0559907
Cn1c(N2CCNC(c3ccc(Cl)cc3)C2)nc(-c2ccncc2)cc1=O,0.75527413,2.934106548,-9.2,-8.4,2.6466,381.1356379
CSc1ccc(NC2=C(c3ccccc3)C(=O)NC2=O)cc1,0.673281968,2.198439841,-7.9,-7.8,2.8881,310.0775987
c1ccc(-c2ccc(CSc3nnc(-c4ccc5c(c4)OCCO5)o3)cc2)cc1,0.412852211,2.143259086,-9.4,-9,5.4671,402.1038134
O=C1NCCc2ccc(-c3ccnc(NC(=O)C4CC4)c3)cc21,0.91433317,2.302667046,-8.7,-8.5,2.383,307.1320768
O=C(Nc1n[nH]c2ccc(-c3ccccn3)cc12)C1CC1,0.773390379,2.163185865,-8.6,-8,2.9734,278.1167611
O=C1NC(=O)C(c2ccccc2)=C1Nc1cc(Cl)c(O)c(Cl)c1,0.587526714,2.35591934,-8.1,-8.2,3.1786,348.0068475
CS(=O)(=O)Nc1ccc(CCNC(=O)c2ccc(O)c3[nH]c(-c4ccc(F)cc4)nc23)cc1,0.330886969,2.382750227,-9.5,-8.6,3.4186,468.1267544
O=C(Cc1cccc2ccccc12)Nc1scc(Cl)c1-c1ncn[nH]1,0.555936611,2.571168623,-9.2,-9,4.521,368.0498597
COCCN1CCC(CNC(=O)c2n[nH]c3ccc(-c4ccccc4)cc23)CC1,0.647153718,2.235827093,-8.8,-8.5,3.3181,392.2212261
CSc1ccc(NC2=C(c3ccccc3)C(=O)NC2=O)cc1,0.673281968,2.198439841,-7.8,-7.7,2.8881,310.0775987
O=C(Nc1n[nH]c2ccc(-c3ccccn3)cc12)C1CC1,0.773390379,2.163185865,-8.5,-8,2.9734,278.1167611
O=C1NC(=O)C(c2ccccc2)=C1Nc1cc(Cl)c(O)c(Cl)c1,0.587526714,2.35591934,-8.1,-8.2,3.1786,348.0068475
O=C1NCCc2ccc(-c3ccnc(Nc4ccc(N5CCOCC5)cc4)n3)cc21,0.699725769,2.419366859,-9.5,-9.5,3.0097,401.185175
O=C(Nc1n[nH]c2ccc(-c3ccccc3)cc12)C1CC1,0.768445346,1.963749043,-8.8,-8,3.5784,277.1215121
O=C1NC(=O)C(c2ccccc2)=C1Nc1cc(Cl)c(O)c(Cl)c1,0.587526714,2.35591934,-7.9,-8.2,3.1786,348.0068475
O=CCN1CCC(CNC(=O)c2n[nH]c3ccc(-c4cccc(F)c4F)cc23)CC1,0.610027351,2.588589417,-9.1,-9,3.1488,412.1710824
O=C1NC(=O)C(c2ccccc2)=C1Nc1cc(Cl)c(O)c(Cl)c1,0.587526714,2.35591934,-8.1,-8.2,3.1786,348.0068475
c1ccc(-c2ccc(CSc3nnc(-c4ccc5c(c4)OCCO5)o3)cc2)cc1,0.412852211,2.143259086,-9.4,-9,5.4671,402.1038134
O=C(Nc1n[nH]c2ncc(-c3ccccc3)cc12)C1CC1,0.773390379,2.155164175,-8.4,-7.9,2.9734,278.1167611
Cn1cc(C2=C(c3cn(C)c4ccccc34)C(=O)NC2=O)c2ccccc21,0.561396223,2.41960808,-9,-8.3,3.2372,355.1320768
NS(=O)(=O)c1ccc(-c2ccc3c(c2)C(=O)NCC3)cc1,0.87560923,2.111736189,-8.5,-8.3,1.2869,302.0725133
O=C1NC(=O)C(c2ccccc2)=C1Nc1cc(Cl)c(O)c(Cl)c1,0.587526714,2.35591934,-7.9,-8.2,3.1786,348.0068475
Cn1c(N2CCNC(c3ccc(F)cc3)C2)nc(-c2ccccc2)cc1=O,0.776466779,2.767418382,-9.7,-8.8,2.7373,364.1699395
c1ccc(-c2ccc(CSc3nnc(-c4ccc5c(c4)OCCO5)o3)cc2)cc1,0.412852211,2.143259086,-9.4,-9,5.4671,402.1038134
CSc1ccc(NC2=C(c3ccccc3)C(=O)NC2=O)cc1,0.673281968,2.198439841,-7.8,-7.7,2.8881,310.0775987
CN(C)CCCn1cc(C2=C(c3cn(C)c4ccccc34)C(=O)NC2=O)c2ccccc21,0.478990335,2.579171886,-8.9,-8,3.6519,426.2055761
CN(C)CCCn1cc(C2=C(c3cn(C)c4ccccc34)C(=O)NC2=O)c2ccccc21,0.478990335,2.579171886,-8.9,-8.2,3.6519,426.2055761
COCCN1CCC(CNC(=O)c2n[nH]c3ccc(-c4ccccc4)cc23)CC1,0.647153718,2.235827093,-8.8,-8.5,3.3181,392.2212261
Cc1nc(C)n(-c2ccc(Nc3nccc(-c4ccc5c(c4)C(=O)NCC5)n3)cc2)n1,0.534366217,2.607599088,-10.2,-9.7,3.37064,411.1807583
CSc1ccc(NC2=C(c3ccccc3)C(=O)NC2=O)cc1,0.673281968,2.198439841,-7.8,-7.7,2.8881,310.0775987
O=C(O)CN1CCC(CNC(=O)c2n[nH]c3cc(-c4ccccc4)[nH]c23)CC1,0.521994958,2.61127934,-8.9,-8.5,2.0844,381.1800896
CSc1ccc(NC2=C(c3ccccc3)C(=O)NC2=O)cc1,0.673281968,2.198439841,-7.9,-7.7,2.8881,310.0775987
CSc1ccc(NC2=C(c3ccccc3)C(=O)NC2=O)cc1,0.673281968,2.198439841,-7.8,-7.8,2.8881,310.0775987
O=C(NCCc1ccc(Cl)cc1)c1ccnc2nc(-c3ccc(F)cc3)[nH]c12,0.527045772,2.197405835,-9.4,-8.1,4.3899,394.099667
CC(C)n1c(=O)ccc2cnc(NC(=O)C3CCC3)nc21,0.937126197,2.420827175,-7.5,-7.2,2.111,286.1429758
O=C(O)c1ccc(CN2CCC(CNC(=O)c3n[nH]c4ccc(-c5cccc(F)c5F)cc34)CC2)o1,0.350313932,2.653935302,-10.1,-9.9,4.4413,494.1765617
COCCN1CCC(CNC(=O)c2n[nH]c3ccc(-c4ccccc4)cc23)CC1,0.647153718,2.235827093,-8.8,-8.6,3.3181,392.2212261
N#Cc1ccc(-c2ccc(CSc3nnc(-c4ccc5c(c4)OCCO5)o3)cc2)cc1,0.397746084,2.328630459,-9.4,-9.2,5.33878,427.0990624
c1ccc(-c2ccc(CSc3nnc(-c4ccc5c(c4)OCCO5)o3)cc2)cc1,0.412852211,2.143259086,-9.4,-8.5,5.4671,402.1038134
COCCN1CCC(CNC(=O)c2n[nH]c3ccc(-c4ccccc4)cc23)CC1,0.647153718,2.235827093,-8.8,-8.5,3.3181,392.2212261
O=C1NC(=O)C(c2ccccc2)=C1Nc1cc(Cl)c(O)c(Cl)c1,0.587526714,2.35591934,-7.9,-8.2,3.1786,348.0068475
O=C1NC(=O)C(c2ccccc2)=C1Nc1cc(Cl)c(O)c(Cl)c1,0.587526714,2.35591934,-7.9,-8.2,3.1786,348.0068475
CN(C)CCCn1cc(C2=C(c3cn(C)c4ccccc34)C(=O)NC2=O)c2ccccc21,0.478990335,2.579171886,-8.9,-8.1,3.6519,426.2055761
FC(F)(F)c1ccc(Nc2nccc(-c3cnn4ncccc34)n2)cc1,0.60200208,2.53456672,-9.2,-8.6,3.9487,356.099729
Cn1cc(C2=C(c3cn(C)c4c(F)cccc34)C(=O)NC2=O)c2ccccc21,0.54790134,2.628073952,-8.9,-8.1,3.3763,373.122655
Clc1ccc(CSc2nnc(-c3ccc4c(c3)CCO4)o2)cc1,0.646315741,2.186126425,-8.6,-8.3,4.6172,344.0386263
c1ccc(-c2ccc(CSc3nnc(-c4ccc5c(c4)OCCO5)o3)cc2)cc1,0.412852211,2.143259086,-9.4,-9.1,5.4671,402.1038134
O=C1NC(=O)C(c2ccccc2)=C1Nc1cc(Cl)c(O)c(Cl)c1,0.587526714,2.35591934,-7.9,-8.2,3.1786,348.0068475
N#Cc1ccc(-c2ccc(CSc3nnc(-c4ccc5c(c4)OCCO5)o3)cc2)cc1,0.397746084,2.328630459,-9.4,-8.5,5.33878,427.0990624
Cn1cc(C2=C(c3cn(CCCN4CCOCC4)c4ccccc34)C(=O)NC2=O)c2ccccc21,0.440541409,2.644305013,-9.7,-8.5,3.4225,468.2161408
N=C1NC(=O)C(=Cc2ccc(-c3ccc(S(N)(=O)=O)cc3)o2)S1,0.727500958,2.751821985,-8.3,-7.8,1.73267,349.0190978
O=C1NC(=O)C(c2ccccc2)=C1Nc1cc(Cl)c(O)c(Cl)c1,0.587526714,2.35591934,-7.9,-8.2,3.1786,348.0068475
CSc1nc(-c2ccc(F)cc2)c(-c2ccnc(NC(=O)C3CCCC3)c2)[nH]1,0.586788131,2.419217801,-8.9,-7.9,5.1284,396.1420105
Cc1nc(C)n(-c2ccc(Nc3nccc(-c4ccc5c(c4)C(=O)NCC5)n3)cc2)n1,0.534366217,2.607599088,-10.2,-9.7,3.37064,411.1807583
CSc1ccc(NC2=C(c3ccccc3)C(=O)NC2=O)cc1,0.673281968,2.198439841,-7.7,-7.7,2.8881,310.0775987
O=C1NC(=O)C(c2ccccc2)=C1Nc1cc(Cl)c(O)c(Cl)c1,0.587526714,2.35591934,-7.9,-8.2,3.1786,348.0068475
O=C(Nc1n[nH]c2cc(-c3ccccc3)ccc12)C1CC1,0.768445346,1.975895071,-8.1,-7.7,3.5784,277.1215121
CN(C)CCCn1cc(C2=C(c3ccccc3)C(=O)NC2=O)c2ccccc21,0.675529158,2.334070045,-8.5,-7.2,3.1602,373.179027
O=C1NC(=O)C(c2cn(CCCN3CCOCC3)c3cc(C(F)(F)F)ccc23)=C1c1coc2ccccc12,0.371194329,2.883765325,-9.7,-9.2,4.6958,523.1718909
CN(C)CCCn1cc(C2=C(c3cn(C)c4ccccc34)C(=O)NC2=O)c2ccccc21,0.478990335,2.579171886,-9,-8.1,3.6519,426.2055761
CSc1nc(-c2ccc(F)cc2)c(C2=CC=NC(Nc3ccc(NC(=O)c4ccccc4)cc3)=NC=C2)n1C,0.270377279,3.058869093,-9.9,-8.7,6.65,536.1794586
O=C(O)CN1CCC(CNC(=O)c2n[nH]c3ccc(-c4cccc(F)c4F)cc23)CC1,0.560711128,2.45747241,-9.5,-9.2,3.0345,428.165997
CS(=O)(=O)Nc1ccc(CCNC(=O)c2ccnc3cc(-c4ccccc4)[nH]c23)cc1,0.413558828,2.346677774,-9,-8.5,3.5739,434.1412616
COCCN1CCC(CNC(=O)c2n[nH]c3ccc(-c4ccccc4)cc23)CC1,0.647153718,2.235827093,-8.8,-8.7,3.3181,392.2212261
c1ccc(-c2ccc(CSc3nnc(-c4ccc5c(c4)OCCO5)o3)cc2)cc1,0.412852211,2.143259086,-9.4,-9,5.4671,402.1038134
COCCN1CCC(CNC(=O)c2n[nH]c3ccc(-c4ccccc4)cc23)CC1,0.647153718,2.235827093,-8.7,-8.7,3.3181,392.2212261
CS(=O)(=O)Nc1ccc(CCNC(=O)c2ccnc3[nH]c(-c4ccccc4)cc23)cc1,0.413558828,2.274450635,-9.3,-7.9,3.5739,434.1412616
N#Cc1ccc(-c2ccc(CSc3nnc(-c4ccc5c(c4)OCCO5)o3)cc2)cc1,0.397746084,2.328630459,-9.4,-8.8,5.33878,427.0990624
Cn1cc(C2=C(c3cn(C)c4ccc(C(F)(F)F)cc34)C(=O)NC2=O)c2ccccc21,0.490214782,2.640666137,-9.3,-9.4,4.256,423.1194614
CSc1ccc(NC2=C(c3ccccc3)C(=O)NC2=O)cc1,0.673281968,2.198439841,-7.8,-7.7,2.8881,310.0775987
O=C1NC(=O)C(c2ccccc2)=C1Nc1cc(Cl)c(O)c(Cl)c1,0.587526714,2.35591934,-7.9,-8.2,3.1786,348.0068475
O=C(Nc1n[nH]c2ncc(-c3ccccc3)cc12)C1CC1,0.773390379,2.155164175,-8.3,-7.8,2.9734,278.1167611
O=C(Nc1n[nH]c2cc(-c3ccc(F)cc3)ccc12)C1CC1,0.77342981,2.051853028,-8.2,-7.9,3.7175,295.1120903
CC(C)CC(=O)Nc1cccc(-c2ccnc(Nc3ccc(N4CCOCC4)cc3)n2)c1,0.564104977,2.236932462,-9,-9,4.7084,431.2321252
O=C(Nc1n[nH]c2ccc(-c3ccccn3)cc12)C1CC1,0.773390379,2.163185865,-8.6,-8.1,2.9734,278.1167611
CSc1nc(-c2ccc(F)cc2)c(-c2ccnc(NC3CCOCC3)c2)[nH]1,0.630119024,2.581067345,-8.5,-8.1,4.5906,384.1420105
COCCN1CCC(CNC(=O)c2n[nH]c3ccc(-c4ccccc4)cc23)CC1,0.647153718,2.235827093,-8.8,-8.6,3.3181,392.2212261
O=C(C=Cc1cnc2[nH]c(-c3ccccc3)cc2c1)NCc1ccncc1,0.533126804,2.390824039,-8.7,-8.4,3.9545,354.1480612
Cc1nc(-c2ccccc2)c(-c2ccnc(NC(=O)C3CC3)c2)[nH]1,0.768483483,2.248935145,-8.7,-8,3.79562,318.1480612
O=C(Nc1n[nH]c2ccc(-c3ccccn3)cc12)C1CC1,0.773390379,2.163185865,-8.4,-8,2.9734,278.1167611
CSc1ccc(NC2=C(c3ccccc3)C(=O)NC2=O)cc1,0.673281968,2.198439841,-7.9,-7.6,2.8881,310.0775987
O=C1NC(=O)C(c2ccccc2)=C1Nc1cc(Cl)c(O)c(Cl)c1,0.587526714,2.35591934,-8.1,-8.2,3.1786,348.0068475
Cn1c(N2CCNC(c3ccccc3)C2)nc(-c2ccncn2)cc1=O,0.77082762,3.035165759,-9.1,-8.4,1.3882,348.1698593
C[S+]([O-])c1ccc(-c2coc3ccc(-c4ccccc4)cc23)cc1,0.464146294,3.016714776,-9.2,-8.8,5.5042,332.0871008
c1ccc(-c2ccc(CSc3nnc(-c4ccc5c(c4)OCCO5)o3)cc2)cc1,0.412852211,2.143259086,-9.4,-8.4,5.4671,402.1038134
O=C(NCC1CCN(Cc2ccccc2)CC1)c1cccc(-n2ncc3cc(Nc4ccccc4Cl)ccc32)c1,0.217299932,2.40876517,-8.9,-10,7.0645,549.2295383
Cn1cc(C2=C(c3cn(CCCO)c4ccccc34)C(=O)NC2=O)c2ccccc21,0.506574139,2.537576001,-9,-8.1,3.0826,399.1582915
COCCN1CCC(CNC(=O)c2n[nH]c3ccc(-c4ccccc4)cc23)CC1,0.647153718,2.235827093,-8.8,-8.6,3.3181,392.2212261
Cc1cncc(-c2ccc3[nH]nc(C(=O)NCC4CCN(CC(=O)O)CC4)c3c2)c1,0.578827355,2.505609095,-9.6,-8.7,2.45972,407.1957397
O=C1NC(=O)C(c2ccccc2)=C1Nc1cc(Cl)c(O)c(Cl)c1,0.587526714,2.35591934,-7.9,-8.2,3.1786,348.0068475
O=C1NC(=O)C(c2ccccc2)=C1Nc1cc(Cl)c(O)c(Cl)c1,0.587526714,2.35591934,-8.1,-8.2,3.1786,348.0068475
O=C1NC(=O)C(c2ccccc2)=C1Nc1cc(Cl)c(O)c(Cl)c1,0.587526714,2.35591934,-7.9,-8.2,3.1786,348.0068475
Cn1c(N2CCNC(c3ccc(F)cc3)C2)nc(-c2ccccc2)cc1=O,0.776466779,2.767418382,-9.7,-8.8,2.7373,364.1699395
O=C(NCC1CCN(Cc2ccccc2)CC1)c1n[nH]c2ccc(-c3ccccc3)cc12,0.464120718,2.146793483,-8.7,-9.3,4.8719,424.2263115
O=C1NCCc2ccc(-c3ccnc(NC(=O)C4CC4)c3)cc21,0.91433317,2.302667046,-8.8,-8.5,2.383,307.1320768
COCCN1CCC(CNC(=O)c2n[nH]c3ccc(-c4ccccc4)cc23)CC1,0.647153718,2.235827093,-8.8,-8.7,3.3181,392.2212261
N#Cc1ccccc1-c1ccc(CSc2ccc(-c3ccc4c(c3)C(=O)NCC4)o2)cc1,0.386069634,2.618952741,-10.2,-8.7,6.06348,436.1245489
O=C1NC(=O)C(c2ccccc2)=C1Nc1cc(Cl)c(O)c(Cl)c1,0.587526714,2.35591934,-7.9,-8.2,3.1786,348.0068475
CSc1nc(-c2ccc(F)cc2)c(C2=CC=NC(Nc3ccc(NC(=O)c4ccccc4)cc3)=NC=C2)n1C,0.270377279,3.058869093,-10,-8.9,6.65,536.1794586
CSc1ccc(NC2=C(c3ccccc3)C(=O)NC2=O)cc1,0.673281968,2.198439841,-7.8,-7.7,2.8881,310.0775987
O=C(Nc1n[nH]c2ncc(-c3ccccc3)cc12)C1CC1,0.773390379,2.155164175,-8.5,-7.9,2.9734,278.1167611
O=C(Nc1n[nH]c2ccc(-c3ccccn3)cc12)C1CC1,0.773390379,2.163185865,-8.4,-8,2.9734,278.1167611
CSc1ccc(NC2=C(c3ccccc3)C(=O)NC2=O)cc1,0.673281968,2.198439841,-7.7,-7.7,2.8881,310.0775987
CS(=O)(=O)Nc1ccc(CCNC(=O)c2ccnc3[nH]c(-c4ccncc4)cc23)cc1,0.412603589,2.424553833,-8.3,-8.3,2.9689,435.1365105
CC(C)n1c(=O)ccc2cnc(NC(=O)C3CCN(Cc4ccccc4)C3)nc21,0.723417826,2.808154461,-9.3,-8.3,2.833,391.200825
FC(F)(F)c1ccc(Nc2nccc(-c3cnn4ncccc34)n2)cc1,0.60200208,2.53456672,-9.2,-8.6,3.9487,356.099729
c1ccc(-c2ccc(CSc3nnc(-c4ccc5c(c4)OCCO5)o3)cc2)cc1,0.412852211,2.143259086,-9.4,-9,5.4671,402.1038134
CN(C)CCCn1cc(C2=C(c3cn(C)c4ccccc34)C(=O)NC2=O)c2ccccc21,0.478990335,2.579171886,-8.9,-8.1,3.6519,426.2055761
O=C(Nc1n[nH]c2cc(-c3ccccc3)ccc12)C1CC1,0.768445346,1.975895071,-8.2,-7.7,3.5784,277.1215121
NCCCn1cc(C2=C(c3coc4ccccc34)C(=O)NC2=O)c2ccccc21,0.515904878,2.594129757,-9.1,-8.4,3.3035,385.1426415
CSc1ccc(NC2=C(c3ccccc3)C(=O)NC2=O)cc1C(=O)O,0.564207216,2.388365522,-8.4,-8.2,2.5863,354.0674279
COCCN1CCC(CNC(=O)c2n[nH]c3ccc(-c4ccccc4)cc23)CC1,0.647153718,2.235827093,-8.8,-8.6,3.3181,392.2212261
Cc1ccc2c(-c3ccnc(Nc4ccc(-n5cnc(N6CCOCC6)n5)cc4)n3)cnn2n1,0.428298005,2.943351389,-10,-9.7,2.65562,454.1978053
O=C1NC(=O)C(c2ccccc2)=C1Nc1cc(Cl)c(O)c(Cl)c1,0.587526714,2.35591934,-8.1,-8.2,3.1786,348.0068475
O=C(Nc1n[nH]c2cc(-c3ccccc3)ccc12)C1CC1,0.768445346,1.975895071,-8.1,-7.7,3.5784,277.1215121
O=C1NC(=O)C(c2ccccc2)=C1Nc1cc(Cl)c(O)c(Cl)c1,0.587526714,2.35591934,-7.8,-8.2,3.1786,348.0068475
c1ccc(-c2ccc(CSc3nnc(-c4ccc5c(c4)OCCO5)o3)cc2)cc1,0.412852211,2.143259086,-9.4,-9,5.4671,402.1038134
N#Cc1ccc(-c2ccc(CSc3nnc(-c4ccc5c(c4)OCCO5)o3)cc2)cc1,0.397746084,2.328630459,-9.4,-9.4,5.33878,427.0990624
c1ccc(-c2ccc(CSc3nnc(-c4ccc5c(c4)OCCO5)o3)cc2)cc1,0.412852211,2.143259086,-9.3,-9.2,5.4671,402.1038134
O=C(Nc1cc(-c2ccccc2)ccn1)C1CCN(Cc2ccccc2)C1,0.743928713,2.300001917,-9.1,-8.5,4.2092,357.1841124
Cn1cc(C2=C(c3cn(C)c4ccccc34)C(=O)NC2=O)c2ccccc21,0.561396223,2.41960808,-9,-8.3,3.2372,355.1320768
CSc1nc(-c2ccc(F)cc2)c(C2=CC=NC(Nc3ccc(NC(=O)c4ccccc4)cc3)=NC=C2)n1C,0.270377279,3.058869093,-10.2,-8.8,6.65,536.1794586
COCCN1CCC(CNC(=O)c2n[nH]c3ccc(-c4ccccc4)cc23)CC1,0.647153718,2.235827093,-8.7,-8.7,3.3181,392.2212261
O=C1NC(=O)C(c2ccccc2)=C1Nc1cc(Cl)c(O)c(Cl)c1,0.587526714,2.35591934,-7.9,-8.2,3.1786,348.0068475
Cn1c(N2CCNC(c3ccc(F)cc3)C2)nc(-c2ccccc2)cc1=O,0.776466779,2.767418382,-9.7,-8.8,2.7373,364.1699395
N#Cc1ccc(-c2ccc(CSc3nnc(-c4ccc5c(c4)OCCO5)o3)cc2)cc1,0.397746084,2.328630459,-9.4,-9.4,5.33878,427.0990624
O=C(Nc1ncnc2[nH]c(-c3cc(Cl)ccn3)cc12)C1CC1,0.778201937,2.582798082,-8,-7.7,3.0218,313.0730377
NC(=O)c1ccccc1Nc1nc(Nc2ccc(C(F)(F)F)cc2)ncc1C(F)(F)F,0.479347871,2.379160174,-9,-8.6,5.1003,441.1024294
Cn1cc(C2=C(c3cn(C)c4ccccc34)C(=O)NC2=O)c2ccccc21,0.561396223,2.41960808,-9,-8.3,3.2372,355.1320768
O=C1NC(=O)C(c2ccccc2)=C1Nc1cccc(C(=O)O)c1,0.749380567,2.107175749,-8.6,-8.4,1.8644,308.0797069
O=C1Nc2ccccc2C1=C1C(=O)Nc2ccccc21,0.716573186,2.137168315,-8.9,-9.2,2.5016,262.0742276
c1ccc(-c2ccc(CSc3nnc(-c4ccc5c(c4)OCCO5)o3)cc2)cc1,0.412852211,2.143259086,-9.4,-8.4,5.4671,402.1038134
c1cc(-c2ccc(-n3cnc(N4CCOCC4)n3)cc2)nc(Nc2ccc(N3CCOCC3)cc2)n1,0.442945116,2.618000699,-9.4,-9,3.1411,484.2335221
CN(C)CCCn1cc(C2=C(c3cn(C)c4ccc(C(F)(F)F)cc34)C(=O)NC2=O)c2ccccc21,0.396575544,2.790334033,-9,-8.9,4.6707,494.1929607
O=C(Nc1n[nH]c2cc(-c3ccccc3)ccc12)C1CC1,0.768445346,1.975895071,-8.2,-7.7,3.5784,277.1215121
N#Cc1ccc(-c2ccc(CSc3nnc(-c4ccc5c(c4)OCCO5)o3)cc2)cc1,0.397746084,2.328630459,-9.5,-9.5,5.33878,427.0990624
O=C1NC(=O)C(c2ccccc2)=C1Nc1cc(Cl)c(O)c(Cl)c1,0.587526714,2.35591934,-7.9,-8.2,3.1786,348.0068475
O=C1NC(=O)C(c2ccccc2)=C1Nc1cc(Cl)c(O)c(Cl)c1,0.587526714,2.35591934,-7.9,-8.2,3.1786,348.0068475
COCCN1CCC(CNC(=O)c2n[nH]c3ccc(-c4ccccc4)cc23)CC1,0.647153718,2.235827093,-8.8,-8.7,3.3181,392.2212261
O=C1NC(=O)C(c2ccccc2)=C1Nc1cc(Cl)c(O)c(Cl)c1,0.587526714,2.35591934,-7.9,-8.1,3.1786,348.0068475
COc1ccc(C2CN(c3nc(-c4ccccc4)cc(=O)n3C)CCN2)cc1,0.75853267,2.748999504,-8.8,-8.7,2.6068,376.189926
O=C1NC(=O)C(c2ccccc2)=C1Nc1cc(Cl)c(O)c(Cl)c1,0.587526714,2.35591934,-8.1,-8.2,3.1786,348.0068475
O=C1NC(=O)C(c2ccccc2)=C1Nc1cc(Cl)c(O)c(Cl)c1,0.587526714,2.35591934,-7.9,-8.2,3.1786,348.0068475
FC(F)(F)c1cccc(Nc2nccc(-c3cnn4ncccc34)n2)c1,0.60200208,2.563619643,-9,-8.8,3.9487,356.099729
c1ccc(-c2ccc(CSc3nnc(-c4ccc5c(c4)OCCO5)o3)cc2)cc1,0.412852211,2.143259086,-9.4,-9,5.4671,402.1038134
c1ccc(-c2ccc(CSc3nnc(-c4ccc5c(c4)OCCO5)o3)cc2)cc1,0.412852211,2.143259086,-9.4,-9.1,5.4671,402.1038134
O=C1NCCc2ccc(-c3ccnc(NC(=O)C4CC4)c3)cc21,0.91433317,2.302667046,-8.8,-8.5,2.383,307.1320768
Cn1c(N2CCNC(c3ccc(F)cc3)C2)nc(-c2ccccc2)cc1=O,0.776466779,2.767418382,-9.7,-8.8,2.7373,364.1699395
O=C(O)CN1CCC(CNC(=O)c2n[nH]c3ccc(-c4ccccc4)cc23)CC1,0.599180564,2.23850613,-9.3,-9.3,2.7563,392.1848406
O=C(Nc1n[nH]c2ccc(-c3ccccn3)cc12)C1CC1,0.773390379,2.163185865,-8.5,-8.1,2.9734,278.1167611
O=C1NC(=O)C(c2ccccc2)=C1Nc1cc(Cl)c(O)c(Cl)c1,0.587526714,2.35591934,-7.9,-8.2,3.1786,348.0068475
O=C(O)CN1CCC(CNC(=O)c2n[nH]c3cc(-c4ccccc4)[nH]c23)CC1,0.521994958,2.61127934,-8.9,-8.6,2.0844,381.1800896
Cn1cc(C2=C(c3cn4c5c(cccc35)CNCC4)C(=O)NC2=O)c2ccccc21,0.512223073,2.839866075,-9.4,-9.4,2.8034,396.1586259
CN(C)CCCn1cc(C2=C(c3cn(C)c4ccccc34)C(=O)NC2=O)c2ccccc21,0.478990335,2.579171886,-9,-8.1,3.6519,426.2055761
Cn1c(N2CCNC(c3ccccc3)C2)nc(-c2ccncn2)cc1=O,0.77082762,3.035165759,-9.1,-8.4,1.3882,348.1698593
O=C1NCC2CCN(CCc3ccccc3)CCc3cc(-c4ccccc4)[nH]c3C1=N2,0.6894742,4.411820044,-10.4,-9.4,3.4601,412.2263115
Cn1cc(C2=C(c3cn(C)c4c(Cl)cccc34)C(=O)NC2=O)c2ccccc21,0.528652014,2.588183007,-8.9,-9.2,3.8906,389.0931044
c1ccc(-c2ccc(CSc3nnc(-c4ccc5c(c4)OCCO5)o3)cc2)cc1,0.412852211,2.143259086,-9.4,-8.4,5.4671,402.1038134
O=C(Nc1n[nH]c2ccc(-c3ccccn3)cc12)C1CC1,0.773390379,2.163185865,-8.6,-8,2.9734,278.1167611
O=C(Nc1n[nH]c2ncc(-c3ccccc3)cc12)C1CC1,0.773390379,2.155164175,-8.5,-7.8,2.9734,278.1167611
O=C1NC(=O)C(c2ccccc2)=C1Nc1cc(Cl)c(O)c(Cl)c1,0.587526714,2.35591934,-7.8,-8.1,3.1786,348.0068475
Cn1c(N2CCNC(c3ccc(F)cc3)C2)nc(-c2ccccc2)cc1=O,0.776466779,2.767418382,-9.7,-8.8,2.7373,364.1699395
O=C1NC(=O)C(c2ccccc2)=C1Nc1cccc(C(=O)O)c1,0.749380567,2.107175749,-8.6,-8.4,1.8644,308.0797069
O=C1NC(=O)C(c2ccccc2)=C1Nc1cc(Cl)c(O)c(Cl)c1,0.587526714,2.35591934,-7.9,-8.1,3.1786,348.0068475
CN(C)CCCn1cc(C2=C(c3cn(C)c4ccccc34)C(=O)NC2=O)c2ccccc21,0.478990335,2.579171886,-9,-8.1,3.6519,426.2055761
COCCN1CCC(CNC(=O)c2n[nH]c3ccc(-c4ccccc4)cc23)CC1,0.647153718,2.235827093,-8.8,-8.6,3.3181,392.2212261
COCCN1CCC(CNC(=O)c2n[nH]c3ccc(-c4ccccc4)cc23)CC1,0.647153718,2.235827093,-8.8,-8.6,3.3181,392.2212261
O=C(Nc1n[nH]c2ccc(-c3ccccn3)cc12)C1CC1,0.773390379,2.163185865,-8.6,-8,2.9734,278.1167611
O=C(Nc1n[nH]c2ncc(-c3ccccc3)cc12)C1CC1,0.773390379,2.155164175,-8.5,-7.7,2.9734,278.1167611
CSc1nc(-c2ccc(F)cc2)c(-c2ccnc(NC3CCCC3)c2)[nH]1,0.595830443,2.449623214,-8.7,-7.8,5.3542,368.1470959
O=C1NC(=O)C(c2ccccc2)=C1Nc1cc(Cl)c(O)c(Cl)c1,0.587526714,2.35591934,-7.9,-8.1,3.1786,348.0068475
O=C(O)CN1CCC(CNC(=O)c2n[nH]c3ccc(-c4ccccc4)cc23)CC1,0.599180564,2.23850613,-9.1,-8.9,2.7563,392.1848406
Cn1cc(C2=C(c3cn(C)c4ccccc34)C(=O)NC2=O)c2ccccc21,0.561396223,2.41960808,-9,-8.3,3.2372,355.1320768
COCCN1CCC(CNC(=O)c2n[nH]c3ccc(-c4ccccc4)cc23)CC1,0.647153718,2.235827093,-8.8,-8.5,3.3181,392.2212261
O=C1NC(=O)C(c2ccccc2)=C1Nc1cc(Cl)c(O)c(Cl)c1,0.587526714,2.35591934,-7.9,-8.2,3.1786,348.0068475
O=C1NC(=O)C(c2ccccc2)=C1Nc1cc(Cl)c(O)c(Cl)c1,0.587526714,2.35591934,-7.9,-8.2,3.1786,348.0068475
COCCN1CCC(CNC(=O)c2n[nH]c3ccc(-c4ccccc4)cc23)CC1,0.647153718,2.235827093,-8.7,-8.7,3.3181,392.2212261
c1ccc(Nc2nccc(-c3cnn4ncccc34)n2)cc1,0.627484971,2.364224756,-8.2,-8.2,2.9299,288.1123444
COCCN1CCC(CNC(=O)c2n[nH]c3ccc(-c4ccccc4)cc23)CC1,0.647153718,2.235827093,-8.8,-8.6,3.3181,392.2212261
CSc1nc(-c2ccc(F)cc2)c(C2=CC=NC(Nc3ccc(NC(=O)c4ccccc4)cc3)=NC=C2)n1C,0.270377279,3.058869093,-10.1,-9.2,6.65,536.1794586
O=C(Nc1n[nH]c2ncc(-c3ccccc3)cc12)C1CC1,0.773390379,2.155164175,-8.5,-8,2.9734,278.1167611
FC(F)(F)c1ccc(Nc2nccc(-c3cnn4ncccc34)n2)cc1,0.60200208,2.53456672,-9.3,-8.6,3.9487,356.099729
CCCC(=O)Nc1n[nH]c2cc(-c3ccccc3)ccc12,0.758874824,1.979329371,-7.8,-7.6,3.9685,279.1371622
NC1CCC(Nc2cc(-c3ccnc(Nc4ccc(NC(=O)c5ccccc5)cc4)n3)ccn2)CC1,0.287094951,2.415027501,-9.9,-9.1,5.2163,479.2433585
C=CC(=O)NCCCn1cc(C2=C(c3cn(CCCN4CCOCC4)c4ccccc34)C(=O)NC2=O)c2ccccc21,0.164682535,2.940035648,-8.9,-9.6,3.5778,565.2689046
O=C(NCCc1ccccc1)c1n[nH]c2ccc(-c3cccc(F)c3)cc12,0.556795193,2.009326351,-8.3,-9.1,4.3415,359.1433904
COCCN1CCC(CNC(=O)c2n[nH]c3ccc(-c4ccccc4)cc23)CC1,0.647153718,2.235827093,-8.8,-8.5,3.3181,392.2212261
CSc1nc(-c2ccc(F)cc2)c(-c2ccnc(NC(=O)C3CCC3)c2)n1C,0.632527199,2.455633251,-8.4,-7.5,4.7487,396.1420105
Cn1cc(C2=C(c3cn(C)c4ccccc34)C(=O)NC2=O)c2ccccc21,0.561396223,2.41960808,-9,-8.3,3.2372,355.1320768
CSc1ccc(NC2=C(c3ccc(Cl)cc3)C(=O)NC2=O)cc1,0.657625785,2.261784033,-7.7,-7.5,3.5415,344.0386263
O=C1NC(=O)C(c2ccccc2)=C1Nc1ccc(O)c(C(=O)O)c1,0.501049268,2.241517075,-8.5,-8.5,1.57,324.0746215
O=C(NCC1CCN(Cc2ccccc2)CC1)c1n[nH]c2ccc(-c3ccccc3)cc12,0.464120718,2.146793483,-8.8,-9.5,4.8719,424.2263115
COCCN1CCC(CNC(=O)c2n[nH]c3ccc(-c4ccccc4)cc23)CC1,0.647153718,2.235827093,-8.8,-8.7,3.3181,392.2212261
Cn1cc(C2=C(c3cn(CCCN)c4ccccc34)C(=O)NC2=O)c2ccccc21,0.507118813,2.5563955,-8.8,-8.1,3.049,398.1742759
CS(=O)(=O)Nc1ccc(CCNC(=O)c2ccnc3[nH]c(-c4ccccc4)cc23)cc1,0.413558828,2.274450635,-9.1,-8.7,3.5739,434.1412616
O=C1NC(=O)C(c2ccccc2)=C1Nc1cccc(C(=O)O)c1,0.749380567,2.107175749,-8.5,-8.4,1.8644,308.0797069
O=C1NC(=O)C(c2ccccc2)=C1Nc1cc(Cl)c(O)c(Cl)c1,0.587526714,2.35591934,-7.9,-8.2,3.1786,348.0068475
Cn1cc(C2=C(c3cn(C)c4ccc(Br)cc34)C(=O)NC2=O)c2ccccc21,0.485302967,2.55650511,-9.1,-8.8,3.9997,433.0425889
O=C1NC(=O)C(c2ccccc2)=C1Nc1cc(Cl)c(O)c(Cl)c1,0.587526714,2.35591934,-7.9,-8.1,3.1786,348.0068475
O=C(Nc1n[nH]c2ccc(-c3ccccn3)cc12)C1CC1,0.773390379,2.163185865,-8.6,-8,2.9734,278.1167611
O=C1NC(=O)C(c2ccccc2)=C1Nc1cc(Cl)c(O)c(Cl)c1,0.587526714,2.35591934,-7.9,-8.2,3.1786,348.0068475
Cc1nc(C)n(-c2ccc(Nc3cc(-c4ccc5c(c4)C(=O)NCC5)ccn3)cc2)n1,0.531689461,2.592843704,-10.3,-9.8,3.97564,410.1855093
O=C(O)c1ccc(CN2CCC(CNC(=O)c3cc(-n4ncc5cc(Nc6ccccc6Cl)ccc54)cs3)CC2)o1,0.181838347,2.898966491,-9.8,-9.9,6.4172,589.1550531
O=C(Nc1n[nH]c2ncc(-c3ccccc3)cc12)C1CC1,0.773390379,2.155164175,-8.3,-8.1,2.9734,278.1167611
CSc1ccc(NC2=C(c3ccccc3)C(=O)NC2=O)cc1,0.673281968,2.198439841,-7.8,-7.7,2.8881,310.0775987
O=C(Nc1n[nH]c2ncc(-c3ccccc3)cc12)C1CC1,0.773390379,2.155164175,-8.5,-7.9,2.9734,278.1167611
CSc1ccc(NC2=C(c3ccccc3)C(=O)NC2=O)cc1,0.673281968,2.198439841,-7.8,-7.7,2.8881,310.0775987
O=C1NC(=O)C(c2ccccc2)=C1Nc1cc(Cl)c(O)c(Cl)c1,0.587526714,2.35591934,-7.9,-8.1,3.1786,348.0068475
O=C(Nc1n[nH]c2cc(-c3ccccc3)ccc12)C1CC1,0.768445346,1.975895071,-8.1,-7.7,3.5784,277.1215121
CC(=O)NCCCn1cc(C2=C(c3cn(C)c4ccccc34)C(=O)NC2=O)c2ccccc21,0.356640986,2.583029916,-9.2,-8.5,3.2264,440.1848406
COCCN1CCC(CNC(=O)c2n[nH]c3cc(-c4ccccc4)ccc23)CC1,0.647153718,2.240086822,-8.7,-8.4,3.3181,392.2212261
CSc1ccc(NC2=C(c3ccccc3)C(=O)NC2=O)cc1,0.673281968,2.198439841,-7.9,-7.7,2.8881,310.0775987
C=CC(=O)NCCCn1cc(C2=C(c3cn(C)c4ccccc34)C(=O)NC2=O)c2ccccc21,0.256102502,2.716443583,-9.4,-9.4,3.3925,452.1848406
O=C(Nc1n[nH]c2ccc(-c3ccccn3)cc12)C1CC1,0.773390379,2.163185865,-8.6,-8,2.9734,278.1167611
COCCN1CCC(CNC(=O)c2n[nH]c3ccc(-c4ccccc4)cc23)CC1,0.647153718,2.235827093,-8.8,-8.6,3.3181,392.2212261
O=C1NC(=O)C(c2ccccc2)=C1Nc1ccccc1,0.835213173,1.958409695,-7.5,-7.6,2.1662,264.0898776
O=C1NC(=O)C(c2ccccc2)=C1Nc1cc(Cl)c(O)c(Cl)c1,0.587526714,2.35591934,-7.9,-8.2,3.1786,348.0068475
FC(F)(F)c1ccc(Nc2nccc(-c3cnn4ncccc34)n2)cc1,0.60200208,2.53456672,-9.2,-8.6,3.9487,356.099729
CSc1ccc(NC2=C(c3ccccc3)C(=O)NC2=O)cc1,0.673281968,2.198439841,-7.9,-7.7,2.8881,310.0775987
O=C(Nc1n[nH]c2ccc(-c3ccccn3)cc12)C1CC1,0.773390379,2.163185865,-8.6,-8.2,2.9734,278.1167611
c1ccc(-c2ccc(CSc3nnc(-c4ccc5c(c4)OCCO5)o3)cc2)cc1,0.412852211,2.143259086,-9.4,-9.1,5.4671,402.1038134
Cn1cc(C2=C(c3cn(C)c4c(Cl)cccc34)C(=O)NC2=O)c2ccccc21,0.528652014,2.588183007,-8.9,-8.4,3.8906,389.0931044
O=C(Nc1n[nH]c2ccc(-c3ccccn3)cc12)C1CC1,0.773390379,2.163185865,-8.6,-7.9,2.9734,278.1167611
c1ccc(-c2ccc(CSc3nnc(-c4ccc5c(c4)OCCO5)o3)cc2)cc1,0.412852211,2.143259086,-9.4,-8.4,5.4671,402.1038134
O=C(O)CN1CCC(CNC(=O)c2n[nH]c3cc(-c4ccccc4)[nH]c23)CC1,0.521994958,2.61127934,-8.9,-8.6,2.0844,381.1800896
O=C(O)CN1CCC(CNC(=O)c2n[nH]c3ccc(-c4ccccc4)cc23)CC1,0.599180564,2.23850613,-9.2,-9.2,2.7563,392.1848406
c1ccc(-c2cccc(SCc3cn(-c4ccccc4)nn3)n2)cc1,0.495493538,2.194272775,-8.7,-8.5,4.6216,344.1095675
CCS(=O)(=O)Nc1ccc(CCNC(=O)c2ccnc3[nH]c(-c4ccccc4)cc23)cc1,0.379427639,2.351865589,-9.2,-8.2,3.964,448.1569116
N#Cc1ccc(-c2ccc(CSc3nnc(-c4ccc5c(c4)OCCO5)o3)cc2)cc1,0.397746084,2.328630459,-9.4,-9.2,5.33878,427.0990624
COCCN1CCC(CNC(=O)c2n[nH]c3ccc(-c4ccccc4)cc23)CC1,0.647153718,2.235827093,-8.8,-8.7,3.3181,392.2212261
NS(=O)(=O)c1ccc(-c2ccc3c(c2)C(=O)NCC3)cc1,0.87560923,2.111736189,-8.4,-8.4,1.2869,302.0725133
O=C1NCCc2ccc(-c3ccnc(Nc4ccc(N5CCOCC5)cc4)n3)cc21,0.699725769,2.419366859,-9.5,-9.4,3.0097,401.185175
Cn1c(N2CCNC(c3ccc(F)cc3)C2)nc(-c2ccccc2)cc1=O,0.776466779,2.767418382,-9.7,-8.8,2.7373,364.1699395
N#Cc1ccccc1-c1ccc(CSc2ccc(-c3ccc4c(c3)C(=O)NCC4)o2)cc1,0.386069634,2.618952741,-10,-8.8,6.06348,436.1245489
O=C1NCCc2ccc(-c3ccnc(Nc4ccc(N5CCOCC5)cc4)n3)cc21,0.699725769,2.419366859,-9.5,-9.4,3.0097,401.185175
O=C(Nc1n[nH]c2cc(-c3ccccc3)ccc12)C1CC1,0.768445346,1.975895071,-8.2,-7.7,3.5784,277.1215121
COCCN1CCC(CNC(=O)c2n[nH]c3ccc(-c4ccccc4)cc23)CC1,0.647153718,2.235827093,-8.8,-8.7,3.3181,392.2212261
O=C(Nc1n[nH]c2ccc(-c3ccccc3)cc12)C1CC1,0.768445346,1.963749043,-8.7,-8.2,3.5784,277.1215121
CSc1nc(-c2ccc(F)cc2)c(C2=CC=NC(Nc3ccc(NC(=O)c4ccccc4)cc3)=NC=C2)n1C,0.270377279,3.058869093,-10,-8.8,6.65,536.1794586
COCCN1CCC(CNC(=O)c2n[nH]c3ccc(-c4ccccc4)cc23)CC1,0.647153718,2.235827093,-8.8,-8.6,3.3181,392.2212261
Cn1cc(C2=C(c3cn(CCCN4CCOCC4)c4ccccc34)C(=O)NC2=O)c2ccccc21,0.440541409,2.644305013,-9.5,-8,3.4225,468.2161408
O=C1NC(=O)C(c2ccccc2)=C1Nc1cc(Cl)c(O)c(Cl)c1,0.587526714,2.35591934,-7.9,-8.2,3.1786,348.0068475
COCCN1CCC(CNC(=O)c2n[nH]c3ccc(-c4cccnc4)cc23)CC1,0.644898213,2.38781551,-8.9,-8.2,2.7131,393.2164751
O=C(Nc1n[nH]c2ccc(-c3ccccn3)cc12)C1CC1,0.773390379,2.163185865,-8.4,-8.1,2.9734,278.1167611
COCCN1CCC(CNC(=O)c2n[nH]c3ccc(-c4ccccc4)cc23)CC1,0.647153718,2.235827093,-8.7,-8.7,3.3181,392.2212261
O=C(NCCc1ccccc1)c1ccnc2nc(-c3ccc(F)cc3)[nH]c12,0.56956738,2.129749331,-9.2,-8,3.7365,360.1386394
O=C1NC(=O)C(c2cn(CCCO)c3ccccc23)=C1c1cccc2ccccc12,0.504974442,2.385616738,-9,-8.9,3.7441,396.1473925
c1cnn2ncc(-c3ccnc(Nc4ccc(-n5cnc(N6CCOCC6)n5)cc4)n3)c2c1,0.440078572,2.898664822,-9.9,-9.3,2.3472,440.1821553
O=C(Nc1n[nH]c2ncc(-c3ccccc3)cc12)C1CC1,0.773390379,2.155164175,-8.4,-7.8,2.9734,278.1167611
CSc1ccc(NC2=C(c3ccccc3)C(=O)NC2=O)cc1,0.673281968,2.198439841,-7.8,-7.7,2.8881,310.0775987
c1ccc(-c2ccc(CSc3nnc(-c4ccc5c(c4)OCCO5)o3)cc2)cc1,0.412852211,2.143259086,-9.4,-8.9,5.4671,402.1038134
CSc1ccc(NC2=C(c3ccccc3)C(=O)NC2=O)cc1,0.673281968,2.198439841,-7.8,-7.7,2.8881,310.0775987
CS(=O)(=O)NC1CCC(Nc2cc(-c3ccnc(Nc4ccc(NC(=O)c5ccccc5)cc4)c3)ccn2)CC1,0.217175658,2.547557284,-10.3,-9.5,5.4118,556.2256599
O=C(Nc1n[nH]c2ccc(-c3ccccn3)cc12)C1CC1,0.773390379,2.163185865,-8.6,-8,2.9734,278.1167611
COCCN1CCC(CNC(=O)c2n[nH]c3ccc(-c4ccccc4)cc23)CC1,0.647153718,2.235827093,-8.8,-8.6,3.3181,392.2212261
O=C1NC(=O)C(c2ccccc2)=C1Nc1cc(Cl)c(O)c(Cl)c1,0.587526714,2.35591934,-7.9,-8.2,3.1786,348.0068475
c1ccc(-c2ccc(CSc3nnc(-c4ccc5c(c4)OCCO5)o3)cc2)cc1,0.412852211,2.143259086,-9.4,-8.9,5.4671,402.1038134
c1ccc(-c2ccc(CSc3nnc(-c4ccc5c(c4)OCCO5)o3)cc2)cc1,0.412852211,2.143259086,-9.4,-8.4,5.4671,402.1038134
CN(C)CCCn1cc(C2=C(c3cn(C)c4ccccc34)C(=O)NC2=O)c2ccccc21,0.478990335,2.579171886,-9,-8.1,3.6519,426.2055761
COCCN1CCC(CNC(=O)c2n[nH]c3ccc(-c4ccc(Cl)cc4)cc23)CC1,0.599300035,2.296246977,-8.9,-8.1,3.9715,426.1822538
CN(C)CCCn1cc(C2=C(c3cn(C)c4ccccc34)C(=O)NC2=O)c2cc(F)ccc21,0.460575469,2.673428638,-9,-8,3.791,444.1961543
CN(C)CCCn1cc(C2=C(c3cn(CCCN4CCOCC4)c4ccccc34)C(=O)NC2=O)c2ccccc21,0.310314121,2.81384747,-8.8,-7.6,3.8372,539.28964
NC1CCC(Nc2nc(Nc3ccc(Cl)c(Cl)c3)nc(-c3cnn4ncccc34)n2)CC1,0.394873803,2.874229236,-10,-8.4,4.3135,469.129697
O=C1NC(=O)C(c2ccccc2)=C1Nc1cc(Cl)c(O)c(Cl)c1,0.587526714,2.35591934,-7.9,-8.2,3.1786,348.0068475
N#Cc1ccc(-c2ccc(CSc3ccc(-c4ccc5c(c4)CCC5)o3)cc2)cc1,0.326526659,2.378200221,-9,-8.6,7.26628,407.1343853
c1ccc(-c2ccc(CSc3nnc(-c4ccc5c(c4)OCCO5)o3)cc2)cc1,0.412852211,2.143259086,-9.4,-9.1,5.4671,402.1038134
Cc1ccc2c(-c3ccnc(Nc4ccccc4Cl)n3)cnn2n1,0.614364094,2.513011485,-8.6,-8.4,3.89172,336.0890221
FC(F)(F)CN1CCC(Nc2nccc(-c3cnn4ncccc34)n2)CC1,0.753769013,2.819553772,-8.6,-8.2,2.6249,377.1575782
N#Cc1ccc(-c2ccc(CSc3nnc(-c4ccc5c(c4)OCCO5)o3)cc2)cc1,0.397746084,2.328630459,-9.4,-9.7,5.33878,427.0990624
CSc1ccc(NC2=C(c3ccccc3)C(=O)NC2=O)cc1,0.673281968,2.198439841,-7.9,-7.7,2.8881,310.0775987
c1ccc(-c2ccc(CSc3nnc(-c4ccc5c(c4)OCCO5)o3)cc2)cc1,0.412852211,2.143259086,-9.5,-9.1,5.4671,402.1038134
Cn1c(N2CCNC(c3ccc(Cl)cc3)C2)nc(-c2ccccc2)cc1=O,0.757395061,2.76283495,-9.4,-8.7,3.2516,380.140389
O=C(Nc1n[nH]c2cc(-c3ccccc3)ccc12)C1CC1,0.768445346,1.975895071,-8.5,-7.7,3.5784,277.1215121
O=C(O)CN1CCC(CNC(=O)c2n[nH]c3cc(-c4ccccc4)ccc23)CC1,0.599180564,2.24281657,-9,-8.5,2.7563,392.1848406
O=C1NC(=O)C(c2ccccc2)=C1Nc1cc(Cl)c(O)c(Cl)c1,0.587526714,2.35591934,-7.9,-8.3,3.1786,348.0068475
Cn1cc(C2=C(c3cn4c5c(cccc35)CNCC4)C(=O)NC2=O)c2ccccc21,0.512223073,2.839866075,-9.6,-9.4,2.8034,396.1586259
CSc1nc(-c2ccc(F)cc2)c(-c2ccnc(NC3CCCC3)c2)[nH]1,0.595830443,2.449623214,-8.8,-8,5.3542,368.1470959
CSc1ccc(NC2=C(c3ccccc3)C(=O)NC2=O)cc1,0.673281968,2.198439841,-7.8,-7.7,2.8881,310.0775987
Cc1nc(C)n(-c2ccc(Nc3ncc(C(F)(F)F)c(Nc4ccc(C(F)(F)F)cc4)n3)cc2)n1,0.322501408,2.632037774,-9.8,-8.6,6.19894,493.1449629
CN(C)CCCn1cc(C2=C(c3ccccc3)C(=O)NC2=O)c2ccccc21,0.675529158,2.334070045,-8.5,-7.2,3.1602,373.179027
COCCN1CCC(CNC(=O)c2n[nH]c3ccc(-c4ccccc4)cc23)CC1,0.647153718,2.235827093,-8.8,-8.6,3.3181,392.2212261
CSc1nc(-c2ccc(F)cc2)c(-c2ccnc(NC3CCOCC3)c2)[nH]1,0.630119024,2.581067345,-8.5,-8,4.5906,384.1420105
c1ccc(-c2nn3ncccc3c2-c2ccnc(Nc3ccc(N4CCOCC4)cc3)n2)cc1,0.42502104,2.541136749,-9.4,-8.7,4.4335,449.1964084
CSc1ccc(NC2=C(c3ccccc3)C(=O)NC2=O)cc1,0.673281968,2.198439841,-7.7,-7.7,2.8881,310.0775987
COCCN1CCC(CNC(=O)c2n[nH]c3ccc(-c4ccccc4)cc23)CC1,0.647153718,2.235827093,-8.8,-8.6,3.3181,392.2212261
O=C1NCCc2ccc(-c3ccnc(NC(=O)C4CC4)c3)cc21,0.91433317,2.302667046,-8.8,-8.5,2.383,307.1320768
CSc1ccc(NC2=C(c3ccc(C(=O)O)cc3)C(=O)NC2=O)cc1,0.564207216,2.29223761,-7.9,-7.8,2.5863,354.0674279
CSc1ccc(NC2=C(c3ccccc3)C(=O)NC2=O)cc1,0.673281968,2.198439841,-7.8,-7.7,2.8881,310.0775987
CS(=O)(=O)Nc1ccc(CCNC(=O)c2ccnc3[nH]c(-c4ccccc4)cc23)cc1,0.413558828,2.274450635,-9.1,-8.7,3.5739,434.1412616
O=C1NC(=O)C(c2ccccc2)=C1Nc1cc(Cl)c(O)c(Cl)c1,0.587526714,2.35591934,-7.9,-8.2,3.1786,348.0068475
O=C(Nc1cnn(-c2cccc(C(=O)Nc3ccc(C(=O)NCC4CCN(Cc5ccc(C(=O)O)o5)CC4)cc3)c2)c1)Nc1ccccc1Cl,0.106334703,2.818076018,-10.9,-9.2,6.3552,695.2259095
COCCN1CCC(CNC(=O)c2n[nH]c3ccc(-c4ccccc4)cc23)CC1,0.647153718,2.235827093,-8.8,-8.8,3.3181,392.2212261
N#Cc1ccc(-c2ccc(CSc3nnc(-c4ccc5c(c4)OCCO5)o3)cc2)cc1,0.397746084,2.328630459,-9.4,-9.4,5.33878,427.0990624
O=C1NCCc2ccc(-c3cccc(Nc4ccc(-n5cnc(N6CCOCC6)n5)cc4)n3)cc21,0.465251558,2.775163619,-10.5,-10.2,3.1954,467.206973
CSc1ccc(NC2=C(c3ccccc3)C(=O)NC2=O)cc1,0.673281968,2.198439841,-7.8,-7.7,2.8881,310.0775987
CSc1ccc(NC2=C(c3ccc(Cl)cc3)C(=O)NC2=O)cc1,0.657625785,2.261784033,-7.7,-7.5,3.5415,344.0386263
c1ccc(-c2ccc(CSc3nnc(-c4ccc5c(c4)OCCO5)o3)cc2)cc1,0.412852211,2.143259086,-9.4,-9.1,5.4671,402.1038134
Cn1c(N2CCNC(c3ccc(F)cc3)C2)nc(-c2ccccc2)cc1=O,0.776466779,2.767418382,-9.7,-8.8,2.7373,364.1699395
FC(F)(F)c1ccc(-c2ccc(CSc3nnc(-c4ccc5c(c4)OCCO5)o3)cc2)cc1,0.311066304,2.355408353,-9.2,-9.9,6.4859,470.0911981
Cc1nc(C)n(-c2ccc(Nc3nccc(-c4cccc(Nc5ccccc5Cl)c4)n3)cc2)n1,0.297153715,2.394830043,-9.6,-9.8,6.48174,467.1625214
O=C(O)CN1CCC(CNC(=O)c2n[nH]c3ccc(-c4ccccc4)cc23)CC1,0.599180564,2.23850613,-9.1,-8.9,2.7563,392.1848406
CSc1ccc(NC2=C(c3ccccc3)C(=O)NC2=O)cc1,0.673281968,2.198439841,-7.8,-7.7,2.8881,310.0775987
NS(=O)(=O)c1ccc(-c2ccc3c(c2)C(=O)NCC3)cc1,0.87560923,2.111736189,-8.4,-8.4,1.2869,302.0725133
CSc1ccc(NC2=C(c3ccccc3)C(=O)NC2=O)cc1,0.673281968,2.198439841,-7.8,-7.6,2.8881,310.0775987
NC1CCN(c2ccccc2NC(=O)c2ccnc(Nc3ccccc3)c2)CC1,0.616185166,2.1175956,-8.9,-8,4.005,387.2059104
COCCN1CCC(CNC(=O)c2n[nH]c3ccc(-c4ccccc4)cc23)CC1,0.647153718,2.235827093,-8.8,-8.7,3.3181,392.2212261
O=C(O)CN1CCC(CNC(=O)c2n[nH]c3ccc(-c4cncc(F)c4F)cc23)CC1,0.555093406,2.689537095,-9.3,-8.8,2.4295,429.161246
O=C(O)CN1CCC(CNC(=O)c2n[nH]c3ccc(-c4ccccc4)cc23)CC1,0.599180564,2.23850613,-8.9,-9.2,2.7563,392.1848406
O=C1CCC(N2C(=O)c3cccc(OCCCCCCCCCCCCCCCCC(=O)Nc4ccnc5nc(-c6ccc(F)cc6)[nH]c45)c3C2=O)C(=O)N1,0.056899581,3.709014352,-8.9,-7.9,8.0342,752.3697615
O=C(Nc1cc(C(=O)Nc2ccccc2C2CCCCC2)ccn1)c1ccccc1,0.583650314,2.018985396,-9.8,-9.6,5.6339,399.194677
CSc1ccc(NC2=C(c3ccccc3)C(=O)NC2=O)cc1,0.673281968,2.198439841,-7.8,-7.7,2.8881,310.0775987
O=C(O)CN1CCC(CNC(=O)c2n[nH]c3cc(-c4ccccc4)[nH]c23)CC1,0.521994958,2.61127934,-9,-8.7,2.0844,381.1800896
O=C(Nc1cc(-c2ccnc(Nc3ccc(N4CCOCC4)cc3)n2)ccn1)C1CCCC1,0.587196258,2.382677152,-9.8,-9.4,4.2475,444.2273741
O=C1NC(=O)C(c2ccccc2)=C1Nc1cc(Cl)c(O)c(Cl)c1,0.587526714,2.35591934,-7.9,-8.2,3.1786,348.0068475
CN(C)CCCn1cc(C2=C(c3cn(C)c4ccccc34)C(=O)NC2=O)c2ccccc21,0.478990335,2.579171886,-8.9,-8.2,3.6519,426.2055761
COCCN1CCC(CNC(=O)c2n[nH]c3ccc(-c4ccccc4)cc23)CC1,0.647153718,2.235827093,-8.8,-8.6,3.3181,392.2212261
O=C(Nc1n[nH]c2ccc(-c3ccccn3)cc12)C1CC1,0.773390379,2.163185865,-8.6,-7.6,2.9734,278.1167611
O=C(Nc1n[nH]c2ccc(-c3ccccc3)cc12)C1CC1,0.768445346,1.963749043,-8.6,-8.2,3.5784,277.1215121
O=C(NCC1CCN(Cc2ccccc2)CC1)c1n[nH]c2ccc(-c3ccccc3)cc12,0.464120718,2.146793483,-8.8,-9.5,4.8719,424.2263115
CN(C)CCCn1cc(C2=C(c3cn(C)c4ccccc34)C(=O)NC2=O)c2ccccc21,0.478990335,2.579171886,-9,-8.1,3.6519,426.2055761
COCCN1CCC(CNC(=O)c2n[nH]c3ccc(-c4ccccc4)cc23)CC1,0.647153718,2.235827093,-8.8,-8.6,3.3181,392.2212261
O=C(Nc1ccc(Nc2nccc(-c3cnn4ncccc34)n2)cc1)c1ccccc1,0.453592705,2.35030571,-9.8,-9.5,4.1822,407.1494582
CSc1nc(-c2ccc(F)cc2)c(C2=CC=NC(Nc3ccc(NC(=O)c4ccccc4)cc3)=NC=C2)n1C,0.270377279,3.058869093,-10.2,-8,6.65,536.1794586
O=C1NC(=O)C(c2ccccc2)=C1Nc1cc(Cl)c(O)c(Cl)c1,0.587526714,2.35591934,-7.9,-8.2,3.1786,348.0068475
Cc1ccc2c(-c3ccnc(Nc4ccc(Cl)c(Cl)c4)n3)cnn2n1,0.572506864,2.559103159,-9.1,-8.1,4.54512,370.0500497
Clc1cccc(Nc2nccc(-c3cnn4ncccc34)n2)c1,0.62407752,2.465688416,-8.4,-8.5,3.5833,322.073372
FC(F)(F)c1ccc(-c2ccc(CSc3nnc(-c4ccc5c(c4)OCCO5)o3)cc2)cc1,0.311066304,2.355408353,-9.6,-10,6.4859,470.0911981
FC(F)(F)c1ccc(Nc2nccc(-c3cnn4ncccc34)n2)cc1,0.60200208,2.53456672,-9.3,-8.6,3.9487,356.099729
O=C1NC(=O)C(c2ccccc2)=C1Nc1cc(Cl)c(O)c(Cl)c1,0.587526714,2.35591934,-7.9,-8.2,3.1786,348.0068475
COc1cccc(C2=C(c3cn(C)c4ccccc34)C(=O)NC2=O)c1,0.750397967,2.252396848,-8.4,-8,2.7541,332.1160924
COCCN1CCC(CNC(=O)c2n[nH]c3ccc(-c4ccccc4)cc23)CC1,0.647153718,2.235827093,-8.8,-8.7,3.3181,392.2212261
N#Cc1ccc(-c2ccc(CSc3nnc(-c4ccc5c(c4)OCCO5)o3)cc2)cc1,0.397746084,2.328630459,-9.2,-9.4,5.33878,427.0990624
O=C1NC(=O)C(c2ccccc2)=C1Nc1cc(Cl)c(O)c(Cl)c1,0.587526714,2.35591934,-8.1,-8.2,3.1786,348.0068475
O=C1NC(=O)C(c2cn(CCCN3CCOCC3)c3ccccc23)=C1c1coc2ccccc12,0.449108134,2.668609246,-9.8,-8.7,3.677,455.1845063
CSc1nc(-c2ccc(F)cc2)c(C2=CC=NC(Nc3ccc(NC(=O)c4ccccc4)cc3)=NC=C2)n1C,0.270377279,3.058869093,-10.1,-8.6,6.65,536.1794586
CCS(=O)(=O)Nc1ccc(CCNC(=O)c2ccnc3[nH]c(-c4ccccc4)cc23)cc1,0.379427639,2.351865589,-8.7,-8,3.964,448.1569116
O=C(Nc1n[nH]c2ncc(-c3ccccc3)cc12)C1CC1,0.773390379,2.155164175,-8.4,-8.1,2.9734,278.1167611
CSc1nc(-c2ccc(F)cc2)c(C2=CC=NC(Nc3ccc(NC(=O)c4ccccc4)cc3)=NC=C2)n1C,0.270377279,3.058869093,-10.1,-9.1,6.65,536.1794586
O=C1NC(=O)C(c2ccccc2)=C1Nc1cccc(C(=O)O)c1,0.749380567,2.107175749,-8.6,-8.4,1.8644,308.0797069
COc1ccc(-c2ccc(CSc3nnc(-c4ccc5c(c4)OCCO5)o3)cc2)cc1,0.374029573,2.204821764,-9.1,-9.2,5.4757,432.1143781
FC(F)(F)c1ccc(-c2ccc(CSc3nnc(-c4ccc5c(c4)OCCO5)o3)cc2)cc1,0.311066304,2.355408353,-9.6,-9.9,6.4859,470.0911981
O=C(Nc1ccccc1)c1ccc(Nc2nccc(-c3cnn4ncccc34)n2)cc1,0.453592705,2.349968587,-9.7,-9.1,4.1822,407.1494582
CSc1ccc(NC2=C(c3ccccc3)C(=O)NC2=O)cc1,0.673281968,2.198439841,-7.8,-7.7,2.8881,310.0775987
Cn1cc(C2=C(c3coc4ccccc34)C(=O)NC2=O)c2cc(C(F)(F)F)ccc21,0.494800376,2.679435022,-9.7,-9.5,4.5105,410.0878269
Cc1nc(-c2ccccc2)c(-c2ccnc(NC(=O)C3CC3)c2)[nH]1,0.768483483,2.248935145,-8.6,-8,3.79562,318.1480612
O=C1NC(=O)C(c2ccccc2)=C1Nc1cc(Cl)c(O)c(Cl)c1,0.587526714,2.35591934,-8.1,-8.2,3.1786,348.0068475
COCCN1CCC(CNC(=O)c2n[nH]c3ccc(-c4ccccc4)cc23)CC1,0.647153718,2.235827093,-8.8,-8.6,3.3181,392.2212261
COCCN1CCC(CNC(=O)c2n[nH]c3ccc(-c4ccccc4)cc23)CC1,0.647153718,2.235827093,-8.8,-8.6,3.3181,392.2212261
CSc1ccc(NC2=C(c3ccccc3)C(=O)NC2=O)cc1,0.673281968,2.198439841,-7.9,-7.7,2.8881,310.0775987
O=C(Nc1cc(-c2ccnc(Nc3ccccc3)c2)ccn1)C1CCC1,0.708245906,2.088978275,-8.9,-8.1,4.6258,344.1637113
COCCN1CCC(CNC(=O)c2n[nH]c3ccc(-c4ccccc4)cc23)CC1,0.647153718,2.235827093,-8.8,-8.7,3.3181,392.2212261
Cc1nc(C)n(-c2ccc(Nc3nccc(-c4cccc(Nc5cccc(C(F)(F)F)c5)c4)n3)cc2)n1,0.264979413,2.538798106,-10.4,-10.5,6.84714,501.1888784
COCCN1CCC(CNC(=O)c2n[nH]c3ccc(-c4ccccc4)cc23)CC1,0.647153718,2.235827093,-8.8,-8.5,3.3181,392.2212261
Cn1cc(C2=C(c3cn(CCCn4ccnc4)c4ccccc34)C(=O)NC2=O)c2cccc(Cl)c21,0.357451398,2.855784893,-9.7,-9,4.6404,483.1462026
Cn1c(N2CCNC(c3ccc(F)cc3)C2)nc(-c2ccc(F)cc2)cc1=O,0.756931622,2.830028885,-9.9,-8.6,2.8764,382.1605177
c1ccc(-c2ccc(CSc3nnc(-c4ccc5c(c4)OCCO5)o3)cc2)cc1,0.412852211,2.143259086,-9.4,-9.1,5.4671,402.1038134
Cn1c(N2CCNC(c3ccc(F)cc3)C2)nc(-c2ccncc2)cc1=O,0.770469732,2.93868998,-9.6,-8.3,2.1323,365.1651885
Cc1nc(C)n(-c2ccc(Nc3nccc(-c4ccc5c(c4)C(=O)NCC5)n3)cc2)n1,0.534366217,2.607599088,-10.2,-9.7,3.37064,411.1807583
CSc1ccc(NC2=C(c3ccccc3)C(=O)NC2=O)cc1,0.673281968,2.198439841,-7.8,-7.6,2.8881,310.0775987
O=C(Nc1n[nH]c2ccc(-c3ccccc3)cc12)C1CC1,0.768445346,1.963749043,-8.6,-8.3,3.5784,277.1215121
CSc1nc(-c2ccc(F)cc2)c(-c2ccnc(NC(=O)C3CCCC3)c2)[nH]1,0.586788131,2.419217801,-8.8,-8,5.1284,396.1420105
O=C1NC(=O)C(c2ccccc2)=C1Nc1cc(Cl)c(O)c(Cl)c1,0.587526714,2.35591934,-7.8,-8.1,3.1786,348.0068475
O=C(CN1C(=O)Cc2ccccc21)Nc1scc(Br)c1-c1ncn[nH]1,0.68197233,2.820193544,-8.4,-8.2,2.8235,416.9895077
O=C1NC(=O)C(c2ccccc2)=C1Nc1cc(Cl)c(O)c(Cl)c1,0.587526714,2.35591934,-7.9,-8.2,3.1786,348.0068475
O=C1NC(=O)C(c2ccccc2)=C1Nc1cc(Cl)c(O)c(Cl)c1,0.587526714,2.35591934,-7.8,-8.2,3.1786,348.0068475
O=C1NC(=O)C(c2ccccc2)=C1Nc1cc(Cl)c(O)c(Cl)c1,0.587526714,2.35591934,-8.1,-8.2,3.1786,348.0068475
CSc1nc(-c2ccc(F)cc2)c(C2=CC=NC(Nc3ccc(NC(=O)c4ccccc4)cc3)=NC=C2)n1C,0.270377279,3.058869093,-9.9,-8.5,6.65,536.1794586
O=C1NCCc2ccc(-c3ccnc(Nc4ccc(Cl)cc4)n3)cc21,0.753070252,2.247819202,-9.1,-9,3.8265,350.0934388
CSc1nc(-c2ccc(F)cc2)c(-c2ccnc(NC3CCCC3)c2)[nH]1,0.595830443,2.449623214,-8.6,-7.8,5.3542,368.1470959
COCCN1CCC(CNC(=O)c2n[nH]c3ccc(-c4ccccc4)cc23)CC1,0.647153718,2.235827093,-8.8,-8.6,3.3181,392.2212261
O=C1NCCc2ccc(-c3ccnc(Nc4ccc(-n5cnc(N6CCOCC6)n5)cc4)n3)cc21,0.460008217,2.796565246,-10.6,-10,2.5904,468.202222
Cc1ccc2c(-c3ccnc(Nc4ccc(C(F)(F)F)cc4)n3)cnn2n1,0.583707276,2.585565922,-9.4,-8.8,4.25712,370.1153791
Cn1c(N2CCNC(c3ccc(Br)cc3)C2)nc(-c2ccccc2)cc1=O,0.699528014,2.810449743,-9.3,-8.6,3.3607,424.0898734
O=C1NC(=O)C(c2ccccc2)=C1Nc1cc(Cl)c(O)c(Cl)c1,0.587526714,2.35591934,-7.9,-8.2,3.1786,348.0068475
O=C(O)c1ccc(CN2CCC(CNC(=O)c3n[nH]c4ccc(-c5ccccc5)cc34)CC2)o1,0.3834196,2.45819368,-9.7,-9.6,4.1631,458.1954053
O=C1NC(=O)C(c2ccccc2)=C1Nc1cc(Cl)c(O)c(Cl)c1,0.587526714,2.35591934,-8.1,-8.2,3.1786,348.0068475
O=C1NC(=O)C(c2ccccc2)=C1Nc1cc(Cl)c(O)c(Cl)c1,0.587526714,2.35591934,-7.9,-8.2,3.1786,348.0068475
O=C1NC(=O)C(c2ccccc2)=C1Nc1cc(Cl)c(O)c(Cl)c1,0.587526714,2.35591934,-7.9,-8.2,3.1786,348.0068475
c1ccc(-c2ccc(CSc3nnc(-c4ccncc4)o3)cc2)cc1,0.47153119,1.983046928,-8.8,-8.2,5.0909,345.0935831
Cn1cc(C2=C(c3cccc4ccccc34)C(=O)NC2=O)c2cccc(Cl)c21,0.513604311,2.421531006,-9.4,-9.3,4.5521,386.0822054
O=C(Nc1n[nH]c2ccc(-c3ccccn3)cc12)C1CC1,0.773390379,2.163185865,-8.5,-8,2.9734,278.1167611
CSc1nc(-c2ccc(F)cc2)c(-c2ccnc(Nc3ccccc3Cl)c2)n1C,0.375864838,2.423026367,-8.9,-8.6,6.4071,424.0924735
O=C1NC(=O)C(c2ccccc2)=C1Nc1cc(Cl)c(O)c(Cl)c1,0.587526714,2.35591934,-7.9,-8.1,3.1786,348.0068475
O=C1Nc2ccccc2C1=C1Nc2ccccc2N1,0.629190823,2.292274768,-8.6,-8.2,2.8449,249.090212
O=C1NC(=O)C(c2ccccc2)=C1Nc1cc(Cl)c(O)c(Cl)c1,0.587526714,2.35591934,-7.9,-8.2,3.1786,348.0068475
C=CC(=O)NCCCn1cc(C2=C(c3coc4ccccc34)C(=O)NC2=O)c2ccccc21,0.261183861,2.74609562,-9.8,-8.4,3.647,439.1532062
CNC(=O)c1sc(-c2ccnc(NC(=O)C3CC3)c2)cc1NC(=O)C1CC1,0.712857503,2.446335808,-8.3,-7.5,2.8667,384.1256115
O=C1NC(=O)C(c2ccccc2)=C1Nc1cccc(C(=O)O)c1,0.749380567,2.107175749,-8.5,-8.4,1.8644,308.0797069
COCCN1CCC(CNC(=O)c2n[nH]c3ccc(-c4ccc(O)cc4)cc23)CC1,0.559095199,2.352971645,-8.8,-8.3,3.0237,408.2161408
CCCC(=O)Nc1n[nH]c2ccc(-c3ccccn3)cc12,0.769418044,2.166620165,-8,-7.6,3.3635,280.1324111
O=C(O)CN1CCC(CNC(=O)c2n[nH]c3cc(-c4ccccc4)ccc23)CC1,0.599180564,2.24281657,-9.2,-8.5,2.7563,392.1848406
O=C1NCCc2ccc(-c3ccnc(Nc4ccc(-n5cnc(N6CCOCC6)n5)cc4)n3)cc21,0.460008217,2.796565246,-10.5,-10.1,2.5904,468.202222
COCCN1CCC(CNC(=O)c2n[nH]c3ccc(-c4cncc(C)c4)cc23)CC1,0.629066163,2.500274033,-9,-8.2,3.02152,407.2321252
O=C(Nc1n[nH]c2ccc(-c3ccccc3)cc12)C1CC1,0.768445346,1.963749043,-8.8,-8.4,3.5784,277.1215121
C(=NNc1ncnc2c1cnn2-c1ccccc1)c1ccncc1,0.46237017,2.345103958,-8.1,-7.9,2.6565,315.1232434
c1ccc(-c2ccc(CSc3nnc(-c4ccc5c(c4)OCCO5)o3)cc2)cc1,0.412852211,2.143259086,-9.4,-8.4,5.4671,402.1038134
O=C1NC(=O)C(c2ccccc2)=C1Nc1cc(Cl)c(O)c(Cl)c1,0.587526714,2.35591934,-7.9,-8.2,3.1786,348.0068475
CSc1nc(-c2ccc(F)cc2)c(-c2ccnc(NC(=O)C3CCC3)c2)[nH]1,0.625540671,2.410207081,-8.8,-7.8,4.7383,382.1263604
NS(=O)(=O)c1ccc(NC2=C(c3ccccc3)C(=O)NC2=O)cc1,0.710156551,2.183088372,-8.3,-7.8,0.8136,343.0626769
c1ccc(-c2ccc(CSc3nnc(-c4ccc5c(c4)OCCO5)o3)cc2)cc1,0.412852211,2.143259086,-9.4,-9.1,5.4671,402.1038134
COCCN1CCC(CNC(=O)c2n[nH]c3ccc(-c4ccccc4)cc23)CC1,0.647153718,2.235827093,-8.8,-8.7,3.3181,392.2212261
O=C(Nc1n[nH]c2cc(-c3ccccc3)ccc12)C1CC1,0.768445346,1.975895071,-8.2,-7.7,3.5784,277.1215121
NS(=O)(=O)c1ccc(-c2ccc3c(c2)C(=O)NCC3)cc1,0.87560923,2.111736189,-8.4,-8.4,1.2869,302.0725133
O=C(NCC1CCN(Cc2ccccc2)CC1)c1n[nH]c2ccc(-c3ccccc3)cc12,0.464120718,2.146793483,-8.8,-9.4,4.8719,424.2263115
O=C1NC(=O)C(c2cn(CCCN3CCOCC3)c3ccccc23)=C1c1cccc2ccccc12,0.436020364,2.516436692,-10.2,-9.4,4.084,465.2052417
CC1CC(=O)C2=C(C1)Nc1n[nH]c(C(F)(F)F)c1C2c1ccccc1F,0.73774444,3.736137765,-8.5,-9,4.3781,365.115125
Clc1ccc(Nc2nccc(-c3cnn4ncccc34)n2)cc1Cl,0.594122222,2.508098079,-8.7,-8.3,4.2367,356.0343997
O=C(Nc1n[nH]c2cc(-c3ccccc3)ccc12)C1CC1,0.768445346,1.975895071,-8.2,-7.7,3.5784,277.1215121
CSc1ccc(NC2=C(c3ccccc3)C(=O)NC2=O)cc1,0.673281968,2.198439841,-7.7,-7.7,2.8881,310.0775987
CS(=O)(=O)NC1CCC(Nc2cc(-c3ccnc(Nc4ccc(NC(=O)c5ccccc5)cc4)n3)ccn2)CC1,0.230129002,2.559005427,-10.2,-9.5,4.8068,557.2209089
COCCN1CCC(CNC(=O)c2n[nH]c3ccc(-c4ccccc4)cc23)CC1,0.647153718,2.235827093,-8.8,-8.7,3.3181,392.2212261
CS(=O)(=O)Nc1ccc(CCNC(=O)c2ccnc3[nH]c(-c4ccccc4)cc23)cc1,0.413558828,2.274450635,-9.3,-8.7,3.5739,434.1412616
CN(C)CCCn1cc(C2=C(c3cn(C)c4ccccc34)C(=O)NC2=O)c2ccccc21,0.478990335,2.579171886,-8.9,-8.1,3.6519,426.2055761
COCCN1CCC(CNC(=O)c2n[nH]c3ccc(-c4ccccc4)cc23)CC1,0.647153718,2.235827093,-8.8,-8.7,3.3181,392.2212261
O=C1NC(=O)C(c2ccccc2)=C1Nc1cc(Cl)c(O)c(Cl)c1,0.587526714,2.35591934,-7.9,-8.2,3.1786,348.0068475
NS(=O)(=O)c1ccc(-c2ccc3c(c2)C(=O)NCC3)cc1,0.87560923,2.111736189,-8.5,-8.4,1.2869,302.0725133
c1ccc(-c2ccc(CSc3nnc(-c4ccc5c(c4)OCCO5)o3)cc2)cc1,0.412852211,2.143259086,-9.4,-9.1,5.4671,402.1038134
COCCN1CCC(CNC(=O)c2n[nH]c3ccc(-c4ccccc4)cc23)CC1,0.647153718,2.235827093,-8.8,-8.6,3.3181,392.2212261
O=C(Nc1n[nH]c2ccc(-c3ccccc3)cc12)C1CC1,0.768445346,1.963749043,-8.8,-8.3,3.5784,277.1215121
CN(C)CCCn1cc(C2=C(c3cn(C)c4ccccc34)C(=O)NC2=O)c2ccccc21,0.478990335,2.579171886,-9,-8.1,3.6519,426.2055761
N#Cc1ccc(-c2ccc(CSc3nnc(-c4ccc5c(c4)OCCO5)o3)cc2)cc1,0.397746084,2.328630459,-9.5,-9.6,5.33878,427.0990624
O=C(Nc1n[nH]c2cc(-c3ccccc3)ccc12)C1CC1,0.768445346,1.975895071,-8.3,-7.7,3.5784,277.1215121
CN(C)CCCn1cc(C2=C(c3cn4c5c(cccc35)CNCC4)C(=O)NC2=O)c2ccccc21,0.427419715,2.956643842,-9.4,-8.5,3.2181,467.2321252
c1ccc(-c2ccc(CSc3nnc(-c4ccc5c(c4)OCCO5)o3)cc2)cc1,0.412852211,2.143259086,-9.4,-9.1,5.4671,402.1038134
O=C(Nc1cc(-c2[nH]c(-c3ccncc3)cc2-c2ccccc2)ccn1)C1CC1,0.502663257,2.367077229,-10.4,-8.6,5.1542,380.1637113
CN(C)CCCn1cc(C2=C(c3cn(C)c4ccccc34)C(=O)NC2=O)c2ccccc21,0.478990335,2.579171886,-9,-8.1,3.6519,426.2055761
c1ccc(-c2ccc(CSc3nnc(-c4ccc5c(c4)OCCO5)o3)cc2)cc1,0.412852211,2.143259086,-9.4,-9.2,5.4671,402.1038134
CSc1nc(-c2ccc(F)cc2)c(C2=CC=NC(Nc3ccc(NC(=O)c4ccccc4)cc3)=NC=C2)n1C,0.270377279,3.058869093,-9.5,-9.4,6.65,536.1794586
N=C1NC(=O)C(=Cc2ccc(-c3ccc(Cl)cc3)o2)S1,0.830631159,2.659404864,-7.6,-7.7,3.73867,304.0073262
COCCN1CCC(CNC(=O)c2n[nH]c3ncc(-c4ccccc4)cc23)CC1,0.644898213,2.403186369,-8.6,-8.4,2.7131,393.2164751
O=C1NC(=O)C(c2ccccc2)=C1Nc1cc(Cl)c(O)c(Cl)c1,0.587526714,2.35591934,-7.9,-8.2,3.1786,348.0068475
CSc1ccc(NC2=C(c3ccccc3)C(=O)NC2=O)cc1,0.673281968,2.198439841,-7.9,-7.8,2.8881,310.0775987
FC(F)(F)c1ccc(Nc2nccc(-c3cnn4ncccc34)n2)cc1,0.60200208,2.53456672,-9.3,-8.5,3.9487,356.099729
COCCN1CCC(CNC(=O)c2n[nH]c3cc(-c4ccccc4)ccc23)CC1,0.647153718,2.240086822,-8.6,-8.4,3.3181,392.2212261
Cn1cc(C2=C(c3cn(CCCN4CCOCC4)c4ccccc34)C(=O)NC2=O)c2ccccc21,0.440541409,2.644305013,-9.6,-8.3,3.4225,468.2161408
O=C(NCCc1ccccc1)c1ccnc2nc(-c3ccc(F)cc3)[nH]c12,0.56956738,2.129749331,-9.2,-8.1,3.7365,360.1386394
CN(C)CCCn1cc(C2=C(c3cccc4ccccc34)C(=O)NC2=O)c2ccccc21,0.470295516,2.435693515,-9.5,-8.5,4.3134,423.194677
O=C(Nc1n[nH]c2ccc(-c3ccccn3)cc12)C1CC1,0.773390379,2.163185865,-8.6,-8,2.9734,278.1167611
O=C(Nc1n[nH]c2cc(-c3ccccc3)ccc12)C1CC1,0.768445346,1.975895071,-8.2,-7.7,3.5784,277.1215121
c1cnn2ncc(-c3ccnc(Nc4ccc(-n5cnc(N6CCOCC6)n5)cc4)n3)c2c1,0.440078572,2.898664822,-9.8,-9.3,2.3472,440.1821553
NC(=O)c1sccc1CCCNc1c2c(nc3ccccc13)CCCC2,0.639378129,2.516188599,-8.4,-8.3,4.3187,365.1561834
COCCN1CCC(CNC(=O)c2n[nH]c3ccc(-c4ccccc4)cc23)CC1,0.647153718,2.235827093,-8.8,-8.6,3.3181,392.2212261
Cc1ccc2c(-c3ccnc(Nc4ccc(C(F)(F)F)cc4)n3)cnn2n1,0.583707276,2.585565922,-9.4,-8.8,4.25712,370.1153791
CN(C)CCCn1cc(C2=C(c3cccc4ccccc34)C(=O)NC2=O)c2ccccc21,0.470295516,2.435693515,-9.4,-8.5,4.3134,423.194677
O=C(O)c1ccc(CN2CCC(CNC(=O)c3n[nH]c4ccc(-c5ccccc5)cc34)CC2)o1,0.3834196,2.45819368,-9.8,-9.3,4.1631,458.1954053
CSc1nc(-c2ccc(F)cc2)c(-c2ccnc(NC3CCOCC3)c2)[nH]1,0.630119024,2.581067345,-8.5,-8.1,4.5906,384.1420105
CSc1nc(-c2ccc(F)cc2)c(-c2ccnc(NC3CCCC3)c2)[nH]1,0.595830443,2.449623214,-8.5,-7.8,5.3542,368.1470959
CSc1ccc(NC2=C(c3ccccc3)C(=O)NC2=O)cc1,0.673281968,2.198439841,-7.8,-7.6,2.8881,310.0775987
CSc1nc(-c2ccccc2)c(-c2ccnc(NC(=O)C3CC3)c2)[nH]1,0.676359731,2.332860852,-8.8,-7.5,4.2091,350.1201322
c1cc(-c2ccc(-n3cnc(N4CCOCC4)n3)cc2)nc(Nc2ccc(N3CCOCC3)cc2)n1,0.442945116,2.618000699,-9.4,-9.2,3.1411,484.2335221
COCCN1CCC(CNC(=O)c2n[nH]c3ccc(-c4ccccc4)cc23)CC1,0.647153718,2.235827093,-8.8,-8.6,3.3181,392.2212261
O=C1NC(=O)C(c2cn(CCCN3CCOCC3)c3ccccc23)=C1c1coc2ccccc12,0.449108134,2.668609246,-9.8,-8.5,3.677,455.1845063
NC(=O)c1ccccc1-c1ccc(CSc2ccc(-c3ccc4c(c3)OCC4)o2)cc1,0.386843694,2.469736163,-9.7,-8.3,5.9397,427.1242145
CS(=O)(=O)Nc1ccc(CCNC(=O)c2ccnc3[nH]c(-c4ccncc4)cc23)cc1,0.412603589,2.424553833,-9.3,-8.1,2.9689,435.1365105
O=C1NC(=O)C(c2ccccc2)=C1Nc1cc(Cl)c(O)c(Cl)c1,0.587526714,2.35591934,-8.1,-8.2,3.1786,348.0068475
CSc1nc(-c2ccc(F)cc2)c(-c2ccnc(NC(=O)C3CC3)c2)n1C,0.666338633,2.441778796,-8.4,-7.3,4.3586,382.1263604
CSc1ccc(NC2=C(c3ccccc3)C(=O)NC2=O)cc1,0.673281968,2.198439841,-7.9,-7.7,2.8881,310.0775987
FC(F)(F)c1ccc(-c2ccc(CSc3nnc(-c4ccc5c(c4)OCCO5)o3)cc2)cc1,0.311066304,2.355408353,-9.6,-10,6.4859,470.0911981
O=C(O)c1ccc(CN2CCC(CNC(=O)c3n[nH]c4ccc(-c5ccc(O)cc5)cc34)CC2)o1,0.319684411,2.563138891,-10,-9.6,3.8687,474.1903199
CCS(=O)(=O)Nc1ccc(CCNC(=O)c2ccnc3[nH]c(-c4ccncc4)cc23)cc1,0.38134262,2.497074117,-9,-7.7,3.359,449.1521606
c1cc(-c2ccc(-n3cnc(N4CCOCC4)n3)cc2)nc(Nc2ccc(N3CCOCC3)cc2)n1,0.442945116,2.618000699,-9.4,-9,3.1411,484.2335221
O=C(O)c1ccc(CN2CCC(CNC(=O)c3n[nH]c4ccc(-c5cccc(F)c5F)cc34)CC2)o1,0.350313932,2.653935302,-10.1,-9.9,4.4413,494.1765617
COCCN1CCC(CNC(=O)c2n[nH]c3ccc(-c4ccccc4)cc23)CC1,0.647153718,2.235827093,-8.8,-8.6,3.3181,392.2212261
O=C1NC(=O)C(c2cn(CCCN3CCOCC3)c3ccccc23)=C1c1coc2ccccc12,0.449108134,2.668609246,-9.8,-8.5,3.677,455.1845063
Cn1cc(C2=C(c3cn(C)c4c(Cl)cccc34)C(=O)NC2=O)c2ccccc21,0.528652014,2.588183007,-8.9,-9.2,3.8906,389.0931044
O=C1NC(=O)C(c2ccccc2)=C1Nc1cc(Cl)c(O)c(Cl)c1,0.587526714,2.35591934,-8.1,-8.2,3.1786,348.0068475
CSc1ccc(NC2=C(c3ccccc3)C(=O)NC2=O)cc1,0.673281968,2.198439841,-7.9,-7.7,2.8881,310.0775987
O=C(NCC1CCN(Cc2ccccc2)CC1)c1n[nH]c2ccc(-c3ccccc3)cc12,0.464120718,2.146793483,-8.8,-9.5,4.8719,424.2263115
O=C(O)CN1CCC(CNC(=O)c2n[nH]c3cc(-c4ccccc4)[nH]c23)CC1,0.521994958,2.61127934,-9,-8.7,2.0844,381.1800896
O=C1NC(=O)C(c2ccccc2)=C1Nc1cc(Cl)c(O)c(Cl)c1,0.587526714,2.35591934,-8.1,-8.2,3.1786,348.0068475
Fc1ccc(-c2ccc(CSc3nnc(-c4ccc5c(c4)OCCO5)o3)cc2)cc1,0.391499288,2.209107568,-9.3,-9.5,5.6062,420.0943916
COCCN1CCC(CNC(=O)c2n[nH]c3ccc(-c4ccccc4)cc23)CC1,0.647153718,2.235827093,-8.8,-8.7,3.3181,392.2212261
c1ccc(Nc2nccc(-c3cnn4ncccc34)n2)cc1,0.627484971,2.364224756,-8.2,-8.3,2.9299,288.1123444
O=C1NC(=O)C(c2ccccc2)=C1Nc1cc(Cl)c(O)c(Cl)c1,0.587526714,2.35591934,-7.9,-8.3,3.1786,348.0068475
O=C(Nc1cc(-c2ccccc2)ccn1)C1CC1,0.892334176,1.698064834,-7.4,-7.4,3.0971,238.1106131
O=C(Nc1n[nH]c2ccc(-c3ccccn3)cc12)C1CC1,0.773390379,2.163185865,-8.5,-8,2.9734,278.1167611
CSc1ccc(NC2=C(c3ccccc3)C(=O)NC2=O)cc1,0.673281968,2.198439841,-7.8,-7.7,2.8881,310.0775987
c1ccc(-c2ccc(CSc3nnc(-c4ccc5c(c4)OCCO5)o3)cc2)cc1,0.412852211,2.143259086,-9.4,-8.4,5.4671,402.1038134
CSc1ccc(NC2=C(c3ccccc3)C(=O)NC2=O)cc1,0.673281968,2.198439841,-7.9,-7.7,2.8881,310.0775987
FC(F)(F)c1ccc(Nc2nccc(-c3cnn4ncccc34)n2)cc1,0.60200208,2.53456672,-9.2,-8.6,3.9487,356.099729
O=C1NC(=O)C(c2ccccc2)=C1Nc1cc(Cl)c(O)c(Cl)c1,0.587526714,2.35591934,-7.9,-8.2,3.1786,348.0068475
COCCN1CCC(CNC(=O)c2n[nH]c3ccc(-c4ccccc4)cc23)CC1,0.647153718,2.235827093,-8.7,-8.7,3.3181,392.2212261
O=C1NC(=O)C(c2ccccc2)=C1Nc1cc(Cl)c(O)c(Cl)c1,0.587526714,2.35591934,-7.9,-8.2,3.1786,348.0068475
Cn1cc(C2=C(c3cn(C)c4ccccc34)C(=O)NC2=O)c2ccccc21,0.561396223,2.41960808,-9,-8.3,3.2372,355.1320768
CC(C)n1c(=O)ccc2cnc(NC3CCCC3)nc21,0.932954888,2.432286646,-7.3,-7.4,2.7269,272.1637113
CSc1nc(-c2ccc(F)cc2)c(C2=CC=NC(Nc3ccc(NC(=O)c4ccccc4)cc3)=NC=C2)n1C,0.270377279,3.058869093,-9.9,-9.1,6.65,536.1794586
FC(F)(F)c1ccc(Nc2nccc(-c3cnn4ncccc34)n2)cc1,0.60200208,2.53456672,-9.3,-8.5,3.9487,356.099729
CSc1nc(-c2ccc(F)cc2)c(-c2ccnc(NC3CCCC3)c2)[nH]1,0.595830443,2.449623214,-8.7,-7.9,5.3542,368.1470959
Cn1cc(C2=C(c3cn(C)c4ccccc34)C(=O)NC2=O)c2ccccc21,0.561396223,2.41960808,-9,-8.3,3.2372,355.1320768
c1ccc(-c2ccc(CSc3nnc(-c4ccc5c(c4)OCCO5)o3)cc2)cc1,0.412852211,2.143259086,-9.4,-9,5.4671,402.1038134
O=C1NC(=O)C(c2ccccc2)=C1Nc1cc(Cl)c(O)c(Cl)c1,0.587526714,2.35591934,-8.1,-8.2,3.1786,348.0068475
FC(F)(F)c1cccc(Nc2nccc(-c3cnn4ncccc34)n2)c1,0.60200208,2.563619643,-9,-8.8,3.9487,356.099729
Clc1ccc(Nc2cc(-c3cnn4ncccc34)ccn2)cc1,0.614499721,2.407805384,-8.5,-7.9,4.1883,321.0781231
O=C(O)CN1CCC(CNC(=O)c2n[nH]c3ccc(-c4ccccc4)cc23)CC1,0.599180564,2.23850613,-9.2,-9.1,2.7563,392.1848406
Cn1cc(C2=C(c3cn(C)c4c(F)cccc34)C(=O)NC2=O)c2ccccc21,0.54790134,2.628073952,-9,-8.1,3.3763,373.122655
O=C1NC(=O)C(c2ccc(C(F)(F)F)cc2)=C1Nc1cc(Cl)c(O)c(Cl)c1,0.517060832,2.541488449,-8.5,-8.4,4.1974,415.9942322
O=C1NC(=O)C(c2ccccc2)=C1Nc1cc(Cl)c(O)c(Cl)c1,0.587526714,2.35591934,-7.9,-8.2,3.1786,348.0068475
c1ccc(-c2ccc(CSc3nnc(-c4ccc5c(c4)OCCO5)o3)cc2)cc1,0.412852211,2.143259086,-9.4,-9.1,5.4671,402.1038134
CN(C)CCCn1cc(C2=C(c3ccccc3)C(=O)NC2=O)c2ccccc21,0.675529158,2.334070045,-8.5,-7.3,3.1602,373.179027
c1ccc(CSc2nnc(-c3ccc4c(c3)OCCO4)o2)cc1,0.679772291,2.089739104,-8.5,-8.1,3.8001,326.0725133
Cn1c(N2CCNC(c3ccc(F)cc3)C2)nc(-c2ccncc2)cc1=O,0.770469732,2.93868998,-9.6,-8.6,2.1323,365.1651885
O=C(Nc1n[nH]c2cc(-c3ccccc3)ccc12)C1CC1,0.768445346,1.975895071,-8.1,-7.8,3.5784,277.1215121
Cn1cc(C2=C(c3cn(C)c4c(F)cccc34)C(=O)NC2=O)c2ccccc21,0.54790134,2.628073952,-8.9,-8.1,3.3763,373.122655
O=C(NCCc1ccccc1)c1ccnc2[nH]c(-c3ccc(F)cc3)nc12,0.56956738,2.128513693,-9.2,-8,3.7365,360.1386394
COc1cccc2c(C3=C(c4cn(C)c5ccccc45)C(=O)NC3=O)cn(C)c12,0.550810938,2.576145034,-8.7,-8.2,3.2458,385.1426415
COC(=O)COc1ccc(CCNC(=O)c2ccc(O)c3[nH]c(-c4ccc(F)cc4)nc23)cc1,0.344283154,2.366108769,-8.9,-8.5,3.5989,463.154349
CN(C)CCCn1cc(C2=C(c3ccc(Cl)cc3)C(=O)NC2=O)c2ccccc21,0.63194484,2.392921582,-8.2,-7.4,3.8136,407.1400546
O=C1NC(=O)C(c2ccccc2)=C1Nc1cc(Cl)c(O)c(Cl)c1,0.587526714,2.35591934,-7.9,-8.2,3.1786,348.0068475
O=C(NCCc1ccccc1)c1ccc(O)c2[nH]c(-c3ccc(F)cc3)nc12,0.492469209,2.130310109,-9.6,-8.8,4.0471,375.138305
COCCN1CCC(CNC(=O)c2n[nH]c3ccc(-c4ccccc4)cc23)CC1,0.647153718,2.235827093,-8.8,-8.6,3.3181,392.2212261
O=C1NC(=O)C(c2ccccc2)=C1Nc1ccc(Cl)c(C(=O)O)c1,0.741971604,2.194481484,-9,-8.5,2.5178,342.0407345
O=C1NCCc2ccc(-c3ccnc(NC(=O)C4CC4)c3)cc21,0.91433317,2.302667046,-8.8,-8.5,2.383,307.1320768
FC(F)(F)c1cccc(Nc2nccc(-c3cnn4ncccc34)n2)c1,0.60200208,2.563619643,-9,-8.7,3.9487,356.099729
O=C(O)CN1CCC(CNC(=O)c2n[nH]c3ccc(-c4ccccc4)cc23)CC1,0.599180564,2.23850613,-9.2,-9.1,2.7563,392.1848406
COCCN1CCC(CNC(=O)c2n[nH]c3ccc(-c4ccccc4)cc23)CC1,0.647153718,2.235827093,-8.7,-8.6,3.3181,392.2212261
COCCN1CCC(CNC(=O)c2n[nH]c3ccc(-c4ccccc4)cc23)CC1,0.647153718,2.235827093,-8.8,-8.7,3.3181,392.2212261
CN(C)CCCn1cc(C2=C(c3ccccc3)C(=O)NC2=O)c2ccccc21,0.675529158,2.334070045,-8.4,-7.3,3.1602,373.179027
CSc1nc(-c2ccc(F)cc2)c(C2=CC=NC(Nc3ccc(NC(=O)c4ccccc4)cc3)=NC=C2)n1C,0.270377279,3.058869093,-10.2,-9.1,6.65,536.1794586
CCS(=O)(=O)Nc1ccc(CCNC(=O)c2ccnc3[nH]c(-c4ccc(F)cc4)nc23)cc1,0.366729618,2.452516659,-8.4,-8.6,3.4981,467.1427388
CCCC(=O)Nc1n[nH]c2cc(-c3ccccc3)ccc12,0.758874824,1.979329371,-7.9,-7.6,3.9685,279.1371622
O=C1NC(=O)C(c2ccccc2)=C1Nc1cc(Cl)c(O)c(Cl)c1,0.587526714,2.35591934,-8.1,-8.2,3.1786,348.0068475
CN(C)CCCn1cc(C2=C(c3cn(CCCN4CCOCC4)c4ccccc34)C(=O)NC2=O)c2ccccc21,0.310314121,2.81384747,-8.9,-7.5,3.8372,539.28964
FC(F)(F)c1ccc(Nc2nccc(-c3cnn4ncccc34)n2)cc1,0.60200208,2.53456672,-9.3,-8.6,3.9487,356.099729
c1ccc(-c2ccc(CSc3nnc(-c4ccc5c(c4)OCCO5)o3)cc2)cc1,0.412852211,2.143259086,-9.4,-8.5,5.4671,402.1038134
O=C(Nc1n[nH]c2ccc(-c3ccccn3)cc12)C1CC1,0.773390379,2.163185865,-8.6,-7.6,2.9734,278.1167611
O=C1NC(=O)C(c2ccccc2)=C1Nc1cc(Cl)c(O)c(Cl)c1,0.587526714,2.35591934,-8,-8.1,3.1786,348.0068475
CN(C)CCCn1cc(C2=C(c3cn4c5c(cccc35)CN(C(=O)N3CCOCC3)CC4)C(=O)NC2=O)c2ccccc21,0.353361805,3.114645602,-9.7,-8.9,3.3827,580.2798036
FC(F)(F)c1ccc(Nc2nccc(-c3cnn4ncccc34)n2)cc1,0.60200208,2.53456672,-9.3,-8.6,3.9487,356.099729
COCCN1CCC(CNC(=O)c2n[nH]c3ccc(-c4ccccc4)cc23)CC1,0.647153718,2.235827093,-8.8,-8.6,3.3181,392.2212261
Cn1cc(C2=C(c3cn(C)c4ccc(C(F)(F)F)cc34)C(=O)NC2=O)c2ccccc21,0.490214782,2.640666137,-9.3,-9.4,4.256,423.1194614
FC(F)(F)c1cnc(Nc2ccc(N3CCOCC3)cc2)nc1Nc1ccccc1Cl,0.538089886,2.341287109,-9,-8.7,5.4726,449.1230226
O=C1NC(=O)C(c2ccccc2)=C1Nc1cc(Cl)c(O)c(Cl)c1,0.587526714,2.35591934,-8.1,-8.2,3.1786,348.0068475
c1ccc(-c2ccc(CSc3nnc(-c4ccc5c(c4)OCCO5)o3)cc2)cc1,0.412852211,2.143259086,-9.4,-9,5.4671,402.1038134
O=C1NC(=O)C(c2ccccc2)=C1Nc1cc(Cl)c(O)c(Cl)c1,0.587526714,2.35591934,-7.9,-8.2,3.1786,348.0068475
O=C1NC(=O)C(c2ccccc2)=C1Nc1cc(Cl)c(O)c(Cl)c1,0.587526714,2.35591934,-7.9,-8.2,3.1786,348.0068475
O=C(O)CN1CCC(CNC(=O)c2n[nH]c3ccc(-c4cccc(F)c4F)cc23)CC1,0.560711128,2.45747241,-9.2,-9.4,3.0345,428.165997
CS(=O)(=O)Nc1ccc(CCNC(=O)c2ccnc3[nH]c(-c4ccccc4)cc23)cc1,0.413558828,2.274450635,-9.3,-8.6,3.5739,434.1412616
FC(F)(F)c1ccc(Nc2nc(Nc3ccc(-n4cnc(N5CCOCC5)n4)cc3)ncc2C(F)(F)F)cc1,0.307803997,2.83305731,-9.7,-9,5.4187,550.1664266
O=C(NCC1CCN(Cc2ccccc2)CC1)c1n[nH]c2ccc(-c3ccccc3)cc12,0.464120718,2.146793483,-8.8,-9.5,4.8719,424.2263115
CSc1ccc(NC2=C(c3ccccc3)C(=O)NC2=O)cc1,0.673281968,2.198439841,-7.9,-7.7,2.8881,310.0775987
COCCN1CCC(CNC(=O)c2n[nH]c3ccc(-c4ccccc4)cc23)CC1,0.647153718,2.235827093,-8.8,-8.6,3.3181,392.2212261
O=C(O)CN1CCC(CNC(=O)c2n[nH]c3ccc(-c4ccccc4)cc23)CC1,0.599180564,2.23850613,-9,-9.3,2.7563,392.1848406
c1ccc(-c2ccc(CSc3nnc(-c4ccc5c(c4)OCCO5)o3)cc2)cc1,0.412852211,2.143259086,-9.4,-8.4,5.4671,402.1038134
O=C(Nc1n[nH]c2ccc(-c3ccccn3)cc12)C1CC1,0.773390379,2.163185865,-8.5,-8,2.9734,278.1167611
CCS(=O)(=O)Nc1ccc(CCNC(=O)c2ccnc3[nH]c(-c4ccccc4)cc23)cc1,0.379427639,2.351865589,-8.7,-7.9,3.964,448.1569116
O=C(Nc1n[nH]c2ccc(-c3ccccn3)cc12)C1CC1,0.773390379,2.163185865,-8.6,-8.2,2.9734,278.1167611
O=C(O)c1ccc(CN2CCC(CNC(=O)c3n[nH]c4ccc(-c5cccc(F)c5F)cc34)CC2)o1,0.350313932,2.653935302,-10.2,-9.8,4.4413,494.1765617
CSc1ccc(NC2=C(c3ccccc3)C(=O)NC2=O)cc1,0.673281968,2.198439841,-7.9,-7.7,2.8881,310.0775987
CN(C)CCCn1cc(C2=C(c3cn(C)c4ccccc34)C(=O)NC2=O)c2ccccc21,0.478990335,2.579171886,-9,-8.1,3.6519,426.2055761
c1ccc(-c2cocc2-c2ccnc(Nc3ccc(N4CCOCC4)cc3)c2)cc1,0.475763932,2.443610956,-9,-9.1,5.5888,397.179027
CN(C)CCCn1cc(C2=C(c3cn(C)c4ccccc34)C(=O)NC2=O)c2ccccc21,0.478990335,2.579171886,-9,-8.1,3.6519,426.2055761
O=C1NC(=O)C(c2ccccc2)=C1Nc1cc(Cl)c(O)c(Cl)c1,0.587526714,2.35591934,-7.9,-8.2,3.1786,348.0068475
O=C1NC(=O)C(c2ccccc2)=C1Nc1cc(Cl)c(O)c(Cl)c1,0.587526714,2.35591934,-7.9,-8.2,3.1786,348.0068475
O=C(Nc1n[nH]c2ccc(-c3ccccc3)cc12)C1CC1,0.768445346,1.963749043,-8.7,-8.2,3.5784,277.1215121
FC(F)(F)c1ccc(Nc2nccc(-c3cnn4ncccc34)n2)cc1,0.60200208,2.53456672,-9.2,-8.6,3.9487,356.099729
N#Cc1ccc(-c2ccc(CSc3nnc(-c4ccc5c(c4)OCCO5)o3)cc2)cc1,0.397746084,2.328630459,-9.5,-9.6,5.33878,427.0990624
CSc1ccc(NC2=C(c3ccccc3)C(=O)NC2=O)cc1,0.673281968,2.198439841,-7.8,-7.8,2.8881,310.0775987
O=C1NC(=O)C(c2ccccc2)=C1Nc1cc(Cl)c(O)c(Cl)c1,0.587526714,2.35591934,-7.9,-8.2,3.1786,348.0068475
O=C(Nc1n[nH]c2ccc(-c3ccccn3)cc12)C1CC1,0.773390379,2.163185865,-8.5,-8,2.9734,278.1167611
COCCN1CCC(CNC(=O)c2n[nH]c3ccc(-c4ccccc4)cc23)CC1,0.647153718,2.235827093,-8.8,-8.6,3.3181,392.2212261
O=C(O)c1ccc(Nc2ncc(C(F)(F)F)c(Nc3ccccc3)n2)cc1,0.601063814,2.096421104,-8.7,-8.3,4.6808,374.0990603
FC(F)(F)c1ccc(Nc2nccc(-c3cnn4ncccc34)n2)cc1,0.60200208,2.53456672,-9.2,-8.6,3.9487,356.099729
CSc1ccc(NC2=C(c3ccccc3)C(=O)NC2=O)cc1,0.673281968,2.198439841,-7.8,-7.7,2.8881,310.0775987
O=C1NC(=O)C(c2ccccc2)=C1Nc1cc(Cl)c(O)c(Cl)c1,0.587526714,2.35591934,-8.1,-8.2,3.1786,348.0068475
O=C1NC(=O)C(c2ccccc2)=C1Nc1cc(Cl)c(O)c(Cl)c1,0.587526714,2.35591934,-7.9,-8.1,3.1786,348.0068475
O=C1NC(=O)C(c2ccccc2)=C1Nc1cc(Cl)c(O)c(Cl)c1,0.587526714,2.35591934,-7.9,-8.3,3.1786,348.0068475
c1cc(-n2ccnc2-c2ccc3c(c2)OCO3)cc(NC2CCCC2)n1,0.77158079,2.483501679,-9,-8.8,4.0175,348.1586259
Cn1cc(C2=C(c3cn(C)c4c(Cl)cccc34)C(=O)NC2=O)c2ccccc21,0.528652014,2.588183007,-8.9,-8.1,3.8906,389.0931044
O=C(Nc1n[nH]c2ccc(-c3ccccn3)cc12)C1CC1,0.773390379,2.163185865,-8.5,-8,2.9734,278.1167611
Cc1nc(C)n(-c2ccc(Nc3cc(-c4ccc5c(c4)C(=O)NCC5)ccn3)cc2)n1,0.531689461,2.592843704,-10.3,-9.8,3.97564,410.1855093
O=C1NC(=O)C(c2ccccc2)=C1Nc1cc(Cl)c(O)c(Cl)c1,0.587526714,2.35591934,-7.9,-8.2,3.1786,348.0068475
CSc1ccc(NC2=C(c3ccccc3)C(=O)NC2=O)cc1,0.673281968,2.198439841,-7.9,-7.8,2.8881,310.0775987
c1ccc(-c2ccc(CSc3nnc(-c4ccc5c(c4)OCCO5)o3)cc2)cc1,0.412852211,2.143259086,-9.4,-9.2,5.4671,402.1038134
N#Cc1ccc(-c2ccc(CSc3nnc(-c4ccc5c(c4)OCCO5)o3)cc2)cc1,0.397746084,2.328630459,-9.4,-9.3,5.33878,427.0990624
O=C(Nc1n[nH]c2ccc(-c3ccccn3)cc12)C1CC1,0.773390379,2.163185865,-8.6,-7.5,2.9734,278.1167611
O=C1Nc2ccccc2C1=C1Nc2ccccc2N1,0.629190823,2.292274768,-8.6,-8.2,2.8449,249.090212
O=C1NC(=O)C(c2ccccc2)=C1Nc1cc(Cl)c(O)c(Cl)c1,0.587526714,2.35591934,-7.9,-8.2,3.1786,348.0068475
CN(C)CCCn1cc(C2=C(c3cn4c5c(cccc35)CNCC4)C(=O)NC2=O)c2ccccc21,0.427419715,2.956643842,-9.2,-8.5,3.2181,467.2321252
N#Cc1ccc(Nc2nccc(-c3ccc4c(c3)C(=O)NCC4)n2)cc1,0.76395385,2.381953781,-9.4,-8.6,3.04478,341.1276601
c1ccc(-c2ccc(CSc3nnc(-c4ccc5c(c4)OCCO5)o3)cc2)cc1,0.412852211,2.143259086,-9.4,-9.2,5.4671,402.1038134
Cc1nc(C)n(-c2ccc(Nc3nccc(-c4ccc5c(c4)C(=O)NCC5)n3)cc2)n1,0.534366217,2.607599088,-10.1,-9.7,3.37064,411.1807583
O=C(Nc1n[nH]c2cc(-c3ccccc3)ccc12)C1CC1,0.768445346,1.975895071,-8.1,-7.7,3.5784,277.1215121
O=C(O)CN1CCC(CNC(=O)c2n[nH]c3ccc(-c4ccccc4)cc23)CC1,0.599180564,2.23850613,-9.3,-9.2,2.7563,392.1848406
CSc1ccc(NC2=C(c3ccccc3)C(=O)NC2=O)cc1,0.673281968,2.198439841,-7.8,-7.7,2.8881,310.0775987
FC(F)(F)c1ccc(-c2ccc(CSc3nnc(-c4ccc5c(c4)OCCO5)o3)cc2)cc1,0.311066304,2.355408353,-9.3,-9.9,6.4859,470.0911981
O=C(Nc1n[nH]c2ncc(-c3ccccc3)cc12)C1CC1,0.773390379,2.155164175,-8.5,-8,2.9734,278.1167611
O=C(Nc1n[nH]c2ncc(-c3ccccc3)cc12)C1CC1,0.773390379,2.155164175,-8.4,-7.9,2.9734,278.1167611
CSc1ccc(NC2=C(c3ccccc3)C(=O)NC2=O)cc1,0.673281968,2.198439841,-7.7,-7.7,2.8881,310.0775987
O=C(Nc1n[nH]c2nc(-c3ccccc3Cl)ccc12)C1CC1,0.775545072,2.276118962,-8.4,-7.7,3.6268,312.0777887
O=C(Nc1n[nH]c2cc(-c3ccccc3)ccc12)C1CC1,0.768445346,1.975895071,-8.1,-7.7,3.5784,277.1215121
COCCN1CCC(CNC(=O)c2n[nH]c3ccc(-c4ccccc4)cc23)CC1,0.647153718,2.235827093,-8.8,-8.4,3.3181,392.2212261
O=C(O)CN1CCC(CNC(=O)c2n[nH]c3ccc(-c4cccnc4)cc23)CC1,0.591746104,2.392303933,-9.1,-8.9,2.1513,393.1800896
CSc1ccc(NC2=C(c3ccccc3)C(=O)NC2=O)cc1,0.673281968,2.198439841,-7.9,-7.7,2.8881,310.0775987
O=C1NCCc2ccc(-c3ccnc(Nc4ccc(N5CCOCC5)cc4)n3)cc21,0.699725769,2.419366859,-9.4,-9.4,3.0097,401.185175
O=C(Nc1n[nH]c2ncc(-c3ccccc3)cc12)C1CC1,0.773390379,2.155164175,-8.5,-8,2.9734,278.1167611
C[S+]([O-])c1ccc(-c2coc3ccc(-c4ccccc4)cc23)cc1,0.464146294,3.016714776,-9.2,-8.9,5.5042,332.0871008
O=C(Nc1n[nH]c2ccc(-c3ccccn3)cc12)C1CC1,0.773390379,2.163185865,-8.6,-8,2.9734,278.1167611
CN(C)CCCn1cc(C2=C(c3cn(C)c4cc(Cl)ccc34)C(=O)NC2=O)c2ccccc21,0.436181759,2.682547745,-9.1,-8.2,4.3053,460.1666037
O=C1NC(=O)C(c2ccccc2)=C1Nc1cc(Cl)c(O)c(Cl)c1,0.587526714,2.35591934,-7.9,-8.2,3.1786,348.0068475
CSc1ccc(NC2=C(c3ccccc3)C(=O)NC2=O)cc1,0.673281968,2.198439841,-7.7,-7.7,2.8881,310.0775987
FC(F)(F)c1ccc(-c2ccc(CSc3nnc(-c4ccc5c(c4)OCCO5)o3)cc2)cc1,0.311066304,2.355408353,-9.4,-10,6.4859,470.0911981
CC(=O)N1CCn2cc(C3=C(c4cn(C)c5ccccc45)C(=O)NC3=O)c3cccc(c32)C1,0.488961138,2.80281404,-10.6,-8.8,3.0623,438.1691906
N#Cc1ccc(-c2ccc(CSc3nnc(-c4ccc5c(c4)OCCO5)o3)cc2)cc1,0.397746084,2.328630459,-9.4,-9.4,5.33878,427.0990624
O=C(O)c1ccc(CN2CCC(CNC(=O)c3ccnc4[nH]c(-c5ccc(F)cc5)cc34)CC2)o1,0.366730799,2.612458617,-9.3,-8.9,4.3022,476.1859835
O=C(NCCc1ccccc1)c1ccc(O)c2[nH]c(-c3ccc(F)cc3)nc12,0.492469209,2.130310109,-9.5,-8.8,4.0471,375.138305
Clc1ccccc1Nc1nccc(-c2cnn3ncccc23)n1,0.62407752,2.461172126,-8.4,-8,3.5833,322.073372
NS(=O)(=O)c1ccc(-c2ccc3c(c2)C(=O)NCC3)cc1,0.87560923,2.111736189,-8.4,-8.3,1.2869,302.0725133
O=C(CN1C(=O)Cc2ccccc21)Nc1scc(Br)c1-c1ncn[nH]1,0.68197233,2.820193544,-8.5,-8.4,2.8235,416.9895077
Cc1ccc2c(-c3ccnc(Nc4ccccc4Cl)c3)cnn2n1,0.598736669,2.506286211,-8.9,-8.5,4.49672,335.0937731
COCCN1CCC(CNC(=O)c2n[nH]c3ccc(-c4ccccc4)cc23)CC1,0.647153718,2.235827093,-8.8,-8.7,3.3181,392.2212261
O=C1NC(=O)C(c2ccccc2)=C1Nc1cc(Cl)c(O)c(Cl)c1,0.587526714,2.35591934,-7.9,-8.2,3.1786,348.0068475
CS(=O)(=O)Nc1ccc(CCNC(=O)c2ccnc3[nH]c(-c4ccccc4)cc23)cc1,0.413558828,2.274450635,-9.2,-8.6,3.5739,434.1412616
O=C(Nc1n[nH]c2ncc(-c3ccccc3)cc12)C1CC1,0.773390379,2.155164175,-8.5,-7.9,2.9734,278.1167611
Cn1c(N2CCNC(c3ccc(F)cc3)C2)nc(-c2ccccc2)cc1=O,0.776466779,2.767418382,-9.7,-8.8,2.7373,364.1699395
O=C(O)CN1CCC(CNC(=O)c2n[nH]c3ccc(-c4ccccc4)cc23)CC1,0.599180564,2.23850613,-9.2,-8.9,2.7563,392.1848406
Cn1cc(C2=C(c3cn(C)c4ccc(Cl)cc34)C(=O)NC2=O)c2ccccc21,0.528652014,2.51371699,-9.1,-8.7,3.8906,389.0931044
O=C(O)CN1CCC(CNC(=O)c2n[nH]c3cc(-c4ccccc4)ccc23)CC1,0.599180564,2.24281657,-9,-8.6,2.7563,392.1848406
CSc1ccc(NC2=C(c3ccccc3)C(=O)NC2=O)cc1,0.673281968,2.198439841,-7.8,-7.7,2.8881,310.0775987
CSc1ccc(NC2=C(c3ccccc3)C(=O)NC2=O)cc1,0.673281968,2.198439841,-7.9,-7.7,2.8881,310.0775987
Cn1cc(C2=C(c3cn(CCCN4CCOCC4)c4cc(C(F)(F)F)ccc34)C(=O)NC2=O)c2ccccc21,0.370268693,2.86322072,-9.7,-7.6,4.4413,536.2035254
O=C1NC(=O)C(c2ccccc2)=C1Nc1cc(Cl)c(O)c(Cl)c1,0.587526714,2.35591934,-7.9,-8.2,3.1786,348.0068475
CC(C)n1c(=O)ccc2cnc(NC(=O)C3CCC3)nc21,0.937126197,2.420827175,-7.5,-7.2,2.111,286.1429758
CN(C)CCCn1cc(C2=C(c3cn(C)c4ccccc34)C(=O)NC2=O)c2ccccc21,0.478990335,2.579171886,-9,-8,3.6519,426.2055761
COCCN1CCC(CNC(=O)c2n[nH]c3ccc(-c4ccccc4)cc23)CC1,0.647153718,2.235827093,-8.8,-8.6,3.3181,392.2212261
CSc1nc(-c2ccc(F)cc2)c(C2=CC=NC(Nc3ccc(NC(=O)c4ccccc4)cc3)=NC=C2)n1C,0.270377279,3.058869093,-10.1,-9,6.65,536.1794586
O=C(Nc1n[nH]c2ccc(-c3ccccn3)cc12)C1CC1,0.773390379,2.163185865,-8.7,-8,2.9734,278.1167611
CSc1nc(-c2ccc(F)cc2)c(C2=CC=NC(Nc3ccc(NC(=O)c4ccc(N5CCOCC5)cc4)cc3)=NC=C2)n1C,0.229326086,3.233534458,-10.3,-8.9,6.4866,621.2322225
FC(F)(F)c1ccc(Nc2nccc(-c3cnn4ncccc34)n2)cc1,0.60200208,2.53456672,-9.3,-8.6,3.9487,356.099729
CS(=O)(=O)Nc1ccc(CCNC(=O)c2ccnc3[nH]c(-c4ccncc4)cc23)cc1,0.412603589,2.424553833,-9.3,-8.4,2.9689,435.1365105
CN(C)CCCn1cc(C2=C(c3cn(C)c4ccccc34)C(=O)NC2=O)c2ccccc21,0.478990335,2.579171886,-9,-8.1,3.6519,426.2055761
O=C1NC(=O)C(c2ccccc2)=C1Nc1cc(Cl)c(O)c(Cl)c1,0.587526714,2.35591934,-7.9,-8.2,3.1786,348.0068475
O=C1NC(=O)C(c2ccccc2)=C1Nc1cccc(Cl)c1,0.856775357,2.080552851,-8,-8,2.8196,298.0509053
COCCN1CCC(CNC(=O)c2n[nH]c3ccc(-c4ccccc4)cc23)CC1,0.647153718,2.235827093,-8.8,-8.6,3.3181,392.2212261
c1cc(-c2ccc(-n3cnc(N4CCOCC4)n3)cc2)nc(Nc2ccc(N3CCOCC3)cc2)n1,0.442945116,2.618000699,-9.4,-9.1,3.1411,484.2335221
N#Cc1ccc(-c2ccc(CSc3nnc(-c4ccc5c(c4)OCCO5)o3)cc2)cc1,0.397746084,2.328630459,-9.4,-9.4,5.33878,427.0990624
CSc1ccc(NC2=C(c3ccccc3)C(=O)NC2=O)cc1,0.673281968,2.198439841,-7.8,-7.7,2.8881,310.0775987
O=C1NCCc2ccc(-c3ccnc(Nc4ccc(C(F)(F)F)cc4)n3)cc21,0.710626192,2.388912929,-9.8,-8.8,4.1919,384.1197958
COCCN1CCC(CNC(=O)c2n[nH]c3ccc(-c4ccccc4)cc23)CC1,0.647153718,2.235827093,-8.8,-8.7,3.3181,392.2212261
O=C(Nc1n[nH]c2ccc(-c3ccccc3)cc12)C1CC1,0.768445346,1.963749043,-8.7,-8.2,3.5784,277.1215121
O=C(O)c1ccc(CN2CCC(CNC(=O)c3n[nH]c4ccc(-c5ccc(O)cc5)cc34)CC2)o1,0.319684411,2.563138891,-10,-9.6,3.8687,474.1903199
O=C1NC(=O)C(c2ccccc2)=C1Nc1cc(Cl)c(O)c(Cl)c1,0.587526714,2.35591934,-7.9,-8.2,3.1786,348.0068475
CN(C)CCCn1cc(C2=C(c3cn(C)c4ccccc34)C(=O)NC2=O)c2cccnc21,0.480310879,2.710705783,-8.9,-7.5,3.0469,427.200825
O=C(Nc1n[nH]c2ccc(-c3ccccc3)cc12)C1CC1,0.768445346,1.963749043,-8.8,-8.4,3.5784,277.1215121
COc1ccc(CCNC(=O)c2ccc(O)c3nc(-c4ccc(F)cc4)[nH]c23)cc1,0.45156532,2.236478505,-9.2,-8.5,4.0557,405.1488697
FC(F)(F)c1ccc(Nc2nccc(-c3cnn4ncccc34)n2)cc1,0.60200208,2.53456672,-9.3,-8.6,3.9487,356.099729
O=C(Cn1c(=O)ccc2ccccc21)Nc1scc(Br)c1-c1ncn[nH]1,0.520068719,2.743682413,-9,-8.7,3.2493,428.9895077
CN(C)CCCn1cc(C2=C(c3cn(C)c4ccccc34)C(=O)NC2=O)c2ccccc21,0.478990335,2.579171886,-9,-8,3.6519,426.2055761
c1ccc(-c2ccc(CSc3nnc(-c4ccc5c(c4)OCCO5)o3)cc2)cc1,0.412852211,2.143259086,-9.4,-9.1,5.4671,402.1038134
N#Cc1csc(NC(=O)Cc2cccc3ncccc23)c1-c1ncn[nH]1,0.581226714,2.768501959,-9,-9,3.13428,360.07933
Cn1c(N2CCNC(c3ccc(F)cc3)C2)nc(-c2ccccc2)cc1=O,0.776466779,2.767418382,-9.7,-8.8,2.7373,364.1699395
Cn1c(N2CCNC(c3ccc(F)cc3)C2)nc(-c2ccccc2)cc1=O,0.776466779,2.767418382,-9.7,-8.8,2.7373,364.1699395
c1ccc(-c2ccc(CSc3nnc(-c4ccc5c(c4)OCCO5)o3)cc2)cc1,0.412852211,2.143259086,-9.3,-9,5.4671,402.1038134
CSc1ccc(NC2=C(c3ccccc3)C(=O)NC2=O)cc1,0.673281968,2.198439841,-7.7,-7.7,2.8881,310.0775987
CN(C)CCCn1cc(C2=C(c3cn(CCCN4CCOCC4)c4ccccc34)C(=O)NC2=O)c2ccccc21,0.310314121,2.81384747,-8.8,-8,3.8372,539.28964
Cn1cc(C2=C(c3cn(C)c4ccccc34)C(=O)NC2=O)c2ccccc21,0.561396223,2.41960808,-9,-8.3,3.2372,355.1320768
O=C1NC(=O)C(c2cn(CCCN3CCOCC3)c3ccccc23)=C1c1ccccc1,0.629090111,2.407668877,-9.2,-7.6,2.9308,415.1895917
Cn1cc(C2=C(c3cn(C)c4c(F)cccc34)C(=O)NC2=O)c2ccccc21,0.54790134,2.628073952,-8.9,-8.1,3.3763,373.122655
Cc1nc(C)n(-c2ccc(Nc3nccc(-c4cccc(Nc5ccccc5Cl)c4)n3)cc2)n1,0.297153715,2.394830043,-9.9,-9.7,6.48174,467.1625214
Cc1ccc2c(-c3ccnc(Nc4ccc(-n5cnc(N6CCOCC6)n5)cc4)n3)cnn2n1,0.428298005,2.943351389,-10,-9.3,2.65562,454.1978053
O=C(Nc1n[nH]c2ccc(-c3ccccc3)cc12)C1CC1,0.768445346,1.963749043,-8.7,-8.2,3.5784,277.1215121
CN(C)CCCn1cc(C2=C(c3cn(C)c4ccccc34)C(=O)NC2=O)c2ccccc21,0.478990335,2.579171886,-9,-8,3.6519,426.2055761
O=C1NC(=O)C(c2ccccc2)=C1Nc1cc(Cl)c(O)c(Cl)c1,0.587526714,2.35591934,-7.9,-8.2,3.1786,348.0068475
Cn1cc(C2=C(c3cn(C)c4c(F)cccc34)C(=O)NC2=O)c2ccccc21,0.54790134,2.628073952,-8.9,-8.1,3.3763,373.122655
CCS(=O)(=O)Nc1ccc(-c2ccc3c(c2)C(=O)NCC3)cc1,0.903734657,2.222972199,-8.2,-8.1,2.4011,330.1038134
COc1cccc(-c2ccc3[nH]nc(NC(=O)C4CC4)c3c2)c1,0.773810826,2.069143269,-8.8,-8.2,3.587,307.1320768
O=C1NC(=O)C(c2ccccc2)=C1Nc1cc(Cl)c(O)c(Cl)c1,0.587526714,2.35591934,-7.9,-8.2,3.1786,348.0068475
O=C(Nc1n[nH]c2ccc(-c3ccccc3)cc12)C1CC1,0.768445346,1.963749043,-8.6,-8.2,3.5784,277.1215121
O=C1NC(=O)C(c2ccccc2)=C1Nc1cc(Cl)c(O)c(Cl)c1,0.587526714,2.35591934,-8.1,-8.2,3.1786,348.0068475
O=C1NC(=O)C(c2ccccc2)=C1Nc1cc(Cl)c(O)c(Cl)c1,0.587526714,2.35591934,-7.9,-8.2,3.1786,348.0068475
O=C1NC(=O)C(c2ccccc2)=C1Nc1cc(Cl)c(O)c(Cl)c1,0.587526714,2.35591934,-7.8,-8.2,3.1786,348.0068475
c1ccc(-c2ccc(CSc3nnc(-c4ccc5c(c4)OCCO5)o3)cc2)cc1,0.412852211,2.143259086,-9.4,-8.4,5.4671,402.1038134
O=C(Nc1n[nH]c2ncc(-c3ccccc3)cc12)C1CC1,0.773390379,2.155164175,-8.5,-7.9,2.9734,278.1167611
N#Cc1ccccc1-c1ccc(CSc2ccc(-c3ccc4c(c3)CCO4)o2)cc1,0.343598142,2.473303073,-9.8,-8.2,6.71248,409.1136498
Cn1cc(C2=C(c3cccc4ccccc34)C(=O)NC2=O)c2ccccc21,0.556426744,2.250457323,-9.5,-8.6,3.8987,352.1211778
CN(C)CCCn1cc(C2=C(c3ccccc3)C(=O)NC2=O)c2ccccc21,0.675529158,2.334070045,-8.5,-7.2,3.1602,373.179027
O=C1NC(=O)C(c2ccccc2)=C1Nc1cc(Cl)c(O)c(Cl)c1,0.587526714,2.35591934,-7.9,-8.2,3.1786,348.0068475
c1ccc(-c2ccc(CSc3nnc(-c4ccc5c(c4)OCCO5)o3)cc2)cc1,0.412852211,2.143259086,-9.4,-8.9,5.4671,402.1038134
COCCN1CCC(CNC(=O)c2n[nH]c3cc(-c4ccccc4)ccc23)CC1,0.647153718,2.240086822,-8.6,-8.4,3.3181,392.2212261
COCCN1CCC(CNC(=O)c2n[nH]c3cc(-c4ccccc4)ccc23)CC1,0.647153718,2.240086822,-8.7,-8.4,3.3181,392.2212261
O=C(Nc1n[nH]c2ccc(-c3ccccn3)cc12)C1CC1,0.773390379,2.163185865,-8.6,-8,2.9734,278.1167611
CSc1ccc(NC2=C(c3ccccc3)C(=O)NC2=O)cc1,0.673281968,2.198439841,-7.9,-7.8,2.8881,310.0775987
c1ccc(-c2ccc(CSc3nnc(-c4ccc5c(c4)OCCO5)o3)cc2)cc1,0.412852211,2.143259086,-9.3,-9.2,5.4671,402.1038134
COCCN1CCC(CNC(=O)c2n[nH]c3ccc(-c4ccccc4)cc23)CC1,0.647153718,2.235827093,-8.8,-8.6,3.3181,392.2212261
Cc1nc(C)n(-c2ccc(Nc3cccc(-c4ccc5c(c4)C(=O)NCC5)n3)cc2)n1,0.531689461,2.582868319,-10.3,-9.8,3.97564,410.1855093
c1ccc(-c2ccc(CSc3nnc(-c4ccc5c(c4)OCCO5)o3)cc2)cc1,0.412852211,2.143259086,-9.4,-9,5.4671,402.1038134
CC(C)(C)c1ccc(Nc2nccc(-c3ccc4c(c3)C(=O)NCC4)n2)cc1,0.711755192,2.364292737,-9.4,-8.8,4.4706,372.1950114
Cn1cc(C2=C(c3cn(C)c4ccccc34)C(=O)NC2=O)c2ccccc21,0.561396223,2.41960808,-9,-8.3,3.2372,355.1320768
c1ccc(-c2ccc(CSc3nnc(-c4ccc5c(c4)OCCO5)o3)cc2)cc1,0.412852211,2.143259086,-9.4,-8.4,5.4671,402.1038134
O=C(Nc1n[nH]c2ccc(-c3ccccn3)cc12)C1CC1,0.773390379,2.163185865,-8.6,-7.9,2.9734,278.1167611
Cc1ccc2c(-c3ccnc(Nc4ccccc4Cl)n3)cnn2n1,0.614364094,2.513011485,-8.6,-8.4,3.89172,336.0890221
COCCN1CCC(CNC(=O)c2n[nH]c3cc(-c4ccccc4)ccc23)CC1,0.647153718,2.240086822,-8.7,-8.4,3.3181,392.2212261
O=C(Nc1n[nH]c2ccc(-c3ccccn3)cc12)C1CC1,0.773390379,2.163185865,-8.7,-8,2.9734,278.1167611
O=C(Nc1n[nH]c2ccc(-c3ccccc3)cc12)C1CC1,0.768445346,1.963749043,-8.6,-8.2,3.5784,277.1215121
Cn1cc(C2=C(c3cn(C)c4c(F)cccc34)C(=O)NC2=O)c2ccccc21,0.54790134,2.628073952,-8.9,-8.1,3.3763,373.122655
N#Cc1ccc(-c2ccc(CSc3nnc(-c4ccc5c(c4)OCCO5)o3)cc2)cc1,0.397746084,2.328630459,-9.4,-9.4,5.33878,427.0990624
O=C1NC(=O)C(c2ccccc2)=C1Nc1cc(Cl)c(O)c(Cl)c1,0.587526714,2.35591934,-7.9,-8.2,3.1786,348.0068475
CN(C)CCCn1cc(C2=C(c3cn(C)c4ccccc34)C(=O)NC2=O)c2ccccc21,0.478990335,2.579171886,-8.9,-8.1,3.6519,426.2055761
c1ccc(-c2ccc(CSc3nnc(-c4ccc5c(c4)OCCO5)o3)cc2)cc1,0.412852211,2.143259086,-9.3,-9.2,5.4671,402.1038134
c1ccc(-c2nn3ncccc3c2-c2ccnc(Nc3ccc(N4CCOCC4)cc3)n2)cc1,0.42502104,2.541136749,-9.4,-8.8,4.4335,449.1964084
Cn1cc(C2=C(c3cn(CCCN4CCOCC4)c4ccccc34)C(=O)NC2=O)c2ccccc21,0.440541409,2.644305013,-9.7,-8.3,3.4225,468.2161408
O=C1NCCc2ccc(-c3ccnc(Nc4ccc(Cl)cc4)n3)cc21,0.753070252,2.247819202,-9.1,-9,3.8265,350.0934388
O=C(O)CN1CCC(CNC(=O)c2n[nH]c3cc(-c4ccccc4)[nH]c23)CC1,0.521994958,2.61127934,-8.9,-8.6,2.0844,381.1800896
COCCN1CCC(CNC(=O)c2n[nH]c3ccc(-c4ccccc4)cc23)CC1,0.647153718,2.235827093,-8.7,-8.6,3.3181,392.2212261
CC1CN(c2nc(-c3ccncn3)cc(=O)n2C)CCN1.Cl,0.865326723,3.254214827,-7.2,-7.3,0.4572,322.1308869
COCCN1CCC(CNC(=O)c2n[nH]c3ccc(-c4ccccc4)cc23)CC1,0.647153718,2.235827093,-8.8,-8.6,3.3181,392.2212261
COCCN1CCC(CNC(=O)c2n[nH]c3ccc(-c4ccccc4)cc23)CC1,0.647153718,2.235827093,-8.8,-8.7,3.3181,392.2212261
O=C(Nc1n[nH]c2ncc(-c3ccc(C(F)(F)F)cc3)cc12)C1CC1,0.753179837,2.359725742,-9.4,-8.6,3.9922,346.1041457
O=C1NC(=O)C(c2ccccc2)=C1Nc1cc(Cl)c(O)c(Cl)c1,0.587526714,2.35591934,-8.1,-8.2,3.1786,348.0068475
c1ccc(-c2ccc(CSc3nnc(-c4ccc5c(c4)OCCO5)o3)cc2)cc1,0.412852211,2.143259086,-9.4,-8.4,5.4671,402.1038134
O=C1NC(=O)C(c2ccccc2)=C1Nc1cc(Cl)c(O)c(Cl)c1,0.587526714,2.35591934,-8,-8.2,3.1786,348.0068475
c1ccc(-c2ccc(CSc3nnc(-c4ccc5c(c4)OCCO5)o3)cc2)cc1,0.412852211,2.143259086,-9.4,-9.1,5.4671,402.1038134
CSc1nc(-c2ccc(F)cc2)c(-c2ccnc(NC(=O)C3CCC3)c2)[nH]1,0.625540671,2.410207081,-9,-7.6,4.7383,382.1263604
O=C(Nc1n[nH]c2ccc(-c3ccccn3)cc12)C1CC1,0.773390379,2.163185865,-8.5,-8,2.9734,278.1167611
O=C1NC(=O)C(c2ccccc2)=C1Nc1cc(Cl)c(O)c(Cl)c1,0.587526714,2.35591934,-8.1,-8.2,3.1786,348.0068475
CSc1ccc(NC2=C(c3ccccc3)C(=O)NC2=O)cc1,0.673281968,2.198439841,-7.8,-7.7,2.8881,310.0775987
N#Cc1ccc(-c2ccc(CSc3nnc(-c4ccc5c(c4)OCCO5)o3)cc2)cc1,0.397746084,2.328630459,-9.4,-9.5,5.33878,427.0990624
O=C1NCCc2ccc(-c3ccnc(NC(=O)C4CC4)c3)cc21,0.91433317,2.302667046,-8.8,-8.5,2.383,307.1320768
N#Cc1ccc(-c2ccc(CSc3ccc(-c4ccc5c(c4)C(=O)NCC5)o3)cc2)cc1,0.386069634,2.582583019,-10.2,-9.4,6.06348,436.1245489
NC(=O)c1ccccc1Nc1nc(Nc2ccc(C(F)(F)F)cc2)ncc1C(F)(F)F,0.479347871,2.379160174,-9.1,-8.6,5.1003,441.1024294
Cn1cc(C2=C(c3cn(C)c4c(F)cccc34)C(=O)NC2=O)c2ccccc21,0.54790134,2.628073952,-8.9,-8.1,3.3763,373.122655
Cn1c(N2CCNC(c3ccc(Cl)cc3)C2)nc(-c2ccccc2)cc1=O,0.757395061,2.76283495,-9.4,-8.6,3.2516,380.140389
O=C(Nc1n[nH]c2ccc(-c3ccccn3)cc12)C1CC1,0.773390379,2.163185865,-8.6,-8.1,2.9734,278.1167611
CN(C)CCCn1cc(C2=C(c3cn(C)c4ccccc34)C(=O)NC2=O)c2ccccc21,0.478990335,2.579171886,-8.9,-8.1,3.6519,426.2055761
O=C(O)c1ccc(CN2CCC(CNC(=O)c3n[nH]c4ccc(-c5ccccc5)cc34)CC2)o1,0.3834196,2.45819368,-9.9,-9.4,4.1631,458.1954053
c1ccc(-c2ccc(CSc3nnc(-c4ccc5c(c4)OCCO5)o3)cc2)cc1,0.412852211,2.143259086,-9.4,-8.4,5.4671,402.1038134
O=C1NC(=O)C(c2ccccc2)=C1Nc1cc(Cl)c(O)c(Cl)c1,0.587526714,2.35591934,-7.9,-8.2,3.1786,348.0068475
COCCN1CCC(CNC(=O)c2n[nH]c3ccc(-c4ccccc4)cc23)CC1,0.647153718,2.235827093,-8.8,-8.6,3.3181,392.2212261
O=C1NCCc2ccc(-c3ccnc(Nc4ccc(-n5cnc(N6CCOCC6)n5)cc4)n3)cc21,0.460008217,2.796565246,-10.5,-10.1,2.5904,468.202222
COCCN1CCC(CNC(=O)c2n[nH]c3ccc(-c4cccc(F)c4F)cc23)CC1,0.603439149,2.453145363,-9.1,-8.7,3.5963,428.2023825
Cn1cc(C2=C(c3cn(C)c4ccccc34)C(=O)NC2=O)c2ccccc21,0.561396223,2.41960808,-9,-8.3,3.2372,355.1320768
N#Cc1ccc(-c2ccc(CSc3nnc(-c4ccc5c(c4)OCCO5)o3)cc2)cc1,0.397746084,2.328630459,-9.4,-9.7,5.33878,427.0990624
O=C1NCCc2ccc(-c3cnc(SCc4ccc(-c5ccccc5)cc4)o3)cc21,0.434452253,2.403409556,-9,-9.2,5.5868,412.1245489
c1ccc(-c2ccc(CSc3nnc(-c4ccc5c(c4)OCCO5)o3)cc2)cc1,0.412852211,2.143259086,-9.4,-9,5.4671,402.1038134
CSc1ccc(NC2=C(c3ccccc3)C(=O)NC2=O)cc1,0.673281968,2.198439841,-7.9,-7.7,2.8881,310.0775987
Cc1nc(-c2ccccc2)c(-c2ccnc(NC(=O)C3CC3)c2)[nH]1,0.768483483,2.248935145,-8.6,-8.3,3.79562,318.1480612
O=C(Nc1n[nH]c2cc(-c3ccccc3)ccc12)C1CC1,0.768445346,1.975895071,-8.1,-7.6,3.5784,277.1215121
CN(C)CCCn1cc(C2=C(c3cn(CCCN4CCOCC4)c4ccccc34)C(=O)NC2=O)c2cccnc21,0.311147934,2.917033544,-8.6,-7.5,3.2322,540.284889
O=C(O)CN1CCC(CNC(=O)c2n[nH]c3ccc(-c4ccccc4)cc23)CC1,0.599180564,2.23850613,-9.3,-8.9,2.7563,392.1848406
Cn1c(N2CCNC(c3ccc(F)cc3)C2)nc(-c2ccc(C(F)(F)F)cc2)cc1=O,0.640836135,2.959069904,-10.2,-9.4,3.7561,432.1573241
O=C1NC(=O)C(c2cn(CCCN3CCOCC3)c3ccccc23)=C1c1cccc2ccccc12,0.436020364,2.516436692,-10.2,-9.2,4.084,465.2052417
N#Cc1ccc(-c2ccc(CSc3nnc(-c4ccc5c(c4)OCCO5)o3)cc2)cc1,0.397746084,2.328630459,-9.3,-9.4,5.33878,427.0990624
Cc1nc(-c2ccccc2)c(-c2ccnc(NC(=O)C3CC3)c2)[nH]1,0.768483483,2.248935145,-8.6,-8.2,3.79562,318.1480612
Cn1cc(C2=C(c3cn(C)c4ccccc34)C(=O)NC2=O)c2ccccc21,0.561396223,2.41960808,-9,-8.3,3.2372,355.1320768
COCCN1CCC(CNC(=O)c2n[nH]c3ccc(-c4ccccc4)cc23)CC1,0.647153718,2.235827093,-8.8,-8.6,3.3181,392.2212261
O=C(O)CN1CCC(CNC(=O)c2n[nH]c3cc(-c4ccccc4)[nH]c23)CC1,0.521994958,2.61127934,-8.8,-8.8,2.0844,381.1800896
COCCN1CCC(CNC(=O)c2n[nH]c3ccc(-c4ccccc4)cc23)CC1,0.647153718,2.235827093,-8.8,-8.7,3.3181,392.2212261
CN(C)CCCn1cc(C2=C(c3cccc4ccccc34)C(=O)NC2=O)c2ccccc21,0.470295516,2.435693515,-9.6,-7.9,4.3134,423.194677
CN(C)CCCn1cc(C2=C(c3cn(C)c4cc(C(F)(F)F)ccc34)C(=O)NC2=O)c2ccccc21,0.396575544,2.803910186,-9.2,-8.3,4.6707,494.1929607
O=C1NC(=O)C(c2ccccc2)=C1Nc1cc(Cl)c(O)c(Cl)c1,0.587526714,2.35591934,-7.9,-8.2,3.1786,348.0068475
Cc1ccc(-c2ccc3[nH]nc(C(=O)NCC4CCN(Cc5ccccc5)CC4)c3c2)cc1,0.436022817,2.198508769,-8.8,-7.9,5.18032,438.2419616
N#Cc1ccc(-c2ccc(CSc3nnc(-c4ccc5c(c4)OCCO5)o3)cc2)cc1,0.397746084,2.328630459,-9.4,-9.4,5.33878,427.0990624
CSc1ccc(NC2=C(c3ccccc3)C(=O)NC2=O)cc1,0.673281968,2.198439841,-7.9,-7.7,2.8881,310.0775987
CSc1ccc(NC2=C(c3ccccc3)C(=O)NC2=O)cc1,0.673281968,2.198439841,-7.8,-7.7,2.8881,310.0775987
CSc1ccc(NC2=C(c3ccccc3)C(=O)NC2=O)cc1,0.673281968,2.198439841,-7.8,-7.7,2.8881,310.0775987
NC(=O)c1ccccc1Nc1nc(Nc2ccc(Cl)c(Cl)c2)ncc1C(F)(F)F,0.493034216,2.32682646,-8.8,-8.2,5.3883,441.0371
CSc1ccc(NC2=C(c3ccccc3)C(=O)NC2=O)cc1,0.673281968,2.198439841,-7.8,-7.7,2.8881,310.0775987
O=C1NC(=O)C(c2ccccc2)=C1Nc1cc(Cl)c(O)c(Cl)c1,0.587526714,2.35591934,-7.9,-8.2,3.1786,348.0068475
O=C1NC(=O)C(c2ccccc2)=C1Nc1cc(Cl)c(O)c(Cl)c1,0.587526714,2.35591934,-8.1,-8.2,3.1786,348.0068475
O=C(Nc1n[nH]c2cc(-c3ccccc3)ccc12)C1CC1,0.768445346,1.975895071,-8.1,-7.7,3.5784,277.1215121
O=C(O)CN1CCC(CNC(=O)c2n[nH]c3ccc(-c4ccccc4)cc23)CC1,0.599180564,2.23850613,-9.3,-9.1,2.7563,392.1848406
CS(=O)(=O)Nc1ccc(-c2ccc3c(c2)C(=O)NCC3)cc1,0.909348296,2.134672985,-8.5,-8.3,2.011,316.0881634
N#Cc1ccc(-c2ccc(CSc3nnc(-c4ccc5c(c4)OCCO5)o3)cc2)cc1,0.397746084,2.328630459,-9.5,-9.4,5.33878,427.0990624
CSc1ccc(NC2=C(c3ccccc3)C(=O)NC2=O)cc1,0.673281968,2.198439841,-7.8,-7.7,2.8881,310.0775987
CSc1nc(-c2ccc(F)cc2)c(C2=CC=NC(Nc3ccc(NC(=O)c4ccccc4)cc3)=NC=C2)n1C,0.270377279,3.058869093,-10.1,-9.1,6.65,536.1794586
COCCN1CCC(CNC(=O)c2n[nH]c3ccc(-c4ccccc4)cc23)CC1,0.647153718,2.235827093,-8.8,-8.5,3.3181,392.2212261
O=C1NC(=O)C(c2cn(CCCN3CCOCC3)c3ccccc23)=C1c1ccccc1,0.629090111,2.407668877,-9.2,-7.7,2.9308,415.1895917
c1ccc(-c2ccc(CSc3nnc(-c4ccc5c(c4)OCO5)o3)cc2)cc1,0.425315534,2.104144358,-9.4,-8.9,5.4246,388.0881634
c1ccc(-c2ccc(CSc3nnc(-c4ccc5c(c4)OCO5)o3)cc2)cc1,0.425315534,2.104144358,-9.4,-8.9,5.4246,388.0881634
c1ccc(-c2ccc(CSc3nnc(-c4ccc5c(c4)OCO5)o3)cc2)cc1,0.425315534,2.104144358,-9.4,-8.9,5.4246,388.0881634
c1ccc(Nc2nccc(-c3cnn4ncccc34)n2)cc1,0.627484971,2.364224756,-8.2,-8.3,2.9299,288.1123444
c1ccc(-c2ccc(CSc3nnc(-c4ccc5c(c4)OCO5)o3)cc2)cc1,0.425315534,2.104144358,-9.3,-8.9,5.4246,388.0881634
O=C1NC(=O)C(c2ccccc2)=C1Nc1cc(Cl)c(O)c(Cl)c1,0.587526714,2.35591934,-7.9,-8.2,3.1786,348.0068475
O=C1NC(=O)C(c2ccccc2)=C1Nc1cc(Cl)c(O)c(Cl)c1,0.587526714,2.35591934,-7.9,-8.2,3.1786,348.0068475
O=C1Nc2ccccc2C1=C1Nc2ccccc2N1,0.629190823,2.292274768,-8.6,-8.2,2.8449,249.090212
O=C(Nc1cc(-c2[nH]c(SCc3ccccc3)nc2-c2ccc(F)cc2)ccn1)C1CC1,0.347295372,2.350875886,-10.2,-8.4,5.9186,444.1420105
O=C1NC(=O)C(c2ccccc2)=C1Nc1cc(Cl)c(O)c(Cl)c1,0.587526714,2.35591934,-7.9,-8.2,3.1786,348.0068475
O=C(Nc1n[nH]c2ccc(-c3ccccc3)cc12)C1CC1,0.768445346,1.963749043,-8.9,-8.4,3.5784,277.1215121
O=C(O)c1ccc(-c2n[nH]c3ccc(-c4ccc(C(=O)NCCN5CCOCC5)cc4)cc23)cc1,0.380581515,2.291414063,-9.8,-8.9,3.6571,470.1954053
Clc1ccc(Nc2nccc(-c3cnn4ncccc34)n2)cc1Cl,0.594122222,2.508098079,-8.7,-8.3,4.2367,356.0343997
Cn1c(SCc2cn(-c3ccccc3)nn2)nc(-c2ccccc2)cc1=O,0.395430951,2.289896751,-9,-8.4,3.3203,375.1153812
O=C1NC(=O)C(c2ccccc2)=C1Nc1cccc(Cl)c1,0.856775357,2.080552851,-8,-8,2.8196,298.0509053
Clc1ccccc1Nc1nccc(-c2cnn3ncccc23)n1,0.62407752,2.461172126,-8.4,-8,3.5833,322.073372
COCCN1CCC(CNC(=O)c2n[nH]c3ccc(-c4ccccc4)cc23)CC1,0.647153718,2.235827093,-8.8,-8.6,3.3181,392.2212261
COCCN1CCC(CNC(=O)c2n[nH]c3cc(-c4ccccc4)ccc23)CC1,0.647153718,2.240086822,-8.5,-8.4,3.3181,392.2212261
CSc1ccc(NC2=C(c3ccccc3)C(=O)NC2=O)cc1,0.673281968,2.198439841,-7.8,-7.7,2.8881,310.0775987
COc1ccc2[nH]nc(C(=O)NCC3CCN(Cc4ccccc4)CC3)c2c1,0.690995807,2.115609608,-9.3,-8.5,3.2135,378.2055761
O=C(Nc1n[nH]c2ccc(-c3ccccc3)cc12)C1CC1,0.768445346,1.963749043,-8.7,-8.4,3.5784,277.1215121
COc1ccc2[nH]nc(C(=O)NCC3CCN(Cc4ccccc4)CC3)c2c1,0.690995807,2.115609608,-9.3,-8.4,3.2135,378.2055761
O=C1NC(=O)C(c2cn(CCCN3CCOCC3)c3ccccc23)=C1c1cccc2ccccc12,0.436020364,2.516436692,-10.3,-8.6,4.084,465.2052417
NCCCn1cc(C2=C(c3cn(CCCN4CCOCC4)c4ccccc34)C(=O)NC2=O)c2ccccc21,0.336670788,2.777990437,-8.5,-8.6,3.2343,511.2583399
c1ccc(-c2ccc(CSc3nnc(-c4ccc5c(c4)OCCO5)o3)cc2)cc1,0.412852211,2.143259086,-9.4,-9.1,5.4671,402.1038134
Cn1cc(C2=C(c3cn(CCCN4CCOCC4)c4ccccc34)C(=O)NC2=O)c2ccccc21,0.440541409,2.644305013,-9.5,-9,3.4225,468.2161408
c1ccc(-c2ccc(CSc3nnc(-c4ccc5c(c4)OCO5)o3)cc2)cc1,0.425315534,2.104144358,-9.4,-8.9,5.4246,388.0881634
O=C1NC(=O)C(c2ccccc2)=C1Nc1cc(Cl)c(O)c(Cl)c1,0.587526714,2.35591934,-7.9,-8.2,3.1786,348.0068475
c1ccc(-c2ccc(CSc3nnc(-c4ccc5c(c4)OCCO5)o3)cc2)cc1,0.412852211,2.143259086,-9.4,-9.1,5.4671,402.1038134
CCCC(=O)Nc1n[nH]c2ccc(-c3ccccc3)cc12,0.758874824,1.967183343,-8.2,-7.8,3.9685,279.1371622
CSc1nc(-c2ccc(F)cc2)c(C2=CC=NC(Nc3ccc(NC(=O)c4ccc(N5CCOCC5)cc4)cc3)=NC=C2)n1C,0.229326086,3.233534458,-10,-10.1,6.4866,621.2322225
COCCN1CCC(CNC(=O)c2n[nH]c3ccc(-c4ccccc4)cc23)CC1,0.647153718,2.235827093,-8.8,-8.6,3.3181,392.2212261
O=C(Nc1n[nH]c2ccc(-c3ccccc3)cc12)C1CC1,0.768445346,1.963749043,-8.7,-8.2,3.5784,277.1215121
COCCN1CCC(CNC(=O)c2n[nH]c3cc(-c4ccccc4)ccc23)CC1,0.647153718,2.240086822,-8.7,-8.4,3.3181,392.2212261
COCCN1CCC(CNC(=O)c2n[nH]c3ccc(-c4ccccc4)cc23)CC1,0.647153718,2.235827093,-8.8,-8.6,3.3181,392.2212261
O=C1NC(=O)C(c2ccccc2)=C1Nc1cccc(Cl)c1,0.856775357,2.080552851,-8,-8,2.8196,298.0509053
c1ccc(-c2ccc(CSc3nnc(-c4ccc5c(c4)OCO5)o3)cc2)cc1,0.425315534,2.104144358,-9.4,-8.9,5.4246,388.0881634
Cn1cc(C2=C(c3cn(CCO)c4ccccc34)C(=O)NC2=O)c2ccccc21,0.530532257,2.525656395,-9,-8.2,2.6925,385.1426415
CSc1ccc(NC2=C(c3ccccc3)C(=O)NC2=O)cc1,0.673281968,2.198439841,-7.8,-7.7,2.8881,310.0775987
COCCN1CCC(CNC(=O)c2n[nH]c3ccc(-c4ccccc4)cc23)CC1,0.647153718,2.235827093,-8.8,-8.6,3.3181,392.2212261
c1ccc(-c2ccc(CSc3nnc(-c4ccc5c(c4)OCO5)o3)cc2)cc1,0.425315534,2.104144358,-9.4,-8.9,5.4246,388.0881634
c1ccc(-c2ccc(CSc3nnc(-c4ccc5c(c4)OCO5)o3)cc2)cc1,0.425315534,2.104144358,-9.4,-8.9,5.4246,388.0881634
N=C1NC(=O)C(=Cc2ccc(-c3ccc(Cl)cc3)o2)S1,0.830631159,2.659404864,-7.6,-7.7,3.73867,304.0073262
Cn1cc(C2=C(c3cn(CCCN)c4ccccc34)C(=O)NC2=O)c2ccccc21,0.507118813,2.5563955,-8.8,-8.1,3.049,398.1742759
O=C1NC(=O)C(c2ccccc2)=C1Nc1cccc(Cl)c1,0.856775357,2.080552851,-8,-8,2.8196,298.0509053
CSc1ccc(NC2=C(c3ccccc3)C(=O)NC2=O)cc1,0.673281968,2.198439841,-7.7,-7.7,2.8881,310.0775987
NC1=NC(=O)C(=C2C(=O)CCc3ccccc32)N1,0.642074006,2.765397326,-7.8,-8.4,0.3575,241.0851266
COCCN1CCC(CNC(=O)c2n[nH]c3cc(-c4ccccc4)ccc23)CC1,0.647153718,2.240086822,-8.8,-8.4,3.3181,392.2212261
c1ccc(-c2ccc(CSc3nnc(-c4ccc5c(c4)OCO5)o3)cc2)cc1,0.425315534,2.104144358,-9.4,-8.9,5.4246,388.0881634
O=C(Nc1n[nH]c2ncc(-c3ccccc3)cc12)C1CC1,0.773390379,2.155164175,-8.5,-7.8,2.9734,278.1167611
N#Cc1ccc(-c2ccc(CSc3nnc(-c4ccc5c(c4)OCO5)o3)cc2)cc1,0.410876371,2.293696678,-8.9,-9,5.29628,413.0834123
Clc1ccccc1Nc1cccc(-c2ccnc(Nc3ccc(N4CCOCC4)cc3)n2)c1,0.363365542,2.217250936,-9.8,-9.4,6.1208,457.1669381
COCCN1CCC(CNC(=O)c2n[nH]c3ccc(-c4ccccc4)cc23)CC1,0.647153718,2.235827093,-8.7,-8.6,3.3181,392.2212261
CCCC(=O)Nc1n[nH]c2ncc(-c3ccccc3)cc12,0.769418044,2.158598475,-8.1,-7.7,3.3635,280.1324111
O=C(Nc1n[nH]c2ccc(-c3ccccc3Cl)cc12)C1CC1,0.7600986,2.095712368,-8.6,-8.7,4.2318,311.0825397
N=C1NC(=O)C(=Cc2ccc(-c3ccc(S(N)(=O)=O)cc3)o2)S1,0.727500958,2.751821985,-8.3,-7.8,1.73267,349.0190978
c1ccc(-c2ccc(CSc3nnc(-c4ccc5c(c4)OCO5)o3)cc2)cc1,0.425315534,2.104144358,-9.4,-8.9,5.4246,388.0881634
c1ccc(-c2ccc(CSc3nnc(-c4ccc5c(c4)OCCO5)o3)cc2)cc1,0.412852211,2.143259086,-9.5,-8.5,5.4671,402.1038134
O=C(Nc1n[nH]c2ccc(-c3ccccc3)cc12)C1CC1,0.768445346,1.963749043,-8.7,-8.2,3.5784,277.1215121
c1ccc(-c2ccc(CSc3nnc(-c4ccc5c(c4)OCCO5)o3)cc2)cc1,0.412852211,2.143259086,-9.4,-9,5.4671,402.1038134
Clc1ccccc1Nc1cc(-c2ccnc(Nc3ccccc3)n2)ccn1,0.470918082,2.085421154,-9.2,-9,5.6792,373.1094232
C[S+]([O-])c1ccc(-c2coc3ccc(-c4ccc(C(=O)O)cc4)cc23)cc1,0.496740449,3.080404258,-9.5,-8.7,5.2024,376.07693
CSc1nc(-c2ccc(F)cc2)c(C2=CC=NC(Nc3ccc(NC(=O)c4ccccc4)cc3)=NC=C2)n1C,0.270377279,3.058869093,-10,-9.1,6.65,536.1794586
c1ccc(Nc2nccc(-c3cnn4ncccc34)n2)cc1,0.627484971,2.364224756,-8.2,-8.2,2.9299,288.1123444
COCCN1CCC(CNC(=O)c2n[nH]c3ccc(-c4ccccc4)cc23)CC1,0.647153718,2.235827093,-8.8,-8.7,3.3181,392.2212261
CCCC(=O)Nc1n[nH]c2ccc(-c3ccccn3)cc12,0.769418044,2.166620165,-8.1,-7.7,3.3635,280.1324111
c1ccc(Nc2nccc(-c3cnn4ncccc34)n2)cc1,0.627484971,2.364224756,-8.2,-8.2,2.9299,288.1123444
O=C1NC(=O)C(c2ccccc2)=C1Nc1cc(Cl)c(O)c(Cl)c1,0.587526714,2.35591934,-7.9,-8.2,3.1786,348.0068475
c1ccc(-c2ccc(CSc3nnc(-c4ccc5c(c4)OCO5)o3)cc2)cc1,0.425315534,2.104144358,-9.4,-8.9,5.4246,388.0881634
CSc1ccc(NC2=C(c3ccccc3)C(=O)NC2=O)cc1,0.673281968,2.198439841,-7.9,-7.7,2.8881,310.0775987
NCCCn1cc(C2=C(c3ccccc3)C(=O)NC2=O)c2ccccc21,0.697832485,2.310877489,-8.2,-8.1,2.5573,345.1477268
COCCN1CCC(CNC(=O)c2n[nH]c3cc(-c4ccccc4)ccc23)CC1,0.647153718,2.240086822,-8.7,-8.3,3.3181,392.2212261
O=C(Nc1n[nH]c2ncc(-c3ccccc3)cc12)C1CC1,0.773390379,2.155164175,-8.4,-7.9,2.9734,278.1167611
COCCN1CCC(CNC(=O)c2n[nH]c3ccc(-c4ccccc4)cc23)CC1,0.647153718,2.235827093,-8.8,-8.6,3.3181,392.2212261
Cn1c(N2CCNC(c3ccc(Cl)cc3)C2)nc(-c2ccc(Cl)cc2)cc1=O,0.70513178,2.821091193,-9.6,-8.6,3.905,414.1014166
CCCC(=O)Nc1n[nH]c2ccc(-c3ccccc3)cc12,0.758874824,1.967183343,-8.3,-7.9,3.9685,279.1371622
c1ccc(-c2ccc(CSc3nnc(-c4ccc5c(c4)OCO5)o3)cc2)cc1,0.425315534,2.104144358,-9.4,-8.9,5.4246,388.0881634
O=C(Nc1cccc(-c2ccnc(NC(=O)C3CC3)c2)c1)C1CC1,0.885859653,1.956833709,-8.6,-7.8,3.4456,321.1477268
COCCN1CCC(CNC(=O)c2n[nH]c3cc(-c4ccccc4)ccc23)CC1,0.647153718,2.240086822,-8.7,-8.4,3.3181,392.2212261
Cn1cc(C2=C(c3cn(CCCN4CCOCC4)c4ccccc34)C(=O)NC2=O)c2ccccc21,0.440541409,2.644305013,-9.5,-8.3,3.4225,468.2161408
COc1ccc(-c2ccc3[nH]nc(C(=O)NCC4CCN(Cc5ccccc5)CC4)c3c2)cc1,0.417564322,2.214166015,-9.8,-9,4.8805,454.2368762
O=C1NC(=O)C(c2ccccc2)=C1Nc1cc(Cl)c(O)c(Cl)c1,0.587526714,2.35591934,-7.9,-8.2,3.1786,348.0068475
COCCN1CCC(CNC(=O)c2n[nH]c3cc(-c4ccc(Cl)cc4)ccc23)CC1,0.599300035,2.300408781,-8.7,-8.4,3.9715,426.1822538
O=C1NC(=O)C(c2ccccc2)=C1Nc1cc(Cl)c(O)c(Cl)c1,0.587526714,2.35591934,-7.9,-8.1,3.1786,348.0068475
c1ccc(-c2ccc(CSc3nnc(-c4ccc5c(c4)OCO5)o3)cc2)cc1,0.425315534,2.104144358,-9.4,-8.9,5.4246,388.0881634
c1ccc(-c2ccc(CSc3nnc(-c4ccc5c(c4)OCO5)o3)cc2)cc1,0.425315534,2.104144358,-9.4,-8.8,5.4246,388.0881634
CSc1nc(-c2ccc(F)cc2)c(-c2ccnc(Nc3ccc(NC(=O)c4ccc(N5CCOCC5)cc4)cc3)c2)[nH]1,0.173197461,2.62945827,-10,-9.8,6.8322,580.2056734
O=C1NC(=O)C(c2ccccc2)=C1Nc1cc(Cl)c(O)c(Cl)c1,0.587526714,2.35591934,-7.9,-8.2,3.1786,348.0068475
c1ccc(-c2ccc(CSc3nnc(-c4ccc5c(c4)OCO5)o3)cc2)cc1,0.425315534,2.104144358,-9.4,-8.7,5.4246,388.0881634
COCCN1CCC(CNC(=O)c2n[nH]c3cc(-c4ccccc4)ccc23)CC1,0.647153718,2.240086822,-8.6,-8.3,3.3181,392.2212261
NCCCn1cc(C2=C(c3cn(CCCN4CCOCC4)c4ccccc34)C(=O)NC2=O)c2ccccc21,0.336670788,2.777990437,-8.3,-8,3.2343,511.2583399
COCCN1CCC(CNC(=O)c2n[nH]c3ccc(-c4ccccc4)cc23)CC1,0.647153718,2.235827093,-8.8,-8.5,3.3181,392.2212261
c1ccc(-c2ccc(CSc3nnc(-c4ccc5c(c4)OCCO5)o3)cc2)cc1,0.412852211,2.143259086,-9.4,-9,5.4671,402.1038134
c1ccc(-c2ccc(CSc3nnc(-c4ccc5c(c4)OCO5)o3)cc2)cc1,0.425315534,2.104144358,-9.4,-8.9,5.4246,388.0881634
c1ccc(-c2ccc(CSc3nnc(-c4ccc5c(c4)OCCO5)o3)cc2)cc1,0.412852211,2.143259086,-9.4,-9.1,5.4671,402.1038134
O=C(Nc1cnn(-c2cccc(C(=O)NCC3CCN(Cc4ccc(C(=O)O)o4)CC3)c2)c1)Nc1ccccc1Cl,0.216986724,2.638510477,-10.4,-8.6,5.1029,576.1887957
Cn1cc(C2=C(c3cn(CCCN4CCOCC4)c4ccccc34)C(=O)NC2=O)c2ccccc21,0.440541409,2.644305013,-9.7,-8.1,3.4225,468.2161408
O=C(Cn1c(=O)ccc2ccccc21)Nc1scc(Br)c1-c1ncn[nH]1,0.520068719,2.743682413,-9,-8.6,3.2493,428.9895077
O=C1NC(=O)C(c2ccccc2)=C1Nc1cc(Cl)c(O)c(Cl)c1,0.587526714,2.35591934,-7.9,-8.2,3.1786,348.0068475
c1ccc(Nc2nccc(-c3cnn4ncccc34)n2)cc1,0.627484971,2.364224756,-8.2,-8.2,2.9299,288.1123444
O=C1Nc2ccccc2C1=C1Nc2ccccc2N1,0.629190823,2.292274768,-8.6,-8.2,2.8449,249.090212
c1ccc(-c2ccc(CSc3nnc(-c4ccc5c(c4)OCO5)o3)cc2)cc1,0.425315534,2.104144358,-9.4,-8.9,5.4246,388.0881634
CCCC(=O)Nc1n[nH]c2ccc(-c3ccccn3)cc12,0.769418044,2.166620165,-8,-7.6,3.3635,280.1324111
COCCN1CCC(CNC(=O)c2n[nH]c3ccc(-c4ccccc4)cc23)CC1,0.647153718,2.235827093,-8.8,-8.7,3.3181,392.2212261
CCCC(=O)Nc1n[nH]c2ccc(-c3ccccc3)cc12,0.758874824,1.967183343,-8.3,-7.8,3.9685,279.1371622
c1ccc(-c2ccc(CSc3nnc(-c4ccc5c(c4)OCO5)o3)cc2)cc1,0.425315534,2.104144358,-9.4,-8.9,5.4246,388.0881634
COCCN1CCC(CNC(=O)c2n[nH]c3ccc(-c4ccccc4)cc23)CC1,0.647153718,2.235827093,-8.8,-8.5,3.3181,392.2212261
c1ccc(-c2ccc(CSc3nnc(-c4ccc5c(c4)OCO5)o3)cc2)cc1,0.425315534,2.104144358,-9.4,-8.9,5.4246,388.0881634
c1ccc(-c2ccc(CSc3nnc(-c4ccc5c(c4)OCO5)o3)cc2)cc1,0.425315534,2.104144358,-9.4,-8.9,5.4246,388.0881634
c1ccc(-c2ccc(CSc3nnc(-c4ccc5c(c4)OCO5)o3)cc2)cc1,0.425315534,2.104144358,-9.4,-8.9,5.4246,388.0881634
CSc1ccc(NC2=C(c3ccccc3)C(=O)NC2=O)cc1,0.673281968,2.198439841,-7.8,-7.7,2.8881,310.0775987
c1ccc(-c2ccc(CSc3nnc(-c4ccc5c(c4)OCO5)o3)cc2)cc1,0.425315534,2.104144358,-9.4,-8.9,5.4246,388.0881634
c1ccc(-c2ccc(CSc3nnc(-c4ccc5c(c4)OCO5)o3)cc2)cc1,0.425315534,2.104144358,-9.4,-8.9,5.4246,388.0881634
CCCC(=O)Nc1n[nH]c2ncc(-c3ccccc3)cc12,0.769418044,2.158598475,-8.1,-7.8,3.3635,280.1324111
c1ccc(-c2ccc(CSc3nnc(-c4ccncc4)o3)cc2)cc1,0.47153119,1.983046928,-8.8,-8.3,5.0909,345.0935831
Cn1cc(C2=C(c3cn(CCCN4CCOCC4)c4ccccc34)C(=O)NC2=O)c2ccccc21,0.440541409,2.644305013,-9.5,-8.3,3.4225,468.2161408
c1ccc(-c2ccc(CSc3nnc(-c4ccc5c(c4)OCO5)o3)cc2)cc1,0.425315534,2.104144358,-9.4,-8.9,5.4246,388.0881634
COCCN1CCC(CNC(=O)c2n[nH]c3ccc(-c4ccccc4)cc23)CC1,0.647153718,2.235827093,-8.8,-8.6,3.3181,392.2212261
CSc1ccc(NC2=C(c3ccccc3)C(=O)NC2=O)cc1,0.673281968,2.198439841,-7.9,-7.7,2.8881,310.0775987
c1ccc(-c2ccc(CSc3nnc(-c4ccc5c(c4)OCO5)o3)cc2)cc1,0.425315534,2.104144358,-9.4,-8.9,5.4246,388.0881634
Cc1ccccc1-c1ccc2[nH]nc(C(=O)NCC3CCN(Cc4ccccc4)CC3)c2c1,0.436022817,2.234137635,-9,-9.4,5.18032,438.2419616
c1ccc(-c2ccc(CSc3nnc(-c4ccc5c(c4)OCO5)o3)cc2)cc1,0.425315534,2.104144358,-9.4,-8.9,5.4246,388.0881634
COCCN1CCC(CNC(=O)c2n[nH]c3ccc(-c4ccccc4)cc23)CC1,0.647153718,2.235827093,-8.8,-8.6,3.3181,392.2212261
CN(C)CCCn1cc(C2=C(c3ccccc3)C(=O)NC2=O)c2ccccc21,0.675529158,2.334070045,-8.4,-7.2,3.1602,373.179027
COCCN1CCC(CNC(=O)c2n[nH]c3ccc(-c4ccccc4)cc23)CC1,0.647153718,2.235827093,-8.8,-8.5,3.3181,392.2212261
c1ccc(-c2ccc(CSc3nnc(-c4ccc5c(c4)OCO5)o3)cc2)cc1,0.425315534,2.104144358,-9.4,-8.9,5.4246,388.0881634
CSc1ccc(NC2=C(c3ccccc3)C(=O)NC2=O)cc1,0.673281968,2.198439841,-7.9,-7.7,2.8881,310.0775987
COCCN1CCC(CNC(=O)c2n[nH]c3ccc(-c4ccccc4)cc23)CC1,0.647153718,2.235827093,-8.8,-8.6,3.3181,392.2212261
O=C1Nc2ccccc2C1=C1Nc2ccccc2N1,0.629190823,2.292274768,-8.6,-8.2,2.8449,249.090212
c1ccc(-c2ccc(CSc3nnc(-c4ccc5c(c4)OCO5)o3)cc2)cc1,0.425315534,2.104144358,-9.4,-8.9,5.4246,388.0881634
O=C1Nc2ccccc2C1=C1Nc2ccccc2N1,0.629190823,2.292274768,-8.6,-8.2,2.8449,249.090212
O=C1NC(=O)C(c2ccccc2)=C1Nc1cccc(Cl)c1,0.856775357,2.080552851,-8,-8,2.8196,298.0509053
O=C1Nc2ccccc2C1=C1Nc2ccccc2N1,0.629190823,2.292274768,-8.6,-8.2,2.8449,249.090212
c1ccc(-c2ccc(CSc3nnc(-c4ccc5c(c4)OCO5)o3)cc2)cc1,0.425315534,2.104144358,-9.4,-8.9,5.4246,388.0881634
O=C1Nc2ccccc2C1=C1Nc2ccccc2N1,0.629190823,2.292274768,-8.6,-8.2,2.8449,249.090212
c1ccc(Nc2nccc(-c3cnn4ncccc34)n2)cc1,0.627484971,2.364224756,-8.2,-8.2,2.9299,288.1123444
NCCCn1cc(C2=C(c3coc4ccccc34)C(=O)NC2=O)c2ccccc21,0.515904878,2.594129757,-9,-8.3,3.3035,385.1426415
CS(=O)(=O)Nc1ccc(CCNC(=O)c2ccc(O)c3[nH]c(-c4ccc(F)cc4)nc23)cc1,0.330886969,2.382750227,-9.3,-8.8,3.4186,468.1267544
CN(C)CCNC(=O)c1ccc(-c2ccccc2Nc2ccccc2C(N)=O)cc1,0.538255788,2.011634033,-8.2,-8.3,3.4875,402.2055761
O=C1NC(=O)C(c2ccccc2)=C1Nc1cc(Cl)c(O)c(Cl)c1,0.587526714,2.35591934,-8,-8.1,3.1786,348.0068475
O=C(Nc1n[nH]c2ccc(-c3ccccc3)cc12)C1CC1,0.768445346,1.963749043,-8.7,-8.2,3.5784,277.1215121
COc1ccc2[nH]cc(C(=O)NCc3ccc(C(=O)Nc4ccccc4)cc3)c2c1,0.450486919,1.884576951,-9.1,-8.9,4.3588,399.1582915
O=C(Nc1cccc(-c2ccnc(NC(=O)C3CC3)c2)c1)C1CC1,0.885859653,1.956833709,-8.5,-8,3.4456,321.1477268
O=C(Nc1n[nH]c2ccc(-c3ccccc3)cc12)C1CC1,0.768445346,1.963749043,-8.8,-8.3,3.5784,277.1215121
c1ccc(-c2ccc(CSc3nnc(-c4ccc5c(c4)OCO5)o3)cc2)cc1,0.425315534,2.104144358,-9.4,-8.9,5.4246,388.0881634
O=C1Nc2ccccc2C1=C1Nc2ccccc2N1,0.629190823,2.292274768,-8.6,-8.2,2.8449,249.090212
O=C(Nc1n[nH]c2ccc(-c3ccccc3)cc12)C1CC1,0.768445346,1.963749043,-8.8,-8.4,3.5784,277.1215121
c1ccc(-c2ccc(CSc3nnc(-c4ccc5c(c4)OCO5)o3)cc2)cc1,0.425315534,2.104144358,-9.4,-8.9,5.4246,388.0881634
COCCN1CCC(CNC(=O)c2n[nH]c3ccc(-c4ccccc4)cc23)CC1,0.647153718,2.235827093,-8.8,-8.6,3.3181,392.2212261
c1ccc(-c2ccc(CSc3nnc(-c4ccc5c(c4)OCO5)o3)cc2)cc1,0.425315534,2.104144358,-9.4,-8.9,5.4246,388.0881634
O=C1NC(=O)C(c2ccccc2)=C1Nc1cc(Cl)c(O)c(Cl)c1,0.587526714,2.35591934,-7.9,-8.2,3.1786,348.0068475
N=C1NC(=O)C(=Cc2ccc(-c3ccc(Cl)cc3)o2)S1,0.830631159,2.659404864,-7.6,-7.7,3.73867,304.0073262
NCCCn1cc(C2=C(c3coc4ccccc34)C(=O)NC2=O)c2ccccc21,0.515904878,2.594129757,-9.1,-8.3,3.3035,385.1426415
COCCN1CCC(CNC(=O)c2n[nH]c3ccc(-c4ccccc4)cc23)CC1,0.647153718,2.235827093,-8.8,-8.6,3.3181,392.2212261
c1ccc(-c2ccc(CSc3nnc(-c4ccc5c(c4)OCO5)o3)cc2)cc1,0.425315534,2.104144358,-9.4,-8.9,5.4246,388.0881634
c1ccc(-c2ccc(CSc3nnc(-c4ccc5c(c4)OCCO5)o3)cc2)cc1,0.412852211,2.143259086,-9.4,-9,5.4671,402.1038134
NCCCn1cc(C2=C(c3coc4ccccc34)C(=O)NC2=O)c2ccccc21,0.515904878,2.594129757,-9,-8.3,3.3035,385.1426415
c1ccc(-c2ccc(CSc3nnc(-c4ccc5c(c4)OCO5)o3)cc2)cc1,0.425315534,2.104144358,-9.4,-8.9,5.4246,388.0881634
COCCN1CCC(CNC(=O)c2n[nH]c3cc(-c4ccccc4)ccc23)CC1,0.647153718,2.240086822,-8.6,-8.4,3.3181,392.2212261
COc1cccc2c(C3=C(c4cn(C)c5ccccc45)C(=O)NC3=O)cn(C)c12,0.550810938,2.576145034,-8.7,-8.2,3.2458,385.1426415
O=C(Nc1n[nH]c2nc(-c3ccccc3)ccc12)C1CC1,0.773390379,2.158875398,-8.3,-7.6,2.9734,278.1167611
O=C(Nc1n[nH]c2ccc(-c3ccccc3)cc12)C1CC1,0.768445346,1.963749043,-8.8,-8.3,3.5784,277.1215121
O=C1NC(=O)C(c2ccccc2)=C1Nc1cccc(Cl)c1,0.856775357,2.080552851,-8,-8,2.8196,298.0509053
O=C1NC(=O)C(c2cn(CCCN3CCOCC3)c3ccccc23)=C1c1cccc2ccccc12,0.436020364,2.516436692,-10.2,-8.4,4.084,465.2052417
Cn1cc(C2=C(c3coc4ccccc34)C(=O)NC2=O)c2ccccc21,0.567245536,2.465095951,-9.3,-8.9,3.4917,342.1004423
CCCC(=O)Nc1n[nH]c2ccc(-c3ccccn3)cc12,0.769418044,2.166620165,-8,-7.5,3.3635,280.1324111
O=C1Nc2ccccc2C1=C1Nc2ccccc2N1,0.629190823,2.292274768,-8.6,-8.2,2.8449,249.090212
c1ccc(-c2ccc(CSc3nnc(-c4ccc5c(c4)OCO5)o3)cc2)cc1,0.425315534,2.104144358,-9.3,-8.9,5.4246,388.0881634
O=C(O)c1ccc(CN2CCC(CNC(=O)c3n[nH]c4ccc(-c5ccccc5)cc34)CC2)o1,0.3834196,2.45819368,-9.9,-9.4,4.1631,458.1954053
c1ccc(-c2ccc(CSc3nnc(-c4ccc5c(c4)OCO5)o3)cc2)cc1,0.425315534,2.104144358,-9.3,-8.9,5.4246,388.0881634
O=C(O)c1ccc(-c2n[nH]c3ccc(-c4ccc(C(=O)NCCN5CCOCC5)cc4)cc23)cc1,0.380581515,2.291414063,-9.4,-9.1,3.6571,470.1954053
c1ccc(-c2ccc(CSc3nnc(-c4ccc5c(c4)OCO5)o3)cc2)cc1,0.425315534,2.104144358,-9.4,-8.9,5.4246,388.0881634
O=C(Nc1n[nH]c2ccc(-c3ccccc3)cc12)C1CC1,0.768445346,1.963749043,-8.7,-8.2,3.5784,277.1215121
c1ccc(-c2ccc(CSc3nnc(-c4ccc5c(c4)OCO5)o3)cc2)cc1,0.425315534,2.104144358,-9.4,-8.9,5.4246,388.0881634
Cn1cc(C2=C(c3cn(CCCN)c4ccccc34)C(=O)NC2=O)c2ccccc21,0.507118813,2.5563955,-8.8,-8.1,3.049,398.1742759
CN(C)CCNC(=O)c1ccc(-c2ccc3occ(-c4ccc([S+](C)[O-])cc4)c3c2)cc1,0.414367891,3.171844019,-9.2,-8.8,4.7956,446.1664137
O=C1NC(=O)C(c2ccccc2)=C1Nc1cc(Cl)c(O)c(Cl)c1,0.587526714,2.35591934,-7.9,-8.2,3.1786,348.0068475
c1ccc(-c2ccc(CSc3nnc(-c4ccc5c(c4)OCO5)o3)cc2)cc1,0.425315534,2.104144358,-9.4,-8.9,5.4246,388.0881634
c1cnn2ncc(-c3ccnc(Nc4ccc(-n5cnc(N6CCOCC6)n5)cc4)n3)c2c1,0.440078572,2.898664822,-9.7,-9.2,2.3472,440.1821553
O=C1NC(=O)C(c2ccccc2)=C1Nc1cc(Cl)c(O)c(Cl)c1,0.587526714,2.35591934,-7.9,-8.2,3.1786,348.0068475
O=C(Nc1n[nH]c2ccc(-c3ccccn3)cc12)C1CC1,0.773390379,2.163185865,-8.6,-8.1,2.9734,278.1167611
CC(=O)NCCCn1cc(C2=C(c3cn(CCCN4CCOCC4)c4ccccc34)C(=O)NC2=O)c2ccccc21,0.231806583,2.825592347,-9.2,-7.4,3.4117,553.2689046
c1ccc(-c2ccc(CSc3nnc(-c4ccc5c(c4)OCO5)o3)cc2)cc1,0.425315534,2.104144358,-9.4,-8.9,5.4246,388.0881634
c1ccc(-c2ccc(CSc3nnc(-c4ccc5c(c4)OCO5)o3)cc2)cc1,0.425315534,2.104144358,-9.4,-8.9,5.4246,388.0881634
O=C(Nc1n[nH]c2ccc(-c3ccccc3)cc12)C1CC1,0.768445346,1.963749043,-8.7,-8.4,3.5784,277.1215121
Clc1ccccc1Nc1cc(-c2ccnc(Nc3ccccc3)n2)ccn1,0.470918082,2.085421154,-9.2,-9,5.6792,373.1094232
c1ccc(-c2ccc(CSc3nnc(-c4ccc5c(c4)OCO5)o3)cc2)cc1,0.425315534,2.104144358,-9.4,-8.9,5.4246,388.0881634
O=C(NCc1ccccc1)c1ccc(O)c2[nH]c(-c3ccc(F)cc3)nc12,0.513979644,2.091116494,-9.6,-8.7,4.0046,361.122655
COCCN1CCC(CNC(=O)c2n[nH]c3ccc(-c4ccccc4)cc23)CC1,0.647153718,2.235827093,-8.8,-8.6,3.3181,392.2212261
c1ccc(-c2ccc(CSc3nnc(-c4ccc5c(c4)OCO5)o3)cc2)cc1,0.425315534,2.104144358,-9.4,-8.9,5.4246,388.0881634
c1ccc(-c2ccc(CSc3nnc(-c4ccc5c(c4)OCO5)o3)cc2)cc1,0.425315534,2.104144358,-9.4,-8.9,5.4246,388.0881634
O=C(O)CN1CCC(CNC(=O)c2n[nH]c3cc(-c4ccccc4)ccc23)CC1,0.599180564,2.24281657,-9.1,-8.7,2.7563,392.1848406
O=C(Nc1n[nH]c2ccc(-c3ccccc3)cc12)C1CC1,0.768445346,1.963749043,-8.9,-8.1,3.5784,277.1215121
COc1ccc2[nH]nc(C(=O)NCC3CCN(Cc4ccccc4)CC3)c2c1,0.690995807,2.115609608,-9.3,-8.6,3.2135,378.2055761
Cn1cc(C2=C(c3cn(CCCN4CCOCC4)c4ccccc34)C(=O)NC2=O)c2ccccc21,0.440541409,2.644305013,-9.6,-8.6,3.4225,468.2161408
C[S+]([O-])c1ccc(-c2coc3ccc(-c4ccccc4)cc23)cc1,0.464146294,3.016714776,-9.2,-8.8,5.5042,332.0871008
CCCC(=O)Nc1n[nH]c2ncc(-c3ccccc3)cc12,0.769418044,2.158598475,-8.2,-7.8,3.3635,280.1324111
c1ccc(-c2ccc(CSc3nnc(-c4ccc5c(c4)OCCO5)o3)cc2)cc1,0.412852211,2.143259086,-9.4,-9,5.4671,402.1038134
COCCN1CCC(CNC(=O)c2n[nH]c3cc(-c4ccccc4)ccc23)CC1,0.647153718,2.240086822,-8.7,-8.3,3.3181,392.2212261
CSc1ccc(NC2=C(c3ccccc3)C(=O)NC2=O)cc1,0.673281968,2.198439841,-7.9,-7.7,2.8881,310.0775987
CCCC(=O)Nc1n[nH]c2ccc(-c3ccccc3)cc12,0.758874824,1.967183343,-8.3,-7.8,3.9685,279.1371622
C[S+]([O-])c1ccc(-c2coc3ccc(-c4ccccc4)cc23)cc1,0.464146294,3.016714776,-9.3,-8.9,5.5042,332.0871008
c1cc(-c2nnc(SCc3ccc(-c4ccc(N5CCOCC5)cc4)cc3)o2)ccn1,0.402036649,2.26084415,-9.4,-9.7,4.9275,430.1463469
COCCN1CCC(CNC(=O)c2n[nH]c3ccc(-c4ccccc4)cc23)CC1,0.647153718,2.235827093,-8.8,-8.6,3.3181,392.2212261
COCCN1CCC(CNC(=O)c2n[nH]c3ncc(-c4ccc(Cl)cc4)cc23)CC1,0.603651661,2.459758913,-8.6,-7.9,3.3665,427.1775028
O=C(CN1C(=O)Cc2ccccc21)Nc1scc(Br)c1-c1ncn[nH]1,0.68197233,2.820193544,-8.4,-8.4,2.8235,416.9895077
c1ccc(-c2ccc(CSc3nnc(-c4ccc5c(c4)OCO5)o3)cc2)cc1,0.425315534,2.104144358,-9.4,-8.9,5.4246,388.0881634
COCCN1CCC(CNC(=O)c2n[nH]c3ccc(-c4ccccc4)cc23)CC1,0.647153718,2.235827093,-8.8,-8.6,3.3181,392.2212261
CC(=O)NCCCn1cc(C2=C(c3ccccc3)C(=O)NC2=O)c2ccccc21,0.504155455,2.337762419,-9,-8.4,2.7347,387.1582915
CSc1nc(-c2ccc(F)cc2)c(C2=CC=NC(Nc3ccc(NC(=O)c4ccccc4)cc3)=NC=C2)n1C,0.270377279,3.058869093,-10.1,-8.5,6.65,536.1794586
CSc1ccc(NC2=C(c3ccccc3)C(=O)NC2=O)cc1,0.673281968,2.198439841,-7.8,-7.7,2.8881,310.0775987
c1ccc(-c2ccc(CSc3nnc(-c4ccc5c(c4)OCCO5)o3)cc2)cc1,0.412852211,2.143259086,-9.4,-9.1,5.4671,402.1038134
CSc1ccc(NC2=C(c3ccccc3)C(=O)NC2=O)cc1,0.673281968,2.198439841,-7.9,-7.7,2.8881,310.0775987
c1ccc(-c2ccc(CSc3nnc(-c4ccc5c(c4)OCO5)o3)cc2)cc1,0.425315534,2.104144358,-9.4,-8.9,5.4246,388.0881634
O=C(Nc1n[nH]c2ncc(-c3ccccc3)cc12)C1CC1,0.773390379,2.155164175,-8.5,-8,2.9734,278.1167611
c1ccc(-c2ccc(CSc3nnc(-c4ccc5c(c4)OCCO5)o3)cc2)cc1,0.412852211,2.143259086,-9.4,-9,5.4671,402.1038134
N=C1NC(=O)C(=Cc2ccc(-c3ccc(S(N)(=O)=O)cc3)o2)S1,0.727500958,2.751821985,-8.3,-7.8,1.73267,349.0190978
N=C1NC(=O)C(=Cc2ccc(-c3ccc(S(=O)(=O)N4CCOCC4)cc3)o2)S1,0.734198537,2.749070429,-9.4,-8.5,2.10617,419.0609626
c1ccc(-c2ccc(CSc3nnc(-c4ccc5c(c4)OCO5)o3)cc2)cc1,0.425315534,2.104144358,-9.4,-8.9,5.4246,388.0881634
COCCN1CCC(CNC(=O)c2n[nH]c3ccc(-c4ccccc4)cc23)CC1,0.647153718,2.235827093,-8.8,-8.6,3.3181,392.2212261
N#Cc1ccc(-c2ccc(CSc3nnc(-c4ccc5c(c4)OCO5)o3)cc2)cc1,0.410876371,2.293696678,-8.9,-9.5,5.29628,413.0834123
O=C(NCCc1ccccc1)c1ccc(O)c2[nH]c(-c3ccc(F)cc3)nc12,0.492469209,2.130310109,-9.5,-8.4,4.0471,375.138305
O=C(Nc1n[nH]c2ccc(-c3ccccc3)cc12)C1CC1,0.768445346,1.963749043,-8.7,-8.2,3.5784,277.1215121
CN(C)CCCn1cc(C2=C(c3cccc4ccccc34)C(=O)NC2=O)c2ccccc21,0.470295516,2.435693515,-9.5,-8.1,4.3134,423.194677
c1ccc(-c2ccc(CSc3nnc(-c4ccc5c(c4)OCO5)o3)cc2)cc1,0.425315534,2.104144358,-9.4,-8.9,5.4246,388.0881634
O=C(Nc1cccc(-c2ccnc(NC(=O)C3CC3)c2)c1)C1CC1,0.885859653,1.956833709,-8.4,-7.9,3.4456,321.1477268
O=C(Nc1n[nH]c2ncc(-c3ccccc3)cc12)C1CC1,0.773390379,2.155164175,-8.5,-7.9,2.9734,278.1167611
O=C1NC(=O)C(c2ccccc2)=C1Nc1cc(Cl)c(O)c(Cl)c1,0.587526714,2.35591934,-7.9,-8.2,3.1786,348.0068475
c1ccc(-c2ccc(CSc3nnc(-c4ccc5c(c4)OCO5)o3)cc2)cc1,0.425315534,2.104144358,-9.4,-8.9,5.4246,388.0881634
COCCN1CCC(CNC(=O)c2n[nH]c3ccc(-c4ccccc4)cc23)CC1,0.647153718,2.235827093,-8.8,-8.7,3.3181,392.2212261
c1ccc(-c2ccc(CSc3nnc(-c4ccc5c(c4)OCO5)o3)cc2)cc1,0.425315534,2.104144358,-9.4,-8.9,5.4246,388.0881634
O=C(Nc1n[nH]c2ncc(-c3ccccc3)cc12)C1CC1,0.773390379,2.155164175,-8.5,-8,2.9734,278.1167611
c1ccc(-c2ccc(CSc3nnc(-c4ccc5c(c4)OCO5)o3)cc2)cc1,0.425315534,2.104144358,-9.4,-8.9,5.4246,388.0881634
CSc1ccc(NC2=C(c3ccccc3)C(=O)NC2=O)cc1,0.673281968,2.198439841,-7.9,-7.7,2.8881,310.0775987
COCCN1CCC(CNC(=O)c2n[nH]c3ccc(-c4ccccc4)cc23)CC1,0.647153718,2.235827093,-8.8,-8.7,3.3181,392.2212261
O=C(Nc1n[nH]c2ccc(-c3ccccc3)cc12)C1CC1,0.768445346,1.963749043,-8.7,-8.2,3.5784,277.1215121
Cn1cc(C2=C(c3cn(C)c4ccccc34)C(=O)NC2=O)c2ccccc21,0.561396223,2.41960808,-9,-8.3,3.2372,355.1320768
COc1ccc2[nH]nc(C(=O)NCC3CCN(Cc4ccccc4)CC3)c2c1,0.690995807,2.115609608,-9.2,-8.7,3.2135,378.2055761
O=C(Nc1n[nH]c2nc(-c3ccccc3)ccc12)C1CC1,0.773390379,2.158875398,-8.4,-7.5,2.9734,278.1167611
O=C(Nc1n[nH]c2nc(-c3ccccc3)ccc12)C1CC1,0.773390379,2.158875398,-8.4,-7.4,2.9734,278.1167611
COCCN1CCC(CNC(=O)c2n[nH]c3ccc(-c4ccccc4)cc23)CC1,0.647153718,2.235827093,-8.8,-8.6,3.3181,392.2212261
c1ccc(-c2ccc(CSc3nnc(-c4ccc5c(c4)OCO5)o3)cc2)cc1,0.425315534,2.104144358,-9.4,-9.2,5.4246,388.0881634
O=C1Nc2ccccc2C1=C1C(=O)Nc2ccccc21,0.716573186,2.137168315,-8.9,-9.1,2.5016,262.0742276
CSc1ccc(NC2=C(c3ccccc3)C(=O)NC2=O)cc1,0.673281968,2.198439841,-7.8,-7.7,2.8881,310.0775987
O=C1NC(=O)C(c2ccccc2)=C1Nc1cc(Cl)c(O)c(Cl)c1,0.587526714,2.35591934,-7.9,-8.2,3.1786,348.0068475
CN(C)CCCn1cc(C2=C(c3coc4ccc(-c5ccccc5)cc34)C(=O)NC2=O)c2ccccc21,0.303498803,2.671287096,-9.7,-8.7,5.5734,489.2052417
Clc1ccccc1Nc1cccc(-c2ccnc(Nc3ccc(N4CCOCC4)cc3)n2)c1,0.363365542,2.217250936,-9.5,-9.4,6.1208,457.1669381
COCCN1CCC(CNC(=O)c2n[nH]c3ccc(-c4ccc(Cl)cc4)cc23)CC1,0.599300035,2.296246977,-8.9,-8.1,3.9715,426.1822538
c1ccc(-c2ccc(CSc3nnc(-c4ccc5c(c4)OCCO5)o3)cc2)cc1,0.412852211,2.143259086,-9.4,-9.1,5.4671,402.1038134
c1ccc(-c2ccc(CSc3nnc(-c4ccc5c(c4)OCO5)o3)cc2)cc1,0.425315534,2.104144358,-9.4,-8.9,5.4246,388.0881634
O=C1NC(=O)C(c2ccccc2)=C1Nc1cc(Cl)c(O)c(Cl)c1,0.587526714,2.35591934,-7.9,-8.2,3.1786,348.0068475
COCCN1CCC(CNC(=O)c2n[nH]c3ccc(-c4ccccc4)cc23)CC1,0.647153718,2.235827093,-8.8,-8.6,3.3181,392.2212261
Cn1cc(C2=C(c3cn(CCCN4CCOCC4)c4ccccc34)C(=O)NC2=O)c2ccccc21,0.440541409,2.644305013,-9.6,-8.6,3.4225,468.2161408
O=C(Nc1n[nH]c2ccc(-c3ccccc3)cc12)C1CC1,0.768445346,1.963749043,-8.8,-8.3,3.5784,277.1215121
CN(C)CCNC(=O)c1ccc(-c2ccc3occ(-c4ccc([S+](C)[O-])cc4)c3c2)cc1,0.414367891,3.171844019,-9.2,-8.9,4.7956,446.1664137
COCCN1CCC(CNC(=O)c2n[nH]c3ccc(-c4ccccc4)cc23)CC1,0.647153718,2.235827093,-8.8,-8.6,3.3181,392.2212261
c1ccc(-c2ccc(CSc3nnc(-c4ccncc4)o3)cc2)cc1,0.47153119,1.983046928,-8.8,-8.3,5.0909,345.0935831
CCCC(=O)Nc1n[nH]c2ccc(-c3ccccn3)cc12,0.769418044,2.166620165,-8,-7.6,3.3635,280.1324111
O=C(Nc1n[nH]c2ncc(-c3ccccc3)cc12)C1CC1,0.773390379,2.155164175,-8.5,-8,2.9734,278.1167611
O=C(Nc1n[nH]c2ccc(-c3ccccn3)cc12)C1CC1,0.773390379,2.163185865,-8.6,-8.2,2.9734,278.1167611
c1ccc(-c2ccc(CSc3nnc(-c4ccc5c(c4)OCO5)o3)cc2)cc1,0.425315534,2.104144358,-9.4,-8.9,5.4246,388.0881634
O=C1NC(=O)C(c2ccccc2)=C1Nc1cc(Cl)c(O)c(Cl)c1,0.587526714,2.35591934,-7.9,-8.2,3.1786,348.0068475
COCCN1CCC(CNC(=O)c2n[nH]c3ccc(-c4ccccc4)cc23)CC1,0.647153718,2.235827093,-8.8,-8.7,3.3181,392.2212261
c1ccc(-c2ccc(CSc3nc(-c4ccccc4)c(-c4ccc5c(c4)OCO5)o3)cc2)cc1,0.24148663,2.272331319,-10.2,-9.9,7.6966,463.1242145
CSc1ccc(NC2=C(c3ccccc3)C(=O)NC2=O)cc1,0.673281968,2.198439841,-7.7,-7.7,2.8881,310.0775987
Clc1ccccc1Nc1nccc(-c2cnn3ncccc23)n1,0.62407752,2.461172126,-8.4,-8.1,3.5833,322.073372
Cn1cc(C2=C(c3cn(CCCN4CCOCC4)c4ccccc34)C(=O)NC2=O)c2ccccc21,0.440541409,2.644305013,-9.6,-8.6,3.4225,468.2161408
c1ccc(-c2ccc(CSc3nnc(-c4ccc5c(c4)OCO5)o3)cc2)cc1,0.425315534,2.104144358,-9.4,-8.9,5.4246,388.0881634
O=C1NC(=O)C(c2ccccc2)=C1Nc1cc(Cl)c(O)c(Cl)c1,0.587526714,2.35591934,-7.8,-8.2,3.1786,348.0068475
Cn1cc(C2=C(c3cn(CCCN4CCOCC4)c4ccccc34)C(=O)NC2=O)c2ccccc21,0.440541409,2.644305013,-9.6,-8.1,3.4225,468.2161408
O=C(Nc1n[nH]c2ccc(-c3ccccc3)cc12)C1CC1,0.768445346,1.963749043,-8.9,-8.3,3.5784,277.1215121
c1ccc(-c2ccc(CSc3nnc(-c4ccc5c(c4)OCCO5)o3)cc2)cc1,0.412852211,2.143259086,-9.4,-9,5.4671,402.1038134
c1ccc(-c2ccc(CSc3nnc(-c4ccc5c(c4)OCO5)o3)cc2)cc1,0.425315534,2.104144358,-9.4,-8.9,5.4246,388.0881634
C=CC(=O)NCCCn1cc(C2=C(c3cn(C)c4ccccc34)C(=O)NC2=O)c2ccccc21,0.256102502,2.716443583,-9.4,-9.3,3.3925,452.1848406
c1ccc(-c2ccc(CSc3nnc(-c4ccc5c(c4)OCO5)o3)cc2)cc1,0.425315534,2.104144358,-9.4,-8.9,5.4246,388.0881634
c1ccc(Nc2nccc(-c3cnn4ncccc34)n2)cc1,0.627484971,2.364224756,-8.1,-8.3,2.9299,288.1123444
N#Cc1ccc(-c2ccc(CSc3nnc(-c4ccc5c(c4)OCO5)o3)cc2)cc1,0.410876371,2.293696678,-9.5,-9.4,5.29628,413.0834123
O=C(Nc1n[nH]c2ccc(-c3ccccc3)cc12)C1CC1,0.768445346,1.963749043,-8.6,-8.2,3.5784,277.1215121
O=C(Nc1cccc(-c2ccnc(NC(=O)C3CC3)c2)c1)C1CC1,0.885859653,1.956833709,-8.6,-7.7,3.4456,321.1477268
COCCN1CCC(CNC(=O)c2n[nH]c3cc(-c4ccccc4)ccc23)CC1,0.647153718,2.240086822,-8.7,-8.4,3.3181,392.2212261
c1ccc(-c2ccc(CSc3nnc(-c4ccc5c(c4)OCO5)o3)cc2)cc1,0.425315534,2.104144358,-9.4,-8.9,5.4246,388.0881634
O=C(Nc1n[nH]c2ccc(-c3ccccc3)cc12)C1CC1,0.768445346,1.963749043,-8.8,-8.3,3.5784,277.1215121
CC(=O)NCCN1CCC(CNC(=O)c2n[nH]c3ccc(-c4cccc(F)c4F)cc23)CC1,0.510834535,2.516946937,-9.8,-8.9,3.086,455.2132815
c1ccc(-c2ccc(CSc3nnc(-c4ccc5c(c4)OCO5)o3)cc2)cc1,0.425315534,2.104144358,-9.4,-8.9,5.4246,388.0881634
COCCN1CCC(CNC(=O)c2n[nH]c3cc(-c4ccccc4)ccc23)CC1,0.647153718,2.240086822,-8.7,-8.3,3.3181,392.2212261
O=C1NC(=O)C(c2ccccc2)=C1Nc1cc(Cl)c(O)c(Cl)c1,0.587526714,2.35591934,-7.8,-8.1,3.1786,348.0068475
Clc1ccccc1Nc1cccc(-c2ccnc(Nc3ccc(N4CCOCC4)cc3)n2)c1,0.363365542,2.217250936,-9.8,-9.7,6.1208,457.1669381
c1ccc(-c2ccc(CSc3nnc(-c4ccc5c(c4)OCO5)o3)cc2)cc1,0.425315534,2.104144358,-9.4,-8.9,5.4246,388.0881634
O=C(Nc1n[nH]c2ccc(-c3ccccc3)cc12)C1CC1,0.768445346,1.963749043,-8.8,-8.4,3.5784,277.1215121
COc1ccccc1C1=C(c2cn(CCCNC(=O)C(C)(C)C)c3ccccc23)C(=O)NC1=O,0.415823149,2.552032428,-9.2,-8.4,3.7695,459.2158064
c1ccc(-c2ccc(CSc3nnc(-c4ccc5c(c4)OCO5)o3)cc2)cc1,0.425315534,2.104144358,-9.4,-8.9,5.4246,388.0881634
O=C1NC(=O)C(c2ccccc2)=C1Nc1cc(Cl)c(O)c(Cl)c1,0.587526714,2.35591934,-7.9,-8.2,3.1786,348.0068475
O=C1NC(=O)C(c2ccccc2)=C1Nc1cc(Cl)c(O)c(Cl)c1,0.587526714,2.35591934,-8,-8.2,3.1786,348.0068475
c1ccc(-c2ccc(CSc3nnc(-c4ccc5c(c4)OCO5)o3)cc2)cc1,0.425315534,2.104144358,-9.4,-8.9,5.4246,388.0881634
c1ccc(-c2ccc(CSc3nnc(-c4ccc5c(c4)OCCO5)o3)cc2)cc1,0.412852211,2.143259086,-9.4,-9.1,5.4671,402.1038134
O=C(Nc1n[nH]c2nc(-c3ccccc3)ccc12)C1CC1,0.773390379,2.158875398,-8.3,-7.4,2.9734,278.1167611
c1cc(-c2ccc(N3CCOCC3)cc2)ccc1CSc1nnc(-c2ccc3c(c2)OCO3)o1,0.351341383,2.372265255,-9.9,-10.4,5.2612,473.1409272
c1ccc(-c2ccc(CSc3nnc(-c4ccc5c(c4)OCO5)o3)cc2)cc1,0.425315534,2.104144358,-9.4,-8.9,5.4246,388.0881634
Cn1cc(C2=C(c3coc4ccccc34)C(=O)NC2=O)c2ccccc21,0.567245536,2.465095951,-9.3,-8.9,3.4917,342.1004423
c1ccc(-c2ccc(CSc3nnc(-c4ccc5c(c4)OCO5)o3)cc2)cc1,0.425315534,2.104144358,-9.4,-8.9,5.4246,388.0881634
Cc1n[nH]c(-c2ccnc(Nc3ccc(C(=O)NCC4CCN(Cc5ccc(C(=O)O)o5)CC4)cc3)c2)n1,0.260621809,2.830040862,-10.5,-9.3,3.85192,515.2281024
O=C(Nc1n[nH]c2nc(-c3ccccc3)ccc12)C1CC1,0.773390379,2.158875398,-8,-7.6,2.9734,278.1167611
COc1ccc(-c2ccc(CSc3nnc(-c4cccc(Cl)c4)o3)cc2)cc1,0.347307447,1.990673398,-8.8,-8.7,6.3579,408.0699265
CCCC(=O)Nc1n[nH]c2ccc(-c3ccccn3)cc12,0.769418044,2.166620165,-8.2,-7.2,3.3635,280.1324111
Cn1c(N2CCNC(c3ccc(F)cc3)C2)nc(-c2ccncn2)cc1=O,0.75764903,3.089091163,-9.4,-8.2,1.5273,366.1604374
c1cnn2ncc(-c3ccnc(Nc4ccc(-n5cnc(N6CCOCC6)n5)cc4)n3)c2c1,0.440078572,2.898664822,-9.8,-9.2,2.3472,440.1821553
O=C1NC(=O)C(c2ccccc2)=C1Nc1cc(Cl)c(O)c(Cl)c1,0.587526714,2.35591934,-8.1,-8.2,3.1786,348.0068475
Cn1cc(C2=C(c3ccc(C(=O)O)cc3)C(=O)NC2=O)c2ccccc21,0.713146658,2.254309363,-8.3,-8.2,2.4437,346.0953569
Cn1cc(C2=C(c3cn(CCCO)c4ccc(Br)cc34)C(=O)NC2=O)c2ccccc21,0.4283083,2.663684123,-9.1,-8.2,3.8451,477.0688036
c1ccc(-c2ccc(CSc3nnc(-c4ccc5c(c4)OCO5)o3)cc2)cc1,0.425315534,2.104144358,-9.4,-8.9,5.4246,388.0881634
CSc1ccc(NC2=C(c3ccccc3)C(=O)NC2=O)cc1,0.673281968,2.198439841,-7.9,-7.7,2.8881,310.0775987
COCCN1CCC(CNC(=O)c2n[nH]c3ccc(-c4ccccc4)cc23)CC1,0.647153718,2.235827093,-8.8,-8.6,3.3181,392.2212261
c1cnn2ncc(-c3ccnc(Nc4ccc(-n5cnc(N6CCOCC6)n5)cc4)n3)c2c1,0.440078572,2.898664822,-9.8,-9.2,2.3472,440.1821553
CN(C)CCCn1cc(C2=C(c3cn(C)c4ccccc34)C(=O)NC2=O)c2ccccc21,0.478990335,2.579171886,-9,-8.1,3.6519,426.2055761
c1ccc(-c2ccc(CSc3nnc(-c4ccc5c(c4)OCO5)o3)cc2)cc1,0.425315534,2.104144358,-9.4,-8.9,5.4246,388.0881634
CCCC(=O)Nc1n[nH]c2ccc(-c3ccccn3)cc12,0.769418044,2.166620165,-8.1,-7.2,3.3635,280.1324111
c1ccc(-c2ccc(CSc3nnc(-c4ccc5c(c4)OCO5)o3)cc2)cc1,0.425315534,2.104144358,-9.4,-8.9,5.4246,388.0881634
c1ccc(-c2ccc(CSc3nnc(-c4ccc5c(c4)OCO5)o3)cc2)cc1,0.425315534,2.104144358,-9.4,-8.9,5.4246,388.0881634
COCCN1CCC(CNC(=O)c2n[nH]c3cc(-c4ccccc4)ccc23)CC1,0.647153718,2.240086822,-8.7,-8.3,3.3181,392.2212261
Cn1cc(C2=C(c3cn(CCCO)c4ccccc34)C(=O)NC2=O)c2ccccc21,0.506574139,2.537576001,-9.1,-8.1,3.0826,399.1582915
CSc1nc(-c2ccc(F)cc2)c(C2=CC=NC(Nc3ccc(NC(=O)c4ccccc4)cc3)=NC=C2)n1C,0.270377279,3.058869093,-10.1,-9.1,6.65,536.1794586
c1ccc(-c2ccc(CSc3nnc(-c4ccc5c(c4)OCO5)o3)cc2)cc1,0.425315534,2.104144358,-9.4,-8.9,5.4246,388.0881634
CN(C)CCCn1cc(C2=C(c3cn(CCCN4CCOCC4)c4ccccc34)C(=O)NC2=O)c2ccccc21,0.310314121,2.81384747,-8.9,-8.2,3.8372,539.28964
O=C(Nc1n[nH]c2ncc(-c3ccccc3)cc12)C1CC1,0.773390379,2.155164175,-8.5,-8,2.9734,278.1167611
COCCN1CCC(CNC(=O)c2n[nH]c3ccc(-c4ccc(Cl)cc4)cc23)CC1,0.599300035,2.296246977,-8.9,-7.9,3.9715,426.1822538
c1ccc(-c2ccc(CSc3nnc(-c4ccc5c(c4)OCO5)o3)cc2)cc1,0.425315534,2.104144358,-9.4,-8.9,5.4246,388.0881634
c1ccc(-c2ccc(CSc3nnc(-c4ccc5c(c4)OCO5)o3)cc2)cc1,0.425315534,2.104144358,-9.4,-8.9,5.4246,388.0881634
c1ccc(-c2ccc(CSc3nnc(-c4ccc5c(c4)OCO5)o3)cc2)cc1,0.425315534,2.104144358,-9.4,-8.9,5.4246,388.0881634
c1ccc(Nc2nccc(-c3cnn4ncccc34)n2)cc1,0.627484971,2.364224756,-8.2,-8.2,2.9299,288.1123444
Cn1cc(C2=C(c3ccccc3)C(=O)NC2=O)c2ccccc21,0.74005506,2.152761451,-8.5,-8.3,2.7455,302.1055277
c1ccc(-c2ccc(CSc3nnc(-c4ccc5c(c4)OCO5)o3)cc2)cc1,0.425315534,2.104144358,-9.3,-8.9,5.4246,388.0881634
COc1ccc(C2=C(c3cn(C)c4ccccc34)C(=O)NC2=O)cc1,0.750397967,2.197917108,-8.4,-8.4,2.7541,332.1160924
CN(C)CCCn1cc(C2=C(c3cn(C)c4ccccc34)C(=O)NC2=O)c2ccccc21,0.478990335,2.579171886,-9,-8.1,3.6519,426.2055761
O=C(Nc1n[nH]c2ccc(-c3ccccc3)cc12)C1CC1,0.768445346,1.963749043,-8.8,-8.4,3.5784,277.1215121
O=C1NC(=O)C(c2ccccc2)=C1Nc1cccc(Cl)c1,0.856775357,2.080552851,-8,-8,2.8196,298.0509053
COCCN1CCC(CNC(=O)c2n[nH]c3ccc(-c4ccccc4)cc23)CC1,0.647153718,2.235827093,-8.8,-8.5,3.3181,392.2212261
O=C(Nc1n[nH]c2ncc(-c3ccccc3)cc12)C1CC1,0.773390379,2.155164175,-8.5,-8,2.9734,278.1167611
Cn1c(N2CCNC(c3ccc(F)cc3)C2)nc(-c2ccccc2)cc1=O,0.776466779,2.767418382,-9.7,-8.8,2.7373,364.1699395
COCCN1CCC(CNC(=O)c2n[nH]c3ccc(-c4ccccc4)cc23)CC1,0.647153718,2.235827093,-8.8,-8.6,3.3181,392.2212261
O=C(Nc1n[nH]c2ccc(-c3ccccc3)cc12)C1CC1,0.768445346,1.963749043,-8.8,-8.4,3.5784,277.1215121
O=C(Nc1n[nH]c2ncc(-c3ccccc3)cc12)C1CC1,0.773390379,2.155164175,-8.5,-8,2.9734,278.1167611
CSc1nc(-c2ccc(F)cc2)c(C2=CC=NC(Nc3ccc(NC(=O)c4ccccc4)cc3)=NC=C2)n1C,0.270377279,3.058869093,-9.4,-9.4,6.65,536.1794586
COCCN1CCC(CNC(=O)c2n[nH]c3cc(-c4ccccc4)ccc23)CC1,0.647153718,2.240086822,-8.7,-8.4,3.3181,392.2212261
COCCN1CCC(CNC(=O)c2n[nH]c3cc(-c4ccccc4)ccc23)CC1,0.647153718,2.240086822,-8.5,-8.4,3.3181,392.2212261
O=C(Nc1n[nH]c2nc(-c3ccc(Cl)cc3)ccc12)C1CC1,0.775545072,2.223349731,-8.1,-7.6,3.6268,312.0777887
O=C1NC(=O)C(c2ccccc2)=C1Nc1ccc(Cl)c(C(=O)O)c1,0.741971604,2.194481484,-9,-8.5,2.5178,342.0407345
N#Cc1ccc(-c2ccc(CSc3nnc(-c4ccc5c(c4)OCO5)o3)cc2)cc1,0.410876371,2.293696678,-8.9,-9.2,5.29628,413.0834123
O=C(Nc1n[nH]c2ncc(-c3ccccc3)cc12)C1CC1,0.773390379,2.155164175,-8.5,-7.9,2.9734,278.1167611
O=C1NC(=O)C(c2ccccc2)=C1Nc1cccc(C(=O)O)c1,0.749380567,2.107175749,-8.5,-8.3,1.8644,308.0797069
N#Cc1ccc(-c2ccc(CSc3nnc(-c4ccncc4)o3)cc2)cc1,0.462097457,2.187465577,-8.9,-8.6,4.96258,370.0888321
c1ccc(-c2ccc(CSc3nnc(-c4ccc5c(c4)OCO5)o3)cc2)cc1,0.425315534,2.104144358,-9.4,-8.8,5.4246,388.0881634
c1ccc(-c2ccc(CSc3nnc(-c4ccc5c(c4)OCO5)o3)cc2)cc1,0.425315534,2.104144358,-9.4,-8.8,5.4246,388.0881634
O=C1NC(=O)C(c2ccccc2)=C1Nc1cc(Cl)c(O)c(Cl)c1,0.587526714,2.35591934,-7.9,-8.2,3.1786,348.0068475
COCCN1CCC(CNC(=O)c2n[nH]c3ccc(-c4ccccc4)cc23)CC1,0.647153718,2.235827093,-8.8,-8.6,3.3181,392.2212261
NCCCn1cc(C2=C(c3coc4ccccc34)C(=O)NC2=O)c2ccccc21,0.515904878,2.594129757,-9,-8.3,3.3035,385.1426415
O=C1NC(=O)C(c2ccccc2)=C1Nc1ccc(O)c(Cl)c1,0.600688709,2.231274474,-7.9,-7.7,2.5252,314.0458199
O=C(NCc1ccccc1)c1ccc(O)c2[nH]c(-c3ccc(F)cc3)nc12,0.513979644,2.091116494,-9.6,-8.7,4.0046,361.122655
c1ccc(-c2ccc(CSc3nnc(-c4ccc5c(c4)OCO5)o3)cc2)cc1,0.425315534,2.104144358,-9.4,-8.9,5.4246,388.0881634
O=C(Nc1n[nH]c2ccc(-c3ccccc3)cc12)C1CC1,0.768445346,1.963749043,-8.7,-8.2,3.5784,277.1215121
c1cc(-c2ccc(N3CCOCC3)cc2)ccc1CSc1nnc(-c2ccc3c(c2)OCO3)o1,0.351341383,2.372265255,-9.9,-10.3,5.2612,473.1409272
c1ccc(-c2ccc(CSc3nnc(-c4ccc5c(c4)OCCO5)o3)cc2)cc1,0.412852211,2.143259086,-9.4,-9,5.4671,402.1038134
O=C1NC(=O)C(c2ccccc2)=C1Nc1cc(Cl)c(O)c(Cl)c1,0.587526714,2.35591934,-7.9,-8.2,3.1786,348.0068475
CN(C)CCCn1cc(C2=C(c3ccccc3)C(=O)NC2=O)c2ccccc21,0.675529158,2.334070045,-8.5,-7.2,3.1602,373.179027
O=C(NCC1CCN(Cc2ccc(C(=O)O)o2)CC1)c1ccc(Nc2nccc(-c3ccccc3)n2)cc1,0.292523032,2.428101871,-10.6,-9.6,4.8204,511.2219544
Cc1n[nH]c(-c2ccnc(Nc3ccc(C(=O)NCC4CCN(Cc5ccc(C(=O)O)o5)CC4)cc3)c2)n1,0.260621809,2.830040862,-10.5,-9.7,3.85192,515.2281024
c1ccc(-c2ccc(CSc3nnc(-c4ccc5c(c4)OCO5)o3)cc2)cc1,0.425315534,2.104144358,-9.4,-8.9,5.4246,388.0881634
C=CC(=O)NCCCn1cc(C2=C(c3cn(C)c4ccccc34)C(=O)NC2=O)c2ccccc21,0.256102502,2.716443583,-9.4,-9.4,3.3925,452.1848406
Cn1cc(C2=C(c3cn(CCCN4CCOCC4)c4ccccc34)C(=O)NC2=O)c2ccccc21,0.440541409,2.644305013,-9.7,-8.3,3.4225,468.2161408
c1ccc(-c2ccc(CSc3nnc(-c4ccc5c(c4)OCO5)o3)cc2)cc1,0.425315534,2.104144358,-9.4,-8.9,5.4246,388.0881634
c1ccc(-c2ccc(CSc3nnc(-c4ccc5c(c4)OCO5)o3)cc2)cc1,0.425315534,2.104144358,-9.4,-8.9,5.4246,388.0881634
c1cnn2ncc(-c3ccnc(Nc4ccc(-n5cnc(N6CCOCC6)n5)cc4)n3)c2c1,0.440078572,2.898664822,-9.7,-9.2,2.3472,440.1821553
COCCN1CCC(CNC(=O)c2n[nH]c3ccc(-c4ccccc4)cc23)CC1,0.647153718,2.235827093,-8.8,-8.6,3.3181,392.2212261
c1ccc(Nc2nccc(-c3cnn4ncccc34)n2)cc1,0.627484971,2.364224756,-8.2,-8.2,2.9299,288.1123444
COc1ccc2[nH]nc(C(=O)NCC3CCN(Cc4ccccc4)CC3)c2c1,0.690995807,2.115609608,-9.3,-8.4,3.2135,378.2055761
COc1ccc(-c2ccc3[nH]nc(C(=O)NCC4CCN(Cc5ccccc5)CC4)c3c2)cc1,0.417564322,2.214166015,-9.2,-8.9,4.8805,454.2368762
N=C1NC(=O)C(=Cc2ccc(-c3ccc(Cl)cc3)o2)S1,0.830631159,2.659404864,-7.6,-7.7,3.73867,304.0073262
c1ccc(-c2ccc(CSc3nnc(-c4ccc5c(c4)OCO5)o3)cc2)cc1,0.425315534,2.104144358,-9.4,-8.9,5.4246,388.0881634
N=C1NC(=O)C(=Cc2ccc(-c3ccc(S(N)(=O)=O)cc3)o2)S1,0.727500958,2.751821985,-8.3,-7.8,1.73267,349.0190978
CCS(=O)(=O)Nc1ccc(CCNC(=O)c2ccnc3[nH]c(-c4ccccc4)cc23)cc1,0.379427639,2.351865589,-9.3,-8.2,3.964,448.1569116
CCCC(=O)Nc1n[nH]c2ncc(-c3ccccc3)cc12,0.769418044,2.158598475,-8.1,-7.7,3.3635,280.1324111
COc1ccc(CCNC(=O)c2ccc(O)c3[nH]c(-c4ccc(F)cc4)nc23)cc1,0.45156532,2.194526269,-9.3,-8.8,4.0557,405.1488697
c1ccc(-c2ccc(CSc3nnc(-c4ccc5c(c4)OCO5)o3)cc2)cc1,0.425315534,2.104144358,-9.3,-8.9,5.4246,388.0881634
O=C(Nc1n[nH]c2nc(-c3ccccc3)ccc12)C1CC1,0.773390379,2.158875398,-8.3,-7.4,2.9734,278.1167611
Cn1c(N2CCNC(c3ccc(F)cc3)C2)nc(-c2ccccc2)cc1=O,0.776466779,2.767418382,-9.7,-8.8,2.7373,364.1699395
c1ccc(-c2ccc(CSc3nnc(-c4ccc5c(c4)OCO5)o3)cc2)cc1,0.425315534,2.104144358,-9.4,-8.9,5.4246,388.0881634
c1ccc(-c2ccc(CSc3nnc(-c4ccc5c(c4)OCO5)o3)cc2)cc1,0.425315534,2.104144358,-9.4,-8.9,5.4246,388.0881634
O=C(NCC1CCN(Cc2ccccc2)CC1)c1n[nH]c2ccc(-c3ccccc3Cl)cc12,0.399309681,2.248389182,-10.3,-9.4,5.5253,458.1873392
O=C1Nc2ccccc2NC1=C1C(=O)Nc2ccccc21,0.647589488,2.360171237,-9.4,-9.3,2.414,277.0851266
c1ccc(-c2ccc(CSc3nnc(-c4ccc5c(c4)OCO5)o3)cc2)cc1,0.425315534,2.104144358,-9.4,-8.9,5.4246,388.0881634
c1ccc(-c2ccc(CSc3nnc(-c4ccc5c(c4)OCO5)o3)cc2)cc1,0.425315534,2.104144358,-9.4,-8.8,5.4246,388.0881634
COc1ccc(-n2ncc(-c3ccnc(Nc4ccc(N5CCOCC5)cc4)n3)c2-c2ccccc2)cc1,0.309803052,2.463978853,-10,-9.1,5.5851,504.2273741
c1ccc(-c2ccc(CSc3nnc(-c4ccc5c(c4)OCO5)o3)cc2)cc1,0.425315534,2.104144358,-9.5,-8.9,5.4246,388.0881634
O=C(O)c1ccc(-c2ccc3c(-c4ccc(C(=O)O)cc4)n[nH]c3c2)cc1,0.504730947,2.017621866,-9.1,-8.9,4.2933,358.0953569
c1ccc(-c2ccc(CSc3nnc(-c4ccc5c(c4)OCCO5)o3)cc2)cc1,0.412852211,2.143259086,-9.4,-8.9,5.4671,402.1038134
O=C(Nc1cnn(-c2csc(C(=O)NC3CCCC3)c2)c1)Nc1ccccc1Cl,0.53835175,2.48399679,-9,-8.6,4.9036,429.1026236
COCCN1CCC(CNC(=O)c2n[nH]c3ccc(-c4ccc(C(=O)O)cc4)cc23)CC1,0.501074303,2.346509234,-9.3,-8,3.0163,436.2110554
O=C(Nc1n[nH]c2ccc(-c3ccccc3)cc12)C1CC1,0.768445346,1.963749043,-8.9,-8.3,3.5784,277.1215121
N=C1NC(=O)C(=Cc2ccc(-c3ccc(S(N)(=O)=O)cc3)o2)S1,0.727500958,2.751821985,-8.3,-7.8,1.73267,349.0190978
CCCC(=O)Nc1n[nH]c2ncc(-c3ccccc3)cc12,0.769418044,2.158598475,-8.1,-7.7,3.3635,280.1324111
O=C(Nc1n[nH]c2ccc(-c3ccccc3)cc12)C1CC1,0.768445346,1.963749043,-8.7,-8.2,3.5784,277.1215121
O=C(Nc1n[nH]c2cc(-c3ccccc3)ccc12)C1CC1,0.768445346,1.975895071,-8.1,-7.7,3.5784,277.1215121
O=C1Nc2ccccc2C1=C1C(=O)Nc2ccc(Br)cc21,0.722895845,2.300300544,-9.1,-8.9,3.2641,339.9847396
O=C(Nc1n[nH]c2ncc(-c3ccccc3)cc12)C1CC1,0.773390379,2.155164175,-8.3,-8.1,2.9734,278.1167611
c1ccc(-c2ccc(CSc3nnc(-c4ccc5c(c4)OCO5)o3)cc2)cc1,0.425315534,2.104144358,-9.4,-8.9,5.4246,388.0881634
COCCN1CCC(CNC(=O)c2n[nH]c3cc(-c4ccccc4)ccc23)CC1,0.647153718,2.240086822,-8.7,-8.4,3.3181,392.2212261
NCCCn1cc(C2=C(c3coc4ccccc34)C(=O)NC2=O)c2ccccc21,0.515904878,2.594129757,-9.1,-8.3,3.3035,385.1426415
CSc1ccc(NC2=C(c3ccc(Cl)cc3)C(=O)NC2=O)cc1,0.657625785,2.261784033,-7.6,-7.5,3.5415,344.0386263
COCCN1CCCC(CNC(=O)c2n[nH]c3ccc(-c4cccc(F)c4F)cc23)CC1,0.580676774,2.887774345,-9.1,-8.6,3.9864,442.2180326
O=C1NC(=O)C(c2cn(CCCN3CCOCC3)c3ccccc23)=C1c1coc2ccccc12,0.449108134,2.668609246,-9.8,-8.6,3.677,455.1845063
c1ccc(-c2ccc(CSc3nnc(-c4ccc5c(c4)OCO5)o3)cc2)cc1,0.425315534,2.104144358,-9.4,-8.9,5.4246,388.0881634
NCCCn1cc(C2=C(c3coc4ccccc34)C(=O)NC2=O)c2ccccc21,0.515904878,2.594129757,-9,-8.3,3.3035,385.1426415
O=C(Nc1n[nH]c2ccc(-c3ccccc3)cc12)C1CC1,0.768445346,1.963749043,-8.7,-8.2,3.5784,277.1215121
O=C(NCCN1CCOCC1)c1ccc(CCNC(=O)c2ccc(O)c3[nH]c(-c4ccc(F)cc4)nc23)cc1,0.263592447,2.520362762,-9.1,-8.8,3.1091,531.2281827
O=C1NC(=O)C(c2ccccc2)=C1Nc1cc(Cl)c(O)c(Cl)c1,0.587526714,2.35591934,-7.9,-8.2,3.1786,348.0068475
O=C1NC(=O)C(c2ccc(C(=O)O)cc2)=C1Nc1ccccc1,0.749380567,2.07058995,-7.8,-8,1.8644,308.0797069
O=C1Nc2ccccc2C1=C1Nc2ccccc2N1,0.629190823,2.292274768,-8.6,-8.2,2.8449,249.090212
O=C(O)c1ccc(CN2CCC(CNC(=O)c3n[nH]c4ccc(-c5ccccc5)cc34)CC2)o1,0.3834196,2.45819368,-9.8,-9.4,4.1631,458.1954053
c1ccc(-c2ccc(CSc3nnc(-c4ccc5c(c4)OCCO5)o3)cc2)cc1,0.412852211,2.143259086,-9.4,-9.1,5.4671,402.1038134
N=C1NC(=O)C(=Cc2ccc(-c3ccc(S(N)(=O)=O)cc3)o2)S1,0.727500958,2.751821985,-8.3,-7.8,1.73267,349.0190978
O=C(Cn1c(=O)ccc2ccccc21)Nc1scc(Br)c1-c1ncn[nH]1,0.520068719,2.743682413,-8.9,-8.7,3.2493,428.9895077
COCCN1CCC(CNC(=O)c2n[nH]c3cc(-c4ccccc4)ccc23)CC1,0.647153718,2.240086822,-8.7,-8.4,3.3181,392.2212261
Cn1cc(C2=C(c3ccccc3)C(=O)NC2=O)c2ccccc21,0.74005506,2.152761451,-8.5,-8.3,2.7455,302.1055277
COCCN1CCC(CNC(=O)c2n[nH]c3ccc(-c4ccccc4)cc23)CC1,0.647153718,2.235827093,-8.8,-8.6,3.3181,392.2212261
O=C(Nc1n[nH]c2ccc(-c3ccccc3)cc12)C1CC1,0.768445346,1.963749043,-8.8,-8.4,3.5784,277.1215121
COCCN1CCC(CNC(=O)c2cc(-n3cc(NC(=O)Nc4ccccc4)cn3)cs2)CC1,0.432157659,2.602672002,-8.5,-8.1,3.666,482.2100098
NCCCn1cc(C2=C(c3coc4ccccc34)C(=O)NC2=O)c2ccccc21,0.515904878,2.594129757,-9,-8.3,3.3035,385.1426415
O=C1NC(=O)C(c2ccccc2)=C1Nc1cc(Cl)c(O)c(Cl)c1,0.587526714,2.35591934,-7.8,-8.2,3.1786,348.0068475
O=C1NC(=O)C(c2ccccc2)=C1Nc1cc(Cl)c(O)c(Cl)c1,0.587526714,2.35591934,-8.1,-8.2,3.1786,348.0068475
Cn1cc(C2=C(c3cn(CCCN4CCOCC4)c4ccccc34)C(=O)NC2=O)c2ccccc21,0.440541409,2.644305013,-9.5,-8.3,3.4225,468.2161408
O=C(Nc1ccc(Nc2nccc(-c3ccccc3)n2)cc1)c1ccccc1,0.513166651,1.754332104,-9.5,-9,5.1395,366.1480612
NC(=O)c1ccccc1Nc1cc(-c2ccnc(NC3CCC(N)CC3)n2)ccc1Cl,0.456486435,2.45079774,-9.4,-8.7,4.3213,436.1778371
c1ccc(-c2ccc(CSc3nnc(-c4ccc5c(c4)OCO5)o3)cc2)cc1,0.425315534,2.104144358,-9.3,-8.9,5.4246,388.0881634
COc1ccc(CSc2nc(-c3ccccc3)c(-c3ccnc(NC(=O)C4CC4)c3)[nH]2)cc1,0.328223108,2.349732872,-10.2,-8.2,5.7881,456.161997
O=C1NC(=O)C(c2ccccc2)=C1Nc1cc(Cl)c(O)c(Cl)c1,0.587526714,2.35591934,-7.9,-8.2,3.1786,348.0068475
O=C(O)c1ccc(-c2n[nH]c3ccc(-c4ccc(C(=O)NCCN5CCOCC5)cc4)cc23)cc1,0.380581515,2.291414063,-9.8,-8.5,3.6571,470.1954053
CN(C)CCCn1cc(C2=C(c3cn(C)c4ccccc34)C(=O)NC2=O)c2ccccc21,0.478990335,2.579171886,-8.9,-8.1,3.6519,426.2055761
O=C1NC(=O)C(c2ccccc2)=C1Nc1cc(Cl)c(O)c(Cl)c1,0.587526714,2.35591934,-7.9,-8.2,3.1786,348.0068475
CSc1nc(-c2ccc(F)cc2)c(-c2ccnc(Nc3ccc(NC(=O)c4ccc(N5CCOCC5)cc4)cc3)c2)[nH]1,0.173197461,2.62945827,-9.8,-10.4,6.8322,580.2056734
c1ccc(-c2ccc(CSc3nnc(-c4ccc5c(c4)OCO5)o3)cc2)cc1,0.425315534,2.104144358,-9.4,-8.9,5.4246,388.0881634
Clc1ccccc1Nc1cc(-c2ccccc2)nc(C2CCNCC2)n1,0.682979931,2.264904614,-9.4,-8.5,5.0076,364.1454744
O=C(Nc1n[nH]c2nc(-c3ccccc3)ccc12)C1CC1,0.773390379,2.158875398,-8.4,-7.4,2.9734,278.1167611
COCCN1CCC(CNC(=O)c2n[nH]c3ccc(-c4ccccc4)cc23)CC1,0.647153718,2.235827093,-8.8,-8.5,3.3181,392.2212261
c1ccc(-c2ccc(CSc3nnc(-c4ccc5c(c4)OCO5)o3)cc2)cc1,0.425315534,2.104144358,-9.4,-8.8,5.4246,388.0881634
O=C1NC(=O)C(c2ccccc2)=C1Nc1cc(Cl)c(O)c(Cl)c1,0.587526714,2.35591934,-7.9,-8.2,3.1786,348.0068475
c1ccc(-c2ccc(CSc3nnc(-c4ccc5c(c4)OCO5)o3)cc2)cc1,0.425315534,2.104144358,-9.4,-8.9,5.4246,388.0881634
O=C(Nc1n[nH]c2ccc(-c3ccccc3)cc12)C1CC1,0.768445346,1.963749043,-8.7,-8.4,3.5784,277.1215121
c1ccc(-c2ccc(CSc3nnc(-c4ccc5c(c4)OCCO5)o3)cc2)cc1,0.412852211,2.143259086,-9.4,-9,5.4671,402.1038134
c1ccc(-c2ccc(CSc3nnc(-c4ccc5c(c4)OCO5)o3)cc2)cc1,0.425315534,2.104144358,-9.4,-8.9,5.4246,388.0881634
Cc1ccc(Nc2ccc(Cl)c(Cl)c2)cc1-c1ccnc(Nc2ccccc2)n1,0.356487699,2.089172064,-9.7,-8.9,7.24602,420.0908519
c1ccc(-c2ccc(CSc3nnc(-c4ccc5c(c4)OCO5)o3)cc2)cc1,0.425315534,2.104144358,-9.4,-8.9,5.4246,388.0881634
COCCN1CCC(CNC(=O)c2n[nH]c3ccc(-c4ccccc4)cc23)CC1,0.647153718,2.235827093,-8.8,-8.6,3.3181,392.2212261
O=C(Nc1n[nH]c2ccc(-c3ccccc3)cc12)C1CC1,0.768445346,1.963749043,-8.8,-8.4,3.5784,277.1215121
c1ccc(-c2ccc(CSc3nnc(-c4ccc5c(c4)OCO5)o3)cc2)cc1,0.425315534,2.104144358,-9.4,-8.9,5.4246,388.0881634
N=C1NC(=O)C(=Cc2ccc(-c3ccc(Cl)cc3)o2)S1,0.830631159,2.659404864,-7.6,-7.7,3.73867,304.0073262
O=C(Nc1n[nH]c2ccc(-c3ccccc3)cc12)C1CC1,0.768445346,1.963749043,-8.6,-8.2,3.5784,277.1215121
O=C(CN1C(=O)Cc2ccccc2C1=O)Nc1scc(Br)c1-c1ncn[nH]1,0.599085652,2.830712975,-8.9,-8.4,2.4593,444.9844223
O=C(Nc1n[nH]c2ncc(-c3ccccc3)cc12)C1CC1,0.773390379,2.155164175,-8.5,-7.9,2.9734,278.1167611
COCCN1CCC(CNC(=O)c2n[nH]c3cc(-c4ccccc4)ccc23)CC1,0.647153718,2.240086822,-8.7,-8.4,3.3181,392.2212261
c1ccc(-c2ccc(CSc3nnc(-c4ccc5c(c4)OCO5)o3)cc2)cc1,0.425315534,2.104144358,-9.4,-8.9,5.4246,388.0881634
CSc1ccc(NC2=C(c3ccccc3)C(=O)NC2=O)cc1,0.673281968,2.198439841,-7.8,-7.8,2.8881,310.0775987
O=C(Nc1n[nH]c2ncc(-c3ccccc3)cc12)C1CC1,0.773390379,2.155164175,-8.5,-8,2.9734,278.1167611
O=C(Nc1cc(-c2ccnc(Nc3ccccc3)c2)ccn1)C1CC1,0.73426779,2.063729845,-8.6,-8.1,4.2357,330.1480612
c1ccc(-c2ccc(CSc3nnc(-c4ccc5c(c4)OCO5)o3)cc2)cc1,0.425315534,2.104144358,-9.4,-8.9,5.4246,388.0881634
c1cnn2ncc(-c3ccnc(Nc4ccc(-n5cnc(N6CCOCC6)n5)cc4)n3)c2c1,0.440078572,2.898664822,-9.9,-9.3,2.3472,440.1821553
O=C(Nc1n[nH]c2ncc(-c3ccccc3)cc12)C1CC1,0.773390379,2.155164175,-8.5,-8,2.9734,278.1167611
c1ccc(-c2ccc(CSc3nnc(-c4ccc5c(c4)OCO5)o3)cc2)cc1,0.425315534,2.104144358,-9.4,-8.9,5.4246,388.0881634
CS(=O)c1ccc(-c2coc3ccc(-c4ccccc4)cc23)cc1,0.495406386,2.610332139,-9.3,-8.8,5.5042,332.0871008
CS(=O)c1ccc(-c2coc3ccc(-c4ccccc4)cc23)cc1,0.495406386,2.610332139,-9.2,-8.8,5.5042,332.0871008
COCCN1CCC(CNC(=O)c2n[nH]c3ccc(-c4ccc(Cl)cc4)cc23)CC1,0.599300035,2.296246977,-8.9,-8.1,3.9715,426.1822538
Cn1cc(C2=C(c3cn(C)c4ccccc34)C(=O)NC2=O)c2ccccc21,0.561396223,2.41960808,-9,-8.3,3.2372,355.1320768
COc1ccc(CSc2nc(-c3ccc(F)cc3)c(-c3ccnc(NC(=O)C4CC4)c3)[nH]2)cc1,0.309646332,2.411569161,-10.3,-8.1,5.9272,474.1525752
c1ccc(-c2ccc(CSc3nnc(-c4ccc5c(c4)OCO5)o3)cc2)cc1,0.425315534,2.104144358,-9.4,-8.9,5.4246,388.0881634
O=C(Nc1n[nH]c2nc(-c3ccc(Cl)cc3)ccc12)C1CC1,0.775545072,2.223349731,-8.1,-7.5,3.6268,312.0777887
O=C(Nc1n[nH]c2ccc(-c3ccccc3)cc12)C1CC1,0.768445346,1.963749043,-8.7,-8.2,3.5784,277.1215121
c1ccc(-c2ccc(CSc3nnc(-c4ccc5c(c4)OCO5)o3)cc2)cc1,0.425315534,2.104144358,-9.4,-8.9,5.4246,388.0881634
CC(C)C(=O)NCCCn1cc(C2=C(c3cccc4ccccc34)C(=O)NC2=O)c2ccccc21,0.31101765,2.510269601,-9.8,-8.6,4.524,465.2052417
COc1ccc2[nH]nc(C(=O)NC3CCC(c4ccccc4)CC3)c2c1,0.747235472,2.121196089,-9.1,-8.7,4.0277,349.179027
O=C(Nc1n[nH]c2ncc(-c3ccccc3)cc12)C1CC1,0.773390379,2.155164175,-8.5,-7.9,2.9734,278.1167611
c1ccc(-c2ccc(CSc3nnc(-c4ccc5c(c4)OCO5)o3)cc2)cc1,0.425315534,2.104144358,-9.3,-8.9,5.4246,388.0881634
COCCN1CCC(CNC(=O)c2n[nH]c3ncc(-c4ccccc4)cc23)CC1,0.644898213,2.403186369,-8.8,-8.4,2.7131,393.2164751
O=C(Nc1n[nH]c2ccc(-c3ccccc3)cc12)C1CC1,0.768445346,1.963749043,-8.7,-8.2,3.5784,277.1215121
O=C1NC(=O)C(c2ccccc2)=C1Nc1cc(Cl)c(O)c(Cl)c1,0.587526714,2.35591934,-7.9,-8.2,3.1786,348.0068475
CSc1ccc(NC2=C(c3ccccc3)C(=O)NC2=O)cc1,0.673281968,2.198439841,-7.9,-7.7,2.8881,310.0775987
c1ccc(-c2ccc(CSc3nnc(-c4ccc5c(c4)OCO5)o3)cc2)cc1,0.425315534,2.104144358,-9.4,-8.9,5.4246,388.0881634
c1ccc(-c2ccc(CSc3nnc(-c4ccc5c(c4)OCCO5)o3)cc2)cc1,0.412852211,2.143259086,-9.4,-9,5.4671,402.1038134
NC(=O)c1ccccc1Nc1cc(Nc2ccc(N3CCOCC3)cc2)ccc1Cl,0.533203269,2.114316473,-9.4,-8.6,4.7627,422.1509537
COc1ccc2[nH]nc(C(=O)NCC3CCN(Cc4ccccc4)CC3)c2c1,0.690995807,2.115609608,-9.2,-8.5,3.2135,378.2055761
NCCCn1cc(C2=C(c3coc4ccccc34)C(=O)NC2=O)c2ccccc21,0.515904878,2.594129757,-9,-8.3,3.3035,385.1426415
C[S+]([O-])c1ccc(-c2occ3ccc(-c4ccc(S(N)(=O)=O)cc4)cc23)cc1,0.510236535,3.353764364,-9.8,-9.3,4.1516,411.0599
O=C(Nc1n[nH]c2ccc(-c3ccccc3)cc12)C1CC1,0.768445346,1.963749043,-8.7,-8.3,3.5784,277.1215121
c1ccc(-c2ccc(CSc3nnc(-c4ccc5c(c4)OCO5)o3)cc2)cc1,0.425315534,2.104144358,-9.4,-8.9,5.4246,388.0881634
CN1CCN(c2nc(-c3ccncc3)cc(=O)n2C)CC1,0.808334328,2.25622362,-7.3,-7.6,0.5941,285.1589602
c1ccc(-c2ccc(CSc3nnc(-c4ccc5c(c4)OCO5)o3)cc2)cc1,0.425315534,2.104144358,-9.3,-8.9,5.4246,388.0881634
N=C1NC(=O)C(=Cc2ccc(-c3ccc(S(N)(=O)=O)cc3)o2)S1,0.727500958,2.751821985,-8.3,-7.8,1.73267,349.0190978
NCCCn1cc(C2=C(c3coc4ccccc34)C(=O)NC2=O)c2ccccc21,0.515904878,2.594129757,-9,-8.3,3.3035,385.1426415
c1ccc(-c2ccc(CSc3nnc(-c4ccc5c(c4)OCO5)o3)cc2)cc1,0.425315534,2.104144358,-9.4,-8.9,5.4246,388.0881634
CSc1ccc(NC2=C(c3ccccc3)C(=O)NC2=O)cc1,0.673281968,2.198439841,-7.9,-7.7,2.8881,310.0775987
c1ccc(-c2ccc(CSc3nnc(-c4ccc5c(c4)OCO5)o3)cc2)cc1,0.425315534,2.104144358,-9.4,-8.9,5.4246,388.0881634
CSc1nc(-c2ccccc2)c(-c2ccnc(NC(=O)C3CC3)c2)[nH]1,0.676359731,2.332860852,-8.5,-7.5,4.2091,350.1201322
CCCC(=O)Nc1n[nH]c2ncc(-c3ccccc3)cc12,0.769418044,2.158598475,-8.1,-7.7,3.3635,280.1324111
O=C(NCCc1ccccc1)c1ccc(O)c2[nH]c(-c3ccc(F)cc3)nc12,0.492469209,2.130310109,-9.6,-8.7,4.0471,375.138305
CCCC(=O)Nc1n[nH]c2ncc(-c3ccccc3)cc12,0.769418044,2.158598475,-8.1,-7.7,3.3635,280.1324111
COCCN1CCC(CNC(=O)c2n[nH]c3ccc(-c4ccccc4)cc23)CC1,0.647153718,2.235827093,-8.7,-8.6,3.3181,392.2212261
O=C(Nc1n[nH]c2nc(-c3ccccc3)ccc12)C1CC1,0.773390379,2.158875398,-8.4,-7.5,2.9734,278.1167611
O=C1Nc2ccccc2C1=C1Nc2ccccc2N1,0.629190823,2.292274768,-8.6,-8.2,2.8449,249.090212
c1ccc(-c2ccc(CSc3nnc(-c4ccc5c(c4)OCO5)o3)cc2)cc1,0.425315534,2.104144358,-9.4,-8.9,5.4246,388.0881634
CN(C)CCCn1cc(C2=C(c3cn(C)c4ccccc34)C(=O)NC2=O)c2ccccc21,0.478990335,2.579171886,-9,-8.1,3.6519,426.2055761
COCCN1CCC(CNC(=O)c2n[nH]c3cc(-c4ccccc4)ccc23)CC1,0.647153718,2.240086822,-8.6,-8.4,3.3181,392.2212261
c1ccc(-c2ccc(CSc3nnc(-c4ccc5c(c4)OCCO5)o3)cc2)cc1,0.412852211,2.143259086,-9.4,-9,5.4671,402.1038134
O=C(Nc1n[nH]c2ccc(-c3ccccc3)cc12)C1CC1,0.768445346,1.963749043,-8.9,-8.3,3.5784,277.1215121
c1ccc(-c2ccc(CSc3nnc(-c4ccc5c(c4)OCO5)o3)cc2)cc1,0.425315534,2.104144358,-9.4,-8.9,5.4246,388.0881634
Cn1cc(C2=C(c3cn(CCCN4CCOCC4)c4ccccc34)C(=O)NC2=O)c2ccccc21,0.440541409,2.644305013,-9.7,-9,3.4225,468.2161408
c1ccc(Nc2nccc(-c3cnn4ncccc34)n2)cc1,0.627484971,2.364224756,-8.2,-8.3,2.9299,288.1123444
COc1cccc(-n2ncc3c(N=NCc4ccc(C(=O)Nc5ccccc5)cc4)ncnc32)c1,0.327067208,2.646214137,-9.6,-9.7,5.3603,463.1756729
Cn1cc(C2=C(c3cn(CCCN4CCOCC4)c4ccccc34)C(=O)NC2=O)c2ccccc21,0.440541409,2.644305013,-9.5,-8.3,3.4225,468.2161408
O=C(Nc1n[nH]c2ncc(-c3ccccc3)cc12)C1CC1,0.773390379,2.155164175,-8.4,-7.9,2.9734,278.1167611
c1ccc(-c2ccc(CSc3nnc(-c4ccc5c(c4)OCO5)o3)cc2)cc1,0.425315534,2.104144358,-9.4,-8.9,5.4246,388.0881634
NCCCn1cc(C2=C(c3coc4ccccc34)C(=O)NC2=O)c2ccccc21,0.515904878,2.594129757,-9,-8.3,3.3035,385.1426415
Clc1ccccc1Nc1cccc(-c2ccnc(Nc3ccc(N4CCOCC4)cc3)n2)c1,0.363365542,2.217250936,-9.5,-9.8,6.1208,457.1669381
COCCN1CCC(CNC(=O)c2n[nH]c3ccc(-c4ccccc4)cc23)CC1,0.647153718,2.235827093,-8.8,-8.6,3.3181,392.2212261
O=C(Nc1n[nH]c2ccc(-c3ccccn3)cc12)C1CC1,0.773390379,2.163185865,-8.6,-7.6,2.9734,278.1167611
COCCN1CCC(CNC(=O)c2n[nH]c3ccc(-c4ccccc4)cc23)CC1,0.647153718,2.235827093,-8.8,-8.5,3.3181,392.2212261
c1ccc(-c2ccc(CSc3nnc(-c4ccc5c(c4)OCO5)o3)cc2)cc1,0.425315534,2.104144358,-9.4,-8.9,5.4246,388.0881634
O=C(Nc1n[nH]c2ccc(-c3ccccc3)cc12)C1CC1,0.768445346,1.963749043,-8.7,-8.2,3.5784,277.1215121
O=C1NC(=O)C(c2ccccc2)=C1Nc1cccc(Cl)c1,0.856775357,2.080552851,-8,-8,2.8196,298.0509053
c1ccc(-c2ccc(CSc3nnc(-c4ccc5c(c4)OCCO5)o3)cc2)cc1,0.412852211,2.143259086,-9.4,-9.1,5.4671,402.1038134
c1ccc(-c2ccc(CSc3nnc(-c4ccc5c(c4)OCO5)o3)cc2)cc1,0.425315534,2.104144358,-9.4,-8.9,5.4246,388.0881634
COCCN1CCC(CNC(=O)c2n[nH]c3ccc(-c4ccccc4)cc23)CC1,0.647153718,2.235827093,-8.8,-8.6,3.3181,392.2212261
NC(=O)c1ccccc1Nc1cc(Nc2ccc(N3CCOCC3)cc2)ccc1Cl,0.533203269,2.114316473,-9.1,-8.6,4.7627,422.1509537
c1ccc(-c2ccc(CSc3nnc(-c4ccc5c(c4)OCO5)o3)cc2)cc1,0.425315534,2.104144358,-9.4,-8.9,5.4246,388.0881634
O=C(CN1C(=O)CCc2ccccc21)Nc1scc(Br)c1-c1ncn[nH]1,0.662646379,2.770169182,-9.1,-8.4,3.2136,431.0051578
O=C1NC(=O)C(c2cn(CCCN3CCOCC3)c3ccccc23)=C1c1ccccc1,0.629090111,2.407668877,-9.2,-7.6,2.9308,415.1895917
O=C(Nc1ccccc1)c1ccc(O)c2[nH]c(-c3ccc(F)cc3)nc12,0.516162362,2.05334272,-9.5,-8.5,4.3269,347.1070049
O=C(Nc1n[nH]c2ccc(-c3ccccn3)cc12)C1CC1,0.773390379,2.163185865,-8.5,-8,2.9734,278.1167611
c1ccc(-c2ccc(CSc3nnc(-c4ccc5c(c4)OCO5)o3)cc2)cc1,0.425315534,2.104144358,-9.4,-8.9,5.4246,388.0881634
COCCN1CCC(CNC(=O)c2n[nH]c3cc(-c4ccccc4)ccc23)CC1,0.647153718,2.240086822,-8.4,-8.3,3.3181,392.2212261
CSc1ccc(NC2=C(c3ccccc3)C(=O)NC2=O)cc1,0.673281968,2.198439841,-7.7,-7.7,2.8881,310.0775987
O=C(NCC1CCN(Cc2ccc(C(=O)O)o2)CC1)c1ccc(Nc2nccc(-c3ccccc3)n2)cc1,0.292523032,2.428101871,-10.6,-9.7,4.8204,511.2219544
c1ccc(-c2ccc(CSc3nnc(-c4ccc5c(c4)OCO5)o3)cc2)cc1,0.425315534,2.104144358,-9.4,-8.9,5.4246,388.0881634
Cn1cc(C2=C(c3cn(CCCN4CCOCC4)c4ccccc34)C(=O)NC2=O)c2ccccc21,0.440541409,2.644305013,-9.5,-8.3,3.4225,468.2161408
Cn1cc(C2=C(c3cn(CCCN4CCOCC4)c4ccccc34)C(=O)NC2=O)c2ccccc21,0.440541409,2.644305013,-9.5,-8.6,3.4225,468.2161408
c1ccc(-c2ccc(CSc3nnc(-c4ccc5c(c4)OCO5)o3)cc2)cc1,0.425315534,2.104144358,-9.4,-8.9,5.4246,388.0881634
Cn1cc(C2=C(c3cn(C)c4ccc(Cl)cc34)C(=O)NC2=O)c2ccccc21,0.528652014,2.51371699,-9.1,-8.7,3.8906,389.0931044
O=C1Nc2ccccc2NC1=C1C(=O)Nc2ccccc21,0.647589488,2.360171237,-9.4,-9.3,2.414,277.0851266
CSc1ccc(NC2=C(c3ccccc3)C(=O)NC2=O)cc1,0.673281968,2.198439841,-7.8,-7.8,2.8881,310.0775987
COCCN1CCC(CNC(=O)c2n[nH]c3cc(-c4ccccc4)ccc23)CC1,0.647153718,2.240086822,-8.7,-8.4,3.3181,392.2212261
CN(C)CCNC(=O)c1ccc(-c2ccc3occ(-c4ccc([S+](C)[O-])cc4)c3c2)cc1,0.414367891,3.171844019,-9.3,-8.7,4.7956,446.1664137
COCCN1CCC(CNC(=O)c2n[nH]c3ccc(-c4ccccc4)cc23)CC1,0.647153718,2.235827093,-8.8,-8.7,3.3181,392.2212261
CSc1ccc(NC2=C(c3ccccc3)C(=O)NC2=O)cc1,0.673281968,2.198439841,-7.8,-7.7,2.8881,310.0775987
Cn1cc(C2=C(c3cn(C)c4ccccc34)C(=O)NC2=O)c2ccccc21,0.561396223,2.41960808,-9,-8.3,3.2372,355.1320768
Cn1cc(C2=C(c3ccccc3)C(=O)NC2=O)c2ccccc21,0.74005506,2.152761451,-8.5,-8.3,2.7455,302.1055277
CSc1ccc(NC2=C(c3ccc(Cl)cc3)C(=O)NC2=O)cc1,0.657625785,2.261784033,-7.7,-7.5,3.5415,344.0386263
CC(=O)Nc1cc(-c2c(-c3ccccc3)nc(SC=CC(=O)O)n2CC(=O)O)ccn1,0.360013943,2.806402377,-8.2,-8.1,3.3455,438.0997907
O=C(CN1C(=O)Cc2ccccc2C1=O)Nc1scc(Br)c1-c1ncn[nH]1,0.599085652,2.830712975,-9,-8.2,2.4593,444.9844223
Clc1ccc(Nc2nccc(-c3cnn4ncccc34)n2)cc1Cl,0.594122222,2.508098079,-8.7,-8.3,4.2367,356.0343997
O=C1Nc2ccccc2C1=C1Nc2ccccc2N1,0.629190823,2.292274768,-8.6,-8.2,2.8449,249.090212
Cn1cc(C2=C(c3cn(CCCN4CCOCC4)c4ccccc34)C(=O)NC2=O)c2ccccc21,0.440541409,2.644305013,-9.6,-8.3,3.4225,468.2161408
O=C1NC(=O)C(c2ccccc2)=C1Nc1cc(Cl)c(O)c(Cl)c1,0.587526714,2.35591934,-7.9,-8.3,3.1786,348.0068475
Cn1cc(C2=C(c3cn(CCCN4CCOCC4)c4ccccc34)C(=O)NC2=O)c2ccccc21,0.440541409,2.644305013,-9.6,-8.3,3.4225,468.2161408
O=C(NCCc1ccccc1)c1ccc(O)c2[nH]c(-c3ccc(F)cc3)nc12,0.492469209,2.130310109,-9.6,-8.8,4.0471,375.138305
Cn1cc(C2=C(c3cn(CCCN4CCOCC4)c4ccccc34)C(=O)NC2=O)c2ccccc21,0.440541409,2.644305013,-9.5,-8.3,3.4225,468.2161408
COCCN1CCC(CNC(=O)c2n[nH]c3ccc(-c4ccc(Cl)cc4)cc23)CC1,0.599300035,2.296246977,-8.9,-8.2,3.9715,426.1822538
O=C(Nc1n[nH]c2ncc(-c3ccccc3)cc12)C1CC1,0.773390379,2.155164175,-8.4,-7.9,2.9734,278.1167611
COCCN1CCC(CNC(=O)c2n[nH]c3ccc(-c4ccccc4)cc23)CC1,0.647153718,2.235827093,-8.7,-8.7,3.3181,392.2212261
CN(C)CCCn1cc(C2=C(c3cn(C)c4ccccc34)C(=O)NC2=O)c2ccccc21,0.478990335,2.579171886,-8.9,-8.1,3.6519,426.2055761
c1ccc(-c2ccc(CSc3nnc(-c4ccc5c(c4)OCCO5)o3)cc2)cc1,0.412852211,2.143259086,-9.4,-9.1,5.4671,402.1038134
O=C(Nc1n[nH]c2ccc(-c3ccccc3)cc12)C1CC1,0.768445346,1.963749043,-8.9,-8.4,3.5784,277.1215121
c1ccc(-c2ccc(CSc3nnc(-c4ccc5c(c4)OCO5)o3)cc2)cc1,0.425315534,2.104144358,-9.4,-8.9,5.4246,388.0881634
c1ccc(-c2ccc(CSc3nnc(-c4ccc5c(c4)OCO5)o3)cc2)cc1,0.425315534,2.104144358,-9.4,-8.9,5.4246,388.0881634
c1ccc(-c2ccc(CSc3nnc(-c4ccc5c(c4)OCO5)o3)cc2)cc1,0.425315534,2.104144358,-9.4,-8.9,5.4246,388.0881634
O=C1Nc2ccccc2C1=C1C(=O)Nc2ccc(Br)cc21,0.722895845,2.300300544,-9.1,-8.9,3.2641,339.9847396
Cn1cc(C2=C(c3cn(CCCN4CCOCC4)c4ccccc34)C(=O)NC2=O)c2ccccc21,0.440541409,2.644305013,-9.6,-8.3,3.4225,468.2161408
c1ccc(-c2ccc(CSc3nnc(-c4ccc5c(c4)OCO5)o3)cc2)cc1,0.425315534,2.104144358,-9.4,-8.9,5.4246,388.0881634
O=C(Nc1n[nH]c2cc(-c3ccccn3)ccc12)C1CC1,0.773390379,2.175331893,-8.5,-7.5,2.9734,278.1167611
O=C1NC(=O)C(c2ccccc2)=C1Nc1cc(Cl)c(O)c(Cl)c1,0.587526714,2.35591934,-7.9,-8.2,3.1786,348.0068475
CSc1ccc(NC2=C(c3ccccc3)C(=O)NC2=O)cc1,0.673281968,2.198439841,-7.7,-7.8,2.8881,310.0775987
Cn1c(N2CCNC(c3ccc(F)cc3)C2)nc(-c2ccccc2)cc1=O,0.776466779,2.767418382,-9.7,-8.8,2.7373,364.1699395
c1ccc(-c2ccc(CSc3nnc(-c4ccc5c(c4)OCO5)o3)cc2)cc1,0.425315534,2.104144358,-9.4,-8.9,5.4246,388.0881634
c1ccc(-c2ccc(CSc3nnc(-c4ccc5c(c4)OCO5)o3)cc2)cc1,0.425315534,2.104144358,-9.4,-8.9,5.4246,388.0881634
c1ccc(-c2ccc(CSc3nnc(-c4ccc5c(c4)OCO5)o3)cc2)cc1,0.425315534,2.104144358,-9.4,-8.9,5.4246,388.0881634
CN(C)CCCn1nc(C2=C(c3cn(CCCN4CCOCC4)c4ccccc34)C(=O)NC2=O)c2ccccc21,0.311147934,2.87007121,-9.2,-8.2,3.2322,540.284889
COCCN1CCC(CNC(=O)c2n[nH]c3ccc(-c4ccccc4)cc23)CC1,0.647153718,2.235827093,-8.8,-8.6,3.3181,392.2212261
O=C(Nc1ccc(Nc2nccc(-c3cnn4ncccc34)n2)cc1)c1ccc(N2CCOCC2)cc1,0.365867134,2.585554287,-9.8,-10.3,4.0188,492.202222
O=C(CN1C(=O)Cc2ccccc2C1=O)Nc1scc(Br)c1-c1ncn[nH]1,0.599085652,2.830712975,-8.8,-8.7,2.4593,444.9844223
COCCN1CCC(CNC(=O)c2n[nH]c3cc(-c4ccc(Cl)cc4)ccc23)CC1,0.599300035,2.300408781,-8.7,-8.4,3.9715,426.1822538
c1ccc(-c2ccc(CSc3nnc(-c4ccc5c(c4)OCCO5)o3)cc2)cc1,0.412852211,2.143259086,-9.5,-8.4,5.4671,402.1038134
COCCN1CCC(CNC(=O)c2n[nH]c3ccc(-c4ccccc4)cc23)CC1,0.647153718,2.235827093,-8.8,-8.7,3.3181,392.2212261
c1ccc(-c2ccc(CSc3nnc(-c4ccc5c(c4)OCCO5)o3)cc2)cc1,0.412852211,2.143259086,-9.4,-9.1,5.4671,402.1038134
CSc1nc(-c2ccc(F)cc2)c(C2=CC=NC(Nc3ccc(NC(=O)c4ccc(NC(=O)C=CCN(C)C)cc4)cc3)=NC=C2)n1C,0.128545533,3.423644774,-9.1,-9,6.7063,662.2587716
c1ccc(-c2ccc(CSc3nnc(-c4ccc5c(c4)OCO5)o3)cc2)cc1,0.425315534,2.104144358,-9.4,-8.9,5.4246,388.0881634
c1ccc(-c2ccc(CSc3nnc(-c4ccc5c(c4)OCO5)o3)cc2)cc1,0.425315534,2.104144358,-9.4,-8.9,5.4246,388.0881634
N=C1NC(=O)C(=Cc2ccc(-c3ccc(Cl)cc3)o2)S1,0.830631159,2.659404864,-7.5,-7.7,3.73867,304.0073262
CCCC(=O)Nc1n[nH]c2ccc(-c3ccccn3)cc12,0.769418044,2.166620165,-8,-7.6,3.3635,280.1324111
c1ccc(-c2ccc(CSc3nnc(-c4ccc5c(c4)OCCO5)o3)cc2)cc1,0.412852211,2.143259086,-9.4,-9.1,5.4671,402.1038134
c1ccc(-c2ccc(CSc3nnc(-c4ccc5c(c4)OCO5)o3)cc2)cc1,0.425315534,2.104144358,-9.4,-8.8,5.4246,388.0881634
c1ccc(-c2ccc(CSc3nnc(-c4ccc5c(c4)OCO5)o3)cc2)cc1,0.425315534,2.104144358,-9.4,-8.9,5.4246,388.0881634
O=C(Nc1n[nH]c2nc(-c3ccccc3)ccc12)C1CC1,0.773390379,2.158875398,-8.4,-7.5,2.9734,278.1167611
c1ccc(-c2ccc(CSc3nnc(-c4ccc5c(c4)OCCO5)o3)cc2)cc1,0.412852211,2.143259086,-9.4,-9.2,5.4671,402.1038134
O=C(Nc1n[nH]c2ncc(-c3ccccc3)cc12)C1CC1,0.773390379,2.155164175,-8.5,-7.9,2.9734,278.1167611
c1ccc(-c2ccc(CSc3nnc(-c4ccc5c(c4)OCO5)o3)cc2)cc1,0.425315534,2.104144358,-9.4,-8.9,5.4246,388.0881634
COCCN1CCC(CNC(=O)c2n[nH]c3ccc(-c4ccccc4)cc23)CC1,0.647153718,2.235827093,-8.8,-8.7,3.3181,392.2212261
COCCN1CCC(CNC(=O)c2n[nH]c3cc(-c4ccccc4)ccc23)CC1,0.647153718,2.240086822,-8.7,-8.3,3.3181,392.2212261
CSc1ccc(NC2=C(c3ccccc3)C(=O)NC2=O)cc1,0.673281968,2.198439841,-7.8,-7.7,2.8881,310.0775987
O=C(Nc1n[nH]c2ccc(-c3ccccc3)cc12)C1CC1,0.768445346,1.963749043,-8.8,-8.4,3.5784,277.1215121
c1ccc(-c2ccc(CSc3nnc(-c4ccc5c(c4)OCO5)o3)cc2)cc1,0.425315534,2.104144358,-9.4,-8.9,5.4246,388.0881634
COc1ccc(CSc2nc(-c3ccc(Cl)cc3)c(-c3ccnc(NC(=O)C4CC4)c3)[nH]2)cc1,0.277625016,2.407921124,-10.4,-8.3,6.4415,490.1230247
O=C1NC(=O)C(c2ccccc2)=C1Nc1cc(Cl)c(O)c(Cl)c1,0.587526714,2.35591934,-7.9,-8.2,3.1786,348.0068475
O=C(O)c1ccc(-c2n[nH]c3ccc(-c4ccccc4)cc23)cc1,0.580767804,1.86403632,-9.2,-8.8,4.5951,314.1055277
O=C(Nc1n[nH]c2ccc(-c3ccccc3)cc12)C1CC1,0.768445346,1.963749043,-8.8,-8.1,3.5784,277.1215121
COc1ccc2[nH]nc(C(=O)NCC3CCN(Cc4ccccc4)CC3)c2c1,0.690995807,2.115609608,-9.4,-8.5,3.2135,378.2055761
O=C(O)c1ccc(-c2n[nH]c3ccc(-c4ccc(C(=O)NCCN5CCOCC5)cc4)cc23)cc1,0.380581515,2.291414063,-9.8,-8.1,3.6571,470.1954053
O=C(O)CN1CCC(CNC(=O)c2n[nH]c3ccc(-c4ccccc4)cc23)CC1,0.599180564,2.23850613,-9.3,-8.9,2.7563,392.1848406
COc1ccc2c(-c3ccnc(Nc4ccccc4)c3)c(-c3ccc(F)cc3)nn2n1,0.422379442,2.491392461,-9.6,-9.3,5.3496,411.1495384
O=C(Nc1n[nH]c2ccc(-c3ccccc3)cc12)C1CC1,0.768445346,1.963749043,-8.7,-8.2,3.5784,277.1215121
COCCN1CCC(CNC(=O)c2n[nH]c3ccc(-c4ccc(Cl)c(Cl)c4)cc23)CC1,0.538721417,2.39481105,-9.1,-8.1,4.6249,460.1432814
N=C1NC(=O)C(=C2C(=O)CCc3ccccc32)N1,0.580571605,3.028308639,-8,-8.7,0.56717,241.0851266
O=C(Nc1n[nH]c2ccc(-c3ccccc3)cc12)C1CC1,0.768445346,1.963749043,-8.7,-8.2,3.5784,277.1215121
c1ccc(-c2ccc(CSc3nnc(-c4ccc5c(c4)OCO5)o3)cc2)cc1,0.425315534,2.104144358,-9.4,-8.9,5.4246,388.0881634
c1ccc(-c2ccc(CSc3nnc(-c4ccc5c(c4)OCO5)o3)cc2)cc1,0.425315534,2.104144358,-9.4,-8.9,5.4246,388.0881634
O=C(Nc1n[nH]c2ncc(-c3ccccc3)cc12)C1CC1,0.773390379,2.155164175,-8.5,-8,2.9734,278.1167611
COCCN1CCC(CNC(=O)c2n[nH]c3ccc(-c4ccccc4)cc23)CC1,0.647153718,2.235827093,-8.8,-8.6,3.3181,392.2212261
c1ccc(-c2ccc(CSc3nnc(-c4ccc5c(c4)OCCO5)o3)cc2)cc1,0.412852211,2.143259086,-9.4,-8.4,5.4671,402.1038134
c1ccc(-c2ccc(CSc3nnc(-c4ccc5c(c4)OCCO5)o3)cc2)cc1,0.412852211,2.143259086,-9.4,-9,5.4671,402.1038134
Cn1c(N2CCNC(c3ccc(F)cc3)C2)nc(-c2ccccc2)cc1=O,0.776466779,2.767418382,-9.7,-8.8,2.7373,364.1699395
COc1ccc(C(=O)Nc2cncc(C(=O)NCC3CCN(Cc4ccc(C(=O)O)o4)CC3)c2)cc1,0.414389128,2.397512599,-9.7,-9,3.2757,492.2008846
O=C(CN1C(=O)CCc2ccccc21)Nc1scc(Br)c1-c1ncn[nH]1,0.662646379,2.770169182,-9,-8.2,3.2136,431.0051578
COCCN1CCC(CNC(=O)c2n[nH]c3ccc(-c4ccccc4)cc23)CC1,0.647153718,2.235827093,-8.8,-8.6,3.3181,392.2212261
c1ccc(Nc2nccc(-c3cnn4ncccc34)n2)cc1,0.627484971,2.364224756,-8.2,-8.1,2.9299,288.1123444
c1ccc(-c2ccc(CSc3nnc(-c4ccc5c(c4)OCCO5)o3)cc2)cc1,0.412852211,2.143259086,-9.4,-9.1,5.4671,402.1038134
N#Cc1ccc(-c2ccc(CSc3nnc(-c4ccc5c(c4)OCO5)o3)cc2)cc1,0.410876371,2.293696678,-9.5,-9.5,5.29628,413.0834123
COCCN1CCC(CNC(=O)c2n[nH]c3cc(-c4ccc(Cl)cc4)ccc23)CC1,0.599300035,2.300408781,-8.9,-8.3,3.9715,426.1822538
c1ccc(-c2ccc(CSc3nnc(-c4ccc5c(c4)OCCO5)o3)cc2)cc1,0.412852211,2.143259086,-9.4,-8.5,5.4671,402.1038134
CCCC(=O)Nc1n[nH]c2ncc(-c3ccccc3)cc12,0.769418044,2.158598475,-8.1,-7.7,3.3635,280.1324111
CCCC(=O)Nc1n[nH]c2ncc(-c3ccccc3)cc12,0.769418044,2.158598475,-8.1,-7.7,3.3635,280.1324111
CCCC(=O)Nc1n[nH]c2ncc(-c3ccc(OC)cc3)cc12,0.756891144,2.196743969,-8.1,-7.9,3.3721,310.1429758
c1ccc(-c2ccc(CSc3nnc(-c4ccc5c(c4)OCO5)o3)cc2)cc1,0.425315534,2.104144358,-9.4,-8.9,5.4246,388.0881634
Clc1ccc(Nc2ccc(N3CCOCC3)cc2)nc1Nc1ccccc1,0.647579015,2.077859423,-8.9,-8.2,5.0588,380.140389
c1ccc(-c2ccc(CSc3nnc(-c4ccc5c(c4)OCCO5)o3)cc2)cc1,0.412852211,2.143259086,-9.4,-9.2,5.4671,402.1038134
N=C1NC(=O)C(=Cc2ccc(-c3ccc(Cl)cc3)o2)S1,0.830631159,2.659404864,-7.6,-7.7,3.73867,304.0073262
c1ccc(-c2ccc(CSc3nnc(-c4ccc5c(c4)OCO5)o3)cc2)cc1,0.425315534,2.104144358,-9.4,-8.8,5.4246,388.0881634
c1ccc(-c2ccc(CSc3nnc(-c4ccc5c(c4)OCO5)o3)cc2)cc1,0.425315534,2.104144358,-9.4,-8.9,5.4246,388.0881634
c1ccc(-c2ccc(CSc3nnc(-c4ccc5c(c4)OCCO5)o3)cc2)cc1,0.412852211,2.143259086,-9.4,-9.2,5.4671,402.1038134
Cn1c(N2CCNC(c3ccc(F)cc3)C2)nc(-c2ccncn2)cc1=O,0.75764903,3.089091163,-9.4,-8.3,1.5273,366.1604374
COc1ccc2[nH]nc(C(=O)NCC3CCN(Cc4ccc(C(=O)O)o4)CC3)c2c1,0.545137194,2.458462942,-9.1,-8.4,2.5047,412.1746699
Clc1ccccc1Nc1cccc(-c2ccnc(Nc3ccc(N4CCOCC4)cc3)n2)c1,0.363365542,2.217250936,-9.5,-9.6,6.1208,457.1669381
N=C1NC(=O)C(=C2C(=O)Nc3ccccc32)N1,0.470808753,2.99276562,-7.7,-7.6,0.00397,228.0647255
O=C1NC(=O)C(c2ccccc2)=C1Nc1cc(Cl)c(O)c(Cl)c1,0.587526714,2.35591934,-7.9,-8.2,3.1786,348.0068475
O=C1Nc2ccccc2C1=C1C(=O)Nc2ccccc21,0.716573186,2.137168315,-8.9,-9.1,2.5016,262.0742276
c1ccc(-c2ccc(CSc3nnc(-c4ccc5c(c4)OCO5)o3)cc2)cc1,0.425315534,2.104144358,-9.4,-8.9,5.4246,388.0881634
O=C(NC1CCN(Cc2ccccc2)CC1)c1n[nH]c2ccc(-c3ccccc3Cl)cc12,0.4400394,2.194817062,-10,-9.7,5.2777,444.1716891
c1ccc(-c2ccc(CSc3nnc(-c4ccc5c(c4)OCO5)o3)cc2)cc1,0.425315534,2.104144358,-9.4,-8.9,5.4246,388.0881634
COCCN1CCC(CNC(=O)c2n[nH]c3ccc(-c4ccccc4)cc23)CC1,0.647153718,2.235827093,-8.8,-8.6,3.3181,392.2212261
O=C(Nc1n[nH]c2ncc(-c3ccccc3)cc12)C1CC1,0.773390379,2.155164175,-8.5,-7.9,2.9734,278.1167611
CS(=O)(=O)Nc1ccc(CCNC(=O)c2ccnc3cc(-c4ccccc4)[nH]c23)cc1,0.413558828,2.346677774,-9.3,-8.7,3.5739,434.1412616
CSc1nc(-c2ccc(F)cc2)c(-c2ccnc(NC3CCCC3)c2)[nH]1,0.595830443,2.449623214,-8.9,-7.9,5.3542,368.1470959
CCCC(=O)Nc1n[nH]c2ncc(-c3ccccc3)cc12,0.769418044,2.158598475,-8.1,-7.7,3.3635,280.1324111
O=C1NC(=O)C(c2ccccc2)=C1Nc1cc(Cl)c(O)c(Cl)c1,0.587526714,2.35591934,-7.9,-8.2,3.1786,348.0068475
O=C(Nc1n[nH]c2ccc(-c3ccccc3)cc12)C1CC1,0.768445346,1.963749043,-8.8,-8.4,3.5784,277.1215121
c1ccc(-c2ccc(CSc3nnc(-c4ccc5c(c4)OCCO5)o3)cc2)cc1,0.412852211,2.143259086,-9.4,-9.1,5.4671,402.1038134
NCCCn1cc(C2=C(c3coc4ccccc34)C(=O)NC2=O)c2ccccc21,0.515904878,2.594129757,-9,-8.3,3.3035,385.1426415
N#Cc1ccc(-c2ccc(CSc3nnc(-c4ccc5c(c4)OCO5)o3)cc2)cc1,0.410876371,2.293696678,-8.9,-9.5,5.29628,413.0834123
c1ccc(-c2ccc(CSc3nnc(-c4ccc5c(c4)OCO5)o3)cc2)cc1,0.425315534,2.104144358,-9.4,-8.9,5.4246,388.0881634
O=C(NCC1CCN(Cc2ccc(C(=O)O)o2)CC1)c1cccc(-n2ncc3cc(Nc4ccccc4Cl)ccc32)c1,0.185099221,2.676219885,-10.2,-10,6.3557,583.1986321
COCCN1CCC(CNC(=O)c2n[nH]c3ccc(-c4ccccc4)cc23)CC1,0.647153718,2.235827093,-8.8,-8.7,3.3181,392.2212261
O=C1NC(=O)C(c2ccccc2)=C1Nc1ccc(Cl)c(C(=O)O)c1,0.741971604,2.194481484,-9.1,-8.6,2.5178,342.0407345
O=C(Nc1n[nH]c2cc(-c3ccccc3)ccc12)C1CC1,0.768445346,1.975895071,-8.4,-7.7,3.5784,277.1215121
COCCN1CCC(CNC(=O)c2n[nH]c3ccc(-c4ccccc4)cc23)CC1,0.647153718,2.235827093,-8.8,-8.7,3.3181,392.2212261
C[S+]([O-])c1ccc(-c2coc3ccc(-c4ccccc4)cc23)cc1,0.464146294,3.016714776,-9.3,-8.9,5.5042,332.0871008
Cn1cc(C2=C(c3cn(CCCN4CCOCC4)c4ccccc34)C(=O)NC2=O)c2cc(Br)ccc21,0.368104281,2.757803559,-9.7,-8.8,4.185,546.1266528
O=C(Nc1n[nH]c2nc(-c3ccccc3)ccc12)C1CC1,0.773390379,2.158875398,-8.4,-7.6,2.9734,278.1167611
c1ccc(-c2ccc(CSc3nnc(-c4ccc5c(c4)OCO5)o3)cc2)cc1,0.425315534,2.104144358,-9.4,-8.5,5.4246,388.0881634
c1ccc(-c2ccc(CSc3nnc(-c4ccc5c(c4)OCO5)o3)cc2)cc1,0.425315534,2.104144358,-9.4,-8.9,5.4246,388.0881634
NCCCn1cc(C2=C(c3coc4ccccc34)C(=O)NC2=O)c2ccccc21,0.515904878,2.594129757,-9.1,-8.4,3.3035,385.1426415
CSc1ccc(NC2=C(c3ccccc3)C(=O)NC2=O)cc1,0.673281968,2.198439841,-7.8,-7.8,2.8881,310.0775987
O=C(Nc1n[nH]c2ncc(-c3ccccc3)cc12)C1CC1,0.773390379,2.155164175,-8.5,-7.9,2.9734,278.1167611
c1ccc(-c2ccc(CSc3nnc(-c4ccc5c(c4)OCO5)o3)cc2)cc1,0.425315534,2.104144358,-9.4,-8.9,5.4246,388.0881634
c1ccc(-c2ccc(CSc3nnc(-c4ccc5c(c4)OCO5)o3)cc2)cc1,0.425315534,2.104144358,-9.4,-8.8,5.4246,388.0881634
c1ccc(-c2ccc(CSc3nnc(-c4ccc5c(c4)OCO5)o3)cc2)cc1,0.425315534,2.104144358,-9.4,-8.9,5.4246,388.0881634
O=C(Nc1n[nH]c2ccc(-c3ccccc3)cc12)C1CC1,0.768445346,1.963749043,-8.7,-8.2,3.5784,277.1215121
c1ccc(-c2ccc(CSc3nnc(-c4ccc5c(c4)OCO5)o3)cc2)cc1,0.425315534,2.104144358,-9.4,-8.8,5.4246,388.0881634
O=C(NCC1CCN(CCc2ccccc2)CC1)c1n[nH]c2cc(-c3ccccc3)ccc12,0.430796333,2.20849395,-9.2,-10.1,4.9144,438.2419616
Cn1cc(C2=C(c3ccc(C(=O)O)cc3)C(=O)NC2=O)c2ccccc21,0.713146658,2.254309363,-8.4,-8.3,2.4437,346.0953569
O=C(Nc1n[nH]c2ncc(-c3ccc(Cl)cc3)cc12)C1CC1,0.775545072,2.219756324,-8.8,-8.2,3.6268,312.0777887
O=C(Nc1n[nH]c2ncc(-c3ccccc3)cc12)C1CC1,0.773390379,2.155164175,-8.5,-8,2.9734,278.1167611
O=C1NC(=O)C(c2ccccc2)=C1Nc1ccc(Cl)c(C(=O)O)c1,0.741971604,2.194481484,-9,-8.4,2.5178,342.0407345
O=C1NC(=O)C(c2ccccc2)=C1Nc1cc(Cl)c(O)c(Cl)c1,0.587526714,2.35591934,-7.9,-8.3,3.1786,348.0068475
O=C(Nc1n[nH]c2ccc(-c3ccccc3)cc12)C1CC1,0.768445346,1.963749043,-8.8,-8.3,3.5784,277.1215121
CSc1ccc(NC2=C(c3ccccc3)C(=O)NC2=O)cc1,0.673281968,2.198439841,-7.8,-7.6,2.8881,310.0775987
c1ccc(-c2ccc(CSc3nnc(-c4ccc5c(c4)OCO5)o3)cc2)cc1,0.425315534,2.104144358,-9.4,-8.9,5.4246,388.0881634
O=C1NC(=O)C(c2ccccc2)=C1Nc1cc(Cl)c(O)c(Cl)c1,0.587526714,2.35591934,-7.9,-8.2,3.1786,348.0068475
COCCN1CCC(CNC(=O)c2n[nH]c3ccc(-c4ccccc4)cc23)CC1,0.647153718,2.235827093,-8.8,-8.6,3.3181,392.2212261
O=C(O)c1ccc(-c2coc3ccc(-c4ccccc4)cc23)cc1,0.545631196,1.840205112,-9.5,-9,5.465,314.0942943
c1ccc(-c2ccc(CSc3nnc(-c4ccc5c(c4)OCCO5)o3)cc2)cc1,0.412852211,2.143259086,-9.4,-9.1,5.4671,402.1038134
O=C1NC(=O)C(c2ccccc2)=C1Nc1cc(Cl)c(O)c(Cl)c1,0.587526714,2.35591934,-7.9,-8.2,3.1786,348.0068475
Clc1ccccc1Nc1cccc(-c2ccnc(Nc3ccc(N4CCOCC4)cc3)n2)c1,0.363365542,2.217250936,-9.5,-9.6,6.1208,457.1669381
COc1ccc2[nH]cc(C(=O)NCC3CCN(Cc4ccc(C(=O)O)o4)CC3)c2c1,0.551392863,2.383300866,-8.6,-8.4,3.1097,411.1794209
c1ccc(-c2ccc(CSc3nnc(-c4ccc5c(c4)OCO5)o3)cc2)cc1,0.425315534,2.104144358,-9.4,-8.9,5.4246,388.0881634
O=C1Nc2ccccc2C1=C1Nc2ccccc2N1,0.629190823,2.292274768,-8.6,-8.2,2.8449,249.090212
O=C1NC(=O)C(c2ccccc2)=C1Nc1cccc(Cl)c1,0.856775357,2.080552851,-8,-8,2.8196,298.0509053
COCCN1CCC(CNC(=O)c2n[nH]c3ccc(-c4ccc(OC)cc4)cc23)CC1,0.582175719,2.292246781,-8.8,-8.1,3.3267,422.2317908
CC(=O)NCCCn1cc(C2=C(c3cn(CCCN4CCOCC4)c4ccccc34)C(=O)NC2=O)c2ccccc21,0.231806583,2.825592347,-9.2,-8.6,3.4117,553.2689046
O=C1NC(=O)C(c2ccccc2)=C1Nc1cc(Cl)c(O)c(Cl)c1,0.587526714,2.35591934,-7.9,-8.2,3.1786,348.0068475
c1ccc(-c2ccc(CSc3nnc(-c4ccc5c(c4)OCO5)o3)cc2)cc1,0.425315534,2.104144358,-9.4,-8.9,5.4246,388.0881634
CSc1ccc(NC2=C(c3ccccc3)C(=O)NC2=O)cc1,0.673281968,2.198439841,-7.9,-7.7,2.8881,310.0775987
O=C1NC(=O)C(c2ccccc2)=C1Nc1ccc(Cl)c(C(=O)O)c1,0.741971604,2.194481484,-9,-8.5,2.5178,342.0407345
O=C(NCCc1ccccc1)c1ccnc2[nH]c(-c3ccc(F)cc3)nc12,0.56956738,2.128513693,-9.2,-8,3.7365,360.1386394
Clc1ccccc1Nc1cccc(-c2ccnc(Nc3ccc(N4CCOCC4)cc3)n2)c1,0.363365542,2.217250936,-9.5,-9.6,6.1208,457.1669381
c1ccc(-c2ccc(CSc3nnc(-c4ccc5c(c4)OCO5)o3)cc2)cc1,0.425315534,2.104144358,-9.4,-8.9,5.4246,388.0881634
CSc1nc(-c2ccc(F)cc2)c(C2=CC=NC(Nc3ccc(NC(=O)c4ccc(N5CCOCC5)cc4)cc3)=NC=C2)n1C,0.229326086,3.233534458,-9.9,-9.4,6.4866,621.2322225
Cn1cc(C2=C(c3cn(CCCO)c4ccc(F)cc34)C(=O)NC2=O)c2ccccc21,0.489795296,2.63449234,-9.1,-8.3,3.2217,417.1488697
O=C1Nc2ccccc2C1=C1C(=O)Nc2ccccc21,0.716573186,2.137168315,-8.9,-9.1,2.5016,262.0742276
c1ccc(Nc2nccc(-c3cnn4ncccc34)n2)cc1,0.627484971,2.364224756,-8.2,-8.3,2.9299,288.1123444
O=C1NC(=O)C(c2ccccc2)=C1Nc1cc(Cl)c(O)c(Cl)c1,0.587526714,2.35591934,-8.1,-8.2,3.1786,348.0068475
COc1ccc(-c2cc(Nc3ccc(C(=O)NCC4CCN(Cc5ccc(C(=O)O)o5)CC4)cc3)ncn2)cc1,0.258438619,2.541115242,-9.5,-8.9,4.829,541.2325191
c1ccc(-c2ccc(CSc3nnc(-c4ccc5c(c4)OCO5)o3)cc2)cc1,0.425315534,2.104144358,-9.4,-8.9,5.4246,388.0881634
c1ccc(-c2ccc(CSc3nnc(-c4ccc5c(c4)OCO5)o3)cc2)cc1,0.425315534,2.104144358,-9.4,-8.9,5.4246,388.0881634
c1ccc(-c2ccc(CSc3nnc(-c4ccc5c(c4)OCO5)o3)cc2)cc1,0.425315534,2.104144358,-9.4,-8.5,5.4246,388.0881634
CSc1ccc(NC2=C(c3ccccc3)C(=O)NC2=O)cc1,0.673281968,2.198439841,-7.9,-7.7,2.8881,310.0775987
c1ccc(-c2ccc(CSc3nnc(-c4ccc5c(c4)OCCO5)o3)cc2)cc1,0.412852211,2.143259086,-9.4,-9.1,5.4671,402.1038134
O=C(Nc1n[nH]c2nc(-c3ccccc3)ccc12)C1CC1,0.773390379,2.158875398,-8.4,-7.5,2.9734,278.1167611
Cn1cc(C2=C(c3cn(CCCN)c4ccccc34)C(=O)NC2=O)c2ccccc21,0.507118813,2.5563955,-8.8,-8.1,3.049,398.1742759
FC(F)(F)c1cnc(Nc2ccc(N3CCOCC3)cc2)cc1Nc1ccccc1Cl,0.495246562,2.375141733,-8.6,-8.7,6.0776,448.1277736
CSc1ccc(NC2=C(c3ccccc3)C(=O)NC2=O)cc1,0.673281968,2.198439841,-7.9,-7.8,2.8881,310.0775987
c1cnn2ncc(-c3ccnc(Nc4ccc(N5CCOCC5)cc4)n3)c2c1,0.589031702,2.540141611,-9.2,-8.8,2.7665,373.1651082
CSc1nc(-c2ccc(F)cc2)c(-c2ccnc(Nc3ccccc3Cl)c2)[nH]1,0.373761923,2.376544297,-9.2,-8.6,6.3967,410.0768234
CN(C)CCCn1cc(C2=C(c3ccccc3)C(=O)NC2=O)c2ccccc21,0.675529158,2.334070045,-8.5,-7.3,3.1602,373.179027
O=C1Nc2ccccc2C1=C1Nc2ccccc2N1,0.629190823,2.292274768,-8.6,-8.2,2.8449,249.090212
COCCN1CCC(CNC(=O)c2n[nH]c3ccc(-c4ccccc4)cc23)CC1,0.647153718,2.235827093,-8.7,-8.7,3.3181,392.2212261
c1ccc(-c2ccc(CSc3nnc(-c4ccc5c(c4)OCO5)o3)cc2)cc1,0.425315534,2.104144358,-9.4,-8.9,5.4246,388.0881634
CSc1ccc(NC2=C(c3ccccc3)C(=O)NC2=O)cc1,0.673281968,2.198439841,-7.8,-7.7,2.8881,310.0775987
c1ccc(-c2ccc(CSc3nnc(-c4ccc5c(c4)OCCO5)o3)cc2)cc1,0.412852211,2.143259086,-9.4,-9,5.4671,402.1038134
O=C(Nc1n[nH]c2nc(-c3ccccc3)ccc12)C1CC1,0.773390379,2.158875398,-8.3,-7.5,2.9734,278.1167611
c1ccc(-c2ccc(CSc3nnc(-c4ccc5c(c4)OCO5)o3)cc2)cc1,0.425315534,2.104144358,-9.4,-8.9,5.4246,388.0881634
CSc1ccc(NC2=C(c3ccccc3)C(=O)NC2=O)cc1,0.673281968,2.198439841,-7.8,-7.7,2.8881,310.0775987
c1ccc(Nc2nccc(-c3cnn4ncccc34)n2)cc1,0.627484971,2.364224756,-8.2,-8.2,2.9299,288.1123444
c1ccc(-c2ccc(CSc3nnc(-c4ccc5c(c4)OCO5)o3)cc2)cc1,0.425315534,2.104144358,-9.4,-8.9,5.4246,388.0881634
O=C(Nc1n[nH]c2ncc(-c3ccc(Cl)cc3)cc12)C1CC1,0.775545072,2.219756324,-8.6,-8.1,3.6268,312.0777887
O=C1NC(=O)C(c2cn(CCCO)c3ccccc23)=C1c1cccc2ccccc12,0.504974442,2.385616738,-9.3,-8.9,3.7441,396.1473925
O=C(Nc1n[nH]c2nc(-c3ccccc3)ccc12)C1CC1,0.773390379,2.158875398,-8.5,-7.5,2.9734,278.1167611
COCCN1CCC(CNC(=O)c2n[nH]c3cc(-c4ccccc4)ccc23)CC1,0.647153718,2.240086822,-8.7,-8.4,3.3181,392.2212261
COCCN1CCC(CNC(=O)c2n[nH]c3cc(-c4ccccc4)ccc23)CC1,0.647153718,2.240086822,-8.7,-8.4,3.3181,392.2212261
c1ccc(-c2ccc(CSc3nnc(-c4ccc5c(c4)OCO5)o3)cc2)cc1,0.425315534,2.104144358,-9.4,-8.9,5.4246,388.0881634
O=C1Nc2ccccc2NC1=C1C(=O)Nc2ccccc21,0.647589488,2.360171237,-9.4,-9.3,2.414,277.0851266
COc1ccc2[nH]nc(C(=O)NCC3CCN(Cc4ccc(C(=O)O)o4)CC3)c2c1,0.545137194,2.458462942,-9.2,-8.4,2.5047,412.1746699
O=C(Nc1n[nH]c2ncc(-c3ccccc3)cc12)C1CC1,0.773390379,2.155164175,-8.5,-7.9,2.9734,278.1167611
c1ccc(-c2ccc(CSc3nnc(-c4ccc5c(c4)OCCO5)o3)cc2)cc1,0.412852211,2.143259086,-9.4,-9.2,5.4671,402.1038134
O=C(NCCN1CCOCC1)c1cccc(-c2c[nH]c3ccc(Nc4ccccc4Cl)cc23)c1,0.340003181,2.315338477,-9.8,-9.4,5.2939,474.1822538
O=C(Nc1n[nH]c2ccc(-c3ccccc3)cc12)C1CC1,0.768445346,1.963749043,-8.7,-8.2,3.5784,277.1215121
c1ccc(-c2ccc(CSc3nnc(-c4ccc5c(c4)OCO5)o3)cc2)cc1,0.425315534,2.104144358,-9.4,-8.9,5.4246,388.0881634
CN(C)CCCn1cc(C2=C(c3coc4ccccc34)C(=O)NC2=O)c2ccccc21,0.486936486,2.611716495,-9.3,-7.9,3.9064,413.1739416
COCCN1CCC(CNC(=O)c2n[nH]c3ccc(-c4ccccc4)cc23)CC1,0.647153718,2.235827093,-8.8,-8.6,3.3181,392.2212261
CCCC(=O)Nc1n[nH]c2ncc(-c3ccccc3)cc12,0.769418044,2.158598475,-8.1,-7.7,3.3635,280.1324111
c1ccc(-c2ccc(CSc3nnc(-c4ccc5c(c4)OCO5)o3)cc2)cc1,0.425315534,2.104144358,-9.4,-8.9,5.4246,388.0881634
O=C1NC(=O)C(c2cn(CCCO)c3ccccc23)=C1c1cn(CCCO)c2ccccc12,0.364980928,2.652612219,-8.6,-8.6,2.928,443.1845063
c1ccc(-c2ccc(CSc3nnc(-c4ccc5c(c4)OCO5)o3)cc2)cc1,0.425315534,2.104144358,-9.4,-8.9,5.4246,388.0881634
c1ccc(-c2ccc(CSc3nnc(-c4ccc5c(c4)OCO5)o3)cc2)cc1,0.425315534,2.104144358,-9.3,-8.9,5.4246,388.0881634
O=C(Cn1c(=O)ccc2ccccc21)Nc1scc(Br)c1-c1ncn[nH]1,0.520068719,2.743682413,-8.8,-8.5,3.2493,428.9895077
CN(C)CC=CC(=O)Nc1ccc(C(=O)Nc2ccc(Nc3nccc(-c4ccccc4)n3)cc2)cc1,0.278019303,2.333188605,-9.3,-9.1,5.1958,492.2273741
CSc1nc(-c2ccc(F)cc2)c(C2=CC=NC(Nc3ccc(NC(=O)c4ccc(N5CCOCC5)cc4)cc3)=NC=C2)n1C,0.229326086,3.233534458,-10,-9.9,6.4866,621.2322225
O=C(Nc1n[nH]c2ccc(-c3ccccc3)cc12)C1CC1,0.768445346,1.963749043,-8.6,-8.4,3.5784,277.1215121
c1ccc(-c2ccc(CSc3nnc(-c4ccc5c(c4)OCO5)o3)cc2)cc1,0.425315534,2.104144358,-9.4,-8.9,5.4246,388.0881634
c1ccc(-c2ccc(CSc3nnc(-c4ccc5c(c4)OCO5)o3)cc2)cc1,0.425315534,2.104144358,-9.4,-8.9,5.4246,388.0881634
COCCN1CCC(CNC(=O)c2n[nH]c3ccc(-c4ccccc4)cc23)CC1,0.647153718,2.235827093,-8.8,-8.7,3.3181,392.2212261
CN(C)CCCn1cc(C2=C(c3cn(CCCN)c4ccccc34)C(=O)NC2=O)c2ccccc21,0.367796384,2.712459447,-7.9,-7.6,3.4637,469.2477752
O=C(CN1C(=O)Cc2ccccc2C1=O)Nc1scc(Br)c1-c1ncn[nH]1,0.599085652,2.830712975,-8.9,-8.6,2.4593,444.9844223
c1ccc(-c2ccc(CSc3nnc(-c4ccc5c(c4)OCO5)o3)cc2)cc1,0.425315534,2.104144358,-9.4,-8.9,5.4246,388.0881634
CSc1ccc(NC2=C(c3ccccc3)C(=O)NC2=O)cc1,0.673281968,2.198439841,-7.8,-7.7,2.8881,310.0775987
COCCN1CCC(CNC(=O)c2n[nH]c3ccc(-c4ccccc4)cc23)CC1,0.647153718,2.235827093,-8.8,-8.6,3.3181,392.2212261
O=C1NC(=O)C(c2ccccc2)=C1Nc1cccc(Cl)c1,0.856775357,2.080552851,-8,-8,2.8196,298.0509053
c1ccc(-c2ccc(CSc3nnc(-c4ccc5c(c4)OCO5)o3)cc2)cc1,0.425315534,2.104144358,-9.4,-8.9,5.4246,388.0881634
c1ccc(-c2ccc(CSc3nnc(-c4ccc5c(c4)OCO5)o3)cc2)cc1,0.425315534,2.104144358,-9.4,-8.9,5.4246,388.0881634
O=C(Nc1n[nH]c2nc(-c3ccccc3)ccc12)C1CC1,0.773390379,2.158875398,-8.4,-7.5,2.9734,278.1167611
c1ccc(-c2ccc(CSc3nnc(-c4ccc5c(c4)OCO5)o3)cc2)cc1,0.425315534,2.104144358,-9.4,-8.9,5.4246,388.0881634
O=C(Nc1cccc(-c2ccnc(NC(=O)C3CC3)c2)c1)C1CC1,0.885859653,1.956833709,-8.4,-7.9,3.4456,321.1477268
O=C1NC(=O)C(c2ccccc2)=C1Nc1ccc(Cl)c(C(=O)O)c1,0.741971604,2.194481484,-9,-8.5,2.5178,342.0407345
O=C1NC(=O)C(c2ccccc2)=C1Nc1cc(Cl)c(O)c(Cl)c1,0.587526714,2.35591934,-7.9,-8.2,3.1786,348.0068475
Cc1nc(-c2ccccc2)c(-c2ccnc(NC(=O)C3CC3)c2)[nH]1,0.768483483,2.248935145,-8.6,-8.3,3.79562,318.1480612
O=C1NC(=O)C(c2cn(CCCN3CCOCC3)c3ccccc23)=C1c1cn(CCCO)c2ccccc12,0.336278322,2.763409564,-8.5,-9.2,3.2679,512.2423555
COCCN1CCC(CNC(=O)c2n[nH]c3cc(-c4ccccc4)ccc23)CC1,0.647153718,2.240086822,-8.7,-8.4,3.3181,392.2212261
O=C(Nc1n[nH]c2ncc(-c3ccccc3)cc12)C1CC1,0.773390379,2.155164175,-8.4,-7.9,2.9734,278.1167611
CSc1nc(-c2ccccc2)c(-c2ccnc(NC(=O)C3CC3)c2)[nH]1,0.676359731,2.332860852,-8.8,-8.1,4.2091,350.1201322
CC(C)NC(=O)NCCCn1cc(C2=C(c3ccccc3)C(=O)NC2=O)c2ccccc21,0.39667262,2.439809587,-9.6,-8.7,3.3062,430.2004907
CCCC(=O)Nc1n[nH]c2ncc(-c3ccccc3)cc12,0.769418044,2.158598475,-8.1,-7.7,3.3635,280.1324111
c1ccc(-c2ccc(CSc3nnc(-c4ccc5c(c4)OCO5)o3)cc2)cc1,0.425315534,2.104144358,-9.4,-8.9,5.4246,388.0881634
COCCN1CCC(CNC(=O)c2n[nH]c3ccc(-c4ccccc4)cc23)CC1,0.647153718,2.235827093,-8.8,-8.7,3.3181,392.2212261
O=C(Nc1cnn(-c2cccc(C(=O)NCC3CCN(Cc4ccc(C(=O)O)o4)CC3)c2)c1)Nc1ccccc1Cl,0.216986724,2.638510477,-10.4,-9.3,5.1029,576.1887957
O=C(O)CN1CCC(CNC(=O)c2n[nH]c3cc(-c4ccccc4)ccc23)CC1,0.599180564,2.24281657,-9.1,-8.6,2.7563,392.1848406
CCCC(=O)Nc1n[nH]c2ccc(-c3ccccc3)cc12,0.758874824,1.967183343,-8.4,-7.6,3.9685,279.1371622
Cn1cc(C2=C(c3cn(CCCN4CCOCC4)c4ccccc34)C(=O)NC2=O)c2ccccc21,0.440541409,2.644305013,-9.6,-8.6,3.4225,468.2161408
N#Cc1ccc(-c2ccc(CSc3nnc(-c4ccc5c(c4)OCO5)o3)cc2)cc1,0.410876371,2.293696678,-9.4,-9,5.29628,413.0834123
Cn1cc(C2=C(c3cn(CCCN4CCOCC4)c4ccccc34)C(=O)NC2=O)c2ccccc21,0.440541409,2.644305013,-9.6,-9.1,3.4225,468.2161408
COc1ccc(C2=C(c3cn(C)c4ccccc34)C(=O)NC2=O)cc1,0.750397967,2.197917108,-8.3,-8.5,2.7541,332.1160924
O=C1NC(=O)C(c2ccccc2)=C1Nc1cc(Cl)c(O)c(Cl)c1,0.587526714,2.35591934,-8.1,-8.2,3.1786,348.0068475
COCCN1CCC(CNC(=O)c2n[nH]c3cc(-c4ccccc4)ccc23)CC1,0.647153718,2.240086822,-8.6,-8.4,3.3181,392.2212261
Cn1cc(C2=C(c3cn(CCCO)c4ccccc34)C(=O)NC2=O)c2ccccc21,0.506574139,2.537576001,-9.1,-8.2,3.0826,399.1582915
c1ccc(-c2ccc(CSc3nnc(-c4ccc5c(c4)OCO5)o3)cc2)cc1,0.425315534,2.104144358,-9.4,-8.9,5.4246,388.0881634
CN(C)CCCn1cc(C2=C(c3cn(C)c4ccccc34)C(=O)NC2=O)c2ccccc21,0.478990335,2.579171886,-9,-8.1,3.6519,426.2055761
CSc1ccc(NC2=C(c3ccccc3)C(=O)NC2=O)cc1,0.673281968,2.198439841,-7.8,-7.7,2.8881,310.0775987
O=C1NC(=O)C(c2ccccc2Cl)=C1Nc1ccc(O)c(Cl)c1,0.587526714,2.339498667,-8.2,-8.1,3.1786,348.0068475
COCCN1CCC(CNC(=O)c2n[nH]c3ccc(-c4ccccc4)cc23)CC1,0.647153718,2.235827093,-8.8,-8.5,3.3181,392.2212261
CCCC(=O)Nc1n[nH]c2ncc(-c3ccccc3)cc12,0.769418044,2.158598475,-8.1,-7.7,3.3635,280.1324111
Cn1cc(C2=C(c3cccc4ccccc34)C(=O)NC2=O)c2ccccc21,0.556426744,2.250457323,-9.5,-8.6,3.8987,352.1211778
N#Cc1ccc(-c2ccc(CSc3nnc(-c4ccc5c(c4)OCO5)o3)cc2)cc1,0.410876371,2.293696678,-8.9,-9.5,5.29628,413.0834123
CCCC(=O)Nc1n[nH]c2ccc(-c3ccccn3)cc12,0.769418044,2.166620165,-8,-7.6,3.3635,280.1324111
COCCN1CCC(CNC(=O)c2n[nH]c3ccc(-c4ccccc4)cc23)CC1,0.647153718,2.235827093,-8.8,-8.7,3.3181,392.2212261
O=C1NC(=O)C(c2ccccc2)=C1Nc1cc(Cl)c(O)c(Cl)c1,0.587526714,2.35591934,-7.9,-8.2,3.1786,348.0068475
O=C1NC(=O)C(c2ccccc2)=C1Nc1cccc(C(=O)O)c1,0.749380567,2.107175749,-8.5,-8.3,1.8644,308.0797069
O=C(Nc1n[nH]c2ncc(-c3ccc(Cl)cc3Cl)cc12)C1CC1,0.742881467,2.374127465,-8.8,-8.4,4.2802,346.0388164
COCCN1CCC(CNC(=O)c2n[nH]c3cc(-c4ccccc4)ccc23)CC1,0.647153718,2.240086822,-8.7,-8.4,3.3181,392.2212261
O=C(NCCc1ccccc1)c1ccc(O)c2[nH]c(-c3ccc(F)cc3)nc12,0.492469209,2.130310109,-9.6,-8.8,4.0471,375.138305
COCCN1CCC(CNC(=O)c2n[nH]c3ccc(-c4ccc(O)cc4)cc23)CC1,0.559095199,2.352971645,-8.9,-8.4,3.0237,408.2161408
O=C(O)c1ccc(-c2n[nH]c3ccc(-c4ccccc4)cc23)cc1,0.580767804,1.86403632,-9.3,-9.1,4.5951,314.1055277
c1ccc(-c2ccc(CSc3nnc(-c4ccc5c(c4)OCO5)o3)cc2)cc1,0.425315534,2.104144358,-9.4,-8.9,5.4246,388.0881634
O=C(Nc1n[nH]c2ncc(-c3ccccc3)cc12)C1CC1,0.773390379,2.155164175,-8.4,-7.9,2.9734,278.1167611
Cn1cc(C2=C(c3cn(CCCN4CCOCC4)c4ccccc34)C(=O)NC2=O)c2ccccc21,0.440541409,2.644305013,-9.6,-8.4,3.4225,468.2161408
O=C(Nc1n[nH]c2ncc(-c3ccccc3)cc12)C1CC1,0.773390379,2.155164175,-8.5,-8,2.9734,278.1167611
CSc1nc(-c2cccc(Cl)c2)c(-c2ccnc(NC(=O)C3CC3)c2)[nH]1,0.615884038,2.443705165,-8.7,-7.8,4.8625,384.0811598
c1ccc(-c2ccc(CSc3nnc(-c4ccc5c(c4)OCCO5)o3)cc2)cc1,0.412852211,2.143259086,-9.4,-9,5.4671,402.1038134
c1ccc(-c2nn3ncccc3c2-c2ccnc(Nc3ccc(N4CCOCC4)cc3)n2)cc1,0.42502104,2.541136749,-9.5,-8.8,4.4335,449.1964084
O=C(Nc1n[nH]c2ncc(-c3ccccc3)cc12)C1CC1,0.773390379,2.155164175,-8.5,-8,2.9734,278.1167611
c1ccc(-c2ccc(CSc3nnc(-c4ccc5c(c4)OCCO5)o3)cc2)cc1,0.412852211,2.143259086,-9.4,-9.2,5.4671,402.1038134
CCCC(=O)Nc1n[nH]c2ccc(-c3ccccc3)cc12,0.758874824,1.967183343,-8.3,-7.8,3.9685,279.1371622
c1ccc(-c2ccc(CSc3nnc(-c4ccc5c(c4)OCCO5)o3)cc2)cc1,0.412852211,2.143259086,-9.4,-8.4,5.4671,402.1038134
c1ccc(Nc2nccc(-c3cnn4ncccc34)n2)cc1,0.627484971,2.364224756,-8.3,-8.2,2.9299,288.1123444
CSc1ccc(NC2=C(c3ccccc3)C(=O)NC2=O)cc1,0.673281968,2.198439841,-7.8,-7.7,2.8881,310.0775987
COCCN1CCC(CNC(=O)c2n[nH]c3ccc(-c4ccccc4)cc23)CC1,0.647153718,2.235827093,-8.8,-8.7,3.3181,392.2212261
c1ccc(-c2ccc(CSc3nnc(-c4ccc5c(c4)OCCO5)o3)cc2)cc1,0.412852211,2.143259086,-9.4,-8.4,5.4671,402.1038134
CSc1ccc(NC2=C(c3ccccc3)C(=O)NC2=O)cc1C(=O)O,0.564207216,2.388365522,-8.4,-8.1,2.5863,354.0674279
O=C(Nc1ccccc1)c1ccc(Nc2nccc(-c3cnn4ncccc34)n2)cc1,0.453592705,2.349968587,-9.8,-9.6,4.1822,407.1494582
CN(C)CCNC(=O)c1ccc(-c2ccc3occ(-c4ccc([S+](C)[O-])cc4)c3c2)cc1,0.414367891,3.171844019,-9.2,-8.2,4.7956,446.1664137
COCCN1CCC(CNC(=O)c2n[nH]c3ccc(-c4ccccc4)cc23)CC1,0.647153718,2.235827093,-8.8,-8.6,3.3181,392.2212261
CSc1ccc(NC2=C(c3ccccc3)C(=O)NC2=O)cc1,0.673281968,2.198439841,-7.9,-7.8,2.8881,310.0775987
CN(C)CCNC(=O)c1ccc(-c2ccc3occ(-c4ccc([S+](C)[O-])cc4)c3c2)cc1,0.414367891,3.171844019,-9.3,-8.5,4.7956,446.1664137
Cc1nc(C)n(-c2ccc(-c3ccc(CSc4nnc(-c5ccncc5)o4)cc3)cc2)n1,0.331857291,2.444625245,-9.7,-9.2,5.28844,440.1419303
c1ccc(-c2ccc(CSc3nnc(-c4ccc5c(c4)OCCO5)o3)cc2)cc1,0.412852211,2.143259086,-9.4,-8.4,5.4671,402.1038134
O=C(Nc1n[nH]c2nc(-c3ccccc3)ccc12)C1CC1,0.773390379,2.158875398,-8.5,-7.5,2.9734,278.1167611
c1ccc(-c2ccc(CSc3nnc(-c4ccc5c(c4)OCO5)o3)cc2)cc1,0.425315534,2.104144358,-9.4,-8.9,5.4246,388.0881634
O=C1NC(=O)C(c2ccccc2)=C1Nc1ccc(Cl)c(C(=O)O)c1,0.741971604,2.194481484,-9,-8.5,2.5178,342.0407345
COCCN1CCC(CNC(=O)c2n[nH]c3ccc(-c4ccccc4)cc23)CC1,0.647153718,2.235827093,-8.8,-8.5,3.3181,392.2212261
NCCCn1cc(C2=C(c3coc4ccccc34)C(=O)NC2=O)c2ccccc21,0.515904878,2.594129757,-9,-8.3,3.3035,385.1426415
O=C(CN1C(=O)CCc2ccccc21)Nc1scc(Br)c1-c1ncn[nH]1,0.662646379,2.770169182,-9.1,-8.2,3.2136,431.0051578
N=C1NC(=O)C(=Cc2ccc(-c3ccc(Cl)c(Cl)c3)o2)S1,0.797589161,2.769090557,-7.9,-8.1,4.39207,337.9683539
O=C(Nc1n[nH]c2ncc(-c3ccccc3)cc12)C1CC1,0.773390379,2.155164175,-8.3,-8.1,2.9734,278.1167611
CSc1ccc(NC2=C(c3ccccc3)C(=O)NC2=O)cc1,0.673281968,2.198439841,-7.7,-7.7,2.8881,310.0775987
c1ccc(-c2ccc(CSc3nnc(-c4ccc5c(c4)OCO5)o3)cc2)cc1,0.425315534,2.104144358,-9.4,-8.9,5.4246,388.0881634
O=C1NC(=O)C(c2cn(CCCO)c3ccccc23)=C1c1cccc2ccccc12,0.504974442,2.385616738,-9.3,-8.9,3.7441,396.1473925
O=C(Nc1n[nH]c2ncc(-c3ccccc3)cc12)C1CC1,0.773390379,2.155164175,-8.5,-7.9,2.9734,278.1167611
CSc1ccc(NC2=C(c3ccccc3)C(=O)NC2=O)cc1,0.673281968,2.198439841,-7.9,-7.8,2.8881,310.0775987
CCCC(=O)Nc1n[nH]c2ccc(-c3ccccn3)cc12,0.769418044,2.166620165,-8,-7.2,3.3635,280.1324111
c1ccc(-c2ccc(CSc3nnc(-c4ccc5c(c4)OCO5)o3)cc2)cc1,0.425315534,2.104144358,-9.4,-8.9,5.4246,388.0881634
O=C1NC(=O)C(c2ccccc2)=C1Nc1cc(Cl)c(O)c(Cl)c1,0.587526714,2.35591934,-7.9,-8.2,3.1786,348.0068475
CC(=O)NCCCn1cc(C2=C(c3ccccc3)C(=O)NC2=O)c2ccccc21,0.504155455,2.337762419,-9,-8.5,2.7347,387.1582915
O=C(Nc1n[nH]c2ncc(-c3ccccc3)cc12)C1CC1,0.773390379,2.155164175,-8.4,-8,2.9734,278.1167611
c1ccc(-c2ccc(CSc3nnc(-c4ccc5c(c4)OCO5)o3)cc2)cc1,0.425315534,2.104144358,-9.4,-8.8,5.4246,388.0881634
O=C(Nc1n[nH]c2ccc(-c3ccccc3)cc12)C1CC1,0.768445346,1.963749043,-8.7,-8.2,3.5784,277.1215121
O=C(Nc1n[nH]c2ncc(-c3ccccc3)cc12)C1CC1,0.773390379,2.155164175,-8.4,-7.9,2.9734,278.1167611
CN(C)CCCn1cc(C2=C(c3cn(C)c4ccccc34)C(=O)NC2=O)c2ccccc21,0.478990335,2.579171886,-9,-7.9,3.6519,426.2055761
O=C(Nc1n[nH]c2nc(-c3ccccc3)ccc12)C1CC1,0.773390379,2.158875398,-8.3,-7.4,2.9734,278.1167611
c1ccc(-c2ccc(CSc3nnc(-c4ccc5c(c4)OCO5)o3)cc2)cc1,0.425315534,2.104144358,-9.4,-8.9,5.4246,388.0881634
CSc1ccc(NC2=C(c3ccccc3)C(=O)NC2=O)cc1,0.673281968,2.198439841,-7.8,-7.7,2.8881,310.0775987
O=C(Nc1n[nH]c2ccc(-c3ccccc3)cc12)C1CC1,0.768445346,1.963749043,-8.8,-8.3,3.5784,277.1215121
c1ccc(-c2ccc(CSc3nnc(-c4ccncc4)o3)cc2)cc1,0.47153119,1.983046928,-8.8,-8.3,5.0909,345.0935831
CCCC(=O)Nc1n[nH]c2cc(-c3ccccc3)ccc12,0.758874824,1.979329371,-7.8,-7.6,3.9685,279.1371622
c1ccc(-c2ccc(CSc3nnc(-c4ccc5c(c4)OCO5)o3)cc2)cc1,0.425315534,2.104144358,-9.4,-8.9,5.4246,388.0881634
O=C1NC(=O)C(c2ccccc2)=C1Nc1ccc(Cl)c(C(=O)O)c1,0.741971604,2.194481484,-9,-8.6,2.5178,342.0407345
c1ccc(-c2ccc(CSc3nnc(-c4ccc5c(c4)OCO5)o3)cc2)cc1,0.425315534,2.104144358,-9.4,-8.9,5.4246,388.0881634
CSc1ccc(NC2=C(c3ccccc3)C(=O)NC2=O)cc1,0.673281968,2.198439841,-7.9,-7.7,2.8881,310.0775987
c1ccc(-c2ccc(CSc3nnc(-c4ccc5c(c4)OCCO5)o3)cc2)cc1,0.412852211,2.143259086,-9.4,-9,5.4671,402.1038134
O=C(Nc1n[nH]c2ccc(-c3ccccn3)cc12)C1CC1,0.773390379,2.163185865,-8.6,-8.1,2.9734,278.1167611
c1ccc(-c2ccc(CSc3nnc(-c4ccc5c(c4)OCCO5)o3)cc2)cc1,0.412852211,2.143259086,-9.3,-8.5,5.4671,402.1038134
N#Cc1ccc(-c2ccc(CSc3nnc(-c4ccc5c(c4)OCO5)o3)cc2)cc1,0.410876371,2.293696678,-9.5,-9.6,5.29628,413.0834123
COc1ccc(CCNC(=O)c2ccc(O)c3[nH]c(-c4ccc(F)cc4)nc23)cc1,0.45156532,2.194526269,-9.3,-8.9,4.0557,405.1488697
COCCN1CCC(CNC(=O)c2n[nH]c3cc(-c4ccccc4)ccc23)CC1,0.647153718,2.240086822,-8.6,-8.4,3.3181,392.2212261
CCCC(=O)Nc1n[nH]c2ncc(-c3ccccc3)cc12,0.769418044,2.158598475,-8.1,-7.7,3.3635,280.1324111
c1ccc(-c2ccc(CSc3nnc(-c4ccc5c(c4)OCO5)o3)cc2)cc1,0.425315534,2.104144358,-9.4,-8.9,5.4246,388.0881634
O=C(Cn1c(=O)ccc2ccccc21)Nc1scc(Br)c1-c1ncn[nH]1,0.520068719,2.743682413,-9.2,-8.5,3.2493,428.9895077
O=C(Nc1n[nH]c2cc(-c3ccccc3)ccc12)C1CC1,0.768445346,1.975895071,-8.4,-7.8,3.5784,277.1215121
c1ccc(-c2ccc(CSc3nnc(-c4ccc5c(c4)OCCO5)o3)cc2)cc1,0.412852211,2.143259086,-9.4,-9.1,5.4671,402.1038134
O=C(Nc1n[nH]c2cc(-c3ccccc3)ccc12)C1CC1,0.768445346,1.975895071,-8.1,-7.7,3.5784,277.1215121
c1ccc(-c2ccc(CSc3nnc(-c4ccc5c(c4)OCCO5)o3)cc2)cc1,0.412852211,2.143259086,-9.5,-9.2,5.4671,402.1038134
COc1ccc(CSc2nc(-c3ccccc3)c(-c3ccnc(NC(=O)C4CC4)c3)[nH]2)cc1,0.328223108,2.349732872,-10.2,-8.2,5.7881,456.161997
c1ccc(-c2ccc(CSc3nnc(-c4ccc5c(c4)OCO5)o3)cc2)cc1,0.425315534,2.104144358,-9.4,-8.9,5.4246,388.0881634
O=C1NC(=O)C(c2ccccc2)=C1Nc1cccc(Cl)c1,0.856775357,2.080552851,-8,-8,2.8196,298.0509053
CSc1ccc(NC2=C(c3ccccc3)C(=O)NC2=O)cc1,0.673281968,2.198439841,-7.7,-7.7,2.8881,310.0775987
CCCC(=O)Nc1n[nH]c2ccc(-c3ccccn3)cc12,0.769418044,2.166620165,-8,-7.2,3.3635,280.1324111
CS(=O)(=O)Nc1ccc(C(=O)Nc2ccc(Nc3cc(-c4ccccc4)ccn3)cc2)cc1,0.357072097,2.030265499,-9.2,-9.5,5.116,458.1412616
c1ccc(-c2ccc(CSc3nnc(-c4ccc5c(c4)OCCO5)o3)cc2)cc1,0.412852211,2.143259086,-9.4,-9.1,5.4671,402.1038134
O=C(NC1COC1)c1cc(-n2ncc3nc(Nc4ccccc4Cl)ccc32)cs1,0.504646757,2.787961075,-8.8,-8.1,4.0076,425.0713234
c1ccc(-c2ccc(CSc3nnc(-c4ccc5c(c4)OCO5)o3)cc2)cc1,0.425315534,2.104144358,-9.4,-8.9,5.4246,388.0881634
c1ccc(-c2ccc(CSc3nnc(-c4ccc5c(c4)OCO5)o3)cc2)cc1,0.425315534,2.104144358,-9.4,-8.9,5.4246,388.0881634
O=C(O)CN1CCC(CNC(=O)c2n[nH]c3cc(-c4ccccc4)ccc23)CC1,0.599180564,2.24281657,-9.1,-8.6,2.7563,392.1848406
O=C(Nc1n[nH]c2ccc(-c3ccccc3)cc12)C1CC1,0.768445346,1.963749043,-8.7,-8.2,3.5784,277.1215121
O=C(NCCc1ccccc1)c1ccc(O)c2[nH]c(-c3ccc(F)cc3)nc12,0.492469209,2.130310109,-9.6,-8.8,4.0471,375.138305
O=C1NC(=O)C(c2cn(CCCO)c3ccccc23)=C1c1cccc2ccccc12,0.504974442,2.385616738,-9,-8.9,3.7441,396.1473925
c1ccc(-c2ccc(CSc3nnc(-c4ccc5c(c4)OCCO5)o3)cc2)cc1,0.412852211,2.143259086,-9.4,-9.1,5.4671,402.1038134
c1ccc(-c2ccc(CSc3nnc(-c4ccc5c(c4)OCO5)o3)cc2)cc1,0.425315534,2.104144358,-9.4,-8.9,5.4246,388.0881634
c1ccc(-c2ccc(CSc3nnc(-c4ccc5c(c4)OCO5)o3)cc2)cc1,0.425315534,2.104144358,-9.4,-8.8,5.4246,388.0881634
c1ccc(-c2ccc(CSc3nnc(-c4ccc5c(c4)OCO5)o3)cc2)cc1,0.425315534,2.104144358,-9.4,-8.9,5.4246,388.0881634
c1ccc(-c2ccc(CSc3nnc(-c4ccc5c(c4)OCO5)o3)cc2)cc1,0.425315534,2.104144358,-9.4,-8.9,5.4246,388.0881634
O=C(Nc1n[nH]c2ccc(-c3ccccc3)cc12)C1CC1,0.768445346,1.963749043,-8.7,-8.2,3.5784,277.1215121
c1ccc(-c2ccc(CSc3nnc(-c4ccc5c(c4)OCO5)o3)cc2)cc1,0.425315534,2.104144358,-9.4,-8.9,5.4246,388.0881634
c1ccc(-c2ccc(CSc3nnc(-c4ccc5c(c4)OCO5)o3)cc2)cc1,0.425315534,2.104144358,-9.4,-8.9,5.4246,388.0881634
c1ccc(-c2ccc(CSc3nnc(-c4ccc5c(c4)OCO5)o3)cc2)cc1,0.425315534,2.104144358,-9.3,-8.9,5.4246,388.0881634
O=C1NC(=O)C(c2ccccc2)=C1Nc1cc(Cl)c(O)c(Cl)c1,0.587526714,2.35591934,-8.1,-8.2,3.1786,348.0068475
O=C1Nc2ccccc2C1=C1Nc2ccccc2N1,0.629190823,2.292274768,-8.6,-8.2,2.8449,249.090212
C[S+]([O-])c1ccc(-c2coc3ccc(-c4ccccc4)cc23)cc1,0.464146294,3.016714776,-9.2,-8.7,5.5042,332.0871008
O=C1Nc2ccccc2C1=C1Nc2ccccc2N1,0.629190823,2.292274768,-8.6,-8.2,2.8449,249.090212
c1ccc(-c2ccc(CSc3nnc(-c4ccc5c(c4)OCO5)o3)cc2)cc1,0.425315534,2.104144358,-9.4,-8.9,5.4246,388.0881634
O=C(Nc1n[nH]c2ccc(-c3ccccc3)cc12)C1CC1,0.768445346,1.963749043,-8.7,-8.2,3.5784,277.1215121
O=C1NC(=O)C(c2ccccc2)=C1Nc1cccc(C(=O)O)c1,0.749380567,2.107175749,-8.6,-8.4,1.8644,308.0797069
Cn1cc(C2=C(c3cn(CCCN4CCOCC4)c4ccccc34)C(=O)NC2=O)c2ccccc21,0.440541409,2.644305013,-9.6,-8.3,3.4225,468.2161408
CN(C)CCCn1cc(C2=C(c3ccccc3)C(=O)NC2=O)c2ccccc21,0.675529158,2.334070045,-8.5,-7.2,3.1602,373.179027
O=C(Nc1n[nH]c2ccc(-c3ccccc3)cc12)C1CC1,0.768445346,1.963749043,-8.7,-8.2,3.5784,277.1215121
c1ccc(-c2ccc(CSc3nnc(-c4ccc5c(c4)OCO5)o3)cc2)cc1,0.425315534,2.104144358,-9.4,-8.9,5.4246,388.0881634
O=C1NC(=O)C(c2ccccc2)=C1Nc1cc(Cl)c(O)c(Cl)c1,0.587526714,2.35591934,-7.9,-8.2,3.1786,348.0068475
c1ccc(-c2ccc(CSc3nnc(-c4ccc5c(c4)OCO5)o3)cc2)cc1,0.425315534,2.104144358,-9.4,-8.9,5.4246,388.0881634
COc1ccc2[nH]nc(C(=O)NCC3CCCN(Cc4ccccc4)CC3)c2c1,0.672415449,2.557099395,-9.5,-8.8,3.6036,392.2212261
O=C(Nc1n[nH]c2ccc(-c3ccccc3)cc12)C1CC1,0.768445346,1.963749043,-8.8,-8.4,3.5784,277.1215121
CCCC(=O)Nc1n[nH]c2ncc(-c3ccc(OC)cc3)cc12,0.756891144,2.196743969,-8.2,-7.7,3.3721,310.1429758
c1ccc(-c2ccc(CSc3nnc(-c4ccc5c(c4)OCO5)o3)cc2)cc1,0.425315534,2.104144358,-9.4,-8.9,5.4246,388.0881634
O=C(Nc1n[nH]c2ncc(-c3ccccc3)cc12)C1CC1,0.773390379,2.155164175,-8.5,-8,2.9734,278.1167611
c1ccc(-c2ccc(CSc3nnc(-c4ccc5c(c4)OCCO5)o3)cc2)cc1,0.412852211,2.143259086,-9.4,-9,5.4671,402.1038134
O=C1Nc2ccccc2C1=C1C(=O)Nc2ccccc21,0.716573186,2.137168315,-8.9,-9.2,2.5016,262.0742276
COc1ccc(-c2cc3c(C(=O)NCC4CCN(Cc5ccc(C(=O)O)o5)CC4)ccnc3[nH]2)cc1,0.34034651,2.606194831,-9.5,-8.6,4.1717,488.20597
O=C1Nc2ccccc2C1=C1Nc2ccccc2N1,0.629190823,2.292274768,-8.6,-8.2,2.8449,249.090212
O=C(Nc1n[nH]c2ncc(-c3ccccc3)cc12)C1CC1,0.773390379,2.155164175,-8.5,-7.9,2.9734,278.1167611
c1ccc(-c2ccc(CSc3nnc(-c4ccc5c(c4)OCO5)o3)cc2)cc1,0.425315534,2.104144358,-9.4,-8.9,5.4246,388.0881634
c1ccc(-c2ccc(CSc3nnc(-c4ccc5c(c4)OCO5)o3)cc2)cc1,0.425315534,2.104144358,-9.4,-8.9,5.4246,388.0881634
c1ccc(-c2ccc(CSc3nnc(-c4ccc5c(c4)OCO5)o3)cc2)cc1,0.425315534,2.104144358,-9.4,-8.9,5.4246,388.0881634
O=C1NC(=O)C(c2ccccc2)=C1Nc1cccc(Cl)c1,0.856775357,2.080552851,-8,-8,2.8196,298.0509053
c1ccc(-c2ccc(CSc3nnc(-c4ccc5c(c4)OCCO5)o3)cc2)cc1,0.412852211,2.143259086,-9.4,-8.4,5.4671,402.1038134
c1ccc(-c2ccc(CSc3nnc(-c4ccc5c(c4)OCO5)o3)cc2)cc1,0.425315534,2.104144358,-9.4,-8.9,5.4246,388.0881634
O=C(CN1C(=O)CCc2ccccc21)Nc1scc(Br)c1-c1ncn[nH]1,0.662646379,2.770169182,-9.1,-8.3,3.2136,431.0051578
CN(C)CCCn1cc(C2=C(c3ccccc3)C(=O)NC2=O)c2ccccc21,0.675529158,2.334070045,-8.4,-7.2,3.1602,373.179027
Cn1cc(C2=C(c3cn(CCCN4CCOCC4)c4ccccc34)C(=O)NC2=O)c2ccccc21,0.440541409,2.644305013,-9.5,-8.6,3.4225,468.2161408
CCCC(=O)Nc1n[nH]c2ncc(-c3ccccc3)cc12,0.769418044,2.158598475,-8.1,-7.7,3.3635,280.1324111
N#Cc1ccc(-c2ccc(CSc3nnc(-c4ccc5c(c4)OCO5)o3)cc2)cc1,0.410876371,2.293696678,-9.4,-9.4,5.29628,413.0834123
O=C(Nc1n[nH]c2ccc(-c3ccccc3)cc12)C1CC1,0.768445346,1.963749043,-8.9,-8.4,3.5784,277.1215121
N=C1NC(=O)C(=Cc2ccc(-c3ccc(S(N)(=O)=O)cc3)o2)S1,0.727500958,2.751821985,-8.3,-7.8,1.73267,349.0190978
Cn1cc(C2=C(c3cn(CCCN)c4ccccc34)C(=O)NC2=O)c2ccccc21,0.507118813,2.5563955,-8.8,-8.1,3.049,398.1742759
O=C1NC(=O)C(c2ccccc2)=C1Nc1cc(Cl)c(O)c(Cl)c1,0.587526714,2.35591934,-7.9,-8.2,3.1786,348.0068475
c1ccc(-c2ccc(CSc3nnc(-c4ccc5c(c4)OCO5)o3)cc2)cc1,0.425315534,2.104144358,-9.3,-8.9,5.4246,388.0881634
Cn1c(N2CCNC(c3ccc(F)cc3)C2)nc(-c2ccccc2)cc1=O,0.776466779,2.767418382,-9.7,-8.8,2.7373,364.1699395
COc1ccc(C2=C(c3cn(C)c4c(OC)cccc34)C(=O)NC2=O)cc1OC,0.675792689,2.451519622,-8.5,-8.1,2.7713,392.1372217
Cn1cc(C2=C(c3ccccc3)C(=O)NC2=O)c2ccccc21,0.74005506,2.152761451,-8.5,-8.4,2.7455,302.1055277
Cn1c(N2CCOC(c3ccccc3)C2)nc(-c2ccc(Cl)cc2)cc1=O,0.694006521,2.695471636,-9,-8.3,3.6786,381.1244046
O=C(NCc1ccccc1)c1ccnc2[nH]c(-c3ccc(F)cc3)nc12,0.591902958,2.090464915,-9.3,-8.4,3.694,346.1229893
O=C1Nc2ccccc2C1=C1Nc2ccccc2N1,0.629190823,2.292274768,-8.6,-8.2,2.8449,249.090212
O=C(Nc1n[nH]c2ncc(-c3ccccc3)cc12)C1CC1,0.773390379,2.155164175,-8.4,-7.9,2.9734,278.1167611
c1ccc(-c2ccc(CSc3nnc(-c4ccc5c(c4)OCO5)o3)cc2)cc1,0.425315534,2.104144358,-9.4,-9,5.4246,388.0881634
O=C(Nc1n[nH]c2ccc(-c3ccccc3)cc12)C1CC1,0.768445346,1.963749043,-8.6,-8,3.5784,277.1215121
CCCC(=O)Nc1n[nH]c2ncc(-c3ccccc3)cc12,0.769418044,2.158598475,-8.1,-7.7,3.3635,280.1324111
O=C(Cn1c(=O)ccc2ccccc21)Nc1scc(Br)c1-c1ncn[nH]1,0.520068719,2.743682413,-8.9,-8.7,3.2493,428.9895077
CSc1ccc(NC2=C(c3ccccc3)C(=O)NC2=O)cc1,0.673281968,2.198439841,-7.8,-7.7,2.8881,310.0775987
c1ccc(-c2ccc(CSc3nnc(-c4ccc5c(c4)OCO5)o3)cc2)cc1,0.425315534,2.104144358,-9.4,-8.8,5.4246,388.0881634
c1ccc(-c2ccc(CSc3nnc(-c4ccc5c(c4)OCO5)o3)cc2)cc1,0.425315534,2.104144358,-9.4,-8.9,5.4246,388.0881634
c1ccc(-c2ccc(CSc3nnc(-c4ccc5c(c4)OCO5)o3)cc2)cc1,0.425315534,2.104144358,-9.4,-8.8,5.4246,388.0881634
COCCN1CCC(CNC(=O)c2n[nH]c3ccc(-c4ccccc4)cc23)CC1,0.647153718,2.235827093,-8.8,-8.8,3.3181,392.2212261
CCN1CCN(c2ccccc2NC(=O)c2ccc(Nc3nccc(-c4cnn5ncccc45)n3)cc2)CC1,0.327682722,2.649394712,-10.2,-9.3,4.3241,519.2495065
O=C(NCCc1ccccc1)c1ccc(O)c2[nH]c(-c3ccc(F)cc3)nc12,0.492469209,2.130310109,-9.6,-8.8,4.0471,375.138305
COCCN1CCC(CNC(=O)c2n[nH]c3ccc(-c4ccccc4)cc23)CC1,0.647153718,2.235827093,-8.8,-8.6,3.3181,392.2212261
c1ccc(-c2ccc(CSc3nnc(-c4ccc5c(c4)OCO5)o3)cc2)cc1,0.425315534,2.104144358,-9.4,-8.9,5.4246,388.0881634
COCCN1CCC(CNC(=O)c2n[nH]c3cc(-c4ccccc4)ccc23)CC1,0.647153718,2.240086822,-8.7,-8.4,3.3181,392.2212261
CCCC(=O)Nc1n[nH]c2ccc(-c3ccccn3)cc12,0.769418044,2.166620165,-8.1,-7.6,3.3635,280.1324111
COCCN1CCC(CNC(=O)c2n[nH]c3ccc(-c4ccccc4)cc23)CC1,0.647153718,2.235827093,-8.8,-8.6,3.3181,392.2212261
c1ccc(-c2ccc(CSc3nnc(-c4ccc5c(c4)OCO5)o3)cc2)cc1,0.425315534,2.104144358,-9.4,-8.9,5.4246,388.0881634
CN(C)CCCn1cc(C2=C(c3cccc4ccccc34)C(=O)NC2=O)c2ccccc21,0.470295516,2.435693515,-9.6,-8,4.3134,423.194677
O=C(Nc1n[nH]c2ccc(-c3ccccn3)cc12)C1CC1,0.773390379,2.163185865,-8.4,-8,2.9734,278.1167611
O=C(Nc1n[nH]c2ncc(-c3ccccc3)cc12)C1CC1,0.773390379,2.155164175,-8.5,-7.9,2.9734,278.1167611
c1ccc(-c2ccc(CSc3nnc(-c4ccncc4)o3)cc2)cc1,0.47153119,1.983046928,-8.8,-8.2,5.0909,345.0935831
CN(C)C(=O)NCCCn1cc(C2=C(c3ccccc3)C(=O)NC2=O)c2ccccc21,0.478808402,2.4773322,-9.4,-8.5,2.8698,416.1848406
O=C1NC(=O)C(c2ccccc2)=C1Nc1cccc(Cl)c1,0.856775357,2.080552851,-8,-8,2.8196,298.0509053
COCCN1CCC(CNC(=O)c2n[nH]c3ccc(-c4ccccc4)cc23)CC1,0.647153718,2.235827093,-8.8,-8.6,3.3181,392.2212261
c1ccc(-c2ccc(CSc3nnc(-c4ccc5c(c4)OCO5)o3)cc2)cc1,0.425315534,2.104144358,-9.4,-8.9,5.4246,388.0881634
Cn1cc(C2=C(c3cn(CCCN4CCOCC4)c4ccccc34)C(=O)NC2=O)c2ccccc21,0.440541409,2.644305013,-9.6,-8.1,3.4225,468.2161408
O=C(CN1C(=O)Cc2ccccc21)Nc1scc(Br)c1-c1ncn[nH]1,0.68197233,2.820193544,-8.5,-8.4,2.8235,416.9895077
CSc1ccc(NC2=C(c3ccccc3)C(=O)NC2=O)cc1,0.673281968,2.198439841,-7.8,-7.7,2.8881,310.0775987
c1ccc(-c2ccc(CSc3nnc(-c4ccc5c(c4)OCCO5)o3)cc2)cc1,0.412852211,2.143259086,-9.4,-9.1,5.4671,402.1038134
O=C(NCC1CCN(Cc2ccccc2)CC1)c1n[nH]c2ccc(-c3ccccc3)cc12,0.464120718,2.146793483,-8.8,-9.4,4.8719,424.2263115
O=C(Nc1n[nH]c2ncc(-c3ccccc3)cc12)C1CC1,0.773390379,2.155164175,-8.5,-7.8,2.9734,278.1167611
c1ccc(-c2ccc(CSc3nnc(-c4ccc5c(c4)OCO5)o3)cc2)cc1,0.425315534,2.104144358,-9.3,-8.9,5.4246,388.0881634
O=C(CN1C(=O)CCc2ccccc2C1=O)Nc1scc(Br)c1-c1ncn[nH]1,0.582610421,2.810187352,-8.9,-8.2,2.8494,459.0000724
c1ccc(Nc2nccc(-c3cnn4ncccc34)n2)cc1,0.627484971,2.364224756,-8.3,-8.2,2.9299,288.1123444
c1ccc(-c2ccc(CSc3nnc(-c4ccc5c(c4)OCO5)o3)cc2)cc1,0.425315534,2.104144358,-9.4,-8.9,5.4246,388.0881634
O=C(O)CN1CCC(CNC(=O)c2n[nH]c3cc(-c4ccccc4)ccc23)CC1,0.599180564,2.24281657,-8.9,-8.5,2.7563,392.1848406
O=C1NC(=O)C(c2ccccc2)=C1Nc1cc(Cl)c(O)c(Cl)c1,0.587526714,2.35591934,-7.9,-8.2,3.1786,348.0068475
COc1ccc2[nH]nc(C(=O)NCC3CCN(Cc4ccc(C(=O)O)o4)CC3)c2c1,0.545137194,2.458462942,-9.2,-8.3,2.5047,412.1746699
O=C1NC(=O)C(c2cn(CCO)c3ccccc23)=C1c1coc2ccccc12,0.539622346,2.566166519,-9.1,-8.3,2.947,372.111007
O=C(Nc1n[nH]c2ccc(-c3ccccc3)cc12)C1CC1,0.768445346,1.963749043,-8.8,-8.4,3.5784,277.1215121
CSc1ccc(NC2=C(c3ccccc3)C(=O)NC2=O)cc1,0.673281968,2.198439841,-7.9,-7.7,2.8881,310.0775987
c1ccc(-c2ccc(CSc3nnc(-c4ccc5c(c4)OCCO5)o3)cc2)cc1,0.412852211,2.143259086,-9.4,-9.1,5.4671,402.1038134
COCCN1CCC(CNC(=O)c2n[nH]c3ccc(-c4ccccc4)cc23)CC1,0.647153718,2.235827093,-8.8,-8.6,3.3181,392.2212261
O=C1Nc2ccccc2NC1=C1C(=O)Nc2ccccc21,0.647589488,2.360171237,-9.5,-9.2,2.414,277.0851266
O=C(Nc1n[nH]c2ncc(-c3ccccc3)cc12)C1CC1,0.773390379,2.155164175,-8.4,-7.9,2.9734,278.1167611
c1ccc(-c2ccc(CSc3nnc(-c4ccc5c(c4)OCO5)o3)cc2)cc1,0.425315534,2.104144358,-9.4,-8.9,5.4246,388.0881634
O=C(Nc1n[nH]c2nc(-c3ccccc3)ccc12)C1CC1,0.773390379,2.158875398,-8.3,-7.4,2.9734,278.1167611
C[S+]([O-])c1ccc(-c2coc3ccc(-c4ccccc4)cc23)cc1,0.464146294,3.016714776,-9.3,-8.9,5.5042,332.0871008
O=C1NC(=O)C(c2ccccc2)=C1Nc1cccc(Cl)c1,0.856775357,2.080552851,-8,-8,2.8196,298.0509053
CCCC(=O)Nc1n[nH]c2ncc(-c3ccccc3)cc12,0.769418044,2.158598475,-8.1,-7.7,3.3635,280.1324111
O=C(Nc1n[nH]c2ccc(-c3ccccc3)cc12)C1CC1,0.768445346,1.963749043,-8.7,-8.2,3.5784,277.1215121
Cn1c(N2CCNC(c3ccc(F)cc3)C2)nc(-c2ccc(Cl)cc2)cc1=O,0.734372003,2.825560039,-9.9,-8.7,3.3907,398.1309672
COCCN1CCC(CNC(=O)c2n[nH]c3ccc(-c4ccccc4)cc23)CC1,0.647153718,2.235827093,-8.8,-8.6,3.3181,392.2212261
c1ccc(-c2ccc(CSc3nnc(-c4ccc5c(c4)OCCO5)o3)cc2)cc1,0.412852211,2.143259086,-9.4,-9.1,5.4671,402.1038134
O=C1NC(=O)C(c2ccccc2)=C1Nc1ccc(Cl)c(C(=O)O)c1,0.741971604,2.194481484,-9,-8.5,2.5178,342.0407345
CSc1nc(-c2ccc(F)cc2)c(C2=CC=NC(Nc3ccc(NC(=O)c4ccccc4)cc3)=NC=C2)n1C,0.270377279,3.058869093,-10.1,-8.7,6.65,536.1794586
O=C(Nc1n[nH]c2ccc(-c3ccccc3)cc12)C1CC1,0.768445346,1.963749043,-8.8,-8.2,3.5784,277.1215121
CSc1ccc(NC2=C(c3ccccc3)C(=O)NC2=O)cc1,0.673281968,2.198439841,-7.8,-7.7,2.8881,310.0775987
COCCN1CCC(CNC(=O)c2n[nH]c3cc(-c4ccccc4)ccc23)CC1,0.647153718,2.240086822,-8.7,-8.4,3.3181,392.2212261
COCCN1CCC(CNC(=O)c2n[nH]c3cc(-c4ccccc4)ccc23)CC1,0.647153718,2.240086822,-8.6,-8.4,3.3181,392.2212261
O=C1NC(=O)C(c2ccccc2)=C1Nc1cc(Cl)c(O)c(Cl)c1,0.587526714,2.35591934,-7.8,-8.2,3.1786,348.0068475
CSc1nc(-c2ccc(F)cc2)c(-c2ccnc(NC(=O)C3CC3)c2)[nH]1,0.657070904,2.39643739,-9,-7.7,4.3482,368.1107104
CC(C)C(=O)NCCCn1cc(C2=C(c3coc4ccccc34)C(=O)NC2=O)c2ccccc21,0.323891103,2.667940648,-10,-8.8,4.117,455.1845063
O=C(Nc1n[nH]c2ncc(-c3ccccc3)cc12)C1CC1,0.773390379,2.155164175,-8.5,-7.9,2.9734,278.1167611
N=C1NC(=O)C(=Cc2ccc(-c3ccc(S(N)(=O)=O)cc3)o2)S1,0.727500958,2.751821985,-8.3,-7.8,1.73267,349.0190978
c1ccc(-c2ccc(CSc3nnc(-c4ccc5c(c4)OCO5)o3)cc2)cc1,0.425315534,2.104144358,-9.4,-8.9,5.4246,388.0881634
O=C(Nc1n[nH]c2ncc(-c3ccccc3)cc12)C1CC1,0.773390379,2.155164175,-8.5,-7.9,2.9734,278.1167611
c1ccc(-c2ccc(CSc3nnc(-c4ccc5c(c4)OCO5)o3)cc2)cc1,0.425315534,2.104144358,-9.4,-8.9,5.4246,388.0881634
COCCN1CCC(CNC(=O)c2n[nH]c3cc(-c4ccccc4)ccc23)CC1,0.647153718,2.240086822,-8.6,-8.3,3.3181,392.2212261
Clc1ccc(Nc2nccc(-c3cnn4ncccc34)n2)cc1,0.62407752,2.412541583,-8.6,-7.8,3.5833,322.073372
O=C(Nc1n[nH]c2ccc(-c3ccccc3)cc12)C1CC1,0.768445346,1.963749043,-8.8,-8.3,3.5784,277.1215121
CCCC(=O)Nc1n[nH]c2ccc(-c3ccccn3)cc12,0.769418044,2.166620165,-8,-7.6,3.3635,280.1324111
c1ccc(-c2ccc(CSc3nnc(-c4ccc5c(c4)OCCO5)o3)cc2)cc1,0.412852211,2.143259086,-9.4,-9.1,5.4671,402.1038134
c1ccc(-c2ccc(CSc3nnc(-c4ccc5c(c4)OCCO5)o3)cc2)cc1,0.412852211,2.143259086,-9.4,-8.4,5.4671,402.1038134
N=C1NC(=O)C(=Cc2ccc(-c3ccc(Cl)cc3)o2)S1,0.830631159,2.659404864,-7.6,-7.8,3.73867,304.0073262
CSc1ccc(NC2=C(c3ccccc3)C(=O)NC2=O)cc1,0.673281968,2.198439841,-7.8,-7.6,2.8881,310.0775987
c1ccc(-c2ccc(CSc3nnc(-c4ccc5c(c4)OCCO5)o3)cc2)cc1,0.412852211,2.143259086,-9.4,-9,5.4671,402.1038134
O=C1NC(=O)C(c2ccccc2)=C1Nc1cc(Cl)c(O)c(Cl)c1,0.587526714,2.35591934,-7.9,-8.3,3.1786,348.0068475
O=C(Nc1n[nH]c2ncc(-c3ccccc3)cc12)C1CC1,0.773390379,2.155164175,-8.5,-7.9,2.9734,278.1167611
c1ccc(-c2ccc(CSc3nnc(-c4ccc5c(c4)OCO5)o3)cc2)cc1,0.425315534,2.104144358,-9.4,-8.9,5.4246,388.0881634
O=C(Nc1n[nH]c2ncc(-c3ccccc3)cc12)C1CC1,0.773390379,2.155164175,-8.3,-8,2.9734,278.1167611
CCCC(=O)Nc1n[nH]c2cc(-c3ccc(OC)cc3)ccc12,0.74891501,2.031055857,-7.8,-7.7,3.9771,309.1477268
c1ccc(Nc2nccc(-c3cnn4ncccc34)n2)cc1,0.627484971,2.364224756,-8.3,-8.3,2.9299,288.1123444
CSc1ccc(NC2=C(c3ccccc3)C(=O)NC2=O)cc1,0.673281968,2.198439841,-7.8,-7.7,2.8881,310.0775987
c1ccc(-c2ccc(CSc3nnc(-c4ccc5c(c4)OCO5)o3)cc2)cc1,0.425315534,2.104144358,-9.4,-8.9,5.4246,388.0881634
c1ccc(-c2ccc(CSc3nnc(-c4ccc5c(c4)OCO5)o3)cc2)cc1,0.425315534,2.104144358,-9.4,-8.9,5.4246,388.0881634
c1ccc(-c2ccc(CSc3nnc(-c4ccc5c(c4)OCO5)o3)cc2)cc1,0.425315534,2.104144358,-9.4,-9.1,5.4246,388.0881634
CSc1nc(-c2ccc(F)cc2)c(-c2ccnc(NC3CCCC3)c2)[nH]1,0.595830443,2.449623214,-8.7,-7.8,5.3542,368.1470959
N=C1NC(=O)C(=Cc2ccc(-c3ccc(Cl)cc3)o2)S1,0.830631159,2.659404864,-7.6,-7.7,3.73867,304.0073262
c1ccc(-c2ccc(CSc3nnc(-c4ccc5c(c4)OCO5)o3)cc2)cc1,0.425315534,2.104144358,-9.4,-8.9,5.4246,388.0881634
N#Cc1ccc(-c2ccc(CSc3nnc(-c4ccc5c(c4)OCO5)o3)cc2)cc1,0.410876371,2.293696678,-9.4,-8.9,5.29628,413.0834123
COCCN1CCC(CNC(=O)c2n[nH]c3cc(-c4ccccc4)ccc23)CC1,0.647153718,2.240086822,-8.7,-8.3,3.3181,392.2212261
COCCN1CCC(CNC(=O)c2n[nH]c3cc(-c4ccc(Cl)cc4)ccc23)CC1,0.599300035,2.300408781,-8.7,-8.4,3.9715,426.1822538
Cn1cc(C2=C(c3cn(CCCN4CCOCC4)c4ccccc34)C(=O)NC2=O)c2ccccc21,0.440541409,2.644305013,-9.6,-8.3,3.4225,468.2161408
O=C1NC(=O)C(c2ccccc2)=C1Nc1cc(Cl)c(O)c(Cl)c1,0.587526714,2.35591934,-7.9,-8.2,3.1786,348.0068475
c1ccc(-c2ccc(CSc3nnc(-c4ccc5c(c4)OCO5)o3)cc2)cc1,0.425315534,2.104144358,-9.4,-8.9,5.4246,388.0881634
CCCC(=O)Nc1n[nH]c2ncc(-c3ccccc3)cc12,0.769418044,2.158598475,-8.1,-7.7,3.3635,280.1324111
O=C1NC(=O)C(c2ccccc2)=C1Nc1cc(Cl)c(O)c(Cl)c1,0.587526714,2.35591934,-8.1,-8.1,3.1786,348.0068475
c1ccc(-c2ccc(CSc3nnc(-c4ccc5c(c4)OCO5)o3)cc2)cc1,0.425315534,2.104144358,-9.3,-8.9,5.4246,388.0881634
O=C1NC(=O)C(c2ccccc2)=C1Nc1cc(Cl)c(O)c(Cl)c1,0.587526714,2.35591934,-8.1,-8.2,3.1786,348.0068475
COCCN1CCC(CNC(=O)c2n[nH]c3ccc(-c4ccccc4)cc23)CC1,0.647153718,2.235827093,-8.8,-8.5,3.3181,392.2212261
c1ccc(-c2ccc(CSc3nnc(-c4ccc5c(c4)OCO5)o3)cc2)cc1,0.425315534,2.104144358,-9.4,-8.9,5.4246,388.0881634
COCCN1CCC(CNC(=O)c2n[nH]c3ccc(-c4ccccc4)cc23)CC1,0.647153718,2.235827093,-8.8,-8.6,3.3181,392.2212261
c1ccc(-c2ccc(CSc3nnc(-c4ccc5c(c4)OCCO5)o3)cc2)cc1,0.412852211,2.143259086,-9.4,-9.2,5.4671,402.1038134
CN(C)CCCn1cc(C2=C(c3ccccc3)C(=O)NC2=O)c2ccccc21,0.675529158,2.334070045,-8.5,-7.2,3.1602,373.179027
O=C(Nc1n[nH]c2cc(-c3ccccc3)ccc12)C1CC1,0.768445346,1.975895071,-8.1,-7.7,3.5784,277.1215121
c1ccc(-c2ccc(CSc3nnc(-c4ccc5c(c4)OCO5)o3)cc2)cc1,0.425315534,2.104144358,-9.4,-8.9,5.4246,388.0881634
c1ccc(-c2ccc(CSc3nnc(-c4ccc5c(c4)OCO5)o3)cc2)cc1,0.425315534,2.104144358,-9.4,-8.9,5.4246,388.0881634
c1ccc(-c2ccc(CSc3nnc(-c4ccc5c(c4)OCO5)o3)cc2)cc1,0.425315534,2.104144358,-9.4,-8.9,5.4246,388.0881634
O=C(Nc1ccc(Nc2nccc(-c3ccccc3)n2)cc1)c1ccc(N2CCOCC2)cc1,0.430652289,2.079493964,-9.4,-10.1,4.9761,451.200825
c1ccc(-c2ccc(CSc3nnc(-c4ccc5c(c4)OCO5)o3)cc2)cc1,0.425315534,2.104144358,-9.4,-8.9,5.4246,388.0881634
O=C(Nc1n[nH]c2ccc(-c3ccccc3)cc12)C1CC1,0.768445346,1.963749043,-8.8,-8.4,3.5784,277.1215121
COCCN1CCC(CNC(=O)c2n[nH]c3cc(-c4ccc(Cl)cc4)ccc23)CC1,0.599300035,2.300408781,-8.6,-8.4,3.9715,426.1822538
O=C(Nc1n[nH]c2ccc(-c3ccccc3)cc12)C1CC1,0.768445346,1.963749043,-8.7,-8.2,3.5784,277.1215121
COCCN1CCC(CNC(=O)c2n[nH]c3cc(-c4ccccc4)ccc23)CC1,0.647153718,2.240086822,-8.7,-8.4,3.3181,392.2212261
c1ccc(-c2ccc(CSc3nnc(-c4ccc5c(c4)OCO5)o3)cc2)cc1,0.425315534,2.104144358,-9.4,-8.9,5.4246,388.0881634
CCCC(=O)Nc1n[nH]c2ccc(-c3ccccc3)cc12,0.758874824,1.967183343,-8.3,-7.7,3.9685,279.1371622
c1ccc(Nc2nccc(-c3cnn4ncccc34)n2)cc1,0.627484971,2.364224756,-8.2,-8.3,2.9299,288.1123444
c1ccc(-c2ccc(CSc3nnc(-c4ccc5c(c4)OCCO5)o3)cc2)cc1,0.412852211,2.143259086,-9.4,-9.2,5.4671,402.1038134
O=C(Nc1n[nH]c2ccc(-c3ccccn3)cc12)C1CC1,0.773390379,2.163185865,-8.6,-8,2.9734,278.1167611
O=C1Nc2ccccc2C1=C1Nc2ccccc2N1,0.629190823,2.292274768,-8.6,-8.2,2.8449,249.090212
CSc1ccc(NC2=C(c3ccccc3)C(=O)NC2=O)cc1,0.673281968,2.198439841,-7.8,-7.7,2.8881,310.0775987
COCCN1CCC(CNC(=O)c2n[nH]c3ccc(-c4ccccc4)cc23)CC1,0.647153718,2.235827093,-8.8,-8.6,3.3181,392.2212261
O=C(Nc1ccccc1)Nc1cnn(-c2csc(C(=O)NC3COC3)c2)c1,0.631000648,2.559867382,-8.3,-8,2.7064,383.1052104
COCCN1CCC(CNC(=O)c2n[nH]c3ccc(-c4ccccc4)cc23)CC1,0.647153718,2.235827093,-8.8,-8.6,3.3181,392.2212261
O=C(O)c1ccc(CN2CCC(CNC(=O)c3c[nH]c4ccc(-c5ccccc5)cc34)CC2)o1,0.371396476,2.392901372,-9.8,-9.4,4.7681,457.2001563
O=C1NC(=O)C(c2ccccc2)=C1Nc1cccc(Cl)c1,0.856775357,2.080552851,-8,-8,2.8196,298.0509053
c1ccc(-c2ccc(CSc3nnc(-c4ccc5c(c4)OCO5)o3)cc2)cc1,0.425315534,2.104144358,-9.4,-8.9,5.4246,388.0881634
CCCC(=O)Nc1n[nH]c2ccc(-c3ccc(Cl)cc3)cc12,0.737928189,2.037743137,-8.5,-8,4.6219,313.0981898
COc1ccc(C2=C(Nc3ccc(SC)cc3)C(=O)NC2=O)cc1,0.64703128,2.236935293,-7.9,-7.5,2.8967,340.0881634
CSc1ccc(NC2=C(c3ccccc3)C(=O)NC2=O)cc1,0.673281968,2.198439841,-7.8,-7.7,2.8881,310.0775987
c1ccc(-c2ccc(CSc3nnc(-c4ccc5c(c4)OCO5)o3)cc2)cc1,0.425315534,2.104144358,-9.4,-8.9,5.4246,388.0881634
CCCC(=O)Nc1n[nH]c2ccc(-c3ccccn3)cc12,0.769418044,2.166620165,-8.1,-7.5,3.3635,280.1324111
c1ccc(-c2ccc(CSc3nnc(-c4ccc5c(c4)OCO5)o3)cc2)cc1,0.425315534,2.104144358,-9.4,-8.9,5.4246,388.0881634
c1ccc(-c2ccc(CSc3nnc(-c4ccc5c(c4)OCO5)o3)cc2)cc1,0.425315534,2.104144358,-9.4,-8.9,5.4246,388.0881634
O=C1NC(=O)C(c2ccccc2)=C1Nc1cccc(Cl)c1,0.856775357,2.080552851,-8,-8,2.8196,298.0509053
Cn1cc(C2=C(c3cn(CCCN4CCOCC4)c4ccc(F)cc34)C(=O)NC2=O)c2ccccc21,0.423446921,2.73310282,-9.9,-8.4,3.5616,486.2067189
COCCN1CCC(CNC(=O)c2n[nH]c3ccc(-c4ccccc4)cc23)CC1,0.647153718,2.235827093,-8.8,-8.6,3.3181,392.2212261
O=C1NC(=O)C(c2cn(CCCN3CCOCC3)c3ccccc23)=C1c1coc2ccccc12,0.449108134,2.668609246,-9.9,-8.9,3.677,455.1845063
O=C(CN1C(=O)Cc2ccccc2C1=O)Nc1scc(Br)c1-c1ncn[nH]1,0.599085652,2.830712975,-9,-8.4,2.4593,444.9844223
CSc1nc(-c2ccc(F)cc2)c(-c2ccnc(Nc3ccc(NC(=O)c4ccc(N5CCOCC5)cc4)cc3)c2)[nH]1,0.173197461,2.62945827,-9.7,-9.2,6.8322,580.2056734
COCCN1CCC(CNC(=O)c2n[nH]c3ccc(-c4ccccc4)cc23)CC1,0.647153718,2.235827093,-8.8,-8.5,3.3181,392.2212261
NCCCn1cc(C2=C(c3cn(CCCN4CCOCC4)c4ccccc34)C(=O)NC2=O)c2ccccc21,0.336670788,2.777990437,-8.4,-8.1,3.2343,511.2583399
CN(C)CCCn1cc(C2=C(c3cn(C)c4ccccc34)C(=O)NC2=O)c2ccccc21,0.478990335,2.579171886,-9,-8.2,3.6519,426.2055761
NC(=O)c1cnc(Nc2ccc(N3CCOCC3)cc2)cc1Nc1ccccc1Cl,0.551006254,2.269554139,-8.7,-8.4,4.1577,423.1462026
COCCN1CCC(CNC(=O)c2n[nH]c3ccc(-c4ccccc4)cc23)CC1,0.647153718,2.235827093,-8.8,-8.5,3.3181,392.2212261
O=C(Nc1n[nH]c2ccc(-c3ccccc3)cc12)C1CC1,0.768445346,1.963749043,-8.6,-8.2,3.5784,277.1215121
O=C(Cc1cccc2ccccc12)Nc1scc(Br)c1-c1ncn[nH]1,0.512627579,2.583943122,-9,-9,4.6301,411.9993441
c1ccc(-c2ccc(CSc3nnc(-c4ccc5c(c4)OCO5)o3)cc2)cc1,0.425315534,2.104144358,-9.4,-8.9,5.4246,388.0881634
O=C(Nc1n[nH]c2ccc(-c3ccccc3)cc12)C1CC1,0.768445346,1.963749043,-8.7,-8.3,3.5784,277.1215121
COCCN1CCC(CNC(=O)c2n[nH]c3ccc(-c4ccccc4)cc23)CC1,0.647153718,2.235827093,-8.8,-8.5,3.3181,392.2212261
COCCN1CCC(CNC(=O)c2n[nH]c3cc(-c4ccccc4)ccc23)CC1,0.647153718,2.240086822,-8.7,-8.4,3.3181,392.2212261
Clc1ccccc1Nc1cccc(-c2cnn3ncccc23)n1,0.614499721,2.426253348,-8.5,-8.2,4.1883,321.0781231
O=C(NC1CCCC1)c1ccc(O)c2[nH]c(-c3ccc(F)cc3)nc12,0.679961001,2.238143544,-8.7,-8.2,3.747,339.138305
O=C1NC(=O)C(c2ccccc2)=C1Nc1cccc(Cl)c1,0.856775357,2.080552851,-7.9,-8,2.8196,298.0509053
COCCN1CCC(CNC(=O)c2n[nH]c3ccc(-c4ccccc4)cc23)CC1,0.647153718,2.235827093,-8.8,-8.6,3.3181,392.2212261
O=C(Nc1n[nH]c2ncc(-c3ccccc3)cc12)C1CC1,0.773390379,2.155164175,-8.5,-7.9,2.9734,278.1167611
c1ccc(-c2ccc(CSc3nnc(-c4ccc5c(c4)OCCO5)o3)cc2)cc1,0.412852211,2.143259086,-9.4,-8.4,5.4671,402.1038134
CSc1nc(-c2ccc(F)cc2)c(C2=CC=NC(Nc3ccc(NC(=O)c4ccc(N5CCOCC5)cc4)cc3)=NC=C2)n1C,0.229326086,3.233534458,-9.8,-9.9,6.4866,621.2322225
O=C1NC(=O)C(c2cn(CCCO)c3ccccc23)=C1c1cccc2ccccc12,0.504974442,2.385616738,-9,-8.9,3.7441,396.1473925
COCCN1CCC(CNC(=O)c2n[nH]c3ccc(-c4ccccc4)cc23)CC1,0.647153718,2.235827093,-8.8,-8.5,3.3181,392.2212261
c1ccc(-c2ccc(CSc3nnc(-c4ccc5c(c4)OCO5)o3)cc2)cc1,0.425315534,2.104144358,-9.4,-8.9,5.4246,388.0881634
Cn1c(N2CCNC(c3ccc(F)cc3)C2)nc(-c2ccccc2)cc1=O,0.776466779,2.767418382,-9.7,-8.8,2.7373,364.1699395
Clc1cccc(Nc2nccc(-c3cnn4ncccc34)n2)c1,0.62407752,2.465688416,-8.4,-8.5,3.5833,322.073372
O=C(Nc1n[nH]c2ncc(-c3ccccc3)cc12)C1CC1,0.773390379,2.155164175,-8.5,-8,2.9734,278.1167611
CSc1ccc(NC2=C(c3ccccc3)C(=O)NC2=O)cc1,0.673281968,2.198439841,-7.8,-7.7,2.8881,310.0775987
O=C1Nc2ccccc2NC1=C1C(=O)Nc2ccccc21,0.647589488,2.360171237,-9.5,-9.3,2.414,277.0851266
c1ccc(-c2ccc(CSc3nnc(-c4ccc5c(c4)OCCO5)o3)cc2)cc1,0.412852211,2.143259086,-9.4,-9,5.4671,402.1038134
O=C(Nc1n[nH]c2ncc(-c3ccccc3)cc12)C1CC1,0.773390379,2.155164175,-8.5,-8,2.9734,278.1167611
c1ccc(-c2ccc(CSc3nnc(-c4ccc5c(c4)OCO5)o3)cc2)cc1,0.425315534,2.104144358,-9.4,-8.5,5.4246,388.0881634
c1ccc(-c2ccc(CSc3nnc(-c4ccc5c(c4)OCO5)o3)cc2)cc1,0.425315534,2.104144358,-9.3,-8.9,5.4246,388.0881634
COCCN1CCC(CNC(=O)c2n[nH]c3cc(-c4ccccc4)ccc23)CC1,0.647153718,2.240086822,-8.8,-8.3,3.3181,392.2212261
COCCN1CCC(CNC(=O)c2n[nH]c3ccc(-c4ccccc4)cc23)CC1,0.647153718,2.235827093,-8.8,-8.6,3.3181,392.2212261
CCCC(=O)Nc1n[nH]c2ccc(-c3ccccc3)cc12,0.758874824,1.967183343,-8.3,-7.8,3.9685,279.1371622
O=C1Nc2ccccc2C1=C1Nc2ccccc2N1,0.629190823,2.292274768,-8.6,-8.2,2.8449,249.090212
O=C1NC(=O)C(c2cn(CCCO)c3ccccc23)=C1c1cccc2ccccc12,0.504974442,2.385616738,-8.9,-8.9,3.7441,396.1473925
O=C1NC(=O)C(c2cn(CCCN3CCOCC3)c3ccccc23)=C1c1cn(CCCO)c2ccccc12,0.336278322,2.763409564,-8.4,-9.2,3.2679,512.2423555
O=C(Nc1n[nH]c2ccc(-c3ccccc3)cc12)C1CC1,0.768445346,1.963749043,-8.8,-8.4,3.5784,277.1215121
COCCN1CCC(CNC(=O)c2n[nH]c3ccc(-c4ccccc4)cc23)CC1,0.647153718,2.235827093,-8.8,-8.5,3.3181,392.2212261
N#Cc1ccc(-c2ccc(CSc3nnc(-c4ccc5c(c4)OCO5)o3)cc2)cc1,0.410876371,2.293696678,-9.5,-9.4,5.29628,413.0834123
COc1ccc2[nH]nc(C(=O)NCC3CCN(Cc4ccccc4)CC3)c2c1,0.690995807,2.115609608,-9.2,-8.4,3.2135,378.2055761
O=C1NC(=O)C(c2ccccc2)=C1Nc1cc(Cl)c(O)c(Cl)c1,0.587526714,2.35591934,-7.9,-8.2,3.1786,348.0068475
N=C1NC(=O)C(=Cc2ccc(-c3ccc(Cl)c(Cl)c3)o2)S1,0.797589161,2.769090557,-7.9,-8.2,4.39207,337.9683539
CSc1ccc(NC2=C(c3ccccc3)C(=O)NC2=O)cc1,0.673281968,2.198439841,-7.8,-7.7,2.8881,310.0775987
O=C(Nc1n[nH]c2nc(-c3ccccc3)ccc12)C1CC1,0.773390379,2.158875398,-8.4,-7.6,2.9734,278.1167611
NCCCn1cc(C2=C(c3coc4ccccc34)C(=O)NC2=O)c2ccccc21,0.515904878,2.594129757,-9,-8.3,3.3035,385.1426415
c1ccc(-c2ccc(CSc3nnc(-c4ccc5c(c4)OCO5)o3)cc2)cc1,0.425315534,2.104144358,-9.4,-8.9,5.4246,388.0881634
Clc1ccc(Nc2ccc(-n3cnc(N4CCOCC4)n3)cc2)nc1Nc1ccccc1,0.445335511,2.512018585,-9.7,-9,4.6395,447.157436
O=C(Nc1n[nH]c2ncc(-c3ccccc3)cc12)C1CC1,0.773390379,2.155164175,-8.5,-8,2.9734,278.1167611
Cn1cc(C2=C(c3cn(CCCN)c4ccccc34)C(=O)NC2=O)c2ccccc21,0.507118813,2.5563955,-8.8,-8.7,3.049,398.1742759
COCCN1CCC(CNC(=O)c2n[nH]c3ccc(-c4ccccc4)cc23)CC1,0.647153718,2.235827093,-8.7,-8.6,3.3181,392.2212261
CCCC(=O)Nc1n[nH]c2ncc(-c3ccccc3)cc12,0.769418044,2.158598475,-8.1,-7.8,3.3635,280.1324111
COCCN1CCC(CNC(=O)c2n[nH]c3ccc(-c4ccccc4)cc23)CC1,0.647153718,2.235827093,-8.8,-8.5,3.3181,392.2212261
COCCN1CCC(CNC(=O)c2n[nH]c3ccc(-c4ccccc4)cc23)CC1,0.647153718,2.235827093,-8.8,-8.6,3.3181,392.2212261
COCCN1CCC(CNC(=O)c2n[nH]c3ccc(-c4ccccc4)cc23)CC1,0.647153718,2.235827093,-8.8,-8.7,3.3181,392.2212261
O=C1NC(=O)C(c2ccccc2)=C1Nc1cc(Cl)c(O)c(Cl)c1,0.587526714,2.35591934,-7.9,-8.2,3.1786,348.0068475
O=C(Nc1ccccc1)c1ccc(Nc2nccc(-c3cnn4ncccc34)n2)cc1,0.453592705,2.349968587,-9.8,-9.2,4.1822,407.1494582
CSc1ccc(NC2=C(c3ccccc3)C(=O)NC2=O)cc1,0.673281968,2.198439841,-7.7,-7.7,2.8881,310.0775987
c1ccc(-c2ccc(CSc3nnc(-c4ccc5c(c4)OCO5)o3)cc2)cc1,0.425315534,2.104144358,-9.4,-8.9,5.4246,388.0881634
O=C1NC(=O)C(c2ccccc2)=C1Nc1cc(Cl)c(O)c(Cl)c1,0.587526714,2.35591934,-7.9,-8.2,3.1786,348.0068475
Cn1cc(C2=C(c3cn(CCCN4CCOCC4)c4ccccc34)C(=O)NC2=O)c2ccccc21,0.440541409,2.644305013,-9.5,-8.6,3.4225,468.2161408
NS(=O)(=O)c1ccc(NC2=C(c3ccccc3)C(=O)NC2=O)cc1,0.710156551,2.183088372,-8.3,-8.1,0.8136,343.0626769
COCCN1CCC(CNC(=O)c2n[nH]c3ccc(-c4ccccc4)cc23)CC1,0.647153718,2.235827093,-8.8,-8.6,3.3181,392.2212261
Clc1ccc(-c2ccc(CSc3nnc(-c4ccc5c(c4)OCO5)o3)cc2)cc1,0.363205807,2.167020914,-9.5,-9.2,6.078,422.049191
O=C(Nc1n[nH]c2ncc(-c3ccccc3)cc12)C1CC1,0.773390379,2.155164175,-8.3,-8,2.9734,278.1167611
Cn1cc(C2=C(c3cn(CCCN4CCOCC4)c4ncccc34)C(=O)NC2=O)c2ccccc21,0.43944429,2.761653882,-9.7,-9,2.8175,469.2113897
Cc1ccccc1-c1ccc2[nH]nc(C(=O)NCC3CCN(Cc4ccccc4)CC3)c2c1,0.436022817,2.234137635,-9,-9.4,5.18032,438.2419616
N#Cc1ccc(-c2nnc(SCc3ccc(-c4ccccc4)cc3)o2)cc1,0.430512969,2.02047577,-9.2,-8.2,5.56758,369.0935831
O=C(Nc1n[nH]c2ccc(-c3ccccc3)cc12)C1CC1,0.768445346,1.963749043,-8.8,-8.3,3.5784,277.1215121
c1ccc(-c2ccc(CSc3nnc(-c4ccc5c(c4)OCO5)o3)cc2)cc1,0.425315534,2.104144358,-9.3,-8.9,5.4246,388.0881634
O=C1NC(=O)C(c2ccccc2)=C1Nc1cc(Cl)c(O)c(Cl)c1,0.587526714,2.35591934,-7.9,-8.2,3.1786,348.0068475
O=C(NCc1ccccc1)c1cccc(-n2ncc3cc(Nc4ccccc4Cl)ccc32)c1,0.315214661,2.114268484,-9.2,-8.8,6.3525,452.140389
O=C(NC1COC1)c1cc(-n2ncc3cc(Nc4ccccc4Cl)cnc32)cs1,0.504646757,2.787959427,-9.1,-8.3,4.0076,425.0713234
Clc1ccccc1Nc1cc(-c2ccnc(Nc3ccc(N4CCOCC4)cc3)n2)ccn1,0.393895394,2.347406195,-9.7,-9.8,5.5158,458.162187
O=C(Nc1n[nH]c2ccc(-c3ccccc3Cl)cc12)C1CC1,0.7600986,2.095712368,-8.6,-8.7,4.2318,311.0825397
O=C(NCC1CCN(CCc2ccccc2)CC1)c1n[nH]c2cc(-c3ccccc3)ccc12,0.430796333,2.20849395,-9.3,-10.1,4.9144,438.2419616
COC1CCC(N2C(=O)C(=C3Nc4ccccc4N3)c3ccccc3C2=O)CC1,0.603377992,2.596800086,-10,-9.3,3.8328,389.1739416
CCCC(=O)Nc1n[nH]c2ncc(-c3ccccc3)cc12,0.769418044,2.158598475,-8.1,-7.7,3.3635,280.1324111
c1ccc(-c2ccc(CSc3nnc(-c4ccc5c(c4)OCO5)o3)cc2)cc1,0.425315534,2.104144358,-9.4,-8.9,5.4246,388.0881634
Cn1cc(C2=C(c3cn(CCCN)c4ccccc34)C(=O)NC2=O)c2ccccc21,0.507118813,2.5563955,-8.8,-8.1,3.049,398.1742759
c1ccc(-c2ccc(CSc3nnc(-c4ccc5c(c4)OCO5)o3)cc2)cc1,0.425315534,2.104144358,-9.4,-8.9,5.4246,388.0881634
O=C(Nc1n[nH]c2ncc(-c3ccccc3)cc12)C1CC1,0.773390379,2.155164175,-8.3,-8,2.9734,278.1167611
COCCN1CCC(CNC(=O)c2n[nH]c3ccc(-c4ccccc4)cc23)CC1,0.647153718,2.235827093,-8.8,-8.6,3.3181,392.2212261
CSc1ccc(NC2=C(c3ccccc3)C(=O)NC2=O)cc1,0.673281968,2.198439841,-7.8,-7.7,2.8881,310.0775987
O=C1NC(=O)C(c2cn(CCCN3CCOCC3)c3ccccc23)=C1c1coc2ccccc12,0.449108134,2.668609246,-9.8,-8.6,3.677,455.1845063
CSc1ccc(NC2=C(c3ccccc3)C(=O)NC2=O)cc1,0.673281968,2.198439841,-7.7,-7.8,2.8881,310.0775987
CC(=O)NCCCn1cc(C2=C(c3cn(C)c4ccccc34)C(=O)NC2=O)c2ccccc21,0.356640986,2.583029916,-9.4,-9.3,3.2264,440.1848406
Clc1ccccc1Nc1nccc(-c2cnn3ncccc23)n1,0.62407752,2.461172126,-8.4,-8,3.5833,322.073372
CN(C)CCCn1cc(C2=C(c3cn(C)c4ccccc34)C(=O)NC2=O)c2ccccc21,0.478990335,2.579171886,-8.9,-8.1,3.6519,426.2055761
c1ccc(-c2ccc(CSc3nnc(-c4ccc5c(c4)OCO5)o3)cc2)cc1,0.425315534,2.104144358,-9.4,-8.9,5.4246,388.0881634
COCCN1CCC(CNC(=O)c2n[nH]c3ccc(-c4ccccc4)cc23)CC1,0.647153718,2.235827093,-8.8,-8.6,3.3181,392.2212261
CSc1nc(-c2ccc(F)cc2)c(C2=CC=NC(Nc3ccc(NC(=O)c4ccc(N5CCOCC5)cc4)cc3)=NC=C2)n1C,0.229326086,3.233534458,-9.7,-9.9,6.4866,621.2322225
O=C1Nc2ccccc2C1=C1C(=O)Nc2ccccc21,0.716573186,2.137168315,-8.9,-9.1,2.5016,262.0742276
c1ccc(-c2ccc(CSc3nnc(-c4ccc5c(c4)OCO5)o3)cc2)cc1,0.425315534,2.104144358,-9.4,-8.9,5.4246,388.0881634
Cn1cc(C2=C(c3cn(CCCN4CCOCC4)c4ccccc34)C(=O)NC2=O)c2ccccc21,0.440541409,2.644305013,-9.5,-8.6,3.4225,468.2161408
CSc1ccc(NC2=C(c3ccccc3)C(=O)NC2=O)cc1,0.673281968,2.198439841,-7.9,-7.7,2.8881,310.0775987
COCCN1CCC(CNC(=O)c2n[nH]c3ccc(-c4ccccc4)cc23)CC1,0.647153718,2.235827093,-8.8,-8.5,3.3181,392.2212261
Clc1ccccc1Nc1cccc(-c2ccnc(Nc3ccc(N4CCOCC4)cc3)n2)c1,0.363365542,2.217250936,-9.8,-9.4,6.1208,457.1669381
c1ccc(-c2ccc(CSc3nnc(-c4ccc5c(c4)OCO5)o3)cc2)cc1,0.425315534,2.104144358,-9.4,-8.9,5.4246,388.0881634
c1ccc(-c2ccc(CSc3nnc(-c4ccc5c(c4)OCO5)o3)cc2)cc1,0.425315534,2.104144358,-9.4,-8.9,5.4246,388.0881634
O=C(O)CN1CCC(CNC(=O)c2n[nH]c3cc(-c4ccccc4)ccc23)CC1,0.599180564,2.24281657,-8.9,-8.5,2.7563,392.1848406
c1ccc(-c2ccc(CSc3nnc(-c4ccc5c(c4)OCO5)o3)cc2)cc1,0.425315534,2.104144358,-9.4,-8.9,5.4246,388.0881634
c1ccc(-c2ccc(CSc3nnc(-c4ccc5c(c4)OCO5)o3)cc2)cc1,0.425315534,2.104144358,-9.4,-8.9,5.4246,388.0881634
NCCCn1cc(C2=C(c3coc4ccccc34)C(=O)NC2=O)c2ccccc21,0.515904878,2.594129757,-9,-8.3,3.3035,385.1426415
c1ccc(-c2ccc(CSc3nnc(-c4ccc5c(c4)OCO5)o3)cc2)cc1,0.425315534,2.104144358,-9.4,-8.9,5.4246,388.0881634
O=C1NC(=O)C(c2cn(CCCN3CCOCC3)c3ccccc23)=C1c1ccccc1,0.629090111,2.407668877,-9.2,-7.6,2.9308,415.1895917
c1ccc(-c2ccc(CSc3nnc(-c4ccc5c(c4)OCO5)o3)cc2)cc1,0.425315534,2.104144358,-9.4,-8.9,5.4246,388.0881634
O=C(CN1C(=O)Cc2ccccc2C1=O)Nc1scc(Br)c1-c1ncn[nH]1,0.599085652,2.830712975,-9.1,-8.6,2.4593,444.9844223
Cn1cc(C2=C(c3cn(CCCN4CCOCC4)c4ccccc34)C(=O)NC2=O)c2ccccc21,0.440541409,2.644305013,-9.5,-8.3,3.4225,468.2161408
c1ccc(-c2ccc(CSc3nnc(-c4ccc5c(c4)OCCO5)o3)cc2)cc1,0.412852211,2.143259086,-9.4,-9,5.4671,402.1038134
O=C(Nc1n[nH]c2ccc(-c3ccccc3)cc12)C1CC1,0.768445346,1.963749043,-8.9,-8.4,3.5784,277.1215121
c1ccc(-c2ccc(CSc3nnc(-c4ccc5c(c4)OCO5)o3)cc2)cc1,0.425315534,2.104144358,-9.4,-8.9,5.4246,388.0881634
CSc1ccc(NC2=C(c3ccccc3)C(=O)NC2=O)cc1,0.673281968,2.198439841,-7.8,-7.7,2.8881,310.0775987
O=C(Nc1n[nH]c2nc(-c3ccccc3)ccc12)C1CC1,0.773390379,2.158875398,-8.3,-7.5,2.9734,278.1167611
c1ccc(-c2ccc(CSc3nnc(-c4ccc5c(c4)OCO5)o3)cc2)cc1,0.425315534,2.104144358,-9.4,-8.9,5.4246,388.0881634
COCCN1CCC(CNC(=O)c2n[nH]c3ccc(-c4ccccc4)cc23)CC1,0.647153718,2.235827093,-8.8,-8.6,3.3181,392.2212261
O=C1Nc2ccccc2C1=C1Nc2ccccc2N1,0.629190823,2.292274768,-8.6,-8.2,2.8449,249.090212
CSc1nc(-c2cccc(NC(=O)C3CC3)c2)c(-c2ccc(F)cc2)[nH]1,0.627228804,2.193593107,-8.4,-7.9,4.9532,367.1154614
COCCN1CCC(CNC(=O)c2cc(-n3cc(NC(=O)Nc4ccccc4)cn3)cs2)CC1,0.432157659,2.602672002,-8.6,-8.2,3.666,482.2100098
O=C1NC(=O)C(c2ccccc2)=C1Nc1ccccc1,0.835213173,1.958409695,-7.5,-7.6,2.1662,264.0898776
O=C(Nc1n[nH]c2ccc(-c3ccccc3)cc12)C1CC1,0.768445346,1.963749043,-8.7,-8.3,3.5784,277.1215121
O=C1Nc2ccccc2NC1=C1C(=O)Nc2ccccc21,0.647589488,2.360171237,-9.4,-9.3,2.414,277.0851266
c1ccc(-c2ccc(CSc3nnc(-c4ccc5c(c4)OCO5)o3)cc2)cc1,0.425315534,2.104144358,-9.4,-9.1,5.4246,388.0881634
c1ccc(-c2ccc(CSc3nnc(-c4ccc5c(c4)OCO5)o3)cc2)cc1,0.425315534,2.104144358,-9.4,-8.9,5.4246,388.0881634
O=C1NC(=O)C(c2ccccc2)=C1Nc1ccc(Cl)c(C(=O)O)c1,0.741971604,2.194481484,-9,-8.5,2.5178,342.0407345
Cn1cc(C2=C(c3coc4ccccc34)C(=O)NC2=O)c2ccccc21,0.567245536,2.465095951,-9.4,-8.8,3.4917,342.1004423
CSc1ccc(NC2=C(c3ccccc3)C(=O)NC2=O)cc1,0.673281968,2.198439841,-7.8,-7.7,2.8881,310.0775987
O=C(O)c1ccc(CN2CCC(CNC(=O)c3n[nH]c4cc(Cl)c(-c5ccccc5)cc34)CC2)o1,0.340932076,2.583341938,-9.7,-9.6,4.8165,492.156433
O=C1NC(=O)C(c2cn(CCCN3CCOCC3)c3ccccc23)=C1c1cn(CCCO)c2ccccc12,0.336278322,2.763409564,-8.5,-8.3,3.2679,512.2423555
N#Cc1ccc(-c2ccc(CSc3nnc(-c4ccc5c(c4)OCO5)o3)cc2)cc1,0.410876371,2.293696678,-9.3,-9.4,5.29628,413.0834123
Cn1c(N2CCNC(c3ccccc3)C2)nc(-c2ccc(Cl)c(Cl)c2)cc1=O,0.70513178,2.869064654,-9.9,-8.4,3.905,414.1014166
c1ccc(-c2ccc(CSc3nnc(-c4ccc5c(c4)OCO5)o3)cc2)cc1,0.425315534,2.104144358,-9.4,-8.9,5.4246,388.0881634
O=C(Nc1n[nH]c2ccc(-c3ccccc3)cc12)C1CC1,0.768445346,1.963749043,-8.7,-8.2,3.5784,277.1215121
O=C(Nc1ccc(Nc2nccc(-c3cnn4ncccc34)n2)cc1)c1ccccc1,0.453592705,2.35030571,-9.8,-9.7,4.1822,407.1494582
COCCN1CCC(CNC(=O)c2n[nH]c3ccc(-c4ccccc4)cc23)CC1,0.647153718,2.235827093,-8.8,-8.6,3.3181,392.2212261
O=C(NCCN1CCOCC1)c1ccc(Nc2nccc(-c3cnn4ncccc34)n2)cc1,0.445462388,2.601570716,-9.3,-8.8,1.9919,444.202222
c1ccc(Nc2nccc(-c3cnn4ncccc34)n2)cc1,0.627484971,2.364224756,-8.2,-8.3,2.9299,288.1123444
O=C1NC(=O)C(c2ccccc2)=C1Nc1cccc(Cl)c1,0.856775357,2.080552851,-8,-8,2.8196,298.0509053
O=C(Nc1n[nH]c2ccc(-c3ccccc3)cc12)C1CC1,0.768445346,1.963749043,-8.6,-8.2,3.5784,277.1215121
c1ccc(-c2ccc(CSc3nnc(-c4ccc5c(c4)OCO5)o3)cc2)cc1,0.425315534,2.104144358,-9.4,-8.9,5.4246,388.0881634
c1ccc(-c2ccc(CSc3nnc(-c4ccc5c(c4)OCO5)o3)cc2)cc1,0.425315534,2.104144358,-9.4,-8.9,5.4246,388.0881634
c1ccc(-c2ccc(CSc3nnc(-c4ccc5c(c4)OCO5)o3)cc2)cc1,0.425315534,2.104144358,-9.4,-8.9,5.4246,388.0881634
COCCN1CCC(CNC(=O)c2n[nH]c3ccc(-c4ccccc4)cc23)CC1,0.647153718,2.235827093,-8.7,-8.6,3.3181,392.2212261
c1ccc(-c2ccc(CSc3nnc(-c4ccc5c(c4)OCO5)o3)cc2)cc1,0.425315534,2.104144358,-9.4,-8.9,5.4246,388.0881634
CCCC(=O)Nc1n[nH]c2ncc(-c3ccccc3)cc12,0.769418044,2.158598475,-8.1,-7.7,3.3635,280.1324111
O=C(Nc1cc(-c2ccnc(Nc3ccccc3)c2)ccn1)C1CC1,0.73426779,2.063729845,-8.5,-7.9,4.2357,330.1480612
O=C(Cn1c(=O)ccc2ccccc21)Nc1scc(Br)c1-c1ncn[nH]1,0.520068719,2.743682413,-9,-8.7,3.2493,428.9895077
c1ccc(-c2ccc(CSc3nnc(-c4ccc5c(c4)OCO5)o3)cc2)cc1,0.425315534,2.104144358,-9.4,-8.9,5.4246,388.0881634
c1ccc(-c2ccc(CSc3nnc(-c4ccc5c(c4)OCO5)o3)cc2)cc1,0.425315534,2.104144358,-9.3,-8.9,5.4246,388.0881634
O=C1NC(=O)C(c2ccccc2)=C1Nc1cc(Cl)c(O)c(Cl)c1,0.587526714,2.35591934,-7.9,-8.1,3.1786,348.0068475
Clc1ccccc1Nc1cc(-c2ccnc(Nc3ccc(N4CCOCC4)cc3)n2)ccn1,0.393895394,2.347406195,-9.7,-9.8,5.5158,458.162187
O=C(Cn1c(=O)ccc2ccccc21)Nc1scc(Br)c1-c1ncn[nH]1,0.520068719,2.743682413,-9.1,-8.6,3.2493,428.9895077
CCCC(=O)Nc1n[nH]c2ccc(-c3ccc(Cl)cc3)cc12,0.737928189,2.037743137,-8.5,-7.4,4.6219,313.0981898
c1ccc(-c2ccc(CSc3nnc(-c4ccc5c(c4)OCO5)o3)cc2)cc1,0.425315534,2.104144358,-9.4,-8.9,5.4246,388.0881634
NS(=O)(=O)c1ccc(-c2cc(Nc3ccccc3Cl)c(C(F)(F)F)cn2)cc1,0.625225502,2.281123229,-9,-8.7,4.8118,427.03691
Cn1cc(C2=C(c3ccccc3)C(=O)NC2=O)c2ccccc21,0.74005506,2.152761451,-8.5,-8.3,2.7455,302.1055277
O=C(Nc1n[nH]c2ccc(-c3ccccc3)cc12)C1CC1,0.768445346,1.963749043,-8.7,-8.2,3.5784,277.1215121
O=C1NC(=O)C(c2ccccc2)=C1Nc1cccc(Cl)c1,0.856775357,2.080552851,-8,-8,2.8196,298.0509053
O=C(Nc1ccccc1)c1ccc(Nc2nccc(-c3cnn4ncccc34)n2)cc1,0.453592705,2.349968587,-9.8,-9.2,4.1822,407.1494582
c1ccc(-c2ccc(CSc3nnc(-c4ccc5c(c4)OCO5)o3)cc2)cc1,0.425315534,2.104144358,-9.4,-8.9,5.4246,388.0881634
c1ccc(-c2ccc(CSc3nnc(-c4ccc5c(c4)OCO5)o3)cc2)cc1,0.425315534,2.104144358,-9.4,-8.9,5.4246,388.0881634
N=C1NC(=O)C(=Cc2ccc(-c3ccc(S(N)(=O)=O)cc3)o2)S1,0.727500958,2.751821985,-8.3,-7.8,1.73267,349.0190978
c1ccc(-c2ccc(CSc3nnc(-c4ccc5c(c4)OCO5)o3)cc2)cc1,0.425315534,2.104144358,-9.3,-8.9,5.4246,388.0881634
c1ccc(-c2ccc(CSc3nnc(-c4ccc5c(c4)OCO5)o3)cc2)cc1,0.425315534,2.104144358,-9.4,-8.6,5.4246,388.0881634
CS(=O)(=O)Nc1ccc(CCNC(=O)c2ccnc3nc(-c4ccccc4)[nH]c23)cc1,0.412603589,2.316161785,-9.2,-8.4,2.9689,435.1365105
CSc1ccc(NC2=C(c3ccccc3)C(=O)NC2=O)cc1,0.673281968,2.198439841,-7.8,-7.7,2.8881,310.0775987
CCCC(=O)Nc1n[nH]c2ccc(-c3ccccn3)cc12,0.769418044,2.166620165,-8,-7.6,3.3635,280.1324111
Cn1c(N2CCNC(c3ccc(F)cc3)C2)nc(-c2ccc(Cl)cc2)cc1=O,0.734372003,2.825560039,-9.9,-8.7,3.3907,398.1309672
NC(=O)c1ccccc1Nc1ccc(Cl)c(Nc2ccccc2C(N)=O)c1,0.517092782,2.002440334,-8.6,-8.3,4.025,380.1040035
CC(=O)NCCCn1cc(C2=C(c3ccccc3)C(=O)NC2=O)c2ccccc21,0.504155455,2.337762419,-8.9,-8.5,2.7347,387.1582915
O=C(O)c1ccc(CCN2CCC(CNC(=O)c3n[nH]c4cc(-c5ccccc5)ccc34)CC2)o1,0.354329191,2.533667456,-9.2,-9.7,4.2056,472.2110554
O=C(Nc1n[nH]c2ccc(-c3ccccc3)cc12)C1CC1,0.768445346,1.963749043,-8.8,-8.4,3.5784,277.1215121
Cn1cc(C2=C(c3cn(CCCN4CCOCC4)c4ccccc34)C(=O)NC2=O)c2ccccc21,0.440541409,2.644305013,-9.5,-9.1,3.4225,468.2161408
Cn1cc(C2=C(c3cn(CCCN4CCOCC4)c4ccccc34)C(=O)NC2=O)c2ccccc21,0.440541409,2.644305013,-9.6,-8.6,3.4225,468.2161408
O=C(Nc1n[nH]c2cc(-c3ccccc3)ccc12)C1CC1,0.768445346,1.975895071,-8.1,-7.7,3.5784,277.1215121
COCCN1CCC(CNC(=O)c2n[nH]c3ccc(-c4ccccc4)cc23)CC1,0.647153718,2.235827093,-8.7,-8.6,3.3181,392.2212261
c1ccc(-c2ccc(CSc3nnc(-c4ccncc4)o3)cc2)cc1,0.47153119,1.983046928,-8.8,-8.3,5.0909,345.0935831
O=C(Nc1n[nH]c2ncc(-c3ccccc3)cc12)C1CC1,0.773390379,2.155164175,-8.5,-8,2.9734,278.1167611
CSc1nc(-c2ccc(F)cc2)c(-c2ccnc(NC(=O)C3CC3)c2)[nH]1,0.657070904,2.39643739,-9,-7.8,4.3482,368.1107104
c1ccc(-c2ccc(CSc3nnc(-c4ccc5c(c4)OCO5)o3)cc2)cc1,0.425315534,2.104144358,-9.4,-8.9,5.4246,388.0881634
O=C1NC(=O)C(c2cn(CCCN3CCOCC3)c3ccccc23)=C1c1cn(CCCN2CCOCC2)c2ccccc12,0.288494664,2.891248962,-9.3,-8.1,3.6078,581.3002047
c1ccc(-c2ccc(CSc3nnc(-c4ccc5c(c4)OCCO5)o3)cc2)cc1,0.412852211,2.143259086,-9.4,-9.1,5.4671,402.1038134
c1ccc(-c2ccc(CSc3nnc(-c4ccc5c(c4)OCO5)o3)cc2)cc1,0.425315534,2.104144358,-9.4,-8.9,5.4246,388.0881634
O=C(Nc1n[nH]c2cc(-c3ccccc3)ccc12)C1CC1,0.768445346,1.975895071,-8.1,-7.7,3.5784,277.1215121
c1ccc(-c2ccc(CSc3nnc(-c4ccc5c(c4)OCO5)o3)cc2)cc1,0.425315534,2.104144358,-9.4,-8.9,5.4246,388.0881634
COCCN1CCC(CNC(=O)c2n[nH]c3ccc(-c4ccccc4)cc23)CC1,0.647153718,2.235827093,-8.8,-8.6,3.3181,392.2212261
c1ccc(-c2ccc(CSc3nnc(-c4ccc5c(c4)OCO5)o3)cc2)cc1,0.425315534,2.104144358,-9.4,-8.9,5.4246,388.0881634
CCCC(=O)Nc1n[nH]c2ccc(-c3ccccc3)cc12,0.758874824,1.967183343,-8.3,-7.9,3.9685,279.1371622
c1ccc(-c2ccc(CSc3nnc(-c4ccc5c(c4)OCO5)o3)cc2)cc1,0.425315534,2.104144358,-9.4,-8.9,5.4246,388.0881634
CC(C)C(=O)NCCCn1cc(C2=C(c3cccc4ccccc34)C(=O)NC2=O)c2ccccc21,0.31101765,2.510269601,-8.6,-9.7,4.524,465.2052417
O=C(Nc1n[nH]c2ccc(-c3ccccn3)cc12)C1CC1,0.773390379,2.163185865,-8.6,-8.1,2.9734,278.1167611
O=C(Nc1n[nH]c2ccc(-c3ccccc3)cc12)C1CC1,0.768445346,1.963749043,-8.7,-8.2,3.5784,277.1215121
c1ccc(-c2ccc(CSc3nnc(-c4ccc5c(c4)OCCO5)o3)cc2)cc1,0.412852211,2.143259086,-9.4,-9,5.4671,402.1038134
O=C(Nc1n[nH]c2ccc(-c3ccccc3)cc12)C1CC1,0.768445346,1.963749043,-8.7,-8.2,3.5784,277.1215121
c1ccc(-c2ccc(CSc3nnc(-c4ccc5c(c4)OCO5)o3)cc2)cc1,0.425315534,2.104144358,-9.4,-8.9,5.4246,388.0881634
Cn1cc(C2=C(c3cn(CCCN4CCOCC4)c4ccccc34)C(=O)NC2=O)c2ccccc21,0.440541409,2.644305013,-9.6,-8.6,3.4225,468.2161408
c1ccc(Nc2nccc(-c3cnn4ncccc34)n2)cc1,0.627484971,2.364224756,-8.2,-8.3,2.9299,288.1123444
c1ccc(-c2ccc(CSc3nnc(-c4ccc5c(c4)OCO5)o3)cc2)cc1,0.425315534,2.104144358,-9.4,-8.9,5.4246,388.0881634
c1ccc(-c2ccc(CSc3nnc(-c4ccc5c(c4)OCO5)o3)cc2)cc1,0.425315534,2.104144358,-9.4,-8.9,5.4246,388.0881634
c1ccc(-c2ccc(CSc3nnc(-c4ccc5c(c4)OCO5)o3)cc2)cc1,0.425315534,2.104144358,-9.4,-8.9,5.4246,388.0881634
O=C1NC(=O)C(c2ccccc2)=C1Nc1cccc(Cl)c1,0.856775357,2.080552851,-8,-8,2.8196,298.0509053
COCCN1CCC(CNC(=O)c2n[nH]c3cc(-c4ccccc4)ccc23)CC1,0.647153718,2.240086822,-8.7,-8.4,3.3181,392.2212261
O=C(Nc1n[nH]c2nc(-c3ccccc3)ccc12)C1CC1,0.773390379,2.158875398,-8.3,-7.6,2.9734,278.1167611
O=C(CN1C(=O)Cc2ccccc2C1=O)Nc1scc(Br)c1-c1ncn[nH]1,0.599085652,2.830712975,-9,-8.2,2.4593,444.9844223
COCCN1CCC(CNC(=O)c2c(-c3ccccc3)ccc3ccccc23)CC1,0.628209933,2.109710746,-8.8,-8.6,4.595,402.2307282
CCCC(=O)Nc1n[nH]c2ccc(-c3ccccn3)cc12,0.769418044,2.166620165,-8,-7.7,3.3635,280.1324111
COCCN1CCC(CNC(=O)c2n[nH]c3ccc(-c4ccccc4)cc23)CC1,0.647153718,2.235827093,-8.8,-8.5,3.3181,392.2212261
c1ccc(-c2ccc(CSc3nnc(-c4ccc5c(c4)OCO5)o3)cc2)cc1,0.425315534,2.104144358,-9.4,-8.9,5.4246,388.0881634
CN1CCN(c2ccc(NC(=O)c3cc(NC(=O)c4ccccc4)ccn3)cc2)CC1,0.668401616,1.974360627,-9.4,-9.1,3.338,415.200825
Cn1cc(C2=C(c3cn(C)c4ccccc34)C(=O)NC2=O)c2ccccc21,0.561396223,2.41960808,-9,-8.3,3.2372,355.1320768
c1ccc(-c2ccc(CSc3nnc(-c4ccc5c(c4)OCO5)o3)cc2)cc1,0.425315534,2.104144358,-9.4,-8.9,5.4246,388.0881634
CSc1ccc(NC2=C(c3ccccc3)C(=O)NC2=O)cc1,0.673281968,2.198439841,-7.8,-7.8,2.8881,310.0775987
COCCN1CCC(CNC(=O)c2n[nH]c3ccc(-c4ccccc4)cc23)CC1,0.647153718,2.235827093,-8.8,-8.6,3.3181,392.2212261
CSc1ccc(NC2=C(c3ccccc3)C(=O)NC2=O)cc1,0.673281968,2.198439841,-7.8,-7.8,2.8881,310.0775987
CN(C)CCCn1cc(C2=C(c3ccccc3)C(=O)NC2=O)c2ccccc21,0.675529158,2.334070045,-8.5,-7.2,3.1602,373.179027
O=C(Nc1n[nH]c2nc(-c3ccccc3)ccc12)C1CC1,0.773390379,2.158875398,-8.3,-7.6,2.9734,278.1167611
Cc1cncc(NC(=O)c2cccc(-c3ccnc(NC(=O)C4CC4)c3)c2)c1,0.707527035,2.175825814,-9.4,-8.3,4.05282,372.1586259
c1ccc(-c2ccc(CSc3nnc(-c4ccc5c(c4)OCO5)o3)cc2)cc1,0.425315534,2.104144358,-9.4,-8.9,5.4246,388.0881634
c1ccc(-c2ccc(CSc3nnc(-c4ccc5c(c4)OCO5)o3)cc2)cc1,0.425315534,2.104144358,-9.4,-8.9,5.4246,388.0881634
c1ccc(-c2ccc(CSc3nnc(-c4ccc5c(c4)OCCO5)o3)cc2)cc1,0.412852211,2.143259086,-9.3,-9.1,5.4671,402.1038134
O=C1NC(=O)C(c2ccccc2)=C1Nc1cc(Cl)c(O)c(Cl)c1,0.587526714,2.35591934,-7.9,-8.2,3.1786,348.0068475
CSc1nc(-c2ccc(F)cc2)c(-c2ccnc(Nc3ccc(NC(=O)c4ccc(N5CCOCC5)cc4)cc3)c2)[nH]1,0.173197461,2.62945827,-10,-10.3,6.8322,580.2056734
c1ccc(-c2ccc(CSc3nnc(-c4ccc5c(c4)OCCO5)o3)cc2)cc1,0.412852211,2.143259086,-9.4,-9,5.4671,402.1038134
COc1ccc(C2CN(c3nc(-c4ccccn4)cc(=O)n3C)CCN2)cc1,0.749868803,2.918746513,-8.9,-8.1,2.0018,377.185175
CSc1nc(-c2ccccc2)c(-c2ccnc(NC(=O)C3CC3)c2)[nH]1,0.676359731,2.332860852,-8.5,-7.8,4.2091,350.1201322
Cc1nc(C)n(-c2ccc(Nc3cc(Nc4ccccc4Cl)c(C(N)=O)cn3)cc2)n1,0.411998064,2.463064368,-9.3,-8.9,4.51864,433.1417859
c1ccc(-c2ccc(CSc3nnc(-c4ccc5c(c4)OCCO5)o3)cc2)cc1,0.412852211,2.143259086,-9.4,-8.4,5.4671,402.1038134
Cn1c(N2CCOC(c3ccccc3)C2)nc(-c2ccccc2)cc1=O,0.730655919,2.63422669,-8.8,-8.6,3.0252,347.1633769
O=C(Nc1n[nH]c2ncc(-c3ccccc3)cc12)C1CC1,0.773390379,2.155164175,-8.5,-8,2.9734,278.1167611
Cn1cc(C2=C(c3cn(CCCN4CCOCC4)c4ccccc34)C(=O)NC2=O)c2ccccc21,0.440541409,2.644305013,-9.5,-8.3,3.4225,468.2161408
c1ccc(-c2ccc(CSc3nnc(-c4ccc5c(c4)OCO5)o3)cc2)cc1,0.425315534,2.104144358,-9.4,-8.9,5.4246,388.0881634
c1cnn2ncc(-c3ccnc(Nc4ccc(-n5cnc(N6CCOCC6)n5)cc4)n3)c2c1,0.440078572,2.898664822,-9.8,-9.2,2.3472,440.1821553
NCCCn1cc(C2=C(c3coc4ccccc34)C(=O)NC2=O)c2ccccc21,0.515904878,2.594129757,-9,-8.3,3.3035,385.1426415
CN(C)CCCn1cc(C2=C(c3ccccc3)C(=O)NC2=O)c2ccccc21,0.675529158,2.334070045,-8.5,-7.2,3.1602,373.179027
c1ccc(-c2ccc(CSc3nnc(-c4ccc5c(c4)OCO5)o3)cc2)cc1,0.425315534,2.104144358,-9.4,-8.9,5.4246,388.0881634
NCCCn1cc(C2=C(c3coc4ccccc34)C(=O)NC2=O)c2ccccc21,0.515904878,2.594129757,-9.1,-8.4,3.3035,385.1426415
COCCN1CCC(CNC(=O)c2n[nH]c3ccc(-c4ccccc4)cc23)CC1,0.647153718,2.235827093,-8.8,-8.7,3.3181,392.2212261
COCCN1CCC(CNC(=O)c2n[nH]c3ccc(-c4ccccc4)cc23)CC1,0.647153718,2.235827093,-8.7,-8.5,3.3181,392.2212261
O=C(Cn1c(=O)ccc2ccccc21)Nc1scc(Br)c1-c1ncn[nH]1,0.520068719,2.743682413,-9.1,-8.5,3.2493,428.9895077
O=C(Nc1ccccc1)c1ccc(Nc2nccc(-c3cnn4ncccc34)n2)cc1,0.453592705,2.349968587,-9.8,-9.2,4.1822,407.1494582
Cn1cc(C2=C(c3cn(C)c4ccccc34)C(=O)NC2=O)c2ccccc21,0.561396223,2.41960808,-9,-8.3,3.2372,355.1320768
c1ccc(-c2ccc(CSc3nnc(-c4ccc5c(c4)OCO5)o3)cc2)cc1,0.425315534,2.104144358,-9.4,-8.9,5.4246,388.0881634
COCCN1CCC(CNC(=O)c2n[nH]c3cc(-c4ccccc4)ccc23)CC1,0.647153718,2.240086822,-8.7,-8.4,3.3181,392.2212261
Clc1ccccc1Nc1cc(-c2ccnc(Nc3ccccc3)n2)ccn1,0.470918082,2.085421154,-9.2,-8.7,5.6792,373.1094232
O=C1NC(=O)C(c2cn(CCCN3CCOCC3)c3ccccc23)=C1c1coc2ccccc12,0.449108134,2.668609246,-9.8,-8.8,3.677,455.1845063
COCCN1CCC(CNC(=O)c2n[nH]c3cc(-c4ccccc4)ccc23)CC1,0.647153718,2.240086822,-8.6,-8.4,3.3181,392.2212261
O=C1NC(=O)C(c2ccccc2)=C1Nc1cc(Cl)c(O)c(Cl)c1,0.587526714,2.35591934,-8.1,-8.2,3.1786,348.0068475
COc1ccc(C2=C(c3cn(CCCN(C)C)c4ccccc34)C(=O)NC2=O)cc1,0.615764964,2.382137562,-8.3,-8.1,3.1688,403.1895917
c1ccc(-c2ccc(CSc3nnc(-c4ccc5c(c4)OCCO5)o3)cc2)cc1,0.412852211,2.143259086,-9.4,-9.1,5.4671,402.1038134
O=C1NC(=O)C(c2cn(CCCN3CCOCC3)c3ccccc23)=C1c1ccccc1,0.629090111,2.407668877,-9.1,-7.6,2.9308,415.1895917
O=C1Nc2ccccc2NC1=C1C(=O)Nc2ccccc21,0.647589488,2.360171237,-9.4,-9.3,2.414,277.0851266
CCCC(=O)Nc1n[nH]c2ncc(-c3ccccc3)cc12,0.769418044,2.158598475,-8.2,-7.6,3.3635,280.1324111
COCCN1CCC(CNC(=O)c2n[nH]c3ccc(-c4ccccc4)cc23)CC1,0.647153718,2.235827093,-8.8,-8.7,3.3181,392.2212261
O=C(Nc1ccccc1)Nc1cnn(-c2csc(C(=O)NC3COC3)c2)c1,0.631000648,2.559867382,-8.3,-8,2.7064,383.1052104
c1ccc(Nc2nccc(-c3cnn4ncccc34)n2)cc1,0.627484971,2.364224756,-8.2,-8.3,2.9299,288.1123444
O=C1NC(=O)C(c2ccccc2)=C1Nc1cc(Cl)c(O)c(Cl)c1,0.587526714,2.35591934,-7.9,-8.2,3.1786,348.0068475
O=C(Nc1n[nH]c2nc(-c3ccccc3)ccc12)C1CC1,0.773390379,2.158875398,-8.3,-7.4,2.9734,278.1167611
c1cc(-c2ccc(N3CCOCC3)cc2)ccc1CSc1nnc(-c2ccc3c(c2)OCO3)o1,0.351341383,2.372265255,-9.9,-10.3,5.2612,473.1409272
COCCN1CCC(CNC(=O)c2n[nH]c3ccc(-c4ccc(Cl)cc4)cc23)CC1,0.599300035,2.296246977,-8.8,-8,3.9715,426.1822538
COc1ccc2[nH]nc(C(=O)NCC3CCN(Cc4ccccc4)CC3)c2c1,0.690995807,2.115609608,-9.3,-8.5,3.2135,378.2055761
O=C(Nc1n[nH]c2ccc(-c3ccccc3)cc12)C1CC1,0.768445346,1.963749043,-8.7,-8.2,3.5784,277.1215121
NC(=O)c1ccccc1Nc1cc(Nc2ccc(N3CCOCC3)cc2)ccc1Cl,0.533203269,2.114316473,-9.1,-8.6,4.7627,422.1509537
Cn1cc(C2=C(c3ccccc3)C(=O)NC2=O)c2ccccc21,0.74005506,2.152761451,-8.5,-8.3,2.7455,302.1055277
CSc1nc(-c2ccccc2)c(-c2ccnc(NC(=O)C3CC3)c2)[nH]1,0.676359731,2.332860852,-8.9,-7.8,4.2091,350.1201322
c1ccc(-c2ccc(CSc3nnc(-c4ccc5c(c4)OCO5)o3)cc2)cc1,0.425315534,2.104144358,-9.4,-8.9,5.4246,388.0881634
c1ccc(-c2ccc(CSc3nnc(-c4ccc5c(c4)OCO5)o3)cc2)cc1,0.425315534,2.104144358,-9.4,-8.9,5.4246,388.0881634
c1ccc(-c2ccc(CSc3nnc(-c4ccc5c(c4)OCO5)o3)cc2)cc1,0.425315534,2.104144358,-9.4,-8.9,5.4246,388.0881634
COCCN1CCC(CNC(=O)c2n[nH]c3cc(-c4ccccc4)ccc23)CC1,0.647153718,2.240086822,-8.6,-8.4,3.3181,392.2212261
Clc1ccccc1Nc1cc(-c2ccncc2)ccn1,0.765702305,1.925558299,-7.7,-7.7,4.5406,281.0719751
CN(C)CCNC(=O)c1ccc(-c2ccc3occ(-c4ccc([S+](C)[O-])cc4)c3c2)cc1,0.414367891,3.171844019,-9.1,-8.6,4.7956,446.1664137
O=C(Nc1n[nH]c2ccc(-c3ccccc3)cc12)C1CC1,0.768445346,1.963749043,-8.8,-8.3,3.5784,277.1215121
COCCN1CCC(CNC(=O)c2n[nH]c3ccc(-c4ccccc4)cc23)CC1,0.647153718,2.235827093,-8.8,-8.7,3.3181,392.2212261
CSc1ccc(NC2=C(c3ccccc3)C(=O)NC2=O)cc1,0.673281968,2.198439841,-7.8,-7.7,2.8881,310.0775987
COCCN1CCC(CNC(=O)c2n[nH]c3ccc(-c4ccccc4)cc23)CC1,0.647153718,2.235827093,-8.7,-8.7,3.3181,392.2212261
Cc1nc(C)n(-c2ccc(Nc3cc(-c4ccc(Cl)c(Cl)c4)ccn3)cc2)n1,0.448643009,2.30145716,-9.4,-8.7,5.99654,409.0861009
O=C(Nc1n[nH]c2ncc(-c3ccccc3)cc12)C1CC1,0.773390379,2.155164175,-8.5,-8,2.9734,278.1167611
CCCC(=O)Nc1n[nH]c2ncc(-c3ccccc3Cl)cc12,0.763814227,2.290932148,-8.2,-7.9,4.0169,314.0934388
O=C1Nc2ccccc2C1=C1C(=O)Nc2ccccc21,0.716573186,2.137168315,-8.9,-9.1,2.5016,262.0742276
O=C1NC(=O)C(c2cn(CCCN3CCOCC3)c3ccccc23)=C1c1cn(CCCO)c2ccccc12,0.336278322,2.763409564,-9.4,-9.2,3.2679,512.2423555
COCCN1CCC(CNC(=O)c2n[nH]c3ccc(-c4ccccc4)cc23)CC1,0.647153718,2.235827093,-8.8,-8.6,3.3181,392.2212261
O=C(Nc1n[nH]c2ccc(-c3ccccc3)cc12)C1CC1,0.768445346,1.963749043,-8.9,-8.3,3.5784,277.1215121
COc1ccc2[nH]nc(C(=O)NCC3CCN(Cc4ccccc4)CC3)c2c1,0.690995807,2.115609608,-9.3,-8.5,3.2135,378.2055761
c1ccc(-c2ccc(CSc3nnc(-c4ccc5c(c4)OCO5)o3)cc2)cc1,0.425315534,2.104144358,-9.4,-8.9,5.4246,388.0881634
CSc1ccc(NC2=C(c3ccccc3)C(=O)NC2=O)cc1,0.673281968,2.198439841,-7.8,-7.7,2.8881,310.0775987
c1ccc(-c2ccc(CSc3nnc(-c4ccc5c(c4)OCCO5)o3)cc2)cc1,0.412852211,2.143259086,-9.4,-9,5.4671,402.1038134
COCCN1CCC(CNC(=O)c2n[nH]c3ccc(-c4ccccc4)cc23)CC1,0.647153718,2.235827093,-8.8,-8.5,3.3181,392.2212261
O=C(Nc1n[nH]c2ccc(-c3ccccc3)cc12)C1CC1,0.768445346,1.963749043,-8.9,-8.4,3.5784,277.1215121
COCCN1CCC(CNC(=O)c2n[nH]c3ccc(-c4ccccc4)cc23)CC1,0.647153718,2.235827093,-8.8,-8.6,3.3181,392.2212261
O=C1NC(=O)C(c2ccccc2)=C1Nc1cccc(Cl)c1,0.856775357,2.080552851,-8,-8,2.8196,298.0509053
COCCN1CCC(CNC(=O)c2n[nH]c3ccc(-c4ccc(C(=O)O)cc4)cc23)CC1,0.501074303,2.346509234,-9.3,-7.8,3.0163,436.2110554
c1ccc(-c2ccc(CSc3nnc(-c4ccc5c(c4)OCO5)o3)cc2)cc1,0.425315534,2.104144358,-9.4,-8.9,5.4246,388.0881634
O=C(Nc1n[nH]c2ccc(-c3ccccc3)cc12)C1CC1,0.768445346,1.963749043,-8.8,-8.3,3.5784,277.1215121
O=C1NC(=O)C(c2cn(CCCN3CCOCC3)c3ccccc23)=C1c1coc2ccccc12,0.449108134,2.668609246,-9.8,-8.5,3.677,455.1845063
O=C(Nc1cccc(-c2ccnc(NC(=O)C3CC3)c2)c1)C1CC1,0.885859653,1.956833709,-8.5,-7.6,3.4456,321.1477268
O=C(Nc1n[nH]c2ccc(-c3ccccc3)cc12)C1CC1,0.768445346,1.963749043,-8.8,-8,3.5784,277.1215121
COCCN1CCC(CNC(=O)c2n[nH]c3cc(-c4ccc(Cl)cc4)ccc23)CC1,0.599300035,2.300408781,-8.6,-8.2,3.9715,426.1822538
c1ccc(-c2ccc(CSc3nnc(-c4ccc5c(c4)OCO5)o3)cc2)cc1,0.425315534,2.104144358,-9.4,-8.8,5.4246,388.0881634
c1ccc(-c2ccc(CSc3nnc(-c4ccc5c(c4)OCO5)o3)cc2)cc1,0.425315534,2.104144358,-9.4,-8.7,5.4246,388.0881634
COCCN1CCC(CNC(=O)c2n[nH]c3cc(-c4ccccc4)ccc23)CC1,0.647153718,2.240086822,-8.7,-8.4,3.3181,392.2212261
c1ccc(-c2ccc(CSc3nnc(-c4ccc5c(c4)OCO5)o3)cc2)cc1,0.425315534,2.104144358,-9.4,-8.9,5.4246,388.0881634
Cn1c(N2CCNC(c3ccc(C#N)cc3)C2)nc(-c2ccccc2)cc1=O,0.765612111,2.889621727,-9.4,-8.9,2.46988,371.1746103
c1ccc(-c2ccc(CSc3nnc(-c4ccc5c(c4)OCO5)o3)cc2)cc1,0.425315534,2.104144358,-9.4,-8.9,5.4246,388.0881634
Cn1cc(C2=C(c3cn(CCCN4CCOCC4)c4ccccc34)C(=O)NC2=O)c2ccccc21,0.440541409,2.644305013,-9.6,-8.3,3.4225,468.2161408
CSc1nc(-c2ccc(F)cc2)c(C2=CC=NC(Nc3ccc(NC(=O)c4ccc(N5CCOCC5)cc4)cc3)=NC=C2)n1C,0.229326086,3.233534458,-10,-9.7,6.4866,621.2322225
c1ccc(-c2ccc(CSc3nnc(-c4ccc5c(c4)OCO5)o3)cc2)cc1,0.425315534,2.104144358,-9.4,-8.9,5.4246,388.0881634
CSc1ccc(NC2=C(c3ccccc3)C(=O)NC2=O)cc1,0.673281968,2.198439841,-7.9,-7.7,2.8881,310.0775987
O=C1NC(=O)C(c2ccccc2)=C1Nc1cc(Cl)c(O)c(Cl)c1,0.587526714,2.35591934,-8.1,-8.2,3.1786,348.0068475
O=C(Nc1n[nH]c2ccc(-c3ccccn3)cc12)C1CC1,0.773390379,2.163185865,-8.5,-8,2.9734,278.1167611
O=C1NC(=O)C(c2ccccc2)=C1Nc1cccc(C(=O)O)c1,0.749380567,2.107175749,-8.6,-8.4,1.8644,308.0797069
c1ccc(-c2ccc(CSc3nnc(-c4ccc5c(c4)OCO5)o3)cc2)cc1,0.425315534,2.104144358,-9.3,-9,5.4246,388.0881634
c1ccc(Nc2nccc(-c3cnn4ncccc34)n2)cc1,0.627484971,2.364224756,-8.2,-8.3,2.9299,288.1123444
c1ccc(-c2ccc(CSc3nnc(-c4ccc5c(c4)OCO5)o3)cc2)cc1,0.425315534,2.104144358,-9.4,-8.9,5.4246,388.0881634
COCCN1CCC(CNC(=O)c2n[nH]c3ccc(-c4ccccc4)cc23)CC1,0.647153718,2.235827093,-8.8,-8.7,3.3181,392.2212261
N=C1NC(=O)C(=Cc2ccc(-c3ccc(Cl)cc3)o2)S1,0.830631159,2.659404864,-7.5,-7.7,3.73867,304.0073262
c1ccc(-c2ccc(CSc3nnc(-c4ccc5c(c4)OCO5)o3)cc2)cc1,0.425315534,2.104144358,-9.4,-8.9,5.4246,388.0881634
COCCn1cc(C2=C(c3cn(C)c4ccccc34)C(=O)NC2=O)c2ccccc21,0.523655712,2.510751492,-8.8,-8,3.3466,399.1582915
c1cnn2ncc(-c3ccnc(Nc4ccc(-n5cnc(N6CCOCC6)n5)cc4)n3)c2c1,0.440078572,2.898664822,-9.8,-9.2,2.3472,440.1821553
NCCCn1cc(C2=C(c3coc4ccccc34)C(=O)NC2=O)c2ccccc21,0.515904878,2.594129757,-9.1,-8.4,3.3035,385.1426415
O=C(Nc1cc(-c2ccccc2)ccn1)C1CCCN(Cc2ccccc2)CC1,0.672942793,2.316815041,-9.5,-9.1,4.9894,385.2154125
c1ccc(-c2ccc(CSc3nnc(-c4ccc5c(c4)OCO5)o3)cc2)cc1,0.425315534,2.104144358,-9.4,-8.9,5.4246,388.0881634
O=C(Nc1n[nH]c2nc(-c3ccccc3)ccc12)C1CC1,0.773390379,2.158875398,-8,-7.6,2.9734,278.1167611
O=C1NC(=O)C(c2ccccc2)=C1Nc1cc(Cl)c(O)c(Cl)c1,0.587526714,2.35591934,-7.9,-8.2,3.1786,348.0068475
O=C1NC(=O)C(c2ccccc2)=C1Nc1cc(Cl)c(O)c(Cl)c1,0.587526714,2.35591934,-8.1,-8.2,3.1786,348.0068475
O=C1NC(=O)C(c2ccccc2)=C1Nc1cc(Cl)c(O)c(Cl)c1,0.587526714,2.35591934,-7.9,-8.2,3.1786,348.0068475
c1ccc(Nc2nccc(-c3cnn4ncccc34)n2)cc1,0.627484971,2.364224756,-8.2,-8.2,2.9299,288.1123444
CCCC(=O)Nc1n[nH]c2cc(-c3ccccn3)ccc12,0.769418044,2.178766193,-7.9,-7.2,3.3635,280.1324111
CSc1ccc(NC2=C(c3ccccc3)C(=O)NC2=O)cc1,0.673281968,2.198439841,-7.8,-7.8,2.8881,310.0775987
c1ccc(-c2ccc(CSc3nnc(-c4ccc5c(c4)OCO5)o3)cc2)cc1,0.425315534,2.104144358,-9.4,-8.9,5.4246,388.0881634
O=C(O)CN1CCC(CNC(=O)c2n[nH]c3cc(-c4ccccc4)ccc23)CC1,0.599180564,2.24281657,-9.1,-8.6,2.7563,392.1848406
O=C(Nc1n[nH]c2ccc(-c3ccccc3)cc12)C1CC1,0.768445346,1.963749043,-8.9,-8.4,3.5784,277.1215121
CSc1nc(-c2ccc(F)cc2)c(-c2ccnc(Nc3ccc(NC(=O)c4ccccc4)cc3)c2)[nH]1,0.211911101,2.37343623,-9.7,-8.4,6.9956,495.1529095
c1ccc(-c2ccc(CSc3nnc(-c4ccc5c(c4)OCO5)o3)cc2)cc1,0.425315534,2.104144358,-9.4,-8.9,5.4246,388.0881634
O=C1NC(=O)C(c2ccccc2)=C1Nc1cc(Cl)c(O)c(Cl)c1,0.587526714,2.35591934,-7.9,-8.3,3.1786,348.0068475
O=C(Nc1n[nH]c2ccc(-c3ccccc3)cc12)C1CC1,0.768445346,1.963749043,-8.8,-8.3,3.5784,277.1215121
COCCN1CCC(CNC(=O)c2n[nH]c3cc(-c4ccccc4)ccc23)CC1,0.647153718,2.240086822,-8.6,-8.4,3.3181,392.2212261
NC(=O)c1ccc(-c2cc(Nc3ccccc3)c(Cl)cn2)cc1,0.754039018,1.916869144,-8.4,-8.2,4.2445,323.0825397
c1ccc(-c2ccc(CSc3nnc(-c4ccc5c(c4)OCO5)o3)cc2)cc1,0.425315534,2.104144358,-9.4,-8.9,5.4246,388.0881634
O=C(NCC1CCN(Cc2ccccc2)CC1)c1n[nH]c2ccc(-c3ccccc3F)cc12,0.441253432,2.245868325,-9.1,-10.1,5.011,442.2168897
c1ccc(-c2ccc(CSc3nnc(-c4ccc5c(c4)OCO5)o3)cc2)cc1,0.425315534,2.104144358,-9.4,-8.9,5.4246,388.0881634
c1ccc(Nc2nccc(-c3cnn4ncccc34)n2)cc1,0.627484971,2.364224756,-8.1,-8.1,2.9299,288.1123444
O=C(Nc1n[nH]c2ccc(-c3ccccc3)cc12)C1CC1,0.768445346,1.963749043,-8.8,-8.4,3.5784,277.1215121
O=C1NC(=O)C(c2ccccc2)=C1Nc1ccc(O)c(Cl)c1,0.600688709,2.231274474,-8,-7.8,2.5252,314.0458199
CCCC(=O)Nc1n[nH]c2ncc(-c3ccccc3)cc12,0.769418044,2.158598475,-8.1,-7.7,3.3635,280.1324111
O=C(Nc1n[nH]c2ncc(-c3ccccc3)cc12)C1CC1,0.773390379,2.155164175,-8.4,-7.9,2.9734,278.1167611
c1ccc(-c2ccc(CSc3nnc(-c4ccc5c(c4)OCCO5)o3)cc2)cc1,0.412852211,2.143259086,-9.4,-9.2,5.4671,402.1038134
c1ccc(-c2ccc(CSc3nnc(-c4ccc5c(c4)OCO5)o3)cc2)cc1,0.425315534,2.104144358,-9.3,-8.9,5.4246,388.0881634
CCCC(=O)Nc1n[nH]c2ccc(-c3ccccc3)cc12,0.758874824,1.967183343,-8.2,-7.9,3.9685,279.1371622
O=C(Nc1n[nH]c2ccc(-c3ccccc3)cc12)C1CC1,0.768445346,1.963749043,-8.8,-8.3,3.5784,277.1215121
c1ccc(-c2ccc(CSc3nnc(-c4ccc5c(c4)OCO5)o3)cc2)cc1,0.425315534,2.104144358,-9.4,-8.9,5.4246,388.0881634
c1ccc(-c2cccc(Nc3cccc(-c4ccnc(Nc5ccc(N6CCOCC6)cc5)n4)c3)c2)cc1,0.248281609,2.293333133,-10.4,-10.7,7.1344,499.2372105
COCCN1CCC(CNC(=O)c2n[nH]c3ccc(-c4ccccc4)cc23)CC1,0.647153718,2.235827093,-8.8,-8.7,3.3181,392.2212261
CSc1ccc(NC2=C(c3ccccc3)C(=O)NC2=O)cc1,0.673281968,2.198439841,-7.9,-7.7,2.8881,310.0775987
c1ccc(-c2ccc(CSc3nnc(-c4ccc5c(c4)OCCO5)o3)cc2)cc1,0.412852211,2.143259086,-9.4,-9,5.4671,402.1038134
FC(F)(F)c1cccc(Nc2nccc(-c3cnn4ncccc34)n2)c1,0.60200208,2.563619643,-9,-8.8,3.9487,356.099729
COCCN1CCC(CNC(=O)c2n[nH]c3ccc(-c4ccccc4)cc23)CC1,0.647153718,2.235827093,-8.8,-8.6,3.3181,392.2212261
c1ccc(-c2ccc(CSc3nnc(-c4ccc5c(c4)OCCO5)o3)cc2)cc1,0.412852211,2.143259086,-9.4,-9.1,5.4671,402.1038134
Cn1c(N2CCNC(c3ccc(F)cc3)C2)nc(-c2ccccc2)cc1=O,0.776466779,2.767418382,-9.7,-8.8,2.7373,364.1699395
c1ccc(-c2ccc(CSc3nnc(-c4ccc5c(c4)OCCO5)o3)cc2)cc1,0.412852211,2.143259086,-9.3,-9.1,5.4671,402.1038134
CSc1ccc(NC2=C(c3ccccc3)C(=O)NC2=O)cc1,0.673281968,2.198439841,-7.8,-7.7,2.8881,310.0775987
COc1ccc2[nH]nc(C(=O)NCC3CCN(Cc4ccccc4)CC3)c2c1,0.690995807,2.115609608,-9.3,-8.6,3.2135,378.2055761
c1ccc(-c2ccc(CSc3nnc(-c4ccc5c(c4)OCCO5)o3)cc2)cc1,0.412852211,2.143259086,-9.4,-9,5.4671,402.1038134
Cn1c(N2CCOC(c3ccccc3)C2)nc(-c2ccccc2)cc1=O,0.730655919,2.63422669,-8.8,-8.6,3.0252,347.1633769
c1cc(-c2ccc(-n3cnc(N4CCOCC4)n3)cc2)nc(Nc2ccc(N3CCOCC3)cc2)n1,0.442945116,2.618000699,-9.4,-9.1,3.1411,484.2335221
c1ccc(-c2ccc(CSc3nnc(-c4ccc5c(c4)OCO5)o3)cc2)cc1,0.425315534,2.104144358,-9.4,-8.9,5.4246,388.0881634
c1ccc(-c2ccc(CSc3nnc(-c4ccc5c(c4)OCO5)o3)cc2)cc1,0.425315534,2.104144358,-9.4,-8.9,5.4246,388.0881634
Clc1ccc(Nc2cc(-c3ccnc(Nc4ccccc4)n3)ccn2)cc1Cl,0.403943293,2.14470004,-9.3,-9.2,6.3326,407.0704508
c1ccc(-c2ccc(CSc3nnc(-c4ccc5c(c4)OCO5)o3)cc2)cc1,0.425315534,2.104144358,-9.5,-8.9,5.4246,388.0881634
CCCC(=O)Nc1n[nH]c2ccc(-c3ccccn3)cc12,0.769418044,2.166620165,-8.2,-7.6,3.3635,280.1324111
O=C1NC(=O)C(c2ccccc2)=C1Nc1cc(Cl)c(O)c(Cl)c1,0.587526714,2.35591934,-7.9,-8.2,3.1786,348.0068475
c1ccc(-c2ccc(CSc3nnc(-c4ccc5c(c4)OCO5)o3)cc2)cc1,0.425315534,2.104144358,-9.4,-8.9,5.4246,388.0881634
O=C1NCCc2ccc(-c3ccc(S(=O)(=O)N4CCOCC4)cc3)cc21,0.889145603,2.220379028,-9.1,-8.9,1.6604,372.1143781
O=C(Nc1n[nH]c2ccc(-c3ccccc3)cc12)C1CC1,0.768445346,1.963749043,-8.7,-8.2,3.5784,277.1215121
COCCN1CCC(CNC(=O)c2n[nH]c3ccc(-c4ccccc4)cc23)CC1,0.647153718,2.235827093,-8.7,-8.7,3.3181,392.2212261
c1ccc(-c2ccc(CSc3nnc(-c4ccc5c(c4)OCO5)o3)cc2)cc1,0.425315534,2.104144358,-9.4,-8.9,5.4246,388.0881634
c1ccc(-c2ccc(CSc3nnc(-c4ccc5c(c4)OCO5)o3)cc2)cc1,0.425315534,2.104144358,-9.4,-8.9,5.4246,388.0881634
O=C1NC(=O)C(c2ccccc2)=C1Nc1cccc(Cl)c1,0.856775357,2.080552851,-8,-8,2.8196,298.0509053
c1ccc(-c2ccc(CSc3nnc(-c4ccc5c(c4)OCO5)o3)cc2)cc1,0.425315534,2.104144358,-9.4,-8.9,5.4246,388.0881634
O=C1Nc2ccccc2NC1=C1C(=O)Nc2ccccc21,0.647589488,2.360171237,-9.4,-9.3,2.414,277.0851266
COCCN1CCC(CNC(=O)c2n[nH]c3ccc(-c4ccccc4)cc23)CC1,0.647153718,2.235827093,-8.8,-8.5,3.3181,392.2212261
COCCN1CCC(CNC(=O)c2n[nH]c3cc(-c4ccccc4)ccc23)CC1,0.647153718,2.240086822,-8.7,-8.4,3.3181,392.2212261
c1ccc(-c2ccc(CSc3nnc(-c4ccc5c(c4)OCO5)o3)cc2)cc1,0.425315534,2.104144358,-9.4,-8.9,5.4246,388.0881634
CSc1ccc(NC2=C(c3ccccc3)C(=O)NC2=O)cc1,0.673281968,2.198439841,-7.9,-7.7,2.8881,310.0775987
COCCN1CCC(CNC(=O)c2n[nH]c3ccc(-c4ccccc4)cc23)CC1,0.647153718,2.235827093,-8.8,-8.7,3.3181,392.2212261
c1ccc(-c2ccc(CSc3nnc(-c4ccc5c(c4)OCCO5)o3)cc2)cc1,0.412852211,2.143259086,-9.4,-9.1,5.4671,402.1038134
O=C1Nc2ccccc2C1=C1Nc2ccccc2N1,0.629190823,2.292274768,-8.6,-8.2,2.8449,249.090212
COCCN1CCC(CNC(=O)c2n[nH]c3cc(-c4ccccc4)ccc23)CC1,0.647153718,2.240086822,-8.7,-8.3,3.3181,392.2212261
c1ccc(-c2ccc(CSc3nnc(-c4ccc5c(c4)OCO5)o3)cc2)cc1,0.425315534,2.104144358,-9.4,-8.9,5.4246,388.0881634
CCCC(=O)Nc1n[nH]c2ncc(-c3ccccc3)cc12,0.769418044,2.158598475,-8.1,-7.7,3.3635,280.1324111
CSc1nc(-c2ccccc2)c(-c2ccnc(NC(=O)C3CC3)c2)[nH]1,0.676359731,2.332860852,-8.9,-7.7,4.2091,350.1201322
CCS(=O)(=O)Nc1ccc(C(=O)Nc2ccc(Nc3nccc(-c4cccnc4)n3)cc2)cc1,0.347581279,2.259498832,-8.9,-9.7,4.2961,474.1474096
c1ccc(-c2ccc(CSc3nnc(-c4ccc5c(c4)OCO5)o3)cc2)cc1,0.425315534,2.104144358,-9.4,-8.9,5.4246,388.0881634
CSc1ccc(NC2=C(c3ccccc3)C(=O)NC2=O)cc1,0.673281968,2.198439841,-7.8,-7.7,2.8881,310.0775987
O=C1NC(=O)C(c2ccccc2)=C1Nc1ccc(Cl)c(C(=O)O)c1,0.741971604,2.194481484,-9,-8.5,2.5178,342.0407345
c1ccc(Nc2nccc(-c3cnn4ncccc34)n2)cc1,0.627484971,2.364224756,-8.2,-8.3,2.9299,288.1123444
c1ccc(-c2ccc(CSc3nnc(-c4ccc5c(c4)OCO5)o3)cc2)cc1,0.425315534,2.104144358,-9.4,-8.9,5.4246,388.0881634
CSc1ccc(NC2=C(c3ccccc3)C(=O)NC2=O)cc1,0.673281968,2.198439841,-7.8,-7.6,2.8881,310.0775987
Cn1cc(C2=C(c3cn(CCCN4CCOCC4)c4ccccc34)C(=O)NC2=O)c2ccccc21,0.440541409,2.644305013,-9.6,-8.6,3.4225,468.2161408
CCCC(=O)Nc1n[nH]c2cc(-c3ccc(Cl)cc3)ccc12,0.737928189,2.049503577,-8,-7.5,4.6219,313.0981898
c1ccc(-c2ncn(-c3ccc(-c4ccnc(Nc5ccc(-n6cnc(N7CCOCC7)n6)cc5)c4)cc3)n2)nc1,0.31043352,2.901882754,-11,-9.5,4.5522,542.2291055
c1ccc(-c2ccc(CSc3nnc(-c4ccc5c(c4)OCO5)o3)cc2)cc1,0.425315534,2.104144358,-9.4,-8.9,5.4246,388.0881634
O=C(O)c1ccc(CN2CCC(CNC(=O)c3n[nH]c4ccc(-c5ccc(Cl)cc5)cc34)CC2)o1,0.340932076,2.514277048,-9.8,-9.6,4.8165,492.156433
COCCN1CCC(CNC(=O)c2n[nH]c3cc(-c4ccccc4)ccc23)CC1,0.647153718,2.240086822,-8.5,-8.4,3.3181,392.2212261
O=C(NCC1CCN(Cc2ccccc2)CC1)c1n[nH]c2ccc(-c3ccccc3F)cc12,0.441253432,2.245868325,-9.5,-9.8,5.011,442.2168897
Clc1ccc(-c2nc(SCc3ccc(-c4ccccc4)cc3)oc2-c2ccc3c(c2)OCO3)cc1,0.220427716,2.331287879,-10.3,-9.4,8.35,497.0852422
c1ccc(-c2ccc(CSc3nnc(-c4ccc5c(c4)OCO5)o3)cc2)cc1,0.425315534,2.104144358,-9.4,-8.9,5.4246,388.0881634
CSc1ccc(NC2=C(c3ccccc3)C(=O)NC2=O)cc1,0.673281968,2.198439841,-7.8,-7.7,2.8881,310.0775987
c1ccc(-c2ccc(CSc3nnc(-c4ccc5c(c4)OCO5)o3)cc2)cc1,0.425315534,2.104144358,-9.4,-8.9,5.4246,388.0881634
N=C1NC(=O)C(=Cc2ccc(-c3ccc(Cl)cc3)o2)S1,0.830631159,2.659404864,-7.5,-7.7,3.73867,304.0073262
c1ccc(-c2ccc(CSc3nnc(-c4ccc5c(c4)OCO5)o3)cc2)cc1,0.425315534,2.104144358,-9.4,-8.9,5.4246,388.0881634
COCCN1CCC(CNC(=O)c2n[nH]c3ccc(-c4ccc(Cl)c(Cl)c4)cc23)CC1,0.538721417,2.39481105,-9.1,-8.1,4.6249,460.1432814
COCCN1CCC(CNC(=O)c2n[nH]c3ccc(-c4ccccc4)cc23)CC1,0.647153718,2.235827093,-8.8,-8.6,3.3181,392.2212261
CCCC(=O)Nc1n[nH]c2ncc(-c3ccc(OC)cc3)cc12,0.756891144,2.196743969,-8.3,-7.4,3.3721,310.1429758
Cn1cc(C2=C(c3coc4ccccc34)C(=O)NC2=O)c2ccccc21,0.567245536,2.465095951,-9.3,-8.9,3.4917,342.1004423
N#Cc1ccc(-c2ccc(CSc3nnc(-c4ccncc4)o3)cc2)cc1,0.462097457,2.187465577,-8.9,-8.7,4.96258,370.0888321
c1ccc(-c2ccc(CSc3nnc(-c4ccc5c(c4)OCO5)o3)cc2)cc1,0.425315534,2.104144358,-9.4,-8.8,5.4246,388.0881634
O=C(Nc1cccc(-c2ccnc(NC(=O)C3CC3)c2)c1)C1CC1,0.885859653,1.956833709,-8.4,-7.9,3.4456,321.1477268
CCCC(=O)Nc1n[nH]c2cc(-c3ccc(O)cc3)ccc12,0.686816356,2.127837643,-7.9,-7.7,3.6741,295.1320768
O=C(Nc1n[nH]c2ccc(-c3ccccc3)cc12)C1CC1,0.768445346,1.963749043,-8.8,-8.4,3.5784,277.1215121
COc1ccc2[nH]nc(C(=O)NCC3CCN(Cc4ccccc4)CC3)c2c1,0.690995807,2.115609608,-9.3,-8.5,3.2135,378.2055761
c1ccc(-c2ccc(CSc3nnc(-c4ccc5c(c4)OCO5)o3)cc2)cc1,0.425315534,2.104144358,-9.4,-9.2,5.4246,388.0881634
c1ccc(-c2ccc(CSc3nnc(-c4ccc5c(c4)OCO5)o3)cc2)cc1,0.425315534,2.104144358,-9.4,-8.8,5.4246,388.0881634
c1ccc(-c2ccc(CSc3nnc(-c4ccc5c(c4)OCCO5)o3)cc2)cc1,0.412852211,2.143259086,-9.4,-9.1,5.4671,402.1038134
O=C(Nc1n[nH]c2ncc(-c3ccccc3)cc12)C1CC1,0.773390379,2.155164175,-8.5,-7.9,2.9734,278.1167611
c1ccc(-c2ccc(CSc3nnc(-c4ccc5c(c4)OCO5)o3)cc2)cc1,0.425315534,2.104144358,-9.4,-8.9,5.4246,388.0881634
CN(C)CCNC(=O)c1ccc(-c2ccc3c(-c4ccc(C(=O)O)cc4)n[nH]c3c2)cc1,0.41488853,2.208441878,-8.6,-8.6,3.8865,428.1848406
NS(=O)(=O)c1ccc(NC2=C(c3ccccc3)C(=O)NC2=O)cc1,0.710156551,2.183088372,-8.3,-8.2,0.8136,343.0626769
O=C(NCC1CCN(Cc2ccc(C(=O)O)o2)CC1)c1ccc(Nc2nccc(-c3ccccc3)n2)cc1,0.292523032,2.428101871,-10.2,-9.8,4.8204,511.2219544
c1ccc(-c2ccc(CSc3nnc(-c4ccc5c(c4)OCCO5)o3)cc2)cc1,0.412852211,2.143259086,-9.4,-9.1,5.4671,402.1038134
CSc1nc(-c2ccc(F)cc2)c(C2=CC=NC(Nc3ccc(NC(=O)c4ccccc4)cc3)=NC=C2)n1C,0.270377279,3.058869093,-9.8,-9.5,6.65,536.1794586
COCCN1CCC(CNC(=O)c2n[nH]c3ccc(-c4ccccc4)cc23)CC1,0.647153718,2.235827093,-8.7,-8.7,3.3181,392.2212261
O=C(NCc1ccccc1)c1ccc(O)c2[nH]c(-c3ccc(F)cc3)nc12,0.513979644,2.091116494,-9.6,-8.6,4.0046,361.122655
CSc1ccc(NC2=C(c3ccccc3)C(=O)NC2=O)cc1,0.673281968,2.198439841,-7.7,-7.7,2.8881,310.0775987
c1ccc(-c2ccc(CSc3nnc(-c4ccc5c(c4)OCO5)o3)cc2)cc1,0.425315534,2.104144358,-9.4,-8.9,5.4246,388.0881634
Cn1cc(C2=C(c3cn(CCCN4CCOCC4)c4ccccc34)C(=O)NC2=O)c2ccccc21,0.440541409,2.644305013,-9.5,-8.5,3.4225,468.2161408
O=C1NC(=O)C(c2ccccc2)=C1Nc1ccc(Cl)c(C(=O)O)c1,0.741971604,2.194481484,-9,-8.5,2.5178,342.0407345
O=C(Nc1n[nH]c2nc(-c3ccccc3)ccc12)C1CC1,0.773390379,2.158875398,-8.3,-7.6,2.9734,278.1167611
c1ccc(-c2ccc(CSc3nnc(-c4ccc5c(c4)OCCO5)o3)cc2)cc1,0.412852211,2.143259086,-9.4,-9.2,5.4671,402.1038134
O=C(Nc1n[nH]c2ccc(-c3ccccc3)cc12)C1CC1,0.768445346,1.963749043,-8.7,-8.4,3.5784,277.1215121
O=C(Nc1n[nH]c2ccc(-c3ccccn3)cc12)C1CC1,0.773390379,2.163185865,-8.6,-8.1,2.9734,278.1167611
c1ccc(-c2ccc(CSc3nnc(-c4ccc5c(c4)OCO5)o3)cc2)cc1,0.425315534,2.104144358,-9.4,-8.8,5.4246,388.0881634
c1ccc(-c2ccc(CSc3nnc(-c4ccc5c(c4)OCO5)o3)cc2)cc1,0.425315534,2.104144358,-9.4,-8.9,5.4246,388.0881634
O=C(Nc1ccccc1)c1ccc(Nc2nccc(-c3cnn4ncccc34)n2)cc1,0.453592705,2.349968587,-9.8,-9.2,4.1822,407.1494582
COc1ccc(C2=C(c3cn(C)c4ccccc34)C(=O)NC2=O)cc1,0.750397967,2.197917108,-8.4,-8.3,2.7541,332.1160924
CSc1nc(-c2ccccc2)c(-c2ccnc(NC(=O)C3CC3)c2)[nH]1,0.676359731,2.332860852,-8.9,-7.7,4.2091,350.1201322
c1ccc(-c2ccc(CSc3nnc(-c4ccncc4)o3)cc2)cc1,0.47153119,1.983046928,-8.8,-8.3,5.0909,345.0935831
O=C(Nc1n[nH]c2nc(-c3ccccc3)ccc12)C1CC1,0.773390379,2.158875398,-8.4,-7.4,2.9734,278.1167611
N#Cc1cccc(CSc2nc(-c3ccccc3)no2)c1,0.68256105,2.166831958,-8,-7.4,3.90058,293.062283
Cn1c(N2CCN(c3ccccc3)CC2)nc(-c2ccncn2)cc1=O,0.715647736,2.301318153,-8.3,-8.5,1.5639,348.1698593
O=C(Nc1n[nH]c2ccc(-c3ccccc3)cc12)C1CC1,0.768445346,1.963749043,-8.9,-8.3,3.5784,277.1215121
CSc1nc(-c2ccc(F)cc2)c(-c2ccnc(Nc3ccc(NC(=O)c4ccccc4)cc3)c2)[nH]1,0.211911101,2.37343623,-9.7,-9.6,6.9956,495.1529095
c1ccc(-c2ccc(CSc3nnc(-c4ccc5c(c4)OCO5)o3)cc2)cc1,0.425315534,2.104144358,-9.4,-8.9,5.4246,388.0881634
c1ccc(-c2ccc(CSc3nnc(-c4ccc5c(c4)OCO5)o3)cc2)cc1,0.425315534,2.104144358,-9.4,-8.9,5.4246,388.0881634
O=C(Nc1ccccc1C(=O)Nc1ccccc1)c1ccc(Br)o1,0.692495456,1.765443506,-8.4,-7.7,4.5467,384.0109544
CCCC(=O)Nc1n[nH]c2ccc(-c3ccc(Cl)c(Cl)c3)cc12,0.674283825,2.159767702,-8.6,-8.2,5.2753,347.0592175
COCCN1CCC(CNC(=O)c2n[nH]c3ccc(-c4ccccc4)cc23)CC1,0.647153718,2.235827093,-8.8,-8.6,3.3181,392.2212261
NCCCn1cc(C2=C(c3coc4ccccc34)C(=O)NC2=O)c2ccccc21,0.515904878,2.594129757,-9,-8.3,3.3035,385.1426415
c1ccc(-c2ccc(CSc3nnc(-c4ccc5c(c4)OCO5)o3)cc2)cc1,0.425315534,2.104144358,-9.4,-8.9,5.4246,388.0881634
O=C1Nc2ccccc2NC1=C1C(=O)Nc2ccccc21,0.647589488,2.360171237,-9.4,-9.3,2.414,277.0851266
COCCN1CCC(CNC(=O)c2n[nH]c3ccc(-c4ccccc4)cc23)CC1,0.647153718,2.235827093,-8.8,-8.6,3.3181,392.2212261
COCCN1CCC(CNC(=O)c2ccc(Nc3nccc(-c4ccccc4)n3)cc2)CC1,0.518795831,2.186887992,-8.8,-8.4,3.9754,445.2477752
c1ccc(-c2ccc(CSc3nnc(-c4ccc5c(c4)OCO5)o3)cc2)cc1,0.425315534,2.104144358,-9.4,-8.9,5.4246,388.0881634
NCCCn1cc(C2=C(c3coc4ccccc34)C(=O)NC2=O)c2ccccc21,0.515904878,2.594129757,-9,-8.3,3.3035,385.1426415
c1ccc(-c2ccc(CSc3nnc(-c4ccc5c(c4)OCO5)o3)cc2)cc1,0.425315534,2.104144358,-9.3,-8.9,5.4246,388.0881634
O=C(Nc1n[nH]c2ncc(-c3ccccc3)cc12)C1CC1,0.773390379,2.155164175,-8.5,-8,2.9734,278.1167611
c1ccc(-c2ccc(CSc3nnc(-c4ccc5c(c4)OCO5)o3)cc2)cc1,0.425315534,2.104144358,-9.4,-8.9,5.4246,388.0881634
O=C(Cn1c(=O)ccc2ccccc21)Nc1scc(Br)c1-c1ncn[nH]1,0.520068719,2.743682413,-8.9,-8.7,3.2493,428.9895077
COCCN1CCC(CNC(=O)c2n[nH]c3ccc(-c4ccccc4)cc23)CC1,0.647153718,2.235827093,-8.8,-8.6,3.3181,392.2212261
Cn1cc(C2=C(c3cn(CCCN4CCOCC4)c4ccccc34)C(=O)NC2=O)c2ccccc21,0.440541409,2.644305013,-9.6,-9,3.4225,468.2161408
O=C(O)c1ccc(CN2CCC(CNC(=O)c3n[nH]c4ccc(-c5ccccc5)cc34)CC2)o1,0.3834196,2.45819368,-9.8,-9.4,4.1631,458.1954053
NS(=O)(=O)c1ccc(NC2=C(c3ccccc3)C(=O)NC2=O)cc1,0.710156551,2.183088372,-8.3,-7.9,0.8136,343.0626769
Cn1cc(C2=C(c3cn(CCO)c4ccccc34)C(=O)NC2=O)c2ccccc21,0.530532257,2.525656395,-8.9,-8.3,2.6925,385.1426415
COc1ccc2[nH]nc(C(=O)NCC3CCN(Cc4ccccc4)CC3)c2c1,0.690995807,2.115609608,-9.3,-8.7,3.2135,378.2055761
O=C(Nc1n[nH]c2ccc(-c3ccccc3)cc12)C1CC1,0.768445346,1.963749043,-8.7,-8.2,3.5784,277.1215121
O=C(Nc1n[nH]c2ncc(-c3ccccc3)cc12)C1CC1,0.773390379,2.155164175,-8.4,-7.9,2.9734,278.1167611
O=C(NCCc1ccccc1)c1ccc(O)c2[nH]c(-c3ccc(F)cc3)nc12,0.492469209,2.130310109,-9.6,-8.4,4.0471,375.138305
O=C(Nc1n[nH]c2nc(-c3ccccc3)ccc12)C1CC1,0.773390379,2.158875398,-8.3,-7.4,2.9734,278.1167611
O=C1NC(=O)C(c2cn(CCCO)c3ccccc23)=C1c1coc2ccccc12,0.515432371,2.574862174,-9.4,-8.6,3.3371,386.1266571
O=C1NC(=O)C(c2ccccc2)=C1Nc1cccc(Cl)c1,0.856775357,2.080552851,-8,-8,2.8196,298.0509053
O=C(NCCc1ccccc1)c1ccc(O)c2[nH]c(-c3ccc(F)cc3)nc12,0.492469209,2.130310109,-9.7,-8.8,4.0471,375.138305
O=C(Nc1n[nH]c2ncc(-c3ccccc3)cc12)C1CC1,0.773390379,2.155164175,-8.3,-8.1,2.9734,278.1167611
c1ccc(-c2ccc(CSc3nnc(-c4ccc5c(c4)OCO5)o3)cc2)cc1,0.425315534,2.104144358,-9.4,-8.9,5.4246,388.0881634
O=C(Nc1n[nH]c2ccc(-c3ccccc3)cc12)C1CC1,0.768445346,1.963749043,-8.8,-8.3,3.5784,277.1215121
O=C1NC(=O)C(c2ccccc2)=C1Nc1cc(Cl)c(O)c(Cl)c1,0.587526714,2.35591934,-7.8,-8.2,3.1786,348.0068475
c1ccc(-c2ccc(CSc3nnc(-c4ccc5c(c4)OCO5)o3)cc2)cc1,0.425315534,2.104144358,-9.4,-8.9,5.4246,388.0881634
O=C1NC(=O)C(c2ccccc2)=C1Nc1cc(Cl)c(O)c(Cl)c1,0.587526714,2.35591934,-8.1,-8.2,3.1786,348.0068475
c1ccc(Nc2nccc(-c3cnn4ncccc34)n2)cc1,0.627484971,2.364224756,-8.1,-8.3,2.9299,288.1123444
O=C(Nc1n[nH]c2ncc(-c3ccccc3)cc12)C1CC1,0.773390379,2.155164175,-8.4,-7.9,2.9734,278.1167611
O=C1NC(=O)C(c2ccccc2)=C1Nc1cc(Cl)c(O)c(Cl)c1,0.587526714,2.35591934,-7.9,-8.2,3.1786,348.0068475
Cn1cc(C2=C(c3cn(CCCN4CCOCC4)c4ccccc34)C(=O)NC2=O)c2ccccc21,0.440541409,2.644305013,-9.5,-8.6,3.4225,468.2161408
c1ccc(-c2ccc(CSc3nnc(-c4ccc5c(c4)OCO5)o3)cc2)cc1,0.425315534,2.104144358,-9.4,-8.9,5.4246,388.0881634
c1ccc(-c2ccc(CSc3nnc(-c4ccc5c(c4)OCCO5)o3)cc2)cc1,0.412852211,2.143259086,-9.4,-8.4,5.4671,402.1038134
c1ccc(-c2ccc(CSc3nnc(-c4ccc5c(c4)OCO5)o3)cc2)cc1,0.425315534,2.104144358,-9.4,-8.9,5.4246,388.0881634
c1ccc(-c2ccc(CSc3nnc(-c4ccc5c(c4)OCO5)o3)cc2)cc1,0.425315534,2.104144358,-9.4,-8.9,5.4246,388.0881634
O=C(Nc1ccccc1)c1cccc(-n2ncc3cc(Nc4ccccc4Cl)ccc32)c1,0.321689616,2.070815916,-9.7,-9.8,6.6748,438.1247389
c1ccc(-c2ccc(CSc3nnc(-c4ccc5c(c4)OCO5)o3)cc2)cc1,0.425315534,2.104144358,-9.4,-8.9,5.4246,388.0881634
O=C(NCCN1CCOCC1)c1ccc(-c2ccnc(Nc3ccc(N4CCOCC4)cc3)c2)cc1,0.504301983,2.332012753,-9.1,-8.8,3.3908,487.2583399
NCCCn1cc(C2=C(c3coc4ccccc34)C(=O)NC2=O)c2ccccc21,0.515904878,2.594129757,-9,-8.3,3.3035,385.1426415
c1ccc(-c2ccc(CSc3nnc(-c4ccc5c(c4)OCO5)o3)cc2)cc1,0.425315534,2.104144358,-9.4,-8.9,5.4246,388.0881634
c1ccc(-c2ccc(CSc3nnc(-c4ccc5c(c4)OCO5)o3)cc2)cc1,0.425315534,2.104144358,-9.3,-8.9,5.4246,388.0881634
CCCC(=O)Nc1n[nH]c2ncc(-c3ccccc3)cc12,0.769418044,2.158598475,-8.1,-7.7,3.3635,280.1324111
c1ccc(-c2ccc(CSc3nnc(-c4ccc5c(c4)OCCO5)o3)cc2)cc1,0.412852211,2.143259086,-9.4,-8.4,5.4671,402.1038134
c1ccc(-c2ccc(CSc3nc(-c4ccccc4)c(-c4ccc5c(c4)OCCO5)o3)cc2)cc1,0.23408822,2.311819997,-10.1,-9.3,7.7391,477.1398646
CSc1ccc(NC2=C(c3ccccc3)C(=O)NC2=O)cc1,0.673281968,2.198439841,-7.8,-7.7,2.8881,310.0775987
O=C(Nc1n[nH]c2ncc(-c3ccccc3)cc12)C1CC1,0.773390379,2.155164175,-8.5,-8,2.9734,278.1167611
c1ccc(-c2ccc(CSc3nnc(-c4ccc5c(c4)OCO5)o3)cc2)cc1,0.425315534,2.104144358,-9.4,-8.9,5.4246,388.0881634
c1ccc(-c2ccc(CSc3nnc(-c4ccc5c(c4)OCO5)o3)cc2)cc1,0.425315534,2.104144358,-9.4,-8.9,5.4246,388.0881634
O=C(NCCN1CCOCC1)c1cccc(-c2c[nH]c3cc(Nc4ccccc4Cl)ccc23)c1,0.340003181,2.323359554,-9.2,-9.3,5.2939,474.1822538
O=C(Nc1n[nH]c2ncc(-c3ccccc3)cc12)C1CC1,0.773390379,2.155164175,-8.5,-8,2.9734,278.1167611
Cn1c(N2CCNC(c3ccccc3)C2)nc(-c2ccccc2)cc1=O,0.791980657,2.705027905,-9.3,-8.4,2.5982,346.1793613
COCCN1CCC(CNC(=O)c2n[nH]c3ccc(-c4ccccc4)cc23)CC1,0.647153718,2.235827093,-8.8,-8.6,3.3181,392.2212261
CSc1nc(-c2ccc(F)cc2)c(C2=CC=NC(Nc3ccc(NC(=O)c4ccc(N5CCOCC5)cc4)cc3)=NC=C2)n1C,0.229326086,3.233534458,-9.8,-9.8,6.4866,621.2322225
O=C(Nc1n[nH]c2ccc(-c3ccccc3)cc12)C1CC1,0.768445346,1.963749043,-8.9,-8.4,3.5784,277.1215121
O=C(CN1C(=O)CCc2ccccc21)Nc1scc(Br)c1-c1ncn[nH]1,0.662646379,2.770169182,-9.1,-8.4,3.2136,431.0051578
c1ccc(-c2ccc(CSc3nnc(-c4ccc5c(c4)OCCO5)o3)cc2)cc1,0.412852211,2.143259086,-9.4,-8.5,5.4671,402.1038134
CSc1nc(-c2ccc(F)cc2)c(C2=CC=NC(Nc3ccc(NC(=O)c4ccccc4)cc3)=NC=C2)n1C,0.270377279,3.058869093,-10.1,-8.6,6.65,536.1794586
c1ccc(-c2ccc(CSc3nnc(-c4ccc5c(c4)OCO5)o3)cc2)cc1,0.425315534,2.104144358,-9.4,-8.9,5.4246,388.0881634
CSc1ccc(NC2=C(c3ccccc3)C(=O)NC2=O)cc1,0.673281968,2.198439841,-7.8,-7.7,2.8881,310.0775987
COCCN1CCC(CNC(=O)c2n[nH]c3ccc(-c4ccccc4)cc23)CC1,0.647153718,2.235827093,-8.8,-8.6,3.3181,392.2212261
c1ccc(-c2ccc(CSc3nnc(-c4ccc5c(c4)OCO5)o3)cc2)cc1,0.425315534,2.104144358,-9.4,-9.2,5.4246,388.0881634
COCCN1CCC(CNC(=O)c2n[nH]c3ccc(-c4ccccc4)cc23)CC1,0.647153718,2.235827093,-8.8,-8.6,3.3181,392.2212261
c1ccc(-c2ccc(CSc3nnc(-c4ccc5c(c4)OCO5)o3)cc2)cc1,0.425315534,2.104144358,-9.4,-8.9,5.4246,388.0881634
c1ccc(-c2ccc(CSc3nnc(-c4ccc5c(c4)OCCO5)o3)cc2)cc1,0.412852211,2.143259086,-9.4,-9.2,5.4671,402.1038134
Clc1ccc(Nc2cc(-c3ccnc(Nc4ccc(N5CCOCC5)cc4)n3)ccn2)cc1Cl,0.332830246,2.401296785,-10,-9.9,6.1692,492.1232147
CCCC(=O)Nc1n[nH]c2ncc(-c3ccccc3)cc12,0.769418044,2.158598475,-8.1,-7.7,3.3635,280.1324111
O=C1NC(=O)C(c2ccccc2)=C1Nc1cccc(Cl)c1,0.856775357,2.080552851,-8,-8,2.8196,298.0509053
O=C(NCCN1CCOCC1)c1cccc(-c2n[nH]c3ccc(Nc4ccccc4Cl)cc23)c1,0.361033742,2.354764015,-9.8,-8.9,4.6889,475.1775028
Cn1c(N2CCNC(c3ccc(Cl)cc3)C2)nc(-c2ccccc2)cc1=O,0.757395061,2.76283495,-9.4,-8.7,3.2516,380.140389
O=C(Nc1n[nH]c2ccc(-c3ccccc3)cc12)C1CC1,0.768445346,1.963749043,-8.9,-8,3.5784,277.1215121
O=C(Nc1n[nH]c2ncc(-c3ccccc3)cc12)C1CC1,0.773390379,2.155164175,-8.5,-8,2.9734,278.1167611
O=C(CN1C(=O)Cc2ccccc2C1=O)Nc1scc(Br)c1-c1ncn[nH]1,0.599085652,2.830712975,-9,-8.4,2.4593,444.9844223
COCCN1CCC(CNC(=O)c2n[nH]c3cc(-c4ccccc4)ccc23)CC1,0.647153718,2.240086822,-8.7,-8.3,3.3181,392.2212261
O=C(Nc1n[nH]c2ncc(-c3ccccc3)cc12)C1CC1,0.773390379,2.155164175,-8.5,-8,2.9734,278.1167611
N=C1NC(=O)C(=Cc2ccc(-c3ccc(Cl)cc3)o2)S1,0.830631159,2.659404864,-7.6,-7.8,3.73867,304.0073262
c1ccc(-c2ccc(CSc3nnc(-c4ccc5c(c4)OCO5)o3)cc2)cc1,0.425315534,2.104144358,-9.4,-8.9,5.4246,388.0881634
c1ccc(-c2ccc(CSc3nnc(-c4ccc5c(c4)OCO5)o3)cc2)cc1,0.425315534,2.104144358,-9.4,-8.9,5.4246,388.0881634
CSc1ccc(NC2=C(c3ccccc3)C(=O)NC2=O)cc1,0.673281968,2.198439841,-7.8,-7.7,2.8881,310.0775987
CCCC(=O)Nc1n[nH]c2cc(-c3ccccn3)ccc12,0.769418044,2.178766193,-7.9,-7.2,3.3635,280.1324111
O=C1NC(=O)C(c2ccccc2)=C1Nc1cc(Cl)c(O)c(Cl)c1,0.587526714,2.35591934,-8,-8.1,3.1786,348.0068475
COCCN1CCC(CNC(=O)c2n[nH]c3ccc(-c4ccccc4)cc23)CC1,0.647153718,2.235827093,-8.8,-8.5,3.3181,392.2212261
c1ccc(-c2ccc(CSc3nnc(-c4ccc5c(c4)OCO5)o3)cc2)cc1,0.425315534,2.104144358,-9.4,-8.9,5.4246,388.0881634
O=C(Nc1n[nH]c2ccc(-c3ccccc3)cc12)C1CC1,0.768445346,1.963749043,-8.8,-8.3,3.5784,277.1215121
O=C(O)c1ccc(CN2CCC(CNC(=O)c3n[nH]c4ccc(-c5ccc(O)cc5)cc34)CC2)o1,0.319684411,2.563138891,-10,-9.7,3.8687,474.1903199
O=C(Nc1n[nH]c2ncc(-c3ccccc3)cc12)C1CC1,0.773390379,2.155164175,-8.4,-7.9,2.9734,278.1167611
CSc1ccc(NC2=C(c3ccccc3)C(=O)NC2=O)cc1,0.673281968,2.198439841,-7.8,-7.7,2.8881,310.0775987
O=C(O)c1ccc(CN2CCC(CNC(=O)c3n[nH]c4ccc(-c5ccccc5)cc34)CC2)o1,0.3834196,2.45819368,-9.8,-9.4,4.1631,458.1954053
C[S+]([O-])c1ccc(-c2coc3ccc(-c4ccc(C(=O)O)cc4)cc23)cc1,0.496740449,3.080404258,-9.5,-8.6,5.2024,376.07693
CCCC(=O)Nc1n[nH]c2ccc(-c3ccccc3)cc12,0.758874824,1.967183343,-8.3,-7.7,3.9685,279.1371622
c1ccc(-c2ccc(CSc3nnc(-c4ccc5c(c4)OCO5)o3)cc2)cc1,0.425315534,2.104144358,-9.4,-8.9,5.4246,388.0881634
c1ccc(-c2ccc(CSc3nnc(-c4ccc5c(c4)OCO5)o3)cc2)cc1,0.425315534,2.104144358,-9.4,-8.9,5.4246,388.0881634
O=C(Nc1n[nH]c2ccc(-c3ccccc3)cc12)C1CC1,0.768445346,1.963749043,-8.7,-8.2,3.5784,277.1215121
O=C(Nc1cc(-c2ccccc2)ccn1)C1CCCN(Cc2ccccc2)CC1,0.672942793,2.316815041,-9.5,-8.9,4.9894,385.2154125
O=C(NCc1ccccc1)c1ccnc2[nH]c(-c3ccc(F)cc3)nc12,0.591902958,2.090464915,-9.1,-8.4,3.694,346.1229893
COCCN1CCC(CNC(=O)c2n[nH]c3ccc(-c4ccccc4)cc23)CC1,0.647153718,2.235827093,-8.8,-8.6,3.3181,392.2212261
O=C1NC(=O)C(c2ccccc2)=C1Nc1cc(Cl)c(O)c(Cl)c1,0.587526714,2.35591934,-7.9,-8.2,3.1786,348.0068475
O=C1NC(=O)C(c2ccccc2)=C1Nc1ccc(Cl)c(C(=O)O)c1,0.741971604,2.194481484,-9,-8.5,2.5178,342.0407345
O=C1NC(=O)C(c2ccccc2)=C1Nc1cc(Cl)c(O)c(Cl)c1,0.587526714,2.35591934,-7.9,-8.2,3.1786,348.0068475
c1ccc(-c2ccc(CSc3nnc(-c4ccc5c(c4)OCO5)o3)cc2)cc1,0.425315534,2.104144358,-9.4,-8.9,5.4246,388.0881634
COCCN1CCC(CNC(=O)c2n[nH]c3ccc(-c4ccccc4)cc23)CC1,0.647153718,2.235827093,-8.7,-8.5,3.3181,392.2212261
CSc1nc(-c2ccccc2)c(-c2ccnc(NC(=O)C3CC3)c2)[nH]1,0.676359731,2.332860852,-8.9,-8.1,4.2091,350.1201322
NCCCn1cc(C2=C(c3coc4ccccc34)C(=O)NC2=O)c2ccccc21,0.515904878,2.594129757,-9.1,-8.3,3.3035,385.1426415
Clc1ccc(-c2ccnc(Nc3ccc(N4CCOCC4)cc3)n2)nc1Nc1ccccc1,0.393895394,2.340836336,-10.1,-9.9,5.5158,458.162187
CN(C)CCCn1cc(C2=C(c3ccccc3)C(=O)NC2=O)c2ccccc21,0.675529158,2.334070045,-8.5,-7.3,3.1602,373.179027
O=C(Nc1n[nH]c2ccc(-c3ccccc3)cc12)C1CC1,0.768445346,1.963749043,-8.7,-8,3.5784,277.1215121
c1ccc2cc(-c3ccc(CSc4nnc(-c5ccc6c(c5)OCO6)o4)cc3)ccc2c1,0.289035773,2.244878089,-10.2,-10.5,6.5778,438.1038134
NCCCn1cc(C2=C(c3coc4ccccc34)C(=O)NC2=O)c2ccccc21,0.515904878,2.594129757,-9.1,-8.3,3.3035,385.1426415
Cn1cc(C2=C(c3cn(CCCN4CCOCC4)c4ccccc34)C(=O)NC2=O)c2ccccc21,0.440541409,2.644305013,-9.6,-8.8,3.4225,468.2161408
c1ccc(-c2ccc(CSc3nnc(-c4ccc5c(c4)OCO5)o3)cc2)cc1,0.425315534,2.104144358,-9.4,-8.9,5.4246,388.0881634
O=C(Nc1n[nH]c2ccc(-c3ccccc3)cc12)C1CC1,0.768445346,1.963749043,-8.6,-8.4,3.5784,277.1215121
Cn1cc(C2=C(c3cn(CCO)c4ccccc34)C(=O)NC2=O)c2cc(Cl)ccc21,0.49795685,2.614679644,-9.1,-8.2,3.3459,419.1036691
O=C(Nc1n[nH]c2ccc(-c3ccccn3)cc12)C1CC1,0.773390379,2.163185865,-8.5,-8.1,2.9734,278.1167611
N=C1NC(=O)C(=Cc2ccc(-c3ccc(Cl)cc3)o2)S1,0.830631159,2.659404864,-7.6,-7.7,3.73867,304.0073262
c1ccc(-c2ccc(CSc3nnc(-c4ccc5c(c4)OCCO5)o3)cc2)cc1,0.412852211,2.143259086,-9.4,-9,5.4671,402.1038134
c1ccc(Nc2nccc(-c3cnn4ncccc34)n2)cc1,0.627484971,2.364224756,-8.2,-8.2,2.9299,288.1123444
C=CC(=O)NCCCn1cc(C2=C(c3cn(C)c4ccccc34)C(=O)NC2=O)c2ccccc21,0.256102502,2.716443583,-9.4,-8.3,3.3925,452.1848406
c1ccc(-c2ccc(CSc3nnc(-c4ccc5c(c4)OCO5)o3)cc2)cc1,0.425315534,2.104144358,-9.4,-8.8,5.4246,388.0881634
COc1ccc(CNC(=O)c2ccc(CN3CCC(CNC(=O)c4n[nH]c5ccc(OC)cc45)CC3)cc2)cc1,0.278407784,2.382928902,-10.2,-9,4.1521,541.2689046
c1ccc(-c2ccc(CSc3nnc(-c4ccc5c(c4)OCO5)o3)cc2)cc1,0.425315534,2.104144358,-9.4,-8.9,5.4246,388.0881634
COc1ccc2[nH]nc(C(=O)NCC3CCN(Cc4ccccc4)CC3)c2c1,0.690995807,2.115609608,-9.3,-8.5,3.2135,378.2055761
O=C(Nc1n[nH]c2ccc(-c3ccccc3)cc12)C1CC1,0.768445346,1.963749043,-8.8,-8,3.5784,277.1215121
Cn1cc(C2=C(c3cn(CCCN4CCOCC4)c4ccccc34)C(=O)NC2=O)c2ccccc21,0.440541409,2.644305013,-9.5,-9,3.4225,468.2161408
c1ccc(-c2ccc(CSc3nnc(-c4ccc5c(c4)OCO5)o3)cc2)cc1,0.425315534,2.104144358,-9.4,-8.9,5.4246,388.0881634
O=C(Nc1n[nH]c2ccc(-c3ccc(Cl)cc3)cc12)C1CC1,0.7600986,2.034417863,-9,-8.5,4.2318,311.0825397
O=C1NC(=O)C(c2ccccc2)=C1Nc1cc(Cl)c(O)c(Cl)c1,0.587526714,2.35591934,-7.9,-8.2,3.1786,348.0068475
O=C(NCC1CCN(Cc2ccc(C(=O)O)o2)CC1)c1ccc(OCCCN2CCOCC2)cc1,0.468445502,2.387612253,-8.7,-8,2.7209,485.2525858
NCCCn1cc(C2=C(c3coc4ccccc34)C(=O)NC2=O)c2ccccc21,0.515904878,2.594129757,-9.1,-8.3,3.3035,385.1426415
c1ccc(-c2ccc(CSc3nnc(-c4ccc5c(c4)OCO5)o3)cc2)cc1,0.425315534,2.104144358,-9.4,-8.9,5.4246,388.0881634
Cn1cc(C2=C(c3cn(CCCN4CCOCC4)c4ccccc34)C(=O)NC2=O)c2ccccc21,0.440541409,2.644305013,-9.5,-8.5,3.4225,468.2161408
CN(C)CCCn1cc(C2=C(c3ccccc3)C(=O)NC2=O)c2ccccc21,0.675529158,2.334070045,-8.5,-7.3,3.1602,373.179027
c1ccc(-c2ccc(CSc3nnc(-c4ccc5c(c4)OCO5)o3)cc2)cc1,0.425315534,2.104144358,-9.4,-8.9,5.4246,388.0881634
Cn1cc(C2=C(c3ccc(Cl)cc3)C(=O)NC2=O)c2ccccc21,0.72915021,2.217076243,-8.1,-8.4,3.3989,336.0665553
O=C(Nc1n[nH]c2ccc(-c3ccccc3)cc12)C1CC1,0.768445346,1.963749043,-8.8,-8.4,3.5784,277.1215121
O=C1NC(=O)C(c2ccccc2)=C1Nc1cc(Cl)c(O)c(Cl)c1,0.587526714,2.35591934,-7.9,-8.2,3.1786,348.0068475
NCCCn1cc(C2=C(c3coc4ccccc34)C(=O)NC2=O)c2ccccc21,0.515904878,2.594129757,-9,-8.3,3.3035,385.1426415
O=C(Nc1n[nH]c2ncc(-c3ccccc3)cc12)C1CC1,0.773390379,2.155164175,-8.5,-7.8,2.9734,278.1167611
c1ccc(-c2ccc(CSc3nnc(-c4ccc5c(c4)OCO5)o3)cc2)cc1,0.425315534,2.104144358,-9.4,-8.9,5.4246,388.0881634
O=C1Nc2ccccc2C1=C1Nc2ccccc2N1,0.629190823,2.292274768,-8.6,-8.2,2.8449,249.090212
CSc1nc(-c2ccc(F)cc2)c(-c2ccnc(Nc3ccc(C(=O)NCC4CCN(Cc5ccc(C(=O)O)o5)CC4)cc3)c2)n1C,0.133692467,2.969708853,-10.2,-8.9,6.6869,654.2424528
COCCN1CCC(CNC(=O)c2n[nH]c3ccc(-c4ccccc4)cc23)CC1,0.647153718,2.235827093,-8.8,-8.6,3.3181,392.2212261
O=C(Nc1n[nH]c2ccc(-c3ccccc3)cc12)C1CC1,0.768445346,1.963749043,-8.7,-8.2,3.5784,277.1215121
O=C(Nc1n[nH]c2ccc(-c3ccccc3)cc12)C1CC1,0.768445346,1.963749043,-8.6,-8.2,3.5784,277.1215121
c1ccc(-c2ccc(CSc3nnc(-c4ccc5c(c4)OCO5)o3)cc2)cc1,0.425315534,2.104144358,-9.4,-8.9,5.4246,388.0881634
c1ccc(-c2ccc(CSc3nnc(-c4ccc5c(c4)OCO5)o3)cc2)cc1,0.425315534,2.104144358,-9.4,-8.9,5.4246,388.0881634
CCCC(=O)Nc1n[nH]c2ccc(-c3ccccc3)cc12,0.758874824,1.967183343,-8.3,-7.8,3.9685,279.1371622
CSc1ccc(NC2=C(c3ccccc3)C(=O)NC2=O)cc1,0.673281968,2.198439841,-7.9,-7.8,2.8881,310.0775987
COCCN1CCC(CNC(=O)c2n[nH]c3ccc(-c4ccccc4)cc23)CC1,0.647153718,2.235827093,-8.8,-8.6,3.3181,392.2212261
c1ccc(-c2ccc(CSc3nnc(-c4ccc5c(c4)OCCO5)o3)cc2)cc1,0.412852211,2.143259086,-9.4,-9,5.4671,402.1038134
NCCCn1cc(C2=C(c3coc4ccccc34)C(=O)NC2=O)c2ccccc21,0.515904878,2.594129757,-9,-8.3,3.3035,385.1426415
N#Cc1ccc(-c2ccc(CSc3nnc(-c4ccc5c(c4)OCO5)o3)cc2)cc1,0.410876371,2.293696678,-9.5,-9.2,5.29628,413.0834123
O=C(Nc1n[nH]c2ccc(-c3ccccc3)cc12)C1CC1,0.768445346,1.963749043,-8.8,-8.4,3.5784,277.1215121
c1ccc(-c2ccc(CSc3nnc(-c4ccc5c(c4)OCO5)o3)cc2)cc1,0.425315534,2.104144358,-9.4,-8.9,5.4246,388.0881634
CSc1nc(-c2ccc(F)cc2)c(-c2ccnc(Nc3ccc(NC(=O)c4cccc(NC(C)=O)c4)cc3)c2)[nH]1,0.1549993,2.5364218,-10.5,-9,6.954,552.1743733
O=C(Nc1n[nH]c2ncc(-c3ccccc3)cc12)C1CC1,0.773390379,2.155164175,-8.5,-8,2.9734,278.1167611
CN(C)CCCn1cc(C2=C(c3ccccc3)C(=O)NC2=O)c2ccccc21,0.675529158,2.334070045,-8.5,-7.2,3.1602,373.179027
O=C(CN1C(=O)CCc2ccccc21)Nc1scc(Br)c1-c1ncn[nH]1,0.662646379,2.770169182,-9.2,-8.3,3.2136,431.0051578
Cn1cc(C2=C(c3cn(CCCN4CCOCC4)c4ccccc34)C(=O)NC2=O)c2ccccc21,0.440541409,2.644305013,-9.5,-8.5,3.4225,468.2161408
C[S+]([O-])c1ccc(-c2coc3ccc(-c4ccc(C(N)=O)cc4)cc23)cc1,0.529342925,3.114267994,-9.9,-8.7,4.6031,375.0929144
O=C1NC(=O)C(c2cn(CCCN3CCOCC3)c3ccccc23)=C1c1coc2ccccc12,0.449108134,2.668609246,-9.8,-8.5,3.677,455.1845063
Clc1ccccc1Nc1nccc(-c2cnn3ncccc23)n1,0.62407752,2.461172126,-8.4,-8,3.5833,322.073372
c1ccc(-c2ccc(CSc3nnc(-c4ccc5c(c4)OCCO5)o3)cc2)cc1,0.412852211,2.143259086,-9.4,-9.2,5.4671,402.1038134
O=C(Nc1n[nH]c2ccc(-c3ccccc3)cc12)C1CC1,0.768445346,1.963749043,-8.7,-8.3,3.5784,277.1215121
c1ccc(-c2ccc(CSc3nnc(-c4ccc5c(c4)OCO5)o3)cc2)cc1,0.425315534,2.104144358,-9.4,-8.9,5.4246,388.0881634
CC(C)NCCCn1cc(C2=C(c3ccccc3)C(=O)NC2=O)c2ccccc21,0.480986728,2.383738323,-8.7,-7.2,3.5966,387.194677
O=C(NC1COC1)c1cc(-n2ncc3cc(Nc4ccccc4Cl)ccc32)cs1,0.490482677,2.663487449,-8.8,-8.4,4.6126,424.0760745
c1ccc(-c2ccc(CSc3nnc(-c4ccc5c(c4)OCO5)o3)cc2)cc1,0.425315534,2.104144358,-9.4,-8.9,5.4246,388.0881634
Clc1ccccc1Nc1cc(-c2ccnc(Nc3ccc(N4CCOCC4)cc3)n2)ccn1,0.393895394,2.347406195,-9.7,-9.8,5.5158,458.162187
CSc1ccc(NC2=C(c3ccccc3)C(=O)NC2=O)cc1,0.673281968,2.198439841,-7.9,-7.7,2.8881,310.0775987
COc1ccc2[nH]nc(C(=O)NCC3CCN(Cc4ccccc4)CC3)c2c1,0.690995807,2.115609608,-9.3,-8.4,3.2135,378.2055761
O=C1Nc2ccccc2C1=C1Nc2ccccc2N1,0.629190823,2.292274768,-8.6,-8.2,2.8449,249.090212
COc1ccc(CCNC(=O)c2ccnc3[nH]c(-c4ccc(F)cc4)nc23)cc1,0.525565473,2.190618218,-8.3,-8.2,3.7451,390.1492041
O=C1NC(=O)C(c2ccccc2)=C1Nc1cc(Cl)c(O)c(Cl)c1,0.587526714,2.35591934,-8,-8.2,3.1786,348.0068475
N=C1NC(=O)C(=Cc2ccc(-c3ccc(Cl)cc3)o2)S1,0.830631159,2.659404864,-7.5,-7.7,3.73867,304.0073262
c1ccc(-c2ccc(CSc3nnc(-c4ccc5c(c4)OCO5)o3)cc2)cc1,0.425315534,2.104144358,-9.4,-8.9,5.4246,388.0881634
c1ccc(Nc2nccc(-c3cnn4ncccc34)n2)cc1,0.627484971,2.364224756,-8.2,-8.3,2.9299,288.1123444
N=C1NC(=O)C(=Cc2ccc(-c3ccc(Cl)cc3)o2)S1,0.830631159,2.659404864,-7.6,-7.8,3.73867,304.0073262
COCCn1cc(C2=C(c3ccccc3)C(=O)NC2=O)c2ccccc21,0.722858873,2.258539028,-8.5,-8.2,2.8549,346.1317424
CS(=O)c1ccc(-c2coc3ccc(-c4ccc(C(=O)O)cc4)cc23)cc1,0.531323805,2.710965496,-9.5,-8.4,5.2024,376.07693
NCCCn1cc(C2=C(c3coc4ccccc34)C(=O)NC2=O)c2ccccc21,0.515904878,2.594129757,-9.1,-8.3,3.3035,385.1426415
O=C1NC(=O)C(c2ccccc2)=C1Nc1cc(Cl)c(O)c(Cl)c1,0.587526714,2.35591934,-7.9,-8.2,3.1786,348.0068475
O=C(Nc1ccc(Nc2nccc(-c3cccnc3)n2)cc1)c1ccccc1,0.541478819,1.911966395,-9.3,-8.8,4.5345,367.1433102
O=C(Nc1n[nH]c2ncc(-c3ccccc3)cc12)C1CC1,0.773390379,2.155164175,-8.5,-7.9,2.9734,278.1167611
c1ccc(-c2ccc(CSc3nnc(-c4ccc5c(c4)OCO5)o3)cc2)cc1,0.425315534,2.104144358,-9.4,-8.9,5.4246,388.0881634
O=C(Nc1n[nH]c2ncc(-c3ccccc3)cc12)C1CC1,0.773390379,2.155164175,-8.5,-8,2.9734,278.1167611
CCCC(=O)Nc1n[nH]c2ccc(-c3ccccn3)cc12,0.769418044,2.166620165,-8,-7.6,3.3635,280.1324111
CN1CCN(c2nc(-c3ccccc3)cc(=O)n2C)CC1,0.830772283,2.033570544,-7.5,-7.7,1.1991,284.1637113
c1ccc(-c2ccc(CSc3nnc(-c4ccc5c(c4)OCO5)o3)cc2)cc1,0.425315534,2.104144358,-9.4,-8.9,5.4246,388.0881634
O=C(Nc1n[nH]c2ncc(-c3ccccc3)cc12)C1CC1,0.773390379,2.155164175,-8.5,-8,2.9734,278.1167611
c1ccc(-c2ccc(CSc3nnc(-c4ccc5c(c4)OCO5)o3)cc2)cc1,0.425315534,2.104144358,-9.4,-8.9,5.4246,388.0881634
c1ccc(-c2ccc(CSc3nnc(-c4ccc5c(c4)OCO5)o3)cc2)cc1,0.425315534,2.104144358,-9.4,-8.9,5.4246,388.0881634
c1ccc(-c2ccc(CSc3nnc(-c4ccc5c(c4)OCO5)o3)cc2)cc1,0.425315534,2.104144358,-9.4,-8.9,5.4246,388.0881634
O=C1NC(=O)C(c2ccccc2)=C1Nc1cc(Cl)c(O)c(Cl)c1,0.587526714,2.35591934,-7.9,-8.3,3.1786,348.0068475
O=C(Nc1n[nH]c2cc(-c3ccccc3)ccc12)C1CC1,0.768445346,1.975895071,-8.1,-7.7,3.5784,277.1215121
O=C1Cc2ccccc2-c2[nH]c3ccc(Br)cc3c2N1,0.641660952,2.476045769,-8.7,-8.3,4.092,326.0054751
c1ccc(-c2ccc(CSc3nnc(-c4ccc5c(c4)OCO5)o3)cc2)cc1,0.425315534,2.104144358,-9.4,-8.9,5.4246,388.0881634
N#Cc1ccc(-c2ccc(CSc3nnc(-c4ccc5c(c4)OCO5)o3)cc2)cc1,0.410876371,2.293696678,-9.5,-9.5,5.29628,413.0834123
C#CCCN1CCN(c2c(C)cccc2NC(=O)c2ccc(Nc3nccc(-c4cnn5ncccc45)n3)cc2)CC1,0.26624367,2.975231628,-10.9,-9.3,4.63592,557.2651566
c1ccc(-c2ccc(CSc3nnc(-c4ccc5c(c4)OCO5)o3)cc2)cc1,0.425315534,2.104144358,-9.4,-8.9,5.4246,388.0881634
COc1ccc2[nH]nc(C(=O)NCC3CCN(Cc4ccccc4)CC3)c2c1,0.690995807,2.115609608,-9.2,-8.3,3.2135,378.2055761
O=C1NC(=O)C(c2ccccc2)=C1Nc1cc(Cl)c(O)c(Cl)c1,0.587526714,2.35591934,-7.9,-8.2,3.1786,348.0068475
c1ccc(-c2ccc(CSc3nnc(-c4ccc5c(c4)OCCO5)o3)cc2)cc1,0.412852211,2.143259086,-9.4,-9.1,5.4671,402.1038134
CSc1ccc(NC2=C(c3ccccc3)C(=O)NC2=O)cc1,0.673281968,2.198439841,-7.8,-7.7,2.8881,310.0775987
c1ccc(-c2ccc(CSc3nnc(-c4ccc5c(c4)OCO5)o3)cc2)cc1,0.425315534,2.104144358,-9.4,-8.9,5.4246,388.0881634
CCCC(=O)Nc1n[nH]c2cc(-c3ccccc3)ccc12,0.758874824,1.979329371,-7.8,-7.5,3.9685,279.1371622
O=C(NCC1CCN(CCc2ccccc2)CC1)c1n[nH]c2cc(-c3ccccc3)ccc12,0.430796333,2.20849395,-9.1,-9,4.9144,438.2419616
O=C1NC(=O)C(c2ccccc2)=C1Nc1ccc(C(=O)O)cc1,0.749380567,2.061566519,-8.4,-8.1,1.8644,308.0797069
N=C1NC(=O)C(=Cc2ccc(-c3ccc(Cl)cc3)o2)S1,0.830631159,2.659404864,-7.5,-7.7,3.73867,304.0073262
O=C1NC(=O)C(c2ccccc2)=C1Nc1cc(Cl)c(O)c(Cl)c1,0.587526714,2.35591934,-7.9,-8.2,3.1786,348.0068475
O=C(Nc1n[nH]c2ncc(-c3ccccc3)cc12)C1CC1,0.773390379,2.155164175,-8.5,-7.9,2.9734,278.1167611
c1ccc(-c2ccc(CSc3nnc(-c4ccc5c(c4)OCCO5)o3)cc2)cc1,0.412852211,2.143259086,-9.4,-9.1,5.4671,402.1038134
c1ccc(-c2ccc(CSc3nnc(-c4ccc5c(c4)OCO5)o3)cc2)cc1,0.425315534,2.104144358,-9.4,-8.9,5.4246,388.0881634
CCCC(=O)Nc1n[nH]c2ccc(-c3ccccn3)cc12,0.769418044,2.166620165,-8.1,-7.5,3.3635,280.1324111
O=C(Nc1n[nH]c2ncc(-c3ccccc3)cc12)C1CC1,0.773390379,2.155164175,-8.4,-8.1,2.9734,278.1167611
c1ccc(-c2ccc(CSc3nnc(-c4ccc5c(c4)OCO5)o3)cc2)cc1,0.425315534,2.104144358,-9.4,-8.9,5.4246,388.0881634
COCCN1CCC(CNC(=O)c2n[nH]c3ccc(-c4ccccc4)cc23)CC1,0.647153718,2.235827093,-8.8,-8.5,3.3181,392.2212261
Clc1cccc(Nc2nccc(-c3cnn4ncccc34)n2)c1,0.62407752,2.465688416,-8.4,-8.5,3.5833,322.073372
c1ccc(-c2ccc(CSc3nnc(-c4ccc5c(c4)OCO5)o3)cc2)cc1,0.425315534,2.104144358,-9.4,-8.9,5.4246,388.0881634
CCCC(=O)Nc1n[nH]c2ccc(-c3ccccn3)cc12,0.769418044,2.166620165,-8,-7.6,3.3635,280.1324111
O=C(Nc1n[nH]c2nc(-c3ccccc3)ccc12)C1CC1,0.773390379,2.158875398,-8.3,-7.5,2.9734,278.1167611
COCCN1CCC(CNC(=O)c2n[nH]c3ccc(-c4ccccc4)cc23)CC1,0.647153718,2.235827093,-8.8,-8.5,3.3181,392.2212261
O=C(Nc1n[nH]c2ccc(-c3ccccc3)cc12)C1CC1,0.768445346,1.963749043,-8.7,-8.2,3.5784,277.1215121
O=C1NC(=O)C(c2ccccc2)=C1Nc1cc(Cl)c(O)c(Cl)c1,0.587526714,2.35591934,-7.9,-8.3,3.1786,348.0068475
NC1CCN(c2ccccc2NC(=O)c2ccnc(Nc3ccccc3)c2)CC1,0.616185166,2.1175956,-8.6,-8,4.005,387.2059104
c1ccc(-c2ccc(CSc3nnc(-c4ccc5c(c4)OCO5)o3)cc2)cc1,0.425315534,2.104144358,-9.4,-8.9,5.4246,388.0881634
c1ccc(-c2ccc(CSc3nnc(-c4ccc5c(c4)OCCO5)o3)cc2)cc1,0.412852211,2.143259086,-9.4,-9.1,5.4671,402.1038134
O=C1NC(=O)C(c2cn(CCCN3CCOCC3)c3ccccc23)=C1c1coc2ccccc12,0.449108134,2.668609246,-9.7,-8.6,3.677,455.1845063
N=C1NC(=O)C(=Cc2ccc(-c3ccc(Cl)cc3)o2)S1,0.830631159,2.659404864,-7.5,-7.7,3.73867,304.0073262
CSc1nc(-c2ccc(F)cc2)c(-c2ccnc(Nc3ccc(NC(=O)c4ccc(NC(=O)C=CCN(C)C)cc4)cc3)c2)[nH]1,0.09228895,2.847066493,-9.4,-8.6,7.0519,621.2322225
O=C(NCC1CCN(CCc2ccccc2)CC1)c1n[nH]c2cc(-c3ccccc3)ccc12,0.430796333,2.20849395,-9.3,-9.1,4.9144,438.2419616
Cn1cc(C2=C(c3cn(CCCN4CCOCC4)c4ccccc34)C(=O)NC2=O)c2ccccc21,0.440541409,2.644305013,-9.5,-8.3,3.4225,468.2161408
c1ccc(-c2ccc(CSc3nnc(-c4ccc5c(c4)OCO5)o3)cc2)cc1,0.425315534,2.104144358,-9.4,-8.9,5.4246,388.0881634
CSc1ccc(NC2=C(c3ccccc3)C(=O)NC2=O)cc1,0.673281968,2.198439841,-7.8,-7.7,2.8881,310.0775987
COCCN1CCC(CNC(=O)c2n[nH]c3cc(-c4ccccc4)ccc23)CC1,0.647153718,2.240086822,-8.7,-8.4,3.3181,392.2212261
Cn1c(SCc2cnn(-c3ccccc3)c2)nc(-c2ccc(Cl)cc2)cc1=O,0.358052911,2.294499852,-8.6,-8.5,4.5787,408.0811598
CSc1nc(-c2ccc(F)cc2)c(-c2ccnc(NC3CCCC3)c2)[nH]1,0.595830443,2.449623214,-8.8,-8,5.3542,368.1470959
COCCN1CCC(CNC(=O)c2n[nH]c3ccc(-c4ccccc4)cc23)CC1,0.647153718,2.235827093,-8.7,-8.6,3.3181,392.2212261
N#Cc1ccc(-c2ccc(CSc3nnc(-c4ccc5c(c4)OCCO5)o3)cc2)cc1,0.397746084,2.328630459,-9.4,-9.5,5.33878,427.0990624
CCCC(=O)Nc1n[nH]c2ncc(-c3ccccc3)cc12,0.769418044,2.158598475,-8.1,-7.7,3.3635,280.1324111
c1ccc(-c2ccc(CSc3nnc(-c4ccc5c(c4)OCO5)o3)cc2)cc1,0.425315534,2.104144358,-9.3,-8.9,5.4246,388.0881634
c1ccc(-c2ccc(CSc3nnc(-c4ccc5c(c4)OCO5)o3)cc2)cc1,0.425315534,2.104144358,-9.4,-8.9,5.4246,388.0881634
CN(C)CCCn1cc(C2=C(c3ccccc3)C(=O)NC2=O)c2ccccc21,0.675529158,2.334070045,-8.4,-7.2,3.1602,373.179027
Cn1cc(C2=C(c3cn(CCCN4CCOCC4)c4ccccc34)C(=O)NC2=O)c2ccccc21,0.440541409,2.644305013,-9.6,-8.3,3.4225,468.2161408
COCCN1CCC(CNC(=O)c2n[nH]c3cc(-c4ccccc4)ccc23)CC1,0.647153718,2.240086822,-8.8,-8.3,3.3181,392.2212261
c1ccc(Nc2nccc(-c3cnn4ncccc34)n2)cc1,0.627484971,2.364224756,-8.2,-8.3,2.9299,288.1123444
O=C1NC(=O)C(c2ccccc2)=C1Nc1cccc(Cl)c1,0.856775357,2.080552851,-8,-8,2.8196,298.0509053
O=C(Nc1n[nH]c2ccc(-c3ccccc3)cc12)C1CC1,0.768445346,1.963749043,-8.7,-8.4,3.5784,277.1215121
O=C(Nc1n[nH]c2ccc(-c3ccccn3)cc12)C1CC1,0.773390379,2.163185865,-8.4,-8,2.9734,278.1167611
CSc1nc(-c2ccc(F)cc2)c(-c2ccnc(Nc3ccc(NC(=O)c4ccc(N5CCOCC5)cc4)cc3)c2)[nH]1,0.173197461,2.62945827,-9.8,-9,6.8322,580.2056734
O=C1NC(=O)C(c2cn(CCCO)c3ccccc23)=C1c1ccccc1,0.697742918,2.289297797,-8.3,-7.7,2.5909,346.1317424
Cn1c(N2CCNC(c3ccc(F)cc3)C2)nc(-c2ccccc2)cc1=O,0.776466779,2.767418382,-9.7,-8.8,2.7373,364.1699395
O=C(Nc1n[nH]c2ccc(-c3ccccc3)cc12)C1CC1,0.768445346,1.963749043,-8.7,-8.3,3.5784,277.1215121
CCCC(=O)Nc1n[nH]c2ccc(-c3ccccn3)cc12,0.769418044,2.166620165,-8,-7.6,3.3635,280.1324111
O=C(Nc1n[nH]c2nc(-c3ccccc3)ccc12)C1CC1,0.773390379,2.158875398,-8.3,-7.6,2.9734,278.1167611
CCCC(=O)Nc1n[nH]c2cc(-c3ccccc3)ccc12,0.758874824,1.979329371,-7.9,-7.5,3.9685,279.1371622
NCCCn1cc(C2=C(c3coc4ccccc34)C(=O)NC2=O)c2ccccc21,0.515904878,2.594129757,-9,-8.3,3.3035,385.1426415
O=C1NC(=O)C(c2ccccc2)=C1Nc1ccc(Cl)c(C(=O)O)c1,0.741971604,2.194481484,-9,-8.6,2.5178,342.0407345
c1ccc(-c2ccc(CSc3nnc(-c4ccncc4)o3)cc2)cc1,0.47153119,1.983046928,-8.8,-8.2,5.0909,345.0935831
COCCN1CCC(CNC(=O)c2n[nH]c3ccc(-c4ccccc4)cc23)CC1,0.647153718,2.235827093,-8.8,-8.6,3.3181,392.2212261
CSc1ccc(NC2=C(c3ccccc3)C(=O)NC2=O)cc1,0.673281968,2.198439841,-7.8,-7.7,2.8881,310.0775987
CC(=O)NCCCn1cc(C2=C(c3ccccc3)C(=O)NC2=O)c2ccccc21,0.504155455,2.337762419,-9,-8.5,2.7347,387.1582915
C[S+]([O-])c1ccc(-c2coc3ccc(-c4ccccc4)cc23)cc1,0.464146294,3.016714776,-9.2,-8.6,5.5042,332.0871008
CSc1nc(-c2ccc(F)cc2)c(-c2ccnc(Nc3ccc(NC(=O)c4ccccc4)cc3)c2)[nH]1,0.211911101,2.37343623,-9.7,-9,6.9956,495.1529095
c1ccc(-c2ccc(CSc3nnc(-c4ccc5c(c4)OCCO5)o3)cc2)cc1,0.412852211,2.143259086,-9.3,-8.4,5.4671,402.1038134
COCCN1CCC(CNC(=O)c2n[nH]c3ccc(-c4ccc(Cl)cc4)cc23)CC1,0.599300035,2.296246977,-8.9,-8.1,3.9715,426.1822538
c1ccc(-c2ccc(CSc3nnc(-c4ccc5c(c4)OCO5)o3)cc2)cc1,0.425315534,2.104144358,-9.4,-8.9,5.4246,388.0881634
c1ccc(-c2ccc(CSc3nnc(-c4ccc5c(c4)OCCO5)o3)cc2)cc1,0.412852211,2.143259086,-9.4,-9.1,5.4671,402.1038134
O=C1NC(=O)C(c2ccccc2)=C1Nc1cc(Cl)c(O)c(Cl)c1,0.587526714,2.35591934,-8.1,-8.2,3.1786,348.0068475
COc1ccc(CCNC(=O)c2ccnc3[nH]c(-c4ccc(F)cc4)nc23)cc1,0.525565473,2.190618218,-8.4,-8.1,3.7451,390.1492041
c1ccc(-c2ccc(CSc3nnc(-c4ccc5c(c4)OCCO5)o3)cc2)cc1,0.412852211,2.143259086,-9.4,-8.5,5.4671,402.1038134
O=C(Nc1n[nH]c2cc(-c3ccccc3)ccc12)C1CC1,0.768445346,1.975895071,-8.2,-7.7,3.5784,277.1215121
O=C(Nc1n[nH]c2ccc(-c3ccccn3)cc12)C1CC1,0.773390379,2.163185865,-8.6,-7.6,2.9734,278.1167611
CSc1ccc(NC2=C(c3ccccc3)C(=O)NC2=O)cc1,0.673281968,2.198439841,-7.8,-7.7,2.8881,310.0775987
O=C(Nc1n[nH]c2ccc(-c3ccccc3)cc12)C1CC1,0.768445346,1.963749043,-8.7,-8.2,3.5784,277.1215121
O=C(Nc1n[nH]c2cc(-c3ccccn3)ccc12)C1CC1,0.773390379,2.175331893,-8.2,-7.4,2.9734,278.1167611
c1ccc(-c2ccc(CSc3nnc(-c4ccc5c(c4)OCO5)o3)cc2)cc1,0.425315534,2.104144358,-9.4,-8.9,5.4246,388.0881634
c1ccc(-c2ccc(CSc3nnc(-c4ccc5c(c4)OCO5)o3)cc2)cc1,0.425315534,2.104144358,-9.4,-8.9,5.4246,388.0881634
Cn1cc(C2=C(c3ccccc3)C(=O)NC2=O)c2ccccc21,0.74005506,2.152761451,-8.5,-8.3,2.7455,302.1055277
CC(=O)NCCCn1cc(C2=C(c3cn(C)c4ccccc34)C(=O)NC2=O)c2ccccc21,0.356640986,2.583029916,-9.4,-8.8,3.2264,440.1848406
CCCC(=O)Nc1n[nH]c2ccc(-c3ccccc3)cc12,0.758874824,1.967183343,-8.3,-7.8,3.9685,279.1371622
CSc1nc(-c2ccc(F)cc2)c(-c2ccnc(Nc3ccc(NC(=O)c4ccc(NC(=O)C=CCN(C)C)cc4)cc3)c2)[nH]1,0.09228895,2.847066493,-9,-8.8,7.0519,621.2322225
Clc1ccccc1Nc1cc(-c2ccnc(Nc3ccccc3)n2)ccn1,0.470918082,2.085421154,-9.2,-9,5.6792,373.1094232
CSc1ccc(NC2=C(c3ccccc3)C(=O)NC2=O)cc1,0.673281968,2.198439841,-7.9,-7.7,2.8881,310.0775987
NCCCn1cc(C2=C(c3coc4ccccc34)C(=O)NC2=O)c2ccccc21,0.515904878,2.594129757,-9,-8.3,3.3035,385.1426415
CCCC(=O)Nc1n[nH]c2ncc(-c3ccccc3)cc12,0.769418044,2.158598475,-8.1,-7.8,3.3635,280.1324111
O=C(Nc1n[nH]c2ccc(-c3ccccc3)cc12)C1CC1,0.768445346,1.963749043,-8.7,-7.9,3.5784,277.1215121
COCCN1CCC(CNC(=O)c2n[nH]c3ccc(-c4ccccc4)cc23)CC1,0.647153718,2.235827093,-8.8,-8.5,3.3181,392.2212261
COCCN1CCC(CNC(=O)c2n[nH]c3ccc(-c4ccccc4)cc23)CC1,0.647153718,2.235827093,-8.8,-8.5,3.3181,392.2212261
COCCN1CCC(CNC(=O)c2n[nH]c3cc(-c4ccccc4)ccc23)CC1,0.647153718,2.240086822,-8.6,-8.3,3.3181,392.2212261
O=C(Nc1n[nH]c2nc(-c3ccc(Cl)cc3)ccc12)C1CC1,0.775545072,2.223349731,-8.1,-7.4,3.6268,312.0777887
O=C(Nc1n[nH]c2ccc(-c3ccccc3)cc12)C1CC1,0.768445346,1.963749043,-8.7,-8.2,3.5784,277.1215121
COc1ccc2[nH]cc(C(=O)NCC3CCN(Cc4ccc(C(=O)O)o4)CC3)c2c1,0.551392863,2.383300866,-8.8,-8.4,3.1097,411.1794209
O=C1NC(=O)C(c2cn(CCCO)c3ccccc23)=C1c1coc2ccccc12,0.515432371,2.574862174,-9.4,-8.6,3.3371,386.1266571
CSc1nc(-c2ccccc2)c(-c2ccnc(NC(=O)C3CC3)c2)[nH]1,0.676359731,2.332860852,-8.9,-7.6,4.2091,350.1201322
O=C1NC(=O)C(c2ccccc2)=C1Nc1cc(Cl)c(O)c(Cl)c1,0.587526714,2.35591934,-8,-8.2,3.1786,348.0068475
CSc1nc(-c2ccc(F)cc2)c(-c2ccnc(Nc3ccc(NC(=O)c4ccc(N5CCOCC5)cc4)cc3)c2)[nH]1,0.173197461,2.62945827,-9.9,-10.3,6.8322,580.2056734
COc1ccc2[nH]nc(C(=O)NCC3CCN(Cc4ccccc4)CC3)c2c1,0.690995807,2.115609608,-9.3,-8.5,3.2135,378.2055761
c1ccc(-c2ccc(CSc3nnc(-c4ccc5c(c4)OCO5)o3)cc2)cc1,0.425315534,2.104144358,-9.4,-8.9,5.4246,388.0881634
CSc1ccc(NC2=C(c3ccccc3)C(=O)NC2=O)cc1,0.673281968,2.198439841,-7.8,-7.7,2.8881,310.0775987
NCCCn1cc(C2=C(c3coc4ccccc34)C(=O)NC2=O)c2ccccc21,0.515904878,2.594129757,-9,-8.3,3.3035,385.1426415
O=C(CN1C(=O)Cc2ccccc2C1=O)Nc1scc(Br)c1-c1ncn[nH]1,0.599085652,2.830712975,-9.1,-8.6,2.4593,444.9844223
c1ccc(-c2ccc(CSc3nnc(-c4ccc5c(c4)OCO5)o3)cc2)cc1,0.425315534,2.104144358,-9.4,-8.9,5.4246,388.0881634
c1ccc(-c2ccc(CSc3nnc(-c4ccncc4)o3)cc2)cc1,0.47153119,1.983046928,-8.8,-8.3,5.0909,345.0935831
O=C(Nc1cc(-c2ccnc(Nc3ccccc3)c2)ccn1)C1CC1,0.73426779,2.063729845,-8.6,-8,4.2357,330.1480612
O=C1NC(=O)C(c2ccccc2)=C1Nc1cc(Cl)c(O)c(Cl)c1,0.587526714,2.35591934,-7.8,-8.2,3.1786,348.0068475
c1ccc(-c2ccc(CSc3nnc(-c4ccc5c(c4)OCO5)o3)cc2)cc1,0.425315534,2.104144358,-9.4,-8.9,5.4246,388.0881634
O=C1NC(=O)C(c2ccccc2)=C1Nc1cccc(Cl)c1,0.856775357,2.080552851,-8,-8,2.8196,298.0509053
O=C(Nc1n[nH]c2ccc(-c3ccccc3)cc12)C1CC1,0.768445346,1.963749043,-8.7,-8.2,3.5784,277.1215121
c1ccc(-c2ccc(CSc3nnc(-c4ccc5c(c4)OCO5)o3)cc2)cc1,0.425315534,2.104144358,-8.8,-8.9,5.4246,388.0881634
N#Cc1ccc(-c2ccc(CSc3nnc(-c4ccc5c(c4)OCO5)o3)cc2)cc1,0.410876371,2.293696678,-9.5,-9.4,5.29628,413.0834123
c1ccc(-c2ccc(CSc3nnc(-c4ccc5c(c4)OCO5)o3)cc2)cc1,0.425315534,2.104144358,-8.8,-8.9,5.4246,388.0881634
O=C(Nc1n[nH]c2ccc(-c3ccccc3)cc12)C1CC1,0.768445346,1.963749043,-8.8,-8.4,3.5784,277.1215121
c1ccc(-c2ccc(CSc3nnc(-c4ccc5c(c4)OCO5)o3)cc2)cc1,0.425315534,2.104144358,-9.4,-8.9,5.4246,388.0881634
Cn1cc(C2=C(c3cn(CCCN4CCOCC4)c4ccccc34)C(=O)NC2=O)c2ccccc21,0.440541409,2.644305013,-9.7,-8.3,3.4225,468.2161408
COc1ccc(C2=C(c3cn(C)c4ccccc34)C(=O)NC2=O)cc1,0.750397967,2.197917108,-8.4,-8.4,2.7541,332.1160924
c1ccc(-c2ccc(CSc3nnc(-c4ccc5c(c4)OCO5)o3)cc2)cc1,0.425315534,2.104144358,-9.3,-8.9,5.4246,388.0881634
COCCN1CCC(CNC(=O)c2n[nH]c3ccc(-c4ccccc4)cc23)CC1,0.647153718,2.235827093,-8.8,-8.5,3.3181,392.2212261
O=C1NC(=O)C(c2ccccc2)=C1Nc1cc(Cl)c(O)c(Cl)c1,0.587526714,2.35591934,-8.1,-8.2,3.1786,348.0068475
O=C1NC(=O)C(c2ccccc2)=C1Nc1cc(Cl)c(O)c(Cl)c1,0.587526714,2.35591934,-8.1,-8.2,3.1786,348.0068475
COCCN1CCC(CNC(=O)c2n[nH]c3ccc(-c4ccccc4)cc23)CC1,0.647153718,2.235827093,-8.8,-8.6,3.3181,392.2212261
COCCN1CCC(CNC(=O)c2n[nH]c3cc(-c4ccccc4)ccc23)CC1,0.647153718,2.240086822,-8.6,-8.5,3.3181,392.2212261
COCCN1CCC(CNC(=O)c2n[nH]c3cc(-c4ccccc4)ccc23)CC1,0.647153718,2.240086822,-8.7,-8.3,3.3181,392.2212261
c1ccc(-c2ccc(CSc3nnc(-c4ccc5c(c4)OCO5)o3)cc2)cc1,0.425315534,2.104144358,-9.4,-8.9,5.4246,388.0881634
c1ccc(-c2ccc(CSc3nnc(-c4ccc5c(c4)OCO5)o3)cc2)cc1,0.425315534,2.104144358,-9.4,-8.9,5.4246,388.0881634
c1ccc(-c2ccc(CSc3nnc(-c4ccc5c(c4)OCO5)o3)cc2)cc1,0.425315534,2.104144358,-9.4,-8.9,5.4246,388.0881634
O=C(Nc1n[nH]c2ccc(-c3ccccn3)cc12)C1CC1,0.773390379,2.163185865,-8.6,-8.1,2.9734,278.1167611
c1ccc(-c2ccc(CSc3nnc(-c4ccc5c(c4)OCO5)o3)cc2)cc1,0.425315534,2.104144358,-9.4,-8.9,5.4246,388.0881634
COc1ccc(C2=C(Nc3cc(Cl)c(O)c(Cl)c3)C(=O)NC2=O)cc1,0.56114476,2.385968962,-8.2,-7.8,3.1872,378.0174122
COCCN1CCC(CNC(=O)c2n[nH]c3ccc(-c4ccccc4)cc23)CC1,0.647153718,2.235827093,-8.8,-8.6,3.3181,392.2212261
c1ccc(-c2ccc(CSc3nnc(-c4ccc5c(c4)OCO5)o3)cc2)cc1,0.425315534,2.104144358,-9.4,-8.9,5.4246,388.0881634
O=C(NCCc1ccccc1)c1ccc(O)c2[nH]c(-c3ccc(F)cc3)nc12,0.492469209,2.130310109,-9.6,-8.8,4.0471,375.138305
CSc1nc(-c2ccc(F)cc2)c(-c2ccnc(NC(=O)C3CC3)c2)[nH]1,0.657070904,2.39643739,-8.8,-8,4.3482,368.1107104
COCCN1CCC(CNC(=O)c2n[nH]c3ccc(-c4ccccc4)cc23)CC1,0.647153718,2.235827093,-8.8,-8.7,3.3181,392.2212261
O=C(Nc1n[nH]c2nc(-c3ccccc3)ccc12)C1CC1,0.773390379,2.158875398,-8.4,-7.5,2.9734,278.1167611
CCCC(=O)Nc1n[nH]c2cc(-c3ccccc3)ccc12,0.758874824,1.979329371,-7.9,-7.6,3.9685,279.1371622
c1ccc(-c2ccc(CSc3nnc(-c4ccc5c(c4)OCO5)o3)cc2)cc1,0.425315534,2.104144358,-9.4,-8.9,5.4246,388.0881634
N#Cc1ccc(-c2ccc(CSc3nnc(-c4ccc5c(c4)OCO5)o3)cc2)cc1,0.410876371,2.293696678,-9.3,-9.4,5.29628,413.0834123
Cn1cc(C2=C(c3cn(CCCO)c4ccccc34)C(=O)NC2=O)c2ccccc21,0.506574139,2.537576001,-9.1,-8.1,3.0826,399.1582915
c1ccc(-c2ccc(CSc3nnc(-c4ccc5c(c4)OCO5)o3)cc2)cc1,0.425315534,2.104144358,-9.4,-8.9,5.4246,388.0881634
COc1ccc2[nH]nc(C(=O)NCC3CCN(Cc4ccccc4)CC3)c2c1,0.690995807,2.115609608,-9.2,-8.5,3.2135,378.2055761
N#Cc1ccc(-c2ccc(CSc3ccc(-c4ccc5c(c4)OCCO5)o3)cc2)cc1,0.339470238,2.421428286,-9.4,-8.3,6.54878,425.1085645
COCCN1CCC(CNC(=O)c2n[nH]c3cc(-c4ccccc4)ccc23)CC1,0.647153718,2.240086822,-8.7,-8.4,3.3181,392.2212261
COCCN1CCC(CNC(=O)c2n[nH]c3cc(-c4ccccc4)ccc23)CC1,0.647153718,2.240086822,-8.8,-8.3,3.3181,392.2212261
O=C1Nc2ccccc2C1=C1Nc2ccccc2N1,0.629190823,2.292274768,-8.6,-8.2,2.8449,249.090212
O=C(Nc1n[nH]c2ncc(-c3ccccc3)cc12)C1CC1,0.773390379,2.155164175,-8.4,-8.1,2.9734,278.1167611
CCCC(=O)Nc1n[nH]c2ncc(-c3ccccc3)cc12,0.769418044,2.158598475,-8.1,-7.7,3.3635,280.1324111
c1ccc(-c2ccc(CSc3nnc(-c4ccc5c(c4)OCO5)o3)cc2)cc1,0.425315534,2.104144358,-9.4,-8.9,5.4246,388.0881634
O=C(Nc1n[nH]c2nc(-c3ccccc3)ccc12)C1CC1,0.773390379,2.158875398,-8.3,-7.4,2.9734,278.1167611
O=C1NC(=O)C(c2ccccc2)=C1Nc1cc(Cl)c(O)c(Cl)c1,0.587526714,2.35591934,-7.9,-8.2,3.1786,348.0068475
O=C(Nc1ccc(Nc2nccc(-c3cnn4ncccc34)n2)cc1)c1ccccc1Cl,0.404941009,2.42928842,-10.1,-9.5,4.8356,441.1104858
Cc1nc(C)n(-c2ccc(Nc3cc(-c4ccnc(NC(=O)C5CC5)c4)ccn3)cc2)n1,0.474169075,2.50767696,-9.3,-9.1,4.43324,425.1964084
c1ccc(-c2ccc(CSc3nnc(-c4ccc5c(c4)OCO5)o3)cc2)cc1,0.425315534,2.104144358,-9.4,-8.9,5.4246,388.0881634
N=C1NC(=O)C(=Cc2ccc(-c3ccc(S(N)(=O)=O)cc3)o2)S1,0.727500958,2.751821985,-8.3,-7.8,1.73267,349.0190978
O=C(Nc1cc(-c2[nH]c(-c3ccc(F)cc3)nc2-c2ccc(F)cc2)ccn1)C1CC1,0.455597278,2.307570946,-10.6,-8.1,5.4324,416.1448676
N=C1NC(=O)C(=Cc2ccc(-c3ccc(S(N)(=O)=O)cc3)o2)S1,0.727500958,2.751821985,-8.3,-7.8,1.73267,349.0190978
c1cc(-c2ccnc(Nc3ccc(N4CCOCC4)cc3)n2)cc(Nc2ccc(N3CCOCC3)cc2)n1,0.36807113,2.516061878,-9.4,-10.2,4.699,509.2539232
c1ccc(-c2ccc(CSc3nnc(-c4ccc5c(c4)OCCO5)o3)cc2)cc1,0.412852211,2.143259086,-9.4,-9.1,5.4671,402.1038134
NC(=O)c1ccc(-c2cc(Nc3ccc(Cl)c(Cl)c3)ncn2)cc1,0.728090303,2.042508822,-8.6,-8,4.2929,358.0388164
CN1CCN(c2nc(-c3ccc(Cl)cc3)cc(=O)n2C)CC1,0.847248361,2.10266827,-7.7,-7.4,1.8525,318.1247389
NCCCn1cc(C2=C(c3coc4ccccc34)C(=O)NC2=O)c2ccccc21,0.515904878,2.594129757,-9.1,-8.4,3.3035,385.1426415
O=C(NCC1CCN(Cc2ccccc2)CC1)c1ccnc2[nH]c(-c3ccc(F)cc3)cc12,0.441253432,2.310809642,-9,-9.2,5.011,442.2168897
CNC(=O)c1sc(-c2ccnc(NC(=O)C3CC3)c2)nc1OCCCCCCCCCCOc1cccc(-c2ccnc(NC(=O)C3CC3)c2)n1,0.080070596,3.222521659,-8.4,-8,7.2973,711.3202885
O=C(Nc1cc(-c2ccnc(NC(=O)C3CC3)c2)ccn1)C1CC1,0.886331622,2.175851356,-8.4,-7.5,2.8406,322.1429758
Cc1ncn(-c2ccc(-c3ccc(CSc4nnc(-c5ccc6c(c5)OCO6)o4)cc3)cc2)n1,0.309116734,2.558522905,-10.3,-9.6,5.31372,469.1208605
O=C(Nc1n[nH]c2ncc(-c3ccccc3)cc12)C1CC1,0.773390379,2.155164175,-8.5,-7.9,2.9734,278.1167611
Cc1nc(C)n(-c2ccc(-c3ccnc(Nc4ccc(-n5cnc(N6CCOCC6)n5)cc4)n3)cc2)n1,0.378961247,2.779990029,-9.9,-9.3,3.50204,494.2291055
N#Cc1ccc(-c2ccc(CSc3nnc(-c4ccc5c(c4)OCCO5)o3)cc2)cc1,0.397746084,2.328630459,-9.3,-9.4,5.33878,427.0990624
CC(C)NCCCn1cc(C2=C(c3ccccc3)C(=O)NC2=O)c2ccccc21,0.480986728,2.383738323,-8.8,-7.2,3.5966,387.194677
c1ccc(-c2ccc(CSc3nnc(-c4ccncc4)o3)cc2)cc1,0.47153119,1.983046928,-8.8,-8,5.0909,345.0935831
Cn1cc(C2=C(c3ccccc3)C(=O)NC2=O)c2ccccc21,0.74005506,2.152761451,-8.5,-8.3,2.7455,302.1055277
c1ccc(-c2ccc(CSc3nnc(-c4ccc5c(c4)OCO5)o3)cc2)cc1,0.425315534,2.104144358,-9.4,-8.9,5.4246,388.0881634
N=C1NC(=O)C(=Cc2ccc(-c3ccc(Cl)c(Cl)c3)o2)S1,0.797589161,2.769090557,-7.9,-8.1,4.39207,337.9683539
O=C(Nc1n[nH]c2ncc(-c3ccccc3)cc12)C1CC1,0.773390379,2.155164175,-8.5,-7.8,2.9734,278.1167611
N=C1NC(=O)C(=Cc2ccc(-c3ccccc3)cc2)C(=O)S1,0.661478263,2.537602478,-8.3,-9,3.06137,308.0619486
O=C(Nc1cc(-c2ccnc(NC(=O)C3CC3)c2)ccn1)C1CC1,0.886331622,2.175851356,-8.4,-7.5,2.8406,322.1429758
O=C(Nc1cc(-c2[nH]c(-c3ccc(F)cc3)nc2-c2ccc(F)cc2)ccn1)C1CC1,0.455597278,2.307570946,-10.4,-8.5,5.4324,416.1448676
Cc1ncn(-c2ccc(-c3ccnc(Nc4ccc(-n5cnc(-c6ccccn6)n5)cc4)n3)cc2)n1,0.379139711,2.732239065,-10,-9.7,4.41902,472.1872406
CNC(=O)c1sc(-c2ccnc(NC(=O)C3CC3)c2)nc1OCCCCCCCCCCCCOc1cccc(-c2ccnc(NC(=O)C3CC3)c2)n1,0.067818769,3.272852583,-7.3,-8.1,8.0775,739.3515887
O=C(Nc1cc(-c2[nH]c(-c3ccc(F)cc3)nc2-c2ccc(Cl)cc2)ccn1)C1CC1,0.409246015,2.303554006,-10.3,-8.6,5.9467,432.1153171
N#Cc1ccc(-c2ccc(CSc3nnc(-c4ccc5c(c4)OCO5)o3)cc2)cc1,0.410876371,2.293696678,-9.5,-9.3,5.29628,413.0834123
Cn1cc(C2=C(c3cn(C)c4ccccc34)C(=O)NC2=O)c2ccccc21,0.561396223,2.41960808,-9,-8.3,3.2372,355.1320768
Cc1ncn(-c2ccc(-c3ccnc(Nc4ccc(-n5cnc(N6CCOCC6)n5)cc4)n3)cc2)n1,0.391497667,2.795514694,-10.2,-9.3,3.19362,480.2134554
O=C(Nc1n[nH]c2ncc(-c3ccccc3)cc12)C1CC1,0.773390379,2.155164175,-8.5,-8,2.9734,278.1167611
O=C(Nc1cc(-c2[nH]c(-c3ccc(F)cc3)nc2-c2ccc(F)cc2)ccn1)C1CC1,0.455597278,2.307570946,-10.4,-8.4,5.4324,416.1448676
CSc1nc(-c2ccccc2)c(-c2ccnc(NC(=O)C3CC3)c2)[nH]1,0.676359731,2.332860852,-8.8,-7.5,4.2091,350.1201322
COCCN1CCC(CNC(=O)c2n[nH]c3ccc(-c4ccc(Cl)cc4)cc23)CC1,0.599300035,2.296246977,-8.9,-8.1,3.9715,426.1822538
O=C1NC(=O)C(c2cn(CCN3CCOCC3)c3ccccc23)=C1c1ccccc1,0.667703466,2.391524033,-9.2,-8.5,2.5407,401.1739416
O=C(Nc1n[nH]c2ncc(-c3ccccc3)cc12)C1CC1,0.773390379,2.155164175,-8.5,-7.8,2.9734,278.1167611
COCCN1CCC(CNC(=O)c2n[nH]c3cc(-c4ccc(OC)cc4)ccc23)CC1,0.582175719,2.296269857,-8.5,-8.2,3.3267,422.2317908
N#Cc1ccc(-c2ccc(CSc3nnc(-c4ccc5c(c4)OCCO5)o3)cc2)cc1,0.397746084,2.328630459,-9.4,-9.4,5.33878,427.0990624
COCCN1CCC(CNC(=O)c2n[nH]c3ccc(-c4ccccc4)cc23)CC1,0.647153718,2.235827093,-8.8,-8.6,3.3181,392.2212261
Cn1c(N2CCOC(c3ccccc3)C2)nc(-c2ccccn2)cc1=O,0.727450331,2.815141265,-8.7,-8.1,2.4202,348.1586259
c1ccc(-c2ccc(CSc3nnc(-c4ccc5c(c4)OCCO5)o3)cc2)cc1,0.412852211,2.143259086,-9.4,-9.1,5.4671,402.1038134
O=C(Nc1cc(-c2[nH]c(-c3ccc(F)cc3)nc2-c2ccc(F)cc2)ccn1)C1CC1,0.455597278,2.307570946,-10.4,-8.3,5.4324,416.1448676
CSc1nc(-c2ccccc2)c(-c2ccnc(NC(=O)C3CC3)c2)[nH]1,0.676359731,2.332860852,-8.9,-7.7,4.2091,350.1201322
Cn1c(N2CCNC(c3ccc(F)cc3)C2)nc(-c2ccccc2)cc1=O,0.776466779,2.767418382,-9.7,-8.8,2.7373,364.1699395
c1ccc(-c2ccc(CSc3nnc(-c4ccc5c(c4)OCO5)o3)cc2)cc1,0.425315534,2.104144358,-9.4,-8.9,5.4246,388.0881634
c1ccc(-c2ccc(CSc3nnc(-c4ccc5c(c4)OCO5)o3)cc2)cc1,0.425315534,2.104144358,-9.4,-8.9,5.4246,388.0881634
O=C(O)CN1CCC(CNC(=O)c2n[nH]c3ccc(-c4cccc(F)c4F)cc23)CC1,0.560711128,2.45747241,-9.5,-9.4,3.0345,428.165997
O=C(Nc1cc(-c2ccnc(Nc3ccccc3)c2)ccn1)C1CC1,0.73426779,2.063729845,-8.5,-8.1,4.2357,330.1480612
N#Cc1ccc(-c2ccc(CSc3nnc(-c4ccc5c(c4)OCO5)o3)cc2)cc1,0.410876371,2.293696678,-8.9,-9.4,5.29628,413.0834123
Cn1c(N2CCNC(c3ccccc3)C2)nc(-c2ccccc2)cc1=O,0.791980657,2.705027905,-9.3,-8.5,2.5982,346.1793613
N=C1NC(=O)C(=Cc2ccc(-c3ccc(S(N)(=O)=O)cc3)o2)S1,0.727500958,2.751821985,-8.3,-7.8,1.73267,349.0190978
c1ccc(-c2ccc(CSc3nnc(-c4ccc5c(c4)OCCO5)o3)cc2)cc1,0.412852211,2.143259086,-9.6,-9.2,5.4671,402.1038134
c1cc(-c2ccc(N3CCOCC3)cc2)ccc1CSc1nnc(-c2ccc3c(c2)OCO3)o1,0.351341383,2.372265255,-9.9,-10.4,5.2612,473.1409272
CNC(=O)c1sc(-c2ccnc(NC(=O)C3CC3)c2)nc1OCCCCCCCCCCCCOc1cccc(-c2ccnc(NC(=O)C3CC3)c2)n1,0.067818769,3.272852583,-7.6,-7,8.0775,739.3515887
Clc1ccccc1Nc1nccc(-c2cnn3ncccc23)n1,0.62407752,2.461172126,-8.4,-8,3.5833,322.073372
CNC(=O)c1sc(-c2ccnc(NC(=O)C3CC3)c2)nc1OCCCCCCCCCCCCCCOc1cccc(-c2ccnc(NC(=O)C3CC3)c2)n1,0.059274589,3.325156564,-8,-7.3,8.8577,767.3828888
COCCN1CCC(CNC(=O)c2n[nH]c3ccc(-c4ccccc4)cc23)CC1,0.647153718,2.235827093,-8.8,-8.5,3.3181,392.2212261
c1ccc(-c2ccc(CSc3nnc(-c4ccc5c(c4)OCO5)o3)cc2)cc1,0.425315534,2.104144358,-8.9,-8.9,5.4246,388.0881634
O=C(Nc1cc(-c2ccnc(Nc3ccc(-n4cnc(N5CCOCC5)n4)cc3)c2)ccn1)C1CC1,0.410785642,2.713608053,-10.3,-9.5,3.653,482.2178721
N#Cc1ccc(-c2ccc(CSc3nnc(-c4ccc5c(c4)OCO5)o3)cc2)cc1,0.410876371,2.293696678,-8.9,-9.5,5.29628,413.0834123
Cn1ccc(-c2ccnc(Nc3ccc(-n4cnc(-c5ccccc5)n4)cc3)c2)n1,0.476770791,2.441766513,-9.3,-9.1,4.4734,393.1701936
O=C(Nc1cc(-c2[nH]c(-c3ccc(F)cc3)nc2-c2ccc(F)cc2)ccn1)C1CC1,0.455597278,2.307570946,-10.1,-8.2,5.4324,416.1448676
O=C(O)c1ccc(CN2CCC(CNC(=O)c3n[nH]c4ccc(-c5ccc(O)cc5)cc34)CC2)o1,0.319684411,2.563138891,-10.2,-9.6,3.8687,474.1903199
c1ccc(-c2ccc(CSc3nnc(-c4ccc5c(c4)OCCO5)o3)cc2)cc1,0.412852211,2.143259086,-9.4,-9,5.4671,402.1038134
O=C(Nc1n[nH]c2ncc(-c3ccccc3)cc12)C1CC1,0.773390379,2.155164175,-8.3,-8,2.9734,278.1167611
Clc1ccc(-c2ccc(CSc3nnc(-c4ccc5c(c4)OCO5)o3)cc2)cc1,0.363205807,2.167020914,-9.5,-9.2,6.078,422.049191
Cc1ncn(-c2ccc(Nc3nccc(-c4ccc(-n5cnc(C)n5)cc4)n3)cc2)n1,0.472741789,2.627317567,-9.4,-9.2,3.66544,409.1763416
O=C(Nc1n[nH]c2ncc(-c3ccccc3)cc12)C1CC1,0.773390379,2.155164175,-8.5,-7.9,2.9734,278.1167611
O=C(Nc1n[nH]c2ncc(-c3ccc(Cl)cc3)cc12)C1CC1,0.775545072,2.219756324,-8.6,-8.3,3.6268,312.0777887
C=CC(=O)NCCCn1cc(C2=C(c3cn(CCCN4CCOCC4)c4ncccc34)C(=O)NC2=O)c2ccccc21,0.164157045,3.038146998,-8.9,-9.7,2.9728,566.2641536
c1ccc(-c2ccc(CSc3nnc(-c4ccc5c(c4)OCO5)o3)cc2)cc1,0.425315534,2.104144358,-9.4,-9.1,5.4246,388.0881634
CS(=O)(=O)NCCCn1cc(C2=C(c3cn(CCCO)c4ccccc34)C(=O)NC2=O)c2ccccc21,0.219084519,2.793544197,-9,-8.1,2.4849,520.178041
Cn1cc(C2=C(c3ccccc3)C(=O)NC2=O)c2ccccc21,0.74005506,2.152761451,-8.5,-8.3,2.7455,302.1055277
Cc1ccc(-c2ccc3c(-c4ccc(C(=O)O)cc4)occ3c2)o1,0.551574189,2.321563239,-8.4,-8.5,5.36642,318.0892089
CNC(=O)c1sc(-c2ccnc(NC(=O)C3CC3)c2)nc1OCCCCCCCCCCCCOc1cccc(-c2ccnc(NC(=O)C3CC3)c2)n1,0.067818769,3.272852583,-8.3,-8,8.0775,739.3515887
O=C(O)CN1CCC(NC(=O)c2ccc(O)c3[nH]c(-c4ccc(F)cc4)nc23)CC1,0.510925368,2.408925797,-9.6,-8.4,2.3534,412.1546834
O=C(Nc1n[nH]c2ncc(-c3ccccc3)cc12)C1CC1,0.773390379,2.155164175,-8.5,-7.9,2.9734,278.1167611
Cc1ccc(-c2cc3c(C(=O)NCC4CCCN(Cc5ccc(C(=O)O)o5)CC4)ccnc3[nH]2)cc1,0.343953993,3.035674825,-9.2,-9.3,4.86162,486.2267054
O=C1NC(=O)C(c2ccccc2)=C1Nc1cc(Cl)c(O)c(Cl)c1,0.587526714,2.35591934,-7.9,-8.2,3.1786,348.0068475
NC(=O)c1ccccc1Nc1cccc(-c2ccnc(NC(=O)C3CC3)c2)c1,0.610408896,2.087658699,-9,-8.8,3.9396,372.1586259
O=C(Nc1cc(-c2[nH]c(-c3ccc(F)cc3)nc2-c2ccc(F)cc2)ccn1)C1CC1,0.455597278,2.307570946,-10.4,-8.5,5.4324,416.1448676
COCCN1CCCC(CNC(=O)c2n[nH]c3ccc(-c4ccccc4)cc23)CC1,0.627578496,2.67469581,-8.6,-8.4,3.7082,406.2368762
O=C(Nc1cc(-c2[nH]c(-c3ccc(F)cc3)nc2-c2ccc(F)cc2)ccn1)C1CC1,0.455597278,2.307570946,-10.3,-8.6,5.4324,416.1448676
c1ccc(-c2ccc(CSc3nnc(-c4ccc5c(c4)OCCO5)o3)cc2)cc1,0.412852211,2.143259086,-9.4,-8.9,5.4671,402.1038134
COCCN1CCC(CNC(=O)c2n[nH]c3cc(-c4ccccc4)ccc23)CC1,0.647153718,2.240086822,-8.7,-8.3,3.3181,392.2212261
COCCN1CCC(CNC(=O)c2n[nH]c3cc(-c4ccccc4)ccc23)CC1,0.647153718,2.240086822,-8.7,-8.4,3.3181,392.2212261
Cn1cc(C2=C(c3ccccc3)C(=O)NC2=O)c2ccccc21,0.74005506,2.152761451,-8.5,-8.3,2.7455,302.1055277
Cn1c(N2CCNC(c3ccc(Cl)cc3)C2)nc(-c2ccncn2)cc1=O,0.746716529,3.084507731,-9.1,-8.3,2.0416,382.1308869
N#Cc1ccccc1-c1ccc(CSc2nnc(-c3ccc(Cl)c(Cl)c3)o2)cc1,0.318169698,2.234118218,-9.6,-9.2,6.87438,437.0156384
c1ccc(-c2ccc(CSc3nnc(-c4ccc5c(c4)OCO5)o3)cc2)cc1,0.425315534,2.104144358,-9.4,-8.9,5.4246,388.0881634
N#Cc1ccc(-c2ccc(CSc3nnc(-c4ccc5c(c4)OCCO5)o3)cc2)cc1,0.397746084,2.328630459,-9.4,-9.6,5.33878,427.0990624
COc1ccc(C2=C(c3cn(C)c4c(F)cccc34)C(=O)NC2=O)cc1OC,0.706945657,2.499711095,-8.9,-8.8,2.9018,380.1172352
COCCN1CCC(CNC(=O)c2n[nH]c3ccc(-c4ccccc4)cc23)CC1,0.647153718,2.235827093,-8.8,-8.4,3.3181,392.2212261
c1ccc(-c2ccc(CSc3nnc(-c4ccc5c(c4)OCO5)o3)cc2)cc1,0.425315534,2.104144358,-9.4,-8.9,5.4246,388.0881634
O=C(Nc1cc(-c2[nH]c(-c3ccc(F)cc3)nc2-c2ccc(F)cc2)ccn1)C1CC1,0.455597278,2.307570946,-10.2,-8.3,5.4324,416.1448676
CC(C)C(=O)NCCCn1cc(C2=C(c3cn(CCCn4ccnc4)c4ccccc34)C(=O)NC2=O)c2ccccc21,0.181270499,2.941142468,-9.6,-8,4.6123,562.2692389
O=C1Cc2c([nH]c3ccccc23)-c2ccccc2N1,0.62941018,2.128321471,-8.4,-8.5,3.3295,248.094963
Cn1c(N2CCNC(c3ccc(F)cc3)C2)nc(-c2ccccc2)cc1=O,0.776466779,2.767418382,-9.7,-8.8,2.7373,364.1699395
N#Cc1ccc(-c2ccc(CSc3nnc(-c4ccc5c(c4)OCO5)o3)cc2)cc1,0.410876371,2.293696678,-9.5,-9.4,5.29628,413.0834123
c1ccc(-c2ccc(CSc3nnc(-c4ccc5c(c4)OCCO5)o3)cc2)cc1,0.412852211,2.143259086,-9.4,-9.1,5.4671,402.1038134
Cn1c(N2CCNC(c3ccc(F)cc3)C2)nc(-c2ccccc2)cc1=O,0.776466779,2.767418382,-9.7,-8.8,2.7373,364.1699395
CNC(=O)c1sc(-c2ccnc(NC(=O)C3CC3)c2)nc1OCCCCCCCCCCCCCCCOc1cccc(-c2ccnc(NC(=O)C3CC3)c2)n1,0.055779665,3.35199243,-8.6,-7.7,9.2478,781.3985389
Cc1ncn(-c2ccc(Nc3nccc(-c4ccc(-n5cnc(-c6ccccc6)n5)cc4)n3)cc2)n1,0.363894033,2.59839593,-10.4,-10.2,5.02402,471.1919917
Cc1nc(C)n(-c2ccc(-c3ccnc(Nc4ccc(-n5cnc(N6CCOCC6)n5)cc4)n3)cc2)n1,0.378961247,2.779990029,-10,-9.1,3.50204,494.2291055
COCCN1CCC(CNC(=O)c2n[nH]c3ccc(-c4ccccc4)cc23)CC1,0.647153718,2.235827093,-8.8,-8.6,3.3181,392.2212261
O=C(Nc1n[nH]c2ncc(-c3ccccc3)cc12)C1CC1,0.773390379,2.155164175,-8.5,-8,2.9734,278.1167611
c1ccc(-c2ccc(CSc3nnc(-c4ccc5c(c4)OCO5)o3)cc2)cc1,0.425315534,2.104144358,-9.4,-8.9,5.4246,388.0881634
Cc1ncn(-c2ccc(Nc3nccc(-c4ccc(-n5cnc(N6CCOCC6)n5)cc4)n3)cc2)n1,0.391497667,2.795514694,-9.9,-9.7,3.19362,480.2134554
CSc1nc(-c2ccc(F)cc2)c(-c2ccnc(Nc3ccc(N4CCOCC4)cc3)c2)[nH]1,0.365583059,2.511063567,-9.1,-8.4,5.5799,461.1685596
O=C(Nc1cc(-c2[nH]c(-c3ccc(F)cc3)nc2-c2ccc(F)cc2)ccn1)C1CC1,0.455597278,2.307570946,-10.4,-8.6,5.4324,416.1448676
COCCN1CCC(CNC(=O)c2n[nH]c3ccc(-c4ccccc4)cc23)CC1,0.647153718,2.235827093,-8.8,-8.7,3.3181,392.2212261
CC(C)n1c(=O)cc(-c2ccc(F)cc2)c2cnc(NC3CCCCC3)nc21,0.697629924,2.460916391,-9.5,-8.3,4.9231,380.2012396
N#Cc1ccc(-c2ccc(CSc3nnc(-c4ccc5c(c4)OCCO5)o3)cc2)cc1,0.397746084,2.328630459,-9.4,-9.3,5.33878,427.0990624
c1ccc(-c2ccc(CSc3nnc(-c4ccc5c(c4)OCO5)o3)cc2)cc1,0.425315534,2.104144358,-9.4,-8.9,5.4246,388.0881634
c1ccc(-c2ccc(CSc3nnc(-c4ccc5c(c4)OCCO5)o3)cc2)cc1,0.412852211,2.143259086,-9.4,-9.1,5.4671,402.1038134
c1ccc(-c2ccc(CSc3nnc(-c4ccc5c(c4)OCCO5)o3)cc2)cc1,0.412852211,2.143259086,-9.4,-9.2,5.4671,402.1038134
N#Cc1ccc(-c2ccc(CSc3nnc(-c4ccc5c(c4)OCCO5)o3)cc2)cc1,0.397746084,2.328630459,-9.4,-9.5,5.33878,427.0990624
CNC(=O)c1sc(-c2ccnc(NC(=O)C3CC3)c2)nc1OCCCCCCCCCCCCOc1cccc(-c2ccnc(NC(=O)C3CC3)c2)n1,0.067818769,3.272852583,-7.8,-7.5,8.0775,739.3515887
COCCN1CCC(CNC(=O)c2n[nH]c3ccc(-c4ccccc4)cc23)CC1,0.647153718,2.235827093,-8.8,-8.6,3.3181,392.2212261
Cc1ncn(-c2ccc(-c3ccc(CSc4nnc(-c5ccc6c(c5)OCCO6)o4)cc3)cc2)n1,0.298520895,2.589830187,-10.1,-9.5,5.35622,483.1365105
CSc1nc(-c2ccc(F)cc2)c(-c2ccnc(NC(=O)C3CC3)c2)[nH]1,0.657070904,2.39643739,-9,-7.6,4.3482,368.1107104
CC(C)C(=O)NCCCn1cc(C2=C(c3cn(C)c4ccccc34)C(=O)NC2=O)c2ccccc21,0.319067217,2.641950426,-9.7,-8,3.8625,468.2161408
O=C(Nc1n[nH]c2ncc(-c3ccccc3)cc12)C1CC1,0.773390379,2.155164175,-8.5,-7.9,2.9734,278.1167611
CCCC(=O)Nc1n[nH]c2ccc(-c3ccccn3)cc12,0.769418044,2.166620165,-8,-7.6,3.3635,280.1324111
COCCN1CCC(CNC(=O)c2n[nH]c3ccc(-c4ccccc4)cc23)CC1,0.647153718,2.235827093,-8.8,-8.6,3.3181,392.2212261
O=C1NC(=O)C(c2ccc(Cl)cc2)=C1Nc1cc(Cl)c(O)c(Cl)c1,0.555832498,2.415146091,-8.1,-8,3.832,381.9678752
O=C(Nc1n[nH]c2ncc(-c3ccccc3)cc12)C1CC1,0.773390379,2.155164175,-8.5,-7.9,2.9734,278.1167611
N=C1NC(=O)C(=Cc2ccc(-c3ccc(S(N)(=O)=O)cc3)o2)S1,0.727500958,2.751821985,-8.3,-7.8,1.73267,349.0190978
c1cc(-c2ccnc(NC3CCOCC3)c2)cc(Nc2ccc(N3CCOCC3)cc2)n1,0.602393265,2.491527127,-8.8,-9.2,4.3147,431.2321252
O=C(Nc1n[nH]c2ncc(-c3ccc(O)cc3)cc12)C1CC1,0.692320052,2.29809039,-8.4,-8.2,2.679,294.1116757
COCCN1CCC(CNC(=O)c2n[nH]c3ccc(-c4ccccc4)cc23)CC1,0.647153718,2.235827093,-8.8,-8.6,3.3181,392.2212261
c1ccc(-c2ccc(CSc3nnc(-c4ccc5c(c4)OCCO5)o3)cc2)cc1,0.412852211,2.143259086,-9.4,-9.1,5.4671,402.1038134
N=C1NC(=O)C(=Cc2ccc(-c3ccc(S(N)(=O)=O)cc3)o2)S1,0.727500958,2.751821985,-8.3,-7.8,1.73267,349.0190978
CNC(=O)c1sc(-c2ccnc(NC(=O)C3CC3)c2)nc1OCCOCCOCCOCCOc1cccc(-c2ccnc(NC(=O)C3CC3)c2)n1,0.103864701,3.364918593,-7.8,-8.2,4.2263,731.2737323
c1ccc(-c2ccc(CSc3nnc(-c4ccc5c(c4)OCCO5)o3)cc2)cc1,0.412852211,2.143259086,-9.4,-9.2,5.4671,402.1038134
Cn1ccc(-c2ccnc(Nc3ccc(-n4cnc(N5CCOCC5)n4)cc3)c2)n1,0.54915868,2.678751993,-8.9,-8.6,2.643,402.1916573
c1ccc(-c2ccc(CSc3nnc(-c4ccc5c(c4)OCO5)o3)cc2)cc1,0.425315534,2.104144358,-9.4,-8.9,5.4246,388.0881634
c1ccc(-c2ccc(CSc3nnc(-c4ccc5c(c4)OCCO5)o3)cc2)cc1,0.412852211,2.143259086,-9.4,-9,5.4671,402.1038134
Cn1cc(C2=C(c3ccccc3)C(=O)NC2=O)c2ccccc21,0.74005506,2.152761451,-8.5,-8.3,2.7455,302.1055277
O=c1ccc2cnc(NC3CCCCC3)nc2n1C1CCCC1,0.939503541,2.381646334,-8.4,-8.3,3.6512,312.1950114
O=C(O)c1ccc(-c2n[nH]c3ccc(-c4ccccc4)cc23)cc1,0.580767804,1.86403632,-9.1,-8.6,4.5951,314.1055277
COCCN1CCC(CNC(=O)c2n[nH]c3ccc(-c4ccc(Cl)cc4Cl)cc23)CC1,0.538721417,2.417884343,-9.2,-8.3,4.6249,460.1432814
O=C(Nc1cc(-c2[nH]c(-c3ccc(F)cc3)nc2-c2ccc(F)cc2)ccn1)C1CC1,0.455597278,2.307570946,-10.4,-8.5,5.4324,416.1448676
COCCN1CCC(CNC(=O)c2n[nH]c3cc(-c4ccccc4)ccc23)CC1,0.647153718,2.240086822,-8.7,-8.3,3.3181,392.2212261
N#Cc1ccc(-c2ccc(CSc3nnc(-c4ccc5c(c4)OCCO5)o3)cc2)cc1,0.397746084,2.328630459,-9.4,-9.6,5.33878,427.0990624
COCCN1CCC(CNC(=O)c2n[nH]c3ccc(-c4ccc(Cl)cc4)cc23)CC1,0.599300035,2.296246977,-8.9,-8.2,3.9715,426.1822538
Cc1ccc(-c2ccc3c(-c4ccc([S+](C)[O-])cc4)coc3c2)o1,0.470267411,3.328348584,-8.5,-7.9,5.40562,336.0820154
CSc1nc(-c2ccc(F)cc2)c(-c2ccnc(NC(=O)C3CC3)c2)[nH]1,0.657070904,2.39643739,-8.7,-8.2,4.3482,368.1107104
COc1ccc(C2=C(Nc3cc(Cl)c(O)c(Cl)c3)C(=O)NC2=O)cc1,0.56114476,2.385968962,-8.1,-7.8,3.1872,378.0174122
c1ccc(-c2ccc(CSc3nnc(-c4ccc5c(c4)OCO5)o3)cc2)cc1,0.425315534,2.104144358,-9.4,-8.9,5.4246,388.0881634
c1ccc(-c2ccc(CSc3nnc(-c4ccc5c(c4)OCO5)o3)cc2)cc1,0.425315534,2.104144358,-9.4,-8.9,5.4246,388.0881634
N#Cc1ccc(-c2ccc(CSc3nnc(-c4ccc5c(c4)OCO5)o3)cc2)cc1,0.410876371,2.293696678,-9.5,-9.4,5.29628,413.0834123
c1ccc(-c2ccc(CSc3nnc(-c4ccc5c(c4)OCO5)o3)cc2)cc1,0.425315534,2.104144358,-9.4,-8.9,5.4246,388.0881634
C=CC(=O)NCCCn1cc(C2=C(c3coc4ccccc34)C(=O)NC2=O)c2ccccc21,0.261183861,2.74609562,-10.1,-8.9,3.647,439.1532062
O=C(Nc1n[nH]c2ncc(-c3ccccc3)cc12)C1CC1,0.773390379,2.155164175,-8.4,-7.8,2.9734,278.1167611
c1ccc(-c2ccc(CSc3nnc(-c4ccc5c(c4)OCO5)o3)cc2)cc1,0.425315534,2.104144358,-9.4,-8.9,5.4246,388.0881634
c1ccc(-c2ccc(CSc3nnc(-c4ccc5c(c4)OCO5)o3)cc2)cc1,0.425315534,2.104144358,-9.4,-8.9,5.4246,388.0881634
CSc1nc(-c2ccc(F)cc2)c(-c2ccnc(NC(=O)C3CC3)c2)[nH]1,0.657070904,2.39643739,-8.7,-8.1,4.3482,368.1107104
O=C(Nc1n[nH]c2ccc(-c3ccccc3)cc12)C1CC1,0.768445346,1.963749043,-8.7,-8.2,3.5784,277.1215121
N=C1NC(=O)C(=Cc2ccc(-c3ccc(S(N)(=O)=O)cc3)o2)S1,0.727500958,2.751821985,-8.3,-7.8,1.73267,349.0190978
COCCN1CCC(CNC(=O)c2n[nH]c3ccc(-c4ccccc4)cc23)CC1,0.647153718,2.235827093,-8.8,-8.6,3.3181,392.2212261
N#Cc1ccc(-c2ccc(CSc3nnc(-c4ccc5c(c4)OCCO5)o3)cc2)cc1,0.397746084,2.328630459,-9.4,-9.4,5.33878,427.0990624
CC(C)NCCCn1cc(C2=C(c3ccccc3)C(=O)NC2=O)c2ccccc21,0.480986728,2.383738323,-8.7,-7.3,3.5966,387.194677
N#Cc1ccc(-c2ccc(CSc3nnc(-c4ccc5c(c4)OCO5)o3)cc2)cc1,0.410876371,2.293696678,-9.5,-9.2,5.29628,413.0834123
NC(=O)c1nc(-c2ccc(F)cc2)c(-c2ccnc(NC(=O)C3CC3)c2)[nH]1,0.644850199,2.470090537,-9.2,-8.1,2.7252,365.128803
N#Cc1ccc(-c2ccc(CSc3nnc(-c4ccc5c(c4)OCO5)o3)cc2)cc1,0.410876371,2.293696678,-9.5,-9.3,5.29628,413.0834123
N#Cc1ccc(-c2ccc(CSc3nnc(-c4ccc5c(c4)OCCO5)o3)cc2)cc1,0.397746084,2.328630459,-9.5,-9.4,5.33878,427.0990624
N#Cc1ccc(-c2ccc(CSc3nnc(-c4ccc5c(c4)OCO5)o3)cc2)cc1,0.410876371,2.293696678,-9.3,-9.4,5.29628,413.0834123
c1ccc(-c2ccc(CSc3nnc(-c4ccc5c(c4)OCCO5)o3)cc2)cc1,0.412852211,2.143259086,-9.4,-9,5.4671,402.1038134
c1ccc(-c2ccc(CSc3nnc(-c4ccc5c(c4)OCCO5)o3)cc2)cc1,0.412852211,2.143259086,-9.4,-9.1,5.4671,402.1038134
O=C1NC(=O)C(c2cn(CCCN3CCOCC3)c3ccccc23)=C1c1cn(CCCN2CCOCC2)c2ccccc12,0.288494664,2.891248962,-9.3,-8.1,3.6078,581.3002047
O=C1NCCc2ccc(-c3ccnc(NC(=O)C4CC4)c3)cc21,0.91433317,2.302667046,-8.8,-8.5,2.383,307.1320768
COCCN1CCC(CNC(=O)c2n[nH]c3cc(-c4ccccc4)ccc23)CC1,0.647153718,2.240086822,-8.7,-8.5,3.3181,392.2212261
N#Cc1ccc(-c2ccc(CSc3nnc(-c4ccc5c(c4)OCCO5)o3)cc2)cc1,0.397746084,2.328630459,-9.4,-8.5,5.33878,427.0990624
O=C(Nc1cc(-c2ccnc(NC(=O)C3CC3)c2)ccn1)C1CC1,0.886331622,2.175851356,-8.3,-7.6,2.8406,322.1429758
c1ccc(-c2ccc(CSc3nnc(-c4ccc5c(c4)OCO5)o3)cc2)cc1,0.425315534,2.104144358,-9.4,-8.9,5.4246,388.0881634
c1cc(-c2ccc(-n3cnc(N4CCOCC4)n3)cc2)ccc1CSc1nnc(-c2ccc3c(c2)OCCO3)o1,0.258715273,2.782681767,-10.8,-9.5,4.8844,554.1736243
N#Cc1ccc(-c2ccc(CSc3nnc(-c4ccc5c(c4)OCO5)o3)cc2)cc1,0.410876371,2.293696678,-9.2,-9.4,5.29628,413.0834123
c1ccc(-c2ccc(CSc3nnc(-c4ccc5c(c4)OCO5)o3)cc2)cc1,0.425315534,2.104144358,-9.4,-8.9,5.4246,388.0881634
N#Cc1ccc(-c2ccc(CSc3nnc(-c4ccc5c(c4)OCO5)o3)cc2)cc1,0.410876371,2.293696678,-9.6,-9.4,5.29628,413.0834123
N#Cc1ccc(-c2ccc(CSc3nnc(-c4ccc5c(c4)OCO5)o3)cc2)cc1,0.410876371,2.293696678,-9.6,-9.5,5.29628,413.0834123
O=C(NCCc1ccccc1)c1ccc(O)c2[nH]c(-c3ccc(F)cc3)nc12,0.492469209,2.130310109,-9.7,-8.5,4.0471,375.138305
c1ccc(-c2ccc(CSc3nnc(-c4ccc5c(c4)OCO5)o3)cc2)cc1,0.425315534,2.104144358,-9.4,-8.9,5.4246,388.0881634
O=C(Nc1n[nH]c2ncc(-c3ccccc3)cc12)C1CC1,0.773390379,2.155164175,-8.5,-7.8,2.9734,278.1167611
c1ccc(-c2ccc(CSc3nnc(-c4ccc5c(c4)OCCO5)o3)cc2)cc1,0.412852211,2.143259086,-9.4,-9,5.4671,402.1038134
N#Cc1ccc(-c2ccc(CSc3nnc(-c4ccc5c(c4)OCO5)o3)cc2)cc1,0.410876371,2.293696678,-9.2,-9.4,5.29628,413.0834123
Cn1cc(C2=C(c3ccccc3)C(=O)NC2=O)c2ccccc21,0.74005506,2.152761451,-8.5,-8.3,2.7455,302.1055277
O=C(Nc1cc(-c2[nH]c(-c3ccc(F)cc3)nc2-c2ccc(F)cc2)ccn1)C1CC1,0.455597278,2.307570946,-10.2,-8.5,5.4324,416.1448676
N#Cc1ccc(-c2ccc(CSc3nnc(-c4ccc5c(c4)OCO5)o3)cc2)cc1,0.410876371,2.293696678,-9.6,-9.3,5.29628,413.0834123
N#Cc1ccc(-c2ccc(CSc3nnc(-c4ccc5c(c4)OCCO5)o3)cc2)cc1,0.397746084,2.328630459,-9.2,-9.6,5.33878,427.0990624
NC1CCC(Nc2cc(-c3ccc(S(N)(=O)=O)cc3)ccn2)CC1,0.784651562,2.262395926,-8.4,-7.9,2.0778,346.1463469
O=C(NCC1CCN(Cc2ccccc2)CC1)c1n[nH]c2ccc(-c3ccccc3)cc12,0.464120718,2.146793483,-8.8,-9.5,4.8719,424.2263115
CC(=O)NCCCn1cc(C2=C(c3ccccc3)C(=O)NC2=O)c2ccccc21,0.504155455,2.337762419,-9.1,-8.5,2.7347,387.1582915
c1ccc(-c2ccc(CSc3nnc(-c4ccc5c(c4)OCCO5)o3)cc2)cc1,0.412852211,2.143259086,-9.4,-8.9,5.4671,402.1038134
COCCN1CCC(CNC(=O)c2n[nH]c3ccc(-c4ccccc4)cc23)CC1,0.647153718,2.235827093,-8.8,-8.6,3.3181,392.2212261
c1ccc(-c2ccc(CSc3nnc(-c4ccc5c(c4)OCO5)o3)cc2)cc1,0.425315534,2.104144358,-9.4,-8.9,5.4246,388.0881634
N#Cc1ccc(-c2ccc(CSc3nnc(-c4ccc5c(c4)OCO5)o3)cc2)cc1,0.410876371,2.293696678,-9.5,-9.5,5.29628,413.0834123
Cc1ccc(-c2ccc(CSc3nnc(-c4ccc5c(c4)OCCO5)o3)cc2)cc1,0.384730018,2.194114828,-9.5,-9.6,5.77552,416.1194635
c1ccc(-c2ccc(CSc3nnc(-c4ccc5c(c4)OCO5)o3)cc2)cc1,0.425315534,2.104144358,-9.4,-8.9,5.4246,388.0881634
c1ccc(-c2ccc(CSc3nnc(-c4ccc5c(c4)OCO5)o3)cc2)cc1,0.425315534,2.104144358,-9.4,-8.9,5.4246,388.0881634
CS(=O)c1ccc(-c2coc3ccc(-c4ccc(C(=O)O)cc4)cc23)cc1,0.531323805,2.710965496,-9.6,-8.7,5.2024,376.07693
O=C(Nc1n[nH]c2ccc(-c3ccccn3)cc12)C1CC1,0.773390379,2.163185865,-8.7,-8,2.9734,278.1167611
CC(=O)NCCCn1cc(C2=C(c3ccccc3)C(=O)NC2=O)c2ccccc21,0.504155455,2.337762419,-9.2,-8.5,2.7347,387.1582915
O=C(Cc1ccnc2ccccc12)Nc1scc(Br)c1-c1ncn[nH]1,0.528425777,2.717712142,-8.9,-8.1,4.0251,412.9945931
O=C(Nc1n[nH]c2ncc(-c3ccccc3)cc12)C1CC1,0.773390379,2.155164175,-8.5,-8,2.9734,278.1167611
CSc1nc(-c2ccccc2)c(-c2ccnc(NC(=O)C3CC3)c2)[nH]1,0.676359731,2.332860852,-8.9,-7.9,4.2091,350.1201322
COCCN1CCC(CNC(=O)c2n[nH]c3ccc(-c4ccccc4)cc23)CC1,0.647153718,2.235827093,-8.8,-8.5,3.3181,392.2212261
FC(F)(F)c1ccc(Nc2cc(-c3ccnc(Nc4ccc(-n5cnc(N6CCOCC6)n5)cc4)n3)ccn2)cc1,0.268839136,2.833586572,-10.7,-10,5.4619,559.205591
CCCC(=O)Nc1n[nH]c2cc(-c3ccc(O)cc3)ccc12,0.686816356,2.127837643,-7.9,-7.6,3.6741,295.1320768
O=C(Nc1cc(-c2ccnc(NC(=O)C3CC3)c2)ccn1)C1CC1,0.886331622,2.175851356,-8.4,-7.5,2.8406,322.1429758
COc1ccccc1C1=C(c2cn(CCCN3CCOCC3)c3ncccc23)C(=O)NC1=O,0.561012828,2.608676142,-9.4,-7.7,2.3344,446.1954053
O=C1NCCc2ccc(-c3ccnc(NC(=O)C4CC4)c3)cc21,0.91433317,2.302667046,-8.8,-8.5,2.383,307.1320768
c1ccc(-c2ccc(CSc3nnc(-c4ccc5c(c4)OCO5)o3)cc2)cc1,0.425315534,2.104144358,-9.4,-8.9,5.4246,388.0881634
O=C(O)CN1CCC(NC(=O)c2n[nH]c3ccc(-c4ccccc4)cc23)CC1,0.633659374,2.186527203,-9.1,-9.3,2.5087,378.1691906
c1ccc(-c2ccc(CSc3nnc(-c4ccc5c(c4)OCO5)o3)cc2)cc1,0.425315534,2.104144358,-9.4,-8.9,5.4246,388.0881634
N#Cc1ccc(-c2ccc(CSc3nnc(-c4ccc5c(c4)OCCO5)o3)cc2)cc1,0.397746084,2.328630459,-9.4,-8.2,5.33878,427.0990624
c1ccc(-c2ccc(CSc3nnc(-c4ccc5c(c4)OCCO5)o3)cc2)cc1,0.412852211,2.143259086,-9.4,-9.1,5.4671,402.1038134
c1ccc(-c2ccc(CSc3nnc(-c4ccc5c(c4)OCO5)o3)cc2)cc1,0.425315534,2.104144358,-9.4,-8.9,5.4246,388.0881634
COc1ccccc1C1=C(c2cn(CCCN3CCOCC3)c3ncccc23)C(=O)NC1=O,0.561012828,2.608676142,-9.4,-7.9,2.3344,446.1954053
N=C1NC(=O)C(=Cc2ccc(-c3ccc(S(N)(=O)=O)cc3)o2)S1,0.727500958,2.751821985,-8.3,-7.8,1.73267,349.0190978
Cn1cc(C2=C(c3cn(CCCNS(C)(=O)=O)c4ccccc34)C(=O)NC2=O)c2ccccc21,0.316229106,2.679479169,-9.6,-8.5,2.6395,476.1518262
c1ccc(-c2ccc(CSc3nnc(-c4ccc5c(c4)OCO5)o3)cc2)cc1,0.425315534,2.104144358,-9.4,-8.9,5.4246,388.0881634
O=C(NCCc1ccccc1)c1ccc(O)c2[nH]c(-c3ccc(F)cc3)nc12,0.492469209,2.130310109,-9.6,-8.4,4.0471,375.138305
N#Cc1ccc(-c2ccc(CSc3nnc(-c4ccc5c(c4)OCCO5)o3)cc2)cc1,0.397746084,2.328630459,-9.4,-9.3,5.33878,427.0990624
Cn1cc(C2=C(c3ccccc3)C(=O)NC2=O)c2ccccc21,0.74005506,2.152761451,-8.5,-8.3,2.7455,302.1055277
O=C(Nc1n[nH]c2ncc(-c3ccccc3)cc12)C1CC1,0.773390379,2.155164175,-8.5,-7.8,2.9734,278.1167611
Fc1ccc(-c2nn3ncccc3c2-c2ccnc(Nc3ccc(N4CCOCC4)cc3)n2)cc1,0.405486732,2.598361548,-9.6,-9.3,4.5726,467.1869865
CC(C)NCCCn1cc(C2=C(c3ccccc3)C(=O)NC2=O)c2ccccc21,0.480986728,2.383738323,-8.8,-7.3,3.5966,387.194677
O=c1ccc2cnc(NC3CCCCC3)nc2n1C1CCCC1,0.939503541,2.381646334,-8.4,-8.2,3.6512,312.1950114
N#Cc1ccc(-c2ccc(CSc3nnc(-c4ccc5c(c4)OCO5)o3)cc2)cc1,0.410876371,2.293696678,-9.5,-8.7,5.29628,413.0834123
O=C(Nc1ccc(Nc2nccc(-c3ccc(S(=O)(=O)N4CCOCC4)cc3)n2)cc1)c1ccccc1,0.37993199,2.204621304,-10,-9.7,4.1604,515.1627253
c1ccc(-c2ccc(CSc3nnc(-c4ccc5c(c4)OCO5)o3)cc2)cc1,0.425315534,2.104144358,-9.4,-8.9,5.4246,388.0881634
COCCN1CCC(CNC(=O)c2n[nH]c3ccc(-c4ccc(Cl)cc4)cc23)CC1,0.599300035,2.296246977,-8.9,-8,3.9715,426.1822538
O=C(O)CN1CCC(CNC(=O)c2n[nH]c3ccc(-c4ccccc4)cc23)CC1,0.599180564,2.23850613,-9.2,-8.9,2.7563,392.1848406
N#Cc1ccc(-c2ccc(CSc3nnc(-c4ccc5c(c4)OCO5)o3)cc2)cc1,0.410876371,2.293696678,-8.9,-9.4,5.29628,413.0834123
c1ccc(-c2ccc(CSc3nnc(-c4ccc5c(c4)OCCO5)o3)cc2)cc1,0.412852211,2.143259086,-9.4,-9.1,5.4671,402.1038134
O=C(Nc1n[nH]c2ncc(-c3ccccc3)cc12)C1CC1,0.773390379,2.155164175,-8.5,-7.9,2.9734,278.1167611
c1ccc(-c2ccc(CSc3nnc(-c4ccc5c(c4)OCO5)o3)cc2)cc1,0.425315534,2.104144358,-9.4,-8.9,5.4246,388.0881634
O=C(Nc1n[nH]c2ncc(-c3ccc(Cl)cc3Cl)cc12)C1CC1,0.742881467,2.374127465,-9.1,-8.4,4.2802,346.0388164
c1ccc(-c2ccc(CSc3nnc(-c4ccc5c(c4)OCO5)o3)cc2)cc1,0.425315534,2.104144358,-9.4,-8.9,5.4246,388.0881634
O=C1NC(=O)C(c2cccc(Cl)c2)=C1Nc1cc(Cl)c(O)c(Cl)c1,0.555832498,2.473176161,-8.4,-8.4,3.832,381.9678752
NC(=O)c1nc(-c2ccc(Cl)cc2)c(-c2ccnc(NC(=O)C3CC3)c2)[nH]1,0.628940471,2.465386488,-9.2,-7.8,3.2395,381.0992524
O=C1NC(=O)C(c2cn(CCCN3CCOCC3)c3ncccc23)=C1c1cn(CCCN2CCOCC2)c2ccccc12,0.287539845,2.98549766,-9.2,-7.5,3.0028,582.2954537
N#Cc1ccc(-c2ccc(CSc3nnc(-c4ccc5c(c4)OCCO5)o3)cc2)cc1,0.397746084,2.328630459,-9.4,-9.4,5.33878,427.0990624
c1ccc(-c2ccc(CSc3nnc(-c4ccc5c(c4)OCCO5)o3)cc2)cc1,0.412852211,2.143259086,-9.4,-9.1,5.4671,402.1038134
c1ccc(-c2ccc(CSc3nnc(-c4ccc5c(c4)OCCO5)o3)cc2)cc1,0.412852211,2.143259086,-9.4,-9.1,5.4671,402.1038134
Cn1cc(C2=C(c3cn(CCCN4CCOCC4)c4ccccc34)C(=O)NC2=O)c2cc(F)ccc21,0.423446921,2.73310282,-9.7,-8.6,3.5616,486.2067189
N#Cc1ccc(-c2ccc(CSc3nnc(-c4ccc5c(c4)OCCO5)o3)cc2)cc1,0.397746084,2.328630459,-9.4,-9.4,5.33878,427.0990624
CC(C)NCCCn1cc(C2=C(c3ccccc3)C(=O)NC2=O)c2ccccc21,0.480986728,2.383738323,-8.7,-7.2,3.5966,387.194677
N#Cc1ccc(-c2ccc(CSc3nnc(-c4ccc5c(c4)OCO5)o3)cc2)cc1,0.410876371,2.293696678,-9.3,-9.2,5.29628,413.0834123
Cn1cc(C2=C(c3cn(CCCN4CCOCC4)c4ccccc34)C(=O)NC2=O)c2ccccc21,0.440541409,2.644305013,-9.5,-8.3,3.4225,468.2161408
Fc1cccc(F)c1Nc1nc2cnc(NC3CCCCC3)cc2n1C1CCCC1,0.51630396,2.645201305,-9.5,-8.3,6.3128,411.2234523
c1ccc(-c2ccc(CSc3nnc(-c4ccc5c(c4)OCO5)o3)cc2)cc1,0.425315534,2.104144358,-9.4,-8.9,5.4246,388.0881634
c1ccc(-c2ccc(CSc3nnc(-c4ccc5c(c4)OCO5)o3)cc2)cc1,0.425315534,2.104144358,-9.4,-8.9,5.4246,388.0881634
N#Cc1ccc(-c2ccc(CSc3nnc(-c4ccc5c(c4)OCO5)o3)cc2)cc1,0.410876371,2.293696678,-9.3,-9.4,5.29628,413.0834123
Clc1ccc(Cl)c(Nc2nccc(-c3cnn4ncccc34)n2)c1,0.594122222,2.541789727,-8.7,-8.3,4.2367,356.0343997
N#Cc1ccc(-c2ccc(CSc3nnc(-c4ccc5c(c4)OCO5)o3)cc2)cc1,0.410876371,2.293696678,-9.4,-9.4,5.29628,413.0834123
Cn1cc(C2=C(c3ccccc3)C(=O)NC2=O)c2ccccc21,0.74005506,2.152761451,-8.5,-8.3,2.7455,302.1055277
CS(=O)(=O)Nc1ccc(CCNC(=O)c2ccnc3[nH]c(-c4ccc(F)cc4)nc23)cc1,0.39756007,2.37818203,-8.8,-8.7,3.108,453.1270887
N#Cc1ccc(-c2ccc(CSc3nnc(-c4ccc5c(c4)OCO5)o3)cc2)cc1,0.410876371,2.293696678,-9.4,-9.1,5.29628,413.0834123
COCCN1CCC(CNC(=O)c2n[nH]c3cc(-c4ccccc4)ccc23)CC1,0.647153718,2.240086822,-8.7,-8.3,3.3181,392.2212261
Cc1nc(C)n(-c2ccc(Nc3nccc(-c4ccc(-n5cnc(-c6ccccc6)n5)cc4)n3)cc2)n1,0.340231593,2.586488123,-10.4,-10,5.33244,485.2076417
COc1cccc(-n2ncc3c(N=NCc4ccc(F)cc4)ncnc32)c1,0.497408933,2.715059555,-8.7,-8.2,4.2471,362.1291373
NC(=O)c1ccc(-c2ccnc(NC(=O)C3CC3)c2)nc1OCCC1CCN(Cc2ccccc2)CC1,0.43101864,2.537885226,-9.8,-9.5,4.2721,499.2583399
O=C1NC(=O)C(c2ccc(Cl)cc2)=C1Nc1cc(Cl)c(O)c(Cl)c1,0.555832498,2.415146091,-8.1,-8,3.832,381.9678752
COCCN1CCC(CNC(=O)c2n[nH]c3ccc(-c4ccccc4)cc23)CC1,0.647153718,2.235827093,-8.8,-8.6,3.3181,392.2212261
O=C(Nc1cc(-c2[nH]c(-c3ccc(F)cc3)nc2-c2ccc(F)cc2)ccn1)C1CC1,0.455597278,2.307570946,-10.4,-8.4,5.4324,416.1448676
c1ccc(-c2ccc(CSc3nnc(-c4ccc5c(c4)OCO5)o3)cc2)cc1,0.425315534,2.104144358,-9.4,-8.9,5.4246,388.0881634
O=C(NCCN1CCOCC1)c1ccc(Nc2nccc(-c3cnn4ncccc34)n2)cc1,0.445462388,2.601570716,-9.3,-9.1,1.9919,444.202222
COCCN1CCC(CNC(=O)c2n[nH]c3ccc(-c4ccccc4)cc23)CC1,0.647153718,2.235827093,-8.8,-8.6,3.3181,392.2212261
O=C1NC(=O)C(c2cn(CCCO)c3ncccc23)=C1c1cn(CCCO)c2ccccc12,0.361538474,2.778607847,-8.5,-8.4,2.323,444.1797552
COc1ccccc1C1=C(Nc2ccccc2)C(=O)NC1=O,0.848141474,2.067105775,-7.8,-7.6,2.1748,294.1004423
N#Cc1ccc(-c2ccc(CSc3nnc(-c4ccc5c(c4)OCCO5)o3)cc2)cc1,0.397746084,2.328630459,-9.4,-8.7,5.33878,427.0990624
N#Cc1ccccc1-c1ccc(CSc2nnc(-c3ccc(Cl)cc3)o2)cc1,0.369873891,2.127679402,-9.5,-8.9,6.22098,403.0546107
c1ccc(-c2ccc(CSc3nnc(-c4ccc5c(c4)OCCO5)o3)cc2)cc1,0.412852211,2.143259086,-9.4,-9.1,5.4671,402.1038134
CSc1nn2nc(-c3ccc(F)cc3)c(C3=CC=NC(Nc4ccc(C#N)cc4)=NC=C3)c2n1C,0.416847012,3.557210483,-9.6,-8.8,4.91708,482.1437418
N#Cc1ccc(-c2ccc(CSc3nnc(-c4ccc5c(c4)OCO5)o3)cc2)cc1,0.410876371,2.293696678,-9.4,-9.5,5.29628,413.0834123
N#Cc1ccc(-c2ccc(CSc3nnc(-c4ccc5c(c4)OCO5)o3)cc2)cc1,0.410876371,2.293696678,-8.9,-9.5,5.29628,413.0834123
O=C(Nc1cc(-c2[nH]c(-c3ccc(F)cc3)nc2-c2ccc(F)cc2)ccn1)C1CC1,0.455597278,2.307570946,-10.4,-8.6,5.4324,416.1448676
c1ccc(-c2ccc(CSc3nnc(-c4ccc5c(c4)OCCO5)o3)cc2)cc1,0.412852211,2.143259086,-9.4,-9.1,5.4671,402.1038134
Cc1ccc(-c2ccc3c(-c4ccc(S(C)=O)cc4)coc3c2)o1,0.502529076,2.916076343,-8.5,-7.9,5.40562,336.0820154
C=CC(=O)NCCCn1cc(C2=C(c3ccccc3)C(=O)NC2=O)c2ccccc21,0.364219381,2.487530204,-9.1,-8.2,2.9008,399.1582915
N#Cc1ccc(-c2ccc(CSc3nnc(-c4ccc5c(c4)OCO5)o3)cc2)cc1,0.410876371,2.293696678,-9.4,-9.4,5.29628,413.0834123
O=C(Nc1cc(-c2[nH]c(-c3ccc(F)cc3)nc2-c2ccc(F)cc2)ccn1)C1CC1,0.455597278,2.307570946,-10.3,-8.6,5.4324,416.1448676
NCCCn1cc(C2=C(c3ccccc3)C(=O)NC2=O)c2ccccc21,0.697832485,2.310877489,-8.2,-8,2.5573,345.1477268
c1ccc(-c2ccc(CSc3nnc(-c4ccc5c(c4)OCCO5)o3)cc2)cc1,0.412852211,2.143259086,-9.4,-9.1,5.4671,402.1038134
c1ccc(-c2ccc(CSc3nnc(-c4ccc5c(c4)OCO5)o3)cc2)cc1,0.425315534,2.104144358,-9.4,-8.9,5.4246,388.0881634
COCCN1CCC(CNC(=O)c2n[nH]c3ccc(-c4ccc(Cl)cc4)cc23)CC1,0.599300035,2.296246977,-8.9,-8.2,3.9715,426.1822538
Clc1ccc(-c2ccc(CSc3nnc(-c4ccc5c(c4)OCO5)o3)cc2)cc1,0.363205807,2.167020914,-9.5,-9.2,6.078,422.049191
O=C1NC(=O)C(c2ccccc2)=C1Nc1cc(Cl)c(O)c(Cl)c1,0.587526714,2.35591934,-7.9,-8.2,3.1786,348.0068475
c1ccc(-c2ccc(CSc3nnc(-c4ccc5c(c4)OCO5)o3)cc2)cc1,0.425315534,2.104144358,-9.4,-8.9,5.4246,388.0881634
N#Cc1ccc(-c2ccc(CSc3nnc(-c4ccc5c(c4)OCCO5)o3)cc2)cc1,0.397746084,2.328630459,-9.5,-9.6,5.33878,427.0990624
c1ccc(-c2ccc(CSc3nnc(-c4ccc5c(c4)OCCO5)o3)cc2)cc1,0.412852211,2.143259086,-9.4,-9.1,5.4671,402.1038134
COCCN1CCC(CNC(=O)c2n[nH]c3ccc(-c4ccccc4)cc23)CC1,0.647153718,2.235827093,-8.8,-8.7,3.3181,392.2212261
N#Cc1ccc(-c2ccc(CSc3nnc(-c4ccc5c(c4)OCCO5)o3)cc2)cc1,0.397746084,2.328630459,-9.4,-9.6,5.33878,427.0990624
COCCN1CCC(CNC(=O)c2n[nH]c3ccc(-c4ccccc4)cc23)CC1,0.647153718,2.235827093,-8.8,-8.7,3.3181,392.2212261
CNC(=O)c1sc(-c2ccnc(NC(=O)C3CC3)c2)nc1OCCCCCCCCCCCCCCOc1cccc(-c2ccnc(NC(=O)C3CC3)c2)n1,0.059274589,3.325156564,-8.5,-6.8,8.8577,767.3828888
CS(=O)(=O)Nc1ccc(-c2ccnc(NC3CCCCC3)c2-c2ccnc(NC3CCCCC3)n2)cc1,0.330846582,2.691432842,-10.2,-9.6,6.0663,520.2620454
O=C(NCCc1ccccc1)c1ccnc2[nH]c(-c3ccc(F)cc3)nc12,0.56956738,2.128513693,-9.3,-8,3.7365,360.1386394
N#Cc1ccc(-c2ccc(CSc3nnc(-c4ccc5c(c4)OCCO5)o3)cc2)cc1,0.397746084,2.328630459,-9.5,-9.3,5.33878,427.0990624
COCCN1CCC(CNC(=O)c2n[nH]c3ccc(-c4ccc(Cl)cc4)cc23)CC1,0.599300035,2.296246977,-8.9,-8.1,3.9715,426.1822538
O=C1NC(=O)C(c2cn(CCCN3CCOCC3)c3ccccc23)=C1c1cn(CCCN2CCOCC2)c2ccccc12,0.288494664,2.891248962,-9.4,-8.2,3.6078,581.3002047
Cc1nc(-c2ccc(F)cc2)c(-c2ccnc(NC(=O)C3CC3)c2)[nH]1,0.758070095,2.315199882,-9,-7.9,3.93472,336.1386394
Cn1cc(C2=C(c3cn(CCCN4CCOCC4)c4ccccc34)C(=O)NC2=O)c2cc(F)ccc21,0.423446921,2.73310282,-9.7,-8.6,3.5616,486.2067189
Cc1ncn(-c2ccc(-c3ccc(CSc4nnc(-c5ccc6c(c5)OCO6)o4)cc3)cc2)n1,0.309116734,2.558522905,-10.3,-9.6,5.31372,469.1208605
c1ccc(-c2ccc(CSc3nnc(-c4ccc5c(c4)OCCO5)o3)cc2)cc1,0.412852211,2.143259086,-9.4,-9.1,5.4671,402.1038134
Cn1c(N2CCNC(c3ccc(F)cc3)C2)nc(-c2ccncn2)cc1=O,0.75764903,3.089091163,-9.4,-8.3,1.5273,366.1604374
c1ccc(-c2ccc(CSc3nnc(-c4ccc5c(c4)OCCO5)o3)cc2)cc1,0.412852211,2.143259086,-9.4,-8.4,5.4671,402.1038134
COCCN1CCC(CNC(=O)c2n[nH]c3ccc(-c4ccccc4)cc23)CC1,0.647153718,2.235827093,-8.8,-8.6,3.3181,392.2212261
Cn1cc(C2=C(c3cn(CCO)c4ccccc34)C(=O)NC2=O)c2ccccc21,0.530532257,2.525656395,-9,-8.2,2.6925,385.1426415
CC(C)NCCCn1cc(C2=C(c3ccccc3)C(=O)NC2=O)c2ccccc21,0.480986728,2.383738323,-8.7,-7.2,3.5966,387.194677
Cc1nc(C)n(-c2ccc(-c3ccnc(Nc4ccc(-n5cnc(N6CCOCC6)n5)cc4)n3)cc2)n1,0.378961247,2.779990029,-9.9,-9.2,3.50204,494.2291055
CS(=O)(=O)Nc1ccc(C(=O)Nc2ccc(Nc3cc(-c4cccnc4)ccn3)cc2)cc1,0.374750842,2.166255134,-9.3,-9.4,4.511,459.1365105
O=C(Nc1n[nH]c2ncc(-c3ccccc3)cc12)C1CC1,0.773390379,2.155164175,-8.5,-7.8,2.9734,278.1167611
c1ccc(-c2ccc(CSc3nnc(-c4ccc5c(c4)OCO5)o3)cc2)cc1,0.425315534,2.104144358,-9.4,-8.9,5.4246,388.0881634
O=C(Nc1cc(-c2ccnc(NC(=O)C3CC3)c2)ccn1)C1CC1,0.886331622,2.175851356,-8.4,-7.6,2.8406,322.1429758
NC(=O)c1ccccc1Nc1cccc(C(=O)Nc2ccccc2N2CCC(N)CC2)c1,0.477042751,2.149765923,-9.5,-8.5,3.7089,429.2164751
CCCC(=O)Nc1n[nH]c2ncc(-c3ccccc3)cc12,0.769418044,2.158598475,-8.1,-7.7,3.3635,280.1324111
COCCN1CCC(CNC(=O)c2n[nH]c3ccc(-c4ccc(Cl)cc4)cc23)CC1,0.599300035,2.296246977,-8.9,-8.1,3.9715,426.1822538
Cn1c(N2CCN(c3ccccc3)CC2)nc(-c2ccncn2)cc1=O,0.715647736,2.301318153,-8.1,-8.6,1.5639,348.1698593
O=C(O)CN1CCC(CNC(=O)c2n[nH]c3ccc(-c4ccc(F)cc4)cc23)CC1,0.580495614,2.303366698,-9.4,-9.3,2.8954,410.1754188
N=C1NC(=O)C(=Cc2ccc(-c3ccc(Cl)cc3)o2)S1,0.830631159,2.659404864,-7.6,-7.7,3.73867,304.0073262
c1ccc(-c2ccc(CSc3nnc(-c4ccc5c(c4)OCO5)o3)cc2)cc1,0.425315534,2.104144358,-9.4,-8.8,5.4246,388.0881634
c1ccc(-c2ccc(CSc3nnc(-c4ccc5c(c4)OCO5)o3)cc2)cc1,0.425315534,2.104144358,-9.4,-9,5.4246,388.0881634
c1cc(-c2ccc(N3CCOCC3)cc2)ccc1CSc1nnc(-c2ccc3c(c2)OCO3)o1,0.351341383,2.372265255,-9.9,-10.4,5.2612,473.1409272
N#Cc1ccc(-c2ccc(CSc3nnc(-c4ccc5c(c4)OCO5)o3)cc2)cc1,0.410876371,2.293696678,-9.6,-9.4,5.29628,413.0834123
O=C1NC(=O)C(c2cn(CCCO)c3ccccc23)=C1c1coc2ccccc12,0.515432371,2.574862174,-9.3,-8.5,3.3371,386.1266571
c1ccc(-c2ccc(CSc3nnc(-c4ccc5c(c4)OCO5)o3)cc2)cc1,0.425315534,2.104144358,-9.4,-8.9,5.4246,388.0881634
c1ccc(-c2ccc(CSc3nnc(-c4ccc5c(c4)OCCO5)o3)cc2)cc1,0.412852211,2.143259086,-9.4,-9,5.4671,402.1038134
O=C1NC(=O)C(c2cn(CCCO)c3ccccc23)=C1c1ccccc1,0.697742918,2.289297797,-8.3,-8,2.5909,346.1317424
O=C(Nc1cc(-c2[nH]c(-c3ccc(F)cc3)nc2-c2ccc(F)cc2)ccn1)C1CC1,0.455597278,2.307570946,-10.4,-8.6,5.4324,416.1448676
O=C(O)c1ccc(CN2CCC(CNC(=O)c3n[nH]c4ccc(-c5ccccc5)cc34)CC2)o1,0.3834196,2.45819368,-9.8,-9.7,4.1631,458.1954053
CNC(=O)c1sc(-c2ccnc(NC(=O)C3CC3)c2)nc1OCCCCCCCCCCCCCCOc1cccc(-c2ccnc(NC(=O)C3CC3)c2)n1,0.059274589,3.325156564,-8.3,-8.1,8.8577,767.3828888
O=C(Nc1n[nH]c2ncc(-c3ccccc3)cc12)C1CC1,0.773390379,2.155164175,-8.5,-7.8,2.9734,278.1167611
COCCN1CCC(CNC(=O)c2n[nH]c3ccc(-c4ccc(O)cc4)cc23)CC1,0.559095199,2.352971645,-8.7,-8.4,3.0237,408.2161408
CSc1nc(-c2ccccc2)c(-c2ccnc(NC(=O)C3CC3)c2)[nH]1,0.676359731,2.332860852,-8.5,-7.5,4.2091,350.1201322
Cc1ncn(-c2ccc(-c3ccnc(Nc4ccc(-n5cnc(N6CCOCC6)n5)cc4)n3)cc2)n1,0.391497667,2.795514694,-10.2,-9.4,3.19362,480.2134554
Cc1nc(C)n(-c2ccc(Nc3cc(-c4ccnc(NC(=O)C5CC5)c4)ccn3)cc2)n1,0.474169075,2.50767696,-9.6,-8.5,4.43324,425.1964084
CCC(N)C(=O)NCCCn1cc(C2=C(c3ccccc3)C(=O)NC2=O)c2ccccc21,0.37696129,2.912662277,-8.1,-8.1,2.4521,430.2004907
Cn1c(N2CCNC(c3ccc(C#N)cc3)C2)nc(-c2ccccc2)cc1=O,0.765612111,2.889621727,-9.4,-9,2.46988,371.1746103
O=C(Nc1n[nH]c2ncc(-c3ccccc3)cc12)C1CC1,0.773390379,2.155164175,-8.5,-7.9,2.9734,278.1167611
COc1ccc(C2=C(c3coc4ccccc34)C(=O)NC2=O)cc1OC,0.732773367,2.328404126,-8.3,-7.8,3.0172,349.0950226
Cn1c(N2CCNC(c3ccc(F)cc3)C2)nc(-c2ccccn2)cc1=O,0.770469732,2.943694122,-9.5,-8.3,2.1323,365.1651885
c1ccc(-c2ccc(CSc3nnc(-c4ccc5c(c4)OCCO5)o3)cc2)cc1,0.412852211,2.143259086,-9.4,-9.2,5.4671,402.1038134
CNC(=O)c1sc(-c2ccnc(NC(=O)C3CC3)c2)nc1OCCCCCCCCCCCCOc1cccc(-c2ccnc(NC(=O)C3CC3)c2)n1,0.067818769,3.272852583,-8.1,-8.2,8.0775,739.3515887
O=C(Nc1cc(-c2[nH]c(-c3ccc(F)cc3)nc2-c2ccc(F)cc2)ccn1)C1CC1,0.455597278,2.307570946,-10.4,-8.5,5.4324,416.1448676
COCCN1CCC(CNC(=O)c2n[nH]c3ccc(-c4ccccc4)cc23)CC1,0.647153718,2.235827093,-8.8,-8.6,3.3181,392.2212261
COCCN1CCC(CNC(=O)c2n[nH]c3ccc(-c4ccccc4)cc23)CC1,0.647153718,2.235827093,-8.8,-8.5,3.3181,392.2212261
O=C(Nc1cc(-c2ccnc(Nc3ccc(N4CCOCC4)cc3)c2)ccn1)C1CC1,0.631791486,2.321233881,-9.3,-8.8,4.0723,415.200825
COCCN1CCC(CNC(=O)c2n[nH]c3ccc(-c4ccccc4)cc23)CC1,0.647153718,2.235827093,-8.8,-8.6,3.3181,392.2212261
c1ccc(-c2ccc(CSc3nnc(-c4ccc5c(c4)OCCO5)o3)cc2)cc1,0.412852211,2.143259086,-9.4,-9,5.4671,402.1038134
c1ccc(-c2ccc(CSc3nnc(-c4ccc5c(c4)OCO5)o3)cc2)cc1,0.425315534,2.104144358,-9.4,-8.9,5.4246,388.0881634
O=C1NC(=O)C(c2cn(CCCN3CCOCC3)c3ccccc23)=C1c1ccccc1,0.629090111,2.407668877,-9.2,-7.6,2.9308,415.1895917
N#Cc1ccc(-c2ccc(CSc3nnc(-c4ccc5c(c4)OCCO5)o3)cc2)cc1,0.397746084,2.328630459,-9.5,-9.4,5.33878,427.0990624
c1ccc(-c2ccc(CSc3nnc(-c4ccc5c(c4)OCCO5)o3)cc2)cc1,0.412852211,2.143259086,-9.4,-9,5.4671,402.1038134
N#Cc1ccc(-c2ccc(CSc3nnc(-c4ccc5c(c4)OCCO5)o3)cc2)cc1,0.397746084,2.328630459,-9.4,-8.1,5.33878,427.0990624
Cc1ccc(-c2ccc(CSc3nnc(-c4ccc5c(c4)OCCO5)o3)cc2)cc1,0.384730018,2.194114828,-9.5,-9.5,5.77552,416.1194635
c1ccc(-c2ccc(CSc3nnc(-c4ccc5c(c4)OCO5)o3)cc2)cc1,0.425315534,2.104144358,-9.4,-8.9,5.4246,388.0881634
N#Cc1ccc(-c2ccc(CSc3nnc(-c4ccc5c(c4)OCO5)o3)cc2)cc1,0.410876371,2.293696678,-9.3,-9.4,5.29628,413.0834123
Cn1cc(C2=C(c3cn(CCCn4ccnc4)c4ccccc34)C(=O)NC2=O)c2cc(Br)ccc21,0.323602913,2.831007132,-9.6,-8.6,4.7495,527.095687
CNC(=O)c1sc(-c2ccnc(NC(=O)C3CC3)c2)nc1OCC1CCN(Cc2ccccc2)CC1,0.452449148,2.654661695,-8.9,-9.1,4.2042,505.2147609
Cn1c(N2CCNC(c3ccc(C#N)cc3)C2)nc(-c2ccccc2)cc1=O,0.765612111,2.889621727,-9.5,-9,2.46988,371.1746103
c1ccc(-c2ccc(CSc3nnc(-c4ccc5c(c4)OCO5)o3)cc2)cc1,0.425315534,2.104144358,-9.4,-8.9,5.4246,388.0881634
N#Cc1ccc(-c2ccc(CSc3nnc(-c4ccc5c(c4)OCO5)o3)cc2)cc1,0.410876371,2.293696678,-8.9,-9.4,5.29628,413.0834123
c1ccc(-c2ccc(CSc3nnc(-c4ccc5c(c4)OCCO5)o3)cc2)cc1,0.412852211,2.143259086,-9.5,-9.2,5.4671,402.1038134
N=C1NC(=O)C(=Cc2ccc(-c3ccc(Cl)cc3)o2)S1,0.830631159,2.659404864,-7.6,-7.7,3.73867,304.0073262
O=C(NCCc1ccccc1)c1ccnc2nc(-c3ccc(F)cc3)[nH]c12,0.56956738,2.129749331,-9.2,-7.9,3.7365,360.1386394
c1ccc(-c2ccc(CSc3nnc(-c4ccc5c(c4)OCO5)o3)cc2)cc1,0.425315534,2.104144358,-9.4,-8.9,5.4246,388.0881634
c1ccc(-c2ccc(CSc3nnc(-c4ccc5c(c4)OCO5)o3)cc2)cc1,0.425315534,2.104144358,-9.4,-8.9,5.4246,388.0881634
N#Cc1ccc(-c2ccc(CSc3nnc(-c4ccc5c(c4)OCCO5)o3)cc2)cc1,0.397746084,2.328630459,-9.4,-9.6,5.33878,427.0990624
c1ccc(-c2ccc(CSc3nnc(-c4ccc5c(c4)OCO5)o3)cc2)cc1,0.425315534,2.104144358,-9.4,-8.9,5.4246,388.0881634
c1ccc(-c2ccc(CSc3nnc(-c4ccc5c(c4)OCCO5)o3)cc2)cc1,0.412852211,2.143259086,-9.4,-9,5.4671,402.1038134
COCCN1CCC(CNC(=O)c2n[nH]c3ccc(-c4ccccc4)cc23)CC1,0.647153718,2.235827093,-8.8,-8.7,3.3181,392.2212261
c1ccc(-c2ccc(CSc3nnc(-c4ccc5c(c4)OCCO5)o3)cc2)cc1,0.412852211,2.143259086,-9.3,-9.1,5.4671,402.1038134
Cc1nc(-c2ccc(F)cc2)c(-c2ccnc(NC(=O)C3CC3)c2)[nH]1,0.758070095,2.315199882,-9,-7.9,3.93472,336.1386394
Clc1ccc(Nc2cccc(-c3ccnc(Nc4ccc(-n5cnc(N6CCOCC6)n5)cc4)n3)n2)cc1Cl,0.257443989,2.786896652,-10.5,-9.2,5.7499,559.1402617
O=C(Nc1cc(-c2[nH]c(-c3ccc(F)cc3)nc2-c2ccc(F)cc2)ccn1)C1CC1,0.455597278,2.307570946,-10.4,-8.4,5.4324,416.1448676
CNC(=O)c1sc(-c2ccnc(NC(=O)C3CC3)c2)nc1OCCCCCCCCCCCCOc1cccc(-c2ccnc(NC(=O)C3CC3)c2)n1,0.067818769,3.272852583,-7.6,-7.9,8.0775,739.3515887
COCCN1CCC(CNC(=O)c2n[nH]c3ccc(-c4ccccc4)cc23)CC1,0.647153718,2.235827093,-8.8,-8.6,3.3181,392.2212261
O=C1NC(=O)C(c2cn(CCCN3CCOCC3)c3ccccc23)=C1c1coc2ccccc12,0.449108134,2.668609246,-9.8,-8.5,3.677,455.1845063
COc1ccc(-c2ccc3[nH]nc(C(=O)NC4CCN(CC(=O)O)CC4)c3c2)cc1,0.578536579,2.243324301,-8.7,-8.4,2.5173,408.1797552
O=C(Nc1n[nH]c2ncc(-c3ccc(Cl)cc3)cc12)C1CC1,0.775545072,2.219756324,-8.5,-8.2,3.6268,312.0777887
CNC(=O)c1sc(-c2ccnc(NC(=O)C3CC3)c2)nc1OCCCCCCCCCCCCCCOc1cccc(-c2ccnc(NC(=O)C3CC3)c2)n1,0.059274589,3.325156564,-8,-7.6,8.8577,767.3828888
c1ccc(-c2ncn(-c3ccc(-c4ccnc(Nc5ccc(-n6cnc(N7CCOCC7)n6)cc5)n4)cc3)n2)cc1,0.31043352,2.794470371,-10.4,-9.9,4.5522,542.2291055
c1ccc(-c2ccc(CSc3nnc(-c4ccc5c(c4)OCCO5)o3)cc2)cc1,0.412852211,2.143259086,-9.4,-9.1,5.4671,402.1038134
Cn1ccc(-c2ccnc(Nc3ccc(-n4cnc(-c5ccccc5)n4)cc3)c2)n1,0.476770791,2.441766513,-9.3,-9.2,4.4734,393.1701936
N#Cc1ccc(-c2ccc(CSc3nnc(-c4ccc5c(c4)OCO5)o3)cc2)cc1,0.410876371,2.293696678,-9.4,-9.5,5.29628,413.0834123
O=C(Nc1n[nH]c2ncc(-c3ccccc3)cc12)C1CC1,0.773390379,2.155164175,-8.5,-7.9,2.9734,278.1167611
O=C1NC(=O)C(c2cn(CCCN3CCOCC3)c3ccccc23)=C1c1ccccc1,0.629090111,2.407668877,-9.2,-8.2,2.9308,415.1895917
COCCN1CCC(CNC(=O)c2n[nH]c3ccc(-c4ccccc4)cc23)CC1,0.647153718,2.235827093,-8.8,-8.6,3.3181,392.2212261
O=C(O)CN1CCC(NC(=O)c2ccc(O)c3[nH]c(-c4ccc(F)cc4)nc23)CC1,0.510925368,2.408925797,-9.4,-8.8,2.3534,412.1546834
CCCC(=O)Nc1n[nH]c2ncc(-c3ccc(O)cc3)cc12,0.689730051,2.301415665,-8.2,-7.8,3.0691,296.1273258
N#Cc1ccc(-c2ccc(CSc3nnc(-c4ccc5c(c4)OCO5)o3)cc2)cc1,0.410876371,2.293696678,-9.5,-9.5,5.29628,413.0834123
c1ccc(-c2ccc(CSc3nnc(-c4ccc5c(c4)OCO5)o3)cc2)cc1,0.425315534,2.104144358,-9.4,-8.9,5.4246,388.0881634
c1ccc(-c2ccc(CSc3nnc(-c4ccc5c(c4)OCO5)o3)cc2)cc1,0.425315534,2.104144358,-9.4,-8.9,5.4246,388.0881634
O=C(Nc1cc(-c2[nH]c(-c3ccc(F)cc3)nc2-c2ccc(F)cc2)ccn1)C1CC1,0.455597278,2.307570946,-10.3,-8.6,5.4324,416.1448676
CNC(=O)c1sc(-c2ccnc(NC(=O)C3CC3)c2)nc1OCCCCCCCCCCCCOc1cccc(-c2ccnc(NC(=O)C3CC3)c2)n1,0.067818769,3.272852583,-8.4,-8.7,8.0775,739.3515887
CNC(=O)c1ccc(-c2ccnc(NC(=O)C3CC3)c2)nc1OCC1CC1,0.78570559,2.423443573,-8.6,-7.5,2.6405,366.1691906
COCCN1CCC(CNC(=O)c2n[nH]c3ccc(-c4ccccc4)cc23)CC1,0.647153718,2.235827093,-8.8,-8.7,3.3181,392.2212261
O=C(Nc1cc(-c2ccnc(NC(=O)C3CC3)c2)ccn1)C1CC1,0.886331622,2.175851356,-8.4,-7.7,2.8406,322.1429758
O=C1NC(=O)C(c2cn(CCCn3ccnc3)c3ccccc23)=C1c1coc2ccccc12,0.403791318,2.745774432,-9.9,-8.6,4.2415,436.1535405
Cn1cc(C2=C(c3ccccc3)C(=O)NC2=O)c2ccccc21,0.74005506,2.152761451,-8.5,-8.3,2.7455,302.1055277
Cc1nc(C)n(-c2ccc(-c3ccnc(Nc4ccc(-n5cnc(N6CCOCC6)n5)cc4)n3)cc2)n1,0.378961247,2.779990029,-10,-9.2,3.50204,494.2291055
COCCN1CCC(CNC(=O)c2n[nH]c3ccc(-c4ccccc4)cc23)CC1,0.647153718,2.235827093,-8.8,-8.6,3.3181,392.2212261
Cc1nc(-c2ccc(F)cc2)c(-c2ccnc(NC(=O)C3CC3)c2)[nH]1,0.758070095,2.315199882,-9.1,-7.6,3.93472,336.1386394
c1ccc(-c2ccc(CSc3nnc(-c4ccc5c(c4)OCO5)o3)cc2)cc1,0.425315534,2.104144358,-9.4,-8.9,5.4246,388.0881634
N#Cc1ccc(-c2ccc(CSc3nnc(-c4ccc5c(c4)OCO5)o3)cc2)cc1,0.410876371,2.293696678,-8.9,-9.4,5.29628,413.0834123
N#Cc1ccc(-c2ccc(CSc3nnc(-c4ccc5c(c4)OCCO5)o3)cc2)cc1,0.397746084,2.328630459,-9.3,-9.5,5.33878,427.0990624
NS(=O)(=O)c1ccc(-c2ccnc(Nc3ccc(NC(=O)c4ccccc4)cc3)c2)cc1,0.408012312,1.994935823,-9.4,-8.8,4.3919,444.1256115
c1cc(-c2ccc(N3CCOCC3)cc2)ccc1CSc1nnc(-c2ccc3c(c2)OCO3)o1,0.351341383,2.372265255,-9.9,-10.4,5.2612,473.1409272
Cc1nc(-c2ccc(Cl)cc2)c(-c2ccnc(NC(=O)C3CC3)c2)[nH]1,0.728338929,2.310164562,-9.1,-7.6,4.44902,352.1090888
Cc1cccc(NC(=O)c2cccc(-c3ccnc(NC(=O)C4CC4)c3)c2)c1,0.685253112,1.952364468,-9.7,-8.7,4.65782,371.1633769
c1ccc(-c2ccc(CSc3nnc(-c4ccc5c(c4)OCO5)o3)cc2)cc1,0.425315534,2.104144358,-9.4,-8.9,5.4246,388.0881634
Cn1cc(C2=C(c3coc4ccccc34)C(=O)NC2=O)c2ccccc21,0.567245536,2.465095951,-9.3,-8.9,3.4917,342.1004423
CN1CCN(c2nc(-c3ccncc3)cc(=O)n2C)CC1,0.808334328,2.25622362,-7.3,-7.6,0.5941,285.1589602
O=C1NC(=O)C(c2cn(CCCN3CCOCC3)c3ccccc23)=C1c1coc2ccccc12,0.449108134,2.668609246,-9.8,-8.5,3.677,455.1845063
CCCC(=O)Nc1n[nH]c2ncc(-c3ccccc3)cc12,0.769418044,2.158598475,-8.1,-7.7,3.3635,280.1324111
COc1ccccc1C1=C(c2cn(CCCN3CCOCC3)c3ccccc23)C(=O)NC1=O,0.566432675,2.483992968,-8.9,-8,2.9394,445.2001563
CCCC(=O)Nc1n[nH]c2cc(-c3ccccn3)ccc12,0.769418044,2.178766193,-7.9,-7.1,3.3635,280.1324111
Cc1ncn(-c2ccc(-c3ccnc(Nc4ccc(-n5cnc(N6CCOCC6)n5)cc4)n3)cc2)n1,0.391497667,2.795514694,-10.1,-9.3,3.19362,480.2134554
O=C(Nc1cc(-c2[nH]c(-c3ccc(F)cc3)nc2-c2ccc(F)cc2)ccn1)C1CC1,0.455597278,2.307570946,-10.4,-8.4,5.4324,416.1448676
O=C(Nc1n[nH]c2ncc(-c3ccccc3)cc12)C1CC1,0.773390379,2.155164175,-8.5,-8,2.9734,278.1167611
N#Cc1ccc(-c2ccc(CSc3nnc(-c4ccc5c(c4)OCCO5)o3)cc2)cc1,0.397746084,2.328630459,-9.5,-9.5,5.33878,427.0990624
c1ccc(-c2ccc(CSc3nnc(-c4ccc5c(c4)OCCO5)o3)cc2)cc1,0.412852211,2.143259086,-9.4,-8.5,5.4671,402.1038134
COCCN1CCC(CNC(=O)c2n[nH]c3ccc(-c4ccccc4)cc23)CC1,0.647153718,2.235827093,-8.8,-8.5,3.3181,392.2212261
O=C(Nc1cc(-c2[nH]c(-c3ccc(F)cc3)nc2-c2ccc(F)cc2)ccn1)C1CC1,0.455597278,2.307570946,-10.4,-8.4,5.4324,416.1448676
COc1ccc(C2=C(c3coc4ccccc34)C(=O)NC2=O)cc1OC,0.732773367,2.328404126,-8.3,-7.9,3.0172,349.0950226
CSc1nc(-c2ccc(F)cc2)c(-c2ccnc(Nc3ccc(NC(=O)c4ccc(F)cc4)cc3)c2)n1C,0.220115054,2.477710985,-10.1,-9.1,7.1451,527.1591378
COc1ccccc1C1=C(c2cn(CCCN3CCOCC3)c3ccccc23)C(=O)NC1=O,0.566432675,2.483992968,-8.6,-7.1,2.9394,445.2001563
c1ccc(-c2ccc(CSc3nnc(-c4ccc5c(c4)OCO5)o3)cc2)cc1,0.425315534,2.104144358,-9.4,-8.8,5.4246,388.0881634
O=C(Nc1n[nH]c2ncc(-c3ccccc3)cc12)C1CC1,0.773390379,2.155164175,-8.4,-7.9,2.9734,278.1167611
c1ccc(-c2ccc(CSc3nnc(-c4ccc5c(c4)OCO5)o3)cc2)cc1,0.425315534,2.104144358,-9.4,-8.9,5.4246,388.0881634
Cn1c(N2CCNC(c3ccccc3)C2)nc(-c2ccccc2)cc1=O,0.791980657,2.705027905,-9.4,-8.4,2.5982,346.1793613
COCCN1CCC(CNC(=O)c2n[nH]c3ccc(-c4ccccc4)cc23)CC1,0.647153718,2.235827093,-8.8,-8.6,3.3181,392.2212261
c1ccc(-c2ccc(CSc3nnc(-c4ccc5c(c4)OCO5)o3)cc2)cc1,0.425315534,2.104144358,-9.4,-8.9,5.4246,388.0881634
Clc1ccc(Nc2cccc(-c3ccnc(Nc4ccc(-n5cnc(N6CCOCC6)n5)cc4)n3)c2)cc1Cl,0.238267904,2.678480064,-10.3,-9.4,6.3549,558.1450127
Cc1nc(-c2ccc(Cl)cc2)c(-c2ccnc(NC(=O)C3CC3)c2)[nH]1,0.728338929,2.310164562,-9.1,-8,4.44902,352.1090888
CCCC(=O)Nc1n[nH]c2ccc(-c3ccccn3)cc12,0.769418044,2.166620165,-8,-7.6,3.3635,280.1324111
c1ccc(-c2ccc(CSc3nnc(-c4ccc5c(c4)OCO5)o3)cc2)cc1,0.425315534,2.104144358,-9.3,-8.9,5.4246,388.0881634
C=CC(=O)NCCCn1cc(C2=C(c3cn(C)c4ccccc34)C(=O)NC2=O)c2ccccc21,0.256102502,2.716443583,-9.4,-9.4,3.3925,452.1848406
c1cc(-c2ccc(-n3cnc(N4CCOCC4)n3)cc2)nc(Nc2ccc(N3CCOCC3)cc2)n1,0.442945116,2.618000699,-9.4,-9.1,3.1411,484.2335221
c1ccc(-c2ccc(CSc3nnc(-c4ccc5c(c4)OCCO5)o3)cc2)cc1,0.412852211,2.143259086,-9.4,-9.1,5.4671,402.1038134
c1ccc(-c2ccc(CSc3nnc(-c4ccc5c(c4)OCCO5)o3)cc2)cc1,0.412852211,2.143259086,-9.4,-8.4,5.4671,402.1038134
c1ccc(-c2ccc(CSc3nnc(-c4ccc5c(c4)OCCO5)o3)cc2)cc1,0.412852211,2.143259086,-9.4,-8.4,5.4671,402.1038134
Cn1cc(C2=C(c3ccccc3)C(=O)NC2=O)c2ccccc21,0.74005506,2.152761451,-8.5,-8.3,2.7455,302.1055277
c1ccc(-c2ccc(CSc3nnc(-c4ccc5c(c4)OCCO5)o3)cc2)cc1,0.412852211,2.143259086,-9.4,-8.4,5.4671,402.1038134
O=C1NC(=O)C(c2cn(CCCN3CCOCC3)c3ccccc23)=C1c1coc2ccccc12,0.449108134,2.668609246,-9.8,-8.5,3.677,455.1845063
CCCC(=O)Nc1n[nH]c2ccc(-c3ccccn3)cc12,0.769418044,2.166620165,-8,-7.5,3.3635,280.1324111
O=C(Nc1cc(-c2[nH]c(-c3ccc(F)cc3)nc2-c2ccc(F)cc2)ccn1)C1CC1,0.455597278,2.307570946,-10.4,-8.6,5.4324,416.1448676
COCCN1CCC(CNC(=O)c2n[nH]c3ccc(-c4ccc(Cl)cc4)cc23)CC1,0.599300035,2.296246977,-8.8,-8.2,3.9715,426.1822538
O=C(Nc1n[nH]c2ncc(-c3ccc(Cl)cc3Cl)cc12)C1CC1,0.742881467,2.374127465,-8.7,-8.5,4.2802,346.0388164
CCCC(=O)Nc1n[nH]c2ncc(-c3ccccc3)cc12,0.769418044,2.158598475,-8.1,-7.7,3.3635,280.1324111
COCCN1CCC(CNC(=O)c2n[nH]c3ccc(-c4ccccc4)cc23)CC1,0.647153718,2.235827093,-8.8,-8.6,3.3181,392.2212261
COCCN1CCC(CNC(=O)c2n[nH]c3ccc(-c4ccccc4)cc23)CC1,0.647153718,2.235827093,-8.8,-8.7,3.3181,392.2212261
N#Cc1ccc(-c2ccc(CSc3nnc(-c4ccc5c(c4)OCO5)o3)cc2)cc1,0.410876371,2.293696678,-9.4,-9.1,5.29628,413.0834123
O=C(Nc1n[nH]c2ncc(-c3ccccc3)cc12)C1CC1,0.773390379,2.155164175,-8.5,-7.8,2.9734,278.1167611
O=C(Nc1n[nH]c2ncc(-c3ccccc3)cc12)C1CC1,0.773390379,2.155164175,-8.5,-8,2.9734,278.1167611
CNC(=O)c1sc(-c2ccnc(NC(=O)C3CC3)c2)nc1OCCCCCCCCCCCCCCOc1cccc(-c2ccnc(NC(=O)C3CC3)c2)n1,0.059274589,3.325156564,-8.2,-7.2,8.8577,767.3828888
O=C1NC(=O)C(c2cn(CCCN3CCOCC3)c3ccccc23)=C1c1ccccc1,0.629090111,2.407668877,-9.2,-7.6,2.9308,415.1895917
O=C(Nc1n[nH]c2ncc(-c3ccccc3)cc12)C1CC1,0.773390379,2.155164175,-8.3,-8.1,2.9734,278.1167611
c1ccc(-c2ccc(CSc3nnc(-c4ccc5c(c4)OCCO5)o3)cc2)cc1,0.412852211,2.143259086,-9.4,-9.1,5.4671,402.1038134
N#Cc1ccc(-c2ccc(CSc3nnc(-c4ccc5c(c4)OCO5)o3)cc2)cc1,0.410876371,2.293696678,-9.4,-9.5,5.29628,413.0834123
c1ccc(-c2ccc(CSc3nnc(-c4ccc5c(c4)OCCO5)o3)cc2)cc1,0.412852211,2.143259086,-9.5,-8.4,5.4671,402.1038134
N#Cc1ccc(-c2ccc(CSc3nnc(-c4ccc5c(c4)OCCO5)o3)cc2)cc1,0.397746084,2.328630459,-9.5,-8.6,5.33878,427.0990624
N#Cc1ccc(-c2ccc(CSc3nnc(-c4ccc5c(c4)OCO5)o3)cc2)cc1,0.410876371,2.293696678,-8.9,-9.4,5.29628,413.0834123
Cc1ccccc1-c1ccc2[nH]nc(C(=O)NCC3CCN(CC(=O)O)CC3)c2c1,0.584417769,2.328037002,-9.3,-9.6,3.06472,406.2004907
O=C(Nc1n[nH]c2ncc(-c3ccccc3)cc12)C1CC1,0.773390379,2.155164175,-8.5,-8,2.9734,278.1167611
c1ccc(-c2ccc(CSc3nnc(-c4ccc5c(c4)OCCO5)o3)cc2)cc1,0.412852211,2.143259086,-9.4,-9.1,5.4671,402.1038134
Nc1ncc(C(F)(F)F)cc1NC(=O)c1ccnc(Nc2ccc(-n3cnc(N4CCOCC4)n3)cc2)c1,0.345571994,2.850317336,-10.2,-9.3,3.4908,525.1848556
O=C(Nc1n[nH]c2ncc(-c3ccccc3)cc12)C1CC1,0.773390379,2.155164175,-8.5,-8,2.9734,278.1167611
N#Cc1ccc(-c2ccc(CSc3nnc(-c4ccc5c(c4)OCO5)o3)cc2)cc1,0.410876371,2.293696678,-9.5,-9.5,5.29628,413.0834123
COCCN1CCC(CNC(=O)c2n[nH]c3ccc(-c4ccccc4)cc23)CC1,0.647153718,2.235827093,-8.8,-8.6,3.3181,392.2212261
CCCC(=O)Nc1n[nH]c2ccc(-c3ccccn3)cc12,0.769418044,2.166620165,-8.1,-7.6,3.3635,280.1324111
CNC(=O)c1ccc(-c2ccnc(NC(=O)C3CC3)c2)nc1OCC1CC1,0.78570559,2.423443573,-8.5,-7.4,2.6405,366.1691906
c1ccc(-c2ccc(CSc3nnc(-c4ccc5c(c4)OCCO5)o3)cc2)cc1,0.412852211,2.143259086,-9.4,-9,5.4671,402.1038134
N#Cc1ccc(-c2ccc(CSc3nnc(-c4ccc5c(c4)OCCO5)o3)cc2)cc1,0.397746084,2.328630459,-9.3,-8.9,5.33878,427.0990624
c1ccc(-c2ccc(CSc3nnc(-c4ccc5c(c4)OCO5)o3)cc2)cc1,0.425315534,2.104144358,-9.4,-8.9,5.4246,388.0881634
N#Cc1ccc(-c2ccc(CSc3nnc(-c4ccc5c(c4)OCO5)o3)cc2)cc1,0.410876371,2.293696678,-9.4,-9.5,5.29628,413.0834123
NC(=O)c1nc(-c2ccc(F)cc2)c(-c2ccnc(NC(=O)C3CC3)c2)[nH]1,0.644850199,2.470090537,-9.3,-8,2.7252,365.128803
CC(=O)NCCCn1cc(C2=C(c3cn(CCCN4CCOCC4)c4ccccc34)C(=O)NC2=O)c2ccccc21,0.231806583,2.825592347,-9.2,-9.1,3.4117,553.2689046
c1ccc(-c2ccc(CSc3nnc(-c4ccc5c(c4)OCCO5)o3)cc2)cc1,0.412852211,2.143259086,-9.5,-8.4,5.4671,402.1038134
O=C(Nc1cc(-c2[nH]c(-c3ccc(F)cc3)nc2-c2ccc(F)cc2)ccn1)C1CC1,0.455597278,2.307570946,-10.4,-8.6,5.4324,416.1448676
Cn1cc(C2=C(c3ccccc3)C(=O)NC2=O)c2cc(F)ccc21,0.738264262,2.27241199,-8.6,-8.5,2.8846,320.0961059
Cn1c(N2CCNC(c3ccccc3)C2)nc(-c2ccncc2)cc1=O,0.785052937,2.880806649,-9.2,-8.3,1.9932,347.1746103
Cn1c(N2CCNC(c3ccc(Cl)cc3)C2)nc(-c2ccccc2)cc1=O,0.757395061,2.76283495,-9.4,-8.7,3.2516,380.140389
COCCN1CCC(CNC(=O)c2n[nH]c3cc(-c4ccc(Cl)cc4)ccc23)CC1,0.599300035,2.300408781,-8.9,-8.3,3.9715,426.1822538
Fc1cccc(F)c1Nc1nc2cnc(NC3CCCCC3)cc2n1C1CCCC1,0.51630396,2.645201305,-9.1,-8.4,6.3128,411.2234523
N#Cc1ccc(-c2ccc(CSc3nnc(-c4ccc5c(c4)OCO5)o3)cc2)cc1,0.410876371,2.293696678,-9.5,-9.3,5.29628,413.0834123
O=C(Nc1n[nH]c2ncc(-c3ccccc3)cc12)C1CC1,0.773390379,2.155164175,-8.5,-8,2.9734,278.1167611
COc1cccc(-n2ncc3c(N=NCc4ccccc4)ncnc32)c1,0.510513391,2.656277841,-8.5,-8.1,4.108,344.1385591
Cn1cc(C2=C(c3coc4ccccc34)C(=O)NC2=O)c2cc(Br)ccc21,0.492462841,2.602544543,-9.5,-8.7,4.2542,420.0109544
N#Cc1ccc(-c2ccc(CSc3nnc(-c4ccc(Cl)c(Cl)c4)o3)cc2)cc1,0.318169698,2.193418768,-9.3,-9.1,6.87438,437.0156384
Clc1ccccc1Nc1cc(-c2ccnc(Nc3ccc(-n4cnc(N5CCOCC5)n4)cc3)n2)ccn1,0.30003291,2.732128615,-10,-9.9,5.0965,525.1792341
NC(=O)c1ccc(-c2cc(Nc3ccccc3Cl)ncn2)cc1,0.767378123,1.978679633,-8.4,-8,3.6395,324.0777887
COc1ccccc1C1=C(c2cn(CCCO)c3ccccc23)C(=O)NC1=O,0.648283204,2.363875622,-8.2,-8.1,2.5995,376.1423071
O=C(Nc1n[nH]c2ncc(-c3ccccc3)cc12)C1CC1,0.773390379,2.155164175,-8.4,-8,2.9734,278.1167611
c1ccc(-c2ccc(CSc3nnc(-c4ccc5c(c4)OCCO5)o3)cc2)cc1,0.412852211,2.143259086,-9.4,-9.2,5.4671,402.1038134
CNC(=O)c1sc(-c2ccnc(NC(=O)C3CC3)c2)nc1OCCCCCCCCCCCCCOc1cccc(-c2ccnc(NC(=O)C3CC3)c2)n1,0.063234911,3.298769552,-8.4,-7.7,8.4676,753.3672387
Cn1c(N2CCNC(c3ccc(F)cc3)C2)nc(-c2ccccc2Cl)cc1=O,0.734372003,2.871826962,-9.6,-8.9,3.3907,398.1309672
COCCN1CCC(CNC(=O)c2n[nH]c3ccc(-c4ccccc4)cc23)CC1,0.647153718,2.235827093,-8.8,-8.5,3.3181,392.2212261
COCCN1CCC(CNC(=O)c2n[nH]c3ccc(-c4ccccc4)cc23)CC1,0.647153718,2.235827093,-8.8,-8.6,3.3181,392.2212261
O=C(Nc1n[nH]c2ncc(-c3ccccc3)cc12)C1CC1,0.773390379,2.155164175,-8.5,-7.9,2.9734,278.1167611
N#Cc1ccc(-c2ccc(CSc3nnc(-c4ccc5c(c4)OCO5)o3)cc2)cc1,0.410876371,2.293696678,-8.9,-9.4,5.29628,413.0834123
Cc1ccc2c(-c3ccnc(Nc4ccc(Cl)c(Cl)c4)n3)cnn2n1,0.572506864,2.559103159,-9.1,-8.1,4.54512,370.0500497
c1cc(-c2ccc(N3CCOCC3)cc2)ccc1CSc1nnc(-c2ccc3c(c2)OCCO3)o1,0.33935022,2.408898678,-9.7,-10.6,5.3037,487.1565773
Cc1nc(-c2ccc(F)cc2)c(-c2ccnc(NC(=O)C3CC3)c2)[nH]1,0.758070095,2.315199882,-9.1,-7.6,3.93472,336.1386394
Cn1c(N2CCNC(c3ccc(F)cc3)C2)nc(-c2ccccc2)cc1=O,0.776466779,2.767418382,-9.7,-8.8,2.7373,364.1699395
Cc1nc(C)n(-c2ccc(-c3ccnc(Nc4ccc(-n5cnc(N6CCOCC6)n5)cc4)n3)cc2)n1,0.378961247,2.779990029,-9.9,-9.3,3.50204,494.2291055
COCCN1CCC(CNC(=O)c2n[nH]c3ccc(-c4ccccc4)cc23)CC1,0.647153718,2.235827093,-8.7,-8.5,3.3181,392.2212261
CSc1nc(-c2ccccc2)c(-c2ccnc(NC(=O)C3CC3)c2)[nH]1,0.676359731,2.332860852,-8.8,-7.8,4.2091,350.1201322
N#Cc1ccc(-c2ccc(CSc3nnc(-c4ccc5c(c4)OCO5)o3)cc2)cc1,0.410876371,2.293696678,-9.5,-9.5,5.29628,413.0834123
Cn1c(N2CCNC(c3ccc(F)cc3)C2)nc(-c2ccccc2)cc1=O,0.776466779,2.767418382,-9.7,-8.8,2.7373,364.1699395
CSc1ccc(NC2=C(c3ccccc3)C(=O)NC2=O)cc1,0.673281968,2.198439841,-7.7,-7.7,2.8881,310.0775987
N#Cc1ccc(-c2ccc(CSc3nnc(-c4ccc5c(c4)OCCO5)o3)cc2)cc1,0.397746084,2.328630459,-9.4,-9.2,5.33878,427.0990624
O=C(O)c1ccc(-c2c[nH]c3cnc(NC4CCCC4)cc23)cc1,0.669893368,2.283378958,-8.6,-8.1,4.2826,321.1477268
Cc1ncn(-c2ccc(-c3ccnc(Nc4ccc(-n5cnc(N6CCOCC6)n5)cc4)n3)cc2)n1,0.391497667,2.795514694,-10.2,-9.3,3.19362,480.2134554
CCCC(=O)Nc1n[nH]c2ccc(-c3ccccn3)cc12,0.769418044,2.166620165,-8,-7.5,3.3635,280.1324111
COCCN1CCC(CNC(=O)c2n[nH]c3ccc(-c4ccccc4)cc23)CC1,0.647153718,2.235827093,-8.8,-8.6,3.3181,392.2212261
O=C(Nc1n[nH]c2ncc(-c3ccccc3)cc12)C1CC1,0.773390379,2.155164175,-8.5,-7.9,2.9734,278.1167611
c1ccc(-c2ccc(CSc3nnc(-c4ccc5c(c4)OCCO5)o3)cc2)cc1,0.412852211,2.143259086,-9.4,-9,5.4671,402.1038134
N#Cc1ccc(-c2ccc(CSc3nnc(-c4ccc5c(c4)OCCO5)o3)cc2)cc1,0.397746084,2.328630459,-9.5,-9.5,5.33878,427.0990624
Cn1cc(C2=C(c3ccccc3)C(=O)NC2=O)c2ccccc21,0.74005506,2.152761451,-8.5,-8.3,2.7455,302.1055277
O=C1NC(=O)C(c2cn(CCCN3CCOCC3)c3ccccc23)=C1c1ccccc1,0.629090111,2.407668877,-9.2,-7.6,2.9308,415.1895917
c1ccc(-c2ccc(CSc3nnc(-c4ccc5c(c4)OCCO5)o3)cc2)cc1,0.412852211,2.143259086,-9.4,-9.1,5.4671,402.1038134
c1ccc(-c2ccc(CSc3nnc(-c4ccc5c(c4)OCCO5)o3)cc2)cc1,0.412852211,2.143259086,-9.4,-9.2,5.4671,402.1038134
Cn1cc(C2=C(c3cn(CCCN4CCOCC4)c4ccccc34)C(=O)NC2=O)c2ccccc21,0.440541409,2.644305013,-9.6,-8.3,3.4225,468.2161408
COCCN1CCC(CNC(=O)c2n[nH]c3ccc(-c4ccccc4)cc23)CC1,0.647153718,2.235827093,-8.8,-8.5,3.3181,392.2212261
COC1CCC(Nc2ncc3ccc(=O)n(C(C)C)c3n2)CC1,0.939029798,2.61886995,-7.5,-7.5,2.7419,316.189926
c1ccc(-c2ccc(CSc3nnc(-c4ccc5c(c4)OCO5)o3)cc2)cc1,0.425315534,2.104144358,-9.4,-8.9,5.4246,388.0881634
COc1ccccc1C1=C(c2cn(CCCN3CCOCC3)c3ncccc23)C(=O)NC1=O,0.561012828,2.608676142,-9.4,-7.8,2.3344,446.1954053
c1ccc(-c2ccc(CSc3nnc(-c4ccc5c(c4)OCCO5)o3)cc2)cc1,0.412852211,2.143259086,-9.4,-9.1,5.4671,402.1038134
Cn1cc(C2=C(c3ccccc3)C(=O)NC2=O)c2ccccc21,0.74005506,2.152761451,-8.5,-8.3,2.7455,302.1055277
CC(=O)NCCCn1cc(C2=C(c3cn(C)c4ccccc34)C(=O)NC2=O)c2ccccc21,0.356640986,2.583029916,-9.4,-8.6,3.2264,440.1848406
COCCN1CCC(CNC(=O)c2n[nH]c3ccc(-c4ccccc4)cc23)CC1,0.647153718,2.235827093,-8.7,-8.5,3.3181,392.2212261
O=C1Nc2ccccc2NC1=C1C(=O)c2ccccc21,0.717511414,2.312214734,-8.7,-8.5,2.6582,262.0742276
N#Cc1ccc(-c2ccc(CSc3nnc(-c4ccc5c(c4)OCO5)o3)cc2)cc1,0.410876371,2.293696678,-9.5,-9.4,5.29628,413.0834123
N#Cc1ccc(-c2ccc(CSc3nnc(-c4ccc5c(c4)OCO5)o3)cc2)cc1,0.410876371,2.293696678,-9.5,-9.4,5.29628,413.0834123
N#Cc1ccc(-c2ccc(CSc3nnc(-c4ccc5c(c4)OCO5)o3)cc2)cc1,0.410876371,2.293696678,-9.3,-9.3,5.29628,413.0834123
Cc1ncn(-c2ccc(-c3ccc(CSc4nnc(-c5ccc6c(c5)OCO6)o4)cc3)cc2)n1,0.309116734,2.558522905,-10.3,-9.6,5.31372,469.1208605
c1ccc(-c2ccc(CSc3nnc(-c4ccc5c(c4)OCCO5)o3)cc2)cc1,0.412852211,2.143259086,-9.3,-8.4,5.4671,402.1038134
COCCN1CCC(CNC(=O)c2n[nH]c3ccc(-c4ccccc4)cc23)CC1,0.647153718,2.235827093,-8.8,-8.6,3.3181,392.2212261
Cn1c(N2CCNC(c3ccc(Cl)cc3)C2)nc(-c2ccccc2)cc1=O,0.757395061,2.76283495,-9.4,-8.6,3.2516,380.140389
Cc1ncn(-c2ccc(Nc3nccc(-c4ccc(-n5cnc(-c6ccccc6)n5)cc4)n3)cc2)n1,0.363894033,2.59839593,-10.3,-10.1,5.02402,471.1919917
N#Cc1ccc(-c2ccc(CSc3nnc(-c4ccc5c(c4)OCCO5)o3)cc2)cc1,0.397746084,2.328630459,-9.5,-9.6,5.33878,427.0990624
O=C(Nc1n[nH]c2ncc(-c3ccccc3)cc12)C1CC1,0.773390379,2.155164175,-8.5,-8,2.9734,278.1167611
c1ccc(-c2ccc(CSc3nnc(-c4ccc5c(c4)OCCO5)o3)cc2)cc1,0.412852211,2.143259086,-9.4,-8.4,5.4671,402.1038134
c1ccc(-c2ccc(CSc3nnc(-c4ccc5c(c4)OCO5)o3)cc2)cc1,0.425315534,2.104144358,-9.4,-8.9,5.4246,388.0881634
O=C(Nc1n[nH]c2ncc(-c3ccccc3)cc12)C1CC1,0.773390379,2.155164175,-8.5,-7.9,2.9734,278.1167611
Cn1cc(C2=C(c3cn(CCCN4CCOCC4)c4ccccc34)C(=O)NC2=O)c2cc(Cl)ccc21,0.40343113,2.725301044,-9.8,-8.7,4.0759,502.1771684
c1ccc(-c2ccc(CSc3nnc(-c4ccc5c(c4)OCCO5)o3)cc2)cc1,0.412852211,2.143259086,-9.4,-9,5.4671,402.1038134
CSc1nc(-c2ccc(F)cc2)c(C2=CC=NC(Nc3ccc(NC(=O)c4ccc(N5CCOCC5)cc4)cc3)=NC=C2)n1C,0.229326086,3.233534458,-9.7,-8.1,6.4866,621.2322225
COCCN1CCC(CNC(=O)c2n[nH]c3ccc(-c4ccccc4)cc23)CC1,0.647153718,2.235827093,-8.8,-8.5,3.3181,392.2212261
c1ccc(-c2ccc(CSc3nnc(-c4ccc5c(c4)OCO5)o3)cc2)cc1,0.425315534,2.104144358,-9.4,-8.9,5.4246,388.0881634
c1ccc(-c2ccc(CSc3nnc(-c4ccc5c(c4)OCO5)o3)cc2)cc1,0.425315534,2.104144358,-9.4,-8.9,5.4246,388.0881634
N#Cc1ccc(-c2ccc(CSc3nnc(-c4ccc5c(c4)OCO5)o3)cc2)cc1,0.410876371,2.293696678,-9.5,-9.4,5.29628,413.0834123
Cn1c(N2CCNC(c3ccc(F)cc3)C2)nc(-c2ccncc2)cc1=O,0.770469732,2.93868998,-9.6,-8.4,2.1323,365.1651885
COc1cccc(C2=C(c3cn(CCCn4ccnc4)c4ccccc34)C(=O)NC2=O)c1,0.458988628,2.577506159,-8.4,-8.5,3.5039,426.1691906
Cn1c(N2CCNC(c3ccc(F)cc3)C2)nc(-c2ccncn2)cc1=O,0.75764903,3.089091163,-9.4,-8.2,1.5273,366.1604374
O=C(Nc1n[nH]c2ncc(-c3ccccc3)cc12)C1CC1,0.773390379,2.155164175,-8.5,-8,2.9734,278.1167611
O=C(NCC1CCN(CCc2ccccc2)CC1)c1c[nH]c2ncc(-c3ccc(Cl)cc3)cc12,0.369475978,2.322766939,-8.6,-9,5.5678,472.2029892
N#Cc1ccc(-c2ccc(CSc3nnc(-c4ccc5c(c4)OCCO5)o3)cc2)cc1,0.397746084,2.328630459,-9.5,-9.4,5.33878,427.0990624
CNC(=O)c1sc(-c2ccnc(NC(=O)C3CC3)c2)nc1OCCCCCCCCCCCCOc1cccc(-c2ccnc(NC(=O)C3CC3)c2)n1,0.067818769,3.272852583,-8.4,-7.2,8.0775,739.3515887
O=C(Nc1cc(-c2[nH]c(-c3ccc(F)cc3)nc2-c2ccc(F)cc2)ccn1)C1CC1,0.455597278,2.307570946,-10.4,-8.4,5.4324,416.1448676
c1ccc(-c2ccc(CSc3nnc(-c4ccc5c(c4)OCO5)o3)cc2)cc1,0.425315534,2.104144358,-9.4,-8.9,5.4246,388.0881634
O=C(Nc1n[nH]c2ncc(-c3ccccc3)cc12)C1CC1,0.773390379,2.155164175,-8.5,-8,2.9734,278.1167611
Cn1c(N2CCNC(c3ccccc3)C2)nc(-c2ccccc2)cc1=O,0.791980657,2.705027905,-9.3,-8.4,2.5982,346.1793613
O=C(Nc1n[nH]c2ncc(-c3ccccc3)cc12)C1CC1,0.773390379,2.155164175,-8.5,-7.9,2.9734,278.1167611
N#Cc1ccc(-c2ccc(CSc3nnc(-c4ccc5c(c4)OCCO5)o3)cc2)cc1,0.397746084,2.328630459,-9.4,-9.5,5.33878,427.0990624
c1ccc(-c2ccc(CSc3nnc(-c4ccc5c(c4)OCO5)o3)cc2)cc1,0.425315534,2.104144358,-9.4,-8.9,5.4246,388.0881634
COCCN1CCC(CNC(=O)c2n[nH]c3ccc(-c4ccccc4)cc23)CC1,0.647153718,2.235827093,-8.8,-8.6,3.3181,392.2212261
c1ccc(-c2ccc(CSc3nnc(-c4ccc5c(c4)OCCO5)o3)cc2)cc1,0.412852211,2.143259086,-9.4,-9.1,5.4671,402.1038134
O=C(Nc1cc(-c2[nH]c(-c3ccc(F)cc3)cc2-c2ccc(F)cc2)ccn1)C1CC1,0.417650996,2.338847697,-10.8,-8.5,6.0374,415.1496187
O=C(NCC1CCCN(Cc2ccccc2)CC1)c1ncnc2[nH]c(-c3ccc(F)cc3)cc12,0.436397898,2.855568317,-10.1,-9.3,4.7961,457.2277887
O=C1NC(=O)C(c2cn(CCCN3CCOCC3)c3ccccc23)=C1c1ccccc1,0.629090111,2.407668877,-9.2,-7.6,2.9308,415.1895917
c1ccc(-c2ccc(CSc3nnc(-c4ccc5c(c4)OCCO5)o3)cc2)cc1,0.412852211,2.143259086,-9.4,-9.1,5.4671,402.1038134
O=C(Nc1cc(-c2ccnc(Nc3ccc(N4CCOCC4)cc3)c2)ccn1)C1CC1,0.631791486,2.321233881,-9.2,-8.8,4.0723,415.200825
N#Cc1ccc(-c2ccc(CSc3nnc(-c4ccc5c(c4)OCCO5)o3)cc2)cc1,0.397746084,2.328630459,-9.4,-9.5,5.33878,427.0990624
N=C1NC(=O)C(=Cc2ccc(-c3ccc(S(N)(=O)=O)cc3)o2)S1,0.727500958,2.751821985,-8.3,-7.8,1.73267,349.0190978
O=C(NCC1CCN(Cc2ccccc2)CC1)c1n[nH]c2ccc(-c3ccccc3)cc12,0.464120718,2.146793483,-8.8,-9.5,4.8719,424.2263115
Cc1ncn(-c2ccc(Nc3nccc(-c4ccc(-n5cnc(-c6ccccc6)n5)cc4)n3)cc2)n1,0.363894033,2.59839593,-10.3,-10.2,5.02402,471.1919917
Cn1c(N2CCNC(c3ccccc3)C2)nc(-c2ccc(Cl)cn2)cc1=O,0.75527413,2.96587637,-9.4,-8.5,2.6466,381.1356379
O=C1NC(=O)C(c2cn(CCCN3CCOCC3)c3ccccc23)=C1c1cn(CCCO)c2ccccc12,0.336278322,2.763409564,-9.4,-8.1,3.2679,512.2423555
O=C(O)c1ccc(CN2CCC(CNC(=O)c3ccnc4[nH]c(-c5ccc(F)cc5)cc34)CC2)o1,0.366730799,2.612458617,-9.5,-8.9,4.3022,476.1859835
N#Cc1ccc(-c2ccc(CSc3nnc(-c4ccc5c(c4)OCO5)o3)cc2)cc1,0.410876371,2.293696678,-9.1,-9.4,5.29628,413.0834123
O=C(Nc1cc(-c2[nH]c(-c3ccc(F)cc3)nc2-c2ccc(F)cc2)ccn1)C1CC1,0.455597278,2.307570946,-10.4,-8.5,5.4324,416.1448676
Cn1cc(C2=C(c3cn(CCCN4CCOCC4)c4ccccc34)C(=O)NC2=O)c2ccccc21,0.440541409,2.644305013,-9.7,-8.3,3.4225,468.2161408
Cc1nc(-c2ccc(Cl)cc2)c(-c2ccnc(NC(=O)C3CC3)c2)[nH]1,0.728338929,2.310164562,-9,-8,4.44902,352.1090888
Cc1nc(-c2ccc(F)cc2)c(-c2ccnc(NC(=O)C3CC3)c2)[nH]1,0.758070095,2.315199882,-9.1,-7.7,3.93472,336.1386394
Cn1cc(C2=C(c3ccccc3Cl)C(=O)NC2=O)c2ccccc21,0.72915021,2.240077148,-8.6,-8.4,3.3989,336.0665553
CC(C)NCCCn1cc(C2=C(c3ccccc3)C(=O)NC2=O)c2ccccc21,0.480986728,2.383738323,-8.7,-8.1,3.5966,387.194677
Cn1cc(C2=C(c3ccccc3)C(=O)NC2=O)c2ccccc21,0.74005506,2.152761451,-8.5,-8.2,2.7455,302.1055277
c1ccc(-c2ccc(CSc3nnc(-c4ccc5c(c4)OCCO5)o3)cc2)cc1,0.412852211,2.143259086,-9.4,-9,5.4671,402.1038134
c1ccc(-c2ccc(CSc3nc(-c4ccccc4)co3)cc2)cc1,0.397642106,2.065062313,-8.7,-8,6.3009,343.1030852
O=C1NC(=O)C(c2ccccc2)=C1Nc1cc(Cl)c(O)c(Cl)c1,0.587526714,2.35591934,-7.9,-8.2,3.1786,348.0068475
c1ccc(-c2ccc(CSc3nnc(-c4ccc5c(c4)OCO5)o3)cc2)cc1,0.425315534,2.104144358,-9.4,-8.9,5.4246,388.0881634
CNC(=O)c1sc(-c2ccnc(NC(=O)C3CCC3)c2)nc1OCC1CC1,0.762682568,2.647707541,-8.1,-7.1,3.0921,386.1412616
O=C(Nc1ccc(Nc2nccc(-c3ccccc3)n2)cc1)c1ccccc1,0.513166651,1.754332104,-9.6,-8.9,5.1395,366.1480612
N#Cc1ccc(-c2ccc(CSc3nnc(-c4ccc5c(c4)OCO5)o3)cc2)cc1,0.410876371,2.293696678,-9.3,-9.5,5.29628,413.0834123
NS(=O)(=O)c1ccc(-c2ccc3[nH]nc(-c4ccc(C(=O)O)cc4)c3c2)cc1,0.490554726,2.107893231,-9.5,-9.3,3.2425,393.078327
c1cc(-c2ccc(N3CCOCC3)cc2)ccc1CSc1nnc(-c2ccc3c(c2)OCCO3)o1,0.33935022,2.408898678,-9.7,-10.6,5.3037,487.1565773
Cn1c(N2CCNC(c3ccc(Cl)cc3)C2)nc(-c2ccccc2)cc1=O,0.757395061,2.76283495,-9.3,-8.6,3.2516,380.140389
Cn1cc(C2=C(c3cn(C)c4ccccc34)C(=O)NC2=O)c2ccccc21,0.561396223,2.41960808,-9,-8.3,3.2372,355.1320768
CCCC(=O)Nc1n[nH]c2ncc(-c3ccc(O)cc3)cc12,0.689730051,2.301415665,-8.1,-7.8,3.0691,296.1273258
c1ccc(-c2ccc(CSc3nnc(-c4ccc5c(c4)OCCO5)o3)cc2)cc1,0.412852211,2.143259086,-9.4,-9.1,5.4671,402.1038134
O=C(Nc1cc(-c2[nH]c(-c3ccc(F)cc3)nc2-c2ccc(F)cc2)ccn1)C1CC1,0.455597278,2.307570946,-10.4,-8.6,5.4324,416.1448676
Cn1cc(C2=C(c3cn(CCCN4CCOCC4)c4ccccc34)C(=O)NC2=O)c2cc(F)ccc21,0.423446921,2.73310282,-9.7,-8.6,3.5616,486.2067189
c1ccc(-c2ccc(CSc3nnc(-c4ccc5c(c4)OCO5)o3)cc2)cc1,0.425315534,2.104144358,-9.4,-8.9,5.4246,388.0881634
COCCN1CCC(CNC(=O)c2n[nH]c3ncc(-c4ccccc4)cc23)CC1,0.644898213,2.403186369,-8.8,-8.4,2.7131,393.2164751
CNC(=O)c1ccc(-c2ccnc(NC(=O)C3CC3)c2)nc1OCC1CC1,0.78570559,2.423443573,-8.6,-7.4,2.6405,366.1691906
O=C(Nc1cc(-c2[nH]c(-c3ccc(F)cc3)nc2-c2ccc(F)cc2)ccn1)C1CC1,0.455597278,2.307570946,-10.5,-8.2,5.4324,416.1448676
c1ccc(-c2ccc(CSc3nnc(-c4ccc5c(c4)OCCO5)o3)cc2)cc1,0.412852211,2.143259086,-9.4,-9,5.4671,402.1038134
c1ccc(-c2ccc(CSc3nnc(-c4ccc5c(c4)OCCO5)o3)cc2)cc1,0.412852211,2.143259086,-9.4,-9.2,5.4671,402.1038134
O=C(Nc1n[nH]c2ncc(-c3ccccc3)cc12)C1CC1,0.773390379,2.155164175,-8.5,-8,2.9734,278.1167611
O=C(NCCN1CCOCC1)c1ccc(Nc2nccc(-c3cnn4ncccc34)n2)cc1,0.445462388,2.601570716,-9.3,-8.9,1.9919,444.202222
O=C(O)CN1CCC(CNC(=O)c2n[nH]c3ccc(-c4ccccc4)cc23)CC1,0.599180564,2.23850613,-9.3,-8.9,2.7563,392.1848406
O=C(Nc1n[nH]c2ncc(-c3ccccc3)cc12)C1CC1,0.773390379,2.155164175,-8.5,-7.9,2.9734,278.1167611
Cn1cc(C2=C(c3ccccc3)C(=O)NC2=O)c2ccccc21,0.74005506,2.152761451,-8.5,-8.2,2.7455,302.1055277
COCCN1CCC(CNC(=O)c2n[nH]c3ccc(-c4ccc(Cl)cc4)cc23)CC1,0.599300035,2.296246977,-8.9,-8,3.9715,426.1822538
O=C(Nc1cc(-c2[nH]c(-c3ccc(F)cc3)nc2-c2ccc(F)cc2)ccn1)C1CC1,0.455597278,2.307570946,-10.3,-8.7,5.4324,416.1448676
O=C(Nc1cc(-c2ccnc(Nc3ccccc3)c2)ccn1)C1CC1,0.73426779,2.063729845,-8.5,-8.2,4.2357,330.1480612
N#Cc1ccc(-c2ccc(CSc3nnc(-c4ccc5c(c4)OCO5)o3)cc2)cc1,0.410876371,2.293696678,-9.5,-7.8,5.29628,413.0834123
COCCN1CCC(CNC(=O)c2n[nH]c3ccc(-c4ccc(OC)cc4)cc23)CC1,0.582175719,2.292246781,-8.8,-8.2,3.3267,422.2317908
COCCN1CCC(CNC(=O)c2n[nH]c3ccc(-c4ccccc4)cc23)CC1,0.647153718,2.235827093,-8.7,-8.6,3.3181,392.2212261
c1ccc(-c2ccc(CSc3nnc(-c4ccc5c(c4)OCO5)o3)cc2)cc1,0.425315534,2.104144358,-9.3,-9,5.4246,388.0881634
c1ccc(-c2ccc(CSc3nnc(-c4ccc5c(c4)OCCO5)o3)cc2)cc1,0.412852211,2.143259086,-9.4,-9.2,5.4671,402.1038134
O=C(NC1CCCCC1)c1n[nH]c2ccc(-c3ccccc3)cc12,0.756260893,2.003689575,-9.2,-8.7,4.2924,319.1684623
CNC(=O)c1sc(-c2ccnc(NC(=O)C3CC3)c2)nc1OCCCCCCCCCCCCOc1cccc(-c2ccnc(NC(=O)C3CC3)c2)n1,0.067818769,3.272852583,-7.8,-7.4,8.0775,739.3515887
Cn1c(N2CCNC(c3ccc(Cl)cc3)C2)nc(-c2ccccn2)cc1=O,0.75527413,2.93911069,-9.2,-8.4,2.6466,381.1356379
COCCN1CCC(CNC(=O)c2n[nH]c3ccc(-c4ccccc4)cc23)CC1,0.647153718,2.235827093,-8.8,-8.7,3.3181,392.2212261
c1ccc(-c2ccc(CSc3nnc(-c4ccc5c(c4)OCO5)o3)cc2)cc1,0.425315534,2.104144358,-9.4,-8.9,5.4246,388.0881634
N#Cc1ccc(-c2ccc(CSc3nnc(-c4ccc5c(c4)OCO5)o3)cc2)cc1,0.410876371,2.293696678,-9.5,-9.5,5.29628,413.0834123
c1ccc(-c2ccc(CSc3nnc(-c4ccc5c(c4)OCO5)o3)cc2)cc1,0.425315534,2.104144358,-9.4,-8.9,5.4246,388.0881634
Cn1cc(C2=C(c3ccccc3)C(=O)NC2=O)c2cc(F)ccc21,0.738264262,2.27241199,-8.6,-8.4,2.8846,320.0961059
CSc1nc(-c2ccc(F)cc2)c(-c2ccnc(Nc3ccc(NC(=O)c4ccc(F)cc4)cc3)c2)[nH]1,0.201656924,2.428901761,-9.9,-9.8,7.1347,513.1434877
c1ccc(-c2ccc(CSc3nnc(-c4ccc5c(c4)OCCO5)o3)cc2)cc1,0.412852211,2.143259086,-9.4,-9,5.4671,402.1038134
COCCN1CCC(CNC(=O)c2n[nH]c3cc(-c4ccc(Cl)cc4)ccc23)CC1,0.599300035,2.300408781,-8.7,-8.2,3.9715,426.1822538
COCCN1CCC(CNC(=O)c2n[nH]c3ccc(-c4ccccc4Cl)cc23)CC1,0.599300035,2.340632653,-8.9,-8.8,3.9715,426.1822538
c1ccc(-c2ccc(CSc3nnc(-c4ccc5c(c4)OCCO5)o3)cc2)cc1,0.412852211,2.143259086,-9.4,-9.1,5.4671,402.1038134
c1ccc(-c2ccc(CSc3nnc(-c4ccc5c(c4)OCO5)o3)cc2)cc1,0.425315534,2.104144358,-9.4,-8.9,5.4246,388.0881634
O=C(Nc1cc(-c2ccnc(Nc3ccc(N4CCOCC4)cc3)c2)ccn1)C1CC1,0.631791486,2.321233881,-9.4,-8.8,4.0723,415.200825
N#Cc1ccc(-c2ccc(CSc3nnc(-c4ccc5c(c4)OCCO5)o3)cc2)cc1,0.397746084,2.328630459,-9.3,-9.5,5.33878,427.0990624
O=C1NC(=O)C(c2ccccc2)=C1Nc1cccc(C(=O)O)c1,0.749380567,2.107175749,-8.6,-8.4,1.8644,308.0797069
CCCC(=O)Nc1n[nH]c2ncc(-c3ccc(Cl)cc3)cc12,0.763814227,2.223081599,-8.2,-7.2,4.0169,314.0934388
N#Cc1ccc(-c2ccc(CSc3nnc(-c4ccc5c(c4)OCO5)o3)cc2)cc1,0.410876371,2.293696678,-8.9,-8.1,5.29628,413.0834123
FC(F)(F)c1ccc(Nc2nccc(-c3ccn4ncccc34)n2)cc1,0.585585214,2.447295336,-8.9,-8.3,4.5537,355.10448
Cn1c(N2CCNC(c3ccc(Cl)cc3)C2)nc(-c2ccncn2)cc1=O,0.746716529,3.084507731,-9.1,-8.3,2.0416,382.1308869
O=C(Nc1cc(-c2[nH]c(-c3ccc(F)cc3)nc2-c2ccc(F)cc2)ccn1)C1CC1,0.455597278,2.307570946,-10.2,-8.1,5.4324,416.1448676
N#Cc1ccc(-c2ccc(CSc3nnc(-c4ccc5c(c4)OCO5)o3)cc2)cc1,0.410876371,2.293696678,-9.4,-9.2,5.29628,413.0834123
COCCN1CCC(CNC(=O)c2n[nH]c3ccc(-c4ccccc4)cc23)CC1,0.647153718,2.235827093,-8.8,-8.6,3.3181,392.2212261
c1ccc(-c2ccc(CSc3nnc(-c4ccc5c(c4)OCO5)o3)cc2)cc1,0.425315534,2.104144358,-9.4,-8.9,5.4246,388.0881634
Cn1cc(C2=C(c3ccccc3)C(=O)NC2=O)c2ccccc21,0.74005506,2.152761451,-8.5,-8.3,2.7455,302.1055277
c1cc(-c2ccc(N3CCOCC3)cc2)cc(Nc2ccc(-n3cnc(N4CCOCC4)n3)cc2)n1,0.44430503,2.607727622,-9.7,-9,3.7461,483.2382732
O=C(Nc1cc(-c2[nH]c(-c3ccc(F)cc3)nc2-c2ccc(F)cc2)ccn1)C1CC1,0.455597278,2.307570946,-10.3,-8.6,5.4324,416.1448676
O=C(Nc1n[nH]c2ncc(-c3ccccc3)cc12)C1CC1,0.773390379,2.155164175,-8.5,-8,2.9734,278.1167611
N#Cc1ccc(-c2ccc(CSc3nnc(-c4ccc5c(c4)OCO5)o3)cc2)cc1,0.410876371,2.293696678,-8.9,-9.5,5.29628,413.0834123
Fc1cccc(F)c1Nc1nc2cnc(NC3CCCCC3)cc2n1C1CCCC1,0.51630396,2.645201305,-9.5,-8.3,6.3128,411.2234523
c1ccc(-c2ccc(CSc3nnc(-c4ccc5c(c4)OCCO5)o3)cc2)cc1,0.412852211,2.143259086,-9.4,-9,5.4671,402.1038134
Cn1cc(C2=C(c3coc4ccccc34)C(=O)NC2=O)c2ccccc21,0.567245536,2.465095951,-9.3,-8.9,3.4917,342.1004423
c1ccc(-c2ccc(CSc3nnc(-c4ccc5c(c4)OCCO5)o3)cc2)cc1,0.412852211,2.143259086,-9.4,-9.1,5.4671,402.1038134
Cc1ncn(-c2ccc(Nc3nccc(-c4ccnc(Nc5ccc(Cl)c(Cl)c5)n4)n3)cc2)n1,0.316164512,2.621891582,-9.6,-9.6,5.61672,489.0983969
N#Cc1ccc(-c2ccc(CSc3nnc(-c4ccc5c(c4)OCO5)o3)cc2)cc1,0.410876371,2.293696678,-9.5,-9.4,5.29628,413.0834123
N=C1NC(=O)C(=Cc2ccc(-c3ccc(Cl)c(Cl)c3)o2)S1,0.797589161,2.769090557,-7.9,-8.2,4.39207,337.9683539
N#Cc1ccc(-c2ccc(CSc3nnc(-c4ccc5c(c4)OCCO5)o3)cc2)cc1,0.397746084,2.328630459,-9.4,-9.5,5.33878,427.0990624
c1ccc(-c2ccc(CSc3nnc(-c4ccc5c(c4)OCO5)o3)cc2)cc1,0.425315534,2.104144358,-9.4,-8.9,5.4246,388.0881634
O=C(Nc1cc(-c2[nH]c(-c3ccc(F)cc3)nc2-c2ccc(F)cc2)ccn1)C1CC1,0.455597278,2.307570946,-10.4,-8.4,5.4324,416.1448676
O=C1NC(=O)C(c2ccccc2)=C1Nc1cc(Cl)c(O)c(Cl)c1,0.587526714,2.35591934,-7.9,-8.2,3.1786,348.0068475
N#Cc1ccc(-c2ccc(CSc3nnc(-c4ccc5c(c4)OCO5)o3)cc2)cc1,0.410876371,2.293696678,-9,-8.1,5.29628,413.0834123
c1ccc(-c2ccc(CSc3nnc(-c4ccc5c(c4)OCCO5)o3)cc2)cc1,0.412852211,2.143259086,-9.4,-8.4,5.4671,402.1038134
CC(C)NCCCn1cc(C2=C(c3ccccc3)C(=O)NC2=O)c2ccccc21,0.480986728,2.383738323,-8.7,-7.2,3.5966,387.194677
c1ccc(-c2ccc(CSc3nnc(-c4ccc5c(c4)OCO5)o3)cc2)cc1,0.425315534,2.104144358,-9.4,-8.9,5.4246,388.0881634
O=C(O)CN1CCC(CNC(=O)c2n[nH]c3ccc(-c4ccccc4)cc23)CC1,0.599180564,2.23850613,-9.2,-8.9,2.7563,392.1848406
Clc1ccc(Nc2nccc(-c3cnn4ncccc34)n2)cc1Cl,0.594122222,2.508098079,-8.7,-8.3,4.2367,356.0343997
N#Cc1ccc(-c2ccc(CSc3nnc(-c4ccc5c(c4)OCCO5)o3)cc2)cc1,0.397746084,2.328630459,-9.4,-9.7,5.33878,427.0990624
COCCN1CCC(CNC(=O)c2n[nH]c3ccc(-c4ccccc4)cc23)CC1,0.647153718,2.235827093,-8.8,-8.6,3.3181,392.2212261
Cn1cc(C2=C(c3cn(CCCN)c4ccccc34)C(=O)NC2=O)c2ccccc21,0.507118813,2.5563955,-8.8,-8.1,3.049,398.1742759
Cn1cc(C2=C(c3cn(CCCN4CCOCC4)c4ncccc34)C(=O)NC2=O)c2cc(Br)ccc21,0.372968774,2.872895719,-9.7,-8.4,3.58,547.1219018
c1ccc(-c2ccc(CSc3nnc(-c4ccc5c(c4)OCO5)o3)cc2)cc1,0.425315534,2.104144358,-9.4,-8.9,5.4246,388.0881634
O=C1NC(=O)C(c2ccc(Cl)cc2)=C1Nc1cc(Cl)c(O)c(Cl)c1,0.555832498,2.415146091,-8.1,-7.9,3.832,381.9678752
COc1ccc(C2=C(c3cn(C)c4ccccc34)C(=O)NC2=O)cc1OC,0.724833369,2.285521306,-8.5,-8.3,2.7627,362.1266571
c1ccc(-c2ccc(CSc3nnc(-c4ccc5c(c4)OCO5)o3)cc2)cc1,0.425315534,2.104144358,-9.4,-8.9,5.4246,388.0881634
c1ccc(-c2ccc(CSc3nnc(-c4ccc5c(c4)OCO5)o3)cc2)cc1,0.425315534,2.104144358,-9.4,-8.9,5.4246,388.0881634
O=C(Nc1cc(-c2[nH]c(-c3ccc(F)cc3)nc2-c2ccc(Cl)cc2)ccn1)C1CC1,0.409246015,2.303554006,-10.4,-8.6,5.9467,432.1153171
N#Cc1ccc(-c2ccc(CSc3nnc(-c4ccc5c(c4)OCCO5)o3)cc2)cc1,0.397746084,2.328630459,-9.4,-9.2,5.33878,427.0990624
CC1CN(c2ccccc2)CCN1c1nc(-c2ccncn2)cc(=O)n1C,0.709492857,2.950812465,-9,-8.1,1.9524,362.1855093
N#Cc1ccc(-c2ccc(CSc3nnc(-c4ccc5c(c4)OCO5)o3)cc2)cc1,0.410876371,2.293696678,-9,-9.4,5.29628,413.0834123
c1ccc(-c2ccc(CSc3nnc(-c4ccc5c(c4)OCCO5)o3)cc2)cc1,0.412852211,2.143259086,-9.4,-9.1,5.4671,402.1038134
c1ccc(-c2ccc(CSc3nnc(-c4ccc5c(c4)OCO5)o3)cc2)cc1,0.425315534,2.104144358,-9.4,-9.1,5.4246,388.0881634
COc1ccc(C2=C(c3cn(C)c4ccccc34)C(=O)NC2=O)cc1OC,0.724833369,2.285521306,-8.2,-8.4,2.7627,362.1266571
O=C(Nc1cc(-c2[nH]c(-c3ccc(F)cc3)nc2-c2ccc(F)cc2)ccn1)C1CC1,0.455597278,2.307570946,-10.4,-8.6,5.4324,416.1448676
O=C(Nc1cc(-c2[nH]c(-c3ccc(F)cc3)nc2-c2ccc(F)cc2)ccn1)C1CC1,0.455597278,2.307570946,-10.4,-8.6,5.4324,416.1448676
N#Cc1ccc(-c2ccc(CSc3nnc(-c4ccc5c(c4)OCO5)o3)cc2)cc1,0.410876371,2.293696678,-9.3,-9.3,5.29628,413.0834123
CC(C)NCCCn1cc(C2=C(c3ccccc3)C(=O)NC2=O)c2ccccc21,0.480986728,2.383738323,-8.8,-7.2,3.5966,387.194677
c1ccc(-c2ccc(CSc3nnc(-c4ccc5c(c4)OCO5)o3)cc2)cc1,0.425315534,2.104144358,-9.4,-8.9,5.4246,388.0881634
N#Cc1ccc(-c2ccc(CSc3nnc(-c4ccc5c(c4)OCO5)o3)cc2)cc1,0.410876371,2.293696678,-9.4,-9.4,5.29628,413.0834123
O=C(Nc1cc(-c2[nH]c(-c3ccc(F)cc3)nc2-c2ccc(Cl)cc2)ccn1)C1CC1,0.409246015,2.303554006,-10.6,-8.4,5.9467,432.1153171
Cn1cc(C2=C(c3cn(CCCn4ccnc4)c4ccccc34)C(=O)NC2=O)c2ccccc21,0.398582456,2.717365708,-9.6,-8.3,3.987,449.185175
COCCN1CCC(CNC(=O)c2n[nH]c3ccc(-c4ccccc4)cc23)CC1,0.647153718,2.235827093,-8.8,-8.7,3.3181,392.2212261
O=C(Nc1n[nH]c2ccc(-c3ccccn3)cc12)C1CC1,0.773390379,2.163185865,-8.6,-8,2.9734,278.1167611
N#Cc1ccc(-c2ccc(CSc3nnc(-c4ccc5c(c4)OCCO5)o3)cc2)cc1,0.397746084,2.328630459,-9.4,-8.7,5.33878,427.0990624
CNC(=O)c1sc(-c2ccnc(NC(=O)C3CC3)c2)nc1OCCCCCCCCCCCCCCCCCCCOc1cccc(-c2ccnc(NC(=O)C3CC3)c2)n1,0.045278891,3.463448927,-7.9,-7,10.8082,837.4611391
COCCN1CCC(CNC(=O)c2n[nH]c3ccc(-c4ccccc4)cc23)CC1,0.647153718,2.235827093,-8.8,-8.6,3.3181,392.2212261
c1ccc(-c2ccc(CSc3nnc(-c4ccc5c(c4)OCO5)o3)cc2)cc1,0.425315534,2.104144358,-9.4,-8.9,5.4246,388.0881634
N#Cc1ccc(-c2ccc(CSc3nnc(-c4ccc5c(c4)OCCO5)o3)cc2)cc1,0.397746084,2.328630459,-9.5,-9.6,5.33878,427.0990624
CCCN1CCC(CNC(=O)c2n[nH]c3ccc(-c4cccc(F)c4F)cc23)CC1,0.632460746,2.416396394,-9,-8.9,4.3599,412.2074679
O=C(Nc1n[nH]c2ncc(-c3ccccc3)cc12)C1CC1,0.773390379,2.155164175,-8.4,-7.9,2.9734,278.1167611
CCCC(=O)Nc1n[nH]c2ccc(-c3ccccn3)cc12,0.769418044,2.166620165,-8,-7.6,3.3635,280.1324111
N#Cc1ccc(-c2ccc(CSc3nnc(-c4ccc5c(c4)OCO5)o3)cc2)cc1,0.410876371,2.293696678,-9.3,-9.5,5.29628,413.0834123
c1ccc(-c2ccc(CSc3nnc(-c4ccc5c(c4)OCCO5)o3)cc2)cc1,0.412852211,2.143259086,-9.4,-9.2,5.4671,402.1038134
c1ccc(-c2ccc(CSc3nnc(-c4ccc5c(c4)OCO5)o3)cc2)cc1,0.425315534,2.104144358,-9.4,-8.9,5.4246,388.0881634
COCCN1CCC(CNC(=O)c2n[nH]c3ccc(-c4ccccc4)cc23)CC1,0.647153718,2.235827093,-8.8,-8.5,3.3181,392.2212261
COCCN1CCC(CNC(=O)c2n[nH]c3ccc(-c4ccccc4)cc23)CC1,0.647153718,2.235827093,-8.8,-8.6,3.3181,392.2212261
O=C(O)c1ccc(CCN2CCC(CNC(=O)c3n[nH]c4oc(-c5ccc(Cl)cc5)cc34)CC2)o1,0.328806816,2.91454468,-9.5,-9.1,4.452,496.1513476
c1ccc(-c2ccc(CSc3nnc(-c4ccc5c(c4)OCCO5)o3)cc2)cc1,0.412852211,2.143259086,-9.4,-9,5.4671,402.1038134
O=C1CCC(N2C(=O)c3cccc(OCCCNCCCCCCOc4nccc(-c5ccnc(NC(=O)C6CC6)c5)n4)c3C2=O)C(=O)N1,0.14172043,3.634695158,-9.5,-8.2,3.2862,669.2910966
N#Cc1ccc(-c2ccc(CSc3nnc(-c4ccc5c(c4)OCO5)o3)cc2)cc1,0.410876371,2.293696678,-8.9,-9.4,5.29628,413.0834123
N#Cc1ccc(-c2ccc(CSc3nnc(-c4ccc5c(c4)OCO5)o3)cc2)cc1,0.410876371,2.293696678,-9.5,-9.5,5.29628,413.0834123
O=C(Nc1cc(-c2[nH]c(-c3ccncc3)cc2-c2ccc(F)cc2)ccn1)C1CC1,0.47961809,2.428589152,-10,-8.5,5.2933,398.1542894
O=C1NC(=O)C(c2ccc(Cl)cc2)=C1Nc1cc(Cl)c(O)c(Cl)c1,0.555832498,2.415146091,-8.1,-7.9,3.832,381.9678752
O=C(Nc1cc(-c2[nH]c(-c3ccc(F)cc3)nc2-c2ccc(F)cc2)ccn1)C1CC1,0.455597278,2.307570946,-10.4,-8.6,5.4324,416.1448676
c1ccc(-c2ccc(CSc3nnc(-c4ccc5c(c4)OCCO5)o3)cc2)cc1,0.412852211,2.143259086,-9.4,-9,5.4671,402.1038134
c1ccc(-c2ccc(CSc3nnc(-c4ccc5c(c4)OCCO5)o3)cc2)cc1,0.412852211,2.143259086,-9.4,-9,5.4671,402.1038134
NCCCn1cc(C2=C(c3ccccc3)C(=O)NC2=O)c2ccccc21,0.697832485,2.310877489,-8.1,-7.7,2.5573,345.1477268
NC(=O)c1sc(-c2ccnc(NC(=O)C3CC3)c2)nc1OCC1CC1,0.790332057,2.594948159,-7.6,-7.2,2.4413,358.1099614
Cn1cc(C2=C(c3cn(CCCNS(C)(=O)=O)c4ccccc34)C(=O)NC2=O)c2ccccc21,0.316229106,2.679479169,-9.7,-8.5,2.6395,476.1518262
O=C(Nc1cc(-c2[nH]c(-c3ccc(F)cc3)nc2-c2ccc(F)cc2)ccn1)C1CC1,0.455597278,2.307570946,-10.3,-8.6,5.4324,416.1448676
Cc1ncn(-c2ccc(-c3ccnc(Nc4ccc(-n5cnc(N6CCOCC6)n5)cc4)n3)cc2)n1,0.391497667,2.795514694,-10.2,-9.3,3.19362,480.2134554
c1ccc(-c2ccc(CSc3nnc(-c4ccc5c(c4)OCO5)o3)cc2)cc1,0.425315534,2.104144358,-9.4,-8.9,5.4246,388.0881634
N#Cc1ccc(-c2ccc(CSc3nnc(-c4ccc5c(c4)OCO5)o3)cc2)cc1,0.410876371,2.293696678,-9.6,-9.1,5.29628,413.0834123
Cc1ncn(-c2ccc(-c3ccnc(Nc4ccc(-n5cnc(N6CCOCC6)n5)cc4)n3)cc2)n1,0.391497667,2.795514694,-10.2,-9.3,3.19362,480.2134554
N=C1NC(=O)C(=Cc2ccc(-c3ccc(S(N)(=O)=O)cc3)o2)S1,0.727500958,2.751821985,-8.3,-7.8,1.73267,349.0190978
N#Cc1ccc(-c2ccc(CSc3nnc(-c4ccc5c(c4)OCO5)o3)cc2)cc1,0.410876371,2.293696678,-9.5,-9.1,5.29628,413.0834123
c1ccc(-c2ccc(CSc3nnc(-c4ccc5c(c4)OCO5)o3)cc2)cc1,0.425315534,2.104144358,-9.4,-8.9,5.4246,388.0881634
c1ccc(-c2ccc(CSc3nnc(-c4ccc5c(c4)OCO5)o3)cc2)cc1,0.425315534,2.104144358,-9.4,-8.9,5.4246,388.0881634
Cc1nc(-c2ccc(Cl)cc2)c(-c2ccnc(NC(=O)C3CC3)c2)[nH]1,0.728338929,2.310164562,-9,-7.9,4.44902,352.1090888
COCCN1CCC(CNC(=O)c2n[nH]c3cc(-c4ccccc4)ccc23)CC1,0.647153718,2.240086822,-8.6,-8.4,3.3181,392.2212261
O=C(Nc1n[nH]c2ncc(-c3ccccc3)cc12)C1CC1,0.773390379,2.155164175,-8.4,-7.9,2.9734,278.1167611
O=C1NC(=O)C(c2cn(CCCN3CCOCC3)c3ccccc23)=C1c1coc2ccccc12,0.449108134,2.668609246,-9.8,-8.7,3.677,455.1845063
O=C(Nc1cc(-c2[nH]c(-c3ccc(F)cc3)nc2-c2ccc(F)cc2)ccn1)C1CC1,0.455597278,2.307570946,-10.2,-8.5,5.4324,416.1448676
NC(=O)c1ccccc1Nc1ccnc(NC(=O)c2ccc(N3CCOCC3)cc2)c1,0.568809446,2.185794473,-9.4,-8.8,3.013,417.1800896
Cn1cc(C2=C(c3ccccc3)C(=O)NC2=O)c2ccccc21,0.74005506,2.152761451,-8.5,-8.3,2.7455,302.1055277
N#Cc1ccc(-c2ccc(CSc3nnc(-c4ccc5c(c4)OCCO5)o3)cc2)cc1,0.397746084,2.328630459,-9.5,-9.5,5.33878,427.0990624
c1ccc(-c2ccc(CSc3nnc(-c4ccc5c(c4)OCO5)o3)cc2)cc1,0.425315534,2.104144358,-9.4,-8.9,5.4246,388.0881634
N#Cc1ccc(-c2ccc(CSc3nnc(-c4ccc5c(c4)OCO5)o3)cc2)cc1,0.410876371,2.293696678,-9.4,-9.5,5.29628,413.0834123
Fc1cccc(F)c1Nc1nc2cnc(NC3CCCCC3)cc2n1C1CCCC1,0.51630396,2.645201305,-9.1,-8.4,6.3128,411.2234523
Cn1cc(C2=C(c3ccccc3)C(=O)NC2=O)c2ccccc21,0.74005506,2.152761451,-8.5,-8.3,2.7455,302.1055277
N#Cc1ccc(-c2ccc(CSc3nnc(-c4ccc5c(c4)OCCO5)o3)cc2)cc1,0.397746084,2.328630459,-9.4,-9.5,5.33878,427.0990624
N#Cc1ccc(-c2ccc(CSc3nnc(-c4ccc5c(c4)OCO5)o3)cc2)cc1,0.410876371,2.293696678,-9.4,-9.4,5.29628,413.0834123
O=C(Nc1n[nH]c2ncc(-c3ccccc3)cc12)C1CC1,0.773390379,2.155164175,-8.5,-7.8,2.9734,278.1167611
O=C1CCC(N2C(=O)c3cccc(OCCCCCCCCCCCCCCCCCCOc4nccc(-c5ccnc(NC(=O)C6CC6)c5)n4)c3C2=O)C(=O)N1,0.063482625,3.790058946,-8.2,-7.8,7.9877,780.4210481
N#Cc1ccc(-c2ccc(CSc3nnc(-c4ccc5c(c4)OCO5)o3)cc2)cc1,0.410876371,2.293696678,-9,-9.3,5.29628,413.0834123
O=C(Nc1n[nH]c2nc(-c3ccccc3)ccc12)C1CC1,0.773390379,2.158875398,-8.2,-7.6,2.9734,278.1167611
c1ccc(-c2ccc(CSc3nnc(-c4ccc5c(c4)OCCO5)o3)cc2)cc1,0.412852211,2.143259086,-9.4,-8.4,5.4671,402.1038134
Clc1ccc(Nc2nccc(-c3cnn4ncccc34)n2)cc1Cl,0.594122222,2.508098079,-8.7,-8.3,4.2367,356.0343997
N#Cc1ccc(-c2ccc(CSc3nnc(-c4ccc5c(c4)OCO5)o3)cc2)cc1,0.410876371,2.293696678,-9.5,-9.4,5.29628,413.0834123
c1ccc(-c2ccc(CSc3nnc(-c4ccc5c(c4)OCCO5)o3)cc2)cc1,0.412852211,2.143259086,-9.4,-9.2,5.4671,402.1038134
N#Cc1ccc(-c2ccc(CSc3nnc(-c4ccc5c(c4)OCCO5)o3)cc2)cc1,0.397746084,2.328630459,-9.5,-9.4,5.33878,427.0990624
Cc1nc(-c2ccc(F)cc2)c(-c2ccnc(NC(=O)C3CC3)c2)[nH]1,0.758070095,2.315199882,-9.1,-7.6,3.93472,336.1386394
N#Cc1ccc(-c2ccc(CSc3nnc(-c4ccc5c(c4)OCO5)o3)cc2)cc1,0.410876371,2.293696678,-9.5,-7.8,5.29628,413.0834123
CSc1nn2nc(-c3ccc(F)cc3)c(-c3ccnc(Nc4ccccc4Cl)n3)c2n1C,0.347833079,2.854855722,-8.8,-8.4,5.4498,465.0938704
c1ccc(-c2ccc(CSc3nnc(-c4ccc5c(c4)OCO5)o3)cc2)cc1,0.425315534,2.104144358,-9.4,-8.9,5.4246,388.0881634
N=C1NC(=O)C(=Cc2ccc(-c3ccc(S(N)(=O)=O)cc3)o2)S1,0.727500958,2.751821985,-8.3,-7.8,1.73267,349.0190978
N#Cc1ccc(-c2ccc(CSc3nnc(-c4ccc5c(c4)OCO5)o3)cc2)cc1,0.410876371,2.293696678,-9.5,-9.4,5.29628,413.0834123
CS(=O)(=O)Nc1ccc(CCNC(=O)c2ccc(O)c3[nH]c(-c4ccc(Cl)cc4)nc23)cc1,0.31612482,2.378906058,-9.4,-8.8,3.9329,484.0972038
O=C(Nc1cc(-c2[nH]c(-c3ccc(F)cc3)nc2-c2ccc(F)cc2)ccn1)C1CC1,0.455597278,2.307570946,-10.3,-8.5,5.4324,416.1448676
O=C(Nc1cc(-c2[nH]c(-c3ccc(F)cc3)nc2-c2ccc(F)cc2)ccn1)C1CC1,0.455597278,2.307570946,-10.4,-8.4,5.4324,416.1448676
COCCN1CCC(CNC(=O)c2n[nH]c3cc(-c4ccc(Cl)cc4)ccc23)CC1,0.599300035,2.300408781,-8.6,-8.3,3.9715,426.1822538
N#Cc1ccc(-c2ccc(CSc3nnc(-c4ccc5c(c4)OCO5)o3)cc2)cc1,0.410876371,2.293696678,-8.9,-9.5,5.29628,413.0834123
c1ccc(-c2ccc(CSc3nnc(-c4ccc5c(c4)OCCO5)o3)cc2)cc1,0.412852211,2.143259086,-9.4,-9,5.4671,402.1038134
c1ccc(-c2ncn(-c3ccc(-c4ccnc(Nc5ccc(-n6cnc(N7CCOCC7)n6)cc5)n4)cc3)n2)cc1,0.31043352,2.794470371,-10.8,-9.6,4.5522,542.2291055
N#Cc1ccc(-c2ccc(CSc3nnc(-c4ccc5c(c4)OCO5)o3)cc2)cc1,0.410876371,2.293696678,-9.4,-9.4,5.29628,413.0834123
COCCN1CCC(CNC(=O)c2n[nH]c3ccc(-c4ccccc4)cc23)CC1,0.647153718,2.235827093,-8.8,-8.7,3.3181,392.2212261
N=C1NC(=O)C(=Cc2ccc(-c3ccc(S(N)(=O)=O)cc3)o2)S1,0.727500958,2.751821985,-8.3,-7.8,1.73267,349.0190978
N#Cc1ccc(-c2ccc(CSc3nnc(-c4ccc5c(c4)OCO5)o3)cc2)cc1,0.410876371,2.293696678,-9.2,-9.3,5.29628,413.0834123
O=C1NC(=O)C(c2cn(CCCN3CCOCC3)c3ccccc23)=C1c1cn(CCCO)c2ccccc12,0.336278322,2.763409564,-8.5,-9.1,3.2679,512.2423555
N#Cc1ccc(-c2ccc(CSc3nnc(-c4ccc5c(c4)OCO5)o3)cc2)cc1,0.410876371,2.293696678,-9.2,-9.5,5.29628,413.0834123
CNC(=O)c1sc(-c2ccnc(NC(=O)C3CC3)c2)nc1OCCCCCCNCCCCCCOc1cccc(-c2ccnc(NC(=O)C3CC3)c2)n1,0.058558426,3.345172807,-8.4,-7.7,6.8869,754.3624877
COCCN1CCC(CNC(=O)c2n[nH]c3ccc(-c4ccccc4)cc23)CC1,0.647153718,2.235827093,-8.8,-8.5,3.3181,392.2212261
c1ccc(-c2ccc(CSc3nnc(-c4ccc5c(c4)OCO5)o3)cc2)cc1,0.425315534,2.104144358,-9.4,-8.9,5.4246,388.0881634
Cn1cc(C2=C(c3cn(C)c4ccc(Br)cc34)C(=O)NC2=O)c2cc(F)ccc21,0.465268483,2.65667005,-9.3,-8.8,4.1388,451.033167
COCCN1CCC(CNC(=O)c2n[nH]c3ccc(-c4ccccc4F)cc23)CC1,0.625926257,2.337822043,-8.7,-8.8,3.4572,410.2118043
O=C(Nc1cc(-c2[nH]c(-c3ccc(F)cc3)nc2-c2ccc(Cl)cc2)ccn1)C1CC1,0.409246015,2.303554006,-10.4,-8.6,5.9467,432.1153171
Clc1ccc(-c2ccc(CSc3nnc(-c4ccc5c(c4)OCCO5)o3)cc2)cc1,0.351076567,2.205090627,-9.4,-9.4,6.1205,436.0648411
N#Cc1ccc(-c2ccc(CSc3nnc(-c4ccc5c(c4)OCO5)o3)cc2)cc1,0.410876371,2.293696678,-9.4,-9.4,5.29628,413.0834123
COc1ccccc1C1=C(c2cn(C)c3ccc(Br)cc23)C(=O)NC1=O,0.671488113,2.379596191,-8.8,-8.9,3.5166,410.0266044
Cn1c(N2CCNC(c3ccc(F)cc3)C2)nc(-c2ccncn2)cc1=O,0.75764903,3.089091163,-9.4,-8.3,1.5273,366.1604374
c1ccc(-c2ccc(CSc3nnc(-c4ccc5c(c4)OCO5)o3)cc2)cc1,0.425315534,2.104144358,-9.4,-8.9,5.4246,388.0881634
c1cc(-c2ccc(N3CCOCC3)cc2)ccc1CSc1nnc(-c2ccc3c(c2)OCO3)o1,0.351341383,2.372265255,-9.9,-10.3,5.2612,473.1409272
N#Cc1ccc(-c2ccc(CSc3nnc(-c4ccc5c(c4)OCO5)o3)cc2)cc1,0.410876371,2.293696678,-9.5,-9.2,5.29628,413.0834123
N#Cc1ccc(-c2ccc(CSc3nnc(-c4ccc5c(c4)OCO5)o3)cc2)cc1,0.410876371,2.293696678,-9.3,-9.5,5.29628,413.0834123
c1ccc(-c2ccc(CSc3nnc(-c4ccc5c(c4)OCO5)o3)cc2)cc1,0.425315534,2.104144358,-9.4,-8.9,5.4246,388.0881634
c1ccc(-c2ccc(CSc3nnc(-c4ccc5c(c4)OCO5)o3)cc2)cc1,0.425315534,2.104144358,-9.4,-8.9,5.4246,388.0881634
c1ccc(-c2ccc(CSc3nnc(-c4ccc5c(c4)OCO5)o3)cc2)cc1,0.425315534,2.104144358,-9.4,-8.9,5.4246,388.0881634
C[S+]([O-])c1ccc(-c2coc3ccc(-c4ccccc4)cc23)cc1,0.464146294,3.016714776,-9.2,-8.8,5.5042,332.0871008
Cn1c(N2CCNC(c3ccc(F)cc3)C2)nc(-c2ccccc2)cc1=O,0.776466779,2.767418382,-9.7,-8.8,2.7373,364.1699395
Cn1c(N2CCNC(c3ccc(F)cc3)C2)nc(-c2ccncc2)cc1=O,0.770469732,2.93868998,-9.5,-8.6,2.1323,365.1651885
c1ccc(-c2ccc(CSc3nnc(-c4ccc5c(c4)OCO5)o3)cc2)cc1,0.425315534,2.104144358,-9.4,-8.9,5.4246,388.0881634
Cn1cc(C2=C(c3ccccc3)C(=O)NC2=O)c2ccccc21,0.74005506,2.152761451,-8.5,-8.3,2.7455,302.1055277
O=C(Nc1cc(-c2ccnc(Nc3ccccc3)c2)ccn1)C1CC1,0.73426779,2.063729845,-8.5,-8,4.2357,330.1480612
CCCC(=O)Nc1n[nH]c2cc(-c3ccc(O)cc3)ccc12,0.686816356,2.127837643,-7.9,-7.6,3.6741,295.1320768
c1ccc(Nc2cc(-c3ccnc(Nc4ccc(-n5cnc(N6CCOCC6)n5)cc4)c3)ccn2)cc1,0.327519103,2.645136238,-9.8,-9.8,5.0481,490.2229575
CSc1nc(-c2ccc(F)cc2)c(-c2ccnc(NC3CCCC3)n2)[nH]1,0.635478656,2.468463093,-8.9,-7.8,4.7492,369.1423449
COCCN1CCC(CNC(=O)c2n[nH]c3ccc(-c4ccccc4)cc23)CC1,0.647153718,2.235827093,-8.7,-8.6,3.3181,392.2212261
N#Cc1ccc(-c2ccc(CSc3nnc(-c4ccc5c(c4)OCCO5)o3)cc2)cc1,0.397746084,2.328630459,-9.4,-8.9,5.33878,427.0990624
c1ccc(-c2ccc(CSc3nnc(-c4ccc5c(c4)OCCO5)o3)cc2)cc1,0.412852211,2.143259086,-9.4,-9.1,5.4671,402.1038134
c1ccc(-c2ccc(CSc3nnc(-c4ccc5c(c4)OCCO5)o3)cc2)cc1,0.412852211,2.143259086,-9.4,-9.1,5.4671,402.1038134
COc1ccc(CSc2nc(-c3ccc(O)cc3)c(-c3ccnc(NC(=O)C4CC4)c3)[nH]2)cc1,0.293153745,2.458278738,-10.1,-8.2,5.4937,472.1569116
C=CC(=O)NCCCn1cc(C2=C(c3ccccc3)C(=O)NC2=O)c2ccccc21,0.364219381,2.487530204,-9,-8.5,2.9008,399.1582915
CNC(=O)c1sc(-c2ccnc(NC(=O)C3CC3)c2)nc1OCCCCCCCCCCCCOc1cccc(-c2ccnc(NC(=O)C3CC3)c2)n1,0.067818769,3.272852583,-7.9,-8.8,8.0775,739.3515887
c1ccc(-c2ccc(CSc3nnc(-c4ccc5c(c4)OCO5)o3)cc2)cc1,0.425315534,2.104144358,-9.4,-8.9,5.4246,388.0881634
N#Cc1ccc(-c2ccc(CSc3nnc(-c4ccc5c(c4)OCO5)o3)cc2)cc1,0.410876371,2.293696678,-9.6,-9.4,5.29628,413.0834123
c1ccc(-c2ccc(CSc3nnc(-c4ccc5c(c4)OCCO5)o3)cc2)cc1,0.412852211,2.143259086,-9.4,-9,5.4671,402.1038134
N=C1NC(=O)C(=Cc2ccc(-c3ccc(S(N)(=O)=O)cc3)o2)S1,0.727500958,2.751821985,-8.3,-7.8,1.73267,349.0190978
CSc1nc(-c2ccc(F)cc2)c(C2=CC=NC(Nc3ccc(NC(=O)c4ccc(F)cc4)cc3)=NC=C2)n1C,0.257231041,3.103042536,-10.2,-9,6.7891,554.1700368
Cn1c(N2CCNC(c3ccc(F)cc3)C2)nc(-c2ccccn2)cc1=O,0.770469732,2.943694122,-9.5,-8.3,2.1323,365.1651885
O=C(Nc1cc(-c2[nH]c(-c3ccncc3)cc2-c2ccc(F)cc2)ccn1)C1CC1,0.47961809,2.428589152,-10.4,-8.5,5.2933,398.1542894
N#Cc1ccc(-c2ccc(CSc3nnc(-c4ccc5c(c4)OCO5)o3)cc2)cc1,0.410876371,2.293696678,-9.5,-9.4,5.29628,413.0834123
Cn1c(N2CCN(c3ccccc3)CC2)nc(-c2ccccn2)cc1=O,0.726772617,2.152094874,-8.4,-8.3,2.1689,347.1746103
c1ccc(-c2ncn(-c3ccc(-c4ccnc(Nc5ccc(N6CCOCC6)cc5)n4)cc3)n2)cc1,0.371271005,2.422707109,-10,-9.9,4.9715,475.2120584
c1ccc(-c2ccc(CSc3nnc(-c4ccc5c(c4)OCO5)o3)cc2)cc1,0.425315534,2.104144358,-9.4,-8.9,5.4246,388.0881634
Cc1nc(C)n(-c2ccc(-c3ccnc(Nc4ccc(-n5cnc(N6CCOCC6)n5)cc4)n3)cc2)n1,0.378961247,2.779990029,-9.9,-9.5,3.50204,494.2291055
O=C(Nc1cc(-c2[nH]c(-c3ccc(F)cc3)nc2-c2ccc(F)cc2)ccn1)C1CC1,0.455597278,2.307570946,-10.4,-8.5,5.4324,416.1448676
c1ccc(-c2ccc(CSc3nnc(-c4ccc5c(c4)OCO5)o3)cc2)cc1,0.425315534,2.104144358,-9.4,-8.9,5.4246,388.0881634
N#Cc1ccc(-c2ccc(CSc3nnc(-c4ccc5c(c4)OCCO5)o3)cc2)cc1,0.397746084,2.328630459,-9.5,-9.5,5.33878,427.0990624
O=C(Nc1n[nH]c2ncc(-c3ccccc3)cc12)C1CC1,0.773390379,2.155164175,-8.5,-7.9,2.9734,278.1167611
Cc1ccc(-c2ccc(CSc3nnc(-c4ccc5c(c4)OCO5)o3)cc2)cc1,0.397254181,2.155662238,-9.5,-9.2,5.73302,402.1038134
N#Cc1ccc(-c2ccc(CSc3nnc(-c4ccc5c(c4)OCCO5)o3)cc2)cc1,0.397746084,2.328630459,-9.4,-9.4,5.33878,427.0990624
CC(C)NCCCn1cc(C2=C(c3ccccc3)C(=O)NC2=O)c2ccccc21,0.480986728,2.383738323,-8.7,-7.3,3.5966,387.194677
O=C(Nc1cc(-c2[nH]c(-c3ccc(F)cc3)nc2-c2ccc(F)cc2)ccn1)C1CC1,0.455597278,2.307570946,-10.4,-8.4,5.4324,416.1448676
O=C1NC(=O)C(c2ccccc2)=C1Nc1cc(Cl)c(O)c(Cl)c1,0.587526714,2.35591934,-7.8,-8.2,3.1786,348.0068475
O=C1NC(=O)C(c2ccccc2)=C1Nc1cc(Cl)c(O)c(Cl)c1,0.587526714,2.35591934,-7.9,-8.2,3.1786,348.0068475
O=C(CN1CCc2ccccc2C1=O)Nc1scc(Br)c1-c1nnc[nH]1,0.663538464,3.023149489,-8.5,-8.1,2.9327,431.0051578
c1ccc(-c2ccc(CSc3nnc(-c4ccc5c(c4)OCCO5)o3)cc2)cc1,0.412852211,2.143259086,-9.4,-9.1,5.4671,402.1038134
c1ccc(-c2ccc(CSc3nnc(-c4ccc5c(c4)OCO5)o3)cc2)cc1,0.425315534,2.104144358,-9.4,-8.9,5.4246,388.0881634
c1ccc(-c2ccc(CSc3nnc(-c4ccc5c(c4)OCO5)o3)cc2)cc1,0.425315534,2.104144358,-9.4,-8.9,5.4246,388.0881634
N#Cc1ccc(-c2ccc(CSc3nnc(-c4ccc5c(c4)OCO5)o3)cc2)cc1,0.410876371,2.293696678,-9.5,-9.5,5.29628,413.0834123
COCCN1CCC(CNC(=O)c2n[nH]c3ccc(-c4ccccc4)cc23)CC1,0.647153718,2.235827093,-8.8,-8.7,3.3181,392.2212261
c1ccc(-c2ccc(CSc3nnc(-c4ccc5c(c4)OCCO5)o3)cc2)cc1,0.412852211,2.143259086,-9.4,-8.4,5.4671,402.1038134
O=C(Nc1cc(-c2ccnc(Nc3ccccc3)c2)ccn1)C1CC1,0.73426779,2.063729845,-8.6,-8.1,4.2357,330.1480612
N#Cc1ccc(-c2ccc(CSc3nnc(-c4ccc5c(c4)OCO5)o3)cc2)cc1,0.410876371,2.293696678,-8.9,-9.5,5.29628,413.0834123
N=C1NC(=O)C(=Cc2ccc(-c3ccc(Cl)c(Cl)c3)o2)S1,0.797589161,2.769090557,-7.9,-8.2,4.39207,337.9683539
CNC(=O)c1ccc(-c2ccnc(NC(=O)C3CC3)c2)nc1OCC1CC1,0.78570559,2.423443573,-8.6,-8.1,2.6405,366.1691906
CCCC(=O)Nc1n[nH]c2ncc(-c3ccccc3)cc12,0.769418044,2.158598475,-8.1,-7.7,3.3635,280.1324111
O=C(NCC1CCN(Cc2ccccc2)CC1)c1ccnc2[nH]c(-c3ccc(F)cc3)cc12,0.441253432,2.310809642,-9.1,-9.2,5.011,442.2168897
N#Cc1ccc(-c2ccc(CSc3nnc(-c4ccc5c(c4)OCO5)o3)cc2)cc1,0.410876371,2.293696678,-9.4,-9.4,5.29628,413.0834123
N#Cc1ccc(-c2ccc(CSc3nnc(-c4ccc5c(c4)OCO5)o3)cc2)cc1,0.410876371,2.293696678,-9.4,-9.6,5.29628,413.0834123
N#Cc1ccc(-c2ccc(CSc3nnc(-c4ccc5c(c4)OCO5)o3)cc2)cc1,0.410876371,2.293696678,-8.9,-8.7,5.29628,413.0834123
Cn1c(N2CCNC(c3ccc(F)cc3)C2)nc(-c2ccccc2)cc1=O,0.776466779,2.767418382,-9.6,-8.8,2.7373,364.1699395
c1ccc(-c2ncn(-c3ccc(-c4ccnc(Nc5ccc(-n6cnc(N7CCOCC7)n6)cc5)n4)cc3)n2)cc1,0.31043352,2.794470371,-10.7,-9.8,4.5522,542.2291055
Cn1cc(C2=C(c3coc4ccccc34)C(=O)NC2=O)c2cc(Br)ccc21,0.492462841,2.602544543,-9.5,-8.6,4.2542,420.0109544
O=C(Nc1n[nH]c2ncc(-c3ccccc3)cc12)C1CC1,0.773390379,2.155164175,-8.5,-7.9,2.9734,278.1167611
COCCN1CCC(CNC(=O)c2n[nH]c3ccc(-c4ccccc4)cc23)CC1,0.647153718,2.235827093,-8.8,-8.6,3.3181,392.2212261
Cn1c(N2CCNC(c3ccccc3)C2)nc(-c2ccc(F)cc2)cc1=O,0.776466779,2.769040867,-9.5,-8.6,2.7373,364.1699395
N#Cc1ccc(-c2ccc(CSc3nnc(-c4ccc5c(c4)OCCO5)o3)cc2)cc1,0.397746084,2.328630459,-9.4,-9.6,5.33878,427.0990624
Cn1c(N2CCNC(c3ccc(F)cc3)C2)nc(-c2ccccc2)cc1=O,0.776466779,2.767418382,-9.7,-8.8,2.7373,364.1699395
O=C(Nc1cc(-c2[nH]c(-c3ccc(F)cc3)nc2-c2ccc(F)cc2)ccn1)C1CC1,0.455597278,2.307570946,-10.2,-8.4,5.4324,416.1448676
c1ccc(-c2ccc(CSc3nnc(-c4ccc5c(c4)OCCO5)o3)cc2)cc1,0.412852211,2.143259086,-9.4,-9.2,5.4671,402.1038134
c1ccc(-c2ccc(CSc3nnc(-c4ccc5c(c4)OCCO5)o3)cc2)cc1,0.412852211,2.143259086,-9.4,-9.2,5.4671,402.1038134
c1ccc(-c2ccc(CSc3nnc(-c4ccc5c(c4)OCCO5)o3)cc2)cc1,0.412852211,2.143259086,-9.4,-9.2,5.4671,402.1038134
c1cc(-c2ccc(N3CCOCC3)cc2)ccc1CSc1nnc(-c2ccc3c(c2)OCO3)o1,0.351341383,2.372265255,-9.9,-10.4,5.2612,473.1409272
c1ccc(-c2ccc(CSc3nnc(-c4ccc5c(c4)OCO5)o3)cc2)cc1,0.425315534,2.104144358,-9.3,-8.9,5.4246,388.0881634
N#Cc1ccc(-c2ccc(CSc3nnc(-c4ccc5c(c4)OCO5)o3)cc2)cc1,0.410876371,2.293696678,-9.3,-9.2,5.29628,413.0834123
c1ccc(-c2ccc(CSc3nnc(-c4ccc5c(c4)OCO5)o3)cc2)cc1,0.425315534,2.104144358,-9.4,-8.9,5.4246,388.0881634
O=C(Nc1cc(-c2ccnc(Nc3ccccc3)c2)ccn1)C1CC1,0.73426779,2.063729845,-8.6,-8.1,4.2357,330.1480612
c1ccc(-c2ccc(CSc3nnc(-c4ccc5c(c4)OCO5)o3)cc2)cc1,0.425315534,2.104144358,-9.4,-8.9,5.4246,388.0881634
O=C1NC(=O)C(c2cn(CCCN3CCOCC3)c3ccccc23)=C1c1ccccc1,0.629090111,2.407668877,-9.1,-8.2,2.9308,415.1895917
COCCN1CCC(CNC(=O)c2n[nH]c3ccc(-c4ccccc4)cc23)CC1,0.647153718,2.235827093,-8.8,-8.6,3.3181,392.2212261
CCCC(=O)Nc1n[nH]c2ccc(-c3ccccn3)cc12,0.769418044,2.166620165,-8,-7.6,3.3635,280.1324111
Cc1ncn(-c2ccc(Nc3nccc(-c4cccc(Nc5ccc(Cl)c(Cl)c5)n4)n3)cc2)n1,0.292443038,2.599409064,-9.7,-9.8,6.22172,488.1031479
c1ccc(-c2ccc(CSc3nnc(-c4ccc5c(c4)OCO5)o3)cc2)cc1,0.425315534,2.104144358,-9.4,-8.9,5.4246,388.0881634
c1ccc(-c2ccc(CSc3nnc(-c4ccc5c(c4)OCO5)o3)cc2)cc1,0.425315534,2.104144358,-9.4,-8.9,5.4246,388.0881634
O=C(Nc1n[nH]c2ccc(-c3ccccn3)cc12)C1CC1,0.773390379,2.163185865,-8.4,-8,2.9734,278.1167611
c1ccc(-c2ccc(CSc3nnc(-c4ccc5c(c4)OCCO5)o3)cc2)cc1,0.412852211,2.143259086,-9.4,-9,5.4671,402.1038134
COCCN1CCC(CNC(=O)c2n[nH]c3ccc(-c4ccccc4)cc23)CC1,0.647153718,2.235827093,-8.7,-8.6,3.3181,392.2212261
COCCN1CCC(CNC(=O)c2n[nH]c3ccc(-c4ccccc4)cc23)CC1,0.647153718,2.235827093,-8.8,-8.6,3.3181,392.2212261
CSc1nc(-c2ccccc2)c(-c2ccnc(NC(=O)C3CC3)c2)[nH]1,0.676359731,2.332860852,-8.5,-8,4.2091,350.1201322
Cc1ccc(-c2ccc(CSc3nnc(-c4ccc5c(c4)OCO5)o3)cc2)cc1,0.397254181,2.155662238,-9.5,-9.3,5.73302,402.1038134
Cn1cc(C2=C(c3ccccc3)C(=O)NC2=O)c2ccccc21,0.74005506,2.152761451,-8.5,-8.3,2.7455,302.1055277
COCCN1CCC(CNC(=O)c2n[nH]c3ccc(-c4ccccc4)cc23)CC1,0.647153718,2.235827093,-8.8,-8.6,3.3181,392.2212261
O=C(NCCc1ccccc1)c1ccnc2[nH]c(-c3ccc(F)cc3)nc12,0.56956738,2.128513693,-9.1,-8,3.7365,360.1386394
CSc1ccc(NC2=C(c3ccccc3)C(=O)NC2=O)cc1,0.673281968,2.198439841,-7.9,-7.7,2.8881,310.0775987
N=C1NC(=O)C(=Cc2ccc(-c3ccc(S(N)(=O)=O)cc3)o2)S1,0.727500958,2.751821985,-8.3,-7.7,1.73267,349.0190978
c1ccc(-c2ccc(CSc3nnc(-c4ccc5c(c4)OCCO5)o3)cc2)cc1,0.412852211,2.143259086,-9.4,-8.4,5.4671,402.1038134
Clc1ccc(Nc2nccc(-c3ccncc3)n2)cc1Cl,0.767465437,2.009545764,-7.8,-7.3,4.589,316.0282517
c1ccc(-c2ccc(CSc3nnc(-c4ccc5c(c4)OCO5)o3)cc2)cc1,0.425315534,2.104144358,-9.4,-8.9,5.4246,388.0881634
c1ccc(-c2ccc(CSc3nnc(-c4ccc5c(c4)OCO5)o3)cc2)cc1,0.425315534,2.104144358,-9.4,-8.8,5.4246,388.0881634
N#Cc1ccc(-c2ccc(CSc3nnc(-c4ccc5c(c4)OCCO5)o3)cc2)cc1,0.397746084,2.328630459,-9.5,-9.6,5.33878,427.0990624
Fc1cccc(F)c1Nc1nc2cnc(NC3CCCCC3)cc2n1C1CCCC1,0.51630396,2.645201305,-9,-8.4,6.3128,411.2234523
O=C(Nc1n[nH]c2ncc(-c3ccccc3)cc12)C1CC1,0.773390379,2.155164175,-8.5,-7.9,2.9734,278.1167611
c1ccc(-c2ccc(CSc3nnc(-c4ccc5c(c4)OCO5)o3)cc2)cc1,0.425315534,2.104144358,-9.4,-8.9,5.4246,388.0881634
N#Cc1ccc(-c2ccc(CSc3nnc(-c4ccc5c(c4)OCO5)o3)cc2)cc1,0.410876371,2.293696678,-9.5,-9.4,5.29628,413.0834123
COc1ccccc1C1=C(c2cn(CCCN3CCOCC3)c3ncccc23)C(=O)NC1=O,0.561012828,2.608676142,-9.4,-7.1,2.3344,446.1954053
O=C(Nc1n[nH]c2ncc(-c3ccccc3)cc12)C1CC1,0.773390379,2.155164175,-8.3,-7.9,2.9734,278.1167611
c1ccc(-c2ccc(CSc3nnc(-c4ccc5c(c4)OCCO5)o3)cc2)cc1,0.412852211,2.143259086,-9.4,-9.2,5.4671,402.1038134
N#Cc1ccc(-c2ccc(CSc3nnc(-c4ccc5c(c4)OCO5)o3)cc2)cc1,0.410876371,2.293696678,-9.6,-9.5,5.29628,413.0834123
COCCN1CCC(CNC(=O)c2n[nH]c3ccc(-c4ccccc4)cc23)CC1,0.647153718,2.235827093,-8.8,-8.5,3.3181,392.2212261
N#Cc1ccc(-c2ccc(CSc3nnc(-c4ccc5c(c4)OCO5)o3)cc2)cc1,0.410876371,2.293696678,-8.9,-9.5,5.29628,413.0834123
N#Cc1ccc(-c2ccc(CSc3nnc(-c4ccc5c(c4)OCCO5)o3)cc2)cc1,0.397746084,2.328630459,-9.4,-9.5,5.33878,427.0990624
N#Cc1ccc(-c2ccc(CSc3nnc(-c4ccc5c(c4)OCO5)o3)cc2)cc1,0.410876371,2.293696678,-9.5,-9.4,5.29628,413.0834123
Cc1nc(-c2ccc(Cl)cc2)c(-c2ccnc(NC(=O)C3CC3)c2)[nH]1,0.728338929,2.310164562,-9,-7.8,4.44902,352.1090888
COCCN1CCC(CNC(=O)c2n[nH]c3cc(-c4ccccc4)ccc23)CC1,0.647153718,2.240086822,-8.7,-8.3,3.3181,392.2212261
c1ccc(-c2ccc(CSc3nnc(-c4ccc5c(c4)OCO5)o3)cc2)cc1,0.425315534,2.104144358,-9.4,-8.9,5.4246,388.0881634
COCCN1CCC(CNC(=O)c2n[nH]c3ccc(-c4ccccc4)cc23)CC1,0.647153718,2.235827093,-8.8,-8.6,3.3181,392.2212261
Cc1nc(C)n(-c2ccc(Nc3nccc(-c4ccc(-n5cnc(-c6ccccc6)n5)cc4)n3)cc2)n1,0.340231593,2.586488123,-10.5,-10.1,5.33244,485.2076417
N#Cc1ccc(-c2ccc(CSc3nnc(-c4ccc5c(c4)OCO5)o3)cc2)cc1,0.410876371,2.293696678,-9,-9.4,5.29628,413.0834123
O=C(Nc1cc(-c2ccnc(Nc3ccc(N4CCOCC4)cc3)c2)ccn1)C1CC1,0.631791486,2.321233881,-9.4,-8.8,4.0723,415.200825
c1ccc(-c2ccc(CSc3nnc(-c4ccc5c(c4)OCO5)o3)cc2)cc1,0.425315534,2.104144358,-9.4,-8.9,5.4246,388.0881634
O=C1NC(=O)C(c2cn(CCCO)c3ccccc23)=C1c1ccccc1,0.697742918,2.289297797,-8.5,-8.1,2.5909,346.1317424
Clc1ccc(-c2ccc(CSc3nnc(-c4ccc5c(c4)OCO5)o3)cc2)cc1,0.363205807,2.167020914,-9.5,-9.2,6.078,422.049191
O=C(O)c1ccc(-c2ccnc(Nc3ccc(N4CCOCC4)cc3)n2)cc1,0.705304975,2.052545443,-8.6,-8.6,3.422,376.1535405
Cn1c(N2CCNC(c3ccc(F)cc3)C2)nc(-c2ccnc(NC(=O)C3CC3)c2)cc1=O,0.623211525,3.110360974,-10.3,-9.1,2.4808,448.2023023
COCCN1CCC(CNC(=O)c2n[nH]c3ccc(-c4ccccc4)cc23)CC1,0.647153718,2.235827093,-8.7,-8.6,3.3181,392.2212261
O=C(Nc1cc(-c2ccnc(Nc3ccccc3)c2)ccn1)C1CC1,0.73426779,2.063729845,-8.6,-8,4.2357,330.1480612
N#Cc1ccc(-c2ccc(CSc3nnc(-c4ccc5c(c4)OCCO5)o3)cc2)cc1,0.397746084,2.328630459,-9.4,-9.4,5.33878,427.0990624
O=C1NC(=O)C(c2cn(CCCN3CCOCC3)c3ccccc23)=C1c1ccccc1,0.629090111,2.407668877,-9.2,-7.6,2.9308,415.1895917
c1ccc(-c2ccc(CSc3nnc(-c4ccc5c(c4)OCO5)o3)cc2)cc1,0.425315534,2.104144358,-9.4,-8.9,5.4246,388.0881634
N#Cc1ccc(-c2ccc(CSc3nnc(-c4ccc5c(c4)OCCO5)o3)cc2)cc1,0.397746084,2.328630459,-9.5,-9.6,5.33878,427.0990624
c1ccc(-c2ccc(CSc3nnc(-c4ccc5c(c4)OCO5)o3)cc2)cc1,0.425315534,2.104144358,-9.4,-8.9,5.4246,388.0881634
c1ccc(-c2ccc(CSc3nnc(-c4ccc5c(c4)OCO5)o3)cc2)cc1,0.425315534,2.104144358,-9.4,-8.9,5.4246,388.0881634
c1ccc(-c2ccc(CSc3nnc(-c4ccc5c(c4)OCCO5)o3)cc2)cc1,0.412852211,2.143259086,-9.4,-8.4,5.4671,402.1038134
COCCN1CCC(CNC(=O)c2n[nH]c3ccc(-c4ccccc4)cc23)CC1,0.647153718,2.235827093,-8.8,-8.6,3.3181,392.2212261
CN(C)CCCn1cc(C2=C(c3cn(CCCO)c4ccccc34)C(=O)NC2=O)c2ccccc21,0.367179397,2.696274678,-8.1,-7.7,3.4973,470.2317908
c1ccc(-c2ccc(CSc3nnc(-c4ccc5c(c4)OCO5)o3)cc2)cc1,0.425315534,2.104144358,-9.4,-8.9,5.4246,388.0881634
c1ccc(-c2ccc(CSc3nnc(-c4ccc5c(c4)OCCO5)o3)cc2)cc1,0.412852211,2.143259086,-9.4,-8.4,5.4671,402.1038134
c1ccc(-c2ccc(CSc3nnc(-c4ccc5c(c4)OCO5)o3)cc2)cc1,0.425315534,2.104144358,-9.4,-8.9,5.4246,388.0881634
c1ccc(-c2ccc(CSc3nnc(-c4ccc5c(c4)OCO5)o3)cc2)cc1,0.425315534,2.104144358,-9.4,-8.9,5.4246,388.0881634
Cn1ccc(-c2ccnc(Nc3ccc(-n4cnc(N5CCOCC5)n4)cc3)c2)n1,0.54915868,2.678751993,-9,-9.1,2.643,402.1916573
CSc1nc(-c2ccc(F)cc2)c(-c2ccnc(NC(=O)C3CC3)c2)[nH]1,0.657070904,2.39643739,-8.6,-7.5,4.3482,368.1107104
CSc1ccc(NC2=C(c3ccc(Cl)cc3)C(=O)NC2=O)cc1,0.657625785,2.261784033,-7.6,-7.5,3.5415,344.0386263
c1ccc(-c2ccc(CSc3nnc(-c4ccc5c(c4)OCO5)o3)cc2)cc1,0.425315534,2.104144358,-9.4,-8.9,5.4246,388.0881634
N#Cc1ccc(-c2ccc(CSc3nnc(-c4ccc5c(c4)OCCO5)o3)cc2)cc1,0.397746084,2.328630459,-9.4,-9.5,5.33878,427.0990624
CC(C)NCCCn1cc(C2=C(c3ccccc3)C(=O)NC2=O)c2ccccc21,0.480986728,2.383738323,-8.7,-7.2,3.5966,387.194677
O=C(O)CN1CCCC(CNC(=O)c2n[nH]c3ccc(-c4ccccc4Cl)cc23)CC1,0.541175549,2.780696662,-9.5,-9.3,3.7998,440.1615183
c1ccc(-c2ccc(CSc3nnc(-c4ccc5c(c4)OCCO5)o3)cc2)cc1,0.412852211,2.143259086,-9.4,-9.2,5.4671,402.1038134
CCCC(=O)Nc1n[nH]c2ccc(-c3ccccn3)cc12,0.769418044,2.166620165,-8,-7.6,3.3635,280.1324111
Cn1c(N2CCNC(c3ccc(F)cc3)C2)nc(-c2ccncn2)cc1=O,0.75764903,3.089091163,-9.4,-8.3,1.5273,366.1604374
O=C(O)c1ccc(-c2occ3ccc(-c4ccc(Cl)cc4)cc23)cc1,0.484987626,2.106582005,-9.7,-9.2,6.1184,348.055322
c1ccc(-c2ccc(CSc3nnc(-c4ccc5c(c4)OCO5)o3)cc2)cc1,0.425315534,2.104144358,-9.4,-8.9,5.4246,388.0881634
c1ccc(-c2ccc(CSc3nnc(-c4ccc5c(c4)OCCO5)o3)cc2)cc1,0.412852211,2.143259086,-9.4,-9,5.4671,402.1038134
c1ccc(-c2ccc(CSc3nnc(-c4ccc5c(c4)OCO5)o3)cc2)cc1,0.425315534,2.104144358,-9.4,-8.9,5.4246,388.0881634
N#Cc1ccc(-c2ccc(CSc3nnc(-c4ccc5c(c4)OCCO5)o3)cc2)cc1,0.397746084,2.328630459,-9.4,-9.3,5.33878,427.0990624
Cn1c(N2CCNC(c3ccc(Cl)cc3)C2)nc(-c2ccncn2)cc1=O,0.746716529,3.084507731,-9.1,-8.3,2.0416,382.1308869
Cn1cc(C2=C(c3ccccc3)C(=O)NC2=O)c2ccccc21,0.74005506,2.152761451,-8.5,-8.3,2.7455,302.1055277
c1ccc(-c2ccc(CSc3nnc(-c4ccc5c(c4)OCO5)o3)cc2)cc1,0.425315534,2.104144358,-9.4,-8.9,5.4246,388.0881634
c1ccc(-c2ccc(CSc3nnc(-c4ccc5c(c4)OCO5)o3)cc2)cc1,0.425315534,2.104144358,-9.4,-8.9,5.4246,388.0881634
COCCN1CCC(CNC(=O)c2n[nH]c3cc(-c4ccccc4)ccc23)CC1,0.647153718,2.240086822,-8.7,-8.4,3.3181,392.2212261
O=C(Nc1n[nH]c2ncc(-c3ccc(Cl)cc3)cc12)C1CC1,0.775545072,2.219756324,-8.6,-8.1,3.6268,312.0777887
CS(=O)(=O)NCCCn1cc(C2=C(c3coc4ccccc34)C(=O)NC2=O)c2ccccc21,0.323486194,2.708996037,-9.8,-8.9,2.894,463.1201918
c1ccc(-c2ccc(CSc3nnc(-c4ccc5c(c4)OCO5)o3)cc2)cc1,0.425315534,2.104144358,-9.4,-8.9,5.4246,388.0881634
c1ccc(-c2ccc(CSc3nnc(-c4ccc5c(c4)OCCO5)o3)cc2)cc1,0.412852211,2.143259086,-9.4,-8.4,5.4671,402.1038134
O=C(Nc1n[nH]c2ncc(-c3ccccc3)cc12)C1CC1,0.773390379,2.155164175,-8.5,-8,2.9734,278.1167611
COCCN1CCC(CNC(=O)c2n[nH]c3ccc(-c4ccccc4)cc23)CC1,0.647153718,2.235827093,-8.8,-8.6,3.3181,392.2212261
Clc1ccccc1Nc1nccc(-c2ccn3ncccc23)n1,0.614499721,2.364916922,-8.4,-8.3,4.1883,321.0781231
N#Cc1ccc(-c2ccc(CSc3nnc(-c4ccc5c(c4)OCCO5)o3)cc2)cc1,0.397746084,2.328630459,-9.5,-9.5,5.33878,427.0990624
N#Cc1ccc(-c2ccc(CSc3nnc(-c4ccc5c(c4)OCO5)o3)cc2)cc1,0.410876371,2.293696678,-9.3,-9.2,5.29628,413.0834123
CCCC(=O)Nc1n[nH]c2ccc(-c3ccc(Cl)cc3)cc12,0.737928189,2.037743137,-8.5,-8,4.6219,313.0981898
c1ccc(-c2ccc(CSc3nnc(-c4ccc5c(c4)OCO5)o3)cc2)cc1,0.425315534,2.104144358,-9.4,-9,5.4246,388.0881634
Cn1c(N2CCNC(c3ccc(Cl)cc3)C2)nc(-c2ccncn2)cc1=O,0.746716529,3.084507731,-9.1,-8.3,2.0416,382.1308869
O=C1Nc2ccccc2C1=C1C(=O)Nc2ccccc21,0.716573186,2.137168315,-8.9,-9.1,2.5016,262.0742276
O=C1NC(=O)C(c2ccccc2)=C1Nc1cc(Cl)c(O)c(Cl)c1,0.587526714,2.35591934,-7.9,-8.2,3.1786,348.0068475
CSc1nc(-c2ccc(F)cc2)c(-c2ccnc(NC3CCCC3)c2)[nH]1,0.595830443,2.449623214,-8.5,-7.9,5.3542,368.1470959
O=C1NC(=O)C(c2cn(CCCN3CCOCC3)c3ccccc23)=C1c1coc2ccccc12,0.449108134,2.668609246,-9.9,-8.7,3.677,455.1845063
CNC(=O)c1sc(-c2ccnc(NC(=O)C3CC3)c2)nc1OCCCCCCCCCCCOc1cccc(-c2ccnc(NC(=O)C3CC3)c2)n1,0.073296249,3.247428439,-8.1,-6.8,7.6874,725.3359386
Cn1cc(C2=C(c3coc4ccccc34)C(=O)NC2=O)c2cc(Cl)ccc21,0.534506264,2.558645043,-9.5,-9,4.1451,376.06147
Cc1ncn(-c2ccc(Nc3cc(-c4cccc(Nc5ccccc5C(N)=O)c4)ccn3)cc2)n1,0.306297669,2.477089628,-9.8,-9.6,5.22382,461.1964084
O=C(Nc1n[nH]c2ncc(-c3ccccc3)cc12)C1CC1,0.773390379,2.155164175,-8.4,-8,2.9734,278.1167611
O=C1NC(=O)C(c2ccccc2)=C1Nc1cc(Cl)c(O)c(Cl)c1,0.587526714,2.35591934,-7.9,-8.2,3.1786,348.0068475
c1ccc(-c2ccc(CSc3nnc(-c4ccc5c(c4)OCO5)o3)cc2)cc1,0.425315534,2.104144358,-9.4,-8.9,5.4246,388.0881634
O=C(Nc1cc(-c2ccnc(NC(=O)C3CC3)c2)ccn1)C1CC1,0.886331622,2.175851356,-8.3,-7.6,2.8406,322.1429758
O=C(Nc1cc(-c2[nH]c(-c3ccc(F)cc3)nc2-c2ccc(F)cc2)ccn1)C1CCC1,0.41896398,2.33305288,-10.5,-8.6,5.8225,430.1605177
N#Cc1ccc(-c2ccc(CSc3nnc(-c4ccc5c(c4)OCO5)o3)cc2)cc1,0.410876371,2.293696678,-9.5,-9.4,5.29628,413.0834123
c1ccc(-c2ccc(CSc3nnc(-c4ccc5c(c4)OCCO5)o3)cc2)cc1,0.412852211,2.143259086,-9.4,-9.1,5.4671,402.1038134
COc1ccccc1C1=C(c2cn(C)c3ccc(F)cc23)C(=O)NC1=O,0.739131264,2.344406096,-8.9,-8.9,2.8932,350.1066706
O=C1NC(=O)C(c2cn(CCCN3CCOCC3)c3ccccc23)=C1c1coc2ccccc12,0.449108134,2.668609246,-9.8,-8.6,3.677,455.1845063
Cc1nc(C)n(-c2ccc(Nc3nccc(-c4ccnc(Nc5ccccc5Cl)c4)n3)cc2)n1,0.321232071,2.523670603,-9.5,-10.2,5.87674,468.1577704
COc1cccc(-n2ncc3c(N=NCc4ccccc4)ncnc32)c1,0.510513391,2.656277841,-8.5,-8.1,4.108,344.1385591
c1ccc(-c2ccc(CSc3nnc(-c4ccc5c(c4)OCO5)o3)cc2)cc1,0.425315534,2.104144358,-9.4,-8.9,5.4246,388.0881634
N#Cc1ccc(-c2ccc(CSc3nnc(-c4ccc5c(c4)OCO5)o3)cc2)cc1,0.410876371,2.293696678,-9.4,-8.6,5.29628,413.0834123
O=C(Nc1n[nH]c2ncc(-c3ccccc3)cc12)C1CC1,0.773390379,2.155164175,-8.5,-7.8,2.9734,278.1167611
CCCC(=O)Nc1n[nH]c2ccc(-c3ccccn3)cc12,0.769418044,2.166620165,-8,-7.6,3.3635,280.1324111
COCCN1CCC(CNC(=O)c2n[nH]c3ccc(-c4ccccc4)cc23)CC1,0.647153718,2.235827093,-8.8,-8.6,3.3181,392.2212261
O=C(O)CN1CCC(CNC(=O)c2n[nH]c3ccc(-c4ccccc4)cc23)CC1,0.599180564,2.23850613,-9.2,-9.2,2.7563,392.1848406
c1ccc(-c2ccc(CSc3nnc(-c4ccc5c(c4)OCCO5)o3)cc2)cc1,0.412852211,2.143259086,-9.3,-8.4,5.4671,402.1038134
c1ccc(-c2ccc(CSc3nnc(-c4ccc5c(c4)OCO5)o3)cc2)cc1,0.425315534,2.104144358,-9.4,-8.9,5.4246,388.0881634
Cn1cc(C2=C(c3cn(C)c4ccccc34)C(=O)NC2=O)c2ccccc21,0.561396223,2.41960808,-9,-8.3,3.2372,355.1320768
c1ccc(-c2ccc(CSc3nnc(-c4ccc5c(c4)OCO5)o3)cc2)cc1,0.425315534,2.104144358,-9.4,-8.9,5.4246,388.0881634
N#Cc1ccc(-c2ccc(CSc3nnc(-c4ccc5c(c4)OCCO5)o3)cc2)cc1,0.397746084,2.328630459,-9.4,-9.4,5.33878,427.0990624
CS(=O)(=O)NC1CCC(Nc2nccc(-c3ccc(F)cc3)n2)CC1,0.851796098,2.258457953,-8.7,-8.5,2.555,364.1369251
c1ccc(-c2ccc(CSc3nnc(-c4ccc5c(c4)OCO5)o3)cc2)cc1,0.425315534,2.104144358,-9.4,-8.9,5.4246,388.0881634
CS(=O)(=O)Nc1ccc(CCNC(=O)c2ccc(O)c3nc(-c4ccc(F)cc4)[nH]c23)cc1,0.330886969,2.421544767,-9.2,-8.3,3.4186,468.1267544
O=C(Nc1cc(-c2[nH]c(-c3ccc(F)cc3)nc2-c2ccc(F)cc2)ccn1)C1CC1,0.455597278,2.307570946,-10.4,-8.6,5.4324,416.1448676
N#Cc1ccc(-c2ccc(CSc3nnc(-c4ccc5c(c4)OCO5)o3)cc2)cc1,0.410876371,2.293696678,-9,-9.5,5.29628,413.0834123
O=C(Nc1cc(-c2[nH]c(-c3ccc(F)cc3)nc2-c2ccc(F)cc2)ccn1)C1CC1,0.455597278,2.307570946,-10.3,-8.5,5.4324,416.1448676
O=C(O)CN1CCC(CNC(=O)c2n[nH]c3ccc(-c4cccc(F)c4F)cc23)CC1,0.560711128,2.45747241,-9.3,-9.2,3.0345,428.165997
CC(N)C(=O)NCCCn1cc(C2=C(c3ccccc3)C(=O)NC2=O)c2ccccc21,0.404858031,2.866919537,-8.3,-8.8,2.062,416.1848406
Cn1c(N2CCN(c3ccccc3)CC2)nc(-c2ccccn2)cc1=O,0.726772617,2.152094874,-8.3,-8.3,2.1689,347.1746103
c1ccc(-c2ccc(CSc3nnc(-c4ccc5c(c4)OCCO5)o3)cc2)cc1,0.412852211,2.143259086,-9.4,-9,5.4671,402.1038134
c1ccc(-c2ccc(CSc3nnc(-c4ccc5c(c4)OCCO5)o3)cc2)cc1,0.412852211,2.143259086,-9.3,-8.4,5.4671,402.1038134
O=C(O)CN1CCC(CNC(=O)c2n[nH]c3ccc(-c4cccc(F)c4F)cc23)CC1,0.560711128,2.45747241,-9.4,-9.2,3.0345,428.165997
c1ccc(-c2ccc(CSc3nnc(-c4ccc5c(c4)OCCO5)o3)cc2)cc1,0.412852211,2.143259086,-9.4,-9.1,5.4671,402.1038134
c1ccc(-c2ccc(CSc3nnc(-c4ccc5c(c4)OCCO5)o3)cc2)cc1,0.412852211,2.143259086,-9.5,-8.5,5.4671,402.1038134
c1ccc(-c2ccc(CSc3nnc(-c4ccc5c(c4)OCCO5)o3)cc2)cc1,0.412852211,2.143259086,-9.4,-9.1,5.4671,402.1038134
O=C(Nc1cc(-c2ccnc(NC(=O)C3CC3)c2)ccn1)C1CC1,0.886331622,2.175851356,-8.3,-7.7,2.8406,322.1429758
c1ccc(-c2ccc(CSc3nnc(-c4ccc5c(c4)OCO5)o3)cc2)cc1,0.425315534,2.104144358,-9.4,-8.9,5.4246,388.0881634
Cn1c(N2CCNC(c3ccc(Cl)cc3)C2)nc(-c2ccccn2)cc1=O,0.75527413,2.93911069,-9.2,-8.4,2.6466,381.1356379
NS(=O)(=O)c1ccc(-c2ccc(CSc3nnc(-c4ccc5c(c4)OCO5)o3)cc2)cc1,0.421757609,2.321562239,-9.3,-9.2,4.072,467.0609626
COCCN1CCC(CNC(=O)c2n[nH]c3ccc(-c4ccccc4)cc23)CC1,0.647153718,2.235827093,-8.8,-8.7,3.3181,392.2212261
O=C(NCC1CCN(Cc2ccccc2)CC1)c1n[nH]c2ccc(-c3ccccc3)cc12,0.464120718,2.146793483,-8.8,-9.5,4.8719,424.2263115
c1ccc(-c2ccc(CSc3nnc(-c4ccc5c(c4)OCO5)o3)cc2)cc1,0.425315534,2.104144358,-9.4,-8.9,5.4246,388.0881634
O=C1NC(=O)C(c2ccccc2)=C1Nc1cc(Cl)c(O)c(Cl)c1,0.587526714,2.35591934,-8.1,-8.2,3.1786,348.0068475
COCCN1CCC(CNC(=O)c2n[nH]c3ccc(-c4ccccc4)cc23)CC1,0.647153718,2.235827093,-8.8,-8.5,3.3181,392.2212261
c1ccc(-c2ccc(CSc3nnc(-c4ccc5c(c4)OCO5)o3)cc2)cc1,0.425315534,2.104144358,-9.4,-8.9,5.4246,388.0881634
O=C(Nc1n[nH]c2ncc(-c3ccccc3)cc12)C1CC1,0.773390379,2.155164175,-8.5,-7.9,2.9734,278.1167611
O=C1Nc2ccccc2NC1=C1C(=O)c2ccccc21,0.717511414,2.312214734,-8.6,-8.5,2.6582,262.0742276
COCCN1CCCC(CNC(=O)c2n[nH]c3ccc(-c4ccc(OC)cc4)cc23)CC1,0.5627043,2.73220923,-8.7,-8.3,3.7168,436.2474409
c1ccc(-c2ccc(CSc3nnc(-c4ccc5c(c4)OCCO5)o3)cc2)cc1,0.412852211,2.143259086,-9.5,-8.3,5.4671,402.1038134
Cc1nc(-c2ccc(Cl)cc2)c(-c2ccnc(NC(=O)C3CC3)c2)[nH]1,0.728338929,2.310164562,-9.1,-7.4,4.44902,352.1090888
O=C(Nc1n[nH]c2ncc(-c3ccccc3)cc12)C1CC1,0.773390379,2.155164175,-8.5,-7.9,2.9734,278.1167611
Cn1c(N2CCNC(c3ccc(F)cc3)C2)nc(-c2ccncc2)cc1=O,0.770469732,2.93868998,-9.6,-8.3,2.1323,365.1651885
c1ccc(-c2ccc(CSc3nnc(-c4ccc5c(c4)OCO5)o3)cc2)cc1,0.425315534,2.104144358,-9.3,-8.9,5.4246,388.0881634
O=C(Nc1cc(-c2ccnc(Nc3ccc(N4CCOCC4)cc3)c2)ccn1)C1CC1,0.631791486,2.321233881,-9.3,-8.9,4.0723,415.200825
COc1ccc(-c2ccc3[nH]nc(C(=O)NCC4CCN(Cc5ccccc5)CC4)c3c2)cc1,0.417564322,2.214166015,-8.6,-8.3,4.8805,454.2368762
CNC(=O)c1sc(-c2ccnc(NC(=O)C3CC3)c2)nc1OCCCCCCCCCCCCCOc1cccc(-c2ccnc(NC(=O)C3CC3)c2)n1,0.063234911,3.298769552,-8.5,-8.4,8.4676,753.3672387
COc1ccc(-c2cnc3[nH]nc(NC(=O)C4CC4)c3c2)cc1,0.776243376,2.193569843,-8.5,-8.2,2.982,308.1273258
COCCN1CCC(CNC(=O)c2n[nH]c3cc(-c4ccccc4)ccc23)CC1,0.647153718,2.240086822,-8.4,-8.4,3.3181,392.2212261
N#Cc1ccc(-c2ccc(CSc3nnc(-c4ccc5c(c4)OCCO5)o3)cc2)cc1,0.397746084,2.328630459,-9.5,-9.6,5.33878,427.0990624
c1ccc(-c2ccc(CSc3nnc(-c4ccc5c(c4)OCCO5)o3)cc2)cc1,0.412852211,2.143259086,-9.4,-9,5.4671,402.1038134
COCCN1CCC(CNC(=O)c2n[nH]c3cc(-c4ccc(OC)cc4)ccc23)CC1,0.582175719,2.296269857,-8.7,-7.9,3.3267,422.2317908
Cc1ccccc1-c1ccc2[nH]nc(C(=O)NCC3CCN(CC(=O)O)CC3)c2c1,0.584417769,2.328037002,-9.3,-9.6,3.06472,406.2004907
COCCN1CCC(CNC(=O)c2n[nH]c3cc(-c4ccccc4)ccc23)CC1,0.647153718,2.240086822,-8.5,-8.4,3.3181,392.2212261
Clc1ccc(-c2ccc(CSc3nnc(-c4ccc5c(c4)OCCO5)o3)cc2)cc1,0.351076567,2.205090627,-9.5,-9.3,6.1205,436.0648411
Cc1ncn(-c2ccc(Nc3cc(-c4cccc(Nc5ccccc5C(N)=O)c4)ccn3)cc2)n1,0.306297669,2.477089628,-9.8,-9.7,5.22382,461.1964084
Cc1ncn(-c2ccc(-c3ccnc(Nc4ccc(-n5cnc(N6CCOCC6)n5)cc4)n3)cc2)n1,0.391497667,2.795514694,-10.2,-9.4,3.19362,480.2134554
c1ccc(-c2ccc(CSc3nnc(-c4ccc5c(c4)OCCO5)o3)cc2)cc1,0.412852211,2.143259086,-9.4,-9,5.4671,402.1038134
COCCN1CCC(CNC(=O)c2n[nH]c3ccc(-c4ccccc4)cc23)CC1,0.647153718,2.235827093,-8.8,-8.6,3.3181,392.2212261
COCCN1CCC(CNC(=O)c2n[nH]c3ccc(-c4ccccc4)cc23)CC1,0.647153718,2.235827093,-8.7,-8.7,3.3181,392.2212261
Cn1cc(C2=C(c3ccccc3)C(=O)NC2=O)c2ccccc21,0.74005506,2.152761451,-8.5,-8.3,2.7455,302.1055277
COc1ccc(C2=C(Nc3ccc(Cl)c(Cl)c3)C(=O)NC2=O)cc1,0.816611464,2.177603642,-8.1,-7.9,3.4816,362.0224976
Cn1cc(C2=C(c3ccccc3)C(=O)NC2=O)c2ccccc21,0.74005506,2.152761451,-8.5,-8.3,2.7455,302.1055277
CNC(=O)c1ccc(-c2ccnc(NC(=O)C3CC3)c2)nc1OCC1CC1,0.78570559,2.423443573,-8.5,-7.5,2.6405,366.1691906
CNC(=O)c1sc(-c2ccnc(NC(=O)C3CC3)c2)nc1OCCCCCCCCCCCCOc1cccc(-c2ccnc(NC(=O)C3CC3)c2)n1,0.067818769,3.272852583,-7.8,-8.1,8.0775,739.3515887
c1ccc(-c2ccc(CSc3nnc(-c4ccc5c(c4)OCO5)o3)cc2)cc1,0.425315534,2.104144358,-9.4,-8.9,5.4246,388.0881634
Cn1cc(C2=C(c3ccccc3)C(=O)NC2=O)c2ccccc21,0.74005506,2.152761451,-8.5,-8.3,2.7455,302.1055277
COCCN1CCC(CNC(=O)c2n[nH]c3ccc(-c4ccccc4)cc23)CC1,0.647153718,2.235827093,-8.8,-8.6,3.3181,392.2212261
CSc1nc(-c2ccc(F)cc2)c(-c2ccnc(NC3CCCC3)c2)[nH]1,0.595830443,2.449623214,-8.7,-7.8,5.3542,368.1470959
c1ccc(-c2ccc(CSc3nnc(-c4ccc5c(c4)OCO5)o3)cc2)cc1,0.425315534,2.104144358,-9.3,-8.9,5.4246,388.0881634
COCCN1CCC(CNC(=O)c2n[nH]c3ccc(-c4ccccc4)cc23)CC1,0.647153718,2.235827093,-8.8,-8.7,3.3181,392.2212261
N#Cc1ccc(-c2ccc(CSc3nnc(-c4ccc5c(c4)OCO5)o3)cc2)cc1,0.410876371,2.293696678,-9.5,-9.3,5.29628,413.0834123
c1ccc(-c2ccc(CSc3nnc(-c4ccc5c(c4)OCCO5)o3)cc2)cc1,0.412852211,2.143259086,-9.4,-9.2,5.4671,402.1038134
CSc1nc(-c2ccc(Cl)cc2)c(-c2ccnc(NC(=O)C3CC3)c2)[nH]1,0.615884038,2.391606205,-8.7,-7.4,4.8625,384.0811598
O=C(Nc1n[nH]c2ncc(-c3ccccc3)cc12)C1CC1,0.773390379,2.155164175,-8.5,-7.9,2.9734,278.1167611
N#Cc1ccc(-c2ccc(CSc3nnc(-c4ccc5c(c4)OCO5)o3)cc2)cc1,0.410876371,2.293696678,-9.6,-9.4,5.29628,413.0834123
CS(=O)(=O)Nc1ccc(CCNC(=O)c2ccnc3nc(-c4ccc(F)cc4)[nH]c23)cc1,0.39756007,2.379254726,-9.5,-8.7,3.108,453.1270887
N#Cc1ccc(-c2ccc(CSc3nnc(-c4ccc5c(c4)OCO5)o3)cc2)cc1,0.410876371,2.293696678,-9.4,-9.4,5.29628,413.0834123
Cc1ncn(-c2ccc(-c3ccnc(Nc4ccc(N5CCOCC5)cc4)n3)cc2)n1,0.53519534,2.419044339,-9.3,-8.9,3.61292,413.1964084
c1ccc(-c2ccc(CSc3nnc(-c4ccc5c(c4)OCCO5)o3)cc2)cc1,0.412852211,2.143259086,-9.4,-9.1,5.4671,402.1038134
Cc1ncn(-c2ccc(-c3ccnc(Nc4ccc(-n5cnc(N6CCOCC6)n5)cc4)n3)cc2)n1,0.391497667,2.795514694,-10.1,-9.3,3.19362,480.2134554
CN1CCN(c2nc(-c3ccncc3)cc(=O)n2C)CC1,0.808334328,2.25622362,-7.3,-7.6,0.5941,285.1589602
O=C(Nc1cc(-c2ccnc(Nc3ccccc3)c2)ccn1)C1CC1,0.73426779,2.063729845,-8.6,-8,4.2357,330.1480612
c1ccc(-c2ccc(CSc3nnc(-c4ccc5c(c4)OCO5)o3)cc2)cc1,0.425315534,2.104144358,-9.4,-8.9,5.4246,388.0881634
c1ccc(-c2ccc(CSc3nnc(-c4ccc5c(c4)OCCO5)o3)cc2)cc1,0.412852211,2.143259086,-9.4,-9.2,5.4671,402.1038134
Cn1c(N2CCNC(c3ccc(F)cc3)C2)nc(-c2ccc(Cl)cc2)cc1=O,0.734372003,2.825560039,-9.9,-8.7,3.3907,398.1309672
N#Cc1ccc(-c2ccc(CSc3nnc(-c4ccc5c(c4)OCCO5)o3)cc2)cc1,0.397746084,2.328630459,-9.4,-9.2,5.33878,427.0990624
N#Cc1ccc(-c2ccc(CSc3nnc(-c4ccc5c(c4)OCO5)o3)cc2)cc1,0.410876371,2.293696678,-9.4,-9.5,5.29628,413.0834123
Cn1c(N2CCNC(c3ccc(C#N)cc3)C2)nc(-c2ccccc2)cc1=O,0.765612111,2.889621727,-9.4,-8.9,2.46988,371.1746103
COc1ccccc1C1=C(c2cn(CCCNC(=O)C(C)(C)C)c3ccccc23)C(=O)NC1=O,0.415823149,2.552032428,-9,-8.4,3.7695,459.2158064
c1ccc(-c2ccc(CSc3nnc(-c4ccc5c(c4)OCO5)o3)cc2)cc1,0.425315534,2.104144358,-9.4,-8.9,5.4246,388.0881634
O=C1NC(=O)C(c2cn(CCCN3CCOCC3)c3ccccc23)=C1c1ccccc1,0.629090111,2.407668877,-9.2,-8.2,2.9308,415.1895917
Cn1c(N2CCNC(c3ccc(Cl)cc3)C2)nc(-c2ccc(Cl)cc2)cc1=O,0.70513178,2.821091193,-9.6,-8.6,3.905,414.1014166
N=C1NC(=O)C(=Cc2ccc(-c3ccc(S(N)(=O)=O)cc3)o2)S1,0.727500958,2.751821985,-8.3,-7.8,1.73267,349.0190978
O=C(Nc1cc(-c2[nH]c(-c3ccc(F)cc3)nc2-c2ccc(F)cc2)ccn1)C1CC1,0.455597278,2.307570946,-10.4,-8.6,5.4324,416.1448676
O=C(Nc1n[nH]c2ncc(-c3ccccc3)cc12)C1CC1,0.773390379,2.155164175,-8.5,-8,2.9734,278.1167611
O=C(O)c1ccc(CN2CCCC(C(=O)Nc3cc(-c4ccccc4)ccn3)CC2)o1,0.619145053,2.658560621,-9.7,-9.5,4.2806,419.1845063
c1ccc(-c2ccc(CSc3nnc(-c4ccc5c(c4)OCCO5)o3)cc2)cc1,0.412852211,2.143259086,-9.4,-9,5.4671,402.1038134
Cn1c(N2CCNC(c3ccc(Cl)cc3)C2)nc(-c2ccccc2)cc1=O,0.757395061,2.76283495,-9.4,-8.6,3.2516,380.140389
Clc1ccc(Nc2nccc(-c3ccnc(Nc4ccc(N5CCOCC5)cc4)n3)n2)cc1Cl,0.360174948,2.431275092,-10.3,-9.9,5.5642,493.1184637
FC(F)(F)c1cc(Nc2nccc(-c3ccn4ncccc34)n2)ccc1-n1cnc(N2CCOCC2)n1,0.381753514,3.066998227,-10.6,-9.9,3.971,507.1742909
COCCN1CCC(CNC(=O)c2n[nH]c3ccc(-c4ccccc4)cc23)CC1,0.647153718,2.235827093,-8.8,-8.6,3.3181,392.2212261
Cn1cc(C2=C(c3cn(CCO)c4ccccc34)C(=O)NC2=O)c2ccccc21,0.530532257,2.525656395,-9,-8.2,2.6925,385.1426415
Cc1ncn(-c2ccc(-c3ccnc(Nc4ccc(N5CCOCC5)cc4)n3)cc2)n1,0.53519534,2.419044339,-9.2,-8.9,3.61292,413.1964084
Fc1cccc(F)c1Nc1nc2cnc(NC3CCCCC3)cc2n1C1CCCC1,0.51630396,2.645201305,-9,-8.4,6.3128,411.2234523
COCCN1CCC(CNC(=O)c2n[nH]c3ccc(-c4ccccc4)cc23)CC1,0.647153718,2.235827093,-8.8,-8.6,3.3181,392.2212261
Cc1nc(-c2ccc(F)cc2)c(-c2ccnc(NC(=O)C3CC3)c2)[nH]1,0.758070095,2.315199882,-9.1,-8,3.93472,336.1386394
COCCN1CCC(CNC(=O)c2n[nH]c3cc(-c4ccccc4)ccc23)CC1,0.647153718,2.240086822,-8.8,-8.4,3.3181,392.2212261
c1ccc(-c2ccc(CSc3nnc(-c4ccc5c(c4)OCO5)o3)cc2)cc1,0.425315534,2.104144358,-9.4,-8.9,5.4246,388.0881634
O=C1NC(=O)C(c2cn(CCCN3CCOCC3)c3ncccc23)=C1c1ccccc1,0.624443794,2.539202774,-9,-8.1,2.3258,416.1848406
Fc1cccc(F)c1Nc1nc2cnc(NC3CCCCC3)cc2n1C1CCCC1,0.51630396,2.645201305,-9.1,-8.8,6.3128,411.2234523
COCCN1CCC(CNC(=O)c2n[nH]c3ccc(-c4ccccc4)cc23)CC1,0.647153718,2.235827093,-8.8,-8.7,3.3181,392.2212261
COCCN1CCC(CNC(=O)c2n[nH]c3ccc(-c4ccc(Cl)cc4)cc23)CC1,0.599300035,2.296246977,-8.9,-8.1,3.9715,426.1822538
c1cc(-c2ccc(N3CCOCC3)cc2)ccc1CSc1nnc(-c2ccc3c(c2)OCO3)o1,0.351341383,2.372265255,-9.9,-10.3,5.2612,473.1409272
c1ccc(-c2ccc(CSc3nnc(-c4ccc5c(c4)OCCO5)o3)cc2)cc1,0.412852211,2.143259086,-9.4,-8.3,5.4671,402.1038134
COCCN1CCC(CNC(=O)c2n[nH]c3ccc(-c4ccccc4)cc23)CC1,0.647153718,2.235827093,-8.8,-8.7,3.3181,392.2212261
COCCN1CCC(CNC(=O)c2n[nH]c3ccc(-c4ccc(Cl)cc4)cc23)CC1,0.599300035,2.296246977,-8.9,-8,3.9715,426.1822538
O=C(Nc1n[nH]c2ccc(-c3ccccn3)cc12)C1CC1,0.773390379,2.163185865,-8.6,-7.6,2.9734,278.1167611
c1ccc(-c2ccc(CSc3nnc(-c4ccc5c(c4)OCCO5)o3)cc2)cc1,0.412852211,2.143259086,-9.4,-9,5.4671,402.1038134
Cn1cc(C2=C(c3cn(CCCn4ccnc4)c4ccccc34)C(=O)NC2=O)c2cc(F)ccc21,0.381893528,2.805572707,-9.7,-9,4.1261,467.1757532
O=C1NC(=O)C(c2cn(CCCN3CCOCC3)c3ccccc23)=C1c1ccccc1,0.629090111,2.407668877,-9.2,-7.6,2.9308,415.1895917
COCCN1CCC(CNC(=O)c2n[nH]c3ccc(-c4ccccc4)cc23)CC1,0.647153718,2.235827093,-8.8,-8.6,3.3181,392.2212261
COCCN1CCC(CNC(=O)c2n[nH]c3cc(-c4ccc(Cl)cc4)ccc23)CC1,0.599300035,2.300408781,-8.6,-8.3,3.9715,426.1822538
Cc1ccccc1-c1ccc2[nH]nc(C(=O)NCC3CCN(Cc4ccccc4)CC3)c2c1,0.436022817,2.234137635,-9,-9,5.18032,438.2419616
c1ccc(-c2ccc(CSc3nnc(-c4ccc5c(c4)OCCO5)o3)cc2)cc1,0.412852211,2.143259086,-9.4,-9,5.4671,402.1038134
Cc1nc(C)n(-c2ccc(Nc3cc(-c4ccnc(NC(=O)C5CC5)c4)ccn3)cc2)n1,0.474169075,2.50767696,-9.6,-9.2,4.43324,425.1964084
c1ccc(-c2ccc(CSc3nnc(-c4ccc5c(c4)OCO5)o3)cc2)cc1,0.425315534,2.104144358,-9.4,-8.9,5.4246,388.0881634
N#Cc1ccc(-c2ccc(CSc3nnc(-c4ccc5c(c4)OCO5)o3)cc2)cc1,0.410876371,2.293696678,-9.3,-9.4,5.29628,413.0834123
c1ccc(-c2ccc(CSc3nnc(-c4ccc5c(c4)OCCO5)o3)cc2)cc1,0.412852211,2.143259086,-9.5,-9.3,5.4671,402.1038134
N#Cc1ccc(-c2ccc(CSc3nnc(-c4ccc5c(c4)OCO5)o3)cc2)cc1,0.410876371,2.293696678,-8.9,-9.4,5.29628,413.0834123
N#Cc1ccc(-c2ccc(CSc3nnc(-c4ccc5c(c4)OCO5)o3)cc2)cc1,0.410876371,2.293696678,-8.9,-9.6,5.29628,413.0834123
O=C1NC(=O)C(c2cn(CCCO)c3ccccc23)=C1c1coc2ccccc12,0.515432371,2.574862174,-9.3,-8.5,3.3371,386.1266571
N#Cc1ccc(-c2ccc(CSc3nnc(-c4ccc5c(c4)OCO5)o3)cc2)cc1,0.410876371,2.293696678,-9.5,-9.6,5.29628,413.0834123
Clc1ccc(Nc2nccc(-c3cnn4ncccc34)n2)cc1Cl,0.594122222,2.508098079,-8.7,-8.3,4.2367,356.0343997
Cc1nc(C)n(-c2ccc(-c3ccnc(Nc4ccc(-n5cnc(N6CCOCC6)n5)cc4)n3)cc2)n1,0.378961247,2.779990029,-9.9,-9.3,3.50204,494.2291055
O=C(Nc1cc(-c2[nH]c(-c3ccc(F)cc3)nc2-c2ccc(Cl)cc2)ccn1)C1CC1,0.409246015,2.303554006,-10.1,-8.5,5.9467,432.1153171
NC(=O)c1ccccc1Nc1cc(NC(=O)c2ccc(N3CCOCC3)cc2)ncc1Cl,0.527212248,2.288680471,-9.5,-8.6,3.6664,451.1411172
C=CC(=O)NCCCn1cc(C2=C(c3cn(CCCn4ccnc4)c4ccccc34)C(=O)NC2=O)c2ccccc21,0.147665571,2.995879096,-8.7,-9.6,4.1423,546.2379388
N#Cc1ccc(-c2ccc(CSc3nnc(-c4ccc5c(c4)OCO5)o3)cc2)cc1,0.410876371,2.293696678,-9.4,-9.4,5.29628,413.0834123
c1ccc(-c2ccc(CSc3nnc(-c4ccc5c(c4)OCCO5)o3)cc2)cc1,0.412852211,2.143259086,-9.4,-9,5.4671,402.1038134
COCCN1CCC(CNC(=O)c2n[nH]c3ccc(-c4ccccc4)cc23)CC1,0.647153718,2.235827093,-8.8,-8.6,3.3181,392.2212261
CNC(=O)c1sc(-c2ccnc(NC(=O)C3CC3)c2)nc1OCCCCCCCCCCCCOc1cccc(-c2ccnc(NC(=O)C3CC3)c2)n1,0.067818769,3.272852583,-7.5,-7.7,8.0775,739.3515887
CNC(=O)c1sc(-c2ccnc(NC(=O)C3CC3)c2)nc1OCCCCCCCCCCCCCCCCOc1cccc(-c2ccnc(NC(=O)C3CC3)c2)n1,0.052665042,3.379257414,-8.3,-7.3,9.6379,795.4141889
Cn1c(N2CCNC(c3ccc(F)cc3)C2)nc(-c2ccccc2)cc1=O,0.776466779,2.767418382,-9.7,-8.7,2.7373,364.1699395
CNC(=O)c1sc(-c2ccnc(NC(=O)C3CC3)c2)nc1OCCCCCCCCCCCCCOc1cccc(-c2ccnc(NC(=O)C3CC3)c2)n1,0.063234911,3.298769552,-7.8,-6.9,8.4676,753.3672387
CC(C)NCCCn1cc(C2=C(c3ccccc3)C(=O)NC2=O)c2ccccc21,0.480986728,2.383738323,-8.7,-7.3,3.5966,387.194677
c1ccc(-c2ccc(CSc3nnc(-c4ccc5c(c4)OCCO5)o3)cc2)cc1,0.412852211,2.143259086,-9.4,-8.4,5.4671,402.1038134
c1ccc(-c2ccc(CSc3nnc(-c4ccc5c(c4)OCO5)o3)cc2)cc1,0.425315534,2.104144358,-9.4,-8.9,5.4246,388.0881634
NC(=O)c1ccccc1Nc1cc(Nc2ccc(N3CCOCC3)cc2)ncc1Cl,0.551006254,2.29499764,-9,-9,4.1577,423.1462026
Cc1ncn(-c2ccc(-c3ccnc(Nc4ccc(-n5cnc(N6CCOCC6)n5)cc4)n3)cc2)n1,0.391497667,2.795514694,-10.2,-9.3,3.19362,480.2134554
CNC(=O)c1sc(-c2ccnc(NC(=O)C3CC3)c2)nc1OCCCCCCCCCCOc1cccc(-c2ccnc(NC(=O)C3CC3)c2)n1,0.080070596,3.222521659,-8.1,-7.4,7.2973,711.3202885
COCCN1CCC(CNC(=O)c2n[nH]c3ccc(-c4ccc(Cl)cc4)cc23)CC1,0.599300035,2.296246977,-8.8,-8.1,3.9715,426.1822538
O=C(Nc1cc(-c2[nH]c(-c3ccc(F)cc3)nc2-c2ccc(Cl)cc2)ccn1)C1CC1,0.409246015,2.303554006,-10.1,-8.5,5.9467,432.1153171
c1ccc(-c2ccc(CSc3nnc(-c4ccc5c(c4)OCCO5)o3)cc2)cc1,0.412852211,2.143259086,-9.4,-9.1,5.4671,402.1038134
c1ccc(-c2ccc(CSc3nnc(-c4ccc5c(c4)OCO5)o3)cc2)cc1,0.425315534,2.104144358,-9.4,-8.9,5.4246,388.0881634
CN1CCN(c2nc(-c3ccccc3)cc(=O)n2C)CC1,0.830772283,2.033570544,-7.4,-7.7,1.1991,284.1637113
Cc1nc(-c2ccc(F)cc2)c(-c2ccnc(NC(=O)C3CC3)c2)[nH]1,0.758070095,2.315199882,-9.1,-7.9,3.93472,336.1386394
COCCN1CCC(CNC(=O)c2n[nH]c3ccc(-c4ccccc4)cc23)CC1,0.647153718,2.235827093,-8.8,-8.6,3.3181,392.2212261
CNC(=O)c1sc(-c2ccnc(NC(=O)C3CC3)c2)nc1OCC1CC1,0.779405599,2.643919268,-7.9,-6.9,2.702,372.1256115
O=C(Nc1n[nH]c2ncc(-c3ccccc3)cc12)C1CC1,0.773390379,2.155164175,-8.5,-8,2.9734,278.1167611
Clc1ccccc1Nc1cc(-c2ccnc(Nc3ccccc3)n2)ccn1,0.470918082,2.085421154,-9.1,-8.7,5.6792,373.1094232
O=C(Nc1cc(-c2[nH]c(-c3ccc(F)cc3)nc2-c2ccc(F)cc2)ccn1)C1CC1,0.455597278,2.307570946,-10.2,-8.1,5.4324,416.1448676
c1ccc(-c2ccc(CSc3nnc(-c4ccc5c(c4)OCCO5)o3)cc2)cc1,0.412852211,2.143259086,-9.4,-8.9,5.4671,402.1038134
Cn1c(N2CCNC(c3ccc(F)cc3)C2)nc(-c2ccc(Cl)cc2)cc1=O,0.734372003,2.825560039,-9.9,-8.6,3.3907,398.1309672
c1ccc(-c2ccc(CSc3nnc(-c4ccc5c(c4)OCO5)o3)cc2)cc1,0.425315534,2.104144358,-9.4,-8.9,5.4246,388.0881634
CSc1ccc(-c2ccc3occ(-c4ccc(S(C)=O)cc4)c3c2)o1,0.425794638,3.204452384,-9.1,-8.4,5.8191,368.0540864
CC(C)Oc1ccc(CCNC(=O)c2ccnc3[nH]c(-c4ccc(F)cc4)nc23)cc1,0.46235015,2.315021422,-8.9,-8.3,4.5237,418.1805042
O=C(Nc1n[nH]c2ncc(-c3ccccc3)cc12)C1CC1,0.773390379,2.155164175,-8.5,-8,2.9734,278.1167611
CNC(=O)c1sc(-c2ccnc(NC(=O)C3CC3)c2)nc1OCCCCCCCCCCCCCCCOc1cccc(-c2ccnc(NC(=O)C3CC3)c2)n1,0.055779665,3.35199243,-7.9,-7.9,9.2478,781.3985389
c1ccc(-c2ccc(CSc3nnc(-c4ccc5c(c4)OCCO5)o3)cc2)cc1,0.412852211,2.143259086,-9.4,-9,5.4671,402.1038134
c1ccc(-c2ccc(CSc3nnc(-c4ccc5c(c4)OCCO5)o3)cc2)cc1,0.412852211,2.143259086,-9.4,-9.1,5.4671,402.1038134
c1ccc(-c2ccc(CSc3nnc(-c4ccc5c(c4)OCO5)o3)cc2)cc1,0.425315534,2.104144358,-9.4,-8.9,5.4246,388.0881634
c1ccc(-c2ccc(CSc3nnc(-c4ccc5c(c4)OCCO5)o3)cc2)cc1,0.412852211,2.143259086,-9.4,-9,5.4671,402.1038134
COc1ccc(-c2ccc3[nH]nc(C(=O)NCC4CCN(CC(=O)O)CC4)c3c2)cc1,0.540462014,2.29471736,-9.3,-8.3,2.7649,422.1954053
COCCN1CCC(CNC(=O)c2n[nH]c3ccc(-c4ccccc4)cc23)CC1,0.647153718,2.235827093,-8.8,-8.6,3.3181,392.2212261
c1ccc(-c2ccc(CSc3nnc(-c4ccc5c(c4)OCCO5)o3)cc2)cc1,0.412852211,2.143259086,-9.4,-9,5.4671,402.1038134
O=C1CCC(N2C(=O)c3cccc(OCCCCCCCCCCCCOc4nccc(-c5ccnc(NC(=O)C6CC6)c5)n4)c3C2=O)C(=O)N1,0.11802469,3.632587367,-9.3,-8.7,5.6471,696.3271477
Cc1ncn(-c2ccc(-c3ccnc(Nc4ccc(-n5cnc(N6CCOCC6)n5)cc4)n3)cc2)n1,0.391497667,2.795514694,-10.1,-9.4,3.19362,480.2134554
O=C1NC(=O)C(c2cn(CCCN3CCOCC3)c3ccccc23)=C1c1coc2ccccc12,0.449108134,2.668609246,-9.8,-8.5,3.677,455.1845063
O=C(Nc1n[nH]c2ncc(-c3ccccc3)cc12)C1CC1,0.773390379,2.155164175,-8.5,-8,2.9734,278.1167611
c1ccc(-c2ccc(CSc3nnc(-c4ccc5c(c4)OCO5)o3)cc2)cc1,0.425315534,2.104144358,-9.4,-8.9,5.4246,388.0881634
CC=CC(=O)NCCCn1cc(C2=C(c3cn(CCCN4CCOCC4)c4ccccc34)C(=O)NC2=O)c2ccccc21,0.159301306,2.987325099,-9.6,-10.2,3.9679,579.2845547
O=C(Nc1n[nH]c2cc(-c3ccccn3)ccc12)C1CC1,0.773390379,2.175331893,-8.2,-7.4,2.9734,278.1167611
Cn1c(NC2CCCCC2)nc(-c2ccncc2)cc1=O,0.940811143,2.304221426,-7.7,-7.6,2.5869,284.1637113
O=C1NC(=O)C(c2cn(CCCN3CCOCC3)c3ncccc23)=C1c1coc2ccccc12,0.44876876,2.788305092,-9.8,-8.6,3.072,456.1797552
C=CC(=O)NCCCn1cc(C2=C(c3cn(C)c4ccc(Cl)cc34)C(=O)NC2=O)c2ccccc21,0.234681948,2.797613363,-9.6,-8.4,4.0459,486.1458683
Cc1ncn(-c2ccc(-c3ccnc(Nc4ccc(-n5cnc(N6CCOCC6)n5)cc4)n3)cc2)n1,0.391497667,2.795514694,-10.2,-9.4,3.19362,480.2134554
CNC(=O)c1sc(-c2ccnc(NC(=O)C3CC3)c2)nc1OCC1CC1,0.779405599,2.643919268,-7.8,-7,2.702,372.1256115
c1ccc(-c2ncn(-c3ccc(-c4ccnc(Nc5ccc(N6CCOCC6)cc5)n4)cc3)n2)cc1,0.371271005,2.422707109,-9.9,-9.7,4.9715,475.2120584
CNC(=O)c1sc(-c2ccnc(NC(=O)C3CC3)c2)nc1OCCCCCCCCCCCCCCCCCCOc1cccc(-c2ccnc(NC(=O)C3CC3)c2)n1,0.047428799,3.435002304,-8.1,-7.3,10.4181,823.4454891
O=C1NC(=O)C(c2coc3ccccc23)=C1c1coc2ccccc12,0.568582218,2.514987379,-9,-8.2,3.7462,329.0688078
N=C1NC(=O)C(=Cc2ccc(-c3ccc(Cl)cc3)o2)S1,0.830631159,2.659404864,-7.6,-7.8,3.73867,304.0073262
c1ccc(-c2ccc(CSc3nnc(-c4ccc5c(c4)OCO5)o3)cc2)cc1,0.425315534,2.104144358,-9.4,-8.9,5.4246,388.0881634
O=C(O)c1ccc(CN2CCC(CNC(=O)c3n[nH]c4ccc(-c5ccc(Cl)cc5)cc34)CC2)o1,0.340932076,2.514277048,-9.8,-8.5,4.8165,492.156433
O=C(Nc1n[nH]c2ncc(-c3ccccc3)cc12)C1CC1,0.773390379,2.155164175,-8.5,-7.9,2.9734,278.1167611
Cn1c(N2CCNC(c3ccc(Cl)cc3)C2)nc(-c2ccccc2)cc1=O,0.757395061,2.76283495,-9.4,-8.7,3.2516,380.140389
c1ccc(-c2ccc(CSc3nnc(-c4ccc5c(c4)OCO5)o3)cc2)cc1,0.425315534,2.104144358,-9.4,-8.9,5.4246,388.0881634
Cc1ncn(-c2ccc(-c3ccc(CSc4nnc(-c5ccc6c(c5)OCO6)o4)cc3)cc2)n1,0.309116734,2.558522905,-10.2,-9.7,5.31372,469.1208605
O=C(NCC1CCN(Cc2ccccc2)CC1)c1n[nH]c2ccc(-c3ccccc3)cc12,0.464120718,2.146793483,-8.7,-9.3,4.8719,424.2263115
c1ccc(-c2ccc(CSc3nnc(-c4ccc5c(c4)OCO5)o3)cc2)cc1,0.425315534,2.104144358,-9.4,-8.9,5.4246,388.0881634
COc1ccc(C(=O)Nc2cc(Nc3ccccc3C(N)=O)c(C(F)(F)F)cn2)cc1,0.543426006,2.247741271,-8.7,-8.2,4.2038,430.1252751
c1ccc(-c2ccc(CSc3nnc(-c4ccc5c(c4)OCO5)o3)cc2)cc1,0.425315534,2.104144358,-9.4,-8.9,5.4246,388.0881634
c1ccc(-c2ccc(CSc3nnc(-c4ccc5c(c4)OCCO5)o3)cc2)cc1,0.412852211,2.143259086,-9.3,-9.1,5.4671,402.1038134
c1ccc(-c2ccc(CSc3nnc(-c4ccc5c(c4)OCCO5)o3)cc2)cc1,0.412852211,2.143259086,-9.4,-9.1,5.4671,402.1038134
NC(=O)c1ccccc1Nc1cc(NC(=O)c2ccc(N3CCOCC3)cc2)ncc1C(F)(F)F,0.486482524,2.450923853,-9.6,-8.7,4.0318,485.1674742
CNC(=O)c1sc(-c2ccnc(NC(=O)C3CC3)c2)nc1OCCCCCCCCCCCCCCOc1cccc(-c2ccnc(NC(=O)C3CC3)c2)n1,0.059274589,3.325156564,-7.8,-6.6,8.8577,767.3828888
c1ccc(-c2ccc(CSc3nnc(-c4ccc5c(c4)OCCO5)o3)cc2)cc1,0.412852211,2.143259086,-9.4,-8.4,5.4671,402.1038134
c1ccc(-c2ccc(CSc3nnc(-c4ccc5c(c4)OCO5)o3)cc2)cc1,0.425315534,2.104144358,-9.4,-8.9,5.4246,388.0881634
O=C(Nc1n[nH]c2ccc(-c3ccccn3)cc12)C1CC1,0.773390379,2.163185865,-8.6,-7.6,2.9734,278.1167611
O=C(Nc1cc(-c2[nH]c(-c3ccc(F)cc3)nc2-c2ccc(F)cc2)ccn1)C1CC1,0.455597278,2.307570946,-10.4,-8.6,5.4324,416.1448676
c1ccc(-c2ccc(CSc3nnc(-c4ccc5c(c4)OCO5)o3)cc2)cc1,0.425315534,2.104144358,-9.4,-8.9,5.4246,388.0881634
c1ccc(-c2ccc(CSc3nnc(-c4ccc5c(c4)OCO5)o3)cc2)cc1,0.425315534,2.104144358,-9.4,-8.9,5.4246,388.0881634
COCCN1CCC(CNC(=O)c2n[nH]c3ccc(-c4ccccc4)cc23)CC1,0.647153718,2.235827093,-8.8,-8.6,3.3181,392.2212261
COCCN1CCC(CNC(=O)c2n[nH]c3ccc(-c4ccccc4)cc23)CC1,0.647153718,2.235827093,-8.8,-8.7,3.3181,392.2212261
c1ccc(-c2ccc(CSc3nnc(-c4ccc5c(c4)OCO5)o3)cc2)cc1,0.425315534,2.104144358,-9.4,-8.9,5.4246,388.0881634
Cc1ccccc1-c1ccc2[nH]nc(C(=O)NCC3CCN(Cc4ccccc4)CC3)c2c1,0.436022817,2.234137635,-9,-9.1,5.18032,438.2419616
O=C(Nc1cc(-c2ccnc(NC(=O)C3CC3)c2)ccn1)C1CC1,0.886331622,2.175851356,-8.3,-7.6,2.8406,322.1429758
c1ccc(-c2ccc(CSc3nnc(-c4ccc5c(c4)OCCO5)o3)cc2)cc1,0.412852211,2.143259086,-9.4,-9,5.4671,402.1038134
N#Cc1ccc(-c2ccc(CSc3nnc(-c4ccc5c(c4)OCO5)o3)cc2)cc1,0.410876371,2.293696678,-9,-9.3,5.29628,413.0834123
CNC(=O)c1sc(-c2ccnc(NC(=O)C3CC3)c2)nc1OCCCCCCCCCCCCOc1cccc(-c2ccnc(NC(=O)C3CC3)c2)n1,0.067818769,3.272852583,-8.4,-8,8.0775,739.3515887
N#Cc1ccc(-c2ccc(CSc3nnc(-c4ccc5c(c4)OCO5)o3)cc2)cc1,0.410876371,2.293696678,-9.5,-9.4,5.29628,413.0834123
COc1ccc(C2=C(c3coc4ccccc34)C(=O)NC2=O)cc1OC,0.732773367,2.328404126,-8.5,-7.8,3.0172,349.0950226
c1cc(-c2ccc(N3CCOCC3)cc2)ccc1CSc1nnc(-c2ccc3c(c2)OCCO3)o1,0.33935022,2.408898678,-9.7,-10.6,5.3037,487.1565773
O=C(Nc1cc(-c2[nH]c(-c3ccc(F)cc3)nc2-c2ccc(F)cc2)ccn1)C1CC1,0.455597278,2.307570946,-10.4,-8.5,5.4324,416.1448676
COCCN1CCC(CNC(=O)c2n[nH]c3ccc(-c4ccccc4)cc23)CC1,0.647153718,2.235827093,-8.7,-8.5,3.3181,392.2212261
O=C(Cc1ccnc2ccccc12)Nc1scc(Cl)c1-c1ncn[nH]1,0.570782252,2.704937643,-8.8,-8.4,3.916,369.0451087
CSc1nc(-c2ccccc2)c(-c2ccnc(NC(=O)C3CC3)c2)[nH]1,0.676359731,2.332860852,-8.9,-7.7,4.2091,350.1201322
Cn1cc(C2=C(c3coc4ccccc34)C(=O)NC2=O)c2ccc(Cl)cc21,0.534506264,2.580196491,-9.2,-8.9,4.1451,376.06147
c1cc(-c2ccc(-n3cnc(N4CCOCC4)n3)cc2)nc(Nc2ccc(N3CCOCC3)cc2)n1,0.442945116,2.618000699,-9.4,-9,3.1411,484.2335221
Cn1cc(C2=C(c3cn(C)c4ccccc34)C(=O)NC2=O)c2ccccc21,0.561396223,2.41960808,-9,-8.3,3.2372,355.1320768
c1ccc(-c2ccc(CSc3nnc(-c4ccc5c(c4)OCCO5)o3)cc2)cc1,0.412852211,2.143259086,-9.4,-9.1,5.4671,402.1038134
Cc1ncn(-c2ccc(Nc3nccc(-c4ccc(-n5cnc(-c6ccccc6)n5)cc4)n3)cc2)n1,0.363894033,2.59839593,-10.3,-9.9,5.02402,471.1919917
CNC(=O)c1ccc(-c2ccnc(NC(=O)C3CC3)c2)nc1OCC1CC1,0.78570559,2.423443573,-8.6,-7.4,2.6405,366.1691906
O=C(Nc1cc(-c2ccnc(Nc3ccc(N4CCOCC4)cc3)c2)ccn1)C1CC1,0.631791486,2.321233881,-9.4,-8.8,4.0723,415.200825
Cn1cc(C2=C(c3cn(CCCNS(C)(=O)=O)c4ccccc34)C(=O)NC2=O)c2ccccc21,0.316229106,2.679479169,-9.6,-8.1,2.6395,476.1518262
Cn1cc(C2=C(c3coc4ccccc34)C(=O)NC2=O)c2ccccc21,0.567245536,2.465095951,-9.3,-8.9,3.4917,342.1004423
O=C1NC(=O)C(c2ccc(Cl)cc2)=C1Nc1cc(Cl)c(O)c(Cl)c1,0.555832498,2.415146091,-8.1,-8,3.832,381.9678752
O=C(Nc1n[nH]c2ncc(-c3ccccc3)cc12)C1CC1,0.773390379,2.155164175,-8.4,-8.1,2.9734,278.1167611
c1cc(-c2ccc(N3CCOCC3)cc2)ccc1CSc1nnc(-c2ccc3c(c2)OCCO3)o1,0.33935022,2.408898678,-9.7,-10.7,5.3037,487.1565773
O=C(Nc1cc(-c2ccnc(NC(=O)C3CC3)c2)ccn1)C1CC1,0.886331622,2.175851356,-8.3,-7.6,2.8406,322.1429758
Cn1c(N2CCNC(c3ccc(Cl)cc3)C2)nc(-c2ccncc2)cc1=O,0.75527413,2.934106548,-9.2,-8.4,2.6466,381.1356379
O=C1NC(=O)C(c2cn(CCCN3CCOCC3)c3ccccc23)=C1c1ccccc1,0.629090111,2.407668877,-9.2,-8.2,2.9308,415.1895917
Cc1nc(-c2ccc(Cl)cc2)c(-c2ccnc(NC(=O)C3CC3)c2)[nH]1,0.728338929,2.310164562,-9,-8,4.44902,352.1090888
Cn1c(N2CCOC(c3ccccc3)C2)nc(-c2ccncc2)cc1=O,0.727450331,2.810005435,-8.7,-8.5,2.4202,348.1586259
c1ccc(-c2ncn(-c3ccc(-c4ccnc(Nc5ccc(-n6cnc(N7CCOCC7)n6)cc5)n4)cc3)n2)cc1,0.31043352,2.794470371,-10.8,-9.8,4.5522,542.2291055
COCCN1CCC(CNC(=O)c2n[nH]c3ccc(-c4ccccc4)cc23)CC1,0.647153718,2.235827093,-8.8,-8.6,3.3181,392.2212261
c1ccc(-c2ccc(CSc3nnc(-c4ccc5c(c4)OCCO5)o3)cc2)cc1,0.412852211,2.143259086,-9.4,-8.4,5.4671,402.1038134
CNC(=O)c1sc(-c2ccnc(NC(=O)C3CC3)c2)nc1OCCCCCCCCCCCCCCCCOc1cccc(-c2ccnc(NC(=O)C3CC3)c2)n1,0.052665042,3.379257414,-8.5,-7.8,9.6379,795.4141889
O=C(Nc1cc(-c2[nH]c(-c3ccc(F)cc3)nc2-c2ccc(F)cc2)ccn1)C1CC1,0.455597278,2.307570946,-10.2,-8.1,5.4324,416.1448676
Cn1cc(C2=C(c3ccccc3)C(=O)NC2=O)c2ccccc21,0.74005506,2.152761451,-8.5,-8.3,2.7455,302.1055277
c1ccc(-c2ccc(CSc3nnc(-c4ccc5c(c4)OCO5)o3)cc2)cc1,0.425315534,2.104144358,-9.4,-8.9,5.4246,388.0881634
COCCN1CCC(CNC(=O)c2n[nH]c3ccc(-c4ccccc4)cc23)CC1,0.647153718,2.235827093,-8.8,-8.6,3.3181,392.2212261
N#Cc1ccc(-c2ccc(CSc3nnc(-c4ccc5c(c4)OCO5)o3)cc2)cc1,0.410876371,2.293696678,-9,-9.5,5.29628,413.0834123
CCCC(=O)Nc1n[nH]c2ccc(-c3ccccn3)cc12,0.769418044,2.166620165,-8,-7.6,3.3635,280.1324111
c1ccc(-c2ccc(CSc3nnc(-c4ccc5c(c4)OCCO5)o3)cc2)cc1,0.412852211,2.143259086,-9.4,-9.1,5.4671,402.1038134
O=C1NC(=O)C(c2ccc(Cl)cc2)=C1Nc1cc(Cl)c(O)c(Cl)c1,0.555832498,2.415146091,-8.1,-7.9,3.832,381.9678752
Cc1ccccc1-c1ccc2[nH]nc(C(=O)NCC3CCN(CC(=O)O)CC3)c2c1,0.584417769,2.328037002,-9.2,-9.6,3.06472,406.2004907
O=C(Nc1cc(-c2ccnc(NC(=O)C3CC3)c2)ccn1)C1CC1,0.886331622,2.175851356,-8.3,-7.6,2.8406,322.1429758
Cc1ncn(-c2ccc(Nc3nccc(-c4ccc(-n5cnc(-c6ccccc6)n5)cc4)n3)cc2)n1,0.363894033,2.59839593,-10.3,-9.9,5.02402,471.1919917
O=C(Nc1n[nH]c2ncc(-c3ccccc3)cc12)C1CC1,0.773390379,2.155164175,-8.5,-8,2.9734,278.1167611
Cc1ncn(-c2ccc(-c3ccc(CSc4nnc(-c5ccc6c(c5)OCO6)o4)cc3)cc2)n1,0.309116734,2.558522905,-10.3,-9.4,5.31372,469.1208605
c1ccc(-c2ccc(CSc3nnc(-c4ccc5c(c4)OCCO5)o3)cc2)cc1,0.412852211,2.143259086,-9.3,-8.9,5.4671,402.1038134
Cn1cc(C2=C(c3ccccc3)C(=O)NC2=O)c2ccccc21,0.74005506,2.152761451,-8.5,-8.3,2.7455,302.1055277
c1ccc(-c2ccc(CSc3nnc(-c4ccc5c(c4)OCO5)o3)cc2)cc1,0.425315534,2.104144358,-9.4,-8.9,5.4246,388.0881634
Cn1c(N2CCNC(c3ccc(F)cc3)C2)nc(-c2ccccc2)cc1=O,0.776466779,2.767418382,-9.7,-8.8,2.7373,364.1699395
c1ccc(-c2ccc(CSc3nnc(-c4ccc5c(c4)OCO5)o3)cc2)cc1,0.425315534,2.104144358,-9.4,-8.9,5.4246,388.0881634
CNC(=O)c1sc(-c2ccnc(NC(=O)C3CC3)c2)nc1OCC1CC1,0.779405599,2.643919268,-7.9,-7,2.702,372.1256115
c1cc(-c2ccc(N3CCOCC3)cc2)ccc1CSc1nnc(-c2ccc3c(c2)OCO3)o1,0.351341383,2.372265255,-9.9,-10.4,5.2612,473.1409272
N#Cc1ccc(-c2ccc(CSc3nnc(-c4ccc5c(c4)OCO5)o3)cc2)cc1,0.410876371,2.293696678,-9.1,-9.2,5.29628,413.0834123
N=C1NC(=O)C(=Cc2ccc(-c3ccc(S(N)(=O)=O)cc3)o2)S1,0.727500958,2.751821985,-8.3,-7.8,1.73267,349.0190978
O=C(Nc1n[nH]c2ncc(-c3ccc(Cl)cc3)cc12)C1CC1,0.775545072,2.219756324,-8.8,-8.2,3.6268,312.0777887
c1ccc(-c2ccc(CSc3nnc(-c4ccc5c(c4)OCCO5)o3)cc2)cc1,0.412852211,2.143259086,-9.4,-9.1,5.4671,402.1038134
c1ccc(-c2ccc(CSc3nnc(-c4ccc5c(c4)OCO5)o3)cc2)cc1,0.425315534,2.104144358,-9.4,-8.9,5.4246,388.0881634
O=C(Nc1cc(-c2[nH]c(-c3ccc(F)cc3)nc2-c2ccc(F)cc2)ccn1)C1CC1,0.455597278,2.307570946,-10.4,-8.6,5.4324,416.1448676
Cc1nc(C)n(-c2ccc(Nc3cc(-c4ccnc(NC(=O)C5CC5)c4)ccn3)cc2)n1,0.474169075,2.50767696,-9.3,-9.2,4.43324,425.1964084
COCCN1CCC(CNC(=O)c2n[nH]c3ccc(-c4ccccc4)cc23)CC1,0.647153718,2.235827093,-8.8,-8.6,3.3181,392.2212261
Cc1nc(C)n(-c2ccc(-c3ccnc(Nc4ccc(-n5cnc(N6CCOCC6)n5)cc4)n3)cc2)n1,0.378961247,2.779990029,-9.9,-9.1,3.50204,494.2291055
COCCN1CCC(CNC(=O)c2n[nH]c3ccc(-c4ccccc4)cc23)CC1,0.647153718,2.235827093,-8.8,-8.6,3.3181,392.2212261
N#Cc1ccc(-c2ccc(CSc3nnc(-c4ccc5c(c4)OCO5)o3)cc2)cc1,0.410876371,2.293696678,-9.2,-9.3,5.29628,413.0834123
N#Cc1ccc(-c2ccc(CSc3nnc(-c4ccc5c(c4)OCO5)o3)cc2)cc1,0.410876371,2.293696678,-9.4,-9.5,5.29628,413.0834123
O=C(O)CN1CCC(CNC(=O)c2n[nH]c3ccc(-c4ccccc4)cc23)CC1,0.599180564,2.23850613,-9.1,-8.9,2.7563,392.1848406
COCCN1CCC(CNC(=O)c2n[nH]c3cc(-c4ccccc4)ccc23)CC1,0.647153718,2.240086822,-8.7,-8.4,3.3181,392.2212261
Cc1ccccc1-c1ccc2[nH]nc(C(=O)NCC3CCN(CC(=O)O)CC3)c2c1,0.584417769,2.328037002,-9.3,-9.6,3.06472,406.2004907
Cn1c(N2CCNC(c3ccc(Cl)cc3)C2)nc(-c2ccncc2)cc1=O,0.75527413,2.934106548,-9.2,-8.4,2.6466,381.1356379
c1ccc(-c2ccc(CSc3nnc(-c4ccc5c(c4)OCCO5)o3)cc2)cc1,0.412852211,2.143259086,-9.5,-8.4,5.4671,402.1038134
Cn1ccc(-c2ccnc(Nc3ccc(-n4cnc(N5CCOCC5)n4)cc3)c2)n1,0.54915868,2.678751993,-8.9,-8.4,2.643,402.1916573
c1ccc(-c2ccc(CSc3nnc(-c4ccc5c(c4)OCCO5)o3)cc2)cc1,0.412852211,2.143259086,-9.4,-9.1,5.4671,402.1038134
FC(F)(F)c1ccc(CSc2nnc(-c3ccc4c(c3)OCO4)o2)cc1,0.607590597,2.275566105,-8.8,-7.9,4.7764,380.0442479
c1ccc(-c2ccc(CSc3nnc(-c4ccc5c(c4)OCO5)o3)cc2)cc1,0.425315534,2.104144358,-9.4,-8.9,5.4246,388.0881634
Cc1ncn(-c2ccc(Nc3cc(-c4cccc(Nc5ccccc5C(N)=O)c4)ccn3)cc2)n1,0.306297669,2.477089628,-10.3,-9.6,5.22382,461.1964084
c1ccc(-c2ccc(CSc3nnc(-c4ccc5c(c4)OCO5)o3)cc2)cc1,0.425315534,2.104144358,-9.4,-8.8,5.4246,388.0881634
Cn1cc(C2=C(c3ccc(Cl)cc3)C(=O)NC2=O)c2ccccc21,0.72915021,2.217076243,-8.1,-8.4,3.3989,336.0665553
Clc1ccc(Nc2nccc(-c3ccnc(Nc4ccc(N5CCOCC5)cc4)n3)n2)cc1Cl,0.360174948,2.431275092,-10.3,-9.6,5.5642,493.1184637
O=C(Nc1ccc(Nc2cc(-c3cccnc3)ccn2)cc1)c1ccccc1,0.513166651,1.896615515,-9.3,-9,5.1395,366.1480612
O=C1NC(=O)C(c2ccccc2)=C1Nc1cc(Cl)c(O)c(Cl)c1,0.587526714,2.35591934,-7.9,-8.2,3.1786,348.0068475
c1ccc(-c2ccc(CSc3nnc(-c4ccc5c(c4)OCCO5)o3)cc2)cc1,0.412852211,2.143259086,-9.4,-9.2,5.4671,402.1038134
CSc1nc(-c2ccc(F)cc2)c(-c2ccnc(NC3CCCC3)c2)[nH]1,0.595830443,2.449623214,-8.7,-7.9,5.3542,368.1470959
Clc1ccc(Nc2nccc(-c3cnn4ncccc34)n2)cc1,0.62407752,2.412541583,-8.6,-7.7,3.5833,322.073372
O=C1NC(=O)C(c2cn(CCO)c3ccccc23)=C1c1coc2ccccc12,0.539622346,2.566166519,-9.1,-8.3,2.947,372.111007
c1ccc(-c2ccc(CSc3nnc(-c4ccc5c(c4)OCCO5)o3)cc2)cc1,0.412852211,2.143259086,-9.4,-9.1,5.4671,402.1038134
N#Cc1ccc(-c2ccc(CSc3nnc(-c4ccc5c(c4)OCO5)o3)cc2)cc1,0.410876371,2.293696678,-9.2,-9.4,5.29628,413.0834123
c1ccc(-c2ccc(CSc3nnc(-c4ccc5c(c4)OCO5)o3)cc2)cc1,0.425315534,2.104144358,-9.4,-8.9,5.4246,388.0881634
Cn1c(N2CCNC(c3ccc(Cl)cc3)C2)nc(-c2ccncn2)cc1=O,0.746716529,3.084507731,-9.1,-8.4,2.0416,382.1308869
O=C1NC(=O)C(c2cn(CCCN3CCOCC3)c3ccccc23)=C1c1coc2ccccc12,0.449108134,2.668609246,-9.8,-8.8,3.677,455.1845063
c1ccc(-c2ccc(CSc3nnc(-c4ccc5c(c4)OCO5)o3)cc2)cc1,0.425315534,2.104144358,-9.4,-8.9,5.4246,388.0881634
CN1CCN(c2nc(-c3ccncc3)cc(=O)n2C)CC1,0.808334328,2.25622362,-7.3,-7.6,0.5941,285.1589602
O=C1NC(=O)C(c2ccccc2)=C1Nc1cc(Cl)c(O)c(Cl)c1,0.587526714,2.35591934,-8,-8.2,3.1786,348.0068475
O=C1NC(=O)C(c2cn3c4c(cccc24)CNCC3)=C1c1coc2ccccc12,0.521852244,2.883465465,-9.4,-9.4,3.0579,383.1269914
N#Cc1ccc(-c2ccc(CSc3nnc(-c4ccc5c(c4)OCO5)o3)cc2)cc1,0.410876371,2.293696678,-9.5,-9.4,5.29628,413.0834123
c1ccc(-c2ccc(CSc3nnc(-c4ccc5c(c4)OCO5)o3)cc2)cc1,0.425315534,2.104144358,-9.4,-8.9,5.4246,388.0881634
O=C(Nc1cc(-c2[nH]c(-c3ccc(F)cc3)nc2-c2ccc(F)cc2)ccn1)C1CC1,0.455597278,2.307570946,-10.4,-8.6,5.4324,416.1448676
N#Cc1ccc(-c2ccc(CSc3nnc(-c4ccc5c(c4)OCO5)o3)cc2)cc1,0.410876371,2.293696678,-9.5,-9.4,5.29628,413.0834123
c1ccc(-c2ccc(CSc3nnc(-c4ccc5c(c4)OCCO5)o3)cc2)cc1,0.412852211,2.143259086,-9.5,-8.4,5.4671,402.1038134
COc1ccc(C2=C(c3coc4ccccc34)C(=O)NC2=O)cc1OC,0.732773367,2.328404126,-8.5,-7.9,3.0172,349.0950226
c1ccc(-c2ccc(CSc3nnc(-c4ccc5c(c4)OCO5)o3)cc2)cc1,0.425315534,2.104144358,-9.4,-8.9,5.4246,388.0881634
O=C(Nc1n[nH]c2ncc(-c3ccccc3)cc12)C1CC1,0.773390379,2.155164175,-8.3,-8,2.9734,278.1167611
O=C(Nc1cc(-c2[nH]c(-c3ccc(F)cc3)nc2-c2ccc(F)cc2)ccn1)C1CC1,0.455597278,2.307570946,-10.4,-8.6,5.4324,416.1448676
Cc1nc(-c2ccc(F)cc2)c(-c2ccnc(NC(=O)C3CCCC3)c2)[nH]1,0.703902711,2.340641938,-9.5,-8.4,4.71492,364.1699395
Cn1c(N2CCNC(c3ccc(F)cc3)C2)nc(-c2ccncc2)cc1=O,0.770469732,2.93868998,-9.6,-8.6,2.1323,365.1651885
O=C(Nc1cc(-c2ccnc(NC(=O)C3CC3)c2)ccn1)C1CC1,0.886331622,2.175851356,-8.3,-7.2,2.8406,322.1429758
O=C1NC(=O)C(c2cn(CCCN3CCOCC3)c3ccccc23)=C1c1ccccc1,0.629090111,2.407668877,-9.3,-7.6,2.9308,415.1895917
O=C(Nc1cc(-c2[nH]c(-c3ccc(F)cc3)nc2-c2ccc(F)cc2)ccn1)C1CC1,0.455597278,2.307570946,-10.4,-8.5,5.4324,416.1448676
COc1ccccc1C1=C(c2cn(CCCn3ccnc3)c3ccccc23)C(=O)NC1=O,0.458988628,2.561112611,-8.8,-7.5,3.5039,426.1691906
COCCN1CCC(CNC(=O)c2n[nH]c3ccc(-c4ccccc4)cc23)CC1,0.647153718,2.235827093,-8.8,-8.6,3.3181,392.2212261
COc1ccc(-c2ccc3[nH]nc(C(=O)NCC4CCN(CC(=O)O)CC4)c3c2)cc1,0.540462014,2.29471736,-9,-8.1,2.7649,422.1954053
N#Cc1ccc(-c2ccc(CSc3nnc(-c4ccc5c(c4)OCCO5)o3)cc2)cc1,0.397746084,2.328630459,-9.4,-9.6,5.33878,427.0990624
CCCC(=O)Nc1n[nH]c2ccc(-c3ccccc3)cc12,0.758874824,1.967183343,-8.3,-7.6,3.9685,279.1371622
Cc1ncn(-c2ccc(Nc3nccc(-c4ccc(-n5cnc(-c6ccccc6)n5)cc4)n3)cc2)n1,0.363894033,2.59839593,-10.3,-10.1,5.02402,471.1919917
c1ccc(-c2ccc(CSc3nnc(-c4ccc5c(c4)OCCO5)o3)cc2)cc1,0.412852211,2.143259086,-9.4,-9.1,5.4671,402.1038134
COCCN1CCC(CNC(=O)c2n[nH]c3ccc(-c4ccccc4)cc23)CC1,0.647153718,2.235827093,-8.7,-8.5,3.3181,392.2212261
c1ccc(-c2ccc(CSc3nnc(-c4ccc5c(c4)OCO5)o3)cc2)cc1,0.425315534,2.104144358,-9.4,-8.9,5.4246,388.0881634
O=C1NC(=O)C(c2cn(CCCN3CCOCC3)c3ccccc23)=C1c1ccccc1,0.629090111,2.407668877,-9.2,-8.2,2.9308,415.1895917
CCCC(=O)Nc1n[nH]c2ccc(-c3ccccn3)cc12,0.769418044,2.166620165,-8,-7.2,3.3635,280.1324111
Cn1cc(C2=C(c3coc4ccccc34)C(=O)NC2=O)c2ccccc21,0.567245536,2.465095951,-9.3,-8.9,3.4917,342.1004423
c1ccc(-c2ccc(CSc3nnc(-c4ccc5c(c4)OCCO5)o3)cc2)cc1,0.412852211,2.143259086,-9.5,-8.4,5.4671,402.1038134
O=C(Nc1cc(-c2[nH]c(-c3ccc(F)cc3)nc2-c2ccc(F)cc2)ccn1)C1CC1,0.455597278,2.307570946,-10.2,-8.3,5.4324,416.1448676
COCCN1CCC(CNC(=O)c2n[nH]c3ccc(-c4ccc(Cl)cc4)cc23)CC1,0.599300035,2.296246977,-8.9,-8.1,3.9715,426.1822538
N#Cc1ccc(-c2ccc(CSc3nnc(-c4ccc5c(c4)OCO5)o3)cc2)cc1,0.410876371,2.293696678,-9.6,-9.5,5.29628,413.0834123
c1ccc(-c2ccc(CSc3nnc(-c4ccc5c(c4)OCO5)o3)cc2)cc1,0.425315534,2.104144358,-9.4,-9,5.4246,388.0881634
C=CC(=O)NCCCn1cc(C2=C(c3ccccc3)C(=O)NC2=O)c2ccccc21,0.364219381,2.487530204,-9,-8.6,2.9008,399.1582915
N#Cc1ccc(-c2ccc(CSc3nnc(-c4ccc5c(c4)OCCO5)o3)cc2)cc1,0.397746084,2.328630459,-9.2,-9.4,5.33878,427.0990624
c1ccc(-c2ccc(CSc3nnc(-c4ccc5c(c4)OCCO5)o3)cc2)cc1,0.412852211,2.143259086,-9.4,-9,5.4671,402.1038134
Cn1cc(C2=C(c3ccccc3)C(=O)NC2=O)c2ccccc21,0.74005506,2.152761451,-8.5,-8.3,2.7455,302.1055277
c1ccc(-c2ccc(CSc3nnc(-c4ccc5c(c4)OCO5)o3)cc2)cc1,0.425315534,2.104144358,-9.4,-8.8,5.4246,388.0881634
CNC(=O)c1sc(-c2ccnc(NC(=O)C3CC3)c2)nc1OCC1CC1,0.779405599,2.643919268,-7.8,-6.9,2.702,372.1256115
COCCN1CCC(CNC(=O)c2n[nH]c3ccc(-c4ccccc4)cc23)CC1,0.647153718,2.235827093,-8.8,-8.6,3.3181,392.2212261
c1ccc(-c2ccc(CSc3nnc(-c4ccc5c(c4)OCCO5)o3)cc2)cc1,0.412852211,2.143259086,-9.4,-8.4,5.4671,402.1038134
N#Cc1ccc(-c2ccc(CSc3nnc(-c4ccc5c(c4)OCCO5)o3)cc2)cc1,0.397746084,2.328630459,-9.4,-9.6,5.33878,427.0990624
O=C(O)c1ccc(CCN2CCC(CNC(=O)c3c[nH]c4ccc(-c5ccc(Cl)cc5)cc34)CC2)o1,0.294990009,2.52277708,-9.5,-9.4,5.464,505.1768341
N#Cc1ccc(-c2ccc(CSc3nnc(-c4ccc5c(c4)OCCO5)o3)cc2)cc1,0.397746084,2.328630459,-9.4,-9.4,5.33878,427.0990624
c1ccc(-c2ccc(CSc3nnc(-c4ccc5c(c4)OCO5)o3)cc2)cc1,0.425315534,2.104144358,-9.4,-8.9,5.4246,388.0881634
CCCC(=O)Nc1n[nH]c2ncc(-c3ccc(Cl)cc3)cc12,0.763814227,2.223081599,-8.3,-7.9,4.0169,314.0934388
CCCC(=O)Nc1n[nH]c2ccc(-c3ccccn3)cc12,0.769418044,2.166620165,-8,-7.2,3.3635,280.1324111
Cn1cc(C2=C(c3coc4ccccc34)C(=O)NC2=O)c2cc(Br)ccc21,0.492462841,2.602544543,-9.5,-8.7,4.2542,420.0109544
c1ccc(-c2ccc(CSc3nnc(-c4ccc5c(c4)OCCO5)o3)cc2)cc1,0.412852211,2.143259086,-9.4,-8.4,5.4671,402.1038134
O=C(Nc1cc(-c2[nH]c(-c3ccc(F)cc3)nc2-c2ccc(F)cc2)ccn1)C1CC1,0.455597278,2.307570946,-10.2,-8.1,5.4324,416.1448676
Cn1cc(C2=C(c3coc4ccccc34)C(=O)NC2=O)c2ccccc21,0.567245536,2.465095951,-9.3,-8.9,3.4917,342.1004423
c1ccc(-c2ccc(CSc3nnc(-c4ccc5c(c4)OCO5)o3)cc2)cc1,0.425315534,2.104144358,-9.4,-8.9,5.4246,388.0881634
c1ccc(-c2ccc(CSc3nnc(-c4ccc5c(c4)OCO5)o3)cc2)cc1,0.425315534,2.104144358,-9.4,-8.9,5.4246,388.0881634
c1ccc(-c2ccc(CSc3nnc(-c4ccc5c(c4)OCO5)o3)cc2)cc1,0.425315534,2.104144358,-9.4,-8.9,5.4246,388.0881634
N#Cc1ccc(-c2ccc(CSc3nnc(-c4ccc5c(c4)OCO5)o3)cc2)cc1,0.410876371,2.293696678,-9.4,-9.4,5.29628,413.0834123
c1ccc(-c2ccc(CSc3nnc(-c4ccc5c(c4)OCCO5)o3)cc2)cc1,0.412852211,2.143259086,-9.4,-9.1,5.4671,402.1038134
COCCN1CCC(CNC(=O)c2n[nH]c3ccc(-c4ccccc4)cc23)CC1,0.647153718,2.235827093,-8.8,-8.7,3.3181,392.2212261
Cn1cc(C2=C(c3cn(CCCO)c4ccccc34)C(=O)NC2=O)c2cc(Cl)ccc21,0.470659104,2.62527206,-9.2,-8.2,3.736,433.1193192
N#Cc1ccc(-c2ccc(CSc3nnc(-c4ccc5c(c4)OCCO5)o3)cc2)cc1,0.397746084,2.328630459,-9.4,-9.5,5.33878,427.0990624
Cc1ncn(-c2ccc(-c3ccnc(Nc4ccc(-n5cnc(N6CCOCC6)n5)cc4)n3)cc2)n1,0.391497667,2.795514694,-10.2,-9.4,3.19362,480.2134554
Cc1ncn(-c2ccc(Nc3nccc(-c4cccc(Nc5ccc(Cl)c(Cl)c5)c4)n3)cc2)n1,0.272872615,2.473470603,-9.8,-9.4,6.82672,487.107899
CSc1nc(-c2ccc(F)cc2)c(C2=CC=NC(Nc3ccc(NC(=O)c4ccc(F)cc4)cc3)=NC=C2)n1C,0.257231041,3.103042536,-10.4,-9.2,6.7891,554.1700368
O=C(NCC1CCN(Cc2ccccc2)CC1)c1n[nH]c2ccc(-c3ccccc3)cc12,0.464120718,2.146793483,-8.7,-9.5,4.8719,424.2263115
c1ccc(-c2ccc(CSc3nnc(-c4ccc5c(c4)OCCO5)o3)cc2)cc1,0.412852211,2.143259086,-9.4,-8.4,5.4671,402.1038134
O=C(Nc1n[nH]c2ccc(-c3ccccn3)cc12)C1CC1,0.773390379,2.163185865,-8.6,-8,2.9734,278.1167611
CSc1nc(-c2ccc(F)cc2)c(-c2ccnc(NC3CCOCC3)c2)[nH]1,0.630119024,2.581067345,-8.5,-8.1,4.5906,384.1420105
N#Cc1ccc(-c2ccc(CSc3nnc(-c4ccc5c(c4)OCO5)o3)cc2)cc1,0.410876371,2.293696678,-9.5,-9.2,5.29628,413.0834123
COCCN1CCC(CNC(=O)c2n[nH]c3ccc(-c4ccccc4)cc23)CC1,0.647153718,2.235827093,-8.8,-8.5,3.3181,392.2212261
N#Cc1ccc(-c2ccc(CSc3nnc(-c4ccc5c(c4)OCCO5)o3)cc2)cc1,0.397746084,2.328630459,-9.4,-9.5,5.33878,427.0990624
O=C(Nc1n[nH]c2ncc(-c3ccccc3)cc12)C1CC1,0.773390379,2.155164175,-8.5,-7.8,2.9734,278.1167611
c1ccc(-c2ccc(CSc3nnc(-c4ccc5c(c4)OCO5)o3)cc2)cc1,0.425315534,2.104144358,-9.4,-8.8,5.4246,388.0881634
COCCN1CCC(CNC(=O)c2n[nH]c3ccc(-c4ccccc4)cc23)CC1,0.647153718,2.235827093,-8.8,-8.5,3.3181,392.2212261
O=C(Nc1cc(-c2ccnc(Nc3ccccc3)c2)ccn1)C1CC1,0.73426779,2.063729845,-8.5,-8.1,4.2357,330.1480612
N#Cc1ccc(-c2ccc(CSc3nnc(-c4ccc5c(c4)OCCO5)o3)cc2)cc1,0.397746084,2.328630459,-9.3,-8.9,5.33878,427.0990624
c1ccc(-c2ccc(CSc3nnc(-c4ccc5c(c4)OCCO5)o3)cc2)cc1,0.412852211,2.143259086,-9.4,-9.1,5.4671,402.1038134
O=C(Nc1n[nH]c2ncc(-c3ccccc3)cc12)C1CC1,0.773390379,2.155164175,-8.5,-7.9,2.9734,278.1167611
Cn1cc(C2=C(c3ccccc3)C(=O)NC2=O)c2ccccc21,0.74005506,2.152761451,-8.5,-8.3,2.7455,302.1055277
N#Cc1ccc(-c2ccc(CSc3nnc(-c4ccc5c(c4)OCCO5)o3)cc2)cc1,0.397746084,2.328630459,-9.4,-9.2,5.33878,427.0990624
O=C(Nc1cc(-c2[nH]c(-c3ccc(F)cc3)nc2-c2ccc(Cl)cc2)ccn1)C1CC1,0.409246015,2.303554006,-10.6,-8.3,5.9467,432.1153171
c1ccc(-c2ccc(CSc3nnc(-c4ccc5c(c4)OCO5)o3)cc2)cc1,0.425315534,2.104144358,-9.4,-8.9,5.4246,388.0881634
O=C1NC(=O)C(c2cn(CCCN3CCOCC3)c3ncccc23)=C1c1coc2ccccc12,0.44876876,2.788305092,-9.8,-8.6,3.072,456.1797552
N#Cc1ccc(-c2ccc(CSc3nnc(-c4ccc5c(c4)OCO5)o3)cc2)cc1,0.410876371,2.293696678,-9,-9.4,5.29628,413.0834123
CCCC(=O)Nc1n[nH]c2ncc(-c3ccc(O)cc3)cc12,0.689730051,2.301415665,-8.2,-7.8,3.0691,296.1273258
COCCN1CCC(CNC(=O)c2n[nH]c3cc(-c4ccccc4)ccc23)CC1,0.647153718,2.240086822,-8.7,-8.4,3.3181,392.2212261
c1ccc(-c2ccc(CSc3nnc(-c4ccc5c(c4)OCCO5)o3)cc2)cc1,0.412852211,2.143259086,-9.4,-9,5.4671,402.1038134
c1ccc(-c2ccc(CSc3nnc(-c4ccc5c(c4)OCCO5)o3)cc2)cc1,0.412852211,2.143259086,-9.4,-9,5.4671,402.1038134
N#Cc1ccc(-c2ccc(CSc3nnc(-c4ccc5c(c4)OCO5)o3)cc2)cc1,0.410876371,2.293696678,-8.9,-9.3,5.29628,413.0834123
c1ccc(-c2ccc(CSc3nnc(-c4ccc5c(c4)OCCO5)o3)cc2)cc1,0.412852211,2.143259086,-9.4,-9.1,5.4671,402.1038134
O=C(Nc1n[nH]c2ncc(-c3ccccc3)cc12)C1CC1,0.773390379,2.155164175,-8.3,-8,2.9734,278.1167611
COCCN1CCC(CNC(=O)c2n[nH]c3ccc(-c4ccccc4)cc23)CC1,0.647153718,2.235827093,-8.8,-8.6,3.3181,392.2212261
COc1ccc(C2=C(c3coc4ccccc34)C(=O)NC2=O)cc1,0.753565951,2.24581675,-8.1,-7.9,3.0086,319.0844579
c1ccc(-c2ncn(-c3ccc(-c4ccnc(Nc5ccc(-n6cnc(N7CCOCC7)n6)cc5)n4)cc3)n2)cc1,0.31043352,2.794470371,-10.8,-9.9,4.5522,542.2291055
Cn1c(N2CCNC(c3ccc(C#N)cc3)C2)nc(-c2ccncn2)cc1=O,0.737618594,3.199380701,-9.2,-8.7,1.25988,373.1651082
Cn1c(N2CCNC(c3ccc(F)cc3)C2)nc(-c2ccncn2)cc1=O,0.75764903,3.089091163,-9.4,-8.4,1.5273,366.1604374
Cc1ncn(-c2ccc(-c3ccc(CSc4nnc(-c5ccc6c(c5)OCCO6)o4)cc3)cc2)n1,0.298520895,2.589830187,-10.1,-9.5,5.35622,483.1365105
O=C(Nc1cc(-c2[nH]c(-c3ccc(F)cc3)nc2-c2ccc(F)cc2)ccn1)C1CC1,0.455597278,2.307570946,-10.4,-8.4,5.4324,416.1448676
c1ccc(-c2ncn(-c3ccc(-c4ccnc(Nc5ccc(-n6cnc(N7CCOCC7)n6)cc5)n4)cc3)n2)cc1,0.31043352,2.794470371,-10.8,-9.8,4.5522,542.2291055
N#Cc1ccc(-c2ccc(CSc3nnc(-c4ccc5c(c4)OCO5)o3)cc2)cc1,0.410876371,2.293696678,-9.5,-9.3,5.29628,413.0834123
CCCC(=O)Nc1n[nH]c2ncc(-c3ccccc3)cc12,0.769418044,2.158598475,-8.1,-7.7,3.3635,280.1324111
O=C(Nc1cc(-c2[nH]c(-c3ccc(F)cc3)nc2-c2ccc(F)cc2)ccn1)C1CC1,0.455597278,2.307570946,-10.4,-8.6,5.4324,416.1448676
c1ccc(-c2ccc(CSc3nnc(-c4ccc5c(c4)OCO5)o3)cc2)cc1,0.425315534,2.104144358,-9.4,-8.9,5.4246,388.0881634
c1ccc(-c2ccc(CSc3nnc(-c4ccc5c(c4)OCO5)o3)cc2)cc1,0.425315534,2.104144358,-9.4,-8.9,5.4246,388.0881634
Cn1c(N2CCNC(c3ccc(F)cc3)C2)nc(-c2ccncn2)cc1=O,0.75764903,3.089091163,-9.4,-8.3,1.5273,366.1604374
O=C(Nc1cc(-c2ccnc(NC(=O)C3CC3)c2)ccn1)C1CC1,0.886331622,2.175851356,-8.2,-7.7,2.8406,322.1429758
Clc1ccc(-c2ccc(CSc3nnc(-c4ccc5c(c4)OCO5)o3)cc2)cc1,0.363205807,2.167020914,-9.5,-9.1,6.078,422.049191
CSc1nc(-c2ccc(F)cc2)c(-c2ccnc(NC(=O)C3CC3)c2)[nH]1,0.657070904,2.39643739,-8.6,-7.9,4.3482,368.1107104
c1ccc(-c2ccc(CSc3nnc(-c4ccc5c(c4)OCO5)o3)cc2)cc1,0.425315534,2.104144358,-9.4,-9,5.4246,388.0881634
c1ccc(-c2ccc(CSc3nnc(-c4ccc5c(c4)OCO5)o3)cc2)cc1,0.425315534,2.104144358,-9.4,-8.9,5.4246,388.0881634
Cn1cc(C2=C(c3coc4ccccc34)C(=O)NC2=O)c2ccc(I)cc21,0.356214978,2.727485402,-8.9,-8.4,4.0963,467.9970903
FC(F)(F)c1cnc(Nc2ccc(-n3cnc(-c4ccccc4)n3)cc2)cc1-c1ccc(Cl)cc1,0.27788976,2.49221094,-9.8,-10.1,7.4121,491.1124579
c1ccc(-c2ccc(CSc3nnc(-c4ccc5c(c4)OCO5)o3)cc2)cc1,0.425315534,2.104144358,-9.4,-8.9,5.4246,388.0881634
COCCN1CCC(CNC(=O)c2n[nH]c3ccc(-c4ccccc4)cc23)CC1,0.647153718,2.235827093,-8.8,-8.6,3.3181,392.2212261
Cn1c(N2CCNC(c3ccc(F)cc3)C2)nc(-c2ccncc2)cc1=O,0.770469732,2.93868998,-9.5,-8.5,2.1323,365.1651885
c1ccc(-c2ccc(CSc3nnc(-c4ccc5c(c4)OCCO5)o3)cc2)cc1,0.412852211,2.143259086,-9.4,-9,5.4671,402.1038134
CCCC(=O)Nc1n[nH]c2ncc(-c3ccc(Cl)cc3)cc12,0.763814227,2.223081599,-8.2,-8,4.0169,314.0934388
COCCN1CCC(CNC(=O)c2n[nH]c3ccc(-c4ccccc4)cc23)CC1,0.647153718,2.235827093,-8.8,-8.6,3.3181,392.2212261
CSc1nc(-c2ccc(F)cc2)c(-c2ccnc(Nc3ccc(N4CCOCC4)cc3)c2)[nH]1,0.365583059,2.511063567,-9.1,-8.3,5.5799,461.1685596
O=C(Nc1n[nH]c2ncc(-c3ccccc3)cc12)C1CC1,0.773390379,2.155164175,-8.4,-8.1,2.9734,278.1167611
CS(=O)(=O)Nc1ccc(CCNC(=O)c2ccnc3[nH]c(-c4ccc(F)cc4)nc23)cc1,0.39756007,2.37818203,-9,-8.6,3.108,453.1270887
N#Cc1ccc(-c2ccc(CSc3nnc(-c4ccc5c(c4)OCCO5)o3)cc2)cc1,0.397746084,2.328630459,-9.5,-9.6,5.33878,427.0990624
c1ccc(-c2ccc(CSc3nnc(-c4ccc5c(c4)OCO5)o3)cc2)cc1,0.425315534,2.104144358,-9.4,-8.9,5.4246,388.0881634
COCCN1CCC(CNC(=O)c2n[nH]c3cc(-c4ccc(Cl)cc4)ccc23)CC1,0.599300035,2.300408781,-8.7,-8.2,3.9715,426.1822538
c1ccc(-c2ccc(CSc3nnc(-c4ccc5c(c4)OCO5)o3)cc2)cc1,0.425315534,2.104144358,-9.4,-8.9,5.4246,388.0881634
c1ccc(-c2ccc(CSc3nnc(-c4ccc5c(c4)OCCO5)o3)cc2)cc1,0.412852211,2.143259086,-9.4,-9.1,5.4671,402.1038134
O=C(Nc1n[nH]c2ncc(-c3ccccc3)cc12)C1CC1,0.773390379,2.155164175,-8.5,-7.9,2.9734,278.1167611
COCCN1CCC(CNC(=O)c2n[nH]c3ccc(-c4ccc(Cl)cc4)cc23)CC1,0.599300035,2.296246977,-8.9,-8.1,3.9715,426.1822538
COCCN1CCC(CNC(=O)c2n[nH]c3cc(-c4ccccc4)ccc23)CC1,0.647153718,2.240086822,-8.7,-8.4,3.3181,392.2212261
Fc1cccc(F)c1Nc1nc2cnc(NC3CCCCC3)cc2n1C1CCCC1,0.51630396,2.645201305,-9,-8.4,6.3128,411.2234523
COc1ccc(-c2ccc3[nH]nc(C(=O)NCC4CCN(Cc5ccc(C(=O)O)o5)CC4)c3c2)cc1,0.34034651,2.514282997,-9.8,-8.9,4.1717,488.20597
COCCN1CCC(CNC(=O)c2n[nH]c3cc(-c4ccccc4)ccc23)CC1,0.647153718,2.240086822,-8.6,-8.4,3.3181,392.2212261
CSc1nc(-c2ccc(F)cc2)c(-c2ccnc(NC3CCCC3)c2)[nH]1,0.595830443,2.449623214,-8.8,-8,5.3542,368.1470959
O=C(Nc1n[nH]c2ncc(-c3ccccc3)cc12)C1CC1,0.773390379,2.155164175,-8.5,-8,2.9734,278.1167611
Cn1c(N2CCNC(c3ccc(F)cc3)C2)nc(-c2ccccc2)cc1=O,0.776466779,2.767418382,-9.7,-8.8,2.7373,364.1699395
N#Cc1ccc(-c2ccc(CSc3nnc(-c4ccc5c(c4)OCO5)o3)cc2)cc1,0.410876371,2.293696678,-9.5,-9.4,5.29628,413.0834123
Cn1cc(C2=C(c3cn(CCCN4CCOCC4)c4ccccc34)C(=O)NC2=O)c2ccccc21,0.440541409,2.644305013,-9.5,-8.4,3.4225,468.2161408
CNC(=O)c1sc(-c2ccnc(NC(=O)C3CC3)c2)nc1OCCCCCCCCCCCCCCCOc1cccc(-c2ccnc(NC(=O)C3CC3)c2)n1,0.055779665,3.35199243,-8.1,-7.8,9.2478,781.3985389
c1ccc(-c2ccc(CSc3nnc(-c4ccc5c(c4)OCCO5)o3)cc2)cc1,0.412852211,2.143259086,-9.4,-8.5,5.4671,402.1038134
N#Cc1ccc(-c2ccc(CSc3nnc(-c4ccc5c(c4)OCO5)o3)cc2)cc1,0.410876371,2.293696678,-9.4,-9.4,5.29628,413.0834123
Cn1c(N2CCNC(c3ccc(F)cc3)C2)nc(-c2ccccc2)cc1=O,0.776466779,2.767418382,-9.7,-8.7,2.7373,364.1699395
c1ccc(-c2ccc(CSc3nnc(-c4ccc5c(c4)OCO5)o3)cc2)cc1,0.425315534,2.104144358,-9.4,-8.9,5.4246,388.0881634
C=CC(=O)NCCCn1cc(C2=C(c3ccccc3)C(=O)NC2=O)c2ccccc21,0.364219381,2.487530204,-8.5,-8.6,2.9008,399.1582915
c1ccc(-c2ccc(CSc3nnc(-c4ccc5c(c4)OCO5)o3)cc2)cc1,0.425315534,2.104144358,-9.4,-8.9,5.4246,388.0881634
O=C(Nc1cc(-c2ccnc(Nc3ccc(N4CCOCC4)cc3)c2)ccn1)C1CC1,0.631791486,2.321233881,-9.3,-8.7,4.0723,415.200825
COc1ccccc1C1=C(c2cn(CCCO)c3ccccc23)C(=O)NC1=O,0.648283204,2.363875622,-8.2,-8.5,2.5995,376.1423071
O=C1NC(=O)C(c2cn(CCCN3CCOCC3)c3ccccc23)=C1c1coc2ccccc12,0.449108134,2.668609246,-9.8,-8.5,3.677,455.1845063
c1ccc(-c2ccc(CSc3nnc(-c4ccc5c(c4)OCO5)o3)cc2)cc1,0.425315534,2.104144358,-9.4,-8.9,5.4246,388.0881634
COCCN1CCC(CNC(=O)c2n[nH]c3ccc(-c4ccccc4)cc23)CC1,0.647153718,2.235827093,-8.8,-8.6,3.3181,392.2212261
Cn1cc(C2=C(c3cn(C)c4ccccc34)C(=O)NC2=O)c2ccccc21,0.561396223,2.41960808,-9,-8.3,3.2372,355.1320768
c1ccc(-c2ccc(CSc3nnc(-c4ccc5c(c4)OCO5)o3)cc2)cc1,0.425315534,2.104144358,-9.4,-8.9,5.4246,388.0881634
COCCN1CCC(CNC(=O)c2n[nH]c3cc(-c4ccc(Cl)cc4)ccc23)CC1,0.599300035,2.300408781,-8.7,-8.1,3.9715,426.1822538
CCS(=O)(=O)Nc1ccc(CCNC(=O)c2cccc3oc(-c4ccc(Cl)cc4)cc23)cc1,0.347427949,2.272631553,-8.7,-8.2,5.4873,482.1067059
N#Cc1ccc(-c2ccc(CSc3nnc(-c4ccc5c(c4)OCCO5)o3)cc2)cc1,0.397746084,2.328630459,-9.4,-9.6,5.33878,427.0990624
COCCN1CCC(CNC(=O)c2n[nH]c3ccc(-c4ccccc4)cc23)CC1,0.647153718,2.235827093,-8.8,-8.7,3.3181,392.2212261
COCCN1CCC(CNC(=O)c2n[nH]c3ccc(-c4ccccc4)cc23)CC1,0.647153718,2.235827093,-8.8,-8.5,3.3181,392.2212261
O=C(Nc1n[nH]c2ncc(-c3ccccc3)cc12)C1CC1,0.773390379,2.155164175,-8.5,-8,2.9734,278.1167611
c1ccc(-c2ccc(CSc3nnc(-c4ccc5c(c4)OCO5)o3)cc2)cc1,0.425315534,2.104144358,-9.4,-8.9,5.4246,388.0881634
c1ccc(-c2ccc(CSc3nnc(-c4ccc5c(c4)OCCO5)o3)cc2)cc1,0.412852211,2.143259086,-9.4,-8.4,5.4671,402.1038134
O=C(O)CN1CCC(CNC(=O)c2n[nH]c3ccc(-c4ccccc4)cc23)CC1,0.599180564,2.23850613,-9.3,-9.2,2.7563,392.1848406
COCCN1CCC(CNC(=O)c2n[nH]c3ccc(-c4ccccc4)cc23)CC1,0.647153718,2.235827093,-8.8,-8.6,3.3181,392.2212261
c1ccc(-c2ccc(CSc3nnc(-c4ccc5c(c4)OCCO5)o3)cc2)cc1,0.412852211,2.143259086,-9.5,-9.1,5.4671,402.1038134
N#Cc1ccc(-c2ccc(CSc3nnc(-c4ccc5c(c4)OCO5)o3)cc2)cc1,0.410876371,2.293696678,-9.5,-9.4,5.29628,413.0834123
O=C(NCC1CCN(Cc2ccccc2)CC1)c1n[nH]c2ccc(-c3cccc(F)c3F)cc12,0.418402472,2.3570734,-10.5,-9.6,5.1501,460.2074679
O=C(Nc1cc(-c2ccnc(Nc3ccccc3)c2)ccn1)C1CC1,0.73426779,2.063729845,-8.5,-8.1,4.2357,330.1480612
O=C1NC(=O)C(c2cn(CCCN3CCOCC3)c3ccccc23)=C1c1coc2ccccc12,0.449108134,2.668609246,-9.8,-8.6,3.677,455.1845063
c1ccc(-c2ccc(CSc3nnc(-c4ccc5c(c4)OCO5)o3)cc2)cc1,0.425315534,2.104144358,-9.4,-8.9,5.4246,388.0881634
Fc1cccc(F)c1Nc1nc2cnc(NC3CCCCC3)cc2n1C1CCCC1,0.51630396,2.645201305,-8.8,-8.8,6.3128,411.2234523
c1ccc(-c2ccc(CSc3nnc(-c4ccc5c(c4)OCCO5)o3)cc2)cc1,0.412852211,2.143259086,-9.4,-8.4,5.4671,402.1038134
c1ccc(-c2ccc(CSc3nnc(-c4ccc5c(c4)OCO5)o3)cc2)cc1,0.425315534,2.104144358,-9.4,-8.9,5.4246,388.0881634
Cn1cc(C2=C(c3cn(CCCN4CCOCC4)c4ncccc34)C(=O)NC2=O)c2ccccc21,0.43944429,2.761653882,-9.7,-9,2.8175,469.2113897
O=C1NC(=O)C(c2cn(CCCn3ccnc3)c3ccccc23)=C1c1coc2ccccc12,0.403791318,2.745774432,-10,-8.6,4.2415,436.1535405
COCCN1CCC(CNC(=O)c2n[nH]c3ccc(-c4ccc(Cl)cc4)cc23)CC1,0.599300035,2.296246977,-8.9,-8,3.9715,426.1822538
O=C(O)CN1CCC(NC(=O)c2cc(-n3cc(NC(=O)Nc4ccccc4Cl)cn3)cs2)CC1,0.391120755,2.640279744,-9.2,-8.7,3.51,502.1190019
O=C(Nc1cc(-c2[nH]c(-c3ccc(F)cc3)nc2-c2ccc(F)cc2)ccn1)C1CC1,0.455597278,2.307570946,-10.3,-8.5,5.4324,416.1448676
O=C(O)c1ccc(CN2CCC(CNC(=O)c3n[nH]c4ccc(-c5ccccc5)cc34)CC2)o1,0.3834196,2.45819368,-9.8,-9.4,4.1631,458.1954053
N#Cc1ccc(-c2ccc(CSc3nnc(-c4ccc5c(c4)OCO5)o3)cc2)cc1,0.410876371,2.293696678,-9.3,-9.5,5.29628,413.0834123
N#Cc1ccc(-c2ccc(CSc3nnc(-c4ccc5c(c4)OCO5)o3)cc2)cc1,0.410876371,2.293696678,-9.5,-9.5,5.29628,413.0834123
NC(=O)c1nc(-c2ccc(F)cc2)c(-c2ccnc(NC(=O)C3CC3)c2)[nH]1,0.644850199,2.470090537,-9.3,-8,2.7252,365.128803
Clc1ccc(-c2ccc(CSc3nnc(-c4ccc5c(c4)OCCO5)o3)cc2)cc1,0.351076567,2.205090627,-9.6,-9.3,6.1205,436.0648411
COCCN1CCC(CNC(=O)c2n[nH]c3ccc(-c4ccccc4)cc23)CC1,0.647153718,2.235827093,-8.8,-8.6,3.3181,392.2212261
c1ccc(-c2ccc(CSc3nnc(-c4ccc5c(c4)OCO5)o3)cc2)cc1,0.425315534,2.104144358,-9.4,-8.9,5.4246,388.0881634
COCCN1CCC(CNC(=O)c2n[nH]c3ccc(-c4ccccc4)cc23)CC1,0.647153718,2.235827093,-8.8,-8.6,3.3181,392.2212261
Cn1c(N2CCNC(c3ccc(F)cc3)C2)nc(-c2ccccc2)cc1=O,0.776466779,2.767418382,-9.7,-8.8,2.7373,364.1699395
NC(=O)c1ccccc1Nc1cccc(-c2ccnc(NC(=O)C3CC3)c2)c1,0.610408896,2.087658699,-9.2,-8.8,3.9396,372.1586259
c1ccc(-c2ccc(CSc3nnc(-c4ccc5c(c4)OCCO5)o3)cc2)cc1,0.412852211,2.143259086,-9.4,-9.1,5.4671,402.1038134
c1ccc(-c2ccc(CSc3nnc(-c4ccc5c(c4)OCO5)o3)cc2)cc1,0.425315534,2.104144358,-9.4,-8.9,5.4246,388.0881634
c1ccc(-c2ccc(CSc3nnc(-c4ccc5c(c4)OCCO5)o3)cc2)cc1,0.412852211,2.143259086,-9.4,-9.2,5.4671,402.1038134
O=C(Nc1cc(-c2[nH]c(-c3ccc(F)cc3)nc2-c2ccc(Cl)cc2)ccn1)C1CC1,0.409246015,2.303554006,-10.4,-8.6,5.9467,432.1153171
N#Cc1ccc(-c2ccc(CSc3nnc(-c4ccc5c(c4)OCO5)o3)cc2)cc1,0.410876371,2.293696678,-8.9,-9.4,5.29628,413.0834123
Cn1c(N2CCNC(c3ccccc3)C2)nc(-c2ccccn2)cc1=O,0.785052937,2.885942479,-9.1,-8,1.9932,347.1746103
N#Cc1ccc(-c2ccc(CSc3nnc(-c4ccc5c(c4)OCO5)o3)cc2)cc1,0.410876371,2.293696678,-8.9,-9.6,5.29628,413.0834123
Cn1c(N2CCNC(c3ccc(C#N)cc3)C2)nc(-c2ccccc2)cc1=O,0.765612111,2.889621727,-9.4,-8.9,2.46988,371.1746103
c1ccc(-c2ccnc(Nc3ccc(N4CCOCC4)cc3)n2)cc1,0.788896916,1.926510313,-8.5,-8.4,3.7238,332.1637113
c1ccc(-c2ccc(CSc3nnc(-c4ccc5c(c4)OCO5)o3)cc2)cc1,0.425315534,2.104144358,-9.4,-8.9,5.4246,388.0881634
O=C(Nc1cc(-c2ccnc(NC(=O)C3CC3)c2)ccn1)C1CC1,0.886331622,2.175851356,-8.4,-7.5,2.8406,322.1429758
O=C(Nc1cc(-c2[nH]c(-c3ccc(F)cc3)nc2-c2ccc(F)cc2)ccn1)C1CC1,0.455597278,2.307570946,-10.4,-8.6,5.4324,416.1448676
Cc1ccc(-c2ccc(CSc3nnc(-c4ccc5c(c4)OCCO5)o3)cc2)cc1,0.384730018,2.194114828,-9.5,-9.5,5.77552,416.1194635
N#Cc1ccc(-c2ccc(CSc3nnc(-c4ccc5c(c4)OCO5)o3)cc2)cc1,0.410876371,2.293696678,-8.9,-9.5,5.29628,413.0834123
Cn1c(N2CCNC(c3ccc(Cl)cc3)C2)nc(-c2ccncn2)cc1=O,0.746716529,3.084507731,-9.1,-8.3,2.0416,382.1308869
Fc1cccc(F)c1Nc1nc2cnc(NC3CCCCC3)cc2n1C1CCCC1,0.51630396,2.645201305,-9.1,-8.4,6.3128,411.2234523
CSc1nc(-c2ccc(F)cc2)c(-c2ccnc(NC3CCCC3)c2)[nH]1,0.595830443,2.449623214,-8.8,-8,5.3542,368.1470959
CS(=O)(=O)Nc1ccc(CCNC(=O)c2ccc(O)c3nc(-c4ccc(F)cc4)[nH]c23)cc1,0.330886969,2.421544767,-8.6,-8.9,3.4186,468.1267544
CNC(=O)c1sc(-c2ccnc(NC(=O)C3CC3)c2)nc1OCCCCCCCCCCCCCCCCCCOc1cccc(-c2ccnc(NC(=O)C3CC3)c2)n1,0.047428799,3.435002304,-7.9,-7.4,10.4181,823.4454891
Clc1ccc(Nc2nccc(-c3ccncc3)n2)cc1Cl,0.767465437,2.009545764,-7.8,-7.3,4.589,316.0282517
Clc1ccc(-c2nnc(SCc3ccc(-c4ccccc4)cc3)o2)cc1,0.379144192,1.87624847,-9.2,-8.7,6.3493,378.0593618
N#Cc1ccc(-c2ccc(CSc3nnc(-c4ccc5c(c4)OCO5)o3)cc2)cc1,0.410876371,2.293696678,-9.5,-9.2,5.29628,413.0834123
O=C(Nc1cc(-c2ccnc(NC(=O)C3CC3)c2)ccn1)C1CC1,0.886331622,2.175851356,-8.3,-7.6,2.8406,322.1429758
O=C(Nc1ccc(Nc2nccc(-c3ccccc3)n2)cc1)c1ccccc1,0.513166651,1.754332104,-9.5,-8.9,5.1395,366.1480612
O=C(Nc1n[nH]c2ncc(-c3ccccc3)cc12)C1CC1,0.773390379,2.155164175,-8.5,-8,2.9734,278.1167611
N#Cc1ccc(-c2ccc(CSc3nnc(-c4ccc5c(c4)OCCO5)o3)cc2)cc1,0.397746084,2.328630459,-9.4,-9.2,5.33878,427.0990624
O=C(Nc1n[nH]c2ncc(-c3ccccc3)cc12)C1CC1,0.773390379,2.155164175,-8.5,-7.9,2.9734,278.1167611
Cc1ncn(-c2ccc(-c3ccnc(Nc4ccc(-n5cnc(N6CCOCC6)n5)cc4)n3)cc2)n1,0.391497667,2.795514694,-10.2,-9.3,3.19362,480.2134554
c1ccc(-c2ccc(CSc3nnc(-c4ccc5c(c4)OCCO5)o3)cc2)cc1,0.412852211,2.143259086,-9.4,-9.1,5.4671,402.1038134
c1ccc(-c2ccc(CSc3nnc(-c4ccc5c(c4)OCO5)o3)cc2)cc1,0.425315534,2.104144358,-9.4,-8.9,5.4246,388.0881634
c1ccc(-c2ccc(CSc3nnc(-c4ccc5c(c4)OCO5)o3)cc2)cc1,0.425315534,2.104144358,-9.4,-8.9,5.4246,388.0881634
CSc1nc(-c2ccccc2)c(-c2ccnc(NC(=O)C3CC3)c2)[nH]1,0.676359731,2.332860852,-8.9,-7.6,4.2091,350.1201322
CCCC(=O)Nc1n[nH]c2ccc(-c3ccccn3)cc12,0.769418044,2.166620165,-8.1,-7.5,3.3635,280.1324111
O=C(Nc1n[nH]c2ncc(-c3ccccc3)cc12)C1CC1,0.773390379,2.155164175,-8.5,-8,2.9734,278.1167611
CCCC(=O)Nc1n[nH]c2ncc(-c3ccccc3)cc12,0.769418044,2.158598475,-8.1,-7.8,3.3635,280.1324111
Cc1nc(C)n(-c2ccc(-c3ccnc(Nc4ccc(-n5cnc(N6CCOCC6)n5)cc4)n3)cc2)n1,0.378961247,2.779990029,-10,-9.4,3.50204,494.2291055
COCCN1CCC(CNC(=O)c2n[nH]c3ccc(-c4ccccc4)cc23)CC1,0.647153718,2.235827093,-8.8,-8.7,3.3181,392.2212261
Cn1c(NC2CCCC2)nc(-c2ccccc2)cc1=O,0.931681077,2.079616061,-7.6,-7.4,2.8018,269.1528122
COCCN1CCC(CNC(=O)c2n[nH]c3ccc(-c4ccccc4)cc23)CC1,0.647153718,2.235827093,-8.8,-8.5,3.3181,392.2212261
Cn1cc(C2=C(c3cn(C)c4ccccc34)C(=O)NC2=O)c2ccccc21,0.561396223,2.41960808,-9,-8.3,3.2372,355.1320768
c1ccc(-c2ccc(CSc3nnc(-c4ccc5c(c4)OCCO5)o3)cc2)cc1,0.412852211,2.143259086,-9.4,-9.1,5.4671,402.1038134
O=C(Nc1cc(-c2[nH]c(-c3ccc(F)cc3)nc2-c2ccc(F)cc2)ccn1)C1CC1,0.455597278,2.307570946,-10.6,-8.1,5.4324,416.1448676
COCCN1CCC(CNC(=O)c2n[nH]c3ccc(-c4ccccc4)cc23)CC1,0.647153718,2.235827093,-8.8,-8.6,3.3181,392.2212261
O=C(O)c1ccc(CN2CCC(CNC(=O)c3n[nH]c4ccc(-c5ccccc5)cc34)CC2)o1,0.3834196,2.45819368,-9.8,-9.4,4.1631,458.1954053
COc1cccc(-n2ncc3c(N=NCc4ccccc4)ncnc32)c1,0.510513391,2.656277841,-8.5,-8.1,4.108,344.1385591
c1ccc(-c2ccc(CSc3nnc(-c4ccc5c(c4)OCCO5)o3)cc2)cc1,0.412852211,2.143259086,-9.4,-9,5.4671,402.1038134
Cn1cc(C2=C(c3cn(CCCN4CCOCC4)c4ccccc34)C(=O)NC2=O)c2ccccc21,0.440541409,2.644305013,-9.5,-8.3,3.4225,468.2161408
O=C(NCC1CCN(Cc2ccccc2)CC1)c1n[nH]c2ccc(-c3ccccc3)cc12,0.464120718,2.146793483,-8.8,-9.5,4.8719,424.2263115
CCCC(=O)Nc1n[nH]c2ncc(-c3ccc(O)cc3)cc12,0.689730051,2.301415665,-8.1,-7.8,3.0691,296.1273258
Cc1nc(C)n(-c2ccc(Nc3cc(-c4ccnc(NC(=O)C5CC5)c4)ccn3)cc2)n1,0.474169075,2.50767696,-9.3,-9.1,4.43324,425.1964084
COCCN1CCC(CNC(=O)c2n[nH]c3ccc(-c4ccc(Cl)cc4)cc23)CC1,0.599300035,2.296246977,-8.9,-8.1,3.9715,426.1822538
O=C(Nc1cc(-c2[nH]c(-c3ccc(F)cc3)nc2-c2ccc(F)cc2)ccn1)C1CC1,0.455597278,2.307570946,-10.4,-8.5,5.4324,416.1448676
c1ccc(-c2ccc(CSc3nnc(-c4ccc5c(c4)OCO5)o3)cc2)cc1,0.425315534,2.104144358,-9.4,-8.9,5.4246,388.0881634
c1ccc(-c2ccc(CSc3nnc(-c4ccc5c(c4)OCO5)o3)cc2)cc1,0.425315534,2.104144358,-9.4,-8.9,5.4246,388.0881634
Cn1c(N2CCNC(c3ccc(F)cc3)C2)nc(-c2ccccc2)cc1=O,0.776466779,2.767418382,-9.7,-8.8,2.7373,364.1699395
CCCC(=O)Nc1n[nH]c2ccc(-c3ccccn3)cc12,0.769418044,2.166620165,-8.1,-7.5,3.3635,280.1324111
c1ccc(-c2ccc(CSc3nnc(-c4ccc5c(c4)OCO5)o3)cc2)cc1,0.425315534,2.104144358,-9.4,-8.9,5.4246,388.0881634
Cn1cc(C2=C(c3cn(CCCN4CCOCC4)c4ccccc34)C(=O)NC2=O)c2ccc(F)cc21,0.423446921,2.747452228,-9.8,-8.2,3.5616,486.2067189
c1ccc(-c2ccc(CSc3nnc(-c4ccc5c(c4)OCCO5)o3)cc2)cc1,0.412852211,2.143259086,-9.4,-9,5.4671,402.1038134
COCCN1CCC(CNC(=O)c2n[nH]c3oc(-c4ccc(Cl)cc4)cc23)CC1,0.614834132,2.696782504,-8.4,-7.7,3.5645,416.1615183
c1ccc(-c2ccc(CSc3nnc(-c4ccc5c(c4)OCO5)o3)cc2)cc1,0.425315534,2.104144358,-9.4,-8.9,5.4246,388.0881634
c1ccc(-c2ccc(CSc3nnc(-c4ccc5c(c4)OCO5)o3)cc2)cc1,0.425315534,2.104144358,-9.4,-8.9,5.4246,388.0881634
c1ccc(-c2ccc(CSc3nnc(-c4ccc5c(c4)OCO5)o3)cc2)cc1,0.425315534,2.104144358,-9.4,-8.9,5.4246,388.0881634
O=C(Nc1cc(-c2[nH]c(-c3ccc(F)cc3)nc2-c2ccc(F)cc2)ccn1)C1CC1,0.455597278,2.307570946,-10.5,-8.6,5.4324,416.1448676
COCCN1CCC(CNC(=O)c2n[nH]c3ccc(-c4ccccc4)cc23)CC1,0.647153718,2.235827093,-8.8,-8.6,3.3181,392.2212261
Cn1cc(C2=C(c3coc4ccccc34)C(=O)NC2=O)c2ccccc21,0.567245536,2.465095951,-9.3,-8.9,3.4917,342.1004423
N#Cc1ccc(-c2ccc(CSc3nnc(-c4ccc5c(c4)OCO5)o3)cc2)cc1,0.410876371,2.293696678,-9.5,-9.2,5.29628,413.0834123
COCCN1CCC(CNC(=O)c2n[nH]c3ccc(-c4ccc(O)cc4)cc23)CC1,0.559095199,2.352971645,-8.6,-8.6,3.0237,408.2161408
COCCN1CCC(CNC(=O)c2n[nH]c3ccc(-c4ccccc4)cc23)CC1,0.647153718,2.235827093,-8.8,-8.6,3.3181,392.2212261
c1ccc(-c2ccc(CSc3nnc(-c4ccc5c(c4)OCO5)o3)cc2)cc1,0.425315534,2.104144358,-9.4,-8.9,5.4246,388.0881634
N#Cc1ccc(-c2ccc(CSc3nnc(-c4ccc5c(c4)OCO5)o3)cc2)cc1,0.410876371,2.293696678,-9.5,-9.3,5.29628,413.0834123
CNC(=O)c1ccc(-c2ccnc(NC(=O)C3CC3)c2)nc1OCC1CC1,0.78570559,2.423443573,-8.4,-7.5,2.6405,366.1691906
O=C(Nc1cc(-c2ccnc(Nc3ccccc3)c2)ccn1)C1CC1,0.73426779,2.063729845,-8.6,-8.1,4.2357,330.1480612
c1ccc(-c2ccc(CSc3nnc(-c4ccc5c(c4)OCCO5)o3)cc2)cc1,0.412852211,2.143259086,-9.4,-9,5.4671,402.1038134
COCCN1CCC(CNC(=O)c2n[nH]c3ccc(-c4ccc(Cl)cc4)cc23)CC1,0.599300035,2.296246977,-8.9,-8,3.9715,426.1822538
CNC(=O)c1sc(-c2ccnc(NC(=O)C3CC3)c2)nc1OCCCCCCCCCCCCCCCOc1cccc(-c2ccnc(NC(=O)C3CC3)c2)n1,0.055779665,3.35199243,-8,-6.7,9.2478,781.3985389
Cn1c(N2CCNC(c3ccc(F)cc3)C2)nc(-c2ccncn2)cc1=O,0.75764903,3.089091163,-9.4,-8.3,1.5273,366.1604374
Cn1c(N2CCNC(c3ccc(F)cc3)C2)nc(-c2ccncn2)cc1=O,0.75764903,3.089091163,-9.4,-8.3,1.5273,366.1604374
O=C(NCCN1CCOCC1)c1ccc(Nc2cc(-c3ccnc(Nc4ccc(Cl)cc4)n3)ccn2)cc1,0.285444559,2.441058906,-9.3,-9.6,4.7412,529.1993008
c1ccc(-c2ccc(CSc3nnc(-c4ccc5c(c4)OCO5)o3)cc2)cc1,0.425315534,2.104144358,-9.4,-8.9,5.4246,388.0881634
c1ccc(-c2ccc(CSc3nnc(-c4ccc5c(c4)OCCO5)o3)cc2)cc1,0.412852211,2.143259086,-9.4,-9.1,5.4671,402.1038134
Cc1nc(-c2ccc(F)cc2)c(-c2ccnc(NC(=O)C3CC3)c2)[nH]1,0.758070095,2.315199882,-9.1,-7.9,3.93472,336.1386394
O=C(Nc1n[nH]c2ncc(-c3ccc(O)cc3)cc12)C1CC1,0.692320052,2.29809039,-8.4,-7.9,2.679,294.1116757
COCCN1CCC(CNC(=O)c2n[nH]c3ccc(-c4ccccc4)cc23)CC1,0.647153718,2.235827093,-8.8,-8.7,3.3181,392.2212261
N#Cc1ccc(-c2ccc(CSc3nnc(-c4ccc5c(c4)OCO5)o3)cc2)cc1,0.410876371,2.293696678,-9.5,-9,5.29628,413.0834123
c1ccc(-c2ccc(CSc3nnc(-c4ccc5c(c4)OCCO5)o3)cc2)cc1,0.412852211,2.143259086,-9.4,-9,5.4671,402.1038134
COCCN1CCC(CNC(=O)c2n[nH]c3ccc(-c4ccccc4)cc23)CC1,0.647153718,2.235827093,-8.8,-8.6,3.3181,392.2212261
COCCN1CCC(CNC(=O)c2n[nH]c3cc(-c4ccc(C)o4)ccc23)CC1,0.640684252,2.474604482,-8.8,-8,3.21952,396.2161408
Cn1cc(C2=C(c3ccccc3)C(=O)NC2=O)c2ccccc21,0.74005506,2.152761451,-8.5,-8.3,2.7455,302.1055277
c1ccc(-c2ccc(CSc3nnc(-c4ccc5c(c4)OCCO5)o3)cc2)cc1,0.412852211,2.143259086,-9.4,-9.1,5.4671,402.1038134
O=C(Nc1n[nH]c2ncc(-c3ccccc3)cc12)C1CC1,0.773390379,2.155164175,-8.3,-7.8,2.9734,278.1167611
O=C(Nc1cc(-c2ccnc(Nc3ccccc3)c2)ccn1)C1CC1,0.73426779,2.063729845,-8.5,-8.2,4.2357,330.1480612
c1ccc(-c2ncn(-c3ccc(-c4ccnc(Nc5ccc(-n6cnc(N7CCOCC7)n6)cc5)n4)cc3)n2)cc1,0.31043352,2.794470371,-10.6,-10,4.5522,542.2291055
c1ccc(-c2ncn(-c3ccc(-c4ccnc(Nc5ccc(-n6cnc(N7CCOCC7)n6)cc5)n4)cc3)n2)cc1,0.31043352,2.794470371,-10.9,-9.9,4.5522,542.2291055
O=C(Nc1cc(-c2[nH]c(-c3ccc(F)cc3)nc2-c2ccc(F)cc2)ccn1)C1CC1,0.455597278,2.307570946,-10.3,-8.6,5.4324,416.1448676
CNC(=O)c1sc(-c2ccnc(NC(=O)C3CC3)c2)nc1OCCCCCCCCCCCCCCOc1cccc(-c2ccnc(NC(=O)C3CC3)c2)n1,0.059274589,3.325156564,-8.2,-7.5,8.8577,767.3828888
Cc1nc(-c2ccc(F)cc2)c(-c2ccnc(NC(=O)C3CC3)c2)[nH]1,0.758070095,2.315199882,-9,-7.9,3.93472,336.1386394
O=C1NC(=O)C(c2cn(CCCn3ccnc3)c3ccccc23)=C1c1coc2ccccc12,0.403791318,2.745774432,-10,-8.5,4.2415,436.1535405
O=C1NC(=O)C(c2ccccc2)=C1Nc1cc(Cl)c(O)c(Cl)c1,0.587526714,2.35591934,-8,-8.2,3.1786,348.0068475
NC(=O)c1ccccc1Nc1cccc(-c2ccnc(Nc3ccc(-n4cnc(N5CCOCC5)n4)cc3)c2)c1,0.261618999,2.685753957,-10.7,-10.1,4.752,532.2335221
COCCN1CCC(CNC(=O)c2n[nH]c3ccc(-c4ccc(Cl)cc4Cl)cc23)CC1,0.538721417,2.417884343,-8.9,-8.4,4.6249,460.1432814
CSc1nc(-c2ccc(Cl)cc2)c(-c2ccnc(NC(=O)C3CC3)c2)[nH]1,0.615884038,2.391606205,-8.7,-7.6,4.8625,384.0811598
CCCC(=O)Nc1n[nH]c2ccc(-c3ccccn3)cc12,0.769418044,2.166620165,-8,-7.6,3.3635,280.1324111
c1ccc(-c2ccc(CSc3nnc(-c4ccc5c(c4)OCO5)o3)cc2)cc1,0.425315534,2.104144358,-9.4,-8.9,5.4246,388.0881634
O=C1N=C(c2ccccc2)c2ccccc21,0.706473304,1.866335382,-7.5,-7.6,2.6778,207.0684139
COCCN1CCC(CNC(=O)c2ccc(Nc3cc(-c4cccnc4)ccn3)cc2)CC1,0.518795831,2.308635653,-9,-8.2,3.9754,445.2477752
O=C(Nc1cc(-c2[nH]c(-c3ccc(F)cc3)nc2-c2ccc(F)cc2)ccn1)C1CC1,0.455597278,2.307570946,-10.2,-8.1,5.4324,416.1448676
O=C(Nc1n[nH]c2ncc(-c3ccc(Cl)cc3)cc12)C1CC1,0.775545072,2.219756324,-8.6,-8.2,3.6268,312.0777887
c1ccc(-c2ccc(CSc3nnc(-c4ccc5c(c4)OCO5)o3)cc2)cc1,0.425315534,2.104144358,-9.4,-8.9,5.4246,388.0881634
c1ccc(-c2ccc(CSc3nnc(-c4ccc5c(c4)OCCO5)o3)cc2)cc1,0.412852211,2.143259086,-9.4,-9,5.4671,402.1038134
O=C(Nc1cc(-c2[nH]c(SCc3ccc(-c4ccccc4)cc3)nc2-c2ccc(Cl)cc2)ccn1)C1CC1,0.196465603,2.442523077,-9.2,-8.9,8.0999,536.1437601
O=C1NC(=O)C(c2cn(CCCN3CCOCC3)c3ccc(Br)cc23)=C1c1ccccc1,0.531451524,2.532345365,-9.2,-8.1,3.6933,493.1001037
Cn1c(N2CCOCC2)nc(-c2ccncc2)cc1=O,0.804265051,2.26813622,-7.2,-7.5,0.6789,272.1273258
Cn1c(N2CCNC(c3ccc(F)cc3)C2)nc(-c2ccc(Cl)cn2)cc1=O,0.733384715,3.0219435,-9.7,-8.7,2.7857,399.1262161
c1cc(-c2ccc(N3CCOCC3)cc2)ccc1CSc1nnc(-c2ccc3c(c2)OCO3)o1,0.351341383,2.372265255,-9.9,-10.3,5.2612,473.1409272
CCCC(=O)Nc1n[nH]c2ncc(-c3ccc(O)cc3)cc12,0.689730051,2.301415665,-8.1,-7.8,3.0691,296.1273258
N#Cc1ccc(-c2ccc(CSc3nnc(-c4ccc5c(c4)OCO5)o3)cc2)cc1,0.410876371,2.293696678,-9.4,-9.4,5.29628,413.0834123
N#Cc1ccc(-c2ccc(CSc3nnc(-c4ccc5c(c4)OCO5)o3)cc2)cc1,0.410876371,2.293696678,-9.5,-9.3,5.29628,413.0834123
O=C(NCCc1ccccc1)c1ccnc2nc(-c3ccc(F)cc3)[nH]c12,0.56956738,2.129749331,-9.2,-8.1,3.7365,360.1386394
CC(C)NCCCn1cc(C2=C(c3ccccc3)C(=O)NC2=O)c2ccccc21,0.480986728,2.383738323,-8.7,-7.2,3.5966,387.194677
Cc1nc(-c2ccc(F)cc2)c(-c2ccnc(NC(=O)C3CC3)c2)[nH]1,0.758070095,2.315199882,-9.1,-8.1,3.93472,336.1386394
COCCN1CCC(CNC(=O)c2n[nH]c3ccc(-c4ccccc4)cc23)CC1,0.647153718,2.235827093,-8.8,-8.7,3.3181,392.2212261
c1ccc(-c2ccc(CSc3nnc(-c4ccc5c(c4)OCO5)o3)cc2)cc1,0.425315534,2.104144358,-9.4,-8.9,5.4246,388.0881634
c1cc(-c2ccc(N3CCOCC3)cc2)cc(Nc2ccc(N3CCOCC3)cc2)n1,0.673917013,2.203320081,-9.1,-8.5,4.1654,416.2212261
COCCN1CCC(CNC(=O)c2n[nH]c3ccc(-c4ccccc4)cc23)CC1,0.647153718,2.235827093,-8.8,-8.6,3.3181,392.2212261
CN1CCN(c2nc(-c3ccncc3)cc(=O)n2C)CC1,0.808334328,2.25622362,-7.3,-7.6,0.5941,285.1589602
Clc1ccc(Nc2nccc(-c3cnn4ncccc34)n2)cc1Cl,0.594122222,2.508098079,-8.7,-8.1,4.2367,356.0343997
O=C(Nc1cc(-c2[nH]c(-c3ccc(F)cc3)nc2-c2ccc(Cl)cc2)ccn1)C1CC1,0.409246015,2.303554006,-10.4,-7.9,5.9467,432.1153171
O=C(Nc1n[nH]c2ncc(-c3ccccc3)cc12)C1CC1,0.773390379,2.155164175,-8.5,-7.9,2.9734,278.1167611
N#Cc1ccc(-c2ccc(CSc3nnc(-c4ccc5c(c4)OCO5)o3)cc2)cc1,0.410876371,2.293696678,-9.5,-9.6,5.29628,413.0834123
c1ccc(-c2ccc(CSc3nnc(-c4ccc5c(c4)OCO5)o3)cc2)cc1,0.425315534,2.104144358,-9.4,-8.9,5.4246,388.0881634
Cn1cc(C2=C(c3ccccc3)C(=O)NC2=O)c2ccccc21,0.74005506,2.152761451,-8.5,-8.2,2.7455,302.1055277
O=C(O)c1ccc(CN2CCC(CNC(=O)c3n[nH]c4ccc(-c5ccccc5)cc34)CC2)o1,0.3834196,2.45819368,-9.9,-9.5,4.1631,458.1954053
Fc1cccc(F)c1Nc1nc2cnc(NC3CCCCC3)cc2n1C1CCCC1,0.51630396,2.645201305,-9.4,-8.4,6.3128,411.2234523
Cc1ncn(-c2ccc(Nc3nccc(-c4ccc(-n5cnc(-c6ccccc6)n5)cc4)n3)cc2)n1,0.363894033,2.59839593,-10.4,-10.1,5.02402,471.1919917
c1ccc(-c2ccc(CSc3nnc(-c4ccc5c(c4)OCCO5)o3)cc2)cc1,0.412852211,2.143259086,-9.4,-9,5.4671,402.1038134
O=C(Nc1cc(-c2[nH]c(-c3ccc(F)cc3)nc2-c2ccc(F)cc2)ccn1)C1CC1,0.455597278,2.307570946,-10.4,-8.6,5.4324,416.1448676
Cn1cc(C2=C(c3cn(C)c4ccccc34)C(=O)NC2=O)c2ccccc21,0.561396223,2.41960808,-9,-8.3,3.2372,355.1320768
N#Cc1ccc(-c2ccc(CSc3nnc(-c4ccc5c(c4)OCCO5)o3)cc2)cc1,0.397746084,2.328630459,-9.4,-9.6,5.33878,427.0990624
COCCN1CCC(CNC(=O)c2n[nH]c3ccc(-c4ccccc4)cc23)CC1,0.647153718,2.235827093,-8.8,-8.6,3.3181,392.2212261
Clc1ccccc1Nc1cc(-c2ccnc(Nc3ccc(-n4cnc(N5CCOCC5)n4)cc3)n2)ccn1,0.30003291,2.732128615,-10.1,-9.7,5.0965,525.1792341
c1ccc(-c2ncn(-c3ccc(-c4ccnc(Nc5ccc(-n6cnc(N7CCOCC7)n6)cc5)n4)cc3)n2)nc1,0.31644146,2.910903016,-10.8,-9.5,3.9472,543.2243544
N#Cc1ccc(-c2ccc(CSc3nnc(-c4ccc5c(c4)OCO5)o3)cc2)cc1,0.410876371,2.293696678,-9.3,-9.2,5.29628,413.0834123
c1ccc(-c2ccc(CSc3nnc(-c4ccc5c(c4)OCCO5)o3)cc2)cc1,0.412852211,2.143259086,-9.4,-9.1,5.4671,402.1038134
c1ccc(-c2ccc(CSc3nnc(-c4ccc5c(c4)OCCO5)o3)cc2)cc1,0.412852211,2.143259086,-9.4,-9.1,5.4671,402.1038134
CSc1nc(-c2ccccc2)c(-c2ccnc(NC(=O)C3CC3)c2)[nH]1,0.676359731,2.332860852,-8.6,-8.1,4.2091,350.1201322
Cn1cc(C2=C(c3ccccc3)C(=O)NC2=O)c2ccccc21,0.74005506,2.152761451,-8.5,-8.3,2.7455,302.1055277
c1ccc(-c2ccc(CSc3nnc(-c4ccc5c(c4)OCO5)o3)cc2)cc1,0.425315534,2.104144358,-9.4,-8.9,5.4246,388.0881634
O=C(Nc1cc(-c2[nH]c(-c3ccc(F)cc3)nc2-c2ccc(F)cc2)ccn1)C1CC1,0.455597278,2.307570946,-10.4,-8.6,5.4324,416.1448676
COCCN1CCC(CNC(=O)c2n[nH]c3ccc(-c4ccccc4)cc23)CC1,0.647153718,2.235827093,-8.8,-8.5,3.3181,392.2212261
O=C(O)CN1CCC(NC(=O)c2cc(-n3cc(NC(=O)Nc4ccccc4Cl)cn3)cs2)CC1,0.391120755,2.640279744,-9.1,-8.5,3.51,502.1190019
c1ccc(-c2ccc(CSc3nnc(-c4ccc5c(c4)OCO5)o3)cc2)cc1,0.425315534,2.104144358,-9.4,-8.9,5.4246,388.0881634
c1ccc(-c2ccc(CSc3nnc(-c4ccc5c(c4)OCO5)o3)cc2)cc1,0.425315534,2.104144358,-9.4,-8.9,5.4246,388.0881634
Clc1ccccc1Nc1cccc(-c2ccnc(Nc3ccc(-n4cnc(N5CCOCC5)n4)cc3)n2)c1,0.279852018,2.619250603,-10,-10,5.7015,524.1839851
Cn1cc(C2=C(c3ccccc3)C(=O)NC2=O)c2ccccc21,0.74005506,2.152761451,-8.5,-8.3,2.7455,302.1055277
N#Cc1ccc(-c2ccc(CSc3nnc(-c4ccc5c(c4)OCCO5)o3)cc2)cc1,0.397746084,2.328630459,-9.5,-9.4,5.33878,427.0990624
O=C(O)C=CSc1nc(-c2ccc(F)cc2)c(-c2ccnc(NC3CCCC3)c2)n1CC1CC1,0.281294777,2.919601501,-8.6,-8.7,6.2061,478.1838753
O=C(Nc1cc(-c2ccnc(NC(=O)C3CC3)c2)ccn1)C1CC1,0.886331622,2.175851356,-8.3,-7.7,2.8406,322.1429758
c1ccc(-c2ccc(CSc3nnc(-c4ccc5c(c4)OCCO5)o3)cc2)cc1,0.412852211,2.143259086,-9.4,-9.1,5.4671,402.1038134
c1ccc(-c2ccc(CSc3nnc(-c4ccc5c(c4)OCCO5)o3)cc2)cc1,0.412852211,2.143259086,-9.4,-9,5.4671,402.1038134
O=C1NC(=O)C(c2ccc(Cl)cc2)=C1Nc1cc(Cl)c(O)c(Cl)c1,0.555832498,2.415146091,-8.1,-8.1,3.832,381.9678752
CC(C)NCCCn1cc(C2=C(c3cn(CCCn4ccnc4)c4ccccc34)C(=O)NC2=O)c2ccccc21,0.187645591,2.914701183,-8.7,-7.8,4.8381,534.2743243
Cn1c(N2CCOC(c3ccccc3)C2)nc(-c2ccncn2)cc1=O,0.7180665,2.964364544,-8.5,-8.2,1.8152,349.1538748
COCCN1CCC(CNC(=O)c2n[nH]c3ccc(-c4ccccc4)cc23)CC1,0.647153718,2.235827093,-8.8,-8.6,3.3181,392.2212261
Cn1cc(C2=C(c3ccc(Cl)cc3)C(=O)NC2=O)c2ccccc21,0.72915021,2.217076243,-8.1,-8.4,3.3989,336.0665553
O=C1NC(=O)C(c2ccccc2)=C1Nc1cc(Cl)c(O)c(Cl)c1,0.587526714,2.35591934,-8,-8.1,3.1786,348.0068475
CC(C)NCCCn1cc(C2=C(c3ccccc3)C(=O)NC2=O)c2ccccc21,0.480986728,2.383738323,-8.8,-8.1,3.5966,387.194677
O=C(Nc1cc(-c2[nH]c(-c3ccc(F)cc3)nc2-c2ccc(Cl)cc2)ccn1)C1CC1,0.409246015,2.303554006,-10.6,-8.4,5.9467,432.1153171
O=C1NC(=O)C(c2cn(CCCN3CCOCC3)c3ccccc23)=C1c1cn(CCCO)c2ccccc12,0.336278322,2.763409564,-8.4,-8.9,3.2679,512.2423555
c1ccc(-c2ccc(CSc3nnc(-c4ccc5c(c4)OCO5)o3)cc2)cc1,0.425315534,2.104144358,-9.4,-8.9,5.4246,388.0881634
NC(=O)c1ccccc1Nc1cccc(-c2ccnc(Nc3ccc(-n4cnc(N5CCOCC5)n4)cc3)c2)c1,0.261618999,2.685753957,-10.3,-10.1,4.752,532.2335221
Cc1ncn(-c2ccc(-c3ccnc(Nc4ccc(-n5cnc(N6CCOCC6)n5)cc4)n3)cc2)n1,0.391497667,2.795514694,-10.1,-9.3,3.19362,480.2134554
c1ccc(-c2ccc(CSc3nnc(-c4ccc5c(c4)OCO5)o3)cc2)cc1,0.425315534,2.104144358,-9.4,-8.8,5.4246,388.0881634
COCCN1CCC(CNC(=O)c2n[nH]c3ccc(-c4ccccc4)cc23)CC1,0.647153718,2.235827093,-8.8,-8.6,3.3181,392.2212261
Cn1c(N2CCNC(c3ccc(C#N)cc3)C2)nc(-c2ccccc2)cc1=O,0.765612111,2.889621727,-9.4,-8.9,2.46988,371.1746103
COCCN1CCC(CNC(=O)c2n[nH]c3cc(-c4ccccc4)ccc23)CC1,0.647153718,2.240086822,-8.7,-8.4,3.3181,392.2212261
N#Cc1ccc(-c2ccc(CSc3nnc(-c4ccc5c(c4)OCO5)o3)cc2)cc1,0.410876371,2.293696678,-8.9,-9.4,5.29628,413.0834123
CN(C)CCCn1cc(C2=C(c3ccccc3)C(=O)NC2=O)c2ccccc21,0.675529158,2.334070045,-8.5,-7.2,3.1602,373.179027
O=C(Nc1cc(-c2[nH]c(-c3ccc(F)cc3)nc2-c2ccc(F)cc2)ccn1)C1CC1,0.455597278,2.307570946,-10.4,-8.6,5.4324,416.1448676
O=C(Nc1n[nH]c2ncc(-c3ccccc3)cc12)C1CC1,0.773390379,2.155164175,-8.5,-8,2.9734,278.1167611
NC(=O)c1nc(-c2ccccc2)c(-c2ccnc(NC(=O)C3CC3)c2)[nH]1,0.657921592,2.40834134,-9.1,-8,2.5861,347.1382248
CS(=O)(=O)Nc1ccc(CCNC(=O)c2n[nH]c3cc(-c4ccccc4)ccc23)cc1,0.413558828,2.171116322,-8.8,-9.2,3.5739,434.1412616
Cn1cc(C2=C(c3ccccc3)C(=O)NC2=O)c2cccc(F)c21,0.738264262,2.393335745,-8.5,-8.4,2.8846,320.0961059
Cc1ccc(-c2cnc3[nH]nc(NC(=O)C4CC4)c3c2)o1,0.77328853,2.510300544,-8.2,-7.7,2.87482,282.1116757
Cc1nc(C)n(-c2ccc(Nc3cc(-c4ccnc(NC(=O)C5CC5)c4)ccn3)cc2)n1,0.474169075,2.50767696,-9.4,-8.6,4.43324,425.1964084
COCCN1CCC(CNC(=O)c2n[nH]c3ccc(-c4ccccc4)cc23)CC1,0.647153718,2.235827093,-8.8,-8.5,3.3181,392.2212261
c1ccc(-c2ccc(CSc3nnc(-c4ccc5c(c4)OCCO5)o3)cc2)cc1,0.412852211,2.143259086,-9.4,-9.2,5.4671,402.1038134
N#Cc1ccc(-c2ccc(CSc3nnc(-c4ccc5c(c4)OCO5)o3)cc2)cc1,0.410876371,2.293696678,-9.5,-9.4,5.29628,413.0834123
Cn1cc(C2=C(c3ccccc3)C(=O)NC2=O)c2ccccc21,0.74005506,2.152761451,-8.5,-8.3,2.7455,302.1055277
Cn1cc(C2=C(c3coc4ccccc34)C(=O)NC2=O)c2ccccc21,0.567245536,2.465095951,-9.4,-8.8,3.4917,342.1004423
CSc1nn2nc(-c3ccc(F)cc3)c(-c3ccnc(Nc4ccc(N5CCOCC5)cc4)c3)c2n1C,0.310265195,2.928866175,-8.8,-8.9,5.238,515.1903577
N#Cc1ccc(-c2ccc(CSc3nnc(-c4ccc5c(c4)OCCO5)o3)cc2)cc1,0.397746084,2.328630459,-9.5,-9.6,5.33878,427.0990624
O=C1NC(=O)C(c2cn(CCCN3CCOCC3)c3ccccc23)=C1c1coc2ccccc12,0.449108134,2.668609246,-9.8,-8.5,3.677,455.1845063
Cn1c(N2CCNC(c3ccc(F)cc3)C2)nc(-c2ccncn2)cc1=O,0.75764903,3.089091163,-9.4,-8.3,1.5273,366.1604374
Cn1c(N2CCNC(c3ccc(F)cc3)C2)nc(-c2ccccc2)cc1=O,0.776466779,2.767418382,-9.7,-8.8,2.7373,364.1699395
O=C(O)CN1CCC(CNC(=O)c2n[nH]c3ccc(-c4ccccc4)cc23)CC1,0.599180564,2.23850613,-9.1,-8.9,2.7563,392.1848406
O=C(Nc1n[nH]c2ncc(-c3ccccc3)cc12)C1CC1,0.773390379,2.155164175,-8.3,-8,2.9734,278.1167611
Cc1ncn(-c2ccc(-c3ccnc(Nc4ccc(-n5cnc(N6CCOCC6)n5)cc4)n3)cc2)n1,0.391497667,2.795514694,-10.1,-9.3,3.19362,480.2134554
COCCN1CCC(CNC(=O)c2n[nH]c3cc(-c4ccccc4)ccc23)CC1,0.647153718,2.240086822,-8.7,-8.4,3.3181,392.2212261
Clc1ccc(Nc2cc(-c3ccnc(Nc4ccc(-n5cnc(N6CCOCC6)n5)cc4)n3)ccn2)cc1Cl,0.257443989,2.780183074,-10.6,-9.7,5.7499,559.1402617
N#Cc1ccc(-c2ccc(CSc3nnc(-c4ccc5c(c4)OCO5)o3)cc2)cc1,0.410876371,2.293696678,-9.6,-9.1,5.29628,413.0834123
O=C(O)CN1CCC(NC(=O)c2n[nH]c3ccc(-c4ccccc4)cc23)CC1,0.633659374,2.186527203,-9.1,-9.3,2.5087,378.1691906
c1ccc(-c2ccc(CSc3nnc(-c4ccc5c(c4)OCO5)o3)cc2)cc1,0.425315534,2.104144358,-9.4,-8.7,5.4246,388.0881634
COCCN1CCC(CNC(=O)c2n[nH]c3ccc(-c4ccccc4)cc23)CC1,0.647153718,2.235827093,-8.8,-8.6,3.3181,392.2212261
c1ccc(-c2ccc(CSc3nnc(-c4ccc5c(c4)OCO5)o3)cc2)cc1,0.425315534,2.104144358,-9.4,-8.9,5.4246,388.0881634
COCCN1CCC(CNC(=O)c2n[nH]c3ccc(-c4ccccc4)cc23)CC1,0.647153718,2.235827093,-8.8,-8.6,3.3181,392.2212261
O=C(O)c1ccc(CN2CCC(CNC(=O)c3ccnc4[nH]c(-c5ccc(F)cc5)cc34)CC2)o1,0.366730799,2.612458617,-9.3,-8.9,4.3022,476.1859835
O=C1NC(=O)C(c2ccccc2)=C1Nc1cc(Cl)c(O)c(Cl)c1,0.587526714,2.35591934,-7.9,-8.2,3.1786,348.0068475
COCCN1CCC(CNC(=O)c2n[nH]c3ccc(-c4ccc(OC)cc4)cc23)CC1,0.582175719,2.292246781,-8.9,-7.6,3.3267,422.2317908
O=C1NC(=O)C(c2ccccc2)=C1Nc1cc(Cl)c(O)c(Cl)c1,0.587526714,2.35591934,-7.9,-8.2,3.1786,348.0068475
CNC(=O)c1sc(-c2ccnc(NC(=O)C3CC3)c2)nc1OCCOCCCCCCCCCOc1cccc(-c2ccnc(NC(=O)C3CC3)c2)n1,0.071972695,3.314721361,-8.3,-6.3,6.9238,741.3308532
c1ccc(-c2ccc(CSc3nnc(-c4ccc5c(c4)OCCO5)o3)cc2)cc1,0.412852211,2.143259086,-9.4,-9,5.4671,402.1038134
N#Cc1ccc(-c2ccc(CSc3nnc(-c4ccc5c(c4)OCO5)o3)cc2)cc1,0.410876371,2.293696678,-9.5,-9.5,5.29628,413.0834123
c1ccc(-c2ccc(CSc3nnc(-c4ccc5c(c4)OCCO5)o3)cc2)cc1,0.412852211,2.143259086,-9.4,-8.5,5.4671,402.1038134
O=C(Nc1cc(-c2[nH]c(-c3ccc(F)cc3)nc2-c2ccc(F)cc2)ccn1)C1CC1,0.455597278,2.307570946,-10.2,-8.5,5.4324,416.1448676
COCCN1CCC(CNC(=O)c2n[nH]c3cc(-c4ccccc4)ccc23)CC1,0.647153718,2.240086822,-8.7,-8.4,3.3181,392.2212261
c1ccc(-c2ccc(CSc3nnc(-c4ccc5c(c4)OCO5)o3)cc2)cc1,0.425315534,2.104144358,-9.4,-8.9,5.4246,388.0881634
Cn1cc(C2=C(c3ccccc3)C(=O)NC2=O)c2ccccc21,0.74005506,2.152761451,-8.5,-8.4,2.7455,302.1055277
CSc1nc(-c2ccc(F)cc2)c(-c2ccnc(NC3CCCCC3)c2)[nH]1,0.552222361,2.45469753,-8.7,-8.1,5.7443,382.162746
O=C1CCC(N2C(=O)c3cccc(OCCCCCCCCCCCOc4nccc(-c5ccnc(NC(=O)C6CC6)c5)n4)c3C2=O)C(=O)N1,0.133354143,3.608083896,-8.9,-8.6,5.257,682.3114977
N#Cc1ccc(-c2ccc(CSc3nnc(-c4ccc5c(c4)OCO5)o3)cc2)cc1,0.410876371,2.293696678,-9.4,-9.6,5.29628,413.0834123
c1ccc(-c2ccc(CSc3nnc(-c4ccc5c(c4)OCO5)o3)cc2)cc1,0.425315534,2.104144358,-9.4,-8.9,5.4246,388.0881634
Cn1c(N2CCNC(c3ccc(F)cc3)C2)nc(-c2ccncc2)cc1=O,0.770469732,2.93868998,-9.6,-8.6,2.1323,365.1651885
c1ccc(-c2ccc(CSc3nnc(-c4ccc5c(c4)OCO5)o3)cc2)cc1,0.425315534,2.104144358,-9.4,-8.9,5.4246,388.0881634
c1ccc(-c2ccc(CSc3nnc(-c4ccncc4)o3)cc2)cc1,0.47153119,1.983046928,-8.8,-8.2,5.0909,345.0935831
c1ccc(-c2ccc(CSc3nnc(-c4ccc5c(c4)OCCO5)o3)cc2)cc1,0.412852211,2.143259086,-9.4,-9.1,5.4671,402.1038134
c1ccc(-c2ccc(CSc3nnc(-c4ccc5c(c4)OCCO5)o3)cc2)cc1,0.412852211,2.143259086,-9.4,-9.1,5.4671,402.1038134
COc1ccccc1C1=C(c2cn(CCCN3CCOCC3)c3ccccc23)C(=O)NC1=O,0.566432675,2.483992968,-8.6,-7.3,2.9394,445.2001563
Cn1c(N2CCNC(c3ccc(F)cc3)C2)nc(-c2ccccn2)cc1=O,0.770469732,2.943694122,-9.5,-8.4,2.1323,365.1651885
CCCC(=O)Nc1n[nH]c2nc(-c3ccc(F)cc3)c(-c3ccccc3)cc12,0.506208,2.277634895,-9.2,-7.8,5.1696,374.1542894
Cn1cc(C2=C(c3ccccc3)C(=O)NC2=O)c2cccc(F)c21,0.738264262,2.393335745,-8.4,-8.6,2.8846,320.0961059
c1ccc(-c2ccc(CSc3nnc(-c4ccc5c(c4)OCO5)o3)cc2)cc1,0.425315534,2.104144358,-9.4,-8.9,5.4246,388.0881634
O=C1NC(=O)C(c2cn(CCCN3CCOCC3)c3ccccc23)=C1c1ccccc1,0.629090111,2.407668877,-9.2,-7.5,2.9308,415.1895917
COCCN1CCC(CNC(=O)c2n[nH]c3ccc(-c4ccc(Cl)cc4)cc23)CC1,0.599300035,2.296246977,-8.9,-8.1,3.9715,426.1822538
c1ccc(-c2ccc(CSc3nnc(-c4ccc5c(c4)OCO5)o3)cc2)cc1,0.425315534,2.104144358,-9.4,-8.5,5.4246,388.0881634
CCCCc1ccc(OCCCCCCCCCCCCCCOc2nc(-c3ccnc(NC(=O)C4CC4)c3)sc2C(=O)NC)nc1-c1ccnc(NC(=O)C2CC2)c1,0.049802147,3.501124786,-8.6,-7.1,10.2003,823.4454891
COCCN1CCC(CNC(=O)c2n[nH]c3ccc(-c4ccccc4)cc23)CC1,0.647153718,2.235827093,-8.8,-8.5,3.3181,392.2212261
c1cc(-c2ccc(-n3cnc(N4CCOCC4)n3)cc2)nc(Nc2ccc(-n3cnc(N4CCOCC4)n3)cc2)n1,0.321045051,2.965947669,-10.2,-9.3,2.7218,551.2505692
N#Cc1ccc(-c2ccc(CSc3nnc(-c4ccc5c(c4)OCO5)o3)cc2)cc1,0.410876371,2.293696678,-9.3,-9.4,5.29628,413.0834123
c1ccc(-c2ccc(CSc3nnc(-c4ccc5c(c4)OCCO5)o3)cc2)cc1,0.412852211,2.143259086,-9.4,-9.2,5.4671,402.1038134
c1ccc(-c2ccc(CSc3nnc(-c4ccc5c(c4)OCO5)o3)cc2)cc1,0.425315534,2.104144358,-9.4,-8.9,5.4246,388.0881634
Cn1c(N2CCN(c3ccccc3)CC2)nc(-c2ccncn2)cc1=O,0.715647736,2.301318153,-8.3,-8.6,1.5639,348.1698593
COCCN1CCC(CNC(=O)c2n[nH]c3ccc(-c4ccccc4)cc23)CC1,0.647153718,2.235827093,-8.7,-8.7,3.3181,392.2212261
c1ccc(-c2ccc(CSc3nnc(-c4ccc5c(c4)OCCO5)o3)cc2)cc1,0.412852211,2.143259086,-9.4,-9,5.4671,402.1038134
c1ccc(-c2ccc(CSc3nnc(-c4ccc5c(c4)OCO5)o3)cc2)cc1,0.425315534,2.104144358,-9.4,-8.9,5.4246,388.0881634
O=C1NC(=O)C(c2cn(CCCN3CCOCC3)c3ccccc23)=C1c1ccccc1,0.629090111,2.407668877,-9.2,-7.6,2.9308,415.1895917
c1ccc(-c2ccc(CSc3nnc(-c4ccc5c(c4)OCO5)o3)cc2)cc1,0.425315534,2.104144358,-9.4,-8.9,5.4246,388.0881634
O=C1CCC(N2C(=O)c3cccc(OCCCCCCCCCCCCCCCCCCCOc4nccc(-c5ccnc(NC(=O)C6CC6)c5)n4)c3C2=O)C(=O)N1,0.059461336,3.817841944,-8.2,-7.8,8.3778,794.4366982
COCCN1CCC(CNC(=O)c2n[nH]c3ccc(-c4ccc(Cl)cc4)cc23)CC1,0.599300035,2.296246977,-9.1,-8.3,3.9715,426.1822538
Cn1c(NC2CCCCC2)nc(-c2ccncc2)cc1=O,0.940811143,2.304221426,-7.7,-7.6,2.5869,284.1637113
c1ccc(-c2ccc(CSc3nnc(-c4ccc5c(c4)OCCO5)o3)cc2)cc1,0.412852211,2.143259086,-9.4,-9.1,5.4671,402.1038134
COCCN1CCC(CNC(=O)c2n[nH]c3ccc(-c4ccccc4)cc23)CC1,0.647153718,2.235827093,-8.8,-8.6,3.3181,392.2212261
O=C(O)CN1CCC(CNC(=O)c2n[nH]c3ccc(-c4cccc(F)c4F)cc23)CC1,0.560711128,2.45747241,-9.4,-9.4,3.0345,428.165997
COCCN1CCC(CNC(=O)c2n[nH]c3ccc(-c4ccc(Cl)cc4)cc23)CC1,0.599300035,2.296246977,-8.9,-8.1,3.9715,426.1822538
Cn1c(NC2CCCC2)nc(-c2ccncc2)cc1=O,0.928495706,2.30994683,-7.4,-7.2,2.1968,270.1480612
N#Cc1ccc(-c2ccc(CSc3nnc(-c4ccc5c(c4)OCO5)o3)cc2)cc1,0.410876371,2.293696678,-9.5,-9.5,5.29628,413.0834123
CC(=O)CCCCCCCCCCOc1ccc(CCNC(=O)c2ccc(O)c3[nH]c(-c4ccc(F)cc4)nc23)cc1,0.113330855,2.612955437,-7.7,-7.8,7.5258,573.300285
CNC(=O)c1sc(-c2ccnc(NC(=O)C3CC3)c2)nc1OCCCCCCOc1cccc(-c2ccnc(NC(=O)C3CC3)c2)n1,0.128144893,3.128630904,-9.6,-8.2,5.7369,655.2576883
c1ccc(-c2ccc(CSc3nnc(-c4ccc5c(c4)OCO5)o3)cc2)cc1,0.425315534,2.104144358,-9.4,-8.9,5.4246,388.0881634
c1ccc(-c2ccc(CSc3nnc(-c4ccc5c(c4)OCCO5)o3)cc2)cc1,0.412852211,2.143259086,-9.4,-8.5,5.4671,402.1038134
O=C1NC(=O)C(c2cn(CCO)c3ccccc23)=C1c1coc2ccccc12,0.539622346,2.566166519,-9.1,-8.3,2.947,372.111007
O=C(Nc1cc(-c2ccnc(NC(=O)C3CC3)c2)ccn1)C1CC1,0.886331622,2.175851356,-8.3,-7.6,2.8406,322.1429758
N#Cc1ccc(-c2ccc(CSc3nnc(-c4ccc5c(c4)OCO5)o3)cc2)cc1,0.410876371,2.293696678,-9,-9.2,5.29628,413.0834123
COc1ccc(-c2ccc(CSc3nnc(-c4ccc(Cl)cc4)o3)cc2)cc1,0.347307447,1.947079965,-9.1,-8.6,6.3579,408.0699265
N#Cc1ccc(-c2ccc(CSc3nc(-c4ccccc4)co3)cc2)cc1,0.395116341,2.264355,-9.1,-8.7,6.17258,368.0983341
Cn1cc(C2=C(c3cn(CCCO)c4ccccc34)C(=O)NC2=O)c2cc(F)ccc21,0.489795296,2.63449234,-9.1,-8.3,3.2217,417.1488697
O=C(O)c1ccc(CN2CCC(CNC(=O)c3ccnc4[nH]c(-c5ccc(F)cc5)cc34)CC2)o1,0.366730799,2.612458617,-9.3,-8.9,4.3022,476.1859835
N#Cc1ccc(-c2ccc(CSc3nnc(-c4ccc5c(c4)OCO5)o3)cc2)cc1,0.410876371,2.293696678,-9.4,-9.5,5.29628,413.0834123
N#Cc1ccc(-c2ccc(CSc3nnc(-c4ccc5c(c4)OCO5)o3)cc2)cc1,0.410876371,2.293696678,-9.5,-9.2,5.29628,413.0834123
c1ccc(-c2ccc(CSc3nnc(-c4ccc5c(c4)OCO5)o3)cc2)cc1,0.425315534,2.104144358,-9.4,-8.9,5.4246,388.0881634
Cc1nc(-c2ccc(F)cc2)c(-c2ccnc(NC(=O)C3CC3)c2)[nH]1,0.758070095,2.315199882,-9,-8.2,3.93472,336.1386394
O=C(Nc1cc(-c2[nH]c(-c3ccc(F)cc3)nc2-c2ccc(F)cc2)ccn1)C1CC1,0.455597278,2.307570946,-10.2,-8.1,5.4324,416.1448676
c1cc(-c2ccc(N3CCOCC3)cc2)ccc1CSc1nnc(-c2ccc3c(c2)OCO3)o1,0.351341383,2.372265255,-9.9,-10.3,5.2612,473.1409272
c1ccc(-c2ccc(CSc3nnc(-c4ccc5c(c4)OCO5)o3)cc2)cc1,0.425315534,2.104144358,-9.4,-8.9,5.4246,388.0881634
Cc1nc(-c2ccc(F)cc2)c(-c2ccnc(NC(=O)C3CC3)c2)[nH]1,0.758070095,2.315199882,-9.1,-8,3.93472,336.1386394
c1ccc(-c2ccc(CSc3nnc(-c4ccc5c(c4)OCO5)o3)cc2)cc1,0.425315534,2.104144358,-9.4,-8.9,5.4246,388.0881634
O=C(Nc1cc(-c2ccnc(Nc3ccc(N4CCOCC4)cc3)c2)ccn1)C1CC1,0.631791486,2.321233881,-9.3,-8.9,4.0723,415.200825
N#Cc1ccc(-c2ccc(CSc3nnc(-c4ccc5c(c4)OCO5)o3)cc2)cc1,0.410876371,2.293696678,-9.3,-9.5,5.29628,413.0834123
COCCN1CCC(CNC(=O)c2n[nH]c3ccc(-c4ccccc4)cc23)CC1,0.647153718,2.235827093,-8.8,-8.6,3.3181,392.2212261
COCCN1CCC(CNC(=O)c2n[nH]c3ccc(-c4ccccc4)cc23)CC1,0.647153718,2.235827093,-8.8,-8.7,3.3181,392.2212261
O=C(NCCc1ccccc1)c1ccnc2[nH]c(-c3ccc(F)cc3)nc12,0.56956738,2.128513693,-9.3,-8.3,3.7365,360.1386394
N#Cc1ccc(-c2ccc(CSc3nnc(-c4ccc5c(c4)OCCO5)o3)cc2)cc1,0.397746084,2.328630459,-9.3,-9.4,5.33878,427.0990624
O=C(Nc1n[nH]c2ncc(-c3ccc(Cl)cc3)cc12)C1CC1,0.775545072,2.219756324,-8.8,-8.2,3.6268,312.0777887
CCCC(=O)Nc1n[nH]c2ccc(-c3ccccn3)cc12,0.769418044,2.166620165,-7.7,-8,3.3635,280.1324111
COCCN1CCCC(CNC(=O)c2n[nH]c3ccc(-c4ccc(O)cc4)cc23)CC1,0.542844437,2.789385236,-8.6,-8.3,3.4138,422.2317908
c1ccc(-c2ccc(CSc3nnc(-c4ccc5c(c4)OCCO5)o3)cc2)cc1,0.412852211,2.143259086,-9.4,-9.2,5.4671,402.1038134
C=CC(=O)NCCCn1cc(C2=C(c3ccccc3OC)C(=O)NC2=O)c2ccccc21,0.327381977,2.558078564,-9.4,-8.7,2.9094,429.1688562
O=C(Nc1cc(-c2[nH]c(-c3ccc(F)cc3)nc2-c2ccc(F)cc2)ccn1)C1CC1,0.455597278,2.307570946,-10.3,-8.5,5.4324,416.1448676
N#Cc1ccc(-c2ccc(CSc3nnc(-c4ccc5c(c4)OCCO5)o3)cc2)cc1,0.397746084,2.328630459,-9.4,-9.5,5.33878,427.0990624
c1ccc(-c2ccc(CSc3nnc(-c4ccc5c(c4)OCO5)o3)cc2)cc1,0.425315534,2.104144358,-9.4,-8.9,5.4246,388.0881634
COc1ccc(C2=C(c3cn(C)c4ccccc34)C(=O)NC2=O)cc1OC,0.724833369,2.285521306,-8.5,-8.3,2.7627,362.1266571
O=C1NC(=O)C(c2cn(CCCN3CCOCC3)c3ccccc23)=C1c1ccccc1,0.629090111,2.407668877,-9.2,-7.7,2.9308,415.1895917
O=C(Nc1n[nH]c2ncc(-c3ccccc3)cc12)C1CC1,0.773390379,2.155164175,-8.5,-8,2.9734,278.1167611
N#Cc1ccc(-c2ccc(CSc3nnc(-c4ccc5c(c4)OCO5)o3)cc2)cc1,0.410876371,2.293696678,-9.5,-9.3,5.29628,413.0834123
c1ccc(-c2ccc(CSc3nnc(-c4ccc5c(c4)OCCO5)o3)cc2)cc1,0.412852211,2.143259086,-9.4,-9,5.4671,402.1038134
N#Cc1ccc(-c2ccc(CSc3nnc(-c4ccc5c(c4)OCO5)o3)cc2)cc1,0.410876371,2.293696678,-9.5,-8.8,5.29628,413.0834123
CSc1nc(-c2ccccc2)c(-c2ccnc(NC(=O)C3CC3)c2)[nH]1,0.676359731,2.332860852,-8.5,-7.7,4.2091,350.1201322
c1ccc(-c2ccc(CSc3nnc(-c4ccc5c(c4)OCO5)o3)cc2)cc1,0.425315534,2.104144358,-9.4,-8.9,5.4246,388.0881634
COc1ccc(C2=C(c3cn(C)c4ccccc34)C(=O)NC2=O)cc1,0.750397967,2.197917108,-8.4,-8.6,2.7541,332.1160924
c1ccc(-c2ccc(CSc3nnc(-c4ccc5c(c4)OCO5)o3)cc2)cc1,0.425315534,2.104144358,-9.4,-8.9,5.4246,388.0881634
c1cnn2ncc(-c3ccnc(Nc4ccc(-n5cnc(N6CCOCC6)n5)cc4)n3)c2c1,0.440078572,2.898664822,-9.9,-9.3,2.3472,440.1821553
c1ccc(-c2ncn(-c3ccc(-c4ccnc(Nc5ccc(-n6cnc(N7CCOCC7)n6)cc5)n4)cc3)n2)cc1,0.31043352,2.794470371,-10.8,-9.9,4.5522,542.2291055
COCCN1CCC(CNC(=O)c2cc(-n3ncc4c(NN=Cc5ccc(C(=O)NCCN(C)C)cc5)ncnc43)ccn2)CC1,0.139767054,3.005851622,-8.3,-8.6,2.0361,627.3393842
c1ccc(-c2ccc(CSc3nnc(-c4ccc5c(c4)OCCO5)o3)cc2)cc1,0.412852211,2.143259086,-9.4,-9,5.4671,402.1038134
N#Cc1ccc(-c2ccc(CSc3nnc(-c4ccc5c(c4)OCCO5)o3)cc2)cc1,0.397746084,2.328630459,-9.5,-9.4,5.33878,427.0990624
c1ccc(-c2ccc(CSc3nnc(-c4ccc5c(c4)OCO5)o3)cc2)cc1,0.425315534,2.104144358,-9.4,-8.9,5.4246,388.0881634
CSc1nc(-c2ccccc2)c(-c2ccnc(NC(=O)C3CC3)c2)[nH]1,0.676359731,2.332860852,-8.9,-7.5,4.2091,350.1201322
O=C(Nc1cc(-c2[nH]c(-c3ccc(F)cc3)nc2-c2ccc(F)cc2)ccn1)C1CC1,0.455597278,2.307570946,-10.1,-8.5,5.4324,416.1448676
c1ccc(-c2ccc(CSc3nnc(-c4ccc5c(c4)OCCO5)o3)cc2)cc1,0.412852211,2.143259086,-9.4,-9.2,5.4671,402.1038134
c1ccc(-c2ccc(CSc3nnc(-c4ccc5c(c4)OCO5)o3)cc2)cc1,0.425315534,2.104144358,-9.4,-8.9,5.4246,388.0881634
c1ccc(-c2ccc(CSc3nnc(-c4ccc5c(c4)OCCO5)o3)cc2)cc1,0.412852211,2.143259086,-9.4,-9.2,5.4671,402.1038134
c1ccc(-c2ccc(CSc3nnc(-c4ccc5c(c4)OCO5)o3)cc2)cc1,0.425315534,2.104144358,-9.4,-8.9,5.4246,388.0881634
CCCN1CCC(CNC(=O)c2n[nH]c3ccc(-c4ccc(F)cc4)cc23)CC1,0.658030237,2.259351185,-8.9,-8.7,4.2208,394.2168897
O=C(Nc1n[nH]c2ncc(-c3ccccc3)cc12)C1CC1,0.773390379,2.155164175,-8.3,-8,2.9734,278.1167611
COCCN1CCC(CNC(=O)c2n[nH]c3ccc(-c4ccccc4)cc23)CC1,0.647153718,2.235827093,-8.8,-8.6,3.3181,392.2212261
Cn1c(N2CCN(c3ccccc3)CC2)nc(-c2ccncc2)cc1=O,0.726772617,2.146959044,-8.4,-8.4,2.1689,347.1746103
Cn1c(N2CCNC(c3ccc(F)cc3)C2)nc(-c2ccncn2)cc1=O,0.75764903,3.089091163,-9.4,-8.2,1.5273,366.1604374
c1ccc(-c2ccc(CSc3nnc(-c4ccc5c(c4)OCCO5)o3)cc2)cc1,0.412852211,2.143259086,-9.4,-9.2,5.4671,402.1038134
O=C(Nc1cc(-c2[nH]c(-c3ccc(F)cc3)nc2-c2ccc(F)cc2)ccn1)C1CC1,0.455597278,2.307570946,-10.2,-8.4,5.4324,416.1448676
N#Cc1ccc(-c2ccc(CSc3nnc(-c4ccc5c(c4)OCO5)o3)cc2)cc1,0.410876371,2.293696678,-9.5,-9.3,5.29628,413.0834123
N#Cc1ccc(-c2ccc(CSc3nnc(-c4ccc5c(c4)OCO5)o3)cc2)cc1,0.410876371,2.293696678,-9.6,-9.5,5.29628,413.0834123
N#Cc1ccc(-c2ccc(CSc3nnc(-c4ccc5c(c4)OCO5)o3)cc2)cc1,0.410876371,2.293696678,-9.2,-9.3,5.29628,413.0834123
O=C1NC(=O)C(c2cn(CCCN3CCOCC3)c3ccccc23)=C1c1coc2ccccc12,0.449108134,2.668609246,-9.8,-8.6,3.677,455.1845063
COCCN1CCC(CNC(=O)c2n[nH]c3ccc(-c4ccccc4)cc23)CC1,0.647153718,2.235827093,-8.8,-8.7,3.3181,392.2212261
Cc1ncn(-c2ccc(Nc3cc(-c4cccc(Nc5ccccc5C(N)=O)c4)ccn3)cc2)n1,0.306297669,2.477089628,-10.3,-9.6,5.22382,461.1964084
Cn1c(N2CCNC(c3ccc(Cl)cc3)C2)nc(-c2ccccc2)cc1=O,0.757395061,2.76283495,-9.4,-8.7,3.2516,380.140389
O=C1CCC(N2C(=O)c3cccc(OCCCCCCCCCCCCCOc4nccc(-c5ccnc(NC(=O)C6CC6)c5)n4)c3C2=O)C(=O)N1,0.10417744,3.657629049,-8.8,-7,6.0372,710.3427978
O=c1ccc2cnc(NC3CCCCC3)nc2n1C1CCCC1,0.939503541,2.381646334,-8.2,-8.3,3.6512,312.1950114
Cn1cc(C2=C(c3ccc(Cl)cc3)C(=O)NC2=O)c2ccccc21,0.72915021,2.217076243,-8.1,-8.4,3.3989,336.0665553
COCCN1CCC(CNC(=O)c2n[nH]c3ccc(-c4ccccc4)cc23)CC1,0.647153718,2.235827093,-8.7,-8.7,3.3181,392.2212261
c1ccc(-c2ccc(CSc3nnc(-c4ccc5c(c4)OCO5)o3)cc2)cc1,0.425315534,2.104144358,-9.4,-8.9,5.4246,388.0881634
O=C(Nc1cc(-c2ccnc(Nc3ccccc3)c2)ccn1)C1CC1,0.73426779,2.063729845,-8.6,-8.1,4.2357,330.1480612
CSc1nc(-c2ccc(F)cc2)c(-c2ccnc(Nc3ccc(NC(=O)c4ccc(NC(=O)C=CCN(C)C)cc4)cc3)c2)n1C,0.105452012,2.892130902,-9.5,-9,7.0623,635.2478725
Cn1c(N2CCNC(c3ccc(Cl)cc3)C2)nc(-c2ccccc2)cc1=O,0.757395061,2.76283495,-9.4,-8.6,3.2516,380.140389
c1ccc(-c2ccc(CSc3nnc(-c4ccc5c(c4)OCO5)o3)cc2)cc1,0.425315534,2.104144358,-9.4,-9,5.4246,388.0881634
N#Cc1ccc(-c2ccc(CSc3nnc(-c4ccc5c(c4)OCO5)o3)cc2)cc1,0.410876371,2.293696678,-9.5,-9.2,5.29628,413.0834123
COCCN1CCC(CNC(=O)c2n[nH]c3cc(-c4ccccc4)ccc23)CC1,0.647153718,2.240086822,-8.7,-8.4,3.3181,392.2212261
O=C1NC(=O)C(c2cn(CCCN3CCOCC3)c3ccccc23)=C1c1ccccc1,0.629090111,2.407668877,-9.1,-8.2,2.9308,415.1895917
COCCN1CCC(CNC(=O)c2n[nH]c3ccc(-c4ccccc4)cc23)CC1,0.647153718,2.235827093,-8.8,-8.6,3.3181,392.2212261
N#Cc1ccc(-c2ccc(CSc3nnc(-c4ccc5c(c4)OCO5)o3)cc2)cc1,0.410876371,2.293696678,-9.5,-9.2,5.29628,413.0834123
O=C(Nc1n[nH]c2cc(-c3ccccn3)ccc12)C1CC1,0.773390379,2.175331893,-8.2,-7.3,2.9734,278.1167611
c1ccc(-c2ccc(CSc3nnc(-c4ccc5c(c4)OCO5)o3)cc2)cc1,0.425315534,2.104144358,-9.4,-8.9,5.4246,388.0881634
N#Cc1ccc(-c2ccc(CSc3nnc(-c4ccc5c(c4)OCO5)o3)cc2)cc1,0.410876371,2.293696678,-9.5,-8.9,5.29628,413.0834123
N#Cc1ccc(-c2ccc(CSc3nnc(-c4ccc5c(c4)OCCO5)o3)cc2)cc1,0.397746084,2.328630459,-9.4,-9.2,5.33878,427.0990624
O=C(O)c1ccc(-c2n[nH]c3ccc(-c4ccc(Cl)cc4)cc23)cc1,0.531156919,1.935514698,-9.3,-8.8,5.2485,348.0665553
O=C1NC(=O)C(c2cn(CCCn3ccnc3)c3ccccc23)=C1c1ccccc1,0.507398572,2.490929977,-9.1,-8.3,3.4953,396.1586259
COCCN1CCC(CNC(=O)c2n[nH]c3cnc(NC4CCCC4)cc23)CC1,0.629838556,2.61173551,-8.5,-8,2.4006,400.2586743
NC(=O)c1ccccc1Nc1cccc(-c2ccnc(Nc3ccc(-n4cnc(N5CCOCC5)n4)cc3)n2)c1,0.268690766,2.697008064,-10.6,-9.9,4.147,533.2287711
Cn1cc(C2=C(c3cn(C)c4ccccc34)C(=O)NC2=O)c2ccccc21,0.561396223,2.41960808,-9,-8.3,3.2372,355.1320768
c1ccc(-c2ccc(CSc3nnc(-c4ccc5c(c4)OCO5)o3)cc2)cc1,0.425315534,2.104144358,-9.4,-8.9,5.4246,388.0881634
c1ccc(-c2ccc(CSc3nnc(-c4ccc5c(c4)OCCO5)o3)cc2)cc1,0.412852211,2.143259086,-9.4,-8.9,5.4671,402.1038134
O=C(O)CN1CCC(CNC(=O)c2n[nH]c3ccc(-c4ccc(Cl)cc4)cc23)CC1,0.560697031,2.299209632,-9.3,-8.4,3.4097,426.1458683
Cn1cc(C2=C(c3ccccc3)C(=O)NC2=O)c2ccccc21,0.74005506,2.152761451,-8.5,-8.3,2.7455,302.1055277
CNC(=O)c1sc(-c2ccnc(NC(=O)C3CC3)c2)nc1OCCCCCCCCCCCCCCCCCCCCCCCCCCCCCCCCCCCCCCCCCCCCCCCOc1cccc2c1C(=O)N(C1CCC(=O)NC1=O)C2=O,0.0362704,4.852359599,-7.1,-5.1,19.3267,1248.857536
N#Cc1ccc(-c2ccc(CSc3nnc(-c4ccc5c(c4)OCO5)o3)cc2)cc1,0.410876371,2.293696678,-9.5,-9.5,5.29628,413.0834123
O=C(Nc1n[nH]c2nc(-c3cccc(Cl)c3)ccc12)C1CC1,0.775545072,2.28120028,-8.3,-7.7,3.6268,312.0777887
N#Cc1ccc(-c2ccc(CSc3nnc(-c4ccc5c(c4)OCO5)o3)cc2)cc1,0.410876371,2.293696678,-9.5,-9.3,5.29628,413.0834123
CCCC(=O)Nc1n[nH]c2ccc(-c3ccccn3)cc12,0.769418044,2.166620165,-8,-7.6,3.3635,280.1324111
Cc1ncn(-c2ccc(-c3ccnc(Nc4ccc(-n5cnc(N6CCOCC6)n5)cc4)n3)cc2)n1,0.391497667,2.795514694,-10.2,-9.4,3.19362,480.2134554
c1ccc(-c2ccc(CSc3nnc(-c4ccc5c(c4)OCCO5)o3)cc2)cc1,0.412852211,2.143259086,-9.4,-8.4,5.4671,402.1038134
COc1cc(C2=C(c3cn(CCCN4CCOCC4)c4ccccc34)C(=O)NC2=O)cc(OC)c1OC,0.447330411,2.660420892,-8.3,-7.6,2.9566,505.2212857
N#Cc1ccc(-c2ccc(CSc3nnc(-c4ccc5c(c4)OCO5)o3)cc2)cc1,0.410876371,2.293696678,-9.4,-9.4,5.29628,413.0834123
O=C(Nc1cc(-c2[nH]c(-c3ccncc3)cc2-c2ccc(F)cc2)ccn1)C1CC1,0.47961809,2.428589152,-10.1,-8.5,5.2933,398.1542894
O=C(Nc1cc(-c2[nH]c(-c3ccc(F)cc3)nc2-c2ccc(Cl)cc2)ccn1)C1CC1,0.409246015,2.303554006,-10.5,-8.3,5.9467,432.1153171
Cn1c(N2CCNC(c3ccc(F)cc3)C2)nc(-c2ccncn2)cc1=O,0.75764903,3.089091163,-9.4,-8.3,1.5273,366.1604374
COC(=O)CN1CCC(NC(=O)c2n[nH]c3ccc(-c4ccccc4)cc23)CC1,0.651965236,2.224308878,-8.7,-9,2.5971,392.1848406
Cn1cc(C2=C(c3cn(CCCO)c4ccccc34)C(=O)NC2=O)c2ccccc21,0.506574139,2.537576001,-9,-8.1,3.0826,399.1582915
c1ccc(-c2ccc(CSc3nnc(-c4ccc5c(c4)OCCO5)o3)cc2)cc1,0.412852211,2.143259086,-9.4,-9.1,5.4671,402.1038134
O=C(Nc1cc(-c2ccnc(NC(=O)C3CC3)c2)ccn1)C1CC1,0.886331622,2.175851356,-8.4,-7.7,2.8406,322.1429758
COCCN1CCC(CNC(=O)c2n[nH]c3ccc(-c4ccccc4)cc23)CC1,0.647153718,2.235827093,-8.8,-8.6,3.3181,392.2212261
c1ccc(-c2ccc(CSc3nnc(-c4ccc5c(c4)OCO5)o3)cc2)cc1,0.425315534,2.104144358,-9.4,-8.9,5.4246,388.0881634
O=C1NC(=O)C(c2cn(CCCN3CCOCC3)c3ccccc23)=C1c1cn(CCCO)c2ccccc12,0.336278322,2.763409564,-8.5,-9.1,3.2679,512.2423555
COCCN1CCC(CNC(=O)c2n[nH]c3ccc(-c4ccccc4)cc23)CC1,0.647153718,2.235827093,-8.8,-8.7,3.3181,392.2212261
CNC(=O)c1sc(-c2ccnc(NC(=O)C3CC3)c2)nc1OCCCCCCCCCCCCCCCCCOc1cccc(-c2ccnc(NC(=O)C3CC3)c2)n1,0.04988799,3.406933104,-8.1,-7.7,10.028,809.429839
Cn1cc(C2=C(c3cn(C)c4ccc(F)cc34)C(=O)NC2=O)c2ccccc21,0.54790134,2.523987681,-9.1,-8.4,3.3763,373.122655
O=C(Nc1n[nH]c2ncc(-c3ccccc3)cc12)C1CC1,0.773390379,2.155164175,-8.4,-8.1,2.9734,278.1167611
Cc1nc(-c2ccc(Cl)cc2)c(-c2ccnc(NC(=O)C3CC3)c2)[nH]1,0.728338929,2.310164562,-9.1,-8.1,4.44902,352.1090888
NCCCn1cc(C2=C(c3coc4ccccc34)C(=O)NC2=O)c2ccccc21,0.515904878,2.594129757,-9.1,-8.3,3.3035,385.1426415
c1ccc(-c2ccc(CSc3nnc(-c4ccc5c(c4)OCO5)o3)cc2)cc1,0.425315534,2.104144358,-9.4,-8.9,5.4246,388.0881634
c1ccc(-c2ccc(CSc3nnc(-c4ccc5c(c4)OCO5)o3)cc2)cc1,0.425315534,2.104144358,-9.4,-8.9,5.4246,388.0881634
c1ccc(-c2ncn(-c3ccc(-c4ccnc(Nc5ccc(-n6cnc(N7CCOCC7)n6)cc5)n4)cc3)n2)cc1,0.31043352,2.794470371,-10.9,-10.1,4.5522,542.2291055
CC=CC(=O)NCCCn1cc(C2=C(c3coc4ccccc34)C(=O)NC2=O)c2ccccc21,0.250957573,2.792588471,-10.3,-9.7,4.0371,453.1688562
CNC(=O)c1sc(-c2ccnc(NC(=O)C3CC3)c2)nc1OCCCCCCCCCCCCCCCCCCCOc1cccc(-c2ccnc(NC(=O)C3CC3)c2)n1,0.045278891,3.463448927,-7.6,-7.6,10.8082,837.4611391
COCCN1CCC(CNC(=O)c2n[nH]c3ccc(-c4ccccc4)cc23)CC1,0.647153718,2.235827093,-8.8,-8.7,3.3181,392.2212261
c1ccc(-c2ncn(-c3ccc(-c4ccnc(Nc5ccc(-n6cnc(N7CCOCC7)n6)cc5)n4)cc3)n2)cc1,0.31043352,2.794470371,-10.7,-9.7,4.5522,542.2291055
COCCN1CCC(CNC(=O)c2n[nH]c3ccc(-c4ccc(O)cc4)cc23)CC1,0.559095199,2.352971645,-8.9,-8.4,3.0237,408.2161408
c1ccc(-c2ccc(CSc3nnc(-c4ccc5c(c4)OCCO5)o3)cc2)cc1,0.412852211,2.143259086,-9.4,-9.1,5.4671,402.1038134
N#Cc1ccc(-c2ccc(CSc3nnc(-c4ccc5c(c4)OCCO5)o3)cc2)cc1,0.397746084,2.328630459,-9.4,-9.5,5.33878,427.0990624
COCCN1CCC(CNC(=O)c2n[nH]c3ccc(-c4ccccc4)cc23)CC1,0.647153718,2.235827093,-8.8,-8.7,3.3181,392.2212261
COCCN1CCC(CNC(=O)c2n[nH]c3ccc(-c4ccc(Cl)cc4)cc23)CC1,0.599300035,2.296246977,-8.9,-8.1,3.9715,426.1822538
c1ccc(-c2ccc(CSc3nnc(-c4ccc5c(c4)OCCO5)o3)cc2)cc1,0.412852211,2.143259086,-9.4,-8.5,5.4671,402.1038134
c1ccc(-c2ncn(-c3ccc(-c4ccnc(Nc5ccc(-n6cnc(N7CCOCC7)n6)cc5)n4)cc3)n2)cc1,0.31043352,2.794470371,-10.5,-10.1,4.5522,542.2291055
c1ccc(-c2ccc(CSc3nnc(-c4ccc5c(c4)OCO5)o3)cc2)cc1,0.425315534,2.104144358,-9.4,-8.9,5.4246,388.0881634
O=C(Nc1cc(-c2[nH]c(-c3ccc(F)cc3)nc2-c2ccc(F)cc2)ccn1)C1CC1,0.455597278,2.307570946,-10.4,-8.6,5.4324,416.1448676
Cc1nc(-c2ccccc2)c(-c2ccnc(NC(=O)C3CC3)c2)[nH]1,0.768483483,2.248935145,-8.6,-7.9,3.79562,318.1480612
Cc1ncn(-c2ccc(Nc3nccc(-c4cccc(Nc5ccc(Cl)cc5)n4)n3)cc2)n1,0.346157923,2.516814717,-9.5,-9.8,5.56832,454.1421203
O=C(Nc1cc(-c2[nH]c(-c3ccc(F)cc3)nc2-c2ccc(F)cc2)ccn1)C1CC1,0.455597278,2.307570946,-10.4,-8.6,5.4324,416.1448676
COCCN1CCC(CNC(=O)c2n[nH]c3ccc(-c4ccccc4)cc23)CC1,0.647153718,2.235827093,-8.8,-8.6,3.3181,392.2212261
NS(=O)(=O)c1ccc(-c2ccc3occ(-c4ccc(C(=O)O)cc4)c3c2)cc1,0.54193745,2.08677697,-9.8,-9.4,4.1124,393.0670936
COCCN1CCC(CNC(=O)c2n[nH]c3cc(-c4ccccc4)ccc23)CC1,0.647153718,2.240086822,-8.7,-8.4,3.3181,392.2212261
c1cc(-c2ccc(N3CCOCC3)cc2)ccc1CSc1nnc(-c2ccc3c(c2)OCO3)o1,0.351341383,2.372265255,-9.9,-10.3,5.2612,473.1409272
COc1cccc(-n2ncc3c(N=NCc4ccccc4)ncnc32)c1,0.510513391,2.656277841,-8.6,-8.1,4.108,344.1385591
N#Cc1ccc(-c2ccc(CSc3nnc(-c4ccc5c(c4)OCO5)o3)cc2)cc1,0.410876371,2.293696678,-9.4,-9.4,5.29628,413.0834123
Cn1cc(C2=C(c3coc4ccccc34)C(=O)NC2=O)c2cccc(F)c21,0.555365732,2.675972315,-9.2,-9.1,3.6308,360.0910205
O=C(Nc1cc(-c2ccnc(NC(=O)C3CC3)c2)ccn1)C1CC1,0.886331622,2.175851356,-8.4,-7.5,2.8406,322.1429758
COCCN1CCC(CNC(=O)c2n[nH]c3oc(-c4ccc(Cl)cc4)cc23)CC1,0.614834132,2.696782504,-8.6,-7.9,3.5645,416.1615183
COCCN1CCC(CNC(=O)c2n[nH]c3cc(-c4ccccc4)ccc23)CC1,0.647153718,2.240086822,-8.7,-8.4,3.3181,392.2212261
CSc1nc(-c2ccc(F)cc2)c(-c2ccnc(Nc3ccc(NC(=O)c4ccc(F)cc4)cc3)c2)[nH]1,0.201656924,2.428901761,-9.9,-9.4,7.1347,513.1434877
CC(C)NCCCn1cc(C2=C(c3ccccc3)C(=O)NC2=O)c2ccccc21,0.480986728,2.383738323,-8.8,-8,3.5966,387.194677
Cn1cc(C2=C(c3ccccc3)C(=O)NC2=O)c2ccccc21,0.74005506,2.152761451,-8.5,-8.3,2.7455,302.1055277
COCCN1CCC(CNC(=O)c2n[nH]c3cnc(NC4CCCC4)cc23)CC1,0.629838556,2.61173551,-8,-8,2.4006,400.2586743
c1ccc(-c2ccc(CSc3nnc(-c4ccc5c(c4)OCO5)o3)cc2)cc1,0.425315534,2.104144358,-9.4,-8.9,5.4246,388.0881634
COCCN1CCC(CNC(=O)c2n[nH]c3ccc(-c4ccccc4)cc23)CC1,0.647153718,2.235827093,-8.7,-8.5,3.3181,392.2212261
c1ccc(-c2ccc(CSc3nnc(-c4ccc5c(c4)OCO5)o3)cc2)cc1,0.425315534,2.104144358,-9.4,-8.9,5.4246,388.0881634
CSc1nc(-c2ccccc2)c(-c2ccnc(NC(=O)C3CC3)c2)[nH]1,0.676359731,2.332860852,-8.5,-8.1,4.2091,350.1201322
c1ccc(-c2ccc(CSc3nnc(-c4ccc5c(c4)OCCO5)o3)cc2)cc1,0.412852211,2.143259086,-9.4,-9.1,5.4671,402.1038134
c1ccc(-c2ccc(CSc3nnc(-c4ccc5c(c4)OCO5)o3)cc2)cc1,0.425315534,2.104144358,-9.4,-8.9,5.4246,388.0881634
CC(C)NCCCn1cc(C2=C(c3ccccc3)C(=O)NC2=O)c2ccccc21,0.480986728,2.383738323,-8.8,-7.2,3.5966,387.194677
COCCN1CCC(CNC(=O)c2n[nH]c3ccc(-c4ccc(OC)cc4)cc23)CC1,0.582175719,2.292246781,-9,-8.1,3.3267,422.2317908
O=C(Nc1cc(-c2ccnc(Nc3ccc(N4CCOCC4)cc3)c2)ccn1)C1CC1,0.631791486,2.321233881,-9.3,-8.8,4.0723,415.200825
N#Cc1ccc(-c2ccc(CSc3nnc(-c4ccc5c(c4)OCCO5)o3)cc2)cc1,0.397746084,2.328630459,-9.4,-9.7,5.33878,427.0990624
CSc1nc(-c2ccc(F)cc2)c(-c2ccnc(Nc3ccc(NC(=O)c4ccc(F)cc4)cc3)c2)[nH]1,0.201656924,2.428901761,-9.9,-9.5,7.1347,513.1434877
NC(=O)c1nc(-c2ccccc2)c(-c2ccnc(NC(=O)C3CC3)c2)[nH]1,0.657921592,2.40834134,-9,-7.9,2.5861,347.1382248
c1ccc(-c2ccc(CSc3nnc(-c4ccc5c(c4)OCCO5)o3)cc2)cc1,0.412852211,2.143259086,-9.3,-9,5.4671,402.1038134
CCC(N)C(=O)NCCCn1cc(C2=C(c3ccccc3)C(=O)NC2=O)c2ccccc21,0.37696129,2.912662277,-8,-8.1,2.4521,430.2004907
c1ccc(-c2ccc(CSc3nnc(-c4ccc5c(c4)OCCO5)o3)cc2)cc1,0.412852211,2.143259086,-9.4,-8.5,5.4671,402.1038134
N#Cc1ccc(-c2ccc(CSc3nnc(-c4ccc5c(c4)OCO5)o3)cc2)cc1,0.410876371,2.293696678,-9.4,-9.4,5.29628,413.0834123
c1ccc(-c2ccc(CSc3nnc(-c4ccc5c(c4)OCO5)o3)cc2)cc1,0.425315534,2.104144358,-9.4,-8.8,5.4246,388.0881634
CNC(=O)c1sc(-c2ccnc(NC(=O)C3CC3)c2)nc1OCC1CC1,0.779405599,2.643919268,-7.8,-6.9,2.702,372.1256115
c1ccc(-c2ccc(CSc3nnc(-c4ccc5c(c4)OCO5)o3)cc2)cc1,0.425315534,2.104144358,-9.4,-8.9,5.4246,388.0881634
COCCN1CCC(CNC(=O)c2n[nH]c3ccc(-c4ccccc4)cc23)CC1,0.647153718,2.235827093,-8.8,-8.7,3.3181,392.2212261
c1ccc(-c2ccc(CSc3nnc(-c4ccc5c(c4)OCCO5)o3)cc2)cc1,0.412852211,2.143259086,-9.4,-9.2,5.4671,402.1038134
c1ccc(-c2ccc(CSc3nnc(-c4ccc5c(c4)OCCO5)o3)cc2)cc1,0.412852211,2.143259086,-9.4,-9.1,5.4671,402.1038134
N#Cc1ccc(-c2ccc(CSc3nnc(-c4ccc5c(c4)OCCO5)o3)cc2)cc1,0.397746084,2.328630459,-9.4,-9.3,5.33878,427.0990624
O=C(Nc1cc(-c2ccnc(Nc3ccccc3)c2)ccn1)C1CC1,0.73426779,2.063729845,-8.6,-8.1,4.2357,330.1480612
COCCN1CCC(CNC(=O)c2n[nH]c3ccc(-c4ccccc4)cc23)CC1,0.647153718,2.235827093,-8.8,-8.6,3.3181,392.2212261
CC(N)C(=O)NCCCn1cc(C2=C(c3ccccc3)C(=O)NC2=O)c2ccccc21,0.404858031,2.866919537,-8.3,-7.8,2.062,416.1848406
CNC(=O)c1sc(-c2ccnc(NC(=O)C3CC3)c2)nc1OCCCCCCCCCCCCCCCCCCCOc1cccc(-c2ccnc(NC(=O)C3CC3)c2)n1,0.045278891,3.463448927,-7.1,-7,10.8082,837.4611391
c1ccc(-c2ccc(CSc3nnc(-c4ccc5c(c4)OCO5)o3)cc2)cc1,0.425315534,2.104144358,-9.4,-8.9,5.4246,388.0881634
N#Cc1ccc(-c2ccc(CSc3nnc(-c4ccc5c(c4)OCCO5)o3)cc2)cc1,0.397746084,2.328630459,-9.4,-9.3,5.33878,427.0990624
c1ccc(-c2ccc(CSc3nnc(-c4ccc5c(c4)OCO5)o3)cc2)cc1,0.425315534,2.104144358,-9.4,-8.9,5.4246,388.0881634
N=C1NC(=O)C(=Cc2ccc(-c3ccc(S(N)(=O)=O)cc3)o2)S1,0.727500958,2.751821985,-8.3,-7.8,1.73267,349.0190978
c1ccc(-c2ccc(CSc3nnc(-c4ccc5c(c4)OCO5)o3)cc2)cc1,0.425315534,2.104144358,-9.4,-8.9,5.4246,388.0881634
N#Cc1ccc(-c2ccc(CSc3nnc(-c4ccc5c(c4)OCCO5)o3)cc2)cc1,0.397746084,2.328630459,-9.4,-9.5,5.33878,427.0990624
N=C1NC(=O)C(=Cc2ccc(-c3ccc(S(N)(=O)=O)cc3)o2)S1,0.727500958,2.751821985,-8.3,-7.8,1.73267,349.0190978
Cn1c(N2CCNC(c3ccccc3)C2)nc(-c2ccncn2)cc1=O,0.77082762,3.035165759,-9.1,-8.4,1.3882,348.1698593
N#Cc1ccc(-c2ccc(CSc3nnc(-c4ccc5c(c4)OCO5)o3)cc2)cc1,0.410876371,2.293696678,-9.5,-9.3,5.29628,413.0834123
Cn1cc(C2=C(c3ccccc3Cl)C(=O)NC2=O)c2ccccc21,0.72915021,2.240077148,-8.6,-8.4,3.3989,336.0665553
c1ccc(-c2ccc(CSc3nnc(-c4ccc5c(c4)OCO5)o3)cc2)cc1,0.425315534,2.104144358,-9.4,-8.9,5.4246,388.0881634
Cc1ccc2c(-c3ccnc(Nc4ccc(Cl)c(Cl)c4)n3)ccn2n1,0.54192725,2.453632005,-9,-8.5,5.15012,369.0548008
O=C(Nc1cc(-c2[nH]c(-c3ccc(F)cc3)nc2-c2ccc(F)cc2)ccn1)C1CC1,0.455597278,2.307570946,-10.4,-8.5,5.4324,416.1448676
Cn1c(N2CCNC(c3ccc(Cl)cc3)C2)nc(-c2ccccn2)cc1=O,0.75527413,2.93911069,-9.2,-8.6,2.6466,381.1356379
N#Cc1ccc(-c2ccc(CSc3nnc(-c4ccc5c(c4)OCO5)o3)cc2)cc1,0.410876371,2.293696678,-9.4,-9.4,5.29628,413.0834123
c1ccc(-c2ccc(CSc3nnc(-c4ccc5c(c4)OCO5)o3)cc2)cc1,0.425315534,2.104144358,-9.4,-8.9,5.4246,388.0881634
O=C(Nc1cc(-c2[nH]c(-c3ccc(F)cc3)nc2-c2ccc(F)cc2)ccn1)C1CC1,0.455597278,2.307570946,-10.4,-8.6,5.4324,416.1448676
c1ccc(-c2ccc(CSc3nnc(-c4ccc5c(c4)OCCO5)o3)cc2)cc1,0.412852211,2.143259086,-9.4,-9.1,5.4671,402.1038134
N#Cc1ccc(-c2ccc(CSc3nnc(-c4ccc5c(c4)OCCO5)o3)cc2)cc1,0.397746084,2.328630459,-9.5,-9.4,5.33878,427.0990624
c1ccc(-c2ccc(CSc3nnc(-c4ccc5c(c4)OCCO5)o3)cc2)cc1,0.412852211,2.143259086,-9.4,-9.1,5.4671,402.1038134
COCCN1CCC(CNC(=O)c2n[nH]c3ccc(-c4ccc(C(=O)O)cc4)cc23)CC1,0.501074303,2.346509234,-9.3,-7.8,3.0163,436.2110554
Clc1ccc(-c2ccc(CSc3nnc(-c4ccc5c(c4)OCCO5)o3)cc2)cc1,0.351076567,2.205090627,-9.5,-9.3,6.1205,436.0648411
COCCN1CCC(CNC(=O)c2n[nH]c3ccc(-c4ccc(C)cc4)cc23)CC1,0.628672203,2.28501886,-9,-8.3,3.62652,406.2368762
Cn1cc(C2=C(c3ccccc3)C(=O)NC2=O)c2ccccc21,0.74005506,2.152761451,-8.5,-8.3,2.7455,302.1055277
COCCN1CCC(CNC(=O)c2n[nH]c3ccc(-c4ccc(Cl)cc4Cl)cc23)CC1,0.538721417,2.417884343,-8.4,-7.9,4.6249,460.1432814
N#Cc1ccc(-c2ccc(CSc3nnc(-c4ccc5c(c4)OCCO5)o3)cc2)cc1,0.397746084,2.328630459,-9.4,-9.5,5.33878,427.0990624
FC(F)(F)c1ccc(Nc2nccc(-c3cnn4ncccc34)n2)cc1,0.60200208,2.53456672,-9.2,-8.6,3.9487,356.099729
N#Cc1ccc(-c2ccc(CSc3nnc(-c4ccc5c(c4)OCCO5)o3)cc2)cc1,0.397746084,2.328630459,-9.4,-9.8,5.33878,427.0990624
N#Cc1ccc(-c2ccc(CSc3nnc(-c4ccc5c(c4)OCO5)o3)cc2)cc1,0.410876371,2.293696678,-9.5,-9.4,5.29628,413.0834123
O=C1NC(=O)C(c2cn(CCCO)c3ccccc23)=C1c1ccccc1,0.697742918,2.289297797,-8.3,-8.1,2.5909,346.1317424
COCCN1CCC(CNC(=O)c2n[nH]c3ccc(-c4ccc(Cl)cc4)cc23)CC1,0.599300035,2.296246977,-8.8,-8,3.9715,426.1822538
c1ccc(-c2ccc(CSc3nnc(-c4ccc5c(c4)OCCO5)o3)cc2)cc1,0.412852211,2.143259086,-9.4,-8.5,5.4671,402.1038134
Cc1ccc(-c2ccc3[nH]nc(NC(=O)C4CC4)c3c2)cc1,0.768891866,2.018912368,-9.1,-8.7,3.88682,291.1371622
O=C1NC(=O)C(c2ccc(Cl)cc2)=C1Nc1cc(Cl)c(O)c(Cl)c1,0.555832498,2.415146091,-8.1,-8,3.832,381.9678752
NS(=O)(=O)c1ccc(-c2ccc3c(c2)C(=O)NCC3)cc1,0.87560923,2.111736189,-8.5,-8.4,1.2869,302.0725133
c1ccc(-c2ccc(CSc3nnc(-c4ccc5c(c4)OCO5)o3)cc2)cc1,0.425315534,2.104144358,-9.4,-8.9,5.4246,388.0881634
O=C(Nc1n[nH]c2ncc(-c3ccc(Cl)cc3)cc12)C1CC1,0.775545072,2.219756324,-8.6,-8.2,3.6268,312.0777887
O=C(O)c1ccc(-c2ccc3[nH]nc(-c4ccc(C(=O)O)cc4)c3c2)cc1,0.504730947,1.994622865,-9.6,-9.1,4.2933,358.0953569
O=C(O)CN1CCC(CNC(=O)c2n[nH]c3ccc(-c4ccc(Cl)cc4)cc23)CC1,0.560697031,2.299209632,-9.1,-8.4,3.4097,426.1458683
COCCN1CCC(CNC(=O)c2n[nH]c3ccc(-c4ccc(Cl)cc4Cl)cc23)CC1,0.538721417,2.417884343,-9.1,-8.1,4.6249,460.1432814
Cn1cc(C2=C(c3cn(CCCN4CCOCC4)c4ccccc34)C(=O)NC2=O)c2ccccc21,0.440541409,2.644305013,-9.6,-8.6,3.4225,468.2161408
O=C1NC(=O)C(c2cn(CCCN3CCOCC3)c3ccccc23)=C1c1ccccc1,0.629090111,2.407668877,-9.2,-8.2,2.9308,415.1895917
COCCN1CCC(CNC(=O)c2n[nH]c3ccc(-c4ccc(Cl)cc4Cl)cc23)CC1,0.538721417,2.417884343,-9.1,-8.2,4.6249,460.1432814
O=C(Nc1n[nH]c2nc(-c3ccc(Cl)cc3)ccc12)C1CC1,0.775545072,2.223349731,-8.1,-7.6,3.6268,312.0777887
O=C(Nc1n[nH]c2cc(-c3ccc(Cl)cc3)ccc12)C1CC1,0.7600986,2.046178302,-8.2,-7.5,4.2318,311.0825397
CCCC(=O)Nc1n[nH]c2nc(-c3ccc(Cl)cc3)ccc12,0.763814227,2.226675006,-8,-7.4,4.0169,314.0934388
N#Cc1ccc(-c2ccc(CSc3nnc(-c4ccc5c(c4)OCCO5)o3)cc2)cc1,0.397746084,2.328630459,-9.4,-9.5,5.33878,427.0990624
CN(C)CCCn1nc(C2=C(c3cn4c5c(cccc35)CN(C(=O)N3CCOCC3)CC4)C(=O)NC2=O)c2ccccc21,0.351440706,3.167242004,-10.1,-8.8,2.7777,581.2750526
Cn1cc(C2=C(c3ccc(Cl)cc3)C(=O)NC2=O)c2ccccc21,0.72915021,2.217076243,-8.1,-8.5,3.3989,336.0665553
O=C(Nc1n[nH]c2ccc(-c3ccccc3)cc12)C1CC1,0.768445346,1.963749043,-8.8,-8.3,3.5784,277.1215121
COCCN1CCC(CNC(=O)c2n[nH]c3ccc(-c4ccc(Cl)cc4Cl)cc23)CC1,0.538721417,2.417884343,-9,-8.2,4.6249,460.1432814
C[PH](=O)(=O)c1ccc(-c2coc3ccc(-c4ccc(C(=O)O)cc4)cc23)cc1,0.485012102,2.985730622,-9.6,-9.4,5.161,392.0813603
COC(O)Cn1c(SC=CC(=O)O)nc(-c2ccc(F)cc2)c1-c1ccnc(NC2CCC(N)CC2)n1,0.175024911,3.758296059,-8.8,-8,3.4832,528.1955026
N#Cc1ccc(-c2ccc(CSc3nnc(-c4ccc5c(c4)OCO5)o3)cc2)cc1,0.410876371,2.293696678,-9.5,-9.5,5.29628,413.0834123
Cn1cc(C2=C(c3cn(CCCN4CCOCC4)c4ccccc34)C(=O)NC2=O)c2cc(F)ccc21,0.423446921,2.73310282,-9.8,-8.6,3.5616,486.2067189
CCCC(=O)Nc1n[nH]c2cc(-c3ccc(Cl)cc3Cl)ccc12,0.674283825,2.202758945,-8.2,-7.7,5.2753,347.0592175
COCCN1CCC(CNC(=O)c2cccc(-n3ncc4cc(Nc5ccccc5Cl)ccc43)c2)CC1,0.30611506,2.454645663,-9.6,-9,5.5107,517.2244529
COCCN1CCC(CNC(=O)c2n[nH]c3ccc(-c4ccccc4)cc23)CC1,0.647153718,2.235827093,-8.8,-8.7,3.3181,392.2212261
COc1ccc(C(=O)Nc2cncc(C(=O)NCC3CCN(Cc4ccccc4)CC3)c2)cc1,0.533460579,2.090290183,-9.5,-9.1,3.9845,458.2317908
c1ccc(-c2ccc(CSc3nnc(-c4ccc5c(c4)OCCO5)o3)cc2)cc1,0.412852211,2.143259086,-9.4,-9.1,5.4671,402.1038134
N#Cc1ccc(-c2ccc(CSc3nnc(-c4ccc5c(c4)OCO5)o3)cc2)cc1,0.410876371,2.293696678,-8.9,-9.4,5.29628,413.0834123
C=CC(=O)Nc1ccc(-c2ccc(CSc3nnc(-c4ccc5c(c4)OCCO5)o3)cc2)cc1,0.277623023,2.435039862,-9.5,-9.3,5.5916,471.1252772
CCCC(=O)Nc1n[nH]c2ncc(-c3ccc(Cl)cc3Cl)cc12,0.719004571,2.377350424,-8.3,-8.1,4.6703,348.0544664
CCS(=O)(=O)Nc1ccc(C(=O)Nc2ccc(Nc3cc(-c4cccnc4)ccn3)cc2)cc1,0.33543246,2.246497576,-9,-9.1,4.9011,473.1521606
c1ccc(-c2ccc(CSc3nnc(-c4ccc5c(c4)OCCO5)o3)cc2)cc1,0.412852211,2.143259086,-9.4,-8.5,5.4671,402.1038134
O=C(Nc1cc(-c2[nH]c(SCc3ccccc3)nc2-c2ccc(F)cc2)ccn1)C1CC1,0.347295372,2.350875886,-9.8,-8.3,5.9186,444.1420105
O=C1NC(=O)C(c2cn(CCCN3CCOCC3)c3ccccc23)=C1c1ccccc1,0.629090111,2.407668877,-9.1,-8.2,2.9308,415.1895917
O=C(NCC1CCN(CCc2ccccc2)CC1)c1n[nH]c2ccc(-c3ccc(Cl)cc3Cl)cc12,0.312270822,2.379356144,-9.1,-8.6,6.2212,506.1640169
COC1CCC(NC(=O)c2n[nH]cc2NC(=O)c2ccccc2Cl)CC1,0.746913727,2.57589477,-8.9,-8,3.0028,376.1302182
COCCN1CCC(CNC(=O)c2n[nH]c3ccc(-c4ccc(Cl)cc4)cc23)CC1,0.599300035,2.296246977,-8.9,-8,3.9715,426.1822538
COCCN1CCC(CNC(=O)c2n[nH]c3ccc(-c4ccc(Cl)cc4Cl)cc23)CC1,0.538721417,2.417884343,-9.2,-8.1,4.6249,460.1432814
Cc1nc(-c2ccc(F)cc2)c(-c2ccnc(NC(=O)C3CC3)c2)[nH]1,0.758070095,2.315199882,-9.1,-7.9,3.93472,336.1386394
CSc1ccc(NC2=C(c3ccccc3)C(=O)NC2=O)cc1,0.673281968,2.198439841,-7.7,-7.7,2.8881,310.0775987
Cn1cc(C2=C(c3ccccc3)C(=O)NC2=O)c2ccccc21,0.74005506,2.152761451,-8.5,-8.3,2.7455,302.1055277
N#Cc1ccc(-c2ccc(CSc3nnc(-c4ccc5c(c4)OCO5)o3)cc2)cc1,0.410876371,2.293696678,-8.9,-9.5,5.29628,413.0834123
Cn1cc(C2=C(c3ccccc3)C(=O)NC2=O)c2ccccc21,0.74005506,2.152761451,-8.5,-8.3,2.7455,302.1055277
NC(=O)c1ccccc1Nc1cc(Nc2ccccc2Cl)ncc1C(F)(F)F,0.533972454,2.309067308,-8.9,-8.4,5.3399,406.0808234
O=C(Nc1n[nH]c2ccc(-c3ccccc3)cc12)C1CC1,0.768445346,1.963749043,-8.7,-8.3,3.5784,277.1215121
Cc1nc(C)n(-c2ccc(Nc3ncc4nc(Nc5ccc(Cl)c(Cl)c5)ncc4n3)cc2)n1,0.345438794,2.638923475,-9.4,-9.2,5.41134,477.0983969
Cn1cc(C2=C(c3cn(C)c4cc(F)ccc34)C(=O)NC2=O)c2ccccc21,0.54790134,2.542878041,-9.1,-8.1,3.3763,373.122655
c1ccc(-c2ccc(CSc3nnc(-c4ccc5c(c4)OCCO5)o3)cc2)cc1,0.412852211,2.143259086,-9.4,-9.1,5.4671,402.1038134
c1ccc(-c2ccc(CSc3nnc(-c4ccc5c(c4)OCCO5)o3)cc2)cc1,0.412852211,2.143259086,-9.4,-9.1,5.4671,402.1038134
CS(=O)(=O)Nc1ccc(CCNC(=O)c2ccnc3nc(-c4ccc(Cl)cc4)[nH]c23)cc1,0.381883875,2.37532607,-9.5,-8.1,3.6223,469.0975382
CCCC(=O)Nc1n[nH]c2ccc(-c3ccccc3)cc12,0.758874824,1.967183343,-8.3,-7.8,3.9685,279.1371622
Cn1cc(C2=C(c3ccccc3)C(=O)NC2=O)c2ccccc21,0.74005506,2.152761451,-8.5,-8.3,2.7455,302.1055277
c1ccc(-c2ccc(CSc3nnc(-c4ccc5c(c4)OCCO5)o3)cc2)cc1,0.412852211,2.143259086,-9.3,-9.1,5.4671,402.1038134
O=C(O)c1ccc(CN2CCC(CNC(=O)c3n[nH]c4ccc(Br)cc34)CC2)o1,0.519876406,2.508590593,-9.5,-8.6,3.2586,460.0746173
O=C(Nc1n[nH]c2cc(-c3ccc(Cl)cc3)ccc12)C1CC1,0.7600986,2.046178302,-8.2,-7.6,4.2318,311.0825397
c1ccc(-c2ccc(CSc3nnc(-c4ccc5c(c4)OCO5)o3)cc2)cc1,0.425315534,2.104144358,-9.4,-8.9,5.4246,388.0881634
c1ccc(-c2ccc(CSc3nnc(-c4ccc5c(c4)OCO5)o3)cc2)cc1,0.425315534,2.104144358,-9.4,-9.1,5.4246,388.0881634
O=C(Nc1ccc(Nc2nccc(-c3cccnc3)n2)cc1)c1ccccc1,0.541478819,1.911966395,-9.3,-8.6,4.5345,367.1433102
N#Cc1ccc(-c2ccc(CSc3nnc(-c4ccc5c(c4)OCCO5)o3)cc2)cc1,0.397746084,2.328630459,-9.5,-9.5,5.33878,427.0990624
COCCN1CCC(CNC(=O)c2n[nH]c3ccc(-c4ccc(OC)cc4)cc23)CC1,0.582175719,2.292246781,-8.9,-7.6,3.3267,422.2317908
CS(=O)(=O)Nc1ccc(C(=O)Nc2cncc(C(=O)NCC3CCN(Cc4ccccc4)CC3)c2)cc1,0.397244473,2.284561821,-9.3,-9,3.3474,521.2096755
O=C1NC(=O)C(c2ccc(Cl)cc2Cl)=C1Nc1cc(Cl)c(O)c(Cl)c1,0.507544152,2.540366621,-8.1,-8,4.4854,415.9289028
C=CC(=O)Nc1ccc(CCNC(=O)c2ccc(O)c3nc(-c4ccc(F)cc4)[nH]c23)cc1,0.321003317,2.469398656,-8.8,-8.4,4.1716,444.1597688
O=C(Nc1n[nH]c2ccc(-c3ccccc3)cc12)C1CC1,0.768445346,1.963749043,-8.7,-8.2,3.5784,277.1215121
CNC(=O)c1sc(-c2ccnc(NC(=O)C3CC3)c2)nc1OCCCCCCCCCCn1cc(-c2ccc(Cl)c(C(F)(F)F)c2)nc1SCCCC(=O)O,0.052077639,3.457289121,-7.9,-7.8,9.6056,820.2455228
COCCN1CCC(CNC(=O)c2n[nH]c3ccc(-c4ccc(Cl)cc4)cc23)CC1,0.599300035,2.296246977,-8.8,-8,3.9715,426.1822538
COCCN1CCC(CNC(=O)c2n[nH]c3ccc(-c4ccc(Cl)cc4Cl)cc23)CC1,0.538721417,2.417884343,-9.1,-8.2,4.6249,460.1432814
c1ccc(-c2ccc(CSc3nnc(-c4ccc5c(c4)OCCO5)o3)cc2)cc1,0.412852211,2.143259086,-9.4,-9.2,5.4671,402.1038134
c1cc(-c2ccc(N3CCOCC3)cc2)ccc1CSc1nnc(-c2ccc3c(c2)OCO3)o1,0.351341383,2.372265255,-9.9,-10.3,5.2612,473.1409272
Cn1cc(C2=C(c3ccccc3)C(=O)NC2=O)c2ccccc21,0.74005506,2.152761451,-8.5,-8.3,2.7455,302.1055277
COc1cccc(-c2n[nH]c3nc(Nc4cccc(Cl)c4)ncc23)c1,0.568671873,2.285992859,-8.9,-8.3,4.4255,351.0886877
O=C(O)c1ccc(-c2n[nH]c3ccc(-c4ccccc4)cc23)cc1,0.580767804,1.86403632,-9.2,-8.8,4.5951,314.1055277
COCCN1CCC(CNC(=O)c2n[nH]c3ccc(-c4ccc(Cl)cc4Cl)cc23)CC1,0.538721417,2.417884343,-8.8,-8.4,4.6249,460.1432814
N#Cc1ccc(-c2ccc(CSc3nnc(-c4ccc5c(c4)OCO5)o3)cc2)cc1,0.410876371,2.293696678,-9.5,-9.3,5.29628,413.0834123
COCCN1CCC(CNC(=O)c2n[nH]c3ccc(-c4ccccc4)cc23)CC1,0.647153718,2.235827093,-8.8,-8.6,3.3181,392.2212261
O=C1NC(=O)C(c2cn(CCCN3CCOCC3)c3ccccc23)=C1c1ccccc1,0.629090111,2.407668877,-9.2,-7.6,2.9308,415.1895917
O=C(Nc1n[nH]c2nc(-c3ccc(C(F)(F)F)cc3)ccc12)C1CC1,0.753179837,2.362959808,-8.4,-8.5,3.9922,346.1041457
COc1cccc(C2=C(c3cn(C)c4ccccc34)C(=O)NC2=O)c1,0.750397967,2.252396848,-8.3,-7.8,2.7541,332.1160924
COc1ccc(-c2cc3c(C(=O)NCC4CCN(CCc5ccc(C(=O)O)o5)CC4)c[nH]c3o2)cc1,0.3170452,2.873360364,-9.3,-8.4,4.4122,491.2056356
COCCN1CCC(CNC(=O)c2n[nH]c3ccc(-c4ccc(Cl)cc4Cl)cc23)CC1,0.538721417,2.417884343,-9.1,-8.2,4.6249,460.1432814
Cn1cc(C2=C(c3cn(CCCN4CCOCC4)c4ccccc34)C(=O)NC2=O)c2ccccc21,0.440541409,2.644305013,-9.6,-8.4,3.4225,468.2161408
N#Cc1ccc(-c2ccc(CSc3nnc(-c4ccc5c(c4)OCCO5)o3)cc2)cc1,0.397746084,2.328630459,-9.4,-8,5.33878,427.0990624
COCCN1CCC(CNC(=O)c2n[nH]c3ccc(-c4ccc(Cl)cc4Cl)cc23)CC1,0.538721417,2.417884343,-8.8,-7.9,4.6249,460.1432814
N#Cc1ccc(-c2ccc(CSc3nnc(-c4ccc5c(c4)OCO5)o3)cc2)cc1,0.410876371,2.293696678,-9,-9.1,5.29628,413.0834123
Cn1cc(C2=C(c3ccccc3)C(=O)NC2=O)c2ccccc21,0.74005506,2.152761451,-8.5,-8.3,2.7455,302.1055277
COCCN1CCC(CNC(=O)c2n[nH]c3ccc(-c4ccc(Cl)cc4Cl)cc23)CC1,0.538721417,2.417884343,-9.2,-7.8,4.6249,460.1432814
c1ccc(-c2ccc(CSc3nnc(-c4ccc5c(c4)OCCO5)o3)cc2)cc1,0.412852211,2.143259086,-9.4,-9.1,5.4671,402.1038134
c1ccc(-c2ccc(CSc3nnc(-c4ccc5c(c4)OCO5)o3)cc2)cc1,0.425315534,2.104144358,-9.4,-8.9,5.4246,388.0881634
O=C(O)c1ccc(Nc2nccc(-c3c(-c4ccccc4)nn4ccccc34)n2)cc1,0.43048194,2.282280542,-9.6,-8.4,4.9001,407.1382248
N#Cc1ccc(-c2ccc(CSc3nnc(-c4ccc5c(c4)OCCO5)o3)cc2)cc1,0.397746084,2.328630459,-9.4,-9.4,5.33878,427.0990624
CCCC(=O)Nc1n[nH]c2cc(-c3ccc(Cl)cc3Cl)ccc12,0.674283825,2.202758945,-8.1,-7.9,5.2753,347.0592175
O=C(O)c1ccc(Nc2nccc(-c3ccccc3)n2)cc1,0.768033999,1.730358453,-8.4,-8.1,3.5854,291.1007767
Cn1cc(C2=C(c3ccccc3)C(=O)NC2=O)c2ccccc21,0.74005506,2.152761451,-8.5,-8.3,2.7455,302.1055277
O=C(Nc1n[nH]c2ncc(-c3ccc(Cl)cc3Cl)cc12)C1CC1,0.742881467,2.374127465,-8.7,-8.1,4.2802,346.0388164
NC(=O)c1ccccc1Nc1ccc(Cl)c(Nc2ccccc2C(N)=O)c1,0.517092782,2.002440334,-8.7,-8.3,4.025,380.1040035
Cc1nc(C)n(-c2ccc(-c3ccnc(Nc4ccc(N5CCOCC5)cc4)n3)cc2)n1,0.516923398,2.399516243,-9.2,-8.8,3.92134,427.2120584
O=C1NC(=O)C(c2ccc(Cl)cc2Cl)=C1Nc1cccc(Cl)c1,0.802150579,2.285282321,-8,-8.1,4.1264,365.9729606
Cn1cc(NC(=O)c2cc(-n3ncc4cc(Nc5ccccc5Cl)c(F)cc43)cs2)cn1,0.352771468,2.793377294,-9.3,-9.1,5.6089,466.077886
O=C1NC(=O)C(c2ccccc2)=C1Nc1cc(Cl)c(O)c(Cl)c1,0.587526714,2.35591934,-7.9,-8.3,3.1786,348.0068475
COCCN1CCC(CNC(=O)c2n[nH]c3ccc(-c4ccc(Cl)cc4)cc23)CC1,0.599300035,2.296246977,-8.9,-8.1,3.9715,426.1822538
N#Cc1ccc(-c2ccc(CSc3nnc(-c4ccc5c(c4)OCO5)o3)cc2)cc1,0.410876371,2.293696678,-9.5,-9.5,5.29628,413.0834123
c1ccc(-c2ccc(CSc3nnc(-c4ccc5c(c4)OCO5)o3)cc2)cc1,0.425315534,2.104144358,-9.4,-8.9,5.4246,388.0881634
Cn1cc(C2=C(c3ccc(Cl)cc3)C(=O)NC2=O)c2ccccc21,0.72915021,2.217076243,-8.1,-8.4,3.3989,336.0665553
O=C(O)c1ccc(-c2ccc3c(NC(=O)C4CC4)n[nH]c3c2)cc1,0.686982919,2.088946379,-8.4,-8.4,3.2766,321.1113413
c1ccc(-c2ccc(CSc3nnc(-c4ccc5c(c4)OCCO5)o3)cc2)cc1,0.412852211,2.143259086,-9.4,-8.4,5.4671,402.1038134
c1ccc(-c2ccc(CSc3nnc(-c4ccc5c(c4)OCO5)o3)cc2)cc1,0.425315534,2.104144358,-9.4,-8.9,5.4246,388.0881634
O=C(O)c1ccc(-c2ccc3[nH]nc(C(=O)NCC4CCN(CCc5ccccc5)CC4)c3c2)cc1,0.340640044,2.326215571,-9,-8.7,4.6126,482.2317908
Fc1ccc(-c2cc(C(F)(F)F)ccc2-c2ccnc(Nc3ccc(N4CCOCC4)cc3)n2)cc1,0.31909069,2.402450009,-9.5,-8.8,6.5487,494.1729742
COCCN1CCC(CNC(=O)c2n[nH]c3ccc(-c4ccccc4)cc23)CC1,0.647153718,2.235827093,-8.8,-8.7,3.3181,392.2212261
O=C(O)c1ccc(-c2ccc3[nH]nc(-c4ccc(C(=O)O)cc4)c3c2)cc1,0.504730947,1.994622865,-9.6,-8.7,4.2933,358.0953569
Cn1cc(C2=C(c3cn(C)c4ccccc34)C(=O)NC2=O)c2ccccc21,0.561396223,2.41960808,-9,-8.3,3.2372,355.1320768
Cn1cc(C2=C(c3ccccc3)C(=O)NC2=O)c2ccc(F)cc21,0.738264262,2.294358143,-8.6,-8.5,2.8846,320.0961059
Cn1cc(C2=C(c3ccccc3)C(=O)NC2=O)c2ccccc21,0.74005506,2.152761451,-8.5,-8.3,2.7455,302.1055277
CSc1nc(-c2ccc(Cl)cc2)c(-c2ccnc(NC(=O)C3CC3)c2)[nH]1,0.615884038,2.391606205,-9,-7.7,4.8625,384.0811598
COCCN1CCC(CNC(=O)c2n[nH]c3ccc(-c4ccc(Cl)cc4)cc23)CC1,0.599300035,2.296246977,-8.9,-8.1,3.9715,426.1822538
c1ccc(-c2ccc(CSc3nnc(-c4ccc5c(c4)OCCO5)o3)cc2)cc1,0.412852211,2.143259086,-9.4,-9,5.4671,402.1038134
Cn1cc(C2=C(c3ccccc3)C(=O)NC2=O)c2ccccc21,0.74005506,2.152761451,-8.5,-8.3,2.7455,302.1055277
COCCN1CCC(CNC(=O)c2n[nH]c3ccc(-c4ccc(C(=O)O)cc4)cc23)CC1,0.501074303,2.346509234,-9.2,-7.8,3.0163,436.2110554
CCCC(=O)Nc1n[nH]c2ccc(-c3ccc(C)o3)cc12,0.763154875,2.294889005,-8,-7.7,3.86992,283.1320768
COCCN1CCC(CNC(=O)c2n[nH]c3ccc(-c4ccc(C(=O)O)cc4)cc23)CC1,0.501074303,2.346509234,-9.4,-8.3,3.0163,436.2110554
O=C(O)c1ccc(CN2CCC(CNC(=O)c3ccnc4[nH]c(-c5ccc(F)cc5)cc34)CC2)o1,0.366730799,2.612458617,-9.6,-8.8,4.3022,476.1859835
COCCN1CCC(CNC(=O)c2n[nH]c3ccc(-c4ccc(Cl)cc4Cl)cc23)CC1,0.538721417,2.417884343,-9.2,-8.2,4.6249,460.1432814
N=C1NC(=O)C(=Cc2ccc(-c3ccc(Cl)cc3)o2)S1,0.830631159,2.659404864,-7.6,-7.7,3.73867,304.0073262
N#Cc1ccc(-c2ccc(CSc3nnc(-c4ccc5c(c4)OCCO5)o3)cc2)cc1,0.397746084,2.328630459,-9.4,-9.5,5.33878,427.0990624
N#Cc1ccc(-c2nnc(SCc3ccc(-c4ccccc4C#N)cc3)o2)cc1,0.418991958,2.258943655,-9.4,-9.1,5.43926,394.0888321
COCCN1CCC(CNC(=O)c2n[nH]c3ccc(-c4ccc(Cl)cc4)cc23)CC1,0.599300035,2.296246977,-8.7,-8.2,3.9715,426.1822538
Cn1cc(C2=C(c3ccccc3)C(=O)NC2=O)c2ccccc21,0.74005506,2.152761451,-8.5,-8.3,2.7455,302.1055277
Cn1cc(C2=C(c3ccccc3)C(=O)NC2=O)c2cccc(F)c21,0.738264262,2.393335745,-8.5,-8.4,2.8846,320.0961059
c1ccc(-c2ccc(CSc3nnc(-c4ccc5c(c4)OCCO5)o3)cc2)cc1,0.412852211,2.143259086,-9.4,-9,5.4671,402.1038134
NC1CCN(c2ccncc2NC(=O)c2ccc(Nc3cc(-c4cccnc4)ccn3)cc2)CC1,0.385613212,2.491127804,-9.8,-9.4,4.462,465.2277085
CS(=O)c1ccc(-c2ccc3occ(-c4ccc(C(=O)O)cc4)c3c2)c(Cl)c1,0.457461769,2.863266993,-9.6,-9.2,5.8558,410.0379576
c1ccc(-c2ccc(CSc3nnc(-c4ccc5c(c4)OCCO5)o3)cc2)cc1,0.412852211,2.143259086,-9.4,-8.4,5.4671,402.1038134
Cn1c(N2CCNC(c3ccc(C#N)cc3)C2)nc(-c2ccncc2)cc1=O,0.755229335,3.054549932,-9.3,-8.4,1.86488,372.1698593
N#Cc1ccc(-c2ccc(CSc3nnc(-c4ccc5c(c4)OCCO5)o3)cc2)cc1,0.397746084,2.328630459,-9.4,-9.5,5.33878,427.0990624
c1ccc(-c2ccc(CSc3nnc(-c4ccc5c(c4)OCO5)o3)cc2)cc1,0.425315534,2.104144358,-9.4,-8.9,5.4246,388.0881634
Cn1cc(C2=C(c3cn(CCCO)c4ccccc34)C(=O)NC2=O)c2cc(F)ccc21,0.489795296,2.63449234,-9.1,-8.3,3.2217,417.1488697
Clc1ccc(Nc2nccc(-c3cnn4ncccc34)n2)cc1Cl,0.594122222,2.508098079,-8.7,-8.3,4.2367,356.0343997
COCCN1CCC(CNC(=O)c2n[nH]c3ccc(-c4ccc(Cl)cc4Cl)cc23)CC1,0.538721417,2.417884343,-8.8,-8.1,4.6249,460.1432814
O=C(O)c1ccc(-c2ccc3[nH]nc(-c4ccc(C(=O)O)cc4)c3c2)cc1,0.504730947,1.994622865,-9.5,-9.1,4.2933,358.0953569
Clc1ccc(Nc2nccc(-c3c(-c4ccccc4)nn4ccccc34)n2)cc1Cl,0.35188748,2.322450606,-10,-8.3,6.5087,431.0704508
O=C(NCC1CCN(CCc2ccccc2)CC1)c1n[nH]c2ccc(-c3ccc(Cl)cc3Cl)cc12,0.312270822,2.379356144,-8.8,-10,6.2212,506.1640169
Cn1cc(C2=C(c3ccccc3)C(=O)NC2=O)c2ccccc21,0.74005506,2.152761451,-8.5,-8.3,2.7455,302.1055277
COCCN1CCC(CNC(=O)c2n[nH]c3ccc(-c4ccc(Cl)cc4)cc23)CC1,0.599300035,2.296246977,-8.9,-8.1,3.9715,426.1822538
c1ccc(-c2ccc(CSc3nnc(-c4ccc5c(c4)OCCO5)o3)cc2)cc1,0.412852211,2.143259086,-9.4,-8.4,5.4671,402.1038134
Cn1cc(C2=C(c3ccccc3)C(=O)NC2=O)c2ccccc21,0.74005506,2.152761451,-8.5,-8.3,2.7455,302.1055277
c1ccc(-c2ccc(CSc3nnc(-c4ccc5c(c4)OCCO5)o3)cc2)cc1,0.412852211,2.143259086,-9.4,-9.1,5.4671,402.1038134
N#Cc1ccc(-c2ccc(CSc3nnc(-c4ccc5c(c4)OCO5)o3)cc2)cc1,0.410876371,2.293696678,-9.5,-9.5,5.29628,413.0834123
N#Cc1ccc(-c2ccc(CSc3nnc(-c4ccc5c(c4)OCCO5)o3)cc2)cc1,0.397746084,2.328630459,-9.4,-9.7,5.33878,427.0990624
O=C1NC(=O)C(c2ccccc2)=C1Nc1cc(Cl)c(O)c(Cl)c1,0.587526714,2.35591934,-7.9,-8.2,3.1786,348.0068475
COCCN1CCC(CNC(=O)c2n[nH]c3ccc(-c4ccccc4)cc23)CC1,0.647153718,2.235827093,-8.8,-8.7,3.3181,392.2212261
N=C1NC(=O)C(=Cc2ccc(-c3ccc(S(N)(=O)=O)cc3)o2)S1,0.727500958,2.751821985,-8.3,-7.8,1.73267,349.0190978
N#Cc1ccc(-c2ccc(CSc3nnc(-c4ccc5c(c4)OCO5)o3)cc2)cc1,0.410876371,2.293696678,-9.4,-9.5,5.29628,413.0834123
N#Cc1ccc(-c2ccc(CSc3nnc(-c4ccc5c(c4)OCCO5)o3)cc2)cc1,0.397746084,2.328630459,-9.4,-9.5,5.33878,427.0990624
N#Cc1ccc(-c2ccc(CSc3nnc(-c4ccc5c(c4)OCO5)o3)cc2)cc1,0.410876371,2.293696678,-9.5,-9.4,5.29628,413.0834123
O=C(Nc1cccc(-c2ccnc(NC(=O)C3CC3)c2)c1)C1CC1,0.885859653,1.956833709,-8.6,-7.8,3.4456,321.1477268
COCCN1CCC(CNC(=O)c2n[nH]c3ccc(-c4ccc(Cl)cc4Cl)cc23)CC1,0.538721417,2.417884343,-9.1,-7.9,4.6249,460.1432814
Cc1ccncc1NC(=O)c1cccc(-n2ncc3cc(Nc4ccccc4Cl)ccc32)c1,0.323690335,2.311629988,-10,-9.4,6.37822,453.1356379
c1ccc(-c2ccc(CSc3nnc(-c4ccc5c(c4)OCO5)o3)cc2)cc1,0.425315534,2.104144358,-9.4,-8.9,5.4246,388.0881634
Cn1cc(C2=C(c3cn(CCCN4CCOCC4)c4ccccc34)C(=O)NC2=O)c2ccccc21,0.440541409,2.644305013,-9.6,-8.6,3.4225,468.2161408
COCCN1CCC(CNC(=O)c2cccc(-n3ncc4cc(Nc5ccccc5Cl)ccc43)c2)CC1,0.30611506,2.454645663,-9.7,-8.9,5.5107,517.2244529
O=C(Nc1ccc(Nc2nccc(-c3cccnc3)n2)cc1)c1ccc(N2CCOCC2)cc1,0.448730854,2.209035015,-9.4,-10.1,4.3711,452.196074
COCCN1CCC(CNC(=O)c2n[nH]c3ccc(-c4ccc(Cl)cc4Cl)cc23)CC1,0.538721417,2.417884343,-9.2,-8.1,4.6249,460.1432814
c1ccc(-c2ccc(CSc3nnc(-c4ccc5c(c4)OCCO5)o3)cc2)cc1,0.412852211,2.143259086,-9.4,-9.2,5.4671,402.1038134
Cn1cc(C2=C(c3cn(CCCN4CCOCC4)c4ccccc34)C(=O)NC2=O)c2ccccc21,0.440541409,2.644305013,-9.5,-8.3,3.4225,468.2161408
N#Cc1ccc(-c2ccc(CSc3nnc(-c4ccc5c(c4)OCO5)o3)cc2)cc1,0.410876371,2.293696678,-9.5,-9.4,5.29628,413.0834123
c1cc(-c2ccc(N3CCOCC3)cc2)ccc1CSc1nnc(-c2ccc3c(c2)OCO3)o1,0.351341383,2.372265255,-10,-10.3,5.2612,473.1409272
O=C1NC(=O)C(c2cn(CCCN3CCOCC3)c3ccccc23)=C1c1ccccc1,0.629090111,2.407668877,-9.2,-7.6,2.9308,415.1895917
c1cc(-c2ccc(N3CCOCC3)cc2)nc(Nc2ccc(-n3cnc(N4CCOCC4)n3)cc2)n1,0.442945116,2.618000699,-9.9,-8.9,3.1411,484.2335221
CN(C)CCCn1cc(C2=C(c3ccccc3)C(=O)NC2=O)c2ccccc21,0.675529158,2.334070045,-8.4,-7.2,3.1602,373.179027
NS(=O)(=O)c1ccc(NC2=C(c3ccccc3)C(=O)NC2=O)cc1,0.710156551,2.183088372,-8.4,-8.1,0.8136,343.0626769
N#Cc1ccc(-c2ccc(CSc3nnc(-c4ccc5c(c4)OCO5)o3)cc2)cc1,0.410876371,2.293696678,-9.4,-9.4,5.29628,413.0834123
N=C1NC(=O)C(=C2C(=O)Nc3ccccc32)N1,0.470808753,2.99276562,-7.7,-7.6,0.00397,228.0647255
COCCN1CCC(CNC(=O)c2n[nH]c3ccc(-c4ccccc4)cc23)CC1,0.647153718,2.235827093,-8.8,-8.7,3.3181,392.2212261
COCCN1CCC(CNC(=O)c2n[nH]c3ccc(-c4ccc(Cl)cc4Cl)cc23)CC1,0.538721417,2.417884343,-9.1,-8.1,4.6249,460.1432814
c1ccc(-c2ccc(CSc3nnc(-c4ccc5c(c4)OCO5)o3)cc2)cc1,0.425315534,2.104144358,-9.4,-8.9,5.4246,388.0881634
CCCC(=O)Nc1n[nH]c2nc(-c3ccc(F)cc3)c(-c3ccncc3)cc12,0.535367084,2.4425631,-8.7,-8.1,4.5646,375.1495384
O=C(O)c1ccc(-c2ccc3c(NC(=O)C4CC4)n[nH]c3c2)cc1,0.686982919,2.088946379,-8.3,-8.4,3.2766,321.1113413
Cn1cc(C2=C(c3ccccc3)C(=O)NC2=O)c2ccccc21,0.74005506,2.152761451,-8.5,-8.3,2.7455,302.1055277
CS(=O)(=O)Nc1ccc(CCNC(=O)c2ccnc3[nH]c(-c4ccc(Cl)cc4Cl)nc23)cc1,0.347575399,2.487921442,-9.6,-8.3,4.2757,503.0585658
Cn1cc(C2=C(c3cn(C)c4ccc(F)cc34)C(=O)NC2=O)c2cc(F)ccc21,0.531880771,2.62495552,-9.4,-8.7,3.5154,391.1132332
COCCN1CCC(CNC(=O)c2n[nH]c3ccc(-c4ccc(Cl)cc4Cl)cc23)CC1,0.538721417,2.417884343,-8.8,-8.2,4.6249,460.1432814
Clc1ccc(-c2nnc(SCc3ccc(-c4ccccc4)cc3)o2)cc1Cl,0.33026281,1.991827617,-9.3,-8.8,7.0027,412.0203894
O=C(O)c1ccc(CN2CCC(CNC(=O)c3n[nH]c4ccc(-c5ccc(Cl)cc5Cl)cc34)CC2)o1,0.294044629,2.623467042,-9.8,-9.1,5.4699,526.1174606
N#Cc1ccc(-c2ccc(CSc3nnc(-c4ccc5c(c4)OCO5)o3)cc2)cc1,0.410876371,2.293696678,-9.5,-9.4,5.29628,413.0834123
O=C1NC(=O)C(c2ccc(Cl)cc2)=C1Nc1cc(Cl)c(O)c(Cl)c1,0.555832498,2.415146091,-8.1,-7.9,3.832,381.9678752
c1ccc(-c2ccc(CSc3nnc(-c4ccc5c(c4)OCCO5)o3)cc2)cc1,0.412852211,2.143259086,-9.4,-8.4,5.4671,402.1038134
c1ccc(-c2ccc(CSc3nnc(-c4ccc5c(c4)OCCO5)o3)cc2)cc1,0.412852211,2.143259086,-9.4,-9,5.4671,402.1038134
CSc1nc(-c2ccc(F)cc2)c(-c2ccnc(Nc3ccc(NC(=O)c4ccccc4)cc3)c2)[nH]1,0.211911101,2.37343623,-9.8,-8.9,6.9956,495.1529095
O=C(Nc1n[nH]c2ccc(-c3ccccc3)cc12)C1CC1,0.768445346,1.963749043,-8.7,-8.2,3.5784,277.1215121
c1cc(-c2ccc(-n3cnc(N4CCOCC4)n3)cc2)nc(Nc2ccc(N3CCOCC3)cc2)n1,0.442945116,2.618000699,-9.4,-9.1,3.1411,484.2335221
N#Cc1ccc(-c2ccc(CSc3nnc(-c4ccc5c(c4)OCO5)o3)cc2)cc1,0.410876371,2.293696678,-9.5,-9.5,5.29628,413.0834123
O=C(NCc1ccccc1)c1ccnc2[nH]c(-c3ccc(F)cc3)nc12,0.591902958,2.090464915,-9.2,-8.4,3.694,346.1229893
c1ccc(-c2ccc(CSc3nnc(-c4ccc5c(c4)OCCO5)o3)cc2)cc1,0.412852211,2.143259086,-9.4,-8.9,5.4671,402.1038134
Cn1cc(C2=C(c3cn(CCCO)c4ccccc34)C(=O)NC2=O)c2ccccc21,0.506574139,2.537576001,-9,-8.1,3.0826,399.1582915
N=C1NC(=O)C(=Cc2ccc(-c3ccc(S(N)(=O)=O)cc3)o2)S1,0.727500958,2.751821985,-8.3,-7.8,1.73267,349.0190978
Cn1cc(C2=C(c3ccccc3)C(=O)NC2=O)c2ccccc21,0.74005506,2.152761451,-8.5,-8.3,2.7455,302.1055277
NS(=O)(=O)c1ccc(NC2=C(c3ccc(Cl)cc3)C(=O)NC2=O)cc1,0.697001522,2.247150233,-8.1,-8.2,1.467,377.0237045
COCCN1CCC(CNC(=O)c2n[nH]c3ccc(-c4ccccc4)cc23)CC1,0.647153718,2.235827093,-8.8,-8.6,3.3181,392.2212261
Clc1ccc(Nc2nccc(-c3cnn4ncccc34)n2)cc1Cl,0.594122222,2.508098079,-8.7,-8.3,4.2367,356.0343997
O=C(CN1C(=O)CCCc2ccccc21)Nc1scc(Cl)c1-c1ncn[nH]1,0.699565405,2.748906435,-8.6,-7.8,3.4946,401.0713234
COc1ccc2[nH]nc(C(=O)NCC3CCN(Cc4ccc(C(=O)O)o4)CC3)c2c1,0.545137194,2.458462942,-8.6,-8.5,2.5047,412.1746699
COCCN1CCC(CNC(=O)c2n[nH]c3ccc(-c4ccc(C(=O)O)cc4)cc23)CC1,0.501074303,2.346509234,-9.3,-8.2,3.0163,436.2110554
O=C(CN1C(=O)CCCc2ccccc21)Nc1scc(Br)c1-c1ncn[nH]1,0.640938963,2.760862057,-8.6,-7.9,3.6037,445.0208079
N#Cc1ccc(-c2ccc(CSc3nnc(-c4ccc5c(c4)OCCO5)o3)cc2)cc1,0.397746084,2.328630459,-9.4,-9.7,5.33878,427.0990624
Cn1cc(C2=C(c3ccccc3)C(=O)NC2=O)c2ccccc21,0.74005506,2.152761451,-8.5,-8.3,2.7455,302.1055277
c1cnn2ncc(-c3ccnc(Nc4ccc(-n5cnc(N6CCOCC6)n5)cc4)n3)c2c1,0.440078572,2.898664822,-9.7,-9.3,2.3472,440.1821553
Cn1cc(C2=C(c3cn(CCCN4CCOCC4)c4ccccc34)C(=O)NC2=O)c2ccccc21,0.440541409,2.644305013,-9.7,-8.3,3.4225,468.2161408
N#Cc1ccc(-c2ccc(CSc3nnc(-c4ccc5c(c4)OCCO5)o3)cc2)cc1,0.397746084,2.328630459,-9.5,-9.5,5.33878,427.0990624
c1ccc(-c2ccc(CSc3nnc(-c4ccc5c(c4)OCCO5)o3)cc2)cc1,0.412852211,2.143259086,-9.4,-9.1,5.4671,402.1038134
CCCC(=O)Nc1n[nH]c2oc(-c3ccc(Cl)c(Cl)c3)cc12,0.712947106,2.715619635,-8,-7.3,4.8683,337.038482
c1ccc(-c2ccc(CSc3nnc(-c4ccc5c(c4)OCCO5)o3)cc2)cc1,0.412852211,2.143259086,-9.4,-9,5.4671,402.1038134
c1ccc(-c2ccc(CSc3nnc(-c4ccc5c(c4)OCO5)o3)cc2)cc1,0.425315534,2.104144358,-9.4,-8.9,5.4246,388.0881634
Cn1cc(C2=C(c3ccccc3)C(=O)NC2=O)c2ccccc21,0.74005506,2.152761451,-8.5,-8.3,2.7455,302.1055277
COCCN1CCC(CNC(=O)c2n[nH]c3ccc(-c4ccccc4)cc23)CC1,0.647153718,2.235827093,-8.8,-8.5,3.3181,392.2212261
COCCN1CCC(CNC(=O)c2n[nH]c3ccc(-c4ccc(Cl)cc4Cl)cc23)CC1,0.538721417,2.417884343,-9.1,-8.2,4.6249,460.1432814
Cn1cc(C2=C(c3ccccc3)C(=O)NC2=O)c2ccccc21,0.74005506,2.152761451,-8.5,-8.3,2.7455,302.1055277
N#Cc1ccc(-c2ccc(CSc3nnc(-c4ccc5c(c4)OCO5)o3)cc2)cc1,0.410876371,2.293696678,-9.5,-9.3,5.29628,413.0834123
Cn1cc(C2=C(c3ccccc3)C(=O)NC2=O)c2ccccc21,0.74005506,2.152761451,-8.5,-8.3,2.7455,302.1055277
Clc1ccc(-c2nc(SCc3ccc(-c4ccccc4)cc3)oc2-c2ccc3c(c2)OCO3)cc1,0.220427716,2.331287879,-10.2,-9.4,8.35,497.0852422
O=C(Nc1ccc(Nc2cc(-c3cccnc3)ccn2)cc1)c1ccc(N2CCOCC2)cc1,0.430652289,2.196419935,-9.5,-9.8,4.9761,451.200825
CCCC(=O)Nc1n[nH]c2cc(-c3ccc(Cl)cc3Cl)ccc12,0.674283825,2.202758945,-8.1,-7.9,5.2753,347.0592175
c1ccc(-c2ccc(CSc3nnc(-c4ccc5c(c4)OCCO5)o3)cc2)cc1,0.412852211,2.143259086,-9.4,-9,5.4671,402.1038134
O=C1NC(=O)C(c2ccccc2)=C1Nc1cc(Cl)c(O)c(Cl)c1,0.587526714,2.35591934,-7.9,-8.2,3.1786,348.0068475
c1cc(-c2ccc(N3CCOCC3)cc2)ccc1CSc1nnc(-c2ccc3c(c2)OCCO3)o1,0.33935022,2.408898678,-9.7,-10.7,5.3037,487.1565773
CS(=O)(=O)Nc1ccc(CCNC(=O)c2ccc(O)c3oc(-c4ccc(C(=O)O)cc4)cc23)cc1,0.290980102,2.415790201,-9.3,-8.8,3.8476,494.114772
C=CC(=O)NCCCn1cc(C2=C(c3ccccc3)C(=O)NC2=O)c2ccccc21,0.364219381,2.487530204,-9.2,-8.6,2.9008,399.1582915
O=C(O)c1ccc(CN2CCC(CNC(=O)c3cc(-n4ncc5cc(Nc6ccccc6Cl)ccc54)cs3)CC2)o1,0.181838347,2.898966491,-9.8,-10.1,6.4172,589.1550531
CSc1nc(-c2ccc(F)cc2)c(-c2ccnc(Nc3ccc(NC(=O)c4ccc(N5CCOCC5)cc4)cc3)c2)[nH]1,0.173197461,2.62945827,-9.6,-9,6.8322,580.2056734
COc1ccc(C(=O)NCC2CCN(Cc3ccc(C(=O)O)o3)CC2)cc1,0.776256123,2.070080807,-8.2,-7.7,2.6284,372.1685219
COCCN1CCC(CNC(=O)c2n[nH]c3ccc(-c4cccc(F)c4F)cc23)CC1,0.603439149,2.453145363,-9,-8.9,3.5963,428.2023825
N#Cc1ccc(-c2ccc(CSc3nnc(-c4ccc5c(c4)OCO5)o3)cc2)cc1,0.410876371,2.293696678,-9.5,-9.3,5.29628,413.0834123
O=C(Nc1n[nH]c2ccc(-c3ccccc3)cc12)C1CC1,0.768445346,1.963749043,-8.7,-8.4,3.5784,277.1215121
Cc1ccc(-c2ccc3c(NC(=O)C4CC4)n[nH]c3c2)cn1,0.77790086,2.258085995,-8.2,-7.7,3.28182,292.1324111
O=C(O)c1ccc(-c2n[nH]c3ccc(-c4ccccc4)cc23)cc1,0.580767804,1.86403632,-9.1,-8.7,4.5951,314.1055277
O=C(O)c1ccc(-c2ccc3c(NC(=O)C4CC4)n[nH]c3c2)cc1,0.686982919,2.088946379,-8.6,-8.5,3.2766,321.1113413
N#Cc1ccc(-c2ccc(CSc3nnc(-c4ccc5c(c4)OCCO5)o3)cc2)cc1,0.397746084,2.328630459,-9.4,-9.4,5.33878,427.0990624
CCCC(=O)Nc1n[nH]c2cc(-c3ccc(Cl)cc3Cl)ccc12,0.674283825,2.202758945,-8.1,-7.8,5.2753,347.0592175
CCCC(=O)Nc1n[nH]c2ncc(-c3ccc(C)o3)cc12,0.769783001,2.513792082,-7.8,-7.3,3.26492,284.1273258
O=C(Nc1n[nH]c2ccc(-c3ccccc3)cc12)C1CC1,0.768445346,1.963749043,-8.8,-8,3.5784,277.1215121
Cn1cc(C2=C(c3ccc(Cl)cc3)C(=O)NC2=O)c2ccccc21,0.72915021,2.217076243,-8.1,-8.4,3.3989,336.0665553
O=C(Nc1cc(-c2[nH]c(SCc3ccccc3)nc2-c2ccc(F)cc2)ccn1)C1CC1,0.347295372,2.350875886,-9.9,-8.3,5.9186,444.1420105
N#Cc1ccc(-c2ccc(CSc3nnc(-c4ccc5c(c4)OCCO5)o3)cc2)cc1,0.397746084,2.328630459,-9.4,-8.8,5.33878,427.0990624
CCCC(=O)Nc1n[nH]c2nc(-c3ccc(Cl)cc3)ccc12,0.763814227,2.226675006,-8,-7.4,4.0169,314.0934388
COCCN1CCC(CNC(=O)c2n[nH]c3ccc(-c4ccc(Cl)cc4Cl)cc23)CC1,0.538721417,2.417884343,-8.8,-8.1,4.6249,460.1432814
N#Cc1ccc(-c2ccc(CSc3nnc(-c4ccc5c(c4)OCO5)o3)cc2)cc1,0.410876371,2.293696678,-9.5,-9.5,5.29628,413.0834123
COCCN1CCC(CNC(=O)c2n[nH]c3ccc(-c4ccc(Cl)cc4Cl)cc23)CC1,0.538721417,2.417884343,-9.1,-8.1,4.6249,460.1432814
O=S(=O)(Nc1ccc(-c2ccnc(NC3CCCCC3)c2)cc1)c1ccccc1,0.582045781,2.051699311,-9.3,-8.6,5.294,407.166748
N#Cc1ccc(-c2ccc(CSc3nnc(-c4ccc5c(c4)OCCO5)o3)cc2)cc1,0.397746084,2.328630459,-9.4,-9.2,5.33878,427.0990624
c1ccc(-c2ccc(CSc3nnc(-c4ccc5c(c4)OCCO5)o3)cc2)cc1,0.412852211,2.143259086,-9.4,-8.5,5.4671,402.1038134
N#Cc1ccc(-c2ccc(CSc3nnc(-c4ccc5c(c4)OCO5)o3)cc2)cc1,0.410876371,2.293696678,-9.4,-9.4,5.29628,413.0834123
c1ccc(-c2ccc(CSc3nnc(-c4ccc5c(c4)OCCO5)o3)cc2)cc1,0.412852211,2.143259086,-9.4,-9.2,5.4671,402.1038134
N#Cc1ccc(-c2ccc(CSc3nnc(-c4ccc5c(c4)OCCO5)o3)cc2)cc1,0.397746084,2.328630459,-9.4,-9.4,5.33878,427.0990624
COCCN1CCC(CNC(=O)c2n[nH]c3ccc(-c4ccc(Cl)cc4)cc23)CC1,0.599300035,2.296246977,-8.9,-8,3.9715,426.1822538
CNC(=O)c1sc(-c2ccnc(NC(=O)C3CC3)c2)nc1OCCCCCCCCCCCCCCCCNCCCCCCCCCCCNC(=O)c1n[nH]c2ccc(-c3ccc(O)cc3)cc12,0.021274758,3.733735809,-7.3,-6.5,12.5328,962.5815886
c1cc(-c2ccc(N3CCOCC3)cc2)ccc1CSc1nnc(-c2ccc3c(c2)OCO3)o1,0.351341383,2.372265255,-9.9,-10.4,5.2612,473.1409272
Clc1ccc(Nc2nccc(-c3cnn4ncccc34)n2)cc1Cl,0.594122222,2.508098079,-8.7,-8.3,4.2367,356.0343997
CNC(=O)c1sc(-c2ccnc(NC(=O)C3CC3)c2)nc1OCC1CC1,0.779405599,2.643919268,-7.9,-7.1,2.702,372.1256115
CN(C)CCCn1cc(C2=C(c3ccccc3)C(=O)NC2=O)c2ccccc21,0.675529158,2.334070045,-8.6,-7.2,3.1602,373.179027
COCCN1CCC(CNC(=O)c2n[nH]c3ccc(-c4ccccc4)cc23)CC1,0.647153718,2.235827093,-8.8,-8.7,3.3181,392.2212261
c1ccc(-c2ccc(CSc3nnc(-c4ccc5c(c4)OCCO5)o3)cc2)cc1,0.412852211,2.143259086,-9.4,-9,5.4671,402.1038134
c1cc(-c2ccc(N3CCOCC3)cc2)ccc1CSc1nnc(-c2ccc3c(c2)OCO3)o1,0.351341383,2.372265255,-9.9,-10.4,5.2612,473.1409272
CCCC(=O)Nc1n[nH]c2ncc(-c3ccc(Cl)cc3Cl)cc12,0.719004571,2.377350424,-8.3,-8.1,4.6703,348.0544664
c1ccc(-c2ccc(CSc3nnc(-c4ccc5c(c4)OCO5)o3)cc2)cc1,0.425315534,2.104144358,-9.4,-8.9,5.4246,388.0881634
NS(=O)(=O)c1ccc(-c2ccnc(Nc3ccc(NC(=O)c4ccccc4)cc3)c2)c(Cl)c1,0.35868901,2.137154302,-9.5,-9,5.0453,478.0866391
O=C(O)c1ccc(-c2ccc3[nH]nc(-c4ccc(C(=O)O)cc4)c3c2)cc1,0.504730947,1.994622865,-9.6,-9.1,4.2933,358.0953569
Cn1cc(C2=C(c3ccccc3)C(=O)NC2=O)c2ccccc21,0.74005506,2.152761451,-8.5,-8.3,2.7455,302.1055277
O=C(O)c1ccc(-c2nnc(SCc3ccc(-c4ccccc4)cc3)o2)cc1,0.446120005,1.941338877,-9.4,-8.4,5.3941,388.0881634
c1ccc(-c2ccc(CSc3nnc(-c4ccc5c(c4)OCCO5)o3)cc2)cc1,0.412852211,2.143259086,-9.4,-9,5.4671,402.1038134
N#Cc1ccc(-c2ccc(CSc3nnc(-c4ccc5c(c4)OCO5)o3)cc2)cc1,0.410876371,2.293696678,-9.5,-8.8,5.29628,413.0834123
COCCN1CCC(CNC(=O)c2n[nH]c3ccc(-c4ccc(Cl)cc4Cl)cc23)CC1,0.538721417,2.417884343,-9.1,-7.8,4.6249,460.1432814
CS(=O)c1ccc(-c2coc3ccc(-c4ccc(C(=O)O)cc4)cc23)cc1,0.531323805,2.710965496,-9.5,-8.6,5.2024,376.07693
Cn1c(N2CCNC(c3ccc(C#N)cc3)C2)nc(-c2ccccc2)cc1=O,0.765612111,2.889621727,-9.4,-8.9,2.46988,371.1746103
CC1CC(c2ccc(Cl)cc2)CN1c1nc(-c2ccncn2)cc(=O)n1C,0.696276656,3.376421126,-8.6,-8.2,3.2731,381.1356379
COCCN1CCC(CNC(=O)c2n[nH]c3ccc(-c4ccc(Cl)cc4Cl)cc23)CC1,0.538721417,2.417884343,-9,-8.1,4.6249,460.1432814
N#Cc1ccc(-c2ccc(CSc3nnc(-c4ccc5c(c4)OCCO5)o3)cc2)cc1,0.397746084,2.328630459,-9.4,-8.7,5.33878,427.0990624
O=C(O)c1ccc(-c2nnc(SCc3ccc(-c4ccccc4)cc3)o2)cc1,0.446120005,1.941338877,-9.4,-8.4,5.3941,388.0881634
Cn1cc(NC(=O)c2cc(-n3ncc4c(NN=Cc5ccncc5)ncnc43)ccn2)cn1,0.302451434,2.838343821,-9.3,-8.7,2.0373,439.1617542
c1ccc(-c2ccc(CSc3nnc(-c4ccc5c(c4)OCO5)o3)cc2)cc1,0.425315534,2.104144358,-9.4,-8.9,5.4246,388.0881634
Cn1c(SCc2cn(-c3ccccc3)nn2)nc(-c2ccc(Cl)cc2Cl)cc1=O,0.331907136,2.47223026,-8.7,-8.4,4.6271,443.0374365
Cn1cc(C2=C(c3ccccc3)C(=O)NC2=O)c2cccc(F)c21,0.738264262,2.393335745,-8.5,-8.5,2.8846,320.0961059
COCCN1CCC(CNC(=O)c2n[nH]c3ccc(-c4ccc(Cl)cc4Cl)cc23)CC1,0.538721417,2.417884343,-9.2,-8.4,4.6249,460.1432814
COCCN1CCC(CNC(=O)c2n[nH]c3ccc(-c4cccnc4)cc23)CC1,0.644898213,2.38781551,-8.8,-8.4,2.7131,393.2164751
c1cc(-c2ccnc(Nc3ccc(-n4cnc(N5CCOCC5)n4)cc3)c2)ccn1,0.551364256,2.525189417,-9.5,-8.7,3.3045,399.1807583
Cn1cc(C2=C(c3cn(C)c4ccc(F)cc34)C(=O)NC2=O)c2ccccc21,0.54790134,2.523987681,-9.1,-8.6,3.3763,373.122655
COCCN1CCC(CNC(=O)c2ccnc3[nH]c(-c4ccc(C)cc4)cc23)CC1,0.628672203,2.394890478,-8.3,-7.8,3.62652,406.2368762
NC(=O)c1sc(-c2ccnc(NC(=O)C3CC3)c2)cc1OCCCCCCCCCOc1c2c(nc3ccccc13)CCCC2,0.122292951,2.964055538,-8.9,-8,7.873,626.2926768
COCCN1CCC(CNC(=O)c2n[nH]c3ccc(-c4ccc(O)cc4)cc23)CC1,0.559095199,2.352971645,-8.6,-8.4,3.0237,408.2161408
C=CC(=O)Nc1cccc(C(=O)Nc2cc(-c3ccc(C)nc3)ccn2)c1,0.679078768,2.21699749,-9.1,-8,3.82882,358.1429758
Cn1cc(C2=C(c3ccc(Cl)cc3)C(=O)NC2=O)c2cccc(F)c21,0.715592679,2.450894753,-8.4,-8.8,3.538,354.0571335
COCCN1CCC(CNC(=O)c2n[nH]c3ccc(-c4ccc(Cl)cc4Cl)cc23)CC1,0.538721417,2.417884343,-9.2,-8.1,4.6249,460.1432814
COc1ccc2[nH]nc(C(=O)NCC3CCN(Cc4ccco4)CC3)c2c1,0.698999609,2.325828396,-8.8,-7.9,2.8065,368.1848406
Cn1c(N2CCNC(c3ccc(F)cc3)C2)nc(-c2ccccc2)cc1=O,0.776466779,2.767418382,-9.7,-8.8,2.7373,364.1699395
O=C(NCC1CCN(CCc2ccccc2)CC1)c1n[nH]c2ccc(-c3ccc(Cl)cc3Cl)cc12,0.312270822,2.379356144,-9.3,-8.4,6.2212,506.1640169
COCCN1CCC(CNC(=O)c2n[nH]c3ccc(-c4ccc(Cl)cc4)cc23)CC1,0.599300035,2.296246977,-8.9,-8,3.9715,426.1822538
COCCN1CCC(CNC(=O)c2n[nH]c3ccc(-c4ccc(Cl)cc4Cl)cc23)CC1,0.538721417,2.417884343,-8.8,-7.9,4.6249,460.1432814
COc1ccc2[nH]nc(C(=O)NCC3CCN(Cc4ccc(C(=O)O)o4)CC3)c2c1,0.545137194,2.458462942,-9,-8.4,2.5047,412.1746699
N#Cc1ccc(-c2ccc(CSc3nnc(-c4ccc5c(c4)OCCO5)o3)cc2)cc1,0.397746084,2.328630459,-9.4,-9.5,5.33878,427.0990624
CCCC(=O)Nc1n[nH]c2cc(-c3ccc(Cl)cc3Cl)ccc12,0.674283825,2.202758945,-8.1,-7.8,5.2753,347.0592175
Cn1cc(C2=C(c3cn(CCCN4CCOCC4)c4ccccc34)C(=O)NC2=O)c2ccccc21,0.440541409,2.644305013,-9.6,-8.3,3.4225,468.2161408
N#Cc1ccc(-c2ccc(CSc3nnc(-c4ccc5c(c4)OCCO5)o3)cc2)cc1,0.397746084,2.328630459,-9.5,-8.7,5.33878,427.0990624
c1cc(-c2ccc(N3CCOCC3)cc2)ccc1CSc1nnc(-c2ccc3c(c2)OCCO3)o1,0.33935022,2.408898678,-9.7,-10.5,5.3037,487.1565773
O=C(Nc1n[nH]c2nc(-c3ccc(Cl)cc3)ccc12)C1CCCC1,0.741616264,2.24362665,-8.8,-7.9,4.407,340.1090888
CC(C)n1c(=O)ccc2cnc(NC(=O)C3CCCC3)nc21,0.944479896,2.409626335,-7.7,-7.7,2.5011,300.1586259
N#Cc1ccc(-c2ccc(CSc3nnc(-c4ccc5c(c4)OCO5)o3)cc2)cc1,0.410876371,2.293696678,-9.5,-9.4,5.29628,413.0834123
NC(=O)c1ccc(-c2ccnc(Nc3ccc(-n4cnc(N5CCOCC5)n4)cc3)n2)cc1,0.466498938,2.517558413,-9.8,-9.2,2.4034,442.1865719
COCCN1CCC(CNC(=O)c2ccnc3[nH]c(-c4ccc(F)cc4)cc23)CC1,0.625926257,2.410227879,-8.4,-8,3.4572,410.2118043
c1ccc(-c2ccc(CSc3nnc(-c4ccc5c(c4)OCCO5)o3)cc2)cc1,0.412852211,2.143259086,-9.4,-8.4,5.4671,402.1038134
O=C1NC(=O)C(c2ccc(Cl)cc2)=C1Nc1cc(Cl)c(O)c(Cl)c1,0.555832498,2.415146091,-8.1,-8,3.832,381.9678752
CNC(=O)c1sc(-c2ccnc(NC(=O)C3CC3)c2)nc1OCCCCCCCCCCCCCCCCCCCCCCCCCCCCCCCCCCCCCCCCCCCc1cccc2ccccc12,0.042998774,3.744685415,-6.2,-5.1,20.682,1046.798564
CNC(=O)c1sc(-c2nc(OCCCCCCCCCCCCCOc3c4c(nc5ccccc35)CCCC4)sc2-c2ccnc(NC(=O)C3CC3)c2)cc1NC(=O)C1CC1,0.055066428,3.63207277,-8.3,-6.9,11.1661,862.391011
Cn1c(N2CCNC(c3ccc(F)cc3)C2)nc(-c2ccccc2)cc1=O,0.776466779,2.767418382,-9.7,-8.7,2.7373,364.1699395
COc1ccc(C2=C(c3cn(CCCN4CCOCC4)c4ccccc34)C(=O)NC2=O)cc1,0.566432675,2.459581911,-9.1,-8,2.9394,445.2001563
Cc1nc(-c2ccc(F)cc2)c(-c2ccnc(NC(=O)C3CC3)c2)[nH]1,0.758070095,2.315199882,-9.1,-7.7,3.93472,336.1386394
NC(=O)c1ccc(-c2ccnc(Nc3ccc(Cl)c(Cl)c3)c2)cc1,0.697190077,1.944704071,-8.7,-8.2,4.8979,357.0435674
O=C1NC(=O)C(c2ccc(Cl)cc2)=C1Nc1cccc(C(=O)O)c1,0.741971604,2.173377465,-8.5,-8.8,2.5178,342.0407345
COCCN1CCC(CNC(=O)c2n[nH]c3ccc(-c4ccc(Cl)cc4)cc23)CC1,0.599300035,2.296246977,-8.8,-8.3,3.9715,426.1822538
O=C(NC1CCCCC1)c1cc(-n2ncc3c(NN=Cc4ccncc4)ncnc32)ccn1,0.348039927,2.723298188,-9.3,-9.4,3.114,441.2025564
Cn1cc(C2=C(c3cn(CCCN4CCOCC4)c4ccccc34)C(=O)NC2=O)c2ccccc21,0.440541409,2.644305013,-9.5,-8.5,3.4225,468.2161408
COCCN1CCC(CNC(=O)c2n[nH]c3ccc(-c4ccc(Cl)cc4Cl)cc23)CC1,0.538721417,2.417884343,-9.1,-8.1,4.6249,460.1432814
O=C(O)c1ccc(CN2CCC(CNC(=O)c3n[nH]c4ccc(-c5ccc(O)cc5)cc34)CC2)o1,0.319684411,2.563138891,-10.2,-9.6,3.8687,474.1903199
COCCN1CCC(CNC(=O)c2n[nH]c3ccc(-c4ccc(C)o4)cc23)CC1,0.640684252,2.470294042,-8.5,-8.1,3.21952,396.2161408
COCCN1CCC(CNC(=O)c2n[nH]c3ccc(-c4ccc(Cl)cc4)cc23)CC1,0.599300035,2.296246977,-8.9,-8.1,3.9715,426.1822538
Cn1cc(C2=C(c3ccccc3)C(=O)NC2=O)c2ccccc21,0.74005506,2.152761451,-8.5,-8.3,2.7455,302.1055277
O=C(CN1C(=O)CCCCc2ccccc21)Nc1scc(Cl)c1-c1ncn[nH]1,0.675913458,2.751091305,-8.9,-8.4,3.8847,415.0869735
c1ccc(-c2ccc(CSc3nnc(-c4ccc5c(c4)OCCO5)o3)cc2)cc1,0.412852211,2.143259086,-9.4,-8.4,5.4671,402.1038134
N#Cc1ccc2c(c1)C(=C1CC(=O)Nc3ccccc31)C(=O)N2,0.734003659,2.607876137,-9.7,-9.4,2.76338,301.0851266
O=C(O)c1ccc(-c2ccc3c(NC(=O)C4CC4)n[nH]c3c2)cc1,0.686982919,2.088946379,-8.4,-8.4,3.2766,321.1113413
c1ccc(-c2ccc(CSc3nnc(-c4ccc5c(c4)OCO5)o3)cc2)cc1,0.425315534,2.104144358,-9.4,-8.9,5.4246,388.0881634
c1ccc(-c2ccc(CSc3nnc(-c4ccc5c(c4)OCCO5)o3)cc2)cc1,0.412852211,2.143259086,-9.4,-9.1,5.4671,402.1038134
Fc1ccc(-c2nn3ncccc3c2-c2ccnc(Nc3ccc(N4CCOCC4)cc3)n2)cc1,0.405486732,2.598361548,-9.6,-9.2,4.5726,467.1869865
c1ccc(-c2ccc(CSc3nnc(-c4ccc5c(c4)OCCO5)o3)cc2)cc1,0.412852211,2.143259086,-9.4,-9.2,5.4671,402.1038134
NC(=O)c1ccc(-c2ccnc(Nc3ccc(N4CCOCC4)cc3)n2)c(-c2ccc(F)cc2)c1,0.427784685,2.339963837,-9.4,-8.6,4.6288,469.1914032
COc1ccc(C(=O)Nc2ccccc2N2CCC(S(C)(=O)=O)CC2)cc1,0.852270012,2.052111589,-8.1,-8.6,2.9609,388.1456782
N#Cc1ccc(-c2ccc(CSc3nnc(-c4ccc5c(c4)OCCO5)o3)cc2)cc1,0.397746084,2.328630459,-9.4,-9.1,5.33878,427.0990624
O=C(O)c1ccc(CN2CCC(CNC(=O)c3ccnc4[nH]c(-c5ccc(F)cc5)cc34)CC2)o1,0.366730799,2.612458617,-9.3,-8.9,4.3022,476.1859835
Cn1cc(C2=C(c3ccccc3)C(=O)NC2=O)c2ccccc21,0.74005506,2.152761451,-8.5,-8.3,2.7455,302.1055277
COCCN1CCC(CNC(=O)c2n[nH]c3ccc(-c4ccc(Cl)cc4Cl)cc23)CC1,0.538721417,2.417884343,-9,-8.4,4.6249,460.1432814
N#Cc1ccc(-c2ccc(CSc3nnc(-c4ccc5c(c4)OCCO5)o3)cc2)cc1,0.397746084,2.328630459,-9.5,-8.2,5.33878,427.0990624
Cn1cc(C2=C(c3ccccc3)C(=O)NC2=O)c2ccccc21,0.74005506,2.152761451,-8.5,-8.3,2.7455,302.1055277
COCCN1CCC(CNC(=O)c2n[nH]c3ccc(-c4ccc(Cl)cc4Cl)cc23)CC1,0.538721417,2.417884343,-9.2,-8,4.6249,460.1432814
O=C(Nc1ccc(Nc2nccc(-c3cccnc3)n2)cc1)c1ccc(N2CCOCC2)cc1,0.448730854,2.209035015,-9.3,-10,4.3711,452.196074
COc1ccc2[nH]nc(C(=O)NCC3CCN(Cc4ccc(C(=O)O)o4)CC3)c2c1,0.545137194,2.458462942,-9.1,-8.4,2.5047,412.1746699
Cn1cc(C2=C(c3ccccc3)C(=O)NC2=O)c2ccccc21,0.74005506,2.152761451,-8.5,-8.3,2.7455,302.1055277
Cn1cc(C2=C(c3cn(CCCN4CCOCC4)c4ccccc34)C(=O)NC2=O)c2ccccc21,0.440541409,2.644305013,-9.6,-8.6,3.4225,468.2161408
N#Cc1ccc(-c2ccc(CSc3nnc(-c4ccc5c(c4)OCCO5)o3)cc2)cc1,0.397746084,2.328630459,-9.4,-9.6,5.33878,427.0990624
COCCN1CCC(CNC(=O)c2n[nH]c3ccc(-c4ccc(Cl)cc4Cl)cc23)CC1,0.538721417,2.417884343,-9.1,-8.2,4.6249,460.1432814
COCCN1CCC(CNC(=O)c2n[nH]c3ccc(-c4ccc(Cl)cc4Cl)cc23)CC1,0.538721417,2.417884343,-9.1,-8.2,4.6249,460.1432814
c1ccc(-c2ccc(CSc3nnc(-c4ccc5c(c4)OCCO5)o3)cc2)cc1,0.412852211,2.143259086,-9.4,-9.1,5.4671,402.1038134
COCCN1CCC(CNC(=O)c2n[nH]c3ccc(-c4ccc(Cl)cc4Cl)cc23)CC1,0.538721417,2.417884343,-9.1,-8.2,4.6249,460.1432814
N#Cc1ccc(-c2ccc(CSc3nnc(-c4ccc5c(c4)OCCO5)o3)cc2)cc1,0.397746084,2.328630459,-9.5,-9.5,5.33878,427.0990624
COCCN1CCC(CNC(=O)c2n[nH]c3ccc(-c4ccc(Cl)cc4)cc23)CC1,0.599300035,2.296246977,-8.9,-8.1,3.9715,426.1822538
N#Cc1ccc(-c2ccc(CSc3nnc(-c4ccc5c(c4)OCCO5)o3)cc2)cc1,0.397746084,2.328630459,-9.5,-9.3,5.33878,427.0990624
O=C(Nc1n[nH]c2nc(-c3ccc(O)cc3)c(Br)cc12)C1CCCC1,0.612991454,2.536457005,-8.9,-7.9,4.2217,400.0534879
CC(C)NCCCn1cc(C2=C(c3coc4ccccc34)C(=O)NC2=O)c2cccnc21,0.34580613,2.784261408,-9.2,-7.4,3.7378,428.1848406
COCCN1CCC(CNC(=O)c2n[nH]c3ccc(-c4ccc(Cl)cc4)cc23)CC1,0.599300035,2.296246977,-8.9,-8.2,3.9715,426.1822538
Cn1cc(C2=C(c3ccc(Cl)cc3)C(=O)NC2=O)c2ccccc21,0.72915021,2.217076243,-8.1,-8.5,3.3989,336.0665553
COCCN1CCC(CNC(=O)c2n[nH]c3ccc(-c4ccc(Cl)cc4Cl)cc23)CC1,0.538721417,2.417884343,-9.1,-8,4.6249,460.1432814
c1ccc(-c2ccc(CSc3nnc(-c4ccc5c(c4)OCCO5)o3)cc2)cc1,0.412852211,2.143259086,-9.4,-9.1,5.4671,402.1038134
COCCN1CCC(CNC(=O)c2n[nH]c3ccc(-c4ccc(Cl)cc4Cl)cc23)CC1,0.538721417,2.417884343,-9.1,-8.2,4.6249,460.1432814
Cn1cc(C2=C(c3ccccc3)C(=O)NC2=O)c2ccccc21,0.74005506,2.152761451,-8.5,-8.3,2.7455,302.1055277
Cn1cc(C2=C(c3ccccc3)C(=O)NC2=O)c2ccccc21,0.74005506,2.152761451,-8.5,-8.3,2.7455,302.1055277
O=C1NC(=O)C(c2cn(CCCN3CCOCC3)c3ccccc23)=C1c1ccccc1,0.629090111,2.407668877,-9.2,-7.6,2.9308,415.1895917
N#Cc1ccc(-c2ccc(CSc3nnc(-c4ccc5c(c4)OCCO5)o3)cc2)cc1,0.397746084,2.328630459,-9.5,-9.5,5.33878,427.0990624
c1ccc(-c2ccc(CSc3nnc(-c4ccc5c(c4)OCCO5)o3)cc2)cc1,0.412852211,2.143259086,-9.4,-8.4,5.4671,402.1038134
O=C1NC(=O)C(c2ccc(Cl)cc2)=C1Nc1cc(Cl)c(O)c(Cl)c1,0.555832498,2.415146091,-8,-8,3.832,381.9678752
c1ccc(-c2ccc(CSc3nnc(-c4ccc5c(c4)OCCO5)o3)cc2)cc1,0.412852211,2.143259086,-9.4,-9,5.4671,402.1038134
COc1cc(NC(=O)c2cccc(-n3ncc4cc(Nc5ccccc5Cl)ccc43)c2)cc(OC)c1OC,0.232898029,2.375042389,-9.6,-8.9,6.7006,528.156433
COCCN1CCC(CNC(=O)c2n[nH]c3ccc(-c4ccc(Cl)cc4Cl)cc23)CC1,0.538721417,2.417884343,-9.1,-8.1,4.6249,460.1432814
c1ccc(-c2ccc(CSc3nnc(-c4ccc5c(c4)OCO5)o3)cc2)cc1,0.425315534,2.104144358,-9.4,-8.9,5.4246,388.0881634
N#Cc1ccc(-c2ccc(CSc3nnc(-c4ccc5c(c4)OCCO5)o3)cc2)cc1,0.397746084,2.328630459,-9.5,-9.3,5.33878,427.0990624
Cc1ccc(-c2ccc3[nH]nc(C(=O)NCC4CCN(Cc5ccc(C(=O)O)o5)CC4)c3c2)cc1,0.365919813,2.504605304,-10.1,-8.8,4.47152,472.2110554
COCCN1CCC(CNC(=O)c2n[nH]c3ccc(-c4ccc(Cl)cc4Cl)cc23)CC1,0.538721417,2.417884343,-9.1,-8.2,4.6249,460.1432814
Cc1ccncc1NC(=O)c1ccnc2nc(-c3ccccc3)[nH]c12,0.601570895,2.283326052,-8.9,-8.5,3.58062,329.1276601
FC(F)(F)c1ccc(-c2ccnc(Nc3ccc(N4CCOCC4)cc3)n2)c(-c2ccc(Cl)cc2)c1,0.31120758,2.399012435,-9.6,-9.2,7.063,510.1434237
Cn1cc(C2=C(c3cn(CCCO)c4ccc(Br)cc34)C(=O)NC2=O)c2cc(F)ccc21,0.410773654,2.757246358,-9.2,-8.4,3.9842,495.0593818
c1ccc(-c2ccc(CSc3nnc(-c4ccc5c(c4)OCCO5)o3)cc2)cc1,0.412852211,2.143259086,-9.4,-9.2,5.4671,402.1038134
C=CC(=O)NCCCn1cc(C2=C(c3cn(C)c4ccccc34)C(=O)NC2=O)c2ccccc21,0.256102502,2.716443583,-9.4,-8.6,3.3925,452.1848406
O=C(Nc1cc(-c2ccc(O)cc2)ccn1)C1CC1,0.884903748,1.8728592,-7.4,-7.6,2.8027,254.1055277
c1ccc(-c2ccc(CSc3nnc(-c4ccc5c(c4)OCO5)o3)cc2)cc1,0.425315534,2.104144358,-9.3,-9,5.4246,388.0881634
O=C1NC(=O)C(c2cn(CCCO)c3ccccc23)=C1c1cn(CCCO)c2ccccc12,0.364980928,2.652612219,-8.5,-8.5,2.928,443.1845063
N=C1NC(=O)C(=Cc2ccc(-c3ccc(S(N)(=O)=O)cc3)o2)S1,0.727500958,2.751821985,-8.3,-7.8,1.73267,349.0190978
NCCCn1cc(C2=C(c3ccccc3)C(=O)NC2=O)c2ccccc21,0.697832485,2.310877489,-8.1,-8.1,2.5573,345.1477268
Cn1cc(C2=C(c3ccccc3)C(=O)NC2=O)c2ccccc21,0.74005506,2.152761451,-8.5,-8.3,2.7455,302.1055277
c1ccc(-c2ccc(CSc3nnc(-c4ccc5c(c4)OCCO5)o3)cc2)cc1,0.412852211,2.143259086,-9.4,-9.1,5.4671,402.1038134
CCCC(=O)Nc1n[nH]c2ccc(-c3ccc(C)o3)cc12,0.763154875,2.294889005,-7.9,-7.6,3.86992,283.1320768
CS(=O)c1ccc(-c2coc3ccc(-c4ccc(C(=O)O)cc4)cc23)cc1,0.531323805,2.710965496,-9.6,-8.7,5.2024,376.07693
N=C1NC(=O)C(=Cc2ccc(-c3ccc(S(N)(=O)=O)cc3)o2)S1,0.727500958,2.751821985,-8.3,-7.8,1.73267,349.0190978
c1ccc(-c2ccc(CSc3nnc(-c4ccc5c(c4)OCO5)o3)cc2)cc1,0.425315534,2.104144358,-9.4,-8.7,5.4246,388.0881634
N#Cc1ccc(-c2ccc(CSc3nnc(-c4ccc5c(c4)OCCO5)o3)cc2)cc1,0.397746084,2.328630459,-9.4,-9.5,5.33878,427.0990624
COCCN1CCC(CNC(=O)c2ccnc3[nH]c(-c4ccc(F)cc4)cc23)CC1,0.625926257,2.410227879,-8.4,-8,3.4572,410.2118043
c1cnn2ncc(-c3ccnc(Nc4ccc(-n5cnc(N6CCOCC6)n5)cc4)n3)c2c1,0.440078572,2.898664822,-10,-9.6,2.3472,440.1821553
CSc1nc(-c2ccc(F)cc2)c(-c2ccnc(NC(=O)C3CC3)c2)[nH]1,0.657070904,2.39643739,-8.7,-8.1,4.3482,368.1107104
COc1ccc(-c2nc(NC3CCCCC3)[nH]c2-c2ccnc(NC(=O)C3CC3)c2)cc1,0.47573643,2.503917574,-9.7,-8.3,5.2404,431.2321252
c1ccc(-n2ncc3c(N=NCc4ccncc4)ncnc32)cc1,0.53973334,2.776092419,-8.5,-7.7,3.4944,315.1232434
COCCN1CCC(CNC(=O)c2n[nH]c3ccc(-c4cnccc4C)cc23)CC1,0.629066163,2.499958913,-8.8,-8.4,3.02152,407.2321252
NC(=O)c1c(-c2ccc(S(N)(=O)=O)cc2)ccnc1Nc1ccc(N2CCOCC2)cc1,0.518799104,2.389738243,-8.8,-8.3,2.0751,453.1470752
Clc1ccc(Nc2nccc(-c3ccnc(Nc4ccc(N5CCOCC5)cc4)c3)n2)cc1Cl,0.332830246,2.401296785,-9.7,-10.1,6.1692,492.1232147
Cl.Cn1c(N2CCNC(c3ccc(Cl)cc3)C2)nc(-c2ccncn2)cc1=O,0.703238202,3.16790341,-9.1,-8.3,2.4634,418.1075646
COCCN1CCC(CNC(=O)c2n[nH]c3ccc(-c4ccc(Cl)cc4Cl)cc23)CC1,0.538721417,2.417884343,-8.8,-8.1,4.6249,460.1432814
Cn1cc(C2=C(c3cn(C)c4ccccc34)C(=O)NC2=O)c2ccccc21,0.561396223,2.41960808,-9,-8.3,3.2372,355.1320768
O=C(Nc1n[nH]c2nc(-c3cccc(Cl)c3)ccc12)C1CC1,0.775545072,2.28120028,-8.5,-7.8,3.6268,312.0777887
c1ccc(-c2ccc(CSc3nnc(-c4ccc5c(c4)OCCO5)o3)cc2)cc1,0.412852211,2.143259086,-9.4,-9.2,5.4671,402.1038134
c1ccc(-c2ccc(CSc3nnc(-c4ccc5c(c4)OCCO5)o3)cc2)cc1,0.412852211,2.143259086,-9.4,-9,5.4671,402.1038134
O=C(O)c1ccc(-c2ccc3c(NC(=O)C4CC4)n[nH]c3c2)cc1,0.686982919,2.088946379,-8.5,-8.4,3.2766,321.1113413
O=C(NCCc1ccccc1)c1ccnc2nc(-c3ccc(F)cc3)[nH]c12,0.56956738,2.129749331,-9.2,-8.1,3.7365,360.1386394
Cn1cc(C2=C(c3cn(C)c4ccccc34)C(=O)NC2=O)c2ccccc21,0.561396223,2.41960808,-9,-8.3,3.2372,355.1320768
O=C1NC(=O)C(c2ccccc2)=C1Nc1cccc(Cl)c1,0.856775357,2.080552851,-8,-8,2.8196,298.0509053
Cn1cc(C2=C(c3ccccc3)C(=O)NC2=O)c2ccccc21,0.74005506,2.152761451,-8.5,-8.3,2.7455,302.1055277
Clc1ccc(Nc2nccc(-c3cnn4ncccc34)n2)cc1Cl,0.594122222,2.508098079,-8.7,-8.1,4.2367,356.0343997
CS(=O)c1ccc(-c2coc3ccc(-c4ccc(C(=O)O)cc4)cc23)cc1,0.531323805,2.710965496,-9.5,-8.7,5.2024,376.07693
COCCN1CCC(CNC(=O)c2n[nH]c3ccc(-c4ccc(Cl)cc4Cl)cc23)CC1,0.538721417,2.417884343,-8.9,-8.2,4.6249,460.1432814
N#Cc1ccc(-c2ccc(CSc3nnc(-c4ccc5c(c4)OCO5)o3)cc2)cc1,0.410876371,2.293696678,-9.1,-9.3,5.29628,413.0834123
c1ccc(-c2ccc(CSc3nnc(-c4ccc5c(c4)OCO5)o3)cc2)cc1,0.425315534,2.104144358,-9.4,-8.9,5.4246,388.0881634
COCCN1CCC(CNC(=O)c2n[nH]c3ccc(-c4ccccc4)cc23)CC1,0.647153718,2.235827093,-8.8,-8.5,3.3181,392.2212261
c1ccc(-c2ccc(CSc3nnc(-c4ccc5c(c4)OCCO5)o3)cc2)cc1,0.412852211,2.143259086,-9.4,-9,5.4671,402.1038134
Cn1cc(C2=C(c3cn(CCCO)c4ccccc34)C(=O)NC2=O)c2ccccc21,0.506574139,2.537576001,-9,-8.1,3.0826,399.1582915
N#Cc1ccc(-c2ccc(CSc3nnc(-c4ccc5c(c4)OCCO5)o3)cc2)cc1,0.397746084,2.328630459,-9.4,-9.4,5.33878,427.0990624
N=C1NC(=O)C(=Cc2ccc(-c3ccc(S(N)(=O)=O)cc3)o2)S1,0.727500958,2.751821985,-8.3,-7.8,1.73267,349.0190978
O=C1NC(=O)C(c2ccccc2)=C1Nc1cc(Cl)c(O)c(Cl)c1,0.587526714,2.35591934,-7.9,-8.2,3.1786,348.0068475
O=C1NC(=O)C(c2ccccc2)=C1Nc1cc(Cl)c(O)c(Cl)c1,0.587526714,2.35591934,-8.1,-8.2,3.1786,348.0068475
Cc1nc(-c2ccc(Cl)cc2)c(-c2ccnc(NC(=O)C3CC3)c2)[nH]1,0.728338929,2.310164562,-9,-7.8,4.44902,352.1090888
Cn1cc(C2=C(c3cn(CCCO)c4ccc(F)cc34)C(=O)NC2=O)c2ccccc21,0.489795296,2.63449234,-9.1,-8.2,3.2217,417.1488697
c1ccc(-c2ccc(CSc3nnc(-c4ccc5c(c4)OCCO5)o3)cc2)cc1,0.412852211,2.143259086,-9.4,-9.1,5.4671,402.1038134
c1ccc(-c2ccc(CSc3nnc(-c4ccc5c(c4)OCCO5)o3)cc2)cc1,0.412852211,2.143259086,-9.4,-9,5.4671,402.1038134
N#Cc1ccc(-c2ccc(CSc3nnc(-c4ccc(C(F)(F)F)cc4)o3)cc2)cc1,0.329834797,2.243950203,-9.7,-9.4,6.58638,437.0809677
c1cc(-c2ccc(N3CCOCC3)cc2)ccc1CSc1nnc(-c2ccc3c(c2)OCO3)o1,0.351341383,2.372265255,-9.9,-10.4,5.2612,473.1409272
CSc1nc(-c2ccc(Cl)cc2)c(-c2ccnc(NC(=O)C3CC3)c2)[nH]1,0.615884038,2.391606205,-8.6,-7.5,4.8625,384.0811598
Cn1cc(C2=C(c3ccccc3)C(=O)NC2=O)c2ccccc21,0.74005506,2.152761451,-8.5,-8.4,2.7455,302.1055277
N#Cc1ccc(-c2ccc(CSc3nnc(-c4ccc5c(c4)OCO5)o3)cc2)cc1,0.410876371,2.293696678,-9,-9.5,5.29628,413.0834123
c1ccc(-c2ccc(CSc3nnc(-c4ccc5c(c4)OCCO5)o3)cc2)cc1,0.412852211,2.143259086,-9.4,-8.5,5.4671,402.1038134
Cn1cc(C2=C(c3ccc(Cl)c(Cl)c3)C(=O)NC2=O)c2ccccc21,0.691294786,2.335338709,-8.9,-8.6,4.0523,370.027583
N#Cc1ccc(-c2ccc(CSc3nnc(-c4ccc5c(c4)OCO5)o3)cc2)cc1,0.410876371,2.293696678,-9,-9.4,5.29628,413.0834123
COCCN1CCC(CNC(=O)c2n[nH]c3ccc(-c4ccc(Cl)cc4Cl)cc23)CC1,0.538721417,2.417884343,-9.2,-7.9,4.6249,460.1432814
Cn1cc(C2=C(c3ccccc3)C(=O)NC2=O)c2ccccc21,0.74005506,2.152761451,-8.5,-8.3,2.7455,302.1055277
O=C(O)c1ccc(-c2ccc3c(NC(=O)C4CC4)n[nH]c3c2)cc1,0.686982919,2.088946379,-8.5,-8.5,3.2766,321.1113413
COCCN1CCC(CNC(=O)c2n[nH]c3ccc(-c4ccc(Cl)cc4)cc23)CC1,0.599300035,2.296246977,-8.9,-8,3.9715,426.1822538
c1cc(-c2ccc(N3CCOCC3)cc2)ccc1CSc1nnc(-c2ccc3c(c2)OCO3)o1,0.351341383,2.372265255,-9.9,-10.4,5.2612,473.1409272
COc1cccc(-n2ncc3c(N=NCc4ccccc4)ncnc32)c1,0.510513391,2.656277841,-8.6,-8.1,4.108,344.1385591
c1ccc(-c2ccc(CSc3nnc(-c4ccc5c(c4)OCCO5)o3)cc2)cc1,0.412852211,2.143259086,-9.4,-8.5,5.4671,402.1038134
c1ccc(-c2ccc(CSc3nnc(-c4ccc5c(c4)OCO5)o3)cc2)cc1,0.425315534,2.104144358,-9.4,-8.9,5.4246,388.0881634
c1ccc(-c2ccc(CSc3nnc(-c4ccc5c(c4)OCCO5)o3)cc2)cc1,0.412852211,2.143259086,-9.4,-9,5.4671,402.1038134
Cn1c(N2CCNC(c3ccc(F)cc3)C2)nc(-c2ccncc2)cc1=O,0.770469732,2.93868998,-9.6,-8.3,2.1323,365.1651885
CCCC(=O)Nc1n[nH]c2ncc(-c3ccc(Cl)cc3)cc12,0.763814227,2.223081599,-8.3,-7.7,4.0169,314.0934388
c1cnn2ncc(-c3ccnc(Nc4ccc(-n5cnc(N6CCOCC6)n5)cc4)n3)c2c1,0.440078572,2.898664822,-10,-9.3,2.3472,440.1821553
c1ccc(-c2ccc(CSc3nnc(-c4ccc5c(c4)OCO5)o3)cc2)cc1,0.425315534,2.104144358,-9.4,-8.9,5.4246,388.0881634
c1ccc(-c2ccc(CSc3nnc(-c4ccc5c(c4)OCO5)o3)cc2)cc1,0.425315534,2.104144358,-9.4,-8.9,5.4246,388.0881634
O=C(O)CN1CCC(CNC(=O)c2n[nH]c3ccc(-c4cccc(F)c4F)cc23)CC1,0.560711128,2.45747241,-9.4,-9.5,3.0345,428.165997
N#Cc1ccc(-c2ccc(CSc3nnc(-c4ccc5c(c4)OCO5)o3)cc2)cc1,0.410876371,2.293696678,-8.8,-9.3,5.29628,413.0834123
N#Cc1ccc(-c2ccc(CSc3nnc(-c4ccc5c(c4)OCCO5)o3)cc2)cc1,0.397746084,2.328630459,-9.4,-9.6,5.33878,427.0990624
COCCN1CCC(CNC(=O)c2n[nH]c3ccc(-c4ccc(Cl)cc4Cl)cc23)CC1,0.538721417,2.417884343,-9.1,-8.2,4.6249,460.1432814
Cn1cc(C2=C(c3cn(CCCO)c4ccc(Br)cc34)C(=O)NC2=O)c2cc(F)ccc21,0.410773654,2.757246358,-9.2,-8.5,3.9842,495.0593818
Cc1nc(-c2ccc(F)cc2)c(-c2ccnc(NC(=O)C3CC3)c2)[nH]1,0.758070095,2.315199882,-9.1,-7.6,3.93472,336.1386394
N#Cc1cccc(CSc2nnc(-c3ccc(C(F)(F)F)cc3)o2)c1,0.617384012,2.244149611,-8.9,-8.4,4.91938,361.0496676
COCCN1CCC(CNC(=O)c2n[nH]c3ccc(-c4ccccc4)cc23)CC1,0.647153718,2.235827093,-8.8,-8.6,3.3181,392.2212261
CCCC(=O)Nc1n[nH]c2cc(-c3ccc(Cl)cc3Cl)ccc12,0.674283825,2.202758945,-8.1,-7.9,5.2753,347.0592175
N#Cc1ccc(-c2ccc(CSc3nnc(-c4ccc5c(c4)OCCO5)o3)cc2)cc1,0.397746084,2.328630459,-9.4,-9.5,5.33878,427.0990624
Cn1cc(C2=C(c3ccccc3)C(=O)NC2=O)c2cccc(F)c21,0.738264262,2.393335745,-8.4,-8.5,2.8846,320.0961059
N#Cc1ccc(-c2ccc(CSc3nnc(-c4ccc5c(c4)OCO5)o3)cc2)cc1,0.410876371,2.293696678,-9.5,-9.4,5.29628,413.0834123
Cn1cc(C2=C(c3cn(C)c4ccccc34)C(=O)NC2=O)c2ccccc21,0.561396223,2.41960808,-9,-8.3,3.2372,355.1320768
COCCN1CCC(CNC(=O)c2n[nH]c3ccc(-c4ccc(Cl)cc4Cl)cc23)CC1,0.538721417,2.417884343,-9.1,-8,4.6249,460.1432814
O=C1Cc2ccccc2-c2c([nH]c3ccc(C(F)(F)F)cc23)N1,0.636185935,2.557071371,-9.7,-9.5,4.3483,316.0823476
COCCN1CCC(CNC(=O)c2n[nH]c3ccc(-c4ccc(C)cc4)cc23)CC1,0.628672203,2.28501886,-9.1,-8.2,3.62652,406.2368762
CCCC(=O)Nc1n[nH]c2ncc(-c3ccc(Cl)cc3Cl)cc12,0.719004571,2.377350424,-8.4,-8.1,4.6703,348.0544664
N=C1NC(=O)C(=Cc2ccc(-c3ccc(S(N)(=O)=O)cc3)o2)S1,0.727500958,2.751821985,-8.3,-7.8,1.73267,349.0190978
O=C(NCCCN1CCCCC1)c1ccc(-c2ccc3[nH]cc(-c4ccc([PH](=O)(=O)O)cc4)c3c2)cc1,0.223467835,3.001922897,-10,-9,5.0812,517.2130431
Cn1cc(C2=C(c3cn(CCCO)c4ccccc34)C(=O)NC2=O)c2cc(F)ccc21,0.489795296,2.63449234,-9.2,-8.3,3.2217,417.1488697
N=C1NC(=O)C(=Cc2ccc(-c3ccc(S(N)(=O)=O)cc3)o2)S1,0.727500958,2.751821985,-8.3,-7.8,1.73267,349.0190978
Cc1nc(-c2ccc(F)cc2)c(-c2ccnc(NC(=O)C3CC3)c2)[nH]1,0.758070095,2.315199882,-9.1,-7.6,3.93472,336.1386394
Cn1cc(C2=C(c3cn(CCCO)c4ccccc34)C(=O)NC2=O)c2ccccc21,0.506574139,2.537576001,-9,-8.1,3.0826,399.1582915
Cn1cc(C2=C(c3ccc(Cl)cc3)C(=O)NC2=O)c2ccccc21,0.72915021,2.217076243,-8.1,-8.4,3.3989,336.0665553
N#Cc1ccc(-c2ccc(CSc3nnc(-c4ccc5c(c4)OCCO5)o3)cc2)cc1,0.397746084,2.328630459,-9.4,-9.6,5.33878,427.0990624
O=C1NC(=O)C(c2ccccc2)=C1Nc1cc(Cl)c(O)c(Cl)c1,0.587526714,2.35591934,-7.9,-8.2,3.1786,348.0068475
COc1ccc(C2=C(c3cn(C)c4ccccc34)C(=O)NC2=O)cc1OC,0.724833369,2.285521306,-8.5,-8.3,2.7627,362.1266571
CNCCCn1cc(C2=C(c3ccccc3)C(=O)NC2=O)c2ccccc21,0.52546678,2.342195193,-8.3,-7.7,2.818,359.1633769
O=C1NC(=O)C(c2cn(CCCN3CCOCC3)c3ccccc23)=C1c1cn(CCCO)c2ccccc12,0.336278322,2.763409564,-8.6,-9.3,3.2679,512.2423555
N#Cc1ccc(-c2ccc(CSc3nnc(-c4ccc5c(c4)OCCO5)o3)cc2)cc1,0.397746084,2.328630459,-9.2,-9.6,5.33878,427.0990624
N#Cc1ccc(-c2ccc(CSc3nnc(-c4ccc5c(c4)OCCO5)o3)cc2)cc1,0.397746084,2.328630459,-9.4,-9.5,5.33878,427.0990624
Fc1ccc(-c2cc(C(F)(F)F)ccc2-c2ccnc(Nc3ccc(N4CCOCC4)cc3)n2)cc1,0.31909069,2.402450009,-9.5,-8.8,6.5487,494.1729742
O=C(O)c1ccc(-c2ccc3[nH]nc(-c4ccc(C(=O)O)cc4)c3c2)cc1,0.504730947,1.994622865,-9.3,-9.1,4.2933,358.0953569
COCCN1CCC(CNC(=O)c2n[nH]c3ccc(-c4ccc(Cl)cc4Cl)cc23)CC1,0.538721417,2.417884343,-9.1,-8,4.6249,460.1432814
O=C(Nc1cc(-c2ccnc(NC(=O)C3CC3)c2)ccn1)C1CC1,0.886331622,2.175851356,-8.4,-7.5,2.8406,322.1429758
Cn1cc(C2=C(c3ccccc3)C(=O)NC2=O)c2ccccc21,0.74005506,2.152761451,-8.5,-8.3,2.7455,302.1055277
COCCN1CCC(CNC(=O)c2n[nH]c3ccc(-c4ccc(Cl)cc4)cc23)CC1,0.599300035,2.296246977,-8.9,-8.1,3.9715,426.1822538
CS(=O)c1ccc(-c2ccnc(Nc3ccc(NC(=O)c4ccccc4)cc3)n2)cc1,0.457402431,2.591400621,-9.2,-9,4.8769,428.1306969
NC(=O)c1ccccc1Nc1cc(Nc2ccc(-n3cnc(N4CCOCC4)n3)cc2)ncc1Cl,0.357759277,2.69480818,-10,-9.3,3.7384,490.1632497
N#Cc1ccc(-c2ccc(CSc3nnc(-c4ccc5c(c4)OCCO5)o3)cc2)cc1,0.397746084,2.328630459,-9.2,-9.4,5.33878,427.0990624
COCCN1CCC(CNC(=O)c2n[nH]c3ncc(-c4ccc(Cl)cc4)cc23)CC1,0.603651661,2.459758913,-8.8,-7.8,3.3665,427.1775028
c1ccc(-c2ccc(CSc3nnc(-c4ccc5c(c4)OCO5)o3)cc2)cc1,0.425315534,2.104144358,-9.4,-8.9,5.4246,388.0881634
Cn1cc(C2=C(c3ccccc3)C(=O)NC2=O)c2ccccc21,0.74005506,2.152761451,-8.5,-8.3,2.7455,302.1055277
c1ccc(-c2ccc(CSc3nnc(-c4ccc5c(c4)OCO5)o3)cc2)cc1,0.425315534,2.104144358,-9.4,-8.9,5.4246,388.0881634
COCCN1CCC(CNC(=O)c2n[nH]c3ccc(-c4ccc(Cl)cc4Cl)cc23)CC1,0.538721417,2.417884343,-9.1,-8.1,4.6249,460.1432814
Cn1cc(C2=C(c3ccccc3)C(=O)NC2=O)c2ccccc21,0.74005506,2.152761451,-8.5,-8.3,2.7455,302.1055277
c1ccc(-c2ccc(CSc3nnc(-c4ccc5c(c4)OCCO5)o3)cc2)cc1,0.412852211,2.143259086,-9.5,-8.4,5.4671,402.1038134
Cn1cc(C2=C(c3cn(C)c4ccccc34)C(=O)NC2=O)c2ccccc21,0.561396223,2.41960808,-9,-8.3,3.2372,355.1320768
Cn1cc(C2=C(c3ccccc3)C(=O)NC2=O)c2ccccc21,0.74005506,2.152761451,-8.5,-8.3,2.7455,302.1055277
c1ccc(-c2ccc(CSc3nnc(-c4ccc5c(c4)OCCO5)o3)cc2)cc1,0.412852211,2.143259086,-9.4,-9,5.4671,402.1038134
CCCC(=O)Nc1n[nH]c2ncc(-c3ccc(Cl)cc3Cl)cc12,0.719004571,2.377350424,-8.5,-8.2,4.6703,348.0544664
Cn1cc(C2=C(c3coc4ccccc34)C(=O)NC2=O)c2cc(Br)ccc21,0.492462841,2.602544543,-9.5,-8.7,4.2542,420.0109544
COCCN1CCC(CNC(=O)c2n[nH]c3ccc(-c4ccc(Cl)cc4Cl)cc23)CC1,0.538721417,2.417884343,-9.2,-7.8,4.6249,460.1432814
O=C1NC(=O)C(c2cn(CCCO)c3ccccc23)=C1c1cn(CCCO)c2ccccc12,0.364980928,2.652612219,-8.3,-7.9,2.928,443.1845063
COCCN1CCC(CNC(=O)c2n[nH]c3ccc(-c4ccc(Cl)cc4Cl)cc23)CC1,0.538721417,2.417884343,-9.1,-8.1,4.6249,460.1432814
N#Cc1ccc(-c2ccc(CSc3nnc(-c4ccc5c(c4)OCCO5)o3)cc2)cc1,0.397746084,2.328630459,-9.3,-9.4,5.33878,427.0990624
Cc1ccc(-c2ccc3occ(-c4ccc(S(C)=O)cc4)c3c2)o1,0.502529076,2.897323835,-9.1,-8.5,5.40562,336.0820154
c1ccc(-c2ccc(CSc3nnc(-c4ccc5c(c4)OCO5)o3)cc2)cc1,0.425315534,2.104144358,-9.4,-8.9,5.4246,388.0881634
c1ccc(-c2ccc(CSc3nnc(-c4ccc5c(c4)OCCO5)o3)cc2)cc1,0.412852211,2.143259086,-9.4,-9.1,5.4671,402.1038134
Cc1ccc(-c2ccnc(Nc3ccc(N4CCOCC4)cc3)n2)c(-c2ccc(Cl)cc2)n1,0.411518253,2.341576652,-9.2,-8.2,5.74762,457.1669381
c1ccc(-c2ccc(CSc3nnc(-c4ccc5c(c4)OCO5)o3)cc2)cc1,0.425315534,2.104144358,-9.3,-8.9,5.4246,388.0881634
FC(F)(F)c1ccc(Nc2nccc(-c3cnn4ncccc34)n2)cc1,0.60200208,2.53456672,-9.2,-8.6,3.9487,356.099729
O=C(O)c1ccc(-c2ccc3[nH]nc(-c4ccc(C(=O)O)cc4)c3c2)cc1,0.504730947,1.994622865,-9.4,-8.8,4.2933,358.0953569
Cn1cc(C2=C(c3ccc(Cl)cc3)C(=O)NC2=O)c2ccccc21,0.72915021,2.217076243,-8.1,-8.5,3.3989,336.0665553
c1ccc(-c2nn3ccccc3c2-c2ccnc(Nc3ccc(N4CCOCC4)cc3)n2)cc1,0.40639767,2.425951681,-9.5,-8.9,5.0385,448.2011594
CCCC(=O)Nc1n[nH]c2ncc(-c3ccc(C)o3)cc12,0.769783001,2.513792082,-7.8,-7.3,3.26492,284.1273258
CS(=O)(=O)Nc1ccc(CCNC(=O)c2ccnc3nc(-c4ccc(F)cc4)[nH]c23)cc1,0.39756007,2.379254726,-9.5,-8.8,3.108,453.1270887
COCCN1CCC(CNC(=O)c2n[nH]c3ccc(-c4ccc(Cl)cc4Cl)cc23)CC1,0.538721417,2.417884343,-9,-8.4,4.6249,460.1432814
Cn1cc(C2=C(c3cn(CCCN4CCOCC4)c4ccccc34)C(=O)NC2=O)c2ccccc21,0.440541409,2.644305013,-9.7,-8.9,3.4225,468.2161408
Cn1cc(C2=C(c3cn(CCCN4CCOCC4)c4ccccc34)C(=O)NC2=O)c2ccccc21,0.440541409,2.644305013,-9.7,-9,3.4225,468.2161408
CCCC(=O)Nc1n[nH]c2cc(-c3ccccc3)ccc12,0.758874824,1.979329371,-7.9,-7.6,3.9685,279.1371622
Cn1cc(C2=C(c3ccccc3)C(=O)NC2=O)c2cccc(F)c21,0.738264262,2.393335745,-8.5,-8.4,2.8846,320.0961059
N#Cc1ccc(-c2ccnc(Nc3ccc(N4CCOCC4)cc3)n2)c(-c2ccc(F)cc2)c1,0.437887446,2.372091092,-10.1,-8.6,5.40158,451.1808385
NS(=O)(=O)c1ccc(NC2=C(c3ccccc3)C(=O)NC2=O)cc1,0.710156551,2.183088372,-8.3,-7.8,0.8136,343.0626769
O=C(NCC1CCN(CCc2ccccc2)CC1)c1n[nH]c2oc(-c3ccc(Cl)cc3)cc12,0.397503111,2.602378238,-8.9,-8.2,5.1608,462.1822538
N=C1NC(=O)C(=Cc2ccc(-c3ccc(S(N)(=O)=O)cc3)o2)S1,0.727500958,2.751821985,-8.3,-7.8,1.73267,349.0190978
N#Cc1ccc(-c2ccc(CSc3nnc(-c4ccc5c(c4)OCO5)o3)cc2)cc1,0.410876371,2.293696678,-9.5,-9.4,5.29628,413.0834123
c1cc(-c2ccc(N3CCOCC3)cc2)ccc1CSc1nnc(-c2ccc3c(c2)OCCO3)o1,0.33935022,2.408898678,-9.7,-10.7,5.3037,487.1565773
Clc1ccc(Nc2nccc(-c3cnn4ncccc34)n2)cc1Cl,0.594122222,2.508098079,-8.7,-8.1,4.2367,356.0343997
N#Cc1ccc(-c2ccc(CSc3nnc(-c4ccc5c(c4)OCCO5)o3)cc2)cc1,0.397746084,2.328630459,-9.5,-9.4,5.33878,427.0990624
c1ccc(-c2ccc(CSc3nnc(-c4ccc5c(c4)OCCO5)o3)cc2)cc1,0.412852211,2.143259086,-9.3,-9,5.4671,402.1038134
COCCN1CCC(CNC(=O)c2n[nH]c3ccc(-c4ccc(Cl)cc4Cl)cc23)CC1,0.538721417,2.417884343,-9.2,-7.9,4.6249,460.1432814
CCCC(=O)Nc1n[nH]c2ncc(-c3ccc(Cl)cc3)cc12,0.763814227,2.223081599,-8.3,-7.4,4.0169,314.0934388
CSc1ccc(NC2=C(c3ccccc3)C(=O)NC2=O)cc1,0.673281968,2.198439841,-7.9,-7.8,2.8881,310.0775987
O=C1NC(=O)C(c2cn(CCCN3CCOCC3)c3ccccc23)=C1c1ccccc1,0.629090111,2.407668877,-9.2,-7.6,2.9308,415.1895917
COCCN1CCC(CNC(=O)c2n[nH]c3ccc(-c4ccccc4)cc23)CC1,0.647153718,2.235827093,-8.7,-8.6,3.3181,392.2212261
COCCN1CCC(CNC(=O)c2n[nH]c3ccc(-c4ccc(Cl)cc4Cl)cc23)CC1,0.538721417,2.417884343,-9.1,-8.2,4.6249,460.1432814
COCCN1CCC(CNC(=O)c2n[nH]c3ccc(-c4ccc(Cl)cc4)cc23)CC1,0.599300035,2.296246977,-8.9,-8.1,3.9715,426.1822538
N#Cc1ccc(-c2ccc(CSc3nnc(-c4ccc5c(c4)OCO5)o3)cc2)cc1,0.410876371,2.293696678,-9.4,-9.2,5.29628,413.0834123
COC1CCC(C(=O)Nc2cc(-c3ccc(C(N)=O)cc3)ccn2)CC1,0.863798236,2.176625955,-8.5,-8,2.9912,353.1739416
COCCN1CCC(CNC(=O)c2n[nH]c3ccc(-c4ccc(O)cc4)cc23)CC1,0.559095199,2.352971645,-8.6,-8.6,3.0237,408.2161408
c1ccc(-c2ccc(CSc3nnc(-c4ccc5c(c4)OCO5)o3)cc2)cc1,0.425315534,2.104144358,-9.4,-8.9,5.4246,388.0881634
Cn1cc(C2=C(c3ccccc3)C(=O)NC2=O)c2ccc(F)cc21,0.738264262,2.294358143,-8.6,-8.5,2.8846,320.0961059
CCCC(=O)Nc1n[nH]c2cc(-c3ccc(Cl)cc3)ccc12,0.737928189,2.049503577,-8,-7.5,4.6219,313.0981898
c1ccc(-c2ccc(CSc3nnc(-c4ccc5c(c4)OCCO5)o3)cc2)cc1,0.412852211,2.143259086,-9.4,-9,5.4671,402.1038134
N#Cc1ccc(-c2ccc(CSc3nnc(-c4ccc5c(c4)OCCO5)o3)cc2)cc1,0.397746084,2.328630459,-9.4,-9.5,5.33878,427.0990624
Cn1cc(C2=C(c3cn(C)c4ccccc34)C(=O)NC2=O)c2ccccc21,0.561396223,2.41960808,-9,-8.3,3.2372,355.1320768
O=C(Nc1cc(-c2ccnc(Nc3ccccc3)c2)ccn1)C1CC1,0.73426779,2.063729845,-8.5,-8.1,4.2357,330.1480612
O=C(Nc1n[nH]c2nc(-c3ccc(Cl)cc3)ccc12)C1CCCC1,0.741616264,2.24362665,-8.8,-8.2,4.407,340.1090888
N#Cc1ccc(-c2ccc(CSc3nnc(-c4ccc5c(c4)OCO5)o3)cc2)cc1,0.410876371,2.293696678,-9.5,-9.4,5.29628,413.0834123
CCCC(=O)Nc1n[nH]c2ncc(-c3ccc(Cl)cc3)cc12,0.763814227,2.223081599,-8.2,-7.9,4.0169,314.0934388
O=C(Nc1n[nH]c2ncc(-c3ccccc3Cl)cc12)C1CC1,0.775545072,2.287606874,-8.6,-8.1,3.6268,312.0777887
O=C(NCCCCCN1CCCCC1)c1ccnc2nc(-c3ccc(F)cc3)[nH]c12,0.54833093,2.356910222,-7.9,-8,4.15,409.2277887
Cl.Cn1c(N2CCNC(c3ccc(Cl)cc3)C2)nc(-c2ccncn2)cc1=O,0.703238202,3.16790341,-9,-8.4,2.4634,418.1075646
Cn1c(N2CCNC(c3ccc(F)cc3)C2)nc(-c2ccncn2)cc1=O,0.75764903,3.089091163,-9.4,-8.2,1.5273,366.1604374
N#Cc1ccc(-c2ccc(CSc3nnc(-c4ccc5c(c4)OCO5)o3)cc2)cc1,0.410876371,2.293696678,-9,-9.2,5.29628,413.0834123
c1ccc(-c2ccc(CSc3nnc(-c4ccc5c(c4)OCCO5)o3)cc2)cc1,0.412852211,2.143259086,-9.4,-9.1,5.4671,402.1038134
c1ccc(-c2ccc(CSc3nnc(-c4ccc5c(c4)OCO5)o3)cc2)cc1,0.425315534,2.104144358,-9.4,-8.9,5.4246,388.0881634
CS(=O)c1ccc(-c2coc3ccc(-c4ccco4)cc23)cc1,0.527007959,2.883877746,-8.9,-8.3,5.0972,322.0663653
CCCC(=O)Nc1n[nH]c2ncc(-c3ccc(Cl)cc3Cl)cc12,0.719004571,2.377350424,-8.3,-8.1,4.6703,348.0544664
CS(=O)(=O)Nc1ccc(CCNC(=O)c2c[nH]c3ncc(-c4ccc(Cl)c(Cl)c4)nc23)cc1,0.347575399,2.47520978,-8.9,-8.6,4.2757,503.0585658
COCCN1CCC(CNC(=O)c2n[nH]c3ccc(-c4ccc(Cl)cc4Cl)cc23)CC1,0.538721417,2.417884343,-8.9,-8.4,4.6249,460.1432814
O=C(Nc1ccc(Nc2nccc(-c3cccnc3)n2)cc1)c1ccc(N2CCOCC2)cc1,0.448730854,2.209035015,-9.4,-10,4.3711,452.196074
N#Cc1ccc(-c2ccc(CSc3nnc(-c4ccc5c(c4)OCO5)o3)cc2)cc1,0.410876371,2.293696678,-9.4,-9.6,5.29628,413.0834123
CSc1ccc(NC2=C(c3ccccc3)C(=O)NC2=O)cc1,0.673281968,2.198439841,-7.8,-7.7,2.8881,310.0775987
COCCN1CCC(CNC(=O)c2n[nH]c3ccc(-c4ccc(Cl)cc4)cc23)CC1,0.599300035,2.296246977,-8.9,-8.1,3.9715,426.1822538
COCCN1CCC(CNC(=O)c2n[nH]c3ccc(-c4ccc(Cl)cc4)cc23)CC1,0.599300035,2.296246977,-9,-7.7,3.9715,426.1822538
N#Cc1ccc(-c2ccc(CSc3nnc(-c4ccc5c(c4)OCCO5)o3)cc2)cc1,0.397746084,2.328630459,-9.4,-9.5,5.33878,427.0990624
c1ccc(-c2ccc(CSc3nnc(-c4ccc5c(c4)OCCO5)o3)cc2)cc1,0.412852211,2.143259086,-9.4,-9.1,5.4671,402.1038134
Cc1ccc(-c2ccc3[nH]nc(C(=O)NCC4CCN(CCc5ccc(C(=O)O)o5)CC4)c3c2)cc1,0.337825303,2.575537583,-9.9,-8.7,4.51402,486.2267054
COCCN1CCC(CNC(=O)c2n[nH]c3ccc(-c4ccc(Cl)cc4Cl)cc23)CC1,0.538721417,2.417884343,-9.2,-8.1,4.6249,460.1432814
Clc1ccc(Nc2nccc(-c3cnn4ncccc34)n2)cc1Cl,0.594122222,2.508098079,-8.7,-8.3,4.2367,356.0343997
COCCN1CCC(CNC(=O)c2n[nH]c3ccc(-c4ccc(Cl)cc4Cl)cc23)CC1,0.538721417,2.417884343,-8.4,-8.2,4.6249,460.1432814
Cn1cc(C2=C(c3ccccc3)C(=O)NC2=O)c2ccccc21,0.74005506,2.152761451,-8.5,-8.3,2.7455,302.1055277
c1ccc(-c2ccc(CSc3nnc(-c4ccc5c(c4)OCCO5)o3)cc2)cc1,0.412852211,2.143259086,-9.4,-9,5.4671,402.1038134
c1ccc(-c2ccc(CSc3nnc(-c4ccc5c(c4)OCCO5)o3)cc2)cc1,0.412852211,2.143259086,-9.3,-8.4,5.4671,402.1038134
O=C(Nc1cc(-c2ccc(O)cc2)ccn1)C1CC1,0.884903748,1.8728592,-7.4,-7.3,2.8027,254.1055277
Cn1cc(C2=C(c3ccccc3)C(=O)NC2=O)c2ccccc21,0.74005506,2.152761451,-8.5,-8.3,2.7455,302.1055277
c1cc(-c2ccc(N3CCOCC3)cc2)nc(Nc2ccc(-n3cnc(N4CCOCC4)n3)cc2)n1,0.442945116,2.618000699,-9.9,-9.1,3.1411,484.2335221
COCCN1CCC(CNC(=O)c2n[nH]c3ccc(-c4ccc(O)cc4)cc23)CC1,0.559095199,2.352971645,-8.7,-8.7,3.0237,408.2161408
NS(=O)(=O)c1ccc(NC2=C(c3ccccc3)C(=O)NC2=O)cc1,0.710156551,2.183088372,-8.2,-7.9,0.8136,343.0626769
Cn1c(NC2CCCCC2)nc(-c2ccccc2)cc1=O,0.940693934,2.0852184,-7.8,-7.8,3.1919,283.1684623
O=C(NCCc1ccccc1)c1ccnc2nc(-c3ccc(F)cc3)[nH]c12,0.56956738,2.129749331,-9.1,-8.1,3.7365,360.1386394
Cn1cc(C2=C(c3ccccc3)C(=O)NC2=O)c2ccccc21,0.74005506,2.152761451,-8.5,-8.3,2.7455,302.1055277
Cl.Cn1c(N2CCNC(c3ccc(Cl)cc3)C2)nc(-c2ccncn2)cc1=O,0.703238202,3.16790341,-9,-8.4,2.4634,418.1075646
c1ccc(-c2ccc(CSc3nnc(-c4ccc5c(c4)OCCO5)o3)cc2)cc1,0.412852211,2.143259086,-9.4,-9.1,5.4671,402.1038134
CCCC(=O)Nc1n[nH]c2oc(-c3ccc(C(F)(F)F)cc3)cc12,0.731853959,2.704933378,-8.4,-7.7,4.5803,337.1038113
N#Cc1ccc(-c2ccc(CSc3nnc(-c4ccc5c(c4)OCCO5)o3)cc2)cc1,0.397746084,2.328630459,-9.4,-9.2,5.33878,427.0990624
CCCC(=O)Nc1n[nH]c2ccc(-c3ccccc3)cc12,0.758874824,1.967183343,-8.2,-7.8,3.9685,279.1371622
O=C(Nc1n[nH]c2cc(-c3ccccc3Cl)ccc12)C1CC1,0.7600986,2.107472808,-8.2,-7.8,4.2318,311.0825397
c1ccc(-c2ccc(CSc3nnc(-c4ccc5c(c4)OCO5)o3)cc2)cc1,0.425315534,2.104144358,-9.4,-8.9,5.4246,388.0881634
Fc1ccc(-c2cc(C(F)(F)F)ccc2-c2ccnc(Nc3ccc(N4CCOCC4)cc3)n2)cc1,0.31909069,2.402450009,-9.5,-8.8,6.5487,494.1729742
c1cc(-c2ccc(N3CCOCC3)cc2)nc(Nc2ccc(-n3cnc(N4CCOCC4)n3)cc2)n1,0.442945116,2.618000699,-9.9,-9,3.1411,484.2335221
CNC(=O)c1sc(-c2ccnc(NC(=O)C3CC3)c2)cc1OCC1CC1,0.782465479,2.523214948,-7.8,-7.2,3.307,371.1303625
O=C1Cc2c([nH]c3ccc(C(F)(F)F)cc23)-c2ccccc2N1,0.636185935,2.380528649,-9.2,-9.5,4.3483,316.0823476
O=C(O)c1ccc(CN2CCC(CNC(=O)c3n[nH]c4ccc(-c5ccc(Cl)cc5)cc34)CC2)o1,0.340932076,2.514277048,-9.9,-9.5,4.8165,492.156433
Cn1cc(C2=C(c3ccccc3)C(=O)NC2=O)c2ccccc21,0.74005506,2.152761451,-8.5,-8.3,2.7455,302.1055277
COCCN1CCC(CNC(=O)c2n[nH]c3ccc(-c4ccc(Cl)cc4Cl)cc23)CC1,0.538721417,2.417884343,-8.9,-8.4,4.6249,460.1432814
COCCN1CCC(CNC(=O)c2n[nH]c3ccc(-c4ccc(Cl)cc4Cl)cc23)CC1,0.538721417,2.417884343,-8.8,-8.4,4.6249,460.1432814
O=C(O)c1ccc(-c2ccc3[nH]nc(-c4ccc(C(=O)O)cc4)c3c2)cc1,0.504730947,1.994622865,-9.6,-9,4.2933,358.0953569
c1ccc(-c2ccc(CSc3nnc(-c4ccc5c(c4)OCCO5)o3)cc2)cc1,0.412852211,2.143259086,-9.4,-9.1,5.4671,402.1038134
COc1cc(NC(=O)c2cccc(-n3ncc4cc(Nc5ccccc5Cl)ccc43)c2)cc(OC)c1OC,0.232898029,2.375042389,-9.5,-9,6.7006,528.156433
COCCN1CCC(CNC(=O)c2n[nH]c3ccc(-c4ccccc4)cc23)CC1,0.647153718,2.235827093,-8.8,-8.7,3.3181,392.2212261
c1ccc(-c2ccc(CSc3nnc(-c4ccc5c(c4)OCO5)o3)cc2)cc1,0.425315534,2.104144358,-9.4,-8.9,5.4246,388.0881634
N#Cc1ccccc1-c1ccc(CSc2ncc(-c3ccc4c(c3)OCCO4)o2)cc1,0.367758586,2.450232801,-9.5,-8.6,5.94378,426.1038134
N#Cc1ccc(-c2ccc(CSc3nnc(-c4ccc5c(c4)OCCO5)o3)cc2)cc1,0.397746084,2.328630459,-9.4,-9.3,5.33878,427.0990624
c1ccc(-c2ccc(CSc3nnc(-c4ccc5c(c4)OCCO5)o3)cc2)cc1,0.412852211,2.143259086,-9.4,-9,5.4671,402.1038134
CP(=O)(O)c1ccc(-c2coc3ccc(-c4ccc(C(=O)O)cc4)cc23)cc1,0.477864549,2.90916787,-9.5,-7.8,4.9905,392.0813603
N#Cc1ccc(-c2ccc(CSc3nnc(-c4ccc5c(c4)OCO5)o3)cc2)cc1,0.410876371,2.293696678,-9.4,-9.6,5.29628,413.0834123
N#Cc1ccc(-c2ccc(CSc3nnc(-c4ccc5c(c4)OCCO5)o3)cc2)cc1,0.397746084,2.328630459,-9.4,-9.5,5.33878,427.0990624
NC(=O)c1ccc(-c2ccc3[nH]nc(-c4ccc(C(=O)O)cc4)c3c2)cc1,0.517231689,2.028486601,-9.7,-9.3,3.694,357.1113413
Cn1cc(C2=C(c3ccccc3)C(=O)NC2=O)c2ccccc21,0.74005506,2.152761451,-8.5,-8.3,2.7455,302.1055277
O=C(Nc1cc(-c2c(-c3ccc(O)cc3)ccnc2NC(=O)C2CC2)ccn1)C1CC1,0.560398444,2.452058249,-9.2,-8.5,4.2132,414.1691906
N#Cc1ccc(-c2ccc(CSc3nnc(-c4ccc5c(c4)OCCO5)o3)cc2)cc1,0.397746084,2.328630459,-9.4,-9.6,5.33878,427.0990624
COCCN1CCC(CNC(=O)c2n[nH]c3ccc(-c4ccccc4)cc23)CC1,0.647153718,2.235827093,-8.8,-8.6,3.3181,392.2212261
c1ccc(-c2ccc(CSc3nnc(-c4ccc5c(c4)OCO5)o3)cc2)cc1,0.425315534,2.104144358,-9.4,-8.9,5.4246,388.0881634
c1ccc(-c2ccc(CSc3nnc(-c4ccc5c(c4)OCCO5)o3)cc2)cc1,0.412852211,2.143259086,-9.4,-9,5.4671,402.1038134
O=C1NC(=O)C(c2ccc(Cl)cc2)=C1Nc1cc(Cl)c(O)c(Cl)c1,0.555832498,2.415146091,-8.1,-7.9,3.832,381.9678752
O=C(Nc1cc(-c2[nH]c(SCc3ccccc3)nc2-c2ccc(F)cc2)ccn1)C1CC1,0.347295372,2.350875886,-10.2,-8.5,5.9186,444.1420105
CS(=O)c1ccc(-c2coc3oc(-c4ccc(C(=O)O)cc4)cc23)cc1,0.561246047,3.177332768,-8.4,-8.2,4.7954,366.0561945
c1ccc(-c2ccc(CSc3nnc(-c4ccc5c(c4)OCO5)o3)cc2)cc1,0.425315534,2.104144358,-9.4,-8.9,5.4246,388.0881634
CS(=O)(=O)Nc1ccc(-c2ccnc(NC3CCCCC3)n2)cc1,0.867968632,2.112498356,-8.2,-7.7,3.2597,346.1463469
c1ccc(-c2ccc(CSc3nnc(-c4ccc5c(c4)OCO5)o3)cc2)cc1,0.425315534,2.104144358,-9.3,-8.9,5.4246,388.0881634
c1ccc(-c2ccc(CSc3nnc(-c4ccc5c(c4)OCO5)o3)cc2)cc1,0.425315534,2.104144358,-9.4,-8.9,5.4246,388.0881634
CSc1ccc(NC2=C(c3ccc(Cl)cc3Cl)C(=O)NC2=O)cc1,0.617808463,2.391851174,-7.7,-7.4,4.1949,377.999654
CNCCCCCCCCCCCCCCCCCCCCCCCCCc1cccc2c1C(=O)N(C1CCC(=O)NC1=O)C2=O,0.07424132,3.347456948,-6.3,-6.9,8.822,637.4818575
c1ccc(-c2ccc(CSc3nnc(-c4ccc5c(c4)OCO5)o3)cc2)cc1,0.425315534,2.104144358,-9.4,-8.9,5.4246,388.0881634
c1cc(-c2ccc(N3CCOCC3)cc2)ccc1CSc1nnc(-c2ccc3c(c2)OCCO3)o1,0.33935022,2.408898678,-9.8,-10.7,5.3037,487.1565773
NC(=O)c1ccccc1Nc1cc(Nc2ccccc2Cl)ncc1C(F)(F)F,0.533972454,2.309067308,-8.9,-8.4,5.3399,406.0808234
Cc1nc(-c2ccc(F)cc2)c(-c2ccnc(NC(=O)C3CC3)c2)[nH]1,0.758070095,2.315199882,-9,-8,3.93472,336.1386394
Cc1ccc(-c2ccnc(Nc3ccc(N4CCOCC4)cc3)n2)c(-c2ccc(Cl)cc2)n1,0.411518253,2.341576652,-9.3,-8.2,5.74762,457.1669381
c1ccc(-c2ccc(CSc3nnc(-c4ccc5c(c4)OCCO5)o3)cc2)cc1,0.412852211,2.143259086,-9.5,-8.1,5.4671,402.1038134
Cc1nc(C)n(-c2ccc(Nc3nccc(-c4ccc(-n5nc(C)nc5C)cc4)n3)cc2)n1,0.437953655,2.580779831,-9.8,-9.4,4.28228,437.2076417
COCCN1CCC(CNC(=O)c2n[nH]c3ccc(-c4ccc(Cl)cc4)cc23)CC1,0.599300035,2.296246977,-8.8,-8.1,3.9715,426.1822538
CCCC(=O)Nc1n[nH]c2ccc(-c3ccccc3)cc12,0.758874824,1.967183343,-8.3,-7.8,3.9685,279.1371622
Cn1cc(C2=C(c3ccccc3)C(=O)NC2=O)c2ccccc21,0.74005506,2.152761451,-8.5,-8.3,2.7455,302.1055277
O=C1NC(=O)C(c2ccc(Cl)cc2)=C1Nc1cc(Cl)c(O)c(Cl)c1,0.555832498,2.415146091,-8.1,-7.9,3.832,381.9678752
c1ccc(-c2ccc(CSc3nnc(-c4ccc5c(c4)OCCO5)o3)cc2)cc1,0.412852211,2.143259086,-9.3,-9.1,5.4671,402.1038134
COCCN1CCC(CNC(=O)c2n[nH]c3ccc(-c4ccccc4)cc23)CC1,0.647153718,2.235827093,-8.8,-8.6,3.3181,392.2212261
Fc1ccc(-c2cc(C(F)(F)F)ccc2-c2ccnc(Nc3ccc(N4CCOCC4)cc3)n2)cc1,0.31909069,2.402450009,-9.5,-8.8,6.5487,494.1729742
O=C1NC(=O)C(c2cn(CCCO)c3ccccc23)=C1c1coc2ccccc12,0.515432371,2.574862174,-9.3,-8.6,3.3371,386.1266571
N#Cc1ccc(-c2ccc(CSc3nnc(-c4ccc(C(=O)O)cc4)o3)cc2)cc1,0.430013688,2.143200823,-9.5,-9.1,5.26578,413.0834123
c1ccc(-c2ccc(CSc3nnc(-c4ccc5c(c4)OCCO5)o3)cc2)cc1,0.412852211,2.143259086,-9.4,-8.5,5.4671,402.1038134
COCCN1CCC(CNC(=O)c2n[nH]c3ccc(-c4ccc(Cl)cc4Cl)cc23)CC1,0.538721417,2.417884343,-9.2,-8.1,4.6249,460.1432814
c1ccc(-c2ccc(CSc3nnc(-c4ccc5c(c4)OCCO5)o3)cc2)cc1,0.412852211,2.143259086,-9.4,-8.3,5.4671,402.1038134
CCCC(=O)Nc1n[nH]c2ccc(-c3ccc(Cl)cc3)cc12,0.737928189,2.037743137,-8.5,-8,4.6219,313.0981898
COc1ccc(-c2ccnc(NC(=O)C3CCCC3)c2)cc1,0.930999146,1.823733453,-8.3,-7.6,3.8859,296.1524779
N#Cc1ccc(-c2ccc(CSc3nnc(-c4ccc5c(c4)OCCO5)o3)cc2)cc1,0.397746084,2.328630459,-9.4,-9.4,5.33878,427.0990624
Clc1ccc(Nc2cc(-c3ccnc(Nc4ccc(N5CCOCC5)cc4)n3)ccn2)cc1Cl,0.332830246,2.401296785,-9.9,-9.7,6.1692,492.1232147
c1cnn2ncc(-c3ccnc(Nc4ccc(-n5cnc(N6CCOCC6)n5)cc4)n3)c2c1,0.440078572,2.898664822,-9.8,-9.3,2.3472,440.1821553
O=C1NC(=O)C(c2ccccc2)=C1Nc1cc(Cl)c(O)c(Cl)c1,0.587526714,2.35591934,-7.9,-8.2,3.1786,348.0068475
COCCN1CCC(CNC(=O)c2n[nH]c3ccc(-c4ccc(Cl)cc4Cl)cc23)CC1,0.538721417,2.417884343,-9.2,-8.2,4.6249,460.1432814
O=C1NC(=O)C(c2cn(CCCN3CCOCC3)c3ccccc23)=C1c1cn(CCCO)c2ccccc12,0.336278322,2.763409564,-9.4,-9.2,3.2679,512.2423555
CCCC(=O)Nc1n[nH]c2ncc(-c3ccc(Cl)cc3)cc12,0.763814227,2.223081599,-8.3,-7.8,4.0169,314.0934388
c1ccc(-c2ccc(CSc3nnc(-c4ccc5c(c4)OCCO5)o3)cc2)cc1,0.412852211,2.143259086,-9.4,-9,5.4671,402.1038134
O=C(O)c1ccc(CN2CCC(CNC(=O)c3ccnc4[nH]c(-c5ccc(F)cc5)cc34)CC2)o1,0.366730799,2.612458617,-9.5,-9,4.3022,476.1859835
c1ccc(-c2ccc(CSc3nnc(-c4ccc5c(c4)OCCO5)o3)cc2)cc1,0.412852211,2.143259086,-9.4,-9,5.4671,402.1038134
c1ccc(-c2ccc(CSc3nnc(-c4ccc5c(c4)OCCO5)o3)cc2)cc1,0.412852211,2.143259086,-9.3,-9.1,5.4671,402.1038134
c1cc(-c2ccc(N3CCOCC3)cc2)ccc1CSc1nnc(-c2ccc3c(c2)OCCO3)o1,0.33935022,2.408898678,-9.8,-10.7,5.3037,487.1565773
Cn1cc(C2=C(c3ccc(Cl)cc3)C(=O)NC2=O)c2ccccc21,0.72915021,2.217076243,-8.1,-8.4,3.3989,336.0665553
c1ccc(-c2ccc(CSc3nnc(-c4ccc5c(c4)OCO5)o3)cc2)cc1,0.425315534,2.104144358,-9.4,-8.9,5.4246,388.0881634
N#Cc1ccc(-c2ccc(CSc3nnc(-c4ccc5c(c4)OCCO5)o3)cc2)cc1,0.397746084,2.328630459,-9.5,-9.6,5.33878,427.0990624
Cn1cc(C2=C(c3ccccc3)C(=O)NC2=O)c2ccccc21,0.74005506,2.152761451,-8.5,-8.3,2.7455,302.1055277
O=C1NC(=O)C(c2coc3ncccc23)=C1c1ccc(Cl)cc1,0.735339432,2.563381731,-8.4,-8,3.0484,324.0301698
O=C(Nc1ccc(Nc2nccc(-c3cccnc3)n2)cc1)c1ccc(N2CCOCC2)cc1,0.448730854,2.209035015,-9.3,-10.1,4.3711,452.196074
CNC(=O)c1sc(-c2ccnc(NC(=O)C3CC3)c2)nc1OCCCCCCCCCCn1cc(-c2ccc(Cl)c(Cl)c2)nc1SC=CC(=O)O,0.045495725,3.450810294,-8.7,-7.8,8.9737,770.1878657
N=C1NC(=O)C(=Cc2ccc(-c3ccc(Cl)cc3)o2)S1,0.830631159,2.659404864,-7.6,-7.7,3.73867,304.0073262
O=C(Nc1cc(-c2[nH]c(SCc3ccccc3)nc2-c2ccc(F)cc2)ccn1)C1CC1,0.347295372,2.350875886,-10,-8.3,5.9186,444.1420105
O=C(O)c1ccc(-c2ccc3[nH]nc(-c4ccc(C(=O)O)cc4)c3c2)cc1,0.504730947,1.994622865,-9.7,-9.1,4.2933,358.0953569
CS(=O)c1ccc(-c2coc3ccc(-c4ccc(C(=O)O)cc4)cc23)cc1,0.531323805,2.710965496,-9.5,-8.6,5.2024,376.07693
c1ccc(-c2ccc(CSc3nnc(-c4ccc5c(c4)OCCO5)o3)cc2)cc1,0.412852211,2.143259086,-9.4,-9.2,5.4671,402.1038134
O=C(Nc1cc(-c2[nH]c(-c3ccc(F)cc3)nc2-c2ccc(F)cc2)ccn1)C1CC1,0.455597278,2.307570946,-10.4,-8.6,5.4324,416.1448676
Cn1cc(C2=C(c3cn(C)c4ccc(F)cc34)C(=O)NC2=O)c2ccccc21,0.54790134,2.523987681,-9.1,-8.6,3.3763,373.122655
COCCN1CCC(CNC(=O)c2n[nH]c3ccc(-c4ccc(Cl)cc4Cl)cc23)CC1,0.538721417,2.417884343,-8.8,-8.2,4.6249,460.1432814
N=C1NC(=O)C(=Cc2ccc(-c3ccc(S(N)(=O)=O)cc3)o2)S1,0.727500958,2.751821985,-8.3,-7.8,1.73267,349.0190978
N#Cc1ccc(-c2ccc(CSc3nnc(-c4ccc5c(c4)OCO5)o3)cc2)cc1,0.410876371,2.293696678,-9.2,-9.4,5.29628,413.0834123
O=C(NCC1CCN(CCc2ccccc2)CC1)c1n[nH]c2ccc(-c3ccc(O)cc3)cc12,0.380634875,2.314704323,-8.7,-8,4.62,454.2368762
O=C1NC(=O)C(c2coc3ncccc23)=C1c1ccccc1,0.73552187,2.510002924,-8,-8.1,2.395,290.0691422
O=C1NC(=O)C(c2ccc(Cl)cc2)=C1Nc1cc(Cl)c(O)c(Cl)c1,0.555832498,2.415146091,-8.1,-7.9,3.832,381.9678752
COc1ccc(C(=O)Nc2c[nH]nc2C(=O)NC2CCC(OC)CC2)cc1,0.721843103,2.515196891,-8.5,-7.8,2.358,372.1797552
CC(C)NCCCn1cc(C2=C(c3ccccc3)C(=O)NC2=O)c2ccccc21,0.480986728,2.383738323,-8.7,-7.2,3.5966,387.194677
COCCN1CCC(CNC(=O)c2n[nH]c3ccc(-c4ccccc4)cc23)CC1,0.647153718,2.235827093,-8.8,-8.5,3.3181,392.2212261
Cn1cc(C2=C(c3ccccc3)C(=O)NC2=O)c2ccccc21,0.74005506,2.152761451,-8.5,-8.3,2.7455,302.1055277
COCCN1CCC(CNC(=O)c2n[nH]c3cc(-c4ccc(C(=O)O)cc4)ccc23)CC1,0.501074303,2.350444853,-8.7,-8.8,3.0163,436.2110554
COCCN1CCC(CNC(=O)c2n[nH]c3ccc(-c4ccc(Cl)cc4Cl)cc23)CC1,0.538721417,2.417884343,-9.1,-8.2,4.6249,460.1432814
O=C(NCC1CCN(Cc2ccccc2)CC1)c1n[nH]c2ccc(-c3ccc(Cl)cc3)cc12,0.399309681,2.208579348,-9.1,-8.6,5.5253,458.1873392
O=C(O)c1ccc(-c2n[nH]c3ccc(-c4ccc(Cl)cc4)cc23)cc1,0.531156919,1.935514698,-9.4,-8.8,5.2485,348.0665553
CSc1nc(-c2ccc(F)cc2)c(-c2ccnc(Nc3ccc(NC(=O)c4ccc(N5CCOCC5)cc4)cc3)c2)[nH]1,0.173197461,2.62945827,-10,-9.1,6.8322,580.2056734
c1ccc(-c2ccc(CSc3nnc(-c4ccc5c(c4)OCCO5)o3)cc2)cc1,0.412852211,2.143259086,-9.4,-8.4,5.4671,402.1038134
O=C1NC(=O)C(c2ccccc2)=C1Nc1cc(Cl)c(O)c(Cl)c1,0.587526714,2.35591934,-8.1,-8.2,3.1786,348.0068475
C[PH](=O)(=O)c1ccc(-c2coc3ccc(-c4ccc(C(=O)O)cc4)cc23)cc1,0.485012102,2.985730622,-9.6,-9.4,5.161,392.0813603
CSc1nn2nc(-c3ccc(F)cc3)c(-c3ccnc(Nc4ccccc4Cl)c3)c2n1C,0.320468096,2.838073281,-10.1,-9,6.0548,464.0986215
CCCC(=O)Nc1n[nH]c2cc(-c3ccc(Cl)cc3Cl)ccc12,0.674283825,2.202758945,-8.1,-7.9,5.2753,347.0592175
N#Cc1ccc(-c2ccc(CSc3nnc(-c4ccc5c(c4)OCCO5)o3)cc2)cc1,0.397746084,2.328630459,-9.4,-9.6,5.33878,427.0990624
c1ccc(-c2ccc(CSc3nnc(-c4ccc5c(c4)OCCO5)o3)cc2)cc1,0.412852211,2.143259086,-9.4,-9.2,5.4671,402.1038134
CNC(=O)c1sc(-c2ccnc(NC(=O)C3CC3)c2)nc1OCCCCCCCCCCCCOc1cccc(-c2ccnc(NC(=O)C3CC3)c2)n1,0.067818769,3.272852583,-7.8,-7.2,8.0775,739.3515887
N#Cc1ccc(-c2ccc(CSc3nnc(-c4ccc5c(c4)OCO5)o3)cc2)cc1,0.410876371,2.293696678,-9.4,-9.3,5.29628,413.0834123
COCCN1CCC(CNC(=O)c2n[nH]c3ccc(-c4ccc(Cl)cc4Cl)cc23)CC1,0.538721417,2.417884343,-8.9,-8.1,4.6249,460.1432814
O=C(NCC1CCN(CCc2ccccc2)CC1)c1c[nH]c2oc(-c3ccc(Cl)c(Cl)c3)cc12,0.310528925,2.660420253,-9.5,-8.3,6.4192,495.1480325
N#Cc1ccc(-c2ccc(CSc3nnc(-c4ccc5c(c4)OCCO5)o3)cc2)cc1,0.397746084,2.328630459,-9.4,-9.3,5.33878,427.0990624
COCCN1CCC(CNC(=O)c2n[nH]c3ccc(-c4ccc(Cl)cc4Cl)cc23)CC1,0.538721417,2.417884343,-9.2,-8.1,4.6249,460.1432814
O=C(Nc1cccc(-c2ccnc(Nc3ccc(-n4cnc(N5CCOCC5)n4)cc3)c2)c1)C1CC1,0.407111504,2.573106166,-10.3,-9,4.258,481.2226231
CSc1nn2nc(-c3ccc(F)cc3)c(-c3ccnc(Nc4ccc(Cl)cc4)c3)c2n1C,0.320468096,2.803745354,-9.9,-8.5,6.0548,464.0986215
COC1CCC(NC(=O)c2n[nH]cc2NC(=O)c2ccccc2Cl)CC1,0.746913727,2.57589477,-8.9,-8.1,3.0028,376.1302182
Cn1cc(C2=C(c3ccccc3)C(=O)NC2=O)c2ccccc21,0.74005506,2.152761451,-8.5,-8.3,2.7455,302.1055277
Cn1cc(C2=C(c3cn(CCCO)c4ccc(F)cc34)C(=O)NC2=O)c2cc(F)ccc21,0.472270437,2.728703281,-9.2,-8.4,3.3608,435.1394479
O=C1NC(=O)C(c2cn(CCCN3CCOCC3)c3ccccc23)=C1c1ccccc1,0.629090111,2.407668877,-9.2,-8.2,2.9308,415.1895917
N#Cc1ccc(-c2ccc(CSc3nnc(-c4ccc5c(c4)OCO5)o3)cc2)cc1,0.410876371,2.293696678,-9.5,-9.5,5.29628,413.0834123
COCCN1CCC(CNC(=O)c2n[nH]c3ccc(-c4ccc(O)cc4)cc23)CC1,0.559095199,2.352971645,-8.8,-8.6,3.0237,408.2161408
O=C(Nc1n[nH]c2nc(-c3ccc(Cl)c(Cl)c3)ccc12)C1CC1,0.742881467,2.343024743,-8.3,-7.8,4.2802,346.0388164
Cn1cc(C2=C(c3ccc(Cl)cc3)C(=O)NC2=O)c2ccccc21,0.72915021,2.217076243,-8.1,-8.4,3.3989,336.0665553
Cn1c(N2CCNC(c3ccc(F)cc3)C2)nc(-c2ccncc2)cc1=O,0.770469732,2.93868998,-9.5,-8.3,2.1323,365.1651885
O=C(Nc1n[nH]c2nc(-c3ccc(Cl)c(Cl)c3)ccc12)C1CC1,0.742881467,2.343024743,-8.5,-7.8,4.2802,346.0388164
COCCN1CCC(CNC(=O)c2n[nH]c3ccc(-c4ccc(Cl)cc4)cc23)CC1,0.599300035,2.296246977,-8.9,-8.1,3.9715,426.1822538
COCCN1CCC(CNC(=O)c2n[nH]c3ccc(-c4ccc(Cl)cc4Cl)cc23)CC1,0.538721417,2.417884343,-9.1,-8,4.6249,460.1432814
COCCN1CCC(CNC(=O)c2n[nH]c3ccc(-c4ccc(Cl)cc4Cl)cc23)CC1,0.538721417,2.417884343,-9.1,-8,4.6249,460.1432814
c1ccc(-c2ccc(CSc3nnc(-c4ccc5c(c4)OCCO5)o3)cc2)cc1,0.412852211,2.143259086,-9.4,-9,5.4671,402.1038134
N#Cc1ccc(-c2ccc(CSc3nnc(-c4ccc5c(c4)OCCO5)o3)cc2)cc1,0.397746084,2.328630459,-9.5,-9.6,5.33878,427.0990624
CN(C)CCNC(=O)c1ccc(CN=Nc2ncnc3c2cnn3-c2cccc(Cl)c2)cc1,0.398028705,2.833925418,-8.7,-8.2,4.0442,462.168335
O=C(NCc1ccccc1)c1ccnc2nc(-c3ccc(F)cc3)[nH]c12,0.591902958,2.091749328,-9.1,-8.4,3.694,346.1229893
COCCN1CCC(CNC(=O)c2n[nH]c3ccc(-c4ccc(Cl)cc4Cl)cc23)CC1,0.538721417,2.417884343,-8.9,-8.4,4.6249,460.1432814
CS(=O)(=O)Nc1ccc(C(=O)Nc2ccc(Nc3cc(-c4cccnc4)ccn3)cc2)cc1,0.374750842,2.166255134,-9.1,-9.3,4.511,459.1365105
CCCC(=O)Nc1n[nH]c2ncc(-c3ccc(Cl)cc3Cl)cc12,0.719004571,2.377350424,-8.3,-8.1,4.6703,348.0544664
COCCN1CCC(CNC(=O)c2n[nH]c3ccc(-c4ccccc4)cc23)CC1,0.647153718,2.235827093,-8.8,-8.6,3.3181,392.2212261
N#Cc1ccc(-c2ccc(CSc3nnc(-c4ccc5c(c4)OCCO5)o3)cc2)cc1,0.397746084,2.328630459,-9.4,-9.5,5.33878,427.0990624
O=C(Nc1cc(-c2ccccc2)ccn1)C1CCCC1,0.915697433,1.757717099,-8.1,-8.1,3.8773,266.1419132
c1ccc(-c2ccc(CSc3nnc(-c4ccc5c(c4)OCCO5)o3)cc2)cc1,0.412852211,2.143259086,-9.5,-8.4,5.4671,402.1038134
O=C(Nc1n[nH]c2nc(-c3ccc(Cl)c(Cl)c3)ccc12)C1CC1,0.742881467,2.343024743,-8.3,-7.9,4.2802,346.0388164
c1ccc(-c2ccc(CSc3nnc(-c4ccc5c(c4)OCCO5)o3)cc2)cc1,0.412852211,2.143259086,-9.4,-9,5.4671,402.1038134
Cn1cc(C2=C(c3ccccc3)C(=O)NC2=O)c2ccccc21,0.74005506,2.152761451,-8.5,-8.3,2.7455,302.1055277
O=C1NC(=O)C(c2cn(CCCN3CCOCC3)c3ccccc23)=C1c1ccccc1,0.629090111,2.407668877,-9.3,-7.7,2.9308,415.1895917
CCCC(=O)Nc1n[nH]c2ccc(-c3ccccc3)cc12,0.758874824,1.967183343,-8.3,-7.8,3.9685,279.1371622
O=C(Nc1n[nH]c2nc(-c3ccc(Cl)cc3Cl)ccc12)C1CC1,0.742881467,2.362993027,-8.5,-8,4.2802,346.0388164
O=C1NC(=O)C(c2cn(CCCN3CCOCC3)c3ccccc23)=C1c1ccccc1,0.629090111,2.407668877,-9.2,-8.2,2.9308,415.1895917
c1ccc(-c2ccc(CSc3nnc(-c4ccc5c(c4)OCCO5)o3)cc2)cc1,0.412852211,2.143259086,-9.4,-9.1,5.4671,402.1038134
N#Cc1ccc(-c2ccc(CSc3nnc(-c4ccc5c(c4)OCCO5)o3)cc2)cc1,0.397746084,2.328630459,-9.5,-9.2,5.33878,427.0990624
O=C(O)c1ccc(CN2CCC(CNC(=O)c3n[nH]c4ccc(-c5ccc(Cl)cc5Cl)cc34)CC2)o1,0.294044629,2.623467042,-9.6,-9.8,5.4699,526.1174606
N#Cc1ccc(-c2ccc(CSc3nnc(-c4ccc5c(c4)OCCO5)o3)cc2)cc1,0.397746084,2.328630459,-9.4,-9.1,5.33878,427.0990624
Cn1cc(C2=C(c3cn(CCCO)c4ccc(Br)cc34)C(=O)NC2=O)c2ccccc21,0.4283083,2.663684123,-9.1,-8.2,3.8451,477.0688036
N#Cc1ccc(-c2ccc(CSc3nnc(-c4ccc5c(c4)OCCO5)o3)cc2)cc1,0.397746084,2.328630459,-9.4,-9,5.33878,427.0990624
COCCN1CCC(CNC(=O)c2cc(-n3ncc4cc(Nc5ccccc5Cl)c(F)cc43)cs2)CC1,0.283827177,2.841510676,-9.3,-9.1,5.7113,541.1714521
COCCN1CCC(CNC(=O)c2n[nH]c3ncc(-c4ccc(C)cc4)cc23)CC1,0.629066163,2.448530797,-8.8,-8.2,3.02152,407.2321252
c1ccc(-c2ccc(CSc3nnc(-c4ccc5c(c4)OCCO5)o3)cc2)cc1,0.412852211,2.143259086,-9.3,-9,5.4671,402.1038134
COc1ccc2[nH]nc(C(=O)NCC3CCN(Cc4ccc(C(=O)O)o4)CC3)c2c1,0.545137194,2.458462942,-8.6,-8.4,2.5047,412.1746699
COCCN1CCC(CNC(=O)c2n[nH]c3ccc(-c4ccc(O)cc4)cc23)CC1,0.559095199,2.352971645,-8.7,-8.2,3.0237,408.2161408
N#Cc1ccc(-c2ccc(CSc3nnc(-c4ccc5c(c4)OCO5)o3)cc2)cc1,0.410876371,2.293696678,-9.5,-9.6,5.29628,413.0834123
c1ccc(-c2ccc(CSc3nnc(-c4ccc5c(c4)OCO5)o3)cc2)cc1,0.425315534,2.104144358,-9.4,-8.9,5.4246,388.0881634
CCCC(=O)Nc1n[nH]c2cc(-c3ccc(Cl)cc3Cl)ccc12,0.674283825,2.202758945,-8.2,-7.8,5.2753,347.0592175
Cn1cc(C2=C(c3cn(CCCO)c4ccc(Br)cc34)C(=O)NC2=O)c2ccccc21,0.4283083,2.663684123,-9.1,-8.2,3.8451,477.0688036
Cn1cc(C2=C(c3ccccc3)C(=O)NC2=O)c2ccccc21,0.74005506,2.152761451,-8.5,-8.3,2.7455,302.1055277
O=C(O)CN1CCC(CNC(=O)c2n[nH]c3oc(-c4ccc(C(F)(F)F)cc4)cc23)CC1,0.531116201,2.817203281,-9.4,-8.9,3.3681,450.1514898
O=C(O)c1ccc(-c2nnc(SCc3ccc(-c4ccccc4)cc3)o2)cc1,0.446120005,1.941338877,-9.4,-8.4,5.3941,388.0881634
O=C(Nc1n[nH]c2ncc(-c3ccc(Cl)cc3)cc12)C1CC1,0.775545072,2.219756324,-8.6,-7.9,3.6268,312.0777887
O=C1NC(=O)C(c2ccc(Cl)cc2)=C1Nc1cc(Cl)c(O)c(Cl)c1,0.555832498,2.415146091,-8.1,-8,3.832,381.9678752
COCCN1CCC(CNC(=O)c2n[nH]c3ccc(-c4ccc(Cl)cc4Cl)cc23)CC1,0.538721417,2.417884343,-9.1,-8.1,4.6249,460.1432814
CN1CCN(CCCNC(=O)c2ccc(Nc3nccc(-c4cnn5ncccc45)n3)cc2)CC1,0.377500869,2.628074332,-9.3,-9,2.2972,471.2495065
O=C(Nc1n[nH]c2nc(-c3ccc(Cl)cc3Cl)ccc12)C1CC1,0.742881467,2.362993027,-8.5,-8,4.2802,346.0388164
COCCN1CCC(CNC(=O)c2n[nH]c3ccc(-c4ccc(C)o4)cc23)CC1,0.640684252,2.470294042,-8.6,-8.1,3.21952,396.2161408
COCCN1CCC(CNC(=O)c2n[nH]c3ccc(-c4ccc(Cl)cc4Cl)cc23)CC1,0.538721417,2.417884343,-9,-8.2,4.6249,460.1432814
CS(=O)c1ccc(-c2coc3ccc(-c4ccc(C(N)=O)cc4)cc23)cc1,0.566283202,2.744829233,-9.8,-9,4.6031,375.0929144
COCCN1CCC(CNC(=O)c2n[nH]c3ccc(-c4ccc(Cl)cc4Cl)cc23)CC1,0.538721417,2.417884343,-9.1,-8.2,4.6249,460.1432814
CN(C)C(=O)c1ccc(Nc2cc(Nc3c(Cl)cccc3C(=O)NC3CCOCC3)c(C(F)(F)F)cn2)cc1,0.334791301,2.749427171,-9.6,-8.9,5.8516,561.1754521
N#Cc1ccc(-c2ccc(CSc3nnc(-c4ccc5c(c4)OCO5)o3)cc2)cc1,0.410876371,2.293696678,-8.8,-8.9,5.29628,413.0834123
Cc1nc(-c2ccc(F)cc2)c(-c2ccnc(NC(=O)C3CC3)c2)[nH]1,0.758070095,2.315199882,-9,-7.6,3.93472,336.1386394
N=C1NC(=O)C(=Cc2ccc(C(=O)Nc3ccc(S(N)(=O)=O)cc3)cc2)S1,0.576133124,2.465421346,-8.1,-7.6,1.72497,402.0456469
Cn1cc(C2=C(c3ccccc3)C(=O)NC2=O)c2ccccc21,0.74005506,2.152761451,-8.5,-8.3,2.7455,302.1055277
COCCN1CCC(CNC(=O)c2n[nH]c3ccc(-c4ccccc4)cc23)CC1,0.647153718,2.235827093,-8.8,-8.5,3.3181,392.2212261
Cc1ccc(-c2ccc(CSc3nnc(-c4ccc5c(c4)OCO5)o3)cc2)cc1,0.397254181,2.155662238,-9.5,-9.2,5.73302,402.1038134
c1ccc(-c2ccc(CSc3nnc(-c4ccc5c(c4)OCCO5)o3)cc2)cc1,0.412852211,2.143259086,-9.4,-9.2,5.4671,402.1038134
N#Cc1ccc(-c2ccc(CSc3nnc(-c4ccc5c(c4)OCCO5)o3)cc2)cc1,0.397746084,2.328630459,-9.4,-9.5,5.33878,427.0990624
c1ccc(-c2ccc(CSc3nnc(-c4ccc5c(c4)OCCO5)o3)cc2)cc1,0.412852211,2.143259086,-9.4,-9.2,5.4671,402.1038134
COCCN1CCC(CNC(=O)c2n[nH]c3ccc(-c4ccc(Cl)cc4)cc23)CC1,0.599300035,2.296246977,-8.8,-8,3.9715,426.1822538
COCCN1CCC(CNC(=O)c2n[nH]c3ccc(-c4ccc(Cl)cc4Cl)cc23)CC1,0.538721417,2.417884343,-8.9,-8.4,4.6249,460.1432814
Cn1cc(C2=C(c3ccc(Cl)cc3)C(=O)NC2=O)c2ccccc21,0.72915021,2.217076243,-8.1,-8.4,3.3989,336.0665553
c1cc(-c2ccc(N3CCOCC3)cc2)nc(Nc2ccc(N3CCOCC3)cc2)n1,0.681002282,2.215250106,-8.9,-8.4,3.5604,417.2164751
Cc1nc(-c2ccc(F)cc2)c(-c2ccnc(NC(=O)C3CC3)c2)[nH]1,0.758070095,2.315199882,-9,-7.9,3.93472,336.1386394
COCCN1CCC(CNC(=O)c2n[nH]c3ccc(-c4ccccc4)cc23)CC1,0.647153718,2.235827093,-8.8,-8.5,3.3181,392.2212261
CC(C)n1c(=O)ccc2cnc(NC(=O)C3CCCC3)nc21,0.944479896,2.409626335,-8,-7.5,2.5011,300.1586259
c1ccc(-c2ccc(CSc3nnc(-c4ccc5c(c4)OCCO5)o3)cc2)cc1,0.412852211,2.143259086,-9.4,-9,5.4671,402.1038134
Cc1ccc(NC(=O)c2cccc(NC3=C(c4ccc(Cl)cc4)C(=O)NC3=O)c2)cc1,0.523012069,2.167326256,-9.8,-8.6,4.38032,431.1036691
COCCN1CCC(CNC(=O)c2n[nH]c3ccc(-c4ccc(O)cc4)cc23)CC1,0.559095199,2.352971645,-8.6,-8.7,3.0237,408.2161408
CN1CCN(CCNC(=O)c2ccc(Nc3nccc(-c4cnn5ncccc45)n3)cc2)CC1,0.433839735,2.613230169,-9.2,-8.5,1.9071,457.2338565
O=C1NC(=O)C(c2cn(CCCN3CCOCC3)c3ccccc23)=C1c1ccccc1,0.629090111,2.407668877,-9.2,-7.6,2.9308,415.1895917
c1ccc(-c2ncn(-c3ccc(Nc4nccc(-c5cnn6ncccc56)n4)cc3)n2)cc1,0.437162669,2.685617269,-10.4,-9.8,4.1776,431.1606915
NC(=O)c1ccc(-c2ccnc(Nc3ccccc3Cl)c2)cc1,0.754039018,1.877911102,-8.4,-8.2,4.2445,323.0825397
O=C(O)CN1CCC(CNC(=O)c2n[nH]c3ccc(-c4ccc(O)cc4)cc23)CC1,0.497577706,2.35659389,-9.2,-8.5,2.4619,408.1797552
CCCC(=O)Nc1n[nH]c2cc(-c3ccc(C)o3)ccc12,0.763154875,2.307237467,-7.9,-7.3,3.86992,283.1320768
Cn1cc(C2=C(c3ccccc3)C(=O)NC2=O)c2ccccc21,0.74005506,2.152761451,-8.5,-8.3,2.7455,302.1055277
c1ccc(-c2ccc(CSc3nnc(-c4ccc5c(c4)OCCO5)o3)cc2)cc1,0.412852211,2.143259086,-9.4,-9,5.4671,402.1038134
COc1ccc(C2=C(c3cn(CCCN4CCOCC4)c4ccccc34)C(=O)NC2=O)cc1,0.566432675,2.459581911,-9.1,-7.4,2.9394,445.2001563
CCCC(=O)Nc1n[nH]c2cc(-c3ccc(Cl)cc3Cl)ccc12,0.674283825,2.202758945,-8.1,-7.9,5.2753,347.0592175
c1ccc(-c2ccc(CSc3nnc(-c4ccc5c(c4)OCO5)o3)cc2)cc1,0.425315534,2.104144358,-9.4,-8.9,5.4246,388.0881634
CSc1nc(-c2ccc(F)cc2)c(-c2ccnc(Nc3ccc(NC(=O)c4ccccc4)cc3)c2)[nH]1,0.211911101,2.37343623,-9.7,-8.9,6.9956,495.1529095
Cn1cc(C2=C(c3ccccc3)C(=O)NC2=O)c2ccccc21,0.74005506,2.152761451,-8.5,-8.2,2.7455,302.1055277
N#Cc1ccc(-c2ccc(CSc3nnc(-c4ccc5c(c4)OCCO5)o3)cc2)cc1,0.397746084,2.328630459,-9.4,-9.4,5.33878,427.0990624
Cc1nc(C)n(-c2ccc(Nc3nccc(-c4ccc(N5CCOCC5)cc4)n3)cc2)n1,0.516923398,2.399516243,-9.3,-8.6,3.92134,427.2120584
O=C(NCCCN1CCOCC1)c1cnc(-c2ccnc(NC(=O)C3CC3)c2)cc1NC(=O)C1CC1,0.434647513,2.560249268,-9.4,-8.2,2.2927,492.2485035
CN(C)CCNC(=O)c1ccc(-c2ccc3[nH]nc(-c4ccc(C(=O)O)cc4)c3c2)cc1,0.41488853,2.188981184,-9.1,-9,3.8865,428.1848406
Cn1nc(-c2ccnc(Nc3ccc(N4CCOCC4)cc3)c2)c(-c2ccc(F)cc2)c1-c1ccc(F)cc1,0.269301975,2.552437987,-10.2,-9.8,6.6745,523.2183669
c1cnn2ncc(-c3ccnc(Nc4ccc(-n5cnc(N6CCOCC6)n5)cc4)n3)c2c1,0.440078572,2.898664822,-9.9,-9.2,2.3472,440.1821553
COCCN1CCC(CNC(=O)c2ccnc3[nH]c(-c4ccc(F)cc4)cc23)CC1,0.625926257,2.410227879,-8.4,-8,3.4572,410.2118043
O=C1NC(=O)C(c2ccccc2)=C1Nc1cccc(C(=O)O)c1,0.749380567,2.107175749,-8.5,-8.4,1.8644,308.0797069
O=C(NCC1CCN(CCc2ccccc2)CC1)c1c[nH]c2oc(-c3ccc(Cl)c(Cl)c3)cc12,0.310528925,2.660420253,-9.3,-8.4,6.4192,495.1480325
COCCN1CCC(CNC(=O)c2n[nH]c3ccc(-c4ccc(Cl)cc4Cl)cc23)CC1,0.538721417,2.417884343,-9.1,-8.7,4.6249,460.1432814
c1cc(-c2ccnc(Nc3ccc(-n4cnc(N5CCOCC5)n4)cc3)c2)ccn1,0.551364256,2.525189417,-9.6,-8.4,3.3045,399.1807583
Cc1nc(-c2ccc(F)cc2)c(-c2ccnc(NC(=O)C3CC3)c2)[nH]1,0.758070095,2.315199882,-9,-8.2,3.93472,336.1386394
Cn1cc(C2=C(c3cn(CCCO)c4ccccc34)C(=O)NC2=O)c2cc(Cl)ccc21,0.470659104,2.62527206,-9.2,-8.3,3.736,433.1193192
c1ccc(-c2ccc(CSc3nnc(-c4ccc5c(c4)OCCO5)o3)cc2)cc1,0.412852211,2.143259086,-9.4,-8.5,5.4671,402.1038134
COCCN1CCC(CNC(=O)c2cccc(-n3ncc4cc(Nc5ccccc5Cl)ccc43)c2)CC1,0.30611506,2.454645663,-9.4,-9,5.5107,517.2244529
O=C1NC(=O)C(c2cn(CCCO)c3ccc(F)cc23)=C1c1cn(CCCO)c2ccccc12,0.351565611,2.743622012,-8.7,-8,3.0671,461.1750845
CCCC(=O)Nc1n[nH]c2ccc(-c3ccccc3)cc12,0.758874824,1.967183343,-8.2,-7.8,3.9685,279.1371622
c1ccc(-c2ccc(CSc3nnc(-c4ccc5c(c4)OCCO5)o3)cc2)cc1,0.412852211,2.143259086,-9.4,-9.1,5.4671,402.1038134
c1ccc(-c2ccc(CSc3nnc(-c4ccc5c(c4)OCCO5)o3)cc2)cc1,0.412852211,2.143259086,-9.4,-9.1,5.4671,402.1038134
NC(=O)c1ccc(-c2cc(Nc3ccc(Cl)c(Cl)c3)ccn2)cc1,0.697190077,1.974888686,-8.7,-8.1,4.8979,357.0435674
CSc1nc(-c2ccc(Cl)cc2)c(-c2ccnc(NC(=O)C3CC3)c2)[nH]1,0.615884038,2.391606205,-9,-7.7,4.8625,384.0811598
O=C(O)c1ccc(-c2ccc3c(NC(=O)C4CC4)n[nH]c3c2)cc1,0.686982919,2.088946379,-8.5,-8.5,3.2766,321.1113413
N#Cc1ccc(-c2ccc(CSc3nnc(-c4ccc5c(c4)OCCO5)o3)cc2)cc1,0.397746084,2.328630459,-9.4,-9.5,5.33878,427.0990624
O=C(O)CN1CCC(CNC(=O)c2n[nH]c3cc(-c4ccc(Cl)cc4)ccc23)CC1,0.560697031,2.303419829,-9.2,-8.4,3.4097,426.1458683
COCCN1CCC(CNC(=O)c2n[nH]c3ccc(-c4ccc(Cl)cc4Cl)cc23)CC1,0.538721417,2.417884343,-9.2,-8.2,4.6249,460.1432814
N#Cc1ccc(-c2ccc(CSc3nnc(-c4ccc5c(c4)OCCO5)o3)cc2)cc1,0.397746084,2.328630459,-9.4,-8.2,5.33878,427.0990624
c1ccc(-c2ccc(CSc3nnc(-c4ccc5c(c4)OCCO5)o3)cc2)cc1,0.412852211,2.143259086,-9.4,-9,5.4671,402.1038134
c1ccc(-c2ccc(CSc3nnc(-c4ccc5c(c4)OCCO5)o3)cc2)cc1,0.412852211,2.143259086,-9.4,-9.2,5.4671,402.1038134
CCCC(=O)Nc1n[nH]c2ncc(-c3ccc(C)o3)cc12,0.769783001,2.513792082,-7.8,-7.3,3.26492,284.1273258
c1ccc(-c2ccc(CSc3nnc(-c4ccc5c(c4)OCCO5)o3)cc2)cc1,0.412852211,2.143259086,-9.4,-9,5.4671,402.1038134
NS(=O)(=O)c1ccc(NC2=C(c3cccc(Cl)c3)C(=O)NC2=O)cc1,0.697001522,2.302657256,-8.3,-8.1,1.467,377.0237045
O=C1NC(=O)C(c2cn(CCCN3CCOCC3)c3ccccc23)=C1c1cn(CCCN2CCOCC2)c2ccccc12,0.288494664,2.891248962,-9.4,-8.1,3.6078,581.3002047
Cc1ccc(-c2ccc3[nH]nc(NC(=O)C4CC4)c3c2)o1,0.771720054,2.291397467,-8.4,-8,3.47982,281.1164267
Cc1ccc(-c2ccc3occ(-c4ccc(S(C)=O)cc4)c3c2)o1,0.502529076,2.897323835,-9.1,-8.5,5.40562,336.0820154
N#Cc1ccc(-c2ccc(CSc3nnc(-c4ccc5c(c4)OCCO5)o3)cc2)cc1,0.397746084,2.328630459,-9.5,-9.6,5.33878,427.0990624
COCCN1CCC(CNC(=O)c2n[nH]c3ccc(-c4ccc(Cl)cc4Cl)cc23)CC1,0.538721417,2.417884343,-9.1,-8,4.6249,460.1432814
c1ccc(-c2ccc(CSc3nnc(-c4ccc5c(c4)OCCO5)o3)cc2)cc1,0.412852211,2.143259086,-9.3,-9,5.4671,402.1038134
COCCN1CCC(CNC(=O)c2n[nH]c3ccc(-c4ccc(Cl)cc4Cl)cc23)CC1,0.538721417,2.417884343,-9.2,-8.2,4.6249,460.1432814
N#Cc1ccc(-c2ccc(CSc3nnc(-c4ccc(C(=O)O)cc4)o3)cc2)cc1,0.430013688,2.143200823,-9.5,-9,5.26578,413.0834123
c1ccc(-c2ccc(CSc3nnc(-c4ccc5c(c4)OCCO5)o3)cc2)cc1,0.412852211,2.143259086,-9.4,-9.1,5.4671,402.1038134
COCCN1CCC(CNC(=O)c2n[nH]c3ccc(-c4ccc(Cl)cc4)cc23)CC1,0.599300035,2.296246977,-8.9,-8.1,3.9715,426.1822538
N=C1NC(=O)C(=Cc2ccc(-c3ccc(S(N)(=O)=O)cc3)o2)S1,0.727500958,2.751821985,-8.3,-7.8,1.73267,349.0190978
Cn1cc(C2=C(c3cn(C)c4ccccc34)C(=O)NC2=O)c2ccccc21,0.561396223,2.41960808,-9,-8.3,3.2372,355.1320768
Clc1ccc(Nc2nccc(-c3cnn4ncccc34)n2)cc1,0.62407752,2.412541583,-8.6,-7.7,3.5833,322.073372
O=C(O)c1ccc(-c2ccc3c(NC(=O)C4CCCC4)n[nH]c3c2)cc1,0.661838175,2.130846105,-8.8,-8.9,4.0568,349.1426415
O=C(O)c1ccc(-c2ccc3c(NC(=O)C4CC4)n[nH]c3c2)cc1,0.686982919,2.088946379,-8.5,-8.4,3.2766,321.1113413
COc1ccc2[nH]nc(C(=O)NCC3CCN(Cc4ccc(C(=O)O)o4)CC3)c2c1,0.545137194,2.458462942,-9.1,-8.2,2.5047,412.1746699
Cn1c(N2CCNC(c3ccc(C#N)cc3)C2)nc(-c2ccccc2)cc1=O,0.765612111,2.889621727,-9.5,-9,2.46988,371.1746103
c1cc(-c2ccnc(Nc3ccc(-n4cnc(N5CCOCC5)n4)cc3)c2)ccn1,0.551364256,2.525189417,-9.5,-8.7,3.3045,399.1807583
O=C(NCC1CCN(CCc2ccccc2)CC1)c1n[nH]c2cnc(-c3ccc(Cl)cc3Cl)cc12,0.340179428,2.513700488,-8.6,-9.9,5.6162,507.1592658
Cn1cc(C2=C(c3ccc(Cl)cc3)C(=O)NC2=O)c2ccccc21,0.72915021,2.217076243,-8.1,-8.5,3.3989,336.0665553
N#Cc1ccc(-c2ccc(CSc3nnc(-c4ccc5c(c4)OCO5)o3)cc2)cc1,0.410876371,2.293696678,-9.2,-9.5,5.29628,413.0834123
Cn1cc(C2=C(c3ccccc3)C(=O)NC2=O)c2ccccc21,0.74005506,2.152761451,-8.5,-8.3,2.7455,302.1055277
O=C1NC(=O)C(c2coc3ccccc23)=C1c1ccc(Cl)cc1,0.732214774,2.27025236,-8.1,-8.2,3.6534,323.0349209
COCCN1CCC(CNC(=O)c2n[nH]c3ccc(-c4ccc(Cl)cc4Cl)cc23)CC1,0.538721417,2.417884343,-9.1,-8.1,4.6249,460.1432814
FC(F)(F)c1ccc(-c2ccc(CSc3nnc(-c4ccc5c(c4)OCCO5)o3)cc2)cc1,0.311066304,2.355408353,-9.4,-9.9,6.4859,470.0911981
Cc1nc(-c2ccc(F)cc2)c(-c2ccnc(NC(=O)C3CC3)c2)[nH]1,0.758070095,2.315199882,-9.1,-8.2,3.93472,336.1386394
N=C1NC(=O)C(=Cc2ccc(-c3ccc(S(N)(=O)=O)cc3)o2)S1,0.727500958,2.751821985,-8.4,-7.8,1.73267,349.0190978
c1ccc(-c2ccc(CSc3nnc(-c4ccc5c(c4)OCCO5)o3)cc2)cc1,0.412852211,2.143259086,-9.4,-9.1,5.4671,402.1038134
COCCN1CCC(CNC(=O)c2n[nH]c3ccc(-c4ccc(Cl)cc4Cl)cc23)CC1,0.538721417,2.417884343,-9.1,-8.2,4.6249,460.1432814
c1ccc(-c2ccc(CSc3nnc(-c4ccc5c(c4)OCCO5)o3)cc2)cc1,0.412852211,2.143259086,-9.4,-8.5,5.4671,402.1038134
COCCN1CCC(CNC(=O)c2ccnc3[nH]c(-c4ccc(F)cc4)cc23)CC1,0.625926257,2.410227879,-8.4,-7.9,3.4572,410.2118043
CS(=O)(=O)Nc1ccc(CCNC(=O)c2ccnc3nc(-c4ccc(F)cc4)[nH]c23)cc1,0.39756007,2.379254726,-9.5,-8.6,3.108,453.1270887
N#Cc1ccc(-c2ccc(CSc3nnc(-c4ccc5c(c4)OCCO5)o3)cc2)cc1,0.397746084,2.328630459,-9.4,-9.6,5.33878,427.0990624
c1ccc(-c2ccc(CSc3nnc(-c4ccc5c(c4)OCCO5)o3)cc2)cc1,0.412852211,2.143259086,-9.4,-9.1,5.4671,402.1038134
COCCN1CCC(CNC(=O)c2n[nH]c3ccc(-c4ccc(Cl)cc4)cc23)CC1,0.599300035,2.296246977,-9,-7.7,3.9715,426.1822538
c1cc(-c2ccc(N3CCOCC3)cc2)ccc1CSc1nnc(-c2ccc3c(c2)OCCO3)o1,0.33935022,2.408898678,-9.8,-10.6,5.3037,487.1565773
Cn1cc(C2=C(c3ccccc3)C(=O)NC2=O)c2cccc(F)c21,0.738264262,2.393335745,-8.5,-8.5,2.8846,320.0961059
O=C(Nc1n[nH]c2ncc(-c3ccc(Cl)cc3Cl)cc12)C1CC1,0.742881467,2.374127465,-8.8,-8.3,4.2802,346.0388164
N#Cc1ccc(-c2ccc(CSc3nnc(-c4ccc5c(c4)OCCO5)o3)cc2)cc1,0.397746084,2.328630459,-9.5,-8.2,5.33878,427.0990624
COCCN1CCC(CNC(=O)c2n[nH]c3ccc(-c4ccc(Cl)cc4Cl)cc23)CC1,0.538721417,2.417884343,-9.1,-7.9,4.6249,460.1432814
N=C1NC(=O)C(=Cc2ccc(-c3ccc(S(N)(=O)=O)cc3)o2)S1,0.727500958,2.751821985,-8.3,-7.8,1.73267,349.0190978
CS(=O)c1ccc(-c2coc3ccc(-c4ccco4)cc23)cc1,0.527007959,2.883877746,-8.9,-8.4,5.0972,322.0663653
NC(=O)c1ccc(-c2ccnc(Nc3ccc(N4CCOCC4)cc3)n2)cc1,0.712252682,2.084344318,-8.8,-8.7,2.8227,375.1695249
COCCN1CCC(CNC(=O)c2n[nH]c3ccc(-c4ccc(Cl)cc4Cl)cc23)CC1,0.538721417,2.417884343,-9.1,-8,4.6249,460.1432814
c1ccc(-c2ccc(CSc3nnc(-c4ccc5c(c4)OCCO5)o3)cc2)cc1,0.412852211,2.143259086,-9.4,-9.1,5.4671,402.1038134
Cn1cc(C2=C(c3cn(CCCN4CCOCC4)c4ccccc34)C(=O)NC2=O)c2cc(C(F)(F)F)ccc21,0.370268693,2.851891822,-9.8,-9.5,4.4413,536.2035254
O=C(Nc1cc(-c2ccnc(NC(=O)C3CC3)c2)ccn1)C1CC1,0.886331622,2.175851356,-8.3,-7.6,2.8406,322.1429758
COCCN1CCC(CNC(=O)c2n[nH]c3ccc(-c4ccc(Cl)cc4Cl)cc23)CC1,0.538721417,2.417884343,-9.2,-8.1,4.6249,460.1432814
COCCN1CCC(CNC(=O)c2n[nH]c3ccc(-c4ccc(Cl)cc4)cc23)CC1,0.599300035,2.296246977,-8.9,-8.1,3.9715,426.1822538
CNC(=O)c1sc(-c2ccnc(NC(=O)C3CC3)c2)nc1OCC1CC1,0.779405599,2.643919268,-7.8,-6.9,2.702,372.1256115
Cn1cc(C2=C(c3ccc(Cl)cc3)C(=O)NC2=O)c2ccccc21,0.72915021,2.217076243,-8.1,-8.4,3.3989,336.0665553
O=C1NC(=O)C(c2cn(CCCN3CCOCC3)c3ccccc23)=C1c1ccccc1,0.629090111,2.407668877,-9.2,-7.6,2.9308,415.1895917
CS(=O)(=O)Nc1ccc(-c2ccnc(NC3CCCCC3)n2)cc1,0.867968632,2.112498356,-8.2,-8,3.2597,346.1463469
Cc1ccc(NC(=O)c2cccc(-c3ccnc(NC(=O)C4CC4)c3)c2)cn1,0.707527035,2.099467737,-9.3,-8.3,4.05282,372.1586259
O=C(O)c1ccc(-c2ccc3c(NC(=O)C4CC4)n[nH]c3c2)cc1,0.686982919,2.088946379,-8.4,-8.4,3.2766,321.1113413
O=C(Nc1cc(-c2ccccc2)ccn1)C1CCCC1,0.915697433,1.757717099,-8.1,-8,3.8773,266.1419132
CC1CC(c2ccccc2Cl)CN1c1nc(-c2ccncn2)cc(=O)n1C,0.696276656,3.437354992,-9.1,-8.3,3.2731,381.1356379
O=C(Nc1n[nH]c2ncc(-c3ccccc3)cc12)C1CC1,0.773390379,2.155164175,-8.5,-8,2.9734,278.1167611
N=C1NC(=O)C(=Cc2ccc(-c3ccc(S(N)(=O)=O)cc3)o2)S1,0.727500958,2.751821985,-8.3,-7.8,1.73267,349.0190978
O=C1NC(=O)C(c2ccccc2)=C1Nc1cc(Cl)c(O)c(Cl)c1,0.587526714,2.35591934,-8.1,-8.2,3.1786,348.0068475
c1ccc(-c2ccc(CSc3nnc(-c4ccc5c(c4)OCO5)o3)cc2)cc1,0.425315534,2.104144358,-9.4,-8.9,5.4246,388.0881634
c1cc(-c2ccc(N3CCOCC3)cc2)ccc1CSc1nnc(-c2ccc3c(c2)OCO3)o1,0.351341383,2.372265255,-9.9,-10.3,5.2612,473.1409272
Cn1cc(C2=C(c3ccc(Cl)c(Cl)c3)C(=O)NC2=O)c2ccccc21,0.691294786,2.335338709,-8.9,-8.6,4.0523,370.027583
O=C(NCC1CCN(CCc2ccccc2)CC1)c1n[nH]c2ccc(-c3ccc(Cl)cc3Cl)cc12,0.312270822,2.379356144,-9.1,-9.7,6.2212,506.1640169
Cn1cc(C2=C(c3ccc(Cl)cc3)C(=O)NC2=O)c2ccccc21,0.72915021,2.217076243,-8.1,-8.5,3.3989,336.0665553
O=C1NC(=O)C(c2ccccc2)=C1Nc1cc(Cl)c(O)c(Cl)c1,0.587526714,2.35591934,-7.8,-8.2,3.1786,348.0068475
N#Cc1ccc(-c2ccc(CSc3nnc(-c4ccc5c(c4)OCCO5)o3)cc2)cc1,0.397746084,2.328630459,-9.4,-9.6,5.33878,427.0990624
COCCN1CCC(CNC(=O)c2n[nH]c3ccc(-c4ccc(Cl)cc4)cc23)CC1,0.599300035,2.296246977,-8.9,-8.1,3.9715,426.1822538
COCCN1CCC(CNC(=O)c2ccnc3[nH]c(-c4ccc(F)cc4)cc23)CC1,0.625926257,2.410227879,-8.4,-7.9,3.4572,410.2118043
O=C(Nc1cc(-c2ccnc(NC(=O)C3CC3)n2)ccn1)C1CC1,0.879267182,2.253145474,-8.4,-7.5,2.2356,323.1382248
COCCN1CCC(CNC(=O)c2n[nH]c3ccc(-c4ccc(Cl)cc4Cl)cc23)CC1,0.538721417,2.417884343,-8.9,-8.2,4.6249,460.1432814
c1cnn2ncc(-c3ccnc(Nc4ccc(-n5cnc(N6CCOCC6)n5)cc4)n3)c2c1,0.440078572,2.898664822,-9.9,-9.3,2.3472,440.1821553
O=C(NCCc1ccccc1)c1ccnc2[nH]c(-c3ccc(F)cc3)nc12,0.56956738,2.128513693,-9.2,-8,3.7365,360.1386394
c1cc(-c2ccc(N3CCOCC3)cc2)ccc1CSc1nnc(-c2ccc3c(c2)OCCO3)o1,0.33935022,2.408898678,-9.8,-10.7,5.3037,487.1565773
N#Cc1ccc(-c2ccc(CSc3nnc(-c4ccc5c(c4)OCCO5)o3)cc2)cc1,0.397746084,2.328630459,-9.4,-9.5,5.33878,427.0990624
CS(=O)(=O)Nc1ccc(CCNC(=O)c2ccc(O)c3oc(-c4ccc(C(=O)O)cc4)cc23)cc1,0.290980102,2.415790201,-9.3,-8.7,3.8476,494.114772
c1ccc(-c2ccc(CSc3nnc(-c4ccc5c(c4)OCO5)o3)cc2)cc1,0.425315534,2.104144358,-9.4,-8.9,5.4246,388.0881634
c1ccc(-c2ccc(CSc3nnc(-c4ccc5c(c4)OCCO5)o3)cc2)cc1,0.412852211,2.143259086,-9.4,-9,5.4671,402.1038134
N#Cc1ccc(-c2ccc(CSc3nnc(-c4ccc5c(c4)OCCO5)o3)cc2)cc1,0.397746084,2.328630459,-9.4,-9.6,5.33878,427.0990624
O=C1NC(=O)C(c2cn(CCCN3CCOCC3)c3ccccc23)=C1c1ccccc1,0.629090111,2.407668877,-9.2,-7.6,2.9308,415.1895917
O=C(Nc1n[nH]c2ncc(-c3ccc(Cl)cc3)cc12)C1CC1,0.775545072,2.219756324,-8.8,-8.2,3.6268,312.0777887
Cn1cc(C2=C(c3ccccc3)C(=O)NC2=O)c2ccccc21,0.74005506,2.152761451,-8.5,-8.3,2.7455,302.1055277
CSc1nc(-c2ccc(F)cc2)c(-c2ccnc(NC(=O)C3CC3)c2)[nH]1,0.657070904,2.39643739,-9,-7.7,4.3482,368.1107104
O=C1NC(=O)C(c2ccc(Cl)c(Cl)c2)=C1Nc1ccc(O)c(Cl)c1,0.555832498,2.414273363,-8.6,-8.1,3.832,381.9678752
Cl.Cn1c(N2CCNC(c3ccc(Cl)c(Cl)c3)C2)nc(-c2ccncn2)cc1=O,0.656585319,3.262711582,-9.1,-8.7,3.1168,452.0685923
Cn1cc(NC(=O)c2cccc(-c3ccnc(NC(=O)C4CC4)c3)c2)cn1,0.73080196,2.187183304,-9.3,-8.2,3.0829,361.1538748
COCCN1CCC(CNC(=O)c2n[nH]c3ccc(-c4ccc(C(=O)O)cc4)cc23)CC1,0.501074303,2.346509234,-9.4,-8.3,3.0163,436.2110554
CNC(=O)c1sc(-c2ccnc(NC(=O)C3CC3)c2)cc1OCC1CC1,0.782465479,2.523214948,-7.8,-7.1,3.307,371.1303625
CS(=O)(=O)C1CCN(c2ccccc2NC(=O)c2ccc(Nc3nccc(-c4cnn5ncccc45)n3)cc2)CC1,0.296229531,2.877390925,-10.6,-10,4.1956,568.2005078
c1ccc(-c2ccc(CSc3nnc(-c4ccc5c(c4)OCO5)o3)cc2)cc1,0.425315534,2.104144358,-9.4,-8.9,5.4246,388.0881634
Cn1c(N2CCNC(c3ccccc3)C2)nc(-c2ccc(Cl)cc2)cc1=O,0.757395061,2.764457435,-9.6,-8.6,3.2516,380.140389
COCCN1CCC(CNC(=O)c2n[nH]c3ccc(-c4ccc(O)cc4)cc23)CC1,0.559095199,2.352971645,-8.9,-8.6,3.0237,408.2161408
Cn1cc(C2=C(c3ccccc3)C(=O)NC2=O)c2ccccc21,0.74005506,2.152761451,-8.5,-8.3,2.7455,302.1055277
O=C(Nc1ccc(Nc2nccc(-c3ccccc3)n2)cc1)c1ccc(N2CCOCC2)cc1,0.430652289,2.079493964,-9.5,-10.1,4.9761,451.200825
Cn1c(N2CCNC(c3ccc(F)cc3)C2)nc(-c2ccncc2)cc1=O,0.770469732,2.93868998,-9.5,-8.3,2.1323,365.1651885
N#Cc1ccc(-c2ccc(CSc3nnc(-c4ccc5c(c4)OCO5)o3)cc2)cc1,0.410876371,2.293696678,-9.2,-9.3,5.29628,413.0834123
N#Cc1ccc(-c2ccc(CSc3nnc(-c4ccc5c(c4)OCCO5)o3)cc2)cc1,0.397746084,2.328630459,-9.4,-9.3,5.33878,427.0990624
c1ccc(-c2ccc(CSc3nnc(-c4ccc5c(c4)OCCO5)o3)cc2)cc1,0.412852211,2.143259086,-9.4,-9.2,5.4671,402.1038134
c1ccc(-c2ccc(CSc3nnc(-c4ccc5c(c4)OCCO5)o3)cc2)cc1,0.412852211,2.143259086,-9.4,-9.1,5.4671,402.1038134
N#Cc1ccc(-c2ccc(CSc3nnc(-c4ccc5c(c4)OCO5)o3)cc2)cc1,0.410876371,2.293696678,-9.4,-9.5,5.29628,413.0834123
Cn1cc(C2=C(c3ccccc3)C(=O)NC2=O)c2cc(F)c(F)cc21,0.730443395,2.399612555,-8.6,-8.7,3.0237,338.0866841
COCCN1CCC(CNC(=O)c2n[nH]c3ccc(-c4ccc(Cl)cc4Cl)cc23)CC1,0.538721417,2.417884343,-8.8,-8.2,4.6249,460.1432814
Cn1c(N2CCNC(c3ccc(F)cc3)C2)nc(-c2ccc(Cl)cc2)cc1=O,0.734372003,2.825560039,-9.9,-8.7,3.3907,398.1309672
O=C1NC(=O)C(c2cn(CCCN3CCOCC3)c3ccccc23)=C1c1ccccc1,0.629090111,2.407668877,-9.2,-7.6,2.9308,415.1895917
Clc1ccc(Nc2ncc3nc(Nc4ccc(-n5cnc(N6CCOCC6)n5)cc4)ncc3n2)cc1Cl,0.318600834,2.830665681,-9.7,-9.7,4.6311,534.1198606
CCCC(=O)Nc1n[nH]c2oc(-c3ccc(OC)cc3)cc12,0.754411338,2.558031049,-7.7,-7.3,3.5701,299.1269914
O=C(Nc1cc(-c2[nH]c(-c3ccc(F)cc3)nc2-c2ccc(F)cc2)ccn1)C1CC1,0.455597278,2.307570946,-10.4,-8.5,5.4324,416.1448676
Clc1ccc(Nc2nccc(-c3cnn4ncccc34)n2)cc1Cl,0.594122222,2.508098079,-8.7,-8.1,4.2367,356.0343997
O=C(NCCc1ccccc1)c1ccnc2nc(-c3ccc(F)cc3)[nH]c12,0.56956738,2.129749331,-9.1,-8.1,3.7365,360.1386394
N#Cc1ccc(-c2ccc(CSc3nnc(-c4ccc5c(c4)OCCO5)o3)cc2)cc1,0.397746084,2.328630459,-9.5,-9.6,5.33878,427.0990624
N#Cc1ccc(-c2ccc(CSc3nnc(-c4ccc5c(c4)OCCO5)o3)cc2)cc1,0.397746084,2.328630459,-9.5,-9.4,5.33878,427.0990624
c1cc(-c2ccc(N3CCOCC3)cc2)ccc1CSc1nnc(-c2ccc3c(c2)OCCO3)o1,0.33935022,2.408898678,-9.7,-10.7,5.3037,487.1565773
COCCN1CCC(CNC(=O)c2n[nH]c3ccc(-c4ccc(Cl)cc4Cl)cc23)CC1,0.538721417,2.417884343,-8.8,-8.4,4.6249,460.1432814
Cc1ccc(-c2ccnc(Nc3ccc(N4CCOCC4)cc3)n2)c(-c2ccc(Cl)cc2)n1,0.411518253,2.341576652,-9.2,-8.2,5.74762,457.1669381
COCCN1CCC(CNC(=O)c2n[nH]c3ccc(-c4ccc(Cl)cc4Cl)cc23)CC1,0.538721417,2.417884343,-9.1,-8.2,4.6249,460.1432814
Cc1ccc(-c2ccnc(Nc3ccc(N4CCOCC4)cc3)n2)c(-c2ccc(Cl)cc2)n1,0.411518253,2.341576652,-9.2,-8.3,5.74762,457.1669381
c1ccc(-c2ccc(CSc3nnc(-c4ccc5c(c4)OCCO5)o3)cc2)cc1,0.412852211,2.143259086,-9.4,-8.4,5.4671,402.1038134
Cn1cc(C2=C(c3ccccc3)C(=O)NC2=O)c2ccccc21,0.74005506,2.152761451,-8.5,-8.3,2.7455,302.1055277
N#Cc1ccc(-c2ccc(CSc3nnc(-c4ccc5c(c4)OCCO5)o3)cc2)cc1,0.397746084,2.328630459,-9.4,-9.5,5.33878,427.0990624
c1ccc(-c2ccc(CSc3nnc(-c4ccc5c(c4)OCCO5)o3)cc2)cc1,0.412852211,2.143259086,-9.4,-9,5.4671,402.1038134
c1ccc(-c2ccc(CSc3nnc(-c4ccc5c(c4)OCCO5)o3)cc2)cc1,0.412852211,2.143259086,-9.4,-9.2,5.4671,402.1038134
N=C1NC(=O)C(=Cc2ccc(-c3ccc(S(N)(=O)=O)cc3)o2)S1,0.727500958,2.751821985,-8.3,-7.8,1.73267,349.0190978
CSc1nn2nc(-c3ccc(F)cc3)c(-c3ccnc(Nc4ccc(N5CCOCC5)c(C(F)(F)F)c4)c3)c2n1C,0.187014361,3.148315832,-9.7,-9.1,6.2568,583.1777423
COCCN1CCC(CNC(=O)c2n[nH]c3ccc(-c4ccc(Cl)cc4)cc23)CC1,0.599300035,2.296246977,-8.7,-7.7,3.9715,426.1822538
COCCN1CCC(CNC(=O)c2n[nH]c3ccc(-c4ccc(Cl)cc4Cl)cc23)CC1,0.538721417,2.417884343,-9.1,-8,4.6249,460.1432814
c1ccc(-c2ccc(CSc3nnc(-c4ccc5c(c4)OCCO5)o3)cc2)cc1,0.412852211,2.143259086,-9.3,-9,5.4671,402.1038134
CS(=O)c1ccc(-c2ccc3[nH]nc(-c4ccc(C(=O)O)cc4)c3c2)cc1,0.555179532,2.732630232,-9.1,-9.2,4.3325,376.0881634
O=C(O)c1ccc(-c2ccc3[nH]nc(-c4ccc(C(=O)O)cc4)c3c2)cc1,0.504730947,1.994622865,-9.7,-9.1,4.2933,358.0953569
Cn1cc(C2=C(c3cn(CCCN4CCOCC4)c4ccc(F)cc34)C(=O)NC2=O)c2cc(F)ccc21,0.40690672,2.819953403,-9.9,-8.6,3.7007,504.1972971
COCCN1CCC(CNC(=O)c2n[nH]c3ccc(-c4ccc(Cl)cc4Cl)cc23)CC1,0.538721417,2.417884343,-9,-8.1,4.6249,460.1432814
c1cc(-c2ccc(N3CCOCC3)cc2)ccc1CSc1nnc(-c2ccc3c(c2)OCCO3)o1,0.33935022,2.408898678,-9.8,-10.5,5.3037,487.1565773
Cn1cc(C2=C(c3cn(CCCN4CCOCC4)c4ccccc34)C(=O)NC2=O)c2ccccc21,0.440541409,2.644305013,-9.6,-8.6,3.4225,468.2161408
O=C1NC(=O)C(c2ccccc2)=C1Nc1cc(Cl)c(O)c(Cl)c1,0.587526714,2.35591934,-7.9,-8.2,3.1786,348.0068475
Cn1c(N2CCNC(c3ccccc3)C2)nc(-c2ccncn2)cc1=O,0.77082762,3.035165759,-9,-8.4,1.3882,348.1698593
Cn1c(N2CCNC(c3ccc(F)cc3)C2)nc(-c2ccncc2)cc1=O,0.770469732,2.93868998,-9.6,-8.3,2.1323,365.1651885
N#Cc1ccc(-c2ccc(CSc3nnc(-c4ccc5c(c4)OCO5)o3)cc2)cc1,0.410876371,2.293696678,-9.5,-9.1,5.29628,413.0834123
NC(=O)c1ccc(-c2ccnc(NC(=O)C3CC3)c2)cc1,0.900461031,1.879451704,-8,-7.5,2.196,281.1164267
c1ccc(-c2ccc(CSc3nnc(-c4ccc5c(c4)OCO5)o3)cc2)cc1,0.425315534,2.104144358,-9.4,-8.9,5.4246,388.0881634
COCCN1CCC(CNC(=O)c2n[nH]c3ccc(-c4ccccc4)cc23)CC1,0.647153718,2.235827093,-8.7,-8.6,3.3181,392.2212261
CCCC(=O)Nc1n[nH]c2oc(-c3ccc(Cl)c(Cl)c3)cc12,0.712947106,2.715619635,-8,-7.3,4.8683,337.038482
c1cc(-c2ccc(N3CCOCC3)cc2)ccc1CSc1nnc(-c2ccc3c(c2)OCCO3)o1,0.33935022,2.408898678,-9.8,-10.7,5.3037,487.1565773
c1cnn2ncc(-c3ccnc(Nc4ccc(-n5cnc(N6CCOCC6)n5)cc4)n3)c2c1,0.440078572,2.898664822,-9.7,-9.3,2.3472,440.1821553
c1ccc(-c2ccc(CSc3nnc(-c4ccc5c(c4)OCCO5)o3)cc2)cc1,0.412852211,2.143259086,-9.4,-9.1,5.4671,402.1038134
CS(=O)(=O)Nc1ccc(CCNC(=O)c2ccnc3[nH]c(-c4ccc(Cl)cc4Cl)nc23)cc1,0.347575399,2.487921442,-8.5,-8.3,4.2757,503.0585658
COCCN1CCC(CNC(=O)c2n[nH]c3ccc(-c4ccc(C)cc4)cc23)CC1,0.628672203,2.28501886,-9,-8.2,3.62652,406.2368762
COCCN1CCC(CNC(=O)c2n[nH]c3ccc(-c4ccc(Cl)cc4Cl)cc23)CC1,0.538721417,2.417884343,-9,-8.2,4.6249,460.1432814
O=C(Nc1n[nH]c2ccc(-c3ccccc3)cc12)C1CC1,0.768445346,1.963749043,-8.7,-8.2,3.5784,277.1215121
COCCN1CCC(CNC(=O)c2n[nH]c3ccc(-c4ccc(Cl)cc4Cl)cc23)CC1,0.538721417,2.417884343,-9,-8.1,4.6249,460.1432814
O=C(Nc1cccc(-c2ccnc(Nc3ccc(N4CCOCC4)cc3)n2)c1)C1CC1,0.631791486,2.17216558,-9.4,-8.7,4.0723,415.200825
CSc1nc(-c2ccc(Cl)cc2)c(-c2ccnc(NC(=O)C3CC3)c2)[nH]1,0.615884038,2.391606205,-8.7,-7.5,4.8625,384.0811598
COCCN1CCC(CNC(=O)c2n[nH]c3ccc(-c4ccc(Cl)cc4)cc23)CC1,0.599300035,2.296246977,-8.8,-8,3.9715,426.1822538
c1ccc(-c2ccc(CSc3nnc(-c4ccc5c(c4)OCO5)o3)cc2)cc1,0.425315534,2.104144358,-9.4,-8.9,5.4246,388.0881634
c1ccc(-c2ccc(CSc3nnc(-c4ccc5c(c4)OCCO5)o3)cc2)cc1,0.412852211,2.143259086,-9.4,-9.1,5.4671,402.1038134
CCS(=O)(=O)Nc1ccc(CCNC(=O)c2ccnc3[nH]c(-c4ccc(Cl)cc4Cl)nc23)cc1,0.31366225,2.559125804,-8.4,-8.4,4.6658,517.0742159
c1cc(-c2ccnc(Nc3ccc(-n4cnc(N5CCOCC5)n4)cc3)c2)ccn1,0.551364256,2.525189417,-9.2,-8.6,3.3045,399.1807583
O=C1NC(=O)C(c2ccccc2)=C1Nc1cc(Cl)c(O)c(Cl)c1,0.587526714,2.35591934,-7.9,-8.3,3.1786,348.0068475
COCCN1CCC(CNC(=O)c2n[nH]c3ccc(-c4ccccc4)cc23)CC1,0.647153718,2.235827093,-8.8,-8.6,3.3181,392.2212261
Cn1cc(C2=C(c3ccccc3)C(=O)NC2=O)c2ccccc21,0.74005506,2.152761451,-8.5,-8.3,2.7455,302.1055277
O=C(O)c1ccc(CCN2CCC(CNC(=O)c3n[nH]c4ccc(-c5ccc(Cl)cc5Cl)cc34)CC2)o1,0.271293812,2.691402315,-9.4,-9.2,5.5124,540.1331107
COCCN1CCC(CNC(=O)c2n[nH]c3ccc(-c4ccc(Cl)cc4Cl)cc23)CC1,0.538721417,2.417884343,-9.1,-8.1,4.6249,460.1432814
N#Cc1ccc(-c2ccc(CSc3nnc(-c4ccc5c(c4)OCCO5)o3)cc2)cc1,0.397746084,2.328630459,-9.3,-9.4,5.33878,427.0990624
O=C(NCCc1ccc(F)cc1)c1ccnc2nc(-c3ccc(F)cc3)[nH]c12,0.553753027,2.20181951,-9.4,-8.4,3.8756,378.1292176
COCCN1CCC(CNC(=O)c2n[nH]c3ccc(-c4ccccc4)cc23)CC1,0.647153718,2.235827093,-8.7,-8.7,3.3181,392.2212261
CNC(=O)c1sc(-c2ccnc(NC(=O)C3CC3)c2)nc1OCCCCCCCCCCCCOc1cccc(-c2ccnc(NC(=O)C3CC3)c2)n1,0.067818769,3.272852583,-8.3,-8,8.0775,739.3515887
C[PH](=O)(=O)c1ccc(-c2coc3ccc(-c4ccc(S(N)(=O)=O)cc4)cc23)cc1,0.493330048,3.073475178,-9.6,-9.2,4.1102,427.0643303
COc1ccc2c(-c3ccnc(Nc4ccc(Cl)cc4)n3)cnn2n1,0.604446714,2.5131172,-8.7,-7.9,3.5919,352.0839367
Cc1ccc(-c2ccc3c(NC(=O)C4CC4)n[nH]c3c2)o1,0.771720054,2.303745928,-8.4,-7.2,3.47982,281.1164267
O=C(Nc1ccc(Nc2nccc(-c3cccnc3)n2)cc1)c1ccc(N2CCOCC2)cc1,0.448730854,2.209035015,-9.4,-10.2,4.3711,452.196074
Clc1ccc(Nc2nccc(-c3cnn4ncccc34)n2)cc1Cl,0.594122222,2.508098079,-8.7,-8.3,4.2367,356.0343997
c1ccc(-c2ccc(CSc3nnc(-c4ccc5c(c4)OCCO5)o3)cc2)cc1,0.412852211,2.143259086,-9.4,-9.1,5.4671,402.1038134
COCCN1CCC(CNC(=O)c2n[nH]c3ccc(-c4ccc(Cl)cc4Cl)cc23)CC1,0.538721417,2.417884343,-8.7,-8,4.6249,460.1432814
CCCC(=O)Nc1n[nH]c2cc(-c3ccc(C(=O)O)cc3)ccc12,0.667395894,2.092027148,-8.1,-7.8,3.6667,323.1269914
N#Cc1ccc(-c2ccc(CSc3nnc(-c4ccc5c(c4)OCO5)o3)cc2)cc1,0.410876371,2.293696678,-9.2,-9.5,5.29628,413.0834123
NC(=O)c1ccc(CCNC(=O)c2ccnc3nc(-c4ccc(F)cc4)[nH]c23)cc1,0.459257691,2.278416251,-9.7,-8.9,2.8354,403.144453
N#Cc1ccc(-c2ccc(CSc3nnc(-c4ccc5c(c4)OCCO5)o3)cc2)cc1,0.397746084,2.328630459,-9.5,-9.2,5.33878,427.0990624
COCCN1CCC(CNC(=O)c2n[nH]c3ccc(-c4ccc(Cl)cc4Cl)cc23)CC1,0.538721417,2.417884343,-8.8,-8.4,4.6249,460.1432814
Clc1ccc(Nc2nccc(-c3cnn4ncccc34)n2)cc1Cl,0.594122222,2.508098079,-8.7,-8.3,4.2367,356.0343997
Clc1ccc(-c2nc(SCc3ccc(-c4ccccc4)cc3)oc2-c2ccc3c(c2)OCCO3)cc1,0.214062476,2.370072854,-10.6,-9.5,8.3925,511.1008922
N#Cc1ccc(-c2ccc(CSc3nnc(-c4ccc5c(c4)OCO5)o3)cc2)cc1,0.410876371,2.293696678,-9.2,-9.2,5.29628,413.0834123
N#Cc1ccc(-c2ccnc(Nc3ccc(C(=O)NCCCN4CCOCC4)cc3)n2)cc1,0.516452833,2.269439618,-9,-8.2,3.21098,442.2117241
N=C1NC(=O)C(=Cc2ccc(-c3ccc(S(N)(=O)=O)cc3)o2)S1,0.727500958,2.751821985,-8.3,-7.7,1.73267,349.0190978
O=C(O)c1ccc(-c2ccc3[nH]nc(-c4ccc(C(=O)O)cc4)c3c2)cc1,0.504730947,1.994622865,-9.6,-9,4.2933,358.0953569
O=C(Nc1cccc(-c2ccnc(Nc3ccccc3)n2)c1)C1CC1,0.73426779,1.877904977,-8.7,-8,4.2357,330.1480612
O=C(Nc1n[nH]c2ccc(-c3ccccc3)cc12)C1CC1,0.768445346,1.963749043,-8.8,-8.3,3.5784,277.1215121
COCCN1CCC(CNC(=O)c2n[nH]c3ccc(-c4ccccc4)cc23)CC1,0.647153718,2.235827093,-8.8,-8.6,3.3181,392.2212261
O=C(Nc1n[nH]c2cc(-c3ccc(Cl)cc3)ccc12)C1CC1,0.7600986,2.046178302,-8.2,-7.5,4.2318,311.0825397
COCCN1CCC(CNC(=O)c2n[nH]c3ccc(-c4ccc(O)cc4)cc23)CC1,0.559095199,2.352971645,-8.7,-8.7,3.0237,408.2161408
O=C(Nc1cc(-c2[nH]c(-c3ccc(F)cc3)nc2-c2ccc(F)cc2)ccn1)C1CC1,0.455597278,2.307570946,-10.3,-8.5,5.4324,416.1448676
COCCN1CCC(CNC(=O)c2ccnc3[nH]c(-c4ccc(F)cc4)cc23)CC1,0.625926257,2.410227879,-8.4,-7.9,3.4572,410.2118043
COCCN1CCC(CNC(=O)c2cccc(-n3ncc4cc(Nc5ccccc5Cl)ccc43)c2)CC1,0.30611506,2.454645663,-9.6,-8.9,5.5107,517.2244529
c1ccc(-c2ccc(CSc3nnc(-c4ccc5c(c4)OCO5)o3)cc2)cc1,0.425315534,2.104144358,-9.4,-8.9,5.4246,388.0881634
CS(=O)(=O)Nc1ccc(CCNC(=O)c2ccnc3nc(-c4ccc(Cl)cc4Cl)[nH]c23)cc1,0.347575399,2.48897107,-9.6,-8.8,4.2757,503.0585658
c1ccc(-c2ccc(CSc3nnc(-c4ccc5c(c4)OCCO5)o3)cc2)cc1,0.412852211,2.143259086,-9.4,-9,5.4671,402.1038134
CCCC(=O)Nc1n[nH]c2cc(-c3ccc(Cl)cc3)ccc12,0.737928189,2.049503577,-8,-7.5,4.6219,313.0981898
COCCN1CCC(CNC(=O)c2n[nH]c3ccc(-c4ccccc4)cc23)CC1,0.647153718,2.235827093,-8.8,-8.7,3.3181,392.2212261
COCCN1CCC(CNC(=O)c2n[nH]c3ccc(-c4ccc(Cl)cc4Cl)cc23)CC1,0.538721417,2.417884343,-9.1,-7.9,4.6249,460.1432814
c1ccc(-c2ccc(CSc3nnc(-c4ccc5c(c4)OCCO5)o3)cc2)cc1,0.412852211,2.143259086,-9.4,-9.1,5.4671,402.1038134
O=C(Nc1cc(-c2[nH]c(SCc3ccccc3)nc2-c2ccc(F)cc2)ccn1)C1CC1,0.347295372,2.350875886,-10.2,-8.4,5.9186,444.1420105
O=C(Nc1cccnc1)c1ccc(Nc2nccc(-c3cnn4ncccc34)n2)cc1,0.457298385,2.502616413,-9.8,-8.9,3.5772,408.1447071
c1ccc(-c2ccc(CSc3nnc(-c4ccc5c(c4)OCCO5)o3)cc2)cc1,0.412852211,2.143259086,-9.4,-9.2,5.4671,402.1038134
N#Cc1ccc(-c2ccc(CSc3nnc(-c4ccc5c(c4)OCO5)o3)cc2)cc1,0.410876371,2.293696678,-9.5,-9.3,5.29628,413.0834123
COCCN1CCC(CNC(=O)c2n[nH]c3ccc(-c4ccc(Cl)cc4Cl)cc23)CC1,0.538721417,2.417884343,-9.1,-8.3,4.6249,460.1432814
O=C(Nc1n[nH]c2cc(-c3ccc(Cl)cc3Cl)ccc12)C1CC1,0.709714163,2.199535986,-8.3,-7.9,4.8852,345.0435674
Cc1ccc(-c2ccnc(Nc3ccc(N4CCOCC4)cc3)n2)c(-c2ccc(F)cc2)n1,0.457407325,2.345262298,-9.2,-8.7,5.23332,441.1964886
Cn1cc(C2=C(c3cn(C)c4ccccc34)C(=O)NC2=O)c2ccccc21,0.561396223,2.41960808,-9,-8.3,3.2372,355.1320768
Clc1ccc(-c2nnc(SCc3ccc(-c4ccccc4)cc3)o2)cc1Cl,0.33026281,1.991827617,-9.2,-8.7,7.0027,412.0203894
c1ccc(-c2ccc(CSc3nnc(-c4ccc5c(c4)OCCO5)o3)cc2)cc1,0.412852211,2.143259086,-9.4,-9.2,5.4671,402.1038134
N#Cc1ccc(-c2ccc(CSc3nnc(-c4ccc5c(c4)OCO5)o3)cc2)cc1,0.410876371,2.293696678,-9.1,-9.5,5.29628,413.0834123
NCCCn1cc(C2=C(c3ccccc3)C(=O)NC2=O)c2ccccc21,0.697832485,2.310877489,-8.1,-7.7,2.5573,345.1477268
C[PH](=O)(=O)c1ccc(-c2coc3ccc(-c4ccc(C(=O)O)cc4)cc23)cc1,0.485012102,2.985730622,-10,-9.4,5.161,392.0813603
c1cc(-c2ccc(N3CCOCC3)cc2)ccc1CSc1nnc(-c2ccc3c(c2)OCCO3)o1,0.33935022,2.408898678,-9.7,-10.7,5.3037,487.1565773
c1ccc(-c2ccc(CSc3nnc(-c4ccc5c(c4)OCO5)o3)cc2)cc1,0.425315534,2.104144358,-9.4,-8.9,5.4246,388.0881634
N#Cc1ccc(-c2ccc(CSc3nnc(-c4ccc5c(c4)OCCO5)o3)cc2)cc1,0.397746084,2.328630459,-9.4,-9.5,5.33878,427.0990624
c1ccc(-c2ccc(CSc3nnc(-c4ccc5c(c4)OCO5)o3)cc2)cc1,0.425315534,2.104144358,-9.4,-8.9,5.4246,388.0881634
O=C1NC(=O)C(c2ccccc2)=C1Nc1cc(Cl)c(O)c(Cl)c1,0.587526714,2.35591934,-7.9,-8.2,3.1786,348.0068475
O=C1NC(=O)C(c2ccc(Cl)cc2)=C1Nc1cc(Cl)c(O)c(Cl)c1,0.555832498,2.415146091,-8.1,-7.9,3.832,381.9678752
N#Cc1ccc(-c2ccc(CSc3nnc(-c4ccc5c(c4)OCCO5)o3)cc2)cc1,0.397746084,2.328630459,-9.4,-9.4,5.33878,427.0990624
O=C(Nc1n[nH]c2ncc(-c3ccccc3)cc12)C1CC1,0.773390379,2.155164175,-8.5,-7.9,2.9734,278.1167611
c1ccc(-c2ccc(CSc3nnc(-c4ccc5c(c4)OCCO5)o3)cc2)cc1,0.412852211,2.143259086,-9.4,-9.1,5.4671,402.1038134
Clc1ccc(Nc2cccc(-c3ccnc(Nc4ccc(N5CCOCC5)cc4)n3)c2)cc1Cl,0.309700459,2.284338323,-9.5,-9.4,6.7742,491.1279657
COCCN1CCC(CNC(=O)c2n[nH]c3ccc(-c4ccc(Cl)cc4Cl)cc23)CC1,0.538721417,2.417884343,-9.1,-8.2,4.6249,460.1432814
c1ccc(-c2ccc(CSc3nnc(-c4ccc5c(c4)OCO5)o3)cc2)cc1,0.425315534,2.104144358,-9.4,-8.9,5.4246,388.0881634
N#Cc1ccc(-c2ccc(CSc3nnc(-c4ccc5c(c4)OCO5)o3)cc2)cc1,0.410876371,2.293696678,-9.2,-9.4,5.29628,413.0834123
O=C(Nc1cccc(-c2ccnc(Nc3ccc(N4CCOCC4)cc3)n2)c1)C1CC1,0.631791486,2.17216558,-9.5,-8.6,4.0723,415.200825
N=C1NC(=O)C(=Cc2ccc(-c3ccc(S(N)(=O)=O)cc3)o2)S1,0.727500958,2.751821985,-8.3,-7.9,1.73267,349.0190978
COCCN1CCC(CNC(=O)c2n[nH]c3ccc(-c4ccc(Cl)cc4Cl)cc23)CC1,0.538721417,2.417884343,-9,-8.2,4.6249,460.1432814
O=C1Nc2ccccc2NC1=C1C(=O)Nc2ccccc21,0.647589488,2.360171237,-9.4,-9.3,2.414,277.0851266
COCCN1CCC(CNC(=O)c2n[nH]c3ccc(-c4ccc(Cl)cc4)cc23)CC1,0.599300035,2.296246977,-8.9,-8.1,3.9715,426.1822538
Cn1cc(C2=C(c3ccccc3)C(=O)NC2=O)c2ccccc21,0.74005506,2.152761451,-8.5,-8.3,2.7455,302.1055277
Cn1c(N2CCNC(c3ccc(Cl)cc3)C2)nc(-c2ccncc2)cc1=O,0.75527413,2.934106548,-9.2,-8.4,2.6466,381.1356379
NC(=O)c1ccc(-c2coc3ccc(-c4ccccc4Cl)cc23)cc1,0.5301905,2.002193544,-10,-9.2,5.5191,347.0713064
COCCN1CCC(CNC(=O)c2n[nH]c3ccc(-c4ccc(Cl)cc4Cl)cc23)CC1,0.538721417,2.417884343,-9.1,-8.1,4.6249,460.1432814
c1ccc(-c2ccc(CSc3nnc(-c4ccc5c(c4)OCCO5)o3)cc2)cc1,0.412852211,2.143259086,-9.5,-9.1,5.4671,402.1038134
Cn1cc(C2=C(c3ccccc3)C(=O)NC2=O)c2ccccc21,0.74005506,2.152761451,-8.5,-8.3,2.7455,302.1055277
CCCC(=O)NC(COc1n[nH]c2oc(-c3ccc(C(=O)O)cc3)nc12)Cc1ccc(OC)cc1,0.2954925,3.244017441,-8.5,-7.7,3.8311,478.1852346
O=C(Nc1cc(-c2[nH]c(SCc3ccccc3)nc2-c2ccc(F)cc2)ccn1)C1CC1,0.347295372,2.350875886,-9.9,-8.3,5.9186,444.1420105
c1ccc(-c2ccc(CSc3nnc(-c4ccc5c(c4)OCCO5)o3)cc2)cc1,0.412852211,2.143259086,-9.4,-9,5.4671,402.1038134
O=C1NC(=O)C(c2ccc(Cl)cc2)=C1Nc1cc(Cl)c(O)c(Cl)c1,0.555832498,2.415146091,-8.1,-8,3.832,381.9678752
O=C(Nc1n[nH]c2ncc(-c3ccc(Cl)cc3Cl)cc12)C1CC1,0.742881467,2.374127465,-8.7,-8.5,4.2802,346.0388164
N#Cc1ccc(-c2ccc(CSc3nnc(-c4ccc5c(c4)OCO5)o3)cc2)cc1,0.410876371,2.293696678,-9.3,-8.9,5.29628,413.0834123
N#Cc1ccc(-c2ccc(CSc3nnc(-c4ccc5c(c4)OCCO5)o3)cc2)cc1,0.397746084,2.328630459,-9.4,-8.5,5.33878,427.0990624
COCCN1CCC(CNC(=O)c2n[nH]c3ccc(-c4ccc(Cl)cc4)cc23)CC1,0.599300035,2.296246977,-8.9,-8,3.9715,426.1822538
O=C1NC(=O)C(c2cn(CCCN3CCOCC3)c3ccccc23)=C1c1cn(CCCO)c2ccccc12,0.336278322,2.763409564,-9.4,-8.7,3.2679,512.2423555
Cn1cc(C2=C(c3ccccc3)C(=O)NC2=O)c2ccccc21,0.74005506,2.152761451,-8.5,-8.2,2.7455,302.1055277
O=C(Nc1cc(-c2ccc(O)cc2)ccn1)C1CC1,0.884903748,1.8728592,-7.6,-7.4,2.8027,254.1055277
COCCN1CCC(CNC(=O)c2n[nH]c3cc(-c4ccc(O)cc4)ccc23)CC1,0.559095199,2.357133449,-8.9,-8.4,3.0237,408.2161408
COCCN1CCC(CNC(=O)c2n[nH]c3ccc(-c4ccc(Cl)cc4Cl)cc23)CC1,0.538721417,2.417884343,-8.9,-8.4,4.6249,460.1432814
CCCC(=O)Nc1n[nH]c2ccc(-c3ccc(F)cc3)cc12,0.761131271,2.043417863,-8.4,-8,4.1076,297.1277404
Cn1cc(C2=C(c3cn(C)c4ccc(Br)cc34)C(=O)NC2=O)c2ccccc21,0.485302967,2.55650511,-9.2,-8.8,3.9997,433.0425889
Clc1ccc(Nc2nccc(-c3cnn4ncccc34)n2)cc1Cl,0.594122222,2.508098079,-8.7,-8.1,4.2367,356.0343997
O=C(Nc1n[nH]c2nc(-c3ccc(Cl)cc3Cl)ccc12)C1CC1,0.742881467,2.362993027,-8.5,-7.9,4.2802,346.0388164
O=C(O)c1ccc(-c2ccc3occ(-c4ccc([PH](=O)(=O)O)cc4)c3c2)cc1,0.496053453,2.995124974,-9.6,-9.5,4.4385,394.0606248
c1ccc(-c2ccc(CSc3nnc(-c4ccc5c(c4)OCCO5)o3)cc2)cc1,0.412852211,2.143259086,-9.4,-9.1,5.4671,402.1038134
COCCN1CCC(CNC(=O)c2n[nH]c3ccc(-c4ccccc4F)cc23)CC1,0.625926257,2.337822043,-8.6,-8.8,3.4572,410.2118043
COCCN1CCC(CNC(=O)c2n[nH]c3ccc(-c4ccc(Cl)cc4Cl)cc23)CC1,0.538721417,2.417884343,-8.8,-7.9,4.6249,460.1432814
CCCC(=O)Nc1n[nH]c2ccc(-c3ccc(Cl)cn3)cc12,0.763814227,2.261978302,-8.2,-7.8,4.0169,314.0934388
COc1ccc(-c2ccc(C=C3SC(=N)NC3=O)o2)cc1,0.854100211,2.602257467,-7.8,-7.4,3.09387,300.0568632
COCCN1CCC(CNC(=O)c2n[nH]c3ccc(-c4ccc(O)cc4)cc23)CC1,0.559095199,2.352971645,-8.7,-8.6,3.0237,408.2161408
COCCN1CCC(CNC(=O)c2n[nH]c3ccc(-c4ccc(Cl)cc4Cl)cc23)CC1,0.538721417,2.417884343,-9.1,-8.1,4.6249,460.1432814
Cc1nc(-c2ccc(F)cc2)c(-c2ccnc(NC(=O)C3CC3)c2)[nH]1,0.758070095,2.315199882,-9.1,-7.6,3.93472,336.1386394
COCCN1CCC(CNC(=O)c2n[nH]c3ccc(-c4ccc(Cl)cc4)cc23)CC1,0.599300035,2.296246977,-8.9,-8.1,3.9715,426.1822538
Cn1cc(C2=C(c3ccccc3)C(=O)NC2=O)c2ccccc21,0.74005506,2.152761451,-8.5,-8.4,2.7455,302.1055277
Cn1cc(C2=C(c3cn(CCCO)c4ccc(Br)cc34)C(=O)NC2=O)c2ccccc21,0.4283083,2.663684123,-9.1,-8.2,3.8451,477.0688036
c1ccc(-c2ccc(CSc3nnc(-c4ccc5c(c4)OCCO5)o3)cc2)cc1,0.412852211,2.143259086,-9.4,-9.1,5.4671,402.1038134
c1ccc(-c2ccc(CSc3nnc(-c4ccc5c(c4)OCCO5)o3)cc2)cc1,0.412852211,2.143259086,-9.4,-9.1,5.4671,402.1038134
CC1CC(c2ccc(Cl)c(Cl)c2)CN1c1nc(-c2ccncn2)cc(=O)n1C,0.647680007,3.472001921,-8.7,-8.5,3.9265,415.0966656
Cn1cc(C2=C(c3ccccc3)C(=O)NC2=O)c2ccccc21,0.74005506,2.152761451,-8.5,-8.3,2.7455,302.1055277
Clc1ccc(Nc2nccc(-c3cnn4ncccc34)n2)cc1Cl,0.594122222,2.508098079,-8.7,-8.1,4.2367,356.0343997
Cn1cc(C2=C(c3cn(CCCO)c4ccccc34)C(=O)NC2=O)c2ccccc21,0.506574139,2.537576001,-9.1,-8.2,3.0826,399.1582915
Cn1cc(C2=C(c3cn(CCCN4CCOCC4)c4ccc(Br)cc34)C(=O)NC2=O)c2ccccc21,0.368104281,2.757803559,-9.7,-8.5,4.185,546.1266528
N#Cc1ccc(-c2ccc(CSc3nnc(-c4ccc5c(c4)OCCO5)o3)cc2)cc1,0.397746084,2.328630459,-9.4,-9.6,5.33878,427.0990624
c1ccc(-c2ccc(CSc3nnc(-c4ccc5c(c4)OCCO5)o3)cc2)cc1,0.412852211,2.143259086,-9.4,-9.1,5.4671,402.1038134
c1ccc(-c2ccc(CSc3nnc(-c4ccc5c(c4)OCO5)o3)cc2)cc1,0.425315534,2.104144358,-9.4,-8.9,5.4246,388.0881634
NC(=O)c1ccc(Nc2nccc(-c3ccc(C(F)(F)F)cc3)n2)cc1,0.738502018,2.024068689,-8.8,-8.7,4.0049,358.1041457
COc1ccc(-c2ccnc(Nc3ccc(NC(=O)c4ccccc4)cc3)c2)cc1,0.436081104,1.823175606,-9,-8.4,5.7531,395.1633769
N#Cc1ccc(-c2ccc(CSc3nnc(-c4ccc5c(c4)OCCO5)o3)cc2)cc1,0.397746084,2.328630459,-9.4,-9.6,5.33878,427.0990624
COCCN1CCC(CNC(=O)c2n[nH]c3ccc(-c4ccc(Cl)cc4Cl)cc23)CC1,0.538721417,2.417884343,-9.1,-8.1,4.6249,460.1432814
O=C(O)c1ccc(CN2CCC(CNC(=O)c3n[nH]c4ccc(-c5ccccc5)cc34)CC2)o1,0.3834196,2.45819368,-9.8,-9.4,4.1631,458.1954053
O=C(O)c1ccc(CN2CCC(CNC(=O)c3ccnc4[nH]c(-c5ccc(F)cc5)cc34)CC2)o1,0.366730799,2.612458617,-9.3,-8.9,4.3022,476.1859835
O=C1NC(=O)C(c2cn3c4c(cccc24)CNCC3)=C1c1cn(CCCN2CCOCC2)c2ccccc12,0.390902509,2.998469209,-10.1,-8.5,2.9887,509.2426899
COCCN1CCC(CNC(=O)c2cccc(-n3ncc4cc(Nc5ccccc5Cl)c(F)cc43)c2)CC1,0.289687192,2.588142261,-8.9,-9.2,5.6498,535.2150311
O=C(Nc1n[nH]c2ccc(-c3ccc(Cl)cc3)cc12)C1CC1,0.7600986,2.034417863,-8.9,-8.4,4.2318,311.0825397
N#Cc1ccc(-c2ccc(CSc3nnc(-c4ccc5c(c4)OCCO5)o3)cc2)cc1,0.397746084,2.328630459,-9.4,-9.5,5.33878,427.0990624
COCCN1CCC(CNC(=O)c2n[nH]c3ccc(-c4ccccc4)cc23)CC1,0.647153718,2.235827093,-8.8,-8.7,3.3181,392.2212261
Cn1c(N2CCNC(c3ccc(F)cc3)C2)nc(-c2ccncc2)cc1=O,0.770469732,2.93868998,-9.6,-8.5,2.1323,365.1651885
Cn1cc(C2=C(c3ccccc3)C(=O)NC2=O)c2ccccc21,0.74005506,2.152761451,-8.5,-8.2,2.7455,302.1055277
N=C1NC(=O)C(=Cc2ccc(-c3ccc(S(N)(=O)=O)cc3)o2)S1,0.727500958,2.751821985,-8.3,-7.8,1.73267,349.0190978
c1ccc(-c2ccc(CSc3nnc(-c4ccc5c(c4)OCCO5)o3)cc2)cc1,0.412852211,2.143259086,-9.4,-8.4,5.4671,402.1038134
COCCN1CCC(CNC(=O)c2n[nH]c3ccc(-c4ccc(Cl)cc4Cl)cc23)CC1,0.538721417,2.417884343,-9.2,-8.2,4.6249,460.1432814
Cn1cc(C2=C(c3ccccc3)C(=O)NC2=O)c2ccccc21,0.74005506,2.152761451,-8.5,-8.3,2.7455,302.1055277
N#Cc1ccc(-c2ccc(CSc3nnc(-c4ccc5c(c4)OCO5)o3)cc2)cc1,0.410876371,2.293696678,-9.2,-9.3,5.29628,413.0834123
Cn1cc(C2=C(c3ccccc3)C(=O)NC2=O)c2ccccc21,0.74005506,2.152761451,-8.5,-7.9,2.7455,302.1055277
COCCN1CCC(CNC(=O)c2n[nH]c3ccc(-c4ccc(Cl)cc4)cc23)CC1,0.599300035,2.296246977,-8.9,-8.1,3.9715,426.1822538
NS(=O)(=O)c1ccc(-c2ccc3c(c2)C(=O)NCC3)cc1,0.87560923,2.111736189,-8.5,-8.4,1.2869,302.0725133
Fc1ccc(-c2nn3ncccc3c2-c2ccnc(Nc3ccc(N4CCOCC4)cc3)n2)cc1,0.405486732,2.598361548,-9.6,-9.3,4.5726,467.1869865
O=C(Nc1cc(-c2ccnc(NC(=O)C3CC3)c2)ccn1)C1CC1,0.886331622,2.175851356,-8.3,-7.6,2.8406,322.1429758
c1ccc(-c2ccc(CSc3nnc(-c4ccc5c(c4)OCCO5)o3)cc2)cc1,0.412852211,2.143259086,-9.4,-9,5.4671,402.1038134
Cc1nc(-c2ccc(F)cc2)c(-c2ccnc(NC(=O)C3CC3)c2)[nH]1,0.758070095,2.315199882,-9.1,-8.1,3.93472,336.1386394
Cc1ccc(-c2cnc3[nH]nc(NC(=O)C4CC4)c3c2)o1,0.77328853,2.510300544,-8.2,-7.7,2.87482,282.1116757
COCCN1CCC(CNC(=O)c2cc(-n3ncc4cc(Nc5ccccc5Cl)ccc43)cs2)CC1,0.299836076,2.710758868,-9.1,-8.9,5.5722,523.1808739
COCCN1CCC(CNC(=O)c2n[nH]c3ccc(-c4ccc(Cl)cc4Cl)cc23)CC1,0.538721417,2.417884343,-9.1,-8.1,4.6249,460.1432814
COCCN1CCC(CNC(=O)c2n[nH]c3ccc(-c4ccc(Cl)cc4Cl)cc23)CC1,0.538721417,2.417884343,-9.1,-8.2,4.6249,460.1432814
Cc1ccc2c(-c3ccnc(Nc4ccc(Cl)c(Cl)c4)c3)cnn2n1,0.54192725,2.554630082,-9.2,-8.3,5.15012,369.0548008
c1ccc(-c2ccc(CSc3nnc(-c4ccc5c(c4)OCCO5)o3)cc2)cc1,0.412852211,2.143259086,-9.4,-9.2,5.4671,402.1038134
CS(=O)c1ccc(-c2coc3ccc(-c4ccc(C(=O)O)cc4)cc23)cc1,0.531323805,2.710965496,-9.5,-8.6,5.2024,376.07693
O=C1NC(=O)C(c2cn(CCCN3CCOCC3)c3ccccc23)=C1c1ccccc1,0.629090111,2.407668877,-9.2,-7.6,2.9308,415.1895917
c1ccc(-c2ccc(CSc3nnc(-c4ccc5c(c4)OCO5)o3)cc2)cc1,0.425315534,2.104144358,-8.8,-8.9,5.4246,388.0881634
O=C1Nc2ccccc2NC1=C1C(=O)Nc2ccccc21,0.647589488,2.360171237,-9.4,-9.3,2.414,277.0851266
c1ccc(-c2ccc(CSc3nnc(-c4ccc5c(c4)OCCO5)o3)cc2)cc1,0.412852211,2.143259086,-9.4,-9.1,5.4671,402.1038134
COCCN1CCC(CNC(=O)c2n[nH]c3ccc(-c4ccc(Cl)cc4Cl)cc23)CC1,0.538721417,2.417884343,-9.1,-8.2,4.6249,460.1432814
O=C(Nc1ncnc2oc(-c3ccc(Cl)cc3)cc12)C1CC1,0.796135501,2.330125555,-8.3,-7.8,3.8917,313.0618043
COCCN1CCC(CNC(=O)c2n[nH]c3ccc(-c4ccc(Cl)cc4Cl)cc23)CC1,0.538721417,2.417884343,-9,-8.2,4.6249,460.1432814
O=C(O)c1ccc(-c2nnc(SCc3ccc(-c4ccccc4)cc3)o2)cc1,0.446120005,1.941338877,-9.4,-8.4,5.3941,388.0881634
c1cnn2ncc(-c3ccnc(Nc4ccc(-n5cnc(N6CCOCC6)n5)cc4)n3)c2c1,0.440078572,2.898664822,-9.8,-9.2,2.3472,440.1821553
N#Cc1ccc(-c2ccc(CSc3nnc(-c4ccc5c(c4)OCO5)o3)cc2)cc1,0.410876371,2.293696678,-9,-7.9,5.29628,413.0834123
CSc1nc(-c2ccc(F)cc2)c(-c2ccnc(Nc3ccc(NC(=O)c4ccc(N5CCOCC5)cc4)cc3)c2)n1C,0.190339197,2.676460115,-10.2,-10.6,6.8426,594.2213235
c1ccc(-c2ccc(CSc3nnc(-c4ccc5c(c4)OCCO5)o3)cc2)cc1,0.412852211,2.143259086,-9.4,-8.4,5.4671,402.1038134
O=C(Nc1n[nH]c2nc(-c3ccc(Cl)cc3Cl)ccc12)C1CC1,0.742881467,2.362993027,-8.5,-8,4.2802,346.0388164
Cn1cc(C2=C(c3cn(CCCO)c4ccccc34)C(=O)NC2=O)c2ccccc21,0.506574139,2.537576001,-9,-8.1,3.0826,399.1582915
O=C(Nc1ccc(Nc2nccc(-c3ccccc3)n2)cc1)c1ccccc1,0.513166651,1.754332104,-9.5,-9,5.1395,366.1480612
O=C(Nc1n[nH]c2cc(-c3ccc(Cl)cc3Cl)ccc12)C1CC1,0.709714163,2.199535986,-8.4,-7.9,4.8852,345.0435674
COCCN1CCC(CNC(=O)c2n[nH]c3ccc(-c4ccc(C)o4)cc23)CC1,0.640684252,2.470294042,-8.6,-8,3.21952,396.2161408
Cn1cc(C2=C(c3ccc(Cl)cc3)C(=O)NC2=O)c2ccccc21,0.72915021,2.217076243,-8.1,-8.5,3.3989,336.0665553
Cn1cc(C2=C(c3ccccc3)C(=O)NC2=O)c2ccccc21,0.74005506,2.152761451,-8.5,-8.3,2.7455,302.1055277
O=C(Nc1cc(-c2ccccc2)ccn1)C1CCCC1,0.915697433,1.757717099,-8.1,-7.9,3.8773,266.1419132
CSc1nc(-c2ccc(C)cc2)c(-c2ccnc(NC(=O)C3CC3)c2)[nH]1,0.653233082,2.378405581,-9.2,-7.7,4.51752,364.1357823
O=C1NC(=O)C(c2cn(CCCN3CCOCC3)c3ccccc23)=C1c1ccccc1,0.629090111,2.407668877,-9.2,-7.5,2.9308,415.1895917
CCCC(=O)Nc1n[nH]c2cc(-c3ccc(C)o3)ccc12,0.763154875,2.307237467,-7.9,-7.3,3.86992,283.1320768
O=C(Nc1n[nH]c2cc(-c3ccc(Cl)cc3)ccc12)C1CC1,0.7600986,2.046178302,-8.1,-7.7,4.2318,311.0825397
O=C(Nc1n[nH]c2nc(-c3ccc(Cl)cc3)ccc12)C1CC1,0.775545072,2.223349731,-8.1,-7.6,3.6268,312.0777887
NC1CCN(c2ccncc2NC(=O)c2ccccc2NC(=O)c2ccccc2F)CC1,0.57030412,2.227432311,-9.4,-8.1,3.6528,433.1914032
N#Cc1ccc(-c2ccc(CSc3nnc(-c4ccc5c(c4)OCO5)o3)cc2)cc1,0.410876371,2.293696678,-9.4,-9.5,5.29628,413.0834123
N#Cc1ccc(-c2ccc(CSc3nnc(-c4ccc5c(c4)OCO5)o3)cc2)cc1,0.410876371,2.293696678,-9.3,-9.3,5.29628,413.0834123
NS(=O)(=O)c1ccc(-c2ccc(C=C3SC(c4ccccc4)C(=O)NC3=O)cc2)cc1,0.467607946,2.870097858,-9,-8.8,3.4728,450.0707991
Clc1ccc(Nc2nccc(-c3cnn4ncccc34)n2)cc1Cl,0.594122222,2.508098079,-8.7,-8.3,4.2367,356.0343997
Clc1ccc(Nc2cc(-c3ccnc(Nc4ccc(-n5cnc(N6CCOCC6)n5)cc4)n3)ccn2)cc1Cl,0.257443989,2.780183074,-10.5,-9.6,5.7499,559.1402617
COCCN1CCC(CNC(=O)c2n[nH]c3ncc(-c4ccc(Cl)cc4Cl)cc23)CC1,0.554432194,2.582362649,-8.9,-8,4.0199,461.1385304
NS(=O)(=O)c1ccc(NC2=C(c3ccccc3)C(=O)NC2=O)cc1,0.710156551,2.183088372,-8.4,-7.9,0.8136,343.0626769
O=C1NC(=O)C(c2cn(CCCN3CCOCC3)c3ccccc23)=C1c1ccccc1,0.629090111,2.407668877,-9.2,-7.6,2.9308,415.1895917
COCCN1CCC(CNC(=O)c2n[nH]c3ccc(-c4ccc(Cl)cc4Cl)cc23)CC1,0.538721417,2.417884343,-9,-8.4,4.6249,460.1432814
O=C(Nc1n[nH]c2nc(-c3ccc(Cl)cc3Cl)ccc12)C1CC1,0.742881467,2.362993027,-8.5,-7.9,4.2802,346.0388164
Cn1c(N2CCNC(c3ccc(C#N)cc3)C2)nc(-c2ccccc2)cc1=O,0.765612111,2.889621727,-9.4,-8.9,2.46988,371.1746103
c1ccc(-c2ccc(CSc3nnc(-c4ccc5c(c4)OCCO5)o3)cc2)cc1,0.412852211,2.143259086,-9.4,-8.5,5.4671,402.1038134
O=C(O)c1ccc(-c2cc3c(C(=O)NCCCn4cnc(Cl)c4)ccnc3o2)cc1,0.435674424,2.744344158,-8.6,-8.1,3.863,424.0938327
COCCN1CCC(CNC(=O)c2n[nH]c3ccc(-c4ccc(C)cc4)cc23)CC1,0.628672203,2.28501886,-9.1,-8.3,3.62652,406.2368762
N#Cc1ccc(-c2ccc(CSc3nnc(-c4ccc5c(c4)OCCO5)o3)cc2)cc1,0.397746084,2.328630459,-9.4,-9.4,5.33878,427.0990624
Cn1cc(C2=C(c3cn(CCCN4CCOCC4)c4ccccc34)C(=O)NC2=O)c2ccc(Cl)cc21,0.40343113,2.741257405,-9.8,-8.2,4.0759,502.1771684
O=C(NCC1CCN(Cc2ccccc2)CC1)c1n[nH]c2ccc(-c3ccc(O)cc3)cc12,0.410030591,2.259456113,-9.9,-9.5,4.5775,440.2212261
N=C1NC(=O)C(=Cc2ccc(-c3ccc(Cl)cc3)o2)S1,0.830631159,2.659404864,-7.6,-7.7,3.73867,304.0073262
Clc1ccc(Nc2cc(-c3ccnc(Nc4ccc(N5CCOCC5)cc4)n3)ccn2)cc1Cl,0.332830246,2.401296785,-9.3,-9.7,6.1692,492.1232147
N#Cc1ccc(-c2ccc(CSc3nnc(-c4ccc5c(c4)OCO5)o3)cc2)cc1,0.410876371,2.293696678,-9.2,-9.5,5.29628,413.0834123
COCCN1CCC(CNC(=O)c2n[nH]c3ccc(-c4ccc(Cl)cc4)cc23)CC1,0.599300035,2.296246977,-9,-8,3.9715,426.1822538
N#Cc1ccc(-c2ccc(CSc3nnc(-c4ccc5c(c4)OCCO5)o3)cc2)cc1,0.397746084,2.328630459,-9.5,-9.5,5.33878,427.0990624
Cn1cc(C2=C(c3ccccc3)C(=O)NC2=O)c2ccccc21,0.74005506,2.152761451,-8.5,-8.3,2.7455,302.1055277
Cn1cc(C2=C(c3cn(C)c4ccc(Br)cc34)C(=O)NC2=O)c2ccccc21,0.485302967,2.55650511,-9.2,-8.8,3.9997,433.0425889
c1ccc(-c2ccc(CSc3nnc(-c4ccc5c(c4)OCCO5)o3)cc2)cc1,0.412852211,2.143259086,-9.5,-9.2,5.4671,402.1038134
Cn1cc(C2=C(c3cn(CCCn4ccnc4)c4ccccc34)C(=O)NC2=O)c2ccccc21,0.398582456,2.717365708,-9.6,-8.4,3.987,449.185175
COCCN1CCC(CNC(=O)c2cccc(-n3ncc4cc(Nc5ccccc5Cl)ccc43)c2)CC1,0.30611506,2.454645663,-9.6,-8.9,5.5107,517.2244529
COCCN1CCC(CNC(=O)c2n[nH]c3ccc(-c4ccc(Cl)cc4Cl)cc23)CC1,0.538721417,2.417884343,-8.8,-8.1,4.6249,460.1432814
N#Cc1ccc(-c2ccc(CSc3nnc(-c4ccc5c(c4)OCCO5)o3)cc2)cc1,0.397746084,2.328630459,-9.4,-9.5,5.33878,427.0990624
Clc1ccc(Nc2cc(-c3ccnc(Nc4ccc(N5CCOCC5)cc4)n3)ccn2)cc1Cl,0.332830246,2.401296785,-9.9,-9.6,6.1692,492.1232147
c1ccc(-c2ccc(CSc3nnc(-c4ccc5c(c4)OCCO5)o3)cc2)cc1,0.412852211,2.143259086,-9.4,-9,5.4671,402.1038134
FC(F)(F)c1ccc(-c2ccnc(Nc3ccc(N4CCOCC4)cc3)n2)c(-c2ccc(Cl)cc2)c1,0.31120758,2.399012435,-9.5,-8.7,7.063,510.1434237
O=C(Nc1n[nH]c2ncc(-c3ccc(Cl)cc3Cl)cc12)C1CC1,0.742881467,2.374127465,-9,-8.5,4.2802,346.0388164
O=C(Nc1n[nH]c2nc(-c3ccccc3)ccc12)C1CC1,0.773390379,2.158875398,-8.3,-7.6,2.9734,278.1167611
COc1cc(NC(=O)c2cccc(-n3ncc4cc(Nc5ccccc5Cl)ccc43)c2)cc(OC)c1OC,0.232898029,2.375042389,-9,-9.2,6.7006,528.156433
Cn1cc(C2=C(c3cn(CCCN4CCOCC4)c4ccccc34)C(=O)NC2=O)c2ccccc21,0.440541409,2.644305013,-9.7,-9,3.4225,468.2161408
N=C1NC(=O)C(=Cc2ccc(-c3ccc(S(N)(=O)=O)cc3)o2)S1,0.727500958,2.751821985,-8.3,-7.8,1.73267,349.0190978
Cc1ccc(-c2ccc3occ(-c4ccc(S(C)=O)cc4)c3c2)o1,0.502529076,2.897323835,-9.1,-8.5,5.40562,336.0820154
c1ccc(-c2ccc(CSc3nnc(-c4ccc5c(c4)OCCO5)o3)cc2)cc1,0.412852211,2.143259086,-9.4,-9,5.4671,402.1038134
CSc1nc(-c2ccc(F)cc2)c(-c2ccnc(Nc3ccc(NC(=O)c4ccccc4)cc3)c2)[nH]1,0.211911101,2.37343623,-9.8,-9,6.9956,495.1529095
COCCN1CCC(CNC(=O)c2n[nH]c3ccc(-c4ccc(Cl)cc4Cl)cc23)CC1,0.538721417,2.417884343,-9.2,-8.2,4.6249,460.1432814
c1ccc(-c2ccc(CSc3nnc(-c4ccc5c(c4)OCCO5)o3)cc2)cc1,0.412852211,2.143259086,-9.4,-9,5.4671,402.1038134
N#Cc1ccc(-c2ccc(CSc3nnc(-c4ccc5c(c4)OCO5)o3)cc2)cc1,0.410876371,2.293696678,-9.4,-9.4,5.29628,413.0834123
c1ccc(-c2ccc(CSc3nnc(-c4ccc5c(c4)OCO5)o3)cc2)cc1,0.425315534,2.104144358,-9.4,-8.9,5.4246,388.0881634
O=C1NC(=O)C(c2cn(CCCN3CCOCC3)c3ccccc23)=C1c1ccccc1,0.629090111,2.407668877,-9.2,-8.2,2.9308,415.1895917
COCCN1CCC(CNC(=O)c2n[nH]c3ccc(-c4ccc(Cl)cc4Cl)cc23)CC1,0.538721417,2.417884343,-9.1,-8.1,4.6249,460.1432814
c1ccc(-c2ccc(CSc3nnc(-c4ccc5c(c4)OCCO5)o3)cc2)cc1,0.412852211,2.143259086,-9.4,-9.1,5.4671,402.1038134
O=C1NC(=O)C(c2cn(CCCN3CCOCC3)c3ccccc23)=C1c1ccccc1,0.629090111,2.407668877,-9.2,-8.2,2.9308,415.1895917
Clc1ccc(Nc2cc(-c3ccnc(Nc4ccc(N5CCOCC5)cc4)n3)ccn2)cc1Cl,0.332830246,2.401296785,-9.3,-9.6,6.1692,492.1232147
N#Cc1ccc(-c2ccc(CSc3nnc(-c4ccc5c(c4)OCCO5)o3)cc2)cc1,0.397746084,2.328630459,-9.4,-9.1,5.33878,427.0990624
CNC(=O)c1sc(-c2ccnc(NC(=O)C3CC3)c2)nc1OCCCCCCCCCCCn1cc(-c2ccc(Cl)cc2Cl)nc1SC=CC(=O)O,0.042698749,3.482707001,-8.7,-8,9.3638,784.2035158
N#Cc1ccc(-c2ccc(CSc3nnc(-c4ccc5c(c4)OCO5)o3)cc2)cc1,0.410876371,2.293696678,-9.4,-9.3,5.29628,413.0834123
Cc1ccc(-c2ccc(CSc3nnc(-c4ccc5c(c4)OCCO5)o3)cc2)o1,0.412743137,2.369945959,-9.2,-8.9,5.36852,406.0987281
CN1CCN(c2nc(-c3ccncc3)cc(=O)n2C)CC1,0.808334328,2.25622362,-7.3,-7.6,0.5941,285.1589602
CCS(=O)(=O)Nc1ccc(CCNC(=O)c2cccc3[nH]c(-c4ccc(Cl)cc4Cl)nc23)cc1,0.296262421,2.406945035,-9.8,-9.1,5.2708,516.0789669
O=C1NC(=O)C(c2ccc(Cl)cc2)=C1Nc1cc(Cl)c(O)c(Cl)c1,0.555832498,2.415146091,-8.1,-8,3.832,381.9678752
O=C1NC(=O)C(c2cn(CCCN3CCOCC3)c3ccccc23)=C1c1ccccc1,0.629090111,2.407668877,-9.2,-7.6,2.9308,415.1895917
NC(=O)c1ccccc1Nc1cccc(C(=O)Nc2ccccc2N2CCC(N)CC2)c1,0.477042751,2.149765923,-9.6,-8.5,3.7089,429.2164751
O=C(Nc1n[nH]c2nc(-c3ccc(Cl)cc3Cl)ccc12)C1CC1,0.742881467,2.362993027,-8.5,-7.9,4.2802,346.0388164
COCCN1CCC(CNC(=O)c2n[nH]c3ccc(-c4ccc(Cl)cc4Cl)cc23)CC1,0.538721417,2.417884343,-9.1,-8.2,4.6249,460.1432814
N#Cc1ccc(-c2ccc(CSc3nnc(-c4ccc5c(c4)OCCO5)o3)cc2)cc1,0.397746084,2.328630459,-9.4,-9.5,5.33878,427.0990624
c1ccc(-c2ccc(CSc3nnc(-c4ccc5c(c4)OCO5)o3)cc2)cc1,0.425315534,2.104144358,-9.4,-8.9,5.4246,388.0881634
CS(=O)(=O)C1CCN(c2ccccc2NC(=O)c2ccc(N3CCOCC3)cc2)CC1,0.765684315,2.271049771,-8.7,-9.4,2.7889,443.1878774
c1cc(-c2ccc(N3CCOCC3)cc2)ccc1CSc1nnc(-c2ccc3c(c2)OCCO3)o1,0.33935022,2.408898678,-9.8,-10.7,5.3037,487.1565773
O=C1NC(=O)C(c2ccc(Cl)cc2)=C1Nc1cc(Cl)c(O)c(Cl)c1,0.555832498,2.415146091,-8.1,-7.9,3.832,381.9678752
Cc1nc(C)n(-c2ccc(Nc3cc(-c4ccc(C)o4)c(C(F)(F)F)cn3)cc2)n1,0.470977769,2.699619088,-9.2,-9.1,5.60996,413.1463449
Clc1ccc(-c2cc(Cl)ccc2-c2ccnc(Nc3ccc(N4CCOCC4)cc3)n2)cc1,0.346849986,2.249107183,-9.1,-8.4,6.6976,476.1170667
N#Cc1ccc(-c2ccc(CSc3nnc(-c4ccc5c(c4)OCO5)o3)cc2)cc1,0.410876371,2.293696678,-9.3,-9.4,5.29628,413.0834123
CCCC(=O)Nc1n[nH]c2ccc(-c3ccccc3)cc12,0.758874824,1.967183343,-8.3,-7.6,3.9685,279.1371622
COCCN1CCC(CNC(=O)c2n[nH]c3ccc(-c4ccc(Cl)cc4)cc23)CC1,0.599300035,2.296246977,-8.9,-8.1,3.9715,426.1822538
Cc1nc(-c2ccc(Cl)cc2)c(-c2ccnc(NC(=O)C3CC3)c2)[nH]1,0.728338929,2.310164562,-9,-8,4.44902,352.1090888
c1ccc(-c2ccc(CSc3nnc(-c4ccc5c(c4)OCCO5)o3)cc2)cc1,0.412852211,2.143259086,-9.4,-9.1,5.4671,402.1038134
NC1CCN(c2ccccc2NC(=O)c2ccnc(Nc3ccc(N4CCOCC4)cc3)c2)CC1,0.501631423,2.383544533,-8.7,-9.2,3.8416,472.2586743
N#Cc1ccc(-c2ccc(CSc3nnc(-c4ccc5c(c4)OCCO5)o3)cc2)cc1,0.397746084,2.328630459,-9.4,-9.5,5.33878,427.0990624
COCCN1CCC(CNC(=O)c2n[nH]c3ccc(-c4ccccc4)cc23)CC1,0.647153718,2.235827093,-8.8,-8.5,3.3181,392.2212261
O=C1NC(=O)C(c2cn(CCCN3CCOCC3)c3ccccc23)=C1c1ccccc1,0.629090111,2.407668877,-9.2,-7.6,2.9308,415.1895917
c1ccc(-c2ccc(CSc3nnc(-c4ccc5c(c4)OCCO5)o3)cc2)cc1,0.412852211,2.143259086,-9.4,-9.1,5.4671,402.1038134
COCCN1CCC(CNC(=O)c2n[nH]c3ccc(-c4ccc(Cl)cc4)cc23)CC1,0.599300035,2.296246977,-8.9,-8.1,3.9715,426.1822538
O=C(Nc1n[nH]c2ccc(-c3ccccc3)cc12)C1CC1,0.768445346,1.963749043,-8.9,-8,3.5784,277.1215121
O=C(O)c1ccc(-c2nnc(SCc3ccc(-c4ccccc4)cc3)o2)cc1,0.446120005,1.941338877,-9.4,-8.4,5.3941,388.0881634
Cn1cc(C2=C(c3ccccc3)C(=O)NC2=O)c2ccccc21,0.74005506,2.152761451,-8.5,-8.3,2.7455,302.1055277
COCCN1CCC(CNC(=O)c2n[nH]c3ccc(-c4ccc(Cl)cc4Cl)cc23)CC1,0.538721417,2.417884343,-9.1,-8.2,4.6249,460.1432814
O=C(Nc1n[nH]c2cc(-c3ccc(Cl)cc3)ccc12)C1CC1,0.7600986,2.046178302,-8.2,-7.7,4.2318,311.0825397
COCCN1CCC(CNC(=O)c2n[nH]c3ccc(-c4ccccc4)cc23)CC1,0.647153718,2.235827093,-8.8,-8.5,3.3181,392.2212261
c1ccc(-c2ccc(CSc3nnc(-c4ccc5c(c4)OCCO5)o3)cc2)cc1,0.412852211,2.143259086,-9.4,-9.1,5.4671,402.1038134
O=C(Nc1n[nH]c2ncc(-c3ccc(Cl)cc3)cc12)C1CC1,0.775545072,2.219756324,-8.6,-8.2,3.6268,312.0777887
COCCN1CCC(CNC(=O)c2n[nH]c3ccc(-c4ccc(Cl)cc4)cc23)CC1,0.599300035,2.296246977,-9,-8.1,3.9715,426.1822538
O=C(O)c1ccc(CN2CCC(CNC(=O)c3ccnc4[nH]c(-c5ccc(F)cc5)cc34)CC2)o1,0.366730799,2.612458617,-9.2,-9,4.3022,476.1859835
O=C(NCC1CCN(Cc2ccccc2)CC1)c1cccc(-n2ncc3cc(Nc4ccccc4Cl)ccc32)c1,0.217299932,2.40876517,-9.9,-10.3,7.0645,549.2295383
N#Cc1ccc(-c2nnc(SCc3ccc(-c4ccccc4)cc3)o2)cc1,0.430512969,2.02047577,-9.2,-8.2,5.56758,369.0935831
N#Cc1ccc(-c2ccc(CSc3nnc(-c4ccc5c(c4)OCO5)o3)cc2)cc1,0.410876371,2.293696678,-9.3,-9.5,5.29628,413.0834123
Clc1ccc(Nc2nccc(-c3cnn4ncccc34)n2)cc1Cl,0.594122222,2.508098079,-8.7,-8.3,4.2367,356.0343997
CNC(=O)c1sc(-c2ccnc(NC(=O)C3CC3)c2)nc1OCCCCCCCCCCCCOc1cccc(-c2cccc(NC(=O)C3CC3)c2)n1,0.067983127,3.175511406,-8.5,-7.4,8.6825,738.3563397
COc1ccc(C(=O)Nc2cncc(C(=O)NCC3CCN(Cc4ccccc4)CC3)c2)cc1,0.533460579,2.090290183,-9.4,-9.2,3.9845,458.2317908
Cn1cc(C2=C(c3ccccc3)C(=O)NC2=O)c2cc(F)ccc21,0.738264262,2.27241199,-8.6,-8.4,2.8846,320.0961059
N=C1NC(=O)C(=Cc2ccc(-c3ccc(S(N)(=O)=O)cc3)o2)S1,0.727500958,2.751821985,-8.3,-7.9,1.73267,349.0190978
Cn1cc(C2=C(c3ccc(Cl)cc3)C(=O)NC2=O)c2ccccc21,0.72915021,2.217076243,-8.1,-8.4,3.3989,336.0665553
Clc1ccc(Nc2cc(-c3ccnc(Nc4ccc(N5CCOCC5)cc4)n3)ccn2)cc1Cl,0.332830246,2.401296785,-9.9,-9.9,6.1692,492.1232147
O=C(Nc1n[nH]c2cc(-c3ccccc3)ccc12)C1CC1,0.768445346,1.975895071,-8.5,-7.7,3.5784,277.1215121
c1ccc(-c2ccc(CSc3nnc(-c4ccc5c(c4)OCCO5)o3)cc2)cc1,0.412852211,2.143259086,-9.4,-9.1,5.4671,402.1038134
CN1CCN(CCCNC(=O)c2cccc(-n3ncc4cc(Nc5ccccc5Cl)ccc43)c2)CC1,0.339079856,2.379374252,-9.4,-9.2,4.7898,502.2247873
N#Cc1ccc(-c2ccc(CSc3nnc(-c4ccc5c(c4)OCO5)o3)cc2)cc1,0.410876371,2.293696678,-9.6,-9.4,5.29628,413.0834123
Cn1cc(C2=C(c3ccc(Cl)cc3)C(=O)NC2=O)c2ccccc21,0.72915021,2.217076243,-8.1,-8.5,3.3989,336.0665553
N#Cc1ccc(-c2ccc(CSc3nnc(-c4ccc5c(c4)OCO5)o3)cc2)cc1,0.410876371,2.293696678,-9.5,-9.4,5.29628,413.0834123
O=C1NC(=O)C(c2ccccc2)=C1Nc1cc(Cl)c(O)c(Cl)c1,0.587526714,2.35591934,-8,-8.2,3.1786,348.0068475
Cn1cc(C2=C(c3ccc(Cl)cc3)C(=O)NC2=O)c2ccccc21,0.72915021,2.217076243,-8.1,-8.5,3.3989,336.0665553
Cc1ncn(-c2ccc(Nc3nccc(-c4cnn5ncccc45)n3)cc2)n1,0.519915378,2.77105685,-9.6,-9,2.81902,369.1450415
N#Cc1ccc(CSc2nnc(-c3ccc4c(c3)OCCO4)o2)cc1,0.663305478,2.298438762,-8.8,-7.8,3.67178,351.0677623
Cn1c(N2CCNC(c3ccc(Cl)cc3)C2)nc(-c2ccncc2)cc1=O,0.75527413,2.934106548,-9.2,-8.3,2.6466,381.1356379
O=C(Nc1n[nH]c2nc(-c3ccc(Cl)cc3Cl)ccc12)C1CC1,0.742881467,2.362993027,-8.5,-7.9,4.2802,346.0388164
Cn1cc(C2=C(c3ccccc3)C(=O)NC2=O)c2ccccc21,0.74005506,2.152761451,-8.5,-8.3,2.7455,302.1055277
c1ccc(-c2ccc(CSc3nnc(-c4ccc5c(c4)OCCO5)o3)cc2)cc1,0.412852211,2.143259086,-9.4,-9.1,5.4671,402.1038134
c1ccc(-c2ccc(CSc3nnc(-c4ccc5c(c4)OCO5)o3)cc2)cc1,0.425315534,2.104144358,-9.4,-8.9,5.4246,388.0881634
Cn1cc(C2=C(c3ccccc3)C3=C(CCOCCOCCOCCOCCOCCOCCOCCOCCOCC3)CC2(C)C)c2ccccc21,0.283583553,4.031714667,-12,-9.4,6.7588,735.4346325
N#Cc1ccc(-c2ccc(CSc3nnc(-c4ccc5c(c4)OCO5)o3)cc2)cc1,0.410876371,2.293696678,-9.3,-7.9,5.29628,413.0834123
O=C(Nc1cc(-c2[nH]c(-c3ccc(F)cc3)nc2-c2ccc(F)cc2)ccn1)C1CC1,0.455597278,2.307570946,-10.4,-8.5,5.4324,416.1448676
c1ccc(-c2ccc(CSc3nnc(-c4ccc5c(c4)OCCO5)o3)cc2)cc1,0.412852211,2.143259086,-9.4,-9.1,5.4671,402.1038134
Cn1cc(C2=C(c3ccccc3)C(=O)NC2=O)c2ccccc21,0.74005506,2.152761451,-8.5,-8.3,2.7455,302.1055277
Cn1cc(C2=C(c3ccccc3)C(=O)NC2=O)c2ccccc21,0.74005506,2.152761451,-8.5,-8.3,2.7455,302.1055277
c1ccc(-c2ccc(CSc3nnc(-c4ccc5c(c4)OCCO5)o3)cc2)cc1,0.412852211,2.143259086,-9.4,-9,5.4671,402.1038134
O=C(Nc1cc(-c2ccnc(Nc3ccccc3)c2)ccn1)C1CC1,0.73426779,2.063729845,-8.6,-8.1,4.2357,330.1480612
COCCN1CCC(CNC(=O)c2n[nH]c3ccc(-c4ccc(Cl)cc4Cl)cc23)CC1,0.538721417,2.417884343,-9.1,-8.2,4.6249,460.1432814
N=C1NC(=O)C(=Cc2ccc(-c3ccc(S(N)(=O)=O)cc3)o2)S1,0.727500958,2.751821985,-8.4,-7.7,1.73267,349.0190978
COc1ccc(C2=C(c3cn(CCCN4CCOCC4)c4ccccc34)C(=O)NC2=O)cc1,0.566432675,2.459581911,-9,-8.1,2.9394,445.2001563
O=C1NC(=O)C(c2ccccc2)=C1Nc1cc(Cl)c(O)c(Cl)c1,0.587526714,2.35591934,-8.1,-8.2,3.1786,348.0068475
c1ccc(-c2ccc(CSc3nnc(-c4ccc5c(c4)OCCO5)o3)cc2)cc1,0.412852211,2.143259086,-9.4,-9.1,5.4671,402.1038134
O=C(NCC1CCN(CCc2ccccc2)CC1)c1n[nH]c2ccc(-c3ccc(Cl)cc3)cc12,0.369475978,2.265353862,-9.1,-8.3,5.5678,472.2029892
COCCN1CCC(CNC(=O)c2n[nH]c3ccc(-c4ccc(Cl)cc4Cl)cc23)CC1,0.538721417,2.417884343,-9.1,-7.9,4.6249,460.1432814
c1cc(-c2ccc(N3CCOCC3)cc2)ccc1CSc1nnc(-c2ccc3c(c2)OCO3)o1,0.351341383,2.372265255,-9.9,-10.4,5.2612,473.1409272
O=C(NCCCCCC1CCN(Cc2ccccc2)CC1)c1ccnc2nc(-c3ccc(F)cc3)[nH]c12,0.263889441,2.465293628,-8.6,-8.2,5.9664,499.2747389
COCCN1CCC(CNC(=O)c2n[nH]c3ccc(-c4ccc(Cl)cc4Cl)cc23)CC1,0.538721417,2.417884343,-9.2,-8.1,4.6249,460.1432814
Cc1nc(-c2ccc(F)cc2)c(-c2ccnc(NC(=O)C3CC3)c2)[nH]1,0.758070095,2.315199882,-9.1,-8.2,3.93472,336.1386394
Cn1cc(C2=C(c3ccccc3)C(=O)NC2=O)c2ccccc21,0.74005506,2.152761451,-8.5,-8.3,2.7455,302.1055277
COCCN1CCC(CNC(=O)c2n[nH]c3ccc(-c4ccc(Cl)cc4Cl)cc23)CC1,0.538721417,2.417884343,-9.1,-8.1,4.6249,460.1432814
c1ccc(-c2ccc(CSc3nnc(-c4ccc5c(c4)OCCO5)o3)cc2)cc1,0.412852211,2.143259086,-9.4,-9.1,5.4671,402.1038134
c1ccc(-c2ccc(CSc3nnc(-c4ccc5c(c4)OCO5)o3)cc2)cc1,0.425315534,2.104144358,-9.4,-8.9,5.4246,388.0881634
CSc1ccc(NC2=C(c3ccc(Cl)cc3)C(=O)NC2=O)cc1,0.657625785,2.261784033,-7.6,-7.5,3.5415,344.0386263
N#Cc1ccc(-c2ccc(CSc3nnc(-c4ccc5c(c4)OCO5)o3)cc2)cc1,0.410876371,2.293696678,-9.6,-9.4,5.29628,413.0834123
Clc1ccc(Nc2nccc(-c3cnn4ncccc34)n2)cc1Cl,0.594122222,2.508098079,-8.7,-8.1,4.2367,356.0343997
O=C1Nc2ccccc2NC1=C1C(=O)Nc2ccccc21,0.647589488,2.360171237,-9.4,-9.3,2.414,277.0851266
c1ccc(-c2ccc(CSc3nnc(-c4ccc5c(c4)OCCO5)o3)cc2)cc1,0.412852211,2.143259086,-9.4,-9,5.4671,402.1038134
O=C1NC(=O)C(c2cn(CCCN3CCOCC3)c3ccccc23)=C1c1cn(CCCO)c2ccccc12,0.336278322,2.763409564,-9.4,-9.2,3.2679,512.2423555
O=C(Nc1n[nH]c2ccc(-c3ccccc3)cc12)C1CC1,0.768445346,1.963749043,-8.7,-8.3,3.5784,277.1215121
CSc1ccc(NC2=C(c3ccccc3)C(=O)NC2=O)cc1,0.673281968,2.198439841,-7.7,-7.7,2.8881,310.0775987
O=C(Nc1cc(-c2ccnc(Nc3ccccc3)c2)ccn1)C1CC1,0.73426779,2.063729845,-8.6,-8.1,4.2357,330.1480612
O=C(Nc1ccnc(-c2ccnc(NC(=O)C3CC3)c2)c1)C1CC1,0.886331622,2.162229184,-8.3,-7.4,2.8406,322.1429758
O=C1NC(=O)C(c2cn(CCCO)c3ccccc23)=C1c1ccc(Cl)cc1,0.667349939,2.349082605,-8.1,-7.9,3.2443,380.0927701
c1ccc(-c2ccc(CSc3nnc(-c4ccc5c(c4)OCCO5)o3)cc2)cc1,0.412852211,2.143259086,-9.4,-9.2,5.4671,402.1038134
COCCN1CCC(CNC(=O)c2n[nH]c3ccc(-c4ccc(Cl)cc4Cl)cc23)CC1,0.538721417,2.417884343,-9.1,-8.2,4.6249,460.1432814
c1ccc(-c2ccc(CSc3nnc(-c4ccc5c(c4)OCO5)o3)cc2)cc1,0.425315534,2.104144358,-9.4,-8.9,5.4246,388.0881634
N#Cc1ccc(-c2ccc(CSc3nnc(-c4ccc5c(c4)OCCO5)o3)cc2)cc1,0.397746084,2.328630459,-9.4,-8.2,5.33878,427.0990624
COc1ccc(-c2cc3c(C(=O)NCCc4ccc(NS(C)(=O)=O)cc4)ccnc3o2)cc1,0.40900903,2.411598329,-8.7,-8.2,3.8474,465.1358418
Clc1ccc(Nc2cc(-c3ccnc(Nc4ccc(N5CCOCC5)cc4)n3)ccn2)cc1Cl,0.332830246,2.401296785,-9.9,-9.7,6.1692,492.1232147
O=C1NC(=O)C(c2coc3ncccc23)=C1c1ccccc1,0.73552187,2.510002924,-8.1,-8.1,2.395,290.0691422
Cn1cc(C2=C(c3ccccc3)C(=O)NC2=O)c2ccccc21,0.74005506,2.152761451,-8.5,-8.3,2.7455,302.1055277
Clc1ccc(Nc2nccc(-c3cnn4ncccc34)n2)cc1Cl,0.594122222,2.508098079,-8.7,-8.3,4.2367,356.0343997
COCCN1CCC(CNC(=O)c2n[nH]c3ccc(-c4ccccc4)cc23)CC1,0.647153718,2.235827093,-8.7,-8.5,3.3181,392.2212261
c1ccc(-c2ccc(CSc3nnc(-c4ccc5c(c4)OCCO5)o3)cc2)cc1,0.412852211,2.143259086,-9.4,-9.1,5.4671,402.1038134
COCCN1CCC(CNC(=O)c2n[nH]c3ccc(-c4ccc(Cl)cc4Cl)cc23)CC1,0.538721417,2.417884343,-9,-8.2,4.6249,460.1432814
Cn1cc(C2=C(c3ccccc3)C(=O)NC2=O)c2ccccc21,0.74005506,2.152761451,-8.5,-8.3,2.7455,302.1055277
N=C1NC(=O)C(=Cc2ccc(-c3ccc(S(N)(=O)=O)cc3)o2)S1,0.727500958,2.751821985,-8.3,-7.9,1.73267,349.0190978
N#Cc1ccc(-c2ccc(CSc3nnc(-c4ccc5c(c4)OCCO5)o3)cc2)cc1,0.397746084,2.328630459,-9.5,-9.4,5.33878,427.0990624
Cn1cc(C2=C(c3ccccc3)C(=O)NC2=O)c2ccccc21,0.74005506,2.152761451,-8.4,-8.3,2.7455,302.1055277
Cn1cc(C2=C(c3ccccc3)C(=O)NC2=O)c2ccccc21,0.74005506,2.152761451,-8.5,-8.3,2.7455,302.1055277
Cn1cc(C2=C(c3ccccc3)C(=O)NC2=O)c2ccccc21,0.74005506,2.152761451,-8.5,-8.3,2.7455,302.1055277
c1ccc(-c2ccc(CSc3nnc(-c4ccc5c(c4)OCCO5)o3)cc2)cc1,0.412852211,2.143259086,-9.4,-9.2,5.4671,402.1038134
c1ccc(-c2ccc(CSc3nnc(-c4ccc5c(c4)OCCO5)o3)cc2)cc1,0.412852211,2.143259086,-9.4,-9,5.4671,402.1038134
c1ccc(-c2ccc(CSc3nnc(-c4ccc5c(c4)OCO5)o3)cc2)cc1,0.425315534,2.104144358,-9.4,-8.9,5.4246,388.0881634
c1ccc(-c2ccc(CSc3nnc(-c4ccc5c(c4)OCO5)o3)cc2)cc1,0.425315534,2.104144358,-9.4,-9.1,5.4246,388.0881634
N#Cc1ccc(-c2ccc(CSc3nnc(-c4ccc5c(c4)OCCO5)o3)cc2)cc1,0.397746084,2.328630459,-9.4,-8.9,5.33878,427.0990624
C=CC(=O)NCCCn1cc(C2=C(c3ccccc3)C(=O)NC2=O)c2ccccc21,0.364219381,2.487530204,-9.1,-8.3,2.9008,399.1582915
COCCN1CCC(CNC(=O)c2n[nH]c3ccc(-c4ccc(Cl)cc4Cl)cc23)CC1,0.538721417,2.417884343,-9.1,-8.2,4.6249,460.1432814
c1ccc(-c2ccc(CSc3nnc(-c4ccc5c(c4)OCCO5)o3)cc2)cc1,0.412852211,2.143259086,-9.4,-9.1,5.4671,402.1038134
O=C(O)c1ccc(-c2nnc(SCc3ccc(-c4ccccc4)cc3)o2)cc1,0.446120005,1.941338877,-9.3,-8.4,5.3941,388.0881634
COCCN1CCC(CNC(=O)c2n[nH]c3ccc(-c4ccc(Cl)cc4Cl)cc23)CC1,0.538721417,2.417884343,-8.7,-8.4,4.6249,460.1432814
c1ccc(-c2ccc(CSc3nnc(-c4ccc5c(c4)OCCO5)o3)cc2)cc1,0.412852211,2.143259086,-9.4,-8.9,5.4671,402.1038134
Clc1ccccc1Nc1nccc(-c2c(-c3ccccc3)nn3ccccc23)n1,0.412634599,2.269147569,-10,-9.2,5.8553,397.1094232
Clc1ccc(Nc2nccc(-c3cnn4ncccc34)n2)cc1Cl,0.594122222,2.508098079,-8.7,-8.3,4.2367,356.0343997
COCCN1CCC(CNC(=O)c2n[nH]c3ccc(-c4ccc(Cl)cc4Cl)cc23)CC1,0.538721417,2.417884343,-9.1,-8.2,4.6249,460.1432814
COCCN1CCC(CNC(=O)c2n[nH]c3ccc(-c4ccc(Cl)cc4Cl)cc23)CC1,0.538721417,2.417884343,-9.1,-8.2,4.6249,460.1432814
NC(=O)c1ccccc1Nc1cc(Nc2ccccc2Cl)ncc1C(F)(F)F,0.533972454,2.309067308,-8.9,-8.4,5.3399,406.0808234
CCCC(=O)Nc1n[nH]c2cc(-c3ccc(Cl)cc3Cl)ccc12,0.674283825,2.202758945,-8.2,-7.9,5.2753,347.0592175
Cn1cc(C2=C(c3ccccc3)C(=O)NC2=O)c2ccccc21,0.74005506,2.152761451,-8.5,-8.3,2.7455,302.1055277
N#Cc1ccc(-c2ccc(CSc3nnc(-c4ccc5c(c4)OCCO5)o3)cc2)cc1,0.397746084,2.328630459,-9.4,-9.4,5.33878,427.0990624
COCCN1CCC(CNC(=O)c2n[nH]c3ccc(-c4ccc(Cl)cc4Cl)cc23)CC1,0.538721417,2.417884343,-9,-8.1,4.6249,460.1432814
N=C1NC(=O)C(=Cc2ccc(-c3ccc(S(N)(=O)=O)cc3)o2)S1,0.727500958,2.751821985,-8.3,-7.8,1.73267,349.0190978
N=C1NC(=O)C(=Cc2ccc(-c3ccc(S(N)(=O)=O)cc3)cc2)S1,0.728628547,2.510717305,-8.2,-7.7,2.13967,359.0398333
O=C(O)c1ccc(CN2CCC(CNC(=O)c3ccnc4[nH]c(-c5ccc(F)cc5)cc34)CC2)o1,0.366730799,2.612458617,-9.4,-8.9,4.3022,476.1859835
O=C(NCCCN1CCOCC1)c1cccc(-n2ncc3nc(Nc4ccc(Cl)c(Cl)c4)ncc32)c1,0.330351391,2.586448098,-9,-8.6,4.318,525.1446784
c1ccc(-c2ccc(CSc3nnc(-c4ccc5c(c4)OCCO5)o3)cc2)cc1,0.412852211,2.143259086,-9.4,-9,5.4671,402.1038134
CCS(=O)(=O)Nc1ccc(C(=O)Nc2ccc(Nc3cc(-c4cccnc4)ccn3)cc2)cc1,0.33543246,2.246497576,-9,-9.1,4.9011,473.1521606
O=C(O)c1ccc(CN2CCC(CNC(=O)c3n[nH]c4ccc(-c5ccc(O)cc5)cc34)CC2)o1,0.319684411,2.563138891,-10.1,-9.5,3.8687,474.1903199
O=C(Nc1n[nH]c2ccc(-c3ccccc3)cc12)C1CC1,0.768445346,1.963749043,-8.9,-8.4,3.5784,277.1215121
O=C(O)c1ccc(-c2ccc3[nH]nc(-c4ccc(C(=O)O)cc4)c3c2)cc1,0.504730947,1.994622865,-9.5,-9,4.2933,358.0953569
COCCN1CCC(CNC(=O)c2n[nH]c3ccc(-c4ccc(Cl)cc4Cl)cc23)CC1,0.538721417,2.417884343,-9.1,-8.2,4.6249,460.1432814
Cc1ncn(-c2ccc(Nc3nccc(-c4cnn5ncccc45)n3)cc2)n1,0.519915378,2.77105685,-9.5,-9,2.81902,369.1450415
c1ccc(-c2ccc(CSc3nnc(-c4ccc5c(c4)OCCO5)o3)cc2)cc1,0.412852211,2.143259086,-9.4,-9.1,5.4671,402.1038134
CS(=O)(=O)Nc1ccc(CCNC(=O)c2ccc(O)c3oc(-c4ccc(C(=O)O)cc4)cc23)cc1,0.290980102,2.415790201,-9.2,-8.8,3.8476,494.114772
COCCN1CCC(CNC(=O)c2n[nH]c3ccc(-c4ccc(Cl)cc4Cl)cc23)CC1,0.538721417,2.417884343,-9.1,-8,4.6249,460.1432814
c1ccc(-c2ccc(CSc3nnc(-c4ccc5c(c4)OCCO5)o3)cc2)cc1,0.412852211,2.143259086,-9.4,-9,5.4671,402.1038134
N#Cc1ccc(-c2ccc(CSc3nnc(-c4ccc5c(c4)OCO5)o3)cc2)cc1,0.410876371,2.293696678,-9.4,-9.3,5.29628,413.0834123
Clc1ccc(Nc2cc(-c3ccnc(Nc4ccc(N5CCOCC5)cc4)n3)ccn2)cc1Cl,0.332830246,2.401296785,-9.9,-9.7,6.1692,492.1232147
c1ccc(-c2ccc(CSc3nnc(-c4ccc5c(c4)OCO5)o3)cc2)cc1,0.425315534,2.104144358,-9.4,-8.9,5.4246,388.0881634
c1ccc(-c2ccc(CSc3nnc(-c4ccc5c(c4)OCO5)o3)cc2)cc1,0.425315534,2.104144358,-9.3,-8.9,5.4246,388.0881634
c1cc(-c2ccc(N3CCOCC3)cc2)ccc1CSc1nnc(-c2ccc3c(c2)OCCO3)o1,0.33935022,2.408898678,-9.8,-10.7,5.3037,487.1565773
CCCC(=O)Nc1n[nH]c2ncc(-c3ccc(C)o3)cc12,0.769783001,2.513792082,-7.8,-7.3,3.26492,284.1273258
CCCC(=O)Nc1n[nH]c2cc(-c3ccc(C)o3)ccc12,0.763154875,2.307237467,-7.8,-7.3,3.86992,283.1320768
N=C1NC(=O)C(=Cc2ccc(-c3ccc(S(N)(=O)=O)cc3)o2)S1,0.727500958,2.751821985,-8.3,-7.8,1.73267,349.0190978
c1ccc(-c2ccc(CSc3nnc(-c4ccc5c(c4)OCCO5)o3)cc2)cc1,0.412852211,2.143259086,-9.4,-8.4,5.4671,402.1038134
c1ccc(-c2ccc(CSc3nnc(-c4ccc5c(c4)OCCO5)o3)cc2)cc1,0.412852211,2.143259086,-9.4,-9.2,5.4671,402.1038134
Cn1cc(C2=C(c3ccccc3)C(=O)NC2=O)c2ccccc21,0.74005506,2.152761451,-8.5,-8.3,2.7455,302.1055277
O=C(Nc1ccc(Nc2nccc(-c3cccnc3)n2)cc1)c1ccccc1,0.541478819,1.911966395,-9.3,-8.6,4.5345,367.1433102
COCCN1CCC(CNC(=O)c2n[nH]c3ccc(-c4ccc(Cl)cc4Cl)cc23)CC1,0.538721417,2.417884343,-9.1,-8.2,4.6249,460.1432814
Clc1ccc(Nc2nccc(-c3cnn4ncccc34)n2)cc1Cl,0.594122222,2.508098079,-8.7,-8.3,4.2367,356.0343997
c1ccc(-c2ccc(CSc3nnc(-c4ccc5c(c4)OCCO5)o3)cc2)cc1,0.412852211,2.143259086,-9.4,-9.1,5.4671,402.1038134
COc1ccc2[nH]nc(C(=O)NCC3CCN(Cc4ccc(C(=O)O)o4)CC3)c2c1,0.545137194,2.458462942,-9.2,-8.4,2.5047,412.1746699
Cn1cc(C2=C(c3ccccc3)C(=O)NC2=O)c2ccccc21,0.74005506,2.152761451,-8.5,-8.3,2.7455,302.1055277
Clc1ccc(-c2coc(SCc3ccc(-c4ccccc4)cc3)n2)c(Cl)c1,0.315655433,2.263008922,-8.9,-8.9,7.6077,411.0251405
O=C(Nc1cccnc1)c1ccc(CCNC(=O)c2ccnc3nc(-c4ccc(F)cc4)[nH]c23)cc1,0.319969421,2.398774692,-9.3,-9.3,4.3838,480.1710021
COCCN1CCC(CNC(=O)c2n[nH]c3ccc(-c4ccccc4)cc23)CC1,0.647153718,2.235827093,-8.8,-8.6,3.3181,392.2212261
CSc1nn2nc(-c3ccc(F)cc3)c(-c3ccnc(Nc4ccccc4Cl)c3)c2n1C,0.320468096,2.838073281,-10.1,-9.2,6.0548,464.0986215
NC(=O)c1ccc(-c2ccnc(NC(=O)C3CC3)c2)cc1OCC1CC1,0.801623721,2.232783336,-8.1,-8.1,2.9848,351.1582915
c1ccc(-c2ccc(CSc3nnc(-c4ccc5c(c4)OCCO5)o3)cc2)cc1,0.412852211,2.143259086,-9.4,-9.1,5.4671,402.1038134
CN1CCN(CCNC(=O)c2ccc(Nc3nccc(-c4ccc(C#N)cc4)n3)cc2)CC1,0.58183308,2.264030949,-9,-8.5,2.73608,441.2277085
CCCC(=O)Nc1n[nH]c2ccc(-c3ccc(C)cc3)cc12,0.754094939,2.022237643,-8.6,-7.4,4.27692,293.1528122
N#Cc1ccc(-c2ccc(CSc3nnc(-c4ccc5c(c4)OCCO5)o3)cc2)cc1,0.397746084,2.328630459,-9.4,-9.7,5.33878,427.0990624
c1ccc(-c2ccc(CSc3nnc(-c4ccc5c(c4)OCCO5)o3)cc2)cc1,0.412852211,2.143259086,-9.4,-9.2,5.4671,402.1038134
CNC(=O)c1sc(-c2ccnc(NC(=O)C3CC3)c2)cc1CCCNc1c2c(nc3ccccc13)CCCC2,0.22716171,2.886827568,-10.2,-9.6,5.9899,539.2354963
Cn1cc(C2=C(c3ccc(Cl)cc3)C(=O)NC2=O)c2ccccc21,0.72915021,2.217076243,-8.1,-8.5,3.3989,336.0665553
CC(C)(C)c1ccc(S(=O)(=O)Nc2ccc(C(=O)Nc3ccc(Nc4cc(-c5ccccc5)ccn4)cc3)cc2)cc1,0.174711544,2.298603889,-10.2,-9.7,7.8428,576.2195119
N#Cc1ccc(-c2ccc(CSc3nnc(-c4ccc5c(c4)OCO5)o3)cc2)cc1,0.410876371,2.293696678,-9.5,-9.2,5.29628,413.0834123
O=C(Nc1n[nH]c2oc(-c3ccc(Cl)c(Cl)c3)cc12)C1CC1,0.740797622,2.712240727,-8.2,-7.6,4.4782,335.022832
NC(=O)c1ccc(-c2ccnc(Nc3ccccc3Cl)c2)cc1,0.754039018,1.877911102,-8.5,-8.2,4.2445,323.0825397
N=C1NC(=O)C(=Cc2ccc(-c3ccc(S(N)(=O)=O)cc3)o2)S1,0.727500958,2.751821985,-8.3,-7.8,1.73267,349.0190978
O=C(O)c1ccc(-c2nnc(SCc3ccc(-c4ccccc4)cc3)o2)cc1,0.446120005,1.941338877,-9.4,-8.4,5.3941,388.0881634
c1ccc(-c2ccc(CSc3nnc(-c4ccc5c(c4)OCO5)o3)cc2)cc1,0.425315534,2.104144358,-9.4,-8.9,5.4246,388.0881634
COc1ccc(C2=C(c3cn(C)c4ccccc34)C(=O)NC2=O)cc1,0.750397967,2.197917108,-8.3,-8.4,2.7541,332.1160924
COCCN1CCC(CNC(=O)c2n[nH]c3ccc(-c4cccc(F)c4F)cc23)CC1,0.603439149,2.453145363,-9.1,-8.8,3.5963,428.2023825
Cc1ccc(-c2ccc3occ(-c4ccc(S(C)=O)cc4)c3c2)o1,0.502529076,2.897323835,-9.1,-8.5,5.40562,336.0820154
O=C1NC(=O)C(c2cn(CCCN3CCOCC3)c3ccccc23)=C1c1ccccc1,0.629090111,2.407668877,-9.2,-7.6,2.9308,415.1895917
c1ccc(-c2ccc(CSc3nnc(-c4ccc5c(c4)OCCO5)o3)cc2)cc1,0.412852211,2.143259086,-9.4,-8.5,5.4671,402.1038134
COc1ccc2[nH]nc(C(=O)NCC3CCN(Cc4ccc(C(=O)O)o4)CC3)c2c1,0.545137194,2.458462942,-9.2,-8.3,2.5047,412.1746699
O=C(O)c1ccc(-c2ccc3c(NC(=O)C4CC4)n[nH]c3c2)cc1,0.686982919,2.088946379,-8.4,-8.4,3.2766,321.1113413
N#Cc1ccc(-c2ccc(CSc3nnc(-c4ccc5c(c4)OCO5)o3)cc2)cc1,0.410876371,2.293696678,-9.4,-9.6,5.29628,413.0834123
N#Cc1ccc(-c2ccc(CSc3nnc(-c4ccc5c(c4)OCCO5)o3)cc2)cc1,0.397746084,2.328630459,-9.4,-9.5,5.33878,427.0990624
CNC(=O)c1sc(-c2ccnc(NC(=O)C3CC3)c2)nc1OCC1CC1,0.779405599,2.643919268,-7.9,-7,2.702,372.1256115
COc1ccc(-c2nc(NC3CCCCC3)[nH]c2-c2ccnc(NC(=O)C3CC3)c2)cc1,0.47573643,2.503917574,-9.5,-8.6,5.2404,431.2321252
c1ccc(-c2ccc(CSc3nnc(-c4ccc5c(c4)OCCO5)o3)cc2)cc1,0.412852211,2.143259086,-9.4,-9.1,5.4671,402.1038134
c1ccc(-c2nn3ccccc3c2-c2ccnc(Nc3ccc(N4CCOCC4)cc3)n2)cc1,0.40639767,2.425951681,-9.5,-8.9,5.0385,448.2011594
O=C(Nc1n[nH]c2cc(-c3ccc(Cl)cc3Cl)ccc12)C1CC1,0.709714163,2.199535986,-8.2,-7.8,4.8852,345.0435674
N#Cc1ccc(-c2ccc(CSc3nnc(-c4ccc5c(c4)OCCO5)o3)cc2)cc1,0.397746084,2.328630459,-9.4,-9.4,5.33878,427.0990624
Clc1ccc(Nc2nccc(-c3cnn4ncccc34)n2)cc1Cl,0.594122222,2.508098079,-8.7,-8.3,4.2367,356.0343997
C[PH](=O)(=O)c1ccc(-c2coc3ccc(-c4ccc(C(=O)O)cc4)cc23)cc1,0.485012102,2.985730622,-9.7,-8.3,5.161,392.0813603
N#Cc1ccc(-c2ccc(CSc3nnc(-c4ccc5c(c4)OCO5)o3)cc2)cc1,0.410876371,2.293696678,-9.5,-9.2,5.29628,413.0834123
COCCN1CCC(CNC(=O)c2n[nH]c3ccc(-c4ccc(Cl)cc4)cc23)CC1,0.599300035,2.296246977,-8.8,-8.3,3.9715,426.1822538
c1ccc(-c2ccc(CSc3nnc(-c4ccc5c(c4)OCCO5)o3)cc2)cc1,0.412852211,2.143259086,-9.4,-9,5.4671,402.1038134
N#Cc1ccc(-c2ccc(CSc3nnc(-c4ccc5c(c4)OCCO5)o3)cc2)cc1,0.397746084,2.328630459,-9.3,-9.6,5.33878,427.0990624
c1ccc(-c2ccc(CSc3nnc(-c4ccc5c(c4)OCO5)o3)cc2)cc1,0.425315534,2.104144358,-9.4,-8.9,5.4246,388.0881634
O=C(O)c1ccc(CN2CCC(CNC(=O)c3cncc4ccc(-c5ccccc5)cc34)CC2)o1,0.402353046,2.463425375,-9.7,-9.7,4.835,469.2001563
N#Cc1ccc(-c2ccc(CSc3nnc(-c4ccc5c(c4)OCCO5)o3)cc2)cc1,0.397746084,2.328630459,-9.4,-9.7,5.33878,427.0990624
COCCN1CCC(CNC(=O)c2n[nH]c3ccc(-c4ccc(Cl)cc4)cc23)CC1,0.599300035,2.296246977,-8.9,-8.1,3.9715,426.1822538
N#Cc1ccc(-c2ccc(CSc3nnc(-c4ccc5c(c4)OCCO5)o3)cc2)cc1,0.397746084,2.328630459,-9.5,-9.5,5.33878,427.0990624
CSc1nc(-c2ccc(Cl)cc2)c(-c2ccnc(NC(=O)C3CC3)c2)[nH]1,0.615884038,2.391606205,-8.6,-7.5,4.8625,384.0811598
CSc1nn2nc(-c3ccc(F)cc3)c(-c3ccnc(Nc4ccc(Cl)cc4)c3)c2n1C,0.320468096,2.803745354,-10.2,-8.8,6.0548,464.0986215
O=C(NCC1CCN(Cc2ccccc2)CC1)c1n[nH]c2ccc(-c3ccccc3)cc12,0.464120718,2.146793483,-9.7,-9.5,4.8719,424.2263115
Clc1ccc(Nc2cc(-c3ccnc(Nc4ccc(N5CCOCC5)cc4)n3)ccn2)cc1Cl,0.332830246,2.401296785,-9.6,-9.9,6.1692,492.1232147
N#Cc1ccc(-c2ccc(CSc3nnc(-c4ccc5c(c4)OCCO5)o3)cc2)cc1,0.397746084,2.328630459,-9.3,-9.6,5.33878,427.0990624
N#Cc1ccc(-c2ccc(CSc3nnc(-c4ccc5c(c4)OCCO5)o3)cc2)cc1,0.397746084,2.328630459,-9.4,-9.7,5.33878,427.0990624
Cn1cc(C2=C(c3ccccc3)C(=O)NC2=O)c2ccccc21,0.74005506,2.152761451,-8.5,-8.3,2.7455,302.1055277
c1cc(-c2ccc(N3CCOCC3)cc2)ccc1CSc1nnc(-c2ccc3c(c2)OCCO3)o1,0.33935022,2.408898678,-9.8,-10.7,5.3037,487.1565773
O=C(Nc1n[nH]c2ccc(-c3ccccc3)cc12)C1CC1,0.768445346,1.963749043,-8.9,-8.3,3.5784,277.1215121
COCCN1CCC(CNC(=O)c2n[nH]c3ccc(-c4ccc(Cl)cc4Cl)cc23)CC1,0.538721417,2.417884343,-9,-8.1,4.6249,460.1432814
O=C1NC(=O)C(c2ccc(Cl)cc2)=C1Nc1cc(Cl)c(O)c(Cl)c1,0.555832498,2.415146091,-8.1,-8,3.832,381.9678752
COCCN1CCC(CNC(=O)c2n[nH]c3ccc(-c4ccc(Cl)cc4Cl)cc23)CC1,0.538721417,2.417884343,-9.2,-7.8,4.6249,460.1432814
O=C1NC(=O)C(c2cn(CCCN3CCOCC3)c3ccccc23)=C1c1cn(CCCO)c2ccccc12,0.336278322,2.763409564,-9.3,-7.5,3.2679,512.2423555
O=C1NC(=O)C(c2cn(CCCN3CCOCC3)c3ccccc23)=C1c1ccccc1,0.629090111,2.407668877,-9.2,-7.7,2.9308,415.1895917
COc1ccc(CSc2nc(-c3ccc(F)cc3)c(-c3ccnc(NC(=O)C4CC4)c3)[nH]2)cc1,0.309646332,2.411569161,-9.9,-8.3,5.9272,474.1525752
CSc1nc(-c2ccc(F)cc2)c(C2=CC=NC(Nc3ccc(NC(=O)c4ccc(N5CCOCC5)cc4)cc3)=NC=C2)n1C,0.229326086,3.233534458,-10,-8.5,6.4866,621.2322225
N#Cc1ccc(-c2ccc(CSc3nnc(-c4ccc5c(c4)OCO5)o3)cc2)cc1,0.410876371,2.293696678,-9,-9,5.29628,413.0834123
c1ccc(-c2ccc(CSc3nnc(-c4ccc5c(c4)OCCO5)o3)cc2)cc1,0.412852211,2.143259086,-9.4,-9,5.4671,402.1038134
c1ccc(-c2ccc(CSc3nnc(-c4ccc5c(c4)OCCO5)o3)cc2)cc1,0.412852211,2.143259086,-9.4,-9,5.4671,402.1038134
c1ccc(-c2ccc(CSc3nnc(-c4ccc5c(c4)OCO5)o3)cc2)cc1,0.425315534,2.104144358,-9.4,-8.9,5.4246,388.0881634
N#Cc1ccc(-c2ccc(CSc3nnc(-c4ccc5c(c4)OCO5)o3)cc2)cc1,0.410876371,2.293696678,-9.5,-9.4,5.29628,413.0834123
NS(=O)(=O)c1ccc(-c2ccnc(Nc3ccc(N4CCOCC4)cc3)n2)c(-c2ccc(F)cc2)c1,0.404522403,2.415277672,-9.5,-9.3,4.1773,505.1583888
COCCN1CCC(CNC(=O)c2n[nH]c3ccc(-c4ccc(O)cc4)cc23)CC1,0.559095199,2.352971645,-8.8,-8.6,3.0237,408.2161408
O=C(Nc1n[nH]c2nc(-c3ccc(Cl)cc3)ccc12)C1CC1,0.775545072,2.223349731,-8.1,-7.6,3.6268,312.0777887
N#Cc1ccc(-c2ccc(CSc3nnc(-c4ccc5c(c4)OCO5)o3)cc2)cc1,0.410876371,2.293696678,-9.4,-9.4,5.29628,413.0834123
Cn1cc(C2=C(c3ccccc3)C(=O)NC2=O)c2ccccc21,0.74005506,2.152761451,-8.5,-8.3,2.7455,302.1055277
Clc1ccc(Nc2cc(-c3ccncc3)ccn2)cc1Cl,0.721988417,1.991357366,-8,-7.7,5.194,315.0330027
COCCN1CCC(CNC(=O)c2n[nH]c3ccc(-c4ccc(O)cc4)cc23)CC1,0.559095199,2.352971645,-8.7,-8.6,3.0237,408.2161408
CCCC(=O)Nc1n[nH]c2cc(-c3ccc(C(=O)O)cc3)ccc12,0.667395894,2.092027148,-8.2,-7.9,3.6667,323.1269914
COc1ccc(C2=C(c3cn(C)c4ccccc34)C(=O)NC2=O)cc1,0.750397967,2.197917108,-8.3,-8.6,2.7541,332.1160924
O=C(Nc1cccc(-c2ccnc(Nc3ccc(N4CCOCC4)cc3)n2)c1)C1CC1,0.631791486,2.17216558,-9.4,-8.7,4.0723,415.200825
O=C(Nc1n[nH]c2ccc(-c3ccccc3)cc12)C1CC1,0.768445346,1.963749043,-8.6,-8.2,3.5784,277.1215121
COCCN1CCC(CNC(=O)c2n[nH]c3ccc(-c4ccc(Cl)cc4Cl)cc23)CC1,0.538721417,2.417884343,-9.1,-8.1,4.6249,460.1432814
O=C(Nc1cc(-c2ccccc2)ccn1)C1CCCCC1,0.912008789,1.779258012,-8.3,-8.2,4.2674,280.1575633
c1ccc(-c2ccc(CSc3ccc(-c4ccc5c(c4)OCC5)nn3)cc2)cc1,0.385419326,2.226297813,-9.2,-9.3,6.0378,396.1296343
O=C1NC(=O)C(c2cn(CCCN3CCOCC3)c3ccccc23)=C1c1coc2ccccc12,0.449108134,2.668609246,-9.9,-8.9,3.677,455.1845063
c1ccc(-c2ccc(CSc3nnc(-c4ccc5c(c4)OCCO5)o3)cc2)cc1,0.412852211,2.143259086,-9.4,-9.1,5.4671,402.1038134
CS(=O)(=O)C1CCN(c2ccccc2NC(=O)c2ccc(N3CCOCC3)cc2)CC1,0.765684315,2.271049771,-8.8,-8.8,2.7889,443.1878774
Cn1cc(C2=C(c3ccccc3)C(=O)NC2=O)c2ccccc21,0.74005506,2.152761451,-8.5,-8.3,2.7455,302.1055277
N#Cc1ccc(-c2ccc(CSc3nnc(-c4ccc5c(c4)OCCO5)o3)cc2)cc1,0.397746084,2.328630459,-9.5,-9.5,5.33878,427.0990624
COCCN1CCC(CNC(=O)c2n[nH]c3ccc(-c4ccccc4)cc23)CC1,0.647153718,2.235827093,-8.8,-8.7,3.3181,392.2212261
COCCN1CCC(CNC(=O)c2n[nH]c3ccc(-c4ccc(Cl)cc4Cl)cc23)CC1,0.538721417,2.417884343,-8.8,-8.2,4.6249,460.1432814
Cn1cc(C2=C(c3ccccc3)C(=O)NC2=O)c2ccccc21,0.74005506,2.152761451,-8.5,-8.3,2.7455,302.1055277
c1ccc(-c2ccc(CSc3nnc(-c4ccc5c(c4)OCCO5)o3)cc2)cc1,0.412852211,2.143259086,-9.5,-9.2,5.4671,402.1038134
c1ccc(-c2ncn(-c3ccc(Nc4nccc(-c5cnn6ncccc56)n4)cc3)n2)cc1,0.437162669,2.685617269,-10.4,-9.7,4.1776,431.1606915
COCCN1CCC(CNC(=O)c2n[nH]c3ccc(-c4ccccc4Cl)cc23)CC1,0.599300035,2.340632653,-9,-8.8,3.9715,426.1822538
c1ccc(-c2ncn(-c3ccc(-c4ccnc(Nc5ccc(N6CCOCC6)cc5)n4)cc3)n2)cc1,0.371271005,2.422707109,-10,-9.6,4.9715,475.2120584
O=C1NC(=O)C(c2cn(CCCN3CCOCC3)c3ccccc23)=C1c1ccccc1,0.629090111,2.407668877,-9.2,-8.2,2.9308,415.1895917
COCCN1CCC(CNC(=O)c2n[nH]c3ccc(-c4ccc(Cl)cc4)cc23)CC1,0.599300035,2.296246977,-9,-8,3.9715,426.1822538
c1ccc(-c2ccc(CSc3nnc(-c4ccc5c(c4)OCCO5)o3)cc2)cc1,0.412852211,2.143259086,-9.4,-9.2,5.4671,402.1038134
c1ccc(-c2ccc(CSc3nnc(-c4ccc5c(c4)OCCO5)o3)cc2)cc1,0.412852211,2.143259086,-9.4,-9.2,5.4671,402.1038134
CCCC(=O)Nc1n[nH]c2ncc(-c3ccc(Cl)cc3Cl)cc12,0.719004571,2.377350424,-8.4,-8.1,4.6703,348.0544664
CCCC(=O)Nc1n[nH]c2ccc(-c3ccccc3)cc12,0.758874824,1.967183343,-8.2,-7.8,3.9685,279.1371622
COCCN1CCC(CNC(=O)c2n[nH]c3ccc(-c4ccc(Cl)cc4Cl)cc23)CC1,0.538721417,2.417884343,-9.1,-8.1,4.6249,460.1432814
N#Cc1ccc(-c2ccc(CSc3nnc(-c4ccc5c(c4)OCCO5)o3)cc2)cc1,0.397746084,2.328630459,-9.4,-9.4,5.33878,427.0990624
Cc1ccc(-c2ccc(CSc3nnc(-c4ccc5c(c4)OCCO5)o3)cc2)cc1,0.384730018,2.194114828,-9.5,-9.5,5.77552,416.1194635
O=C1NC(=O)C(c2ccccc2)=C1Nc1cc(Cl)c(O)c(Cl)c1,0.587526714,2.35591934,-7.9,-8.2,3.1786,348.0068475
COCCN1CCC(CNC(=O)c2n[nH]c3ccc(-c4ccc(Cl)cc4Cl)cc23)CC1,0.538721417,2.417884343,-9.1,-8.1,4.6249,460.1432814
Cn1c(N2CCNC(c3ccccc3Cl)C2)nc(-c2ccncn2)cc1=O,0.746716529,3.137660985,-9.1,-8.3,2.0416,382.1308869
O=C1NC(=O)C(c2ccc(Cl)cc2)=C1Nc1cc(Cl)c(O)c(Cl)c1,0.555832498,2.415146091,-8.1,-7.9,3.832,381.9678752
N#Cc1ccc(-c2ccc(CSc3nnc(-c4ccc5c(c4)OCO5)o3)cc2)cc1,0.410876371,2.293696678,-8.9,-9.2,5.29628,413.0834123
O=C(Nc1ccc(Nc2nccc(-c3cccnc3)n2)cc1)c1ccc(N2CCOCC2)cc1,0.448730854,2.209035015,-9.2,-10.1,4.3711,452.196074
CS(=O)(=O)Nc1ccc(CCNC(=O)c2ccnc3oc(-c4ccc(C(=O)O)cc4)cc23)cc1,0.351266831,2.4641484,-9.1,-8.6,3.537,479.1151064
Cc1ncn(-c2ccc(-c3ccnc(Nc4ccc(N5CCOCC5)cc4)n3)cc2)n1,0.53519534,2.419044339,-9.3,-8.7,3.61292,413.1964084
COCCN1CCC(CNC(=O)c2ccnc3[nH]c(-c4ccc(F)cc4)cc23)CC1,0.625926257,2.410227879,-8.4,-8,3.4572,410.2118043
O=C(O)c1ccc(Nc2nccc(-c3c(-c4ccccc4)nn4ccccc34)n2)cc1,0.43048194,2.282280542,-9.6,-8.4,4.9001,407.1382248
O=C1NC(=O)C(c2cn(CCCN3CCOCC3)c3ccccc23)=C1c1ccccc1,0.629090111,2.407668877,-9.2,-7.6,2.9308,415.1895917
c1ccc(-c2ccc(CSc3nnc(-c4ccc5c(c4)OCCO5)o3)cc2)cc1,0.412852211,2.143259086,-9.4,-9,5.4671,402.1038134
N=C1NC(=O)C(=Cc2ccc(-c3ccc(Cl)cc3)o2)S1,0.830631159,2.659404864,-7.6,-7.7,3.73867,304.0073262
N#Cc1ccc(-c2ccc(CSc3nnc(-c4ccc5c(c4)OCCO5)o3)cc2)cc1,0.397746084,2.328630459,-9.4,-9.4,5.33878,427.0990624
NS(=O)(=O)c1ccc(NC2=C(c3ccccc3)C(=O)NC2=O)cc1,0.710156551,2.183088372,-8.3,-8.1,0.8136,343.0626769
c1ccc(-c2ccc(CSc3nnc(-c4ccc5c(c4)OCCO5)o3)cc2)cc1,0.412852211,2.143259086,-9.4,-9,5.4671,402.1038134
COCCN1CCC(CNC(=O)c2n[nH]c3ccc(-c4ccc(Cl)cc4Cl)cc23)CC1,0.538721417,2.417884343,-8.8,-8,4.6249,460.1432814
Cn1c(N2CCNC(c3ccc(F)cc3)C2)nc(-c2ccc(Cl)cc2Cl)cc1=O,0.677625067,2.948274934,-9.8,-8.8,4.0441,432.0919948
CSc1nc(-c2ccc(Cl)cc2)c(-c2ccnc(NC(=O)C3CC3)c2)[nH]1,0.615884038,2.391606205,-9,-7.8,4.8625,384.0811598
COc1ccc2[nH]nc(C(=O)NCC3CCN(Cc4ccc(C(=O)O)o4)CC3)c2c1,0.545137194,2.458462942,-9.1,-8.3,2.5047,412.1746699
COc1ccc(-c2ccc3c(-c4ccc(C(C)=O)cc4)n[nH]c3c2)cc1,0.524476633,1.969339028,-8.9,-8.6,5.1081,342.1368278
c1cnn2ncc(-c3ccnc(Nc4ccc(-n5cnc(N6CCOCC6)n5)cc4)n3)c2c1,0.440078572,2.898664822,-9.8,-9.3,2.3472,440.1821553
N#Cc1ccc(-c2ccc(CSc3nnc(-c4ccc5c(c4)OCO5)o3)cc2)cc1,0.410876371,2.293696678,-9.6,-9.5,5.29628,413.0834123
COCCN1CCC(CNC(=O)c2n[nH]c3ccc(-c4cccc(F)c4F)cc23)CC1,0.603439149,2.453145363,-9.1,-8.7,3.5963,428.2023825
c1cc(-c2ccc(N3CCOCC3)cc2)ccc1CSc1nnc(-c2ccc3c(c2)OCO3)o1,0.351341383,2.372265255,-10,-10.3,5.2612,473.1409272
Clc1ccc(Nc2cc(-c3ccnc(Nc4ccc(N5CCOCC5)cc4)n3)ccn2)cc1Cl,0.332830246,2.401296785,-9.9,-9.6,6.1692,492.1232147
CSc1nc(-c2ccc(Cl)cc2)c(-c2ccnc(NC(=O)C3CC3)c2)[nH]1,0.615884038,2.391606205,-8.7,-7.4,4.8625,384.0811598
c1ccc(-c2ccc(CSc3nnc(-c4ccc5c(c4)OCCO5)o3)cc2)cc1,0.412852211,2.143259086,-9.4,-8.4,5.4671,402.1038134
N#Cc1ccc(-c2ccc(CSc3nnc(-c4ccc5c(c4)OCCO5)o3)cc2)cc1,0.397746084,2.328630459,-9.4,-9.7,5.33878,427.0990624
O=C(NCC1CCN(CCc2ccccc2)CC1)c1n[nH]c2ccc(-c3ccc(Cl)cc3Cl)cc12,0.312270822,2.379356144,-9.2,-8.5,6.2212,506.1640169
N#Cc1ccc(-c2ccc(CSc3nnc(-c4ccc5c(c4)OCCO5)o3)cc2)cc1,0.397746084,2.328630459,-9.3,-9.6,5.33878,427.0990624
O=C1NC(=O)C(c2ccccc2)=C1Nc1cc(Cl)c(O)c(Cl)c1,0.587526714,2.35591934,-7.9,-8.3,3.1786,348.0068475
Clc1ccc(Nc2nccc(-c3cnn4ncccc34)n2)cc1Cl,0.594122222,2.508098079,-8.7,-8.3,4.2367,356.0343997
N#Cc1ccc(-c2ccc(CSc3nnc(-c4ccc5c(c4)OCO5)o3)cc2)cc1,0.410876371,2.293696678,-9.6,-9.6,5.29628,413.0834123
c1ccc(-c2ccc(CSc3nnc(-c4ccc5c(c4)OCCO5)o3)cc2)cc1,0.412852211,2.143259086,-9.4,-8.9,5.4671,402.1038134
C=CC(=O)NCCCn1cc(C2=C(c3ccccc3)C(=O)NC2=O)c2ccccc21,0.364219381,2.487530204,-9.1,-8.6,2.9008,399.1582915
O=C(O)c1ccc(-c2n[nH]c3ccc(-c4ccccc4)cc23)cc1,0.580767804,1.86403632,-9.2,-8.8,4.5951,314.1055277
CN1CCN(CCCNC(=O)c2ccc(Nc3nccc(-c4cnn5ncccc45)n3)cc2)CC1,0.377500869,2.628074332,-9.4,-9.2,2.2972,471.2495065
O=C(Nc1cc(-c2ccnc(NC(=O)C3CC3)n2)ccn1)C1CC1,0.879267182,2.253145474,-8.3,-7.3,2.2356,323.1382248
O=C(NCC1CC1)c1ccc(O)c2[nH]c(-c3ccc(F)cc3)nc12,0.689053462,2.264527827,-8.3,-7.8,3.2144,325.122655
O=C(NCC1CCN(Cc2ccccc2)CC1)c1cccc(-n2ncc3cc(Nc4ccccc4Cl)ccc32)c1,0.217299932,2.40876517,-9.1,-10.2,7.0645,549.2295383
c1ccc(-c2ccc(CSc3nnc(-c4ccc5c(c4)OCCO5)o3)cc2)cc1,0.412852211,2.143259086,-9.4,-9,5.4671,402.1038134
N#Cc1ccc(-c2ccc(CSc3nnc(-c4ccc5c(c4)OCO5)o3)cc2)cc1,0.410876371,2.293696678,-9.3,-9.4,5.29628,413.0834123
O=C(Nc1n[nH]c2ccc(-c3ccccc3)cc12)C1CC1,0.768445346,1.963749043,-8.7,-8.2,3.5784,277.1215121
N=C1NC(=O)C(=Cc2ccc(-c3ccc(S(N)(=O)=O)cc3)o2)S1,0.727500958,2.751821985,-8.3,-7.8,1.73267,349.0190978
Cn1cc(C2=C(c3ccccc3)C(=O)NC2=O)c2ccccc21,0.74005506,2.152761451,-8.5,-8.2,2.7455,302.1055277
O=C1NC(=O)C(c2ccc(Cl)cc2)=C1Nc1cc(Cl)c(O)c(Cl)c1,0.555832498,2.415146091,-8.1,-7.9,3.832,381.9678752
CCCC(=O)Nc1n[nH]c2ncc(-c3ccccc3)cc12,0.769418044,2.158598475,-8.1,-7.7,3.3635,280.1324111
O=C(Nc1cc(-c2ccnc(Nc3ccccc3)c2)ccn1)C1CC1,0.73426779,2.063729845,-8.5,-8,4.2357,330.1480612
Cn1cc(C2=C(c3ccccc3)C(=O)NC2=O)c2ccccc21,0.74005506,2.152761451,-8.5,-8.3,2.7455,302.1055277
NC(=O)c1ccc(-c2ccnc(Nc3ccc(N4CCOCC4)cc3)n2)c(-c2ccc(Cl)cc2)c1,0.392366746,2.336458859,-9.5,-8.6,5.1431,485.1618527
O=C(O)c1ccc(-c2ccc3c(NC(=O)C4CC4)n[nH]c3c2)cc1,0.686982919,2.088946379,-8.3,-8.4,3.2766,321.1113413
N=C1NC(=O)C(=Cc2ccc(-c3ccc(S(N)(=O)=O)cc3)o2)S1,0.727500958,2.751821985,-8.3,-7.8,1.73267,349.0190978
O=C(Nc1cnn(-c2csc(C(=O)NC3CCNCC3)c2)c1)Nc1ccccc1Cl,0.481575523,2.649589683,-9,-8.4,3.713,444.1135226
CCCC(=O)Nc1n[nH]c2ncc(-c3ccccc3)cc12,0.769418044,2.158598475,-8.1,-7.7,3.3635,280.1324111
COCCN1CCC(CNC(=O)c2n[nH]c3ccc(-c4ccc(Cl)cc4)cc23)CC1,0.599300035,2.296246977,-8.9,-7.8,3.9715,426.1822538
CS(=O)(=O)Nc1ccc(CCNC(=O)c2cccc3[nH]c(-c4ccc(Cl)cc4)nc23)cc1,0.377280982,2.213711024,-9.5,-8.7,4.2273,468.1022892
N#Cc1ccc(-c2ccc(CSc3nnc(-c4ccc5c(c4)OCCO5)o3)cc2)cc1,0.397746084,2.328630459,-9.4,-9.5,5.33878,427.0990624
N#Cc1ccc(-c2ccc(CSc3nnc(-c4ccc5c(c4)OCO5)o3)cc2)cc1,0.410876371,2.293696678,-9.5,-9.2,5.29628,413.0834123
O=C(O)c1ccc(-c2ccc3c(NC(=O)C4CC4)n[nH]c3c2)cc1,0.686982919,2.088946379,-8.4,-8.4,3.2766,321.1113413
CCCC(=O)Nc1n[nH]c2cc(-c3ccc(Cl)cc3Cl)ccc12,0.674283825,2.202758945,-8.2,-7.9,5.2753,347.0592175
Cc1cccc(NC(=O)c2ccc(NC(=O)c3ccnc(NC(=O)C4CC4)c3)cc2)c1N1CCC(N)CC1,0.376030947,2.4672193,-10.2,-9.6,4.17062,512.2535889
Cn1c(N2CCNC(c3ccc(Cl)cc3)C2)nc(-c2ccncc2)cc1=O,0.75527413,2.934106548,-9.2,-8.4,2.6466,381.1356379
COCCN1CCC(CNC(=O)c2n[nH]c3ccc(-c4ccc(Cl)cc4)cc23)CC1,0.599300035,2.296246977,-9,-8,3.9715,426.1822538
COCCN1CCC(CNC(=O)c2n[nH]c3ccc(-c4ccc(Cl)cc4Cl)cc23)CC1,0.538721417,2.417884343,-9.2,-8.1,4.6249,460.1432814
Cn1c(N2CCOC(c3ccccc3)C2)nc(-c2ccncc2)cc1=O,0.727450331,2.810005435,-8.6,-8.4,2.4202,348.1586259
Cn1cc(C2=C(c3cn(C)c4cc(F)ccc34)C(=O)NC2=O)c2cc(Br)ccc21,0.465268483,2.675093981,-9.3,-8.9,4.1388,451.033167
O=C(O)c1ccc(-c2ccc3c(NC(=O)C4CC4)n[nH]c3c2)cc1,0.686982919,2.088946379,-8.4,-8.5,3.2766,321.1113413
O=C1NC(=O)C(c2cn(CCCO)c3ccccc23)=C1c1coc2ccccc12,0.515432371,2.574862174,-9.4,-8.6,3.3371,386.1266571
FC(F)(F)c1ccc(-c2ccc(CSc3nnc(-c4ccc5c(c4)OCCO5)o3)cc2)cc1,0.311066304,2.355408353,-9.3,-9.9,6.4859,470.0911981
COCCN1CCC(CNC(=O)c2n[nH]c3ccc(-c4ccc(Cl)cc4)cc23)CC1,0.599300035,2.296246977,-8.9,-8,3.9715,426.1822538
COC1CCC(NC(=O)c2n[nH]cc2NC(=O)c2ccccc2Cl)CC1,0.746913727,2.57589477,-8.9,-8.1,3.0028,376.1302182
O=C(Nc1n[nH]c2nc(-c3ccc(Cl)c(Cl)c3)ccc12)C1CC1,0.742881467,2.343024743,-8.4,-8,4.2802,346.0388164
Cn1cc(C2=C(c3ccc(Cl)cc3)C(=O)NC2=O)c2cccc(F)c21,0.715592679,2.450894753,-8.4,-8.8,3.538,354.0571335
COc1ccc(C2=C(c3cn(C)c4ccccc34)C(=O)NC2=O)cc1,0.750397967,2.197917108,-8.4,-8.4,2.7541,332.1160924
Cn1cc(C2=C(c3cn(C)c4ccccc34)C(=O)NC2=O)c2ccccc21,0.561396223,2.41960808,-9,-8.3,3.2372,355.1320768
c1ccc(-c2ccc(CSc3nnc(-c4ccc5c(c4)OCO5)o3)cc2)cc1,0.425315534,2.104144358,-9.4,-8.9,5.4246,388.0881634
N=C1NC(=O)C(=Cc2ccc(-c3ccc(Cl)cc3)o2)S1,0.830631159,2.659404864,-7.6,-7.7,3.73867,304.0073262
O=C1NC(=O)C(c2cn(CCCN3CCOCC3)c3ccccc23)=C1c1cn(CCCN2CCOCC2)c2ccccc12,0.288494664,2.891248962,-9.4,-8.5,3.6078,581.3002047
N#Cc1ccc(-c2ccc(CSc3nnc(-c4ccc5c(c4)OCCO5)o3)cc2)cc1,0.397746084,2.328630459,-9.5,-9.4,5.33878,427.0990624
CSc1nc(-c2ccc(F)cc2)c(-c2ccnc(Nc3ccc(NC(=O)c4ccc(N5CCOCC5)cc4)cc3)c2)[nH]1,0.173197461,2.62945827,-9.8,-10.2,6.8322,580.2056734
N=C1NC(=O)C(=Cc2ccc(-c3ccc(S(N)(=O)=O)cc3)o2)S1,0.727500958,2.751821985,-8.3,-7.8,1.73267,349.0190978
Cc1nc(-c2ccc(F)cc2)c(-c2ccnc(NC(=O)C3CC3)c2)[nH]1,0.758070095,2.315199882,-9.1,-8,3.93472,336.1386394
COCCN1CCC(CNC(=O)c2n[nH]c3ccc(-c4ccc(Cl)cc4)cc23)CC1,0.599300035,2.296246977,-8.8,-8,3.9715,426.1822538
N#Cc1ccc(-c2ccc(CSc3nnc(-c4ccc5c(c4)OCCO5)o3)cc2)cc1,0.397746084,2.328630459,-9.4,-9.4,5.33878,427.0990624
O=C(Nc1ccc(F)cc1Cl)c1ccnc2[nH]c(-c3ccc(F)cc3)nc12,0.53224126,2.249102585,-9.2,-8.3,4.8088,384.0589451
N#Cc1ccc(-c2ccc(CSc3nnc(-c4ccc5c(c4)OCO5)o3)cc2)cc1,0.410876371,2.293696678,-9.5,-9.6,5.29628,413.0834123
Cn1cc(C2=C(c3ccc(Cl)c(Cl)c3)C(=O)NC2=O)c2ccccc21,0.691294786,2.335338709,-8.9,-8.6,4.0523,370.027583
O=C1NC(=O)C(c2cn(CCCN3CCOCC3)c3ccccc23)=C1c1ccccc1,0.629090111,2.407668877,-9.2,-7.6,2.9308,415.1895917
CSc1nc(-c2ccc(F)cc2)c(-c2ccnc(Nc3ccc(NC(=O)c4ccc(N5CCOCC5)cc4)cc3)c2)[nH]1,0.173197461,2.62945827,-9.7,-9.2,6.8322,580.2056734
c1ccc(-c2nn3ccccc3c2-c2ccnc(Nc3ccc(N4CCOCC4)cc3)n2)cc1,0.40639767,2.425951681,-9.5,-8.9,5.0385,448.2011594
COCCN1CCC(CNC(=O)c2n[nH]c3ccc(-c4ccc(Cl)cc4Cl)cc23)CC1,0.538721417,2.417884343,-9.1,-8.1,4.6249,460.1432814
COCCN1CCC(CNC(=O)c2n[nH]c3cc(-c4ccc(C(=O)O)cc4)ccc23)CC1,0.501074303,2.350444853,-8.8,-8.7,3.0163,436.2110554
COCCN1CCC(CNC(=O)c2n[nH]c3ccc(-c4ccc(Cl)cc4Cl)cc23)CC1,0.538721417,2.417884343,-9.1,-8.2,4.6249,460.1432814
CCCN1CCC(CNC(=O)c2n[nH]c3ccc(-c4ccc(C)cc4)cc23)CC1,0.656148154,2.24346602,-9,-8.5,4.39012,390.2419616
O=C(Nc1cc(-c2ccnc(Nc3ccccc3)c2)ccn1)C1CC1,0.73426779,2.063729845,-8.5,-8.1,4.2357,330.1480612
COCCN1CCC(CNC(=O)c2n[nH]c3ccc(-c4ccc(Cl)cc4)cc23)CC1,0.599300035,2.296246977,-8.9,-8.1,3.9715,426.1822538
COCCN1CCC(CNC(=O)c2n[nH]c3ccc(-c4ccc(Cl)cc4Cl)cc23)CC1,0.538721417,2.417884343,-9.1,-8.2,4.6249,460.1432814
O=C1NC(=O)C(c2ccccc2)=C1Nc1cc(Cl)c(O)c(Cl)c1,0.587526714,2.35591934,-7.9,-8.2,3.1786,348.0068475
CNC(=O)c1sc(-c2ccnc(NC(=O)C3CC3)c2)cc1OCC1CC1,0.782465479,2.523214948,-7.8,-7,3.307,371.1303625
N#Cc1ccc(-c2ccc(CSc3nnc(-c4ccc5c(c4)OCO5)o3)cc2)cc1,0.410876371,2.293696678,-9.6,-9.4,5.29628,413.0834123
CP(=O)(O)c1ccc(-c2coc3ccc(-c4ccc(C(=O)O)cc4)cc23)cc1,0.477864549,2.90916787,-9.6,-8.3,4.9905,392.0813603
COCCN1CCC(CNC(=O)c2n[nH]c3ccc(-c4ccc(Cl)cc4Cl)cc23)CC1,0.538721417,2.417884343,-9.2,-7.9,4.6249,460.1432814
O=C(O)c1ccc(-c2ccc3[nH]nc(-c4ccc(C(=O)O)cc4)c3c2)cc1,0.504730947,1.994622865,-9.4,-9.1,4.2933,358.0953569
Clc1ccc(Nc2nccc(-c3cnn4ncccc34)n2)cc1Cl,0.594122222,2.508098079,-8.7,-8.3,4.2367,356.0343997
Cc1[nH]nc2c1C(c1ccccc1)C1=C(CC(C)(C)C1=O)N2,0.845368718,3.379280522,-8.6,-8,3.52862,293.1528122
Cn1cc(C2=C(c3ccc(Cl)cc3)C(=O)NC2=O)c2cc(Cl)ccc21,0.691294786,2.321834753,-8.3,-8.3,4.0523,370.027583
CSc1nc(-c2ccc(Cl)cc2)c(-c2ccnc(NC(=O)C3CCC3)c2)[nH]1,0.575382325,2.405564124,-8.9,-7.6,5.2526,398.0968099
CCCC(=O)Nc1n[nH]c2ccc(-c3ccccc3)cc12,0.758874824,1.967183343,-8.2,-7.8,3.9685,279.1371622
CS(=O)(=O)Nc1ccc(-c2ccnc(NC3CCCCC3)n2)cc1,0.867968632,2.112498356,-8.2,-7.8,3.2597,346.1463469
Clc1ccc(Nc2cc(-c3ccnc(Nc4ccc(N5CCOCC5)cc4)n3)ccn2)cc1Cl,0.332830246,2.401296785,-9.9,-9.7,6.1692,492.1232147
N#Cc1ccc(-c2ccc(CSc3nnc(-c4ccc5c(c4)OCCO5)o3)cc2)cc1,0.397746084,2.328630459,-9.4,-9.6,5.33878,427.0990624
N#Cc1cnc(-c2ccnc(NC(=O)C3CC3)c2)cc1NC(=O)C1CC1,0.864400688,2.446357414,-8.7,-7.4,2.71228,347.1382248
O=C(Nc1cc(-c2[nH]c(NC(=O)C3CC3)cc2-c2ccccc2)ccn1)C1CC1,0.585214294,2.492532391,-9.6,-8.4,4.4407,386.1742759
Cc1ccc(-c2ccc(CSc3nnc(-c4ccc5c(c4)OCCO5)o3)cc2)o1,0.412743137,2.369945959,-9.2,-8.9,5.36852,406.0987281
Clc1cccc(Nc2nccc(-c3cnn4ncccc34)n2)c1,0.62407752,2.465688416,-8.4,-8.5,3.5833,322.073372
N#Cc1ccc(CSc2nnc(-c3ccc4c(c3)OCCO4)o2)cc1,0.663305478,2.298438762,-8.8,-8.2,3.67178,351.0677623
N=C1NC(=O)C(=Cc2ccc(-c3ccc(S(N)(=O)=O)cc3)o2)S1,0.727500958,2.751821985,-8.3,-7.8,1.73267,349.0190978
c1ccc(-c2ccc(CSc3nnc(-c4ccc5c(c4)OCCO5)o3)cc2)cc1,0.412852211,2.143259086,-9.4,-8.4,5.4671,402.1038134
O=C(O)CN1CCC(CNC(=O)c2n[nH]c3ccc(-c4ccc(Cl)cc4Cl)cc23)CC1,0.514444654,2.421810697,-9.5,-8.8,4.0631,460.1068959
N#Cc1ccc(-c2ccc(CSc3nnc(-c4ccc5c(c4)OCO5)o3)cc2)cc1,0.410876371,2.293696678,-9.4,-9.5,5.29628,413.0834123
Cn1cc(C2=C(c3cn(CCCN4CCOCC4)c4ccccc34)C(=O)NC2=O)c2ccccc21,0.440541409,2.644305013,-9.5,-8.3,3.4225,468.2161408
c1ccc(-c2ccc(CSc3nnc(-c4ccc5c(c4)OCO5)o3)cc2)cc1,0.425315534,2.104144358,-9.4,-8.9,5.4246,388.0881634
N#Cc1ccc(-c2ccc(CSc3nnc(-c4ccc(C(=O)O)cc4)o3)cc2)cc1,0.430013688,2.143200823,-9.4,-9.1,5.26578,413.0834123
CCCC(=O)Nc1n[nH]c2ncc(-c3ccccc3)cc12,0.769418044,2.158598475,-8.1,-7.8,3.3635,280.1324111
N#Cc1ccc(-c2ccc(CSc3nnc(-c4ccc5c(c4)OCCO5)o3)cc2)cc1,0.397746084,2.328630459,-9.5,-8.9,5.33878,427.0990624
O=C1NC(=O)C(c2ccccc2)=C1Nc1ccc(Cl)cc1,0.856775357,2.020319774,-8.1,-7.6,2.8196,298.0509053
CCCC(=O)Nc1n[nH]c2cc(-c3ccc(Cl)cc3Cl)ccc12,0.674283825,2.202758945,-8.1,-7.9,5.2753,347.0592175
Cc1ccc(-c2ccc3c(-c4ccc(C(=O)O)cc4)coc3c2)o1,0.551574189,2.140828791,-8.5,-8.7,5.36642,318.0892089
Cn1cc(C2=C(c3ccc(C(=O)O)cc3)C(=O)NC2=O)c2ccccc21,0.713146658,2.254309363,-8.3,-8.2,2.4437,346.0953569
c1ccc(-c2ccc(CSc3nnc(-c4ccc5c(c4)OCCO5)o3)cc2)cc1,0.412852211,2.143259086,-9.4,-9.1,5.4671,402.1038134
COCCN1CCC(CNC(=O)c2n[nH]c3ccc(-c4ccc(Cl)cc4Cl)cc23)CC1,0.538721417,2.417884343,-9.1,-7.9,4.6249,460.1432814
N#Cc1ccc(-c2ccc(CSc3nnc(-c4ccc5c(c4)OCCO5)o3)cc2)cc1,0.397746084,2.328630459,-9.5,-9.6,5.33878,427.0990624
O=C1NC(=O)C(c2cn(CCCN3CCOCC3)c3ccccc23)=C1c1ccccc1,0.629090111,2.407668877,-9.2,-8.2,2.9308,415.1895917
COCCN1CCC(CNC(=O)c2n[nH]c3ccc(-c4ccc(Cl)cc4)cc23)CC1,0.599300035,2.296246977,-9,-7.7,3.9715,426.1822538
Cn1cc(C2=C(c3ccc(Cl)cc3)C(=O)NC2=O)c2ccccc21,0.72915021,2.217076243,-8.1,-8.4,3.3989,336.0665553
O=C1NC(=O)C(c2ccccc2)=C1Nc1cc(Cl)c(O)c(Cl)c1,0.587526714,2.35591934,-7.9,-8.2,3.1786,348.0068475
CS(=O)(=O)Nc1ccc(CCNC(=O)c2cccc3[nH]c(-c4ccc(Cl)cc4Cl)nc23)cc1,0.334470454,2.330831616,-9.9,-8.9,4.8807,502.0633169
O=C(NCC1CCN(CCc2ccccc2)CC1)c1n[nH]c2ccc(-c3ccc(Cl)cc3)cc12,0.369475978,2.265353862,-8.9,-8,5.5678,472.2029892
CS(=O)(=O)Nc1ccc(-c2ccnc(NC3CCCCC3)n2)cc1,0.867968632,2.112498356,-8.2,-7.8,3.2597,346.1463469
Cn1cc(C2=C(c3cn(CCCN4CCOCC4)c4ccccc34)C(=O)NC2=O)c2ccccc21,0.440541409,2.644305013,-9.5,-8.3,3.4225,468.2161408
CCCC(=O)Nc1n[nH]c2ccc(-c3ccccc3)cc12,0.758874824,1.967183343,-8.3,-7.6,3.9685,279.1371622
c1cc(-c2ccc(N3CCOCC3)cc2)ccc1CSc1nnc(-c2ccc3c(c2)OCO3)o1,0.351341383,2.372265255,-9.9,-10.4,5.2612,473.1409272
CN1CCN(CCNC(=O)c2ccc(Nc3nccc(-c4ccc(C#N)cc4)n3)cc2)CC1,0.58183308,2.264030949,-9.1,-8.4,2.73608,441.2277085
O=C1NC(=O)C(c2cn(CCCN3CCOCC3)c3ccccc23)=C1c1ccccc1,0.629090111,2.407668877,-9.2,-8.2,2.9308,415.1895917
COCCN1CCC(CNC(=O)c2n[nH]c3ccc(-c4ccccc4)cc23)CC1,0.647153718,2.235827093,-8.8,-8.6,3.3181,392.2212261
CCS(=O)(=O)Nc1ccc(CCNC(=O)c2ccnc3[nH]c(-c4ccc(Cl)cc4)nc23)cc1,0.34978178,2.448713386,-8.6,-8.4,4.0124,483.1131882
Cc1ncn(-c2ccc(Nc3nccc(-c4ccnc(Nc5ccc(Cl)c(Cl)c5)c4)n3)cc2)n1,0.292443038,2.591610463,-9.8,-9.6,6.22172,488.1031479
O=C(Nc1n[nH]c2nc(-c3ccc(Cl)cc3Cl)ccc12)C1CC1,0.742881467,2.362993027,-8.4,-7.9,4.2802,346.0388164
O=C(O)c1ccc(-c2ccc3[nH]nc(-c4ccc(C(=O)O)cc4)c3c2)cc1,0.504730947,1.994622865,-9.6,-9,4.2933,358.0953569
CSc1nc(-c2ccc(Cl)c(Cl)c2)c(-c2ccnc(NC(=O)C3CC3)c2)[nH]1,0.534846109,2.500697824,-9.1,-8.4,5.5159,418.0421875
N#Cc1ccc(-c2ccc(CSc3nnc(-c4ccc5c(c4)OCCO5)o3)cc2)cc1,0.397746084,2.328630459,-9.5,-9.7,5.33878,427.0990624
COCCN1CCC(CNC(=O)c2n[nH]c3oc(-c4ccc(OC)cc4)cc23)CC1,0.591027379,2.676473502,-8.4,-7.8,2.9197,412.2110554
COCCN1CCC(CNC(=O)c2n[nH]c3ccc(-c4ccc(O)cc4)cc23)CC1,0.559095199,2.352971645,-8.7,-8.4,3.0237,408.2161408
O=C1Nc2ccccc2NC1=C1C(=O)Nc2ccccc21,0.647589488,2.360171237,-9.4,-9.3,2.414,277.0851266
COCCN1CCC(CNC(=O)c2n[nH]c3ccc(-c4ccccc4Cl)cc23)CC1,0.599300035,2.340632653,-9,-8.9,3.9715,426.1822538
O=C(O)c1ccc(-c2n[nH]c3ccc(-c4ccccc4)cc23)cc1,0.580767804,1.86403632,-9.1,-8.6,4.5951,314.1055277
COCCN1CCC(CNC(=O)c2n[nH]c3ccc(-c4ccc(Cl)cc4Cl)cc23)CC1,0.538721417,2.417884343,-9,-8.2,4.6249,460.1432814
c1ccc(-c2ccc(CSc3nnc(-c4ccc5c(c4)OCCO5)o3)cc2)cc1,0.412852211,2.143259086,-9.4,-9.1,5.4671,402.1038134
N#Cc1ccc(-c2ccc(CSc3nnc(-c4ccc5c(c4)OCO5)o3)cc2)cc1,0.410876371,2.293696678,-9,-9.4,5.29628,413.0834123
O=C1NC(=O)C(c2ccccc2)=C1Nc1cc(Cl)c(O)c(Cl)c1,0.587526714,2.35591934,-7.9,-8.2,3.1786,348.0068475
N#Cc1ccc(-c2ccc(CSc3nnc(-c4ccc5c(c4)OCCO5)o3)cc2)cc1,0.397746084,2.328630459,-9.5,-9.4,5.33878,427.0990624
Cn1cc(C2=C(c3ccccc3)C(=O)NC2=O)c2ccccc21,0.74005506,2.152761451,-8.5,-8.3,2.7455,302.1055277
COCCN1CCC(CNC(=O)c2n[nH]c3ccc(-c4ccc(Cl)cc4Cl)cc23)CC1,0.538721417,2.417884343,-9.1,-8.1,4.6249,460.1432814
N#Cc1ccccc1-c1ccc(CSc2nnc(-c3ccc(C(F)(F)F)cc3)o2)cc1,0.329834797,2.282363168,-9.9,-8.7,6.58638,437.0809677
c1ccc(-c2ccc(CSc3nnc(-c4ccc5c(c4)OCO5)o3)cc2)cc1,0.425315534,2.104144358,-9.4,-8.9,5.4246,388.0881634
O=C1NC(=O)C(c2ccccc2)=C1Nc1cccc(Cl)c1,0.856775357,2.080552851,-8,-8,2.8196,298.0509053
Cc1nc(-c2ccc(Cl)cc2)c(-c2ccnc(NC(=O)C3CC3)c2)[nH]1,0.728338929,2.310164562,-9,-7.9,4.44902,352.1090888
Cn1cc(C2=C(c3cn(C)c4cc(Cl)ccc34)C(=O)NC2=O)c2cc(F)ccc21,0.509959922,2.635425605,-9.2,-8.5,4.0297,407.0836826
CSc1nc(-c2ccc(F)cc2)c(-c2ccnc(NC(=O)C3CC3)c2)[nH]1,0.657070904,2.39643739,-8.7,-7.7,4.3482,368.1107104
N#Cc1ccc(-c2ccc(CSc3nnc(-c4ccc5c(c4)OCCO5)o3)cc2)cc1,0.397746084,2.328630459,-9.5,-8.9,5.33878,427.0990624
O=C1NC(=O)C(c2cn(CCCO)c3ccccc23)=C1c1coc2ccccc12,0.515432371,2.574862174,-9.3,-8.6,3.3371,386.1266571
c1ccc(-c2ccc(CSc3nnc(-c4ccc5c(c4)OCO5)o3)cc2)cc1,0.425315534,2.104144358,-9.4,-8.9,5.4246,388.0881634
NC1CCC(Nc2nccc(-c3c(-c4ccccc4)ccnc3NC(=O)C3CC3)n2)CC1,0.542348468,2.596418814,-9.2,-8.4,4.2359,428.2324595
c1ccc(-c2ccc(CSc3nnc(-c4ccc5c(c4)OCO5)o3)cc2)cc1,0.425315534,2.104144358,-9.4,-8.9,5.4246,388.0881634
Cc1ncn(-c2ccc(-c3ccnc(Nc4ccc(N5CCOCC5)cc4)n3)cc2)n1,0.53519534,2.419044339,-9.2,-8.7,3.61292,413.1964084
c1ccc(-c2ccc(CSc3nnc(-c4ccc5c(c4)OCCO5)o3)cc2)cc1,0.412852211,2.143259086,-9.4,-9,5.4671,402.1038134
COCCN1CCC(CNC(=O)c2n[nH]c3ccc(-c4ccc(Cl)cc4Cl)cc23)CC1,0.538721417,2.417884343,-9.3,-7.9,4.6249,460.1432814
COc1ccc(C2=C(c3cn(C)c4ccccc34)C(=O)NC2=O)cc1,0.750397967,2.197917108,-8.4,-8.3,2.7541,332.1160924
c1ccc(-c2ccc(CSc3nnc(-c4ccc5c(c4)OCCO5)o3)cc2)cc1,0.412852211,2.143259086,-9.4,-8.4,5.4671,402.1038134
C=CC(=O)NCCCn1cc(C2=C(c3ccccc3)C(=O)NC2=O)c2cccnc21,0.361566403,2.626711421,-9.1,-8.2,2.2958,400.1535405
N#Cc1ccc(-c2ccc(CSc3nnc(-c4ccc5c(c4)OCCO5)o3)cc2)cc1,0.397746084,2.328630459,-9.4,-9.5,5.33878,427.0990624
c1ccc(-c2ccc(CSc3nnc(-c4ccc5c(c4)OCCO5)o3)cc2)cc1,0.412852211,2.143259086,-9.4,-9,5.4671,402.1038134
COCCN1CCC(CNC(=O)c2n[nH]c3ccc(-c4ccc(Cl)cc4Cl)cc23)CC1,0.538721417,2.417884343,-9.1,-8.4,4.6249,460.1432814
CNC(=O)c1sc(-c2ccnc(NC(=O)C3CC3)c2)nc1OCC1CC1,0.779405599,2.643919268,-7.8,-7,2.702,372.1256115
c1ccc(-c2ccc(CSc3nnc(-c4ccc5c(c4)OCCO5)o3)cc2)cc1,0.412852211,2.143259086,-9.4,-9.1,5.4671,402.1038134
COCCN1CCC(CNC(=O)c2n[nH]c3ccc(-c4ccccc4)cc23)CC1,0.647153718,2.235827093,-8.8,-8.6,3.3181,392.2212261
c1ccc(-c2ccc(CSc3nnc(-c4ccc5c(c4)OCO5)o3)cc2)cc1,0.425315534,2.104144358,-9.4,-8.9,5.4246,388.0881634
CSc1nc(-c2ccc(F)cc2)c(-c2ccnc(Nc3ccc(NC(=O)c4ccc(NC(=O)C=CCN(C)C)cc4)cc3)c2)[nH]1,0.09228895,2.847066493,-9.4,-8.9,7.0519,621.2322225
CS(=O)c1ccc(-c2ccnc(Nc3ccc(NC(=O)c4ccccc4)cc3)n2)cc1,0.457402431,2.591400621,-9.2,-9,4.8769,428.1306969
N=C1NC(=O)C(=Cc2ccc(-c3ccc(S(N)(=O)=O)cc3)o2)S1,0.727500958,2.751821985,-8.3,-7.8,1.73267,349.0190978
O=C(O)c1ccc(CN2CCC(CNC(=O)c3n[nH]c4ccc(-c5ccccc5)cc34)CC2)o1,0.3834196,2.45819368,-9.9,-9.4,4.1631,458.1954053
COCCN1CCC(CNC(=O)c2n[nH]c3ccc(-c4ccc(Cl)cc4Cl)cc23)CC1,0.538721417,2.417884343,-9.1,-8.1,4.6249,460.1432814
CN1CCN(CCCNC(=O)c2cccc(-n3ncc4cc(Nc5ccccc5Cl)ccc43)c2)CC1,0.339079856,2.379374252,-8.6,-9.4,4.7898,502.2247873
COCCN1CCC(CNC(=O)c2n[nH]c3ccc(-c4ccc(O)cc4)cc23)CC1,0.559095199,2.352971645,-8.8,-8.5,3.0237,408.2161408
c1ccc(-c2ccc(CSc3nnc(-c4ccc5c(c4)OCCO5)o3)cc2)cc1,0.412852211,2.143259086,-9.4,-9,5.4671,402.1038134
N#Cc1ccc(-c2ccc(CSc3nnc(-c4ccc5c(c4)OCCO5)o3)cc2)cc1,0.397746084,2.328630459,-9.4,-8.5,5.33878,427.0990624
N#Cc1ccc(-c2ccc(CSc3nnc(-c4ccc5c(c4)OCO5)o3)cc2)cc1,0.410876371,2.293696678,-9.5,-9.3,5.29628,413.0834123
c1ccc(-c2ccc(CSc3nnc(-c4ccc5c(c4)OCCO5)o3)cc2)cc1,0.412852211,2.143259086,-9.4,-8.4,5.4671,402.1038134
Cn1cc(C2=C(c3ccccc3)C(=O)NC2=O)c2ccccc21,0.74005506,2.152761451,-8.5,-8.2,2.7455,302.1055277
N#Cc1ccc(-c2ccnc(NC3CCCCC3)c2-c2ccnc(NC(=O)C3CC3)c2)cc1,0.510378378,2.55033768,-9.6,-8.2,5.77538,437.2215605
COCCN1CCC(CNC(=O)c2n[nH]c3ccc(-c4ccc(Cl)cc4)cc23)CC1,0.599300035,2.296246977,-8.8,-8.1,3.9715,426.1822538
c1ccc(-c2ccc(CSc3nnc(-c4ccc5c(c4)OCO5)o3)cc2)cc1,0.425315534,2.104144358,-9.4,-8.9,5.4246,388.0881634
N=C1NC(=O)C(=Cc2ccc(-c3ccc(S(N)(=O)=O)cc3)o2)S1,0.727500958,2.751821985,-8.3,-7.8,1.73267,349.0190978
N#Cc1ccc(-c2ccc(CSc3nnc(-c4ccc5c(c4)OCCO5)o3)cc2)cc1,0.397746084,2.328630459,-9.5,-9.6,5.33878,427.0990624
Cn1cc(C2=C(c3ccc(Cl)cc3)C(=O)NC2=O)c2ccccc21,0.72915021,2.217076243,-8.1,-8.5,3.3989,336.0665553
Cn1c(N2CCNC(c3ccc(Cl)cc3)C2)nc(-c2ccncc2)cc1=O,0.75527413,2.934106548,-9.2,-8.4,2.6466,381.1356379
c1ccc(-c2ccnc(Nc3ccc(N4CCOCC4)cc3)c2)cc1,0.772041393,1.911717082,-8.7,-8.6,4.3288,331.1684623
O=C1NC(=O)C(c2ccccc2)=C1Nc1cc(Cl)c(O)c(Cl)c1,0.587526714,2.35591934,-8.1,-8.2,3.1786,348.0068475
O=C(c1ccc(-c2ccnc(Nc3ccc(-n4cnc(N5CCOCC5)n4)cc3)n2)cc1)N1CCOCC1,0.416909196,2.641636035,-9.8,-9.2,2.7769,512.2284368
c1cc(-c2ccc(N3CCOCC3)cc2)ccc1CSc1nnc(-c2ccc3c(c2)OCCO3)o1,0.33935022,2.408898678,-9.7,-10.7,5.3037,487.1565773
c1ccc(-c2ccc(CSc3nnc(-c4ccc5c(c4)OCO5)o3)cc2)cc1,0.425315534,2.104144358,-9.3,-8.9,5.4246,388.0881634
COCCN1CCC(CNC(=O)c2n[nH]c3ccc(-c4ccc(Cl)cc4Cl)cc23)CC1,0.538721417,2.417884343,-9.1,-8.2,4.6249,460.1432814
N#Cc1ccc(-c2ccc(CSc3nnc(-c4ccc5c(c4)OCCO5)o3)cc2)cc1,0.397746084,2.328630459,-9.4,-9.4,5.33878,427.0990624
Cn1c(N2CCNC(c3ccc(Cl)cc3)C2)nc(-c2ccncc2)cc1=O,0.75527413,2.934106548,-9.2,-8.4,2.6466,381.1356379
CS(=O)(=O)c1ccc(-c2ccc(C=C3SC(=N)NC3=O)o2)cc1,0.830164317,2.727660446,-8.3,-7.8,2.48877,348.0238489
Cn1cc(C2=C(c3ccc(Cl)cc3)C(=O)NC2=O)c2ccccc21,0.72915021,2.217076243,-8.1,-8.4,3.3989,336.0665553
Cn1cc(C2=C(c3ccccc3)C(=O)NC2=O)c2ccccc21,0.74005506,2.152761451,-8.5,-8.3,2.7455,302.1055277
O=C1NC(=O)C(c2cn(CCCN3CCOCC3)c3ncccc23)=C1c1ccccc1,0.624443794,2.539202774,-9,-8.1,2.3258,416.1848406
O=C(Nc1n[nH]c2nc(-c3ccc(Cl)cc3Cl)ccc12)C1CC1,0.742881467,2.362993027,-8.4,-7.8,4.2802,346.0388164
c1ccc(-c2ccc(CSc3nnc(-c4ccc5c(c4)OCO5)o3)cc2)cc1,0.425315534,2.104144358,-9.4,-8.9,5.4246,388.0881634
O=C(Nc1n[nH]c2ccc(-c3ccccc3)cc12)C1CC1,0.768445346,1.963749043,-8.8,-8.3,3.5784,277.1215121
CCCC(=O)Nc1n[nH]c2ncc(-c3ccc(C)o3)cc12,0.769783001,2.513792082,-7.8,-7.2,3.26492,284.1273258
O=C(Nc1cc(-c2ccccc2)ccn1)C1CCCC1,0.915697433,1.757717099,-8.1,-8.1,3.8773,266.1419132
N#Cc1ccc(-c2ccc(CSc3nnc(-c4ccc5c(c4)OCCO5)o3)cc2)cc1,0.397746084,2.328630459,-9.4,-9.4,5.33878,427.0990624
COCCN1CCC(CNC(=O)c2n[nH]c3ccc(-c4ccccc4)cc23)CC1,0.647153718,2.235827093,-8.8,-8.6,3.3181,392.2212261
Cc1nc(-c2ccc(F)cc2)c(-c2ccnc(NC(=O)C3CC3)c2)[nH]1,0.758070095,2.315199882,-9,-8,3.93472,336.1386394
c1ccc(-c2ccc(CSc3nnc(-c4ccc5c(c4)OCCO5)o3)cc2)cc1,0.412852211,2.143259086,-9.4,-8.4,5.4671,402.1038134
Cc1nc(-c2ccc(F)cc2)c(-c2ccnc(NC(=O)C3CC3)c2)[nH]1,0.758070095,2.315199882,-9.1,-8.1,3.93472,336.1386394
O=C(Nc1n[nH]c2ccc(-c3ccccc3)cc12)C1CC1,0.768445346,1.963749043,-8.8,-8.4,3.5784,277.1215121
COCCN1CCC(CNC(=O)c2ccnc3[nH]c(-c4ccc(F)cc4)cc23)CC1,0.625926257,2.410227879,-8.4,-8,3.4572,410.2118043
O=C(Nc1cccc(-c2ccnc(Nc3ccc(N4CCOCC4)cc3)n2)c1)C1CC1,0.631791486,2.17216558,-9.5,-8.7,4.0723,415.200825
COCCN1CCC(CNC(=O)c2n[nH]c3ccc(-c4ccc(O)cc4)cc23)CC1,0.559095199,2.352971645,-8.8,-8.5,3.0237,408.2161408
CN1CCN(CCNC(=O)c2ccc(-c3ccnc(NC(=O)C4CC4)c3)nc2)CC1,0.721128827,2.299544516,-8.9,-7.9,1.4693,408.2273741
Cn1cc(C2=C(c3ccccc3)C(=O)NC2=O)c2ccccc21,0.74005506,2.152761451,-8.5,-8.3,2.7455,302.1055277
Cn1c(N2CCNC(c3ccc(C#N)cc3)C2)nc(-c2ccccc2)cc1=O,0.765612111,2.889621727,-9.5,-9,2.46988,371.1746103
N#Cc1ccc(-c2ccc(CSc3nnc(-c4ccc5c(c4)OCO5)o3)cc2)cc1,0.410876371,2.293696678,-8.9,-9.6,5.29628,413.0834123
Cc1ccc(-c2ccc3occ(-c4ccc(S(C)=O)cc4)c3c2)o1,0.502529076,2.897323835,-9.1,-8.5,5.40562,336.0820154
COCCN1CCC(CNC(=O)c2n[nH]c3ccc(-c4ccc(Cl)cc4Cl)cc23)CC1,0.538721417,2.417884343,-9.1,-8.2,4.6249,460.1432814
COc1ccc(C2=C(c3cn(C)c4ccccc34)C(=O)NC2=O)cc1,0.750397967,2.197917108,-8.3,-8.6,2.7541,332.1160924
N=C1NC(=O)C(=Cc2ccc(-c3ccc(S(N)(=O)=O)cc3)cc2)S1,0.728628547,2.510717305,-8.2,-7.7,2.13967,359.0398333
O=C1NC(=O)C(c2ccccc2)=C1Nc1cccc(C(=O)O)c1,0.749380567,2.107175749,-8.5,-8.4,1.8644,308.0797069
COCCN1CCC(CNC(=O)c2n[nH]c3ccc(-c4ccc(Cl)cc4Cl)cc23)CC1,0.538721417,2.417884343,-9.1,-8.2,4.6249,460.1432814
COCCN1CCC(CNC(=O)c2n[nH]c3ccc(-c4ccc(Cl)cc4)cc23)CC1,0.599300035,2.296246977,-8.8,-8.2,3.9715,426.1822538
O=C1NC(=O)C(c2ccccc2)=C1Nc1cc(Cl)c(O)c(Cl)c1,0.587526714,2.35591934,-8.1,-8.2,3.1786,348.0068475
c1ccc(-c2ccc(CSc3nnc(-c4ccc5c(c4)OCO5)o3)cc2)cc1,0.425315534,2.104144358,-9.4,-8.9,5.4246,388.0881634
O=C(O)c1ccc(-c2n[nH]c3ccc(-c4ccccc4)cc23)cc1,0.580767804,1.86403632,-9.2,-8.9,4.5951,314.1055277
NS(=O)(=O)c1ccc(-c2ccnc(Nc3ccc(NC(=O)c4ccc(N5CCOCC5)cc4)cc3)c2)cc1,0.327019092,2.294665477,-9.7,-9.5,4.2285,529.1783753
c1ccc(-c2ccc(CSc3nnc(-c4ccc5c(c4)OCCO5)o3)cc2)cc1,0.412852211,2.143259086,-9.4,-9,5.4671,402.1038134
N#Cc1ccc(-c2ccc(CSc3nnc(-c4ccc5c(c4)OCCO5)o3)cc2)cc1,0.397746084,2.328630459,-9.4,-9.3,5.33878,427.0990624
COCCN1CCC(CNC(=O)c2n[nH]c3ccc(-c4ccc(Cl)cc4)cc23)CC1,0.599300035,2.296246977,-8.9,-8.1,3.9715,426.1822538
COCCN1CCC(CNC(=O)c2n[nH]c3ccc(-c4ccc(Cl)cc4Cl)cc23)CC1,0.538721417,2.417884343,-8.8,-8.5,4.6249,460.1432814
O=C(NCCCCCN1CCCCC1)c1ccnc2nc(-c3ccc(F)cc3)[nH]c12,0.54833093,2.356910222,-8,-7.9,4.15,409.2277887
O=C(CN1C(=O)CCc2ccccc21)Nc1scc(Br)c1-c1nnc[nH]1,0.662646379,2.989721182,-8.7,-8.1,3.2136,431.0051578
c1ccc(-c2nn3ccccc3c2-c2ccnc(Nc3ccc(N4CCOCC4)cc3)n2)cc1,0.40639767,2.425951681,-9.5,-8.9,5.0385,448.2011594
N#Cc1ccc(-c2ccc(CSc3nnc(-c4ccc5c(c4)OCCO5)o3)cc2)cc1,0.397746084,2.328630459,-9.4,-9.3,5.33878,427.0990624
c1cc(-c2ccc(N3CCOCC3)cc2)ccc1CSc1nnc(-c2ccc3c(c2)OCCO3)o1,0.33935022,2.408898678,-9.8,-10.6,5.3037,487.1565773
c1cc(-c2ccc(N3CCOCC3)cc2)ccc1CSc1nnc(-c2ccc3c(c2)OCO3)o1,0.351341383,2.372265255,-9.9,-10.4,5.2612,473.1409272
c1cc(-c2ccnc(Nc3ccc(N4CCOCC4)cc3)n2)cc(Nc2ccc(N3CCOCC3)cc2)n1,0.36807113,2.516061878,-9.4,-10.3,4.699,509.2539232
Cn1cc(-c2ccc(Cl)cc2)c(-c2ccnc(Nc3ccc(N4CCOCC4)cc3)c2)n1,0.446457435,2.37485094,-9.2,-8.9,5.3827,445.1669381
O=C1NC(=O)C(c2ccccc2)=C1Nc1cc(Cl)c(O)c(Cl)c1,0.587526714,2.35591934,-7.9,-8.2,3.1786,348.0068475
c1ccc(-c2ccc(CSc3nnc(-c4ccc5c(c4)OCCO5)o3)cc2)cc1,0.412852211,2.143259086,-9.4,-8.9,5.4671,402.1038134
CNC(=O)c1sc(-c2ccnc(NC(=O)C3CC3)c2)cc1OCC1CC1,0.782465479,2.523214948,-7.7,-7.1,3.307,371.1303625
COCCN1CCC(CNC(=O)c2n[nH]c3ccc(-c4ccc(Cl)cc4Cl)cc23)CC1,0.538721417,2.417884343,-9,-8,4.6249,460.1432814
CSc1nn2nc(-c3ccc(F)cc3)c(-c3ccnc(Nc4ccccc4Cl)c3)c2n1C,0.320468096,2.838073281,-10.2,-9.1,6.0548,464.0986215
O=C(O)c1ccc(-c2ccc3c(NC(=O)C4CC4)n[nH]c3c2)cc1,0.686982919,2.088946379,-8.4,-8.5,3.2766,321.1113413
COc1cccc(-n2ccc3nc(Nc4ccc(Cl)c(Cl)c4)ncc32)c1,0.5055405,2.244931028,-8.4,-8.1,5.4795,384.0544664
Cn1cc(C2=C(c3cn(C)c4ccccc34)C(=O)NC2=O)c2ccccc21,0.561396223,2.41960808,-9,-8.3,3.2372,355.1320768
Cc1nc(C)n(-c2ccc(Nc3nccc(-c4ccc(Cl)c(C(F)(F)F)c4)n3)cc2)n1,0.433318522,2.484049592,-9.5,-9.4,5.75694,444.1077069
COc1ccc2[nH]nc(C(=O)NCC3CCN(Cc4ccc(C(=O)O)o4)CC3)c2c1,0.545137194,2.458462942,-9.2,-8.3,2.5047,412.1746699
Cc1ccc(-c2ccc3[nH]nc(C(=O)NCC4CCN(Cc5ccc(C(=O)O)o5)CC4)c3c2)cc1,0.365919813,2.504605304,-10.1,-8.8,4.47152,472.2110554
c1ccc(-c2ccc(CSc3nnc(-c4ccc5c(c4)OCCO5)o3)cc2)cc1,0.412852211,2.143259086,-9.4,-9,5.4671,402.1038134
COCCN1CCC(CNC(=O)c2n[nH]c3ccc(-c4ccc(Cl)cc4Cl)cc23)CC1,0.538721417,2.417884343,-9,-8.2,4.6249,460.1432814
O=C(O)CN1CCC(CNC(=O)c2n[nH]c3oc(-c4ccc(Cl)cc4)cc23)CC1,0.569184769,2.705047498,-8.9,-8,3.0027,416.1251328
CNC(=O)c1sc(-c2ccnc(NC(=O)C3CC3)c2)nc1OCC1CC1,0.779405599,2.643919268,-7.9,-7.1,2.702,372.1256115
c1ccc(-c2ccc(CSc3nnc(-c4ccc5c(c4)OCCO5)o3)cc2)cc1,0.412852211,2.143259086,-9.4,-8.9,5.4671,402.1038134
COCCN1CCC(CNC(=O)c2n[nH]c3ccc(-c4ccc(Cl)cc4Cl)cc23)CC1,0.538721417,2.417884343,-9.1,-8.2,4.6249,460.1432814
c1ccc(-c2ccc(CSc3nnc(-c4ccc5c(c4)OCCO5)o3)cc2)cc1,0.412852211,2.143259086,-9.4,-9,5.4671,402.1038134
Cc1nc(-c2ccc(Cl)cc2)c(-c2ccnc(NC(=O)C3CC3)c2)[nH]1,0.728338929,2.310164562,-9,-7.9,4.44902,352.1090888
c1ccc(-c2ccc(CSc3nnc(-c4ccc5c(c4)OCCO5)o3)cc2)cc1,0.412852211,2.143259086,-9.4,-8.4,5.4671,402.1038134
Cn1c(N2CCNC(c3ccc(F)cc3)C2)nc(-c2ccc(F)cc2)cc1=O,0.756931622,2.830028885,-9.9,-8.6,2.8764,382.1605177
COCCN1CCC(CNC(=O)c2n[nH]c3ccc(-c4ccc(Cl)cc4Cl)cc23)CC1,0.538721417,2.417884343,-9.1,-8.2,4.6249,460.1432814
O=C(O)c1ccc(-c2nnc(SCc3ccc(-c4ccccc4)cc3)o2)cc1,0.446120005,1.941338877,-9.5,-8.4,5.3941,388.0881634
c1ccc(-c2ccc(CSc3nnc(-c4ccc5c(c4)OCCO5)o3)cc2)cc1,0.412852211,2.143259086,-9.4,-9.1,5.4671,402.1038134
N#Cc1ccc(-c2ccc(CSc3nnc(-c4ccc5c(c4)OCO5)o3)cc2)cc1,0.410876371,2.293696678,-9.5,-9.4,5.29628,413.0834123
Cn1cc(C2=C(c3ccccc3)C(=O)NC2=O)c2ccccc21,0.74005506,2.152761451,-8.5,-8.2,2.7455,302.1055277
O=C1NC(=O)C(c2ccc(Cl)cc2)=C1Nc1cccc(C(=O)O)c1,0.741971604,2.173377465,-8.3,-8.3,2.5178,342.0407345
c1ccc(-c2ccc(CSc3nnc(-c4ccc5c(c4)OCO5)o3)cc2)cc1,0.425315534,2.104144358,-9.3,-8.9,5.4246,388.0881634
COCCN1CCC(CNC(=O)c2n[nH]c3ccc(-c4ccc(Cl)cc4)cc23)CC1,0.599300035,2.296246977,-9,-8.3,3.9715,426.1822538
Cn1cc(C2=C(c3cn(C)c4ccc(C(F)(F)F)cc34)C(=O)NC2=O)c2ccccc21,0.490214782,2.640666137,-9.3,-9.4,4.256,423.1194614
O=C(Cc1cccc2ccccc12)Nc1scc(Br)c1-c1ncn[nH]1,0.512627579,2.583943122,-9,-9,4.6301,411.9993441
O=C(O)c1ccc(CN2CCC(CNC(=O)c3ccnc4[nH]c(-c5ccc(F)cc5)cc34)CC2)o1,0.366730799,2.612458617,-9.3,-8.9,4.3022,476.1859835
O=C1NC(=O)C(c2cn(CCCN3CCOCC3)c3ccccc23)=C1c1ccccc1,0.629090111,2.407668877,-9.2,-7.6,2.9308,415.1895917
c1ccc(-c2ccc(CSc3nnc(-c4ccc5c(c4)OCCO5)o3)cc2)cc1,0.412852211,2.143259086,-9.4,-9.1,5.4671,402.1038134
O=C1NC(=O)C(c2ccc(Cl)cc2)=C1Nc1cc(Cl)c(O)c(Cl)c1,0.555832498,2.415146091,-8.1,-8,3.832,381.9678752
Cn1cc(C2=C(c3cn(CCCO)c4ccccc34)C(=O)NC2=O)c2ccccc21,0.506574139,2.537576001,-9,-8.1,3.0826,399.1582915
CCCC(=O)Nc1n[nH]c2cc(-c3ccc(Cl)cc3)ccc12,0.737928189,2.049503577,-8,-7.5,4.6219,313.0981898
N=C1NC(=O)C(=Cc2ccc(-c3ccc(S(N)(=O)=O)cc3)o2)S1,0.727500958,2.751821985,-8.3,-7.8,1.73267,349.0190978
O=C(Nc1n[nH]c2ncc(-c3ccc(Cl)cc3Cl)cc12)C1CC1,0.742881467,2.374127465,-9,-8.5,4.2802,346.0388164
O=C(NCC1CCN(CCc2ccccc2)CC1)c1n[nH]c2ccc(-c3ccc(Cl)cc3Cl)cc12,0.312270822,2.379356144,-8.9,-8.6,6.2212,506.1640169
c1cc(-c2ccc(N3CCOCC3)cc2)ccc1CSc1nnc(-c2ccc3c(c2)OCCO3)o1,0.33935022,2.408898678,-9.7,-10.7,5.3037,487.1565773
N#Cc1ccc(-c2ccc(CSc3nnc(-c4ccc5c(c4)OCO5)o3)cc2)cc1,0.410876371,2.293696678,-9.5,-9.2,5.29628,413.0834123
c1ccc(-c2ccc(CSc3nnc(-c4ccc5c(c4)OCCO5)o3)cc2)cc1,0.412852211,2.143259086,-9.4,-9.1,5.4671,402.1038134
O=C1NC(=O)C(c2cn(CCCN3CCOCC3)c3ccccc23)=C1c1ccccc1,0.629090111,2.407668877,-9.2,-7.6,2.9308,415.1895917
Cc1ccc(-c2ccc(CSc3nnc(-c4ccc5c(c4)OCCO5)o3)cc2)o1,0.412743137,2.369945959,-9.2,-8.9,5.36852,406.0987281
c1ccc(-c2ccc(CSc3nnc(-c4ccc5c(c4)OCO5)o3)cc2)cc1,0.425315534,2.104144358,-9.4,-8.8,5.4246,388.0881634
N#Cc1ccc(-c2ccc(CSc3nnc(-c4ccc5c(c4)OCO5)o3)cc2)cc1,0.410876371,2.293696678,-9.5,-9.2,5.29628,413.0834123
N=C1NC(=O)C(=Cc2ccc(-c3ccc(S(N)(=O)=O)cc3)o2)S1,0.727500958,2.751821985,-8.3,-7.8,1.73267,349.0190978
N#Cc1ccc(-c2ccc(CSc3nnc(-c4ccc5c(c4)OCCO5)o3)cc2)cc1,0.397746084,2.328630459,-9.4,-9.5,5.33878,427.0990624
COCCN1CCC(CNC(=O)c2n[nH]c3ccc(-c4ccc(O)cc4)cc23)CC1,0.559095199,2.352971645,-8.7,-8.5,3.0237,408.2161408
CSc1ccc(NC2=C(c3ccccc3)C(=O)NC2=O)cc1,0.673281968,2.198439841,-7.8,-7.7,2.8881,310.0775987
COCCN1CCC(CNC(=O)c2n[nH]c3ncc(-c4ccccc4)cc23)CC1,0.644898213,2.403186369,-8.7,-8.5,2.7131,393.2164751
N#Cc1ccc(-c2ccc(CSc3nnc(-c4ccc5c(c4)OCO5)o3)cc2)cc1,0.410876371,2.293696678,-9.2,-8.9,5.29628,413.0834123
CSc1ccc(NC2=C(c3ccccc3)C(=O)NC2=O)cc1,0.673281968,2.198439841,-7.7,-7.7,2.8881,310.0775987
NC(=O)c1sc(-c2ccnc(NC(=O)C3CC3)c2)nc1OCCCC1CCN(Cc2ccccc2)CC1,0.354705317,2.656520884,-8.5,-8.9,4.7237,519.2304109
Cn1cc(C2=C(c3ccc(C(=O)O)cc3)C(=O)NC2=O)c2ccccc21,0.713146658,2.254309363,-8.3,-8.4,2.4437,346.0953569
N#Cc1ccc(-c2ccc(CSc3nnc(-c4ccc5c(c4)OCCO5)o3)cc2)cc1,0.397746084,2.328630459,-9.4,-9.2,5.33878,427.0990624
CS(=O)(=O)Nc1ccc(CCNC(=O)c2ccnc3[nH]c(-c4ccc(Cl)cc4Cl)nc23)cc1,0.347575399,2.487921442,-8.5,-8.3,4.2757,503.0585658
Cn1cc(C2=C(c3ccccc3)C(=O)NC2=O)c2ccccc21,0.74005506,2.152761451,-8.5,-8.3,2.7455,302.1055277
O=C(O)c1ccc(-c2ccc3c(NC(=O)C4CC4)n[nH]c3c2)cc1,0.686982919,2.088946379,-8.4,-8.4,3.2766,321.1113413
COc1ccc(C2=C(c3cn(C)c4cc(F)ccc34)C(=O)NC2=O)cc1,0.739131264,2.332746876,-8.4,-8.3,2.8932,350.1066706
O=C1NC(=O)C(c2ccccc2)=C1Nc1cc(Cl)c(O)c(Cl)c1,0.587526714,2.35591934,-7.9,-8.3,3.1786,348.0068475
O=C1C(=Cc2ccc(Cl)cc2)C(=NO)c2cc(Cl)c(Cl)cc21,0.440543062,2.526326384,-8.4,-8.4,5.105,350.9620615
N#Cc1ccc(-c2ccc(CSc3nnc(-c4ccc5c(c4)OCCO5)o3)cc2)cc1,0.397746084,2.328630459,-9.4,-9.4,5.33878,427.0990624
c1ccc(-c2ccc(CSc3nnc(-c4ccc5c(c4)OCCO5)o3)cc2)cc1,0.412852211,2.143259086,-9.4,-9,5.4671,402.1038134
c1ccc(-c2ccc(CSc3nnc(-c4ccc5c(c4)OCO5)o3)cc2)cc1,0.425315534,2.104144358,-9.4,-8.9,5.4246,388.0881634
COCCN1CCC(CNC(=O)c2ccnc3[nH]c(-c4ccc(F)cc4)cc23)CC1,0.625926257,2.410227879,-8.4,-7.9,3.4572,410.2118043
COCCN1CCC(CNC(=O)c2n[nH]c3ccc(-c4ccc(Cl)cc4Cl)cc23)CC1,0.538721417,2.417884343,-9.1,-8.7,4.6249,460.1432814
COCCN1CCC(CNC(=O)c2n[nH]c3ccc(-c4ccc(Cl)cc4Cl)cc23)CC1,0.538721417,2.417884343,-9,-8.4,4.6249,460.1432814
NS(=O)(=O)c1ccc(-c2ccc3c(c2)C(=O)NCC3)cc1,0.87560923,2.111736189,-8.5,-8.4,1.2869,302.0725133
c1ccc(-c2ccc(CSc3nnc(-c4ccc5c(c4)OCCO5)o3)cc2)cc1,0.412852211,2.143259086,-9.4,-9.1,5.4671,402.1038134
N#Cc1ccc(-c2ccc(CSc3nnc(-c4ccc5c(c4)OCO5)o3)cc2)cc1,0.410876371,2.293696678,-9.4,-9.4,5.29628,413.0834123
N#Cc1ccc(-c2ccc(CSc3nnc(-c4ccc5c(c4)OCCO5)o3)cc2)cc1,0.397746084,2.328630459,-9.4,-9.4,5.33878,427.0990624
O=C(Nc1cc(-c2[nH]c(-c3ccc(F)cc3)nc2-c2ccc(F)cc2)ccn1)C1CC1,0.455597278,2.307570946,-10.3,-8.5,5.4324,416.1448676
CCCC(=O)Nc1n[nH]c2ccc(-c3ccc(O)cc3)cc12,0.686816356,2.116077203,-8.3,-7.8,3.6741,295.1320768
O=C(NCCc1ccc(F)cc1)c1ccc(O)c2[nH]c(-c3ccc(F)cc3)nc12,0.475877814,2.202337025,-8.3,-8.9,4.1862,393.1288832
c1ccc(-c2ccc(CSc3nnc(-c4ccc5c(c4)OCCO5)o3)cc2)cc1,0.412852211,2.143259086,-9.4,-9,5.4671,402.1038134
N#Cc1ccc(-c2ccc(CSc3nnc(-c4ccc5c(c4)OCO5)o3)cc2)cc1,0.410876371,2.293696678,-9.4,-9.4,5.29628,413.0834123
Cn1cc(C2=C(c3cn(CCCN4CCOCC4)c4ccccc34)C(=O)NC2=O)c2ccccc21,0.440541409,2.644305013,-9.6,-8.6,3.4225,468.2161408
c1ccc(-c2ccc(CSc3nnc(-c4ccc5c(c4)OCCO5)o3)cc2)cc1,0.412852211,2.143259086,-9.4,-8.4,5.4671,402.1038134
O=C1NC(=O)C(c2cn(CCCN3CCOCC3)c3ccccc23)=C1c1ccccc1,0.629090111,2.407668877,-9.3,-7.6,2.9308,415.1895917
COCCN1CCC(CNC(=O)c2n[nH]c3ccc(-c4ccc(Cl)cc4Cl)cc23)CC1,0.538721417,2.417884343,-9.1,-8.2,4.6249,460.1432814
Cn1cc(C2=C(c3cn(CCCO)c4ccccc34)C(=O)NC2=O)c2cc(C(F)(F)F)ccc21,0.434186452,2.749528137,-9.4,-8.8,4.1014,467.1456762
Cc1nc(-c2ccc(F)cc2)c(-c2ccnc(NC(=O)C3CC3)c2)[nH]1,0.758070095,2.315199882,-9,-8,3.93472,336.1386394
O=C(Nc1n[nH]c2nc(-c3ccccc3)ccc12)C1CC1,0.773390379,2.158875398,-8.4,-7.6,2.9734,278.1167611
CS(=O)(=O)Nc1ccc(CCNC(=O)c2cccc3oc(-c4ccc(C(=O)O)cc4)cc23)cc1,0.349439691,2.252646958,-9.3,-8.7,4.142,478.1198574
NS(=O)(=O)c1ccc(NC2=C(c3ccccc3)C(=O)NC2=O)cc1,0.710156551,2.183088372,-8.4,-8.1,0.8136,343.0626769
Cn1c(N2CCNC(c3ccc(Cl)cc3)C2)nc(-c2ccncc2)cc1=O,0.75527413,2.934106548,-9.2,-8.4,2.6466,381.1356379
CNC(=O)c1cnc(-c2ccnc(NC(=O)C3CC3)c2)cc1NC(=O)C1CC1,0.712083788,2.369589201,-8.8,-7.6,2.2002,379.1644395
O=C(O)c1ccc(-c2ccc3[nH]nc(NC(=O)C4CC4)c3c2)cc1,0.686982919,2.078050677,-9.2,-8.5,3.2766,321.1113413
COCCN1CCC(CNC(=O)c2n[nH]c3ccc(-c4ccccc4)cc23)CC1,0.647153718,2.235827093,-8.8,-8.6,3.3181,392.2212261
c1ccc(-c2ccc(CSc3nnc(-c4ccc5c(c4)OCO5)o3)cc2)cc1,0.425315534,2.104144358,-9.4,-8.9,5.4246,388.0881634
N=C1NC(=O)C(=Cc2ccc(-c3ccc(S(N)(=O)=O)cc3)cc2)S1,0.728628547,2.510717305,-8.2,-7.7,2.13967,359.0398333
CCCC(=O)Nc1n[nH]c2oc(-c3ccc(C#N)cc3)cc12,0.770211475,2.738831049,-8.2,-7.8,3.43318,294.1116757
N#Cc1ccc(-c2ccc(CSc3nnc(-c4ccc5c(c4)OCCO5)o3)cc2)cc1,0.397746084,2.328630459,-9.4,-9.5,5.33878,427.0990624
Clc1ccc(Nc2nccc(-c3cnn4ncccc34)n2)cc1Cl,0.594122222,2.508098079,-8.7,-8.1,4.2367,356.0343997
Clc1ccc(Nc2nccc(-c3cnn4ncccc34)n2)cc1Cl,0.594122222,2.508098079,-8.7,-8.1,4.2367,356.0343997
N#Cc1ccc(-c2ccc(CSc3nnc(-c4ccc5c(c4)OCCO5)o3)cc2)cc1,0.397746084,2.328630459,-9.4,-9.5,5.33878,427.0990624
Cn1cc(C2=C(c3ccccc3)C(=O)NC2=O)c2cc(Cl)ccc21,0.72915021,2.260479863,-8.6,-8.4,3.3989,336.0665553
Cn1cc(C2=C(c3ccc(Cl)cc3)C(=O)NC2=O)c2ccccc21,0.72915021,2.217076243,-8.1,-8.5,3.3989,336.0665553
Cn1c(N2CCNC(c3ccc(F)cc3)C2)nc(-c2ccncn2)cc1=O,0.75764903,3.089091163,-9.4,-8.3,1.5273,366.1604374
N#Cc1ccc(-c2ccc(CSc3nnc(-c4ccc5c(c4)OCO5)o3)cc2)cc1,0.410876371,2.293696678,-9.6,-9.5,5.29628,413.0834123
O=C(Nc1n[nH]c2ccc(-c3ccc(O)cc3)cc12)C1CC1,0.69311999,2.112751929,-8.8,-8.3,3.284,293.1164267
Clc1ccc(Nc2nccc(-c3cnn4ncccc34)n2)cc1Cl,0.594122222,2.508098079,-8.7,-8.3,4.2367,356.0343997
c1ccc(-c2ccc(CSc3nnc(-c4ccc5c(c4)OCCO5)o3)cc2)cc1,0.412852211,2.143259086,-9.4,-8.5,5.4671,402.1038134
c1ccc(-c2ccc(CSc3nnc(-c4ccc5c(c4)OCCO5)o3)cc2)cc1,0.412852211,2.143259086,-9.4,-9.2,5.4671,402.1038134
CCCC(=O)Nc1n[nH]c2ncc(-c3ccc(Cl)cc3Cl)cc12,0.719004571,2.377350424,-8.3,-8.1,4.6703,348.0544664
Cn1c(N2CCNC(c3ccc(Cl)cc3)C2)nc(-c2ccncc2)cc1=O,0.75527413,2.934106548,-9.2,-8.4,2.6466,381.1356379
Cn1cc(C2=C(c3coc4ccccc34)C(=O)NC2=O)c2ccccc21,0.567245536,2.465095951,-9.3,-8.9,3.4917,342.1004423
N=C1NC(=O)C(=Cc2ccc(-c3ccc(S(N)(=O)=O)cc3)o2)S1,0.727500958,2.751821985,-8.3,-7.8,1.73267,349.0190978
CN(C)CC=CC(=O)Nc1ccc(C(=O)Nc2cccc(-n3ncc4cc(Nc5ccccc5Cl)ccc43)c2)cc1,0.172629518,2.591600177,-9.8,-9.4,6.7311,564.2040518
CSc1nn2nc(-c3ccc(F)cc3)c(-c3ccnc(Nc4ccc(Cl)cc4)c3)c2n1C,0.320468096,2.803745354,-10.4,-8.5,6.0548,464.0986215
Cn1cc(C2=C(c3ccccc3)C(=O)NC2=O)c2ccccc21,0.74005506,2.152761451,-8.5,-8.3,2.7455,302.1055277
O=C1NC(=O)C(c2ccc(Cl)cc2)=C1Nc1ccc(C(=O)Nc2cccc(Cl)c2)cc1,0.489067697,2.182682899,-9.3,-9,4.7253,451.0490467
O=C(O)c1ccc(-c2ccnc(Nc3ccc(-n4cnc(N5CCOCC5)n4)cc3)c2)cc1,0.466617747,2.479238825,-9.6,-9.2,3.6077,442.1753386
COCCN1CCC(CNC(=O)c2n[nH]c3ccc(-c4ccc(Cl)cc4Cl)cc23)CC1,0.538721417,2.417884343,-9.1,-8.1,4.6249,460.1432814
COc1ccc2[nH]nc(C(=O)NCC3CCN(Cc4ccc(C(=O)O)o4)CC3)c2c1,0.545137194,2.458462942,-8.4,-8.1,2.5047,412.1746699
COCCN1CCC(CNC(=O)c2n[nH]c3cc(-c4ccccc4)ccc23)CC1,0.647153718,2.240086822,-8.5,-8.4,3.3181,392.2212261
O=C(O)c1ccc(-c2ccc3[nH]nc(-c4ccc(C(=O)O)cc4)c3c2)cc1,0.504730947,1.994622865,-9.6,-9.1,4.2933,358.0953569
N#Cc1ccc(-c2ccc(CSc3nnc(-c4ccc5c(c4)OCCO5)o3)cc2)cc1,0.397746084,2.328630459,-9.4,-9.6,5.33878,427.0990624
O=C(Nc1cc(-c2ccccc2)ccn1)C1CCCCC1,0.912008789,1.779258012,-8.3,-8.2,4.2674,280.1575633
c1ccc(-c2ccc(CSc3nnc(-c4ccc5c(c4)OCCO5)o3)cc2)cc1,0.412852211,2.143259086,-9.4,-9,5.4671,402.1038134
COc1ccc(C2=C(c3cn(C)c4ccccc34)C(=O)NC2=O)cc1,0.750397967,2.197917108,-8.4,-8.4,2.7541,332.1160924
c1cc(-c2ccc(N3CCOCC3)cc2)ccc1CSc1nnc(-c2ccc3c(c2)OCO3)o1,0.351341383,2.372265255,-9.9,-10.4,5.2612,473.1409272
Cn1cc(C2=C(c3cn(C)c4ccccc34)C(=O)NC2=O)c2ccccc21,0.561396223,2.41960808,-9,-8.3,3.2372,355.1320768
COCCN1CCC(CNC(=O)c2n[nH]c3ccc(-c4ccc(Cl)cc4Cl)cc23)CC1,0.538721417,2.417884343,-9.2,-8.2,4.6249,460.1432814
c1ccc(-c2ccc(CSc3nnc(-c4ccc5c(c4)OCO5)o3)cc2)cc1,0.425315534,2.104144358,-9.4,-8.9,5.4246,388.0881634
O=CCN1CCC(CNC(=O)c2n[nH]c3ccc(-c4ccccc4F)cc23)CC1,0.630284986,2.474447889,-8.8,-9,3.0097,394.1805042
O=C1NC(=O)C(c2ccccc2)=C1Nc1cc(Cl)c(O)c(Cl)c1,0.587526714,2.35591934,-7.9,-8.2,3.1786,348.0068475
O=C1NC(=O)C(c2cn(CCCN3CCOCC3)c3ccccc23)=C1c1ccccc1,0.629090111,2.407668877,-9.2,-7.6,2.9308,415.1895917
CSc1ccc(NC2=C(c3ccccc3)C(=O)NC2=O)cc1,0.673281968,2.198439841,-7.8,-7.7,2.8881,310.0775987
COCCN1CCC(CNC(=O)c2n[nH]n3cc(-c4ccc(Cl)cc4Cl)cc23)CC1,0.575595184,2.864960258,-8.6,-8,3.7244,449.1385304
Cn1cc(C2=C(c3ccc(Cl)cc3)C(=O)NC2=O)c2ccccc21,0.72915021,2.217076243,-8.1,-8.4,3.3989,336.0665553
COCCN1CCC(CNC(=O)c2cccc(-n3ncc4cc(Nc5ccccc5Cl)c(F)cc43)c2)CC1,0.289687192,2.588142261,-9.7,-9.1,5.6498,535.2150311
N=C1NC(=O)C(=Cc2ccc(-c3ccc(S(N)(=O)=O)cc3)o2)S1,0.727500958,2.751821985,-8.3,-7.8,1.73267,349.0190978
c1ccc(-c2ccc(CSc3nnc(-c4ccc5c(c4)OCO5)o3)cc2)cc1,0.425315534,2.104144358,-9.4,-8.9,5.4246,388.0881634
c1ccc(-c2ccc(CSc3nnc(-c4ccc5c(c4)OCO5)o3)cc2)cc1,0.425315534,2.104144358,-9.4,-8.9,5.4246,388.0881634
COCCN1CCC(CNC(=O)c2n[nH]c3ccc(-c4ccc(Cl)cc4Cl)cc23)CC1,0.538721417,2.417884343,-9.1,-8.1,4.6249,460.1432814
c1ccc(-c2ccc(CSc3nnc(-c4ccc5c(c4)OCCO5)o3)cc2)cc1,0.412852211,2.143259086,-9.4,-9,5.4671,402.1038134
O=C(Nc1n[nH]c2nc(-c3ccc(Cl)cc3)ccc12)C1CC1,0.775545072,2.223349731,-8.1,-7.6,3.6268,312.0777887
O=C(O)c1ccc(-c2ccc3c(NC(=O)C4CC4)n[nH]c3c2)cc1,0.686982919,2.088946379,-8.4,-8.4,3.2766,321.1113413
Cn1cc(C2=C(c3ccccc3)C(=O)NC2=O)c2ccccc21,0.74005506,2.152761451,-8.5,-8.3,2.7455,302.1055277
COc1ccc(-c2ccnc(NC(=O)C3CC3)c2)cc1,0.926566585,1.764229156,-7.5,-6.9,3.1057,268.1211778
c1ccc(-c2ccc(CSc3nnc(-c4ccc5c(c4)OCCO5)o3)cc2)cc1,0.412852211,2.143259086,-9.4,-9.2,5.4671,402.1038134
CSc1nc(-c2ccc(F)cc2)c(-c2ccnc(Nc3ccc(NC(=O)c4ccc(N5CCOCC5)cc4)cc3)c2)[nH]1,0.173197461,2.62945827,-9.6,-9.5,6.8322,580.2056734
Cc1ncn(-c2ccc(Nc3cc(C(=O)Nc4ccccc4Cl)ccn3)cc2)n1,0.506625179,2.26231657,-9.3,-8.7,4.62002,404.1152368
Clc1ccc(Nc2cc(-c3ccnc(Nc4ccc(N5CCOCC5)cc4)n3)ccn2)cc1Cl,0.332830246,2.401296785,-9.9,-9.8,6.1692,492.1232147
c1ccc(-c2ccc(CSc3nnc(-c4ccc5c(c4)OCCO5)o3)cc2)cc1,0.412852211,2.143259086,-9.4,-9.1,5.4671,402.1038134
c1cnn2ncc(-c3ccnc(Nc4ccc(-n5cnc(N6CCOCC6)n5)cc4)n3)c2c1,0.440078572,2.898664822,-9.8,-9.2,2.3472,440.1821553
CSc1ccc(NC2=C(c3ccc(Cl)cc3)C(=O)NC2=O)cc1,0.657625785,2.261784033,-7.7,-7.4,3.5415,344.0386263
CS(=O)(=O)Nc1ccc(CCNC(=O)c2cccc3oc(-c4ccc(C(=O)O)cc4)cc23)cc1,0.349439691,2.252646958,-9.2,-8.7,4.142,478.1198574
c1ccc(-c2ccc(CSc3nnc(-c4ccc5c(c4)OCO5)o3)cc2)cc1,0.425315534,2.104144358,-9.4,-8.9,5.4246,388.0881634
COc1ccccc1C1=C(Nc2cccc(C(=O)O)c2)C(=O)NC1=O,0.719066529,2.208009478,-8.6,-7.7,1.873,338.0902715
Cc1ccccc1-c1ccc2[nH]nc(C(=O)NCC3CCN(CC(C)N)CC3)c2c1,0.587054837,2.868679071,-8.5,-9,3.32732,405.2528606
N=C1NC(=O)C(=Cc2ccc(-c3ccc(S(N)(=O)=O)cc3)o2)S1,0.727500958,2.751821985,-8.3,-7.8,1.73267,349.0190978
Cn1cc(C2=C(c3ccccc3)C(=O)NC2=O)c2ccccc21,0.74005506,2.152761451,-8.5,-8.3,2.7455,302.1055277
O=C(Nc1n[nH]c2cc(-c3ccc(Cl)cc3Cl)ccc12)C1CC1,0.709714163,2.199535986,-8.3,-7.9,4.8852,345.0435674
CNC(=O)c1sc(-c2ccnc(NC(=O)C3CC3)c2)nc1OCC1CC1,0.779405599,2.643919268,-7.8,-7.1,2.702,372.1256115
O=C(Nc1cc(-c2ccc(Cl)cc2Cl)nc2ncccc12)C1CCCC1,0.625281712,2.213904566,-9.3,-8,5.7323,385.0748675
CSc1nc(-c2ccc(F)cc2)c(-c2ccnc(NC(=O)C3CC3)c2)[nH]1,0.657070904,2.39643739,-8.9,-7.7,4.3482,368.1107104
COCCN1CCC(CNC(=O)c2n[nH]c3ccc(-c4ccc(C)cc4)cc23)CC1,0.628672203,2.28501886,-9.1,-8.3,3.62652,406.2368762
Cn1c(N2CCOC(c3ccc(F)cc3)C2)nc(-c2ccccc2)cc1=O,0.715360224,2.698432583,-8.9,-8.8,3.1643,365.1539551
Cn1cc(C2=C(c3ccccc3)C(=O)NC2=O)c2cc(Cl)ccc21,0.72915021,2.260479863,-8.5,-8.4,3.3989,336.0665553
COCCN1CCC(CNC(=O)c2n[nH]c3ccc(-c4ccc(Cl)cc4Cl)cc23)CC1,0.538721417,2.417884343,-9.1,-8.1,4.6249,460.1432814
Cn1cc(C2=C(c3ccccc3)C(=O)NC2=O)c2cccc(F)c21,0.738264262,2.393335745,-8.4,-8.4,2.8846,320.0961059
COc1ccc2[nH]nc(C(=O)NCC3CCN(Cc4ccc(C(=O)O)o4)CC3)c2c1,0.545137194,2.458462942,-9.2,-8.4,2.5047,412.1746699
c1ccc(-c2ccc(CSc3nnc(-c4ccc5c(c4)OCO5)o3)cc2)cc1,0.425315534,2.104144358,-9.4,-8.9,5.4246,388.0881634
O=C1NC(=O)C(c2cn(CCCn3ccnc3)c3ccccc23)=C1c1coc2ccccc12,0.403791318,2.745774432,-10,-8.6,4.2415,436.1535405
Cc1nc(-c2ccc(F)cc2)c(-c2ccnc(NC(=O)C3CC3)c2)[nH]1,0.758070095,2.315199882,-9,-7.7,3.93472,336.1386394
N#Cc1ccc(-c2ccc(CSc3nnc(-c4ccc5c(c4)OCCO5)o3)cc2)cc1,0.397746084,2.328630459,-9.5,-9.3,5.33878,427.0990624
Cn1cc(C2=C(c3ccccc3)C(=O)NC2=O)c2cccc(F)c21,0.738264262,2.393335745,-8.5,-8.5,2.8846,320.0961059
CSc1nc(-c2ccc(Cl)cc2)c(-c2ccnc(NC(=O)C3CC3)c2)[nH]1,0.615884038,2.391606205,-8.7,-7.4,4.8625,384.0811598
Cn1c(N2CCNC(c3ccc(Cl)cc3)C2)nc(-c2ccccc2)cc1=O,0.757395061,2.76283495,-9.4,-8.6,3.2516,380.140389
CSc1nc(-c2ccc(F)cc2)c(C2=CC=NC(Nc3ccc(NC(=O)c4ccc(N5CCOCC5)cc4)cc3)=NC=C2)n1C,0.229326086,3.233534458,-9.7,-7.8,6.4866,621.2322225
CCCC(=O)Nc1n[nH]c2ncc(-c3ccc(Cl)cc3)cc12,0.763814227,2.223081599,-8.2,-7.8,4.0169,314.0934388
c1ccc(-c2ccc(CSc3nnc(-c4ccc5c(c4)OCCO5)o3)cc2)cc1,0.412852211,2.143259086,-9.4,-9.1,5.4671,402.1038134
c1ccc(-c2ccc(CSc3nnc(-c4ccc5c(c4)OCO5)o3)cc2)cc1,0.425315534,2.104144358,-9.3,-8.9,5.4246,388.0881634
N=C1NC(=O)C(=Cc2ccc(-c3ccc(C(=O)O)cc3)o2)S1,0.755803226,2.645417402,-8.1,-8.1,2.78347,314.0361278
O=C(Nc1n[nH]c2nc(-c3ccccc3)ccc12)C1CC1,0.773390379,2.158875398,-8.3,-7.5,2.9734,278.1167611
c1ccc(-c2ccc(CSc3nnc(-c4ccc5c(c4)OCCO5)o3)cc2)cc1,0.412852211,2.143259086,-9.4,-9,5.4671,402.1038134
c1ccc(-c2ccc(CSc3nnc(-c4ccc5c(c4)OCO5)o3)cc2)cc1,0.425315534,2.104144358,-9.3,-8.9,5.4246,388.0881634
c1ccc(-c2ccc(CSc3nnc(-c4ccc5c(c4)OCO5)o3)cc2)cc1,0.425315534,2.104144358,-9.4,-8.9,5.4246,388.0881634
O=C(Nc1n[nH]c2ccc(-c3ccccn3)cc12)C1CC1,0.773390379,2.163185865,-8.6,-7.9,2.9734,278.1167611
O=C1NC(=O)C(c2cn(CCCN3CCOCC3)c3ccccc23)=C1c1ccccc1,0.629090111,2.407668877,-9.3,-8.1,2.9308,415.1895917
c1ccc(-c2ccc(CSc3nnc(-c4ccc5c(c4)OCO5)o3)cc2)cc1,0.425315534,2.104144358,-9.4,-8.8,5.4246,388.0881634
c1ccc(-c2ccc(CSc3nnc(-c4ccc5c(c4)OCCO5)o3)cc2)cc1,0.412852211,2.143259086,-9.3,-9,5.4671,402.1038134
O=C(NCC1CCN(Cc2ccccc2)CC1)c1n[nH]c2ccc(-c3ccccc3)cc12,0.464120718,2.146793483,-8.8,-9.5,4.8719,424.2263115
CN1CCN(CCNC(=O)c2ccc(Nc3nccc(-c4cnn5ncccc45)n3)cc2)CC1,0.433839735,2.613230169,-9.5,-8.7,1.9071,457.2338565
c1ccc(-c2ccc(CSc3nnc(-c4ccc5c(c4)OCCO5)o3)cc2)cc1,0.412852211,2.143259086,-9.4,-8.4,5.4671,402.1038134
c1ccc(-c2ccc(CSc3ccc(-c4ccc5c(c4)OCCO5)o3)cc2)cc1,0.349874435,2.24139012,-8.5,-9.1,6.6771,400.1133155
CSc1nc(-c2ccc(F)cc2)c(C2=CC=NC(Nc3ccc(NC(=O)c4ccc(N5CCOCC5)cc4)cc3)=NC=C2)n1C,0.229326086,3.233534458,-10,-9.8,6.4866,621.2322225
NC1CCN(c2ccccc2NC(=O)c2ccnc(Nc3ccc(N4CCOCC4)cc3)c2)CC1,0.501631423,2.383544533,-8.7,-9.2,3.8416,472.2586743
O=C(Nc1n[nH]c2ncc(-c3ccccc3)cc12)C1CC1,0.773390379,2.155164175,-8.4,-7.9,2.9734,278.1167611
c1ccc(-c2ccc(CSc3nnc(-c4ccc5c(c4)OCCO5)o3)cc2)cc1,0.412852211,2.143259086,-9.4,-8.4,5.4671,402.1038134
CSc1nn2nc(-c3ccc(F)cc3)c(-c3ccnc(Nc4ccc(N5CCOCC5)cc4)c3)c2n1C,0.310265195,2.928866175,-8.9,-8.9,5.238,515.1903577
CSc1nc(-c2ccc(F)cc2)c(C2=CC=NC(Nc3ccc(NC(=O)c4ccc(N5CCOCC5)cc4)cc3)=NC=C2)n1C,0.229326086,3.233534458,-9.9,-9.4,6.4866,621.2322225
NC(=O)c1ccccc1Nc1cccc(C(=O)Nc2ccccc2N2CCC(N)CC2)c1,0.477042751,2.149765923,-8.7,-9.3,3.7089,429.2164751
COCCN1CCC(CNC(=O)c2n[nH]c3ccc(-c4ccccc4)cc23)CC1,0.647153718,2.235827093,-8.8,-8.5,3.3181,392.2212261
c1ccc(-c2ccc(CSc3nnc(-c4ccc5c(c4)OCCO5)o3)cc2)cc1,0.412852211,2.143259086,-9.4,-9.1,5.4671,402.1038134
Cc1ccc(-c2ccc(CSc3nnc(-c4ccc5c(c4)OCCO5)o3)cc2)cc1,0.384730018,2.194114828,-9.5,-9.6,5.77552,416.1194635
O=C(Nc1n[nH]c2ncc(-c3ccccc3)cc12)C1CC1,0.773390379,2.155164175,-8.5,-7.9,2.9734,278.1167611
NC(=O)c1ccc(-c2ccnc(NC(=O)C3CC3)c2)cc1,0.900461031,1.879451704,-8,-7.4,2.196,281.1164267
O=C(Nc1n[nH]c2ncc(-c3ccccc3)cc12)C1CC1,0.773390379,2.155164175,-8.5,-7.9,2.9734,278.1167611
CCCC(=O)Nc1n[nH]c2ncc(-c3ccc(Cl)cc3Cl)cc12,0.719004571,2.377350424,-8.3,-8.1,4.6703,348.0544664
N=C1NC(=O)C(=Cc2ccc(-c3ccc(Cl)cc3)o2)S1,0.830631159,2.659404864,-7.5,-7.7,3.73867,304.0073262
O=C(O)c1ccc(-c2ccc(CSc3nnc(-c4ccc5c(c4)OCCO5)o3)cc2)cc1,0.405719115,2.26045225,-9.6,-9.7,5.1653,446.0936427
COCCN1CCC(CNC(=O)c2n[nH]c3ccc(-c4ccccc4)cc23)CC1,0.647153718,2.235827093,-8.8,-8.7,3.3181,392.2212261
O=C(Nc1n[nH]c2ncc(-c3ccccc3)cc12)C1CC1,0.773390379,2.155164175,-8.5,-7.9,2.9734,278.1167611
CCCC(=O)Nc1n[nH]c2ccc(-c3ccccn3)cc12,0.769418044,2.166620165,-8,-7.2,3.3635,280.1324111
Cn1cc(C2=C(c3coc4ccccc34)C(=O)NC2=O)c2cc(Br)ccc21,0.492462841,2.602544543,-9.5,-8.7,4.2542,420.0109544
c1ccc(-c2ccc(CSc3nnc(-c4ccc5c(c4)OCCO5)o3)cc2)cc1,0.412852211,2.143259086,-9.4,-9,5.4671,402.1038134
CCCC(=O)Nc1n[nH]c2ccc(-c3ccc(Cl)cc3)cc12,0.737928189,2.037743137,-8.5,-8,4.6219,313.0981898
CSc1nc(-c2ccc(F)cc2)c(-c2ccnc(Nc3ccc(C(=O)NCCN4CCN(C)CC4)cc3)c2)n1C,0.287217823,2.675472101,-9.2,-9,4.7309,559.2529579
COc1ccc2[nH]nc(C(=O)NCC3CCN(Cc4ccccc4)CC3)c2c1,0.690995807,2.115609608,-9.3,-8.5,3.2135,378.2055761
c1ccc(-c2ccc(CSc3nnc(-c4ccc5c(c4)OCO5)o3)cc2)cc1,0.425315534,2.104144358,-9.4,-8.9,5.4246,388.0881634
c1ccc(-c2ccc(CSc3nnc(-c4ccc5c(c4)OCO5)o3)cc2)cc1,0.425315534,2.104144358,-9.4,-8.9,5.4246,388.0881634
c1ccc(-c2ccc(CSc3nnc(-c4ccc5c(c4)OCCO5)o3)cc2)cc1,0.412852211,2.143259086,-9.4,-8.4,5.4671,402.1038134
CSc1nc(-c2ccc(F)cc2)c(C2=CC=NC(Nc3ccc(NC(=O)c4ccc(NC(=O)C=CCN(C)C)cc4)cc3)=NC=C2)n1C,0.128545533,3.423644774,-9.1,-9.4,6.7063,662.2587716
CCCC(=O)Nc1n[nH]c2ccc(-c3ccccn3)cc12,0.769418044,2.166620165,-8,-7.2,3.3635,280.1324111
COc1ccc2[nH]nc(C(=O)NCC3CCN(Cc4ccc(C(=O)O)o4)CC3)c2c1,0.545137194,2.458462942,-8.5,-7.5,2.5047,412.1746699
COc1ccc2[nH]nc(C(=O)NCC3CCN(Cc4ccc(C(=O)O)o4)CC3)c2c1,0.545137194,2.458462942,-8.5,-8.5,2.5047,412.1746699
Clc1ccc(Nc2nccc(-c3cnn4ncccc34)n2)cc1Cl,0.594122222,2.508098079,-8.7,-8.3,4.2367,356.0343997
COc1ccc2c(-c3ccnc(Nc4ccccc4Cl)n3)cnn2n1,0.604446714,2.558416884,-8.4,-8.5,3.5919,352.0839367
c1ccc(-c2ccc(CSc3nnc(-c4ccc5c(c4)OCCO5)o3)cc2)cc1,0.412852211,2.143259086,-9.4,-9,5.4671,402.1038134
c1ccc(-c2ccc(CSc3nnc(-c4ccc5c(c4)OCO5)o3)cc2)cc1,0.425315534,2.104144358,-9.4,-8.9,5.4246,388.0881634
c1ccc(-c2ccc(CSc3nnc(-c4ccc5c(c4)OCCO5)o3)cc2)cc1,0.412852211,2.143259086,-9.4,-9.1,5.4671,402.1038134
N=C1NC(=O)C(=Cc2ccc(-c3ccc(S(N)(=O)=O)cc3)o2)S1,0.727500958,2.751821985,-8.3,-7.8,1.73267,349.0190978
COCCN1CCC(CNC(=O)c2n[nH]c3ccc(-c4ccccc4)cc23)CC1,0.647153718,2.235827093,-8.8,-8.6,3.3181,392.2212261
c1ccc(-c2ccc(CSc3nnc(-c4ccc5c(c4)OCCO5)o3)cc2)cc1,0.412852211,2.143259086,-9.4,-9,5.4671,402.1038134
CSc1nc(-c2ccccc2)c(-c2ccnc(NC(=O)C3CC3)c2)[nH]1,0.676359731,2.332860852,-8.8,-7.4,4.2091,350.1201322
COCCN1CCC(CNC(=O)c2n[nH]c3ccc(-c4ccccc4)cc23)CC1,0.647153718,2.235827093,-8.8,-8.6,3.3181,392.2212261
Cn1c(N2CCNC(c3ccc(Cl)cc3)C2)nc(-c2ccncc2)cc1=O,0.75527413,2.934106548,-9.2,-8.4,2.6466,381.1356379
c1ccc(-c2ccc(CSc3nnc(-c4ccc5c(c4)OCCO5)o3)cc2)cc1,0.412852211,2.143259086,-9.4,-9.2,5.4671,402.1038134
COCCN1CCC(CNC(=O)c2n[nH]c3ccc(-c4ccccc4)cc23)CC1,0.647153718,2.235827093,-8.8,-8.6,3.3181,392.2212261
COCCN1CCC(CNC(=O)c2ccc(-c3ccnc(NC(=O)C4CC4)c3)cc2)CC1,0.630835066,2.247838833,-8.8,-7.8,3.1853,436.2474409
O=C(O)CN1CCC(NC(=O)c2cccc(-n3ncc4cc(Nc5ccccc5Cl)ccc43)c2)CC1,0.337844226,2.405735808,-9.8,-9.3,4.7013,503.1724174
O=C(Nc1n[nH]c2ncc(-c3ccccc3)cc12)C1CC1,0.773390379,2.155164175,-8.4,-8,2.9734,278.1167611
COCCN1CCC(CNC(=O)c2n[nH]c3cc(-c4ccccc4)ccc23)CC1,0.647153718,2.240086822,-8.7,-8.4,3.3181,392.2212261
c1ccc(-c2ccc(CSc3nnc(-c4ccc5c(c4)OCO5)o3)cc2)cc1,0.425315534,2.104144358,-9.4,-8.9,5.4246,388.0881634
CCCC(=O)Nc1n[nH]c2ccc(-c3ccccc3)cc12,0.758874824,1.967183343,-8.3,-7.9,3.9685,279.1371622
COCCN1CCC(CNC(=O)c2cccc(-n3cc(NC(=O)Nc4ccccc4Cl)cn3)c2)CC1,0.399179054,2.414996754,-9.4,-8.6,4.2579,510.2146165
CSc1nc(-c2ccc(F)cc2)c(C2=CC=NC(Nc3ccc(NC(=O)c4ccccc4)cc3)=NC=C2)n1C,0.270377279,3.058869093,-10.2,-9.1,6.65,536.1794586
O=C(NCC1CCN(Cc2ccc(C(=O)O)o2)CC1)c1cccc(-n2ncc3cc(Nc4ccccc4Cl)ccc32)c1,0.185099221,2.676219885,-10.2,-9.9,6.3557,583.1986321
CCCC(=O)Nc1n[nH]c2ncc(-c3ccccc3)cc12,0.769418044,2.158598475,-8.1,-7.7,3.3635,280.1324111
c1ccc(-c2ccc(CSc3nnc(-c4ccc5c(c4)OCCO5)o3)cc2)cc1,0.412852211,2.143259086,-9.4,-9.1,5.4671,402.1038134
CSc1nn2nc(-c3ccc(F)cc3)c(-c3ccnc(Nc4ccccc4Cl)c3)c2n1C,0.320468096,2.838073281,-10.1,-9,6.0548,464.0986215
c1ccc(-c2ccc(CSc3nnc(-c4ccc5c(c4)OCO5)o3)cc2)cc1,0.425315534,2.104144358,-9.4,-8.9,5.4246,388.0881634
COCCN1CCC(CNC(=O)c2cccc(-n3ncc4cc(Nc5ccccc5Cl)ccc43)c2)CC1,0.30611506,2.454645663,-9.2,-9,5.5107,517.2244529
COc1ccc2c(-c3ccnc(Nc4ccc(Cl)c(Cl)c4)n3)cnn2n1,0.56439075,2.603694105,-9,-8.1,4.2453,386.0449644
c1ccc(-c2ccc(CSc3nnc(-c4ccc5c(c4)OCO5)o3)cc2)cc1,0.425315534,2.104144358,-9.4,-8.9,5.4246,388.0881634
O=C(Nc1cc(-c2ccccc2)ccn1)C1CCCC1,0.915697433,1.757717099,-8.5,-8.1,3.8773,266.1419132
O=C(O)c1ccc(Nc2nccc(-c3ccc4c(c3)C(=O)NCC4)n2)cc1,0.660837,2.286913536,-9.4,-8.8,2.8713,360.1222404
c1ccc(-c2ccc(CSc3nnc(-c4ccc5c(c4)OCCO5)o3)cc2)cc1,0.412852211,2.143259086,-9.4,-9.2,5.4671,402.1038134
Cn1cc(C2=C(c3coc4ccccc34)C(=O)NC2=O)c2ccccc21,0.567245536,2.465095951,-9.3,-8.9,3.4917,342.1004423
O=C1Nc2ccccc2C1=C1Nc2ccccc2N1,0.629190823,2.292274768,-8.6,-8.2,2.8449,249.090212
O=C(Cc1ccnc2ccccc12)Nc1scc(Br)c1-c1ncn[nH]1,0.528425777,2.717712142,-8.7,-8.4,4.0251,412.9945931
N#Cc1ccc(-c2ccc(CSc3nnc(-c4ccc5c(c4)OCCO5)o3)cc2)cc1,0.397746084,2.328630459,-9.4,-9.6,5.33878,427.0990624
c1ccc(-c2ccc(CSc3nnc(-c4ccc5c(c4)OCO5)o3)cc2)cc1,0.425315534,2.104144358,-9.4,-9,5.4246,388.0881634
c1ccc(-c2ccc(CSc3nnc(-c4ccc5c(c4)OCCO5)o3)cc2)cc1,0.412852211,2.143259086,-9.3,-9,5.4671,402.1038134
Cn1cc(C2=C(c3cn(C)c4ccccc34)C(=O)NC2=O)c2ccccc21,0.561396223,2.41960808,-9,-8.3,3.2372,355.1320768
c1ccc(-c2ccc(CSc3nnc(-c4ccc5c(c4)OCCO5)o3)cc2)cc1,0.412852211,2.143259086,-9.4,-9,5.4671,402.1038134
c1ccc(-c2ccc(CSc3nnc(-c4ccc5c(c4)OCCO5)o3)cc2)cc1,0.412852211,2.143259086,-9.4,-9.1,5.4671,402.1038134
Clc1ccccc1Nc1nccc(-c2cnn3ncccc23)n1,0.62407752,2.461172126,-8.4,-8.1,3.5833,322.073372
N=C1NC(=O)C(=Cc2ccc(-c3ccc(C(=O)O)cc3)cc2)S1,0.75633498,2.399276341,-7.8,-8.3,3.19047,324.0568632
c1ccc(Nc2nccc(-c3cnn4ncccc34)n2)cc1,0.627484971,2.364224756,-8.2,-8.2,2.9299,288.1123444
c1ccc(-c2ccc(CSc3nnc(-c4ccc5c(c4)OCCO5)o3)cc2)cc1,0.412852211,2.143259086,-9.4,-9.2,5.4671,402.1038134
N#Cc1ccc(-c2ccc(CSc3nnc(-c4ccc5c(c4)OCCO5)o3)cc2)cc1,0.397746084,2.328630459,-9.4,-9.7,5.33878,427.0990624
Cn1cc(C2=C(c3ccccc3)C(=O)NC2=O)c2ccccc21,0.74005506,2.152761451,-8.5,-8.3,2.7455,302.1055277
CNC(=O)c1sc(-c2ccnc(NC(=O)C3CC3)c2)nc1OCC1CC1,0.779405599,2.643919268,-7.8,-7.1,2.702,372.1256115
O=C(NCC1CCN(CCc2ccccc2)CC1)c1n[nH]c2ccc(-c3ccccc3)cc12,0.430796333,2.204799287,-9,-9.3,4.9144,438.2419616
c1ccc(-c2ccc(CSc3nnc(-c4ccc5c(c4)OCO5)o3)cc2)cc1,0.425315534,2.104144358,-9.4,-8.7,5.4246,388.0881634
c1ccc(-c2ccc(CSc3nnc(-c4ccc5c(c4)OCCO5)o3)cc2)cc1,0.412852211,2.143259086,-9.4,-8.4,5.4671,402.1038134
c1ccc(-c2ccc(CSc3nnc(-c4ccc5c(c4)OCO5)o3)cc2)cc1,0.425315534,2.104144358,-9.4,-8.9,5.4246,388.0881634
c1cc(-c2ccc(N3CCOCC3)cc2)ccc1CSc1nnc(-c2ccc3c(c2)OCCO3)o1,0.33935022,2.408898678,-9.7,-10.6,5.3037,487.1565773
O=C1Nc2ccccc2NC1=C1C(=O)Nc2ccccc21,0.647589488,2.360171237,-9.4,-9.3,2.414,277.0851266
CCCC(=O)Nc1n[nH]c2ccc(-c3ccccc3)cc12,0.758874824,1.967183343,-8.3,-7.8,3.9685,279.1371622
c1ccc(-c2ccc(CSc3nnc(-c4ccc5c(c4)OCO5)o3)cc2)cc1,0.425315534,2.104144358,-9.4,-8.9,5.4246,388.0881634
COc1ccc2[nH]nc(C(=O)NCC3CCN(Cc4ccccc4)CC3)c2c1,0.690995807,2.115609608,-9.2,-8.5,3.2135,378.2055761
c1ccc(-c2ccc(CSc3nnc(-c4ccc5c(c4)OCO5)o3)cc2)cc1,0.425315534,2.104144358,-9.4,-8.9,5.4246,388.0881634
N=C1NC(=O)C(=Cc2ccc(-c3ccc(Cl)cc3)cc2)S1,0.81828627,2.386172082,-7.9,-7.9,4.14567,314.0280617
N=C1NC(=O)C(=Cc2ccc(-c3ccc(Cl)cc3)o2)S1,0.830631159,2.659404864,-7.6,-7.8,3.73867,304.0073262
c1ccc(-c2ccc(CSc3nnc(-c4ccc5c(c4)OCO5)o3)cc2)cc1,0.425315534,2.104144358,-9.4,-8.9,5.4246,388.0881634
CCCC(=O)Nc1n[nH]c2ncc(-c3ccccc3)cc12,0.769418044,2.158598475,-8.1,-7.7,3.3635,280.1324111
c1ccc(-c2ccc(CSc3nnc(-c4ccc5c(c4)OCCO5)o3)cc2)cc1,0.412852211,2.143259086,-9.4,-8.4,5.4671,402.1038134
O=C1NC(=O)C(c2cn3c4c(cccc24)CNCC3)=C1c1cn(CCCN2CCOCC2)c2ccccc12,0.390902509,2.998469209,-10.1,-8.5,2.9887,509.2426899
c1ccc(-c2ccc(CSc3nnc(-c4ccc5c(c4)OCCO5)o3)cc2)cc1,0.412852211,2.143259086,-9.4,-9.1,5.4671,402.1038134
Clc1ccc(Nc2nccc(-c3cnn4ncccc34)n2)cc1Cl,0.594122222,2.508098079,-8.7,-8.3,4.2367,356.0343997
O=C(Nc1n[nH]c2ncc(-c3ccccc3)cc12)C1CC1,0.773390379,2.155164175,-8.5,-7.9,2.9734,278.1167611
COc1ccc2c(-c3ccnc(Nc4ccc(Cl)c(Cl)c4)n3)cnn2n1,0.56439075,2.603694105,-9,-7.9,4.2453,386.0449644
O=C(NCC1CCN(Cc2ccccc2)CC1)c1ccc(Nc2cc(-c3ccncc3)ccn2)cc1,0.349241869,2.251508368,-9.4,-9.6,5.5292,477.2528606
O=C(NCCCN1CCOCC1)c1ccc(-c2ccnc(NC(=O)C3CC3)c2)cc1,0.656149861,2.147610903,-8.7,-7.6,2.5492,408.2161408
c1cnn2ncc(-c3ccnc(Nc4ccc(-n5cnc(N6CCOCC6)n5)cc4)n3)c2c1,0.440078572,2.898664822,-9.8,-9.3,2.3472,440.1821553
Clc1ccc(Nc2nccc(-c3cnn4ncccc34)n2)cc1Cl,0.594122222,2.508098079,-8.7,-8.3,4.2367,356.0343997
COCCN1CCC(CNC(=O)c2n[nH]c3ccc(-c4ccccc4)cc23)CC1,0.647153718,2.235827093,-8.8,-8.6,3.3181,392.2212261
O=C(O)CN1CCC(NC(=O)c2n[nH]c3ccc(-c4ccccc4Cl)cc23)CC1,0.597534246,2.295116265,-9.2,-9.5,3.1621,412.1302182
CSc1nc(-c2ccc(F)cc2)c(C2=CC=NC(Nc3ccc(NC(=O)c4ccc(N5CCOCC5)cc4)cc3)=NC=C2)n1C,0.229326086,3.233534458,-9.9,-9.9,6.4866,621.2322225
CCCC(=O)Nc1n[nH]c2ncc(-c3ccccc3)cc12,0.769418044,2.158598475,-8.1,-7.7,3.3635,280.1324111
O=C(O)c1ccc(-c2ccc3[nH]cc(-c4ccc(C(=O)O)cc4)c3c2)cc1,0.484493026,1.944629259,-9.9,-9.1,4.8983,357.100108
Cn1c(N2CCNC(c3ccc(Cl)cc3)C2)nc(-c2ccccc2)cc1=O,0.757395061,2.76283495,-9.4,-8.6,3.2516,380.140389
Clc1ccc(Nc2cc(-c3ccnc(Nc4ccc(N5CCOCC5)cc4)n3)ccn2)cc1Cl,0.332830246,2.401296785,-9.9,-9.9,6.1692,492.1232147
c1ccc(-c2ccc(CSc3nnc(-c4ccc5c(c4)OCCO5)o3)cc2)cc1,0.412852211,2.143259086,-9.4,-9.1,5.4671,402.1038134
c1ccc(-c2ccc(CSc3nnc(-c4ccc5c(c4)OCO5)o3)cc2)cc1,0.425315534,2.104144358,-9.4,-8.9,5.4246,388.0881634
CCCC(=O)Nc1n[nH]c2ccc(-c3ccccn3)cc12,0.769418044,2.166620165,-8,-7.2,3.3635,280.1324111
N=C1NC(=O)C(=Cc2ccc(-c3ccc(Cl)cc3)o2)S1,0.830631159,2.659404864,-7.5,-7.7,3.73867,304.0073262
COCCN1CCC(CNC(=O)c2n[nH]c3ccc(-c4ccccc4)cc23)CC1,0.647153718,2.235827093,-8.8,-8.6,3.3181,392.2212261
c1cc(-c2ccc3c(c2)OCCO3)nc(NC2CCCC2)n1,0.94197977,2.184980001,-8.1,-8,3.2693,297.1477268
c1ccc(-c2ccc(CSc3nnc(-c4ccc5c(c4)OCCO5)o3)cc2)cc1,0.412852211,2.143259086,-9.4,-9.2,5.4671,402.1038134
CSc1nc(-c2ccc(F)cc2)c(C2=CC=NC(Nc3ccc(NC(=O)c4ccc(N5CCOCC5)cc4)cc3)=NC=C2)n1C,0.229326086,3.233534458,-10.3,-9.9,6.4866,621.2322225
c1ccc(-c2ccc(CSc3nnc(-c4ccc5c(c4)OCO5)o3)cc2)cc1,0.425315534,2.104144358,-9.4,-8.9,5.4246,388.0881634
CCCC(=O)Nc1n[nH]c2ccc(-c3ccccn3)cc12,0.769418044,2.166620165,-8,-7.2,3.3635,280.1324111
O=C(Nc1n[nH]c2ncc(-c3ccccc3)cc12)C1CC1,0.773390379,2.155164175,-8.4,-8.1,2.9734,278.1167611
c1ccc(-c2ccc(CSc3nnc(-c4ccc5c(c4)OCCO5)o3)cc2)cc1,0.412852211,2.143259086,-9.4,-9,5.4671,402.1038134
O=C(Nc1ccccc1)c1ccc(CCNC(=O)c2ccc(O)c3[nH]c(-c4ccc(Cl)cc4)nc23)cc1,0.221328593,2.274150935,-9.6,-9.1,5.8137,510.1458683
O=C(Nc1n[nH]c2ncc(-c3ccccc3)cc12)C1CC1,0.773390379,2.155164175,-8.4,-7.9,2.9734,278.1167611
O=C(O)CN1CCC(CNC(=O)c2n[nH]c3ccc(-c4ccc(Cl)cc4)cc23)CC1,0.560697031,2.299209632,-9.4,-8.5,3.4097,426.1458683
O=C1NC(=O)C(c2cn(CCCO)c3ccccc23)=C1c1ccccc1,0.697742918,2.289297797,-8.3,-7.8,2.5909,346.1317424
N=C1NC(=O)C(=Cc2ccc(-c3ccc(S(N)(=O)=O)cc3)o2)S1,0.727500958,2.751821985,-8.3,-7.8,1.73267,349.0190978
c1ccc(Nc2nccc(-c3c(-c4ccccc4)nn4ccccc34)n2)cc1,0.476625669,2.176317435,-9.8,-9,5.2019,363.1483955
COc1ccc(-c2nnc(SCc3ccc(-c4ccccc4)cc3)o2)cc1,0.404925026,1.87809577,-8.9,-8.2,5.7045,374.1088988
N#Cc1ccc(-c2ccc(CSc3nnc(-c4ccc5c(c4)OCO5)o3)cc2)cc1,0.410876371,2.293696678,-9.4,-9.5,5.29628,413.0834123
c1ccc(-c2ccc(CSc3nnc(-c4ccc5c(c4)OCO5)o3)cc2)cc1,0.425315534,2.104144358,-9.4,-8.9,5.4246,388.0881634
Clc1ccccc1Nc1nccc(-c2cnn3ncccc23)n1,0.62407752,2.461172126,-8.4,-8,3.5833,322.073372
COCCN1CCC(CNC(=O)c2n[nH]c3ccc(-c4ccccc4)cc23)CC1,0.647153718,2.235827093,-8.8,-8.7,3.3181,392.2212261
c1ccc(-c2ccc(CSc3nnc(-c4ccc5c(c4)OCCO5)o3)cc2)cc1,0.412852211,2.143259086,-9.4,-9,5.4671,402.1038134
CCCC(=O)Nc1n[nH]c2ccc(-c3ccccn3)cc12,0.769418044,2.166620165,-8,-7.6,3.3635,280.1324111
c1ccc(-c2ccc(CSc3nnc(-c4ccc5c(c4)OCCO5)o3)cc2)cc1,0.412852211,2.143259086,-9.4,-8.4,5.4671,402.1038134
c1ccc(-c2ccc(CSc3nnc(-c4ccc5c(c4)OCCO5)o3)cc2)cc1,0.412852211,2.143259086,-9.4,-8.4,5.4671,402.1038134
CSc1nc(-c2ccc(F)cc2)c(C2=CC=NC(Nc3ccc(NC(=O)c4ccc(N5CCOCC5)cc4)cc3)=NC=C2)n1C,0.229326086,3.233534458,-10.2,-10,6.4866,621.2322225
COCCN1CCCC(CNC(=O)c2n[nH]c3ccc(-c4ccccc4)cc23)CC1,0.627578496,2.67469581,-8.6,-8.5,3.7082,406.2368762
CSc1nc(-c2ccc(F)cc2)c(C2=CC=NC(Nc3ccc(NC(=O)c4ccc(N5CCOCC5)cc4)cc3)=NC=C2)n1C,0.229326086,3.233534458,-9.8,-9.7,6.4866,621.2322225
c1ccc(-c2ccc(CSc3nnc(-c4ccc5c(c4)OCCO5)o3)cc2)cc1,0.412852211,2.143259086,-9.4,-8.4,5.4671,402.1038134
CCCC(=O)Nc1n[nH]c2ccc(-c3ccccc3)cc12,0.758874824,1.967183343,-8.4,-7.8,3.9685,279.1371622
c1ccc(-c2ncn(-c3ccc(Nc4nccc(-c5cnn6ncccc56)n4)cc3)n2)cc1,0.437162669,2.685617269,-10.3,-9.8,4.1776,431.1606915
c1ccc(-c2ccc(CSc3nnc(-c4ccc5c(c4)OCCO5)o3)cc2)cc1,0.412852211,2.143259086,-9.4,-9,5.4671,402.1038134
c1ccc(-c2ccc(CSc3nnc(-c4ccc5c(c4)OCCO5)o3)cc2)cc1,0.412852211,2.143259086,-9.4,-9.1,5.4671,402.1038134
c1ccc(-c2ccc(CSc3nnc(-c4ccc5c(c4)OCO5)o3)cc2)cc1,0.425315534,2.104144358,-9.4,-8.9,5.4246,388.0881634
O=C(Nc1n[nH]c2ccc(-c3ccccn3)cc12)C1CC1,0.773390379,2.163185865,-8.6,-7.7,2.9734,278.1167611
CSc1nc(-c2ccc(F)cc2)c(C2=CC=NC(Nc3ccc(NC(=O)c4ccccc4)cc3)=NC=C2)n1C,0.270377279,3.058869093,-10.1,-9.5,6.65,536.1794586
O=C1NC(=O)C(c2ccccc2)=C1Nc1cc(Cl)c(O)c(Cl)c1,0.587526714,2.35591934,-7.9,-8.2,3.1786,348.0068475
Cc1ccc(-c2ccc(CSc3nnc(-c4ccc5c(c4)OCCO5)o3)cc2)cc1,0.384730018,2.194114828,-9.5,-9.4,5.77552,416.1194635
Cc1nc(C)n(-c2ccc(Nc3cc(-c4ccc(C(=O)NCCN5CCOCC5)cc4)ccn3)cc2)n1,0.382659366,2.497852073,-9.7,-8.9,3.75174,497.2539232
c1ccc(-c2ccc(CSc3nnc(-c4ccc5c(c4)OCCO5)o3)cc2)cc1,0.412852211,2.143259086,-9.4,-8.4,5.4671,402.1038134
O=C(NCC1CCN(Cc2ccccc2)CC1)c1cncc(NC(=O)c2cccc(NC(=O)C3CC3)c2)c1,0.396968257,2.2721831,-10.2,-9.8,4.3244,511.2583399
CCCC(=O)Nc1n[nH]c2ccc(-c3ccccn3)cc12,0.769418044,2.166620165,-8,-7.2,3.3635,280.1324111
COCCN1CCC(CNC(=O)c2n[nH]c3ccc(-c4ccc(O)cc4)cc23)CC1,0.559095199,2.352971645,-8.8,-8.6,3.0237,408.2161408
Cn1cc(C2=C(c3cn(CCCN4CCOCC4)c4ccccc34)C(=O)NC2=O)c2ccccc21,0.440541409,2.644305013,-9.5,-8.6,3.4225,468.2161408
c1ccc(-c2ccc(CSc3nnc(-c4ccc5c(c4)OCO5)o3)cc2)cc1,0.425315534,2.104144358,-9.4,-8.9,5.4246,388.0881634
CCCC(=O)Nc1n[nH]c2ccc(-c3ccccn3)cc12,0.769418044,2.166620165,-8.1,-7.5,3.3635,280.1324111
c1ccc(-c2ccc(CSc3nnc(-c4ccc5c(c4)OCO5)o3)cc2)cc1,0.425315534,2.104144358,-9.4,-8.9,5.4246,388.0881634
O=C(O)c1ccc(-c2ccc(CSc3nnc(-c4ccc5c(c4)OCO5)o3)cc2)cc1,0.419506999,2.222104549,-9.4,-9.4,5.1228,432.0779926
O=C1NC(=O)C(c2cn(CCCN3CCOCC3)c3ccccc23)=C1c1ccccc1,0.629090111,2.407668877,-9.1,-7.5,2.9308,415.1895917
c1ccc(-c2ccc(CSc3nnc(-c4ccc5c(c4)OCO5)o3)cc2)cc1,0.425315534,2.104144358,-9.4,-8.9,5.4246,388.0881634
O=C(NCCC1CC1)c1ccc(O)c2[nH]c(-c3ccc(F)cc3)nc12,0.664421352,2.304216567,-8.1,-7.4,3.6045,339.138305
COCCN1CCC(CNC(=O)c2n[nH]c3ccc(-c4ccccc4)cc23)CC1,0.647153718,2.235827093,-8.8,-8.6,3.3181,392.2212261
CSc1ccc(NC2=C(c3ccccc3)C(=O)NC2=O)cc1,0.673281968,2.198439841,-7.8,-7.7,2.8881,310.0775987
Cc1ccc(-c2ccc3[nH]nc(C(=O)NCC4CCN(CC(=O)O)CC4)c3c2)cc1,0.584417769,2.287850956,-9.4,-8.6,3.06472,406.2004907
CCCC(=O)Nc1n[nH]c2ncc(-c3ccccc3)cc12,0.769418044,2.158598475,-8.1,-7.7,3.3635,280.1324111
CCCC(=O)Nc1n[nH]c2ccc(-c3ccccc3)cc12,0.758874824,1.967183343,-8.3,-7.8,3.9685,279.1371622
CCCC(=O)Nc1n[nH]c2ncc(-c3ccc(Cl)cc3)cc12,0.763814227,2.223081599,-8.3,-7.9,4.0169,314.0934388
c1ccc(-c2ccc(CSc3nnc(-c4ccc5c(c4)OCCO5)o3)cc2)cc1,0.412852211,2.143259086,-9.4,-9.1,5.4671,402.1038134
c1ccc(-c2ccc(CSc3nnc(-c4ccc5c(c4)OCCO5)o3)cc2)cc1,0.412852211,2.143259086,-9.4,-9.1,5.4671,402.1038134
CSc1nc(-c2ccc(F)cc2)c(C2=CC=NC(Nc3ccc(NC(=O)c4ccc(N5CCOCC5)cc4)cc3)=NC=C2)n1C,0.229326086,3.233534458,-10.2,-10,6.4866,621.2322225
CS(=O)c1ccc(-c2coc3ccc(-c4ccccc4Cl)cc23)cc1,0.434458549,2.726290846,-9.5,-8.8,6.1576,366.0481284
Cn1cc(C2=C(c3ccccc3)C(=O)NC2=O)c2ccccc21,0.74005506,2.152761451,-8.5,-8.4,2.7455,302.1055277
N=C1NC(=O)C(=Cc2ccc(-c3ccc(S(N)(=O)=O)cc3)o2)S1,0.727500958,2.751821985,-8.3,-7.8,1.73267,349.0190978
c1ccc(-c2ccc(CSc3nnc(-c4ccc5c(c4)OCO5)o3)cc2)cc1,0.425315534,2.104144358,-9.4,-9,5.4246,388.0881634
O=C(Nc1n[nH]c2ncc(-c3ccccc3)cc12)C1CC1,0.773390379,2.155164175,-8.5,-7.9,2.9734,278.1167611
CN1CCN(CCNC(=O)c2ccc(Nc3nccc(-c4cnn5ncccc45)n3)cc2)CC1,0.433839735,2.613230169,-9.6,-8.7,1.9071,457.2338565
O=C1NC(=O)C(c2cn(CCCN3CCOCC3)c3ccccc23)=C1c1ccccc1,0.629090111,2.407668877,-9.2,-7.6,2.9308,415.1895917
CCCC(=O)Nc1n[nH]c2ccc(-c3ccccc3)cc12,0.758874824,1.967183343,-8.2,-7.8,3.9685,279.1371622
CCCC(=O)Nc1n[nH]c2ccc(-c3ccccn3)cc12,0.769418044,2.166620165,-8,-7.5,3.3635,280.1324111
COc1ccc2[nH]nc(C(=O)NCC3CCN(Cc4ccc(C(=O)O)o4)CC3)c2c1,0.545137194,2.458462942,-9.1,-8.4,2.5047,412.1746699
c1ccc(-c2ccc(CSc3nnc(-c4ccc5c(c4)OCCO5)o3)cc2)cc1,0.412852211,2.143259086,-9.4,-9.1,5.4671,402.1038134
CCCC(=O)Nc1n[nH]c2ccc(-c3ccccn3)cc12,0.769418044,2.166620165,-8,-7.5,3.3635,280.1324111
O=C(NCCN1CCOCC1)c1ccc(-c2ccnc(Nc3ccc(N4CCOCC4)cc3)c2)cc1,0.504301983,2.332012753,-9.2,-8.7,3.3908,487.2583399
COCCN1CCC(CNC(=O)c2cccc(-n3ncc4cc(Nc5ccccc5Cl)ccc43)c2)CC1,0.30611506,2.454645663,-9.7,-8.9,5.5107,517.2244529
O=C1NC(=O)C(c2ccccc2)=C1Nc1cc(Cl)c(O)c(Cl)c1,0.587526714,2.35591934,-8.1,-8.2,3.1786,348.0068475
c1ccc(-c2ccc(CSc3nnc(-c4ccc5c(c4)OCCO5)o3)cc2)cc1,0.412852211,2.143259086,-9.4,-8.4,5.4671,402.1038134
CCCC(=O)Nc1n[nH]c2ccc(-c3ccccn3)cc12,0.769418044,2.166620165,-8,-7.6,3.3635,280.1324111
NS(=O)(=O)c1ccc(-c2ccc3c(c2)C(=O)NCC3)cc1,0.87560923,2.111736189,-8.4,-8.3,1.2869,302.0725133
c1ccc(-c2ccc(CSc3nnc(-c4ccc5c(c4)OCO5)o3)cc2)cc1,0.425315534,2.104144358,-9.4,-8.9,5.4246,388.0881634
COc1ccc2c(-c3ccnc(Nc4ccc(Cl)c(Cl)c4)n3)cnn2n1,0.56439075,2.603694105,-9,-8.1,4.2453,386.0449644
CCCC(=O)Nc1n[nH]c2ccc(-c3ccccc3Cl)cc12,0.737928189,2.099037643,-8.5,-7.9,4.6219,313.0981898
O=C(Nc1n[nH]c2cc(-c3ccccc3)ccc12)C1CC1,0.768445346,1.975895071,-8.3,-7.8,3.5784,277.1215121
CCCC(=O)Nc1n[nH]c2ccc(-c3ccccc3)cc12,0.758874824,1.967183343,-8.2,-7.9,3.9685,279.1371622
COCCN1CCC(CNC(=O)c2n[nH]c3ccc(-c4ccc(O)cc4)cc23)CC1,0.559095199,2.352971645,-8.7,-8.5,3.0237,408.2161408
O=C1Nc2ccccc2NC1=C1C(=O)Nc2ccccc21,0.647589488,2.360171237,-9.4,-9.3,2.414,277.0851266
CCCC(=O)Nc1n[nH]c2ccc(-c3ccccc3)cc12,0.758874824,1.967183343,-8.3,-7.8,3.9685,279.1371622
c1ccc(-c2ccc(CSc3nnc(-c4ccc5c(c4)OCO5)o3)cc2)cc1,0.425315534,2.104144358,-9.4,-8.9,5.4246,388.0881634
CN1CCN(CCCNC(=O)c2cccc(-n3cc(NC(=O)Nc4ccccc4Cl)cn3)c2)CC1,0.415474806,2.337993575,-9.2,-8.1,3.537,495.2149509
O=C1NC(=O)C(c2ccccc2Cl)=C1Nc1cccc(C(=O)O)c1,0.741971604,2.216711794,-8.9,-8.4,2.5178,342.0407345
O=C1NC(=O)C(c2cn(CCCn3ccnc3)c3ccccc23)=C1c1coc2ccccc12,0.403791318,2.745774432,-10,-8.8,4.2415,436.1535405
O=C(O)CN1CCC(CNC(=O)c2n[nH]c3ccc(-c4cccc(F)c4F)cc23)CC1,0.560711128,2.45747241,-9.3,-9.3,3.0345,428.165997
O=C(O)CN1CCC(CNC(=O)c2n[nH]c3ccc(-c4ccccc4)cc23)CC1,0.599180564,2.23850613,-8.7,-9.2,2.7563,392.1848406
COc1ccc2c(-c3ccnc(Nc4ccc(Cl)c(Cl)c4)n3)cnn2n1,0.56439075,2.603694105,-9,-8.1,4.2453,386.0449644
CCCC(=O)Nc1n[nH]c2ccc(-c3ccccn3)cc12,0.769418044,2.166620165,-8,-7.6,3.3635,280.1324111
c1ccc(Nc2nccc(-c3cnn4ncccc34)n2)cc1,0.627484971,2.364224756,-8.2,-8.2,2.9299,288.1123444
CCCC(=O)Nc1n[nH]c2ccc(-c3ccccn3)cc12,0.769418044,2.166620165,-8.1,-7.7,3.3635,280.1324111
COc1ccc(-c2ccc(CSc3nnc(-c4ccc(OC)cc4)o3)cc2)cc1,0.367629841,1.950713609,-8.5,-8.4,5.7131,404.1194635
c1ccc(-c2ccc(CSc3nnc(-c4ccc5c(c4)OCCO5)o3)cc2)cc1,0.412852211,2.143259086,-9.4,-9.1,5.4671,402.1038134
N#Cc1ccc(-c2ccc(CSc3nnc(-c4ccc5c(c4)OCO5)o3)cc2)cc1,0.410876371,2.293696678,-9.3,-9.5,5.29628,413.0834123
CCCC(=O)Nc1n[nH]c2ccc(-c3ccccn3)cc12,0.769418044,2.166620165,-8.1,-7.6,3.3635,280.1324111
Cn1cc(C2=C(c3cn(CCCN4CCOCC4)c4ccccc34)C(=O)NC2=O)c2ccccc21,0.440541409,2.644305013,-9.6,-8.6,3.4225,468.2161408
Cn1cc(C2=C(c3cn4c5c(cccc35)CNCC4)C(=O)NC2=O)c2ccccc21,0.512223073,2.839866075,-9.7,-8.6,2.8034,396.1586259
O=C(Nc1ccccc1)c1ccnc2[nH]c(-c3ccc(F)cc3)nc12,0.595201774,2.053950288,-8.8,-8.3,4.0163,332.1073393
CSc1ccc(NC2=C(c3ccccc3)C(=O)NC2=O)cc1,0.673281968,2.198439841,-7.8,-7.7,2.8881,310.0775987
C[S+]([O-])c1ccc(-c2coc3ccc(-c4ccc(C(=O)O)cc4)cc23)cc1,0.496740449,3.080404258,-9.5,-8.7,5.2024,376.07693
CSc1ccc(NC2=C(c3ccc(Cl)cc3)C(=O)NC2=O)cc1,0.657625785,2.261784033,-7.7,-7.5,3.5415,344.0386263
COc1ccc2c(C(=O)NCC3CCN(Cc4ccc(C(=O)O)o4)CC3)n[nH]c2c1,0.545137194,2.46466795,-9.1,-8.1,2.5047,412.1746699
c1ccc(-c2ccc(CSc3nnc(-c4ccc5c(c4)OCCO5)o3)cc2)cc1,0.412852211,2.143259086,-9.4,-9.1,5.4671,402.1038134
c1ccc(-c2ccc(CSc3nnc(-c4ccc5c(c4)OCO5)o3)cc2)cc1,0.425315534,2.104144358,-9.4,-8.9,5.4246,388.0881634
c1ccc(-c2ccc(CSc3nnc(-c4ccc5c(c4)OCO5)o3)cc2)cc1,0.425315534,2.104144358,-9.4,-8.9,5.4246,388.0881634
N=C1NC(=O)C(=Cc2ccc(-c3ccc(S(N)(=O)=O)cc3)o2)S1,0.727500958,2.751821985,-8.3,-7.8,1.73267,349.0190978
c1ccc(-c2ccc(CSc3nnc(-c4ccc5c(c4)OCCO5)o3)cc2)cc1,0.412852211,2.143259086,-9.4,-9.1,5.4671,402.1038134
CCCC(=O)Nc1n[nH]c2ccc(-c3ccccn3)cc12,0.769418044,2.166620165,-8.1,-7.6,3.3635,280.1324111
CCCC(=O)Nc1n[nH]c2ccc(-c3ccccn3)cc12,0.769418044,2.166620165,-8.1,-7.2,3.3635,280.1324111
Cc1nc(C)n(-c2ccc(Nc3nccc(-c4cccc(Nc5ccccc5Cl)c4)n3)cc2)n1,0.297153715,2.394830043,-9.8,-9.8,6.48174,467.1625214
CSc1nc(-c2ccccc2)c(-c2ccnc(NC(=O)C3CC3)c2)[nH]1,0.676359731,2.332860852,-8.5,-7.8,4.2091,350.1201322
O=C1NC(=O)C(c2cn(CCCN3CCOCC3)c3ccccc23)=C1c1coc2ccccc12,0.449108134,2.668609246,-9.8,-8.6,3.677,455.1845063
Cn1cc(C2=C(c3ccccc3)C(=O)NC2=O)c2ccccc21,0.74005506,2.152761451,-8.5,-8.3,2.7455,302.1055277
O=C1NC(=O)C(c2cn(CCCN3CCOCC3)c3ccccc23)=C1c1ccccc1,0.629090111,2.407668877,-9.1,-7.5,2.9308,415.1895917
O=C(Nc1ccc(Nc2nccc(-c3cccnc3)n2)cc1)c1ccc(N2CCOCC2)cc1,0.448730854,2.209035015,-9.3,-10.1,4.3711,452.196074
C=CC(=O)NCCCn1cc(C2=C(c3coc4ccccc34)C(=O)NC2=O)c2ccccc21,0.261183861,2.74609562,-9.9,-7.5,3.647,439.1532062
O=C1NC(=O)C(c2cn(CCCN3CCOCC3)c3ccccc23)=C1c1ccccc1,0.629090111,2.407668877,-9.2,-8.2,2.9308,415.1895917
O=C1NC(=O)C(c2ccccc2)=C1Nc1cc(Cl)c(O)c(Cl)c1,0.587526714,2.35591934,-8.1,-8.2,3.1786,348.0068475
CSc1nc(-c2ccc(F)cc2)c(C2=CC=NC(Nc3ccc(NC(=O)c4ccc(N5CCOCC5)cc4)cc3)=NC=C2)n1C,0.229326086,3.233534458,-10.2,-9.9,6.4866,621.2322225
O=C(O)CN1CCC(CNC(=O)c2n[nH]c3ccc(-c4ccccc4)cc23)CC1,0.599180564,2.23850613,-9.1,-9.2,2.7563,392.1848406
CSc1nc(-c2ccc(F)cc2)c(C2=CC=NC(Nc3ccc(NC(=O)c4ccc(N5CCOCC5)cc4)cc3)=NC=C2)n1C,0.229326086,3.233534458,-10.3,-9.9,6.4866,621.2322225
N#Cc1ccc(-c2ccc(CSc3nnc(-c4ccc5c(c4)OCO5)o3)cc2)cc1,0.410876371,2.293696678,-9.5,-9.2,5.29628,413.0834123
O=C(Nc1n[nH]c2ncc(-c3ccccc3)cc12)C1CC1,0.773390379,2.155164175,-8.3,-7.9,2.9734,278.1167611
c1ccc(-c2ccc(CSc3nnc(-c4ccc5c(c4)OCCO5)o3)cc2)cc1,0.412852211,2.143259086,-9.4,-8.4,5.4671,402.1038134
NC1CCN(c2ccccc2NC(=O)c2ccnc(Nc3ccc(N4CCOCC4)cc3)c2)CC1,0.501631423,2.383544533,-8.7,-9.2,3.8416,472.2586743
O=C(Nc1n[nH]c2ccc(-c3ccccc3)cc12)C1CC1,0.768445346,1.963749043,-8.7,-8.2,3.5784,277.1215121
Cc1nc(-c2ccccc2)c(-c2ccnc(NC(=O)C3CC3)c2)[nH]1,0.768483483,2.248935145,-8.6,-7.8,3.79562,318.1480612
N#Cc1ccc(-c2ccc(CSc3nnc(-c4ccc5c(c4)OCO5)o3)cc2)cc1,0.410876371,2.293696678,-9.5,-9.2,5.29628,413.0834123
c1ccc(-c2ccc(CSc3nnc(-c4ccc5c(c4)OCO5)o3)cc2)cc1,0.425315534,2.104144358,-9.4,-8.8,5.4246,388.0881634
Clc1ccc(Nc2nccc(-c3cnn4ncccc34)n2)cc1Cl,0.594122222,2.508098079,-8.7,-8.3,4.2367,356.0343997
O=C(NCC1CCN(Cc2ccc(C(=O)O)o2)CC1)C1=CC=NNc2ccc(-c3ccc(O)cc3)cc21,0.383344596,2.999579403,-10.1,-9.4,4.1735,500.20597
CCCC(=O)Nc1n[nH]c2ccc(-c3ccccn3)cc12,0.769418044,2.166620165,-8.1,-7.6,3.3635,280.1324111
COCCN1CCC(CNC(=O)c2n[nH]c3ccc(-c4ccccc4)cc23)CC1,0.647153718,2.235827093,-8.7,-8.7,3.3181,392.2212261
N#Cc1ccc(-c2ccc(CSc3nnc(-c4ccc5c(c4)OCCO5)o3)cc2)cc1,0.397746084,2.328630459,-9.4,-8.9,5.33878,427.0990624
Clc1ccccc1Nc1nccc(-c2ccn3ncccc23)n1,0.614499721,2.364916922,-8.4,-8.1,4.1883,321.0781231
c1ccc(-c2ccc(CSc3nnc(-c4ccc5c(c4)OCCO5)o3)cc2)cc1,0.412852211,2.143259086,-9.4,-9,5.4671,402.1038134
O=C(Nc1n[nH]c2ncc(-c3ccccc3)cc12)C1CC1,0.773390379,2.155164175,-8.5,-7.9,2.9734,278.1167611
COCCN1CCC(CNC(=O)c2n[nH]c3ccc(-c4ccccc4)cc23)CC1,0.647153718,2.235827093,-8.8,-8.6,3.3181,392.2212261
c1ccc(-c2ccc(CSc3nnc(-c4ccc5c(c4)OCO5)o3)cc2)cc1,0.425315534,2.104144358,-9.4,-8.9,5.4246,388.0881634
COCCN1CCC(CNC(=O)c2cccc(-n3ncc4cc(Nc5ccccc5Cl)ccc43)c2)CC1,0.30611506,2.454645663,-9.7,-9,5.5107,517.2244529
O=C(NCC1CCN(Cc2ccccc2)CC1)c1n[nH]c2ccc(-c3cccc(F)c3F)cc12,0.418402472,2.3570734,-10.5,-9.7,5.1501,460.2074679
Cn1c(N2CCNC(c3ccc(Cl)cc3)C2)nc(-c2ccc(Cl)cc2)cc1=O,0.70513178,2.821091193,-9.6,-8.2,3.905,414.1014166
c1ccc(-c2ccc(CSc3nnc(-c4ccc5c(c4)OCCO5)o3)cc2)cc1,0.412852211,2.143259086,-9.4,-9.1,5.4671,402.1038134
O=C1NC(=O)C(c2ccccc2)=C1Nc1cc(Cl)c(O)c(Cl)c1,0.587526714,2.35591934,-7.8,-8.2,3.1786,348.0068475
FC(F)(F)c1ccc(-c2ccc(CSc3nnc(-c4ccc5c(c4)OCCO5)o3)cc2)cc1,0.311066304,2.355408353,-9.6,-10,6.4859,470.0911981
CSc1nc(-c2ccc(F)cc2)c(C2=CC=NC(Nc3ccc(NC(=O)c4ccc(N5CCOCC5)cc4)cc3)=NC=C2)n1C,0.229326086,3.233534458,-9.7,-9.6,6.4866,621.2322225
CSc1ccc(NC2=C(c3ccccc3)C(=O)NC2=O)cc1,0.673281968,2.198439841,-7.9,-7.7,2.8881,310.0775987
c1ccc(-c2ccc(CSc3nnc(-c4ccc5c(c4)OCCO5)o3)cc2)cc1,0.412852211,2.143259086,-9.4,-8.9,5.4671,402.1038134
CSc1nc(-c2ccc(F)cc2)c(C2=CC=NC(Nc3ccc(NC(=O)c4ccc(F)cc4)cc3)=NC=C2)n1C,0.257231041,3.103042536,-10.2,-9.2,6.7891,554.1700368
O=CCN1CCC(CNC(=O)c2n[nH]c3ccc(-c4cccc(F)c4F)cc23)CC1,0.610027351,2.588589417,-9.2,-9,3.1488,412.1710824
CCCC(=O)Nc1n[nH]c2ccc(-c3ccccn3)cc12,0.769418044,2.166620165,-8,-7.6,3.3635,280.1324111
O=C(O)c1ccc(CN2CCC(CNC(=O)c3n[nH]c4ccc(-c5ccccc5F)cc34)CC2)o1,0.366730799,2.550089234,-9.9,-10,4.3022,476.1859835
Cn1cc(C2=C(c3cn(C)c4ccccc34)C(=O)NC2=O)c2ccccc21,0.561396223,2.41960808,-9,-8.3,3.2372,355.1320768
Cn1cc(C2=C(c3cn4c5c(cccc35)CN(C(=O)N3CCCCC3)CC4)C(=O)NC2=O)c2ccccc21,0.414744286,2.920448694,-9.8,-9.1,4.1217,507.2270398
CSc1ccc(NC2=C(c3ccccc3)C(=O)NC2=O)cc1,0.673281968,2.198439841,-7.7,-7.8,2.8881,310.0775987
c1ccc(Nc2cc(-c3ccnc(Nc4ccc(-n5cnc(N6CCOCC6)n5)cc4)n3)ccn2)cc1,0.341628608,2.657100063,-9.6,-9.7,4.4431,491.2182064
COCCN1CCC(CNC(=O)c2n[nH]c3ccc(-c4ccccc4)cc23)CC1,0.647153718,2.235827093,-8.8,-8.5,3.3181,392.2212261
c1ccc(-c2ccc(CSc3nnc(-c4ccc5c(c4)OCCO5)o3)cc2)cc1,0.412852211,2.143259086,-9.4,-9,5.4671,402.1038134
N#CCCN1CCCC(NC(=O)c2n[nH]c3ccc(-c4ccccc4)cc23)CC1,0.698574515,2.74158392,-9,-8.1,3.72788,387.2059104
c1ccc(-c2ccc(CSc3nnc(-c4ccc5c(c4)OCCO5)o3)cc2)cc1,0.412852211,2.143259086,-9.5,-9.2,5.4671,402.1038134
c1ccc(-c2ccc(CSc3nnc(-c4ccc5c(c4)OCCO5)o3)cc2)cc1,0.412852211,2.143259086,-9.4,-9.2,5.4671,402.1038134
CSc1nc(-c2ccccc2)c(-c2ccnc(NC(=O)C3CC3)c2)[nH]1,0.676359731,2.332860852,-8.5,-8.1,4.2091,350.1201322
CSc1nc(-c2ccc(F)cc2)c(-c2ccnc(NC3CCCCC3)c2)[nH]1,0.552222361,2.45469753,-8.8,-7.8,5.7443,382.162746
Clc1ccc(Nc2nccc(-c3ccnc(Nc4ccc(N5CCOCC5)cc4)c3)n2)cc1Cl,0.332830246,2.401296785,-9.8,-10.1,6.1692,492.1232147
c1ccc(-c2ccc(CSc3nnc(-c4ccc5c(c4)OCCO5)o3)cc2)cc1,0.412852211,2.143259086,-9.4,-8.4,5.4671,402.1038134
c1ccc(-c2ccc(CSc3nnc(-c4ccc5c(c4)OCO5)o3)cc2)cc1,0.425315534,2.104144358,-9.4,-8.8,5.4246,388.0881634
Cn1cc(C2=C(c3ccccc3)C(=O)NC2=O)c2cc(F)ccc21,0.738264262,2.27241199,-8.6,-8.4,2.8846,320.0961059
Cn1cc(C2=C(c3ccccc3)C(=O)NC2=O)c2ccccc21,0.74005506,2.152761451,-8.5,-8.3,2.7455,302.1055277
N#Cc1ccc(-c2ccc(CSc3nnc(-c4ccc5c(c4)OCCO5)o3)cc2)cc1,0.397746084,2.328630459,-9.4,-9.5,5.33878,427.0990624
CN1CCN(CCNC(=O)c2ccc(-c3ccnc(NC(=O)C4CC4)c3)cc2)CC1,0.734861023,2.141242727,-8.8,-7.9,2.0743,407.2321252
CSc1nc(-c2ccc(F)cc2)c(C2=CC=NC(Nc3ccc(NC(=O)c4ccc(NC(=O)C=CCN(C)C)cc4)cc3)=NC=C2)n1C,0.128545533,3.423644774,-9.1,-8.9,6.7063,662.2587716
O=C1NC(=O)C(c2cn(CCCN3CCOCC3)c3ccccc23)=C1c1ccccc1,0.629090111,2.407668877,-9.2,-7.6,2.9308,415.1895917
Cn1cc(C2=C(c3cn(CCCN4CCOCC4)c4ccccc34)C(=O)NC2=O)c2ccccc21,0.440541409,2.644305013,-9.6,-8.3,3.4225,468.2161408
c1ccc(-c2ccc(CSc3nnc(-c4ccc5c(c4)OCCO5)o3)cc2)cc1,0.412852211,2.143259086,-9.4,-9,5.4671,402.1038134
O=C1NCCc2ccc(-c3ccnc(Nc4ccc(N5CCOCC5)cc4)n3)cc21,0.699725769,2.419366859,-9.5,-9.4,3.0097,401.185175
c1ccc(-c2ccc(CSc3nnc(-c4ccc5c(c4)OCO5)o3)cc2)cc1,0.425315534,2.104144358,-9.4,-8.7,5.4246,388.0881634
c1ccc(-c2ccc(CSc3nnc(-c4ccc5c(c4)OCCO5)o3)cc2)cc1,0.412852211,2.143259086,-9.4,-9.1,5.4671,402.1038134
Cn1c(N2CCNC(c3ccc(Cl)cc3)C2)nc(-c2ccccc2)cc1=O,0.757395061,2.76283495,-9.4,-8.6,3.2516,380.140389
Cn1cc(C2=C(c3cn(CCCN4CCOCC4)c4ccccc34)C(=O)NC2=O)c2ccccc21,0.440541409,2.644305013,-9.7,-8.1,3.4225,468.2161408
c1ccc(-c2ccc(CSc3nnc(-c4ccc5c(c4)OCCO5)o3)cc2)cc1,0.412852211,2.143259086,-9.4,-8.4,5.4671,402.1038134
O=C(O)c1ccc(-c2ccc3[nH]cc(-c4ccc(C(=O)O)cc4)c3c2)cc1,0.484493026,1.944629259,-9.9,-9.1,4.8983,357.100108
COc1ccc(-c2ccnc(Nc3ccc(NC(=O)c4ccc(N5CCOCC5)cc4)cc3)c2)cc1,0.35919879,2.143124308,-9.9,-9.7,5.5897,480.2161408
Cn1cc(C2=C(c3cn(CCCN4CCOCC4)c4ccccc34)C(=O)NC2=O)c2ccccc21,0.440541409,2.644305013,-9.5,-8.3,3.4225,468.2161408
c1ccc(-c2ccc(CSc3nnc(-c4ccc5c(c4)OCO5)o3)cc2)cc1,0.425315534,2.104144358,-9.4,-8.9,5.4246,388.0881634
c1ccc(-c2ccc(CSc3nnc(-c4ccc5c(c4)OCCO5)o3)cc2)cc1,0.412852211,2.143259086,-9.4,-8.4,5.4671,402.1038134
CCCC(=O)Nc1n[nH]c2ccc(-c3ncccc3Cl)cc12,0.763814227,2.303296984,-7.9,-7.9,4.0169,314.0934388
c1cnn2ncc(-c3ccnc(Nc4ccc(-n5cnc(N6CCOCC6)n5)cc4)n3)c2c1,0.440078572,2.898664822,-9.7,-9.2,2.3472,440.1821553
c1ccc(Nc2cc(-c3ccnc(Nc4ccc(-n5cnc(N6CCOCC6)n5)cc4)n3)ccn2)cc1,0.341628608,2.657100063,-9.7,-9.7,4.4431,491.2182064
N#Cc1ccc(-c2ccc(CSc3nnc(-c4ccc5c(c4)OCO5)o3)cc2)cc1,0.410876371,2.293696678,-9.4,-9.4,5.29628,413.0834123
O=C(O)CN1CCC(NC(=O)c2ccc(O)c3[nH]c(-c4ccc(F)cc4)nc23)CC1,0.510925368,2.408925797,-9.4,-8.8,2.3534,412.1546834
c1ccc(-c2ccc(CSc3nnc(-c4ccc5c(c4)OCCO5)o3)cc2)cc1,0.412852211,2.143259086,-9.4,-8.4,5.4671,402.1038134
COCCN1CCC(CNC(=O)c2cccc(-n3ncc4cc(Nc5ccccc5Cl)ccc43)c2)CC1,0.30611506,2.454645663,-9.7,-9,5.5107,517.2244529
c1cnn2ncc(-c3ccnc(Nc4ccc(-n5cnc(N6CCOCC6)n5)cc4)n3)c2c1,0.440078572,2.898664822,-9.8,-9.2,2.3472,440.1821553
O=C(Nc1n[nH]c2ncc(-c3ccccc3)cc12)C1CC1,0.773390379,2.155164175,-8.5,-7.8,2.9734,278.1167611
O=C1NC(=O)C(c2cn(CCCN3CCOCC3)c3ccccc23)=C1c1coc2ccccc12,0.449108134,2.668609246,-9.8,-8.6,3.677,455.1845063
COCCN1CCC(CNC(=O)c2cccc(-n3ncc4cc(Nc5ccccc5Cl)ccc43)c2)CC1,0.30611506,2.454645663,-8.9,-9,5.5107,517.2244529
c1ccc(-c2ccc(CSc3nnc(-c4ccc5c(c4)OCO5)o3)cc2)cc1,0.425315534,2.104144358,-9.4,-8.9,5.4246,388.0881634
O=C(Nc1n[nH]c2ncc(-c3ccccc3)cc12)C1CC1,0.773390379,2.155164175,-8.5,-7.9,2.9734,278.1167611
CSc1nc(-c2ccc(F)cc2)c(C2=CC=NC(Nc3ccc(NC(=O)c4ccc(F)cc4)cc3)=NC=C2)n1C,0.257231041,3.103042536,-9.8,-9.6,6.7891,554.1700368
c1ccc(-c2ccc(CSc3nnc(-c4ccc5c(c4)OCCO5)o3)cc2)cc1,0.412852211,2.143259086,-9.4,-9.1,5.4671,402.1038134
CSc1nc(-c2ccc(F)cc2)c(C2=CC=NC(Nc3ccc(NC(=O)c4ccc(N5CCOCC5)cc4)cc3)=NC=C2)n1C,0.229326086,3.233534458,-10.2,-9.7,6.4866,621.2322225
c1ccc(-c2ccc(CSc3nnc(-c4ccc5c(c4)OCO5)o3)cc2)cc1,0.425315534,2.104144358,-9.4,-8.9,5.4246,388.0881634
O=C(Nc1n[nH]c2ccc(-c3ccccc3)cc12)C1CC1,0.768445346,1.963749043,-8.7,-8.2,3.5784,277.1215121
Clc1ccc(Nc2nccc(-c3cnn4ncccc34)n2)cc1Cl,0.594122222,2.508098079,-8.7,-8.1,4.2367,356.0343997
c1ccc(-c2ccc(CSc3nnc(-c4ccc5c(c4)OCO5)o3)cc2)cc1,0.425315534,2.104144358,-9.4,-8.9,5.4246,388.0881634
COc1ccc2[nH]nc(C(=O)NCC3CCN(Cc4ccccc4)CC3)c2c1,0.690995807,2.115609608,-9.2,-8.4,3.2135,378.2055761
c1ccc(-c2ccc(CSc3nnc(-c4ccc5c(c4)OCCO5)o3)cc2)cc1,0.412852211,2.143259086,-9.4,-9.1,5.4671,402.1038134
O=C(O)c1ccc(CN2CCC(CNC(=O)c3n[nH]c4ccc(-c5cccc(F)c5F)cc34)CC2)o1,0.350313932,2.653935302,-10.1,-9.9,4.4413,494.1765617
CSc1ccc(NC2=C(c3ccccc3)C(=O)NC2=O)cc1,0.673281968,2.198439841,-7.7,-7.7,2.8881,310.0775987
CCCC(=O)Nc1n[nH]c2ccc(-c3ccc(C(=O)O)cc3)cc12,0.667395894,2.081131447,-8.7,-8.3,3.6667,323.1269914
c1ccc(-c2ccc(CSc3nnc(-c4ccc5c(c4)OCCO5)o3)cc2)cc1,0.412852211,2.143259086,-9.4,-9,5.4671,402.1038134
CCCC(=O)Nc1n[nH]c2ccc(-c3ccccc3)cc12,0.758874824,1.967183343,-8.2,-7.8,3.9685,279.1371622
c1ccc(-c2ccc(CSc3nnc(-c4ccc5c(c4)OCO5)o3)cc2)cc1,0.425315534,2.104144358,-9.4,-8.9,5.4246,388.0881634
Clc1ccc(Nc2nccc(-c3cnn4ncccc34)n2)cc1Cl,0.594122222,2.508098079,-8.7,-8.1,4.2367,356.0343997
c1ccc(-c2ccc(CSc3nnc(-c4ccc5c(c4)OCO5)o3)cc2)cc1,0.425315534,2.104144358,-9.4,-8.9,5.4246,388.0881634
c1ccc(-c2ccc(CSc3nnc(-c4ccc5c(c4)OCO5)o3)cc2)cc1,0.425315534,2.104144358,-9.4,-8.9,5.4246,388.0881634
CCCC(=O)Nc1n[nH]c2ccc(-c3ccc(OC)cc3)cc12,0.74891501,2.019829983,-8.5,-7.9,3.9771,309.1477268
CCCC(=O)Nc1n[nH]c2ccc(-c3ccccc3)cc12,0.758874824,1.967183343,-8.3,-7.8,3.9685,279.1371622
c1ccc(-c2ccc(CSc3nnc(-c4ccc5c(c4)OCCO5)o3)cc2)cc1,0.412852211,2.143259086,-9.4,-9,5.4671,402.1038134
O=C1NC(=O)C(c2ccccc2)=C1Nc1cc(Cl)c(O)c(Cl)c1,0.587526714,2.35591934,-7.9,-8.1,3.1786,348.0068475
O=C(Nc1cnn(-c2cccc(C(=O)NCC3CCN(Cc4ccc(C(=O)O)o4)CC3)c2)c1)Nc1ccccc1Cl,0.216986724,2.638510477,-10.3,-9.4,5.1029,576.1887957
O=C(Nc1ccc(Nc2nccc(-c3cccnc3)n2)cc1)c1ccccc1,0.541478819,1.911966395,-9.4,-8.8,4.5345,367.1433102
COc1ccc(C2=C(c3cn(CCCN4CCOCC4)c4ccccc34)C(=O)NC2=O)cc1,0.566432675,2.459581911,-9.1,-8,2.9394,445.2001563
COc1ccc(Nc2nnc(-c3ccc(C(=O)O)cc3)o2)cc1,0.746344168,1.916760053,-8.1,-7.6,3.187,311.0906059
O=C(O)c1ccc(CN2CCC(CNC(=O)c3n[nH]c4ccc(-c5ccccc5)cc34)CC2)o1,0.3834196,2.45819368,-9.9,-9.3,4.1631,458.1954053
c1ccc(-c2ccc(CSc3nnc(-c4ccc5c(c4)OCCO5)o3)cc2)cc1,0.412852211,2.143259086,-9.4,-9.2,5.4671,402.1038134
c1ccc(-c2ccc(CSc3nnc(-c4ccc5c(c4)OCCO5)o3)cc2)cc1,0.412852211,2.143259086,-9.4,-8.4,5.4671,402.1038134
O=C(NCCN1CCOCC1)c1ccc(Nc2nccc(-c3cnn4ncccc34)n2)cc1,0.445462388,2.601570716,-9.3,-8.7,1.9919,444.202222
CSc1ccc(NC2=C(c3ccccc3)C(=O)NC2=O)cc1,0.673281968,2.198439841,-7.7,-7.7,2.8881,310.0775987
COc1ccccc1C1=C(Nc2ccc(SC)cc2)C(=O)NC1=O,0.64703128,2.291094116,-7.9,-7,2.8967,340.0881634
c1ccc(-c2ccc(CSc3nnc(-c4ccc5c(c4)OCCO5)o3)cc2)cc1,0.412852211,2.143259086,-9.4,-8.4,5.4671,402.1038134
O=C(Nc1n[nH]c2ccc(-c3ccccc3)cc12)C1CC1,0.768445346,1.963749043,-8.7,-8.2,3.5784,277.1215121
c1ccc(-c2ccc(CSc3nnc(-c4ccc5c(c4)OCCO5)o3)cc2)cc1,0.412852211,2.143259086,-9.4,-9.1,5.4671,402.1038134
CS(=O)(=O)Nc1ccc(C(=O)Nc2cncc(C(=O)NCC3CCN(Cc4ccccc4)CC3)c2)cc1,0.397244473,2.284561821,-9.4,-9.1,3.3474,521.2096755
c1ccc(-c2ccc(CSc3nnc(-c4ccc5c(c4)OCCO5)o3)cc2)cc1,0.412852211,2.143259086,-9.4,-9.1,5.4671,402.1038134
O=C(NCCc1ccccc1)c1ccc(O)c2[nH]c(-c3ccc(F)cc3)nc12,0.492469209,2.130310109,-9.6,-8.8,4.0471,375.138305
COCCN1CCC(CNC(=O)c2n[nH]c3ccc(-c4ccc(Cl)cc4)cc23)CC1,0.599300035,2.296246977,-8.8,-8.4,3.9715,426.1822538
COCCN1CCC(CNC(=O)c2n[nH]c3ccc(-c4ccccc4)cc23)CC1,0.647153718,2.235827093,-8.8,-8.6,3.3181,392.2212261
Clc1ccc(Nc2nccc(-c3cnn4ncccc34)n2)cc1Cl,0.594122222,2.508098079,-8.7,-8.3,4.2367,356.0343997
COc1ccc2[nH]nc(C(=O)NCC3CCN(Cc4ccccc4)CC3)c2c1,0.690995807,2.115609608,-9.3,-8.4,3.2135,378.2055761
COCCN1CCC(CNC(=O)c2n[nH]c3ncc(-c4ccc(Cl)cc4)cc23)CC1,0.603651661,2.459758913,-8.7,-8.1,3.3665,427.1775028
O=C(Cn1c(=O)ccc2ccccc21)Nc1scc(Br)c1-c1ncn[nH]1,0.520068719,2.743682413,-9.2,-8.4,3.2493,428.9895077
Cc1ccc(-c2ccc3[nH]nc(C(=O)NCC4CCN(CC(=O)O)CC4)c3c2)o1,0.590641173,2.47583026,-9,-8.4,2.65772,396.1797552
O=C(Nc1n[nH]c2nc(-c3cccc(Cl)c3)ccc12)C1CC1,0.775545072,2.28120028,-8.3,-7.7,3.6268,312.0777887
Clc1ccccc1Nc1nccc(-c2cnn3ncccc23)n1,0.62407752,2.461172126,-8.4,-8,3.5833,322.073372
c1ccc(-c2ccc(CSc3nnc(-c4ccc5c(c4)OCO5)o3)cc2)cc1,0.425315534,2.104144358,-9.3,-8.9,5.4246,388.0881634
Cn1cc(C2=C(c3cn(C)c4ccccc34)C(=O)NC2=O)c2ccccc21,0.561396223,2.41960808,-9,-8.3,3.2372,355.1320768
Cc1ccc(NC(=O)c2cccc(-n3cc(NC(=O)Nc4ccc(Cl)c(Cl)c4)cn3)c2)cn1,0.33651,2.292870505,-10.1,-9.2,5.77882,480.0868292
CCCC(=O)Nc1n[nH]c2ccc(-c3ccccc3)cc12,0.758874824,1.967183343,-8.2,-7.8,3.9685,279.1371622
Cn1c(N2CCNC(c3ccc(F)cc3)C2)nc(-c2ccncn2)cc1=O,0.75764903,3.089091163,-9.4,-8.3,1.5273,366.1604374
CCCC(=O)Nc1n[nH]c2ncc(-c3ccc(Cl)cc3)cc12,0.763814227,2.223081599,-8.3,-7.8,4.0169,314.0934388
O=C(Cc1ccc(Cl)c2cccnc12)Nc1scc(Br)c1-c1ncn[nH]1,0.4747262,2.848772874,-9,-8.1,4.6785,446.9556208
c1ccc(-c2ccc(CSc3nc(-c4ccccc4)co3)cc2)cc1,0.397642106,2.065062313,-8.7,-8.1,6.3009,343.1030852
c1ccc(-c2ccc(CSc3nnc(-c4ccc5c(c4)OCCO5)o3)cc2)cc1,0.412852211,2.143259086,-9.4,-8.4,5.4671,402.1038134
O=C(Cc1ccc(Cl)c2ccccc12)Nc1scc(Cl)c1-c1ncn[nH]1,0.493690847,2.691205489,-9.2,-8.6,5.1744,402.0108874
O=C(Nc1ccc(Nc2cc(-c3cccnc3)ccn2)cc1)c1ccc(N2CCOCC2)cc1,0.430652289,2.196419935,-9.1,-9.8,4.9761,451.200825
c1ccc(-c2ccc(CSc3nnc(-c4ccc5c(c4)OCCO5)o3)cc2)cc1,0.412852211,2.143259086,-9.4,-9.1,5.4671,402.1038134
N#Cc1ccc(-c2ccc(CSc3nnc(-c4ccc5c(c4)OCCO5)o3)cc2)cc1,0.397746084,2.328630459,-9.4,-9.3,5.33878,427.0990624
O=C1NCCc2ccc(-c3ccc(SCc4ccc(-c5ccccc5)cc4)o3)cc21,0.398118273,2.412047066,-9,-9.3,6.1918,411.1292999
O=C1NC(=O)C(c2ccccc2)=C1Nc1cccc(C(=O)O)c1,0.749380567,2.107175749,-8.5,-8.4,1.8644,308.0797069
COc1ccc2c(-c3ccnc(Nc4ccc(Cl)c(Cl)c4)n3)cnn2n1,0.56439075,2.603694105,-9,-7.9,4.2453,386.0449644
CCCC(=O)Nc1n[nH]c2ncc(-c3ccc(O)cc3)cc12,0.689730051,2.301415665,-8.2,-7.8,3.0691,296.1273258
c1ccc(-c2ccc(CSc3nnc(-c4ccc5c(c4)OCO5)o3)cc2)cc1,0.425315534,2.104144358,-9.4,-8.9,5.4246,388.0881634
CCCC(=O)Nc1n[nH]c2ccc(-c3ccccn3)cc12,0.769418044,2.166620165,-8.1,-7.6,3.3635,280.1324111
N=C1NC(=O)C(=Cc2ccc(-c3ccc(Cl)cc3)o2)S1,0.830631159,2.659404864,-7.6,-7.7,3.73867,304.0073262
COCCN1CCC(CNC(=O)c2n[nH]c3ccc(-c4ccccc4)cc23)CC1,0.647153718,2.235827093,-8.8,-8.5,3.3181,392.2212261
CCCC(=O)Nc1n[nH]c2ccc(-c3ccccc3)cc12,0.758874824,1.967183343,-8.3,-7.8,3.9685,279.1371622
COc1ccc(C(=O)NCC2CCN(Cc3ccc(C(=O)O)o3)CC2)cc1,0.776256123,2.070080807,-7.7,-7.8,2.6284,372.1685219
O=C(NCC1CCN(CCc2ccccc2)CC1)c1n[nH]c2ccc(-c3ccccc3)cc12,0.430796333,2.204799287,-8.6,-9.4,4.9144,438.2419616
CSc1nc(-c2ccc(F)cc2)c(C2=CC=NC(Nc3ccc(NC(=O)c4ccc(N5CCOCC5)cc4)cc3)=NC=C2)n1C,0.229326086,3.233534458,-10.2,-9.8,6.4866,621.2322225
CSc1nc(-c2ccc(F)cc2)c(C2=CC=NC(Nc3ccc(NC(=O)c4ccc(NC(=O)C=CCN(C)C)cc4)cc3)=NC=C2)n1C,0.128545533,3.423644774,-9.6,-9,6.7063,662.2587716
c1ccc(-c2ccc(CSc3nnc(-c4ccc5c(c4)OCCO5)o3)cc2)cc1,0.412852211,2.143259086,-9.4,-9,5.4671,402.1038134
c1ccc(-c2ccc(CSc3nnc(-c4ccc5c(c4)OCO5)o3)cc2)cc1,0.425315534,2.104144358,-9.4,-8.9,5.4246,388.0881634
CSc1nc(-c2ccccc2)c(-c2ccnc(NC(=O)C3CC3)c2)[nH]1,0.676359731,2.332860852,-8.9,-7.6,4.2091,350.1201322
O=C1NC(=O)C(c2cn(CCCN3CCOCC3)c3ccccc23)=C1c1ccccc1,0.629090111,2.407668877,-9.2,-7.6,2.9308,415.1895917
N=C1NC(=O)C(=Cc2ccc(-c3ccc(S(N)(=O)=O)cc3)o2)S1,0.727500958,2.751821985,-8.3,-7.8,1.73267,349.0190978
Clc1ccc(Nc2nccc(-c3cnn4ncccc34)n2)cc1Cl,0.594122222,2.508098079,-8.7,-8.1,4.2367,356.0343997
COCCN1CCC(CNC(=O)c2cccc(-n3ncc4cc(Nc5ccccc5Cl)ccc43)c2)CC1,0.30611506,2.454645663,-9.5,-8.8,5.5107,517.2244529
Cn1cc(C2=C(c3ccccc3)C(=O)NC2=O)c2ccccc21,0.74005506,2.152761451,-8.5,-8.3,2.7455,302.1055277
c1ccc(-c2ccc(CSc3nnc(-c4ccc5c(c4)OCO5)o3)cc2)cc1,0.425315534,2.104144358,-9.4,-8.9,5.4246,388.0881634
O=C1NC(=O)C(c2cccc(Cl)c2)=C1Nc1cc(Cl)c(O)c(Cl)c1,0.555832498,2.473176161,-8.4,-8.4,3.832,381.9678752
O=C(O)CN1CCC(CNC(=O)c2n[nH]c3ccc(-c4cccc(F)c4F)cc23)CC1,0.560711128,2.45747241,-9.3,-9.3,3.0345,428.165997
CCCC(=O)Nc1n[nH]c2ccc(-c3ccc(Cl)cn3)cc12,0.763814227,2.261978302,-8.2,-7.8,4.0169,314.0934388
N=C1NC(=O)C(=Cc2ccc(-c3ccc(Cl)cc3)o2)S1,0.830631159,2.659404864,-7.6,-7.8,3.73867,304.0073262
O=C(CN1C(=O)Cc2ccccc21)Nc1scc(Br)c1-c1ncn[nH]1,0.68197233,2.820193544,-8.5,-8.3,2.8235,416.9895077
c1ccc(-c2ccc(CSc3nnc(-c4ccc5c(c4)OCO5)o3)cc2)cc1,0.425315534,2.104144358,-9.4,-8.9,5.4246,388.0881634
O=C(Nc1cc(-c2ccccc2)ccn1)C1CCCN(Cc2ccccc2)CC1,0.672942793,2.316815041,-9.3,-9,4.9894,385.2154125
CSc1nc(-c2ccc(F)cc2)c(C2=CC=NC(Nc3ccc(NC(=O)c4ccc(N5CCOCC5)cc4)cc3)=NC=C2)n1C,0.229326086,3.233534458,-10,-8.5,6.4866,621.2322225
CCCC(=O)Nc1n[nH]c2ncc(-c3ccc(Cl)cc3)cc12,0.763814227,2.223081599,-8.3,-7.8,4.0169,314.0934388
c1ccc(-c2ccc(CSc3nnc(-c4ccc5c(c4)OCO5)o3)cc2)cc1,0.425315534,2.104144358,-9.4,-8.8,5.4246,388.0881634
CSc1nc(-c2ccc(F)cc2)c(-c2ccnc(NC3CCCC3)c2)[nH]1,0.595830443,2.449623214,-8.7,-7.9,5.3542,368.1470959
CSc1nc(-c2ccccc2)c(-c2ccnc(NC(=O)C3CC3)c2)[nH]1,0.676359731,2.332860852,-8.8,-7.7,4.2091,350.1201322
N#Cc1ccc(-c2ccc(CSc3nnc(-c4ccc5c(c4)OCCO5)o3)cc2)cc1,0.397746084,2.328630459,-9.4,-9.6,5.33878,427.0990624
N#Cc1ccc(-c2ccc(CSc3nnc(-c4ccc5c(c4)OCO5)o3)cc2)cc1,0.410876371,2.293696678,-9.5,-9.6,5.29628,413.0834123
Cc1ccc(-c2ccnc(Nc3ccc(C(=O)NCC4CCN(Cc5ccccc5)CC4)cc3)c2)cn1,0.324166409,2.311086853,-8.9,-9.4,5.83762,491.2685107
COc1ccc(C(=O)Nc2cc(C(=O)NCC3CCN(Cc4ccc(C(=O)O)o4)CC3)n[nH]2)cc1,0.364263443,2.620728678,-9.3,-8.8,2.6038,481.1961336
O=C(Nc1cnn(-c2cccc(C(=O)Nc3ccccc3)c2)c1)Nc1ccccc1Cl,0.393802009,2.021049857,-9.8,-9.3,5.422,431.1149025
Cn1c(N2CCOC(c3ccccc3)C2)nc(-c2ccccc2)cc1=O,0.730655919,2.63422669,-8.8,-8.6,3.0252,347.1633769
Cn1cc(C2=C(c3cn(C)c4ccc(Br)cc34)C(=O)NC2=O)c2ccccc21,0.485302967,2.55650511,-9.2,-8.7,3.9997,433.0425889
CSc1nc(-c2ccc(F)cc2)c(C2=CC=NC(Nc3ccc(NC(=O)c4ccc(NC(=O)C=CCN(C)C)cc4)cc3)=NC=C2)n1C,0.128545533,3.423644774,-9.7,-8.3,6.7063,662.2587716
CN1CCN(CCCNC(=O)c2ccc(-c3ccnc(NC(=O)C4CC4)c3)cc2)CC1,0.640567627,2.164247697,-8.7,-8,2.4644,421.2477752
CCCC(=O)Nc1n[nH]c2ccc(-c3ccc(Cl)cc3)cc12,0.737928189,2.037743137,-8.5,-8,4.6219,313.0981898
CSc1ccc(NC2=C(c3ccc(C(=O)O)cc3)C(=O)NC2=O)cc1,0.564207216,2.29223761,-7.9,-7.8,2.5863,354.0674279
O=C1NC(=O)C(c2ccccc2)=C1Nc1ccc(Cl)c(Cl)c1,0.845852495,2.13463502,-8.4,-8.1,3.473,332.0119329
CC(=O)N1CCn2cc(C3=C(c4cn(C)c5ccccc45)C(=O)NC3=O)c3cccc(c32)C1,0.488961138,2.80281404,-10.8,-8.8,3.0623,438.1691906
c1ccc(-c2ccc(CSc3nnc(-c4ccc5c(c4)OCCO5)o3)cc2)cc1,0.412852211,2.143259086,-9.4,-9.1,5.4671,402.1038134
c1ccc(-c2ccc(CSc3nnc(-c4ccc5c(c4)OCCO5)o3)cc2)cc1,0.412852211,2.143259086,-9.4,-9,5.4671,402.1038134
CSc1nc(-c2ccccc2)c(-c2ccnc(NC(=O)C3CC3)c2)[nH]1,0.676359731,2.332860852,-8.9,-7.6,4.2091,350.1201322
COCCN1CCC(CNC(=O)c2cccc(-n3ncc4cc(Nc5ccccc5Cl)ccc43)c2)CC1,0.30611506,2.454645663,-9.6,-8.5,5.5107,517.2244529
COc1ccc2c(-c3ccnc(Nc4ccc(Cl)c(Cl)c4)n3)cnn2n1,0.56439075,2.603694105,-9,-7.9,4.2453,386.0449644
CCCC(=O)Nc1n[nH]c2ncc(-c3ccccc3)cc12,0.769418044,2.158598475,-8.1,-7.7,3.3635,280.1324111
CCCC(=O)Nc1n[nH]c2ccc(-c3ccccn3)cc12,0.769418044,2.166620165,-8,-7.2,3.3635,280.1324111
c1ccc(-c2ccc(CSc3nnc(-c4ccc5c(c4)OCCO5)o3)cc2)cc1,0.412852211,2.143259086,-9.4,-9,5.4671,402.1038134
CCCC(=O)Nc1n[nH]c2ccc(-c3ccccn3)cc12,0.769418044,2.166620165,-8,-7.6,3.3635,280.1324111
c1ccc(-c2ccc(CSc3nnc(-c4ccc5c(c4)OCCO5)o3)cc2)cc1,0.412852211,2.143259086,-9.4,-9.2,5.4671,402.1038134
Cn1cc(C2=C(c3cn(CCO)c4ccccc34)C(=O)NC2=O)c2ccccc21,0.530532257,2.525656395,-8.9,-8.3,2.6925,385.1426415
Clc1cc(-n2cnc(N3CCOCC3)n2)ccc1Nc1nccc(-c2cnn3ncccc23)n1,0.410473419,3.012739813,-9.9,-9.6,3.0006,474.1431829
O=C1NC(=O)C(c2cn(CCCN3CCOCC3)c3ccccc23)=C1c1cn(CCCO)c2ccccc12,0.336278322,2.763409564,-9.4,-9.2,3.2679,512.2423555
c1ccc(-c2ccc(CSc3nnc(-c4ccc5c(c4)OCCO5)o3)cc2)cc1,0.412852211,2.143259086,-9.4,-9.1,5.4671,402.1038134
c1ccc(-c2ccc(CSc3nnc(-c4ccc5c(c4)OCO5)o3)cc2)cc1,0.425315534,2.104144358,-9.4,-8.9,5.4246,388.0881634
N#Cc1ccc(-c2ccc(CSc3nnc(-c4ccc5c(c4)OCCO5)o3)cc2)cc1,0.397746084,2.328630459,-9.4,-9.4,5.33878,427.0990624
NC(=O)c1cnc(-c2ccnc(NC(=O)C3CC3)c2)cc1NC(=O)C1CC1,0.720766359,2.322503193,-8.6,-7.5,1.9395,365.1487895
c1ccc(-c2ccc(CSc3nnc(-c4ccc5c(c4)OCCO5)o3)cc2)cc1,0.412852211,2.143259086,-9.4,-9,5.4671,402.1038134
Cc1nc(-c2ccccc2)c(-c2ccnc(NC(=O)C3CC3)c2)[nH]1,0.768483483,2.248935145,-8.8,-8,3.79562,318.1480612
COc1ccc2c(-c3ccnc(Nc4ccc(Cl)c(Cl)c4)n3)cnn2n1,0.56439075,2.603694105,-9,-7.9,4.2453,386.0449644
c1ccc(-c2ccc(CSc3nnc(-c4ccc5c(c4)OCO5)o3)cc2)cc1,0.425315534,2.104144358,-9.4,-8.9,5.4246,388.0881634
COC1CCC(Nc2ncc3ccc(=O)n(C(C)C)c3n2)CC1,0.939029798,2.61886995,-7.9,-7.5,2.7419,316.189926
COCCN1CCC(CNC(=O)c2cccc(-n3ncc4cc(Nc5ccccc5Cl)ccc43)c2)CC1,0.30611506,2.454645663,-9.6,-9,5.5107,517.2244529
O=C(O)c1ccc(-c2ccc(CSc3nnc(-c4ccc5c(c4)OCO5)o3)cc2)cc1,0.419506999,2.222104549,-9.4,-9.3,5.1228,432.0779926
N#Cc1ccc(-c2ccc(CSc3nnc(-c4ccc5c(c4)OCCO5)o3)cc2)cc1,0.397746084,2.328630459,-9.5,-9.5,5.33878,427.0990624
O=C1NC(=O)C(c2cn(CCCN3CCOCC3)c3ccccc23)=C1c1cn(CCCN2CCOCC2)c2ccccc12,0.288494664,2.891248962,-9.4,-8.2,3.6078,581.3002047
N=C1NC(=O)C(=Cc2ccc(-c3ccc(Cl)cc3)o2)S1,0.830631159,2.659404864,-7.5,-7.7,3.73867,304.0073262
c1ccc(-c2ccc(CSc3nnc(-c4ccc5c(c4)OCCO5)o3)cc2)cc1,0.412852211,2.143259086,-9.4,-9.2,5.4671,402.1038134
c1ccc(-c2ccc(CSc3nnc(-c4ccc5c(c4)OCCO5)o3)cc2)cc1,0.412852211,2.143259086,-9.4,-8.4,5.4671,402.1038134
c1ccc(-c2ccc(CSc3nnc(-c4ccc5c(c4)OCCO5)o3)cc2)cc1,0.412852211,2.143259086,-9.4,-9.2,5.4671,402.1038134
COc1cccc(C2=C(Nc3cc(Cl)c(O)c(Cl)c3)C(=O)NC2=O)c1,0.56114476,2.442027825,-7.9,-7.8,3.1872,378.0174122
c1ccc(-c2ccc(CSc3nnc(-c4ccc5c(c4)OCO5)o3)cc2)cc1,0.425315534,2.104144358,-9.4,-8.9,5.4246,388.0881634
COc1ccc(C2=C(c3cn(CCCN4CCOCC4)c4ccccc34)C(=O)NC2=O)cc1,0.566432675,2.459581911,-9,-8.1,2.9394,445.2001563
CSc1nc(-c2ccccc2)c(-c2ccnc(NC(=O)C3CC3)c2)[nH]1,0.676359731,2.332860852,-8.9,-7.7,4.2091,350.1201322
O=C(NCCN1CCOCC1)c1ccc(-c2ccnc(NC(=O)C3CC3)c2)cc1,0.751957067,2.125539647,-8.4,-7.6,2.1591,394.2004907
Cc1ccc(NC(=O)c2ccccc2)cc1C(=O)NCC1CCN(Cc2ccccc2)CC1,0.548832963,1.931671334,-9.9,-9.1,4.88932,441.2416272
O=C(Nc1n[nH]c2ncc(-c3ccccc3)cc12)C1CC1,0.773390379,2.155164175,-8.5,-8,2.9734,278.1167611
O=C(Nc1n[nH]c2ccc(-c3ccccc3)cc12)C1CC1,0.768445346,1.963749043,-8.7,-8.2,3.5784,277.1215121
CCCC(=O)Nc1n[nH]c2ccc(-c3ccccn3)cc12,0.769418044,2.166620165,-8.1,-7.6,3.3635,280.1324111
O=C(Nc1n[nH]c2nc(-c3ccccc3)ccc12)C1CC1,0.773390379,2.158875398,-8.3,-7.6,2.9734,278.1167611
c1ccc(-c2ccc(CSc3nnc(-c4ccc5c(c4)OCCO5)o3)cc2)cc1,0.412852211,2.143259086,-9.4,-8.4,5.4671,402.1038134
Cc1ccc(-c2ccc(CSc3nnc(-c4ccc5c(c4)CCO5)o3)cc2)o1,0.417491348,2.387460001,-8.7,-8.5,5.53222,390.1038134
N#Cc1ccc(-c2ccc(CSc3nnc(-c4ccc5c(c4)OCCO5)o3)cc2)cc1,0.397746084,2.328630459,-9.4,-9.3,5.33878,427.0990624
c1ccc(-c2ccc(CSc3nnc(-c4ccc5c(c4)OCO5)o3)cc2)cc1,0.425315534,2.104144358,-9.4,-8.9,5.4246,388.0881634
O=C(NCCN1CCOCC1)c1ccc(CCNC(=O)c2ccc(O)c3[nH]c(-c4ccc(F)cc4)nc23)cc1,0.263592447,2.520362762,-8.9,-9.2,3.1091,531.2281827
O=C(Nc1n[nH]c2ncc(-c3ccccc3)cc12)C1CC1,0.773390379,2.155164175,-8.5,-7.8,2.9734,278.1167611
c1ccc(-c2ccc(CSc3nnc(-c4ccc5c(c4)OCCO5)o3)cc2)cc1,0.412852211,2.143259086,-9.4,-9.2,5.4671,402.1038134
c1ccc(-c2ccc(CSc3nnc(-c4ccc5c(c4)OCCO5)o3)cc2)cc1,0.412852211,2.143259086,-9.4,-9.2,5.4671,402.1038134
c1ccc(-c2ccc(CSc3nnc(-c4ccc5c(c4)OCO5)o3)cc2)cc1,0.425315534,2.104144358,-9.4,-8.9,5.4246,388.0881634
O=C1NC(=O)C(c2cn(CCCN3CCOCC3)c3ccccc23)=C1c1ccccc1,0.629090111,2.407668877,-9.1,-7.6,2.9308,415.1895917
c1ccc(-c2ccc(CSc3nnc(-c4ccc5c(c4)OCCO5)o3)cc2)cc1,0.412852211,2.143259086,-9.4,-9,5.4671,402.1038134
c1ccc(-c2ccc(CSc3nnc(-c4ccc5c(c4)OCCO5)o3)cc2)cc1,0.412852211,2.143259086,-9.4,-8.4,5.4671,402.1038134
O=C1NC(=O)C(c2ccccc2)=C1Nc1cc(Cl)c(O)c(Cl)c1,0.587526714,2.35591934,-7.9,-8.3,3.1786,348.0068475
c1ccc(-c2ccc(CSc3nnc(-c4ccc5c(c4)OCCO5)o3)cc2)cc1,0.412852211,2.143259086,-9.4,-8.4,5.4671,402.1038134
c1ccc(-c2ccc(CSc3nnc(-c4ccc5c(c4)OCCO5)o3)cc2)cc1,0.412852211,2.143259086,-9.4,-9.1,5.4671,402.1038134
c1ccc(-c2ccc(CSc3nnc(-c4ccc5c(c4)OCO5)o3)cc2)cc1,0.425315534,2.104144358,-9.3,-8.9,5.4246,388.0881634
O=C(NCCc1ccccc1)c1ccc(O)c2[nH]c(-c3ccc(F)cc3)nc12,0.492469209,2.130310109,-9.6,-8.8,4.0471,375.138305
O=C(Nc1n[nH]c2ccc(-c3ccccc3)cc12)C1CC1,0.768445346,1.963749043,-8.8,-8.4,3.5784,277.1215121
CCCC(=O)Nc1n[nH]c2ncc(-c3ccc(Cl)cc3)cc12,0.763814227,2.223081599,-8.3,-7.9,4.0169,314.0934388
COCCN1CCC(CNC(=O)c2n[nH]c3ccc(-c4cccc(F)c4F)cc23)CC1,0.603439149,2.453145363,-9.2,-8.8,3.5963,428.2023825
O=C1Nc2ccccc2C1=C1Nc2ccccc2N1,0.629190823,2.292274768,-8.6,-8.2,2.8449,249.090212
O=C(Nc1cc(-c2ccnc(NC(=O)C3CC3)n2)ccn1)C1CC1,0.879267182,2.253145474,-8.3,-7.4,2.2356,323.1382248
Cn1cc(C2=C(c3cn(CCCN4CCOCC4)c4ccccc34)C(=O)NC2=O)c2ccccc21,0.440541409,2.644305013,-9.5,-8.6,3.4225,468.2161408
CSc1nc(-c2ccc(F)cc2)c(C2=CC=NC(Nc3ccc(NC(=O)c4ccc(N5CCOCC5)cc4)cc3)=NC=C2)n1C,0.229326086,3.233534458,-9.7,-7.8,6.4866,621.2322225
COc1cccc(-n2ncc3c(N=NCc4ccccc4)ncnc32)c1,0.510513391,2.656277841,-8.6,-8,4.108,344.1385591
Cn1cc(C2=C(c3cn(CCCN4CCOCC4)c4ccccc34)C(=O)NC2=O)c2ccc(Cl)cc21,0.40343113,2.741257405,-9.7,-8,4.0759,502.1771684
COCCN1CCC(CNC(=O)c2n[nH]c3ccc(-c4ccccc4)cc23)CC1,0.647153718,2.235827093,-8.8,-8.6,3.3181,392.2212261
c1ccc(Nc2nccc(-c3c(-c4ccccc4)nn4ccccc34)n2)cc1,0.476625669,2.176317435,-9.8,-9,5.2019,363.1483955
c1ccc(-c2ccc(CSc3nnc(-c4ccc5c(c4)OCO5)o3)cc2)cc1,0.425315534,2.104144358,-9.4,-8.9,5.4246,388.0881634
N#Cc1ccc(-c2ccc(CSc3nnc(-c4ccc5c(c4)OCCO5)o3)cc2)cc1,0.397746084,2.328630459,-9.3,-9.5,5.33878,427.0990624
CCCC(=O)Nc1n[nH]c2ccc(-c3ccc(C(=O)O)cc3)cc12,0.667395894,2.081131447,-8.7,-8.3,3.6667,323.1269914
COc1ccc2[nH]nc(C(=O)NCC3CCN(Cc4ccc(C(=O)O)o4)CC3)c2c1,0.545137194,2.458462942,-8.7,-8.4,2.5047,412.1746699
c1ccc(-c2ccc(CSc3nnc(-c4ccc5c(c4)OCCO5)o3)cc2)cc1,0.412852211,2.143259086,-9.4,-8.4,5.4671,402.1038134
c1ccc(-c2ccc(CSc3nnc(-c4ccc5c(c4)OCCO5)o3)cc2)cc1,0.412852211,2.143259086,-9.4,-9,5.4671,402.1038134
O=C(Nc1n[nH]c2ccc(-c3ccccn3)cc12)C1CC1,0.773390379,2.163185865,-8.6,-8,2.9734,278.1167611
CSc1nc(-c2ccc(F)cc2)c(C2=CC=NC(Nc3ccc(NC(=O)c4ccc(N5CCOCC5)cc4)cc3)=NC=C2)n1C,0.229326086,3.233534458,-10.1,-9.4,6.4866,621.2322225
c1ccc(-c2ccc(CSc3nnc(-c4ccc5c(c4)OCCO5)o3)cc2)cc1,0.412852211,2.143259086,-9.5,-9.2,5.4671,402.1038134
c1ccc(-c2ccc(CSc3nnc(-c4ccc5c(c4)OCCO5)o3)cc2)cc1,0.412852211,2.143259086,-9.4,-9,5.4671,402.1038134
c1ccc(-c2ccc(CSc3nnc(-c4ccc5c(c4)OCCO5)o3)cc2)cc1,0.412852211,2.143259086,-9.4,-9,5.4671,402.1038134
c1ccc(-c2ccc(CSc3nnc(-c4ccc5c(c4)OCO5)o3)cc2)cc1,0.425315534,2.104144358,-9.4,-8.9,5.4246,388.0881634
O=C1Nc2ccccc2C1=C1Nc2ccccc2N1,0.629190823,2.292274768,-8.6,-8.2,2.8449,249.090212
c1ccc(-c2ccc(CSc3nnc(-c4ccc5c(c4)OCCO5)o3)cc2)cc1,0.412852211,2.143259086,-9.5,-8.3,5.4671,402.1038134
O=C(O)CN1CCC(NC(=O)c2n[nH]c3ccc(-c4cccc(F)c4F)cc23)CC1,0.596475331,2.41158263,-9.3,-9.4,2.7869,414.1503469
COCCN1CCC(CNC(=O)c2cccc(-n3ncc4cc(Nc5ccccc5Cl)ccc43)c2)CC1,0.30611506,2.454645663,-9.7,-8.9,5.5107,517.2244529
O=C(O)c1ccc(CN2CCC(CNC(=O)c3n[nH]c4ccc(-c5ccccc5)cc34)CC2)o1,0.3834196,2.45819368,-9.7,-9.3,4.1631,458.1954053
O=C(Nc1n[nH]c2ncc(-c3ccccc3)cc12)C1CC1,0.773390379,2.155164175,-8.5,-8,2.9734,278.1167611
c1ccc(-c2ccc(CSc3nnc(-c4ccc5c(c4)OCCO5)o3)cc2)cc1,0.412852211,2.143259086,-9.4,-9.2,5.4671,402.1038134
CCCC(=O)Nc1n[nH]c2ccc(-c3ccccn3)cc12,0.769418044,2.166620165,-8.1,-7.6,3.3635,280.1324111
c1ccc(-c2ccc(CSc3nnc(-c4ccc5c(c4)OCO5)o3)cc2)cc1,0.425315534,2.104144358,-9.4,-8.9,5.4246,388.0881634
c1ccc(-c2ccc(CSc3nnc(-c4ccc5c(c4)OCCO5)o3)cc2)cc1,0.412852211,2.143259086,-9.5,-9.1,5.4671,402.1038134
O=C1NC(=O)C(c2cn(CCCN3CCOCC3)c3ccccc23)=C1c1coc2ccccc12,0.449108134,2.668609246,-9.8,-8.3,3.677,455.1845063
COCCN1CCC(CNC(=O)c2n[nH]c3ccc(-c4ccccc4)cc23)CC1,0.647153718,2.235827093,-8.8,-8.6,3.3181,392.2212261
COc1ccc2c(-c3ccnc(Nc4cccc(Cl)c4Cl)n3)cnn2n1,0.56439075,2.677745182,-8.7,-8.6,4.2453,386.0449644
COc1ccc2c(-c3ccnc(Nc4ccc(Cl)c(Cl)c4)n3)cnn2n1,0.56439075,2.603694105,-9,-8,4.2453,386.0449644
O=C(Cc1cccc2ccccc12)Nc1scc(Br)c1-c1ncn[nH]1,0.512627579,2.583943122,-9.1,-9,4.6301,411.9993441
Cn1cc(C2=C(c3cn4c5c(cccc35)CN(C(=O)N3CCCCC3)C4)C(=O)NC2=O)c2ccccc21,0.427609848,3.03757739,-10.2,-11.4,4.0792,493.2113897
Cc1ccc(NC(=O)c2ccc(C=C3SC(=N)NC3=O)cc2)cc1,0.750968917,2.314542985,-8.4,-7.7,3.38599,337.0884977
O=C(O)CN1CCC(CNC(=O)c2n[nH]c3ccc(-c4cccc(F)c4F)cc23)CC1,0.560711128,2.45747241,-9.1,-9.3,3.0345,428.165997
O=C(CN1C(=O)Cc2ccccc21)Nc1scc(Br)c1-c1ncn[nH]1,0.68197233,2.820193544,-8.5,-8.4,2.8235,416.9895077
O=C(O)CN1CCC(CNC(=O)c2n[nH]c3ccc(-c4ccc(Cl)cc4)cc23)CC1,0.560697031,2.299209632,-9.3,-8.4,3.4097,426.1458683
c1ccc(-c2ccc(CSc3nnc(-c4ccc5c(c4)OCO5)o3)cc2)cc1,0.425315534,2.104144358,-9.4,-8.9,5.4246,388.0881634
O=C(CN1C(=O)CCc2ccccc21)Nc1scc(Br)c1-c1ncn[nH]1,0.662646379,2.770169182,-9.1,-8.3,3.2136,431.0051578
CCCC(=O)Nc1n[nH]c2ccc(-c3ccccn3)cc12,0.769418044,2.166620165,-8,-7.6,3.3635,280.1324111
CSc1nc(-c2ccc(F)cc2)c(C2=CC=NC(Nc3ccc(NC(=O)c4ccc(N5CCOCC5)cc4)cc3)=NC=C2)n1C,0.229326086,3.233534458,-9.9,-9.9,6.4866,621.2322225
N#Cc1ccc(-c2ccc(CSc3nnc(-c4ccc5c(c4)OCCO5)o3)cc2)cc1,0.397746084,2.328630459,-9.2,-9.4,5.33878,427.0990624
COc1ccc2c(-c3ccnc(Nc4ccc(Cl)c(Cl)c4)n3)cnn2n1,0.56439075,2.603694105,-9,-7.9,4.2453,386.0449644
c1ccc(-c2ccc(CSc3nnc(-c4ccc5c(c4)OCCO5)o3)cc2)cc1,0.412852211,2.143259086,-9.4,-9.2,5.4671,402.1038134
CCCC(=O)Nc1n[nH]c2ccc(-c3ccccn3)cc12,0.769418044,2.166620165,-8,-7.6,3.3635,280.1324111
N#Cc1ccc(-c2ccc(CSc3nnc(-c4ccc5c(c4)OCCO5)o3)cc2)cc1,0.397746084,2.328630459,-9.4,-9.5,5.33878,427.0990624
O=C1NC(=O)C(c2cn(CCCN3CCOCC3)c3ccccc23)=C1c1cn(CCCN2CCOCC2)c2ccccc12,0.288494664,2.891248962,-9.3,-8.1,3.6078,581.3002047
c1ccc(-c2ccc(CSc3nnc(-c4ccc5c(c4)OCO5)o3)cc2)cc1,0.425315534,2.104144358,-9.4,-8.9,5.4246,388.0881634
c1ccc(-c2ccc(CSc3nnc(-c4ccc5c(c4)OCCO5)o3)cc2)cc1,0.412852211,2.143259086,-9.4,-8.4,5.4671,402.1038134
c1ccc(-c2ccc(CSc3nnc(-c4ccc5c(c4)OCO5)o3)cc2)cc1,0.425315534,2.104144358,-9.4,-8.9,5.4246,388.0881634
N=C1NC(=O)C(=Cc2ccc(-c3ccc(Cl)cc3)o2)S1,0.830631159,2.659404864,-7.6,-7.8,3.73867,304.0073262
COc1ccc2c(-c3ccnc(Nc4ccccc4)n3)cnn2n1,0.623200239,2.466763465,-8.4,-8.3,2.9385,318.1229091
O=C(Nc1n[nH]c2ccc(-c3ccccc3)cc12)C1CC1,0.768445346,1.963749043,-8.8,-8.4,3.5784,277.1215121
N=C1NC(=O)C(=Cc2ccc(-c3ccc(C(=O)O)cc3)o2)S1,0.755803226,2.645417402,-8.1,-8.2,2.78347,314.0361278
CSc1nc(-c2ccc(F)cc2)c(C2=CC=NC(Nc3ccc(NC(=O)c4ccc(N5CCOCC5)cc4)cc3)=NC=C2)n1C,0.229326086,3.233534458,-10.3,-10,6.4866,621.2322225
COCCN1CCC(CNC(=O)c2n[nH]c3ccc(-c4ccccc4)cc23)CC1,0.647153718,2.235827093,-8.8,-8.6,3.3181,392.2212261
O=C(O)c1ccc(CN2CCC(CNC(=O)c3n[nH]c4ccc(-c5ccc(O)cc5)cc34)CC2)o1,0.319684411,2.563138891,-10.1,-9.5,3.8687,474.1903199
CSc1nc(-c2ccc(F)cc2)c(C2=CC=NC(Nc3ccc(NC(=O)c4ccccc4)cc3)=NC=C2)n1C,0.270377279,3.058869093,-10.1,-9.1,6.65,536.1794586
c1ccc(-c2ccc(CSc3nnc(-c4ccc5c(c4)OCCO5)o3)cc2)cc1,0.412852211,2.143259086,-9.4,-9.1,5.4671,402.1038134
O=C1NC(=O)C(c2ccccc2)=C1Nc1cc(Cl)c(O)c(Cl)c1,0.587526714,2.35591934,-7.7,-8.2,3.1786,348.0068475
c1ccc(-c2ccc(CSc3nnc(-c4ccc5c(c4)OCCO5)o3)cc2)cc1,0.412852211,2.143259086,-9.4,-9.2,5.4671,402.1038134
Cn1cc(C2=C(c3cn(C)c4ccccc34)C(=O)NC2=O)c2ccccc21,0.561396223,2.41960808,-9,-8.3,3.2372,355.1320768
COCCN1CCC(CNC(=O)c2n[nH]c3ccc(-c4ccc(O)cc4)cc23)CC1,0.559095199,2.352971645,-8.7,-8.6,3.0237,408.2161408
c1ccc(-c2ccc(CSc3nnc(-c4ccc5c(c4)OCCO5)o3)cc2)cc1,0.412852211,2.143259086,-9.3,-8.4,5.4671,402.1038134
c1ccc(-c2ccc(CSc3nnc(-c4ccc5c(c4)OCO5)o3)cc2)cc1,0.425315534,2.104144358,-9.4,-8.9,5.4246,388.0881634
c1ccc(-c2ccc(CSc3nnc(-c4ccc5c(c4)OCO5)o3)cc2)cc1,0.425315534,2.104144358,-9.4,-8.9,5.4246,388.0881634
NS(=O)(=O)c1ccc(NC2=C(c3ccccc3)C(=O)NC2=O)cc1,0.710156551,2.183088372,-8.4,-7.9,0.8136,343.0626769
COc1ccc2[nH]nc(C(=O)NCC3CCN(Cc4ccc(C(=O)O)o4)CC3)c2c1,0.545137194,2.458462942,-9.2,-8.7,2.5047,412.1746699
COCCN1CCC(CNC(=O)c2n[nH]c3ccc(-c4ccc(Cl)cc4)cc23)CC1,0.599300035,2.296246977,-9.1,-8,3.9715,426.1822538
c1ccc(-c2ccc(CSc3nnc(-c4ccc5c(c4)OCO5)o3)cc2)cc1,0.425315534,2.104144358,-9.4,-8.9,5.4246,388.0881634
CNC(=O)c1sc(-c2ccnc(NC(=O)C3CC3)c2)nc1OCC1CC1,0.779405599,2.643919268,-7.8,-7,2.702,372.1256115
c1ccc(-c2ccc(CSc3nnc(-c4ccc5c(c4)OCCO5)o3)cc2)cc1,0.412852211,2.143259086,-9.4,-9.1,5.4671,402.1038134
Clc1ccc(Nc2nccc(-c3ccn4ccccc34)n2)cc1Cl,0.531590112,2.386637639,-8.6,-8.4,5.4467,354.0439017
Fc1ccc(-c2nn3ncccc3c2-c2ccnc(Nc3ccccc3Cl)c2)cc1,0.391157649,2.458276655,-10.3,-9.6,5.9944,415.1000014
Cn1cc(C2=C(c3ccccc3)C(=O)NC2=O)c2ccccc21,0.74005506,2.152761451,-8.5,-8.2,2.7455,302.1055277
O=C1NC(=O)C(c2ccccc2)=C1Nc1cc(Cl)c(O)c(Cl)c1,0.587526714,2.35591934,-8.1,-8.2,3.1786,348.0068475
c1ccc(-c2ccc(CSc3nnc(-c4ccc5c(c4)OCO5)o3)cc2)cc1,0.425315534,2.104144358,-9.4,-8.9,5.4246,388.0881634
COc1cccc(OC)c1C(=O)Nc1ccccc1C(=O)NCC1CCN(Cc2ccc(C(=O)O)o2)CC1,0.366399454,2.422673146,-9.6,-8.5,3.8893,521.2162003
COc1ccc(C2=C(c3cn(CCCN4CCOCC4)c4ccccc34)C(=O)NC2=O)cc1,0.566432675,2.459581911,-9.1,-8,2.9394,445.2001563
CS(=O)c1ccc(-c2coc3ccc(-c4ccccc4)cc23)cc1,0.495406386,2.610332139,-9.2,-8.9,5.5042,332.0871008
Cn1cc(C2=C(c3cn(CCCN4CCOCC4)c4ccccc34)C(=O)NC2=O)c2ccccc21,0.440541409,2.644305013,-9.6,-8.3,3.4225,468.2161408
c1ccc(-c2ccc(CSc3nnc(-c4ccc5c(c4)OCO5)o3)cc2)cc1,0.425315534,2.104144358,-9.4,-8.9,5.4246,388.0881634
O=C1NC(=O)C(c2ccccc2)=C1Nc1cccc(C(=O)O)c1,0.749380567,2.107175749,-8.6,-8.4,1.8644,308.0797069
CCCC(=O)Nc1n[nH]c2ccc(-c3ccccc3)cc12,0.758874824,1.967183343,-8.2,-7.6,3.9685,279.1371622
O=C1NC(=O)C(c2ccccc2)=C1Nc1cccc(C(=O)O)c1,0.749380567,2.107175749,-8.5,-8.3,1.8644,308.0797069
CCCC(=O)Nc1n[nH]c2ccc(-c3ccccc3)cc12,0.758874824,1.967183343,-8.3,-7.8,3.9685,279.1371622
c1ccc(-c2ccc(CSc3nnc(-c4ccc5c(c4)OCCO5)o3)cc2)cc1,0.412852211,2.143259086,-9.4,-9,5.4671,402.1038134
Clc1ccc(Nc2nccc(-c3cnn4ncccc34)n2)cc1Cl,0.594122222,2.508098079,-8.7,-8.3,4.2367,356.0343997
N=C1NC(=O)C(=Cc2ccc(-c3ccc(S(N)(=O)=O)cc3)o2)S1,0.727500958,2.751821985,-8.3,-7.8,1.73267,349.0190978
c1ccc(-c2ccc(CSc3nnc(-c4ccc5c(c4)OCCO5)o3)cc2)cc1,0.412852211,2.143259086,-9.4,-9.1,5.4671,402.1038134
c1ccc(-c2ccc(CSc3nnc(-c4ccc5c(c4)OCO5)o3)cc2)cc1,0.425315534,2.104144358,-9.4,-8.9,5.4246,388.0881634
c1ccc(-c2ccc(CSc3nnc(-c4ccc5c(c4)OCO5)o3)cc2)cc1,0.425315534,2.104144358,-9.4,-8.9,5.4246,388.0881634
N=C1NC(=O)C(=Cc2ccc(-c3ccc(Cl)cc3)o2)S1,0.830631159,2.659404864,-7.6,-7.7,3.73867,304.0073262
N=C1NC(=O)C(=Cc2ccc(-c3ccc(Cl)cc3)o2)S1,0.830631159,2.659404864,-7.7,-7.8,3.73867,304.0073262
CCCC(=O)Nc1n[nH]c2ccc(-c3ccccn3)cc12,0.769418044,2.166620165,-8.1,-7.5,3.3635,280.1324111
c1ccc(-c2ccc(CSc3nnc(-c4ccc5c(c4)OCCO5)o3)cc2)cc1,0.412852211,2.143259086,-9.4,-9.1,5.4671,402.1038134
O=C1NC(=O)C(c2ccccc2)=C1Nc1cc(Cl)c(O)c(Cl)c1,0.587526714,2.35591934,-7.9,-8.2,3.1786,348.0068475
O=C(Nc1ccc(Nc2nccc(-c3cccnc3)n2)cc1)c1ccc(N2CCOCC2)cc1,0.448730854,2.209035015,-9.3,-10.1,4.3711,452.196074
COc1ccccc1C(=O)Nc1c[nH]nc1C(=O)NC1CCC(OC)CC1,0.721843103,2.562358329,-8.6,-7.8,2.358,372.1797552
Cn1cc(C2=C(c3cn(C)c4ccc(F)cc34)C(=O)NC2=O)c2ccccc21,0.54790134,2.523987681,-9.1,-8.6,3.3763,373.122655
O=C(O)c1ccc(-c2ccc3[nH]nc(-c4ccc(C(=O)O)cc4)c3c2)cc1,0.504730947,1.994622865,-9.6,-9,4.2933,358.0953569
O=C(NCCN1CCOCC1)c1ccc(-c2ccnc(NC(=O)C3CC3)c2)cc1,0.751957067,2.125539647,-8.6,-7.6,2.1591,394.2004907
Cn1cc(C2=C(c3cn(CCCN4CCOCC4)c4ccccc34)C(=O)NC2=O)c2ccccc21,0.440541409,2.644305013,-9.6,-8.4,3.4225,468.2161408
CSc1nc(-c2ccccc2)c(-c2ccnc(NC(=O)C3CC3)c2)[nH]1,0.676359731,2.332860852,-8.5,-7.8,4.2091,350.1201322
c1ccc(-c2ccc(CSc3nnc(-c4ccc5c(c4)OCCO5)o3)cc2)cc1,0.412852211,2.143259086,-9.4,-9.2,5.4671,402.1038134
c1ccc(-c2ccc(CSc3nnc(-c4ccc5c(c4)OCO5)o3)cc2)cc1,0.425315534,2.104144358,-9.3,-9,5.4246,388.0881634
N#Cc1ccc(-c2ccc(CSc3nnc(-c4ccc5c(c4)OCO5)o3)cc2)cc1,0.410876371,2.293696678,-9.4,-9.4,5.29628,413.0834123
COCCN1CCC(CNC(=O)c2cccc(-n3ncc4cc(Nc5ccccc5Cl)ccc43)c2)CC1,0.30611506,2.454645663,-9.7,-9,5.5107,517.2244529
COc1ccc2c(-c3ccnc(Nc4ccc(Cl)c(Cl)c4)n3)cnn2n1,0.56439075,2.603694105,-9,-8.1,4.2453,386.0449644
O=C(NCCN1CCOCC1)c1ccc(-c2ccnc(NC(=O)C3CC3)c2)cc1,0.751957067,2.125539647,-8.5,-7.7,2.1591,394.2004907
c1ccc(-c2ccc(CSc3nnc(-c4ccc5c(c4)OCO5)o3)cc2)cc1,0.425315534,2.104144358,-9.4,-8.9,5.4246,388.0881634
CSc1nc(-c2ccc(F)cc2)c(C2=CC=NC(Nc3ccc(NC(=O)c4ccccc4)cc3)=NC=C2)n1C,0.270377279,3.058869093,-10.1,-9,6.65,536.1794586
COc1cccc(-n2ncc3c(N=NCc4ccccc4)ncnc32)c1,0.510513391,2.656277841,-8.5,-8,4.108,344.1385591
Cn1cc(C2=C(c3ccc(C(=O)O)cc3)C(=O)NC2=O)c2ccccc21,0.713146658,2.254309363,-8.3,-8.4,2.4437,346.0953569
CCCC(=O)Nc1n[nH]c2ccc(-c3ccccn3)cc12,0.769418044,2.166620165,-8.1,-7.6,3.3635,280.1324111
c1ccc(-c2ccc(CSc3nnc(-c4ccc5c(c4)OCCO5)o3)cc2)cc1,0.412852211,2.143259086,-9.4,-9,5.4671,402.1038134
CCCC(=O)Nc1n[nH]c2ccc(-c3ccccc3)cc12,0.758874824,1.967183343,-8.2,-7.8,3.9685,279.1371622
N#Cc1ccc(-c2ccc(CSc3nnc(-c4ccc5c(c4)OCCO5)o3)cc2)cc1,0.397746084,2.328630459,-9.4,-9.5,5.33878,427.0990624
O=C(CN1C(=O)CCc2ccccc2C1=O)Nc1scc(Br)c1-c1ncn[nH]1,0.582610421,2.810187352,-9.1,-8.3,2.8494,459.0000724
c1ccc(-c2ccc(CSc3nnc(-c4ccc5c(c4)OCCO5)o3)cc2)cc1,0.412852211,2.143259086,-9.4,-9,5.4671,402.1038134
CCCC(=O)Nc1n[nH]c2ccc(-c3ccccn3)cc12,0.769418044,2.166620165,-8,-7.6,3.3635,280.1324111
CSc1nc(-c2ccc(F)cc2)c(C2=CC=NC(Nc3ccc(NC(=O)c4ccc(NC(=O)C=CCN(C)C)cc4)cc3)=NC=C2)n1C,0.128545533,3.423644774,-9.4,-8.6,6.7063,662.2587716
O=C(Nc1ccc(Nc2nccc(-c3cccnc3)n2)cc1)c1ccc(N2CCOCC2)cc1,0.448730854,2.209035015,-9.4,-10.1,4.3711,452.196074
Cn1cc(C2=C(c3coc4ccccc34)C(=O)NC2=O)c2ccccc21,0.567245536,2.465095951,-9.3,-8.9,3.4917,342.1004423
c1ccc(-c2ccc(CSc3nnc(-c4ccc5c(c4)OCO5)o3)cc2)cc1,0.425315534,2.104144358,-9.4,-8.9,5.4246,388.0881634
NC1=NC(=O)C(=C2c3ccccc3Nc3ccccc32)N1,0.548238632,2.61572584,-9.2,-9.2,1.9475,276.101111
Clc1ccc(Nc2cc(-c3ccnc(Nc4ccc(N5CCOCC5)cc4)n3)ccn2)cc1Cl,0.332830246,2.401296785,-9.9,-9.8,6.1692,492.1232147
c1ccc(-c2ccc(CSc3nnc(-c4ccc5c(c4)OCO5)o3)cc2)cc1,0.425315534,2.104144358,-9.4,-8.9,5.4246,388.0881634
c1ccc(-c2ccc(CSc3nnc(-c4ccc5c(c4)OCCO5)o3)cc2)cc1,0.412852211,2.143259086,-9.4,-9,5.4671,402.1038134
Cn1c(N2CCNC(c3ccc(Cl)cc3)C2)nc(-c2ccccc2)cc1=O,0.757395061,2.76283495,-9.4,-8.7,3.2516,380.140389
O=C(O)c1ccc(-c2ccc(Cl)c(Nc3ccc(C(=O)NCCN4CCOCC4)cc3)n2)cc1,0.448794597,2.233812804,-9.1,-8.6,3.9058,480.156433
O=C(Nc1n[nH]c2ncc(-c3ccccc3)cc12)C1CC1,0.773390379,2.155164175,-8.5,-8,2.9734,278.1167611
NS(=O)(=O)c1ccc(-c2ccc(C=C3NC(=S)NC3=O)o2)cc1,0.561145871,2.534859244,-8.2,-8.1,0.9392,349.0190978
CCCC(=O)Nc1n[nH]c2ccc(-c3ccccn3)cc12,0.769418044,2.166620165,-8,-7.6,3.3635,280.1324111
O=C(NCC1CCN(CCc2ccccc2)CC1)c1onc2ccc(-c3ccccc3)cc12,0.431107687,2.299401014,-9.4,-9.2,5.1793,439.2259772
O=C(Cn1c(=O)ccc2ccccc21)Nc1scc(Cl)c1-c1ncn[nH]1,0.564051708,2.731248566,-8.8,-8.7,3.1402,385.0400233
Cc1nc(-c2ccccc2)c(-c2ccnc(NC(=O)C3CC3)c2)[nH]1,0.768483483,2.248935145,-8.6,-8.4,3.79562,318.1480612
CSc1nc(-c2ccc(F)cc2)c(C2=CC=NC(Nc3ccc(NC(=O)c4ccc(NC(=O)C=CCN(C)C)cc4)cc3)=NC=C2)n1C,0.128545533,3.423644774,-9.4,-8.6,6.7063,662.2587716
c1ccc(-c2ccc(CSc3nnc(-c4ccc5c(c4)OCCO5)o3)cc2)cc1,0.412852211,2.143259086,-9.4,-9.1,5.4671,402.1038134
O=C(Nc1ccc(Cl)c(Cl)c1)Nc1cnn(-c2csc(C(=O)NC3COC3)c2)c1,0.545073426,2.689215766,-8.5,-8.3,4.0132,451.0272657
COCCN1CCC(CNC(=O)c2n[nH]c3ccc(-c4ccccc4)cc23)CC1,0.647153718,2.235827093,-8.8,-8.6,3.3181,392.2212261
O=C(NCCc1ccccc1)c1ccc(O)c2[nH]c(-c3ccc(F)cc3)nc12,0.492469209,2.130310109,-9.6,-8.8,4.0471,375.138305
Cn1cc(C2=C(c3cn(CCCN4CCOCC4)c4ccccc34)C(=O)NC2=O)c2ccccc21,0.440541409,2.644305013,-9.5,-8.6,3.4225,468.2161408
N#Cc1ccc(-c2ccc(CSc3nnc(-c4ccc5c(c4)OCO5)o3)cc2)cc1,0.410876371,2.293696678,-9.5,-9.5,5.29628,413.0834123
C=CC(=O)NCCCn1cc(C2=C(c3cn(CCCN4CCOCC4)c4ccccc34)C(=O)NC2=O)c2ccccc21,0.164682535,2.940035648,-9.1,-8.1,3.5778,565.2689046
c1ccc(-c2ccc(CSc3nnc(-c4ccc5c(c4)OCCO5)o3)cc2)cc1,0.412852211,2.143259086,-9.4,-9,5.4671,402.1038134
c1ccc(-c2ccc(CSc3nnc(-c4ccc5c(c4)OCO5)o3)cc2)cc1,0.425315534,2.104144358,-9.4,-8.9,5.4246,388.0881634
c1ccc(-c2ccc(CSc3nnc(-c4ccc5c(c4)OCO5)o3)cc2)cc1,0.425315534,2.104144358,-9.4,-8.8,5.4246,388.0881634
Cn1cc(C2=C(c3cn(CCCN4CCOCC4)c4ccccc34)C(=O)NC2=O)c2ccccc21,0.440541409,2.644305013,-9.5,-8.6,3.4225,468.2161408
C[S+]([O-])c1ccc(-c2occ3ccc(-c4ccccc4)cc23)cc1,0.464146294,3.21650093,-9.7,-9.3,5.5042,332.0871008
O=C(Nc1n[nH]c2nc(-c3ccc(Cl)cc3)ccc12)C1CC1,0.775545072,2.223349731,-8.1,-7.5,3.6268,312.0777887
CCCC(=O)Nc1n[nH]c2ccc(-c3ccccn3)cc12,0.769418044,2.166620165,-8.1,-7.5,3.3635,280.1324111
CS(=O)c1ccc(-c2c[nH]c3cc(-c4ccc(C(=O)O)cc4)ccc23)cc1,0.530822438,2.698991271,-9.2,-8.8,4.9375,375.0929144
O=C(Nc1n[nH]c2ncc(-c3ccccc3)cc12)C1CC1,0.773390379,2.155164175,-8.5,-7.8,2.9734,278.1167611
O=C(Nc1cnn(-c2cccc(C(=O)NCC3CCN(Cc4ccccc4)CC3)c2)c1)Nc1ccccc1Cl,0.26183464,2.364175233,-9.7,-9.9,5.8117,542.2197019
Cn1c(N2CCNC(c3ccc(Cl)cc3)C2)nc(-c2ccccn2)cc1=O,0.75527413,2.93911069,-9.2,-8.7,2.6466,381.1356379
CSc1nc(-c2ccc(F)cc2)c(-c2ccnc(NC3CCCCC3)c2)[nH]1,0.552222361,2.45469753,-8.8,-8.2,5.7443,382.162746
CCCC(=O)Nc1n[nH]c2cc(-c3ccc(Cl)cc3Cl)ccc12,0.674283825,2.202758945,-8.1,-7.8,5.2753,347.0592175
CSc1nc(-c2ccc(F)cc2)c(C2=CC=NC(Nc3ccc(NC(=O)c4ccc(N5CCOCC5)cc4)cc3)=NC=C2)n1C,0.229326086,3.233534458,-9.8,-9.6,6.4866,621.2322225
O=C1NC(=O)C(c2cn(CCCO)c3ccccc23)=C1c1ccc(Cl)cc1,0.667349939,2.349082605,-8.1,-7.9,3.2443,380.0927701
CSc1nc(-c2ccc(F)cc2)c(C2=CC=NC(Nc3ccc(NC(=O)c4ccc(N5CCOCC5)cc4)cc3)=NC=C2)n1C,0.229326086,3.233534458,-9.9,-10,6.4866,621.2322225
CN1CCN(CCCNC(=O)c2ccc(-c3ccnc(NC(=O)C4CC4)c3)cc2)CC1,0.640567627,2.164247697,-8.6,-8.1,2.4644,421.2477752
CCCC(=O)Nc1n[nH]c2ncc(-c3ccccc3)cc12,0.769418044,2.158598475,-8.1,-7.7,3.3635,280.1324111
O=C(NCCN1CCOCC1)c1ccc(-c2ccnc(NC(=O)C3CC3)c2)cc1,0.751957067,2.125539647,-8.7,-7.7,2.1591,394.2004907
Clc1ccc(Nc2nccc(-c3cnn4ncccc34)n2)cc1Cl,0.594122222,2.508098079,-8.7,-8.1,4.2367,356.0343997
COCCN1CCC(CNC(=O)c2cccc(-n3ncc4cc(Nc5ccccc5Cl)ccc43)c2)CC1,0.30611506,2.454645663,-9.6,-9,5.5107,517.2244529
CCCC(=O)Nc1n[nH]c2ncc(-c3ccccc3)cc12,0.769418044,2.158598475,-8.3,-7.6,3.3635,280.1324111
CCCC(=O)Nc1n[nH]c2ccc(-c3ccc(Cl)cn3)cc12,0.763814227,2.261978302,-8.3,-7.8,4.0169,314.0934388
N#Cc1ccc(-c2ccc(CSc3nnc(-c4ccc5c(c4)OCO5)o3)cc2)cc1,0.410876371,2.293696678,-8.9,-9,5.29628,413.0834123
c1ccc(-c2ccc(CSc3nnc(-c4ccc5c(c4)OCO5)o3)cc2)cc1,0.425315534,2.104144358,-9.4,-8.9,5.4246,388.0881634
O=C1NC(=O)C(c2ccc(Cl)cc2)=C1Nc1cc(Cl)c(O)c(Cl)c1,0.555832498,2.415146091,-8.1,-7.9,3.832,381.9678752
c1ccc(-c2ccc(CSc3nnc(-c4ccc5c(c4)OCO5)o3)cc2)cc1,0.425315534,2.104144358,-9.4,-8.9,5.4246,388.0881634
c1ccc(-c2ccc(CSc3nnc(-c4ccc5c(c4)OCCO5)o3)cc2)cc1,0.412852211,2.143259086,-9.4,-9.1,5.4671,402.1038134
c1ccc(-c2ccc(CSc3nnc(-c4ccc5c(c4)OCCO5)o3)cc2)cc1,0.412852211,2.143259086,-9.4,-9,5.4671,402.1038134
CCCC(=O)Nc1n[nH]c2ccc(-c3ccccn3)cc12,0.769418044,2.166620165,-8,-7.6,3.3635,280.1324111
Cn1c(N2CCNC(c3ccc(Cl)cc3)C2)nc(-c2ccncc2)cc1=O,0.75527413,2.934106548,-9.2,-8.4,2.6466,381.1356379
Cn1cc(C2=C(c3cn4c5c(cccc35)CN(C(=O)N3CCCCC3)CC4)C(=O)NC2=O)c2ccccc21,0.414744286,2.920448694,-9.8,-9.9,4.1217,507.2270398
CCCC(=O)Nc1n[nH]c2ccc(-c3ccccn3)cc12,0.769418044,2.166620165,-8,-7.6,3.3635,280.1324111
c1ccc(-c2ccc(CSc3nnc(-c4ccc5c(c4)OCCO5)o3)cc2)cc1,0.412852211,2.143259086,-9.3,-9.2,5.4671,402.1038134
N=C1NC(=O)C(=Cc2ccc(-c3ccc(S(N)(=O)=O)cc3)o2)S1,0.727500958,2.751821985,-8.3,-7.8,1.73267,349.0190978
COCCN1CCC(CNC(=O)c2n[nH]c3ccc(-c4ccccc4)cc23)CC1,0.647153718,2.235827093,-8.8,-8.6,3.3181,392.2212261
O=C(Nc1n[nH]c2ccc(-c3ccccc3)cc12)C1CC1,0.768445346,1.963749043,-8.9,-8.4,3.5784,277.1215121
CCCC(=O)Nc1n[nH]c2ccc(-c3ccccn3)cc12,0.769418044,2.166620165,-8,-7.6,3.3635,280.1324111
c1ccc(-c2ccc(CSc3nnc(-c4ccc5c(c4)OCO5)o3)cc2)cc1,0.425315534,2.104144358,-9.3,-8.8,5.4246,388.0881634
CN1CCN(CCCNC(=O)c2ccc(-c3ccnc(NC(=O)C4CC4)c3)cc2)CC1,0.640567627,2.164247697,-8.7,-8,2.4644,421.2477752
O=C(Cn1c(=O)ccc2ccccc21)Nc1scc(Br)c1-c1ncn[nH]1,0.520068719,2.743682413,-9.1,-8.7,3.2493,428.9895077
O=C(NCCN1CCOCC1)c1ccc(-c2ccnc(Nc3ccc(N4CCOCC4)cc3)c2)cc1,0.504301983,2.332012753,-9.1,-8.8,3.3908,487.2583399
CSc1nc(-c2ccc(F)cc2)c(C2=CC=NC(Nc3ccc(NC(=O)c4ccccc4)cc3)=NC=C2)n1C,0.270377279,3.058869093,-9.5,-9.2,6.65,536.1794586
O=C(NCCN1CCOCC1)c1ccc(-c2ccnc(NC(=O)C3CC3)c2)cc1,0.751957067,2.125539647,-8.6,-7.7,2.1591,394.2004907
N=C1NC(=O)C(=Cc2ccc(-c3ccc(S(N)(=O)=O)cc3)o2)S1,0.727500958,2.751821985,-8.3,-7.8,1.73267,349.0190978
c1ccc(-c2ccc(CSc3nnc(-c4ccc5c(c4)OCO5)o3)cc2)cc1,0.425315534,2.104144358,-9.4,-8.9,5.4246,388.0881634
CCCC(=O)Nc1n[nH]c2ncc(-c3ccccc3)cc12,0.769418044,2.158598475,-8.1,-7.7,3.3635,280.1324111
COc1ccc(-c2ccc3[nH]nc(C(=O)NCC4CCN(CC(=O)O)CC4)c3c2)cc1,0.540462014,2.29471736,-8.8,-8.1,2.7649,422.1954053
c1ccc(-c2ccc(CSc3nnc(-c4ccc5c(c4)OCCO5)o3)cc2)cc1,0.412852211,2.143259086,-9.4,-9,5.4671,402.1038134
O=C1Nc2ccccc2NC1=C1C(=O)Nc2ccccc21,0.647589488,2.360171237,-9.4,-9.3,2.414,277.0851266
c1ccc(-c2nn3ccccc3c2-c2ccnc(Nc3ccc(-n4cnc(N5CCOCC5)n4)cc3)n2)cc1,0.343227328,2.797950226,-10.3,-10.4,4.6192,515.2182064
c1ccc(-c2ccc(CSc3nnc(-c4ccc5c(c4)OCCO5)o3)cc2)cc1,0.412852211,2.143259086,-9.4,-9.1,5.4671,402.1038134
COCCN1CCC(CNC(=O)c2n[nH]c3ccc(-c4ccccc4)cc23)CC1,0.647153718,2.235827093,-8.8,-8.6,3.3181,392.2212261
N=C1NC(=O)C(=Cc2ccc(-c3ccc(S(N)(=O)=O)cc3)o2)S1,0.727500958,2.751821985,-8.3,-7.8,1.73267,349.0190978
c1ccc(-c2ccc(CSc3nnc(-c4ccc5c(c4)OCO5)o3)cc2)cc1,0.425315534,2.104144358,-9.4,-8.9,5.4246,388.0881634
O=C(O)c1ccc(-c2c[nH]c3ccc(-c4ccccc4)cc23)cc1,0.545938783,1.809043353,-9.2,-8.9,5.2001,313.1102787
CCCC(=O)Nc1n[nH]c2ccc(-c3ccccc3)cc12,0.758874824,1.967183343,-8.3,-7.6,3.9685,279.1371622
c1ccc(-c2ccc(CSc3nnc(-c4ccc5c(c4)OCO5)o3)cc2)cc1,0.425315534,2.104144358,-9.4,-8.9,5.4246,388.0881634
c1cc(-c2ccc(N3CCOCC3)cc2)ccc1CSc1nnc(-c2ccc3c(c2)OCO3)o1,0.351341383,2.372265255,-9.9,-10.4,5.2612,473.1409272
Clc1ccc(-c2nnc(SCc3ccc(-c4ccccc4)cc3)o2)cc1,0.379144192,1.87624847,-9.2,-8.6,6.3493,378.0593618
c1ccc(-c2ccc(CSc3nnc(-c4ccc5c(c4)OCCO5)o3)cc2)cc1,0.412852211,2.143259086,-9.4,-8.5,5.4671,402.1038134
COCCN1CCC(CNC(=O)c2n[nH]c3ccc(-c4ccc(O)cc4)cc23)CC1,0.559095199,2.352971645,-8.6,-8.6,3.0237,408.2161408
CCCC(=O)Nc1n[nH]c2ccc(-c3ccccn3)cc12,0.769418044,2.166620165,-8.1,-7.7,3.3635,280.1324111
CSc1nc(-c2ccc(F)cc2)c(C2=CC=NC(Nc3ccc(NC(=O)c4ccc(NC(=O)C=CCN(C)C)cc4)cc3)=NC=C2)n1C,0.128545533,3.423644774,-9.3,-9,6.7063,662.2587716
COc1ccc2[nH]nc(C(=O)NCC3CCN(Cc4ccc(C(=O)O)o4)CC3)c2c1,0.545137194,2.458462942,-9.1,-8.4,2.5047,412.1746699
O=C1NC(=O)C(c2cn(CCCN3CCOCC3)c3ccccc23)=C1c1ccccc1,0.629090111,2.407668877,-9.1,-7.6,2.9308,415.1895917
c1ccc(-c2ccc(CSc3nnc(-c4ccc5c(c4)OCCO5)o3)cc2)cc1,0.412852211,2.143259086,-9.4,-8.4,5.4671,402.1038134
c1ccc(-c2ccc(CSc3nnc(-c4ccc5c(c4)OCO5)o3)cc2)cc1,0.425315534,2.104144358,-9.4,-8.9,5.4246,388.0881634
O=C(NCCc1ccccc1)c1ccc(O)c2[nH]c(-c3ccc(F)cc3)nc12,0.492469209,2.130310109,-9.6,-8.8,4.0471,375.138305
O=C(Nc1n[nH]c2ncc(-c3ccccc3)cc12)C1CC1,0.773390379,2.155164175,-8.5,-8,2.9734,278.1167611
c1ccc(-c2ccc(CSc3nnc(-c4ccc5c(c4)OCO5)o3)cc2)cc1,0.425315534,2.104144358,-9.4,-8.9,5.4246,388.0881634
N=C1NC(=O)C(=Cc2ccc(-c3ccc(S(N)(=O)=O)cc3)o2)S1,0.727500958,2.751821985,-8.3,-7.8,1.73267,349.0190978
CSc1nc(-c2ccc(F)cc2)c(C2=CC=NC(Nc3ccc(NC(=O)c4ccc(N5CCOCC5)cc4)cc3)=NC=C2)n1C,0.229326086,3.233534458,-10,-9.8,6.4866,621.2322225
c1ccc(-c2ccc(CSc3nnc(-c4ccc5c(c4)OCCO5)o3)cc2)cc1,0.412852211,2.143259086,-9.4,-9,5.4671,402.1038134
Cn1cc(C2=C(c3cn4c5c(cccc35)CN(C(=O)N3CCCCC3)CC4)C(=O)NC2=O)c2ccccc21,0.414744286,2.920448694,-9.9,-9.9,4.1217,507.2270398
c1ccc(-c2ccc(CSc3nnc(-c4ccc5c(c4)OCCO5)o3)cc2)cc1,0.412852211,2.143259086,-9.4,-9.1,5.4671,402.1038134
O=C1NCCc2ccc(-c3ccc(SCc4ccc(-c5ccccc5)cc4)o3)cc21,0.398118273,2.412047066,-9,-9.3,6.1918,411.1292999
c1ccc(-c2ccc(CSc3nnc(-c4ccc5c(c4)OCCO5)o3)cc2)cc1,0.412852211,2.143259086,-9.4,-8.4,5.4671,402.1038134
c1ccc(-c2ccc(CSc3nnc(-c4ccc5c(c4)OCCO5)o3)cc2)cc1,0.412852211,2.143259086,-9.4,-9.2,5.4671,402.1038134
c1ccc(-c2ccc(CSc3nnc(-c4ccc5c(c4)OCCO5)o3)cc2)cc1,0.412852211,2.143259086,-9.4,-9.1,5.4671,402.1038134
c1ccc(-c2ccc(CSc3nnc(-c4ccc5c(c4)OCO5)o3)cc2)cc1,0.425315534,2.104144358,-9.4,-8.9,5.4246,388.0881634
CCCCCN1CCN(CCNC(=O)c2ccc(Nc3nccc(-c4cnn5ncccc45)n3)cc2)CC1,0.294023758,2.671567698,-9.3,-9,3.4675,513.2964567
N#Cc1ccc(-c2ccc(CSc3nnc(-c4ccc5c(c4)OCCO5)o3)cc2)cc1,0.397746084,2.328630459,-9.5,-9.6,5.33878,427.0990624
CCCC(=O)Nc1n[nH]c2nc(-c3ccc(F)cc3)c(-c3ccccc3)cc12,0.506208,2.277634895,-9.2,-7.9,5.1696,374.1542894
COCCN1CCC(CNC(=O)c2n[nH]c3ccc(-c4ccccc4)cc23)CC1,0.647153718,2.235827093,-8.8,-8.6,3.3181,392.2212261
O=C(CN1C(=O)Cc2ccccc21)Nc1scc(Br)c1-c1ncn[nH]1,0.68197233,2.820193544,-8.6,-8.2,2.8235,416.9895077
CCCC(=O)Nc1n[nH]c2ncc(-c3ccc(Cl)cc3Cl)cc12,0.719004571,2.377350424,-8.4,-8.2,4.6703,348.0544664
COC1CCC(Nc2ncc3ccc(=O)n(C(C)C)c3n2)CC1,0.939029798,2.61886995,-7.5,-7.5,2.7419,316.189926
CSc1nc(-c2ccccc2)c(-c2ccnc(NC(=O)C3CC3)c2)[nH]1,0.676359731,2.332860852,-8.5,-8,4.2091,350.1201322
c1ccc(-c2ccc(CSc3nnc(-c4ccc5c(c4)OCCO5)o3)cc2)cc1,0.412852211,2.143259086,-9.5,-9.2,5.4671,402.1038134
c1ccc(-c2ccc(CSc3nnc(-c4ccc5c(c4)OCCO5)o3)cc2)cc1,0.412852211,2.143259086,-9.4,-9.2,5.4671,402.1038134
c1cnn2ncc(-c3ccnc(Nc4ccc(-n5cnc(N6CCOCC6)n5)cc4)n3)c2c1,0.440078572,2.898664822,-9.9,-9.5,2.3472,440.1821553
COCCN1CCC(CNC(=O)c2n[nH]c3ccc(-c4ccc(Cl)cc4)cc23)CC1,0.599300035,2.296246977,-9,-7.7,3.9715,426.1822538
CCCC(=O)Nc1n[nH]c2ccc(-c3ccccn3)cc12,0.769418044,2.166620165,-8,-7.6,3.3635,280.1324111
Clc1ccc(Nc2nccc(-c3cnn4ncccc34)n2)cc1Cl,0.594122222,2.508098079,-8.7,-8.3,4.2367,356.0343997
O=C1NC(=O)C(c2cn(CCCN3CCOCC3)c3ccccc23)=C1c1cn(CCCN2CCOCC2)c2ccccc12,0.288494664,2.891248962,-9.4,-8.2,3.6078,581.3002047
COCCN1CCC(CNC(=O)c2n[nH]c3ccc(-c4ccccc4)cc23)CC1,0.647153718,2.235827093,-8.8,-8.7,3.3181,392.2212261
O=C(Nc1n[nH]c2nc(-c3ccccc3)ccc12)C1CC1,0.773390379,2.158875398,-8.4,-7.5,2.9734,278.1167611
COCCN1CCC(CNC(=O)c2n[nH]c3ccc(-c4ccccc4)cc23)CC1,0.647153718,2.235827093,-8.8,-8.6,3.3181,392.2212261
O=C1NC(=O)C(c2ccccc2)=C1Nc1cccc(Cl)c1,0.856775357,2.080552851,-8,-8,2.8196,298.0509053
NC(=O)c1ccc(-c2ccnc(NC(=O)C3CC3)c2)cc1,0.900461031,1.879451704,-8,-7.4,2.196,281.1164267
COCCN1CCC(CNC(=O)c2n[nH]c3ccc(-c4ccccc4)cc23)CC1,0.647153718,2.235827093,-8.7,-8.5,3.3181,392.2212261
COc1ccc2c(-c3ccnc(Nc4ccc(Cl)c(Cl)c4)n3)cnn2n1,0.56439075,2.603694105,-9,-8,4.2453,386.0449644
c1ccc(-c2ccc(CSc3nnc(-c4ccc5c(c4)OCCO5)o3)cc2)cc1,0.412852211,2.143259086,-9.4,-9,5.4671,402.1038134
c1ccc(-c2ccc(CSc3nnc(-c4ccc5c(c4)OCCO5)o3)cc2)cc1,0.412852211,2.143259086,-9.4,-9,5.4671,402.1038134
c1ccc(-c2ccc(CSc3nnc(-c4ccc5c(c4)OCO5)o3)cc2)cc1,0.425315534,2.104144358,-9.4,-8.9,5.4246,388.0881634
c1ccc(-c2ccc(CSc3nnc(-c4ccc5c(c4)OCCO5)o3)cc2)cc1,0.412852211,2.143259086,-9.4,-9,5.4671,402.1038134
CCCC(=O)Nc1n[nH]c2ncc(-c3ccccc3)cc12,0.769418044,2.158598475,-8.1,-7.7,3.3635,280.1324111
O=C(O)c1ccc(CN2CCC(CNC(=O)c3n[nH]c4ccc(-c5ccc(O)cc5)cc34)CC2)o1,0.319684411,2.563138891,-10.1,-9.7,3.8687,474.1903199
O=C(NCC1CCN(Cc2ccccc2)CC1)c1cccc(NC(=O)c2ccncc2)c1,0.597086069,1.994747503,-9.6,-8.3,3.9759,428.2212261
c1cnn2ncc(-c3ccnc(Nc4ccc(-n5cnc(N6CCOCC6)n5)cc4)n3)c2c1,0.440078572,2.898664822,-9.9,-9.3,2.3472,440.1821553
c1ccc(-c2ccc(CSc3nnc(-c4ccc5c(c4)OCO5)o3)cc2)cc1,0.425315534,2.104144358,-9.4,-8.8,5.4246,388.0881634
COc1ccc2c(-c3ccnc(Nc4ccc(Cl)c(Cl)c4)n3)cnn2n1,0.56439075,2.603694105,-9,-7.9,4.2453,386.0449644
c1ccc(-c2nn3ccccc3c2-c2ccnc(Nc3ccc(-n4cnc(N5CCOCC5)n4)cc3)n2)cc1,0.343227328,2.797950226,-10.5,-10,4.6192,515.2182064
c1cc(-c2ccc(-n3cnc(N4CCOCC4)n3)cc2)ccc1CSc1nnc(-c2ccc3c(c2)OCCO3)o1,0.258715273,2.782681767,-10.9,-9.5,4.8844,554.1736243
Cn1cc(C2=C(c3cn4c5c(cccc35)CN(C(=O)N3CCCCC3)CC4)C(=O)NC2=O)c2ccccc21,0.414744286,2.920448694,-11,-9.9,4.1217,507.2270398
CSc1ccc(NC2=C(c3ccc(Cl)cc3)C(=O)NC2=O)cc1,0.657625785,2.261784033,-7.6,-7.5,3.5415,344.0386263
O=C(O)c1ccc(-c2ccc(CSc3nnc(-c4ccc5c(c4)OCO5)o3)cc2)cc1,0.419506999,2.222104549,-9.4,-9.4,5.1228,432.0779926
c1ccc(-n2ncc3c(N=NCc4ccncc4)ncnc32)cc1,0.53973334,2.776092419,-8.5,-7.7,3.4944,315.1232434
c1ccc(-c2ccc(CSc3nnc(-c4ccc5c(c4)OCCO5)o3)cc2)cc1,0.412852211,2.143259086,-9.4,-9,5.4671,402.1038134
O=C(Nc1n[nH]c2ncc(-c3ccc(Cl)cc3)cc12)C1CCCC1,0.741616264,2.240392584,-9.4,-8.3,4.407,340.1090888
c1ccc(-c2ccc(CSc3nnc(-c4ccc5c(c4)OCCO5)o3)cc2)cc1,0.412852211,2.143259086,-9.4,-8.4,5.4671,402.1038134
NC(=O)c1cnc(-c2ccnc(NC(=O)C3CC3)c2)cc1NC(=O)C1CC1,0.720766359,2.322503193,-8.6,-7.7,1.9395,365.1487895
O=C(NCC1CCN(Cc2ccc(C(=O)O)o2)CC1)c1cccc(-n2ncc3cc(Nc4ccccc4Cl)ccc32)c1,0.185099221,2.676219885,-9.4,-10,6.3557,583.1986321
COCCN1CCC(CNC(=O)c2n[nH]c3ccc(-c4ccc(O)cc4)cc23)CC1,0.559095199,2.352971645,-8.7,-8.5,3.0237,408.2161408
O=C1NC(=O)C(c2cn(CCCN3CCOCC3)c3ccccc23)=C1c1coc2ccccc12,0.449108134,2.668609246,-9.8,-8.6,3.677,455.1845063
c1ccc(-c2ccc(CSc3nnc(-c4ccc5c(c4)OCCO5)o3)cc2)cc1,0.412852211,2.143259086,-9.4,-8.4,5.4671,402.1038134
c1ccc(-c2ccc(CSc3nnc(-c4ccc5c(c4)OCCO5)o3)cc2)cc1,0.412852211,2.143259086,-9.4,-9.2,5.4671,402.1038134
COc1ccc2c(-c3ccnc(Nc4ccc(Cl)c(Cl)c4)n3)cnn2n1,0.56439075,2.603694105,-9,-8,4.2453,386.0449644
CCCC(=O)Nc1n[nH]c2ccc(-c3ccccn3)cc12,0.769418044,2.166620165,-8.1,-7.6,3.3635,280.1324111
CCCC(=O)Nc1n[nH]c2ncc(-c3ccccc3)cc12,0.769418044,2.158598475,-8.1,-7.7,3.3635,280.1324111
N=C1NC(=O)C(=Cc2ccc(-c3ccc(Cl)cc3)o2)S1,0.830631159,2.659404864,-7.5,-7.7,3.73867,304.0073262
Clc1ccc(Nc2nccc(-c3cnn4ncccc34)n2)cc1Cl,0.594122222,2.508098079,-8.7,-8.3,4.2367,356.0343997
CSc1nn2nc(-c3ccc(F)cc3)c(-c3ccnc(Nc4ccc(N5CCOCC5)cc4)c3)c2n1C,0.310265195,2.928866175,-9.8,-9.2,5.238,515.1903577
CCN1CCN(CCNC(=O)c2ccc(Nc3nccc(-c4cnn5ncccc45)n3)cc2)CC1,0.403545554,2.626290463,-9.3,-9,2.2972,471.2495065
c1ccc(-c2ccc(CSc3nnc(-c4ccc5c(c4)OCO5)o3)cc2)cc1,0.425315534,2.104144358,-9.4,-8.8,5.4246,388.0881634
Cn1cc(C2=C(c3cn(CCO)c4ccccc34)C(=O)NC2=O)c2ccccc21,0.530532257,2.525656395,-8.9,-8.2,2.6925,385.1426415
O=C(O)CN1CCC(CNC(=O)c2n[nH]c3[nH]c(-c4ccc(Cl)cc4)cc23)CC1,0.493937815,2.689888462,-9,-8.3,2.7378,415.1411172
CCCC(=O)Nc1n[nH]c2ncc(-c3ccccc3)cc12,0.769418044,2.158598475,-8.1,-7.7,3.3635,280.1324111
Clc1ccc(Nc2cc(-c3ccnc(Nc4ccc(N5CCOCC5)cc4)n3)ccn2)cc1Cl,0.332830246,2.401296785,-9.9,-9.6,6.1692,492.1232147
COCCN1CCC(CNC(=O)c2n[nH]c3ccc(-c4ccccc4)cc23)CC1,0.647153718,2.235827093,-8.8,-8.7,3.3181,392.2212261
Clc1ccc(Nc2nccc(-c3cnn4ncccc34)n2)cc1Cl,0.594122222,2.508098079,-8.7,-8.3,4.2367,356.0343997
CSc1nc(-c2ccc(Cl)c(C(F)(F)F)c2)c(-c2ccnc(NC(=O)C3CC3)c2)[nH]1,0.473995108,2.651575238,-9.2,-8.9,5.8813,452.0685445
FC(F)(F)c1ccc(-c2ccc(CSc3nnc(-c4ccc5c(c4)OCCO5)o3)cc2)cc1,0.311066304,2.355408353,-9.5,-10,6.4859,470.0911981
CSc1nc(-c2ccc(F)cc2)c(-c2ccnc(Nc3ccc(C(=O)NCC4CCN(Cc5ccccc5)CC4)cc3)c2)[nH]1,0.143870888,2.677464945,-9.7,-10,7.3853,606.257709
CCCC(=O)Nc1n[nH]c2ccc(-c3ccccn3)cc12,0.769418044,2.166620165,-8.1,-7.6,3.3635,280.1324111
Cn1cc(C2=C(c3cn(C)c4ccccc34)C(=O)NC2=O)c2ccccc21,0.561396223,2.41960808,-9,-8.3,3.2372,355.1320768
O=C1NC(=O)C(c2cn(CCCN3CCOCC3)c3ccccc23)=C1c1coc2ccccc12,0.449108134,2.668609246,-9.8,-8.6,3.677,455.1845063
C=CC(=O)Nc1ccc(CCNC(=O)c2ccnc3nc(-c4ccc(F)cc4)[nH]c23)cc1,0.38853729,2.428267762,-8.5,-8.9,3.861,429.1601031
c1ccc(-c2ccc(CSc3nnc(-c4ccc5c(c4)OCCO5)o3)cc2)cc1,0.412852211,2.143259086,-9.3,-9,5.4671,402.1038134
c1ccc(-c2ccc(CSc3nnc(-c4ccc5c(c4)OCO5)o3)cc2)cc1,0.425315534,2.104144358,-9.4,-8.9,5.4246,388.0881634
CSc1nc(-c2ccc(F)cc2)c(C2=CC=NC(Nc3ccc(NC(=O)c4ccccc4)cc3)=NC=C2)n1C,0.270377279,3.058869093,-10.1,-9.1,6.65,536.1794586
N=C1NC(=O)C(=Cc2ccc(-c3ccc(S(N)(=O)=O)cc3)o2)S1,0.727500958,2.751821985,-8.3,-7.7,1.73267,349.0190978
c1ccc(-c2ccc(CSc3nnc(-c4ccc5c(c4)OCCO5)o3)cc2)cc1,0.412852211,2.143259086,-9.4,-9,5.4671,402.1038134
N#Cc1ccc(-c2ccc(CSc3nnc(-c4ccc5c(c4)OCO5)o3)cc2)cc1,0.410876371,2.293696678,-8.9,-9.4,5.29628,413.0834123
O=C(Nc1n[nH]c2ncc(-c3ccccc3)cc12)C1CC1,0.773390379,2.155164175,-8.4,-7.9,2.9734,278.1167611
c1ccc(-c2ccc(CSc3nnc(-c4ccc5c(c4)OCCO5)o3)cc2)cc1,0.412852211,2.143259086,-9.4,-8.5,5.4671,402.1038134
CSc1nc(-c2ccccc2)c(-c2ccnc(NC(=O)C3CC3)c2)[nH]1,0.676359731,2.332860852,-8.6,-8.1,4.2091,350.1201322
c1ccc(-c2ccc(CSc3nnc(-c4ccc5c(c4)OCCO5)o3)cc2)cc1,0.412852211,2.143259086,-9.4,-8.4,5.4671,402.1038134
CSc1nc(-c2ccc(F)cc2)c(C2=CC=NC(Nc3ccc(NC(=O)c4ccccc4)cc3)=NC=C2)n1C,0.270377279,3.058869093,-10.1,-8.8,6.65,536.1794586
CCCC(=O)Nc1n[nH]c2ncc(-c3ccccc3)cc12,0.769418044,2.158598475,-8.1,-7.7,3.3635,280.1324111
O=C1NC(=O)C(c2ccccc2)=C1Nc1cc(Cl)c(O)c(Cl)c1,0.587526714,2.35591934,-7.9,-8.2,3.1786,348.0068475
CCCC(=O)Nc1n[nH]c2cc(-c3ccc(Cl)c(Cl)c3)ccc12,0.674283825,2.171166282,-8.4,-7.8,5.2753,347.0592175
c1ccc(-c2ccc(CSc3nnc(-c4ccc5c(c4)OCCO5)o3)cc2)cc1,0.412852211,2.143259086,-9.4,-9.1,5.4671,402.1038134
c1ccc(-c2ccc(CSc3nnc(-c4ccc5c(c4)OCO5)o3)cc2)cc1,0.425315534,2.104144358,-9.4,-8.9,5.4246,388.0881634
CSc1nc(-c2ccc(F)cc2)c(C2=CC=NC(Nc3ccc(NC(=O)c4ccc(N5CCOCC5)cc4)cc3)=NC=C2)n1C,0.229326086,3.233534458,-9.7,-9.4,6.4866,621.2322225
c1ccc(-c2ccc(CSc3nnc(-c4ccc5c(c4)OCCO5)o3)cc2)cc1,0.412852211,2.143259086,-9.4,-9.1,5.4671,402.1038134
c1ccc(-c2ccc(CSc3nnc(-c4ccc5c(c4)OCCO5)o3)cc2)cc1,0.412852211,2.143259086,-9.4,-9.1,5.4671,402.1038134
c1ccc(-c2ccc(CSc3nnc(-c4ccc5c(c4)OCCO5)o3)cc2)cc1,0.412852211,2.143259086,-9.4,-9.1,5.4671,402.1038134
CCCC(=O)Nc1n[nH]c2ccc(-c3ccccc3)cc12,0.758874824,1.967183343,-8.2,-7.8,3.9685,279.1371622
c1ccc(-c2ccc(CSc3nnc(-c4ccc5c(c4)OCO5)o3)cc2)cc1,0.425315534,2.104144358,-9.4,-8.9,5.4246,388.0881634
c1ccc(-c2ccc(CSc3nnc(-c4ccc5c(c4)OCCO5)o3)cc2)cc1,0.412852211,2.143259086,-9.4,-9,5.4671,402.1038134
O=C1NC(=O)C(c2cn3c4c(cccc24)CNCC3)=C1c1cn(CCCN2CCOCC2)c2ccccc12,0.390902509,2.998469209,-10.1,-8.5,2.9887,509.2426899
COCCN1CCC(CNC(=O)c2n[nH]c3ccc(-c4ccccc4)cc23)CC1,0.647153718,2.235827093,-8.8,-8.6,3.3181,392.2212261
CSc1ccc(NC2=C(c3ccccc3)C(=O)NC2=O)cc1,0.673281968,2.198439841,-7.9,-7.7,2.8881,310.0775987
CCCC(=O)Nc1n[nH]c2ncc(-c3ccccc3)cc12,0.769418044,2.158598475,-8.1,-7.7,3.3635,280.1324111
COc1ccc2c(-c3ccnc(Nc4ccc(Cl)c(Cl)c4)n3)cnn2n1,0.56439075,2.603694105,-9,-8.1,4.2453,386.0449644
c1ccc(-c2ccc(CSc3nnc(-c4ccc5c(c4)OCCO5)o3)cc2)cc1,0.412852211,2.143259086,-9.4,-9.1,5.4671,402.1038134
COc1ccc2c(-c3ccnc(Nc4ccc(Cl)c(Cl)c4)n3)cnn2n1,0.56439075,2.603694105,-9,-7.9,4.2453,386.0449644
CCCC(=O)Nc1n[nH]c2ncc(-c3ccc(Cl)cc3)cc12,0.763814227,2.223081599,-8.3,-7.9,4.0169,314.0934388
N#Cc1ccc(-c2ccc(CSc3nnc(-c4ccc5c(c4)OCO5)o3)cc2)cc1,0.410876371,2.293696678,-9.5,-9.5,5.29628,413.0834123
CSc1nc(-c2ccccc2)c(-c2ccnc(NC(=O)C3CC3)c2)[nH]1,0.676359731,2.332860852,-8.9,-7.7,4.2091,350.1201322
O=C(Nc1n[nH]c2ncc(-c3ccccc3)cc12)C1CC1,0.773390379,2.155164175,-8.5,-8,2.9734,278.1167611
Cn1cc(C2=C(c3cn(CCCN4CCOCC4)c4ccccc34)C(=O)NC2=O)c2ccccc21,0.440541409,2.644305013,-9.6,-8.4,3.4225,468.2161408
CSc1nc(-c2ccc(F)cc2)c(C2=CC=NC(Nc3ccc(NC(=O)c4ccc(NC(=O)C=CCN(C)C)cc4)cc3)=NC=C2)n1C,0.128545533,3.423644774,-9.1,-9.2,6.7063,662.2587716
O=C1Nc2ccccc2NC1=C1C(=O)Nc2ccccc21,0.647589488,2.360171237,-9.4,-9.2,2.414,277.0851266
COCCN1CCC(CNC(=O)c2n[nH]c3ccc(-c4ccccc4)cc23)CC1,0.647153718,2.235827093,-8.8,-8.6,3.3181,392.2212261
c1ccc(-c2ccc(CSc3nnc(-c4ccc5c(c4)OCCO5)o3)cc2)cc1,0.412852211,2.143259086,-9.4,-8.4,5.4671,402.1038134
CN1CCN(CCNC(=O)c2ccc(Nc3nccc(-c4ccc(C#N)cc4)n3)cc2)CC1,0.58183308,2.264030949,-9.1,-8.7,2.73608,441.2277085
CSc1nc(-c2ccc(F)cc2)c(-c2ccnc(NC(=O)C3CC3)c2)[nH]1,0.657070904,2.39643739,-9,-7.6,4.3482,368.1107104
Cn1cc(C2=C(c3cn(CCCN4CCOCC4)c4ccccc34)C(=O)NC2=O)c2ccccc21,0.440541409,2.644305013,-9.5,-8.3,3.4225,468.2161408
CN1CCC(CNC(=O)c2cc(-n3ncc(NC(=O)Nc4ccc(Cl)c(Cl)c4)n3)cs2)CC1,0.459463396,2.862240554,-9.5,-8.6,4.3512,507.1010993
c1ccc(-c2ccc(CSc3nnc(-c4ccc5c(c4)OCO5)o3)cc2)cc1,0.425315534,2.104144358,-9.4,-8.9,5.4246,388.0881634
Cn1c(N2CCNC(c3ccc(Cl)cc3)C2)nc(-c2ccccc2)cc1=O,0.757395061,2.76283495,-9.4,-8.6,3.2516,380.140389
CCCC(=O)Nc1n[nH]c2ncc(-c3ccc(Cl)cc3Cl)cc12,0.719004571,2.377350424,-8.4,-8,4.6703,348.0544664
Cn1cc(C2=C(c3ccccc3)C(=O)NC2=O)c2ccccc21,0.74005506,2.152761451,-8.5,-8.3,2.7455,302.1055277
CNC(=O)c1sc(-c2ccnc(NC(=O)C3CC3)c2)nc1OCC1CC1,0.779405599,2.643919268,-7.9,-7,2.702,372.1256115
CCCC(=O)Nc1n[nH]c2ncc(-c3ccc(Cl)cc3)cc12,0.763814227,2.223081599,-8.2,-7.9,4.0169,314.0934388
c1ccc(-c2ccc(CSc3nnc(-c4ccc5c(c4)OCCO5)o3)cc2)cc1,0.412852211,2.143259086,-9.4,-9.2,5.4671,402.1038134
c1ccc(Nc2nccc(-c3cnn4ncccc34)n2)cc1,0.627484971,2.364224756,-8.2,-8.3,2.9299,288.1123444
COCCN1CCC(CNC(=O)c2n[nH]c3cc(-c4ccccc4)ccc23)CC1,0.647153718,2.240086822,-8.4,-8.4,3.3181,392.2212261
COCCN1CCC(CNC(=O)c2n[nH]c3cc(-c4ccccc4)ccc23)CC1,0.647153718,2.240086822,-8.5,-8.4,3.3181,392.2212261
c1ccc(-c2ccc(CSc3nnc(-c4ccc5c(c4)OCCO5)o3)cc2)cc1,0.412852211,2.143259086,-9.4,-9,5.4671,402.1038134
c1ccc(-c2ccc(CSc3nnc(-c4ccc5c(c4)OCCO5)o3)cc2)cc1,0.412852211,2.143259086,-9.4,-8.9,5.4671,402.1038134
c1ccc(-c2ccc(CSc3nnc(-c4ccc5c(c4)OCO5)o3)cc2)cc1,0.425315534,2.104144358,-9.4,-8.9,5.4246,388.0881634
O=C1NCCc2ccc(-c3ccc(SCc4ccc(-c5ccccc5)cc4)o3)cc21,0.398118273,2.412047066,-9,-9.3,6.1918,411.1292999
c1ccc(-c2ccc(CSc3nnc(-c4ccc5c(c4)OCCO5)o3)cc2)cc1,0.412852211,2.143259086,-9.4,-9.1,5.4671,402.1038134
c1ccc(-c2ccc(CSc3nnc(-c4ccc5c(c4)OCCO5)o3)cc2)cc1,0.412852211,2.143259086,-9.4,-9.1,5.4671,402.1038134
CSc1nc(-c2ccc(F)cc2)c(C2=CC=NC(Nc3ccc(NC(=O)c4ccc(N5CCOCC5)cc4)cc3)=NC=C2)n1C,0.229326086,3.233534458,-10,-9.8,6.4866,621.2322225
Clc1ccc(Nc2cc(-c3ccnc(Nc4ccc(N5CCOCC5)cc4)n3)ccn2)cc1Cl,0.332830246,2.401296785,-10,-9.9,6.1692,492.1232147
c1ccc(-c2ccc(CSc3nnc(-c4ccc5c(c4)OCO5)o3)cc2)cc1,0.425315534,2.104144358,-9.4,-8.9,5.4246,388.0881634
CSc1ccc(NC2=C(c3ccc(Cl)cc3)C(=O)NC2=O)cc1,0.657625785,2.261784033,-7.7,-7.4,3.5415,344.0386263
COCCN1CCC(CNC(=O)c2n[nH]c3ccc(-c4cccc(F)c4F)cc23)CC1,0.603439149,2.453145363,-9.1,-8.8,3.5963,428.2023825
N=C1NC(=O)C(=Cc2ccc(-c3ccc(S(N)(=O)=O)cc3)o2)S1,0.727500958,2.751821985,-8.3,-7.8,1.73267,349.0190978
O=C(Nc1ccc(Nc2nccc(-c3cccnc3)n2)cc1)c1ccccc1,0.541478819,1.911966395,-9.3,-8.7,4.5345,367.1433102
c1ccc(-c2ccc(CSc3nnc(-c4ccc5c(c4)OCO5)o3)cc2)cc1,0.425315534,2.104144358,-9.4,-8.9,5.4246,388.0881634
CSc1nc(-c2ccc(Cl)cc2)c(-c2ccnc(NC(=O)C3CC3)c2)[nH]1,0.615884038,2.391606205,-8.7,-7.5,4.8625,384.0811598
CSc1nc(-c2ccc(F)cc2)c(C2=CC=NC(Nc3ccc(NC(=O)c4ccc(N5CCOCC5)cc4)cc3)=NC=C2)n1C,0.229326086,3.233534458,-9.7,-9.4,6.4866,621.2322225
Cn1cc(C2=C(c3cn(CCCN4CCOCC4)c4ccccc34)C(=O)NC2=O)c2ccccc21,0.440541409,2.644305013,-9.6,-8.3,3.4225,468.2161408
N#Cc1cccc(CSc2nc(-c3ccccc3)c(-c3ccc4c(c3)OCO4)o2)c1,0.380155504,2.40867265,-9.8,-8.2,5.90128,412.0881634
CCCC(=O)Nc1n[nH]c2ncc(-c3ccc(Cl)cc3Cl)cc12,0.719004571,2.377350424,-8.4,-8.1,4.6703,348.0544664
COc1ccc2c(-c3ccnc(Nc4ccc(Cl)c(Cl)c4)n3)cnn2n1,0.56439075,2.603694105,-9,-8,4.2453,386.0449644
c1ccc(-c2ccc(CSc3nnc(-c4ccc5c(c4)OCCO5)o3)cc2)cc1,0.412852211,2.143259086,-9.4,-8.9,5.4671,402.1038134
O=C1NC(=O)C(c2ccccc2)=C1Nc1cccc(Cl)c1,0.856775357,2.080552851,-8,-8,2.8196,298.0509053
Cn1cc(C2=C(c3cn(C)c4ccccc34)C(=O)NC2=O)c2ccccc21,0.561396223,2.41960808,-9,-8.3,3.2372,355.1320768
CCCC(=O)Nc1n[nH]c2ccc(-c3ccccn3)cc12,0.769418044,2.166620165,-8,-7.7,3.3635,280.1324111
CSc1nc(-c2ccc(F)cc2)c(C2=CC=NC(Nc3ccc(NC(=O)c4ccc(N5CCOCC5)cc4)cc3)=NC=C2)n1C,0.229326086,3.233534458,-10.1,-10.3,6.4866,621.2322225
COc1cccc(-n2ncc3c(N=NCc4ccccc4)ncnc32)c1,0.510513391,2.656277841,-8.6,-8,4.108,344.1385591
COCCN1CCC(CNC(=O)c2n[nH]c3ccc(-c4ccccc4)cc23)CC1,0.647153718,2.235827093,-8.8,-8.5,3.3181,392.2212261
N=C1NC(=O)C(=Cc2ccc(-c3ccc(Cl)cc3)o2)S1,0.830631159,2.659404864,-7.6,-7.7,3.73867,304.0073262
c1ccc(-c2ccc(CSc3nnc(-c4ccc5c(c4)OCCO5)o3)cc2)cc1,0.412852211,2.143259086,-9.4,-8.5,5.4671,402.1038134
O=C1NC(=O)C(c2cn(CCCN3CCOCC3)c3ccccc23)=C1c1ccccc1,0.629090111,2.407668877,-9.3,-8.2,2.9308,415.1895917
O=C1NCCc2ccc(-c3ccccn3)cc21,0.804957621,2.10782412,-7.5,-7.5,2.0345,224.094963
Cn1cc(C2=C(c3cn(CCCN4CCOCC4)c4ccccc34)C(=O)NC2=O)c2ccccc21,0.440541409,2.644305013,-9.6,-8.6,3.4225,468.2161408
c1ccc(-c2ccc(CSc3nnc(-c4ccc5c(c4)OCCO5)o3)cc2)cc1,0.412852211,2.143259086,-9.3,-9.1,5.4671,402.1038134
Cc1ccc(-c2ccc3[nH]nc(C(=O)NCC4CCN(Cc5ccc(C(=O)O)o5)CC4)c3c2)cn1,0.372153058,2.646457094,-10,-8.7,3.86652,473.2063043
COc1ccc2[nH]nc(C(=O)NCC3CCN(Cc4ccc(C(=O)O)o4)CC3)c2c1,0.545137194,2.458462942,-9.2,-8.4,2.5047,412.1746699
O=C(O)c1ccc(-c2c[nH]c3ccc(-c4ccc(Cl)cc4)cc23)cc1,0.487819231,1.882049313,-9.5,-9.1,5.8535,347.0713064
Clc1ccc(Nc2nccc(-c3cnn4ncccc34)n2)cc1Cl,0.594122222,2.508098079,-8.7,-8.3,4.2367,356.0343997
O=C(O)c1ccc(CN2CCC(CNC(=O)c3n[nH]c4ccc(-c5ccccc5)cc34)CC2)o1,0.3834196,2.45819368,-9.8,-9.4,4.1631,458.1954053
N=C1NC(=O)C(=Cc2ccc(-c3ccc(Cl)cc3)o2)S1,0.830631159,2.659404864,-7.5,-7.7,3.73867,304.0073262
O=C1NC(=O)C(c2ccccc2)=C1Nc1cc(Cl)c(O)c(Cl)c1,0.587526714,2.35591934,-7.9,-8.2,3.1786,348.0068475
c1ccc(-c2ccc(CSc3nnc(-c4ccc5c(c4)OCCO5)o3)cc2)cc1,0.412852211,2.143259086,-9.4,-9.1,5.4671,402.1038134
O=C(NCCc1ccccc1)c1ccc(O)c2[nH]c(-c3ccc(F)cc3)nc12,0.492469209,2.130310109,-9.7,-8.8,4.0471,375.138305
Cn1cc(C2=C(c3cn(CCCN4CCOCC4)c4ccccc34)C(=O)NC2=O)c2ccccc21,0.440541409,2.644305013,-9.5,-8.5,3.4225,468.2161408
CCCC(=O)Nc1n[nH]c2ccc(-c3ccccn3)cc12,0.769418044,2.166620165,-8,-7.6,3.3635,280.1324111
CCCC(=O)Nc1n[nH]c2ccc(-c3ccccc3)cc12,0.758874824,1.967183343,-8.2,-7.9,3.9685,279.1371622
c1ccc(-c2ccc(CSc3nnc(-c4ccc5c(c4)OCCO5)o3)cc2)cc1,0.412852211,2.143259086,-9.4,-9.1,5.4671,402.1038134
Cn1c(N2CCNC(c3ccc(Cl)cc3)C2)nc(-c2ccccc2)cc1=O,0.757395061,2.76283495,-9.3,-8.7,3.2516,380.140389
Cn1c(NCCCc2ccccc2)nc(-c2ccncc2)cc1=O,0.70955838,2.157464013,-7.1,-7.7,2.887,320.1637113
c1ccc(-c2ccc(CSc3nnc(-c4ccc5c(c4)OCCO5)o3)cc2)cc1,0.412852211,2.143259086,-9.4,-9,5.4671,402.1038134
Cn1cc(C2=C(c3cn(CCCN4CCOCC4)c4ccccc34)C(=O)NC2=O)c2ccccc21,0.440541409,2.644305013,-9.5,-8.3,3.4225,468.2161408
c1ccc(-c2ccc(CSc3nnc(-c4ccc5c(c4)OCO5)o3)cc2)cc1,0.425315534,2.104144358,-9.4,-8.9,5.4246,388.0881634
c1ccc(-c2ccc(CSc3nnc(-c4ccc5c(c4)OCO5)o3)cc2)cc1,0.425315534,2.104144358,-9.4,-8.9,5.4246,388.0881634
CSc1nc(-c2ccc(F)cc2)c(-c2ccnc(Nc3ccc(NC(=O)c4ccc(N5CCOCC5)cc4)cc3)c2)n1C,0.190339197,2.676460115,-10.1,-10.3,6.8426,594.2213235
O=C(O)c1ccc(CN2CCC(CNC(=O)c3n[nH]c4ccc(-c5ccc(O)cc5)cc34)CC2)o1,0.319684411,2.563138891,-10.1,-9.6,3.8687,474.1903199
CCCC(=O)Nc1n[nH]c2ncc(-c3ccc(Cl)cc3)cc12,0.763814227,2.223081599,-8.2,-7.8,4.0169,314.0934388
Clc1ccc(Nc2nccc(-c3cnn4ncccc34)n2)cc1Cl,0.594122222,2.508098079,-8.7,-8.3,4.2367,356.0343997
c1ccc(-c2ccc(CSc3nnc(-c4ccc5c(c4)OCO5)o3)cc2)cc1,0.425315534,2.104144358,-9.4,-8.9,5.4246,388.0881634
Clc1ccc(Nc2nccc(-c3cnn4ncccc34)n2)cc1Cl,0.594122222,2.508098079,-8.7,-8.3,4.2367,356.0343997
N=C1NC(=O)C(=Cc2ccc(-c3ccc(S(N)(=O)=O)cc3)o2)S1,0.727500958,2.751821985,-8.4,-7.9,1.73267,349.0190978
CCCC(=O)Nc1n[nH]c2ccc(-c3ccccn3)cc12,0.769418044,2.166620165,-8.1,-7.6,3.3635,280.1324111
N=C1NC(=O)C(=Cc2ccc(-c3ccc(S(N)(=O)=O)cc3)o2)S1,0.727500958,2.751821985,-8.3,-7.8,1.73267,349.0190978
CCCC(=O)Nc1n[nH]c2ccc(-c3ccccn3)cc12,0.769418044,2.166620165,-8.1,-7.6,3.3635,280.1324111
CS(=O)(=O)Nc1ccc(C(=O)Nc2ccc(Nc3cc(-c4cccnc4)ccn3)cc2)cc1,0.374750842,2.166255134,-9.1,-9.2,4.511,459.1365105
c1ccc(-c2ccc(CSc3nnc(-c4ccc5c(c4)OCCO5)o3)cc2)cc1,0.412852211,2.143259086,-9.4,-9,5.4671,402.1038134
N#Cc1ccc(-c2ccc(CSc3nnc(-c4ccc5c(c4)OCO5)o3)cc2)cc1,0.410876371,2.293696678,-9.4,-8.8,5.29628,413.0834123
CCCC(=O)Nc1n[nH]c2ncc(-c3ccccc3)cc12,0.769418044,2.158598475,-8.1,-7.7,3.3635,280.1324111
O=C1NC(=Nc2ccccc2)SC1=Cc1ccc(Cl)cc1,0.842699185,2.552294566,-7.6,-7.6,4.2316,314.0280617
CCCC(=O)Nc1n[nH]c2ccc(-c3ccccc3)cc12,0.758874824,1.967183343,-8.3,-7.9,3.9685,279.1371622
COCCN1CCC(CNC(=O)c2cccc(-n3ncc4cc(Nc5ccccc5Cl)ccc43)c2)CC1,0.30611506,2.454645663,-9.7,-8.7,5.5107,517.2244529
COCCN1CCC(CNC(=O)c2n[nH]c3ccc(-c4ccccc4)cc23)CC1,0.647153718,2.235827093,-8.8,-8.7,3.3181,392.2212261
O=C1NCCc2ccc(-c3ccco3)cc21,0.788869901,2.260862387,-7.2,-7.3,2.2325,213.0789786
c1ccc(-c2ccc(CSc3nnc(-c4ccc5c(c4)OCCO5)o3)cc2)cc1,0.412852211,2.143259086,-9.4,-9.2,5.4671,402.1038134
COc1ccc(-c2ccc(C=C3SC(=N)NC3=O)o2)cc1,0.854100211,2.602257467,-7.8,-7.4,3.09387,300.0568632
c1ccc(-c2ccc(CSc3nnc(-c4ccc5c(c4)OCCO5)o3)cc2)cc1,0.412852211,2.143259086,-9.4,-9,5.4671,402.1038134
NS(=O)(=O)c1ccc(NC2=C(c3ccccc3)C(=O)NC2=O)cc1,0.710156551,2.183088372,-8.4,-8.2,0.8136,343.0626769
Clc1ccccc1Nc1nccc(-c2cnn3ncccc23)n1,0.62407752,2.461172126,-8.4,-8,3.5833,322.073372
COCCN1CCC(CNC(=O)c2n[nH]c3ccc(-c4ccc(Cl)c(Cl)c4)cc23)CC1,0.538721417,2.39481105,-9,-8.1,4.6249,460.1432814
c1ccc(-c2ccc(CSc3nnc(-c4ccc5c(c4)OCCO5)o3)cc2)cc1,0.412852211,2.143259086,-9.4,-9.1,5.4671,402.1038134
CCCC(=O)Nc1n[nH]c2ccc(-c3ccccn3)cc12,0.769418044,2.166620165,-8.1,-7.6,3.3635,280.1324111
c1ccc(-c2ccc(CSc3nnc(-c4ccc5c(c4)OCCO5)o3)cc2)cc1,0.412852211,2.143259086,-9.4,-9.2,5.4671,402.1038134
O=C1NC(=O)C(c2ccccc2)=C1Nc1cc(Cl)c(O)c(Cl)c1,0.587526714,2.35591934,-8.1,-8.2,3.1786,348.0068475
O=C(CN1C(=O)CCc2ccccc21)Nc1scc(Br)c1-c1ncn[nH]1,0.662646379,2.770169182,-9.1,-8.3,3.2136,431.0051578
CCCC(=O)Nc1n[nH]c2ccc(-c3ccccn3)cc12,0.769418044,2.166620165,-8,-7.7,3.3635,280.1324111
O=C(NCCc1ccccc1)c1ccc(O)c2[nH]c(-c3ccc(F)cc3)nc12,0.492469209,2.130310109,-9.6,-8.8,4.0471,375.138305
CCCC(=O)Nc1n[nH]c2ccc(-c3ccccc3)cc12,0.758874824,1.967183343,-8.2,-7.8,3.9685,279.1371622
O=C1NC(=O)C(c2cn(CCCN3CCOCC3)c3ccccc23)=C1c1ccccc1,0.629090111,2.407668877,-9.2,-7.6,2.9308,415.1895917
CCCC(=O)Nc1n[nH]c2ccc(-c3ccccc3)cc12,0.758874824,1.967183343,-8.2,-7.9,3.9685,279.1371622
CCCC(=O)Nc1n[nH]c2ccc(-c3ccccn3)cc12,0.769418044,2.166620165,-8.1,-7.2,3.3635,280.1324111
c1ccc(-c2ccc(CSc3nnc(-c4ccc5c(c4)OCO5)o3)cc2)cc1,0.425315534,2.104144358,-9.4,-8.9,5.4246,388.0881634
O=C(CN1C(=O)Cc2ccccc21)Nc1scc(Br)c1-c1ncn[nH]1,0.68197233,2.820193544,-8.7,-8.3,2.8235,416.9895077
O=C(NCC1CCN(Cc2ccccc2)CC1)c1n[nH]c2ccc(-c3cccc(F)c3F)cc12,0.418402472,2.3570734,-10.6,-9.7,5.1501,460.2074679
CCCC(=O)Nc1n[nH]c2ccc(-c3ccccc3)cc12,0.758874824,1.967183343,-8.2,-7.9,3.9685,279.1371622
CCCC(=O)Nc1n[nH]c2ncc(-c3ccccc3)cc12,0.769418044,2.158598475,-8.1,-7.7,3.3635,280.1324111
O=C1NC(=O)C(c2ccccc2)=C1Nc1cc(Cl)c(O)c(Cl)c1,0.587526714,2.35591934,-8.1,-8.2,3.1786,348.0068475
COCCN1CCC(CNC(=O)c2oc(-c3ccnc(NC(=O)C4CC4)c3)nc2OCC2CC2)CC1,0.45948234,2.868910956,-8.7,-7.8,2.9621,497.2638192
c1ccc(-c2ccc(CSc3nnc(-c4ccc5c(c4)OCO5)o3)cc2)cc1,0.425315534,2.104144358,-9.4,-8.9,5.4246,388.0881634
COCCN1CCC(CNC(=O)c2n[nH]c3ccc(-c4ccc(F)cc4)cc23)CC1,0.625926257,2.300356261,-8.8,-8.6,3.4572,410.2118043
O=C(O)c1ccc(C2=COC=C3C=CC(c4ccccc4)=CC=C32)cc1,0.833104928,2.941866736,-9.5,-8.5,5.2196,340.1099444
c1ccc(-c2ccc(CSc3nnc(-c4ccc5c(c4)OCO5)o3)cc2)cc1,0.425315534,2.104144358,-9.4,-8.9,5.4246,388.0881634
CCCC(=O)Nc1n[nH]c2ncc(-c3ccccc3)cc12,0.769418044,2.158598475,-8.1,-7.7,3.3635,280.1324111
COc1ccc(C(=O)NCC2CCN(Cc3ccc(C(=O)O)o3)CC2)cc1,0.776256123,2.070080807,-7.9,-7.2,2.6284,372.1685219
Cn1c(N2CCNC(c3ccc(Cl)cc3)C2)nc(-c2ccncn2)cc1=O,0.746716529,3.084507731,-9.1,-8.2,2.0416,382.1308869
Clc1ccc(Nc2nccc(-c3ccn4ncccc34)n2)cc1Cl,0.570628438,2.414593024,-8.6,-8.4,4.8417,355.0391507
O=C1NC(=O)C(c2ccc(Cl)c(Cl)c2)=C1Nc1cc(Cl)c(O)c(Cl)c1,0.507544152,2.530197843,-8.3,-8.1,4.4854,415.9289028
Cn1c(N2CCNC(c3ccc(F)cc3)C2)nc(-c2ccccc2)cc1=O,0.776466779,2.767418382,-9.7,-8.8,2.7373,364.1699395
Cn1c(N2CCNC(c3ccc(F)cc3)C2)nc(-c2ccccc2)cc1=O,0.776466779,2.767418382,-9.7,-8.8,2.7373,364.1699395
CSc1nc(-c2ccc(F)cc2)c(C2=CC=NC(Nc3ccc(NC(=O)c4ccc(N5CCOCC5)cc4)cc3)=NC=C2)n1C,0.229326086,3.233534458,-10.3,-10,6.4866,621.2322225
O=C1NC(=O)C(c2cn(CCCN3CCOCC3)c3ccc(Br)cc23)=C1c1ccccc1,0.531451524,2.532345365,-9.3,-8.1,3.6933,493.1001037
O=C(NCC1CCN(Cc2ccc(C(=O)O)o2)CC1)c1cccc(-n2ncc3cc(Nc4ccccc4Cl)ccc32)c1,0.185099221,2.676219885,-9.6,-10.5,6.3557,583.1986321
CSc1nc(-c2ccc(F)cc2)c(C2=CC=NC(Nc3ccc(NC(=O)c4ccc(N5CCOCC5)cc4)cc3)=NC=C2)n1C,0.229326086,3.233534458,-9.7,-9.7,6.4866,621.2322225
c1ccc(-c2ccc(CSc3nnc(-c4ccc5c(c4)OCCO5)o3)cc2)cc1,0.412852211,2.143259086,-9.4,-9.2,5.4671,402.1038134
COCCN1CCC(CNC(=O)c2n[nH]c3cc(-c4ccccc4)ccc23)CC1,0.647153718,2.240086822,-8.6,-8.4,3.3181,392.2212261
c1ccc(-c2ccc(CSc3nnc(-c4ccc5c(c4)OCCO5)o3)cc2)cc1,0.412852211,2.143259086,-9.4,-8.5,5.4671,402.1038134
O=C(Nc1n[nH]c2ncc(-c3ccccc3)cc12)C1CC1,0.773390379,2.155164175,-8.4,-7.9,2.9734,278.1167611
O=C1NC(=O)C(c2ccccc2)=C1Nc1cc(Cl)c(O)c(Cl)c1,0.587526714,2.35591934,-7.9,-8.1,3.1786,348.0068475
O=C1NC(=O)C(c2ccccc2)=C1Nc1cc(Cl)c(O)c(Cl)c1,0.587526714,2.35591934,-7.9,-8.1,3.1786,348.0068475
COCCN1CCC(CNC(=O)c2n[nH]c3ccc(-c4ccccc4)cc23)CC1,0.647153718,2.235827093,-8.8,-8.5,3.3181,392.2212261
COc1cccc(-n2ncc3nc(Nc4ccc(Cl)c(Cl)c4)ncc32)c1,0.541959443,2.313078105,-8.5,-8.3,4.8745,385.0497154
O=C(NC1CCCCC1)c1ccc(O)c2[nH]c(-c3ccc(F)cc3)nc12,0.662185173,2.24889472,-8.9,-8.5,4.1371,353.1539551
O=C1NC(=O)C(c2ccccc2)=C1Nc1cc(Cl)c(O)c(Cl)c1,0.587526714,2.35591934,-8.1,-8.2,3.1786,348.0068475
O=C(Nc1n[nH]c2ncc(-c3ccccc3)cc12)C1CC1,0.773390379,2.155164175,-8.5,-8,2.9734,278.1167611
CCCC(=O)Nc1n[nH]c2ccc(-c3ccccn3)cc12,0.769418044,2.166620165,-8,-7.6,3.3635,280.1324111
Cn1cc(C2=C(c3cn(C)c4ccccc34)C(=O)NC2=O)c2ccccc21,0.561396223,2.41960808,-9,-8.3,3.2372,355.1320768
c1ccc(-c2ccc(CSc3nnc(-c4ccc5c(c4)OCCO5)o3)cc2)cc1,0.412852211,2.143259086,-9.4,-9.1,5.4671,402.1038134
O=C1NC(=O)C(c2ccccc2)=C1Nc1cccc(C(=O)O)c1,0.749380567,2.107175749,-8.6,-8.4,1.8644,308.0797069
O=C1NC(=O)C(c2ccccc2)=C1Nc1cc(Cl)c(O)c(Cl)c1,0.587526714,2.35591934,-7.9,-8.1,3.1786,348.0068475
c1ccc(-c2ccc(CSc3nnc(-c4ccc5c(c4)OCCO5)o3)cc2)cc1,0.412852211,2.143259086,-9.4,-9.1,5.4671,402.1038134
Clc1ccc(Nc2cc(-c3ccnc(Nc4ccc(N5CCOCC5)cc4)n3)ccn2)cc1Cl,0.332830246,2.401296785,-9.8,-9.6,6.1692,492.1232147
COCCN1CCC(CNC(=O)c2n[nH]c3ccc(-c4ccccc4)cc23)CC1,0.647153718,2.235827093,-8.8,-8.6,3.3181,392.2212261
CSc1nc(-c2ccc(F)cc2)c(C2=CC=NC(Nc3ccc(NC(=O)c4ccc(N5CCOCC5)cc4)cc3)=NC=C2)n1C,0.229326086,3.233534458,-10.2,-8.5,6.4866,621.2322225
c1ccc(-c2ccc(CSc3nnc(-c4ccc5c(c4)OCO5)o3)cc2)cc1,0.425315534,2.104144358,-9.4,-8.9,5.4246,388.0881634
O=C1NC(=O)C(c2cn(CCCN3CCOCC3)c3ccccc23)=C1c1coc2ccccc12,0.449108134,2.668609246,-9.8,-8.5,3.677,455.1845063
c1ccc(-c2ccnc(Nc3ccc(-n4cnc(N5CCOCC5)n4)cc3)n2)cc1,0.551364256,2.389081725,-9.5,-9,3.3045,399.1807583
CCCC(=O)Nc1n[nH]c2cc(-c3ccccc3)ccc12,0.758874824,1.979329371,-7.9,-7.6,3.9685,279.1371622
c1ccc(-c2ccc(CSc3nnc(-c4ccc5c(c4)OCCO5)o3)cc2)cc1,0.412852211,2.143259086,-9.4,-9,5.4671,402.1038134
O=C(O)CN1CCC(NC(=O)c2n[nH]c3ccc(-c4cccc(F)c4F)cc23)CC1,0.596475331,2.41158263,-9.1,-9.4,2.7869,414.1503469
O=C(O)CN1CCC(CNC(=O)c2n[nH]c3ccc(-c4ccccc4)cc23)CC1,0.599180564,2.23850613,-9.2,-9.1,2.7563,392.1848406
c1ccc(-c2ccc(CSc3nnc(-c4ccc5c(c4)OCCO5)o3)cc2)cc1,0.412852211,2.143259086,-9.4,-9.1,5.4671,402.1038134
CSc1nc(-c2ccc(F)cc2)c(C2=CC=NC(Nc3ccc(NC(=O)c4ccc(N5CCOCC5)cc4)cc3)=NC=C2)n1C,0.229326086,3.233534458,-10.4,-8.5,6.4866,621.2322225
O=C(Nc1n[nH]c2ncc(-c3ccccc3)cc12)C1CC1,0.773390379,2.155164175,-8.5,-7.9,2.9734,278.1167611
CSc1nc(-c2ccccc2)c(-c2ccnc(NC(=O)C3CC3)c2)[nH]1,0.676359731,2.332860852,-8.5,-7.4,4.2091,350.1201322
O=C(O)c1ccc(CN2CCC(CNC(=O)c3ccnc4[nH]c(-c5ccc(F)cc5)cc34)CC2)o1,0.366730799,2.612458617,-9.5,-8.8,4.3022,476.1859835
Cc1ccc(-c2ccc(CSc3nnc(-c4ccc5c(c4)OCO5)o3)cc2)o1,0.425358737,2.338920056,-9.2,-8.7,5.32602,392.083078
COc1ccc(C(=O)Nc2cncc(C(=O)NCC3CCN(Cc4ccccc4)CC3)c2)cc1,0.533460579,2.090290183,-9.4,-9.1,3.9845,458.2317908
O=C(NCC1CCN(Cc2ccc(C(=O)O)o2)CC1)c1cccc(-n2ncc3cc(Nc4ccccc4Cl)ccc32)c1,0.185099221,2.676219885,-9.5,-10.7,6.3557,583.1986321
Cn1cc(C2=C(c3cn(C)c4cc(Cl)ccc34)C(=O)NC2=O)c2ccccc21,0.528652014,2.534722832,-8.9,-8,3.8906,389.0931044
COCCN1CCC(CNC(=O)c2n[nH]c3ccc(-c4cccc(F)c4F)cc23)CC1,0.603439149,2.453145363,-9.1,-8.8,3.5963,428.2023825
COCCN1CCC(CNC(=O)c2n[nH]c3cc(-c4ccc(Cl)cc4)ccc23)CC1,0.599300035,2.300408781,-8.8,-8.3,3.9715,426.1822538
COCCN1CCC(CNC(=O)c2n[nH]c3ccc(-c4ccccc4)cc23)CC1,0.647153718,2.235827093,-8.8,-8.6,3.3181,392.2212261
c1ccc(-c2ccc(CSc3nnc(-c4ccc5c(c4)OCO5)o3)cc2)cc1,0.425315534,2.104144358,-9.4,-9.1,5.4246,388.0881634
c1ccc(-c2ccc(CSc3nnc(-c4ccc5c(c4)OCCO5)o3)cc2)cc1,0.412852211,2.143259086,-9.4,-9,5.4671,402.1038134
c1ccc(-c2ccc(CSc3nnc(-c4ccc5c(c4)OCCO5)o3)cc2)cc1,0.412852211,2.143259086,-9.4,-9.1,5.4671,402.1038134
COc1ccc2c(C(=O)NCC3CCN(Cc4ccc(C(=O)O)o4)CC3)c[nH]c2c1,0.551392863,2.396552924,-9.2,-8,3.1097,411.1794209
c1ccc(-c2ccc(CSc3nnc(-c4ccc5c(c4)OCO5)o3)cc2)cc1,0.425315534,2.104144358,-9.4,-8.9,5.4246,388.0881634
c1ccc(-c2ccc(CSc3nnc(-c4ccc5c(c4)OCCO5)o3)cc2)cc1,0.412852211,2.143259086,-9.3,-9.1,5.4671,402.1038134
COc1ccc2c(-c3ccnc(Nc4ccc(C(=O)NCCCN5CCN(C)CC5)cc4)n3)cnn2n1,0.333662099,2.727694381,-9.3,-8.9,2.3058,501.2600712
c1ccc(-c2ccc(CSc3nnc(-c4ccc5c(c4)OCCO5)o3)cc2)cc1,0.412852211,2.143259086,-9.4,-9.2,5.4671,402.1038134
COc1ccc(Nc2nccc(-c3ccc4c(c3)C(=O)NCC4)n2)cc1,0.75871459,2.232080097,-9,-8.8,3.1817,346.1429758
CCCC(=O)Nc1n[nH]c2ccc(-c3ccc(C(=O)O)cc3)cc12,0.667395894,2.081131447,-8.7,-7.7,3.6667,323.1269914
O=C(Nc1n[nH]c2ncc(-c3ccccc3)cc12)C1CC1,0.773390379,2.155164175,-8.5,-7.9,2.9734,278.1167611
CSc1nc(-c2ccc(F)cc2)c(C2=CC=NC(Nc3ccc(NC(=O)c4ccc(N5CCOCC5)cc4)cc3)=NC=C2)n1C,0.229326086,3.233534458,-9.8,-9.9,6.4866,621.2322225
c1ccc(-c2ccc(CSc3nnc(-c4ccc5c(c4)OCCO5)o3)cc2)cc1,0.412852211,2.143259086,-9.4,-9,5.4671,402.1038134
O=C(O)c1ccc(CN2CCC(CNC(=O)c3n[nH]c4ccc(-c5ccccc5F)cc34)CC2)o1,0.366730799,2.550089234,-10,-9.5,4.3022,476.1859835
CSc1ccc(NC2=C(c3ccccc3)C(=O)NC2=O)cc1,0.673281968,2.198439841,-7.9,-7.8,2.8881,310.0775987
Cc1ccc2c(-c3ccnc(Nc4ccc(Cl)c(Cl)c4)n3)cnn2n1,0.572506864,2.559103159,-9.1,-8.1,4.54512,370.0500497
CN(C)CC=CC(=O)Nc1ccc(-c2ccc(CSc3nnc(-c4ccc5c(c4)OCCO5)o3)cc2)cc1,0.224294661,2.641411227,-9.2,-7.9,5.5234,528.1831264
Cc1ccc(-c2ccc(CSc3nnc(-c4ccc5c(c4)OCCO5)o3)cc2)cc1,0.384730018,2.194114828,-9.5,-9.5,5.77552,416.1194635
O=C(O)CN1CCC(CNC(=O)c2n[nH]c3ccc(-c4cccc(F)c4F)cc23)CC1,0.560711128,2.45747241,-9.4,-9.3,3.0345,428.165997
c1ccc(-c2ccc(CSc3nnc(-c4ccc5c(c4)OCCO5)o3)cc2)cc1,0.412852211,2.143259086,-9.4,-9.1,5.4671,402.1038134
O=C1Nc2ccccc2NC1=C1C(=O)Nc2ccccc21,0.647589488,2.360171237,-9.5,-9.2,2.414,277.0851266
CSc1ccc(NC2=C(c3ccccc3)C(=O)NC2=O)cc1,0.673281968,2.198439841,-7.8,-7.7,2.8881,310.0775987
O=C(O)CN1CCC(NC(=O)c2n[nH]c3ccc(-c4cccc(F)c4F)cc23)CC1,0.596475331,2.41158263,-9,-9.4,2.7869,414.1503469
c1ccc(-c2ccc(CSc3nnc(-c4ccc5c(c4)OCCO5)o3)cc2)cc1,0.412852211,2.143259086,-9.4,-9.1,5.4671,402.1038134
c1ccc(-c2ccc(CSc3nnc(-c4ccc5c(c4)OCCO5)o3)cc2)cc1,0.412852211,2.143259086,-9.4,-9.2,5.4671,402.1038134
c1ccc(-c2ccc(CSc3nnc(-c4ccc5c(c4)OCO5)o3)cc2)cc1,0.425315534,2.104144358,-9.4,-8.9,5.4246,388.0881634
c1ccc(-c2ccc(CSc3nnc(-c4ccc5c(c4)OCCO5)o3)cc2)cc1,0.412852211,2.143259086,-9.4,-9,5.4671,402.1038134
N#Cc1ccc(-c2ccc(CSc3ccc(-c4ccc5c(c4)OCCO5)o3)cc2)cc1,0.339470238,2.421428286,-9.5,-8.4,6.54878,425.1085645
COCCN1CCC(CNC(=O)c2n[nH]c3ccc(-c4ccccc4)cc23)CC1,0.647153718,2.235827093,-8.8,-8.6,3.3181,392.2212261
c1ccc(-c2ccc(CSc3nnc(-c4ccc5c(c4)OCCO5)o3)cc2)cc1,0.412852211,2.143259086,-9.4,-9.1,5.4671,402.1038134
c1ccc(-c2ccc(CSc3nnc(-c4ccc5c(c4)OCO5)o3)cc2)cc1,0.425315534,2.104144358,-9.4,-8.9,5.4246,388.0881634
c1ccc(-c2ccc(CSc3nnc(-c4ccc5c(c4)OCO5)o3)cc2)cc1,0.425315534,2.104144358,-9.4,-8.9,5.4246,388.0881634
c1ccc(-c2ccc(CSc3nnc(-c4ccc5c(c4)OCO5)o3)cc2)cc1,0.425315534,2.104144358,-9.4,-8.9,5.4246,388.0881634
COc1ccc(-c2ccnc(Nc3ccc(NC(=O)c4ccc(N5CCOCC5)cc4)cc3)c2)cc1,0.35919879,2.143124308,-9.7,-9.5,5.5897,480.2161408
c1ccc(-c2ccc(CSc3nnc(-c4ccc5c(c4)OCCO5)o3)cc2)cc1,0.412852211,2.143259086,-9.4,-8.4,5.4671,402.1038134
Cn1cc(C2=C(c3ccccc3)C(=O)NC2=O)c2cc(Br)ccc21,0.691170916,2.310189591,-8.6,-8.4,3.508,380.0160398
CCCC(=O)Nc1n[nH]c2ccc(-c3ccccn3)cc12,0.769418044,2.166620165,-8,-7.2,3.3635,280.1324111
COc1ccc2[nH]nc(C(=O)NCC3CCN(Cc4ccccc4)CC3)c2c1,0.690995807,2.115609608,-9.2,-8.4,3.2135,378.2055761
c1ccc(-c2ccc(CSc3nnc(-c4ccc5c(c4)OCCO5)o3)cc2)cc1,0.412852211,2.143259086,-9.4,-9,5.4671,402.1038134
NS(=O)(=O)c1ccc(NC2=C(c3ccccc3)C(=O)NC2=O)cc1,0.710156551,2.183088372,-8.3,-7.9,0.8136,343.0626769
N=C1NC(=O)C(=Cc2ccc(-c3ccc(Cl)cc3)o2)S1,0.830631159,2.659404864,-7.5,-7.7,3.73867,304.0073262
CSc1nc(-c2ccc(F)cc2)c(C2=CC=NC(Nc3ccc(NC(=O)c4ccc(N5CCOCC5)cc4)cc3)=NC=C2)n1C,0.229326086,3.233534458,-10,-9.8,6.4866,621.2322225
c1ccc(-c2ccc(CSc3nnc(-c4ccc5c(c4)OCCO5)o3)cc2)cc1,0.412852211,2.143259086,-9.4,-9,5.4671,402.1038134
N=C1NC(=O)C(=Cc2ccc(-c3ccc(Cl)cc3)o2)S1,0.830631159,2.659404864,-7.6,-7.8,3.73867,304.0073262
c1ccc(-c2ccc(CSc3nnc(-c4ccc5c(c4)OCO5)o3)cc2)cc1,0.425315534,2.104144358,-9.4,-8.8,5.4246,388.0881634
Cn1ccc(-c2ccnc(Nc3ccc(-n4cnc(N5CCOCC5)n4)cc3)c2)n1,0.54915868,2.678751993,-8.8,-8.7,2.643,402.1916573
CSc1nc(-c2ccc(F)cc2)c(C2=CC=NC(Nc3ccc(NC(=O)c4ccccc4)cc3)=NC=C2)n1C,0.270377279,3.058869093,-10.2,-9.1,6.65,536.1794586
c1ccc(-c2ccc(CSc3nnc(-c4ccc5c(c4)OCCO5)o3)cc2)cc1,0.412852211,2.143259086,-9.4,-9.1,5.4671,402.1038134
N=C1NC(=O)C(=Cc2ccc(-c3ccc(C(=O)O)cc3)o2)S1,0.755803226,2.645417402,-8.1,-8.2,2.78347,314.0361278
CSc1nc(-c2ccc(F)cc2)c(C2=CC=NC(Nc3ccc(NC(=O)c4ccc(N5CCOCC5)cc4)cc3)=NC=C2)n1C,0.229326086,3.233534458,-9.8,-9.5,6.4866,621.2322225
c1ccc(-c2ccc(CSc3nnc(-c4ccc5c(c4)OCCO5)o3)cc2)cc1,0.412852211,2.143259086,-9.4,-9.2,5.4671,402.1038134
c1ccc(-c2ccc(CSc3nnc(-c4ccc5c(c4)OCO5)o3)cc2)cc1,0.425315534,2.104144358,-9.4,-8.9,5.4246,388.0881634
c1ccc(-c2ccc(CSc3nnc(-c4ccc5c(c4)OCCO5)o3)cc2)cc1,0.412852211,2.143259086,-9.4,-9,5.4671,402.1038134
CCCC(=O)Nc1n[nH]c2ccc(-c3ccccc3)cc12,0.758874824,1.967183343,-8.2,-7.8,3.9685,279.1371622
O=C(Nc1n[nH]c2ncc(-c3ccccc3)cc12)C1CC1,0.773390379,2.155164175,-8.4,-7.9,2.9734,278.1167611
O=C(NCC1CCN(Cc2ccccc2)CC1)c1n[nH]c2ccc(-c3ccccc3)cc12,0.464120718,2.146793483,-8.9,-9.5,4.8719,424.2263115
c1ccc(-c2ccc(CSc3nnc(-c4ccc5c(c4)OCCO5)o3)cc2)cc1,0.412852211,2.143259086,-9.4,-9,5.4671,402.1038134
O=C(CN1C(=O)Cc2ccccc2C1=O)Nc1scc(Cl)c1-c1ncn[nH]1,0.652198107,2.818602086,-8.9,-8.3,2.3502,401.0349379
Clc1ccccc1Nc1nccc(-c2cnn3ncccc23)n1,0.62407752,2.461172126,-8.4,-8,3.5833,322.073372
c1ccc(-c2ccc(CSc3nnc(-c4ccc5c(c4)OCCO5)o3)cc2)cc1,0.412852211,2.143259086,-9.6,-8.3,5.4671,402.1038134
CCCC(=O)Nc1n[nH]c2ncc(-c3ccccc3)cc12,0.769418044,2.158598475,-8.1,-7.7,3.3635,280.1324111
CCCC(=O)Nc1n[nH]c2ncc(-c3ccc(Cl)cc3Cl)cc12,0.719004571,2.377350424,-8.3,-8.1,4.6703,348.0544664
COCCN1CCC(CNC(=O)c2n[nH]c3ccc(-c4ccccc4)cc23)CC1,0.647153718,2.235827093,-8.8,-8.6,3.3181,392.2212261
O=C1NC(=O)C(c2ccccc2)=C1Nc1cc(Cl)c(O)c(Cl)c1,0.587526714,2.35591934,-7.8,-8.2,3.1786,348.0068475
N=C1NC(=O)C(=Cc2ccc(-c3ccc(Cl)cc3)o2)S1,0.830631159,2.659404864,-7.6,-7.8,3.73867,304.0073262
O=C(NCCN1CCOCC1)c1ccc(Nc2cc(-c3ccnc(Nc4ccccc4)c3)ccn2)cc1,0.310863685,2.376988413,-9.1,-9.3,4.6928,494.2430242
CSc1nc(-c2ccc(F)cc2)c(C2=CC=NC(Nc3ccc(NC(=O)c4ccc(N5CCOCC5)cc4)cc3)=NC=C2)n1C,0.229326086,3.233534458,-9.6,-10,6.4866,621.2322225
c1ccc(-c2ccc(CSc3nnc(-c4ccc5c(c4)OCO5)o3)cc2)cc1,0.425315534,2.104144358,-9.4,-8.9,5.4246,388.0881634
O=C(Nc1n[nH]c2ncc(-c3ccccc3)cc12)C1CC1,0.773390379,2.155164175,-8.5,-7.9,2.9734,278.1167611
c1ccc(-c2ccc(CSc3nnc(-c4ccc5c(c4)OCO5)o3)cc2)cc1,0.425315534,2.104144358,-9.4,-8.9,5.4246,388.0881634
COc1ccc2c(-c3ccnc(Nc4ccc(C(=O)NCCCN5CCN(C)CC5)cc4)n3)cnn2n1,0.333662099,2.727694381,-9.3,-8.4,2.3058,501.2600712
CSc1ccc(NC2=C(c3ccccc3)C(=O)NC2=O)cc1,0.673281968,2.198439841,-7.9,-7.7,2.8881,310.0775987
CSc1nc(-c2ccc(F)cc2)c(C2=CC=NC(Nc3ccc(NC(=O)c4ccc(N5CCOCC5)cc4)cc3)=NC=C2)n1C,0.229326086,3.233534458,-9.9,-9.3,6.4866,621.2322225
c1ccc(-c2ccc(CSc3ccc(-c4ccc5c(c4)OCCO5)o3)cc2)cc1,0.349874435,2.24139012,-8.7,-8.3,6.6771,400.1133155
COc1cccc(C2=C(c3cn(C)c4ccccc34)C(=O)NC2=O)c1,0.750397967,2.252396848,-8.2,-7.9,2.7541,332.1160924
O=C(O)c1ccc(CN2CCC(CNC(=O)c3n[nH]c4ccc(-c5ccccc5)cc34)CC2)o1,0.3834196,2.45819368,-9.9,-9.6,4.1631,458.1954053
c1ccc(-c2ccc(CSc3nnc(-c4ccc5c(c4)OCCO5)o3)cc2)cc1,0.412852211,2.143259086,-9.4,-9.1,5.4671,402.1038134
O=C1NCCc2ccc(-c3ccccn3)cc21,0.804957621,2.10782412,-7.5,-7.5,2.0345,224.094963
O=C(Nc1ccc(Nc2nccc(-c3cccnc3)n2)cc1)c1ccc(N2CCOCC2)cc1,0.448730854,2.209035015,-9.4,-10.1,4.3711,452.196074
Clc1ccc(-c2nc(SCc3ccc(-c4ccccc4)cc3)oc2-c2ccc3c(c2)OCCO3)cc1Cl,0.198920124,2.463540628,-10.3,-9.5,9.0459,545.0619199
CSc1nc(-c2ccc(F)cc2)c(C2=CC=NC(Nc3ccc(NC(=O)c4ccc(N5CCOCC5)cc4)cc3)=NC=C2)n1C,0.229326086,3.233534458,-9.9,-9.4,6.4866,621.2322225
c1ccc(-c2ccc(CSc3nnc(-c4ccc5c(c4)OCCO5)o3)cc2)cc1,0.412852211,2.143259086,-9.4,-9,5.4671,402.1038134
O=C(NCC1CCN(CCc2ccccc2)CC1)c1n[nH]c2ccc(-c3ccccc3)cc12,0.430796333,2.204799287,-8.7,-9.5,4.9144,438.2419616
CCCC(=O)Nc1n[nH]c2ncc(-c3ccc(Cl)cc3)cc12,0.763814227,2.223081599,-8.4,-7.8,4.0169,314.0934388
c1ccc(-c2ccc(CSc3nnc(-c4ccc5c(c4)OCCO5)o3)cc2)cc1,0.412852211,2.143259086,-9.4,-8.4,5.4671,402.1038134
O=C1NC(=O)C(c2ccccc2)=C1Nc1cccc(Cl)c1,0.856775357,2.080552851,-8,-8,2.8196,298.0509053
O=C(NCC1CCN(Cc2ccc(C(=O)O)o2)CC1)c1ccc(NC(=O)c2ccnc(NC(=O)C3CC3)c2)cc1,0.301292688,2.522144398,-9.8,-9.1,3.6156,545.2274337
Cn1cc(C2=C(c3ccccc3)C(=O)NC2=O)c2ccccc21,0.74005506,2.152761451,-8.5,-8.3,2.7455,302.1055277
COc1ccc2c(-c3ccnc(Nc4ccccc4Cl)n3)cnn2n1,0.604446714,2.558416884,-8.5,-8.2,3.5919,352.0839367
c1ccc(-c2ccc(CSc3nnc(-c4ccc5c(c4)OCCO5)o3)cc2)cc1,0.412852211,2.143259086,-9.4,-9.2,5.4671,402.1038134
Clc1ccc(Nc2nccc(-c3cnn4ncccc34)n2)cc1Cl,0.594122222,2.508098079,-8.7,-8.3,4.2367,356.0343997
O=C(O)c1ccc(CN2CCC(CNC(=O)c3n[nH]c4ccc(-c5ccccc5)cc34)CC2)o1,0.3834196,2.45819368,-9.8,-9.4,4.1631,458.1954053
CCCC(=O)Nc1n[nH]c2ccc(-c3ccccn3)cc12,0.769418044,2.166620165,-8,-7.7,3.3635,280.1324111
CCCC(=O)Nc1n[nH]c2ccc(-c3ccccn3)cc12,0.769418044,2.166620165,-8,-7.5,3.3635,280.1324111
c1ccc(-c2ccc(CSc3nnc(-c4ccc5c(c4)OCCO5)o3)cc2)cc1,0.412852211,2.143259086,-9.4,-9,5.4671,402.1038134
c1ccc(-c2ccc(CSc3nnc(-c4ccc5c(c4)OCO5)o3)cc2)cc1,0.425315534,2.104144358,-9.4,-8.9,5.4246,388.0881634
N#Cc1ccc(-c2ccc(CSc3nnc(-c4ccc5c(c4)OCO5)o3)cc2)cc1,0.410876371,2.293696678,-9.4,-8.5,5.29628,413.0834123
Clc1ccc(Nc2nccc(-c3cnn4ncccc34)n2)cc1Cl,0.594122222,2.508098079,-8.7,-8.3,4.2367,356.0343997
Clc1ccc(Nc2nccc(-c3cnn4ncccc34)n2)cc1Cl,0.594122222,2.508098079,-9.1,-8.6,4.2367,356.0343997
COc1ccc(C2=C(Nc3ccc(SC)cc3)C(=O)NC2=O)cc1,0.64703128,2.236935293,-7.7,-7.5,2.8967,340.0881634
Cn1cc(C2=C(c3cn(CCCN4CCOCC4)c4ccccc34)C(=O)NC2=O)c2ccccc21,0.440541409,2.644305013,-9.7,-9,3.4225,468.2161408
CCCC(=O)Nc1n[nH]c2ccc(-c3ccccn3)cc12,0.769418044,2.166620165,-8.1,-7.5,3.3635,280.1324111
CSc1nc(-c2ccc(F)cc2)c(C2=CC=NC(Nc3ccc(NC(=O)c4ccc(N5CCOCC5)cc4)cc3)=NC=C2)n1C,0.229326086,3.233534458,-9.9,-8.2,6.4866,621.2322225
CCCC(=O)Nc1n[nH]c2ccc(-c3ccccc3)cc12,0.758874824,1.967183343,-8.2,-7.7,3.9685,279.1371622
O=C1Nc2ccccc2NC1=C1C(=O)Nc2ccccc21,0.647589488,2.360171237,-9.5,-9.2,2.414,277.0851266
c1ccc(-c2ccc(CSc3nnc(-c4ccc5c(c4)OCO5)o3)cc2)cc1,0.425315534,2.104144358,-9.4,-8.9,5.4246,388.0881634
COC1CCC(Nc2ncc3ccc(=O)n(C(C)C)c3n2)CC1,0.939029798,2.61886995,-7.5,-7.5,2.7419,316.189926
O=C(Cn1c(=O)ccc2ccccc21)Nc1scc(Br)c1-c1ncn[nH]1,0.520068719,2.743682413,-8.9,-8.6,3.2493,428.9895077
CSc1nc(-c2ccccc2)c(-c2ccnc(NC(=O)C3CC3)c2)[nH]1,0.676359731,2.332860852,-8.5,-8.1,4.2091,350.1201322
CSc1nc(-c2ccc(F)cc2)c(C2=CC=NC(Nc3ccc(NC(=O)c4ccc(N5CCOCC5)cc4)cc3)=NC=C2)n1C,0.229326086,3.233534458,-9.6,-9.9,6.4866,621.2322225
c1ccc(-c2ccc(CSc3nnc(-c4ccc5c(c4)OCO5)o3)cc2)cc1,0.425315534,2.104144358,-9.4,-8.9,5.4246,388.0881634
O=C1NC(=O)C(c2ccc(Cl)cc2)=C1Nc1cc(Cl)c(O)c(Cl)c1,0.555832498,2.415146091,-8.1,-7.9,3.832,381.9678752
N#Cc1ccc(-c2ccc(CSc3nnc(-c4ccc5c(c4)OCCO5)o3)cc2)cc1,0.397746084,2.328630459,-9.5,-9.3,5.33878,427.0990624
COc1ccc2c(-c3ccnc(Nc4ccc(Cl)c(Cl)c4)n3)cnn2n1,0.56439075,2.603694105,-9,-7.9,4.2453,386.0449644
O=C1NC(=O)C(c2cn(CCCN3CCOCC3)c3ccccc23)=C1c1ccccc1,0.629090111,2.407668877,-9.2,-7.9,2.9308,415.1895917
O=C(NCc1ccccc1)c1ccnc2nc(-c3ccc(F)cc3)[nH]c12,0.591902958,2.091749328,-9.1,-8.2,3.694,346.1229893
Cn1cc(C2=C(c3cn4c5c(cccc35)CNCC4)C(=O)NC2=O)c2cc(Cl)ccc21,0.478479629,2.920131016,-9.7,-9,3.4568,430.1196535
c1ccc(-c2ccc(CSc3nnc(-c4ccc5c(c4)CCO5)o3)cc2)cc1,0.41603401,2.152106446,-8.9,-8.6,5.6308,386.1088988
COc1ccc(C(=O)NCCCN2CCN(CCCNC(=O)c3ccc(OC)cc3)CC2)cc1,0.465240339,1.982971359,-7.8,-7.6,2.2614,468.2736556
CSc1nc(-c2ccc(F)cc2)c(C2=CC=NC(Nc3ccc(NC(=O)c4ccc(N5CCOCC5)cc4)cc3)=NC=C2)n1C,0.229326086,3.233534458,-10,-9.6,6.4866,621.2322225
c1ccc(-c2ccc(CSc3nnc(-c4ccc5c(c4)OCCO5)o3)cc2)cc1,0.412852211,2.143259086,-9.4,-8.4,5.4671,402.1038134
O=C(Nc1n[nH]c2ncc(-c3ccccc3)cc12)C1CC1,0.773390379,2.155164175,-8.5,-7.9,2.9734,278.1167611
CSc1nc(-c2ccc(F)cc2)c(C2=CC=NC(Nc3ccc(NC(=O)c4ccc(N5CCOCC5)cc4)cc3)=NC=C2)n1C,0.229326086,3.233534458,-10.4,-9.6,6.4866,621.2322225
CSc1nc(-c2ccc(F)cc2)c(C2=CC=NC(Nc3ccc(NC(=O)c4ccc(N5CCOCC5)cc4)cc3)=NC=C2)n1C,0.229326086,3.233534458,-9.9,-9.8,6.4866,621.2322225
c1ccc(-c2ccc(CSc3nnc(-c4ccc5c(c4)OCO5)o3)cc2)cc1,0.425315534,2.104144358,-9.4,-8.9,5.4246,388.0881634
c1ccc(-c2ccc(CSc3nnc(-c4ccc5c(c4)OCO5)o3)cc2)cc1,0.425315534,2.104144358,-9.4,-8.9,5.4246,388.0881634
c1ccc(-c2ccc(CSc3nnc(-c4ccc5c(c4)OCO5)o3)cc2)cc1,0.425315534,2.104144358,-9.3,-8.9,5.4246,388.0881634
c1ccc(-c2ccc(CSc3nnc(-c4ccc5c(c4)OCCO5)o3)cc2)cc1,0.412852211,2.143259086,-9.4,-8.4,5.4671,402.1038134
c1cc(-c2ccc(N3CCOCC3)cc2)ccc1CSc1nnc(-c2ccc3c(c2)OCO3)o1,0.351341383,2.372265255,-10,-10.4,5.2612,473.1409272
Cn1cc(C2=C(c3cn(CCCN4CCOCC4)c4ccccc34)C(=O)NC2=O)c2ccccc21,0.440541409,2.644305013,-9.5,-7.9,3.4225,468.2161408
CCCC(=O)Nc1n[nH]c2ccc(-c3ccccn3)cc12,0.769418044,2.166620165,-8,-7.6,3.3635,280.1324111
Cn1cc(C2=C(c3coc4ccccc34)C(=O)NC2=O)c2ccccc21,0.567245536,2.465095951,-9.3,-8.6,3.4917,342.1004423
COc1cccc(C2=C(c3cn(C)c4ccccc34)C(=O)NC2=O)c1,0.750397967,2.252396848,-8.4,-7.8,2.7541,332.1160924
O=C(Cn1c(=O)ccc2ccccc21)Nc1scc(Br)c1-c1ncn[nH]1,0.520068719,2.743682413,-8.9,-8.6,3.2493,428.9895077
CCCC(=O)Nc1n[nH]c2ccc(-c3ccccc3)cc12,0.758874824,1.967183343,-8.2,-7.9,3.9685,279.1371622
COc1ccc2[nH]nc(C(=O)NCC3CCN(Cc4ccco4)CC3)c2c1,0.698999609,2.325828396,-8.9,-7.8,2.8065,368.1848406
c1ccc(-c2ccc(CSc3nnc(-c4ccc5c(c4)OCCO5)o3)cc2)cc1,0.412852211,2.143259086,-9.4,-8.4,5.4671,402.1038134
c1ccc(-c2ccc(CSc3nnc(-c4ccc5c(c4)OCO5)o3)cc2)cc1,0.425315534,2.104144358,-8.9,-8.9,5.4246,388.0881634
N=C1NC(=O)C(=Cc2ccc(-c3ccc(S(N)(=O)=O)cc3)o2)S1,0.727500958,2.751821985,-8.3,-7.8,1.73267,349.0190978
CSc1nc(-c2ccc(F)cc2)c(C2=CC=NC(Nc3ccc(NC(=O)c4ccc(N5CCOCC5)cc4)cc3)=NC=C2)n1C,0.229326086,3.233534458,-9.9,-9.8,6.4866,621.2322225
CCCC(=O)Nc1n[nH]c2ccc(-c3ccccc3)cc12,0.758874824,1.967183343,-8.4,-7.6,3.9685,279.1371622
c1ccc(-c2ccc(CSc3nnc(-c4ccc5c(c4)OCCO5)o3)cc2)cc1,0.412852211,2.143259086,-9.4,-9,5.4671,402.1038134
c1ccc(-c2ccc(CSc3nnc(-c4ccc5c(c4)OCCO5)o3)cc2)cc1,0.412852211,2.143259086,-9.4,-9,5.4671,402.1038134
c1ccc(-c2ccc(CSc3nnc(-c4ccc5c(c4)OCCO5)o3)cc2)cc1,0.412852211,2.143259086,-9.4,-9,5.4671,402.1038134
Clc1ccc(Nc2nccc(-c3cnn4ncccc34)n2)cc1Cl,0.594122222,2.508098079,-8.7,-8.3,4.2367,356.0343997
CCCC(=O)Nc1n[nH]c2ccc(-c3ccc(C(=O)O)cc3)cc12,0.667395894,2.081131447,-8.7,-8.5,3.6667,323.1269914
c1ccc(-c2ccc(CSc3nnc(-c4ccc5c(c4)OCO5)o3)cc2)cc1,0.425315534,2.104144358,-9.4,-8.9,5.4246,388.0881634
COCCN1CCC(CNC(=O)c2n[nH]c3ccc(-c4cccc(F)c4F)cc23)CC1,0.603439149,2.453145363,-9,-8.8,3.5963,428.2023825
c1ccc(-c2ccc(CSc3nnc(-c4ccc5c(c4)OCO5)o3)cc2)cc1,0.425315534,2.104144358,-9.4,-8.9,5.4246,388.0881634
c1ccc(-c2nn3ccccc3c2-c2ccnc(Nc3ccc(-n4cnc(N5CCOCC5)n4)cc3)n2)cc1,0.343227328,2.797950226,-10.4,-10.3,4.6192,515.2182064
O=C1NC(=O)C(c2cn(CCCN3CCOCC3)c3ccccc23)=C1c1cn(CCCN2CCOCC2)c2ccccc12,0.288494664,2.891248962,-9.3,-8.1,3.6078,581.3002047
CCCC(=O)Nc1n[nH]c2ncc(-c3ccccc3)cc12,0.769418044,2.158598475,-8.1,-7.7,3.3635,280.1324111
c1ccc(-c2ccc(CSc3nnc(-c4ccc5c(c4)OCCO5)o3)cc2)cc1,0.412852211,2.143259086,-9.4,-8.5,5.4671,402.1038134
c1ccc(-c2ccc(CSc3nnc(-c4ccc5c(c4)OCO5)o3)cc2)cc1,0.425315534,2.104144358,-9.4,-8.9,5.4246,388.0881634
O=C(O)c1ccc(CN2CCC(CNC(=O)c3n[nH]c4ccc(-c5ccc(O)cc5)cc34)CC2)o1,0.319684411,2.563138891,-10.1,-9.6,3.8687,474.1903199
CS(=O)(=O)Nc1ccc(CCNC(=O)c2ccnc3[nH]c(-c4ccccc4)cc23)cc1,0.413558828,2.274450635,-8.6,-8.6,3.5739,434.1412616
N#Cc1ccc2[nH]c3c(c2c1)NC(=O)Cc1ccccc1-3,0.660052225,2.568081451,-9,-8.5,3.20118,273.090212
c1ccc(-c2ccc(CSc3nnc(-c4ccc5c(c4)OCCO5)o3)cc2)cc1,0.412852211,2.143259086,-9.4,-8.4,5.4671,402.1038134
c1ccc(-c2ccc(CSc3nnc(-c4ccc5c(c4)OCCO5)o3)cc2)cc1,0.412852211,2.143259086,-9.4,-8.9,5.4671,402.1038134
CN(C)CC=CC(=O)Nc1ccc(C(=O)Nc2ccc(-c3ccc(CSc4nnc(-c5ccc6c(c5)OCO6)o4)cc3)cc2)cc1,0.120508619,2.753191571,-9.6,-8.9,6.7332,633.2045901
CCCC(=O)Nc1n[nH]c2ncc(-c3ccccc3)cc12,0.769418044,2.158598475,-8.1,-7.7,3.3635,280.1324111
NC(=O)c1ccccc1Nc1cccc(C(=O)Nc2ccccc2N2CCC(N)CC2)c1,0.477042751,2.149765923,-9.5,-8.3,3.7089,429.2164751
O=C(NCCc1ccccc1)c1ccnc2nc(-c3ccc(F)cc3)[nH]c12,0.56956738,2.129749331,-9.2,-8.1,3.7365,360.1386394
COCCN1CCC(CNC(=O)c2n[nH]c3ccc(-c4ccc(O)cc4)cc23)CC1,0.559095199,2.352971645,-8.7,-8.5,3.0237,408.2161408
Clc1ccc(Nc2nccc(-c3cnn4ncccc34)n2)cc1Cl,0.594122222,2.508098079,-8.7,-8.3,4.2367,356.0343997
N=C1NC(=O)C(=Cc2ccc(-c3ccc(Cl)cc3)o2)S1,0.830631159,2.659404864,-7.6,-7.7,3.73867,304.0073262
c1ccc(-c2ccc(CSc3nnc(-c4ccc5c(c4)OCO5)o3)cc2)cc1,0.425315534,2.104144358,-9.4,-8.9,5.4246,388.0881634
Clc1ccc(Nc2nccc(-c3cnn4ncccc34)n2)cc1Cl,0.594122222,2.508098079,-8.7,-8.3,4.2367,356.0343997
O=C(O)c1ccc(-c2coc3ccc(-c4ccccc4)cc23)cc1,0.545631196,1.840205112,-9.5,-8.9,5.465,314.0942943
COc1cccc(-n2ncc3c(N=NCc4ccccc4)ncnc32)c1,0.510513391,2.656277841,-8.6,-8.1,4.108,344.1385591
CN(C)CC=CC(=O)Nc1ccc(-c2ccc(CSc3nnc(-c4ccc5c(c4)OCCO5)o3)cc2)cc1,0.224294661,2.641411227,-9.2,-8.7,5.5234,528.1831264
O=C1NC(=O)C(c2cn(CCCN3CCOCC3)c3ccccc23)=C1c1ccccc1,0.629090111,2.407668877,-9.2,-7.6,2.9308,415.1895917
O=C1NC(=O)C(c2ccccc2)=C1Nc1cc(Cl)c(O)c(Cl)c1,0.587526714,2.35591934,-7.8,-8.2,3.1786,348.0068475
c1ccc(-c2ccc(CSc3nnc(-c4ccc5c(c4)OCO5)o3)cc2)cc1,0.425315534,2.104144358,-9.4,-8.9,5.4246,388.0881634
CSc1nc(-c2ccc(F)cc2)c(C2=CC=NC(Nc3ccc(NC(=O)c4ccc(N5CCOCC5)cc4)cc3)=NC=C2)n1C,0.229326086,3.233534458,-10.3,-9.7,6.4866,621.2322225
c1ccc(-c2ccc(CSc3nnc(-c4ccc5c(c4)OCCO5)o3)cc2)cc1,0.412852211,2.143259086,-9.4,-9,5.4671,402.1038134
Clc1ccc(Nc2nccc(-c3cnn4ncccc34)n2)cc1Cl,0.594122222,2.508098079,-8.7,-8.3,4.2367,356.0343997
Clc1ccc(Nc2cc(-c3ccnc(Nc4ccc(N5CCOCC5)cc4)n3)ccn2)cc1Cl,0.332830246,2.401296785,-10,-9.9,6.1692,492.1232147
c1ccc(-c2ccc(CSc3nnc(-c4ccc5c(c4)OCO5)o3)cc2)cc1,0.425315534,2.104144358,-9.4,-8.9,5.4246,388.0881634
COCCN1CCC(CNC(=O)c2n[nH]c3ccc(-c4ccccc4)cc23)CC1,0.647153718,2.235827093,-8.8,-8.5,3.3181,392.2212261
c1ccc(-c2ccc(CSc3nnc(-c4ccc5c(c4)OCCO5)o3)cc2)cc1,0.412852211,2.143259086,-9.4,-9,5.4671,402.1038134
c1ccc(-c2ccc(CSc3nnc(-c4ccc5c(c4)OCCO5)o3)cc2)cc1,0.412852211,2.143259086,-9.4,-8.4,5.4671,402.1038134
c1ccc(-c2ccc(CSc3nnc(-c4ccc5c(c4)OCCO5)o3)cc2)cc1,0.412852211,2.143259086,-9.4,-9.1,5.4671,402.1038134
Cn1c(N2CCNC(c3ccccc3)C2)nc(-c2ccccc2)cc1=O,0.791980657,2.705027905,-9.3,-8.4,2.5982,346.1793613
c1ccc(-c2ccc(CSc3nnc(-c4ccc5c(c4)OCO5)o3)cc2)cc1,0.425315534,2.104144358,-9.4,-8.9,5.4246,388.0881634
CCCC(=O)Nc1n[nH]c2ccc(-c3ccc(C(=O)O)cc3)cc12,0.667395894,2.081131447,-8.7,-8.3,3.6667,323.1269914
c1ccc(-c2ccc(CSc3nnc(-c4ccc5c(c4)OCO5)o3)cc2)cc1,0.425315534,2.104144358,-9.4,-8.9,5.4246,388.0881634
c1ccc(-c2ccc(CSc3nnc(-c4ccc5c(c4)OCCO5)o3)cc2)cc1,0.412852211,2.143259086,-9.4,-9.1,5.4671,402.1038134
Clc1ccc(Nc2nccc(-c3cnn4ncccc34)n2)cc1Cl,0.594122222,2.508098079,-8.7,-8.3,4.2367,356.0343997
c1ccc(-c2ccc(CSc3nnc(-c4ccc5c(c4)OCCO5)o3)cc2)cc1,0.412852211,2.143259086,-9.4,-9.1,5.4671,402.1038134
O=C1NC(=O)C(c2cn(CCCN3CCOCC3)c3ccccc23)=C1c1ccccc1,0.629090111,2.407668877,-9.2,-7.6,2.9308,415.1895917
Clc1ccc(Nc2nccc(-c3cnn4ncccc34)n2)cc1Cl,0.594122222,2.508098079,-8.7,-8.3,4.2367,356.0343997
c1ccc(-c2ccc(CSc3nnc(-c4ccc5c(c4)OCO5)o3)cc2)cc1,0.425315534,2.104144358,-9.4,-8.9,5.4246,388.0881634
CCCC(=O)Nc1n[nH]c2ncc(-c3ccccc3)cc12,0.769418044,2.158598475,-8.1,-7.7,3.3635,280.1324111
N=C1NC(=O)C(=Cc2ccc(-c3ccc(C(=O)O)cc3)o2)S1,0.755803226,2.645417402,-8.1,-8.2,2.78347,314.0361278
c1ccc(-c2ccc(CSc3nnc(-c4ccc5c(c4)OCCO5)o3)cc2)cc1,0.412852211,2.143259086,-9.4,-9,5.4671,402.1038134
c1ccc(-c2ccc(CSc3nnc(-c4ccc5c(c4)OCO5)o3)cc2)cc1,0.425315534,2.104144358,-9.4,-8.5,5.4246,388.0881634
CN1CCN(CCNC(=O)c2ccc(Nc3nccc(-c4cnn5ncccc45)n3)cc2)CC1,0.433839735,2.613230169,-9.2,-8.8,1.9071,457.2338565
CCCC(=O)Nc1n[nH]c2ncc(-c3ccccc3)cc12,0.769418044,2.158598475,-8.1,-7.7,3.3635,280.1324111
Cn1cc(C2=C(c3cn4c5c(cccc35)CN(C(=O)N3CCCCC3)CC4)C(=O)NC2=O)c2ccccc21,0.414744286,2.920448694,-9.8,-9.8,4.1217,507.2270398
O=C(Nc1ccc(Nc2cc(-c3cccnc3)ccn2)cc1)c1ccc(N2CCOCC2)cc1,0.430652289,2.196419935,-9.1,-9.8,4.9761,451.200825
CSc1nc(-c2ccc(F)cc2)c(C2=CC=NC(Nc3ccc(NC(=O)c4ccc(N5CCOCC5)cc4)cc3)=NC=C2)n1C,0.229326086,3.233534458,-10,-9.8,6.4866,621.2322225
c1ccc(-c2ccc(CSc3nnc(-c4ccc5c(c4)OCO5)o3)cc2)cc1,0.425315534,2.104144358,-9.4,-8.9,5.4246,388.0881634
O=C1NC(=O)C(c2ccccc2)=C1Nc1cc(Cl)c(O)c(Cl)c1,0.587526714,2.35591934,-7.9,-8.2,3.1786,348.0068475
O=C(Nc1n[nH]c2nc(-c3ccccc3)ccc12)C1CC1,0.773390379,2.158875398,-8.4,-7.5,2.9734,278.1167611
O=C(NCCN1CCOCC1)c1ccc(Nc2nccc(-c3cnn4ncccc34)n2)cc1,0.445462388,2.601570716,-9,-9,1.9919,444.202222
COCCN1CCC(CNC(=O)c2n[nH]c3ccc(-c4ccccc4)cc23)CC1,0.647153718,2.235827093,-8.8,-8.6,3.3181,392.2212261
N#Cc1ccc(-c2ccc(CSc3nnc(-c4ccc5c(c4)OCCO5)o3)cc2)cc1,0.397746084,2.328630459,-9.5,-9.5,5.33878,427.0990624
O=C(Nc1cc(-c2ccnc(NC(=O)C3CC3)c2)ccn1)C1CC1,0.886331622,2.175851356,-8.4,-7.5,2.8406,322.1429758
Cn1cc(C2=C(c3cn(CCCN4CCOCC4)c4ccccc34)C(=O)NC2=O)c2ccccc21,0.440541409,2.644305013,-9.6,-8.3,3.4225,468.2161408
c1ccc(-c2ccc(CSc3nnc(-c4ccc5c(c4)OCCO5)o3)cc2)cc1,0.412852211,2.143259086,-9.4,-9,5.4671,402.1038134
c1ccc(-c2ccc(CSc3nnc(-c4ccc5c(c4)OCCO5)o3)cc2)cc1,0.412852211,2.143259086,-9.5,-9.2,5.4671,402.1038134
O=C(Nc1n[nH]c2ncc(-c3ccccc3)cc12)C1CC1,0.773390379,2.155164175,-8.4,-8.1,2.9734,278.1167611
O=C1NC(=O)C(c2ccccc2)=C1Nc1cc(Cl)c(O)c(Cl)c1,0.587526714,2.35591934,-8.1,-8.2,3.1786,348.0068475
COc1ccc(-c2nnc(SCc3ccc(-c4ccccc4)cc3)o2)cc1,0.404925026,1.87809577,-8.7,-8.3,5.7045,374.1088988
CCCC(=O)Nc1n[nH]c2ccc(-c3ccc(Cl)cc3)cc12,0.737928189,2.037743137,-8.5,-8.1,4.6219,313.0981898
CSc1nc(-c2ccccc2)c(-c2ccnc(NC(=O)C3CC3)c2)[nH]1,0.676359731,2.332860852,-8.6,-8.1,4.2091,350.1201322
CCCC(=O)Nc1n[nH]c2ccc(-c3ccccc3)cc12,0.758874824,1.967183343,-8.3,-7.8,3.9685,279.1371622
c1ccc(-c2ccc(CSc3nnc(-c4ccc5c(c4)OCCO5)o3)cc2)cc1,0.412852211,2.143259086,-9.4,-8.5,5.4671,402.1038134
CSc1ccc(NC2=C(c3ccccc3)C(=O)NC2=O)cc1,0.673281968,2.198439841,-7.7,-7.7,2.8881,310.0775987
c1ccc(-c2ccc(CSc3nnc(-c4ccc5c(c4)OCCO5)o3)cc2)cc1,0.412852211,2.143259086,-9.4,-9.2,5.4671,402.1038134
c1ccc(-c2ccc(CSc3nnc(-c4ccc5c(c4)OCCO5)o3)cc2)cc1,0.412852211,2.143259086,-9.4,-9.1,5.4671,402.1038134
COCCN1CCC(CNC(=O)c2n[nH]c3ccc(-c4ccc(C#N)cc4)cc23)CC1,0.615738827,2.418806781,-9.1,-8.1,3.18978,417.2164751
N=C1NC(=O)C(=Cc2ccc(-c3ccc(S(N)(=O)=O)cc3)o2)S1,0.727500958,2.751821985,-8.3,-7.8,1.73267,349.0190978
O=C(CN1C(=O)CCCc2ccccc21)Nc1scc(Br)c1-c1ncn[nH]1,0.640938963,2.760862057,-8.6,-8.2,3.6037,445.0208079
COc1ccc2[nH]cc(C(=O)NCC3CCN(Cc4ccc(C(=O)O)o4)CC3)c2c1,0.551392863,2.383300866,-8.3,-8.4,3.1097,411.1794209
NS(=O)(=O)c1ccc(NC2=C(c3ccccc3)C(=O)NC2=O)cc1,0.710156551,2.183088372,-8.3,-8.2,0.8136,343.0626769
O=C(Nc1n[nH]c2ccc(-c3ccccn3)cc12)C1CC1,0.773390379,2.163185865,-8.5,-8,2.9734,278.1167611
c1ccc(-c2ccc(CSc3nnc(-c4ccc5c(c4)OCCO5)o3)cc2)cc1,0.412852211,2.143259086,-9.4,-8.4,5.4671,402.1038134
O=C(Nc1n[nH]c2ncc(-c3ccccc3)cc12)C1CC1,0.773390379,2.155164175,-8.5,-7.8,2.9734,278.1167611
CCCC(=O)Nc1n[nH]c2ccc(-c3ccccn3)cc12,0.769418044,2.166620165,-8.1,-7.6,3.3635,280.1324111
c1ccc(-c2ccc(CSc3nnc(-c4ccc5c(c4)OCCO5)o3)cc2)cc1,0.412852211,2.143259086,-9.4,-9.1,5.4671,402.1038134
O=C(NCC1CCN(Cc2ccccc2)CC1)c1cncc(NC(=O)c2ccccc2)c1,0.597086069,2.022850777,-9.7,-9.3,3.9759,428.2212261
c1ccc(-c2ccc(CSc3nnc(-c4ccc5c(c4)OCCO5)o3)cc2)cc1,0.412852211,2.143259086,-9.4,-9.1,5.4671,402.1038134
c1ccc(-c2ccc(CSc3nnc(-c4ccc5c(c4)OCCO5)o3)cc2)cc1,0.412852211,2.143259086,-9.4,-8.4,5.4671,402.1038134
COCCN1CCC(CNC(=O)c2n[nH]c3ccc(-c4ccccc4)cc23)CC1,0.647153718,2.235827093,-8.8,-8.5,3.3181,392.2212261
O=C(O)CN1CCC(CNC(=O)c2n[nH]c3ccc(-c4ccccc4)cc23)CC1,0.599180564,2.23850613,-9.2,-8.9,2.7563,392.1848406
c1ccc(-c2ccc(CSc3nnc(-c4ccc5c(c4)OCO5)o3)cc2)cc1,0.425315534,2.104144358,-9.4,-8.9,5.4246,388.0881634
N=C1NC(=O)C(=Cc2ccc(-c3ccc(S(N)(=O)=O)cc3)o2)S1,0.727500958,2.751821985,-8.3,-7.8,1.73267,349.0190978
c1ccc(-c2ccc(CSc3nnc(-c4ccc5c(c4)OCCO5)o3)cc2)cc1,0.412852211,2.143259086,-9.4,-9,5.4671,402.1038134
O=C(Nc1n[nH]c2ncc(-c3ccccc3)cc12)C1CC1,0.773390379,2.155164175,-8.5,-8,2.9734,278.1167611
O=C(Nc1ccc(Nc2nccc(-c3cccnc3)n2)cc1)c1ccc(N2CCOCC2)cc1,0.448730854,2.209035015,-9.3,-9.9,4.3711,452.196074
c1ccc(-c2ccc(CSc3nnc(-c4ccc5c(c4)OCCO5)o3)cc2)cc1,0.412852211,2.143259086,-9.4,-9.1,5.4671,402.1038134
CCCC(=O)Nc1n[nH]c2ncc(-c3ccc(Cl)cc3Cl)cc12,0.719004571,2.377350424,-8.3,-8,4.6703,348.0544664
c1ccc(-c2ccc(CSc3nnc(-c4ccc5c(c4)OCO5)o3)cc2)cc1,0.425315534,2.104144358,-9.4,-8.9,5.4246,388.0881634
COc1ccc2[nH]nc(C(=O)NCC3CCN(Cc4ccccc4)CC3)c2c1,0.690995807,2.115609608,-9.3,-8.4,3.2135,378.2055761
COCCN1CCC(CNC(=O)c2n[nH]c3ccc(-c4ccccc4)cc23)CC1,0.647153718,2.235827093,-8.8,-8.6,3.3181,392.2212261
CCCC(=O)Nc1n[nH]c2ccc(-c3ccccc3)cc12,0.758874824,1.967183343,-8.3,-7.8,3.9685,279.1371622
O=C(Nc1n[nH]c2ncc(-c3ccccc3)cc12)C1CC1,0.773390379,2.155164175,-8.5,-8,2.9734,278.1167611
c1ccc(-c2ccc(CSc3nnc(-c4ccc5c(c4)OCCO5)o3)cc2)cc1,0.412852211,2.143259086,-9.4,-8.4,5.4671,402.1038134
c1ccc(-c2ccc(CSc3nnc(-c4ccc5c(c4)OCCO5)o3)cc2)cc1,0.412852211,2.143259086,-9.4,-9,5.4671,402.1038134
c1ccc(-c2ccc(CSc3nnc(-c4ccc5c(c4)OCO5)o3)cc2)cc1,0.425315534,2.104144358,-9.4,-8.9,5.4246,388.0881634
c1ccc(-c2ccc(CSc3nnc(-c4ccc5c(c4)OCO5)o3)cc2)cc1,0.425315534,2.104144358,-9.4,-8.9,5.4246,388.0881634
c1ccc(-c2ccc(CSc3nnc(-c4ccc5c(c4)OCCO5)o3)cc2)cc1,0.412852211,2.143259086,-9.4,-9,5.4671,402.1038134
c1ccc(-c2ccc(CSc3nnc(-c4ccc5c(c4)OCCO5)o3)cc2)cc1,0.412852211,2.143259086,-9.4,-9.1,5.4671,402.1038134
c1ccc(-c2ccc(CSc3nnc(-c4ccc5c(c4)OCCO5)o3)cc2)cc1,0.412852211,2.143259086,-9.4,-9.2,5.4671,402.1038134
CCCC(=O)Nc1n[nH]c2ncc(-c3ccccc3)cc12,0.769418044,2.158598475,-8.1,-7.7,3.3635,280.1324111
CCCC(=O)Nc1n[nH]c2ccc(-c3ccccc3)cc12,0.758874824,1.967183343,-8.4,-7.9,3.9685,279.1371622
COCCN1CCC(CNC(=O)c2n[nH]c3ccc(-c4ccc(Cl)cc4)cc23)CC1,0.599300035,2.296246977,-9.1,-8.3,3.9715,426.1822538
O=C1NCCc2ccc(-c3ccc(SCc4ccc(-c5ccccc5)cc4)o3)cc21,0.398118273,2.412047066,-9,-9.3,6.1918,411.1292999
COc1ccc(CCNC(=O)c2ccnc3nc(-c4ccc(F)cc4)[nH]c23)cc1,0.525565473,2.191780306,-8.3,-8.6,3.7451,390.1492041
O=C1Nc2ccccc2NC1=C1C(=O)Nc2ccccc21,0.647589488,2.360171237,-9.4,-9.3,2.414,277.0851266
c1ccc(-c2ccc(CSc3nnc(-c4ccc5c(c4)OCCO5)o3)cc2)cc1,0.412852211,2.143259086,-9.4,-9,5.4671,402.1038134
O=C1NC(=O)C(c2ccccc2)=C1Nc1cccc(C(=O)O)c1,0.749380567,2.107175749,-8.5,-8.4,1.8644,308.0797069
N#Cc1ccc(-c2ccc(CSc3nnc(-c4ccc5c(c4)OCCO5)o3)cc2)cc1,0.397746084,2.328630459,-9.3,-9.5,5.33878,427.0990624
COCCN1CCC(CNC(=O)c2n[nH]c3ccc(-c4ccc(O)cc4)cc23)CC1,0.559095199,2.352971645,-8.6,-8.3,3.0237,408.2161408
CCCC(=O)Nc1n[nH]c2ccc(-c3ccccn3)cc12,0.769418044,2.166620165,-8,-7.5,3.3635,280.1324111
c1ccc(-c2ccc(CSc3nnc(-c4ccc5c(c4)OCO5)o3)cc2)cc1,0.425315534,2.104144358,-9.4,-8.9,5.4246,388.0881634
Cn1cc(C2=C(c3cn(C)c4ccc(F)cc34)C(=O)NC2=O)c2ccccc21,0.54790134,2.523987681,-9.2,-8.6,3.3763,373.122655
c1ccc(-c2ccc(CSc3nnc(-c4ccc5c(c4)OCCO5)o3)cc2)cc1,0.412852211,2.143259086,-9.4,-8.4,5.4671,402.1038134
c1ccc(-c2ccc(CSc3nnc(-c4ccc5c(c4)OCO5)o3)cc2)cc1,0.425315534,2.104144358,-9.4,-8.9,5.4246,388.0881634
CCCC(=O)Nc1n[nH]c2ccc(-c3ccccc3)cc12,0.758874824,1.967183343,-8.3,-7.8,3.9685,279.1371622
O=C1NC(=O)C(c2cn(CCCN3CCOCC3)c3ccccc23)=C1c1ccccc1,0.629090111,2.407668877,-9.2,-7.6,2.9308,415.1895917
Cn1cc(C2=C(c3cn(CCCN4CCOCC4)c4ccccc34)C(=O)NC2=O)c2ccccc21,0.440541409,2.644305013,-9.5,-8.3,3.4225,468.2161408
O=C(Nc1n[nH]c2ncc(-c3ccccc3)cc12)C1CC1,0.773390379,2.155164175,-8.4,-7.8,2.9734,278.1167611
c1ccc(-c2ccc(CSc3nnc(-c4ccc5c(c4)OCCO5)o3)cc2)cc1,0.412852211,2.143259086,-9.4,-8.4,5.4671,402.1038134
CSc1nc(-c2ccc(F)cc2)c(-c2ccnc(NC3CCCCC3)c2)[nH]1,0.552222361,2.45469753,-8.8,-8.2,5.7443,382.162746
CSc1ccc(NC2=C(c3ccccc3)C(=O)NC2=O)cc1,0.673281968,2.198439841,-7.7,-7.7,2.8881,310.0775987
COCCN1CCC(CNC(=O)c2n[nH]c3ccc(-c4ccc(O)cc4)cc23)CC1,0.559095199,2.352971645,-8.7,-8.4,3.0237,408.2161408
CSc1nc(-c2ccc(F)cc2)c(-c2ccnc(NC(=O)C3CC3)c2)[nH]1,0.657070904,2.39643739,-8.7,-8,4.3482,368.1107104
c1ccc(-c2ccc(CSc3nnc(-c4ccc5c(c4)OCCO5)o3)cc2)cc1,0.412852211,2.143259086,-9.4,-9,5.4671,402.1038134
CCCC(=O)Nc1n[nH]c2ccc(-c3ccccn3)cc12,0.769418044,2.166620165,-8,-7.6,3.3635,280.1324111
O=C(O)c1ccc(CN2CCC(CNC(=O)c3n[nH]c4ccc(-c5ccccc5)cc34)CC2)o1,0.3834196,2.45819368,-9.8,-9.3,4.1631,458.1954053
c1ccc(-c2ccc(CSc3nnc(-c4ccc5c(c4)OCCO5)o3)cc2)cc1,0.412852211,2.143259086,-9.4,-9.1,5.4671,402.1038134
c1ccc(-c2ccc(CSc3nnc(-c4ccc5c(c4)OCO5)o3)cc2)cc1,0.425315534,2.104144358,-9.4,-9.1,5.4246,388.0881634
O=C1NC(=O)C(c2ccccc2)=C1Nc1cccc(Cl)c1,0.856775357,2.080552851,-8,-8,2.8196,298.0509053
CCCC(=O)Nc1n[nH]c2ncc(-c3ccc(Cl)cc3)cc12,0.763814227,2.223081599,-8.3,-7.4,4.0169,314.0934388
c1ccc(-c2ccc(CSc3nnc(-c4ccc5c(c4)OCCO5)o3)cc2)cc1,0.412852211,2.143259086,-9.4,-9.1,5.4671,402.1038134
c1ccc(-c2ccc(CSc3nnc(-c4ccc5c(c4)OCO5)o3)cc2)cc1,0.425315534,2.104144358,-9.4,-8.9,5.4246,388.0881634
Clc1ccc(Nc2nccc(-c3cnn4ncccc34)n2)cc1Cl,0.594122222,2.508098079,-8.7,-8.3,4.2367,356.0343997
c1ccc(-c2ccc(CSc3nnc(-c4ccc5c(c4)OCO5)o3)cc2)cc1,0.425315534,2.104144358,-9.4,-8.9,5.4246,388.0881634
N=C1NC(=O)C(=Cc2ccc(-c3ccc(Cl)cc3)o2)S1,0.830631159,2.659404864,-7.5,-7.7,3.73867,304.0073262
CCCC(=O)Nc1n[nH]c2ncc(-c3ccccc3)cc12,0.769418044,2.158598475,-8.1,-7.7,3.3635,280.1324111
N#Cc1ccc(-c2ccc(CSc3nnc(-c4ccc5c(c4)OCO5)o3)cc2)cc1,0.410876371,2.293696678,-9.3,-9.2,5.29628,413.0834123
c1ccc(-c2ccc(CSc3nnc(-c4ccc5c(c4)OCCO5)o3)cc2)cc1,0.412852211,2.143259086,-9.4,-9,5.4671,402.1038134
Cn1c(N2CCOC(c3ccccc3)C2)nc(-c2ccncn2)cc1=O,0.7180665,2.964364544,-8.5,-8.2,1.8152,349.1538748
CCCC(=O)Nc1n[nH]c2ccc(-c3ccccn3)cc12,0.769418044,2.166620165,-8,-7.3,3.3635,280.1324111
c1cnn2ncc(-c3ccnc(Nc4ccc(-n5cnc(N6CCOCC6)n5)cc4)n3)c2c1,0.440078572,2.898664822,-9.8,-9.2,2.3472,440.1821553
CSc1nc(-c2ccc(F)cc2)c(C2=CC=NC(Nc3ccc(NC(=O)c4ccc(N5CCOCC5)cc4)cc3)=NC=C2)n1C,0.229326086,3.233534458,-9.9,-9.9,6.4866,621.2322225
COCCN1CCC(CNC(=O)c2n[nH]c3ccc(-c4ccccc4)cc23)CC1,0.647153718,2.235827093,-8.8,-8.5,3.3181,392.2212261
c1ccc(-c2ccc(CSc3nnc(-c4ccc5c(c4)OCCO5)o3)cc2)cc1,0.412852211,2.143259086,-9.4,-9.1,5.4671,402.1038134
c1ccc(-c2nn3ccccc3c2-c2ccnc(Nc3ccc(-n4cnc(N5CCOCC5)n4)cc3)n2)cc1,0.343227328,2.797950226,-10.5,-10.3,4.6192,515.2182064
N=C1NC(=O)C(=Cc2ccc(-c3ccc(C(=O)O)cc3)o2)S1,0.755803226,2.645417402,-8.1,-8.2,2.78347,314.0361278
O=C(NCC1CCN(Cc2ccc(C(=O)O)o2)CC1)c1cccc(-n2ncc3cc(Nc4ccccc4Cl)ccc32)c1,0.185099221,2.676219885,-9.6,-10.6,6.3557,583.1986321
COCCN1CCC(CNC(=O)c2n[nH]c3ccc(-c4ccccc4)cc23)CC1,0.647153718,2.235827093,-8.6,-8.6,3.3181,392.2212261
Cc1ccc(-c2cc(=O)n(C)c(N3CCNC(c4ccc(F)cc4)C3)n2)cc1,0.761167346,2.813349462,-9.3,-8.5,3.04572,378.1855896
c1ccc(-c2ccc(CSc3nnc(-c4ccc5c(c4)OCO5)o3)cc2)cc1,0.425315534,2.104144358,-9.4,-8.9,5.4246,388.0881634
Clc1ccccc1Nc1nccc(-c2cnn3ncccc23)n1,0.62407752,2.461172126,-8.4,-8,3.5833,322.073372
CSc1nc(-c2ccc(F)cc2)c(C2=CC=NC(Nc3ccc(NC(=O)c4ccccc4)cc3)=NC=C2)n1C,0.270377279,3.058869093,-9.9,-8.8,6.65,536.1794586
c1ccc(-c2ccc(CSc3nnc(-c4ccc5c(c4)OCCO5)o3)cc2)cc1,0.412852211,2.143259086,-9.4,-9,5.4671,402.1038134
c1ccc(-c2ccc(CSc3nnc(-c4ccc5c(c4)OCO5)o3)cc2)cc1,0.425315534,2.104144358,-9.4,-8.9,5.4246,388.0881634
c1ccc(Nc2nccc(-c3cnn4ncccc34)n2)cc1,0.627484971,2.364224756,-8.2,-8.2,2.9299,288.1123444
CSc1nc(-c2ccc(F)cc2)c(C2=CC=NC(Nc3ccc(NC(=O)c4ccc(N5CCOCC5)cc4)cc3)=NC=C2)n1C,0.229326086,3.233534458,-9.7,-9.9,6.4866,621.2322225
O=C(NCCc1ccccc1)c1ccc(O)c2[nH]c(-c3ccc(F)cc3)nc12,0.492469209,2.130310109,-9.6,-8.8,4.0471,375.138305
c1ccc(-c2ccc(CSc3nnc(-c4ccc5c(c4)OCCO5)o3)cc2)cc1,0.412852211,2.143259086,-9.4,-9,5.4671,402.1038134
CSc1nc(-c2ccc(F)cc2)c(C2=CC=NC(Nc3ccc(NC(=O)c4ccc(N5CCOCC5)cc4)cc3)=NC=C2)n1C,0.229326086,3.233534458,-10.1,-9.7,6.4866,621.2322225
c1ccc(-c2ccc(CSc3nnc(-c4ccc5c(c4)OCCO5)o3)cc2)cc1,0.412852211,2.143259086,-9.4,-9.1,5.4671,402.1038134
c1ccc(-c2nn3ccccc3c2-c2ccnc(Nc3ccc(-n4cnc(N5CCOCC5)n4)cc3)n2)cc1,0.343227328,2.797950226,-10.4,-10.4,4.6192,515.2182064
CSc1nc(-c2ccc(F)cc2)c(C2=CC=NC(Nc3ccc(NC(=O)c4ccc(F)cc4)cc3)=NC=C2)n1C,0.257231041,3.103042536,-10.3,-9.3,6.7891,554.1700368
c1ccc(-c2ccc(CSc3nnc(-c4ccc5c(c4)OCO5)o3)cc2)cc1,0.425315534,2.104144358,-9.4,-8.9,5.4246,388.0881634
c1ccc(-c2ccc(CSc3nnc(-c4ccc5c(c4)OCO5)o3)cc2)cc1,0.425315534,2.104144358,-9.4,-8.9,5.4246,388.0881634
CS(=O)(=O)Nc1ccc(CCNC(=O)c2ccc(O)c3[nH]c(-c4ccc(F)cc4)nc23)cc1,0.330886969,2.382750227,-9.5,-8.4,3.4186,468.1267544
COCCN1CCC(CNC(=O)c2n[nH]c3ccc(-c4ccccc4)cc23)CC1,0.647153718,2.235827093,-8.8,-8.5,3.3181,392.2212261
COc1ccc2[nH]nc(C(=O)NCC3CCN(Cc4ccc(C(=O)O)o4)CC3)c2c1,0.545137194,2.458462942,-8.6,-8.4,2.5047,412.1746699
Clc1ccc(Nc2nccc(-c3cnn4ncccc34)n2)cc1Cl,0.594122222,2.508098079,-8.7,-8.1,4.2367,356.0343997
O=C1NC(=O)C(c2cn(CCCN3CCOCC3)c3ccccc23)=C1c1cn(CCCO)c2ccccc12,0.336278322,2.763409564,-9.5,-8.2,3.2679,512.2423555
CCCC(=O)Nc1n[nH]c2ccc(-c3ccccn3)cc12,0.769418044,2.166620165,-8.1,-7.6,3.3635,280.1324111
O=C1Nc2ccccc2NC1=C1C(=O)Nc2ccccc21,0.647589488,2.360171237,-9.4,-9.2,2.414,277.0851266
CSc1ccc(NC2=C(c3ccccc3)C(=O)NC2=O)cc1,0.673281968,2.198439841,-7.8,-7.7,2.8881,310.0775987
O=C(O)c1ccc(CN2CCC(CNC(=O)c3n[nH]c4ccc(-c5ccccc5)cc34)CC2)o1,0.3834196,2.45819368,-9.7,-9.7,4.1631,458.1954053
c1ccc(-c2ccc(CSc3nnc(-c4ccc5c(c4)OCO5)o3)cc2)cc1,0.425315534,2.104144358,-9.4,-8.9,5.4246,388.0881634
CCCC(=O)Nc1n[nH]c2cc(-c3ccccn3)ccc12,0.769418044,2.178766193,-7.9,-7.3,3.3635,280.1324111
O=C(Nc1ccc(Nc2nccc(-c3cccnc3)n2)cc1)c1ccc(N2CCOCC2)cc1,0.448730854,2.209035015,-9.3,-10.1,4.3711,452.196074
CCCC(=O)Nc1n[nH]c2ncc(-c3ccccc3)cc12,0.769418044,2.158598475,-8.1,-7.7,3.3635,280.1324111
NC(=O)c1ccccc1Nc1cc(NC(=O)c2ccc(N3CCOCC3)cc2)ncc1C(F)(F)F,0.486482524,2.450923853,-9.4,-8.7,4.0318,485.1674742
N#Cc1ccccc1-c1ccc(CSc2ccc(-c3ccc4c(c3)C(=O)NCC4)o2)cc1,0.386069634,2.618952741,-9.6,-8.8,6.06348,436.1245489
c1ccc(-c2ccc(CSc3nnc(-c4ccc5c(c4)OCCO5)o3)cc2)cc1,0.412852211,2.143259086,-9.4,-9.1,5.4671,402.1038134
O=C1Nc2ccccc2NC1=C1C(=O)Nc2ccccc21,0.647589488,2.360171237,-9.4,-9.3,2.414,277.0851266
c1ccc(-c2ccc(CSc3nnc(-c4ccc5c(c4)OCCO5)o3)cc2)cc1,0.412852211,2.143259086,-9.4,-9,5.4671,402.1038134
CCCC(=O)Nc1n[nH]c2ccc(-c3ccccn3)cc12,0.769418044,2.166620165,-8,-7.2,3.3635,280.1324111
c1ccc(Nc2nccc(-c3cnn4ncccc34)n2)cc1,0.627484971,2.364224756,-8.2,-8.3,2.9299,288.1123444
CCCC(=O)Nc1n[nH]c2cc(-c3ccc(C(=O)NCCN4CCOCC4)cc3)ccc12,0.505133633,2.337656531,-8.5,-8.3,3.0305,435.2270398
CCCC(=O)Nc1n[nH]c2ccc(-c3ccccc3)cc12,0.758874824,1.967183343,-8.3,-7.6,3.9685,279.1371622
O=C(Nc1n[nH]c2ccc(-c3ccccc3)cc12)C1CC1,0.768445346,1.963749043,-8.7,-8.3,3.5784,277.1215121
c1ccc(-c2ccc(CSc3nnc(-c4ccc5c(c4)OCCO5)o3)cc2)cc1,0.412852211,2.143259086,-9.4,-9,5.4671,402.1038134
COCCN1CCC(CNC(=O)c2cccc(-n3ncc4cc(Nc5ccccc5Cl)ccc43)c2)CC1,0.30611506,2.454645663,-9.7,-8,5.5107,517.2244529
c1ccc(-c2ccc(CSc3nnc(-c4ccc5c(c4)OCO5)o3)cc2)cc1,0.425315534,2.104144358,-9.4,-8.9,5.4246,388.0881634
COCCN1CCC(CNC(=O)c2ccc(Nc3cc(-c4ccc(C)nc4)ccn3)cc2)CC1,0.497174028,2.371740533,-8.7,-8.3,4.28382,459.2634253
O=C(NCCN1CCOCC1)c1ccc(CCNC(=O)c2ccc(O)c3[nH]c(-c4ccc(F)cc4)nc23)cc1,0.263592447,2.520362762,-9.9,-8.8,3.1091,531.2281827
O=C(Nc1n[nH]c2nc(-c3ccccc3)ccc12)C1CC1,0.773390379,2.158875398,-8.3,-7.5,2.9734,278.1167611
c1ccc(-c2ccc(CSc3nnc(-c4ccc5c(c4)OCCO5)o3)cc2)cc1,0.412852211,2.143259086,-9.4,-9.1,5.4671,402.1038134
Cn1cc(C2=C(c3ccccc3)C(=O)NC2=O)c2ccccc21,0.74005506,2.152761451,-8.5,-8.4,2.7455,302.1055277
c1ccc(-c2ccc(CSc3nnc(-c4ccc5c(c4)OCCO5)o3)cc2)cc1,0.412852211,2.143259086,-9.4,-8.4,5.4671,402.1038134
COc1ccc2[nH]nc(C(=O)NCC3CCN(Cc4ccc(C(=O)O)o4)CC3)c2c1,0.545137194,2.458462942,-9.3,-8.4,2.5047,412.1746699
c1ccc(-c2ccc(CSc3nnc(-c4ccc5c(c4)OCCO5)o3)cc2)cc1,0.412852211,2.143259086,-9.4,-8.4,5.4671,402.1038134
CSc1nc(-c2ccc(F)cc2)c(-c2ccnc(NC3CCCC3)c2)[nH]1,0.595830443,2.449623214,-8.9,-7.9,5.3542,368.1470959
N=C1NC(=O)C(=Cc2ccc(-c3ccc(Cl)cc3)o2)S1,0.830631159,2.659404864,-7.6,-7.8,3.73867,304.0073262
COc1ccc(C2=C(c3cn(CCCN4CCOCC4)c4ccccc34)C(=O)NC2=O)cc1,0.566432675,2.459581911,-8.8,-8,2.9394,445.2001563
c1ccc(-c2ccc(CSc3nnc(-c4ccc5c(c4)OCO5)o3)cc2)cc1,0.425315534,2.104144358,-9.4,-8.9,5.4246,388.0881634
CSc1nc(-c2ccc(F)cc2)c(C2=CC=NC(Nc3ccc(NC(=O)c4ccc(N5CCOCC5)cc4)cc3)=NC=C2)n1C,0.229326086,3.233534458,-10.2,-9.6,6.4866,621.2322225
O=C(O)CN1CCC(NC(=O)c2n[nH]c3ccc(-c4cccc(F)c4F)cc23)CC1,0.596475331,2.41158263,-9.3,-9.4,2.7869,414.1503469
CSc1nc(-c2ccc(F)cc2)c(C2=CC=NC(Nc3ccc(NC(=O)c4ccc(N5CCOCC5)cc4)cc3)=NC=C2)n1C,0.229326086,3.233534458,-9.7,-9.8,6.4866,621.2322225
Cn1cc(C2=C(c3cn(CCCN4CCOCC4)c4ccccc34)C(=O)NC2=O)c2ccccc21,0.440541409,2.644305013,-9.6,-8.4,3.4225,468.2161408
c1ccc(CSc2nnc(-c3ccc4c(c3)OCCO4)o2)cc1,0.679772291,2.089739104,-8.5,-8.1,3.8001,326.0725133
COCCN1CCC(CNC(=O)c2n[nH]c3ccc(-c4ccc(Cl)cc4)cc23)CC1,0.599300035,2.296246977,-8.9,-8.1,3.9715,426.1822538
c1ccc(-c2ccc(CSc3nnc(-c4ccc5c(c4)OCO5)o3)cc2)cc1,0.425315534,2.104144358,-9.4,-8.9,5.4246,388.0881634
c1ccc(-c2ccc(CSc3nnc(-c4ccc5c(c4)OCCO5)o3)cc2)cc1,0.412852211,2.143259086,-9.4,-8.9,5.4671,402.1038134
O=C(O)c1ccc(Nc2nccc(-c3ccc4c(c3)C(=O)NCC4)n2)cc1,0.660837,2.286913536,-9.4,-8.9,2.8713,360.1222404
c1ccc(-c2ccc(CSc3nnc(-c4ccc5c(c4)OCCO5)o3)cc2)cc1,0.412852211,2.143259086,-9.4,-9,5.4671,402.1038134
CSc1ccc(NC2=C(c3ccc(Cl)cc3)C(=O)NC2=O)cc1,0.657625785,2.261784033,-7.7,-7.5,3.5415,344.0386263
COc1ccc(C2=C(c3cn(C)c4ccccc34)C(=O)NC2=O)cc1,0.750397967,2.197917108,-8.4,-8.4,2.7541,332.1160924
O=C1NC(=O)C(c2ccccc2Cl)=C1Nc1cc(Cl)c(O)c(Cl)c1,0.555832498,2.459137,-8,-8,3.832,381.9678752
CSc1nc(-c2ccc(F)cc2)c(C2=CC=NC(Nc3ccc(NC(=O)c4ccc(N5CCOCC5)cc4)cc3)=NC=C2)n1C,0.229326086,3.233534458,-10.3,-9.5,6.4866,621.2322225
CSc1nc(-c2ccc(F)cc2)c(C2=CC=NC(Nc3ccc(NC(=O)c4ccc(N5CCOCC5)cc4)cc3)=NC=C2)n1C,0.229326086,3.233534458,-9.6,-9.7,6.4866,621.2322225
CSc1nc(-c2ccccc2)c(-c2ccnc(NC(=O)C3CC3)c2)[nH]1,0.676359731,2.332860852,-8.9,-7.5,4.2091,350.1201322
COc1ccccc1C1=C(c2cn(C)c3ccccc23)C(=O)NC1=O,0.750397967,2.230923609,-8.3,-8.5,2.7541,332.1160924
COCCN1CCC(CNC(=O)c2cccc(-n3ncc4cc(Nc5ccccc5Cl)ccc43)c2)CC1,0.30611506,2.454645663,-9.6,-9.1,5.5107,517.2244529
CS(=O)(=O)Nc1ccc(CCNC(=O)c2cccc3nc(-c4ccc(F)cc4)[nH]c23)cc1,0.397597984,2.268954135,-9.1,-9,3.713,452.1318398
COCCN1CCC(CNC(=O)c2cccc(-n3ncc4cc(Nc5ccccc5Cl)ccc43)c2)CC1,0.30611506,2.454645663,-9.7,-9,5.5107,517.2244529
O=C1NC(=O)C(c2ccccc2)=C1Nc1cc(Cl)c(O)c(Cl)c1,0.587526714,2.35591934,-8.1,-8.2,3.1786,348.0068475
c1ccc(-c2ccc(CSc3nnc(-c4ccc5c(c4)OCCO5)o3)cc2)cc1,0.412852211,2.143259086,-9.4,-9,5.4671,402.1038134
CSc1nc(-c2ccc(F)cc2)c(-c2ccnc(Nc3ccc(NC(=O)c4ccc(N5CCOCC5)cc4)cc3)c2)n1C,0.190339197,2.676460115,-10.2,-9.3,6.8426,594.2213235
Clc1ccc(Nc2cc(-c3ccnc(Nc4ccc(N5CCOCC5)cc4)c3)ccn2)cc1Cl,0.309700459,2.388016939,-9.5,-9.8,6.7742,491.1279657
c1ccc(-c2ccc(CSc3nnc(-c4ccc5c(c4)OCCO5)o3)cc2)cc1,0.412852211,2.143259086,-9.6,-9.2,5.4671,402.1038134
NC(=O)c1ccccc1Nc1cc(Nc2ccc(N3CCOCC3)cc2)ncc1C(F)(F)F,0.504066718,2.454434499,-8.8,-8.7,4.5231,457.1725596
CCCC(=O)Nc1n[nH]c2ccc(-c3ccccn3)cc12,0.769418044,2.166620165,-8.1,-7.5,3.3635,280.1324111
c1ccc(-c2ccc(CSc3nnc(-c4ccc5c(c4)OCCO5)o3)cc2)cc1,0.412852211,2.143259086,-9.4,-9.1,5.4671,402.1038134
c1ccc(-c2ccc(CSc3nnc(-c4ccc5c(c4)OCCO5)o3)cc2)cc1,0.412852211,2.143259086,-9.4,-9.2,5.4671,402.1038134
c1ccc(-c2ccc(CSc3nnc(-c4ccc5c(c4)OCCO5)o3)cc2)cc1,0.412852211,2.143259086,-9.4,-9.2,5.4671,402.1038134
CSc1nc(-c2ccc(F)cc2)c(C2=CC=NC(Nc3ccc(NC(=O)c4ccc(N5CCOCC5)cc4)cc3)=NC=C2)n1C,0.229326086,3.233534458,-10.5,-9.3,6.4866,621.2322225
CSc1nc(-c2ccc(F)cc2)c(C2=CC=NC(Nc3ccc(NC(=O)c4ccc(N5CCOCC5)cc4)cc3)=NC=C2)n1C,0.229326086,3.233534458,-10,-9.3,6.4866,621.2322225
O=C(NCCc1ccccc1)c1ccnc2[nH]c(-c3ccc(F)cc3)nc12,0.56956738,2.128513693,-9.1,-8,3.7365,360.1386394
c1ccc(-c2ccc(CSc3nnc(-c4ccc5c(c4)OCCO5)o3)cc2)cc1,0.412852211,2.143259086,-9.4,-9,5.4671,402.1038134
CCCC(=O)Nc1n[nH]c2ccc(-c3ccccc3)cc12,0.758874824,1.967183343,-8.3,-7.8,3.9685,279.1371622
Fc1ccc(-c2nn3ncccc3c2-c2ccnc(Nc3ccc(-n4cnc(-c5ccccc5)n4)cc3)n2)cc1,0.284999804,2.772802691,-10.6,-11.1,5.9837,525.1825699
c1ccc(-c2ccc(CSc3nnc(-c4ccc5c(c4)OCO5)o3)cc2)cc1,0.425315534,2.104144358,-9.4,-8.9,5.4246,388.0881634
CSc1nc(-c2ccc(F)cc2)c(C2=CC=NC(Nc3ccc(NC(=O)c4ccc(N5CCOCC5)cc4)cc3)=NC=C2)n1C,0.229326086,3.233534458,-9.9,-9.6,6.4866,621.2322225
c1ccc(-c2ccc(CSc3nnc(-c4ccc5c(c4)OCO5)o3)cc2)cc1,0.425315534,2.104144358,-9.4,-8.9,5.4246,388.0881634
c1ccc(-c2ccc(CSc3nnc(-c4ccc5c(c4)OCCO5)o3)cc2)cc1,0.412852211,2.143259086,-9.4,-9.1,5.4671,402.1038134
CCCC(=O)Nc1n[nH]c2ccc(-c3ccccc3)cc12,0.758874824,1.967183343,-8.2,-7.8,3.9685,279.1371622
COCCN1CCC(CNC(=O)c2n[nH]c3ccc(-c4ccccc4)cc23)CC1,0.647153718,2.235827093,-8.7,-8.7,3.3181,392.2212261
c1ccc(-c2ccc(CSc3nnc(-c4ccc5c(c4)OCO5)o3)cc2)cc1,0.425315534,2.104144358,-9.4,-8.9,5.4246,388.0881634
COCCN1CCC(CNC(=O)c2n[nH]c3ccc(-c4ccccc4)cc23)CC1,0.647153718,2.235827093,-8.8,-8.7,3.3181,392.2212261
Cn1c(N2CCNC(c3ccccc3)C2)nc(-c2ccccc2)cc1=O,0.791980657,2.705027905,-9.3,-8.4,2.5982,346.1793613
CCCC(=O)Nc1n[nH]c2ccc(-c3ccccn3)cc12,0.769418044,2.166620165,-8,-7.6,3.3635,280.1324111
O=C1NC(=O)C(c2cn(CCCN3CCOCC3)c3ccccc23)=C1c1cn(CCCO)c2ccccc12,0.336278322,2.763409564,-9.4,-9.2,3.2679,512.2423555
CCCC(=O)Nc1n[nH]c2ccc(-c3ccccc3)cc12,0.758874824,1.967183343,-8.2,-7.8,3.9685,279.1371622
CCCC(=O)Nc1n[nH]c2ccc(-c3ccccc3)cc12,0.758874824,1.967183343,-8.4,-7.9,3.9685,279.1371622
O=C1NC(=O)C(c2cn(CCCN3CCOCC3)c3ccccc23)=C1c1coc2ccccc12,0.449108134,2.668609246,-9.8,-8.1,3.677,455.1845063
COc1ccc2c(-c3ccnc(Nc4ccc(C(=O)NCCCN5CCN(C)CC5)cc4)n3)cnn2n1,0.333662099,2.727694381,-9.3,-8.1,2.3058,501.2600712
c1ccc(-c2ccc(CSc3nnc(-c4ccc5c(c4)OCCO5)o3)cc2)cc1,0.412852211,2.143259086,-9.4,-9,5.4671,402.1038134
CCCC(=O)Nc1n[nH]c2ccc(-c3ccccc3)cc12,0.758874824,1.967183343,-8.3,-7.6,3.9685,279.1371622
NC1CCN(c2ccncc2NC(=O)c2ccc(Nc3nccc(-c4cnn5ncccc45)n3)cc2)CC1,0.315608069,2.854488989,-10.2,-10,3.5047,506.2291055
Clc1ccccc1Nc1cc(-c2ccnc(Nc3ccc(-n4cnc(N5CCOCC5)n4)cc3)n2)ccn1,0.30003291,2.732128615,-10.1,-9.7,5.0965,525.1792341
CSc1nc(-c2ccc(F)cc2)c(C2=CC=NC(Nc3ccc(NC(=O)c4ccc(N5CCOCC5)cc4)cc3)=NC=C2)n1C,0.229326086,3.233534458,-10.4,-8.2,6.4866,621.2322225
Cn1c(N2CCNC(c3ccc(Cl)cc3)C2)nc(-c2ccccc2)cc1=O,0.757395061,2.76283495,-9.4,-8.7,3.2516,380.140389
CSc1nc(-c2ccc(F)cc2)c(C2=CC=NC(Nc3ccc(NC(=O)c4ccc(N5CCOCC5)cc4)cc3)=NC=C2)n1C,0.229326086,3.233534458,-9.9,-9.9,6.4866,621.2322225
Cc1ncn(-c2ccc(Nc3nccc(-c4ccc(N5CCOCC5)cc4)n3)cc2)n1,0.53519534,2.419044339,-9.2,-8.8,3.61292,413.1964084
O=C1NC(=O)C(c2cn(CCCn3ccnc3)c3ccccc23)=C1c1cn(CCCN2CCOCC2)c2ccccc12,0.258385941,2.941352735,-9.3,-7.7,4.1723,562.2692389
c1ccc(-c2ccc(CSc3nnc(-c4ccc5c(c4)OCO5)o3)cc2)cc1,0.425315534,2.104144358,-9.4,-8.9,5.4246,388.0881634
O=C1NC(=O)C(c2cnc3ccccn23)=C1c1cn2c3c(cccc13)CN(C(=O)N1CCCCC1)CC2,0.433179162,3.029255919,-11.6,-9.1,3.2777,494.2066387
COCCN1CCC(CNC(=O)c2n[nH]c3ccc(-c4ccc(Cl)cc4)cc23)CC1,0.599300035,2.296246977,-9,-8.1,3.9715,426.1822538
c1ccc(-c2ccc(CSc3nnc(-c4ccc5c(c4)OCCO5)o3)cc2)cc1,0.412852211,2.143259086,-9.4,-9.1,5.4671,402.1038134
CSc1nc(-c2ccc(F)cc2)c(C2=CC=NC(Nc3ccc(NC(=O)c4ccc(N5CCOCC5)cc4)cc3)=NC=C2)n1C,0.229326086,3.233534458,-10.3,-9.6,6.4866,621.2322225
COc1cccc(-n2ncc3c(N=NCc4ccccc4)ncnc32)c1,0.510513391,2.656277841,-8.5,-8.1,4.108,344.1385591
O=C(NCC1CCN(Cc2ccccc2)CC1)c1n[nH]c2cc(-c3ccccc3)ccc12,0.464120718,2.150604819,-9.3,-9.3,4.8719,424.2263115
COc1cccc(-n2ncc3c(N=NCc4ccccc4)ncnc32)c1,0.510513391,2.656277841,-8.4,-8.1,4.108,344.1385591
COCCN1CCC(CNC(=O)c2n[nH]c3ccc(-c4ccccc4)cc23)CC1,0.647153718,2.235827093,-8.8,-8.6,3.3181,392.2212261
c1ccc(-c2ccc(CSc3nnc(-c4ccc5c(c4)OCCO5)o3)cc2)cc1,0.412852211,2.143259086,-9.4,-9.1,5.4671,402.1038134
c1ccc(-c2ccc(CSc3nnc(-c4ccc5c(c4)OCCO5)o3)cc2)cc1,0.412852211,2.143259086,-9.4,-8.4,5.4671,402.1038134
c1ccc(-c2ccc(CSc3nnc(-c4ccc5c(c4)OCCO5)o3)cc2)cc1,0.412852211,2.143259086,-9.4,-9.1,5.4671,402.1038134
CNC(=O)c1sc(-c2ccnc(NC(=O)C3CC3)c2)nc1OCC1CC1,0.779405599,2.643919268,-7.9,-7,2.702,372.1256115
N=C1NC(=O)C(=Cc2ccc(-c3ccc(C(=O)O)cc3)o2)S1,0.755803226,2.645417402,-8.1,-8.2,2.78347,314.0361278
c1ccc(-c2ccc(CSc3nnc(-c4ccc5c(c4)OCO5)o3)cc2)cc1,0.425315534,2.104144358,-9.4,-8.9,5.4246,388.0881634
O=C(NCC1CCN(Cc2ccc(C(=O)O)o2)CC1)c1cccc(-n2ncc3cc(Nc4ccccc4Cl)ccc32)c1,0.185099221,2.676219885,-9.4,-10.4,6.3557,583.1986321
C=CC(=O)Nc1cccc(C2=C(Nc3ccc(SC)cc3)C(=O)NC2=O)c1,0.407993326,2.528297217,-8.3,-7.7,3.0126,379.0990624
O=C(Nc1n[nH]c2ncc(-c3ccccc3)cc12)C1CC1,0.773390379,2.155164175,-8.5,-8,2.9734,278.1167611
Cn1c(N2CCNC(c3ccc(Cl)cc3)C2)nc(-c2ccncn2)cc1=O,0.746716529,3.084507731,-9.1,-8.3,2.0416,382.1308869
N#Cc1ccc(-c2ccc(CSc3nnc(-c4ccc5c(c4)OCCO5)o3)cc2)cc1,0.397746084,2.328630459,-9.3,-9.5,5.33878,427.0990624
c1ccc(-c2ccc(CSc3nnc(-c4ccc5c(c4)OCCO5)o3)cc2)cc1,0.412852211,2.143259086,-9.4,-9,5.4671,402.1038134
Fc1ccc(-c2nn3ccccc3c2-c2ccnc(Nc3ccccc3)n2)cc1,0.456456144,2.241672614,-10.1,-9.3,5.341,381.1389737
N=C1NC(=O)C(=Cc2ccc(C(=O)NCCc3ccccc3)o2)S1,0.727803834,2.61593247,-8.7,-8.3,2.39077,341.0834123
c1ccc(-c2ccc(CSc3nnc(-c4ccc5c(c4)OCCO5)o3)cc2)cc1,0.412852211,2.143259086,-9.4,-9,5.4671,402.1038134
O=C1NC(=O)C(c2cn(CCCN3CCOCC3)c3ncccc23)=C1c1cn(CCO)c2ccccc12,0.360907772,2.855517457,-8.6,-8.8,2.2728,499.2219544
c1ccc(-c2ccc(CSc3nnc(-c4ccc5c(c4)OCO5)o3)cc2)cc1,0.425315534,2.104144358,-9.4,-8.9,5.4246,388.0881634
COCCN1CCC(CNC(=O)c2n[nH]c3ccc(-c4ccccc4)cc23)CC1,0.647153718,2.235827093,-8.8,-8.6,3.3181,392.2212261
c1ccc(-c2ccc(CSc3nnc(-c4ccc5c(c4)OCO5)o3)cc2)cc1,0.425315534,2.104144358,-9.4,-8.9,5.4246,388.0881634
O=C(NCCN1CCOCC1)c1ccc(-c2ccnc(Nc3ccc(N4CCOCC4)cc3)c2)cc1,0.504301983,2.332012753,-9.1,-8.8,3.3908,487.2583399
c1cnn2ncc(-c3ccnc(Nc4ccc(-n5cnc(N6CCOCC6)n5)cc4)n3)c2c1,0.440078572,2.898664822,-9.8,-9.2,2.3472,440.1821553
Cc1ccc2c(-c3ccnc(Nc4ccccc4Cl)n3)c(-c3ccccc3)nn2n1,0.418278238,2.472168438,-9.8,-9.3,5.55872,412.1203222
O=C(NCC1CCN(Cc2ccccc2)CC1)c1cncc(NC(=O)c2ccccc2)c1,0.597086069,2.022850777,-9.7,-8.2,3.9759,428.2212261
CSc1ccc(NC2=C(c3ccccc3)C(=O)NC2=O)cc1Cl,0.657625785,2.377205572,-8.1,-8,3.5415,344.0386263
Clc1ccccc1Nc1nccc(-c2ccnc(Nc3ccc(N4CCOCC4)cc3)n2)n1,0.420163495,2.37951373,-9.6,-10.2,4.9108,459.157436
c1ccc(-c2ccc(CSc3nnc(-c4ccc5c(c4)OCO5)o3)cc2)cc1,0.425315534,2.104144358,-9.4,-8.9,5.4246,388.0881634
N=C1NC(=O)C(=Cc2ccc(-c3ccc(Cl)cc3)o2)S1,0.830631159,2.659404864,-7.6,-7.8,3.73867,304.0073262
CCCC(=O)Nc1n[nH]c2ncc(-c3ccccc3)cc12,0.769418044,2.158598475,-8.1,-7.7,3.3635,280.1324111
O=C(Nc1ccccc1)c1ccc(Nc2nccc(-c3cnn4ncccc34)n2)cc1,0.453592705,2.349968587,-9.8,-9.2,4.1822,407.1494582
N#Cc1ccc(-c2ccc(CSc3nnc(-c4ccc5c(c4)OCCO5)o3)cc2)cc1,0.397746084,2.328630459,-9.5,-9.4,5.33878,427.0990624
c1ccc(-c2ccc(CSc3nnc(-c4ccc5c(c4)OCCO5)o3)cc2)cc1,0.412852211,2.143259086,-9.4,-9,5.4671,402.1038134
O=C(NCC1CCN(Cc2ccc(C(=O)O)o2)CC1)c1cccc(-n2ncc3cc(Nc4ccccc4Cl)ccc32)c1,0.185099221,2.676219885,-10.1,-9.2,6.3557,583.1986321
CCCC(=O)Nc1n[nH]c2ccc(-c3ccccc3)cc12,0.758874824,1.967183343,-8.4,-7.8,3.9685,279.1371622
c1ccc(-c2ccc(CSc3nnc(-c4ccc5c(c4)OCCO5)o3)cc2)cc1,0.412852211,2.143259086,-9.4,-9,5.4671,402.1038134
Cn1cc(C2=C(c3cn(CCCN4CCOCC4)c4ccccc34)C(=O)NC2=O)c2ccccc21,0.440541409,2.644305013,-9.5,-8.3,3.4225,468.2161408
COCCN1CCC(CNC(=O)c2ccc(Nc3nccc(-c4cnn5ncccc45)n3)cc2)CC1,0.371617117,2.696018213,-9.2,-8.5,3.0181,486.2491722
COc1ccc(C2=C(c3cn(C)c4ccccc34)C(=O)NC2=O)cc1OC,0.724833369,2.285521306,-8.6,-8.1,2.7627,362.1266571
c1ccc(-c2ccc(CSc3nnc(-c4ccc5c(c4)OCCO5)o3)cc2)cc1,0.412852211,2.143259086,-9.4,-8.4,5.4671,402.1038134
CSc1ccc(NC2=C(c3ccccc3)C(=O)NC2=O)cc1,0.673281968,2.198439841,-7.7,-7.8,2.8881,310.0775987
c1ccc(-c2ccc(CSc3nnc(-c4ccc5c(c4)OCCO5)o3)cc2)cc1,0.412852211,2.143259086,-9.4,-9.1,5.4671,402.1038134
N=C1NC(=O)C(=Cc2ccc(-c3ccc(C(=O)O)cc3)o2)S1,0.755803226,2.645417402,-8.1,-8.1,2.78347,314.0361278
c1ccc(-c2ccc(CSc3nnc(-c4ccc5c(c4)OCCO5)o3)cc2)cc1,0.412852211,2.143259086,-9.4,-8.3,5.4671,402.1038134
NC(=O)c1cnc(-c2ccnc(NC(=O)C3CC3)c2)cc1NC(=O)C1CC1,0.720766359,2.322503193,-8.6,-7.5,1.9395,365.1487895
c1ccc(-c2ccc(CSc3nnc(-c4ccc5c(c4)OCCO5)o3)cc2)cc1,0.412852211,2.143259086,-9.4,-8.4,5.4671,402.1038134
O=C(NCCN1CCOCC1)c1ccc(-c2ccnc(NC(=O)C3CC3)c2)cc1,0.751957067,2.125539647,-8.6,-7.5,2.1591,394.2004907
N#Cc1ccc(-c2ccc(CSc3nnc(-c4ccc5c(c4)OCCO5)o3)cc2)cc1,0.397746084,2.328630459,-9.3,-8.8,5.33878,427.0990624
CSc1nc(-c2ccc(F)cc2)c(C2=CC=NC(Nc3ccc(NC(=O)c4ccccc4)cc3)=NC=C2)n1C,0.270377279,3.058869093,-10.2,-9.1,6.65,536.1794586
N=C1NC(=O)C(=Cc2ccc(-c3ccc(Cl)cc3)o2)S1,0.830631159,2.659404864,-7.6,-7.8,3.73867,304.0073262
CSc1nc(-c2ccc(F)cc2)c(C2=CC=NC(Nc3ccc(NC(=O)c4ccc(N5CCOCC5)cc4)cc3)=NC=C2)n1C,0.229326086,3.233534458,-9.7,-10.2,6.4866,621.2322225
N=C1NC(=O)C(=Cc2ccc(-c3ccc(Cl)cc3)o2)S1,0.830631159,2.659404864,-7.6,-7.7,3.73867,304.0073262
c1ccc(-c2ccc(CSc3nnc(-c4ccc5c(c4)OCCO5)o3)cc2)cc1,0.412852211,2.143259086,-9.4,-9,5.4671,402.1038134
c1ccc(-c2ccc(CSc3nnc(-c4ccc5c(c4)OCCO5)o3)cc2)cc1,0.412852211,2.143259086,-9.4,-9.1,5.4671,402.1038134
c1ccc(-c2ccc(CSc3nnc(-c4ccc5c(c4)OCCO5)o3)cc2)cc1,0.412852211,2.143259086,-9.4,-8.5,5.4671,402.1038134
COc1ccc2[nH]nc(C(=O)NCC3CCN(Cc4ccc(C(=O)O)o4)CC3)c2c1,0.545137194,2.458462942,-9.1,-8.3,2.5047,412.1746699
O=C(NCC1CCN(Cc2ccc(C(=O)O)o2)CC1)c1cccc(-n2ncc3cc(Nc4ccccc4Cl)ccc32)c1,0.185099221,2.676219885,-9.4,-10.5,6.3557,583.1986321
O=C(Nc1ccc(Nc2nccc(-c3cccnc3)n2)cc1)c1ccc(N2CCOCC2)cc1,0.448730854,2.209035015,-9.4,-10.1,4.3711,452.196074
O=C(NCC1CCN(Cc2ccc(C(=O)O)o2)CC1)c1cccc(-n2ncc3cc(Nc4ccccc4Cl)ccc32)c1,0.185099221,2.676219885,-9.7,-10.7,6.3557,583.1986321
O=C(O)c1ccc(-c2occ3ccc(-c4ccccc4)cc23)cc1,0.545631196,2.039991266,-9.5,-9.5,5.465,314.0942943
c1ccc(-c2ccc(CSc3nnc(-c4ccc5c(c4)OCCO5)o3)cc2)cc1,0.412852211,2.143259086,-9.4,-8.9,5.4671,402.1038134
c1ccc(-c2ccc(CSc3nnc(-c4ccc5c(c4)OCCO5)o3)cc2)cc1,0.412852211,2.143259086,-9.4,-9.1,5.4671,402.1038134
N=C1NC(=O)C(=Cc2ccc(-c3ccc(Cl)cc3)o2)S1,0.830631159,2.659404864,-7.5,-7.7,3.73867,304.0073262
O=C1NCCc2ccc(-c3cccc(Nc4ccc(N5CCOCC5)cc4)n3)cc21,0.700352345,2.394358216,-9.7,-9.6,3.6147,400.189926
Clc1ccccc1Nc1nccc(-c2cnn3ncccc23)n1,0.62407752,2.461172126,-8.4,-8.1,3.5833,322.073372
N=C1NC(=O)C(=Cc2ccc(-c3ccc(S(N)(=O)=O)cc3)o2)S1,0.727500958,2.751821985,-8.3,-7.8,1.73267,349.0190978
CCCC(=O)Nc1n[nH]c2ccc(-c3ccccc3)cc12,0.758874824,1.967183343,-8.3,-7.8,3.9685,279.1371622
CSc1ccc(NC2=C(c3ccc(O)cc3)C(=O)NC2=O)cc1,0.59446766,2.33770782,-7.8,-7.5,2.5937,326.0725133
c1ccc(-c2ccc(CSc3nnc(-c4ccc5c(c4)OCCO5)o3)cc2)cc1,0.412852211,2.143259086,-9.5,-8.3,5.4671,402.1038134
Cn1cc(C2=C(c3ccc(Cl)cc3)C(=O)NC2=O)c2ccccc21,0.72915021,2.217076243,-8.1,-8.4,3.3989,336.0665553
CCCC(=O)Nc1n[nH]c2ncc(-c3ccc(Cl)cc3)cc12,0.763814227,2.223081599,-8.2,-7.7,4.0169,314.0934388
NC(=O)c1nc(-c2ccccc2)c(-c2ccc(F)cc2)[nH]1,0.774314768,2.07336439,-8.2,-7.8,2.9817,281.0964402
c1ccc(-c2ccc(CSc3nnc(-c4ccc5c(c4)OCO5)o3)cc2)cc1,0.425315534,2.104144358,-9.4,-9,5.4246,388.0881634
CSc1nc(-c2ccccc2)c(-c2ccnc(NC(=O)C3CC3)c2)[nH]1,0.676359731,2.332860852,-8.9,-7.6,4.2091,350.1201322
c1ccc(-c2ccc(CSc3nnc(-c4ccc5c(c4)OCCO5)o3)cc2)cc1,0.412852211,2.143259086,-9.4,-8.4,5.4671,402.1038134
c1ccc(-c2ccc(CSc3nnc(-c4ccc5c(c4)OCCO5)o3)cc2)cc1,0.412852211,2.143259086,-9.4,-9.1,5.4671,402.1038134
CCCC(=O)Nc1n[nH]c2ccc(-c3ccccn3)cc12,0.769418044,2.166620165,-8.2,-7.6,3.3635,280.1324111
c1ccc(-c2ccc(CSc3nnc(-c4ccc5c(c4)OCCO5)o3)cc2)cc1,0.412852211,2.143259086,-9.4,-8.4,5.4671,402.1038134
Cn1cc(C2=C(c3cn(CCCN4CCOCC4)c4ccccc34)C(=O)NC2=O)c2ccccc21,0.440541409,2.644305013,-9.7,-8.3,3.4225,468.2161408
c1ccc(-c2ccc(CSc3nnc(-c4ccc5c(c4)OCCO5)o3)cc2)cc1,0.412852211,2.143259086,-9.4,-8.4,5.4671,402.1038134
CSc1ccc(NC2=C(c3ccccc3)C(=O)NC2=O)cc1,0.673281968,2.198439841,-7.9,-7.7,2.8881,310.0775987
CCCC(=O)Nc1n[nH]c2ccc(-c3ccccn3)cc12,0.769418044,2.166620165,-8,-7.6,3.3635,280.1324111
c1ccc(-c2ccc(CSc3nnc(-c4ccc5c(c4)OCO5)o3)cc2)cc1,0.425315534,2.104144358,-9.4,-8.9,5.4246,388.0881634
COc1ccc2c(-c3ccnc(Nc4ccc(C(=O)NCCN5CCN(C)CC5)cc4)n3)cnn2n1,0.384807563,2.712657769,-9.5,-8.9,1.9157,487.2444212
CSc1nc(-c2ccc(F)cc2)c(C2=CC=NC(Nc3ccc(NC(=O)c4ccc(N5CCOCC5)cc4)cc3)=NC=C2)n1C,0.229326086,3.233534458,-9.9,-8.1,6.4866,621.2322225
CSc1nc(-c2ccc(F)cc2)c(-c2ccnc(Nc3ccc(NC(=O)c4ccc(F)cc4)cc3)c2)n1C,0.220115054,2.477710985,-10.1,-9.9,7.1451,527.1591378
O=C(Nc1n[nH]c2ncc(-c3ccccc3)cc12)C1CC1,0.773390379,2.155164175,-8.5,-7.9,2.9734,278.1167611
CSc1nc(-c2ccc(F)cc2)c(C2=CC=NC(Nc3ccc(NC(=O)c4ccc(N5CCOCC5)cc4)cc3)=NC=C2)n1C,0.229326086,3.233534458,-10.3,-9.9,6.4866,621.2322225
c1ccc(-c2ccc(CSc3nnc(-c4ccc5c(c4)OCO5)o3)cc2)cc1,0.425315534,2.104144358,-9.4,-8.9,5.4246,388.0881634
O=C(NCCN1CCOCC1)c1ccc(-c2ccnc(NC(=O)C3CC3)c2)cc1,0.751957067,2.125539647,-8.8,-7.5,2.1591,394.2004907
N#Cc1ccc(-c2ccc(CSc3nnc(-c4ccc5c(c4)OCCO5)o3)cc2)cc1,0.397746084,2.328630459,-9.4,-9.5,5.33878,427.0990624
O=C(NCC1CCN(Cc2ccccc2)CC1)c1n[nH]c2ccc(-c3ccccc3)cc12,0.464120718,2.146793483,-8.8,-9.4,4.8719,424.2263115
O=C(O)c1ccc(CN2CCC(CNC(=O)c3n[nH]c4ccc(-c5ccccc5)cc34)CC2)o1,0.3834196,2.45819368,-9.9,-9.5,4.1631,458.1954053
c1ccc(-c2ccc(CSc3nnc(-c4ccc5c(c4)OCO5)o3)cc2)cc1,0.425315534,2.104144358,-9.4,-8.9,5.4246,388.0881634
c1ccc(-c2ccc(CSc3ccc(-c4ccc5c(c4)OCCO5)o3)cc2)cc1,0.349874435,2.24139012,-8.5,-9,6.6771,400.1133155
O=C1NC(=O)C(c2cn(CCCN3CCOCC3)c3ccccc23)=C1c1ccccc1,0.629090111,2.407668877,-9.3,-7.6,2.9308,415.1895917
COCCN1CCC(CNC(=O)c2n[nH]c3ccc(-c4ccc(O)cc4)cc23)CC1,0.559095199,2.352971645,-8.6,-8.5,3.0237,408.2161408
c1ccc(-c2ccc(CSc3nnc(-c4ccc5c(c4)OCO5)o3)cc2)cc1,0.425315534,2.104144358,-9.4,-8.9,5.4246,388.0881634
CCCC(=O)Nc1n[nH]c2ncc(-c3ccccc3)cc12,0.769418044,2.158598475,-8.1,-7.7,3.3635,280.1324111
C[S+]([O-])c1ccc(-c2coc3ccc(-c4ccc(C(=O)O)cc4)cc23)cc1,0.496740449,3.080404258,-9.5,-8.7,5.2024,376.07693
COCCN1CCC(CNC(=O)c2n[nH]c3ccc(-c4ccccc4)cc23)CC1,0.647153718,2.235827093,-8.8,-8.5,3.3181,392.2212261
c1ccc(-c2ccc(CSc3nnc(-c4ccc5c(c4)OCCO5)o3)cc2)cc1,0.412852211,2.143259086,-9.4,-9.1,5.4671,402.1038134
c1ccc(-c2ccc(CSc3nnc(-c4ccc5c(c4)OCCO5)o3)cc2)cc1,0.412852211,2.143259086,-9.4,-9.1,5.4671,402.1038134
COCCN1CCC(CNC(=O)c2n[nH]c3ccc(-c4ccccc4)cc23)CC1,0.647153718,2.235827093,-8.8,-8.5,3.3181,392.2212261
c1ccc(-c2ccc(CSc3nnc(-c4ccc5c(c4)OCO5)o3)cc2)cc1,0.425315534,2.104144358,-9.4,-8.9,5.4246,388.0881634
c1ccc(-c2ccc(CSc3nnc(-c4ccc5c(c4)OCCO5)o3)cc2)cc1,0.412852211,2.143259086,-9.4,-9.1,5.4671,402.1038134
c1ccc(Nc2nccc(-c3c(-c4ccccc4)nn4ccccc34)n2)cc1,0.476625669,2.176317435,-9.8,-9,5.2019,363.1483955
COCCN1CCC(CNC(=O)c2cccc(-n3ncc4cc(Nc5ccccc5Cl)ccc43)c2)CC1,0.30611506,2.454645663,-9.7,-9.1,5.5107,517.2244529
c1ccc(-c2ccc(CSc3nnc(-c4ccc5c(c4)OCO5)o3)cc2)cc1,0.425315534,2.104144358,-9.4,-8.9,5.4246,388.0881634
NS(=O)(=O)c1ccc(NC2=C(c3ccccc3)C(=O)NC2=O)cc1,0.710156551,2.183088372,-8.4,-7.8,0.8136,343.0626769
c1ccc(-c2ccc(CSc3nnc(-c4ccc5c(c4)OCCO5)o3)cc2)cc1,0.412852211,2.143259086,-9.4,-8.4,5.4671,402.1038134
Clc1ccc(Nc2nccc(-c3cnn4ncccc34)n2)cc1Cl,0.594122222,2.508098079,-8.7,-8.3,4.2367,356.0343997
O=C1NC(=O)C(c2ccc(O)cc2)=C1Nc1cc(Cl)c(O)c(Cl)c1,0.495340262,2.489919517,-7.9,-8.3,2.8842,364.0017622
CCCC(=O)Nc1n[nH]c2ccc(-c3ccccc3)cc12,0.758874824,1.967183343,-8.3,-7.8,3.9685,279.1371622
CCCC(=O)Nc1n[nH]c2ccc(-c3ccccn3)cc12,0.769418044,2.166620165,-8.2,-7.6,3.3635,280.1324111
c1ccc(-c2ccc(CSc3nnc(-c4ccc5c(c4)OCCO5)o3)cc2)cc1,0.412852211,2.143259086,-9.4,-9,5.4671,402.1038134
O=C(Nc1n[nH]c2ccc(-c3ccccc3)cc12)C1CC1,0.768445346,1.963749043,-8.7,-8.2,3.5784,277.1215121
CCCC(=O)Nc1n[nH]c2ccc(-c3ccccn3)cc12,0.769418044,2.166620165,-8.2,-7.6,3.3635,280.1324111
CCCC(=O)Nc1n[nH]c2ncc(-c3ccc(O)cc3)cc12,0.689730051,2.301415665,-8.1,-7.9,3.0691,296.1273258
COCCN1CCC(CNC(=O)c2n[nH]c3ccc(-c4ccc(Cl)cc4)cc23)CC1,0.599300035,2.296246977,-8.9,-8.1,3.9715,426.1822538
Cc1ccc(-c2ccc(CSc3nnc(-c4ccc5c(c4)OCCO5)o3)cc2)o1,0.412743137,2.369945959,-9.2,-8.8,5.36852,406.0987281
O=C(O)c1ccc(CN2CCC(CNC(=O)c3n[nH]c4ccc(-c5ccccc5)cc34)CC2)o1,0.3834196,2.45819368,-9.9,-9.6,4.1631,458.1954053
N#Cc1ccc(-c2ccc(CSc3nnc(-c4ccc5c(c4)OCCO5)o3)cc2)cc1,0.397746084,2.328630459,-9.5,-9.6,5.33878,427.0990624
FC(F)(F)c1ccc(Nc2nccc(-c3cnn4ncccc34)n2)cc1,0.60200208,2.53456672,-9.3,-8.6,3.9487,356.099729
CCCC(=O)Nc1n[nH]c2ccc(-c3ccccc3)cc12,0.758874824,1.967183343,-8.3,-7.8,3.9685,279.1371622
Cc1nc(C)n(-c2ccc(Nc3nccc(-c4cccc(Nc5ccccc5Cl)c4)n3)cc2)n1,0.297153715,2.394830043,-9.9,-9.9,6.48174,467.1625214
CCCC(=O)Nc1n[nH]c2ncc(-c3ccccc3)cc12,0.769418044,2.158598475,-8.1,-7.7,3.3635,280.1324111
Cn1cc(C2=C(c3cn(CCCO)c4ccccc34)C(=O)NC2=O)c2ccccc21,0.506574139,2.537576001,-9.1,-8.1,3.0826,399.1582915
c1ccc(-c2ccc(CSc3nnc(-c4ccc5c(c4)OCCO5)o3)cc2)cc1,0.412852211,2.143259086,-9.4,-9,5.4671,402.1038134
c1ccc(-c2ccc(CSc3nnc(-c4ccc5c(c4)OCCO5)o3)cc2)cc1,0.412852211,2.143259086,-9.4,-9.1,5.4671,402.1038134
c1ccc(-c2ccc(CSc3nnc(-c4ccc5c(c4)OCO5)o3)cc2)cc1,0.425315534,2.104144358,-9.4,-8.9,5.4246,388.0881634
COCCN1CCC(CNC(=O)c2cccc(-n3ncc4cc(Nc5ccccc5Cl)ccc43)c2)CC1,0.30611506,2.454645663,-8.7,-9.3,5.5107,517.2244529
c1ccc(-c2ccc(CSc3nnc(-c4ccc5c(c4)OCCO5)o3)cc2)cc1,0.412852211,2.143259086,-9.4,-9.1,5.4671,402.1038134
CCCC(=O)Nc1n[nH]c2ccc(-c3ccccn3)cc12,0.769418044,2.166620165,-8,-7.2,3.3635,280.1324111
c1ccc(-c2ccc(CSc3nnc(-c4ccc5c(c4)OCCO5)o3)cc2)cc1,0.412852211,2.143259086,-9.4,-8.4,5.4671,402.1038134
Clc1ccc(Nc2nccc(-c3cnn4ncccc34)n2)cc1Cl,0.594122222,2.508098079,-8.7,-8.1,4.2367,356.0343997
O=C(Nc1n[nH]c2ncc(-c3ccccc3)cc12)C1CC1,0.773390379,2.155164175,-8.5,-7.9,2.9734,278.1167611
O=C1NC(=O)C(c2cn(CCCN3CCOCC3)c3ccccc23)=C1c1ccccc1,0.629090111,2.407668877,-9.2,-7.6,2.9308,415.1895917
O=C(NCCN1CCOCC1)c1ccc(-c2ccnc(NC(=O)C3CC3)c2)cc1,0.751957067,2.125539647,-8.5,-7.7,2.1591,394.2004907
O=C1NCCc2ccc(-c3ccc(SCc4ccc(-c5ccccc5)cc4)o3)cc21,0.398118273,2.412047066,-9,-9.3,6.1918,411.1292999
C=CC(=O)Nc1ccc(CCNC(=O)c2ccc(O)c3[nH]c(-c4ccc(F)cc4)nc23)cc1,0.321003317,2.431016823,-10.2,-8.5,4.1716,444.1597688
CSc1nc(-c2ccc(F)cc2)c(C2=CC=NC(Nc3ccc(NC(=O)c4ccc(N5CCOCC5)cc4)cc3)=NC=C2)n1C,0.229326086,3.233534458,-9.9,-9.8,6.4866,621.2322225
Clc1ccc(Nc2nccc(-c3cnn4ncccc34)n2)cc1Cl,0.594122222,2.508098079,-8.7,-8.3,4.2367,356.0343997
O=C(NC1CCCCC1)c1ccc(O)c2[nH]c(-c3ccc(F)cc3)nc12,0.662185173,2.24889472,-8.9,-8.7,4.1371,353.1539551
COc1ccc(-c2ccc3[nH]nc(C(=O)NCC4CCN(CC(=O)O)CC4)c3c2)cc1,0.540462014,2.29471736,-9.3,-8,2.7649,422.1954053
O=C1NC(=O)C(c2ccccc2)=C1Nc1cc(Cl)c(O)c(Cl)c1,0.587526714,2.35591934,-7.9,-8.1,3.1786,348.0068475
COc1ccc(C2=C(Nc3cc(Cl)c(O)c(Cl)c3)C(=O)NC2=O)cc1,0.56114476,2.385968962,-8,-7.8,3.1872,378.0174122
Cn1cc(C(=O)NCCCN2CCN(c3ccccc3)CC2)nc(-c2ccccc2)c1=O,0.58196915,2.238427251,-9.4,-8.3,2.3894,431.2321252
O=C(Nc1ccc(Nc2nccc(-c3cccnc3)n2)cc1)c1ccc(N2CCOCC2)cc1,0.448730854,2.209035015,-9.4,-10,4.3711,452.196074
c1ccc(-c2ccc(CSc3nnc(-c4ccc5c(c4)OCCO5)o3)cc2)cc1,0.412852211,2.143259086,-9.4,-9.2,5.4671,402.1038134
CCCC(=O)Nc1n[nH]c2ccc(-c3ccccn3)cc12,0.769418044,2.166620165,-8.1,-7.6,3.3635,280.1324111
c1ccc(-c2ccc(CSc3nnc(-c4ccc5c(c4)OCCO5)o3)cc2)cc1,0.412852211,2.143259086,-9.4,-9,5.4671,402.1038134
Clc1ccc(Nc2nccc(-c3cnn4ncccc34)n2)cc1Cl,0.594122222,2.508098079,-8.7,-8.3,4.2367,356.0343997
CCCC(=O)Nc1n[nH]c2ncc(-c3ccc(Cl)cc3Cl)cc12,0.719004571,2.377350424,-8.3,-8.1,4.6703,348.0544664
CSc1nc(-c2ccc(Cl)cc2)c(-c2ccnc(NC(=O)C3CC3)c2)[nH]1,0.615884038,2.391606205,-8.7,-7.4,4.8625,384.0811598
COCCN1CCC(CNC(=O)c2n[nH]c3ccc(-c4ccccc4)cc23)CC1,0.647153718,2.235827093,-8.8,-8.5,3.3181,392.2212261
c1ccc(-c2ccc(CSc3nnc(-c4ccc5c(c4)OCO5)o3)cc2)cc1,0.425315534,2.104144358,-9.4,-8.9,5.4246,388.0881634
COCCN1CCC(CNC(=O)c2cccc(-n3ncc4cc(Nc5ccccc5Cl)ccc43)c2)CC1,0.30611506,2.454645663,-9.1,-8.5,5.5107,517.2244529
O=C(Nc1ccc(Cl)c(Cl)c1)Nc1cnn(-c2csc(C(=O)NC3COC3)c2)c1,0.545073426,2.689215766,-8.4,-8.3,4.0132,451.0272657
Cc1ccc(-c2ccc(CSc3nnc(-c4ccc5c(c4)OCO5)o3)cc2)o1,0.425358737,2.338920056,-9.2,-8.6,5.32602,392.083078
CCCC(=O)Nc1n[nH]c2ncc(-c3ccccc3)cc12,0.769418044,2.158598475,-8.1,-7.7,3.3635,280.1324111
c1ccc(-c2ccc(CSc3nnc(-c4ccc5c(c4)OCO5)o3)cc2)cc1,0.425315534,2.104144358,-9.4,-8.8,5.4246,388.0881634
CSc1nc(-c2ccc(F)cc2)c(C2=CC=NC(Nc3ccc(NC(=O)c4ccc(N5CCOCC5)cc4)cc3)=NC=C2)n1C,0.229326086,3.233534458,-10,-8.5,6.4866,621.2322225
O=C(Nc1ccccc1)c1ccc(-c2ccnc(NC(=O)C3CC3)c2)cc1,0.713041626,1.814811169,-9,-7.9,4.3494,357.1477268
c1ccc(-c2ccc(CSc3nnc(-c4ccc5c(c4)OCCO5)o3)cc2)cc1,0.412852211,2.143259086,-9.4,-9,5.4671,402.1038134
O=C(O)C=CSc1nc(-c2ccc(F)cc2)c(-c2ccnc(NC3CCCC3)c2)n1CC1CC1,0.281294777,2.919601501,-8.9,-9.1,6.2061,478.1838753
O=C(Nc1ccc(Nc2nccc(-c3ccccc3)n2)cc1)c1ccccc1,0.513166651,1.754332104,-9.6,-9,5.1395,366.1480612
c1cnn2ncc(-c3ccnc(Nc4ccc(-n5cnc(N6CCOCC6)n5)cc4)n3)c2c1,0.440078572,2.898664822,-9.7,-9.3,2.3472,440.1821553
COCCN1CCC(CNC(=O)c2n[nH]c3ccc(-c4ccccc4)cc23)CC1,0.647153718,2.235827093,-8.8,-8.7,3.3181,392.2212261
c1ccc(-c2ccc(CSc3nnc(-c4ccc5c(c4)OCO5)o3)cc2)cc1,0.425315534,2.104144358,-9.4,-9,5.4246,388.0881634
CNC(=O)c1sc(-c2ccnc(NC(=O)C3CC3)c2)cc1OCC1CC1,0.782465479,2.523214948,-7.9,-7.2,3.307,371.1303625
CCCC(=O)Nc1n[nH]c2ccc(-c3ccccc3)cc12,0.758874824,1.967183343,-8.2,-7.8,3.9685,279.1371622
O=C(Nc1ccc(Nc2cc(-c3cccnc3)ccn2)cc1)c1ccc(N2CCOCC2)cc1,0.430652289,2.196419935,-9.2,-9.8,4.9761,451.200825
CSc1nc(-c2ccc(F)cc2)c(-c2ccnc(Nc3ccc(NC(=O)c4ccc(N5CCOCC5)cc4)cc3)c2)[nH]1,0.173197461,2.62945827,-9.6,-9,6.8322,580.2056734
O=C(Nc1n[nH]c2ncc(-c3ccccc3)cc12)C1CC1,0.773390379,2.155164175,-8.4,-7.8,2.9734,278.1167611
CSc1ccc(NC2=C(c3ccccc3)C(=O)NC2=O)cc1,0.673281968,2.198439841,-7.9,-7.7,2.8881,310.0775987
CN1CCN(CCCNC(=O)c2ccc(Nc3nccc(-c4ccc(N5CCOCC5)cc4)n3)cc2)CC1,0.4208115,2.388871269,-9,-8.9,3.0911,515.3008734
CCN1CCN(CCNC(=O)c2ccc(Nc3nccc(-c4cnn5ncccc45)n3)cc2)CC1,0.403545554,2.626290463,-9.1,-8.7,2.2972,471.2495065
COCCN1CCC(CNC(=O)c2cccc(-n3ncc4cc(Nc5ccccc5Cl)ccc43)c2)CC1,0.30611506,2.454645663,-9.6,-9.1,5.5107,517.2244529
O=C(O)c1ccc(CN2CCC(CNC(=O)c3n[nH]c4ccc(Br)cc34)CC2)o1,0.519876406,2.508590593,-9.5,-8.4,3.2586,460.0746173
c1ccc(-c2ccc(CSc3nnc(-c4ccc5c(c4)OCCO5)o3)cc2)cc1,0.412852211,2.143259086,-9.4,-9.1,5.4671,402.1038134
c1ccc(-c2ccc(CSc3nnc(-c4ccc5c(c4)OCCO5)o3)cc2)cc1,0.412852211,2.143259086,-9.4,-9.1,5.4671,402.1038134
COc1ccc(-c2ccc(CSc3nnc(-c4ccc(OC)cc4)o3)cc2)cc1,0.367629841,1.950713609,-8,-8.4,5.7131,404.1194635
CN1CCN(CCCNC(=O)c2ccc(-c3ccnc(NC(=O)C4CC4)c3)cc2)CC1,0.640567627,2.164247697,-8.7,-7.8,2.4644,421.2477752
COc1cccc(-n2ncc3c(N=NCc4ccccc4)ncnc32)c1,0.510513391,2.656277841,-8.6,-8.1,4.108,344.1385591
CCCC(=O)Nc1n[nH]c2ccc(-c3ccc(Cl)cc3)cc12,0.737928189,2.037743137,-8.5,-8,4.6219,313.0981898
c1ccc(-c2ccc(CSc3nnc(-c4ccc5c(c4)OCCO5)o3)cc2)cc1,0.412852211,2.143259086,-9.4,-9,5.4671,402.1038134
Clc1ccc(Nc2cc(-c3ccnc(Nc4ccc(N5CCOCC5)cc4)n3)ccn2)cc1Cl,0.332830246,2.401296785,-9.9,-9.5,6.1692,492.1232147
COCCN1CCC(CNC(=O)c2cccc(-n3ncc4cc(Nc5ccccc5Cl)ccc43)c2)CC1,0.30611506,2.454645663,-9.7,-9,5.5107,517.2244529
CN1CCN(CCCNC(=O)c2ccc(-c3ccc(CSc4nnc(-c5ccc6c(c5)OCO6)o4)cc3)cc2)CC1,0.213010173,2.543774661,-9.7,-8.1,4.7919,571.2253255
CCCC(=O)Nc1n[nH]c2ncc(-c3ccc(Cl)c(Cl)c3)cc12,0.719004571,2.339403442,-8.5,-7.9,4.6703,348.0544664
O=C(NCCN1CCOCC1)c1ccc(-c2ccc3c(NC(=O)C4CC4)n[nH]c3c2)cc1,0.532045562,2.335403926,-9.1,-8.2,2.6404,433.2113897
COCCN1CCC(CNC(=O)c2n[nH]c3ccc(-c4ccc(O)cc4)cc23)CC1,0.559095199,2.352971645,-8.8,-8.6,3.0237,408.2161408
c1ccc(-c2ccc(CSc3nnc(-c4ccc5c(c4)OCCO5)o3)cc2)cc1,0.412852211,2.143259086,-9.4,-8.4,5.4671,402.1038134
c1ccc(-c2ccc(CSc3nnc(-c4ccc5c(c4)OCCO5)o3)cc2)cc1,0.412852211,2.143259086,-9.4,-9.1,5.4671,402.1038134
COc1ccc2c(-c3ccnc(Nc4ccc(Cl)c(Cl)c4)n3)cnn2n1,0.56439075,2.603694105,-9,-8.1,4.2453,386.0449644
O=C(Nc1ccc(Nc2cc(-c3cccnc3)ccn2)cc1)c1ccc(N2CCOCC2)cc1,0.430652289,2.196419935,-9.5,-9.9,4.9761,451.200825
N=C1NC(=O)C(=Cc2ccc(-c3ccc(S(N)(=O)=O)cc3)o2)S1,0.727500958,2.751821985,-8.3,-7.8,1.73267,349.0190978
c1ccc(-c2ccc(CSc3nnc(-c4ccc5c(c4)OCO5)o3)cc2)cc1,0.425315534,2.104144358,-9.4,-8.9,5.4246,388.0881634
c1ccc(-c2ccc(CSc3nnc(-c4ccc5c(c4)OCO5)o3)cc2)cc1,0.425315534,2.104144358,-9.4,-8.9,5.4246,388.0881634
CSc1ccc(NC2=C(c3ccccc3)C(=O)NC2=O)cc1,0.673281968,2.198439841,-7.8,-7.7,2.8881,310.0775987
Cc1ccc(-c2ccc(-c3ccc(CSc4nnc(-c5ccc6c(c5)OCCO6)o4)cc3)cc2)o1,0.240497007,2.431731075,-10.2,-10.2,7.03552,482.1300282
O=C(CN1C(=O)Cc2ccccc21)Nc1scc(Br)c1-c1ncn[nH]1,0.68197233,2.820193544,-8.3,-8.2,2.8235,416.9895077
O=C(NCC1CCN(Cc2ccc(C(=O)O)o2)CC1)c1ccc(Nc2cc(-c3cccnc3)ccn2)cc1,0.292523032,2.534493971,-10.7,-9.5,4.8204,511.2219544
Cn1cc(C2=C(c3ccc(Cl)cc3)C(=O)NC2=O)c2ccccc21,0.72915021,2.217076243,-8.1,-8.4,3.3989,336.0665553
c1ccc(-c2ccc(CSc3nnc(-c4ccc5c(c4)OCCO5)o3)cc2)cc1,0.412852211,2.143259086,-9.4,-9,5.4671,402.1038134
CCCC(=O)Nc1n[nH]c2ncc(-c3ccc(O)cc3)cc12,0.689730051,2.301415665,-8.2,-7.9,3.0691,296.1273258
Cn1c(N2CCNC(c3cccc(Cl)c3)C2)nc(-c2ccccn2)cc1=O,0.75527413,2.988568086,-9,-8.6,2.6466,381.1356379
COc1ccc2[nH]nc(C(=O)NCC3CCN(Cc4ccccc4)CC3)c2c1,0.690995807,2.115609608,-9.4,-8.4,3.2135,378.2055761
c1ccc(-c2ccc(CSc3nnc(-c4ccc5c(c4)OCCO5)o3)cc2)cc1,0.412852211,2.143259086,-9.4,-8.4,5.4671,402.1038134
CSc1nc(-c2ccc(F)cc2)c(C2=CC=NC(Nc3ccc(NC(=O)c4ccc(N5CCOCC5)cc4)cc3)=NC=C2)n1C,0.229326086,3.233534458,-10,-9.4,6.4866,621.2322225
CSc1nc(-c2ccc(F)cc2)c(C2=CC=NC(Nc3ccc(NC(=O)c4ccc(F)cc4)cc3)=NC=C2)n1C,0.257231041,3.103042536,-10.3,-9.1,6.7891,554.1700368
CSc1nc(-c2ccc(F)cc2)c(C2=CC=NC(Nc3ccc(NC(=O)c4ccc(N5CCOCC5)cc4)cc3)=NC=C2)n1C,0.229326086,3.233534458,-9.9,-9.9,6.4866,621.2322225
c1ccc(-c2ccc(CSc3nnc(-c4ccc5c(c4)OCO5)o3)cc2)cc1,0.425315534,2.104144358,-9.4,-8.9,5.4246,388.0881634
O=C(Nc1n[nH]c2ccc(-c3ccccc3)cc12)C1CC1,0.768445346,1.963749043,-8.8,-8.3,3.5784,277.1215121
c1ccc(-c2ccc(CSc3nnc(-c4ccc5c(c4)OCCO5)o3)cc2)cc1,0.412852211,2.143259086,-9.4,-9.1,5.4671,402.1038134
c1ccc(-c2ccc(CSc3nnc(-c4ccc5c(c4)OCO5)o3)cc2)cc1,0.425315534,2.104144358,-9.4,-9,5.4246,388.0881634
CSc1ccc(NC2=C(c3ccccc3)C(=O)NC2=O)cc1,0.673281968,2.198439841,-7.8,-7.7,2.8881,310.0775987
CSc1nc(-c2ccc(F)cc2)c(C2=CC=NC(Nc3ccc(NC(=O)c4ccc(N5CCOCC5)cc4)cc3)=NC=C2)n1C,0.229326086,3.233534458,-9.7,-10.1,6.4866,621.2322225
NS(=O)(=O)c1ccc(-c2ccc3c(c2)C(=O)NCC3)cc1,0.87560923,2.111736189,-8.4,-8.3,1.2869,302.0725133
Clc1ccccc1Nc1cc(-c2ccnc(Nc3ccc(N4CCOCC4)cc3)n2)ccn1,0.393895394,2.347406195,-9.7,-9.7,5.5158,458.162187
O=C1NC(=O)C(c2ccccc2)=C1Nc1cc(Cl)c(O)c(Cl)c1,0.587526714,2.35591934,-7.9,-8.3,3.1786,348.0068475
O=C(Nc1n[nH]c2ncc(-c3ccccc3)cc12)C1CC1,0.773390379,2.155164175,-8.4,-7.9,2.9734,278.1167611
c1ccc(-c2ccc(CSc3nnc(-c4ccc5c(c4)OCCO5)o3)cc2)cc1,0.412852211,2.143259086,-9.4,-9,5.4671,402.1038134
COCCN1CCC(CNC(=O)c2n[nH]c3ccc(-c4ccc(Cl)cc4)cc23)CC1,0.599300035,2.296246977,-8.9,-8.1,3.9715,426.1822538
O=C(CN1C(=O)Cc2ccccc21)Nc1scc(Br)c1-c1ncn[nH]1,0.68197233,2.820193544,-8.8,-8.1,2.8235,416.9895077
c1ccc(-c2ccc(CSc3nnc(-c4ccc5c(c4)OCCO5)o3)cc2)cc1,0.412852211,2.143259086,-9.4,-9.1,5.4671,402.1038134
N#Cc1ccc(-c2ccc(CSc3nnc(-c4ccc5c(c4)OCO5)o3)cc2)cc1,0.410876371,2.293696678,-9.4,-9.4,5.29628,413.0834123
c1ccc(-c2ccc(CSc3nnc(-c4ccc5c(c4)OCO5)o3)cc2)cc1,0.425315534,2.104144358,-8.9,-8.9,5.4246,388.0881634
CCCC(=O)Nc1n[nH]c2cc(-c3ccccn3)ccc12,0.769418044,2.178766193,-7.9,-7.3,3.3635,280.1324111
c1ccc(-c2ccc(CSc3nnc(-c4ccc5c(c4)OCO5)o3)cc2)cc1,0.425315534,2.104144358,-9.4,-8.9,5.4246,388.0881634
COCCN1CCC(CNC(=O)c2n[nH]c3ccc(-c4ccccc4)cc23)CC1,0.647153718,2.235827093,-8.8,-8.7,3.3181,392.2212261
CN1CCN(CCNC(=O)c2ccc(Nc3nccc(-c4ccc(C#N)cc4)n3)cc2)CC1,0.58183308,2.264030949,-9,-8.3,2.73608,441.2277085
c1ccc(-c2ccc(CSc3nnc(-c4ccc5c(c4)OCCO5)o3)cc2)cc1,0.412852211,2.143259086,-9.4,-9,5.4671,402.1038134
O=C1NC(=O)C(c2cn(CCCN3CCOCC3)c3ncccc23)=C1c1cn(CCCN2CCOCC2)c2ccccc12,0.287539845,2.98549766,-9.1,-7.8,3.0028,582.2954537
O=C(NCC1CCN(Cc2ccccc2)CC1)c1ccc(NC(=O)c2ccnc(NC(=O)C3CC3)c2)cc1,0.396968257,2.237545058,-10.2,-9,4.3244,511.2583399
O=C(Nc1n[nH]c2ccc(-c3ccccc3)cc12)C1CC1,0.768445346,1.963749043,-8.6,-8.2,3.5784,277.1215121
c1ccc(-c2ccc(CSc3nnc(-c4ccc5c(c4)OCCO5)o3)cc2)cc1,0.412852211,2.143259086,-9.4,-8.5,5.4671,402.1038134
O=C1NC(=O)C(c2cn(CCCN3CCOCC3)c3ccccc23)=C1c1ccccc1,0.629090111,2.407668877,-9.2,-7.6,2.9308,415.1895917
O=C(Nc1n[nH]c2ncc(-c3ccccc3)cc12)C1CC1,0.773390379,2.155164175,-8.5,-8,2.9734,278.1167611
CCCC(=O)Nc1n[nH]c2ccc(-c3ccccn3)cc12,0.769418044,2.166620165,-8,-7.6,3.3635,280.1324111
c1ccc(-c2ccc(CSc3nnc(-c4ccc5c(c4)OCCO5)o3)cc2)cc1,0.412852211,2.143259086,-9.4,-9.2,5.4671,402.1038134
Cn1cc(C2=C(c3cn(CCCN4CCOCC4)c4ccccc34)C(=O)NC2=O)c2ccccc21,0.440541409,2.644305013,-9.5,-8.6,3.4225,468.2161408
c1ccc(-c2ccc(CSc3nnc(-c4ccc5c(c4)OCCO5)o3)cc2)cc1,0.412852211,2.143259086,-9.4,-9.2,5.4671,402.1038134
c1cc(-c2ccc(N3CCOCC3)cc2)ccc1CSc1nnc(-c2ccc3c(c2)OCCO3)o1,0.33935022,2.408898678,-9.7,-10.6,5.3037,487.1565773
O=C(Nc1n[nH]c2ncc(-c3ccccc3)cc12)C1CC1,0.773390379,2.155164175,-8.3,-8.1,2.9734,278.1167611
CCCC(=O)Nc1n[nH]c2ccc(-c3ccccc3)cc12,0.758874824,1.967183343,-8.2,-7.8,3.9685,279.1371622
O=C1NC(=O)C(c2cn3c4c(cccc24)CN(C(=O)N2CCOCC2)CC3)=C1c1cn(CCCN2CCOCC2)c2ncccc12,0.328665293,3.267069505,-10.6,-8.6,2.5483,623.2856173
CSc1ccc(NC2=C(c3ccccc3)C(=O)NC2=O)cc1,0.673281968,2.198439841,-7.8,-7.7,2.8881,310.0775987
c1ccc(-c2ccc(CSc3nnc(-c4ccc5c(c4)OCCO5)o3)cc2)cc1,0.412852211,2.143259086,-9.4,-9.2,5.4671,402.1038134
COc1ccc2[nH]nc(C(=O)NCC3CCN(Cc4ccc(C(=O)O)o4)CC3)c2c1,0.545137194,2.458462942,-8.5,-8.4,2.5047,412.1746699
CS(=O)c1ccc(-c2coc3ccc(-c4ccccc4)cc23)cc1,0.495406386,2.610332139,-9.3,-8.9,5.5042,332.0871008
NC(=O)c1ccccc1Nc1cc(Nc2ccc(N3CCOCC3)cc2)ccc1Cl,0.533203269,2.114316473,-9.2,-8.6,4.7627,422.1509537
O=C(Nc1n[nH]c2ccc(-c3ccccc3)cc12)C1CC1,0.768445346,1.963749043,-8.8,-8.3,3.5784,277.1215121
Cn1c(N2CCNC(c3ccc(F)cc3)C2)nc(-c2ccccc2)cc1=O,0.776466779,2.767418382,-9.7,-8.8,2.7373,364.1699395
CS(=O)(=O)Nc1ccc(CCNC(=O)c2ccc(O)c3nc(-c4ccc(F)cc4)[nH]c23)cc1,0.330886969,2.421544767,-9.1,-8.7,3.4186,468.1267544
CCCC(=O)Nc1n[nH]c2ccc(-c3ccccc3Cl)cc12,0.737928189,2.099037643,-8.5,-7.8,4.6219,313.0981898
CSc1ccc(NC2=C(c3ccc(Cl)cc3)C(=O)NC2=O)cc1,0.657625785,2.261784033,-7.7,-7.4,3.5415,344.0386263
CSc1nc(-c2ccc(Cl)cc2)c(-c2ccnc(NC(=O)C3CC3)c2)[nH]1,0.615884038,2.391606205,-9,-7.4,4.8625,384.0811598
c1ccc(-c2ccc(CSc3nnc(-c4ccc5c(c4)OCCO5)o3)cc2)cc1,0.412852211,2.143259086,-9.4,-8.4,5.4671,402.1038134
c1ccc(-c2ccc(CSc3nnc(-c4ccc5c(c4)OCCO5)o3)cc2)cc1,0.412852211,2.143259086,-9.4,-9,5.4671,402.1038134
O=C(O)c1ccc(-c2coc3ccc(-c4ccccc4)cc23)cc1,0.545631196,1.840205112,-9.6,-8.8,5.465,314.0942943
CSc1ccc(NC2=C(c3ccc(Cl)cc3)C(=O)NC2=O)cc1,0.657625785,2.261784033,-7.6,-7.5,3.5415,344.0386263
C=CC(=O)Nc1ccc(C(=O)Nc2ccc(NC3=NC=CC(c4c(-c5ccc(F)cc5)nc(SC)n4C)=CC=N3)cc2)cc1,0.151526147,3.26562426,-9.2,-9.3,6.7745,605.2009224
CSc1nc(-c2ccc(F)cc2)c(C2=CC=NC(Nc3ccc(NC(=O)c4ccc(N5CCOCC5)cc4)cc3)=NC=C2)n1C,0.229326086,3.233534458,-10.1,-9.5,6.4866,621.2322225
CSc1ccc(NC2=C(c3ccc(Cl)cc3)C(=O)NC2=O)cc1,0.657625785,2.261784033,-7.6,-7.4,3.5415,344.0386263
c1ccc(-c2ccc(CSc3nnc(-c4ccc5c(c4)OCCO5)o3)cc2)cc1,0.412852211,2.143259086,-9.5,-9.2,5.4671,402.1038134
CSc1nc(-c2ccc(F)cc2)c(C2=CC=NC(Nc3ccc(NC(=O)c4ccc(N5CCOCC5)cc4)cc3)=NC=C2)n1C,0.229326086,3.233534458,-10,-9.3,6.4866,621.2322225
c1ccc(-c2ccc(CSc3nnc(-c4ccc5c(c4)OCO5)o3)cc2)cc1,0.425315534,2.104144358,-9.4,-8.9,5.4246,388.0881634
c1ccc(-c2ccc(CSc3nnc(-c4ccc5c(c4)OCCO5)o3)cc2)cc1,0.412852211,2.143259086,-9.4,-9,5.4671,402.1038134
Cn1cc(NC(=O)c2cccc(-n3cc(NC(=O)Nc4ccccc4)cn3)c2)cn1,0.47579563,2.219590213,-9.2,-8.6,3.5021,401.1600228
CCCC(=O)Nc1n[nH]c2cc(-c3ccccn3)ccc12,0.769418044,2.178766193,-7.9,-7.2,3.3635,280.1324111
COCCN1CCC(CNC(=O)c2ccc(Nc3cc(-c4cccnc4)ccn3)cc2)CC1,0.518795831,2.308635653,-8.9,-8.7,3.9754,445.2477752
COc1ccc2c(-c3ccnc(Nc4ccc(Cl)c(Cl)c4)n3)cnn2n1,0.56439075,2.603694105,-9,-8,4.2453,386.0449644
c1ccc(-c2ccc(CSc3nnc(-c4ccc5c(c4)OCCO5)o3)cc2)cc1,0.412852211,2.143259086,-9.4,-8.4,5.4671,402.1038134
c1ccc(-c2ccc(CSc3nnc(-c4ccc5c(c4)OCCO5)o3)cc2)cc1,0.412852211,2.143259086,-9.4,-9,5.4671,402.1038134
O=C1NCCc2ccc(-c3ccccc3)cc21,0.790776878,1.864511197,-7.8,-8.1,2.6395,223.099714
c1ccc(-c2ccc(CSc3nnc(-c4ccc5c(c4)OCCO5)o3)cc2)cc1,0.412852211,2.143259086,-9.4,-9,5.4671,402.1038134
COCCN1CCC(CNC(=O)c2n[nH]c3ccc(-c4ccccc4)cc23)CC1,0.647153718,2.235827093,-8.8,-8.7,3.3181,392.2212261
O=C1NC(=O)C(c2ccccc2)=C1Nc1cc(Cl)c(O)c(Cl)c1,0.587526714,2.35591934,-7.9,-8.2,3.1786,348.0068475
O=C1NC(=O)C(c2cn(CCCN3CCOCC3)c3ccccc23)=C1c1ccccc1,0.629090111,2.407668877,-9.2,-7.6,2.9308,415.1895917
c1ccc(-c2ccc(CSc3nnc(-c4ccc5c(c4)OCO5)o3)cc2)cc1,0.425315534,2.104144358,-9.4,-8.9,5.4246,388.0881634
c1ccc(-c2ccc(CSc3nnc(-c4ccc5c(c4)OCCO5)o3)cc2)cc1,0.412852211,2.143259086,-9.4,-9,5.4671,402.1038134
c1ccc(-c2ccc(CSc3nnc(-c4ccc5c(c4)OCCO5)o3)cc2)cc1,0.412852211,2.143259086,-9.4,-8.3,5.4671,402.1038134
Cn1cc(C2=C(c3cn4c5c(cccc35)CN(C(=O)N3CCCCC3)CC4)C(=O)NC2=O)c2ccccc21,0.414744286,2.920448694,-9.8,-9.8,4.1217,507.2270398
CCCC(=O)Nc1n[nH]c2ncc(-c3ccc(Cl)cc3)cc12,0.763814227,2.223081599,-8.3,-7.9,4.0169,314.0934388
CCCC(=O)Nc1n[nH]c2ccc(-c3ccccn3)cc12,0.769418044,2.166620165,-8.1,-7.6,3.3635,280.1324111
COCCN1CCC(CNC(=O)c2n[nH]c3ccc(-c4ccccc4)cc23)CC1,0.647153718,2.235827093,-8.8,-8.5,3.3181,392.2212261
Cn1cc(C2=C(c3cn4c5c(cccc35)CNCC4)C(=O)NC2=O)c2ccccc21,0.512223073,2.839866075,-9.4,-8.9,2.8034,396.1586259
CSc1nn2nc(-c3ccc(F)cc3)c(-c3ccnc(Nc4ccccc4)c3)c2n1C,0.378364249,2.760929857,-10.1,-8.4,5.4014,430.1375938
O=C(NCC1CCN(Cc2ccccc2)CC1)c1n[nH]c2ccc(-c3ccccc3)cc12,0.464120718,2.146793483,-8.8,-9.5,4.8719,424.2263115
O=C(O)c1ccc(-c2c[nH]c3ccc(-c4ccccc4)cc23)cc1,0.545938783,1.809043353,-9.3,-8.9,5.2001,313.1102787
CCCC(=O)Nc1n[nH]c2ccc(-c3ccc(Cl)cc3Cl)cc12,0.674283825,2.191360365,-8.6,-8.3,5.2753,347.0592175
CCCC(=O)Nc1n[nH]c2ccc(-c3ccccn3)cc12,0.769418044,2.166620165,-8.1,-7.5,3.3635,280.1324111
CN1CCN(CCNC(=O)c2ccc(Nc3nccc(-c4cnn5ncccc45)n3)cc2)CC1,0.433839735,2.613230169,-9.5,-8.7,1.9071,457.2338565
COCCN1CCC(CNC(=O)c2n[nH]c3ccc(-c4ccccc4)cc23)CC1,0.647153718,2.235827093,-8.8,-8.6,3.3181,392.2212261
O=C(Nc1ccc(Nc2cc(-c3cccnc3)ccn2)cc1)c1ccccc1,0.513166651,1.896615515,-9.2,-9.1,5.1395,366.1480612
O=C1NC(=O)C(c2cn(CCCN3CCOCC3)c3ccccc23)=C1c1ccccc1,0.629090111,2.407668877,-9.2,-7.6,2.9308,415.1895917
Clc1ccc(-c2nnc(SCc3ccc(-c4ccccc4)cc3)o2)cc1,0.379144192,1.87624847,-9.1,-8.7,6.3493,378.0593618
CCCC(=O)Nc1n[nH]c2ncc(-c3ccccc3)cc12,0.769418044,2.158598475,-8.1,-7.8,3.3635,280.1324111
CCCC(=O)Nc1n[nH]c2ccc(-c3ccccn3)cc12,0.769418044,2.166620165,-8,-7.6,3.3635,280.1324111
Clc1ccc(Nc2cc(-c3ccnc(Nc4ccc(N5CCOCC5)cc4)n3)ccn2)cc1Cl,0.332830246,2.401296785,-9.9,-9.6,6.1692,492.1232147
c1ccc(-c2ccc(CSc3nnc(-c4ccc5c(c4)OCCO5)o3)cc2)cc1,0.412852211,2.143259086,-9.4,-9,5.4671,402.1038134
c1ccc(-c2ccc(CSc3nnc(-c4ccc5c(c4)OCCO5)o3)cc2)cc1,0.412852211,2.143259086,-9.4,-9.1,5.4671,402.1038134
c1ccc(-c2ccc(CSc3nnc(-c4ccc5c(c4)OCO5)o3)cc2)cc1,0.425315534,2.104144358,-9.4,-8.9,5.4246,388.0881634
O=C1NC(=O)C(c2cn(CCCN3CCOCC3)c3ccccc23)=C1c1ccccc1,0.629090111,2.407668877,-9.1,-8.2,2.9308,415.1895917
O=C1NC(=O)C(c2cn(CCCn3ccnc3)c3ccc(Br)cc23)=C1c1cn(CCCN2CCOCC2)c2ccccc12,0.218754899,3.040794787,-9.1,-7.9,4.9348,640.179751
CCCC(=O)Nc1n[nH]c2ccc(-c3ccccc3)cc12,0.758874824,1.967183343,-8.2,-7.9,3.9685,279.1371622
Cc1ccc(-c2ccc3[nH]nc(C(=O)NCC4CCN(CCc5ccccc5)CC4)c3c2)o1,0.430517558,2.4062439,-8.8,-9,4.81582,442.2368762
COCCN1CCC(CNC(=O)c2cccc(-n3ncc4cc(Nc5ccccc5Cl)ccc43)c2)CC1,0.30611506,2.454645663,-9.6,-9,5.5107,517.2244529
CN1CCN(CCCNC(=O)c2ccc(-c3ccnc(NC(=O)C4CC4)c3)cc2)CC1,0.640567627,2.164247697,-8.6,-7.7,2.4644,421.2477752
Cn1cc(C2=C(c3ccccc3)C(=O)NC2=O)c2ccccc21,0.74005506,2.152761451,-8.5,-8.3,2.7455,302.1055277
CSc1nc(-c2ccc(F)cc2)c(C2=CC=NC(Nc3ccc(NC(=O)c4ccccc4)cc3)=NC=C2)n1C,0.270377279,3.058869093,-10.1,-9,6.65,536.1794586
N=C1NC(=O)C(=Cc2ccc(-c3ccc(S(N)(=O)=O)cc3)o2)S1,0.727500958,2.751821985,-8.3,-7.8,1.73267,349.0190978
O=C(NCC1CCN(Cc2ccccc2)CC1)c1n[nH]c2ccc(-c3ccccc3)cc12,0.464120718,2.146793483,-8.7,-9.5,4.8719,424.2263115
Clc1ccc(Nc2ccc(-n3cnc(N4CCOCC4)n3)cc2)nc1Nc1ccc2c(c1)OCO2,0.407046913,2.723428264,-10.4,-9.5,4.3682,491.1472652
c1ccc(-c2ccc(CSc3nnc(-c4ccc5c(c4)OCCO5)o3)cc2)cc1,0.412852211,2.143259086,-9.4,-9.1,5.4671,402.1038134
CCCC(=O)Nc1n[nH]c2ccc(-c3ccccn3)cc12,0.769418044,2.166620165,-8,-7.6,3.3635,280.1324111
CSc1nc(-c2ccc(F)cc2)c(C2=CC=NC(Nc3ccc(NC(=O)c4ccc(N5CCOCC5)cc4)cc3)=NC=C2)n1C,0.229326086,3.233534458,-10,-9.9,6.4866,621.2322225
CSc1nc(-c2ccc(F)cc2)c(C2=CC=NC(Nc3ccc(NC(=O)c4ccc(N5CCOCC5)cc4)cc3)=NC=C2)n1C,0.229326086,3.233534458,-9.9,-9.7,6.4866,621.2322225
O=C(O)CN1CCC(NC(=O)c2cccc(-n3ncc4cc(Nc5ccccc5Cl)ccc43)c2)CC1,0.337844226,2.405735808,-9.7,-9.4,4.7013,503.1724174
Clc1ccc(Nc2nccc(-c3cnn4ncccc34)n2)cc1Cl,0.594122222,2.508098079,-8.7,-8.3,4.2367,356.0343997
N#Cc1ccc(-c2ccc(CSc3nnc(-c4ccc5c(c4)OCCO5)o3)cc2)cc1,0.397746084,2.328630459,-9.4,-9.3,5.33878,427.0990624
c1ccc(-c2ccc(CSc3nnc(-c4ccc5c(c4)OCCO5)o3)cc2)cc1,0.412852211,2.143259086,-9.4,-9,5.4671,402.1038134
c1ccc(-c2ccc(CSc3nnc(-c4ccc5c(c4)OCCO5)o3)cc2)cc1,0.412852211,2.143259086,-9.4,-9,5.4671,402.1038134
c1ccc(-c2ccc(CSc3nnc(-c4ccc5c(c4)OCO5)o3)cc2)cc1,0.425315534,2.104144358,-9.4,-8.9,5.4246,388.0881634
c1ccc(Nc2nccc(-c3c(-c4ccccc4)nn4ccccc34)n2)cc1,0.476625669,2.176317435,-9.8,-9,5.2019,363.1483955
COc1ccc(-c2ccnc(Nc3ccc(NC(=O)c4ccc(N5CCOCC5)cc4)cc3)c2)cc1,0.35919879,2.143124308,-9.8,-9.7,5.5897,480.2161408
O=C1NC(=O)C(c2ccccc2)=C1Nc1ccccc1,0.835213173,1.958409695,-7.6,-7.6,2.1662,264.0898776
c1ccc(-c2ccc(CSc3nnc(-c4ccc5c(c4)OCCO5)o3)cc2)cc1,0.412852211,2.143259086,-9.4,-9.1,5.4671,402.1038134
O=C(Nc1n[nH]c2ncc(-c3ccccc3)cc12)C1CC1,0.773390379,2.155164175,-8.4,-8.1,2.9734,278.1167611
c1ccc(-c2ccc(CSc3nnc(-c4ccc5c(c4)OCCO5)o3)cc2)cc1,0.412852211,2.143259086,-9.4,-9,5.4671,402.1038134
CCCC(=O)Nc1n[nH]c2ncc(-c3ccc(Cl)cc3Cl)cc12,0.719004571,2.377350424,-8.4,-8.1,4.6703,348.0544664
Cn1cc(C2=C(c3cn4c5c(cccc35)CN(C(=O)N3CCOCC3)CC4)C(=O)NC2=O)c2ccccc21,0.42108705,2.968584219,-10,-11.3,2.968,509.2063043
CCCC(=O)Nc1n[nH]c2ccc(-c3ccccn3)cc12,0.769418044,2.166620165,-8.1,-7.5,3.3635,280.1324111
c1ccc(-c2ccc(CSc3nnc(-c4ccc5c(c4)OCO5)o3)cc2)cc1,0.425315534,2.104144358,-9.4,-8.9,5.4246,388.0881634
O=C1NC(=O)C(c2cn(CCCO)c3ccccc23)=C1c1ccccc1,0.697742918,2.289297797,-8.3,-8.2,2.5909,346.1317424
c1ccc(-c2ccc(CSc3nnc(-c4ccc5c(c4)OCO5)o3)cc2)cc1,0.425315534,2.104144358,-9.4,-8.9,5.4246,388.0881634
c1ccc(-c2ccc(CSc3nnc(-c4ccc5c(c4)OCO5)o3)cc2)cc1,0.425315534,2.104144358,-9.4,-8.9,5.4246,388.0881634
c1ccc(-c2ccc(CSc3nnc(-c4ccc5c(c4)OCO5)o3)cc2)cc1,0.425315534,2.104144358,-9.4,-8.9,5.4246,388.0881634
COCCN1CCC(CNC(=O)c2n[nH]c3ccc(-c4ccccc4)cc23)CC1,0.647153718,2.235827093,-8.8,-8.6,3.3181,392.2212261
c1ccc(-c2ccc(CSc3nnc(-c4ccc5c(c4)OCO5)o3)cc2)cc1,0.425315534,2.104144358,-9.4,-8.9,5.4246,388.0881634
COCCN1CCC(CNC(=O)c2n[nH]c3cc(-c4ccc(C)cc4)ccc23)CC1,0.628672203,2.289180664,-8.7,-8.6,3.62652,406.2368762
Clc1ccc(Nc2cccc(-c3ccnc(Nc4ccccc4)n3)n2)cc1Cl,0.403943293,2.154115425,-9.5,-9.5,6.3326,407.0704508
COc1ccccc1C1=C(Nc2ccc(SC)cc2)C(=O)NC1=O,0.64703128,2.291094116,-7.9,-7,2.8967,340.0881634
COCCN1CCC(CNC(=O)c2n[nH]c3ccc(-c4ccccc4)cc23)CC1,0.647153718,2.235827093,-8.8,-8.6,3.3181,392.2212261
c1ccc(-c2ccc(CSc3nnc(-c4ccc5c(c4)OCO5)o3)cc2)cc1,0.425315534,2.104144358,-9.4,-8.9,5.4246,388.0881634
c1ccc(-c2ccc(CSc3nnc(-c4ccc5c(c4)OCO5)o3)cc2)cc1,0.425315534,2.104144358,-9.4,-8.9,5.4246,388.0881634
c1ccc(-c2ccc(CSc3nnc(-c4ccc5c(c4)OCCO5)o3)cc2)cc1,0.412852211,2.143259086,-9.4,-9.2,5.4671,402.1038134
COCCN1CCC(CNC(=O)c2cccc(-n3ncc4cc(Nc5ccccc5Cl)ccc43)c2)CC1,0.30611506,2.454645663,-9.7,-9,5.5107,517.2244529
O=C1NC(=O)C(c2ccccc2)=C1Nc1cc(Cl)c(O)c(Cl)c1,0.587526714,2.35591934,-7.9,-8.2,3.1786,348.0068475
Fc1ccc(-c2nn3ncccc3c2-c2ccnc(Nc3ccc(-n4cnc(N5CCOCC5)n4)cc3)c2)cc1,0.32740453,2.945549168,-10.7,-9.8,4.7583,533.2087846
c1ccc(-c2ccc(CSc3nnc(-c4ccc5c(c4)OCO5)o3)cc2)cc1,0.425315534,2.104144358,-9.4,-8.9,5.4246,388.0881634
c1ccc(-c2ccc(CSc3nnc(-c4ccc5c(c4)OCCO5)o3)cc2)cc1,0.412852211,2.143259086,-9.4,-9.1,5.4671,402.1038134
NS(=O)(=O)c1ccc(NC2=C(c3ccccc3)C(=O)NC2=O)cc1,0.710156551,2.183088372,-8.3,-8.2,0.8136,343.0626769
Cn1cc(C2=C(c3cn(CCCN4CCOCC4)c4ccccc34)C(=O)NC2=O)c2ccccc21,0.440541409,2.644305013,-9.7,-8.6,3.4225,468.2161408
c1ccc(-c2ccc(CSc3nnc(-c4ccc5c(c4)OCCO5)o3)cc2)cc1,0.412852211,2.143259086,-9.4,-8.9,5.4671,402.1038134
O=C(O)c1ccc(-c2ccc3c(NC(=O)C4CC4)n[nH]c3c2)cc1,0.686982919,2.088946379,-8.5,-8.4,3.2766,321.1113413
CN1CCN(CCCNC(=O)c2ccc(Nc3nccc(-c4cnn5ncccc45)n3)cc2)CC1,0.377500869,2.628074332,-9.2,-8.6,2.2972,471.2495065
CCCC(=O)Nc1n[nH]c2ncc(-c3ccccc3)cc12,0.769418044,2.158598475,-8.1,-7.7,3.3635,280.1324111
c1ccc(-c2ccc(CSc3nnc(-c4ccc5c(c4)OCO5)o3)cc2)cc1,0.425315534,2.104144358,-9.4,-9,5.4246,388.0881634
Cc1ccc(-c2ccc(CSc3nnc(-c4ccc5c(c4)OCCO5)o3)cc2)o1,0.412743137,2.369945959,-9.3,-8.9,5.36852,406.0987281
COCCN1CCC(CNC(=O)c2n[nH]c3ccc(-c4ccccc4)cc23)CC1,0.647153718,2.235827093,-8.8,-8.7,3.3181,392.2212261
c1ccc(-c2ccc(CSc3nnc(-c4ccc5c(c4)OCO5)o3)cc2)cc1,0.425315534,2.104144358,-9.4,-8.9,5.4246,388.0881634
c1ccc(-c2ccc(CSc3nnc(-c4ccc5c(c4)OCCO5)o3)cc2)cc1,0.412852211,2.143259086,-9.4,-9.2,5.4671,402.1038134
c1ccc(-c2ccc(CSc3nnc(-c4ccc5c(c4)OCO5)o3)cc2)cc1,0.425315534,2.104144358,-9.4,-8.9,5.4246,388.0881634
CSc1nc(-c2ccc(F)cc2)c(C2=CC=NC(Nc3ccc(NC(=O)c4ccc(N5CCOCC5)cc4)cc3)=NC=C2)n1C,0.229326086,3.233534458,-10.3,-9.8,6.4866,621.2322225
CSc1nc(-c2ccc(F)cc2)c(C2=CC=NC(Nc3ccc(NC(=O)c4ccc(N5CCOCC5)cc4)cc3)=NC=C2)n1C,0.229326086,3.233534458,-10.3,-9.9,6.4866,621.2322225
CCCC(=O)Nc1n[nH]c2ccc(-c3ccccc3)cc12,0.758874824,1.967183343,-8.2,-7.8,3.9685,279.1371622
O=C(Nc1n[nH]c2ncc(-c3ccccc3)cc12)C1CC1,0.773390379,2.155164175,-8.5,-7.9,2.9734,278.1167611
c1ccc(-c2ccc(CSc3nnc(-c4ccc5c(c4)OCCO5)o3)cc2)cc1,0.412852211,2.143259086,-9.4,-9,5.4671,402.1038134
CSc1nc(-c2ccc(F)cc2)c(C2=CC=NC(Nc3ccc(NC(=O)c4ccc(N5CCOCC5)cc4)cc3)=NC=C2)n1C,0.229326086,3.233534458,-10.3,-9.5,6.4866,621.2322225
c1ccc(-c2ccc(CSc3nnc(-c4ccc5c(c4)OCCO5)o3)cc2)cc1,0.412852211,2.143259086,-9.4,-8.3,5.4671,402.1038134
O=C1NC(=O)C(c2cn(CCCn3ccnc3)c3ccccc23)=C1c1coc2ccccc12,0.403791318,2.745774432,-10,-8.8,4.2415,436.1535405
c1ccc(-c2ccc(CSc3nnc(-c4ccc5c(c4)OCCO5)o3)cc2)cc1,0.412852211,2.143259086,-9.4,-9.1,5.4671,402.1038134
c1ccc(-c2ccc(CSc3nnc(-c4ccc5c(c4)OCO5)o3)cc2)cc1,0.425315534,2.104144358,-9.4,-8.9,5.4246,388.0881634
NC(=O)c1ccc(-c2ccnc(NC(=O)c3ccc(N4CCOCC4)cc3)c2)cc1,0.68386872,2.068996579,-8.9,-8.9,2.9364,402.1691906
O=C1NC(=O)C(c2ccccc2)=C1Nc1cc(Cl)c(O)c(Cl)c1,0.587526714,2.35591934,-7.9,-8.2,3.1786,348.0068475
C=CC(=O)Nc1ccc(C(=O)Nc2ccc(NC3=NC=CC(c4c(-c5ccc(F)cc5)nc(SC)n4C)=CC=N3)cc2)cc1,0.151526147,3.26562426,-10.4,-7.9,6.7745,605.2009224
c1ccc(-c2ccc(CSc3nnc(-c4ccc5c(c4)OCO5)o3)cc2)cc1,0.425315534,2.104144358,-9.4,-8.9,5.4246,388.0881634
c1ccc(-c2ccc(CSc3nnc(-c4ccc5c(c4)OCCO5)o3)cc2)cc1,0.412852211,2.143259086,-9.4,-8.4,5.4671,402.1038134
O=C(O)CN1CCC(NC(=O)c2cc(-n3ncc4cc(Nc5ccccc5Cl)ccc43)cs2)CC1,0.331907052,2.674286492,-9,-9.1,4.7628,509.1288383
c1ccc(-c2ccc(CSc3nnc(-c4ccc5c(c4)OCCO5)o3)cc2)cc1,0.412852211,2.143259086,-9.4,-9.2,5.4671,402.1038134
c1ccc(-c2ccc(CSc3nnc(-c4ccc5c(c4)OCO5)o3)cc2)cc1,0.425315534,2.104144358,-9.3,-8.9,5.4246,388.0881634
O=C1NC(=O)C(c2ccccc2)=C1Nc1cc(Cl)c(O)c(Cl)c1,0.587526714,2.35591934,-8,-8.2,3.1786,348.0068475
COCCN1CCC(CNC(=O)c2n[nH]c3ccc(-c4ccccc4)cc23)CC1,0.647153718,2.235827093,-8.8,-8.7,3.3181,392.2212261
c1ccc(-c2ccc(CSc3nnc(-c4ccc5c(c4)OCO5)o3)cc2)cc1,0.425315534,2.104144358,-9.4,-8.9,5.4246,388.0881634
CCCC(=O)Nc1n[nH]c2ccc(-c3ccc(Cl)cn3)cc12,0.763814227,2.261978302,-8.3,-7.3,4.0169,314.0934388
N=C1NC(=O)C(=Cc2ccc(-c3ccc(Cl)cc3)o2)S1,0.830631159,2.659404864,-7.5,-7.7,3.73867,304.0073262
c1ccc(-c2ccc(CSc3nnc(-c4ccc5c(c4)OCO5)o3)cc2)cc1,0.425315534,2.104144358,-9.4,-8.8,5.4246,388.0881634
N=C1NC(=O)C(=Cc2ccc(-c3ccc(Cl)cc3)o2)S1,0.830631159,2.659404864,-7.5,-7.7,3.73867,304.0073262
c1ccc(-c2ccc(CSc3nnc(-c4ccc5c(c4)OCCO5)o3)cc2)cc1,0.412852211,2.143259086,-9.4,-9.2,5.4671,402.1038134
COc1ccc2[nH]nc(C(=O)NCC3CCN(Cc4ccccc4)CC3)c2c1,0.690995807,2.115609608,-9.2,-8.7,3.2135,378.2055761
O=C(O)c1ccc(-c2nnc(SCc3ccc(-c4ccccc4)cc3)o2)cc1,0.446120005,1.941338877,-9.4,-8.4,5.3941,388.0881634
Cc1ccc(-c2ccc(CSc3nnc(-c4ccc5c(c4)OCO5)o3)cc2)o1,0.425358737,2.338920056,-9.2,-8.7,5.32602,392.083078
O=C(Nc1ccc(Nc2nccc(-c3cccnc3)n2)cc1)c1ccc(N2CCOCC2)cc1,0.448730854,2.209035015,-9.3,-9.9,4.3711,452.196074
c1ccc(-c2ccc(CSc3nnc(-c4ccc5c(c4)OCCO5)o3)cc2)cc1,0.412852211,2.143259086,-9.4,-9.1,5.4671,402.1038134
CCCC(=O)Nc1n[nH]c2ncc(-c3ccc(Cl)cc3Cl)cc12,0.719004571,2.377350424,-8.3,-8,4.6703,348.0544664
COc1ccc(C2CN(c3nc(-c4ccncc4)cc(=O)n3C)CCN2)cc1,0.749868803,2.91392771,-8.5,-8.3,2.0018,377.185175
CSc1nc(-c2ccc(F)cc2)c(-c2ccnc(Nc3ccc(C(=O)NCC4CCN(Cc5ccc(C(=O)O)o5)CC4)cc3)c2)[nH]1,0.116642116,2.925487712,-9.7,-9.4,6.6765,640.2268028
NS(=O)(=O)c1ccc(-c2ccc3c(c2)C(=O)NCC3)cc1,0.87560923,2.111736189,-8.4,-8.3,1.2869,302.0725133
N=C1NC(=O)C(=Cc2ccc(-c3ccc(Cl)c(C(=O)O)c3)o2)S1,0.737062571,2.783810927,-8.3,-8.5,3.43687,347.9971554
O=C1NC(=O)C(c2ccccc2)=C1Nc1cc(Cl)c(O)c(Cl)c1,0.587526714,2.35591934,-7.9,-8.2,3.1786,348.0068475
COc1ccc2c(-c3ccnc(Nc4ccc(Cl)c(Cl)c4)n3)cnn2n1,0.56439075,2.603694105,-9,-8,4.2453,386.0449644
c1ccc(-c2ccc(CSc3nnc(-c4ccc5c(c4)OCCO5)o3)cc2)cc1,0.412852211,2.143259086,-9.4,-9,5.4671,402.1038134
c1ccc(-c2ccc(CSc3nnc(-c4ccc5c(c4)OCCO5)o3)cc2)cc1,0.412852211,2.143259086,-9.4,-8.4,5.4671,402.1038134
COCCN1CCC(CNC(=O)c2n[nH]c3ccc(-c4ccccc4)cc23)CC1,0.647153718,2.235827093,-8.8,-8.6,3.3181,392.2212261
c1ccc(-c2ccc(CSc3nnc(-c4ccc5c(c4)OCCO5)o3)cc2)cc1,0.412852211,2.143259086,-9.4,-8.4,5.4671,402.1038134
c1ccc(-c2ccc(CSc3nnc(-c4ccc5c(c4)OCCO5)o3)cc2)cc1,0.412852211,2.143259086,-9.4,-9.1,5.4671,402.1038134
CCCC(=O)Nc1n[nH]c2ccc(-c3ccccc3)cc12,0.758874824,1.967183343,-8.3,-7.8,3.9685,279.1371622
CS(=O)(=O)Nc1ccc(CCNC(=O)c2ccc(O)c3nc(-c4ccc(F)cc4)[nH]c23)cc1,0.330886969,2.421544767,-9,-9,3.4186,468.1267544
O=C(Nc1n[nH]c2ncc(-c3ccc(Cl)cc3)cc12)C1CC1,0.775545072,2.219756324,-8.6,-8.2,3.6268,312.0777887
O=C1NC(=O)C(c2ccccc2)=C1Nc1cc(Cl)c(O)c(Cl)c1,0.587526714,2.35591934,-8,-8.2,3.1786,348.0068475
CN(C)CCCn1cc(C2=C(c3ccccc3)C(=O)NC2=O)c2ccccc21,0.675529158,2.334070045,-8.5,-7.1,3.1602,373.179027
COc1ccc2c(-c3ccnc(Nc4ccc(C(=O)NCCCN5CCN(C)CC5)cc4)n3)cnn2n1,0.333662099,2.727694381,-9.3,-8.7,2.3058,501.2600712
COc1cccc(-n2ncc3nc(Nc4ccc(Cl)c(Cl)c4)ncc32)c1,0.541959443,2.313078105,-8.5,-8,4.8745,385.0497154
c1ccc(Nc2nccc(-c3cnn4ncccc34)n2)cc1,0.627484971,2.364224756,-8.2,-8.3,2.9299,288.1123444
c1ccc(-c2ccc(CSc3nnc(-c4ccc5c(c4)OCO5)o3)cc2)cc1,0.425315534,2.104144358,-9.4,-8.9,5.4246,388.0881634
Clc1ccc(Nc2nccc(-c3cnn4ncccc34)n2)cc1Cl,0.594122222,2.508098079,-8.7,-8.3,4.2367,356.0343997
Clc1ccc(Nc2nccc(-c3cnn4ncccc34)n2)cc1Cl,0.594122222,2.508098079,-8.7,-8.1,4.2367,356.0343997
COCCN1CCC(CNC(=O)c2n[nH]c3ccc(-c4ccc(C(=O)O)cc4)cc23)CC1,0.501074303,2.346509234,-9.2,-8.2,3.0163,436.2110554
c1ccc(-c2ccc(CSc3nnc(-c4ccc5c(c4)OCCO5)o3)cc2)cc1,0.412852211,2.143259086,-9.4,-9.1,5.4671,402.1038134
COc1ccc(C2CN(c3nc(-c4ccncc4)cc(=O)n3C)CCN2)cc1,0.749868803,2.91392771,-8.6,-8.1,2.0018,377.185175
COc1ccc(-c2cc3c(C(=O)NC4CCCN(CCC#N)CC4)ccnc3[nH]2)cc1,0.637241288,2.898248313,-8.3,-7.8,3.73648,417.2164751
c1ccc2cc(-c3ccc(CSc4nnc(-c5ccc6c(c5)OCCO6)o4)cc3)ccc2c1,0.27937169,2.28333615,-10.2,-10.7,6.6203,452.1194635
Fc1ccc(-c2nn3ncccc3c2-c2ccnc(Nc3ccc(Cl)c(Cl)c3)c2)cc1,0.333282807,2.509443704,-10.4,-8.8,6.6478,449.061029
N#Cc1ccc(-c2ccc(CSc3nnc(-c4ccc5c(c4)OCO5)o3)cc2)cc1,0.410876371,2.293696678,-8.9,-9.5,5.29628,413.0834123
CSc1ccc(NC2=C(c3ccccc3)C(=O)NC2=O)cc1,0.673281968,2.198439841,-7.8,-7.7,2.8881,310.0775987
c1ccc(-c2ccc(CSc3nnc(-c4ccc5c(c4)OCCO5)o3)cc2)cc1,0.412852211,2.143259086,-9.4,-9,5.4671,402.1038134
O=C1Nc2ccccc2NC1=C1C(=O)Nc2ccccc21,0.647589488,2.360171237,-9.4,-9.3,2.414,277.0851266
CCCC(=O)Nc1n[nH]c2ccc(-c3ccccn3)cc12,0.769418044,2.166620165,-8,-7.5,3.3635,280.1324111
N#CCCN1CCC(Nc2nccc(-c3ccc(NS(=O)(=O)c4ccccc4)cc3)n2)CC1,0.524556291,2.366012199,-9.2,-8.5,3.73438,462.1837951
CCCC(=O)Nc1n[nH]c2ccc(-c3ccccn3)cc12,0.769418044,2.166620165,-8.1,-7.5,3.3635,280.1324111
COc1ccc2[nH]nc(C(=O)NCC3CCN(Cc4ccc(C(=O)O)o4)CC3)c2c1,0.545137194,2.458462942,-8.5,-8.4,2.5047,412.1746699
O=C(NCC1CCN(CCc2ccccc2)CC1)c1n[nH]c2cc(-c3ccc(Cl)cc3)ccc12,0.369475978,2.268974631,-9.3,-8.7,5.5678,472.2029892
Cn1cc(C2=C(c3cn(CCCN4CCOCC4)c4ccccc34)C(=O)NC2=O)c2ccccc21,0.440541409,2.644305013,-9.6,-8.6,3.4225,468.2161408
CSc1nc(-c2ccccc2)c(-c2ccnc(NC(=O)C3CC3)c2)[nH]1,0.676359731,2.332860852,-8.5,-7.8,4.2091,350.1201322
COCCN1CCC(CNC(=O)c2ccc(-c3ccnc(NC(=O)C4CC4)c3)cc2)CC1,0.630835066,2.247838833,-8.7,-7.8,3.1853,436.2474409
O=C(O)c1ccc(-c2n[nH]c3ccc(-c4ccccc4)cc23)cc1,0.580767804,1.86403632,-9.2,-8.7,4.5951,314.1055277
CSc1nc(-c2ccc(F)cc2)c(C2=CC=NC(Nc3ccc(NC(=O)c4ccc(N5CCOCC5)cc4)cc3)=NC=C2)n1C,0.229326086,3.233534458,-10,-9.9,6.4866,621.2322225
COc1ccc2c(-c3ccnc(Nc4ccc(Cl)c(Cl)c4)n3)cnn2n1,0.56439075,2.603694105,-9,-7.9,4.2453,386.0449644
O=C1Nc2ccccc2NC1=C1C(=O)Nc2ccccc21,0.647589488,2.360171237,-9.4,-9.3,2.414,277.0851266
Cn1cc(C2=C(c3cn(CCCN4CCOCC4)c4ccccc34)C(=O)NC2=O)c2cc(F)ccc21,0.423446921,2.73310282,-9.9,-8.7,3.5616,486.2067189
COCCN1CCC(CNC(=O)c2cccc(-n3ncc4cc(Nc5ccccc5Cl)ccc43)c2)CC1,0.30611506,2.454645663,-9.5,-8.9,5.5107,517.2244529
O=C(Nc1n[nH]c2ncc(-c3ccccc3)cc12)C1CC1,0.773390379,2.155164175,-8.3,-8.1,2.9734,278.1167611
,,,0,0,,
,,,0,0,,
,,,0,0,,
,,,0,0,,
,,,0,0,,
,,,0,0,,
,,,0,0,,
,,,0,0,,
,,,0,0,,
,,,0,0,,
,,,0,0,,
,,,0,0,,
,,,0,0,,
,,,0,0,,
,,,0,0,,
,,,0,0,,
,,,0,0,,
,,,0,0,,
,,,0,0,,
,,,0,0,,
,,,0,0,,
,,,0,0,,
,,,0,0,,
,,,0,0,,
,,,0,0,,
,,,0,0,,
,,,0,0,,
,,,0,0,,
,,,0,0,,
,,,0,0,,
,,,0,0,,
,,,0,0,,
,,,0,0,,
,,,0,0,,
,,,0,0,,
,,,0,0,,
,,,0,0,,
,,,0,0,,
,,,0,0,,
,,,0,0,,
,,,0,0,,
,,,0,0,,
,,,0,0,,
,,,0,0,,
,,,0,0,,
,,,0,0,,
,,,0,0,,
,,,0,0,,
,,,0,0,,
,,,0,0,,
,,,0,0,,
,,,0,0,,
,,,0,0,,
,,,0,0,,
,,,0,0,,
,,,0,0,,
,,,0,0,,
,,,0,0,,
,,,0,0,,
,,,0,0,,
,,,0,0,,
,,,0,0,,
,,,0,0,,
,,,0,0,,
,,,0,0,,
,,,0,0,,
,,,0,0,,
,,,0,0,,
,,,0,0,,
,,,0,0,,
,,,0,0,,
,,,0,0,,
,,,0,0,,
,,,0,0,,
,,,0,0,,
,,,0,0,,
,,,0,0,,
,,,0,0,,
,,,0,0,,
,,,0,0,,
,,,0,0,,
,,,0,0,,
,,,0,0,,
,,,0,0,,
,,,0,0,,
,,,0,0,,
,,,0,0,,
,,,0,0,,
,,,0,0,,
,,,0,0,,
,,,0,0,,
,,,0,0,,
,,,0,0,,
,,,0,0,,
,,,0,0,,
,,,0,0,,
,,,0,0,,
,,,0,0,,
,,,0,0,,
,,,0,0,,
,,,0,0,,
,,,0,0,,
,,,0,0,,
,,,0,0,,
,,,0,0,,
,,,0,0,,
,,,0,0,,
,,,0,0,,
,,,0,0,,
,,,0,0,,
,,,0,0,,
,,,0,0,,
,,,0,0,,
,,,0,0,,
,,,0,0,,
,,,0,0,,
,,,0,0,,
,,,0,0,,
,,,0,0,,
,,,0,0,,
,,,0,0,,
,,,0,0,,
,,,0,0,,
,,,0,0,,
,,,0,0,,
,,,0,0,,
,,,0,0,,
,,,0,0,,
,,,0,0,,
,,,0,0,,
,,,0,0,,
,,,0,0,,
,,,0,0,,
,,,0,0,,
,,,0,0,,
,,,0,0,,
,,,0,0,,
,,,0,0,,
,,,0,0,,
,,,0,0,,
,,,0,0,,
,,,0,0,,
,,,0,0,,
,,,0,0,,
,,,0,0,,
,,,0,0,,
,,,0,0,,
,,,0,0,,
,,,0,0,,
,,,0,0,,
,,,0,0,,
,,,0,0,,
,,,0,0,,
,,,0,0,,
,,,0,0,,
,,,0,0,,
,,,0,0,,
,,,0,0,,
,,,0,0,,
,,,0,0,,
,,,0,0,,
,,,0,0,,
,,,0,0,,
,,,0,0,,
,,,0,0,,
,,,0,0,,
,,,0,0,,
,,,0,0,,
,,,0,0,,
,,,0,0,,
,,,0,0,,
,,,0,0,,
,,,0,0,,
,,,0,0,,
,,,0,0,,
,,,0,0,,
,,,0,0,,
,,,0,0,,
,,,0,0,,
,,,0,0,,
,,,0,0,,
,,,0,0,,
,,,0,0,,
,,,0,0,,
,,,0,0,,
,,,0,0,,
,,,0,0,,
,,,0,0,,
,,,0,0,,
,,,0,0,,
,,,0,0,,
,,,0,0,,
,,,0,0,,
,,,0,0,,
,,,0,0,,
,,,0,0,,
,,,0,0,,
,,,0,0,,
,,,0,0,,
,,,0,0,,
,,,0,0,,
,,,0,0,,
,,,0,0,,
,,,0,0,,
,,,0,0,,
,,,0,0,,
,,,0,0,,
,,,0,0,,
,,,0,0,,
,,,0,0,,
,,,0,0,,
,,,0,0,,
,,,0,0,,
,,,0,0,,
,,,0,0,,
,,,0,0,,
,,,0,0,,
,,,0,0,,
,,,0,0,,
,,,0,0,,
,,,0,0,,
,,,0,0,,
,,,0,0,,
,,,0,0,,
,,,0,0,,
,,,0,0,,
,,,0,0,,
,,,0,0,,
,,,0,0,,
,,,0,0,,
,,,0,0,,
,,,0,0,,
,,,0,0,,
,,,0,0,,
,,,0,0,,
,,,0,0,,
,,,0,0,,
,,,0,0,,
,,,0,0,,
,,,0,0,,
,,,0,0,,
,,,0,0,,
,,,0,0,,
,,,0,0,,
,,,0,0,,
,,,0,0,,
,,,0,0,,
,,,0,0,,
,,,0,0,,
,,,0,0,,
,,,0,0,,
,,,0,0,,
,,,0,0,,
,,,0,0,,
,,,0,0,,
,,,0,0,,
,,,0,0,,
,,,0,0,,
,,,0,0,,
,,,0,0,,
,,,0,0,,
,,,0,0,,
,,,0,0,,
,,,0,0,,
,,,0,0,,
,,,0,0,,
,,,0,0,,
,,,0,0,,
,,,0,0,,
,,,0,0,,
,,,0,0,,
,,,0,0,,
,,,0,0,,
,,,0,0,,
,,,0,0,,
,,,0,0,,
,,,0,0,,
,,,0,0,,
,,,0,0,,
,,,0,0,,
,,,0,0,,
,,,0,0,,
,,,0,0,,
,,,0,0,,
,,,0,0,,
,,,0,0,,
,,,0,0,,
,,,0,0,,
,,,0,0,,
,,,0,0,,
,,,0,0,,
,,,0,0,,
,,,0,0,,
,,,0,0,,
,,,0,0,,
,,,0,0,,
,,,0,0,,
,,,0,0,,
,,,0,0,,
,,,0,0,,
,,,0,0,,
,,,0,0,,
,,,0,0,,
,,,0,0,,
,,,0,0,,
,,,0,0,,
,,,0,0,,
,,,0,0,,
,,,0,0,,
,,,0,0,,
,,,0,0,,
,,,0,0,,
,,,0,0,,
,,,0,0,,
,,,0,0,,
,,,0,0,,
,,,0,0,,
,,,0,0,,
,,,0,0,,
,,,0,0,,
,,,0,0,,
,,,0,0,,
,,,0,0,,
,,,0,0,,
,,,0,0,,
,,,0,0,,
,,,0,0,,
,,,0,0,,
,,,0,0,,
,,,0,0,,
,,,0,0,,
,,,0,0,,
,,,0,0,,
,,,0,0,,
,,,0,0,,
,,,0,0,,
,,,0,0,,
,,,0,0,,
,,,0,0,,
,,,0,0,,
,,,0,0,,
,,,0,0,,
,,,0,0,,
,,,0,0,,
,,,0,0,,
,,,0,0,,
,,,0,0,,
,,,0,0,,
,,,0,0,,
,,,0,0,,
,,,0,0,,
,,,0,0,,
,,,0,0,,
,,,0,0,,
,,,0,0,,
,,,0,0,,
,,,0,0,,
,,,0,0,,
,,,0,0,,
,,,0,0,,
,,,0,0,,
,,,0,0,,
,,,0,0,,
,,,0,0,,
,,,0,0,,
,,,0,0,,
,,,0,0,,
,,,0,0,,
,,,0,0,,
,,,0,0,,
,,,0,0,,
,,,0,0,,
,,,0,0,,
,,,0,0,,
,,,0,0,,
,,,0,0,,
,,,0,0,,
,,,0,0,,
,,,0,0,,
,,,0,0,,
,,,0,0,,
,,,0,0,,
,,,0,0,,
,,,0,0,,
,,,0,0,,
,,,0,0,,
,,,0,0,,
,,,0,0,,
,,,0,0,,
,,,0,0,,
,,,0,0,,
,,,0,0,,
,,,0,0,,
,,,0,0,,
,,,0,0,,
,,,0,0,,
,,,0,0,,
,,,0,0,,
,,,0,0,,
,,,0,0,,
,,,0,0,,
,,,0,0,,
,,,0,0,,
,,,0,0,,
,,,0,0,,
,,,0,0,,
,,,0,0,,
,,,0,0,,
,,,0,0,,
,,,0,0,,
,,,0,0,,
,,,0,0,,
,,,0,0,,
,,,0,0,,
,,,0,0,,
,,,0,0,,
,,,0,0,,
,,,0,0,,
,,,0,0,,
,,,0,0,,
,,,0,0,,
,,,0,0,,
,,,0,0,,
,,,0,0,,
,,,0,0,,
,,,0,0,,
,,,0,0,,
,,,0,0,,
,,,0,0,,
,,,0,0,,
,,,0,0,,
,,,0,0,,
,,,0,0,,
,,,0,0,,
,,,0,0,,
,,,0,0,,
,,,0,0,,
,,,0,0,,
,,,0,0,,
,,,0,0,,
,,,0,0,,
,,,0,0,,
,,,0,0,,
,,,0,0,,
,,,0,0,,
,,,0,0,,
,,,0,0,,
,,,0,0,,
,,,0,0,,
,,,0,0,,
,,,0,0,,
,,,0,0,,
,,,0,0,,
,,,0,0,,
,,,0,0,,
,,,0,0,,
,,,0,0,,
,,,0,0,,
,,,0,0,,
,,,0,0,,
,,,0,0,,
,,,0,0,,
,,,0,0,,
,,,0,0,,
,,,0,0,,
,,,0,0,,
,,,0,0,,
,,,0,0,,
,,,0,0,,
,,,0,0,,
,,,0,0,,
,,,0,0,,
,,,0,0,,
,,,0,0,,
,,,0,0,,
,,,0,0,,
,,,0,0,,
,,,0,0,,
,,,0,0,,
,,,0,0,,
,,,0,0,,
,,,0,0,,
,,,0,0,,
,,,0,0,,
,,,0,0,,
,,,0,0,,
,,,0,0,,
,,,0,0,,
,,,0,0,,
,,,0,0,,
,,,0,0,,
,,,0,0,,
,,,0,0,,
,,,0,0,,
,,,0,0,,
,,,0,0,,
,,,0,0,,
,,,0,0,,
,,,0,0,,
,,,0,0,,
,,,0,0,,
,,,0,0,,
,,,0,0,,
,,,0,0,,
,,,0,0,,
,,,0,0,,
,,,0,0,,
,,,0,0,,
,,,0,0,,
,,,0,0,,
,,,0,0,,
,,,0,0,,
,,,0,0,,
,,,0,0,,
,,,0,0,,
,,,0,0,,
,,,0,0,,
,,,0,0,,
,,,0,0,,
,,,0,0,,
,,,0,0,,
,,,0,0,,
,,,0,0,,
,,,0,0,,
,,,0,0,,
,,,0,0,,
,,,0,0,,
,,,0,0,,
,,,0,0,,
,,,0,0,,
,,,0,0,,
,,,0,0,,
,,,0,0,,
,,,0,0,,
,,,0,0,,
,,,0,0,,
,,,0,0,,
,,,0,0,,
,,,0,0,,
,,,0,0,,
,,,0,0,,
,,,0,0,,
,,,0,0,,
,,,0,0,,
,,,0,0,,
,,,0,0,,
,,,0,0,,
,,,0,0,,
,,,0,0,,
,,,0,0,,
,,,0,0,,
,,,0,0,,
,,,0,0,,
,,,0,0,,
,,,0,0,,
,,,0,0,,
,,,0,0,,
,,,0,0,,
,,,0,0,,
,,,0,0,,
,,,0,0,,
,,,0,0,,
,,,0,0,,
,,,0,0,,
,,,0,0,,
,,,0,0,,
,,,0,0,,
,,,0,0,,
,,,0,0,,
,,,0,0,,
,,,0,0,,
,,,0,0,,
,,,0,0,,
,,,0,0,,
,,,0,0,,
,,,0,0,,
,,,0,0,,
,,,0,0,,
,,,0,0,,
,,,0,0,,
,,,0,0,,
,,,0,0,,
,,,0,0,,
,,,0,0,,
,,,0,0,,
,,,0,0,,
,,,0,0,,
,,,0,0,,
,,,0,0,,
,,,0,0,,
,,,0,0,,
,,,0,0,,
,,,0,0,,
,,,0,0,,
,,,0,0,,
,,,0,0,,
,,,0,0,,
,,,0,0,,
,,,0,0,,
,,,0,0,,
,,,0,0,,
,,,0,0,,
,,,0,0,,
,,,0,0,,
,,,0,0,,
,,,0,0,,
,,,0,0,,
,,,0,0,,
,,,0,0,,
,,,0,0,,
,,,0,0,,
,,,0,0,,
,,,0,0,,
,,,0,0,,
,,,0,0,,
,,,0,0,,
,,,0,0,,
,,,0,0,,
,,,0,0,,
,,,0,0,,
,,,0,0,,
,,,0,0,,
,,,0,0,,
,,,0,0,,
,,,0,0,,
,,,0,0,,
,,,0,0,,
,,,0,0,,
,,,0,0,,
