smiles,qed,sas,gsk3b_score,jnk3_score,logP,weight
O=c1[nH]cnc2[nH]c3cc(Nc4cncc(-c5cnc6[nH]ccc6c5)c4)ccc3c12,0.361505295,2.928463488,-10.1,-9.7,4.0863,393.1338081
O=C(Nc1cncc(-c2cnc3[nH]ccc3c2)c1)Nc1cncc(-c2cnc3[nH]ccc3c2)c1,0.295970484,2.869879036,-11,-9.9,5.2072,446.1603572
c1ccc(Cc2c[nH]c3ncc(Nc4cc(-c5cccnc5)ccn4)cc23)cc1,0.432963805,2.387729643,-9,-9.1,5.3543,377.1640456
Cn1cc(C2=C(c3cccc(NC(=O)N[C@@H]4CCCC[C@@H]4N)c3)C(=O)NC2=O)c2ccccc21,0.45023945,3.31900624,-9.9,-8.5,3.1369,457.2113897
O=C(O)c1cc(N2C(=O)CN=C(c3ccccc3)c3cc(Br)ccc32)cc2c(=O)c3cc(F)ccc3[nH]c12,0.268002343,2.807860326,-10.2,-10,5.7968,569.0386463
O=C1CN=C(c2ccccc2)c2cc(OC(=O)c3cc(F)cc4c(=O)c5cc(F)ccc5[nH]c34)ccc2N1,0.203817316,2.805427851,-10.6,-11.5,4.9682,509.1187125
Cn1cc(C2=C(c3cccc(NC(=O)Nc4cccc(-c5ccc6ccccc6c5)n4)c3)C(=O)NC2=O)c2ccccc21,0.2054884,2.705744176,-11.7,-12.1,6.6047,563.1957397
Cn1cc(C2=C(c3cccc(NC(=O)C(=O)Nc4cccc(-c5ccc6ccccc6c5)n4)c3)C(=O)NC2=O)c2ccccc21,0.17961909,2.792967778,-12.1,-12.2,5.5379,591.1906543
O=C(Nc1cncc(-c2cnc3[nH]ccc3c2)c1)c1cc(F)cc2c(=O)c3cc(F)ccc3[nH]c12,0.313270672,2.785188701,-11.7,-10.3,5.1501,467.1193812
O=C(O)c1cc(Nc2cncc(-c3cnc4[nH]ccc4c3)c2)cc2c(=O)c3cc(F)ccc3[nH]c12,0.265404004,2.845278267,-11.6,-10.6,5.2005,465.1237176
C#Cc1ccc2c(Nc3cc4cc[nH]c4cn3)n[nH]c2c1,0.491267249,2.863177367,-8.7,-7.8,3.1641,273.1014454
C[C@@H](Nc1ncc(Cl)c(-c2c[nH]c3ccccc23)n1)c1cccc2cnccc12,0.388648597,2.940492879,-9.8,-9.4,5.9996,399.1250733
O=C1C(=O)N(c2cccc(-c3cn[nH]c3)c2)c2ccc(-c3ccccc3)cc21,0.539495673,2.316255575,-9.7,-9.9,4.6047,365.1164267
O=C(Nc1nnc(-c2ccc3ccccc3c2)o1)C(=O)Nc1n[nH]c2nc(Br)ccc12,0.266523565,2.756271396,-9.9,-9.9,3.5008,477.0184993
CC#Cc1ccc2cc(Nc3cc(-c4ccc5ccccc5c4)[nH]n3)ccc2c1,0.354505816,2.46452163,-10,-9.3,6.4981,373.1578976
O=C(O)c1cccc(N(c2ncc(Cl)c(-c3c[nH]c4ccccc34)n2)c2nc3ccccc3c(=O)[nH]2)c1,0.272950837,2.886398095,-10.2,-10.2,5.6828,508.1050661
Brc1cc2c(Nc3cnc4[nH]ccc4n3)n[nH]c2cn1,0.491314988,3.111570554,-8.2,-7.3,2.7353,329.0024554
Cn1cc(C2=C(c3cccc(NC(=O)c4ccc5[nH]c6c(c5c4)CNCC6)c3)C(=O)NC2=O)c2ccccc21,0.270120556,2.844785498,-11.3,-10.6,4.1248,515.1957397
Cn1cc(C2=C(c3cccc(NC(=O)N4CCc5[nH]c6ccc(C(=O)O)cc6c5C4)c3)C(=O)NC2=O)c2ccccc21,0.240239155,2.879604658,-10.8,-10.7,4.5152,559.1855689
O=c1[nH]ncc2ccc(Nc3ccc4c(c3)Cc3ccccc3-4)cc12,0.510296137,2.276883669,-10,-9.7,4.2379,325.1215121
c1cc2[nH]ncc2cc1Nc1cc2cn[nH]c2cn1,0.510351093,2.618759875,-7.4,-7.6,2.5778,250.0966943
O=C(Nc1cncc(-c2cnc3[nH]ccc3c2)c1)Nc1n[nH]c2cc(Br)ccc12,0.314390718,2.72444646,-10.2,-9.3,4.9077,447.0443202
Nc1n[nH]c2cc(Nc3cncc(-c4cnc5[nH]ccc5c4)c3)ccc12,0.398748257,2.709439879,-9.2,-8.5,3.827,341.1388935
O=C(Nc1cncc(-c2cnc3[nH]ccc3c2)c1)C(=O)Nc1n[nH]c2cc(Br)ccc12,0.294363564,2.794959088,-9.9,-9.4,3.8409,475.0392348
O=C1c2ccccc2C(=O)c2cc(Nc3cc(F)c4cn[nH]c4c3)ccc21,0.495967266,2.40156679,-10.2,-10,4.221,357.0913548
O=C1c2ccccc2-c2nnc(Nc3cc(-c4cccnc4)ccn3)cc21,0.531067664,2.475534808,-10,-9.5,3.8886,351.11201
O=C1Cc2cc(Nc3cccc(-c4ccc5ccccc5c4)n3)c(F)cc2N1,0.516591271,2.373200415,-10.2,-10,5.2791,369.1277404
O=C(O)c1cc(Nc2ccc(F)c3cnccc23)cc2c(=O)c3cc(F)ccc3[nH]c12,0.361227478,2.589571011,-10.3,-9.7,4.9495,417.0924977
c1cc(Nc2cnc3[nH]ccc3c2)c2cc[nH]c2n1,0.51071229,2.635494288,-7.5,-7.5,3.1828,249.1014454
C1=C(c2ccnc3[nH]ccc23)CCN(c2ccc3[nH]c4c(c3c2)CNCC4)C1,0.500792865,3.007777325,-9.7,-9.5,3.9836,369.1953457
c1cc(Nc2cncc(-c3cnc4[nH]ccc4c3)c2)cc(-c2cn[nH]c2)c1,0.435466463,2.654649039,-9.6,-8.7,4.7586,352.1436445
Nc1cccc2cnc(Nc3cncc(-c4cnc5[nH]ccc5c4)c3)cc12,0.415818942,2.679402116,-10,-8.8,4.4989,352.1436445
Brc1cc(Nc2cc3cc[nH]c3cn2)cc2[nH]ncc12,0.521843395,2.777946304,-7.9,-7.9,3.9453,327.0119574
Clc1c(Nc2cc(-c3ncc[nH]3)ccn2)ccc2[nH]ncc12,0.538044848,2.771139689,-8.5,-8.2,3.745,310.073372
c1cc2cc(Nc3ccc4cn[nH]c4c3)ncc2[nH]1,0.51071229,2.532605219,-7.7,-7.7,3.1828,249.1014454
c1ccc2cc(-c3cc(Nc4cc(-c5ncc[nH]5)ccn4)n[nH]3)ccc2c1,0.435466463,2.561370406,-10.3,-9.3,4.7586,352.1436445
O=C1C(=O)N(c2cccc(-c3ccc4c(c3)CCN4)c2)c2ccc(-c3ccccc3)cc21,0.426358195,2.360673363,-10.5,-10.7,5.8496,416.1524779
c1ccc2cc(Nc3cnc4[nH]ccc4c3)ncc2c1,0.575194062,2.333463488,-8.1,-8.1,3.8547,260.1061964
C[C@H]1COc2c(C3(N)CC3)c(F)cc3c(=O)c(C(=O)Nc4cccc(C5=C(c6cn(C)c7ccccc67)C(=O)NC5=O)c4)cn1c23,0.250945269,3.759786314,-12.2,-11.3,4.353,617.2074472
O=c1[nH]cnc2[nH]c3cc(NC(c4ccc(Cl)cc4)c4cccc5ccccc45)ccc3c12,0.290181914,2.997040865,-10.8,-10.2,6.4125,450.1247389
Brc1ccc2[nH]ncc2c1Nc1cncc(-c2cnc3[nH]ccc3c2)c1,0.394306792,2.864973545,-9.4,-8.5,5.0073,404.0385065
Clc1c(Nc2cncc(-c3cnc4[nH]ccc4c3)c2)ccc2[nH]ncc12,0.427162858,2.78677874,-9.5,-8.8,4.8982,360.0890221
O=S(=O)(c1ccc2c(c1)Cc1ccccc1-2)N1CCc2[nH]c3ccccc3c2C1,0.474788577,2.341103474,-11.1,-10.4,4.4861,400.1245489
c1ccc2cc(-c3cc(Nc4cc5cc[nH]c5cn4)n[nH]3)ccc2c1,0.443959012,2.491826621,-9.9,-8.9,4.8498,325.1327455
O=C1NCCc2cc(F)c(Nc3cc4c(nn3)-c3ccccc3C4)cc21,0.584825404,2.78453617,-9.9,-9.4,3.2164,346.1229893
Nc1ccc2[nH]nc(Nc3n[nH]c4nc[nH]c(=O)c34)c2c1,0.344971597,3.064826975,-8.5,-8,0.8483,282.0977569
Ic1ccc2cc(Nc3cc(-c4ccc5ccccc5c4)[nH]n3)ccc2c1,0.292671062,2.29428,-9.8,-9.4,6.7313,461.0388955
O=C(Nc1cncc(-c2cnc3[nH]ccc3c2)c1)c1cnc2c(F)ccc(F)c2c1,0.458896201,2.650075094,-10.1,-10,4.7036,401.1088165
O=c1[nH]cnc2cc(Nc3cncc(-c4cnc5[nH]ccc5c4)c3)cc(Cl)c12,0.428592433,2.866557451,-9.7,-9.1,4.2584,388.0839367
O=C(c1cc(F)cc2c(=O)c3cc(F)ccc3[nH]c12)N1CC=C(c2cncc3ccccc23)CC1,0.35190776,2.77894011,-11.1,-10.6,5.4372,467.1445333
O=C(Nc1nnc(-c2ccc3ccccc3c2)o1)N1CCCc2cc(-c3ccccc3)ccc21,0.341471484,2.348345144,-11.1,-10.6,6.5415,446.1742759
NCc1ccc2c(Nc3ccc4c(C5=CCNCC5)c[nH]c4c3)n[nH]c2c1,0.385008608,2.870151923,-9.4,-8.7,3.6232,358.1905947
C[C@H]1COc2c(F)c(F)cc3c(=O)c(C(=O)Oc4c5ccccc5c(C=O)c5ccccc45)cn1c23,0.14457079,3.36137466,-10.9,-11,5.5712,485.1074791
Brc1ccc2c(Nc3cc4cn[nH]c4s3)n[nH]c2n1,0.490453713,3.445889328,-7.7,-7.1,3.4018,333.9636273
Fc1cccc2cc(Nc3ccccc3-c3ccc4ccccc4c3)ncc12,0.375033433,2.119570288,-9.3,-9.9,6.9377,364.1375768
O=C(Nc1ccc2cn[nH]c(=O)c2c1)Nc1cccc(-c2ccc3ccccc3c2)n1,0.400586492,2.305618158,-11.2,-10.9,4.7823,407.1382248
c1cc2cc(Nc3cc4cn[nH]c4s3)ncc2[nH]1,0.514707661,3.267915426,-7.4,-7.2,3.2443,255.0578663
c1cc(Nc2cc(-c3ccc4ccccc4c3)[nH]n2)cc(-c2ccc3c(c2)CCN3)c1,0.317023527,2.419902215,-10.5,-10.4,6.6085,402.1844467
O=C(c1ccccc1Nc1cncc(-c2cnc3[nH]ccc3c2)c1)c1cccc2ccccc12,0.290860183,2.477476294,-10.6,-9.5,6.7527,440.1637113
Brc1cc2c(Nc3cnc4[nH]cc(Cc5ccccc5)c4c3)n[nH]c2cn1,0.360955134,2.747668846,-9.8,-9.5,4.9311,418.0541566
Cn1cc(C2=C(c3cccc(NC(=O)C(=O)N[C@H]4CCCC[C@H]4N)c3)C(=O)NC2=O)c2ccccc21,0.331450525,3.404755317,-10.1,-9.1,2.0701,485.2063043
O=C(O)c1cc(F)cc2c(=O)c3cc(N4C(=O)CN=C(c5ccccc5)c5cc(Br)ccc54)ccc3[nH]c12,0.268002343,2.803538531,-10.1,-9.9,5.7968,569.0386463
Nc1ccc(Cc2ccc3c(c2)CCN3C(=O)NCc2ccc(-c3ccc4ccccc4c3)cc2)cc1,0.26575746,2.302755025,-10.6,-10.3,6.9521,483.2310625
O=C(O)c1cc(F)cc2c(=O)c3cc(Nc4cncc(-c5cnc6[nH]ccc6c5)c4)ccc3[nH]c12,0.265404004,2.849988701,-11.2,-10.7,5.2005,465.1237176
CC1COc2c(F)c(Nc3nc(-c4ccc5c(c4)Cc4ccccc4-5)cs3)cc3c(=O)c(C(=O)O)cn1c23,0.283442132,3.417492249,-10.8,-11.2,6.2305,525.1158553
O=C1Cc2cc(CNC(=O)N3CCCc4cc(-c5ccccc5)ccc43)ccc2N1,0.683062432,2.305643264,-10.4,-9.5,4.5106,397.179027
Cn1cc(C2=C(c3cccc(NC(=O)Nc4ccncc4-c4ccncc4)c3)C(=O)NC2=O)c2ccccc21,0.290036138,2.724162217,-10.5,-10,4.8465,514.1753386
O=S(=O)(Cl)c1ccc(Nc2ccc(Cl)cc2-c2cccc3ccccc23)c2cnccc12,0.273389677,2.430215254,-9.6,-9.2,7.3795,478.0309541
O=C(NCc1ccc(-c2ccc3c(c2)CCCO3)cc1)Nc1cc(-c2ccc3ccccc3c2)[nH]n1,0.270457451,2.446133529,-10.9,-11,6.5436,474.2055761
CC(NC(=O)Nc1cc(-c2ccc3ccccc3c2)[nH]n1)c1ccc2[nH]ncc2c1,0.344384562,2.909890041,-10.2,-9.6,4.9889,396.1698593
O=Cc1c[nH]c2nccc(Nc3n[nH]c4nc(Br)ccc34)c12,0.386409993,3.093860617,-8.1,-8.1,3.1528,356.002121
Brc1cnc(Nc2cccc(-c3cn[nH]c3)c2)cc1-c1ccccn1,0.510772149,2.50922213,-8.9,-8.1,5.0398,391.0432575
O=C(c1ccc(Nc2ccc3c(c2)C(=O)c2ccccc2C3=O)cc1)c1cnc2ccccc2c1,0.331491782,2.244418588,-11.2,-11.1,5.9848,454.1317424
O=C(Nc1ccccc1-c1ccc2ccccc2c1)c1ccc2c(c1)-c1ccccc1C2,0.324445573,2.032217289,-12.3,-10.3,7.3303,411.1623143
O=C(Nc1nnc(-c2ccc3ccccc3c2)o1)Nc1n[nH]c2nc(Br)ccc12,0.346495688,2.676871075,-10.6,-9.9,4.5676,449.0235847
Brc1ccc2cc(NCc3ccc(-c4ccc5ccccc5c4)cc3)ncc2c1,0.31503609,2.081028249,-10.6,-9.9,7.4296,438.0731607
Cn1cc(C2=C(c3cccc(NC(=O)C(=O)N4CCc5[nH]c6ccc(C(=O)O)cc6c5C4)c3)C(=O)NC2=O)c2ccccc21,0.186662061,2.99118811,-11.3,-11.3,3.4484,587.1804835
Nc1cc(Nc2n[nH]c3ccc(C(F)(F)F)cc23)c2cn[nH]c2c1,0.420083201,2.714106333,-8.7,-8.7,3.7838,332.099729
Brc1ccc2[nH]ncc2c1Nc1cc(-c2cccnc2)ccn1,0.559309186,2.565460135,-8.8,-8.3,4.526,365.0276075
Clc1c(Nc2cc(-c3cccnc3)ccn2)ccc2[nH]ncc12,0.586016993,2.466568054,-8.8,-8.4,4.4169,321.0781231
Brc1cc2cnccc2cc1Nc1cc(-c2ccc3ccccc3c2)[nH]n1,0.364493022,2.472080193,-10.1,-9.4,6.2842,414.0480086
O=c1[nH]ccc2cc(N3CC=C(c4cncc5ccccc45)CC3)cc(F)c12,0.564025755,2.795955575,-10.2,-9.7,4.5091,371.1433904
FC(F)(F)c1cc2cc(Nc3ccccc3-c3ccc4ccccc4c3)ccc2cn1,0.325511803,2.281862165,-10.3,-9.5,7.8174,414.1343832
O=C(Nc1nc(-c2ccc3c(c2)Cc2ccccc2-3)cs1)N1CCc2ccccc2-c2ccccc21,0.273832552,2.477521595,-11.5,-11.2,7.6429,485.1561834
O=C(CN1CCc2cc(-c3cccc(F)c3)ccc21)c1ccc2c(c1)-c1ccccc1C2,0.318278239,2.319699058,-11.1,-10.4,6.3093,419.1685425
c1ccc2c(-c3nnc(Nc4ccc5[nH]ncc5c4)o3)cccc2c1,0.509487992,2.318530005,-9.8,-9,4.5097,327.11201
c1ccc2c(c1)cc(Nc1cc3cc[nH]c3cn1)c1ncccc12,0.450693258,2.416215496,-9.7,-9.3,5.0079,310.1218464
O=C(Nc1nc(-c2cccc3ccccc23)cs1)c1cccc(Nc2nc3ccccc3c(=O)[nH]2)c1,0.267895609,2.390470172,-12.2,-11,6.1957,489.1259458
O=C(O)c1cccc(N(C(=O)Nc2nc(-c3cccc4ccccc34)cs2)c2nc3ccccc3c(=O)[nH]2)c1,0.239656119,2.73235718,-11.2,-10.5,6.2682,533.1157751
O=c1ccc2c(Nc3ccccc3-c3ccc4ccccc4c3)ccc(F)c2[nH]1,0.389576664,2.209613881,-9.8,-9.9,6.231,380.1324914
O=C(NCc1ccc2c(c1)N(C(=O)/C=C/c1ccc3ncccc3c1)CCO2)c1ccccc1Cc1nc2ccccc2c(=O)[nH]1,0.233888224,2.9231013,-11.6,-11.2,5.4309,607.2219544
O=C(Cc1ccc2[nH]ncc2c1)Nc1ccc(F)c2cnccc12,0.607352724,2.318441375,-9.2,-8.6,3.4314,320.1073393
Nc1n[nH]c2cnc(Nc3ccc(Cc4nnc5ccccn45)cc3)cc12,0.456639637,2.623418654,-9.5,-8.7,2.9172,356.1497925
CC(Cc1ccc2[nH]ncc2c1)Nc1nccc(-c2ccccc2)n1,0.579229453,2.711780503,-8.7,-8.5,4.063,329.1640456
O=C1Cc2cc(F)ccc2N1c1ccc2c(c1)Cc1ccccc1-2,0.501835097,2.250268848,-9.7,-9.7,4.6177,315.1059423
Cc1c[nH]c2nccc(Nc3cc(-c4cccnc4)ccn3)c12,0.598317651,2.510435927,-8.6,-8.4,4.07192,301.1327455
O=C(O)c1ccc(Nc2ccc(Cl)cc2-c2cccc3ccccc23)c2ccncc12,0.321270219,2.289045242,-10,-8.6,7.1502,424.0978555
O=C(c1ccccc1Nc1ccc(-c2ccccc2)cn1)c1cccc2ccccc12,0.327128461,1.997410894,-9.8,-8.9,6.8764,400.1575633
O=C1Cc2cc(C3CCCCC3)ccc2N1c1ccc2ccc3cccnc3c2n1,0.38941733,2.566610593,-10.9,-10.4,6.0515,393.1841124
Cc1ccc(-c2cccc(Cl)c2)cc1NC(=O)Nc1cc2ccccc2cn1,0.420764742,2.032010963,-10.3,-9.3,6.50762,387.1138399
O=Cc1c[nH]c2nccc(Nc3cc(Br)c4cn[nH]c4c3)c12,0.488069095,2.95278129,-7.7,-7.8,3.7578,355.006872
c1cc(Nc2cc3cc[nH]c3cn2)c2cn[nH]c2c1,0.51071229,2.525582547,-7.9,-8,3.1828,249.1014454
Brc1ccc2[nH]ncc2c1N1CC=C(c2cncc3ccccc23)CC1,0.500735375,2.834213505,-9.1,-8.9,5.1673,404.0636586
N#Cc1cc(Nc2cc3cc[nH]c3cn2)ncc1Br,0.760340292,2.856820132,-7.6,-7.4,3.33568,312.9963074
Clc1cccc2c(Nc3cnc4[nH]cc(Cc5ccccc5)c4c3)n[nH]c12,0.393280016,2.530194231,-9.9,-9.4,5.427,373.1094232
Fc1cccc2c(N3CC=C(c4ccnc5[nH]ccc45)CC3)nccc12,0.580378764,2.707864654,-9.3,-9.3,4.5439,344.1437248
Cn1cc(C2=C(c3cccc(NC(=O)c4c(O)c5ccccc5n(C)c4=O)c3)C(=O)NC2=O)c2ccccc21,0.314233284,2.680816014,-10.9,-9.2,3.5553,518.1590198
O=C(c1cc2c(=O)[nH]c3ccccc3c2s1)N1C(=O)c2cccc3cccc1c23,0.417771042,2.537858328,-10.6,-10.7,4.6966,396.0568632
Fc1cc2nn[nH]c2cc1Nc1ncnc2[nH]c3cc(Br)ccc3c12,0.417503856,3.033664303,-9.4,-9,4.0276,397.0086836
Fc1cccc(-c2ccc3c(c2)CCN3c2ncc(Cl)c(-c3c[nH]c4ccccc34)n2)c1,0.33608719,2.515906423,-10.9,-10.3,6.7786,440.1204025
Cn1cc(C2=C(c3cccc(NC(=O)Nc4cccc5cnc(Cl)cc45)c3)C(=O)NC2=O)c2ccccc21,0.211596567,2.709996094,-11.1,-9.9,5.5911,521.1254672
Brc1cncc2c(Nc3cc(-c4ccc5ccccc5c4)[nH]n3)cccc12,0.364493022,2.436945577,-9.8,-9.6,6.2842,414.0480086
Cc1ccc(-c2cccc(Cl)c2)cc1NC(=O)Nc1ccc(F)c2cnccc12,0.400733369,2.157769092,-9.9,-9,6.64672,405.1044181
Clc1ccc(N2CC=C(c3cncc4ccccc34)CC2)c2cnccc12,0.450235116,2.617437116,-9.4,-9.1,5.7301,371.1189253
O=C(Nc1cnc2[nH]ccc2c1)C(=O)Nc1n[nH]c2ccc(C(F)(F)F)cc12,0.39513833,2.707298489,-9.3,-8.5,3.0352,388.0895583
c1ccc2c(c1)Cc1cc(Nc3n[nH]c4ccccc34)ccc1-2,0.487429476,2.1361478,-9.6,-9.3,4.8777,297.1265975
O=C1Cc2cc(C3CCCCC3)ccc2N1c1nccc2ccccc12,0.615620437,2.416210708,-9.1,-9.7,5.5033,342.1732133
CC(Cc1ccc2[nH]ncc2c1)Nc1ncc(Cl)c(-c2c[nH]c3ccccc23)n1,0.377153634,3.073573965,-8.9,-9.4,5.1977,402.1359723
O=C(NCc1ccc(-c2ccc3ccccc3c2)cc1)c1cccc(Nc2nc3ccccc3c(=O)[nH]2)c1,0.248440484,2.290740362,-11.6,-11.5,6.4169,496.189926
Clc1c(Nc2ccnc3[nH]ccc23)ccc2[nH]ncc12,0.523419788,2.680075117,-7.9,-8.1,3.8362,283.062473
O=C1C(=O)N(c2c[nH]c3cccnc23)c2ccc(-c3ccccc3)cc21,0.559419106,2.398432526,-9.2,-9.7,4.0909,339.1007767
O=C(Nc1cc(-c2ccc3ccccc3c2)[nH]n1)C(=O)N1C(=O)Cc2cc(C3CCCCC3)ccc21,0.389113692,2.82386612,-10.8,-11.4,5.332,478.2004907
Brc1cc2c(Nc3cccc4c3-c3ccccc3CO4)n[nH]c2cn1,0.469542344,2.770383045,-9,-9.1,5.0234,392.0272731
Cc1nccc(-n2ccc(Nc3cnc4[nH]cc(Cc5ccccc5)c4c3)n2)n1,0.477023072,2.670864743,-9.3,-9.5,4.18142,381.1701936
O=C1CCNc2ncccc2N1C(=O)c1cc(F)cc2c(=O)c3cc(F)ccc3[nH]c12,0.363841526,2.900903354,-10.6,-9.3,3.3435,420.1033967
O=C(Nc1ccc2[nH]nc(Br)c2c1)Nc1n[nH]c2nc[nH]c(=O)c12,0.355843824,3.067766583,-9.1,-9.3,1.929,388.0031836
Nc1c(Nc2ncc(Cl)c(-c3c[nH]c4ccccc34)n2)ccc2cc(Br)ccc12,0.265535645,2.550545691,-9.5,-9.5,6.5198,463.0199353
Cc1c[nH]c2nccc(Nc3nnc(-c4ccc5ccccc5c4)o3)c12,0.491746566,2.528280039,-9.1,-9,4.81812,341.1276601
O=C(Nc1nccc2ccc([N+](=O)[O-])cc12)c1cccc2c1oc1ccccc12,0.336871136,2.323155581,-10.3,-9.7,5.2947,383.0906059
Brc1cc2c(Nc3ccc4[nH]ncc4c3)n[nH]c2cn1,0.492705209,2.788302758,-8.1,-7.9,3.3403,328.0072064
Cc1ccc(Nc2ncccc2NC(=O)Nc2nc(-c3ccc4c(c3)Cc3ccccc3-4)cs2)cc1,0.234619569,2.45343621,-9.7,-10.1,7.47232,489.1623314
c1cc2cc(Nc3ccc(Cc4ccc5c(c4)CCN5)cc3)ncc2[nH]1,0.496889693,2.490577418,-9.2,-8.5,4.8653,340.1687966
Clc1ccc2cc(Nc3cc(-c4ccc5ccccc5c4)[nH]n3)ccc2c1,0.367678662,2.15106577,-10.2,-9.4,6.7801,369.1032752
Fc1cccc(-c2ccc(Nc3n[nH]c4nccc(Cl)c34)cc2F)c1,0.523408067,2.462008928,-8.8,-9.4,5.3001,356.0640305
O=c1[nH][nH]c2ncc(N3CCc4cc(-c5cccc(F)c5)ccc43)cc12,0.580899199,2.622310259,-10.1,-9.4,3.7515,346.1229893
Cc1c(Nc2cc3ccccc3cn2)cnc2[nH]ccc12,0.576706434,2.490986052,-8.3,-8.2,4.16312,274.1218464
NCc1ccc2c(Nc3ccnc4[nH]ccc34)n[nH]c2c1,0.463034947,2.62847166,-7.8,-7.7,2.6415,278.1279944
O=C(Nc1ccc(-c2ccnc3ccccc23)cc1)Nc1cc(Br)c2cn[nH]c2c1,0.301815849,2.328800956,-9.5,-9.4,6.1846,457.0538222
Nc1cc(Nc2ccc(-c3ccnc4ccccc34)cc2)c2cn[nH]c2c1,0.394930078,2.298269423,-9.4,-9.5,5.1039,351.1483955
O=C(O)c1cnc2c(Nc3cncc(-c4cnc5[nH]ccc5c4)c3)ccc(F)c2c1,0.402754918,2.72707085,-10,-9.2,4.754,399.1131529
O=C(O)c1cnc2c(F)ccc(Nc3cncc(-c4cnc5[nH]ccc5c4)c3)c2c1,0.402754918,2.700635836,-10,-9.2,4.754,399.1131529
Cc1sc(NC(=O)Nc2n[nH]c3ccncc23)nc1-c1c[nH]c2ncccc12,0.371706704,2.820106982,-9.8,-9.5,3.91012,390.1011281
C[C@@H](Nc1cc2c(C3=CCNCC3)c[nH]c2cc1F)c1cccc2cnccc12,0.439817489,3.266346635,-9.4,-8.9,5.405,386.190675
O=c1[nH]cnc2cc(Cl)cc(Nc3cncc(-c4cnc5[nH]ccc5c4)c3)c12,0.428592433,2.841364205,-9.8,-9,4.2584,388.0839367
Fc1ccc2c(C3=CCN(c4cc(I)cc5ccccc45)CC3)c[nH]c2c1,0.339566754,2.643303177,-9.4,-9.3,6.3585,468.0498748
O=c1cc(Nc2cc3cn[nH]c3cn2)c2cccnc2[nH]1,0.520075771,2.754089774,-8.4,-8,1.938,278.0916089
Cc1ccc2[nH]c(=O)ccc2c1Nc1cncc(-c2cnc3[nH]ccc3c2)c1,0.437562711,2.666488971,-9.7,-9.7,4.51842,367.1433102
Nc1ccc(Nc2ncnc3[nH]c4cc(Br)ccc4c23)c2ccncc12,0.368895986,2.659394267,-9,-8.9,4.7476,404.0385065
Nc1ccc(Nc2ncnc3[nH]c4cc(Br)ccc4c23)c2cnccc12,0.368895986,2.680280097,-9.2,-8.8,4.7476,404.0385065
C[C@H]1COc2c(C3(N)CC3)c(Nc3cncc(-c4cnc5[nH]ccc5c4)c3)cc3c(=O)c(C(=O)O)cn1c23,0.274886877,3.795831345,-10.6,-9.5,4.2828,508.1859032
O=[N+]([O-])c1cccc(-c2ccnc(Nc3cc(Br)cc4[nH]ncc34)n2)c1,0.379768052,2.507799336,-8.9,-8.6,4.4342,410.0126857
O=[N+]([O-])c1cccc(-c2ccnc(Nc3cc(F)c4cn[nH]c4c3)n2)c1,0.427695459,2.50907872,-9.2,-8.9,3.8108,350.0927518
Brc1c(Nc2ccc(-c3ccnc4ccccc34)cc2)ccc2ccncc12,0.339082383,2.245016442,-9.4,-10.4,6.9561,425.0527596
FC(F)(F)c1ccc2c(Nc3cnc4[nH]cc(Cc5ccccc5)c4c3)n[nH]c2n1,0.382357783,2.734466606,-9.7,-9.6,5.1874,408.1310291
Fc1cc(N2CC=C(c3cncc4ccccc34)CC2)c2ccncc2c1,0.493815671,2.631362885,-9.1,-9.2,5.2158,355.1484758
Brc1cc(Nc2ccc3[nH]ncc3c2)cc2[nH]ncc12,0.521843395,2.602860515,-8,-8.2,3.9453,327.0119574
O=c1[nH][nH]c2ncc(N3CCC(c4c[nH]c5ccccc45)CC3)cc12,0.527113097,2.649120675,-9.8,-9.1,3.1165,333.1589602
Clc1cc2cccc(Nc3ccccc3-c3ccc4ccccc4c3)c2cn1,0.328534998,2.126908749,-9.3,-9.4,7.452,380.1080262
Cn1cc(-c2cncc(Nc3ncnc4[nH]nc(I)c34)c2)cn1,0.496652065,3.058496145,-8,-8.1,2.4966,418.0151404
O=c1[nH]cnc2[nH]nc(Nc3ccc4[nH]ncc4c3)c12,0.436242011,2.89128294,-8.1,-8.1,1.2661,267.0868579
c1ccc2cc(Nc3ccc4cn[nH]c4n3)ncc2c1,0.580969507,2.430458103,-8.4,-8.2,3.2497,261.1014454
Cc1[nH]c2ccc(Nc3cncc(-c4cnc5[nH]ccc5c4)c3)cc2c1C=O,0.391443361,2.781496475,-9.8,-8.8,4.97072,367.1433102
O=C1NCCc2cc(F)c(Nc3ccc(-n4c(=S)[nH]c5ccccc5c4=O)cc3)cc21,0.423822943,2.551465501,-10.7,-9.7,4.21689,432.105625
C[C@H]1COc2c(C3(NC(=O)NNc4ccc5[nH]ncc5c4)CC3)c(F)cc3c(=O)c(C(=O)O)cn1c23,0.268822225,3.748314864,-10.1,-10.2,2.9839,492.155746
O=C(CN1CC=C(c2c[nH]c3ncccc23)CC1)c1ccc2c(c1)-c1ccccc1C2,0.423020674,2.627365744,-10.3,-9.9,5.1061,405.1841124
Clc1cnc(N2CC=C(c3c[nH]c4ncccc34)CC2)nc1-c1c[nH]c2ccccc12,0.402104072,2.835924941,-10.4,-9.3,5.4483,426.1359723
O=C(Nc1cncc(-c2cnc3[nH]ccc3c2)c1)C(=O)Nc1cncc(-c2cnc3[nH]ccc3c2)c1,0.283040358,2.933567269,-10.6,-9.9,4.1404,474.1552718
O=C(c1ccccc1N1C(=O)c2cccc3c(S(=O)(=O)Cl)ccc1c23)c1cccc2ccccc12,0.211336791,2.469729447,-10,-9.8,6.4434,497.0488567
Cn1cc(C2=C(c3cccc(NC(=O)N[C@H]4CCCC[C@H]4N)c3)C(=O)NC2=O)c2ccccc21,0.45023945,3.31900624,-9.7,-8.7,3.1369,457.2113897
O=C1CN=C(c2ccccc2)c2cc(Br)ccc2N1C(=O)c1cc(F)cc2c(=O)c3cc(F)ccc3[nH]c12,0.216300113,2.890252634,-11.1,-7.6,5.7464,571.0343099
NCc1ccc2c(NC(=O)NCc3ccc(-c4ccc5c(c4)CCCO5)cc3)n[nH]c2c1,0.380278289,2.474771562,-10.2,-9.6,4.3353,427.200825
Fc1cc2c(C3=CCNCC3)c[nH]c2cc1Nc1cccc2cnc(Cl)cc12,0.395957634,2.891473774,-9.8,-9.1,5.6289,392.1204025
Fc1cc2[nH]cc(C3=CCNCC3)c2cc1Nc1cccc2cnc(Cl)cc12,0.395957634,2.899413361,-9.6,-9.4,5.6289,392.1204025
Cn1cc(C2=C(c3cccc(NC(=O)C(=O)Nc4ccncc4-c4ccncc4)c3)C(=O)NC2=O)c2ccccc21,0.228570543,2.80350148,-11,-9.6,3.7797,542.1702532
O=C(OS(=O)(=O)c1ccc2c(c1)Cc1ccccc1-2)c1ccc(-c2cccc3cccnc23)cc1,0.290442519,2.470109538,-9.4,-10.5,6.0187,477.1034791
O=C(NCCc1ccc2[nH]ncc2c1)Nc1n[nH]c2nc(C(F)(F)F)ccc12,0.429376732,2.739796968,-9.4,-8.5,3.2172,389.1211927
O=c1[nH]cnc2c1cnn2-c1ccccc1Nc1ccc2c(c1)[nH]c1nc[nH]c(=O)c12,0.353856262,2.958663636,-10.2,-9.6,2.5702,410.1239717
Cc1sc(Nc2cc3c(cc2F)NC(=O)C3)nc1-c1c[nH]c2ncccc12,0.493529529,2.820349039,-9.3,-8.8,4.37212,379.0903093
Nc1n[nH]c2nc(Nc3nnc(-c4ccc5ccccc5c4)o3)ccc12,0.458602846,2.626105813,-9.5,-9.2,3.4869,343.118158
O=C1C(=O)N(C(=O)Nc2ccc3[nH]ncc3c2Cl)c2ccc(-c3ccccc3)cc21,0.464997081,2.561381725,-9.6,-9.6,4.6447,416.067618
C[C@H]1COc2c(F)c(F)cc3c(=O)c(C(=O)Nc4cccc5cnncc45)cn1c23,0.549302462,3.302179457,-10.1,-10,3.4286,408.1033967
C[C@H]1COc2c(Nc3cccc4cnncc34)c(F)cc3c(=O)c(C(=O)O)cn1c23,0.536440845,3.393746515,-9.6,-9.6,3.479,406.1077332
c1ccc(-c2ccnc(N[C@@H]3C[C@H]3c3ccc4ccccc4c3)c2)cc1,0.503962134,2.783978446,-9.6,-9.2,5.8698,336.1626486
O=C(CNc1ccc2c3c(cccc13)CC2)c1ccc2c(c1)-c1ccccc1C2,0.402017773,2.38082807,-9.9,-9.9,5.8044,375.1623143
O=C(Nc1cc(Br)c2cn[nH]c2c1)Nc1n[nH]c2ccc(C(F)(F)F)cc12,0.359020761,2.715458958,-9.9,-9.1,4.8645,438.0051557
O=C(Nc1cc2cc[nH]c2cn1)c1cccc(Nc2nc3ccccc3c(=O)[nH]2)c1,0.368815941,2.505081375,-10.6,-9.6,3.7953,396.1334738
NN(C(=O)Nc1cccc(-c2ccc(F)c(F)c2)c1)c1ccc2cn[nH]c2n1,0.285781182,2.742481391,-9.9,-9.9,3.8153,380.1197155
O=C1CCCc2c1[nH]c1ccc(Nc3n[nH]c4nc(C(F)(F)F)ccc34)cc21,0.46598849,2.853813122,-9.8,-9.7,4.7206,385.1150447
c1cc(Nc2ccc(-c3ccncc3)cn2)nc(-c2ccc3ccccc3c2)c1,0.412702216,2.176992773,-9.9,-9.4,6.1024,374.1531466
O=C(Nc1cnc2[nH]ccc2c1)Nc1nc(-c2c[nH]c3ncccc23)cs1,0.378407788,2.656768846,-9.3,-9.1,4.2067,375.090229
O=C(Nc1cnc2[nH]ccc2c1)C(=O)Nc1nc(-c2c[nH]c3ncccc23)cs1,0.344097929,2.716664922,-9.3,-8.9,3.1399,403.0851437
BrC(c1ccccc1)c1cccc(Nc2cc(-c3ccc4ccccc4c3)[nH]n2)c1,0.270792359,2.718269066,-10.2,-9.6,7.4578,453.0840597
Fc1cc2cnccc2cc1Nc1nnc(-c2ccc3ccccc3c2)o1,0.473842384,2.387168654,-10.1,-9.3,5.3207,356.1073393
Clc1cc2ccncc2cc1Nc1cc(-c2ccc3ccccc3c2)[nH]n1,0.398677513,2.416366731,-9.7,-9.5,6.1751,370.0985242
O=c1[nH]ccc2c(Nc3cc(-c4ccccc4)ccn3)cccc12,0.591531409,2.087162381,-9.3,-8.8,4.3337,313.1215121
Nc1cccc2c(NC(=O)N3CC=C(c4ccnc5[nH]ccc45)CC3)cccc12,0.44149316,2.621716143,-9.2,-9.4,4.6195,383.1746103
O=C1c2ccccc2C(=O)c2cc(Nc3cc(Br)cc4[nH]ncc34)ccc21,0.430186259,2.384848447,-10.4,-9.5,4.8444,417.0112887
NCCc1cccc(-c2cccc(N3CC=C(c4ccnc5[nH]ccc45)CC3)c2)c1,0.499364073,2.621970316,-9.2,-9.1,5.0248,394.2157468
Cc1ccc2cnccc2c1Nc1cc2c(=O)c(C(=O)O)cn3c2c(c1F)OC[C@@H]3C,0.511547475,3.361469374,0,0,4.39242,419.1281343
O=c1[nH]cnc2c1cnn2-c1ccccc1Nc1cncc(C2=CCNCC2)c1,0.499304929,2.990511254,-9,-9.1,2.6241,385.1651082
Nc1c(NC(=O)c2ccccc2Cc2nc3ccccc3c(=O)[nH]2)ccc2cc(Br)ccc12,0.293693355,2.462736268,-11.4,-8.7,5.2641,498.0691379
Fc1ccc2c(Nc3nc(-c4ccccc4)c4ccccc4n3)cccc2c1,0.405705229,2.000403281,-10.2,-9.6,6.3327,365.1328257
Cc1cccc(-c2cccc(C(=O)Nc3ccc(Cl)cc3-c3cccc4ccccc34)c2)c1,0.294169667,1.985548738,-10.3,-9.6,8.38792,447.138992
Cc1cccc(-c2cccc(C(=O)Oc3ccc(N)c(-c4cccc5ccccc45)c3)c2)c1,0.185439651,2.096594892,-11.6,-9.1,7.28362,429.172879
O=C1Cc2cc(C3CCCCC3)ccc2N1C(=O)Nc1n[nH]c2cccc(F)c12,0.653002317,2.784255581,-10.8,-10,4.8709,392.1648541
O=C(Nc1n[nH]c2cccc(F)c12)C(=O)N1C(=O)Cc2cc(C3CCCCC3)ccc21,0.616654106,2.896160056,-10.9,-10.6,3.8041,420.1597688
Nc1cc(-c2cccc(Nc3ccc(Oc4ccc5ccccc5c4)c(Cl)c3)c2)n[nH]1,0.282481818,2.354009705,-10.2,-9.7,7.0014,426.1247389
Cc1cc2ccncc2cc1Nc1cc(-c2ccc3ccccc3c2)[nH]n1,0.430283041,2.372541923,-9.8,-10,5.83012,350.1531466
Cc1c(Nc2ccc3c(c2)Cc2ccccc2-3)cnc2[nH]ccc12,0.471040517,2.473089792,-9.4,-8.2,5.18612,311.1422475
O=C1Cc2cc(Br)c(F)cc2N1C(=O)Nc1cccc(-c2ccc3ccccc3c2)n1,0.390599721,2.594415026,-11.1,-10.2,5.9246,475.033167
O=C1Cc2cc(Br)c(Nc3cccc(-c4ccc5ccccc5c4)n3)cc2N1,0.425482766,2.422058764,-10.4,-9.7,5.9025,429.0476742
O=C(Nc1ccc(F)c2cnccc12)c1cc(F)cc2c(=O)c3cc(F)ccc3[nH]c12,0.399904681,2.527755802,-10.7,-9.7,4.8991,419.0881613
Cc1nccc(-c2cccc(Nc3c4ccccc4c(C=O)c4ccccc34)c2)n1,0.288814332,2.389889243,-10,-9.7,6.31452,389.1528122
O=C(Nc1nccc2ccc([N+](=O)[O-])cc12)Nc1n[nH]c2cccc(I)c12,0.232418927,2.711515572,-10,-8.9,4.2679,473.9937362
CC1COc2c(F)c(Nc3ccc(F)c4ccccc34)cc3c(=O)c(C(=O)O)cn1c23,0.494482465,3.179510223,-9.8,-9.6,4.8281,422.1078134
Cc1cc2c(NCc3cc(=O)oc4ccc5ccccc5c34)cccc2cn1,0.342344091,2.370525744,-9.3,-9,5.41492,366.1368278
Nc1cccc2cnc(Nc3ccc4c(c3)NC(=O)C4)cc12,0.633654871,2.454148838,-8.9,-8.6,3.0552,290.1167611
O=c1[nH]cnc2[nH]c3cc(N4CC=C(c5c[nH]c6ncccc56)CC4)ccc3c12,0.435033471,3.006118768,-9.7,-9.9,3.5744,382.1542092
Fc1cccc(-c2ccc3c(c2)CCN3c2ccc3cn[nH]c3n2)c1,0.590114718,2.476706122,-9.3,-9.1,4.4582,330.1280747
Fc1cc(Nc2cccc(-c3ccc4c(c3)CCO4)c2)cc2[nH]ncc12,0.546332357,2.4336191,-9.7,-9.2,5.0475,345.1277404
CN(c1c2ccccc2c(C=O)c2ccccc12)C1CCN(c2ncnc3ccccc23)CC1,0.255857783,2.617183246,-10.1,-9.9,5.8539,446.2106615
C1=C(c2ccnc3[nH]ccc23)CCN(c2cc(-c3ccccc3)ccn2)C1,0.569164935,2.543332799,-9.5,-9.3,4.9186,352.1687966
O=c1[nH]c(=O)c2cc(Nc3cc(-c4ccc5ccccc5c4)[nH]n3)ccc2[nH]1,0.390379547,2.420829496,-10.3,-9.5,3.5033,369.1225747
Fc1cc(Nc2n[nH]c3cnccc23)cc2[nH]ncc12,0.5217424,2.766094935,-8.1,-7.7,2.7169,268.0872725
O=c1[nH]ccc2cc(Nc3n[nH]c4nc(C(F)(F)F)ccc34)ccc12,0.518396452,2.703024801,-9.2,-8.8,3.5618,345.0837446
O=C(CN1CC=C(c2ccnc3[nH]ccc23)CC1)c1ccc2c(c1)-c1ccccc1C2,0.423020674,2.695448185,-10.4,-9.9,5.1061,405.1841124
Fc1cccc2cc(Nc3n[nH]c4cnc(Br)cc34)ncc12,0.5285281,2.784193549,-9.1,-8,4.1513,357.0025356
Fc1cc(N2CC=C(c3cncc4ccccc34)CC2)c2cnccc2c1,0.493815671,2.652812308,-9.2,-9,5.2158,355.1484758
N[C@H]1CC[C@@H](Nc2ncc3ccc(F)cc3n2)C1,0.850979093,3.083625625,-7.4,-6.7,2.0606,246.1280747
N[C@@H]1CC[C@H](Nc2ncc3ccc(F)cc3n2)C1,0.850979093,3.083625625,-7.9,-7.1,2.0606,246.1280747
C1=C(c2cncc3ccccc23)CCN(Cc2ccc3ccncc3c2)C1,0.515761512,2.436566987,-9.2,-8.8,5.0723,351.1735477
O=c1[nH]cnc2cc(Nc3cc4cc[nH]c4cn3)cc(Cl)c12,0.53037069,2.793626242,-8.7,-8.3,3.1964,311.0573876
O=C1Cc2cc(C3CCCCC3)ccc2N1c1cnc2[nH][nH]c(=O)c2c1,0.7432712,2.847798518,-10.3,-9.6,3.5197,348.1586259
Cc1cc2ccc(Nc3cc(Br)c4cn[nH]c4c3)cc2cn1,0.537509275,2.549605088,-8.5,-8.5,4.92562,352.0323585
Clc1cccc2c(Nc3cc(-c4ccc5ccccc5c4)[nH]n3)cncc12,0.398677513,2.399765193,-9.8,-9.3,6.1751,370.0985242
Brc1ccc(N2CC=C(c3cncc4ccccc34)CC2)c2ccncc12,0.411245009,2.650056923,-9.3,-9.1,5.8392,415.0684097
O=C(Nc1cnc2[nH]ccc2c1)Nc1n[nH]c2ccc(C(F)(F)F)cc12,0.433025283,2.637242587,-9.6,-8.9,4.102,360.0946436
O=C1c2ccccc2C(=O)c2cc(NC(=O)N3C(=O)Cc4ccc(C(F)(F)F)cc43)ccc21,0.4594889,2.556811948,-11.6,-10.8,4.602,450.0827416
Cc1cc(=O)[nH]c2ccc(OC(=O)c3ccc4c(c3)-c3ccccc3C4)cc12,0.365598262,2.267330622,-10.9,-10.4,4.62692,367.1208434
Clc1cccc(-c2cc(Cl)ccc2Nc2ncnc3[nH]c4ccc(Br)cc4c23)c1,0.277573559,2.469118768,-9.5,-8.6,7.591,481.9700639
c1ccc(-c2ccnc(Nc3ccnc4ccncc34)c2)cc1,0.607419312,2.125817365,-8.6,-9,4.4354,298.1218464
O=C(Nc1cccc(-c2ccc3ccccc3c2)n1)N1C(=O)c2cccc3c(S(=O)(=O)Cl)ccc1c23,0.290705426,2.647618499,-11.9,-10.6,6.1748,513.0550047
O=C(Nc1cccc(-c2ccc3ccccc3c2)n1)C(=O)N1C(=O)c2cccc3c(S(=O)(=O)Cl)ccc1c23,0.250763652,2.761873146,-11.2,-11.1,5.108,541.0499193
O=c1[nH]cnc2[nH]c3cc(Nc4cc(Br)c5cn[nH]c5c4)ccc3c12,0.365314707,2.90930308,-9.3,-9.5,3.7868,394.0177711
O=C(Nc1cccc(-c2ccccc2)c1)C(=O)Nc1ccc(Cl)cc1-c1cccc2ccccc12,0.265279795,2.075412705,-11.2,-10.1,7.4044,476.1291556
O=C1NC(=O)c2c(Nc3ncnc4[nH]c5cc(Br)ccc5c34)cccc21,0.441183192,2.682637489,-9.8,-8.8,3.5008,407.0017867
O=C(O)c1cc(Nc2cc(-c3cc(F)cc(Br)c3)[nH]n2)c2[nH]c(=O)ccc2c1,0.376838597,2.725054867,-9.5,-8.7,4.2616,442.0076806
Cc1cccc(-c2ccc(Nc3ccc4[nH]nc(I)c4c3)cc2)c1,0.402357423,2.281124013,-8.8,-8.7,5.88652,425.0388955
Ic1n[nH]c2ncnc(Nc3cnc4[nH]cc(Cc5ccccc5)c4c3)c12,0.345223256,2.887840385,-8.9,-9.8,4.1682,467.0355414
O=C(Nc1ccc2[nH]nc(Br)c2c1)C(=O)Nc1n[nH]c2nc[nH]c(=O)c12,0.304115499,3.104331361,-9.5,-8.8,0.8622,415.9980982
N#Cc1ccc2c(c1)CCC(=O)N2C(=O)Nc1nnc(-c2cccc3ccccc23)o1,0.528971094,2.630829857,-11.3,-10,4.27278,409.1174893
c1cc(NCc2ccc(-c3ccc4c(c3)CCCO4)cc2)cc(-c2cn[nH]c2)c1,0.467456664,2.310089325,-9.6,-9.3,5.6808,381.1841124
CC(Cc1ccc2[nH]ncc2c1)NC(=O)Nc1n[nH]c2cc(Br)ccc12,0.407766608,3.020704253,-9,-8.6,3.9544,412.0647213
Cc1ccc(-c2csc(NC(=O)Nc3ccc4c(c3)C(=O)c3ccccc3C4=O)n2)cc1C,0.358848686,2.251318787,-11,-10.9,5.84634,453.1147125
Fc1cc(Br)cc(-c2cc(Nc3ccnc4ccc(I)cc34)n[nH]2)c1,0.339923263,2.648103159,-9,-8.7,5.8747,507.9195847
Fc1cc(Br)cc(-c2cc(Nc3ccc4nccc(Cl)c4c3)n[nH]2)c1,0.434653361,2.532926236,-8.9,-9.2,5.9235,415.9839644
Brc1cc2cnccc2cc1Nc1cc2ccccc2cn1,0.53383644,2.317729274,-9,-8.2,5.2891,349.0214595
Clc1cc2ccncc2cc1Nc1cc2ccccc2cn1,0.554245254,2.24915886,-8.9,-8.2,5.18,305.0719751
O=C(Nc1ccc(F)c2ccccc12)Nc1n[nH]c2cccc(F)c12,0.498276801,2.281682005,-9.6,-9.2,4.6383,338.0979174
O=C(Nc1ccc(F)c2ccccc12)C(=O)Nc1n[nH]c2cccc(F)c12,0.474126287,2.373791696,-10.2,-9,3.5715,366.0928321
ON=C(Nc1ncc2cc(F)cc(F)c2n1)c1cccc2ccccc12,0.244588014,2.644656566,-10.1,-9,4.3091,350.0979174
Fc1cccc(-c2ccc(Nc3ccnc4[nH]nc(Br)c34)cc2F)c1,0.482873977,2.585008928,-9,-9.1,5.4092,400.0135149
C1=C(c2ccnc3[nH]ccc23)CCN(c2cc3cc[nH]c3cn2)C1,0.592298887,2.930946266,-8.7,-8.6,3.7329,315.1483955
O=c1cc(Nc2n[nH]c3ncc(Br)cc23)c2ccncc2[nH]1,0.512315469,2.814981771,-8.3,-8,2.7005,356.002121
O=C(O)c1ccc2c(Nc3cccc(-c4cn[nH]c4)c3)n[nH]c2c1,0.461072101,2.430409288,-8.7,-8.2,3.3948,319.1069247
Cc1cc2cn[nH]c2cc1Nc1cc(F)c2ccccc2c1,0.550807149,2.304335617,-9,-8.9,4.90722,291.1171757
NN(C(=O)c1cccc(Nc2nc3ccccc3c(=O)[nH]2)c1)C(=O)c1ccc2c(c1)NC(=O)C2,0.159892434,2.741784899,-11.4,-10.5,2.3176,454.1389531
O=C1Cc2ccc(C(=O)NNC(=O)N(c3cccc(C(=O)O)c3)c3nc4ccccc4c(=O)[nH]3)cc2N1,0.268423588,2.890947274,-10.8,-9.6,2.3086,498.1287823
Clc1ccc2c(Nc3cc(-c4ccc5ccccc5c4)[nH]n3)cccc2n1,0.37294701,2.279551154,-10.4,-10,6.1751,370.0985242
Cn1cc(C2=C(c3cccc(NC(=O)NCc4ccc(-c5ccc6ccccc6c5)cc4)c3)C(=O)NC2=O)c2ccccc21,0.18869066,2.612986571,-11.8,-9.9,6.8874,576.2161408
O=C1NC(=O)c2cc(Nc3cc4cn[nH]c4cn3)ccc21,0.618406004,2.606927858,-8.3,-8.2,1.5851,279.0756245
O=c1[nH]ccc2cc(N3CCCc4c3cccc4C(F)(F)F)ccc12,0.698542465,2.510978647,-9.4,-9.1,4.6312,344.1136478
O=C(Nc1ccc(N2C(=O)c3cccc4cccc(c34)C2=O)cc1)Nc1cccc(-c2ccc3ccccc3c2)n1,0.229182215,2.426659649,-11,-10.4,7.4996,534.1691906
C[C@H](Nc1ccc2c(c1)[nH]c1nc[nH]c(=O)c12)c1cccc2cnccc12,0.454172075,3.087425917,-9.2,-9,4.1257,355.1433102
CC1COc2c(F)c(Nc3cccc4c3CC(=O)N4)cc3c(=O)c(C(=O)O)cn1c23,0.613530307,3.430178752,-9.9,-9.4,3.0304,409.1073988
O=C(Nc1nc2ccccc2c(=O)[nH]1)c1cc2c(=O)[nH]c3ccccc3c2s1,0.431391965,2.488987032,-9.9,-9.7,3.2316,388.0630112
c1ccc(-c2ccnc(Nc3ccc4cn[nH]c4n3)n2)cc1,0.605067763,2.339754826,-8.4,-8.5,3.1585,288.1123444
Brc1cc2[nH]ncc2cc1Nc1cccc(-c2ccc3c(c2)CCO3)c1,0.460967267,2.445086233,-9.3,-9.1,5.6709,405.0476742
O=C(Nc1ncnc2scc(-c3ccccc3)c12)c1n[nH]c(=O)c2ccccc12,0.479940539,2.344398858,-8.8,-9,3.8471,399.0789957
CC(Cc1ccc2[nH]ncc2c1)Nc1ccc2c(c1)[nH]c1nc[nH]c(=O)c12,0.395644867,3.2335747,-8.9,-9,3.3238,358.1542092
C[C@H]1COc2c(C3(N)CC3)c(F)cc3c(=O)c(C(=O)Nc4cncc(-c5cnc6[nH]ccc6c5)c4)cn1c23,0.331995586,3.716065961,-10.7,-10,4.2324,510.1815668
C[C@H]1COc2c(C3(NC(=O)Nc4cncc(-c5cnc6[nH]ccc6c5)c4)CC3)c(F)cc3c(=O)c(C(=O)O)cn1c23,0.248961881,3.799208303,-11.8,-9.8,4.5413,554.1713961
C[C@H]1COc2c(C3(NC(=O)C(=O)Nc4cncc(-c5cnc6[nH]ccc6c5)c4)CC3)c(F)cc3c(=O)c(C(=O)O)cn1c23,0.228509565,3.86535392,-10.8,-10.1,3.4745,582.1663107
Clc1cc2[nH]ncc2cc1N1CC=C(c2ccnc3[nH]ccc23)CC1,0.56402561,2.934748118,-8.8,-9.3,4.3863,349.1094232
O=C(Nc1cccc2ccccc12)Nc1ncnc2scc(-c3ccccc3)c12,0.38395925,2.15310231,-9.9,-9.1,6.1555,396.1044821
Brc1cc2cn[nH]c2cc1Nc1ccc(Cc2ccc3c(c2)CCN3)cc1,0.402088571,2.56185,-8.8,-9.1,5.6278,418.0793087
Clc1cc2[nH]ncc2cc1Nc1ccc(Cc2ccc3c(c2)CCN3)cc1,0.440594154,2.490528462,-9.5,-9.2,5.5187,374.1298243
Cc1cc2[nH]ncc2cc1Nc1ccc2[nH]ncc2c1,0.518203569,2.457410189,-8,-8.3,3.49122,263.1170954
Cc1cc2ccccc2cc1Nc1cc2cc[nH]c2cn1,0.55212113,2.258669923,-9,-8.5,4.76812,273.1265975
O=[N+]([O-])c1cccc(-c2ccnc(Nc3ccn4ncc(Br)c4n3)n2)c1,0.402738117,2.620233797,-8.8,-8.5,3.6006,411.0079347
O=c1[nH]cnc2[nH]c3cc(NCc4ccc(-c5ccc6ccccc6c5)cc4)ccc3c12,0.338125605,2.410427167,-10.3,-10.3,5.8367,416.1637113
O=c1[nH]ncc2ccc(Nc3ccc4cn[nH]c4n3)cc12,0.520075771,2.631770171,-8.4,-8.5,1.938,278.0916089
Clc1cnc(NCc2ccc(-c3ccc4ccccc4c3)cc2)nc1-c1c[nH]c2ccccc12,0.276726981,2.322962814,-9.8,-10.7,7.7106,460.1454744
Brc1cc(N2CC=C(c3cncc4ccccc34)CC2)cc2cnccc12,0.411245009,2.717371731,-9.2,-9,5.8392,415.0684097
O=C(Nc1cccc2cnccc12)C(=O)N1CCCc2cc(-c3ccccc3)ccc21,0.484763346,2.295630669,-9.7,-9.6,4.8197,407.1633769
FC(F)(F)c1cc2cc(Nc3cc(-c4ccccn4)c(Br)cn3)ccc2cn1,0.407162614,2.629716583,-9.4,-8.7,6.2167,444.0197431
Clc1cc(Nc2ccc3[nH]nc(Br)c3c2)cc2cn[nH]c12,0.487966801,2.838047404,-8.2,-8.2,4.5987,360.9729851
Cc1cc2cn[nH]c2cc1Nc1cc2c(nn1)-c1ccccc1C2,0.517214256,2.680255556,-9.5,-9.3,3.97612,313.1327455
O=C(NCc1ccc(-c2cccnc2)cc1)Nc1cc2cn[nH]c2cn1,0.528932736,2.329812506,-9.5,-8.8,3.3416,344.1385591
C1=C(c2ccnc3[nH]ccc23)CCN(c2cc3cn[nH]c3cn2)C1,0.59571599,3.007232804,-8.9,-8.7,3.1279,316.1436445
Clc1ccc(Nc2cc3cn[nH]c3cn2)c2ccncc12,0.588342364,2.61461434,-8,-8,3.9031,295.062473
O=c1[nH][nH]c2ncc(Nc3cccc(-c4cccnc4)n3)cc12,0.539673034,2.627156968,-9,-8.6,2.4518,304.107259
O=C(Nc1nc(-c2ccc3c(c2)Cc2ccccc2-3)cs1)N1CC=C(c2c[nH]c3ncccc23)CC1,0.294910189,2.786179539,-11,-11.3,6.5788,489.1623314
O=C1CCCc2c1[nH]c1cc(Nc3n[nH]c4cc(Br)ccc34)ccc21,0.443796779,2.626890857,-9.5,-9.2,5.0693,394.0429232
Cc1ccc(-c2cccc(Cl)c2)cc1NC(=O)Nc1ccc2[nH]nc(Br)c2c1,0.325642534,2.327740622,-9.9,-8.6,6.59822,454.0196009
Cc1ccc(-c2cccc(Nc3ccc4[nH]nc(Br)c4c3)c2)cc1N,0.395574258,2.426282005,-9.6,-9.1,5.62662,392.0636586
O=C(NCc1ccc(-c2ccc3c(c2)CCCO3)cc1)Nc1n[nH]c2cccc(I)c12,0.309617493,2.544484092,-10.4,-10,5.4812,524.0709239
O=C(NCc1ccc(-c2ccc3c(c2)CCCO3)cc1)C(=O)Nc1n[nH]c2cccc(I)c12,0.258295081,2.631944892,-10.2,-9.7,4.4144,552.0658385
Fc1ccc(-c2cccc(Nc3ccnc4[nH]ccc34)c2)cc1F,0.540756756,2.198753244,-9,-9.1,5.2517,321.1077539
Clc1c(Nc2ccc3c(c2)Cc2ccccc2-3)ccc2[nH]ncc12,0.446172863,2.384291092,-9.5,-8.7,5.5311,331.0876251
Ic1cccc2[nH]nc(Nc3cccc(-c4cn[nH]c4)c3)c12,0.448645821,2.653251405,-8.5,-8.7,4.3012,401.0137434
Fc1ccc2[nH]cc(C3=CCN(c4cc(-c5ncc[nH]5)ccn4)CC3)c2c1,0.570404428,2.813779039,-9.8,-9.1,4.3858,359.1546238
O=C(Nc1cccc2c1CCNC2)N(c1ccccc1)c1ccc2[nH]cc(C3=CCNCC3)c2c1,0.320183557,2.959634329,-10.6,-9.1,5.5605,463.2372105
O=C(Nc1nc(-c2ccc3c(c2)Cc2ccccc2-3)cs1)c1ccccc1Cc1nc2ccccc2c(=O)[nH]1,0.269430717,2.596165281,-11.1,-11.8,6.4609,526.1463469
C1=C(c2c[nH]c3ncccc23)CCN(c2ccc3[nH]ncc3c2)C1,0.592298887,2.718105881,-8.9,-9.3,3.7329,315.1483955
O=C1C(=O)N(C(=O)Nc2cc(-c3cccnc3)ccn2)c2ccc(-c3ccccc3)cc21,0.490242727,2.429399956,-10.7,-9.8,4.572,420.1222404
C[C@H]1COc2c(C3(N)CC3)c(F)cc3c(=O)c(C(=O)NNc4ccc5[nH]ncc5c4)cn1c23,0.355674673,3.660278111,-10.5,-8.8,2.675,448.1659168
C[C@H]1COc2c(C3(N)CC3)c(NNc3ccc4[nH]ncc4c3)cc3c(=O)c(C(=O)O)cn1c23,0.294058922,3.724616573,-9.9,-8.4,2.9162,446.1702532
Nc1n[nH]c2cc(CNC(=O)NCc3ccc(-c4ccc5c(c4)CCCO5)cc3)ccc12,0.38416835,2.432965016,-10.5,-10.1,4.1365,427.200825
O=S(=O)(Nc1nnc(-c2ccc3ccccc3c2)o1)c1cccc2cnccc12,0.48282215,2.371205012,-10.7,-9,4.2388,402.0786613
O=C(Nc1cc(CCc2ccccc2)ccn1)N1CC=C(c2ccnc3[nH]ccc23)CC1,0.470936949,2.634592026,-9.8,-10.3,5.0643,423.2059104
Fc1cccc(-c2ccc3c(c2)CCN3c2ccc3[nH]ncc3c2)c1,0.55706434,2.261763294,-9,-8.9,5.0632,329.1328257
CC(Cc1ccc2[nH]ncc2c1)NC(=O)N1CC=C(c2c[nH]c3cc(F)ccc23)CC1,0.453385874,3.19751139,-9.9,-9.5,4.6132,417.1964886
CC(Cc1ccc2[nH]ncc2c1)Nc1ccc2c(C3=CCNCC3)c[nH]c2c1,0.418519148,3.27850487,-8.7,-9.1,4.464,371.2109958
O=C(Nc1ccc2cn[nH]c2c1)c1ccc(Nc2cc3cccc(F)c3cn2)cc1,0.38697724,2.316084522,-9.3,-9.2,5.2461,397.1338884
O=C(NCCc1ccc2[nH]ncc2c1)C(=O)Nc1n[nH]c2nc(C(F)(F)F)ccc12,0.378414836,2.809969055,-9.7,-8.9,2.1504,417.1161073
C#Cc1ccc2c(Nc3cc(F)cc4cnccc34)n[nH]c2c1,0.550763194,2.690455043,-9.4,-9.3,3.9751,302.0967746
CC(Cl)C(=O)c1ccc2c(c1)CC(=O)N2c1cnc2[nH]cc(Cc3ccccc3)c2c1,0.350663397,3.134487673,-9.5,-8.9,5.1845,429.1244046
O=C(Nc1n[nH]c2cccc(I)c12)NC1(c2ccc3ccccc3c2)CC1,0.36513153,2.672273299,-9.4,-9.1,5.1315,468.0447092
O=C(Nc1n[nH]c2cccc(I)c12)C(=O)NC1(c2ccc3ccccc3c2)CC1,0.295484857,2.759085867,-9.7,-9.4,4.0647,496.0396238
O=C(Nc1ccc2c(c1)C(=O)c1ccccc1C2=O)Nc1cccc2cnncc12,0.470380659,2.336539285,-10.1,-9.9,4.0492,394.1065903
Cc1sc(Nc2cc3c(cc2Br)CC(=O)N3)nc1-c1c[nH]c2ncccc12,0.419067237,2.871712944,-9,-8.9,4.99552,439.0102432
CN1CCN(c2ccc(Nc3cc4c5c(c(=O)oc4cc3O)CCCC5)c3cnccc23)CC1,0.348814248,2.768192281,-10.3,-10,4.421,456.2161408
O=c1cc(CN2CC=C(c3c[nH]c4ncccc34)CC2)c2c(ccc3ccccc32)o1,0.333392653,2.657685811,-10.7,-10.2,5.1118,407.1633769
O=C(NCc1ccc2c(c1)N(C(=O)c1ccccc1Cc1nc3ccccc3c(=O)[nH]1)CCO2)c1ccc2ccc3ccccc3c2n1,0.211722077,2.928435623,-13.1,-12.5,6.1845,631.2219544
O=C(NCc1ccc2c(c1)N(C(=O)c1ccc3ccc4ccccc4c3n1)CCO2)c1ccccc1Cc1nc2ccccc2c(=O)[nH]1,0.211722077,2.928604527,-12.5,-13,6.1845,631.2219544
O=C(Nc1ccc2[nH]ncc2c1Cl)C(=O)N1C(=O)C(=O)c2cc(-c3ccccc3)ccc21,0.458799154,2.674527761,-10.5,-9.5,3.5779,444.0625326
O=C(Nc1nccc(-c2cccc([N+](=O)[O-])c2)n1)C(=O)N1CC=C(c2cncc3ccccc23)CC1,0.266540434,2.825653707,-11.2,-10.5,3.8544,480.1546031
Clc1cc2ccc(Nc3ccc(Oc4ccc5ccccc5c4)c(Cl)c3)cc2cn1,0.291136859,2.201793963,-9.8,-9.7,8.2307,430.0639685
Clc1ccc2cc(Nc3ccc(Oc4ccc5ccccc5c4)c(Cl)c3)ncc2c1,0.311223084,2.159234347,-10.1,-9.9,8.2307,430.0639685
O=C(NCc1ccc2cn[nH]c2c1)N1C(=O)c2cccc3cccc1c23,0.584282975,2.446378477,-9.8,-10,3.5861,342.1116757
O=c1[nH]cnc2c1cnn2-c1ccccc1Nc1n[nH]c2cnc(Br)cc12,0.384448496,3.009413011,-9.4,-9.2,2.8862,422.0239191
O=C(c1ccc(-c2cccc3cccnc23)cc1)N1CCN(Cc2nc3sc4c(c3c(=O)[nH]2)CCCC4)CC1,0.348879013,2.585359261,-10.9,-11,5.0366,535.2041962
O=C(NNc1ccc2cn[nH]c2n1)Nc1cccc(-c2ccc(F)c(F)c2)c1,0.40183786,2.517262246,-10.7,-9.6,4.0517,380.1197155
Brc1cc2ccncc2cc1Nc1nnc(-c2ccc3ccccc3c2)o1,0.393462341,2.439887885,-10,-9.4,5.9441,416.0272731
O=C(Nc1cccc2cccnc12)c1ccc(Nc2cc3cn[nH]c3cn2)cc1,0.426539817,2.33673773,-9.8,-9.2,4.502,380.1385591
O=c1cc(CNc2cccc(-c3ccc4c(c3)CCO4)c2)c2c(ccc3ccccc32)o1,0.279956986,2.36152401,-10.3,-9.3,6.1602,419.1521435
C[C@H]1COc2c(F)c(F)cc3c(=O)c(C(=O)Oc4cccc5cc(Br)c(I)nc45)cn1c23,0.131815615,3.585598262,-10.9,-10.1,5.3676,611.8993234
O=C1CCCc2c1[nH]c1cc(Nc3ccc(-c4ccnc5ccccc45)cc3)ccc21,0.354681314,2.362765744,-10.2,-10.1,6.6457,403.1684623
Clc1cc2c(Nc3ccc4c(c3)-c3ccccc3C4)cccc2cn1,0.386024697,2.253715685,-10,-9.9,6.203,342.0923762
CN1CCN(c2ccc(Nc3cccc4c3-c3ccccc3CO4)c3cnccc23)CC1,0.485838887,2.562845629,-10.1,-9.7,5.2896,422.2106615
O=C(Nc1nc(-c2ccc3c(c2)Cc2ccccc2-3)cs1)c1ccc(-n2cnc3ccccc32)cc1,0.293384003,2.388215197,-10.6,-11.2,6.9725,484.1357823
Nc1nc(-c2ccc3c(c2)CCC(=O)N3C(=O)Nc2ccccc2-c2ccc3ccccc3c2)cs1,0.293674096,2.559494252,-10.6,-9.4,6.7238,490.1463469
O=c1[nH][nH]c2ncc(NCc3ccc(-c4ccc5c(c4)CCO5)cc3)cc12,0.521642739,2.539966154,-9.8,-9.2,3.4652,358.1429758
c1ccc2c(c1)Cc1cc(Nc3ccc(Cc4ccc5c(c4)CCN5)cc3)nnc1-2,0.434267296,2.585592494,-10,-9.8,5.3502,390.1844467
O=C(NCCc1cccc(-c2cccc(Cl)c2)c1)N1CC=C(c2ccnc3[nH]ccc23)CC1,0.390977041,2.586817731,-9.5,-9.4,5.9247,456.1716891
O=C(c1ccc(Nc2cc3c(=O)[nH]cnc3cc2F)cc1)c1cnc2ccccc2c1,0.423448719,2.437416011,-10.2,-10.1,4.585,410.1179039
FC(F)(F)c1ccc2c(Nc3cc4c(nn3)-c3ccccc3CCC4)n[nH]c2n1,0.514956222,2.857200086,-9.8,-9.8,4.666,396.1310291
c1cc(Nc2cc3c(nn2)-c2ccccc2OC3)cc(-c2ccc3c(c2)CCO3)c1,0.506294627,2.547029417,-10.6,-9.7,5.3815,393.1477268
O=C(Oc1cccc(C(=O)c2cccc(F)c2)c1)c1ccc2c(c1)-c1ccccc1C2,0.212928652,2.143774473,-10.5,-10.1,5.8471,408.1161726
Cc1ccc2cnccc2c1NC(=O)c1cn2c3c(c(F)c(F)cc3c1=O)OC[C@@H]2C,0.522606409,3.241327729,-10,-10.1,4.34202,421.1237978
Fc1ccc2c(Nc3ccc4cn[nH]c4c3)n[nH]c2c1,0.521508851,2.411778898,-8.3,-7.9,3.3219,267.0920235
O=C(NCc1ccc2[nH]nnc2c1)Nc1ncnc2[nH]ccc12,0.456863005,2.81820742,-8.6,-8.3,1.5509,308.113407
NN(CCc1ccc2ccccc2c1)c1ccc2c(c1)[nH]c1nc[nH]c(=O)c12,0.334084951,2.745945631,-9.8,-9.6,3.4804,369.1589602
O=C(Oc1ccc2cc(S(=O)(=O)Cl)ccc2c1)c1cc2c(cn1)Cc1ccccc1-2,0.22750833,2.490082083,-10.7,-9.9,4.9527,435.0332066
Oc1cc(Nc2cc3cc[nH]c3cn2)cc(-c2cccnc2)c1,0.533021159,2.473022805,-8.6,-8.3,4.0741,302.1167611
O=C(CNc1nc(-c2ccc3ccccc3c2)cs1)c1ccc2c(c1)-c1ccccc1C2,0.303652651,2.353717694,-10.6,-8.8,6.8293,432.1296343
O=C1Cc2cccc(CNC(=O)Nc3cc4cn[nH]c4cn3)c2N1,0.588539066,2.825734782,-9.4,-8.3,1.7742,322.1178237
O=C1NC(=O)c2c(NCc3cc(=O)oc4ccc5ccccc5c34)cccc21,0.32762039,2.426332331,-10.3,-10.1,3.4419,370.0953569
O=C(Nc1nccc2ccc([N+](=O)[O-])cc12)C(=O)Nc1n[nH]c2cccc(I)c12,0.170030723,2.789539593,-9.8,-8.8,3.2011,501.9886508
CC1COc2c(Nc3ccc(F)c4ccccc34)c(F)cc3c(=O)c(C(=O)O)cn1c23,0.494482465,3.140519772,-10.2,-9.7,4.8281,422.1078134
Fc1cc(NCc2ccc(-c3ccc4ccccc4c3)cc2)cc2ccncc12,0.371634166,2.119390145,-9.8,-9.7,6.8062,378.1532268
Clc1cccc2c(Nc3ccc4ccncc4c3Br)cncc12,0.464369478,2.50738409,-8.8,-8.4,5.9425,382.9824871
O=C(NS(=O)(=O)c1ccc2c(c1)oc1ccccc12)N1CCc2ccc(-c3ccccc3)cc2C1,0.357255585,2.389075601,-11.1,-10.4,5.7096,482.1300282
Clc1ccc2ccncc2c1Nc1ncnc2[nH]c3cc(Br)ccc3c12,0.374641597,2.686337789,-9.3,-9,5.8188,422.9886351
Ic1n[nH]c2ccc(N[C@@H]3C[C@H]3c3ccc4ccccc4c3)cc12,0.438340523,3.294781194,-9.3,-9.4,5.2887,425.0388955
O=C(Nc1ccc(Cl)cc1-c1cccc2ccccc12)c1ccc(F)c2ccncc12,0.334024135,2.216992934,-10.1,-9.4,7.0998,426.093519
C1=C(c2ccnc3[nH]ccc23)CCN(c2ncnc3[nH]c4ccccc4c23)C1,0.488977115,2.837847105,-9.4,-9.9,4.2811,366.1592946
O=C(Nc1ccc2oc3ccccc3c(=O)c2c1)c1ccc2ccc3ccccc3c2n1,0.281747622,2.219690057,-11.8,-11.4,5.8999,416.1160924
O=Cc1c[nH]c2nccc(Nc3nccc4ccc(Br)cc34)c12,0.525807451,2.664961587,-8.3,-8.1,4.4297,366.0116231
O=C(c1ccccc1)c1cccc(N2C(=O)c3cccc4c(S(=O)(=O)Cl)ccc2c34)c1,0.314538748,2.294817864,-10.8,-10.2,5.2902,447.0332066
Clc1c(Nc2ncc3cccc(Br)c3n2)ccc2[nH]ncc12,0.535099962,2.633382973,-8.2,-8.3,4.6656,372.9729851
N#Cc1ccc(NCCNC(=O)Nc2cncc(-c3cnc4[nH]ccc4c3)c2)nc1,0.369086135,2.708136795,-8.6,-8.3,3.12518,398.1603572
Cc1cc2[nH]ncc2cc1NC(C)Cc1ccc2[nH]ncc2c1,0.537045641,3.01463297,-8.4,-8.3,3.79072,305.1640456
O=C(Nc1nccc2cnccc12)c1cc2c(=O)[nH]c3ccccc3c2s1,0.491273721,2.514786332,-9.6,-9.2,3.9383,372.0680966
Fc1cccc2c(N3CCc4ccc(-c5ccccc5)cc4C3)cccc12,0.41407041,2.018751923,-10.3,-9.4,6.2086,353.1579779
c1ccc2cc(-c3nnc(Nc4cc(-c5ncc[nH]5)ccn4)o3)ccc2c1,0.496246519,2.559278099,-10.1,-9.3,4.4185,354.1229091
Cc1ccc(-c2cccc(Nc3nc(-c4ccccc4)nc4ccccc34)c2)cc1,0.360096277,1.891291665,-10.9,-10,7.01582,387.1735477
Cn1cc(-c2cncc(N3CC=C(c4c[nH]c5ncccc45)CC3)c2)cn1,0.6085424,2.832177116,-9.1,-9.3,3.6521,356.1749446
c1ccc2c(c1)Cc1cc(-c3csc(Nc4cc5cn[nH]c5s4)n3)ccc1-2,0.388439302,2.869884936,-9.5,-9.6,6.0627,386.0659884
Clc1ccc(-c2cccc(Nc3ccc4[nH]ncc4c3)c2)cc1Cl,0.454489913,2.081147969,-9.1,-8.7,6.2803,353.0486528
c1cc(Nc2ccc3[nH]ncc3c2)cc(-c2ccc3c(c2)CCO3)c1,0.562028866,2.244340467,-9.7,-9,4.9084,327.1371622
O=C(CN1CCCCCNCCCCCNCCCCC1)c1ccc2c(c1)-c1ccccc1C2,0.509498138,2.933914476,-11.4,-9.7,5.4462,461.340613
Brc1c(Nc2ccc3[nH]ncc3c2)ccc2ccncc12,0.560384723,2.469316821,-8,-8.1,4.6172,338.0167085
Clc1cccc(C(Nc2cnc3[nH]cc(Cc4ccccc4)c3c2)c2cccc(Cl)c2)c1,0.274250508,2.400937683,-9.5,-9.1,7.662,457.111253
Fc1cc2[nH]cc(C3=CCNCC3)c2cc1Nc1c[nH]nc1-c1nccs1,0.426083579,3.391418077,-8.8,-8.6,4.2739,380.1219438
O=C(Nc1cccc(-c2ccc3c(c2)CCO3)c1)Nc1ccncc1-c1ccncc1,0.474695711,2.3251027,-9.9,-8.9,5.3895,408.1586259
O=C(Nc1cncc(-c2cnc3[nH]ccc3c2)c1)Nc1cccc2cnc(Cl)cc12,0.340906778,2.640915291,-10.5,-9.8,5.4705,414.0995868
C1=C(c2c[nH]c3ccc(Nc4nccc(-c5cnccn5)n4)cc23)CCNC1,0.509657337,2.830907545,-9.6,-8.8,3.5352,369.1701936
Cn1cc(C2=C(c3cccc(NC(=O)Nc4ccc5cnccc5c4)c3)C(=O)NC2=O)c2ccccc21,0.312456668,2.590674011,-11.2,-9.9,4.9377,487.1644395
Cc1c[nH]c2ncc(Nc3cc4ccccc4c4cccnc34)cc12,0.432277969,2.446933149,-9.7,-9.7,5.31632,324.1374965
C(#Cc1cccc(Nc2cc(-c3ncc[nH]3)ccn2)c1)c1ccccc1,0.537011114,2.436128306,-9.2,-8.3,4.6151,336.1374965
Brc1cc(Nc2n[nH]c3cnccc23)c2cn[nH]c2c1,0.526698116,2.759256343,-7.9,-7.6,3.3403,328.0072064
Nc1ccc2c(Cl)cc(Nc3ncnc4[nH]nc(I)c34)cc2n1,0.414690089,3.00453278,-8.3,-8.3,3.4849,436.965269
Nc1ncnc2[nH]nc(Nc3ccc4c(Cl)cc(Cl)cc4n3)c12,0.512706468,2.764608304,-9.2,-9.1,3.5337,345.0296486
Fc1cccc(-c2ccc3c(c2)CCN3c2cnc3[nH]cc(Cc4ccccc4)c3c2)c1,0.353440203,2.43129988,-10.3,-10.5,6.654,419.1797759
Brc1cc(N2CC=C(c3cncc4ccccc34)CC2)cc2ccncc12,0.411245009,2.727657693,-9.2,-9,5.8392,415.0684097
O=C(c1ccccc1Nc1ccc2c(c1)oc1ccccc12)c1cccc2ccccc12,0.300916572,2.106416641,-10,-9.8,7.7138,413.1415788
O=Cc1c[nH]c2nccc(Nc3nc(-c4c[nH]c5ncccc45)cs3)c12,0.418746839,2.867246472,-8.7,-8.4,4.1188,360.07933
c1cnc2ccc(Nc3cc4cc[nH]c4cn3)cc2c1,0.575194062,2.274801949,-8.3,-7.8,3.8547,260.1061964
Fc1cc2nn[nH]c2cc1Nc1ccc2c(c1)[nH]c1ncnc(Cl)c12,0.418001653,3.027594756,-9.1,-9.3,3.9185,353.0591992
c1ccc2c(c1)cc(Nc1ccc3[nH]ncc3c1)c1ncccc12,0.450693258,2.258028958,-9.6,-9.5,5.0079,310.1218464
O=C(Nc1nc2[nH]ccc2c(=O)[nH]1)Nc1cc2cccnc2c2ncccc12,0.354649134,2.752026119,-10.6,-9.9,2.9916,371.1130727
O=C(Nc1nc2[nH]ccc2c(=O)[nH]1)C(=O)Nc1cc2cccnc2c2ncccc12,0.263523357,2.820613555,-10,-9.3,1.9248,399.1079873
O=C(NC(=O)c1cccc2c1CCNC2)Nc1ncnc2[nH]ccc12,0.567393685,2.721276104,-9,-8.8,1.5655,336.1334738
O=C(Cc1cccc2ccncc12)Oc1ccc2c(C3=CCNCC3)c[nH]c2c1,0.408572593,2.752853294,-9.2,-9.3,4.2409,383.1633769
Cc1cc2ccc(Nc3cc(-c4ccc5ccccc5c4)[nH]n3)cc2c(=O)[nH]1,0.414660054,2.405750697,-10.7,-9.5,5.12342,366.1480612
O=C(Cc1ccc2[nH]nnc2c1)Nc1n[nH]c2cnc(Br)cc12,0.47740037,3.028737247,-8.5,-8.6,2.1729,371.01302
O=Cc1ccc(I)cc1Nc1cc(I)ccn1,0.571356374,2.852518505,-7.1,-6.6,3.8469,449.8726089
O=C(Nc1ccc2cn[nH]c(=O)c2c1)NC1(c2ccc3ccccc3c2)CC1,0.511295954,2.448725493,-10,-9.3,3.8871,370.1429758
Cc1nccc(-c2cccc(Nc3ccc4c(N)n[nH]c4c3)c2)n1,0.536253663,2.365259178,-8.8,-8.7,3.65412,316.1436445
Clc1cccc2cc(Nc3cccc4[nH]ncc34)ncc12,0.57179334,2.323322529,-8.5,-8.4,4.5081,294.067224
Cc1cccc(COc2cccc(Nc3ccc4c(c3)[nH]c3nc[nH]c(=O)c34)c2)c1,0.388832851,2.441739942,-9.9,-9.2,5.03542,396.1586259
Brc1ccc2cccc(Nc3cc4cn[nH]c4cn3)c2c1,0.560384723,2.404005407,-8.3,-8.6,4.6172,338.0167085
O=c1[nH]cnc2[nH]c3cc(N4CCc5cnccc54)ccc3c12,0.566146615,2.810213302,-8.4,-8.6,2.4936,303.11201
Cc1cc(Nc2n[nH]c3cccc(I)c23)cc2ccc(=O)[nH]c12,0.431831367,2.687174738,-8.8,-8.9,4.06102,416.013409
FC(F)(F)c1ccc2c(Nc3cncc4ccsc34)n[nH]c2n1,0.57209446,2.990304808,-8.3,-8,4.33,335.0452509
O=C1CCc2cccc(N3CCCc4cc(-c5ccccc5)ccc43)c21,0.608437313,2.238704814,-9.4,-8.9,5.5668,339.1623143
O=c1[nH]cnc2c1cnn2-c1ccccc1Nc1ccnc2c1ccc1cccnc12,0.432477825,2.709563737,-10.4,-9.6,3.9488,405.1338081
O=Cc1c[nH]c2nccc(Nc3cccc4cnncc34)c12,0.566223183,2.823231049,-8.4,-8.3,3.0622,289.09636
c1cc2[nH]ncc2cc1Nc1ccc2cn[nH]c2n1,0.510351093,2.596895097,-7.9,-7.9,2.5778,250.0966943
O=C(NCCc1ccc2[nH]ncc2c1)Nc1cc(-c2cccnc2)ccn1,0.509497061,2.358664616,-9.1,-8.6,3.3841,358.1542092
O=C1CCc2cc(F)c(Nc3ncnc4[nH]c5ccccc5c34)cc2N1,0.513843244,2.631361271,-10.1,-9.2,3.8785,347.1182383
c1cc(Nc2cc3cn[nH]c3cn2)c2cnccc2c1,0.580969507,2.48664118,-8,-8,3.2497,261.1014454
Oc1cccc(-c2ccc(Nc3nccc(-c4ccccc4)n3)cc2)c1,0.532329531,1.881139579,-9.1,-9.2,5.2598,339.1371622
O=C1Cc2ccc(Nc3ccc4c5c([nH]c4c3)C(=O)CCC5)cc2N1,0.666035865,2.585578107,-9.5,-9.4,3.9251,331.1320768
c1ccc2cc(C3(Nc4cc(-c5ncc[nH]5)ccn4)CC3)ccc2c1,0.570054696,2.641546454,-9.5,-8.4,4.7261,326.1531466
O=C1Cc2ccc(C(=O)NNC(=O)C(=O)N3CC=C(c4ccnc5[nH]ccc45)CC3)cc2N1,0.347079682,3.004477968,-9.7,-10,1.1344,444.1546031
O=C(CBr)c1cccc(Nc2cc3cc[nH]c3cn2)c1,0.563668665,2.429556114,-7.7,-7.3,3.8841,329.0163741
CN1CCN(c2ccc(Nc3cc(-c4ncc[nH]4)ccn3)c3cnccc23)CC1,0.560040778,2.658361344,-9.7,-8.3,3.5153,385.2014937
O=C(NNc1ccc2[nH]ncc2c1)N1CC=C(c2cncc3ccccc23)CC1,0.467190944,2.7795329,-9.7,-9.4,3.9369,384.1698593
O=C(NNc1ccc2[nH]ncc2c1)C(=O)N1CC=C(c2cncc3ccccc23)CC1,0.354683013,2.881488826,-9.6,-9.7,2.8701,412.1647739
O=c1[nH]ccc2c(Nc3cc(Br)c4ccncc4c3)cccc12,0.545950632,2.436888567,-8.8,-9.1,4.5824,365.0163741
O=C1NC(=O)c2c(Nc3ccc4c(c3)[nH]c3ncnc(Cl)c34)cccc21,0.374212042,2.676729797,-9.4,-9.7,3.3917,363.0523022
Nc1cccc2c1C(=O)N(c1ccc3c(c1)[nH]c1ncnc(Cl)c13)C2=O,0.306855734,2.646498928,-9.6,-9.5,3.1473,363.0523022
O=C1Cc2ccc(CC(=O)Nc3cc4cccnc4c4ncccc34)cc2N1,0.54258073,2.45307246,-10,-10.1,3.4588,368.1273258
O=C1CCc2cc(Br)c(Nc3ncnc4[nH]c5ccccc5c34)cc2N1,0.456190031,2.684384753,-10.1,-8.8,4.5019,407.0381722
O=C(O)c1cc(N2C(=O)CCNc3ncccc32)cc2c(=O)c3cc(F)ccc3[nH]c12,0.429978744,2.814615067,-10.3,-9.4,3.3939,418.1077332
O=[N+]([O-])c1cccc(-c2cc(Nc3cc4c(nn3)-c3ccccc3OC4)[nH]n2)c1,0.400548004,2.850961211,-10.3,-9.3,4.0779,386.1127383
O=C1NCCc2ccc(Nc3cnc4[nH]cc(Cc5ccccc5)c4c3)cc21,0.505981235,2.483065191,-9.8,-9.7,4.1832,368.1637113
Cc1ccc2ccc(Nc3ccc4[nH]nc(Br)c4c3)cc2c1,0.497930189,2.357595713,-9.1,-8.8,5.53062,351.0371095
Cc1cccc(Nc2cncc(-c3cnc4[nH]ccc4c3)c2)c1N=[N+]=[N-],0.285913163,2.933010664,-8.9,-8.1,5.61872,341.1388935
Cc1cc2[nH]ncc2cc1Nc1ccc2c(I)ccnc2c1,0.47705431,2.548410857,-8.9,-8.3,4.76772,400.0184944
Nc1ccc2cc(Br)ccc2c1Nc1ncc(Cl)c(-c2c[nH]c3ccccc23)n1,0.265535645,2.580471515,-9.7,-9.4,6.5198,463.0199353
N#Cc1ccc2c(c1)CCC(=O)N2C(=O)C(=O)Nc1nnc(-c2cccc3ccccc23)o1,0.476756821,2.753799912,-10.6,-10.3,3.20598,437.112404
O=C(c1cc2c(cn1)Cc1ccccc1-2)N1CCCc2cc(OC(F)(F)F)ccc21,0.459365586,2.567928058,-9.8,-10,5.1444,410.1242124
O=C(c1ccccc1Nc1n[nH]c2cccnc12)c1cccc2ccccc12,0.436055249,2.254019778,-9.2,-9.4,5.0857,364.1324111
OC(c1ccccc1)c1cccc(N2CCc3cc(-c4cccc(F)c4)ccc32)c1,0.440238901,2.580282348,-10.2,-9,6.2686,395.1685425
CC(Cc1ccc2[nH]ncc2c1)NC(=O)C(=O)Nc1n[nH]c2cc(Br)ccc12,0.36471423,3.109613885,-9.2,-8.5,2.8876,440.0596359
O=c1ccc2c(Nc3ncnc4[nH]c5ccc(Br)cc5c34)cccc2[nH]1,0.40417008,2.537794064,-9,-9,4.4587,405.0225221
O=c1ccc2c(Nc3ccc4[nH]c5ncnc(Cl)c5c4c3)cccc2[nH]1,0.407865639,2.543272404,-9.4,-9.9,4.3496,361.0730377
O=c1[nH]c2cccc(N3CCc4cc(-c5cccc(F)c5)ccc43)c2o1,0.57601284,2.41760034,-9.4,-9.3,4.6214,346.1117559
Cc1cc(C(=O)Nc2cncc(-c3cnc4[nH]ccc4c3)c2)nc2ccccc12,0.474460062,2.466864017,-10.3,-10.1,4.73382,379.1433102
Cc1n[nH]c2cc(Nc3cc(N)cc4[nH]ncc34)ccc12,0.4236586,2.695552322,-8.3,-7.9,3.07342,278.1279944
Cc1sc(Nc2cc(F)c3ccccc3c2)nc1-c1c[nH]c2ncccc12,0.405261668,2.524683703,-9.7,-9.3,6.03072,374.1001457
Brc1cc(Nc2cc3c(nn2)-c2ccccc2CCC3)cc2ccccc12,0.417301975,2.441379808,-10.3,-10.4,6.2916,415.0684097
O=c1[nH]cnc2c1cnn2-c1ccccc1Nc1cc2cccc(F)c2cn1,0.505701814,2.683333999,-8.8,-8.9,3.5397,372.1134873
CC(C)c1ccc2c(c1)CCCN2C(=O)Nc1nnc(-c2cccc3ccccc23)o1,0.44804165,2.422671396,-10.6,-9.9,5.9979,412.189926
N#Cc1ccnc(Nc2cc(-c3ccc4ccccc4c3)[nH]n2)c1,0.592988,2.364130312,-9.4,-9,4.24018,311.1170954
O=C1Cc2c(cccc2Nc2cc(F)c3cn[nH]c3c2)N1,0.67651956,2.659749799,-8.2,-8.3,2.9402,282.0916892
CC1CN(C(=O)C(=O)Nc2n[nH]c3nc(Br)ccc23)c2ccccc2N1,0.418793785,3.452618631,-9.3,-9.5,2.5061,414.0439858
Nc1ccc(Nc2n[nH]c3cccc(F)c23)c2ccccc12,0.485443913,2.300584174,-8.5,-8.4,4.181,292.1124246
Brc1c(Nc2cc3cn[nH]c3cn2)cnc2ccccc12,0.578560823,2.663752553,-8,-8.2,4.0122,339.0119574
Fc1ccccc1-c1n[nH]cc1Nc1ccc2c(c1)Cc1ccccc1-2,0.452822319,2.519837481,-9.9,-9.3,5.5306,341.1328257
O=[N+]([O-])c1cccc2c(Nc3ccc4ccncc4c3)nccc12,0.446325589,2.251730606,-8.6,-8.6,4.4348,316.0960256
CC(Nc1ccc2c(c1)[nH]c1nc[nH]c(=O)c12)c1ccc2c(c1)CC(=O)N2,0.451295002,3.210395897,-9.2,-9.2,3.0721,359.1382248
O=c1[nH]cnc2[nH]cc(Nc3c[nH]nc3-c3ccccc3F)c12,0.466710239,3.134854584,-8.7,-8.3,2.524,310.0978372
O=C(Cc1ccc2[nH]ncc2c1)Nc1n[nH]c2nc(C(F)(F)F)ccc12,0.522839272,2.698932816,-9.1,-8.7,3.0342,360.0946436
NN(C(=O)Nc1nccc(-c2cccc([N+](=O)[O-])c2)n1)c1ccc2ccccc2c1,0.229551596,2.534921081,-10.1,-9.9,4.1172,400.1283884
Cc1cc2cn[nH]c2cc1Nc1cc(I)cc2ccccc12,0.445071705,2.444010857,-8.5,-8.8,5.37272,399.0232454
O=S(=O)(Nc1ccc2c3c(cccc13)CC2)c1ccc2oc3ccccc3c2c1,0.427133408,2.290683926,-10,-10.3,5.6386,399.0929144
O=C(Nc1ccccc1-c1ccc2ccccc2c1)C(=O)N1C(=O)C(Br)CCc2ccccc21,0.275771829,2.958266738,-11.8,-10.4,5.7148,512.0735546
C[C@@H](NC(=O)C(=O)N1CC=C(c2c[nH]c3cc(F)c(F)cc23)CC1)c1cccc2cnccc12,0.442536798,3.291635789,-10.8,-9.9,4.4874,460.1710824
Clc1cccc2nc(Nc3cc(-c4ccc5ccccc5c4)[nH]n3)ccc12,0.398677513,2.274566539,-10.3,-9.8,6.1751,370.0985242
Nc1ccc(-c2ccc(Nc3cccc(-c4cn[nH]c4)c3)cc2)cc1,0.45868017,2.077482213,-8.7,-8.8,5.0695,326.1531466
O=C(NNc1c(I)ccc2ccccc12)c1ccc2ccccc2c1,0.334420112,2.139107927,-9.7,-9,5.3545,438.0229111
Cc1cccc(-c2cccc(C(=O)Nc3n[nH]c4cnccc34)c2)c1,0.592330792,2.142038381,-9.3,-9,4.18562,328.1324111
Brc1ccc(Nc2ccccc2-c2ccc3ccccc3c2)c2ccncc12,0.32264846,2.16387798,-9.5,-9,7.5611,424.0575106
Clc1ccc(Nc2ccccc2-c2ccc3ccccc3c2)c2cnccc12,0.351201411,2.105730807,-9.7,-9.4,7.452,380.1080262
O=C1C(=O)N(c2cc(I)ccn2)c2ccc(-c3ccccc3)cc21,0.455843949,2.400371934,-8.8,-9.1,4.2142,425.9865256
O=c1[nH]cnc2cc(F)c(Nc3nnc(-c4ccc5ccccc5c4)o3)cc12,0.495990322,2.554618802,-10.6,-9.9,4.009,373.0975028
O=C1C(=O)N(c2cc3cn[nH]c3cn2)c2ccc(-c3ccccc3)cc21,0.566639021,2.538868963,-9.3,-9,3.4859,340.0960256
Brc1cc2cn[nH]c2cc1Nc1ccc2[nH]nc(Br)c2c1,0.45115959,2.873597971,-8.5,-8.5,4.7078,404.9224695
Cc1n[nH]c2ncc(Nc3ccc4c(c3)C(=O)NS4(=O)=O)cc12,0.654820904,2.9900193,-8.7,-8.4,1.44202,329.0582602
Cc1c[nH]c2ncc(Nc3nccc4cc([N+](=O)[O-])ccc34)cc12,0.438028061,2.547249526,-8.9,-8.5,4.07132,319.1069247
Fc1ccc2c(C3=CCN(c4cc(F)c5ccccc5c4)CC3)c[nH]c2c1,0.471945745,2.557171337,-9.8,-9.5,5.893,360.143805
Clc1cnc(NCc2ccc3cnccc3c2)nc1-c1c[nH]c2ccccc12,0.43205749,2.432626822,-9.5,-8.9,5.4386,385.1094232
Cc1nccc2cc(Nc3n[nH]c4cnc(Br)cc34)ccc12,0.526329034,2.720572636,-8.9,-8.1,4.32062,353.0276075
O=C(Nc1ccnc(Cc2ccccc2)n1)Nc1ncnc2[nH]ccc12,0.526763633,2.478155164,-9.2,-9,2.9827,345.1338081
Brc1cc2c(Nc3ccnc4cc(I)ccc34)n[nH]c2cn1,0.33466983,2.809484415,-8.5,-8.7,4.6168,464.9086054
Clc1ccnc2cc(Nc3n[nH]c4cnc(Br)cc34)ccc12,0.500564803,2.683757011,-8.9,-8,4.6656,372.9729851
Clc1cccc2c(Nc3cccc4ccncc34)n[nH]c12,0.57179334,2.371659005,-8.4,-8.3,4.5081,294.067224
O=C(Oc1ccc2ccncc2c1F)c1ccc(-c2cccc3cccnc23)cc1,0.286282048,2.271256026,-9.4,-9.2,5.8083,394.1117559
Nc1n[nH]c2cc(CNC(=O)C(=O)N3CC=C(c4c[nH]c5cc(F)ccc45)CC3)ccc12,0.372153853,2.881270271,-10.2,-9.3,2.6976,432.1710021
Cc1sc(NC(=O)C(=O)N2CCc3oc4ccccc4c3C2)nc1-c1c[nH]c2ncccc12,0.385513529,2.890839122,-9.9,-9.3,4.26442,457.1208605
Clc1cc2cn[nH]c2cc1Nc1cccc(-c2ccc3c(c2)CCO3)c1,0.501782516,2.398850868,-9.7,-9.7,5.5618,361.0981898
O=C(c1ccc(N2C(=O)Cc3ccccc3S2(=O)=O)cc1)c1cnc2ccccc2c1,0.464265528,2.548467576,-10.7,-9.4,3.7438,428.083078
O=C([O-])c1ccc2c(c1)N(c1ccc3c(c1)[nH]c1nc[nH]c(=O)c13)C(=O)C2,0.552564519,3.151323364,-9.7,-9.6,0.9887,359.0785784
Cn1cnc2cc(Nc3c[nH]nc3-c3ccccc3F)ncc21,0.609282041,2.924213252,-8.6,-8,3.2411,308.1185726
Clc1c(Nc2n[nH]c3cnc(Br)cc23)ccc2[nH]ncc12,0.470234702,2.987842359,-8.1,-8.1,3.9937,361.968234
Cc1cc(N2C(=O)Cc3cc(-c4csc(N)n4)ccc32)nc2ccccc12,0.563417612,2.557877441,-9.3,-9.1,4.46972,372.1044821
Nc1ccc(Nc2ccc3c(c2)[nH]c2ncnc(Cl)c23)c2cnccc12,0.314839889,2.674450137,-9.5,-9.3,4.6385,360.0890221
Cc1cc(Nc2cccc3c2oc2ccccc23)nc2ccccc12,0.420757278,2.130011527,-10,-9.3,6.18622,324.1262631
Clc1cnc(NCc2ccc3ccc(Br)cc3c2)nc1-c1c[nH]c2ccccc12,0.30782018,2.402995781,-10.2,-8.9,6.8061,462.0246863
Brc1cc2cn[nH]c2cc1N1CC=C(c2ccnc3[nH]ccc23)CC1,0.52659385,3.020356642,-8.8,-8.6,4.4954,393.0589076
O=C1NCCOc2ccc(Nc3cncc(C4=CCNCC4)c3)cc21,0.802005499,2.854331901,-9,-8.6,2.3241,336.1586259
c1ccc(Cc2c[nH]c3ncc(Nc4ccncc4-c4ccncc4)cc23)cc1,0.432963805,2.460191181,-9.4,-9.1,5.3543,377.1640456
N#Cc1cc(NC(=O)Nc2n[nH]c3nc[nH]c(=O)c23)ncc1Br,0.530046264,3.146762021,-8.9,-8.4,1.31938,373.9875336
N#Cc1cc(NC(=O)C(=O)Nc2n[nH]c3nc[nH]c(=O)c23)ncc1Br,0.444647569,3.178765302,-8.9,-7.8,0.25258,401.9824482
Brc1cc2c(Nc3ccc4[nH]ncc4n3)n[nH]c2cn1,0.491314988,3.049469381,-8.3,-7.7,2.7353,329.0024554
O=C1CCc2cc(N3CC=C(c4ccnc5[nH]ccc45)CC3)ccc2C1,0.767260099,2.874874445,-9.1,-9.2,3.9144,343.1684623
O=C(c1ccccc1Nc1cc(-c2ccccn2)c(Br)cn1)c1cccc2ccccc12,0.274478578,2.328918535,-9.4,-10.2,7.0339,479.0633243
Brc1cccc2c(Nc3ccc4[nH]ncc4c3)nsc12,0.554674184,2.693104583,-7.9,-7.9,4.6787,343.9731294
O=C1c2cccc3c(S(=O)(=O)Cl)ccc(c23)N1c1cccc2cc(O)cnc12,0.497261836,2.653757691,-9.4,-9.4,4.313,410.0128055
Cc1cc2[nH]ncc2cc1Nc1ccc2c(c1)-c1ccccc1C2,0.471040517,2.324284592,-9.8,-9.4,5.18612,311.1422475
Brc1n[nH]c2ccc(Nc3ccc4[nH]c(I)cc4c3)cc12,0.367963095,2.891468589,-8.3,-8.6,5.1549,451.9133564
Cc1cnc2ccccc2c1N1CCc2cc3c(cc2C1)CCCC3,0.62578841,2.458096143,-9.6,-9.6,4.98472,328.1939488
Cn1ccc2c(Nc3ncnc4[nH]c5ccc(Br)cc5c34)cccc21,0.439079243,2.568854608,-9,-8.8,5.1089,391.0432575
Cc1sc(NC(=O)Nc2n[nH]c3cnc(Br)cc23)nc1-c1c[nH]c2ncccc12,0.285986894,2.99400668,-10.3,-8.7,4.67262,468.0116401
Cc1sc(Nc2cc3c(N)n[nH]c3cn2)nc1-c1c[nH]c2ncccc12,0.389045851,2.923502364,-8.9,-8.7,3.59192,362.1062134
O=C(Nc1cccc2cnccc12)N1CCCc2cc(-c3ccccc3)ccc21,0.472139915,2.145248642,-10.6,-9.4,5.8865,379.1684623
Clc1cccc2c(Nc3cc(Cl)c4occ(Br)c4c3)cncc12,0.396875311,2.70046285,-8.8,-8.4,6.7939,405.9275304
c1cc(-c2ncc[nH]2)cc(NCc2ccc3cn[nH]c3c2)n1,0.539416386,2.601119861,-8.3,-8,2.9601,290.1279944
Nc1cccc2c(Nc3cc4ccc(Cl)cc4cn3)cccc12,0.488438144,2.14161417,-9.2,-9.3,5.3672,319.0876251
O=C(c1ccccc1Nc1ccc2[nH]ncc2c1Cl)c1cccc2ccccc12,0.347506283,2.298095691,-8.7,-8.4,6.3441,397.0981898
Fc1cc(Br)cc(-c2cc(Nc3cccc4[nH]ncc34)n[nH]2)c1,0.49244314,2.603484664,-8.7,-8.6,4.5982,371.0181857
O=C(O)c1cc(OC(=O)c2ccc3c(c2)-c2ccccc2C3)c2[nH]c(=O)ccc2c1,0.354107993,2.414324301,-10.7,-10,4.0167,397.0950226
Nc1n[nH]c2cccc(NCc3ccc(-c4ccc5c(c4)CCCO5)cc3)c12,0.484504054,2.378261483,-9.4,-9.4,4.7492,370.1793613
Fc1cc2occc2cc1Nc1n[nH]c2nc(C(F)(F)F)ccc12,0.524866986,2.855719908,-9.2,-8.7,4.6056,336.0634238
O=C(Cc1ccc2[nH]ncc2c1)Nc1cncc2cnccc12,0.609259835,2.460445203,-8.6,-8.1,2.6873,303.11201
Nc1ccc(Nc2cnc3[nH]ccc3n2)c2ccncc12,0.489480274,2.671372405,-8,-7.7,2.8319,276.1123444
Nc1ccc(Nc2cnc3[nH]ccc3n2)c2cnccc12,0.489480274,2.69697439,-8.1,-7.7,2.8319,276.1123444
c1cc(Nc2ccc3cn[nH]c3c2)nc(-c2ccc3ccccc3c2)c1,0.455840531,2.181504637,-10,-9.4,5.5217,336.1374965
O=C(Nc1cc2cc(Br)ccc2cn1)c1n[nH]c(=O)c2ccccc12,0.544107773,2.281801236,-9.3,-8.4,3.4861,394.0065377
Brc1ccc2[nH]ncc2c1Nc1cc(Br)c2ccccc2c1,0.421231885,2.511647155,-8.9,-8.9,5.9847,414.9319716
Clc1c(Nc2cc(Br)c3ccccc3c2)ccc2[nH]ncc12,0.461392318,2.41756903,-8.6,-8.8,5.8756,370.9824871
Brc1cc2ccncc2cc1Nc1cc(-c2ccccn2)c(Br)cn1,0.413615043,2.600729213,-8.9,-8.5,5.9604,453.9428706
O=C(NNc1ccc2[nH]ncc2c1)N1CC=C(c2ccnc3[nH]ccc23)CC1,0.414036655,2.955717832,-9.1,-9.4,3.265,373.1651082
O=C(NNc1ccc2[nH]ncc2c1)C(=O)N1CC=C(c2ccnc3[nH]ccc23)CC1,0.309983663,3.046831026,-9.2,-9.7,2.1982,401.1600228
O=C(CCC(=O)N1C(=O)c2cccc3c(S(=O)(=O)Cl)ccc1c23)c1ccc2c(c1)-c1ccccc1C2,0.228019011,2.718704621,-10.6,-10.8,5.4884,515.0594214
C[C@H]1COc2c(F)c(F)cc3c(=O)c(C(=O)Oc4ccc5[nH]ncc5c4)cn1c23,0.414252573,3.295620901,-10,-9.5,3.3286,397.0874123
O=C(c1ccccc1Nc1cc(-c2cccnc2)ccn1)c1cccc2ccccc12,0.352631648,2.157485978,-9.3,-10.2,6.2714,401.1528122
CC1COc2c(Nc3nc(-c4ccc5c(c4)Cc4ccccc4-5)cs3)c(F)cc3c(=O)c(C(=O)O)cn1c23,0.283442132,3.399211515,-10.8,-9.6,6.2305,525.1158553
O=C(Oc1ccc(S(=O)(=O)Cl)c2ccncc12)c1cc2c(cn1)Cc1ccccc1-2,0.237283427,2.710411421,-10.3,-9.6,4.3477,436.0284556
O=C1Cc2cc(CNC(=O)C(=O)N3CCCc4cc(-c5ccccc5)ccc43)ccc2N1,0.631254505,2.445351321,-9.9,-10.3,3.4438,425.1739416
O=C(Nc1cccc2cnc(Cl)cc12)N1CC=C(c2c[nH]c3cc(F)c(F)cc23)CC1,0.3786883,2.761298518,-10.4,-9.8,5.9689,438.1058953
O=C(Nc1cccc2cnc(Cl)cc12)C(=O)N1CC=C(c2c[nH]c3cc(F)c(F)cc23)CC1,0.325555743,2.891177543,-10.6,-9.7,4.9021,466.1008099
Cn1cc(C2=C(c3cccc(N)c3)C(=O)N(C(=O)Nc3ccncc3-c3ccncc3)C2=O)c2ccccc21,0.264062855,2.903053639,-9.8,-8.6,4.7292,514.1753386
O=S(=O)(Nc1ccc(Cl)cc1-c1cccc2ccccc12)c1ccc(F)c2cnccc12,0.325078736,2.326432311,-10.3,-8.4,6.6483,462.0605047
O=C(Nc1cc(CCc2ccccc2)ccn1)C(=O)N1CC=C(c2ccnc3[nH]ccc23)CC1,0.448947636,2.770809092,-9.9,-10.1,3.9975,451.200825
CC(NC(=O)C(=O)Nc1cc(-c2ccc3ccccc3c2)[nH]n1)c1ccc2[nH]ncc2c1,0.327295625,3.00139186,-10.2,-10.2,3.9221,424.1647739
C[C@H](Nc1cc(-c2ccccc2)ccn1)c1cccc2cnccc12,0.540439876,2.52528965,-9,-8.5,5.4699,325.1578976
O=C(Oc1cc(C(=O)O)c2[nH]c3ccc(F)cc3c(=O)c2c1)c1ccc(Nc2ncnc3ccccc23)cc1,0.155759604,2.581004463,-10.2,-10.5,5.4246,520.1182979
Nc1ccc(NC(=O)N(Cc2ccccc2)c2ccc3[nH]c(=O)[nH]c3c2)c2cnccc12,0.322812001,2.56869673,-9.8,-10,4.2253,424.1647739
Nc1ccc(C(=O)N(c2ccc3cn[nH]c3c2)c2cccc3cc(Cl)ncc23)cc1,0.30903455,2.709917534,-9,-8.3,5.3252,413.1043378
O=C(NCc1cccc2[nH]ncc12)c1ccc2c(c1)-c1ccccc1C2,0.520594178,2.225045673,-10,-9.6,4.0641,339.1371622
O=S(=O)(Nc1cncc(-c2cnc3[nH]ccc3c2)c1)c1cccc2ccncc12,0.474461672,2.614674152,-10.2,-8.8,3.9739,401.0946457
C#Cc1ccc2c(Nc3cc(Br)c4ccncc4c3)n[nH]c2c1,0.512084479,2.775536558,-9.2,-8.4,4.5985,362.0167085
C[C@H]1COc2c(C3(NC(=O)N(C(=O)c4ccc(N)cc4)c4ccc5cn[nH]c5c4)CC3)c(F)cc3c(=O)c(C(=O)O)cn1c23,0.217501198,3.908518432,-11.3,-9.3,4.2964,596.1819607
CC(Cc1ccc2[nH]ncc2c1)Nc1cc2cc(Br)ccc2cn1,0.527854131,2.935453677,-9.1,-8.1,4.9167,380.0636586
Nc1ccc2[nH]ncc2c1N1C(=O)C(=O)c2cc(-c3ccccc3)ccc21,0.424245182,2.527518861,-10.2,-9.8,3.6731,354.1116757
C[C@H]1COc2c(F)c(Nc3cccc4cnncc34)cc3c(=O)c(C(=O)O)cn1c23,0.536440845,3.433654389,-9.6,-9.4,3.479,406.1077332
Clc1cc2ccc(NCc3ccc(-c4ccc5ccccc5c4)cc3)cc2cn1,0.32279394,2.074541487,-10.3,-9.5,7.3205,394.1236763
Cn1cc(C2=C(c3cccc(NC(=O)CCCc4ccc5c(c4)CC(=O)N5)c3)C(=O)NC2=O)c2ccccc21,0.318687443,2.736069023,-9.7,-9.3,4.2015,518.1954053
O=S(=O)(F)c1ccc2c(Nc3cccc(-c4ccc5c(c4)CCN5)c3)cccc2c1,0.406668474,2.431231062,-10.5,-9.9,5.8766,418.1151271
c1cc(Nc2ccc(Cc3ccc4c(c3)CCN4)cc2)c2cn[nH]c2c1,0.496889693,2.346886294,-9.4,-9.4,4.8653,340.1687966
NC(c1ccc(N2C(=O)C(=O)c3cc(-c4ccccc4)ccc32)cc1)c1cccc2ccccc12,0.318979089,2.718498129,-10.9,-10.8,6.4159,454.1681279
O=C(Nc1cc(Br)c2cn[nH]c2c1)C(=O)Nc1n[nH]c2ccc(C(F)(F)F)cc12,0.335954639,2.782801674,-9.5,-8.7,3.7977,466.0000703
O=C(CCC(=O)c1ccc2c(c1)-c1ccccc1C2)NN1C(=O)c2cccc3cccc(c23)C1=O,0.304402093,2.529514672,-10.9,-10.8,4.7013,460.1423071
NCc1ccc2c(Nc3cc(-c4ccccc4)ccn3)noc2c1,0.592703844,2.29654353,-8.8,-8.4,4.0921,316.1324111
O=C(CCC(=O)N1CCC(n2cnc3ccccc3c2=O)C1)c1ccc2c(c1)-c1ccccc1C2,0.362253217,2.92334926,-10.8,-11.2,4.4042,463.1895917
Nc1c(NCc2ccc(-c3ccc4ccccc4c3)cc2)ccc2ccncc12,0.365089464,2.149829143,-10,-9.9,6.2493,375.1735477
Ic1cccc(C(Nc2cc(-c3ccc4ccccc4c3)[nH]n2)c2ccccc2)c1,0.253913702,2.796504502,-10.4,-8.9,7.036,501.0701956
CC1COc2c(F)c(N3C(=O)Cc4cc(C(F)(F)F)ccc43)cc3c(=O)c(C(=O)O)cn1c23,0.581316171,3.492816424,-9.7,-8.7,4.0318,462.0838844
O=C(Oc1ccnc2c1ccc1cccnc12)c1ccccc1-c1cccc2ccccc12,0.230053089,2.258074483,-9.3,-10.2,6.8224,426.1368278
O=C(c1ccccc1Nc1ccc(-c2cccc(F)c2)c(F)c1)c1cccc2ccccc12,0.285894225,2.08419393,-10,-9.4,7.7596,435.1434707
Brc1cncc2c(NCc3ccc(-c4ccc5ccccc5c4)cc3)cccc12,0.31503609,2.124712864,-9.9,-10,7.4296,438.0731607
Clc1cccc2c(NCc3ccc(-c4ccc5ccccc5c4)cc3)cncc12,0.345064263,2.095854904,-9.4,-10,7.3205,394.1236763
O=c1[nH]ccc2cc(Br)cc(N3CC=C(c4cncc5ccccc45)CC3)c12,0.477801331,2.823803229,-9.3,-9.1,5.1325,431.0633243
N#Cc1ccc(Nc2cc3cc[nH]c3cn2)cc1-c1ccncc1,0.592988,2.509173649,-8.6,-8.4,4.24018,311.1170954
FC(F)(Nc1ccccc1-c1ccc2ccccc2c1)c1cc2cc(Br)ccc2cn1,0.266741869,2.610688319,-9.6,-9,7.9789,474.0543171
O=Cc1ccc(-c2ccc(Nc3cccc(-c4ccc5ccccc5c4)n3)cc2)cc1,0.319241522,2.073673102,-10.4,-9.8,7.1249,400.1575633
O=S(=O)(Nc1ncnc2[nH]c3ccc(Br)cc3c12)c1cccc2cnccc12,0.42526479,2.620771647,-9.1,-8.8,4.2226,452.9895077
c1ccc2c(C3CCN(c4ccc5[nH]ncc5c4)CC3)c[nH]c2c1,0.574593329,2.306059727,-9.3,-8.9,4.4282,316.1687966
Cc1ccc(C)c2c1C(=O)N(c1ncc(Cl)c(-c3c[nH]c4ccccc34)n1)C2=O,0.492905044,2.73722646,-10.3,-9.3,4.69574,402.0883534
O=C(c1ccc(I)cc1)c1cccc(Nc2ccc(Oc3ccc4ccccc4c3)c(Cl)c2)c1,0.162327628,2.171041232,-9.5,-10.1,8.8647,575.0149045
Nc1nc(-c2ccc3c(c2)CCC(=O)N3C(=O)C(=O)Nc2ccccc2-c2ccc3ccccc3c2)cs1,0.300089329,2.682189114,-11,-10.5,5.657,518.1412616
Fc1cc(Nc2cccc3cnncc23)c(Br)c2cccnc12,0.550336953,2.661119796,-9.2,-8.4,4.8232,368.0072866
Fc1cncc2ccc(Nc3cccc4[nH]ncc34)cc12,0.5825476,2.374653794,-8.2,-8.2,3.9938,278.0967746
Nc1ccc2nc(-c3ccc(Nc4ccnc5[nH]cc(C=O)c45)cc3)[nH]c2c1,0.279839058,2.64075201,-8.8,-9,4.2445,368.1385591
Nc1ccc(-c2nc3ccc(Nc4ccnc5[nH]cc(C=O)c45)cc3[nH]2)cc1,0.279839058,2.652325368,-9,-8.6,4.2445,368.1385591
O=c1c2ccccc2[nH]c(=S)n1-c1ccc(Nc2cccc(-c3ccc4c(c3)CCO4)c2)cc1,0.303149467,2.360046323,-10.8,-10.6,6.39379,463.1354479
Cc1ccc2cnccc2c1Nc1c(F)cc2c(=O)c(C(=O)O)cn3c2c1OC[C@@H]3C,0.511547475,3.347140992,0,0,4.39242,419.1281343
O=C(Nc1ccccc1-n1ncc2c(=O)[nH]cnc21)N1CC=C(c2cncc(F)c2)CC1,0.518458052,2.891325514,-10.3,-9.1,2.9641,431.150601
O=c1ccc2c(Br)ccc(Nc3ccccc3-c3ccc4ccccc4c3)c2[nH]1,0.321540081,2.281477048,-9.9,-10,6.8544,440.0524253
Nc1n[nH]c2cccc(N3C(=O)Cc4cc(C5CCCCC5)ccc43)c12,0.721362447,2.630408437,-9.2,-9.8,4.4136,346.1793613
O=C(Nc1cccc(-c2cn[nH]c2)c1)c1n[nH]c(=O)c2ccccc12,0.536514516,2.25012563,-9.6,-9,2.5655,331.1069247
O=c1[nH]cnc2[nH]c3cc(NNCCc4ccc5ccccc5c4)ccc3c12,0.280962983,2.660708008,-8.7,-9.7,3.7168,369.1589602
O=C(NCc1cccc2[nH]ncc12)Nc1ncnc2scc(-c3ccccc3)c12,0.412146419,2.478849179,-9.2,-8.5,4.5563,400.1106301
O=C1NC(=O)C2(CCCCCCCCCCC2)N1C(=O)Nc1cncc(-c2cnc3[nH]ccc3c2)c1,0.396654851,3.831250284,-11.2,-10,5.7521,488.2535889
O=C(Nc1cccc(-c2ccc3ccccc3c2)n1)C(=O)N1C(=O)Cc2cc(Br)c(F)cc21,0.395944286,2.716882453,-11.1,-10.1,4.8578,503.0280817
O=C(O)c1cc(F)cc2c(=O)c3cc(Nc4ccc(F)c5cnccc45)ccc3[nH]c12,0.361227478,2.594977305,-10,-10.3,4.9495,417.0924977
O=C(Nc1ccc(Cc2nnc3ccccn23)cc1)Nc1n[nH]c2cnc(Br)cc12,0.349026615,2.720244312,-9.8,-9.3,3.9979,462.0552192
O=C(Oc1c(Cl)ccc2c(=O)[nH]cnc12)c1ccc2ccc3ccccc3c2n1,0.267296863,2.569343493,-10.1,-9.8,4.4971,401.0567189
Brc1cc(NCc2ccc(-c3ccc4ccccc4c3)cc2)c2cnccc2c1,0.31503609,2.128399805,-9.9,-9.3,7.4296,438.0731607
Brc1cncc2c(N3CCCC(c4c[nH]c5ncccc45)C3)cccc12,0.493279376,3.066900992,-9.8,-9.1,5.2576,406.0793087
Clc1ccc(Nc2ccnc3ccc(I)cc23)c(-c2cccc3ccccc23)c1,0.250366247,2.258414243,-9.4,-8.2,8.0566,506.0046742
Clc1ccc(Nc2ccc3nccc(Cl)c3c2)c(-c2cccc3ccccc23)c1,0.321967376,2.161637772,-10.3,-9.2,8.1054,414.0690539
O=C(NS(=O)(=O)c1ccc2c(c1)oc1ccccc12)C(=O)N1CCc2ccc(-c3ccccc3)cc2C1,0.356799911,2.528049281,-11.1,-11.7,4.6428,510.1249428
Brc1ccc2[nH]nc(N[C@@H]3C[C@H]3c3ccc4ccccc4c3)c2c1,0.498002284,3.066715538,-9.5,-9.2,5.4466,377.0527596
O=C(Nc1ccc(-c2ccnc3ccccc23)cc1)Nc1cc2c(cc1F)CCNC2=O,0.432508035,2.367503182,-10.6,-10.4,4.9708,426.1492041
NCc1ccc2ccc(Nc3cccc(-c4ccc5c(c4)CCO5)c3)cc2c1,0.490952768,2.181482614,-9.8,-9.2,5.644,366.1732133
O=C(Nc1ccc(Cl)cc1-c1cccc(Cl)c1)c1ccccc1-c1cccc2ccccc12,0.28076277,2.008657392,-10,-8.8,8.7329,467.0843696
Cc1nn(-c2ccccc2)c2nc(Nc3cc4ccccc4c4cccnc34)c(C=O)cc12,0.275374708,2.612121934,-10.2,-9.7,5.98642,429.1589602
O=C1Cc2cc(Nc3ccc4c(c3)-c3ccccc3C4)ccc2N1,0.572151743,2.243118828,-9.6,-9.7,4.496,312.1262631
Cc1cc(N[C@@H]2C[C@H]2c2ccc3ccccc3c2)cc2c(=O)[nH]ccc12,0.553649716,3.108986449,-9.8,-9.6,4.95772,340.1575633
O=C(O)c1cc(Nc2cc(-c3cccnc3)ccn2)c2[nH]c(=O)ccc2c1,0.515756045,2.434465607,-9.4,-8.5,3.4269,358.1065903
Cc1c(C(=O)N2CCCc3cc(-c4ccccc4)ccc32)c2ccccc2[nH]c1=O,0.514431448,2.225283051,-9.8,-9.5,5.09652,394.1681279
Cc1n[nH]c2ncc(Nc3c4ccccc4c(C=O)c4ccccc34)cc12,0.348779064,2.641354199,-9.7,-9.4,5.12882,352.1324111
Brc1cc(Nc2cccc3cnccc23)cc2[nH]ncc12,0.560384723,2.438803918,-8.1,-8.1,4.6172,338.0167085
Brc1cccc(-c2cccc(Nc3ncnc4c3ccc3ccccc34)c2)c1,0.317198128,2.105622373,-10.5,-9.8,6.9561,425.0527596
O=S(=O)(F)c1ccc2c(Nc3ccnc4[nH]ncc34)cccc2c1,0.556332545,2.564320429,-9.2,-8.8,3.5129,342.0586748
Cc1ccc(-c2cccc(Nc3cc4ccccc4cn3)c2)cc1N,0.486474963,2.05116209,-10,-8.9,5.53602,325.1578976
O=c1[nH]c2cccc(Nc3cc4cc[nH]c4cn3)c2[nH]1,0.448609073,2.724939003,-8.6,-7.9,2.4761,265.09636
O=C(Nc1cccc2c(O)cccc12)c1cc2c(=O)[nH]c3ccccc3c2s1,0.405396624,2.286301562,-10,-10.2,4.8539,386.0725133
O=[N+]([O-])c1cccc2c(Nc3ccc4c(c3)Cc3ccccc3-4)nccc12,0.345443014,2.263773089,-9.6,-9.5,5.4578,353.1164267
NS(=O)(=O)c1cccc2cc(Nc3ccc4[nH]ncc4c3)ccc12,0.53406229,2.285244175,-9.1,-9,3.1071,338.0837467
O=Cc1c2ccccc2c(OC(=O)c2c(Cl)c3ccccc3[nH]c2=O)c2ccccc12,0.177893084,2.510067057,-10.3,-9.6,5.5196,427.0611356
Brc1cc(Nc2cccc(-c3ccc4c(c3)CCO4)c2)c2cn[nH]c2c1,0.460967267,2.416683635,-9.7,-9.2,5.6709,405.0476742
Nc1n[nH]c2nc(Nc3ccc4c(c3)CCC(=O)N4CC3CCCC3)ccc12,0.643780013,2.737479214,-9.1,-9.3,3.7531,376.2011594
Cc1ccc2[nH]c3c(c2c1)CN(C(=O)C(=O)Nc1ccc2c(c1)C(=O)c1ccccc1C2=O)CC3,0.369767311,2.544290986,-11.1,-10.7,3.77512,463.1532062
Cc1cccc(-c2cc(Nc3n[nH]c4ccncc34)ccc2N)c1,0.493512437,2.368969947,-8.9,-8.8,4.25912,315.1483955
Cc1cccc(-c2cc(Cl)ccc2NC(=O)C(=O)Nc2n[nH]c3ccncc23)c1,0.445308002,2.442736284,-9.9,-8.9,4.16392,405.0992524
Fc1cc(Nc2ccc(-n3cnc4ccccc43)cc2)cc2[nH]ncc12,0.495330176,2.38444907,-9.2,-9.1,4.7845,343.1233237
Clc1cc2cccc(Nc3n[nH]c4c(Br)cccc34)c2cn1,0.470566612,2.577055088,-8.7,-8.3,5.2706,371.9777361
Fc1cccc2cc(Nc3n[nH]c4c(Br)cccc34)ncc12,0.544092245,2.576358453,-9.2,-8.9,4.7563,356.0072866
O=C(O)c1cccc(N(C(=O)/C=C/c2ccc3ccccc3n2)c2nc3ccccc3c(=O)[nH]2)c1,0.37036633,2.734328076,-11.2,-9.8,4.5476,462.1328051
Fc1ccc(Nc2ccc(Cc3ccc4c(c3)CCN4)cc2)c2c(Cl)ccnc12,0.417734203,2.480467455,-9.3,-9.4,6.3297,403.1251535
O=C(Nc1n[nH]c2cccc(I)c12)C(=O)N1C(=O)Cc2cc(C3CCCCC3)ccc21,0.383934894,3.001630411,-10.2,-10.3,4.2696,528.0658385
Cc1cncc2cccc(S(=O)(=O)Nc3nc(-c4ccc5c(c4)Cc4ccccc4-5)cs3)c12,0.341694551,2.616803545,-10,-9.7,6.03872,469.0918688
Fc1cc2c(C3=CCNCC3)c[nH]c2cc1Nc1c[nH]nc1-c1nccs1,0.426083579,3.38328,-8.9,-8.7,4.2739,380.1219438
Fc1c(Nc2ccc3c(c2)Cc2ccccc2-3)cc(Br)c2[nH]ccc12,0.357692094,2.601835009,-8.9,-8.6,6.3843,392.0324388
O=C(Nc1cncc(-c2cnc3[nH]ccc3c2)c1)C(=O)Nc1cccc2cnc(Cl)cc12,0.28287485,2.709430229,-10.4,-9.5,4.4037,442.0945014
Cc1cc(OC(=O)c2ccc(-c3cccc4cccnc34)cc2)nc2cc(C(=O)O)ccc12,0.366378321,2.327138697,-10.6,-10.2,5.67582,434.1266571
Cc1cc(Cl)nc2cc(C(=O)NCc3ccc4c(c3)N(C(=O)c3ccc(-c5cccc6cccnc56)cc3)CCO4)ccc12,0.209315243,2.706941378,-11.7,-13.1,7.38102,598.1771684
Nc1cc(Nc2cc(-c3ccccn3)c(Br)cn2)cc2ccccc12,0.460169249,2.387337221,-9.2,-9,5.3851,390.0480086
Clc1c(Nc2cccc3cnncc23)ccc2[nH]ncc12,0.588342364,2.660005159,-8.4,-8.2,3.9031,295.062473
O=C(NNc1cccc2ccncc12)Nc1cc(-c2ccc3ccccc3c2)[nH]n1,0.325255169,2.498806444,-10.6,-10.5,4.9267,394.1542092
CC1COc2c(F)c(F)cc3c(=O)c(C(=O)N4CC=C(c5c[nH]c6cc(F)c(F)cc56)CC4)cn1c23,0.399998048,3.573740912,-11.2,-10.4,4.9221,497.1362543
O=C1Cc2cc(CNc3cnc4[nH]ccc4n3)ccc2N1,0.685073329,2.655431462,-8.2,-7.7,2.0646,279.11201
c1ccc2c(c1)Cc1cc(Nc3ncnc4ccsc34)nnc1-2,0.536394349,2.691826061,-9,-8.8,3.7961,317.0735164
Clc1nccc2c(N3CC=C(c4ccnc5[nH]ccc45)CC3)cccc12,0.508127337,2.745732986,-9.4,-9,5.0582,360.1141742
O=Cc1cc(Nc2cc3ccccc3c3cccnc23)cc(-c2cccnc2)c1,0.308830907,2.394068857,-10.2,-9.2,6.0061,375.1371622
Fc1cccc(-c2ccc3c(c2)CCN3c2cc(-c3ccccc3)ccn2)c1,0.425996066,2.102432753,-10.3,-9.6,6.2489,366.1532268
Brc1ccc2c(Nc3ncnc4c3ccc3ccccc34)n[nH]c2n1,0.340736069,2.655409448,-9.6,-10,4.5604,390.0228565
O=C(O)c1cc(=O)[nH]c2cc(Nc3nc(-c4c[nH]c5ncccc45)cs3)ccc12,0.359950143,2.582698438,-9.8,-9.2,3.9697,403.0739103
C#Cc1ccc2c(Nc3ccccc3-n3ncc4c(=O)[nH]cnc43)n[nH]c2c1,0.425432382,2.929645256,-10.1,-8.8,2.71,367.118158
c1ccc2c(-c3ccc(Nc4cncc5ccncc45)cc3)ccnc2c1,0.461719222,2.223625107,-9.5,-9.7,5.5886,348.1374965
Cc1cc(C)c2ccc(NC(=O)c3cccc4c5c([nH]c34)CCNC5)nc2c1,0.494473988,2.587269083,-9.8,-9.6,4.23094,370.1793613
O=C1Cc2cc(Br)c(F)cc2N1c1ccc2c(C3=CCNCC3)c[nH]c2c1,0.626133134,2.985009986,-9.7,-8.9,4.667,425.0539025
O=Cc1c2ccccc2c(OC(=O)c2n[nH]c3ccc(F)cc23)c2ccccc12,0.204708131,2.496102284,-9.8,-9.6,5.0401,384.0910205
NN(C(=O)c1ccc2c(c1)NC(=O)C2)c1n[nH]c2nccc(Cl)c12,0.371500451,3.072116967,-8.8,-8.4,1.6264,342.0632013
Cc1sc(Nc2ccnc3[nH]cc(C=O)c23)nc1-c1c[nH]c2ncccc12,0.404265323,2.957400548,-8.4,-8.8,4.42722,374.0949801
Cc1ccc(-c2cccc(Cl)c2)cc1Nc1ccc(N)c2ccncc12,0.428641575,2.178572874,-9.2,-9.1,6.18942,359.1189253
Cc1ccc(-c2cccc(Cl)c2)cc1NC(=O)C(=O)Nc1ccc(F)c2cnccc12,0.414171957,2.252915941,-10.1,-9.2,5.57992,433.0993327
FC(F)(c1ccc2c(c1)CNCC2)N1CCc2nnc(-c3ccncc3)cc2C1,0.692377729,3.127783293,-10.1,-9.2,3.2919,393.1765021
O=C1c2cccc3cccc(c23)C(=O)N1c1ccc(Nc2cc3cn[nH]c3s2)cc1,0.394620865,2.718707075,-10.2,-9.7,5.3218,410.0837467
Nc1ccc(-c2ccc(Nc3cnc4[nH]nc(N)c4c3)cc2)cc1,0.432634257,2.319663793,-8.5,-8.6,3.5329,316.1436445
Cc1nccc(-c2cccc(NC(=O)Nc3n[nH]c4cc(F)ccc34)c2)n1,0.510937528,2.358961465,-9.8,-8.9,4.11142,362.1291373
Cn1ccc2cccc(Nc3cc(-c4ccccc4)ccn3)c21,0.577690575,2.188934343,-9,-8.8,4.9839,299.1422475
Fc1cccc(-c2ccc(Nc3ccc4sncc4c3)cc2F)c1,0.496500874,2.355996101,-8.6,-9,5.9851,338.0689258
N#CC(c1ccccc1)c1ccc(Nc2cc3cn[nH]c3cc2Br)cc1,0.45783674,2.903388633,-8.6,-8.8,5.72448,402.0480086
O=c1[nH]ncc2ccc(Nc3cncc4sccc34)cc12,0.594973893,2.601194737,-8.1,-8.3,3.2764,294.0575319
Oc1cc2ccccc2cc1NCc1ccc(-c2ccc3ccccc3c2)cc1,0.332194645,1.961032006,-10.5,-9.5,6.9777,375.1623143
O=C1Cc2c(cccc2Nc2n[nH]c3ccc([N+](=O)[O-])cc23)N1,0.508304096,2.590155158,-8.8,-8.6,2.7093,309.0861892
Cc1ccc2cnccc2c1Nc1cc(-c2ccccc2)ccn1,0.554052486,2.136877874,-9.2,-9.2,5.34882,311.1422475
O=C(Nc1ccc2cnccc2n1)Nc1n[nH]c2nc(C(F)(F)F)ccc12,0.497805455,2.734288,-9.4,-9,3.5639,373.0898926
C[C@H]1COc2c(NNc3ccc4[nH]ncc4c3)c(F)cc3c(=O)c(C(=O)O)cn1c23,0.382228761,3.445852036,-9.2,-9.1,3.1075,409.1186322
O=[N+]([O-])c1cccc(-c2ccnc(Nc3ccc(Br)c4ccccc34)n2)c1,0.337224437,2.195207619,-9.2,-8.7,5.7111,420.0221878
c1cc(Nc2ncnc3[nH]ccc23)nc(-n2cnc3ccccc32)c1,0.530157798,2.538997698,-9.2,-9,3.4354,327.1232434
O=C(Nc1ccc2cn[nH]c2c1)c1ccc(Nc2cccc(-c3cn[nH]c3)c2)cc1,0.338950912,2.33756876,-10,-9.2,4.9489,394.1542092
O=c1[nH]nnc2cc(Nc3nnc(-c4cccc5ccccc45)o3)ccc12,0.510370758,2.606597308,-10,-9.3,3.2649,356.1021736
COC(=O)c1cc2[nH]ncc2cc1NC(=O)Nc1n[nH]c2cccc(I)c12,0.266365435,2.787160527,-9.1,-8.8,3.4744,476.0093863
COC(=O)c1cc2[nH]ncc2cc1NC(=O)C(=O)Nc1n[nH]c2cccc(I)c12,0.19191248,2.851143158,-9.2,-8.2,2.4076,504.0043009
Clc1c(Nc2n[nH]c3cccnc23)ccc2[nH]ncc12,0.527638243,2.730294413,-8.1,-7.9,3.2312,284.057722
CC(Cl)C(=O)c1ccc2c(c1)CC(=O)N2c1cnc2[nH][nH]c(=O)c2c1,0.555195921,3.445252329,-9.3,-8.5,2.282,356.067618
O=C(c1cc2c(=O)[nH]c3ccccc3c2s1)N1C(=O)c2c(F)cccc2S1(=O)=O,0.469653416,2.960205092,-9.8,-9.8,2.8668,427.9936916
O=C(O)c1cc(N[C@@H]2C[C@H]2c2cccc3ccccc23)cc2cc[nH]c12,0.489529352,3.168368231,-9.6,-9.9,4.9873,342.1368278
O=C1Cc2cc(S(=O)(=O)Cl)ccc2N1c1ccc2cn[nH]c2c1,0.722360222,2.585328175,-8.4,-8.2,2.7112,347.0131399
O=C(Oc1cc2c(C3=CCNCC3)c[nH]c2cc1F)c1cc2cnccc2[nH]1,0.375373989,2.990718614,-9.5,-9.2,3.7792,376.133554
Oc1ccnc2cc(Nc3n[nH]c4nc(C(F)(F)F)ccc34)c(Cl)cc12,0.472540169,2.862982493,-9.3,-8.7,4.6275,379.0447722
Oc1ccnc2cc(Cl)c(Nc3n[nH]c4nc(C(F)(F)F)ccc34)cc12,0.472540169,2.867978488,-9.5,-8.9,4.6275,379.0447722
O=C(Nc1cccc(-c2ccccc2)c1)Nc1ccc(Cl)cc1-c1cccc2ccccc12,0.284115197,1.96862693,-10.5,-10.2,8.4712,448.134241
O=c1[nH]ccc2c(Nc3cc(F)cc4cnccc34)cccc12,0.589149847,2.353181334,-8.7,-9.1,3.959,305.0964402
Cc1cccc(-c2ccc(Nc3n[nH]c4ccc(Br)cc34)cc2)c1,0.456028004,2.04108709,-9.1,-9.2,6.04442,377.0527596
NN(c1nncc2ccccc12)c1ccnc2c1ccc1cccnc12,0.299943709,2.769043076,-9.9,-8.8,3.738,338.1279944
Cc1c(C(=O)Nc2noc3ccc(C(F)(F)F)cc23)c(O)nc2ccccc12,0.522247208,2.60518861,-9.4,-9.1,4.66112,387.0830759
O=Cc1ccc(N2CC=C(c3ccnc4[nH]ccc34)CC2)c2cccnc12,0.55974371,2.873966539,-9.3,-8.8,4.2173,354.1480612
Cc1[nH]c2ccccc2c1C1=CCN(C(=O)C(=O)Nc2ccc3nc[nH]c(=O)c3c2)CC1,0.4271908,2.805122445,-9.7,-9.7,2.96722,427.1644395
O=S(=O)(F)c1ccc2c(Nc3nc4cn[nH]c4cc3Br)cccc2c1,0.482603929,2.756324692,-8.6,-8.6,4.2754,419.9691869
Clc1cc(Nc2nc3c(ccc4ccccc43)s2)cc2ccncc12,0.395287373,2.332301964,-9.6,-9,6.3947,361.0440461
O=C1c2cccc3c(S(=O)(=O)Cl)ccc(c23)N1c1cccc2[nH]c(=O)cnc12,0.509944928,2.711447077,-9.1,-9.1,3.2957,411.0080545
Fc1cc(N2CC=C(c3c[nH]c4ccccc34)CC2)cc2[nH]ncc12,0.568553502,2.738624833,-9.1,-9.4,4.477,332.1437248
C#Cc1ccc2c(NC(=O)NCc3ccc4c(c3)CCNC4)n[nH]c2c1,0.550678989,2.716832121,-9.7,-9.1,2.5116,345.1589602
O=Cc1c[nH]c2nccc(Nc3ccnc4ccccc34)c12,0.564239313,2.482149156,-7.9,-7.7,3.6672,288.101111
O=C([O-])c1nc2ccc(N3CC=C(c4c[nH]c5ccc(F)cc45)CC3)cc2[nH]1,0.576383568,3.006417801,-9.5,-9.3,2.8405,375.1262776
OCc1cc(Nc2cc(-c3ccccn3)c(Br)cn2)cc(-c2cccnc2)c1,0.452644131,2.488609796,-9.3,-8.3,5.204,432.0585733
Fc1ccc2c(Nc3cccc(-c4cn[nH]c4)c3)cccc2c1,0.551732531,2.1461538,-8.8,-8.9,5.1126,303.1171757
c1ccc2c(c1)Cc1ccc(Nc3ccc4[nH]nnc4c3)cc1-2,0.511423365,2.47849295,-9.4,-9.4,4.2727,298.1218464
O=Cc1c2ccccc2c(OC(=O)c2cc(Cl)cc3cccnc23)c2ccccc12,0.152789207,2.446269258,-9.9,-9.9,6.2263,411.066221
O=S(=O)(Cl)c1ccc(N2CC=C(c3ccnc4[nH]ccc34)CC2)c2cnccc12,0.494944459,2.969177559,-9.3,-9.5,4.3323,424.0760745
COC(=O)c1cc2[nH]ncc2cc1NC(=O)Nc1cc(-c2ccccn2)c(Br)cn1,0.386776512,2.675831457,-9,-8.4,4.213,466.0389004
COC(=O)c1cc2[nH]ncc2cc1NC(=O)C(=O)Nc1cc(-c2ccccn2)c(Br)cn1,0.292072226,2.74642886,-9.3,-8.2,3.1462,494.0338151
N#CC(c1ccccc1)c1ccc(Nc2cc3cnccc3cc2Br)cc1,0.42064418,2.82445766,-8.8,-9.3,6.39638,413.0527596
N#CC(c1ccccc1)c1ccc(Nc2cc3ccncc3cc2F)cc1,0.506307965,2.771071097,-8.7,-9.2,5.77298,353.1328257
CC(NC(=O)c1ccc2[nH]ncc2c1)C(=O)Oc1ccc2c(c1)[nH]c1nc[nH]c(=O)c12,0.260386725,3.239626654,-9.8,-9,2.0046,416.123303
NC(=O)c1cccc2c1CCCN2c1ccc2ccccc2c1F,0.770368987,2.23404752,-9,-8.4,4.1621,320.1324914
Cn1cc(-c2cncc(N3C(=O)Cc4cc(C(F)(F)F)ccc43)c2)cn1,0.701550062,2.653990923,-9.2,-8.8,3.7217,358.1041457
Fc1ccc2ncc(Nc3nc4ccccc4n4cccc34)cc2c1,0.50006175,2.301761839,-9.8,-8.9,4.9184,328.1124246
Cc1cc2[nH]ncc2cc1NC(=O)N1CCC(c2cccc3[nH]ccc23)CC1,0.473505081,2.517087282,-9.3,-9.2,4.76412,373.1902604
O=C1c2cccc3c(S(=O)(=O)Cl)ccc(c23)N1c1ccc2[nH]ncc2c1,0.531354406,2.555322005,-9.1,-9.4,3.9355,383.0131399
c1cnc2[nH]cc(Nc3ccc4c[nH]nc4c3)c2c1,0.51071229,2.751789834,-7.7,-7.5,3.1828,249.1014454
Fc1ccc2cccc(Nc3cc(-c4cccc(Cl)c4)ncn3)c2c1,0.505107182,2.109854608,-9.5,-9.4,5.8329,349.0782033
Cc1c(Nc2ccc([N+](=O)[O-])c3ccncc23)cnc2[nH]ccc12,0.438028061,2.733291667,-8.1,-8.7,4.07132,319.1069247
Clc1cccc2c(Nc3cc4cn[nH]c4s3)cncc12,0.569959825,3.017813318,-7.7,-7.9,4.5696,300.023645
CC(N)c1ccc2c(c1)CC(=O)N2c1ccc2c(c1)[nH]c1nc[nH]c(=O)c12,0.511153423,3.278589472,-9.7,-9.3,2.6449,359.1382248
Cc1ccc(-c2cccc(Cl)c2)cc1Nc1cc2cn[nH]c2s1,0.480484392,2.632272264,-8.7,-8.5,5.99682,339.0596961
O=C(Oc1ccnc2[nH]ccc12)c1cc2c(cn1)Cc1ccccc1-2,0.501455708,2.600994064,-9.4,-9.1,3.7483,327.1007767
Cc1n[nH]c2ccc(Nc3ccc(-c4cccc(F)c4)cc3)cc12,0.52939752,2.06238643,-8.8,-8.8,5.42102,317.1328257
Brc1ccc(NCc2ccc(-c3ccc4ccccc4c3)cc2)c2cnccc12,0.31503609,2.108799447,-9.9,-9.9,7.4296,438.0731607
Clc1ccc(NCc2ccc(-c3ccc4ccccc4c3)cc2)c2ccncc12,0.345064263,2.072936299,-9.6,-9.9,7.3205,394.1236763
O=C(Nc1ccc(-c2ccnc3ccccc23)cc1)C(=O)Nc1cc(Br)c2cn[nH]c2c1,0.308526907,2.413131469,-10,-10.3,5.1178,485.0487369
NNC(=O)c1ccc2c(c1)N(C(=O)c1cccc(Nc3nc4ccccc4c(=O)[nH]3)c1)C(=O)C2,0.15936073,2.695286088,-10.9,-10.4,1.9997,454.1389531
Clc1ccc2ccncc2c1N1CCC(c2c[nH]c3ncccc23)CC1,0.536075555,2.561714005,-9.4,-9.4,5.1485,362.1298243
Cc1sc(NC(=O)C(=O)Nc2n[nH]c3ccncc23)nc1-c1c[nH]c2ncccc12,0.332045239,2.882781195,-9.5,-9,2.84332,418.0960427
Cc1cc(Nc2ccc3[nH]c(=O)c(C#N)cc3c2)cc2[nH]ncc12,0.528274399,2.598656884,-9.3,-8.9,3.3281,315.11201
O=C(NCc1ccc(-n2cnc3ccccc32)cc1)C(=O)N1CCCc2cc(-c3ccccc3)ccc21,0.351255448,2.427719739,-10,-10,5.2881,486.2055761
CC(NC(=O)Nc1n[nH]c2cc(CN)ccc12)c1ccc2[nH]ncc2c1,0.388351688,3.024232253,-9.2,-8.8,2.7806,349.1651082
C#Cc1ccc2c(Nc3ccc4[nH]ccc(=O)c4c3)n[nH]c2c1,0.497918763,2.691089486,-9,-8.7,3.1293,300.101111
Cc1ccc(Nc2nccc(-c3cccc([N+](=O)[O-])c3)n2)c2[nH]ccc12,0.416518839,2.447262105,-8.9,-8.8,4.58512,345.1225747
O=C(CCl)c1cc2cc(Nc3cnc4[nH]ccc4c3)ccc2[nH]1,0.388689924,2.706719107,-8.1,-8.1,4.2093,324.0777887
Clc1cc2[nH]ncc2cc1Nc1ccc2[nH]nc(Br)c2c1,0.487966801,2.780061527,-8.4,-8.5,4.5987,360.9729851
O=C1Cc2cc(CNC(=O)Nc3nc(-c4c[nH]c5ncccc45)cs3)ccc2N1,0.416975725,2.589617501,-9.7,-9.5,3.5027,404.1055448
c1ccc2c(c1)-c1ccccc1C2Nc1cncc(-c2ncc[nH]2)c1,0.576401369,2.532850005,-9.3,-9.2,4.6536,324.1374965
O=C(Nc1cccc(-c2ccc(Cl)c(Cl)c2)c1)Nc1cc(Br)cc2ccccc12,0.301148394,2.025563346,-10.1,-9.3,8.2201,483.9744806
O=C(OS(=O)(=O)c1ccc2c(c1)Cc1ccccc1-2)c1ccc2ccc3ccccc3c2n1,0.262213487,2.559434315,-9.7,-10.5,5.5049,451.087829
Clc1c(Nc2ccc3[nH]ncc3c2Cl)ccc2ccccc12,0.490532836,2.371478646,-8.3,-8.8,5.7665,327.0330027
c1cc(-n2cc(Nc3ncnc4[nH]ccc34)cn2)ccn1,0.599863108,2.583461203,-7.6,-7.5,2.2822,277.1075934
Cc1c(NC(=O)Nc2cc(-c3ccccn3)c(Br)cn2)cc(C)c2ncccc12,0.42055972,2.542026553,-9.3,-9.2,5.71514,447.0694723
O=C1c2cccc(Cl)c2S(=O)(=O)N1c1cccc(-c2cn[nH]c2)c1,0.761753638,2.82242398,-8.8,-8.9,3.0792,359.0131399
O=Cc1cccc(Nc2nccc(-c3cccc([N+](=O)[O-])c3)n2)c1C(F)(F)F,0.388854618,2.568945414,-8.7,-8.8,4.6267,388.0783249
O=C(Nc1ccnc(Cc2ccccc2)n1)C(=O)Nc1ncnc2[nH]ccc12,0.46932145,2.561828933,-9.4,-8.6,1.9159,373.1287227
Cc1ccc2cnccc2c1NC(=O)Nc1cnc2[nH]ccc2c1C,0.509808604,2.600349313,-9,-8.6,4.37194,331.1433102
O=C(O)c1ccc2c(Nc3cccc4ccc(=O)[nH]c34)n[nH]c2c1,0.463701267,2.427145179,-8.9,-9.1,2.8462,320.0909402
Nc1n[nH]c2cc(CNC(=O)N3CC=C(c4c[nH]c5cc(F)ccc45)CC3)ccc12,0.417941158,2.753456526,-10.1,-9.2,3.7644,404.1760875
O=C1C(=O)N(c2cccc3ccccc23)c2ccc(-c3ccccc3)cc21,0.456423432,2.001330636,-9.5,-9.7,5.3678,349.1102787
Brc1cc2c(Nc3c(Br)ccc4[nH]ncc34)n[nH]c2cn1,0.436579731,3.102334163,-8.7,-8,4.1028,405.9177185
CC(Cc1ccc2[nH]ncc2c1)N(C)c1n[nH]c2nccc(Cl)c12,0.595485526,3.42516932,-8.4,-8.4,3.555,340.1203222
O=C(Nc1cccc2cccc(F)c12)N1CCCC(c2c[nH]c3ncccc23)C1,0.491584625,2.897727811,-10.1,-9.6,5.2667,388.1699395
O=C(O)c1ccc2c(Nc3ccc(F)c4nccc(Cl)c34)n[nH]c2c1,0.507492498,2.517792515,-9,-8.7,4.3454,356.0476315
O=C(O)c1ccc2c(Nc3ccnc4c(F)ccc(F)c34)n[nH]c2c1,0.527148975,2.511871821,-9.2,-8.7,3.8311,340.077182
Cc1c[nH]c2nccc(Nc3nccc4cc([N+](=O)[O-])ccc34)c12,0.438028061,2.589622771,-8.6,-8.7,4.07132,319.1069247
CC(Nc1cccc(-c2ccc3c(c2)CCN3)c1)c1ccc2[nH]ncc2c1,0.461621616,2.866486148,-9.7,-9.2,5.371,354.1844467
O=C1C(=O)N(c2ccc3[nH]ncc3c2Cl)c2ccc(-c3ccccc3)cc21,0.515740269,2.470378625,-9.3,-9.3,4.7443,373.0618043
O=C(c1cccc2c1CCCC2)N1CC=C(c2cncc3ccccc23)CC1,0.634574253,2.483719129,-9.8,-9.6,5.0431,368.1888634
O=C(Nc1cc(-c2cccnc2)ccn1)NS(=O)(=O)c1cc2c(cc1Cl)CCC2,0.657792596,2.493079565,-9.8,-9.2,3.7961,428.0709891
C#Cc1ccc2c(Nc3ccc(F)c4ccccc34)n[nH]c2c1,0.53202121,2.435770542,-9.4,-9.2,4.5801,301.1015256
Fc1cc2[nH]cc(C3=CCN(Cc4cccc5cnccc45)CC3)c2cc1F,0.528031472,2.594794599,-9.5,-8.8,5.2836,375.154704
O=C(Oc1cnc2[nH]cc(Cc3ccccc3)c2c1)c1ccc2c(=O)[nH][nH]c(=O)c2c1,0.392088791,2.606542165,-10.5,-9.3,2.9027,412.117155
NN(c1ccc2c(c1)Cc1ccccc1-2)c1cccc2ncccc12,0.374032462,2.448401964,-9.4,-9.5,4.8178,323.1422475
O=C1Cc2cc(C3CCCCC3)ccc2N1C(=O)Nc1c(O)ccc2cccnc12,0.58477359,2.725813555,-9.8,-9.6,5.1093,401.1739416
CN(Cc1ccnc2[nH]ccc12)C(=O)Nc1cc2cc[nH]c2cn1,0.541611626,2.752415441,-8.2,-8.1,3.1031,320.1385591
Cc1cc2cn[nH]c2cc1Nc1ccc(F)c2[nH]ccc12,0.514242551,2.605007555,-8.3,-8.1,4.23532,280.1124246
O=C(Nc1ccc2cn[nH]c2n1)Nc1cc(-c2cccnc2)n[nH]1,0.461134625,2.851815253,-8.9,-8.1,2.387,320.113407
NCc1ccc2c(Nc3cnc4[nH]ccc4n3)noc2c1,0.531440057,2.845679849,-8.1,-7.6,2.3014,280.107259
Fc1cc(CBr)cc(Nc2cc(-c3cccc(Cl)c3)n[nH]2)c1,0.5861066,2.544642039,-8.3,-8,5.5077,378.9887154
Brc1ccc2cnc(Nc3nc(-c4cccc5ccccc45)cs3)cc2c1,0.333040352,2.27101327,-9.6,-9,7.0176,431.0091805
Fc1ccc2[nH]c(Nc3ccc4[nH]nc(Br)c4c3)cc2c1,0.493675564,2.738827227,-8.4,-8.4,4.6894,344.0072866
Cc1cc2cn[nH]c2cc1Nc1ccc2cc[nH]c2n1,0.518203569,2.64890015,-8.2,-7.6,3.49122,263.1170954
Clc1cc2c(Nc3cnc4[nH]cc(Cc5ccccc5)c4c3)cccc2cn1,0.367981371,2.441449991,-9.7,-9.8,6.0989,384.1141742
Fc1ccc2ccncc2c1Nc1ccc(-c2ccnc3ccccc23)cc1,0.405705229,2.196720056,-9.9,-9.9,6.3327,365.1328257
Ic1ccc2nccc(Nc3cncc4ccccc34)c2c1,0.476806399,2.263279807,-8.3,-8.3,5.1312,397.0075954
Cn1ccc2c(Nc3ccc4[nH]c5ncnc(Cl)c5c4c3)cccc21,0.441680959,2.574558085,-9.1,-9.4,4.9998,347.0937731
O=C1NN(c2cnc3[nH]cc(Cc4ccccc4)c3c2)S(=O)(=O)c2ccccc21,0.548735445,2.857758878,-10,-10,3.0074,404.0943114
Fc1ccc(Br)c(F)c1Nc1ccc2c(c1)Cc1ccccc1-2,0.423075553,2.316628584,-9,-9,6.0421,371.0121179
O=C(Nc1cccc2c(F)ccnc12)c1ccc(F)c2cnccc12,0.593652019,2.291693544,-9.2,-9,4.3135,335.0870184
O=C(Nc1ccncc1-c1ccncc1)Nc1cccc2c1NCCNC2=O,0.563713,2.658063079,-9.3,-8.5,2.9429,374.1491238
Brc1cc(N[C@@H]2C[C@H]2c2ccc3ccccc3c2)cc2ccncc12,0.456759977,3.117151976,-9.7,-9.3,6.1185,388.0575106
Cc1n[nH]c2ncc(Nc3cc4cc(C(=O)O)[nH]c4cc3F)cc12,0.462087727,2.780608596,-8.7,-8.4,3.32852,325.0975028
Cc1n[nH]c2ncc(Nc3cc4[nH]c(C(=O)O)cc4cc3F)cc12,0.462087727,2.791290496,-8.9,-8.5,3.32852,325.0975028
O=C1CCOc2c(F)cc(Nc3nccc4c([N+](=O)[O-])cccc34)cc21,0.565032514,2.599199344,-8.8,-8.8,3.9909,353.0811841
Cc1ccc(-c2cccc(Cl)c2)cc1Nc1n[nH]c2ccc(N)cc12,0.4270392,2.222185852,-9.6,-9,5.51752,348.1141742
O=C(Cc1ccc2cccnc2c1)Oc1ncnc2[nH]c3ccc(Br)cc3c12,0.421914526,2.669410171,-9.6,-9.1,4.5699,432.0221878
O=C(Nc1c(F)cc(F)c2ncccc12)c1n[nH]c(=O)c2ccccc12,0.580486235,2.373652982,-9.4,-8.9,3.0018,352.077182
O=C1c2cccc3cccc(c23)C(=O)N1c1ccc(NC(=O)N2C(=O)N[C@]3(CC[C@H](C(=O)O)CC3)C2=O)cc1,0.347090667,3.27625349,-12,-10.9,3.7377,526.148849
Cc1cc2ccc(Nc3cnc4[nH]ncc4c3)cc2c(=O)[nH]1,0.529786695,2.601610376,-8.6,-8.3,2.85142,291.11201
N#Cc1cc(N)cc(Nc2ncnc3[nH]nc(I)c23)c1,0.465613386,3.104510127,-7.8,-7.8,2.15498,376.9885913
Cc1cc(Nc2ccc(-c3cccc(O)c3)cn2)cc2[nH]ncc12,0.524113816,2.388945991,-8.7,-8.7,4.38252,316.1324111
Brc1cc(Nc2ccccc2-c2ccc3ccccc3c2)cc2ccoc12,0.326402243,2.263444616,-9.6,-8.6,7.7591,413.0415262
Cc1cc(Nc2cccc3cccc(Cl)c23)nc2ccccc12,0.483213574,2.060283516,-9.1,-8.6,6.09342,318.0923762
O=[N+]([O-])c1ccc(Nc2cc(Cc3ccccc3)ccn2)c2cnccc12,0.407341688,2.29940678,-8.8,-8.8,4.8724,356.1273258
c1cc(Nc2cc3cn[nH]c3cn2)c2cccnc2c1,0.580969507,2.350819642,-7.9,-7.9,3.2497,261.1014454
Clc1cc2cnccc2cc1Nc1cc(-c2ccccn2)c(Br)cn1,0.459156091,2.539673365,-9,-8.4,5.8513,409.9933862
O=C(Nc1n[nH]c2cccc(F)c12)N1CCc2nnc(-c3ccncc3)cc2C1,0.548640686,2.804011347,-10,-9.4,3.1442,389.1400364
C1=C(c2c[nH]c3cc(NCc4ccc(-c5ccc6c(c5)CCCO6)cc4)ccc23)CCNC1,0.3524136,2.666294192,-9.9,-9.8,6.1487,435.2310625
O=C(Nc1cc(-c2ccc3ccccc3c2)[nH]n1)N1CCc2cc(-c3cccc(F)c3)ccc21,0.325382545,2.440288939,-10.4,-11,6.6306,448.1699395
O=C(Nc1cc(-c2ccc3ccccc3c2)[nH]n1)C(=O)N1CCc2cc(-c3cccc(F)c3)ccc21,0.334636779,2.576331175,-10.8,-11.2,5.5638,476.1648541
C[C@H]1COc2c(C3(NC(=O)NC4(c5c(F)cc6c(=O)c(C(=O)O)cn7c6c5OC[C@@H]7C)CC4)CC3)c(F)cc3c(=O)c(C(=O)O)cn1c23,0.238597334,4.502365666,-10.7,-9.5,3.8754,662.1824349
O=C(Nc1cc(-c2cccnc2)ccn1)C(=O)N1C(=O)C(=O)c2cc(-c3ccccc3)ccc21,0.480621668,2.551775598,-10.6,-9.7,3.5052,448.117155
C[C@H]1COc2c(C3(NC(=O)C(=O)NNc4ccc5[nH]ncc5c4)CC3)c(F)cc3c(=O)c(C(=O)O)cn1c23,0.196497176,3.79590435,-10.5,-10.4,1.9171,520.1506606
O=C(NCCc1ccc2[nH]ncc2c1)N1CC=C(c2cncc3ccccc23)CC1,0.543199859,2.630418026,-9.5,-9.6,4.1525,397.1902604
Clc1ncc(N2CC=C(c3c[nH]c4ncccc34)CC2)c(-c2c[nH]c3ccccc23)n1,0.37615242,2.941607215,-9,-8.6,5.4483,426.1359723
CC(Nc1cc2cc[nH]c2cn1)c1ccc2c(c1)CC(=O)N2,0.693852476,3.052417774,-8.6,-8.3,3.2306,292.1324111
O=C(c1ccccc1NNc1ccc2cn[nH]c2n1)c1cccc2ccccc12,0.302313001,2.500462059,-9.2,-9.5,4.7811,379.1433102
Nc1ccc(NCc2ccc(-c3ccc4c(c3)CCO4)cc2)cc1-c1cccc2ccccc12,0.280716235,2.248659691,-11.2,-9.9,7.303,442.2045135
Cn1cc(C2=C(c3cccc(N)c3)C(=O)N(C(=O)C(=O)Nc3cccc(-c4ccc5ccccc5c4)n3)C2=O)c2ccccc21,0.160139826,2.975575974,-12.2,-10.7,5.4206,591.1906543
NCc1ccc2c(NC(=O)C(=O)NCc3ccc(-c4ccc5c(c4)CCCO5)cc3)n[nH]c2c1,0.344193864,2.567004869,-9.8,-9.5,3.2685,455.1957397
O=C(NCc1ccc2cnccc2c1)N1CC=C(c2c[nH]c3ncccc23)CC1,0.559085363,2.602622524,-10,-9.3,4.11,383.1746103
CN1CCN(c2ccc(NCC(=O)c3ccc4c(c3)-c3ccccc3C4)c3cnccc23)CC1,0.389565794,2.550090323,-10.6,-9.6,4.8526,448.2263115
C[C@@H](Nc1cnc(Cl)nc1-c1c[nH]c2ccccc12)c1cccc2cnccc12,0.363565356,3.053925459,-8.3,-8.9,5.9996,399.1250733
O=C(NCc1ccc(-c2ccc3c(c2)CCCO3)cc1)N1CC=C(c2cncc3ccccc23)CC1,0.380913563,2.597983134,-10.7,-10.9,6.2257,475.2259772
Nc1cccc2cnc(N3CC=C(c4c[nH]c5cc(F)c(F)cc45)CC3)cc12,0.49085437,2.796416092,-9.8,-9.9,4.8702,376.149953
O=C(CCC(=O)c1ccc2c(c1)-c1ccccc1C2)Nc1cccc2cnc(Cl)cc12,0.274217376,2.364205242,-9.6,-9,6.061,426.1135055
O=C(CCCc1ccc2c(c1)-c1ccccc1C2)Oc1ccc2[nH]ncc2c1Cl,0.302092114,2.514243926,-9.3,-9.4,5.7158,402.1135055
O=C(Oc1cnc(Cl)nc1-c1c[nH]c2ccccc12)c1cccc(Nc2nc3ccccc3c(=O)[nH]2)c1,0.20783532,2.759063611,-10.2,-10.1,5.4776,508.1050661
Fc1ccc2[nH]cc(C3=CCN(c4ccc5c(c4)Cc4ccccc4-5)CC3)c2c1,0.387836362,2.54999587,-10.3,-10.4,6.1719,380.1688769
O=Cc1c[nH]c2nccc(NCc3cccc(-c4cccc(O)c4)c3)c12,0.470538347,2.443587384,-8.8,-8.4,4.3601,343.1320768
Cn1cc(C2=C(c3cccc(NC(=O)N4C(=O)Cc5cc(CCCC(=O)O)ccc54)c3)C(=O)NC2=O)c2ccccc21,0.287747547,2.938680951,-10.9,-9.4,4.274,562.1852346
O=C(Nc1cccc2cc(S(=O)(=O)F)ccc12)N1CCc2cc(-c3cccc(F)c3)ccc21,0.384126379,2.421667723,-10.3,-10.4,5.8987,464.1006199
O=C(O)c1cccc(N(C(=O)Nc2cc3cc[nH]c3cn2)c2nc3ccccc3c(=O)[nH]2)c1,0.333926836,2.868721531,-10.1,-9,3.8678,440.123303
Brc1ccc(NCc2ccc3cnccc3c2)c2ccncc12,0.545862704,2.286506968,-8.6,-8.6,5.1576,363.0371095
Nc1cccc(-c2ccc(F)c(N(N)c3ccc4cn[nH]c4n3)c2)c1,0.303166612,2.877318544,-9.6,-9.1,3.358,334.1342227
Nc1cccc(-c2ccc(NNc3ccc4cn[nH]c4n3)c(F)c2)c1,0.336623041,2.613752185,-9,-8.9,3.7852,334.1342227
Nc1cccc(-c2ccc(F)c(NNc3ccc4cn[nH]c4n3)c2)c1,0.336623041,2.64404112,-9.1,-9.1,3.7852,334.1342227
O=C(NNc1ccc2cn[nH]c2n1)C(=O)Nc1cccc(-c2ccc(F)c(F)c2)c1,0.30643983,2.579040401,-10,-9.9,2.9849,408.1146301
O=C([O-])c1ccc2c(c1)N(c1cnc3[nH]cc(Cc4ccccc4)c3c1)C(=O)C2,0.587722791,2.872392943,-9.4,-9.6,2.738,382.119715
O=C1NCCNc2c(NC(=O)N3C(=O)c4cccc5c(S(=O)(=O)Cl)ccc3c45)cccc21,0.49411836,2.980486358,-10.8,-11.3,3.1149,470.0451683
O=C(NCc1ccc(-c2ccc3ccccc3c2)cc1)Nc1c(Cl)ccc2ccncc12,0.316808414,2.181816407,-10.7,-10.2,7.0301,437.1294899
O=C(Nc1ccccc1-c1ccc2ccccc2c1)C(=O)N1CCc2ccc(-c3ccccc3)cc2C1,0.291098197,2.272989605,-11.3,-10.2,6.6972,482.1994281
N#Cc1ccc(-c2ccc3c(c2)N(c2cc(F)c4ccncc4c2)CCO3)cc1,0.463679812,2.528666731,-10.1,-8.7,5.44308,381.1277404
O=C(NCc1ccc(-c2ccc3c(c2)CCO3)cc1)c1ccc(-c2cnc3c(c2)CCC3)cc1,0.423466217,2.310978351,-10.1,-10.2,5.7692,446.1994281
CC(Cc1ccc2[nH]ncc2c1)Nc1ccc2c(c1)Cc1ccccc1-2,0.473681757,2.78692277,-8.5,-8.7,5.1772,339.1735477
Nc1cccc2c(NC(=O)C(=O)N3CC=C(c4ccnc5[nH]ccc45)CC3)cccc12,0.346527686,2.758009857,-9.9,-9.5,3.5527,411.1695249
O=C(CCc1c(-c2ccccc2)[nH]c2ccc(Br)cc12)N1C(=O)Cc2c(Br)cccc21,0.326849261,2.650356599,-10,-9.2,6.4084,535.973502
O=C1CCc2cc(-c3csc(NC(=O)C(=O)Nc4ccccc4-c4ccc5ccccc5c4)n3)ccc2N1,0.250656992,2.492140956,-10.6,-10.9,6.0922,518.1412616
c1ccc2c(c1)ccc1c(Nc3cccc4[nH]ncc34)ncnc12,0.474089078,2.277644342,-9.3,-9.4,4.4029,311.1170954
O=C(NCCc1cccc(-c2cccc(Cl)c2)c1)C(=O)N1CC=C(c2ccnc3[nH]ccc23)CC1,0.397057632,2.719414968,-9.4,-10.8,4.8579,484.1666037
O=c1cc(CN2CCc3cc(-c4cccc(F)c4)ccc32)[nH]c2ccccc12,0.556955026,2.281847882,-9.9,-9.7,4.8969,370.1481414
c1ccc(C(Nc2cnc3[nH]ccc3n2)c2ccc3c(c2)CCCO3)cc1,0.565673135,3.003268349,-9.6,-8.9,4.4844,356.1637113
Nc1ccc2cc(Br)ccc2c1NC(=O)c1ccccc1Cc1nc2ccccc2c(=O)[nH]1,0.293693355,2.506528009,-10.3,-9.7,5.2641,498.0691379
O=C1Cc2ccc(C(=O)NCCc3ccc4[nH]ncc4c3)cc2N1,0.687229367,2.339355002,-8.9,-8.5,2.03,320.1273258
O=C(Nc1ccc(Oc2ccc3ccccc3c2)c(Cl)c1)C(=O)Nc1cc(-c2cccc(Cl)c2)n[nH]1,0.220969011,2.491225157,-10,-10.4,6.9062,516.0755958
Cc1cccc(C(=O)c2cccc(N3CC=C(c4c[nH]c5cc(F)c(F)cc45)CC3)c2)c1,0.388504849,2.570213415,-10.6,-10.4,6.27922,428.1700198
c1cc(Nc2c[nH]c3ncccc23)c2cn[nH]c2c1,0.51071229,2.455197931,-7.7,-7.8,3.1828,249.1014454
N[C@H]1CC[C@@H](Nc2cc(Br)c3cnccc3c2)C1,0.894930499,3.27424456,-7.4,-7,3.289,305.0527596
N[C@@H]1CC[C@H](Nc2cc(Br)c3cnccc3c2)C1,0.894930499,3.27424456,-7.1,-7.1,3.289,305.0527596
COc1cc2c3c([nH]c2cc1Cl)CCN(C(=O)C(=O)NCc1ccc(-c2ccc4c(c2)CCO4)cc1)C3,0.38803776,2.687682495,-10.5,-10.2,4.6329,515.161184
c1ccc2c(c1)CN(Cc1ccc3cn[nH]c3c1)c1ccccc1-2,0.579103495,2.234065496,-9.7,-9.8,4.7501,311.1422475
O=S(=O)(Nc1n[nH]c2nc(Br)ccc12)c1ccc2c(c1)Cc1ccccc1-2,0.413113028,2.630692234,-9.6,-9.4,4.0924,439.9942588
O=C(CBr)c1cccc(N2CC=C(c3ccnc4[nH]ccc34)CC2)c1,0.524311471,2.730939961,-8.6,-8.3,4.4342,395.0633243
O=C(CCc1ccc2[nH]ccc2c1)Nc1cc(-c2cccnc2)ccn1,0.570989608,2.257434884,-7.7,-7.9,4.1962,342.1480612
O=C1c2ccccc2C(=O)c2cc(NCc3ccc4ccccc4c3)ccc21,0.477509484,1.965404168,-10.3,-9.7,5.2273,363.1259288
c1ccc(-c2nc(NC(c3ccccc3)c3ccc4c(c3)CCCO4)nc3ccccc23)cc1,0.323605841,2.762396381,-10.9,-9.7,6.8233,443.1997624
O=C(Oc1c(I)ccc2ccccc12)c1ccccc1Cc1nc2ccccc2c(=O)[nH]1,0.188880597,2.47887539,-8.8,-9,5.4909,532.0283904
O=C(Oc1ccc2ccccc2c1F)c1ccccc1Cc1nc2ccccc2c(=O)[nH]1,0.324635269,2.344624273,-10.6,-9.5,5.0254,424.1223206
O=C1CC(=C2CN(C(=O)C(=O)Nc3nc(-c4ccc5c(c4)Cc4ccccc4-5)cs3)C2)C(=O)N1,0.265900691,2.967528594,-10.6,-11.1,2.5051,470.1048761
O=C(c1ccc(F)cc1)c1cccc(Nc2ccc(Cc3ccc4c(c3)CCN4)cc2)c1,0.35537869,2.209205278,-9.9,-10.1,6.3591,422.1794416
Fc1cccc2c(N3CCCC(c4c[nH]c5ncccc45)C3)cncc12,0.57525643,3.007936157,-9.9,-9.1,4.6342,346.1593748
O=C(NCCc1ccc2[nH]ccc2c1)Nc1cc(-c2ccccn2)c(Br)cn1,0.422328027,2.501002104,-9.1,-8.8,4.7516,435.0694723
O=C(CN(C(=O)Nc1ccccc1)c1cccc2c1CCNC2)c1cc2cc(Cl)ccc2[nH]1,0.350835661,2.717058353,-10.8,-8.2,5.3884,458.1509537
O=C1Cc2ccc(NC(=O)Nc3cccc4cnc(Cl)cc34)cc2N1,0.608824201,2.384085852,-9.2,-9,4.0268,352.0727033
O=C1Cc2c(cccc2Nc2cccc3[nH]ncc23)N1,0.666247942,2.443256604,-8,-8.1,2.8011,264.101111
Nc1cc2c(cc1F)CCN(C(=O)Nc1ccc(-c3ccnc4ccccc34)cc1)C2=O,0.448507574,2.415168097,-10.3,-10.1,4.8535,426.1492041
O=C(Nc1ccc(-c2ccnc3ccccc23)cc1)C(=O)Nc1cc2c(cc1F)CCNC2=O,0.408899933,2.453688314,-10.1,-10.3,3.904,454.1441187
Fc1c(Cl)cccc1C1=CCN(c2cccc(-c3cn[nH]c3)c2)CC1,0.704627092,2.606112142,-8.6,-8.5,5.1629,353.1095034
c1ccc(-c2ccnc(NC3c4ccccc4-c4ccccc43)c2)cc1,0.502050842,2.105560259,-9.6,-9.6,5.9305,334.1469986
O=C(Nc1nc(-c2ccc3c(c2)Cc2ccccc2-3)cs1)c1ccccc1-n1cnc2ccccc21,0.293384003,2.451888094,-10.5,-11,6.9725,484.1357823
C#Cc1ccc2c(Nc3cc(Cl)c4occ(Br)c4c3)n[nH]c2c1,0.450400318,2.987625787,-9.1,-8.2,5.4499,384.9617517
Oc1ccc2c(Nc3cccc(-c4cn[nH]c4)c3)n[nH]c2c1,0.465477598,2.504121937,-8.5,-8.5,3.4022,291.11201
Cc1[nH]c2ccccc2c1C1=CCN(c2cc3[nH]ncc3cc2Cl)CC1,0.507985495,2.781912688,-8.9,-9.2,5.29972,362.1298243
Cc1[nH]c2ncnc(Nc3ccc4[nH]c5c(c4c3)CCCC5=O)c2c1C,0.504881407,2.791802413,-9,-9.4,4.31864,345.1589602
Fc1cc2[nH]cc(C3=CCN(c4ccc(C(Br)c5ccccc5)cc4)CC3)c2cc1F,0.306313253,3.047556005,-10.3,-9.7,7.2241,478.0856172
Cc1cccc(C(Nc2cnc3[nH][nH]c(=O)c3c2)c2cccc(Cl)c2)c1,0.501698457,2.996329483,-9.4,-9,4.41452,364.1090888
Fc1ccc(NCc2ccc(-c3ccc4c(c3)CCCO4)cc2)c2cnccc12,0.470052549,2.294316979,-9.4,-9.3,5.978,384.1637915
O=c1[nH]cnc2[nH]c3cc(N4CC=C(c5cccc(OC(F)(F)F)c5)CC4)ccc3c12,0.502385581,2.922973367,-9.7,-9.4,4.5967,426.1303604
O=S(=O)(Cl)c1cnc2ccc(Nc3ccc(-c4ccnc5ccccc45)cc3)cc2c1,0.337162993,2.298885242,-9.8,-10.3,6.1211,445.0651754
O=C(Nc1ccc2c(c1)CCC(=O)N2CC1CCCC1)Nc1n[nH]c2nc(Br)ccc12,0.462631527,2.79013755,-10.2,-9.9,4.8338,482.1065861
Cc1cccc(-c2cc(Cl)ccc2NC(=O)Nc2n[nH]c3ccncc23)c1,0.456755651,2.352617086,-10,-9.2,5.23072,377.1043378
Cc1cc(NC(=O)Nc2cnc3[nH]ccc3c2C)cc2[nH]ncc12,0.453002938,2.722824777,-8.4,-8.9,3.70004,320.1385591
Cc1cc(NC(=O)C(=O)Nc2cnc3[nH]ccc3c2C)cc2[nH]ncc12,0.416744483,2.7722482,-9,-8.1,2.63324,348.1334738
O=C(c1ccc2ccc3ccccc3c2n1)N1CCN(S(=O)(=O)c2c[nH]c3ncccc23)CC1,0.406720632,2.517497176,-10.7,-10.7,3.411,471.1365105
O=c1[nH]cnc2[nH]nc(NCc3cccc4cnccc34)c12,0.534520382,2.720507499,-7.9,-8.5,1.8065,292.107259
CC(Nc1cc(-c2ccccc2)ccn1)c1ccc2ccccc2c1,0.492222709,2.322843912,-9.3,-9,6.0749,324.1626486
c1ccc2c(c1)cc(Nc1ccc3ccncc3c1)c1ncccc12,0.425027024,2.172837082,-10,-9.6,5.6798,321.1265975
O=C1Cc2cc(C3CCCCC3)ccc2N1C(=O)Nc1n[nH]c2cccc(I)c12,0.466962513,2.896003933,-10.5,-9.8,5.3364,500.0709239
O=C(Nc1ccc2[nH]ncc2c1Cl)Nc1c[nH]c2cccc(F)c12,0.432294988,2.601436148,-8.6,-8.4,4.4807,343.0636159
C[C@H]1COc2c(F)c(F)cc3c(=O)c(C(=O)Oc4cncc(-c5ncc[nH]5)c4)cn1c23,0.507211583,3.524187019,-9.9,-9.5,3.2374,424.0983114
CC(NC(=O)Nc1cncc(-c2cnc3[nH]ccc3c2)c1)c1ccc2[nH]ncc2c1,0.360399423,3.120582873,-9.9,-9,4.3839,397.1651082
CC(NC(=O)C(=O)Nc1cncc(-c2cnc3[nH]ccc3c2)c1)c1ccc2[nH]ncc2c1,0.32845959,3.196981439,-10,-9.5,3.3171,425.1600228
Fc1cc(Nc2ccc3c(c2)Cc2ccccc2-3)c2[nH]ccc2c1F,0.422418282,2.523272311,-9.2,-9.1,5.7609,332.1125049
O=c1oc2cc(O)c(N3CCC(=C4c5ccccc5CCc5cccnc54)CC3)cc2c2c1CCCC2,0.332953671,2.959009365,-11.4,-10.9,5.9733,490.2256428
O=C1c2ccccc2C(=O)c2cc(Nc3cc(Br)cc4cn[nH]c34)ccc21,0.430186259,2.439734246,-10.1,-9.5,4.8444,417.0112887
O=C1c2ccccc2C(=O)c2cc(Nc3cc(Cl)c4[nH]ncc4c3)ccc21,0.468565518,2.39658395,-10,-9.9,4.7353,373.0618043
c1cc(NCc2ccc3cnccc3c2)cc(-c2cn[nH]c2)c1,0.592555354,2.252563853,-8.9,-8.6,4.237,300.1374965
O=C1Cc2ccc(C(F)(F)F)cc2N1c1ccc2[nH]c(=O)[nH]c2n1,0.717244772,2.817570806,-9.3,-8.6,2.4908,334.0677602
Cc1cccc2c(C(=O)Nc3cccc(C4=C(c5cn(C)c6ccccc56)C(=O)NC4=O)c3)nccc12,0.355180411,2.606495348,-11.2,-10.3,4.85442,486.1691906
Clc1ccc2cc(Nc3ccc(Br)c4ncccc34)ncc2c1,0.464369478,2.29659603,-8.8,-8.7,5.9425,382.9824871
FC(F)(F)c1cccc2c1CCCN2c1cc2cn[nH]c2cn1,0.735691364,2.76299292,-8.7,-8.6,4.061,318.1092311
O=C(Nc1cnc2[nH][nH]c(=O)c2c1)c1ccc2c(c1)CCCN2,0.579942685,2.640106708,-9,-8.5,1.8616,309.1225747
Clc1cccc(-c2cn[nH]c2Nc2cccc3[nH]ncc23)c1,0.526711848,2.526077677,-8.6,-8.5,4.35,309.0781231
O=C(Nc1ccc2c(Cl)cc(Cl)cc2n1)Nc1ncnc2[nH]nc(I)c12,0.352776651,2.952190196,-9,-8.5,4.4565,498.9212112
Brc1cc2[nH]ncc2cc1Nc1nnc(-c2ccc3ccccc3c2)o1,0.42669929,2.518661457,-9.5,-9.2,5.2722,405.0225221
Clc1cc2cn[nH]c2cc1Nc1nnc(-c2ccc3ccccc3c2)o1,0.463485148,2.472426093,-9.9,-9.2,5.1631,361.0730377
Clc1cc2cccc(Nc3n[nH]c4cnc(Br)cc34)c2cn1,0.500564803,2.784890184,-8.6,-8.9,4.6656,372.9729851
O=c1[nH]c2ccc(CNc3ccc4c(c3)[nH]c3nc[nH]c(=O)c34)cc2[nH]1,0.343539549,2.727105603,-9.4,-9.2,2.1861,346.1178237
O=C(CN1C(=O)Cc2ccccc21)c1ccc2c(c1)-c1ccccc1C2,0.52857051,2.200620178,-10,-9.4,4.0298,339.1259288
N#CC(c1ccccc1)c1ccc(Nc2ccc(Oc3ccc4ccccc4c3)c(Cl)c2)cc1,0.27535831,2.659491548,-10.3,-10.1,8.68458,460.134241
O=Cc1c2ccccc2c(Nc2cccc3cc(S(=O)(=O)F)ccc23)c2ccccc12,0.205087714,2.486262563,-10.2,-9.8,6.3605,429.0834926
Clc1ccc(Nc2cccc(-c3cn[nH]c3)c2)c2ccncc12,0.556864498,2.378585927,-8.8,-8.7,5.0219,320.0828741
O=c1[nH]cnc2cc(Cl)cc(Nc3cc4cc[nH]c4cn3)c12,0.53037069,2.77790004,-8.5,-8.1,3.1964,311.0573876
O=C1Cc2ccccc2C(=O)N1c1ncnc2[nH]c3cc(Br)ccc3c12,0.48935701,2.634809182,-9.5,-8.7,3.6031,406.0065377
Fc1cc2nccnc2cc1Nc1cc(Cc2ccccc2)ccn1,0.598489424,2.237721506,-8.6,-8.9,4.4983,330.1280747
NS(=O)(=O)c1cnc2ccc(Nc3cccc(-c4ccc5c(c4)CCO5)c3)cc2c1,0.518248929,2.360900558,-9.8,-9.5,4.2277,417.1147125
O=Cc1c[nH]c2nccc(NCc3ccc(-c4ccc5c(c4)CCO5)cc3)c12,0.50507828,2.530871122,-8.8,-8.6,4.5894,369.1477268
O=C(Nc1ccc2cn[nH]c2c1)c1ccc(Nc2cc(I)ccn2)cc1,0.394435196,2.333761878,-8.9,-8.5,4.5584,455.0243081
Cn1cc(C2=C(c3cccc(Nc4cc5c(N)cccc5cn4)c3)C(=O)NC2=O)c2ccccc21,0.26889533,2.706908579,-11.1,-9.8,4.6195,459.1695249
O=C(O)c1ccc2cc(Nc3cc4c(nn3)-c3ccccc3C4)ccc2c1,0.494015125,2.362813401,-9.5,-9.5,4.6428,353.1164267
Cc1nccc2c(Nc3cc4cc(Br)ccc4cn3)cccc12,0.503311269,2.302074561,-9.2,-8.7,5.59752,363.0371095
O=C1Cc2ccc(C(=O)NNc3n[nH]c4nccc(Cl)c34)cc2N1,0.54276724,2.81878665,-9.1,-8.4,1.8628,342.0632013
O=S(=O)(Cl)c1ccc(Nc2cc(-c3cccnc3)ccn2)c2cnccc12,0.51561409,2.494932471,-9.2,-8.5,4.3629,396.0447743
O=C(Nc1cc(-c2cccnc2)n[nH]1)C(=O)N1CCc2c(-c3ccccc3)cccc21,0.505333338,2.675555436,-9.5,-10.3,3.6665,409.1538748
Cc1ccc(C)c(-n2c(S)nnc2-c2cccc(N3CC=C(c4c[nH]c5ccccc45)CC3)c2)c1,0.286254655,2.764286008,-10.1,-9.8,6.61484,477.1987169
Fc1ccnc2c(Nc3cc4cc(Br)ccc4cn3)cccc12,0.512878082,2.36589913,-9.1,-8.4,5.4282,367.0120377
Brc1ncc(Nc2nnc(-c3ccc4ccccc4c3)o2)c2cc[nH]c12,0.399160272,2.740471448,-9.5,-9.1,5.2722,405.0225221
CC#Cc1ccc2cc(N3C(=O)Cc4cc(C5CCCCC5)ccc43)ccc2c1,0.466696205,2.596620397,-10,-9.5,6.4797,379.1936144
N#Cc1ccc(-c2ccc3c(c2)N(C(=O)CCC(=O)c2ccc4c(c2)-c2ccccc2C4)CCO3)cc1,0.279201065,2.570200791,-10.2,-9.6,6.18498,484.1786926
Brc1ccc2c(c1)[nH]c1ncnc(N3c4ccccc4C=Cc4ccccc43)c12,0.305583616,2.759848821,-9.8,-8.7,6.8272,438.0480086
N#CC(c1ccccc1)c1ccc(Nc2cc3[nH]ncc3cc2Cl)cc1,0.497583822,2.856544909,-8.5,-9,5.61538,358.0985242
O=C(Nc1c[nH]nc1-c1ccccc1F)C(=O)N1CCCC(c2c[nH]c3ncccc23)C1,0.431251964,3.361418659,-9.7,-9.2,3.4368,432.1710021
Cc1nc2cccc(Nc3n[nH]c4cccc(F)c34)c2c(=O)[nH]1,0.531084368,2.609355158,-9.2,-8.3,2.99052,309.1025882
Cc1c(N2CCc3cc(-c4cccc(F)c4)ccc32)ccc2c(=O)[nH]cnc12,0.554057351,2.509127203,-10,-10.6,4.73182,371.1433904
Fc1cc(Nc2cccc(-c3ccc4ccccc4c3)n2)cc(F)c1Cl,0.414238852,2.178391951,-9.6,-9.2,6.577,366.0735325
O=C(NCc1ccc(-c2ccc3ccccc3c2)cc1)C(=O)Nc1ccccc1-c1ccc2ccccc2c1,0.236831446,2.171773442,-10.6,-10.3,7.5819,506.1994281
COc1cc(N2CC=C(c3ccnc4[nH]ccc34)CC2)c2cnccc2c1,0.590564933,2.795346346,-9,-8.8,4.4134,356.1637113
Clc1ccc(Nc2ccc3[nH]c4ncnc(Cl)c4c3c2)c2occc12,0.379881231,2.771626789,-9.2,-9,5.9077,368.0231663
O=Cc1cnc2ccc(Nc3cc(-c4ccccn4)c(Br)cn3)cc2c1,0.483706937,2.55998617,-9,-8.8,5.0104,404.0272731
O=C(c1cc2c(=O)[nH]c3ccccc3c2s1)N1CCc2nnc(-c3ccncc3)cc2C1,0.451812515,2.764185638,-10,-10,3.7933,439.1102958
O=c1ccc2c(Cl)cc(N3CCc4c(-c5ccccc5)cccc43)cc2[nH]1,0.500941192,2.335506682,-9.7,-10.5,5.5427,372.1029408
O=C(Oc1n[nH]c2ncccc12)c1ccccc1Cc1nc2ccccc2c(=O)[nH]1,0.450801464,2.633394312,-9.6,-9.4,3.0044,397.1174893
Cc1c(C(=O)Nc2cc3cccnc3c3ncccc23)c2ccccc2n(C)c1=O,0.455481197,2.443782798,-10.2,-10,4.19562,394.1429758
c1cnc2cnc(Nc3ccc4c(c3)oc3ccccc34)cc2c1,0.482110089,2.201353958,-9.1,-9.2,5.2728,311.105862
CN(c1ccc2cnccc2c1)c1ccc(F)c2ncc(C(=O)O)cc12,0.595335917,2.523328034,-8.9,-8.6,4.3882,347.1070049
Clc1cccc(-c2cccc(Nc3nccc4sccc34)c2)c1,0.47049006,2.072734569,-8.8,-8.5,6.3603,336.0487971
C[C@H]1COc2c(F)c(F)cc3c(=O)c(C(=O)NNc4ccc5[nH]ncc5c4)cn1c23,0.450294663,3.382511583,-10.4,-9.3,2.8663,411.1142958
C[C@H]1COc2c(F)c(N(N)c3ccc4[nH]ncc4c3)cc3c(=O)c(C(=O)O)cn1c23,0.350694514,3.678392488,-10,-9,2.6803,409.1186322
C[C@H]1COc2c(F)c(NNc3ccc4[nH]ncc4c3)cc3c(=O)c(C(=O)O)cn1c23,0.382228761,3.496903619,-9.7,-9,3.1075,409.1186322
O=[N+]([O-])c1cccc(-c2ccnc(Nc3ccc(Cl)c4ccccc34)n2)c1,0.369949848,2.142753772,-9.2,-8.9,5.602,376.0727033
O=C(CN1CC=C(c2c[nH]c3cc(F)c(F)cc23)CC1)c1ccc2c(c1)Cc1ccccc1-2,0.348648166,2.686637199,-10.4,-9.4,5.9893,440.1700198
O=c1[nH][nH]c2ncc(N[C@@H]3CCOc4ccc(O)cc43)cc12,0.578324716,3.270211284,-8.9,-8.7,1.8925,298.1065903
Cc1cc(Nc2ccc3c(Cl)c(O)ccc3c2)cc2[nH]ncc12,0.479136532,2.499651661,-9,-9,5.12712,323.0825397
N#Cc1ccc(Nc2ncnc3[nH]c4ccc(Br)cc4c23)cc1-c1ccncc1,0.383192413,2.627150351,-9.3,-9.4,5.55088,440.0385065
O=C(NS(=O)(=O)c1ccc2c(c1)oc1ccccc12)c1c[nH]c2ncccc12,0.489032802,2.381686177,-9.9,-9.6,3.581,391.0626769
O=C(O)c1cccc2cc(Nc3c[nH]c4nc[nH]c(=O)c34)ccc12,0.463701267,2.585771934,-8.6,-9.2,2.8462,320.0909402
NCc1ccc2c(Nc3ccc(C(=O)c4cnc5ccccc5c4)cc3)n[nH]c2c1,0.380882871,2.354513893,-9.9,-9.1,4.5444,393.1589602
O=C(Nc1cc2[nH]ncc2cc1[N+](=O)[O-])c1n[nH]c(=O)c2ccccc12,0.379989154,2.490993523,-9.2,-8.8,1.9599,350.0763528
N#Cc1cccc2c1CCCN2c1cccc(-c2cn[nH]c2)c1,0.776992048,2.523974615,-8.9,-8.8,4.03268,300.1374965
Clc1ccc(Sc2ccc(Nc3ccc4[nH]cc(C5=CCNCC5)c4c3)cc2)cc1,0.315486365,2.581248622,-9.4,-8.9,7.0928,431.1222964
O=C(Nc1cc(-c2cc(F)cc(Br)c2)[nH]n1)c1cc(F)c2[nH]c(=O)ccc2c1,0.44147511,2.673815334,-9.5,-9,4.2112,444.0033441
Nc1cccc2c(Nc3cnc4[nH]ccc4n3)cccc12,0.489523992,2.449677615,-8.5,-8.4,3.4369,275.1170954
O=C(O)c1cc(F)cc2c(=O)c3cc(N4C(=O)CCNc5ncccc54)ccc3[nH]c12,0.429978744,2.809311046,-9.6,-10.3,3.3939,418.1077332
O=C1CCN(c2cc(C(=O)O)c3[nH]c4ccc(F)cc4c(=O)c3c2)c2ncccc2N1,0.429978744,2.759043214,-10.4,-9.7,3.3939,418.1077332
Cc1ncc(-c2ccccc2)cc1NC(=O)C(=O)Nc1nc(-c2c[nH]c3ncccc23)c(C)s1,0.323401206,2.645457545,-10,-10.5,4.94244,468.1368449
c1ccc(Cc2ccc(Nc3cccc4[nH]ncc34)cc2)cc1,0.562605551,1.88895984,-9.2,-8.9,4.8973,299.1422475
O=C1C(=O)N(C(=O)Nc2nc3c(s2)CCc2ccccc2-3)c2c(Cl)cccc21,0.60671821,2.665129852,-10.5,-9.3,4.3235,409.0287899
c1cncc(-c2ccnc(Nc3cnn4ccccc34)c2)c1,0.625967141,2.427795385,-8.4,-8,3.5349,287.1170954
Clc1nccc2c(Nc3cccc(-c4cn[nH]c4)c3)cccc12,0.520924664,2.328106515,-8.8,-8.8,5.0219,320.0828741
O=Cc1cc2ccc(Nc3ccc4cncc(F)c4c3)cc2[nH]1,0.551126466,2.600122322,-8.6,-8.7,4.4113,305.0964402
Clc1ccc2ccncc2c1Nc1ccc(Cl)c2cnccc12,0.498539402,2.40306882,-8.5,-8.5,5.8334,339.0330027
Cc1c(Nc2ccc3c(c2)CC(=O)N3)cnc2c(F)cccc12,0.754221443,2.483663549,-8.9,-9,3.92052,307.1120903
Brc1cc(N2CC=C(c3c[nH]c4ccccc34)CC2)c2cn[nH]c2c1,0.497870281,2.73335581,-9.5,-8.9,5.1004,392.0636586
Clc1ccc2cc(NCc3ccc4cn[nH]c4c3)ncc2c1,0.590419164,2.331788446,-8.6,-8.4,4.3766,308.0828741
N[C@H]1CC[C@@H](Nc2cccc(-c3ccc4c(c3)CCN4)c2)C1,0.809964913,3.047691722,-8.6,-8.4,3.6133,293.1891977
c1cc(Nc2ccc3[nH]ncc3n2)c2cn[nH]c2c1,0.510351093,2.587810077,-8.2,-7.9,2.5778,250.0966943
c1ccc(Cc2c[nH]c3ncc(Nc4ccc(-c5cccnc5)cc4)cc23)cc1,0.397866684,2.213024603,-9.3,-9.2,5.9593,376.1687966
Brc1cc(Nc2cc(CCc3ccccc3)ccn2)cc2ccncc12,0.448695275,2.287536782,-8.9,-8.8,5.9211,403.0684097
Cc1nccc(-c2ccc(Nc3cccc4c(=O)[nH]ccc34)cc2)n1,0.595343061,2.210260088,-8.9,-8.6,4.03712,328.1324111
O=C1c2cccc3cccc(c23)N1c1csc2c(Cl)cccc12,0.417494869,2.460269968,-8.9,-8.7,5.9998,335.0171626
Cc1n[nH]c2cc(NC(=O)Nc3cc(Br)c4cn[nH]c4c3)ccc12,0.417161927,2.635200697,-8.5,-8,4.15412,384.0334211
NCC1(c2cc(F)cc(OC(=O)c3cc4c(cn3)Cc3ccccc3-4)c2)CC1,0.43311149,2.739736391,-9.4,-8.9,4.0014,374.1430561
O=S(=O)(c1ccc(F)c2cnccc12)N1CC=C(c2ccnc3[nH]ccc23)CC1,0.560286256,2.83040613,-9.7,-9.2,3.7282,408.105625
O=C(Nc1c[nH]c2cccc(F)c12)N1CC=C(c2c[nH]c3ncccc23)CC1,0.482243236,2.762574524,-9.8,-9,4.5045,375.1495384
Cc1c(Nc2ncc(-c3cccnc3)s2)cnc2[nH]ccc12,0.596908962,2.738458505,-8,-7.7,4.13342,307.0891664
CN(c1ccc2cc[nH]c2c1)c1cc(-c2ncc[nH]2)ccn1,0.603989515,2.781013061,-8.3,-7.6,3.7209,289.1327455
O=C1Cc2c(cccc2Nc2cc(Br)cc3[nH]ncc23)N1,0.666334505,2.654644881,-8.2,-8.1,3.5636,342.0116231
Cc1cc2[nH]ncc2cc1NC(=O)C(=O)N1CCC(c2cccc3[nH]ccc23)CC1,0.447196567,2.633911699,-9.8,-9.2,3.69732,401.185175
CC1CN(C(=O)Nc2n[nH]c3nc(Br)ccc23)c2ccccc2N1,0.557543287,3.346892397,-8.9,-9.2,3.5729,386.0490712
CC1CNc2ccccc2N1c1ccc2c(N)n[nH]c2n1,0.637634392,3.317538116,-8.1,-8,2.4922,280.1436445
O=S(=O)(F)c1ccc2c(Nc3cc4cnccc4cc3F)cccc2c1,0.519692321,2.448064832,-9.4,-9.2,4.9289,370.0587551
CS(=O)(=O)c1ccc(NC(=O)Nc2ncnc3[nH]c4cc(Br)ccc4c23)cc1,0.428607751,2.459902773,-9,-8.6,3.9211,459.0000724
Nc1n[nH]c2cccc(Nc3ccc(F)c4ccccc34)c12,0.518935845,2.264999559,-8.4,-8.5,4.181,292.1124246
Fc1ccc2cccc(Nc3cccc(-c4cc(Cl)ncn4)c3)c2c1,0.472507747,2.157513828,-9.1,-9.2,5.8329,349.0782033
O=c1[nH]cnc2c1cnn2-c1ccccc1N1CC=C(c2c[nH]c3ncccc23)CC1,0.476818673,2.980648854,-9.7,-9.4,3.2788,409.1651082
c1cc2cc(CNc3cc4cn[nH]c4cn3)ccc2cn1,0.602596888,2.47144362,-8.4,-8.2,3.1182,275.1170954
O=Cc1c[nH]c2nccc(N3CC=C(c4c[nH]c5ncccc45)CC3)c12,0.557800082,3.029041477,-8.7,-9.2,3.5454,343.1433102
O=S(=O)(Cl)c1ccc(N2CC=C(c3c[nH]c4ncccc34)CC2)c2cnccc12,0.494944459,2.894611075,-9.6,-9,4.3323,424.0760745
O=c1[nH]c2cc(CNc3cccc4c3-c3ccccc3CO4)ccc2o1,0.581622531,2.50657934,-9.8,-10,4.2926,344.1160924
O=C(c1ccccc1Nc1cccc2cnncc12)c1cccc2ccccc12,0.405965531,2.238273866,-8.8,-8.8,5.7576,375.1371622
Cc1ccc2c(Nc3ccc4c(c3)Cc3ccccc3-4)nccc2c1,0.440244305,2.127105706,-9.4,-9,5.85802,322.1469986
O=C1Cc2ccc(N3CC(=O)Nc4ncc(C(=O)O)cc43)cc2N1,0.768969752,2.784414252,-8.8,-8.8,1.3646,324.0858549
CC(Cl)C(=O)c1ccc2c(c1)CC(=O)N2c1ccc2cc[nH]c2n1,0.585432699,3.265094472,-8.7,-8.2,3.5937,339.0774544
O=C(Oc1ncnc2[nH]c3ccccc3c12)c1ccc(-n2cnc3ccccc3c2=O)cc1,0.422890239,2.532192512,-10,-9.7,4.0294,433.1174893
O=C(CCl)c1ccc2c(c1)CCC(=O)N2c1ncc2cc[nH]c2n1,0.586914932,2.868024777,-8.6,-8,2.9903,340.0727033
O=C(NNc1ccc2ccccc2c1)C(=O)Nc1nccc(-c2cccc([N+](=O)[O-])c2)n1,0.251733407,2.437136826,-10.1,-10.2,3.2868,428.123303
Oc1ccc(-c2cccnc2)cc1Nc1nccc2cnccc12,0.556075148,2.285692826,-8.8,-8.1,4.141,314.1167611
O=C(c1ccccc1Nc1nc2c(Cl)ccc(Br)c2s1)c1cccc2ccccc12,0.259265998,2.373230001,-9.5,-9.6,7.84,491.9698738
O=C1Cc2c(cccc2N2CCC(c3c[nH]c4ccccc34)CC2)N1,0.744191817,2.420735852,-9.3,-9.5,4.0465,331.1684623
C[C@@H](NC(=O)N1CC=C(c2c[nH]c3cc(F)c(F)cc23)CC1)c1cccc2cnccc12,0.445647282,3.163389562,-10.2,-9.3,5.5542,432.1761678
C[C@@H](Nc1cc2[nH]cc(C3=CCNCC3)c2cc1F)c1cccc2cnccc12,0.439817489,3.258687268,-9.5,-9.2,5.405,386.190675
CN1CCN(c2ccc(Nc3cncc4c(Cl)cccc34)c3cnccc23)CC1,0.52497043,2.505796143,-8.9,-9.1,4.9318,403.1563734
Cc1cc(Nc2ccc3[nH]nnc3c2)cc2[nH]ncc12,0.519620043,2.821007842,-8.1,-8.2,2.88622,264.1123444
O=C(Nc1n[nH]c2cc(O)ccc12)N[C@@H]1C[C@H]1c1cccc(F)c1F,0.587974336,3.321261598,-8.6,-8.9,3.2243,344.1084821
N[C@@H]1C[C@H]1c1cccc(Nc2n[nH]c3cc(O)ccc23)c1F,0.598494234,3.345220281,-8.1,-8.4,2.9658,298.1229893
O=C(Nc1cc(Oc2ccccc2)ccc1O)Nc1n[nH]c2cc(F)ccc12,0.381756062,2.237889596,-10.1,-9.1,4.8439,378.1128186
Cn1nc(CC(=O)N2CCC3(CC2)NC(=O)N(C(=O)c2ccc4ccc5ccccc5c4n2)C3=O)c2ccccc2c1=O,0.198931754,3.478897402,-12.4,-12.5,2.9308,574.1964679
c1cnc2c(c1)cc(Nc1ccc3cn[nH]c3c1)c1cccnc12,0.474089078,2.392494342,-9.2,-8.7,4.4029,311.1170954
c1ccc(-c2ccnc(Nc3cccc4c3CNCC4)c2)cc1,0.763239027,2.242235425,-8.9,-9.1,4.1379,301.1578976
Cc1cccn2c(=O)c(C(=O)Oc3c4ccccc4c(C=O)c4ccccc34)cnc12,0.192063751,2.55186844,-10.2,-9.8,4.34102,408.111007
O=C1Cc2cc(N3C(=O)Cc4cc(C(F)(F)F)ccc43)ccc2N1,0.869821309,2.510644974,-9.5,-8.8,3.4208,332.0772623
Cc1nccc(-c2cccc(Nc3c(C)cnc4[nH]ncc34)c2)n1,0.60114994,2.598792364,-8.8,-8.6,3.77534,316.1436445
COc1cc2[nH]ncc2cc1Nc1ccc2cnc(C(F)(F)F)cc2c1,0.547757325,2.601188325,-8.6,-8.4,4.8821,358.1041457
O=C(O)c1cc(N2CC=C(c3cncc4ccccc34)CC2)cc2c(=O)c3cc(F)ccc3[nH]c12,0.350471276,2.834086188,-10.8,-9.8,5.3605,465.1488697
O=S(=O)(Cl)c1ccc(Cl)cc1Nc1cc(-c2cc(F)cc(Br)c2)[nH]n1,0.513238868,2.657688694,-8.9,-8.2,5.3028,462.8959932
CC1COc2c(F)c(F)cc3c(=O)c(C(=O)Nc4cccc5c4CC(=O)N5)cn1c23,0.67863614,3.298315565,-10.3,-10.4,2.98,411.1030624
CC1COc2c(Nc3cccc4c3CC(=O)N4)c(F)cc3c(=O)c(C(=O)O)cn1c23,0.613530307,3.389795785,-9.9,-10,3.0304,409.1073988
O=C(c1ccc(Nc2ccc3[nH]ncc3c2Cl)cc1)c1cnc2ccccc2c1,0.37858525,2.359008994,-10.2,-9,5.7391,398.0934388
Cc1ccc2cnccc2c1NC(=O)C(=O)Nc1cnc2[nH]ccc2c1C,0.478139588,2.662953334,-9,-8.9,3.30514,359.1382248
O=C1Cc2ccc(NC(=O)Nc3cccc4[nH]c(=O)[nH]c34)cc2N1,0.49595853,2.516972603,-8.9,-8.5,1.9948,323.1018393
CC(=O)c1ccc2c(c1)CC(=O)N2c1ccc2[nH]nc(N)c2c1,0.711687391,2.484809359,-8.8,-8.6,2.5685,306.1116757
c1cc(C2CC2)c(Nc2ccc3[nH]ncc3c2)cn1,0.746659955,2.430644823,-7.1,-7.2,3.5789,250.1218464
O=Cc1c[nH]c2nccc(NCc3ccc(-c4ccc5c(c4)CCCO5)cc3)c12,0.477122756,2.556411791,-9.1,-9,4.9795,383.1633769
Nc1cc(Nc2ccc3c(c2)CCC(=O)N3CC2CC2)cc2ccccc12,0.656019062,2.389128329,-9.2,-9.2,4.8548,357.1841124
N#Cc1cccc(C2(NC(=O)Nc3n[nH]c4ncc(Br)cc34)CC2)c1,0.629787493,2.836199449,-9.4,-8.7,3.40288,396.0334211
Clc1ccc(-c2cnc(N[C@@H]3C[C@H]3c3ccc4ccccc4c3)o2)cc1,0.476335339,3.043530248,-9,-9.4,6.1162,360.1029408
O=C1CN(c2ccc3c4c([nH]c3c2)C(=O)CCC4)c2cc(Br)cnc2N1,0.636221875,2.925729797,-9.4,-9.2,3.9346,410.0378378
Cc1cc2cn[nH]c2cc1Nc1cc2[nH]ncc2nc1Br,0.485376696,3.074839333,-8.1,-7.6,3.64872,342.0228565
c1ccc(-c2nc(Nc3ccc4[nH]ncc4c3)nc3ccccc23)cc1,0.490419094,2.132345466,-9.7,-9.4,4.9167,337.1327455
C[C@H]1COc2c(F)c(F)cc3c(=O)c(C(=O)Oc4n[nH]c5ncnc(Cl)c45)cn1c23,0.381838558,3.708056225,-9.5,-10.2,2.772,433.0389379
O=c1[nH]cnc2ccc(Nc3nccc4ccncc34)cc12,0.592358089,2.465114126,-8.4,-8.2,2.6099,289.09636
Nc1n[nH]c2cc(CNc3ccc4c(C5=CCNCC5)c[nH]c4c3)ccc12,0.385068706,2.831784231,-9.3,-9.2,3.6152,358.1905947
NCc1ccc2c(NC(=O)C(=O)N3CC=C(c4c[nH]c5cc(F)ccc45)CC3)n[nH]c2c1,0.372173032,2.935529134,-10.2,-9.3,2.8964,432.1710021
O=C(Nc1n[nH]c2cccc(I)c12)C(=O)N1CCC(c2c[nH]c3ncccc23)CC1,0.281777086,2.884278807,-10.2,-9.4,3.3885,514.0614218
O=C1Cc2ccc(Cl)cc2N1c1cccc(-c2cn[nH]c2)c1,0.778894298,2.432609415,-8.9,-8.8,3.9509,309.0668897
O=C(O)c1ccc2c(Nc3ccc(F)c4c(Cl)ccnc34)n[nH]c2c1,0.507492498,2.549090673,-8.9,-8.5,4.3454,356.0476315
Nc1ccc(Nc2ccc3c(c2)[nH]c2ncnc(Cl)c23)c2ccncc12,0.314839889,2.653564307,-9.6,-9.1,4.6385,360.0890221
Clc1ccc(Nc2cc3c(nn2)-c2ccccc2OC3)c2ccncc12,0.545871217,2.637225893,-10,-9.1,4.9812,360.0777887
O=C1Cc2c(cccc2Nc2cncc3c(Cl)cccc23)N1,0.748211556,2.477817107,-8.8,-8.5,4.1264,309.0668897
Nc1cnc(-c2cccc(Nc3ccc4cn[nH]c(=O)c4c3)c2)nc1,0.532636475,2.41904112,-9,-8.8,2.7059,330.1229091
Cc1cccc(-c2ccc(Nc3nc4ccccc4cc3Br)cc2)c1,0.420918263,1.934622996,-10,-8.5,6.71632,388.0575106
Cc1cccc(-c2ccc(Nc3cc4ccccc4nc3F)cc2)c1,0.46008325,2.057430794,-9,-9.1,6.09292,328.1375768
Nc1cccc2c(NC(=O)Nc3c[nH]nc3-c3ccccc3F)cccc12,0.401750244,2.49953898,-9.3,-9.4,4.5952,361.1338884
COc1cc2[nH]ncc2cc1Nc1cc(F)c2c(=O)[nH]ccc2c1,0.539856685,2.667387988,-8.6,-8.7,3.2957,324.1022539
Brc1ccc(Nc2ncnc3ccccc23)c2ccncc12,0.569539452,2.21075602,-8.3,-8.2,4.6841,350.0167085
Clc1cc(Nc2cnccc2-c2ccccc2)c2nccc(Cl)c2c1,0.459247801,2.28300171,-8.9,-8.5,6.3472,365.0486528
Fc1cc(Nc2cnccc2-c2ccccc2)cc2c(Cl)ccnc12,0.505107182,2.278485588,-9.4,-8.8,5.8329,349.0782033
NS(=O)(=O)c1cc2c(cc1Nc1cc(-c3cccnc3)ccn1)CCC2,0.739497582,2.474629489,-9.9,-8.6,3.0233,366.1150468
C#Cc1ccc2c(Nc3ccc(Br)c4ccccc34)n[nH]c2c1,0.48119677,2.477691323,-9.4,-9.2,5.2035,361.0214595
c1ccc(-c2ccnc(Nc3cccnc3-c3ccccn3)c2)cc1,0.576907873,2.161822928,-8.6,-8.3,4.9492,324.1374965
CN(C(=O)Nc1nccc(-c2ccccc2)n1)c1cccc2ncccc12,0.592621912,2.242851376,-9.2,-8.9,4.3601,355.1433102
c1cc2cc(CNc3cnc4[nH]ccc4c3)ccc2cn1,0.598325983,2.356201862,-8.4,-8.1,3.7232,274.1218464
NC(=O)c1oc2ccccc2c1NC(=O)Nc1cccc(-c2nc3ccccc3o2)c1,0.383868281,2.281400627,-10.3,-9.5,4.9839,412.117155
C[C@@H](Nc1ncc2cc[nH]c2n1)c1cccc2cnccc12,0.603518776,2.983395896,-8.4,-8.4,3.6792,289.1327455
Cc1cc2cn[nH]c2cc1Nc1ccc(Br)c2cc[nH]c12,0.487696281,2.710860266,-8,-7.7,4.85872,340.0323585
N#Cc1cc(N)ncc1Nc1n[nH]c2nc[nH]c(=O)c12,0.51946185,3.239208913,-7.8,-7.5,0.23868,268.0821069
Cc1sc(Nc2cc(F)c3ccncc3c2)nc1-c1c[nH]c2ncccc12,0.441459582,2.719485066,-9.2,-8.7,5.42572,375.0953947
O=C(CN1CCc2c(-c3ccccc3)cccc21)c1ccc2c(c1)-c1ccccc1C2,0.335697935,2.280898854,-10.3,-10,6.1702,401.1779644
O=C(OCc1cc(=O)oc2ccc3ccccc3c12)c1ccccc1C(=O)c1ccc2c(c1)OCCO2,0.142178294,2.460666175,-9.7,-9.9,5.3054,492.120903
Clc1cccc(-c2cc(Nc3cc(Br)cc(CBr)c3)[nH]n2)c1,0.478245707,2.601507973,-8.1,-7.6,6.1311,438.9086493
Cc1ccc(C)c2c1C(=O)N(C(=O)Nc1cc3c(cc1Cl)CCC3=O)C2=O,0.757630861,2.778688956,-9.9,-10,3.91384,382.0720346
Clc1cccc([C@H]2C[C@H](Nc3cnc4[nH]ccc4n3)C2)c1,0.769061693,2.583525588,-8.2,-7.9,3.9694,298.0985242
Clc1cc2cc(Nc3nc(-c4cccc5ccccc45)cs3)ccc2cn1,0.341639432,2.26136077,-9.4,-9,6.9085,387.0596961
O=C1Cc2cc(Nc3cccc4[nH]c(=O)ccc34)ccc2N1,0.679406157,2.272415905,-8.8,-9,2.7663,291.1007767
O=C(Nc1ccc2[nH]ncc2c1Cl)NS(=O)(=O)c1ccc(F)c2cnccc12,0.470109357,2.693406766,-9.4,-8.9,3.414,419.0255161
Cc1ccc2ncc(Nc3cnc(N)c(-c4cccnc4)c3)cc2c1,0.585614062,2.346824893,-9.1,-8.3,4.32602,327.1483955
Clc1ccnc2ccc(Nc3cncc4ccccc34)cc12,0.554245254,2.136725961,-8.7,-8.4,5.18,305.0719751
O=C(O)c1ccc2c(c1)C(=O)N(c1ncc3ccc(F)cc3n1)c1ccccc1O2,0.529699735,2.488592816,-10.2,-9.4,4.5513,401.0811841
COC(=O)c1cc2[nH]ncc2cc1Nc1ccnc2[nH]cc(C=O)c12,0.390325986,2.878333928,-8,-7.9,2.7819,335.1018393
CC(Nc1ccc2c(=O)[nH]nnc2c1)c1cccc2ccccc12,0.60512339,2.82877104,-8.8,-9.1,3.6444,316.1324111
O=C(Nc1ccncc1-c1ccncc1)C(=O)Nc1cccc2c1NCCNC2=O,0.49589888,2.722614616,-9.8,-9.5,1.8761,402.1440384
Cc1cccc(-c2ccc(Nc3nc(Cl)c4c(I)c[nH]c4n3)cc2)c1,0.294012783,2.469493544,-9,-9.2,5.93492,459.9951721
O=c1[nH]c2cccc(Nc3ncc(Br)c4cc[nH]c34)c2[nH]1,0.450054245,2.958976533,-8.6,-7.8,3.2386,343.006872
O=C(NCc1ccc2ncccc2c1)c1n[nH]c(=O)c2ccccc12,0.603659239,2.058223628,-9.4,-8.6,2.4013,330.1116757
Cc1cc(Nc2nccc(-c3cccc([N+](=O)[O-])c3)n2)c2ncccc2c1,0.421853803,2.305382175,-9.4,-9,4.65202,357.1225747
O=C1Nc2ccc(Nc3nc(Cl)nc4[nH]ncc34)cc2C1=O,0.491539261,2.750694786,-8.5,-8.3,1.8847,314.0319011
Clc1cc(Nc2cncc3c(Cl)cccc23)c2occ(Br)c2c1,0.396875311,2.763179633,-8.8,-8.1,6.7939,405.9275304
O=C(NCc1cc2cnccc2[nH]1)Nc1cc(Br)c2cn[nH]c2c1,0.434329765,2.716783353,-8.7,-8.1,3.5234,384.0334211
Nc1cccc2c(Nc3ccc4cc(Cl)ncc4c3)cccc12,0.385684099,2.181701885,-8.7,-9.1,5.3672,319.0876251
Brc1cc(Nc2ccc3[nH]nc(Br)c3c2)c2[nH]ncc2c1,0.45115959,2.893223192,-8.6,-8.2,4.7078,404.9224695
O=Cc1c2ccccc2c(NCCc2ccc3[nH]ncc3c2)c2ccccc12,0.326576383,2.455437943,-9.5,-9.2,5.3364,365.1528122
O=Cc1ccc(Nc2n[nH]c3nc(C(F)(F)F)ccc23)cc1Cl,0.701417176,2.687259965,-8.4,-7.8,4.1862,340.0338732
O=Cc1ccc(I)cc1Nc1n[nH]c2nc(C(F)(F)F)ccc12,0.48252862,2.961578235,-8.7,-7.8,4.1374,431.9694935
Nc1ccc(Nc2ccc3c(c2)CCC(=O)N3CC2CC2)cc1-c1cccc(Cl)c1,0.498635787,2.397322512,-9.3,-8.6,6.022,417.1607901
Nc1ccc(Cl)cc1-c1cccc(Nc2ccc3c(c2)CCC(=O)N3CC2CC2)c1,0.498635787,2.392569739,-9.6,-9.4,6.022,417.1607901
O=C1CCc2cc(-c3csc(Nc4cc5cccc(Cl)c5cn4)n3)ccc2N1,0.461664561,2.532838126,-10.1,-9.3,5.64,406.0655098
CC(C)c1nc2cc(NC(=O)Nc3n[nH]c4cccc(F)c34)ccc2[nH]1,0.441120233,2.542233647,-9.5,-9.1,4.3457,352.1447874
C[C@@H](Nc1ccc(Br)c2cnccc12)c1cccc2cnccc12,0.49561672,2.807174996,-8.5,-8.3,5.7186,377.0527596
C[C@@H](Nc1ccc(Cl)c2ccncc12)c1cccc2cnccc12,0.529233948,2.738229062,-8.6,-8.3,5.6095,333.1032752
O=C(c1cccc(F)c1)c1cccc(Nc2nccc(-c3ccccc3)n2)c1,0.487818268,1.968663079,-10,-8.7,5.2573,369.1277404
O=C(NCc1ccc2sccc2c1)N1C(=O)c2cccc3cccc1c23,0.552563946,2.386512081,-9.6,-9.4,4.9245,358.0775987
O=C1Cc2cc(CNc3ccc4c(c3)Cc3ccccc3-4)ccc2N1,0.587011078,2.246768284,-9.4,-9.6,4.3645,326.1419132
Cc1ccc(-c2cccc(Cl)c2)cc1NC(=O)C(=O)Nc1ccc2[nH]nc(Br)c2c1,0.33479528,2.410748603,-9.8,-9.2,5.53142,482.0145155
O=C(Nc1ncnc2[nH]ccc12)NC1CCc2ccccc2OC1,0.675374525,2.975953426,-8.9,-9.1,2.4732,323.1382248
C[C@H](Nc1n[nH]c2nccnc12)c1cccc2cnccc12,0.605891548,3.096936487,-8.4,-8.4,3.0742,290.1279944
O=C1Cc2ccc(C(F)(F)F)cc2N1c1ccc2cc(Cl)ccc2c1,0.541486578,2.28616706,-9.5,-9,5.7328,361.0481263
c1cc2c(c(Nc3cc4cc[nH]c4cn3)c1)OCCC2,0.743528532,2.62398118,-8,-8,3.6315,265.1215121
Clc1c(Nc2ccnc3[nH]ccc23)cnc2ccccc12,0.57179334,2.424959998,-8.2,-8.2,4.5081,294.067224
Fc1ccc2c(Nc3ccc(-c4ccccc4)cc3)n[nH]c2c1,0.551732531,1.913235022,-9,-9,5.1126,303.1171757
N#Cc1cc(F)cc(NC(=O)Nc2ncnc3[nH]nc(I)c23)c1,0.54791166,2.974204862,-8.6,-7.8,2.61228,422.9740841
N#Cc1cc(F)cc(Nc2n[nH]c3ncnc(N)c23)c1,0.651417656,2.809072071,-8.1,-7.8,1.68948,269.0825215
c1cc(Nc2cc3ccccc3c3cccnc23)c2[nH]ncc2c1,0.450693258,2.332419342,-9.6,-8.9,5.0079,310.1218464
C1=C(c2ncc(N[C@@H]3C[C@H]3c3cccc4ccccc34)cn2)CCNC1,0.753037585,3.471120458,-8.8,-9.2,3.9745,342.1844467
c1ccc2c(c1)OCC[C@]21C[C@H]1Nc1ccc2ccc3cccnc3c2n1,0.531295853,3.904311454,-10.2,-9.5,4.6877,353.1528122
O=C(Nc1ccc(-c2ccnc3ccccc23)cc1)Nc1ccncc1-c1ccncc1,0.375643077,2.222324981,-9.7,-9.5,6.0028,417.1589602
O=C(Nc1ccc(-c2ccnc3ccccc23)cc1)C(=O)Nc1ccncc1-c1ccncc1,0.382229569,2.315303862,-9.9,-9.2,4.936,445.1538748
Cc1cc(Nc2ccnc3[nH]cc(C=O)c23)cn2ccnc12,0.568765752,2.993302924,-7.6,-8,3.07512,291.11201
O=Cc1ccc(-c2ccc(Nc3n[nH]c4cc(F)ccc34)cc2)cc1,0.521593138,2.150505398,-8.8,-8.6,4.9251,331.1120903
Fc1cccc2cccc(Nc3nccc4ccccc34)c12,0.543178222,2.005766907,-8.4,-8.5,5.2707,288.1062766
O=C(Nc1ccc2cn[nH]c2n1)Nc1cccc2cn[nH]c12,0.45459707,2.625804067,-8.9,-8.1,2.4782,293.102508
N#Cc1ccc(Nc2ccc3c4c([nH]c3c2)C(=O)CCC4)cc1-c1ccncc1,0.502433636,2.57565732,-10,-9.5,5.36418,378.1480612
O=C(Nc1n[nH]c2cccc(F)c12)C(=O)N1CCc2nnc(-c3ccncc3)cc2C1,0.482512309,2.911856011,-10.5,-9.2,2.0774,417.134951
Clc1ccnc2[nH]nc(Nc3c[nH]c4ccc(Br)cc34)c12,0.487966801,2.809413103,-8.2,-8.1,4.5987,360.9729851
O=c1[nH]cnc2[nH]c3cc(NCc4ccc(-c5ccc6c(c5)CCO6)cc4)ccc3c12,0.405278382,2.579864406,-10,-9.7,4.6184,408.1586259
O=C(NCc1ccc(-c2ccc3c(c2)CCCO3)cc1)N1CC=C(c2c[nH]c3cc(F)ccc23)CC1,0.359518684,2.645550288,-11.1,-10.8,6.2979,481.2165554
C[C@H]1COc2c(C3(N)CC3)c(NC3(c4c(F)cc5c(=O)c(C(=O)O)cn6c5c4OC[C@@H]6C)CC3)cc3c(=O)c(C(=O)O)cn1c23,0.249332634,4.480966947,-10,-9.6,3.8077,616.1969421
O=S(=O)(Cl)c1ccc(NCc2ccc(-c3ccc4ccccc4c3)cc2)c2cnccc12,0.301477498,2.282207896,-9.9,-9.6,6.5946,458.0855765
C[C@H]1COc2c(C3(N)CC3)c(F)cc3c(=O)c(C(=O)N(N)c4ccc5[nH]ncc5c4)cn1c23,0.250546558,3.847712344,-9.4,-9.1,2.4386,448.1659168
C[C@H]1COc2c(C3(N)CC3)c(N(N)c3ccc4[nH]ncc4c3)cc3c(=O)c(C(=O)O)cn1c23,0.275510998,3.878637427,-9.5,-8.4,2.489,446.1702532
C[C@H]1COc2c(C3(NC(=O)C(=O)N(N)c4ccc5[nH]ncc5c4)CC3)c(F)cc3c(=O)c(C(=O)O)cn1c23,0.136144117,3.915055741,-10.2,-10.1,1.6807,520.1506606
CC(Cc1ccc2[nH]ncc2c1)NC(=O)c1ccccc1Cc1nc2ccccc2c(=O)[nH]1,0.376331555,2.958702289,-9.8,-8.3,3.7512,437.185175
O=C(NCCc1ccc2[nH]ncc2c1)C(=O)N1CC=C(c2cncc3ccccc23)CC1,0.491800498,2.760313134,-9.1,-9.4,3.0857,425.185175
NN(c1ccc2cn[nH]c2n1)c1ccccc1C(=O)c1cccc2ccccc12,0.275250336,2.713433066,-9.1,-9.1,4.3539,379.1433102
Cn1cc(C2=C(c3cccc(NC(=O)C(=O)N[C@@H]4CCCC[C@@H]4N)c3)C(=O)NC2=O)c2ccccc21,0.331450525,3.404755317,-9.9,-8.7,2.0701,485.2063043
O=C(NCc1ccc(-c2ccc3c(c2)CCO3)cc1)Nc1ccc(Cl)cc1-c1cccc2ccccc12,0.253937661,2.290188053,-11,-9.4,8.0838,504.1604557
O=C(NCc1ccc(-c2ccc3ccccc3c2)cc1)Nc1ccc(Cc2ccc3c(c2)CCN3)cc1,0.235858184,2.277068273,-10.5,-10.6,7.3873,483.2310625
Nc1ccc(Cc2ccc3c(c2)CCN3C(=O)C(=O)NCc2ccc(-c3ccc4ccccc4c3)cc2)cc1,0.228398014,2.440856205,-9.8,-9.8,5.8853,511.2259772
CC1COc2c(F)c(F)cc3c(=O)c(C(=O)Nc4nc(-c5ccc6c(c5)Cc5ccccc5-6)cs4)cn1c23,0.298370646,3.318369031,-12.5,-11.1,6.1801,527.1115189
O=C(NCc1ccc(-c2ccc3c(c2)CCCO3)cc1)C(=O)N1CC=C(c2cncc3ccccc23)CC1,0.390772207,2.731924566,-10.6,-10.7,5.1589,503.2208918
Cn1cc(C2=C(c3cccc(N)c3)C(=O)N(C(=O)C(=O)Nc3ccncc3-c3ccncc3)C2=O)c2ccccc21,0.200623218,3.006068495,-9.8,-9.6,3.6624,542.1702532
O=C(NCc1ccc(-c2ccc3c(c2)CCCO3)cc1)C(=O)Nc1cc(-c2ccc3ccccc3c2)[nH]n1,0.277542996,2.538951214,-10.4,-11,5.4768,502.2004907
Nc1ccc(NC(=O)N(Cc2ccccc2)c2ccc3[nH]c(=O)[nH]c3c2)c2ccncc12,0.322812001,2.55162874,-10.4,-8.7,4.2253,424.1647739
Nc1ccc(NC(=O)C(=O)N(Cc2ccccc2)c2ccc3[nH]c(=O)[nH]c3c2)c2cnccc12,0.245212358,2.697910449,-9.9,-9.3,3.1585,452.1596885
Nc1n[nH]c2nc(C(F)(F)NCCc3ccc4[nH]ncc4c3)ccc12,0.415891346,3.166476236,-7.8,-7.6,2.298,343.1356999
COC(=O)c1cc2[nH]ncc2cc1Nc1ccc2cc(I)ccc2c1,0.351093535,2.458458928,-8.6,-8.6,4.8509,443.0130747
Cc1sc(NC(=O)N2C(=O)Cc3cc(Br)c(F)cc32)nc1-c1c[nH]c2ncccc12,0.416600795,2.996615209,-10.2,-9.7,5.01762,484.995736
CC(Cc1ccc2[nH]ncc2c1)Nc1ccc2cnc(Cl)cc2c1,0.525832119,2.932427303,-8.7,-8.3,4.8076,336.1141742
O=C(CN1CCCC(c2c[nH]c3ncccc23)C1)c1c[nH]c2ncccc12,0.546807178,3.043171725,-9.3,-9.3,3.5015,359.1746103
Fc1ccc(NCc2ccc3ccncc3c2)c2ccncc12,0.603815219,2.244166244,-8.6,-8.7,4.5342,303.1171757
Oc1cccc(-c2ccc(NCc3ccc(-c4ccc5ccccc5c4)cc3)nc2)c1,0.336492481,2.046876279,-9.8,-10,6.8865,402.1732133
Cn1cc(C2=C(c3cccc(N)c3)C(=O)N(C(=O)c3ccc4[nH]c5c(c4c3)CNCC5)C2=O)c2ccccc21,0.248298179,3.032181386,-10.8,-9.5,4.0075,515.1957397
CC(Nc1cc(-c2cccnc2)ccc1O)c1ccc2c(c1)CC(=O)N2,0.62189711,2.818184868,-9.2,-8.7,4.1219,345.1477268
Nc1n[nH]c2ccc(C(F)(F)Nc3cc(Br)c4cn[nH]c4c3)cc12,0.396691813,3.218800677,-8.9,-8.9,3.9453,392.0196629
CC(NC(=O)c1ccc2[nH]ncc2c1)C(=O)NCc1ccc2cn[nH]c2c1,0.433660741,2.836784062,-8.2,-8.7,1.8739,362.1491238
CN(Cc1ccnc2[nH]ccc12)C(=O)c1ccccc1-c1cccc2ccccc12,0.429965798,2.277389243,-10.5,-9.1,5.6553,391.1684623
Brc1cc2cn[nH]c2cc1Nc1cccc2cnccc12,0.560384723,2.450501685,-8.7,-7.9,4.6172,338.0167085
Nc1cccc(-c2ccc(N(N)c3ccc4cn[nH]c4n3)c(F)c2)c1,0.303166612,2.866187775,-9.2,-9,3.358,334.1342227
Nc1noc2cc(CNc3cc(-c4ccccc4)ccn3)ccc12,0.592901801,2.236938763,-8.7,-8.5,4.0841,316.1324111
O=c1[nH]cnc2[nH]c3cc(Nc4nc(-c5ccc(-c6ccccc6)cc5)cs4)ccc3c12,0.319867608,2.490533726,-9.6,-9.9,5.9385,435.1153812
CC(Cc1ccc2[nH]ncc2c1)NC(=O)Nc1ccc2c(c1)Cc1ccccc1-2,0.414263167,2.798675685,-9.9,-9,4.8868,382.1793613
CC(Cc1ccc2[nH]ncc2c1)NC(=O)C(=O)Nc1ccc2c(c1)Cc1ccccc1-2,0.393781006,2.893649851,-10.5,-9.5,3.82,410.1742759
COc1ccc2[nH]cc(C3=CCN(c4cc(-c5ncc[nH]5)ccn4)CC3)c2c1,0.562457636,2.777963244,-9.5,-9.3,4.2553,371.1746103
Brc1cc2c(Nc3ccc(-c4ccccc4)cc3)n[nH]c2cn1,0.495027031,2.248480949,-8.9,-8.9,5.131,364.0323585
O=C(O)CCc1c(-c2ccccc2)[nH]c2ccc(N3C(=O)Cc4c(Br)cccc43)cc12,0.381303112,2.547678812,-10,-9,5.8354,474.0579046
Cc1cccc(-c2cccc(CNC(=O)Nc3ccc(N4C(=O)c5cccc6cccc(c56)C4=O)cc3)c2)c1,0.251037292,2.276072496,-11.9,-10.8,6.93752,511.1895917
O=C(/C=C/c1ccc2[nH]ccc2c1)Nc1ncnc2[nH]ccc12,0.5082512,2.616454705,-8.5,-8.3,3.0911,303.11201
O=C(Oc1cccc(C(=O)c2cccc(Cl)c2)c1)c1ccc2c(c1)-c1ccccc1C2,0.191334142,2.137356011,-10.3,-9.8,6.3614,424.0866221
Nc1cccc2c(C(=O)Oc3cc4c5c(c(=O)oc4cc3O)CCCC5)cccc12,0.224262243,2.531778326,-10.1,-9.7,4.332,401.1263227
O=C(Oc1cncc2c(Cl)cccc12)c1ccc2oc3ccccc3c2c1,0.355595411,2.28846306,-9.2,-9.4,6.0068,373.0505709
O=C(c1ccc(O)cc1)c1ccc(Nc2cc(-c3ccccn3)c(Br)cn2)cc1,0.391401762,2.253687449,-9.6,-8.5,5.5863,445.0425889
NCc1cccc2c1N(C(=O)Nc1cc3cn[nH]c3cn1)C(=O)C2,0.661332901,3.049347185,-8.9,-8.4,1.5378,322.1178237
O=C1Cc2cccc(CNC(=O)C(=O)Nc3cc4cn[nH]c4cn3)c2N1,0.517094578,2.87704672,-8.8,-8.7,0.7074,350.1127383
Brc1c(Nc2cccc3[nH]ncc23)ccc2ccncc12,0.560384723,2.471168186,-8.4,-8.2,4.6172,338.0167085
O=C(Nc1ccc(Cc2nnc3ccccn23)cc1)C(=O)Nc1n[nH]c2cnc(Br)cc12,0.261947949,2.792807896,-9.7,-9.6,2.9311,490.0501338
O=C(Oc1ccc2c(=O)[nH]cnc2c1Cl)c1ccc2ccc3ccccc3c2n1,0.267296863,2.581544592,-10.4,-10.2,4.4971,401.0567189
O=C(CN1CC=C(c2ccnc3[nH]ccc23)CC1)c1cccc(F)c1,0.740163004,2.538783797,-8.5,-8.6,3.674,335.1433904
Nc1n[nH]c2cccc(Nc3nccc4ccc([N+](=O)[O-])cc34)c12,0.3927585,2.51698665,-8.6,-8.6,3.3451,320.1021736
CC1COc2c(F)c(F)cc3c(=O)c(C(=O)Nc4ccc(F)c5ccccc45)cn1c23,0.504028906,3.051057703,-10.4,-10.1,4.7777,424.103477
Nc1ccc(Cc2ccc3c(c2)CCN3c2cccc(C(=O)c3ccc(F)cc3)c2)cc1,0.320562534,2.198023281,-9.6,-10,5.9239,422.1794416
O[C@@H]1CCC(Nc2ncc3cc(F)cc(F)c3n2)CC[C@@H]1O,0.739481758,3.472522303,-8.4,-7.8,1.9843,309.1288832
Nc1ccc2[nH]ncc2c1N1CCN(C(=O)c2ccc3[nH]cnc3c2)CC1,0.473400817,2.674311551,-9.7,-9.1,1.9838,361.1651082
Clc1ccc2ccncc2c1Nc1cncc2c(Cl)cccc12,0.498539402,2.425133803,-8.4,-8.7,5.8334,339.0330027
O=C1C(=O)N(c2ccc(-c3nc(S)c4ccccc4n3)cc2)c2ccc(-c3ccccc3)cc21,0.200763031,2.43659368,-10.2,-9.8,6.1135,459.1041478
O=C(Nc1nnc(-c2cccc3ccccc23)o1)C(=O)Nc1cccc2ccncc12,0.435730265,2.377605986,-10.6,-10.1,4.0152,409.1174893
Nc1cc2c(cc1Nc1ccc(-c3ccnc4ccccc34)cc1)CCNC2=O,0.456851564,2.390035781,-9.8,-9.3,4.5135,380.1637113
O=C(NCc1ccc2ccc(Br)cc2c1)C(=O)Nc1cccc(-c2ccc3c(c2)CCO3)c1,0.365319276,2.293429507,-10.8,-10.1,5.4591,500.0735546
CC(Cn1ncc2ccccc2c1=O)Nc1cnc2[nH]cc(Cc3ccccc3)c2c1,0.43681258,2.968176851,-9.1,-8.9,4.3642,409.1902604
O=c1[nH]ccc2c(N3CCN(c4cccc5[nH]ccc45)CC3)cccc12,0.586365161,2.312145174,-9.2,-9.5,3.336,344.1637113
O=C(Nc1cc(Br)c2cn[nH]c2c1)NS(=O)(=O)c1ccc(-c2ccccc2)cc1,0.407735792,2.299922382,-9.8,-9.1,4.5028,470.0048234
Cc1cc2[nH]ncc2cc1Nc1ccc(N)c2ccncc12,0.490990938,2.522496915,-8.1,-8.3,3.74532,289.1327455
NCc1ccc2c(Nc3cc4ncc(=O)[nH]c4cc3F)noc2c1,0.533396439,2.759599359,-8.8,-8.2,2.4057,325.0975028
Cc1cccn2c(Nc3n[nH]c4ccc(N)cc34)c(-c3ccccc3)nc12,0.416209859,2.520233654,-9.2,-8.8,4.51182,354.1592946
Clc1cccc2c(Nc3n[nH]c4ccc(Br)cc34)cncc12,0.503032124,2.465310136,-8.9,-8.1,5.2706,371.9777361
O=C(Nc1ccc(Oc2ccc3ccccc3c2)c(Cl)c1)C(=O)NS(=O)(=O)c1ccc2cc(Cl)ccc2c1,0.235970804,2.383821864,-11.2,-10.8,6.5357,564.031348
O=C(Nc1nc(-c2ccc3ccccc3c2)cs1)c1ccc2[nH]ncc2c1,0.464511162,2.151299423,-9.7,-9.2,5.0919,370.0888321
c1cc(Nc2cc3cn[nH]c3s2)c2cc[nH]c2c1,0.508631127,2.966815426,-7.1,-7.7,3.8493,254.0626173
O=c1cc(NCc2ccc3cn[nH]c3c2)c2ccncc2[nH]1,0.540772221,2.552802884,-8.6,-8.5,2.4115,291.11201
Brc1cc(Nc2ccc(-n3cnc4ccccc43)cc2)c2cn[nH]c2c1,0.422969404,2.367513605,-8.9,-8.9,5.4079,403.0432575
O=C(CNc1ccc2c(Br)cccc2c1)c1ccc2c(c1)-c1ccccc1C2,0.332675016,2.268743004,-10,-9.3,6.4683,427.0571763
Cc1n[nH]c2ccc(NC(=O)N[C@@H](C)c3cccc4cnccc34)cc12,0.517490623,2.798429176,-8.7,-8.1,4.30222,345.1589602
O=C1c2ccccc2-c2nnc(Nc3cccc4ccc(O)cc34)cc21,0.50168387,2.388667344,-9.9,-9.5,4.2904,339.1007767
Cc1c(Nc2c(Cl)ccc3ccncc23)cnc2[nH]ccc12,0.55813837,2.685846915,-8.1,-8.5,4.81652,308.0828741
Cc1cc2nc(N3CC=C(c4c[nH]c5ccc(F)cc45)CC3)c3ccccc3n2n1,0.450575717,2.729291515,-10.5,-9.7,5.10502,397.1702739
Fc1ccc(F)c2c(Nc3ccc(Cc4ccc5c(c4)CCN5)cc3)ccnc12,0.463580929,2.475521935,-9.5,-9.4,5.8154,387.154704
C[C@@H](Nc1cc(=O)[nH]c2ncccc12)c1cccc2cnccc12,0.60512339,2.891347743,-8.5,-8.8,3.6444,316.1324111
O=c1cc(NCc2cccc(-c3cccc(O)c3)c2)c2ccncc2[nH]1,0.52492469,2.298474226,-9.5,-8.9,3.9078,343.1320768
O=C(Nc1cc(-c2cccnc2)ccn1)C(=O)NC(CF)c1cccc2ccccc12,0.48253765,2.94679139,-9.8,-9.2,4.0623,414.1492041
O=C1c2cccc3c(S(=O)(=O)Cl)ccc(c23)N1c1cccc2cnccc12,0.465557369,2.469468619,-9.1,-9.5,4.6074,394.0178909
Brc1ccc(Nc2ccc(-c3ccnc4ccccc34)cc2)c2ccccc12,0.32264846,1.99381051,-9.3,-9.4,7.5611,424.0575106
Fc1ccc(Nc2ccc(-c3ccnc4ccccc34)cc2)c2ccccc12,0.375033433,1.959970844,-9.9,-9.6,6.9377,364.1375768
O=C1Cc2cc(Nc3cc(CCc4ccccc4)ccn3)ccc2N1,0.740647413,2.168470155,-8.8,-8.5,4.105,329.1528122
O=c1[nH][nH]c2ncc(NCc3ccc4[nH]nnc4c3)cc12,0.449167763,3.044229228,-8.4,-8.1,1.1346,281.102508
O=C(Nc1cc(-c2ccccn2)c(Br)cn1)Nc1cc(Br)cc2ccccc12,0.340704813,2.386181904,-9.7,-8.6,6.4658,495.9534353
O=C(NNc1cccc2ccncc12)C(=O)Nc1cc(-c2ccc3ccccc3c2)[nH]n1,0.259575554,2.569438011,-10.6,-10.4,3.8599,422.1491238
Cn1cc(-c2ncccc2NC(=O)N2CCc3cc(-c4cccc(F)c4)ccc32)cn1,0.520545313,2.485734473,-9.7,-9.6,4.8828,413.1651885
O=C(Nc1nccc(-c2cccc([N+](=O)[O-])c2)n1)Nc1nc(-c2c[nH]c3ccccc23)cs1,0.241696061,2.510716045,-10.6,-10.6,5.3006,457.0957083
Nc1cccc2c(Nc3n[nH]c4ccccc34)cccc12,0.483147291,2.09125429,-8.3,-9,4.0419,274.1218464
NC(=O)c1ccc2c(c1)CCCN2c1cnc2[nH][nH]c(=O)c2c1,0.665205818,2.712844668,-9.2,-9.2,1.4344,309.1225747
Nc1ccc2c(Nc3ncnc4[nH]nc(I)c34)cc(Cl)cc2n1,0.414690089,2.977734179,-8.5,-8.4,3.4849,436.965269
O=c1c(Nc2cncc3c(Cl)cccc23)c[nH]c2ccncc12,0.58748522,2.650609119,-8.4,-8.4,3.8683,322.0621387
Cc1cc2cc(OC(=O)c3nnn(-c4ccc5ncccc5c4)c3C)ccc2c(=O)[nH]1,0.360091525,2.593920298,-10.9,-9.4,3.49304,411.1331394
N#Cc1ccc2[nH]cc(C(=O)NCc3ccc(-c4ccc5c(c4)CCO5)cc3)c2c1,0.533040938,2.301502005,-10.1,-9.4,4.57148,393.1477268
Cc1cc(NC(=O)COc2ccc3oc4ccccc4c3c2)nc2cc(O)ccc12,0.436479336,2.311234245,-10.5,-9.9,5.16572,398.1266571
Cc1ccc2c(Nc3cc(Br)c4cnccc4c3)nccc2c1,0.503311269,2.367738395,-9,-8.2,5.59752,363.0371095
Cc1cc(NC(=O)Nc2n[nH]c3ccc([N+](=O)[O-])cc23)ncc1S(N)(=O)=O,0.382549582,2.68280434,-9.1,-8.5,1.46592,391.0698875
c1ccc(-c2ccc3c(c2)CN(c2c[nH]c4ncccc24)CC3)cc1,0.574313488,2.25966539,-8.8,-9.6,4.7926,325.1578976
OC(c1ccccc1F)c1ccccc1Nc1cnc2[nH]ccc2c1,0.514180064,2.845166741,-8.3,-8.5,4.5273,333.1277404
Cc1c(C(=O)Nc2cnc3[nH]ccc3c2)nnn1-c1ccc2ncccc2c1,0.50825838,2.542263642,-9.2,-9.1,3.25252,369.1338081
Cc1sc(Nc2ccc(C3=CCC(=O)CC3)cc2)nc1-c1c[nH]c2ncccc12,0.44902304,2.795530985,-9.4,-9.4,5.87482,400.1357823
O=Cc1ccc2cc(N3CC=C(c4ccnc5[nH]ccc45)CC3)c(F)cc2n1,0.543069449,2.958470584,-9,-9.2,4.3564,372.1386394
O=C(Nc1nc(-c2c[nH]c3ncccc23)cs1)c1cc(=O)[nH]c2cc(F)ccc12,0.42319932,2.514539097,-10.1,-9.6,3.9193,405.0695738
CN(c1ccc2cnccc2c1)c1ccc2ccc(CO)cc2c1,0.59785446,2.281784672,-9.3,-8.6,4.6482,314.1419132
NCc1cnccc1Nc1cc2[nH]ncc2cc1Br,0.693568979,2.734918594,-6.8,-7.1,2.9227,317.0276075
O=C1CCc2cc(Nc3c[nH]c4ncccc34)ccc2N1CC1CCC1,0.736571162,2.560767749,-8.7,-9.3,4.3858,346.1793613
O=C(Nc1cc2cccnc2c2ncccc12)Nc1cccc2cccc(O)c12,0.363403275,2.3469156,-10,-9.5,5.2858,380.1273258
O=S(=O)(Cl)/C=C/c1ccccc1Nc1cncc2c(Cl)cccc12,0.635569482,2.643057238,-8.8,-8.6,5.1711,377.999654
c1ccc2c(c1)Cc1cc(NCc3cccc4[nH]ncc34)ccc1-2,0.50479186,2.253332804,-8.9,-9.2,4.7462,311.1422475
Fc1c(Nc2ccc3[nH]ncc3c2Cl)ccc2ccncc12,0.566353363,2.64178153,-8.4,-8.3,4.6472,312.0578022
O=C1Cc2ccc(C(=O)NNc3ccnc4[nH]nc(Br)c34)cc2N1,0.513782176,2.97809568,-8.8,-8.9,1.9719,386.0126857
NNC(=O)c1ccc2c(c1)N(c1ccnc3[nH]nc(Br)c13)C(=O)C2,0.350462126,3.025844342,-8.6,-8.7,1.5447,386.0126857
O=C1CCc2cc(Br)c(Nc3cc(-c4cc(F)cc(Br)c4)[nH]n3)cc21,0.528904379,2.801619167,-9.6,-9.1,5.6133,462.9331144
O=C(c1ccc(Nc2ccc([N+](=O)[O-])c3ccccc23)cc1)c1cnc2ccccc2c1,0.206091447,2.186041147,-10.2,-10.3,6.2708,419.1269914
Cc1ccc(-c2cccc(Nc3ccc(F)c4cnccc34)c2)cc1N,0.470876559,2.207924874,-9.5,-9.3,5.67512,343.1484758
O=C(Nc1cc2ccccc2c2cccnc12)C(=O)N1C(=O)Cc2ccc(C(=O)[O-])cc21,0.387144766,2.959947203,-10.3,-9.4,1.8059,424.0938941
Cc1cc(Nc2cccc3[nH]ncc23)c2cnccc2c1,0.576706434,2.341101437,-8.3,-8.3,4.16312,274.1218464
O=Cc1ccc(Nc2cc(I)ccn2)cc1Cl,0.668327858,2.483452159,-6.6,-6.5,3.8957,357.9369886
O=C(CCC(=O)N1CC=C(c2c[nH]c3ncccc23)CC1)c1ccc2c(c1)-c1ccccc1C2,0.366325167,2.683744477,-11.1,-9.5,5.4129,447.194677
Nc1n[nH]c2ccc(C(F)(F)Nc3cnc4[nH]ccc4c3)cc12,0.436729505,3.158841871,-8.7,-8.3,3.1828,314.1091508
O=C(c1ccccc1NCc1cnc2c(F)cccc2c1)c1cccc2ccccc12,0.344900939,2.18599804,-9,-10.2,6.3702,406.1481414
O=C1Cc2cc(-c3csc(NC(=O)NS(=O)(=O)c4ccc(F)c5cnccc45)n3)ccc2N1,0.407335033,2.743072306,-9.9,-9.3,3.5024,483.0471241
c1cc(-c2ccc3c(c2)CCO3)ccc1CNCc1ccc2cn[nH]c2c1,0.555828645,2.260168697,-8.5,-9,4.4546,355.1684623
Cc1nccc(-c2cccc(NC(=O)C(=O)Nc3n[nH]c4cc(F)ccc34)c2)n1,0.465555321,2.44761747,-9.8,-8.8,3.04462,390.1240519
O=C(c1nccc2c1[nH]c1ccccc12)N1CCCC1c1cnc2ccccc2c1,0.446735957,2.89694668,-11.1,-9.6,5.2416,392.1637113
Nc1ccc2nc(-c3ccc(Nc4ccnc5[nH]ccc45)cc3)[nH]c2c1,0.365325144,2.414628291,-8.8,-8.9,4.432,340.1436445
Nc1ccc(-c2nc3ccc(Nc4ccnc5[nH]ccc45)cc3[nH]2)cc1,0.365325144,2.426953166,-9,-8.6,4.432,340.1436445
O=C(Nc1c[nH]nc1-c1ccccc1F)N1CCCC(c2c[nH]c3ncccc23)C1,0.469490598,3.255644237,-9.7,-9.9,4.5036,404.1760875
Nc1c[nH]nc1-c1ccccc1N1CCCC(c2c[nH]c3ncccc23)C1,0.517968479,3.292104802,-9.4,-9.1,3.9192,358.1905947
O=C(NS(=O)(=O)c1cccc2cnccc12)N1CC=C(c2c[nH]c3cc(F)ccc23)CC1,0.492461583,2.746357562,-10.3,-9.9,4.0428,450.1161897
Cc1cc(C)c2ncc(C#N)c(Nc3ccc(N4C(=O)c5cccc6cccc(c56)C4=O)cc3)c2c1,0.308835176,2.535189074,-10.7,-9.5,6.42072,468.1586259
O=C(NCc1ccc(-c2ccc3c(c2)CCO3)cc1)NNc1ccc2cn[nH]c2n1,0.384612045,2.628249314,-9.9,-10.6,3.3861,400.1647739
O=C1Cc2c(cccc2NC(=O)Nc2c[nH]c3ccc(Br)cc23)N1,0.536198136,2.488122436,-9.2,-8.3,4.069,384.0221878
Nc1c[nH]c2ccc(Nc3cccc4c3CC(=O)N4)cc12,0.58127016,2.553765436,-8.4,-8.5,2.9883,278.1167611
Fc1cc2c(cc1Nc1nc(-c3c[nH]c4ncccc34)cs1)OCCN2,0.501224177,2.787805513,-8.9,-8.5,4.3734,367.0903093
Cc1n[nH]c2nccc(NC3(c4ccc5ccccc5c4)CC3)c12,0.584322478,2.733873463,-8.4,-8.8,4.52072,314.1531466
Cc1cc(Nc2ccc3nccc(O)c3c2)cc2c(=O)[nH]ccc12,0.524816395,2.493486316,-9.1,-9.7,3.83392,317.1164267
C[C@H]1COc2c(C3(NC(=O)Nc4cccc(C5=C(c6cn(C)c7ccccc67)C(=O)NC5=O)c4)CC3)c(F)cc3c(=O)c(C(=O)O)cn1c23,0.192605284,3.862101545,-11,-11.8,4.6619,661.1972765
Brc1ccnc2c(Nc3cccc(-c4cn[nH]c4)c3)cccc12,0.529180126,2.382100406,-9.1,-8.6,5.131,364.0323585
Fc1cc(Br)cc(Nc2cccc(-c3ccc4ccccc4c3)n2)c1Cl,0.349634564,2.282795643,-9.5,-8.9,7.2004,425.9934664
N#Cc1cc(NC(=O)Nc2ccc3[nH]nc(O)c3c2)cc(-c2ccccc2)c1,0.426985296,2.388207545,-9.5,-9.6,4.45118,369.1225747
O=C(Nc1cccc2c(=O)[nH]ccc12)Nc1ncnc2scc(-c3ccccc3)c12,0.39383718,2.427478403,-9.7,-10.1,4.8438,413.0946457
c1ccc2cc(Nc3cccc4cnsc34)ncc2c1,0.582126262,2.495590411,-8.5,-8.2,4.5881,277.0673684
O=C(Nc1cccc2cnccc12)c1ccc(-c2cnc3c(c2)CCC3)cc1,0.553410227,2.180755274,-9.4,-9.5,5.0378,365.1528122
c1ccc(-c2ccncc2Nc2nccc3ccsc23)cc1,0.57178744,2.322673707,-7.7,-7.9,5.1019,303.0830184
CC(Cc1ccc2[nH]ncc2c1)NC(=O)C(=O)Nc1cnc(-c2cccc(F)c2)nc1,0.431573779,2.972915504,-9.5,-9,2.8449,418.1553521
Cc1nc2ccccc2c(=O)n1-c1ccc(Nc2ccc3[nH]nc(Br)c3c2)cc1,0.405626317,2.429749537,-9.8,-9.9,5.07652,445.0538222
Nc1c(NC(=O)NCc2ccc3ccc(Br)cc3c2)cnc2ccccc12,0.432986655,2.21334608,-9.8,-9.5,5.0544,420.0585733
C[C@H]1COc2c(N(N)c3ccc4[nH]ncc4c3)c(F)cc3c(=O)c(C(=O)O)cn1c23,0.350694514,3.613722708,-9.7,-9.2,2.6803,409.1186322
Cc1c(Cl)nc(-c2ccccn2)nc1Nc1ccc2cn[nH]c(=O)c2c1,0.540100078,2.553674413,-9.4,-8.8,3.48052,364.0839367
Fc1c(Nc2nc(-c3c[nH]c4ncccc34)cs2)ccc2ccncc12,0.468141963,2.640104814,-8.9,-8.7,5.1173,361.0797446
Nc1nc(-c2ccc3c(c2)CC(=O)N3c2ccc(Br)c3cnccc23)cs1,0.483168551,2.706109394,-8.8,-8.5,4.9238,435.9993441
N#Cc1ccc(Nc2ccc3[nH]c4ncnc(Cl)c4c3c2)cc1-c1ccncc1,0.396001145,2.642643383,-9.6,-9.6,5.44178,396.0890221
O=C1Cc2cc(Br)c(F)cc2N1c1cc(-c2ccccc2)ccn1,0.632695943,2.396501031,-9.1,-8.6,4.871,382.0117033
O=c1ccc2ccc(Br)c(N3CCC(c4c[nH]c5ncccc45)CC3)c2[nH]1,0.497328571,2.72122197,-9.7,-9.4,4.5509,422.0742233
COC(=O)c1cc2[nH]ncc2cc1Nc1cccc2[nH]nc(N)c12,0.430002235,2.690501031,-8.1,-8,2.5516,322.1178237
O=C1Cc2ccc(C(=O)NNC(=O)N3CC=C(c4ccnc5[nH]ccc45)CC3)cc2N1,0.478939308,2.914103704,-9.8,-9.8,2.2012,416.1596885
O=C(Oc1cc2[nH]cc(C3=CCNCC3)c2cc1F)c1cc2cnccc2[nH]1,0.375373989,2.988310734,-9.5,-9,3.7792,376.133554
O=S(=O)(F)c1ccc2c(Nc3ccnc4ccc(I)cc34)cccc2c1,0.316880303,2.437517431,-9.6,-8.9,5.3944,477.9648248
N#Cc1ccc2c(c1)N(c1ccc3cn[nH]c3n1)C(=O)C2,0.736059273,2.873203015,-8.7,-8.2,2.05038,275.0807099
O=C(Nc1ccc(Sc2ccc(Cl)cc2)cc1)C(=O)N1CC=C(c2c[nH]c3ccc(F)cc23)CC1,0.316813617,2.651961283,-10.2,-10.4,6.366,505.1027038
Cc1ncc(-c2ccccc2)cc1NC(=O)Nc1nc(-c2c[nH]c3ncccc23)c(C)s1,0.318865639,2.569975638,-10.3,-9.1,6.00924,440.1419303
O=C1c2cccc3cccc(c23)N1c1ccc2cnc(O)cc2c1,0.56706802,2.48105654,-10,-9.5,4.3855,312.0898776
CC(=O)c1ccc2c(c1)CC(=O)N2c1ccc2[nH]c(=O)cc(O)c2c1,0.705033587,2.482616291,-9.4,-9.1,2.6571,334.0953569
Cc1cc(-c2csc(NC(=O)NS(=O)(=O)c3ccc4c(c3)Cc3ccccc3-4)n2)c(F)cc1F,0.344300835,2.571647919,-10.5,-9.6,5.47832,497.0679398
Brc1cc(Nc2nc3c(ccc4ccccc43)s2)c2cnccc2c1,0.363495594,2.382178055,-9.4,-8.7,6.5038,404.9935305
N#Cc1ccc(Nc2ccc(-c3ccnc4ccccc34)cc2)c(C2CC2)c1,0.457713695,2.190446381,-9.2,-9,6.39448,361.1578976
Fc1ccc(NCc2ccc3cn[nH]c3c2)c2ccncc12,0.602566613,2.372511049,-8.5,-8.4,3.8623,292.1124246
CCN(Cc1ccc2ccccc2c1)c1cccc2c1oc1ccccc12,0.355279289,2.164332116,-9.2,-8.9,6.7657,351.1623143
N[C@@H]1CC[C@H](Nc2cccc(-c3ccc4c(c3)CCN4)c2)C1,0.809964913,3.047691722,-8.5,-8.5,3.6133,293.1891977
O=C(O)c1cccc2c(Nc3cnc4c(=O)[nH]ncc4c3)cccc12,0.53222092,2.433128159,-8.9,-8.8,2.9131,332.0909402
CC(Cc1ccc2[nH]ncc2c1)Nc1ccc2c(N)n[nH]c2c1,0.465774172,2.999501397,-8.3,-8.2,3.0645,306.1592946
Cc1ccc2ccccc2c1Nc1ccnc2[nH]ccc12,0.55212113,2.230769923,-8.8,-8.6,4.76812,273.1265975
O=Cc1c[nH]c2nccc(Nc3cscc3Br)c12,0.718137789,3.160157438,-6.5,-6.6,3.943,320.957145
N#Cc1ccc(-c2ccc3c(c2)N(C(=O)Nc2ccc(-c4ccnc5ccccc45)cc2)CCO3)s1,0.298565774,2.629512262,-10.7,-9.8,6.93288,488.1306969
Brc1cc2ccncc2cc1NCc1ccc(-c2ccc3c(c2)CCO3)cc1,0.417190628,2.335470195,-9.4,-9.1,6.2113,430.0680753
Clc1cc2cnccc2cc1NCc1ccc(-c2ccc3c(c2)CCO3)cc1,0.459626866,2.288231456,-9.1,-9.2,6.1022,386.1185909
Cc1cncc2cccc(S(=O)(=O)Nc3ccc(C(=O)Nc4ccc5cn[nH]c5c4)cc3)c12,0.359928987,2.472567037,-10.1,-9.1,4.47262,457.1208605
Cc1sc(Nc2cc(I)cc3ccccc23)nc1-c1c[nH]c2ncccc12,0.28901222,2.636849818,-9.5,-9.4,6.49622,482.0062155
O=C(O)c1ccc2c(c1)C(=O)N(c1ccc(-c3ccccc3)cc1)c1ccccc1O2,0.443191042,2.057240627,-10.2,-9,6.136,407.115758
C1=C(c2c[nH]c3cc(Nc4ccnc5c4CNCC5)ccc23)CCNC1,0.587914896,3.031587478,-9.1,-9.1,3.3289,345.1953457
O=C(Nc1c[nH]c2cccc(F)c12)C(=O)N1CC=C(c2c[nH]c3ncccc23)CC1,0.44772169,2.891120717,-9.9,-9.5,3.4377,403.144453
Nc1cccc2cnc(NCCc3ccc4[nH]ncc4c3)cc12,0.505100415,2.438376877,-8.6,-8.3,3.3479,303.1483955
CC(C(=O)O)N(C(=O)c1ccc2[nH]ncc2c1)c1ccc2c(c1)[nH]c1nc[nH]c(=O)c12,0.353560974,3.404608173,-9,-8.5,2.4006,416.123303
Brc1ccc2ccc(Nc3ccc4[nH]ccc4c3)cc2c1,0.473327399,2.091738906,-8.7,-8.4,5.8272,336.0262105
Nc1cccc2c1CC(=O)N2c1cc(F)c2cn[nH]c2c1,0.673303812,2.771182851,-8.5,-8.2,2.505,282.0916892
COc1cc2[nH]ncc2cc1Nc1cnc(Br)c2[nH]ccc12,0.484706948,2.962653165,-7.7,-7.7,3.9539,357.0225221
COc1cc2[nH]ncc2cc1Nc1ncc(Br)c2cc[nH]c12,0.518148036,2.868172636,-7.8,-7.4,3.9539,357.0225221
Clc1cc2nccc(Cl)c2cc1Nc1nsc2c(Br)cccc12,0.390594751,2.746383829,-8.4,-8.5,6.6574,422.8999357
O=c1[nH]cnc2c1cnn2-c1ccccc1Nc1cccc2cnccc12,0.518325857,2.555652116,-9.5,-9.3,3.4006,354.1229091
CC1CN(c2ccc3c(N)n[nH]c3n2)c2ccccc2N1,0.637634392,3.339337864,-8.3,-8.5,2.4922,280.1436445
O=C1Cc2cc(NNc3ccnc4cccnc34)c(F)cc2N1,0.6483476,2.739749417,-8.5,-8.2,2.7025,309.1025882
COc1cc(Nc2cc3ccccc3cn2)c2cnccc2c1,0.60344838,2.207009682,-9,-8.1,4.5352,301.1215121
Clc1ccc2cnccc2c1Nc1cc2cn[nH]c2cc1Br,0.503032124,2.610067348,-8.3,-8,5.2706,371.9777361
Clc1cc2cn[nH]c2cc1Nc1c(Cl)ccc2cnccc12,0.533868127,2.554440424,-8.8,-8.2,5.1615,328.0282517
Cc1ccc2ccncc2c1Nc1ncnc2[nH]ccc12,0.586743581,2.532904166,-7.9,-8,3.55812,275.1170954
CC(C)N(Cc1nc2ccccc2c(=O)[nH]1)c1ccc2[nH]c3c(c2c1)CCCC3=O,0.533923411,2.773408201,-9.9,-9.3,4.3384,400.189926
O=C(Nc1cccc2[nH]ncc12)c1ccccc1-c1cccc2ccccc12,0.435998072,2.014407915,-9.7,-9,5.6354,363.1371622
Oc1cc2ccccc2cc1Nc1n[nH]c2nc(C(F)(F)F)ccc12,0.465475032,2.576927293,-9.5,-8.7,4.5791,344.0884956
c1cc(Nc2cncc3ccsc23)c2cn[nH]c2c1,0.577959871,2.651939632,-7.6,-7.5,3.9162,266.0626173
FC(F)(F)c1ccc2[nH]nc(Nc3cccc4cnsc34)c2c1,0.546084612,2.786674039,-8.5,-8.4,4.935,334.0500019
Cn1ncc2cccc(NC(=O)Nc3cc4cc[nH]c4cn3)c21,0.531537247,2.633902804,-8.6,-8.2,3.0936,306.1229091
Brc1ccc2cc(NCc3cccc4[nH]ncc34)ncc2c1,0.570792592,2.402425132,-8.4,-8.2,4.4857,352.0323585
CC1COc2c(OC(=O)c3ccccc3Cc3nc4ccccc4c(=O)[nH]3)c(F)cc3c(=O)c(C(=O)O)cn1c23,0.252686146,3.446498582,-10.5,-11.5,3.8387,541.1285282
O=C(CNc1cc2ccccc2c2cccnc12)c1ccc2ccccc2c1,0.322689174,2.12084647,-10.7,-8.8,5.836,362.1419132
O=S(=O)(Cl)c1cnc2ccc(Nc3cc(-c4cccnc4)ccn3)cc2c1,0.51561409,2.417491642,-9.2,-8.8,4.3629,396.0447743
O=S(=O)(Cl)c1ccc(N2CC=C(c3cncc4ccccc34)CC2)c2cnccc12,0.423365135,2.796196579,-9.7,-9.3,5.0042,435.0808255
c1cc(Nc2cnc3[nH]ccc3n2)c(N2CCCCC2)cn1,0.776553365,2.656177203,-7.6,-7.6,3.0868,294.1592946
CN(c1ccc2c(c1)oc1ccccc12)c1cc(Cl)c2occ(Br)c2c1,0.292249984,2.691809182,-9.2,-8.8,7.516,424.9818184
Brc1ccc2cccc(Nc3cc4c(nn3)-c3ccccc3C4)c2c1,0.421173878,2.404047494,-9.9,-9.3,5.7071,387.0371095
Cc1cc2cccc(Nc3ccc4[nH]ncc4c3Cl)c2cn1,0.55813837,2.516296434,-8.7,-8.8,4.81652,308.0828741
CC(NC(=O)C(=O)Nc1n[nH]c2cc(CN)ccc12)c1ccc2[nH]ncc2c1,0.344271562,3.110242154,-9.4,-8.2,1.7138,377.1600228
Cn1nc(CC(=O)N2C(=O)NC(=O)C23CCN(C(=O)c2ccc4ccc5ccccc5c4n2)CC3)c2ccccc2c1=O,0.258663327,3.450176202,-12,-11.4,2.9308,574.1964679
Nc1ccc(-c2nc3ccc(NC(=O)NCc4cccc5c4NC(=O)C5)cc3[nH]2)cc1,0.328272776,2.572802165,-10,-9.4,3.6284,412.1647739
CCN(c1ccc2ccccc2c1)c1ccc2[nH]ncc2c1,0.582429878,2.264381109,-8.7,-8.3,4.8741,287.1422475
Nc1cc(Nc2cccc(-c3ccc(Cl)c(Cl)c3)c2)cc2ccccc12,0.371376911,2.025015336,-10.1,-9.2,7.1394,378.0690539
Nc1cccc(-c2ccc(Cl)c(Nc3cc(Br)cc4ccccc34)c2)c1,0.340527501,2.087496566,-9.7,-8.7,7.2485,422.0185383
O=C/C=C/c1cc(F)cc(Nc2nccc(-c3cccc([N+](=O)[O-])c3)n2)c1,0.305363233,2.545599089,-8.7,-8.7,4.1466,364.0971685
O=C(Nc1ccc2c(c1)CCC(=O)N2CC1CCCC1)C(=O)N1CCc2[nH]c3ccc(Cl)cc3c2C1,0.501617087,2.765096754,-9.8,-10.2,4.8141,504.1928185
c1cc2cc(CNc3ccc4[nH]ncc4c3)ccc2cn1,0.598325983,2.203966697,-8.6,-7.9,3.7232,274.1218464
C#Cc1ccc2c(NC(=O)NS(=O)(=O)c3ccc4nc[nH]c(=O)c4c3)n[nH]c2c1,0.375281454,2.877405259,-10.2,-9.7,1.2911,408.0640739
O=C1NC(=O)c2c(Nc3cc4nc[nH]c4cc3C(F)(F)F)cccc21,0.62204349,2.727993874,-9.1,-8.8,3.2089,346.0677602
Cc1ncc2cc(Nc3ncnc4scc(-c5ccccc5)c34)ccc2n1,0.464113499,2.360263846,-8.7,-8,5.35352,369.1048165
Fc1cccc2c3c([nH]c12)CCN(c1cccc2c(Br)cncc12)C3,0.480907761,2.673271679,-9.3,-9.3,5.1804,395.0433378
O=C1c2ccc(F)cc2S(=O)(=O)N1c1cnc2[nH]cc(Cc3ccccc3)c2c1,0.562067692,2.69377039,-10.4,-9.3,3.6419,407.0739905
Cc1cc(O)nc2ccc(Nc3ccc4c(c3)NC(=O)C4)cc12,0.677336727,2.497637675,-9,-9.2,3.48702,305.1164267
COc1cc(Nc2cncc3c(Cl)cccc23)c2ccncc2c1,0.559467246,2.372089288,-8.8,-8.3,5.1886,335.0825397
O=C(NNc1cccnc1F)Nc1n[nH]c2ccc(C(F)(F)F)cc12,0.329850242,2.711358709,-9.1,-8.3,3.2644,354.0852218
O=C1Cc2ccc(NC(=O)C(=O)Nc3cccc4[nH]c(=O)[nH]c34)cc2N1,0.438725975,2.580304957,-9.1,-8.7,0.928,351.0967539
Oc1ccc(Nc2n[nH]c3ccccc23)c2ccccc12,0.481179802,2.046365953,-8.5,-8.4,4.1653,275.105862
N#Cc1cccc(C2(NC(=O)C(=O)Nc3n[nH]c4ncc(Br)cc34)CC2)c1,0.556137009,2.90967495,-9.1,-8.1,2.33608,424.0283358
Cc1cc(=O)oc2cc(N(C)C(=O)Nc3ccc4c(c3)oc3ccccc34)ccc12,0.388861519,2.382336466,-10.2,-9.8,5.66912,398.1266571
O=C1Cc2cc(NC(=O)Nc3nccc4c3CNCC4)ccc2N1,0.678337815,2.668877639,-8.7,-8.5,1.8659,323.1382248
Clc1cc2c(Nc3c(Br)ccc4[nH]ncc34)cccc2cn1,0.470566612,2.647899799,-8.3,-8.4,5.2706,371.9777361
Clc1cc2c(Nc3ccc4[nH]ncc4c3Cl)cccc2cn1,0.499412471,2.561986578,-8.3,-8.9,5.1615,328.0282517
NCc1ccc2c(NC(=O)N3CC=C(c4c[nH]c5cc(F)ccc45)CC3)n[nH]c2c1,0.415471381,2.805409842,-9.5,-9,3.9632,404.1760875
Nc1n[nH]c2cccc(N3CCC(c4c[nH]c5ncccc45)CC3)c12,0.524892357,2.610035228,-9.5,-8.7,3.4054,332.1749446
O=C1Cc2cc(C(=O)COC(=O)c3ccc(-c4cccc5cccnc45)cc3)ccc2N1,0.379737746,2.282606904,-9.6,-8.8,4.4361,422.1266571
O=c1[nH]c2cc(F)ccc2cc1CNc1ccc2[nH]nc(Cl)c2c1,0.529792109,2.508975948,-8.9,-8.8,3.809,342.0683669
CC(Cc1ccc2[nH]ncc2c1)N(C)C(=O)Nc1n[nH]c2cccc(I)c12,0.388756054,3.341134527,-9.5,-8.6,4.1387,474.0665072
Cc1cc(Nc2nc(-c3ccc4c(c3)CC(=O)N4)cs2)nc2ccccc12,0.536433981,2.41172713,-9.7,-9.4,4.90492,372.1044821
O=C(Nc1cnc(-c2cccc(F)c2)nc1)C(=O)Nc1ccc2cn[nH]c(=O)c2c1,0.448515058,2.437056144,-9.4,-9.3,2.0964,404.1033165
Clc1ncc(NCc2ccc3ccc(Br)cc3c2)c(-c2c[nH]c3ccccc23)n1,0.287953577,2.510937139,-8.5,-8.7,6.8061,462.0246863
C[C@H]1COc2c(C3(Nc4ccc5[nH]ncc5c4)CC3)c(F)cc3c(=O)c(C(=O)O)cn1c23,0.451191593,3.621269429,-9.7,-9.5,3.7697,434.1390333
Fc1cc(Nc2c(Cl)ccc3ccncc23)c2cnccc2c1,0.542291839,2.436004067,-8.6,-8.3,5.3191,323.0625533
O=[N+]([O-])c1ccc2[nH]nc(Nc3cnc4ccccc4c3Cl)c2c1,0.425214842,2.461118423,-8.9,-8.6,4.4163,339.0523022
O=C(Nc1ccc(N2C(=O)c3cccc4cccc(c34)C2=O)cc1)NS(=O)(=O)c1cccc2cnccc12,0.329752683,2.488166736,-11.9,-10.3,4.699,522.0997907
CN(Cc1ccnc2[nH]ccc12)C(=O)C(=O)Nc1cc2cc[nH]c2cn1,0.492494798,2.867358105,-8.4,-7.7,2.0363,348.1334738
Cn1c(Nc2cc(Cc3ccccc3)ccn2)cnc1-c1csc(N)n1,0.56337001,2.680639004,-8.5,-8.5,3.8552,362.1313656
Cc1sc(Nc2cc(Br)cc3cnccc23)nc1-c1c[nH]c2ncccc12,0.36147594,2.712164131,-9.3,-8.8,6.04912,435.0153285
NNc1c(Br)cccc1Nc1cc2c(=O)[nH]cnc2cc1F,0.423490753,2.758687873,-8.3,-7.7,2.8539,363.0131003
Brc1ccc2cnc(Nc3cccn4nccc34)cc2c1,0.588984553,2.59392774,-8.5,-7.9,4.3886,338.0167085
Cc1c[nH]c2nccc(Nc3ccc4nc(O)ccc4c3)c12,0.523711319,2.635667588,-8.2,-8.5,3.86872,290.1167611
Cc1cc(Nc2cccc(S(=O)(=O)Cl)c2Br)cc2[nH]ncc12,0.64262428,2.707325123,-8.4,-7.4,4.30492,398.9443874
O=[N+]([O-])c1cccc(-c2ccnc(Nc3cnn4ccc(Cl)nc34)n2)c1,0.333543819,2.683466413,-9.1,-8.4,3.4915,367.0584502
NS(=O)(=O)c1ccc(Cl)cc1Nc1ccc2c(c1)[nH]c1nc[nH]c(=O)c12,0.426680629,2.664218109,-8.8,-8.5,2.4488,389.0349379
O=Cc1c(F)cccc1Nc1cc(-c2cc(F)cc(Br)c2)[nH]n1,0.648907771,2.688168885,-8.3,-8.2,4.6735,376.9975305
O=c1[nH]c(NCc2ccc3cnccc3c2)nc2[nH]ccc12,0.540772221,2.620974955,-8.4,-8.7,2.4115,291.11201
O=C(NC(=S)c1n[nH]c2ccccc12)N1CC(c2ccccc2)Cc2ccccc21,0.465315724,3.041813992,-9.4,-9,4.7945,412.1357823
Cc1c(NCc2cccc3c(O)cccc23)cnc2[nH]ccc12,0.527320654,2.44257169,-8.4,-8.8,4.34222,303.1371622
COc1ccc2c(NC(=O)Nc3ncnc4scc(-c5ccccc5)c34)n[nH]c2c1,0.386958943,2.486815466,-9.3,-9.1,4.8872,416.1055448
O=C1Nc2c(Nc3ccc4c(c3)CCC(=O)N4CC3CCC3)cccc2C1=O,0.79992214,2.649142737,-9.6,-9.7,3.6443,375.1582915
O=c1[nH]cnc2[nH]c3cc(NCc4ccc5c(c4)OCCN5)ccc3c12,0.457100257,2.788546373,-9.4,-9,2.8208,347.1382248
Cn1ccc2cc(CNC(=O)Nc3cc(-c4cccc([N+](=O)[O-])c4)n[nH]3)ccc21,0.354717591,2.628079565,-9.1,-9,3.7983,390.1440384
O=c1[nH]c2cccc(Nc3cnc(Br)c4[nH]ccc34)c2[nH]1,0.421007906,3.058103646,-8.6,-8,3.2386,343.006872
Clc1cc2c(cc1Nc1nccc3ccc(Br)cc13)OCCN2,0.631256017,2.555281449,-8.8,-8.7,5.1986,388.9930518
Cc1nn(-c2ccccc2)c2nc(Nc3ccc4c(c3)NC(=O)CCC4)c(C=O)cc12,0.480727483,2.675405242,-9.6,-10.4,4.55982,411.1695249
Clc1ncc(NCc2ccc(-c3ccc4ccccc4c3)cc2)c(-c2c[nH]c3ccccc23)n1,0.258867121,2.41380455,-10,0,7.7106,460.1454744
O=c1[nH]c2cccc(Nc3cc4cccnc4[nH]3)c2[nH]1,0.448609073,2.792677203,-8.3,-7.7,2.4761,265.09636
Clc1cc(Cl)c2occ(Nc3cncc4c(Cl)cccc34)c2c1,0.431169886,2.685393619,-8.8,-8.1,6.6848,361.9780459
c1cc(-c2cn[nH]c2)cc(N(c2nc3ccccc3o2)C2CC2)c1,0.601233628,2.707475924,-8.2,-8,4.5184,316.1324111
Cc1n[nH]c2ncc(NC(=O)c3cc4cc(F)c(F)cc4[nH]3)cc12,0.527926262,2.65589751,-9,-8.8,3.27812,327.0931664
O=C(NCc1cccc2[nH]ncc12)c1cccc(Nc2nc3ccccc3c(=O)[nH]2)c1,0.354088809,2.431765749,-10.9,-9.7,3.473,410.1491238
Cc1ccncc1C=CC(=O)Nc1n[nH]c2cc(Br)ccc12,0.702790645,2.572068412,-8.1,-7.8,3.68072,356.0272731
CS(=O)c1ccc(CNC(=O)Nc2cnc3[nH]ccc3c2)cc1,0.6878549,2.92251697,-8,-7.7,2.622,328.0993968
C[C@@H](Nc1cc(F)c2cn[nH]c2c1)c1cccc2cnccc12,0.588746529,2.939533085,-8.3,-8.6,4.4233,306.1280747
O=C(c1cccc(Cl)c1)c1cccc(Nc2nccc(-c3ccccc3)n2)c1,0.442797901,1.961618426,-10,-9,5.7716,385.0981898
Oc1ccc(-c2cccnc2)cc1Nc1ccc(-n2cnc3ccccc32)nc1,0.433041496,2.344539877,-9.7,-9.5,4.9317,379.1433102
Cc1ccc2c(Nc3cccc4c(=O)[nH]ccc34)nccc2c1,0.585086962,2.21758409,-9,-8.7,4.12832,301.1215121
Cn1c(=O)[nH]c(=O)c2ccc(C(F)(F)N3CCC(c4cc5ccccc5[nH]4)CC3)nc21,0.494255239,3.029172235,-10.5,-10,3.032,425.1663314
N#Cc1ccc(Nc2cc3[nH]ncc3cc2[N+](=O)[O-])cc1-c1ccncc1,0.418451761,2.62698395,-8.9,-9.2,4.14838,356.1021736
O=C(Oc1c(F)ccc2c1CCNC2)c1ccc2c(c1)oc1ccccc12,0.419073002,2.495475329,-9.4,-9.9,4.59,361.1114216
O=C(c1ccccc1)c1ccc(Nc2ncnc3[nH]ncc23)cc1,0.564371434,2.117327495,-9.1,-8.4,3.3275,315.11201
O=C(c1c(F)ccc2ccncc12)N1CCc2ccc(S(=O)(=O)F)cc21,0.646128311,2.640195981,-8.8,-8.4,3.235,374.0536697
FC(F)(F)c1ccc2c(Nc3cc4occc4cc3Br)n[nH]c2n1,0.486343657,2.902823302,-9.1,-8.3,5.229,395.9833576
O=C(Nc1cc(F)c(Br)c2cccnc12)c1n[nH]c(=O)c2ccccc12,0.52564135,2.44108188,-9.9,-8.6,3.6252,411.9971159
Clc1ccc2cnccc2c1Nc1ccnc2[nH]ccc12,0.57179334,2.496156027,-8.2,-8.1,4.5081,294.067224
N#Cc1ccc2c(C(=O)Nc3cnc4[nH]cnc4c3)c[nH]c2c1,0.52814594,2.605164802,-8.5,-8.7,2.56318,302.0916089
N#Cc1cc(F)cc(NC(=O)C(=O)Nc2ncnc3[nH]nc(I)c23)c1,0.399691157,3.01351739,-9,-8.1,1.54548,450.9689987
CC(NC(=O)Nc1cccc2cnc(Cl)cc12)c1ccc2[nH]ncc2c1,0.462073134,2.870248253,-8.8,-8.8,4.6472,365.1043378
CC(Nc1cc2c(N)cccc2cn1)c1ccc2[nH]ncc2c1,0.501956154,2.929758114,-8.5,-8.5,3.8664,303.1483955
O=C(N[C@@H]1C[C@H]1c1cccc2ccccc12)C(=O)N1CC=C(c2ncc(Cl)cn2)CC1,0.64182674,3.515073133,-9.8,-10.1,3.5712,432.1353036
O=Cc1cc(Nc2cccc3[nH]ncc23)cc(Cl)c1Cl,0.703941759,2.53195952,-7.6,-7.4,4.4258,305.0122673
NN(c1ccc2[nH]ncc2c1)c1ccc2ccncc2c1Br,0.423299561,2.896574559,-8.4,-7.8,3.8854,353.0276075
Brc1cc(Nc2nc(-c3ccc4c(c3)Cc3ccccc3-4)cs2)cc2ccncc12,0.292234959,2.544560982,-9.9,-9.6,7.4356,469.0248306
C[C@H]1COc2c(C3(N)CC3)c(F)cc3c(=O)c(C(=O)NC4(c5c(F)cc6c(=O)c(C(=O)O)cn7c6c5OC[C@@H]7C)CC4)cn1c23,0.306828368,4.426814977,-11.4,-10.5,3.5665,618.1926057
C[C@H]1COc2c(C3(NC(=O)C(=O)NC4(c5c(F)cc6c(=O)c(C(=O)O)cn7c6c5OC[C@@H]7C)CC4)CC3)c(F)cc3c(=O)c(C(=O)O)cn1c23,0.218617152,4.569203015,-10.3,-10.4,2.8086,690.1773495
C[C@H](Nc1ccc2[nH]ncc2c1Cl)c1cccc2cnccc12,0.561559448,2.926749158,-8.4,-8.6,4.9376,322.0985242
C[C@H]1COc2c(C3(NC(=O)N(N)c4ccc5[nH]ncc5c4)CC3)c(F)cc3c(=O)c(C(=O)O)cn1c23,0.193887498,3.892199873,-9.9,-9,2.7475,492.155746
O=C(NCc1ccc(-c2ccc3ccccc3c2)cc1)C(=O)Nc1ccc(Cc2ccc3c(c2)CCN3)cc1,0.23372848,2.375222806,-10.7,-10.6,6.3205,511.2259772
Nc1n[nH]c2cc(CNC(=O)C(=O)NCc3ccc(-c4ccc5c(c4)CCCO5)cc3)ccc12,0.344658302,2.514316757,-10.4,-10,3.0697,455.1957397
Cc1cncc2cccc(S(=O)(=O)N3CCc4cc(-c5cccc(F)c5)ccc43)c12,0.465072274,2.453898541,-10.3,-8.8,5.10072,418.1151271
O=C(NCc1ccc2cnccc2c1)C(=O)N1CC=C(c2c[nH]c3ncccc23)CC1,0.507156667,2.73729711,-9.7,-9.4,3.0432,411.1695249
N[C@@H]1CCC[C@@H]1NC(=O)Nc1ccc(Oc2ccc3ccccc3c2)c(Cl)c1,0.561543849,2.826488256,-9.6,-8.9,5.2868,395.1400546
O=Cc1c2ccccc2c(NS(=O)(=O)c2ccc(F)c3cnccc23)c2ccccc12,0.310344512,2.57248054,-10.1,-9.7,5.2936,430.0787416
CC(Nc1ccc(Br)c2cnccc12)c1ccc2[nH]ncc2c1,0.53303001,2.925629067,-8.4,-8.3,5.0467,366.0480086
O=C(O)c1ccc(N(c2cc(C(=O)O)c3[nH]c4ccc(F)cc4c(=O)c3c2)c2ncnc3ccccc23)cc1,0.248898362,2.747604088,-10.3,-9.2,5.6298,520.1182979
CC(Cc1ccc2[nH]ncc2c1)NC(=O)C(=O)N1CC=C(c2c[nH]c3cc(F)ccc23)CC1,0.419554798,3.326041768,-10,-10.1,3.5464,445.1914032
O=C(Nc1ccc2cn[nH]c2c1)c1ccc(Nc2cccc3cc(Cl)ncc23)cc1,0.326941595,2.323764417,-10.2,-9.4,5.7604,413.1043378
Nc1ccc(C(=O)N(c2ccc3cn[nH]c3c2)c2cc3cccc(F)c3cn2)cc1,0.427736203,2.687636367,-9.8,-8.7,4.8109,397.1338884
CC(NC(=O)N1CCOc2ccc(-c3ccc(C#N)cc3)cc21)c1ccc2[nH]ncc2c1,0.496223045,3.01685191,-10.1,-9.2,4.77118,423.1695249
O=C1Cc2cc(-c3csc(NC(=O)N4CC=C(c5cncc6ccccc56)CC4)n3)ccc2N1,0.434965008,2.782167092,-11.1,-10.7,5.1741,467.1415959
O=C1Cc2cc(-c3csc(NC(=O)C(=O)N4CC=C(c5cncc6ccccc56)CC4)n3)ccc2N1,0.416514217,2.907231835,-11.3,-11.1,4.1073,495.1365105
O=Cc1c[nH]c2nccc(N3C(=O)Cc4cc(C(=O)C5CCNCC5)ccc43)c12,0.529341386,2.997778108,-9.5,-8.9,2.7785,388.1535405
O=Cc1c[nH]c2nccc(N3CCC(C(=O)c4ccc5c(c4)CC(=O)N5)CC3)c12,0.529235844,2.822088548,-9.4,-8.5,2.9693,388.1535405
O=C(CCCc1ccc2c(c1)-c1ccccc1C2)Oc1c(Br)ccc2[nH]ncc12,0.272742136,2.578178949,-8.6,-8.9,5.8249,446.0629899
O=C1C(=O)N(c2cc3ccncc3cc2Br)c2ccc(-c3ccccc3)cc21,0.394250264,2.426588741,-9.4,-9,5.5253,428.0160398
O=C(Nc1ccc2c(c1)C(=O)c1ccccc1C2=O)C(=O)Nc1cccc2cnncc12,0.422418248,2.421666759,-11.2,-10.6,2.9824,422.1015049
C[C@H]1COc2c(C3(N)CC3)c(Nc3ccc(C(=O)Nc4ccc5cn[nH]c5c4)cc3)cc3c(=O)c(C(=O)O)cn1c23,0.20658746,3.55454199,-10.7,-9.7,4.4731,550.1964679
O=c1cc(CNc2cc(Br)c3cn[nH]c3c2)c2c(ccc3ccccc32)o1,0.311122487,2.565037354,-9.7,-9.8,5.1971,419.0269388
Clc1ccc2ccncc2c1Nc1ccc2cn[nH]c2c1,0.57179334,2.398245854,-8.4,-7.9,4.5081,294.067224
O=C(CNc1cc(-c2cc(F)cc(Br)c2)[nH]n1)c1ccc2c(c1)Cc1ccccc1-2,0.322689547,2.645181195,-10.3,-9.4,5.8443,461.0539025
O=C(NCc1ccc(-c2ccc3ccccc3c2)cc1)N(Cc1ccccc1)c1ncnc2[nH]cnc12,0.299522675,2.601034287,-10.6,-9.8,6.0895,484.2011594
O=C(Nc1cccc2cc(S(=O)(=O)F)ccc12)C(=O)N1CCc2cc(-c3cccc(F)c3)ccc21,0.32802427,2.558951825,-11.5,-10.1,4.8319,492.0955345
NS(=O)(=O)c1ccc2cccc(Nc3cc4cn[nH]c4s3)c2c1,0.531156956,2.815463549,-8.5,-8.7,3.1686,344.0401676
NN(c1ccc2ccncc2c1C(=O)O)c1cccc2cnccc12,0.441108298,2.721707005,-9.2,-8,3.493,330.1116757
O=C(O)c1c(NNc2cccc3cnccc23)ccc2ccncc12,0.491651472,2.536655662,-8.7,-8.2,3.9202,330.1116757
O=Cc1c[nH]c2nccc(Nc3ccc(Oc4nncc5ccccc45)cc3)c12,0.422662918,2.659504456,-9.5,-8.8,4.8545,381.1225747
C[C@H](Nc1ccc2ccncc2c1Br)c1cccc2cnccc12,0.49561672,2.882324007,-8.4,-8.8,5.7186,377.0527596
Clc1cc2[nH]ncc2cc1Nc1cccc2cnccc12,0.57179334,2.358473893,-8.2,-8.2,4.5081,294.067224
Fc1ccc(NCc2ccc3cnccc3c2)c2cnccc12,0.603815219,2.23439656,-8.7,-8.5,4.5342,303.1171757
NN(C(=O)C(=O)Nc1cccc(-c2ccc(F)c(F)c2)c1)c1ccc2cn[nH]c2n1,0.20858053,2.802176114,-9.7,-9.5,2.7485,408.1146301
O=C(NCc1ccc(-c2ccc3ccccc3c2)cc1)C(=O)Nc1c(Cl)ccc2ccncc12,0.321403493,2.281990883,-10.4,-10.1,5.9633,465.1244046
C#Cc1ccc2c(Nc3ccc(C#N)c4cnccc34)n[nH]c2c1,0.553356878,2.806510386,-9.5,-9,3.70768,309.1014454
C[C@H]1COc2c(F)c(F)cc3c(=O)c(C(=O)Oc4cc5cccc(F)c5nc4I)cn1c23,0.204264291,3.550726179,-10.2,-9.6,4.7442,551.9793895
C[C@H]1COc2c(F)c(F)cc3c(=O)c(C(=O)Oc4nc5c(F)cccc5cc4Br)cn1c23,0.362804838,3.488066888,-10.2,-9.7,4.9021,503.9932536
O=S(=O)(Nc1ccc2[nH]c3ncnc(Cl)c3c2c1)c1cccc2cnccc12,0.436480763,2.570205835,-9.3,-8.8,4.1135,409.0400233
Fc1c(Nc2ccc(Oc3nncc4ccccc34)cc2)ccc2ccncc12,0.42224121,2.456133437,-10,-9.5,5.853,382.1229893
O=S(=O)(Nc1cc2cn[nH]c2cc1Cl)c1ccc2c(c1)Cc1ccccc1-2,0.468887405,2.410636021,-9.8,-9.1,4.5883,395.0495254
O=C(Nc1ccc2cncc(F)c2c1)N1CCc2nnc(-c3ccncc3)cc2C1,0.553087449,2.692879277,-9.7,-9.2,3.8161,400.1447874
O=C(CNc1cccc(-c2ccc(Cl)c(Cl)c2)c1)c1ccc2c(c1)-c1ccccc1C2,0.284084055,2.221728319,-9.4,-9.2,7.5264,443.0843696
O=S(=O)(Cl)c1ccc2cc(Nc3nc(-c4ccc5c(c4)Cc4ccccc4-5)cs3)ccc2c1,0.266288538,2.452981911,-10.3,-10.6,7.2056,488.0419975
O=[N+]([O-])c1ccc2c(Nc3c(Cl)ccc4ccncc34)n[nH]c2c1,0.425214842,2.569212737,-8.8,-8.6,4.4163,339.0523022
O=C(c1ccc(-c2cccc3cccnc23)cc1)N1CCN(c2cccc3[nH]cnc23)CC1,0.446361837,2.337930056,-10.1,-9.9,4.7405,433.1902604
Nc1ccc2cc(OC(=O)c3ccccc3Cc3nc4ccccc4c(=O)[nH]3)ccc2c1N,0.221780933,2.522161045,-10.8,-8.3,4.0507,436.1535405
OCc1cc(Nc2ccc(-c3ccnc4ccccc34)cc2)cc(-c2cccnc2)c1,0.36678192,2.205574272,-9.9,-9.3,6.1997,403.1684623
Ic1cccc2[nH]nc(Nc3cccc4cnsc34)c12,0.493508238,2.977966904,-7.9,-8.1,4.5208,391.9592653
O=C(Nc1ccc(Oc2ccc3ccccc3c2)c(Cl)c1)Nc1cc(-c2cccc(Cl)c2)n[nH]1,0.234267105,2.416485988,-10,-10.7,7.973,488.0806812
Nc1ccc(Oc2ccc3ccccc3c2)c(Nc2cc(-c3cccc(Cl)c3)n[nH]2)c1,0.264250543,2.434854507,-10.3,-9.3,7.0014,426.1247389
Nc1ccc(N(C(=O)CCn2c(=O)[nH]c(=O)c3ccccc32)c2cnc3[nH]ccc3n2)cc1,0.357239542,2.884420155,-9.4,-8.8,2.2983,441.1549375
O=C(NCc1ccc2[nH]nnc2c1)C(=O)Nc1ncnc2[nH]ccc12,0.401048514,2.874266621,-9,-8.3,0.4841,336.1083216
Nc1ccc(OC(=O)Cc2ccc3[nH]ncc3c2)c2cnccc12,0.344011273,2.514036101,-8.1,-8.4,2.8414,318.1116757
N[C@H]1CC[C@@H](Nc2cc(Cl)cc3ccncc23)C1,0.873023729,3.12598953,-7.3,-7,3.1799,261.1032752
O=C(Nc1cncc(-c2cnc3[nH]ccc3c2)c1)N1C(=O)NC2(CCCCCCCCCCC2)C1=O,0.396654851,3.832040174,-11.4,-11,5.7521,488.2535889
O=C(Nc1cncc(-c2cnc3[nH]ccc3c2)c1)C(=O)N1C(=O)NC(=O)C12CCCCCCCCCCC2,0.333929,3.924372878,-10.8,-8.4,4.6853,516.2485035
Nc1ccc(OC(=O)c2cc(F)cc3c(=O)c4cc(F)ccc4[nH]c23)c2cnccc12,0.193065041,2.655799683,-10.5,-9.6,4.3091,417.0924977
Fc1ccc2ccncc2c1Nc1cccc2[nH]ncc12,0.5825476,2.39808506,-8.1,-8.3,3.9938,278.0967746
Cc1cc(-c2cccc(NCc3ccc4cnccc4c3)c2)ccc1N,0.489148987,2.092829692,-9.3,-9.1,5.40452,339.1735477
O=C(Cc1ccc2oc3ccccc3c2c1)Oc1ccnc2[nH]ccc12,0.486197873,2.400102417,-9.2,-8.9,4.6104,342.1004423
Cc1c(N2C(=O)C(=O)c3cc(-c4ccccc4)ccc32)cnc2[nH]ccc12,0.543289008,2.538863832,-9.6,-10.1,4.39932,353.1164267
CC(NC(=O)N1CCN(c2ccnc3ccccc23)CC1)c1ccc2[nH]ncc2c1,0.549699344,2.801153677,-9.2,-9.7,3.7039,400.2011594
O=C(Nc1ccc2[nH]ncc2c1Cl)N1CCN(C(=O)c2ccc3[nH]cnc3c2)CC1,0.459796316,2.61848199,-9.6,-9.3,3.0825,423.1210505
COC(=O)c1cc2[nH]ncc2cc1Nc1cccc(C(=O)c2cccc(Br)c2)c1,0.327132953,2.373897544,-9.5,-9,5.0866,449.0375035
O=C(Oc1cccc(-c2cn[nH]c2)c1)c1cncc2c(F)cccc12,0.454692333,2.440301605,-9.1,-8.4,3.9832,333.0913548
O=C(c1cc([N+](=O)[O-])ccc1Oc1ccccc1)N1CCCc2cc(-c3ccccc3)ccc21,0.252116217,2.181927946,-10.1,-9.3,6.6471,450.1579572
Nc1cc2c(cc1F)CCN(C(=O)C(=O)Nc1ccc(-c3ccnc4ccccc34)cc1)C2=O,0.354225339,2.568987754,-11,-9.9,3.7867,454.1441187
O=C(NCc1ccc2ccc(Br)cc2c1)Nc1cccc(-c2ccc3c(c2)CCO3)c1,0.354394625,2.196851294,-10.6,-10,6.5259,472.07864
O=c1[nH]c2ccc(S(=O)(=O)Nc3ccccc3-c3ccc4ccccc4c3)cc2[nH]1,0.403933053,2.190646977,-9.3,-9.2,4.4772,415.0990624
O=C1Cc2cc(C(=O)C3CCN(c4ccnc5cc(Cl)c(F)cc45)CC3)ccc2N1,0.62417906,2.555443979,-9.8,-9.9,4.6212,423.1149827
C#Cc1ccc2c(Nc3cc(Cl)cc4c(Br)coc34)n[nH]c2c1,0.450400318,3.048947465,-9.1,-8.4,5.4499,384.9617517
C#Cc1ccc2c(Nc3coc4c(Cl)cc(Cl)cc34)n[nH]c2c1,0.483528903,2.971161451,-8.9,-8.5,5.3408,341.0122673
Cc1cc2[nH]ncc2cc1NC(=O)Nc1ccc(Cl)c2cnccc12,0.488461826,2.429208928,-9,-8.5,4.71692,351.0886877
Cc1cc2[nH]ncc2cc1NC(=O)C(=O)Nc1ccc(Cl)c2cnccc12,0.462669221,2.50169779,-9.2,-8.7,3.65012,379.0836024
O=C(/C=C/c1ccnc2ccccc12)NCc1ccc2c(c1)N(C(=O)COc1ccc3oc4ccccc4c3c1)CCO2,0.227963439,2.772068465,-10.1,-9.6,6.2682,569.195071
O=C(Nc1cc(-c2cccnc2)ccn1)c1cc(F)c2[nH]c(=O)ccc2c1,0.586268372,2.381035429,-9.4,-8.9,3.3765,360.1022539
O=C(Nc1cccc(-c2cccc(Cl)c2)c1)N1CC=C(c2cncc3ccccc23)CC1,0.377962489,2.365182201,-10.2,-10.6,6.8764,439.14514
O=C(Nc1cccc(-c2cccc(Cl)c2)c1)C(=O)N1CC=C(c2cncc3ccccc23)CC1,0.386615301,2.51422305,-10.6,-10.7,5.8096,467.1400546
Brc1ccc2[nH]nc(Nc3cccc4c(Br)cncc34)c2c1,0.459912801,2.511785617,-8.8,-8.5,5.3797,415.9272205
C[C@H]1COc2c(F)c(F)cc3c(=O)c(C(=O)Oc4ccc5cc[nH]c5n4)cn1c23,0.524617838,3.496764991,-10.3,-9.3,3.3286,397.0874123
N#Cc1ccc(N(CCN)C(=O)Nc2cncc(-c3cnc4[nH]ccc4c3)c2)nc1,0.472684588,2.937373237,-9.4,-7.5,2.88878,398.1603572
S=C(Cc1cccc2ccccc12)Nc1cc(-c2ncc[nH]2)ccn1,0.531036499,2.560054355,-9.1,-8.5,4.6069,344.1095675
OC(c1ccccc1)c1ccc(Nc2cc(-c3ccc4ccccc4c3)[nH]n2)cc1,0.341443114,2.611868374,-9.6,-9.5,6.0552,391.1684623
Cc1n[nH]c2ccc(NC(=O)C(=O)N[C@@H](C)c3cccc4cnccc34)cc12,0.480090992,2.887765616,-9.4,-8.7,3.23542,373.1538748
c1cc(N2CCN(c3ccnc4[nH]ccc34)CC2)c2cc[nH]c2c1,0.595825793,2.417744342,-8.4,-8.7,3.3708,317.1640456
Fc1ccc(Nc2ccc(Cc3ccc4c(c3)CCN4)cc2)c2nccc(Cl)c12,0.417734203,2.506610623,-9.8,-9.3,6.3297,403.1251535
Clc1ccc2ccncc2c1Nc1ccc2[nH]ncc2c1,0.57179334,2.388861735,-8.2,-8.4,4.5081,294.067224
O=C(Nc1ccc2[nH]ncc2c1Cl)C(=O)Nc1c[nH]c2cccc(F)c12,0.405851865,2.66027398,-9,-8.6,3.4139,371.0585305
O=C(Nc1c[nH]nc1-c1nccs1)N1CC=C(c2c[nH]c3cc(F)c(F)cc23)CC1,0.446774947,3.215217799,-9,-9.2,4.6139,426.1074366
O=C(Nc1c[nH]nc1-c1nccs1)C(=O)N1CC=C(c2c[nH]c3cc(F)c(F)cc23)CC1,0.411732184,3.319762913,-9.5,-9.5,3.5471,454.1023512
Brc1ccc(N2CCCc3cc(-c4ccccc4)ccc32)c2ccncc12,0.360116526,2.254865193,-9.8,-9.8,6.7486,414.0731607
O=C(Nc1cc(-c2cccnc2)ccn1)NC(CF)c1cccc2ccccc12,0.499685684,2.846949893,-9.6,-9.3,5.1291,386.1542894
O=Cc1cccc(Oc2cccc(Nc3cc(-c4ccc5ccccc5c4)[nH]n3)c2)c1,0.313243375,2.315771597,-10,-9.6,6.5783,405.1477268
Fc1cc(Br)c2[nH]ccc2c1Nc1ccc2c(c1)Cc1ccccc1-2,0.357692094,2.554663249,-9.2,-9.9,6.3843,392.0324388
O=c1[nH]c(CNc2cccc3[nH]ncc23)cc2ccccc12,0.542766421,2.327406671,-9,-8.5,3.0165,290.1167611
O=C(Nc1cccc(-c2ccc3c(c2)CCO3)c1)C(=O)Nc1ccncc1-c1ccncc1,0.464872354,2.411672449,-10.3,-9.6,4.3227,436.1535405
Cc1n[nH]c(-c2ccc(Nc3ccc4c(c3)C(c3ccccc3)=NCC(=O)N4)cc2)n1,0.468811797,2.692000407,-10.1,-9.3,4.31322,408.1698593
Brc1ccc2[nH]ncc2c1Nc1cccc2cnncc12,0.578560823,2.748689774,-8.4,-8.3,4.0122,339.0119574
Cn1cc(-c2ncccc2Nc2cccc(-c3ccc4c(c3)CCN4)c2)cn1,0.540757009,2.531533402,-9.7,-9.3,4.8607,367.1796957
Cc1c([N+](=O)[O-])cc(Nc2ncnc3[nH]ccc23)c2ccccc12,0.438028061,2.508869593,-8.5,-8.5,4.07132,319.1069247
Cc1cc2cn[nH]c2cc1Nc1ccccc1CC(=O)Cc1ccccc1F,0.493817594,2.383995579,-8.5,-7.7,5.10832,373.1590405
CC1COc2c(F)c(F)cc3c(=O)c(C(=O)Oc4cc5[nH]cc(C6=CCNCC6)c5cc4F)cn1c23,0.324174547,3.726822171,-10.7,-10.2,4.4494,495.1405908
NCc1ccc2c(c1)CC(=O)N2c1cnc2[nH]ccc2n1,0.746065661,2.834946773,-8.2,-7.7,1.6374,279.11201
N#Cc1cccc(C(=O)Nc2ccc3c(c2)[nH]c2nc[nH]c(=O)c23)c1,0.523954263,2.445041621,-9.2,-9,2.52838,329.0912746
Cc1ccc(C(N)c2cccc(N3C(=O)c4cccc5c(S(=O)(=O)Cl)ccc3c45)c2)cc1,0.410682718,2.90548789,-10.1,-10,5.41572,462.0804911
c1cc(Nc2nc3c(ccc4ccccc43)s2)cc(-c2cn[nH]c2)c1,0.449661695,2.328362621,-9.9,-9.4,5.5832,342.0939174
NCc1cnccc1Nc1cc2cn[nH]c2cc1Cl,0.685474885,2.631178174,-6.9,-7.1,2.8136,273.0781231
Brc1cc2nccnc2cc1Nc1cc(Cc2ccccc2)ccn1,0.524635424,2.30271423,-8.7,-8.8,5.1217,390.0480086
O=c1cc(CNc2n[nH]c3cnc(Br)cc23)[nH]c2ccccc12,0.483738893,2.756494997,-8.6,-8.8,3.174,369.0225221
O=C(/C=C/c1ccccc1)N(C(=O)CCCc1ccc2c(c1)-c1ccccc1C2)c1cccc(O)c1,0.272440545,2.628570736,-8.9,-9.3,6.5593,473.1990937
O=C1C(=O)N(C(=O)Nc2ccc(-c3ccnc4ccccc34)cc2)c2ccc(-c3ccccc3)cc21,0.313245619,2.334901725,-10.9,-10.7,6.3302,469.1426415
c1ccc(-c2cccc(Nc3nc(-c4c[nH]c5ncccc45)cs3)c2)cc1,0.403050706,2.188633654,-9.5,-9.1,6.097,368.1095675
O=C(Nc1nccc2ccncc12)N1CCC(c2c[nH]c3ncccc23)CC1,0.55831258,2.617554718,-10.3,-9.3,3.9176,372.1698593
O=C1NCCNc2c(Nc3cc[nH]n3)cccc21,0.640683671,3.231089737,-7.1,-7.6,1.3086,243.11201
O=C(Cc1ccc2[nH]ncc2c1)Oc1cc2cn[nH]c2cn1,0.562937152,2.785546079,-8.2,-7.8,1.9823,293.0912746
Fc1ccnc2c(Nc3ccc4cnc(Cl)cc4c3)cccc12,0.507292519,2.357109922,-8.7,-8.3,5.3191,323.0625533
Brc1cnc(Nc2nnc(-c3ccc4ccccc4c3)o2)c2[nH]ccc12,0.42669929,2.6922185,-9.6,-9.2,5.2722,405.0225221
O=c1[nH]c2ccc(Nc3ccccc3-n3ncc4c(=O)[nH]cnc43)cc2[nH]1,0.392243874,2.683830344,-8.9,-9.4,2.022,359.1130727
O=C(Oc1nc(-c2ccccc2)nc2ccccc12)c1cc2cc(Br)ccc2cn1,0.320010957,2.366492389,-10.3,-8.2,5.8267,455.0269388
O=C([O-])c1ccc2c(c1)N(C(=O)Nc1cc3ccccc3c3cccnc13)C(=O)C2,0.525053242,2.854179578,-10.3,-10.7,2.8727,396.0989795
Nc1ccc(-c2ccc(NC(=O)Nc3n[nH]c4ncc(Br)cc34)cc2)cc1,0.360902444,2.307776849,-9.8,-9,4.6136,422.0490712
O=C1Cc2ccc(C(F)(F)Nc3ccc4c(c3)C(=O)c3ccccc3C4=O)cc2N1,0.5040052,2.756364892,-10.9,-10.4,4.118,404.0972487
N#Cc1ccc2c(c1)N(c1ccc3[nH]ncc3c1)C(=O)C2,0.741025747,2.575385865,-8.7,-8.1,2.65538,274.0854609
O=C(Oc1ccc2cc(Cl)ccc2c1)c1ccc2c(c1)-c1ccccc1C2,0.269656619,2.048796653,-10.5,-10,6.2836,370.0760574
N#Cc1ccc2[nH]c(Nc3ccc4[nH]ncc4c3)nc2c1,0.523396141,2.508467938,-8.4,-8.2,3.05448,274.0966943
Clc1cc2cccc(Nc3cccc4[nH]ncc34)c2cn1,0.534890004,2.356280841,-8.2,-8.3,4.5081,294.067224
c1cc(NCCc2ccc3[nH]ncc3c2)c2cn[nH]c2c1,0.536618618,2.361034829,-8,-7.7,3.0938,277.1327455
C#Cc1ccc2c(NC(=O)NS(=O)(=O)c3ccc4ccccc4c3)n[nH]c2c1,0.467344403,2.508981583,-10.3,-9.5,3.2078,390.0786613
O=C(c1ccccc1)c1ccc(Nc2ccc3c(c2)[nH]c2nc[nH]c(=O)c23)cc1,0.403678433,2.346894424,-9.4,-9.8,4.379,380.1273258
Brc1cc2[nH]ccc2nc1Nc1ccc2c(c1)-c1ccccc1C2,0.418630616,2.434856856,-9.6,-9.3,5.6402,375.0371095
NN(C(=O)NCc1ccc(-c2ccc3c(c2)CCO3)cc1)c1ccc2cn[nH]c2n1,0.276969226,2.833099907,-10,-9.4,3.1497,400.1647739
Brc1cc2c(cc1Nc1nc(-c3c[nH]c4ncccc34)cs1)NCCO2,0.428520882,2.839913805,-8.6,-8.5,4.9968,427.0102432
O=C1CCCc2c1[nH]c1ccc(N(Cc3ccccc3)c3ccc4[nH]c(=O)[nH]c4c3)cc21,0.37237222,2.709670089,-9.9,-9.3,5.1948,422.1742759
NN(C(=O)c1cc2c(cn1)Cc1ccccc1-2)c1ccc2[nH]ncc2c1,0.29338833,2.792495886,-9.7,-9.1,3.0496,341.1276601
O=C(NNc1ccc2[nH]ncc2c1)c1cc2c(cn1)Cc1ccccc1-2,0.439850409,2.574420099,-9.9,-9.5,3.286,341.1276601
O=C(NCc1ccc(-n2cnc3ccccc32)cc1)C(=O)Nc1n[nH]c2cc(F)ccc12,0.382153215,2.444836184,-10.3,-9.9,3.2958,428.139702
CC(Cc1ccc2[nH]ncc2c1)Nc1cnc(Cl)nc1-c1c[nH]c2ccccc12,0.352812275,3.187040753,-8.6,-8,5.1977,402.1359723
O=C(NCc1ccc(-c2ccc3ccccc3c2)cc1)Nc1ccccc1-c1ccc2ccccc2c1,0.255706465,2.063555546,-10.9,-10.1,8.6487,478.2045135
Clc1ccc(Nc2ncnc3[nH]c4ccc(Br)cc4c23)c2occc12,0.37138264,2.765923312,-9.1,-8.5,6.0168,411.9726507
O=C(NCc1cc2cccnc2[nH]1)Nc1cc2c(=O)[nH]cnc2cc1F,0.452489515,2.706024566,-9,-8.7,2.2602,352.1084019
Oc1cc(Nc2cccc3[nH]nnc23)cc(-c2cccnc2)c1,0.539247859,2.592069185,-9,-8.5,3.4691,303.11201
O=S(=O)(c1cccc2cnccc12)N1CC=C(c2c[nH]c3ncccc23)CC1,0.579791206,2.640299477,-9.2,-8.9,3.5891,390.1150468
O=C(NCCc1ccc2[nH]ncc2c1)C(=O)Nc1cc(-c2cccnc2)ccn1,0.455755447,2.442963926,-9.2,-8.6,2.3173,386.1491238
CC(Nc1cc2cc[nH]c2nn1)c1ccc2ccccc2c1,0.591200505,2.861242996,-8.9,-8.5,4.2842,288.1374965
Cc1sc(NC(=O)Nc2cc3ccccc3cn2)nc1-c1c[nH]c2ncccc12,0.388416051,2.55144284,-9.8,-9,5.18702,400.1106301
O=C1Cc2ccc(C(F)(F)F)cc2N1c1cc(Br)c2cnccc2c1,0.553231574,2.664762445,-9.4,-8.8,5.2369,405.9928597
O=C(c1ccc2c(c1)CC(=O)N2c1ccc2cn[nH]c2c1)C1CCNCC1,0.704125622,2.682680587,-8.9,-8.7,2.966,360.1586259
O=C(Nc1ccc2cnccc2n1)C(=O)Nc1n[nH]c2nc(C(F)(F)F)ccc12,0.443319796,2.804682558,-9.8,-8.9,2.4971,401.0848072
O=c1[nH]cnc2[nH]cc(Nc3cccc4ccsc34)c12,0.528292968,2.901768468,-7.7,-8.1,3.2095,282.0575319
C[C@H]1COc2c(F)c(F)cc3c(=O)c(C(=O)N(N)c4ccc5[nH]ncc5c4)cn1c23,0.29967111,3.585601829,-9.5,-9.3,2.6299,411.1142958
O=C(NCc1cc2ccccc2[nH]c1=O)Nc1ccc2cncc(F)c2c1,0.520945591,2.299351997,-9.5,-8.9,3.5371,362.1179039
O=C(O)c1cc2nc[nH]c2cc1Nc1cc(Br)c2ccncc2c1,0.49037937,2.677710396,-8.5,-8.5,4.3154,382.0065377
Cc1cc(Nc2ccncc2-c2ccncc2)ncc1C#N,0.798061782,2.505955088,-7.6,-7.6,3.4623,287.1170954
O=C1NS(=O)(=O)c2c(Nc3n[nH]c4nc(Br)ccc34)cccc21,0.571936373,3.170922495,-9,-8.6,1.8961,392.9531222
Clc1ccc2ccncc2c1NCc1ccc2cnccc2c1,0.574016609,2.272023483,-8.6,-8.8,5.0485,319.0876251
O=C(Nc1nccc2cc([N+](=O)[O-])ccc12)c1n[nH]c2c1COc1ccccc1-2,0.408270745,2.674318768,-9.6,-9.2,3.6778,387.0967539
O=C(N[C@@H]1C[C@H]1c1cccc2ccccc12)c1cc(F)cc2cc[nH]c12,0.553570601,3.121699405,-9.9,-10.1,4.7461,344.1324914
C[C@H](Nc1c(F)ccc2c(=O)[nH]cnc12)c1cccc2cnccc12,0.597988313,3.052069692,-8.5,-8.5,3.7835,334.1229893
O=C(c1cc2cnccc2[nH]1)N1CC=C(c2c[nH]c3cc(F)c(F)cc23)CC1,0.547638365,2.776204126,-9.8,-9.1,4.2519,378.1292176
Nc1cccc2c1C(=O)N(c1ncnc3[nH]c4cc(Br)ccc4c13)C2=O,0.371697332,2.700096641,-9.8,-9.2,3.2564,407.0017867
Cn1c(-c2cccc(N3C(=O)Cc4ccc(C(F)(F)F)cc43)c2)n[nH]c1=S,0.660824658,2.687345654,-8.9,-8.7,4.38429,390.0762167
O=C(Cc1ccc2[nH]ncc2c1)NC(c1ccccc1)c1cccc2ccccc12,0.434495349,2.615370362,-10.1,-9.5,5.1644,391.1684623
O=C(Cc1cccc2ccccc12)Oc1c(Br)ccc2ccncc12,0.350982648,2.262579582,-9.1,-8.7,5.2986,391.0207908
C(#Cc1ccccn1)c1cccc(Nc2ccc3ccc4cccnc4c3n2)c1,0.336457865,2.47050577,-10.1,-9.7,5.3214,372.1374965
O=c1cc(CNc2cncc3c(Cl)cccc23)[nH]c2ccccc12,0.585176506,2.3922572,-9,-8.7,4.3418,335.0825397
O=C1CCN(c2ccc3[nH]c4c(C(=O)O)cc(F)cc4c(=O)c3c2)c2ncccc2N1,0.429978744,2.752666116,-10.2,-9.9,3.3939,418.1077332
O=C(Oc1ncnc2[nH]c3cc(Br)ccc3c12)c1c(F)ccc2[nH]cnc12,0.414494104,2.975539571,-8.9,-8.5,4.1082,424.9923648
Cc1cccc(C2=CCN(C(=O)C(=O)NCc3ccc(-c4ccc5c(c4)CCCO5)cc3)CC2)c1,0.555564352,2.554577864,-10.7,-10.3,4.91912,466.2256428
c1cc(-c2ccc(NCc3ccc4cn[nH]c4c3)nc2)ccn1,0.603801777,2.282866863,-8.3,-8.4,3.632,301.1327455
Cc1[nH]c2ccccc2c1C1=CCN(C(=O)Nc2ccc3nc[nH]c(=O)c3c2)CC1,0.474910255,2.670373237,-10.6,-9.7,4.03402,399.1695249
Cc1cc2[nH]ncc2cc1Nc1ccnc2cc(Cl)ccc12,0.55813837,2.331127924,-8.5,-8.4,4.81652,308.0828741
O=S(=O)(F)c1ccc2c(Nc3cc4[nH]ncc4nc3Br)cccc2c1,0.381077243,2.909192081,-9,-8.9,4.2754,419.9691869
Clc1cccc2c1CCN2c1cc(-c2ncc[nH]2)ccn1,0.781702418,2.627676623,-8.1,-7.8,3.8193,296.0828741
Clc1ccc2ccncc2c1Nc1ccc(Br)c2ccncc12,0.464369478,2.449102115,-8.7,-8.4,5.9425,382.9824871
CN(Cc1ccnc2[nH]ccc12)C(=O)Nc1cccc2cc[nH]c12,0.538187367,2.618859397,-8.2,-8.5,3.7081,319.1433102
Cc1sc(Nc2ccc3[nH]cc(C=O)c3c2)nc1-c1c[nH]c2ncccc12,0.385578418,2.740946604,-9.1,-8.5,5.03222,373.0997311
Cc1c(I)cnc2c(Nc3ccc4c(c3)CC(=O)N4)cccc12,0.611097803,2.607209004,-9,-8.5,4.38602,415.0181601
O=C1c2ccccc2C(=O)c2cc(Nc3ccc([N+](=O)[O-])c4ncccc34)ccc21,0.351998172,2.295179757,-9.9,-9.7,4.662,395.0906059
O=C(c1ccc(C(=O)N2CCC(c3cccc4[nH]ccc34)CC2)cc1)c1cccc(O)c1,0.446493538,2.265596978,-10.2,-9.2,5.1243,424.1786926
C#Cc1ccc2c(NC(=O)C(=O)NCc3ccc4c(c3)CCNC4)n[nH]c2c1,0.412448181,2.786484468,-9.7,-9.1,1.4448,373.1538748
Clc1cc2ccc(NCc3ccc4cn[nH]c4c3)cc2cn1,0.552313724,2.373586789,-8.4,-8.5,4.3766,308.0828741
N[C@@H]1CC[C@H](NC(=O)N2CCc3cc(-c4cccc(F)c4)ccc32)C1,0.880387831,2.998057589,-9.1,-8.5,3.4446,339.1746905
N[C@@H]1CC[C@H](NC(=O)C(=O)N2CCc3cc(-c4cccc(F)c4)ccc32)C1,0.800511728,3.143201545,-9.1,-9.2,2.3778,367.1696052
O=C(NCc1cccc2[nH]ncc12)c1cccc2cnccc12,0.6108308,2.201827556,-8.8,-8.4,3.0411,302.1167611
Fc1cc(Nc2cc(CCc3ccccc3)ccn2)c2cnccc2c1,0.534355489,2.216932187,-8.8,-8.7,5.2977,343.1484758
c1ccc(-c2nc(Nc3cnc4[nH]ncc4c3)c3ccsc3n2)nc1,0.517013354,2.713640159,-9.1,-8.3,3.7682,345.0796644
O=C(Oc1cc(Cl)c2[nH]c3c(c2c1)CNCC3)c1cnc2[nH]cnc2c1,0.373727765,3.023608234,-9.1,-9,2.9575,367.0836024
O=C(O)c1cc(Nc2ccc3[nH]c(-c4ccccc4)nc3c2)cc2ccncc12,0.397576429,2.320660035,-9.7,-9.1,5.2199,380.1273258
O=C1CCc2cccc(C(=O)Oc3ccc(C(=O)c4cnc5ccccc5c4)cc3)c2N1,0.29583251,2.380630229,-10.8,-10.2,4.5697,422.1266571
O=C(NCc1ccc(-c2ccc3c(c2)CCO3)cc1)NCc1c(O)ccc2ccccc12,0.415109671,2.239926063,-10.1,-9.9,5.1467,424.1786926
O=c1[nH]cnc2c1cnn2-c1ccccc1Nc1cccc2cc(Cl)ncc12,0.4549792,2.690761954,-9,-9.2,4.054,388.0839367
O=C(Nc1ccnc2c1CNCC2)N1CC=C(c2c[nH]c3cc(F)ccc23)CC1,0.624132079,2.913847184,-9.5,-9.7,3.6689,391.1808385
O=C(Nc1ccnc2c1CNCC2)C(=O)N1CC=C(c2c[nH]c3cc(F)ccc23)CC1,0.557258041,3.033911396,-10.2,-9.8,2.6021,419.1757532
O=c1[nH]ccc2c(Nc3cc(-c4ccccc4)ccc3O)cccc12,0.479861078,2.082490435,-9.2,-9,4.6443,328.1211778
Nc1c[nH]c2cccc(N3CC=C(c4c[nH]c5ncccc45)CC3)c12,0.521683806,2.844237307,-8.7,-8.8,3.9201,329.1640456
O=C(Cc1cccc2c1CCNC2)Nc1cc2c(nn1)-c1ccccc1C2=O,0.578926231,2.647232685,-10.1,-9.5,2.5149,370.1429758
O=C(NCCc1ccc2[nH]ncc2c1)Nc1cccc2cnc(Cl)cc12,0.47539821,2.398106413,-8.9,-8.6,4.1287,365.1043378
COC(=O)c1cc2[nH]ncc2cc1Nc1cnc(N)cc1-c1ccccn1,0.478343167,2.712336613,-8.4,-7.8,3.1323,360.1334738
Oc1cccc(-c2cccc(CNc3cc(F)cc4ccncc34)c2)c1,0.523818052,2.17081451,-9.3,-9.3,5.3586,344.1324914
O=Cc1ccccc1Oc1cc(Cl)cc(Nc2ccc(-c3ccccc3)cn2)c1,0.363488877,2.187157048,-9.4,-8.5,6.7504,400.0978555
O=c1[nH]c2cccc(N3CC=C(c4c[nH]c5cc(F)c(F)cc45)CC3)c2s1,0.529716351,2.903260873,-9,-9.1,4.6428,383.0903895
O=C1Cc2cc(Br)c(NNc3ccnc4cccnc34)cc2N1,0.616763183,2.801032081,-8.6,-7.9,3.3259,369.0225221
O=C(Nc1ccc(Cl)c2cnccc12)N(Cc1ccccc1)c1ncnc2[nH]cnc12,0.427402283,2.78849897,-9.7,-8.7,4.7932,429.1104858
Nc1ccc(OC(=O)c2cc(=O)[nH]c3ccc([N+](=O)[O-])cc23)c2ccccc12,0.185643062,2.330912705,-9.6,-9.2,3.3909,375.0855205
N#Cc1cc(NC(=O)Nc2cccc3c(N)cccc23)ncc1Br,0.580803231,2.433149546,-9.6,-8.8,4.09518,381.0225221
N#Cc1ccc(-c2ccc3c(c2)N(Cc2ccc4cn[nH]c4c2)CCO3)s1,0.57240123,2.727972693,-9.2,-9,4.56208,372.1044821
Nc1cc(N2C(=O)Cc3cc(C4CCCCC4)ccc32)cc(F)c1Br,0.679238105,2.65333856,-9.9,-9,5.4389,402.0743036
O=C(CBr)c1cccc(Nc2cccc(-c3nc4cc(Cl)ccc4[nH]3)c2)c1,0.286626177,2.257959098,-9.2,-8.4,6.2045,439.0087019
O=C(Oc1cc(F)cc2ccncc12)c1cc2c(=O)[nH]c3ccccc3c2s1,0.351799996,2.586788741,-9.5,-9.5,4.6493,390.0474414
O=C(Nc1n[nH]c2cccc(I)c12)C(=O)N1CCCc2cccc(C(F)(F)F)c21,0.379469281,2.979403383,-9.2,-9.5,4.1042,514.0113583
O=C1CCCc2c1[nH]c1cc(Nc3cnc(-c4cccc(O)c4)nc3)ccc21,0.490463979,2.567841879,-9.8,-9.3,4.5931,370.1429758
CC(c1ccc(-n2cnc3ccccc32)cc1)N(C)c1nccc2cnccc12,0.432342745,2.930372155,-8.9,-8.9,5.1661,379.1796957
Nc1cccc2c(Nc3cccc4[nH]ncc34)cccc12,0.483147291,2.151523025,-8.2,-8.5,4.0419,274.1218464
NC(c1cccc(F)c1)c1cccc(Nc2ncc(-c3ccccc3)cn2)c1,0.514484939,2.563771779,-8.7,-8.8,5.0744,370.1593748
Fc1ccccc1C1=CCN(c2cnc3[nH]ccc3n2)CC1,0.787673979,2.674989866,-8.6,-8,3.3907,294.1280747
Cc1n[nH]c2ncc(Nc3ccc4ccccc4c3O)cc12,0.489911179,2.44203129,-8.5,-8.5,3.86872,290.1167611
O=C(NNc1ccc2[nH]ncc2c1)N1CC=C(c2c[nH]c3ncccc23)CC1,0.414036655,2.880252957,-9.7,-9.3,3.265,373.1651082
O=C(NNc1ccc2[nH]ncc2c1)C(=O)N1CC=C(c2c[nH]c3ncccc23)CC1,0.309983663,2.975653928,-9.8,-9.1,2.1982,401.1600228
Nc1n[nH]c2cc(CNc3ccnc4[nH]ccc34)ccc12,0.463024439,2.569766201,-7.7,-8.1,2.6335,278.1279944
CN(c1ccc2ccccc2c1)c1ccc2sncc2c1,0.503077942,2.439797715,-8.5,-8.7,5.2174,290.0877694
CN1CCN(c2ccc(Nc3nccc4cc(F)ccc34)c3cnccc23)CC1,0.563861412,2.420290442,-9.4,-9.2,4.4175,387.1859239
C[C@@H](Nc1cc(-c2ccccc2)ccn1)c1ccc2c(c1)CCN2,0.719529459,2.643493621,-9.1,-8.6,4.8897,315.1735477
O=C(NNc1ccc2ccccc2c1)Nc1nccc(-c2cccc([N+](=O)[O-])c2)n1,0.338038373,2.33890268,-10.1,-9.5,4.3536,400.1283884
Nc1n[nH]c2cc(C(=O)Oc3cccc(-c4cn[nH]c4)c3)ccc12,0.397138814,2.463915002,-8.8,-8.8,2.7544,319.1069247
O=S(=O)(Nc1cnc2[nH]cc(Cc3ccccc3)c2c1)c1ccc(F)c2cnccc12,0.423476955,2.521260627,-9.6,-9.9,4.6418,432.105625
Cc1cc2cccc(Nc3c(Br)ccc4[nH]ncc34)c2cn1,0.537509275,2.602209655,-8.7,-8.5,4.92562,352.0323585
O=C(Oc1cccc(-c2cn[nH]c2)c1)c1ccc(Nc2ncnc3ccccc23)cc1,0.315184651,2.286113737,-9.6,-9.4,4.9827,407.1382248
O=C1Cc2ccc(CC(=O)Oc3cccc(-n4cnc5ccccc54)n3)cc2N1,0.546700991,2.637054424,-9.5,-8.7,3.0632,384.1222404
Nc1ncc(N2C(=O)Cc3ccncc32)c2cc[nH]c12,0.701394578,3.022138077,-7.8,-7.4,1.7609,265.09636
O=C(Nc1ccccc1-c1ccc2ccccc2c1)N1C(=O)C(Br)CCc2ccccc21,0.318353501,2.829022133,-11.9,-10.5,6.7816,484.07864
CC(NC(=O)NCc1ccc2c(N)n[nH]c2c1)c1ccc2[nH]ncc2c1,0.388186513,2.966085791,-8.8,-8.5,2.5818,349.1651082
CC(NC(=O)C(=O)NCc1ccc2c(N)n[nH]c2c1)c1ccc2[nH]ncc2c1,0.342813266,3.045040616,-9.2,-8.7,1.515,377.1600228
O=C(Nc1n[nH]c2cc(O)ccc12)C(=O)N[C@@H]1C[C@H]1c1cccc(F)c1F,0.528628075,3.403385351,-8.9,-8.6,2.1575,372.1033967
O=C1C(=O)N(c2ccnc(Br)c2)c2ccc(-c3ccccc3)cc21,0.490822961,2.275307051,-8.7,-9.2,4.3721,378.0003897
CC(Nc1cc2cccc(F)c2cn1)c1cc2cnccc2[nH]1,0.588746529,3.070598297,-8.7,-8.4,4.4233,306.1280747
Cn1cc(C2=C(c3cccc(NC(=O)C(=O)NCc4ccc(-c5ccc6ccccc6c5)cc4)c3)C(=O)NC2=O)c2ccccc21,0.164450149,2.705072559,-11.5,-10.4,5.8206,604.2110554
Clc1cccc2cc(NNc3cccc4cnccc34)ncc12,0.528395437,2.423606289,-9,-8.6,4.8754,320.0828741
Clc1cc2cccc(NNc3cccc4cnccc34)c2cn1,0.417235468,2.426858099,-8.9,-8.3,4.8754,320.0828741
O=C(Nc1ccc2c(c1)C(=O)c1ccccc1C2=O)C(=O)N1C(=O)c2c([N+](=O)[O-])cccc2S1(=O)=O,0.240990749,2.877178088,-10.8,-11,1.68,505.0215999
O=C1Cc2cc(C(=O)Nc3cccc4cnncc34)ccc2N1,0.761049379,2.363793275,-9.2,-8.9,2.3767,304.0960256
N#Cc1ccc(-c2ccc3c(c2)N(C(=O)NNc2ccc4cn[nH]c4n2)CCO3)cc1,0.44452886,2.861879021,-10.2,-9.9,3.43208,411.1443728
CC(C)(C)c1ccc2c(c1)CCCN2C(=O)c1ccccc1C(=O)c1ccc2c(c1)OCCO2,0.484040027,2.410984582,-9.7,-9.8,5.5793,455.2096584
O=C(Nc1cc(Cc2ccccc2)ccn1)N(Cc1ccccc1)c1ncnc2[nH]cnc12,0.406747336,2.679665849,-9.7,-9.3,4.5774,435.1807583
N#Cc1ccc(-c2ccc3c(c2)N(c2cc4c(cn2)OCCN4)CCO3)cc1,0.736401506,2.772654996,-9.9,-9,3.95508,370.1429758
O=C1CCc2cc(Nc3ccc4[nH]c5c(c4c3)CNCC5)ccc2N1CC1CCCC1,0.561344832,2.735403369,-9.8,-9.9,5.0266,414.2419616
c1ccc2c(c1)Cc1cc(-c3csc(Nc4cccc5[nH]ncc45)n3)ccc1-2,0.395734984,2.413586116,-9.8,-9.7,6.0012,380.1095675
Cc1c(NC(=O)C(=O)Nc2cc(-c3ccccn3)c(Br)cn2)cc(C)c2ncccc12,0.419981395,2.618311221,-9.8,-9.4,4.64834,475.0643869
O=S(=O)(Cl)c1ccc(Nc2cc(-c3cc(F)cc(Br)c3)[nH]n2)cc1Cl,0.513238868,2.61526729,-8.9,-8.4,5.3028,462.8959932
NNc1ccnc2cc(Nc3ccc4[nH]c(-c5ccccc5)nc4c3)ccc12,0.270646388,2.30312191,-9.5,-9,4.8073,366.1592946
O=C(NNc1cccnc1F)C(=O)Nc1n[nH]c2ccc(C(F)(F)F)cc12,0.240188148,2.764274885,-8.5,-8.6,2.1976,382.0801364
Cc1ccc(-c2cccc(Cl)c2)cc1NS(=O)(=O)c1oc2ccccc2c1Br,0.359700113,2.39356918,-10.1,-8.9,6.62492,474.9644541
Fc1cccc(N(c2ncc(Br)cn2)c2ccnc3[nH]ccc23)c1,0.555252953,2.716490606,-7.9,-7.9,4.7243,383.0181857
NN(c1cc(F)cc(F)c1)c1cnc2[nH]cc(Cc3ccccc3)c2c1,0.422415218,2.687819643,-9.1,-9,4.4437,350.134303
Fc1cc(F)cc(NNc2cnc3[nH]cc(Cc4ccccc4)c3c2)c1,0.450145986,2.47633536,-9.3,-8.8,4.8709,350.134303
Cc1cccc2c(OC(=O)c3ccccc3Cc3nc4ccccc4c(=O)[nH]3)nc(Cl)nc12,0.312333573,2.634023394,-11.6,-9.5,4.63812,456.0989181
O=C1Cc2cc(NC(=O)C(=O)Nc3nccc4c3CNCC4)ccc2N1,0.598063457,2.732334105,-9.3,-8.5,0.7991,351.1331394
Fc1ccc(N2CCC(c3c[nH]c4ncccc34)CC2)c2cccnc12,0.57525643,2.421484834,-9.5,-9.1,4.6342,346.1593748
Cc1cc2cn[nH]c2cc1Nc1nc2cn[nH]c2cc1Br,0.518863991,2.896911716,-7.7,-7.8,3.64872,342.0228565
NN(c1ccc2[nH]ncc2c1)c1ccc2cccc(C=O)c2n1,0.344988489,2.954240806,-8.6,-8.3,2.9354,303.11201
C[C@H]1COc2c(F)c(F)cc3c(=O)c(C(=O)Oc4ncnc5[nH]nc(Br)c45)cn1c23,0.441319453,3.812678752,-10,-9.7,2.8811,476.9884223
CC(Nc1cc(F)c2cnccc2c1)c1ccc2[nH]c(=O)[nH]c2c1,0.538080675,2.964214805,-8.8,-8.5,3.7166,322.1229893
Fc1ccc(Nc2cccc(-c3nc4cc(Cl)ccc4[nH]3)c2)c2ccncc12,0.380259343,2.346024805,-9.8,-9.5,6.3142,388.0891023
O=C1Cc2cc(CCCC(=O)Nc3cccc4cnccc34)ccc2N1,0.740709055,2.246638599,-8.9,-8.3,3.6908,345.1477268
c1cc(Nc2cc3cccnc3c3ncccc23)c2ccncc2c1,0.460729117,2.281470313,-9.4,-9.1,5.0748,322.1218464
O=C1CCCc2cc(Nc3ccc(-c4ccnc5ccccc45)cc3)ccc21,0.47292131,2.103960835,-9.6,-10.1,6.1644,364.1575633
Fc1cc2[nH]cc(C3=CCN(c4c(CBr)oc5ccccc45)CC3)c2cc1F,0.372865514,2.98527763,-9.2,-9.5,6.3809,442.0492317
CC(Cc1ccc2[nH]ncc2c1)N(C)c1ccnc2[nH]nc(Br)c12,0.562403119,3.559535206,-8.4,-8.3,3.6641,384.0698066
CC(NC(=O)N1CCc2cc(-c3cccc(F)c3)ccc21)c1ccc2[nH]ncc2c1,0.496382855,2.839982409,-9.5,-9.6,5.2023,400.1699395
Cc1cc2[nH]ncc2cc1Nc1cc(F)c2c(c1)OCC2=O,0.761106039,2.734213467,-8.3,-8,3.32912,297.0913548
O=S(=O)(Cl)c1ccc(NC(c2ccc(Cl)cc2)c2cccc3ccccc23)c2cnccc12,0.263852121,2.883206788,-9,-8.7,7.1704,492.0466042
O=C1Cc2c(Br)cccc2N1C(=O)Nc1cncc2c(Cl)cccc12,0.621270133,2.76421505,-9.1,-9.1,4.7719,414.9723164
O=C(Nc1cnc(-c2cccc(F)c2)nc1)Nc1ccc2cn[nH]c(=O)c2c1,0.508335441,2.35705028,-9,-9.3,3.1632,376.1084019
Cc1cncc2cccc(S(=O)(=O)Nc3nnc(-c4ccc5ccccc5c4)o3)c12,0.461600023,2.546076155,-10.2,-9.7,4.54722,416.0943114
Nc1c[nH]nc1-c1ccccc1Nc1cccc2c(N)cccc12,0.427498171,2.580218738,-8.2,-8.6,4.1379,315.1483955
Fc1ccc2[nH]cc(C3=CCN(Cc4cccc5ccccc45)CC3)c2c1,0.495126406,2.28917077,-9.2,-9.3,5.7495,356.1688769
Clc1ccc(Nc2ncnc3ccccc23)c2cnccc12,0.588921336,2.136506552,-8.6,-8.2,4.575,306.067224
O=C(Oc1cc(Br)c2ncccc2c1)c1ccccc1Cc1nc2ccccc2c(=O)[nH]1,0.284213006,2.513262983,-11,-8.7,5.0438,485.0375035
O=c1[nH]cnc2cc(N3CCc4cc(C5CCCCC5)ccc4C3)ccc12,0.731025019,2.535871154,-9.2,-10,4.5335,359.1997624
C[C@H]1COc2c(C3(N)CC3)c(F)cc3c(=O)c(C(=O)Oc4ccc5[nH]ncc5c4)cn1c23,0.378476452,3.583844813,-9.8,-9.1,3.1373,434.1390333
O=C(O)c1[nH]c2ccc(N3C(=O)Cc4ccc(Br)cc43)cc2c1F,0.696369484,2.647496639,-9.2,-9,3.9885,387.9858825
c1ccc2c(c1)Cc1cc(NNc3cccc4ncccc34)ccc1-2,0.445540379,2.194843236,-9.7,-9.6,5.245,323.1422475
O=C(NNc1ccc2cn[nH]c2n1)c1ccc(-c2cnc3c(c2)CCC3)cc1,0.479329951,2.641485209,-9.6,-9.4,3.2655,370.1542092
Cc1cc(CC(C)NC(=O)Nc2n[nH]c3cccc(F)c23)n[nH]1,0.594889201,3.188122607,-8.6,-8,2.48622,316.1447874
N#CC(c1ccccc1)c1ccc(Nc2ccnc(-c3ccccn3)n2)cc1,0.543600667,2.769682071,-9.5,-9.4,4.93768,363.1483955
Nc1ccc(Nc2cccc(-c3nc4cc(Cl)ccc4[nH]3)c2)c2cnccc12,0.344924426,2.386511297,-9.8,-9.2,5.7573,385.1094232
CN1CCN(c2ccc(NC(=O)c3ccc4cccc(F)c4n3)c3cnccc23)CC1,0.549507695,2.408552934,-10.1,-9.3,3.9262,415.1808385
O=C1NCCOc2ccc(NC(=O)N3CC=C(c4cncc(F)c4)CC3)cc21,0.836546052,2.725352844,-9.4,-8.7,2.6641,382.1441187
O=C(Nc1ccc2cn[nH]c2n1)C(=O)Nc1cc(-c2cccnc2)n[nH]1,0.411447692,2.881739813,-8.6,-8.4,1.3202,348.1083216
Fc1cccc([C@@H]2C[C@H]2Nc2ccc(-c3ccncc3)cn2)c1,0.782740567,2.944383456,-8.2,-8.1,4.2507,305.1328257
NNc1c(F)cccc1Nc1cc2c(=O)[nH]cnc2cc1F,0.439419731,2.680370007,-8.6,-8,2.2305,303.0931664
CN(c1ccc2cnccc2c1)c1cc2[nH]ncc2cc1[N+](=O)[O-],0.458311348,2.703175279,-8.3,-8.5,3.7872,319.1069247
c1cc(Nc2ccc3cn[nH]c3n2)c2ccoc2c1,0.571489134,2.582448944,-7.6,-7.6,3.4477,250.0854609
Nc1ccc(C(=O)N(C(=O)NCc2ccc3cnccc3c2)c2ccc3cn[nH]c3c2)cc1,0.364220703,2.679858353,-9.8,-9.1,4.2499,436.1647739
Nc1noc2cc(CNc3cnc4[nH]ccc4n3)ccc12,0.531405378,2.772625754,-8.2,-7.9,2.2934,280.107259
O=C(c1cc(O)nc2ccccc12)N1CCCC2(C1)NC(=O)N(C(=O)c1c[nH]c(=O)c3ccccc13)C2=O,0.27534004,3.882276724,-10.4,-9.7,2.1489,511.1491834
N[C@H]1CC[C@@H](Nc2ncc([N+](=O)[O-])cc2-c2ccccc2)C1,0.668211358,3.03815938,-8,-7.8,2.9485,298.1429758
O=Cc1cc2ccc(F)cc2nc1NC(=O)c1ccc2c(c1)CCCN2,0.705808401,2.514991951,-9.3,-8.7,3.7968,349.122655
Cc1cc(-n2nccc2Nc2nc3c(cnn3C(C)C)cc2C=O)ncn1,0.544427424,3.1633875,-8.3,-7.4,2.85242,362.1603572
C[C@@H](Nc1ccccc1C(=O)c1cccc2ccccc12)c1cccc2cnccc12,0.32904176,2.593114974,-8.4,-9.1,6.7921,402.1732133
COC(=O)c1cc2[nH]ncc2cc1Nc1ccc2ccccc2c1,0.554444042,2.201103134,-8.7,-8.3,4.2463,317.1164267
Cc1ccc2ncc(NC(=O)Nc3ncc(Br)cc3-c3cccnc3)cc2c1,0.452225671,2.423198998,-10.5,-8.3,5.40672,433.0538222
NCc1ccc2c(c1)OCCN2c1ccc2c(c1)[nH]c1nc[nH]c(=O)c12,0.516911149,2.790050947,-9,-8.9,2.3936,347.1382248
O=C(NC(=O)C1CNC(=O)c2ccccc21)c1ccc2c(c1)OCCN2,0.708393012,3.088773791,-9.4,-9.5,1.2745,351.121906
Ic1cnccc1Nc1cncc2ccsc12,0.706969918,2.860057966,-6.4,-6.2,4.0395,352.9483663
Cc1ccc(C)c2c1C(=O)N(C(=O)C(=O)NCc1ccc(-n3cnc4ccccc43)cc1)C2=O,0.38029668,2.696185419,-10.1,-9.9,3.08134,452.1484551
CC(NC(=O)Nc1c(Cl)ccc2cnccc12)c1ccc2[nH]c(=O)[nH]c2c1,0.431835723,2.935830631,-9.2,-8.7,3.9405,381.0992524
O=C(Nc1ccc2[nH]ccc2c1)N1C(=O)c2ccccc2C(F)(F)C1=O,0.65588427,2.69939303,-9.9,-9.3,3.4742,355.0768477
O=C1c2ccccc2S(=O)(=O)NN1c1cnc2[nH]cc(Cc3ccccc3)c2c1,0.548735445,2.873845141,-10.3,-9.9,3.0074,404.0943114
O=C(CBr)c1cccc(Nc2ccc3c(c2)C(=O)c2ccccc2C3=O)c1,0.381289491,2.158203484,-9.3,-9.8,4.7832,419.0157054
Clc1ccc([C@@H]2C[C@H]2Nc2cccc(-c3cn[nH]c3)c2)cc1,0.733227956,2.990901189,-8.4,-8,4.6981,309.1032752
Cc1cccc(-c2ccc(Nc3nc(Cl)nc4[nH]cc(I)c34)cc2)c1,0.294012783,2.49739739,-8.9,-8.5,5.93492,459.9951721
Clc1cc(N[C@@H]2C[C@H]2c2ccc3ccccc3c2)c2cnccc2c1,0.491992596,3.011749065,-9.4,-9.4,6.0094,344.1080262
O=C1CC(=C2CNC2)C(=O)N1c1ccc2[nH]nc(I)c2c1,0.434858751,3.39426083,-8.2,-7.7,1.3306,393.9926736
O=C1CC(=C2CN(c3ccc4[nH]nc(I)c4c3)C2)C(=O)N1,0.434858751,3.304059005,-8.6,-8.1,1.3306,393.9926736
Nc1cc(NCc2cc3cnccc3[nH]2)c2cn[nH]c2c1,0.433141009,2.741378112,-7.5,-7.7,2.6335,278.1279944
O=c1[nH]ccc2cc(Nc3nnc4ccc(C(F)(F)F)cn34)cc(Br)c12,0.508492995,2.94721263,-9.2,-8.9,4.0957,422.9942567
O=C(CNc1cc(-c2cccnc2)ccn1)c1ccc2c(c1)-c1ccccc1C2,0.437561386,2.3655651,-9.9,-9.3,5.0096,377.1528122
c1ccc2cc(CNc3n[nH]c4cccnc34)ccc2c1,0.598325983,2.138428236,-8.8,-8.6,3.7232,274.1218464
O=C1c2cccnc2C(=O)N1c1nc(-c2cccc([N+](=O)[O-])c2)n[nH]1,0.435454909,2.691419384,-9.4,-8.5,1.5755,336.0607027
c1cnc2c(NCCc3ccc4[nH]ncc4c3)n[nH]c2c1,0.535372429,2.536700763,-8.1,-7.7,2.4888,278.1279944
O=C(NCc1ccc(-c2cccnc2)cc1)C(=O)Nc1cc2cn[nH]c2cn1,0.475810515,2.416706044,-8.9,-8.4,2.2748,372.1334738
CC(C)c1nc2cc(Nc3cccc4[nH]nc(N)c34)ccc2[nH]1,0.46156284,2.556720892,-8.4,-8.7,3.8884,306.1592946
CC(C)c1nc2cc(NC(=O)C(=O)Nc3n[nH]c4cccc(F)c34)ccc2[nH]1,0.408253744,2.618302773,-9.8,-8.5,3.2789,380.139702
O=C(Nc1ccc2cn[nH]c(=O)c2c1)C(=O)Nc1cccc(-c2ccc3ccccc3c2)n1,0.373608299,2.396176622,-11,-10.8,3.7155,435.1331394
O=C(Nc1nccc(-c2cccc([N+](=O)[O-])c2)n1)c1ccc(Nc2ncnc3ccccc23)cc1,0.265446618,2.325181031,-10.4,-10.7,4.9909,463.1392874
CN(Cc1ccnc2[nH]ccc12)C(=O)c1ccc2c(c1)-c1ccccc1C2,0.522338276,2.408589837,-9.9,-9.8,4.4063,353.1528122
N#Cc1cccc([C@H]2C[C@H](NC(=O)c3ccc4c(=O)[nH][nH]c(=O)c4c3)C2)c1,0.659270383,2.546599646,-9.6,-9,1.76408,360.1222404
Cn1ccc2ncnc(Nc3ccc4cncc(F)c4c3)c21,0.615185863,2.642149319,-8.2,-8,3.3992,293.1076736
C[C@@H](Nc1cnc2[nH][nH]c(=O)c2c1)c1ccc(C#N)cc1,0.684826201,3.044609768,-8.3,-7.9,2.29598,279.11201
O=C(Cc1ccc2cnccc2c1)Oc1ccnc2[nH]ccc12,0.589843402,2.425510135,-8.5,-8.5,3.2592,303.1007767
Cc1cn(-c2ccc(C#N)cn2)nc1Nc1ccnc2[nH]ncc12,0.600811942,2.928342694,-8.5,-8.7,2.4623,316.1184924
O=C1Cc2ccc(C(F)(F)F)cc2N1c1ccc2cc(I)ccc2c1,0.434364689,2.449840467,-9.3,-8.9,5.684,452.9837466
O=C(Nc1cc(F)c2ncccc2c1Br)c1n[nH]c(=O)c2ccccc12,0.52564135,2.463817639,-9.4,-9.4,3.6252,411.9971159
C[C@H](Nc1ccc(Br)c2cnccc12)c1cccc2cnccc12,0.49561672,2.807174996,-8.5,-8.3,5.7186,377.0527596
C[C@H](Nc1ccc(Cl)c2ccncc12)c1cccc2cnccc12,0.529233948,2.738229062,-8.6,-8.3,5.6095,333.1032752
O=c1[nH][nH]c(-c2ccccc2)c1Nc1ccc2sncc2c1,0.539778068,2.774692825,-8.2,-8.3,3.7233,308.073182
O=C1Cc2ccc(Nc3cccc4c3CCCN4)cc2N1,0.790434321,2.497207888,-8.3,-8.4,3.2829,279.1371622
Nc1cccc2c1CCCN2c1ccc2c(c1)NC(=O)C2,0.789146125,2.4488184,-8.2,-8.8,2.8477,279.1371622
CN1C(=O)N(Cc2cc(=O)oc3ccc4ccccc4c23)S(=O)(=O)c2ccccc21,0.364424719,2.689445616,-9.8,-8.6,3.7069,420.0779926
CC1COc2c(F)c(F)cc3c(=O)c(C(=O)NCCc4cnc5c(Cl)cnn5c4)cn1c23,0.506540227,3.512724813,-9.9,-9.6,2.9017,459.0909735
c1ccc(CCc2ccnc(Nc3nccc4ccsc34)c2)cc1,0.544627723,2.309892419,-8.5,-8.2,5.2201,331.1143185
CC(NC(=O)C(=O)Nc1cccc2cnc(Cl)cc12)c1ccc2[nH]ncc2c1,0.365596143,2.956217539,-9.5,-9,3.5804,393.0992524
CC(Cc1ccc2[nH]ncc2c1)Nc1ccc(F)c2[nH]c(=O)ccc12,0.533125773,3.00215623,-8.9,-8.3,3.5866,336.1386394
O=C1CCc2cc(F)c(Nc3ccc(-c4ccccc4)cc3)cc2N1,0.698673103,2.059657559,-9.1,-9.3,5.121,332.1324914
Fc1cc(Nc2nc(-c3ccc4c(c3)Cc3ccccc3-4)cs2)c2cnccc2c1,0.348738955,2.481848795,-10.2,-10,6.8122,409.1048967
Oc1cccc(-c2ccc(Nc3cc(-c4ccccc4)ccc3O)cc2)c1,0.384250448,1.873117004,-9.8,-9.2,6.1754,353.1415788
Brc1ccc2[nH]cc(Nc3ccnc4[nH]nc(Br)c34)c2c1,0.45115959,2.956102889,-7.8,-8.3,4.7078,404.9224695
O=C(Nc1ccccc1)N(c1ccc2[nH]cc(C3=CCNCC3)c2c1)c1cccc2c1CCNC2,0.320183557,2.991176933,-10.2,-9.6,5.5605,463.2372105
O=C(NCc1ccc(-c2ccc3c(c2)CCCO3)cc1)C(=O)N1CC=C(c2c[nH]c3cc(F)ccc23)CC1,0.370128619,2.777974221,-11.1,-10.9,5.2311,509.21147
C[C@H]1COc2c(C3(N)CC3)c(F)cc3c(=O)c(C(=O)Oc4cc5c(=O)c(C(=O)O)cn6c5c(c4C4(N)CC4)OC[C@@H]6C)cn1c23,0.222828571,4.445651374,-10.5,-9.3,3.1753,616.1969421
CC(N)c1ccc2c(c1)CC(=O)N2c1cc2cc[nH]c2cn1,0.7623268,3.173749505,-8.2,-8,2.8034,292.1324111
Cn1cc(C2=C(c3cccc(N)c3)C(=O)N(C(=O)N[C@@H]3CCCC[C@@H]3N)C2=O)c2ccccc21,0.412046286,3.530983599,-9.1,-8.5,3.0196,457.2113897
O=C(CCC(=O)c1ccc2c(c1)-c1ccccc1C2)OS(=O)(=O)c1ccc2c3c(cccc13)C(=O)N2,0.264951759,2.835670776,-9.4,-9.2,4.8717,497.0933083
N#Cc1ccc2c(c1)N(c1cc(-c3ccccc3)ccn1)C(=O)C2=O,0.676099833,2.341010852,-9.6,-9.1,3.48128,325.0851266
CC(Cc1ccc2[nH]ncc2c1)N(C)C(=O)Nc1ccc(N2C(=O)c3cccc4cccc(c34)C2=O)cc1,0.304614,3.061121465,-11.1,-10.4,5.6116,503.1957397
Cc1cncc2cccc(S(=O)(=O)Nc3n[nH]c4cccc(I)c34)c12,0.451624246,2.797906057,-8.8,-8.1,3.82492,463.9803947
O=C(O)c1ccc(N(c2ccc3[nH]c4c(C(=O)O)cc(F)cc4c(=O)c3c2)c2ncnc3ccccc23)cc1,0.248898362,2.742195356,-10.6,-9.6,5.6298,520.1182979
O=C(OS(=O)(=O)c1ccc(F)c2cnccc12)c1ccccc1Cc1nc2ccccc2c(=O)[nH]1,0.373578702,2.794434217,-11.6,-9.7,3.7469,489.0794698
O=C(Oc1ccc(S(=O)(=O)Cl)c2ccncc12)c1ccccc1Cc1nc2ccccc2c(=O)[nH]1,0.215707855,2.684459755,-9.7,-9.6,4.2088,505.0499193
Clc1cc(-c2cccc(NCc3ccc(-c4cccnc4)cc3)c2)ncn1,0.471696484,2.137389231,-9.1,-8.8,5.4711,372.1141742
Clc1cccc(-c2cc(NCc3ccc(-c4cccnc4)cc3)ncn2)c1,0.504239948,2.0935125,-9,-8.1,5.4711,372.1141742
COC(=O)c1cc2[nH]ncc2cc1Nc1ccc2cc(Cl)ccc2c1,0.515063497,2.299332005,-8.8,-8.8,4.8997,351.0774544
O=C(Oc1ccc2c(c1)Cc1ccccc1-2)c1cc2c(=O)[nH]c3ccccc3c2s1,0.302006566,2.439225606,-10.7,-10.1,5.5332,409.0772643
NN(C(=O)c1ccc2c(c1)NC(=O)C2)c1cnn2cc(CCO)cnc12,0.351692902,3.092915768,-8.3,-8,0.2792,352.1283884
O=C(Oc1ncc(Cl)c(-c2c[nH]c3ccccc23)n1)c1cccc(Nc2nc3ccccc3c(=O)[nH]2)c1,0.263206853,2.796922586,-11.8,-10.7,5.4776,508.1050661
Cn1cc(C2=C(c3cccc(N)c3)C(=O)N(C(=O)CCCc3ccc4c(c3)CC(=O)N4)C2=O)c2ccccc21,0.294879001,2.930836104,-10.9,-9.5,4.0842,518.1954053
Cc1cc(Nc2nc(-c3ccc4c(c3)Cc3ccccc3-4)cs2)c2cnccc2c1,0.344984077,2.454914136,-9.7,-9.7,6.98152,405.1299686
O=C1NCCNc2c(NS(=O)(=O)c3ccc4c5c(cccc35)C(=O)N4)cccc21,0.530928853,2.799790223,-10.1,-9.6,2.3616,408.089226
O=C(OS(=O)(=O)c1ccc2oc3ccccc3c2c1)c1cc2c(cn1)Cc1ccccc1-2,0.355350592,2.68705008,-9.3,-9.6,5.0979,441.0670936
CC1COc2c(F)c(F)cc3c(=O)c(C(=O)OC(F)(F)c4ccc5c(c4)CC(=O)N5)cn1c23,0.474692468,3.645204471,-10,-9.7,3.634,462.0838844
Brc1ccc2ccncc2c1Nc1ccc(Oc2nncc3ccccc23)cc1,0.344768636,2.504501594,-10,-9.4,6.4764,442.0429232
O=C(NC(c1ccc(Cl)cc1)c1cccc2ccccc12)N1CC=C(c2c[nH]c3ccccc23)CC1,0.267466198,2.943011124,-10.7,-8.9,7.5628,491.1764401
O=C(Oc1ccc(Br)c2cnccc12)c1ccc(F)c2cnccc12,0.356615016,2.457226236,-8.5,-8.9,4.9038,395.9909679
Fc1cc(Nc2cccc3cnncc23)c2ncccc2c1Br,0.550336953,2.674467902,-9,-8.5,4.8232,368.0072866
Fc1cc(F)c2ncccc2c1Nc1cccc2cnncc12,0.602763216,2.548366639,-8.5,-8.5,4.1998,308.0873528
O=C(CNc1n[nH]c2ccc([N+](=O)[O-])cc12)c1ccc2c(c1)-c1ccccc1C2,0.266679597,2.528714922,-10.1,-9.4,4.3371,384.1222404
O=C(O)c1ccc2c(c1)N(C(=O)NCCc1ccc3[nH]ncc3c1)C(=O)C2,0.655666379,2.593120168,-9.8,-9.3,2.1025,364.117155
Cc1cncc2cccc(S(=O)(=O)NCc3ccc4[nH]c(=O)[nH]c4c3)c12,0.513026735,2.5621403,-9,-8.4,2.19132,368.0943114
O=C(O)c1cccc2c(Nc3cc4c5c(c(=O)oc4cc3O)CCCC5)cccc12,0.330963035,2.490561868,-10.3,-9.7,4.9724,401.1263227
O=C(Nc1cccc2cccnc12)c1ccc(Nc2ccc3c(Cl)ccnc3c2)cc1,0.348449028,2.150463636,-10,-9.7,6.4323,424.1090888
O=C(NCc1cccc2[nH]ncc12)C(=O)Nc1ncnc2scc(-c3ccccc3)c12,0.379424453,2.566990939,-9.8,-8.9,3.4895,428.1055448
CC(c1ccc(-n2cnc3ccccc32)cc1)N(C)C(=O)Nc1ccc(N)c2cnccc12,0.370217262,2.956021525,-10.1,-9.2,5.3808,436.2011594
C#Cc1ccc2cc(OC(=O)c3cccc(Nc4nc5ccccc5c(=O)[nH]4)c3)ccc2c1,0.237142749,2.494840565,-10.1,-10.8,5.0204,431.1269914
N[C@@H]1CC[C@H](Nc2cc(Cl)cc3ccncc23)C1,0.873023729,3.12598953,-7.5,-7.1,3.1799,261.1032752
Cc1ccc(-c2cccc(Cl)c2)cc1NCC(=O)c1ccc2c(c1)Cc1ccccc1-2,0.303116215,2.214226781,-8.8,-9.6,7.18142,423.138992
O=C(O)c1ccc(-c2cccc(Nc3cccc4cnccc34)c2)cc1,0.525981092,1.916384145,-9.5,-8.7,5.3436,340.1211778
Nc1cccc2c1C(=O)N(Cc1cc(=O)oc3ccc4ccccc4c13)C2=O,0.252803776,2.366551391,-10,-9.4,3.3246,370.0953569
Oc1cccc(-c2cccnc2)c1N1CC=C(c2cncc3ccccc23)CC1,0.524974596,2.642172614,-9.4,-9.2,5.2961,379.1684623
O=Cc1cc(-c2cccnc2)cc(N2CCc3cc(-c4cccc(F)c4)ccc32)c1,0.394471722,2.407274033,-9.7,-8.9,6.0614,394.1481414
O=C1CC(=C2CN(C(=O)Nc3nc(-c4ccc5c(c4)Cc4ccccc4-5)cs3)C2)C(=O)N1,0.366775682,2.860171441,-10.7,-10.6,3.5719,442.1099614
CC1COc2c(F)c(F)cc3c(=O)c(C(=O)Oc4ccc(N)c5ccccc45)cn1c23,0.297596765,3.162154785,-10.4,-9.7,4.1877,422.1078134
O=C(Oc1ncc(Cl)c(-c2c[nH]c3ccccc23)n1)c1cc(F)cc2ccncc12,0.407924782,2.757234775,-10.2,-9.8,5.1848,418.0632815
O=S(=O)(Nc1ncnc2[nH]nc(I)c12)c1cccc2cnccc12,0.46161713,2.909896349,-8.7,-8.4,2.3065,451.9552425
O=C(NCCc1ccc2[nH]ccc2c1)C(=O)Nc1cc(-c2ccccn2)c(Br)cn1,0.392592392,2.578807189,-9.2,-8.6,3.6848,463.0643869
Clc1ccc2ccncc2c1Nc1ccc2c(c1)[nH]c1ncnc(Cl)c12,0.385149726,2.667836777,-9.7,-9.6,5.7097,379.0391507
O=C1Cc2ccc(NC(=O)C(=O)Nc3cccc4cnc(Cl)cc34)cc2N1,0.469718303,2.458339548,-9.5,-9,2.96,380.067618
Brc1ccc2cc(NNc3cccc4ncccc34)ncc2c1,0.502739942,2.344214886,-8.6,-8.4,4.9845,364.0323585
O=C1C(=O)N(C(F)(F)Oc2cccc3c(O)ccnc23)c2ccc(-c3ccccc3)cc21,0.371398215,2.818778818,-10.2,-9.3,4.766,432.0921634
Cc1n[nH]c2ccc(C(=O)N[C@H](C)c3cccc4cnccc34)cc12,0.598118393,2.737583153,-9.2,-8.8,3.91052,330.1480612
N#Cc1cc(OC(=O)c2cc3c(cn2)Cc2ccccc2-3)c2cc[nH]c2c1,0.381315862,2.694924793,-9.8,-10.2,4.22498,351.1007767
N#Cc1ccc(Nc2cc(Br)c3c(=O)[nH]ccc3c2)cc1-c1ccncc1,0.493417369,2.637895784,-9.3,-8.7,4.96788,416.0272731
Oc1ccnc2ccc(N3CC=C(c4ccnc5[nH]ccc45)CC3)cc12,0.575271868,2.817896622,-9.2,-9.6,4.1104,342.1480612
CC(NC(=O)Nc1cccc2cccc(F)c12)c1ccc2[nH]ncc2c1,0.500471887,2.748522099,-9,-8.8,4.7379,348.1386394
O=C1CCCc2c1[nH]c1ccc(Nc3ccc4c(c3)CCC(=O)N4Cc3ccc(Cl)cc3)cc21,0.355264642,2.54692375,-10.3,-9.9,6.5633,469.1557047
O=C(Nc1cc(Br)c2cn[nH]c2c1)C(=O)NS(=O)(=O)c1ccc(-c2ccccc2)cc1,0.371800919,2.426833074,-9.8,-9.3,3.436,497.9997381
NCc1ccc2c(Nc3cc4[nH]c(=O)cnc4cc3F)noc2c1,0.533396439,2.76331374,-8.5,-8.1,2.4057,325.0975028
COc1cc2[nH]ncc2cc1NC(=O)NC(c1ccc(C)cc1)c1cccc(Cl)c1,0.401650247,2.744593383,-9.2,-8.1,5.44442,420.1353036
COc1cc2[nH]ncc2cc1Nc1cccc(C(N)c2ccc(C)cc2)c1,0.484408069,2.754360394,-8.8,-8.4,4.67162,358.1793613
O=C(COc1ccc2oc3ccccc3c2c1)NCc1ccc2c(c1)N(C(=O)/C=C/c1ccnc3ccccc13)CCO2,0.227963439,2.776055504,-10.2,-11.6,6.2682,569.195071
Cc1cccn2c(NC(=O)Nc3ccc4[nH]nc(Br)c4c3)c(-c3ccccc3)nc12,0.327336907,2.607004006,-10.1,-9.3,5.59252,460.0647213
N#Cc1ccc(C2=CCN(c3ccc4c(c3)[nH]c3nc[nH]c(=O)c34)CC2)cc1,0.566811794,2.840999477,-9.8,-9.8,3.56978,367.1433102
NC(c1ccc(N(N)C(=O)c2cccc3ccccc23)cc1)c1cccc2ccccc12,0.2283511,2.744454888,-10.1,-9.7,5.5616,417.1841124
N#Cc1ccc(NCCNC(=O)C(=O)Nc2cncc(-c3cnc4[nH]ccc4c3)c2)nc1,0.272299338,2.774181097,-9.1,-8.2,2.05838,426.1552718
N#Cc1ccc(N(CCN)C(=O)C(=O)Nc2cncc(-c3cnc4[nH]ccc4c3)c2)nc1,0.411307911,3.045488665,-8.7,-8.1,1.82198,426.1552718
Oc1ccc2cc(Br)ccc2c1N1CCC(c2c[nH]c3ncccc23)CC1,0.444306579,2.563121678,-9.3,-8.8,5.5682,421.0789744
O=C(CCC(=O)N1CC=C(c2ccncc2)CC1)c1ccc2c(c1)-c1ccccc1C2,0.440020093,2.490094574,-9.9,-9.2,4.9316,408.183778
CC(NC(=O)Nc1ccc(F)c2ncccc12)c1ccc2[nH]ncc2c1,0.519891854,2.773382407,-8.9,-8.7,4.1329,349.1338884
O=C(CNc1ccc2cn[nH]c2n1)c1ccc2c(c1)Cc1ccccc1-2,0.487948912,2.55446905,-9.2,-9.5,3.8239,340.1324111
O=c1c2ccccc2oc2ccc(Nc3cc4[nH]ncc4nc3Br)cc12,0.326788016,2.731048113,-9.6,-9.7,4.7236,406.0065377
O=c1c2ccccc2oc2ccc(Nc3nc4cn[nH]c4cc3Br)cc12,0.413850953,2.589449328,-9.5,-9.4,4.7236,406.0065377
Brc1cccc2c(N3CCc4ccc(-c5ccccc5)cc4C3)cccc12,0.347465117,2.0529,-9.8,-9.6,6.832,413.0779117
Brc1cc2c(cn1)OCCN2c1cc(-c2ncc[nH]2)ccn1,0.713160036,3.009018742,-8.3,-7.8,3.1597,357.0225221
Nc1cccc2c(Nc3cc(-c4ccn[nH]4)ccc3F)cccc12,0.479850372,2.305801815,-9.1,-8.7,4.6948,318.1280747
O[C@@H](CNc1cc(-c2ccc3ccccc3c2)[nH]n1)c1cccc2ccccc12,0.376272634,2.718034719,-9.8,-9,5.5286,379.1684623
O=C1NC2(CNC2)N(c2c[nH]c3nc[nH]c(=O)c23)c2ccccc21,0.519890702,3.71469039,-8.9,-8.7,0.4322,322.1178237
O=[N+]([O-])c1ccccc1CCc1ccccc1Nc1cc2cn[nH]c2cn1,0.392881925,2.490811454,-9.3,-8.2,4.3949,359.1382248
ON=C(Nc1ccc2cn[nH]c2c1)c1ccc(-c2ccccc2)cc1,0.224639713,2.271635228,-8.9,-9.1,4.4778,328.1324111
Clc1ccc(N2CCCc3cc(-c4ccccc4)ccc32)c2cnccc12,0.392870514,2.222245385,-10.2,-9.9,6.6395,370.1236763
O=S(=O)(Cl)/C=C/c1ccccc1Nc1cc(-c2cccnc2)ccn1,0.671654047,2.543599313,-9,-8.3,4.4265,371.0495254
Brc1ccc(NCCc2ccc3[nH]ncc3c2)c2ccncc12,0.55736364,2.440079139,-7.6,-8.6,4.5282,366.0480086
CC(Cc1ccc2[nH]ncc2c1)NCC(=O)c1ccc2c(c1)-c1ccccc1C2,0.424735183,2.917944825,-8.1,-8,4.5376,381.1841124
O=C(CNc1ccc2ccncc2c1)c1ccc2c(c1)Cc1ccccc1-2,0.458528631,2.263311346,-9.5,-9,5.1008,350.1419132
CC(Cc1ccc2[nH]ncc2c1)N(C)c1cc2ccc(Br)cc2cn1,0.532415234,3.116258153,-8.9,-8.2,4.941,394.0793087
CC(Cc1ccc2[nH]ncc2c1)N(C)c1ccc2cc(Cl)ncc2c1,0.535914016,3.098658153,-8.9,-8.4,4.8319,350.1298243
O=C(Nc1nccc(-c2cnccn2)n1)N1CC=C(c2c[nH]c3ccc(F)cc23)CC1,0.529072077,2.805131092,-9.9,-9.9,3.8752,415.1556864
O=C(Nc1nccc(-c2cnccn2)n1)C(=O)N1CC=C(c2c[nH]c3ccc(F)cc23)CC1,0.470504483,2.943864122,-10.2,-10.9,2.8084,443.150601
Cn1cc(C2=C(c3cccc(NC(=O)C(=O)Nc4ccc5cnccc5c4)c3)C(=O)NC2=O)c2ccccc21,0.247808141,2.672279051,-11,-10.6,3.8709,515.1593542
O=C(Nc1cc(-c2ccccn2)c(Br)cn1)C(=O)Nc1cc(Br)cc2ccccc12,0.350672887,2.469620365,-9.8,-8.7,5.399,523.9483499
O=C(Oc1ccc(Br)c2cc[nH]c12)c1cccc(Nc2nc3ccccc3c(=O)[nH]2)c1,0.247320529,2.599319088,-10.5,-9.1,5.1297,474.0327524
O=[N+]([O-])c1cccc(-c2ccnc(Nc3cnn4cc(CCO)cnc34)n2)c1,0.386611883,2.717716946,-8.7,-8.4,2.3729,377.1236373
O=c1[nH]cnc2cc(Nc3cncc4c(Cl)cccc34)c([N+](=O)[O-])cc12,0.420480078,2.713241132,-9.2,-8.7,3.7765,367.0472169
c1ccc(-c2nc(Nc3cnc4[nH]ccc4n3)c3ccsc3n2)nc1,0.517013354,2.775200159,-9.1,-8.2,3.7682,345.0796644
O=C(Nc1ccc2c(Cl)cc(Cl)cc2n1)C(=O)Nc1ncnc2[nH]nc(I)c12,0.27084404,3.006757496,-9.3,-8.7,3.3897,526.9161259
O=C(CN1CCCC(c2c[nH]c3ncccc23)C1)N1CC=C(c2c[nH]c3ccccc23)CC1,0.49058952,3.164796079,-9.6,-9.8,4.5395,439.2372105
Ic1cc(Nc2cncc3cnccc23)c2ccccc2c1,0.476806399,2.454997913,-8.5,-8.6,5.1312,397.0075954
Fc1cc(Nc2cncc3cnccc23)cc2ccccc12,0.582648236,2.317471523,-8.7,-8.6,4.6657,289.1015256
Fc1ccc2c(C3=CCN(c4nccc5ccncc45)CC3)c[nH]c2c1,0.580378764,2.680950968,-9.7,-9,4.5439,344.1437248
N#Cc1cccc2[nH]cc(C(=O)Nc3ccc4nc(-c5ccc(N)cc5)[nH]c4c3)c12,0.339379507,2.488347242,-10.4,-9.3,4.41738,392.1385591
O=Cc1ccc2cc(F)c(N3CC=C(c4ccnc5[nH]ccc45)CC3)cc2n1,0.543069449,2.968210171,-9.4,-9.4,4.3564,372.1386394
O=c1[nH]cnc2c1cnn2-c1ccccc1Nc1ccc2[nH]ccc2c1,0.468879037,2.614385134,-9.1,-9.2,3.3337,342.1229091
O=Cc1cc2ccc(F)cc2nc1Nc1ccc2cncc(F)c2c1,0.555250614,2.58262239,-9,-8.7,4.6173,335.0870184
O=C(Nc1c(O)ccc2ccncc12)c1ccc2[nH]c3c(c2c1)CNCC3,0.413898197,2.641951863,-9.5,-9.1,3.3197,358.1429758
Cc1c(NC(=O)NC(c2ccccc2)c2cccc(Cl)c2)cnc2[nH]ccc12,0.434146471,2.810857624,-9.2,-8.7,5.43582,390.1247389
Cc1c(Nc2cccc(C(N)c3ccccc3)c2)cnc2[nH]ccc12,0.510110932,2.840257995,-8.7,-8.8,4.66302,328.1687966
C[C@@H](NC(=O)NCc1ccc2cn[nH]c2c1)c1cccc2cnccc12,0.527607629,2.783677702,-9,-8.4,3.6715,345.1589602
C[C@@H](NC(=O)C(=O)NCc1ccc2cn[nH]c2c1)c1cccc2cnccc12,0.478845287,2.873659334,-9.2,-8.9,2.6047,373.1538748
O=Cc1cc2cc(F)ccc2nc1Nc1ccc(C(=O)Nc2ccc3cn[nH]c3c2)cc1,0.341964994,2.494965216,-10.3,-9,5.0586,425.128803
Fc1cccc(-c2ccc3c(c2)CCN3c2cnc(Cl)nc2-c2c[nH]c3ccccc23)c1,0.314396244,2.593278436,-10.3,-9.3,6.7786,440.1204025
Cc1nccc2c(Nc3ccc4cnc(Cl)cc4c3)cccc12,0.496451657,2.293285353,-8.8,-8.7,5.48842,319.0876251
O=C(Nc1cc2cn[nH]c2cn1)NS(=O)(=O)c1ccc2c(c1)Cc1ccccc1-2,0.426517626,2.613380856,-10.1,-9.9,3.0395,405.0895603
NNC(=O)c1ccc2c(c1)N(c1n[nH]c3nccc(Cl)c13)C(=O)C2,0.369846231,2.926595926,-8.8,-8.4,1.4356,342.0632013
O=C(c1ccc2c(c1)-c1ccccc1C2)N1CCC(c2ccccc2)c2ccccc21,0.333242249,2.690869316,-10.6,-10.4,6.4402,401.1779644
O=C(Nc1nccc2ccncc12)C(=O)N1CCC(c2c[nH]c3ncccc23)CC1,0.503706856,2.731489592,-9.6,-9.5,2.8508,400.1647739
O=C1CCc2cc(Nc3cc(-c4cc(F)cc(Br)c4)[nH]n3)c(Br)cc21,0.528904379,2.799949828,-9,-8.9,5.6133,462.9331144
Brc1ccc(N[C@@H]2C[C@H]2c2ccc3ccccc3c2)c2cnccc12,0.456759977,3.040311435,-9.4,-9.1,6.1185,388.0575106
Fc1ccc(N[C@@H]2C[C@H]2c2ccc3ccccc3c2)c2ccncc12,0.537331845,2.999553223,-9.4,-9.1,5.4951,328.1375768
Cc1cccc(-c2cccc(CNC(=O)Nc3cnc4[nH]nc(C)c4c3)c2)c1,0.4915623,2.31264857,-9.8,-9.3,4.56344,371.1746103
Fc1cccc(N(c2cc(-c3ncc[nH]3)ccn2)c2ncc(Br)cn2)c1,0.530277304,2.841176048,-9,-8,4.6331,410.0290847
O=C(CBr)c1cccc(N2C(=O)C(=O)c3cc(-c4ccccc4)ccc32)c1,0.346521734,2.20161747,-9.5,-9.3,4.7922,419.0157054
Nc1ccc(-c2ccc(NC(=O)C(=O)Nc3n[nH]c4ncc(Br)cc34)cc2)cc1,0.280102889,2.399516265,-9.2,-9.1,3.5468,450.0439858
N#Cc1ccc(Oc2ccc(Nc3c[nH]nc3-c3ccccc3F)c(Cl)c2)cc1,0.4103836,2.561820416,-9.4,-8.8,6.27678,404.084017
Clc1ccc2[nH]c(-c3cccc(Nc4ccc5[nH]cc(C6=CCNCC6)c5c4)c3)nc2c1,0.258656322,2.71348741,-10.5,-9.8,6.4849,439.1563734
c1csc(-c2n[nH]cc2NCc2ccc(-c3ccc4c(c3)CCCO4)cc2)n1,0.497013414,2.749910841,-8.7,-9,5.1373,388.1357823
O=C(Oc1ccc2cccnc2c1C(=O)O)c1ccccc1Cc1nc2ccccc2c(=O)[nH]1,0.306082211,2.548976697,-9.9,-8.6,3.9795,451.1168206
Cc1cccc(-c2cccc(CNC(=O)C(=O)N3CC=C(c4cccc(C)c4C)CC3)c2)c1,0.568605789,2.448879834,-9.5,-9.2,5.21096,438.2307282
N#Cc1ccc(-c2ccc3c(c2)N(c2cccc(-c4cn[nH]c4)c2)CCO3)s1,0.526702778,2.76159976,-9.5,-8.9,5.20738,384.1044821
CN(Cc1ccnc2[nH]ccc12)c1ccccc1-n1ncc2c(=O)[nH]cnc21,0.506298428,2.936171522,-8.8,-8.4,2.6215,371.1494582
Cc1oc2cc(O)ccc2c(=O)c1-c1ccccc1Nc1cc(-c2ccccn2)c(Br)cn1,0.295502298,2.685659345,-10.3,-10.1,6.43712,499.0531535
O=C(Oc1ccc2[nH]ncc2c1Cl)c1cc(F)cc2c(=O)c3cc(F)ccc3[nH]c12,0.243464199,2.711579915,-10.3,-9.9,4.7084,425.0378753
Clc1cc(Br)c(Nc2ccnc3[nH]cnc23)c2ccoc12,0.53334991,3.066692801,-7.6,-7.9,4.8636,361.9570007
O=C(Nc1nc(-c2c[nH]c3ncccc23)cs1)N1CCOc2cc(Br)c(F)cc21,0.427658033,2.775600086,-10,-9.7,5.0189,472.995736
O=C(NCc1ccc(-n2cnc3ccccc32)cc1)Nc1n[nH]c2cc(F)ccc12,0.418790033,2.348124208,-10,-9.7,4.3626,400.1447874
NCCc1cnc2c(Nc3cc(F)c4ccccc4c3)cnn2c1,0.605200552,2.619798958,-8.3,-8,3.2664,321.1389737
C[C@H]1COc2c(C3(N)CC3)c(Nc3cccc(C4=C(c5cn(C)c6ccccc56)C(=O)NC4=O)c3)cc3c(=O)c(C(=O)O)cn1c23,0.204774568,3.830679696,-10.6,-10,4.4034,615.2117836
Cc1cccc(-c2cccc(CNC(=O)Nc3cc(Cc4ccccc4)ccn3)c2)c1,0.413682157,2.037670737,-10,-9.6,5.96952,407.1997624
O=C(Nc1cccc2c(=O)[nH]ccc12)C(=O)Nc1ncnc2scc(-c3ccccc3)c12,0.368548572,2.516746854,-9.4,-9.3,3.777,441.0895603
O=C1Nc2ccc(S(=O)(=O)Nc3cccc(-c4ccc5ccccc5c4)n3)c3cccc1c23,0.381818014,2.443929988,-11.1,-9.8,5.4215,451.0990624
NCc1ccc2ccc(Nc3cnc4ccccc4c3N)cc2c1,0.530146066,2.221991046,-8.8,-8.3,4.1725,314.1531466
O=C(O)c1cc2nc[nH]c2cc1Nc1cc(F)cc2cnccc12,0.534914288,2.59642946,-8.8,-8.7,3.692,322.0866038
c1cc(NNc2ccc3cc[nH]c3n2)c2cnccc2c1,0.500199416,2.607109554,-8.3,-8.6,3.5501,275.1170954
O=C1Cc2ccc(C(=O)NNc3cc4[nH]ncc4cc3Br)cc2N1,0.520295692,2.734923105,-8.7,-8.3,2.5769,385.0174367
O=c1[nH]nnc2ccc(Nc3cccc(-c4cccc(Br)c4)c3)cc12,0.538165777,2.342839856,-9.7,-9.4,4.4912,392.0272731
O=C1Cc2cc(-c3csc(Nc4ccc(Br)c5cnccc45)n3)ccc2N1,0.453066717,2.601692856,-9.8,-8.8,5.359,435.9993441
Brc1c(NCc2ccc3cnccc3c2)ccc2ccncc12,0.545862704,2.344037737,-8.4,-8.6,5.1576,363.0371095
Nc1ccc2c(c1)N(c1ccc3c4c([nH]c3c1)C(=O)CCC4)C(=O)C2,0.669963615,2.686218544,-9.3,-9.4,3.4899,331.1320768
COc1ccc2c(NC(=O)NNc3ccc4ncsc4c3)n[nH]c2c1,0.420922537,2.608393913,-9,-7.8,3.3298,354.0898947
c1ccc2c(C3CCN(c4ccc5sncc5c4)CC3)c[nH]c2c1,0.549182419,2.525909727,-8.6,-8.7,5.1616,333.1299686
Cn1cnc(Nc2ccnc3c(C(F)(F)F)cccc23)c1-c1ccccc1,0.52662881,2.503852036,-8.7,-8.6,5.3977,368.1248811
C[C@H](Nc1ccc2c(=O)[nH]cnc2c1F)c1cccc2cnccc12,0.597988313,3.045567769,-8.8,-8.9,3.7835,334.1229893
O=C(NNc1cnc2[nH]cc(Cc3ccccc3)c2c1)c1ccc2ccccc2n1,0.385148654,2.411953722,-9.9,-10.1,4.4588,393.1589602
Cn1c(=O)oc2c(Nc3cccc4c3-c3ccccc3CO4)cccc21,0.584191802,2.617030502,-9.4,-9.2,4.4345,344.1160924
Nc1ccc(Nc2cccc(-c3ccccc3)c2)cc1-c1cccc2ccccc12,0.313820357,1.943704802,-9.8,-9.7,7.4996,386.1782987
c1cc(N2CCN(c3cc(-c4ncc[nH]4)ccn3)CC2)c2nc[nH]c2c1,0.596915138,2.633354342,-9.2,-8.3,2.6746,345.1701936
Brc1ccc2cc(CNc3cc4cn[nH]c4s3)[nH]c2c1,0.511769897,3.122382288,-7.8,-7.3,4.4803,345.9887795
O=C(Nc1ccc(Oc2ccc3ccccc3c2)c(Cl)c1)C(=O)N1C(=O)c2cccc3c(S(=O)(=O)Cl)ccc1c23,0.189046515,2.724309058,-11.1,-10.9,6.4917,590.0106126
Cn1c(Nc2cc3c(nn2)-c2ccccc2C3=O)nc2ccc(C#N)cc21,0.523991964,2.67234608,-10.4,-9.3,3.18998,352.107259
c1ccc2c(c1)CCCc1cc(NNc3ccnc4ccccc34)nnc1-2,0.526320351,2.516799466,-10.1,-9.9,4.6195,353.1640456
O=C1Nc2c(Nc3nc4c(s3)CCc3ccccc3-4)cccc2C1=O,0.692103991,2.619309613,-9.7,-9.6,3.7871,347.0728477
O=C(Nc1ccc(-n2cnc3ccccc32)cc1)Nc1cccc2cn[nH]c12,0.436612128,2.260982892,-9.5,-9.7,4.5458,368.1385591
Nc1c(Nc2cnc(Cl)nc2-c2c[nH]c3ccccc23)ccc2cc(Br)ccc12,0.209674197,2.697392394,-8.3,-8,6.5198,463.0199353
O=C(Oc1ccccc1-n1ncc2c(=O)[nH]cnc21)C1CCCc2ccccc2C1,0.324008465,3.036288118,-10.5,-9.9,3.2094,400.1535405
O=c1[nH]cc(CNc2cc(-c3ccccc3)ccn2)c2ccccc12,0.590388716,2.083479095,-9.4,-9.3,4.2022,327.1371622
CC(Cl)C(=O)c1ccc2c(c1)CC(=O)N2c1cc(F)c2ccncc2c1,0.508131334,3.144899473,-9.2,-8.8,4.4047,368.0727836
Fc1ccc2c(C3=CCN(c4ccc5c(c4)Cc4ccccc4-5)CC3)c[nH]c2c1,0.387836362,2.56710553,-10.2,-10.4,6.1719,380.1688769
Fc1c(N[C@@H]2C[C@]23CCOc2ccccc23)ccc2ccncc12,0.765133491,3.993606908,-8.8,-8.8,4.2786,320.1324914
O=C(Oc1cc2ccc(Br)cc2cn1)c1ccc2c(c1)-c1ccccc1C2,0.342278137,2.357855076,-10.5,-10,5.7877,415.0207908
N[C@H]1CC[C@@H](NC(=O)N2CCc3cc(-c4cccc(F)c4)ccc32)C1,0.880387831,2.998057589,-8.9,-9,3.4446,339.1746905
N[C@H]1CC[C@@H](NC(=O)C(=O)N2CCc3cc(-c4cccc(F)c4)ccc32)C1,0.800511728,3.143201545,-8.8,-9.2,2.3778,367.1696052
Clc1ccc(Oc2ccc(Nc3cnc4[nH]ccc4n3)cc2)cc1,0.540855074,2.203173649,-8.3,-7.7,5.1472,336.0777887
O=C(OS(=O)(=O)c1ccc2c(c1)Cc1ccccc1-2)c1ccnc2ccc(F)cc12,0.403009174,2.500199435,-9.1,-9.2,4.4908,419.0627571
O=C(c1cnc2[nH]cnc2c1)N1CCc2[nH]c3c(Cl)cc(Cl)cc3c2C1,0.520216882,2.81971072,-9.2,-8.6,3.9445,385.0497154
O=C1CC(=C2CNC2)C(=O)N1c1ccnc2[nH]ccc12,0.590029973,3.18078786,-7.9,-7.6,0.726,268.0960256
O=C1CC(=C2CN(c3ccnc4[nH]ccc34)C2)C(=O)N1,0.590029973,3.083104459,-7.8,-8.1,0.726,268.0960256
Cc1cc(C)c(-c2csc(Nc3cc4cccc(Cl)c4cn3)n2)c(C)c1,0.430994769,2.413292275,-9.3,-8.6,6.68056,379.0909963
O=C(NCC1(c2cc(F)cc(Br)c2)CC1)c1cc2c(cn1)Cc1ccccc1-2,0.487586768,2.654736583,-9.3,-9.3,5.016,436.0586535
O=C(NCCc1ccc2[nH]ncc2c1)C(=O)Nc1cccc2cnc(Cl)cc12,0.366201152,2.475552844,-9.3,-8.6,3.0619,393.0992524
Oc1cccc(-c2cccc(CNc3cc(Br)c4cnccc4c3)c2)c1,0.438992702,2.254713093,-9.5,-9.1,5.982,404.0524253
Clc1ccnc2cc(Nc3nsc4c(Br)cccc34)c(Br)cc12,0.352178705,2.824864248,-8.4,-8.4,6.7665,466.8494201
Clc1cc2nccc(Nc3nsc4c(Br)cccc34)c2cc1Br,0.352178705,2.794048165,-8.6,-8.2,6.7665,466.8494201
O=c1cnc2ccc(NCc3cccc4c(O)cccc34)cc2[nH]1,0.541042426,2.247388848,-9,-9.1,3.394,317.1164267
COc1cc2c3c([nH]c2cc1Cl)CCN(C(=O)Nc1cccc2cnncc12)C3,0.516710978,2.675335801,-9.7,-9.5,4.3633,407.1149025
Clc1cccc2c(Nc3nc(-c4ccccc4)nc4ccccc34)cncc12,0.400824027,2.176788268,-10.1,-9.3,6.242,382.0985242
O=C(Oc1cnc2[nH][nH]c(=O)c2c1)c1ccc(F)c2cccnc12,0.550297843,2.697839493,-8.9,-8.7,2.1577,324.0658684
CS(=O)(=O)c1ccc(N(C(N)=O)c2ccc3c(c2)[nH]c2ncnc(Cl)c23)cc1,0.496394304,2.717179142,-10.1,-8.3,3.3848,415.050588
O=C(c1ccc(N2C(=O)C(=O)c3cc(-c4ccccc4)ccc32)cc1)c1cccnc1,0.360543718,2.164529857,-10.2,-9.7,4.8406,404.1160924
Cc1[nH]c2ccccc2c1C1=CCN(C(=O)Nc2ccc3nccnc3c2Cl)CC1,0.458586481,2.720359444,-9.5,-9.9,5.39412,417.1356379
Cc1[nH]c2ccccc2c1C1=CCN(c2c(N)ccc3nccnc23)CC1,0.526147664,2.808470266,-9,-8.9,4.29542,355.1796957
O=C(NCc1ccc2cn[nH]c2c1)Nc1c(Cl)ccc2ccncc12,0.519637978,2.424020045,-9,-8.8,4.0862,351.0886877
O=C(CNCc1ccc(-c2ccc3c(c2)CCCO3)cc1)c1ccc2c(c1)Cc1ccccc1-2,0.315307596,2.391959158,-9.4,-8.6,6.2223,445.2041791
O=C1Cc2cc(C3CCCCC3)ccc2N1C(=O)Nc1cc(F)cc(F)c1Br,0.581161783,2.767688752,-9.4,-9.3,5.8962,448.0597964
O=C(Oc1cc(Br)c2cnccc2c1)c1cc2c(=O)[nH]c3ccccc3c2s1,0.293203415,2.642573357,-9.7,-9.2,5.2727,449.9673753
O=C1Cc2cc(C(F)(F)F)ccc2N1c1cnc2cc[nH]c2c1,0.741899718,2.643680128,-8.7,-8.5,3.8025,317.0775966
NC(c1cccc(Br)c1)c1cccc(Nc2ncc(-c3ccccc3)cn2)c1,0.42574893,2.598677595,-8.9,-8.6,5.6978,430.0793087
Clc1cc2ccc(NCc3cccc4[nH]ncc34)cc2cn1,0.552313724,2.393842647,-8.2,-8.1,4.3766,308.0828741
c1cc(NNc2ccnc3[nH]ccc23)c2cccnc2c1,0.500199416,2.412797467,-7.8,-8,3.5501,275.1170954
O=C(c1ccc(-n2cnc3ccccc32)cc1)N1CCc2ncc([N+](=O)[O-])cc2C1,0.388012151,2.449735571,-9.8,-9.3,3.5272,399.1331394
N#Cc1c(F)cccc1N1CCCc2cc(-c3ccccc3)ccc21,0.625354868,2.119129634,-9.4,-8.5,5.44868,328.1375768
O=c1cc(CNc2cc3c(=O)[nH]cnc3cc2F)c2c(ccc3ccccc32)o1,0.361715933,2.585070416,-10.6,-10.2,3.9339,387.1019195
O=C1N[C@@H]2CCNC[C@H]2CN1S(=O)(=O)c1ccc2c(c1)Cc1ccccc1-2,0.709044833,3.482100362,-9.8,-9.7,1.9498,383.1303625
O=c1[nH]c2cccc(NCCc3ccc4ccccc4c3)c2[nH]1,0.538562461,2.200367601,-9,-9,3.664,303.1371622
FC(F)(F)c1ccc2[nH]nc(Nc3ccc4c(c3)oc3ccccc34)c2c1,0.389103161,2.361819453,-9.9,-9.4,6.2247,367.0932467
NN(C(=O)C(=O)Nc1nccc(-c2cccc([N+](=O)[O-])c2)n1)c1ccc2ccccc2c1,0.167036527,2.6050505,-10.3,-10.4,3.0504,428.123303
O=C(O)Cc1ccc2c(c1)N(c1cccc(-n3cnc4ccccc43)n1)C(=O)C2,0.583393783,2.59966657,-10,-8.9,3.2684,384.1222404
Brc1c(N2CCC(c3c[nH]c4ncccc34)CC2)ccc2ccncc12,0.493279376,2.594335184,-8.9,-9.3,5.2576,406.0793087
O=C1Nc2ccccc2CCC1Nc1ccccc1-c1ccc2ccccc2c1,0.467859075,2.584817009,-10.9,-10.2,5.8722,378.1732133
Cc1ccc2ncccc2c1NC(=O)N1C(=O)Cc2cc(F)ccc21,0.735546032,2.434155895,-9.8,-8.8,3.80352,335.1070049
Cc1ccc2ncccc2c1Nc1ccc2c(c1)CC(=O)N2,0.754537147,2.240673598,-8.7,-9.1,3.78142,289.1215121
CN1CCN(c2ccc(Nc3cccc4c(Br)cncc34)c3cnccc23)CC1,0.475886635,2.540789446,-9,-8.9,5.0409,447.1058578
O=C(NNc1ccc2ccccc2c1F)c1ccc2ccccc2c1,0.525212684,1.982134271,-9.8,-9.2,4.889,330.1168413
O=C(c1cc([N+](=O)[O-])cc2ccccc12)N1CCNc2ccccc2C1,0.564788363,2.219071951,-9.7,-8.9,3.8159,347.1269914
CN(c1ccc2cnccc2c1)c1cccc2ccncc12,0.540741028,2.350344422,-8.5,-8.2,4.5509,285.1265975
O=S(=O)(c1cccc2cnccc12)N1CC=C(c2c[nH]c3cc(F)ccc23)CC1,0.549626673,2.608529757,-9.6,-9,4.3332,407.110376
Nc1ccc2nc(-c3ccc(NC(=O)NCc4cccc5c4NC(=O)C5)cc3)[nH]c2c1,0.328272776,2.564379088,-9.3,-9.3,3.6284,412.1647739
c1cc2cc(CNc3cc4cn[nH]c4s3)ccc2[nH]1,0.530165253,2.983528296,-7.6,-7.4,3.7178,268.0782674
O=c1[nH]c2cccc(Nc3nsc4c(Br)cccc34)c2[nH]1,0.505814342,2.882977038,-8.8,-7.9,3.972,359.968044
O=C1CNc2ccc(Cl)nc2N1c1cccc(-c2cn[nH]c2)c1,0.709463313,2.833219222,-8.5,-9,3.2153,325.0730377
O=C1CN(c2cccc(-c3cn[nH]c3)c2)c2ccc(Cl)nc2N1,0.709463313,2.778152861,-8.9,-8.6,3.2153,325.0730377
Nc1cccc(S(=O)(=O)Nc2cccc(Nc3nnc(-c4cccc5ccccc45)o3)c2)c1,0.306047005,2.341083353,-10.2,-9.6,5.0164,457.1208605
FC(F)(F)c1cccc2c(Nc3ccc4c(Br)cccc4c3)ccnc12,0.383346849,2.276746745,-9.3,-9.4,6.9129,416.0135951
O=C1Cc2cc(CNC(=O)C(=O)Nc3nc(-c4c[nH]c5ncccc45)cs3)ccc2N1,0.368278422,2.661906781,-10.1,-9.5,2.4359,432.1004594
NN(c1cc2cccc(Cl)c2cn1)c1cccc2cnccc12,0.4377628,2.666885582,-9.2,-8.5,4.4482,320.0828741
O=C(Nc1cccc2cccnc12)c1ccc(NC(=O)N2CCc3cc(C(F)(F)F)ccc32)cc1,0.375260027,2.310369909,-10.2,-10.9,6.1005,476.1460105
O=[N+]([O-])c1cc2cn[nH]c2cc1Nc1nc2ccc(I)cn2n1,0.298864026,3.006416696,-8,-7.9,2.862,420.9784205
O=S(=O)(Cl)c1ccc2cc(Nc3c[nH]c4cc(Br)ccc34)ccc2c1,0.402465197,2.382051453,-8.6,-8.8,5.7547,433.9491384
CC(CNc1c[nH]c2nc[nH]c(=O)c12)c1ccc(S(C)(=O)=O)cc1,0.653536642,3.135815553,-8.1,-7.9,1.8703,346.1099614
Cc1c(Nc2cnc(N)cc2-c2ccccn2)cc(C)c2ncccc12,0.567763329,2.580054105,-9,-8.4,4.63444,341.1640456
O=c1cc(C(F)Nc2ccc(Oc3nncc4ccccc34)cc2)[nH]c2ccc(Cl)cc12,0.323667621,3.227249429,-10.5,-9.8,5.9972,446.0945817
O=c1cc(C(F)F)[nH]c2ccc(Nc3ccc(Oc4nncc5ccccc45)cc3)cc12,0.360468246,2.670150328,-10,-10,5.9448,430.1241322
O=C(Nc1ccc(-c2cccc(F)c2)c(F)c1)N1CCc2nnc(-c3ccncc3)cc2C1,0.479761711,2.531433353,-9.5,-9,5.074,443.1557667
O=C(Cc1cccc2ccncc12)Oc1cc2cn[nH]c2cc1Br,0.429357014,2.546798079,-8.6,-8.6,4.0217,381.0112887
Fc1cc2c(cc1NCc1ccc(Cn3cnc4ccccc43)cc1)CNCC2,0.531357888,2.401054725,-8.6,-8.5,4.4815,386.190675
Cc1[nH]nc2ncc(C(=O)Oc3cccc(-c4cnn(C)c4)c3)cc12,0.460104722,2.514574313,-8.9,-8.4,2.88602,333.1225747
Fc1cc2ccncc2cc1NCc1ccc(-c2cccnc2)cc1,0.569290691,2.129979719,-8.7,-8.9,5.048,329.1328257
O=Cc1cccc(Cl)c1C(F)(F)Nc1nccc(-c2cccc([N+](=O)[O-])c2)n1,0.277064933,2.82964719,-8.8,-8.4,4.6791,404.0487743
Cc1ccc2c(OC(=O)Cc3ccc4c(c3)NC(=O)C4)ccnc2c1,0.74806226,2.386408928,-9,-8.5,3.18592,332.1160924
N#Cc1cccc(C2(Nc3cnc4[nH]nc(N)c4c3)CC2)c1,0.687311645,2.963457423,-8.2,-7.9,2.51298,290.1279944
O=C1CCCc2c1[nH]c1cc(N3C(=O)CNc4cc(Br)cnc43)ccc21,0.636221875,2.980752566,-9.2,-8.9,3.9346,410.0378378
Cc1nccc(-c2cccc(NC(=O)N(C)Cc3ccc4cc[nH]c4c3)c2)n1,0.550612146,2.387655408,-9.4,-8.5,4.59722,371.1746103
N#Cc1ccc(-c2ccc3c(c2)N(c2ccc4nccc(Cl)c4c2)CCO3)cc1,0.418566719,2.399231256,-10.5,-9.5,5.95738,397.0981898
O=Cc1cccc2ccc(NNc3ccc4[nH]ncc4c3)nc12,0.397582709,2.694465565,-8.8,-8.1,3.3626,303.11201
Cc1[nH]nc2ncc(C(=O)NCc3cccc4[nH]ncc34)cc12,0.539274622,2.548269509,-9.1,-8.4,2.07262,306.1229091
O=C(NCc1ccc(-c2ccc3c(c2)CCCO3)cc1)N1c2ccccc2C=Cc2ccccc21,0.352373511,2.52722427,-11.1,-10.4,7.2103,458.1994281
O=C(Nc1cccc(Br)c1I)Nc1nccc2cnccc12,0.53813622,2.550569511,-8.2,-8,4.6409,467.908271
O=C(Nc1n[nH]c2cccc(I)c12)N1CCC(c2c[nH]c3ncccc23)CC1,0.365937559,2.779015987,-10.2,-9.1,4.4553,486.0665072
O=S(=O)(Nc1nc(-c2c[nH]c3ncccc23)cs1)c1cccc2cnccc12,0.468303712,2.536362141,-9.2,-8.7,4.0354,407.0510667
O=C1CN=C(c2ccccc2)c2cc(Br)ccc2N1c1cc2c(nn1)-c1ccccc1C2,0.342810523,2.750147994,-9.4,-10,5.326,480.0585733
O=[N+]([O-])c1cc(Br)c(Br)c(Nc2ccc(-c3cccc(O)c3)cc2)c1,0.354524183,2.288736511,-8.4,-8.6,6.236,461.9214664
N#Cc1ccc(-c2ccc3c(c2)N(c2ccc4cc(Cl)ncc4c2)CCO3)cc1,0.391552574,2.467035057,-10.2,-9.4,5.95738,397.0981898
N#Cc1ccc(-c2ccc3c(c2)N(c2cc4ccc(Cl)cc4cn2)CCO3)cc1,0.418566719,2.438381664,-10.4,-9.4,5.95738,397.0981898
O=c1[nH]c2cc(Nc3ccc4[nH]nc(Cl)c4c3)ccc2cc1CCl,0.470356863,2.641443506,-9,-8.5,4.5402,358.0388164
CC(NCC(=O)c1ccc2c(c1)Cc1ccccc1-2)c1ccc2[nH]ncc2c1,0.443999647,2.857712117,-8.5,-8.6,4.6676,367.1684623
Cc1cc2[nH]ncc2cc1Nc1cc(F)cc2c1C(=O)CO2,0.761106039,2.778494786,-8.2,-8,3.32912,297.0913548
O=C(Nc1cncc2c(Cl)cccc12)C(=O)N1C(=O)Cc2c(Br)cccc21,0.580483241,2.872119079,-8.9,-8.7,3.7051,442.967231
c1ccc2c(c1)ccc1sc(Nc3ccc4cnccc4c3)nc12,0.448987656,2.174834727,-9.3,-8.9,5.7413,327.0830184
Nc1cccc2c(NC(=O)C(=O)Nc3c[nH]nc3-c3ccccc3F)cccc12,0.317065491,2.571492169,-10.1,-8.8,3.5284,389.128803
O=c1[nH]nnc2c(N3CCc4oc(-c5ccccc5)cc4C3)cccc12,0.604540604,2.773894624,-9.6,-8.6,3.1408,344.1273258
O=C1NCCN(C(=O)Nc2ccc(Oc3nncc4ccccc34)cc2)c2ccccc21,0.512746504,2.470756178,-10.7,-9.8,4.204,425.1487895
COc1ccc(NC(=O)Nc2cc3cn[nH]c3cn2)c2ncccc12,0.533618191,2.467906663,-8.5,-8.1,3.1587,334.1178237
Clc1ccc2ccncc2c1Nc1cc(Br)c2cnccc2c1,0.464369478,2.525942069,-8.5,-8.4,5.9425,382.9824871
Cc1cc(CC(C)NC(=O)C(=O)Nc2n[nH]c3cccc(F)c23)n[nH]1,0.535708616,3.261234966,-8.3,-8.1,1.41942,344.139702
O=C(Nc1cccc2ccccc12)C(=O)Nc1ncnc2scc(-c3ccccc3)c12,0.395318871,2.255895251,-10.1,-9.2,5.0887,424.0993968
c1cc(NNc2nncc3ccccc23)c2ccncc2c1,0.563473405,2.384817763,-8.4,-8.2,3.617,287.1170954
Nc1cccc(-c2nc3cc(Nc4ccc(Cl)c5cnccc45)ccc3[nH]2)c1,0.344924426,2.425672273,-9.7,-9,5.7573,385.1094232
Nc1ccc(Cc2ccc3c(c2)CCN3c2cc3[nH]ncc3cc2Br)cc1,0.449472824,2.579027228,-8.9,-9.1,5.1926,418.0793087
C[C@H]1COc2c(F)c(NC(=S)c3cnc4ccccc4c3)cc3c(=O)c(C(=O)O)cn1c23,0.454456179,3.394318659,-10,-9.4,4.128,449.0845552
CN1CCN(c2ccc(Nc3cccc4ccc(C(=O)O)nc34)c3cnccc23)CC1,0.523727904,2.48289755,-9.3,-9,3.9766,413.185175
Cn1c(Cl)cnc1-c1csc(NC(=O)C(=O)Nc2cc(Cc3ccccc3)ccn2)n1,0.448742205,2.654291085,-9.4,-9.6,3.76,452.0822225
N#Cc1cccc(Oc2ccc(Nc3ccnc4[nH]ccc34)cc2)c1,0.555045407,2.250063294,-8.7,-9.1,4.97048,326.1167611
CCS(=O)(=O)c1ccc(C(=O)O)c(Nc2cc(-c3ncc[nH]3)ccn2)c1,0.607262024,2.576773009,-8.7,-7.8,2.7071,372.089226
OCCc1cnc2c(Nc3ccc(F)c4cnccc34)cnn2c1,0.603812218,2.769709288,-8.3,-8,2.695,323.1182383
O=C(O)c1cnc2ccnn2c1Nc1ccc2c(c1)Cc1ccccc1-2,0.522009135,2.507624024,-9.4,-9.6,3.7423,342.1116757
O=C(c1ccccc1NCc1ccc2cnccc2c1)c1cccc2ccccc12,0.36288091,2.079028397,-8.6,-9.7,6.2311,388.1575633
O=C(c1ccc(Nc2ncnc3ccccc23)cc1)N1CCc2c(c(=O)[nH]c3ccccc23)C1,0.427466,2.358872169,-10.7,-10.4,4.4134,447.1695249
Nc1cc(Cl)ccc1S(=O)(=O)Nc1ccc2c(c1)[nH]c1nc[nH]c(=O)c12,0.399124192,2.626746244,-9.2,-8.3,2.4408,389.0349379
Brc1ccc2c(Nc3ccc4[nH]cnc4c3)n[nH]c2c1,0.521843395,2.520708233,-8.3,-7.7,3.9453,327.0119574
O=C(Nc1cccc2[nH]c(=O)ccc12)C(=O)N1C(=O)Cc2cc(F)ccc21,0.641597106,2.587110577,-9.8,-8.8,1.7216,365.0811841
O=C(CCC(=O)c1ccc2c(c1)-c1ccccc1C2)NCc1ccc2cn[nH]c2c1,0.418219358,2.370875956,-8.7,-8.8,4.4134,395.1633769
O=C(c1cccc(Br)c1)c1cccc(Nc2cc3cccnc3cn2)c1,0.4651163,2.171193457,-9.9,-8.5,5.3669,403.0320242
O=C(c1cccc(F)c1)c1cccc(Nc2cc3cccnc3cn2)c1,0.54369605,2.136204591,-9.7,-9.2,4.7435,343.1120903
c1cc(Nc2cncc3ccsc23)c2cnccc2c1,0.582126262,2.515136565,-7.6,-7.7,4.5881,277.0673684
O=C(NC(=S)c1n[nH]c2ccccc12)C(=O)N1CC(c2ccccc2)Cc2ccccc21,0.367843405,3.17060526,-10.5,-8.4,3.7277,440.1306969
NS(=O)(=O)c1ccc(Nc2ccc3[nH]ncc3c2Cl)c2cnccc12,0.510057376,2.678427401,-8.4,-8.5,3.1555,373.0400233
O=C(Nc1ccc2[nH]ncc2c1Cl)C(=O)NS(=O)(=O)c1ccc(F)c2cnccc12,0.412596622,2.798783923,-9.7,-9.3,2.3472,447.0204307
Cc1cccc2c1CC(Nc1ccnc3cc(C(F)(F)F)ccc13)CO2,0.701694219,2.948961043,-9.5,-8.5,4.97762,358.1292978
Clc1cc2cnccc2cc1NCc1cccc2ccccc12,0.527418312,2.060049049,-8.4,-8.9,5.6535,318.0923762
O=C1Nc2ccc(S(=O)(=O)NNc3cccc4cnccc34)c3cccc1c23,0.464568735,2.602915237,-9.6,-8.8,3.2591,390.0786613
O=C(O)c1ccc(Nc2cccc3c(F)ccnc23)c2cnccc12,0.582355642,2.368510852,-8.8,-8.4,4.3639,333.0913548
O=C(Nc1cc2cc[nH]c2cn1)NS(=O)(=O)c1ccc(C(=O)CBr)cc1,0.418738091,2.545146876,-8.3,-7.9,2.6509,435.984088
Nc1cccc2c1N(C(=O)C(=O)Nc1ccncc1-c1ccncc1)CCNC2=O,0.439217703,2.802238791,-10,-9.1,1.4409,402.1440384
CC1CCc2c(sc3nc(S)n(-c4ccc(Nc5cnc6c(F)cccc6c5Cl)cc4)c(=O)c23)C1,0.19880389,3.385036364,-9.9,-9.6,6.945,522.0751092
Cc1cc(=O)oc2cc(OCC3CCN(C(=O)Nc4cncc5ccccc45)CC3)ccc12,0.450191307,2.473288161,-10.3,-9.8,4.97252,443.1845063
Clc1ccc(C(Cl)c2ccc(N3CC=C(c4cncc5ccccc45)CC3)cc2)cc1,0.302320717,2.936572624,-9.6,-9.2,7.5101,444.1160041
O=c1[nH]cc(Nc2ccc(-c3cccnc3)cc2)c2ccccc12,0.591531409,2.049442338,-8.6,-8.7,4.3337,313.1215121
Brc1ccc2ncccc2c1Nc1ncc2cccnc2n1,0.588998933,2.463152233,-8.5,-7.9,4.0791,351.0119574
O=C(Nc1cc(-c2cccnc2)ccn1)c1ccccc1Cc1nc2ccccc2c(=O)[nH]1,0.432156254,2.410272132,-9.8,-9.4,4.2232,433.1538748
O=C(CNc1ccc(C(=O)Nc2ccc3cn[nH]c3c2)cc1)c1ccc2ccccc2c1,0.326978775,2.193229173,-9.7,-9.7,5.2632,420.1586259
CS(=O)(=O)c1ccc(C(=O)CNc2cc(-c3ccc4ccccc4c3)[nH]n2)cc1,0.474384128,2.328729055,-9.1,-8.7,3.9282,405.1147125
O=C(Nc1n[nH]c2ccccc12)c1cnc2cc3c(cc2c1O)OCCO3,0.505831615,2.571247091,-9.3,-8.9,2.8402,362.1015049
Clc1ccc2ccncc2c1Nc1cc2c(nn1)-c1ccccc1CCC2,0.498852933,2.593355193,-9.5,-9.7,5.5775,372.1141742
O=S(=O)(Nc1n[nH]c2ccc(C(F)(F)F)cc12)c1cccc2cnccc12,0.553021234,2.498309363,-9.4,-8.6,3.9307,392.0554813
Fc1ccccc1-c1n[nH]cc1Nc1cnc2nccnc2c1,0.606882723,2.84882371,-8.6,-8.1,3.2976,306.1029226
O=C(O)c1cc2cc(Nc3ncc4c(n3)CCCCC4=O)cnc2[nH]1,0.62820372,2.751860852,-8.8,-9,2.7038,337.1174893
O=Cc1c[nH]c2nccc(NC3CC(c4ccc(F)c(Cl)c4)C3)c12,0.684343741,2.738892985,-8.2,-8.2,4.526,343.088768
Cc1cc(Nc2cc(=O)[nH]c3cnccc23)c2ccccc2c1,0.585086962,2.299160668,-9,-9.4,4.12832,301.1215121
O=C(Nc1cccc2[nH]ncc12)Nc1noc2cc(Br)ccc12,0.493456064,2.489061702,-9,-8.2,4.1106,371.0017867
CS(=O)c1ccc(CNC(=O)C(=O)Nc2cnc3[nH]ccc3c2)cc1,0.617108045,2.988363408,-8.3,-7.7,1.5552,356.0943114
N#CC(c1ccccc1)c1ccc(Nc2ccc3oc(C(=O)CBr)cc3c2)cc1,0.275202807,2.922475135,-9,-8.8,6.40948,444.0473399
Oc1ccc(-c2cccnc2)cc1N1CCc2ccc(F)cc21,0.76713161,2.244257569,-8.7,-8.3,4.2875,306.1168413
O=C(NCc1cc2ccc(Br)cc2[nH]1)c1cc2c(=O)[nH]c3ccccc3c2s1,0.36365502,2.549930622,-10,-9,4.9166,450.9990098
Ic1ccnc(Nc2nc(-c3ccccc3)nc3ccccc23)c1,0.468560889,2.182250355,-9.2,-8.2,5.04,424.0184944
O=C1Cc2c(cccc2N2C(=O)C(=O)c3cc([N+](=O)[O-])ccc32)N1,0.515834034,2.629287913,-8.5,-8,1.9504,323.0542204
O=C(c1ccc2c(c1)oc1ccccc12)N1CCc2c(ccc(F)c2F)C1,0.473448875,2.300354956,-11,-9.4,5.0627,363.1070852
c1cncc(-c2ccc(CNc3cccc4c3-c3ccccc3CO4)cc2)c1,0.487939588,2.194190512,-9.5,-8.6,5.9201,364.1575633
O=C(Nc1ncnc2[nH]ccc12)C(=O)NC1CCc2ccccc2OC1,0.604930034,3.059697135,-9.4,-8.6,1.4064,351.1331394
CC(OC(=O)c1cc2c(=O)[nH]c3ccccc3c2s1)C(=O)c1ccc2c(c1)CC(=O)N2,0.378180055,3.064788942,-9.2,-9.1,3.6656,432.0779926
Cc1ccc2[nH]c(C(=O)Oc3cnc4[nH]cc(Cc5ccccc5)c4c3)c(Cl)c2c1,0.363364085,2.553662892,-10.4,-9,5.81602,415.1087545
Cc1nc(NC(=O)c2ccc3c(=O)[nH][nH]c(=O)c3c2)c2cccn2n1,0.499618316,2.692651886,-9.5,-8.8,0.81982,336.0970882
Nc1c(Nc2n[nH]c3cccnc23)ccc2scnc12,0.491533689,2.790213057,-7.7,-6.9,2.8934,282.0687653
CCN(c1ccc2[nH]c(=O)[nH]c2c1)c1ccc2cc[nH]c2n1,0.543060101,2.850821674,-8.1,-7.8,2.8905,293.1276601
O=C(Nc1ccc(C2=CCCCC2)cn1)Nc1nnc2ccc([N+](=O)[O-])cn12,0.52614824,2.825629767,-9.6,-9.1,3.6339,379.1392874
NN(CC(=O)c1ccc2c(c1)-c1ccccc1C2)c1cccc2ccncc12,0.291857742,2.597082592,-9.4,-9.6,4.369,365.1528122
c1ccc2cc([C@@H]3C[C@H]3Nc3cccc4ccncc34)ccc2c1,0.551064486,2.875150695,-9.3,-9.4,5.356,310.1469986
Cc1cccc(C(=O)c2ccc(Nc3cncc4ccccc34)cc2)c1,0.498329555,1.944785157,-9.1,-8.8,5.51782,338.1419132
c1cc(NCCc2ccc3[nH]ccc3c2)c2cc[nH]c2n1,0.532083361,2.432522741,-7.7,-7.8,3.6988,276.1374965
CC1COc2c(NCCc3cnc4c(Cl)cnn4c3)c(F)cc3c(=O)c(C(=O)O)cn1c23,0.473282955,3.593354044,-9.6,-9.1,3.1429,457.0953099
CC1COc2c(F)c(NCCc3cnc4c(Cl)cnn4c3)cc3c(=O)c(C(=O)O)cn1c23,0.473282955,3.616738659,-9.1,-8.6,3.1429,457.0953099
N#Cc1ccc(Nc2ccnc3[nH]ncc23)cn1,0.709424156,2.662833133,-7.4,-6.8,1.96818,236.0810443
O=C(Nc1ccc2cnc(Cl)cc2c1)c1n[nH]c(=O)c2ccccc12,0.542401601,2.244370467,-9.2,-8.6,3.377,350.0570533
O=C(N[C@@H]1C[C@H]1c1cccc2ccccc12)N1CC=C(c2ncc(Cl)cn2)CC1,0.691471496,3.388583039,-10.1,-9.5,4.638,404.140389
CC(Cc1ccc2[nH]ncc2c1)Nc1ccc(Br)c2ccc(=O)[nH]c12,0.483120512,3.081154307,-8.5,-8.2,4.21,396.0585733
O=Cc1cc(Nc2cnc3c(O)cccc3c2)cc(-c2cccnc2)c1,0.532333206,2.458872809,-9.6,-9,4.5585,341.1164267
Fc1cc(Nc2ccccc2-c2ccc3ccccc3c2)c2occc2c1,0.372892704,2.25063,-9,-9.7,7.1357,353.1215924
NN(c1ccc2[nH]ncc2c1)c1c(Cl)ccc2ccncc12,0.43652775,2.81671254,-8.4,-7.8,3.7763,309.0781231
Clc1ccc2ccncc2c1NNc1ccc2[nH]ncc2c1,0.496118746,2.593706552,-8.4,-8.6,4.2035,309.0781231
CC#Cc1ccc2cc(N3c4ccccc4C=Cc4ccccc43)ccc2c1,0.287550323,2.535939148,-9.9,-8.9,7.1648,357.1517496
COc1cc(N2CCC(c3cccc4[nH]ccc34)CC2)c2cnccc2c1,0.553915599,2.436822693,-8.9,-9.3,5.1087,357.1841124
Cc1n[nH]c(-c2ccc(NC(=O)Nc3ccc(Cl)c4ncccc34)cc2)n1,0.484104113,2.415854956,-8.8,-8.7,4.62572,378.0995868
O=C(CN1CCc2n[nH]c(=O)cc2C1)c1ccc2c(c1)Cc1ccccc1-2,0.572510569,2.616117393,-9.7,-9.9,2.5821,357.1477268
C#Cc1ccc2c(NCc3ccc4cn[nH]c4c3)n[nH]c2c1,0.507233591,2.692872706,-9,-8.2,3.0326,287.1170954
CC(Nc1cc2cc[nH]c2cn1)c1ccc(S(C)(=O)=O)cc1,0.775379631,2.775221962,-8.1,-7.7,3.1395,315.1041478
O=C(Nc1ccc2cn[nH]c2n1)C(=O)Nc1cccc2cn[nH]c12,0.414927243,2.681317419,-8.8,-8.2,1.4114,321.0974226
Nc1n[nH]c2cccc(N3CCc4nnc(-c5ccncc5)cc4C3)c12,0.580520806,2.779116602,-9,-8.4,2.5598,343.1545435
C[C@H](Nc1c(Br)ccc2[nH]ncc12)c1cccc2cnccc12,0.53303001,3.007912419,-8.4,-8.3,5.0467,366.0480086
O=C(CNc1nc(-c2ccc3c(c2)Cc2ccccc2-3)cs1)c1c[nH]c2ncccc12,0.357313507,2.613730292,-9.2,-10,5.5524,422.1201322
C[C@@H](NC(=O)Nc1ccccc1-c1ccc2ccccc2c1)c1cccc2cnccc12,0.332776223,2.57775483,-9.9,-10.3,6.9377,417.1841124
C[C@@H](NC(=O)C(=O)Nc1ccccc1-c1ccc2ccccc2c1)c1cccc2cnccc12,0.33992064,2.685624023,-11.2,-9.6,5.8709,445.179027
NN(CC(=O)c1ccc2c(c1)Cc1ccccc1-2)c1cccc2cnccc12,0.291857742,2.543102854,-9.4,-9.2,4.369,365.1528122
O=C1Cc2cc(C(=O)CNc3ccc(N4C(=O)c5cccc6cccc(c56)C4=O)cc3)ccc2N1,0.33868764,2.485259074,-11.4,-10,4.4298,461.1375561
O=C1Cc2cc(Br)c(F)cc2N1c1ccc2c(c1)Cc1ccccc1-2,0.424591721,2.476393544,-9.5,-8.6,5.3802,393.0164544
O=C(Oc1cccc2[nH]ncc12)c1ccc(-c2cccc3cccnc23)cc1,0.360919914,2.191041465,-9.5,-10,4.9973,365.1164267
CC(Nc1ccc(Cl)c2ccncc12)c1ccc2[nH]ncc2c1,0.561559448,2.853596001,-8.9,-8.3,4.9376,322.0985242
O=C(Oc1ccc2[nH]c3c(C(=O)O)cc(F)cc3c(=O)c2c1)c1ccc(Nc2ncnc3ccccc23)cc1,0.155759604,2.576100205,-11,-10.9,5.4246,520.1182979
CC(NC(=O)C(=O)N1CCOc2ccc(-c3ccc(C#N)cc3)cc21)c1ccc2[nH]ncc2c1,0.461529382,3.144958104,-10.4,-9.2,3.70438,451.1644395
O=C1C(=O)N(c2cc3cnccc3cc2F)c2ccc(-c3ccccc3)cc21,0.472897043,2.361409254,-9.7,-9.5,4.9019,368.0961059
NC(c1ccc(NCc2ccc(-n3cnc4ccccc43)cc2)cc1)c1cccc2ccccc12,0.289673459,2.692783258,-9.8,-10.8,6.8389,454.2157468
O=C1Cc2ccc(C(F)(F)F)cc2N1c1cc2cc[nH]c2cn1,0.741899718,2.741593737,-9.1,-8.5,3.8025,317.0775966
O=C(NCc1ccc(-c2cccnc2)cc1)NCc1cccc2[nH]ncc12,0.510028711,2.180504423,-9.5,-8.5,3.6243,357.1589602
O=C1Cc2ccc(C(=O)NNc3cnn4cc(CCO)cnc34)cc2N1,0.496836386,2.852428259,-8.7,-7.9,0.5156,352.1283884
O=S(=O)(Nc1cc2cc[nH]c2cn1)c1ccc2c(c1)Cc1ccccc1-2,0.511123167,2.438325846,-9.9,-9.2,3.9349,361.0884977
O=S(=O)(Nc1ccc(F)c2ccncc12)c1ccc2c(c1)Cc1ccccc1-2,0.483798655,2.321115237,-9.6,-9.2,4.7459,390.0838269
Nc1ccc(Cc2ccc3c(c2)CCN3c2cccc3[nH]ncc23)cc1,0.542484207,2.373053865,-9.1,-9,4.4301,340.1687966
CC(C(=O)O)N(C(=O)NCc1ccc2cn[nH]c2c1)C(=O)c1ccc2[nH]ncc2c1,0.400128266,3.253541991,-9.1,-8.1,2.2643,406.1389531
CCc1cccc2c(C3=CCN(c4ccnc5[nH]ccc45)CC3)c[nH]c12,0.556147751,2.813705014,-8.7,-9.3,4.9003,342.1844467
C[C@H](Nc1c(Cl)ccc2ccncc12)c1cccc2cnccc12,0.529233948,2.795314776,-8.9,-8.7,5.6095,333.1032752
Clc1cnn2cc(CCNc3ccnc4[nH]ccc34)cnc12,0.607612629,2.825838387,-7.8,-7.4,2.9136,312.0890221
O=C1Cc2ccc(CC(=O)Oc3cccc(C(=O)CBr)c3)cc2N1,0.370138761,2.424475338,-8.4,-7.9,2.9069,387.01062
NCCc1cnc2c(N3C(=O)Cc4cc(S(N)(=O)=O)ccc43)cnn2c1,0.666245773,2.934496929,-8.6,-7.7,0.0987,372.1004594
O=C(Nc1cccc2c1NCCNC2=O)C(=O)N1C(=O)c2cccc3c(S(=O)(=O)Cl)ccc1c23,0.36233198,3.073573319,-10.7,-9.8,2.0481,498.0400829
O=C(Oc1cncc2ccsc12)c1ccc2c(c1)-c1ccccc1C2,0.41929307,2.480023585,-9.6,-9.4,5.0867,343.0666997
N#Cc1ccc(-c2ccc3c(c2)N(c2cc(Br)cc4cnccc24)CCO3)cc1,0.378410624,2.532015872,-10.1,-8.5,6.06648,441.0476742
CN(C(=O)NNc1cccc2ccncc12)c1ccc2cnccc2c1,0.5525791,2.565550137,-8.9,-8.8,3.9559,343.1433102
O=S(=O)(Nc1cc2[nH]ncc2cc1Br)c1ccc2c(c1)Cc1ccccc1-2,0.427323958,2.476820636,-9.2,-9.1,4.6974,438.9990098
O=C(Nc1ccc2cncc(F)c2c1)C(=O)N1CCc2nnc(-c3ccncc3)cc2C1,0.492939926,2.804639658,-10,-9.8,2.7493,428.139702
O=C(c1ccc(Nc2ccc(Oc3ccc4ccccc4c3)c(Cl)c2)cc1)c1cccc(Cl)c1,0.244657511,2.065485988,-10.4,-9.9,8.9135,483.0792842
O=C1CCc2cc(-c3csc(NC(=O)Nc4ccccc4-c4ccc5ccccc5c4)n3)ccc2N1,0.249927817,2.403293539,-10.8,-11.7,7.159,490.1463469
CN1CCN(c2ccc(NC(F)c3cc(=O)c4cc(Cl)ccc4[nH]3)c3cnccc23)CC1,0.4451596,3.316850098,-10,-9.3,4.5617,451.1575163
CN1CCN(c2ccc(Nc3ccc4[nH]c(C(F)F)cc(=O)c4c3)c3cnccc23)CC1,0.493933831,2.754052712,-9.3,-9,4.5093,435.1870668
CN(Cc1ccnc2[nH]ccc12)c1ccc2ccc(=O)[nH]c2c1Cl,0.598417986,2.799819426,-8.5,-8,3.6942,338.0934388
O=C(CCn1c(=O)[nH]c(=O)c2ccccc21)Nc1ccc(Nc2cnc3[nH]ccc3n2)cc1,0.319709145,2.546489603,-10.3,-9.5,2.7335,441.1549375
O=C(Nc1cccc2cccnc12)c1ccc(Nc2ccnc3cc(I)ccc23)cc1,0.272169161,2.228991109,-9.9,-9.6,6.3835,516.0447092
CC(c1ccc(-n2cnc3ccccc32)cc1)N(C)C(=O)Nc1ccc(N)c2ccncc12,0.370217262,2.972730189,-9.8,-9.4,5.3808,436.2011594
Cc1cccc(C(=O)c2ccc(Nc3cccc4cnccc34)cc2)c1,0.498329555,1.93421289,-9.2,-9.2,5.51782,338.1419132
CS(=O)(=O)c1ccc(C(=O)CNc2cnc3[nH]ccc3c2)cc1,0.700596571,2.35054214,-8,-7.8,2.2612,329.0834123
O=C(Nc1cncc(-c2cnc3[nH]ccc3c2)c1)C(=O)N1C(=O)NC2(CCCCCCCCCCC2)C1=O,0.333929,3.924284766,-10.8,-10.7,4.6853,516.2485035
O=C(Nc1cccc2cnccc12)c1ccc(-c2cccc(Cl)c2)cc1,0.501957337,1.820402971,-9,-9.1,5.8075,358.0872908
Cc1cc(-c2cccc(Cl)c2)ccc1NC(=O)NCc1ccc2cnccc2c1,0.428298705,2.061207779,-9.6,-9.5,6.18532,401.1294899
O=C(Nc1ccc2[nH]ncc2c1Cl)C(=O)N1CCN(C(=O)c2ccc3[nH]cnc3c2)CC1,0.4016644,2.731031977,-9.6,-9.3,2.0157,451.1159651
O=C(Oc1cnc(Cl)nc1-c1c[nH]c2ccccc12)c1cc(F)cc2ccncc12,0.322108549,2.710237428,-9.5,-8.5,5.1848,418.0632815
Cc1[nH]nc2ncc(C(=O)Oc3ccnc4[nH]cc(C=O)c34)cc12,0.441410239,2.95919869,-8.3,-8.1,2.17432,321.0861892
O=C(CBr)c1ccc(S(=O)(=O)Nc2ccnc3[nH]nc(Br)c23)cc1,0.43719382,2.738346007,-8,-7.5,3.0988,471.8840354
c1ccc(-c2ccnc(NC(c3ccccc3)c3ccc4[nH]cnc4c3)c2)cc1,0.405891087,2.732772767,-9.3,-8.8,5.8264,376.1687966
N#Cc1ccc2c(C(=O)Oc3cccc(-c4cn[nH]c4)c3)c[nH]c2c1,0.44315474,2.488209297,-9.2,-8.4,3.64888,328.0960256
O=C1c2cccc3c(S(=O)(=O)Cl)ccc(c23)N1c1cc(CBr)c2ncccc2c1,0.282522334,2.715775053,-9.3,-9.8,5.5023,485.944053
Cc1cc(=O)oc2cc(OCC3CCN(c4cccc(-c5cn[nH]c5)c4)CC3)ccc12,0.474811195,2.518483754,-9.8,-9.3,4.78692,415.1895917
Clc1cc2ccc(NNc3cccc4ncccc34)cc2cn1,0.417235468,2.316958325,-8.4,-8.6,4.8754,320.0828741
O=C1Cc2cccc(N3CCN(c4nccc5sccc45)CC3)c2N1,0.771450382,2.600159552,-8.9,-8.6,3.1175,350.1201322
O=C1Cc2cc(C(=O)C3CCN(c4cc5c(Cl)ccnc5cc4Cl)CC3)ccc2N1,0.573624328,2.606430026,-9.8,-9.1,5.1355,439.0854322
O=C1Cc2cc(C(=O)C3CCN(c4cc5nccc(Cl)c5cc4F)CC3)ccc2N1,0.62417906,2.584433961,-10,-9.3,4.6212,423.1149827
O=C(Oc1ccc2nc[nH]c(=O)c2c1)c1ccc2c(c1)-c1ccccc1C2,0.387390592,2.335483898,-10.2,-10.4,3.7135,354.1004423
CC(Cc1ccc2[nH]ncc2c1)NCCc1ccc2ccccc2c1,0.547444145,2.612105035,-7,-7.3,4.4794,329.1891977
Oc1ccnc2cc(OC(F)(F)NCc3ccc(-c4ccc5ccccc5c4)cc3)ccc12,0.233461821,2.583479026,-8.8,-8.6,6.4795,442.1492843
Cc1[nH]c2ccccc2c1C1=CCN(c2cc3cn[nH]c3cc2Br)CC1,0.466966531,2.830948113,-9.1,-9.1,5.40882,406.0793087
COC(=O)c1cc2[nH]ncc2cc1Nc1ccnc2c(C(F)(F)F)cccc12,0.500798383,2.598602676,-9,-8.8,4.6601,386.0990603
Clc1ncc2cccc(Nc3ccc4[nH]ncc4c3Cl)c2n1,0.52898924,2.654909415,-8.1,-8.8,4.5565,329.0235006
O=c1c2ccccc2nc(S)n1-c1ccc(Nc2ccccc2-c2ccc3ccccc3c2)cc1,0.210442623,2.354257901,-10.7,-10.2,7.2382,471.1405333
N#Cc1ccc2nc(OC(=O)c3cc4c(cn3)Cc3ccccc3-4)ccc2c1,0.437344588,2.584670021,-10.2,-10,4.29188,363.1007767
O=C(NNc1ccc2ccccc2c1)N(Cc1ccccc1)c1ccc2[nH]c(=O)[nH]c2c1,0.307370883,2.478174181,-10.4,-9.5,4.7527,423.1695249
Brc1ccc2ccccc2c1NCCc1ccc2[nH]ncc2c1,0.525528956,2.276633438,-8.6,-9,5.1332,365.0527596
CC(NC(=O)C(=O)Nc1ccc(F)c2ncccc12)c1ccc2[nH]ncc2c1,0.477857914,2.865405808,-9.6,-8.6,3.0661,377.128803
Cc1cccn2c(Nc3cc(C(=O)O)c4[nH]c5ccc(F)cc5c(=O)c4c3)c(-c3ccccc3)nc12,0.27467915,2.654122158,-10.8,-9.7,5.88532,478.1441187
NS(=O)(=O)c1ccc2cc(Nc3ccc(Oc4ccc5ccccc5c4)c(Cl)c3)ccc2c1,0.292250046,2.166539345,-9.9,-9.9,6.8297,474.0804911
Brc1ccc(NCc2ccc(-c3ccc4c(c3)CCCO4)cc2)c2ccncc12,0.384338829,2.335520557,-9.2,-9.3,6.6014,444.0837254
O=C(O)CCc1c(-c2ccccc2)[nH]c2ccc(Nc3ncc(Br)c4cc[nH]c34)cc12,0.234123052,2.684929857,-9.6,-8.6,6.2345,474.0691379
O=S(=O)(c1ccc(O)cc1)c1ccc(Nc2n[nH]c3nc(C(F)(F)F)ccc23)cc1,0.443056746,2.529934472,-10.1,-8.7,4.2587,434.0660459
C[C@H]1COc2c(F)c(F)cc3c(=O)c(C(=O)Oc4cc5c(=O)[nH]cnc5cc4F)cn1c23,0.377608011,3.495350898,-10.4,-10.7,2.8279,443.0729051
O=C1NC2(CCN(c3cccc(-c4cn[nH]c4)c3)CC2)Nc2ccccc21,0.656815813,3.124450379,-9.9,-9.7,3.2287,359.1746103
O=C(CNc1n[nH]c2ncc(Br)cc12)c1ccc2c(c1)Cc1ccccc1-2,0.418448123,2.596422554,-9.6,-9.6,4.5864,418.0429232
O=C(Nc1ccc2c(c1)CCC(=O)N2CC1CCCC1)C(=O)Nc1n[nH]c2nc(Br)ccc12,0.364055654,2.860877321,-9.7,-9.9,3.767,510.1015007
O=C1NC2(CN(c3c[nH]c4nc[nH]c(=O)c34)C2)Nc2ccccc21,0.525556395,3.598848249,-8.6,-8.6,0.623,322.1178237
Clc1ccc(-c2cnc(Nc3nc(-c4ccc(-c5ccccc5)cc4)cs3)o2)cc1,0.313402654,2.206300999,-9.6,-9.5,7.5291,429.0702608
O=C1CCc2cc(NCc3ccc(-c4ccc5ccccc5c4)cc3)c(S(=O)(=O)Cl)cc21,0.360534596,2.426258565,-10.2,-9.6,6.1753,461.0852422
NN(c1ccc2[nH]ncc2c1)c1ccc(S(=O)(=O)Cl)c2ccncc12,0.324639558,2.998679189,-8.6,-8.5,3.0504,373.0400233
Fc1c(Nc2cc(Cc3ccccc3)ccn2)ccc2ncccc12,0.565640553,2.157821714,-9.1,-8.6,5.1033,329.1328257
Nc1c[nH]c2cccc(Nc3ccc4[nH]ncc4c3Cl)c12,0.450756941,2.735942233,-7.9,-8.3,4.0234,297.0781231
Nc1ccc2[nH]ncc2c1Nc1c[nH]c2cccc(F)c12,0.424262793,2.742602006,-8,-7.8,3.5091,281.1076736
Cc1sc2ncnc(N3CCC(C(=O)N4CCc5ccc(-c6ccccc6)cc5C4)CC3)c2c1C,0.371610274,2.487542117,-10.4,-10.4,5.77644,482.2140326
Cn1cc(C(=O)Oc2ccc3c(c2)[nH]c2nc[nH]c(=O)c23)c(-c2coc3ccccc23)n1,0.329086465,2.922144373,-9,-8.8,3.7703,425.112404
NC(CNc1cc(-c2cccnc2)ccn1)c1cccc2ccccc12,0.564763113,2.686565128,-9,-7.8,4.4087,340.1687966
Cc1ccc2ncccc2c1S(=O)(=O)NC1(c2c(F)cc3c(=O)c(C(=O)O)cn4c3c2OC[C@@H]4C)CC1,0.409019273,3.658400016,-9.9,-10,3.61642,523.1213346
O=C1CNC(=O)c2cc(N3CC=C(c4c[nH]c5ccccc45)CC3)ccc2N1,0.646737605,2.73610473,-10,-9.3,3.1435,372.1586259
Nc1ccc2cc(S(=O)(=O)NC(=O)N3CC=C(c4c[nH]c5ncccc45)CC3)ccc2c1,0.415245873,2.728259736,-10,-10,3.4859,447.1365105
Cc1nc2cc(Br)cc(OC(=O)c3cc(F)cc4c(=O)c5cc(F)ccc5[nH]c34)c2c(=O)[nH]1,0.20622687,2.861373152,-11.4,-9.9,4.48612,510.9979244
N#Cc1ccc(-c2ccc3c(c2)N(c2ccc4cccc(C(=O)O)c4c2)CCO3)cc1,0.478859444,2.337599088,-10.3,-9.4,5.60718,406.1317424
Clc1cc2ccc(Nc3ccc(Br)c4ncccc34)cc2cn1,0.434399239,2.336683745,-8.6,-8.6,5.9425,382.9824871
CC(Nc1ccccc1-c1ccc2ccccc2c1)c1nc2ccccc2c(=O)[nH]1,0.399947494,2.642416964,-9.4,-8.9,5.9164,391.1684623
O=[N+]([O-])c1cnc(Nc2ccc(-c3ccccn3)cn2)c(-c2ccccc2)c1,0.398824824,2.292757638,-9.8,-8.8,4.8574,369.1225747
Cn1cc(-c2ncccc2NC(=O)C(=O)N2CCc3cc(-c4cccc(F)c4)ccc32)cn1,0.490471154,2.618611896,-9.8,-10.2,3.816,441.1601031
Clc1ncnc2[nH]c3cc(Nc4cccc(-c5nc6ccccc6o5)c4)ccc3c12,0.333095437,2.498347499,-10.4,-10.3,6.3163,411.0886877
Cc1ccc(C(=O)Cc2ccc(Nc3cccc4cnncc34)cc2)cc1,0.506785688,2.15250084,-9.3,-8.7,5.10722,353.1528122
O=c1c2ccccc2ncn1C1CCN(c2cc3cn[nH]c3cc2Br)CC1,0.530637877,2.561626643,-8.8,-9,3.8768,423.0694723
Nc1c(N(N)c2ccc3cn[nH]c3n2)ccc2ccncc12,0.296232254,3.144935617,-8.5,-7.8,2.1001,291.1232434
Nc1c(NNc2ccc3cn[nH]c3n2)ccc2ccncc12,0.341364914,2.920938032,-8.1,-7.8,2.5273,291.1232434
Cc1nccc(-c2ccc(NC(=O)Nc3nc(-c4ccc5ccccc5c4)cs3)cc2)n1,0.34217901,2.217887111,-10.6,-9.8,6.37272,437.1310312
Cc1ccc2c(Nc3cc(Cl)cc4ccncc34)nccc2c1,0.53070304,2.266516811,-8.9,-8.4,5.48842,319.0876251
N#Cc1cccc(Oc2ccc(NC(=O)Nc3cc4cn[nH]c4cn3)cc2)c1,0.496107914,2.396973586,-9.6,-9.5,4.26588,370.1178237
Cc1cc(N)ncc1S(=O)(=O)NC(=O)Nc1n[nH]c2ccc([N+](=O)[O-])cc12,0.377774734,2.781529288,-9.2,-8.6,1.26712,391.0698875
Cc1cccc(-c2ccc(CNC(=O)c3ccc4c(=O)[nH]c(C)nc4c3)cc2)c1,0.556201982,2.113139435,-9.5,-9.6,4.13694,383.1633769
O[C@@H]1CCC(Nc2ccc3[nH]ncc3n2)CC[C@@H]1O,0.606547808,3.576455085,-7.3,-7.8,1.0342,262.1429758
O=C(Nc1cc2cccnc2c2ncccc12)C(=O)Nc1cccc2cccc(O)c12,0.299688117,2.430808319,-10.4,-9.4,4.219,408.1222404
c1cncc(-c2ccnc(NCc3ccc4ncccc4c3)c2)c1,0.610058376,2.100123189,-9,-8.6,4.3039,312.1374965
Cc1cc(C)c2ccc(NC(=O)C(=O)N3CCc4[nH]c5c(C(=O)O)cccc5c4C3)nc2c1,0.410767793,2.704058415,-10.7,-9.5,3.55454,442.1641052
O=C1Cc2cc(Br)c(N3CC=C(c4c[nH]c5cc(F)ccc45)CC3)cc2N1,0.615282634,2.897724187,-9,-9.2,4.8578,425.0539025
N#Cc1ccc(Nc2cc3c(=O)[nH]cnc3cc2F)c2ccncc12,0.587926304,2.737910852,-9,-9,3.22568,331.0869382
Clc1c(Nc2c(Br)ccc3ccncc23)ccc2[nH]ncc12,0.503032124,2.698611338,-8,-8.3,5.2706,371.9777361
C[C@H]1COc2c(F)c(F)cc3c(=O)c(C(=O)NC(=O)c4c(F)cccc4F)cn1c23,0.510772038,3.20060731,-10.6,-9.8,3.0815,420.0733197
C[C@H]1COc2c(F)c(NC(=O)c3c(F)cccc3F)cc3c(=O)c(C(=O)O)cn1c23,0.680229026,3.175363408,-10,-9.1,3.3227,418.0776562
O=C1CCc2c(Nc3nc(-c4ccccc4)c4ccccc4n3)cccc21,0.553165366,2.175737885,-9.8,-9.5,5.1693,351.1371622
NN(C(=O)c1ccc2c(c1)NC(=O)C2)c1ccnc2[nH]nc(Br)c12,0.351852043,3.192189591,-8.4,-8.6,1.7355,386.0126857
O=C(Nc1cc(-c2cccnc2)n[nH]1)N1CCc2c(-c3ccccc3)cccc21,0.538564205,2.55995705,-9.8,-9.9,4.7333,381.1589602
NCCN(c1cc(F)c2cn[nH]c2c1)c1cccc2ccccc12,0.598378593,2.627040496,-8.3,-8.4,3.952,320.1437248
COC(=O)c1cc2[nH]ncc2cc1NC(=O)N1CCCc2cc(-c3ccccc3)ccc21,0.451399235,2.44487936,-10.1,-8.8,5.0012,426.1691906
COC(=O)c1cc2[nH]ncc2cc1NC(=O)C(=O)N1CCCc2cc(-c3ccccc3)ccc21,0.360524448,2.57971092,-10.2,-9.3,3.9344,454.1641052
O=C(NCc1ccc2c(c1)CCCN2)Nc1cccc2cnccc12,0.681020827,2.25757764,-9,-8.7,3.9146,332.1637113
NCc1ccc2c(c1)CCCN2C(=O)Nc1cccc2cnccc12,0.751836348,2.266541858,-9.3,-8.7,3.6782,332.1637113
O=C(Nc1cccc(-c2ccc3ccccc3c2)n1)c1ccc2ccccc2c1O,0.396321125,2.059680501,-10.7,-10.1,6.0129,390.1368278
Cc1cncc2cccc(S(=O)(=O)Nc3nccc(-c4cccc([N+](=O)[O-])c4)n3)c12,0.384121739,2.552000549,-9.4,-8.6,3.70922,421.084475
O=C(Oc1cccc(-c2cn[nH]c2)c1)c1ccc(-c2cccc3cccnc23)o1,0.345781565,2.467038088,-9.6,-8.9,5.1041,381.1113413
O=[N+]([O-])c1ccc(S(=O)(=O)Nc2cnc3[nH]cc(Cc4ccccc4)c3c2)c2ncccc12,0.28559815,2.57758647,-9.8,-9.2,4.4109,459.100125
O=C(Nc1ccc2cn[nH]c(=O)c2c1)C(=O)NC1(c2ccc3ccccc3c2)CC1,0.461729972,2.539838076,-9.6,-9.5,2.8203,398.1378904
O=C(Cc1ccc2[nH]ncc2c1)Oc1cc2ccncc2cc1Br,0.429357014,2.525888408,-8.8,-8,4.0217,381.0112887
O=C(Cc1ccc2[nH]ncc2c1)Oc1cc2cnccc2cc1Cl,0.454334789,2.470897419,-8.4,-8.2,3.9126,337.0618043
Nc1ccccc1Nc1cccc(Nc2ccc(Oc3ccc4ccccc4c3)c(Cl)c2)c1,0.226844445,2.119894019,-10.1,-10,8.3549,451.14514
Fc1ccc(NCCc2ccc3[nH]ncc3c2)c2cnccc12,0.600927563,2.387968732,-8.1,-8.1,3.9048,306.1280747
N#Cc1cc(CBr)cc(Nc2n[nH]c3ccc(C(F)(F)F)cc23)c1,0.607470401,2.648784124,-9.1,-8.4,5.09188,394.0040931
COCC(Nc1cnc2[nH]cc(Cc3ccccc3)c2c1)c1ccc2[nH]ccc2c1,0.343395545,3.050036914,-8.7,-8.8,5.4346,396.1950114
O=C1CCc2ccc(S(=O)(=O)N3C(=O)c4cccc5cccc3c45)cc21,0.700201257,2.469629282,-10.4,-9.9,3.3178,363.0565289
CC1CN(c2ccc3c(c2)NC(=O)C3)Cc2c[nH]nc21,0.831582995,3.65566502,-8.1,-8.1,2.028,268.1324111
O=C(c1ccc2c(c1)CC(=O)N2c1ccnc2[nH]ncc12)C1CCNCC1,0.699047542,2.859028007,-9.6,-9.2,2.361,361.1538748
O=C(CNc1cc(-c2cccnc2)ccn1)c1c[nH]c2ncccc12,0.548831552,2.472945207,-8.5,-8.1,3.3147,329.1276601
CC(Cc1ccc2[nH]ncc2c1)NC(=O)Nc1cnc(-c2cccc(F)c2)nc1,0.481375881,2.882261948,-9,-8.7,3.9117,390.1604374
CC(Cc1ccc2[nH]ncc2c1)Nc1cccc(-c2ncc(N)cn2)c1,0.513834262,2.924305435,-8.1,-8.8,3.6452,344.1749446
Cc1cccc(C(=O)c2cccc(N3CCOc4cnc(Br)cc43)c2)c1,0.455353444,2.470831951,-9.4,-8.6,4.91402,408.0473399
O=C1Cc2c(Br)cccc2N1C(=O)Nc1n[nH]c2ccc([N+](=O)[O-])cc12,0.490301514,2.872805675,-9.7,-9.3,3.3548,414.9916159
NCc1ccc2ccc(Nc3c(N)cnc4ccccc34)cc2c1,0.530146066,2.189379397,-8.8,-8.2,4.1725,314.1531466
O=C(Nc1ccc2c3c(cccc13)CC2)Nc1ccc(Br)c2cccnc12,0.42641139,2.319366273,-10.3,-9.5,5.8931,417.0476742
CN(c1ccc2cnccc2c1)c1ccc(F)c2cc(C(=O)O)cnc12,0.595335917,2.544800799,-9.2,-8.7,4.3882,347.1070049
O=C1CNc2cc(Nc3ccc(Cc4nnc5ccccn45)cc3)c(F)cc2N1,0.497877295,2.694012614,-9.8,-8.9,3.5668,388.1447874
Clc1ncnc2[nH]c3ccc(Nc4ncccc4-c4ccccc4)cc3c12,0.406711185,2.416365,-9.6,-9.4,5.5701,371.0937731
Fc1cc(I)cc(Nc2cc(Cc3ccccc3)ccn2)c1,0.60811592,2.160093309,-8.3,-8.4,5.1597,404.0185747
Cc1cc(Nc2ccc(Cl)cc2-c2cccc3ccccc23)c2ccccc2c1,0.324314358,2.037551799,-9.3,-9.3,8.36542,393.1284273
Cc1c(NCCNc2ccc(C#N)cn2)cnc2[nH]ccc12,0.629016215,2.705307251,-6.8,-6.4,2.662,292.1436445
Nc1ccc(C(=O)N(c2cccc(-c3cn[nH]c3)c2)c2ccc3cn[nH]c3c2)cc1,0.390066659,2.675749382,-9.1,-9.7,4.5137,394.1542092
O=C1Cc2ccc(C(=O)NNc3cc4cn[nH]c4cc3Cl)cc2N1,0.549858077,2.638419426,-8.6,-8.4,2.4678,341.0679523
Brc1ccc2ccncc2c1Nc1nc(-c2c[nH]c3ncccc23)cs1,0.389177451,2.705516203,-8.8,-8.9,5.7407,420.9996785
Nc1ccc(NC(=O)NC(=NO)c2ccc(-c3ccccc3)cc2)c2ccncc12,0.134529323,2.477171645,-9.6,-8.8,4.4415,397.1538748
O=S(=O)(Nc1n[nH]c2cc(O)ccc12)c1ccc2c(c1)Cc1ccccc1-2,0.447285894,2.437534838,-10,-9.9,3.6405,377.0834123
Cc1n[nH]c2ccc(C(=O)N3CCN(c4nsc5ccccc45)CC3)cc12,0.581131724,2.444216517,-9.5,-8.7,3.44342,377.1310312
O=C1Cc2cc(C3CCCCC3)ccc2N1C(=O)Nc1cc(-c2ccc3ccccc3c2)[nH]n1,0.379105202,2.707309246,-10.6,-10.9,6.3988,450.2055761
CCc1cccc2c(C3=CCN(c4cc5cn[nH]c5cc4Br)CC3)c[nH]c12,0.448362348,2.920301619,-8.8,-8.7,5.6628,420.0949588
O=C1CCc2cc(S(=O)(=O)Cl)ccc2N1c1ccc(-c2cccc(O)c2)cn1,0.654443695,2.46543773,-9.2,-8.8,3.9926,414.0441056
O=S(=O)(F)c1ccc2c(Nc3ccc4nccc(Cl)c4c3)cccc2c1,0.47591134,2.326355269,-9.2,-9.4,5.4432,386.0292045
O=C(O)Cc1ccc2c(c1)N(C(=O)Nc1cc3cccnc3c3ncccc13)C(=O)C2,0.497961898,2.695750203,-10.2,-10,3.5313,412.117155
O=C1Cc2cc(S(=O)(=O)NC(=O)N3CC=C(c4c[nH]c5ccccc45)CC3)ccc2N1,0.586154113,2.720962649,-10.9,-9.9,2.8501,436.1205261
O=C(Nc1cc2cn[nH]c2cn1)N1c2ccccc2Sc2cc(O)ccc21,0.455382186,2.77608604,-9.4,-9.1,4.4983,375.0789957
c1ccc2c(NNc3ccnc4c3ccc3cccnc34)nncc2c1,0.379844308,2.542770318,-9.9,-8.9,4.1652,338.1279944
Nc1n[nH]c2cc(C(=O)OS(=O)(=O)c3ccc4[nH]c(=O)[nH]c4c3)ccc12,0.386712856,2.792843188,-9,-8.6,0.8604,373.0480895
O=C(c1ccc2c(=O)[nH][nH]c(=O)c2c1)N1CCC2(CC1)NC(=O)N(C(=O)c1ccc3ccccc3c1)C2=O,0.27533775,3.313380063,-12,-12.3,1.7366,511.1491834
O=C1Nc2ccc(S(=O)(=O)Nc3ccc(Oc4ccc5ccccc5c4)c(Cl)c3)c3cccc1c23,0.277561395,2.406292128,-11,-10.4,6.8052,500.0597557
Nc1ccc2c(c1)C(=O)N(c1cnc3[nH]cc(Cc4ccccc4)c3c1)CC2,0.537985049,2.496432873,-9.5,-10.1,3.9388,368.1637113
Cn1c(=O)cc(C(=O)OS(=O)(=O)c2ccc3oc4ccccc4c3c2)c2ccccc21,0.399478818,2.50117748,-9.4,-9,3.9836,433.0620082
Cc1cccc(-c2nccc(NS(=O)(=O)c3ccc4c(c3)Cc3ccccc3-4)n2)n1,0.475945906,2.448904802,-10.8,-10.2,4.21902,414.1150468
O=c1[nH]cnc2c(C(F)(F)Nc3cc(-c4cccc(Cl)c4)n[nH]3)cccc12,0.459472983,3.062932755,-9.4,-9,4.128,387.0698441
Cc1cccc2c(O)c(C(=O)Nc3n[nH]c4ncc(Br)cc34)cnc12,0.479356778,2.653841702,-8.9,-9.2,3.53492,397.0174367
O=C1c2ccccc2NCCN1c1ccc2c(c1)Cc1ccccc1-2,0.564519908,2.260724833,-9.9,-9.7,4.3301,326.1419132
O=C(OC(F)(F)Oc1ccc2c(c1)CCCN2)c1cc2c(cn1)Cc1ccccc1-2,0.388411298,2.916701088,-8.9,-9,4.797,408.1285489
O=C(Oc1ccc2cc(Cl)ncc2c1)c1ccc2c(c1)-c1ccccc1C2,0.227540446,2.274448649,-10.4,-10.3,5.6786,371.0713064
N#Cc1cc(Nc2ccc(C(Cl)c3ccc(Cl)cc3)cc2)ncc1Cl,0.531024748,2.80382928,-8.8,-8.2,6.33188,387.0096804
O=C(Nc1ccc2[nH]c(-c3ccccc3)nc2c1)c1cc(F)cc2ccncc12,0.452217013,2.247560487,-10.2,-9.4,5.1695,382.1229893
CN(Cc1ccc2ccccc2c1)c1cncc2ccsc12,0.524123385,2.391916967,-8.1,-8.2,5.0859,304.1034195
O=C1c2cccc3cccc(c23)N1c1cccc2c(Br)csc12,0.390245447,2.530484434,-9.3,-8.9,6.1089,378.966647
Cc1n[nH]c2cc(NC(=O)C(=O)Nc3cc(Br)c4cn[nH]c4c3)ccc12,0.378178622,2.689332192,-9.1,-8.1,3.08732,412.0283358
C[C@H](Nc1ccc(F)c2[nH]c(=O)ccc12)c1cccc2ccccc12,0.554770109,2.637729307,-9.2,-8.8,4.9935,332.1324914
C[C@H](Nc1ccc(Br)c2ccc(=O)[nH]c12)c1cccc2ccccc12,0.474817792,2.716727384,-9.2,-8.5,5.6169,392.0524253
Nc1ccnc2c1CN(c1ccc3c(C4=CCNCC4)c[nH]c3c1)CC2,0.66748741,3.004208311,-9.6,-9.3,3.0845,345.1953457
O=C1C=CC(=O)N1c1ccc(F)c(N2CCC(c3c[nH]c4ncccc34)CC2)c1,0.695100849,2.694679207,-9.9,-9.4,3.5154,390.1492041
C1=C(c2c[nH]c3ncccc23)CCN(c2ncnc3sc4c(c23)CCCC4)C1,0.539675335,2.821226775,-9.4,-9.4,4.7401,387.1517667
c1cc(CNc2cccc3[nH]ncc23)c2ccncc2c1,0.598325983,2.205865598,-7.7,-8,3.7232,274.1218464
O=C1Cc2cc(C(=O)C3CCN(C(=O)c4n[nH]c5ccccc5c4=O)CC3)ccc2N1,0.635628391,2.557234214,-10.9,-9.7,2.1528,416.1484551
CC1CNc2ccccc2N1C(=O)Nc1n[nH]c2nc(Br)ccc12,0.557543287,3.372834872,-9.3,-8.6,3.5729,386.0490712
Cc1[nH]c2ccccc2c1C1=CCN(C(=O)C(=O)Nc2ccc3nccnc3c2Cl)CC1,0.449199602,2.851799033,-9.8,-9.6,4.32732,445.1305526
O=C(NCc1ccc2cn[nH]c2c1)C(=O)Nc1c(Cl)ccc2ccncc12,0.476219486,2.501676258,-9.3,-8.7,3.0194,379.0836024
ON=C(Nc1cc(F)c2nc(Cl)ncc2c1)c1cccc2ccccc12,0.175262905,2.634419643,-9.8,-8.8,4.8234,366.0683669
ON=C(Nc1cc(F)cc2cnc(Cl)nc12)c1cccc2ccccc12,0.175262905,2.67194272,-10,-9,4.8234,366.0683669
O=C(c1cncc2c(F)cccc12)N1CCc2ccc(C3CC3)cc2C1,0.686758289,2.389761797,-9.8,-9.2,4.4498,346.1481414
CC(C)(O)c1ccc2c(c1)N(c1cc(Br)c3cnccc3c1)CC2,0.682628474,2.664272397,-9,-9.4,4.9189,382.0680753
O=C([O-])c1ccc2c(c1)N(C(F)(F)Oc1cccc3c(O)ccnc13)C(=O)C2,0.68758779,3.364534764,-9.5,-9.2,1.8223,385.0641515
O=C(Nc1cncc(-c2cnc3[nH]ccc3c2)c1)N1CCN(C(=O)C(F)(F)F)c2cncnc21,0.465612548,3.170820109,-10.9,-9.2,3.3623,468.1270064
O=C(N1CCNc2ncncc21)C(F)(F)Nc1cncc(-c2cnc3[nH]ccc3c2)c1,0.433731676,3.41787755,-10.2,-9.8,2.8783,422.1415136
O=C(Nc1cncc(-c2cnc3[nH]ccc3c2)c1)C(=O)N1CCN(C(=O)C(F)(F)F)c2cncnc21,0.406437635,3.285985616,-11,-9.6,2.2955,496.121921
Cn1ncc2cccc(NC(=O)C(=O)Nc3cc4cc[nH]c4cn3)c21,0.487786644,2.691516621,-8.7,-7.7,2.0268,334.1178237
O=C1NCCc2c(Nc3cc4cnccc4cc3Br)cccc21,0.718339508,2.587416926,-8.6,-8.8,4.0268,367.0320242
O=C1CN=C(c2ccccc2)c2cc(Br)ccc2N1C(=O)Nc1ccc(Cl)cc1-c1cccc2ccccc12,0.228224367,2.652801836,-10.2,-8.5,8.3388,593.0505667
Cc1cc2ccccc2nc1N(N)C(=O)c1ccccc1-c1cccc2ccccc12,0.232304305,2.355266781,-10.1,-9.8,5.88392,403.1684623
Brc1cccc2c(Nc3cccc4cnsc34)n[nH]c12,0.554674184,2.891254778,-8,-7.8,4.6787,343.9731294
O=C1Cc2cc(C(F)(F)Nc3nccc4cc(Br)ccc34)ccc2N1,0.625169602,2.871953728,-9.1,-8.6,4.6533,403.0131805
O=Cc1ccccc1Cc1ccc(Nc2cnn(-c3cccnc3)n2)cc1,0.53256022,2.574434423,-9,-8.8,3.8092,355.1433102
O=C1Cc2ccc(N3C(=O)CNc4cc(C(=O)O)cnc43)cc2N1,0.768969752,2.834582125,-8.6,-8.6,1.3646,324.0858549
O=C1Cc2ccc(OC(=O)c3cnc4c(c3)NCC(=O)N4)cc2N1,0.564779547,2.856506383,-8.9,-8.9,1.1594,324.0858549
CN(C(=O)NCc1cccc2c1NC(=O)C2)c1ccc2cnccc2c1,0.765277949,2.666042413,-8.8,-9,3.0754,346.1429758
O=S(=O)(c1ccc(F)c2cnccc12)N1CC=C(c2cncc3ccccc23)CC1,0.493800834,2.662210372,-9.8,-9.7,4.4001,419.110376
O=C(Nc1cccc2c1CCNC2)N(c1ccccc1)c1cc2cc[nH]c2cn1,0.484844344,2.744799984,-9,-8.6,4.5788,383.1746103
N#Cc1ccc(CCNC(=O)Nc2n[nH]c3ccc([N+](=O)[O-])cc23)cc1,0.479761925,2.344697681,-9.1,-7.8,2.70698,350.1127383
N#Cc1ccc(Nc2cc3ccccc3cc2N)cc1-c1ccncc1,0.510440609,2.263059044,-9.5,-8.7,5.09928,336.1374965
c1ccc2c(c1)oc1c(Nc3ccncc3-c3ccncc3)ncnc12,0.518449908,2.477693395,-8.5,-8.2,4.5766,339.11201
O=C(O)c1ccc(N(c2cccc(-c3cn[nH]c3)c2)c2ncnc3ccccc23)cc1,0.416392785,2.482634388,-9.2,-9,5.1879,407.1382248
Cc1nc2ccc(C(=O)N3CCOc4ccc(CNC(=O)CCC(=O)c5ccc6c(c5)-c5ccccc5C6)cc43)nc2c(=O)[nH]1,0.257877976,3.022649908,-13.4,-12.8,4.51622,599.216869
O=C1Cc2ccc(C(=O)NNC(=O)c3cccc(Nc4nc5ccccc5c(=O)[nH]4)c3)cc2N1,0.299141102,2.532721595,-11.1,-10.2,2.2361,454.1389531
c1ccc(-c2ccncc2Nc2ccncc2-c2cccnc2)cc1,0.576907873,2.217370005,-8.6,-8,4.9492,324.1374965
COc1ccc2ccccc2c1Nc1ccc2cnc(C(F)(F)F)cc2c1,0.470249212,2.345259628,-9.4,-8.9,6.159,368.1136478
CC(Nc1cccc2c1-c1ccccc1CO2)c1ccc2[nH]c(=O)[nH]c2c1,0.502220615,2.955105761,-9.9,-10.3,4.5887,357.1477268
N[C@@H]1C[C@H]1c1cccc(F)c1Nc1n[nH]c2cc(O)ccc12,0.598494234,3.387908866,-8,-8.1,2.9658,298.1229893
O=C(Nc1cc(Oc2ccccc2)ccc1O)C(=O)Nc1n[nH]c2cc(F)ccc12,0.304052073,2.33590033,-9.9,-9.2,3.7771,406.1077332
CC(C)(C)c1cc(Nc2ccnc3[nH]ncc23)c2ncccc2c1,0.569094914,2.580719092,-9.2,-8.4,4.5472,317.1640456
O=S(=O)(Cl)c1ccc2cc(Nc3nsc4c(Br)cccc34)ccc2c1,0.393322212,2.595003349,-9.1,-8.4,5.8831,451.9055593
O=C(NNc1cccc2cnccc12)Nc1c(O)ccc2[nH]ccc12,0.292053847,2.547950709,-9,-8.9,3.5703,333.1225747
O=C(c1ccc(O)cc1)c1ccc(Nc2ccc(Nc3ncccn3)cc2)cc1,0.411235173,2.016196143,-9.6,-8.6,4.9004,382.1429758
C[C@H](NC(=O)NCCc1ccc2[nH]ncc2c1)c1cccc2cnccc12,0.507846871,2.798558341,-9,-8,3.714,359.1746103
NS(=O)(=O)c1ccc2c(c1)CC(=O)N2c1cc2cnccc2cc1F,0.761060674,2.568232994,-8.9,-9.2,2.2421,357.0583405
O=c1[nH]cnc2cc(Nc3nnc(-c4ccc5ccccc5c4)o3)c(Cl)cc12,0.470467847,2.542006982,-10.2,-9.7,4.5233,389.0679523
Fc1cnc2cc(N3CCCc4c3cnn4-c3ccccc3)cnc2c1,0.550053737,2.604664055,-9.2,-8.7,4.0389,345.1389737
N#Cc1ccc(-c2ccc3c(c2)N(C(=O)C(=O)NNc2ccc4cn[nH]c4n2)CCO3)cc1,0.329264061,2.955340565,-10.2,-10.1,2.36528,439.1392874
O=C(Nc1ccc(N2C(=O)c3cccc4cccc(c34)C2=O)cc1)C(=O)Nc1cccc(-c2ccc3ccccc3c2)n1,0.190096512,2.522541838,-12.1,-11.5,6.4328,562.1641052
Fc1cc(Nc2cccnc2Nc2ccccc2)c2ccncc2c1,0.53599052,2.219264958,-7.9,-8.4,5.2561,330.1280747
Cc1ncccc1Oc1ccc(Nc2ncnc3c2ccc2ccccc23)cn1,0.420565022,2.397261523,-10.1,-9.6,5.41732,379.1433102
Clc1c(Nc2c(Br)ccc3ccccc23)ccc2[nH]ncc12,0.461392318,2.45311903,-8.4,-8.4,5.8756,370.9824871
O=C1Cc2cccc(Br)c2N1c1ccc2c(c1)-c1ccccc1C2,0.444912655,2.460894562,-9.5,-9.3,5.2411,375.0258762
O=C(O)c1cc(F)cc2c(=O)c3cc(N4CC=C(c5cncc6ccccc56)CC4)ccc3[nH]c12,0.350471276,2.827264558,-10.5,-10,5.3605,465.1488697
O=Cc1ccc2cc(N3CCCC(c4c[nH]c5ncccc45)C3)ccc2n1,0.555817854,3.036259033,-9.6,-9.2,4.3076,356.1637113
O=C(Cc1cccc2ccncc12)Oc1cc2[nH]ncc2cc1Cl,0.454334789,2.505057859,-8.5,-9.1,3.9126,337.0618043
O=C(Oc1cccc2[nH]ncc12)c1cccc2ccncc12,0.453769441,2.292216138,-8.3,-8.4,3.3303,289.0851266
O=C(Nc1nnc(-c2ccc3ccccc3c2)o1)C(=O)N1CCCc2cc(-c3ccccc3)ccc21,0.350213305,2.490776413,-10.8,-11.5,5.4747,474.1691906
CC1C(=O)N(c2ccc3c(c2)Cc2ccccc2-3)C(=O)c2ccccc21,0.477219262,2.702030407,-10.4,-9,4.5483,339.1259288
NNc1cccnc1Nc1n[nH]c2ccc(C(F)(F)F)cc12,0.440851222,2.602713183,-8.2,-7.8,3.0059,308.099729
Cn1cc(-c2cncc(N3CCC(c4cccc5[nH]ccc45)CC3)c2)cn1,0.593028911,2.546269616,-8.9,-9.2,4.3474,357.1953457
Clc1cnc(N2CC3(CCCCC3)Cc3ccccc32)nc1-c1c[nH]c2ccccc12,0.376389269,3.207684534,-10.4,-10.9,6.923,428.1767745
Clc1ncc(N2CC3(CCCCC3)Cc3ccccc32)c(-c2c[nH]c3ccccc23)n1,0.352097241,3.27844139,-9.8,-9.3,6.923,428.1767745
CCCCCc1ccc(C(=O)CCC(=O)Nc2n[nH]c3nc(C(F)(F)F)ccc23)cc1,0.354276935,2.491873465,-8.8,-7.9,5.311,432.1773106
Cc1cc(Nc2ccc3cnccc3c2)ccc1NCc1cccc(C#N)c1,0.471773479,2.198843567,-8.9,-8.1,5.7706,364.1687966
Nc1nccc2c1CN(C(=O)Nc1ccc3c(c1)CC(=O)N3)CC2,0.744027486,2.579326449,-8.7,-8.5,1.7486,323.1382248
COC(=O)c1cc2[nH]ncc2cc1NC(=O)Nc1nc(-c2ccc(C(C)(C)C)cc2)cs1,0.36078909,2.51093405,-9.2,-8.7,5.4145,449.1521606
Fc1cc(NCc2cccc3[nH]ccc23)cc2cnccc12,0.584531848,2.342403121,-8.2,-8.1,4.4673,291.1171757
N#Cc1ccc2nc(Nc3cc(O)c4ccccc4c3)ccc2c1,0.56232694,2.220560936,-9.5,-9.3,4.70888,311.105862
O=C(NCCc1ccc2ccccc2c1)Nc1ccc2c(c1)Cc1ccccc1-2,0.40914149,2.024936836,-10,-9.8,5.7752,378.1732133
Clc1ccc2[nH]c(-c3cccc(Nc4ccc(Br)c5ccncc45)c3)nc2c1,0.313602929,2.382806607,-10.1,-8.9,6.9376,448.0090362
Cc1sc(NC(=O)N2CCc3oc4ccccc4c3C2)nc1-c1c[nH]c2ncccc12,0.396965461,2.786776569,-10.1,-9.5,5.33122,429.1259458
Cc1cc(C)n(-c2ccc(Nc3ccc4c(c3)-c3ccccc3C4)cc2)n1,0.444797112,2.143386916,-9.8,-9.4,5.80394,351.1735477
Cc1cccc(-c2cc(Cl)ccc2NC(=O)NCc2ccc3cccnc3c2)c1,0.428298705,2.078299537,-9.9,-9.1,6.18532,401.1294899
Fc1cc2[nH]cc(C3=CCN(Cc4oc5ccccc5c4Br)CC3)c2cc1F,0.406437106,2.837993869,-9.7,-9.1,6.2441,442.0492317
CC(C)(CNC(=O)Nc1cc2ccccc2cn1)c1ccc2ccccc2c1,0.499839554,2.22027934,-10,-9.5,5.4873,369.1841124
O=C(Nc1cccc2cccc(F)c12)C(=O)N1CCCC(c2c[nH]c3ncccc23)C1,0.480945969,3.022676005,-10.5,-9.3,4.1999,416.1648541
Nc1n[nH]c2cc(C(=O)Oc3ccc(F)c4c(Cl)ccnc34)ccc12,0.421591339,2.566177997,-9,-8.9,3.705,356.0476315
Nc1n[nH]c2cc(C(=O)Oc3ccnc4c(F)ccc(F)c34)ccc12,0.546640037,2.572870954,-9,-8.4,3.1907,340.077182
CC(Cc1ccc2[nH]ncc2c1)N(C)C(=O)C(=O)Nc1n[nH]c2cccc(I)c12,0.294707677,3.46050833,-9.4,-8.7,3.0719,502.0614218
c1cc2ccc(CNCc3ccc4[nH]nnc4c3)cc2cn1,0.606035884,2.525295385,-8.2,-7.7,2.7959,289.1327455
COc1cc(Nc2cc3cc[nH]c3cc2C)c2ccncc2c1,0.572568177,2.394723929,-8,-8.2,4.77672,303.1371622
O=C1C(=O)N(c2c(Br)ccc3[nH]ncc23)c2ccc(-c3ccccc3)cc21,0.473459065,2.530664423,-9.4,-9.2,4.8534,417.0112887
N[C@@H]1COC[C@H]1NC(=O)NCc1ccc(-c2ccc3c(c2)CCO3)cc1,0.782563877,3.114927543,-8.6,-8.3,1.8138,353.1739416
O=C(Nc1cc(-c2cccnc2)ccn1)C(=O)NS(=O)(=O)c1cc2c(cc1Cl)CCC2,0.582583803,2.613005627,-9.7,-9.1,2.7293,456.0659037
CC(Nc1cc2c(nn1)-c1ccccc1C2=O)c1ccc(S(C)(=O)=O)cc1,0.585372119,2.826490166,-9.6,-9.3,3.2646,379.0990624
O=C(Oc1cccc(-c2cn[nH]c2)c1)c1cc2[nH]nnc2cc1F,0.44619579,2.824664672,-8.8,-8.7,2.7063,323.0818528
c1ccc2c(c1)CCN2c1ccccc1Nc1ccc2cn[nH]c2n1,0.585583385,2.432563236,-9.1,-8.6,4.3957,327.1483955
C#Cc1ccc(CNc2c[nH]c3nc[nH]c(=O)c23)cc1,0.631935385,2.754167254,-7.9,-7.8,1.8446,264.101111
Clc1ccc(C(Nc2cncc3c(Cl)cccc23)c2cccc3ccccc23)cc1,0.314152236,2.707734621,-9.5,-9.7,7.8963,428.0847039
NN(c1cccc2cnccc12)c1nncc2ccccc12,0.452761776,2.644747736,-9.1,-8,3.1898,287.1170954
O=C(Nc1cccc(-c2nc3cc(Cl)ccc3[nH]2)c1)Nc1ccc(Cl)c2cnccc12,0.28627633,2.367892934,-10,-9.7,6.7289,447.0653655
Nc1ccc(Cc2ccc3c(c2)CCN3c2cc3cn[nH]c3cc2Cl)cc1,0.491260467,2.493391395,-9.1,-8.7,5.0835,374.1298243
Cc1cc2[nH]ncc2cc1Nc1ccc(C=O)c(O)c1Cl,0.643212104,2.710115328,-7.5,-7.4,3.78642,301.0618043
Brc1ccc(Nc2nc(-c3ccc4c(c3)Cc3ccccc3-4)cs2)c2cccnc12,0.292234959,2.439520014,-9.9,-9.2,7.4356,469.0248306
CCOc1ccc2cc(Nc3cc(Br)c4ccncc4c3)ccc2c1,0.44231833,2.227342069,-8.6,-8.8,6.2928,392.0524253
Cn1c(Cl)cnc1-c1csc(NC(=O)Nc2cc(Cc3ccccc3)ccn2)n1,0.480317268,2.58182646,-8.9,-9,4.8268,424.0873078
Cc1cc(CC(=O)NNc2ccc3c(c2)CC(=O)N3)[nH]n1,0.627123327,2.82672439,-7.8,-7.8,0.89852,285.1225747
O=C1Cc2ccc(CC(=O)Oc3cc(I)ccn3)cc2N1,0.641265292,2.717215159,-8,-7.5,2.3289,393.9814402
O=[N+]([O-])c1cccc(-c2n[nH]c(NC3CC=C(c4ccc(F)cc4)CC3)n2)c1,0.500019696,3.129177282,-9.3,-9,4.567,379.144453
O=C(CNc1nccc(-c2cnccn2)n1)c1ccc2c(c1)Cc1ccccc1-2,0.467969542,2.528133437,-10,-9.9,3.7996,379.1433102
O=C(O)c1ccc2c(c1)CCN2c1cc(F)c2ccncc2c1,0.782810725,2.364511102,-8.7,-8.8,3.7663,308.0961059
Nc1ccc(C(=O)N(C(=O)C(=O)NCc2ccc3cnccc3c2)c2ccc3cn[nH]c3c2)cc1,0.276258539,2.789645517,-10.2,-10.1,3.1831,464.1596885
Fc1ccc(N2CCN(c3cccc4[nH]ccc34)CC2)c2ccncc12,0.59126406,2.342621098,-9.2,-9.4,4.1818,346.1593748
Cc1cccc(C(NC(=O)Nc2cc(F)cc(F)c2Br)c2cccc(C)c2)c1,0.457932186,2.370324113,-9.4,-8.5,6.25524,444.0648818
N[C@@H]1CC[C@H](Nc2ncc([N+](=O)[O-])cc2-c2ccccc2)C1,0.668211358,3.03815938,-7.7,-7.9,2.9485,298.1429758
C=Cc1c(F)cccc1Nc1cccc(-c2ccnc(C)n2)c1,0.738582534,2.370309703,-8,-8.2,4.97772,305.1328257
Cc1[nH]c2ncnc(NC(=O)N(C)[C@H]3CC[C@H](O)CC3)c2c1C,0.792168732,2.864670302,-8.2,-8.3,2.34194,317.185175
O=Cc1ccccc1Oc1cc(Cl)cc(Nc2cccc3c(=O)[nH]ccc23)c1,0.439357122,2.377841733,-9.4,-8.7,5.5299,390.07712
N#Cc1ccc(-c2ccc3c(c2)N(CC(=O)c2ccc4c(c2)Cc2ccccc2-4)CCO3)cc1,0.32635384,2.467898169,-10.8,-10.6,5.87818,442.1681279
C[C@H](Nc1cc(-c2ccccc2)ccn1)c1ccncc1Cl,0.739064619,2.549185803,-8.2,-7.7,4.9701,309.1032752
Cc1ccc2ncc(NC(=O)C(=O)Nc3ncc(Br)cc3-c3cccnc3)cc2c1,0.441874265,2.509392637,-9.7,-8.8,4.33992,461.0487369
c1ccc2c(c1)ncn2-c1ccc(Nc2cncc3ccncc23)cn1,0.536087089,2.47745375,-8.6,-8.7,4.1073,338.1279944
Cn1ccc2cc(CNC(=O)C(=O)Nc3cc(-c4cccc([N+](=O)[O-])c4)n[nH]3)ccc21,0.260160642,2.686143214,-9.3,-9.3,2.7315,418.1389531
C1=C(c2ccncc2)CCN(Cc2ccc3nn[nH]c3c2)C1,0.805704781,2.759719161,-7.8,-8.2,2.6422,291.1483955
Fc1cc(F)cc(C2(Nc3cc(I)ccn3)CC2)c1,0.822366645,2.891985373,-7.2,-7.2,4.0656,371.9935028
O=C(CBr)c1cccc(Nc2ccc(F)c3cnccc23)c1,0.542632425,2.264567313,-7.8,-7.7,4.6951,358.0117033
Brc1ccc2ccnc(Nc3cc4c(cc3Br)OCCN4)c2c1,0.573377111,2.633549417,-8.5,-8.7,5.3077,432.9425362
O=c1[nH]c2ccc(N3CCc4[nH]c5ccc(Cl)cc5c4C3)cc2[nH]1,0.496557767,2.517220716,-9.4,-9.4,3.5536,338.0934388
Cc1cc2[nH]ncc2cc1NC(=O)NCc1ccc2[nH]nnc2c1,0.464187847,2.699701156,-8.9,-8.4,2.46432,321.1338081
Cc1nccc(-c2ccc(Nc3ccnc4c3CNCC4)cc2)n1,0.776317883,2.545039088,-8.5,-8.5,3.23632,317.1640456
Cc1sc(NC(=O)C(=O)Nc2n[nH]c3cnc(Br)cc23)nc1-c1c[nH]c2ncccc12,0.221763408,3.049065156,-9.8,-9.4,3.60582,496.0065548
O=C(NCc1cc2cnccc2[nH]1)C(=O)Nc1cc(Br)c2cn[nH]c2c1,0.386376907,2.770676874,-9,-8.1,2.4566,412.0283358
N#Cc1cccc(C(Nc2cncc3c(F)cccc23)C(F)(F)F)c1,0.682616244,3.050490571,-9.1,-8.3,4.96108,345.0889102
O=C(CCC(=O)c1ccc2c(c1)-c1ccccc1C2)NCc1ccc2cnccc2c1,0.399914774,2.282709621,-8.5,-8.8,5.0853,406.1681279
N#CC(c1ccccc1)c1ccc(Nc2ccc(C(N)=S)c(Cl)c2)cc1,0.586275995,2.660946074,-8.1,-7.9,5.37328,377.0753462
FC(F)(Nc1cc(-c2ccccn2)c(Br)cn1)c1cc2cc(Br)ccc2cn1,0.326870616,2.990107737,-9.6,-8.7,6.3782,503.939677
c1ccc(-c2cc3c(o2)CN(c2ccc4c(c2)CCN4)CC3)cc1,0.755537296,2.557938573,-8.9,-8.8,4.4773,316.1575633
[N-]=[N+]=Nc1ccc2c(c1)N(c1cnc3[nH]ccc3c1)CC2,0.432105271,3.022475134,-8.2,-8,4.1989,276.1123444
CC(Nc1ccnc2[nH]cc(C=O)c12)c1ccc2c(c1)CCCO2,0.715823936,3.135704666,-8.2,-8.5,3.8735,321.1477268
NS(=O)(=O)c1ccc2c(c1)CC(=O)N2c1ccc2[nH]nc(O)c2c1,0.641665234,2.702064951,-8.6,-8.8,1.1367,344.0579259
O=C1CN(c2ccc(Br)c3ccc(=O)[nH]c23)c2ncc(Br)cc2N1,0.595147539,2.947259275,-8.3,-8.3,3.5383,447.9170498
O=C1CCOc2c(Nc3nccc4c([N+](=O)[O-])cccc34)cc(Br)cc21,0.496841997,2.721114729,-9.1,-8.2,4.6143,413.001118
O=C(NCc1ccc(-c2ccc3c(c2)CCCO3)cc1)Nc1ccc2[nH]c(=O)sc2c1,0.429607593,2.390994152,-9.7,-9.5,4.9033,431.1303625
O=c1cc(CNc2nccc3ccc([N+](=O)[O-])cc23)c2ccccc2[nH]1,0.43422083,2.319290413,-9.4,-8.5,3.5966,346.1065903
Cc1cc2c(Nc3ccc(-c4ccc(C=O)cc4)cc3)cccc2cn1,0.480557215,2.104553376,-8.7,-9.4,5.76632,338.1419132
Brc1csc2c1CN(Cc1ccc3ccncc3c1)CC2,0.663954537,2.543121288,-8.1,-7.6,4.6171,358.0139316
COC(=O)c1cccc2c3c([nH]c12)CCN(Cc1ccc2ccncc2c1)C3,0.551901106,2.445882592,-9.1,-9.2,4.061,371.1633769
COc1cc2[nH]ncc2cc1Nc1ccc[nH]c1=O,0.668999717,2.522704888,-7.1,-7.1,2.0034,256.0960256
N#Cc1ccc(NCCNC(=O)Nc2cc(-c3cc(F)cc(Br)c3)[nH]n2)nc1,0.434471286,2.704248699,-8.4,-7.6,3.47858,443.0505484
C[C@@H](Nc1cc(Br)cc2[nH]ncc12)c1cccc2cnccc12,0.53303001,2.939427689,-8.4,-8.4,5.0467,366.0480086
c1cnc2c(N3Cc4cn[nH]c4C3)n[nH]c2c1,0.653559696,3.104488301,-7.2,-7.1,1.2012,226.0966943
O=c1[nH]cnc2[nH]cc(N3CCc4c(Br)cccc43)c12,0.720581145,2.988475212,-7.7,-7.9,2.7079,330.0116231
CC(C)(NC(=O)Nc1c[nH]c2cccc(F)c12)c1ccc2ccccc2c1,0.442226496,2.415055033,-10,-9.4,5.517,361.1590405
Cc1cc2c(C(=O)N3CCC4(CC3)C(=O)NC(=O)N4C(=O)c3cc4c(s3)-c3ccccc3CC4)cccc2[nH]1,0.362223744,3.475927863,-11,-9.5,4.67042,538.1674763
O=C(CNc1cccc2[nH]c(=O)ccc12)c1ccc2c(c1)Cc1ccccc1-2,0.463713194,2.306428183,-9.3,-8.8,4.3941,366.1368278
O=C(Nc1ccc2[nH]c(=O)[nH]c2c1)C(=O)N1C(=O)c2ccccc2C2(CC2)C1=O,0.421802196,3.185726967,-10.1,-9.1,1.0355,390.0964195
O=C(NCCc1ccc2ncccc2c1)Nc1cnccc1-c1ccccc1,0.538264951,2.088229602,-8.5,-8.5,4.661,368.1637113
Nc1ccc2scnc2c1Nc1n[nH]c2cccnc12,0.491533689,2.878708755,-8.2,-7.1,2.8934,282.0687653
O=C(Nc1cccc(Br)c1I)c1ccc(F)c2ccncc12,0.535713252,2.434598543,-8.4,-7.7,4.9933,469.8927012
O=C(Cc1ccc2cccnc2c1)Oc1ccc2[nH]c3ncnc(Cl)c3c2c1,0.280159275,2.547099665,-9,-9.4,4.4608,388.0727033
O=C(c1c[nH]c2ncccc12)C(Cl)(Cl)Nc1n[nH]c2nccnc12,0.292320672,3.352000028,-8.7,-8.1,2.6554,361.0245633
COc1ccc2c(Nc3nccc4ncccc34)n[nH]c2c1,0.605667698,2.299829393,-8.1,-8.1,3.2583,291.11201
FC(F)(F)Oc1ccc2c(c1)CCN2c1cc(-c2ccccc2)ccn1,0.633227049,2.22304672,-8.9,-8.6,5.3414,356.1136478
CN(c1ccc2cnccc2c1)c1cccc2[nH]c(=O)[nH]c12,0.595706841,2.589397636,-8.9,-8.3,3.1723,290.1167611
N#Cc1cncc(CNC(=O)Nc2nc(-c3c[nH]c4ncccc34)cs2)c1,0.505586159,2.611839107,-8.7,-8,3.27478,375.090229
CS(=O)(=O)c1ccc2c(c1)N(c1cccc(C(=O)c3cccc(F)c3)c1)CCC2,0.593702242,2.224317642,-9.7,-10,4.5445,409.1147927
O=C1Cc2ccc(CC(=O)OCC(=O)c3ccc4c(c3)-c3ccccc3C4)cc2N1,0.411521193,2.434135571,-8.5,-8.8,3.721,397.1314081
O=Cc1cc(Cl)cc(Nc2cccc3[nH]ncc23)c1Cl,0.703941759,2.648680168,-7.4,-7.5,4.4258,305.0122673
Brc1c(NNc2ccc3[nH]ncc3c2)ccc2ccncc12,0.479804378,2.677805961,-8.1,-8.3,4.3126,353.0276075
Cc1n[nH]c(-c2ccc(Nc3ccc(N)c4cccnc34)cc2)n1,0.501644045,2.503333024,-8.4,-8.2,3.65412,316.1436445
O=C(Oc1cnc2[nH][nH]c(=O)c2c1)c1ccc2c(c1)CCCO2,0.703317421,2.656616696,-8.9,-8.4,1.7954,311.0906059
O=C1CCCc2cc(S(=O)(=O)Cl)ccc2N1c1cnc2[nH]ccc2c1,0.694762272,2.685576697,-9.4,-8.5,3.4914,375.04444
O=C(O)c1cccc(N(c2nc3ccccc3c(=O)[nH]2)c2ccc(Cl)c3ccncc23)c1,0.391906866,2.707618431,-10,-9.3,5.2927,442.083268
C#Cc1ccc2c(NC(=O)NC(C)(C)c3ccc(C#N)cc3)n[nH]c2c1,0.635651668,2.752505359,-9.1,-8.7,3.47268,343.1433102
Cc1ccc2cccnc2c1C(=O)Nc1ccc(Br)c2cccnc12,0.516124797,2.277843544,-9,-8.8,5.10622,391.0320242
c1ccc(-c2cc(Nc3nc4ccccc4n4cccc34)sn2)nc1,0.513517182,2.655414313,-8.7,-8.5,4.7496,343.0891664
O=S(=O)(Nc1ccnc2[nH]ccc12)c1cccc2cnccc12,0.606344411,2.401822666,-8.4,-8.2,2.9119,324.0680966
N[C@H]1CCC[C@H]1NC(=O)Nc1ccc(Oc2ccc3ccccc3c2)c(Cl)c1,0.561543849,2.826488256,-9,-9,5.2868,395.1400546
Nc1ccc(Oc2ccc3ccccc3c2)c(N[C@@H]2CCC[C@@H]2N)c1,0.614396379,2.897201003,-8.2,-8.4,4.506,333.1841124
O=C(OS(=O)(=O)c1ccc(F)c2cnccc12)c1cc2c(cn1)Cc1ccccc1-2,0.411833987,2.843835213,-9.9,-8.9,3.8858,420.0580061
O=C(Oc1cc(-c2ncc[nH]2)ccn1)c1ccc(Nc2ncnc3ccccc23)cc1,0.415820203,2.496247182,-9.6,-8.9,4.3777,408.1334738
O=C(CN1CCc2c(-c3ccccc3)cccc21)c1ccc2c(c1)Cc1ccccc1-2,0.335697935,2.269442667,-9.5,-9.1,6.1702,401.1779644
O=C(COC(=O)c1ccc2c(c1)-c1ccccc1C2)c1ccc2ccccc2c1,0.308440071,2.03899017,-8.5,-8.8,5.4507,378.1255944
Fc1cccc(N(c2cc(F)c3ccccc3c2)c2ncc(Br)cn2)c1,0.404865016,2.486234413,-8.8,-8.3,6.1403,411.0182659
O=S(=O)(Nc1cccc(-c2cn[nH]c2)c1)c1cccc2cnccc12,0.590164445,2.325169887,-9,-8.3,3.4257,350.0837467
C[C@H]1COc2c(C3(N)CC3)c(N(C(=O)c3ccc(N)cc3)c3ccc4cn[nH]c4c3)cc3c(=O)c(C(=O)O)cn1c23,0.237665143,3.804073773,-9.6,-8,4.0379,550.1964679
N[C@H]1CC[C@@H](NC(=O)N2CCC(c3c[nH]c4ncccc34)CC2)C1,0.790952032,3.240549486,-9,-8.3,2.3317,327.2059104
N[C@@H]1CC[C@H](NC(=O)N2CCC(c3c[nH]c4ncccc34)CC2)C1,0.790952032,3.240549486,-8.8,-8.3,2.3317,327.2059104
O=C(NCc1ccc2cn[nH]c2c1)C(=O)N1C(=O)c2cccc3cccc1c23,0.530197497,2.577585322,-10.1,-9.7,2.5193,370.1065903
Cn1cc(C2=C(c3cccc(NC(=O)C(=O)N4C(=O)Cc5cc(CCCC(=O)O)ccc54)c3)C(=O)NC2=O)c2ccccc21,0.220568586,3.049988599,-10.8,-9.8,3.2072,590.1801492
O=S(=O)(Nc1ccc(Br)c2cnccc12)c1ccc2c(c1)Cc1ccccc1-2,0.401415803,2.364862246,-9.3,-9.4,5.3693,450.0037608
Nc1cccc2cc(S(=O)(=O)N3CCc4cc(-c5cccc(F)c5)ccc43)ccc12,0.477454033,2.263579936,-9.8,-10.2,4.9795,418.1151271
O=C1Cc2cc(CNc3ccc4cn[nH]c4c3)ccc2N1,0.689555825,2.370106896,-8.5,-8.2,2.6696,278.1167611
NCc1ccc2c(c1)CC(=O)N2c1ccc2cn[nH]c2c1,0.754564294,2.487133658,-8.5,-7.8,2.2424,278.1167611
C[C@@H](NC(=O)NCc1ccc2[nH]c(=O)[nH]c2c1)c1ccc2ccccc2c1,0.448112531,2.615460394,-9.8,-9.7,3.5698,360.1586259
O=C(CN1C(=O)Cc2cc(S(=O)(=O)Cl)ccc21)c1ccc2c(c1)Cc1ccccc1-2,0.357672911,2.481978105,-9.8,-10,3.9573,437.0488567
CC1COc2c(F)c(F)cc3c(=O)c(C(=O)N4C(=O)Cc5cc(C(F)(F)F)ccc54)cn1c23,0.403760055,3.489796424,-9.9,-9.7,3.9814,464.079548
Clc1ccc2cnccc2c1NCc1cccc2cnccc12,0.574016609,2.270254026,-8.1,-8.2,5.0485,319.0876251
O=C(Oc1c[nH]c2nc[nH]c(=O)c12)c1ccc(-c2cnc3c(c2)CCC3)cc1,0.538508909,2.718113173,-9.8,-9.4,3.0211,372.1222404
O=C(Oc1ccc(Cl)c2ccncc12)c1ccc(F)c2cnccc12,0.384077071,2.415405082,-8.9,-8.5,4.7947,352.0414835
N#Cc1ccc2c(c1)N(C(=O)Nc1cc(I)ccn1)C(=O)C2,0.741122807,2.868854126,-8.7,-7.7,2.67908,403.9770235
O=C(Nc1nc(-c2cccc3ccccc23)cs1)C(=O)N(c1cccc(C(=O)O)c1)c1nc2ccccc2c(=O)[nH]1,0.245296142,2.849275926,-11.2,-9.9,5.2014,561.1106897
NN(c1ccc2sncc2c1)c1cccc2ccncc12,0.4501,2.99413295,-8.3,-7.6,3.8563,292.0782674
CN(Cc1ccnc2[nH]ccc12)c1c(Br)ccc2ccc(=O)[nH]c12,0.565707047,2.860126449,-8.4,-7.9,3.8033,382.0429232
O=C(Oc1ccc2c(c1)Cc1ccccc1-2)c1cnc2cc3c(cc2c1O)OCCO3,0.340390657,2.590915876,-10.3,-10.3,4.502,411.1106726
O=S(=O)(Nc1nc(-c2ccc3c(c2)Cc2ccccc2-3)cs1)c1ccc2cc(Cl)ccc2c1,0.290688679,2.362112199,-9.8,-10.2,6.9887,488.0419975
O=C(Oc1cccc2c(Br)cncc12)c1ccc2oc3ccccc3c2c1,0.256235397,2.323052155,-9.6,-9.5,6.1159,417.0000553
CC(Cc1ccc2[nH]ncc2c1)NC(=O)Nc1sc2c(c1C#N)-c1ccccc1CC2,0.427071691,3.203819082,-9.5,-9.4,5.01438,427.1466813
O=C(CNc1cccc(-c2ccc3ccccc3c2)n1)c1c[nH]c2ccccc12,0.387587332,2.222207498,-9,-9.2,5.6779,377.1528122
Fc1ccc2c(C3=CCN(c4cc(-n5c(S)nnc5-c5ccc(Cl)cc5Cl)ccc4F)CC3)c[nH]c2c1,0.225325341,2.962468207,-10.7,-9.7,7.583,553.0706284
O=c1[nH]c2cc(F)ccc2cc1CNC(=NO)c1ccc(-c2ccccc2)cc1,0.21191524,2.386262724,-9.8,-9,4.2598,387.138305
C[C@H](NC(=O)Nc1ccc2[nH]c(-c3ccccc3)nc2c1)c1cccc2cnccc12,0.359374952,2.692947265,-10.1,-9.7,5.6608,407.1746103
N#Cc1cc(Nc2ccc(Oc3nncc4ccccc34)cc2)c2ccccc2c1,0.39734483,2.345042572,-10,-10,6.19058,388.1324111
Brc1ccc(NCc2cc3cnccc3[nH]2)c2ccncc12,0.570792592,2.57424099,-7.9,-8.1,4.4857,352.0323585
Fc1ccc(NCc2cc3cnccc3[nH]2)c2cnccc12,0.602566613,2.519725487,-8.2,-8.1,3.8623,292.1124246
O[C@@H]1CCC(Nc2cc(F)c3nc(Cl)ncc3c2)CC[C@@H]1O,0.583864528,3.567064735,-8.1,-7.8,2.4986,325.0993327
COC(=O)c1cc2[nH]ncc2cc1Nc1cccc(C(=O)c2cccc(F)c2)c1,0.388809035,2.341859546,-9.4,-9.1,4.4632,389.1175696
O=C(CBr)c1ccc(S(=O)(=O)Nc2n[nH]c3nccc(Cl)c23)cc1,0.479053495,2.646174021,-8.2,-7.8,2.9897,427.934551
O=S(=O)(Nc1cncc2ccccc12)c1ccc2c(c1)Cc1ccccc1-2,0.503187067,2.218499672,-9.6,-9.5,4.6068,372.0932488
O=C(c1ccccc1Nc1cnccc1-c1ccccc1)c1cccc2ccccc12,0.327128461,2.070020426,-9.2,-9.2,6.8764,400.1575633
CC(Cc1ccc2[nH]ncc2c1)N(C)c1cccc2c1NC(=O)C2=O,0.719294775,3.272408478,-8.4,-9,2.7651,334.1429758
Ic1ccnc2cc(NCc3ccc4cn[nH]c4c3)ccc12,0.503789188,2.459292351,-8.4,-8.3,4.3278,400.0184944
Cc1ccc2[nH]c(=O)ccc2c1OC(=O)c1cc2c(=O)[nH]c3ccccc3c2s1,0.343295467,2.585855468,-10.6,-9.4,4.11192,402.0674279
Nc1ccc2c(c1)N(c1cc3c(N)cccc3cn1)C(=O)C2,0.674560037,2.613954126,-8.5,-8.2,2.62,290.1167611
Cc1cc2cccc(NC(=O)c3ccc(-c4cnc5c(c4)CCC5)cc3)c2cn1,0.522224006,2.287424379,-10.2,-9.2,5.34622,379.1684623
Nc1ccc(OC(=O)c2ccc(F)c3ccncc23)cc1-c1cccc2ccccc12,0.226030952,2.338505242,-10.4,-10,5.9955,408.127406
Cc1cccc(C(=O)c2ccc(Nc3cccc4[nH]c(=O)ccc34)cc2)c1,0.517011688,2.004835429,-9.4,-9.5,4.81112,354.1368278
Brc1ccc2cnc(CNc3ccnc4c3ccc3cccnc34)cc2c1,0.383966461,2.461558846,-10.2,-9.2,5.7058,414.0480086
C[C@H](Nc1ccccc1C(=O)c1cccc2ccccc12)c1ccc2ccccc2c1,0.310934318,2.428488769,-9,-9.9,7.3971,401.1779644
O=C1CN=C(c2ccccc2)c2cc(Br)ccc2N1C(F)(F)Oc1ccc2nc(O)ccc2c1,0.357328637,3.039615668,-10.2,-9.5,5.5162,523.0343099
O=c1[nH]cnc2cc(OC(F)NCc3ccc(-c4ccc5ccccc5c4)cc3)ccc12,0.291140709,2.999921114,-9.1,-8.7,5.165,425.1539551
O=C1Cc2cc(C3CCCCC3)ccc2N1c1ccc(Cc2ccccc2)cc1,0.501922325,2.162242381,-9.9,-8.9,6.5459,381.2092645
O=c1[nH]c(CN2CCN(c3cnc4[nH]cc(Cc5ccccc5)c4c3)CC2)nc2ccccc12,0.426693678,2.534183834,-10.2,-9.9,3.7124,450.2168095
CC(C)(Nc1ccc2[nH]c3c(c2c1)CCCC3=O)c1ccc2ccccc2c1,0.452902397,2.543308399,-10.3,-10.2,6.1873,368.1888634
O=C(NC(=O)N1CC=C(c2cncc3ccccc23)CC1)Nc1cccc2c1CCCN2,0.556853685,2.824709533,-10.1,-9.6,4.6237,427.200825
O=C(O)c1ccc2c(NCc3ccc4cn[nH]c4c3)n[nH]c2c1,0.463600643,2.430225881,-8.6,-7.7,2.7495,307.1069247
Cc1cccn2c(NC(=O)c3cc(F)cc4c(=O)c5cc(F)ccc5[nH]c34)c(-c3ccccc3)nc12,0.312728098,2.621404906,-10.9,-9.9,5.83492,480.1397823
Cc1ccc(-c2cccc(Cl)c2)cc1NC(=O)C(=O)Nc1cc2ccccc2cn1,0.437435638,2.136040759,-10,-9.4,5.44082,415.1087545
O=C(CNc1ccc(-c2cccc(O)c2)cc1)c1c[nH]c2ncccc12,0.473922907,2.244049732,-8.3,-8.1,4.2303,343.1320768
N#Cc1cc(Nc2c3ccccc3c(C=O)c3ccccc23)ncc1Cl,0.38977354,2.581599336,-9.1,-9.1,5.46918,357.0668897
O=c1[nH]cnc2c(C(F)(F)NNc3ccc4[nH]ncc4c3)cccc12,0.337305301,3.095364698,-8.8,-8.6,2.4654,342.1040654
Nc1ccc2c(S(=O)(=O)Nc3ccc4[nH]ncc4c3)cccc2c1,0.49961545,2.262042837,-9.4,-8.7,3.0991,338.0837467
O=C1c2ccccc2NC2(CNC2)N1c1c[nH]c2nc[nH]c(=O)c12,0.525556395,3.721647581,-9.2,-8.7,0.623,322.1178237
c1ccc(-c2ccc3c(c2)CCCN3c2ccc3cn[nH]c3c2)cc1,0.541116747,2.169006313,-9.3,-9.2,5.3142,325.1578976
O=S(=O)(Cl)c1ccc(NNc2ccc3[nH]ncc3c2)c2cnccc12,0.373854656,2.722176236,-9,-8.3,3.4776,373.0400233
O=C(NCc1cccc2[nH]ncc12)NC(c1cccc2ccccc12)C(F)(F)F,0.461360428,2.951275314,-9.6,-9,4.8189,398.1354458
O=C(O)C1CN(Cc2ccc3cn[nH]c3c2)C(=O)c2ccccc21,0.77530817,2.891677012,-9.1,-8.6,2.3871,321.1113413
O=C1Cc2ccncc2N1c1ccc(-n2c(=S)[nH]c3ccccc3c2=O)cc1,0.533863658,2.48576481,-9.8,-9,3.66409,386.0837467
O=C(Oc1cc(-c2ccccc2)ccn1)c1ccc2[nH]c(=O)[nH]c(=O)c2c1,0.546936115,2.280253181,-9.9,-9.5,2.4976,359.0906059
N[C@H]1CC[C@@H](Nc2ccc(-c3ccnc(O)n3)cc2)C1,0.795461121,3.195912864,-7.4,-7.4,2.1409,270.1480612
C#Cc1ccc2c(NC(=O)C(=O)N3CCN(c4cc5ccccc5[nH]4)CC3)n[nH]c2c1,0.347703425,2.865372934,-10.1,-9.1,2.3128,412.1647739
O=C(CNc1cc(Br)c2cn[nH]c2c1)c1c[nH]c2ncccc12,0.480178155,2.745957454,-8.2,-8.2,3.4965,369.0225221
Cc1ccc(-c2cccnc2)cc1Nc1ccccc1-c1c(C)oc2cc(O)ccc2c1=O,0.333770806,2.45266647,-10.5,-9.4,6.58804,434.1630426
Clc1ccc(NCCc2ccc3[nH]ncc3c2)c2cnccc12,0.58453466,2.369105384,-8.4,-8.3,4.4191,322.0985242
N#Cc1ccc(-c2ccc3c(c2)N(c2c[nH]c4nc[nH]c(=O)c24)CCO3)s1,0.559652738,3.125557705,-9.3,-8.6,3.38188,375.0789957
O=C(Nc1cc(I)ccn1)C(=O)N1C(=O)C(=O)c2cc(-c3ccccc3)ccc21,0.434040568,2.618504134,-9.9,-9.4,3.0478,496.9872539
O=C(Oc1cccc2c1-c1ccccc1CO2)c1[nH]c2ccc(Br)cc2c1Cl,0.283028964,2.542658827,-9.8,-9.8,6.3624,452.9767331
O=C(CN1CCC(n2c(=O)oc3ccccc32)CC1)c1ccc2c(c1)-c1ccccc1C2,0.393069793,2.468735228,-9.6,-10.4,4.6855,424.1786926
Nc1cccc(-c2nc3cc(Nc4nccc5cc([N+](=O)[O-])ccc45)ccc3[nH]2)c1,0.222819198,2.456115943,-10,-9.4,5.0121,396.1334738
Cc1cc2cc(CNC(=O)Nc3cccc4cnccc34)ccc2[nH]1,0.522615795,2.205470836,-9,-8.6,4.34622,330.1480612
O=C(CN1C(=O)CCc2cc(Br)c(F)cc21)c1ccc2c(c1)-c1ccccc1C2,0.396453774,2.474964458,-9.8,-9.3,5.3215,449.0426691
Cc1csc(Sc2ccc(NC(=O)Nc3nc(-c4ccc5c(c4)CC(=O)N5)cs3)nc2)n1,0.359508822,2.814797971,-9.9,-9.4,5.25982,480.0496868
Cc1cc(-n2nccc2NS(=O)(=O)c2ccc3c(c2)Cc2ccccc2-3)ncn1,0.497047965,2.639029207,-8.8,-8.5,3.34272,403.1102958
O=C(NNc1ccc2cn[nH]c2n1)Nc1c(Cl)ccc2ccncc12,0.422549524,2.807408665,-9.6,-8.4,3.3081,353.0791857
O=C(NNc1ccc2cn[nH]c2n1)C(=O)Nc1c(Cl)ccc2ccncc12,0.318426028,2.845723003,-9.7,-8.7,2.2413,381.0741003
CC(Nc1nccc2cnccc12)c1ccc2[nH]ncc2c1,0.603518776,2.8928527,-8.2,-8.4,3.6792,289.1327455
N[C@H]1CC[C@@H](Nc2ccc3cnc(Cl)nc3c2)C1,0.816823502,3.184478879,-7.2,-6.9,2.5749,262.0985242
N[C@@H]1CC[C@H](Nc2ccc3cnc(Cl)nc3c2)C1,0.816823502,3.184478879,-7,-6.8,2.5749,262.0985242
O=C(OS(=O)(=O)C1=Cc2ccccc2CCC1)c1ccc2ccc3ccccc3c2n1,0.328394508,2.747919088,-12.1,-9.6,5.252,429.1034791
Cc1cc(NC(=O)C(=O)Nc2n[nH]c3ccc([N+](=O)[O-])cc23)ncc1S(N)(=O)=O,0.263886421,2.756829284,-9.1,-8.4,0.39912,419.0648021
c1ccc(Cc2cccc(NCc3ccc(-c4ccc5ccccc5c4)cc3)c2)cc1,0.308212068,1.841359287,-9.3,-9.2,7.7097,399.1986998
O=C(c1ccccc1)c1ccc(Nc2cc3ccccc3c3cccnc23)cc1,0.293788795,1.985430217,-10.1,-9.3,6.3626,374.1419132
O=C(Oc1ccc2[nH]c3ncnc(Cl)c3c2c1)c1ccc2ccncc2c1,0.27869349,2.51767825,-9.7,-9.6,4.5319,374.0570533
O=C(c1ccccc1)c1cccc(N2C(=O)Cc3c(Br)cccc32)c1,0.594893304,2.175939698,-8.8,-8.6,4.9009,391.0207908
Cc1cccc(-c2ccc(CNc3cc(F)c4ccccc4c3)cc2)c1,0.442683655,1.886822607,-9.7,-8.9,6.56642,341.1579779
Cc1c(NC(=O)C(=O)NC(c2ccccc2)c2cccc(Cl)c2)cnc2[nH]ccc12,0.429943707,2.916113419,-9,-8.5,4.36902,418.1196535
O=C(Nc1ccc(Cn2cnc3ccccc32)cc1)c1ccc2cn[nH]c2n1,0.507157943,2.344635348,-9.5,-8.8,3.6082,368.1385591
O=Cc1cc2cc(Nc3ccc(C(=O)Nc4ccc5cn[nH]c5c4)cc3)ccc2nc1Cl,0.244261256,2.465493752,-9.7,-9.3,5.5729,441.0992524
O=C(Oc1ccc2ccncc2c1Br)c1ccccc1C(=O)c1ccc2c(c1)OCCO2,0.222007438,2.433144373,-9.8,-8.7,5.2187,489.0211847
N#Cc1ccc(C2(Nc3cccc(-c4cn[nH]c4)c3)CC2)cc1,0.763675324,2.587439658,-8.1,-7.9,4.04958,300.1374965
C[C@H]1COc2c(NC(=O)c3c(F)cccc3F)c(F)cc3c(=O)c(C(=O)O)cn1c23,0.680229026,3.128080481,-8.8,-9.3,3.3227,418.0776562
O=c1[nH]ccc2cc(NCc3cccc4[nH]ncc34)ccc12,0.542766421,2.38704099,-8.6,-8.5,3.0165,290.1167611
Nc1ccc(C(=O)N(c2ccc3cn[nH]c3c2)c2cc(I)ccn2)cc1,0.35951235,2.742139028,-8.8,-7.8,4.1232,455.0243081
Cn1cc(C2=C(c3cccc(NC(=O)C(=O)Nc4cccc5cnc(Cl)cc45)c3)C(=O)NC2=O)c2ccccc21,0.172727228,2.788650066,-11.4,-10.1,4.5243,549.1203818
Cc1sc(NS(=O)(=O)c2ccc(S(C)(=O)=O)cc2)nc1-c1c[nH]c2ncccc12,0.483441755,2.511728169,-9.2,-8.6,3.19912,448.033368
Nc1ccc(NC(=O)N(C(=O)C(=O)Nc2ccc3c(c2)Cc2ccccc2-3)c2ccccc2)cc1,0.257931197,2.494811549,-9,-8.8,5.0438,462.1691906
O=S(=O)(Nc1cc(-c2cccnc2)ccn1)c1ccc(F)c2cnccc12,0.584339797,2.4127804,-9.7,-8.5,3.6317,380.0743249
O=C(O)c1ccc(-c2cccc(Nc3cnc4c(F)cccc4c3Cl)c2)cc1,0.437816296,2.183070814,-9.9,-8.6,6.1361,392.0727836
O=C(Cc1cccc2ccncc12)N1CC=C(c2c[nH]c3cc(F)ccc23)CC1,0.555047719,2.586426369,-10,-9.6,4.7136,385.1590405
c1ccc(-c2csc3ncnc(Nc4cnc5ccccc5c4)c23)cc1,0.454726597,2.179885702,-8.5,-8.6,5.6501,354.0939174
O=C(Oc1cc2ccncc2cc1Br)c1ccc2c(c1)-c1ccccc1C2,0.270272165,2.34899529,-10.4,-9.9,5.7877,415.0207908
Nc1n[nH]c2cnc(OC(=O)Cc3ccc4[nH]nnc4c3)cc12,0.479391315,3.111636443,-8.2,-7.9,0.9595,309.0974226
Ic1cncc(N2CCC(c3c[nH]c4ccccc34)CC2)c1,0.637055975,2.410519807,-8.3,-8.1,4.5515,403.0545456
N#Cc1cccc(/C=C/C(=O)N2CCCC(c3c[nH]c4ncccc34)C2)c1,0.724495488,2.974022412,-9.6,-8.9,3.85398,356.1637113
Cn1cc(C(=O)O)c(=O)c2cc(Nc3cc(Br)c4cn[nH]c4c3)ccc21,0.476567856,2.587557835,-9.3,-8.7,3.6191,412.0171024
Clc1cccc(-c2cccc(CCNc3ccc4cn[nH]c4c3)c2)c1,0.497443758,2.092421091,-8.7,-8.4,5.5379,347.1189253
Nc1ccc(S(=O)(=O)c2ccc(Nc3ccc4cn[nH]c4c3)cc2)cc1,0.47917256,2.196103951,-9,-8.2,3.7215,364.0993968
N#Cc1ccc(Oc2ccc(F)c(Nc3c[nH]nc3-c3ccccc3F)c2)cc1,0.455656029,2.570014372,-8.3,-8.4,5.76248,388.1135675
CC(NCc1ccc2ccncc2c1)c1cccc2ccccc12,0.557269718,2.418169894,-8.9,-8.8,5.2388,312.1626486
O=[N+]([O-])c1ccc(Nc2ccc(Br)c3cnccc23)c2cccnc12,0.381115803,2.440580082,-8.3,-8.3,5.1973,394.0065377
O=S(=O)(Nc1ccc2c(C3=CCNCC3)c[nH]c2c1)c1cccc2cnccc12,0.481535703,2.69660103,-9.9,-8.8,3.8936,404.1306969
O=C(NCc1ccc(-c2ccc3c(c2)CCO3)cc1)C(=O)NNc1ccc2cn[nH]c2n1,0.285983415,2.687990548,-9.3,-10.3,2.3193,428.1596885
O=C(NCc1ccc(-c2ccc3c(c2)CCCO3)cc1)Nc1nnc(-c2ccc3ccccc3c2)o1,0.315086393,2.420637196,-10.9,-10.6,6.2035,476.1848406
O=C(NCc1ccc(-c2ccc3c(c2)CCCO3)cc1)C(=O)Nc1nnc(-c2ccc3ccccc3c2)o1,0.321301456,2.516475939,-10.9,-10.8,5.1367,504.1797552
Nc1n[nH]c2cc(NCc3ccc(-n4cnc5ccccc54)cc3)ccc12,0.453625609,2.303056731,-9.2,-8.9,4.0961,354.1592946
Cc1c(NC(=O)N2CCC(c3c[nH]c4ncccc34)CC2)cnc2[nH]ccc12,0.492060569,2.738076963,-9.7,-9.1,4.15912,374.1855093
O=[N+]([O-])c1cnc(Br)cc1Nc1cc2ccncc2cc1F,0.428909275,2.726689858,-8,-7.8,4.1832,361.9814658
O=C(O)CN(C(=O)c1ccc2[nH]nnc2c1)c1cnc(Nc2cccc(F)c2)nc1,0.442976912,2.812536466,-9.2,-8,2.362,407.1142155
CC(NC(=O)Nc1ccc(N2CCN(C)CC2)c2ccncc12)c1cc2cnccc2[nH]1,0.45983675,3.143425111,-9.5,-8.8,3.7456,429.2277085
CC(NCC(=O)c1ccc2c(c1)-c1ccccc1C2)c1ccc2c(c1)CC(=O)N2,0.506516918,2.896564696,-9.2,-9.5,4.2859,382.1681279
N[C@H]1CC[C@@H](Nc2ccc(S(=O)(=O)Cl)c3ccncc23)C1,0.846636711,3.292077483,-7.7,-7.2,2.454,325.0651754
c1cnc2[nH]cc(C3CCN(c4cc5cc[nH]c5cn4)CC3)c2c1,0.590604825,2.625434727,-8.7,-8.8,3.8232,317.1640456
Nc1cnc2ccccc2c1NC(=O)NCc1ccc2ccc(Br)cc2c1,0.432986655,2.242813536,-9.4,-9,5.0544,420.0585733
N#Cc1cc(OC(=O)c2cc3[nH]nnc3cc2F)c2ccccc2c1,0.448844919,2.726020467,-9.3,-9.7,3.34108,332.0709537
Cc1sc(NC(=O)C(=O)Nc2cc3ccccc3cn2)nc1-c1c[nH]c2ncccc12,0.374278056,2.625474473,-9.9,-10.1,4.12022,428.1055448
NS(=O)(=O)c1ccc2cccc(Nc3cccc4cc(Br)c(I)nc34)c2c1,0.271407908,2.625176569,-9.4,-9.1,5.1461,552.8956578
Cn1cc(-c2cncc(N3CCCCC3c3cnc4ccccc4c3)c2)cn1,0.52220063,2.983731932,-9.7,-8.7,4.7619,369.1953457
Nc1cccc2c(Nc3ccc4[nH]cnc4c3)cccc12,0.483147291,2.218214588,-8.4,-8.6,4.0419,274.1218464
Nc1ccc2cncc(NCc3cc4ccccc4[nH]c3=O)c2c1,0.506506084,2.333351705,-8.9,-8.6,3.2706,316.1324111
O=C1CNc2cc(F)c(Nc3ccc(Cc4nnc5ccccn45)cc3)cc2N1,0.497877295,2.694012614,-9.7,-9,3.5668,388.1447874
Clc1cc(I)cc(Nc2cc(Cc3ccccc3)ccn2)c1,0.549794071,2.187906771,-8.2,-8.1,5.674,419.9890241
Cc1c(N(CCN)c2ccc(C#N)cn2)cnc2[nH]ccc12,0.768614832,3.056899181,-7.6,-7.3,2.2348,292.1436445
O=C(/C=C/c1ccnc2ccccc12)Nc1cc(-c2ccccn2)n[nH]1,0.554792682,2.585806313,-8.7,-8.7,3.6718,341.1276601
c1cnc2c(c1)ccc1c(Nc3ccc4cnsc4c3)ccnc12,0.45605551,2.607175112,-9,-8.8,5.1363,328.0782674
Nc1ccc(NC(=O)NC(=NO)c2ccc(-c3ccccc3)cc2)c2cnccc12,0.134529323,2.495416738,-9.7,-9.6,4.4415,397.1538748
Nc1ccc(NC(=O)C(=O)NC(=NO)c2ccc(-c3ccccc3)cc2)c2ccncc12,0.099850616,2.574054217,-10,-9.4,3.3747,425.1487895
Cn1c(NC(=O)c2cccc3c2oc2ccccc23)nc2cc(C#N)ccc21,0.494897185,2.385296434,-10,-9.4,4.59668,366.1116757
O=C(CNc1ccc2[nH]ncc2c1)c1cccc2ccccc12,0.559887917,2.138630044,-8.4,-8.2,4.0109,301.1215121
O=C(Nc1c(Br)cc(Cl)c2occc12)N1CCc2nnc(-c3ccncc3)cc2C1,0.417771194,2.986210372,-9.2,-8.6,5.2909,483.0097645
Clc1c(Nc2ccncc2-c2ccncc2)ccc2cccnc12,0.567497769,2.371250355,-8.5,-8.2,5.0888,332.0828741
O=C(Oc1cccc2c1C(=O)NS2(=O)=O)c1cc2c(=O)[nH]c3ccccc3c2s1,0.374866309,2.857704884,-10.1,-9.6,2.3941,425.998028
c1ccc(-c2csc3ncnc(Nc4ccc5[nH]ncc5c4)c23)cc1,0.484808711,2.330210621,-7.9,-8,4.9782,343.0891664
O=C(Oc1ccc(-c2cc[nH]c(=O)n2)nc1)c1ccc2c(=O)[nH][nH]c(=O)c2c1,0.441823508,2.908716583,-9.7,-9.3,0.5809,377.0760185
O=Cc1ccc(-c2ccccc2Nc2ccc3c(c2)Cc2ccccc2-3)o1,0.399357652,2.310443654,-9.5,-9.8,6.0739,351.1259288
CC(Nc1cccc(OC(F)(F)F)c1F)c1ccc2[nH]ncc2c1,0.673091795,2.931671581,-8.2,-7.8,4.7737,339.0994749
O=C(O)Cc1ccc2c(c1)N(C(=O)C(=O)Nc1cc3cccnc3c3ncccc13)C(=O)C2,0.369714538,2.810643009,-10.3,-9.4,2.4645,440.1120696
O=C(Nc1ccc(Sc2ccc(Cl)cc2)cc1)N1CC=C(c2c[nH]c3ccc(F)cc23)CC1,0.320733496,2.509810276,-10,-9.7,7.4328,477.1077892
O=Cc1c[nH]c2nccc(Nc3cccc(OCc4ccc(Cl)cc4)c3)c12,0.444239634,2.349284482,-8.8,-8.1,5.3514,377.0931044
O=C1CCCc2c1[nH]c1cc(OC(=O)c3nccc4ccccc34)ccc21,0.42524478,2.474306488,-10,-9.3,4.4543,356.1160924
Oc1ccc(-c2cccnc2)cc1NCCc1ccc2[nH]ccc2c1,0.469322315,2.264605498,-8.6,-8.1,4.5901,329.1528122
O=C(CNc1n[nH]c2cccc(F)c12)N1CC=C(c2c[nH]c3ccccc23)CC1,0.495261341,2.713472161,-9.2,-8.9,3.9111,389.1651885
O=C(c1ccccc1)c1cccc(Nc2cccc(-c3nnc[nH]3)c2)c1,0.526747249,2.331671847,-9.4,-9,4.4463,340.1324111
O=C(Nc1nc2c(s1)CCc1ccccc1-2)C(=O)N1C(=O)C(=O)c2cccc(Cl)c21,0.589287179,2.763237472,-9.7,-9.6,3.2567,437.0237045
Brc1ccc2c(NC3(c4ccc5ccccc5c4)CC3)nccc2c1,0.447920367,2.409051025,-9.6,-8.9,6.2517,388.0575106
O=C(Oc1cc(F)c2c(=O)[nH]ccc2c1)c1n[nH]c2ccc(Br)cc12,0.396839997,2.675808333,-9.6,-8.8,3.5252,400.9811315
O=C(Nc1ccc(-n2cnc3ccccc32)cc1)C(=O)Nc1cccc2cn[nH]c12,0.406154616,2.34703697,-9.6,-9.5,3.479,396.1334738
O=C(CN1CCCc2cc(C(F)(F)F)ccc21)c1ccc2c(c1)Cc1ccccc1-2,0.393524215,2.367274748,-8.8,-9.5,5.9121,407.1496989
O=C1NCCN(c2ccc3c(c2)Cc2ccccc2-3)c2ccccc21,0.570051689,2.261972858,-9.1,-9.1,4.1393,326.1419132
O=C(Nc1nc(-c2ccc3c(c2)Cc2ccccc2-3)cs1)c1ccc2[nH]c(=O)[nH]c2c1,0.3809984,2.40717285,-10.5,-10.3,4.8032,424.0993968
Ic1cccc(CNc2cccc3[nH]ncc23)c1,0.706893256,2.175438068,-7.4,-7.1,3.7796,349.0075954
BrCc1cccc(Nc2cccc3[nH]ncc23)c1,0.711829476,2.179338503,-7.3,-7.2,4.2014,301.0214595
O=c1[nH]cnc2cc(Nc3ncc(Br)cc3-c3cccnc3)c([N+](=O)[O-])cc12,0.365907846,2.757978699,-9.3,-8,3.7944,438.0076003
O=C(OS(=O)(=O)c1ccc2c(c1)Cc1ccccc1-2)c1cc2cccnc2cc1F,0.403009174,2.535845231,-9,-9.9,4.4908,419.0627571
Cc1c(C(=O)Oc2cnc3c(c2)NC(=O)CN3)nnn1-c1ccc2ncccc2c1,0.500338992,2.926619391,-10.4,-9,2.10212,401.1236373
Cc1cc(-c2cccc(Cl)c2)ccc1Nc1ccc(F)c2c(O)ccnc12,0.430138736,2.32704744,-9.3,-9.4,6.45192,378.093519
Cc1cc(-c2cccc(Cl)c2)ccc1Nc1ccc(F)c2nccc(O)c12,0.430138736,2.329091996,-9.4,-8.5,6.45192,378.093519
O=C(CCC(=O)c1ccc2c(c1)-c1ccccc1C2)Oc1ccc(Br)c2cnccc12,0.175312289,2.483826781,-8.6,-8.7,6.137,471.0470055
CN(Cc1ccnc2[nH]ccc12)c1ccc2ccc(O)cc2c1,0.599913576,2.454072264,-8.3,-8.4,4.0581,303.1371622
Fc1cccc(N(c2ncc(Br)cn2)c2c(Br)ccc3[nH]ncc23)c1,0.43714648,2.87229739,-8.4,-8,5.4868,460.9286977
NN(CC(=O)c1ccc2c(c1)CC(=O)N2)c1cccc2ccncc12,0.434675262,2.726455082,-9,-8.4,2.2924,332.1273258
c1ccc(-c2cnccc2Nc2cccc3c2oc2ccccc23)cc1,0.414566263,2.142999904,-9.3,-9.5,6.3916,336.1262631
c1ccc(C2CN(c3cc4cc[nH]c4cn3)c3ccccc32)cc1,0.57384859,2.882480106,-9.1,-9.1,4.8465,311.1422475
O=C(OS(=O)(=O)c1cccc2cnccc12)c1ccc(-n2cnc3ccccc32)cc1,0.399278654,2.494842165,-9.1,-8.7,4.1194,429.078327
O=C(Oc1cc2cccc(Cl)c2cn1)c1cc2c(s1)-c1ccccc1CC2,0.397095241,2.544736088,-9.8,-9.5,5.9345,391.0433774
Brc1ccc2ccnc(NCCc3ccc4ccccc4c3)c2c1,0.485861353,2.027005718,-8.7,-8.8,5.8051,376.0575106
CC(=O)c1ccc2c(c1)CC(=O)N2c1ccc2cnc(Cl)cc2c1,0.517249426,2.430649094,-9.1,-8.3,4.3116,336.0665553
c1cc(Nc2ccc(Oc3nncc4ccccc34)cc2)nc(-n2cnc3ccccc32)c1,0.366894814,2.496253633,-9.6,-10.2,5.8996,430.1542092
O=[N+]([O-])c1c(F)cccc1NCc1ccc(-c2ccc3c(c2)CCCO3)cc1,0.480858972,2.248504981,-9.3,-9.1,5.338,378.1379707
Cc1ccc2c(c1)C(=O)N(c1c3ccccc3c(C=O)c3ccccc13)CCN2,0.38472134,2.574220965,-10,-9.6,5.18622,380.1524779
Fc1c(Br)cccc1NNc1cc2ccncc2cc1Br,0.572066039,2.694135928,-8,-7.8,5.3379,408.9225497
Fc1c(Br)cccc1NNc1cc2cnccc2cc1Cl,0.6233226,2.603967467,-7.8,-7.9,5.2288,364.9730653
Cc1ccnc2c1NC(=O)CN2c1ccc2[nH]c(C(F)F)cc(=O)c2c1,0.738795475,2.976384389,-8.9,-9.4,3.25932,356.1084821
Cc1ccc(-c2csc(NC(=O)C(=O)Nc3ccc4c(c3)C(=O)c3ccccc3C4=O)n2)cc1C,0.360979637,2.343867909,-10.7,-11.5,4.77954,481.1096271
O=C1Cc2cc(C(=O)CNC(c3ccc(Cl)cc3)c3cccc4ccccc34)ccc2N1,0.386326085,2.796760595,-9.3,-8.2,5.5497,440.1291556
Cc1ccc(-c2cccnc2)cc1NC(F)(F)C1CNCc2ccccc21,0.642608801,3.23792134,-9.7,-9.7,4.94872,365.1703541
Cc1ccc(-c2cccnc2)cc1NC(=O)C(=O)N1Cc2ccccc2C(C(F)(F)F)C1,0.58992477,3.070638659,-10.4,-8.9,4.68382,439.1507615
O=Cc1c(Br)cccc1Nc1cccc2ccncc12,0.717544663,2.376759297,-7.7,-7.6,4.5534,326.0054751
CC1CNc2ccccc2N1C(=O)C(=O)Nc1n[nH]c2nc(Br)ccc12,0.418793785,3.458155222,-9.4,-8.7,2.5061,414.0439858
O=S(=O)(F)c1ccc2c(Nc3cc4ccncc4cc3Br)cccc2c1,0.432271841,2.505058595,-9.3,-8.6,5.5523,429.9786889
CS(=O)(=O)c1ccc(NC(=O)Nc2ccc3c(c2)[nH]c2ncnc(Cl)c23)cc1,0.439652571,2.378865967,-8.5,-8.3,3.812,415.050588
O=C(c1ccc2c(c1)CC(=O)N2c1cc(F)c(C(F)F)c(F)c1)C1CCNCC1,0.608359474,2.882924751,-9.5,-8.6,4.3055,406.1304407
O=C(Nc1ccc(Cl)c2cnccc12)C(=O)N(Cc1ccccc1)c1ncnc2[nH]cnc12,0.39704793,2.89256268,-9.3,-8.5,3.7264,457.1054004
OCc1cccc2c1CCN2c1cc(-c2ncc[nH]2)ccn1,0.77867588,2.700162174,-8.2,-7.8,2.6582,292.1324111
Nc1ccc(Cc2ccc3c(c2)CCN3c2cc3cc[nH]c3cn2)cc1,0.542484207,2.505597521,-9.3,-9.2,4.4301,340.1687966
O=C(Nc1ccc(Br)c2ccccc12)c1cc(=O)[nH]c2ccc([N+](=O)[O-])cc12,0.360219812,2.241051167,-10,-9.1,4.6043,437.001118
Nc1c(NCc2ccc3cn[nH]c3c2)ccc2ccncc12,0.505488945,2.47319815,-8.2,-8.2,3.3054,289.1327455
O=c1[nH]cnc2c1cnn2-c1ccccc1Nc1cc(Cl)nc2ccccc12,0.4549792,2.589654637,-9.7,-9.6,4.054,388.0839367
O[C@@H](CNc1cc(-c2cccnc2)ccn1)c1cccc2ccccc12,0.5632401,2.59286263,-8.9,-8.5,4.4423,341.1528122
N[C@@H]1CCCCC[C@@H]1Nc1cc2ccncc2s1,0.814922215,3.477794928,-7,-6.9,3.3682,261.1299686
FC(F)(Nc1n[nH]c2cccc(I)c12)c1cccc2c1NCCC2,0.409522166,3.224625446,-8.3,-8.5,4.687,440.0309509
O=Cc1ccc(-c2ccc(Nc3ccc(Oc4nncc5ccccc45)cc3)cc2)cc1,0.313591861,2.240966277,-9.5,-10,6.6452,417.1477268
Cc1cc2[nH]ncc2cc1Nc1ccc(C#N)cc1,0.729243302,2.218019013,-7.7,-8.2,3.4866,248.1061964
O=S(=O)(Nc1ccc2cn[nH]c2c1)c1cccc2cnccc12,0.606344411,2.284783401,-8.4,-8,2.9119,324.0680966
Clc1cccc2nc(Nc3ccnc4c3ccc3cccnc34)ccc12,0.41033661,2.290960558,-9.7,-9.5,5.7282,356.0828741
NCc1cnccc1Nc1cc(C=O)cc(-c2cccnc2)c1,0.707646814,2.496234836,-8.1,-7.9,3.1584,304.1324111
O=C1NCCc2c(Nc3cc4ccncc4cc3Cl)cccc21,0.751302282,2.52089339,-9.1,-8.6,3.9177,323.0825397
O=S(=O)(Nc1cc(-c2ncc[nH]2)ccn1)c1cccc2cnccc12,0.588685158,2.539622153,-9.9,-9.4,2.8207,351.0789957
c1ccc(-c2ccc3c(c2)CN(c2ccc4[nH]ncc4c2)CC3)cc1,0.574313488,2.176791544,-9.1,-9.1,4.7926,325.1578976
S=C(Nc1ccc2[nH]cc(C3=CCNCC3)c2c1)c1cccc2ccccc12,0.410014655,2.610755089,-10.1,-9.2,5.4854,383.1456187
O=[N+]([O-])c1cnc(Nc2ccc3cn[nH]c3n2)c(-c2ccccc2)c1,0.435668068,2.545767569,-9,-8.1,3.6717,332.1021736
O=c1[nH]cnc2c1cnn2-c1ccccc1NCc1ccc(-c2cccnc2)cc1,0.473557662,2.440548363,-9.8,-9.3,3.7829,394.1542092
CN1CCN(c2ccc(Nc3ccc4c(Br)nccc4c3)c3cnccc23)CC1,0.445173083,2.553163021,-9.3,-9.5,5.0409,447.1058578
O=C1CN(c2ccc3cn[nH]c3c2)c2cc(Br)ccc2N1,0.711817157,2.55549961,-8.2,-8,3.4156,342.0116231
N#Cc1ccc(NC(=O)Nc2cc3ccccc3cc2Cl)cc1-c1ccncc1,0.439196411,2.223542394,-9.7,-9.4,6.07088,398.0934388
c1ccc(-c2ccc3ccccc3c2)c(NCc2n[nH]c3ccccc23)c1,0.417933759,2.127932799,-9,-8.9,5.9952,349.1578976
O=C1NC(=O)c2cc(Nc3cccnc3-c3cccnc3)c(Cl)cc21,0.706942896,2.525285852,-9.3,-8.7,3.4242,350.0570533
O=Cc1c(Cl)cccc1N1CC=C(c2c[nH]c3ccccc23)CC1,0.688466281,2.541860936,-8.2,-8.3,4.9275,336.1029408
Nc1c(Br)cccc1NC(=O)Nc1cc(CCc2ccccc2)ccn1,0.525102299,2.183472566,-8.8,-8.7,4.8555,410.0742233
Nc1cccc(Nc2cc(CCc3ccccc3)ccn2)c1N,0.626978309,2.121683975,-8.1,-7.9,3.7748,304.1687966
Cc1nc2ccc(C(=O)NCc3ccc4c(c3)N(C(=O)CCC(=O)c3ccc5c(c3)-c3ccccc3C5)CCO4)nc2c(=O)[nH]1,0.257877976,3.01679192,-12,-12.2,4.51622,599.216869
O=C1Cc2ccc(C(=O)NNC(=O)C(=O)N(c3cccc(C(=O)O)c3)c3nc4ccccc4c(=O)[nH]3)cc2N1,0.193730022,2.993465944,-11.1,-9.4,1.2418,526.1236969
N[C@@H]1COC[C@@H]1NC(Cl)(Cl)C(=O)c1c[nH]c2ncccc12,0.445131067,4.024144758,-7.5,-6.9,1.1927,328.049381
O=C1Cc2ccc(C(F)(F)F)cc2N1c1cccc(C(Br)c2ccccc2)c1,0.42607753,2.833233108,-10,-9.3,6.4105,445.0289109
O=C(OCc1ccc2ccncc2c1)c1nccc2c1[nH]c1ccccc12,0.480593359,2.354552308,-9.1,-9.2,4.6213,353.1164267
NCc1cccc2c1N(C(=O)Nc1ccc3nc(-c4ccc(N)cc4)[nH]c3c1)C(=O)C2,0.383266651,2.738699728,-9.7,-9.2,3.392,412.1647739
C[C@H](NC(=O)C(=O)NCCc1ccc2[nH]ncc2c1)c1cccc2cnccc12,0.458471844,2.88663008,-8.8,-8.8,2.6472,387.1695249
O=C(Nc1cnc2[nH]ccc2c1)N1CCc2cc(OCc3ccccc3)ccc2C1,0.521987431,2.34133367,-9,-9.3,4.7321,398.1742759
NCc1ccc2c(c1)CC(=O)N2C(=O)Nc1nc(-c2c[nH]c3ncccc23)cs1,0.484451818,2.800523163,-9.2,-9.1,3.2663,404.1055448
O=C1c2ccccc2C(=O)c2cc(NC(=O)N3C(=O)c4c([N+](=O)[O-])cccc4S3(=O)=O)ccc21,0.340458451,2.81175376,-10.2,-10.4,2.7468,477.0266853
CN(CC(=O)c1ccc2c(c1)Cc1ccccc1-2)Cc1ccnc2[nH]ccc12,0.467035462,2.486475462,-8.5,-8.3,4.4488,367.1684623
c1cc(N2CCN(c3nsc4ccccc34)CC2)c2cn[nH]c2c1,0.608999374,2.403859727,-8.6,-8.2,3.4992,335.1204665
Brc1cc(Nc2cccnc2Nc2ccccc2)cc2cnccc12,0.456240096,2.295053939,-7.9,-7.9,5.8795,390.0480086
O=C(Nc1ccccc1S(=O)(=O)Nc1cc(-c2ncc[nH]2)ccn1)C1CC1,0.604857165,2.442666421,-9.1,-7.5,2.621,383.1052104
NS(=O)(=O)c1ccccc1N(C(=O)C1CC1)c1cc(-c2ncc[nH]2)ccn1,0.699206014,2.829024747,-8,-7.2,2.1938,383.1052104
N#CC(c1ccccc1)c1ccc(Nc2cccc3ccc(O)cc23)cc1,0.478403616,2.591055323,-9,-9.4,5.94448,350.1419132
NS(=O)(=O)c1ccc(C(=O)O)c(Nc2cc(-c3cccc(Cl)c3)ncn2)c1,0.594350046,2.285018885,-9.3,-9.1,2.8862,404.0346036
COc1cc2[nH]ncc2cc1NC(F)(F)c1cc2cc(Br)ccc2cn1,0.455129445,2.995085207,-8.9,-8.3,5.0436,418.0240796
COc1cc(Nc2cc(-c3cccc(Cl)c3)on2)c2cnccc2c1,0.540577703,2.384806979,-9,-7.9,5.2954,351.0774544
Cc1ccc(-n2c(S)nnc2-c2cccc(Nc3ncnc4[nH]cnc34)c2)cc1,0.395462785,2.680365193,-9.4,-8.7,3.94132,400.1218635
CCc1cccc2c(C3=CCN(c4cc(Cl)cc5ccncc45)CC3)c[nH]c12,0.451766867,2.756016175,-9.6,-8.9,6.2256,387.1502254
O=C(Oc1ccc2c(c1)[nH]c1nc[nH]c(=O)c12)c1ccc(Sc2ccc([N+](=O)[O-])cc2)cc1,0.169110681,2.658793434,-9.8,-9.6,4.683,458.0684905
Clc1ncc(NCc2ccc3cnccc3c2)c(-c2c[nH]c3ccccc23)n1,0.404172655,2.543169176,-9.3,-8.8,5.4386,385.1094232
CN(c1ncc2cccc(Br)c2n1)C1CCN(c2ncnc3ccccc23)CC1,0.461113482,2.60693008,-9.8,-8.9,4.4407,448.1011068
O=S(=O)(Nc1cc2ccncc2cc1Br)c1ccc(F)c2cnccc12,0.518203596,2.53294924,-9,-8.8,4.4854,430.9739379
O=C(NCc1cnc2c(F)cccc2c1)N1CCN(c2cccc3[nH]cnc23)CC1,0.549440361,2.527510571,-9.8,-9.4,3.282,404.1760875
O=[N+]([O-])c1cnc(Nc2cccc(O)c2C(F)(F)F)c(-c2ccccc2)c1,0.487779275,2.485441039,-8.4,-8.6,5.1248,375.0830759
COc1cc(N[C@@H]2C[C@H]2c2cccc3ccccc23)c2cnccc2c1,0.542547907,3.023099079,-9.2,-9,5.3646,340.1575633
Cc1ccc(-c2csc(Nc3cccc(-c4ccc(C(=O)O)cc4)c3)n2)cc1F,0.40585375,2.050883457,-9.5,-9.2,6.36642,404.099477
Nc1ccc2c(c1)N(C(=O)Nc1cccc3[nH]c(=O)[nH]c13)C(=O)C2,0.507182094,2.792952035,-9.3,-8.7,1.5596,323.1018393
Cc1cc(C)cc(-c2nc3ccccn3c2NC(=O)c2cnc3[nH]ccc3c2)c1,0.473644326,2.572378108,-10.6,-9.1,4.74674,381.1589602
Clc1ccc2cc(NC(c3ccccc3)c3cccc4ccccc34)ccc2n1,0.324693273,2.532939012,-9.6,-9.8,7.2429,394.1236763
Cc1cc(Nc2ccc(C(O)c3cccnc3)cc2)cc2[nH]ncc12,0.526727777,2.831100566,-8.6,-8.6,4.09162,330.1480612
Brc1ccc(N2CCC(c3c[nH]c4ncccc34)CC2)c2ncccc12,0.493279376,2.482706413,-9.4,-9,5.2576,406.0793087
O=[N+]([O-])c1cnc(NCc2ccc(-c3ccc4c(c3)CCO4)cc2)s1,0.547510669,2.397149023,-8.5,-8.3,4.2653,353.0834123
O=C(O)c1sc2ncccc2c1Nc1cc(F)c2cn[nH]c2c1,0.532595621,2.703567745,-8.3,-8.2,3.7535,328.0430247
O=c1[nH]cnc2c1cnn2-c1ccccc1Nc1cc(F)cc(C(F)(F)C(F)(F)F)c1,0.45441064,2.894652899,-9.5,-8.9,4.6456,439.0867793
O=c1[nH]cnc2c1cnn2-c1ccccc1NC(F)(c1cc(F)cc(Br)c1)C(F)(F)F,0.311886283,3.637798188,-9.2,-9.3,4.8071,499.0067132
CN(CC(=O)c1ccc2c(c1)-c1ccccc1C2)c1ccc2cc(Br)ccc2c1,0.296600831,2.324114922,-10.1,-9.2,6.4926,441.0728264
O=C(NCCc1ccc2ccccc2c1)C(=O)Nc1ccc2c(c1)Cc1ccccc1-2,0.424875951,2.126458057,-10.3,-10.6,4.7084,406.1681279
O=C(Nc1cccc(Br)c1I)C(=O)Nc1nccc2cnccc12,0.41933846,2.619072849,-8.3,-8.1,3.5741,495.9031857
N#Cc1ccc(NC(=O)N2CCc3ccc(N=[N+]=[N-])cc32)cc1-c1ccncc1,0.383418906,2.773170416,-9.9,-8.9,5.15668,381.1338081
Nc1cccc2cccc(N3CCCC(c4c[nH]c5ncccc45)C3)c12,0.519963902,2.891858634,-9,-8.9,4.6823,342.1844467
COc1cc(N2CCc3cc(-c4cccc(F)c4)ccc32)c2ccncc2c1,0.459497155,2.317258577,-9.3,-9.1,5.7437,370.1481414
Nc1n[nH]c2cc(C(=O)Oc3ccc(F)c4nccc(Cl)c34)ccc12,0.421591339,2.555307791,-9.2,-8.3,3.705,356.0476315
CC(NC(=O)C(=O)N1CCc2cc(-c3cccc(F)c3)ccc21)c1ccc2[nH]ncc2c1,0.481740716,2.977694579,-10,-9.9,4.1355,428.1648541
O=C1NC2(CN(c3cc4cnccc4cc3Br)C2)Nc2ccccc21,0.663652183,3.298196615,-8.9,-9,3.3691,394.0429232
O=C1NC2(CN(c3cc4ccncc4cc3F)C2)Nc2ccccc21,0.718433445,3.210394692,-9.2,-9.6,2.7457,334.1229893
Cc1ccc2[nH]c(C(=O)NNc3nccc4sccc34)cc(=O)c2c1,0.495282846,2.568176236,-9.5,-8.7,3.20312,350.0837467
COc1ccc(NC(=O)C(=O)Nc2cc3cn[nH]c3cn2)c2ncccc12,0.479820019,2.541100518,-8.6,-8.1,2.0919,362.1127383
COc1ccc2c(Nc3cc(/C=C/C(=O)O)ccc3F)n[nH]c2c1,0.623840542,2.38183122,-8.4,-8.4,3.552,327.1019195
c1ccc2c(c1)CCCc1cc(NCc3cnc4ccsc4c3)nnc1-2,0.568445304,2.585966768,-9.4,-9.3,4.8541,358.1252176
Cc1cc(CC(C)Nc2cccc3[nH]nc(N)c23)n[nH]1,0.584275296,3.240681214,-7.6,-6.9,2.21972,270.1592946
O=[N+]([O-])c1ccc2[nH]nc(Nc3c(Br)cnc4ccccc34)c2c1,0.399776212,2.513912403,-8.4,-8.5,4.5254,383.0017867
Fc1ccc(Nc2nc(-c3ccc4c(c3)Cc3ccccc3-4)cs2)c2ncccc12,0.348738955,2.406824422,-9.8,-9.6,6.8122,409.1048967
O=C(CNc1cccc2cnncc12)c1ccc2c(c1)-c1ccccc1C2,0.484602962,2.459146154,-10,-9.3,4.4958,351.1371622
Fc1cccc2c(N3CCN(c4nccc5sccc45)CC3)nccc12,0.530516632,2.385973945,-8.8,-8.2,4.3102,364.1157958
Cn1c(=O)oc2cc(Br)c(Nc3ccc(-c4ccccc4F)cc3)cc21,0.486468144,2.27473344,-9.1,-9.6,5.4437,412.022268
C[C@H](NS(=O)(=O)c1cccc2cnccc12)c1cccc2cnccc12,0.59816855,2.727394714,-8.5,-7.8,3.8225,363.1041478
Cc1cc(Nc2c(Cl)cccc2S(=O)(=O)Cl)cc2[nH]ncc12,0.69012337,2.628915034,-7.9,-7.9,4.19582,354.994903
O=C(NCc1ccc2cnccc2c1)Nc1ccc(C(=O)Nc2ccc3cn[nH]c3c2)cc1,0.320299489,2.274698302,-9.8,-10.2,4.6851,436.1647739
Fc1cc(Br)cc(CNc2cc(-c3cccc(Cl)c3)n[nH]2)c1,0.649311829,2.493466214,-8.2,-7.8,5.2438,378.9887154
c1cc(N2CCc3ccc(C4CC4)cc3C2)c2cnccc2c1,0.68316754,2.280876877,-8.8,-8.4,4.6749,300.1626486
O=C(NCc1ccc2[nH]c(=O)[nH]c2c1)C(=O)N1CCc2ccccc2-c2ccccc21,0.441696451,2.482252934,-9.7,-9.2,2.7287,412.1535405
O=C(Oc1cccc(N2C(=O)C=CC2=O)c1)c1ccc2c(c1)oc1ccccc12,0.30051455,2.369347339,-9.7,-9.9,4.2346,383.0793725
Cc1cc2[nH]ncc2cc1NCC(O)c1ccc(S(C)(=O)=O)cc1,0.659986685,2.812402465,-8,-7.8,2.42032,345.1147125
O=C1Cc2ccc(C(F)(F)F)cc2N1c1ccnc2c(Br)cnn12,0.629064564,2.911160473,-8.7,-8.3,3.7314,395.9833576
O=C1C(=O)N(c2cc3c(cn2)OCCN3)c2ccc([N+](=O)[O-])cc21,0.506691757,2.9230957,-8.8,-8.5,1.6551,326.0651194
Cc1c(NC(=O)NCCNc2ncccn2)cnc2[nH]ccc12,0.538243743,2.596323929,-7.6,-7.6,1.89492,311.1494582
Cc1c(NC(=O)N(CCN)c2ncccn2)cnc2[nH]ccc12,0.677926024,2.969457955,-7.2,-7.3,1.65852,311.1494582
Nc1ccc2[nH]ncc2c1NS(=O)(=O)c1ccc(F)c2cnccc12,0.487803637,2.689631084,-8.9,-8.4,2.6332,357.0695738
O=S(=O)(Cl)c1cc(N2CCCc3ccc(C(F)F)cc32)c2ccccc2c1,0.515558408,2.554796205,-8.9,-9.6,5.7892,407.0558339
Fc1ccc(NCc2cccc3[nH]ncc23)c2ccncc12,0.602566613,2.392766907,-8.1,-8.1,3.8623,292.1124246
O=C(Nc1ccc(F)c2cnccc12)NS(=O)(=O)c1ccccc1C(F)(F)F,0.637759367,2.402480272,-9,-8.8,3.9031,413.0457251
O=C(Nc1ccc(F)c2cnccc12)C(=O)NS(=O)(=O)c1ccccc1C(F)(F)F,0.480503602,2.526676847,-9.4,-8.4,2.8363,441.0406397
NN(c1cccc2cnccc12)S(=O)(=O)c1ccc2c3c(cccc13)C(=O)N2,0.413178208,2.792625237,-9.7,-9.1,3.0227,390.0786613
O=C(Nc1cc2cc[nH]c2cn1)C(=O)NS(=O)(=O)c1ccc(C(=O)CBr)cc1,0.29730201,2.661922338,-8.6,-7.6,1.5841,463.9790026
CN(c1ccc2c(c1)CCCC2=O)c1ccc2cc(Br)ccc2c1,0.552639846,2.311234811,-9.8,-8.7,5.8892,379.0571763
Cc1cc(=O)oc2cc(OCC3CCN(C(=O)C(=O)Nc4cncc5ccccc45)CC3)ccc12,0.357774839,2.594457246,-10.6,-9.9,3.90572,471.1794209
Brc1cc(N2Cc3cnn(-c4ncccn4)c3C2)cc2ccncc12,0.521936387,2.947866413,-8.8,-8.4,3.4932,392.0385065
Fc1ccc(C(Cl)c2ccc(N3CC=C(c4cncc5ccccc45)CC3)cc2)cc1,0.325269142,2.94050128,-9.6,-9.5,6.9958,428.1455546
O=C1Cc2cc(S(=O)(=O)Cl)ccc2N1c1cccc2cnccc12,0.658469724,2.458764931,-8.9,-8.3,3.3831,358.0178909
O=C(NCc1cccc(-c2cccc(O)c2)c1)Nc1ccc(I)cc1O,0.336998827,2.151962961,-9.2,-9.3,4.6911,460.0283904
O[C@@H]1[C@H](O)C[C@H]2CC[C@@H]1N2c1nc2cc(Br)cnc2[nH]1,0.726631534,4.872503693,-7.7,-7.6,1.1833,338.0378378
O[C@@H]1[C@H](O)C[C@H]2CC[C@@H]1N2c1cnc2[nH]c(Cl)nc2c1,0.73255561,4.980668875,-7.7,-7.6,1.0742,294.0883534
O=S(=O)(Nc1cc(-c2ccccn2)n[nH]1)c1ccc2c(c1)Cc1ccccc1-2,0.489565066,2.575121241,-10,-10,3.8437,388.0993968
O=C1CN(c2ccc(F)c3[nH]c(=O)ccc23)c2ncc(Br)cc2N1,0.67116223,2.85433122,-8.9,-8.7,2.9149,387.9971159
O=C(O)c1cccc(N(C(=O)NCc2cccc3[nH]ncc23)c2nc3ccccc3c(=O)[nH]2)c1,0.319695265,2.793204483,-10.6,-9.7,3.5455,454.1389531
O=S(=O)(NCCc1ccc2[nH]ncc2c1)c1cccc2cnccc12,0.577885573,2.346927316,-7.5,-7.8,2.6321,352.0993968
Cc1cc(C)cc(-c2nc3ccccn3c2Nc2ccc3cc[nH]c3n2)c1,0.466339477,2.64838419,-9.8,-8.6,5.23804,353.1640456
O=C1CCc2cc(Br)c(Nc3cccc4cnccc34)cc2N1,0.693804142,2.446399015,-8.6,-8.7,4.6256,367.0320242
O=C(c1ccnc2ccccc12)N1CCc2ccc(OCc3ccccc3)cc2C1,0.488489544,2.038390714,-9.8,-9.8,5.0123,394.1681279
C#Cc1ccc2cc(Nc3cccc4c(Br)ccnc34)ccc2c1,0.444335081,2.365601375,-9.6,-8.7,5.8754,372.0262105
Nc1nc(-c2ccc3c(c2)CCC(=O)N3c2cc3cccc(Cl)c3cn2)cs1,0.495912048,2.632711818,-9.4,-8.4,5.2048,406.0655098
Nc1noc2cc(Nc3cccc4[nH]ncc34)ccc12,0.517719719,2.465588807,-7.9,-8,3.0299,265.09636
O=C(Nc1cccc2[nH]ncc12)C(=O)Nc1noc2cc(Br)ccc12,0.447956444,2.563841621,-9,-8.3,3.0438,398.9967013
Brc1cn2ccnc2c(Nc2nc3ccccc3n3cccc23)n1,0.503124259,2.759541363,-8.6,-8.4,4.0363,378.0228565
O=C(c1ccccc1)c1ccc(NC(=O)c2ccc3cn[nH]c3n2)cc1,0.556174037,2.121895684,-9.1,-8.6,3.4412,342.1116757
N#Cc1ccc(Oc2ccc(Nc3ccnc4[nH]cnc34)cc2)cc1,0.58115736,2.355382005,-8.4,-7.8,4.36548,327.11201
N#Cc1ccc(-c2ccc3c(c2)N(c2cc4cnccc4cc2F)CCO3)s1,0.455363454,2.791371147,-9.3,-8.3,5.50458,387.0841613
O=C(Nc1nc(-c2ccc3c(c2)Cc2ccccc2-3)cs1)C(=O)N1CC=C(c2c[nH]c3ncccc23)CC1,0.302905253,2.91086756,-10.7,-11.9,5.512,517.157246
Oc1ccnc2ccc(OC(F)(F)Nc3n[nH]c4c(Br)cccc34)cc12,0.331006707,3.102396641,-8.6,-8.5,4.6204,420.0033441
COC(=O)c1ccc2c(c1)N(C(=O)NC(C)Cc1ccc3[nH]ncc3c1)CCC2,0.666030319,2.924523878,-9,-8.4,3.4429,392.1848406
NN(c1cccc(-c2cn[nH]c2)c1)c1ccc2nccnc2c1,0.448718413,2.735419637,-8.8,-8.4,3.0317,302.1279944
COc1cc2nccn2cc1Nc1cnc2[nH]nc(C)c2c1,0.606956799,2.963258934,-8.1,-7.6,2.66622,294.1229091
N#Cc1ccc(-c2ccc3c(c2)N(c2ccc4cc(Cl)ncc4c2)CCO3)s1,0.383869275,2.754265143,-9.7,-9.4,6.01888,403.0546107
NCc1ccc2c(c1)CC(=O)N2c1ccc2c(c1)Cc1ccccc1-2,0.606374139,2.340895704,-9.5,-9.2,3.9373,326.1419132
Cc1cccc(C(=O)c2ccc(Nc3ncc(-c4ccccn4)s3)cc2)c1,0.47149406,2.157434628,-9.2,-8.5,5.48812,371.1092332
Cc1cc2[nH]ncc2cc1N(C)c1cncc(C#N)c1,0.771468266,2.833161949,-7.9,-7.5,2.9059,263.1170954
O=C(NCc1ccc2cc[nH]c2n1)Nc1ccnc2ccccc12,0.541138351,2.323038438,-8.8,-8.4,3.4328,317.1276601
O=C(O)c1ccc(Nc2cccc(Br)c2I)c2ccncc12,0.528170151,2.524656608,-8.1,-7.6,5.0437,467.8970377
CC(=O)c1ccc2c(c1)N(C(=O)Nc1ccc(-c3ccnc4ccccc34)cc1)c1ccccc1S2,0.262446915,2.439069637,-11.4,-9.9,7.9392,487.1354479
Cn1cc(-c2cncc(N3CCOc4ccc(O)cc43)c2)cn1,0.788407937,2.601891323,-8.4,-8.2,2.7182,308.1273258
O=C1Cc2ccc(Cl)cc2N1C(=O)Nc1cccc2c1CCCN2,0.828538024,2.636159894,-9.1,-8.8,3.8193,341.0931044
CC1COc2c(F)c(F)cc3c(=O)c(C(=O)Oc4cnn5cc(CCN)cnc45)cn1c23,0.482004105,3.625160198,-9.6,-8.6,1.9962,441.1248605
O=Cc1cc(Cl)cc(Cl)c1Nc1cccc2[nH]ncc12,0.703941759,2.545375714,-7.9,-7.7,4.4258,305.0122673
N#Cc1cccc(Nc2cccc(NC(=O)Nc3cccc4cnncc34)c2)c1,0.467709254,2.338005193,-9.9,-8.5,4.88908,380.1385591
N#Cc1cccc(Nc2cccc(NC(=O)C(=O)Nc3cccc4cnncc34)c2)c1,0.441665874,2.421396011,-9.9,-8.8,3.82228,408.1334738
O=C(NCc1ccc2cn[nH]c2c1)Nc1ccc(N2C(=O)c3cccc4cccc(c34)C2=O)cc1,0.333028739,2.396338045,-11.4,-10.2,4.8384,461.1487895
Cc1cncc2cccc(S(=O)(=O)Nc3cccc4cnc(Cl)cc34)c12,0.526773526,2.527302255,-9.1,-8.5,4.54562,383.0495254
Fc1c(N=C=S)cccc1Nc1ccc(-n2cnc3ccccc32)cc1,0.378052127,2.559022404,-8.5,-8.8,5.6425,360.0844956
Cc1c[nH]c2nccc(NCc3cc4cc(F)ccc4[nH]3)c12,0.532488261,2.627420473,-8.2,-8.2,4.10382,294.1280747
O=C(Nc1ccccc1)Nc1cccc2c1CCN(c1ccc3[nH]cc(C4=CCNCC4)c3c1)C2,0.311350327,2.709279891,-10.9,-10,5.7513,463.2372105
O=C(NC(=O)c1cccc([N+](=O)[O-])c1Br)Nc1ncnc2scc(-c3ccccc3)c12,0.301542182,2.608741641,-9.4,-8.9,4.9909,496.979337
O=C(CNNc1cccc2cnccc12)c1ccc2c(c1)Cc1ccccc1-2,0.352858351,2.497068156,-8.3,-8.6,4.6054,365.1528122
O=C(CNCc1ccc2cnccc2c1)c1ccc2c(c1)Cc1ccccc1-2,0.45650434,2.290523578,-8,-8.6,4.7785,364.1575633
O=C(NCc1ccc(-c2ccc3c(c2)CCO3)cc1)C(=O)Nc1ccc(Cl)cc1-c1cccc2ccccc12,0.239025451,2.388845679,-10.3,-9.7,7.017,532.1553703
N[C@H]1CCC[C@H]1NC(=O)C(=O)Nc1ccc(Oc2ccc3ccccc3c2)c(Cl)c1,0.547487432,2.931481817,-9.5,-9.1,4.22,423.1349692
N[C@@H]1CCC[C@@H]1NC(=O)C(=O)Nc1ccc(Oc2ccc3ccccc3c2)c(Cl)c1,0.547487432,2.931481817,-9.2,-9.3,4.22,423.1349692
O=C(O)c1ccc(N(c2cc(-c3ncc[nH]3)ccn2)c2ncnc3ccccc23)cc1,0.438012684,2.652675808,-9.3,-8.3,4.5829,408.1334738
O=C(O)c1ccc(N(C(=O)c2cc(F)cc3c(=O)c4cc(F)ccc4[nH]c23)c2ncnc3ccccc23)cc1,0.292181144,2.785873111,-10.9,-9.1,5.5794,522.1139614
Nc1cccc2cnc(OC(=O)CCC(=O)c3ccc4c(c3)-c3ccccc3C4)cc12,0.252560897,2.552999088,-9,-9,4.9567,408.1473925
CC(Cc1ccc2[nH]ncc2c1)N(C)c1cnn2cc(CCO)cnc12,0.557061396,3.466328868,-7.9,-7.9,2.2078,350.1855093
O=C(NCc1ccc(-n2cnc3ccccc32)cc1)NC(c1ccc(Cl)cc1)c1cccc2ccccc12,0.241792572,2.772236153,-10.7,-9.3,7.4209,516.1716891
Nc1n[nH]c2cccc(NC3(c4ccc5ccccc5c4)CC3)c12,0.524871589,2.580531266,-9,-8.8,4.3995,314.1531466
C[C@H]1COc2c(C3(N)CC3)c(F)cc3c(=O)c(C(=O)Nc4ccc(C(=O)Nc5ccc6cn[nH]c6c5)cc4)cn1c23,0.254093866,3.477349682,-10.1,-10.2,4.4227,552.1921315
O=S(=O)(NCc1ccc2cn[nH]c2c1)c1cccc2cnccc12,0.598559404,2.34193632,-8.7,-7.5,2.5896,338.0837467
O=C(NCc1cc2cnccc2[nH]1)N(C(=O)Nc1cccc2c1CCNC2)c1ccccc1,0.382719442,2.854576652,-9.4,-9.3,4.1569,440.196074
N#CC(c1ccccc1)c1ccc(NCC(=O)c2ccc3c(c2)-c2ccccc2C3)cc1,0.336222012,2.811486745,-9.2,-9.1,6.20808,414.1732133
O=c1oc2cc(O)c(NCc3ccc4cn[nH]c4c3)cc2c2c1CCCC2,0.380605958,2.660326936,-9.8,-9.3,3.8658,361.1426415
O=C(Nc1cccc2cccnc12)c1ccc(Nc2ccc(C(=O)c3cnc4ccccc4c3)cc2)cc1,0.243389097,2.247545308,-10.9,-11.2,7.0099,494.1742759
Brc1cnc(NCc2nc3ccccc3c3ccccc23)cc1-c1ccccn1,0.336641607,2.398754009,-10.1,-9.6,6.2196,440.0636586
CC(NC(=O)c1ccc(-c2cccc3cccnc23)cc1)c1ccc2[nH]c(=O)[nH]c2c1,0.407049413,2.689340621,-10.2,-10,4.5624,408.1586259
O=C1Cc2cc(S(=O)(=O)NC(=O)NCCc3cnc4c(Cl)cnn4c3)ccc2N1,0.550189211,2.846305447,-9.6,-8.5,1.1079,434.0564016
NCCc1cnc2c(NS(=O)(=O)c3ccc4c(c3)CC(=O)N4)cnn2c1,0.598429047,2.78450766,-8.4,-7.8,0.5259,372.1004594
COC(=O)c1cc2[nH]ncc2cc1NC(=O)N1C(=O)Cc2cc(C3CCCCC3)ccc21,0.59239183,2.806279803,-9.8,-9.7,4.5184,432.1797552
Clc1cc2cn[nH]c2cc1N1CCc2c(-c3ccccc3)cccc21,0.514145292,2.397014022,-9,-9.5,5.5775,345.1032752
O=C1NCCN(C(=O)NCc2ccc(-c3ccc4c(c3)CCCO4)cc2)c2ccccc21,0.660106734,2.408622299,-10.7,-9.5,4.1382,427.1895917
O=C(NCc1ccc(-c2ccc3c(c2)CCCO3)cc1)C(=O)N1CCNC(=O)c2ccccc21,0.594522172,2.542441232,-11,-9.4,3.0714,455.1845063
CN(C(=O)C(=O)NNc1cccc2ccncc12)c1ccc2cnccc2c1,0.427107296,2.630846861,-9.5,-9.2,2.8891,371.1382248
O=C(Oc1c(Br)ccc2[nH]ncc12)c1ccc2c(c1)C(=O)Nc1ccccc1O2,0.334785703,2.639911075,-10.2,-9.4,4.9026,449.001118
O=C(CN1C(=O)Cc2cc(C3CCCCC3)ccc21)N1CC=C(c2c[nH]c3ccccc23)CC1,0.573421781,2.693920015,-10.5,-10.6,5.4206,453.2416272
Brc1ccc(NC(c2ccccc2)c2cccc3ccccc23)c2cnccc12,0.316682789,2.658359406,-9.6,-8.6,7.352,438.0731607
O=C1Cc2cc(C(=O)CN3CCc4ccc(OCc5ccccc5)cc4C3)ccc2N1,0.621992158,2.307297956,-10,-9.6,4.0012,412.1786926
O=C1Cc2ccc(Cl)cc2N1S(=O)(=O)c1ccc2c(c1)Cc1ccccc1-2,0.51106753,2.515416272,-9.9,-9.4,4.1892,395.038292
Nc1ccc(Cc2ccc3c(c2)CCN3c2cc3c(nn2)-c2ccccc2C3)cc1,0.444614269,2.566098752,-9.8,-10,4.915,390.1844467
Cc1c(C(=O)Oc2ccnc3[nH]ccc23)nnn1-c1ccc2ncccc2c1,0.489722809,2.621764205,-11,-10.5,3.21942,370.1178237
c1ccc(-c2ccc3c(c2)CCCN3c2cc3cn[nH]c3s2)cc1,0.534891518,2.638730881,-9.1,-8.7,5.3757,331.1143185
O=C1C(=O)N(C(=O)c2cc3c(cn2)Cc2ccccc2-3)c2ccc([N+](=O)[O-])cc21,0.227030815,2.677463421,-9.7,-10,2.9307,385.0698705
Oc1ccc2c(c1)Sc1ccccc1N2c1cc(-c2ncc[nH]2)ccn1,0.458875903,2.710686033,-9.1,-7.8,5.1117,358.0888321
O=C(NCCc1ccc2[nH]ncc2c1)C(=O)N1C(=O)Cc2ccc(C(=O)O)cc21,0.568393102,2.723003758,-10,-8.7,1.0357,392.1120696
C#Cc1ccc2cc(N(c3cccc(C(=O)O)c3)c3nc4ccccc4c(=O)[nH]3)ccc2c1,0.380891013,2.695373515,-10.4,-9.4,5.2256,431.1269914
COc1cc2c3c([nH]c2cc1Cl)CCN(C(=O)NCc1ccc(-c2ccc4c(c2)CCO4)cc1)C3,0.387799552,2.569290081,-10,-9.9,5.6997,487.1662694
CC(Cc1ccc2[nH]ncc2c1)NC(=O)C(=O)Nc1sc2c(c1C#N)-c1ccccc1CC2,0.404748858,3.273334562,-10.1,-9.8,3.94758,455.1415959
NCc1cccc2c1N(C(=O)C(=O)Nc1cc3cn[nH]c3cn1)C(=O)C2,0.575279545,3.123184583,-8.7,-8.1,0.471,350.1127383
N#Cc1ccc2c(c1)N(C(=O)Nc1c[nH]nc1-c1ccccc1F)C(=O)C2=O,0.667716345,2.930100631,-9.6,-8.8,2.84888,375.0767674
N#Cc1ccc2c(c1)N(C(=O)C(=O)Nc1c[nH]nc1-c1ccccc1F)C(=O)C2=O,0.626206229,3.02097678,-9.9,-9.2,1.78208,403.071682
O=c1[nH]c2cc(NC(=NO)c3ccc(-c4ccccc4)cc3)ccc2cc1CCl,0.144303085,2.429414922,-9.2,-9.3,5.1818,403.1087545
NN(C(=O)Nc1ccc(N2C(=O)c3cccc4cccc(c34)C2=O)cc1)C(=O)c1ccc2ccccc2c1,0.150255105,2.497465254,-12.1,-11,5.3416,500.1484551
O=C(c1ccc(Nc2ccc(Cc3ccc4c(c3)CCN4)cc2)cc1)c1cccc(F)c1,0.35537869,2.218564688,-9.7,-9.6,6.3591,422.1794416
Clc1ccc(NCc2nc3ccccc3c3ccccc23)c2ccncc12,0.384477887,2.250745962,-9.9,-9.7,6.2017,369.1032752
O=C(CCl)c1cc2cc(N(C(=O)Nc3cccc4c3CCNC4)c3ccccc3)ccc2[nH]1,0.268680475,2.809990565,-10,-9.1,5.6053,458.1509537
O=C(CBr)c1ccc(F)c(Nc2c(Br)cc(Cl)c3occc23)c1,0.365797688,2.752615975,-7.8,-7.8,6.309,458.8672586
O=C1Cc2ccc(C(=O)NNc3cc(I)ccn3)cc2N1,0.549138092,2.655161313,-8.3,-8,1.9377,393.9926736
Cc1cc2c(S(=O)(=O)Nc3ccc(Cl)c4cnccc34)cccc2cn1,0.563116887,2.428609115,-9,-8.5,4.54562,383.0495254
NN(c1ccc2cc(Cl)ncc2c1)c1cccc2ncccc12,0.336672858,2.58683828,-8.8,-8.1,4.4482,320.0828741
O=c1[nH]c2ccc(S(=O)(=O)NS(=O)(=O)c3cccc4cnccc34)cc2[nH]1,0.464431838,2.595121306,-9.2,-8.9,1.0716,404.0249115
O=C(Oc1cc(Cl)c2ccc(=O)[nH]c2c1)c1cc2c(=O)[nH]c3ccccc3c2s1,0.324350851,2.610740176,-10.1,-9.5,4.4569,422.0128055
Clc1cc(Cl)c2[nH]c3c(c2c1)CN(c1ccc(Cl)c2ccncc12)CC3,0.408527388,2.691554413,-9,-9.3,6.239,401.0253305
O=C(CNC(=S)c1cccc2ccccc12)c1ccc2c(c1)-c1ccccc1C2,0.32016172,2.323652433,-8.6,-7.8,5.559,393.1187352
O=C(c1ccc2c(c1)CC(=O)N2c1cc2nccc(Cl)c2cc1F)C1CCNCC1,0.632872499,2.766807128,-9.9,-9.5,4.4304,423.1149827
Brc1cc(NCc2ccc(-n3cnc4ccccc43)cc2)c2cnccc2c1,0.384118839,2.310046655,-9.2,-8.8,5.9483,428.0636586
Clc1cc(NCc2ccc(-n3cnc4ccccc43)cc2)cc2ccncc12,0.422993682,2.275156015,-9.2,-8.9,5.8392,384.1141742
O=C1Cc2cc(-c3csc(Nc4cc5[nH]ncc5cc4[N+](=O)[O-])n3)ccc2N1,0.357850304,2.78345028,-9.2,-8.9,3.8328,392.0691592
Nc1noc2cc(CNc3cc4[nH]c(=O)cnc4cc3F)ccc12,0.533368683,2.694869593,-9,-8.5,2.3977,325.0975028
COc1cc2[nH]ncc2cc1NC(=O)C(=O)NC(c1ccc(C)cc1)c1cccc(Cl)c1,0.394671588,2.855365067,-9.4,-8,4.37762,448.1302182
O=C(Nc1nnc(-c2ccc3ccccc3c2)o1)N1CCc2cc(O)c(O)cc2C1,0.438709218,2.486521778,-11.3,-9.3,3.8912,402.1328051
Clc1ccc(C(Cl)c2ccc(NCCc3ccc4[nH]ncc4c3)cc2)cc1,0.381183585,2.701270708,-8.8,-8,6.1991,395.095603
Cc1c(C(=O)NCc2ccc3c(c2)N(C(=O)c2ccc(-c4cnc5c(c4)CCC5)cc2)CCO3)c(O)nc2ccccc12,0.278133794,2.867155992,-10.9,-9.7,5.76872,570.2267054
Fc1c(NCCc2ccc3[nH]ncc3c2)ccc2ccccc12,0.582192071,2.214885701,-8.5,-8.3,4.5098,305.1328257
O=C(CCc1c(-c2ccccc2)[nH]c2ccc(Br)cc12)Nc1ncc(Br)c2cc[nH]c12,0.230257019,2.68123755,-9.7,-9.1,6.8075,535.9847354
NN(c1ccc2[nH]ncc2c1)C(F)(F)c1cccc2c(=O)[nH]cnc12,0.300863502,3.164343544,-9.1,-9.2,2.229,342.1040654
c1ccc2c(c1)ccc1c(N3CCC(c4ccnc5ccccc45)CC3)ncnc12,0.36184185,2.34558634,-10.3,-10.2,5.7152,390.1844467
C[C@H]1COc2c(F)c(F)cc3c(=O)c(C(=O)Oc4cc5nc[nH]c(=O)c5cc4Cl)cn1c23,0.364086857,3.470527389,-10,-10.3,3.3422,459.0433546
Cc1cn(-c2ccc(C#N)cn2)nc1Nc1cccc2cn[nH]c12,0.6055529,2.816123573,-8.9,-8.4,3.0673,315.1232434
O=C(CNc1cccc(C(=O)c2ccccc2)c1)c1ccc2c(c1)Cc1ccccc1-2,0.365444667,2.132314524,-9.2,-9.9,5.7836,403.1572289
O=Cc1ccc2ccccc2c1OC(=O)c1ccc(-n2cnc3ccccc3c2=O)cc1,0.241774595,2.292808393,-9.7,-9.3,4.5706,420.111007
O=C(NCc1ccc(Cn2cnc3ccccc32)cc1)Nc1nccc2sccc12,0.425123182,2.351626496,-9.3,-9,5.016,413.1310312
O=S(=O)(NCc1cccc2[nH]ncc12)c1ccc2c(c1)Cc1ccccc1-2,0.503827057,2.351375426,-8.7,-9,3.6126,375.1041478
O=C1CCc2cc(Cl)c(S(=O)(=O)NCc3ccc(-c4ccc5ccccc5c4)cc3)cc21,0.410183656,2.287477963,-8.9,-8.6,5.7676,461.0852422
O=C(Nc1ccc(Oc2nncc3ccccc23)cc1)Nc1ccc2c[nH]nc2c1,0.398927217,2.549590714,-9.9,-9.4,4.9424,396.1334738
O=C(NC(=O)c1ccc2c(c1)OCCN2)C(=O)Nc1ccc(Oc2nncc3ccccc23)cc1,0.388673282,2.673684651,-10.9,-10.1,3.1215,469.1386187
NC(c1cccc(Cl)c1)c1cccc(Nc2nnc(-c3cccc4ccccc34)o2)c1,0.342830411,2.751826893,-9.8,-9.2,6.3349,426.1247389
O=C(Nc1ccc2[nH]nc(Cl)c2c1)Nc1ccc([N+](=O)[O-])cc1C(=O)c1ccccc1,0.230507711,2.368183599,-10,-8.9,4.9995,435.0734316
Brc1ccc2ncccc2c1Nc1cc(Cc2ccccc2)ccn1,0.483898838,2.201328575,-8.6,-8.5,5.7267,389.0527596
Nc1ccc(Cc2ccc3c(c2)CCN3c2ccc(F)c3nccc(Cl)c23)cc1,0.43319874,2.509544592,-9.8,-9,5.8945,403.1251535
O=C(c1ccc(NC(=NO)c2cccc3ccccc23)cc1)c1cnc2ccccc2c1,0.126131956,2.320557814,-10.4,-9.8,5.8669,417.1477268
O=Cc1ccc(-c2ccccc2OC(=O)c2cc3c(cn2)Cc2ccccc2-3)s1,0.231027837,2.615625465,-9.9,-9.1,5.413,397.0772643
O=C(NCc1ccc2[nH]c(=O)[nH]c2c1)Nc1c(Cl)ccc2cnccc12,0.446009483,2.436744566,-9.4,-8.6,3.3795,367.0836024
O=C1Cc2cc(CNc3cccc4sncc34)ccc2N1,0.778356978,2.590289774,-8,-8,3.403,295.077933
COC(=O)c1cc2[nH]ncc2cc1Nc1ccc(C(Cl)c2ccc(Cl)cc2)cc1,0.300119404,2.85579524,-8.7,-8.6,6.0747,425.0697821
COC(=O)c1cc2[nH]ncc2cc1Nc1ccc(C(Cl)c2ccc(F)cc2)cc1,0.334247231,2.860102561,-9,-8.3,5.5604,409.0993327
COc1ccc2[nH]cc(C3=CCN(C(=O)Nc4c(Cl)ccc5ncccc45)CC3)c2c1,0.435950146,2.558803704,-9.5,-9,5.6993,432.1353036
NS(=O)(=O)c1ccc2cc(NC(=O)N3CC=C(c4c[nH]c5ncccc45)CC3)ccc2c1,0.443403483,2.597327796,-9.8,-9.2,3.6847,447.1365105
O=c1c2ccccc2cnn1Cc1nc(CNc2cc3cc[nH]c3cn2)cs1,0.481782757,2.712447582,-9.6,-8.6,3.3897,388.1106301
Fc1ccc(N2CC=C(c3ccc(Cl)c(Cl)c3)CC2)c2cnccc12,0.549851528,2.531682005,-8.7,-8.6,5.9744,372.0596321
O=C(O)c1ccc2cc(Nc3nc(-c4ccc5c(c4)Cc4ccccc4-5)cs3)ccc2c1,0.314255962,2.302224918,-10.3,-10.3,6.9763,434.1088988
Nc1cc(-c2ccccn2)c(Nc2cc(Br)cc3ccccc23)cn1,0.491917423,2.385556189,-8.1,-8.9,5.3851,390.0480086
O=[N+]([O-])c1cc2cn[nH]c2cc1NCc1cccc(-c2cccc(O)c2)c1,0.360066858,2.375454364,-9.2,-9.1,4.4558,360.1222404
NN(C(=O)Nc1cc(-c2ccc3ccccc3c2)[nH]n1)c1cccc2ccncc12,0.234735989,2.719978403,-10.5,-9.3,4.6903,394.1542092
O=C(Oc1ccc(F)c2[nH]ccc12)c1cccc(Nc2nc3ccccc3c(=O)[nH]2)c1,0.296886605,2.551209857,-10.8,-9.5,4.5063,414.1128186
ON=C(Nc1cc2[nH]ncc2cc1Br)c1ccc(-c2ccccc2)cc1,0.188243804,2.497707627,-9,-9.1,5.2403,406.0429232
ON=C(Nc1cc2cn[nH]c2cc1Cl)c1ccc(-c2ccccc2)cc1,0.204544861,2.414417546,-9.1,-9.2,5.1312,362.0934388
CC(C)n1ncc2cc(C=O)c(OC(=O)c3nccc4c3[nH]c3ccccc34)nc21,0.360882638,2.93081804,-10,-8.8,4.0734,399.1331394
Oc1ccnc(-c2cccc(N3CC=C(c4c[nH]c5ccc(F)cc45)CC3)c2)c1,0.498573019,2.66847379,-9.6,-10,5.3683,385.1590405
O=C1Cc2ccc(C(F)(F)F)cc2N1C(=O)Nc1ccc(Cl)c2ncccc12,0.617431396,2.568739497,-10.1,-9.5,5.0282,405.0491889
Fc1cccc(C(Nc2cc3cn[nH]c3s2)c2cccc(Br)c2)c1,0.457973646,3.292589501,-8.5,-8.3,5.7275,400.9997587
Oc1cccc2scc(Nc3ccc(Oc4nncc5ccccc45)cc3)c12,0.391988468,2.53256102,-9.8,-9.4,6.086,385.0884977
Nc1ccc(Nc2cccc(C(=O)c3ccc(I)cc3)c2)c2cnccc12,0.240848086,2.271920636,-9.4,-8.5,5.3962,465.0338101
O=Cc1cc(OC(=O)c2nccc3c2[nH]c2ccccc23)cc2cccnc12,0.291963326,2.587913736,-9.8,-9.3,4.296,367.0956913
N#Cc1cccc(Oc2ccc(NC(=O)C(=O)Nc3cc4cn[nH]c4cn3)cc2)c1,0.452242395,2.478503741,-9.3,-8.2,3.19908,398.1127383
CC(Nc1cccc2c1oc1ccccc12)c1ccc2c(c1)CCC(=O)N2,0.499053886,2.811601769,-9.9,-9.4,5.6438,356.1524779
O=C(CBr)c1cccc(NCc2ccc3cn[nH]c3c2)c1,0.547435795,2.27797502,-7.6,-7.7,3.7526,343.0320242
N#Cc1cccc(COc2cccc(N3C(=O)c4cccc5c(S(=O)(=O)Cl)ccc3c45)c2)c1,0.355758286,2.47450553,-10.1,-9,5.50988,474.0441056
COc1cc2[nH]ncc2cc1NC(=O)Nc1cnccc1C1CC1,0.685098534,2.460024777,-7.8,-7.6,3.4879,323.1382248
COc1cc2[nH]ncc2cc1NC(=O)C(=O)Nc1cnccc1C1CC1,0.6255659,2.528417431,-8.5,-7.5,2.4211,351.1331394
O=S(=O)(Nc1ccc2cc[nH]c2n1)c1ccc(F)c2cnccc12,0.598884243,2.598658891,-9.2,-8.1,3.051,342.0586748
O=C(Oc1cccc2c(=O)[nH]nnc12)c1cc2c(=O)[nH]c3ccccc3c2s1,0.353328662,2.789327203,-10.3,-9.3,2.5935,390.0422758
Cc1c(OC(=O)c2cc3ccccc3[nH]c2=O)cnc2[nH]ccc12,0.556061851,2.521565914,-9.2,-8.4,2.93202,319.0956913
Oc1ccc2cc(Nc3ccc(Oc4nncc5ccccc45)cc3)ccc2c1,0.399310504,2.244596406,-10.3,-9.8,6.0245,379.1320768
O=c1[nH]cnc2[nH]cc(N3CCc4cc(-c5ccccc5)oc4C3)c12,0.5912303,2.919393856,-9.4,-9.2,3.0739,332.1273258
O=C(CCn1c(=O)[nH]c(=O)c2ccccc21)Oc1ccc2c(c1)[nH]c1nc[nH]c(=O)c12,0.297986166,2.727941733,-9.8,-9.4,1.4033,417.1073186
c1ccc(CCc2ccnc(Nc3cccc4ccccc34)c2)cc1,0.504359816,1.845927544,-9,-8.7,5.7636,324.1626486
O=C(Nc1ccccc1-c1ccc2ccccc2c1)C(=O)N[C@@H]1C[C@H]1c1c(F)cccc1Br,0.334956689,3.110341568,-11.3,-9.8,6.0192,502.0692182
O=C1Cc2cc(N3CC=C(c4c[nH]c5cc(F)ccc45)CC3)c(F)cc2N1,0.713839416,2.817554956,-9.2,-9.5,4.2344,365.1339686
Cc1cc(C)cc(C(Nc2cc3cn[nH]c3s2)c2cccnc2)c1,0.561435261,3.422917413,-8.9,-8.2,4.83774,334.1252176
Clc1ccc2c(Nc3ccc4sncc4c3)cccc2n1,0.514263344,2.466362231,-8.2,-8.2,5.2415,311.028396
O=C(Nc1ccc2cn[nH]c2c1)c1ccc(Nc2ccnc(Br)c2)cc1,0.427152134,2.292835562,-9,-8.1,4.7163,407.0381722
Nc1ccc(C(=O)N(c2ccnc(Br)c2)c2ccc3cn[nH]c3c2)cc1,0.391334964,2.681623951,-8.7,-7.7,4.2811,407.0381722
N#Cc1ccc(-c2ccc3c(c2)N(c2cc4ccccc4[nH]c2=O)CCO3)cc1,0.552719337,2.409545826,-10.4,-9.2,4.59728,379.1320768
C[C@H](N)c1ccncc1Nc1ccc2c3c(cccc13)CC2,0.763026655,2.869912486,-8.2,-8.2,4.0967,289.1578976
O=C1c2ccccc2CCC12CCN(c1cccc3[nH]ncc13)CC2,0.733627212,2.988473434,-9.6,-9.4,3.9786,331.1684623
Brc1cc(NCCNc2cccc3ccccc23)c2cn[nH]c2c1,0.426527976,2.283805068,-7.7,-8.1,5.0026,380.0636586
Fc1cc(NCCNc2cccc3ccccc23)cc2[nH]ncc12,0.478358851,2.304767365,-8.3,-8.3,4.3792,320.1437248
O=C1CN(c2cncc3c(Cl)cccc23)c2ncc(C(=O)O)cc2N1,0.733935501,2.739065754,-8.8,-8.7,3.0716,354.0519679
Cc1cccc(-c2cccc(CNC(=O)C(=O)Nc3cnc4[nH]nc(C)c4c3)c2)c1,0.457424426,2.399714999,-10.2,-9.4,3.49664,399.1695249
O=C(Oc1cc2cnccc2cc1F)c1ccc2c(c1)-c1ccccc1C2,0.324101526,2.32135381,-10.3,-10,5.1643,355.1008569
O=C(CNc1cccc2[nH]ncc12)c1ccc2ccccc2c1,0.559887917,2.110208777,-9.1,-8.3,4.0109,301.1215121
Cc1[nH]c2cccc(C#N)c2c1CCNc1cc2cccc(F)c2cn1,0.564351737,2.641950105,-8.2,-9.1,4.6899,344.1437248
N#Cc1cnc2ccccc2c1Nc1nc(-c2ccc3c(c2)Cc2ccccc2-3)cs1,0.355509635,2.458894172,-10.6,-10.7,6.54478,416.1095675
O=S(=O)(Nc1cncc2c(F)cccc12)c1cccc2cnccc12,0.609185414,2.369305082,-9.3,-8.4,3.7229,353.0634258
NS(=O)(=O)c1ccc(Nc2nc(-c3ccc4c(c3)CC(=O)N4)cs2)c2cnccc12,0.449753906,2.690039865,-9.6,-9,3.2439,437.0616313
O=c1[nH]c2ccc(CNc3cccc(C4=CCNCC4)c3)cc2[nH]1,0.597169748,2.570757831,-8.8,-8.9,2.845,320.1637113
NS(=O)(=O)c1ccc2cccc(Nc3ccc4cc[nH]c4n3)c2c1,0.53406229,2.404897018,-8.8,-8.7,3.1071,338.0837467
Cc1c(N2C(=O)Cc3cc(S(=O)(=O)Cl)ccc32)cnc2[nH]ccc12,0.71102513,2.869958866,-9.1,-8.8,3.01962,361.0287899
O=C(Nc1cccc(-c2nc3cc(Cl)ccc3[nH]2)c1)N1CC=C(c2c[nH]c3ccc(F)cc23)CC1,0.261875554,2.646364289,-11.3,-11.3,6.8249,485.1418662
Nc1cccc(-c2nc3cc(N4CC=C(c5c[nH]c6ccc(F)cc56)CC4)ccc3[nH]2)c1,0.324718644,2.722430646,-10,-9.8,5.7262,423.1859239
O=S(=O)(Nc1cnc2[nH]cc(Cc3ccccc3)c2c1)c1cccc(Oc2ccccc2)c1,0.327417171,2.267589658,-9.2,-8.9,5.7468,455.1303625
O=[N+]([O-])c1cnc(NC2(c3cc(F)cc(Br)c3)CC2)c(-c2ccccc2)c1,0.420778265,2.691670901,-8.3,-7.6,5.6596,427.033167
Cc1cnccc1N1CCN(Cc2ccc3cn[nH]c3c2)CC1,0.807806239,2.285955158,-8,-7.6,2.58852,307.1796957
Clc1ncnc2[nH]c3cc(N4c5ccccc5C=Cc5ccccc54)ccc3c12,0.314732141,2.703834689,-9.9,-10.1,6.7181,394.0985242
O=S(=O)(Nc1cc(Br)c2cnccc2c1)c1ccc2c(c1)Cc1ccccc1-2,0.401415803,2.411440023,-9.4,-9.4,5.3693,450.0037608
N#Cc1ccc(CNC(=O)c2n[nH]c(=O)c3ccccc23)c(F)c1,0.768668746,2.189196605,-8.9,-8.6,1.86388,322.0866038
Clc1cccc(-c2cc(Cl)ccc2Nc2ccc3[nH]c4ncnc(Cl)c4c3c2)c1,0.286404926,2.474075361,-9.4,-9.9,7.4819,438.0205795
Cc1cc(-c2cccc(Cl)c2)ccc1Nc1ccnc2c(Br)cnn12,0.456929681,2.371926236,-9.1,-9.2,5.86422,412.0090362
C[C@H]1COc2c(C3(N)CC3)c(F)cc3c(=O)c(C(=O)N4C(=O)C(c5cccc(N)c5)=C(c5cn(C)c6ccccc56)C4=O)cn1c23,0.226982912,3.927697504,-10.9,-10.4,4.2357,617.2074472
C[C@H]1COc2c(C3(NC(=O)C(=O)Nc4cccc(C5=C(c6cn(C)c7ccccc67)C(=O)NC5=O)c4)CC3)c(F)cc3c(=O)c(C(=O)O)cn1c23,0.154410779,3.938015247,-12.4,-10,3.5951,689.1921911
O=C1CCCc2cc(S(=O)(=O)Cl)ccc2N1c1ccnc2[nH]ccc12,0.694762272,2.646296523,-9.4,-8.2,3.4914,375.04444
Clc1cc2ccc(N3CCN(c4nccc5sccc45)CC3)cc2cn1,0.466335305,2.466702417,-8.8,-8.2,4.8245,380.0862452
O=C(Nc1cncc2c(Cl)cccc12)c1ccc(-n2cnc3ccccc3c2=O)cc1,0.447543656,2.275065242,-9.8,-9.5,4.8396,426.0883534
N[C@@H]1CC[C@H](Nc2ccc(S(=O)(=O)Cl)c3ccncc23)C1,0.846636711,3.292077483,-7.5,-7.3,2.454,325.0651754
C[C@@H](Nc1nccc2cc(Br)ccc12)c1ccc2ccccc2c1,0.451684679,2.506361369,-9.3,-8.9,6.3236,376.0575106
COc1cc(Nc2cccc3cc(S(=O)(=O)F)ccc23)c2ccncc2c1,0.513700779,2.396999289,-9,-8.6,4.7984,382.0787416
Nc1c(NC(=O)C(=O)NCc2ccc3ccc(Br)cc3c2)cnc2ccccc12,0.412371363,2.306099769,-9.9,-9.3,3.9876,448.0534879
O=C(Nc1ccc2c3c(cccc13)CC2)C(=O)Nc1ccc(Br)c2cccnc12,0.433803004,2.401908878,-10.3,-9.5,4.8263,445.0425889
O=C1Cc2ccc(C(F)(F)F)cc2N1c1cc(Cl)cc2ccncc12,0.601096161,2.617483764,-9,-8,5.1278,362.0433753
NN(c1ccc2cnc(C(F)(F)F)cc2c1)c1nc2ccccc2c(=O)[nH]1,0.415926761,2.924534059,-10,-9.3,3.5019,371.0993947
O=C1Cc2cc(C(=O)C3CCN(c4ccc5cn[nH]c5c4)CC3)ccc2N1,0.703518345,2.515217491,-9.3,-9,3.1568,360.1586259
NS(=O)(=O)c1ccc2cccc(Nc3cc4cccc(F)c4nc3I)c2c1,0.324809217,2.591085881,-9.5,-9.3,4.5227,492.9757239
NS(=O)(=O)c1ccc2cccc(Nc3nc4c(F)cccc4cc3Br)c2c1,0.478749344,2.40029499,-9.5,-9.3,4.6806,444.989588
Brc1ccc2[nH]c3ncnc(Nc4ncccc4-c4ccccc4)c3c2c1,0.397280792,2.443181539,-9.3,-9.4,5.6792,415.0432575
Oc1c(NCc2ccc(-c3ccc4ccccc4c3)cc2)ccc2ccccc12,0.332194645,1.945418052,-10.3,-10.1,6.9777,375.1623143
NN(c1ccc2cc[nH]c2n1)c1cccc2ccncc12,0.435336726,2.925735184,-8.5,-7.7,3.1229,275.1170954
O=C1Cc2cc(-c3csc(Nc4ccc(Cl)c5ccncc45)n3)ccc2N1,0.499346594,2.540601522,-9.7,-8.6,5.2499,392.0498597
Cc1cc(Nc2c(O)ccc3cc(Br)ccc23)cc2[nH]ncc12,0.424429196,2.564881731,-8.5,-8.4,5.23622,367.0320242
O=c1[nH]cnc2c1cnn2-c1ccccc1Nc1nccc2cc(F)ccc12,0.505701814,2.611003042,-9.1,-9.2,3.5397,372.1134873
NN(C(=O)c1cccc2cccnc12)c1cc2c3c(c(=O)oc2cc1O)CCCC3,0.230422107,2.829667056,-9.5,-9.7,3.4461,401.1375561
O=C(NCc1cc(Br)cc2cccnc12)N1c2ccccc2C=Cc2ccccc21,0.372922599,2.587761795,-10.6,-9.6,6.529,455.0633243
O=C(c1ccccc1)c1cc([N+](=O)[O-])ccc1Nc1cnc2c(Br)cnn2c1,0.282039043,2.507254275,-9,-8.2,4.3746,437.0123513
N#Cc1cc(Nc2ccc([N+](=O)[O-])cc2C(=O)c2ccccc2)c2ccccc2c1,0.270626287,2.209816609,-10,-9,5.59428,393.1113413
Nc1ccc(NC(=O)C(=O)NC(=NO)c2ccc(-c3ccccc3)cc2)c2cnccc12,0.099850616,2.591307729,-9.6,-9,3.3747,425.1487895
O=C(Oc1cc2c(nn1)-c1ccccc1C2)c1ccc(F)c2cnccc12,0.447628956,2.67161418,-9.9,-9.4,3.9543,357.0913548
Nc1n[nH]c2cc(CNc3ccc(C(=O)c4cnc5ccccc5c4)cc3)ccc12,0.381107222,2.321478229,-10,-9.4,4.5364,393.1589602
O=C(OS(=O)(=O)c1ccc(-c2ccccc2)cc1)c1n[nH]c2ccc(Cl)cc12,0.50069048,2.305681968,-8.4,-8.8,4.429,412.0284556
CCc1cccc2c(C3=CCN(c4cc5[nH]ncc5cc4Cl)CC3)c[nH]c12,0.49181675,2.873128299,-8.9,-9.1,5.5537,376.1454744
CN(CCC=C1c2ccccc2COc2ccccc21)c1cc2cc[nH]c2cn1,0.513562112,2.808126818,-9.4,-9.4,5.4135,381.1841124
O=C1CCc2cc(I)ccc2N1c1cc(Br)c2cccnc2c1,0.449456753,2.550897116,-8.5,-8,5.2128,477.9177731
Nc1cc(-c2cc(F)cc(OC(=O)c3cc(F)c4[nH]c(=O)ccc4c3)c2)[nH]n1,0.372303256,2.760728869,-9.8,-9.5,2.9978,382.0877467
Fc1ccc(NC(c2ccccc2)c2cccc3ccccc23)c2ccncc12,0.375003258,2.623288386,-9.8,-9.5,6.7286,378.1532268
O=C1c2ccccc2C(F)(F)C(=O)N1c1ccc(Cc2ccccc2)cc1,0.640124349,2.228252435,-9.5,-9.5,4.5562,363.1070852
O=C1CCCc2c1[nH]c1ccc(N3C(=S)Cc4ccccc43)cc21,0.655739012,2.743563793,-9.1,-8.8,4.7085,332.0983341
O=C(Oc1ccc2c(c1)[nH]c1ncnc(Cl)c12)c1c(F)ccc2[nH]cnc12,0.273524139,2.85384253,-9.6,-8.6,3.9991,381.0428804
Ic1ccc2cc(NCc3ccc4[nH]nnc4c3)ccc2c1,0.503789188,2.544284304,-8.5,-8.3,4.3278,400.0184944
Clc1ccc2cc(NCc3ccc4[nH]nnc4c3)ccc2c1,0.590419164,2.368020635,-8.5,-8.3,4.3766,308.0828741
Cc1cccc(C2=CCN(C(=O)NCc3ccc(-c4ccc5c(c4)CCCO5)cc3)CC2)c1,0.543911924,2.410514796,-10.2,-10.4,5.98592,438.2307282
Clc1nccc2cc(NC3(c4ccc5ccccc5c4)CC3)ccc12,0.45119234,2.407658823,-9.6,-8.7,6.1426,344.1080262
Clc1cc(NCc2ccc3cn[nH]c3c2)c2nc[nH]c2c1,0.539793972,2.572557764,-8,-7.9,3.7047,297.0781231
O=c1c2ccccc2oc2ccc(Nc3cccc4[nH]ccc34)cc12,0.439917967,2.169796766,-9.7,-9.3,5.1711,326.1055277
OCCc1cnc2c(NC3CCN(c4cccc(Cl)c4)CC3)cnn2c1,0.721377264,2.588813498,-8.3,-7.9,2.9984,371.151288
Cc1ccc(C)c2c1C(=O)N(c1cc(F)c(Br)c3cccnc13)C2=O,0.564364292,2.722029163,-9.2,-8.7,4.55384,398.0066179
Brc1ccc2ccncc2c1N[C@@H]1C[C@]12CCOc1ccccc12,0.685627811,4.034008425,-9,-8.4,4.902,380.0524253
CC#Cc1ccc2cc(Nc3ccc4scnc4c3Br)ccc2c1,0.402887199,2.733159397,-8.4,-7.6,6.327,391.9982815
Cc1nccc(Oc2ccc(Nc3ccnc4c3ccc3cccnc34)cc2)n1,0.420565022,2.391130574,-9.4,-9.4,5.41732,379.1433102
O=S(=O)(Nc1ccc2c(c1)Cc1ccccc1-2)c1ccc(F)c2cnccc12,0.483798655,2.329130622,-9.9,-9.6,4.7459,390.0838269
O=C(CCC(=O)c1ccc2c(c1)-c1ccccc1C2)Oc1ccc(Cl)c2ccncc12,0.195115386,2.450369857,-8.8,-8.8,6.0279,427.0975211
Fc1cccc(N(c2ncc(Br)cn2)c2ccc3[nH]ncc3c2Cl)c1,0.485298079,2.850305082,-8.2,-7.8,5.3777,416.9792133
O=C1Cc2cc(C(=O)CNNc3cccc4ccncc34)ccc2N1,0.493901662,2.64326346,-8.3,-7.7,2.5288,332.1273258
O=C(Nc1cccc2[nH]c(=O)oc12)N(Cc1ccccc1)c1ncnc2[nH]cnc12,0.423918018,2.917965816,-10,-8.9,3.0261,401.1236373
O=C(Nc1cc(Cc2ccccc2)ccc1O)Nc1ccc2nccnc2c1Br,0.367671762,2.354192394,-9.3,-9.1,5.3327,448.0534879
O=C(O)CCc1c(-c2ccccc2)[nH]c2ccc(Nc3cc([N+](=O)[O-])ccc3Nc3ccccc3)cc12,0.127050243,2.426613911,-10,-8.9,7.2475,492.1797552
O=C(O)c1cc2ccc(N3CC=C(c4cccc(OC(F)(F)F)c4)CC3)cc2[nH]1,0.640427543,2.635528149,-9.2,-8.9,5.0584,402.1191271
NN(c1cccc2cnccc12)c1nccc2sccc12,0.4501,2.762687789,-8,-7.6,3.8563,292.0782674
c1cc(NNc2nccc3sccc23)c2ccncc2c1,0.553216994,2.493109554,-7.7,-7.6,4.2835,292.0782674
C[C@@H](NCC(=O)c1c[nH]c2ncccc12)c1cccc2cnccc12,0.548081631,2.894483706,-7.7,-8.4,3.6446,330.1480612
OCc1cc2cc(N3CCCc4cc(-c5ccccc5)ccc43)ccc2cn1,0.521594981,2.289135626,-9.3,-8.6,5.4784,366.1732133
O=S(=O)(Nc1n[nH]c2nccnc12)c1cccc2cnccc12,0.592177852,2.681756765,-9,-8,1.7019,326.0585946
O=c1[nH]ncc2ccc(NCc3nc4ccccc4c(=O)[nH]3)cc12,0.533790633,2.408178298,-9.5,-9.1,1.7717,319.1069247
CS(=N)(=O)c1ccc2c(c1)N(c1ccc3[nH]c(=O)c(C#N)cc3c1)CC2,0.729280972,3.186599157,-9.7,-9.8,3.12945,364.0993968
O=Cc1ccccc1-c1ccccc1Nc1cc2c(cn1)OCCC2,0.708692843,2.438732109,-9,-8.8,4.6297,330.1368278
Cc1cc(N2CCC(n3cnc4ccccc4c3=O)C2)cc2c(=O)[nH]ccc12,0.587194792,2.954623436,-10.1,-9.4,2.99782,372.1586259
NN(c1cc2c(cc1F)NC(=O)C2)c1ccnc2cccnc12,0.560225251,2.921688724,-8.8,-8.3,2.2753,309.1025882
NN(c1cc2c(cc1Br)CC(=O)N2)c1ccnc2cccnc12,0.535405467,2.97192299,-8.8,-8.1,2.8987,369.0225221
O=C(NCc1ccc2c(c1)N(C(=O)C=C1CCOc3ccccc31)CCO2)c1ccc(-c2cccc3cccnc23)o1,0.265915859,2.976766507,-11.6,-11.8,6.0163,557.195071
O=C(O)c1cncc2c(N3CCc4ccc(C5CC5)cc4C3)cccc12,0.76628829,2.456496566,-9,-8.6,4.3731,344.1524779
NS(=O)(=O)c1ccc(NC(=O)NNc2ccc(Br)c3cnccc23)cc1,0.468212,2.387625064,-8.5,-8.2,2.7933,435.0000724
C#Cc1ccc2cc(N3CC=C(c4cccc(Cl)c4F)CC3)ccc2c1,0.512918369,2.594286105,-8.9,-8.8,5.9073,361.1033554
CC(Cc1ccc2[nH]ncc2c1)N(C)c1ccnc2ccsc12,0.61103051,3.23478475,-7.9,-7.6,4.24,322.1252176
NN(c1cccc2ncccc12)c1ccnc2[nH]ccc12,0.435336726,2.682518558,-8.1,-7.8,3.1229,275.1170954
CCN(C(=O)c1ccc2cccnc2c1O)c1cnc2[nH][nH]c(=O)c2c1,0.524235355,2.841099136,-8.8,-8,2.1717,349.1174893
O=C(OCc1ccc2cn[nH]c2c1)c1nccc2c1[nH]c1ccccc12,0.486339019,2.456961557,-9.6,-9.2,3.9494,342.1116757
FC(F)(F)c1ccc2c(c1)N(c1cccc3cn[nH]c13)CCC2,0.707312562,2.519749563,-8.5,-8.6,4.666,317.1139821
O=C(Cn1c(=O)[nH]c(=O)c2ccccc21)Oc1ncc(Cl)c(-c2c[nH]c3ccccc23)n1,0.408266475,2.729531475,-9.5,-10.4,2.8871,447.0734316
Oc1ccc(CNc2nnc(-c3ccc4ccccc4c3)o2)c2cccnc12,0.475930154,2.375760835,-10,-9.4,4.7557,368.1273258
CN(C(=O)C(=O)NCc1cccc2c1NC(=O)C2)c1ccc2cnccc2c1,0.686301356,2.767835429,-9.6,-8.6,2.0086,374.1378904
NCCCN(c1ccc2cn[nH]c2n1)c1ncccn1,0.722896672,2.99427955,-6.7,-6.2,1.2348,269.1388935
N#Cc1cc(F)cc(OC(=O)Cc2ccc3[nH]ncc3c2)c1,0.594944042,2.455496984,-8.3,-7.7,2.72178,295.0757048
O=C1Cc2cc(Cl)ccc2N1Cc1ccc2cn[nH]c2c1,0.788732245,2.331900115,-8.5,-8.2,3.3056,297.0668897
NS(=O)(=O)c1cccc(C(=O)Nc2cc(-c3ccccc3)ccn2)c1,0.752478073,1.8792196,-8.9,-9.2,2.6483,353.0834123
O=C1CNc2cc(Br)ccc2N1c1ccc2cn[nH]c2c1,0.711817157,2.646396206,-8,-7.9,3.4156,342.0116231
N#Cc1ccc(CCNC(=O)C(=O)Nc2n[nH]c3ccc([N+](=O)[O-])cc23)cc1,0.348271589,2.435750875,-8.9,-8.1,1.64018,378.1076529
C[C@@H](N)c1ccc2c(c1)CCN2c1cc(-c2ccccc2)ccn1,0.775525225,2.597075435,-9.1,-8.7,4.4625,315.1735477
N#Cc1ccc2c(c1)CN(C(=O)NCc1ccc3c(c1)CC(=O)N3)C2,0.884550949,2.473585852,-9.4,-8.4,2.27828,332.1273258
N#Cc1ccc2c(c1)CN(C(=O)C(=O)NCc1ccc3c(c1)CC(=O)N3)C2,0.786012624,2.60162746,-9.4,-8.7,1.21148,360.1222404
NCC(Nc1c[nH]c2ncccc12)c1ccc2ncccc2c1,0.54058828,2.932640581,-8,-7.7,3.223,303.1483955
O=C(CN1CCC(n2c(=O)oc3ccccc32)C1)c1cccc2ccccc12,0.510347692,2.729549077,-9.4,-9.6,3.8774,372.1473925
CN(c1cnc(C#N)cn1)c1cc2cn(C)nc2cn1,0.696014145,3.225693123,-7.3,-6.9,1.39788,265.1075934
Cc1nccc(-c2ccc(NC(=O)N3CCC(c4cccc5[nH]ccc45)CC3)cc2)n1,0.477515471,2.375145631,-10,-9.2,5.34482,411.2059104
C[C@H](NC(=O)N1C(=O)C(=O)c2ccccc21)c1ccc2ccccc2c1,0.718398591,2.576589317,-9.6,-9.9,3.8399,344.1160924
N#Cc1cccc(C(=O)Nc2cccc(-c3cn[nH]c3)c2)c1,0.776094558,2.085261338,-8.4,-7.9,3.20068,288.101111
O=C(CCl)c1cc2cc(N3C(=O)c4cccc5cccc3c45)ccc2[nH]1,0.41103372,2.477976566,-9.5,-8.8,5.0345,360.0665553
O=C(Nc1cc(Cc2ccccc2)ccc1O)Nc1cncc2ccccc12,0.434235168,2.109233623,-9.6,-9.7,5.1752,369.1477268
Clc1ccc2nccc(Nc3nc(-c4ccccn4)nc4sccc34)c2c1,0.428550351,2.44073077,-9.5,-8.3,5.6985,389.0501941
N[C@H]1COC[C@H]1NC(Cl)(Cl)C(=O)c1c[nH]c2ncccc12,0.445131067,4.024144758,-7.4,-7.1,1.1927,328.049381
Nc1n[nH]c2cc(Nc3cc(Oc4ccccc4)ccc3O)ccc12,0.415746306,2.212414777,-8.7,-8.5,4.3866,332.1273258
CC1CCc2c(sc3nc(CCl)nc(Nc4ccc5c(c4)Cc4ccccc4-5)c23)C1,0.316540582,3.095288467,-10.1,-9.8,6.8697,431.1222964
Nc1ccc(-c2nc3ccc(NC(=O)C(=O)NCc4cccc5c4NC(=O)C5)cc3[nH]2)cc1,0.244884688,2.6499523,-10.1,-10.1,2.5616,440.1596885
N#Cc1ccc(CNc2ccc(-c3ccncc3)cn2)c(F)c1,0.796784854,2.208528292,-8.2,-8,3.76648,304.1124246
Clc1cc(Nc2ccc(-c3ccccc3)cc2)c2ncccc2c1,0.476556953,1.845295426,-8.8,-8.5,6.2988,330.0923762
Fc1cc(NC(c2ccccc2)c2ccc3[nH]cnc3c2)cc2cnccc12,0.443330287,2.992503387,-10,-8.8,5.4517,368.1437248
NCc1ccc2c(NC(=O)NCC=Cc3cccnc3)noc2c1,0.668719851,2.659828189,-7.4,-7.3,2.5164,323.1382248
O=C(NC(=O)Nc1cccc2c(C(=O)O)cccc12)Nc1cccc2ccccc12,0.386784079,2.06685346,-9.3,-9.5,5.0448,399.121906
Cn1cc(C(=O)Nc2ccc3c(=O)[nH]cnc3c2)c(-c2coc3ccccc23)n1,0.495539631,2.63043635,-10.1,-8.9,3.3221,385.1174893
O=C(Oc1nccc2c(=O)[nH]cnc12)c1ccc(-c2cccc3cccnc23)cc1,0.468138512,2.558555851,-9.5,-10.2,3.7525,394.1065903
Brc1cnc2cc(N3CCCc4c3cnn4-c3ccccc3)cnc2c1,0.485859033,2.611743575,-9.3,-8.7,4.6623,405.0589076
O=c1[nH]cnc2ccc(N3CCc4ccc(C5CC5)cc4C3)cc12,0.788227463,2.474879178,-9,-9,3.3632,317.1528122
O=C(Nc1cnc2[nH]ccc2c1)C(=O)N1CCc2cc(OCc3ccccc3)ccc2C1,0.487708136,2.471264361,-9.7,-9.5,3.6653,426.1691906
O=C(O)C1Cc2cn[nH]c2CN1c1ccc2[nH]ncc2c1,0.658281943,3.366948457,-8.2,-8.2,1.3019,283.1069247
Cn1cc(C2=C(c3cccc(N)c3)C(=O)N(C(=O)NCc3ccc(-c4ccc5ccccc5c4)cc3)C2=O)c2ccccc21,0.174853384,2.763678132,-11.8,-10.4,6.7701,576.2161408
NN(c1cccc2cnccc12)c1cccc2cc(Cl)ncc12,0.336672858,2.700230014,-8.7,-8.1,4.4482,320.0828741
Fc1cc2c(cc1Br)CCCN2c1cc2c(nn1)-c1ccccc1C2,0.451849209,2.686251025,-9.2,-9.4,5.0337,395.0433378
Cc1n[nH]c2ncc(NC(=O)N3C(=O)c4cc(Br)ccc4S3(=O)=O)cc12,0.603740695,3.092235259,-9.6,-8.9,2.40542,434.9636869
O=C(OS(=O)(=O)c1cnc2ccccc2c1)c1ccc2c(c1)-c1ccccc1C2,0.420317577,2.424839097,-10,-9.7,4.3517,401.072179
Cc1[nH]c2ncnc(NC(=O)NS(=O)(=O)c3ccc(C(=O)CBr)cc3)c2c1C,0.391147417,2.718972779,-9.4,-8.3,2.66274,465.0106371
Nc1cccc(-c2ccc(Nc3cc(Br)cc4ccccc34)c(Cl)c2)c1,0.340527501,2.084611028,-9.4,-9.4,7.2485,422.0185383
O=C(Nc1cccc(-c2ccc(Cl)c(Cl)c2)c1)C(=O)Nc1cc(Br)cc2ccccc12,0.285505485,2.127202305,-10.5,-9.4,7.1533,511.9693952
O=C1CCC(Nc2ccc3cc(S(=O)(=O)Cl)ccc3c2)c2ccccc21,0.651300885,2.765166448,-9.4,-9.7,4.897,385.0539421
Cc1cc2ccc(Nc3cc(Cl)cc(Cl)c3F)cc2c(=O)[nH]1,0.644651551,2.346809864,-8.6,-8.3,5.02602,336.0232466
CC(NC(=O)c1ccc2[nH]ncc2c1)C(=O)OCc1cc(F)cc2cccnc12,0.508859136,2.912067344,-8.3,-8.8,3.1119,392.1284686
CCc1cccc2c(C3=CCN(c4cc(Br)c5cnccc5c4)CC3)c[nH]c12,0.410064381,2.848753323,-9.5,-9,6.3347,431.0997098
O=C1NC(=O)c2c(NC(F)(F)c3cc4[nH]cnc4cc3Br)cccc21,0.459200623,3.168449917,-9,-8.3,3.3704,405.9876941
c1ccc(-c2nc3cc(Nc4ccc5[nH]nnc5c4)ccc3[nH]2)nc1,0.470076579,2.63548139,-9.6,-9,3.6398,327.1232434
CC1COc2c(N3C(=O)Cc4c(N)cccc43)c(F)cc3c(=O)c(C(=O)O)cn1c23,0.629000111,3.452546705,-10.1,-9,2.5952,409.1073988
Brc1cc2cnccc2cc1NCc1ccc(-c2cccnc2)cc1,0.48787093,2.183699053,-8.8,-8.5,5.6714,389.0527596
O=C1Cc2cccc(Nc3cc(Cl)ncc3Cl)c2N1,0.8315983,2.640277149,-7.8,-7.6,3.6266,293.0122673
O=C(CCCc1ccc2c(c1)-c1ccccc1C2)Oc1ccc(Cl)c2cnccc12,0.24740427,2.404783298,-8.6,-8.3,6.3877,413.1182566
O=C(NNc1ccnc2cc(Cl)ccc12)Nc1ccc2[nH]c(-c3ccccc3)nc2c1,0.280901915,2.362996011,-10,-9.8,5.5801,428.1152368
O=S(=O)(Cl)c1ccc(Nc2ccc(Cl)cc2-c2cccc(Cl)c2)c2ncccc12,0.335099087,2.361651225,-9.9,-8.5,6.8797,461.9763317
c1ccc2cc(CNNc3cncc4sccc34)ccc2c1,0.542439529,2.473651329,-8.3,-8.4,4.5662,305.0986685
Oc1ccc(SC(F)(F)F)cc1N1CCC(c2ccnc3ccccc23)CC1,0.54857978,2.551977352,-8.8,-8.4,5.9363,404.1170189
O=C1NS(=O)(=O)c2cc(Nc3cccc4c3NCCNC4=O)ccc21,0.636840949,3.010678538,-9.4,-8.7,1.0176,358.0735759
COc1cc2ccc(NC(=O)c3nccc4c3[nH]c3ccccc34)cc2cc1OC,0.440295617,2.251000293,-9.7,-8.9,5.1388,397.1426415
O=C(NC1c2ccccc2-c2ccccc21)C(=O)N1CCOc2cc(O)ccc2C1,0.615808027,2.515915412,-9.9,-10.2,2.9994,400.1423071
O=C(NCc1ccc2[nH]nnc2c1)c1c[nH]c2ccc(Cl)cc12,0.540868075,2.502725996,-9,-8.2,3.0226,325.0730377
Nc1n[nH]c2cc(C(=O)Oc3cccc4ccc(=O)[nH]c34)ccc12,0.386858509,2.448123105,-9,-9.2,2.2058,320.0909402
O=C1CCCOc2cc(NCCc3ccc4[nH]ncc4c3)ccc21,0.770680035,2.411328145,-8.6,-7.8,3.5728,321.1477268
O=c1[nH]cnc2c1cnn2-c1ccccc1Nc1cc(Br)cc(C(F)(F)C(F)(F)F)c1,0.374868761,2.934938766,-9.2,-8.5,5.269,499.0067132
O=c1[nH]cnc2c1cnn2-c1ccccc1NC(F)(F)C(F)(F)c1cc(F)cc(Br)c1,0.305002069,3.192995654,-8.8,-9,4.8071,499.0067132
COc1ccc(C2=CCN(c3ccnc4[nH]nc(Br)c34)CC2)cc1,0.740065118,2.790601156,-8.4,-8.1,4.0227,384.0585733
Nc1cccc(Nc2nccc3cnccc23)c1I,0.540614971,2.538625447,-7.1,-7.5,3.5602,362.0028444
Cc1ccc2c(c1)CN(C(=O)NCc1cccc3[nH]ncc13)CCN2,0.673921176,2.507944808,-9.3,-8.9,3.00862,335.1746103
CC(C)c1cccc2c1CCN(c1ccc3c(c1)-c1ccccc1C3)C2,0.436432156,2.353263093,-9.5,-9.5,5.9439,339.1986998
Brc1ccc2[nH]c3c(c2c1)CN(c1c(Br)cnc2ccccc12)CC3,0.391879139,2.532234376,-8.8,-8.2,5.8038,454.9632717
CC(Cc1ccc2[nH]ncc2c1)N(C)c1cccc2[nH]nc(N)c12,0.53911064,3.244661627,-8.5,-8.1,3.0888,320.1749446
N#Cc1ccc2c(c1)N(c1cc3c(nn1)-c1ccccc1C3=O)C(=O)C2,0.5324661,2.732334105,-9.6,-9.2,2.78048,338.0803756
Cc1cncc2cccc(S(=O)(=O)N3CCC=C(c4ccccc4)C3)c12,0.705190529,2.56219072,-9.2,-8.9,4.02122,364.1245489
Fc1c(Nc2nc(-c3cc4cc(Cl)ccc4o3)cs2)cc(Br)c2[nH]ccc12,0.294865262,2.874070341,-9.1,-8.6,7.3362,460.9400509
COc1cc2[nH]ncc2cc1Nc1cc(Br)cc2cc[nH]c(=O)c12,0.49935256,2.729346516,-8.7,-8.5,3.9191,384.0221878
O=C(Nc1ccc(Oc2nncc3ccccc23)cc1)C(=O)N1CCNC(=O)c2ccccc21,0.460966683,2.604105568,-10.8,-9.8,3.1372,453.1437041
O=c1[nH]c2ccc(N3[C@@H]4CC[C@H]3[C@H](O)[C@H](O)C4)nc2[nH]1,0.572839678,4.775259968,-8.1,-7.8,-0.2859,276.1222404
Fc1cc(Cl)cc2c(Nc3cnccc3-c3ccccc3)ccnc12,0.505107182,2.259664303,-8.7,-8.8,5.8329,349.0782033
Nc1ccnc2c(C(=O)N3CCCC(N4CCN(C(=O)CCn5cnc6sc7c(c6c5=O)CCCC7)CC4)C3)cnn12,0.372499642,3.489693448,-11.1,-10.8,1.8008,589.258357
Cc1cc(-c2csc(NC(=O)Nc3nc(-c4ccc5ccccc5c4)cs3)n2)ccc1F,0.298502343,2.297745365,-10.3,-10,7.17832,460.0827814
O=C(Oc1ccc(C(Br)c2ccccc2)cc1)c1ccc2c(c1)-c1ccccc1C2,0.166379456,2.593329202,-9.9,-9.8,6.9613,454.0568419
O=C(Nc1ccc(C2=NOCC2)cc1)c1n[nH]c(=O)c2ccccc12,0.767910688,2.436682638,-9,-8.8,2.2998,334.1065903
O=C1c2ccccc2CCC1(F)NS(=O)(=O)c1ccc(-c2ccccc2)cc1,0.675957957,2.831837539,-9.6,-9.3,4.1268,395.0991427
Clc1ccc(C(Nc2cccc3c(Br)cncc23)c2cccc3ccccc23)cc1,0.285826587,2.7386556,-9.5,-9,8.0054,472.0341884
COC(=O)c1cc2[nH]ncc2cc1Nc1ccc(-n2c(S)nc3cc([N+](=O)[O-])ccc32)cc1,0.150964371,2.851751356,-9.2,-8.5,4.6289,460.095374
N[C@@H]1CCCC[C@@H]1Nc1c[nH]c2ccncc2c1=O,0.763713346,3.359079772,-7.9,-6.9,1.6049,258.1480612
Nc1c(C(=O)NC(=O)Nc2cccc(-c3nc4ccccc4o3)c2)oc2ccccc12,0.391591727,2.367920627,-10.9,-9.7,4.7851,412.117155
NN(C(=O)c1ccc(-c2cnc3c(c2)CCC3)cc1)c1ccc2cn[nH]c2n1,0.327908466,2.88316777,-9.2,-9,3.0291,370.1542092
C[C@H]1COc2c(F)c(F)cc3c(=O)c(C(=O)NC(=S)c4cnc5ccccc5c4)cn1c23,0.468453978,3.391169429,-10.3,-9.8,3.8868,451.0802188
O=C(Nc1ccc2c(c1)C(=O)NCCO2)C(=O)N1CC=C(c2cncc(F)c2)CC1,0.732819216,2.857481725,-9.6,-9.1,1.5973,410.1390333
C[C@@H](Nc1nccc2ccc(Br)cc12)c1cccc2cnccc12,0.49561672,2.721562249,-8.8,-8.9,5.7186,377.0527596
O=c1[nH][nH]c(-c2ccccc2)c1NCc1c(F)ccc2cccnc12,0.533015292,2.549045124,-8.4,-8.1,3.6694,334.1229893
Clc1nccc2c(N3CCN(c4nccc5sccc45)CC3)cccc12,0.466335305,2.41308903,-8.2,-8.2,4.8245,380.0862452
Cc1cc2c(cc1Br)N(CC(=O)c1c[nH]c3ncccc13)CCC2,0.686535285,2.559797352,-8.8,-8.5,4.26932,383.0633243
O=C(Nc1cccc2cccnc12)c1ccc(NCc2ccc3cn[nH]c3c2)cc1,0.393430513,2.196389331,-9.7,-9.3,4.9755,393.1589602
O=C(O)Cc1ccc2c(c1)N(c1cc(I)ccn1)C(=O)C2,0.812951768,2.683218588,-7.9,-7.4,2.5341,393.9814402
CC#Cc1ccc2cc(Nc3nnc4cccc(Cl)n34)ccc2c1,0.428905476,2.771262035,-8.9,-8.8,4.6509,332.0828741
N#Cc1ccc(Oc2ccc(F)c(NC(=O)c3n[nH]c(=O)c4ccccc34)c2)cc1,0.538738556,2.206952387,-10.2,-8.6,3.97848,400.0971685
Cc1cc(CNc2cc3ccccc3c3cccnc23)c2ccccc2n1,0.414774355,2.156593846,-10.3,-9.4,5.85672,349.1578976
Cc1cc2c(F)cc(N3C(=O)Cc4cc(C(=O)C(C)Cl)ccc43)cc2[nH]1,0.538788341,3.210496022,-8.9,-8.7,4.64622,370.0884337
O=Cc1ccccc1Oc1cc(Cl)cc(Nc2cncc3c(Cl)cccc23)c1,0.364832856,2.423973357,-9.6,-8.5,6.89,408.043233
O=C(Oc1ccc(F)c2c(O)ccnc12)c1cc(=O)[nH]c2cc(F)ccc12,0.418455548,2.58445248,-9.4,-9.6,3.2793,368.0608632
O=C(Oc1cncc2c(F)cccc12)c1ccc2cnccc2c1,0.521221359,2.294471705,-9.2,-9,4.1413,318.0804558
Brc1ccc(NCc2cccc3[nH]ncc23)c2cnccc12,0.570792592,2.439168564,-8.2,-8,4.4857,352.0323585
Brc1cc2ccncc2cc1NCc1cccc2ccccc12,0.500387414,2.117708099,-8.9,-8.8,5.7626,362.0418606
N#Cc1ccc2c(c1)Oc1ccccc1N2c1ccc2[nH]c(C(=O)O)c(C=O)c2c1,0.410460055,2.714719829,-9.8,-8.7,5.12578,395.0906059
COc1cc2ccncc2cc1N[C@@H]1CCC[C@H]1N,0.886741615,3.074146065,-7.2,-7.1,2.5351,257.1528122
O=Cc1c(C(=O)NN2C(=O)c3cccc4cccc(c34)C2=O)[nH]c2ccc(Br)cc12,0.357170133,2.698996205,-9.6,-9.7,3.8371,461.001118
CC(NC(=O)C(=O)Nc1c(Cl)ccc2cnccc12)c1ccc2[nH]c(=O)[nH]c2c1,0.388702574,3.020661613,-9.5,-9,2.8737,409.0941671
Nc1cccc2c(OC(=O)c3ccc(F)c4cnccc34)ccnc12,0.446655035,2.397920467,-9.1,-8.4,3.7235,333.0913548
Nc1cccc2c1N(C(=O)Nc1ccncc1-c1ccncc1)CCNC2=O,0.596622894,2.685915237,-9.4,-8.4,2.5077,374.1491238
N#Cc1ccc2c(c1)N(c1ccc3c(c1)oc1ccccc13)C(=O)C2,0.510683378,2.404343333,-10.2,-9.4,4.67848,324.0898776
Cc1cccc(-c2ccc(Nc3c[nH]c4nc(Cl)nc(Cl)c34)cc2)c1,0.344820008,2.465928159,-8.9,-9.2,5.98372,368.0595518
O=C(Cc1ccc2cn[nH]c2c1)Oc1ccc([N+](=O)[O-])c2ccncc12,0.262363426,2.586126105,-8.6,-8.3,3.1674,348.0858549
Clc1cc(N2Cc3cnn(-c4ncccn4)c3C2)c2cnccc2c1,0.555471803,2.852679719,-8.8,-8.1,3.3841,348.0890221
Fc1ccc(C(c2ccc(Cl)cc2)N2CC=C(c3cncc4ccccc34)CC2)cc1,0.350916802,2.832513452,-9.8,-9.1,6.906,428.1455546
Cc1cc2[nH]ncc2cc1NC(=O)C(=O)NCc1ccc2[nH]nnc2c1,0.415604307,2.755929797,-9,-8.5,1.39752,349.1287227
C1=C(c2ccncc2)CCN(c2cc3cc[nH]c3nn2)C1,0.782050617,2.843265598,-8,-7.9,2.6466,277.1327455
O=C(CN1CCc2nnc(-c3ccncc3)cc2C1)c1cccc2ccccc12,0.502171459,2.431669215,-9.7,-9.4,3.9328,380.1637113
O=S(=O)(Nc1ccc(Oc2ccnc3ccccc23)cc1)c1ccc2cnccc2c1,0.40744672,2.164744955,-10,-9.5,5.3761,427.0990624
Nc1ccc(N(C(=O)CCn2c(=O)[nH]c(=O)c3ccccc32)c2ncnc3c2ccc2ccccc23)cc1,0.269671243,2.777821981,-10.6,-9.7,4.1234,502.1753386
O=C1CC(=C2CNC2)C(=O)N1c1n[nH]c2ccc(Br)cc12,0.605291231,3.211735667,-8.6,-7.8,1.4885,346.0065377
CC(Cl)C(=O)c1ccc2c(c1)CC(=O)N2c1cc(I)ccn1,0.426997083,3.254680148,-8,-7.6,3.717,425.9632033
N#Cc1ccc(-c2ccc3c(c2)N(c2cc(C=O)cc(-c4cccnc4)c2)CCO3)s1,0.394486221,2.81962695,-9.7,-8.5,5.69178,423.1041478
O=c1[nH]ccc2cc(Br)cc(Nc3nnc4ccc(C(F)(F)F)cn34)c12,0.508492995,2.942878594,-9.6,-8.7,4.0957,422.9942567
Cc1nc2cc(Nc3nc4c(cc3C#N)CCCC4)cc(F)c2c(=O)[nH]1,0.740404898,2.822221589,-10.3,-9.1,3.2597,349.1338884
O=C(NCc1cccc2[nH]ncc12)C(=O)N(c1cccc(C(=O)O)c1)c1nc2ccccc2c(=O)[nH]1,0.279834269,2.900719469,-10,-9.2,2.4787,482.1338677
Cc1ccncc1C=CC(=O)Oc1ccc2c(N)n[nH]c2c1,0.439441567,2.605499181,-8.2,-8.3,2.46732,294.1116757
Cc1ccc2ncc(N3C(=O)Cc4ccc(C(=O)O)cc43)cc2c1,0.785268502,2.364554071,-9.1,-8.4,3.46222,318.1004423
CC(NC(=O)Nc1ccc2c(S(N)(=O)=O)cccc2c1)c1cc2cnccc2[nH]1,0.412062447,2.987549043,-9.2,-8.7,3.2462,409.1208605
N#Cc1ccc(Nc2ccc3[nH]ncc3c2)c(O)c1,0.610366031,2.363841671,-7.7,-7.4,2.88378,250.0854609
N#Cc1ccc(NCCNc2cc(F)cc(-c3cc(N)n[nH]3)c2)nc1,0.513916017,2.716133928,-7.4,-7.7,2.58868,337.1451217
N#Cc1ccc(-c2ccc3c(c2)N(c2cc4ccncc4cc2Br)CCO3)s1,0.370386981,2.852224993,-9.3,-8.1,6.12798,447.0040952
O=Cc1ccc2cccc(Nc3cccc4ccncc34)c2n1,0.571722116,2.353337058,-8.8,-8.6,4.3391,299.105862
NCc1cc2ccc(OC(=O)c3cc4c(=O)[nH]c5ccccc5c4s3)cc2[nH]1,0.321684756,2.635638314,-9.4,-9,3.902,389.0834123
O=C(Nc1nc(-c2c[nH]c3ccccc23)cs1)N1CC(=Cc2ccccc2)C1,0.506868922,2.473078464,-9.7,-9.4,5.2225,386.1201322
O=C(Oc1cccc2c1-c1ccccc1CO2)c1ccc2cccnc2c1O,0.409001299,2.379973211,-9.9,-9.7,4.719,369.100108
COc1ccc2[nH]cc(C3=CCN(C(=O)Nc4c(Br)cc(Cl)c5occc45)CC3)c2c1,0.330348542,2.921262044,-9.6,-8.8,6.6598,499.0298312
O=C1CCCc2c1[nH]c1ccc(N3CCCc4c(Br)cccc43)cc21,0.587930216,2.621911932,-9.5,-9.6,5.5337,394.0680753
N#Cc1ccc(-c2ccc3c(c2)N(c2cc4ccc(Br)cc4cn2)CCO3)s1,0.370386981,2.764499477,-9.7,-9.1,6.12798,447.0040952
CC(C)(NC(=O)C(=O)Nc1c[nH]c2cccc(F)c12)c1ccc2ccccc2c1,0.453025778,2.506384058,-9.6,-9,4.4502,389.1539551
CN(c1cc2c(cc1Cl)C(=O)NC2=O)[C@H]1CC[C@@H](O)CC1,0.819555922,2.725750517,-8.1,-8,1.9633,308.0927701
NN(c1cc(Br)c2cccnc2c1)c1nccc2sccc12,0.412744883,2.912233694,-8.6,-7.6,4.6188,369.9887795
Clc1cc(NNc2nccc3sccc23)c2cccnc2c1,0.523644361,2.516093535,-7.7,-7.8,4.9369,326.039295
O=C(Cc1c[nH]c2ncccc12)Oc1ccc2ccncc2c1F,0.463738783,2.516643134,-8.3,-8.4,3.3983,321.0913548
c1cnc2c(c1)ccc1c(N3CCN(c4cccc5[nH]ccc45)CC3)ccnc12,0.45584273,2.402957229,-9.4,-9.8,4.5909,379.1796957
Cc1c(C(=O)Nc2cccc3cn[nH]c23)[nH]c(=O)c2ccccc12,0.530490272,2.350844844,-9.3,-8.6,2.96512,318.1116757
O=C(Nc1ncnc2scc(-c3ccccc3)c12)c1cc2ccncc2s1,0.460020164,2.46300577,-8.4,-8,5.2203,388.045253
N#Cc1cncc(CNC(=O)C(=O)Nc2nc(-c3c[nH]c4ncccc34)cs2)c1,0.44695211,2.6789869,-9.6,-8.7,2.20798,403.0851437
O=C(O)c1ccc(NNc2cccc3ncccc23)c2cnccc12,0.491651472,2.338077158,-8.4,-8.7,3.9202,330.1116757
CS(=O)(=O)c1ccc2c(c1)N(c1cccc(C(=O)c3cccc(Br)c3)c1)CCC2,0.494212994,2.256746347,-9.7,-9.9,5.1679,469.0347266
Cc1cncc2cccc(S(=O)(=O)Nc3cccc4cnncc34)c12,0.612738804,2.602343544,-8.5,-8.4,3.28722,350.0837467
Clc1cccc(C2(Nc3cccc4c3-c3ccccc3CO4)CCC2)c1,0.583100077,2.555249328,-9.2,-8.6,6.3907,361.1233419
Oc1cc2c(cc1Nc1cccc3[nH]ccc13)CNCC2,0.544542705,2.561375878,-8.2,-8.2,3.2628,279.1371622
Cc1ccc2ccncc2c1N1CCc2[nH]c3ccc(Cl)cc3c2C1,0.510265073,2.561538907,-9.1,-8.9,5.24062,347.1189253
NS(=O)(=O)c1ccc(Oc2ccc(NC(=O)Nc3ccc4cnccc4c3)cc2)cc1,0.431595874,2.081071206,-9,-8.8,4.3185,434.1048761
CC(Cc1ccc2[nH]ncc2c1)N(C)c1cccc(C(=O)CBr)c1,0.510174241,3.027608499,-7.3,-7.9,4.2079,385.0789744
O=S(=O)(NCc1ccc(-c2ccc3ccccc3c2)cc1)c1ccc(F)c2cnccc12,0.38137679,2.216834695,-9.7,-9.2,5.6726,442.1151271
N#Cc1ccc(-c2ccc3c(c2)N(C(=O)N[C@H]2CC[C@@H](N)C2)CCO3)s1,0.852080616,3.51180415,-9.1,-8.2,3.07498,368.1306969
Cn1cc(C2=C(c3cccc(N)c3)C(=O)N(C(=O)Nc3cccc(-c4ccc5ccccc5c4)n3)C2=O)c2ccccc21,0.188262189,2.866562724,-12.1,-10.3,6.4874,563.1957397
Nc1ccc(Oc2ccc3ccccc3c2)c(N[C@H]2CCC[C@H]2N)c1,0.614396379,2.897201003,-8.2,-7.9,4.506,333.1841124
O=Cc1c2ccccc2c(N2CCc3cc(-c4cccc(F)c4)ccc32)c2ccccc12,0.226614129,2.429746521,-10,-9.5,7.3058,417.1528925
CC(Cc1ccc2[nH]ncc2c1)N(C)C(=O)C(=O)Nc1ccc(N2C(=O)c3cccc4cccc(c34)C2=O)cc1,0.255170378,3.200263664,-10.9,-10.1,4.5448,531.1906543
Nc1ccc(NC(=O)C(=O)N(Cc2ccccc2)c2ccc3[nH]c(=O)[nH]c3c2)c2ccncc12,0.245212358,2.681713275,-9.8,-9.5,3.1585,452.1596885
Fc1cccc(N(c2ncc(Br)cn2)c2cc(I)cc3ccccc23)c1,0.285226186,2.590036259,-8,-7.2,6.6058,518.9243357
CN1CCN(c2ccc(NCC(=O)c3c[nH]c4ncccc34)c3cnccc23)CC1,0.501341238,2.620394662,-9.4,-8.4,3.1577,400.2011594
Brc1ccc(N2CCC(c3c[nH]c4ncccc34)CC2)c2cnccc12,0.493279376,2.570803915,-9.2,-9,5.2576,406.0793087
Clc1ccc(N2CCC(c3c[nH]c4ncccc34)CC2)c2ccncc12,0.536075555,2.501961557,-9.3,-9.3,5.1485,362.1298243
O=C(Oc1cnc2[nH]ccc2n1)c1ccccc1-c1cccc2ccccc12,0.45707628,2.388125617,-9,-9.3,4.9973,365.1164267
C[C@H]1COc2c(C3(NC(=O)C(=O)N(C(=O)c4ccc(N)cc4)c4ccc5cn[nH]c5c4)CC3)c(F)cc3c(=O)c(C(=O)O)cn1c23,0.168025905,3.973413609,-10.4,-8.9,3.2296,624.1768754
O=C(NCc1ccc(-c2cccnc2)cc1)C(=O)NCc1cccc2[nH]ncc12,0.459810313,2.268396505,-9.5,-8.9,2.5575,385.1538748
O=C(Nc1ccccc1)Nc1cccc2c1CCN(C(=O)NCc1cc3cnccc3[nH]1)C2,0.376371293,2.512075621,-9.7,-9.5,4.4748,440.196074
O=C(NCc1cc2cnccc2[nH]1)C(=O)N(C(=O)Nc1cccc2c1CCNC2)c1ccccc1,0.343343868,2.971288723,-10.7,-8.1,3.0901,468.1909886
O=C(Nc1ccccc1)Nc1cccc2c1CCN(C(=O)C(=O)NCc1cc3cnccc3[nH]1)C2,0.343269864,2.632015873,-10.3,-10,3.408,468.1909886
CC(N)c1ccc2c(c1)CC(=O)N2c1cc(-c2cccnc2)ccc1O,0.758535194,2.898976427,-9.3,-8.3,3.6947,345.1477268
O=C(NNc1cccc2cnccc12)c1c(F)ccc2ccncc12,0.561736536,2.465863881,-9.2,-8.8,3.679,332.1073393
CC(C(=O)O)N(C(=O)C(=O)NCc1ccc2cn[nH]c2c1)C(=O)c1ccc2[nH]ncc2c1,0.343126362,3.337770967,-8.8,-8.2,1.1975,434.1338677
O=C(Nc1cc2cc[nH]c2cn1)C(=O)N(c1cccc(C(=O)O)c1)c1nc2ccccc2c(=O)[nH]1,0.294898919,2.974286063,-10.1,-8.6,2.801,468.1182176
C[C@@H](NC(=O)C(=O)NCc1ccc2[nH]c(=O)[nH]c2c1)c1ccc2ccccc2c1,0.403585972,2.717171885,-10.3,-9.6,2.503,388.1535405
O=C(NCCc1ccc2[nH]ncc2c1)c1ccccc1C(=O)c1ccc2c(c1)OCCO2,0.459328856,2.347868616,-9.8,-9.2,3.5376,427.1532062
Brc1cc2[nH]ncc2cc1N1CCc2c(-c3ccccc3)cccc21,0.477157238,2.453188242,-8.9,-8.6,5.6866,389.0527596
O=C(NCc1ccc(-c2ccc3c(c2)CCCO3)cc1)N1CCNc2ccccc2C1=O,0.647689551,2.438023281,-11,-9.3,4.4561,427.1895917
O=C(Oc1cc2cccc(Cl)c2cn1)c1ccccc1C(=O)c1ccc2c(c1)OCCO2,0.320791451,2.440753802,-9.2,-9.1,5.1096,445.0717003
Cc1ccc2cnccc2c1Nc1cccc2cnc(Cl)cc12,0.496451657,2.379530359,-8.8,-9.1,5.48842,319.0876251
CC(=O)c1ccc2c(c1)N(Cc1cc(=O)[nH]c3ccccc13)c1ccccc1S2,0.460897333,2.343835801,-9.8,-9.5,5.5336,398.1088988
O=C(CN[C@@H]1C[C@H]1c1cccc2ccccc12)c1ccc2c(c1)-c1ccccc1C2,0.388465578,3.078633454,-8.5,-8.4,5.7394,389.1779644
O=C(Oc1cc(-c2ccccc2)ccn1)c1cnc2c(F)ccc(F)c2c1,0.491659556,2.320785133,-9.8,-9.4,4.7942,362.0866841
N#Cc1ccc2c(c1)Oc1ccccc1N2C(=O)c1ccc(-c2cccc3cccnc23)cc1,0.301398147,2.465613554,-10.6,-9.8,6.85768,439.1320768
O=C(Oc1ccc(C(=O)c2cnc3ccccc3c2)cc1)c1ccc2c(=O)[nH][nH]c(=O)c2c1,0.252931261,2.421461612,-11,-9.9,3.2148,437.1011706
O=Cc1c2ccccc2c(OC(=O)c2ccc(-n3cnc4ccccc4c3=O)cc2)c2ccccc12,0.14244104,2.442963703,-10,-10.6,5.7238,470.1266571
O=C(Oc1cccc(Nc2ncc(Br)cn2)c1)c1c(O)ccc2ccccc12,0.343771152,2.288445152,-9.7,-9,5.0607,435.0218534
O=C(Oc1cnc(Nc2cccc(F)c2)nc1)c1c(O)ccc2ccccc12,0.513262621,2.285727203,-9.9,-8.6,4.4373,375.1019195
O=C(OS(=O)(=O)c1ccc2cc(Br)ccc2c1)c1cc2c(cn1)Cc1ccccc1-2,0.335657806,2.642075822,-10,-9.3,5.1142,478.982691
Cc1ccc2c(c1)C(=O)NCCN2c1ccc(Cl)c2ccncc12,0.727452262,2.500728456,-8.6,-8.3,4.07812,337.0981898
O=C(NCc1ccc(Cn2cnc3ccccc32)cc1)c1ccc(-c2cccc3cccnc23)cc1,0.315224248,2.185336692,-10.4,-10.7,6.2298,468.1950114
Cc1cc(-c2cccc(Cl)c2)ccc1NC(=O)C(=O)NCc1ccc2cnccc2c1,0.442207673,2.1647222,-9.6,-9.9,5.11852,429.1244046
Cn1c(=O)[nH]c(=O)c2ccc(C(F)(F)NS(=O)(=O)c3ccc(F)c4cnccc34)nc21,0.451084316,3.053772482,-10.1,-9.6,1.3369,451.0562095
CC(NC(=O)C(=O)N1CCN(c2ccnc3ccccc23)CC1)c1ccc2[nH]ncc2c1,0.489463124,2.923299553,-9.7,-9.8,2.6371,428.196074
Cc1cc(C)cc(-c2nc3ccccn3c2Nc2ccc3c(Br)nccc3c2)c1,0.316757694,2.592695691,-9,-8.6,6.67244,442.0793087
O=C(Nc1c(Br)ccc2ncccc12)c1ccc2c(c1)oc1ccccc12,0.374966316,2.194428396,-9.8,-9.2,6.149,416.0160398
Nc1cc(-c2ccccn2)c(NCCc2ccc3[nH]ccc3c2)cn1,0.519252774,2.513836267,-8.3,-8,3.8617,329.1640456
Clc1ccc2c(NCc3ccc4cn[nH]c4c3)ccnc2c1,0.590419164,2.235161464,-8,-8.5,4.3766,308.0828741
NN(c1cc2ccc(Br)cc2cn1)c1cccc2ncccc12,0.418078985,2.597429555,-9,-8.1,4.5573,364.0323585
O=C(Nc1nnc(-c2cccc3ccccc23)o1)Nc1cccc2ccncc12,0.454419306,2.28538782,-10.3,-9.8,5.082,381.1225747
O=C(Oc1cc2c(cc1Cl)C(=O)NC2=O)c1ccc2oc3ccccc3c2c1,0.31185232,2.36832716,-10.1,-9.9,4.3422,391.0247501
O=C(Nc1ccc2nccnc2c1I)c1ccc(-c2cccc3cccnc23)o1,0.346281689,2.600060759,-9.8,-9.5,5.2949,492.0083237
CC(Nc1cccc2cccc(N)c12)c1ccc2[nH]ncc2c1,0.489042693,2.771089457,-8.6,-8.4,4.4714,302.1531466
CN(Cc1ccnc2[nH]ccc12)c1ccc(S(=O)(=O)Cl)c2cccnc12,0.541127298,2.744340716,-8.7,-8.2,3.675,386.0604244
O=C(OS(=O)(=O)c1cccc2cnccc12)c1cccc2c1oc1ccccc12,0.406659651,2.518101185,-9.6,-8.3,4.6799,403.0514435
Nc1noc2cc(CNc3cc4ncc(=O)[nH]c4cc3F)ccc12,0.533368683,2.691155212,-9,-8.2,2.3977,325.0975028
O=Cc1c(C(=O)Oc2cc3c(nn2)-c2ccccc2CCC3)[nH]c2ccc(Cl)cc12,0.382058374,2.815452282,-9.9,-9.6,4.7987,417.0880191
NS(=O)(=O)c1ccc2c(c1)C(=O)N(c1cc3cc[nH]c3cn1)C2=O,0.672151779,2.556109957,-8.9,-8.1,1.0109,342.0422758
COC(=O)c1cc2[nH]ncc2cc1NC(F)(F)c1cccc2c(F)ccnc12,0.40597121,2.981895763,-8.7,-8.5,4.1982,386.0990603
NCc1ccc2c(NC(=O)N(C(=O)Nc3ccc(F)cc3)c3cccc(O)c3)n[nH]c2c1,0.328856459,2.680286848,-9.5,-8.1,4.1369,434.1502667
COc1cc2ccncc2cc1N[C@@H](C)c1cccc2cnccc12,0.574379573,2.747818796,-8.5,-7.9,4.9647,329.1528122
COc1ccc2[nH]nc(NS(=O)(=O)c3ccc4c(c3)Cc3ccccc3-4)c2c1,0.48594412,2.341544297,-9.8,-9.2,3.9435,391.0990624
Cc1cncc2cccc(S(=O)(=O)Nc3cccc4[nH]c(=O)[nH]c34)c12,0.525187601,2.644498473,-9,-8.4,2.51362,354.0786613
O=Cc1c[nH]c2cccc(Nc3c(Cl)ccc4cnccc34)c12,0.52616156,2.594984779,-7.9,-8,4.9256,321.0668897
Cc1cncc2cccc(S(=O)(=O)N3C(=O)CCc4cc(I)ccc43)c12,0.525836694,2.819503673,-8.7,-8.3,3.81592,477.9848113
Fc1ccc2[nH]c3c(c2c1)CN(c1cc(Br)c2ccncc2c1)CC3,0.480907761,2.627319519,-9.2,-8.7,5.1804,395.0433378
Nc1n[nH]c2cc(C(=O)OCc3ccc4cn[nH]c4c3)ccc12,0.503321113,2.435760209,-8.1,-8.3,2.3784,307.1069247
O=C(Oc1ccc(F)c2cnccc12)c1cccc2cnccc12,0.41157062,2.254792584,-8.4,-8.7,4.1413,318.0804558
O=C(c1ccccc1)c1cc([N+](=O)[O-])ccc1Nc1cccc2cccc(Cl)c12,0.238744495,2.140403012,-8.6,-8.6,6.376,402.07712
O=S(=O)(Nc1cc2nccc(Cl)c2cc1Br)c1ccc(F)c2cnccc12,0.453758115,2.570515233,-9.4,-8.5,5.1388,464.9349656
O=S(=O)(Nc1cc2c(Cl)ccnc2cc1Cl)c1ccc(F)c2cnccc12,0.502862327,2.509510172,-9.3,-8.5,5.0297,420.9854811
O=C(Oc1cc2[nH]ncc2cc1Br)c1n[nH]c2c1COc1ccccc1-2,0.386494337,2.876664105,-9.1,-8.3,3.8271,410.0014523
O=C(Oc1cc2cn[nH]c2cc1Cl)c1n[nH]c2c1COc1ccccc1-2,0.416375797,2.809182323,-9.4,-8.4,3.718,366.0519679
O=C(Cc1ccc2oc3ccccc3c2c1)NCc1ccc2cc[nH]c2n1,0.504236864,2.40070327,-9.7,-9.2,4.3212,355.1320768
O=c1c2ccccc2ncn1C1CCCN(c2ncc(Cl)c(-c3c[nH]c4ccccc34)n2)C1,0.420331963,3.040621991,-10,-9.1,4.8297,456.146537
O=C(O)c1cnc2c(Nc3cccc(-c4ccc5ccccc5c4)n3)cnn2c1,0.479728636,2.500156686,-9.8,-9.6,4.3863,381.1225747
CN(CC(=O)c1ccc2c(c1)-c1ccccc1C2)c1cnc(C#N)cn1,0.533479118,2.630793797,-9.3,-9.2,3.23858,340.1324111
CC(Nc1cc(I)ccn1)c1ccc2[nH]c(=O)[nH]c2c1,0.611977997,3.062524939,-7.6,-7.4,3.0289,380.013409
N#Cc1cccc(C(=O)CN(N)c2ccc3[nH]ncc3c2)c1,0.43492743,2.645855225,-8.2,-7.4,1.99758,291.11201
CCN(C(=O)C(=O)Nc1cccc2cnncc12)c1ccc2[nH]c(=O)[nH]c2c1,0.470389825,2.810010814,-8.8,-8.6,1.791,376.1283884
Nc1ccc2[nH]nc(Nc3ccc([N+](=O)[O-])cc3C(=O)c3ccccc3)c2c1,0.209735887,2.327854852,-9,-8.6,4.0279,373.1174893
Cc1ccc2[nH]c(C(=O)N3CCc4ccc(OCc5ccccc5)cc4C3)c(C=O)c2c1,0.455328376,2.418635688,-9.8,-8.5,5.06632,424.1786926
Cc1cccc(-c2cccc(C(=O)Oc3ccc4cnccc4c3)c2)c1,0.368953551,1.949549328,-9.7,-9.2,5.42942,339.1259288
Cc1cc2c(=O)[nH]cnc2cc1NNc1cccc2cnccc12,0.505389127,2.60631676,-8.9,-8.1,3.21872,317.1276601
N[C@@H]1CC[C@H](Nc2ccc(-c3ccnc(O)n3)cc2)C1,0.795461121,3.195912864,-7.6,-7.6,2.1409,270.1480612
O=C(Nc1ccc(-c2cccc(F)c2)c(F)c1)C(=O)N1CCc2cc(O)ccc2C1=O,0.619243692,2.446287788,-10.3,-9.1,3.501,422.1078134
Cc1ccc2ncccc2c1S(=O)(=O)OC(=O)c1cn2c3c(c(C4(N)CC4)c(F)cc3c1=O)OC[C@@H]2C,0.402727232,3.790433952,-10.6,-10,3.44412,523.1213346
Clc1cccc2c(NCCc3ccc4cc[nH]c4c3)cncc12,0.553552907,2.399253348,-8.3,-8.2,5.0241,321.1032752
C[C@H]1COc2c(N(C(=O)Cc3ccc(C#N)cc3)c3cccnc3)c(F)cc3c(=O)c(C(=O)O)cn1c23,0.441348248,3.4857833,-10.4,-8.4,3.96628,498.1339479
COc1ccc2[nH]cc(C3=CCN(C(=O)C(=O)Nc4c(Cl)ccc5ncccc45)CC3)c2c1,0.436141828,2.697877483,-10.3,-9.4,4.6325,460.1302182
O=C(Nc1c[nH]c2cc(Br)ccc12)c1ccc(-c2cccc3cccnc23)o1,0.367954437,2.412808858,-9.6,-9.2,5.9909,431.0269388
O=C([O-])c1ccc2c(c1)N(c1cccc3cn[nH]c13)C(=O)C2,0.766876723,3.05534094,-8.7,-7.9,1.1472,292.0727648
O=C(CCn1cnc2sc3c(c2c1=O)CCCC3)NC1(c2ccc3ccccc3c2)CC1,0.486883673,2.616951321,-9,-9.5,4.6856,443.166748
C[C@@H](NS(=O)(=O)c1cccc2cnccc12)c1cccc2cnccc12,0.59816855,2.727394714,-9,-7.7,3.8225,363.1041478
O=C(Oc1cccc2c(=O)cc[nH]c12)c1ccc(-n2cnc3ccccc3c2=O)cc1,0.363883357,2.38671755,-9.3,-9.3,3.4464,409.106256
O=C1C(=O)N(C(=O)Nc2cc(I)ccn2)c2ccc(-c3ccccc3)cc21,0.452795527,2.500541546,-9.6,-8.9,4.1146,468.9923392
O=C(CCCc1ccc2c(c1)-c1ccccc1C2)Oc1ccc2cc(Cl)ncc2c1,0.190272683,2.406226131,-8.4,-8.8,6.3877,413.1182566
CC(C)(O)CCc1ccc2c(c1)CCN(c1ccccc1-n1ncc3c(=O)[nH]cnc31)C2,0.507935597,2.847685823,-9.6,-9.3,3.375,429.2164751
Fc1cc(N2CC=C(c3ccc4c(c3)OCCO4)CC2)c2cnccc2c1,0.675084845,2.649413077,-9.7,-9.3,4.4388,362.1430561
NN(C(=O)C(=O)Nc1cc(-c2ccc3ccccc3c2)[nH]n1)c1cccc2ccncc12,0.177664542,2.767052561,-10,-10,3.6235,422.1491238
O=C(Nc1nccc(-c2cccc([N+](=O)[O-])c2)n1)C(=O)Nc1nc(-c2c[nH]c3ccccc23)cs1,0.190964089,2.610378952,-10.5,-10.4,4.2338,485.090623
O=C(CN1CCc2c(-c3ccccc3)cccc21)Nc1cnc2ccccc2c1,0.548328394,2.127422524,-9.5,-9.9,4.903,379.1684623
N#Cc1ccc2c(c1)N(c1ccnc3c1ccc1cccnc13)C(=O)C2=O,0.387142099,2.583192826,-9.9,-9.1,3.51568,350.0803756
c1ccc2c(c1)ncn2-c1ccc(CNc2ccc3sncc3c2)cc1,0.478297543,2.412245466,-8.9,-8.2,5.2473,356.1095675
Cc1cc2ccc(CNc3ccc4ccc5cccnc5c4n3)cc2[nH]1,0.445416969,2.393292626,-9.7,-9.1,5.18482,338.1531466
O=C(Nc1ccc(Cl)c2ncccc12)C(=O)N1C(=O)Cc2ccc(C(F)(F)F)cc21,0.589061828,2.691292012,-9.7,-9,3.9614,433.0441036
Cc1cnccc1CCCNc1cnn2cc(CCO)cnc12,0.652906382,2.749764113,-7,-7,2.01222,311.1746103
CC(Cc1ccc2[nH]ncc2c1)N(C)c1ccc(C(=O)c2ccccc2)cc1,0.493801334,2.718281556,-8.7,-8.4,4.8613,369.1841124
O=C(Cc1ccc2[nH]c(=O)[nH]c2c1)Oc1ccc(-c2cccc(O)c2)cn1,0.484495719,2.45826679,-9.1,-8.7,2.7719,361.106256
O=c1c2ccccc2ncn1C1CCN(c2cc3[nH]ncc3cc2Cl)CC1,0.575400459,2.514453323,-8.4,-8.8,3.7677,379.1199879
O=C1c2cccc3c(S(=O)(=O)Cl)ccc(c23)N1Cc1ccc2cn[nH]c2c1,0.532760122,2.531508379,-9.4,-8.9,3.804,397.0287899
O=C1Cc2cc(C3CCCCC3)ccc2N1C(=O)NNc1cccc(Br)c1F,0.632655744,2.800841199,-9.9,-9.6,5.2617,445.0801172
CC1COc2c(F)c(F)cc3c(=O)c(C(=O)Oc4cc5c(C6=CCNCC6)c[nH]c5cc4F)cn1c23,0.324174547,3.728757918,-10.6,-9.8,4.4494,495.1405908
O=C(c1ccccc1NC(c1ccccc1)c1ccc(Cl)c(F)c1)c1cccc2ccccc12,0.256762838,2.607590457,-9.3,-9.4,8.0648,465.1295702
CN1CCN(c2ccc(Nc3csc4c(F)cccc34)c3cnccc23)CC1,0.526579396,2.632461203,-8.7,-8.7,5.084,392.1470959
O=C(NCCc1cccc(-c2cccc(Cl)c2)c1)N1CCc2cc(Cl)c(O)cc2C1,0.547800725,2.290319113,-10.1,-9.6,5.6764,440.1058333
Nc1ccc(Nc2cccc(C(=O)c3ccc(I)cc3)c2)c2ccncc12,0.240848086,2.251570341,-9.1,-8.4,5.3962,465.0338101
O=c1[nH]cnc2c1cnn2-c1ccccc1NCc1nc2sc3c(c2c(=O)[nH]1)CCCC3,0.391097465,2.873333101,-9.7,-9.7,2.8977,445.1320938
NC(c1ccccc1)c1ccc(OC(=O)c2cc3c(=O)[nH]c4ccccc4c3s2)c(Cl)c1,0.267327581,2.900255449,-10,-9.2,5.6635,460.0648411
Cc1cc(N)ncc1S(=O)(=O)NC(=O)C(=O)Nc1n[nH]c2ccc([N+](=O)[O-])cc12,0.258520662,2.891512049,-9.5,-8.3,0.20032,419.0648021
Cc1ccc2[nH]c(C(=O)NCc3ccc(-c4ccc5c(c4)CCO5)cc3)cc(=O)c2c1,0.524881769,2.289043704,-10.3,-9.8,4.36842,410.1630426
COC(=O)c1ccc2c(c1)N(c1ccc3cc(CO)c(=O)[nH]c3c1)C(=O)C2,0.692924017,2.508424342,-9,-9.1,2.0278,364.1059216
Fc1ccc2c(C3=CCN(c4ccnc5[nH]ncc45)CC3)c[nH]c2c1,0.585255369,2.839735436,-8.9,-9.2,3.872,333.1389737
O=C(Oc1ncnc2[nH]c3ccc(Br)cc3c12)c1ccc2ccncc2c1,0.42189526,2.634914862,-9.3,-9.2,4.641,418.0065377
O=C(Oc1ccc2ccncc2c1Br)c1ccc2cccc(O)c2c1,0.380809956,2.275089698,-9.4,-9,5.0753,393.0000553
N#Cc1cccc2[nH]cc(C(=O)Nc3ccc(-c4nc5ccc(N)cc5[nH]4)cc3)c12,0.339379507,2.479633714,-9.4,-9.1,4.41738,392.1385591
CC(Cc1ccc2[nH]ncc2c1)N(C)S(=O)(=O)c1cccc2cnccc12,0.575732029,2.990931131,-7.6,-7.6,3.3628,380.1306969
O=C(c1ccccc1NCC(O)c1ccc2ccccc2c1)c1cccc2ccccc12,0.315694235,2.520707203,-8.9,-9.8,6.3695,417.172879
Nc1ccncc1CNc1cc2[nH]ncc2cc1Br,0.693579051,2.668940412,-7.2,-7.1,2.9147,317.0276075
Nc1ccncc1CNc1cc2cn[nH]c2cc1Cl,0.68547454,2.574950202,-7.2,-7,2.8056,273.0781231
O=Cc1cc2ccc(Nc3ccc4cncc(F)c4c3)cc2nc1Cl,0.410327786,2.550985852,-9,-8.7,5.1316,351.0574679
Fc1ccccc1-c1ccc(N2CC=C(c3c[nH]c4ccccc34)CC2)cc1,0.451580338,2.241067786,-9.5,-9.4,6.2677,368.1688769
c1cc2ccc(CNCc3ccc4cc[nH]c4c3)cc2cn1,0.595255866,2.222756924,-8.3,-8.3,4.0059,287.1422475
[N-]=[N+]=Nc1ccc2c(c1)N(c1ccc(-c3cccc([N+](=O)[O-])c3)nn1)CCC2,0.207503976,2.773299852,-9.4,-9.2,5.0779,373.1287227
NC(=O)c1cccc2c1CCN(C(=O)Nc1ncnc3[nH]ccc13)C2,0.659270389,2.601112775,-8.9,-8.7,1.647,336.1334738
C[C@H]1COc2c(F)c(F)cc3c(=O)c(C(=O)Oc4cccc(F)c4C(N)=O)cn1c23,0.520776415,3.240181982,-9.4,-9.5,2.6903,418.0776562
O=C(Nc1ccccc1)Nc1ccc(NC(=O)Nc2ccc3c(c2)Cc2ccccc2-3)cc1,0.258781621,1.981621967,-10,-10.8,6.5458,434.1742759
CC(=O)c1ccc2c(c1)N(c1cc3cc[nH]c3cn1)c1ccccc1S2,0.41174728,2.634030299,-9.1,-7.9,5.6999,357.0935831
NCCN(c1cccc2ccccc12)c1cc(Br)cc2[nH]ncc12,0.544326529,2.63528687,-8.4,-7.5,4.5754,380.0636586
N#Cc1cc(NN)cc(Nc2cccc(-c3ccc(F)c(F)c3)c2)c1,0.483195366,2.273269438,-9.2,-8.8,4.53268,336.1186529
O=C(O)c1ccc(N(c2ncnc3ccccc23)c2ccc(Br)c3ccncc23)cc1,0.340920977,2.513462165,-9.3,-8.8,6.1085,470.0378378
Cc1[nH]c2ccccc2c1C1=CCN(C(=O)NCc2ccc3[nH]cnc3c2)CC1,0.49024248,2.684649356,-9.9,-9.6,4.35152,385.1902604
Cc1[nH]c2ccccc2c1C1=CCN(C(=O)C(=O)NCc2ccc3[nH]cnc3c2)CC1,0.450052786,2.815579088,-9.9,-9.5,3.28472,413.185175
Nc1nc(-c2ccc3c(c2)CC(=O)N3C(=O)NS(=O)(=O)c2ccc(F)c3cnccc23)cs1,0.457090321,2.952692162,-11,-10.4,3.0672,483.0471241
O=C(CNCc1cccc2[nH]ncc12)c1c[nH]c2ncccc12,0.494186361,2.572859682,-7.8,-8.2,2.4117,305.1276601
O=c1[nH]c2cccc(NS(=O)(=O)c3cccc(-c4ccccc4)c3)c2[nH]1,0.517630219,2.157144566,-10,-9.2,3.324,365.0834123
CCn1c(NC(=O)Nc2ccc(-c3cccc(F)c3)c(F)c2)nc2cc(C#N)ccc21,0.45882412,2.379162969,-9.9,-10,5.51708,417.1401166
Cc1cc(-c2cccc(Cl)c2)ccc1Nc1cc(CCl)c2c(c1)COCO2,0.496709867,2.469343713,-9.3,-8.5,6.66432,399.0792842
O=C(CCCc1ccc2c(c1)-c1ccccc1C2)Nc1ccc2cc(Br)ccc2c1,0.299420056,2.146464417,-10.1,-9.8,7.1349,455.0884764
NN(c1ccc2cc[nH]c(=O)c2c1)c1cccc2ccncc12,0.440574865,2.713328062,-9.2,-8.8,3.0881,302.1167611
NN(C(=O)C(=O)NCc1ccc(-c2ccc3c(c2)CCO3)cc1)c1ccc2cn[nH]c2n1,0.197739528,2.890798467,-9.5,-9.6,2.0829,428.1596885
Cn1ccc2c(NC(=O)Nc3ccc(C#N)c(-c4ccncc4)c3)cccc21,0.54773554,2.335766519,-9.2,-8.7,4.75598,367.1433102
Nc1cccc2c1CC(=O)N2c1ccc2[nH]cc(N)c2c1,0.597606049,2.65464439,-8.4,-7.9,2.5531,278.1167611
O=C1Cc2c(cccc2NC(=O)C(=O)Nc2c[nH]c3ccc(Br)cc23)N1,0.485948382,2.5546166,-9.6,-8.7,3.0022,412.0171024
c1nc(NCc2ccc3cn[nH]c3c2)c2cc[nH]c2n1,0.530524382,2.530565795,-7.4,-7.8,2.4463,264.1123444
Cc1c(NC(=O)C(=O)N2CCC(c3c[nH]c4ncccc34)CC2)cnc2[nH]ccc12,0.447960516,2.842200823,-9.3,-9.2,3.09232,402.1804239
Cc1cc(-c2cccc(Cl)c2)ccc1Nc1cnn2c(Br)ccnc12,0.427439604,2.537937775,-9.3,-8.6,5.86422,412.0090362
O=C(NCc1ccc(-c2cccnc2)cc1)Nc1ccc(Oc2ccnc3ccccc23)cc1,0.315933931,2.097015517,-9.7,-10.3,6.4108,446.1742759
Cc1cccc(-c2cccc(CNC(=O)C(=O)Nc3cc(Cc4ccccc4)ccn3)c2)c1,0.423209335,2.146197295,-9.4,-9.9,4.90272,435.194677
O=[N+]([O-])c1cnc(Br)cc1Nc1cc2cnccc2cc1Br,0.37115714,2.794714672,-8,-7.4,4.8066,421.9013997
CC(=O)c1ccc2c(c1)CCC(=O)N2C(=O)Nc1ccncc1-c1ccncc1,0.690281798,2.542750556,-9.4,-8.6,3.8575,386.1378904
CC(=O)c1ccc2c(c1)CCC(=O)N2C(=O)C(=O)Nc1ccncc1-c1ccncc1,0.521378193,2.665496711,-9.5,-8.6,2.7907,414.1328051
O=C(O)c1ccc2c(c1)N(C(=O)COc1ccc3oc4ccccc4c3c1)C(=O)C2,0.559001143,2.427154534,-10,-9.6,3.7789,401.0899372
Clc1ccc2cc(NCc3cc4ccc(Cl)cc4[nH]3)ncc2c1,0.506136534,2.351244939,-8.9,-8.1,5.635,341.0486528
CC(N)c1ccc2c(c1)CC(=O)N2CC(=O)c1ccc2c(c1)-c1ccccc1C2,0.541757417,2.866843803,-9.9,-9.5,4.0495,382.1681279
Nc1cc2c(=O)[nH]cnc2cc1NCc1cc2cccnc2[nH]1,0.432379645,2.791110381,-8.8,-8.1,1.9937,306.1229091
COc1ccc(Nc2ccc3nc(-c4ccc(N)cc4)[nH]c3c2)c2[nH]ccc12,0.333801186,2.457449196,-9,-8.2,5.0456,369.1589602
CC(C)(C)OC(=O)c1ncccc1Nc1ncnc2[nH]c3ccc(Br)cc3c12,0.437401293,2.67764143,-8.5,-8.2,4.9675,439.0643869
N[C@@H]1CC[C@H](NS(=O)(=O)c2ccc(F)c3cnccc23)C1,0.900228615,3.184225332,-7.7,-7.5,1.532,309.094726
CN(Cc1cc(=O)[nH]c2ccccc12)Cc1ccnc2[nH]ccc12,0.60770561,2.435401815,-8.5,-8.4,3.0364,318.1480612
CC(NCC(=O)c1ccc2c(c1)CC(=O)N2)c1ccc2[nH]ncc2c1,0.626014592,2.98003123,-7.7,-7.5,2.591,334.1429758
C1=C(c2ccc(N3CCc4nnc(-c5ccncc5)cc4C3)cc2)CCCC1,0.648012558,2.623656995,-9.2,-9.2,5.0587,368.2000968
O=C(Nc1ccc(N2C(=O)c3cccc4cccc(c34)C2=O)cc1)Nc1cccc2cnncc12,0.359757406,2.441591891,-11,-10,5.2276,459.1331394
O=c1[nH]c2ccc(NS(=O)(=O)c3ccc(F)c4cnccc34)cc2[nH]1,0.52228687,2.445242569,-8.9,-8.7,2.3443,358.0535894
Cn1cc2ccc(CNc3ccc4c(c3)Cc3ccccc3-4)cc2n1,0.518311306,2.316124417,-9.6,-9.5,4.7566,325.1578976
Nc1n[nH]c2nc(C(F)(F)Nc3ccc4cnccc4n3)ccc12,0.49959825,3.168536483,-8.5,-8.2,2.6447,327.1043998
O=C(Nc1ccc(-c2ccccc2)cc1)N1CC=C(c2cncc3ccccc23)CC1,0.439507369,2.233465242,-9.7,-10.3,6.223,405.1841124
CS(=O)(=O)c1ccc(Oc2ccc(NC(=O)C(=O)Nc3nccc4ccccc34)cc2)cc1,0.434230775,2.181625497,-9.6,-9.3,4.0078,461.1045417
FC(F)(F)c1ccc2[nH]nc(NCc3ccc4ccccc4c3)c2c1,0.527467711,2.181953159,-9.4,-8.8,5.347,341.1139821
O=S(=O)(Nc1cc(-c2ccccn2)c(Br)cn1)c1cccc2ccncc12,0.511875397,2.502753772,-9.1,-8.8,4.2551,439.9942588
C[C@@H](Nc1ccc2ccc(Br)cc2c1)c1ccc2ccccc2c1,0.408833785,2.358045325,-9.3,-9,6.9286,375.0622617
Cc1oc2cc(O)ccc2c(=O)c1-c1ccccc1Nc1ccc2[nH]ncc2c1Cl,0.347528077,2.687483156,-10,-9.5,5.74732,417.0880191
Fc1cccc2nc(NCc3cccc4[nH]ncc34)cnc12,0.608217847,2.474412351,-8.9,-8.3,3.2573,293.1076736
NN(C(=O)c1ccc2c(c1)NC(=O)C2)c1cc2[nH]ncc2cc1Br,0.357304134,2.967617193,-8.7,-8.7,2.3405,385.0174367
O=C(Nc1n[nH]c2nc(Br)ccc12)N1C(=O)c2cccc(Br)c2S1(=O)=O,0.49467129,3.401166028,-9.6,-8.3,2.8595,498.8585489
Nc1n[nH]c2nc(N3C(=O)c4cccc(Br)c4S3(=O)=O)ccc12,0.647358194,3.297624388,-8.8,-8.2,1.6517,392.9531222
O=C(NNc1cc2c3c(c(=O)oc2cc1O)CCCC3)c1cccc2cccnc12,0.2747988,2.615957852,-10.5,-9.6,3.6825,401.1375561
O=[N+]([O-])c1ccc2c(N3CCc4[nH]c5ccc(Cl)cc5c4C3)n[nH]c2c1,0.410668138,2.657551951,-9.1,-9.5,4.1685,367.0836024
O=c1ccc2ccc(N3CCC(c4c[nH]c5ncccc45)CC3)c(Cl)c2[nH]1,0.541546531,2.657349136,-9.5,-9.5,4.4418,378.1247389
Cc1ccc(-n2c(S)nnc2-c2cccc(Nc3ccc4sncc4c3)c2)cc1,0.359715422,2.638829989,-8.6,-8.7,5.88472,415.0925375
Oc1cccc2c(CNc3ccnc4[nH]ncc34)cccc12,0.540209997,2.365302529,-8.5,-8.4,3.4288,290.1167611
N#Cc1cccc(NC(=O)c2ccccc2Nc2ccc3nc[nH]c3n2)c1,0.516312327,2.402685066,-9.1,-8.9,3.82548,354.1229091
N#Cc1ccc(-c2ccc3c(c2)N(C(=O)N[C@H]2CCOc4ccc(O)cc42)CCO3)cc1,0.633581422,3.037211712,-10.1,-9,4.36308,427.1532062
O=C1CCc2cc(CNS(=O)(=O)c3ccc4c(c3)Cc3ccccc3-4)ccc21,0.576368536,2.300436604,-9.6,-9.3,3.8652,389.1085645
COc1ccc2c(NC(=O)N(N)c3ccc4ncsc4c3)n[nH]c2c1,0.297486938,2.863341621,-8.7,-8.2,3.0934,354.0898947
O=c1cc(C(F)(F)Nc2nsc3c(Br)cccc23)c2ccc(O)cc2o1,0.346035921,3.178050775,-9.7,-9.1,5.0322,437.9485317
O=C(Oc1cccc(C(=O)c2ccccc2)c1)c1cnc2ccc(Br)cc2c1,0.24464763,2.043578485,-10,-8.8,5.4475,431.0157054
C[C@@H](Nc1ncnc2[nH]c3ccccc3c12)c1ccc(C#N)cc1,0.595229232,2.791789941,-8.7,-9.1,4.15588,313.1327455
CN(C)c1ccc2cc(NC(=O)N(Cc3ccccc3)c3ncnc4[nH]cnc34)ccc2c1,0.41179231,2.690483834,-9.5,-8.9,4.8108,437.1964084
c1cc(NCc2ccc3[nH]nnc3c2)c2ccncc2c1,0.602596888,2.494388675,-8,-8.4,3.1182,275.1170954
C#Cc1cccc(N(Cc2ccccc2)c2cccc(-c3cn[nH]c3)c2)c1,0.489499482,2.477205,-8.9,-8.8,5.3963,349.1578976
Nc1ccc(Sc2ccc(N3CC=C(c4c[nH]c5ccc(F)cc45)CC3)cc2)cc1,0.382664538,2.572899208,-9.2,-9.3,6.3341,415.1518469
Nc1cc(-c2cc(Br)cc(OC(=O)c3cc(F)c4[nH]c(=O)ccc4c3)c2)[nH]n1,0.330736972,2.794431108,-10,-8.9,3.6212,442.0076806
Clc1cccc(Oc2ccc(Nc3cccc4cn[nH]c34)cc2)c1,0.498751313,2.081781883,-8.4,-8.9,5.7522,335.0825397
NC(=O)c1ccc2c(c1)CN(c1ccc(-n3c(=S)[nH]c4ccccc4c3=O)cc1)CC2,0.487430469,2.35775003,-10.6,-9.3,3.70989,428.1306969
O=C(Cc1cccc2ccccc12)Oc1ccc2ccncc2c1F,0.404239083,2.178823628,-8.7,-9.1,4.6752,331.1008569
Cc1ccncc1C=CC(=O)Oc1cccc2[nH]ncc12,0.454524341,2.533829245,-7.9,-8,2.88512,279.1007767
Cc1cccc(C(Nc2ncc3ccccc3n2)c2cccc(Cl)c2)c1,0.500538596,2.581245111,-9.5,-8.4,5.79312,359.1189253
O=C1CCN(C(=O)c2cc(F)cc3c(=O)c4cc(F)ccc4[nH]c23)c2ncccc2N1,0.461950487,2.768733948,-11.2,-9.6,3.3435,420.1033967
Nc1cc2c(cc1F)CCN(c1cc3c(nn1)-c1ccccc1C3)C2=O,0.53796216,2.75483872,-9.6,-9.5,2.972,346.1229893
Cc1c(OC(=O)c2ccc3cn[nH]c3c2)cnc2c(F)cccc12,0.570571015,2.4710716,-9,-8.6,3.77782,321.0913548
Cc1c(I)cnc2c(OC(=O)c3ccc4cn[nH]c4c3)cccc12,0.294154289,2.58475655,-9,-8.6,4.24332,428.9974246
CC(C(=O)OCC(=O)c1ccc2c(c1)Cc1ccccc1-2)c1c[nH]c2ccccc12,0.325790559,2.790628032,-8.2,-9.3,5.2687,395.1521435
O=C(c1ccc2c(=O)[nH][nH]c(=O)c2c1)N1CCC2(CC1)C(=O)NC(=O)N2C(=O)c1ccc2ccccc2c1,0.348693296,3.300649294,-11.4,-10.3,1.7366,511.1491834
O=C(Nc1ccc(Oc2ccc3ccccc3c2)c(Cl)c1)N1C(=O)c2cccc3c(S(=O)(=O)Cl)ccc1c23,0.227975449,2.608243659,-11.1,-11.5,7.5585,562.015698
O=C(Nc1cc(CCc2ccccc2)ccn1)N1CCc2ncc(C(F)(F)F)cc2C1,0.647601998,2.486138103,-9.7,-9.2,4.8708,426.166746
O=C(Oc1ccc2cc(Cl)ncc2c1)c1ccc2cnccc2c1,0.30387136,2.239403573,-8.9,-8.9,4.6556,334.0509053
Fc1ccc2[nH]c(CNc3cccc4cnccc34)cc2c1,0.584531848,2.254015665,-8.4,-8.5,4.4673,291.1171757
CCN(CC)S(=O)(=O)c1ccc2c3c(cccc13)C(=O)N2c1cc2cn[nH]c2cc1C,0.506028216,2.71198434,-9.1,-8.4,4.34692,434.1412616
O=C1CCOc2ccc(S(=O)(=O)Nc3cc(-c4ncc[nH]4)ccn3)cc21,0.727900788,2.656477489,-9,-8.3,2.2377,370.0735759
O=C(c1ccccc1)c1cccc(N2CC=C(c3cncc(F)c3)CC2)c1,0.631443338,2.328408338,-9.3,-8.9,4.7454,358.1481414
Cc1cc2c(N3C(=O)NC4(CCCCCCCCCCC4)C3=O)c(O)ccc2[nH]1,0.572223768,3.603088672,-9.3,-9.4,5.28162,397.2365419
Cc1ccc2c(C(=O)Oc3cccc(C(=O)c4cccc(F)c4)c3)n[nH]c2c1,0.325173981,2.214309468,-10,-8.6,4.46062,374.1066706
Nc1ccc2cc(Br)ccc2c1Nc1cnc(Cl)nc1-c1c[nH]c2ccccc12,0.209674197,2.704689647,-8.9,-8.9,6.5198,463.0199353
Cc1nc2c(N(C)C(C)Cc3ccc4[nH]ncc4c3)cccc2cc1Br,0.500879255,3.223358132,-8.7,-8.3,5.24942,408.0949588
Cc1c(C(=O)Nc2noc3ccc(C=O)cc23)c2ccccc2[nH]c1=O,0.554247931,2.545072109,-9.4,-8.8,3.04252,347.0906059
O=C1Cc2ccc(C(F)(F)F)cc2N1c1cccc2c(O)cccc12,0.690380983,2.361211236,-8.9,-8.5,4.785,343.0820133
NN(C(=O)c1cccc2ccccc12)c1ccc2c(c1Cl)OCCC2=O,0.422753127,2.630431776,-9.4,-9.2,3.9789,366.07712
O=C(Oc1cc2cn[nH]c2cn1)c1cnc2cc3c(cc2c1O)OCCO3,0.519613806,2.961526351,-9.1,-9,2.2021,364.0807695
O=C(Oc1cc2c(nn1)-c1ccccc1C2)c1cccc2[nH]ccc12,0.501455708,2.566775353,-9.2,-8.9,3.7483,327.1007767
C#Cc1ccc2c(NC(=O)N3CCc4cc(CN)ccc4C3)n[nH]c2c1,0.624010514,2.691192566,-9.1,-8.9,2.5931,345.1589602
C#Cc1ccc2c(NC(=O)C(=O)N3CCc4cc(CN)ccc4C3)n[nH]c2c1,0.467962353,2.804723314,-9.7,-8.5,1.5263,373.1538748
Cc1nc2ccccc2c(=O)n1-c1ccc(N2C(=O)Cc3ccncc32)cc1,0.544356714,2.363857117,-9.2,-9,3.30992,368.1273258
O=C1c2ccccc2NC2(CNC2)N1C(F)(F)Oc1ccc2nccc(O)c2c1,0.588493376,3.67903272,-9.7,-8.7,2.7369,398.1190468
O=C1c2cccc3c(S(=O)(=O)Cl)ccc(c23)N1c1ncc(Cl)c(-c2c[nH]c3ccccc23)n1,0.326518009,2.810772633,-10.1,-9.8,5.6509,494.0007166
O=C1CCc2cc(S(=O)(=O)NC(=O)c3ccc(-c4cnc5c(c4)CCC5)cc3)ccc2N1,0.638842599,2.50139803,-10.3,-10.2,3.2407,447.1252772
O=C(CCl)c1ccc2c(c1)CC(=O)N2C(=O)NNc1cccc2ccncc12,0.402290738,2.788369275,-9.7,-9.3,3.2821,394.083268
O=Cc1c(C(=O)O)[nH]c2ccc(N3C(=O)CCCc4ccc(Br)cc43)cc12,0.605041187,2.655978796,-9.4,-8.5,4.4421,426.0215191
Oc1cc(I)cc(NCCc2ccc3[nH]ncc3c2)c1,0.60824283,2.537162214,-7.7,-7.8,3.5277,379.0181601
Oc1cc(F)cc(NCCc2ccc3[nH]ncc3c2)c1,0.683128532,2.341912347,-7.7,-7.9,3.0622,271.1120903
CC(C)c1ccc2c(c1)CCCN2C(=O)C(=O)Nc1nnc(-c2cccc3ccccc23)o1,0.456436189,2.564079912,-10.7,-10.5,4.9311,440.1848406
CC(=O)c1ccc2c(c1)CC(=O)N2c1cc2cc(Br)ccc2cn1,0.617811169,2.474514931,-9,-8.4,4.4207,380.0160398
NCC1(c2cc(Br)cc(OC(=O)c3cc4c(cn3)Cc3ccccc3-4)c2)CC1,0.375282136,2.771089275,-9.2,-8.6,4.6248,434.0629899
Cn1cnc2cc(OC(=O)Cc3ccc4c(c3)NC(=O)C4)ccc21,0.59283883,2.508066918,-8.6,-8,2.216,321.1113413
O=Cc1c[nH]c2nccc(N3Cc4cnn(-c5ccccc5)c4C3)c12,0.58664057,2.865461215,-8.7,-8.4,3.0813,329.1276601
Brc1ccc2[nH]c(CNc3cc(Br)c4ccncc4c3)cc2c1,0.427334118,2.552640347,-8.4,-8.2,5.8532,428.9476216
Fc1cc(NCc2cc3cc(Br)ccc3[nH]2)c2ccncc2c1,0.518544492,2.455903263,-8.6,-8.6,5.2298,369.0276877
Cc1cccc(-c2ccc(CNC(=O)Nc3cc(C#N)ccc3F)cc2)c1,0.688769414,1.951566721,-9.5,-9.3,4.9945,359.1433904
O=S(=O)(Cl)c1cc(Nc2cccc(-c3cccnc3)c2)cc2cccnc12,0.493830371,2.297686909,-9.3,-8.6,4.9679,395.0495254
CC(C)(Nc1cncc2c(F)cccc12)c1ccc2ccccc2c1,0.507625613,2.37407239,-9.2,-8.8,5.8743,330.1532268
O=C(Nc1ccc2ccccc2c1F)c1cccc2c1CCCN2,0.724930015,2.196828628,-8.8,-8.8,4.5893,320.1324914
O=Cc1c(F)cccc1Nc1cccc2ccncc12,0.730203778,2.291366724,-7.6,-7.5,3.93,266.0855412
Cc1cc(Nc2cccc3c2CCO3)c2cnccc2c1,0.760541977,2.368791511,-8.2,-8.1,4.22172,276.1262631
C[C@@H](Nc1ccc(F)c2cnccc12)c1cc(F)cc(F)c1,0.749621367,2.744295907,-8.5,-8.3,4.8252,302.1030831
O=C(Oc1ccnc2[nH]ccc12)c1cc2[nH]cnc2cc1F,0.557066313,2.68396903,-8.1,-8.1,2.7975,296.0709537
N#Cc1ccc2c(c1)N(c1ccc(Br)c3ccoc13)C(=O)C2=O,0.611162256,2.82826853,-8.8,-8,3.92798,365.9640042
C1=C(c2ccc(NCc3ccc4ccncc4c3)cn2)CCCC1,0.718850388,2.423307804,-9,-8.6,5.1993,315.1735477
O=S(=O)(NCc1nc2ccccc2c2ccccc12)c1cccc2c(Cl)nccc12,0.317084188,2.338291539,-10.8,-9.7,5.0681,433.0651754
N#Cc1cc(N)ncc1Nc1cccc2c(N)cccc12,0.62397225,2.456079005,-8.1,-8.3,3.01448,275.1170954
N#Cc1cc(NC(=O)C(=O)Nc2cccc3c(N)cccc23)ncc1Br,0.443084331,2.507092714,-9.1,-8.6,3.02838,409.0174367
O=C(Nc1cc(F)cc(F)c1Br)C(=O)N1C(=O)Cc2cc(C3CCCCC3)ccc21,0.4980684,2.877667439,-10.7,-9.7,4.8294,476.054711
CC(C)(O)c1ccc2c(c1)N(c1cc(Cl)cc3ccncc13)CC2,0.728081226,2.586976243,-8.8,-8.3,4.8098,338.1185909
NS(=O)(=O)c1ccc(NC(=O)NNc2ccc(F)c3ccncc23)cc1,0.520012648,2.339083862,-8.8,-8.1,2.1699,375.0801385
O=C1CN=C(c2ccccc2)c2cc(Nc3ccc(Cl)cc3-c3cccc4ccccc34)ccc2N1,0.272733661,2.487641435,-10.9,-9.4,7.6933,487.14514
Nc1nccc2cc(N3C(=O)Cc4cc(C(F)(F)F)ccc43)ccc12,0.724887855,2.457976071,-9.3,-9.2,4.0566,343.0932467
O=C(CNCc1cc2cnccc2[nH]1)c1c[nH]c2ncccc12,0.494186361,2.695785022,-7.3,-6.9,2.4117,305.1276601
CC(Cc1ccc2[nH]ncc2c1)NC(=O)c1c[nH]c2ccc(F)cc12,0.533137414,2.793808153,-8.4,-8.4,3.5443,336.1386394
CC(Cc1ccc2[nH]ncc2c1)Nc1ccc2[nH]cc(C(=O)O)c2c1,0.446596721,2.894221615,-8.8,-8.4,3.7855,334.1429758
CC(Cc1ccc2[nH]ncc2c1)N(C)c1ccc([N+](=O)[O-])c2cccnc12,0.427221319,3.143406056,-8.8,-8.2,4.0867,361.1538748
CC(=O)c1ccc2c(c1)CCN(c1c(C)ccc3[nH]c(=O)ccc13)C2,0.729605078,2.396742027,-9.5,-9.3,3.60182,332.1524779
Cc1cccc(-c2ccc(CNC(=O)N3CCN(c4nccc5sccc45)CC3)cc2)c1,0.466340292,2.274291039,-9.5,-9.5,5.30352,442.1827325
Oc1ccnc2cc(Nc3cc(Cl)cc4nc(Cl)ccc34)ccc12,0.46321352,2.395002035,-9.2,-9.1,5.539,355.0279173
Nc1n[nH]c2nc(C(F)(F)OC(=O)Cc3ccc4[nH]ncc4c3)ccc12,0.480977293,3.085060882,-8,-8.6,2.2516,358.0989801
O=C1c2cccc3cccc(c23)N1c1cccc2nc[nH]c(=O)c12,0.585712935,2.426627309,-9.4,-9.7,3.3682,313.0851266
CC(NC(=O)c1ccc(O)c2ncccc12)c1cc2cnccc2[nH]1,0.536662029,2.955688922,-8.5,-8.4,3.3077,332.1273258
O=C(Nc1ccccc1)Nc1cccc2c1CCN(c1cc3cc[nH]c3cn1)C2,0.477097609,2.418694081,-10.1,-8.9,4.7696,383.1746103
COc1ccc(OC)c2nc(Nc3ccc(N4CCN(C)CC4)c4ccncc34)c(C=O)cc12,0.433579069,2.748036351,-9,-8.8,4.1081,457.2113897
Cc1cnccc1CNC(=O)Nc1ccc2cncc(F)c2c1,0.778901652,2.318940472,-8.3,-8,3.39902,310.1229893
C1=C(c2ccncc2)CCN(c2ccc3c(c2)Cc2ccccc2-3)C1,0.518670777,2.397696775,-9.3,-9.5,4.9465,324.1626486
c1cnc2c(Oc3ccc(Nc4cncc5ncccc45)cc3)cccc2c1,0.442232988,2.213741611,-9.1,-9.3,5.7139,364.1324111
Brc1ccc2ncc(NCc3ccc4ccccc4c3)cc2c1,0.500387414,1.966522352,-9,-8.4,5.7626,362.0418606
NC(CNc1c[nH]c2ncccc12)c1ccc2ncccc2c1,0.54058828,2.905143749,-8,-7.4,3.223,303.1483955
O=Cc1c(Br)cccc1N1CC=C(c2c[nH]c3ccccc23)CC1,0.645841976,2.650749068,-8,-8.6,5.0366,380.0524253
O=c1oc2cc(O)c(N3CCN(c4ncnc5sccc45)CC3)cc2c2c1CCCC2,0.481703762,2.777000576,-9.7,-9.8,3.7087,434.1412616
O=C(O)c1ccc2c(c1)CCCCN2c1ccc2[nH]c3ncnc(Cl)c3c2c1,0.472125668,2.556393869,-9.4,-9.6,4.9371,392.1040035
O=C(Oc1ncnc2[nH]c3ccc(Br)cc3c12)c1ccc2c(c1)CCCCN2,0.438978489,2.748765518,-9.3,-9.2,4.841,436.0534879
O=C(Oc1ccc2[nH]c3ncnc(Cl)c3c2c1)c1ccc2c(c1)CCCCN2,0.292600654,2.635818051,-10.3,-9.8,4.7319,392.1040035
Cn1c(=O)cc(NC(=NO)c2ccc(-c3ccccc3)cc2)c2ccccc21,0.242578261,2.291940878,-9.3,-9.2,4.4534,369.1477268
CCOC=C1C(=O)N(c2ccc3[nH]nc(I)c3c2)C(=O)c2ccccc21,0.28049904,2.86980371,-8.4,-8.3,3.7319,459.0079893
O=C(CN1C(=O)c2cccc3cccc1c23)c1cc2cc(Br)ccc2[nH]1,0.491898065,2.353056566,-9.5,-9.6,4.9267,404.0160398
N#Cc1cnc2c(OC(=O)CCc3c(-c4ccccc4)[nH]c4ccc(Br)cc34)cccc2c1,0.220988241,2.53895643,-9.5,-9.3,6.55548,495.0582389
O=C(Nc1cc(Cc2ccccc2)ccc1O)C(=O)Nc1cncc2ccccc12,0.357007425,2.205327083,-10.1,-9,4.1084,397.1426415
CC1CCc2c(sc3nc(S)n(-c4ccc(Nc5[nH]ncc5-c5cccc(Cl)c5)cc4)c(=O)c23)C1,0.183459141,3.422393219,-9.6,-9,6.6478,519.09543
Cn1nc(CC(=O)N2C(=O)NC3(CCN(C(=O)c4ccc5ccc6ccccc6c5n4)CC3)C2=O)c2ccccc2c1=O,0.258663327,3.469918791,-12.3,-12.9,2.9308,574.1964679
Clc1cccc(-c2cccc(CCNCc3ccc4cn[nH]c4c3)c2)c1,0.462351001,2.122265853,-7.6,-7.8,5.2156,361.1345753
NCc1cccc2c1N(C(=O)C(=O)Nc1ccc3nc(-c4ccc(N)cc4)[nH]c3c1)C(=O)C2,0.283913889,2.839021733,-9.4,-9.1,2.3252,440.1596885
Nc1ccc2cncc(N3CCCc4cc(OCc5ccccc5)ccc43)c2c1,0.475645854,2.309228964,-9.7,-9,5.4803,381.1841124
Cc1cccc(-c2cccc(CNc3cc(C(=O)CBr)ccc3F)c2)c1,0.398076978,2.049170238,-8.8,-8.4,5.99082,411.0634045
Cc1n[nH]c2ccc(NC(=O)c3ccccc3-n3cnc4ccccc43)cc12,0.494177949,2.297117488,-9.6,-9,4.46252,367.1433102
O=c1[nH]c2ccc(CNc3cccc4c3oc3ccccc34)cc2[nH]1,0.460066948,2.3070608,-9.3,-9.8,4.3677,329.1164267
CC(NC(=O)c1cc2c(cn1)Cc1ccccc1-2)c1ccc2c(c1)CC(=O)N2,0.579171205,2.933664462,-10.4,-9.5,3.6384,369.1477268
Oc1cc2c(cc1Br)CN(c1cc(F)cc3cnccc13)CC2,0.686860284,2.587302011,-9.1,-8.2,4.4047,372.0273534
Cc1n[nH]c2ncc(NC(=O)C(=O)N3C(=O)c4cc(Br)ccc4S3(=O)=O)cc12,0.517801869,3.120263089,-10.4,-9,1.33862,462.9586015
Cc1[nH]c2ncnc(NC(=O)C(=O)NS(=O)(=O)c3ccc(C(=O)CBr)cc3)c2c1C,0.276916886,2.833299924,-9.2,-8.1,1.59594,493.0055517
CC(Cc1ccc2[nH]ncc2c1)N(C)CC(=O)c1ccc2ccccc2c1,0.518330453,2.781278737,-7.9,-9,4.4618,357.1841124
O=C1Cc2cc(C(F)(F)N3C(=O)Cc4cc(F)ccc43)ccc2N1,0.8598273,2.91612029,-9.2,-8.9,2.9589,332.0772623
Cc1c(I)cnc2c(N3CCN(c4cccc5[nH]cnc45)CC3)cccc12,0.443907559,2.676111551,-8.7,-8.8,4.35072,469.0763436
NS(=O)(=O)c1ccc(C(=O)O)c(Nc2cccc(-c3cc(Cl)ncn3)c2)c1,0.555990908,2.331407193,-9,-8.8,2.8862,404.0346036
Nc1cc(S(N)(=O)=O)ccc1C(=O)Oc1cc(-c2cccc(Cl)c2)ncn1,0.501754125,2.410836116,-8.8,-8.6,2.2458,404.0346036
CC(NC(=O)c1ccc2[nH]ncc2c1)C(=O)Oc1cc(CBr)c2ncccc2c1,0.272804508,3.060247881,-8.6,-8.2,3.7299,452.0484025
COc1cc(N2CC=C(c3cncc(F)c3)CC2)c2cccnc2c1,0.723050458,2.551002553,-8.3,-8.5,4.0712,335.1433904
Cc1cc2ccccc2nc1OC(=O)c1ccc2c(c1)C(=O)Nc1ccccc1O2,0.475962412,2.443129205,-10.9,-9.9,5.12042,396.111007
N#Cc1ccc(NC(C2=NOCC2)c2ccccc2)c2ccncc12,0.784565949,3.345880087,-8.5,-8.6,4.03598,328.1324111
CC(Cc1ccc2[nH]ncc2c1)Nc1ccc(C(=O)CCl)cc1,0.53064639,2.760244242,-7.7,-7.7,4.0275,327.1138399
Fc1cccc2c(N3CCc4[nH]c5c(F)cccc5c4C3)cncc12,0.553014051,2.611075894,-9.4,-9.3,4.557,335.1234039
O=C(NCCCc1cc(F)cc(F)c1)Nc1nc(-c2ccc3ccccc3c2)cs1,0.374061005,2.206500027,-9,-8.8,5.9958,423.1216897
Nc1ccc(-c2cccc(N3CCc4nnc(-c5ccncc5)cc4C3)c2)c(F)c1,0.516076409,2.569618613,-9.8,-9.7,4.4896,397.1702739
Nc1ccc(-c2cccc(F)c2)c(N2CCc3nnc(-c4ccncc4)cc3C2)c1,0.516076409,2.616928403,-9.5,-9.4,4.4896,397.1702739
CC1COc2c(F)c(N3C(=O)Cc4c(N)cccc43)cc3c(=O)c(C(=O)O)cn1c23,0.629000111,3.524338179,-9.7,-9.6,2.5952,409.1073988
O=C1c2ccccc2CNN1c1cc(-c2cccnc2)ccc1O,0.762001563,2.55018643,-9,-8.6,3.1192,317.1164267
O=S(=O)(Nc1cc2cnccc2cc1Cl)c1ccc(F)c2cnccc12,0.56600771,2.480060674,-9.2,-8.5,4.3763,387.0244535
O=C(CCCc1ccc2c(c1)-c1ccccc1C2)Oc1ccc(Br)c2ccncc12,0.223094112,2.460457424,-8.3,-8.4,6.4968,457.067741
O=C(Oc1cc2cnccc2cc1Br)c1cc(F)c2[nH]c(=O)ccc2c1,0.395171243,2.577051111,-9.9,-9.2,4.1971,411.9858825
O=C(Oc1cc2ccncc2cc1Cl)c1cc(F)c2[nH]c(=O)ccc2c1,0.427072982,2.525032608,-9.6,-8.9,4.088,368.0363981
Cc1nccc(-c2cccc(Nc3ccc(C(O)c4ccccc4)cc3)c2)n1,0.503944905,2.513692604,-9.3,-9.2,5.27732,367.1684623
Nc1ccc2c(c1)N(C(=O)C(=O)Nc1cccc3[nH]c(=O)[nH]c13)C(=O)C2,0.372914657,2.898309152,-9.6,-8.7,0.4928,351.0967539
O=C(Cc1ccc2[nH]ncc2c1)Oc1ccc2c(=O)[nH]nnc2c1,0.434677185,2.735962255,-8.7,-8.5,1.3425,321.0861892
Cc1ccc2[nH]c3c(c2c1)CN(Cc1ccc(F)c2cccnc12)CC3,0.569868571,2.394541028,-9.5,-9.1,4.72192,345.1641259
O=Cc1ccc(Nc2ncc(Br)cc2-c2cccnc2)c2cccnc12,0.483706937,2.544671595,-8.4,-8.2,5.0104,404.0272731
O=C(c1ccccc1-c1cccc2ccccc12)N1CCCc2cc(OC(F)F)ccc21,0.361200036,2.234130477,-9.2,-8.7,6.7012,429.1540354
O=C1Cc2ccccc2N1c1cc2cn[nH]c2s1,0.726521163,3.036606137,-8.1,-7.5,2.8452,255.0466329
O=C1NCCNc2c(NC(=O)N3C(=O)c4ccc(Br)cc4S3(=O)=O)cccc21,0.591895634,3.121767308,-9.9,-9.2,1.981,463.9790026
O=C(O)[C@@H]1CC[C@@H]2CN(c3cccc4cnccc34)CCN2C1,0.921431415,2.988011453,-8.1,-8.4,2.22,311.1633769
O=C1Cc2cc(Br)ccc2N1c1ccnc2[nH]ncc12,0.746605203,2.687192453,-8,-7.8,2.9412,327.995973
O=C(Oc1cc(Cl)c2cnccc2c1)c1cc(=O)[nH]c2ccc([N+](=O)[O-])cc12,0.243584809,2.528753212,-9.5,-9.1,3.8571,395.0308981
COc1ccc2cc(Nc3ccc4c(c3)CCC(=O)N4Cc3ccc(Cl)cc3)ccc2c1,0.372468139,2.161540899,-9.6,-9.4,6.7248,442.1448057
Cc1ccc(C)c2c1C(=O)N(C(=O)Nc1c(C(C)C)c(C)nc3ccccc13)C2=O,0.605197576,2.749540824,-9.7,-9.2,5.11156,401.1739416
Brc1ncc(-c2ccc(N[C@@H]3C[C@H]3c3ccc4ccccc4c3)cc2)o1,0.437765862,3.140320258,-9,-9.2,6.2253,404.0524253
Clc1ccc(C2=CCN(c3cccc4cn[nH]c34)CC2)cc1,0.755010891,2.477739689,-8,-8.4,4.51,309.1032752
Cc1nccc(-c2cccc(NC(=O)C(=O)N(C)Cc3ccc4cc[nH]c4c3)c2)n1,0.513768455,2.53126956,-9.8,-8.9,3.53042,399.1695249
O=C(O)c1sc2ncccc2c1Nc1cc(Br)cc2[nH]ncc12,0.483936224,2.690932081,-8,-8.1,4.3769,387.9629586
Brc1cc(NCc2cccc3[nH]ccc23)c2ccncc2c1,0.539158109,2.32127602,-7.9,-8.3,5.0907,351.0371095
CC(Nc1cc(Br)cc2ccncc12)c1ccc2[nH]c(=O)[nH]c2c1,0.492835942,2.992507112,-8.8,-8.7,4.34,382.0429232
COc1ccc(C2=CCN(c3n[nH]c4nccc(Cl)c34)CC2)cc1,0.784950336,2.65474665,-8.3,-7.8,3.9136,340.1090888
CCN(Cc1nc2ccccc2c(=O)[nH]1)c1cccc(-c2cn[nH]c2)c1,0.581446961,2.541579894,-8.9,-8.1,3.3397,345.1589602
C[C@@H](NC(=O)NCc1cc2ccccc2n(C)c1=O)c1ccc2ccccc2c1,0.55154825,2.574346306,-9.7,-9.3,4.2521,385.179027
O=[N+]([O-])c1cnc(Br)cc1NCc1ccc2cnccc2c1,0.43394113,2.505002478,-8.4,-7.7,3.9126,358.0065377
O=C1NCCc2c1cccc2N1C(=O)Cc2cc(S(=O)(=O)Cl)ccc21,0.81361098,2.709679368,-9.2,-8.7,2.1208,376.0284556
O=c1[nH]ccc2c(Nc3nc(-c4ccccc4)nc4ccccc34)cccc12,0.478498603,2.131768249,-10,-9.2,4.8819,364.1324111
O=C(NNc1cccc(F)c1F)NC(c1cccc2ccccc12)C(F)(F)F,0.427913374,2.94546387,-9.6,-9.4,5.0477,395.1057032
O=[N+]([O-])c1ccc2c(c1)CCN2c1cc(F)c2ccccc2c1,0.5139539,2.226194318,-9.1,-9.1,4.5813,308.0961059
Nc1cncc2c(N3C(=O)Cc4c(Br)cccc43)cccc12,0.723192734,2.689094786,-8,-7.9,3.8003,353.0163741
O=C(Oc1ccc2cc(Cl)ncc2c1)c1ccc(-n2cnc3ccccc32)cc1,0.229906566,2.267782388,-9.6,-9.6,5.4463,399.0774544
C[C@@H](O)c1cc(Br)cc(N2CC=C(c3c[nH]c4ccccc34)CC2)c1,0.631548287,3.03555623,-9.5,-8.6,5.2774,396.0837254
C[C@@H](O)c1cc(F)cc(N2CC=C(c3c[nH]c4ccccc34)CC2)c1,0.730394917,2.992523538,-8.8,-9.1,4.654,336.1637915
Cc1cc(=O)oc2cc(NCc3ccc4cnccc4c3)ccc12,0.57373905,2.183283134,-8.9,-8.9,4.26172,316.1211778
O=C(/C=C/c1ccc2ncccc2c1)Nc1nsc2c(Br)cccc12,0.469105317,2.602730267,-9.1,-8.2,5.2589,408.9884451
N#CC(c1ccccc1)c1ccc(NCc2ccc3ccncc3c2)cc1,0.517218121,2.639005956,-9.3,-8.3,5.50238,349.1578976
O=C(OC(c1ccccc1)c1ccc(F)cc1)c1ccc2c(c1)-c1ccccc1C2,0.332385414,2.518896684,-10.2,-9.4,6.3433,394.1369081
O=S(=O)(Nc1ccc(F)c2cnccc12)c1ccc2c(c1)Cc1ccccc1-2,0.483798655,2.318554553,-9.4,-9.2,4.7459,390.0838269
O=C(Oc1nccc2c(O)cccc12)c1ccc2oc3ccccc3c2c1,0.448193945,2.285185553,-9.4,-9.7,5.059,355.0844579
CN(C(=O)C(=O)Nc1nccc(-c2ccccc2)n1)c1cccc2ncccc12,0.548606403,2.389645141,-9.6,-9.2,3.2933,383.1382248
O=C(Nc1cccc(-c2nc3cc(Cl)ccc3[nH]2)c1)C(=O)Nc1ccc(Cl)c2cnccc12,0.292667879,2.452717483,-11.1,-9.6,5.6621,475.0602801
O=C(NNc1cccc2ccncc12)NNc1cccc2ccncc12,0.42583715,2.530725593,-9.3,-9.3,3.4362,344.1385591
C[C@H]1COc2c(NC(=S)c3cnc4ccccc4c3)c(F)cc3c(=O)c(C(=O)O)cn1c23,0.454456179,3.353897121,-9.9,-9.6,4.128,449.0845552
O=Cc1cc2ccc(OC(=O)c3cccc4ccncc34)cc2[nH]1,0.354834319,2.488084452,-8.8,-8.4,3.7478,316.0847922
Cn1c(=O)oc2ccc(CNc3ncnc4scc(-c5ccccc5)c34)cc21,0.493492858,2.448032123,-8.3,-8.1,4.4153,388.0993968
Oc1cnc2ccc(NCc3ccc(-c4ccc5c(c4)CCO5)cc3)cc2c1,0.522718274,2.25278697,-9.6,-9,5.1544,368.1524779
C[C@@H](Nc1ccc2ccnc(Cl)c2c1)c1cccc2cnccc12,0.495077379,2.727221369,-8.1,-8.8,5.6095,333.1032752
Cc1cc(CC(=O)N(N)c2ccc3c(c2)CC(=O)N3)[nH]n1,0.437564336,3.175263959,-7.9,-7.3,0.66212,285.1225747
O=c1[nH]cnc2c(Nc3ccccc3CCc3ccccc3[N+](=O)[O-])c(F)ccc12,0.36398691,2.584784945,-9.9,-9.2,4.4992,404.1284686
O=C1Cc2ccc(CC(=O)Oc3ccnc(F)c3)cc2N1,0.690520177,2.531775928,-8.1,-7.6,1.8634,286.0753704
O=S(=O)(Nc1ccnc2c(C(F)(F)F)cccc12)c1cc(F)c2ccccc2c1,0.45496186,2.374463212,-10,-9.6,5.3467,420.0555615
O=S(=O)(NC(F)(F)c1cccc2c(F)ccnc12)c1cc(F)c2ccccc2c1,0.384858874,2.750733298,-10,-9.6,4.694,420.0555615
COc1cccc2c1CCCN2c1ccc2nc[nH]c(=O)c2c1,0.790434668,2.389933573,-8.3,-8.4,3.016,307.1320768
O=S(=O)(Nc1cc2ccccc2cn1)c1ccc2c(c1)Cc1ccccc1-2,0.503187067,2.190363937,-10.4,-9.9,4.6068,372.0932488
O=C(Oc1cc(F)c2ccncc2c1)c1ccc2c(c1)CCN2,0.580753611,2.457252747,-8.7,-8.5,3.5611,308.0961059
O=C(Oc1c[nH]c2ncccc12)c1ccccc1-c1cccc2ccccc12,0.423870292,2.176913383,-8.8,-8.6,5.6023,364.1211778
N#Cc1ccc(Oc2ccc(NC(=O)c3n[nH]c(=O)c4ccccc34)c(Cl)c2)cc1,0.509103647,2.204018934,-10,-8.7,4.49278,416.067618
Cc1[nH]c2cccc(C#N)c2c1CCNc1cc(C)c2cc[nH]c(=O)c2c1,0.513371835,2.74120748,-8.9,-8.5,4.15252,356.1637113
Brc1ccc(N2CCN(c3cccc4[nH]ccc34)CC2)c2cnccc12,0.518360184,2.41057874,-8.9,-9.2,4.8052,406.0793087
Fc1cccc(C2(CNc3cc4cccc(F)c4cn3)CC2)c1,0.758065339,2.421479633,-8.8,-8.3,4.6567,310.128155
Cc1cc(-c2cccc(Cl)c2)ccc1Nc1cccc2cnsc12,0.446022851,2.350797859,-9,-9,6.66872,350.0644472
O=C1CC=C(c2ccc(Nc3c(Cl)ccc4cnccc34)cc2)CC1,0.65305531,2.553301394,-8.6,-8.9,5.7682,348.1029408
C=Cc1c(Br)cccc1Nc1cccc(-c2ccnc(C)n2)c1,0.653049257,2.445351661,-8,-8,5.60112,365.0527596
COc1cc2[nH]ncc2cc1NCc1cccc2cnccc12,0.602790063,2.341940452,-8.3,-8,3.7318,304.1324111
Cc1[nH]c2ncnc(NC(=O)C(=O)N(C)[C@H]3CC[C@H](O)CC3)c2c1C,0.71000744,2.956980333,-8,-7.8,1.27514,345.1800896
N#Cc1ccc(S)c(Nc2ccc3cncc(F)c3c2)c1,0.693786981,2.630718236,-7.8,-7.6,4.27788,295.0579465
CNc1nc2ccc(N(Cc3ccccc3)c3ccc4[nH]c(=O)[nH]c4c3)cc2[nH]1,0.366843296,2.643374786,-8.9,-9.2,4.1125,384.1698593
C#Cc1cc(F)cc(Nc2c(Cl)ccc3ccncc23)c1,0.690174916,2.540602851,-8.3,-8.4,4.7522,296.0516542
NCc1ccc2c(NC(=O)N3CCN(c4nccc5sccc45)CC3)noc2c1,0.539700013,2.686780035,-9,-8.4,3.2503,408.1368449
O=C(Oc1cccc2c(Br)cncc12)c1ccc2cnccc2c1,0.372145388,2.33436643,-8.7,-8.7,4.7647,378.0003897
O=C(NCc1cc2cnccc2[nH]1)Nc1cc(Cl)ccc1Oc1cccc(F)c1,0.407910742,2.362711075,-8.6,-8.3,5.4694,410.0945817
Cc1ccc2cnccc2c1Nc1ccc2c(c1)oc1ccccc12,0.420757278,2.218052484,-9.5,-9.5,6.18622,324.1262631
NS(=O)(=O)c1ccccc1C(F)(F)Nc1ccc(F)c2cnccc12,0.693816325,2.768953577,-8.5,-8.2,3.1827,367.0602323
Nc1ccc(NS(=O)(=O)c2ccccc2C(F)(F)F)c2cnccc12,0.692406787,2.331786353,-8.3,-8.1,3.6366,367.0602323
Cc1ccc(C)c2c1C(=O)N(C(=O)NCc1ccc(-n3cnc4ccccc43)cc1)C2=O,0.500978893,2.570153627,-11.2,-10.4,4.14814,424.1535405
CC(Nc1ccc2cnccc2c1N)c1ccc2[nH]c(=O)[nH]c2c1,0.435794942,2.973361293,-8.8,-8,3.1597,319.1433102
O=C(NNc1cccc2cnccc12)N1C(=O)c2cccc3c(S(=O)(=O)Cl)ccc1c23,0.358855333,2.773421186,-10.2,-10.3,4.0124,452.0346036
Cc1ccc2c(n1)NCC(=O)N2c1ccc2cn[nH]c2c1,0.716819334,2.770319282,-8.3,-7.9,2.35652,279.11201
Cn1cc2cc(NCc3cc4cc(Br)ccc4cn3)ncc2n1,0.59618644,2.748094308,-8.1,-8.4,3.8911,367.0432575
Cc1ccc2c(C)c(C(=O)Oc3ccc4cc[nH]c4n3)[nH]c2c1,0.552053317,2.648338374,-9.4,-8.2,3.88024,305.1164267
O=C1CC(=C2CN(c3n[nH]c4ccc(Br)cc34)C2)C(=O)N1,0.605291231,3.076242838,-8.6,-8.3,1.4885,346.0065377
CC(=O)c1cccc(Nc2cccc(-c3ccc4c(c3)CCO4)c2)c1F,0.64456447,2.205216566,-9.3,-9.3,5.3738,347.132157
CN(C(=O)Nc1nccc2ccc([N+](=O)[O-])cc12)c1cnc(C#N)cn1,0.565828565,2.856154252,-8.7,-8.8,2.47298,349.0923372
Cc1ccc(CC(Nc2nccn3ncc(Br)c23)c2cccnc2)cc1,0.524932427,3.079917985,-8.9,-8,4.59112,407.0745577
Cc1cccc(C(=O)N(C(=O)NS(=O)(=O)c2cccc3c2CCNC3)c2ccc(O)cc2)c1,0.5453964,2.756794395,-9.1,-8.7,3.09162,465.1358418
c1ccc2c(c1)Cc1cc(N3CCN(c4cccc5[nH]cnc45)CC3)ccc1-2,0.500910737,2.363980622,-9.7,-9.3,4.4607,366.1844467
N#Cc1cccc(C(Nc2cccc3c(Br)cncc23)C(F)(F)F)c1,0.617599967,3.09022112,-8.8,-8.2,5.58448,405.0088441
OCc1ccc2cc(N3CC=C(c4c(F)cccc4F)CC3)ccc2c1,0.725130354,2.414132874,-8.7,-9.1,4.904,351.1434707
Cc1cc2[nH]ncc2cc1N1CCc2cnccc21,0.721829943,2.609435757,-7.1,-7.7,2.96052,250.1218464
O=S(=O)(F)c1ccc2c(NS(=O)(=O)c3cccc4cnccc34)cccc2c1,0.510276688,2.373264409,-10,-8.8,3.847,416.0300771
Cc1ccc2ncc(OC(=O)c3ccc4c(c3)NC(=O)C4)cc2c1,0.736464373,2.314909058,-9.3,-8.9,3.25702,318.1004423
N#Cc1ccc(N(CCN)c2cc(F)cc(-c3cc(N)n[nH]3)c2)nc1,0.655878018,3.01357648,-8.1,-7.7,2.16148,337.1451217
N#Cc1ccc(NCCNC(=O)C(=O)Nc2cc(-c3cc(F)cc(Br)c3)[nH]n2)nc1,0.321557289,2.770491227,-8.4,-8.7,2.41178,471.045463
Cc1cccc(C(=O)c2cccc(Nc3nc(Cl)nc4ccsc34)c2)c1,0.368624766,2.293957489,-9.4,-8.5,5.62772,379.0546107
N#Cc1cncc(CNc2nc(-c3ccc4c(c3)CC(=O)N4)cs2)c1,0.756263938,2.615318886,-8.9,-7.8,3.18348,347.084081
CC1(C)OB(c2ccc3cc(NC(=O)Nc4ccc5c[nH]nc5c4)ccc3c2)OC1(C)C,0.414444936,2.960145005,0,0,4.6593,428.2019711
O=C(Oc1cc2nc[nH]c2cc1Br)c1c(F)ccc2ccncc12,0.413634896,2.688674944,-8.7,-8.3,4.2319,384.9862168
c1cc(NNc2ccc3nccnc3c2)cc(-c2cn[nH]c2)c1,0.503144329,2.480208669,-8.5,-8.6,3.4589,302.1279944
Cc1cn2ccnc(C(=O)Nc3cccc4ccc(S(N)(=O)=O)cc34)c2n1,0.563030714,2.487979403,-9.6,-8.9,2.09062,381.0895603
O=C(OS(=O)(=O)c1ccc2[nH]c(=O)[nH]c2c1)c1ccc(F)c2cnccc12,0.519220773,2.738740537,-9.6,-8.9,2.0892,387.0325196
COc1ccc2[nH]cc(C3=CCN(c4cc(Br)c(N)c5ccoc45)CC3)c2c1,0.411197198,2.952255408,-9.5,-8.7,5.5611,437.073889
COc1ccc2[nH]cc(C3=CCN(C(=O)C(=O)Nc4c(Br)cc(Cl)c5occc45)CC3)c2c1,0.339278267,3.041870833,-10.5,-9,5.593,527.0247459
Brc1ccc(Nc2cccc3ccoc23)c2ccncc12,0.524919975,2.472365209,-8,-7.8,5.4871,338.0054751
Fc1ccc(Nc2cccc3ccoc23)c2cnccc12,0.568495786,2.415211859,-8.3,-8,4.8637,278.0855412
O=C1CCCOc2cc(Nc3cnccc3-c3ccccc3)ccc21,0.745826917,2.211443752,-9.7,-9.2,4.8475,330.1368278
CN(Cc1ccc2[nH]nnc2c1)c1nc(-c2cccc([N+](=O)[O-])c2)n[nH]1,0.416987459,3.008022105,-9,-8.4,2.2876,350.1239717
Cc1cccc(-c2csc(NCC(=O)c3ccc4c(c3)-c3ccccc3C4)n2)c1,0.371381412,2.31734836,-8.6,-8.9,5.98452,396.1296343
O=C(Cc1c[nH]c2ncccc12)Oc1c(Br)ccc2ccncc12,0.429357014,2.603988628,-8.4,-8.4,4.0217,381.0112887
O=C(NCc1ccc2cc[nH]c2n1)C(=O)Nc1ccnc2ccccc12,0.496348526,2.404083943,-9.1,-8.7,2.366,345.1225747
O=C1Cc2ccc(C(=O)NS(=O)(=O)c3ccc(Cl)cc3O)cc2N1,0.764262,2.431379657,-8.9,-7.9,1.6589,366.0077201
O=C(CNNc1cccc2ccncc12)c1ccc2c(c1)-c1ccccc1C2,0.352858351,2.526553791,-8.5,-8.1,4.6054,365.1528122
CN(C(=O)NC1(c2ccc(C#N)cc2)CC1)c1cnc(C#N)cn1,0.931979342,2.95255014,-8.1,-7.7,2.05506,318.1229091
N#Cc1ccc(N2CCC(Nc3nc(-c4cccc([N+](=O)[O-])c4)n[nH]3)CC2)nc1,0.50104449,2.705587998,-8.9,-8.4,2.72748,390.1552718
NN(c1cccc2ncccc12)c1ccc(C(=O)O)c2ccncc12,0.441108298,2.600337775,-8.7,-8.1,3.493,330.1116757
Nc1cc2c(cc1F)CCC(=O)N2c1ccc(-c2ccccc2)cc1,0.692318753,2.12114739,-8.9,-9.1,4.6858,332.1324914
N#Cc1cc(OC(=O)c2cccc3cnccc23)c2cc[nH]c2c1,0.450678101,2.459454562,-8.9,-8.7,3.80698,313.0851266
Cc1cc2ccc(Nc3cccc(Nc4nc(C)cs4)c3)cc2cn1,0.490490599,2.288043228,-8.9,-8.5,5.79534,346.1252176
NC1CCN(c2cccc(N3C(=O)Cc4ccc(C(=O)[O-])cc43)c2)CC1,0.898279712,2.789838429,-8.7,-9,1.1984,350.1510151
C#Cc1ccc2c(NC(=O)C(=O)NC(C)(C)c3ccc(C#N)cc3)n[nH]c2c1,0.484846065,2.831259024,-9.4,-8.2,2.40588,371.1382248
COC(=O)c1cc2[nH]ncc2cc1Nc1ccc2c(c1)C(=O)CCC2,0.714369102,2.495353159,-8.6,-8.6,3.6121,335.1269914
N#Cc1ccc(-c2ccc3c(c2)N(C(=O)N[C@@H]2CC[C@H](N)C2)CCO3)s1,0.852080616,3.51180415,-9,-8,3.07498,368.1306969
O=C(OCC(=O)c1c[nH]c2ncccc12)c1ccc(Nc2ncnc3ccccc23)cc1,0.309618867,2.319074508,-9.6,-8.6,4.2894,423.1331394
C[C@H]1COc2c(C3(NC(=O)Nc4ccc(C(=O)Nc5ccc6cn[nH]c6c5)cc4)CC3)c(F)cc3c(=O)c(C(=O)O)cn1c23,0.188834135,3.584758543,-10.1,-10.9,4.7316,596.1819607
O=C(CNc1cc(-c2ccccn2)c(Br)cn1)c1ccc2ccccc2c1,0.443980449,2.326345436,-8.7,-9.1,5.3541,417.0476742
c1cc2sccc2c(N2CCN(c3ccc4cn[nH]c4c3)CC2)n1,0.608999374,2.451738573,-8.2,-8.4,3.4992,335.1204665
O=C(Nc1nccc(-c2cccc([N+](=O)[O-])c2)n1)N1CC=C(c2cncc3ccccc23)CC1,0.347157863,2.681027246,-10.4,-10.6,4.9212,452.1596885
Nc1cccc2ccc(S(=O)(=O)Nc3cc4cn[nH]c4s3)cc12,0.496902706,2.81665306,-8.8,-8.2,3.1606,344.0401676
O=C(O)CCc1c(-c2ccccc2)[nH]c2ccc(OC(=O)CCC(=O)c3ccc4c(c3)-c3ccccc3C4)cc12,0.119516045,2.59678991,-9.6,-10.2,6.9918,529.188923
Nc1cccc2c1N(S(=O)(=O)c1ccc3c4c(cccc14)C(=O)N3)CCNC2=O,0.559535711,2.825681432,-10,-9.3,1.9264,408.089226
O=[N+]([O-])c1ccc2c(c1)nc(S)n2-c1ccc(N2CC=C(c3cncc4ccccc34)CC2)cc1,0.192480368,2.909587818,-9.5,-9.4,6.0643,479.1415959
O=C(Nc1ccccc1-c1ccc2ccccc2c1)N1CCc2ccc(-c3ccccc3)cc2C1,0.296736496,2.134086696,-11.9,-10.2,7.764,454.2045135
COC(=O)c1cc2[nH]ncc2cc1NC(=O)C(=O)N1C(=O)Cc2cc(C3CCCCC3)ccc21,0.456111098,2.915895288,-9.9,-9.8,3.4516,460.1746699
Cc1cncc2cccc(S(=O)(=O)Nc3cc(I)ccn3)c12,0.653922897,2.657456856,-8.1,-7.5,3.34362,424.9694956
CC1COc2c(N3C(=O)Cc4cc(C(F)(F)F)ccc43)c(F)cc3c(=O)c(C(=O)O)cn1c23,0.581316171,3.426608732,-10.2,-10,4.0318,462.0838844
Cc1cncc2cccc(S(=O)(=O)NC(=NO)c3ccc(-c4ccccc4)cc3)c12,0.223813935,2.540899077,-9.7,-8.1,4.32452,417.1147125
O=C(Nc1nc(-c2ccc3c(c2)Cc2ccccc2-3)cs1)C(=O)N1CCc2ccccc2-c2ccccc21,0.266276167,2.606831983,-11.4,-9.5,6.5761,513.151098
CN(Cc1ccnc2[nH]ccc12)C(=O)c1ccc(-c2cccc3cccnc23)o1,0.491161395,2.576279582,-9.3,-9,4.6433,382.1429758
Clc1ccc(NC(c2ccccc2)c2cccc3ccccc23)c2ccncc12,0.347094636,2.622496257,-9.9,-8.7,7.2429,394.1236763
O=C(Oc1cccc2cc(Cl)ncc12)c1ccccc1C(=O)c1ccc2c(c1)OCCO2,0.187956058,2.405760254,-9.3,-8.6,5.1096,445.0717003
O=C1Cc2c(cccc2OC(=O)CCc2c(-c3ccccc3)[nH]c3ccc(Br)cc23)N1,0.290430597,2.524129857,-9.3,-8.1,5.6302,474.0579046
C[C@@H](Nc1ccc2c(c1)oc1ccccc12)c1cccc2cnccc12,0.41888505,2.616821871,-9.3,-9.3,6.3073,338.1419132
C[C@H](Nc1cccc2c1oc1ccccc12)c1cccc2cnccc12,0.41888505,2.695110183,-9.4,-9.1,6.3073,338.1419132
O=c1oc2cc(O)c(N3CCc4nc(-c5ccccc5)ncc4C3)cc2c2c1CCCC2,0.479818726,2.711057651,-10.6,-10,4.3971,425.1739416
c1cc(NNc2ccc3sncc3c2)c2cnccc2c1,0.553216994,2.67587439,-7.7,-8.2,4.2835,292.0782674
O=S(=O)(Nc1cc(-c2ccccc2)ccc1O)c1cccc2cnccc12,0.517253673,2.077163832,-9.5,-8.7,4.4082,376.0881634
O=C(Nc1ccccc1-n1ncc2c(=O)[nH]cnc21)C(=O)N1CC=C(c2cncc(F)c2)CC1,0.450909666,3.013844358,-10.1,-9.1,1.8973,459.1455157
O=C(c1ccccc1)c1cccc(Nc2nc(-c3ccc(-c4ccccc4)cc3)cs2)c1,0.283315972,1.955183119,-9.8,-10.2,7.4517,432.1296343
O=Cc1ccc(OC(=O)CCCc2ccc3c(c2)-c2ccccc2C3)cc1Oc1ccc(F)c(Cl)c1,0.12506645,2.549786399,-8.6,-9.3,7.5834,500.1190651
COc1cc(OC(=O)c2ccc(-c3cccc4cccnc34)o2)c2ccncc2c1,0.304265168,2.445261271,-9.7,-8.9,5.2708,396.111007
O=Cc1ccc2ccc(NS(=O)(=O)c3ccc(F)c4cnccc34)cc2c1,0.540018934,2.373131756,-9.3,-8.8,4.1404,380.0630915
Cc1ccc2c(c1)C(=O)N(c1ccc(Br)c3cnccc13)CCN2,0.679634551,2.546013406,-9.1,-8.2,4.37802,381.0476742
Cc1ccc2c(c1)C(=O)N(c1ccc(Cl)c3ccncc13)CCN2,0.720944468,2.508193339,-9.2,-8.8,4.26892,337.0981898
COc1cc2c3c([nH]c2cc1NCc1ccc(-c2ccc4c(c2)CCO4)cc1)CCNC3,0.41947994,2.611954293,-9.4,-9.4,5.0362,425.2103271
Fc1ccc2c(C3=CCN(c4ccc(-c5nnc(S)n5-c5ccc(F)c(Cl)c5)c(Cl)c4)CC3)c[nH]c2c1,0.225325341,2.963041647,-10.4,-9.5,7.583,553.0706284
O=C(NS(=O)(=O)c1ccc(-c2ccc(Br)cc2)cc1)C(=O)N1CCN(Cc2nc3sc4c(c3c(=O)[nH]2)CCCC4)CC1,0.311234678,2.813526197,-10.2,-10.7,3.4422,669.0715231
O=C(Nc1ccc([N+](=O)[O-])cc1C(=O)c1ccccc1)c1ccc(-c2cccc3cccnc23)cc1,0.177271856,2.163440098,-10.4,-9.2,6.2933,473.1375561
O=S(=O)(Nc1cc2cccnc2c2ncccc12)c1cccc2cnccc12,0.471335619,2.380064393,-9.7,-9.2,4.132,386.0837467
O=C1CC(=C2CNC2)C(=O)N1C(=O)Nc1nc(-c2ccc3c(c2)Cc2ccccc2-3)cs1,0.365843385,3.066301542,-10.3,-10.3,3.5719,442.1099614
O=S(=O)(NCc1ccc2cn[nH]c2c1)c1cccc2c(Cl)nccc12,0.538146066,2.425482005,-9,-8.5,3.243,372.0447743
O=Cc1ccccc1-c1ccccc1Nc1cccc(-c2ccc3ccccc3c2)n1,0.319241522,2.208539155,-9.7,-9.1,7.1249,400.1575633
O=C(c1c[nH]c2ncccc12)C(Cl)(Cl)NCc1cccc2[nH]ncc12,0.283352072,3.020058928,-7.9,-8.8,3.5431,373.0497154
Nc1ccc2c(c1)N(C(=O)Nc1cccc3cnc(Cl)cc13)C(=O)C2,0.517121219,2.646119058,-9.5,-9.3,3.5916,352.0727033
NN(C(=O)c1ccc2c(c1)NC(=O)C2)c1ccnc(Br)c1,0.375671883,2.834397467,-7.7,-7.2,1.8592,346.0065377
Cc1cc2c(S(=O)(=O)Nc3ccc(Br)c4ccncc34)cccc2cn1,0.515595685,2.470287909,-8.8,-8.5,4.65472,426.9990098
O=C(COC(=O)c1cc2ccc(F)cc2[nH]c1=O)c1ccc2c(c1)-c1ccccc1C2,0.3525253,2.350914075,-9.1,-8.9,4.2781,413.1063362
O=C(Oc1cc(Cl)cc2[nH]c(=O)ccc12)c1cc2c(=O)[nH]c3ccccc3c2s1,0.324350851,2.599247869,-10.2,-9.4,4.4569,422.0128055
CC(Cc1ccc2[nH]ncc2c1)NC(=O)c1ccc2c(c1)oc1ccccc12,0.476881485,2.720800672,-9.4,-9,4.8233,369.1477268
COc1ccc2c(NCC(=O)N3CC=C(c4c[nH]c5ccccc45)CC3)n[nH]c2c1,0.475038066,2.638205851,-9,-9,3.7806,401.185175
Clc1cc(Cl)c2[nH]c3c(c2c1)CN(c1ccc(Br)c2cnccc12)CC3,0.369090629,2.726348874,-8.8,-9.3,6.3481,444.9748149
O=C(c1ccc2c(c1)CC(=O)N2c1cc2c(Cl)ccnc2cc1Cl)C1CCNCC1,0.5861953,2.77148906,-10.1,-9.3,4.9447,439.0854322
O=[N+]([O-])c1ccc2c(c1)nc(S)n2-c1ccc(Nc2cccc3c(Cl)nccc23)cc1,0.148837399,2.65734035,-9.5,-8.8,6.1676,447.0556734
Nc1cc(NS(=O)(=O)c2ccc(-c3ccccc3)cc2)c2cn[nH]c2c1,0.481507274,2.152946413,-8.9,-8.8,3.6129,364.0993968
O=C(c1ccc(N2CCc3nn(-c4ccccc4)cc3C2)cc1)c1cnc2ccccc2c1,0.367226119,2.405822835,-10.9,-10.9,5.2142,430.1793613
O=Cc1cc(Nc2ccccc2-c2ccc3ccccc3c2)ccc1Oc1cccc(Cl)c1,0.26386598,2.215620903,-9.1,-8.8,8.5086,449.1182566
Cc1ccc2[nH]nc(N3C(=O)Cc4ccc(C(=O)[O-])cc43)c2c1,0.775847114,2.996765572,-8.7,-8.3,1.45562,306.0884148
CN(C(=O)c1ccc(-c2cnc3c(c2)CCC3)cc1)c1ccc2c(c1)oc1ccccc12,0.33990394,2.405169598,-10.2,-10.3,6.4133,418.1681279
O=S(=O)(Nc1cccc2ccc(F)cc12)c1cccc2cnccc12,0.597008065,2.102949313,-9.4,-8.7,4.3279,352.0681769
Nc1n[nH]c2cc(CNC(=O)N(C(=O)Nc3cccc(O)c3)c3ccc(F)cc3)ccc12,0.331408576,2.603194202,-9.9,-8.6,3.9381,434.1502667
NCc1ccc2c(Nc3ccc(NC(=O)Nc4cccc(O)c4)cc3)n[nH]c2c1,0.30648301,2.28044679,-9.1,-8.2,4.1148,388.1647739
O=C(Oc1ccc2c(c1)Cc1ccccc1-2)C1NCCc2c1[nH]c1ccccc21,0.349407118,3.022526132,-10.7,-9.8,4.5315,380.1524779
Cc1cccn2c(NC(=O)C(=O)Nc3ccc4[nH]nc(Br)c4c3)c(-c3ccccc3)nc12,0.324257662,2.668691174,-10.5,-8.6,4.52572,488.0596359
Cc1cc(S(=O)(=O)NCc2ccc(-c3ccc4c(c3)CCO4)cc2)c2ncccc2c1,0.501516996,2.353669857,-9.5,-8.5,4.62362,430.1351136
O=C(NC(=O)C(=O)N1CC=C(c2cncc3ccccc23)CC1)Nc1cccc2c1CCCN2,0.512948206,2.933551722,-10.3,-10.4,3.5569,455.1957397
Cc1cccc(-c2cccc(C(=O)Nc3ccc(O)c4ccccc34)c2)c1,0.459171884,1.812819453,-9.6,-9.1,5.77312,353.1415788
O=S(=O)(Nc1ccnc2cc(Cl)c(Br)cc12)c1ccc(F)c2cnccc12,0.453758115,2.560968674,-9.2,-8.6,5.1388,464.9349656
O=S(=O)(Nc1ccc(-c2ccnc3ccccc23)cc1)c1cnc2ccc(F)cc2c1,0.415774197,2.187651396,-10.7,-10.9,5.3899,429.094726
O=C(Nc1ccc(-n2cnc3ccccc32)nc1)Nc1cccc2cnncc12,0.492091669,2.468889608,-10,-8.7,4.0077,381.1338081
Cc1ccc2[nH]c3c(c2c1)CN(C(=O)Nc1ccc2c(c1)C(=O)c1ccccc1C2=O)CC3,0.395206639,2.416198616,-11.4,-10.5,4.84192,435.1582915
N#Cc1c[nH]c2ncnc(OC(=O)CCCc3ccc4c(c3)-c3ccccc3C4)c12,0.448090872,2.830510047,-8.7,-9.9,4.32908,394.1429758
Cc1cnc2[nH]ncc2c1Nc1nc(-c2ccc(-c3ccccc3)cc2)cs1,0.411483144,2.4228828,-9.3,-9.2,5.80042,383.1204665
Nc1cccc2c(Nc3ccc(-c4ccn[nH]4)cc3Cl)cccc12,0.450469436,2.286994782,-8.6,-8.7,5.2091,334.0985242
O=C(Nc1cccc(-c2ccc3ccccc3c2)n1)c1cnc2c(Br)cnn2c1,0.427176843,2.448888451,-10.1,-9.6,4.9593,443.0381722
CCc1cccc2c(C3=CCN(C(=O)c4cc5cc(Br)cnc5[nH]4)CC3)c[nH]c12,0.446047646,2.871042943,-9.3,-8.6,5.2986,448.0898734
CCc1cccc2c(C3=CCN(c4cnc5[nH]c(C(=O)O)cc5c4)CC3)c[nH]c12,0.478529451,2.942408328,-9.2,-9.1,4.5985,386.1742759
Cc1ccc(S(=O)(=O)c2ccc(NNc3ccc4c(c3)C(c3ccccc3)=NCC(=O)N4)cc2)cc1,0.32430814,2.560908589,-10.2,-9.7,5.05632,496.1569116
NN(c1ccc2[nH]ncc2c1)S(=O)(=O)c1ccc(F)c2cnccc12,0.432375107,2.88589934,-8.8,-8.6,2.3192,357.0695738
O=S(=O)(NNc1ccc2[nH]ncc2c1)c1ccc(F)c2cnccc12,0.487545147,2.657485852,-8.8,-8.5,2.5556,357.0695738
Clc1c(N2CC=C(c3cncc4ccccc34)CC2)ccc2[nH]ncc12,0.543184253,2.760582536,-9.8,-9.4,5.0582,360.1141742
CN(CC(=O)N1CC=C(c2c[nH]c3ccccc23)CC1)Cc1ccc2[nH]nnc2c1,0.539146339,2.852585222,-9,-8.9,3.1869,400.2011594
Nc1ccc(Cc2ccc3c(c2)CCN3c2ccc(F)c3c(Cl)ccnc23)cc1,0.43319874,2.530420965,-9.6,-9.2,5.8945,403.1251535
Nc1ccc(Cc2ccc3c(c2)CCN3c2ccnc3c(F)ccc(F)c23)cc1,0.480029711,2.483774262,-9.8,-9,5.3802,387.154704
CC(=O)c1ccc2c(c1)N(C(=O)NS(=O)(=O)c1cccc3cnccc13)c1ccccc1S2,0.412363533,2.652405039,-9.8,-9,5.1386,475.066048
c1cnc2ccc(CCNc3ccc4cn[nH]c4c3)cc2c1,0.600838231,2.170749931,-8.5,-8,3.7657,288.1374965
Brc1cncc2c(NCCc3ccc4cc[nH]c4c3)cccc12,0.525528956,2.43575018,-8.4,-8.3,5.1332,365.0527596
C[C@H]1COc2c(F)c(N(C(=O)Cc3ccc(C#N)cc3)c3cccnc3)cc3c(=O)c(C(=O)O)cn1c23,0.441348248,3.518371021,-9.6,-8.9,3.96628,498.1339479
O=C(Oc1cc2cn[nH]c2s1)c1n[nH]c(=O)c2ccccc12,0.551864166,2.941979126,-8.5,-7.8,2.0801,312.0317111
O=C(O)c1ccc(N(c2nc(Cl)c3c(I)c[nH]c3n2)c2ncnc3ccccc23)cc1,0.233503395,2.885507852,-9,-8.4,5.3271,541.9754993
O=C1Nc2ccc(S(=O)(=O)N3CCC(c4nnc5ccccn45)CC3)c3cccc1c23,0.535752354,2.655163704,-9.9,-10.3,3.0165,433.1208605
O=c1[nH]c(CN(Cc2ccccc2)c2cnc(C3=CCNCC3)nc2)nc2ccccc12,0.493950997,2.886424414,-10.3,-8.4,3.2966,424.2011594
CCC(=O)c1ccc2c(c1)N(C(=O)Nc1cccc3[nH]ncc13)c1ccccc1S2,0.403682455,2.595855465,-10.1,-8.5,5.9904,414.1150468
Brc1cc(N2CCN(c3cccc4[nH]ccc34)CC2)cc2cnccc12,0.518360184,2.455371947,-8.8,-8.8,4.8052,406.0793087
Fc1cc(N2CCN(c3cccc4[nH]ccc34)CC2)c2ccncc2c1,0.59126406,2.371912007,-9,-9.3,4.1818,346.1593748
O=S(=O)(Nc1ccc2cncc(F)c2c1)c1ccc2c(c1)Cc1ccccc1-2,0.483798655,2.335351134,-9.9,-9.6,4.7459,390.0838269
Nc1cc(N2C(=O)C(=O)c3cc(-c4ccccc4)ccc32)ccn1,0.736829955,2.207326449,-8.7,-9.2,3.1918,315.1007767
O=C(CCCc1ccc2c(c1)-c1ccccc1C2)Oc1cc2ccc(Cl)cc2cn1,0.313317772,2.449843089,-8.8,-8.1,6.3877,413.1182566
O=C(Cc1c[nH]c2ncccc12)N1CCCc2cc(OCc3ccccc3)ccc21,0.532660096,2.276037386,-9.4,-9.3,4.6638,397.179027
O=C(Nc1cccc(-c2nc3cc(Cl)ccc3[nH]2)c1)Nc1nccc2cc([N+](=O)[O-])ccc12,0.225253784,2.465801369,-10.7,-10.1,5.9837,458.089416
C[C@H]1COc2c(C3(NC(=O)NNc4ncnc5sc6c(c45)CCCC6)CC3)c(F)cc3c(=O)c(C(=O)O)cn1c23,0.266173968,3.850586941,-9.8,-11,3.9911,564.1591171
C[C@H]1COc2c(C3(NC(=O)C(=O)NNc4ncnc5sc6c(c45)CCCC6)CC3)c(F)cc3c(=O)c(C(=O)O)cn1c23,0.201454825,3.90252445,-10.7,-11.3,2.9243,592.1540317
O=C1CCCc2cc(-c3csc(NC(=O)c4cccc5nc(O)ccc45)n3)ccc2N1,0.440944438,2.545452934,-10.7,-10,4.591,430.1099614
O=C(OCC(=O)c1c[nH]c2ncccc12)c1ccc(-c2cnc3c(c2)CCC3)cc1,0.403846546,2.435880501,-9.6,-8.3,4.1533,397.1426415
O=C1CCCc2c1[nH]c1cc(N3CCc4c([nH]c5ccccc45)C3)ccc21,0.518492189,2.609806154,-9.7,-10.1,4.7309,355.1684623
Nc1ccc(N2C(=O)Cc3ccc(C(F)(F)F)cc32)c2ncccc12,0.678103854,2.560101346,-8.7,-8.4,4.0566,343.0932467
O=C1Cc2ccc(C(F)(F)Nc3ccc(Cl)c4ncccc34)cc2N1,0.674734688,2.834286339,-9.1,-8.8,4.5442,359.0636961
CC1COc2c(N3CC=C(c4c[nH]c5cc(F)c(F)cc45)CC3)c(F)cc3c(=O)c(C(=O)O)cn1c23,0.424635617,3.5999074,-10.1,-10.4,4.8454,495.1405908
CN1CCN(c2ccc(Nc3cccc4c(Br)csc34)c3cnccc23)CC1,0.430886224,2.657634186,-8.6,-8.5,5.7074,452.0670298
Cc1nccc(-c2ccc(NC(=O)C(=O)Nc3nc(-c4ccc5ccccc5c4)cs3)cc2)n1,0.350910035,2.310118155,-9.9,-10.2,5.30592,465.1259458
O=C(O)c1ccc2ccc(OC(=O)c3cnc4cc5c(cc4c3O)OCCO5)cc2c1,0.382253862,2.535629546,-10.4,-9.7,3.7822,417.0848518
O=C(NCc1ccc(-c2ccc3c(c2)CCO3)cc1)C(=O)NC(=S)c1n[nH]c2ccccc12,0.323604929,2.631197776,-9.8,-9.9,3.2729,456.1256115
N#Cc1cccc2c1CCN2c1cc2c(nn1)-c1ccccc1C2,0.538712399,2.697781666,-9.7,-9.5,3.61368,310.1218464
Nc1ccc(Nc2ccc(C(=O)c3cccc(Cl)c3)cc2)c2ccncc12,0.368663854,2.117596376,-9.4,-8.4,5.445,373.0981898
Nc1ccc(Nc2ccc(C(=O)c3cccc(Cl)c3)cc2)c2cnccc12,0.368663854,2.137946672,-9.5,-8.9,5.445,373.0981898
C[C@@H](Nc1cccc2c1CCC2=O)c1cccc2cnccc12,0.772199328,2.752477746,-8.4,-8.5,4.5368,302.1419132
CC#Cc1ccc2cc(N3CCC(c4cc(C)n[nH]4)CC3)ccc2c1,0.695378189,2.737500762,-8.4,-7.8,4.62672,329.1891977
O=C(C1CC(c2ccc(F)cc2)=NO1)N1CCc2c(-c3ccccc3)cccc21,0.661471698,2.796191522,-9.7,-10,4.575,386.1430561
CC(Cl)C(=O)c1ccc2c(c1)CC(=O)N2c1n[nH]c2cccnc12,0.58691785,3.326420717,-8.6,-8.4,2.9887,340.0727033
O=S(=O)(Nc1cc(-c2ccccc2)ccn1)c1ccc(C2CCCCC2)cc1,0.614961489,2.035264768,-9.8,-8.9,5.5971,392.155849
C[C@H](Nc1ccc(O)c2cccnc12)c1cccc2cnccc12,0.539765578,2.754474556,-8.5,-8.5,4.6617,315.1371622
O=C(O)c1cc(=O)c2cc(NCc3cccc(-c4cccc(O)c4)c3)ccc2[nH]1,0.411451278,2.266254542,-9.6,-9.6,4.211,386.1266571
Cc1cccc(-c2ccc(CNc3cc(I)cc4ccccc34)cc2)c1,0.329982775,1.99295702,-9.3,-8.5,7.03192,449.0640476
O=C(CNc1nc2c(s1)CCc1ccccc1-2)c1c[nH]c2ncccc12,0.538098833,2.623859859,-9.1,-8.4,4.0798,360.1044821
C[C@H](NC(=O)N[C@@H]1CCC[C@@H]1N)c1cccc2cnccc12,0.814081034,3.212804224,-7.9,-7.6,2.4748,298.1793613
C[C@H](NC(=O)C(=O)N[C@@H]1CCC[C@@H]1N)c1cccc2cnccc12,0.742932616,3.307525597,-8.4,-7.9,1.408,326.1742759
O=c1cc(C(F)(F)NCCc2ccc3[nH]ncc3c2)c2ccc(O)cc2o1,0.370019846,2.902513374,-8.1,-8.3,3.2565,371.1081478
CC(Nc1cc(Br)c2cnccc2c1)c1cc2cnccc2[nH]1,0.53303001,3.187554899,-8.1,-8.1,5.0467,366.0480086
CC(C)(CNc1nc2cn[nH]c2cc1Br)c1ccc2ccccc2c1,0.495485034,2.658937775,-8.9,-8.7,5.2633,394.0793087
O=C(Nc1cccc(-c2ccc3c(c2)CCO3)c1)NS(=O)(=O)c1cnc2ccc(F)cc2c1,0.464962029,2.4272289,-10.7,-10.2,4.4862,463.1002053
Fc1cc(N(Cc2ccccc2)c2ncnc3[nH]cnc23)cc2cnccc12,0.508363968,2.862933587,-9.5,-8.8,4.3785,370.1342227
CN1C(=O)Cc2ccc(N3CCC(c4cccc5[nH]ccc45)CC3)cc2C1=O,0.696979256,2.512014382,-9.6,-9.2,3.7066,373.179027
CS(=O)(=O)c1ccc(C(=S)Nc2ccc3[nH]ncc3c2)cc1,0.721944897,2.288930305,-8.2,-7.7,2.754,331.0449187
Cc1ccnc2c(S(=O)(=O)Nc3cc(Cl)c4[nH]c5c(c4c3)CNCC5)cccc12,0.459477745,2.79730292,-10,-9.3,4.12442,426.0917245
Cc1cncc2cccc(S(=O)(=O)NCc3cc4cnccc4[nH]3)c12,0.591051249,2.671455082,-8.4,-8.1,2.89802,352.0993968
O=C(Nc1ccc(-c2cccc(F)c2)cc1)Nc1ccncc1I,0.562774645,2.029575948,-8.5,-8.2,5.1363,433.0087383
Nc1ccc(-c2cccc(Nc3ccncc3I)c2)cc1,0.507028473,2.120367202,-8.1,-7.7,4.679,387.0232454
O=C(Nc1cnc2c(F)cccc2c1Cl)c1ccc(-c2cccc(Cl)c2)cc1,0.412780942,2.124008314,-9.3,-9.4,6.6,410.0388966
CCc1cccc2c(C3=CCN(c4cccc(-c5cnn(C)c5)c4)CC3)c[nH]c12,0.51125993,2.676418225,-9.5,-9.2,5.4245,382.2157468
c1ccc(Cc2ccnc(NCc3ccc4cnccc4c3)c2)cc1,0.57076706,2.068623544,-8.8,-9,4.8327,325.1578976
c1cc2c(c(N3CCCC(c4c[nH]c5ncccc45)C3)c1)NCCNC2,0.66443771,3.280957412,-9,-9.1,3.462,347.2109958
O=C(OS(=O)(=O)c1ccc2[nH]c(=O)[nH]c(=O)c2c1)c1cc(F)c2[nH]c(=O)ccc2c1,0.403522006,2.847603412,-10.1,-9.2,0.7427,431.0223489
O=Cc1c(Nc2ccc3cn[nH]c(=O)c3c2)cccc1[N+](=O)[O-],0.433719194,2.580090069,-8.1,-8.3,2.3874,310.0702048
O=[N+]([O-])c1ccc2c(c1)nc(S)n2-c1ccc(Nc2ccnc(-c3ccncc3)n2)cc1,0.228456681,2.718884323,-9.4,-8.7,4.818,441.1007937
CC(Cl)C(=O)c1ccc2c(c1)CC(=O)N2c1cc(Br)c2ccncc2c1,0.433373775,3.181995785,-9,-8.3,5.0281,427.9927175
O=S(=O)(Nc1c[nH]c2ncccc12)c1ccc(Cl)c2ccccc12,0.577473778,2.289919761,-9.1,-8.7,4.1703,357.0338753
O=C(Nc1ccc2c(c1)C(=O)c1ccccc1C2=O)C(=O)N1C(=O)Cc2ccc(C(F)(F)F)cc21,0.422128839,2.68188821,-10.8,-10.7,3.5352,478.0776562
Cc1ccccc1C(NC(=O)c1ccc2c(c1)-c1ccccc1C2)c1ccccc1C,0.369838987,2.183709857,-10.2,-9.2,6.39404,403.1936144
CN1CCN(c2ccc(NC(=O)Nc3ccc(-c4cnn(C)c4)cc3)c3cnccc23)CC1,0.499974286,2.427773257,-9.1,-8.4,4.0311,441.2277085
O=Cc1ccc2ccc(OC(=O)c3ccc(F)c4ncccc34)cc2c1,0.310263543,2.250371643,-9.6,-9.1,4.5588,345.0801215
Cc1cc2nc(O)cc(C)c2cc1Nc1ccc2c(C=O)cccc2c1,0.498135899,2.485221173,-9.6,-8.9,5.26654,342.1368278
O=C(Nc1ccc(Sc2ccccn2)nc1)N(Cc1ccccc1)c1ncnc2[nH]cnc12,0.387428462,2.876199287,-9.8,-8.4,4.5328,454.1324282
Cc1cc(C)cc(C2=CCN(c3cnc4[nH]ccc4c3C)CC2)c1,0.737248287,2.801312403,-8.5,-8.8,4.78186,317.1891977
N#Cc1ccc2c(c1)N(C(=O)Nc1cccc(-c3ccc4ccccc4c3)n1)CC2,0.5003226,2.346325781,-11.4,-9.7,5.36808,390.1480612
Cc1cccc(-c2cccc(CNC(=O)N3CC=C(c4cccc(C)c4C)CC3)c2)c1,0.539442173,2.296041301,-10.1,-9.6,6.27776,410.2358136
Nc1ccc(Oc2ccc(N3C(=O)C(=O)c4cc(-c5ccccc5)ccc43)cc2Cl)c(F)c1,0.284199992,2.328811585,-9.9,-9.6,6.3816,458.0833483
O=C(Oc1c(Br)ccc2[nH]ncc12)c1cc(F)cc2c(=O)c3cc(F)ccc3[nH]c12,0.220185324,2.778738648,-10.3,-9.8,4.8175,468.9873597
O=c1[nH]ccc2ccc(NNc3cccc4ccncc34)cc12,0.506464438,2.42409294,-9.1,-8.7,3.5153,302.1167611
Cc1cc2[nH]ncc2cc1NS(=O)(=O)c1ccc2oc3ccccc3c2c1,0.481951002,2.355624187,-9.4,-9.3,4.57152,377.0834123
O=C1CCCc2c1[nH]c1cc(N3CC(c4nnc5ccccn45)C3)ccc21,0.597520634,2.753185553,-9.8,-9.4,3.3334,357.1589602
C#Cc1ccc(C(=O)Nc2cccc(-c3cn[nH]c3)c2)cc1,0.726043771,2.177444271,-8.4,-8.3,3.3103,287.105862
O=C1CC(=C2CN(C(=O)Nc3ccc4c(c3)CCC(=O)N4CC(F)(F)F)C2)C(=O)N1,0.560165073,3.011868029,-9.4,-9,1.7187,422.1201897
O=C(O)CCCc1ccc2c(c1)CC(=O)N2c1cc(F)c2ccccc2c1,0.720284205,2.346180307,-9.2,-8.4,4.607,363.1270717
O=S(=O)(c1ccc(F)c2cnccc12)N1CCN(c2cccc3[nH]ccc23)CC1,0.562328858,2.45163635,-9.7,-8.7,3.3661,410.1212751
O=S(=O)(Cl)c1ccc(N2CCN(c3cccc4[nH]ccc34)CC2)c2cnccc12,0.501816134,2.557742394,-9.4,-9.2,3.9702,426.0917245
O=C(NCCc1cnc2c(Cl)cnn2c1)Nc1cc(F)c2ccccc2c1,0.558376608,2.544084542,-9.3,-9.1,4.0392,383.094916
C[C@H]1COc2c(C3(NC(=O)N4C(=O)C(c5cccc(N)c5)=C(c5cn(C)c6ccccc56)C4=O)CC3)c(F)cc3c(=O)c(C(=O)O)cn1c23,0.182403529,4.011332414,-11.1,-9.2,4.5446,661.1972765
O[C@H]1CC[C@H](CNc2cccc(-c3cccc(Br)c3)c2)CC1,0.797072304,2.051368549,-8.5,-7.9,5.0791,359.0884764
O=[N+]([O-])c1cc2cn[nH]c2cc1NCc1ccc2c(c1)OCCN2,0.503020837,2.70782687,-8.8,-8.1,2.8875,325.1174893
Brc1ccc2cc(N3CCN(c4nccc5sccc45)CC3)ncc2c1,0.455862743,2.452949769,-8.8,-8.2,4.9336,424.0357296
O=Cc1ccc2ccc(Nc3csc4ccccc34)cc2c1,0.498284171,2.254486434,-8.5,-8.3,5.6106,303.071785
CC(C)(C)OC(=O)c1ncccc1Nc1ccc2[nH]c3ncnc(Cl)c3c2c1,0.379884238,2.682911732,-8.4,-8.9,4.8584,395.1149025
O=C(O)c1cccc(N(C(=O)NCc2ccc(-c3ccc4ccccc4c3)cc2)c2nc3ccccc3c(=O)[nH]2)c1,0.223380743,2.630518656,-11.6,-9.4,6.4894,540.1797552
O=C(NCc1ccc(-c2ccc3ccccc3c2)cc1)C(=O)N(c1cccc(C(=O)O)c1)c1nc2ccccc2c(=O)[nH]1,0.229891255,2.748901682,-10.8,-10.3,5.4226,568.1746699
C[C@@H](Nc1ccc2c(F)nccc2c1)c1ccc2ccccc2c1,0.490345504,2.616725106,-9.3,-8.9,5.7002,316.1375768
CC(NC(=O)N1C(=O)Cc2cc(C(=O)CCl)ccc21)c1ccc2[nH]ncc2c1,0.52189744,3.190861735,-9.3,-8.6,3.3443,396.0989181
Nc1cnc2ccccc2c1NC(=O)C(=O)NCc1ccc2ccc(Br)cc2c1,0.412371363,2.334931465,-9.9,-9.1,3.9876,448.0534879
Cc1ccc2ncccc2c1C(=O)Oc1cc2c3c(c(=O)oc2cc1O)CCCC3,0.303144518,2.601971886,-10.3,-9.2,4.45322,401.1263227
O=C1NC(=O)C2(CC(c3ccccc3)C2)N1Cc1ccc2cn[nH]c2c1,0.7159042,3.110120868,-9.4,-9.1,2.9311,346.1429758
O=C1c2ccccc2C2(CC2)C(=O)N1c1ccnc2[nH]ccc12,0.702957978,3.067868019,-8.5,-8.6,2.7815,303.1007767
Nc1ccc(Nc2ccc3c4c(cccc24)CC3)c2cccnc12,0.52217231,2.301282425,-9,-9.3,4.8124,311.1422475
Cc1cc2cn[nH]c2cc1NC(=O)Nc1ccc(Oc2ccc(S(N)(=O)=O)cc2)cc1,0.374229979,2.25784706,-9.5,-8.7,3.95502,437.1157751
O=c1[nH]c(NNc2ccc3cnc(C(F)(F)F)cc3c2)nc2ccccc12,0.475525753,2.689505582,-9.5,-9.2,3.9291,371.0993947
O=S(=O)(Nc1ccc2[nH]ncc2c1)c1ccccc1-c1ccc(CO)cc1,0.49434362,2.165898151,-9.1,-8.3,3.523,379.0990624
N#Cc1cc2cc(Nc3nccc4c([N+](=O)[O-])cccc34)ccc2[nH]c1=O,0.42618834,2.475201287,-9.2,-9.1,3.59978,357.0861892
Oc1ccc2c(Nc3ccc4c(c3)oc3ccccc34)ccnc2c1,0.444210216,2.186007993,-9.6,-9,5.5834,326.1055277
C[C@@H](NC(=O)N1CCc2[nH]c3c(Br)cccc3c2C1)c1cnc2ccccc2c1,0.436018386,2.987248762,-9.8,-9.3,5.3075,448.0898734
O=C(O)c1[nH]c2ccc(F)cc2c1N1CCN(c2ccnc3ccccc23)CC1,0.555475173,2.443097889,-8.7,-9.2,3.88,390.1492041
NN(C(=O)c1ccc2c(c1)NC(=O)C2)c1cc2cn[nH]c2cc1Cl,0.377452586,2.904845247,-8.5,-8,2.2314,341.0679523
CNc1ccc2cc(Nc3ccc4ccncc4n3)ccc2c1,0.581741983,2.234830271,-8.5,-8.4,4.5683,300.1374965
O=C(CNc1cccc(-c2ccc(Cl)c(Cl)c2)c1)c1cccc2ccccc12,0.358032968,1.989916946,-9.3,-8.6,7.1084,405.0687195
COc1ccc2c(NC(=O)C(=O)NNc3ccc4ncsc4c3)n[nH]c2c1,0.31732902,2.668165607,-8.8,-8,2.263,382.0848093
Brc1ccc2cccnc2c1Nc1ccncc1-c1ccncc1,0.533395593,2.460431287,-7.9,-8.1,5.1979,376.0323585
O=[N+]([O-])c1cccc2c(Nc3c(Cl)ccc4ccncc34)ccnc12,0.410931803,2.433974313,-8.6,-8.6,5.0882,350.0570533
O=C(CNS(=O)(=O)c1cccc2cnccc12)c1ccc2ccccc2c1,0.540595161,2.175196376,-8.5,-8.4,3.5492,376.0881634
CN(CC(=O)c1ccc2c(c1)Cc1ccccc1-2)C(=O)c1ccc2c(c1)CNCC2,0.533140709,2.474483582,-8.9,-9.3,3.8584,396.183778
CC(NC(F)(F)Oc1cccc(Br)c1F)c1ccc2[nH]ncc2c1,0.48049541,3.404490869,-8.3,-8.3,4.7444,399.0194088
O=C1CCCc2c1[nH]c1ccc(N[C@@H]3C[C@H]3c3c(F)cccc3Cl)cc21,0.645470624,3.354020765,-9.4,-9.3,5.4474,368.1091691
COc1ccc2nc(Nc3cccc4cc(S(=O)(=O)F)ccc34)c(C=O)cc2c1,0.381978368,2.554031713,-9.1,-8.6,4.6109,410.0736562
CC(Nc1c(Cl)ccc2cnccc12)c1ccc(S(C)(=O)=O)cc1,0.745547071,2.657776059,-8.4,-8.2,4.4648,360.0699265
Cc1ccc2ncccc2c1C(=O)Oc1ccnc2[nH]ncc12,0.575653442,2.524092471,-8.5,-8.3,3.03372,304.0960256
Nc1ccc2nc(-c3ccc(NS(=O)(=O)c4ccc5[nH]c(=O)[nH]c5c4)cc3)[nH]c2c1,0.283398504,2.435035571,-10,-9.2,2.7825,420.1004594
COc1ccc(C2=CCN(c3ccnc4[nH]ccc34)CC2)cc1OC,0.786133449,2.515736589,-8,-8,3.8738,335.1633769
Nc1ccc(Oc2ccc3ccccc3c2)c(N2C(=O)c3cccc4c(S(=O)(=O)Cl)ccc2c34)c1,0.221990651,2.564629601,-10.4,-9.2,6.5869,500.0597557
O=C(Oc1cc2ccc(Cl)cc2cn1)c1ccc2cnccc2c1,0.500378172,2.286751485,-9.2,-8.8,4.6556,334.0509053
N#Cc1ccc2c(c1)N(Cc1ccc3ccncc3c1)C(=O)C2=O,0.681851929,2.330143841,-9.2,-8.7,2.83598,313.0851266
NN(c1cc2c(nn1)-c1ccccc1CCC2)c1ccnc2ccccc12,0.432164537,2.696895,-9.5,-9.3,4.1923,353.1640456
O=c1nc(Nc2cc3nc[nH]c(=O)c3cc2[N+](=O)[O-])c2cc(Br)ccc2[nH]1,0.335054258,2.818674747,-9.3,-8.8,2.5739,427.9868649
O=C(c1ncc2ccccc2c1O)N1CCc2c(-c3ccccc3)cccc21,0.553817425,2.296715612,-9.4,-9,4.8103,366.1368278
Cc1cc(-c2csc(NC(=O)C(=O)NS(=O)(=O)c3ccc4c(c3)Cc3ccccc3-4)n2)c(F)cc1F,0.338361868,2.686223979,-10.8,-10.3,4.41152,525.0628545
O=C1Cc2cc(Br)c(F)cc2N1c1ncc2ccccc2n1,0.665680207,2.602769511,-8.7,-8.3,3.7522,356.9913022
Cc1nc2c(F)cccc2cc1N(C)C(C)Cc1ccc2[nH]ncc2c1,0.584901895,3.153047737,-9.2,-8.2,4.62602,348.1750249
Oc1cc(Cl)cc(N2CCc3[nH]c4c(F)cccc4c3C2)c1,0.704987783,2.547072808,-8.7,-8.7,4.2287,316.077869
Sc1nnc(-c2ccc(Cl)cc2Cl)n1-c1ccc(Nc2ccc(-c3nnco3)cc2)c(Cl)c1,0.245827427,2.6849889,-9.3,-8.5,6.9768,513.9937131
Nc1ccc(Nc2cc(I)ccn2)c(S(=O)(=O)Nc2cccc(Cl)c2)c1,0.354825396,2.44086637,-8.8,-7.9,4.4662,499.9570724
O=C(CCC(=O)c1ccc2c(c1)-c1ccccc1C2)Oc1ccc2nccc(C(=O)O)c2c1,0.226386444,2.40839813,-9.2,-8.9,5.0727,437.1263227
O=C(Oc1cc(Cl)c2occ(Br)c2c1)c1nc2ccccc2c(Cl)c1Br,0.212262288,2.861897561,-9.5,-8.5,7.032,512.8169726
CN(Cc1ccnc2[nH]ccc12)C(=O)C(=O)Nc1cccc2cc[nH]c12,0.497368069,2.749959336,-8.4,-8.1,2.6413,347.1382248
Ic1cc2cc(N3CCN(c4nccc5sccc45)CC3)ccc2[nH]1,0.440523969,2.671134188,-8.6,-8.1,4.7088,460.0218655
Cc1cccc2c(O)c(C(=O)Oc3cnc4[nH]nc(N)c4c3)cnc12,0.479630566,2.765010716,-8.8,-8.6,2.32152,335.1018393
Cc1c(I)cnc2c(N3C(=O)Cc4cc(N)ccc43)cccc12,0.483880622,2.769767465,-8.3,-7.8,3.95082,415.0181601
O=C1CCOc2ccc(S(=O)(=O)Nc3cc(-c4cccnc4)ccn3)cc21,0.746111286,2.404699926,-9.5,-9,2.9096,381.078327
Cc1c(C(=O)N2C(=O)CNc3ncc(Br)cc32)nnn1-c1ccc2ncccc2c1,0.455051107,2.994460437,-9.7,-9,2.88032,463.0392348
O=C1NC2(CNC2)N(C(F)(F)Oc2ccc3nccc(O)c3c2)c2ccccc21,0.587790476,3.680729719,-9.7,-9.4,2.419,398.1190468
O=[N+]([O-])c1cccc(-c2ccnc(NC(F)(F)c3c(O)cccc3[N+](=O)[O-])n2)c1,0.358866512,2.856834729,-9,-8.6,3.827,403.0728249
O=C(Oc1cc(Cl)cc2c3c([nH]c12)CCNC3)c1cnc2[nH]cnc2c1,0.373727765,3.024573821,-9.1,-8.7,2.9575,367.0836024
N[C@@H]1CCCC[C@@H]1Nc1c[nH]c(=O)c2ccccc12,0.772130868,3.041987744,-7.6,-7.3,2.2099,257.1528122
O=C(OS(=O)(=O)c1cccc2ccncc12)c1n[nH]c2ccc([N+](=O)[O-])cc12,0.313498478,2.778749901,-9.2,-8.1,2.565,398.032105
O=C(Oc1ccc2c(c1)Cc1ccccc1-2)c1cc(=O)c2ccccc2[nH]1,0.37977708,2.247094608,-10.4,-9.7,4.3185,353.1051933
O=C(NCc1ccc(-c2ccc3c(c2)CCO3)cc1)C(=O)NCc1c(O)ccc2ccccc12,0.398383545,2.331027246,-10.5,-10.5,4.0799,452.1736072
O=C(Nc1cc(Cc2ccccc2)ccc1O)C(=O)Nc1ccc2nccnc2c1Br,0.30104301,2.43792704,-9.8,-9,4.2659,476.0484025
Cc1cncc2cccc(S(=O)(=O)N(C(=O)c3ccc(N)cc3)c3ccc4cn[nH]c4c3)c12,0.39290703,2.804599311,-9.3,-9.7,4.03742,457.1208605
COC(=O)c1ccc2c(c1)N(c1ccc3c(=O)[nH]cnc3c1)C(=O)C2,0.722518677,2.5554131,-8.5,-8.4,1.9305,335.0906059
N[C@H]1CCCCC[C@H]1NC(=O)Nc1c[nH]c2ccccc12,0.640045071,2.924317943,-7.8,-7.4,2.9494,286.1793613
COc1ccc2c(c1)C(=O)N(C(=O)Nc1nc(-c3cccc4ccccc34)cs1)C2=O,0.472748857,2.354819002,-10,-10,4.8,429.078327
N#Cc1cccc(C(CF)NC(=O)c2ccc3ccc4ccccc4c3n2)c1,0.530359756,2.859175573,-9.8,-9.3,4.70028,369.1277404
NC(=O)Cc1cccc2c1CCN(c1cc3c(nn1)-c1ccccc1C3=O)C2,0.597577764,2.635810963,-9.3,-9.3,2.2785,370.1429758
Cc1ccc2cnccc2c1NC(F)(F)Oc1ccc2c(O)ccnc2c1,0.399111471,2.898041247,-9.2,-9,4.83822,367.1132332
CN(C(=O)Nc1ccsc1-c1cccnc1)c1cnc(C#N)cn1,0.792584211,2.881895011,-7.7,-7.6,3.14008,336.07933
NS(=O)(=O)c1ccc2cccc(Nc3ccc4c(c3)oc3ccccc34)c2c1,0.448584012,2.166183613,-10.2,-9.8,5.1302,388.0881634
Cc1ccnc2c1N(c1ccc3[nH]c(C(F)F)cc(=O)c3c1)C(=O)CN2,0.738795475,3.085932124,-9.4,-8.9,3.25932,356.1084821
Cc1ccc(-c2cccnc2)cc1NC(=O)N1Cc2ccccc2C(C(F)(F)F)C1,0.583570324,2.946966968,-9.8,-9.2,5.75062,411.1558469
Nc1cccc2c1CC(=O)N2c1cc(Br)cc2[nH]ncc12,0.666839587,2.836266697,-8.1,-7.7,3.1284,342.0116231
O=C(Nc1c(Br)ccc2ccccc12)c1cccc2c1CCCN2,0.639726775,2.309564013,-8.9,-8.9,5.2127,380.0524253
Cc1c(N2C(=O)c3cccc4cccc2c34)sc2nc[nH]c(=O)c12,0.576934059,2.78098063,-9.1,-9.3,3.73812,333.0571976
O=C1CCc2c(cccc2C(=O)OC(F)(F)Oc2cccc3c(O)ccnc23)N1,0.512952508,2.939917267,-9,-8.4,3.6112,400.087078
Cc1ccc(Nc2ncccc2NC(=O)C(=O)Nc2nc(-c3ccc4c(c3)Cc3ccccc3-4)cs2)cc1,0.229874168,2.540024948,-10.6,-10.5,6.40552,517.157246
Cc1ccc(N(C(=O)C(=O)Nc2nc(-c3ccc4c(c3)Cc3ccccc3-4)cs2)c2ncccc2N)cc1,0.280641606,2.807467855,-10.6,-10.8,5.97032,517.157246
O=c1[nH]cnc2ccc(Nc3ccc(S(=O)(=O)c4ccccc4)cc3)cc12,0.567866718,2.16762182,-9.8,-8.7,3.4995,377.0834123
Fc1cc(NC(c2ccccc2)c2ccc(Br)cc2)cc2ccccc12,0.387033012,2.450612115,-9.7,-8.6,6.9429,405.0528399
COC(=O)c1ccc2c(c1)CCN(c1cccc(-c3cn[nH]c3)c1)C2,0.746225954,2.322241331,-9,-8.5,3.426,333.1477268
C[C@@H](Nc1ccc(Br)c2ccncc12)c1cc(F)cc(F)c1,0.669546954,2.792942805,-8.1,-8,5.4486,362.023017
COc1cc2c3c([nH]c2cc1Nc1cccc2cnncc12)CCNC3,0.529756708,2.810072646,-9,-8.8,3.509,345.1589602
O=S(=O)(Cl)c1ccc2cc(N3CCc4cc(F)c(F)cc43)ccc2c1,0.603421281,2.379913434,-9.4,-9.2,4.7397,379.0245337
O=C1Cc2cc(C(=O)C3CCN(c4cc(F)c(C(F)F)c(F)c4)CC3)ccc2N1,0.601101741,2.722340135,-9.8,-8.7,4.4963,406.1304407
O=C1Cc2cc(C(=O)C3CCN(C(F)c4c(F)cc(Br)cc4F)CC3)ccc2N1,0.520238294,3.266167992,-9.6,-9.4,4.7849,466.0503746
Nc1ccc(N(Cc2ccccc2)c2ncnc3[nH]cnc23)c2cnccc12,0.468800757,2.878501335,-9.1,-9,3.8216,367.1545435
CC1CCc2c(sc3nc(CCCl)nc(NC(F)(F)Oc4cccc5c(O)ccnc45)c23)C1,0.199085003,3.713129714,-9.3,-8.9,5.8924,490.104181
O=S(=O)(Nc1cc(Cl)c2[nH]c3c(c2c1)CNCC3)c1ccccc1-c1ccc(CO)cc1,0.349079075,2.636363415,-9.4,-9.3,4.4271,467.1070402
O=C(NCCc1cccc(-c2cccc(Cl)c2)c1)C(=O)N1CCc2[nH]c3ccccc3c2CC1,0.42077167,2.380070603,-11,-10.1,4.7744,471.1713548
O=C(c1cccc(Cl)c1)c1cccc(Nc2nn(CC(F)F)c3ccccc23)c1,0.39989156,2.367194671,-9.4,-9,5.9294,411.0949963
Nc1cc(F)cc(N2C(=O)Cc3cc(C4CCCCC4)ccc32)c1Br,0.679238105,2.689929459,-9.2,-8.8,5.4389,402.0743036
Nc1cc(F)cc(F)c1N1C(=O)Cc2cc(C3CCCCC3)ccc21,0.795800269,2.582744627,-9.4,-8.9,4.8155,342.1543697
Cn1ccc2cccc(Nc3c(-c4ccccc4)[nH][nH]c3=O)c21,0.541160754,2.629992815,-8.7,-8.4,3.6053,304.1324111
CS(=O)(=O)c1cccc2c1CCCN2c1cccc2[nH]ncc12,0.785454509,2.528021591,-8.4,-8.5,3.0507,327.1041478
N[C@H]1CCCCC[C@H]1Nc1cc2ccncc2s1,0.814922215,3.477794928,-7,-6.7,3.3682,261.1299686
O=C1NC(=O)c2c(N[C@H]3C[C@H](c4ccc(F)c(Cl)c4)C3)cccc21,0.834236335,2.460013516,-8.8,-9.1,3.7208,344.0727836
NN(C(=O)Nc1ccc(S(N)(=O)=O)cc1)c1ccc(Br)c2cnccc12,0.329970821,2.611389105,-8.5,-7.8,2.5569,435.0000724
c1ccc2c(c1)nc(CNc1ncnc3ccsc13)c1ccccc12,0.468564119,2.32208939,-9.3,-9.1,5.0048,342.0939174
O=C(NS(=O)(=O)c1cccc2c1CCCC2)c1cc([N+](=O)[O-])cc2ccccc12,0.520773242,2.351955541,-10.5,-9.2,3.7455,410.0936427
Brc1ccc(-c2cncnc2Nc2cccc3c2-c2ccccc2CO3)cc1,0.419971947,2.435838129,-9.8,-8.2,6.2091,429.0476742
O=C(Nn1cnc2sc3c(c2c1=O)CCCC3)C(=O)N1CCc2ccccc2-c2ccccc21,0.430495219,2.814975498,-9.8,-9.8,3.6632,470.1412616
Brc1c(Nc2nc3c(s2)Cc2ccccc2-3)ccc2ccncc12,0.413200324,2.5793834,-8.9,-9.2,5.7686,392.9935305
Fc1ccc2ccncc2c1Nc1nc2c(s1)Cc1ccccc1-2,0.48561527,2.535276574,-9.5,-9.1,5.1452,333.0735966
CC(Nc1ccc2ncccc2c1[N+](=O)[O-])c1ccc2c(c1)CC(=O)N2,0.551819888,2.918892436,-8.7,-8.6,3.8107,348.1222404
O=S(=O)(c1ccc(F)c2cnccc12)N1CC=C(c2c[nH]c3ncccc23)CC1,0.560286256,2.755839647,-9.8,-9.4,3.7282,408.105625
O=Cc1c[nH]c2nccc(NS(=O)(=O)c3ccc(F)c4cnccc34)c12,0.537587909,2.760720342,-8.5,-8,2.8635,370.0535894
c1ccc(-c2ccc(N3CCC4(CC3)Cc3ccccc3C4)cc2)cc1,0.575358931,2.512911259,-8.9,-9.2,5.739,339.1986998
O=C(NC(=S)c1cccc2ccccc12)N1CC=C(c2c[nH]c3ccc(F)cc23)CC1,0.405579245,2.675342165,-10,-9.6,5.6346,429.1311115
O=C1Cc2cc(C(=O)N3C(=O)CCc4cc(I)ccc43)ccc2N1,0.557044089,2.608824659,-9.8,-8.6,2.9054,431.9970903
CC(Nc1ccc2cn[nH]c2c1)c1cc2cc(Br)ccc2[nH]1,0.485462313,2.988651909,-8.4,-7.8,4.9798,354.0480086
O=C(Nc1ccccc1)N(c1cc2cc[nH]c2cn1)c1cccc2c1CCNC2,0.484844344,2.788400879,-8.7,-8.4,4.5788,383.1746103
N#Cc1ccc(NC(=O)C(=O)Nc2cc3ccccc3cc2Cl)cc1-c1ccncc1,0.450271457,2.313608803,-9.5,-9.1,5.00408,426.0883534
Cc1ccc2[nH]nc(C(=O)Oc3c(C=O)c(=O)[nH]c4ccccc34)c2c1,0.437850019,2.609668159,-10.1,-8.5,2.74452,347.0906059
CN(c1ccc2c(c1)oc1ccccc12)c1coc2c(Cl)cc(Cl)cc12,0.318405984,2.610366105,-9.2,-9.1,7.4069,381.032334
Cc1[nH]c2ccc(Br)cc2c1CC(=O)Oc1cc2c3c(c(=O)oc2cc1O)CCCC3,0.241544341,2.739262095,-9.7,-9.2,5.07772,481.0524848
CS(=O)(=O)c1ccc(C(=O)CN2CC=C(c3c[nH]c4cc(F)c(F)cc34)CC2)cc1,0.6250447,2.572654802,-9.1,-9.4,3.8216,430.1162699
Cc1nccc(-c2ccc(NC(=O)C(=O)N3CCC(c4cccc5[nH]ccc45)CC3)cc2)n1,0.466370164,2.500892488,-9.8,-9.8,4.27802,439.200825
CC(=O)c1cc2cc(NC(C)c3ccc4ccccc4c3)ccc2[nH]1,0.47217492,2.594688922,-9.3,-9.1,5.6968,328.1575633
O=C1Cc2ccncc2N1C(=O)Nc1ncc(Br)c2cc[nH]c12,0.687375616,3.168846766,-8.8,-8.3,2.8416,371.0017867
Fc1ccc2c(c1)CC(NCc1cccc3cnccc13)CO2,0.804314633,2.726493749,-8.5,-8.2,3.4672,308.1324914
Cc1ccc2ncccc2c1NC(=O)C(=O)N1C(=O)Cc2cc(F)ccc21,0.67446522,2.56283244,-9.2,-9.3,2.73672,363.1019195
Brc1ccnc2ccc(Nc3nc(-c4ccccn4)nc4sccc34)cc12,0.388497806,2.54083327,-9.8,-8.8,5.8076,432.9996785
O=C(NCc1ccc(-n2cnc3ccccc32)cc1)N1CCCc2cc(-c3ccccc3)ccc21,0.340905144,2.289356666,-10.7,-9.6,6.3549,458.2106615
N#CCc1cc2ccccc2nc1Nc1ccc(-n2cnc3ccccc32)nc1,0.488280395,2.520472972,-9.6,-8.8,4.77838,376.1436445
Fc1ccc(Oc2cccc(Cl)c2)c(Nc2ccnc3c2ccc2cccnc23)c1,0.317518342,2.292399732,-9.4,-9.1,7.1114,415.088768
NN(C(=O)Nc1c(O)ccc2[nH]ccc12)c1cccc2cnccc12,0.195228268,2.779566621,-8.9,-8.1,3.3339,333.1225747
Nc1noc2cc(CNC(=O)NCC=Cc3cccnc3)ccc12,0.667886884,2.591000936,-8.2,-7.7,2.3176,323.1382248
c1ccc(Sc2cccc(NCc3ccc(-c4ccc5c(c4)CCO5)cc3)c2)cc1,0.368508983,2.12995711,-9.3,-8.8,7.0518,409.1500354
Cc1c(C(=O)Nc2noc3cc(Cl)ccc23)c2ccccc2[nH]c1=O,0.572025541,2.390850586,-9.3,-9.1,3.88342,353.0567189
CC(Cc1ccc2[nH]ncc2c1)N(C)c1ccc(C#N)c2cnccc12,0.607857511,3.230056253,-9,-8.5,4.05018,341.1640456
CC(Nc1n[nH]c2cccnc12)c1ccc(C#N)cc1,0.761093143,2.816041413,-8.3,-8.1,3.00268,263.1170954
O=C(O)c1ccc2c(c1)CC(=O)N2C(=O)Nc1cccc2cnncc12,0.735443462,2.629005997,-9.7,-9.1,2.4492,348.0858549
O=C(Nc1cc2cn[nH]c2cn1)N1C(=O)c2ccc(F)cc2C1=O,0.66459778,2.691502487,-9.2,-9,1.9251,325.0611173
N#Cc1cc(N2CCN(c3cccc4[nH]cnc34)CC2)c2cc[nH]c2c1,0.586343576,2.653341378,-9.2,-8.5,3.24248,342.1592946
O=C(Oc1ccnc2[nH]ncc12)c1cc2ccccc2c(=O)[nH]1,0.551722958,2.555163654,-9.1,-8.9,2.0186,306.0752902
CC1CCc2c(sc3nc(S)n(-c4ccc(NCc5cc6ccc(F)cc6[nH]c5=O)cc4)c(=O)c23)C1,0.218283942,3.311170412,-10.1,-10.1,5.4534,518.1246462
O=c1c2ccccc2nc(S)n1-c1ccc(Nc2cccc3[nH]ccc23)cc1,0.306238308,2.418056888,-9.2,-9.4,4.8993,384.1044821
O=Cc1ccc(Oc2ccccc2)cc1Nc1cc2cccnc2c(Br)n1,0.329550195,2.543810675,-9.1,-8.6,5.7407,419.0269388
Nc1cccnc1N(c1ccccc1)c1cc(Br)c2ccncc2c1,0.505062249,2.563202343,-8.3,-8.3,5.4443,390.0480086
Nc1ccc2ncccc2c1Nc1ccc(Oc2ccc(S(=O)(=O)Cl)cc2)cc1,0.3334032,2.21565102,-9.1,-8.5,5.2804,425.0600901
Nc1cc(S(N)(=O)=O)ccc1C(=O)Oc1cccc(-c2cc(Cl)ncn2)c1,0.293984541,2.386374577,-8.6,-8.5,2.2458,404.0346036
Oc1cccc2c(CNc3cc(I)ccn3)cccc12,0.675281379,2.299533567,-7.9,-8,4.1571,376.007261
CC(C(=O)O)N(Cc1cc(F)cc2cccnc12)C(=O)c1ccc2[nH]ncc2c1,0.542544008,3.056460675,-8.6,-9,3.3657,392.1284686
CCC(=O)c1ccc2c(c1)N(c1ccnc3[nH]ccc13)c1ccccc1S2,0.389907352,2.618970752,-8.6,-8.2,6.09,371.1092332
NCCCc1cc(F)cc(Nc2nc(-c3ccc4ccccc4c3)cs2)c1,0.450567591,2.209715251,-8.7,-8.7,5.7373,377.1361969
CC1COc2c(F)c(F)cc3c(=O)c(C(=O)N4C(=O)Cc5c(N)cccc54)cn1c23,0.490630086,3.535515194,-9.5,-9.4,2.5448,411.1030624
Cc1n[nH]c2c(C(=O)Oc3nc4cn[nH]c4cc3Br)cccc12,0.527277838,3.095808304,-8.5,-7.7,3.12432,371.0017867
Cc1cc2c(Nc3ccc(Oc4ccc(C#N)cc4)cc3Cl)cccc2cn1,0.429347498,2.274682758,-9,-9.2,6.6042,385.0981898
Cc1cc2c(Nc3cc(Oc4ccc(C#N)cc4)ccc3F)cccc2cn1,0.472805559,2.283180194,-9.2,-9.1,6.0899,369.1277404
NCc1cnc2c(N3CCN(c4cccc5[nH]cnc45)CC3)cccc2c1,0.589017854,2.500925193,-8.8,-8.8,2.8964,358.1905947
O=C(CCC(=O)c1ccc2c(c1)-c1ccccc1C2)Oc1ccc(F)c2ccncc12,0.217274573,2.464622165,-8.7,-8.2,5.5136,411.1270717
Cc1ccc(-c2csc(N)n2)cc1OC(=O)c1ccc(-c2cccc(Cl)c2)cc1,0.313184798,2.13165658,-9.5,-9.5,6.24032,420.0699265
CC(=O)c1ccc2c(c1)CC(=O)N2C(=O)Nc1n[nH]c2ccc(Br)cc12,0.627419585,2.667372377,-9.3,-9.2,3.6492,412.0171024
Fc1ccc2nc(NC(c3ccccc3)c3cccc4ccccc34)ccc2c1,0.375003258,2.516943484,-9.8,-8.7,6.7286,378.1532268
COC(=O)c1ccc2c(c1)N(c1ccc3nc(F)ccc3c1)C(=O)C2,0.531634154,2.413449069,-9,-8.5,3.3813,336.0910205
Clc1cccc(C2(NCc3cccc4cnccc34)CC2)c1,0.757513879,2.314475761,-7.7,-7.8,4.6671,308.1080262
Cc1cc(NC(c2cccc(F)c2)C2CC2)c2cnccc2c1,0.712205147,2.79540718,-8,-8,5.24552,306.1532268
N#Cc1ccc(N2C(=O)Cc3cc(S(=O)(=O)Cl)ccc32)c2ccncc12,0.633249825,2.734495875,-8.7,-9,3.25478,383.0131399
O=C(Nc1ccc2c(c1)CCC(=O)N2CC1CC1)Nc1cc(Cl)cc2ccccc12,0.558733128,2.317468845,-9.3,-9.2,5.8264,419.1400546
Cc1nccc(-c2cccc(NC(=O)C(C)(C)Cc3cc4ccccc4[nH]3)c2)n1,0.500357989,2.495493466,-8.8,-9.1,5.14072,384.1950114
Sc1nc(-c2ccc(Nc3nc(Cl)nc4ccccc34)cc2)nc2ccccc12,0.217176752,2.360242116,-10,-9.1,5.9257,415.0658441
O=C(CBr)c1cc2cc(N3CCc4ccc(C5CC5)cc4C3)ccc2o1,0.423715145,2.591271336,-8.8,-8.7,5.4505,409.067741
Cc1cc(=O)oc2cc(N(C)C(=O)C(=O)Nc3ccc4c(c3)oc3ccccc34)ccc12,0.328897675,2.507320999,-9.7,-10.1,4.60232,426.1215717
FC(F)(NC(c1ccccc1)c1cccc2ccccc12)Oc1cccc(C2=CCNCC2)c1,0.245202101,3.230009856,-9.2,-9.3,6.5248,456.2013199
O=C(NCc1ccc(-c2ccc3c(c2)CCCO3)cc1)C(=O)N1c2ccccc2C=Cc2ccccc21,0.353844367,2.676178173,-10.7,-9,6.1435,486.1943427
Cc1cc(O)c2cc(OC(=O)Cc3ccc4cnccc4c3)ccc2n1,0.450011127,2.387598105,-8.8,-8.6,3.94512,344.1160924
N#Cc1cccc2c1N(C(=O)Nc1c[nH]nc1-c1nccs1)C(=O)C2,0.736789991,3.357424313,-8.5,-8,2.52608,350.0585946
O=C(c1c(F)ccc2ccncc12)N1CCC(c2c[nH]c3ccccc23)CC1,0.544634017,2.406193098,-9.3,-9.7,4.875,373.1590405
O=C(O)c1c(N2CCC(c3c[nH]c4ccccc34)CC2)ccc2ccncc12,0.542779239,2.455416175,-9.3,-9.2,4.7983,371.1633769
c1cc(Nc2cccc3cccnc23)c2ccncc2c1,0.581889922,2.004254609,-8.1,-8.2,4.5266,271.1109474
O=C(O)CCCc1ccc2c(c1)CC(=O)N2C(=O)Nc1cccc2cnccc12,0.692042696,2.499175209,-8.9,-8.8,3.7633,389.1375561
Fc1cccc(N2CCN(c3ccc4sncc4c3)CC2)c1F,0.709842679,2.466663998,-8.2,-7.9,3.9011,331.0954749
Brc1cnc2c(N3Cc4ccccc4-c4ccccc43)cnn2c1,0.477406609,2.584777549,-9.7,-8.8,4.8105,376.0323585
CC(C)(CNC(=O)C(=O)Nc1cc2ccccc2cn1)c1ccc2ccccc2c1,0.500899425,2.320465088,-9.4,-9.9,4.4205,397.179027
O=C1CCCc2c(O)cccc2N1c1ccc2cn[nH]c2n1,0.722578153,2.753416146,-8.5,-8,2.6645,294.1116757
O=C(OCC(=O)c1c[nH]c2ncccc12)c1ccc2ccc3ccccc3c2n1,0.284919293,2.377070894,-8.7,-9.2,4.304,381.1113413
OC(c1cccc(F)c1)c1cccc(Nc2ccc(F)c3ncccc23)c1,0.515140234,2.615936133,-9.3,-8.8,5.3383,362.1230696
O=S(=O)(NC(c1ccc(Cl)cc1)c1cccc2ccccc12)c1ccc(F)c2cnccc12,0.325993989,2.821397558,-10.6,-8.9,6.2484,476.0761547
O=Cc1c(OC(=O)c2n[nH]c3ccc(F)cc23)c2ccccc2[nH]c1=O,0.435928163,2.632869822,-9.1,-8.8,2.5752,351.065534
O=C(Nc1ccc(Oc2nncc3ccccc23)cc1)N1CCNc2ccccc2C1=O,0.500942591,2.50015716,-10.6,-9.8,4.5219,425.1487895
Fc1cc(F)cc(C2CN(c3ccc4sncc4c3)C2)c1,0.70579985,2.696886697,-7.8,-8.1,4.1783,302.0689258
Cc1cc(-c2csc(N)n2)ccc1Nc1nc(-c2ccc3ccccc3c2)cs1,0.342484894,2.290014424,-9.2,-9.3,6.72102,414.0972886
O=[N+]([O-])c1ccc2[nH]nc(Nc3cccc(I)c3O)c2c1,0.272072793,2.588696293,-8.3,-7.7,3.5249,395.9719381
Cc1c[nH]c2nccc(OC(=O)C3OC(=O)c4ccccc43)c12,0.736092897,3.236910676,-8.5,-8.5,2.68842,308.0797069
O=C(Oc1cc(Cl)cc2cccnc12)c1ccccc1Cc1nc2ccccc2c(=O)[nH]1,0.315349059,2.477426755,-9.3,-10.4,4.9347,441.0880191
N#Cc1cccc(Nc2cccc(NC(=O)N3CCc4cccc(C(F)(F)F)c43)c2)c1,0.550957887,2.478476081,-10.2,-9.4,5.91528,422.1354458
N[C@H]1CCCC[C@H]1Nc1c[nH]c2ccncc2c1=O,0.763713346,3.359079772,-7.5,-6.9,1.6049,258.1480612
N#Cc1ccc(NC(=O)N(c2ccnc3ccccc23)C2CC2)cc1-c1ccncc1,0.494823932,2.562939088,-9.3,-8.4,5.36938,405.1589602
CS(=O)(=O)c1ccc(C(=O)N(N)C(=O)Nc2cccc3c(O)cccc23)cc1,0.352414535,2.356559593,-9.6,-8.7,2.4969,399.0888916
COc1ccc2c(Nc3ccc(/C=C/C(=O)O)cc3Cl)n[nH]c2c1,0.607817938,2.334395926,-8.4,-8,4.0663,343.072369
O=C1Cc2cc(CCCC(=O)Oc3ccc4c(Cl)ccnc4c3)ccc2N1,0.528635058,2.420658506,-8,-7.8,4.3111,380.0927701
O=C(Nc1cccc2[nH]ncc12)N1CCc2cnccc2C1,0.723818162,2.437046907,-8.4,-8.3,2.5481,293.1276601
N#Cc1ccc2c(c1)N(C(=O)Nc1nc(-c3ccc4c(c3)CCC(=O)N4)cs1)C(=O)C2=O,0.584040198,2.811612292,-10.5,-9.9,3.32788,443.0688249
O=C(Nc1ccc(N2C(=O)c3cccc4cccc(c34)C2=O)cc1)C(=O)NS(=O)(=O)c1cccc2cnccc12,0.256979216,2.608091362,-11.6,-10.5,3.6322,550.0947053
CCOc1ccc2cc(Nc3cc(F)cc4cnccc34)ccc2c1,0.522690088,2.1369172,-8.6,-8.6,5.6694,332.1324914
Nc1ccc2c(c1)C(=O)N(c1cncc(C3=CCNCC3)c1)CCO2,0.820906747,2.846469993,-8.6,-8.6,2.0797,336.1586259
CC(Nc1c(Br)ccc2ccncc12)c1cccc(S(C)(=O)=O)c1,0.690811755,2.831183636,-8.3,-8.5,4.5739,404.0194109
CC(Nc1ccc2ccncc2c1F)c1cccc(S(C)(=O)=O)c1,0.778420952,2.770262626,-8.3,-8.5,3.9505,344.099477
O=c1cc[nH]c2c(Nc3nccc4ccc([N+](=O)[O-])cc34)cccc12,0.439590976,2.505439698,-8.8,-8.8,3.7281,332.0909402
O=Cc1ccccc1Cc1ccc(Nc2ccc([N+](=O)[O-])c3ncccc23)cc1,0.277728617,2.304481405,-9.2,-8.5,5.2899,383.1269914
O=c1[nH][nH]c(-c2ccccc2)c1Nc1ccc2cccnc2c1CBr,0.443895661,2.701699919,-8.9,-8.7,4.5567,394.0429232
NN(C(=O)Nc1cc2c(=O)[nH]cnc2cc1F)c1c(F)cccc1Br,0.343431351,2.934049898,-9,-8,2.876,408.9985931
Clc1cc2cc(Nc3cccn4nccc34)ccc2cn1,0.561120914,2.584429725,-8.2,-8,4.2795,294.067224
Cc1cn(-c2ccc(C#N)cn2)nc1Nc1cccc2[nH]c(C=O)cc12,0.553123385,2.953551336,-9,-8.4,3.4848,342.1229091
O=Cc1cc(NCC2(c3cccc(Cl)c3)CC2)cc(-c2cccnc2)c1,0.600149132,2.495112566,-8.6,-8.1,5.3582,362.1185909
O=Cc1ccc(-c2ccccc2NCc2ccc3[nH]ccc3c2)s1,0.485748424,2.406893476,-8.2,-8.2,5.321,332.0983341
Cn1c(=O)[nH]c2c(C(=O)Oc3cc4c(nn3)-c3ccccc3OC4)cccc21,0.541208005,2.870629767,-10,-9,2.4352,374.1015049
O=C(O)c1ccc2c(c1)CCN2c1cc(Br)cc2cnccc12,0.728100784,2.368824388,-8.3,-7.9,4.3897,368.0160398
O=C1CN=C(c2ccccc2)c2cc(Br)ccc2N1c1c[nH]c2nc[nH]c(=O)c12,0.491470149,2.895741845,-9.1,-8.7,3.5294,447.0330868
O=C(NCc1ccc2cnccc2c1)C(=O)Nc1ccc(C(=O)Nc2ccc3cn[nH]c3c2)cc1,0.295410837,2.369377411,-10.2,-9.8,3.6183,464.1596885
Cc1cc(C2CCN(Cc3cc(=O)[nH]c4ccccc34)CC2)[nH]n1,0.779046352,2.510400496,-9.2,-8.6,2.93922,322.1793613
O=C(Oc1cccc2ccncc12)c1cc2cc(Br)cnc2[nH]1,0.427480038,2.545078694,-8.5,-8.6,4.0928,366.9956387
C[C@H](Nc1ccc2c(c1)-c1ccccc1C2)c1ccc(S(N)(=O)=O)cc1,0.573060518,2.547534847,-9.4,-9.1,4.0783,364.1245489
Cc1ccc(C)c2c1C(=O)N(C(=O)C(=O)Nc1cc3c(cc1Cl)CCC3=O)C2=O,0.575134264,2.878626363,-10,-9.4,2.84704,410.0669493
Fc1cccc(C2(CNc3cccc4cc(Cl)ncc34)CC2)c1,0.66885348,2.433297116,-7.3,-7.9,5.171,326.0986044
Cc1cccc(C(NC(=O)C(=O)Nc2cc(F)cc(F)c2Br)c2cccc(C)c2)c1,0.405068248,2.47860508,-9.7,-8.3,5.18844,472.0597964
Fc1ccc2[nH]cc(C3=CCN(c4ccccc4C4NCCn5cccc54)CC3)c2c1,0.491443526,3.340527845,-10.1,-9.5,5.0948,412.206325
N#Cc1ccc(OC(=O)c2ccc3c(c2)NCC3)c2ccncc12,0.579933189,2.535378958,-8.7,-9,3.29368,315.1007767
O=C(NC(=O)Nc1cccc2c1CCCN2)Nc1ccc(-c2ccccc2)cn1,0.533552495,2.372934967,-10.1,-9.1,4.4603,387.1695249
Cc1cc2c(Nc3nc4ccccc4cc3CCl)cccc2cn1,0.497642421,2.361105331,-8.7,-8.9,5.57382,333.1032752
C#Cc1ccc(CCNc2ncnc3[nH]c4ccccc4c23)cc1,0.564343964,2.426547214,-8,-7.8,3.747,312.1374965
Nc1noc2cc(CNC(=O)N3CCN(c4nccc5sccc45)CC3)ccc12,0.540385505,2.623156143,-9.1,-8.6,3.0515,408.1368449
CS(=O)(=O)c1ccc2c(c1)N(CC(=O)c1c[nH]c3ncccc13)CC2,0.725674594,2.481447336,-8.7,-8.1,2.2118,355.0990624
O=C(NC(=O)N1CC(C(=O)O)c2ccccc2C1=O)c1ccc2c(c1)OCCN2,0.706185966,3.191654859,-9.5,-9.7,1.6649,395.1117353
O=C1Cc2ccc(CC(=O)OS(=O)(=O)c3ccc4cnccc4c3)cc2N1,0.694234303,2.708300387,-7.9,-8.1,2.204,382.0623425
Oc1ccc2c(c1)Sc1ccccc1N2c1ccc2c(Cl)c(O)ccc2c1,0.328071504,2.486173891,-9.2,-8.7,6.8388,391.0433774
O=C(NNc1cccc2cnccc12)C(=O)N1C(=O)c2cccc3c(S(=O)(=O)Cl)ccc1c23,0.262108075,2.882383477,-11,-9.4,2.9456,480.0295182
Oc1cnc2ccc(N3CCc4oc(-c5ccccc5)cc4C3)cc2c1,0.570328843,2.505735983,-9.2,-9,4.7631,342.1368278
O=C(NC(c1ccccc1)c1cccc2ccccc12)C(=O)N1CCCc2c(C(=O)O)cccc21,0.427966418,2.896070751,-10.3,-9.7,4.723,464.1736072
O=[N+]([O-])c1ccc(Nc2nccc3cnccc23)c2ccccc12,0.446325589,2.244611705,-8.5,-8.3,4.4348,316.0960256
O=C(CN1CCc2cc(Cl)c(O)cc2C1)c1ccc2c(c1)-c1ccccc1C2,0.508645009,2.414481049,-10.1,-10.2,4.8578,389.1182566
CN(c1cc(-c2cccc(Cl)c2)ncn1)c1ccc(C#N)cc1F,0.701292878,2.464985519,-8.4,-8.6,4.57568,338.0734523
O=C1c2cccc3cccc(c23)N1c1cc2[nH]ncc2nc1Br,0.51535813,2.815175823,-9.1,-8.9,4.1655,363.995973
Cc1nccc(-c2ccc(NC(=O)N3CCc4nccc(Br)c4C3)cc2)n1,0.669636989,2.504754364,-9,-8.9,4.19972,423.0694723
O=C(Nc1ccc(S(=O)(=O)c2ccc([N+](=O)[O-])cc2)cc1)Nc1cc2[nH]nnc2cc1F,0.305971939,2.599787896,-9.4,-8.8,3.482,456.0652167
Nc1cc2[nH]nnc2cc1Nc1ccc(S(=O)(=O)c2ccc([N+](=O)[O-])cc2)cc1,0.25729367,2.661584246,-10.3,-8.6,3.0247,410.0797239
O=C(CCn1c(=O)[nH]c(=O)c2ccccc21)Nc1ccc(Nc2ncnc3c2ccc2ccccc23)cc1,0.287209859,2.443190437,-11.6,-11.1,4.5586,502.1753386
CC(=O)c1cccc(Br)c1Nc1cccc(-c2ccc3c(c2)CCO3)c1,0.538645925,2.286849797,-8.9,-8.9,5.9972,407.0520909
COc1ccc2[nH]cc(C3=CCN(c4ccc5c(c4)oc4ccccc45)CC3)c2c1,0.386519965,2.514581725,-10.2,-9.5,6.3696,394.1681279
NN(Cc1cccc2cccnc12)C(=O)Nc1c2c(cc3c1CCC3=O)CCC2,0.407502553,2.929048438,-9.7,-9.1,3.7602,386.1742759
O=C1CCc2c(Br)cccc2N1c1cc2cnccc2cc1Cl,0.570301726,2.591766346,-8.2,-8,5.2616,385.9821528
O=C(Oc1ccc2cc(Cl)ncc2c1)c1nccc2cccnc12,0.313933114,2.486282474,-8.8,-8.2,4.0506,335.0461542
Cc1ccccc1S(=O)(=O)Cc1ccccc1C(=O)Oc1ccnc2[nH]nc(C)c12,0.492326352,2.596277291,-9.3,-8.4,3.76784,421.1096271
COc1cc2[nH]ncc2cc1Nc1ncnc2sc3c(c12)CCC(C)C3,0.561076427,3.103908269,-8.6,-8.4,4.4446,365.1310312
O=C(CBr)c1cc2cc(Nc3c(Cl)ccc4ncccc34)ccc2o1,0.330129034,2.463166621,-8.5,-8.9,5.9556,413.9770674
O=C(Oc1ccc2c(c1)CCCC2=O)c1ccc(Nc2ncnc3ccccc23)cc1,0.37253045,2.22065755,-10.1,-9.6,5.1116,409.1426415
O=C(Nc1ccc2c(c1)CCC(=O)N2CC1CC1)C(=O)Nc1ccc(Cl)cc1-c1cccc(Cl)c1,0.419862288,2.463200776,-9.6,-8.5,5.9268,507.111647
COc1ccc2[nH]cc(C3=CCN(C(Cl)(Cl)C(=O)c4c[nH]c5ncccc45)CC3)c2c1,0.247890215,3.126584948,-9.2,-9.8,5.1562,454.0963312
O=Cc1cccc(Nc2cc(CCc3ccccc3)ccn2)c1Br,0.598145467,2.265800277,-8.1,-7.9,5.1854,380.0524253
CS(=O)(=O)c1cccc2c1N(c1cc(-c3ncc[nH]3)ccn1)CCC2,0.782186622,2.772791621,-8.4,-8.3,2.9595,354.1150468
N#Cc1ccc(N(N)C(=O)Cc2ccc3cn[nH]c3c2)cc1,0.437019636,2.622815665,-8.4,-8.1,1.88398,291.11201
CC(Cc1ccc2[nH]ncc2c1)NC(=O)N1C(=O)CCC(=O)c2ccccc21,0.733679581,3.037539462,-9.5,-9.1,3.2132,376.1535405
CC(Cc1ccc2[nH]ncc2c1)NC(=O)C(=O)N1C(=O)CCC(=O)c2ccccc21,0.649793459,3.182222896,-9.4,-9.1,2.1464,404.1484551
S=C(Cc1cccc2ccccc12)Nc1ccnc2cc(Br)ccc12,0.413606423,2.266560825,-8.5,-8.8,6.1325,406.0139316
N#Cc1ccc2c(C(=O)Nc3cc4c(cn3)OCCC4)c[nH]c2c1,0.759615416,2.568787749,-8.7,-8.4,3.01188,318.1116757
O=C1CCc2cc(-c3csc(Nc4cccc5cc(Cl)ncc45)n3)ccc2N1,0.431868897,2.554569834,-9.8,-9.5,5.64,406.0655098
CC(NC(=O)NS(=O)(=O)c1cccc2cc(N)ccc12)c1cc2cnccc2[nH]1,0.384969841,3.108348293,-9.8,-9,3.0474,409.1208605
N#Cc1ccc(N(CCN)C(=O)Nc2cc(-c3cc(F)cc(Br)c3)[nH]n2)nc1,0.557609664,2.967960222,-8.2,-7.9,3.24218,443.0505484
N#Cc1ccc(N(CCN)c2cc(Br)cc(-c3cc(N)n[nH]3)c2)nc1,0.607879565,3.064657087,-8.2,-7.4,2.78488,397.0650556
CC1(C)OB(c2ccc3cc(NC(=O)C(=O)Nc4ccc5c[nH]nc5c4)ccc3c2)OC1(C)C,0.322910865,3.015013304,0,0,3.5925,456.1968857
Cc1cc2c(C(=O)N3C(=O)NC4(CCN(C(=O)c5cc6c(s5)-c5ccccc5CC6)CC4)C3=O)cccc2[nH]1,0.286021762,3.489999017,-11.7,-9.8,4.67042,538.1674763
O=C(Nc1ccc2[nH]c(=O)[nH]c2c1)N1C(=O)c2ccccc2C2(CC2)C1=O,0.575041708,3.084374782,-9.8,-8.9,2.1023,362.1015049
Brc1cccc(-c2cccc(NCc3ccc4c(c3)CCC4)c2)c1,0.568579909,1.933446672,-9.1,-8.4,6.2169,377.0779117
O=C(c1ccc(F)cc1)c1ccc(N2CCCc3cnccc32)cc1Cl,0.597962867,2.220720566,-9,-8.6,5.1894,366.093519
CC(=O)c1ccc2c(c1)N(C(=O)C(=O)Nc1ccc(-c3ccnc4ccccc34)cc1)c1ccccc1S2,0.209471219,2.5832231,-10.8,-9.2,6.8724,515.1303625
Cc1nccc2c(Nc3cc(CO)cc(-c4cccnc4)c3)cccc12,0.557457429,2.28299204,-9.3,-9.3,4.84112,341.1528122
CN1CCN(c2ccc(NC(=O)N3CCc4cc(S(C)(=O)=O)ccc43)c3cnccc23)CC1,0.640157022,2.550190964,-9.8,-8.7,2.9847,465.1834607
CN1CCN(c2ccc(NC(=O)C(=O)N3CCc4cc(S(C)(=O)=O)ccc43)c3cnccc23)CC1,0.556284217,2.680983993,-10.3,-8.9,1.9179,493.1783753
Cn1c(=O)oc2c(C(=O)Oc3ccc4ccc5cccnc5c4n3)cccc21,0.348885186,2.632571647,-10.3,-9.2,3.4471,371.0906059
N#Cc1ccc2c(c1)N(CC(=O)c1c[nH]c3ncccc13)C(=O)C2,0.750104586,2.583783306,-9,-8.5,2.20658,316.0960256
c1ccc2ncc(CCNc3cccc4c3oc3ccccc34)cc2c1,0.450632178,2.152427714,-8.7,-8.9,5.7888,338.1419132
c1cc(N2CCCCCNCCCCCNCCCCC2)c2cc[nH]c2n1,0.707123544,2.984365785,-9.3,-9,4.073,371.3048962
O=S(=O)(Cl)c1cc(F)cc(N(c2cccc(F)c2)c2ncc(Br)cn2)c1,0.517520991,2.685362182,-8.2,-7.7,4.9146,458.9255437
O=C1c2cc([N+](=O)[O-])c(F)cc2CCN1c1ccc2ncc(=O)[nH]c2c1,0.560226172,2.651121165,-8.6,-9.5,2.1733,354.0764331
O=C(NNc1cccc2ncccc12)c1ccc(F)c2cnccc12,0.561736536,2.275579793,-9.3,-8.6,3.679,332.1073393
O=C(O)Cc1ccc2c(c1)N(CC(=O)c1ccc3c(c1)-c1ccccc1C3)C(=O)C2,0.521770256,2.430142727,-10.6,-9.3,3.6569,397.1314081
O=C(Nc1cccc(S(=O)(=O)c2ccccc2)c1)Nc1ccc(O)c2ccccc12,0.405503417,2.013610169,-9.7,-9.3,5.0222,418.0987281
O=C(Nc1cc(Cl)cc2[nH]cnc12)N1CCC(=C2c3ccccc3CCc3cccnc32)CC1,0.367505736,2.846287246,-11.1,-9.5,5.8397,469.1669381
Cn1cc(OC(=O)c2cc(O)nc3ccc(Br)cc23)c2ccccc21,0.509141175,2.47477973,-9,-8.1,4.4138,396.0109544
N#Cc1cccc(N(C(=O)Nc2cccc3cnncc23)c2cccc(N)c2)c1,0.510422526,2.641875911,-9,-8.7,4.45388,380.1385591
C[C@@H]1COc2cccnc2N1C(=O)Nc1nccc(-c2ccccc2)n1,0.768746379,2.966423249,-9.1,-8.8,3.358,347.1382248
O=C1Cc2cc(C3CCCCC3)ccc2N1C(=O)c1ccc(Nc2ncnc3ccccc23)cc1,0.368225114,2.513850284,-10.5,-10.9,6.1506,462.2055761
CS(=O)(=O)c1ccc(C(=O)COC(=O)c2cccc(Nc3nc4ccccc4c(=O)[nH]3)c2)cc1,0.306179572,2.337088304,-8.5,-8.5,3.1099,477.0994563
Cc1sc(NC(=O)C(=O)N2C(=O)Cc3cc(Br)c(F)cc32)nc1-c1c[nH]c2ncccc12,0.394227387,3.092027896,-10.7,-8.7,3.95082,512.9906506
C[C@H]1COc2c(C3(N)CC3)c(F)cc3c(=O)c(C(=O)N(C(=O)c4ccc(N)cc4)c4ccc5cn[nH]c5c4)cn1c23,0.225436711,3.822929827,-10,-8.2,3.9875,552.1921315
C[C@H]1COc2c(C3(NC(=O)C(=O)Nc4ccc(C(=O)Nc5ccc6cn[nH]c6c5)cc4)CC3)c(F)cc3c(=O)c(C(=O)O)cn1c23,0.177263389,3.664073971,-10.4,-9.1,3.6648,624.1768754
NNC(=O)c1ccc2c(c1)N(c1cnn3cc(CCO)cnc13)C(=O)C2,0.346994705,2.970817015,-8.9,-8.4,0.0884,352.1283884
N[C@H]1CC[C@@H](NC(=O)C(=O)N2CCC(c3c[nH]c4ncccc34)CC2)C1,0.705628253,3.348978919,-8.9,-8.1,1.2649,355.200825
O=C(NCc1ccc(-c2ccc3ccccc3c2)cc1)C(=O)N(Cc1ccccc1)c1ncnc2[nH]cnc12,0.305031253,2.707772505,-10.6,-9.8,5.0227,512.196074
CC(Nc1nc(-c2ccccc2)nc2ccccc12)c1ccc2[nH]ncc2c1,0.450673624,2.650314879,-9.7,-8.9,5.3462,365.1640456
O=C(NC(c1ccc(Cl)cc1)c1cccc2ccccc12)C(=O)N1C(=O)C(=O)c2cc(-c3ccccc3)ccc21,0.276189954,3.012249687,-10.4,-10,6.1219,544.1189848
O=S(=O)(c1cccc2cnccc12)N1CCN(c2cccc3[nH]ccc23)CC1,0.581202818,2.328676588,-8.9,-8.9,3.227,392.1306969
O=C(CCc1c(-c2ccccc2)[nH]c2ccc(Br)cc12)OS(=O)(=O)c1ccc2[nH]c(=O)[nH]c(=O)c2c1,0.264659691,2.800166159,-10.8,-9.6,3.9919,567.0099684
O=C(CCCc1ccc2c(c1)-c1ccccc1C2)Oc1ccc2oc(C(=O)CBr)cc2c1,0.113233178,2.580114596,-8.3,-8.9,6.5099,488.0623213
CCC(=O)c1ccc2c(c1)N(c1nc(-c3cccc([N+](=O)[O-])c3)n[nH]1)c1ccccc1S2,0.204521237,2.816369435,-9.9,-8.3,5.907,443.1052104
O=S(=O)(NCc1ccc2cnccc2c1)c1ccc(F)c2cnccc12,0.600034132,2.350516259,-9.7,-8.6,3.4006,367.0790759
Nc1ccc2cncc(N3CCc4nnc(-c5ccncc5)cc4C3)c2c1,0.556743166,2.746742885,-9.2,-9.3,3.2317,354.1592946
CCN(CC)S(=O)(=O)c1ccc2c3c(cccc13)C(=O)N2c1ccc(F)c2ccncc12,0.436767112,2.66567405,-9.2,-7.8,4.8495,449.1209407
N#Cc1ccc2c(c1)N(c1ccnc(N)c1)C(=O)C2,0.835393696,2.584484841,-7.9,-7.6,1.75628,250.0854609
CC(Cl)C(=O)c1ccc2c(c1)CC(=O)N2c1cc2ccncc2cc1Cl,0.475138126,3.129133825,-8.9,-8.4,4.919,384.043233
O=S(=O)(NCc1ccc2[nH]nnc2c1)c1cccc2cnccc12,0.592000072,2.591432145,-8.7,-7.8,1.9846,339.0789957
O=C(Nc1ccc(Oc2ccnc3ccccc23)cc1)c1ccc(-c2cccc3cccnc23)cc1,0.285171698,2.130613328,-10.4,-10.7,7.4946,467.1633769
Cc1ccc2c(c1)C(=O)NCCN2c1ccc(Br)c2cnccc12,0.686722767,2.538548523,-8.6,-8.3,4.18722,381.0476742
O=S(=O)(Nc1cccc2cn[nH]c12)c1ccc(F)c2cnccc12,0.598884243,2.473319092,-8.7,-8.5,3.051,342.0586748
O=C(CBr)c1cccc(NNc2cccc3ccncc23)c1,0.407694338,2.346170473,-8,-7.8,4.2514,355.0320242
O[C@@H]1CCC(Nc2cc(F)cc3cnc(Cl)nc23)CC[C@@H]1O,0.583864528,3.570461509,-8,-8.4,2.4986,325.0993327
O=C(CN(C(=O)Nc1cccc2c1CCNC2)c1ccccc1)c1cc2cc(Cl)ccc2[nH]1,0.350835661,2.676078065,-10,-8.8,5.3884,458.1509537
O=C(Cc1ccc2cn[nH]c2c1)N1Cc2ccccc2CC1c1ccccc1,0.582217366,2.778081515,-9.6,-9.9,4.4316,367.1684623
O=c1[nH]cc(Nc2c(Cl)ccc3cnccc23)c2ccccc12,0.572293444,2.367482138,-8.7,-8.5,4.4733,321.0668897
O=C(CBr)c1ccc(Nc2c(Br)cc(Cl)c3occc23)c(Cl)c1,0.330785326,2.750521744,-7.8,-7.5,6.8233,474.8377081
O=c1ccc2c(NS(=O)(=O)c3cccc4cnccc34)cccc2[nH]1,0.593560319,2.23857239,-9,-8.3,2.8771,351.0677623
Nc1cccc2c1CC(=O)N2c1cccc2[nH]ncc12,0.662439299,2.589500676,-8.1,-7.8,2.3659,264.101111
N#Cc1ccc(Nc2cc(Br)cc3cc[nH]c(=O)c23)cc1-c1ccncc1,0.493417369,2.621223595,-9.7,-8.9,4.96788,416.0272731
O=C(CNc1ccc(Br)c2ccccc12)N1CC=C(c2c[nH]c3ccccc23)CC1,0.403857699,2.468450431,-9.5,-10.4,5.8114,459.0946244
Cc1c(C(=O)NC(=O)c2cccc3c2CCCN3)nnn1-c1ccc2ncccc2c1,0.501678171,2.644168319,-10.4,-9.9,3.05222,412.1647739
O=C(Oc1ccc2[nH]ccc2c1)c1ccc2ccc3ccccc3c2n1,0.277061976,2.255816502,-10.2,-9.3,5.0885,338.1055277
O=Cc1cccc2cc(OC(=O)c3ccc(-c4cnc5c(c4)CCC5)cc3)ccc12,0.263803168,2.336784522,-10,-9.5,5.4222,393.1364935
O=C(CCCc1ccc2c(c1)-c1ccccc1C2)NCc1cccc2c(O)cccc12,0.376160917,2.239226611,-8.6,-8,5.7557,407.188529
CC(NC(=O)C(=O)Nc1cccc2cccc(F)c12)c1ccc2[nH]ncc2c1,0.476922756,2.842099269,-9.6,-9,3.6711,376.133554
O=Cc1c(C(=O)Oc2cc3c(nn2)-c2ccccc2C3=O)[nH]c2ccc(Br)cc12,0.331255566,2.853274745,-10,-9.4,3.9635,446.9854679
Cc1nc2ccccc2c(=O)n1-c1ccc(N2C(=O)C(=O)c3cc(Br)ccc32)cc1,0.418127683,2.28267168,-9.3,-9.5,4.31762,459.0218534
O=Cc1cc(F)ccc1Oc1cccc(Nc2ccccc2-c2ccc3ccccc3c2)c1,0.27578916,2.195839459,-9.6,-10.1,7.9943,433.1478071
O=C(CNCc1ccc2[nH]ccc2c1)N1CC=C(c2c[nH]c3ccccc23)CC1,0.485940454,2.576448464,-9.5,-8.6,4.0547,384.1950114
O=c1[nH]c2ccc(CNc3ccc4oc5ccccc5c4c3)cc2[nH]1,0.460066948,2.236327536,-9.3,-9,4.3677,329.1164267
Cc1c(C(=O)N2CCOc3ccc(CNC(=O)c4ccc(-c5cnc6c(c5)CCC6)cc4)cc32)c(O)nc2ccccc12,0.278133794,2.876349838,-10.8,-11.1,5.76872,570.2267054
Oc1ccc2cc(N3CCC(c4c[nH]c5ncccc45)CC3)ccc2c1Cl,0.487400832,2.508956926,-9.3,-9.9,5.4591,377.1294899
CC(Nc1ccc(N)c2cccnc12)c1ccc2[nH]ncc2c1,0.501956154,2.836304842,-8.7,-8.4,3.8664,303.1483955
Cc1cccn2c(Nc3ccc4[nH]c5c(C(=O)O)cc(F)cc5c(=O)c4c3)c(-c3ccccc3)nc12,0.27467915,2.658741127,-10.9,-10,5.88532,478.1441187
Cc1cccc2c(O)c(C(=O)Oc3cnc4[nH][nH]c(=O)c4c3)cnc12,0.481645081,2.825998148,-9.8,-8.8,2.03262,336.0858549
O=C1c2ccccc2NC2(CCNCC2)N1c1cccc(-c2cn[nH]c2)c1,0.656815813,3.327547494,-8.7,-9.9,3.2287,359.1746103
O=C1NC2(CCNCC2)N(c2cccc(-c3cn[nH]c3)c2)c2ccccc21,0.657568683,3.347086148,-9,-8.3,3.0379,359.1746103
N#CC=C(Nc1cc2ccccc2c2cccnc12)c1cccc([N+](=O)[O-])c1,0.229741762,2.598862246,-9.4,-9.6,5.27278,366.1116757
OC(c1ccccc1)c1cccc(Nc2cccc3[nH]ncc23)c1,0.523288083,2.533820382,-8.9,-8.7,4.3882,315.1371622
Oc1c(Br)cc(NCCc2cccc(-c3cccc(Cl)c3)c2)c2cccnc12,0.331345392,2.256660536,-9,-9,6.6779,452.029103
O=C1Cc2cc(C3CCCCC3)ccc2N1C(=O)c1cc(=O)[nH]c2ccc([N+](=O)[O-])cc12,0.379025173,2.708333678,-10.2,-8.9,4.2135,431.1481208
O=C(Nc1ccc(Oc2nncc3ccccc23)cc1)C(=O)Nc1ccc2c[nH]nc2c1,0.37655064,2.621939975,-10,-9.6,3.8756,424.1283884
O=C(Nc1cccc2cn[nH]c12)c1cc2ccccc2cc1NS(=O)(=O)c1cccs1,0.358137402,2.438879088,-10.5,-9,4.8307,448.0663824
Cc1nc2ccc(C(=O)Oc3cc4cn[nH]c4cc3Cl)cc2c(=O)[nH]1,0.425464704,2.556945927,-8.9,-8.7,2.98042,354.0519679
O=C(O)CCC(=O)c1ccc2c(c1)CCC(=O)N2C(=O)CCCc1ccc2c(c1)-c1ccccc1C2,0.352227491,2.621382053,-9.9,-9.5,5.134,481.188923
Nc1c(NCc2ccc3[nH]c(=O)[nH]c3c2)ccc2cnccc12,0.437089518,2.467835755,-8.5,-8.4,2.5987,305.1276601
O=C(c1ccc(O)cc1)c1ccc(Nc2ccc3c(c2)CCC(=O)N3CC2CC2)cc1,0.555681263,2.278901629,-9.2,-9,5.056,412.1786926
Cc1nc2ccccc2c(C(=O)NC(C)c2ccc3c(c2)CCN3)c1C,0.743569211,2.730246074,-9.4,-8.8,4.31064,345.1841124
NS(=O)(=O)c1ccc2cc(NC(=O)C(=O)N3CC=C(c4c[nH]c5ncccc45)CC3)ccc2c1,0.391130585,2.73617792,-9.7,-10.1,2.6179,475.1314252
O=C(Oc1cc2cccc(F)c2cn1)c1ccc(-n2cnc3ccccc32)cc1,0.414569679,2.346207003,-10.3,-9.5,4.932,383.1070049
O=c1[nH]c(CN(Cc2ccccc2)c2cc([N+](=O)[O-])cc(Br)c2Br)nc2ccccc12,0.253596908,2.661696885,-9.2,-8.4,5.5631,541.9589146
O=C(Nc1ccc(C2=CCCCC2)cn1)c1cc2c(=O)[nH]c3ccccc3c2s1,0.486013922,2.600855691,-9.3,-9.7,5.3475,401.1197978
Cn1cc(C2=C(c3cccc(N)c3)C(=O)N(C(=O)Nc3ccc4cnccc4c3)C2=O)c2ccccc21,0.280051083,2.777683447,-10.7,-9.1,4.8204,487.1644395
FC(F)(F)c1ccccc1C1=CCN(c2ccc3cc(Cl)ncc3c2)CC1,0.485674563,2.59235773,-9,-8.9,6.2007,388.0954109
O=C(c1cccc([N+](=O)[O-])c1)N1CCN(c2ccc3[nH]ncc3c2)CC1,0.577491213,2.186863951,-8.5,-8.5,2.4335,351.1331394
Brc1ccc2c(c1)[nH]c1ncnc(Nc3cccc(-c4nc5ccccc5o4)c3)c12,0.321105533,2.493207308,-10.3,-9.4,6.4254,455.0381722
C[C@H]1COc2c(C3(N)CC3)c(F)cc3c(=O)c(C(=O)NNc4ncnc5sc6c(c45)CCCC6)cn1c23,0.350769871,3.757283312,-11.2,-9.9,3.6822,520.1692879
CC(Nc1ccc2c(F)ccc(F)c2n1)c1ccc2[nH]c(=O)[nH]c2c1,0.530181338,2.964407612,-9.1,-8.9,3.8557,340.1135675
CC1COc2c(F)c(N3CC=C(c4c[nH]c5cc(F)c(F)cc45)CC3)cc3c(=O)c(C(=O)O)cn1c23,0.424635617,3.666872062,-10.3,-10.1,4.8454,495.1405908
NN(C(=O)Nc1c(Cl)ccc2ccncc12)c1ccc2cn[nH]c2n1,0.291004198,3.060493544,-9.3,-7.9,3.0717,353.0791857
O=C1NCCc2cc(NCc3cc(=O)oc4ccc5ccccc5c34)ccc21,0.424522994,2.436585406,-10.5,-9.7,3.8442,370.1317424
CC1CCc2c(sc3nc(C(C)NC(C)Cc4ccc5[nH]ncc5c4)[nH]c(=O)c23)C1,0.449173248,3.704620962,-8.8,-8.9,4.2675,421.1936315
Cc1ccc(C(NS(=O)(=O)c2ccc3c4c(cccc24)C(=O)N3)c2cccc(Cl)c2)cc1,0.414636617,2.845738186,-9.6,-8.9,5.43522,462.0804911
O=C(Oc1ccc2ccncc2c1F)c1ccc(C2=CCCC2)cc1,0.49074572,2.382606768,-8.9,-8.9,5.1604,333.116507
O=C(OC(F)(F)Oc1ccc2c(c1)C(=O)CC2)c1ccc(-c2cccc3cccnc23)cc1,0.286243532,2.598797321,-9.5,-9.6,5.8168,445.1125645
Cc1cnccc1NNc1ccc(N)c2ccncc12,0.501165132,2.555109695,-7.4,-7.7,2.95942,265.1327455
Nc1ncnc2sc3c(c12)CCN(CC(=O)N1CC=C(c2c[nH]c4ccccc24)CC1)C3,0.505220403,2.800561251,-9.6,-9.4,3.4288,444.1732304
O=C(NCc1cccc(-c2cccc(O)c2)c1)c1cc(=O)c2cc(Br)ccc2[nH]1,0.426315743,2.226043976,-9.9,-9.6,4.5932,448.0422545
O=c1c2ccccc2ncn1C1CN(c2cc3c(nn2)-c2ccccc2C3)C1,0.480059881,2.59309929,-9.4,-9.1,2.819,367.1433102
CN(Cc1ccc(Cl)cc1Oc1ccc(F)c(Cl)c1)C(=O)c1cc2c(cn1)Cc1ccccc1-2,0.26092635,2.557045803,-10.4,-8.9,7.1632,492.0807614
O=C(CCC(=O)c1ccc2c(c1)-c1ccccc1C2)Nc1cc(CCc2ccccc2)ccn1,0.29571206,2.291617246,-8.8,-8.7,6.0396,446.1994281
N#Cc1ccc(COc2ccccc2Nc2cccc(-c3ccc4c(c3)CCO4)c2)cc1,0.389163189,2.185667653,-9.4,-8.1,6.48278,418.1681279
Brc1ccc(N2CCc3c(-c4ccccc4)cccc32)c2cnccc12,0.388678949,2.337327192,-9,-9.2,6.3585,400.0575106
CC(NC(=O)c1ccc2[nH]ncc2c1)C(=O)Oc1cccc2c1CCNC2=O,0.471138957,3.012881193,-9.4,-8.1,1.5727,378.1328051
CC(Nc1cnc2nc3ccccc3n2c1)c1ccc2[nH]ncc2c1,0.526252536,3.021084868,-9.6,-8.6,3.9319,328.1436445
O=C1NC(=O)N(c2cc3ccncc3cc2Br)CC1c1ccccc1,0.716258427,3.101600461,-9.4,-8.5,3.8373,395.0269388
Cc1cccc(-c2ccc(CNc3cccc(Cl)c3N=[N+]=[N-])cc2)c1,0.304984408,2.30552239,-8.3,-8.5,6.86932,348.1141742
Nc1ccc(C(=O)N(c2ccc3nc(Cl)c(C=O)cc3c2)c2ccc3cn[nH]c3c2)cc1,0.228110853,2.789637328,-10.4,-8.5,5.1377,441.0992524
c1ccc2c(c1)Cc1cc(NCCc3ccc4ccccc4c3)nnc1-2,0.509009266,2.27699872,-9.4,-9.5,4.8556,337.1578976
O=C(OCC(=O)c1c[nH]c2ncccc12)c1n[nH]c2ccc([N+](=O)[O-])cc12,0.238996854,2.556483604,-9.1,-7.5,2.3871,365.0760185
Brc1cc(N(Cc2ccccc2)c2ncnc3[nH]cnc23)c2ccncc2c1,0.433711552,2.87540013,-8.9,-8,5.0019,430.0541566
Cn1cc(C2=C(c3cccc(N)c3)C(=O)N(c3cc4c(N)cccc4cn3)C2=O)c2ccccc21,0.307648916,2.800178986,-10.7,-9.4,4.3751,459.1695249
C[C@H](NC(=O)Nc1ccc2c3c(cccc13)CC2)c1ccncc1Cl,0.706916529,2.782671615,-8.8,-8.5,4.8695,351.1138399
Cc1ccnc2c(S(=O)(=O)NC(=O)N3CCc4[nH]c5c(Cl)cc(Cl)cc5c4C3)cccc12,0.423523605,2.809875589,-10.5,-9.5,4.78792,488.0476668
O=C(NCCc1cnc2c(Cl)cnn2c1)N1CCc2ccc(-c3ccccc3)cc2C1,0.52184635,2.557231683,-9.7,-9.7,4.3601,431.151288
NCCc1cnc2c(N3CCc4ccc(-c5ccccc5)cc4C3)cnn2c1,0.598453826,2.577394199,-9,-9.1,3.4602,369.1953457
O=C(O)c1ccc2c(c1)CCC(=O)N2c1ccc2cc(C(=O)O)c(=O)[nH]c2c1,0.642522638,2.372555474,-9.1,-8.6,2.5354,378.0851862
O=C(Oc1ncc2cc[nH]c2n1)c1cc(=O)[nH]c2ccc([N+](=O)[O-])cc12,0.325787308,2.851072109,-9.1,-8.6,1.9268,351.0603684
O=C1CN(c2cccc3c(Br)cncc23)c2ncc(C(=O)O)cc2N1,0.687516821,2.801086772,-8.3,-8.3,3.1807,398.0014523
O=C1CNc2ncc(C(=O)Oc3cccc4c(Br)cncc34)cc2N1,0.508579721,2.875930082,-9.1,-8.5,2.9755,398.0014523
Nc1cccc2c1N(c1cc[nH]n1)CCNC2=O,0.648583008,3.197760396,-7.6,-6.8,0.8734,243.11201
O=C(CCC(=O)N(c1cc(F)cc(F)c1)C1CC1)c1ccc2c(c1)-c1ccccc1C2,0.377836298,2.517481326,-10,-9.3,5.6945,417.1540354
N#Cc1cc(F)cc(NNc2cc(-c3cccc(N)c3)ccc2F)c1,0.483476393,2.424223717,-9,-8.9,4.52468,336.1186529
O=c1[nH]ncc2ccc(NS(=O)(=O)c3ccc4cnccc4c3)cc12,0.588398034,2.321343544,-9.1,-8.7,2.2721,352.0630112
O=C(Oc1ccc(-c2ccccc2)cc1)c1cc2c(cn1)Cc1ccccc1-2,0.312049385,2.115836831,-9.9,-9.4,5.539,363.1259288
O=C(CCC(=O)c1ccc2c(c1)-c1ccccc1C2)Oc1cc(-c2cccnc2)ccc1O,0.213611047,2.404504507,-8.6,-8.5,5.5939,435.1470582
CC(Cc1ccc2[nH]ncc2c1)N(C)C(=O)Nc1ccc2scnc2c1N,0.468224004,3.272249013,-9,-8.3,3.8497,380.1419303
CN1CCN(c2ccc(NC(=O)C(=O)Nc3ccc(-c4cnn(C)c4)cc3)c3cnccc23)CC1,0.446450204,2.512259074,-9.5,-8.9,2.9643,469.2226231
N#Cc1c(Nc2cc3c(nn2)-c2ccccc2C3=O)sc2c1CCNC2,0.571683496,2.893891635,-10.1,-9.5,3.01048,359.084081
CC(=O)c1ccc2c(c1)CC(=O)N2c1ccc2[nH]c(C(F)F)cc(=O)c2c1,0.713283004,2.712167193,-9.4,-8.7,3.8891,368.0972487
COC(=O)c1ccc2c(c1)N(c1cc3c(=O)c(C(=O)O)cn4c3c(c1F)OCC4C)C(=O)C2,0.607865508,3.440059247,-9.9,-8.9,2.7996,452.1019791
Cc1cccc(Oc2cccc(Nc3cc(C)c4cc[nH]c(=O)c4c3)c2)c1,0.494420564,2.210498743,-9.6,-9.1,5.68084,356.1524779
Clc1cc2c(cc1Br)OCCN2c1cc2cn[nH]c2cn1,0.710330942,2.877316004,-8,-7.5,3.9043,363.9726507
Cc1ccc2ncc(CN3C(=O)Cc4c(Br)cccc43)cc2c1,0.672971182,2.393720193,-9.1,-8.3,4.39502,366.0367752
O=C1C(=O)N(C(=O)Nc2ccc(Oc3ccc(Cl)cc3Cl)c(F)c2)c2ccc(-c3ccccc3)cc21,0.285067652,2.404080639,-10,-10,7.3532,520.0392905
Ic1c(NCc2cccc3cnccc23)ccc2nccnc12,0.507376437,2.535108551,-7.6,-8.4,4.3947,412.0184944
CCn1c(Nc2cccc(-c3ccc(N)cc3F)c2)nc2cc(C#N)ccc21,0.491499449,2.393172352,-9.4,-9.2,5.05978,371.1546238
O=S(=O)(Nc1cc(F)cc2ccncc12)c1ccc2c(c1)Cc1ccccc1-2,0.483798655,2.337166519,-9.6,-9.3,4.7459,390.0838269
O=C(N[C@H]1CC[C@H](c2nccc(O)n2)CC1)c1ccc(-c2cnc3c(c2)CCC3)cc1,0.668357261,2.641218497,-9.1,-8.7,4.1891,414.2055761
O=[N+]([O-])c1ccc(Nc2ccc(Cl)c3ccncc23)c2cccnc12,0.410931803,2.373549313,-8.6,-8.4,5.0882,350.0570533
Cn1ccc2c(NC(=O)C(=O)Nc3ccc(C#N)c(-c4ccncc4)c3)cccc21,0.516829378,2.418053103,-9.7,-8.8,3.68918,395.1382248
N#Cc1cc(NC(=O)C(=O)Nc2ccc3[nH]nc(O)c3c2)cc(-c2ccccc2)c1,0.393682058,2.46640194,-9.9,-8.8,3.38438,397.1174893
O=C(CNC(=O)c1ccc2[nH]nnc2c1)Oc1cccc(Nc2ncc(Br)cn2)c1,0.290466372,2.701001884,-8.9,-8.5,2.5894,467.0341494
O=C1Cc2cc(C(=O)C3CCN(c4ccnc5[nH]ncc45)CC3)ccc2N1,0.699802097,2.670595874,-9.4,-9.1,2.5518,361.1538748
O=C1C(=O)N(c2c[nH]c3ncccc23)c2ccc([N+](=O)[O-])cc21,0.443673871,2.59438782,-8.5,-8.2,2.3321,308.0545547
O=C(CCC(=O)c1ccc2c(c1)-c1ccccc1C2)Oc1cc2nc(C(=O)O)ccc2cc1F,0.214587077,2.549580299,-8.9,-9.4,5.2118,455.1169009
COc1ccc(Nc2ccc(-c3nc4ccc(N)cc4[nH]3)cc2)c2[nH]ccc12,0.333801186,2.445875837,-8.8,-8.6,5.0456,369.1589602
N[C@H]1CC[C@@H](NS(=O)(=O)c2ccc(F)c3cnccc23)C1,0.900228615,3.184225332,-7.6,-7.5,1.532,309.094726
O=c1ccc2c(N3CCc4c(-c5ccccc5)cccc43)cc(Cl)cc2[nH]1,0.500941192,2.336710772,-9.2,-9.1,5.5427,372.1029408
C[C@H](NC(=O)Nc1ccc2cc[nH]c2n1)c1ccc2ccccc2c1,0.513667635,2.688261367,-9.6,-9,4.5988,330.1480612
C[C@@H](NC(F)(F)Oc1cccc2c(O)ccnc12)c1ccc2ccccc2c1,0.360834427,3.125483308,-8,-8.1,5.3735,380.1336343
O=C1NCCNc2c(Nc3cccc(C(Br)c4ccccc4)c3)cccc21,0.514951463,2.963048896,-9.5,-9.6,5.0698,421.0789744
CN(C(=O)c1cnc2c(F)ccc(F)c2c1)c1ccc2cnccc2c1,0.5408243,2.461503086,-8.9,-8.5,4.3378,349.1026685
O=C(OC(F)(F)Oc1cccc2c(O)ccnc12)c1ccc2ccc3ccccc3c2n1,0.231784607,2.805000538,-9.9,-8.8,5.4279,432.0921634
O=C(Nc1ccc(-c2ccccc2)cc1)C(=O)N1CC=C(c2cncc3ccccc23)CC1,0.454330143,2.389030419,-9.9,-10.1,5.1562,433.179027
CC(NC(=O)Nc1ccc(Cc2ccc3c(c2)CCN3)cc1)c1ccc2[nH]c(=O)[nH]c2c1,0.328186815,2.937979454,-10.1,-9.9,4.2977,427.200825
O=C(OS(=O)(=O)c1ccc2[nH]c(=O)[nH]c(=O)c2c1)c1c(F)ccc2ccncc12,0.482853774,2.840141845,-8.9,-9.3,1.4494,415.0274343
O=C(NCc1cc2ccccc2[nH]c1=O)C(=O)Nc1ccc2cncc(F)c2c1,0.467606509,2.385843605,-10,-9.1,2.4703,390.1128186
Nc1cc2[nH]cnc2cc1C(=O)Oc1cc(F)cc2cnccc12,0.335946766,2.667522436,-8.4,-8.4,3.0516,322.0866038
O=C(CCl)c1ccc2c(c1)CCC(=O)N2c1ccc2nn[nH]c(=O)c2c1,0.565144919,2.771630737,-8.9,-8.4,2.3505,368.067618
c1ccc2c(c1)CN(c1cccc3ccsc13)c1ccccc1-2,0.40301166,2.268143786,-9.1,-9,6.22,313.0925205
Fc1cc(Cl)cc(Nc2cc(Cc3ccccc3)ccn2)c1,0.715140041,1.991317348,-8.5,-8.5,5.2085,312.0829543
Fc1cc(CBr)cc(Nc2cccc(-c3ccc(Cl)c(Cl)c3)c2)c1,0.428780139,2.098455428,-8.8,-8.4,7.438,422.9592451
Brc1cnc2c(NCc3cccc4[nH]ncc34)cccc2n1,0.586003661,2.586800517,-8.1,-8,3.8807,353.0276075
O=C(OC(F)(F)c1cccc2c(=O)[nH]cnc12)c1cc(O)c2ccccc2c1,0.527454954,2.713708032,-10,-9.1,3.6882,382.0765133
NNC(=O)c1ccc2c(c1)N(c1cc3[nH]ncc3cc1Br)C(=O)C2,0.356690139,2.816295021,-9,-8.5,2.1497,385.0174367
NNC(=O)c1ccc2c(c1)N(c1cc3cn[nH]c3cc1Cl)C(=O)C2,0.376672447,2.71656199,-9,-8.3,2.0406,341.0679523
N#Cc1ccc(Nc2ccc3sncc3c2)c(N)c1,0.696091813,2.618948244,-7.1,-7.1,3.49378,266.0626173
N#Cc1ccc(N)c(Nc2ccc3sncc3c2)c1,0.696091813,2.634536496,-7.7,-7.4,3.49378,266.0626173
Cc1[nH]c2ccc(F)cc2c1C(=O)Oc1ccc2c(c1)oc1ccccc12,0.323208009,2.2453804,-10,-10,5.73402,359.0957715
FC(F)(F)COc1ccc2c(c1)CCN(c1cccc(-c3cn[nH]c3)c1)C2,0.727810925,2.517929512,-9.2,-8.3,4.5805,373.1401969
O=C(CCc1nc2ccccc2c(=O)[nH]1)Oc1ccc2c3c([nH]c2c1)C(=O)CCC3,0.402455751,2.624687295,-8.7,-9.5,3.4616,401.1375561
CNC(=O)c1ccc2c(c1)CN(CC(=O)c1ccc3c(c1)Cc1ccccc1-3)CC2,0.533140709,2.307831592,-10.1,-9.6,3.8584,396.183778
Cc1cccc(C(=O)c2ccc(Nc3c(C)ccc4cnccc34)cc2)c1,0.47013127,2.087266199,-9.4,-9.1,5.82624,352.1575633
O=C1CCc2cc(C(=O)CN3CCc4c(O)cccc43)ccc2N1,0.852107075,2.459157888,-8.9,-8.6,2.5223,322.1317424
O=C(NNS(=O)(=O)c1ccc2oc3ccccc3c2c1)c1n[nH]c2ccccc12,0.396625366,2.35744624,-9.9,-9.3,3.0856,406.0735759
Cc1cc(C(=O)N2CCC(c3cccc4[nH]ccc34)CC2)c2[nH]ncc2c1,0.558652351,2.561477666,-9.6,-9.8,4.37242,358.1793613
c1ccc(C2Cc3ccccc3N(Cc3ccc4cnccc4c3)C2)cc1,0.479279485,2.567854674,-9.6,-8.8,5.5813,350.1782987
Nc1ccc(-c2nc3ccc(NS(=O)(=O)c4ccc5[nH]c(=O)[nH]c5c4)cc3[nH]2)cc1,0.283398504,2.444256144,-9.7,-9.2,2.7825,420.1004594
N#Cc1ccc(Oc2ccc(F)c(OC(=O)Cc3ccc4cnccc4c3)c2)cc1,0.341864583,2.317183317,-9.4,-8.9,5.18598,398.1066706
O=C(O)c1ccc2c(NS(=O)(=O)c3ccc4[nH]c(=O)[nH]c4c3)n[nH]c2c1,0.361402352,2.525836233,-9.3,-8.8,1.2315,373.0480895
Cc1[nH]nc2ncc(C(=O)OCC(=O)c3cccc4ccccc34)cc12,0.452153063,2.285459643,-8.2,-7.8,3.45922,345.1113413
O=C1CCc2cc(-c3csc(Nc4ccc(C(O)Cc5ccc(Br)cc5)cc4)n3)ccc2N1,0.272285454,2.870167674,-9.9,-9.6,6.477,519.06161
C1=C(c2ccc(N3CCC(c4cccc5[nH]ccc45)CC3)cc2)CCNC1,0.69635174,2.529638782,-8.6,-9.2,4.9286,357.2204979
O=C(CCCc1ccc2c(c1)CC(=O)N2)Nc1nc(-c2ccc(-c3ccccc3)cc2)cs1,0.364129269,2.260202663,-9.3,-9.2,5.9331,453.151098
O=C1c2cc(Br)ccc2CCN1c1cc(F)c2c(=O)[nH]ccc2c1,0.69352174,2.594365609,-9.8,-8.6,3.6326,386.0066179
O=C1c2cccc3cccc(c23)C(=O)N1Nc1ccc2nc[nH]c(=O)c2n1,0.531987615,2.732967382,-10.1,-10,2.0944,357.0861892
Oc1ccc(Oc2ccc(Nc3ccc(-c4cccc(F)c4)cc3)cc2)cc1,0.408364326,1.805813736,-9.1,-8.7,6.7342,371.132157
Cc1ccc2c(C(=O)Oc3cccc(C(=O)c4cccc(Cl)c4)c3)n[nH]c2c1,0.302980527,2.207088699,-10.1,-9,4.97492,390.07712
Cc1cc(-c2csc(N)n2)c(F)cc1NS(=O)(=O)c1ccc2c(c1)Cc1ccccc1-2,0.392712173,2.502771361,-9.8,-9.6,5.21182,451.082447
CC(=O)N(C(=O)Nc1ccc(-c2cccc(O)c2)cc1)c1ccc2c(c1)CCC2=O,0.662816902,2.460723445,-9.7,-8.7,4.7731,400.1423071
Fc1ccc(-n2c(S)nnc2-c2ccc(Cl)cc2Cl)cc1Nc1ccc(-c2nnco2)cc1,0.270232533,2.70323813,-9.5,-8.8,6.4625,498.0232636
C[C@@H]1C[C@H](C(=O)Oc2ccc3[nH]c(=O)c(C#N)cc3c2)c2ccccc2N1,0.540692893,3.370983363,-9.7,-8.6,3.29308,359.1269914
Nc1ccc(Cl)c(S(=O)(=O)Nc2cccc(Nc3cc(I)ccn3)c2)c1,0.354825396,2.395358046,-9.1,-7.8,4.4662,499.9570724
Cc1c(S(=O)(=O)NCc2ccc(-c3ccc4ccccc4c3)cc2)c2ccccc2n1C,0.376294063,2.19672094,-9.8,-10.6,5.78542,440.155849
O=C(NC(Cc1cnc2ccccc2c1)C(=O)O)c1nccc2c1[nH]c1ccccc12,0.409541577,2.820457544,-10.2,-8.9,3.69,410.1378904
Cc1c(N2C(=O)Cc3cc(N)ccc32)cnc2c(F)cccc12,0.700139673,2.606940956,-8.3,-8.4,3.48532,307.1120903
Cc1nc2c(N3CCCc4c(OC(F)F)cccc43)cccc2cc1O,0.722372072,2.634149656,-8.5,-8.5,4.93452,356.1336343
O=C1CN=C(c2ccccc2)c2cc(Br)ccc2N1c1cc(Cl)c2[nH]ncc2c1,0.425121782,2.694140196,-8.7,-8.4,5.4945,464.0039508
Cc1c(N2C(=O)Cc3cccc(Br)c32)cnc2[nH]ccc12,0.730170784,2.913177467,-8,-7.7,3.85462,341.0163741
Cc1ccc(CN(Cc2ccccc2)C(=O)c2ccccc2Cc2nc3ccccc3c(=O)[nH]2)cc1,0.331456898,2.279973373,-9.7,-9.1,5.66492,473.2103271
COC(=O)c1ccc2cc(Nc3ccc(O)c4ccccc34)ccc2c1,0.394976632,1.950624566,-9,-8.7,5.2288,343.1208434
Brc1cc2[nH]ncc2cc1N1CCC2CCCc3cccc1c32,0.633200039,3.188334247,-8.7,-8.5,5.2871,367.0684097
N#Cc1ccc2c(C(=O)Oc3cccc4[nH]ncc34)c[nH]c2c1,0.439075775,2.473880531,-8.4,-8.7,3.13508,302.0803756
O=C(Nc1cccnc1)c1ccc(Nc2cccc3cn[nH]c23)cc1,0.529192679,2.112821714,-9,-8.8,3.9538,329.1276601
O=C(NNc1cccc2ccncc12)C(=O)N1C(=O)Cc2cc(C(=O)CCl)ccc21,0.288662541,2.903344259,-9.6,-8.8,2.2153,422.0781826
O=C(Oc1ccc(Cc2ccccc2)cc1)c1ccc2[nH]ncc2c1,0.446843409,1.943036059,-9.1,-8.4,4.3729,328.1211778
O=C(CNC1(c2ccc3ccccc3c2)CC1)N1CC=C(c2c[nH]c3ccccc23)CC1,0.464380393,2.648767634,-8.6,-9.7,5.2157,421.2154125
O=C(CNc1ccc2cc(O)ccc2c1)c1ccc2ccccc2c1,0.518974968,1.982782954,-9.4,-9.4,4.9934,327.1259288
N#Cc1c(Nc2ccnc3c(C(F)(F)F)cccc23)[nH]c2cc(Br)ccc12,0.402509714,2.749163411,-9.8,-9.1,6.11268,430.0040931
N[C@H]1CCCCC[C@H]1NC(=O)C(=O)Nc1c[nH]c2ccccc12,0.502798113,3.017097175,-8.8,-7.6,1.8826,314.1742759
Ic1ccc2ccccc2c1NCc1nc2cccnc2[nH]1,0.503789188,2.556573298,-8.3,-8.5,4.3278,400.0184944
CC(c1ccc2ccccc2c1)N1CCc2ccc(C#N)cc2C1,0.677378437,2.63727082,-9.2,-9.1,4.83078,312.1626486
O=C(Oc1ccc(-c2ccccc2)cc1)c1ccc2c(c1)C(=O)Nc1ccccc1O2,0.337626889,2.106665665,-10.8,-10.5,5.9308,407.115758
N#Cc1ccc(N2CCN(c3ccnc4[nH]cc(C=O)c34)CC2)nc1,0.737735572,2.69034797,-8.1,-8.3,1.96868,332.1385591
Cn1cnc2cc(N3C(=O)Cc4ccc(CC(=O)O)cc43)ccc21,0.803666662,2.522895021,-8.5,-8.2,2.4212,321.1113413
NC(=O)c1cccc2c1CCCN2c1ccc2cc(CO)ccc2c1,0.771088978,2.232862775,-8.7,-8.7,3.5153,332.1524779
Cc1ccnc2c1NC(=O)CN2C(F)c1cc(=O)c2cc(Cl)ccc2[nH]1,0.676393327,3.513933614,-9.5,-8.9,3.31172,372.0789316
Fc1cccc2c(NCc3cc4cnccc4[nH]3)csc12,0.583089285,2.707359005,-7.6,-8.1,4.5288,297.0735966
NC(c1ccc(N2C(=O)Cc3cc(C(=O)CCl)ccc32)cc1)c1cccc2ccccc12,0.327545268,2.887044412,-9.4,-9.3,5.5302,440.1291556
O=C1C=CC(=O)N1c1ccc(N2CCC(c3c[nH]c4ncccc34)CC2)c(Cl)c1,0.666559018,2.670934702,-9.7,-9.1,4.0297,406.1196535
Fc1cc2c(cc1Br)CN(c1cnc3[nH]ccc3n1)CC2,0.733704532,2.769792675,-8.1,-7.9,3.4222,346.0229367
CS(=O)(=O)c1ccc(N)c(NCc2ccc3cnccc3c2)c1,0.719801617,2.166729122,-8.4,-8,2.8326,327.1041478
CC(C)(Nc1cccc2c(Br)cncc12)c1ccc2ccccc2c1,0.431352867,2.429210852,-9.4,-9.1,6.4977,390.0731607
O=C(O)c1cccc2c1CCC(=O)N2C(F)(F)Oc1cccc2c(O)ccnc12,0.650046202,2.999008511,-9,-8.9,3.5471,400.087078
O=C(Oc1c(O)ccc2cccnc12)c1ccc2cc(Br)ccc2c1,0.380809956,2.219628159,-9.1,-8.8,5.0753,393.0000553
COc1cc2c3c([nH]c2cc1Cl)CCN(C(=O)C(=O)Nc1cccc2cnncc12)C3,0.470430302,2.787515977,-10.2,-9.1,3.2965,435.1098171
Cc1cc2c(NS(=O)(=O)c3cccc4c(C)nccc34)ccc(F)c2[nH]1,0.56615051,2.532884495,-9.3,-8.9,4.27284,369.094726
Cn1nc(C(=O)Nc2ccc3[nH]ncc3c2Cl)c2ccccc2c1=O,0.579175044,2.377655787,-9.3,-8.7,2.7155,353.0679523
Cn1nc(C(=O)Oc2c(N)ccc3[nH]ncc23)c2ccccc2c1=O,0.326526617,2.56093791,-9.1,-8.6,1.6112,335.1018393
N#Cc1ccc2c(c1)N(c1ccc(Cl)c3occc13)C(=O)C2=O,0.638238862,2.677601075,-8.8,-8.2,3.81888,322.0145198
O=C(NNc1ccnc2cccnc12)C(=O)N1C(=O)Cc2cc(Br)c(F)cc21,0.463667036,3.02119255,-10.1,-8.9,2.0904,443.0029295
O=C1Cc2cc(C(=O)C3CCN(c4cc(Br)cc(F)c4C(F)F)CC3)ccc2N1,0.635700952,2.792776033,-9.4,-8.6,5.1197,466.0503746
CC(Cc1ccc2[nH]ncc2c1)N(C)c1cc2nc[nH]c(=O)c2cc1[N+](=O)[O-],0.406814202,3.400687052,-8.6,-8.3,2.775,378.1440384
Cn1cnc2cccc(CNC(=O)Nc3sc4c(c3C#N)-c3ccccc3CC4)c21,0.515129645,2.761076685,-9.8,-9.4,4.59378,413.1310312
N[C@H]1C[C@H](c2ccc(F)c(N3C(=O)c4cccc(Br)c4C3=O)c2)C1,0.798947833,2.539283154,-8.3,-8.4,3.5935,388.022268
O=C(Cc1cc2[nH]cnc2cc1Br)Oc1cccc2cn[nH]c12,0.427413086,2.813251828,-8.3,-7.7,3.3498,370.0065377
O=c1cc(N(Cc2ccccc2)Cc2nc3ccccc3c(=O)[nH]2)c2ccncc2[nH]1,0.464137144,2.617246392,-9.7,-8.6,3.3664,409.1538748
Cc1cccc(-c2cc(Cl)ccc2Nc2cccc3cc(C=O)cnc23)c1,0.420091082,2.306356731,-8.6,-8.2,6.41972,372.1029408
N#Cc1nc2ccccc2cc1Nc1c[nH]nc1-c1ccccc1F,0.584575928,2.780213302,-9.2,-8.5,4.37928,329.1076736
CC(Nc1ccc2sncc2c1)c1ccc2[nH]c(=O)[nH]c2c1,0.540679873,3.142190611,-8.2,-7.9,3.639,310.0888321
N#Cc1ccc(-c2ccc3c(c2)N(C(=O)C2CCNc4ccccc4C2)CCO3)cc1,0.670481046,2.976831458,-9.6,-8.8,4.62518,409.179027
Cc1cccc(-c2ccc(CNC(=O)C(=O)N3CCN(c4nccc5sccc45)CC3)cc2)c1,0.453400131,2.402974099,-9.6,-9.8,4.23672,470.1776471
CC(NC(=O)c1ccc2[nH]nnc2c1)c1cc2cnccc2[nH]1,0.540609269,3.240765462,-8.7,-8.3,2.3252,306.1229091
Oc1ccnc2cc(Nc3ccc4c(Cl)cc(Cl)cc4n3)ccc12,0.495171725,2.37384752,-9,-8.7,5.539,355.0279173
O=C1c2cccc3cccc(c23)N1c1cnn(CC2CCC2)c1,0.729442507,2.399778809,-8.9,-8.4,4.1283,303.1371622
CN(c1ccc2c(c1)oc1ccccc12)c1cc(Cl)cc2c(Br)coc12,0.292249984,2.726771643,-9.1,-8.7,7.516,424.9818184
CC(C(=O)O)N(C(=O)c1ccc2[nH]ncc2c1)c1ccc2c(O)ccnc2c1,0.503722785,3.122822787,-9,-8.3,2.9366,376.117155
CC(NC(=O)c1ccc2[nH]ncc2c1)C(=O)Oc1ccc2c(O)ccnc2c1,0.372162184,2.952730039,-8.9,-8.4,2.5406,376.117155
O=S(=O)(Nc1cc2cn[nH]c2s1)c1ccc2[nH]ccc2c1,0.542242611,2.948423948,-8.4,-7.6,2.9065,318.0245176
Nc1cccc(Br)c1NC(=O)C(=O)Nc1cc(CCc2ccccc2)ccn1,0.416409552,2.284135622,-8.9,-8.6,3.7887,438.0691379
N#Cc1ccc(S(=O)(=O)Nc2ccc3[nH]ncc3c2Cl)cc1,0.769926283,2.358382166,-8.2,-7.7,2.88878,332.0134742
O=C(Oc1cc2cccc(F)c2cn1)c1nccc2ccncc12,0.528788501,2.60381654,-9.2,-8.5,3.5363,319.0757048
O=C(OS(=O)(=O)c1ccc(-c2ccccc2)cc1)c1n[nH]c2ccccc12,0.546079301,2.202720045,-8.5,-8.6,3.7756,378.0674279
O=S(=O)(Nc1nccc2ccc(F)cc12)c1ccc2cc(Cl)ccc2c1,0.539761663,2.147893315,-9.5,-8.7,4.9813,386.0292045
NCCCCCCCNc1cccc2ccncc12,0.710931971,2.047561306,-5.5,-6.1,3.5559,257.1891977
O=C1Cc2ccc(C(F)(F)F)cc2N1S(=O)(=O)c1cccc2cnccc12,0.669234046,2.6641395,-9.8,-8.9,3.5316,392.0442479
O=S(=O)(Nc1nsc2c(Br)cccc12)c1ccc2cc(Br)ccc2c1,0.390175769,2.535837368,-9.9,-8.4,5.7753,495.8550438
NCc1cccc2c1N(C(=O)Nc1ccc(-c3nc4ccc(N)cc4[nH]3)cc1)C(=O)C2,0.383266651,2.73018201,-9.6,-8.8,3.392,412.1647739
Nc1ccc2nc(-c3ccc(NC(=O)C(=O)NCc4cccc5c4NC(=O)C5)cc3)[nH]c2c1,0.244884688,2.641972543,-9.5,-9.4,2.5616,440.1596885
CC(Nc1cccc2cc(Cl)ncc12)c1cc2cnccc2[nH]1,0.525316604,3.072350766,-8.5,-8,4.9376,322.0985242
O=C(CNc1cnc2[nH]ccc2c1)c1cc2cc(Cl)ccc2[nH]1,0.496815145,2.615944136,-8.6,-7.9,3.9924,324.0777887
O=C(Nc1cccc2cnncc12)C(=O)N1C(=O)Cc2cc(C(=O)O)ccc21,0.646382334,2.74604143,-9.6,-9.1,1.3824,376.0807695
Cc1c(OC(=O)c2ccc3[nH]cnc3c2F)cnc2[nH]ccc12,0.557211184,2.900875437,-8.5,-8.2,3.10592,310.0866038
O=C(Cc1ccc2cnccc2c1)Oc1ccc2ccccc2c1O,0.450982077,2.160544808,-9.3,-8.4,4.2417,329.1051933
O=Cc1ccccc1Cc1ccc(Nc2cccc3[nH]cnc23)cc1,0.521934385,2.29500529,-8.7,-8.5,4.7098,327.1371622
O=C(NCc1cccc(-c2cccc(O)c2)c1)N(Cc1ccccc1)c1ccc(Cl)cc1,0.351840356,2.076547847,-9.6,-9.2,6.629,442.1448057
O=C(NC(=S)c1coc2ccccc12)Nc1ccncc1-c1ccncc1,0.520095442,2.61430863,-8.8,-8.2,4.387,374.0837467
C[C@H](Nc1cccc2cn[nH]c12)c1cc(F)cc(F)c1,0.756499809,2.80663587,-7.8,-7.9,4.0142,273.1077539
O=c1[nH]c2ccc(N(Cc3ccccc3)c3ccc(O)c4ccccc34)cc2[nH]1,0.407708487,2.371727908,-9.3,-8.8,5.0533,381.1477268
O=C1CCc2cc(OCC(=O)Oc3ccccc3C(=O)c3cccc4ccccc34)ccc2N1,0.255131867,2.323011862,-9.2,-8.7,4.9399,451.1419728
Clc1ccc(CN(c2ccccc2)c2cc3cn[nH]c3s2)cc1,0.523243313,2.638865112,-7.9,-7.6,5.6161,339.0596961
Cc1cccc(-c2cccc(C(=O)Oc3cccc(Cl)c3N=[N+]=[N-])c2)c1,0.174812421,2.378549656,-8.9,-8.5,6.47642,363.0774544
O=C(Nc1ccc(-c2cccc(F)c2)c(F)c1)C(=O)N1CCc2nnc(-c3ccncc3)cc2C1,0.456481738,2.653180019,-10,-11.1,4.0072,471.1506813
Cc1cc(O)nc2ccc(NC(=O)N3C(=O)Cc4ccc(Cl)cc43)cc12,0.680042938,2.618417688,-9.5,-9.4,4.02342,367.072369
O=S(=O)(Nc1cc(-c2cc(F)cc(Br)c2)[nH]n1)c1ccc(Cl)cc1Cl,0.564423452,2.493912775,-9,-8.3,5.0859,462.8959932
O=C(Oc1cc2ccccc2[nH]c1=O)c1cc(F)cc2ccncc12,0.570116914,2.376610852,-9.4,-9,3.4346,334.0753704
O=C(NCc1cnc2c(F)cccc2c1)C(=O)N1CCN(c2cccc3[nH]cnc23)CC1,0.484391204,2.642600948,-10.1,-9.8,2.2152,432.1710021
NN(C(=O)Nc1n[nH]c2ccc(C(F)(F)F)cc12)c1cccnc1F,0.216496339,2.953434514,-8.7,-8.5,3.028,354.0852218
N#Cc1cccc2c1CCN2C(=O)Nc1ccc(C2=CCCCC2)cn1,0.871521807,2.681590016,-9.4,-8.5,4.50528,344.1637113
CC1Cc2cc(S(=O)(=O)NC(=O)c3c(F)ccc4ccncc34)ccc2N1,0.72385194,3.143193608,-9.6,-8.7,2.8491,385.0896406
CC1Cc2cc(S(=O)(=O)Nc3ccc4ccncc4c3C(=O)O)ccc2N1,0.638850213,3.056314458,-9.4,-8.1,3.0903,383.093977
COC(=O)c1ccc2c(c1)N(c1ccc3cc(Br)ccc3n1)C(=O)C2,0.613662525,2.376518842,-8.6,-8,4.0047,396.0109544
Cc1ccc2c(N3C(=O)Cc4ccc(CC(=O)O)cc43)ccnc2c1,0.797937071,2.403076155,-8.8,-8.5,3.39112,332.1160924
Cc1ccc(-c2cccc(Cl)c2)cc1Nc1c(S(=O)(=O)Cl)oc2ccccc12,0.363313084,2.439219424,-9.5,-9.1,6.73272,431.0149697
O=C(c1ccccc1N1C(=O)c2ccccc2CS1(=O)=O)c1cccc2ccccc12,0.449505743,2.503185985,-9.8,-9.2,4.561,427.087829
O=C(Nc1ccc2c(c1)CCC(=O)N2CC1CC1)C(=O)Nc1cc(Cl)cc2ccccc12,0.565813084,2.403897837,-9.7,-9.1,4.7596,447.1349692
O=C(Oc1cccc2cnccc12)[C@@H]1CC[C@@H]2CNCCN2C1,0.677184067,3.170318071,-8.1,-8.3,1.824,311.1633769
NC1CCCC(Nc2ccc3[nH]c(C(=O)O)c(C=O)c3c2)CC1,0.512296589,3.270103167,-7.8,-8,2.7505,315.1582915
CCC(Cn1ccc2ccccc21)Nc1ccc2ccc3cccnc3c2n1,0.410051316,2.95445816,-9.2,-8.7,5.6284,366.1844467
Cc1ccc(C)c2c1C(=O)N(C(=O)C(=O)Nc1c(C(C)C)c(C)nc3ccccc13)C2=O,0.489794439,2.853399939,-9.4,-8.8,4.04476,429.1688562
Cc1ccc2[nH]c(C(=O)Oc3ccnc4[nH]ccc34)c(C=O)c2c1,0.447403893,2.697905714,-8.3,-8,3.38432,319.0956913
O=C(Oc1c(Br)ccc2ccncc12)c1ccc(-c2cccc3cccnc23)cc1,0.23240954,2.343849208,-9.5,-9.9,6.4317,454.0316898
N#Cc1ccc(-c2ccc3c(c2)N(c2ccnc4ccc(I)cc24)CCO3)cc1,0.328870952,2.497921754,-9.6,-8.7,5.90858,489.0338101
O=c1c2ccccc2[nH]c(=S)n1-c1ccc(N2Cc3ccccc3C3(CCCC3)C2)cc1,0.396626352,2.980882653,-10,-10.7,5.88029,439.1718334
COCC(NC(=O)N1CCCC(c2c[nH]c3ncccc23)C1)c1ccc2[nH]ccc2c1,0.451973482,3.435260944,-9.4,-8.7,4.3209,417.2164751
Cc1n[nH]c2ccc(C(=O)Oc3cccc4[nH]c(=O)[nH]c34)cc12,0.390089263,2.548129983,-9,-8.8,2.26012,308.0909402
O=Cc1ccccc1-c1ccccc1N1CC=C(c2cncc(F)c2)CC1,0.615898261,2.544536283,-8.5,-8.4,4.9939,358.1481414
O=C1Cc2cc(S(=O)(=O)N3CCc4c(Br)cccc4C3=O)ccc2N1,0.807176478,2.643105082,-9.1,-8.5,2.3309,419.97794
Cc1cc(C)cc(-c2nc3ccccn3c2Nc2ccc3ccncc3c2)c1,0.432618189,2.410395912,-9.8,-8.7,5.90994,364.1687966
Cc1ccc(NC(=O)NNc2ccnc3c2ccc2cccnc23)c(Cl)c1,0.350463836,2.365676849,-9.4,-9.2,4.89342,377.1043378
N#Cc1cccc(Oc2ccc(Nc3cccc(/C=C/S(=O)(=O)Cl)c3)cc2)c1,0.5322049,2.37572966,-8.5,-7.8,5.63348,410.049191
OC(c1cccc(Br)c1)c1cccc(Nc2ccc(F)c3ncccc23)c1,0.425767262,2.652631991,-9.4,-8.6,5.9617,422.0430035
O=C(/C=C/c1ccc2[nH]ccc2c1)Oc1n[nH]c2cc([N+](=O)[O-])ccc12,0.253185866,2.762502105,-9.2,-8.5,3.5712,348.0858549
Cc1n[nH]c2c(OC(=O)c3cc4c(s3)-c3ccccc3CC4)cccc12,0.407783374,2.638643255,-9.5,-9.1,4.91762,360.0932488
O=C(Oc1cc2ccc(Br)cc2cn1)c1ccc(-n2cnc3ccccc32)cc1,0.342380354,2.345301302,-10,-9.2,5.5554,443.0269388
Fc1cc(Nc2nc(-c3cc4cc(Cl)ccc4o3)cs2)c2[nH]ccc2c1F,0.352841119,2.800543713,-9.2,-8.6,6.7128,401.0201171
O=C(NC1(c2cc(F)cc(Br)c2)CC1)C(=O)N1C(=O)NC2(CCCCCCCCCCC2)C1=O,0.41891973,3.944181566,-10.3,-8.6,4.8154,535.1481968
O=C1NC2(CNC2)N(c2cc3ccncc3cc2F)c2ccccc21,0.718073021,3.359586999,-9.3,-8.9,2.5549,334.1229893
O=C(Oc1ccc2ncc(O)cc2c1)c1c(F)ccc2ccncc12,0.445224956,2.480076236,-9.4,-8.9,3.8469,334.0753704
COc1cc(NCCNc2cccc3ccccc23)c2ccncc2c1,0.48783662,2.133486632,-7.7,-7.1,4.9206,343.1684623
COc1cc(N(CCN)c2cccc3ccccc23)c2ccncc2c1,0.579817035,2.453613093,-8,-8,4.4934,343.1684623
O=C(Oc1cncc2ccsc12)c1cc(F)cc2cc[nH]c12,0.566058319,2.814205088,-8.6,-7.9,4.1359,312.0368767
O=c1c2ccccc2[nH]c(=S)n1-c1ccc(Nc2noc3ccc(F)cc23)cc1,0.410645915,2.415868768,-10,-9.6,5.07219,404.0743249
O=C1Cc2ccc(OC(=O)c3[nH]c4ccc(Br)cc4c3F)cc2N1,0.517775728,2.642737555,-8.8,-8.6,3.7833,387.9858825
COc1ccc2c(NC(=O)/C=C/c3ccc(F)c(Cl)c3)n[nH]c2c1,0.701818317,2.296677374,-8.3,-8.1,4.0159,345.0680326
O=C1Cc2cc(CCCC(=O)Oc3ccnc4cc(Cl)ccc34)ccc2N1,0.66947413,2.382231879,-7.7,-8.5,4.3111,380.0927701
O=C(Nc1cccc2[nH]ncc12)C(=O)N1CCc2cnccc2C1,0.664264483,2.561413683,-9,-8.7,1.4813,321.1225747
O=C(C1CC1)N(c1cccc(-c2cn[nH]c2)c1)S(=O)(=O)c1ccc(Cl)cc1,0.703139867,2.453763006,-8.9,-8.8,3.862,401.0600901
Nc1c(C(=O)NC(=O)C(=O)Nc2cccc(-c3nc4ccccc4o3)c2)oc2ccccc12,0.363200386,2.499443151,-11,-10.4,3.7183,440.1120696
O=C(O)c1ccc2c(c1)CCCN2c1c[nH]c2ncccc12,0.759977425,2.394173357,-8.5,-8.2,3.3454,293.1164267
N#Cc1ccc2c(c1)N(c1cc3[nH]ncc3cc1[N+](=O)[O-])CC2,0.579215548,2.757934878,-8.6,-8.1,3.03698,305.0912746
COc1cc2c(cc1NC(=O)C(=O)NC(=O)c1cccc3c1CCNC3)oc1ccccc12,0.419898232,2.631799264,-10.1,-9.9,3.1354,443.1481208
Nc1n[nH]c2cc(N3C(=O)CCCc4cc(O)ccc43)ccc12,0.643884574,2.485404808,-8.8,-8.5,2.8517,308.1273258
O=C1NC2(CCN(c3cccc4c3CCC4=O)CC2)Nc2ccccc21,0.832561807,3.109732763,-10.3,-9.8,2.9675,347.1633769
Cc1cccc(-c2ccc(CNc3ccc4[nH]c(-c5ccccc5)c(CCC(=O)O)c4c3)cc2)c1,0.225403073,2.220292343,-9.3,-9.5,7.43962,460.2150781
O=S(=O)(Nc1ccc2c(Cl)cc(Cl)cc2n1)c1ccc2c(c1)Cc1ccccc1-2,0.378569749,2.341379101,-10.2,-9,5.9136,440.015304
N#Cc1ccc(C(=NO)NCC(=O)c2ccc3c(c2)-c2ccccc2C3)nc1,0.189559571,2.771026348,-9.2,-9.5,3.13278,368.1273258
O=C1COc2cc(N3CCCc4c(OC(F)F)cccc43)cc(Cl)c21,0.796424911,2.762959145,-8.6,-8.3,4.6008,365.0630274
CC(c1ccc(-n2cnc3ccccc32)cc1)N(C)c1ccnc2[nH]ccc12,0.480734683,2.992425062,-8.7,-8.7,5.0992,367.1796957
Clc1cc(-c2cccc(N3CCc4cc(OCc5ccccc5)ccc4C3)c2)ncn1,0.369339995,2.284939824,-9.7,-9.3,5.9387,427.14514
Cc1cccc(C(Nc2cc(N)c(Br)c(F)c2)c2cccc(C)c2)c1,0.529240112,2.379830357,-9,-8.5,5.98874,398.079389
Fc1ccccc1C1c2cccn2CCN1c1ccc2[nH]cc(C3=CCNCC3)c2c1,0.491443526,3.357433698,-10.2,-9,5.0948,412.206325
O=C1Cc2cc(F)ccc2N1C(=O)Nc1cccc2[nH]c(=O)ccc12,0.716216663,2.459135527,-9.8,-9,2.7884,337.0862695
O=Cc1ccc2ccc(NNc3ncc(I)cn3)cc2c1,0.405764045,2.665061275,-8.3,-7.9,3.4859,389.997759
Nc1cc(F)c(Cl)cc1NC(=O)NC(c1ccccc1)c1cccc(F)c1,0.544300005,2.562411219,-10,-8.6,5.1115,387.0949963
Cc1cc2c(N3C(=O)Cc4cc(C(=O)C(C)Cl)ccc43)cc(Br)cc2[nH]1,0.453564692,3.292228714,-8.3,-8.1,5.26962,430.0083675
O=C1Cc2ccc(C(F)(F)F)cc2N1c1cnn2c(Cl)ccnc12,0.628458731,2.958632115,-8.6,-8.2,3.6223,352.0338732
O=C(NC(=O)C(=O)Nc1ccc(-c2ccccc2)cn1)Nc1cccc2c1CCCN2,0.49004848,2.466366781,-9.6,-9.3,3.3935,415.1644395
Cc1cc2nc(N3c4cc(C#N)ccc4CC3C)c3ccccc3n2n1,0.522733454,3.137279637,-9.8,-8.7,4.1453,339.1483955
Cc1ccc2cnccc2c1N[C@@H]1C[C@H]1c1cnn(C)c1,0.79945401,3.368332319,-8.1,-7.9,3.24472,278.1531466
O=C1CCc2cc(I)ccc2N1c1cccc2ncccc12,0.565913357,2.285961338,-8.3,-7.8,4.4503,400.007261
Cc1cc(Nc2cc(S(N)(=O)=O)c3ncccc3c2)ncc1S(N)(=O)=O,0.5955382,2.627669793,-8.6,-8.2,0.97662,393.056546
O=C(Oc1ccc(F)c2nccc(O)c12)c1cc(=O)[nH]c2cc(F)ccc12,0.418455548,2.590211387,-9.5,-9.1,3.2793,368.0608632
O=S(=O)(Cl)c1cc(Nc2ccsc2-c2cccnc2)c2ccccc2c1,0.450502563,2.490026413,-8.5,-8.7,5.6344,400.0106973
N#Cc1ccc(-c2ccc3c(c2)N(CC(=O)c2c[nH]c4ncccc24)CCO3)s1,0.518162283,2.80616646,-9.3,-8.4,4.24478,400.0993968
O=C(Oc1ccc2cnc(Cl)nc2c1)c1ccc2c(c1)C(=O)Nc1ccccc1O2,0.284348764,2.508056526,-11.2,-9.8,4.8604,417.0516335
NS(=O)(=O)c1ccc(C(=O)CNc2cc3cc[nH]c3cn2)cc1,0.612785509,2.416822613,-8.4,-7.8,1.5051,330.0786613
N#Cc1cc(O)cc(Nc2ccc3nccnc3c2I)c1,0.656592659,2.767149005,-8,-7.7,3.55528,387.9821089
O=C1Cc2ccc(C(=O)N3C(=O)CCc4cc(O)ccc43)cc2N1,0.786366214,2.527185293,-9.1,-9.4,2.0064,322.0953569
CC#Cc1ccc2cc(N3C(=O)c4ccccc4NC34CCNCC4)ccc2c1,0.615681476,3.375664463,-9.6,-8.8,4.3632,381.1841124
Cc1cc2oc(=O)cc(CNc3nc4cc(C#N)ccc4[nH]3)c2cc1C,0.551702129,2.558759219,-9.5,-9.5,3.76992,344.1273258
O=C1c2cccc3cccc(c23)N1c1nc2cn[nH]c2cc1Br,0.550913916,2.731718648,-9,-8.4,4.1655,363.995973
O=C1CNC(c2ccccc2)c2cc(Nc3nnc(-c4cc(F)cc(Br)c4)s3)ccc2N1,0.33900101,3.199726848,-10.4,-9.7,5.4814,509.0321215
O=C(Oc1nc(-c2cccc([N+](=O)[O-])c2)n[nH]1)c1n[nH]c2ccc(Br)cc12,0.288372479,2.862172515,-9.4,-8.7,3.2379,427.9868649
O=C(Oc1cc(F)c2cnccc2c1)c1ccc2ncncc2c1,0.417545843,2.401093024,-8.8,-8.8,3.5363,319.0757048
Cc1cccc(COc2cccc(Nc3ncc([N+](=O)[O-])s3)c2)c1,0.520032086,2.199632804,-8.3,-7.8,4.68232,341.0834123
Cc1ccc2cc(C=O)c(Nc3ncc(-c4cnccn4)s3)nc2c1,0.561799997,2.784773049,-8.7,-8.5,4.01282,347.084081
NN(Cc1cccc2cccnc12)C(=O)C(=O)Nc1c2c(cc3c1CCC3=O)CCC2,0.296703432,3.016417792,-9.9,-9.3,2.6934,414.1691906
Fc1cccc2c(N3CCCc4c3cnn4-c3ccccc3)ccnc12,0.530970414,2.441432287,-9.1,-9.2,4.6439,344.1437248
O=C1C(=O)N(C(=O)Nc2nc(Cl)nc3[nH]ncc23)c2ccc(Br)cc21,0.459934232,2.935112555,-9.2,-8.6,2.5302,419.9373278
Nc1nc(N2C(=O)C(=O)c3cc(Br)ccc32)nc2[nH]ncc12,0.63689189,2.871551893,-8.7,-8.1,1.5586,357.9813856
Oc1ccnc2ccc(OC(F)(F)Nc3c(Br)ccc4ncccc34)cc12,0.338897024,2.876272216,-8.8,-8.9,5.2923,431.0080952
N#Cc1c(NC(=O)N2CCN(C(=O)c3ccc4[nH]cnc4c3)CC2)sc2c1-c1ccccc1CC2,0.4455269,2.793817683,-10.7,-10.6,4.25158,482.1524949
CS(=O)(=O)c1ccc(OCC(=O)Oc2cc3cn[nH]c3cc2Br)cc1,0.49878859,2.368945302,-7.9,-7.7,2.7133,423.9728546
O=Cc1cccc(Br)c1Nc1cc(CCc2ccccc2)ccn1,0.598145467,2.277144233,-8.2,-7.9,5.1854,380.0524253
Cc1nc2ccccc2c(C)c1C(=O)Oc1ncnc2[nH]ccc12,0.573282275,2.534755881,-8.9,-8.6,3.34214,318.1116757
O=C(NCc1ccc(-c2ccc3c(c2)CCCO3)cc1)C(=O)Nc1ccc2[nH]c(=O)sc2c1,0.40387914,2.477460757,-9.7,-9.5,3.8365,459.1252772
Cc1cccc(C(N)c2ccc(Nc3ccc(-c4ccccn4)cn3)cc2)c1,0.506641234,2.586395043,-8.9,-8.5,5.24372,366.1844467
N#Cc1ccc(NNC(=O)Cc2ccc3cn[nH]c3c2)cc1,0.641756529,2.319763261,-8.1,-7.5,2.12038,291.11201
N#Cc1ccc(Nc2ccc(N(CCN)c3ccc4ccccc4c3)cc2)cc1,0.46145103,2.256237953,-8.9,-8.8,5.55188,378.1844467
CC(NC(=O)C(=O)Nc1ccc2c(S(N)(=O)=O)cccc2c1)c1cc2cnccc2[nH]1,0.361369374,3.070356377,-10.2,-8.9,2.1794,437.1157751
N#Cc1ccc(NCCNc2cc(Br)cc(-c3cc(N)n[nH]3)c2)nc1,0.474207527,2.761187775,-8.3,-6.7,3.21208,397.0650556
N#Cc1ccc(N(CCN)C(=O)C(=O)Nc2cc(-c3cc(F)cc(Br)c3)[nH]n2)nc1,0.486492237,3.068332274,-8.2,-7.9,2.17538,471.045463
O=C(Oc1ccnc2[nH]ncc12)c1cccc2cnccc12,0.574011532,2.468320044,-8.2,-8.3,2.7253,290.0803756
[N-]=[N+]=Nc1ccc2c(c1)N(c1cnc3nc4ccccc4n3c1)CC2,0.308194274,2.936231901,-9,-8.9,4.5185,327.1232434
O=C(Oc1cc2[nH]cnc2cc1Cl)c1c(F)ccc2ccncc12,0.439610658,2.635778623,-8.7,-8.4,4.1228,341.0367324
N#CCCCN1C(=O)CCc2cc(Nc3cccc(-c4ccc(N)cc4)c3)ccc21,0.439602681,2.364567401,-9.4,-8.8,5.26238,396.1950114
O=c1c2ccccc2ncn1C1CCN(S(=O)(=O)c2cccc3cnccc23)C1,0.522061385,2.827187223,-9.7,-9.2,2.5804,406.1099614
Cc1cc2c(C(=O)N3C(=O)NC(=O)C34CCN(C(=O)c3cc5c(s3)-c3ccccc3CC5)CC4)cccc2[nH]1,0.362223744,3.487538852,-10.6,-10.2,4.67042,538.1674763
O=C(NCCc1ccc2ncccc2c1)C(=O)Nc1cnccc1-c1ccccc1,0.505086655,2.18632718,-8.7,-8.7,3.5942,396.1586259
O=c1[nH]cnc2c(N3CCC(c4nnc5ccccn45)CC3)cccc12,0.602639912,2.610849869,-9.7,-9.1,2.3498,346.1542092
Brc1cc(NNc2nccc3sccc23)cc2ncccc12,0.495277222,2.654546552,-8.3,-8,5.046,369.9887795
O=c1[nH]c2ccc(CNc3ccc(C(Cl)c4ccc(Cl)cc4)cc3)cc2[nH]1,0.39170641,2.701533766,-8.7,-9.4,5.4499,397.0748675
O=C(OS(=O)(=O)c1ccc2c(c1)NCC2)c1c(F)ccc2ccncc12,0.711822651,2.840292691,-8.4,-8,2.8876,372.0580061
Cc1c(N2CC(=O)Nc3ccc(Br)cc3C2=O)ccc2cccnc12,0.678767048,2.460114508,-9.4,-8.7,3.90462,395.0269388
COC(=O)c1ccc2c(c1)N(C(=O)NC(C)(C)c1cc(F)cc(F)c1)C(=O)C2,0.819122981,2.724061998,-9.3,-8.9,3.2854,388.1234635
COC(=O)c1ccc2c(c1)N(c1cc(F)cc(C(C)(C)N)c1)C(=O)C2,0.870431933,2.550343996,-8.8,-7.9,3.0269,342.1379707
O=C(Nc1ccc(C2=CCCCC2)cn1)C(=O)Nc1nnc2ccc([N+](=O)[O-])cn12,0.38398868,2.891504623,-9.8,-9,2.5671,407.134202
O=C(O)c1ccc2c(c1)N(C(=O)NS(=O)(=O)c1ccc(Cl)cc1O)C(=O)C2,0.699075422,2.689792137,-9.4,-8.8,1.7314,409.9975494
NS(=O)(=O)c1ccc(OC(=O)c2ccc3c(c2)NC(=O)C3)cc1O,0.553119704,2.467230706,-8.6,-8.4,0.7534,348.0416071
COc1ccc2[nH]cc(C3=CCN(C(=O)Nc4ncccc4-c4ccccc4)CC3)c2c1,0.450580486,2.521075163,-9.5,-9.1,5.5597,424.189926
N#Cc1ccc(Cl)c(S(=O)(=O)NC(=O)Nc2nc(-c3ccc(-c4ccccc4)cc3)cs2)c1,0.379460729,2.305411585,-9.8,-9.3,5.51258,494.02741
O=c1ccc2c(Nc3ccc(-c4ccccn4)nn3)cccc2[nH]1,0.606654515,2.304968232,-9,-8.4,3.1237,315.11201
N#Cc1ccc2c(c1)N(c1cc3c(O)ccnc3cc1Cl)C(=O)C2=O,0.679874946,2.73089761,-9.5,-8.8,3.32648,349.0254188
O=C1NC(=O)c2c(Nc3cc(CCO)ccc3O)cccc21,0.506938965,2.39175363,-8,-7.6,1.5542,298.0953569
Ic1cccc(CNc2ccc3cc(I)ccc3c2)c1,0.472733617,2.091721896,-8.1,-7.5,5.6611,484.9137454
Cc1n[nH]c(-c2ccc(NC(=O)C(=O)Nc3ccc(Cl)c4ncccc34)cc2)n1,0.450116552,2.491768351,-9.1,-9.1,3.55892,406.0945014
O=[N+]([O-])c1ccc2c(c1)nc(S)n2-c1ccc(Nc2cnccc2C2CC2)cc1,0.270393793,2.73566418,-8.6,-8.4,5.2384,403.1102958
N#Cc1cccc(N(C(=O)C(=O)Nc2cccc3cnncc23)c2cccc(N)c2)c1,0.395371339,2.778973367,-9.7,-8.9,3.38708,408.1334738
O=C(NCc1ccc2cn[nH]c2c1)C(=O)Nc1ccc(N2C(=O)c3cccc4cccc(c34)C2=O)cc1,0.261884898,2.487639216,-10.7,-10.4,3.7716,489.1437041
O=C(Nc1c[nH]nc1-c1nccs1)C(=O)N1[C@@H](c2ccccc2)CCC[C@@H]1c1ccccc1,0.423584189,3.591751046,-8.6,-7.7,4.9668,457.157246
O=C(Nc1ccc(N2C(=O)c3cccc4cccc(c34)C2=O)cc1)Nc1ccc(N2C(=O)c3cccc4cccc(c34)C2=O)cc1,0.206511628,2.349261801,-12.9,-11.1,7.2382,602.1590198
Cn1cc(C2=C(c3cccc(N)c3)C(=O)N(C(=O)N[C@H]3CCCC[C@H]3N)C2=O)c2ccccc21,0.412046286,3.530983599,-9.1,-8.7,3.0196,457.2113897
O=S(=O)(NCc1ccc(-c2cccnc2)cc1)c1cccc2cnccc12,0.576227541,2.099746994,-8,-7.4,3.7753,375.1041478
O=C(O)c1cccc(N(c2nc3ccccc3c(=O)[nH]2)c2cnc(Cl)nc2-c2c[nH]c3ccccc23)c1,0.255334689,2.953804277,-10.1,-9.6,5.6828,508.1050661
O=C(CBr)c1ccc(S(=O)(=O)Nc2c[nH]c3ncccc23)cc1,0.514265358,2.372917524,-7.9,-7.4,2.9413,392.9782743
O=C(O)Cc1ccc2c(c1)N(c1cccc(C(=O)CBr)c1)C(=O)C2,0.631118067,2.421128556,-8.2,-7.7,3.1121,387.01062
NS(=O)(=O)c1ccc2c(c1)CC(=O)N2C(=O)NCCc1cnc2c(Cl)cnn2c1,0.623997021,2.949635862,-9.2,-8.8,0.8715,434.0564016
C[C@H]1COc2c(F)c(F)cc3c(=O)c(C(=O)OCC(=O)c4cccc(C#N)c4)cn1c23,0.471446696,3.184098367,-8.9,-8.1,3.14448,424.087078
Nc1cccc2c1NCCN(S(=O)(=O)c1ccc3c4c(cccc14)C(=O)N3)C2=O,0.559305166,2.898390625,-9.4,-9.6,2.2443,408.089226
O=C(CNc1c(Cl)ccc2cnccc12)c1c[nH]c2ncccc12,0.551257625,2.556850386,-8.4,-8.4,4.0593,336.0777887
CC(NC(=O)Nc1ccc(N2C(=O)c3cccc4cccc(c34)C2=O)cc1)c1cc2cnccc2[nH]1,0.302607339,3.012610328,-11.9,-10.2,5.3994,475.1644395
O=C(NCc1ccc(-c2ccc3c(c2)CCCO3)cc1)C(=O)N1CCNc2ccccc2C1=O,0.591459838,2.58618389,-10.7,-9,3.3893,455.1845063
N#Cc1ccc2c(c1)N(C(=O)C(=O)Nc1cc(I)ccn1)C(=O)C2,0.545153402,2.970269084,-8.7,-8.2,1.61228,431.9719381
Cc1cc(C)cc(-c2nc3ccccn3c2NS(=O)(=O)c2cccc3cnccc23)c1,0.4385915,2.544715112,-8.9,-8.7,4.96714,428.1306969
Cc1nc2ccccc2c(=O)n1-c1ccc(N2CCOc3ccc(-c4ccc(C#N)cc4)cc32)cc1,0.335110794,2.430808098,-11.6,-10.8,5.7633,470.1742759
O=Cc1ccc(Cl)cc1Oc1ccc(OC(=O)CCCc2ccc3c(c2)-c2ccccc2C3)c(Cl)c1,0.118591979,2.552124269,-8.6,-9.3,8.0977,516.0895145
O=C(Cc1ccc2cnccc2c1)OCC(=O)c1c[nH]c2ncccc12,0.443723853,2.368737991,-8.9,-7.8,3.0797,345.1113413
Fc1ccc2c(C3=CCN(c4ccc(-n5c(S)nnc5-c5ccc(Cl)cc5Cl)cc4Cl)CC3)c[nH]c2c1,0.214705571,2.943651807,-10,-9.9,8.0973,569.0410779
Fc1ccc2c(C3=CCN(c4cc(Cl)ccc4-c4nnc(S)n4-c4ccc(F)c(Cl)c4)CC3)c[nH]c2c1,0.225325341,3.00084426,-9.5,-9.4,7.583,553.0706284
Fc1ccc(N2CCc3cc(C4CCCCC4)ccc3C2)c2cnccc12,0.558354796,2.45468077,-10.1,-8.9,5.9843,360.200177
O=C(c1ccccc1Nc1ccc(Oc2cccc3cccnc23)cc1)c1cccc2ccccc12,0.251651036,2.180463364,-9.4,-10.3,8.1549,466.1681279
Clc1ccc(C(Nc2ccc(Br)c3ccncc23)c2cccc(I)c2)cc1,0.267496382,2.845054477,-9.2,-8.2,7.4568,547.9151863
Clc1ccc(C(Nc2ccc(Cl)c3cnccc23)c2cccc(I)c2)cc1,0.293735515,2.805513056,-8.9,-8.4,7.3477,503.9657018
NN(c1cccc(C(=O)CBr)c1)c1cccc2ccncc12,0.33415008,2.659699181,-8,-7.4,3.8242,355.0320242
O=S(=O)(Cl)c1cc(N(c2cccc(F)c2)c2ncc(Br)cn2)c2ccccc2c1,0.330501911,2.635879368,-8.9,-8.6,5.9287,490.9506156
Cc1cncc2cccc(S(=O)(=O)N3CCN(c4nsc5ccccc45)CC3)c12,0.502099869,2.565235801,-9.1,-9,3.66382,424.1027679
O=C(CCl)c1cc2cc(N(C(=O)Nc3ccccc3)c3cccc4c3CCNC4)ccc2[nH]1,0.268680475,2.844161718,-9.2,-8,5.6053,458.1509537
Nc1ccc2c(c1)N(C(=O)C(=O)Nc1cccc3cnc(Cl)cc13)C(=O)C2,0.383145341,2.761792561,-9.6,-8.9,2.5248,380.067618
NN(C(=O)c1ccc2c(c1)NC(=O)C2)c1cc(I)ccn1,0.351428315,2.94257113,-7.8,-7.2,1.7013,393.9926736
O=C1Cc2ccc(C(=O)NNc3ccnc(Br)c3)cc2N1,0.586589132,2.577869774,-8.4,-8,2.0956,346.0065377
NNC(=O)c1ccc2c(c1)N(c1cc(I)ccn1)C(=O)C2,0.349986093,2.739276736,-8.2,-7.6,1.5105,393.9926736
CC(=O)c1ccc2c(c1)N(C(=O)C(=O)Nc1c(-c3ccccc3)[nH][nH]c1=O)c1ccccc1S2,0.304351942,2.846464677,-9.6,-10.2,4.3406,470.1048761
O=C(c1ccc2c(c1)CC(=O)N2c1ccnc2cc(Cl)c(F)cc12)C1CCNCC1,0.632872499,2.728538612,-9.8,-9.8,4.4304,423.1149827
Nc1ccc(OC(=O)c2ccccc2-c2cccc3ccccc23)cc1-c1cccc(Cl)c1,0.174166182,2.126242968,-9.7,-9.7,7.6286,449.1182566
Nc1ccc(Cl)cc1-c1cccc(OC(=O)c2ccccc2-c2cccc3ccccc23)c1,0.174166182,2.120502584,-9.4,-9.5,7.6286,449.1182566
O=C(Nc1cc(-c2cccc([N+](=O)[O-])c2)n[nH]1)N1CCc2ccccc2-c2ccccc21,0.345600011,2.584706159,-10.3,-9.8,5.2465,425.1487895
O=C1CN(C(=O)c2ccc(-n3cnc4ccccc43)cc2)c2cc(C(=O)O)cnc2N1,0.533309583,2.546367316,-10.4,-9.9,2.7176,413.112404
c1ccc2c(c1)COc1cccc(NCCNc3ccc4ccccc4c3)c1-2,0.429973084,2.242066885,-8.3,-8.2,5.9232,366.1732133
O=C(CNc1nccc2cc(Br)ccc12)c1ccc2ccccc2c1,0.470945611,2.140756189,-9.5,-8.6,5.4453,390.0367752
C[C@@H](NC(=O)/C=C/c1cnc2ccccc2c1)c1cccc2cnccc12,0.542350383,2.721810338,-9.1,-8.6,4.6736,353.1528122
O=C(c1ccccc1)c1cc([N+](=O)[O-])ccc1OC(=O)c1nccc2c1[nH]c1ccccc12,0.134865031,2.409042341,-9.8,-9,5.0745,437.1011706
O=C1CCCc2c1[nH]c1cc(N3CC(c4ccccc4)Cc4ccccc43)ccc21,0.443070677,2.894614614,-10.5,-8.8,6.1649,392.1888634
Nc1ccc2ncccc2c1NS(=O)(=O)c1cccc2cnccc12,0.553111981,2.322243544,-8.9,-8.4,3.166,350.0837467
Clc1ccc(C(NCCc2ccc3[nH]ncc3c2)c2ccc(Cl)cc2)cc1,0.433068127,2.193373284,-8.3,-8,5.7914,395.095603
Nc1n[nH]c2cc(CNC(=O)N(C(=O)Nc3ccc(F)cc3)c3cccc(O)c3)ccc12,0.331408576,2.610879578,-9.9,-8.6,3.9381,434.1502667
O=C(NNc1ccc2ccccc2c1)C(=O)N(Cc1ccccc1)c1ccc2[nH]c(=O)[nH]c2c1,0.24131459,2.567048225,-10.2,-9.8,3.6859,451.1644395
Cc1cc(F)ccc1N(Cc1cccc(C#N)c1)S(=O)(=O)c1cccc2cncc(C)c12,0.420090221,2.621052512,-9.5,-8.8,5.25792,445.1260261
O=Cc1ccccc1Oc1ccc(F)c(Nc2cccc3cnc(Cl)cc23)c1,0.316201148,2.376865664,-8.8,-8.8,6.3757,392.0727836
O=S(=O)(Cl)c1ccc(Oc2ccc(Nc3cc(Cc4ccccc4)ccn3)cc2)cc1,0.342542639,2.124008319,-9,-9.2,6.1358,450.0804911
Cc1cccc(C(NC(=O)c2nccc3ccncc23)c2cccc(C)c2)c1,0.565395958,2.293498143,-9.6,-8.4,4.76604,367.1684623
CS(=O)(=O)c1ccc(Oc2ccc(NC(=O)Nc3ccc4c(c3)Cc3ccccc3-4)cc2)cc1,0.325157254,2.141344515,-9.8,-10.6,6.0976,470.1300282
Brc1cnc2ccccc2c1N1CCN(c2cccc3[nH]ccc23)CC1,0.518360184,2.33636875,-8.8,-8.6,4.8052,406.0793087
O=C(c1ccc(-c2cnc3c(c2)CCC3)cc1)N1C(=O)c2cc(S(=O)(=O)Cl)ccc2S1(=O)=O,0.398371006,2.915081179,-10.6,-10.3,3.1497,502.0060059
O=C(NCc1ccc2nccnc2c1)Nc1c(Cl)ccc2ccncc12,0.572607299,2.347983336,-9,-8.7,4.1531,363.0886877
Clc1ccc(Nc2cc(Cl)cc3c(Cl)ccnc23)c(-c2cccc3ccccc23)c1,0.297581614,2.320277216,-9.3,-10,8.7588,448.0300815
Fc1cc(Nc2ccc(Cl)cc2-c2cccc3ccccc23)cc2c(Cl)ccnc12,0.30992619,2.316487826,-10.4,-9.3,8.2445,432.0596321
Fc1cc(Cl)cc2c(Nc3ccc(Cl)cc3-c3cccc4ccccc34)ccnc12,0.30992619,2.300695253,-9.9,-8.9,8.2445,432.0596321
NC(=O)c1ccc2c(c1)OCCN2C(=O)C(=O)Nc1ccc(Oc2nncc3ccccc23)cc1,0.438580709,2.631902182,-10.2,-9.9,2.8851,469.1386187
Cc1nc2ccc(C(=O)Oc3cc4[nH]ncc4cc3Br)cc2c(=O)[nH]1,0.398636008,2.629179947,-9.5,-8.8,3.08952,398.0014523
NC(c1cccc2ccccc12)C(F)(F)NCc1cccc2[nH]ncc12,0.473868708,3.091301176,-7.4,-7.8,4.0985,352.149953
O=C(NCc1cccc2[nH]ncc12)C(=O)NC(c1cccc2ccccc12)C(F)(F)F,0.434598675,3.052956775,-9.5,-9,3.7521,426.1303604
COc1cc2c(=O)[nH]c(C)nc2cc1NC1c2ccccc2-c2ccccc21,0.560878624,2.480202416,-9.5,-9.5,4.42202,369.1477268
N#Cc1ccc(NNc2ccc3c(c2)Cc2ccccc2-3)c(F)c1,0.538370231,2.325394123,-9.1,-9.2,4.70758,315.1171757
Cc1ccc(NC(=O)NC(C)Cc2ccc3[nH]ncc3c2)cc1OCc1cccc(Cl)c1,0.331192707,2.764042405,-9.7,-8.9,5.85642,448.1666037
COC(=O)c1cc2[nH]ncc2cc1NC(c1ccc(F)cc1)c1ccc(Cl)cc1,0.436263577,2.80187865,-9.1,-8.3,5.3435,409.0993327
CC(c1ccc(-n2cnc3ccccc32)cc1)N(C)c1cccc2[nH]ncc12,0.480734683,2.906909865,-8.9,-9.7,5.0992,367.1796957
O=C(c1ccccc1)c1ccc(NCc2cccc(-c3cccc(O)c3)c2)cc1,0.409979719,1.849869627,-9.6,-8.5,5.9023,379.1572289
Cc1cccc2c(C(=O)N3C(=O)C(c4cccc(N)c4)=C(c4cn(C)c5ccccc45)C3=O)nccc12,0.293505403,2.820087934,-9.2,-9.1,4.73712,486.1691906
O=C(CNc1ccnc2ccsc12)c1c[nH]c2ncccc12,0.566339768,2.638585132,-7.7,-7.5,3.4674,308.073182
Brc1cc(N2CC=C(c3ccc4c(c3)OCCO4)CC2)cc2ccncc12,0.577204088,2.724258462,-9.2,-9.1,5.0622,422.0629899
N#Cc1ccc(-c2ccc3c(c2)N(C(=O)NNc2ccc4cccc(O)c4n2)CCO3)cc1,0.409521131,2.708955468,-10.8,-10.5,4.41458,437.1487895
C[C@H]1COc2c(C3(N)CC3)c(NNc3ncnc4sc5c(c34)CCCC5)cc3c(=O)c(C(=O)O)cn1c23,0.288884083,3.824306609,-10.4,-9,3.9234,518.1736243
Cc1cccc(Cl)c1N1CCN(c2ccc3sncc3c2)CC1,0.678327457,2.470995571,-7.9,-7.8,4.58472,343.0909963
Cc1cc2cc(CNC(=O)C(=O)Nc3cccc4cnccc34)ccc2[nH]1,0.491284509,2.295924187,-9.5,-8.3,3.27942,358.1429758
O=C(CCSCc1nc2sc3c(c2c(=O)[nH]1)CCCC3)NCc1ccc2cn[nH]c2c1,0.37048339,2.75304673,-8.4,-8.1,3.6794,453.129317
CC#Cc1ccc2cc(NC3(c4cccc(C#N)c4)CC3)ccc2c1,0.674073645,2.680083928,-8.8,-8.3,5.18408,322.1469986
O=C(Oc1ccc(C2=NOCC2)c(Br)c1)c1nccc2c1[nH]c1ccccc12,0.369106607,2.910073211,-9.7,-9.2,4.8222,435.0218534
CC#Cc1ccc2cc(Nc3ccc(-c4cn5ccc(C)cc5n4)cc3)ccc2c1,0.354431748,2.520910047,-9.6,-9.1,6.57792,387.1735477
O=Cc1c[nH]c2nccc(NCCCOc3cccc4cccnc34)c12,0.392883448,2.547822896,-7.2,-7.2,3.8046,346.1429758
O=C1c2cccc3c(S(=O)(=O)Cl)ccc(c23)N1S(=O)(=O)c1cccc2cnccc12,0.434002166,2.68801634,-10.2,-9.9,3.6646,457.9797911
Cc1cnccc1NNC(=O)Nc1ccc(Cl)c2cnccc12,0.640214067,2.4779132,-8.4,-8.3,3.74022,327.0886877
O=C(Oc1ccc2cn[nH]c2c1)c1[nH]c2ccc(Br)cc2c1F,0.408853659,2.593975437,-8.4,-8.5,4.165,372.9862168
CC(N)c1ccc2c(c1)CCC(=O)N2c1cccc2c1oc1ccccc12,0.535765524,2.861275778,-8.8,-8.5,5.2166,356.1524779
Cc1ccc2cc(C=O)c(Nc3cccc4cnc(Cl)cc34)nc2c1,0.403283107,2.540780082,-8.9,-9,5.30092,347.0825397
C[C@H](NC(=O)C(=O)N[C@H]1CCC[C@H]1N)c1cccc2cnccc12,0.742932616,3.307525597,-8.4,-7.9,1.408,326.1742759
Cc1ccc(Oc2ccc(NCC(=O)c3c[nH]c4ncccc34)cc2)cc1,0.47877756,2.159692077,-8,-8,4.95842,357.1477268
Cc1ccc2[nH]c(C(=O)Oc3cc4[nH]ncc4cc3[N+](=O)[O-])c(Cl)c2c1,0.243355992,2.716702619,-8.8,-8.9,4.13342,370.0468825
N[C@@H]1C[C@H]1c1c(Br)cccc1Nc1ccccc1-c1ccc2ccccc2c1,0.373311518,2.99470535,-9,-9.4,6.8275,428.0888108
N[C@@H]1C[C@H]1c1c(F)cccc1Nc1ccccc1-c1ccc2ccccc2c1,0.449683132,2.943642102,-9.1,-9.3,6.2041,368.1688769
O=C1NC(=O)N(c2cc3cnccc3cc2F)CC1c1ccccc1,0.782076607,3.032294692,-9,-8.8,3.2139,335.1070049
Cc1cccc(C(=O)c2ccc(Nc3ccc(-c4nc5ccccc5o4)cc3)cc2)c1,0.328165475,1.997707085,-9.8,-9.6,6.77782,404.1524779
O=C(NC(=O)c1cccc2c1CCNC2)C(=O)Nc1ncnc2[nH]ccc12,0.490218944,2.84166679,-9.6,-9,0.4987,364.1283884
CC(C)(Nc1cc(-c2cccc(Cl)c2)ncn1)c1ccc2ccccc2c1,0.455927811,2.350067974,-9.5,-9.4,6.2974,373.1345753
O=C(COc1ccc2oc3ccccc3c2c1)Nc1ccc(-c2cnccn2)cn1,0.47183564,2.307023212,-8.5,-8.8,4.4555,396.1222404
C[C@H](NC(=O)C(=O)Nc1ccc2c3c(cccc13)CC2)c1ccncc1Cl,0.679736847,2.872877384,-9,-8.6,3.8027,379.1087545
O=C(Nc1cc2cn[nH]c2cn1)C(=O)NS(=O)(=O)c1ccc2c(c1)Cc1ccccc1-2,0.372597631,2.725892813,-9.7,-9.3,1.9727,433.084475
N#CC(c1ccccc1)c1ccc(Nc2cc(F)cc(S(=O)(=O)Cl)c2)cc1,0.600888223,2.772590369,-8.9,-9.1,5.15228,400.0448546
O=C(Oc1ccc(-c2cccc(O)c2)cn1)c1cnc2c(F)cccc2c1,0.549696977,2.328384542,-9.9,-9,4.3607,360.0910205
O=S(=O)(NCc1cccc2[nH]ccc12)c1cccc2cnccc12,0.600392268,2.244164672,-8.8,-7.4,3.1946,337.0884977
O=C(O)c1cnc2c(c1)N(c1cncc3c(Cl)cccc13)C(=O)CN2,0.733935501,2.820508441,-8.7,-8.2,3.0716,354.0519679
O=C1CNc2ncc(C(=O)Oc3cncc4c(Cl)cccc34)cc2N1,0.687263541,2.837978159,-8.9,-8.8,2.8664,354.0519679
O=Cc1ccccc1Oc1cc(Cl)cc(Nc2cc(Cc3ccccc3)ccc2O)c1,0.2454276,2.279163704,-9.5,-8.8,6.9848,429.1131712
O=Cc1c2ccccc2c(Nc2cccc3ccccc23)c2ccccc12,0.290426305,2.109208846,-9.8,-9.1,6.7023,347.1310142
NCc1ccc2c(NC(=O)N[C@@H]3C[C@H]3c3ccc4ccccc4c3)noc2c1,0.502329766,3.206569057,-10,-9,4.1173,372.1586259
Cc1cccc2cc(N3CCN(c4cccc5[nH]ccc45)CC3)cnc12,0.588064709,2.296711208,-8.6,-9,4.35112,342.1844467
N#Cc1cc(F)cc(NNC(=O)Nc2cccc(-c3ccc(F)c(F)c3)c2)c1,0.567945792,2.324310368,-10.5,-9.7,4.79118,382.1041457
O=C(COC(=O)c1cc(=O)[nH]c2ccc(Cl)cc12)c1ccc2c(c1)-c1ccccc1C2,0.328884623,2.344166798,-8.8,-8.8,4.7924,429.0767857
O=S(=O)(Nc1cccc2c(Br)cncc12)c1cccc2cnccc12,0.541327851,2.381830082,-8.9,-8.4,4.3463,412.9833597
Cc1c(C(=O)Oc2c(C(=O)O)ccc3ccccc23)c2ccccc2[nH]c1=O,0.419238704,2.247055841,-9.6,-9,3.90712,373.0950226
COC(=O)c1ccc(NCCc2cccc(-c3cccc(Cl)c3)c2)c2ncccc12,0.391677254,2.140600293,-8.8,-8.5,5.9964,416.1291556
CC(Cc1ccc2[nH]ncc2c1)N(C)C(=O)Nc1c(N)ccc2scnc12,0.468224004,3.333092969,-9.2,-8.1,3.8497,380.1419303
O=C(Nc1ccc2[nH]c(-c3ccccc3)nc2c1)N1CCc2c(cnn2-c2ccccc2)C1,0.419155247,2.424736964,-9.9,-10,5.0058,434.1855093
O=C(NCc1ccc2[nH]c(=O)[nH]c2c1)N1CC=C(c2cccc(Br)c2)CC1,0.597094427,2.523876258,-9.7,-9,3.6176,426.0691379
O=C(Oc1ccc2cc(Br)ccc2c1)c1ccc2c(c1)-c1ccccc1C2,0.246642161,2.090249234,-10.5,-10.1,6.3927,414.0255418
Oc1ccc(C2CC2)cc1N(Cc1ccccc1)c1ncnc2[nH]cnc12,0.55748733,2.824135699,-8.4,-7.9,4.2742,357.1589602
O=C(Nc1ccc(Oc2ccc(Cl)cc2Cl)c(F)c1)C(=O)N1C(=O)C(=O)c2cc(-c3ccccc3)ccc21,0.302477592,2.528770906,-10.4,-11,6.2864,548.0342052
O=C(Nc1ccc(Oc2ccc3ccccc3c2)c(Cl)c1)C(=O)Nc1ccccc1Nc1cccc(Cl)c1,0.188849232,2.253917505,-11,-10.5,8.2597,541.0959969
O=Cc1c(F)cc(Cl)cc1OC(=O)c1ccc2[nH]c3c(c2c1)CNCC3,0.418127314,2.789535311,-8.7,-8.3,3.6378,372.0676982
O=C1Cc2ccc(Cl)cc2N1c1cccc2ccncc12,0.676524112,2.318948286,-8.5,-8,4.109,294.0559907
O=C(OS(=O)(=O)c1ccc2[nH]c(=O)[nH]c(=O)c2c1)c1cc(=O)[nH]c2cc(Br)ccc12,0.364417134,2.781709065,-10.7,-8.5,1.3661,490.9422828
O=C1CC(=C2CN(C(=O)C(=O)Nc3ccc4c(c3)CCC(=O)N4CC(F)(F)F)C2)C(=O)N1,0.390141396,3.114818506,-9.5,-9.1,0.6519,450.1151043
O=C1Cc2cc(CCCC(=O)Oc3cc(Br)cc4ccccc34)ccc2N1,0.462128148,2.349597559,-7.8,-7.9,5.0252,423.0470055
O=C1Cc2cc(CCCC(=O)Oc3cc(F)c4ccccc4c3)ccc2N1,0.539866067,2.359419453,-7.8,-7.4,4.4018,363.1270717
O=C1c2cccc(Br)c2C(=O)N1c1cccc2cn[nH]c12,0.691237098,2.541025159,-8.5,-8.4,3.126,340.9799886
N#Cc1ccc2nc(CNc3ncc([N+](=O)[O-])cc3-c3ccccc3)[nH]c2c1,0.404251009,2.490000707,-9.5,-8.1,4.01688,370.1178237
O=C(Oc1cc2ccccc2[nH]1)c1nccc2c1[nH]c1ccccc12,0.471595335,2.515901964,-9.7,-8.9,4.4166,327.1007767
O=c1[nH]cnc2c1cnn2-c1ccccc1N1CCCc2cc(-c3ccccc3)ccc21,0.453525777,2.54330652,-10.1,-9.5,4.8601,419.1746103
Fc1cc(Br)cc(F)c1Nc1cccc(-c2ccc3ccccc3c2)n1,0.406568204,2.199947643,-9.4,-9.4,6.6861,410.023017
O=C(CNC(=O)c1ccc2[nH]nnc2c1)Oc1cnc(Nc2cccc(F)c2)nc1,0.413024009,2.69847138,-9.6,-8,1.966,407.1142155
Clc1ccc2cc(CNc3ccc4cc(Cl)ncc4c3)[nH]c2c1,0.473470664,2.391795571,-8.7,-8.1,5.635,341.0486528
O=C(Oc1ccc(-c2ccncc2)cn1)c1cc(=O)[nH]c2ccc([N+](=O)[O-])cc12,0.323023765,2.477093096,-9.4,-8.7,3.1125,388.0807695
CC(NC(=O)C(=O)Nc1ccc(N2CCN(C)CC2)c2ccncc12)c1cc2cnccc2[nH]1,0.407045394,3.22289217,-9.9,-9,2.6788,457.2226231
O=C(NCc1cccc(I)c1)Nc1cccc(-c2ccc3c(c2)CCO3)c1,0.514543994,2.136074745,-9.4,-8.9,5.2148,470.0491258
COc1ccc2[nH]cc(C3=CCN(C(=O)Nc4cc(N)ncn4)CC3)c2c1,0.66198274,2.670925962,-9.5,-8.8,2.8699,364.1647739
O=C(NCc1cc2cccnc2[nH]1)C(=O)Nc1cc2c(=O)[nH]cnc2cc1F,0.396464299,2.766807352,-9.5,-8.7,1.1934,380.1033165
Oc1cccc(-c2ccc(N3CCN(c4cccc5[nH]ccc45)CC3)nc2)c1,0.565695513,2.244919686,-9.3,-8.8,4.2621,370.1793613
O=Cc1cccc2cc(N[C@H]3CC[C@@H](n4cc(Br)cn4)CC3)ccc12,0.614292965,2.542452079,-8.5,-8,5.2071,397.0789744
Nc1cncc2c(OC(=O)c3ccc(-n4cnc5ccccc5c4=O)cc3)cccc12,0.360609765,2.377980627,-9.9,-9.3,3.7353,408.1222404
Cc1cncc2cccc(S(=O)(=O)OC(=O)c3cc(F)cc4c(=O)c5cc(F)ccc5[nH]c34)c12,0.303827251,2.953903198,-11.3,-10.4,4.36182,480.059149
ON=C(Nc1cc(I)ccn1)c1ccc(-c2ccccc2)cc1,0.216209983,2.402481908,-8.3,-8.6,4.6011,415.0181601
O=C(Nc1n[nH]c2ccc([N+](=O)[O-])cc12)C(=O)N1C(=O)Cc2c(Br)cccc21,0.353450067,2.978837722,-9.6,-8.8,2.288,442.9865305
O=C1NC2(CC(c3ccccc3)C2)C(=O)N1Cc1ccc2cn[nH]c2c1,0.7159042,2.977709176,-9.3,-9,2.9311,346.1429758
Cc1[nH]c2ncccc2c1C(=O)Oc1cccc(C(O)c2ccccc2)c1,0.423994325,2.729927258,-9,-8.2,4.17222,358.1317424
Cc1cccc2c(O)c(C(=O)Nc3cnccc3-c3ccccc3)cnc12,0.564682234,2.235567382,-9.9,-9.2,4.56312,355.1320768
O=c1[nH]c(NNC(F)(F)c2cc3cc(Br)ccc3cn2)nc2ccccc12,0.336770237,3.020822465,-9.8,-9.2,3.8998,431.0193285
Cc1cccc(-c2ccc(CNc3ccc4c(=O)[nH]nnc4c3)cc2)c1,0.589869491,2.28873455,-9.6,-9.4,3.90562,342.1480612
O=[N+]([O-])c1ccc2nnc(Nc3ccc(-c4ccccc4)cc3)n2c1,0.450268602,2.244124366,-9.2,-9,4.0481,331.1069247
O=c1[nH]c2ccc(CNc3ccc4cn[nH]c4n3)cc2o1,0.533100505,2.695227988,-8.3,-7.8,2.0045,281.0912746
CS(=O)(=O)c1ccc(Oc2ccc(NC(=O)Nc3nccc4ccccc34)cc2)cc1,0.457693201,2.072632831,-9.6,-8.9,5.0746,433.1096271
O=C1CN(C(=O)C(=O)Nc2ccc(Cc3nnc4ccccn34)cc2)c2cc(F)c(F)cc2N1,0.455110943,2.785445962,-10.7,-10,2.5221,462.1251948
O=S(=O)(Nc1cc2[nH]cnc2cc1F)c1cccc2ccncc12,0.598884243,2.500961232,-8.7,-8,3.051,342.0586748
[N-]=[N+]=Nc1ccc2c(c1)N(c1ccc(-c3ccc(C=O)cc3)cc1)CC2,0.260447777,2.521936574,-9.3,-8.9,5.8021,340.1324111
O=C(Nc1n[nH]c2nc(Br)ccc12)C(=O)N1C(=O)c2cccc(Br)c2S1(=O)=O,0.361831769,3.412370182,-10.1,-9.1,1.7927,526.8534635
O=S(=O)(Nc1nnc(-c2cccc(F)c2)o1)c1cccc2cnccc12,0.592219695,2.381801182,-9.8,-8.5,3.2247,370.0535894
CN(C(=O)Nc1ccc2ccncc2n1)c1ccc2cc(Br)ccc2c1,0.496179109,2.421809182,-9.4,-9.1,5.2138,406.0429232
O=C(Oc1ccc(F)c2ccncc12)c1ccc([N+](=O)[O-])c2cccnc12,0.235804512,2.464115372,-9.3,-8.7,4.0495,363.065534
O=C(CBr)c1cccc(N2C(=O)c3cccc4cccc2c34)c1,0.497402461,2.163773339,-8.7,-8.9,4.7093,365.0051407
Nc1c(Br)cc(N2CCc3nnc(-c4ccncc4)cc3C2)c2occc12,0.488188517,3.012483703,-9,-8.9,4.1922,421.0538222
O=C(Nc1c(Br)cc(Cl)c2occc12)C(=O)N1CCc2nnc(-c3ccncc3)cc2C1,0.403579311,3.081198197,-9.6,-9,4.2241,511.0046791
Cc1cc(N[C@@H](C)c2cccc3cnccc23)cc2c(O)c(C#N)cnc12,0.549905115,3.143805257,-9.3,-9.1,4.8418,354.1480612
O=C(CNc1cc2cc[nH]c2cn1)c1cccc(Cl)c1,0.721297787,2.35505187,-7.8,-7.1,3.5111,285.0668897
OC(c1ccccc1)c1cccc(NNc2ncnc3sc4c(c23)CCC4)c1,0.432403284,2.915830727,-8.2,-8.2,4.7007,388.1357823
NC(c1cccc(Cl)c1)c1cccc(N2CCc3cc(S(=O)(=O)F)ccc32)c1,0.623716937,2.882045182,-9,-9,4.7405,416.0761547
CC(Nc1c(Br)cccc1OC(F)(F)F)c1ccc2[nH]ncc2c1,0.617035137,3.046193739,-8.4,-8.2,5.3971,399.0194088
NN(C(=O)c1n[nH]c2ccccc12)S(=O)(=O)c1ccc2oc3ccccc3c2c1,0.269542721,2.560880677,-10.8,-9.1,3.1671,406.0735759
N#Cc1ccc(Oc2ccc(OC(=O)Cc3ccc4cnccc4c3)c(Cl)c2)cc1,0.309127062,2.287748303,-9.4,-7.9,5.70028,414.07712
N#Cc1ccc([C@H](Nc2ccc3c(c2)Cc2ccccc2-3)C(F)F)cc1,0.525910125,2.880409483,-9.2,-9.4,5.54778,346.128155
Cc1ccc(NC(=O)NCc2ccc(Cn3cnc4ccccc43)cc2)c2cccnc12,0.406428186,2.189402332,-9.8,-10.2,5.26292,421.1902604
Nc1c(Nc2cc3c(cc2O)OCCC3=O)ccc2cc(Br)ccc12,0.433403867,2.631391431,-9.1,-8.7,4.5989,398.0266044
O=C(/C=C/c1ccc2[nH]ccc2c1)Oc1cnc2nc(Br)ccc2c1,0.315877499,2.742735746,-8.9,-8.9,4.4924,393.0112887
O=C1Cc2ccc(Cl)cc2N1c1ncnc2[nH]c3ccccc3c12,0.572320353,2.599474782,-9.2,-9.1,3.9853,334.0621387
O=C(Nc1ccnc(-c2ccoc2)n1)C(=O)N(C(=O)Nc1ccc(O)cc1)c1ccccc1,0.323289899,2.73960979,-9.3,-7.8,3.646,443.1229686
O=C(Oc1cc(Br)cc2cc[nH]c(=O)c12)c1n[nH]c2ccc(Br)cc12,0.345714725,2.714827184,-9.5,-8.7,4.1486,460.9010653
O=Cc1cc(Nc2cccc(COCc3ccccc3)c2)cc(-c2cccnc2)c1,0.371253679,2.218661414,-8.3,-8.6,6.0215,394.1681279
CC(=O)N(C(=O)C(=O)Nc1ccc(-c2cccc(O)c2)cc1)c1ccc2c(c1)CCC2=O,0.619256979,2.576627896,-9.4,-9.1,3.7063,428.1372217
NCc1cc2ccc(N3C(=O)CCCc4cc(C(=O)CCl)ccc43)cc2cn1,0.534061965,2.616166391,-8.7,-8.5,4.116,393.1244046
c1ccc(Cc2ccc(Nc3cccc4[nH]ccc34)cc2)cc1,0.511131934,1.830169873,-8.4,-8.6,5.5023,298.1469986
O=C1c2cccc(Br)c2C(=O)N1c1ccc(C(O)c2ccccc2)cc1,0.656765615,2.553537342,-9.4,-8.8,4.3314,407.0157054
Brc1ccc(CN(Cc2ccccc2)c2cc(Br)c3cnccc3c2)cc1,0.305721971,2.276786721,-8.2,-8.2,6.9666,479.9836728
O=C(/C=C/c1ccc2occc2c1)Oc1cccc2[nH]c(=O)[nH]c12,0.344512209,2.623035002,-8.8,-8.6,3.2212,320.0797069
Fc1ccc2[nH]c(N3CCN(c4nccc5sccc45)CC3)cc2c1,0.585899837,2.572267037,-8.6,-8.2,4.2433,352.1157958
O=C(Oc1cc(-c2ccccc2)ccn1)c1ccc2cc(Cl)ccc2n1,0.472845414,2.146450745,-9.6,-9.1,5.1694,360.0665553
SC(c1ccccc1)c1ccc(Nc2nc(-c3ccc4c(c3)Cc3ccccc3-4)cs2)cc1,0.252740973,2.899053065,-10.1,-9.9,8.1441,462.1224407
Cc1ccc(C)c2c1C(=O)N(c1c(F)cc(F)c3ncccc13)C2=O,0.63181968,2.626536855,-9.1,-9.3,3.93044,338.0866841
O=[N+]([O-])c1cc(Br)c(Br)c(Nc2ccccc2-c2cccc(Cl)c2)c1,0.316435206,2.305460687,-8.4,-8,7.1838,479.8875795
Cc1cc(NC2CC[C@@H](O)[C@@H](O)CC2)c2cnccc2c1,0.742543472,3.303689762,-8.2,-8.7,2.61952,286.1681279
Cc1c(C(=O)Oc2cccc3[nH]c(C(=O)O)cc23)nnn1-c1ccc2ncccc2c1,0.341240152,2.576303012,-9.6,-9.1,3.52262,413.112404
Clc1cc2cn[nH]c2cc1N1CCC2CCCc3cccc1c32,0.668952691,3.127203477,-8.5,-8.2,5.178,323.1189253
N#Cc1ccc(O)c(OC(=O)c2cc3c(=O)[nH]c4ccccc4c3s2)c1,0.419270101,2.504774188,-9,-8.6,3.53928,362.0361278
Cc1c(C(=O)N2CC(=O)Nc3cc(Br)cnc32)nnn1-c1ccc2ncccc2c1,0.489288407,2.862187807,-9.8,-9.8,2.88032,463.0392348
Cn1c(C(=O)Oc2cccc3cnccc23)cc2ccccc2c1=O,0.41781231,2.278637775,-8.8,-8.3,3.3059,330.1004423
N#Cc1ccc(NC2(c3c(F)cccc3Br)CC2)c2ccncc12,0.685034305,2.873538686,-8.2,-8.4,5.10928,381.0276877
O=C(c1ccc(I)cc1)c1cccc(NCc2ccc3ncsc3c2)c1,0.298746089,2.231726655,-9,-8.3,5.744,469.9949821
COc1cc(=O)[nH]c2cc(OC(=O)c3c(C)c(=O)[nH]c4ccccc34)ccc12,0.422876258,2.419121469,-9.6,-9.1,2.90582,376.1059216
O=c1cc(CNS(=O)(=O)Cc2ccc3ncccc3c2)c2c(ccc3ccccc32)o1,0.334749578,2.426160627,-8.5,-8.7,4.114,430.0987281
CS(=O)(=O)c1ccc(N(N)c2ccc(-c3ccc(C=O)cc3)cc2)cc1,0.424012838,2.287293557,-8.2,-8.6,3.5814,366.1038134
CS(=O)(=O)c1ccc(NNc2ccc(-c3ccc(C=O)cc3)cc2)cc1,0.509225513,2.050893523,-8.5,-8.1,4.0086,366.1038134
O=C(Nc1cccc2[nH]c(=O)oc12)C(=O)N(Cc1ccccc1)c1ncnc2[nH]cnc12,0.369600744,3.014298715,-10.6,-8.5,1.9593,429.118552
Nc1ccc2nccnc2c1Nc1cc(Cc2ccccc2)ccc1O,0.381265316,2.354718761,-8.9,-8.6,4.252,342.1480612
O=C(CCc1c(-c2ccccc2)[nH]c2ccc(Br)cc12)Nc1cc([N+](=O)[O-])ccc1Nc1ccccc1,0.134269776,2.38219105,-9.7,-9,7.8205,554.0953527
N[C@@H]1CCCCC[C@@H]1NC(=O)Nc1c[nH]c2ccccc12,0.640045071,2.924317943,-8,-7.8,2.9494,286.1793613
N[C@@H]1CCCCC[C@@H]1NC(=O)C(=O)Nc1c[nH]c2ccccc12,0.502798113,3.017097175,-8.3,-8.2,1.8826,314.1742759
O=Cc1c(C(=O)N2C(=O)CCCc3ccc(Br)cc32)[nH]c2ccc(Cl)cc12,0.450129482,2.738359768,-9.2,-8.6,4.906,443.9876321
Fc1c(NCc2nc3cccnc3[nH]2)ccc2ccccc12,0.602566613,2.350495665,-8.8,-8.6,3.8623,292.1124246
c1ccc(-c2ccc3c(c2)CCCN3Cc2nsc3ccccc23)cc1,0.453082551,2.268808188,-9.6,-8.7,5.9161,356.1347196
O=C(Oc1ccc2c(c1)oc1ccccc12)c1ccc2cc(F)ccc2n1,0.309479862,2.164795874,-10,-9.2,5.4925,357.0801215
O=C(Oc1cccc2c(Cl)ccnc12)C1NCCc2c1[nH]c1ccccc21,0.40632935,3.081156589,-9.4,-9.3,4.1619,377.0931044
O=C(CCl)c1ccc(F)c(Nc2ccc(Cn3cnc4ccccc43)cc2)c1,0.352704967,2.190898143,-8.9,-8.5,5.3888,393.1044181
CS(=O)(=O)c1ccc(C(=O)CNCc2ccc(-c3ccc4c(c3)CCCO4)cc2)cc1,0.566965115,2.234480367,-8.9,-8.2,4.0546,435.1504293
CC#Cc1ccc2cc(NCCCCCCCCN)ccc2c1,0.509372027,2.304525536,-6.3,-6.9,4.9224,308.2252489
NN(c1cc2ccncc2cc1Br)c1cccc(Br)c1F,0.481627978,2.883032669,-8,-7.5,4.9107,408.9225497
Brc1csc2c(NCc3cc4cnccc4[nH]3)cccc12,0.531614306,2.7678064,-7.6,-7.7,5.1522,356.9935305
O=Cc1cccc(NCc2ccc(-c3cccnc3)cc2)c1Br,0.650085814,2.169938854,-8,-8,4.9357,366.0367752
O=Cc1cccc(Cl)c1NCc1ccc(-c2cccnc2)cc1,0.684224755,2.101914974,-7.9,-7.8,4.8266,322.0872908
CS(=O)(=O)c1ccc(NCc2ccc3cnccc3c2)c(N)c1,0.719801617,2.165406282,-8.1,-8.3,2.8326,327.1041478
Cc1ccc(N(C(=O)Nc2nc(-c3ccc4c(c3)Cc3ccccc3-4)cs2)c2ncccc2N)cc1,0.278187907,2.690434033,-10.5,-9.9,7.03712,489.1623314
O=c1[nH]cnc2c(Cl)c(NCc3ccc(Cl)cc3Oc3ccc(F)c(Cl)c3)ccc12,0.357196161,2.602152947,-8.6,-8.7,6.4268,463.0057379
Cc1cncc2cccc(S(=O)(=O)Nc3ccc(Cl)c4cccnc34)c12,0.563116887,2.425160674,-9.3,-8.6,4.54562,383.0495254
C#Cc1cccc(N(N)c2cccc(-n3cnc4ccccc43)n2)c1,0.356139924,2.785213091,-9.5,-8.3,3.4136,325.1327455
O=S(=O)(Nc1cc(Cl)cc2c3c([nH]c12)CCNC3)c1ccccc1-c1ccc(CO)cc1,0.349079075,2.641873281,-9.3,-8.8,4.4271,467.1070402
O=C(c1cccc(F)c1)c1cccc(Nc2nn(CC(F)F)c3ccccc23)c1,0.443913791,2.374154449,-9.4,-9,5.4151,395.1245468
O=S(=O)(Nc1cccc2cccc(Cl)c12)c1cccc2cnccc12,0.56239053,2.185526236,-9.1,-8.7,4.8422,368.0386263
N#Cc1ccc2cccc(Nc3ccc(-c4cccc(O)c4)cc3)c2n1,0.537410455,2.188233336,-9.1,-9.2,5.22268,337.1215121
N#Cc1cccc(Nc2cccc(Nc3cccc4[nH]c(=O)ccc34)c2)c1,0.488512001,2.180655855,-9.1,-8.7,4.88698,352.1324111
O=C(Oc1cc2cn[nH]c2s1)c1ccc2c(=O)ccoc2c1,0.575148746,3.026003646,-8.6,-8.3,2.95,312.0204777
CCC(=O)c1ccc2c(c1)N(c1cccc3[nH]ncc13)c1ccccc1S2,0.389907352,2.536915641,-8.8,-8.5,6.09,371.1092332
O=S(=O)(Nc1cnc2c(F)cccc2c1)c1ccc2cnccc2c1,0.609185414,2.259201236,-9.2,-8.6,3.7229,353.0634258
COc1cc2c(cc1Nc1c[nH]nc1-c1nccs1)oc1ccccc12,0.460318884,2.831091827,-8.7,-8.7,5.1848,362.0837467
Nc1ccncc1CNc1cc(C=O)cc(-c2cccnc2)c1,0.707683195,2.463229325,-8.3,-8.3,3.1504,304.1324111
N#Cc1ccc2c(c1)N(c1ccc3cc(CCl)c(=O)[nH]c3c1)C(=O)C2,0.720524783,2.68526077,-9.6,-8.9,3.35938,349.0618043
C1=C(c2cccc(N3CCCC(c4c[nH]c5ncccc45)C3)c2)CCNC1,0.732610683,3.141256383,-9.9,-9.4,4.3236,358.2157468
NCCN(c1ccc2ccccc2c1)c1cccc2cnccc12,0.603596309,2.287500626,-7.9,-8.3,4.4848,313.1578976
O=C(O)/C=C/c1cccc(Nc2nc(-c3cccc4ccccc34)cs2)c1F,0.413827931,2.33984857,-8.9,-9.3,5.9438,390.0838269
O=C(Cn1c(=O)[nH]c(=O)c2ccccc21)Oc1cnc(Cl)nc1-c1c[nH]c2ccccc12,0.322378359,2.69128599,-9,-9.5,2.8871,447.0734316
c1cnc(NCCCNc2ccc3cn[nH]c3n2)nc1,0.589461781,2.587598103,-6.7,-6.6,1.662,269.1388935
Oc1ccnc2cc(Nc3cc(Cl)c4ccc(Cl)nc4c3)ccc12,0.46321352,2.433686985,-9,-9,5.539,355.0279173
O=C(Oc1ccc2ccncc2c1Br)c1ccc(F)c2ccncc12,0.356615016,2.485564698,-8.7,-8.6,4.9038,395.9909679
O=C(Oc1cc(Br)c2c(=O)[nH]ccc2c1)c1cc2ccc(F)cc2[nH]c1=O,0.377123578,2.641684464,-9.8,-9.6,3.4904,427.9807971
Nc1c(Br)cc(Nc2ccc([N+](=O)[O-])cc2C(=O)c2ccccc2)c2occc12,0.174965973,2.612499631,-9,-8.7,5.6603,451.016768
Cc1ccc2cnccc2c1Nc1cc(F)cc(OC(F)F)c1,0.732583013,2.395946874,-8.2,-8.4,5.02732,318.0979977
Clc1ccnc2ccc(Nc3cccc(Cc4ccccc4)c3)cc12,0.474839871,1.936928783,-9.1,-8.9,6.2226,344.1080262
O=C(NS(=O)(=O)c1ccc2c(c1)NCC2)N(Cc1ccccc1)c1ccc2[nH]c(=O)[nH]c2c1,0.361938324,2.723150357,-10.6,-9.2,2.9293,463.1314252
Nc1cccc(Br)c1NC(=O)Nc1cc(CCc2ccccc2)ccn1,0.525102299,2.190367951,-8.8,-8.7,4.8555,410.0742233
Nc1c(Br)cccc1NC(=O)C(=O)Nc1cc(CCc2ccccc2)ccn1,0.416409552,2.276489083,-8.9,-8.9,3.7887,438.0691379
O=C(Oc1ccc2cn[nH]c2c1)C1CCc2ccccc2CC1,0.446389683,2.26750923,-8.6,-8.9,3.6635,306.1368278
O=C(NCCc1cnc2c(Cl)cnn2c1)c1ccc(-n2cnc3ccccc32)cc1,0.473673801,2.497656375,-9.1,-8.9,3.6941,416.1152368
NCCc1cnc2c(OC(=O)c3ccc(-n4cnc5ccccc54)cc3)cnn2c1,0.457071869,2.608680501,-8.7,-8.4,2.7886,398.1491238
Clc1ccc(Oc2ccc(Br)cc2Nc2ccc3sncc3c2)cc1,0.369354151,2.368504555,-8.5,-7.2,7.2481,429.9542238
O=c1cc(CN(Cc2ccccc2)c2ccc(F)cc2)c2c(ccc3ccccc32)o1,0.252555743,2.200703873,-8.6,-8.6,6.2921,409.1478071
O=Cc1ccc(Oc2ccccc2)cc1N1CC=C(c2ncc(Cl)cn2)CC1,0.570839854,2.641302479,-8.7,-8.4,5.0285,391.1087545
N#Cc1cc2cc(OC(=O)c3cc4ccccc4[nH]c3=O)ccc2[nH]1,0.435871238,2.516839698,-9.4,-8.4,3.10028,329.0800412
NN(C(=O)c1ccc2ccccc2c1)c1c(I)ccc2ccccc12,0.204526243,2.347728159,-9.1,-9.2,5.1181,438.0229111
O=C(NNc1cccc2cnccc12)C(=O)Nc1c(O)ccc2[nH]ccc12,0.218191436,2.602896968,-9.2,-9.1,2.5035,361.1174893
Nc1cccc2c(C(=O)NC(=O)Nc3cccc4ccccc34)cccc12,0.461687681,1.97993898,-9.8,-9.8,4.5371,355.1320768
Cc1cc(N[C@@H]2CCCCC[C@@H]2N)c2cnccc2c1,0.818748747,3.039785543,-7.9,-7.6,3.61512,269.1891977
O=S(=O)(c1ccc2cc(Cl)ccc2c1)N1CCc2[nH]c3c(Br)cccc3c2C1,0.417023357,2.436289275,-10.3,-9.7,5.484,473.9804385
Fc1cc(N2CC(Oc3ccc4cccnc4c3)C2)c2cnccc2c1,0.558005168,2.471485562,-9.2,-8.7,4.1897,345.1277404
Nc1c(Nc2ccc(Oc3ccc(S(=O)(=O)Cl)cc3)cc2)ccc2ncccc12,0.3334032,2.207141474,-9,-8.9,5.2804,425.0600901
O=C(NC(=S)c1coc2ccccc12)C(=O)Nc1ccncc1-c1ccncc1,0.403060564,2.7217369,-8.8,-8.1,3.3202,402.0786613
O=C(Nc1nccc(-c2ccccc2)n1)NS(=O)(=O)c1ccc2[nH]c(=O)sc2c1,0.458229503,2.47790051,-9.4,-8.9,2.557,427.0408959
Cc1c[nH]c2nccc(NC(=S)c3ccc(C#N)cc3)c12,0.709171896,2.615231313,-7.8,-8,3.5306,292.0782674
O=C(/C=C/c1ccc2[nH]ccc2c1)Oc1cccc2c(=O)[nH]cnc12,0.343054097,2.604968412,-9.1,-8.6,3.0232,331.0956913
CN(c1ccc2cnccc2c1)c1ccc(C#N)cc1CBr,0.637746026,2.594312368,-8,-8.4,4.76928,351.0371095
O=C(Nc1ccc2c(c1)Cc1ccccc1-2)[C@@H]1C[C@H]1c1ccc([N+](=O)[O-])cc1,0.40978586,2.884806205,-9.6,-9.3,4.9082,370.1317424
O=C(Cc1ccc2oc3ccccc3c2c1)Oc1cccc2cc[nH]c12,0.361668392,2.342721797,-9.5,-8.8,5.2154,341.1051933
O=C(Nc1ccc2c(c1)CCC(=O)N2CC1CCCC1)N1CCc2[nH]c3ccc(Cl)cc3c2C1,0.495181651,2.648746127,-10.7,-9.9,5.8809,476.1979038
C#Cc1ccc2c(NC(=O)C(=O)NS(=O)(=O)c3ccc4nc[nH]c(=O)c4c3)n[nH]c2c1,0.263234188,2.981796542,-10.5,-9.5,0.2243,436.0589885
O=C(Nc1ccc(Oc2cccc3cccnc23)cc1)Nc1ccnc(-c2ccc(Br)cc2)n1,0.267772338,2.283687554,-10.1,-10.2,6.8906,511.0643869
O=C(Oc1cnc(Br)c2[nH]ccc12)c1ccccc1-n1cnc2ccccc21,0.325166443,2.737442066,-9.4,-8.8,4.8835,432.0221878
Cc1n[nH]c2ccc(C(=O)Oc3cc(F)cc(CC#N)c3)cc12,0.594508134,2.518985927,-8.6,-8.4,3.2957,309.0913548
CC1CCc2nc(C(=O)Oc3cccc(-c4cn[nH]c4)c3)ccc2C1,0.58435565,3.013683917,-9.4,-8.6,3.8157,333.1477268
c1ccc(-c2nc3cc(Nc4ccc5c(c4)OCC5)ccc3[nH]2)nc1,0.58831527,2.355334928,-9,-9,4.3034,328.1324111
CN(c1cccc2cnc(Cl)nc12)C1CCN(c2ncnc3ccccc23)CC1,0.473489554,2.615276867,-9.3,-8.7,4.3316,404.1516224
Cc1n[nH]c2c(C(=O)Oc3cc4[nH]ncc4nc3Br)cccc12,0.416352982,3.125730682,-8.7,-7.8,3.12432,371.0017867
O=Cc1ccc(-c2ccc(N3CCC(c4c[nH]c5ccccc45)CC3)cc2)cc1,0.43875883,2.144226281,-9.3,-9,6.0314,380.1888634
Cc1cnc2c(N3C(=O)CCc4cc(C(C)N)ccc43)cnn2c1,0.787047159,3.257283612,-8.2,-8.2,2.66832,321.1589602
CS(=O)(=O)c1ccc2c(c1)N(c1cc3c(nn1)-c1ccccc1CCC3)CCO2,0.646745929,2.620401185,-9.8,-10,3.5663,407.1303625
O=c1cc(C(F)(F)NCc2cccc3[nH]nnc23)c2ccc(O)cc2o1,0.382656275,3.155824084,-9.6,-9.1,2.609,358.0877467
Cc1sc2ncnc(Nc3cc(Oc4cc(Cl)ccc4C=O)ccc3F)c2c1C,0.37063906,2.539783683,-9.6,-8.6,6.44904,427.0557536
Nc1n[nH]c2ccc(C(F)(F)NNc3cccnc3F)cc12,0.33725236,3.196657352,-8.3,-8.4,2.3452,308.099729
O=C1c2cc(Cl)ccc2S(=O)(=O)N1c1ccc2[nH]ccc2c1,0.743720798,2.595466285,-8.5,-8.2,3.1704,332.0022408
CC(=O)c1ccc2c(c1)CC(=O)N2C(=O)C(=O)Nc1n[nH]c2ccc(Br)cc12,0.469173126,2.786573225,-9.7,-8.9,2.5824,440.012017
Cc1ccc2[nH]c3c(c2c1)CN(c1ccc(CBr)c2ncccc12)CC3,0.447166764,2.562733538,-9.4,-9.2,5.48212,405.0840597
COC(=O)c1ccc(N2CCCC2c2cnc3ccccc3c2)c2ncccc12,0.470557176,2.825768535,-9.6,-8.5,4.9111,383.1633769
NN(Cc1ccc2ccccc2c1)c1cncc2sccc12,0.452320937,2.552568564,-8.8,-8.1,4.3298,305.0986685
O=C(CNc1nnc(-c2cccc(Cl)c2)o1)c1c[nH]c2ncccc12,0.532352303,2.553043438,-8.9,-8.3,3.5611,353.0679523
COc1cc2c3c([nH]c2cc1Cl)CCN(c1cccc2sncc12)C3,0.540083404,2.769883691,-8.5,-8.4,5.0023,369.0702608
CCc1ccc(-c2csc(NC(=O)Nc3ccc4c(c3)CCC(=O)N4Cc3ccc(Cl)cc3)n2)cc1,0.285553026,2.332855778,-10,-9.4,7.1493,516.1386747
O=C(OS(=O)(=O)c1ccc2cnccc2c1)c1ncnc2[nH]ccc12,0.559853269,2.865043544,-8.4,-8.5,2.0518,354.0422758
O=C(Oc1cc(Br)cc2ccncc12)c1cc(=O)[nH]c2ccc([N+](=O)[O-])cc12,0.223209141,2.570978723,-9.1,-8.9,3.9662,438.9803825
CCCCCc1ccc(C(=O)CCC(=O)OC(F)(F)c2ccc3c(N)n[nH]c3n2)cc1,0.277743777,2.806109539,-7.9,-7.7,4.5284,430.1816471
CN(c1ccc(-n2c(=S)[nH]c3ccccc3c2=O)cc1)c1cccc2c1CCCN2,0.454024106,2.634704271,-9.6,-9.5,5.17429,414.1514323
O=[N+]([O-])c1cc2cn[nH]c2cc1N1CCN(c2cccc3c2OCCO3)CC1,0.550031745,2.635314862,-8.6,-8.6,2.5689,381.1437041
O=C(CN1Cc2ccccc2-c2ccccc2C1)c1c[nH]c2ccccc12,0.524829258,2.145880385,-10.3,-9.9,5.0334,352.1575633
COC(=O)c1cc2[nH]ncc2cc1NC(=O)C(=O)Nc1nc(-c2ccc(C(C)(C)C)cc2)cs1,0.296362979,2.589919878,-9.3,-8.7,4.3477,477.1470752
N#Cc1ccc(N2CCN(c3ccc(Nc4cccc5cn[nH]c45)cc3)CC2)nc1,0.545236986,2.426345943,-8.8,-9.3,3.89978,395.1858437
O=S(=O)(c1ccc2c(c1)Cc1ccccc1-2)N1CCc2ccc(O)cc2CC1,0.566139416,2.247817801,-10.4,-9.8,3.7529,391.1242145
Nc1cccc(Br)c1Nc1nccc2cnccc12,0.707558297,2.409911601,-7.3,-7.5,3.7181,314.0167085
N#Cc1ccc(NC(=O)C(=O)N2CCc3ccc(N=[N+]=[N-])cc32)cc1-c1ccncc1,0.301509577,2.890884516,-9.6,-9.3,4.08988,409.1287227
O=C(NCc1cccc2c(O)cccc12)NC(CF)c1cccc2ccccc12,0.439549985,2.769592168,-9.3,-8.9,5.2086,388.1587061
N#Cc1cccc2c1N(C(=O)C(=O)Nc1c[nH]nc1-c1nccs1)C(=O)C2,0.648979477,3.410473015,-9.2,-8.6,1.45928,378.0535092
Cc1ccc2c(c1)CNCCN2C(=O)C(=O)NCc1cccc2[nH]ncc12,0.603768753,2.673526554,-8.6,-8.9,1.62392,363.1695249
Cc1cccc(-c2cc(NCc3ccc4cccnc4c3)ccc2N)c1,0.489148987,2.071444672,-8.9,-8.9,5.40452,339.1735477
Oc1ccnc2cc(OC(F)(F)Nc3ccc4nscc4c3)ccc12,0.411981889,3.151755082,-8.5,-8.6,4.5913,359.054004
Cc1c(OC(=O)c2cccc3c2oc2ccccc23)sc2ncnc(Cl)c12,0.28058882,2.694705843,-9,-9.6,5.77172,394.0178909
CC(C)(C)OC(=O)N(c1ccc2cn[nH]c2c1)c1cc2ccccc2nc1Cl,0.433480027,2.70698476,-8.4,-7.6,5.8377,394.1196535
O=[N+]([O-])c1ccc2c(c1)CCN2c1cc(I)cc2ccccc12,0.333948261,2.364871941,-8.8,-7.9,5.0468,416.0021757
N#Cc1ccc2cc(C(=O)Oc3ccc4[nH]ccc4c3)ccc2c1,0.440152127,2.181858958,-9.1,-8.8,4.41198,312.0898776
CC1CCc2c(sc3nc(S)n(-c4ccc(Nc5ccc(Br)c6ncccc56)cc4)c(=O)c23)C1,0.189646465,3.277053237,-9.9,-9.6,6.915,548.0340154
O=S(=O)(Nc1c(Cl)ccc2cnccc12)c1ccc2cnccc2c1,0.585983406,2.328853159,-8.8,-8.6,4.2372,369.0338753
Fc1cc(Br)c2[nH]ccc2c1Nc1nc(-c2cc3cc(Cl)ccc3o2)cs1,0.294865262,2.841166199,-9.1,-8.5,7.3362,460.9400509
O=C(Nc1ccc(Oc2nncc3ccccc23)cc1)C(=O)N1CCNc2ccccc2C1=O,0.45685685,2.647848225,-11.6,-9.6,3.4551,453.1437041
O=C1CCc2cc(Nc3cccc4cnccc34)c(Br)cc21,0.714739484,2.414529367,-8.5,-8.8,4.8698,352.0211251
N#Cc1cccc(Oc2ccc(Nc3cnc4cc([N+](=O)[O-])ccc4n3)cc2)c1,0.38307408,2.305430856,-8.9,-8.8,4.94558,383.1018393
Fc1cccc2c(Nc3nc4c(ccc5ccccc54)s3)cccc12,0.395991527,2.110149781,-10.1,-9.2,6.4854,344.0783476
N#Cc1ccc(-c2ccc3c(c2)N(C(F)(F)C(=O)c2ccc([N+](=O)[O-])cc2)CCO3)cc1,0.247025683,2.748367896,-9.6,-9,4.80798,435.1030624
CS(=O)(=O)c1ccc(C(=O)NNC(=O)C(=O)Nc2cccc3c(O)cccc23)cc1,0.36719808,2.173564302,-9.1,-8.4,1.3486,427.0838063
O=C(O)CCCc1ccc2c(c1)CC(=O)N2c1ccc2c(Cl)ccnc2c1,0.706199254,2.417299189,-8.9,-8.5,4.5163,380.0927701
O=C(O)CCCc1ccc2c(c1)CC(=O)N2c1ccnc2cc(Cl)ccc12,0.706199254,2.38260828,-8.8,-8.2,4.5163,380.0927701
O=C(NNc1cccc2ccncc12)C(=O)NNc1cccc2ccncc12,0.323558327,2.583016926,-9.5,-9,2.3694,372.1334738
Oc1ccnc2c(OC(F)(F)NCc3ccc4cc[nH]c4n3)cccc12,0.376330605,3.105650413,-7.6,-8.6,3.5356,356.1084821
Cc1cc2[nH]ncc2cc1Nc1c(Cl)ccc(C=O)c1O,0.507897844,2.716536189,-7.5,-7.3,3.78642,301.0618043
O=Cc1c(C(=O)O)[nH]c2ccc(NS(=O)(=O)c3ccc(CC(F)(F)F)cc3)cc12,0.521180997,2.559809031,-8.7,-8.2,3.5842,426.0497272
N#Cc1cc(NC(=O)N2CCCC2c2cnc3ccccc3c2)ncc1Cl,0.711130076,2.984818974,-9.6,-8.3,4.52388,377.1043378
COc1cc(NCC(=O)N2CC=C(c3c[nH]c4ccccc34)CC2)c2ncccc2c1,0.508021033,2.560798209,-9.8,-9.4,4.4525,412.189926
O=C1CCN(C(=O)NS(=O)(=O)c2cccc3ccccc23)C(=O)c2[nH]ccc21,0.688186981,2.686157691,-10.3,-9.1,2.295,397.0732416
CCS(=O)(=O)c1ccc(C(=O)Oc2cc(-c3ncc[nH]3)ccn2)c(N)c1,0.518021541,2.708687024,-8.6,-7.7,2.0667,372.089226
N#Cc1ccc(C(=O)Nc2cccc3[nH]ncc23)nc1,0.739611968,2.250866724,-7.8,-7.9,2.08188,263.0807099
N#Cc1ccc2c(c1)CCN2c1ccc(C#N)c2cnccc12,0.686959042,2.567647925,-8.9,-8.7,3.67236,296.1061964
O=S(=O)(Nc1ccc(C2=CCCCC2)cn1)c1ccc2c(c1)Cc1ccccc1-2,0.496378055,2.464772433,-9.9,-9.7,5.411,402.1401989
O=C([O-])c1ccc2c(c1)N(C(=O)/C=C/c1cccc(O)c1)C(=O)C2,0.846206415,2.939330163,-8.8,-8.3,0.8848,322.0720961
O=C(Oc1cccc2nc(Br)cnc12)c1n[nH]c2c1COc1ccccc1-2,0.388756647,2.860130441,-9.5,-9.1,3.894,422.0014523
Cc1ccc(C)c2c1C(=O)N(c1cc3c(cc1N)C(=O)CC3)C2=O,0.646970633,2.723747489,-9,-8.8,2.81514,320.1160924
Nc1c(C(=O)Oc2ccc3c(c2)Cc2ccccc2-3)cnc2ccnn12,0.393644415,2.520389813,-9.6,-9.1,3.1019,342.1116757
Clc1cccc(-c2cc(N3CCc4cc(OCc5ccccc5)ccc4C3)ncn2)c1,0.394821642,2.224277115,-9.9,-9.3,5.9387,427.14514
O=C(NCc1ccc2[nH]c(=O)[nH]c2c1)N1CCc2ccccc2-c2ccccc21,0.49140524,2.34427017,-10.2,-10,3.7955,384.1586259
Cc1c([N+](=O)[O-])cc(N2C(=O)CCCc3c(Br)cccc32)c2ccccc12,0.384010103,2.579012399,-8.8,-9.6,5.81992,424.0422545
N#Cc1cc(OC(=O)c2cc(F)cc3ccncc23)c2cc[nH]c2c1,0.44550267,2.635720467,-8.9,-9,3.94608,331.0757048
N#Cc1ccc(N2CCc3ccc(C(=O)O)cc32)c2ccncc12,0.782895007,2.471952536,-9,-8.8,3.49888,315.1007767
NC(=O)c1ccc2c(c1)CCCN2c1ccc2cc(C=O)c(Cl)nc2c1,0.564062057,2.49110766,-9.3,-9.1,3.8839,365.0931044
NN(c1ccc2ccc(C=O)cc2c1)c1ncc(I)cn1,0.32223705,2.91670362,-8,-7.5,3.0587,389.997759
N#Cc1ccc(OCCNc2ccc3cn[nH]c3n2)nc1,0.690150103,2.674798211,-7,-6.5,1.71548,280.107259
Cc1cc2cc(CNc3ccc(C4=CCC(=O)CC4)cc3)ccc2[nH]1,0.68820995,2.503827,-9,-9.2,5.22482,330.1732133
Oc1ccnc2ccc(OC(F)(F)NCc3ccc4cc[nH]c4c3)cc12,0.371677366,2.873382105,-7.9,-7.8,4.1406,355.1132332
N#Cc1ccc(C(O)CNc2n[nH]c3cc(O)ccc23)cc1,0.590612068,2.876969285,-7.8,-7.2,2.28568,294.1116757
Cc1c(NC(=O)C(=O)NCCNc2ncccn2)cnc2[nH]ccc12,0.402976876,2.654393544,-7.6,-8.1,0.82812,339.1443728
Cc1c(NC(=O)C(=O)N(CCN)c2ncccn2)cnc2[nH]ccc12,0.596543544,3.054432385,-7.8,-7.2,0.59172,339.1443728
Nc1noc2cc(CNC(=O)C(=O)N3CCN(c4nccc5sccc45)CC3)ccc12,0.471657711,2.732532934,-9.2,-8.5,1.9847,436.1317595
Cc1cccc2c1CC(NC(F)(F)c1ccc3c(Cl)ccnc3c1)CO2,0.666019214,3.363647737,-9.4,-8.9,4.83922,374.0997473
O=C1C(=O)N(C(=O)Nc2ccc3c(c2)CCC(=O)N3CC2CCC2)c2c(Cl)cccc21,0.729517255,2.690982749,-9.4,-9.5,4.1807,437.1142338
O=Cc1c(C(=O)O)[nH]c2ccc(NN3C(=O)c4cccc5cccc(c45)C3=O)cc12,0.35713406,2.690471861,-9.4,-10.1,3.4549,399.0855205
O=C(NC[C@H]1CCc2nccn21)Nc1cc2c(cc1F)CCNC2=O,0.791205041,3.401186999,-8.8,-8.3,1.6171,343.144453
O=C(O)c1ccc2c(c1)C(=O)N(c1ccc3cnc(Cl)nc3c1)c1ccccc1O2,0.457801882,2.472120723,-9.9,-9.5,5.0656,417.0516335
Cc1ccc2c(n1)N(c1ccc3cn[nH]c3c1)CC(=O)N2,0.716819334,2.644775525,-8.1,-7.9,2.35652,279.11201
Nc1nccc2ccc(N3CCOc4cc(Br)c(Cl)cc43)cc12,0.650470061,2.543506207,-9,-8,4.7634,388.9930518
Nc1ccc2nccnc2c1C(=O)OS(=O)(=O)c1cccc2ccncc12,0.423851601,2.828066022,-9.5,-8.3,2.3059,380.0579259
CN(c1cccc(-c2cc(Cl)ncn2)c1)c1ccc(C#N)cc1F,0.656031689,2.493339591,-8.4,-8.5,4.57568,338.0734523
N#Cc1ccc(F)c(NNc2cccc3ccncc23)c1,0.717309231,2.383723318,-8.2,-7.9,3.68458,278.0967746
O=S(=O)(Nc1ncnc2[nH]ccc12)c1cccc(Oc2ccccc2)c1,0.56289352,2.23282706,-9.2,-8.1,3.551,366.0786613
O=C(NNCc1cccc2cccnc12)Nc1c2c(cc3c1CCC3=O)CCC2,0.597534045,2.811584379,-9.8,-9.6,3.6787,386.1742759
O=C(c1ccc(F)cc1)c1ccc(Nc2cccc(C#Cc3cccs3)c2)cc1Cl,0.280578927,2.359108515,-9.7,-8.8,6.915,431.054691
O=[N+]([O-])c1ccc2c(c1)CCCCN2c1cc2cccc(Cl)c2cn1,0.46477832,2.375058928,-9.7,-8.9,5.2708,353.0931044
Nc1ccc(C(=O)N(CC(=O)c2ccc3ccccc3c2)c2ccc3cn[nH]c3c2)cc1,0.314691615,2.418754795,-10.3,-9.6,4.828,420.1586259
O=C(Oc1cc2ccc(Cl)cc2cn1)c1nccc2cccnc12,0.516946637,2.533630386,-9.1,-8.3,4.0506,335.0461542
CS(=O)(=O)c1ccc(OCC(=O)Oc2cc3[nH]ncc3cc2Cl)cc1,0.539298137,2.327205082,-7.5,-7.5,2.6042,380.0233702
O=C(Oc1cnn2cc(CCO)cnc12)c1nccc2c1[nH]c1ccccc12,0.469084671,2.830844505,-9.6,-8.7,2.5128,373.1174893
Cc1cc(CCNc2cc(-c3cccnc3)ccc2O)[nH]n1,0.632001375,2.523909655,-7.5,-8.6,3.14032,294.1480612
O=C(Nc1ccc2c(c1)CCC(=O)N2CC1CC1)Nc1ccc(Cl)cc1-c1cccc(Cl)c1,0.413416403,2.375655775,-10,-8.5,6.9936,479.1167323
O=C1CCc2ccc(O)cc2N1c1cc(S(=O)(=O)F)c2ncccc2c1,0.698136094,2.698302408,-8.7,-8.3,3.2095,372.0580061
O=C1CNc2ncc(Br)cc2N1c1ccc(F)c2[nH]c(=O)ccc12,0.67116223,2.926595926,-9.4,-9.2,2.9149,387.9971159
Cc1nccc2c(S(=O)(=O)Nc3ccc4c(I)ccnc4c3)cccc12,0.443432328,2.437930945,-9.2,-8.3,4.49682,474.9851457
N#Cc1ccc(Nc2ccc(NCCNc3ccc4ccccc4c3)cc2)cc1,0.346304881,2.029043991,-8.1,-7.8,5.97908,378.1844467
O=C(OS(=O)(=O)c1ccc2[nH]nnc2c1)c1cncc2c(F)cccc12,0.548175712,2.966169198,-8.7,-8.7,2.1909,372.032854
COc1ccc2[nH]cc(C3=CCN(c4cc(Cl)c5occc5c4N)CC3)c2c1,0.453852358,2.896260536,-9.1,-8.7,5.452,393.1244046
O=C(Oc1cc(O)cc(-c2cccnc2)c1)c1cc(F)cc2ccncc12,0.434055746,2.43006679,-9.6,-8.7,4.3607,360.0910205
O=C1CC(=O)N(c2ccc(NCc3ccc(-c4ccc5c(c4)CCO5)cc3)cc2)C(=S)N1,0.460149446,2.493937921,-9.8,-9.2,4.0384,443.1303625
N#Cc1cc(NC(=NO)c2cccc3ccccc23)c2ccccc2c1,0.230990372,2.378854793,-10.6,-9.3,5.11258,337.1215121
CC1COc2c(F)c(F)cc3c(=O)c(C(=O)OCC(=O)c4cccc(C#N)c4)cn1c23,0.471446696,3.184098367,-9.9,-8.7,3.14448,424.087078
O=C(Oc1ccc2c(c1F)CCNC2)c1ccc2c(c1)oc1ccccc12,0.419073002,2.469087013,-8.8,-9.2,4.59,361.1114216
O=C(/C=C/c1ccc2[nH]ccc2c1)Oc1ccc(-c2ccncc2)cn1,0.44512051,2.46624927,-8.8,-8.1,4.2437,341.1164267
O=C(Oc1ccc2c(c1)Cc1ccccc1-2)C1CCCCc2ccccc21,0.263166897,2.672304225,-9.5,-9.5,5.6734,354.1619799
O=C(c1ccc(N2CCCc3cnccc32)cc1)c1ccc(Cl)cc1Cl,0.543921734,2.200706413,-9,-8.4,5.7037,382.0639685
O=C(O)c1c(N2CCc3ccc(S(=O)(=O)F)cc32)ccc2ccncc12,0.710110008,2.708613051,-8.6,-8.2,3.2854,372.0580061
O=c1[nH]c2cccc(Nc3cscc3C(F)F)c2[nH]1,0.686623568,3.057328431,-7.2,-7.3,3.5989,281.0434393
O=Cc1cccc(Oc2cccc(Nc3ccnc(C4CCCN4)n3)c2)c1,0.640178677,2.981703456,-8.9,-8.4,4.2495,360.1586259
O=C(Nc1nccc2cc([N+](=O)[O-])ccc12)C(=O)N1CCc2cn[nH]c2C1,0.399762156,2.84595813,-9.4,-8.6,1.3895,366.1076529
Cc1sc(Nc2ccc(-c3cncs3)cc2)nc1-c1cccc([N+](=O)[O-])c1,0.336875008,2.473476258,-8.5,-8.3,5.89382,394.0558177
O=C(c1c[nH]c2cc([N+](=O)[O-])ccc12)N1CCCc2c1cccc2C(F)(F)F,0.510196597,2.562659616,-9.4,-9.4,4.6879,389.098726
NN(C(=O)c1ccc(F)c2cnccc12)c1cccc2ncccc12,0.346637097,2.525318544,-8.6,-8.8,3.4426,332.1073393
Cc1cccc(-c2ccc(CNc3ccc(F)c(C4(N)CCC4)c3)cc2)c1,0.607722009,2.179033854,-9.1,-8.8,5.75112,360.200177
O=C1c2ccccc2C(=O)c2cc(NS(=O)(=O)c3ccc([N+](=O)[O-])cc3)ccc21,0.408575361,2.084675178,-10.1,-8.9,3.171,408.0416071
O=C(CCl)c1ccc2c(c1)CCCC(=O)N2c1cc(-c2ccccc2)ccc1O,0.461414653,2.349057878,-9.5,-9.4,5.4817,405.1131712
O=[N+]([O-])c1ccc(CN(Cc2ccccc2)c2ncnc3[nH]cnc23)c2ncccc12,0.331514487,2.757650956,-8.1,-7.7,4.0161,411.1443728
O=C(c1ccc(-n2cnc3ccccc3c2=O)cc1)N1CCN(c2cc3ccccc3[nH]2)CC1,0.454389212,2.389970631,-10.2,-9.4,3.8294,449.185175
O=C(O)c1cccc(N(c2nc3ccccc3c(=O)[nH]2)c2ccc(Br)c3cnccc23)c1,0.352266479,2.732917762,-9.8,-9,5.4018,486.0327524
O=C(Oc1ccc(Br)c2cnccc12)c1cccc(Nc2nc3ccccc3c(=O)[nH]2)c1,0.267431158,2.517803926,-10.6,-10,5.1966,486.0327524
O=Cc1cccc(Oc2cccc(OC(=O)c3ccc4cn[nH]c4c3)c2)c1,0.325072917,2.256303177,-8.9,-8.4,4.3869,358.0953569
O=C(CCl)c1ccc2c(c1)CCC(=O)N2c1cc2c(cc1F)CCC2=O,0.605268097,2.682830754,-8.9,-8.5,3.987,371.0724492
N#Cc1cccc(C(O)CNc2c(F)ccc3ccncc23)c1,0.77494792,2.876814173,-8.4,-8.2,3.39108,307.1120903
O=C(CNc1cc(Cc2ccccc2)ccn1)c1c[nH]c2ncccc12,0.522318869,2.354108011,-8.6,-8.4,3.8435,342.1480612
O=C(Nc1c[nH]nc1-c1nccs1)N1[C@@H](c2ccccc2)CCC[C@@H]1c1ccccc1,0.41565405,3.512752866,-9.1,-8.1,6.0336,429.1623314
Oc1cccc(CCCNc2cc3ccc(Cl)cc3cn2)c1,0.674643664,2.120488982,-7.1,-6.8,4.6385,312.1029408
O=Cc1cccc2cc(OC(=O)c3ccc4c(c3)CC(=O)N4)ccc12,0.453639335,2.29487239,-9.2,-9,3.3661,331.0844579
CC(Cc1ccc2[nH]ncc2c1)N(C)CC(=O)c1cccc(Cl)c1,0.690232225,2.805736101,-7.8,-7.4,3.962,341.1294899
N#Cc1ccc(-c2ccc3c(c2)N(C(=O)C(=O)N[C@H]2CC[C@@H](N)C2)CCO3)s1,0.75507237,3.62401582,-8.9,-7.6,2.00818,396.1256115
CS(=O)(=O)c1cccc(C(=O)COC(=O)c2ccc(-c3cccc4cccnc34)cc2)c1,0.323838172,2.117761742,-9.1,-8.4,4.345,445.0983937
O=S(=O)(Nc1cc(Cc2ccccc2)ccn1)c1cccc2cnccc12,0.571772454,2.17711194,-9.2,-10.1,4.0214,375.1041478
N[C@@H]1CC[C@H](NC(=O)C(=O)N2CCC(c3c[nH]c4ncccc34)CC2)C1,0.705628253,3.348978919,-8.9,-8.2,1.2649,355.200825
CC(=O)c1ccc2c(c1)N(c1cc(Br)c3cnccc3c1)c1ccccc1S2,0.269579006,2.584055408,-9.6,-8.3,7.1343,446.0088462
NN(C(=O)c1c(F)ccc2ccncc12)c1cccc2cnccc12,0.346637097,2.683055082,-8.9,-8.8,3.4426,332.1073393
O=C(c1ccccc1)c1cc([N+](=O)[O-])ccc1Nc1nc(-c2ccc3c(c2)Cc2ccccc2-3)cs1,0.151113138,2.430339967,-10.3,-10.1,7.2641,489.1147125
Nc1ccc(C(=O)N(c2cc3cn[nH]c3cn2)c2cccc3cccnc23)cc1,0.459642629,2.739151075,-9,-8.4,4.0668,380.1385591
O=C(Oc1ccc2[nH]ncc2c1Cl)c1ccc2c(c1)C(=O)Nc1ccccc1O2,0.369052052,2.571952834,-9.8,-9.7,4.7935,405.0516335
NC(c1ccc(N2CC=C(c3c[nH]c4ccccc34)CC2)cc1)c1cccc2ccccc12,0.335335474,2.896926691,-10.6,-10.2,6.6629,429.2204979
CCN(CC)S(=O)(=O)c1ccc2c3c(cccc13)C(=O)N2c1ccc(Br)c2cnccc12,0.357036174,2.680417127,-9,-7.8,5.4729,509.0408746
O=C1Cc2ccc(Br)cc2N1C(=O)c1ccc(-n2cnc3ccccc3c2=O)cc1,0.426063545,2.424895679,-9.9,-9.8,3.8777,459.0218534
O=Cc1ccc(Cl)cc1Oc1ccc(F)c(OC(=O)CCCc2ccc3c(c2)-c2ccccc2C3)c1,0.12506645,2.57674779,-8.5,-9.2,7.5834,500.1190651
CS(=O)(=O)c1ccc(C(=O)CNc2cccc(-c3nc4cc(Cl)ccc4[nH]3)c2)cc1,0.428797805,2.263156748,-8.7,-8.6,4.5816,439.0757401
C[C@@H](NC(=O)c1ccc(C(=O)c2cccc(O)c2)cc1)c1cccc2cnccc12,0.480919438,2.545596782,-9.7,-8.8,4.6624,396.1473925
Brc1ccc(N2CCc3cc(C4CCCCC4)ccc3C2)c2ccncc12,0.463058353,2.471266731,-9.5,-9.6,6.6077,420.1201109
C[C@H](NC(=O)C(=O)Nc1ccc2[nH]c(-c3ccccc3)nc2c1)c1cccc2cnccc12,0.359474474,2.793229212,-10.1,-10,4.594,435.1695249
Cc1cccc(C(Nc2ncnc3c2ccc2ccccc23)c2cccc(C)c2)c1,0.351849387,2.279755676,-10.4,-9.1,6.60134,389.1891977
O=S(=O)(Nc1nnc(-c2ccc3ccccc3c2)o1)c1ccc(-c2ccccc2)cc1,0.408220718,2.116867693,-9.5,-9.3,5.3576,427.0990624
CC(Nc1cccc(C(O)c2cccc(Cl)c2)c1)c1ccc2c(c1)CC(=O)N2,0.566397259,3.041637936,-9.5,-8.8,5.0894,392.1291556
CC(=O)c1ccc2c(c1)N(C(=O)Nc1c(-c3ccccc3)[nH][nH]c1=O)c1ccccc1S2,0.369713513,2.715334652,-10.1,-10.3,5.4074,442.1099614
CC(C)(CNC(=O)Nc1nc(-c2ccc(-c3ccccc3)cc2)cs1)c1ccc2ccccc2c1,0.262855157,2.253857049,-10.3,-9.2,7.7296,477.1874835
Cc1cccc(C(=O)c2cccc(N3CCC(c4cccc5[nH]ccc45)CC3)c2)c1,0.425150322,2.235778403,-10.3,-9.6,6.09132,394.2045135
CC1CCc2c(sc3nc(S)n(-c4ccc(N(N)c5cccc6cnccc56)cc4)c(=O)c23)C1,0.154423391,3.50883644,-10.1,-8.8,5.4207,485.1344024
COC(=O)c1cccc2c3c([nH]c12)CCN(c1ccccc1-n1ncc2c(=O)[nH]cnc21)C3,0.417735213,2.897170853,-10.3,-8.8,2.9394,440.1596885
O=C1NC(=O)c2cc(S(=O)(=O)Nc3cc4cc[nH]c4cn3)ccc21,0.618556281,2.587982125,-9,-8.2,1.2473,342.0422758
N#Cc1cc2cc(N3C(=O)CN=C(c4ccccc4)c4cc(Br)ccc43)ccc2[nH]c1=O,0.44926601,2.649390839,-10.3,-10.2,4.67798,482.0378378
Fc1cc(N2CCc3ccc(C4CC4)cc3C2)c2cnccc2c1,0.673620211,2.450324013,-9,-8.5,4.814,318.1532268
Cc1ccc(-n2c(S)nnc2-c2cccc(NCc3ccc4cn[nH]c4c3)c2)cc1,0.35456717,2.484321585,-8.5,-8.7,5.01982,412.1470156
NCc1ccc2c(NC(=O)C(=O)N(C(=O)Nc3ccc(F)cc3)c3cccc(O)c3)n[nH]c2c1,0.293844397,2.797484458,-9.3,-8.4,3.0701,462.1451813
Nc1cccc(-c2cccc(N3CC=C(c4cncc5ccccc45)CC3)c2)c1,0.460383365,2.423873508,-10,-9.3,5.7777,377.1891977
O=C(CCC(=O)c1ccc2c(c1)-c1ccccc1C2)Nc1ncc(Br)cc1-c1cccnc1,0.288285411,2.514891526,-9.2,-8.9,6.0789,497.073889
O=C(Nc1ccc(-n2cnc3ccccc32)nc1)C(=O)Nc1cccc2cnncc12,0.442925699,2.544849266,-10.1,-9.5,2.9409,409.1287227
O=C(CNc1nsc2c(Br)cccc12)c1ccc2ccccc2c1,0.462171576,2.432306211,-8.7,-8.8,5.5068,395.9931961
O=C(Oc1cccc2cn[nH]c12)c1c(Cl)ccc2ncccc12,0.447255781,2.416263998,-8,-8.2,3.9837,323.0461542
Cc1cccc(-c2cccc(CNc3cccc(Br)c3N=[N+]=[N-])c2)c1,0.283740878,2.413370467,-8.6,-8.5,6.97842,392.0636586
O=C(CNc1ccc(Nc2ncccn2)cc1)c1ccc2c(c1)-c1ccccc1C2,0.394273172,2.289377922,-9.6,-9.8,5.0862,392.1637113
O=C(c1ccc(O)cc1)c1ccc(N2CCc3oc(-c4ccccc4)cc3C2)cc1,0.467241761,2.280440117,-9.2,-9.1,5.4459,395.1521435
Clc1cc2cccc(N3CCCc4c3cnn4-c3ccccc3)c2cn1,0.462978522,2.525262656,-8.7,-8.9,5.1582,360.1141742
O=c1c2ccccc2ncn1C1CCCN(c2cnc(Cl)nc2-c2c[nH]c3ccccc23)C1,0.393203889,3.135158391,-9.2,-8.2,4.8297,456.146537
Cc1ccc2[nH]c(C(=O)Oc3ccnc4c3ccc3cccnc34)c(C)c2c1,0.348079959,2.449612673,-9.2,-9.5,5.10034,367.1320768
N#Cc1cccc(C(=O)CNNc2ccc3[nH]ncc3c2)c1,0.49487291,2.598025521,-7.2,-7,2.23398,291.11201
CCN(C(=O)Nc1cccc2cnncc12)c1ccc2[nH]c(=O)[nH]c2c1,0.529005149,2.695929797,-8.6,-8.8,2.8578,348.1334738
NCc1ccc2c(c1)CC(=O)N2c1cccc2sncc12,0.790406218,2.718713986,-7.7,-7.6,2.9758,295.077933
N#Cc1ccc(-c2ccc3c(c2)N(C(=O)c2ccc4cc(C#N)ccc4c2)CCO3)cc1,0.445703238,2.392657028,-10.7,-9,5.28936,415.1320768
CCC(=O)c1ccc2c(c1)N(C(=O)C(=O)Nc1cccc3[nH]ncc13)c1ccccc1S2,0.346730561,2.733706391,-9.4,-8.6,4.9236,442.1099614
Clc1ccc(C2=CCN(c3ccc(Br)c4cnccc34)CC2)cc1Cl,0.452175661,2.550110852,-8.6,-8.5,6.5978,431.9795659
Cc1nc2cc(OC(=O)c3cc(F)cc4c(=O)c5cc(F)ccc5[nH]c34)cc(F)c2c(=O)[nH]1,0.240963036,2.833044223,-10.9,-10.2,3.86272,451.0779905
Cc1cc(Cl)nc2cc(C(=O)N3CCOc4ccc(CNC(=O)c5ccc(-c6cccc7cccnc67)cc5)cc43)ccc12,0.209315243,2.706626595,-11.8,-12.7,7.38102,598.1771684
c1ccc2c(c1)nc(N1CCC(c3c[nH]c4ccccc34)CC1)c1cccn12,0.456922841,2.346567435,-9.9,-9.8,5.3528,366.1844467
COc1cc2c(cc1OC)C(=O)N(c1cccc(-c3cn[nH]c3)c1)C2=O,0.732278353,2.299740716,-8.4,-8.5,2.8945,349.106256
NN(Cc1ccc2ccccc2c1)c1cccc2c1oc1ccccc12,0.342834489,2.282012706,-9.7,-9.4,5.6195,338.1419132
Clc1cccc2c(N3CCC(=Cc4ccccc4)CC3)cncc12,0.608516972,2.399005068,-8.6,-9,5.572,334.1236763
O=C(NC(=O)C(=O)N[C@@H]1C[C@H]1c1cccc2ccccc12)Nc1cccc2ccccc12,0.429194356,3.024703827,-10.8,-10.1,4.3134,423.1582915
Cc1ccc(C(NCc2cc(=O)oc3ccc4ccccc4c23)c2ccccc2)cc1,0.282307219,2.610761973,-9.2,-7.9,6.13382,405.172879
CC(Nc1ccc(F)c2nc(Cl)ccc12)c1ccc2[nH]c(=O)[nH]c2c1,0.47710053,2.957572292,-9.1,-8.7,4.37,356.084017
O=C(c1ccccc1)c1ccc(N(c2ccccn2)c2cc(Br)ccn2)cc1,0.367874934,2.313528558,-9.3,-8.3,5.9399,429.0476742
CC#Cc1ccc2cc(OC(=O)CCc3ccc4ncccc4c3)ccc2c1,0.279897544,2.357306044,-8.5,-8.3,5.2976,365.1415788
N#Cc1ccc(Oc2ccc(Nc3ccc4c(c3)oc3ccccc34)cc2)cc1,0.366976261,2.060036836,-9.6,-9.1,6.99358,376.1211778
O=C(Oc1cc(Cl)ccc1C1=NOCC1)c1nccc2c1[nH]c1ccccc12,0.404918654,2.827867582,-10,-8.6,4.7131,391.072369
O=C(NC1(c2ccc3ccccc3c2)CC1)N(C(=O)Oc1ccccc1)c1cccc([N+](=O)[O-])c1,0.280050029,2.650785909,-9.7,-9,6.1523,467.1481208
O=c1[nH]cnc2c1cnn2-c1ccccc1NCc1ccc(Cl)cc1Oc1ccc(F)c(Cl)c1,0.303212646,2.658292081,-10,-8.5,5.9591,495.0665083
Cc1cnccc1N(N)c1ccc(N)c2ccncc12,0.422543797,2.851613771,-7.5,-7.2,2.53222,265.1327455
Cc1cnccc1NNC(=O)C(=O)Nc1ccc(Cl)c2cnccc12,0.495585452,2.530759145,-8.5,-8,2.67342,355.0836024
O=C(c1ccccc1NNc1cccc2cnccc12)c1cccc2ccccc12,0.283413201,2.232639806,-9.7,-9.4,6.058,389.1528122
O=C(CNc1ncnc2sc3c(c12)CCNC3)N1CC=C(c2c[nH]c3ccccc23)CC1,0.44826624,2.928432188,-9.5,-9.1,3.5461,444.1732304
Cc1ccc2cc(CCl)c(NCc3ccc(-c4ccc5c(c4)CCCO5)cc3)nc2c1C,0.331773354,2.509703182,-10,-9.7,7.19454,442.1811912
N#Cc1cc(CNc2ccc3cnc(C(F)(F)F)cc3c2)ccn1,0.785030039,2.545217872,-8.5,-7.9,4.13238,328.093581
Cc1cc2cccc(NS(=O)(=O)c3ccccc3-c3ccc(CO)cc3)c2c(=O)[nH]1,0.457291309,2.320171951,-9.7,-8.8,3.79662,420.1143781
O=C(NCc1ccc2[nH]nnc2c1)Nc1ccc2oc3ccccc3c2c1,0.45125175,2.448822116,-9.5,-9.2,4.179,357.1225747
C[C@H](NC(=O)N[C@H]1CCC[C@H]1N)c1cccc2cnccc12,0.814081034,3.212804224,-7.9,-7.5,2.4748,298.1793613
O=c1ccc2cccc(Nc3ccc(Oc4cccc5cccnc45)cc3)c2[nH]1,0.425719122,2.227415905,-9.5,-10,5.6122,379.1320768
N#Cc1c(Nc2ccc3cc(C=O)c(Cl)nc3c2)sc2c1-c1ccccc1CC2,0.321960474,2.822373713,-9.5,-10.2,6.14308,415.0546107
O=C(Oc1ccc2ccncc2c1F)c1cnc2[nH]ccc2c1,0.454640748,2.553148728,-8.5,-8.2,3.4694,307.0757048
CC(Nc1cc(Cl)cc2ccncc12)c1cc2cnccc2[nH]1,0.561559448,3.092249962,-8.3,-8.3,4.9376,322.0985242
CCc1cccc2c(C3=CCN(CC(=O)c4ccc5[nH]c(=O)oc5c4)CC3)c[nH]c12,0.492647649,2.810010903,-9.6,-8.9,4.1368,401.1739416
NC(=O)c1cccc2c1CCN(C(=O)C(=O)Nc1ncnc3[nH]ccc13)C2,0.571936604,2.720116371,-9,-8.6,0.5802,364.1283884
CC(C)(Nc1cccc(-c2cc(Cl)ncn2)c1)c1ccc2ccccc2c1,0.426502395,2.380868565,-9.2,-9.7,6.2974,373.1345753
Cc1ccc(C)c2c1C(=O)N(C(=O)c1nccc3ccsc13)C2=O,0.639215468,2.918246811,-9.1,-8.8,3.34954,336.0568632
Cn1cc(C2=C(c3cccc(N)c3)C(=O)N(C(=O)Nc3cccc4cnc(Cl)cc34)C2=O)c2ccccc21,0.185617842,2.895683403,-10.7,-9.4,5.4738,521.1254672
COC(=O)c1ccc2cc(Nc3ccc(-n4c(C)nc5ccccc5c4=O)cc3)ccc2c1,0.383946684,2.13742307,-9.8,-9.6,5.37752,435.1582915
Cc1c(NS(=O)(=O)c2ccc(C(=O)CBr)cc2)ccc2ccc(=O)[nH]c12,0.475331494,2.373689105,-8.7,-7.9,3.21492,433.9935901
O=C(c1cccc(Nc2nc3ccccc3c(=O)[nH]2)c1)N1CCC2(CC1)Cc1ccccc1NC2=O,0.410448034,3.114836444,-11.8,-10.7,4.0839,479.1957397
Cc1ccc2cccnc2c1C(=O)Oc1cc(C=O)cc(-c2cccnc2)c1,0.298201636,2.445193869,-9.8,-8.7,4.63692,368.1160924
N#CC(c1ccccc1)c1ccc(Nc2cc(Br)cc(S(=O)(=O)Cl)c2)cc1,0.489252914,2.815101705,-8.9,-8.7,5.77568,459.9647885
Nc1ccc(N(C(=O)Nc2ccccc2)C(=O)Nc2ccc3c(c2)Cc2ccccc2-3)cc1,0.299408411,2.362374699,-10.7,-9.7,6.1106,434.1742759
Nc1ccncc1Nc1ccc(-c2cccc(F)c2)cc1,0.754600931,1.933346521,-8.2,-8.5,4.2135,279.1171757
O=C(O)c1cnc2c(c1)N(c1cccc3c(Br)cncc13)C(=O)CN2,0.687516821,2.88037258,-9.1,-7.7,3.1807,398.0014523
O=C(NC(=NO)c1ccc(-c2ccccc2)cc1)Nc1cccc(S(=O)(=O)c2ccccc2)c1,0.161999866,2.32422395,-10.3,-10,5.1439,471.1252772
CN(c1ccc2cnccc2c1)c1cc2[nH]cnc2cc1C#N,0.611768139,2.776088338,-8.6,-8.3,3.75068,299.1170954
O=C(c1ccccc1Nc1nc(-c2ccc(I)cc2)cs1)c1cccc2ccccc12,0.187889042,2.19219077,-9.2,-9,7.5425,532.0106322
CCN(CC)S(=O)(=O)c1ccc2c3c(cccc13)C(=O)N2c1cc2c(F)cccc2c(Cl)n1,0.351173219,2.80802934,-9,-8.7,5.5029,483.0819684
O=S(=O)(NCc1ccc2cn[nH]c2c1)c1cc2ccccc2n1S(=O)(=O)c1ccccc1,0.39881523,2.592856391,-9.7,-8.9,3.2331,466.0769471
O=C(Oc1ccc(Cl)c2cnccc12)c1ccc(Nc2ncnc3ccccc23)cc1,0.28910306,2.264886121,-10.1,-8.9,5.7942,426.0883534
Cn1cc(C(=O)Nc2cc(Br)c3cn[nH]c3c2)c(=O)c2cc(Cl)ccc21,0.501707743,2.494240448,-9.1,-8.7,4.083,429.9832154
Cn1cc(C(=O)Oc2cc(N)cc3[nH]ncc23)c(=O)c2cc(Cl)ccc21,0.321505623,2.602504094,-9.1,-9,2.8696,368.067618
O=c1[nH]cnc2c1cnn2-c1ccccc1Nc1ccc(OCc2ccccc2)cc1,0.433344144,2.31696658,-8.8,-8.5,4.4314,409.1538748
CC(NC(=O)Nc1cccc2c1C(=O)NC2=O)c1ccc2ncsc2c1,0.620304869,2.938630689,-9.2,-8.4,3.0626,366.0786613
Nc1cccc2c(NCC(=O)c3cccc4ccccc34)cccc12,0.41538483,2.014473575,-8.7,-8.9,4.87,326.1419132
O=Cc1c(N2CCc3c(-c4ccccc4)cccc32)ccc2cccnc12,0.463335639,2.44041577,-9,-9.9,5.4085,350.1419132
COC(=O)c1ccc2c(c1)N(c1c(F)cc3c(=O)c(C(=O)O)cn4c3c1OCC4C)C(=O)C2,0.607865508,3.374579112,-9.5,-8.2,2.7996,452.1019791
CC(=O)c1ccc2c(c1)N(C(=O)NNc1cc(C)c3ccccc3n1)c1ccccc1S2,0.298050794,2.614817595,-10.4,-9.3,6.08522,440.1306969
C#Cc1ccc2c(NC(=O)C(=O)NS(=O)(=O)c3ccc4ccccc4c3)n[nH]c2c1,0.347694304,2.633782449,-10.5,-9.2,2.141,418.0735759
CC(Cc1ccc2ccccc2c1)NC(=O)N1CCc2nc(-c3ccccc3)ncc2C1,0.503732052,2.750098201,-9.7,-10.6,4.9957,422.2106615
CCc1ccc(C2=CCN(C(=O)C(=O)NC3(c4ccc5ccccc5c4)CC3)CC2)cc1,0.610476429,2.611407227,-8.7,-7.7,4.8234,424.2150781
O=C(CN(c1ccnc2ccccc12)C1CC1)c1c[nH]c2ncccc12,0.557685509,2.546854186,-8.4,-8.2,3.9628,342.1480612
Nc1cccc2c(Nc3c(O)ccc4ncccc34)cccc12,0.378432862,2.173538854,-8.2,-8.3,4.4194,301.1215121
CCn1c(NC(=O)C(=O)Nc2ccc(-c3cccc(F)c3)c(F)c2)nc2cc(C#N)ccc21,0.453460573,2.471246504,-9.2,-9.4,4.45028,445.1350312
Cc1cc(-c2cccc(Cl)c2)ccc1NCc1cc(F)cc2c1OCOC2,0.604976366,2.374849039,-9,-8.5,5.93312,383.1088347
N#Cc1ccc(-c2ccc3c(c2)N(C(=O)Nc2ccc(S(=O)(=O)c4ccc(F)cc4)cc2)CCO3)cc1,0.356803501,2.425093752,-10.8,-9.6,5.62808,513.1158553
CS(=O)(=O)c1ccc2c(c1)N(Cc1nc3ccccc3c3ccccc13)CC2,0.489630541,2.267788741,-9.7,-9.8,4.3542,388.1245489
Cc1nc2ccccc2c(C)c1C(=O)Oc1ccc2cn[nH]c2c1,0.448873848,2.278439493,-8.4,-8.6,3.94714,317.1164267
N#Cc1cc(F)cc(CNc2n[nH]c3ccc(C(F)(F)F)cc23)c1,0.705525146,2.506987109,-9.2,-8.6,4.20458,334.0841592
Nc1ccc(N(C(=O)CCn2c(=O)[nH]c(=O)c3ccccc32)c2ccc3nc(Br)ccc3c2)cc1,0.259380978,2.698253294,-9.9,-8.7,4.3377,529.0749516
O=S(=O)(c1c[nH]c2ncncc12)N1CCc2nnc(-c3ccncc3)cc2C1,0.56102414,2.936507545,-9.4,-9.4,1.5569,393.1007937
N#Cc1ccc(CBr)c(NC(=O)c2n[nH]c(=O)c3ccccc23)c1,0.679717314,2.39031199,-9.1,-8.7,2.94198,382.0065377
COc1ccc2cc(C=O)c(NCc3ccc(-c4ccc5ccccc5c4)cc3)nc2c1,0.320357749,2.249241284,-9.9,-9.8,6.4882,418.1681279
COc1ccc2[nH]cc(C3=CCN(C(=O)c4ccc(-n5cnc6ccccc65)cc4)CC3)c2c1,0.397946937,2.498527246,-10.4,-10.3,5.4449,448.189926
O=C(NCc1ccc2[nH]nnc2c1)Nc1cccc(C(O)c2ccccc2)c1,0.430610311,2.828240071,-9.8,-9,3.3613,373.1538748
CCc1cc(=O)c2cc(NS(=O)(=O)c3cccc4cnccc34)ccc2[nH]1,0.568099385,2.424411077,-9.5,-8.4,3.4395,379.0990624
CC(=O)c1ccc2c(c1)CC(=O)N2c1cc2cnccc2cc1Br,0.617811169,2.552352713,-8.9,-8,4.4207,380.0160398
CC(=O)c1ccc2c(c1)CC(=O)N2c1cc2ccncc2cc1Cl,0.655055136,2.474384614,-9.2,-8.4,4.3116,336.0665553
O=C(NCc1ccc(-c2cccnc2)cc1)C(=O)Nc1ccc(Oc2ccnc3ccccc23)cc1,0.323999153,2.200793539,-9.8,-10.5,5.344,474.1691906
C[C@H]1COc2c(C3(N)CC3)c(N3C(=O)C(c4cccc(N)c4)=C(c4cn(C)c5ccccc45)C3=O)cc3c(=O)c(C(=O)O)cn1c23,0.19609319,3.880835845,-9.6,-8.1,4.159,615.2117836
Nc1cccc2c1CCCN2Cc1cccc2cnccc12,0.730194912,2.240972588,-8,-8.4,3.7698,289.1578976
NN(c1ccc2cnsc2c1)c1cccc2ccncc12,0.4501,3.030546102,-8.1,-7.6,3.8563,292.0782674
Cc1cc(=O)oc2ccc(OCC(=O)Oc3c4ccccc4c(C=O)c4ccccc34)cc12,0.123248924,2.508304689,-8.6,-9.6,5.20472,438.1103383
Fc1cccc(N(c2ccc3occc3c2)c2ncc(Br)cn2)c1,0.461604487,2.572472804,-8.3,-7.9,5.5942,383.0069523
O=C1Cc2ccc(C(=O)N3CCCC4(C3)C(=O)NC(=O)N4C(=O)COc3ccc4oc5ccccc5c4c3)cc2N1,0.370920046,3.907665119,-10.7,-11.6,3.2128,552.1644991
O=C(O)CN(C(=O)c1ccc2[nH]nnc2c1)c1cccc(Nc2ncc(Br)cn2)c1,0.392966486,2.810826627,-8.6,-8.3,2.9854,467.0341494
O=C(O)c1ccc2cc(NC(Cl)(Cl)C(=O)c3c[nH]c4ncccc34)ccc2c1,0.246827768,2.765419034,-9.4,-9,4.8405,413.0333966
NCc1cccc(Nc2cccc(-c3ccc4c(c3)CCO4)c2)c1,0.745253798,2.035804852,-8.7,-8.6,4.4908,316.1575633
O=C(Nc1cncc2ccccc12)c1cc([N+](=O)[O-])ccc1Nc1ccccc1,0.366765663,2.109459976,-9.4,-8.6,5.1389,384.1222404
Cn1c(=O)[nH]c(=O)c2ccc(C(F)(F)Nc3ccc(N4CCc5ccccc54)cc3)nc21,0.479872587,2.819134862,-9.9,-9.8,3.4774,435.1506813
CC#Cc1ccc2cc(N(Cc3ccccc3)c3ccc(C)cc3)ccc2c1,0.358962324,2.267199665,-8.7,-7.6,6.85792,361.1830497
OC(Cc1ccccc1)c1ccc(Nc2ccc(Oc3nncc4ccccc34)cc2)cc1,0.309039378,2.658802515,-9.6,-9.8,6.4418,433.179027
Cc1cc2cn[nH]c2cc1NC(=O)C(=O)Nc1ccc(Oc2ccc(S(N)(=O)=O)cc2)cc1,0.332069459,2.349068341,-9.1,-9.3,2.88822,465.1106897
Cc1ccc(C)c2c1C(=O)N(C(=O)C(=O)Nc1c(Cl)ccc3cnccc13)C2=O,0.492996206,2.823752806,-9.7,-9.3,3.26634,407.0672836
CCCCCCCCCC=CC(=O)Oc1ccc2cc(Cl)ncc2c1,0.159854205,2.389633928,-6.8,-6.8,6.4905,359.1652068
O=C(Nc1ccc(Cc2nnc3ccccn23)cc1)C(=O)N1C(=O)CNc2cc(F)c(F)cc21,0.453227227,2.937335414,-10.9,-9.9,2.5221,462.1251948
N#Cc1ccc(N(c2ccc(Br)cc2)c2ccc3cc(I)ccc3c2)cc1,0.25858833,2.284577441,-8.9,-7.6,7.54838,523.9385085
C[C@@H](Nc1ccc2ccc(Cl)cc2c1)c1ccc2ccccc2c1,0.434021952,2.311263128,-9.3,-9,6.8195,331.1127773
O=C(CBr)c1ccc(S(=O)(=O)Nc2cc(-c3ccccc3)ccn2)cc1,0.470603507,2.076986038,-8.6,-8.6,4.127,429.9986754
Cc1cc2c(NC(=O)Nc3ccc(-n4cnc5ccccc54)cc3)cccc2cn1,0.423508879,2.244183648,-10,-9.8,5.52612,393.1589602
O=C(NC(=S)c1c(Cl)cccc1Cl)c1cc2c(=O)[nH]c3ccccc3c2s1,0.429821569,2.662940132,-9,-8.4,5.1551,431.9560749
O=c1ccc2cc(S(=O)(=O)NCCc3ccc4[nH]ncc4c3)ccc2o1,0.524770701,2.367349489,-8.1,-8,2.1903,369.078327
O=S(=O)(Nc1cccc(-c2nnc(Br)o2)c1)c1cccc2cnccc12,0.527319106,2.542641797,-9.3,-8.4,3.8481,429.9735233
Nc1ccc2c(C(=O)Oc3c[nH]c4nc[nH]c(=O)c34)cccc2c1,0.386858509,2.642749861,-9,-8.4,2.2058,320.0909402
FC(F)(F)c1cccc2c1CN(c1cc3ccc(Br)cc3cn1)CC2,0.523851226,2.508927076,-9.1,-8.8,5.5788,406.0292452
FC(F)(F)c1cccc2c1CN(c1ccc3cc(Cl)ncc3c1)CC2,0.533530602,2.529316025,-9.4,-9.1,5.4697,362.0797608
C#Cc1ccc2cc(NCCCc3cccc4ccccc34)ccc2c1,0.347272162,2.128090229,-7.9,-7.8,6.019,335.1673997
N#Cc1cccc(N(C(=O)C(=O)Nc2ccc3nc[nH]c3n2)C(=O)c2ccccc2F)c1,0.482456351,2.90927028,-9.9,-8.1,2.78078,428.1033165
Cc1ccc(C(=O)N(C(=O)Cc2ccc3cn[nH]c3c2)c2ccc(O)cc2)cc1,0.556062507,2.392129426,-9.3,-8.1,3.99302,385.1426415
Cc1ccc(S(=O)(=O)NC(=O)/C=C/c2ccc3ncccc3c2)c2ncccc12,0.52597758,2.430453244,-10.5,-9,3.60972,403.0990624
O=C(O)CCC1Cc2ccccc2N(C(=O)NCc2cccc(-c3cccc(O)c3)c2)C1=O,0.524367313,2.939050172,-9.9,-9.4,4.3391,444.1685219
c1ccc(COc2ccc3c(c2)CCN(c2ccc4[nH]ncc4n2)C3)cc1,0.598085057,2.342751603,-9,-8.7,4.0996,356.1637113
Cn1cnc(NC(F)(F)c2cccc3c(F)ccnc23)c1-c1ccccc1,0.519232157,2.878969518,-7.9,-7.9,4.9358,368.1248811
c1ccc(C2Cc3ccccc3CN2c2cnc3cn[nH]c3c2)cc1,0.598404302,2.981997999,-8.9,-9.9,4.2619,326.1531466
O=Cc1c2ccccc2c(N2C(=O)C(=O)c3cc(-c4ccccc4)ccc32)c2ccccc12,0.191949082,2.438974218,-9.7,-9.2,6.3335,427.1208434
O=C(Nc1cc(CCc2ccccc2)ccn1)C(=O)Nc1ccccc1-c1ccccc1,0.425075796,2.042039484,-9.6,-9.4,5.111,421.179027
Cn1cc(-c2nc(N3Cc4ccccc4-c4ccccc43)cs2)cn1,0.520514213,2.551812151,-9.3,-9.6,4.8623,344.1095675
O=C(Nc1cc2cn[nH]c2cn1)C(=O)N1c2ccccc2Sc2cc(O)ccc21,0.420022491,2.905999537,-9.2,-8.9,3.4315,403.0739103
Nc1nc(-c2ccc3c(c2)CCC(=O)N3c2ccc(C(O)Cc3ccc(Br)cc3)cc2)cs1,0.336332648,2.92118023,-9.6,-8.6,6.0418,519.06161
O=C(c1ccc(Cl)c(S(=O)(=O)Nc2cc3cn[nH]c3cn2)c1)C1CC1,0.665769295,2.571589698,-9,-8.2,3.0048,376.039689
Cc1cccc2c(O)c(C(=O)Oc3cccc4c3C(=O)CC4=O)cnc12,0.434460332,2.645802724,-9.6,-8.2,3.23712,347.0793725
O=C1NC(=O)C2(CCCN(Cc3ccccc3)C2)N1c1ccc(-c2cccc([N+](=O)[O-])c2)nn1,0.354058501,3.601279856,-10.4,-10,3.1428,458.1702532
Cc1c(C(=O)NS(=O)(=O)c2ccc3c(c2)oc2ccccc23)oc2ccccc2c1=O,0.45872508,2.399412969,-10.5,-10.1,4.11952,433.0620082
N#Cc1cccc(N2CCN(C(=O)Nc3cccc4[nH]c(=O)[nH]c34)CC2)c1,0.648459052,2.431875666,-9.1,-9,2.08198,362.1491238
Fc1ccc(-n2c(S)nnc2-c2ccc(Nc3ccc(-c4nnco4)cc3)cc2Cl)cc1Cl,0.270232533,2.696159102,-9.1,-8.8,6.4625,498.0232636
C[C@@H]1C[C@H](C(=O)O)c2ccccc2N1c1ccc2[nH]c(=O)c(C#N)cc2c1,0.729782147,3.372787173,-9.5,-9.5,3.49828,359.1269914
O=C(Nc1ccc(Cl)c(S(=O)(=O)Nc2cccc(Cl)c2)c1)Nc1cc(I)ccn1,0.360525656,2.352092272,-9.5,-8.4,5.4378,561.9130146
O=C(Oc1cc(Cl)cc2c(Br)coc12)c1nc2ccccc2c(Cl)c1Br,0.212262288,2.871819374,-9.3,-8.4,7.032,512.8169726
O=C(Oc1coc2c(Cl)cc(Cl)cc12)c1nc2ccccc2c(Cl)c1Br,0.29778984,2.787940132,-8.7,-9,6.9229,468.8674882
Cc1ccc2[nH]c(C(=O)Oc3cncc4ccccc34)c(C=O)c2c1,0.454112768,2.508183928,-9.5,-8,4.05622,330.1004423
O=C(CCc1ccc2[nH]ccc2c1)Oc1ccc2ccc3cccnc3c2n1,0.36582061,2.489489472,-8.5,-8.6,4.8025,367.1320768
CC(Cl)C(=O)c1ccc2c(c1)CC(=O)N2c1cc(Br)cc2cnccc12,0.433373775,3.175465332,-8.9,-8,5.0281,427.9927175
Cc1nc2sc3c(c2c(=O)n1NC(F)(F)c1cccc2c(=O)[nH]cnc12)CCCCC3,0.373120379,3.206176431,-10.3,-9.7,3.56482,443.1227523
Cc1cc(=O)oc2cc(OCCNCCc3ccc4[nH]ncc4c3)ccc12,0.38932802,2.393918172,-8.1,-7.4,3.18882,363.1582915
O=C(OS(=O)(=O)c1ccc2cnccc2c1)c1cc2cc(F)ccc2[nH]1,0.558454942,2.569445082,-8.3,-8.9,3.4009,370.0423561
CC(c1ccc(-n2cnc3ccccc32)cc1)N(C)C(=O)Nc1[nH]ncc1-c1cccnc1,0.403125416,3.125170559,-9.7,-9.3,5.0355,437.1964084
Clc1c(Nc2ccc(CCCc3ccccc3)cc2)ccc2ccccc12,0.37166942,1.859920962,-8.5,-8.6,7.4121,371.1440774
O=Cc1ccc(N2C(=O)c3sccc3S2(=O)=O)cc1Oc1ccc(F)c(Cl)c1,0.56141731,2.914829438,-8.9,-8.6,4.4945,436.9594703
Cc1ccc2cccnc2c1S(=O)(=O)Nc1cc(-c2cccnc2)ccc1O,0.510851889,2.342552545,-9.8,-8.9,4.11162,391.0990624
Cc1cc2c(S(=O)(=O)NC(=O)NCc3nc4ccccc4c(=O)[nH]3)cccc2cn1,0.459433966,2.571562721,-10.3,-10.1,1.96782,423.100125
Oc1c(CNc2cc(F)c3ccccc3c2)cc(Cl)c2cccnc12,0.511544511,2.32659739,-9.1,-9.1,5.4982,352.077869
CC(C)N(c1ccc(C#N)cn1)c1ccc(-c2cccc([N+](=O)[O-])c2)nn1,0.501670668,2.74156078,-8.5,-7.7,3.86498,360.1334738
Cn1cc(-c2ccc(NS(=O)(=O)c3ccc4c(c3)oc3ccccc34)cc2)cn1,0.468128078,2.204550086,-9.5,-9.3,4.7873,403.0990624
N#Cc1c(NC(F)(F)c2cccc3c(F)ccnc23)[nH]c2cc(Br)ccc12,0.41232012,3.118405719,-9.3,-8.8,5.65078,430.0040931
CC1(C)C(=O)N(C(=O)NNc2cccc3cnccc23)C(=O)c2ccccc21,0.530773797,2.63708622,-10.2,-9.8,3.2315,374.1378904
Cc1cc(C)c(-c2csc(Nc3cccc4cc(Cl)ncc34)n2)c(C)c1,0.403178522,2.437373356,-8.9,-8.7,6.68056,379.0909963
O=C1CCc2c1cccc2C(=O)Oc1cc(O)cc(-c2cccnc2)c1,0.577012623,2.38725472,-9.5,-8.6,3.8023,345.100108
O=C(CCCc1ccc2c(c1)-c1ccccc1C2)Oc1occc1-c1cccnc1,0.338932242,2.649911544,-8.6,-8.5,5.8411,395.1521435
O=C(O)C1c2[nH]c3ccccc3c2CCN1c1cccc2c(Cl)ccnc12,0.537047247,3.046175187,-9.3,-8.9,4.5579,377.0931044
O=C(Oc1ccnc2c(Cl)cccc12)C1NCCc2c1[nH]c1ccccc21,0.514583707,3.075870513,-9.2,-9.7,4.1619,377.0931044
O=C(NCc1ccc(-c2ccc3c(c2)CCCO3)cc1)Nc1ccc(CN2CCN(Cc3ccccc3)CC2)cc1,0.271688041,2.296341256,-9.9,-9.3,6.3181,546.2994765
Nc1cccc2ccc(S(=O)(=O)Nc3ccc4c(c3)oc3ccccc34)cc12,0.420035479,2.162281049,-10,-9.6,5.1222,388.0881634
NN(c1cc2cnccc2cc1Cl)c1cccc(Br)c1F,0.523010754,2.836845185,-8.1,-7.5,4.8016,364.9730653
Cc1ccnc2c1N(C(F)c1cc(=O)c3cc(Cl)ccc3[nH]1)C(=O)CN2,0.676393327,3.613739726,-8.7,-8.4,3.31172,372.0789316
Cc1cccc(-c2ccc(CNC(=O)C(=O)Nc3cc(C#N)ccc3F)cc2)c1,0.665753521,2.060674678,-9.5,-9.1,3.9277,387.138305
O=S(=O)(Nc1cccc(-c2cccnc2)c1)c1cc(Cl)cc2cccnc12,0.540792205,2.21076679,-9.5,-9.1,4.751,395.0495254
O=C(Nc1ccc(COCc2ccccc2)cc1)c1n[nH]c(=O)c2ccccc12,0.52734152,1.966762116,-9.2,-8.9,3.8922,385.1426415
NC(=O)c1cccc2c1CCCN2c1c(Br)ccc2ccccc12,0.69420272,2.303288322,-8.8,-8.1,4.7855,380.0524253
O=C(Nc1ccc(Oc2cccc(F)c2)cc1)c1n[nH]c2c1COc1ccccc1-2,0.495691505,2.346819837,-9.9,-9.9,5.1528,401.1175696
Brc1ccc(C(Nc2cc(I)cc3ccccc23)c2ccccc2)cc1,0.280014621,2.581669605,-8.5,-8.3,7.4084,512.9589096
CN(c1ccc2cc(Br)ccc2c1)c1c(C=O)ccc2[nH]cnc12,0.505745398,2.76331374,-8.4,-8.4,5.059,379.0320242
O=S(=O)(c1cccc2ccncc12)N1CCOc2cc(F)c(Br)cc21,0.630661459,2.602688939,-9,-8.6,3.7241,421.9736036
O=c1[nH]cnc2c(NCc3ccc(Cl)cc3Oc3ccc(F)c(Cl)c3)c(Cl)ccc12,0.357196161,2.578723625,-8.8,-8.7,6.4268,463.0057379
CS(=O)(=O)[C@H]1CC[C@@H](Nc2ccc(C(=O)c3ccc(F)cc3)c(Cl)c2)CC1,0.739413546,2.27384227,-9.3,-8.5,4.4778,409.0914704
O=Cc1cccc(Oc2cccc(N3C(=O)CNc4ncccc43)c2)c1,0.728807172,2.476978477,-8.9,-9.1,3.7766,345.1113413
O=Cc1cccc(Oc2cccc(N3CC(=O)Nc4cccnc43)c2)c1,0.728807172,2.42368536,-8.9,-8.6,3.7766,345.1113413
O=C1Cc2cc(Br)c(F)cc2N1C(=O)NNc1ccnc2cccnc12,0.627243238,2.914951527,-9.4,-9.2,3.1572,415.0080149
CS(=O)(=O)c1ccc(N(C(N)=O)c2ncnc3[nH]c4cc(Br)ccc4c23)cc1,0.484782476,2.751643639,-8.7,-8.2,3.4939,459.0000724
Fc1cc(CCNc2cccc3c2oc2ccccc23)c2c(c1)COCO2,0.538021637,2.551699039,-9.1,-8.5,5.2462,363.1270717
C#Cc1cccc(NNc2cccc(-n3cnc4ccccc43)n2)c1,0.442047073,2.569632525,-9.4,-8.4,3.8408,325.1327455
N#Cc1ccc(-c2ccc3c(c2)N(c2nccc4cccc(F)c24)CCO3)s1,0.455363454,2.763660265,-9.2,-8.6,5.50458,387.0841613
Cn1c(=O)oc2cc(CNc3ccnc4cc(C(F)(F)F)ccc34)ccc21,0.581368267,2.432121104,-9,-9.2,4.3106,373.1038113
N#Cc1cccc(Nc2cccc(-c3cccc(Cl)c3)c2)c1,0.681120697,1.815562059,-8.7,-8.8,5.62228,304.0767261
Cc1n[nH]c2cc(C(=O)OS(=O)(=O)c3cc(Br)cc4cccnc34)ccc12,0.481550812,2.826853087,-9.3,-8.1,3.72772,444.973189
Cc1ccc2[nH]c(C(=O)Oc3cc(Cl)c(O)c4ncccc34)cc(=O)c2c1,0.40533041,2.503658351,-9.6,-9.2,3.96292,380.0563846
O=C(C=C1CCOc2ccccc21)NCc1ccc2c(c1)N(C(=O)c1ccc(-c3cccc4cccnc34)o1)CCO2,0.265915859,2.959521346,-10.9,-12.8,6.0163,557.195071
O=C(CNc1cccc(-c2nc3cc(Cl)ccc3[nH]2)c1)c1cccc(Cl)c1,0.417411738,2.176627145,-9.4,-8.3,5.8315,395.0592175
O=C(OS(=O)(=O)c1ccnc2ccccc12)c1cccc2c3c([nH]c12)CCNC3,0.506603538,2.878547889,-10,-9.1,2.9075,407.093977
O=C(Nc1n[nH]c2cccc(I)c12)N1CCCc2cccc(C(F)(F)F)c21,0.466724663,2.869619484,-9.3,-8.9,5.171,486.0164437
NNC(=O)N(c1ccc(S(N)(=O)=O)cc1)c1ccc(Br)c2cnccc12,0.329620028,2.702575643,-8.3,-8.5,2.3661,435.0000724
OCCc1cnc2c(N3CCN(c4ccnc5ccccc45)CC3)cnn2c1,0.590226801,2.594296516,-8.1,-8.2,2.1389,374.1855093
O=[N+]([O-])c1cccc2c(N3CCc4cc5c(cc4C3)CCCC5)nccc12,0.49611911,2.507165689,-9.2,-9.5,4.5845,359.1633769
Nc1ccc(N2C(=O)CN=C(c3ccccc3)c3cc(Br)ccc32)cc1-c1cccc2ccccc12,0.2468701,2.519750516,-10.6,-10.8,7.3672,531.0946244
O=[N+]([O-])c1ccc2c(c1)nc(S)n2-c1ccc(Nc2cccc3c(O)cccc23)cc1,0.190372344,2.543837671,-9.4,-9.2,5.8248,428.0943114
CC1COc2c(F)c(OC(=O)c3ccccc3Cc3nc4ccccc4c(=O)[nH]3)cc3c(=O)c(C(=O)O)cn1c23,0.252686146,3.43788946,-10.1,-9.4,3.8387,541.1285282
Cc1ccc2[nH]c(=O)ccc2c1N1CCc2c(cn[nH]c2=O)C1,0.713276182,2.793049563,-9.1,-8.8,1.48252,308.1273258
N#CC(c1ccccc1)c1ccc(N2CCc3c(F)cccc32)cc1,0.662567569,2.711693612,-8.5,-8.8,5.17538,328.1375768
N#Cc1ccc(NNc2cccc(-n3cnc4ccccc43)n2)nc1,0.559593523,2.602998014,-9,-8.2,3.12618,327.1232434
O=C(NC(=S)c1cccc2ccccc12)C(=O)N1CC=C(c2c[nH]c3ccc(F)cc23)CC1,0.342453469,2.82177724,-10.9,-9.9,4.5678,457.1260261
O=C1CCc2cc(N3C(=O)Cc4cc(C(=O)O)ccc43)ccc2N1,0.889124653,2.386764931,-9.4,-8.7,2.4903,322.0953569
CCN(c1ccc2[nH]c(=O)[nH]c2c1)c1cc2c(nn1)-c1ccccc1OC2,0.585624328,2.89424456,-9.5,-8.9,3.3636,359.1382248
Oc1cccc2c1CCCN2c1cncc2ccsc12,0.730123694,2.69795543,-7.4,-7.9,4.0862,282.0826841
O=C(Oc1c(Cl)ccc2ccncc12)c1ccc(F)c2ccncc12,0.384077071,2.515053159,-9,-8.7,4.7947,352.0414835
NN(CCc1ccc2ccccc2c1)CC(=O)N1CC=C(c2c[nH]c3ccccc23)CC1,0.357136592,2.674661415,-8.7,-9.3,4.3552,424.2263115
O=c1c2ccccc2ncn1C1CN(c2ccc3ccc(CO)cc3c2)C1,0.612087583,2.308664423,-8.8,-9.1,3.1033,357.1477268
Cc1cnccc1CNc1cncc2ccc(N)cc12,0.713297044,2.400966193,-7.3,-7.3,3.13252,264.1374965
Cc1c[nH]c2nccc(N3CCc4nc(C5CC5)ncc4C3)c12,0.790160976,2.881620829,-8.1,-9,3.10142,305.1640456
COC(=O)c1cccc(NCc2ccc3[nH]c(=O)[nH]c3c2)c1F,0.645220786,2.290552081,-8.1,-8.2,2.394,315.1019195
Cc1cncc2cccc(S(=O)(=O)OC(=O)c3cc4ccc(Br)cc4[nH]3)c12,0.474449227,2.826720091,-9.1,-8.1,4.33272,443.97794
O=C(Oc1cccc2cc(Cl)ncc12)c1nccc2ccncc12,0.313933114,2.536834782,-8.7,-8.4,4.0506,335.0461542
O=C(Cc1ccc2[nH]c(=O)[nH]c2c1)Oc1nc(-c2ccccc2)c2ccccc2n1,0.45206766,2.475864417,-9.3,-9,3.6145,396.1222404
O=C(Nc1ncc(Br)c2cc[nH]c12)C(=O)N1C(=O)Cc2ccncc21,0.605789995,3.25069284,-8.9,-8.2,1.7748,398.9967013
COc1cc(Nc2cccnc2-c2ccccc2)c2ccncc2c1,0.569657895,2.179902588,-8.3,-8.1,5.049,327.1371622
O=C(OS(=O)(=O)c1ccc2cc(Br)ccc2c1)c1ccc(C2=CCCC2)cc1,0.470832958,2.469163506,-9.9,-8,5.7153,456.0030921
O=C(Oc1ccc2cc(S(=O)(=O)Cl)ccc2c1)c1ccc(C2=CCCC2)cc1,0.319783447,2.302935237,-9.4,-9.1,5.5538,412.0536077
Cc1cccc(-c2cc(Cl)ccc2Nc2cc(CO)c3ncccc3c2)c1,0.453321616,2.259072116,-9.5,-8.8,6.09952,374.1185909
O=S(=O)(NCc1ccc2cnccc2c1)c1cc(Cl)cc2cccnc12,0.579468602,2.334890413,-9.1,-7.9,3.9149,383.0495254
O=C1CCc2cc(-c3csc(NC(F)(F)c4cnc5c(c4)C(=O)CCC5)n3)ccc2N1,0.571207848,3.080886418,-10.1,-10.1,4.7702,440.1118533
Cc1cc(=O)c2ccc(N3C(=O)C(=O)c4cc([N+](=O)[O-])ccc43)cc2o1,0.399078938,2.507889105,-9.4,-8.9,2.87062,350.053886
Cn1nc(CC(=O)N2CCC3(CC2)C(=O)NC(=O)N3C(=O)c2ccc3ccc4ccccc4c3n2)c2ccccc2c1=O,0.258663327,3.466491023,-11.8,-11.3,2.9308,574.1964679
O=Cc1c2ccccc2c(OC(=O)c2nccc3c2CCNC3)c2ccccc12,0.250410463,2.777755781,-9.9,-9.8,4.0654,382.1317424
O=[N+]([O-])c1ccc(CCCCNc2ccc3cc[nH]c3n2)cc1,0.393555341,2.297625192,-6.8,-6.7,3.9059,310.1429758
O=C1Cc2cc(S(=O)(=O)Nc3cc4ccncc4cc3Br)ccc2N1,0.683510831,2.509545277,-8.9,-8.7,3.2927,416.9782743
Fc1ccc(C2=CCC(Nc3cnccc3I)CC2)cc1,0.751649394,2.986453879,-7.6,-7.6,4.8733,394.0342247
Cc1ccc2c(C)c(C(=O)Oc3cc(Cl)c4[nH]ncc4c3)[nH]c2c1,0.415994044,2.613444795,-9,-8.1,4.53364,339.0774544
O=C(Oc1ccc2[nH]ncc2c1)C1Cc2cn[nH]c2CN1,0.479633691,3.466426592,-8,-8.2,0.9059,283.1069247
NCc1ccc2c(c1)CC(=O)N2C(=O)C(=O)Nc1nc(-c2c[nH]c3ncccc23)cs1,0.425030607,2.905139832,-9.7,-9.2,2.1995,432.1004594
O=S(=O)(c1cccc2cnccc12)N1CCCc2c(OC(F)F)cccc21,0.676224559,2.508450038,-9,-8.8,3.9777,390.0849698
Cc1c(N2CCN(c3cccc4[nH]cnc34)CC2)cnc2c(F)cccc12,0.588518246,2.570943878,-8.6,-8.7,3.88522,361.1702739
Nc1cc(S(=O)(=O)Nc2cccc(-c3cc(Cl)ncn3)c2)ccc1C(=O)O,0.439029726,2.318085346,-8.8,-8.1,2.8782,404.0346036
CC(C(=O)O)N(C(=O)c1ccc2[nH]ncc2c1)c1cc(CBr)c2ncccc2c1,0.443132539,3.244020338,-9,-8.4,4.1259,452.0484025
O=C(Oc1ccc2nc[nH]c(=O)c2c1)c1ccc(-c2cnc3c(c2)CCC3)cc1,0.430749395,2.445257501,-9.9,-9.3,3.693,383.1269914
O=c1oc2ccccc2cc1C(=S)NS(=O)(=O)c1cccc2ccccc12,0.423682605,2.369502985,-9.6,-9.1,3.6002,395.0285999
O=Cc1cc(F)c(N(c2cccc(F)c2)c2ncc(Br)cn2)cc1Cl,0.52233254,2.774540687,-8.1,-7.4,5.453,422.9585581
O=C(Oc1ccnc2cc(I)ccc12)c1cnc2c(Br)cnn2c1,0.31239298,2.743421433,-8.8,-8.3,3.8638,493.8875356
Nc1ccnc(-c2ccc(Nc3ccc(Oc4cccc5cccnc45)cc3)cc2)n1,0.383703743,2.227956881,-9.9,-9.2,5.8099,405.1589602
Cc1n[nH]c2ccc(C(=O)Oc3cc(Br)cc(CC#N)c3)cc12,0.559963111,2.565157524,-8.3,-8.1,3.9191,369.0112887
NN(C(=O)C(=O)Nc1n[nH]c2ccc(C(F)(F)F)cc12)c1cccnc1F,0.156446413,2.968276482,-9,-8.2,1.9612,382.0801364
CC(F)(F)c1ccc(S(=O)(=O)Nc2ccc3cn[nH]c3c2)cc1,0.765278208,2.295418138,-8.4,-7.6,3.4754,337.0696541
O=C(Oc1cc(-c2ccccc2)ccn1)c1cc(=O)c2ccccc2o1,0.524440827,2.16612868,-9.8,-9.1,4.0742,343.0844579
O=C(Nc1cccnc1-n1cccn1)NS(=O)(=O)c1cccc(N2C(=O)C=CC2=O)c1,0.56990306,2.708405627,-9.7,-9.2,1.2071,438.0746385
CC1Cc2cc(S(N)(=O)=O)ccc2N1c1ccc2ccncc2c1C(=O)O,0.718722521,3.095134264,-9.2,-8.5,2.6631,383.093977
Oc1ccc(SC(F)(F)N2CCC(c3ccnc4ccccc34)CC2)cc1Cl,0.407409095,2.837291199,-8.9,-9.1,6.1158,420.0874683
Nc1cccc2c1NCCN(c1ccc3c(c1)S(=O)(=O)NC3=O)C2=O,0.647598684,2.997002885,-9.2,-8.7,0.7732,358.0735759
NC1CCCC(NC(=O)c2[nH]c3ccc(Cl)cc3c2C=O)CC1,0.595597194,3.196045416,-8,-7.4,3.0236,333.1244046
Cc1cc2[nH]ncc2cc1N1CCc2cc(F)c([N+](=O)[O-])cc2C1=O,0.572901588,2.718022665,-8.4,-8.6,3.12152,340.0971685
O=C(O)c1c[nH]c2ccc(NCc3ccc4[nH]nnc4c3)cc12,0.463600643,2.608132425,-8.3,-8.2,2.7495,307.1069247
N#Cc1ccc(N(CCN)c2nc(Cl)c3cc[nH]c3n2)nc1,0.71297464,3.15520028,-7.6,-7,1.97478,313.0842711
N#Cc1ccc(NCCNc2nc(Cl)c3cc[nH]c3n2)nc1,0.493556549,2.778568549,-7.8,-6.6,2.40198,313.0842711
Nc1ccc2c(c1)CC(=O)N2C(=O)Nc1nccc2c1CNCC2,0.689403346,2.958444175,-9.3,-8.5,1.4307,323.1382248
Nc1nccc2c1CN(C(=O)C(=O)Nc1ccc3c(c1)CC(=O)N3)CC2,0.653299987,2.696305789,-9.1,-8.7,0.6818,351.1331394
Cn1c(=O)[nH]c(=O)c2ccc(C(F)(F)NCc3ccc4c(c3)CCO4)nc21,0.674135123,2.921282035,-9.2,-9.1,1.3958,374.1190468
Nc1c(C(=O)Oc2cc(F)c3cn[nH]c3c2)sc2ncccc12,0.435422609,2.679297116,-8,-7.6,3.1131,328.0430247
COC(=O)c1ccc2c(c1)N(c1ncnc3[nH]cc(C#N)c13)C(=O)C2,0.716125319,2.906095223,-8.6,-8,1.83698,333.0861892
O=C(NCc1ccc2cn[nH]c2c1)N1CCCN2c3ccccc3CC2C1,0.737650628,2.897299033,-9.6,-9.4,2.9095,361.1902604
COCC(NC(=O)C(=O)N1CCCC(c2c[nH]c3ncccc23)C1)c1ccc2[nH]ccc2c1,0.410394825,3.549681533,-8.6,-8.5,3.2541,445.2113897
Cc1ccc2c(c1)CN(C(=O)C(=O)NCc1cccc3[nH]ncc13)CCN2,0.607156961,2.626108802,-9.3,-8.5,1.94182,363.1695249
O=C(CCl)c1ccc2c(c1)CC(=O)N2C(=O)c1ccc(-c2cccc3cccnc23)cc1,0.25274642,2.490868933,-9.5,-10.5,5.0528,440.0927701
O=C(Oc1cccc2c1C(=O)CC2)c1n[nH]c2c1COc1ccccc1-2,0.568574234,2.718726858,-9.2,-8.7,3.3172,346.0953569
Oc1ccc2c(c1)CCN(c1ccc3cc(I)ccc3c1)C2,0.597319296,2.252791146,-8.8,-8.6,4.7127,401.0276621
NNc1cccc(NC(c2cccc3ccccc23)C(F)(F)F)c1F,0.353673484,2.901379362,-9,-8.5,4.98,349.1202104
N#Cc1ccc(NCc2ccc3ccoc3c2)c2ccncc12,0.60620083,2.507420316,-8.1,-8.3,4.46478,299.105862
O=c1[nH]cnc2c(C(F)(F)NNc3cccc(Br)c3F)cccc12,0.464277195,3.151081254,-8.5,-8.3,3.4907,397.9990077
O=c1cc(CNCc2cccc3cccnc23)c2ccccc2[nH]1,0.606915054,2.125563032,-9,-8.5,3.3661,315.1371622
Cc1cccc(C(=O)N(c2ccc(O)cc2)c2ccc3cn[nH]c3c2)c1,0.572991171,2.333395028,-8.8,-7.8,4.55542,343.1320768
N#Cc1ccc2c(c1)C(=O)N(c1c(Br)ccc3ncccc13)CC2,0.641510693,2.504440831,-8.6,-8.4,4.07188,377.0163741
O=c1c2ccccc2ncn1CCS(=O)(=O)Nc1n[nH]c2ccc([N+](=O)[O-])cc12,0.358945644,2.6028698,-9,-8.5,1.6229,414.0746385
O=C1CCc2cc(Br)c(Nc3cccc4cnccc34)cc21,0.714739484,2.41638129,-8.3,-8.5,4.8698,352.0211251
O=Cc1c2ccccc2c(OC(=O)/C=C/c2ccccc2Cl)c2ccccc12,0.140285034,2.346576775,-9.1,-9.4,6.0777,386.070972
N#Cc1ccc(NC(=O)C(=O)N(c2ccnc3ccccc23)C2CC2)cc1-c1ccncc1,0.483869133,2.682568009,-8.7,-8.9,4.30258,433.1538748
O=C(Oc1c[nH]c2ncccc12)c1ccc2c(c1)CCCN2,0.712303078,2.46060028,-8.5,-8.7,3.1402,293.1164267
O=C(CN1C(=O)c2cccc3cccc(c23)C1=O)Oc1n[nH]c2ccccc12,0.441537125,2.421802416,-9.9,-9.4,2.9177,371.0906059
CN(c1ccc2cnccc2c1)S(=O)(=O)c1cccc2ccncc12,0.566743951,2.369474313,-8.8,-8.8,3.6081,349.0884977
Cc1ccc2c(C)c(C(=O)Oc3c[nH]nc3-c3nccs3)[nH]c2c1,0.555786957,2.993218088,-8.7,-7.9,3.85054,338.0837467
c1cc(NCCCn2ccc3ccccc32)nc(-n2cnc3ccccc32)c1,0.435311087,2.355425677,-8.1,-8.2,4.8774,367.1796957
O=c1[nH]cnc2c(F)c(Nc3ccccc3CCc3ccccc3[N+](=O)[O-])ccc12,0.36398691,2.584511242,-8.9,-8.8,4.4992,404.1284686
O=C(NNc1c(F)cccc1Br)Nc1cc2c(=O)[nH]cnc2cc1F,0.499049367,2.706844863,-9,-8.9,3.1124,408.9985931
COc1cc2c(cc1NC(=O)NC(=O)c1cccc3c1CCNC3)oc1ccccc12,0.466348157,2.506632934,-9.8,-9.4,4.2022,415.1532062
N#Cc1ccc2[nH]cc(C(=O)Oc3ccc4cn[nH]c4c3)c2c1,0.439075775,2.451071575,-8.8,-8.8,3.13508,302.0803756
CS(=O)(=O)c1cccc(C(=O)CNc2ccc3ccncc3c2)c1,0.722803635,2.160581899,-8.2,-7.8,2.9331,340.0881634
N[C@@H]1CCCCC[C@@H]1Nc1nccc2cccnc12,0.810867255,3.004938538,-7.2,-6.9,2.7017,256.1687966
O=C(Oc1cc(Br)cc2cnccc12)c1ccc2c(c1)CCN2,0.543886679,2.445570313,-8.6,-9,4.1845,368.0160398
O=C(c1cccc2c1oc1ccccc12)N1CCCC(N2CCN(C(=O)C3(c4ccc5c(c4)OCCO5)CC3)CC2)C1,0.352751805,3.255320065,-11.5,-11.5,4.8378,565.2576712
Oc1cccc2c1CCCCN2c1cc2[nH]ncc2nc1Br,0.64708981,2.962298357,-7.9,-8.4,3.9004,358.0429232
C[C@H](N)c1ccc(S(=O)(=O)Nc2ccc3c(c2)-c2ccccc2C3)cc1,0.573060518,2.530109276,-9,-9.6,4.0783,364.1245489
O=c1[nH]cnc2c(N(Cc3ccccc3)c3ncnc4[nH]cnc34)cccc12,0.504785905,2.926929509,-9.1,-8.5,2.9277,369.1338081
N#Cc1ccc2c(c1)C(=O)N(c1cccc3c(Br)cncc13)CC2,0.641510693,2.574420095,-8.9,-9.1,4.07188,377.0163741
Cc1cc2ccncc2cc1OC(=O)c1cc(S(C)(=O)=O)ccc1O,0.572156589,2.310517457,-8.7,-8.3,2.87152,357.0670936
Cc1cc2c(NCc3cc4ccccc4nc3Cl)cccc2cn1,0.512953766,2.2549172,-9.1,-8.4,5.35692,333.1032752
Oc1cccc2c(CNCc3ccc4ncccc4c3)cccc12,0.587257841,2.007599651,-8.3,-8.5,4.3834,314.1419132
COc1ccc2c(NC(=O)C(=O)Nc3ncnc4scc(-c5ccccc5)c34)n[nH]c2c1,0.362380732,2.5812074,-9.1,-8.8,3.8204,444.1004594
C#Cc1cc(Br)cc(Nc2c(Cl)ccc3ccncc23)c1,0.623185348,2.603062851,-8.1,-8.4,5.3756,355.9715881
CC(Nc1ccc(-c2ccnc(O)n2)cc1)c1ccc2ccccc2c1,0.537129878,2.658043896,-9.2,-9.3,5.1755,341.1528122
O=c1[nH]cnc2c1cnn2-c1ccccc1NC(c1ccccc1)c1ccc2[nH]cnc2c1,0.378240185,3.219694666,-10,-8.7,4.1866,433.1651082
O=[N+]([O-])c1cccc([C@@H](CO)Nc2n[nH]c3cc([N+](=O)[O-])ccc23)c1,0.459854363,2.982112329,-8.1,-7.9,2.5248,343.0916685
Cc1cc2[nH]ncc2cc1NS(=O)(=O)c1ccc(O)c(C(=O)O)c1,0.571012605,2.32622651,-8.5,-8.3,2.07592,347.0575915
Cc1cc2[nH]ncc2cc1OC(=O)c1cc(S(N)(=O)=O)ccc1O,0.484460598,2.437992245,-8.4,-8.3,1.44352,347.0575915
Nc1cc(NCc2cc3cnccc3[nH]2)ccc1Oc1cccc(F)c1,0.457446933,2.402289408,-8.9,-8.4,4.6886,348.1386394
COC(=O)c1ccc2c(c1)CCCN2c1ccc2c(=O)[nH]c(C)cc2c1,0.717342361,2.341176267,-9.1,-8.6,3.70742,348.1473925
CC#Cc1ccc2cc(N3c4ccccc4C(=O)NC34CCNCC4)ccc2c1,0.621981237,3.394053784,-10.5,-9.6,4.1724,381.1841124
CC#Cc1ccc2cc(N3CCC4(CC3)NC(=O)c3ccccc3N4)ccc2c1,0.615681476,3.184514237,-9.7,-10,4.3632,381.1841124
Cn1cc(-c2ccc(NCC(=O)c3c[nH]c4ccccc34)cc2)cn1,0.546188183,2.213376421,-7.4,-7.7,3.8632,330.1480612
O=c1c2ccccc2ncn1C1CN(c2ncccc2-c2ccccn2)C1,0.565357386,2.391769389,-8.7,-8.6,2.9148,355.1433102
N#Cc1ccc2c(c1)Oc1ccccc1N2S(=O)(=O)c1ccc2oc3ccccc3c2c1,0.332959521,2.612825762,-10.7,-9.9,6.09038,438.0674279
CC(Nc1cc(Br)c([N+](=O)[O-])cn1)C(=O)c1ccc2c(c1)CC(=O)N2,0.449263871,3.249398454,-8.4,-7.9,2.9302,404.012017
Cc1oc2cc(O)ccc2c(=O)c1-c1ccccc1OC(=O)Cc1ccc2[nH]ncc2c1,0.323842694,2.603173281,-9.1,-8.6,4.49842,426.1215717
O=C(c1ccc(Nc2cccc(C#Cc3cccs3)c2)cc1)c1ccc(Cl)cc1Cl,0.259878765,2.345166871,-9.4,-8.7,7.4293,447.0251405
O=C(O)c1ccc(N(c2ccc3c(c2)CCCC3=O)c2ncnc3ccccc23)cc1,0.491312122,2.428991396,-9.6,-8.7,5.3168,409.1426415
O=C1Cc2cc(S(=O)(=O)Nc3ccc4[nH]nc(O)c4c3)ccc2N1,0.57389369,2.600185066,-9,-8.5,1.5639,344.0579259
O=C(CCc1ccc2[nH]ccc2c1)Oc1cccc2sncc12,0.449638945,2.557461945,-7.1,-7.3,4.3158,322.0775987
CC(NC(=O)N1C(=O)CCc2cc(C(=O)CCl)ccc21)c1ccc2ccccc2c1,0.476145154,2.889928959,-9.9,-9.2,5.0113,420.1240702
O=[N+]([O-])c1ccc2c(c1)OCCN2Cc1ccc2cn[nH]c2c1,0.593738071,2.461278464,-8.7,-7.9,2.8701,310.1065903
Ic1c(NCC2CCc3ccccc3CC2)ccc2nccnc12,0.478419051,2.548504527,-8.8,-8.8,4.8415,429.0701956
O=C1NC(=O)c2cc(S(=O)(=O)NS(=O)(=O)c3ccc4[nH]c(=O)[nH]c(=O)c4c3)ccc21,0.354765023,2.724952082,-10.2,-9.4,-1.2328,449.9940053
Cc1cccc(C(NC(=O)Nc2ccc(-c3ccccn3)cn2)c2ccc(Cl)cc2)c1,0.408302102,2.627945236,-9.7,-8.6,6.01652,428.140389
N#Cc1ccc(-c2ccc3c(c2)N(c2cc(C#N)cs2)CCO3)cc1,0.677155826,2.671357875,-9,-8.6,4.68896,343.077933
O=C(O)c1ccc(N(C(=O)Nc2nccc(-c3cccc([N+](=O)[O-])c3)n2)c2ncnc3ccccc23)cc1,0.235855472,2.692353045,-10.5,-8.6,5.0634,507.1291166
CN(C)c1nc2cc(Nc3cccc(Cc4ccccc4)c3)ccc2[nH]1,0.538435891,2.199290218,-8.8,-8.6,4.9633,342.1844467
COC(=O)c1ccc2c(c1)N(C(=O)C(=O)NC(C)Cc1ccc3[nH]ncc3c1)CCC2,0.498147383,3.061665691,-9.3,-8.8,2.3761,420.1797552
COc1ccc2[nH]nc(NS(=O)(=O)C3=Cc4ccccc4CCC3)c2c1,0.734513901,2.624162413,-9.5,-8.9,3.6906,369.1147125
O=C(NCc1ccc2sccc2c1)C(=O)N1C(=O)c2cccc3cccc1c23,0.53220156,2.521414382,-10.2,-9.2,3.8577,386.0725133
CC(C)(Nc1cccc2[nH]cc(N)c12)c1ccc2ccccc2c1,0.483383291,2.522531132,-8.8,-8.8,5.2505,315.1735477
CC(Cl)C(=O)c1ccc2c(c1)CC(=O)N2C(=O)c1cc2c(=O)[nH]c3ccccc3c2s1,0.286462703,3.283929321,-9.8,-9.6,4.2823,450.0441056
Cc1cccc(C(=O)c2ccc(NC3CC(=O)c4ccccc43)cc2)c1,0.68189099,2.541797176,-9.3,-8.9,4.96562,341.1415788
Oc1c(Nc2nc(-c3ccccn3)nc3sccc23)cccc1C(F)(F)F,0.470934809,2.573519768,-9.4,-8.1,5.2213,388.0605666
O=Cc1cc(C(F)(F)F)ccc1N1C(=O)Cc2cc(C3CCCCC3)ccc21,0.625648173,2.617608713,-9,-8.8,5.7864,387.1446135
N#Cc1ccc(N2CCN(c3ccc(Nc4cccc(-c5nnc[nH]5)c4)cc3)CC2)nc1,0.504740504,2.662568544,-9.4,-9,3.80858,422.1967427
NN(c1cc(Cl)cc2ncccc12)c1nccc2sccc12,0.434747908,2.784241146,-8.3,-7.4,4.5097,326.039295
NS(=O)(=O)c1ccc(C=O)cc1Nc1cccc2cc(S(=O)(=O)F)ccc12,0.494162186,2.545255899,-8.5,-8.4,2.7015,408.0249917
CC(C)(C)c1ccc2c(c1)CN(c1cncc3ccsc13)CC2,0.615233705,2.61774257,-8.7,-8.1,5.1565,322.1503697
O=c1[nH]c2cccc(NC(F)c3cscc3Br)c2[nH]1,0.634930542,3.772726373,-7.2,-7.2,3.7604,340.9633732
COc1ccc2[nH]cc(C3=CCN(C(=O)C(=O)Nc4ncccc4-c4ccccc4)CC3)c2c1,0.446742419,2.664760113,-10.1,-9.1,4.4929,452.1848406
CS(=O)(=NS(=O)(=O)Cl)c1cccc(OC(=O)Cc2ccc3cnccc3c2)c1,0.343648866,3.181011799,-8.3,-8.3,3.3232,438.0110913
CN(C(=O)C(=O)NC1(c2ccc(C#N)cc2)CC1)c1cnc(C#N)cn1,0.826788445,3.017650643,-8.3,-7.7,0.98826,346.1178237
Cc1ccc(-c2ncccc2NCCc2ccc3ccccc3c2)s1,0.485445638,2.22755581,-8.2,-8.4,5.92632,344.1347196
O=C(Nc1nccc2cc([N+](=O)[O-])ccc12)N1CCc2cn[nH]c2C1,0.54961785,2.735693544,-8.9,-8.5,2.4563,338.1127383
CC1Cc2c(C#N)cccc2N1C(=O)C(=O)NC(c1ccccc1)c1ccc2c(c1)CCCO2,0.608929252,3.486033285,-10.5,-9.8,4.06668,451.1895917
O=C(Cn1c(S)nc2ccccc2c1=O)N1CCCC(c2c[nH]c3ncccc23)C1,0.395036477,3.137814769,-9.9,-9.4,2.9677,419.1415959
N#Cc1cccc(CNc2cccc3ccncc23)c1,0.779477139,2.018512927,-8.1,-7.9,3.71858,259.1109474
O=C(Oc1ccccc1)N(c1ccc([N+](=O)[O-])cc1)c1n[nH]c2ncccc12,0.422152603,2.522251989,-8.9,-8.5,4.2032,375.0967539
NCc1ccc2c(c1)N(Cc1cc3ccccc3c(=O)[nH]1)CCO2,0.77685019,2.414262694,-8.9,-8.6,2.3858,321.1477268
O=C(Nc1cccc(S(=O)(=O)c2ccccc2)c1)C(=O)Nc1ccc(O)c2ccccc12,0.324515107,2.116734693,-10.2,-9.6,3.9554,446.0936427
O=C([O-])c1ccc2c(c1)N(C(=O)NC1CCN(c3cccc(Cl)c3)CC1)C(=O)C2,0.831546871,2.811340531,-9.6,-9,1.9712,412.1069573
O=C(Nc1cccc2[nH]ccc12)C(=O)N1CCc2cc(O)c(Br)cc2C1,0.535158388,2.582284583,-9.1,-8.4,3.1594,413.0375035
O=C(Oc1ccc(Cl)c2ccncc12)c1cccc(Nc2nc3ccccc3c(=O)[nH]2)c1,0.297107409,2.485426259,-10.2,-9.9,5.0875,442.083268
Fc1cccc(N=C=S)c1Nc1ccc(-n2cnc3ccccc32)cc1,0.378052127,2.544380097,-8.5,-8.6,5.6425,360.0844956
c1ccc2cc(CNc3ccc(Cc4nnc5ccccn45)cc3)ccc2c1,0.472502156,2.113485567,-10.1,-9.5,5.0854,364.1687966
Oc1cccc(CCCNc2ccc3cc(Cl)ncc3c2)c1,0.532717063,2.176003405,-7,-6.7,4.6385,312.1029408
COC(=O)c1ccc2cc(Nc3cccc(CN=[N+]=[N-])c3)ccc2c1,0.302065011,2.28564739,-8.4,-7.9,5.1803,332.1273258
N#Cc1ccc(-c2ccc3c(c2)N(C(=O)C(=O)N[C@@H]2CC[C@H](N)C2)CCO3)s1,0.75507237,3.62401582,-9.2,-8,2.00818,396.1256115
Cn1cc(C2=C(c3cccc(N)c3)C(=O)N(C(=O)C(=O)N[C@@H]3CCCC[C@@H]3N)C2=O)c2ccccc21,0.294257787,3.636133835,-9.2,-8.3,1.9528,485.2063043
O=C(O)c1ccc(N(CC(=O)c2c[nH]c3ncccc23)c2ncnc3ccccc23)cc1,0.393189375,2.577583579,-9.5,-8.7,4.2253,423.1331394
O=C(Nc1ccc(-c2ccnc3ccccc23)cc1)C(=O)Nc1ccc(N2C(=O)c3cccc4cccc(c34)C2=O)cc1,0.190096512,2.453383068,-11.6,-11.1,6.4328,562.1641052
Cc1cccc(-c2ccc(CNc3ccc(C(=O)c4cnc5ccccc5c4)cc3)cc2)c1,0.294589109,2.034341918,-9.4,-10.4,7.05332,428.1888634
c1ccc(-c2ccc3c(c2)CCCN3c2cccc(-n3cnc4ccccc43)n2)cc1,0.361733786,2.323266483,-10.4,-9.8,6.1718,402.1844467
Cc1oc2cc(O)ccc2c(=O)c1-c1ccccc1Nc1cccc2[nH]ncc12,0.403423805,2.523169867,-9,-9.3,5.09392,383.1269914
O=C(O)c1ccc2c(c1)C(=O)N(c1ccc3[nH]ncc3c1Cl)c1ccccc1O2,0.489007379,2.579155932,-9.5,-9.1,4.9987,405.0516335
CCC(=O)c1ccc2c(c1)N(c1ccc(C(=O)c3ccc(Cl)cc3Cl)cc1)c1ccccc1S2,0.224357503,2.403146517,-10.4,-8.6,8.7515,503.0513552
Cc1ccc(C)c2c1C(=O)N(c1cnc(Cl)nc1-c1c[nH]c3ccccc13)C2=O,0.389211285,2.753112389,-9.8,-8.5,4.69574,402.0883534
O=C(CN1CCc2cc(OCc3ccccc3)ccc2C1)c1c[nH]c2ncccc12,0.490626371,2.300702209,-9.4,-9.1,4.3829,397.179027
CC(Cl)C(=O)c1ccc2c(c1)CC(=O)N2c1cc2cnccc2cc1Br,0.433373775,3.201761644,-8.9,-8.2,5.0281,427.9927175
O=C(CCl)c1ccc2c(c1)CCCC(=O)N2c1cccc2[nH]ncc12,0.571665943,2.557310852,-8.6,-7.8,3.9854,353.0931044
O=Cc1ccc(Oc2ccccc2)cc1N1CC=C(c2c[nH]c3ccc(F)cc23)CC1,0.396739338,2.586462283,-9.2,-9.7,6.2055,412.1587061
O=C(CCl)c1ccc2c(c1)CCC(=O)N2c1cccc(C(=O)CBr)c1,0.5352653,2.456316511,-8.1,-7.7,4.2966,418.9923831
N#Cc1ccc2c(c1)N(c1ccccc1-c1n[nH]cc1N)C(=O)C2=O,0.700277242,2.897807032,-8.8,-8.1,2.39158,329.0912746
NN(C(=O)C(=O)Nc1ccc(N2C(=O)c3cccc4cccc(c34)C2=O)cc1)C(=O)c1ccc2ccccc2c1,0.118257238,2.575639135,-11.8,-10.7,4.2748,528.1433697
Cc1cc(C)cc(-c2nc3ccccn3c2Nc2nccc3cc(F)ccc23)c1,0.41301077,2.494465471,-10,-9.8,6.04904,382.1593748
[N-]=[N+]=Nc1ccc2c(c1)N(c1ccccc1-n1ncc3c(=O)[nH]cnc31)CC2,0.33575909,3.046427432,-8.7,-8.5,3.7448,370.1290571
O=C(Nc1cc(-c2cccc([N+](=O)[O-])c2)n[nH]1)C(=O)N1CCc2ccccc2-c2ccccc21,0.273820359,2.701263196,-10.6,-8.9,4.1797,453.1437041
O=C(CCl)c1ccc2c(c1)CC(=O)N2c1cccc2c1C(=O)NC2=O,0.520136035,2.672350137,-8.9,-8.8,2.2125,354.0407345
O=C1Cc2cc(C(=O)CN3C(=O)c4cccc(Br)c4C3=O)ccc2N1,0.634988945,2.442808599,-9.2,-8.9,2.4226,397.9902189
O=C(Nc1cccc(O)c1C(F)(F)F)NS(=O)(=O)c1ccc2c(c1)Cc1ccccc1-2,0.430341815,2.537797264,-10.4,-9.9,4.4926,448.0704626
Brc1cc(N2CCc3cc4c(cc3C2)CCCC4)cc2ccncc12,0.547499037,2.620904459,-9.3,-9,5.4388,392.0888108
Nc1ccc2c(c1)CC(=O)N2c1ccc2c(c1)-c1ccccc1C2,0.538739555,2.340696101,-9.4,-9.1,4.0608,312.1262631
O=S(=O)(Nc1n[nH]c2cnc(Br)cc12)c1cccc2ccccc12,0.511227579,2.507013406,-8.8,-8.4,3.6744,401.9786087
Brc1cc(N2CCc3ccc(C4CC4)cc3C2)cc2ccncc12,0.589719547,2.5326572,-9,-8.6,5.4374,378.0731607
O=C(Nc1nnc(-c2ccc3ccccc3c2)o1)C(=O)N1CCc2cc(O)c(O)cc2C1,0.329401562,2.614826625,-10.6,-10,2.8244,430.1277197
NCc1ccc2c(NC(=O)N(C(=O)Nc3cccc(O)c3)c3ccc(F)cc3)n[nH]c2c1,0.328856459,2.672601472,-9.7,-8.1,4.1369,434.1502667
Nc1n[nH]c2cc(CNc3ccc(NC(=O)Nc4cccc(O)c4)cc3)ccc12,0.30658872,2.245837998,-9,-8.4,4.1068,388.1647739
CC(OC(=O)CCc1c(-c2ccccc2)[nH]c2ccc(Br)cc12)c1ccc2ccccc2c1,0.241241239,2.756411424,-9,-7.9,7.9876,497.0990411
Nc1ncc(OC(=O)CCc2c(-c3ccccc3)[nH]c3ccc(Br)cc23)c2cc[nH]c12,0.288718518,2.730656011,-9.7,-9.4,5.5941,474.0691379
Cc1ccc2c(C)c(C(=O)Oc3cc(-c4ncc[nH]4)ccn3)[nH]c2c1,0.559130128,2.708580082,-9.6,-8.3,3.78904,332.1273258
Fc1cccc(C(Nc2cc(Br)c3cnccc3c2)c2ccc(Cl)cc2)c1,0.368953544,2.769037317,-9.5,-8.4,6.9913,440.0091165
O=C(Oc1nc(-c2ccccc2)nc2ccccc12)c1c[nH]c2cc([N+](=O)[O-])ccc12,0.256090456,2.382159088,-10,-9.1,4.9055,410.1015049
Cc1cccc(-c2cccc(CNc3cccc(F)c3N=[N+]=[N-])c2)c1,0.329883003,2.361676236,-8.6,-8.4,6.35502,332.1437248
O=C(NCc1ccc(Cn2cnc3ccccc32)cc1)C(=O)Nc1nccc2sccc12,0.404365611,2.447783346,-9.5,-8.9,3.9492,441.1259458
NC(=O)c1ccc2c(c1)OCCN2C(=O)Nc1ccc(Oc2nncc3ccccc23)cc1,0.49481907,2.499389603,-10.2,-9.4,3.9519,441.1437041
NC(c1cccc(F)c1)c1cccc(Nc2nnc(-c3cccc4ccccc34)o2)c1,0.381702457,2.758856479,-9.7,-9.9,5.8206,410.1542894
O=C(NCc1ccc2[nH]c(=O)[nH]c2c1)C(=O)Nc1c(Cl)ccc2cnccc12,0.397710462,2.515539468,-9.3,-8.9,2.3127,395.078517
Ic1cc2cc(N3Cc4ccccc4-c4ccccc43)ccc2[nH]1,0.368005155,2.465464657,-9.1,-9.6,6.0912,422.0279965
O=C(CNC(=O)c1cc2cc(Br)ccc2[nH]1)c1ccc2c(c1)Cc1ccccc1-2,0.377754492,2.364934702,-10,-9.9,5.1143,444.0473399
O=S(=O)(/C=C/c1ccccc1Br)Nc1cc(-c2cccnc2)ccn1,0.67268739,2.481066621,-8.8,-8.2,4.3187,414.9990098
C#Cc1ccc2c(NC(=O)N3CCN(c4cc5ccccc5[nH]4)CC3)n[nH]c2c1,0.463668811,2.758258768,-9.4,-9.2,3.3796,384.1698593
N#Cc1ccc(Nc2cccc3ncccc23)cc1-c1ccncc1,0.581800393,2.155078679,-8.7,-8.7,4.91208,322.1218464
Cn1c(=O)[nH]c(=O)c2ccc(C(F)(F)Nc3cc(F)cc(F)c3Br)nc21,0.378511722,3.145776962,-9.5,-9.3,2.8239,431.9845005
O=C(O)c1ccc(N(c2ncnc3ccccc23)c2nc(Cl)nc3[nH]cc(I)c23)cc1,0.233503395,2.931469304,-9.1,-8.3,5.3271,541.9754993
Nc1ccc2cc(S(=O)(=O)NC(=O)C(=O)N3CC=C(c4c[nH]c5ncccc45)CC3)ccc2c1,0.307282512,2.87147911,-10.2,-9.8,2.4191,475.1314252
O=C(Oc1cccc2cc(Cl)ncc12)c1ccc(-n2cnc3ccccc32)cc1,0.229906566,2.291045555,-9.7,-9,5.4463,399.0774544
CC#Cc1ccc2cc(NS(=O)(=O)c3ccc(C(=O)CBr)cc3)ccc2c1,0.357302256,2.370646002,-7.7,-7.7,4.5896,441.0034265
O=C(Nc1cccc(-c2nc3cc(Cl)ccc3[nH]2)c1)C(=O)Nc1nccc2cc([N+](=O)[O-])ccc12,0.186811198,2.556328832,-10.6,-9.8,4.9169,486.0843306
FC(F)(F)c1ccccc1C1=CCN(c2cc3ccc(Br)cc3cn2)CC1,0.471055723,2.569765123,-9,-8.4,6.3098,432.0448953
O=C(CN1CCN2c3ccccc3CCC2C1)c1c[nH]c2ncccc12,0.741137439,2.894413879,-9,-9.2,2.8826,346.1793613
NC(=O)N(C(=O)N[C@@H]1C[C@H]1c1cccc2ccccc12)c1cccc2ccccc12,0.503672112,3.165752799,-9.9,-9.8,5.1438,395.1633769
C[C@H]1COc2c(C3(N)CC3)c(F)cc3c(=O)c(C(=O)N(N)c4ncnc5sc6c(c45)CCCC6)cn1c23,0.240452141,3.965660371,-9.8,-9.6,3.4458,520.1692879
CC1COc2c(F)c(F)cc3c(=O)c(C(=O)NS(=O)(=O)c4cccc5ccccc45)cn1c23,0.494680914,3.150674384,-11.5,-10.1,3.505,470.0747991
CC1COc2c(F)c(NS(=O)(=O)c3cccc4ccccc34)cc3c(=O)c(C(=O)O)cn1c23,0.471560799,3.15440532,-10.6,-9.7,3.7462,468.0791355
Cc1csc(Sc2ccc(NC(=O)C(=O)Nc3nc(-c4ccc5c(c4)CC(=O)N5)cs3)nc2)n1,0.345112905,2.880456446,-9.7,-9.1,4.19302,508.0446014
O=C(Oc1cnc2[nH]ccc2n1)c1cccc(CS(=O)(=O)c2ccccc2)c1,0.522729592,2.48150669,-9.4,-8.1,3.151,393.078327
O=C(NCc1ccc(-c2ccc3c(c2)CCO3)cc1)NC(=S)c1n[nH]c2ccccc12,0.42267512,2.509783501,-10.2,-9.9,4.3397,428.1306969
O=C1CNc2cc(NC(Cc3ccccc3)c3nc4ccccc4o3)cnc2N1,0.481217526,3.193521302,-9.5,-8.8,3.9827,385.1538748
O=C(O)C1CC(c2ccc(N3CCc4c(-c5ccccc5)cccc43)cc2)=NO1,0.71265427,2.838849078,-9.7,-8.9,4.6254,384.1473925
Nc1ccc2c(c1)CCN(Cc1cc(=O)oc3ccc4ccccc4c13)C2=O,0.331365954,2.409243442,-9.6,-9.3,3.7269,370.1317424
Cc1cnccc1N(N)C(=O)Nc1ccc(Cl)c2cnccc12,0.428379563,2.725018826,-8.6,-8.2,3.50382,327.0886877
O=C1CCOc2c1ccc(O)c2N1CCCc2cc(OCc3ccccc3)ccc21,0.66514546,2.511074557,-9.9,-9,5.0207,401.1627082
OCCc1cnc2c(N3CCC(n4cnc5ccccc54)CC3)cnn2c1,0.603773439,2.743994423,-8.7,-8.3,2.4553,362.1855093
O=S(=O)(NS(=O)(=O)c1cccc2cnccc12)c1cnc2ccc(Cl)cc2c1,0.529656012,2.502757496,-9.7,-9,3.1036,432.9957755
Clc1ncc2ccc(N3CCN(c4nccc5sccc45)CC3)cc2n1,0.486315744,2.522243475,-9.3,-8.6,4.2195,381.0814942
Cc1cc([N+](=O)[O-])c2ncccc2c1N[C@@H]1C[C@H]1c1ccc2ccccc2c1,0.376943856,3.176884838,-9.5,-9.3,5.57262,369.1477268
CC(C(=O)O)N(C(=O)c1ccc2[nH]ncc2c1)c1cccc2c1CCNC2=O,0.64194565,3.246325221,-9,-8.9,1.9687,378.1328051
O=C(Oc1c(Br)ccc2ccncc12)c1cnc2[nH]ccc2c1,0.427480038,2.648494997,-8.5,-8.6,4.0928,366.9956387
O=C(NCc1ccc2ncccc2c1)N1CCC(c2c[nH]c3ccccc23)CC1,0.532666545,2.230140056,-10.7,-10.1,4.8053,384.1950114
O=C(NCc1ccc2ncccc2c1)C(=O)N1CCC(c2c[nH]c3ccccc23)CC1,0.503389849,2.360585868,-10,-9,3.7385,412.189926
CC(C)(CNc1cc2[nH]ncc2nc1Br)c1ccc2ccccc2c1,0.463506609,2.803741621,-8.8,-9,5.2633,394.0793087
O=C(Oc1c(F)ccc2ccncc12)c1ccccc1C(=O)c1ccc2c(c1)OCCO2,0.268286518,2.467327995,-9,-8.4,4.5953,429.1012508
O=C(Oc1cc2cccc(Cl)c2cn1)c1cc2ccc(Br)cc2cn1,0.411861905,2.501626236,-9.3,-8.7,5.4181,411.9614173
CS(=O)(=O)c1cccc(C(=O)COC(=O)c2cccc3[nH]c(=O)[nH]c23)c1,0.511969873,2.327725643,-8.7,-7.6,1.2994,374.0572572
N#Cc1ccc(N(Cc2ccccc2)Cc2ccc3ccncc3c2)nc1,0.523027282,2.308339039,-9,-8.4,4.70828,350.1531466
Cc1ccnc2c(S(=O)(=O)Nc3cc(Cl)cc4c5c([nH]c34)CCNC5)cccc12,0.459477745,2.803410241,-10.4,-9.2,4.12442,426.0917245
Nc1ccc(NC(=O)N(C(=O)Nc2ccc3c(c2)Cc2ccccc2-3)c2ccccc2)cc1,0.299408411,2.357635276,-10.7,-9.4,6.1106,434.1742759
Nc1ccc(N(C(=O)Nc2ccccc2)C(=O)C(=O)Nc2ccc3c(c2)Cc2ccccc2-3)cc1,0.257931197,2.499316348,-10.3,-9.8,5.0438,462.1691906
O=C(Nc1ccc(-c2cccc(F)c2)cc1)C(=O)Nc1ccncc1I,0.456669716,2.125840508,-8.7,-8.9,4.0695,461.0036529
CC(Nc1cc(C(=O)CBr)ccc1F)c1ccncc1Cl,0.615542621,2.821585949,-7.2,-7.2,4.6248,369.988381
O=C(CN[C@H]1CC[C@H](c2nc3ccccc3o2)CC1)c1cccc2ccccc12,0.463021912,2.302038625,-9.8,-9.4,5.4797,384.183778
Clc1nc(Nc2nc(-c3ccc(-c4ccccc4)cc3)cs2)nc2c1oc1ccccc12,0.278197704,2.420364333,-10.2,-11.1,7.5635,454.0655098
Fc1cncc(N2CCC(c3c[nH]c4ccccc34)CC2)c1,0.772050189,2.249644541,-8.5,-8.4,4.086,295.1484758
Fc1cccc(NCc2ccc(-c3cccnc3)cc2)c1C1=CCNCC1,0.681890951,2.441646346,-8.6,-8.5,4.8765,359.1797759
O=C(CNc1ncnc2cc(Br)ccc12)c1ccc2c(c1)-c1ccccc1C2,0.395562021,2.384996663,-9.7,-10.1,5.2583,429.0476742
CC(Cc1ccc2[nH]ncc2c1)N(C)C(=O)C(=O)Nc1c(N)ccc2scnc12,0.354543807,3.463152608,-9.4,-8.4,2.7829,408.1368449
Cc1cc(C)c(-c2csc(Nc3cc(F)c4c(=O)[nH]ccc4c3)n2)cc1C,0.496895241,2.590763411,-9.2,-9,5.45956,379.1154614
Cc1cccc(-c2cccc(C(=O)Oc3cc4cc(Br)ccc4cn3)c2)c1,0.37252965,2.184720045,-10.1,-9.1,6.19192,417.0364409
Cc1cccc(-c2cccc(C(=O)Oc3ccc4cnc(Cl)cc4c3)c2)c1,0.247876144,2.100244305,-9.9,-9,6.08282,373.0869564
O=Cc1cc(NC2CC[C@@H](O)[C@@H](O)CC2)cc2cccnc12,0.597283805,3.462522906,-7.8,-7.8,2.1236,300.1473925
N#Cc1ccc2c(c1)N(C(=O)C(=O)Nc1cccc(-c3ccc4ccccc4c3)n1)CC2,0.491907658,2.488308641,-10.7,-10.1,4.30128,418.1429758
O=c1[nH]c2ccccc2c2c1CN(c1cnc3[nH]ccc3c1)CC2,0.56727744,2.596451222,-9.7,-8.9,2.9671,316.1324111
O=C(CCCc1ccc2c(c1)CC(=O)N2)NNc1ccc2ccsc2c1,0.581037387,2.552809854,-7.8,-7.7,3.8619,365.1197978
Cc1cc2[nH]ncc2cc1NS(=O)(=O)c1ccc(/C=C/C(=O)O)cc1,0.607922828,2.336764863,-8.1,-8.3,2.76992,357.078327
N#Cc1ccc(-c2ccc3c(c2)N(c2ccc(S(=O)(=O)c4ccc(N)cc4)cc2)CCO3)cc1,0.416033593,2.398651265,-9.7,-9.1,5.17078,467.1303625
CS(=O)(=O)c1ccc([C@H](O)CNc2cccc3cnncc23)cc1,0.737587466,2.808210083,-7.6,-7.9,2.1788,343.0990624
O=C(CCCc1n[nH]c2ccccc12)N(Cc1ccccc1)c1ccc2[nH]c(=O)[nH]c2c1,0.362814239,2.587053559,-9.5,-8.9,4.2886,425.185175
Nc1ccc(N(C(=O)CCn2c(=O)[nH]c(=O)c3ccccc32)c2ccc3cc(Cl)ccc3n2)cc1,0.361491233,2.612952678,-10,-9.3,4.2286,485.1254672
O=C(Cc1ccc2oc3ccccc3c2c1)Oc1ccc2nc[nH]c(=O)c2c1,0.383620673,2.392174712,-10,-9.6,3.9706,370.0953569
C[C@H]1COc2c(C3(NC(=O)C(=O)N4C(=O)C(c5cccc(N)c5)=C(c5cn(C)c6ccccc56)C4=O)CC3)c(F)cc3c(=O)c(C(=O)O)cn1c23,0.141343819,4.097756772,-10.3,-8.1,3.4778,689.1921911
c1cc(NNc2ccc3cnsc3c2)c2cnccc2c1,0.553216994,2.701001862,-7.7,-8,4.2835,292.0782674
Cn1c(=O)[nH]c(=O)c2ccc(C(=O)Oc3ccc4[nH]c(-c5ccccc5)c(CCC(=O)O)c4c3)nc21,0.247892494,2.651104168,-10.1,-9.8,3.0065,484.1382844
O=C([O-])c1ccc2c(c1)N(Cc1cccc3cnccc13)C(=O)C2,0.736628868,2.671208724,-8.7,-8.6,1.6876,317.0931659
NCc1ccc2c(c1)OCCN2c1cc2[nH]ncc2cc1[N+](=O)[O-],0.565135338,2.759908389,-8.2,-7.6,2.4603,325.1174893
c1cc(NCc2ccc3sccc3c2)c2ccncc2c1,0.570085848,2.144951313,-7.9,-8.4,5.0616,290.0877694
Cc1cc(=O)oc2cc(OCC(=O)N(N)C(=O)Nc3cc4ccccc4c4cccnc34)ccc12,0.133508039,2.734800217,-10.2,-10.4,4.11602,468.1433697
Cc1cc(=O)oc2cc(OCC(=O)NNC(=O)Nc3cc4ccccc4c4cccnc34)ccc12,0.207917263,2.502086949,-10.9,-11,4.03452,468.1433697
Cc1ccc(C)c2c1C(=O)N(c1cc(C#N)cc3[nH]ccc13)C2=O,0.698602963,2.756290209,-9.1,-8.6,3.45702,315.1007767
CC(NC(=O)C(=O)N1C(=O)Cc2cc(C(=O)CCl)ccc21)c1ccc2[nH]ncc2c1,0.378812275,3.32427051,-9.1,-8.5,2.2775,424.0938327
C[C@H](NC(=O)C(=O)Nc1ccc2cc[nH]c2n1)c1ccc2ccccc2c1,0.48970639,2.787477553,-9.6,-9.1,3.532,358.1429758
COC(=O)c1cccc2c1CCN(c1cc3cn[nH]c3cn1)C2,0.735607506,2.608752402,-8.4,-8.4,2.3072,308.1273258
Cc1cccc(-c2ccc(CNC(=O)C(=O)NC3CCN(c4ccnc(C)n4)CC3)cc2)c1,0.591762884,2.33110307,-9.6,-9.8,3.16184,443.2321252
N#Cc1ccc(Nc2ccc(Nc3ccccc3-n3ncc4c(=O)[nH]cnc43)cc2)cc1,0.387602986,2.516614934,-9.6,-9,4.46768,419.1494582
Nc1cccc2ccc(S(=O)(=O)Nc3cccc4cc(Br)c(I)nc34)cc12,0.208935588,2.624702885,-9.6,-9.3,5.1381,552.8956578
O=C1Cc2cc(S(=O)(=O)Cl)ccc2N1c1cccc(COc2ccccc2O)c1,0.616584896,2.367930963,-9.1,-8.5,4.1195,429.0437713
O=C(c1cccc2ccccc12)N1CCc2c(c(=O)[nH]c3ccccc23)C1,0.563930641,2.117566468,-10.2,-9.5,3.8798,354.1368278
CCCCCCCCCC=CC(=O)Oc1cc2ccc(Cl)cc2cn1,0.276218705,2.431376236,-6.8,-6.7,6.4905,359.1652068
Cc1nccc2c(S(=O)(=O)Nc3ccc(C#N)c4cnccc34)cccc12,0.588870792,2.517252236,-9.6,-8.9,3.7639,374.0837467
CC(NC(=O)N1CCc2cc(Cc3ccc(N)cc3)ccc21)c1ccc2[nH]c(=O)[nH]c2c1,0.371526946,2.965984044,-10,-9.7,3.8625,427.200825
O=C1CN(C(=O)Nc2ccc(Cc3nnc4ccccn34)cc2)c2cc(F)c(F)cc2N1,0.515632645,2.658064251,-10.4,-9.4,3.5889,434.1302802
O=Cc1cccc(Oc2cccc(OC(=O)c3cc4cccnc4[nH]3)c2)c1,0.325072917,2.370879224,-8.2,-8.3,4.3869,358.0953569
C[C@@H](Nc1cccc2c3c([nH]c12)CCNC3)c1cnc2ccccc2c1,0.512421649,3.041679414,-9.3,-9.1,4.5349,342.1844467
Cc1ccc2[nH]c(=O)ccc2c1OC(=O)c1[nH]c2ccc(Cl)cc2c1Cl,0.381698634,2.537142661,-8.8,-8.6,4.84382,386.0224976
Nc1nc(-c2ccc3c(c2)CC(=O)N3c2ccc(Cl)c3ccncc23)cs1,0.530715273,2.672653181,-9,-8.6,4.8147,392.0498597
O=c1[nH]cnc2c1cnn2-c1ccccc1Nc1ccc2c(Cl)nccc2c1,0.4549792,2.647615987,-9.5,-9.1,4.054,388.0839367
O=Cc1c(C(=O)O)[nH]c2ccc(OC(=O)c3ccn4ncc(Br)c4n3)cc12,0.290201139,2.886985476,-8.8,-8.2,2.703,427.9756315
O=C(Oc1cc(Br)c2occc2c1)c1ccc2oc3ccccc3c2c1,0.254101512,2.411978072,-9.6,-9,6.3139,405.9840709
O=Cc1cc(NC(=O)c2ccc(O)c(Cl)c2)cc(-c2cccnc2)c1,0.690455207,2.181939427,-9,-8.1,4.1724,352.06147
Cc1cc(Oc2ccc(Nc3ccc(NCc4ccc(C#N)cc4)c(C)c3)cc2)ncn1,0.374372183,2.323971172,-9.1,-8.8,6.11312,421.1902604
O=Cc1cccc(Nc2ccc3c(c2)CCC(=O)N3CC2CCC2)c1F,0.808379988,2.526093523,-8.6,-8.7,4.4611,352.1587061
O=Cc1cccc(Br)c1Nc1ccc2c(c1)CCC(=O)N2CC1CCC1,0.695567281,2.593017223,-8,-8.4,5.0845,412.07864
O=C(c1ccccc1)c1cc([N+](=O)[O-])ccc1Nc1cnn2cc(Cl)cnc12,0.308425611,2.494512352,-9.3,-8.2,4.2655,393.0628669
O=C(CBr)c1cc2cc(OC(=O)c3cccc4ccc(Br)cc34)ccc2o1,0.149886664,2.414391496,-9.3,-8.6,6.1453,485.9102331
O=c1[nH]cnc2ccc(S(=O)(=O)Nc3cccc4cn[nH]c34)cc12,0.522531735,2.523769259,-8.7,-8.5,1.6002,341.0582602
O=Cc1ccc2ccc(OC(=O)c3cc([N+](=O)[O-])ccc3Sc3ccccc3)cc2c1,0.124097511,2.374605,-9.6,-8.4,5.9309,429.0670936
N#Cc1cccc(CNCC(=O)c2ccc3c(c2)Cc2ccccc2-3)c1,0.557416232,2.21456289,-8.1,-8.7,4.10198,338.1419132
CC(C)(CNc1ccc2c(C=O)cccc2c1)c1ccc2ccccc2c1,0.433095862,2.260630696,-9.6,-9.2,6.1952,353.1779644
COc1ccc2c(NC(=O)C(=O)N(N)c3ccc4ncsc4c3)n[nH]c2c1,0.215356989,2.880361326,-8.8,-8,2.0266,382.0848093
NN(c1cccc(C(O)c2ccccc2)c1)c1ncnc2sc3c(c12)CCC3,0.403248229,3.11352994,-9.7,-8.9,4.2735,388.1357823
O=C(OCC(=O)N1CC=C(c2c[nH]c3ccccc23)CC1)c1cc(O)nc2ccc(Br)cc12,0.393028033,2.712461126,-10.4,-9.8,4.6569,505.0637182
O=C(Nc1cc(CCc2ccccc2)ccn1)Nc1ccccc1-c1ccccc1,0.411014998,1.932158043,-9.6,-8.6,6.1778,393.1841124
CN(c1ccc2[nH]c(-c3ccccc3)c(CCC(=O)O)c2c1)S(=O)(=O)c1ccc2ccccc2c1,0.304074366,2.373347755,-9.7,-9.5,5.8304,484.1456782
O=C1Cc2cc(S(=O)(=O)NC(=O)C(=O)N3CC=C(c4c[nH]c5ccccc45)CC3)ccc2N1,0.509251634,2.865040718,-11.2,-10.2,1.7833,464.1154407
O=C(CNCCOc1cccc2ccccc12)c1ccc2c(c1)Cc1ccccc1-2,0.302662023,2.191381379,-7.6,-8,5.2623,393.172879
O=C(Nc1ccc(-n2c(=S)[nH]c3ccccc3c2=O)cc1)c1ccc2c(c1)CNCC2,0.431979123,2.335391396,-10.2,-9.4,3.94629,428.1306969
Cc1ccc2[nH]c(=O)ccc2c1N1C(=O)NC2(CCc3ccccc3C2)C1=O,0.643709234,3.576890417,-10,-10.1,2.82042,373.1426415
Cc1c(C(=O)OC(F)(F)c2ccc3onc(N)c3c2)c(O)nc2ccccc12,0.51484513,2.941591568,-9.2,-9.1,3.87852,385.0874123
Nc1cc2c(cc1Br)CCC(=O)N2c1ncnc2[nH]c3ccccc3c12,0.465133962,2.814613489,-9.6,-9,4.0667,407.0381722
Cc1ccc(NC(=O)C(=O)NCc2ccc(Cn3cnc4ccccc43)cc2)c2cccnc12,0.39382459,2.288238435,-10,-9.7,4.19612,449.185175
FC(F)(Nc1cc(CCc2ccccc2)ccn1)c1cnc2c(c1)CNCC2,0.633230498,2.882492348,-9.2,-8.7,4.0689,380.1812531
O=C(Nc1ccccc1)N(C(=O)Nc1ccnc(-c2ccoc2)n1)c1ccc(O)cc1,0.443758615,2.625892934,-9.5,-8.3,4.7128,415.128054
Cc1cc(Nc2ccccc2OCc2ccc(C#N)cc2)ncc1C#N,0.741505147,2.252943336,-8.2,-7.9,4.45598,340.1324111
N#Cc1cccc(N2CCN(C(=O)C(=O)Nc3cccc4[nH]c(=O)[nH]c34)CC2)c1,0.563460394,2.554204495,-9.6,-8.7,1.01518,390.1440384
CC(=O)c1ccc2c(c1)N(c1cncc3c(Cl)cccc13)c1ccccc1S2,0.296729599,2.509703271,-8.8,-7.6,7.0252,402.0593618
O=[N+]([O-])c1cc2cn[nH]c2cc1N1CCc2ccccc2-c2ccccc21,0.412131632,2.507985942,-8.9,-9.2,4.8323,356.1273258
O=C(Oc1ccc2c(c1)oc1ccccc12)c1ccc2sncc2c1,0.316770724,2.404034396,-9.2,-9.1,5.4149,345.0459642
O=C1CCOc2c1ccc(NNC(=O)c1cccc3ccccc13)c2Cl,0.681080901,2.429825182,-9.2,-9.9,4.2153,366.07712
O=C(OCc1ccccc1)C1=CCN(Cc2nc3ccccc3c3ccccc23)CC1,0.333535029,2.339606546,-9.7,-9.5,5.2635,408.183778
Cc1ccc2nc(C(=O)Oc3ccc(-c4ccc(C=O)cc4)cc3)ccc2c1,0.28106715,2.074667374,-9.3,-8.9,5.24192,367.1208434
CC(c1ccc(-n2cnc3ccccc32)cc1)N(C)C(=O)C(=O)Nc1[nH]ncc1-c1cccnc1,0.381942678,3.277144323,-9.6,-9.6,3.9687,465.191323
O=C(/C=C/c1ccnc2ccccc12)Oc1cc2c(cc1Cl)CNCC2,0.430632619,2.540856615,-9.6,-8.9,4.1527,364.0978555
O=C1NC2(CN(C(F)(F)Oc3ccc4nccc(O)c4c3)C2)Nc2ccccc21,0.588493376,3.588330281,-9.8,-9,2.7369,398.1190468
N#Cc1ccc2cc(C(=O)Oc3ccnc4ccncc34)ccc2c1,0.522850992,2.293416673,-8.8,-9.1,3.87388,325.0851266
O=C1Cc2cc(CNC(=O)N(Cc3ccccc3O)Cc3ccccc3O)ccc2N1,0.492966685,2.437673453,-9.1,-8.8,3.5044,417.1688562
O=C(NCc1ccc(-n2cnc3ccccc32)cc1)NCc1cnoc1,0.581074264,2.375576742,-8.5,-8.8,3.0129,347.1382248
C[C@@H](Nc1ccc2c(c1)oc1ccccc12)c1cccc(C#N)c1,0.53300638,2.543324666,-9.3,-8.9,5.63078,312.1262631
O=S(=O)(Nc1ccc2nccnc2c1I)c1ccc2cnccc2c1,0.470898351,2.561916621,-8.7,-8.4,3.5834,461.9647446
N[C@H]1CCCC[C@H]1Nc1c[nH]c(=O)c2ccccc12,0.772130868,3.041987744,-7.3,-7.6,2.2099,257.1528122
Cc1c(C(=O)Oc2c(O)cccc2-c2cccnc2)[nH]c(=O)c2ccccc12,0.421229382,2.437277545,-8.9,-9.3,3.82332,372.111007
Oc1c(CNc2cc(I)cc3ccccc23)cc(Cl)c2cccnc12,0.370639944,2.438628159,-9.3,-8.8,5.9637,459.9839387
O=[N+]([O-])c1c(O)cccc1Nc1c(Cl)ccc2ccncc12,0.557018034,2.47546033,-8.5,-7.7,4.2456,315.0410689
Cc1cc(C(=O)Oc2cc(-c3ccccc3)ccn2)c2ccccc2n1,0.501564995,2.043930906,-9.4,-8.8,4.82442,340.1211778
CC(Nc1ccc(Sc2cccc(N)c2)cc1)c1ccc2ccccc2c1,0.381744379,2.527492713,-9.1,-9.2,6.7463,370.1503697
Cc1ccc2c(c1)N(CCc1ccc3ccccc3c1)CCNC2,0.774795871,2.148775816,-8.8,-9.1,4.30052,316.1939488
Cc1cc(N2CCN(S(=O)(=O)c3cccc4cnccc34)CC2)[nH]n1,0.772557677,2.710557005,-8.1,-8.3,1.77722,357.1259458
N#Cc1cccc(C(N)COC(=O)c2ccc3ccc4ccccc4c3n2)c1,0.432896865,2.815710616,-9,-8.7,4.11648,367.1320768
O=C(CCl)c1ccc(Nc2ccc(Cn3cnc4ccccc43)cc2)c(Cl)c1,0.31791642,2.189243442,-8.8,-8.4,5.9031,409.0748675
O=C(O)c1ncc2cc(N3CCc4ccc(OCc5ccccc5)cc4C3)ccc2n1,0.522252428,2.381642672,-9.3,-9.1,4.4697,411.1582915
OC(CNc1ccc(F)c2occc12)c1ccc2ccccc2c1,0.563447207,2.741081369,-8.8,-8.7,4.8706,321.116507
Cc1cccc(-c2ccc(CNc3ccc(C#N)cc3N)cc2)c1,0.684566452,1.945307051,-8.9,-8.6,4.728,313.1578976
O=C(c1nc2cnccc2s1)N1CCCc2cc(CN3CCCC3)ccc21,0.693967047,2.506335577,-8.6,-8.7,3.8801,378.1514323
O=C(CBr)c1cc2cc(N3C(=O)C(=O)c4cc(Br)ccc43)ccc2o1,0.322922549,2.61571739,-8.5,-8.1,4.6339,460.889832
Cc1nc(OC(=O)c2[nH]c(=O)c3ccccc3c2C)c2cc[nH]c2n1,0.548858864,2.749175397,-9.1,-8.4,2.63544,334.1065903
O=C(c1ccccc1)c1cccc(N2CC=C(c3ccccc3Cl)CC2)c1,0.533263103,2.131824501,-9.5,-8.9,5.8647,373.1233419
N#Cc1cccc(COc2cccc(N3C(=O)CCc4ccc(C(=O)O)cc43)c2)c1,0.685805831,2.287042727,-9.1,-9.2,4.44638,398.1266571
O=C(NS(=O)(=O)c1ccccc1-c1ccc(CO)cc1)C(=O)N1CCc2[nH]c3c(Cl)cc(Cl)cc3c2C1,0.327144916,2.803480525,-10.3,-9.7,4.0238,557.0578971
Cn1c(=O)oc2cc(CNC(F)(F)c3ccc4c(Cl)ccnc4c3)ccc21,0.532030789,2.853401265,-8.9,-8.5,4.1722,389.0742608
O=C(Oc1cnc2[nH]ccc2n1)c1cccc2c1CCCCC2,0.581430642,2.625731628,-8.8,-9,3.446,307.1320768
O=C1CCc2cc(OCC(=O)N3CCCC4(C3)NC(=O)N(C(=O)c3ccc5c(c3)oc3ccccc35)C4=O)ccc21,0.301641472,3.861320399,-12.3,-12.4,3.8471,551.1692501
O=C1CCc2cc(NC(=O)N3CCN(Cc4nc5ccccc5c(=O)[nH]4)CC3)c(F)cc2N1,0.567249867,2.606981126,-10.3,-10.3,2.2966,450.1815668
Cc1n[nH]c2cc(C(=O)Oc3cc(S(=O)(=O)F)c4ncccc4c3)ccc12,0.329796734,2.694150456,-9.8,-9.2,3.29692,385.0532551
O=c1[nH]c2cccc(CNc3ccc4ccncc4c3F)c2o1,0.608106788,2.680756535,-8.9,-8.4,3.4205,309.0913548
NNC(=O)N(c1ccc(S(N)(=O)=O)cc1)c1ccc(F)c2ccncc12,0.364460083,2.688064105,-8.6,-8.4,1.7427,375.0801385
NNC(=O)Nc1ccc(S(=O)(=O)Nc2ccc(F)c3ccncc23)cc1,0.315795052,2.290665949,-8.8,-8.4,2.1699,375.0801385
Cc1csc2ncnc(N3C(=O)C(=O)c4cc(-c5ccccc5)ccc43)c12,0.485845017,2.530730104,-9.6,-9.8,4.52772,371.0728477
O=C(Nc1ccc2cn[nH]c(=O)c2c1)c1ccccc1C(=O)c1ccc2c(c1)OCCO2,0.484238774,2.342426755,-10.5,-9.5,3.1776,427.1168206
O=C(Nc1ncc(-c2ccccc2)cn1)NC(c1cccc(F)c1)c1cccc(Br)c1,0.373118618,2.677283698,-9.3,-9,5.9563,476.0648015
COc1ccc2[nH]cc(C3=CCN(C(=O)Nc4ccc(-c5cccnc5)c(C)c4)CC3)c2c1,0.41871888,2.511659315,-9.8,-9.6,5.86812,438.2055761
O=C(Nn1cnc2sc3c(c2c1=O)CCCC3)N1CCc2ccccc2-c2ccccc21,0.463434603,2.686750286,-10.4,-10.2,4.73,442.1463469
O=C(Oc1ccc2[nH]c(=O)[nH]c(=O)c2c1)c1n[nH]c(=O)c2ccccc12,0.3587948,2.383970238,-9.8,-9.1,0.6721,350.0651194
Cc1cc2ccccc2nc1NNC(=O)c1ccccc1-c1cccc2ccccc12,0.355490069,2.165470737,-10,-9.4,6.12032,403.1684623
O=C1Cc2cc(C(F)(F)F)ccc2N1C(=O)Nc1nccc2cc(Br)ccc12,0.558996012,2.67491287,-10,-9.4,5.1373,448.9986734
Cc1csc(Sc2ccc(NCC(=O)c3cccc4ccccc34)cc2)n1,0.406935651,2.267317004,-8.3,-8.1,6.05072,390.0860552
Cc1nc2ccccc2c(NS(=O)(=O)c2cc(Cl)cc3cccnc23)c1C,0.535758622,2.395337703,-9.1,-9.6,4.85404,397.0651754
O=[N+]([O-])c1c(O)cccc1N1CCc2[nH]c3ccc(Br)cc3c2C1,0.511497715,2.609630994,-8.8,-8.3,4.1069,387.0218534
CCc1cccc2c(C3=CCN(c4ccc5cccc(O)c5c4)CC3)c[nH]c12,0.473670001,2.593393098,-9.3,-9.2,5.8828,368.1888634
c1ccc2cc(NCCNc3cccc4cnccc34)ccc2c1,0.513907422,2.000803958,-7.2,-7.6,4.912,313.1578976
O=C(/C=C/c1cccc(F)c1F)Nc1nc(-c2cccc3ccccc23)cs1,0.439893651,2.238504981,-9.5,-9.3,5.8934,392.0794905
Cc1c(NCc2ccc3cnccc3c2)ccc2ccccc12,0.554269561,1.998478461,-9.1,-8.6,5.30852,298.1469986
O=S(=O)(Nc1cc(-c2cccnc2)ccn1)c1cnc2ccc(F)cc2c1,0.584339797,2.324186317,-9.2,-8.8,3.6317,380.0743249
Cc1cc(Nc2cccc(C(O)c3cccc(Cl)c3)c2)c2cccnc2c1C,0.428978022,2.692816962,-9.6,-8.6,6.33034,388.134241
O=S(=O)(Nc1ccc2sncc2c1)c1cccc2[nH]ccc12,0.603103669,2.581639463,-8.3,-7.7,3.5784,329.0292686
O=C1CCCc2cc(-c3csc(Nc4cccc(S(=O)(=O)Cl)c4)n3)ccc2N1,0.579096607,2.467465622,-9.8,-9.3,4.756,433.0321611
O=C(/C=C/c1cccc([N+](=O)[O-])c1)OS(=O)(=O)c1ccc2c(c1)Cc1ccccc1-2,0.207877949,2.572698105,-9.7,-9.7,4.1113,421.0620082
CS(=O)(=O)c1ccc(C(=O)O)c(Nc2ccc3oc4ccccc4c3c2)c1,0.542721166,2.149322521,-9.1,-9,4.4313,381.0670936
COC(=O)c1cccc(Br)c1NCc1ccc2[nH]c(=O)[nH]c2c1,0.611272486,2.374730306,-7.7,-8,3.0174,375.0218534
O=C(OS(=O)(=O)c1ccc2ncccc2c1)c1cccc2c3c([nH]c12)CCNC3,0.506603538,2.80350668,-9.6,-8.8,2.9075,407.093977
Cc1cccc(C(=O)c2cccc(N(C(N)=S)c3cnc4ccccc4c3)c2)c1,0.380878181,2.43636038,-9.8,-8.8,5.15592,397.1248832
C[C@H](NC(=O)C(=O)N1C(=O)C(=O)c2ccccc21)c1ccc2ccccc2c1,0.701370779,2.738606039,-9.7,-9.4,2.7731,372.111007
N#Cc1ccc2nc(OC(=O)c3cccc4[nH]c(=O)[nH]c34)ccc2c1,0.548442786,2.580205082,-9.8,-9,2.49528,330.0752902
O=S(=O)(NCc1ccc2ccncc2c1)c1cccc2cccnc12,0.613727126,2.160931742,-9.1,-7.6,3.2615,349.0884977
Cc1[nH]nc2ncc(C(=O)Oc3cccc(C=O)c3)cc12,0.452078352,2.441282082,-7.7,-7.8,2.29802,281.0800412
O=C1NCCc2cc(N3CC=C(c4ccc(F)cc4)C3)c([N+](=O)[O-])cc21,0.679978862,2.775546953,-9.1,-8.8,2.9234,353.1175696
NN(C(=O)C(=O)Nc1c(O)ccc2[nH]ccc12)c1cccc2cnccc12,0.1433005,2.81829819,-8.9,-8.8,2.2671,361.1174893
NCc1cccc2c1N(C(=O)C(=O)Nc1ccc(-c3nc4ccc(N)cc4[nH]3)cc1)C(=O)C2,0.283913889,2.830957085,-9.7,-8.7,2.3252,440.1596885
Cc1cccc(-c2cccc(CNc3ccc(C(=O)CBr)cc3Cl)c2)c1,0.358224165,2.05161951,-8.6,-8.5,6.50512,427.033854
COc1ccnc2c(NC(=O)Nc3nc(-c4ccc5ccccc5c4)cs3)cccc12,0.360582108,2.228647237,-9.7,-9.4,6.1641,426.1150468
O=C(Nc1cccc2ccncc12)C(=O)N1CCCCCNCCCCCNCCCCC1,0.573350893,2.989778058,-9.7,-8.8,3.7056,453.3103755
O=C1Cc2cc(S(=O)(=O)Nc3cc4cnccc4cc3F)ccc2N1,0.754283356,2.455792948,-9.2,-8.4,2.6693,357.0583405
COC(=O)c1ccc2cc(Nc3cc(OC)cc4ccncc34)ccc2c1,0.524403133,2.159491642,-8.7,-8.3,4.9268,358.1317424
O=C(CBr)c1cccc(N[C@@H]2C[C@H]2c2cccc3c2OCCO3)c1,0.621449928,3.242381135,-8.1,-8,4.0034,387.0470055
CC(N)c1ccc2c(c1)CC(=O)N2C(=O)c1cc2c(cn1)Cc1ccccc1-2,0.549566204,3.172632923,-9.3,-9.4,3.402,369.1477268
Fc1ccnc2c(C(F)(F)Nc3ccc4c(Br)cccc4c3)cccc12,0.387725007,2.701067743,-9.3,-9.3,6.451,416.0135951
Cn1cc(C(=O)Oc2c[nH]c3ncccc23)c(=O)c2cnn(C)c21,0.562183461,2.889620587,-8.6,-8.7,1.3675,323.1018393
O=C(Cc1ccc2ncccc2c1)Oc1ccc(F)c2cnccc12,0.419093506,2.252927106,-9,-8.5,4.0702,332.0961059
N#Cc1ccc(NCc2cc3cnccc3[nH]2)c(C(F)(F)F)c1,0.765456104,2.572915631,-7.9,-8.2,4.06548,316.093581
O=C(Nc1cccc2cccnc12)c1ccc(NC(F)(F)c2ccc3c(c2)CCN3)cc1,0.359881044,2.640281345,-10.3,-9.9,5.6165,430.1605177
O=C(Nc1ccc(C(=O)Nc2cccc3cccnc23)cc1)C(=O)N1CCc2cc(C(F)(F)F)ccc21,0.382963989,2.453075186,-11.2,-10.4,5.0337,504.1409251
CS(=O)(=O)c1ccc(Sc2ccccc2C(=O)Oc2cccc3c(F)cccc23)cc1,0.284905356,2.219529403,-8.8,-8.4,5.7528,452.0552292
COc1ccc2[nH]nc(NCC(=O)c3c[nH]c4ncccc34)c2c1,0.491226377,2.536747749,-8.7,-7.8,2.7426,321.1225747
OCCc1cnc2c(N(O)Cc3cccc4ccccc34)cnn2c1,0.549102337,2.8064015,-8.6,-8.5,2.8131,334.1429758
CS(=O)(=O)N(Cc1ccc2ccncc2c1)c1cccc2c1CCNC2,0.770222132,2.636265797,-8.4,-8.5,2.8467,367.1354479
CS(=O)(=O)Nc1cccc2c1CCN(Cc1ccc3ccncc3c1)C2,0.769371302,2.323887336,-9.3,-8.4,3.1646,367.1354479
Brc1cc(N2CC(Oc3ccc4cccnc4c3)C2)cc2ccncc12,0.489459813,2.548743457,-9.2,-8.5,4.8131,405.0476742
N#Cc1ccc2c(c1)C(=O)N(c1ccc(-c3ccncc3)cn1)CC2,0.724826631,2.389626579,-8.7,-8.7,3.21818,326.1167611
Nc1cc(S(=O)(=O)Nc2cc(-c3cccc(Cl)c3)ncn2)ccc1C(=O)O,0.555996126,2.296095808,-9,-8.1,2.8782,404.0346036
CN(Cc1cc(C#N)ccc1F)c1ccc2cnccc2c1,0.734860333,2.313872808,-8.4,-8.6,3.88198,291.1171757
O=C(Nc1cc(Cc2ccccc2)ccn1)C(=O)N(Cc1ccccc1)c1ncnc2[nH]cnc12,0.372351927,2.784798006,-9.8,-9.2,3.5106,463.1756729
O=C(OCc1cccc2cnccc12)c1cc2c(O)cccc2[nH]1,0.563719363,2.295280716,-8.6,-9.1,3.7787,318.1004423
O=c1[nH]c2ccc(N(Cc3ccccc3)c3ccc(S(=O)(=O)Cl)c(F)c3)cc2[nH]1,0.462126594,2.576832276,-9.2,-9.3,4.2611,431.0506682
Fc1ccc2c(NC(c3ccc(Cl)cc3)c3cccc(I)c3)ccnc2c1,0.31840175,2.708392938,-9,-8.3,6.8334,487.9952524
O=Cc1cc(F)c(Cl)cc1N(c1cccc(F)c1)c1ncc(Br)cn1,0.52233254,2.776445522,-8.1,-6.9,5.453,422.9585581
Nc1cccc2c1C(=O)N(c1cc3nc[nH]c3cc1C(F)(F)F)C2=O,0.523344715,2.725093377,-8.8,-7.9,2.9645,346.0677602
CC(Cc1ccc2[nH]ncc2c1)NCC(=O)c1ccc(Cl)cc1,0.679791992,2.657778508,-8.1,-7.4,3.6198,327.1138399
O=C(Oc1ncc(Br)c2cc[nH]c12)c1ccccc1-n1cnc2ccccc21,0.41179736,2.731898539,-8.4,-8.3,4.8835,432.0221878
O=C(OCc1ccc2ccoc2c1)C1(c2ccnc3ccccc23)CC1,0.501555452,2.540532323,-7.9,-8.6,4.756,343.1208434
Cc1cccc(-c2cccc(C(=O)Oc3cccc(F)c3N=[N+]=[N-])c2)c1,0.191828632,2.38871161,-9.2,-8.5,5.96212,347.1070049
Cc1cc(O)nc2ccc(NC(=O)C(=O)N3C(=O)Cc4ccc(Cl)cc43)cc12,0.616943214,2.737561391,-10.1,-9.7,2.95662,395.0672836
[N-]=[N+]=Nc1cccc(S(=O)(=O)Nc2cccc(C(=O)c3ccc(F)cc3)c2)c1,0.27939653,2.300845519,-9.2,-8.5,4.7993,396.0692395
Cc1ccc(C2=CCN(c3cc4c(nn3)-c3ccccc3C4=O)CC2)cc1,0.539251475,2.505421775,-9.5,-9.4,4.29012,353.1528122
Cc1cnc2c(NC(C)c3ccc4c(c3)CCC(=O)N4)cnn2c1,0.77743622,3.153100423,-8.7,-8.6,3.09552,321.1589602
NN(C(=O)Nc1ccc2[nH]c(-c3ccccc3)nc2c1)c1ccnc2cc(Cl)ccc12,0.204853427,2.551008319,-10.3,-8.6,5.3437,428.1152368
O=C(NNc1ccnc2cc(Cl)ccc12)C(=O)Nc1ccc2[nH]c(-c3ccccc3)nc2c1,0.23461132,2.438923738,-10.2,-9.6,4.5133,456.1101515
CN(c1ccc(C#N)cn1)c1nc(-c2ccccc2)c2ccccc2n1,0.556479391,2.361417749,-9.4,-9.3,4.33138,337.1327455
O=Cc1ccc2ccccc2c1NCCc1ccc2cccnc2c1,0.53281068,2.253543544,-8.2,-8.7,4.8551,326.1419132
Cc1sc2ncnc(Nc3ccc(Oc4cc(Cl)ccc4C=O)cc3Cl)c2c1C,0.337161796,2.531389875,-9,-8.9,6.96334,443.0262031
N#Cc1cccc2c1CCN2C(=O)C(=O)Nc1ccc(C2=CCCCC2)cn1,0.818409289,2.805284468,-9.5,-9.3,3.43848,372.1586259
COC(=O)c1ccc2c(c1)C[C@@H](C)N2c1ccc2nc[nH]c(=O)c2c1,0.728968903,2.933563841,-8.8,-7.9,2.7924,335.1269914
CS(=O)(=O)c1cccc(OCC(=O)Nc2nccc3ccc(Br)cc23)c1,0.66410211,2.190685338,-9,-8.8,3.4183,433.9935901
CS(=O)(=O)c1cccc(OCC(=O)Oc2ccc3ccnc(N)c3c2)c1,0.540057563,2.2297846,-7.8,-7.8,2.2049,372.0779926
NS(=O)(=O)c1cnc2ccc(NCCc3ccc4cc[nH]c4c3)cc2c1,0.505239823,2.428348259,-8.6,-8.5,3.0181,366.1150468
N#Cc1ccc(N(CCN)c2nc(Cl)nc3[nH]ccc23)nc1,0.71297464,3.121967313,-7.4,-7,1.97478,313.0842711
N#Cc1ccc(NCCNc2nc(Cl)nc3[nH]ccc23)nc1,0.493556549,2.721981049,-7.1,-6.5,2.40198,313.0842711
Nc1c(C(=O)Oc2cc(Br)cc3[nH]ncc23)sc2ncccc12,0.402484708,2.682015997,-8.4,-7.8,3.7365,387.9629586
O=C(NCc1ccc2cn[nH]c2c1)C(=O)N1CCCN2c3ccccc3CC2C1,0.655644594,3.019481115,-10.3,-9.1,1.8427,389.185175
O=C(NCc1ccncc1Cl)Nc1cccc(-c2cccc(Br)c2)c1,0.590975357,2.017016621,-8.4,-8.4,5.4862,415.0087019
NCc1ccncc1Nc1cccc(-c2cccc(Br)c2)c1,0.713235268,2.139730809,-8.1,-8.1,4.7134,353.0527596
Nc1cccc(-c2cccc(NCc3ccncc3Cl)c2)c1,0.692652564,2.018931771,-8.3,-8.1,4.5963,309.1032752
Cc1ccc2c(c1)CNCCN2C(=O)NCc1cccc2[nH]ncc12,0.674061317,2.546478844,-9.6,-9.2,2.69072,335.1746103
O=C(O)CCCc1ccc2c(c1)CC(=O)N2C(=O)C(=O)Nc1cccc2cnccc12,0.616742868,2.624397235,-9.5,-9,2.6965,417.1324707
Clc1cc(Br)c2c(c1)CCN(c1cccc3[nH]ncc13)C2,0.688903607,2.595850934,-8.9,-8.3,4.5415,360.9981372
N#Cc1cc(CO)cc(Nc2ccc3cc(Br)ccc3c2N)c1,0.602556495,2.425584033,-8.4,-8,4.29208,367.0320242
O=C(NNc1cccc(F)c1F)C(=O)NC(c1cccc2ccccc12)C(F)(F)F,0.337858088,3.033583777,-9.1,-9,3.9809,423.1006178
O=[N+]([O-])c1ccc2c(S(=O)(=O)NS(=O)(=O)c3ccc4c(c3)Cc3ccccc3-4)c[nH]c2c1,0.298982019,2.682740204,-10.3,-9.8,3.3145,469.0402272
N[C@@H]1COC[C@H]1NC(=O)C(=O)NCc1ccc(-c2ccc3c(c2)CCO3)cc1,0.678425636,3.197816461,-8.5,-8.5,0.747,381.1688562
O=Cc1cscc1NCCc1ccc2[nH]ccc2c1,0.694340932,2.710913229,-6.7,-6.7,3.6965,270.0826841
Cc1c(C(=O)Oc2cncc3ccsc23)[nH]c(=O)c2ccccc12,0.567025512,2.649335814,-8.5,-8.2,3.66542,336.0568632
O=C1NC2(CNC2)N(c2cc3cnccc3cc2Br)c2ccccc21,0.66481992,3.396679307,-8.7,-8.8,3.1783,394.0429232
Cc1cc(-c2cccc(Cl)c2)ccc1NCC(O)c1cccc(C#N)c1,0.644303949,2.544934016,-8.7,-8.8,5.3326,362.1185909
N#Cc1ccc(-c2ccc3c(c2)N(c2nccc4ccsc24)CCO3)cc1,0.476821764,2.578390962,-9.2,-8.6,5.36548,369.0935831
O=C(Nc1ccccc1Cc1cccnc1)N1CCC(n2cnc3ccccc3c2=O)C1,0.53843719,2.782732407,-10.2,-9.2,3.8612,425.185175
Nc1nsc2c(OC(=O)/C=C/c3ccc4ncccc4c3)cccc12,0.343615231,2.622171784,-8.9,-8.5,4.0455,347.0728477
Cc1ccc(-c2csc(Nc3cnn4cc(CCO)cnc34)n2)c(C)c1,0.563319864,2.688792566,-8.8,-7.9,3.74804,365.1310312
Brc1cccc2c(Nc3nc4c(ccc5ccccc54)s3)cccc12,0.338576976,2.147066621,-10,-9.1,7.1088,403.9982815
CNC(=O)c1ccc2n1CCN(S(=O)(=O)c1cccc3cncc(C)c13)C2C,0.73456773,3.31266032,-8.7,-8.9,2.46982,398.1412616
CS(=O)(=O)c1ccc(C(=O)NNC(=O)Nc2cccc3c(O)cccc23)cc1,0.503578675,2.088077367,-9.1,-8.9,2.4154,399.0888916
O=C(O)c1[nH]c2ccc(Br)cc2c1N1C(=O)Cc2ccc(Br)cc21,0.599360117,2.742113401,-8.9,-8,4.6119,447.9058164
Cc1ccc2cnccc2c1NCCCCn1c(=O)oc2ccccc21,0.527055638,2.366500745,-8.2,-8.2,4.34342,347.1633769
N#Cc1cccc(ONCc2ccc3ccncc3c2)c1,0.742831587,2.480483075,-7.9,-7.9,3.19008,275.105862
O=C(CBr)c1cccc(NC(c2ccccc2)c2ccc3c(c2)CCCO3)c1,0.392734238,2.739494668,-9.1,-8.3,5.7907,435.083391
NN(C(=O)c1c[nH]c2ccccc12)S(=O)(=O)c1cc(Cl)cc2cccnc12,0.311803581,2.623906731,-8.7,-9.1,3.0743,400.039689
O=C(NNc1cc(S(=O)(=O)Cl)c2ncccc2c1)c1c[nH]c2ccccc12,0.359524312,2.474848839,-9.8,-8.6,3.4005,400.039689
Nc1cc2c(=O)[nH]cnc2cc1N(N)c1c(F)cccc1Br,0.368369215,3.057539751,-8,-7.6,2.4187,363.0131003
O=C(NNc1c(F)cccc1Br)C(=O)Nc1cc2c(=O)[nH]cnc2cc1F,0.369220656,2.749753039,-9,-8.8,2.0456,436.9935077
COc1cc2c(cc1NC(=O)C(=O)N1CCc3c(cccc3C(N)=O)C1)oc1ccccc12,0.472006002,2.528034171,-9.8,-9.6,3.2169,443.1481208
O=C1CCCc2cc(O)ccc2N1C(=O)Nc1n[nH]c2cc(F)ccc12,0.624287494,2.636587702,-9.4,-9.2,3.309,354.1128186
O=C(CN1C(=O)CCc2ccccc21)Oc1cccc2c1oc1ccccc12,0.393753932,2.263513548,-9.6,-9.3,4.4708,371.115758
O=c1c2ccccc2cnn1Cc1nc(CNc2ccnc3ccncc23)cs1,0.486297162,2.608656871,-9.4,-8.5,3.4566,400.1106301
Cc1cnnc(N2CCc3c(C4CC4)cccc32)c1,0.819211601,2.618233279,-7.6,-7.4,3.35662,251.1422475
Oc1cccc2c1CCCCN2c1nc2cn[nH]c2cc1Br,0.691734078,2.847632732,-8.1,-8.2,3.9004,358.0429232
O=C(Oc1cc2c(cc1Cl)C(=O)NC2=O)c1ccc(Sc2ccc([N+](=O)[O-])cc2)cc1,0.198171361,2.463821475,-9.4,-8.9,4.5022,454.0026348
CCc1cccc2c(C3=CCN(c4cccc(C(=O)c5ccc(I)cc5)c4)CC3)c[nH]c12,0.225312181,2.622165216,-9.6,-9.7,6.8596,532.1011614
N#Cc1ccc2c(c1)C(=O)N(c1cncc3c(F)cccc13)CC2,0.690533318,2.509730463,-8.9,-9,3.44848,317.0964402
CN(Cc1cc2ccccc2n(C)c1=O)Cc1ccnc2[nH]ccc12,0.624828743,2.470014698,-8.4,-8.7,3.0468,332.1637113
O=Cc1cc2ccc(NC(=O)c3ccc4c(c3)CCCN4)cc2nc1Cl,0.53558575,2.433840566,-9.2,-8.7,4.3111,365.0931044
Nc1cc(Cl)c(F)cc1NC(=O)NC(c1ccccc1)c1cccc(F)c1,0.544300005,2.578084701,-9.8,-8.5,5.1115,387.0949963
Nc1cc(F)c(NC(c2ccccc2)c2cccc(F)c2)cc1N,0.625603243,2.626159631,-8.3,-8.5,4.3307,325.139054
O=C(CNc1ccc2cc(I)ccc2c1)c1c(F)cccc1Cl,0.42762074,2.2479464,-8.9,-7.9,5.5317,438.9636179
O=[N+]([O-])c1cccc2c(Nc3cc(S(=O)(=O)Cl)ccc3O)nccc12,0.307440484,2.420345551,-8.7,-7.9,3.5197,379.0029691
[N-]=[N+]=Nc1c(Br)cccc1NCCc1cnc2c(Cl)cnn2c1,0.385961983,3.134006906,-7.5,-7.1,4.7416,390.9947831
NC(=O)Nc1cccc2c1CCCN2C(=O)Nc1ccc(-c2ccccc2)cn1,0.62698743,2.302275911,-9.6,-9.1,4.2239,387.1695249
Cc1nc2ccccc2cc1CN1CC=C(c2cccc(Cl)c2F)CC1,0.597220329,2.406639336,-9.3,-8.8,5.62502,366.1299045
O=C1C=CC(=O)N1c1cccc(S(=O)(=O)Nc2cc3[nH]c(=O)cnc3cc2F)c1,0.619184438,2.73501193,-9.8,-9.1,1.2924,414.0434187
O=c1cc(CN2c3ccccc3CC2Cc2ccccc2)[nH]c2ccccc12,0.568135209,2.733280032,-10,-9.4,4.7021,366.1732133
O=S(=O)(Nc1cccc2cc(Br)c(I)nc12)c1ccc2c(c1)CCCO2,0.382246006,2.683481257,-9.2,-8.9,4.7277,543.8953234
O=c1[nH]ccc2cc(N3CCNCc4cccc(Br)c43)ccc12,0.689127384,2.66839626,-8.1,-8.4,3.5319,369.0476742
NCc1ccc2c(NC(=O)C(=O)N3CCN(c4nccc5sccc45)CC3)noc2c1,0.472760626,2.797865242,-9,-8.5,2.1835,436.1317595
CS(=O)(=O)c1ccc(C(=O)CN2CC=C(c3c[nH]c4ccc(F)cc34)CC2)cc1,0.649248438,2.453221582,-8.9,-9.1,3.6825,412.1256918
O=C(Nc1ccc2c(c1)CCC(=O)N2CC1CCC1)C(=O)N1C(=O)C(=O)c2cccc(Cl)c21,0.701251065,2.794720477,-10.5,-9.7,3.1139,465.1091484
O=S(=O)(Nc1ccc2cn[nH]c2n1)c1c[nH]c2ncncc12,0.517543865,2.963215665,-8.4,-7.9,1.03,315.0538435
O=C(OCC(=O)c1c[nH]c2ncccc12)c1ccc(-n2cnc3ccccc32)cc1,0.358956358,2.319248683,-8.8,-8.6,3.9415,396.1222404
O=C(CNc1ccc2c(c1)C(=O)c1ccccc1C2=O)c1cccc(Cl)c1,0.536510419,2.075815273,-9.9,-8.9,4.4102,375.066221
Cc1ccc2[nH]cc(C(=O)Oc3nc(-c4cccc([N+](=O)[O-])c4)n[nH]3)c2c1,0.324961724,2.714002485,-9.4,-8.8,3.38882,363.0967539
Fc1cc(F)cc(C2(Nc3ccnc(Br)c3)CC2)c1,0.854749448,2.814378987,-7.2,-6.9,4.2235,324.0073669
Nc1cccc2c1NCCN(C(=O)Nc1ccncc1-c1ccncc1)C2=O,0.594599452,2.683824639,-9.4,-8.4,2.8256,374.1491238
Nc1cccc2c1NCCN(C(=O)C(=O)Nc1ccncc1-c1ccncc1)C2=O,0.439694868,2.824027163,-9.2,-8.6,1.7588,402.1440384
O=C(O)c1c(NS(=O)(=O)c2cccc3ccncc23)ccc2nccnc12,0.55790732,2.470961127,-9.1,-8.4,2.677,380.0579259
Cc1nccc(-c2ccc(NC(=O)C(=O)N3CCc4nccc(Br)c4C3)cc2)n1,0.60411683,2.626898471,-9.2,-9.3,3.13292,451.0643869
O=C(Oc1cc(=O)[nH]c2cnccc12)c1ccc2cc(Br)ccc2c1,0.519972644,2.345999313,-9,-8.7,4.058,393.9953043
C[C@H](NCc1cccc2cnccc12)c1ccc(C#N)cc1,0.789884547,2.508874024,-8,-8.5,3.95728,287.1422475
CC(Cl)C(=O)c1ccc2c(c1)CC(=O)N2c1ccnc(Br)c1,0.461919412,3.142131346,-7.9,-7.6,3.8749,377.9770674
O=C(NCc1ccc2[nH]cnc2c1)N(C(=O)Oc1ccccc1)c1ccc([N+](=O)[O-])cc1,0.356010981,2.578665589,-9.7,-9.1,4.3863,431.1229686
O=C1CCc2c(Br)cccc2N1c1cc2ccncc2cc1Br,0.518359737,2.672097116,-8.3,-7.9,5.3707,429.9316372
O=C(NCc1cccc(-c2cccc(O)c2)c1)C(=O)Nc1ccc(I)cc1O,0.256295164,2.247821761,-9.2,-9,3.6243,488.023305
CC(NC(F)(F)Oc1cccc2c(O)ccnc12)c1ccc2[nH]cnc2c1,0.363950588,3.490708953,-7.7,-8.7,4.0966,370.1241322
Cc1c(C(=O)O)sc2ncnc(Nc3cc(C#N)ccc3NN)c12,0.41995344,2.679206398,-8.2,-7.8,2.5988,340.0742446
C[C@@H](Nc1cc2ccccc2[nH]1)c1cccc2ccccc12,0.511500445,2.522668322,-8.8,-8.9,5.4942,286.1469986
O=C1CNc2ncc(Br)cc2N1c1ccc(Br)c2ccc(=O)[nH]c12,0.595147539,3.045691175,-9,-7.6,3.5383,447.9170498
O=C(Nc1ncc2c(n1)CCCCC2=O)c1cc2cc(Br)cnc2[nH]1,0.643416624,2.764580082,-8.8,-8.6,3.2768,399.0330868
Cc1cc(Cl)c2cccc(S(=O)(=O)NC(=O)Nc3nnc4c(Cl)cccn34)c2n1,0.49304866,2.79709911,-9.6,-9.4,3.40312,450.0068646
O=C(Oc1ccc2c(O)cccc2n1)c1cc(=O)[nH]c2cc(Br)ccc12,0.490353468,2.456288325,-10.2,-8.7,3.7636,409.9902189
N#Cc1c(O)cccc1N1CCC(c2cccc3[nH]ccc23)CC1,0.746777356,2.461177419,-9,-8.7,4.12918,317.1528122
O=C(OC[C@@H]1C[C@@H]2C=C[C@H]1CC2)c1cccc2nc(O)ccc12,0.693529373,4.326083496,-8.5,-7.4,3.6995,309.1364935
Nc1nc(-c2ccc3c(c2)CCC(=O)N3c2cccc3cc(Cl)ncc23)cs1,0.463906063,2.646207545,-8.9,-7.8,5.2048,406.0655098
N#Cc1ccc(Nc2ccc(C(=O)c3ccccc3)cc2)c(F)c1,0.711499488,1.830881633,-8.3,-8.1,4.67198,316.1011913
Cc1cnccc1/C=C/C(=O)NCc1ccc2[nH]c(=O)[nH]c2c1,0.642809711,2.519233479,-8.4,-8.2,1.88922,308.1273258
Cc1cncc2cccc(S(=O)(=O)Nc3cccnc3-c3cnn(C)c3)c12,0.588273263,2.645694194,-8.7,-8.2,3.13952,379.1102958
O=C(COc1ccc2oc3c(c2c1)CCCC3)NCc1ccc2c(c1)N(C(=O)CCc1ccc3[nH]ccc3c1)CCO2,0.247081501,2.899616631,-11.1,-10.9,5.8463,563.2420212
Clc1cccc(-c2ccccc2NCc2ccc3nccnc3c2)c1,0.52566332,2.007645207,-8.5,-9,5.5623,345.1032752
O=C(NC(=NO)c1ccc2c(c1)CCO2)c1cc([N+](=O)[O-])cc2ccccc12,0.239064028,2.637437545,-10.8,-9.1,3.2487,377.1011706
O=Cc1cc(C(F)(F)N2C(=O)Cc3cc(C4CCCCC4)ccc32)ccc1Cl,0.474793564,2.91467181,-9.6,-10,5.8388,403.115063
FC(F)(F)c1nccc(Nc2cccc3cnsc23)n1,0.780123773,2.915058306,-7.6,-7.2,3.8487,296.0343519
C#Cc1ccc2cc(NCc3ccc4ncsc4c3)ccc2c1,0.535674271,2.376726877,-8.6,-8.5,5.0429,314.0877694
O=C(c1ccc(F)cc1)c1ccc(Cl)cc1N1CCCc2cnccc21,0.597962867,2.270003643,-8.8,-7.8,5.1894,366.093519
COc1ccc(S(=O)(=O)c2ccccc2)cc1NC(=O)N(C)c1ccc2[nH]ccc2c1,0.476237282,2.354425557,-9.4,-8.6,4.6776,435.1252772
C[C@H](NC(F)(F)C(C)(C)c1ccc(C#N)cc1)c1cccc2cnccc12,0.621999389,3.181133648,-8.1,-8.4,5.32768,365.1703541
[N-]=[N+]=Nc1ccc2c(c1)N(C(=O)c1cnc3cc4c(cc3c1O)OCCO4)CC2,0.405240768,3.00155613,-9.4,-9,3.8563,389.112404
N#Cc1ccc(N)c(NC(=O)N2CCCc3c(OC(F)F)cccc32)c1,0.818105936,2.548041291,-9.2,-8.6,3.72658,358.1241322
O=C(Nc1cccc2c1CCCN2)C(=O)N1C(=O)Cc2ccc(Cl)cc21,0.757524151,2.751484583,-9,-8.9,2.7525,369.0880191
N#Cc1ccc2c(c1)N(c1cc3nccc(O)c3cc1Cl)C(=O)C2=O,0.679874946,2.72643717,-8.8,-8.6,3.32648,349.0254188
Cc1[nH]nc2ncc(C(=O)N3C(=O)Cc4ccncc43)cc12,0.684456096,2.918017863,-8.6,-8.5,1.39082,293.0912746
NC(c1ccccc1)c1cccc(Nc2ccc(Sc3ccccn3)nc2)c1,0.464658668,2.750596065,-9,-8.5,5.4195,384.1408676
O=C(CNc1cc2ccccc2cn1)c1cccc2ccccc12,0.556176309,2.041433021,-8.9,-8.5,4.6828,312.1262631
Cc1cc2ccc(N(c3cccc(N)c3)c3nc(C)cs3)cc2cn1,0.507373267,2.618535852,-8.5,-8.5,5.36014,346.1252176
O=C(Nc1cccc2[nH]ccc12)N1CCc2cc(O)c(Br)cc2C1,0.586134676,2.457833473,-8.7,-8.3,4.2262,385.0425889
Cc1cc(NC2COc3ccccc3C2)nc2cc(C(=O)O)ccc12,0.764751368,2.773638922,-9.4,-8.9,3.65702,334.1317424
CC(=O)c1ccc2c(c1)CC(=O)N2C(=O)NCc1cccc2[nH]c(C)cc12,0.700863513,2.549478189,-9.6,-9.5,3.47782,361.1426415
O=C(Oc1cc2cc[nH]c2cn1)c1ccccc1Cc1nc2ccccc2c(=O)[nH]1,0.452112041,2.642377005,-10.2,-8.8,3.6094,396.1222404
N#Cc1cccc(C(O)CNc2ccc3ccncc3c2Br)c1,0.73011616,2.90819669,-8,-7.5,4.01448,367.0320242
Nc1ccc(Oc2ccc(S(=O)(=O)NC(=O)Nc3ccc4cnccc4c3)cc2)cc1,0.406092212,2.198074317,-9.8,-8.8,4.1197,434.1048761
CS(=O)(=O)c1ccc(C(=O)CN2CCC(c3c[nH]c4ncccc34)CC2)cc1,0.669308499,2.323283891,-8.9,-8.7,3.0287,397.1460126
Cc1cccc2c(C(=O)OC(F)(F)c3ccc4c(=O)[nH]c(=O)n(C)c4n3)nccc12,0.518037049,2.898739093,-9.8,-9.5,2.38472,412.0983114
N#Cc1ccc(CC(=O)N(c2cccnc2)c2cccc3ccncc23)cc1,0.537768231,2.495656138,-9,-8.1,4.40888,364.1324111
Cn1cc(C2=C(c3cccc(N)c3)C(=O)N(C(=O)C(=O)N[C@H]3CCCC[C@H]3N)C2=O)c2ccccc21,0.294257787,3.636133835,-9.8,-8.5,1.9528,485.2063043
O=C(NCc1cc2cnccc2[nH]1)N(C(=O)Nc1ccccc1)c1cccc2c1CCNC2,0.382719442,2.891612972,-9.5,-9.1,4.1569,440.196074
CC(NC(=O)N(C)C(C)c1ccc(-n2cnc3ccccc32)cc1)c1cc2cnccc2[nH]1,0.387405039,3.397515171,-9.8,-8.4,5.3654,438.2168095
O=C1Cc2ccc(CC(=O)OCC(=O)c3cccc(Cl)c3)cc2N1,0.668995771,2.207990723,-7.3,-7.4,2.8032,343.0611356
O=C1Cc2cc(S(=O)(=O)NC(=O)C(=O)NCCc3cnc4c(Cl)cnn4c3)ccc2N1,0.452524224,2.934620945,-9.5,-8.2,0.0411,462.0513163
CC(NC(=O)C(=O)Nc1ccc(N2C(=O)c3cccc4cccc(c34)C2=O)cc1)c1cc2cnccc2[nH]1,0.248738944,3.103018149,-11.2,-10.4,4.3326,503.1593542
O=C(NC(c1ccc(Cl)cc1)c1cccc2ccccc12)C(=O)N1CC=C(c2c[nH]c3ccccc23)CC1,0.266249713,3.087216585,-10.1,-10.5,6.496,519.1713548
Cc1cccc(-c2cccc(CNC(=O)C(=O)Nc3ccc(N4C(=O)c5cccc6cccc(c56)C4=O)cc3)c2)c1,0.215714642,2.376902654,-10.5,-10.8,5.87072,539.1845063
CS(=O)(=O)c1cccc(C(=O)CN2c3ccccc3C=Cc3ccccc32)c1,0.612376801,2.306419275,-9.3,-9.2,4.5949,389.1085645
O=C1Cc2ccc(OC(=O)c3ccc(-n4cnc5ccccc5c4=O)cc3)cc2N1,0.423798532,2.321553608,-10,-9.2,3.0995,397.106256
O=C(Oc1c[nH]c2ncccc12)c1ccc(Sc2ccc([N+](=O)[O-])cc2)cc1,0.296860789,2.374978485,-8.6,-8.5,4.8415,391.0626769
Cc1cncc2cccc(S(=O)(=O)N(Cc3ccccc3)Cc3nc4ccccc4c(=O)[nH]3)c12,0.401821341,2.60091249,-10.2,-8.6,4.17082,470.1412616
C[C@H](NC(=O)COc1ccc2oc3c(c2c1)CCCC3)c1cccc2cnccc12,0.505212308,2.877666264,-9.6,-9.2,5.116,400.1786926
CN(c1ccc2cc(Br)ccc2c1)S(=O)(=O)c1ccc2c(c1)Cc1ccccc1-2,0.328613694,2.272939064,-10.2,-9.9,5.9986,463.0241619
O=C(Oc1ccc(-c2cccc([N+](=O)[O-])c2)nn1)c1ccccc1-c1cccc2ccccc12,0.183740296,2.307939134,-10.1,-10.6,6.0912,447.121906
Nc1c(OC(=O)c2ccc3c(c2)oc2ccccc23)ccc2ncccc12,0.276024039,2.225605027,-10,-8.6,4.9356,354.1004423
O=C(Nc1ccccc1)Nc1cccc2c1CCN(c1ccc3[nH]c(C(=O)CCl)cc3c1)C2,0.261213038,2.541719892,-9.7,-9.6,5.7961,458.1509537
O=C(Nc1nccc(-c2ccccc2)n1)C(=O)NN1C(=O)c2cccc3cccc(c23)C1=O,0.375342175,2.523799264,-10.6,-9.8,2.5627,437.112404
Nc1nc(-c2ccc3c(c2)CC(=O)N3c2cc3[nH]ncc3cc2[N+](=O)[O-])cs1,0.40570606,2.892011199,-9.4,-9.2,3.3976,392.0691592
CN(Cc1ccnc2[nH]ccc12)S(=O)(=O)c1ccc(F)c2ncccc12,0.598753202,2.568176475,-8.3,-8,3.0709,370.0899749
O=[N+]([O-])c1ccc2c(c1)nc(S)n2-c1ccc(N2CCc3[nH]c4c(Br)cccc4c3C2)cc1,0.173063495,2.915451572,-9.6,-9.4,6.0289,519.0364579
N#Cc1cccc2c1N(C(=O)NN1C(=O)c3cccc4cccc(c34)C1=O)C(=O)C2,0.635675943,2.910633852,-10.6,-10.1,2.52138,396.0858549
O=C(Nc1cccc(O)c1C(F)(F)F)C(=O)NS(=O)(=O)c1ccc2c(c1)Cc1ccccc1-2,0.392460321,2.654767334,-10.4,-9,3.4258,476.0653772
O=C(O)c1ccc(N(c2ncnc3ccccc23)C(F)(F)Oc2ccc3nccc(O)c3c2)cc1,0.250493732,2.891541447,-9.8,-9,5.3492,474.1139614
O=C(OC(F)(F)Oc1ccc2nccc(O)c2c1)c1ccc(Nc2ncnc3ccccc23)cc1,0.248467511,2.680807894,-9.5,-8.3,5.4133,474.1139614
Nc1n[nH]c2cc(CNC(=O)C(=O)N(C(=O)Nc3cccc(O)c3)c3ccc(F)cc3)ccc12,0.294006895,2.734278208,-10.9,-9.2,2.8713,462.1451813
NCc1ccc2c(NC(=O)C(=O)N(C(=O)Nc3cccc(O)c3)c3ccc(F)cc3)n[nH]c2c1,0.293844397,2.790199362,-10.2,-8.5,3.0701,462.1451813
N#Cc1ccc(N2CCN(c3ccc(Nc4nc(-c5ccc6c(c5)CC(=O)N6)cs4)cc3)CC2)nc1,0.417958342,2.621268575,-10,-9.9,4.64158,493.1684794
O=C(c1ccc(I)cc1)c1cccc(NCc2cc3ccc(Br)cc3cn2)c1,0.232778395,2.292159681,-9.9,-8.2,6.445,541.9490732
Cc1ccc(C(=O)N(Cc2ccc3cn[nH]c3c2)c2ccc(O)cc2)cc1,0.567806617,2.192456139,-9.1,-8.7,4.42392,357.1477268
Cc1c(C(=O)N2CCOc3ccc(CNC(=O)c4ccccc4-c4cccc5ccccc45)cc32)[nH]c(=O)c2ccccc12,0.240022344,2.683041619,-11.9,-12.1,6.62592,579.2158064
O=C(Oc1ccc(Br)c2ccncc12)c1cccc2cnccc12,0.372145388,2.323809727,-8.5,-8.6,4.7647,378.0003897
Fc1ccc(C(Cl)c2ccc(Nc3ccc(Oc4ccnc5ccccc45)cc3)cc2)cc1,0.262169308,2.599233728,-9.8,-9.9,8.238,454.1248192
C[C@@H](NC(=O)C(=O)N1CCc2cc(OCc3ccccc3)ccc2C1)c1ccc2c(c1)CCN2,0.570915958,2.921238009,-9.9,-9.8,3.9957,455.2208918
O=C(CCCc1nc2ccccc2c(=O)[nH]1)NCc1cccc2[nH]ncc12,0.490572532,2.410177763,-8.3,-8.8,2.4385,361.1538748
Brc1ncc(-c2ccc(Nc3nc(-c4ccc(-c5ccccc5)cc4)cs3)cc2)o1,0.284476035,2.29453367,-9.2,-9.6,7.6382,473.0197452
O=C(NC(=O)c1ccc2c(c1)OCCN2)Nc1ccc(Oc2nncc3ccccc23)cc1,0.435037795,2.552001077,-10.1,-9.8,4.1883,441.1437041
Cc1ccc(S(=O)(=O)c2ccc(NNC(=O)C(=O)N3C(=O)CN=C(c4ccccc4)c4cc(Br)ccc43)cc2)cc1,0.248000114,2.864720882,-11.4,-10.2,4.44422,630.0572529
CC(Nc1cc(Oc2ccccc2C=O)ccc1Cl)c1ccc2c(c1)CC(=O)N2,0.521718031,2.864251403,-9.2,-8.6,5.6125,406.1084201
O=C1NCC(C(=O)OCc2ccc3cn[nH]c3c2)c2ccccc21,0.723916618,2.983543347,-8,-8.2,2.1333,321.1113413
CC(=O)c1ccc2c(c1)N(C(=O)C(=O)NS(=O)(=O)c1cccc3cnccc13)c1ccccc1S2,0.331123025,2.808347629,-10.2,-9.4,4.0718,503.0609626
Cc1ccc(NC(=O)C(=O)NC(C)Cc2ccc3[nH]ncc3c2)cc1OCc1cccc(Cl)c1,0.334026221,2.864520484,-9.8,-9.1,4.78962,476.1615183
Fc1ccc2[nH]c(N3Cc4ccccc4-c4ccccc43)cc2c1,0.482517519,2.390180583,-10.1,-9.5,5.6257,314.1219267
N#CC(c1ccccc1)c1ccc(Nc2ccc(C(N)c3cccc(Cl)c3)cc2)cc1,0.358650868,2.928339287,-9.3,-9,6.78718,423.1502254
C[C@H]1COc2c(F)c(F)cc3c(=O)c(C(=O)N(C(=O)Cc4ccc(C#N)cc4)c4cccnc4)cn1c23,0.42075742,3.503678122,-10.7,-8.6,3.91588,500.1296115
COc1ccc2[nH]cc(C3=CCN(c4ccc5ncccc5c4N)CC3)c2c1,0.517299789,2.586189721,-8.8,-8.9,4.6006,370.1793613
Nc1c[nH]c2cc(OC(=O)c3ccc(-c4cccc5cccnc45)o3)ccc12,0.352570291,2.526175087,-9.4,-8.8,4.7775,369.1113413
C1=Cc2ccccc2N(c2cncc3ccsc23)c2ccccc21,0.361775111,2.666752035,-8.7,-8,6.2499,326.0877694
O=C(Oc1cc(Br)c2ccncc2c1)c1ccc2c(=O)[nH]cnc2c1,0.414515062,2.585214698,-9.6,-8.6,3.453,394.9905533
O=C(c1ccccc1)c1cc([N+](=O)[O-])ccc1Nc1ccc2[nH]c(-c3ccccn3)nc2c1,0.206554222,2.358040565,-9.7,-9.5,5.5077,435.1331394
Brc1cncc2c(N3CCC(=Cc4ccccc4)CC3)cccc12,0.56945601,2.462106477,-8.7,-9.3,5.6811,378.0731607
O=C(NC(=O)N[C@@H]1C[C@H]1c1cccc2ccccc12)Nc1cccc2ccccc12,0.435793746,2.907173218,-10.7,-10.2,5.3802,395.1633769
CC(=O)c1ccc2c(c1)N(c1cccc(-c3cn[nH]c3)c1)c1ccccc1S2,0.376121658,2.487760453,-9.1,-9.5,6.2137,383.1092332
Cc1ccc(-c2cccc(Cl)c2)cc1Nc1cc(SC(F)(F)F)ccc1O,0.348060433,2.3403315,-8.7,-8.8,7.37652,409.0514974
CC(Nc1ccc(F)c2ccc(Cl)nc12)c1ccc2[nH]c(=O)[nH]c2c1,0.47710053,2.99930772,-9.6,-9,4.37,356.084017
O=S(=O)(Nc1ccc(Cl)cc1-c1cccc2ccccc12)c1c[nH]c2ncccc12,0.373702033,2.320689417,-9.2,-9.3,5.8373,433.0651754
NNc1cccc(Br)c1N1C(=O)Cc2cc(C3CCCCC3)ccc21,0.563030839,2.651314698,-8.8,-9.1,5.0032,399.0946244
O=C(NNc1cccc(Br)c1F)C(=O)N1C(=O)Cc2cc(C3CCCCC3)ccc21,0.516747606,2.91508254,-9.5,-10.6,4.1949,473.0750319
NN(C(=O)C(=O)Nc1c(Cl)ccc2ccncc12)c1ccc2cn[nH]c2n1,0.210587275,3.096690397,-9.2,-8.3,2.0049,381.0741003
CC1CC(=O)N(Cc2ccccc2)c2ccccc2N1CC(=O)N1CC=C(c2c[nH]c3ccccc23)CC1,0.384066514,3.10357251,-9.8,-10.7,5.6156,504.2525263
N#Cc1ccc(Oc2ccc(F)c(NCc3ccc(-n4cnc5ccccc54)cc3)c2)cc1,0.333989527,2.261740014,-8.5,-9.4,6.44068,434.1542894
O=C(C1=C(c2ccccc2)CCCC1)N1CCC2(CC1)NC(=O)N(C(=O)c1cnc3cc4c(cc3c1O)OCCO4)C2=O,0.351495996,3.727789244,-11,-12.1,3.7926,582.2114493
O=C(c1cnc2cc3c(cc2c1O)OCCO3)N1CCC2(CC1)C(=O)NC(=O)N2C(=O)C1=C(c2ccccc2)CCCC1,0.44514164,3.70386443,-11.5,-9.6,3.7926,582.2114493
COc1ccc2[nH]cc(C3=CCN(C(Cl)(Cl)c4nc5ccccc5c(=O)[nH]4)CC3)c2c1,0.342933522,3.057477083,-10.2,-9.6,4.7902,454.0963312
N[C@@H]1CCC[C@@H]1NCC(=O)c1ccc2c(c1)Cc1ccccc1-2,0.7287686,3.081627986,-8.2,-8.4,2.9099,306.1732133
O=C(NC(c1ccccc1)c1ccc(Cl)c(Cl)c1)c1cc2c(=O)[nH]c3ccccc3c2s1,0.306397775,2.791209462,-10.3,-9.7,6.569,478.0309541
O=C(CCCc1ccc2c(c1)-c1ccccc1C2)NC(c1ccccc1)c1ccc(F)c(Cl)c1,0.266399966,2.715082765,-9.5,-8.5,7.2788,469.1608703
CC(Nc1ccc(C(C(=O)O)c2ccccc2)cc1)c1cc2cnccc2[nH]1,0.447927525,3.115172017,-9.2,-8.4,4.9525,371.1633769
N#Cc1cc(NC(=O)C(=O)N2CCc3ccccc3-c3ccccc32)cc(-c2ccccc2)c1,0.42056191,2.378526547,-10.4,-9.7,5.42008,443.1633769
Oc1ccc2c(c1)Sc1ccccc1N2C(F)Oc1ccc2ccc(O)nc2c1,0.433095073,3.31843063,-9.9,-9.5,5.5808,406.0787416
OCc1ccc2cc(NCc3ccc4cnccc4c3)ccc2c1,0.583070504,2.060944397,-8.6,-8.4,4.4924,314.1419132
c1ccc2c(c1)CN(c1ccc3c(c1)oc1ccccc13)Cc1ccccc1-2,0.327340563,2.148705896,-10.5,-10.8,6.7732,361.1466642
O=C(Oc1cc(CO)cc(-c2cccnc2)c1)c1cc(=O)c2ccc(O)cc2o1,0.407076815,2.464261214,-10,-8.9,3.2721,389.0899372
O=Cc1ccc2ncccc2c1N1C(=O)NC2(CCCCCCCCCCC2)C1=O,0.551645066,3.518175135,-9.5,-9.5,5.147,407.2208918
CN(c1ccc2oc(-c3csc(N)n3)cc2c1)c1ccc2c(c1)oc1ccccc12,0.346504504,2.636600956,-9.4,-9.6,6.8058,411.1041478
Fc1ccc(N2CCc3c(-c4ccccc4)cccc32)c2ccncc12,0.462770397,2.269369549,-9.1,-9.3,5.7351,340.1375768
Cc1cc(C)c2ccc(NC(=O)N3CCc4[nH]c5c(C(=O)O)cccc5c4C3)nc2c1,0.445649665,2.582638494,-10,-9.9,4.62134,414.1691906
Cc1cccc(-c2ccc(CNc3cccc(F)c3N=[N+]=[N-])cc2)c1,0.329883003,2.315966621,-8.8,-8.4,6.35502,332.1437248
O=C1Cc2ccccc2C(=O)N1c1ccc2c(c1)[nH]c1ncnc(Cl)c12,0.414989537,2.582526105,-10,-9.3,3.494,362.0570533
NN(c1ccc2nccnc2c1)c1ccc(Cl)c2cnccc12,0.448509915,2.721059176,-8.5,-8.1,3.8432,321.0781231
CCN(C(=O)Nc1nc(-c2cccc3ccccc23)cs1)c1ccc2[nH]ccc2c1,0.353708925,2.436517739,-9.3,-9.1,6.503,412.1357823
CCN(C(=O)C(=O)Nc1nc(-c2cccc3ccccc23)cs1)c1ccc2[nH]ccc2c1,0.365574955,2.561596482,-9.4,-9.9,5.4362,440.1306969
O=C(Oc1ccccc1-c1ccccc1)c1ccc(-n2cnc3ccccc3c2=O)cc1,0.294595134,2.016387274,-9.5,-9.5,5.2719,418.1317424
O=C(Nc1cccc(-c2ccc3c(c2)CCO3)c1)C(=O)NS(=O)(=O)c1cnc2ccc(F)cc2c1,0.423051686,2.54791037,-11,-10.7,3.4194,491.0951199
Cc1c(C(=O)Oc2cc3ccncc3cc2F)[nH]c(=O)c2ccccc12,0.442364782,2.461942795,-9.8,-9.1,3.74302,348.0910205
Cc1cc2c(cc1O)CCN(c1cnn3cc(CCO)cnc13)C2,0.768917847,2.872862904,-7.9,-8,1.84082,324.1586259
Nc1cccc2c1NCCN(c1cc[nH]n1)C2=O,0.653583629,3.173034361,-7.4,-7,1.0642,243.11201
O=C(CCC(=O)c1ccc2c(c1)-c1ccccc1C2)Oc1cc(F)cc(NC2CC2)c1,0.244622705,2.424790307,-8.1,-8.8,5.5397,415.1583718
Nc1noc2cc(CNC(=O)N[C@@H]3C[C@H]3c3ccc4ccccc4c3)ccc12,0.506117107,3.144911458,-9.9,-9.7,3.9185,372.1586259
NCc1ccc2c(NC(=O)C(=O)N[C@@H]3C[C@H]3c3ccc4ccccc4c3)noc2c1,0.456185882,3.29913264,-9.2,-9.7,3.0505,400.1535405
CC(Cl)C(=O)c1ccc2c(c1)CC(=O)N2c1cc(F)cc2cnccc12,0.508131334,3.146574289,-9,-8.4,4.4047,368.0727836
N#Cc1cc(F)cc(NNc2ccc(-c3cccc(N)c3)cc2F)c1,0.483476393,2.393081572,-8.9,-8.4,4.52468,336.1186529
O=C(O)CN(CC(=O)c1c[nH]c2ncccc12)C(=O)c1cccc2[nH]ccc12,0.446682257,2.574534468,-7.8,-7.7,2.4539,376.117155
O=C(O)c1ccc(N(c2ncnc3ccccc23)c2ccc(Cl)c3cnccc23)cc1,0.379400197,2.451429857,-9.1,-8.9,5.9994,426.0883534
O=C(NCc1ccc(-c2cccnc2)cc1)N1CC=C(c2c(F)cccc2F)CC1,0.662067987,2.353055996,-9.5,-9.1,5.0257,405.1652687
Cc1c(CC(=O)Oc2c[nH]c3ncccc23)c(=O)oc2cc(O)ccc12,0.434698524,2.600608284,-8.5,-8.7,2.83142,350.0902715
NS(=O)(=O)c1ccc(N(CC(=O)c2ccc3c(c2)CC(=O)N3)C(=O)Oc2ccccc2)cc1,0.53742746,2.505057919,-9.4,-8.7,2.7169,465.0994563
CC(Cc1ccc2[nH]ncc2c1)N(C)C(=O)C(=O)Nc1ccc2scnc2c1N,0.354543807,3.402398386,-8.8,-8.8,2.7829,408.1368449
Nc1nc(-c2ccc3c(c2)CC(=O)N3c2ccc(S(N)(=O)=O)c3ccncc23)cs1,0.50640352,2.811901001,-9.1,-8.2,2.8087,437.0616313
CS(=O)(=O)c1ccc(C(=O)NNc2ccc3sncc3c2)cc1,0.70792723,2.440872317,-8.5,-7.9,2.4567,347.0398333
COc1cc2c(cc1NC(=O)N1c3ncccc3OC[C@H]1C)oc1ccccc12,0.532401317,3.035413597,-10.2,-9.5,4.809,389.1375561
COC(=O)c1ccc2c(c1)N(C(=O)c1cn3c4c(c(F)c(F)cc4c1=O)OCC3C)C(=O)C2,0.436679928,3.425555782,-9.7,-9.2,2.7492,454.0976427
NN(C(=O)CCCc1ccc2c(c1)CC(=O)N2)c1ccc2ccsc2c1,0.411831053,2.797996259,-8.8,-8.1,3.6255,365.1197978
Cc1cccc2c1N(c1cc(-c3cccnc3)ccc1O)C(=O)C2,0.777702591,2.412885647,-8.8,-8.1,3.98342,316.1211778
O=C1c2cccc3cccc(c23)C(=O)N1Nc1cncc2ccsc12,0.556332936,2.650892121,-9.1,-9.2,4.0726,345.0571976
CCn1c(Nc2cc(N)ccc2-c2cccc(F)c2)nc2cc(C#N)ccc21,0.491499449,2.449031199,-9.3,-9.4,5.05978,371.1546238
O=S(=O)(Nc1ccc(F)c2ccncc12)c1ccc(F)c2ncccc12,0.593543889,2.37908292,-9.3,-8.7,3.862,371.054004
Nc1ccccc1N(C(=O)Nc1ccc(Oc2ccc3ccccc3c2)c(Cl)c1)c1cccc(Cl)c1,0.230257087,2.37896347,-10.2,-9.3,8.8913,513.1010823
Nc1ccc(Oc2ccc3ccccc3c2)c(Nc2ccccc2Nc2cccc(Cl)c2)c1,0.226844445,2.17554842,-9.1,-9,8.3549,451.14514
Nc1ccc(Oc2ccc3ccccc3c2)c(N(c2cccc(Cl)c2)c2ccccc2N)c1,0.266190215,2.394926142,-9.2,-8.6,7.9197,451.14514
Nc1ccccc1N(C(=O)C(=O)Nc1ccc(Oc2ccc3ccccc3c2)c(Cl)c1)c1cccc(Cl)c1,0.175190483,2.517319877,-10.3,-9.9,7.8245,541.0959969
O=Cc1c(F)cc(OC(=O)c2ccc3[nH]c4c(c3c2)CNCC4)cc1Cl,0.418127314,2.799356724,-9.3,-8.9,3.6378,372.0676982
Nc1ccc2cc(OC(=O)CCCc3ccc4c(c3)-c3ccccc3C4)ccc2c1,0.228980077,2.26784169,-8.1,-8.2,5.9215,393.172879
CN(C(=O)C(=O)NC(=NO)c1cccc2ccccc12)c1cnc(C#N)cn1,0.229195189,3.043108032,-9.7,-8.2,1.41648,374.1127383
O=C(c1ccccc1)c1cccc(Nc2ncnc3ccc(Br)cc23)c1,0.4651163,1.972849125,-9.5,-8.8,5.3669,403.0320242
O=C(Nc1nc(-c2c[nH]c3ncccc23)cs1)C(=O)N1CCOc2cc(Br)c(F)cc21,0.404709454,2.889604136,-9.7,-9.4,3.9521,500.9906506
O=c1c2ccccc2ncn1C1CCN(c2c[nH]c3ncccc23)C1,0.613197863,2.915313351,-8.8,-8.6,2.7242,331.1433102
Cn1ccc2ccc(CNc3ccc(-c4cccc(O)c4)cn3)cc21,0.576988641,2.263744176,-9.1,-8.2,4.558,329.1528122
Nc1cc(NCCc2cnc3c(Cl)cnn3c2)c2ccccc2c1,0.556103844,2.569832145,-8.3,-8.5,3.7727,337.1094232
O=Cc1cc(OC(=O)/C=C/c2cnc3ccccc3c2)c2ccccc2c1O,0.247589437,2.454339169,-9.2,-8.8,4.5249,369.100108
Cc1cccc(C(Nc2cc(C=O)c3occc3c2)c2cccc(C)c2)c1,0.442220798,2.539098151,-9.4,-8.3,6.06364,355.1572289
O=S(=O)(Nc1cnc2[nH]ncc2c1)c1ccc(-c2ccccc2)cc1,0.590164445,2.129590119,-8.8,-8.8,3.4257,350.0837467
O=C(NCC(=O)N(c1cccc(F)c1)c1ncc(Br)cn1)c1ccc2[nH]nnc2c1,0.463553799,2.912151492,-9.5,-7.9,2.7442,469.029813
FC(F)(F)Oc1cccc(C2=CCN(c3ccc(Br)c4occc34)CC2)c1,0.474260876,2.764033854,-8.6,-8.4,6.3876,437.0238255
O=C(CCl)c1ccc2c(c1)CCCC(=O)N2c1cccc2cn[nH]c12,0.571665943,2.668260852,-8.9,-7.9,3.9854,353.0931044
O=C1NCCNc2c(NC(c3ccccc3)c3cccc(I)c3)cccc21,0.488173045,3.052160289,-9.1,-8.5,4.648,469.0651103
Cc1cc2cn[nH]c2cc1NC(=O)NS(=O)(=O)c1ccc(Oc2ccc(N)cc2)cc1,0.35067366,2.376179753,-9.7,-8.9,3.75622,437.1157751
O=c1[nH]c2ccccc2c2c1CN(c1c(Cl)ccc3ccncc13)CC2,0.549815321,2.529448113,-9.9,-9,4.2924,361.0981898
Nc1cc2[nH]cnc2cc1C(=O)Oc1cc(Br)c2ccncc2c1,0.31296879,2.738920429,-8.7,-8.1,3.675,382.0065377
Fc1cc(F)cc(CNc2cccc(-c3ccc(Cl)c(Cl)c3)c2)c1,0.553478358,1.928003166,-8.8,-8.6,6.5507,363.0393112
O=C(O)c1[nH]c2ccc(N3CCN(c4ccnc5ccccc45)CC3)cc2c1Cl,0.527436735,2.374748987,-8.8,-8.5,4.3943,406.1196535
O=C(Oc1cc(Cl)cc2ccoc12)c1ccc2oc3ccccc3c2c1,0.276714054,2.366757627,-9.5,-9,6.2048,362.0345865
Cc1cnc2[nH]ncc2c1NS(=O)(=O)c1cc(Cl)cc2cccnc12,0.573610662,2.75929479,-9.3,-8.2,3.26872,373.0400233
O=C1Cc2cc(C3CCCCC3)ccc2N1c1ccc([N+](=O)[O-])c2cccnc12,0.444571412,2.59125668,-9.2,-9.6,5.4115,387.1582915
O=S(=O)(Nc1ccc2[nH]ccc2c1)c1cc(Cl)cc2cccnc12,0.577473778,2.349594677,-9.1,-7.8,4.1703,357.0338753
N#Cc1ccc(-c2ccc3c(c2)N(C(=O)C(=O)N[C@H]2CCOc4ccc(O)cc42)CCO3)cc1,0.573780471,3.166731887,-10.1,-9.1,3.29628,455.1481208
O=S(=O)(Nc1ccc(OCc2ccccc2)cc1)c1ccc2c(c1)Cc1ccccc1-2,0.381641732,1.984690179,-9,-9.7,5.6376,427.1242145
O=C(c1cc(=O)c2c(O)cccc2o1)N1CCC(c2cccc3[nH]ccc23)CC1,0.543413832,2.512467119,-9.6,-9.3,3.9997,388.1423071
O=C(OC1CCc2ccccc2C1=O)c1cc2c(s1)-c1ccccc1CC2,0.601304961,2.954047144,-9.7,-9.4,4.8682,374.0976654
CC(NS(=O)(=O)c1ccc2ccccc2n1)c1ccc2c(c1)CC(=O)N2,0.742128718,2.869781625,-9.3,-9.1,2.7689,367.0990624
O=C(CCSCc1nc2ccccc2c(=O)[nH]1)Oc1ccc2cn[nH]c2c1,0.302908017,2.592233654,-7.8,-7.9,3.0283,380.0943114
N#Cc1ccc2c(c1)Oc1ccccc1N2c1cccc(C2CC2)c1,0.452736402,2.298065567,-9.3,-8.2,6.01118,324.1262631
O=C1CCc2cc(-c3csc(Nc4ccc(CC(O)c5ccc(Cl)cc5)cc4)n3)ccc2N1,0.302749559,2.831480655,-10.4,-10,6.3679,475.1121256
NS(=O)(=O)c1cc2c(cc1Br)CCCC(=O)N2C(F)(F)Oc1ccc2c(O)ccnc2c1,0.498915303,3.182870833,-9.7,-9.1,3.6489,526.9962102
O=C(c1ccc2ccccc2c1)N1CCC2(CC1)C(=O)NC(=O)N2C(=O)c1ccc2c(=O)[nH][nH]c(=O)c2c1,0.348693296,3.300649294,-13,-10.7,1.7366,511.1491834
Nc1ccc2cc(Br)ccc2c1Nc1cc2c(cc1O)OCCC2=O,0.433403867,2.640024801,-9.5,-8.5,4.5989,398.0266044
O=C1c2cc(Br)ccc2CCN1c1cc(Br)cc2cc[nH]c(=O)c12,0.605551614,2.680684161,-8.9,-8.4,4.256,445.9265518
O=C(Nc1ccc(O)cc1)N(C(=O)Nc1ccnc(-c2ccoc2)n1)c1ccccc1,0.415118594,2.62083755,-9.6,-7.7,4.7128,415.128054
Cc1cc(-c2csc(N)n2)c(NS(=O)(=O)c2ccc3c(c2)Cc2ccccc2-3)cc1F,0.392712173,2.559343913,-9.2,-9.3,5.21182,451.082447
CSc1ccc2ccc(OC(=O)c3cc([N+](=O)[O-])cc4ccccc34)cc2c1,0.144098617,2.237927545,-9.8,-8.6,5.8423,389.072179
O=Cc1ccccc1Oc1ccc(F)c(NCc2cc(=O)n3ccccc3n2)c1,0.503857808,2.408283053,-9.7,-8.8,4.0505,389.1175696
O=S(=O)(c1cccc2cnccc12)N1Cc2ccccc2C(c2ccccc2)C1,0.506108666,2.728677676,-10.1,-9.3,4.5712,400.1245489
O=C(OC(F)(F)c1cc[nH]n1)c1c(F)ccc2ccncc12,0.755305383,3.206834275,-8,-7.8,3.0033,307.0568612
O=C(c1ccc(O)cc1)c1ccc(OC(=O)c2cc(F)cc3cccnc23)cc1,0.316291896,2.149901808,-9.6,-8.6,4.5297,387.0906861
O=Cc1ccc(Oc2ccccc2)cc1N1CC=C(c2cccc(F)c2)CC1,0.53548058,2.378613924,-9,-9,5.7242,373.1478071
O=C(CBr)c1ccc(S(=O)(=O)Nc2ccc(F)c(C(F)F)c2F)cc1,0.414588669,2.498922189,-8,-7.9,4.2808,438.9500892
CC(C)c1ccc2c(c1)CN(C(F)(F)Oc1cccc(C3=CCNCC3)c1)CC2,0.703119942,3.003643976,-9.8,-9.2,5.1741,398.21697
O=C(Cc1cccnc1)c1cccc(N2CCN(c3cccc4[nH]ccc34)CC2)c1,0.510781921,2.277442226,-9.3,-9.4,4.3149,396.1950114
Nc1cccc2c(C(=O)Oc3cnc4c(=O)[nH]ncc4c3)cccc12,0.430163637,2.529545467,-8.9,-9.1,2.2727,332.0909402
O=C(/C=C/c1ccnc2ccccc12)Oc1cc2c(cc1Br)CCNC2,0.39911472,2.597784348,-9.2,-9,4.2618,408.0473399
NN(C(=O)c1ccc2ccccc2c1)c1ccc2c(c1)CCO2,0.448847217,2.258525307,-8.7,-8.7,3.2952,304.1211778
Nc1ccc(C(=O)N(c2cccnc2)c2cccc3cn[nH]c23)cc1,0.56293973,2.541355767,-8.5,-7.8,3.5186,329.1276601
O=C(c1ccc(NCc2ccc3ncsc3c2)cc1)c1cccc(Cl)c1,0.44652973,2.096362283,-9.1,-7.7,5.7928,378.0593618
O=C1c2cc(S(=O)(=O)Cl)ccc2S(=O)(=O)N1c1ccc(O)c2cnccc12,0.625550274,2.903418477,-8.7,-8.5,2.217,423.9590557
Nc1cc([N+](=O)[O-])ccc1N(c1ccccc1)c1ccc2[nH]c(-c3ccccc3)c(CCC(=O)O)c2c1,0.12405089,2.575553113,-9.7,-8.8,6.8123,492.1797552
O=C(Oc1ccnc2c1ccc1cccnc12)c1c(O)cccc1O,0.431533218,2.389335852,-9.1,-8.5,3.4134,332.0797069
Cc1[nH]c2ccc(Cl)cc2c1C(=O)N1CCC(COc2ccc3c(C)cc(=O)oc3c2)CC1,0.405852259,2.504656266,-10.7,-9.6,5.47574,464.150285
Cc1[nH]c2ccc(N3CCC(COc4ccc5c(C)cc(=O)oc5c4)CC3)cc2c1C(=O)O,0.42416548,2.557284908,-9.9,-9.7,4.88474,446.1841719
O=C(OC(F)(F)Oc1cccc(C2=CCNCC2)c1)c1cc2ccc(F)cc2[nH]1,0.488351003,2.951447313,-8.3,-8.7,4.4698,402.1191271
N#Cc1cc(F)cc(OC(=O)c2cnc3cc4c(cc3c2O)OCCO4)c1,0.549440689,2.699050437,-9.4,-8.5,2.94158,366.0651997
O=C(Oc1cccc2cc(Cl)ncc12)c1cc2c(s1)-c1ccccc1CC2,0.24114935,2.503541152,-9.8,-9.4,5.9345,391.0433774
Cn1c(=O)[nH]c(=O)c2cc(OC(=O)c3c(Cl)c4ccccc4[nH]c3=O)cnc21,0.490364157,2.622759024,-9.3,-9,1.3359,398.0417971
Cc1cccc(N(Cc2ccccc2)C(=O)Nc2ccc3nccnc3c2I)c1,0.366172229,2.440534702,-9,-8.8,5.78152,494.0603592
Ic1cccc(C(c2ccccc2)N2CC=C(c3c[nH]c4ccccc34)CC2)c1,0.31756863,2.874502697,-9.3,-8.9,6.6512,490.0905967
BrC(c1ccccc1)c1cccc(N2CC=C(c3c[nH]c4ccccc34)CC2)c1,0.338483385,2.87471522,-9.1,-9,6.9459,442.1044608
CN(C(=O)C(=O)Nc1ccsc1-c1cccnc1)c1cnc(C#N)cn1,0.712180907,2.97597003,-8.2,-7.4,2.07328,364.0742446
O=C(/C=C/c1ccc2ncccc2c1)N1CCc2c(C3CC3)cccc21,0.646749532,2.41947868,-9,-8.9,4.7147,340.1575633
O=c1[nH]cnc2ccc(S(=O)(=O)Nc3cc4nn[nH]c4cc3[N+](=O)[O-])cc12,0.341427379,2.971202885,-9.4,-8.6,0.9034,387.0385874
O=C(/C=C/c1ccc2ccccc2n1)Oc1ccc2nccc(O)c2c1,0.344566231,2.401604388,-8.9,-8.6,4.1074,342.1004423
Cc1cc2c(Br)ccc(NS(=O)(=O)c3cccc4c(C)nccc34)c2[nH]1,0.485822824,2.562670796,-9.2,-8.8,4.89624,429.0146599
O=S(=O)(c1ccc2cc(Cl)ccc2c1)N1CCc2cc(F)c(F)cc21,0.656001458,2.223902885,-8.9,-8.8,4.5228,379.0245337
NCc1cc2cc(N(c3ccccc3)c3nc(S)nc4ccccc34)ccc2cn1,0.307434094,2.791171236,-8.8,-8.9,5.3952,409.1361166
O=C(NS(=O)(=O)c1ccccc1-c1ccc(CO)cc1)N1CCc2[nH]c3c(Cl)cc(Cl)cc3c2C1,0.342147637,2.676150426,-9.3,-9.9,5.0906,529.0629825
O=C(NCCc1cccc(-c2cccc(Cl)c2)c1)N1CCc2[nH]c3ccccc3c2CC1,0.40856804,2.253233101,-10.9,-10.5,5.8412,443.1764401
O=C1CCc2cc(OCC(=O)N3C(=O)NC4(CCCN(C(=O)c5ccc6c(c5)oc5ccccc56)C4)C3=O)ccc21,0.382004862,3.859103841,-11.7,-11.7,3.8471,551.1692501
Nc1cc2c(cc1N1CCN(Cc3nc4ccccc4c(=O)[nH]3)CC1)NC(=O)CC2,0.573930762,2.598362096,-9.7,-9,1.7122,404.196074
O=C(Oc1ccc(-c2cccc([N+](=O)[O-])c2)nn1)C(c1ccccc1)c1ccc(Br)cc1,0.199822634,2.818834044,-9.7,-9.2,5.5518,489.0324181
O=Cc1cc2cc(N3CCc4oc(-c5ccccc5)cc4C3)ccc2[nH]1,0.543972711,2.676466253,-8.9,-8.7,4.8031,342.1368278
Cc1ccccc1-n1cc(OC(=O)c2cc(F)cc3ccncc23)cn1,0.523952322,2.483424566,-9.2,-8.7,4.08722,347.1070049
N#Cc1ccc(C2CCN(c3ccc(C#N)c4cnccc34)CC2)nc1,0.710330818,2.665147708,-9.1,-8.6,3.75716,339.1483955
O=c1[nH]c2cccc(CNc3c(Br)ccc4ccncc34)c2o1,0.571031746,2.722102804,-8.5,-8.2,4.0439,369.0112887
N#Cc1cc(CNC(=O)N2C(=O)Cc3cccc(C#N)c32)ccn1,0.904707343,2.852101582,-9.5,-8.8,1.62386,317.0912746
O=C(/C=C/c1cnc2ccccc2c1)Oc1ccc(O)c2nccc(Cl)c12,0.316823183,2.537149039,-9.3,-8.5,4.7608,376.06147
NN(C(=O)Nc1ccc(S(N)(=O)=O)cc1)c1ccc(F)c2ccncc12,0.365603314,2.596877566,-8.9,-8.1,1.9335,375.0801385
O=C(Nc1ccc(Cl)cc1-c1cccc2ccccc12)C(=O)N1C(=O)CN=C(c2ccccc2)c2cc(Br)ccc21,0.215038706,2.772820516,-10.8,-9.1,7.272,621.0454813
O=C(Nc1ccc(S(=O)(=O)Nc2cccc(Cl)c2)cc1)N1CCc2nnc(-c3ccncc3)cc2C1,0.397446254,2.541669092,-10.3,-10,4.583,520.1084372
O=S(Cc1cccc(Nc2ccc3c(Cl)c(O)ccc3c2)c1)c1ccccc1,0.410716253,2.839512325,-9.6,-8.7,6.2502,407.0746775
N#Cc1ccc2c(c1)N(Cc1cc3ccc(F)cc3[nH]c1=O)C(=O)C2,0.783021389,2.501327293,-9.3,-9.4,2.62818,333.0913548
Cc1cc(=O)oc2cc(OCC3CCN(c4cccc5cnn(C)c45)CC3)ccc12,0.476052699,2.563570054,-9.8,-9.2,4.28352,403.1895917
C[C@@H](NC(=O)C(=O)Nc1cc(Cc2ccccc2)ccn1)c1coc2ccccc12,0.491925272,2.819687448,-9.8,-9.1,4.2345,399.1582915
CC1Oc2ccccc2N(CCC(=O)Oc2ccc(-c3ccncc3)cn2)C1=O,0.623268527,2.890533377,-8.4,-7.9,3.2532,389.1375561
N[C@@H]1CCC[C@@H]1Nc1cc2c(cc1Br)CCNC2,0.786001317,3.444682725,-7,-7.3,2.3865,309.0840597
N[C@@H]1CCC[C@@H]1Nc1cc2c(cc1F)CNCC2,0.748368844,3.366534501,-7.2,-7.1,1.7631,249.1641259
O=C(NCCc1ccc2[nH]ccc2c1)N1CCN(c2cccc3[nH]ccc23)CC1,0.499552993,2.398032721,-9.5,-9.1,3.7235,387.2059104
O=C(c1ccccc1)c1cc([N+](=O)[O-])ccc1N1CCN(c2cccc3[nH]ccc23)CC1,0.285735422,2.278473901,-9.7,-8.7,4.6337,426.1691906
Cc1ccc2cnccc2c1Nc1cc(Br)cc(OC(F)F)c1,0.636155275,2.439679418,-8,-8.3,5.65072,378.0179316
O=C(Nc1cccnc1-c1cccnc1)N1C(=O)c2cc(Cl)c(Cl)cc2C1=O,0.633588493,2.541383007,-9,-8.6,4.2785,412.0129955
N#Cc1cccc(CNNc2cccc3cnsc23)c1,0.71993717,2.784392979,-7.4,-7.3,3.28468,280.0782674
O=[N+]([O-])c1cccnc1N1CCN(c2c(Br)ccc3ccncc23)CC1,0.481487168,2.516747643,-8.3,-8.3,3.6271,413.0487369
O=C(OC(Cl)(Cl)C(=O)c1c[nH]c2ncccc12)c1cc2ccccc2[nH]c1=O,0.300712524,2.851659541,-8.5,-8.7,3.5755,415.0126612
COC(=O)c1cccc2c3c([nH]c12)CCN(c1cc(Cl)cc2c1CCNC2)C3,0.647585697,2.814797288,-8.9,-8.6,3.8163,395.1400546
O=C(Cc1cc(F)cc2c1OCOC2)Oc1cc(S(=O)(=O)Cl)c2ncccc2c1,0.350983839,2.837244659,-9.5,-8.5,3.316,437.013614
[N-]=[N+]=NCc1cccc(NCc2ccc3cnccc3c2)c1,0.42125566,2.390841227,-7.9,-7.8,4.6572,289.1327455
CCOC=C1C(=O)N(c2n[nH]c3ccc(Br)cc23)C(=O)c2ccccc21,0.402510793,2.724884999,-9.3,-8.6,3.8898,411.0218534
O=S(=O)(Nc1ccc2ccnc(Cl)c2c1)c1ccc2cc(Cl)ccc2c1,0.460058098,2.149253606,-9.3,-9,5.4956,401.999654
C[C@@H](Nc1ccc(-c2ccc(C=O)cc2)cc1)c1ccc2c(c1)CCO2,0.641075235,2.544673046,-8.8,-8.5,5.2741,343.1572289
O=S(=O)(Cl)c1ccc(Oc2ccc(N(c3ccccn3)c3cc(Br)ccn3)cc2)cc1,0.275052346,2.543868786,-8.4,-8.5,6.4287,514.9706021
O=c1c2ccccc2ncn1C1CCCN(c2c(F)ccc3ccncc23)C1,0.533550305,2.91385827,-8.9,-8.4,3.9253,374.1542894
Cc1cc2ccc(OC(=O)c3[nH]c4ccc(Br)cc4c3C=O)cc2cn1,0.299295584,2.61075714,-9.1,-8.2,4.81872,408.0109544
O=[N+]([O-])c1c(O)cccc1N1CCc2[nH]c3c(Br)cccc3c2C1,0.511497715,2.70703665,-8.8,-8.5,4.1069,387.0218534
COc1cc(OC(=O)c2c[nH]c3ccncc3c2=O)c2cnccc2c1,0.452251968,2.522033182,-8.9,-8.5,2.6991,347.0906059
O=C1c2cc([N+](=O)[O-])c(F)cc2CCN1c1ccc(C2=CCNC2)cc1,0.679978862,2.795026995,-8.6,-8.6,2.9234,353.1175696
O=C(Nc1ccc2cncc(F)c2c1)N1CCCc2cc(OCc3ccccc3)ccc21,0.438674583,2.326473363,-10.5,-9.2,5.9376,427.1696052
Brc1cc(NC(c2ccccc2)c2ccc3[nH]cnc3c2)c2ccncc2c1,0.364411355,2.998779198,-9.1,-8.5,6.0751,428.0636586
CCCCCCCCC/C=C/C(=O)Oc1cc(Br)c2cnccc2c1,0.193841826,2.509393544,-6.8,-6.7,6.5996,403.1146912
Cc1cc(N[C@H]2CCCCC[C@H]2N)c2cnccc2c1,0.818748747,3.039785543,-7.7,-7.6,3.61512,269.1891977
CS(=O)(=O)c1cccc(CNc2c(Br)ccc3ccccc23)c1,0.707388204,2.053503797,-8.2,-8.3,4.6179,389.0085119
CS(=O)(=O)c1ccc(Oc2ccc(Nc3cc(Cl)c4c(c3)C(=O)CCO4)cc2)cc1,0.579958873,2.350843625,-9.4,-8.5,5.2446,443.0594214
O=S(=O)(Nc1ccc2cn[nH]c2c1)c1cnc2ccccc2c1,0.606344411,2.192084434,-8.9,-8.3,2.9119,324.0680966
O=C(Cc1ccc2ncccc2c1)Oc1ccc(Br)c2ccncc12,0.374304102,2.319107927,-8.7,-8.3,4.6936,392.0160398
N#Cc1ccc(C(NC(=O)Nc2ccc(Oc3ccnc4ccccc34)cc2)C(F)(F)F)cc1,0.363173827,2.828941578,-10.1,-9.7,6.32388,462.1303604
N#Cc1ccc(C(N)C(F)(F)Nc2ccc(Oc3ccnc4ccccc34)cc2)cc1,0.399630797,2.982195539,-9.2,-8.9,5.60348,416.1448676
CN(Cc1ccc2[nH]nnc2c1)c1ccc(Oc2ccccc2C=O)c(Cl)c1,0.474639574,2.684173357,-8.8,-8.1,4.8525,392.1040035
CN(Cc1ccc2[nH]nnc2c1)c1cc(F)ccc1Oc1ccccc1C=O,0.507066587,2.739629767,-7.9,-7.7,4.3382,376.133554
O=[N+]([O-])c1ccc(N2[C@@H]3CC[C@H]2[C@H](O)[C@H](O)C3)c2ncccc12,0.644895077,4.488469919,-8.3,-7.8,1.6059,315.121906
O=Cc1c(C(=O)Oc2nccc3ccccc23)[nH]c2ccc(Br)cc12,0.409358848,2.547005082,-8.5,-8.7,4.5103,393.9953043
O=C(Nc1nccc(-c2ccccc2)n1)C(=O)NS(=O)(=O)c1ccc2[nH]c(=O)sc2c1,0.394416349,2.618265592,-10.1,-9.1,1.4902,455.0358105
CC(C)(Nc1cccc2nc[nH]c(=O)c12)c1ccc2ccccc2c1,0.58466737,2.495255082,-9.1,-9.2,4.4235,329.1528122
Oc1cccc2c(CNc3ccnc(F)c3)cccc12,0.711971978,2.160360623,-8,-8.4,3.6916,268.1011913
CC1(C)OB(c2ccc3cc(Nc4cnn5cccnc45)ccc3c2)OC1(C)C,0.541033302,2.976822475,0,0,3.9253,386.1914064
Cc1ccc(C(=O)N(c2ccc(O)cc2)c2cc(-c3ccn[nH]3)ccc2F)cc1,0.505114847,2.427865848,-8.9,-8.3,5.20832,387.138305
Cc1cc2ccccc2nc1N1C(=O)c2cc(C(=O)O)ccc2Oc2ccccc21,0.495627031,2.346244695,-10,-9.3,5.32562,396.111007
O=C(Oc1ccc2c(Cl)ccnc2c1)c1cnc2c(Br)cnn2c1,0.374783664,2.62501073,-8.5,-8.2,3.9126,401.9519153
O=S(=O)(Nc1ccc2ccc(F)cc2n1)c1cccc2cnccc12,0.609185414,2.234053159,-9.2,-8.5,3.7229,353.0634258
O=C(NC(c1ccc(Cl)cc1)c1cccc(F)c1)C(=O)NC1(c2ccc3c(c2)OCCO3)CC1,0.534886173,3.040328097,-9.7,-8.5,4.2614,480.1252131
Nc1cc(N2C(=O)Cc3cccc(Br)c32)ncc1Cl,0.867663559,2.813114546,-7.7,-7.3,3.3005,336.9617517
Cc1ccc2cc(NS(=O)(=O)c3ccc(-c4ccccc4)cc3)ccc2n1,0.54608532,1.843662648,-9.4,-9.4,5.01102,374.1088988
Cc1cc(OC(=O)CCc2cc3ccccc3[nH]2)cc2c(=O)[nH]ccc12,0.435187324,2.475408566,-8.3,-7.7,3.85602,346.1317424
O=S(=O)(Nc1ncnc2scc(-c3ccccc3)c12)c1ccc2cnccc2c1,0.456949808,2.373731528,-8.6,-9.2,4.7073,418.0558177
O=C(Nc1cccc(C#Cc2ccccc2)c1)N1CCc2ccc(CO)cc21,0.667144602,2.291849196,-9.4,-8.5,4.1733,368.1524779
O=C(c1cnc2cc3c(cc2c1O)OCCO3)N1CC(n2c(=O)oc3ccccc32)C1,0.531313652,2.813834559,-10,-8.8,2.3166,419.1117353
O=C1CCc2cc(NCc3nc4ccccc4c4ccccc34)ccc2N1CC(F)F,0.43354686,2.521863704,-9.7,-10.1,5.5444,417.1652687
CC(Nc1ccc2ccccc2c1O)c1ccc2[nH]c(=O)[nH]c2c1,0.432480595,2.743234203,-8.8,-8.7,3.8881,319.1320768
Oc1cnc2ccccc2c1N1CCCCCNCCCCCNCCCCC1,0.662423293,2.974318976,-9.4,-8.2,4.4505,398.3045618
O=C1CCCCC(=O)N(c2cccc(-c3cn[nH]c3)c2)c2ccccc21,0.743573318,2.798115961,-9.5,-9.8,4.4981,345.1477268
CC(Nc1nc(-c2ccccc2)c2ccccc2n1)(c1ccc(C#N)cc1)C(F)(F)F,0.437728579,2.962445411,-9.6,-9,6.05808,418.1405312
Cc1cc(NS(=O)(=O)c2cccc3cnccc23)cc2[nH]c(=O)oc12,0.587799132,2.578425017,-9,-8.6,2.77852,355.0626769
OC1c2ccccc2CCCCC1(F)NCc1ccc2cnccc2c1,0.686111973,3.401032806,-9.1,-9,4.4502,350.1794416
C[C@@H](NC(=O)C(=O)NCc1cc2ccccc2n(C)c1=O)c1ccc2ccccc2c1,0.504472544,2.680477928,-10.3,-10,3.1853,413.1739416
O=[N+]([O-])c1ccc2c(c1)N(c1ncnc3c1ccc1ccccc13)CC2,0.306896563,2.37412706,-9.5,-9.2,4.3854,342.1116757
O=c1[nH]c(CN2CCN(c3c(Br)ccc4cccnc34)CC2)nc2ccccc12,0.517398085,2.479275057,-9.6,-9,3.556,449.0851224
N#Cc1cc(CO)cc(Nc2c(N)ccc3cc(Br)ccc23)c1,0.602556495,2.443053619,-8.8,-8.5,4.29208,367.0320242
O=C(Nc1ccc(-c2cnccn2)cn1)c1cc([N+](=O)[O-])ccc1Oc1ccccc1,0.365070539,2.273132934,-8.8,-8.6,4.4914,413.112404
Cc1c(I)sc2ncnc(OC(=O)c3cccc4c3oc3ccccc34)c12,0.235913363,2.818169157,-8.6,-9.1,5.72292,485.9535112
Cc1n[nH]c(-c2ccc(NC(=O)c3c(Cl)c4ccccc4[nH]c3=O)cc2)n1,0.506188011,2.50026822,-9.1,-8.2,3.52732,379.0836024
Cc1n[nH]c(-c2ccc(Nc3c(C(=O)O)c(=O)[nH]c4ccccc34)cc2)n1,0.442807001,2.602055432,-8.9,-8.4,3.06342,361.1174893
O=S(=O)(NS(=O)(=O)c1cc(Br)cc2cccnc12)c1ccc2[nH]nnc2c1,0.467428308,2.945778796,-9.4,-8.4,1.9358,466.9357579
C[C@H](NC(=O)NS(=O)(=O)c1ccccc1-c1ccc(CO)cc1)c1cccc2cnccc12,0.399876766,2.795003036,-9.6,-8.7,4.1432,461.1409272
O=c1oc2cc(O)c(NCCOc3ccc4ccccc4c3)cc2c2c1CCCC2,0.279050368,2.428485396,-8.2,-8.8,5.0215,401.1627082
O=c1[nH]c(CN[C@H]2CC[C@@H](O)CC2)cc2ccccc12,0.799544538,2.296511286,-8,-7.8,1.9212,272.1524779
N#Cc1ccc(N2CCCCc3ccc([N+](=O)[O-])cc32)c2ccncc12,0.505089878,2.550811028,-8.9,-8.6,4.48908,344.1273258
O=C1CCCOc2ccc(N3C(=O)Cc4cc(S(=O)(=O)Cl)ccc43)cc21,0.734211837,2.599842977,-9.6,-8.7,3.1902,391.0281212
O=C(Oc1ccccc1/C=C/S(=O)(=O)Cl)c1cc2ccccc2c(=O)[nH]1,0.41957421,2.536177224,-9.8,-8.4,3.2866,389.0124712
Cc1cc(S(=O)(=O)Nc2ccc(Sc3nncs3)cc2)c2ncccc2c1,0.522651431,2.55881827,-8.8,-8.2,4.34672,414.0278887
O=C(Cc1ccc2[nH]nnc2c1)OCC(O)c1ccc2ccccc2c1,0.542031839,2.978948552,-8.4,-7.7,2.9304,347.1269914
Brc1cccc2cccc(N[C@@H]3C[C@H]3c3cccnc3)c12,0.729073349,3.041384464,-8.2,-8,4.9653,338.0418606
Cc1cncc2cccc(S(=O)(=O)N(C)C(=O)c3ccc4n3CCNC4C)c12,0.732700554,3.6304189,-8.7,-9,2.46982,398.1412616
Nc1ccc(CN(C(=O)Nc2cccc(C(=O)c3ccccc3)c2)c2ccccc2)cc1,0.307937019,2.024265961,-9.4,-8.6,5.7385,421.179027
COc1cc(OC(=O)c2cccc(Br)c2I)c2cnccc2c1,0.303933158,2.431799891,-8.2,-7.8,4.8297,482.8967033
O=C1Cc2ccc(Br)cc2N1C(=O)c1[nH]c2ccc(Br)cc2c1F,0.55107366,2.78759285,-8.7,-8.9,4.5615,449.9014799
NC(=O)c1oc2ccccc2c1NC(=O)C(=O)Nc1cccc(-c2nc3ccccc3o2)c1,0.361909498,2.371772867,-10.8,-9.8,3.9171,440.1120696
N#Cc1ccc2c(c1)N(c1cccc(S(=O)(=O)Cl)c1F)C(=O)C2,0.780088915,2.73490241,-8.6,-8,2.84568,349.992819
NN(C(=O)NNc1cccc2ccncc12)c1cccc2ccncc12,0.301237181,2.775312081,-9.3,-9.2,3.1998,344.1385591
C[C@@H](NC(=O)Nc1cccc2cc(F)ccc12)c1ccccc1[N+](=O)[O-],0.523284925,2.509277555,-8.7,-8.6,4.7698,353.1175696
C[C@@H](NC(=O)C(=O)Nc1cccc2cc(F)ccc12)c1ccccc1[N+](=O)[O-],0.408633606,2.619049669,-8.8,-8.6,3.703,381.1124842
Cc1cccc(Oc2ncccc2Nc2cccc(-c3cccc(N)c3)c2)c1C,0.388250174,2.171508878,-8.8,-8.1,6.48354,381.1841124
NN(C(=O)C(=O)Nc1cc2c(=O)[nH]cnc2cc1F)c1c(F)cccc1Br,0.244016421,2.973831783,-9.2,-8.5,1.8092,436.9935077
COc1cc2c(cc1NC(=O)N1CCc3c(cccc3C(N)=O)C1)oc1ccccc12,0.521686527,2.399694542,-10.2,-9.2,4.2837,415.1532062
O=S(=O)(NS(=O)(=O)c1cccc2c(Cl)nccc12)c1cccc2ccccc12,0.496009223,2.369638119,-10.1,-8.3,3.7086,432.0005266
O=C(Nc1n[nH]c2cc(F)ccc12)C(=O)N1C(=O)CCCc2cc(O)ccc21,0.55848687,2.756988655,-9.4,-9.1,2.2422,382.1077332
Oc1ccnc2ccc(NCc3ccc4nccnc4c3)cc12,0.605887538,2.301747918,-8.4,-8.1,3.4957,302.1167611
N[C@H]1CCCCC[C@H]1Nc1nccc2cccnc12,0.810867255,3.004938538,-7.3,-6.8,2.7017,256.1687966
Cc1cc(NS(=O)(=O)c2cccc(Cl)c2Br)cc2[nH]ncc12,0.695172312,2.577527645,-8.2,-8,4.08802,398.9443874
O=Cc1ccc(Oc2ccccc2)cc1OC(=O)c1ccc2ccc(Br)cc2c1,0.201154697,2.144700086,-9.7,-8.4,6.4263,446.0153711
N#Cc1ccc2c(c1)N(c1cccc(OC(F)F)c1F)C(=O)C2=O,0.809681136,2.635178259,-8.6,-8.1,3.15978,332.0408767
CC(Cn1ncc2ccccc2c1=O)Nc1ccc(C2=NOCC2)c(Br)c1,0.673140557,3.329842051,-8.6,-8.4,3.784,426.0691379
O=C(c1c[nH]c(=O)c2ccccc12)N1CCCC2(C1)NC(=O)N(C(=O)c1cc(O)nc3ccccc13)C2=O,0.27534004,3.882276724,-11.3,-10.4,2.1489,511.1491834
O=C(Oc1cnc2c(F)cccc2n1)c1n[nH]c2c1COc1ccccc1-2,0.550593359,2.833580879,-9.1,-8.5,3.2706,362.0815184
Cc1cn(-c2ccc(C#N)cn2)nc1NCC(=O)c1cccc(S(C)(=O)=O)c1,0.635365294,2.673755474,-8.5,-8.4,2.1457,395.1052104
Nc1cc(Cl)c(NC(c2ccccc2)c2cccc(F)c2)cc1N,0.594524958,2.633612119,-8.4,-8.6,4.845,341.1095034
Nc1cc(F)c(Cl)cc1NC(=O)C(=O)NC(c1ccccc1)c1cccc(F)c1,0.443796126,2.683369702,-9.4,-8.9,4.0447,415.0899109
[N-]=[N+]=Nc1c(F)cccc1NCCc1cnc2c(Cl)cnn2c1,0.432832935,3.0776132,-7.7,-7.3,4.1182,331.0748493
NC(=O)Nc1cccc2c1CCCN2C(=O)C(=O)Nc1ccc(-c2ccccc2)cn1,0.5696451,2.448138967,-9.2,-9.6,3.1571,415.1644395
O=C1C=CC(=O)N1c1cccc(S(=O)(=O)Nc2cc3ncc(=O)[nH]c3cc2F)c1,0.619184438,2.731847828,-9.7,-9.3,1.2924,414.0434187
O=C(Oc1cc2ccncc2cc1Br)c1cnc2c(c1)C(=O)CCC2,0.480555898,2.619851236,-9,-8.7,4.1305,396.0109544
Nc1cc2c(cc1NC[C@H]1CCc3nccn31)CCNC2=O,0.746631604,3.53659614,-7.7,-7.9,1.3506,297.1589602
O=[N+]([O-])c1ccc(C2CN(c3cc(-c4ccccc4)ccc3O)C2)cc1,0.554917442,2.104001007,-8.8,-8.3,4.5712,346.1317424
O=C(O)c1cccc2c1CCCN2C(=O)NC(c1ccccc1)c1cccc2ccccc12,0.425410721,2.746932578,-10,-9.2,5.7898,436.1786926
N#CC(C(=O)CN1C(=O)Cc2cc(C(F)(F)F)ccc21)=C1Nc2ccccc2S1,0.603249185,2.877509366,-9.3,-8.9,4.11658,415.0602323
O=C(Nc1nccc2ccc(Br)cc12)C(=O)N1CCOc2cc(Br)c(Cl)cc21,0.464650499,2.775183202,-9.4,-9,4.7773,522.8933931
N#Cc1cccc2c1CN(c1ccc(C3=CCC(=O)CC3)cc1)C2,0.83356564,2.708408408,-8.7,-8.4,4.21488,314.1419132
O=C(Nc1ccc(S(=O)(=O)c2ccc([N+](=O)[O-])cc2)cc1)C(=O)Nc1cc2[nH]nnc2cc1F,0.21957128,2.674481983,-9.7,-9.3,2.4152,484.0601314
N#Cc1ccc(F)c(N(N)c2cccc3ccncc23)c1,0.576897052,2.670802851,-8.3,-7.8,3.25738,278.0967746
CC(Cl)C(=O)c1ccc2c(c1)CC(=O)N2C(=O)Nc1cc(Br)c([N+](=O)[O-])cn1,0.316609818,3.448949684,-8.8,-8.3,3.6835,465.9679593
CC(Cl)C(=O)c1ccc2c(c1)CC(=O)N2c1cc(N)ncc1[N+](=O)[O-],0.38705702,3.293649103,-8.7,-8.5,2.6028,360.0625326
N#Cc1cc2c(nc1N1CCC(c3ccnc4ccccc34)CC1)CCCC2,0.654049868,2.532897999,-9.7,-9.3,4.76428,368.2000968
CN(C(=O)C(=O)Nc1nccc2ccc([N+](=O)[O-])cc12)c1cnc(C#N)cn1,0.407827354,2.948038906,-8.7,-8.4,1.40618,377.0872518
O=C(NCc1ccc2ccccc2c1)Nc1ccc(Oc2nc3ccccc3o2)cc1,0.367954033,2.159117416,-10.2,-9.9,6.095,409.1426415
O=C(NCc1ccc2ccccc2c1)C(=O)Nc1ccc(Oc2nc3ccccc3o2)cc1,0.376372015,2.257289261,-10,-10.5,5.0282,437.1375561
Cc1oc2cc(O)ccc2c(=O)c1-c1ccccc1NCCN1C(=O)Cc2ccccc21,0.491866567,2.552950873,-9.3,-8.8,4.47522,426.1579572
CC(C)COc1ccc2c(c1)CCN(c1ccc3c(c1)Cc1ccccc1-3)C2,0.446935952,2.2868764,-9.2,-9.4,5.8553,369.2092645
Cc1nc2cc(Br)cc(Nc3nc4c(cc3C#N)CCCC4)c2c(=O)[nH]1,0.668783185,2.859660467,-9.3,-9,3.8831,409.0538222
N#CC(c1ccccc1)c1ccc(Nc2cc(Cl)ccc2C(N)=S)cc1,0.586275995,2.67357414,-8.2,-8.3,5.37328,377.0753462
Cn1c(=O)oc2cc(S(=O)(=O)NS(=O)(=O)c3cccc4cc(N)ccc34)ccc21,0.464911927,2.613185691,-9.9,-8.9,1.5341,433.0402272
Cc1c(C(=O)NNc2ccc(C#N)cc2F)sc2ncnc(N)c12,0.629106603,2.584079187,-8.6,-8.4,2.3496,342.0699082
Cc1c(C(=O)O)sc2ncnc(NC(=O)C(=O)NNc3ccc(C#N)cc3F)c12,0.371636557,2.757756845,-9.5,-8.2,1.7905,414.0546521
N[C@H]1CC[C@H](NS(=O)(=O)c2cccc3ccccc23)CC1,0.914248547,2.042810544,-8.1,-7.7,2.388,304.1245489
O=S(=O)(Cl)c1cccc(NCCc2ccc3[nH]ccc3c2)c1O,0.485901056,2.473809122,-8.3,-8.1,3.4556,350.049191
O=C1CC2(Cc3ccccc3C2)C(=O)N1c1ccc2ncccc2c1,0.644214995,2.888755572,-9.1,-8.9,3.2833,328.1211778
NS(=O)(=O)c1cccc(CCC(=O)Oc2cnn3cc(CCO)cnc23)c1,0.558795714,2.677065031,-8.6,-7.2,0.4497,390.0997907
c1cc(CN2CCCn3c2nc2ccccc23)c2ccncc2c1,0.560745301,2.311469342,-8.8,-8.5,3.9948,314.1531466
Cc1cc(Nc2nnc3c(Cl)cccn23)c2cccc(S(N)(=O)=O)c2n1,0.557031115,2.801645928,-9,-8.6,2.63032,388.0509223
S=C(Cc1cccc2ccccc12)Nc1ccc2c(Cl)ccnc2c1,0.450667469,2.240985272,-8.7,-8.3,6.0234,362.0644472
CN(c1ccc2cnccc2c1)S(=O)(=O)c1ccc2[nH]c(=O)[nH]c2c1,0.589211091,2.450447553,-8.9,-8.3,2.2295,354.0786613
Cc1ccc(N2CCc3cc(C(N)=O)ccc32)cc1O,0.879012125,2.121689696,-8.2,-8.2,2.49372,268.1211778
O=S(=O)(NCC1CCc2ccccc2CC1)c1ccc2c(c1)Cc1ccccc1-2,0.500794561,2.256768994,-9.4,-8.5,4.7313,403.1606
Cc1ccc(S(=O)(=O)C2CCN(c3ccc4cc(Cl)ncc4c3)CC2)cc1,0.600780411,2.372509578,-9.2,-8.8,4.63932,400.1012266
CC(NC(=O)C(=O)NS(=O)(=O)c1cccc2cc(N)ccc12)c1cc2cnccc2[nH]1,0.283499048,3.211053989,-9.9,-9.1,1.9806,437.1157751
O=C(Nc1nccc(-c2cccc([N+](=O)[O-])c2)n1)C(=O)N(c1ccc(C(=O)O)cc1)c1ncnc2ccccc12,0.183123426,2.823632253,-10.1,-9.2,3.9966,535.1240313
O=C(CCc1ccc2[nH]ccc2c1)NCc1ccc2c(c1)N(C(=O)COc1ccc3oc4c(c3c1)CCCC4)CCO2,0.247081501,2.898211917,-9.6,-9.4,5.8463,563.2420212
Brc1ccc(N(Cc2cccnc2)c2ccc3cn[nH]c3c2)cc1,0.539237192,2.393094126,-8.2,-8.1,5.0587,378.0480086
N#Cc1ccc(Nc2cccc(C(=O)c3cccc(Cl)c3)c2)nc1,0.709505091,2.063783975,-9,-8.1,4.58128,333.0668897
N#Cc1ccc(Nc2cccc(C(=O)c3cccc(F)c3)c2)nc1,0.736739312,2.072155881,-9,-8.2,4.06698,317.0964402
Cc1ccc2c(OC(=O)/C=C/c3ccc4ccccc4n3)cccc2n1,0.307810099,2.23497868,-9.5,-8.8,4.71022,340.1211778
CC(NC(=O)c1ccc2[nH]ncc2c1)C(=O)N1CCN(C(=O)c2ccccc2C(=O)c2ccc3c(c2)OCCO3)CC1,0.342343403,3.08596442,-10.5,-9.7,2.668,567.2117836
Cc1cc2c(C(=O)N3CCC4(CC3)NC(=O)N(C(=O)c3cc5c(s3)-c3ccccc3CC5)C4=O)cccc2[nH]1,0.286021762,3.493275116,-11.7,-11.7,4.67042,538.1674763
O=c1oc2ccccc2cc1CNS(=O)(=O)c1cnc2ccc(Cl)cc2c1,0.529613621,2.35714754,-9.6,-9.4,3.4731,400.0284556
CN(Cc1ccc2[nH]cnc2c1)S(=O)(=O)c1cccc2cnccc12,0.612375068,2.471832005,-8.4,-8,2.9318,352.0993968
COc1ccc(S(=O)(=O)c2ccccc2)cc1NC(=O)C(=O)N(C)c1ccc2[nH]ccc2c1,0.439711887,2.482342782,-9.6,-9.2,3.6108,463.1201918
COC(=O)c1c(Cl)cccc1S(=O)(=O)Nc1ccc2[nH]ncc2c1,0.692122716,2.327892276,-8.1,-7.5,2.8037,365.0237045
Nc1cccc(OC(=O)c2ccc(F)c3ccncc23)c1I,0.303533305,2.525967526,-8.2,-8.1,3.7799,407.9771038
Cc1ccc2ccncc2c1NCC(=O)Nc1cccc2cccnc12,0.58477192,2.254195684,-9.1,-8.9,4.14202,342.1480612
N#Cc1ccc(NC(=O)N2CCCc3c(OC(F)F)cccc32)c(N)c1,0.818105936,2.526257308,-8.8,-8.5,3.72658,358.1241322
N#Cc1ccc(N)c(NC(=O)C(=O)N2CCCc3c(OC(F)F)cccc32)c1,0.622749292,2.680110503,-9.4,-8.7,2.65978,386.1190468
NS(=O)(=O)c1ccc(N2C(=O)Cc3ccc(C(=O)O)cc32)cc1O,0.755015146,2.513686295,-8.1,-7.9,0.9586,348.0416071
N#Cc1ccc(Nc2nc(-c3ccc(-c4ccccc4)cc3)cs2)c(S(N)(=O)=O)c1,0.473374078,2.253567235,-8.9,-9.3,4.73978,432.0714678
O=C(OCc1c(F)ccc(Br)c1F)c1nccc2c1[nH]c1ccccc12,0.372307492,2.555658803,-9,-8.5,5.1138,415.9971961
O=C(OC(F)(F)c1cccc2c1CCCN2)c1c[nH]c2cc([N+](=O)[O-])ccc12,0.39428341,2.891583786,-9.3,-8.8,4.3405,387.1030624
O=c1[nH]c(CNCc2ccc3c(c2)NCCO3)cc2ccccc12,0.690986127,2.474792284,-8.4,-8.4,2.6222,321.1477268
O=C(Nc1ccc(Sc2ccccn2)nc1)NC(c1ccccc1)c1cccc(Cl)c1,0.370134994,2.748010832,-9.7,-8.2,6.1923,446.0968099
Clc1ccc(C2(Nc3ccc4ccc5cccnc5c4n3)CC2)cc1,0.495403146,2.458343333,-9,-8.4,5.5376,345.1032752
Cc1cc(Cl)nc2cc(C(=O)NC3COc4ccccc4C3)ccc12,0.710839537,2.705821615,-9.4,-9,3.93012,352.0978555
O=C(OCc1ccc2cn[nH]c2c1)c1cnc2c(Br)cnn2c1,0.559256685,2.695859176,-7.9,-7.5,2.7251,371.0017867
CC(C(=O)OC(F)(F)Oc1ccc2nccc(O)c2c1)c1cccc(C#N)c1,0.526182462,3.246999373,-9,-7.9,4.08808,384.0921634
N#Cc1cc(NC(=O)N2CCOc3cc(O)ccc32)cc(-c2ccccc2)c1,0.70071181,2.333373357,-10,-9.2,4.36178,371.1269914
NS(=O)(=O)c1ccc(Oc2ccc(NC(=O)C(=O)Nc3ccc4cnccc4c3)cc2)cc1,0.38897466,2.180435317,-9.2,-9.1,3.2517,462.0997907
Cc1cc(C)cc(-c2nc3ccccn3c2NC(F)(C(=O)[O-])c2cccc(C#N)c2)c1,0.505849184,3.485047093,-9.3,-8,3.47412,413.1419276
CN1C(=O)Cc2ccc(N3CCc4ccc(CC(=O)O)cc43)cc2C1=O,0.858580608,2.479645085,-9.3,-9.4,2.1626,350.1266571
C[C@@H]1COc2cccnc2N1C(=O)C(=O)Nc1nccc(-c2ccccc2)n1,0.690448818,3.080890103,-9.3,-9.4,2.2912,375.1331394
CC(=O)c1ccc2c(c1)CC(=O)N2S(=O)(=O)c1cccc2cncc(C)c12,0.652285551,2.731621962,-9.2,-9,3.02382,380.083078
O=C1C(=O)N(C(=O)NC(c2ccc(Cl)cc2)c2cccc3ccccc23)c2ccc(-c3ccccc3)cc21,0.257007529,2.866558199,-10.6,-9.6,7.1887,516.1240702
O=C(CN1C(=O)CN=C(c2ccccc2)c2cc(Br)ccc21)c1ccc(F)c(Cl)c1,0.470438859,2.371360368,-9,-8.6,5.3085,483.9989457
NS(=O)(=O)c1ccc2c(c1)CC(=O)N2C(=O)C(=O)NCCc1cnc2c(Cl)cnn2c1,0.508203687,3.060069357,-9.5,-8.8,-0.1953,462.0513163
CCC(=O)c1ccc2c(c1)N(c1cccc(C(=O)CBr)c1)c1ccccc1S2,0.246828578,2.457442737,-8.5,-8,6.7913,451.0241619
O=C(CNc1nc(-c2ccc3ccccc3c2)cs1)c1cccc([N+](=O)[O-])c1,0.279413474,2.209275921,-8.9,-8.7,5.1663,389.0834123
O=C(O)c1ccc2c(c1)C(=O)N(c1c(Br)ccc3[nH]ncc13)c1ccccc1O2,0.442827553,2.635810056,-9.7,-9.8,5.1078,449.001118
O=C1CN=C(c2ccccc2)c2cc(Br)ccc2N1c1ccc(Br)c2ccncc12,0.312174471,2.627642733,-8.6,-8.2,6.2755,518.9581863
CC(c1ccc(-n2cnc3ccccc32)cc1)N(C)C(=O)C(=O)Nc1ccc(N)c2cnccc12,0.304455738,3.12245098,-9.7,-9.8,4.314,464.196074
CC(c1ccc(-n2cnc3ccccc32)cc1)N(C)C(=O)C(=O)Nc1ccc(N)c2ccncc12,0.304455738,3.138324211,-10,-9.2,4.314,464.196074
CC(=O)c1ccc2c(c1)N(c1ccc([N+](=O)[O-])c3ccncc13)c1ccccc1S2,0.196776535,2.608360437,-9.1,-8.1,6.28,413.0834123
O=C(NS(=O)(=O)c1ccc(-c2ccc(Br)cc2)cc1)N1CCN(Cc2nc3sc4c(c3c(=O)[nH]2)CCCC4)CC1,0.331349019,2.689023272,-10.3,-10.8,4.509,641.0766085
N[C@@H]1CCC[C@@H]1NC(=O)NS(=O)(=O)c1cc(F)c2ccccc2c1,0.785271013,3.10612515,-9.3,-8.2,1.8466,351.1052907
CS(=O)(=O)c1ccc(C(=O)CNc2nccc3c([N+](=O)[O-])cccc23)cc1,0.393471886,2.296664423,-7.8,-8.1,2.8413,385.0732416
CCC(=O)c1ccc2c(c1)N(c1c(C)ccc3ccncc13)c1ccccc1S2,0.305365609,2.587819867,-8.9,-7.5,7.07032,396.1296343
COC(=O)c1ccc2c(c1)N(S(=O)(=O)c1cccc3cncc(C)c13)C(=O)C2,0.631956729,2.745476775,-9.2,-8.7,2.60782,396.0779926
Cc1cc(F)ccc1N(Cc1ccc(C#N)cc1)c1ccc2cc(Cl)ncc2c1,0.364035251,2.50403304,-9.4,-8,6.5457,401.1095034
Cc1cc(F)ccc1N(Cc1ccc(C#N)cc1)c1cc2ccc(Cl)cc2cn1,0.389150911,2.488949074,-8.9,-8.2,6.5457,401.1095034
O=C1Cc2cc(C(=O)NS(=O)(=O)c3ccccc3-c3ccc(CO)cc3)ccc2N1,0.58471155,2.286419915,-9.6,-8.6,2.4592,422.0936427
O=C(OCc1ccc([N+](=O)[O-])c2cccnc12)c1cccc2c1oc1ccccc12,0.228470941,2.372139815,-9,-9.2,5.3994,398.0902715
O=C(CN1CCCc2c(OC(F)F)cccc21)c1ccc2ccccc2c1,0.589374939,2.254841938,-9.1,-8.5,5.0767,367.1383853
O=C(CN1C(=O)CC2(Cc3ccccc3C2)C1=O)c1c[nH]c2ncccc12,0.574469474,3.127448559,-9.3,-9.3,2.2897,359.1269914
O=[N+]([O-])c1ccc2c(S(=O)(=O)Nc3cc4ccccc4c4cccnc34)c[nH]c2c1,0.251602414,2.49340355,-10.3,-9.8,4.5783,418.0735759
Nc1c(NS(=O)(=O)c2cccc3cnccc23)ccc2ncccc12,0.553111981,2.291274313,-9.1,-8.2,3.166,350.0837467
O=C1NC2(Cc3ccccc3C2)C(=O)N1c1ccc(Cl)c2cnccc12,0.673146584,3.124223637,-9.9,-8.9,3.482,363.0774544
O=C(Nc1nnc(-c2cccc3ccccc23)o1)N(c1ccccc1)c1nc(S)nc2ccccc12,0.21648726,2.811619228,-10.7,-9.5,6.4919,490.1211948
O=S(=O)(Nc1c(Br)ccc2ccncc12)c1ccccc1-c1ccccc1,0.459208164,2.212291642,-8.9,-8.1,5.4651,438.0037608
O=[N+]([O-])c1ccc2c(S(=O)(=O)Nc3ccnc4[nH]ccc34)c[nH]c2c1,0.381255018,2.639605516,-8.5,-8.1,2.7532,357.0531748
CC(Nc1cc(S(=O)(=O)Cl)c2ncccc2c1)c1ccc2[nH]c(=O)[nH]c2c1,0.452591555,3.047937535,-9.6,-8.6,3.505,402.055339
Nc1c(NCc2ccc3nccnc3c2)ccc2ccncc12,0.567295711,2.377828461,-8.3,-8.2,3.3723,301.1327455
c1ccc2c(N3CCCCCNCCCCCNCCCCC3)cncc2c1,0.746947673,2.814338638,-10,-8.9,4.7449,382.3096472
O=S(=O)(Nc1cc2cccc(Cl)c2cn1)c1ccc2[nH]nnc2c1,0.585315647,2.669388657,-9.2,-8.5,2.9603,359.0243732
O=C(c1ccccc1)c1cc([N+](=O)[O-])ccc1NC1CC=C(c2ccc(F)cc2)CC1,0.303270379,2.786841865,-8.9,-8.3,6.0129,416.1536208
Cc1ccc(S(=O)(=O)c2ccc(N(N)c3ccc4c(c3)C(c3ccccc3)=NCC(=O)N4)cc2)cc1,0.309663073,2.733533211,-10.9,-10.2,4.62912,496.1569116
ON=C(Nc1ccncc1-c1cccnc1)c1ccc(-c2ccccc2)cc1,0.229217836,2.334844616,-8.2,-8.3,5.0585,366.1480612
NC(CNc1cccc(C(=O)c2ccc(I)cc2)c1)c1ccc2ncccc2c1,0.287011974,2.724964696,-8.5,-8.7,5.1823,493.0651103
NCC(Nc1cccc(C(=O)c2ccc(I)cc2)c1)c1ccc2ncccc2c1,0.287011974,2.726357553,-9.2,-8.2,5.1823,493.0651103
O=C(Nc1ccc2[nH]nc(Cl)c2c1)C(=O)Nc1ccc([N+](=O)[O-])cc1C(=O)c1ccccc1,0.176649278,2.453472807,-9.8,-8.9,3.9327,463.0683462
N#Cc1ccc(N(N)c2ccc3c(c2)Cc2ccccc2-3)c(F)c1,0.443540509,2.59621675,-9,-9.1,4.28038,315.1171757
O=Cc1ccccc1Oc1ccc(F)cc1NCc1ccc(-c2cccnc2)cc1,0.381997815,2.157797809,-8.3,-7.6,6.1046,398.1430561
Cc1ccc(N)cc1OCc1cccc(NC(C)Cc2ccc3[nH]ncc3c2)c1,0.387406602,2.803828432,-8.5,-8.4,5.07562,386.2106615
Cc1sc2ncnc(SCCC(=O)Oc3ccc4[nH]cc(C5=CCNCC5)c4c3)c2c1C,0.175493643,2.993282338,-9.4,-8.6,5.25394,464.134068
CS(=O)(=O)c1ccc(C(=O)CN2CCc3c(-c4ccccc4)cccc32)cc1,0.617046113,2.102619468,-9,-9.2,4.0025,391.1242145
CS(=O)(=O)c1cccc(C(=O)CNc2cccc(Br)c2I)c1,0.508594744,2.401308742,-8,-7.7,3.752,492.8844244
Cc1c(C(=O)O)[nH]c2ccc(N3CCc4c(c(=O)[nH]c5ccccc45)C3)cc12,0.501017447,2.540550814,-9.4,-9.6,3.57872,373.1426415
O=C(Oc1cc(F)cc2cnccc12)c1ccc2c(=O)[nH]cnc2c1,0.449653828,2.516791621,-9.4,-9.1,2.8296,335.0706194
Brc1c(NC(c2ccccc2)c2ccc3c(c2)CCCO3)ccc2ccncc12,0.388236562,2.941825595,-9.8,-8.7,6.5238,444.0837254
C[C@H]1COc2c(C3(N)CC3)c(N(N)c3ncnc4sc5c(c34)CCCC5)cc3c(=O)c(C(=O)O)cn1c23,0.272417354,3.961722205,-10,-9.1,3.4962,518.1736243
CC1COc2c(NS(=O)(=O)c3cccc4ccccc34)c(F)cc3c(=O)c(C(=O)O)cn1c23,0.471560799,3.127984752,-10.2,-9.4,3.7462,468.0791355
Cc1cccc(C(=O)c2cccc(NC(C)c3ccc4[nH]cnc4c3)c2)c1,0.479181812,2.687948559,-9.2,-8.8,5.27542,355.1684623
Oc1cc2c(cc1NCCc1cccc(-c3cccc(Cl)c3)c1)CCNC2,0.546451827,2.353003664,-9.2,-8.4,5.0129,378.149891
NCCc1cccc(-c2cccc(N3CCc4cc(Cl)c(O)cc4C3)c2)c1,0.686652019,2.303512944,-9.1,-8.9,4.7765,378.149891
CC(Cl)C(=O)c1ccc2c(c1)CC(=O)N2c1c(Cl)ccc2ncccc12,0.475138126,3.03313256,-8.8,-8.3,4.919,384.043233
Cc1cc(C)cc(-c2nc3ccccn3c2NC(=O)Nc2cc(C(C)(C)C)cc3cccnc23)c1,0.299492516,2.64253644,-10.8,-9.6,7.10784,463.2372105
CCC(=O)c1ccc2c(c1)N(c1cc3nc[nH]c(=O)c3cc1F)c1ccccc1S2,0.3877883,2.736891385,-9.9,-8.3,5.5893,417.094726
CCC(=O)c1ccc2c(c1)N(c1cc3c(=O)[nH]cnc3cc1F)c1ccccc1S2,0.3877883,2.746831636,-9.4,-8.4,5.5893,417.094726
O=C(Oc1c(Br)ccc2ccncc12)c1ccc(C2=CCCC2)cc1,0.417403767,2.470116357,-8.6,-8.4,5.7838,393.0364409
NC(c1ccccc1)c1ccc(OC(=O)CCCc2ccc3c(c2)-c2ccccc2C3)c(Cl)c1,0.209300527,2.806011436,-9.9,-9.2,6.8876,467.1652068
O=C(CNCc1ccc2cn[nH]c2c1)c1cccc(F)c1,0.707760782,2.211683721,-6.8,-6.6,2.6745,283.1120903
O=C(Nc1cc(Cl)cc2ccccc12)C(=O)N1CC=C(c2cccc(OC(F)(F)F)c2)CC1,0.499249332,2.597846504,-10.2,-9.8,5.6462,474.0958048
O=C(Oc1c(Cl)ccc2ccncc12)c1ccc2cccc(O)c2c1,0.40993155,2.304578159,-8.9,-9.1,4.9662,349.0505709
CC1c2[nH]c3ccccc3c2CCN1C(=O)Nc1ccncc1-c1ccncc1,0.523267818,2.958746997,-9.4,-8.7,4.7761,383.1746103
CC(NC(=O)c1ccc2[nH]ncc2c1)C(=O)N1CCc2c(Br)cccc2C1=O,0.653663523,3.035232719,-9.5,-9,2.6688,440.0484025
Clc1ccc(NNc2ccc3nccnc3c2)c2ccncc12,0.551667996,2.462876425,-8.1,-8.3,4.2704,321.0781231
Nc1ccc(C(=O)N(c2ccc3cn[nH]c3c2)c2nc3ccc(F)cc3cc2C=O)cc1,0.322813055,2.830093682,-9.9,-8.3,4.6234,425.128803
O=C(Oc1cccc2cc(Cl)ncc12)c1cc2ccc(Br)cc2cn1,0.2501169,2.456426236,-9.2,-9.1,5.4181,411.9614173
Nc1ccc2nccnc2c1C(=O)OCC(=O)c1ccc2c(c1)Cc1ccccc1-2,0.282334923,2.473920187,-9.6,-8.5,3.8229,395.1269914
Cc1c(-c2csc(NC(=O)NS(=O)(=O)c3ccc(C(=O)CBr)cc3)n2)sc2ccccc12,0.246451823,2.570021742,-9.8,-9.1,5.42122,548.9486311
O=C1CCN(C(=O)C(F)(F)NCc2cc3cnccc3[nH]2)Cc2ccccc21,0.678373483,2.95910966,-8.6,-8.7,2.8605,384.1397823
O=C1CCc2cc(C(=O)Oc3ccc4cc(C(=O)O)c(=O)[nH]c4c3)ccc2N1,0.474381845,2.374736659,-9.7,-9.1,2.3302,378.0851862
Cc1nc2ccc(NCC(=O)c3ccc4ccccc4c3)cc2nc1C,0.54695984,2.130785182,-9.4,-8.7,4.69464,341.1528122
Cc1ccc2cc(C(=O)OS(=O)(=O)c3ccc4c(N)cccc4c3)ccc2n1,0.420200107,2.43022994,-9,-8.9,3.82432,392.083078
CC(Nc1ccc(C(=O)CBr)cc1Cl)c1ccncc1Cl,0.570018391,2.824579583,-6.9,-6.6,5.1391,385.9588305
O=C(NCc1ccc2c(c1)CCCN2)C(=O)Nc1cccc2cnccc12,0.627384283,2.344341931,-9.6,-8.9,2.8478,360.1586259
N#Cc1cc(F)cc(N(N)C(=O)Nc2cccc(-c3ccc(F)c(F)c3)c2)c1,0.395931486,2.537543048,-9.6,-8.8,4.55478,382.1041457
Cc1[nH]c2cccc(C#N)c2c1CCNc1cccc2cc(Cl)ncc12,0.491181988,2.648747643,-8.2,-8.5,5.2042,360.1141742
Cc1cc2[nH]ncc2cc1N1c2ccccc2Sc2cc(O)ccc21,0.420406533,2.588260088,-8.9,-8.2,5.51132,345.0935831
C#Cc1ccc2cc(NS(=O)(=O)Cc3ccc4ccccc4c3)ccc2c1,0.517871396,2.234214719,-9.3,-9.5,4.9162,371.0979998
Nc1cccc2ccc(S(=O)(=O)Nc3ccc4cc[nH]c4n3)cc12,0.49961545,2.425284978,-9.2,-8.2,3.0991,338.0837467
Cc1nn(-c2ccccc2OC(=O)c2cnc3cc4c(cc3c2O)OCCO4)cc1C=O,0.297708399,2.857227629,-9,-7.9,3.23742,431.1117353
COc1cc2[nH]ncc2cc1NC(=O)Nc1c(-c2cc(C)cc(C)c2)nc2ccccn12,0.370377495,2.635160906,-9.6,-9,5.14704,426.1804239
CC(=O)c1ccc2c(c1)N(C(=O)C(=O)NNc1cc(C)c3ccccc3n1)c1ccccc1S2,0.249292718,2.757815034,-11,-9.4,5.01842,468.1256115
CCc1ccc(C2=CCN(C(=O)NC3(c4ccc5ccccc5c4)CC3)CC2)cc1,0.585815142,2.467722839,-9.7,-9.1,5.8902,396.2201635
N#Cc1ccc2c(c1)N(C(=O)NCc1ccc3occc3c1)C(=O)C2,0.781529742,2.651539698,-9.9,-8.7,3.10338,331.0956913
Cc1cc2[nH]ncc2cc1OC(=O)/C=C/c1ccc(S(N)(=O)=O)cc1,0.4215747,2.441584203,-8.6,-8.3,2.13752,357.078327
O=C(NS(=O)(=O)c1cccc2cnccc12)C(=O)N1CC=C(c2c[nH]c3cc(F)ccc23)CC1,0.439890929,2.888644058,-11.5,-10,2.976,478.1111043
Nc1cccc2c1CC(=O)N2C(=O)Nc1c[nH]c2ccc(Br)cc12,0.558922506,2.761335971,-9.2,-8.5,3.6338,384.0221878
O[C@@H]1CCC(Nc2cscc2Br)CC[C@@H]1O,0.736228445,3.764810002,-6,-6,2.5869,305.0085119
Cc1c(C(=O)Oc2cc3c(cn2)CCCN3)c2ccccc2[nH]c1=O,0.703644544,2.697499313,-9.1,-9,2.80882,335.1269914
Nc1ccc2c(c1)CCC(=O)N2CC(F)(F)N1CC(=C2CC(=O)NC2=O)C1,0.352150485,3.358251534,-9.2,-9,0.7995,376.1346969
O=Cc1ccc(Nc2ccc(N3CCc4ccccc43)cc2)cc1I,0.427214581,2.312954924,-8.2,-9.2,5.5415,440.0385612
O=Cc1ccccc1Oc1cc(Cl)cc(NC(=O)c2cccc([N+](=O)[O-])c2Br)c1,0.273093754,2.433172614,-9.1,-8.5,5.8678,473.9618113
CC(C)c1ccc(-c2csc(Nc3ccc(Br)c4cnccc34)n2)cc1,0.38378115,2.315033182,-9.5,-8.9,6.9878,423.0404807
O=C(OC(F)c1cc(=O)oc2cc(O)ccc12)c1cc2c(s1)-c1ccccc1CC2,0.364956639,3.296473705,-10.2,-9.4,5.1508,422.0624228
c1cc2c(c(NCc3cccc4cnccc34)c1)CCCN2,0.758290685,2.327605875,-8.3,-8.4,4.205,289.1578976
O=S(=O)(NCc1ccc2ccccc2c1)c1ccc2cnccc2c1,0.60900998,1.987005082,-9.7,-9,3.8665,348.0932488
Cc1cc(=O)oc2cc(OCC(=O)N(N)C(=O)C(=O)Nc3cc4ccccc4c4cccnc34)ccc12,0.096450379,2.80916134,-11.3,-10.8,3.04922,496.1382844
O=C(NCc1cccc(I)c1)C(=O)Nc1cccc(-c2ccc3c(c2)CCO3)c1,0.41990337,2.231977009,-9.6,-8.9,4.148,498.0440405
O=C1Cc2cccc(CNC(=O)NC(c3ccccc3)c3ccc4[nH]cnc4c3)c2N1,0.403416115,3.131094348,-10.7,-9.5,3.6463,411.1695249
N#Cc1cccc(OC(F)(F)N(Cc2ccccc2)c2ccc3[nH]c(=O)[nH]c3c2)c1,0.367991517,2.808347199,-8.8,-8.7,4.36378,406.1241322
Cc1c(C(=O)Oc2cccc3cnccc23)c(=O)oc2ccccc12,0.31673799,2.276733928,-9,-8.7,3.86882,331.0844579
N#Cc1c(Cl)cccc1Nc1ccc(-n2cnc3ccccc32)nc1,0.58463586,2.335067042,-8.5,-8.2,4.68918,345.0781231
N#Cc1c(F)cccc1Nc1ccc(-n2cnc3ccccc32)nc1,0.612288794,2.323808033,-9.1,-8.7,4.17488,329.1076736
O=C(Oc1ccc(CCl)c2ccccc12)c1ccc(-c2cccc3cccnc23)cc1,0.177081092,2.170356451,-9.7,-9.7,7.013,423.1026065
ON=C(Nc1ccnc(F)c1)c1ccc(-c2ccccc2)cc1,0.251328811,2.244462161,-8.2,-8.5,4.1356,307.1120903
Cc1cc(OC(=O)CCCN2C(=O)CCc3ccccc32)cc2c(=O)[nH]ccc12,0.534145096,2.475494949,-8.9,-8.3,3.50152,390.1579572
Nc1cccc2c1NCCN(c1cccc(C(Br)c3ccccc3)c1)C2=O,0.469920765,2.905840867,-9.2,-9.5,4.8254,421.0789744
Cc1cc2cn[nH]c2cc1NC(=O)C(=O)NS(=O)(=O)c1ccc(Oc2ccc(N)cc2)cc1,0.260667477,2.500667348,-9.8,-9.2,2.68942,465.1106897
O=C1Cc2cc(CNS(=O)(=O)c3ccc(S(=O)(=O)Cl)cc3)ccc2N1,0.740434047,2.308284012,-8.6,-8,1.5872,399.9954412
CC(NC(=O)C(=O)Nc1ccc(Cc2ccc3c(c2)CCN3)cc1)c1ccc2[nH]c(=O)[nH]c2c1,0.296937611,3.027012892,-10.2,-10.5,3.2309,455.1957397
Nc1cc2c(cc1F)CCC(=O)N2c1ncnc2[nH]c3ccccc3c12,0.516359004,2.767065797,-9.7,-9.4,3.4433,347.1182383
CS(=O)(=O)c1cccc(C(=O)CN2CCC(C(=O)c3ccc4c(c3)CC(=O)N4)CC2)c1,0.692411605,2.415133942,-9.2,-8.2,2.3623,440.1405929
N#Cc1ccc(Oc2ccccc2N2CCC(c3ccnc4ccccc34)CC2)c(F)c1,0.37989792,2.361505605,-9.8,-9.3,6.42188,423.1746905
Cc1cc2c(NC(=O)C(=O)Nc3ccc(-n4cnc5ccccc54)cc3)cccc2cn1,0.421118217,2.334028244,-10.3,-9.7,4.45932,421.1538748
O=C(Oc1ccc(Br)c2cnccc12)c1ccc([N+](=O)[O-])c2cccnc12,0.205298325,2.486562325,-8.8,-8.4,4.6729,422.9854679
Nc1c(N2CCc3nnc(-c4ccncc4)cc3C2)cc(Cl)c2occc12,0.52988449,2.955071239,-8.8,-8.4,4.0831,377.1043378
O=C(CCC1Cc2ccccc2NC1=O)NCc1cccc(-c2cccc(O)c2)c1,0.578291592,2.705824319,-8.4,-8.3,4.2666,400.1786926
O=C(Oc1ccccc1-n1ncc2c(=O)[nH]cnc21)C12CC(c3ccc([N+](=O)[O-])cc3)(C1)C2,0.216864211,3.663266009,-9.5,-9.2,3.0443,443.1229686
CN(C)c1ccc2cc(NC(=O)C(=O)N(Cc3ccccc3)c3ncnc4[nH]cnc34)ccc2c1,0.383061369,2.800673088,-9.8,-9.3,3.744,465.191323
CN1CCN(c2ccc(NS(=O)(=O)c3cccc4c3OCCC4)c3cnccc23)CC1,0.674749344,2.611374473,-9.6,-8.6,3.1124,438.1725617
NC1CC=C(c2ccc(N(Cc3ccc(O)cc3)c3ccccc3)cc2)CC1,0.612233828,2.845245512,-8.5,-8.4,5.6251,370.2045135
CC(NS(=O)(=O)c1ccc2nc[nH]c(=O)c2c1)c1ccc2[nH]c(=O)oc2c1,0.484567301,3.097258992,-9.2,-8.5,1.3971,386.0684905
NN(C(=O)c1ccc2ccccc2n1)c1cnc2[nH]cc(Cc3ccccc3)c2c1,0.271794692,2.586683998,-10.1,-9.1,4.2224,393.1589602
Cc1cncc2cccc(S(=O)(=O)Nc3cc(Cl)ncc3[N+](=O)[O-])c12,0.422778778,2.675397724,-8,-8,3.30062,378.0189535
O=C(c1ccc2ccccc2c1)N1CCC2(CC1)NC(=O)N(C(=O)c1ccc3c(=O)[nH][nH]c(=O)c3c1)C2=O,0.27533775,3.313380063,-12.4,-12.1,1.7366,511.1491834
O=C(Oc1ccc2cn[nH]c2c1)c1ccccc1CS(=O)(=O)c1ccccc1,0.41262834,2.240793869,-8.9,-7.9,3.756,392.083078
O=Cc1c(OC(=O)c2cc3c(s2)-c2ccccc2CC3)ccc2cccnc12,0.279873271,2.60895989,-9.5,-9.3,5.0936,385.0772643
CC(=O)c1ccc2c(c1)N(c1cccc3c(Br)cncc13)c1ccccc1S2,0.269579006,2.562176775,-9.5,-7.9,7.1343,446.0088462
Clc1cc(N(Cc2ccccc2)Cc2ccc(Br)cc2)c2cnccc2c1,0.338962393,2.217048455,-8.6,-8.3,6.8575,436.0341884
O=C(Nc1ccccc1)Nc1cccc2c1CCN(C(=O)C(=O)c1c[nH]c3ccccc13)C2,0.321558315,2.340551142,-10.9,-10.4,4.5795,438.1691906
Cc1ccc(C)c2c1C(=O)N(c1cc(F)c3ncccc3c1Br)C2=O,0.564364292,2.705726821,-9.2,-9,4.55384,398.0066179
O=C1CN=C(c2ccccc2)c2cc(Br)ccc2N1c1cc(Br)cc2cn[nH]c12,0.381794008,2.804057229,-9.5,-8.1,5.6036,507.9534353
O=C(CBr)c1ccc(S(=O)(=O)NC(F)c2c(F)ccc(Br)c2F)cc1,0.278927222,3.19730999,-8.5,-7.1,4.2515,498.870023
O=C(/C=C/c1ccnc2ccccc12)N1CCc2cc(Br)c(Cl)cc2C1,0.523430794,2.481975336,-9.1,-8.9,5.2488,426.0134529
N#Cc1cc(NC(c2ccc(Cl)cc2)c2ccc(Cl)cc2)ncc1Cl,0.585861471,2.315305191,-9.3,-8.1,6.11498,387.0096804
O=C(c1ccc(N[C@@H]2C[C@H]2c2cccc3ccccc23)cc1)c1cccnc1,0.479938476,2.86085273,-9.2,-9.3,5.4338,364.1575633
Cc1c(C(=O)Oc2ccc3c(c2)Cc2ccccc2-3)sc2nc[nH]c(=O)c12,0.373211427,2.500108802,-9.5,-9.4,4.08342,374.0725133
O=Cc1cccc(Br)c1N1C(=O)Cc2cc(S(=O)(=O)Cl)ccc21,0.569857871,2.732254059,-7.9,-7.6,3.4099,412.9124185
N#Cc1cc(Br)cc(OC(=O)c2cnc3cc4c(cc3c2O)OCCO4)c1,0.492980659,2.740169918,-8.8,-8.4,3.56498,425.9851336
Cc1cnccc1/C=C/C(=O)N1CCN(c2cccc3[nH]cnc23)CC1,0.739914808,2.603772809,-8.8,-8.3,2.62832,347.1746103
Cc1ccccc1N1CCCC(NCc2ccc(-c3ccc4ccccc4c3)cc2)C1=O,0.423010873,2.548415713,-9.7,-9.7,6.10042,420.2201635
O=C(c1ncc2cc(Br)ccc2n1)N1CCc2ccc(OCc3ccccc3)cc2C1,0.409735377,2.352374033,-10.1,-8.8,5.1698,473.073889
O=C(Nc1ccc2cc(CO)ccc2c1)c1cccc2c1CCCN2,0.680606204,2.188113828,-8.9,-8.7,3.9425,332.1524779
O=Cc1ccccc1-c1ccccc1OC(=O)c1cc2ccc(Cl)cc2[nH]1,0.290032775,2.268349039,-8.8,-7.8,5.52,375.066221
O=C(CCl)c1ccc2c(c1)CC(=O)N2C(=O)NC(c1ccc(Cl)cc1)c1cccc2ccccc12,0.256750935,3.036136826,-9.8,-8.4,6.303,502.0850979
O=C(OC(F)(F)c1cccc2c(=O)[nH]cnc12)c1cc2ccccc2oc1=O,0.430417189,2.734312511,-9.5,-9,2.9358,384.0557779
N#Cc1ccc(S(=O)(=O)OC(=O)c2cncc3c(F)cccc23)cc1,0.669522076,2.520078049,-9.1,-7.7,2.79128,356.026706
Cc1ccc2[nH]c(C(=O)Oc3cc(Cl)c4cccnc4c3O)cc(=O)c2c1,0.40533041,2.523137703,-9.5,-9,3.96292,380.0563846
OCc1ccc(Nc2ccc(Oc3cccc4cccnc34)cc2)c2ccccc12,0.362496474,2.123300308,-9.2,-9.1,6.4162,392.1524779
Cn1cnc2cccc(CNC(=O)C(=O)Nc3sc4c(c3C#N)-c3ccccc3CC4)c21,0.4752073,2.819597696,-10.3,-9.7,3.52698,441.1259458
Nc1n[nH]c2cccc(N3CCCc4cccc(C(F)(F)F)c43)c12,0.700332764,2.678244795,-8.7,-8.5,4.2482,332.1248811
O=C(N[C@H]1C[C@H](c2ccc(F)c(Cl)c2)C1)N1C(=O)c2cccc(Br)c2C1=O,0.684129281,2.639435941,-9.3,-9,4.4934,449.9782103
NN(c1nc(Cl)nc2ccccc12)S(=O)(=O)c1cccc2cnccc12,0.330254304,2.655785207,-9.5,-8.4,2.9004,385.0400233
CC(N)c1ccc2c(c1)CC(=O)N2c1ccc2ncccc2c1[N+](=O)[O-],0.577204846,3.04543098,-8.2,-8.2,3.3835,348.1222404
N#Cc1ccc2c(c1)N(C(=O)/C=C/c1ccc3ncccc3c1)C(=O)C2,0.671912088,2.638141489,-9.7,-9,3.23558,339.1007767
C[C@@H](NC(=O)Nc1cc(Cc2ccccc2)ccn1)c1coc2ccccc12,0.500053078,2.719677783,-9,-9,5.3013,371.1633769
O=c1[nH]ccc2cc(N3CCC[C@H]3c3nnc4ccccn34)cc(Br)c12,0.547785815,3.303648147,-9.2,-9.2,3.6748,409.0538222
O=C(CN1CCCc2cc(OCc3ccccc3)ccc21)c1cccc2ccccc12,0.364238804,2.058156379,-8.8,-8.9,6.0543,407.188529
O=C(c1ccc(I)cc1)c1cccc(NC2(c3ccc4ccccc4c3)CC2)c1,0.247544638,2.324513823,-8.9,-8.5,6.7766,489.0589623
C[C@H](NC(=O)CCn1[nH]c(=O)c2ccccc21)c1cccc2cnccc12,0.573716269,2.853049743,-8.7,-8.7,3.1453,360.1586259
CC(C)n1ncc2cc(C=O)c(N(C)c3ccc4c(c3)oc3ccccc34)nc21,0.383312512,2.802390964,-8.8,-8.7,5.492,384.1586259
N[C@H]1CCC[C@H]1Nc1cc2c(cc1Br)CCNC2,0.786001317,3.444682725,-7,-7.2,2.3865,309.0840597
Cc1ccc(C)c(-c2csc(NC(=O)NN3C(=O)c4cccc5cccc(c45)C3=O)n2)c1,0.441048526,2.513814997,-10.4,-10.3,4.91284,442.1099614
NC(=O)c1cccc(S(=O)(=O)Nc2cc(-c3ccccc3)ccn2)c1,0.735868748,1.943303891,-9.3,-8.6,2.6483,353.0834123
Cc1c(C(F)(F)F)cccc1S(=O)(=O)Nc1cccc(-n2cnc3ccccc32)n1,0.513412325,2.547875132,-9.1,-8.9,4.54852,432.0867814
O=C(Nc1ccc([N+](=O)[O-])cc1C(=O)c1ccccc1)Nc1c(Br)cc(Cl)c2occc12,0.176124046,2.574230973,-9.5,-9.1,6.6319,512.9727103
Nc1c(Nc2ccc([N+](=O)[O-])cc2C(=O)c2ccccc2)cc(Cl)c2occc12,0.193953687,2.517241469,-9,-8.3,5.5512,407.0672836
N[C@@H]1CCCC[C@@H]1NC(F)Oc1ccc2c(=O)[nH]cnc2c1,0.586532795,3.85435807,-8.3,-7.6,1.4145,306.1492041
Cc1cc2cc(F)ccc2n1CCNCC(=O)N1CC=C(c2c[nH]c3ccccc23)CC1,0.443484718,2.69206745,-9,-9.2,4.47562,430.2168897
O=C(CCc1ccc2c(c1)CCCO2)OS(=O)(=O)c1cccc2ccncc12,0.613685868,2.645874211,-7.9,-8.5,3.4245,397.0983937
O=C(O)c1cccc2c3c([nH]c12)CCN(S(=O)(=O)c1ccc2ncccc2c1)C3,0.542966233,2.447550742,-10,-9.6,3.1613,407.093977
O=C(O)c1ccc2c(c1)CCCCN2c1ncnc2[nH]c3ccc(Br)cc3c12,0.459002432,2.548710109,-9.6,-9.5,5.0462,436.0534879
CC(NC(=O)c1ccc2[nH]ncc2c1)C(=O)OC(F)(F)c1nc(S)c2ccccc2n1,0.248282101,3.379961151,-8.5,-8.6,3.2058,443.0863668
O=C1CCOc2cc(Cl)c(N3CC=C(c4ccccc4C(F)(F)F)CC3)cc21,0.646941346,2.740946396,-9.8,-9.2,5.6177,407.0899911
Cc1[nH]c2ccc(F)cc2c1CC(=O)OS(=O)(=O)c1ccc2c(c1)Cc1ccccc1-2,0.416707252,2.653861221,-9.7,-9.7,4.66122,435.0940573
COc1ccc2ccccc2c1NC(F)(F)c1cc2cc(Br)ccc2cn1,0.385738072,2.698250238,-9.3,-8.6,6.3205,428.0335816
COc1cc2[nH]ncc2cc1NS(=O)(=O)c1c[nH]c2ncccc12,0.525887858,2.574396015,-8.2,-8.1,2.2486,343.0739103
NN(C(=O)c1ccc2ccccc2c1)c1ccc2ccccc2c1F,0.330192268,2.226782005,-9.2,-8.8,4.6526,330.1168413
Nc1ccc(N(c2ccc(C(=O)c3ccc(O)cc3)cc2)c2ncccn2)cc1,0.39088862,2.287931954,-8.9,-8,4.4652,382.1429758
O=C(Nc1cccc2ccncc12)N1CCCCCNCCCCCNCCCCC1,0.615394043,2.869228848,-9.6,-8.1,4.7724,425.3154609
Cc1cc2ccccc2n1CC(=O)Oc1ncnc2c1ccc1ccccc12,0.343953324,2.411066269,-9,-9.1,4.65172,367.1320768
NNc1ccncc1Nc1ccc2oc3ccccc3c(=O)c2c1,0.304546182,2.375214562,-9,-9,3.3704,318.1116757
O=S(=O)(Nc1cc(-c2cccnc2)ccc1O)c1ccc(C(F)(F)F)cc1,0.647865067,2.116673654,-8.8,-8.6,4.2738,394.0598979
Cc1cc(O)c(C=O)c(N2C(=O)c3ccc(S(N)(=O)=O)cc3C2=O)c1,0.618181652,2.574635852,-8.4,-8.6,0.96112,360.0416071
Cc1ccc(-c2cccc(NC(=O)NS(=O)(=O)Nc3cccc(C#N)c3)c2)cc1,0.594240443,2.194078993,-9.6,-10,4.0121,406.1099614
O=C(NS(=O)(=O)c1ccc2c(c1)oc1ccccc12)N1C(=O)OC[C@@H]2CCNC[C@H]21,0.642216371,3.55012797,-10.7,-9.9,2.4146,429.0994563
c1ccc2c(c1)CCN(c1cccc3cn[nH]c13)c1ccccc1-2,0.540633986,2.304328958,-9.4,-9.1,4.9241,311.1422475
Nc1cccnc1N(c1ccccc1)c1cc(F)cc2cnccc12,0.584901305,2.47692563,-8,-7.7,4.8209,330.1280747
O=c1[nH]c2ccc(N(Cc3ccccc3)c3cc(Cl)ccc3S(=O)(=O)Cl)cc2[nH]1,0.430751125,2.609821582,-8.6,-8.4,4.7754,447.0211177
Clc1ccc(C(Nc2ccc3c(Cl)ccnc3c2)c2cccc(I)c2)cc1,0.293735515,2.728784062,-9.4,-7.9,7.3477,503.9657018
CN1CCN(c2ccc(NCC(=O)c3cccc(S(C)(=O)=O)c3)c3cnccc23)CC1,0.592661034,2.442990592,-9,-8.6,2.6849,438.1725617
CC(Nc1ccc(Oc2cccc(Cl)c2)c(C=O)c1)c1coc2ccccc12,0.364406679,2.867493522,-8.8,-8.6,6.8641,391.0975211
CC(C(=O)N1CCc2ccc(-c3ccccc3)cc2C1)c1ccc(S(C)(=O)=O)cc1,0.627987308,2.597631764,-9.5,-9.5,4.4455,419.1555147
O=S(=O)(Nc1ccc2ccc(Cl)nc2c1)c1cccc2cnccc12,0.548164248,2.227557005,-9.2,-8.5,4.2372,369.0338753
OCc1ccc2cc(NCc3cnc4ccccc4c3)ccc2c1,0.583070504,1.997527062,-8.8,-8.6,4.4924,314.1419132
C[C@@H]1COC[C@@H]1NS(=O)(=O)c1cccc2cnccc12,0.931649609,3.234076399,-7.4,-7.3,1.548,292.0881634
COC(=O)c1cccc2c1CN(c1ccc(-n3c(C)nc4ccccc4c3=O)cc1)CC2,0.463677653,2.316563916,-9.4,-9.3,4.04342,425.1739416
NC(c1ccc(Cl)cc1)c1cccc(NC2(c3ccc4c(c3)OCCO4)CC2)c1,0.606344951,2.936941069,-9,-8.6,5.2605,406.1448057
O=C(O)CCC(=O)c1ccc2c(c1)CCC(=O)N2c1cc2nccc(Cl)c2cc1F,0.598027209,2.566384472,-9.5,-8.6,4.6857,426.0782629
O=C1CCc2cc(C(=O)CCC(=O)Oc3ccnc4cc(Cl)c(F)cc34)ccc2N1,0.479922489,2.540148241,-8.8,-8.7,4.4805,426.0782629
O=C(/C=C/c1ccc2[nH]ccc2c1)Oc1cc(F)c(Cl)cc1I,0.19995835,2.639543323,-8.1,-8.2,5.1838,440.9428825
Cc1sc2ncnc(Nc3ccc(C=O)c(Oc4ccc(F)c(Cl)c4)c3)c2c1C,0.37063906,2.520552726,-9,-8.5,6.44904,427.0557536
O=S(=O)(Nc1ccc(Cl)cc1-c1cccc(Cl)c1)c1ccc(F)c2ncccc12,0.408438704,2.225562107,-9.8,-9.1,6.1485,446.0058822
CC1Cc2cc(S(N)(=O)=O)ccc2N1C(=O)c1c(F)ccc2ccncc12,0.733761678,3.001744725,-9.3,-8.9,2.6127,385.0896406
N#Cc1cccc(N(C(=O)c2ccccc2F)c2cc3ccccc3c(Cl)n2)c1,0.402768629,2.470778916,-8.8,-9.9,5.87748,401.0731179
FC(F)Oc1cccc2c1CCCN2c1c(Cl)ccc2ncccc12,0.609842705,2.460608928,-8.2,-8.7,5.5739,360.0840972
O=C(Nc1cccc2c1NCCNC2=O)C(=O)N1C(=O)c2ccc(Br)cc2S1(=O)=O,0.501826056,3.154307397,-10.2,-9.3,0.9142,491.9739172
O=Cc1c[nH]c2cccc(N3C(=O)Cc4c(Br)cccc43)c12,0.707689631,2.78207061,-7.7,-7.8,3.9637,354.0003897
CC(Nc1ccc2nc[nH]c(=O)c2c1)c1ccc(S(C)=O)cc1,0.772526463,3.232298907,-8,-7.7,2.8336,327.1041478
Cc1cc(F)ccc1N(Cc1cccc(C#N)c1)C(=O)Nc1ccc2cnccc2c1,0.462730018,2.405723064,-9.4,-8.8,5.7927,410.1542894
Cc1cc(F)ccc1N(Cc1cccc(C#N)c1)C(=O)C(=O)Nc1ccc2cnccc2c1,0.467085162,2.540660685,-10,-9.1,4.7259,438.1492041
C1=C(c2ccncc2)CCN(c2cccn3cncc23)C1,0.721126041,2.814821642,-7.7,-7.9,3.023,276.1374965
O=C(Oc1ccc(C(O)c2ccccc2)cc1)c1n[nH]c(=O)c2ccccc12,0.423839913,2.547879846,-9.5,-8.7,3.224,372.111007
O=C(Nc1ccc2c(c1)oc1ccccc12)N[C@H]1CC[C@H](c2nccc(O)n2)CC1,0.451105628,2.562234522,-9.3,-8.9,4.9295,402.1691906
NC(CNCc1cccc2c(O)cccc12)c1cccc2ccccc12,0.500786882,2.599789848,-7.1,-7.7,4.4882,342.1732133
Cc1cccc(-c2cc(Cl)ccc2NC(=O)C(=O)NCc2ccc3cccnc3c2)c1,0.442207673,2.180853747,-10,-9,5.11852,429.1244046
O=[N+]([O-])c1cc(Br)c(Nc2ccc(-c3cccc(O)c3)cc2)c(Br)c1,0.354524183,2.209506841,-8.5,-8.8,6.236,461.9214664
O=c1ccc2c(Cl)cc(NCCc3ccn4ccnc4c3)cc2[nH]1,0.598522678,2.670653903,-8.6,-8,3.4838,338.0934388
N#Cc1ccc2c(c1)C(=O)N(c1ccc3ncccc3c1F)CC2,0.690533318,2.444521098,-8.8,-8.5,3.44848,317.0964402
CC(=O)c1ccc2c(c1)CC(=O)N2C(=O)c1ccc2cccnc2c1N,0.43780494,2.556779542,-9,-9.1,2.7491,345.1113413
O=C(OS(=O)(=O)/C=C/c1ccccc1Cl)c1cc2ccccc2c(=O)[nH]1,0.690535902,2.658916739,-9.4,-8.7,3.339,389.0124712
CS(=O)(=O)c1ccc(Oc2ccc(NC(=O)N3CCN(C(=O)c4ccc5[nH]cnc5c4)CC3)cc2)cc1,0.413848302,2.395763418,-9.7,-10.4,3.7486,519.1576399
O=C1c2ccccc2NC2(CNC2)N1c1cc2cnccc2cc1Br,0.663652183,3.403346615,-9,-8.9,3.3691,394.0429232
O=C1c2ccccc2NC2(CNC2)N1c1cc2ccncc2cc1F,0.718433445,3.366254307,-9.2,-8.6,2.7457,334.1229893
Cc1nc2ccccc2c(=O)n1CC(=O)Oc1ccc2[nH]ccc2c1,0.461882992,2.237428159,-9,-8.3,2.79182,333.1113413
Nc1ccnc2c(C(=O)N3CCN(C4CCCN(C(=O)CCn5cnc6sc7c(c6c5=O)CCCC7)C4)CC3)cnn12,0.372499642,3.490341494,-10.3,-10.3,1.8008,589.258357
Cc1ccc2[nH]c(C(=O)N(N)c3nccc4sccc34)cc(=O)c2c1,0.330193872,2.859628701,-8.5,-7.7,2.96672,350.0837467
N#Cc1ccc2c(C(=O)Oc3cc4c(O)ncnc4cc3F)c[nH]c2c1,0.425254529,2.715200176,-8.7,-8.7,3.04668,348.0658684
Cc1cc(-c2csc(NC(=O)C(=O)Nc3nc(-c4ccc5ccccc5c4)cs3)n2)ccc1F,0.298994758,2.385828031,-10.1,-10.9,6.11152,488.077696
N#Cc1cccc(Nc2cccc(NC(F)(F)c3cccc4c3NCC4)c2)c1,0.519712737,2.784913528,-8.9,-8.2,5.43128,376.149953
O=C(Nc1ccc2nccnc2c1I)N1C(=O)c2ccncc2S1(=O)=O,0.52800811,3.197321586,-8.9,-8.4,2.006,480.9341727
N#Cc1ccc2c(c1)N(C(=O)C(=O)Nc1nc(-c3ccc4c(c3)CCC(=O)N4)cs1)C(=O)C2=O,0.544469074,2.9104359,-11.1,-10.2,2.26108,471.0637395
CC1CC(=O)N(Cc2ccccc2)c2ccccc2N1c1c(Br)ccc2ccc(=O)[nH]c12,0.39947876,3.079808459,-10.3,-9.5,5.7541,487.089539
O=C1Cc2ccccc2C2(CCNCC2)N1Cc1ccc2[nH]cnc2c1,0.749992902,3.309487406,-9.4,-8.7,2.7265,346.1793613
N#CCc1cc(F)cc(N2CCc3c(C4CC4)cccc32)c1,0.83459966,2.544551929,-8.6,-8.3,4.46338,292.1375768
Cc1cccc(Oc2ncccc2NC(=O)Nc2cccc(-c3cccc(Cl)c3)c2)c1C,0.33623769,2.149312913,-10.1,-9.1,7.45514,443.1400546
Cc1cccc(Oc2ncccc2NC(=O)C(=O)Nc2cccc(-c3cccc(Cl)c3)c2)c1C,0.330413611,2.24698474,-10.2,-8.9,6.38834,471.1349692
NN(C(=O)c1c[nH]c2ccccc12)c1cc(S(=O)(=O)Cl)c2ncccc2c1,0.237423537,2.715746812,-9,-8.6,3.1641,400.039689
Nc1cc2c(=O)[nH]cnc2cc1NNc1c(F)cccc1Br,0.423492843,2.851314176,-8.4,-8,2.8459,363.0131003
Cn1c(=O)oc2cc(Br)c(Nc3ccccc3-c3ccc(Br)cc3)cc21,0.39257976,2.359840508,-8.7,-9.1,6.0671,471.9422019
Cc1ccc2cc(C(=O)OC(F)(F)C3CCNc4c(C(=O)O)cnn43)ccc2c1,0.645332815,3.468868847,-9.6,-9.1,3.84942,401.1187125
Nc1ccc(C(=O)N(Cc2ccc3cn[nH]c3c2)c2cccc3cccnc23)cc1,0.438884403,2.449600781,-8.9,-8.6,4.5403,393.1589602
N#Cc1cc(NC(=O)C(=O)N2CCCC2c2cnc3ccccc3c2)ncc1Cl,0.658031689,3.115752608,-9.4,-9.1,3.45708,405.0992524
O=C(O)Cc1ccc2c(c1)N(c1ccnc(F)c1)C(=O)C2,0.876806988,2.509526802,-7.7,-7.7,2.0686,286.0753704
Cc1sc2ncnc(N3CCC(C(=O)Oc4cc5ccc(F)cc5[nH]4)CC3)c2c1C,0.480715776,2.745261868,-9.6,-9.2,4.75054,424.1369251
O=C1COc2cc(Cl)cc(N3CCCc4c(OC(F)F)cccc43)c21,0.796424911,2.820169113,-8.2,-8.4,4.6008,365.0630274
O=C(CCl)N(c1cnc2ccccc2c1)c1csc2cccc(O)c12,0.514146761,2.771166621,-8,-7.6,5.0586,368.0386263
O=C(Oc1ccnc2cc(I)ccc12)c1cc([N+](=O)[O-])ccc1Nc1ccccc1,0.159734971,2.3215277,-8.8,-9.2,5.7104,511.0029039
OC(c1ccccc1F)c1ccccc1Nc1nccc2sccc12,0.527539166,2.778908153,-7.8,-8,5.2607,350.0889123
N#CC(c1ccccc1)c1ccc(NC(=O)Nc2ccc(N=Nc3ccccc3)cc2)cc1,0.311396904,2.758879882,-9.2,-9.7,7.40148,431.1746103
CCc1cccc2c(C3=CCN(c4ccc(C(=O)c5cccc(Cl)c5)cc4)CC3)c[nH]c12,0.342123097,2.504932958,-9.6,-9.5,6.9084,440.1655411
CN(C(=O)c1cnc2cnccc2c1)c1cnc(C#N)cn1,0.71044048,2.783264017,-7.7,-8,1.56808,290.0916089
Nc1cc(Cl)c(F)cc1NC(=O)C(=O)NC(c1ccccc1)c1cccc(F)c1,0.443796126,2.698075685,-9.4,-8.7,4.0447,415.0899109
CCCCCCc1ccc(CCCCC(=O)Oc2cccc3cnccc23)cc1,0.20861553,2.106898225,-7,-7.9,6.676,389.2354792
Cc1ccc2[nH]c(C(=O)Oc3cccc([N+](=O)[O-])c3S(=O)(=O)Cl)c(C=O)c2c1,0.166084667,2.812808557,-8.5,-7.9,3.34372,421.9975494
Cc1cnccc1NNc1ccc(Oc2cccc(Cl)c2)c(C=O)c1,0.477232592,2.452655082,-8.4,-8.2,5.08722,353.0931044
Cc1cc(NC(=O)NS(=O)(=O)c2cc(Cl)cc3cccnc23)ncc1S(N)(=O)=O,0.539241704,2.694069401,-9.4,-9.5,1.74942,455.0124882
Cc1cc(NC(=O)C(=O)NS(=O)(=O)c2cc(Cl)cc3cccnc23)ncc1S(N)(=O)=O,0.45299001,2.804810297,-9.8,-8.7,0.68262,483.0074028
COC(=O)c1ccc2c(c1)CN(C(=O)NS(=O)(=O)c1ccccc1-c1ccccc1)CC2,0.613408861,2.246010601,-9.7,-9,3.5968,450.1249428
O=S(=O)(c1cc(F)c2ccccc2c1)N1CCCc2ccc(C(F)F)cc21,0.626007938,2.485720294,-9.6,-9.4,5.058,391.0853844
Nc1cc(Cl)ccc1Oc1cccc(NCc2cc3cnccc3[nH]2)c1,0.425109448,2.369100542,-8.8,-8.1,5.2029,364.1090888
O=C(NCc1cc2cnccc2[nH]1)C(=O)Nc1cc(Cl)ccc1Oc1cccc(F)c1,0.402202708,2.449287109,-9.9,-8.6,4.4026,438.0894963
O=c1[nH]c(CN(Cc2ccccc2)c2ccc3cccnc3c2CBr)nc2ccccc12,0.319553084,2.601932282,-10.2,-9.1,5.573,484.0898734
N#CC(C(=O)CCl)=C1Sc2ccccc2N1C(F)(F)c1ccc2c(c1)CC(=O)N2,0.33628104,3.318017058,-8.7,-7.8,4.38588,431.0306817
CC(C(=O)Oc1ccc2[nH]ccc2c1)c1ccc2c(c1)OCCO2,0.590259308,2.79672115,-8.7,-7.9,3.6482,323.115758
O=c1c2ccccc2ncn1C1CCCN(c2cc(F)c3cnccc3c2)C1,0.533550305,2.913927501,-9.1,-8.2,3.9253,374.1542894
COc1cccc(C2=CCN(C(=O)NS(=O)(=O)c3ccc(-c4ccc(Br)cc4)cc3)CC2)c1,0.48810083,2.35453008,-9.7,-9.4,5.3123,526.0561903
O=C(Oc1cc(Br)cc2ccncc12)c1ccc2ncncc2c1,0.386036261,2.424924233,-9,-8.8,4.1597,378.9956387
N#Cc1ccc(C(F)Nc2ccc(-n3cnc4ccccc43)nc2)nc1,0.570185312,3.199975071,-8.6,-8.5,3.76738,344.1185726
N#Cc1cc(CN(C(N)=S)c2ccc3ccccc3c2)ccn1,0.750163275,2.465474738,-8.4,-8.4,3.35668,318.0939174
Nc1ccc(NCc2cccc(-c3cccc(O)c3)c2)cc1O,0.434434206,2.019521591,-8.8,-8.4,3.9591,306.1368278
N#CC(c1ccccc1)c1ccc(NC(=O)C(=O)NC(=S)c2ccc(Cl)cc2Cl)cc1,0.413495976,2.969806244,-9.4,-9.1,5.07928,467.0262031
Cc1c(C(=O)O)sc2ncnc(NC(=O)NNc3ccc(C#N)cc3F)c12,0.505415767,2.698874885,-8.9,-8.5,2.8573,386.0597374
O=C1CNc2cc(C(=O)OCC(=O)c3cccc([N+](=O)[O-])c3)cnc2N1,0.354319363,2.616816845,-8.2,-7.8,1.3935,356.0756841
O=C(Oc1n[nH]c2ccccc12)c1cc(Cl)cc2cccnc12,0.566413767,2.399410956,-8.8,-8.1,3.9837,323.0461542
O=C(O)CCc1cccc(S(=O)(=O)Nc2cnn3cc(CCO)cnc23)c1,0.523864741,2.567798836,-8.3,-7.6,1.0821,390.0997907
Nc1cc2c(cc1Br)CCC(=O)N2c1cccc2cnccc12,0.655542577,2.535238374,-8.9,-8.4,4.1904,367.0320242
Cc1nccc2c(S(=O)(=O)Nc3ccnc4cc(Cl)ccc34)cccc12,0.563116887,2.25624134,-9,-8.5,4.54562,383.0495254
c1ccc2c(c1)[nH]c1ncnc(NCCCc3nnc4ccccn34)c12,0.478846203,2.557907004,-7.7,-8.6,3.1985,343.1545435
O=C1CC2(Cc3ccccc3C2)C(=O)N1C(=O)NCCNc1ccc2ccccc2c1,0.50689484,3.096312928,-10.1,-9.9,3.5054,413.1739416
Cc1c(C(=O)N2C(=O)NC3(CCCN(C(=O)c4[nH]c5ccccc5c4C=O)C3)C2=O)c2ccccc2n(C)c1=O,0.232826474,4.090015903,-10.1,-11,2.50772,539.1804835
N#Cc1ccc(I)c(Nc2ccc(C(=O)c3ccccc3)cc2)c1,0.466463863,2.053652202,-8.4,-8.5,5.13748,424.007261
O=C(Nc1nc(-c2c[nH]c3ccccc23)cs1)C(=O)N1CC(=Cc2ccccc2)C1,0.494400192,2.598882521,-9.6,-10,4.1557,414.1150468
Cc1ccc2cc(C(=O)Oc3cccc4cc(O)cnc34)ccc2c1,0.430444756,2.147145467,-9.3,-9,4.62122,329.1051933
COc1cc(NS(=O)(=O)c2ccc(C(=O)CBr)cc2)cc2[nH]cnc12,0.468210138,2.439800027,-8.2,-7.3,2.9499,422.988839
O[C@@H]1CCC(Nc2ccc3occc3c2)CC[C@@H]1O,0.72670147,3.274963897,-7.2,-7.6,2.5091,261.1364935
O=C(Oc1ccc2ccccc2c1O)c1cc2ccc(Br)cc2cn1,0.380809956,2.253164698,-9.1,-8.4,5.0753,393.0000553
O=c1[nH]c2ccc(CNC(c3ccc(Cl)cc3)c3ccc(Cl)cc3)cc2[nH]1,0.441071293,2.202744897,-9.3,-8.2,5.0422,397.0748675
Cc1cnccc1CCCNS(=O)(=O)c1cccc2cnccc12,0.699905419,2.313528456,-6.9,-7.3,2.84932,341.1197978
N#Cc1cc(CBr)cc(NCc2ccc3nccnc3c2)c1,0.720257655,2.423343309,-8,-8,4.00848,352.0323585
Cc1cccc2nnc(Nc3ccc(C(Cl)c4ccccc4)cc3)n12,0.52098594,2.819722063,-8.7,-8.6,5.10952,348.1141742
O=C1CCC(C(=O)OCC(=O)c2ccc3ccccc3c2)c2ccccc2N1,0.552410614,2.653739675,-8.6,-9.3,4.0818,373.1314081
O=[N+]([O-])c1ccc(/C=C/Nc2nccc3ccc([N+](=O)[O-])cc23)cc1,0.55354725,2.496685906,-8.5,-8.6,4.134,336.0858549
COc1cc(NNc2ccc(C#N)cc2F)c2cnccc2c1,0.719288191,2.468734878,-8.1,-8.1,3.69318,308.1073393
O=C(Cc1cnc2ccccc2c1)OS(=O)(=O)c1ccc2[nH]c(=O)[nH]c2c1,0.518980309,2.629810677,-8.3,-8.4,1.879,383.0575915
Cc1[nH]c2ccc(N3CCC(c4ccccc4)c4ccccc43)cc2c1C=O,0.453990713,2.904838008,-9.9,-10.3,5.96252,366.1732133
C[C@H](NC(=O)c1csc2c1CCCCCC2)c1cccc2ccccc12,0.602680787,2.600833775,-9.2,-8.7,6.0513,363.1656854
Nc1cc2c(cc1F)CCN(c1ccc(-n3c(=S)[nH]c4ccccc4c3=O)cc1)C2=O,0.370835799,2.526810172,-9.7,-9.3,3.97249,432.105625
O=C(CCl)c1ccc2c(c1)CCC(=O)N2c1cc2c(cc1Cl)C(=O)CC2,0.574759068,2.669172377,-8.8,-8.1,4.5013,387.0428987
O=S(=O)(Nc1ccc(Cl)c2cnccc12)c1ccc2ncsc2c1,0.579118145,2.422531801,-8.6,-8.2,4.2987,374.9902962
O=C(Nc1nc(-c2ccc(I)cc2)cs1)N1CCc2c(C3CC3)cccc21,0.468908013,2.474621228,-8.5,-9.3,5.8867,487.0215312
N#Cc1cccc(C(=O)CN(N)c2cccc3ccncc23)c1,0.454909654,2.567980332,-8.7,-7.8,2.66948,302.1167611
N#Cc1cccc(C(=O)CNNc2cccc3ccncc23)c1,0.559494459,2.478832081,-7.5,-7.1,2.90588,302.1167611
CC(=O)c1ccc2c(c1)N(c1cc(F)cc3ccncc13)c1ccccc1S2,0.323808497,2.554178485,-8.9,-8.1,6.5109,386.0889123
O=C(NCc1cc2cnccc2[nH]1)C(=O)N(C(=O)Nc1ccccc1)c1cccc2c1CCNC2,0.343343868,2.990564742,-10,-8.8,3.0901,468.1909886
CC(NC(=O)C(=O)N(C)C(C)c1ccc(-n2cnc3ccccc32)cc1)c1cc2cnccc2[nH]1,0.37766309,3.578740262,-9.8,-9.8,4.2986,466.2117241
O=C(CN1C(=O)NC2(CCCCCCCCCCC2)C1=O)c1cccc2ccccc12,0.517746298,3.112003692,-9.8,-9.4,5.6178,420.2412929
O=C(CBr)c1ccc(F)c(N2C(=O)CN=C(c3ccccc3)c3cc(Br)ccc32)c1,0.322198013,2.583560006,-8.6,-7.5,5.6815,527.9484301
CCC(=O)c1ccc2c(c1)N(c1ccc(C(=O)c3ccc(F)cc3)c(Cl)c1)c1ccccc1S2,0.23382405,2.421828832,-9.8,-9,8.2372,487.0809057
N#Cc1ccc2c(c1)N(C(=O)c1cc3c(s1)-c1ccccc1CC3)C(=O)C2=O,0.472762354,2.680957737,-10.2,-10.3,3.75508,384.0568632
O=C1CN=C(c2ccccc2)c2cc(Br)ccc2N1c1ccc(F)c2cnccc12,0.388153349,2.567496314,-9.3,-8.8,5.6521,459.0382524
O=C(/C=C/c1ccc2ncccc2c1)NCc1ccc2c(c1)N(C(=O)c1ccccc1Cc1nc3ccccc3c(=O)[nH]1)CCO2,0.233888224,2.925159761,-11.1,-10.8,5.4309,607.2219544
O=C(NC(=NO)c1ccc(-c2ccccc2)cc1)C(=O)Nc1ccccc1CCc1ccccc1[N+](=O)[O-],0.08120551,2.586254668,-10,-8.6,4.9377,508.1746699
O=C(Nc1nc(-c2ccc3c(c2)Cc2ccccc2-3)cs1)C(=O)N1C(=O)CC(=C2CNC2)C1=O,0.264800121,3.147328753,-10.7,-10.5,2.5051,470.1048761
Nc1ccc(Cc2ccc3c(c2)CCN3c2ccc(C(=O)c3cccc(F)c3)cc2)cc1,0.320562534,2.206777623,-10.1,-10.1,5.9239,422.1794416
O=C(Nc1ccccc1)Nc1cccc2c1CCN(CC(=O)c1cc3cc(Cl)ccc3[nH]1)C2,0.335257022,2.412867007,-9.8,-9.5,5.7063,458.1509537
CC(Nc1cccc(C(O)c2cccc(F)c2)c1)c1ccc2c(c1)CC(=O)N2,0.611028541,3.04963409,-9.3,-8.9,4.5751,376.1587061
Cc1oc2cc(O)ccc2c(=O)c1-c1ccccc1Nc1ccc(Cn2cnc3ccccc32)cc1,0.294267437,2.488189197,-10.1,-9,6.61562,473.1739416
O=C1Cc2ccccc2C2(CCNCC2)N1c1cccc(-n2cnc3ccccc32)n1,0.549645374,3.332378179,-9.9,-9.9,3.5885,409.1902604
O=C(Oc1ccnc2cc(C(F)(F)F)ccc12)c1ccccc1C(=O)c1ccc2c(c1)OCCO2,0.285331228,2.446667294,-9.8,-9.5,5.475,479.0980573
Cc1ccc2cc(C(=O)OCC(=O)c3ccc4c(c3)Cc3ccccc3-4)ccc2c1,0.288484023,2.109973237,-8.6,-8,5.75912,392.1412445
Nc1n[nH]c2cc(CNC(=O)C(=O)N(C(=O)Nc3ccc(F)cc3)c3cccc(O)c3)ccc12,0.294006895,2.741563304,-10.7,-8.6,2.8713,462.1451813
Fc1ccc(C(c2ccccc2)N2CC=C(c3c[nH]c4cc(F)c(F)cc34)CC2)cc1,0.402757584,2.926148313,-9.2,-9.1,6.4639,418.1656833
Nc1ncc(OC(=O)CCC(=O)c2ccc3c(c2)-c2ccccc2C3)cc1-c1cccnc1,0.302125398,2.547934795,-8.8,-8.7,4.8655,435.1582915
O=C(CNS(=O)(=O)c1cc(Cl)cc2cccnc12)c1c[nH]c2ncccc12,0.500972101,2.62006802,-8.3,-7.9,2.9257,400.039689
Cc1c(I)cnc2c(N3CCc4c(-c5ccccc5)cccc43)cccc12,0.316002771,2.50471194,-9.2,-8.9,6.50902,462.0592966
c1ccc(C(Nc2ccc3ccncc3c2)c2ccc3c(c2)CCCO3)cc1,0.498392794,2.716937539,-9.9,-9,5.7613,366.1732133
O=Cc1ccccc1Oc1ccc(Nc2cccc3cnc(Cl)cc23)c(Cl)c1,0.288081987,2.368368228,-9.1,-8.8,6.89,408.043233
N#Cc1cccc(N(C(=O)Nc2ccccc2)C(=O)c2ccc3c(c2)-c2ccccc2C3)c1,0.38175233,2.425435276,-10.8,-9.9,6.00838,429.1477268
Clc1cccc2cc(N3CCCc4c3cnn4-c3ccccc3)ncc12,0.494920514,2.494466652,-8.7,-8.7,5.1582,360.1141742
Sc1nc(-c2ccc(N3CCc4[nH]c5ccc(Br)cc5c4C3)cc2)nc2ccccc12,0.224049496,2.608433543,-9.8,-9.4,6.392,486.0513797
CS(=O)(=O)c1ccc(Oc2ccc(NC(=O)C(=O)Nc3ccc4c(c3)Cc3ccccc3-4)cc2)cc1,0.331073637,2.240396393,-9.8,-10.5,5.0308,498.1249428
CC(Nc1ccnc(F)c1)c1ccc2[nH]c(=O)[nH]c2c1,0.641453703,2.921318461,-7.9,-8.2,2.5634,272.1073393
O=C(c1ccc(N2C(=O)C(=O)c3ccccc32)cc1)c1cnc2ccccc2c1,0.39314892,2.142211075,-10.9,-10.5,4.3268,378.1004423
O=Cc1ccccc1Oc1ccc(NCc2ccc(-c3cccnc3)cc2)cc1Cl,0.345121333,2.133390816,-8.8,-8.4,6.6189,414.1135055
OC(c1cccc(Br)c1)c1cccc(N2CCN(c3nccc4sccc34)CC2)c1,0.420855669,2.858391789,-9.5,-8.4,5.4671,479.0666954
c1ccc2c(c1)Cc1cc(N3CCCc4cc(CN5CCCC5)ccc43)ccc1-2,0.43401829,2.258552985,-9.7,-9.8,5.9379,380.2252489
O=C(Oc1nc(Cl)nc2[nH]cc(I)c12)c1ccc(Nc2ncnc3ccccc23)cc1,0.184409729,2.762739088,-9.6,-8.7,5.1219,541.9754993
O=C1CCN(C(=O)Nc2ccccc2-n2ncc3c(=O)[nH]cnc32)C(=O)c2[nH]ccc21,0.452438752,3.046628855,-10.5,-10.2,1.6976,417.118552
CCc1cccc2c(C3=CCN(C(=O)c4ccccc4Sc4ncnc5sc(C)c(C)c45)CC3)c[nH]c12,0.242877235,2.926470417,-10.7,-10.5,7.43254,524.1704535
c1ccc2cc(CNNc3cccc4c3oc3ccccc34)ccc2c1,0.403261513,2.221537773,-9.2,-9.7,5.8559,338.1419132
C[C@H]1COc2c(C3(NC(=O)N(N)c4ncnc5sc6c(c45)CCCC6)CC3)c(F)cc3c(=O)c(C(=O)O)cn1c23,0.192493643,3.998191678,-11.2,-9.7,3.7547,564.1591171
NNc1cccc(N2C(=O)Cc3cc(C4CCCCC4)ccc32)c1F,0.644345236,2.585928159,-9,-9.3,4.3798,339.1746905
Cc1csc(Sc2ccc(NC(=O)C(=O)N3C(=O)Cc4cc(-c5csc(N)n5)ccc43)nc2)n1,0.398529119,3.11591654,-9,-9,3.75782,508.0446014
Cc1ccc(C(C(=O)O)N(CC(=O)c2ccc3ccccc3c2)c2ccc(F)cc2)cc1,0.378698204,2.719163038,-8.9,-8.4,5.80252,427.1583718
NC(c1ccccc1)c1ccc(Cl)c(OC(=O)c2cc3c(=O)[nH]c4ccccc4c3s2)c1,0.267327581,2.911853108,-9.1,-9.1,5.6635,460.0648411
CC(NC(=O)C(c1ccccc1)c1ccc(Cl)cc1)c1cc2cnccc2[nH]1,0.490919029,3.043777145,-8.7,-8.7,5.2256,389.1294899
CC#Cc1ccc2cc(Nc3ccccc3-c3cccc(Cl)c3)ccc2c1,0.375087867,2.194524793,-9.3,-8,7.2752,367.1127773
CNCc1ccc(Cl)cc1Oc1ccc(OC(=O)c2cc3c(cn2)Cc2ccccc2-3)c(Cl)c1,0.211889781,2.602483604,-10.3,-9.5,6.6905,490.0850979
O=C(Nc1cc(Cl)cc2ccccc12)N1CC=C(c2cccc(OC(F)(F)F)c2)CC1,0.485287427,2.450535172,-9.9,-9.4,6.713,446.1008902
N#Cc1cccc(Oc2cccc(N3c4ccccc4Oc4cc(C#N)ccc43)c2)c1,0.332512632,2.409205648,-10,-9.8,6.79776,401.1164267
O=C(O)c1ccc2[nH]c3c(c2c1)CN(C(=O)Nc1c(O)ccc2ccncc12)CC3,0.381276052,2.635004623,-9.8,-9.5,3.7101,402.1328051
O=S(=O)(/C=C/c1ccccc1Cl)Nc1cncc2c(Cl)cccc12,0.697555094,2.505483483,-8.5,-8.4,4.9542,377.999654
NN(c1ccc2nccnc2c1)c1ccc(Br)c2ccncc12,0.429791957,2.804386156,-8.8,-8.3,3.9523,365.0276075
Cc1c(C(=O)Oc2cc3cnccc3cc2Br)[nH]c(=O)c2ccccc12,0.39443243,2.491451943,-10,-9.1,4.36642,408.0109544
Nc1cccc(-c2ccc(Cl)c(NS(=O)(=O)c3ccc(-n4nccn4)cc3)c2)c1,0.470721212,2.359185589,-9.4,-8.7,3.9707,425.0713234
O=C(CNc1ccc2nccnc2c1C(=O)O)c1ccc2c(c1)Cc1ccccc1-2,0.433582106,2.508927083,-9.3,-9.3,4.194,395.1269914
FC(F)(F)Oc1ccc2c(c1)CCN2c1ccnc2c1ccc1cccnc12,0.437368912,2.498988741,-9.7,-8.8,5.3758,381.1088967
O=C1CCCc2cc(Cl)c(S(=O)(=O)NCc3cccc(-c4cccc(O)c4)c3)cc2N1,0.527586378,2.455219263,-9.8,-9.2,4.4659,456.0910558
COc1ccc2[nH]cc(C3=CCN(c4cccc(S(C)(=O)=NS(=O)(=O)Cl)c4)CC3)c2c1,0.547018371,3.424284759,-9.2,-9.1,4.4105,479.0740259
CC(=O)c1ccc2c(c1)N(Cc1ccc(S(C)(=O)=O)cc1)c1ccccc1S2,0.561570559,2.186965286,-8.8,-8.3,5.0956,409.0806355
Cc1ccc2cc(C(=O)Nc3cccc4cc(S(=O)(=O)F)ccc34)ccc2n1,0.51511882,2.192156717,-9.6,-9.7,4.60692,394.0787416
O=C(Nc1ccc(-c2ccnc3ccccc23)cc1)C(=O)N1C(=O)C(=O)c2cc(-c3ccccc3)ccc21,0.343019693,2.461096247,-11.8,-11.6,5.2634,497.1375561
NCc1ccc2c(c1)CCCN2C(=O)C(=O)Nc1cccc2cnccc12,0.687766992,2.41422182,-8.8,-8.5,2.6114,360.1586259
O=C(/C=C/c1cccc2cccnc12)Oc1ccc2cn[nH]c2n1,0.463755837,2.666660973,-9,-8.7,3.1249,316.0960256
N#Cc1ccc(NC(=O)N2CCC3(CCc4ccccc4C3)CC2)cc1-c1ccncc1,0.599192048,3.006399347,-10.4,-9.3,5.42328,422.2106615
N#Cc1cc(F)cc(N(N)c2cc(-c3cccc(N)c3)ccc2F)c1,0.428695812,2.672652775,-9.4,-9.1,4.09748,336.1186529
O=C(CN1C(=O)C(=O)c2cc(-c3ccccc3)ccc21)c1cccc(Cl)c1,0.500752668,1.993678809,-9.2,-8.8,4.4192,375.066221
C[C@@H](c1ccc2ccccc2c1)N(C)c1cccc(C(=O)CBr)c1,0.422030168,2.651166192,-7.8,-8.8,5.6148,381.0728264
O=C1Cc2cc(-c3csc(NC(=O)C(=O)NS(=O)(=O)c4ccc(F)c5cnccc45)n3)ccc2N1,0.356628204,2.848011965,-10.5,-10.6,2.4356,511.0420388
O=C(NCc1ccc2[nH]c(=O)[nH]c2c1)C(=O)N1CC=C(c2cccc(Br)c2)CC1,0.52987719,2.665712744,-9.6,-9.3,2.5508,454.0640526
O=Cc1cc(OC(=O)c2cc(=O)c3cc(O)ccc3o2)cc(-c2cccnc2)c1,0.323871419,2.536941845,-10.7,-8.7,3.5923,387.0742871
Cc1[nH]c2ccc(OC(=O)c3ccc(Sc4ccc([N+](=O)[O-])cc4)cc3)cc2c1C=O,0.140520181,2.48026192,-9.2,-8.5,5.56742,432.0779926
Cc1cccc(-c2ccc(CNc3cccc(Cc4ccccc4)c3)cc2)c1,0.394208917,1.749077239,-9.1,-8.7,6.86492,363.1986998
Cc1ccc(S(=O)(=O)c2ccc(CNc3ccc(Oc4ccnc5ccccc45)cc3)cc2)cc1,0.278041808,2.128913158,-9.3,-10,6.78042,480.1507636
O=S(=O)(Nc1ccc(Br)c2cnccc12)c1ccc(F)c2ncccc12,0.518203596,2.426968159,-8.8,-8.6,4.4854,430.9739379
O=C(Nc1ccc(Oc2ccc3ccccc3c2)c(Cl)c1)Nc1ccccc1Nc1cccc(Cl)c1,0.211596667,2.15314656,-10.8,-10.3,9.3265,513.1010823
C/C(=C\C(=O)NCc1ccc2c(c1)CC(=O)N2)c1ccc([N+](=O)[O-])cc1,0.491169248,2.402121797,-8.7,-8.4,2.8091,351.121906
O=C(CCn1c(=O)[nH]c(=O)c2ccccc21)Nc1ccc(Nc2ccc3nc(Br)ccc3c2)cc1,0.274234273,2.422773164,-10.3,-9.8,4.7729,529.0749516
Cc1ccnc2ccc(C(=O)Oc3ccc(-c4nc(S)c5ccccc5n4)cc3)cc12,0.175511028,2.383702165,-10.1,-9.5,5.66132,423.1041478
Cc1ccn2c(OC(=O)c3ccc4c(=O)[nH][nH]c(=O)c4c3)cnc2c1,0.537690575,2.792153078,-9.3,-9.1,1.39172,336.0858549
O=C(NCCc1cnc2c(Cl)cnn2c1)C(=O)Nc1cc(F)c2ccccc2c1,0.505215939,2.613554449,-9,-9.2,2.9724,411.0898306
O=c1[nH]c(CN2CCN(c3cc(-c4ccccc4)ccn3)CC2)nc2sc3c(c12)CCCC3,0.496415293,2.468677309,-10,-10.3,4.2476,457.1936315
Cc1cncc2cccc(S(=O)(=O)Nc3ccnc(Sc4ccccn4)c3)c12,0.530358997,2.667094724,-9.2,-8.1,4.28522,408.0714678
COc1ccc2[nH]cc(C3=CCN(C(=O)C(=O)Nc4cc(N)ncn4)CC3)c2c1,0.58364911,2.808403198,-9.2,-9.1,1.8031,392.1596885
Nc1ccc(NNCCc2ccc3ccccc3c2)cc1-c1ccccc1,0.252071169,2.133148846,-8.1,-8.3,5.2482,353.1891977
O=C(CCC(=O)N1CCOc2ccc(CNC(=O)c3ccc4cc(F)c(F)cc4n3)cc21)c1ccc2c(c1)-c1ccccc1C2,0.213433192,2.885497364,-10.3,-11.7,6.4027,603.1969628
CC(C)(C)COc1ccc2c(c1)CCN(c1cccc3cnsc13)C2,0.640759511,2.704660852,-8,-7.9,5.2839,352.1609344
Cc1cc(Cl)c2cccc(S(=O)(=O)Nc3c(C)ccc4[nH]c(=O)ccc34)c2n1,0.527419021,2.531640681,-9.5,-9,4.14734,413.0600901
N#Cc1ccc(N2CCc3[nH]c4c(Cl)cc(Cl)cc4c3C2)c(F)c1,0.66009033,2.582468098,-9,-8.8,5.04818,359.039231
O=C(Oc1nc(-c2cccc([N+](=O)[O-])c2)n[nH]1)c1c(Cl)c2ccccc2[nH]c1=O,0.297956934,2.813751788,-9.3,-9.2,3.094,411.0370461
Cc1ccc(C)c2c1C(=O)N(C(=O)Nc1c(Cl)ccc3cnccc13)C2=O,0.637918372,2.721636116,-10.1,-9.9,4.33314,379.072369
COc1cc2c3c([nH]c2cc1Cl)CCN(c1c(Br)cccc1C=O)C3,0.609840877,2.720207683,-8,-8,4.9676,418.0083675
O=C1CC(c2ccc(N3CCN(c4cccc5[nH]cnc45)CC3)cc2)C(=O)N1,0.684791995,2.929013055,-9.4,-9,2.0196,375.1695249
N#Cc1ccc(N(c2ccc(Br)cc2)c2ccc3cc(Cl)ccc3c2)cc1,0.332459634,2.137691051,-9.2,-7.8,7.59718,432.0028882
C[C@@H](NC(=O)Nc1ccc(C(=O)Nc2cccc3cccnc23)cc1)c1cccc2cnccc12,0.302774846,2.683072337,-11.2,-10,5.918,461.185175
Oc1ccnc2c(N3CCc4nn(-c5ccccc5)cc4C3)c(Cl)ccc12,0.565018511,2.690418659,-8.7,-8.6,4.3422,376.1090888
Oc1ccnc2c(F)c(N3CCc4nn(-c5ccccc5)cc4C3)ccc12,0.59031025,2.70568974,-9.2,-9,3.8279,360.1386394
O=C(NS(=O)(=O)c1ccccc1-c1ccc(CO)cc1)N1CCc2n[nH]c(=O)cc2C1,0.561581569,2.668465767,-10.3,-9,1.3858,440.1154407
NC(=S)c1c(Cl)cccc1OC(=O)c1cc2c(=O)[nH]c3ccccc3c2s1,0.297169847,2.537705314,-9.3,-8.6,4.2496,413.9899619
C#Cc1ccc2c(c1)CN(S(=O)(=O)c1ccc3cnccc3c1)CC2,0.66919949,2.449978159,-9.4,-8.8,2.9631,348.0932488
O=Cc1c(C(=O)Oc2cnn3ccc(C(=O)O)nc23)[nH]c2ccc(Br)cc12,0.377337407,2.935740334,-8.5,-8.2,2.703,427.9756315
Cc1cc(Oc2ccc(NC(=O)N(Cc3ccc(C#N)cc3)c3ccc(F)cc3C)cc2)ncn1,0.368026026,2.519626832,-9.9,-8.3,6.13522,467.1757532
N#Cc1cccc(N(C(=O)Nc2ccc3nc[nH]c3n2)C(=O)c2ccccc2F)c1,0.542067824,2.818928237,-9.7,-9.6,3.84758,400.1084019
O=C(O)CCC1Cc2ccccc2N(C(=O)C(=O)NCc2cccc(-c3cccc(O)c3)c2)C1=O,0.473256478,3.075601749,-9.9,-9.5,3.2723,472.1634365
Cc1ccc2[nH]c(C(=O)Oc3cccc4sncc34)c(C)c2c1,0.432824503,2.57252229,-8.7,-8.5,4.61364,322.0775987
CC1(C)Oc2cc(C(=O)Oc3ccccc3-n3ncc4c(=O)[nH]cnc43)ccc2NC1=O,0.376558684,2.878687017,-9.7,-9.3,2.4375,431.1229686
C[C@H](Oc1cnc2ccccc2c1)C(=O)Oc1ccc2[nH]c(C(F)F)cc(=O)c2c1,0.38994646,3.082656018,-8.7,-8.4,4.3868,410.1078134
CC(=O)Nc1cc2c(cc1N1CCOc3ccc(-c4ccc(C#N)s4)cc31)C(=O)CC2,0.640028176,2.931410186,-9.2,-8.7,4.90458,429.1147125
O=C1CCc2cc(I)ccc2N1c1cc(F)cc2ncccc12,0.542134708,2.482427885,-8.4,-8,4.5894,417.9978392
O=C(CCc1cnc2ccccc2c1)Oc1ccc2ccc3cccnc3c2n1,0.329218581,2.393160807,-8.7,-8.8,4.8694,379.1320768
O=C(NCCc1cccc2[nH]ccc12)N1CCN(c2nsc3ccccc23)CC1,0.542027558,2.435188714,-9.3,-8.8,3.8519,405.1623314
O=C(Nc1cc(CCc2ccccc2)ccn1)C(=O)N1CCc2ncc(C(F)(F)F)cc2C1,0.608834147,2.612064122,-9.8,-9.6,3.804,454.1616606
O=C(/C=C/c1ccc2[nH]ccc2c1)Oc1ccc2cc(Br)cnc2n1,0.410723392,2.700070625,-8.8,-8.3,4.4924,393.0112887
O=C(Nc1ccnc(-c2ccoc2)n1)C(=O)N(C(=O)Nc1ccccc1)c1ccc(O)cc1,0.409420868,2.744399102,-10.1,-8.1,3.646,443.1229686
O=C(CCl)c1ccc2c(c1)CCCC(=O)N2C(=O)NCc1cc2ccc(Br)cc2cn1,0.403900619,2.743927305,-10,-9,4.9979,499.0298312
O=C1CCCc2cc(C(=O)CNCc3cc4ccc(Br)cc4cn3)ccc2N1,0.584917617,2.56759216,-9.2,-8.5,4.2446,437.073889
O=Cc1ccccc1Oc1ccc(NCc2cc(=O)n3ccccc3n2)c(Cl)c1,0.47574428,2.403842394,-9.3,-9.1,4.5648,405.0880191
O=C1CCOc2c1ccc(Cl)c2NNC(=O)c1cccc2ccccc12,0.681080901,2.405138413,-9.8,-9,4.2153,366.07712
CC(C)(C)c1nc2cc(NS(=O)(=O)c3cccc(-c4ccccc4)c3)ccc2[nH]1,0.481904225,2.195054978,-9.5,-9.4,5.3282,405.151098
O=C(Oc1cncc2ccsc12)c1ccc(S(=O)(=O)Nc2ccc(Cl)cc2)cc1,0.43907168,2.330976136,-9,-8.3,4.9697,444.0005266
O=C(CBr)c1ccc(S(=O)(=O)Nc2ccc(Br)c(F)c2C(F)F)cc1,0.45273338,2.66207948,-7.9,-7.4,4.9042,498.870023
Oc1ccc(C2=CCN(c3cc4c(nn3)-c3ccccc3OC4)CC2)cc1,0.750173227,2.676490962,-9.1,-9.1,4.0353,357.1477268
O=Cc1ccc(Cl)cc1Oc1ccc(F)c(N2C(=O)c3sccc3S2(=O)=O)c1,0.56141731,2.940959616,-8.8,-8.3,4.4945,436.9594703
COc1cc2ccncc2cc1N1C(=O)Cc2c(Br)cccc21,0.679180082,2.573669843,-8.2,-7.9,4.2267,368.0160398
O=C(NNc1ccc2c(c1)CCO2)c1ccc2ccccc2c1,0.727805694,2.018919863,-9,-8.5,3.5316,304.1211778
Cc1ccc2[nH]c(C)c(CC(=O)OC(F)(F)c3cc(=O)oc4cc(O)ccc34)c2c1,0.381399492,2.789859946,-9.1,-9.4,4.43194,413.1074791
O=C(c1ccc(N2C(=O)CCc3cccc(C(=O)O)c32)cc1)c1cnc2ccccc2c1,0.478612195,2.379312579,-10.5,-9.6,4.7749,422.1266571
O=c1[nH]cnc2ccc(S(=O)(=O)N3CCN(c4cccc5[nH]cnc45)CC3)cc12,0.526253967,2.596463823,-9.8,-9.2,1.3103,410.1161094
O=Cc1c(C(=O)Oc2ccc3c(c2)NC(=O)CCC3)[nH]c2ccc(Cl)cc12,0.404763178,2.641556531,-9.7,-8.8,4.1278,382.0720346
CC(NC(=O)Nc1cccc(Sc2ccc(Cl)cc2)c1)c1ccc2ccccc2c1,0.341898676,2.489528297,-10.1,-9,7.5271,432.106312
CC(NC(=O)C(=O)Nc1cccc(Sc2ccc(Cl)cc2)c1)c1ccc2ccccc2c1,0.33582495,2.600379362,-10.1,-9.5,6.4603,460.1012266
Cc1cccc(N(Cc2ccccc2)c2c(N)ccc3nccnc23)c1,0.539135964,2.381172202,-8.7,-7.7,4.85872,340.1687966
O=C(NCC(=O)c1cccc2ccccc12)NS(=O)(=O)c1ccc2c(c1)oc1ccccc12,0.374307596,2.34400477,-9.6,-10.8,4.61,458.0936427
O=C(O)C1c2[nH]c3ccccc3c2CCN1c1ccnc2c(Cl)cccc12,0.537047247,3.022904772,-8.8,-8.9,4.5579,377.0931044
O=C(NS(=O)(=O)c1ccc(-c2ccc(Br)cc2)cc1)C(=O)N1CCCc2cccc(S(=O)(=O)F)c21,0.372191451,2.73524729,-10.3,-8.9,3.5586,579.9773686
OC(CNc1ccc(Br)c2ccoc12)c1ccc2ccccc2c1,0.490399372,2.848489941,-9.1,-8.5,5.494,381.0364409
Cc1cc(C)c2ncc(C#N)c(NCc3ccc4cc[nH]c4n3)c2c1,0.590649327,2.745687775,-8.8,-8.9,4.21172,327.1483955
O=C1CCc2cc(C(=O)CCC(=O)OCc3cc4ccccc4[nH]c3=O)ccc2N1,0.485097367,2.420619471,-8.4,-8.8,3.1191,404.1372217
OCCc1cnc2c(N(c3cccc(F)c3)c3ncc(Br)cn3)cnn2c1,0.523964178,3.00954963,-8.3,-8.1,3.4255,428.0396494
O=C(NCc1cc2cc(Br)ccc2cn1)N(c1ccccc1)c1nc(S)nc2ccccc12,0.218062699,2.844969411,-10,-8.4,6.2771,515.0415433
Cc1cc(N2CCC(n3c(=O)oc4ccccc43)CC2)n2ccnc2c1,0.557120198,2.715848315,-9.4,-9.2,3.39212,348.1586259
N#Cc1ccc(-c2ccc3c(c2)N(c2cccc4ccnc(Cl)c24)CCO3)s1,0.383869275,2.7881764,-9.1,-7.8,6.01888,403.0546107
O=C(OS(=O)(=O)c1ccc2[nH]c(=O)sc2c1)c1cc(=O)[nH]c2cc(Br)ccc12,0.433707609,2.831077959,-10.2,-8.3,2.7393,479.9085401
O=C(NCc1ccc2c(c1)CNC2)N1CCN(c2nsc3ccccc23)CC1,0.718355585,2.540982151,-9.7,-8.7,2.9313,393.1623314
O=C(O)c1cccc2c3c([nH]c12)CCN(S(=O)(=O)c1ccnc2ccccc12)C3,0.542966233,2.518319602,-9.6,-9.1,3.1613,407.093977
O=C(/C=C/c1cnc2ccccc2c1)Oc1ccnc2c(O)ccc(Cl)c12,0.411953028,2.530948447,-9.4,-9,4.7608,376.06147
NNC(=O)Nc1ccc(S(=O)(=O)Nc2ccc(Br)c3cnccc23)cc1,0.284337378,2.33920715,-8.6,-8.3,2.7933,435.0000724
O=C(CN1C(=O)COc2ccc(S(=O)(=O)Cl)cc21)Oc1ccc(-n2c(S)nc3ccccc3c2=O)cc1,0.130518855,2.817648868,-10.4,-8.6,2.9329,557.0118195
O=C(Nc1ncc(-c2ccccc2)cn1)C(=O)NC(c1cccc(F)c1)c1cccc(Br)c1,0.378702951,2.812508327,-9.7,-8.9,4.8895,504.0597161
Cc1ccc2[nH]nc(N3CCN(c4cccc5[nH]cnc45)CC3)c2c1,0.592039361,2.504922338,-8.8,-8.5,3.07422,332.1749446
O=C(Oc1nccc2ccsc12)c1ccc2cc(Br)ccc2c1,0.432762713,2.417931736,-8.6,-8.4,5.4312,382.9615617
O=C(Nc1nccc2cc(Br)ccc12)C(=O)N1C(=O)Cc2cc(C(F)(F)F)ccc21,0.535407275,2.794729454,-9.8,-9.6,4.0705,476.993588
O=C(/C=C/S(F)(F)(F)(F)F)Oc1ncnc2c1ccc1ccccc12,0.262118313,3.266712775,-9.3,-8.5,5.5006,376.0304896
O=C(CCCc1ccc2c(c1)-c1ccccc1C2)Oc1cccc2ncsc12,0.283629516,2.446324505,-8.9,-8.6,5.7958,385.1136498
Cc1ccc2[nH]c3c(c2c1)CN(c1cc2nc[nH]c(=O)c2cc1[N+](=O)[O-])CC3,0.413172886,2.775620429,-9.3,-9.1,3.18372,375.1331394
O=C(O)/C=C/c1cccc(F)c1Nc1nc(-c2cccc3ccccc23)cs1,0.413827931,2.363817801,-9.1,-8.9,5.9438,390.0838269
Cc1ccc2c(C(=O)OS(=O)(=O)c3ccc(-c4ccccc4)cc3)c[nH]c2c1,0.512206928,2.213776391,-8.9,-8.7,4.68902,391.087829
O=C1CNc2cc(C(=O)N3C(=O)Cc4ccc(Br)cc43)cnc2N1,0.730261861,2.992935293,-9.4,-9.4,1.9376,386.0014523
NCc1cc(F)cc(NC2CC[C@@H](O)[C@@H](O)CC2)c1,0.624207591,3.275311689,-6.9,-7.6,1.3607,268.1587061
O=C(c1ccc2[nH]cnc2c1)N1CCN(c2cc3nc[nH]c(=O)c3cc2F)CC1,0.543033511,2.625280306,-9.6,-9.6,1.9009,392.139702
O=C1CCc2cc(OC(=O)c3ccc4c(c3)CC(=O)N4)ccc2N1,0.656097148,2.362118423,-8.8,-9.1,2.2851,322.0953569
O=C(CNNCCc1ccc2ccccc2c1)N1CC=C(c2c[nH]c3ccccc23)CC1,0.306669881,2.66632158,-8.9,-8.6,4.2737,424.2263115
N[C@H]1CCC[C@H]1Nc1cc2c(cc1F)CNCC2,0.748368844,3.366534501,-7.1,-7.2,1.7631,249.1641259
O=S(=O)(Nc1ccnc2ccsc12)c1ccc2cnccc2c1,0.61730971,2.406881679,-8.2,-8,3.6453,341.0292686
O=S(=O)(Nc1cccc(Nc2cccc3c2-c2ccccc2CO3)c1)c1ccc(Cl)cc1,0.357652656,2.275128492,-10.5,-9.1,6.4438,462.0804911
O=c1[nH][nH]c(-c2ccccc2)c1NCc1cnc2ccccc2c1,0.53905063,2.35702977,-8.1,-9.2,3.5303,316.1324111
Cc1cnccc1CNC(=O)C(=O)Nc1ccc2cncc(F)c2c1,0.718074644,2.397939427,-8.6,-8.3,2.33222,338.1179039
O=[N+]([O-])c1ccc2c(c1)nc(S)n2-c1ccc(N2CCC=Cc3ccccc32)cc1,0.262271925,2.806453874,-9,-9.5,5.7774,414.1150468
N#Cc1cccc(CN(N)c2cccc3cnsc23)c1,0.591263998,2.8701837,-7.7,-7.3,3.04828,280.0782674
O=[N+]([O-])c1cccnc1N1CCN(c2ccc3ccncc3c2F)CC1,0.53218909,2.456719951,-8.7,-9.1,3.0037,353.128803
C[C@H](Nc1cc(S(=O)(=O)Cl)cc2ccccc12)c1cccc(C#N)c1,0.668689907,2.697868593,-9.4,-9.1,4.81208,370.0542764
O=C(Oc1ccc(-c2ccccc2)cc1)c1c(O)ccc2ccccc12,0.399356309,1.814935562,-9.1,-9.1,5.4316,340.1099444
Nc1nc(-c2ccc3c(c2)CCCC(=O)N3c2cccc(S(=O)(=O)Cl)c2)cs1,0.620533302,2.527664799,-9.1,-8.2,4.3208,433.0321611
C#Cc1c(Cl)cccc1N1CCc2cc(-c3ccccc3)oc2C1,0.603355601,2.64919632,-8.6,-9.1,5.144,333.0920418
Cc1cccc2ccc(C(=O)OS(=O)(=O)c3cc(Cl)cc4cccnc34)nc12,0.466370495,2.639231498,-10.1,-8.3,4.29052,412.0284556
Cc1cccc2c(N3CCc4cc(O)c(Br)cc4C3)nccc12,0.682550989,2.432327885,-8.8,-8.5,4.57402,368.0524253
Cc1cnc(C)c(-n2cc(N3CCc4c(c(=O)[nH]c5ccccc45)C3)cn2)n1,0.585180743,2.889240023,-10.3,-9.7,2.68334,372.1698593
O=C(NC(=O)C(=O)Nc1cccc2c(C(=O)O)cccc12)Nc1cccc2ccccc12,0.368259841,2.176029705,-9.7,-10.2,3.978,427.1168206
COc1ccnc2c(NC(=O)C(=O)Nc3nc(-c4ccc5ccccc5c4)cs3)cccc12,0.368784422,2.320110757,-9.9,-10.5,5.0973,454.1099614
NS(=O)(=O)c1ccc2c(c1)CC(=O)N2c1cc2ccncc2cc1Br,0.692800645,2.643654972,-8.9,-8.4,2.8655,416.9782743
O=C1C=CC(=O)N1c1cccc(S(=O)(=O)Nc2ccc3nc[nH]c(=O)c3c2)c1,0.63668188,2.606324974,-9.5,-8.9,1.1533,396.0528405
CC1=C(c2ccccc2)CN(c2ccc(-c3ccccc3)cc2)CC1,0.567430655,1.974955186,-9,-8.3,6.0374,325.1830497
O=C(NNc1ccncc1Cl)Nc1ccc2oc3ccccc3c(=O)c2c1,0.366372928,2.37264963,-9.9,-9.3,4.1432,380.067618
O=C(Oc1ccc2ccccc2n1)c1cc(=O)[nH]c2ccc(Cl)cc12,0.555525345,2.227401236,-9.4,-9.1,3.9489,350.0458199
O=C([O-])c1ccc2c(c1)N(C(=O)Nc1cccc3cccc(O)c13)C(=O)C2,0.725694246,2.855804302,-9.5,-8.9,2.0301,361.0829951
N#Cc1cccc2[nH]cc(C(=O)Oc3cc4c(nn3)-c3ccccc3OC4)c12,0.542546767,2.869943004,-9.6,-9,3.60818,368.0909402
Cn1cc(C2=C(c3cccc(N)c3)C(=O)N(C(=O)C(=O)NCc3ccc(-c4ccc5ccccc5c4)cc3)C2=O)c2ccccc21,0.148835952,2.884308386,-11.5,-10.6,5.7033,604.2110554
N#Cc1ccc(F)c(C(F)(F)NCc2cc3cnccc3[nH]2)c1,0.725008808,2.984376459,-7.9,-8.3,3.41278,316.093581
CS(=O)(=O)c1ccc(Sc2ccccc2C(=O)Oc2cccc3c(Br)cccc23)cc1,0.229143865,2.250573109,-8.7,-7.9,6.3762,511.9751631
O=C(Oc1ccc(-n2c(S)nc3ccccc3c2=O)cc1)c1cnc2ccccc2c1,0.200199795,2.370580627,-9.8,-9.2,4.4418,425.0834123
O=C(Nc1cc2cn[nH]c2cn1)C(=O)N1C(=O)c2ccc(F)cc2C1=O,0.493642259,2.795764158,-9.5,-9,0.8583,353.056032
O=C(Nc1ccc2[nH]ccc2c1)c1cccc(Br)c1,0.73183877,1.853215657,-7.9,-7.3,4.1827,314.0054751
O=C1CCCc2cc(N3CCC(n4cnc5ccccc5c4=O)C3)ccc2N1,0.748396933,2.873013805,-10.2,-9.4,3.1227,374.1742759
O=S(=O)(Nc1c[nH]c2cc(Br)ccc12)c1ccc2cc(Br)ccc2c1,0.398603963,2.301907574,-8.8,-8.7,5.6469,477.8986228
O=S(=O)(Nc1ccc(Cl)cc1)c1ccc(Nc2ccc3ccncc3c2Br)cc1,0.351002884,2.216423402,-9.1,-8.5,6.1951,486.9756875
O=S(=O)(Nc1ccc(Cl)cc1)c1ccc(Nc2c(F)ccc3ccncc23)cc1,0.436357458,2.168127016,-9.4,-9,5.5717,427.0557536
Cc1cc2cccc(Nc3cccc(C(F)(F)C(F)(F)F)c3)c2cn1,0.590108494,2.422978326,-8.9,-8.7,5.94092,352.0998895
NS(=O)(=O)c1ccc(C2(C(=O)Oc3ccc(-c4ccccc4)cc3)CC2)cc1,0.529609065,2.081362949,-8.2,-8.2,3.6382,393.1034791
Nc1cccc2c(NS(=O)(=O)c3cccc4scnc34)cccc12,0.546975178,2.354202035,-9,-8.5,3.8325,355.0449187
Cc1csc(Sc2ccc(NCC(=O)c3ccc(S(C)(=O)=O)cc3)c(C)c2)n1,0.549623812,2.425296894,-7.8,-7.5,4.60944,432.0636055
O=Cc1cc(N(c2cccc(F)c2)c2ncc(Br)cn2)c(Cl)cc1Cl,0.468736083,2.798542005,-8.1,-7,5.9673,438.9290076
Nc1cccc2c1C(=O)N(C(F)(F)c1cc3[nH]cnc3cc1Br)C2=O,0.387702123,3.109005082,-9.1,-8.8,3.2531,405.9876941
N#Cc1cccc(Nc2ccc(-n3c(S)nc4ccccc4c3=O)cc2)n1,0.423888352,2.519447264,-8.8,-8.7,3.68468,371.084081
O=C(Nc1ccc(Oc2cccc3cccnc23)cc1)C(=O)Nc1ccnc(-c2ccc(Br)cc2)n1,0.272210049,2.378633153,-10.7,-10.6,5.8238,539.0593015
Fc1cc2c(cc1NCc1ccc(Cn3cnc4ccccc43)cc1)CCNC2,0.531357888,2.401054725,-9.2,-8.4,4.4815,386.190675
O=C(O)CCC(=O)c1ccc2c(c1)CCC(=O)N2c1cc2c(Cl)ccnc2cc1Cl,0.548042425,2.571177879,-9.7,-8.5,5.2,442.0487124
O=C1CCc2cc(C(=O)CCC(=O)Oc3cc4c(Cl)ccnc4cc3Cl)ccc2N1,0.341087735,2.56322082,-8.9,-8,4.9948,442.0487124
O=C1CCc2cc(C(=O)CCC(=O)Oc3cc4nccc(Cl)c4cc3F)ccc2N1,0.369096863,2.580153852,-9.4,-8.8,4.4805,426.0782629
O=C1Cc2cccc(Br)c2N1C(=O)Nc1cc(Cl)ncc1Cl,0.726623739,2.807378338,-8.9,-8.2,4.2721,398.917694
O=C(/C=C/c1ccc2[nH]ccc2c1)Oc1cc(Cl)c(I)cc1Cl,0.18009974,2.599730306,-8.1,-8,5.6981,456.9133319
O=C(/C=C/c1ccc2[nH]ccc2c1)Oc1cc(I)c(Cl)cc1F,0.19995835,2.626476814,-8.2,-8.1,5.1838,440.9428825
Nc1n[nH]c2ccc(C(F)(F)N(N)c3cccnc3F)cc12,0.297897393,3.209813395,-8.1,-7.9,2.1088,308.099729
O=[N+]([O-])c1ccc(CN(c2ccccc2)c2cccc3ccncc23)cc1,0.351163716,2.219723041,-8.6,-7.8,5.4813,355.1320768
FC(F)Oc1cccc2c1CCCN2c1ccc2ncccc2c1Br,0.560551562,2.542907005,-8.5,-8.5,5.683,404.0335816
O=C(NCCc1ccc2cc[nH]c2c1)NS(=O)(=O)c1cnc2ccc(Cl)cc2c1,0.451383373,2.4853057,-9.9,-9.1,3.6001,428.0709891
O=C(CCc1n[nH]c2ccccc12)OS(=O)(=O)c1ccc2c(c1)Cc1ccccc1-2,0.435941297,2.687026818,-8.4,-9.3,3.9988,418.0987281
O=C(OC(F)(F)Oc1ccc2c(O)ccnc2c1)C1COc2ccc(O)cc2O1,0.504044975,3.379638349,-9.3,-8.7,2.9583,405.0660082
Cc1ccc2c(c1)C(=O)NCCN2c1cc2c(cc1Cl)NCCO2,0.833575567,2.722403373,-8.9,-8.5,3.33422,343.1087545
Cc1ccc2c(c1)C(=O)N(c1cc3c(cc1Cl)OCCN3)CCN2,0.831448656,2.733215413,-8.9,-8.5,3.52502,343.1087545
Cc1ccc2c(c1)C(=O)N(c1cc3c(cc1Cl)NCCO3)CCN2,0.831448656,2.729868255,-8.9,-9.1,3.52502,343.1087545
Sc1nc(-c2ccc(NCC3CCCc4ccccc4C3)cc2)nc2ccccc12,0.238732118,2.828291538,-9.9,-9.3,6.1926,411.1769188
Clc1cnn2cc(N3Cc4ccccc4-c4ccccc43)cnc12,0.506267272,2.572990767,-9.1,-8.2,4.7014,332.0828741
O=c1ccc2c(NCCc3ccn4ccnc4c3)cc(Cl)cc2[nH]1,0.598522678,2.649880716,-8.1,-7.8,3.4838,338.0934388
NC(c1cccc2ccccc12)C(F)(F)NNc1cccc(F)c1F,0.365101811,3.08819167,-7.4,-8.2,4.3273,349.1202104
O=S(=O)(F)c1cc(NS(=O)(=O)c2ccc3[nH]nnc3c2)cc2cccnc12,0.493793789,2.856939322,-9.4,-8.5,1.9651,407.015824
C[C@H](NC(=O)C(=O)NS(=O)(=O)c1ccccc1-c1ccc(CO)cc1)c1cccc2cnccc12,0.357581832,2.916587763,-9.9,-9.4,3.0764,489.1358418
O=C(c1ccccc1)c1ccc(NCCNc2ncnc3sccc23)cc1,0.369573075,2.168716154,-8,-8.3,4.4463,374.1201322
Cc1n[nH]c2ncnc(OC(=O)C(C)NC(=O)c3[nH]nc4ccccc34)c12,0.462718878,3.458767494,-8.7,-8.3,1.26152,365.1236373
N[C@H]1CCCC[C@@H]1Nc1cccc(C(=O)c2ccccc2)c1,0.847132581,2.627324421,-8,-8.4,3.5994,294.1732133
O=C1NC(=O)C2(CCCCCCCCCCC2)N1C(=O)NC1(c2cc(F)cc(Br)c2)CC1,0.489935385,3.859066346,-9.5,-10,5.8822,507.1532822
CC(=O)c1ccc2c(c1)CC(=O)N2C(=O)Nc1c(C(=O)O)ccc2cccnc12,0.66429757,2.629425605,-9.3,-9.5,3.2568,389.1011706
CC(=O)c1ccc2c(c1)CC(=O)N2C(=O)C(=O)Nc1c(C(=O)O)ccc2cccnc12,0.492751035,2.747722666,-10.2,-9.4,2.19,417.0960852
O=[N+]([O-])c1cccc(-c2ccc(N3CCN(Cc4cc5ccccc5[nH]4)CC3)nn2)c1,0.393930101,2.37509542,-9.5,-9.4,3.8553,414.1804239
c1ccc(COc2ccc3c(c2)CCN(c2ccc4c(c2)Cc2ccccc2-4)C3)cc1,0.344226498,2.180831247,-9.9,-10.6,6.3995,403.1936144
Clc1cccc2cccc(N[C@@H]3C[C@H]3c3cccnc3)c12,0.746245334,2.976329874,-8.2,-8,4.8562,294.0923762
Nc1ccc2nccnc2c1N1C(=O)c2ccncc2S1(=O)=O,0.660863183,2.984517051,-8.6,-7.5,0.9561,327.0426101
O=C1Cc2ccccc2C2(CCN(Cc3ccc4[nH]cnc4c3)CC2)N1,0.749992902,3.145726966,-10.1,-9.6,2.7265,346.1793613
NN(C(=O)C(=O)NNc1cccc2ccncc12)c1cccc2ccncc12,0.219739022,2.812236604,-9.3,-8.5,2.133,372.1334738
C[C@@H](Nc1ccc2c(N)cccc2c1)c1ccccc1[N+](=O)[O-],0.42211942,2.570739649,-7.9,-8.3,4.5033,307.1320768
Cc1oc2cc(O)ccc2c(=O)c1-c1ccccc1NCCCn1c(C)cc2ccccc21,0.308046532,2.517142908,-9.2,-8.8,6.23934,438.1943427
N#Cc1ccc(CNc2nc(-c3ccccc3)nc3ccccc23)nc1,0.604614478,2.130713805,-9.2,-8.4,4.17558,337.1327455
Cc1cc(CC(=O)NNC(=O)N2C(=O)Cc3cc(Cl)ccc32)[nH]n1,0.710316609,2.943300083,-8.9,-8.3,1.24412,347.078517
Cc1cc(CC(=O)NNC(=O)C(=O)N2C(=O)Cc3cc(Cl)ccc32)[nH]n1,0.509805822,3.03769872,-8.6,-8.3,0.17732,375.0734316
O=C(CN1C(=O)c2cccc3cccc(c23)C1=O)OS(=O)(=O)c1ccc2[nH]c(=O)[nH]c(=O)c2c1,0.321967374,2.750869028,-9.6,-10.7,0.8977,479.0423354
O=Cc1c(C(=O)NS(=O)(=O)c2ccc(CC(F)(F)F)cc2)[nH]c2ccc(Br)cc12,0.530742876,2.69359793,-9.6,-8.3,3.9664,487.9653246
Cc1cccc(-c2ccc(CNC(=O)CCc3c(-c4ccccc4)[nH]c4ccc(Br)cc34)cc2)c1,0.22449135,2.19734438,-8.7,-9,7.82182,522.1306756
O=c1[nH]c(=O)c2cc(S(=O)(=O)Nc3ccc([N+](=O)[O-])c4ccccc34)ccc2[nH]1,0.344191544,2.379967486,-9.2,-9.3,2.0786,412.0477551
N#Cc1ccc2c(c1)N(C(F)Oc1cccc(Br)c1F)C(=O)C2=O,0.592804005,3.390412099,-8.8,-8.3,3.32128,391.9608106
CC(Cn1ncc2ccccc2c1=O)Nc1cc(Cl)ccc1C1=NOCC1,0.73051855,3.257826074,-9,-7.7,3.6749,382.1196535
O=C1Cc2cc(Br)c(F)cc2N1c1cscc1C(F)(F)F,0.645608404,3.057434714,-7.3,-7.7,4.8893,378.9289598
c1ccc(Cc2cccc(Nc3nc(-c4ccncc4)cs3)c2)cc1,0.516861788,1.971792775,-8.6,-8.5,5.5395,343.1143185
O=S(=O)(Nc1cc2c(nn1)-c1ccccc1OC2)c1cc(C(F)(F)F)ccc1Cl,0.646469303,2.62907005,-10,-8.9,4.509,441.0161746
Cc1cccc(C(Nc2cc(F)cc(N)c2Br)c2cccc(C)c2)c1,0.529240112,2.399032994,-8.3,-8.6,5.98874,398.079389
N#Cc1cccc(CCC(=O)Oc2ccc3c(c2)Cc2ccccc2-3)c1,0.400981457,2.160178477,-8.3,-8.9,4.66768,339.1259288
NC(=O)c1ccc2c(c1)CCCN2c1nc2cc(F)ccc2cc1C=O,0.735700308,2.478223252,-9.1,-8.8,3.3696,349.122655
NC(=O)N(C(=O)Nc1ccc(-c2ccccc2)cn1)c1cccc2c1CCCN2,0.626147119,2.6635369,-9.7,-9.4,4.2239,387.1695249
Cc1cnccc1N(N)c1ccc(Oc2cccc(Cl)c2)c(C=O)c1,0.410179484,2.667894573,-8.3,-8.1,4.66002,353.0931044
O=C(Oc1cc2cnccc2cc1Cl)c1cnc2c(c1)C(=O)CCC2,0.51432546,2.566387775,-9.3,-8.6,4.0214,352.06147
O=C(CBr)c1ccc(F)c(NS(=O)(=O)c2ccc3c(c2)oc2ccccc23)c1,0.330747629,2.284950485,-8.4,-9,5.1035,460.9732692
O=c1[nH]ccc2cc(N3CCNc4c(Br)cccc4C3)ccc12,0.686519808,2.630658257,-9.3,-8.6,3.7227,369.0476742
Cc1cccc(CN(Cc2ccccc2)Cc2ccc3cn[nH]c3c2)n1,0.562204996,2.242360558,-7.9,-8,4.46872,342.1844467
O=C(O)Cc1ccc2c(c1)N(S(=O)(=O)c1ccc3cnccc3c1)C(=O)C2,0.741243893,2.617557541,-9.5,-9.1,2.1399,382.0623425
Clc1cc(N2CCc3nc(-c4ccccc4)ncc3C2)cc2ncoc12,0.525143243,2.672877042,-9.5,-9.1,4.5009,362.0934388
O=C1NC(=O)C(F)(Nc2ccc3[nH]ccc3c2)c2ccccc21,0.503141623,3.292341445,-9,-8.7,2.6723,309.0913548
O=C(Nc1ccc2[nH]ccc2c1)C(=O)N1C(=O)c2ccccc2C(F)(F)C1=O,0.497923934,2.797840089,-10,-9.3,2.4074,383.0717623
O=C(CCC(=O)N1CCSc2ccccc21)Oc1nc(-c2ccccc2)nc2ccccc12,0.389030064,2.490953813,-9.3,-8.7,5.1213,455.1303625
O=C(Oc1ncc2ccc(F)cc2n1)c1ccc2c(c1)C(=O)Nc1ccccc1O2,0.502534469,2.60633398,-11.2,-9.9,4.3461,401.0811841
Clc1ccc2ccncc2c1N1CCn2c(nc3ccccc32)C1,0.521371723,2.477762381,-9.2,-8.8,4.2581,334.0985242
O=C1c2ccccc2CC1(F)N1CC=C(c2ccncc2)CC1,0.798378152,3.309855703,-8.6,-8.3,3.2755,308.1324914
Cc1ccc(-n2c(S)nnc2-c2ccc(OC(=O)c3cccc4cnccc34)cc2)cc1,0.234278627,2.379052065,-9.8,-8.8,5.29882,438.1150468
N#Cc1ccc(C(O)C(=O)NS(=O)(=O)c2ccc3c(c2)Cc2ccccc2-3)cc1,0.543761929,2.842004015,-9.6,-9,2.66798,404.083078
Cc1ccc(CC(Nc2cnn3ccnc(Cl)c23)c2cccnc2)cc1,0.567569554,3.047372236,-9,-8.2,4.48202,363.1250733
CC(C)(O)CCc1ccc2c(c1)CCN(C(=O)C(=O)NC1c3ccccc3-c3ccccc31)C2,0.581858458,2.63609164,-10.6,-9.4,4.161,454.2256428
N#Cc1ccnc(OC(=O)CCc2ccc3[nH]ccc3c2)c1,0.749419134,2.498915184,-7.9,-7.1,2.97278,291.1007767
N#CC(c1ccccc1)c1ccc(NC(=O)NC(=S)c2ccc(Cl)cc2Cl)cc1,0.47881516,2.850164803,-9.4,-9,6.14608,439.0312885
O=c1[nH]cnc2cc(N3CCc4c(cnn4-c4ccccc4)C3)c([N+](=O)[O-])cc12,0.426639236,2.7650869,-9.5,-9.9,2.5797,388.1283884
O=C1CN(CC(=O)c2cccc([N+](=O)[O-])c2)c2cc(C(=O)O)cnc2N1,0.463854084,2.562300643,-9,-8.5,1.3294,356.0756841
Cc1nc(C2CN(c3c(C)cc([N+](=O)[O-])c4ncccc34)C2)n[nH]1,0.586512236,2.883309038,-7.9,-7.8,2.48174,324.1334738
O=C(CNc1ccc2[nH]c(C(F)F)nc2c1)c1c[nH]c2ccccc12,0.474901198,2.492905082,-8.8,-8.2,4.2766,340.1135675
O=C1CC(C(=O)Oc2ccc(Cl)c3cnccc23)Cc2ccccc21,0.511608398,2.855477384,-9.2,-9.1,4.2389,351.066221
O=C(CN(Cc1cccnc1)c1ccc(F)cc1)c1c[nH]c2ncccc12,0.528342962,2.384916419,-7.9,-8,3.9865,360.1386394
N#Cc1ccc(N(C(=O)NCCNc2ccc3ccccc3c2)c2ccc(Cl)cc2)cc1,0.344300774,2.300776631,-8.8,-9.1,6.32468,440.140389
Cc1ccc(S(=O)(=O)C2CCN(c3cc4ccc(Br)cc4cn3)CC2)cc1,0.58415415,2.358756931,-9.3,-8.6,4.74842,444.050711
ON=C1CCOc2c1cccc2N1CCc2cc3c(cc2C1)CCCC3,0.623572645,2.788695623,-9.4,-8.9,4.0889,348.183778
N#Cc1cncc(CN2C(=O)Cc3cc(-c4csc(N)n4)ccc32)c1,0.78571762,2.643832005,-8.8,-8.2,2.74828,347.084081
Cc1cn2ccnc(C(=O)NS(=O)(=O)c3ccc4cccc(N)c4c3)c2n1,0.523114323,2.636479403,-9.4,-8.9,1.89182,381.0895603
Cn1c(=O)oc2ccc(NCCc3cnc4c(Cl)cnn4c3)cc21,0.615673901,2.783958556,-8.1,-8.1,2.4822,343.0836024
Cc1cnccc1CCNc1ccc2nccc(O)c2c1,0.76905583,2.364561149,-7.3,-7.7,3.29842,279.1371622
Oc1c(I)cccc1C(F)(F)Nc1nc(-c2ccccn2)nc2sccc12,0.29949803,3.051915173,-9.6,-8,5.2249,495.9666364
O=C(CCc1ccc([N+](=O)[O-])cc1)OCc1ccc2ccncc2c1,0.388120558,2.069114698,-6.9,-7.4,3.819,336.111007
Cc1c(N2C(=O)CNC(=O)c3cc(Br)ccc32)ccc2cccnc12,0.682308871,2.548392515,-8.6,-8.2,3.71382,395.0269388
O=Cc1ccc(S(=O)(=O)NC(=O)Nc2cccc3cc(S(=O)(=O)F)ccc23)c(Cl)c1,0.433944866,2.528752082,-9.6,-8.7,3.4743,469.980934
O=c1[nH]cnc2ccc(NC(=S)c3ccc(O)c(Cl)c3)cc12,0.628983457,2.498161322,-7.9,-8.2,3.0697,331.0182252
Nc1cccc(Br)c1OC(=O)c1ccc(F)c2ccncc12,0.426681418,2.441883407,-8.2,-7.9,3.9378,359.9909679
N#Cc1ccc(NC(F)Oc2cccc3c2CCCN3)c(N)c1,0.458442644,3.334754732,-7.9,-7.9,3.24258,312.1386394
N#Cc1ccc(N)c(NC(F)Oc2cccc3c2CCCN3)c1,0.458442644,3.347713473,-8,-7.6,3.24258,312.1386394
O=C(NS(=O)(=O)c1ccc(Cl)cc1O)C(=O)N1C(=O)Cc2ccc(C(=O)O)cc21,0.58937849,2.831836519,-9.9,-8.7,0.6646,437.992464
Cn1c(/C=C/C(=O)Oc2ccc3c(F)nccc3c2)cc2ccccc21,0.237658129,2.622857182,-8.8,-8.7,4.4844,346.1117559
Cc1nc2ccccc2c(=O)n1-c1ccc(N2CCC(c3cccc(O)c3)CC2)cc1,0.526917217,2.195025242,-9.9,-9.3,4.78372,411.194677
CS(=O)(=NS(=O)(=O)OC(=O)Cc1ccc2cnccc2c1)c1cccc(Br)c1,0.550733626,3.331924225,-9.1,-8.2,3.4847,481.9605757
Nc1ccnc(C2CCCN2c2cccc(Oc3cccc(C=O)c3)c2)n1,0.692613446,3.041262139,-8.8,-8.3,4.0051,360.1586259
Clc1ccc2cc(NCc3cccc(I)c3)ccc2c1,0.562032187,1.894185026,-8,-7.4,5.7099,392.9781251
O=C(Oc1ccc(F)c(CBr)c1F)c1nccc2c1[nH]c1ccccc12,0.28651664,2.638275435,-8.9,-8.4,5.1084,415.9971961
O=C(NC1CCN(c2cccc(Cl)c2)CC1)C(=O)N1C(=O)Cc2ccc(C(=O)[O-])cc21,0.710111734,2.925902643,-9.2,-9.5,0.9044,440.101872
c1cc(NCc2ccc3occc3c2)c2sncc2c1,0.593092575,2.615934257,-7.7,-7.7,4.6546,280.067034
O=C(Nc1cc(Cl)cc2[nH]cnc12)C(=O)N1CCC(=C2c3ccccc3CCc3cccnc32)CC1,0.370411841,2.949405901,-11.5,-9.4,4.7729,497.1618527
N#Cc1cc(NC(=O)C(=O)N2CCOc3cc(O)ccc32)cc(-c2ccccc2)c1,0.643929617,2.47636634,-9.9,-9.3,3.29498,399.121906
CN1C(=O)Cc2ccc(OC(=O)Cc3ccc4c(c3)NCC4)cc2C1=O,0.520245344,2.574001215,-9.3,-9,1.9574,350.1266571
Cc1nn(-c2ccccc2)c2nc(OC(=O)CCc3ccc4[nH]ccc4c3)c(C=O)cc12,0.318760401,2.727163728,-8.6,-8.7,4.56092,424.1535405
CC(NC(=O)c1ccc2c(c1)-c1ccccc1C2)c1ccc2c(c1)CC(=O)N2,0.568114577,2.718185829,-10.1,-9.7,4.2434,368.1524779
O=C(Nc1nc(-c2ccc(I)cc2)cs1)C(=O)N1CCc2c(C3CC3)cccc21,0.402185168,2.605919046,-9.2,-8.7,4.8199,515.0164458
O=C(NC(=O)c1cccc([N+](=O)[O-])c1Br)C(=O)Nc1ncnc2scc(-c3ccccc3)c12,0.233005387,2.738079755,-10.2,-8.9,3.9241,524.9742516
CS(=O)(=O)c1ccc(C(=O)CN(c2cccc(C(=O)O)c2)c2nc3ccccc3c(=O)[nH]2)cc1,0.387550922,2.601766356,-10.3,-9.4,3.0458,477.0994563
Nc1ccc(C(=O)N(c2ccc(C(=O)c3cnc4ccccc4c3)cc2)c2cccc3cccnc23)cc1,0.216126741,2.51394553,-11.3,-9.1,6.5747,494.1742759
O=C(CBr)c1ccc(N2C(=O)CN=C(c3ccccc3)c3cc(Br)ccc32)c(Cl)c1,0.289263601,2.562041454,-8.8,-8,6.1958,543.9188796
CCC(=O)c1ccc2c(c1)N(c1cc(Cl)cc(Oc3ccccc3C=O)c1)c1ccccc1S2,0.17810791,2.607184232,-9.5,-9,8.4719,485.0852422
N#Cc1cccc(C(=O)CN2C(=O)CCCc3cc(-c4csc(N)n4)ccc32)c1,0.668888614,2.477416729,-9.6,-8.6,3.81618,402.1150468
Nc1ccc(C(=O)N(c2ccnc3cc(I)ccc23)c2cccc3cccnc23)cc1,0.237824286,2.597954473,-8.8,-8,5.9483,516.0447092
COc1cc(N2CCN(Cc3nc4sc5c(c4c(=O)[nH]3)CCCC5)CC2)c2cnccc2c1,0.499106426,2.671516224,-9.4,-9.2,3.7424,461.1885461
O=C(NC(=NO)c1ccc(-c2ccccc2)cc1)Nc1ccccc1CCc1ccccc1[N+](=O)[O-],0.098781066,2.483953263,-9.7,-9.1,6.0045,480.1797552
O=c1[nH]c2ccccc2c2c1CN(c1ccc3cn[nH]c3c1)CC2,0.56727744,2.469119261,-9.6,-9.2,2.9671,316.1324111
N[C@@H]1CCC[C@@H]1Nc1cc(S(N)(=O)=O)cc2ccccc12,0.804677932,2.95183524,-7.7,-7.7,1.7789,305.1197978
N[C@@H]1CCC[C@@H]1NC(=O)C(=O)NS(=O)(=O)c1cc(F)c2ccccc2c1,0.681273299,3.231376227,-9.3,-8.5,0.7798,379.1002053
NN(CC(=O)c1cccc(Cl)c1)c1cccc2ccncc12,0.455286385,2.438138742,-8.2,-7.3,3.4512,311.0825397
O=C(NCc1cc2ccc(F)cc2[nH]c1=O)c1ccccc1C(=O)c1ccc2c(c1)OCCO2,0.445652517,2.372028502,-9.8,-9.7,3.5994,458.1277999
CC(N)c1ccc2c(c1)CC(=O)N2c1cccc(C(O)c2cccc(Cl)c2)c1,0.678006579,3.098043596,-9.4,-9,4.6622,392.1291556
O=[N+]([O-])c1c(N2CCc3cc(OCc4ccccc4)ccc3C2)ccc2ncccc12,0.329897161,2.305800745,-9.8,-8.9,5.2847,411.1582915
Cc1nn(-c2ccccc2)c2nc(NC(=O)c3ccc4c(c3)CCN4)c(C=O)cc12,0.512005247,2.607685173,-9.9,-9.5,3.76172,397.1538748
NCCN(c1ccc2ccccc2c1)c1cccc2c1-c1ccccc1CO2,0.518483439,2.493011066,-8.8,-8.6,5.496,366.1732133
O=C(c1ccc(NCc2cc3ccc(Br)cc3cn2)cc1)c1cccc(Cl)c1,0.352421104,2.165151134,-9.2,-8.2,6.4938,450.0134529
Fc1cccc(C(Nc2cc(F)cc3ccncc23)c2ccc(Cl)cc2)c1,0.444758272,2.711574003,-9.1,-8.5,6.3679,380.0891826
CC(NS(=O)(=O)c1cc(Cl)cc2cccnc12)c1ccc2[nH]c(=O)[nH]c2c1,0.487040682,2.978967292,-9.1,-8.7,3.0973,402.055339
CC(C)c1ccc(C(NC(=O)c2cc3c(cn2)Cc2ccccc2-3)c2ccc(Cl)cc2)cc1,0.313230664,2.784332133,-10.2,-9,6.949,452.1655411
O=C(NCc1ccc2nccnc2c1)C(=O)Nc1c(Cl)ccc2ccncc12,0.522949714,2.432026348,-9.4,-9,3.0863,391.0836024
O=S(=O)(Nc1cccc2cc(Cl)ncc12)c1ccc2[nH]nnc2c1,0.547539586,2.679165245,-9.2,-8.3,2.9603,359.0243732
Cc1ccc(S(=O)(=O)c2ccc(NNC(=O)N3C(=O)CN=C(c4ccccc4)c4cc(Br)ccc43)cc2)cc1,0.292762495,2.742664379,-11.1,-10.3,5.51102,602.0623383
O=Cc1c2ccccc2c(N2CCc3cc(F)c([N+](=O)[O-])cc3C2=O)c2ccccc12,0.203209965,2.695819788,-10.1,-9.3,5.0557,414.1015852
Cc1cc2c(=O)[nH]cnc2cc1N(N)c1cccc2cnccc12,0.438280662,2.848172603,-8.6,-8.8,2.79152,317.1276601
O=C(Nc1ccc(-c2cccc(F)c2)c(F)c1)N1CCc2cc(O)ccc2C1=O,0.669131581,2.280987248,-9.7,-9.6,4.5678,394.1128988
N#CC(c1ccccc1)c1ccc(NC(=O)NC(c2ccc(F)cc2)c2cccc(Cl)c2)cc1,0.317616901,2.955977084,-10.1,-7.9,7.04568,469.1357182
N#CC(c1ccccc1)c1ccc(Nc2cccc(C(N)c3ccc(F)cc3)c2)cc1,0.395732897,2.938231595,-9,-9.6,6.27288,407.1797759
N#Cc1cccc(Nc2cccc(NC(=O)Nc3ccc(Oc4ccnc5ccccc45)cc3)c2)c1,0.241513313,2.231582944,-10.4,-10.9,7.28638,471.1695249
O=C(O)c1cc2cc(N3CCc4ccc(OCc5ccccc5)cc4C3)c(F)cc2[nH]1,0.472435647,2.385591396,-9.6,-9.2,5.1469,416.1536208
Cc1c(C(=O)O)sc2ncnc(NCC(=O)c3ccc4c(c3)Cc3ccccc3-4)c12,0.408841884,2.546055965,-8.8,-9.5,4.56392,415.0990624
Cc1c(C(=O)OCC(=O)c2ccc3c(c2)Cc2ccccc2-3)sc2ncnc(N)c12,0.349249749,2.46012287,-9.4,-9.1,4.19282,415.0990624
NS(=O)(=O)c1ccc(Oc2ccc(Nc3ccc(C(=O)c4cnc5ccccc5c4)cc3)cc2)cc1,0.282357972,2.192523678,-10.4,-10.4,5.6491,495.1252772
Nc1ccc(Oc2ccc(S(=O)(=O)Nc3ccc(C(=O)c4cnc5ccccc5c4)cc3)cc2)cc1,0.223218984,2.198661251,-10.2,-8.9,5.6411,495.1252772
O=C(CNC(c1ccccc1)c1nc2ccccc2o1)c1c[nH]c2ncccc12,0.428674309,2.945311284,-9.9,-7.9,4.266,382.1429758
O=C(O)c1ccc(N(c2ncnc3ccccc23)c2c[nH]c3nc(Cl)nc(Cl)c23)cc1,0.279189248,2.831313384,-9,-8.2,5.3759,450.039879
O=C(Oc1nc(Cl)c2c(I)c[nH]c2n1)c1ccc(Nc2ncnc3ccccc23)cc1,0.184409729,2.789892934,-10,-9.4,5.1219,541.9754993
CCOC=C1C(=O)N(c2cc3[nH]ncc3cc2[N+](=O)[O-])C(=O)c2ccccc21,0.245030193,2.825390407,-8.4,-8.8,3.0355,378.0964195
O=C(Nc1ccccc1-n1ncc2c(=O)[nH]cnc21)C(=O)N1CCC(=O)c2cc[nH]c2C1=O,0.381043087,3.167088672,-10.3,-9.6,0.6308,445.1134666
O=c1[nH]c(CN(Cc2ccccc2)c2c(Br)cc([N+](=O)[O-])cc2Br)nc2ccccc12,0.253596908,2.642447585,-9.1,-8.5,5.5631,541.9589146
Cn1cc(C2=C(c3cccc(N)c3)C(=O)N(C(=O)C(=O)Nc3ccc4cnccc4c3)C2=O)c2ccccc21,0.214040393,2.885204919,-11.5,-9.1,3.7536,515.1593542
N#Cc1cccc([C@H]2C[C@H](NC(=O)Nc3ccc(C(=O)Nc4cccc5cccnc45)cc3)C2)c1,0.368482247,2.34961749,-9.9,-9.5,5.42648,461.185175
Cc1n[nH]c(-c2ccc(NC(=O)N3C(=O)CN=C(c4ccccc4)c4cc(Br)ccc43)cc2)n1,0.402743292,2.837537607,-9.8,-8.3,4.95872,514.0752859
O=C(O)c1cccc(N(c2nc3ccccc3c(=O)[nH]2)c2ccc(F)c3[nH]ccc23)c1,0.395246239,2.789404654,-9.8,-8.6,4.7115,414.1128186
O=Cc1c(NN2C(=O)c3cccc4cccc(c34)C2=O)c2ccccc2[nH]c1=O,0.418300326,2.63686937,-9.8,-9.6,3.1169,383.0906059
O=C1CCCc2cc(OC(=O)c3ccc4c(c3)C(=O)Nc3ccccc3O4)c(S(=O)(=O)Cl)cc2N1,0.300877317,2.82524693,-11.6,-10.3,4.4661,512.0444996
N#Cc1ccc(N(N)c2ccc3[nH]c4c(c3c2)CCCC4=O)cc1,0.558787926,2.761800697,-9.1,-8.8,3.57038,316.1324111
N#Cc1ccc(Oc2ccc(NCc3ccc(-n4cnc5ccccc54)cc3)c(F)c2)cc1,0.333989527,2.261161902,-9.3,-9.1,6.44068,434.1542894
Cc1ccc(C(NC(=O)N2C(=O)c3cccc4c(S(=O)(=O)Cl)ccc2c34)c2cccc(Cl)c2)cc1,0.322373219,3.031201435,-11.1,-9.5,6.18852,524.0364334
NN(c1ccccc1C(=O)c1cccc2ccccc12)c1cccc2cnccc12,0.245783286,2.421305851,-8.9,-8.1,5.6308,389.1528122
Cc1ccc2cc(CNCc3ccc(-c4ccc5c(c4)CCCO5)cc3)c(Cl)nc2c1C,0.345429502,2.43559946,-10.2,-8.9,6.78684,442.1811912
CNCc1ccc(Cl)cc1Oc1ccc(F)c(OC(=O)c2cc3c(cn2)Cc2ccccc2-3)c1,0.235179467,2.628614687,-10.2,-8.8,6.1762,474.1146484
Nc1cc(N2CC=C(c3cccc(OC(F)(F)F)c3)CC2)cc2ccccc12,0.59633698,2.539894852,-9.1,-9.6,5.6143,384.1449479
O=C(c1nccc2c1[nH]c1ccccc12)N1c2ccccc2CC1Cc1ccccc1,0.430533351,2.877259617,-9.2,-9,5.5303,403.1684623
CC1c2[nH]c3ccccc3c2CCN1C(=O)C(=O)Nc1ccncc1-c1ccncc1,0.492136926,3.085799082,-9.9,-8.4,3.7093,411.1695249
NS(=O)(=O)c1ccc(OCc2ccccc2Nc2cccc(-c3ccc4ccccc4c3)n2)cc1,0.303082909,2.229312705,-10.1,-9.3,5.8718,481.1460126
N#Cc1c(NC(=O)c2nc3ccccc3c(Cl)c2Br)sc2c1-c1ccccc1CC2,0.341208669,2.778107843,-9.8,-9.9,6.60178,492.9651228
CN(C(=O)C(=O)NC1c2ccccc2-c2ccccc21)c1ccc2[nH]ccc2c1,0.515300879,2.549678658,-9.4,-9.9,4.0169,381.1477268
Brc1ccc(NNc2ccc3nccnc3c2)c2cnccc12,0.527152707,2.508232759,-8.7,-8.2,4.3795,365.0276075
O=S(=O)(Nc1nccc2occc12)c1ccc2c(c1)Cc1ccccc1-2,0.522026522,2.415435967,-9.2,-8.6,4.1998,362.0725133
O=C(NCc1cccc(-c2cccc(O)c2)c1)C(=O)N1C(=O)CCCc2cc(Cl)c(S(=O)(=O)Cl)cc21,0.374138955,2.800902802,-11,-9.8,4.1524,546.0419127
O=C(NCCc1ccc2ncsc2c1)N(Cc1ccccc1)c1ccc2[nH]c(=O)[nH]c2c1,0.362492734,2.587597094,-9,-8.8,4.4248,443.1415959
Nc1cnc2c(OC(=O)c3ccc(-c4cccc(Cl)c4)cc3)cccc2c1Cl,0.332498007,2.212246391,-9.3,-8.9,6.01,408.043233
O=C(/C=C/c1ccnc2ccccc12)OCC(=O)c1cc2ccccc2[nH]1,0.331107799,2.316363937,-7.6,-7.6,4.1554,356.1160924
N#Cc1ccc2cc(C(=O)Oc3cc4nc[nH]c4cc3C(F)(F)F)ccc2c1,0.398610157,2.553327506,-9.7,-9.4,4.82578,381.0725112
N#Cc1cc(F)cc(NNC(=O)C(=O)Nc2cccc(-c3ccc(F)c(F)c3)c2)c1,0.451406141,2.397589967,-10,-9.3,3.72438,410.0990603
O=C(Oc1ccc(Br)c2ccncc12)c1ccc(Nc2ncnc3ccccc23)cc1,0.259763604,2.318724836,-9.7,-9.2,5.9033,470.0378378
N#Cc1cccc(OS(=O)(=O)NC(=O)/C=C/c2ccc3ncccc3c2)c1,0.682513178,2.549742146,-8.8,-8.7,2.55968,379.0626769
CC(NC(=O)C(=O)Nc1cccc2c1C(=O)NC2=O)c1ccc2ncsc2c1,0.463931543,3.020599613,-9.5,-8.3,1.9958,394.0735759
Nc1nc(-c2ccc3c(c2)CC(=O)N3C(=O)C(=O)NS(=O)(=O)c2ccc(F)c3cnccc23)cs1,0.396296806,3.076873403,-10.4,-9.8,2.0004,511.0420388
CS(=O)(=O)c1ccc(C(=O)N(N)c2ccc3sncc3c2)cc1,0.445351245,2.684973186,-7.7,-7.3,2.2203,347.0398333
O=C(Nc1cccc(-c2nc3cc(Cl)ccc3[nH]2)c1)C(=O)N1CC=C(c2c[nH]c3ccc(F)cc23)CC1,0.26774023,2.781485658,-11.5,-11,5.7581,513.1367808
O=C(Nc1ccc(Sc2ccccn2)nc1)C(=O)N(Cc1ccccc1)c1ncnc2[nH]cnc12,0.352053909,2.976463727,-9.6,-8.4,3.466,482.1273428
O=C1Cc2ccccc2C2(CCN(C(=O)Nc3nccc4ncccc34)CC2)N1,0.672185672,3.125322744,-9.5,-9.4,2.8253,387.1695249
O=Cc1c(F)cc(N2CCc3[nH]c4ccc(C(=O)O)cc4c3C2)cc1Cl,0.680569338,2.681601671,-9.2,-8.9,4.0338,372.0676982
Nc1cccc2c1CC(=O)N2C(=O)C(=O)Nc1c[nH]c2ccc(Br)cc12,0.420998567,2.868858573,-9.2,-8.8,2.567,412.0171024
O[C@@H]1CCC(Nc2cscc2Cl)CC[C@@H]1O,0.717225477,3.680419233,-6.2,-6.2,2.4778,261.0590274
CC(C)c1ccc(-c2csc(Nc3ccc(F)c4ccncc34)n2)cc1,0.457999514,2.267786413,-9.3,-8.4,6.3644,363.1205468
Cn1cc2cc(OC(=O)c3cc([N+](=O)[O-])cc4ccccc34)ncc2n1,0.319972941,2.647479386,-9.5,-9.2,3.2489,348.0858549
O=[N+]([O-])c1c(Br)cccc1Nc1ccc(Cl)cc1-c1cccc(Cl)c1,0.350181072,2.264276291,-8.4,-7.9,7.0747,435.9380951
O=Cc1ccc(OC(=O)c2cnc3c(F)ccc(F)c3c2)c(Br)c1F,0.363994424,2.735696721,-8.4,-8.7,4.4463,408.9561398
NCc1cccc2c1CCN2C(F)(F)Oc1cccc2c(O)ccnc12,0.700558296,3.068114313,-8.7,-8.5,3.3909,357.1288832
N#Cc1ccc(C=O)c(OC(=O)c2cccc3c4c([nH]c23)CCNC4)c1,0.432274842,2.78695072,-8.9,-8.4,2.71698,345.1113413
O=C(OCc1ccc(Cl)c2ccccc12)c1ccc(-c2cccc3cccnc23)cc1,0.290145506,2.077212917,-9.6,-9.4,7.0654,423.1026065
Nc1cccc2c1N(c1cccc(C(Br)c3ccccc3)c1)CCNC2=O,0.477966263,2.937857435,-9.2,-9.8,4.6346,421.0789744
CS(=O)(=O)c1ccc(C(=O)CN2CCC(c3cc4ccccc4[nH]3)CC2)cc1,0.668748186,2.238728891,-8.3,-9,3.6337,396.1507636
O=C(/C=C/c1ccc2[nH]ccc2c1)Nc1ccc2c(c1)CCC(=O)N2CC1CC1,0.634871149,2.537484152,-9,-8.6,4.509,385.179027
Cc1cc(OC(=O)c2ccc(-c3cnc4c(c3)CCC4)cc2)ccc1C1=CCNCC1,0.477857015,2.619090517,-9.7,-9.7,5.14162,410.1994281
N#Cc1ccc(Oc2ccccc2F)c(N2CCC(c3ccnc4ccccc34)CC2)c1,0.37989792,2.392111497,-10.4,-9.6,6.42188,423.1746905
O=C(Nc1ccc2c(c1)CCC(=O)N2CC1CC1)N1CCN(c2ccc3[nH]cnc3c2)CC1,0.643969305,2.639391526,-9.6,-9.2,3.6062,444.2273741
CN(C(=O)C(=O)Nc1ccc2ccncc2n1)c1ccc2cc(Br)ccc2c1,0.480462209,2.537435429,-9.5,-9.1,4.147,434.0378378
O=S(=O)(NS(=O)(=O)c1ccc(OC(F)(F)F)cc1Cl)c1cc(F)c2ccccc2c1,0.549385888,2.572891127,-9.6,-9,4.1981,482.962505
CCOC=C1C(=O)N(c2cc(CN)c3c(c2)COCO3)C(=O)c2ccccc21,0.498030533,2.897002737,-8.2,-8.4,2.5762,380.1372217
O=C1CCCc2cc(Br)c(S(=O)(=O)NC(F)(F)Oc3ccc4c(O)ccnc4c3)cc2N1,0.341956154,3.147792684,-10.1,-9,3.8853,526.9962102
Cc1ccncc1C(=O)CNc1c(-c2ccccc2)[nH][nH]c1=O,0.631106339,2.6137125,-8.3,-8.3,2.36822,308.1273258
N#Cc1ccc(N2C(=O)NC3(CCN(Cc4ccccc4)CC3)C2=O)c2ccncc12,0.668806857,3.073023698,-9.7,-9.1,3.19748,411.1695249
O=C(NCc1cc2ccc(Br)cc2cn1)C(=O)N1C(=O)CCCc2cc(C(=O)CCl)ccc21,0.314430105,2.86906437,-10,-9.5,3.9311,527.0247459
Cc1cc(N2CCc3cc(F)c([N+](=O)[O-])cc3C2=O)nc2cc(O)ccc12,0.552295456,2.6824275,-9.5,-8.8,3.49902,367.0968341
Fc1ccc(-n2c(S)nnc2-c2ccc(Cl)cc2Nc2ccc(-c3nnco3)cc2)cc1Cl,0.270232533,2.742905175,-9.2,-8.6,6.4625,498.0232636
Nc1cc(Nc2ccc(Cl)c(S(=O)(=O)Nc3cccc(Cl)c3)c2)ccn1,0.576019676,2.214752988,-8.8,-8.1,4.515,408.021452
O=C(Nc1ccc(Cl)c(S(=O)(=O)Nc2cccc(Cl)c2)c1)C(=O)Nc1cc(I)ccn1,0.30125009,2.438718373,-9.8,-8.7,4.371,589.9079293
O=c1[nH]cnc2cc(N3CCc4[nH]c5ccc(Br)cc5c4C3)ncc12,0.518445218,2.810028054,-8.8,-8.7,3.1246,395.0381722
N#Cc1ccc(Sc2ccc(OC(=O)c3ccc4cc(C#N)ccc4c3)cc2)cc1,0.309029803,2.266950425,-9.8,-9.3,5.95356,406.0775987
O=C(CBr)c1ccc(S(=O)(=O)Nc2c(Br)ccc(F)c2C(F)F)cc1,0.45273338,2.607604164,-8,-7.7,4.9042,498.870023
Cc1ccn2cc(-c3ccc(NC(=O)C(=O)NC(=O)c4ccc5c(c4)CCN5)cc3)nc2c1,0.425517938,2.620774811,-9.9,-9.9,3.17282,439.1644395
O=C(CNc1cccc2sccc12)c1cccc2ccccc12,0.514080019,2.086179592,-8.7,-8.3,5.3493,317.0874351
O=C1c2cccc3c(S(=O)(=O)Cl)ccc(c23)N1c1cnc(Cl)nc1-c1c[nH]c2ccccc12,0.257827538,2.842129752,-9.6,-9.1,5.6509,494.0007166
N#Cc1cccc(N2CCN(CC(=O)c3cccc4ccccc34)C2=O)c1,0.668123867,2.235375666,-9,-8.5,3.83638,355.1320768
O=C1Cc2cc(CNC(=O)C(=O)N(Cc3ccccc3O)Cc3ccccc3O)ccc2N1,0.434767571,2.561516823,-9.1,-8.8,2.4376,445.1637708
N#CC(C(=O)CCl)=C1NC(=O)c2ccccc2N1c1ccc2snc(N)c2c1,0.389634901,3.202910174,-8.5,-7.8,3.30308,409.0400233
O=C(/C=C/c1cnc2ccccc2c1)Oc1cncc2cccnc12,0.422901049,2.455072442,-8.8,-8.5,3.7968,327.1007767
N#Cc1ccc(-c2ccc3c(c2)N(C(=O)C(=O)Nc2ccc(-c4ccnc5ccccc45)cc2)CCO3)s1,0.302910061,2.755424948,-10.2,-10.4,5.86608,516.1256115
Nc1cc([N+](=O)[O-])ccc1N(C(=O)CCc1c(-c2ccccc2)[nH]c2ccc(Br)cc12)c1ccccc1,0.124149572,2.615295493,-9.5,-9.2,7.3853,554.0953527
O=Cc1cccc(N2C(=O)Cc3cc(S(=O)(=O)Cl)ccc32)c1Br,0.569857871,2.755924388,-8.1,-7.7,3.4099,412.9124185
O=C(c1cc2ccc(F)cc2[nH]1)N1CC=C(c2cccc(OC(F)(F)F)c2)CC1,0.61506655,2.54309494,-9.8,-8.9,5.1351,404.1147906
O=S(=O)(Nc1ccc(S(=O)(=O)c2ccc(Br)cc2)cc1)c1ccc2c(c1)Cc1ccccc1-2,0.312412237,2.221934008,-10.1,-10.2,5.6539,538.9860622
Cn1cc(OC(=O)c2ccc3ccc(Br)cc3c2)c2cnccc21,0.472705506,2.349371934,-8.7,-8.7,4.7082,380.0160398
Cc1ccnc2c(C(=O)N3C(=O)NC(=O)C34CCCN(C(=O)c3ccc(C(=O)c5cccc(O)c5)cc3)C4)cccc12,0.284786999,3.819847145,-11.6,-11.4,3.84682,562.1852346
O=C(NCc1ccc(-c2ccc3c(c2)CCCO3)cc1)C(=O)Nc1ccc(CN2CCN(Cc3ccccc3)CC2)cc1,0.281391523,2.397157139,-9.8,-9.8,5.2513,574.2943911
Cc1ccc2c(c1)C(=O)NCCN2c1c2ccccc2c(C=O)c2ccccc12,0.393432648,2.556181405,-9.9,-10.3,4.99542,380.1524779
N#Cc1ccc(NC(=S)c2cc(F)cc(F)c2)c2ccncc12,0.71843558,2.611755158,-8.2,-8.3,4.17228,325.0485247
Oc1cc2c(cc1Br)CN(c1cc3ccccc3nc1Cl)CC2,0.600209992,2.521278934,-8.5,-8.4,4.919,387.9978028
COC(=O)c1ccc2cc(NS(=O)(=O)c3cccc(C#N)c3)ccc2c1,0.714798298,2.021424642,-9,-8.8,3.29888,366.0674279
O=C(O)CCC(=O)c1ccc2c(c1)CCC(=O)N2Cc1cc2ccccc2[nH]c1=O,0.614184345,2.364842902,-9.3,-9.2,3.055,404.1372217
CS(=O)(=O)[C@H]1CC[C@@H](Nc2cc(Cl)ccc2C(=O)c2ccc(F)cc2)CC1,0.739413546,2.282329039,-9.1,-7.6,4.4778,409.0914704
CS(=O)(=O)c1cccc(N(N)CC(=O)c2ccc3ccccc3c2)c1,0.432848486,2.288758269,-8.9,-8.7,2.8063,354.1038134
Cc1cc(NS(=O)(=O)c2cnc(-c3ccccc3)nc2)c2cnccc2c1,0.58549052,2.273106435,-8.7,-8.6,3.80102,376.0993968
N#Cc1ccc2c(c1)N(c1cccc(Cl)c1[N+](=O)[O-])C(=O)C2=O,0.478765717,2.636715597,-8.2,-7.7,2.98088,327.0046834
N#Cc1ccc2c(c1)N(c1cccc(F)c1[N+](=O)[O-])C(=O)C2=O,0.481087292,2.595522191,-8.4,-7.7,2.46658,311.0342339
O=C(NCc1ccc2c(c1)CNC2)C(=O)N1CCN(c2nsc3ccccc23)CC1,0.631611013,2.653905501,-9.8,-8.9,1.8645,421.157246
N#CC(c1ccccc1)c1ccc(N2CCc3cccc(Br)c32)cc1,0.566267887,2.800523327,-8.6,-9,5.79878,388.0575106
N[C@H]1C[C@H](c2ccc(N3C(=O)c4cccc(Br)c4C3=O)c(Cl)c2)C1,0.764899893,2.488908328,-8.6,-8.4,4.1078,403.9927175
N#Cc1ccc(C(CF)NC(=O)Nc2cc(C#N)cc(-c3ccccc3)c2)cc1,0.653622382,2.824869939,-9.3,-8.1,4.92926,384.1386394
O=S(Cc1cccc(Nc2c(O)ccc3cc(Br)ccc23)c1)c1ccccc1,0.346677889,2.892662752,-9.6,-8.4,6.3593,451.0241619
O=C([O-])c1ccc2c(c1)N(Cc1cccc3ccccc13)C(=O)C2,0.744687542,2.454919761,-9.1,-8.9,2.2926,316.0979169
Cc1ccc(C2=CCN(c3cc4c(nn3)-c3ccccc3C4=O)CC2)cn1,0.549453651,2.6921801,-9.7,-9.6,3.68512,354.1480612
CC1CCc2c(sc3nc(C(C)Nc4ccc5cc(Br)cnc5n4)[nH]c(=O)c23)C1,0.441018338,3.563159782,-10.2,-9.7,4.9882,469.0571934
Cc1cc2cc(CNS(=O)(=O)c3ccc([N+](=O)[O-])c4cccnc34)ccc2n1C,0.400656288,2.526892272,-9.3,-8.1,3.42162,410.1048761
O=C(c1ccc2[nH]cnc2c1)N1CCN(c2cc3c(=O)[nH]cnc3cc2F)CC1,0.543033511,2.635457229,-9.5,-10.2,1.9009,392.139702
Cc1cccc2cc(C=O)c(N3C(=O)CCc4cc(C(=O)CCl)ccc43)nc12,0.374962132,2.742019034,-9.3,-7.8,4.38812,392.0927701
O=C(COC(=O)c1cccc2c1oc1ccccc12)c1ccc2c(c1)OCCO2,0.381107317,2.218949446,-9.3,-8.8,4.3969,388.0946882
Cc1cc(Nc2cccc(C(O)c3cccc(F)c3)c2)c2cccnc2c1C,0.474643988,2.700813116,-9.6,-9.4,5.81604,372.1637915
O=C(Nc1ccc([N+](=O)[O-])cc1C(=O)c1ccccc1)C(=O)Nc1c(Br)cc(Cl)c2occc12,0.146752033,2.65221008,-9.7,-9.1,5.5651,540.9676249
Cc1ccc2cnccc2c1NC(F)Oc1cc(F)cc(Br)c1,0.500596963,3.217834323,-7.9,-8.5,5.18882,378.0179316
O=C(OS(=O)(=O)c1ccc2[nH]c(=O)[nH]c(=O)c2c1)c1nc2ccccc2cc1Cl,0.472410961,2.699728169,-9.7,-9.4,1.9637,430.9978837
Cc1ccncc1C1=CCN(c2ccc(-n3c(C)nc4ccccc4c3=O)cc2)CC1,0.493434215,2.501952934,-9.6,-9.3,4.69124,408.1950114
CS(=O)(=O)c1ccc(C(=O)Oc2ccc3oc4ccccc4c3c2)c(N)c1,0.329204164,2.196106124,-9.1,-9.2,3.7909,381.0670936
O=C1CCOc2cc(N3CC=C(c4ccccc4C(F)(F)F)CC3)c(Cl)cc21,0.646941346,2.739751069,-8.9,-9,5.6177,407.0899911
O=C(CNc1cncc2c(Cl)cccc12)c1cccnc1,0.747925755,2.311777794,-7.6,-7.3,3.578,297.0668897
O=c1c2ccccc2ncn1C1CCCN(c2ccc3ccncc3c2Br)C1,0.463809322,2.939740447,-8.9,-8.2,4.5487,434.0742233
Nc1nc(-c2ccc3c(c2)CCC(=O)N3C(F)(F)c2cnc3c(c2)C(=O)CCC3)cs1,0.612436212,3.131879228,-10.3,-9,4.335,440.1118533
Fc1ccc(-n2c(S)nnc2-c2ccc(Cl)cc2Cl)cc1N1CCc2ccc(OC(F)F)cc2C1,0.283594056,2.782133643,-9.5,-8.9,6.833,536.0452222
NCc1ccc2c(NC(=O)C(=O)NCC=Cc3cccnc3)noc2c1,0.597911688,2.716693489,-8.3,-7.6,1.4496,351.1331394
CCCCCCCCC/C=C/C(=O)Oc1cc(F)cc2ccncc12,0.230588988,2.448801236,-6.5,-6.8,5.9762,343.1947573
Brc1cc2ccncc2cc1N1c2ccccc2C=Cc2ccccc21,0.303204764,2.563866453,-9.1,-9.1,6.9509,398.0418606
Fc1cc2cnccc2cc1N1c2ccccc2C=Cc2ccccc21,0.355021059,2.495301018,-9.2,-9.4,6.3275,338.1219267
N#Cc1cccc2c1N(C(=O)Nc1c(Cl)ccc3cnccc13)C(=O)C2,0.711292852,2.825134895,-9.4,-9.5,3.88108,362.0570533
N#Cc1cccc2c1N(C(=O)C(=O)Nc1c(Cl)ccc3cnccc13)C(=O)C2,0.643338709,2.913541332,-9.4,-9,2.81428,390.0519679
Fc1ccc(C2=CCC(Nc3ccncc3F)CC2)cc1,0.903789913,2.830219327,-7.7,-8,4.4078,286.128155
Cc1cc(C)cc(C2=CCN(Cc3ccc([N+](=O)[O-])c4cccnc34)CC2)c1,0.474266736,2.530988314,-8.7,-8.7,5.04914,373.179027
O=C(Oc1ccc(OCc2ccccc2)cc1)c1cc2c(=O)[nH]cnc2cn1,0.426662375,2.267528933,-9,-8.3,3.1163,373.106256
CS(=O)(=O)c1ccc(Oc2ccc(Nc3cc(Br)cc4c3OCCC4=O)cc2)cc1,0.521429673,2.460987336,-9,-8.3,5.3537,487.0089058
O=S(=O)(Cl)c1ccc2cc(N3CCc4[nH]c5c(Br)cccc5c4C3)ccc2c1,0.385426193,2.591537545,-9.2,-9,5.5738,473.9804385
O=S(=O)(Cc1cccc2cccnc12)NCc1cccc2[nH]ncc12,0.578007656,2.443490014,-8.6,-7.5,2.7307,352.0993968
Oc1cc2c(cc1Br)CN(c1cc(Br)c3ccncc3c1)CC2,0.584255652,2.688156556,-8.3,-8.1,5.0281,431.9472873
N#Cc1ccc(C(NC(=O)C(=O)Nc2ccc(Oc3ccnc4ccccc34)cc2)C(F)(F)F)cc1,0.371738037,2.940852036,-9.9,-9.9,5.25708,490.1252751
Oc1cccc(-c2cccc(CNc3ccc(NCc4ccccc4)cc3)c2)c1,0.353265732,1.855762596,-8.9,-8.5,6.2834,380.1888634
Cc1[nH]c2ncnc(NCC(=O)c3ccc(S(N)(=O)=O)cc3)c2c1C,0.591967559,2.555542206,-7.9,-8.2,1.51694,359.1052104
Cc1cc2cccc(NC(F)(F)C(F)(F)c3cccc(Br)c3)c2cn1,0.412987015,2.788330166,-8.9,-8.6,6.10242,412.0198234
Nc1ccc2ncccc2c1NS(=O)(=O)c1ccc(Oc2ccc(Cl)cc2)cc1,0.435447847,2.118084013,-9.5,-8.3,5.0635,425.0600901
O=S(=O)(NC[C@@H]1CCc2nccn21)c1cccc2cnccc12,0.793365406,3.178356506,-8.3,-7.6,1.8971,328.0993968
Cn1cnc2cc(CNC(=O)Nc3ccc(-c4nc5ccccc5o4)cc3)ccc21,0.460174227,2.233721935,-9.3,-9.1,4.7032,397.1538748
Cc1ccc(C(=O)N(c2ccc(O)cc2)c2ccc(-c3ccn[nH]3)cc2Cl)cc1,0.457310053,2.412329796,-8.4,-8.5,5.72262,403.1087545
C[C@@H](NC(=O)N1Cc2ccccc2-c2ccccc21)c1ccc([N+](=O)[O-])cc1,0.515356185,2.619498116,-9.4,-9,5.0526,373.1426415
C[C@@H](NC(=O)C(=O)N1Cc2ccccc2-c2ccccc21)c1ccc([N+](=O)[O-])cc1,0.40805142,2.774424343,-10.2,-9.5,3.9858,401.1375561
O=C(NCc1ccc(Cn2cnc3ccccc32)cc1)N1CCc2cc(F)c(F)cc2C1,0.511242998,2.35593941,-10.2,-10,4.6307,432.1761678
O=C(O)CCC(=O)c1ccc2c(c1)CCC(=O)N2c1ccnc2cc(Cl)c(F)cc12,0.598027209,2.527204802,-9,-8.4,4.6857,426.0782629
Cn1ccnc1C1=CCN(C(=O)Cc2ccc3oc4ccccc4c3c2)CC1,0.542869033,2.593261391,-9.4,-9.2,4.1779,371.1633769
Nc1cccc2c1N(c1ccc3c(c1)S(=O)(=O)NC3=O)CCNC2=O,0.641334659,3.032678489,-9.1,-8.7,0.5824,358.0735759
C#Cc1cccc(CNc2ccc(Oc3ccccc3C=O)cc2Cl)c1,0.462546725,2.280955028,-8.5,-8.3,5.5382,361.0869564
O=C(NC(c1ccccc1)c1cccc2ccccc12)N1CC=C(c2cccc(OC(F)(F)F)c2)CC1,0.310556742,2.963151202,-10.3,-9.7,7.3267,502.1868127
Nc1ccc2c(c1)CC(=O)N2C(=O)C(=O)Nc1nccc2c1CNCC2,0.504501796,3.056098097,-8.6,-9,0.3639,351.1331394
O=C(NCc1ccncc1Cl)C(=O)Nc1cccc(-c2cccc(Br)c2)c1,0.58527644,2.118943344,-9.1,-8.5,4.4194,443.0036165
O=Cc1cccc2cc(OC(=O)c3c(Cl)ccc(Cl)c3O)ccc12,0.41014064,2.357537511,-8.4,-8.2,4.8839,359.9956142
Cc1c(C(=O)Oc2ccc(-c3cccc([N+](=O)[O-])c3)nn2)c2ccccc2n1C,0.296730067,2.424796441,-9.2,-8.8,4.07112,388.117155
O=[N+]([O-])c1cccc(C(=S)Nc2ccc(-n3c(S)nc4cc([N+](=O)[O-])ccc43)cc2)c1,0.19145615,2.706426781,-8.9,-8.2,4.9182,451.0408959
Cc1ccc(NC(=O)N(N)c2ccnc3c2ccc2cccnc23)c(Cl)c1,0.230185906,2.588056431,-9.2,-8.6,4.65702,377.1043378
C=Cc1ccc2c(c1)CN(CC(=O)c1ccc3ccccc3c1)C2,0.651765242,2.210850826,-9.3,-8.5,4.6813,313.1466642
N#Cc1cccc(Oc2ccc(NS(=O)(=O)/C=C/c3cccc(Cl)c3)cc2)c1,0.588243024,2.25454466,-9,-7.8,5.41658,410.049191
N#Cc1cccc(NC(=O)N(c2ccccc2)c2ccc3cc(C#N)ccc3n2)c1,0.511132803,2.389527083,-9.8,-8.5,5.34836,389.1276601
NN(C(=O)C(=O)NC(c1cccc2ccccc12)C(F)(F)F)c1cccc(F)c1F,0.221612888,3.270062657,-9.1,-9.1,3.7445,423.1006178
Cc1n[nH]c2ncnc(N(C(=O)c3[nH]nc4ccccc34)C(C)C(=O)O)c12,0.499203185,3.577849883,-8.8,-7.8,1.65752,365.1236373
OC(c1ccccc1F)c1ccccc1Nc1ccnn1-c1cccc(Cl)c1,0.471039169,2.810141385,-8.5,-7.9,5.4901,393.1044181
N#Cc1cccc(Nc2cccc(NC(=O)C(=O)N3CCc4cccc(C(F)(F)F)c43)c2)c1,0.559055734,2.608722435,-10.6,-9.6,4.84848,450.1303604
CCCCCCCCCCCNNc1ccc2ccc(CO)cc2c1,0.319244102,2.269146073,-6.9,-6.7,5.7794,342.2671137
CCCCc1ccc(C(=O)CCC(=O)Oc2cncc3ccsc23)cc1,0.405124967,2.413123028,-7.9,-7.4,5.2074,367.1242145
CS(=O)(=O)c1ccc(C(=O)N(N)C(=O)C(=O)Nc2cccc3c(O)cccc23)cc1,0.247882092,2.425750205,-9.8,-8.7,1.4301,427.0838063
O=C(CCCc1nc2ccccc2c(=O)[nH]1)Oc1cc2cccnc2cc1F,0.42473982,2.431667374,-9.4,-8.4,3.5387,377.1175696
O=C(COc1ncnc2ccccc12)NCc1ccc(-c2cccnc2)cc1,0.562941919,2.063573439,-8,-7.6,3.387,370.1429758
O=C(Nc1c(O)ccc2cccnc12)C(=O)N1C(=O)Cc2cc(C3CCCCC3)ccc21,0.473066466,2.837304217,-10.8,-10.1,4.0425,429.1688562
O=C1CN(S(=O)(=O)c2ccc(-c3ccccc3)cc2)c2ccc(Br)cc2N1,0.657999494,2.187379308,-9.1,-9.5,4.2635,441.9986754
N#Cc1cccc(NC(=O)c2ccccc2N2CCc3cc(S(N)(=O)=O)ccc32)c1,0.675074306,2.262819553,-9.9,-8.8,3.15218,418.1099614
Oc1cc2c(cc1O)CN(c1ccc3nccc(O)c3c1)CC2,0.602596201,2.507233479,-8.7,-9,2.9143,308.1160924
O=C(CCl)c1ccc2c(c1)CCC(=O)N2S(=O)(=O)c1ccc2[nH]c(=O)[nH]c(=O)c2c1,0.456547457,2.802655126,-10.1,-9.5,1.306,447.0291838
Cc1sc2ncnc(N3CCC(C(=O)Oc4ccc5cc(I)[nH]c5c4)CC3)c2c1C,0.222821312,2.822781009,-9.1,-8.3,5.21604,532.0429949
O=C(Oc1cc([N+](=O)[O-])cc(Cl)c1Cl)c1cc(=O)[nH]c2ccc(Cl)cc12,0.292106442,2.458563401,-9.7,-8.4,4.6157,411.9420544
O=C(O)c1cc([N+](=O)[O-])ccc1N(c1ccccc1)c1ccnc2cc(I)ccc12,0.203238107,2.493965616,-9.1,-8.6,5.9156,511.0029039
N#Cc1cc(OC(=O)c2ccc3c(c2)C(=O)CCO3)c2ccccc2c1,0.520944431,2.323303951,-10.2,-9.9,3.89588,343.0844579
O=C(NS(=O)(=O)c1cccc2ccccc12)C(=O)N1CCC(=O)c2cc[nH]c2C1=O,0.593414501,2.858413044,-10.3,-9.3,1.2282,425.0681562
O=C(c1cccc2c1oc1ccccc12)N1CCN(C2CCCN(C(=O)C3(c4ccc5c(c4)OCCO5)CC3)C2)CC1,0.352751805,3.255966219,-11.8,-10.9,4.8378,565.2576712
N#CC(c1ccccc1)c1ccc(NC(=O)C(=O)Nc2ccc(N=Nc3ccccc3)cc2)cc1,0.259602313,2.84648003,-9.4,-9.4,6.33468,459.1695249
O=C(c1ccccc1)c1cccc(NC(=S)Cc2cccc(F)c2)c1,0.516812263,1.984643544,-7.9,-8.1,5.0387,349.0936634
Cc1cccc(C(Nc2c(N)cc(F)cc2F)c2cccc(C)c2)c1,0.628073431,2.298149917,-8.7,-8.3,5.36534,338.1594551
Cc1c(C(=O)Oc2cc(C#N)ccc2Br)nnn1-c1ccc2ncccc2c1,0.357833538,2.540971391,-9.3,-8.9,3.9773,433.0174367
Cc1cc(C(C)(C)C)cc(C)c1S(=O)(=O)NC(=O)c1ccc(-n2cnc3ccccc3c2=O)cc1,0.457657014,2.44587512,-10.1,-9.1,4.41874,489.1722273
Nc1cc(F)c(Cl)cc1Nc1cccc(C(N)c2ccccc2)c1,0.594055753,2.550022074,-8.6,-8.6,4.853,341.1095034
O=c1[nH]c(=O)c2cc(S(=O)(=O)NS(=O)(=O)c3ccc(OC(F)F)cc3)ccc2[nH]1,0.496414523,2.548782935,-9.3,-8.9,0.485,447.0006481
O=[N+]([O-])c1cccc2c(NS(=O)(=O)c3ccc(O)c(Cl)c3)nccc12,0.529261539,2.311998393,-8.2,-8.7,3.3028,379.0029691
NC(=O)N(C(=O)C(=O)Nc1ccc(-c2ccccc2)cn1)c1cccc2c1CCCN2,0.568197136,2.761057377,-9.6,-8.8,3.1571,415.1644395
O=C(Cc1ccc2c(c1)CCCO2)Oc1cccc(C(=O)c2ccccc2)c1,0.378622987,2.098428558,-9.2,-8.6,4.3907,372.1361591
O=c1[nH]cnc2ccc(S(=O)(=O)Nc3cc4nccnc4cc3Br)cc12,0.513640237,2.602977099,-9,-8.6,2.4296,430.9687723
O=C(CBr)c1ccc(NS(=O)(=O)c2ccc3c(c2)oc2ccccc23)c(Cl)c1,0.298356282,2.282868304,-8.9,-8.8,5.6178,476.9437187
C#Cc1c(F)cccc1N1CCCCC1c1cnc2ccccc2c1,0.608708256,2.926969059,-9.3,-9.7,5.0868,330.1532268
O=S(=O)(Nc1nc2c(F)cccc2cc1Br)c1ccc2c(c1)CCCO2,0.665115936,2.511788949,-9.3,-9.2,4.2622,435.9892536
CC(C)C(OC(=O)c1ccc(F)c2cnccc12)C(=O)N1CCSc2ccccc21,0.568693878,3.139379638,-9,-8.7,4.6942,424.1256918
O=C1c2cccc3c(S(=O)(=O)Cl)ccc(c23)N1c1nc2ccccc2cc1CO,0.500104665,2.605816329,-9.8,-9,4.0997,424.0284556
NC(=O)c1ccc2c(c1)OCCN2C(=O)C1CNC(=O)c2ccccc21,0.843800491,3.008177675,-9.2,-9.2,1.0381,351.121906
CNC(c1ccc(NC(=NO)c2ccc(-c3ccccc3)cc2)cc1)c1cccnc1,0.175114029,2.760505845,-8.9,-8.7,5.3053,408.1950114
Oc1cccc2ccc(NC(c3ccccc3)c3nc4ccccc4o3)cc12,0.41640458,2.67148448,-10,-9.1,5.8881,366.1368278
O=C(Oc1ccc2nc[nH]c(=O)c2c1)c1c[nH]c2ccc(Br)cc12,0.409773235,2.434218757,-9.2,-8.3,3.3861,382.9905533
O=C(NC[C@H]1CCc2nccn21)C(=O)Nc1cc2c(cc1F)CCNC2=O,0.685449689,3.433348114,-8.8,-8.3,0.5503,371.1393677
Cc1c([N+](=O)[O-])cc(OC(=O)C(C)(C)c2ccc([N+](=O)[O-])cc2)c2ccccc12,0.264570921,2.46928498,-8.5,-8.7,4.84782,394.1164863
Brc1c(N2CCn3c(nc4ccccc43)C2)ccc2ccncc12,0.492705491,2.514786217,-8.6,-8.7,4.3672,378.0480086
O=C(CNc1ccc(F)c2cnccc12)c1cccc(F)c1,0.744762564,2.17985083,-8.2,-7.8,3.8078,298.0917694
Nc1nnc(-c2cc(F)cc(N3CC(=O)Nc4ccc(Br)cc4C3c3ccccc3)c2)s1,0.394196209,3.206506787,-10.1,-8.5,5.237,509.0321215
O=C(/C=C/c1ccc([N+](=O)[O-])cc1)Oc1cc(I)cc2ccccc12,0.142059952,2.299982764,-8.7,-9,4.9714,444.9811059
O=C(NNCc1cccc2cccnc12)C(=O)Nc1c2c(cc3c1CCC3=O)CCC2,0.450159731,2.879683704,-10.1,-9.5,2.6119,414.1691906
Clc1ccnc2c(N3CCCc4c3cnn4-c3ccccc3)cccc12,0.494920514,2.467653665,-9.1,-9,5.1582,360.1141742
O=C(Oc1ccnc2cnccc12)c1ccc2ccc(Br)cc2c1,0.471292447,2.213471705,-8.9,-9,4.7647,378.0003897
O=[N+]([O-])c1ccc2c(c1)CCCCN2c1cccc2cc(Cl)ncc12,0.357449846,2.407993544,-9.1,-8.5,5.2708,353.0931044
COc1ccc(Oc2ccc(S(=O)(=O)NC(=O)N3CC(C)NC(=O)c4ccccc43)cc2)cc1,0.576418248,2.89515724,-10.3,-8.7,3.5243,481.1307565
Cc1c(C(=O)O)sc2ncnc(NC(=O)N(N)c3ccc(C#N)cc3F)c12,0.35620073,2.952806211,-8.8,-8,2.6209,386.0597374
Cc1c(C(=O)O)sc2ncnc(NC(=O)C(=O)N(N)c3ccc(C#N)cc3F)c12,0.251544996,2.975335613,-8.8,-7.9,1.5541,414.0546521
Cc1c(C(=O)Oc2cc(C#N)ccc2NN)sc2ncnc(N)c12,0.284330677,2.699347385,-8.1,-7.5,1.9584,340.0742446
N#Cc1c(Nc2cc(Cl)cc(Oc3ccccc3C=O)c2)sc2c1CCCCCC2,0.426555765,2.56244963,-9.6,-8.9,7.28058,436.1012266
Cc1cccc(C(NC(=O)C(=O)Nc2ccc(-c3ccccn3)cn2)c2ccc(Cl)cc2)c1,0.416034933,2.747632537,-9.9,-8.9,4.94972,456.1353036
Cc1cc(Cl)c2cccc(S(=O)(=O)NC(=O)C(=O)Nc3nnc4c(Cl)cccn34)c2n1,0.430797106,2.905652541,-9.5,-9.2,2.33632,478.0017792
O=C1CC(C(=O)Oc2ccc(Br)c3ccncc23)Cc2ccccc21,0.47759358,2.923523538,-8.9,-8.9,4.348,395.0157054
CN1C(=O)Cc2cc(OC(=O)/C=C/c3ccc4ccccc4n3)ccc21,0.415173344,2.411664566,-9.1,-8.7,3.3725,344.1160924
NCCCCNc1ccccc1C(=O)c1cccc2ccccc12,0.506353111,1.893829288,-7.6,-7.3,4.2216,318.1732133
N#CC(c1ccccc1)c1ccc(NCC(=O)c2cc3cc(Cl)ccc3o2)cc1,0.400701711,2.847307003,-9.2,-9.4,6.03648,400.0978555
O=C(Oc1ccc2nc[nH]c(=O)c2c1)c1ccc2cnsc2c1,0.452738569,2.682641266,-8.7,-8.7,2.752,323.0364621
O=[N+]([O-])c1cccc(-c2ccc(NC(=S)c3ccccc3[N+](=O)[O-])nn2)c1,0.402431251,2.441044585,-8.8,-8.2,3.7476,381.0531748
NCC(NCc1cc(=O)oc2ccc3ccccc3c12)c1ccc(Cl)cc1,0.398961724,2.708384062,-8.3,-8,4.3892,378.1135055
N#Cc1c(NC(Cl)(Cl)c2nc3ccccc3c(=O)[nH]2)sc2c1CCCCC2,0.362209714,2.997893594,-9.7,-9,4.82518,418.0421875
O=C(CCCN1C(=O)CCc2ccccc21)Nc1ccn(-c2ccccn2)n1,0.718272898,2.363180528,-8.8,-8.9,2.9654,375.1695249
O=Cc1ccc(S(=O)(=O)NC(=O)C(=O)Nc2cccc3cc(S(=O)(=O)F)ccc23)c(Cl)c1,0.31203755,2.646520894,-10.2,-8.8,2.4075,497.9758486
O=Cc1ccccc1Cc1ccc(N[C@@H]2C[C@H]2c2c(F)cccc2Br)cc1,0.495080387,3.1531548,-8.9,-8.3,5.9595,423.0634045
COC(=O)c1ccc2c(c1)N(C(=O)C(=O)NC(C)(C)c1cc(F)cc(F)c1)C(=O)C2,0.611935984,2.885337281,-9.5,-8.4,2.2186,416.1183781
N#Cc1cc(F)cc(CNCc2ccc3nccnc3c2)c1,0.802828984,2.274652924,-7.7,-7.5,2.93038,292.1124246
O=C(Oc1ncc2ccccc2n1)c1[nH]c2ccc(Cl)cc2c1Cl,0.530403995,2.549627453,-9.2,-8.4,4.6371,357.0071819
O=S(=O)(Cl)c1cc(Br)cc(N(c2cccc(F)c2)c2ncc(Br)cn2)c1,0.422243073,2.735552566,-8.2,-7.8,5.538,518.8454776
N#Cc1cccc(CNc2ccc3cc(OCC(=O)O)ccc3c2)c1,0.717514587,2.013432005,-8.2,-7.9,3.78698,332.1160924
O=C(Oc1ccc(Br)c(F)c1CBr)c1nccc2c1[nH]c1ccccc12,0.232614869,2.723446121,-8.8,-8.4,5.7318,475.91713
Cc1cccc(-c2ccc(CNc3ccc(Cl)cc3C3(N)CCC3)cc2)c1,0.550611369,2.232780307,-8.9,-8.6,6.26542,376.1706265
COc1cc(N(N)c2ccc(C#N)cc2F)c2cnccc2c1,0.593473992,2.750693856,-8.3,-8.1,3.26598,308.1073393
Cc1cc2c(S(=O)(=O)Nc3cc(F)cc(C4(C#N)CC4)c3)cccc2cn1,0.739332515,2.6966835,-9.3,-8.5,4.0383,381.094726
Cc1ccncc1C(=O)CNCc1ccc2cn[nH]c2c1,0.703124749,2.455879938,-6.6,-6.5,2.23882,280.1324111
Cc1ccc2cccnc2c1C(=O)Oc1ccc(N)c2ncccc12,0.342775701,2.337668544,-8.8,-8.9,3.89282,329.1164267
O=C1CC2(Cc3ccccc3C2)C(=O)N1c1cccc2c(O)ccnc12,0.689111486,3.189571945,-10.2,-8.7,2.9889,344.1160924
O=C1Cc2cc(S(=O)(=O)N3c4ccccc4Sc4cc(O)ccc43)ccc2N1,0.669597979,2.710621391,-9.5,-9.4,3.8784,410.0394989
O=C(CCl)c1ccc2c(c1)CC(=O)N2C(=O)Nc1ccc(N2C(=O)c3cccc4cccc(c34)C2=O)cc1,0.225296946,2.6915193,-11,-9.6,5.1831,523.0934984
O=C(Nc1ccc(-c2ccnc3ccccc23)cc1)Nc1ccc(N2C(=O)c3cccc4cccc(c34)C2=O)cc1,0.229182215,2.357545418,-12.2,-12.2,7.4996,534.1691906
O=C(NNC(=O)c1ccc2ccccc2c1)C(=O)Nc1ccc(N2C(=O)c3cccc4cccc(c34)C2=O)cc1,0.184015259,2.395170563,-11.3,-11.2,4.1933,528.1433697
Cc1ccc(N(C(=O)c2cccc(O)c2)S(=O)(=O)c2ccc3c(c2)Cc2ccccc2-3)cc1,0.398668085,2.353473942,-9.7,-9.4,5.30752,455.1191292
CC(N)c1ccc2c(c1)CC(=O)N2c1cccc(C(O)c2cccc(F)c2)c1,0.718903881,3.106140966,-9.5,-9.2,4.1479,376.1587061
O=C(COC(=O)c1ccc(-n2cnc3ccccc32)cc1)c1ccc2c(c1)OCCO2,0.364734063,2.214376569,-9,-8.7,3.8364,414.1215717
CC(NC(=O)N1CCc2ccc(C#N)cc2C1=O)c1cc2cnccc2[nH]1,0.734258577,3.216249412,-9.8,-9.4,2.90368,359.1382248
Fc1cc(N2CCc3cc4c(cc3C2)CCCC4)c2cnccc2c1,0.635258741,2.543021714,-9.1,-9.5,4.8154,332.1688769
O=C(CCn1c(=O)[nH]c(=O)c2ccccc21)Nc1ccc(Nc2c(Br)ccc3ccccc23)cc1,0.275432598,2.3565296,-10.2,-10,5.3779,528.0797026
C[C@H](NC(=O)N[C@@H](C)c1cccc2cnccc12)c1cccc2ccccc12,0.49828086,2.822354923,-9.5,-8.9,5.5094,369.1841124
O=C(O)C1c2[nH]c3ccccc3c2CCN1c1ccc2c(c1)Cc1ccccc1-2,0.45664002,2.973673151,-10.1,-10.5,4.9275,380.1524779
Fc1cc(N2CCc3[nH]c4ccc(F)cc4c3C2)c2ccncc2c1,0.553014051,2.536135957,-10,-9.5,4.557,335.1234039
Cc1c(N2CCc3c(-c4ccccc4)cccc32)cnc2c(F)cccc12,0.435920949,2.370740762,-9.3,-9.5,6.04352,354.1532268
CS(=O)(=O)c1ccc(C(=O)CNNc2nccc3sccc23)cc1,0.518014135,2.590572171,-8,-7.4,2.4992,361.0554833
O=C1NC(=O)C2(Cc3ccccc3C2)N1c1ccc(Cl)c2cnccc12,0.673146584,3.23064333,-9.6,-8.3,3.482,363.0774544
O=C(Nc1ccc(Oc2ccc3ccccc3c2)c(Cl)c1)NS(=O)(=O)c1ccc2cc(Cl)ccc2c1,0.241837735,2.253743816,-11.1,-10.8,7.6025,536.0364334
ClC(c1ccc(Br)cc1)c1ccc(Nc2ccc(Oc3ccnc4ccccc34)cc2)cc1,0.229295306,2.633836265,-9.6,-10.4,8.8614,514.044753
O=C(NS(=O)(=O)c1ccc2[nH]c(=O)[nH]c2c1)N1CCc2cc(C3CCCCC3)ccc2C1,0.562766872,2.645714084,-10.8,-10,3.3605,454.1674763
O=C(COc1ccc2oc3c(c2c1)CCCC3)Oc1ccc2[nH]c(C(=O)CCl)cc2c1,0.193929397,2.738700627,-7.9,-8.9,5.1988,437.1030004
Clc1c(N2CCN(c3cccc4[nH]ccc34)CC2)cnc2ccccc12,0.56121503,2.300690628,-8.6,-8.8,4.6961,362.1298243
CC(C)c1ccc(C(N)c2ccc(OC(=O)c3cc4c(cn3)Cc3ccccc3-4)cc2)cc1,0.270360629,2.894420716,-10,-10.1,6.0435,434.1994281
Cc1cc(=O)oc2cc(OCC3CCN(c4cccc5cnsc45)CC3)ccc12,0.446203567,2.660239401,-9.4,-8.9,5.00652,406.1351136
Cc1cccc(-c2ccc(Nc3cccc(C(Br)c4ccccc4)c3)cc2)c1,0.318821951,2.363151141,-9.2,-9.5,7.88992,427.0935618
O=C(Oc1c[nH]c2nc(Cl)nc(Cl)c12)c1ccc(Nc2ncnc3ccccc23)cc1,0.220628228,2.62273755,-9.9,-10.4,5.1707,450.039879
Cc1cccc(-c2cccc(CNCc3cc(=O)oc4cc(C)c(C)cc34)c2)c1,0.451228863,2.155820621,-9.1,-8.6,5.67506,383.188529
Cc1n[nH]c(-c2ccc(NC(=O)C(=O)N3C(=O)CN=C(c4ccccc4)c4cc(Br)ccc43)cc2)n1,0.380207027,2.947333958,-9.9,-8.2,3.89192,542.0702006
N#Cc1ccc(-c2ccc3c(c2)N(C(=O)C(=O)NNc2ccc4cccc(O)c4n2)CCO3)cc1,0.312715706,2.812406675,-10.6,-10.8,3.34778,465.1437041
Nc1cccc(-c2nc3cc(NC(=NO)C(c4ccccc4)c4ccccc4)ccc3[nH]2)c1,0.091914425,2.580185851,-10.5,-9,5.8438,433.1902604
O=C1Cc2cc(C(=O)CNc3ccc(Oc4nc5ccccc5o4)cc3)ccc2N1,0.466658295,2.514369312,-9.7,-8.3,4.4095,399.121906
C[C@H]1COc2c(C3(NC(=O)C(=O)N(N)c4ncnc5sc6c(c45)CCCC6)CC3)c(F)cc3c(=O)c(C(=O)O)cn1c23,0.139546522,4.041698706,-10.5,-9.8,2.6879,592.1540317
Cc1ccc(-c2cccc(Cl)c2)cc1NC(F)(F)Sc1ccc(O)c(Cl)c1,0.252847634,2.6307795,-9,-8.7,7.42892,425.0219469
O=C(c1ccc(S(=O)(=O)c2ccccc2)cc1)N1CCC2(CC1)C(=O)NC(=O)N2C(=O)c1ccc2c(=O)[nH][nH]c(=O)c2c1,0.293026681,3.398053094,-10.9,-9.9,1.4162,601.1267337
CC(=O)c1ccc2c(c1)N(c1cc(Br)c3occc3c1)c1ccccc1S2,0.271379292,2.653225962,-9.2,-8.3,7.3323,434.9928618
Cc1csc(Sc2ccc(NC(=O)N3C(=O)Cc4cc(-c5csc(N)n5)ccc43)nc2)n1,0.430107403,3.014939836,-9.3,-8.8,4.82462,480.0496868
O=C(NCCc1cccc(-c2cccc(Cl)c2)c1)C(=O)N1CCc2cc(Cl)c(O)cc2C1,0.54878409,2.419679409,-9.1,-9.8,4.6096,468.1007479
Cn1ccc2cc(CNCC(=O)c3cccc(C#N)c3)ccc21,0.737098428,2.289225787,-7.8,-7.2,3.02248,303.1371622
N[C@H]1CCC[C@H]1NCC(=O)c1ccc2c(c1)Cc1ccccc1-2,0.7287686,3.081627986,-8.4,-8.6,2.9099,306.1732133
Cc1cc(C)cc(-c2nc3ccccn3c2NC(=O)C(=O)Nc2cc(C(C)(C)C)cc3cccnc23)c1,0.301212729,2.713073128,-10.2,-9.9,6.04104,491.2321252
Cc1cnccc1N(N)C(=O)C(=O)Nc1ccc(Cl)c2cnccc12,0.318014158,2.756018489,-8.4,-8.3,2.43702,355.0836024
Cc1cc(NC(=O)C(=O)Nc2ccc(Cc3nnc4ccccn34)cc2)c2ccccc2c1,0.410738234,2.332755468,-10.5,-10.2,4.35892,435.1695249
O=C(Nc1c(O)ccc2ccncc12)C(=O)N1CCc2[nH]c3ccc(C(=O)O)cc3c2C1,0.285172038,2.749651514,-9.5,-9.5,2.6433,430.1277197
CN(C(=O)NC1c2ccccc2-c2ccccc21)c1ccc2[nH]ccc2c1,0.518385318,2.443888766,-9.6,-8.9,5.0837,353.1528122
N#Cc1c(Nc2nc3cc(Br)ccc3cc2C=O)sc2c1-c1ccccc1CC2,0.367140459,2.906981954,-10,-8.7,6.25218,459.0040952
O=C(Nc1cccc2c1CCNC2)N(c1ccccc1)C(F)(F)c1cccc2c1CCNC2,0.504418738,3.049629988,-10.2,-9.8,4.766,448.2074679
O=C(Nc1ccccc1-c1ccc2ccccc2c1)N[C@@H]1C[C@H]1c1c(F)cccc1Br,0.325301171,3.012094672,-9.8,-9.5,7.086,474.0743036
Cn1c(/C=C/C(=O)Oc2cc3cc[nH]c3cn2)cc2ccccc21,0.463086305,2.777562035,-9,-8.2,3.6734,317.1164267
O=c1[nH]c(CN2CCN(c3cc(Cl)c4ccc(Cl)nc4c3)CC2)nc2ccccc12,0.486322754,2.48849207,-9.8,-9.8,4.1003,439.0966656
O=c1[nH]c(CN2CCN(c3cc(Cl)cc4nc(Cl)ccc34)CC2)nc2ccccc12,0.486322754,2.450946712,-9.7,-9.1,4.1003,439.0966656
O=C(Nc1cccc(-c2ccc(Cl)c(Cl)c2)c1)NS(=O)(=O)c1ccc(-n2nccn2)cc1,0.421848614,2.386632748,-9.8,-9.5,4.7515,487.0272657
Cn1cc(C2=C(c3cccc(N)c3)C(=O)N(C(=O)C(=O)Nc3cccc4cnc(Cl)cc34)C2=O)c2ccccc21,0.148489109,2.998547451,-11.2,-9.9,4.407,549.1203818
O=C(Oc1cccc2cnsc12)C1(c2ccnc3ccccc23)CC1,0.405273308,2.816368834,-8.8,-8.7,4.4817,346.0775987
O=S(=O)(Nc1cccc(C(O)c2ccccc2)c1)c1ccc(F)c2cnccc12,0.517272228,2.690145194,-8.7,-8,4.2564,408.0943916
N#Cc1ccc(N2C(=O)C(=O)c3ccc(C#N)cc32)c(NN)c1,0.492936493,2.735109244,-8.6,-7.7,1.57656,303.0756245
O=C(Oc1nc(-c2ccccc2)nc2ccccc12)c1cc2ccncc2s1,0.404386422,2.381984931,-9.9,-9.1,5.1257,383.0728477
CN1CCCN(C(=O)NCc2ccc3cnccc3c2)c2nc3ccccc3nc21,0.556867165,2.521388368,-9.8,-9.3,3.7341,398.1855093
CCN(CC)S(=O)(=O)c1ccc2c3c(cccc13)C(=O)N2c1cccc2c(Cl)nc(Cl)cc12,0.314565379,2.71757031,-9.2,-8.5,6.0172,499.0524178
N#Cc1cc(F)cc(N(N)C(=O)C(=O)Nc2cccc(-c3ccc(F)c(F)c3)c2)c1,0.298854351,2.589954848,-10.1,-9.2,3.48798,410.0990603
O=C(CNC(=O)c1cccc2[nH]ccc12)OCC(=O)c1c[nH]c2ncccc12,0.352264546,2.42270669,-8.3,-8.2,2.2001,376.117155
O=C(NCc1ccc(-c2cccnc2)cc1)C(=O)N1CC=C(c2c(F)cccc2F)CC1,0.633924419,2.502630639,-9.6,-9.4,3.9589,433.1601834
C#Cc1ccc2c(c1)N(C(=O)/C=C/c1ccc3ncccc3c1)CCO2,0.52813272,2.590385765,-9.8,-9.1,3.6549,340.1211778
Cc1cncc2cccc(S(=O)(=O)N(C(N)=S)c3ccc4ccccc4c3)c12,0.516782056,2.673797808,-8.7,-8.5,4.13532,407.0762188
O=Cc1c(Cl)cc(Cl)cc1OC(=O)c1ccc2[nH]c3c(c2c1)CNCC3,0.401151247,2.751858803,-8.7,-8.2,4.1521,388.0381477
CN(C(=O)NC(=NO)c1cccc2ccccc12)c1cnc(C#N)cn1,0.320099671,2.924290196,-9.2,-8.7,2.48328,346.1178237
O=C(NCc1ccc2ccccc2c1F)NC(c1ccc(Cl)cc1)c1cccc(I)c1,0.265892511,2.736532099,-10.5,-8.9,6.8257,544.0214671
O=C(Oc1cc(Br)c2c(=O)[nH]ccc2c1)c1cccc2ccc(O)nc12,0.38719649,2.761992691,-9.6,-9.8,3.7636,409.9902189
O=Cc1cc2c(OC(=O)COc3ccc4cc(Br)ccc4c3)cccc2[nH]1,0.281780639,2.451700518,-7.7,-8.1,4.8805,423.01062
NS(=O)(=O)c1ccc(C(F)(OC(=O)c2cnc3cc4c(cc3c2O)OCCO4)C(F)(F)F)cc1,0.410416866,3.499804263,-9.2,-8.6,2.9006,502.0457847
O=[N+]([O-])c1c(F)cccc1Nc1ccc(Cl)cc1-c1cccc(Cl)c1,0.419839437,2.179203544,-8.7,-7.9,6.4513,376.0181612
O=C(c1ccccc1)c1cc([N+](=O)[O-])ccc1NCc1ccc2c(c1)NCCO2,0.372026671,2.333891295,-8.8,-9.3,4.2422,389.1375561
O=C(CBr)c1ccc(F)c(N2c3ccccc3Sc3cc(O)ccc32)c1,0.317748007,2.511689781,-8.5,-8,6.0433,428.98344
FC(F)(F)Oc1cccc(C2=CCN(c3ccc(Cl)c4ccoc34)CC2)c1,0.523448839,2.731641047,-8.9,-8.4,6.2785,393.0743411
Nc1ccc2cc(C(=O)OC(Cl)(Cl)C(=O)c3c[nH]c4ncccc34)ccc2c1,0.222291704,2.797591186,-8.5,-9,4.4694,413.0333966
Oc1ccnc2c(OC(F)(F)NCc3cccc4c3CCN4)cccc12,0.480688588,3.055950105,-8,-9.1,3.6273,357.1288832
O=C(NNCCc1ccc2ccccc2c1)Nc1ccc(Cl)cc1-c1ccccc1,0.265822632,2.133740117,-8.9,-8.9,6.029,415.14514
O=C(CCC(=O)c1ccc2c(c1)-c1ccccc1C2)Oc1cc2ccc(C(=O)O)nc2cc1F,0.214587077,2.546507024,-8.7,-9.6,5.2118,455.1169009
O=S(=O)(NC(=S)c1cscc1Br)c1ccc2cnccc2c1,0.665491003,2.869861322,-7.5,-7.1,3.7128,411.9009526
O=C(Nc1cncc2ccccc12)C(=O)N(c1ccccc1)c1ccc([N+](=O)[O-])cc1C(=O)O,0.260885842,2.590432535,-9.2,-9.3,4.1446,456.1069842
CS(=O)(=O)c1ccc(C(=O)CNC(=NO)c2ccc3ccccc3n2)cc1,0.229947874,2.472336893,-9.2,-8.2,2.2466,383.093977
CCC(=O)c1ccc2c(c1)N(c1ccc3[nH]c(C)c(C=O)c3c1)c1ccccc1S2,0.259986242,2.681746662,-9.4,-8.2,6.81592,412.1245489
Cc1cccc(-c2ccc(CNC(=O)NC3CCN(c4ccnc(C)n4)CC3)cc2)c1,0.654312154,2.231494473,-9.1,-9.2,4.22864,415.2372105
N#Cc1ccc(N(C(=O)Nc2ccccc2-n2ncc3c(=O)[nH]cnc32)c2ccc(Cl)cc2)cc1,0.373844597,2.718624345,-9.6,-8,5.00408,481.1054004
Cc1ccc(C)c2c1C(=O)N(c1ccc3cnccc3c1N)C2=O,0.552010298,2.619275284,-8.9,-8.9,3.23444,317.1164267
Nc1cccc2ccc(S(=O)(=O)Nc3cc4cccc(F)c4nc3I)cc12,0.249946681,2.580331427,-10.4,-9.3,4.5147,492.9757239
O=c1[nH]c2ccccc2c2c1CN(c1ccc3ccncc3c1Br)CC2,0.509892733,2.56403617,-9.4,-8.9,4.4015,405.0476742
Cc1ccc(S(=O)(=O)N(c2ccc(O)cc2)c2cc3c(nn2)-c2ccccc2C3)cc1,0.451800587,2.629966971,-9.8,-8.7,4.58882,429.1147125
O=C(CNc1cccc2cc(S(=O)(=O)F)ccc12)c1c[nH]c2ccccc12,0.398974624,2.369796092,-9.4,-8.6,4.2741,382.0787416
Cc1cc(Oc2ccc(NC(=O)C(=O)N(Cc3ccc(C#N)cc3)c3ccc(F)cc3C)cc2)ncn1,0.374382602,2.64921189,-9.7,-9,5.06842,495.1706678
NS(=O)(=O)c1ccc(Sc2ccccc2C(=O)OS(=O)(=O)c2ccc3c(c2)Cc2ccccc2-3)cc1,0.314278345,2.624993309,-10,-9.4,4.6021,537.0374503
O=S(=O)(Nc1ccc(Oc2ccnc3ccccc23)cc1)c1cccc2cccnc12,0.40744672,2.130449097,-9.9,-9.6,5.3761,427.0990624
Cc1ccc(CC(NC(=O)CCCc2ccc3c(c2)-c2ccccc2C3)c2cccnc2)cc1,0.300278153,2.751295702,-9,-9.6,6.38412,446.2358136
Cc1ccc2[nH]c(=O)ccc2c1N1C(=O)NC(=O)C12CCc1ccccc1C2,0.643709234,3.681145033,-10.5,-9.1,2.82042,373.1426415
O=c1c2ccccc2ncn1C1CCCN(c2cc(O)cc(-c3cccnc3)c2)C1,0.564684795,2.868280775,-9.3,-9.9,4.0056,398.1742759
[N-]=[N+]=Nc1cccc(Br)c1N1CCC2(CC1)NC(=O)Cc1ccccc12,0.445864858,3.542375637,-9.5,-8.3,4.5589,411.0694723
Nc1nc(-c2ccc3c(c2)CCC(=O)N3c2ccc(CC(O)c3ccc(Cl)cc3)cc2)cs1,0.374468794,2.882085979,-9.5,-8.6,5.9327,475.1121256
O=C(O)CCCc1ccc2c(c1)CC(=O)N2C(=O)Nc1nc(-c2ccc(-c3ccccc3)cc2)cs1,0.325946295,2.499743204,-9.5,-9.9,6.0056,497.1409272
O=C(O)CCCc1ccc2c(c1)CC(=O)N2C(=O)C(=O)Nc1nc(-c2ccc(-c3ccccc3)cc2)cs1,0.330319114,2.623295035,-9.3,-10.4,4.9388,525.1358418
c1cnc2c(N(Cc3nc4ccccc4c4ccccc34)C3CCC3)cccc2c1,0.328754994,2.419687343,-9.8,-9.9,6.4953,389.1891977
N#Cc1ccc(N2C(=O)NC(=O)C23CCN(Cc2ccccc2)CC3)c2ccncc12,0.668806857,3.176494467,-9.9,-9.2,3.19748,411.1695249
Oc1cc(I)cc(N2CCc3[nH]c4c(F)cccc4c3C2)c1,0.593536262,2.748514566,-8.3,-8.5,4.1799,408.0134893
O=C(C(=O)N(C(=O)Nc1cccc2c1CCNC2)c1ccccc1)c1c[nH]c2ccccc12,0.327777425,2.694657872,-9.6,-8.7,4.2616,438.1691906
O=C(C(=O)N(C(=O)Nc1ccccc1)c1cccc2c1CCNC2)c1c[nH]c2ccccc12,0.327777425,2.715138642,-10.1,-8.6,4.2616,438.1691906
Oc1ccnc2c(OC(F)(F)NC(Cc3ccccc3F)Cc3ccccc3F)cccc12,0.206193526,2.856058394,-8.6,-9.4,5.5913,456.1460908
Brc1ccc2ccccc2c1Nc1ccc(CCCc2ccccc2)cc1,0.342742793,1.931765193,-8.3,-8.5,7.5212,415.0935618
Nc1ccc(Nc2ccc(N3CCCc4cc(OCc5ccccc5)ccc43)cc2)cc1,0.341182228,2.085370487,-9.4,-9.1,6.6757,421.2154125
CC1(C)C(=O)N(C(=O)C(=O)NNc2cccc3cnccc23)C(=O)c2ccccc21,0.386357142,2.747309198,-9.5,-8.8,2.1647,402.1328051
C/C(=C\c1ccc([N+](=O)[O-])cc1)C(=O)Oc1ccnc2c(C(F)(F)F)cccc12,0.260215402,2.538104922,-8.5,-8.6,5.1707,402.0827416
O=C1Cc2ccc(Cl)cc2N1S(=O)(=O)c1cccc2ccncc12,0.705312618,2.582523075,-9.3,-8.5,3.1662,358.0178909
O=C(NC(c1ccc(Cl)cc1)c1cccc2ccccc12)C(=O)N1C(=O)Cc2cc(C(=O)CCl)ccc21,0.2171327,3.183227049,-9.4,-8.6,5.2362,530.0800125
Oc1cc2c(cc1Br)CN(c1nc3ccccc3cc1Br)CC2,0.584255652,2.509291521,-9,-8.7,5.0281,431.9472873
Nc1ccc(Oc2cccc(OC(=O)c3n[nH]c4c3COc3ccccc3-4)c2)cc1,0.29640057,2.507041865,-8.7,-8.4,4.5628,399.121906
O=C(c1ccc2c(c1)CC(=O)N2C(=O)c1n[nH]c2ccccc2c1=O)C1CCNCC1,0.497705874,2.835769045,-9.9,-10.4,1.8349,416.1484551
CS(=O)(=O)[C@H]1CC[C@@H](Nc2ccc(C(=O)c3ccc(Cl)cc3Cl)cc2)CC1,0.684477136,2.26023427,-9.3,-8.4,4.9921,425.0619199
N#Cc1cccc(COc2cccc(OC(=O)c3ccc4c(c3)NC(=O)CC4)c2)c1,0.5129275,2.286145651,-9.2,-9.2,4.24118,398.1266571
Cc1cc2c(S(=O)(=O)NC(=O)NCC(C)(C)c3ccc4ccccc4c3)cccc2cn1,0.465650288,2.528987896,-9.9,-10.1,4.66212,447.1616627
O=C(Oc1cc2ccccc2nc1O)c1ccc2ccccc2c1F,0.550577318,2.306958928,-10,-9.1,4.4519,333.0801215
O=C1CCc2cc(NC(=O)NC(=S)Cc3cccc4ccccc34)c(O)cc2N1,0.389711833,2.653499769,-9.3,-9.1,4.1217,405.1147125
Nc1cccc2c1CCN(c1cc3cnccc3cc1Br)C2=O,0.665332333,2.599249563,-8.3,-8.2,3.7824,367.0320242
Nc1cccc2c1CCN(c1cc3ccncc3cc1Cl)C2=O,0.694989981,2.519170542,-8.1,-7.9,3.6733,323.0825397
Cc1cc(N2C(=O)Cc3ccc(Br)cc32)c2cnccc2c1,0.644197382,2.546391489,-8.4,-8.4,4.52652,352.0211251
N#Cc1cc(Cl)ncc1NS(=O)(=O)c1cccc2ccncc12,0.736742373,2.582526992,-8.5,-8.1,2.95568,344.0134742
Nc1cccc2nc(NS(=O)(=O)c3ccc([N+](=O)[O-])c4cccnc34)ccc12,0.307122712,2.465798781,-9.4,-8.6,3.0742,395.0688249
O=C(NCCc1ccc2[nH]ccc2c1)C(=O)N1CCN(c2cccc3[nH]ccc23)CC1,0.448232308,2.516088826,-9.8,-9.1,2.6567,415.200825
NS(=O)(=O)c1ccc(C(=O)NC(=O)c2ccc(Sc3ccc([N+](=O)[O-])cc3)cc2)cc1,0.328117042,2.174445206,-9.2,-8.5,2.9636,457.0402272
O=C(NS(=O)(=O)c1ccc2c(c1)NCC2)C(=O)N(Cc1ccccc1)c1ccc2[nH]c(=O)[nH]c2c1,0.313824416,2.831618063,-9.8,-9,1.8625,491.1263398
N[C@H]1CCCC[C@H]1NC(F)Oc1ccc2c(=O)[nH]cnc2c1,0.586532795,3.85435807,-8.1,-7.6,1.4145,306.1492041
N#Cc1ccc(CNNc2cccc(Oc3cccc(C#N)c3)c2)cc1,0.652497687,2.270140623,-8.3,-8.4,4.33896,340.1324111
CC(C(=O)O)N(C(=O)c1ccc2[nH]ncc2c1)C(F)(F)c1nc(S)c2ccccc2n1,0.247453806,3.568264735,-8.6,-8.6,3.4596,443.0863668
Cc1cccc2ccc(C(=O)Oc3cc(S(=O)(=O)Cl)c4ncccc4c3)nc12,0.284007433,2.478943864,-10.1,-8.8,4.23812,412.0284556
N#Cc1cccc(Nc2ccc(COc3ccccc3C=O)cc2)c1N,0.515143954,2.236274413,-8.5,-8.1,4.27558,343.1320768
CC(Nc1ccc2ccc(O)cc2c1)c1ccc2ccccc2c1,0.495398354,2.382883347,-9,-9,5.8717,313.1466642
NS(=O)(=O)c1cc(OC(=O)c2ccc3oc4ccccc4c3c2)c(O)cc1Cl,0.386018452,2.370558432,-9.6,-9.3,3.8116,417.0073858
O=C(NNc1ccc(-c2nc(S)c3ccccc3n2)cc1)c1ccc2cc[nH]c2c1,0.194051689,2.505219837,-9.9,-9.4,4.8237,411.1153812
CCN(CC)S(=O)(=O)c1ccc2c3c(cccc13)C(=O)N2C(=O)NCc1ccc2cnccc2c1,0.436528145,2.681912664,-10.1,-9.3,4.2885,488.1518262
CS(=O)(=O)c1cccc(CNc2ccc3ccccc3c2Cl)c1,0.756383665,1.994587347,-8.8,-8.3,4.5088,345.0590274
O=Cc1ccccc1-c1ccccc1Nc1nc(-c2cccc([N+](=O)[O-])c2)cs1,0.245392738,2.303993493,-8.7,-8.9,5.9414,401.0834123
O=C(Nc1cccc2cccc(O)c12)C(=O)N1C(=O)Cc2ccc(C(=O)[O-])cc21,0.628861828,2.959794836,-9.4,-8.7,0.9633,389.0779097
C[C@H](NCc1cc(=O)oc2ccc3ccccc3c12)c1ccc(S(C)(=O)=O)cc1,0.396319335,2.677619775,-9.9,-9.2,4.2005,407.1191292
CS(=O)(=O)c1ccc(OCCC(=O)OS(=O)(=O)c2cccc3cnccc23)cc1,0.519263109,2.495851246,-7.5,-7.5,2.3393,435.0446439
Cc1ccc(-c2cccc(NC(=O)N(c3cccc(C#N)c3)S(N)(=O)=O)c2)cc1,0.685650463,2.346858084,-9.3,-8.7,3.7757,406.1099614
Cc1ccc(-c2cccc(NC(=O)C(=O)NS(=O)(=O)Nc3cccc(C#N)c3)c2)cc1,0.532038092,2.311001316,-10.6,-9.5,2.9453,434.1048761
CC(Nc1cc(C(N)c2ccccc2)ccc1Cl)c1nnc2ccccn12,0.53280961,3.065169593,-9.1,-8.8,4.6039,377.1407233
O=C1N[C@@H]2CN(C(=O)NS(=O)(=O)c3ccc4c(c3)oc3ccccc34)CC[C@H]2CO1,0.645968755,3.472375376,-10.8,-9.3,2.4146,429.0994563
O=C1CCC(NS(=O)(=O)c2ccc3cc(Cl)ccc3c2)c2ccccc21,0.722046316,2.645307404,-9.6,-8.6,4.4893,385.0539421
Cc1cc2cccc(NC(F)(c3cccc(Br)c3)C(F)(F)F)c2cn1,0.414595104,3.252416514,-8.4,-8.2,6.10242,412.0198234
CS(=O)(=O)c1cccc(N2C(=O)CCCc3cc(C(=O)CCl)ccc32)c1,0.590215389,2.360229489,-8.8,-8.7,3.5126,391.0645067
O=C(NCCCc1cc(F)cc(F)c1)C(=O)Nc1nc(-c2ccc3ccccc3c2)cs1,0.322632844,2.299453381,-9.5,-9.7,4.929,451.1166043
N#Cc1ccc(F)c(CNCc2csc(Cn3ncc4ccccc4c3=O)n2)c1,0.532603817,2.557005581,-8.5,-8.8,3.20188,405.1059594
O=C(NC(c1ccc(Cl)cc1)c1cccc(F)c1)NC1(c2ccc3c(c2)OCCO3)CC1,0.549864348,2.91930595,-10,-8.3,5.3282,452.1302985
NC(c1ccc(NC2(c3ccc4c(c3)OCCO4)CC2)cc1)c1cccc(F)c1,0.660346036,2.935902608,-8.9,-8.3,4.7462,390.1743562
O=C1NN(c2cc(-c3cccnc3)ccc2O)Cc2ccccc21,0.762001563,2.528091925,-8.7,-8.7,3.1192,317.1164267
N#Cc1c(NC(=O)N2C(=O)c3cccc([N+](=O)[O-])c3C2=O)sc2c1CCCC2,0.470489387,2.724872633,-8.8,-9.2,3.23488,396.0528405
Nc1cc(Cl)ncc1N1C(=O)Cc2cccc(Br)c21,0.811664866,2.833551991,-7.4,-7.1,3.3005,336.9617517
Cc1ccc(-c2csc(NC(=O)c3ccc(-c4cccc(Cl)c4)cc3)n2)cc1F,0.391259795,1.966525348,-9.3,-9.7,6.83032,422.06559
O=[N+]([O-])c1ccc2c(c1)nc(S)n2-c1ccc(NC2(c3ccc(F)c(Cl)c3)CC2)cc1,0.216413416,2.855191767,-8.9,-8.9,6.1161,454.0666527
O=C(OC(F)Oc1ccc2c(c1)CCCN2)c1ccccc1-c1cccc2ccccc12,0.297636712,2.970802948,-9.3,-9.1,6.3538,427.1583718
O=S(=O)(c1cc2cc(Cl)ccc2o1)N1CCC(c2nnc3ccccn23)CC1,0.508345937,2.627091305,-10.3,-9,3.6972,416.0709891
O=S(=O)(Cl)c1cc2cc(N3CCC(c4nnc5ccccn45)CC3)ccc2o1,0.472536492,2.766149425,-9.3,-9,3.787,416.0709891
CCc1ccc(-c2csc(NC(=O)C(=O)Nc3ccc4c(c3)CCC(=O)N4Cc3ccc(Cl)cc3)n2)cc1,0.287620027,2.424556997,-10.1,-9.5,6.0825,544.1335893
C#Cc1cccc(CNc2cc(Oc3ccccc3C=O)ccc2Cl)c1,0.462546725,2.275180259,-7.9,-8.2,5.5382,361.0869564
O=C(CN1C(=O)CCCc2ccccc21)OCC(=O)c1c[nH]c2ncccc12,0.545081956,2.379304981,-9.1,-7.9,2.6583,377.1375561
Oc1nccc2cc(N3CCc4[nH]c5ccc(F)cc5c4C3)ccc12,0.550742937,2.629864935,-9.7,-9.4,4.1235,333.1277404
Cc1ccc2c(c1)C(=O)NCCN2c1cc2c(cc1Cl)OCCN2,0.833575567,2.72575053,-8.5,-7.8,3.33422,343.1087545
O=Cc1ccc(Oc2ccccc2)cc1OC(=O)c1c[nH]c2cc([N+](=O)[O-])ccc12,0.161391796,2.367477611,-8.6,-8.3,4.9001,402.0851862
O=[N+]([O-])c1ccc(NNC(F)(F)Oc2ccc3c(O)ccnc3c2)nc1,0.264420962,3.029923483,-7.7,-8.2,2.7894,363.0779103
O=c1c2ccccc2nc(S)n1-c1ccc(NS(=O)(=O)c2ccc3c(c2)CCCN3)cc1,0.315303288,2.578463916,-10.1,-9,3.8333,464.0976825
Cc1ccc(N(C(=O)NN)c2ccnc3c2ccc2cccnc23)c(Cl)c1,0.233518298,2.69440748,-9.1,-8.6,4.46622,377.1043378
O=S(=O)(c1cccc2ccncc12)N1CCc2ccc(OCc3ccccc3)cc2C1,0.465712171,2.252351548,-10.2,-9.5,4.5608,430.1351136
O=C1CCc2cc(NCC3CCc4ccccc4N3)c(S(=O)(=O)Cl)cc21,0.780210365,3.245366032,-10,-8.5,3.5818,390.0804911
COc1cc2c(=O)[nH]c(C)nc2cc1OC(=O)CCn1c(=O)[nH]c(=O)c2ccccc21,0.364684773,2.560138186,-8.7,-7.9,1.23902,422.1226343
NN(C(=O)NC(c1cccc2ccccc12)C(F)(F)F)c1cccc(F)c1F,0.289407756,3.186003722,-9.4,-8.7,4.8113,395.1057032
CS(=O)(=O)c1ccc(C(=O)CN2C(=O)Cc3ccc(C(F)(F)F)cc32)cc1,0.744174185,2.295743875,-9.3,-8.8,2.8809,397.0595636
NS(=O)(=O)c1cccc(Br)c1Nc1ncc([N+](=O)[O-])cc1-c1ccccc1,0.450401086,2.496462577,-8.6,-7.5,3.8103,447.984088
NN(c1cccc(Br)c1F)C(F)(F)c1cccc2c(=O)[nH]cnc12,0.402988832,3.16370693,-8.1,-7.9,3.2543,397.9990077
O=S(=O)(/C=C/c1ccccc1Br)NS(=O)(=O)c1ccc2ccccc2c1,0.637390402,2.41090557,-9.3,-7.8,3.8813,450.954762
CS(=O)(=O)c1ccc(Oc2ccc(NC(=O)C(=O)N3CCN(C(=O)c4ccc5[nH]cnc5c4)CC3)cc2)cc1,0.365998562,2.523026957,-9.9,-8.7,2.6818,547.1525545
N#Cc1ccc2c(C(=O)Oc3cc4ncnc(O)c4cc3Br)c[nH]c2c1,0.386059344,2.75205714,-8.8,-8.9,3.67008,407.9858022
COC(=O)c1cccc2c3c([nH]c12)CCN(c1cnc2ccc(F)cc2c1)C3,0.533551146,2.548241733,-9.3,-9,4.2045,375.138305
O=S(=O)(Cl)c1cscc1NC1CC[C@@H](O)[C@@H](O)CC1,0.581999577,3.790932008,-6.8,-7.2,1.7519,325.0209277
CN1C(=O)C(N(C)c2cccc3[nH]ncc23)CCc2ccccc21,0.789610737,3.047801427,-8.9,-8.7,2.9769,320.1637113
N#Cc1cccc(N(C(=O)NS(=O)(=O)c2ccc3c(c2)CCN3)C(=O)c2ccccc2F)c1,0.610754017,2.761974048,-10.5,-8.9,3.41068,464.0954542
N#Cc1cccc(NC(=O)c2ccccc2NS(=O)(=O)c2ccc3c(c2)CCN3)c1,0.586462639,2.253615535,-9.6,-9,3.57938,418.1099614
O=C(NNS(=O)(=O)c1cc(Cl)cc2cccnc12)c1c[nH]c2ccccc12,0.457870775,2.409912176,-9.6,-8.6,2.9928,400.039689
COC(=O)c1cc2ccccc2nc1N1CCC(c2cccc3[nH]ccc23)CC1,0.510433445,2.349782569,-8.8,-8.7,4.8867,385.179027
O=C(Oc1ccc2c(Cl)ccnc2c1)c1cc([N+](=O)[O-])ccc1Nc1ccccc1,0.191132317,2.226523764,-10,-8.5,5.7592,419.0672836
O=c1[nH]c(CNc2ccc(-n3ccccc3=O)cc2)nc2sc3c(c12)CCCC3,0.544396924,2.494398315,-9.6,-9,3.6264,404.1306969
Cc1ccc2ncc(C(=O)Oc3cc(C#N)cc(Cl)c3F)cc2c1,0.511226747,2.45260479,-9.2,-8.2,4.4266,340.0414835
Cc1c(C(=O)Oc2ccc(C#N)cc2F)nnn1-c1ccc2ncccc2c1,0.40375846,2.46521216,-10,-8.4,3.3539,373.0975028
Nc1cc(Cl)c(F)cc1Nc1cccc(C(N)c2ccccc2)c1,0.594055753,2.567539495,-8.5,-8.5,4.853,341.1095034
CS(=O)(=O)c1cccc(C(=O)COC(=O)CCCc2ccc3c(c2)-c2ccccc2C3)c1,0.29474312,2.28685219,-8.6,-8.9,4.4101,448.1344449
Cc1sc2ncnc(Sc3ccccc3C(=O)Oc3ccnc4[nH]ncc34)c2c1C,0.316495894,2.808666075,-9.5,-8.7,4.94984,433.0667167
Cc1cccc(Oc2ccc(Nc3cccc(O)c3C#N)cc2)c1,0.701837839,2.073558556,-8.5,-8.5,5.1082,316.1211778
Clc1cc(Nc2ccc(OCc3ccccc3)cc2)nc2ccccc12,0.459012049,1.845862456,-9.1,-8.6,6.2108,360.1029408
O=c1[nH]cnc2ccc(S(=O)(=O)Nc3cc4nccnc4cc3F)cc12,0.567018052,2.543404957,-9.2,-8.8,1.8062,371.0488384
O=S(=O)(Nc1cc2cccc(F)c2nc1I)c1ccc2c(c1)CCCO2,0.449254308,2.637910571,-9.9,-8.8,4.1043,483.9753895
Cc1ccncc1C(C)Nc1ccc2cc(CO)c(=O)[nH]c2c1,0.692260622,2.903460595,-8.1,-7.7,2.89692,309.1477268
Cc1ccc(Oc2ccc(NC(=O)N3CCN(c4cnn(C)c4)CC3)cc2)cc1,0.733273097,2.119015471,-8.8,-8.3,3.87492,391.200825
Cc1ccc(S(=O)(=O)Nc2cncc(I)c2)c2ccccc12,0.648332548,2.250982911,-8.4,-7.7,3.94862,423.9742467
O=S(=O)(Nc1ccsc1-c1cccnc1)c1cc(F)c2ccccc2c1,0.544193402,2.408673797,-8.6,-8.5,4.9032,384.0402479
N#Cc1ccc2c(c1)Oc1ccccc1N2C(=O)c1[nH]c2ccc(Cl)cc2c1C=O,0.433826188,2.798456859,-10.4,-9.6,5.58968,413.0567189
COC(=O)c1ccc2c(c1)C[C@H](C)N2c1cc(OC)cc2ccncc12,0.666772978,2.8963494,-8.4,-8.1,4.1127,348.1473925
NC(c1cccc(Cl)c1)c1cccc(NCCCc2ccnc3ccccc23)c1,0.374263771,2.635654327,-8.2,-8.2,5.981,401.1658754
O=c1[nH]c(CN(Cc2ccccc2)Cc2c(Cl)ccc3cccnc23)nc2ccccc12,0.387508833,2.399086129,-9,-8.4,5.3271,440.140389
O=c1c2ccccc2ncn1C1CCCN(c2cc(Br)cc3ccncc23)C1,0.463809322,2.927981347,-8.9,-7.9,4.5487,434.0742233
N#Cc1cnn2c(C(F)(F)OC(=O)c3cc(=O)c4cc(O)ccc4o3)ccnc12,0.520394164,3.115731588,-9.2,-8.5,2.31928,398.0462758
C[C@H](Nc1ccc2cccnc2c1O)c1ccc2ccccc2c1,0.506522404,2.530526864,-9.2,-9.1,5.2667,314.1419132
Nc1nnc(-c2cc(F)cc(N3C(=O)CNC(c4ccccc4)c4cc(Br)ccc43)c2)s1,0.403399298,3.237701268,-9.8,-8.7,5.0462,509.0321215
CC(Cl)C(=O)c1ccc2c(c1)CC(=O)N2C(=O)C(=O)Nc1cc(Br)c([N+](=O)[O-])cn1,0.225984011,3.546949753,-9,-8.4,2.6167,493.9628739
O=S(=O)(Nc1nccc2sccc12)c1ccc(Oc2ccc(Cl)cc2)cc1,0.463210033,2.156752589,-8.9,-7.8,5.5428,416.005612
Cc1cc(S(=O)(=O)Nc2ccc3cc(Br)ccc3n2)c2ncccc2c1,0.515595685,2.350621589,-9.6,-8.7,4.65472,426.9990098
O=C(c1ccc(F)cc1)c1ccc(Cl)cc1Nc1cccc(C#Cc2cccs2)c1,0.280578927,2.37534512,-9.1,-7.7,6.915,431.054691
O=C(Nc1nc(Cl)nc2[nH]ncc12)C(=O)N1C(=O)C(=O)c2cc(Br)ccc21,0.423528785,3.025751193,-9.8,-9.1,1.4634,447.9322425
CC(C)(C)Oc1ccncc1NC(=O)c1cccc2ccccc12,0.763057698,2.052673528,-8.1,-8.3,4.6644,320.1524779
CC(NCC(=O)c1ccc2c(c1)CCC(=O)N2)c1ccc2ccccc2c1,0.670229986,2.672554477,-7.8,-9.5,4.258,358.1681279
CC(NC(=O)C(=O)N1C(=O)CCc2cc(C(=O)CCl)ccc21)c1ccc2ccccc2c1,0.371960511,3.039574044,-10.2,-9.4,3.9445,448.1189848
O=C(NCCNc1ccc2ccccc2c1)C(=O)N1C(=O)CC2(Cc3ccccc3C2)C1=O,0.368424531,3.207759177,-10,-9,2.4386,441.1688562
NC(CNCc1cc(=O)oc2ccc3ccccc3c12)c1ccc(Cl)cc1,0.398961724,2.717268678,-8.4,-8.7,4.3892,378.1135055
Cc1c([N+](=O)[O-])cc(NS(=O)(=O)c2ccc3[nH]c(=O)oc3c2)c2ccccc12,0.399191712,2.528257249,-9.7,-8.9,3.29172,399.0525061
O=C(CCl)c1ccc2c(c1)CCCC(=O)N2c1nccc2ccccc12,0.501466787,2.445667028,-8.8,-8.1,4.6573,364.0978555
Cc1ccc2ccncc2c1N(C(=O)CN)c1cccc2cccnc12,0.615846237,2.663712566,-8.3,-7.3,3.71482,342.1480612
N#Cc1ccc(NC(=O)C(=O)N2CCCc3c(OC(F)F)cccc32)c(N)c1,0.622749292,2.659722929,-8.9,-8.5,2.65978,386.1190468
Cn1c(/C=C/C(=O)Oc2nccc3cc(Br)ccc23)cc2ccccc21,0.35037633,2.616495336,-9.4,-8.7,5.1078,406.0316898
Nc1cccc2c1C(=O)N(c1cc(CCO)ccc1O)C2=O,0.585235237,2.341505198,-8.4,-7.5,1.3098,298.0953569
O=C(Oc1c(Br)ccc(F)c1CBr)c1nccc2c1[nH]c1ccccc12,0.232614869,2.717009531,-9,-8.3,5.7318,475.91713
O=C(CCl)c1ccc2c(c1)CCC(=O)N2C(=O)NCCCCCCCCCO,0.330798248,2.557551459,-7.6,-6.8,3.8199,408.1815851
Cc1cccc(-c2ccc(CNC(=O)NC3(c4cc(Cl)ccc4F)CCC3)cc2)c1,0.494968085,2.277965616,-9.8,-9.6,6.33312,422.1561193
O=C(c1c(O)ccc2ccccc12)N1C[C@H]2CC[C@@H](O)C[C@H]2C1,0.851130591,3.239274586,-8.8,-8.5,2.7784,311.1521435
N#Cc1ccc(CCOC(=O)c2cccc3c2oc2ccccc23)cc1,0.497442109,2.101417951,-8,-7.8,4.85718,341.1051933
Cc1nc2cc(C(=O)NS(=O)(=O)c3ccccc3OC(F)F)ccc2c(=O)[nH]1,0.665057247,2.507306446,-9.4,-9,1.95162,409.054398
CC(=O)c1ccc2c(c1)CC(=O)N2C(=O)C(=O)NCc1cccc2[nH]c(C)cc12,0.530742227,2.686466631,-9.7,-9.1,2.41102,389.1375561
Cc1cc(C(=O)NC(c2ccccc2C)c2ccccc2C)c2[nH]ncc2c1,0.531298756,2.383480045,-8.8,-9.1,5.00756,369.1841124
CC(C(=O)O)N(C(=O)c1cccc([N+](=O)[O-])c1)c1c[nH]c(=O)c2ccccc12,0.515234831,2.925719407,-8.3,-8.4,2.5562,381.0960852
CCS(=O)(=O)c1cccc(S(=O)(=O)OC(=O)c2cccc3ccncc23)c1,0.600410689,2.530082885,-8.7,-8.1,2.5741,405.0340792
Nc1ccc(Oc2ccc(S(=O)(=O)NC(=O)C(=O)Nc3ccc4cnccc4c3)cc2)cc1,0.305750528,2.330421569,-9.9,-8.9,3.0529,462.0997907
O=Cc1cccc2cc(N3C(=O)Cc4cc(C(=O)O)ccc43)ccc12,0.744584407,2.31878233,-9.5,-8.5,3.5713,331.0844579
NC(=O)c1cccc([N+](=O)[O-])c1Nc1ncnc2scc(-c3ccccc3)c12,0.389616325,2.410116583,-8.4,-8.3,4.109,391.0739103
O=C(Nc1ccc(N2C(=O)c3cccc4cccc(c34)C2=O)cc1)C(=O)N1C(=O)Cc2cc(C(=O)CCl)ccc21,0.176245917,2.810913687,-10.2,-10.5,4.1163,551.088413
O=C(NCc1ccc(-n2cnc3ccccc32)cc1)C(=O)NC(c1ccc(Cl)cc1)c1cccc2ccccc12,0.239723792,2.884373536,-10.6,-10.1,6.3541,544.1666037
O=C(c1ccc(NS(=O)(=O)c2ccccc2-c2ccc(CO)cc2)cc1)c1cnc2ccccc2c1,0.294392128,2.225256518,-9.9,-9.7,5.4259,494.1300282
CCC(=O)c1ccc2c(c1)N(c1cc(Cl)ccc1C(=O)c1ccc(F)cc1)c1ccccc1S2,0.23382405,2.475603297,-8.7,-8.2,8.2372,487.0809057
O=C(Oc1ccc(-n2c(S)nc3cc([N+](=O)[O-])ccc32)cc1)c1cc2ccccc2cc1NS(=O)(=O)c1cccs1,0.070454867,2.869517016,-11.1,-8.7,6.4571,602.0388473
N#Cc1ccc(-c2ccc3c(c2)N(c2ncc([N+](=O)[O-])cc2-c2ccccc2)CCO3)s1,0.294655577,2.757784571,-9.1,-8.1,5.78748,440.0943114
Nc1ccc(C(=O)N(c2ccc3c(Cl)ccnc3c2)c2cccc3cccnc23)cc1,0.360503821,2.488532934,-9.5,-9.2,5.9971,424.1090888
O=C(CNNc1cccc2ccncc12)c1cccc(Cl)c1,0.557207257,2.346391146,-7.3,-6.9,3.6876,311.0825397
NNC(=O)c1ccc2c(c1)N(c1ccnc(Br)c1)C(=O)C2,0.374385856,2.622912721,-8.1,-7.9,1.6684,346.0065377
NCc1cc2ccc(OC(=O)c3ccccc3C(=O)c3ccc4c(c3)OCCO4)cc2[nH]c1=O,0.26872155,2.481370731,-9.2,-8.4,3.2082,456.1321364
CC(C)(CNC(=O)C(=O)Nc1nc(-c2ccc(-c3ccccc3)cc2)cs1)c1ccc2ccccc2c1,0.253480772,2.3544211,-10.3,-10.6,6.6628,505.1823981
O=c1[nH]cnc2cc(N3CCc4ccc(OCc5ccccc5)cc4C3)c([N+](=O)[O-])cc12,0.381217446,2.536598963,-10.3,-9.2,3.973,428.1484551
CC1CCc2c(sc3nc(S)n(-c4ccc(NNc5cccc6cnccc56)cc4)c(=O)c23)C1,0.169259714,3.325268779,-9.9,-9.4,5.8479,485.1344024
N#Cc1ccc(-c2ccc3c(c2)N(S(=O)(=O)c2cccc(-c4ccccc4)c2)CCO3)s1,0.402487179,2.503161246,-9.4,-9.2,5.54148,458.0758844
O=C1Cc2ccccc2C2(CCN(c3cccc(-n4cnc5ccccc54)n3)CC2)N1,0.549645374,3.174778848,-10.5,-10.4,3.5885,409.1902604
CC(Cl)C(=O)C(C#N)=C1Sc2ccccc2N1c1ccc2[nH]c3c(c2c1)CCCC3=O,0.308750496,3.574402928,-9.7,-9,5.86228,447.0808255
C[C@H](NC(=O)C(=O)N[C@@H](C)c1cccc2cnccc12)c1cccc2ccccc12,0.500178738,2.936007577,-9.5,-9.7,4.4426,397.179027
O=C(COc1ccc2cc(Br)ccc2c1)OCC(=O)c1ccc2ccccc2c1,0.285792272,2.023824812,-7.9,-8.4,5.5604,448.0310211
Fc1cccc2ccnc(N3CCc4ccccc4-c4ccccc43)c12,0.43943645,2.24773898,-10,-9.7,5.7351,340.1375768
O=C(CN1C(=O)c2cccc3cccc(c23)C1=O)NCc1ccc2c(c1)N(C(=O)c1ccc(-c3cccc4cccnc34)cc1)CCO2,0.225597404,2.792202312,-11.6,-11.8,6.0066,632.20597
CC(Nc1ccc(Oc2ccccc2C=O)cc1Cl)c1ccc2c(c1)CC(=O)N2,0.521718031,2.867824712,-9.3,-8.3,5.6125,406.1084201
CC(N)c1ccc2c(c1)CC(=O)N2c1ccc(Oc2ccccc2C=O)cc1Cl,0.591913848,2.938640037,-8.9,-8.8,5.1853,406.1084201
CC(SCc1nc2ccccc2c(=O)[nH]1)C(=O)OS(=O)(=O)c1cccc2cnccc12,0.440784958,3.249185096,-8.2,-8.6,3.0251,455.0609626
O=C(Oc1cccc(/C=C/S(=O)(=O)Cl)c1)c1cc([N+](=O)[O-])cc2ccccc12,0.19879401,2.456234172,-9.5,-8.8,4.5065,417.0073858
Nc1ccc(-c2cccc(N3CCc4cc(O)ccc4C3=O)c2)c(F)c1,0.688473674,2.257659635,-9.5,-9.1,3.9834,348.127406
O=C(O)c1cccc(N(c2nc3ccccc3c(=O)[nH]2)c2ccc(Br)c3cc[nH]c23)c1,0.3260409,2.860326521,-9.6,-8.7,5.3349,474.0327524
NC(=O)N(C(=O)C(=O)N[C@@H]1C[C@H]1c1cccc2ccccc12)c1cccc2ccccc12,0.486532059,3.285143848,-11.1,-9.7,4.077,423.1582915
Cc1cccc(C(NCC(=O)c2c[nH]c3ncccc23)c2ccc(Cl)cc2)c1,0.451590642,2.769190957,-8.2,-8.4,5.08662,389.1294899
O=S(=O)(Nc1cc2cccnc2[nH]1)c1ccc(-c2ccc(Br)cc2)cc1,0.490811134,2.289273797,-8.7,-8.7,4.7932,426.9990098
O=C(c1ccc(S(=O)(=O)c2ccccc2)cc1)N1CCC2(CC1)NC(=O)N(C(=O)c1ccc3c(=O)[nH][nH]c(=O)c3c1)C2=O,0.231381871,3.409416094,-12.1,-9.5,1.4162,601.1267337
CN(Cc1ccnc2[nH]ccc12)C(=O)Nc1c(-c2ccccc2)nc2ccccn12,0.468053644,2.590315466,-9.2,-8.1,4.5415,396.1698593
C[C@@H](N)c1ccncc1OC(=O)c1cc2c(s1)-c1ccccc1CC2,0.720871847,2.991700461,-8.8,-8.9,4.1476,350.1088988
N#Cc1ccc(NNc2ccc3[nH]c4c(c3c2)CCCC4=O)cc1,0.638037763,2.510552804,-9.2,-9,3.99758,316.1324111
CC(Cl)C(=O)c1ccc2c(c1)CC(=O)N2c1ccc2ncccc2c1Br,0.433373775,3.116630558,-8.5,-8.8,5.0281,427.9927175
N#Cc1cc(CNC(F)(F)c2cc3cc(Br)ccc3cn2)ccn1,0.68288765,2.952691854,-8.6,-8.1,4.10308,388.0135149
CC(C)(C)OC(=O)N(c1ccccc1-n1ncc2c(=O)[nH]cnc21)c1cc2ccccc2nc1Cl,0.341442175,3.042803573,-9.1,-8.5,5.3836,488.1363662
CNCc1ccc(OC(=O)c2cc3c(cn2)Cc2ccccc2-3)cc1Oc1ccc(F)c(Cl)c1,0.235179467,2.600172144,-9.3,-9.2,6.1762,474.1146484
N#Cc1ccc2cc(C(=O)Oc3c(Br)cnc4ccccc34)ccc2c1,0.429603881,2.286777797,-9.6,-9.2,5.24138,402.0003897
N#Cc1ccc(OC(F)(F)NNc2cccc3ccncc23)cc1,0.425362087,2.748620764,-7.4,-7,3.65228,326.0979174
Cc1cccc(C(=O)N(c2ccc(O)cc2)c2cc3ncccc3cc2O)c1,0.536040758,2.388400622,-8.6,-7.6,4.93292,370.1317424
O=C(Nc1ccccc1)Nc1cccc2c1CCN(C(F)(F)c1cccc3c1CCNC3)C2,0.487911583,2.806984795,-10,-9.2,5.0839,448.2074679
O=C1NCC(c2ccccc2)C(=O)N1c1cc2ccncc2cc1Br,0.716258427,3.079219692,-8.7,-8.7,3.8373,395.0269388
O=C1NCC(c2ccccc2)C(=O)N1c1cc2cnccc2cc1F,0.782076607,3.005892769,-9.2,-8.8,3.2139,335.1070049
O=C(COc1ccc2oc3c(c2c1)CCCC3)OS(=O)(=O)c1cccc2ccncc12,0.432441797,2.812480627,-8.6,-8.4,4.1707,437.0933083
Nc1cccc(-c2ccc(NS(=O)(=O)c3ccc(-n4nccn4)cc3)c(Cl)c2)c1,0.470721212,2.354497915,-8.9,-8.5,3.9707,425.0713234
COc1cc2c(cc1NCc1ccc3nn[nH]c3c1)oc1ccccc12,0.502670618,2.572638081,-9.5,-9.2,4.478,344.1273258
Nc1ccc2cc(C(=O)Oc3cc4c(nn3)-c3ccccc3C4)ccc2c1,0.383249651,2.48974232,-10.1,-9.2,4.0024,353.1164267
N#CC(c1ccccc1)c1ccc(NS(=O)(=O)c2cc(F)cc(Br)c2)cc1,0.598127738,2.706325591,-9.1,-8.7,5.04448,443.994339
Nc1cnc2c(F)cccc2c1OC(=O)c1ccc(-c2cccc(Cl)c2)cc1,0.467656089,2.239201391,-9,-8.6,5.4957,392.0727836
N#Cc1ccc(F)c(NNC(=O)N2C(=O)C(=O)c3ccc(C#N)cc32)c1,0.629109053,2.800344874,-9.5,-9,1.83506,349.0611173
N#Cc1ccc(F)c(NNC(=O)C(=O)N2C(=O)C(=O)c3ccc(C#N)cc32)c1,0.580956793,2.904933818,-9.7,-8.3,0.76826,377.056032
N#Cc1cc(F)cc(N(N)c2ccc(-c3cccc(N)c3)cc2F)c1,0.428695812,2.661203983,-9,-8.9,4.09748,336.1186529
O=C1Cc2cc(C(=O)CNS(=O)(=O)c3ccc(NC(=O)Oc4ccccc4)cc3)ccc2N1,0.460047953,2.363730407,-9.1,-8.6,2.9533,465.0994563
COC(=O)c1cccc2c3c([nH]c12)CCN(C(F)(F)Sc1cccc(C#N)c1)C3,0.386745975,3.043955916,-9.5,-8.6,4.52688,413.1009542
CCC(NC(=O)N1CCCc2cc(OCc3ccccc3)ccc21)c1cccc2ccccc12,0.342483672,2.683196163,-10.3,-9.7,7.0323,450.2307282
O=C1Cc2cc(C(=O)C3CCN(S(=O)(=O)c4ccc5c(c4)Cc4ccccc4-5)CC3)ccc2N1,0.454671223,2.518731328,-10,-9.2,4.036,472.1456782
CCc1cccc2c(C3=CCN(C(=O)NC(=S)c4c(F)cccc4F)CC3)c[nH]c12,0.568092103,2.893997291,-9.5,-8.9,5.1829,425.1373397
C[C@@H](NC(=O)NC1CC[C@@H](O)[C@@H](O)CC1)c1cccc2ccccc12,0.64754322,3.191937764,-8.4,-9.2,2.8644,342.1943427
Cc1cc(=O)oc2cc(O)c(NCc3ccc(-n4cnc5ccccc54)cc3)cc12,0.337641859,2.404137163,-9.7,-9.3,4.75802,397.1426415
CC(Cc1ccc2ccccc2c1)NC(=O)C(=O)N1CCc2nc(-c3ccccc3)ncc2C1,0.478283719,2.880840807,-9.8,-10.4,3.9289,450.2055761
Cc1cccc(Oc2ccc(Nc3ccc(-n4c(S)nc5cc([N+](=O)[O-])ccc54)cc3)cc2)c1,0.15824316,2.473920653,-9.7,-8.8,7.06672,468.1256115
O=C(COc1ccc2oc3ccccc3c2c1)NC(Cc1cccc2cccnc12)=NO,0.184756804,2.619337192,-8.9,-9.9,4.6596,425.1375561
O=C(Oc1cc(CO)cc(-c2cccnc2)c1)c1cc2ccccc2c(=O)[nH]1,0.423546793,2.352971647,-10.1,-9.3,3.3016,372.111007
[N-]=[N+]=Nc1cc(F)cc(N2CCc3c([nH]c4ccccc34)C2C(=O)O)c1,0.413852536,3.440709068,-9.6,-8.9,4.4372,351.1131529
O=C(Nc1ccc2c(c1)CCC(=O)N2CC(F)(F)F)C(=O)N1C(=O)CC(=C2CNC2)C1=O,0.38852659,3.31528535,-9.9,-8.9,0.6519,450.1151043
O=C(O)CCCc1ccc2c(c1)CC(=O)N2c1cc(Br)cc2ccccc12,0.610379221,2.375158329,-9.7,-8,5.2304,423.0470055
Clc1ccc(C(Nc2ccc3c(c2)oc2ccccc23)c2ccc(Cl)cc2)cc1,0.319032114,2.091527365,-9.9,-8.7,8.0943,417.0687195
O=C(Nc1cccc2nccn12)N1CCCc2cc(-c3ccccc3)ccc21,0.542047901,2.423917091,-10.3,-9.1,4.986,368.1637113
O=C(CNc1cc2cccnc2c2ncccc12)c1cccc([N+](=O)[O-])c1,0.250672871,2.345012352,-8.9,-8.6,3.986,358.1065903
CN(C(=O)NNc1ccc2occc2c1)c1ccc2c(c1)oc1ccccc12,0.410602534,2.599166269,-9.7,-9.5,5.5051,371.1269914
O=Cc1ccc(Cl)c(OC(=O)c2cnc3c(F)ccc(F)c3c2)c1F,0.393478362,2.665552908,-8.5,-8.6,4.3372,365.0066554
N#Cc1ccc(-c2ccc3c(c2)N(C(=O)NCCc2ccc4occc4c2)CCO3)s1,0.484565003,2.793444025,-9.8,-8.8,5.18408,429.1147125
O=C(CBr)c1ccc(N2c3ccccc3Sc3cc(O)ccc32)c(Cl)c1,0.28575351,2.486972525,-8.6,-8.2,6.5576,444.9538894
CS(=O)(=O)c1ccc2c(c1)CCN2C(F)(F)Oc1cccc2c(O)ccnc12,0.66980914,2.957848373,-9.5,-8.8,3.3357,406.0798844
CC1CCc2c(sc3nc(CCC(=O)Oc4cc5cn[nH]c5s4)[nH]c(=O)c23)C1,0.497181895,3.629676428,-8.7,-8.6,3.5854,414.0820324
Cc1ccc2cnccc2c1N1C(=O)CCCc2cc(C(=O)CCl)ccc21,0.477465104,2.577731157,-8.5,-8.4,4.96572,378.1135055
N#Cc1ccc(C=O)c(N2CCc3[nH]c4c(C(=O)O)cccc4c3C2)c1,0.710970777,2.700946121,-9,-8.7,3.11298,345.1113413
O=C(Oc1cc(F)c2cnccc2c1)c1cc([N+](=O)[O-])ccc1Oc1ccccc1,0.194143481,2.321712852,-10,-9.2,5.2936,404.0808497
Nc1cccc2c1N(C(c1ccccc1)c1cccc(I)c1)CCNC2=O,0.446560813,3.013478737,-9.4,-8.6,4.2128,469.0651103
O=C(Nc1ccc(N2C(=O)c3cccc4cccc(c34)C2=O)cc1)C(=O)Nc1cccc2cnncc12,0.291179826,2.52801693,-11.4,-9.8,4.1608,487.128054
Nc1cccc2ccc(S(=O)(=O)Nc3nc4c(F)cccc4cc3Br)cc12,0.448154242,2.457528796,-9.9,-9.3,4.6726,444.989588
O=C(Oc1cn2ccccc2n1)c1c(O)ccc2ccccc12,0.576382038,2.427570313,-9.1,-8.5,3.4123,304.0847922
O=C1CCOc2c1ccc(NS(=O)(=O)c1cccc3c(Cl)nccc13)c2F,0.668626498,2.65631584,-9.3,-8.8,3.7933,406.0190338
C[C@@H](NC(=O)C(=O)N1CCc2[nH]c3c(Br)cccc3c2C1)c1cnc2ccccc2c1,0.424306621,3.102762868,-10.5,-10.2,4.2407,476.084788
N#Cc1cccc(COC(=O)c2c(Cl)c3ccccc3[nH]c2=O)c1,0.741692165,2.200646152,-8.7,-8.1,3.41018,338.0458199
Cc1cc(O)c(Br)c(N2CCC(c3ccnc4ccccc34)CC2)c1,0.62955787,2.442533928,-8.9,-8.7,5.39532,396.0837254
O=C(CN1C(=O)c2cccc3cccc1c23)c1cccc(F)c1,0.689808729,1.976575437,-8.7,-8.9,3.822,305.0852068
O=C(O)c1ccccc1Sc1ccc(S(=O)(=O)NS(=O)(=O)c2ccc3c(c2)Cc2ccccc2-3)cc1,0.30693831,2.531930865,-10.8,-9.9,4.7744,537.0374503
O=S(=O)(Cl)c1cc(NS(=O)(=O)c2ccc(OC(F)(F)F)cc2Cl)c2ccccc2c1,0.4916635,2.426198819,-9.6,-8.3,5.1201,498.9329544
CN(C(=O)CCc1c(-c2ccccc2)[nH]c2ccc(Br)cc12)S(=O)(=O)c1ccc2ccccc2c1,0.26288053,2.49810437,-9.8,-9.3,6.5305,546.0612757
N#Cc1ccc(OC(=O)Cc2ccc3oc4ccccc4c3c2)nc1,0.531274018,2.339023628,-8.7,-8.4,4.00078,328.0847922
CN(C(=O)Nc1cccc(C(=O)c2ccccc2)c1)C(=O)c1cccc(C#N)c1,0.687114675,2.154966985,-9.9,-9.6,4.09338,383.1269914
O=C1NCC2(CCN(c3ccc(S(=O)(=O)c4ccc(O)cc4)cc3)CC2)N1,0.746898418,3.126003059,-9.3,-8.4,1.8768,387.1252772
O=C1NC2(CCCN(Cc3ccccc3)C2)C(=O)N1c1ccc(-c2cccc([N+](=O)[O-])c2)nn1,0.354058501,3.534972321,-10,-9.6,3.1428,458.1702532
O=C(c1ccc(O)cc1)c1ccc(N2CCC3(CCOc4ccccc43)CC2)cc1,0.633745611,2.754876055,-10.3,-9.6,4.9439,399.1834437
Nc1ccc(Cl)c(S(=O)(=O)N(C(=O)Nc2cc(I)ccn2)c2cccc(Cl)c2)c1,0.343609334,2.723826845,-8.5,-8.6,5.0026,561.9130146
CN(/C1=C/CCCc2ccccc2C1=O)c1ccc2cnccc2c1,0.67893973,2.622693386,-9.4,-9.4,4.7741,328.1575633
O=C(COc1ccc2cc(Br)ccc2c1)Oc1cccc(Sc2ccc(F)cc2)c1,0.221397888,2.208314351,-8,-8.2,6.877,481.9987557
Cc1ccn2cc(-c3ccc(NC(=O)N4CCc5cc(C(N)=O)ccc54)cc3)nc2c1,0.533572175,2.432041647,-9.7,-9.5,4.00322,411.1695249
CN(c1ccccc1)c1ccc(NS(=O)(=O)c2ccccc2-c2ccc(CO)cc2)cc1,0.399629386,2.104895354,-9.4,-8.7,5.4146,444.1507636
O=Cc1ccc(Cl)cc1Oc1ccc(N2C(=O)c3sccc3S2(=O)=O)c(Cl)c1,0.518148691,2.944602219,-9.6,-9.1,5.0088,452.9299197
CC(C)c1ccc(C(Nc2ccc3[nH]c(=O)oc3c2)c2ccc(Cl)cc2)cc1,0.431101429,2.733355039,-9.7,-8.3,6.0994,392.1291556
O=C(COc1ccc2ccc(=O)oc2c1)OCc1nc2ccccc2c2ccccc12,0.238621911,2.30427006,-8.3,-8.5,4.6166,411.1106726
Cc1cc2c(S(=O)(=O)NC(=O)C(=O)NCc3nc4ccccc4c(=O)[nH]3)cccc2cn1,0.390029048,2.678520204,-11,-10.4,0.90102,451.0950396
O=Cc1cc(F)cc(NC(c2ccccc2)c2ccc3c(c2)CCCO3)c1,0.637694753,2.812096024,-9,-8.2,5.1647,361.1478071
O=C(Nc1ccc(Nc2ccc(Cl)cc2)cc1)N1CCCc2cc(OCc3ccccc3)ccc21,0.295902501,2.116440127,-10.2,-9.6,7.6473,483.1713548
COc1ccc2c(c1)C(=O)N(C(=O)C(=O)Nc1nc(-c3cccc4ccccc34)cs1)C2=O,0.371218845,2.476611913,-10.5,-9.8,3.7332,457.0732416
Cc1ccc2c(c1)NCCN(CCc1ccc3ccccc3c1)C2,0.758365079,2.110615036,-8.4,-8.6,4.61842,316.1939488
C/C(=C\c1ccc([N+](=O)[O-])cc1)C(=O)OC(F)(F)c1cccc2c(F)ccnc12,0.26022877,2.771184152,-9.1,-7.7,4.9781,402.0827416
Cc1cccc(N(Cc2ccccc2)C(=O)C(=O)Nc2ccc3nccnc3c2I)c1,0.311281885,2.577093332,-8.8,-8.7,4.71472,522.0552738
N#Cc1c(Br)cccc1OC(=O)CN1C(=O)c2cccc3cccc(c23)C1=O,0.356027422,2.441317379,-9.4,-9.1,3.67558,433.9902189
O=Cc1cc2ccccc2nc1N(c1cccc(F)c1)c1ncc(Br)cn1,0.4221375,2.676306435,-9,-7.8,5.2087,422.0178513
N#CC(Br)c1ccc(OC(=O)c2ccc3ccc(Br)cc3c2)cc1,0.291915529,2.79545126,-8.8,-8.2,5.78108,442.9156528
O=C(NCc1cc2cc(Br)ccc2cn1)C(=O)N(c1ccccc1)c1nc(S)nc2ccccc12,0.18435915,2.948814596,-10.2,-8,5.2103,543.0364579
Cc1cccc(C(=O)N(c2ccc(O)cc2)c2cc(F)cc(S(=O)(=O)F)c2)c1,0.652214631,2.488374977,-9.1,-8.8,4.47642,403.0689854
O=C(c1ccc2c(c1)CC(=O)N2c1cc(Br)cc(F)c1C(F)F)C1CCNCC1,0.64948515,2.971883725,-9.3,-9,4.9289,466.0503746
O=C(c1ccc2c(c1)CC(=O)N2C(F)c1c(F)cc(Br)cc1F)C1CCNCC1,0.533730151,3.446896198,-9.2,-9.4,4.467,466.0503746
CC(NS(=O)(=O)c1cccc2ccccc12)c1ccc2ccn(C)c2c1,0.584470849,2.637933392,-8.9,-8,4.371,364.1245489
O=C1CCc2cc(OCC(=O)N3CCCC4(C3)C(=O)NC(=O)N4C(=O)c3ccc4c(c3)oc3ccccc34)ccc21,0.382004862,3.886679982,-12,-11.9,3.8471,551.1692501
CC(C)(C(=O)Oc1ccc(-c2cccc([N+](=O)[O-])c2)nn1)c1c[nH]c2ccccc12,0.300529209,2.649159825,-9.1,-9.5,4.4163,402.1328051
N#Cc1ccc(C(N)CNc2cc(C#N)cc(-c3ccccc3)c2)cc1,0.729508831,2.692914099,-8.9,-8.1,4.20886,338.1531466
N#Cc1ccc(C(CF)NC(=O)C(=O)Nc2cc(C#N)cc(-c3ccccc3)c2)cc1,0.620755336,2.922845411,-9.7,-9,3.86246,412.133554
O=C(Nc1cc2c(=O)[nH]cnc2cc1F)N(Cc1ccccc1)S(=O)(=O)c1ccccc1,0.481461423,2.536792004,-9,-9.1,3.4852,452.0954542
O=C(Oc1ccc2nc[nH]c(=O)c2c1)c1ccc2nc[nH]c2n1,0.427387533,2.78242037,-8.7,-8.2,1.4136,307.0705391
O=C(Oc1cc(Br)cc2cc[nH]c(=O)c12)c1cc2ccc(F)cc2[nH]c1=O,0.377123578,2.622101265,-10,-8.9,3.4904,427.9807971
N[C@@H]1CCC[C@@H]1NC(=O)N1CCc2cc(Br)c(F)cc2C1,0.812590316,3.25473511,-8.3,-7.2,2.5357,355.0695525
CCc1cccc2c(C3=CCN(c4cc(C#N)ccc4C(F)(F)F)CC3)c[nH]c12,0.598640213,2.81524616,-9,-9,5.91448,395.1609323
Cc1n[nH]c2cc(OC(=O)CSCc3nc4sc5c(c4c(=O)[nH]3)CCCC5)ccc12,0.360713597,2.872450691,-8.2,-8.4,3.88692,440.0976825
CS(=O)(=O)c1cccc(S(=O)(=O)N2CCCc3c2cnn3-c2ccccc2)c1,0.650376735,2.413176386,-9.2,-9.1,2.4173,417.0816981
NC(=O)c1ccc(S(=O)(=O)NC(=O)c2ccc(Sc3ccc([N+](=O)[O-])cc3)cc2)cc1,0.408927109,2.193520698,-9.1,-8.5,2.9636,457.0402272
O=C1c2cc(Br)ccc2OCCN1c1ccc2[nH]ccc2c1,0.716396779,2.356403646,-8.5,-8,3.9696,356.0160398
N#Cc1ccc(F)c(C(=O)Oc2nc(-c3ccccc3)c3ccccc3n2)c1,0.496145163,2.313318656,-9.9,-9.5,4.52678,369.0913548
COC(=O)c1cccc2c3c([nH]c12)CCN(c1cc(Cl)c2c(c1)CNCC2)C3,0.647585697,2.822031476,-9.1,-8.6,3.8163,395.1400546
O=C(Cc1cc(F)cc2c1OCOC2)OS(=O)(=O)c1cc(Cl)cc2cccnc12,0.577626648,3.005347098,-9,-8.1,3.3684,437.013614
O=C1Cc2ccc(C(F)(F)F)cc2N1C(c1ccccc1)c1cccc(I)c1,0.411017103,2.895637198,-8.7,-7.8,5.9887,493.0150468
Fc1ccc(-n2c(S)nnc2-c2ccc(N3CCc4ccc(OC(F)F)cc4C3)cc2Cl)cc1Cl,0.283594056,2.780481895,-9.5,-8.6,6.833,536.0452222
N#Cc1cccc2c1N(c1ccc3cnccc3c1N)C(=O)C2,0.700358616,2.7874125,-8.7,-8.2,2.90948,300.101111
NN(C(=O)c1ccc2cc[nH]c2c1)c1ccc(-c2nc(S)c3ccccc3n2)cc1,0.133232956,2.690542468,-9.3,-9.2,4.5873,411.1153812
C[C@@H](Nc1cc(Cl)cc(Oc2ccccc2C=O)c1)c1ccncc1Cl,0.514402863,2.843522581,-8.4,-8,6.1663,386.0588831
N#Cc1ccc(-c2ccc3c(c2)N(c2cccc4c(Br)csc24)CCO3)s1,0.335187009,2.955716225,-8.9,-7.7,6.79448,451.9652671
CC(OC(=O)c1ccc(C#N)cc1F)c1ccc2ccccc2c1,0.653455997,2.525467549,-8.8,-8.6,4.76858,319.1008569
NN(C(=O)C(=O)Nc1ccc2oc3ccccc3c(=O)c2c1)c1ccncc1Cl,0.172967057,2.643775053,-9.6,-9.5,2.84,408.0625326
O=C(Nc1cccc(S(=O)(=O)Nc2cccc(Cl)c2)c1)C(=O)Nc1nnc(-c2cccc3ccccc23)o1,0.255859885,2.437774358,-11.3,-10.9,4.9212,547.0717174
O=S(=O)(Nc1ccc2[nH]ccc2c1)c1cc(Br)c(F)cc1Cl,0.631479469,2.343777329,-8.4,-7.3,4.5237,401.9240665
CC(Cl)C(=O)c1ccc2c(c1)CC(=O)N2Cc1cccc(C#N)c1,0.633263447,2.843897299,-8.4,-8.4,3.45758,338.0822054
Cc1ccc2c(C)c(C(=O)Oc3cc(Br)cc4cn[nH]c34)[nH]c2c1,0.390700254,2.69844389,-9.2,-8,4.64274,383.0269388
Cc1cn2ncc(NS(=O)(=O)c3ccc4cnccc4c3)c2nc1C,0.611555547,2.607178213,-9,-8.5,2.69514,353.0946457
CC(=O)c1ccc2c(c1)N(c1ccc3ncccc3c1C(=O)O)c1ccccc1S2,0.362743477,2.483814283,-9.3,-7.7,6.07,412.0881634
CCS(=O)(=O)c1ccc(S(=O)(=O)Nc2cc3cccnc3c3ncccc23)cc1,0.489558864,2.322706385,-9.1,-8.4,3.3774,427.066048
Nc1cccc2c1CN(c1cc(-c3ccccc3)ccn1)CC2,0.730094574,2.123232307,-8.9,-9.2,3.8935,301.1578976
Cc1ccc(-c2cccc(NC(=O)C(=O)N(c3cccc(C#N)c3)S(N)(=O)=O)c2)cc1,0.609177668,2.483703882,-9.4,-8.7,2.7089,434.1048761
Cc1cccc(C(Nc2cc(F)cc(I)c2)c2cccc(Cl)c2)c1,0.44105792,2.68032049,-8.7,-7.8,6.59362,451.0000034
O=[N+]([O-])c1cc2ccccc2nc1N1CCC(c2c[nH]c3ccccc23)CC1,0.405169804,2.358562329,-9.6,-8.9,5.0083,372.1586259
Cc1c(C(=O)OCC(=O)c2cccc([N+](=O)[O-])c2)[nH]c(=O)c2ccccc12,0.320844366,2.215769654,-7.6,-7.7,2.78442,366.0851862
CC(Nc1cccc(Oc2ccc(F)cc2C=O)c1)c1coc2ccccc12,0.399019121,2.843804633,-9.3,-8.7,6.3498,375.1270717
[N-]=[N+]=Nc1cccc(S(=O)(=O)Nc2ccc(C(=O)c3cccc(F)c3)cc2)c1,0.27939653,2.313957301,-8.8,-8.4,4.7993,396.0692395
O=C(NCc1ccc(Cn2cnc3ccccc32)cc1)C(=O)N1CCc2cc(F)c(F)cc2C1,0.473834041,2.484132898,-11,-9.8,3.5639,460.1710824
O=C(N[C@@H]1C[C@H]1c1cccc(Cl)c1)C(=O)N1C(=O)c2cc(S(=O)(=O)Cl)ccc2S1(=O)=O,0.496846873,3.706082584,-9.9,-8.9,1.6109,501.9462981
O=C(CN1C(=O)c2ccc(Cl)cc2S1(=O)=O)c1ccc2ccccc2c1,0.646545478,2.283048668,-9.6,-9.3,3.5206,385.0175565
O=C(Nc1cc(Cl)ncc1Cl)C(=O)N1C(=O)Cc2cccc(Br)c21,0.558253473,2.892674762,-8.4,-7.7,3.2053,426.9126086
O=C(/C=C/c1ccc2[nH]ccc2c1)Oc1cc(Cl)c(F)cc1Cl,0.304069575,2.417487229,-8.4,-8,5.2326,349.0072621
CCOc1ccc2c(c1)C(=O)N(c1c(Cl)ccc3ccncc13)C2=O,0.666091544,2.337193815,-8.3,-8.3,4.0875,352.06147
O=C(c1ccccc1)c1cc([N+](=O)[O-])ccc1Nc1cccc(Nc2ccccc2)c1,0.212134994,2.001928319,-8.9,-8.5,6.313,409.1426415
CCc1ccc(-c2csc(Nc3ccc(CN4C(=O)CCc5cc(N)ccc54)cc3)n2)cc1,0.341455622,2.334034795,-10.3,-8.9,6.1777,454.1827325
O=C(NCCc1ccc2cc[nH]c2c1)C(=O)NS(=O)(=O)c1cnc2ccc(Cl)cc2c1,0.398332393,2.593828704,-9.5,-8.7,2.5333,456.0659037
Cc1cccc2c(Cl)nc(OC(=O)c3ccccc3Cc3nc4ccccc4c(=O)[nH]3)nc12,0.312333573,2.701650924,-9.8,-10.2,4.63812,456.0989181
Cc1cc2c(cc1Br)CN(c1ccc(-c3ccccc3)cc1)CC2,0.529701513,1.98422687,-8.7,-8.8,5.98722,377.0779117
CC(Nc1cc(O)cc(-c2cccnc2)c1)c1cnsc1,0.761427843,3.147484648,-7.6,-7.4,4.0838,297.0935831
Oc1ccc2c(c1)CCN(c1ccc3cc(Cl)ccc3c1)C2,0.700195483,2.073773357,-8.8,-8.5,4.7615,309.0920418
N#Cc1cccc(N(C(=O)Nc2ccccc2)c2ccc3cc(C#N)ccc3n2)c1,0.511132803,2.4040926,-9.3,-8.5,5.34836,389.1276601
Nc1c(Br)cccc1S(=O)(=O)Nc1ncc([N+](=O)[O-])cc1-c1ccccc1,0.346467688,2.473564731,-9,-7.8,3.8023,447.984088
NCCN(c1ccc(C(=O)c2ccccc2)cc1)c1ncnc2sccc12,0.516204634,2.450526157,-8.3,-7.5,4.0191,374.1201322
O=S(=O)(Cl)/C=C/c1ccccc1NS(=O)(=O)c1ccc2ccccc2c1,0.643125492,2.320738657,-9.4,-7.8,4.1799,407.0052776
O=C1NC2(CCCCCCCCCCC2)C(=O)N1C(=O)NC1(c2cc(F)cc(Br)c2)CC1,0.489935385,3.858958653,-9.1,-9.6,5.8822,507.1532822
O=C(NC1CC(c2cccnc2)C1)N(Cc1ccccc1)Cc1nc2ccccc2c(=O)[nH]1,0.47551544,2.508927584,-9.5,-9.2,3.9761,439.200825
CS(=O)(=O)c1ccc(C(=O)CNc2nc3c([N+](=O)[O-])cccc3[nH]2)cc1,0.383294549,2.44842372,-8.5,-7.4,2.1694,374.0684905
O=S(=O)(NC1CC[C@@H](O)[C@@H](O)CC1)c1cscc1Br,0.703376728,3.766530825,-7,-6.8,1.4533,368.9704121
O=C(Nc1ccc2nccnc2c1I)C(=O)N1C(=O)c2ccncc2S1(=O)=O,0.377946443,3.218324704,-9,-8.9,0.9392,508.9290874
N#Cc1ccc2c(c1)N(c1c(Br)cccc1S(=O)(=O)Cl)C(=O)C2,0.708940909,2.803665048,-7.7,-7.8,3.46908,409.9127529
CC1CC(=O)N(Cc2ccccc2)c2ccccc2N1c1ccc2ccc(=O)[nH]c2c1Cl,0.445126433,3.017192238,-9.7,-10.5,5.645,443.1400546
O=C(Cc1ccc2oc3ccccc3c2c1)N(c1ccccc1)c1nc(S)nc2ccccc12,0.233689931,2.678553554,-9.9,-7.9,6.7253,461.1197978
Cc1cc2c(S(=O)(=O)Nc3ccc(-n4nc(C)cc4C)cc3)cccc2cn1,0.566041585,2.302568402,-9.1,-8.8,4.14656,392.1306969
Cc1cc(NS(=O)(=O)c2cccc(-c3ccccc3)c2)ccc1Oc1cccnc1,0.440949973,2.007284112,-9.3,-9.4,5.65012,416.1194635
Cc1sc2ncnc(SCCC(=O)Oc3cncc4ccsc34)c2c1C,0.266156049,2.901055951,-8.1,-7.2,5.00564,401.0326397
O=C1CCc2c1cccc2N1C(=O)c2ccccc2NC12CCNCC2,0.832561807,3.348156245,-8.6,-9.2,2.9675,347.1633769
NS(=O)(=O)c1ccc(CC(F)(F)OC(=O)c2[nH]c3ccc(Br)cc3c2C=O)cc1,0.408319875,2.822053432,-8.9,-7.3,3.3826,485.9696611
N#Cc1cc(N)ncc1N1CCCC1c1cnc2ccccc2c1,0.783546473,3.035448622,-8.8,-8.6,3.42518,315.1483955
O=C(Oc1c(Cl)cc([N+](=O)[O-])cc1Cl)c1cc(=O)[nH]c2ccc(Cl)cc12,0.292106442,2.398578352,-8.7,-8.8,4.6157,411.9420544
Cc1cc2cccnc2cc1OC(=O)/C=C/c1cnc2ccccc2c1,0.307810099,2.308461676,-9.3,-9,4.71022,340.1211778
O=C1Cc2cc(Br)c(F)cc2N1C(F)(F)c1cscc1Br,0.598059375,3.449834714,-7.6,-7.9,5.0508,438.8488937
O=Cc1cc(F)cc(N2CCC3(CCc4ccccc4C3)CC2)c1,0.762904583,2.975146644,-8.7,-8.6,4.4137,323.1685425
Cc1cnccc1N(N)c1cccc(Oc2ccc(F)cc2C=O)c1,0.430295443,2.651597065,-8.5,-7.9,4.14572,337.122655
Cc1cc(N)ncc1S(=O)(=O)NC(=O)NS(=O)(=O)c1cc(Cl)cc2cccnc12,0.533278338,2.820942234,-9.6,-8.7,1.55062,455.0124882
Oc1ccc2c(c1)Sc1ccccc1N2c1c(O)ccc2cc(Br)ccc12,0.29857011,2.529146672,-8.8,-8.2,6.9479,434.9928618
O=C(c1ccccc1)c1ccc(NS(=O)(=O)c2ccc(-n3cccc3)cc2)cc1,0.482658726,1.970891295,-8.4,-8.5,4.5091,402.1038134
COc1cc2ccncc2cc1N1CCOc2cccc(Br)c2C1,0.654928889,2.502061156,-8.2,-8.3,4.4049,384.0473399
O=C(/C=C/c1ccc([N+](=O)[O-])cc1)Oc1cc(F)c2ccccc2c1,0.230920422,2.177713425,-8.8,-8.8,4.5059,337.0750361
CC(C)(O)CCc1ccc2c(c1)CCN(C(=O)NC1c3ccccc3-c3ccccc31)C2,0.600356757,2.530940003,-9.7,-9.8,5.2278,426.2307282
O=C(Nc1ccc(OCc2ccccc2)cc1)N1CCc2ccc(OCc3ccccc3)cc2C1,0.342649002,2.031675749,-10,-9.4,6.4348,464.2099928
O=C(CCn1ccc2ccccc21)Oc1cccc(-c2ccc(C(=O)O)cc2)c1,0.37448026,2.059322064,-8.1,-8.5,5.0022,385.1314081
COc1ccc(Oc2ccc(S(=O)(=O)NC(=O)C(=O)N3CC(C)NC(=O)c4ccccc43)cc2)cc1,0.505306908,3.052823928,-9.9,-8.7,2.4575,509.1256711
Cc1c(C(=O)N(N)c2ccc(C#N)cc2F)sc2ncnc(N)c12,0.417712115,2.851562175,-8,-7.7,2.1132,342.0699082
O=C1CCc2ccc(O)cc2N1S(=O)(=O)c1cc(Br)cc2cccnc12,0.669862208,2.724031597,-9.8,-8.8,3.371,431.97794
CC(c1ccc(-n2cnc3ccccc32)cc1)N(C)c1cccc(C(O)c2ccccc2)c1,0.341384715,3.061153167,-8.4,-8.6,6.3046,433.2154125
O=S(=O)(NCCc1ccc2[nH]ccc2c1)c1cccc(Cl)c1O,0.661064787,2.355633264,-8.2,-7.6,3.0479,350.049191
NS(=O)(=O)c1ccc2c(c1)C(=O)N(S(=O)(=O)c1ccc3[nH]c(=O)[nH]c(=O)c3c1)C2=O,0.41539459,2.667850101,-10.4,-9.2,-1.1513,449.9940053
O=S(=O)(Cl)c1ccc(S(=O)(=O)NS(=O)(=O)c2cnc3ccc(Cl)cc3c2)cc1,0.55489917,2.464989528,-9.3,-8,2.4829,479.9078044
C[C@H]1c2ccccc2C[C@H]1NC(=O)N1CCc2cc(C3CCCCC3)ccc2C1,0.720623071,3.234499781,-10.5,-10,5.5304,388.2514636
N#Cc1ccc(N(C(=O)C(=O)NCCNc2ccc3ccccc3c2)c2ccc(Cl)cc2)cc1,0.2984379,2.444619083,-9.1,-8.7,5.25788,468.1353036
O=c1[nH]c2ccc(S(=O)(=O)Nc3nnc4ccc(Cl)cn34)cc2[nH]1,0.505731048,2.685084388,-9.4,-8.5,1.3531,364.0145368
CN(C1CCCCC1)S(=O)(=O)c1ccccc1S(=O)(=O)Nc1nccc(-c2ccccc2)n1,0.542488205,2.418045628,-10.3,-8.7,3.8976,486.1395473
NCC(NC(=O)N1CCCc2c1cccc2[N+](=O)[O-])c1ccc2ncccc2c1,0.523025747,3.04231461,-8.8,-8.2,3.3052,391.1644395
NCC(NC(=O)C(=O)N1CCCc2c1cccc2[N+](=O)[O-])c1ccc2ncccc2c1,0.378698769,3.177380201,-9.4,-8.8,2.2384,419.1593542
N#CCCCN1C(=O)CCc2cc(NC(=O)Nc3ccc(-c4cccc(F)c4)cc3)ccc21,0.478942991,2.321202341,-8.8,-8.8,5.71968,442.1805042
O=C(Oc1c(F)cccc1CBr)c1ccccc1-n1cnc2ccccc21,0.254011287,2.382467974,-8.2,-8,5.2787,424.022268
N#Cc1ccc(S(=O)(=O)NS(=O)(=O)c2ccc3c(c2)Cc2ccccc2-3)nc1,0.550088224,2.610853893,-9.9,-8.9,2.19168,411.0347479
Cc1cc2cccc(CNCc3csc(Cn4ncc5ccccc5c4=O)n3)c2[nH]1,0.439845989,2.6813319,-8.6,-8.8,3.98082,415.1466813
O=S(=O)(Nc1ccc(Nc2ccccc2)cc1)c1cccc2ccccc12,0.492696384,1.76727455,-9.3,-8.4,5.3842,374.1088988
O=C(Nc1ccc(Sc2ccccn2)nc1)C(=O)NC(c1ccccc1)c1cccc(Cl)c1,0.378539315,2.857191232,-9.3,-9.1,5.1255,474.0917245
Cc1cccc(-c2ccc(CNC(=O)C(=O)NC3(c4cc(Cl)ccc4F)CCC3)cc2)c1,0.520324799,2.385552512,-9.8,-9.6,5.26632,450.1510339
O=C(Nc1nccc2c([N+](=O)[O-])cccc12)C(=O)N(c1ccccc1C(=O)[O-])S(=O)(=O)c1cccs1,0.223459522,3.163227571,-8,-8.3,1.9286,525.018029
Nc1cc(N2CCC(=C3c4ccccc4CCc4cccnc43)CC2)cc2[nH]cnc12,0.447196964,2.904520593,-10.1,-9.3,4.741,407.2109958
Cc1c(-c2csc(Nc3cscc3S(C)(=O)=O)n2)sc2ccccc12,0.483170957,2.775927726,-8.2,-7.9,5.54182,405.9938117
Cc1cc2c(S(=O)(=O)Nc3cc(Br)cc(C4(C#N)CC4)c3)cccc2cn1,0.637205198,2.737878577,-9.4,-8.5,4.6617,441.0146599
O=C(NC(=NO)C(c1ccccc1)c1ccccc1)C(=O)N1CCc2c(O)cccc21,0.20117602,2.817159192,-10.5,-9.2,3.0173,415.1532062
Nc1nc(-c2ccc(N3CCc4c(C5CC5)cccc43)cc2)cs1,0.736079473,2.360153903,-8,-8.2,4.9639,333.1299686
CC(=O)c1ccc2c(c1)N(c1c3ccccc3c(C=O)c3ccccc13)c1ccccc1S2,0.157360849,2.574042007,-9.3,-7.5,7.9425,445.1136498
CCC(=O)c1ccc2c(c1)N(CC(=O)c1cccc(F)c1)c1ccccc1S2,0.507276237,2.292256391,-8.9,-8.7,5.904,391.104228
Cc1oc2cc(O)ccc2c(=O)c1-c1ccccc1N[C@H]1CCC[C@H]1N,0.669120254,3.203102578,-8.4,-8.2,3.76572,350.1630426
O=C(CCCc1ccc2c(c1)-c1ccccc1C2)OCC(=O)c1cc2cc(Cl)ccc2o1,0.214913239,2.430963231,-8.9,-9.1,6.4062,444.1128368
O=C(c1ccccc1N1CCCc2cc(OCc3ccccc3)ccc21)c1cccc2ccccc12,0.238313818,2.211006427,-9.9,-10.1,7.7341,469.2041791
O=C(CCl)c1ccc2c(c1)CCC(=O)N2CC(=O)c1cccc(F)c1,0.606944693,2.268133434,-8.7,-8.3,3.4093,359.0724492
N[C@H]1CCC[C@H]1NC(=O)NS(=O)(=O)c1cc(F)c2ccccc2c1,0.785271013,3.10612515,-9,-8.2,1.8466,351.1052907
O=C(Nc1nccc(-c2ccccc2)n1)NN1C(=O)c2cccc3cccc(c23)C1=O,0.503011125,2.411946781,-11.9,-9.9,3.6295,409.1174893
O=C(OC(F)(F)c1ccc2c(Cl)ccnc2c1)c1ccccc1C(=O)c1ccc2c(c1)OCCO2,0.257315583,2.679783909,-10,-9.3,5.7967,495.0685067
Nc1cccc(O)c1C(F)(F)NS(=O)(=O)c1ccc2c(c1)Cc1ccccc1-2,0.359415935,2.727831805,-9.9,-9.4,3.5734,402.0849698
N[C@@H]1CCCC[C@@H]1NS(=O)(=O)c1ccc([N+](=O)[O-])c2cccnc12,0.637634674,3.178278077,-8,-7.4,1.6912,350.1048761
O=C(NNC(=O)c1cccc2ccccc12)NC(c1ccc(Cl)cc1)c1cccc2ccccc12,0.261636292,2.64988365,-10.2,-9.7,6.38,479.1400546
O=C1NC2(Cc3ccccc3C2)C(=O)N1c1ccc(Br)c2ccncc12,0.626454345,3.194901791,-9.5,-8.6,3.5911,407.0269388
O=C1NC(=O)C2(Cc3ccccc3C2)N1c1ccc(Br)c2ccncc12,0.626454345,3.301321483,-9.6,-8.1,3.5911,407.0269388
Cc1cncc2cccc(S(=O)(=O)N3C(=O)c4ccccc4NC3=C(C#N)C(=O)CCl)c12,0.355319702,3.122597352,-9.3,-9.1,3.3429,466.0502536
Cc1nccc2c(S(=O)(=O)Nc3ccc(-n4c(S)nc5cc([N+](=O)[O-])ccc54)cc3)cccc12,0.205397323,2.718793592,-9.4,-9.3,4.87982,491.072196
O=C(NCc1ccc2c(c1)N(C(=O)CN1C(=O)c3cccc4cccc(c34)C1=O)CCO2)c1ccc(-c2cccc3cccnc23)cc1,0.225597404,2.789991873,-11.5,-11.8,6.0066,632.20597
Nc1ccc(N(CC(=O)c2ccc3c(c2)-c2ccccc2C3)c2ncccn2)cc1,0.348118894,2.536818963,-9.8,-9.1,4.651,392.1637113
O=S(=O)(Nc1ccc2cc(Cl)ncc2c1)c1ccc(OCc2ccccc2)cc1,0.42804874,2.036859976,-9.2,-8.2,5.268,424.0648411
O=S(=O)(Nc1cc2ccc(Cl)cc2cn1)c1ccc(OCc2ccccc2)cc1,0.457580843,2.026669867,-9.2,-8.2,5.268,424.0648411
Oc1c(NCCc2cccc(-c3cccc(Cl)c3)c2)cc(Br)c2cccnc12,0.331345392,2.296993869,-8.5,-9.1,6.6779,452.029103
Cc1cccc(C(Nc2csc3c(Cl)cccc23)c2cccc(C)c2)c1,0.391003886,2.412229489,-9.4,-8.6,7.37304,377.1004983
CC(N)c1ccc2c(c1)CC(=O)N2c1cc(Oc2ccccc2C=O)ccc1Cl,0.591913848,2.947173996,-9.5,-8.1,5.1853,406.1084201
O=S(=O)(c1cccc2cnccc12)N(c1cccc(F)c1)c1ncc(Br)cn1,0.450836853,2.70371216,-8.9,-8.2,4.4534,457.9848369
N#CC(c1ccccc1)c1ccc(NC(=O)C(=O)NC(c2ccc(F)cc2)c2cccc(Cl)c2)cc1,0.321445696,3.0695604,-9.9,-9.5,5.97888,497.1306328
O=C(O)c1cc2cc(F)c(N3CCc4ccc(OCc5ccccc5)cc4C3)cc2[nH]1,0.472435647,2.396232934,-9.5,-9.3,5.1469,416.1536208
C=Cc1ccc2c(c1)CN(C(=O)c1ccccc1-n1cnc3ccccc31)C2,0.521756278,2.397802667,-9.7,-8.5,4.8245,365.1528122
O=C1Cc2cc(Br)ccc2N1C(=O)Nc1cc(CCc2ccccc2)ccn1,0.642297207,2.419998998,-9.4,-9,4.7505,435.0582389
O=C(/C=C/c1ccc2occc2c1)OCC(=O)c1c[nH]c2ncccc12,0.337866559,2.543899125,-8.2,-8.2,3.7484,346.0953569
O=C(c1ccc2c(=O)[nH][nH]c(=O)c2c1)N1CCC2(CC1)C(=O)NC(=O)N2C(=O)c1ccc(S(=O)(=O)c2ccccc2)cc1,0.293026681,3.398053094,-11.2,-9.3,1.4162,601.1267337
O=C(c1ccc2c(=O)[nH][nH]c(=O)c2c1)N1CCC2(CC1)NC(=O)N(C(=O)c1ccc(S(=O)(=O)c3ccccc3)cc1)C2=O,0.231381871,3.409416094,-11.1,-10.9,1.4162,601.1267337
C[C@@H](NC(=O)c1cc2c(s1)-c1ccccc1CC2)c1ccncc1Cl,0.702165845,2.838548538,-8.8,-8.5,5.0531,368.0750118
Cc1cc(Nc2sc3c(c2C#N)-c2ccccc2CC3)c2ncc(C#N)cc2c1,0.463808544,2.875585801,-10.5,-9.4,5.85728,392.1095675
Fc1cccc(N(c2ncc(Br)cn2)[C@@H]2CSc3nc4ccccc4n3[C@H]2c2ccccc2)c1,0.26014895,3.672379599,-9.3,-7.6,6.6299,531.0528569
COC(=O)c1cccc2c3c([nH]c12)CCN(c1cc(Cl)c(Cl)c(C=O)c1)C3,0.511534023,2.747261387,-8.8,-8.1,4.6365,402.0537977
O=C(CC(=O)Nc1cccc(Nc2ccsc2-c2cccnc2)c1)Nc1cccc(Cl)c1,0.286461096,2.377027251,-9.2,-8.5,6.1744,462.0917245
N#Cc1ccc2c(c1)N(C(=O)c1c[nH]c(=O)c3ccccc13)C(=O)C2=O,0.534540201,2.530255622,-10.3,-9.4,1.76948,343.0593058
N#Cc1ccc(OC(F)(F)N(N)c2cccc3ccncc23)cc1,0.34404322,2.806368551,-8.6,-7.9,3.41588,326.0979174
Oc1c(I)cc(N2CCc3cc(C4CCCCC4)ccc3C2)c2cccnc12,0.443276523,2.636270584,-9.6,-9.4,6.1554,484.1011614
O=c1[nH]cnc2ccc(S(=O)(=O)Nc3ccccc3CCc3ccccc3[N+](=O)[O-])cc12,0.32714806,2.462981354,-8.7,-8.4,3.4173,450.0997907
Oc1ccc2c(c1)Sc1ccccc1N2c1cccc2c1CCN2,0.49602625,2.593726845,-8.3,-8.6,5.2946,332.0983341
Cc1cc(Cl)c2ccccc2c1Nc1cccc(C(Br)c2ccccc2)c1,0.319187182,2.614157435,-9.4,-8.6,8.02952,435.0389394
O=C(Nc1cccc(-c2ccc(Cl)c(Cl)c2)c1)C(=O)NS(=O)(=O)c1ccc(-n2nccn2)cc1,0.390420566,2.509761381,-9.9,-9.3,3.6847,515.0221803
N[C@@H]1CCCC[C@@H]1NC(=O)C1=C(c2ccccc2)CCC1,0.896163092,3.010159557,-8.1,-7.7,3.0102,284.1888634
O=C(NCCc1ccc2ncsc2c1)C(=O)N(Cc1ccccc1)c1ccc2[nH]c(=O)[nH]c2c1,0.329863366,2.702698575,-9.1,-8.8,3.358,471.1365105
CCOC=C1C(=O)N(C(=O)C(=O)Nc2cnc3[nH]cnc3c2)C(=O)c2ccccc21,0.291657372,3.063444892,-9.5,-9.3,1.483,405.1073186
O=C(c1ccccc1N(Cc1ccc2c(c1)OCO2)c1ccccc1)c1cccc2ccccc12,0.254143573,2.320115098,-10.1,-8.7,7.1378,457.1677936
N#Cc1ccc2cc(C(=O)OC(F)(F)c3cc4[nH]cnc4cc3Br)ccc2c1,0.43956673,2.832465967,-9.5,-8.6,5.25658,440.9924451
Nc1ccc(Nc2cccc(CCCc3ccccc3)c2)cc1-c1cccc2ccccc12,0.257651806,2.072709805,-8.9,-9.3,8.0079,428.2252489
O=C(OCc1ccc2nccnc2c1)c1cc([N+](=O)[O-])ccc1Sc1ccccc1,0.246124379,2.340640611,-8.5,-7.4,5.0462,417.078327
CC(NC(=O)N1C(=O)c2cccc(N)c2C1=O)c1ccc2ncsc2c1,0.535758181,3.072647207,-9,-8.7,2.9453,366.0786613
NC1(c2cc(F)cc(NC(c3ccccc3)c3ccc4[nH]cnc4c3)c2)CC1,0.469021019,3.114502069,-9.1,-8.1,4.8513,372.1750249
O=C(Nc1ccncc1Nc1ccccc1)c1ccc(-n2cnc3ccccc3c2=O)cc1,0.41655317,2.200391561,-10.1,-9.1,4.7766,433.1538748
CC(=O)c1ccc2c(c1)CC(=O)N2C(F)c1cc(=O)c2cc(Cl)ccc2[nH]1,0.548898404,3.276160725,-9.4,-8.6,3.9415,384.0676982
COc1cc2c(cc1NC(=O)C(=O)N1c3ncccc3OC[C@H]1C)oc1ccccc12,0.499549936,3.134165634,-9.8,-9,3.7422,417.1324707
COc1cc2[nH]ncc2cc1NC(=O)C(=O)Nc1c(-c2cc(C)cc(C)c2)nc2ccccn12,0.354261487,2.70042344,-9.7,-9.3,4.08024,454.1753386
N#Cc1ccc(C(=O)COC(=O)/C=C/c2ccc3ccccc3n2)cc1,0.402353198,2.193211028,-7.6,-7.7,3.54578,342.1004423
O=C(O)CCCc1ccc2c(c1)CC(=O)N2C(=O)NNc1ccc2ccsc2c1,0.535893291,2.772034523,-9.2,-8.7,3.9344,409.1096271
O=Cc1c(Cl)cc(Cl)cc1N1CCc2[nH]c3ccc(C(=O)O)cc3c2C1,0.645063084,2.65857343,-8.8,-8.4,4.5481,388.0381477
O=Cc1c(F)cc(Cl)cc1N1CCc2[nH]c3ccc(C(=O)O)cc3c2C1,0.680569338,2.707624853,-9.2,-8.6,4.0338,372.0676982
NC(c1ccc(Cl)cc1)c1cccc(NCc2ccc3ccccc3c2F)c1,0.419749343,2.570206342,-9.7,-8.6,6.2925,390.1299045
[N-]=[N+]=Nc1cc(F)cc(OC(=O)C2NCCc3c2[nH]c2ccccc32)c1,0.244589347,3.484232868,-9.3,-8.7,4.0412,351.1131529
Cc1c(C(=O)N2CCCc3cnc(Cl)cc32)c2ccccc2[nH]c1=O,0.681005685,2.542830651,-9,-9,3.47792,353.0931044
O=C(CCn1c(=O)[nH]c(=O)c2ccccc21)Nc1ccc(Nc2ccc3cc(Cl)ccc3n2)cc1,0.323796834,2.320081313,-10.5,-9.9,4.6638,485.1254672
O=Cc1cc(N2CCN(Cc3nc4sc5c(c4c(=O)[nH]3)CCCC5)CC2)cc2cccnc12,0.470250955,2.766452306,-9.7,-9.4,3.5463,459.172896
NS(=O)(=O)c1ccc(C(F)(F)C(F)(F)OC(=O)c2cnc3cc4c(cc3c2O)OCCO4)cc1,0.401357802,2.989780596,-9.8,-8.9,2.9006,502.0457847
Cc1cc(=O)oc2cc(OCC(=O)NNC(=O)C(=O)Nc3cc4ccccc4c4cccnc34)ccc12,0.15041536,2.576091284,-11.3,-10.7,2.96772,496.1382844
O=S(=O)(Nc1cccc(C(O)c2ccccc2)c1)c1cccc2c(Cl)nccc12,0.452080983,2.646693294,-9.5,-8.8,4.7707,424.0648411
Nc1ccc(N(N)CCc2ccc3ccccc3c2)cc1-c1ccccc1,0.301104283,2.20993083,-8.4,-8.7,5.0118,353.1891977
O=c1[nH]cnc2c1cnn2-c1ccccc1N1[C@H](c2ccccc2)CCC[C@H]1c1ccccc1,0.390457583,3.317294147,-9.8,-8.8,5.5817,447.2059104
CC(=Cc1ccccc1Cl)C(=O)N1CCc2ccc(-c3ccccc3)cc2C1,0.504853042,2.232395579,-9.7,-9.3,5.9952,387.138992
O=C(O)c1cc([N+](=O)[O-])ccc1N(C(=O)Nc1cncc2ccccc12)c1ccccc1,0.33186097,2.453530973,-10,-8.4,5.2114,428.1120696
N#Cc1cc(OC(=O)c2[nH]c3ccccc3c2C=O)c2ccccc2c1,0.343675614,2.44831072,-10.2,-8.8,4.22448,340.0847922
O=CC1=Cc2cc(OC(=O)c3cc4ccccc4cc3NS(=O)(=O)c3cccs3)ccc2OC1,0.234125365,2.776533997,-10.9,-9.4,4.896,491.0497293
Oc1c(NCCc2cccc(-c3cccc(Cl)c3)c2)cnc2ccccc12,0.45571551,2.155510188,-8.6,-8.5,5.9154,374.1185909
N#Cc1ccc(N(C(=O)C(=O)Nc2ccccc2-n2ncc3c(=O)[nH]cnc32)c2ccc(Cl)cc2)cc1,0.352001793,2.85141291,-10.2,-8.5,3.93728,509.1003151
O=Cc1ccc(OCc2ccccc2)cc1N1C(=O)CN=C(c2ccccc2)c2cc(Br)ccc21,0.275630797,2.541641212,-10.2,-8,6.3563,524.0735546
COc1cc2c3c([nH]c2cc1Cl)CCN(c1cccc(C=O)c1Cl)C3,0.665424768,2.638757195,-8.3,-8,4.8585,374.0588831
CC(NC(=O)C(=O)N1CCc2cc(Cc3ccc(N)cc3)ccc21)c1ccc2[nH]c(=O)[nH]c2c1,0.278985401,3.097384243,-9.8,-10.7,2.7957,455.1957397
Cc1cccc2c(N3C(=O)Cc4ccc(C(=O)[O-])cc43)c(C#N)cnc12,0.709371062,3.019284705,-9.1,-9,1.9992,342.0884148
O=C1CNc2cc(F)c(F)cc2N1C(=O)Nc1ccc(Cc2nnc3ccccn23)cc1,0.514321974,2.828292177,-10.6,-9.6,3.5889,434.1302802
Cc1cc(=O)oc2cc(OCC(=O)Oc3ccc4cn[nH]c4c3)ccc12,0.345388552,2.376855336,-9.3,-7.8,2.96212,350.0902715
C[C@@H](NC(=O)C(=O)Nc1ccc(C(=O)Nc2cccc3cccnc23)cc1)c1cccc2cnccc12,0.305553276,2.787479742,-10.6,-10.1,4.8512,489.1800896
[N-]=[N+]=Nc1c(Br)cccc1OC(=O)c1cc(F)c2[nH]c(=O)ccc2c1,0.227163209,2.896541126,-8.7,-8.4,4.5907,401.9763804
Cc1cc(=O)oc2cc(OCC3CCN(c4cccc(S(C)(=O)=O)c4C=O)CC3)ccc12,0.413926986,2.640172512,-9.4,-8.5,3.61282,455.1402585
O=C(COC(=O)c1cccc2ccc(Br)cc12)c1cc2cc(Cl)ccc2o1,0.284847314,2.235180907,-8,-8.2,6.0416,441.9607486
CC1(C)Oc2cc(C(=O)O)ccc2N(c2ccccc2-n2ncc3c(=O)[nH]cnc32)C1=O,0.509841482,2.879240204,-9.1,-8.6,2.6427,431.1229686
C[C@H](Oc1cnc2ccccc2c1)C(=O)OC(F)c1cc(=O)c2cc(Cl)ccc2[nH]1,0.467320493,3.444676856,-8.4,-9.2,4.7085,426.0782629
N#Cc1cc(CN2C(=O)NC(=O)C23CCc2ccccc2C3)ccn1,0.851573047,3.619393916,-9.1,-8.9,1.93278,332.1273258
O=C(NCCc1cccc2[nH]ccc12)C(=O)N1CCN(c2nsc3ccccc23)CC1,0.485164254,2.551203281,-9.9,-9.1,2.7851,433.157246
O=C1NC2(CCNCC2)CN1c1ccc(S(=O)(=O)c2ccc(O)cc2)cc1,0.746898418,3.205026835,-9.2,-8.1,1.8768,387.1252772
O=C(COc1ccc2oc3c(c2c1)CCCC3)NCC1CNC(=O)c2ccccc21,0.683575607,3.090044237,-9.9,-8.9,3.3338,404.1736072
Cc1ccncc1C(=O)CN1CCc2[nH]c3ccc(F)cc3c2C1,0.752822891,2.448753205,-8.5,-8.4,3.25142,323.1433904
O=C(O)c1ccc(S(=O)(=O)N(c2ccc(Cl)cc2)c2cncc3ccsc23)cc1,0.458154495,2.596995316,-8.3,-7.4,5.1749,444.0005266
Cc1ccn2cc(-c3ccc(NC(=O)NC(=O)c4ccc5c(c4)CCN5)cc3)nc2c1,0.470580707,2.495992934,-9.5,-9.5,4.23962,411.1695249
OC(CNc1cccc2cnsc12)c1cccc2ccccc12,0.577662329,2.881157324,-8.9,-8.2,4.595,320.0983341
Cc1cncc2cccc(S(=O)(=O)N(Cc3ccccc3)c3cc(O)ncn3)c12,0.545412933,2.814505515,-8.7,-8.3,3.43432,406.1099614
N#CC(C(=O)CNc1nsc2ccc(Br)cc12)=C1NC(=O)c2ccccc2N1,0.410754809,3.05831216,-9.8,-9.1,3.63048,452.9895077
O=c1c2ccccc2[nH]c(=S)n1-c1ccc(N2CC(c3ncnc4ccccc34)C2)cc1,0.418174036,2.470460502,-9.7,-10.1,4.59529,437.1310312
O=C(Nc1ccc(Nc2ccc(Cl)cc2)cc1)C(=O)N1CCCc2cc(OCc3ccccc3)ccc21,0.28674677,2.265941816,-10.3,-8.7,6.5805,511.1662694
O=C(NCC(=O)c1cccc2ccccc12)C(=O)NS(=O)(=O)c1ccc2c(c1)oc1ccccc12,0.289417176,2.461016063,-10.4,-10.8,3.5432,486.0885573
O=C(CNc1ccc(Cn2cnc3ccccc32)cc1)c1ccc(F)c(Cl)c1,0.459441618,2.123655408,-8.8,-8.4,5.1719,393.1044181
N#Cc1c(F)cccc1OC(=O)CN1C(=O)c2cccc3cccc(c23)C1=O,0.399457081,2.329067136,-9.5,-9.8,3.05218,374.0702851
O=C(CN1C(=O)C(=O)c2cc(Br)ccc21)c1cc2cc(Cl)ccc2o1,0.470693112,2.372048819,-9.1,-8.7,4.2609,416.9403475
Cc1ccc2[nH]c(C(=O)Oc3cscc3C=O)c(C)c2c1,0.589556786,2.758337493,-7.2,-7.4,3.87794,299.0616143
N#CC(OC(=O)c1ccc2ccc(Br)cc2c1)c1ccc(F)cc1,0.586225783,2.663986101,-8.9,-7.9,5.16308,382.9957189
O=c1[nH]cnc2c(C(F)(F)Nc3cccc(S(=O)(=O)Nc4ccc(Cl)cc4)c3)cccc12,0.354393583,2.714746358,-9.4,-9.2,4.5387,476.0521455
N#Cc1ccc(NS(=O)(=O)c2cccc3c(Cl)nccc23)c(O)c1,0.551475183,2.388218108,-8.8,-8,3.26628,359.0131399
COc1ccc2[nH]cc(C3=CCN(C(=O)C(=O)Nc4ccc(-c5cccnc5)c(C)c4)CC3)c2c1,0.423081684,2.653718785,-9.6,-9.8,4.80132,466.2004907
Nc1ccc(S(=O)(=O)Nc2cccc(N3CCc4nnc(-c5ccncc5)cc4C3)c2)cc1,0.440125194,2.569435276,-10.4,-9.2,3.4843,458.1524949
Cc1sc2ncnc(N3CCC(C(=O)Oc4cc(C#N)ccc4O)CC3)c2c1C,0.52083794,2.609666235,-9.3,-8.4,3.70742,408.1256115
Nc1cc2c(=O)[nH]cnc2cc1N(Cc1ccccc1)S(=O)(=O)c1ccccc1,0.495440066,2.42724861,-8.4,-8.5,2.9008,406.1099614
N#Cc1ccc(N(N)c2cccc(-n3cnc4ccccc43)n2)nc1,0.458868919,2.806649972,-9.2,-8.5,2.69898,327.1232434
Cc1cc(OC(F)(F)F)ccc1S(=O)(=O)NC(=O)N1C(=O)C(=O)c2cc([N+](=O)[O-])ccc21,0.403638403,2.758227806,-9.4,-8.8,2.42962,473.0140699
Cc1ccc2[nH]c(=O)ccc2c1OC(=O)c1cc2c(C)cccc2[nH]1,0.432406709,2.413749394,-9,-9.3,3.84544,332.1160924
CCC(=O)c1ccc2c(c1)N(c1ccc3[nH]c(C(=O)O)cc3c1)c1ccccc1S2,0.333245876,2.549625374,-9.3,-8,6.3932,414.1038134
O=C(NCc1cc(F)cc(F)c1)NC1CC[C@@H](O)[C@@H](O)CC1,0.637148906,3.141287633,-8,-7.6,1.4284,314.1441989
O=C1NC[C@@H]2CN(S(=O)(=O)c3ccc4c(c3)Cc3ccccc3-4)CC[C@H]2N1,0.709996395,3.367702729,-9.5,-10.3,1.9498,383.1303625
NN(Cc1cccc2ccccc12)c1cccc(C(=O)c2cccc(F)c2)c1,0.302331542,2.216657117,-10.3,-8.7,5.0902,370.1481414
O=C(Nc1cccc2nc(Cl)ccc12)C(=O)NS(=O)(=O)c1ccc([N+](=O)[O-])c2cccnc12,0.192816597,2.630193554,-9.8,-9.4,2.7882,485.0196818
Cc1ccc2cc(C(=O)Nc3ccc4nc(C(F)(F)F)[nH]c4c3)ccc2c1,0.503995124,2.176776164,-9.5,-9.2,5.29562,369.1088967
Cc1nc2ccc(C(=O)Oc3ncnc4ccsc34)cc2c(=O)[nH]1,0.563844394,2.668604041,-8.5,-8,2.45542,338.0473612
O=C(c1cccc(Br)c1)N(CC(O)c1ccc2ccccc2c1)c1cccnc1,0.447247413,2.744423487,-9,-8.8,5.3777,446.0629899
C[C@H](NS(=O)(=O)c1cc(F)c2ccccc2c1)c1cccc(C#N)c1,0.772608449,2.643449252,-9.5,-9,3.89008,354.0838269
O=c1cc(CNC(c2ccc(Cl)cc2)c2cccc(I)c2)c2ccc(O)cc2o1,0.265833963,2.840110717,-9.3,-8.7,5.6358,516.9941691
O=[N+]([O-])c1ccc2c(S(=O)(=O)Nc3cc(Cc4ccccc4)ccc3O)c[nH]c2c1,0.243742803,2.379053942,-9.3,-8.6,4.1733,423.0888916
O=C(c1ccccc1)c1cc([N+](=O)[O-])ccc1NS(=O)(=O)c1ccc(S(=O)(=O)Cl)cc1,0.235688795,2.182430762,-9.5,-8.8,3.5541,479.9852704
N#Cc1cccc(N)c1Nc1ccc(COc2ccccc2C=O)cc1,0.515143954,2.245852259,-8.5,-7.7,4.27558,343.1320768
COC(=O)c1ccc2c(c1)N(S(=O)(=O)c1c[nH]c3ccccc13)C(=O)C2,0.713373927,2.564836866,-9,-9.1,2.2325,370.0623425
N#Cc1ccc2c(c1)N(C(=O)NC(=O)c1ccccc1C=O)C(=O)C2=O,0.647413719,2.641977566,-9.5,-8.9,1.45008,347.0542204
O=Cc1cc(Br)c(O)c(N2CCC3(CCc4ccccc4C3=O)CC2)c1,0.741417742,3.208452935,-9,-8.1,4.3829,413.0626556
NC(=O)N(C(=O)Nc1cccc2c(C(=O)O)cccc12)c1cccc2ccccc12,0.458761602,2.317047607,-9.6,-9.2,4.8084,399.121906
Fc1cc(N(Cc2ccccc2)c2cccc(Cl)c2)cc2ccncc12,0.419266372,2.281860664,-8.6,-8.9,6.3656,362.0986044
O=C(Oc1cccc(-c2cc(Cl)ncn2)c1)c1ccc2cccnc2c1Br,0.244764239,2.509391051,-9.2,-8.6,5.3269,438.9723164
O=C(Oc1cc(-c2cccc(Cl)c2)ncn1)c1ccc2cccnc2c1Br,0.403047798,2.532911761,-9.8,-9,5.3269,438.9723164
N#Cc1ccc(-c2ccc3c(c2)N(c2csc4c(Cl)cccc24)CCO3)s1,0.370567612,2.875580295,-9.4,-7.9,6.68538,408.0157827
Cc1nc(N2CCOc3ccc(-c4ccc(C#N)s4)cc32)c2c3c(sc2n1)CC(C)CC3,0.354959472,3.419063324,-10.2,-10.1,6.2552,458.1235033
O=C(/C=C/c1ccccc1)N(C(=O)c1n[nH]c2ncccc12)c1cccc(O)c1,0.524370318,2.69972646,-9.4,-9.2,3.5503,384.1222404
Cc1cc(O)c(C=O)c(NS(=O)(=O)c2ccc3c(c2)C(=O)NC3=O)c1,0.554762991,2.631252367,-8.8,-8.4,1.19752,360.0416071
Cc1cccc(C(Nc2cc(F)cc(F)c2)c2cccc(Cl)c2)c1,0.600642885,2.500328635,-8.6,-7.8,6.12812,343.0939336
Nc1c(NS(=O)(=O)c2ccc(Oc3ccc(Cl)cc3)cc2)ccc2ncccc12,0.435447847,2.091219138,-9.3,-8.8,5.0635,425.0600901
O=C(O)C1(c2ccc(S(=O)(=O)Nc3ccc(-c4ccccc4)cc3)cc2)CC1,0.65504713,1.969095179,-8.8,-9,4.2706,393.1034791
FC(F)(F)c1ncc2c(n1)CCN(c1ccc3sncc3c1)C2,0.679932254,2.973569843,-8.3,-8,3.6678,336.065652
O=c1[nH]c2ccc(N(Cc3ccccc3)S(=O)(=O)c3ccc(Cl)cc3F)cc2[nH]1,0.499611021,2.36268631,-8.8,-8.4,4.0442,431.0506682
O=c1[nH]c2ccccc2c2c1CN(c1cc3ccccc3c(F)n1)CC2,0.534268257,2.514794874,-10,-9.7,3.7781,345.1277404
O=c1[nH]c2ccccc2c2c1CN(c1nc(F)cc3ccccc13)CC2,0.534268257,2.47178617,-10,-9.5,3.7781,345.1277404
O=S(=O)(Cl)c1ccc(N(CCCO)c2ncnc3ccccc23)c2ncccc12,0.468197688,2.710741103,-8.8,-8,3.626,428.0709891
O=c1cc(NCC(O)c2ccc3ccccc3c2)cc[nH]1,0.688130731,2.685084396,-8.4,-8.2,2.6736,280.1211778
O=C(N[C@@H]1C[C@H]1c1cccc(Cl)c1)N1C(=O)c2cc(S(=O)(=O)Cl)ccc2S1(=O)=O,0.682582087,3.652885393,-9.5,-9,2.6777,473.9513835
O=C(CNS(=O)(=O)c1ccc2[nH]c(=O)[nH]c2c1)c1ccc2c(c1)OCCO2,0.553204462,2.472478809,-8.9,-8.1,0.7886,389.0681562
NN(C(=O)C(=O)Nc1ccc2[nH]c(-c3ccccc3)nc2c1)c1ccnc2cc(Cl)ccc12,0.162031386,2.614433272,-9.9,-9.5,4.2769,456.1101515
O=C(Nc1cccnc1-n1cccn1)C(=O)NS(=O)(=O)c1cccc(N2C(=O)C=CC2=O)c1,0.396542968,2.815031616,-9.9,-9,0.1403,466.0695532
O=C(Nc1cccc(C#Cc2ccccc2)c1)C(=O)N1CCc2ccc(CO)cc21,0.516626816,2.436287295,-9.7,-8.5,3.1065,396.1473925
O=C(CN1CCc2ccc(C3CC3)cc2C1)c1cc2cc(Cl)ccc2o1,0.595302639,2.408546413,-9.5,-8.7,5.2046,365.1182566
CNc1cccc2c1CCCN2c1ccc(-n2c(=S)[nH]c3ccccc3c2=O)cc1,0.454024106,2.439798171,-9.3,-8.5,5.17429,414.1514323
O=C(NC(c1ccccc1)c1cccc2ccccc12)C(=O)N1CC=C(c2cccc(OC(F)(F)F)c2)CC1,0.310077515,3.10756083,-10.3,-9.9,6.2599,530.1817273
O=S(=O)(Nc1cc(CO)cc(-c2cccnc2)c1)c1ccc(OCc2ccccc2)cc1,0.412294806,2.10594338,-8.7,-8.7,4.6207,446.1300282
O=C(Nc1ccc2c(c1)oc1ccccc12)C(=O)N[C@H]1CC[C@H](c2nccc(O)n2)CC1,0.424974042,2.644741891,-9.7,-9.4,3.8627,430.1641052
NCCCNC(=O)N1CCNC(=O)c2ccccc21,0.684364004,2.294718174,-7.1,-6.7,0.2948,262.1429758
O=C(NCc1cccc2c(O)cccc12)C(=O)NC(CF)c1cccc2ccccc12,0.428017549,2.870351286,-9.6,-9.4,4.1418,416.1536208
O=Cc1cccc(OC(=O)C2(c3ccnc4ccccc34)CC2)c1Cl,0.398414037,2.628362829,-8.3,-8.2,4.3379,351.066221
NS(=O)(=O)c1ccc2c(c1)CCCN2c1ccc(-n2c(S)nc3ccccc3c2=O)cc1,0.357695819,2.558775436,-9.4,-9,3.4061,464.0976825
Cc1ccc2[nH]c(C(=O)Oc3nccc(C#N)n3)c(C=O)c2c1,0.586428261,2.957059063,-8.7,-7.8,2.1697,306.0752902
N#Cc1ccc(N2CCN(c3ccc(Nc4nc5cc6c(cc5s4)OCCCO6)cc3)CC2)nc1,0.442336148,2.602701785,-9.5,-9.9,4.79448,484.168145
NC(c1cccc2ccccc12)C(F)(F)N(N)c1cccc(F)c1F,0.322807642,3.125417183,-8.6,-8,4.0909,349.1202104
O=C(NC1CC(c2cccnc2)C1)C(=O)N(Cc1ccccc1)Cc1nc2ccccc2c(=O)[nH]1,0.424120458,2.635448716,-9.4,-8.5,2.9093,467.1957397
O=Cc1ccccc1OC(F)(F)OC(=O)/C=C/c1cnc2ccccc2c1,0.281515891,2.655089798,-7.9,-7.9,4.233,369.0812643
O=C(Nc1ccccc1Cc1cccnc1)C(=O)N1CCC(n2cnc3ccccc3c2=O)C1,0.479483426,2.913759688,-10.3,-9.2,2.7944,453.1800896
COC(=O)c1cccc2c3c([nH]c12)CCN(c1ccc2ncc(Br)cc2c1)C3,0.457763483,2.561228057,-8.9,-8.9,4.8279,435.0582389
N#Cc1cccc(N(c2cccc(N)c2)C(F)(F)c2cccc3c2NCC3)c1,0.496970468,3.022049083,-9.1,-8.2,4.99608,376.149953
CCCCCCCCCCCN(N)c1ccc2ccc(CO)cc2c1,0.302217659,2.334535852,-6.3,-7,5.543,342.2671137
O=c1ccc2c([nH]1)CCN(c1ccc(C(Br)c3ccccc3)cc1)C2,0.666820977,2.839180651,-8.9,-9.2,4.4219,394.0680753
O=c1ccc2c([nH]1)CCN(C(c1ccccc1)c1ccc(F)cc1)C2,0.793379873,2.708017742,-8.5,-9,3.6617,334.1481414
N#Cc1cnn2cc(C(=O)Oc3cccc(C(=O)CBr)c3)cnc12,0.296154689,2.672962894,-7.9,-7.6,2.39778,383.9858022
O=C(CCCc1nc2ccccc2c(=O)[nH]1)Oc1cc2ncccc2cc1Br,0.373729307,2.46230669,-8.1,-7.9,4.1621,437.0375035
N#CC(C(=O)CCl)=C1NC(=O)c2ccccc2N1c1ccc2nn[nH]c(=O)c2c1,0.384333744,3.215806948,-8.8,-8.7,1.74268,406.0581159
Fc1ccc(Cl)cc1C1(Nc2ccc(OCc3ccccc3)cc2)CC1,0.562994732,2.106321797,-8.1,-7.7,6.1593,367.1139201
C[C@@H]1Cc2cc([N+](=O)[O-])ccc2N1c1nc(-c2ccccc2)nc2ccccc12,0.35563276,2.764523487,-9.3,-9.2,5.2877,382.1429758
O=C(O)c1cc([N+](=O)[O-])ccc1N(c1ccccc1)c1ccc2c(Cl)ccnc2c1,0.316178832,2.400090322,-9.4,-8.1,5.9644,419.0672836
O=C(Oc1ccccc1COc1ccccc1O)c1ccc2c(c1)oc1ccccc12,0.280458474,2.151417651,-8.8,-8.8,6.0898,410.1154237
O=Cc1c2ccccc2c(N2C(=O)Cc3cc(Br)c(F)cc32)c2ccccc12,0.289889644,2.675606199,-10.3,-9.4,5.9279,433.011369
O=C(c1ccc(Sc2ccc([N+](=O)[O-])cc2)cc1)N1C(=O)c2cc(Cl)c(Cl)cc2C1=O,0.28249746,2.457885636,-9.8,-8.6,5.4892,471.9687478
O=C(CNc1ccc2cc(Cl)ccc2c1)c1c(F)cccc1Cl,0.623765652,2.071682732,-8.8,-8.1,5.5805,347.0279976
Cc1ccc2[nH]c(C(=O)OS(=O)(=O)c3c(Cl)cccc3[N+](=O)[O-])c(C=O)c2c1,0.287659057,2.868262403,-8.8,-7.9,3.39612,421.9975494
Cc1cnccc1NNc1cccc(Oc2ccc(F)cc2C=O)c1,0.509358485,2.426005082,-8.2,-8,4.57292,337.122655
N#Cc1ccc2nc(CNC(=O)c3cc([N+](=O)[O-])ccc3Oc3ccccc3)[nH]c2c1,0.361480682,2.328391517,-9.8,-9,4.06508,413.112404
Cc1ccc(S(=O)(=O)Nc2cncc(F)c2)c2ccccc12,0.804511787,2.089297799,-8.6,-8.1,3.48312,316.0681769
O=C(NC(=O)c1ccc2c(c1)OCCN2)C(=O)N1CC(C(=O)O)c2ccccc2C1=O,0.596300307,3.311067782,-10.1,-8.7,0.5981,423.1066499
Cc1cc2ccccc2nc1N1CCc2nn(-c3ccccc3)cc2C1,0.545726775,2.359891028,-9.1,-9.1,4.29162,340.1687966
O=C(CCCc1nc2ccccc2c(=O)[nH]1)Oc1cc[nH]n1,0.696314021,2.846788982,-7.7,-7.5,1.5745,298.1065903
Brc1cc(N2CCc3nc(-c4ccccc4)ncc3C2)c2ocnc2c1,0.485894276,2.69753938,-9.1,-8.6,4.61,406.0429232
O=C(CCCCC#Cc1ccccc1)OS(=O)(=O)c1ccc2c(c1)Cc1ccccc1-2,0.242516894,2.592260627,-7.4,-8.4,5.1018,430.1238802
O=Cc1cccc(Oc2cccc(Nc3ccc(COCc4ccccc4)cc3)c2)c1,0.310596691,2.028257717,-8.6,-8.9,6.7518,409.1677936
O=C(NC(c1ccccc1)c1cccc2ccccc12)c1cccc2c1CCCN2,0.466482175,2.655672004,-9.8,-9.3,5.7173,392.1888634
O=C(Nc1nccc2ccc(Br)cc12)N1CCOc2cc(Br)c(Cl)cc21,0.459372151,2.646405373,-9.2,-8.7,5.8441,494.8984785
COc1cccc(C2=CCN(c3ccc(-c4ccc(S(N)(=O)=O)cc4)cc3)CC2)c1,0.667823064,2.21626473,-8.9,-8.6,4.3033,420.1507636
O=c1cc(CN(Cc2cccnc2)c2ccc(Cl)cc2)c2c(ccc3ccccc32)o1,0.247695147,2.341090179,-9.5,-9.1,6.2014,426.1135055
Cn1cc(C(=O)Oc2ccc3cccnc3c2C=O)c(-c2coc3ccccc23)n1,0.253543368,2.754053343,-10.1,-8.7,4.4132,397.106256
N#Cc1cc(CNC(=S)Nc2ccc3ccccc3c2)ccn1,0.722693234,2.125999015,-7.2,-8.1,3.59308,318.0939174
Cc1cccc(C(=O)N(C(=O)C(=O)NS(=O)(=O)c2cccc3c2CCNC3)c2ccc(O)cc2)c1,0.473793343,2.855960845,-9.3,-8.1,2.02482,493.1307565
N#Cc1c(NC(=O)C(=O)N2CCN(C(=O)c3ccc4[nH]cnc4c3)CC2)sc2c1-c1ccccc1CC2,0.40125757,2.889974802,-10.5,-11,3.18478,510.1474096
Cc1coc2ccc(C(=O)Oc3ccccc3-c3ccccc3C=O)cc12,0.277486178,2.271519453,-8.6,-7.8,5.43992,356.104859
CCN(C(=O)CCn1c(=O)[nH]c(=O)c2ccccc21)c1ccc2[nH]ccc2c1,0.56088917,2.471650622,-9.3,-8.6,2.6143,376.1535405
Cc1cc(Cl)c2cccc(S(=O)(=O)Nc3cccn4c(N)nnc34)c2n1,0.557017694,2.740055201,-9,-8.2,2.62232,388.0509223
CN1CCCN(Cc2nc3cccnc3[nH]2)c2nc3ccccc3nc21,0.602108119,2.684847671,-9.3,-8,2.7476,345.1701936
Cc1cnn(-c2ccc(NC(=O)c3c(C)c(C)nc4ccccc34)cc2)c1,0.583574481,2.147880008,-8.8,-8.6,4.59806,356.1637113
Cc1ccc(NC(=O)c2ccc3c(c2)CCN3)cc1O,0.78446091,2.057658306,-7.9,-8,2.92092,268.1211778
C[C@H]1c2ccccc2C[C@H]1NC(=O)C(=O)N1CCc2cc(C3CCCCC3)ccc2C1,0.734899027,3.347853133,-10.2,-10.3,4.4636,416.2463783
Cc1c(C(=O)N2CCCC3(C2)C(=O)NC(=O)N3C(=O)c2[nH]c3ccccc3c2C=O)c2ccccc2n(C)c1=O,0.30273533,4.106583074,-10.4,-8.7,2.50772,539.1804835
O=S(=O)(Nc1cnc2ccccc2c1)c1ccccc1-c1ccc(CO)cc1,0.535375436,2.029007545,-9.9,-8,4.1949,390.1038134
NC(CNC(=O)N1CCCc2c1cccc2[N+](=O)[O-])c1ccc2ncccc2c1,0.523025747,3.048677168,-9.1,-9.4,3.3052,391.1644395
O=C1CC(=O)N(c2ccc(Cl)cc2)C(=S)N1C(=O)NCc1ccc(-c2ccc3c(c2)CCO3)cc1,0.410456617,2.673605755,-10.4,-9.6,4.7019,505.0863048
Cc1ccc(C(=O)Cc2ccc(OC(=O)c3coc4ccc(C)cc34)cc2)cc1,0.2517727,2.154537767,-8.6,-8.9,5.69424,384.1361591
N#CCCCN1C(=O)CCc2cc(NC(=O)C(=O)Nc3ccc(-c4cccc(F)c4)cc3)ccc21,0.40427079,2.410330832,-9,-9.3,4.65288,470.1754188
Cc1cc(C)c2ncc(C#N)c(N3CCc4c(CN)cccc43)c2c1,0.77515813,2.736826967,-8.5,-9.1,3.87622,328.1687966
Cc1c(NNC(F)(F)c2ccc3c(=O)[nH]c(=O)n(C)c3n2)cccc1[N+](=O)[O-],0.340172259,3.091325763,-8.7,-8.9,1.50442,392.1044594
Cc1cc2cccc(NC(C)c3ccncc3Cl)c2c(=O)[nH]1,0.766390507,2.935227669,-8.1,-8,4.05802,313.0981898
Nc1cccc2cc(S(=O)(=O)NS(=O)(=O)c3ccc(C=O)cc3Cl)ccc12,0.47883902,2.508252989,-9.3,-8.6,2.5551,423.9954412
N#Cc1cnn2cc(OC(=O)c3cc4cc(Br)ccc4cn3)cnc12,0.485265804,2.839908928,-9.1,-8.2,3.13088,392.9861366
O=C1c2cccc3cccc(c23)C(=O)N1c1ccc(NC(=O)N2C(=O)NC(=O)[C@]23CC[C@@H](C(=O)O)CC3)cc1,0.347090667,3.291042441,-10.8,-9.8,3.7377,526.148849
O=C(CN1C(=O)CCC(C(=O)O)c2ccccc21)c1ccc2ccccc2c1,0.701184508,2.621479846,-9.3,-8.8,4.0177,373.1314081
O=C(NCCCCCCCCCO)C(=O)N1C(=O)CCc2cc(C(=O)CCl)ccc21,0.240067779,2.690195461,-7.7,-6.6,2.7531,436.1764997
O=C([O-])c1ccccc1N(C(=O)Nc1nccc2c([N+](=O)[O-])cccc12)S(=O)(=O)c1cccs1,0.313806076,3.080494939,-8.2,-8.4,2.9954,497.0231143
Cc1nc2cc(C(=O)OC(F)Oc3ccccc3S(N)(=O)=O)ccc2c(=O)[nH]1,0.48040568,3.224654272,-9.3,-8.3,1.36782,407.0587344
Cc1c(C(=O)Nc2ccc(Oc3cccc(C#N)c3)cc2)nnn1-c1ccc2ncccc2c1,0.405406414,2.369502771,-9.5,-10.2,5.0402,446.1491238
O=C(CNC(=O)c1c[nH]c2ccccc2c1=O)c1cc2ccccc2[nH]1,0.496263426,2.248499643,-9.6,-8.6,2.6221,345.1113413
O=C(NC(=NO)C(c1ccccc1)c1ccccc1)N1CCc2c(O)cccc21,0.273916766,2.688239097,-9.6,-7.8,4.0841,387.1582915
O=C(/C=C/c1cccc(Cl)c1)Oc1ccc([N+](=O)[O-])cc1C(=O)c1ccccc1,0.141612125,2.154619143,-8.7,-7.5,5.098,407.0560502
O=Cc1c2ccccc2c(N(c2cccc(F)c2)c2ncc(Br)cn2)c2ccccc12,0.209478405,2.660742165,-9.3,-8.5,6.9669,471.0382524
O=C(CN1C(=O)NC(=O)C12CCCCCCCCCCC2)c1cccc2ccccc12,0.517746298,3.293443692,-10.5,-9.8,5.6178,420.2412929
Cc1oc2cc(O)ccc2c(=O)c1-c1ccccc1N[C@@H]1CCC[C@@H]1N,0.669120254,3.203102578,-8.6,-8.1,3.76572,350.1630426
O=S(=O)(c1ccc2cnccc2c1)N(c1cccc(F)c1)c1ncc(Br)cn1,0.450836853,2.674647352,-8.9,-8.2,4.4534,457.9848369
N#Cc1cccc(C(=O)CNc2nc(-c3ccc4c(c3)CCCC(=O)N4)cs2)c1,0.622229051,2.552055581,-9.7,-9.1,4.25138,402.1150468
N[C@H]1CCC[C@H]1Nc1cc(S(N)(=O)=O)cc2ccccc12,0.804677932,2.95183524,-8.3,-7.8,1.7789,305.1197978
O=C(NNC(=O)c1ccc2ccccc2c1)Nc1ccc(N2C(=O)c3cccc4cccc(c34)C2=O)cc1,0.231996258,2.308989953,-11.5,-11,5.2601,500.1484551
Cc1oc2cc(O)ccc2c(=O)c1-c1ccccc1OC(=O)c1cc([N+](=O)[O-])cc2ccccc12,0.15450252,2.518228748,-9.6,-9.3,5.75462,467.1005019
O=C(COC(=O)c1cc2c(s1)-c1ccccc1CC2)c1ccc([N+](=O)[O-])cc1,0.276386896,2.283019275,-8.3,-7.8,4.4616,393.0670936
O=C1c2cccc3c(S(=O)(=O)Cl)ccc(c23)N1Cc1cc(F)cc2cccnc12,0.448353088,2.533573177,-10.1,-9.8,4.615,426.0241191
CC(NC(=O)C(=O)N1CCc2ccc(C#N)cc2C1=O)c1cc2cnccc2[nH]1,0.650465227,3.352347917,-9.1,-8.7,1.83688,387.1331394
Cc1c(C(=O)N2CCCc3c(C(N)=O)cccc32)nnn1-c1ccc2ncccc2c1,0.556782078,2.562486418,-9.9,-9.6,2.81582,412.1647739
Nc1ccc2nccnc2c1OC(=O)c1ccc(-c2cccc3cccnc23)o1,0.2826305,2.631621845,-9.6,-9.1,4.2394,382.1065903
Fc1cccc2c3c([nH]c12)CCN(c1ncnc2c1ccc1ccccc12)C3,0.425160188,2.537670751,-10.4,-10.3,4.9661,368.1437248
O=C(CCn1c(=O)[nH]c(=O)c2ccccc21)Nc1ccc(Nc2ccc3ccccc3c2Cl)cc1,0.305747956,2.299623278,-10.2,-10.2,5.2688,484.1302182
Cc1ccc(N(C(=O)c2cccc(O)c2)c2ccc3c(NN)ccnc3c2)cc1,0.355569887,2.40307456,-9.2,-9,4.51292,384.1586259
O=C1Cc2cc(C(=O)COC(=O)c3cc([N+](=O)[O-])ccc3Sc3ccccc3)ccc2N1,0.248171921,2.46334957,-8.5,-8,4.2803,448.0729072
Nc1ccc(Oc2ccc3ccccc3c2)c(NS(=O)(=O)c2ccc3cc(Cl)ccc3c2)c1,0.273633344,2.187553434,-10.1,-8.4,6.8217,474.0804911
O=C([O-])c1ccc2c(c1)N(c1cccc3cccc(Br)c13)C(=O)C2,0.685226641,2.795202035,-9.2,-7.9,3.1866,379.9927789
O=C([O-])c1ccc2c(c1)N(c1cccc3cccc(Cl)c13)C(=O)C2,0.722226884,2.718101356,-9.2,-8,3.0775,336.0432945
Oc1ccc2c(c1)Sc1ccccc1N2c1cccc2ccncc12,0.412878595,2.386560176,-8.3,-7.9,5.8748,342.0826841
Clc1nccc2cccc(N3CCc4ccccc4-c4ccccc43)c12,0.37461295,2.273847072,-9.6,-8.7,6.2494,356.1080262
O=S(=O)(Nc1ccc2ccncc2c1F)c1ccccc1-c1ccccc1,0.552652471,2.144099335,-10,-9.1,4.8417,378.0838269
NCC(Nc1ccc(C(=O)c2cccc(Cl)c2)cc1)c1ccc2ncccc2c1,0.433846688,2.603298212,-8.9,-8.3,5.2311,401.1294899
N#Cc1cccc(Nc2cccc(NC(=O)C(=O)Nc3ccc(Oc4ccnc5ccccc45)cc3)c2)c1,0.238930548,2.327686071,-10.6,-10.3,6.21958,499.1644395
O=C(Nc1cc(CCc2ccccc2)ccn1)C(=O)N1C(=O)Cc2cc(Br)ccc21,0.597950288,2.551443085,-9.9,-9.1,3.6837,463.0531535
O=C(Nc1nc(-c2ccc3c(c2)Cc2ccccc2-3)cs1)c1ccc2cc(Br)ccc2c1,0.274383585,2.264986129,-10.4,-10.5,7.5493,496.0244963
O=Cc1cccc(Oc2cccc(N3CC=C(c4c[nH]c5ccccc45)CC3)c2)c1,0.41815353,2.461082676,-9.8,-9.7,6.0664,394.1681279
Clc1ccc2ccncc2c1NC(c1ccccc1)c1ccc2c(c1)CCCO2,0.429132915,2.867700372,-9.5,-9.1,6.4147,400.134241
CN(C1CCCCC1)S(=O)(=O)c1ccccc1S(=O)(=O)NCC(=O)c1ccc2c(c1)-c1ccccc1C2,0.335879493,2.650243098,-10.1,-9.9,4.3722,538.1596141
CC(=O)c1ccc2c(c1)N(c1cc(F)cc3ccoc13)c1ccccc1S2,0.321142498,2.610107619,-9.3,-8.3,6.7089,375.0729279
O=C1CN(C(=O)NC(Cc2ccccc2)c2nc3ccccc3o2)c2cc(Br)cnc2N1,0.439043795,3.16119732,-9.6,-9.3,4.4374,491.0593015
ClC(c1ccccc1)c1ccc(N2CCN(c3nccc4sccc34)CC2)cc1,0.380756652,2.730246704,-9.6,-8.9,5.9511,419.1222964
NC(c1ccccc1)c1ccc(F)c(OC(=O)CCCc2ccc3c(c2)-c2ccccc2C3)c1,0.230943532,2.838065982,-8.8,-8.6,6.3733,451.1947573
COC(=O)c1cccc2c3c([nH]c12)CCN(c1c(Cl)cc(Cl)cc1C=O)C3,0.511534023,2.762235274,-8.2,-8.6,4.6365,402.0537977
COc1ccc(S(=O)(=O)c2ccccc2)cc1Nc1ccc(C(=O)c2cccc(C)c2)cc1,0.354608572,2.052043173,-9.8,-9.4,5.81102,457.1347792
FC(F)(Nc1cc(Cl)cc2ccccc12)Oc1cccc(C2=CCNCC2)c1,0.412242922,2.866838314,-9.7,-9,5.9111,400.1153973
CCC(=O)c1ccc2c(c1)N(CC(=O)c1cccc(S(C)(=O)=O)c1)c1ccccc1S2,0.481740033,2.408102643,-9.1,-8.9,5.1684,451.0912002
O=C(NCc1ccc2[nH]nnc2c1)C(=O)Nc1ccc2oc3ccccc3c2c1,0.413140338,2.525912161,-10,-9.4,3.1122,385.1174893
c1ccc2c(c1)COc1cccc(NCCNc3ncnc4ccccc34)c1-2,0.499580899,2.370039962,-8.7,-8,4.7132,368.1637113
Cc1cccc(C(=O)c2ccc(NCc3cncc(C#N)c3)cc2)c1,0.716386426,2.091987775,-8.9,-8.4,4.1048,327.1371622
COc1ccc2[nH]cc(C3=CCN(S(=O)(=O)N=S(C)(=O)c4cccc(Br)c4)CC3)c2c1,0.534811046,3.43169643,-9.5,-9,4.4298,523.0235103
Cc1c(-c2csc(NC(=O)C(=O)NS(=O)(=O)c3ccc(C(=O)CBr)cc3)n2)sc2ccccc12,0.199346193,2.683747246,-9.2,-9.2,4.35442,576.9435457
O=C(NCCc1cnc2c(Cl)cnn2c1)C(=O)N1CCc2ccc(-c3ccccc3)cc2C1,0.474806063,2.671243449,-10.3,-9,3.2933,459.1462026
O=C(Nc1ccccc1)Nc1ccc(NC(=O)C(=O)Nc2ccc3c(c2)Cc2ccccc2-3)cc1,0.266242335,2.107150262,-10.2,-10.6,5.479,462.1691906
CCOC=C1C(=O)N(C(=O)Nc2cnc3[nH]cnc3c2)C(=O)c2ccccc21,0.411471341,2.974913314,-9.1,-8.8,2.5498,377.112404
Nc1noc2cc(CNC(=O)C(=O)N[C@@H]3C[C@H]3c3ccc4ccccc4c3)ccc12,0.456405426,3.228969245,-9.7,-9.7,2.8517,400.1535405
O=C(Nc1ccc(S(=O)(=O)NC(=O)N2C(=O)Cc3cc(C(=O)CCl)ccc32)cc1)Oc1ccccc1,0.367742174,2.654768534,-9.6,-9.6,3.7066,527.0553986
CCc1cccc2c(C3=CCN(C(=O)C(=O)NC(=S)c4c(F)cccc4F)CC3)c[nH]c12,0.463349006,3.030781742,-9.7,-9.1,4.1161,453.1322544
C[C@@H](NC(=O)C(=O)NC1CC[C@@H](O)[C@@H](O)CC1)c1cccc2ccccc12,0.489036735,3.297874105,-8.8,-8.8,1.7976,370.1892573
N#Cc1c(N)sc2c1CCN(c1cc3c(nn1)-c1ccccc1C3=O)C2,0.561312981,2.839963028,-9.6,-9.5,2.76608,359.084081
Cc1c(C(=O)Oc2cccc(CNCc3ccc(C#N)cc3)c2)nnn1-c1ccc2ncccc2c1,0.273335222,2.518670516,-8.7,-8.9,4.5046,474.1804239
Cc1ccc(C)c2c1C(=O)N(c1cc3[nH]nnc3cc1Cl)C2=O,0.697057592,2.958374148,-8.9,-8.8,3.02874,326.0570533
O=C1Cc2ccccc2C2(CCNCC2)N1C(=O)Nc1nccc2ncccc12,0.670477062,3.325762925,-10.9,-9.8,2.8253,387.1695249
O=C(Nc1nccc2ncccc12)C(=O)N1C(=O)Cc2ccccc2C12CCNCC2,0.587168967,3.41777139,-9.5,-10.1,1.7585,415.1644395
O=C1Cc2ccccc2C2(CCN(C(=O)C(=O)Nc3nccc4ncccc34)CC2)N1,0.589609375,3.235200621,-9.9,-9.2,1.7585,415.1644395
N#Cc1ccc2c(c1)N(C(=O)C(=O)NCc1ccc3occc3c1)C(=O)C2,0.705347534,2.780953135,-8.4,-7.9,2.03658,359.0906059
NC(c1ccc(NCc2ccc3ccccc3c2F)cc1)c1cccc(I)c1,0.330596209,2.704363607,-9.5,-8.9,6.2437,482.0655249
O=C(Oc1cc(Br)cc2cc[nH]c(=O)c12)c1cccc2ccc(O)nc12,0.38719649,2.741880217,-9.6,-8.7,3.7636,409.9902189
O=C(NCc1ccc(-n2cnc3ccccc32)cc1)C(=O)N(c1cccc2cccnc12)C1CCCC1,0.345739792,2.681988476,-10.9,-9.4,5.1657,489.2164751
O=C(NS(=O)(=O)c1ccc(C(F)(F)C(F)(F)F)cc1)c1cnc2cc3c(cc2c1O)OCCO3,0.523120434,2.856614839,-10.5,-9.6,3.4844,504.0414482
O=Cc1ccc(Cl)c(Br)c1OC(=O)c1cnc2c(F)ccc(F)c2c1,0.337380542,2.725227825,-8.4,-8.5,4.9606,424.9265893
O=C1Cc2ccc(C(=O)N3CCCC4(C3)NC(=O)N(C(=O)COc3ccc5oc6ccccc6c5c3)C4=O)cc2N1,0.370920046,3.893952733,-11.9,-12.1,3.2128,552.1644991
COC(=O)c1cccc2c3c([nH]c12)CCN(c1cc(CBr)c2ncccc2c1)C3,0.354229044,2.750372064,-8.9,-8.8,4.9603,449.073889
O=C(NNCCc1ccc2ccccc2c1)C(=O)Nc1ccc(Cl)cc1-c1ccccc1,0.223876991,2.23916869,-9.6,-9,4.9622,443.1400546
CC(=Cc1ccccc1N1CCc2ccc(-c3ccccc3)cc2C1)C(=O)O,0.625726963,2.25921951,-9.4,-8.9,5.4042,369.172879
Clc1cc(I)cc(N2CCc3nn(-c4ccccc4)cc3C2)c1,0.544494707,2.556139084,-8.3,-8.2,4.693,434.9999232
Fc1cccc(Cl)c1C(=S)Nc1cccc2cnsc12,0.68083737,2.760010532,-7.4,-7.1,4.8764,321.9801462
N#Cc1ccc(I)c(N2CCc3[nH]c4c(Cl)cc(Cl)cc4c3C2)c1,0.478977961,2.8190276,-8.9,-8.9,5.51368,466.9453007
Clc1ccc(CC(Cc2ccc(Cl)cc2)Nc2cc(I)cc3ccccc23)cc1,0.248267479,2.247384152,-9,-8.8,8.0171,531.001753
NCc1ccc2c(c1)CC(=O)N2S(=O)(=O)c1ccc(S(=O)(=O)Cl)cc1,0.774465697,2.585566168,-8.9,-7.9,1.3508,399.9954412
C[C@@H](NC(=O)N(C(=O)c1ccc(N)cc1)c1cccc2cccnc12)c1cccc2cnccc12,0.345079094,3.074538078,-10.3,-9.3,5.4828,461.185175
O=C(NS(=O)(=O)c1ccccc1-c1ccc(CO)cc1)C(=O)N1CCc2n[nH]c(=O)cc2C1,0.466828997,2.795246504,-9.8,-8.7,0.319,468.1103554
Cc1cc(F)ccc1N(Cc1cccc(C#N)c1)c1c(C)cnc2c(C)cccc12,0.395392343,2.602768693,-9.3,-8.9,6.50914,395.1797759
[N-]=[N+]=Nc1c(F)cccc1OC(=O)c1cc(F)c2[nH]c(=O)ccc2c1,0.255657214,2.843369917,-8.9,-8.7,3.9673,342.0564466
O=Cc1cc(NCc2ccc(O)c(Cl)c2)ccc1Oc1cccc(Cl)c1,0.515213094,2.206099552,-8.5,-8.1,5.9159,387.0428987
CCC(=O)c1ccc2c(c1)N(C(F)(F)c1ccc3c(c1)CCNC3)c1ccccc1S2,0.385515896,2.976626435,-9.7,-9.4,6.2772,436.1420908
N#Cc1cccc(C(=O)CNc2nc(-c3ccc(-c4ccccc4)cc3)cs2)c1,0.428898917,2.149210442,-8.9,-8.7,5.64358,395.1092332
Cc1cccc2c(O)c(C(=O)OCC(=O)c3ccc4c(c3)oc(=O)n4C)cnc12,0.419728296,2.553521332,-9.8,-8,2.73342,392.1008362
CS(=O)(=O)c1ccc(C(=O)CN(N)c2cccc3ccccc23)cc1,0.432848486,2.217355632,-8.8,-8.2,2.8063,354.1038134
COc1ccc2cccc(NCC(=O)c3cccc(S(C)(=O)=O)c3)c2c1,0.672940656,2.048891239,-8.5,-8.7,3.5467,369.1034791
N#Cc1cc(CN2C(=O)NC3(CCc4ccccc4C3)C2=O)ccn1,0.851573047,3.418709301,-9.1,-8.4,1.93278,332.1273258
CCOC=C1C(=O)N(C(=O)C(=O)NCc2cc(F)cc3c2OCOC3)C(=O)c2ccccc21,0.325093253,3.103731368,-10.2,-8.7,1.895,454.1176292
CN(C(=O)C(=O)Nc1cccc(C(=O)c2ccccc2)c1)C(=O)c1cccc(C#N)c1,0.524511164,2.317163651,-9.7,-9.2,3.02658,411.121906
[N-]=[N+]=Nc1cccc(N2CCC3(CC2)NC(=O)Cc2ccccc23)c1F,0.505085258,3.48207656,-9.6,-9.8,3.9355,351.1495384
Cc1cc2ccncc2cc1N(C(=O)Oc1ccccc1)c1cccc([N+](=O)[O-])c1,0.320257954,2.478765267,-9.2,-8.8,5.78852,399.121906
N#Cc1ccc2c(c1)CCCN2C(=O)C1NCCc2c1[nH]c1ccccc21,0.703228082,3.141681808,-9.3,-9.6,3.20578,356.1637113
Cc1cc2c(N3C(=O)NC(=O)C34CCCCCCCCCCC4)c(O)ccc2[nH]1,0.572223768,3.706512769,-9.5,-8.4,5.28162,397.2365419
O=C(COc1ccc2cc(Br)ccc2c1)Oc1ccc(Sc2cccc(Br)c2)cc1,0.186159626,2.235026287,-8.6,-8.4,7.5004,541.9186896
O=[N+]([O-])c1cc(Br)c(Nc2ccccc2-c2cccc(Cl)c2)c(Br)c1,0.316435206,2.218765961,-8.5,-8.9,7.1838,479.8875795
Cc1ccn2cc(-c3ccc(NC(=O)C(=O)N4CCc5cc(C(N)=O)ccc54)cc3)nc2c1,0.478379623,2.569104221,-10.1,-9.8,2.93642,439.1644395
N#CC(C(=O)CCl)=C1Nc2ccccc2C(=O)N1c1ccc2snc(N)c2c1,0.38870696,3.128700047,-8.8,-7.7,3.49388,409.0400233
NS(=O)(=O)c1ccc2c(c1)CCC(=O)N2C(=O)c1ccc(-c2cnc3c(c2)CCC3)cc1,0.620773658,2.575676873,-9.7,-9.3,3.0043,447.1252772
O=Cc1cc(Br)cc(NC(c2ccccc2)c2ccc3c(c2)CCCO3)c1,0.529420945,2.846951525,-9,-8,5.7881,421.067741
O[C@H]1CC[C@@H](C(F)(F)NCc2ccc(Cl)cc2Oc2ccc(F)c(Cl)c2)CC1,0.535593558,2.741674409,-8.8,-7.8,6.1583,433.0823189
O=S(=O)(NS(=O)(=O)c1cccc2c1NCCC2)c1ccc(-c2ccc(Br)cc2)cc1,0.541822573,2.471560911,-8.8,-9.5,4.1414,505.9969612
NS(=O)(=O)c1ccc(-c2ccc(N3CCCc4cccc(S(=O)(=O)F)c43)cc2)cc1,0.615891606,2.453436121,-9.2,-8.7,3.7435,446.0770273
O=C(CN1C(=O)Cc2c(Br)cccc21)c1cccc([N+](=O)[O-])c1,0.467252217,2.345586648,-8,-8.2,3.1293,373.9902189
O=C(COc1ccc2oc3c(c2c1)CCCC3)NC1(c2c(F)cccc2F)CC1,0.674523612,2.698841752,-9.1,-8.9,4.7741,397.14895
CS(=O)(=O)c1cccc(NNCC(=O)c2ccc3ccccc3c2)c1,0.525611593,2.233298907,-7.9,-8.4,3.0427,354.1038134
O=C(NS(=O)(=O)c1ccc(SC(F)(F)F)cc1)c1cc([N+](=O)[O-])ccc1Sc1ccccc1,0.252904087,2.544154824,-9,-8,5.4766,513.9938692
CC(Cn1ncc2ccccc2c1=O)NC(=O)N1CCN(Cc2nc3sc4c(c3c(=O)[nH]2)CCCC4)CC1,0.407293521,3.244715541,-11.3,-11.1,2.4892,533.2209089
NCCc1cccc(-c2cccc(N3CCc4[nH]c5ccccc5c4CC3)c2)c1,0.525766917,2.235770288,-10,-9.4,4.9413,381.2204979
O=C1CCc2cc(NC(=O)C(=O)N3CCN(Cc4nc5ccccc5c(=O)[nH]4)CC3)c(F)cc2N1,0.486195748,2.722043755,-11,-10.3,1.2298,478.1764814
CS(=O)(=O)c1ccccc1S(=O)(=O)Nc1cc(C#N)cc(-c2ccccc2)c1,0.691294663,2.183189793,-9.7,-8.8,3.42958,412.055149
N#Cc1ccc(OC(F)N2CCc3ccccc3-c3ccccc32)cc1,0.632851718,2.861718998,-8.7,-8.5,4.91988,344.1324914
N#Cc1cc(CNC(=O)C(=O)N2C(=O)Cc3cccc(C#N)c32)ccn1,0.792238227,2.952472271,-9.1,-8.7,0.55706,345.0861892
O=C(/C=C/c1cccc2cccnc12)Oc1ncc2sccc2n1,0.420650917,2.672490009,-8.5,-8.6,3.8583,333.0571976
O=C(NS(=O)(=O)c1cc(OC(F)(F)F)ccc1Cl)N1CCc2c(-c3ccccc3)cccc21,0.52690104,2.503057266,-9.6,-9.8,5.3666,496.0471403
CC(Cl)C(=O)C(C#N)=C1Sc2ccccc2N1c1ccc2c(c1)C(=O)CC2=O,0.31863102,3.568333101,-8.6,-8.6,4.63108,408.033541
N#Cc1ccc2c(c1)Oc1ccccc1N2c1cccc2ccccc12,0.361427924,2.17979932,-9.3,-8.3,6.28698,334.1106131
Nc1cc2c(cc1O)N(C(=O)NC(=S)Cc1cccc3ccccc13)C(=O)CC2,0.343347852,2.831267173,-9.5,-9.9,3.6865,405.1147125
O=S(=O)(NNc1nc(Cl)nc2ccccc12)c1cccc2cnccc12,0.413518324,2.443303951,-9,-7.9,3.1368,385.0400233
O=C(COc1ccc2cc(Br)ccc2c1)Oc1ccc(C(=O)Cc2cccnc2)cc1,0.20291376,2.17683755,-8.3,-8.1,5.4071,475.0419202
N#Cc1cc2cc(OC(=O)c3ccc(-n4cnc5ccccc54)cc3)ccc2[nH]1,0.367356562,2.475171709,-9.4,-9.3,4.59768,378.1116757
c1ccc2cc(OCCCNCc3ccc(Cn4cnc5ccccc54)cc3)ccc2c1,0.305949535,2.0859603,-8.1,-8.4,5.7965,421.2154125
CCN(Cc1ccc2[nH]ccc2c1)S(=O)(=O)c1cc(C)cc2cccnc12,0.564074534,2.475292995,-9,-7.5,4.23532,379.1354479
CCc1cccc2c(C3=CCN(C(F)(F)c4ccc(C#N)cc4F)CC3)c[nH]c12,0.58623621,3.066435653,-9.4,-9,5.57968,395.1609323
O=[N+]([O-])c1ccc(S(=O)(=O)NCC(F)(F)c2cccc3cccnc23)c2ncccc12,0.357673319,2.752147735,-8.6,-7.7,3.7615,444.0703824
O=C(Nc1cccc2nc(Cl)ccc12)NS(=O)(=O)c1ccc([N+](=O)[O-])c2cccnc12,0.268683366,2.512437391,-9.8,-8.6,3.855,457.0247672
CC(c1ccc(S(C)(=O)=O)cc1)S(=O)(=O)NC1CC[C@@H](O)[C@@H](O)CC1,0.636641479,3.612384216,-8.4,-7.8,0.7349,391.1123295
O=C(CN1CCOc2cccc(O)c2C1)c1ccc2c(c1)OCCO2,0.863831235,2.394649129,-8.9,-8.4,2.2407,341.1263227
O=C(Nc1cccnc1-c1cccnc1)C(=O)N1C(=O)c2cc(Cl)c(Cl)cc2C1=O,0.483366187,2.65539711,-9.3,-9,3.2117,440.0079102
O=C1CCCc2cc(-c3csc(NS(=O)(=O)c4cccc(I)c4)n3)ccc2N1,0.491837317,2.512820429,-9.8,-9.2,4.4903,524.9677814
N#Cc1ccc(CN(N)c2cccc(Oc3cccc(C#N)c3)c2)cc1,0.557960881,2.355582105,-8.2,-8.3,4.10256,340.1324111
CCC(=O)c1ccc2c(c1)N(c1cc3c(cc1[N+](=O)[O-])C(=O)CC3)c1ccccc1S2,0.216197077,2.747203179,-9.1,-8.3,6.2508,430.0987281
Cc1cccc(C(=O)c2cccc(NC(=S)Nc3cnc4ccccc4c3)c2)c1,0.347577443,2.056707779,-10,-8.6,5.58312,397.1248832
N#Cc1ccc2c(c1)N(C(=O)C(=O)NC(=O)c1ccccc1C=O)C(=O)C2=O,0.590660623,2.796696456,-9.6,-9.1,0.38328,375.049135
O=C(Nc1ccc2cncc(F)c2c1)C(=O)N1CCCc2cc(OCc3ccccc3)ccc21,0.445863493,2.467109764,-10,-10.6,4.8708,455.1645198
CC(c1ccc(-n2cnc3ccccc32)cc1)N(C)C(=O)Nc1ccccc1NS(=O)(=O)c1ccccc1,0.270310064,2.83706148,-9.7,-9.5,6.0512,525.1834607
N#Cc1c(Nc2ccc3cccnc3c2Br)sc2c1-c1ccccc1CC2,0.396645041,2.758643391,-9.4,-9.7,6.43968,431.0091805
Cc1ccc(S(=O)(=O)N(c2ccccc2)c2cnn3cc(CCO)cnc23)cc1,0.529670105,2.680099398,-8.5,-7.9,3.09952,408.1256115
Cc1c(C(=O)Oc2ccc3c(N)noc3c2)c2ccccc2[nH]c1=O,0.430254706,2.457158062,-9.1,-9,2.77912,335.0906059
Cc1cc(N2CC=C(c3ccccc3C)CC2)ccc1NCc1ccc(C#N)cc1,0.57074845,2.357999232,-9.7,-9,6.08092,393.2204979
CC(Nc1ccc(C(N)c2ccccc2)cc1F)c1nnc2ccccn12,0.56175252,3.054580835,-9.1,-8.6,4.0896,361.1702739
O=C1N[C@@H]2CN(C(=O)C(=O)NS(=O)(=O)c3ccc4c(c3)oc3ccccc34)CC[C@H]2CO1,0.55469001,3.593050175,-10.4,-9.6,1.3478,457.0943709
Nc1ccc(S(=O)(=O)N(c2ccc(Cl)cc2)c2c(F)ccc3ccncc23)cc1,0.457515125,2.530332839,-8.6,-8.3,5.1365,427.0557536
Cn1cnc2cc(CNC(=O)C(=O)Nc3ccc(-c4nc5ccccc5o4)cc3)ccc21,0.428225611,2.327306159,-9.4,-9.5,3.6364,425.1487895
O=C1CCc2cc(NCC(O)c3ccc4ccccc4c3)ccc2N1CC1CCC1,0.607733825,2.811292223,-8.5,-8.7,5.0646,400.2150781
O=C(NS(=O)(=O)Cc1cccc2cccnc12)c1cc2ccccc2cc1NS(=O)(=O)c1cccs1,0.315011807,2.609377572,-10.7,-9,4.5101,537.0486837
O=C1NS(=O)(=O)c2ccc(S(=O)(=O)N[C@@H]3C[C@H]3c3cccc(Cl)c3)cc21,0.792305338,3.421226227,-9.3,-8.3,1.6065,411.9954412
C#Cc1c(Cl)cccc1N1C(=O)c2cccc([N+](=O)[O-])c2C1=O,0.367500076,2.527618894,-8.2,-8,3.0301,326.0094344
C#Cc1c(F)cccc1N1C(=O)c2cccc([N+](=O)[O-])c2C1=O,0.36928933,2.525755158,-8.5,-8.5,2.5158,310.0389849
Cc1ccc(N(C(=O)c2cccc(O)c2)c2cc(Br)c(O)c3ncccc23)cc1,0.421267878,2.512172426,-8.7,-8,5.69542,448.0422545
O=C(CNc1c(Br)ccc2ncccc12)c1cccc([N+](=O)[O-])c1,0.403633979,2.276317419,-8.3,-7.9,4.2003,385.0062033
O=Cc1cccc(Cl)c1OC(=O)C1(c2ccnc3ccccc23)CC1,0.398414037,2.579115375,-8.6,-8.5,4.3379,351.066221
O=c1[nH]c(CN2CCN(c3ccc4cccnc4c3F)CC2)nc2ccccc12,0.583699648,2.40988465,-9.9,-9,2.9326,389.1651885
NN(c1ccc([N+](=O)[O-])cn1)C(F)(F)Oc1ccc2c(O)ccnc2c1,0.232682288,3.076241028,-8.8,-8.4,2.553,363.0779103
CC(Cl)C(=O)c1ccc2c(c1)CC(=O)N2CC(=O)c1ccc([N+](=O)[O-])cc1,0.328466222,2.847328825,-8.3,-8.2,3.1768,386.0669493
CC1CC(=O)N(Cc2ccccc2)c2ccccc2N1c1cccc2cc(CO)cnc12,0.490753247,2.917056873,-9.7,-8.1,5.1906,423.194677
N#Cc1cc2nc[nH]c2cc1Nc1c(-c2ccccc2)nc2ccccn12,0.502072208,2.611066154,-9.2,-9.2,4.49288,350.1279944
NCC1CCc2ccccc2N1c1cc2c(cc1S(=O)(=O)Cl)C(=O)CC2,0.814011032,3.318860274,-7.9,-7.4,3.1546,390.0804911
Fc1c(N2CCc3[nH]c4ccc(Br)cc4c3C2)cnc2ccccc12,0.480907761,2.553107927,-9.1,-9,5.1804,395.0433378
NC1(c2cc(F)cc(N3C(=O)NC4(CCCCCCCCCCC4)C3=O)c2)CC1,0.694128305,3.582900895,-9.9,-9.2,4.8732,401.2478555
NC(=O)c1ncccc1NCC(=O)c1ccc2ccccc2c1,0.709583111,2.126663549,-8.6,-8.7,2.6285,305.1164267
O=C(CCn1cnc2sc3c(c2c1=O)CCCC3)Nc1ccnc2c(C(=O)O)cnn12,0.487688146,2.720220558,-9.5,-9.2,2.1065,438.1110241
O=S(=O)(NS(=O)(=O)c1ccccc1-c1ccccc1)c1ccc2c(c1)OCC2,0.692027298,2.285160237,-9.4,-7.8,2.9557,415.0548146
O=C1CCc2ccc(N3CCN(C(=O)c4ccc5[nH]cnc5c4)CC3)cc21,0.762799979,2.4105949,-9.4,-9,2.6542,360.1586259
O=C(Nc1ccc(CNc2ccccc2)cc1)Nc1cccc(C(=O)c2ccccc2)c1,0.312412974,1.831907896,-9.8,-9.4,6.1737,421.179027
O=C(Nc1ccc(CNc2ccccc2)cc1)C(=O)Nc1cccc(C(=O)c2ccccc2)c1,0.270387723,1.944002071,-9.8,-9.5,5.1069,449.1739416
O=C1CNCc2ccc(N(c3ccccc3)c3nc(S)nc4ccccc34)cc2N1,0.342409643,2.938093089,-9.5,-8.5,4.43,413.1310312
Cc1cc(N(C(=O)Oc2ccccc2)c2cccc([N+](=O)[O-])c2)ncn1,0.520220127,2.416549864,-8.6,-8.5,4.03032,350.1015049
N#Cc1ccc2c(c1)N(S(=O)(=O)c1cccc(Br)c1F)C(=O)C2,0.783662328,2.788785927,-8.7,-8.3,2.73788,393.9423034
Cn1c(=O)oc2ccc(CNS(=O)(=O)C3=Cc4ccccc4CCC3)cc21,0.749874935,2.686513374,-11.7,-11.2,2.9283,384.1143781
Cn1c(=O)[nH]c(=O)c2ccc(C(F)(F)OC(=O)[C@H](O)c3ccc(C#N)cc3)nc21,0.616257654,3.35919253,-8.9,-8.4,0.81958,402.0775759
N#Cc1cncc(S(=O)(=O)NC(F)(F)c2ccc3c(c2)S(=O)(=O)NC3=O)c1,0.689176602,3.338213212,-9.5,-8.6,0.41318,413.9904178
O=C1NC2(CCNCC2)N(c2cccc3c2CCC3=O)c2ccccc21,0.832722881,3.341839848,-9.1,-8.4,2.7767,347.1633769
CC(C)(C(=O)Oc1c(C=O)ccc2ccccc12)c1cccc(C#N)c1,0.399750958,2.479315053,-9,-9,4.40718,343.1208434
Cc1cc(C)cc(C(NC(=O)NCc2ccc(S(C)(=O)=O)cc2)c2cccnc2)c1,0.632902683,2.690293038,-9,-8.6,3.69074,423.1616627
N#Cc1ccc2c(c1)N(c1c(Br)cccc1OC(F)F)C(=O)C2=O,0.744688308,2.695776161,-8.1,-7.9,3.78318,391.9608106
Cc1cnc2ccccc2c1C(=O)Oc1cccc(C#N)c1F,0.533793395,2.379284625,-8.3,-8.2,3.7732,306.0804558
O=C(c1cc(O)nc2ccccc12)N1CCCC2(C1)C(=O)NC(=O)N2C(=O)c1c[nH]c(=O)c2ccccc12,0.348696196,3.920163904,-11.2,-8.9,2.1489,511.1491834
O=C(c1c[nH]c(=O)c2ccccc12)N1CCCC2(C1)C(=O)NC(=O)N2C(=O)c1cc(O)nc2ccccc12,0.348696196,3.920163904,-10,-9.7,2.1489,511.1491834
Cc1ccc2ncc(C(=O)Oc3c(Cl)cc(C#N)cc3Cl)cc2c1,0.481345767,2.328830508,-8.5,-8.8,4.9409,356.0119329
O=C(NCc1ccc2c(c1)N(C(=O)CN1C(=O)COc3ccc([N+](=O)[O-])cc31)CCO2)c1cc([N+](=O)[O-])ccc1Sc1ccccc1,0.195988587,3.004792274,-10.2,-10.1,4.7352,655.1372984
Cc1cc(N)ncc1S(=O)(=O)NC(=O)C(=O)NS(=O)(=O)c1cc(Cl)cc2cccnc12,0.444774764,2.931476231,-9.6,-8.9,0.48382,483.0074028
O=C(CNS(=O)(=O)c1ccc2c(c1)oc1ccccc12)c1ccc(F)c(Cl)c1,0.483525091,2.24054289,-8.6,-8.2,4.5397,417.0237848
N#CC(C(=O)CCl)=C1NC(=O)c2ccccc2N1c1cc(-c2cccnc2)ccc1O,0.369359388,2.932924158,-9.3,-8.1,3.87878,430.083268
CN(C(=O)NC(=NO)c1ccc(-c2ccccc2)cc1)C(c1ccc(Cl)cc1)c1cccnc1,0.163147019,3.01900049,-9.2,-8.7,5.9688,470.1509537
Nc1cc2c(cc1F)CCN(C(=O)NC[C@H]1CCc3nccn31)C2=O,0.808302926,3.488829713,-8.7,-8.4,1.4998,343.144453
O=C(NCCCc1ccnc2ccccc12)NC(c1cccc(F)c1)c1cccc(Cl)c1,0.338749524,2.682657865,-8.9,-8.4,6.0487,447.1513683
NC(c1cccc(F)c1)c1cccc(NCCCc2ccnc3ccccc23)c1,0.415025015,2.643180119,-8.1,-8.7,5.4667,385.195426
O=C1CCc2cc(OCCNS(=O)(=O)c3ccc4nc[nH]c(=O)c4c3)ccc2N1,0.519173091,2.560838972,-8.4,-8.1,1.1651,414.0997907
NCCOc1ccc2c(c1)CCC(=O)N2S(=O)(=O)c1ccc2nc[nH]c(=O)c2c1,0.63376872,2.764332839,-8.8,-8.4,0.9287,414.0997907
Cc1ccc2cc(CN(C)c3cccc(C(O)c4ccccc4)c3)ccc2n1,0.521818164,2.602630274,-9.2,-8.6,5.26132,368.1888634
O=C1CN(C(=O)Nc2nnc(-c3cc(F)cc(Br)c3)s2)C(c2ccccc2)c2cc(Br)ccc2N1,0.277117062,3.144206057,-10.5,-8.3,6.4448,614.9375482
Nc1nnc(-c2cc(Br)cc(N3C(=O)CNC(c4ccccc4)c4cc(Br)ccc43)c2)s1,0.331409027,3.271996084,-10.1,-8.6,5.6696,568.9520554
Cc1ccc(CN(CCc2cccnc2)C(=O)c2ccc3c(=O)[nH]c(C)nc3c2)cc1,0.522166226,2.364766452,-9.2,-8.5,3.82004,412.189926
Cn1c(=O)oc2cc(S(=O)(=O)Nc3ccc4c(S(N)(=O)=O)cccc4c3)ccc21,0.501972608,2.424713575,-9.5,-9.4,1.7329,433.0402272
Cc1ccc(S(=O)(=O)N2CCC(n3cnc4ccccc4c3=O)C2)cc1[N+](=O)[O-],0.477590996,2.776785086,-9.5,-8.9,2.24882,414.0997907
O=C(CNc1c(Cl)ccc2ncccc12)c1cc2cc(Cl)ccc2o1,0.475833949,2.384160852,-8.8,-8.2,5.5826,370.027583
O=Cc1cccc(Oc2cccc(N3CCOc4cc(F)c(F)cc43)c2)c1,0.601586612,2.373890459,-9.4,-9,5.1001,367.1019998
Cc1c(C(=O)Oc2ccc(C(Cl)c3ccc(F)cc3)cc2)oc2ccccc12,0.227343266,2.604892154,-9.7,-9,6.42772,394.0772003
O=Cc1cccc(Oc2cccc(NCc3ccc(Br)c(F)c3F)c2)c1,0.397626445,2.307659219,-8.4,-7.9,5.9442,417.0175972
NC(CNC(=O)C(=O)N1CCCc2c1cccc2[N+](=O)[O-])c1ccc2ncccc2c1,0.378698769,3.163170586,-8.9,-8.9,2.2384,419.1593542
NC(c1ccc(Cl)cc1)c1ccc(N2CCc3ccncc3C2)cc1,0.764141213,2.684678438,-8.5,-8.2,4.3458,349.1345753
COc1cc2c3c([nH]c2cc1Cl)CCN(c1ccccc1-c1nn(C)cc1C=O)C3,0.489713663,2.74631321,-9.2,-8.2,4.6056,420.1353036
Cc1cc(C)c2ncc(C#N)c(NCc3cccc4c3CCN4)c2c1,0.752204474,2.68969739,-9.5,-8.7,4.30342,328.1687966
O=C(Nc1cccc(CSCc2ccccc2)c1)c1ccc(C(=O)c2cccc(O)c2)cc1,0.306940399,2.041080468,-9,-9,6.3089,453.1398646
O=Cc1cc(O)c(O)c(N2CCC(n3c(=O)oc4ccccc43)CC2)c1,0.554483572,2.687605165,-8.9,-8.6,2.6597,354.1215717
O=C(CNc1nccc2occc12)c1ccc([N+](=O)[O-])cc1,0.441294392,2.356666214,-7.9,-7.6,3.0308,297.0749558
O=C1CCCOc2cccc(N3C(=O)c4cccc([N+](=O)[O-])c4C3=O)c21,0.467187642,2.533423167,-9.3,-8.3,2.7507,352.0695361
N#Cc1ccc(N2CCN(Cc3nc4sc5c(c4c(=O)[nH]3)CCCC5)CC2)c2ccncc12,0.506695877,2.767838349,-9.7,-9.3,3.60548,456.1732304
CC1Cc2c(C#N)cccc2N1C(=O)NC(c1ccccc1)c1ccc2c(c1)CCCO2,0.634842626,3.366333107,-10.1,-9.2,5.13348,423.194677
O=C1CCc2cc(C(=O)CNCCCCCCCCCO)ccc2N1,0.401398319,2.349268544,-6.6,-6.5,3.0666,346.2256428
COc1cccc2c1C(=O)N(C(=O)COc1ccc3oc(=O)cc(C)c3c1)S2(=O)=O,0.576533222,2.775918704,-9.7,-9.1,1.86012,429.0518374
FC(F)(F)c1c(Br)cccc1N(c1cccc2cccnc12)C1CCCC1,0.436492042,2.706230657,-7.9,-7.6,7.0968,434.0605453
CC(SCc1nc2ccccc2c(=O)[nH]1)C(=O)Nc1ncn(C)c1-c1ccccc1,0.498288921,3.068169948,-8.6,-8.7,3.584,419.1415959
O=C(c1c(O)ccc2ccccc12)N(c1cccc(F)c1)c1ncc(Br)cn1,0.476788257,2.565039468,-9,-8.1,5.2155,437.017517
N[C@H]1CCC[C@H]1NC(=O)C(=O)NS(=O)(=O)c1cc(F)c2ccccc2c1,0.681273299,3.231376227,-9.2,-8.1,0.7798,379.1002053
CS(=O)(=O)c1cccc(C(=O)CN2C(=O)Cc3cc(Cl)ccc32)c1,0.78238296,2.177854482,-8.3,-8.5,2.5155,363.0332066
Nc1ccc(N(C(=O)CCn2c(=O)[nH]c(=O)c3ccccc32)c2ccc3ccccc3c2Cl)cc1,0.348592205,2.62439514,-9.9,-9.7,4.8336,484.1302182
O=C(c1cccc2c3c([nH]c12)CCNC3)N1CCCCCNCCCCCNCCCCC1,0.527468889,3.190863583,-9.8,-8.9,3.9595,453.346761
O=Cc1ccccc1Cc1ccc(NC(c2ccccc2)c2ccc3c(c2)CCCO3)cc1,0.333069578,2.796355576,-10,-8.9,6.6164,433.2041791
N#Cc1ccc(N2CCN(c3ccc(N4C(=O)Cc5cc(-c6csc(N)n6)ccc54)cc3)CC2)nc1,0.454361201,2.683652055,-10.4,-9.2,4.20638,493.1684794
CS(=O)(=O)c1ccc(C(=O)CN(N)c2nccc3sccc23)cc1,0.425581939,2.677234871,-8.3,-7,2.2628,361.0554833
Cc1ccncc1C(=O)CNc1ccc(-c2cccc(F)c2)c(F)c1,0.689780821,2.196832818,-8.6,-8.5,4.63002,338.1230696
O=C(NS(=O)(=O)c1ccc2[nH]c(=O)[nH]c2c1)C(=O)N1CCc2cc(C3CCCCC3)ccc2C1,0.492975775,2.773057222,-11.1,-11,2.2937,482.1623909
Cc1cccc(C(Nc2cccc3c(Br)csc23)c2cccc(C)c2)c1,0.35944754,2.478098413,-8.7,-8.5,7.48214,421.0499827
COc1cc2c(cc1NCC(=O)c1cccc(S(C)(=O)=O)c1)oc1ccccc12,0.478223767,2.270955541,-8.6,-8.9,4.2929,409.0983937
N#Cc1cccc(N(C(=O)Nc2ccc(Oc3ccnc4ccccc34)cc2)c2cccc(N)c2)c1,0.272778428,2.471319307,-10.4,-9.8,6.85118,471.1695249
O=C(c1nccc2c1[nH]c1ccccc12)N1CCCCC1c1cnc2ccccc2c1,0.413110276,2.907811457,-10.2,-9.5,5.6317,406.1793613
O=c1[nH]c(CN2CCN(c3ccc4cc(I)[nH]c4c3)CC2)nc2sc3c(c12)CCCC3,0.377754946,2.823160001,-10,-9.8,4.2715,545.0746294
O=C(NC(=NO)C(c1ccccc1)c1ccccc1)Nc1cccc(-c2nc3cc(Cl)ccc3[nH]2)c1,0.095209268,2.629671835,-11.4,-9.9,6.6246,495.1462026
O=C(CCl)c1ccc2c(c1)CC(=O)N2C(=O)Nc1ccc(Oc2nc3ccccc3o2)cc1,0.325012043,2.718818697,-9.8,-9.9,5.1628,461.0778483
CN(Cc1ccnc2[nH]ccc12)C(=O)C(=O)Nc1c(-c2ccccc2)nc2ccccn12,0.431986936,2.687976134,-9.2,-7.9,3.4747,424.1647739
O=C(CN1CC=C(c2c[nH]c3ccccc23)CC1)c1cccc2ccccc12,0.498047882,2.283687248,-9.5,-8.9,5.2931,366.1732133
O=Cc1cccc(Br)c1N1CCc2c(c(=O)[nH]c3ccccc23)C1,0.687533554,2.587525781,-8.4,-8.8,3.6658,382.0316898
O=C(COC(=O)c1ccc(C(=O)c2cccc(O)c2)cc1)c1cccnc1,0.535669785,1.997187101,-8.2,-7.8,3.0579,361.0950226
N#Cc1ccc2cc(C(=O)Oc3cnc4ccccc4c3F)ccc2c1,0.498791706,2.264924874,-9.5,-9.2,4.61798,342.0804558
Brc1ccc(-c2ccccc2N2CC=C(c3c[nH]c4ccccc34)CC2)cc1,0.3757429,2.310403652,-9.7,-8.4,6.8911,428.0888108
CN(C(=O)Nc1nc(-c2cc3cc(Cl)ccc3o2)cs1)c1ccc2c(c1)oc1ccccc12,0.284610197,2.606678545,-10.5,-11.6,7.7774,473.0600901
Oc1c(N2CCc3cc(C4CCCCC4)ccc3C2)cc(Cl)c2cccnc12,0.563222896,2.544247695,-9.2,-9.9,6.2042,392.1655411
Brc1ccc2cnc(N3CCN(c4nccc5sccc45)CC3)nc2c1,0.477660689,2.490023296,-8.8,-8.3,4.3286,425.0309786
O=c1[nH]c(CN2CCN(c3ccc4c(Cl)cc(Cl)cc4n3)CC2)nc2ccccc12,0.51987532,2.409689948,-10.1,-9.7,4.1003,439.0966656
COc1ccc2[nH]cc(C3=CCN(c4ccccc4CC(=O)Cc4ccccc4F)CC3)c2c1,0.374572184,2.598150323,-9.6,-8.2,5.9636,454.2056563
O=C1CCCc2cc(NCc3cccc(-c4cccc(O)c4)c3)c(S(=O)(=O)Cl)cc2N1,0.475687809,2.600308074,-10,-9.5,4.8736,456.0910558
Cc1c(-c2csc(NCC(=O)c3ccc(S(N)(=O)=O)cc3)n2)sc2ccccc12,0.433248011,2.455236028,-8.8,-8.9,4.27542,443.0432044
Cc1ccnc2c(S(=O)(=O)NC(=O)C(=O)N3CCc4[nH]c5c(Cl)cc(Cl)cc5c4C3)cccc12,0.393947331,2.929934777,-10.5,-9,3.72112,516.0425814
O=C(c1cccc(Nc2nc3ccccc3c(=O)[nH]2)c1)N1C(=O)C2(CCNCC2)Cc2ccccc21,0.386396307,3.276595125,-11.3,-11,3.766,479.1957397
CCN(CC)S(=O)(=O)c1ccc2c3c(cccc13)C(=O)N2c1nc(Cl)cc2c(F)cccc12,0.351173219,2.780720811,-9.2,-8.3,5.5029,483.0819684
O=C(Nc1cccc(CCCc2ccccc2)c1)C(=O)Nc1ccc(Cl)cc1-c1cccc2ccccc12,0.214947835,2.205409564,-10.5,-9.7,7.9127,518.1761058
O=C(NS(=O)(=O)c1ccc2[nH]c(=O)[nH]c(=O)c2c1)c1cc2ccccc2nc1Cl,0.420663637,2.449348682,-10.1,-9.7,1.5367,430.0138681
Cc1cc(C)c(-c2csc(Nc3cc(Br)cc4cc[nH]c(=O)c34)n2)cc1C,0.40585067,2.645987703,-9.7,-8.5,6.08296,439.0353953
O=C(c1ccc2c(c1)CC(=O)N2S(=O)(=O)c1ccc2c(c1)Cc1ccccc1-2)C1CCNCC1,0.457945972,2.803330543,-10.1,-10.2,3.7181,472.1456782
CCc1cccc2c(C3=CCN(c4cccc(F)c4C(N)=S)CC3)c[nH]c12,0.640362531,2.750452036,-8.4,-8.6,4.7973,379.1518469
Cc1c(C(=O)N(Cc2ccc(C#N)cc2)Cc2cccc(F)c2)nnn1-c1ccc2ncccc2c1,0.345045475,2.518989358,-9.6,-9.3,4.9773,476.1760875
O=C1CC(c2ccccc2F)C(=O)N1c1cccc2c1oc1ccccc12,0.484435221,2.776840867,-10.8,-9.7,4.7722,359.0957715
Cc1ccc(C)c2c1C(=O)N(c1cc3nn[nH]c3cc1Cl)C2=O,0.697057592,2.954445302,-8.8,-8.7,3.02874,326.0570533
Nc1ccc(Oc2ccc(Cl)cc2Cl)c(N2C(=O)C(=O)c3cc(-c4ccccc4)ccc32)c1,0.257599786,2.368697347,-10.1,-8.5,6.8959,474.0537977
C/C(=C\C(=O)N1C(=O)Cc2cc(CN)ccc21)c1ccc([N+](=O)[O-])cc1,0.517472381,2.661681413,-8.1,-8.4,2.5727,351.121906
Nc1cccc(S(N)(=O)=O)c1NC(=O)N(C(=O)Nc1ccccc1)c1cccc(O)c1,0.390060178,2.59330263,-9.2,-8.2,2.8924,441.1106897
O=Cc1ccc(Cl)cc1Nc1ccc(N2CCc3ccccc32)cc1,0.623566169,2.174258191,-8.8,-9.1,5.5903,348.1029408
Clc1ccc2nc(Cl)c(CN3CCc4nc(-c5ccccc5)ncc4C3)cc2c1,0.406605105,2.383347274,-10.2,-9.4,5.5569,420.0908519
O=C1C=CC(=O)N1c1cccc(S(=O)(=O)Nc2cccc3[nH]ccc23)c1,0.691775734,2.468961298,-9.2,-8.8,2.3981,367.0626769
O=C(NCc1ccc2[nH]nnc2c1)C(=O)Nc1cccc(C(O)c2ccccc2)c1,0.382604859,2.90933095,-9.6,-9.2,2.2945,401.1487895
Cc1c(C(=O)N2CCc3ccc(-c4ccccc4)cc3C2)cnc2ccccc12,0.467277829,2.136263474,-10.1,-9.2,5.40872,378.1732133
CN(C(=O)C(=O)NNc1ccc2occc2c1)c1ccc2c(c1)oc1ccccc12,0.345960701,2.666636367,-9.6,-9,4.4383,399.121906
O=C1Cc2ccc(C(=O)N3C(=O)NC(=O)C34CCCN(C(=O)COc3ccc5oc6ccccc6c5c3)C4)cc2N1,0.370920046,3.921528874,-12.2,-11.5,3.2128,552.1644991
Fc1cc(NC(Cc2ccc(Cl)cc2)Cc2ccc(Cl)cc2)cc2ccccc12,0.336962578,2.141250086,-9.7,-8.4,7.5516,423.0956832
Cc1cc(OC(=O)c2ccc(Sc3ccc([N+](=O)[O-])cc3)cc2)n[nH]1,0.421926158,2.420949394,-8.1,-7.8,3.99672,355.0626769
Cc1cccc(OC(=O)c2n[nH]c3c2COc2ccccc2-3)c1N=[N+]=[N-],0.247942223,2.984334105,-8.8,-8.7,4.43852,347.1018393
NCc1cc(N2c3ccccc3C=Cc3ccccc32)cc2cccnc12,0.447837323,2.54713327,-9.2,-8.6,5.6471,349.1578976
O=C(NCc1cc(Br)cc2cccnc12)C(=O)N1c2ccccc2C=Cc2ccccc21,0.384561768,2.737503678,-9.2,-9.7,5.4622,483.0582389
O=Cc1cscc1OC(=O)/C=C/c1cnc2ccccc2c1,0.418481422,2.691350761,-7.7,-7.7,3.7276,309.0459642
O=S(=O)(NC(c1cccc(Cl)c1)c1cccc(Cl)c1)c1ccc2c(c1)CCN2,0.593628096,2.348395622,-9.5,-7.8,5.0293,432.0466042
O=C(NC(c1cccc(Cl)c1)c1cccc(Cl)c1)C(=O)N1CCc2cc(S(=O)(=O)F)ccc21,0.418145869,2.640466798,-10.1,-8.6,4.4465,506.0270116
O=C(NC1CC=C(c2ccc(F)cc2)CC1)N(Cc1ccc(O)cc1)c1ccccc1,0.545385252,2.802788313,-9.4,-8.8,5.8836,416.1900063
CC(N)c1ccc2c(c1)CC(=O)N2S(=O)(=O)c1ccc2ccccc2n1,0.767712416,3.09005922,-9.5,-8.8,2.5325,367.0990624
CCOC=C1C(=O)N(C(=O)NCc2cc(F)cc3c2OCOC3)C(=O)c2ccccc21,0.459032833,3.000933948,-9.6,-9.2,2.9618,426.1227145
O=C(Oc1ccc(-n2c(S)nc3cc([N+](=O)[O-])ccc32)cc1)c1cc(F)c2ncccc2c1,0.131236068,2.701252502,-9.9,-9.1,5.1289,460.0641541
Cc1cccc(C(=O)N(c2ccc(O)cc2)S(=O)(=O)c2ccc3[nH]nnc3c2)c1,0.536175171,2.605414452,-9.6,-8.4,3.00762,408.089226
NCC1CN(C(=O)COc2ccc3oc4c(c3c2)CCCC4)C(=O)c2ccccc21,0.720176197,3.176350048,-9.5,-9.7,3.4153,404.1736072
Nc1ccc(Cl)c(S(=O)(=O)N(c2cccc(Cl)c2)c2ccnc(N)c2)c1,0.632497477,2.62159872,-8.3,-8,4.0798,408.021452
Nc1ccc(Cl)c(S(=O)(=O)N(C(=O)C(=O)Nc2cc(I)ccn2)c2cccc(Cl)c2)c1,0.26957864,2.811718907,-9.5,-8,3.9358,589.9079293
NN(C(=O)c1cccc2ccccc12)c1c(Cl)ccc2c1OCCC2=O,0.422753127,2.615283336,-9,-8.9,3.9789,366.07712
O=Cc1cccc2c(N(c3ccccc3)c3nc(S)nc4ccccc34)ccnc12,0.233099883,2.803185921,-8.2,-9,5.749,408.1044821
CC(Cl)C(=O)C(C#N)=C1Sc2ccccc2N1c1cc(Cl)c2c(c1)CCC2=O,0.3588578,3.607783988,-8.3,-8.6,5.64428,428.015304
O=C(COc1ccc2oc3c(c2c1)CCCC3)Oc1ccc2c(c1)CCCCC2=O,0.339454622,2.527669487,-8.5,-9.5,5.2051,404.1623739
N#CC(C(=O)CCl)=C1NC(=O)c2ccccc2N1C(=O)Nc1nsc2ccc(Br)cc12,0.304417068,3.279549327,-9.8,-8.5,4.38378,514.94545
N#CC(C(=O)CCl)=C1Nc2ccccc2C(=O)N1C(=O)C(=O)Nc1nsc2ccc(Br)cc12,0.222628313,3.31298352,-9.1,-8.2,3.63488,542.9403646
O=C(NCc1ccc(-n2cnc3ccccc32)cc1)C(=O)NCc1cnoc1,0.519233236,2.450233999,-8.8,-9.3,1.9461,375.1331394
CCN(CC)S(=O)(=O)c1ccc2c3c(cccc13)C(=O)N2C(=O)Nc1ccc(Cl)c(S(=O)(=O)Nc2ccccc2Cl)c1,0.235154729,2.773132709,-11,-8.6,6.1702,646.0514318
CCN(CC)S(=O)(=O)c1ccc2c3c(cccc13)C(=O)N2C(=O)C(=O)Nc1ccc(Cl)c(S(=O)(=O)Nc2ccccc2Cl)c1,0.246827014,2.885837664,-10,-8.3,5.1034,674.0463465
Cc1ccnc2c(C(=O)N3CCCC4(C3)C(=O)NC(=O)N4C(=O)c3ccc(C(=O)c4cccc(O)c4)cc3)cccc12,0.284786999,3.808343202,-11,-9.5,3.84682,562.1852346
Cc1ccnc2c(C(=O)N3C(=O)NC4(CCCN(C(=O)c5ccc(C(=O)c6cccc(O)c6)cc5)C4)C3=O)cccc12,0.219022843,3.785462142,-11.3,-12.5,3.84682,562.1852346
Cc1ccc2c(c1)N(c1nc3c(cc1C=O)c(C)nn3-c1ccccc1)CCN2C1CC1,0.433917624,2.707568766,-9.1,-9.4,4.97034,423.2059104
Cc1cc2c(S(=O)(=O)NC(=O)C(=O)NCC(C)(C)c3ccc4ccccc4c3)cccc2cn1,0.429311936,2.6432917,-10.4,-10.5,3.59532,475.1565773
Cc1nn(-c2ccccc2)c2nc(N(CC(C)(C)C(=O)O)C(=O)Cn3cnc4ccccc4c3=O)c(C=O)cc12,0.296572506,3.017899322,-9.7,-8.7,3.39532,538.1964679
Cc1nn(-c2ccccc2)c2nc(OC(=O)C(C)(C)CNC(=O)Cn3cnc4ccccc4c3=O)c(C=O)cc12,0.23507941,2.939469711,-9.6,-9.6,2.99932,538.1964679
N#Cc1cccc(N(c2cccc(N)c2)c2cccc3[nH]c(=O)ccc23)c1,0.533359583,2.419673299,-9.2,-8.8,4.45178,352.1324111
CNC(c1ccc(Cl)cc1)c1ccc(N2C(=O)C(=O)c3cc([N+](=O)[O-])ccc32)cc1,0.373759159,2.773386444,-9,-9,4.418,421.0829337
NS(=O)(=O)c1cc(OC(F)(F)N2CCc3c(-c4ccccc4)cccc32)ccc1Cl,0.574328273,2.713359747,-9.4,-9.7,4.6462,450.0616475
O=C(CBr)c1ccc(S(=O)(=O)NCC(=O)c2ccc([N+](=O)[O-])cc2)cc1,0.290365125,2.207587236,-7.8,-7.4,2.3336,439.9677692
Cc1ccc2c(c1)C(=O)N(S(=O)(=O)c1cccc3cnccc13)C2=O,0.661823232,2.360651456,-9.1,-8.5,2.52812,352.0517779
CC(NC(=O)N[C@@H]1CCCC[C@@H]1N)c1cccc(C#N)c1,0.795080568,3.144667233,-7.8,-7.4,2.18838,286.1793613
Cc1cc(OC(F)(F)N2C(=O)C(=O)c3cc([N+](=O)[O-])ccc32)ccc1S(N)(=O)=O,0.33017511,2.92885633,-8.8,-8.6,1.70922,427.0285771
O=c1[nH]ccc2cc(Br)cc(N3CCC[C@H]3c3nnc4ccccn34)c12,0.547785815,3.250353208,-9.9,-8.9,3.6748,409.0538222
COc1ccc2c(NC(=O)NS(=O)(=O)c3ccc(OCc4ccccc4)cc3)noc2c1,0.435042734,2.248786993,-9.5,-9.3,3.9258,453.0994563
CC(NCc1ccc2ccccc2c1)C1(n2cc(Br)cn2)CC1,0.718465995,3.185289697,-8,-7.6,4.4662,369.0840597
Cc1ccc(C)c(-c2csc(NC(=O)C(=O)NN3C(=O)c4cccc5cccc(c45)C3=O)n2)c1,0.349322972,2.599921477,-10.9,-10.6,3.84604,470.1048761
O=C1CC2(CN(c3ccc4cc(CO)ccc4c3)C2)Oc2ccccc21,0.771560105,2.880296868,-9.3,-9.8,3.5563,345.1364935
Cc1ccc(-n2c(S)nnc2-c2cccc(N3CC=C(c4ccc(C#N)cc4)CC3)c2)cc1,0.406351935,2.638567968,-10,-9.3,5.6968,449.1674167
CC(C(=O)C(C#N)=C1Nc2ccccc2S1)N1CCN(c2cccc(Cl)c2O)CC1,0.547350392,3.262447511,-8.9,-8.6,4.07818,440.1073746
FC(F)Oc1ccc2c(c1)CN(c1ccc(-n3c(S)nnc3-c3ccc(Cl)cc3Cl)cc1Cl)CC2,0.262535006,2.76198679,-9.4,-8.5,7.3473,552.0156716
Fc1ccc(-n2c(S)nnc2-c2ccc(Cl)cc2N2CCc3ccc(OC(F)F)cc3C2)cc1Cl,0.283594056,2.823223154,-9.4,-8,6.833,536.0452222
O=C(NS(=O)(=O)c1cc(Cl)c(O)cc1Cl)c1ccc2oc3ccccc3c2c1,0.484734985,2.340297485,-10.1,-9.3,4.7171,434.9734988
NC(=O)N(C(=O)c1cccc2c(N)cccc12)c1cccc2ccccc12,0.525354923,2.275904783,-10,-9.3,4.3007,355.1320768
COc1ccc2cc(NC(=O)N3CCc4cc(C5CCCCC5)ccc4C3)ccc2c1,0.53236064,2.23254394,-9.7,-9.3,6.4863,414.2307282
N#Cc1ccc2c(c1)N(c1ccc(N3C(=O)C=CC3=O)cc1)C(=O)C2,0.79111144,2.605953511,-8.8,-9.1,2.20848,329.0800412
O=C(NS(=O)(=O)c1ccc2c(c1)oc1ccccc12)C(=O)N1C(=O)OC[C@@H]2CCNC[C@H]21,0.55079769,3.658148399,-10.7,-9.8,1.3478,457.0943709
CC(SCc1nc2ccccc2c(=O)[nH]1)C(=O)Oc1cc(Cl)c(O)cc1O,0.440111693,3.103916417,-8.1,-7.8,3.215,406.0390203
O=C(O)COc1ccc2c(c1)CCC(=O)N2c1ccccc1C(=O)c1cccc2ccccc12,0.410286299,2.330477325,-9.8,-9.1,5.1451,451.1419728
N#Cc1cccc(C(=O)CNCc2cc(F)cc(Br)c2)c1,0.843463016,2.230883516,-6.8,-6.8,3.43238,346.0117033
N#Cc1c(NC(=O)C(=O)N2C(=O)c3cccc([N+](=O)[O-])c3C2=O)sc2c1CCCC2,0.335693233,2.814854756,-9.4,-9,2.16808,424.0477551
N[C@@H]1C[C@H]1c1cccc(N2C(=O)c3cc(S(=O)(=O)Cl)ccc3S2(=O)=O)c1,0.768153988,3.496220897,-8.7,-8.3,1.7778,411.9954412
CS(=O)(=O)c1cccc(C(=O)COC(=O)c2cccc3c2C(=O)CC3)c1,0.590163809,2.264600643,-8.7,-8.3,2.2587,372.0667592
O=Cc1cccc(Oc2cccc(N3CCCc4cc(S(=O)(=O)N5CCCC5)ccc43)c2)c1,0.473541224,2.369945372,-9.7,-9.6,5.1602,462.1613283
CCOc1ccc2c(c1)C(=O)N(c1ccc3ccncc3c1Br)C2=O,0.6220853,2.370570846,-8,-8.8,4.1966,396.0109544
Cc1ccc(N(C(=O)c2cccc(O)c2)c2cc(Br)c3cccnc3c2O)cc1,0.421267878,2.551551225,-8.9,-8.8,5.69542,448.0422545
N#Cc1cccc(C(=O)COC(=O)c2ccc3ncccc3c2)c1,0.545424665,1.999728456,-8.5,-7.2,3.14618,316.0847922
O=C(/C=C/c1cccc2cccnc12)Oc1ccc(CNCc2ccccc2)cc1,0.267758017,2.113315519,-8.2,-8,5.1434,394.1681279
O=C(CCC(=O)c1cccc([N+](=O)[O-])c1)Oc1nc(-c2cccc([N+](=O)[O-])c2)n[nH]1,0.253034917,2.688118538,-9.1,-7.9,2.8566,411.0814978
O=C(CN1C(=O)c2cccc3cccc(c23)C1=O)NCCCOc1cccc2cccnc12,0.351344032,2.273126142,-8.3,-9.5,3.5693,439.1532062
Cc1cc(=O)oc2cc(OCC3CCN(C(=O)C(=O)NNC(=O)CSc4cccc5cccnc45)CC3)ccc12,0.159148015,2.811334175,-9.6,-10.1,3.20672,560.1729556
Cc1cc(F)ccc1N(Cc1ccc(C#N)cc1)c1cc2c(cc1F)OCCC2=O,0.580386072,2.709783173,-10.1,-8.7,5.4484,404.1336343
O=C1CCc2cc(Cl)c(S(=O)(=O)NCC3CCc4ccccc4N3)cc21,0.840296809,3.063753143,-8.7,-7.9,3.1741,390.0804911
NCC1CCc2ccccc2N1S(=O)(=O)c1cc2c(cc1Cl)CCC2=O,0.873189358,3.092293572,-8.9,-8.2,2.9377,390.0804911
NNc1cccc(F)c1NC(c1cccc2ccccc12)C(F)(F)F,0.353673484,2.918902659,-8.8,-8.6,4.98,349.1202104
CCCOc1ccc2c(c1)CCN(C(Cl)(Cl)c1nc3ccccc3c(=O)[nH]1)C2,0.494340658,2.832114468,-9,-8.6,4.3581,417.1010823
Nc1cccnc1C(=O)NCC(=O)c1ccc2ccccc2c1,0.724946863,2.066225088,-9.5,-8.2,2.4297,305.1164267
N#Cc1ccc(COC(=O)Cc2ccc3oc4ccccc4c3c2)cc1,0.502824084,2.07049366,-7.9,-7.8,4.74358,341.1051933
Nc1ccc(CN(C(=O)C(=O)Nc2cccc(C(=O)c3ccccc3)c2)c2ccccc2)cc1,0.254142167,2.180616728,-9,-8.4,4.6717,449.1739416
Cc1ccc(C(=O)Cc2ccc(N3CCN(c4c(C)cccc4Cl)CC3)cc2)cc1,0.495670604,2.039611958,-9.6,-8.7,5.70884,418.1811912
N#CC(C(=O)CCl)=C1Nc2ccccc2C(=O)N1c1ccc2nn[nH]c(=O)c2c1,0.385539344,3.144311826,-9,-9,1.93348,406.0581159
O[C@@H](CN[C@H]1CC[C@H](O)CC1)c1cccc2ccccc12,0.809410173,2.534268003,-8,-8.3,2.7663,285.172879
Cc1ccc2cc(C(=O)N3CCC(C(F)(F)F)n4ncc(C(=O)O)c43)ccc2c1,0.696076765,3.191240108,-9.2,-9,4.19682,403.114376
Cc1cc(C)cc(C(NC(=O)C(=O)NCc2ccc(S(C)(=O)=O)cc2)c2cccnc2)c1,0.560754365,2.80428936,-9.4,-8.6,2.62394,451.1565773
Cc1cnc2ccccc2c1C(=O)Oc1c(Br)cccc1C#N,0.497670957,2.418128412,-8.2,-8.2,4.3966,366.0003897
[N-]=[N+]=Nc1ccc(S(=O)(=O)NCc2ccc3ccccc3c2)cc1,0.427236972,2.21339869,-9,-8.1,4.2601,338.0837467
N#Cc1cccc(CS(=O)(=O)N2CCCCCNCCCCCNCCCCC2)c1,0.761597483,2.931785592,-9.8,-8.8,3.39378,434.2715475
Cc1cc(N)ncc1S(=O)(=O)Nc1cc(S(N)(=O)=O)c2ncccc2c1,0.59534719,2.638005654,-9.1,-8.4,0.96862,393.056546
N#CC=C(OC(=O)COc1ccc2oc3ccccc3c2c1)c1cccc([N+](=O)[O-])c1,0.143571112,2.735438881,-9.5,-8,4.98088,414.0851862
Cc1ccc(-n2c(S)nnc2-c2ccc(NCc3cccc4c3CCO4)cc2)cc1,0.447393849,2.464918089,-8.3,-8.3,5.07842,414.1514323
NC(c1cccc(Cl)c1)c1cccc(OC(=O)CCn2cnc3ccccc3c2=O)c1,0.365216141,2.714333136,-9.6,-9.1,4.0937,433.1193192
COc1cccc(C2=CCN(C(=O)C(=O)NS(=O)(=O)c3ccc(-c4ccc(Br)cc4)cc3)CC2)c1,0.475807435,2.517009168,-9.7,-9.5,4.2455,554.0511049
Nc1nnc(-c2cc(Br)cc(N3CC(=O)Nc4ccc(Br)cc4C3c3ccccc3)c2)s1,0.322122301,3.240801603,-9,-8.2,5.8604,568.9520554
Cc1nn(-c2ccccc2)c2nc(N3C(=O)CCCc4ccc(N)cc43)c(C=O)cc12,0.40414268,2.732126694,-9.6,-9.7,4.12462,411.1695249
O=C(NCc1ccc2[nH]cnc2c1)C(=O)N(C(=O)Oc1ccccc1)c1ccc([N+](=O)[O-])cc1,0.264209859,2.702139221,-10,-8.5,3.3195,459.1178833
N#Cc1ccnc(N2CCN(c3ccnc4ccccc34)CC2)n1,0.721918147,2.327664223,-8.4,-8.4,2.22308,316.1436445
Cc1c(C(=O)OC(c2ccc(F)cc2)c2ccc(Br)cc2)oc2ccccc12,0.337027427,2.582222539,-8.9,-8.5,6.58922,438.0266847
Cc1ccc(C(Nc2c(C)ccn3nccc23)c2ccccc2)cc1,0.561303799,2.755054834,-8.9,-8.7,5.15264,327.1735477
N#Cc1ccc(COc2ccccc2N2CCN(S(=O)(=O)c3c[nH]c4ncccc34)CC2)cc1,0.45970019,2.429820253,-9.6,-8.7,3.52448,473.1521606
O=C(NCc1ccc(-c2ccc3c(c2)CCO3)cc1)C(=O)N1C(=O)CC(=O)N(c2ccc(Cl)cc2)C1=S,0.312445151,2.791074307,-9.6,-9.6,3.6351,533.0812194
CC(C(=O)O)N(C(=O)c1ccc2[nH]ncc2c1)C(=O)c1ccccc1C(=O)c1ccc2c(c1)OCCO2,0.304301745,3.188749686,-9.4,-8.8,3.3208,499.13795
O=S(=O)(Nc1ccc(Cc2ccccc2)cc1)c1ccc(-n2nccn2)cc1,0.545057941,2.101363267,-8.6,-8.4,3.6589,390.1150468
O=C(Oc1cccc(CBr)c1Br)c1ccccc1-n1cnc2ccccc21,0.205077813,2.407092826,-8,-8.4,5.9021,483.9422019
O=C(OCc1cccc(F)c1Br)c1ccccc1-n1cnc2ccccc21,0.417980822,2.297956731,-8.2,-7.9,5.2841,424.022268
N#Cc1cccc(/C=C/C(=O)Oc2ccc(Oc3ccc(O)cc3)cc2)c1,0.407517825,2.112824778,-8.7,-8,4.67498,357.100108
O=C(NC(c1ccccc1)c1nc2ccccc2o1)c1cccc2cccnc12,0.482429614,2.635822375,-10,-8.3,4.8954,379.1320768
O=C(c1ccc2[nH]ccc2c1)N1CCN(C2CCCN(C(=O)c3cccc(CS(=O)(=O)c4ccccc4)c3)C2)CC1,0.375091716,3.0049311,-10.9,-11.4,4.2044,570.2300766
N#Cc1ccc(Cl)c(S(=O)(=O)NC(=O)C(=O)Nc2nc(-c3ccc(-c4ccccc4)cc3)cs2)c1,0.37253723,2.432455322,-9.9,-10.4,4.44578,522.0223246
O=C(N[C@H]1C[C@H](c2cccc(F)c2)C1)N(c1ccccc1)c1nc(S)nc2ccccc12,0.306570656,2.769503214,-9.4,-9.3,5.8515,444.1420105
N[C@H]1C[C@H](c2cccc(N(c3ccccc3)c3nc(S)nc4ccccc34)c2)C1,0.347341705,2.739207779,-8.6,-8,5.593,398.1565177
O=C(N[C@@H]1CCOc2ccccc21)N1CCN(S(=O)(=O)c2c[nH]c3ncccc23)CC1,0.647297443,2.980416005,-9.5,-10.1,2.1026,441.1470752
N#Cc1cccc(CNC(=O)COc2ccc3cc(Br)ccc3c2)c1,0.705571915,1.978787775,-8.8,-8.2,4.16918,394.0316898
Fc1cccc(N(c2cccc3cccnc23)C2CCCC2)c1C(F)(F)F,0.488306614,2.659011676,-8.4,-7.9,6.4734,374.1406115
CC(NC(=O)c1cccc([N+](=O)[O-])c1)C(=O)Oc1c[nH]c(=O)c2ccccc12,0.395441412,2.730383397,-8.5,-8.4,2.1602,381.0960852
N=C(c1ccc(S(N)(=O)=O)cc1)N(O)CC(O)c1ccc2ccccc2c1,0.304185967,2.95061734,-8.9,-8.7,2.23737,385.1096271
O=C(O)c1cc2ccccc2cc1N(c1ccc(-n2c(S)nc3cc([N+](=O)[O-])ccc32)cc1)S(=O)(=O)c1cccs1,0.118438299,3.083608283,-10.5,-8.8,6.6623,602.0388473
NS(=O)(=O)c1ccc(-c2ccc(N3CCN(Cc4nc5sc6c(c5c(=O)[nH]4)CCCC6)CC3)cc2)cc1,0.404589382,2.522332243,-9.6,-9.9,3.5,535.1711818
Cc1cccc(-c2cc(Cl)ccc2NCC(=O)c2cccc(S(C)(=O)=O)c2)c1,0.576488953,2.133657841,-8.7,-8,5.01372,413.0852422
O=S(=O)(c1cc(F)c2ccccc2c1)N(c1cccc(F)c1)c1ncc(Br)cn1,0.406551131,2.679138467,-9.5,-8.7,5.1975,474.9801662
c1cc(C2CC2)c2c(c1)N(Cc1nc3ccccc3c3ccccc13)CC2,0.432296369,2.29344577,-9.8,-9.6,5.8281,350.1782987
Cc1nn(-c2ccccc2)c2nc(N3CCc4cc(C(N)=O)ccc43)c(C=O)cc12,0.533197582,2.577808738,-9.8,-8.6,3.33452,397.1538748
CCC(=O)c1ccc2c(c1)N(S(=O)(=O)c1ccc3[nH]nnc3c1)c1ccccc1S2,0.471896176,2.919481904,-9.7,-8.8,4.5422,436.0663824
Cc1ccc(N(C(=O)NNc2ccnc3cc(Cl)ccc23)C(=O)c2cccc(O)c2)cc1,0.370326651,2.575663179,-9.9,-9.3,5.28572,446.1145681
CS(=O)(=O)c1ccc(C(=O)CN(C(=O)c2ccccc2F)c2cccc(C#N)c2)cc1,0.550087645,2.29182356,-9,-8.3,3.63058,436.0893062
N[C@H]1CCCC[C@H]1NS(=O)(=O)c1ccc([N+](=O)[O-])c2cccnc12,0.637634674,3.178278077,-8,-7.8,1.6912,350.1048761
N#Cc1cccc(NC(=O)N(C(=O)c2ccc3c(c2)-c2ccccc2C3)c2ccccc2)c1,0.38175233,2.412005949,-10.9,-9.3,6.00838,429.1477268
Cc1cncc2cccc(S(=O)(=O)N3C(=C(C#N)C(=O)CCl)NC(=O)c4ccccc43)c12,0.358211368,3.171363817,-8.4,-9.1,3.025,466.0502536
Nc1ccc(-c2cccc(OC(=O)c3ccc(C(=O)c4cccc(O)c4)cc3)c2)cc1,0.207350732,2.021643202,-9.7,-9.2,5.0916,409.1314081
Cc1cccc(-c2ccc(NC(c3ccccc3)c3cccc(I)c3)cc2)c1,0.295480426,2.425230878,-9.4,-8.3,7.46812,475.0796977
Cc1oc2cc(O)ccc2c(=O)c1-c1ccccc1N1CCc2cc(O)c(Br)cc2C1,0.397939122,2.689203529,-9.7,-8.3,5.50482,477.0575702
Cc1ccc(-n2c(S)nnc2-c2ccc(Nc3cccc4cnccc34)cc2)cc1,0.367141985,2.317777529,-9.4,-8.8,5.82322,409.1361166
NC(CNc1ccc(C(=O)c2cccc(Cl)c2)cc1)c1ccc2ncccc2c1,0.433846688,2.602492168,-9.2,-8.6,5.2311,401.1294899
O=C(OS(=O)(=O)/C=C/c1cccc(Cl)c1)c1cc([N+](=O)[O-])cc2ccccc12,0.342192949,2.581802811,-9.6,-8.7,4.5589,417.0073858
OC(c1cccc(F)c1)c1cccc(N2CCN(c3nccc4sccc34)CC2)c1,0.513659031,2.825865915,-9.4,-8.9,4.8437,419.1467615
N#Cc1cccc(N(C(=O)C(=O)Nc2ccc(Oc3ccnc4ccccc34)cc2)c2cccc(N)c2)c1,0.233372247,2.614125198,-10.1,-9.4,5.78438,499.1644395
Cc1c(C(=O)N2CCc3c(c(=O)[nH]c4ccccc34)C2)[nH]c2ccc(F)cc12,0.533144144,2.464220429,-9.9,-10,3.65542,375.138305
N#Cc1ccc(-c2ccc3c(c2)N(C(=O)c2cccc4ccc(Br)cc24)CCO3)cc1,0.352417651,2.339649857,-10.5,-9,6.18018,468.0473399
Cc1ccc(S(=O)(=O)N(Cc2ccc(F)cc2)S(=O)(=O)c2ccc3[nH]c(=O)[nH]c(=O)c3c2)cc1,0.414047201,2.50878813,-9.5,-9.2,2.24372,503.0621055
O=C(Nc1nc(-c2ccc(-c3ccccc3)cc2)cs1)NS(=O)(=O)c1ccc(N=C=S)cc1,0.264749992,2.451640398,-9.2,-9.1,5.7218,492.0384534
N#Cc1ccc2c(c1)N(c1nc(-c3ccccc3)nc3ccccc13)CC(=O)N2,0.564418553,2.417485374,-10,-8.9,4.25868,377.1276601
O=C(c1cnc2cc3c(cc2c1O)OCCO3)N1CCC2(CC1)NC(=O)N(C(=O)C1=C(c3ccccc3)CCCC1)C2=O,0.351495996,3.716170758,-11.6,-10.4,3.7926,582.2114493
O=C1CN(C(=O)C(=O)NC(Cc2ccccc2)c2nc3ccccc3o2)c2cc(Br)cnc2N1,0.398856946,3.290991228,-10.6,-8.9,3.3706,519.0542162
O=C1CCCc2cc(C(=O)Oc3ccc(C(=O)c4ccc(O)cc4)cc3)ccc2N1,0.38978192,2.171916788,-9.7,-8.8,4.1172,401.1263227
Cn1cc(C2=C(c3cccc(N)c3)C(=O)N(C(=O)c3c(O)c4ccccc4n(C)c3=O)C2=O)c2ccccc21,0.278274262,2.903311292,-9.7,-10.1,3.438,518.1590198
Cc1nc2ccccc2c(C(=O)OS(=O)(=O)c2cccc3cnccc23)c1C,0.490897369,2.531908032,-9.7,-8.2,3.94554,392.083078
CS(=O)(=O)c1ccc(C(=O)CNc2ccc(S(=O)(=O)c3ccc([N+](=O)[O-])cc3)cc2)cc1,0.298219336,2.204199505,-8.9,-8,3.1259,474.0555429
CS(=O)(=O)c1ccc(C(=O)CNC(c2ccccc2)c2cccc(F)c2)cc1,0.616352976,2.473858814,-7.7,-8.3,3.7911,397.1147927
O=C(Nc1cccc(CCCc2ccccc2)c1)Nc1ccc(Cl)cc1-c1cccc2ccccc12,0.234585574,2.102692233,-9.9,-9.5,8.9795,490.1811912
CC(C)CC(C)N(C(=O)CCC(=O)c1ccc2c(c1)-c1ccccc1C2)c1ccc2[nH]ccc2c1,0.247521202,3.133228826,-9.2,-9.3,7.1698,464.2463783
O=C(Nc1ccc(S(=O)(=O)NC(=O)C(=O)N2C(=O)Cc3cc(C(=O)CCl)ccc32)cc1)Oc1ccccc1,0.266952816,2.794106649,-10.8,-9.8,2.6398,555.0503132
CS(=O)(=O)c1ccc(C(=O)CN(C(=O)CC(=O)Nc2cccc(Cl)c2)c2cccc(Cl)c2)cc1,0.345322404,2.350827083,-9.6,-7.9,4.6416,518.0469981
O=C(NC(c1ccccc1)c1ccc2[nH]cnc2c1)NC1(c2cc(F)cc(F)c2)CC1,0.430639008,3.144044631,-10,-8.6,4.919,418.1605177
N#Cc1ccc(C(=O)NC(=O)NC(c2ccccc2)c2ccc3[nH]cnc3c2)cc1,0.489548402,2.804809995,-10.5,-7.9,3.66358,395.1382248
O=C(O)CCCc1ccc2c(c1)CC(=O)N2C(=O)C(=O)NNc1ccc2ccsc2c1,0.403442287,2.888309648,-9,-8.6,2.8676,437.1045417
Nc1ccc(Oc2ccc(Cl)cc2N2C(=O)C(=O)c3cc(-c4ccccc4)ccc32)c(F)c1,0.284199992,2.383920751,-10,-9,6.3816,458.0833483
Nc1cccc(S(=O)(=O)NC(=O)N(C(=O)Nc2ccccc2)c2cccc(O)c2)c1N,0.387769238,2.626394938,-9.7,-8.6,2.6936,441.1106897
O=C1CC(=C2CNC2)C(=O)N1C(=O)Nc1ccc2c(c1)CCC(=O)N2CC(F)(F)F,0.558741205,3.243135946,-9.8,-9.2,1.7187,422.1201897
ClCc1cc2cc(Cl)ccc2nc1N1CCc2nc(-c3ccccc3)ncc2C1,0.401339991,2.493337863,-9.1,-9,5.6467,420.0908519
Cc1ccc2c(C)cc(NC(C)c3ccc4ccccc4c3)nc2c1,0.486178937,2.49558123,-9.6,-9.6,6.17794,326.1782987
COC(=O)c1cccc2c3c([nH]c12)CCN(Cc1cc(Br)cc2cccnc12)C3,0.454914402,2.569160526,-9.2,-9.2,4.8235,449.073889
Clc1cc(Cl)cc(N2CCc3nn(-c4ccccc4)cc3C2)c1,0.669420883,2.32028122,-8.4,-8.3,4.7418,343.0643028
Cc1ccc(C)c2c1C(=O)N(Cc1nc3sc4c(c3c(=O)[nH]1)CCC4)C2=O,0.694220993,2.716767055,-9.2,-9.1,2.88634,379.0990624
O=C(Oc1cc(Br)cc2ccncc12)c1cc([N+](=O)[O-])ccc1Oc1ccccc1,0.157382128,2.341110348,-8.8,-8.3,5.917,464.0007836
O=CC1=Cc2cc(N(c3cc4ccccc4cc3C(=O)O)S(=O)(=O)c3cccs3)ccc2OC1,0.376698177,3.04322566,-9.8,-8.5,5.1012,491.0497293
Nc1cccc2c1NCCN(C(c1ccccc1)c1cccc(I)c1)C2=O,0.438004381,2.991046193,-8.9,-8,4.5307,469.0651103
Fc1cc(NC(Cc2ccccc2)c2nc3ccccc3o2)cc2cnccc12,0.409786254,2.894302697,-10,-9,5.911,383.1433904
O=C(NC(F)(F)Oc1ccc2c(O)ccnc2c1)c1c[nH]c2ccccc2c1=O,0.362554545,2.769508261,-10,-9,3.141,397.0874123
CS(=O)(=O)c1ccc(C(=O)COC(=O)CCc2ccc3ccccc3n2)cc1,0.44964867,2.087080183,-7.4,-8.3,2.997,397.0983937
O=Cc1c(C(=O)OCc2c[nH]c(=O)c3ccccc23)[nH]c2ccc(Br)cc12,0.382833002,2.585084004,-9,-8.7,3.9414,424.005869
N#Cc1ccc(/C=C/C(=O)Oc2cc3cccc(F)c3cn2)cc1,0.54314152,2.426571266,-9,-7.6,3.86438,318.0804558
CC(Cl)C(=O)C(C#N)=C1Sc2ccccc2N1c1cccc2ncnc(O)c12,0.386989546,3.623692505,-8.4,-7.7,4.51078,408.0447743
O=S(=O)(Cl)c1cc(F)cc(N2CCc3oc(-c4ccccc4)cc3C2)c1,0.613248787,2.567304541,-8.9,-8.7,4.5759,391.0445202
Cc1nn2c(c1I)N(CC(=O)c1ccc(S(C)(=O)=O)cc1)CCC2C(F)(F)F,0.450677957,3.414114923,-8.6,-8.4,3.39602,526.9987451
CS(=O)(=O)c1ccc(C(=O)CNNc2cccc3ccccc23)cc1,0.525611593,2.166864671,-8.6,-8.1,3.0427,354.1038134
O=C(NC1CC=C(c2ccc(F)cc2)CC1)C(=O)N(Cc1ccc(O)cc1)c1ccccc1,0.554775142,2.935083226,-9.9,-9.2,4.8168,444.1849209
[N-]=[N+]=Nc1cccc(Br)c1N1C(=O)Cc2ccccc2C12CCNCC2,0.445864858,3.652862407,-8.9,-7.6,4.5589,411.0694723
O=C1NCC2(CCNCC2)N1c1ccc(S(=O)(=O)c2ccc(O)cc2)cc1,0.746898418,3.206166895,-8.9,-9,1.8768,387.1252772
N#Cc1ccc(CNc2ccccc2CCc2ccccc2[N+](=O)[O-])nc1,0.50315165,2.301597559,-7.8,-7.3,4.25878,358.1429758
CCC(C)N(Cc1nc2ccccc2c(=O)[nH]1)C(=O)Nc1nc(-c2ccc3c(c2)CCCC(=O)N3)cs1,0.327199019,3.258901032,-10.4,-10.8,5.154,516.1943598
CCC(C)N(Cc1nc2ccccc2c(=O)[nH]1)C(=O)C(=O)Nc1nc(-c2ccc3c(c2)CCCC(=O)N3)cs1,0.312864982,3.392878884,-10.2,-9.2,4.0872,544.1892744
ON=C(Nc1c(O)ccc2ccccc12)c1cccc2ccccc12,0.160377119,2.31490856,-9,-8.8,4.9465,328.1211778
N#Cc1cncc(S(=O)(=O)OC(=O)C2CNC(=O)c3ccccc32)c1,0.801689369,3.372540241,-8.2,-8.2,0.71238,357.0419415
CS(=O)(=O)c1cccc(C(=O)COC(=O)c2cc3cc(Br)ccc3[nH]2)c1,0.489152728,2.230489105,-7.9,-7.2,3.3736,434.9776056
Cc1cc(C(=O)N(Cc2ccccc2)c2ccc3[nH]c(=O)[nH]c3c2)c2c(n1)CCCC2=O,0.516555523,2.703736993,-9.7,-8.8,3.92562,426.1691906
CN(C(c1cccnc1)c1ccc(F)cc1F)S(=O)(=O)c1cccc2cnccc12,0.477849517,3.042466334,-8.8,-8,4.3181,425.1009542
Cc1cc(S(=O)(=O)NNC(=O)c2cccc(S(C)(=O)=O)c2)c2ncccc2c1,0.605476129,2.354295657,-9.3,-8.4,1.57002,419.0609626
O=C1CCc2cc(OCC(=O)N3C(=O)NC(=O)C34CCCN(C(=O)c3ccc5c(c3)oc3ccccc35)C4)ccc21,0.382004862,3.872816227,-11.6,-12.3,3.8471,551.1692501
O=C(N[C@H]1C[C@H](c2ccc(F)c(Cl)c2)C1)C(=O)N1C(=O)c2cccc(Br)c2C1=O,0.528411636,2.755399099,-9.6,-9,3.4266,477.9731249
CC(Sc1ccc([N+](=O)[O-])cc1)C(=O)Nc1ccc(C2=CCCCC2)cn1,0.427689607,2.856979482,-8.6,-8.4,5.0665,383.1303625
O=C(CNC(=O)c1c(O)cccc1F)c1ccc2c(c1)OCCO2,0.836250918,2.215064478,-8.3,-7.8,1.9152,331.0856008
O=C1CCc2cc(NC(=O)C(=O)NC(=S)Cc3cccc4ccccc34)c(O)cc2N1,0.288529134,2.739740417,-9.6,-9.4,3.0549,433.1096271
Nc1cc2c(cc1O)N(C(=O)C(=O)NC(=S)Cc1cccc3ccccc13)C(=O)CC2,0.247872502,2.968251184,-9.4,-9,2.6197,433.1096271
CC(NC(=O)C(=O)N[C@@H]1CCCC[C@@H]1N)c1cccc(C#N)c1,0.726464587,3.244168271,-8.6,-7.6,1.12158,314.1742759
O=C(NS(=O)(=O)c1cccc2c1CCCN2)NS(=O)(=O)c1ccc(Cl)c2ccccc12,0.527843142,2.661733942,-10.6,-9.9,3.2281,479.0376404
Cc1sc2ncnc(Sc3ccccc3C(=O)Nc3noc4ccc(Cl)cc34)c2c1C,0.304048307,2.661421076,-10.7,-8.9,6.50624,466.0324954
O=C(c1ccc(NC2(c3ccc4ccccc4c3)CC2)cc1)c1cccc(Cl)c1,0.373917613,2.197798438,-9.6,-9.3,6.8254,397.1233419
Cc1ccc2[nH]c(C(=O)Oc3cn(C)c4cnccc34)cc(=O)c2c1,0.572243651,2.625728159,-8.9,-8.2,2.94242,333.1113413
Cc1ccc2[nH]c(C(=O)N3CCN(C4CCCN(C(=O)c5c(O)nc6ccccc6c5C)C4)CC3)cc2c1,0.432109745,3.158542496,-10.8,-10.3,4.10114,511.2583399
Cc1ccncc1C(=O)CNc1ccccc1C(N)=O,0.810190222,2.107151235,-7.2,-6.7,1.78372,269.1164267
C#Cc1ccc([C@@H](C)N[C@@H]2CSc3nc4ccccc4n3[C@H]2c2ccccc2)cc1,0.455792701,3.614146958,-9.6,-7.7,5.4321,409.1612687
O=Cc1c2ccccc2c(N2CCc3c(ccnc3C(=O)O)C2)c2ccccc12,0.418373329,2.713834702,-9.8,-9.5,4.4614,382.1317424
Nc1noc2cc(CNC(=O)C(=O)NCC=Cc3cccnc3)ccc12,0.594567048,2.635303951,-8.2,-7.9,1.2508,351.1331394
NC(=O)N(C(=O)C(=O)Nc1cccc2c(C(=O)O)cccc12)c1cccc2ccccc12,0.428938832,2.441630973,-9.7,-9.8,3.7416,427.1168206
CCN(CC)S(=O)(=O)c1ccc2c3c(cccc13)C(=O)N2C(=O)C(=O)NCc1ccc2cnccc2c1,0.393511368,2.803503158,-10.3,-9.4,3.2217,516.1467409
O=C(/C=C/c1ccc2c(c1)OCCO2)Oc1ccc2c(c1)Cc1ccccc1-2,0.299190735,2.318868156,-9.7,-9.5,4.6478,370.1205091
O=C(NNc1ccncc1Cl)C(=O)Nc1ccc2oc3ccccc3c(=O)c2c1,0.272575704,2.440849537,-10.4,-9.5,3.0764,408.0625326
CCCCCCCCCCC(C)NC(=O)N1CCc2cc3c(cc2C1)CCCC3,0.445136349,2.837072388,-7.5,-7.8,6.5524,398.329714
N#Cc1cnccc1C(F)(F)N1CCN(Cc2nc3ccccc3c(=O)[nH]2)CC1,0.679385944,2.915794301,-9.1,-8.3,2.05688,396.1510156
O=S(=O)(c1ccc(F)c2ncccc12)N(CCCO)c1ncnc2ccccc12,0.523137055,2.568838045,-8.6,-8,2.8948,412.1005396
CC(NCC(=O)c1cccc(S(C)(=O)=O)c1)c1cccc2cccnc12,0.67647433,2.693146891,-7.5,-7.3,3.1718,368.1194635
N#Cc1cccc2c1CCN(CC(=O)c1cccc([N+](=O)[O-])c1)C2,0.490677521,2.333047962,-8.7,-9,2.70748,321.1113413
CS(=O)(=O)c1ccc(C(CO)NCC(O)c2ccc3ccccc3c2)cc1,0.581985601,2.866187375,-7.4,-8.1,2.5999,385.1347792
O=C(CNc1cccc(Oc2ccccc2)c1)c1ccc2c(c1)OCCO2,0.653161826,2.032691539,-8.1,-8.6,4.5449,361.1314081
N#Cc1cccc(S(=O)(=O)N2CCCc3cc(CN4CCCC4)ccc32)c1,0.815132503,2.244052589,-8.7,-8,3.29558,381.151098
O=C(/C=C/c1cccc2cccnc12)N(Cc1ccccc1)Cc1ccc(F)cc1,0.39664258,2.131029103,-9.9,-8.5,5.6161,396.1637915
O=C(NC1c2ccccc2-c2ccccc21)N1CCOc2cc(O)ccc2C1,0.676985499,2.407736438,-9.8,-10.3,4.0662,372.1473925
O=C(CCl)N(CCc1cccc2cccnc12)Cc1nc2sc3c(c2c(=O)[nH]1)CCCC3,0.431314228,2.715806904,-8.9,-8.3,4.2217,466.1230247
O=Cc1cccc(Oc2cccc(NS(=O)(=O)Oc3ccccc3)c2)c1,0.636082987,2.212080566,-8.7,-7.9,4.0271,369.0670936
NCCCNC(=O)N1CCNc2ccccc2C1=O,0.696552212,2.345897661,-7.1,-6.6,0.6127,262.1429758
NCCCNC(=O)C(=O)N1CCNC(=O)c2ccccc21,0.501890735,2.44171585,-7.4,-6.6,-0.772,290.1378904
Cc1c(C(Nc2cc(Cl)cc(Oc3ccccc3C=O)c2)C(C)C)oc2ccccc12,0.30176448,3.009042439,-8.6,-8.4,7.80862,433.1444713
Cc1cc(F)ccc1N(Cc1ccc(C#N)cc1)c1cc2c(cc1Cl)C(=O)CCO2,0.521956319,2.700418286,-9.1,-9.3,5.9627,420.1040837
NC1(c2cc(Br)cc(N3C(=O)NC4(CCCCCCCCCCC4)C3=O)c2)CC1,0.570505674,3.619496955,-8.7,-8.4,5.4966,461.1677894
O=C(NC1(c2cc(F)cc(Br)c2)CC1)C(=O)N1C(=O)NC(=O)C12CCCCCCCCCCC2,0.41891973,3.944283591,-9.9,-9.6,4.8154,535.1481968
CC1CCc2c(sc3nc(C(C)Nc4c(Br)cc(F)cc4Br)[nH]c(=O)c23)C1,0.453895185,3.48828093,-8.6,-8.9,5.9466,512.9521356
O=Cc1ccccc1Cc1ccc(OC(=O)CC2OC(=O)c3ccccc32)cc1,0.358936152,2.825016344,-8.7,-8.4,4.2971,386.1154237
O=C(Oc1ccc2c(c1)NCC2)c1occc1CS(=O)(=O)c1ccccc1,0.536557905,2.517199926,-8.4,-7.9,3.4407,383.0827436
O=C1CNc2ccc(Br)cc2N1S(=O)(=O)c1ccc(-c2ccccc2)cc1,0.657117619,2.368562525,-9.4,-9.2,4.2635,441.9986754
N#Cc1cncc(S(=O)(=O)NC(=O)N2C(=O)c3ccc(C(F)(F)F)cc3S2(=O)=O)c1,0.701482235,3.100438456,-10,-9.4,1.21508,459.9759106
N#Cc1cccc(C(=O)CNCC2CCC3(C2)NC(=O)NC3=O)c1,0.54493326,3.956611006,-8.1,-8,0.70888,326.1378904
N#Cc1cccc(C(=O)CN2C(=O)NC(=O)C23CCC(CN)C3)c1,0.626578307,3.999780919,-8.6,-8.3,0.79038,326.1378904
Cc1cc2c(cc1N(C(=O)Nc1ccccc1)c1cccc(C#N)c1)C(=O)CCO2,0.658262478,2.56630999,-9.6,-8.4,5.2021,397.1426415
Cc1cc2c(cc1N(C(=O)Nc1cccc(C#N)c1)c1ccccc1)C(=O)CCO2,0.658262478,2.551575106,-9.9,-8,5.2021,397.1426415
O=C(CN1C(=O)COc2ccc([N+](=O)[O-])cc21)NCc1ccc2c(c1)N(C(=O)c1cc([N+](=O)[O-])ccc1Sc1ccccc1)CCO2,0.195988587,3.008897555,-10.9,-9.9,4.7352,655.1372984
Cc1ccc(C(Nc2ccc(F)cc2)C(=O)OC(F)(F)Oc2ccc3nc(O)ccc3c2)cc1,0.267047877,3.149251471,-9.8,-8.6,5.71362,468.1296917
COC(=O)c1ccc2c(c1)CN(C(=O)C(=O)NS(=O)(=O)c1ccccc1-c1ccccc1)CC2,0.455911035,2.394842631,-10.2,-8.2,2.53,478.1198574
N#CC(C(=O)CCl)=C1Nc2ccccc2C(=O)N1c1cc(-c2cccnc2)ccc1O,0.366873826,2.866303704,-8.5,-8.4,4.06958,430.083268
Cc1cccc2c(O)c(C(=O)Oc3cscc3Br)cnc12,0.689432343,2.767823281,-8,-7.5,4.29202,362.9564763
Cc1cccc2c(O)c(C(=O)Oc3cscc3Cl)cnc12,0.719690179,2.723956789,-8,-7.5,4.18292,319.0069919
CN(C(=O)C(=O)NC(=NO)c1ccc(-c2ccccc2)cc1)C(c1ccc(Cl)cc1)c1cccnc1,0.134403753,3.177979822,-10.7,-8.4,4.902,498.1458683
O=[N+]([O-])c1ccc(CN2CCc3nn(-c4ccccc4)cc3C2)cc1,0.542114494,2.196614987,-8.4,-8,3.3388,334.1429758
Cn1cc(C(=O)OCC(=O)c2cccc(S(C)(=O)=O)c2)c2cc(Cl)ccc21,0.480246385,2.201210785,-7.6,-7.4,3.2749,405.0437713
O=C1CNC(c2ccccc2)c2cc(Br)ccc2N1C(=O)Nc1nnc(-c2cc(F)cc(Br)c2)s1,0.289285832,3.362727441,-10,-8.5,6.1269,614.9375482
COc1cc2c(cc1OC)C(=O)N(C(=O)COc1ccc3oc4c(c3c1)CCCC4)C2=O,0.565924313,2.611439511,-9.6,-9.2,3.5304,435.131802
N#Cc1cc(CNS(=O)(=O)c2ccc(Oc3ccccc3)cc2)ccn1,0.723950634,2.065278105,-8.3,-7.9,3.22408,365.0834123
COc1ccc(Oc2ccc(S(=O)(=O)NC(=O)N3C(=O)c4ccccc4NCC3C)cc2)cc1,0.569056491,2.96513224,-10.1,-8.7,3.8422,481.1307565
COc1ccc(Oc2ccc(S(=O)(=O)NC(=O)C(=O)N3C(=O)c4ccccc4NCC3C)cc2)cc1,0.502264613,3.0933959,-10.1,-9,2.7754,509.1256711
O=C(CNCc1cccc(Br)c1F)c1cccc2ccccc12,0.657357218,2.133595018,-7,-7,4.7139,371.0321044
O=C(O)c1cnc2c(c1)NCC(=O)N2CC(=O)c1cccc([N+](=O)[O-])c1,0.463854084,2.590800643,-8.4,-8.3,1.3294,356.0756841
Cc1c(C(=O)Oc2ccc(C(Cl)c3ccc(Br)cc3)cc2)oc2ccccc12,0.187924839,2.646847731,-9.4,-8.6,7.05112,453.9971342
CCN(c1ccc(C#N)cn1)c1ccccc1OCc1ccc(C#N)cc1,0.648548334,2.411773891,-8.1,-8.2,4.56196,354.1480612
O=C(CCCc1nc2ccccc2c(=O)[nH]1)NS(=O)(=O)c1ccc(OCc2ccccc2)cc1,0.381783475,2.268471987,-8.5,-9.7,3.3299,477.1358418
O=C(NC(c1ccc(Cl)cc1)c1ccc(Cl)cc1)C(=O)N1CCc2ccncc2C1,0.622085853,2.418441117,-9.8,-8.5,4.1789,439.0854322
O=S(=O)(Nc1cccc(C(O)c2ccccc2)c1)c1cccc(OC(F)F)c1,0.618680107,2.544563585,-9,-8.5,4.1705,405.0846355
Cc1c(N(N)C(F)(F)c2ccc3c(=O)[nH]c(=O)n(C)c3n2)cccc1[N+](=O)[O-],0.294778753,3.129440775,-9.2,-8.6,1.26802,392.1044594
Cc1ccc2c(c1)C(=O)N(S(=O)(=O)/C=C/c1ccccc1)CCN2,0.931332272,2.596469003,-8.6,-8.4,2.86342,342.1038134
CS(=O)(=O)c1ccc(S(=O)(=O)NC(=O)NCCCOc2cccc3cccnc23)cc1,0.489052658,2.259178505,-8,-8.6,2.0953,463.0871774
CC(C)(C)c1ccc2c(c1)CCN(CC(=O)c1c[nH]c3ccccc13)C2,0.697516036,2.260934063,-9,-8.8,4.7064,346.2045135
O=C(Nc1ccc(N2C(=O)c3cccc4cccc(c34)C2=O)cc1)C(=O)N1C(=O)N[C@]2(CC[C@H](C(=O)O)CC2)C1=O,0.252029702,3.378663338,-11.3,-9.6,2.6709,554.1437637
O=C(N[C@@H]1CCOc2ccccc21)C(=O)N1CCN(S(=O)(=O)c2c[nH]c3ncccc23)CC1,0.552448294,3.096912699,-10,-9.1,1.0358,469.1419898
N#Cc1ccc(COc2ccccc2NS(=O)(=O)c2cccc(C#N)c2)cc1,0.690402262,2.075425622,-8.8,-7.9,3.80976,389.0834123
Fc1cccc(Br)c1C(F)(F)N(c1cccc2cccnc12)C1CCCC1,0.427659892,2.860279009,-8.4,-7.8,6.6349,434.0605453
O=C(O)Cc1ccc2c(c1)N(CC(=O)c1cccc(Cl)c1)C(=O)C2,0.846982493,2.202179532,-8.4,-8.2,2.7391,343.0611356
Cc1oc2cc(O)ccc2c(=O)c1-c1ccccc1N1Cc2ccccc2CC1c1ccccc1,0.323169942,2.98098184,-10.3,-9.1,6.77802,459.1834437
O=C(O)c1cnc2c(c1)NCC(=O)N2C(=O)c1ccc(-n2cnc3ccccc32)cc1,0.49599196,2.702906642,-9.4,-10.2,2.7176,413.112404
N#Cc1ccc(-c2ccc3c(c2)N(CC(O)c2ccc4ccccc4c2)CCO3)cc1,0.498928773,2.779170764,-9,-9.5,5.31088,406.1681279
Cc1ccc(N(C(=O)C(=O)NNc2ccnc3cc(Cl)ccc23)C(=O)c2cccc(O)c2)cc1,0.301446918,2.664186381,-10.2,-8.9,4.21892,474.1094828
O=C(Nc1cccc2c1CCNC2=O)NC(c1ccccc1)c1cccc2ccccc12,0.432196673,2.75847807,-9.8,-10.1,5.0368,421.179027
C[C@@H](NC(=O)N1CCc2cc(OCc3ccccc3)ccc2C1)c1ccc2c(c1)CCN2,0.598264394,2.795453193,-9.7,-9.8,5.0625,427.2259772
CS(=O)(=O)c1cccc(C(=O)CNC(c2ccc(Cl)cc2)c2cccc(Cl)c2)c1,0.519393708,2.582311582,-8.2,-8,4.9588,447.0462698
O=C(Nc1ccc(-c2cccc(F)c2)cc1)c1ccc(C(=O)c2cccc(O)c2)cc1,0.415251796,1.875603617,-9.3,-9.4,5.6816,411.1270717
O=C(O)c1cc2ccccc2cc1N(C(=O)Nc1cccc2cn[nH]c12)S(=O)(=O)c1cccs1,0.319542839,2.812328912,-9.5,-8.4,4.9032,492.0562116
O=C(Nc1nnc(-c2cccc3ccccc23)o1)NC(c1cccc(F)c1)c1cccc(Cl)c1,0.302022152,2.807134513,-10.6,-10,6.5934,472.1102317
O=C(Nc1nnc(-c2cccc3ccccc23)o1)C(=O)NC(c1cccc(F)c1)c1cccc(Cl)c1,0.30933775,2.921076601,-10.5,-10.1,5.5266,500.1051463
O=C(Nc1c2c(cc3c1CCC3=O)CCC2)C(=O)N1CCc2cc(OCc3ccccc3)ccc2C1,0.56169783,2.727027439,-10.4,-10.7,4.4066,480.2049074
Cc1sc2ncnc(SCCC(=O)N3CC=C(c4c[nH]c5ccc(F)cc45)CC3)c2c1C,0.301536875,2.848028966,-9.1,-8.5,5.72664,466.1297316
O=C(NC(=NO)C(c1ccccc1)c1ccccc1)C(=O)Nc1cccc(-c2nc3cc(Cl)ccc3[nH]2)c1,0.079227052,2.724190792,-10.8,-10.2,5.5578,523.1411172
O=C(Nc1ccc(Oc2nc3ccccc3o2)cc1)C(=O)N1C(=O)Cc2cc(C(=O)CCl)ccc21,0.254499463,2.833942832,-9.1,-9.7,4.096,489.0727629
Nc1nc(-c2ccc3c(c2)CCCC(=O)N3C(=O)c2cccc3nc(O)ccc23)cs1,0.462375464,2.725276737,-9.5,-9,4.1558,430.1099614
CCN(CC)S(=O)(=O)c1ccc2c3c(cccc13)C(=O)N2C(=O)Nc1cccc2ncccc12,0.455324217,2.584001285,-9.2,-8.7,4.6108,474.1361762
N#Cc1ccc2c(c1)NCC(=O)N2c1nc(-c2ccccc2)nc2ccccc12,0.564418553,2.540352885,-10.7,-9.2,4.25868,377.1276601
O=C(Oc1n[nH]c2ccccc12)c1cc([N+](=O)[O-])ccc1Oc1ccccc1,0.312934746,2.275491305,-9.1,-8.4,4.4826,375.0855205
N[C@@H]1CC[C@H](NS(=O)(=O)/C=C/c2ccccc2)C1,0.866228166,3.08927472,-7.3,-6.7,1.4565,266.1088988
O=C(C1=C(c2ccccc2)CCCC1)N1CCC2(CC1)C(=O)NC(=O)N2C(=O)c1cnc2cc3c(cc2c1O)OCCO3,0.44514164,3.72556716,-11.9,-10.8,3.7926,582.2114493
O=C(CC(=O)N(C(=O)C(=O)Nc1ccsc1-c1cccnc1)c1cccc(Cl)c1)Nc1cccc(Cl)c1,0.237284277,2.814592989,-10,-8.4,5.644,552.0425814
N#Cc1cc(NC(=O)N2CCc3ccccc3-c3ccccc32)cc(-c2ccccc2)c1,0.406905805,2.233178273,-10.5,-9.6,6.48688,415.1684623
O=C(Oc1ccc(-c2cccc(O)c2)cn1)c1occc1CS(=O)(=O)c1ccccc1,0.451494157,2.485347783,-8.7,-8,4.2403,435.0776583
Cc1cc(NC(=O)Nc2ccc(Cc3nnc4ccccn34)cc2)c2ccccc2c1,0.417495881,2.241585022,-10.5,-9.8,5.42572,407.1746103
O=C(Nc1cccc(-c2ccc3ccccc3c2)n1)NS(=O)(=O)c1ccc(OCc2ccccc2Cl)cc1,0.239537082,2.312218624,-10,-9.5,6.6446,543.1019549
O=C(Nc1cccc(-c2ccc3ccccc3c2)n1)C(=O)NS(=O)(=O)c1ccc(OCc2ccccc2Cl)cc1,0.246564001,2.442371499,-9.8,-10.5,5.5778,571.0968695
N#Cc1c(Nc2c(Br)c(C(=O)O)nc3ccccc23)sc2c1-c1ccccc1CC2,0.371207182,2.851407128,-10.1,-9.7,6.13788,474.9990098
N#Cc1c(Nc2c(C(=O)O)nc3ccccc3c2Cl)sc2c1-c1ccccc1CC2,0.413323553,2.812203192,-10.1,-9.4,6.02878,431.0495254
Cc1cc(OC(=O)c2ccccc2-c2cccc3ccccc23)cc2c(Cl)c(C#N)cnc12,0.21777291,2.439151167,-9.6,-9.4,7.1077,448.0978555
Cc1cc(F)cc2c(OC(=O)c3ccccc3-c3cccc4ccccc34)c(C#N)cnc12,0.30165549,2.462979669,-9.1,-9.6,6.5934,432.127406
NCCN(c1cccc2c1-c1ccccc1CO2)c1ncnc2ccccc12,0.582212137,2.649527656,-8.7,-8.1,4.286,368.1637113
O=C1CCCc2cc(Cl)c(S(=O)(=O)Cl)cc2N1C(=O)NCc1cccc(-c2cccc(O)c2)c1,0.460419173,2.670507408,-10.4,-10.2,5.2192,518.0469981
Cc1ccccc1S(=O)(=O)Cc1ccccc1C(=O)OCC(=O)c1cccc(S(C)(=O)=O)c1,0.35423617,2.259077732,-8.6,-7.9,3.41212,486.080695
SC(c1ccccc1)c1ccc(N[C@@H]2C[C@H]2c2ccc3ccccc3c2)cc1,0.361170331,3.18923871,-9.2,-9,6.827,381.1551207
O=C(CNS(=O)(=O)c1ccc(Oc2ccc(Cl)cc2)cc1)c1cccc2ccccc12,0.379232695,2.037794974,-8.6,-8.8,5.4467,451.0645067
N#Cc1ccc(NC(=O)C(=O)N2CCC3(CCc4ccccc4C3)CC2)cc1-c1ccncc1,0.588129535,3.12140724,-11,-9.3,4.35648,450.2055761
Cc1oc2cc(O)ccc2c(=O)c1-c1ccccc1N(Cc1ccc(Br)cc1)c1ccc(F)cc1F,0.243128258,2.71674987,-10.2,-7.9,7.85302,547.059462
Clc1nc(Nc2nc(-c3ccc(-c4ccccc4)cc3)cs2)c2oc3ccccc3c2n1,0.278197704,2.389372269,-10.4,-10.9,7.5635,454.0655098
Cc1cncc2cccc(S(=O)(=O)NC(=S)Nc3ccc4ccccc4c3)c12,0.493572528,2.417629852,-8.1,-8,4.37172,407.0762188
NCc1ccc2ccccc2c1NC(c1ccc(Cl)cc1)c1cccc(I)c1,0.298439303,2.792758479,-9,-8.4,6.758,498.0359743
Nc1c(NC(=O)N(C(=O)Nc2ccccc2)c2cccc(O)c2)cccc1S(N)(=O)=O,0.390060178,2.551382594,-9.3,-8.5,2.8924,441.1106897
Nc1cccc(S(=O)(=O)NC(=O)C(=O)N(C(=O)Nc2ccccc2)c2cccc(O)c2)c1N,0.281706698,2.749061164,-10.1,-9,1.6268,469.1056043
O=C(/C=C/c1ccc2ncccc2c1)Oc1cc2ccccc2[nH]c1=O,0.455130213,2.303688396,-9.3,-9.2,3.6951,342.1004423
O=C(Nc1cccc2nccn12)C(=O)N1CCCc2cc(-c3ccccc3)ccc21,0.522443996,2.547930501,-9.2,-9.7,3.9192,396.1586259
O=C(CCC(=O)c1ccc2c(c1)-c1ccccc1C2)NCc1ccc2c(c1)N(C(=O)c1ccc3cc(F)c(F)cc3n1)CCO2,0.213433192,2.891355352,-10.3,-8.8,6.4027,603.1969628
Cc1cnc2ccccc2c1C(=O)N1c2ccccc2C=Cc2ccccc21,0.415613038,2.480465894,-9.5,-9.2,6.00552,362.1419132
NN(c1nc2ccccc2c(=O)[nH]1)C(F)(F)c1cc2cc(Br)ccc2cn1,0.293217259,3.062882642,-9.6,-8.8,3.6634,431.0193285
Cc1cc(Cl)ccc1C1=CCN(C(=O)c2ccc(-c3cnc4c(c3)CCC4)cc2)CC1,0.502418936,2.474328319,-10,-9.5,6.12862,428.1655411
N#Cc1ccc(/C=C/C(=O)Oc2cccc3cc(Cl)ncc23)cc1,0.308468836,2.365355212,-8.9,-7.8,4.37868,334.0509053
O=C1CCOc2c1ccc(Br)c2NS(=O)(=O)c1cccc2c(Cl)nccc12,0.576530913,2.736731023,-9.1,-8.3,4.4167,465.9389676
O=C(COc1cccc2cccnc12)N1CCN(C(=O)c2ccccc2-n2cnc3ccccc32)CC1,0.372155016,2.404902802,-11,-9.9,3.9371,491.1957397
N#Cc1cccc(N(c2cccc3cnsc23)S(=O)(=O)c2ccccc2)c1,0.505530122,2.731179808,-8.3,-8.6,4.69498,391.0449187
O=C(NC(c1cccc(Cl)c1)c1cccc(Cl)c1)N1CCc2cc(S(=O)(=O)F)ccc21,0.50198919,2.496218292,-9.2,-9,5.5133,478.032097
O=S(=O)(c1ccc2cccnc2c1)N(c1cccc(F)c1)c1ncc(Br)cn1,0.450836853,2.623561968,-8.9,-8,4.4534,457.9848369
N#CC(C(=O)CCl)=C1NC(=O)c2ccccc2N1C(=O)C(=O)Nc1nsc2ccc(Br)cc12,0.224990416,3.354008771,-9.6,-8.5,3.31698,542.9403646
CCN(CC)S(=O)(=O)c1ccc2c3c(cccc13)C(=O)N2c1ccccc1NS(=O)(=O)c1cc(N)ccc1Cl,0.273840565,2.724725571,-8.8,-8.4,5.1986,584.0954896
Cc1ccnc2c(C(=O)N3CCCC4(C3)NC(=O)N(C(=O)c3ccc(C(=O)c5cccc(O)c5)cc3)C4=O)cccc12,0.219022843,3.783196725,-11.9,-11.3,3.84682,562.1852346
O=C(NS(=O)(=O)c1ccc(-c2ccc(Br)cc2)cc1)N1CCCc2cccc(S(=O)(=O)F)c21,0.475477408,2.583441714,-10.5,-8.4,4.6254,551.982454
CS(=O)(=O)c1ccc(C(=O)CN2C(=O)c3ccc(Br)cc3C2=O)cc1,0.557654493,2.055940603,-8.5,-7.9,2.3315,420.9619556
NC1(c2c(F)cccc2OC(=O)COc2ccc3oc4c(c3c2)CCCC4)CC1,0.512490056,2.754568351,-9.4,-8.5,4.3829,395.1532864
Nc1cccc(S(=O)(=O)N(c2ccc(Cl)cc2)C(F)(F)c2cccc3c(=O)[nH]cnc23)c1,0.332677648,2.898630368,-9.5,-8.9,4.1035,476.0521455
NS(=O)(=O)c1ccc(SC(F)(F)OC(=O)c2cc([N+](=O)[O-])ccc2Sc2ccccc2)cc1,0.148419359,2.769991679,-9.1,-8.1,4.8928,511.9982056
Cc1ccc(C(=O)N(C(=O)c2ccc3c(c2)CCC3=O)c2ccc(O)cc2)cc1,0.681702753,2.290765672,-9.1,-7.9,4.31672,385.1314081
O=C(Nc1cc2c(=O)[nH]cnc2cc1F)C(=O)N(Cc1ccccc1)S(=O)(=O)c1ccccc1,0.422250313,2.641454169,-10,-9.9,2.4184,480.0903689
CC(NC(=O)C(=O)N[C@H]1CCCC[C@H]1N)c1cccc(C#N)c1,0.726464587,3.244168271,-8.3,-7.8,1.12158,314.1742759
Cc1cc(OC(=O)Cc2ccc3c(c2)CCC(=O)N3)ccc1NCc1cccc(C#N)c1,0.447834011,2.441894184,-8.7,-8.5,4.5116,425.1739416
N[C@H]1CCC[C@H]1NC(=O)N1CCc2cc(Br)c(F)cc2C1,0.812590316,3.25473511,-7.7,-7.5,2.5357,355.0695525
O=C1CC(c2cccc(Br)c2)C(=O)N1c1ccc(C(O)c2ccccc2)cc1,0.609710103,2.884793897,-9.5,-8.6,4.5779,435.0470055
Nc1nc(-c2ccc3c(c2)CCCC(=O)N3S(=O)(=O)c2cccc(I)c2)cs1,0.521212964,2.712500437,-9.2,-8.1,4.0551,524.9677814
Cc1ccc(C(=O)Cc2ccc(NN(C3CCC3)C3CCC3)cc2)cc1,0.554327195,2.457495186,-8.3,-8.1,5.15432,348.2201635
CC(Cl)C(=O)C(C#N)=C1Sc2ccccc2N1c1cccc(N2CCNCC2)c1O,0.422584116,3.581177828,-8.5,-7.9,3.97718,440.1073746
N#Cc1cc2ccccc2nc1N1CCCc2cc(CN3CCCC3)ccc21,0.666793811,2.357382151,-9.7,-8.2,4.78658,368.2000968
N#Cc1c(Nc2c(Cl)ccc3cccnc23)sc2c1-c1ccccc1CC2,0.436774946,2.684196653,-9.7,-9.4,6.33058,387.0596961
NS(=O)(=O)c1ccc(S(F)(F)(F)(F)OC(=O)/C=C/c2ccc3occc3c2)cc1,0.433537724,3.353251484,-8.7,-8.4,5.0247,451.0171274
O=C1CCC(F)(N2CC=C(c3ccc4c(c3)OCCO4)CC2)c2ccccc21,0.72766614,3.350562586,-9.9,-9.4,4.3459,379.1583718
N#CC(Br)c1ccc(OC(=O)c2ccc3[nH]c(=O)[nH]c(=O)c3c2)cc1,0.398015369,3.021809252,-9.1,-8.4,2.39518,398.9854679
O=C(CCSCc1nc2sc3c(c2c(=O)[nH]1)CCCC3)Oc1cccc(Br)c1SC(F)(F)F,0.149886346,3.097433601,-7.9,-8.6,6.4667,577.9615022
CC(NC(=O)NC(c1ccccc1)c1ccc(Cl)c(F)c1)c1nnc2ccccn12,0.489612829,3.073912049,-9.7,-8.5,4.6716,423.1262161
CC(NC(=O)C(=O)NC(c1ccccc1)c1ccc(Cl)c(F)c1)c1nnc2ccccn12,0.45364008,3.187569363,-9.5,-8.8,3.6048,451.1211307
O=C(NCc1cccc(-c2cccc(O)c2)c1)C(=O)N(Cc1ccccc1)c1ccc(Cl)cc1,0.362216278,2.219953934,-9.1,-9.2,5.5622,470.1397203
Nc1ccc(S(=O)(=O)N(c2ccc(Cl)cc2)c2ccc3ccncc3c2Br)cc1,0.370543727,2.561942595,-8.9,-8.5,5.7599,486.9756875
CS(=O)(=O)c1cccc(C(=O)CNC(=S)c2cscc2Br)c1,0.597529471,2.75883028,-7.2,-6.6,3.0621,416.9162683
N#Cc1cccc(N(C(=O)c2ccccc2F)c2nc(Cl)cc3ccccc23)c1,0.402768629,2.471386145,-9.4,-9.3,5.87748,401.0731179
Cc1cc(=O)oc2cc(OCC3CCN(C(=O)NNC(=O)CSc4cccc5cccnc45)CC3)ccc12,0.21653686,2.724641421,-10.8,-10.7,4.27352,532.178041
O=C(N1CCN(c2cccc(O)c2)CC1)N1c2ccccc2Sc2ccccc21,0.625379168,2.334092433,-9.5,-9,4.9371,403.1354479
NC1(c2cc(Br)cc(N3C(=O)NC(=O)C34CCCCCCCCCCC4)c2)CC1,0.570505674,3.755170688,-9.4,-8.7,5.4966,461.1677894
Cn1ccc2cc(S(=O)(=O)NS(=O)(=O)c3cccc(Oc4ccccc4)c3)ccc21,0.492008918,2.336754757,-9.8,-9.2,3.6378,442.0657137
O=S(=O)(c1cccc2cnccc12)N(c1ccccc1)c1cccc(Br)c1,0.420610085,2.342796968,-8.2,-8.3,5.5243,438.0037608
N#Cc1cnn2cc(C(=O)OCC(=O)c3cccc(F)c3)cnc12,0.53582208,2.477650677,-7.9,-7.7,1.77978,324.0658684
O=C(c1occc1CS(=O)(=O)c1ccccc1)N1CCc2ccc(Br)cc21,0.602169113,2.43769799,-8.9,-7.8,4.2189,444.9983411
O=C(CNC(c1ccccc1)c1ccc2c(c1)CCCO2)c1cccc(Cl)c1,0.584730994,2.63953388,-9.6,-8.7,5.2269,391.1339066
O=C1CCCCc2ccc(N3CCc4cc(C5CCCCC5)ccc4C3)cc21,0.58363875,2.409108379,-9.6,-10.2,6.2061,373.2405646
O=C(OCc1cccc(Cl)c1)N1CCc2ccc(C(F)(F)F)cc2C1,0.740666243,2.132138489,-8.3,-8.2,5.0537,369.0743411
O=C(Cl)OCc1cccc(N2CCc3ccc(C(F)(F)F)cc3C2)c1,0.701180385,2.387056071,-8.5,-8.2,5.1435,369.0743411
O=C(CNc1cscc1Br)c1ccc([N+](=O)[O-])cc1,0.511142244,2.518758377,-7,-6.9,3.7136,339.9517252
O=C(NCCCc1ccnc2ccccc12)C(=O)NC(c1cccc(F)c1)c1cccc(Cl)c1,0.292277849,2.794393269,-9.8,-8.7,4.9819,475.1462829
O=C(Cc1cccc2cccnc12)OCc1csc(Cn2ncc3ccccc3c2=O)n1,0.372513841,2.528739156,-8.2,-8.5,3.7354,442.1099614
O=C1CN(C(=O)C(=O)Nc2nnc(-c3cc(F)cc(Br)c3)s2)C(c2ccccc2)c2cc(Br)ccc2N1,0.291687057,3.282161114,-10,-8.2,5.378,642.9324628
O=S(=O)(NC1(c2cccc(F)c2)CC1)C1=Cc2ccccc2OCC1,0.90813911,2.754329676,-8.4,-7.8,3.5578,359.0991427
Cc1ccncc1C(=O)CN1C(=O)C(C(=O)[O-])Cc2ccccc21,0.604500662,3.16199925,-8.3,-8.5,0.52812,323.1037305
Cc1ccccc1S(=O)(=O)Cc1ccccc1C(=O)Oc1cnc2ccccn12,0.470797785,2.495488462,-9.1,-8.3,3.83582,406.0987281
O=C(Oc1ccccc1)N(c1cccc([N+](=O)[O-])c1)c1ccc(O)c2ccoc12,0.370126933,2.625255283,-8.8,-8.4,5.3837,390.0851862
Cc1cnccc1N1CCN(/C2=C/CCCc3ccccc3C2=O)CC1,0.831404643,2.50217119,-9,-8.7,3.61512,347.1997624
Cc1c(C(=O)N2C(=O)NC(=O)C23CCCN(C(=O)c2[nH]c4ccccc4c2C=O)C3)c2ccccc2n(C)c1=O,0.30273533,4.115385271,-10.2,-10.1,2.50772,539.1804835
O=C(NC(c1ccc(Cl)cc1)c1ccc(Cl)cc1)N1CCc2ccncc2C1,0.63917362,2.277289596,-9.3,-7.8,5.2457,411.0905176
O=C(CN1CCCc2cccc(OC(F)F)c21)c1ccc2c(c1)OCCO2,0.746216714,2.485607619,-8.3,-8.3,3.6947,375.1282145
O=C(NCC1CCC(O)CC1)NS(=O)(=O)c1ccc(C2CCCCC2)cc1,0.714110399,2.313251636,-8.8,-9.2,3.2733,394.1926284
Cc1ccc2c(c1)C(=O)NCCN2S(=O)(=O)/C=C/c1ccccc1,0.93206201,2.541200451,-8.7,-8.2,2.54552,342.1038134
CS(=O)(=O)c1ccc(S(=O)(=O)NC(=O)C(=O)NCCCOc2cccc3cccnc23)cc1,0.350547954,2.382210443,-9.1,-7.6,1.0285,491.082092
O=C(c1cccc(CS(=O)(=O)c2ccccc2)c1)N1CCN(C2CCCN(C(=O)c3ccc4[nH]ccc4c3)C2)CC1,0.375091716,3.0049311,-10.5,-11.1,4.2044,570.2300766
O=C(Nc1ccc(N2C(=O)c3cccc4cccc(c34)C2=O)cc1)C(=O)N1C(=O)NC(=O)[C@]12CC[C@@H](C(=O)O)CC2,0.252029702,3.393614776,-11.2,-10,2.6709,554.1437637
O=S(=O)(c1cc(F)cc(Br)c1)N(c1cccc(F)c1)c1ncc(Br)cn1,0.511296472,2.746852566,-8.3,-7.8,4.8068,502.8750282
Cc1cccc(N2CCc3cc4c(cc3C2)CCCC4)c1N=[N+]=[N-],0.416520766,2.798764452,-8.7,-8.1,5.37832,318.1844467
N=C(NO)c1ccc(S(=O)(=O)NCC(O)c2ccc3ccccc3c2)cc1,0.252784611,2.896611826,-8.4,-8.8,2.15587,385.1096271
O=C(O)c1ccc2c(c1)CC(=O)N2C(=O)NS(=O)(=O)c1ccccc1-c1ccc(CO)cc1,0.524626411,2.537364122,-9.6,-9.1,2.5317,466.0834719
O=C(c1ccc2oc3ccccc3c2c1)N1C(=O)c2cc(Cl)c(Cl)cc2C1=O,0.398102965,2.357995081,-9.8,-10,5.3292,408.9908631
O=C(CCl)c1ccc2c(c1)CC(=O)N2C(=O)c1cc([N+](=O)[O-])ccc1Sc1ccccc1,0.168420704,2.690078665,-8.7,-8.2,4.897,466.0390203
NC(c1ccc(NNC(=O)c2cccc3ccccc23)cc1)c1cccc2ccccc12,0.316763959,2.568930116,-10.5,-9.9,5.798,417.1841124
O=C(Nc1cccc2c1CCNC2=O)C(=O)NC(c1ccccc1)c1cccc2ccccc12,0.412192332,2.868629618,-9.9,-10.4,3.97,449.1739416
CS(=O)(=O)c1ccc(C(=O)CN2C(=O)c3cccc([N+](=O)[O-])c3C2=O)cc1,0.327855107,2.203240187,-9.1,-8.7,1.4772,388.0365217
O=C(O)c1cccc(N(C(=O)c2cccc3ccncc23)c2nc3ccccc3c(=O)[nH]2)c1,0.437241065,2.644225823,-10.2,-9.1,4.148,436.117155
O=C(Oc1cc(S(=O)(=O)F)c2ncccc2c1)c1ccccc1C(=O)c1ccc2c(c1)OCCO2,0.176861585,2.607711909,-9.3,-9.3,4.1144,493.0631511
CC(=O)c1ccc2c(c1)N(C(=O)N1c3ccccc3Sc3ccccc31)c1ccccc1S2,0.267245855,2.617527584,-10.8,-9.2,7.9148,466.0809698
O=Cc1c2ccccc2c(N2C(=O)c3ccc(C(F)(F)F)cc3S2(=O)=O)c2ccccc12,0.308765998,2.81959061,-9.8,-9,5.1734,455.0439135
O=C1c2c(Br)cccc2S(=O)(=O)N1c1ccnc2c1ccc1cccnc12,0.419820032,2.79912756,-9.3,-8.4,3.8946,438.9626243
CCN(CC)S(=O)(=O)c1ccc2c3c(cccc13)C(=O)N2C(=O)C(=O)Nc1cccc2ncccc12,0.417394131,2.698873332,-9.4,-8.6,3.544,502.1310908
N[C@H]1CC[C@@H](NS(=O)(=O)/C=C/c2ccccc2)C1,0.866228166,3.08927472,-7.2,-7,1.4565,266.1088988
O=C(CCc1ccc2cccnc2c1)Oc1cccc(C(Br)c2ccccc2)c1,0.199501331,2.630158219,-8.2,-8.5,6.2573,445.067741
O=C(CC(=O)N(C(=O)Nc1ccsc1-c1cccnc1)c1cccc(Cl)c1)Nc1cccc(Cl)c1,0.27388123,2.695882832,-9.4,-8.5,6.7108,524.0476668
N#CC(C(=O)CN(Cc1ccccc1)c1ccc2[nH]c(=O)[nH]c2c1)=C1Nc2ccccc2S1,0.295529329,2.891485276,-9.1,-8.5,4.38488,453.1259458
O=C(NCc1cccc2[nH]nnc12)N1CC(c2ccccc2)Cc2ccccc21,0.561248606,3.034554576,-10,-9.5,4.014,383.1746103
CN(C(=O)C(=O)Nc1nc(-c2cc3cc(Cl)ccc3o2)cs1)c1ccc2c(c1)oc1ccccc12,0.272105297,2.717312387,-10.3,-10.4,6.7106,501.0550047
CC(C(=O)O)N(CC(=O)c1cccc(C#N)c1)C(=O)c1[nH]nc2ccccc12,0.635206113,3.12780174,-8.4,-7.5,2.23278,376.117155
N[C@H]1CCCC[C@H]1NC(=O)C1=C(c2ccccc2)CCC1,0.896163092,3.010159557,-7.2,-7.4,3.0102,284.1888634
O=C(O)c1ccc2c(c1)CCC(=O)N2C(=O)c1cc2ccc(F)cc2[nH]c1=O,0.664384894,2.459429438,-9.8,-9.8,2.485,380.0808497
C=CC(=O)c1c(F)cccc1N1c2ccccc2Oc2cc(C#N)ccc21,0.351946539,2.651135552,-9,-8.2,5.64158,356.0961059
O=Cc1ccccc1OCc1ccc(OC(=O)c2ccc3ccc4ccccc4c3n2)cc1,0.142232503,2.252176176,-9.7,-10.1,5.9987,433.1314081
O=S(=O)(Nc1ccc(Oc2cccc3cccnc23)cc1)C1=Cc2ccccc2OCC1,0.434008924,2.487532119,-9.6,-9.3,5.5924,444.1143781
CCC(=O)c1ccc2c(c1)N(C(=O)c1ccc(S(=O)(=O)Cc3ccccc3)cc1)c1ccccc1S2,0.268484504,2.451710209,-9.9,-9.1,6.6963,513.1068502
Nc1c(NC(=O)N(C(=O)Nc2cccc(O)c2)c2ccccc2)cccc1S(N)(=O)=O,0.390060178,2.537959875,-9.2,-8.4,2.8924,441.1106897
Nc1cccc(S(N)(=O)=O)c1NC(=O)C(=O)N(C(=O)Nc1cccc(O)c1)c1ccccc1,0.284759309,2.71261687,-8.9,-8.5,1.8256,469.1056043
Nc1c(NC(=O)C(=O)N(C(=O)Nc2ccccc2)c2cccc(O)c2)cccc1S(N)(=O)=O,0.284759309,2.682423125,-9.2,-8.1,1.8256,469.1056043
Nc1cccc(S(N)(=O)=O)c1NC(=O)C(=O)N(C(=O)Nc1ccccc1)c1cccc(O)c1,0.284759309,2.725302077,-9.3,-8,1.8256,469.1056043
ClCc1cc2cc(N3CCc4nc(-c5ccccc5)ncc4C3)ccc2nc1Cl,0.316909018,2.531919763,-9.2,-9.5,5.6467,420.0908519
O=C1Cc2ccc(C(=O)N3C(=O)NC4(CCCN(C(=O)COc5ccc6oc7ccccc7c6c5)C4)C3=O)cc2N1,0.292888599,3.896169291,-12.5,-12.2,3.2128,552.1644991
O=C(CN1c2ccccc2Sc2cc(O)ccc21)c1ccc(F)c(Cl)c1,0.589504471,2.295626163,-8.9,-8.4,5.6703,385.0339556
O=C1Cc2cccc(CNC(=O)C(=O)NC(c3ccccc3)c3ccc4[nH]cnc4c3)c2N1,0.357786426,3.220403251,-10.3,-9.1,2.5795,439.1644395
NN(CCc1ccc2ccccc2c1)C(=O)Nc1ccc(Cl)cc1-c1ccccc1,0.234473594,2.22040825,-10,-9.2,6.1105,415.14514
Cc1cc(N2CCN(C(=O)c3ccc4[nH]cnc4c3)CC2)c2cccc([N+](=O)[O-])c2n1,0.405525929,2.548531361,-9.4,-9.3,3.29012,416.1596885
Brc1cc(NC(Cc2ccccc2)c2nc3ccccc3o2)c2ccncc2c1,0.334761842,2.897121839,-9.3,-9,6.5344,443.0633243
CS(=O)(=O)c1cccc(C(=O)CN2C(=O)Cc3cc(C(=O)C4CCNCC4)ccc32)c1,0.690274688,2.551233677,-8.8,-8.7,2.0444,440.1405929
O=C(Nc1ccc2c(c1)CCC(=O)N2CC1CC1)C(=O)N1CCN(c2ccc3[nH]cnc3c2)CC1,0.568546737,2.75287781,-9.2,-9.2,2.5394,472.2222888
[N-]=[N+]=Nc1cccc(N2C(=O)Cc3ccccc3C23CCNCC3)c1F,0.505085258,3.63849933,-9.3,-8.3,3.9355,351.1495384
Cc1cncc2cccc(S(=O)(=O)N(c3cccc(S(=O)(=O)N4CCCC4)c3)S(=O)(=O)c3cccs3)c12,0.325736042,2.906802122,-9.8,-8.9,3.97342,577.0469695
CC(Cl)C(=O)C(C#N)=C1Sc2ccccc2N1c1cc(Cl)cc2c1C(=O)CC2,0.3588578,3.621653219,-8.6,-7.3,5.64428,428.015304
N#CC(C(=O)CCl)=C1Nc2ccccc2C(=O)N1C(=O)Nc1nsc2ccc(Br)cc12,0.296118202,3.236166303,-9.4,-8.5,4.70168,514.94545
Cc1cc(S(=O)(=O)N(N)C(=O)c2cccc(S(C)(=O)=O)c2)c2ncccc2c1,0.386793912,2.588763213,-9.4,-8.6,1.65152,419.0609626
Cc1ccc(CN(c2ccccc2)S(=O)(=O)c2c[nH]c3cc([N+](=O)[O-])ccc23)cc1,0.357863285,2.306249236,-8.7,-9.1,4.78002,421.1096271
CC(Cn1ncc2ccccc2c1=O)NC(=O)C(=O)N1CCN(Cc2nc3sc4c(c3c(=O)[nH]2)CCCC4)CC1,0.352274833,3.352638717,-9.7,-10.6,1.4224,561.2158235
NS(=O)(=O)c1cc(OC(F)(F)F)ccc1N1CCc2c(-c3ccccc3)cccc21,0.651830272,2.452414143,-9.4,-8.2,4.5938,434.0911981
O=C(NS(=O)(=O)c1cc(OC(F)(F)F)ccc1Cl)C(=O)N1CCc2c(-c3ccccc3)cccc21,0.513755082,2.663916759,-9.5,-10,4.2998,524.042055
COc1cc2c(cc1OC)S(=O)(=O)N(S(=O)(=O)c1cccc3ccncc13)C2=O,0.609463931,2.736572229,-8.9,-8.3,1.7854,434.0242428
O=c1[nH]ccc2cc(N3CCN(Cc4nc5sc6c(c5c(=O)[nH]4)CCCC6)CC3)cc(F)c12,0.485591336,2.819338161,-10.6,-10.3,3.1662,465.1634742
N#Cc1cccc(N(C(=O)c2ccccc2F)c2cccc3nccn23)c1,0.549035278,2.650790459,-8.4,-8.8,4.32358,356.1073393
CC(NC(=O)N[C@H]1CCCC[C@H]1N)c1cccc(C#N)c1,0.795080568,3.144667233,-7.9,-7.6,2.18838,286.1793613
Cc1cc(OC(F)(F)F)ccc1S(=O)(=O)NC(=O)C(=O)N1C(=O)C(=O)c2cc([N+](=O)[O-])ccc21,0.369087395,2.887648785,-9.6,-9.2,1.36282,501.0089846
CC(C)c1ccc2c(c1)CCN(CC(=O)c1cccc(C#N)c1)C2,0.802529116,2.198770813,-8.7,-8.4,3.92268,318.1732133
O=C(NCc1cc(F)cc(F)c1)C(=O)NC1CC[C@@H](O)[C@@H](O)CC1,0.470879329,3.226389295,-8.1,-7.7,0.3616,342.1391136
Cc1cc(N2C(=O)CCc3cc(CC(=O)O)ccc32)ccc1NCc1cccc(C#N)c1,0.596202379,2.410137736,-9.4,-9,4.7168,425.1739416
NS(=O)(=O)c1ccc(NC(=O)C(=O)Oc2c3ccccc3c(C=O)c3ccccc23)cc1,0.162130403,2.463237127,-9.5,-9.6,2.997,448.0729072
O=C(c1cccc(Br)c1)c1cccc(NNCc2cccc3ccccc23)c1,0.292893999,2.148175087,-8.4,-8.4,5.95,430.0680753
O=C(c1ccccc1)c1cc([N+](=O)[O-])ccc1N1C(=O)Cc2ccc(C(F)(F)F)cc21,0.331629072,2.435126423,-9.1,-8.6,5.0654,426.0827416
O=S(=O)(Cc1ccccc1Nc1ccc(Cc2ccccc2)cc1)c1ccccc1,0.404421912,1.916207599,-8.7,-8.4,5.9949,413.14495
O=C(OCc1nc2sc3c(c2c(=O)[nH]1)CCCC3)c1ccoc1S(=O)(=O)c1ccccc1,0.442244293,2.811059736,-9.2,-8.8,3.6462,470.0606283
Cn1ccc2c(CNC(=O)c3occc3CS(=O)(=O)c3ccccc3)cccc21,0.527741465,2.415050649,-8.6,-7.8,3.6752,408.1143781
Cc1cc2nc(C)c(CCC(=O)Oc3cccc(Oc4cccc(C=O)c4)c3)c(C)n2n1,0.238459769,2.533910179,-8.6,-7.3,4.79756,429.1688562
NNc1cccnc1N1Cc2ccccc2CC1c1ccccc1,0.571661125,2.77907672,-8.4,-8.2,3.6712,316.1687966
O=C(c1cc([N+](=O)[O-])cc2ccccc12)N1CCNCc2ccccc21,0.568588056,2.257099028,-9,-8.6,3.498,347.1269914
NS(=O)(=O)c1cc(Cl)c(O)cc1OC(=O)c1ccc2oc3ccccc3c2c1,0.386018452,2.392444231,-9.4,-9.3,3.8116,417.0073858
O=C(/C=C/c1ccc2occc2c1)NS(=O)(=O)c1ccc(S(F)(F)(F)(F)F)cc1,0.402597214,3.088844279,-9.2,-8.2,5.6085,453.012791
N#CC(OC(=O)c1ccc2[nH]c(=O)[nH]c(=O)c2c1)c1ccc(Cl)cc1,0.69910157,2.888992988,-9.1,-8.4,2.29148,355.0359835
NN(C(=O)Nc1ccc2oc3ccccc3c(=O)c2c1)c1ccncc1Cl,0.237462482,2.592044843,-9.2,-9.1,3.9068,380.067618
O=C(Nc1cccc(S(=O)(=O)Nc2cccc(Cl)c2)c1)Nc1nnc(-c2cccc3ccccc23)o1,0.252828154,2.340953115,-10.1,-11.1,5.988,519.0768027
CC(=O)c1ccc2c(c1)N(C(=O)c1c(Cl)ccc3ncccc13)c1ccccc1S2,0.338887054,2.493825374,-9,-8.6,6.5339,430.0542764
O=C(CCSCc1nc2sc3c(c2c(=O)[nH]1)CCCC3)Oc1cccc(F)c1SC(F)(F)F,0.139262437,3.039925909,-7.7,-8.6,5.8433,518.0415683
O=C(CCSCc1nc2sc3c(c2c(=O)[nH]1)CCCC3)OC(F)(F)Sc1c(F)cccc1Br,0.146808462,3.267671318,-8.2,-8,6.2741,577.9615022
CCc1c(C)nc2ccccc2c1NC(c1cccc(C)c1)c1cccc(C)c1,0.406151925,2.272800603,-8.9,-8.6,6.92396,380.2252489
Nc1cccc(N(c2ccccc2)c2ccc([N+](=O)[O-])cc2C(=O)c2ccccc2)c1,0.185912269,2.238960921,-8.6,-8.1,5.8778,409.1426415
NC1(c2cc(F)cc(N3C(=O)NC(=O)C34CCCCCCCCCCC4)c2)CC1,0.694128305,3.718574628,-9.9,-9.1,4.8732,401.2478555
Fc1ccc(C(Nc2cccc(Cc3ccccc3)c2)C2CC2)cc1Cl,0.516324419,2.49834056,-8.3,-8.1,6.6331,365.1346556
O=S(=O)(Cc1cccc(N[C@@H]2CSc3nc4ccccc4n3[C@H]2c2ccccc2)c1)c1ccccc1,0.294677262,3.335332403,-9.8,-9.6,6.186,511.138819
N#Cc1cccc(C(=O)CN2C(=O)NC3(CCC(CN)C3)C2=O)c1,0.626578307,3.770668404,-8.5,-7.8,0.79038,326.1378904
Cc1ccc(C(C(=O)O)N(c2ccc(F)cc2)C(F)(F)Oc2ccc3nc(O)ccc3c2)cc1,0.26949532,3.297731613,-9.5,-8.6,5.64952,468.1296917
Cc1ccc(Oc2ccc(NC(=O)C(=O)N3CCN(c4cnn(C)c4)CC3)cc2)cc1,0.658134535,2.259753488,-9.3,-8.4,2.80812,419.1957397
Nc1cc2c(cc1F)CCN(C(=O)C(=O)NC[C@H]1CCc3nccn31)C2=O,0.587692147,3.593709195,-9.2,-9.3,0.433,371.1393677
O=C(Nc1nnc(-c2cc(F)cc(Br)c2)s1)C(=O)N1C(=O)CNC(c2ccccc2)c2cc(Br)ccc21,0.302348317,3.465369466,-11,-9.4,5.0601,642.9324628
O=C(Nc1ccc(OCc2ccccc2)cc1)C(=O)N1CCc2ccc(OCc3ccccc3)cc2C1,0.352479445,2.175776902,-9.1,-8.7,5.368,492.2049074
O=C1CCCc2cc(N3C(=O)c4cccc([N+](=O)[O-])c4C3=O)c(S(=O)(=O)Cl)cc2N1,0.327891285,2.86323801,-9.5,-8.6,2.5977,449.0084484
O=C(Nc1ccccc1CCc1ccccc1[N+](=O)[O-])N(c1ccccc1)S(=O)(=O)c1ccccc1,0.242094628,2.37003,-9.2,-8.8,5.8074,501.1358418
Cc1cccc(C2CCN(S(=O)(=O)c3ccc([N+](=O)[O-])c4cccnc34)CC2)c1,0.477417134,2.358600006,-9.7,-8.9,4.01972,411.1252772
Cc1c(C(=O)N2CCCC3(C2)NC(=O)N(C(=O)c2[nH]c4ccccc4c2C=O)C3=O)c2ccccc2n(C)c1=O,0.232826474,4.081213705,-11.3,-8.4,2.50772,539.1804835
O=C(NCC1CCC(O)CC1)C(=O)NS(=O)(=O)c1ccc(C2CCCCC2)cc1,0.629930322,2.425715015,-9.5,-8.9,2.2065,422.1875431
N#Cc1cccc(OCCCOC(=O)CCCN2C(=O)CCc3ccccc32)c1,0.48088293,2.274262174,-7.7,-7,3.62998,392.1736072
Cc1ccc(S(=O)(=O)NCc2ccc(NC3(c4c(F)cccc4Br)CC3)cc2)cc1,0.462561463,2.438319088,-8.2,-8.4,5.47632,488.0569393
O=C(N[C@H]1C[C@H](c2cccc(F)c2)C1)C(=O)N(c1ccccc1)c1nc(S)nc2ccccc12,0.25458384,2.872883709,-9.9,-7.8,4.7847,472.1369251
O=C1NC(=O)[C@]2(CC[C@@H](C(=O)Nc3ccc(N4C(=O)c5cccc6cccc(c56)C4=O)cc3)CC2)N1,0.39012061,3.031775192,-10.5,-9.9,3.3473,482.1590198
Nc1ccc(N(c2ccccc2)S(=O)(=O)c2cccc3ccccc23)cc1,0.514192538,2.127036613,-8.5,-8.6,4.949,374.1088988
Cn1cc(NCC(=O)c2ccc3c(c2)OCCO3)c2ccccc21,0.749311148,2.312671485,-8.3,-8.4,3.2443,322.1317424
O=C(Nc1ccc(N2C(=O)c3cccc4cccc(c34)C2=O)cc1)C(=O)Nc1ccc(N2C(=O)c3cccc4cccc(c34)C2=O)cc1,0.176847419,2.412475233,-12.6,-11.7,6.1714,630.1539344
O=C(CNc1c(Br)cc(Cl)c2occc12)c1ccc(F)c(Cl)c1,0.535117345,2.628660446,-7.8,-7.9,5.936,414.9177742
Nc1ccc(N(C(=O)CCn2c(=O)[nH]c(=O)c3ccccc32)c2c(Br)ccc3ccccc23)cc1,0.315083902,2.645384524,-9.5,-8.4,4.9427,528.0797026
O=C(NS(=O)(=O)c1cccc2[nH]ccc12)N1CCCc2cc(OCc3ccccc3)ccc21,0.454490437,2.425296815,-10.6,-9.4,4.598,461.1409272
Cc1c(C(=O)NCc2ccc3c(c2)N(C(=O)c2ccccc2-c2cccc4ccccc24)CCO3)[nH]c(=O)c2ccccc12,0.240022344,2.686864455,-12.3,-11.9,6.62592,579.2158064
O=S(=O)(Nc1cc(Cc2ccccc2)ccn1)c1ccc(Oc2ccc(Cl)cc2)cc1,0.379214221,2.025219088,-8.7,-8.6,5.9189,450.0804911
O=C(/C=C/c1cccc2cccnc12)NCc1ccc2c(c1)N(C(=O)c1ccccc1Cc1nc3ccccc3c(=O)[nH]1)CCO2,0.233888224,2.948177197,-10,-11.4,5.4309,607.2219544
O=C(OS(=O)(=O)c1ccc2c(c1)C(=O)NS2(=O)=O)c1ccc(-c2cnc3c(c2)CCC3)cc1,0.556804091,2.952312509,-10.5,-10,2.2151,484.0398929
O=C1C=CC(=O)N1c1cccc(S(=O)(=O)Nc2cccc3cnsc23)c1,0.696355122,2.808130321,-9,-8.5,2.5265,385.0190978
O=C(Nc1cccc2cn[nH]c12)C(=O)N(c1cc2ccccc2cc1C(=O)O)S(=O)(=O)c1cccs1,0.298102351,2.91312091,-9.6,-8.5,3.8364,520.0511262
O=C(CCC(=O)c1ccc2c(c1)CCC(=O)N2)NCc1ccc2c(c1)N(C(=O)CCCc1ccc3c(c1)-c1ccccc1C3)CCO2,0.180348224,2.961638757,-9.5,-11.2,6.1701,627.2733213
O=C1CCc2c1cc1c(c2NC(=O)N2CCc3cc(OCc4ccccc4)ccc3C2)CCC1,0.570812487,2.610560631,-10.2,-10.5,5.4734,452.2099928
Nc1ccc(-c2cccc(F)c2)c(N2CCc3cc(O)ccc3C2=O)c1,0.688473674,2.318622005,-9.1,-9,3.9834,348.127406
O=c1[nH]c(CN2CCN(c3cc4ccc(F)cc4[nH]3)CC2)nc2sc3c(c12)CCCC3,0.511576994,2.73690607,-10,-9.7,3.806,437.1685596
O=C(CCc1ccc2cccnc2c1)OC(c1ccccc1)c1cccc(I)c1,0.240650184,2.70056021,-8.1,-7.6,6.1048,493.0538769
O=C(O)c1ccc2c(c1)CCCC(=O)N2c1ccc(C(=O)c2ccc(O)cc2)cc1,0.634995349,2.143623716,-10,-8.4,4.3224,401.1263227
O=C(NC1(c2ccc3ccccc3c2)CC1)C(=O)N(C(=O)Oc1ccccc1)c1cccc([N+](=O)[O-])c1,0.234150674,2.745945076,-9.6,-9.7,5.0855,495.1430354
N#Cc1ccc2c(c1)CCN2C(=O)NCc1ccc(Cn2cnc3ccccc32)cc1,0.550185911,2.337479528,-9.8,-9.7,4.22858,407.1746103
Cc1ccnc2c(S(=O)(=O)N3C(=O)c4cccc5c(S(=O)(=O)Cl)ccc3c45)cccc12,0.41792491,2.739324813,-10.5,-9.4,3.97302,471.9954412
N#Cc1cc(C=O)cc(N2c3ccccc3Oc3cc(C#N)ccc32)c1,0.49016178,2.627923028,-8.9,-8.5,4.81796,337.0851266
O=S(=O)(c1ccc2c(c1)NCC2)N1c2ccccc2C=Cc2ccccc21,0.70936253,2.653088377,-9.6,-8.9,4.6654,374.1088988
C=CC(=O)c1c(Cl)cccc1N1c2ccccc2Oc2cc(C#N)ccc21,0.319162885,2.646206681,-8.5,-7.7,6.15588,372.0665553
CN1CCCN(C(=O)C(=O)NCc2ccc3cnccc3c2)c2nc3ccccc3nc21,0.495763683,2.665165713,-10.3,-9.4,2.6673,426.1804239
Cc1ccc2ncc(C(=O)Oc3ccc(-n4c(S)nc5cc([N+](=O)[O-])ccc54)cc3)cc2c1,0.129528142,2.640635808,-10,-9.4,5.29822,456.089226
O=C(NCc1ccc2c(c1)N(C(=O)CSCc1nc3sc4c(c3c(=O)[nH]1)CCCC4)CCO2)c1ccc(-c2cccc3cccnc23)cc1,0.183700454,3.052471425,-11.2,-8.7,6.6674,687.1973965
O=C(Nc1ccc2[nH]c(-c3ccccc3)nc2c1)C(=O)N1CCc2c(cnn2-c2ccccc2)C1,0.39717149,2.550529149,-10.3,-11.1,3.939,462.1804239
Cc1cc(F)ccc1N(Cc1ccc(C#N)cc1)S(=O)(=O)N=S(C)(=O)c1ccccc1,0.548100547,3.093122696,-8.3,-8.4,4.4141,457.0930117
Cc1ccc(S(=O)(=O)NC(=O)C(=O)NCc2ccc(Cn3cnc4ccccc43)cc2)c2ccccc12,0.33752495,2.442440631,-9.9,-10.3,3.66752,512.1518262
N#Cc1ccc(-c2ccc3c(c2)N(C(=O)C(=O)Nc2ccc(S(=O)(=O)c4ccc(F)cc4)cc2)CCO3)cc1,0.299111032,2.562041926,-10.6,-9.3,4.56128,541.11077
O=C(OCc1ccc2[nH]cnc2c1)c1cc2c(s1)-c1ccccc1CC2,0.536645014,2.50896915,-8.9,-8.7,4.747,360.0932488
Nc1cccc(S(=O)(=O)NC(=O)N(C(=O)Nc2cccc(O)c2)c2ccccc2)c1N,0.387769238,2.612972219,-9.9,-8.4,2.6936,441.1106897
Nc1cccc(S(N)(=O)=O)c1NC(=O)N(C(=O)Nc1cccc(O)c1)c1ccccc1,0.390060178,2.579879911,-9.4,-8.3,2.8924,441.1106897
Nc1c(NC(=O)C(=O)N(C(=O)Nc2cccc(O)c2)c2ccccc2)cccc1S(N)(=O)=O,0.284759309,2.669737918,-9.1,-8.3,1.8256,469.1056043
NC(c1ccccc1)c1ccc(NS(=O)(=O)c2ccccc2-c2ccc(CO)cc2)cc1,0.385394996,2.510466653,-8.9,-8.7,4.6948,444.1507636
CS(=O)(=O)c1cccc(C(=O)CN2C(=O)Cc3cc(C(F)(F)F)ccc32)c1,0.744174185,2.322924065,-9,-9.5,2.8809,397.0595636
O=C(c1[nH]c2ccc(F)cc2c1Cl)N1CCN(c2ccnc3ccccc23)CC1,0.532060946,2.333184152,-9.3,-9.1,4.471,408.1153171
CCN(CC)S(=O)(=O)c1ccc2c3c(cccc13)C(=O)N2c1ccc(N)cc1S(=O)(=O)Nc1ccccc1Cl,0.273840565,2.726034545,-8.8,-8.2,5.1986,584.0954896
N#Cc1cncc(S(=O)(=O)N2CC(C(=O)O)c3ccccc3C2=O)c1,0.866159253,3.141711498,-8.9,-8.3,0.96618,357.0419415
Cc1cccc(C(=O)N(c2ccc(O)cc2)S(=O)(=O)c2cc(F)cc(F)c2)c1,0.714224809,2.265568783,-9.1,-8.7,4.01452,403.0689854
CS(=O)(=O)c1cccc(C(=O)CNS(=O)(=O)c2ccccc2S(=O)(=O)Cl)c1,0.493348978,2.363520193,-9,-7.8,1.1788,450.9620925
CC(=O)c1ccc2c(c1)CC(=O)N2C(=O)c1c[nH]c2ccccc2c1=O,0.570275084,2.408699669,-9.2,-8.8,2.4602,346.0953569
O=C(N[C@@H]1C[C@H]1c1ccc2ccccc2c1)N(c1ccccc1)c1ccc(O)cc1,0.44936863,3.001788078,-9.8,-9,5.9492,394.1681279
N#Cc1ccc2c(c1)N(S(=O)(=O)c1cccc(S(=O)(=O)Cl)c1)C(=O)C2,0.730401962,2.735680874,-9.1,-8.6,1.76378,395.9641411
COc1ccc2c(NC(=O)C(=O)NS(=O)(=O)c3ccc(OCc4ccccc4)cc3)noc2c1,0.384618158,2.387296239,-9.4,-9.4,2.859,481.0943709
O=C(c1cccc(F)c1)c1cccc(NNCc2cccc3ccccc23)c1,0.35615445,2.115746381,-8.3,-8.2,5.3266,370.1481414
Cc1ccc2cc(C(=O)OC(F)(F)c3nc4ccc(N)cc4[nH]3)ccc2c1,0.412238959,2.575406933,-9.6,-9,4.51302,367.1132332
Cc1ccc2[nH]c(C(=O)N3CCCC(N4CCN(C(=O)c5c(O)nc6ccccc6c5C)CC4)C3)cc2c1,0.432109745,3.158542496,-10.6,-10.3,4.10114,511.2583399
O=C(NNc1cccnc1Cl)N1Cc2ccccc2CC1c1ccccc1,0.518108135,2.879242859,-8.7,-9,4.5711,378.1247389
O=C(NNc1cccnc1Cl)C(=O)N1Cc2ccccc2CC1c1ccccc1,0.396353887,2.968746014,-9.4,-9.7,3.5043,406.1196535
O=S(=O)(c1c[nH]c2ncccc12)N1CCN(c2ccc3cc(Br)ccc3n2)CC1,0.494601642,2.452861075,-9.5,-9.2,3.3845,471.0364579
O=S(=O)(c1c[nH]c2ncccc12)N1CCN(c2ccc3nc(Cl)ccc3c2)CC1,0.50723118,2.468268218,-9.4,-9.1,3.2754,427.0869735
Clc1cccc(N(Cc2ccccc2)c2cc(Br)cc3ccncc23)c1,0.351492016,2.335306817,-8.7,-7.5,6.989,422.0185383
Nc1cccc(S(=O)(=O)N(C(=O)Nc2nnc(-c3cccc4ccccc34)o2)c2cccc(Cl)c2)c1,0.290692935,2.642081381,-10.3,-9.3,5.5528,519.0768027
O=C(NS(=O)(=O)c1ccc2c(c1)NCCC2)c1ccc(-c2cccc3cccnc23)o1,0.504997033,2.590472934,-10.1,-9.9,3.9716,433.1096271
Nc1ccc(C(=O)N(c2cccc3cccnc23)C(F)(F)c2ccc3c(c2)CCN3)cc1,0.34567741,2.886414418,-9.2,-8.6,5.1813,430.1605177
CCCCCCCCCCC(C)NC(=O)C(=O)N1CCc2cc3c(cc2C1)CCCC3,0.397418248,2.96399018,-7.1,-7.5,5.4856,426.3246286
O=C(O)c1cc2ccccc2cc1N(C(=O)NS(=O)(=O)Cc1cccc2cccnc12)S(=O)(=O)c1cccs1,0.283434844,2.959487482,-9.2,-9.1,4.5826,581.0385129
O=C(NS(=O)(=O)Cc1cccc2cccnc12)C(=O)N(c1cc2ccccc2cc1C(=O)O)S(=O)(=O)c1cccs1,0.262391823,3.044698328,-10.5,-9.9,3.5158,609.0334276
c1ccc([C@H]2CCC[C@H](c3ccccc3)N2c2ccc3c(c2)NCC3)cc1,0.608676259,2.985567357,-9.1,-7.8,6.1275,354.2095988
NCCCNC(=O)C(=O)N1CCNc2ccccc2C1=O,0.516250499,2.515114546,-7.5,-6.8,-0.4541,290.1378904
N#Cc1cccc(N(C(=O)C(=O)NS(=O)(=O)c2ccc3c(c2)CCN3)C(=O)c2ccccc2F)c1,0.533632412,2.860876229,-10.7,-10.5,2.34388,492.0903689
O=C(CCn1cnc2ccccc2c1=O)NC(c1cccc(Cl)c1)c1cccc(Cl)c1,0.448031073,2.194822805,-9.6,-8.6,4.9992,451.0854322
O=C1CCCc2cc(Br)c(S(=O)(=O)N3C(=O)c4cccc([N+](=O)[O-])c4C3=O)cc2N1,0.392498223,2.872126566,-10.3,-9.3,2.617,492.9579328
CS(=O)(=O)c1ccc(S(=O)(=O)N[C@H]2CC[C@H](c3nc4ccccc4o3)CC2)cc1,0.66071525,2.292268486,-8.8,-8.6,3.236,434.0970138
Cn1ccc2ccc(S(=O)(=O)N3c4ccccc4CC3Cc3ccccc3)cc21,0.502882044,2.813204256,-9,-8.8,4.541,402.1401989
Cc1cnccc1S(=O)(=O)NC(c1ccc(F)cc1)c1cccc(Cl)c1,0.708035481,2.686235195,-8.5,-8,4.25042,390.0605047
FS(F)(F)(F)(F)c1ccc(N2Cc3ccccc3CC2c2ccccc2)cc1,0.400219215,3.239421424,-9.4,-9,7.648,411.1080117
Cc1cccc2nnc(NC(c3ccccc3)c3ccc(Cl)cc3)n12,0.570457682,2.777533022,-8.7,-8.6,4.89262,348.1141742
O=S(=O)(NS(=O)(=O)c1cscc1Br)c1ccc(OCc2ccccc2)cc1,0.547320286,2.450561994,-8.6,-8.1,3.7568,486.9217476
O=S(=O)(F)c1cscc1NS(=O)(=O)c1ccc(OCc2ccccc2)cc1,0.579713611,2.329435476,-8.5,-7.9,3.7861,427.0018138
CCCCCCCCCCN(C(=O)OC(C)(C)C)c1cc2ccccc2nc1Cl,0.291979365,2.433401674,-7.3,-6.8,7.7704,418.238706
CC(N)c1ccc2c(c1)CC(=O)N2C(=O)c1ccc2c(c1)-c1ccccc1C2,0.543940635,2.9217285,-9.7,-9.9,4.007,368.1524779
N#Cc1cccc2c1N(C(=O)C(=O)NN1C(=O)c3cccc4cccc(c34)C1=O)C(=O)C2,0.465293785,2.995206358,-11.1,-9.3,1.45458,424.0807695
O=c1[nH]c(CN2CCN(c3ccc(CBr)c4ncccc34)CC2)nc2sc3c(c12)CCCC3,0.39478663,2.724568405,-9.6,-9.4,4.6287,523.1041436
O=C(NCc1ccc2c(c1)N(C(=O)/C=C/c1cccc3cccnc13)CCO2)c1ccccc1Cc1nc2ccccc2c(=O)[nH]1,0.233888224,2.946118736,-11.5,-11.2,5.4309,607.2219544
O=C1CCc2cc(-c3csc(NC(=O)C(=O)N(C(=O)C(Cl)C(=O)c4ccc([N+](=O)[O-])cc4)c4ccccc4)n3)ccc2N1,0.075740559,3.494979604,-10.7,-9.7,4.5916,617.0771967
O=C(c1cc2cc(F)c(F)cc2[nH]1)N1CCc2ccc(OCc3ccccc3)cc2C1,0.493707802,2.311328319,-10.2,-9.5,5.2236,418.1492843
N#Cc1cccc([C@H]2C[C@H](NC(=O)C(=O)Nc3ccc(C(=O)Nc4cccc5cccnc45)cc3)C2)c1,0.359485297,2.449156016,-9.5,-9.7,4.35968,489.1800896
O=C(Nc1nc(-c2ccc(-c3ccccc3)cc2)cs1)C(=O)NS(=O)(=O)c1ccc(N=C=S)cc1,0.21702239,2.570735755,-9.4,-9.2,4.655,520.033368
Clc1ccc(C(c2ccccc2)N2CCN(c3nccc4sccc34)CC2)cc1,0.412557463,2.650095184,-8.5,-8.1,5.8613,419.1222964
N#Cc1ccc(NNC(=O)N2[C@@H](c3ccccc3)CCC[C@@H]2c2ccccc2)nc1,0.609958229,3.229236329,-10,-7.8,4.95828,397.1902604
Cc1ccc(C(NC(=O)C(=O)N2C(=O)c3cccc4c(S(=O)(=O)Cl)ccc2c34)c2cccc(Cl)c2)cc1,0.279394085,3.172446842,-10.9,-9.4,5.12172,552.031348
COC(=O)c1cccc2c3c([nH]c12)CCN(c1cc(Cl)cc(C=O)c1Cl)C3,0.511534023,2.794172521,-8.6,-8.2,4.6365,402.0537977
N#Cc1ccc2c(c1)CCN2C(=O)C(=O)NCc1ccc(Cn2cnc3ccccc32)cc1,0.498715356,2.475161718,-10,-9.5,3.16178,435.1695249
N[C@@H]1CCCC[C@@H]1NC(=O)N(C(=O)c1ccc(O)cc1)c1ccccc1,0.790213541,3.033545198,-8.4,-7.6,3.0185,353.1739416
O=C(Nc1ccc(Oc2cccc3cccnc23)cc1)N1C(=O)c2cc([N+](=O)[O-])ccc2S1(=O)=O,0.328461529,2.719803573,-10.4,-10.1,4.3119,490.0583198
CC(NC(=O)C(=O)N1C(=O)c2cccc(N)c2C1=O)c1ccc2ncsc2c1,0.388679652,3.204172154,-9.2,-8.8,1.8785,394.0735759
O=C(NC(c1ccccc1)c1ccc2[nH]cnc2c1)C(=O)NC1(c2cc(F)cc(F)c2)CC1,0.407184207,3.252874722,-9.9,-9,3.8522,446.1554323
N#Cc1ccc(C(=O)NC(=O)C(=O)NC(c2ccccc2)c2ccc3[nH]cnc3c2)cc1,0.43485432,2.961171001,-10,-8.5,2.59678,423.1331394
O=C(NCc1ccc2ccccc2c1F)C(=O)NC(c1ccc(Cl)cc1)c1cccc(I)c1,0.236101911,2.847398944,-9.9,-9.4,5.7589,572.0163817
O=C(NCc1ccc(-n2cnc3ccccc32)cc1)N(c1cccc2cccnc12)C1CCCC1,0.337314721,2.567862731,-10,-9.6,6.2325,461.2215605
COc1ccc(Oc2ccc(S(=O)(=O)NC(=O)C(=O)N3CCC(n4cnc5ccccc5c4=O)C3)cc2)cc1,0.363056081,2.990911317,-9.6,-8.8,2.4759,548.1365701
N#Cc1ccc(-c2ccc3c(c2)N(C(=O)C(=O)NCCc2ccc4occc4c2)CCO3)s1,0.46535088,2.904378065,-9.7,-9,4.11728,457.1096271
NCc1cccc2c1N(C(=O)NC(c1ccccc1)c1ccc3[nH]cnc3c1)C(=O)C2,0.478626199,3.278337544,-10.1,-8.5,3.4099,411.1695249
NCc1cccc2c1N(C(=O)C(=O)NC(c1ccccc1)c1ccc3[nH]cnc3c1)C(=O)C2,0.421610327,3.400386869,-9.6,-8.9,2.3431,439.1644395
NN(CCc1ccc2ccccc2c1)C(=O)C(=O)Nc1ccc(Cl)cc1-c1ccccc1,0.196137733,2.364682311,-9,-9.1,5.0437,443.1400546
Nc1cccc(S(=O)(=O)c2cccc(NCC(=O)c3ccc4ccccc4c3)c2)c1,0.35552826,2.184225374,-10.4,-9.5,4.5496,416.1194635
N#Cc1cccc(C(=O)CN(C(=O)c2ccccc2)c2ccc(O)cc2)c1,0.70526209,2.105935153,-8,-7.8,3.79358,356.1160924
O=Cc1cc(F)ccc1Oc1cccc(NCc2ccc(O)c(Cl)c2)c1,0.569305711,2.180169822,-8.3,-8.4,5.4016,371.0724492
CC(=O)c1ccc2c(c1)N(C(=O)c1c(C)nc3c(c1C)C(=O)CCC3)c1ccccc1S2,0.464915297,2.850004819,-9.8,-8.5,5.86314,442.1351136
CC(=Cc1cccc(Cl)c1)C(=O)OCC(=O)c1cccc2ccccc12,0.349236495,2.122064625,-8,-7.6,5.3226,364.0866221
O=C(N[C@@H]1C[C@H]1c1ccc2ccccc2c1)C(=O)N(c1ccccc1)c1ccc(O)cc1,0.460593337,3.140399609,-9.5,-9.2,4.8824,422.1630426
Cc1ccncc1N1CCN(C(=O)c2cc3ccccc3[nH]c2=O)CC1,0.770756237,2.189555643,-9.4,-9.1,2.19392,348.1586259
O=Cc1c2ccccc2c(NS(=O)(=O)c2ccc(NC(=O)C(=O)O)cc2)c2ccccc12,0.24286104,2.395852512,-10,-9.6,3.6294,448.0729072
N[C@H]1CCC[C@H]1NC(=O)C(=O)N1CCc2cc(Br)c(F)cc2C1,0.720538748,3.364734106,-8.8,-7.5,1.4689,383.0644672
N[C@@H]1CCC[C@@H]1NC(=O)C(=O)N1CCc2cc(Br)c(F)cc2C1,0.720538748,3.364734106,-8.8,-7.6,1.4689,383.0644672
Cc1ccncc1C(=O)CNC(=O)c1ccccc1N,0.651627323,2.088535576,-7.8,-7,1.58492,269.1164267
O=S(=O)(c1ccc(Oc2ccc(Cl)cc2)cc1)N(c1ccccn1)c1cc(Br)ccn1,0.304492111,2.525464291,-9,-8.1,6.2118,514.9706021
N#Cc1cncc(S(=O)(=O)NC(=O)C(=O)N2C(=O)c3ccc(C(F)(F)F)cc3S2(=O)=O)c1,0.577660214,3.189972059,-10.6,-9.3,0.14828,487.9708252
O=C(Nc1ccccc1CCc1ccccc1[N+](=O)[O-])C(=O)N(c1ccccc1)S(=O)(=O)c1ccccc1,0.19956171,2.48686289,-10.4,-8.3,4.7406,529.1307565
Cc1ccc(S(=O)(=O)N(Cc2ccc(F)cc2)C(=O)NC2(c3c(F)cccc3Br)CC2)cc1,0.445503461,2.685977478,-9.5,-8.2,5.62552,534.0424321
Cc1ccc(S(=O)(=O)N(Cc2ccc(F)cc2)c2cccc(Br)c2C2(N)CC2)cc1,0.515340084,2.490249195,-8.1,-7.8,5.23992,488.0569393
CS(=O)(=O)c1cccc(C(=O)CN2[C@@H]3COC[C@H]2C[C@@H](O)C3)c1,0.804310384,4.180020296,-7.8,-7.5,0.4969,339.1140438
CS(=O)(=O)c1cccc(C(=O)COC(=O)COc2ccc3oc4ccccc4c3c2)c1,0.31959971,2.204492165,-8.4,-8.6,3.7944,438.0773239
O=C(NS(=O)(=O)c1ccccc1-c1ccc(CO)cc1)C(=O)N1C(=O)Cc2cc(C(=O)O)ccc21,0.449930729,2.683581152,-9.6,-9.3,1.4649,494.0783865
Fc1ccc(C(Nc2ccc(Oc3ccnc4ccccc34)cc2)c2ccc(Br)cc2)cc1,0.256197395,2.581427859,-9.7,-9.3,8.1302,498.0743036
O=C(COc1ccc2oc3c(c2c1)CCCC3)OCC(=O)c1cc2cc(Br)ccc2[nH]1,0.295702589,2.62681755,-8.3,-8.2,5.3603,481.0524848
CC1CN(S(=O)(=O)c2ccc3oc4ccccc4c3c2)c2ccccc2C(=O)N1,0.547321635,2.919005435,-10,-10,3.9132,406.0987281
O=C1CCc2cc(-c3csc(NC(=O)N(C(=O)C(Cl)C(=O)c4ccc([N+](=O)[O-])cc4)c4ccccc4)n3)ccc2N1,0.09273378,3.398012415,-10.6,-9.9,5.6584,589.082282
O=C(OS(=O)(=O)c1cc(Br)cc2cccnc12)c1ccccc1C(=O)c1ccc2c(c1)OCCO2,0.261396743,2.701527909,-10.5,-8.6,4.5452,552.983085
O=C1CCCc2cc(Br)c(S(=O)(=O)OC(=O)c3ccc4c(c3)C(=O)Nc3ccccc3O4)cc2N1,0.449862113,2.979564412,-10.8,-10.4,4.6276,555.993984
O=C(NC(Cc1ccccc1)c1nc2ccccc2o1)C(=O)N1C(=O)CNc2cc(Br)cnc21,0.396540016,3.408590286,-9.6,-9,3.3706,519.0542162
O=Cc1cccc(N2CCc3c(c(=O)[nH]c4ccccc34)C2)c1Br,0.687533554,2.567258222,-8.9,-8.7,3.6658,382.0316898
N#Cc1ccc(NNC(=O)C(=O)N2[C@@H](c3ccccc3)CCC[C@@H]2c2ccccc2)nc1,0.488123301,3.294635341,-9.7,-7.6,3.89148,425.185175
O=Cc1ccc2ncccc2c1N1C(=O)NC(=O)C12CCCCCCCCCCC2,0.551645066,3.6168441,-9.8,-7.5,5.147,407.2208918
O=C(Nc1ccccc1)N(c1cccc2c1CCNC2)C(F)(F)c1cccc2c1CCNC2,0.504418738,3.060689603,-9.5,-8.9,4.766,448.2074679
Cc1sc(NC(=O)C(=O)N2CCc3nc(-c4ccccc4)ncc3C2)nc1-c1cccc([N+](=O)[O-])c1,0.25441641,2.673688252,-10.6,-9.5,4.00712,500.1266741
O=C1CCc2cc(C(=O)N3CCC4(CC3)NC(=O)N(C(=O)c3cc5ccc(F)cc5[nH]c3=O)C4=O)ccc2N1,0.339915258,3.437058945,-11.6,-11.5,1.9189,531.1554116
O=C(NC(=NO)c1ccc(-c2ccccc2)cc1)C(=O)Nc1cccc(S(=O)(=O)c2ccccc2)c1,0.12548254,2.431724697,-10.4,-10.3,4.0771,499.1201918
N#Cc1ccc(-c2ccc3c(c2)N(C(=O)NS(=O)(=O)c2ccc(Oc4ccccc4)cc2)CCO3)s1,0.38093153,2.654804151,-10.2,-10,5.37638,517.0766127
N[C@@H]1CCCC[C@@H]1NC(=O)C(=O)N(C(=O)c1ccc(O)cc1)c1ccccc1,0.70361948,3.161115455,-8.4,-7.7,1.9517,381.1688562
O=C(Nc1ccc(Oc2cccc3cccnc23)cc1)C(=O)N1C(=O)c2cc([N+](=O)[O-])ccc2S1(=O)=O,0.242316617,2.791495613,-10.5,-10.4,3.2451,518.0532344
Cc1ccc(S(=O)(=O)NC(=O)NCc2ccc(Cn3cnc4ccccc43)cc2)c2ccccc12,0.364281033,2.320928533,-10.4,-9.7,4.73432,484.1569116
O=C(CNc1ccnn1-c1cccc(Cl)c1)c1ccc2ccccc2c1,0.5101529,2.243022202,-9.2,-8.3,4.9737,361.0981898
Nc1ccc2c(c1)CCC(=O)N2CC(F)(F)N1C(=O)CC(=C2CNC2)C1=O,0.352150485,3.48000039,-8.9,-8.5,0.7995,376.1346969
C[C@@H](NC(=O)C(=O)N(C(=O)c1ccc(N)cc1)c1cccc2cccnc12)c1cccc2cnccc12,0.285077662,3.205774907,-10,-9.1,4.416,489.1800896
O=C1c2ccc([N+](=O)[O-])cc2C(=O)N1CC(O)c1ccc2ccccc2c1,0.43660232,2.613111826,-9.7,-9.1,3.0776,362.0902715
Cc1cc(O)c(N2CCC(c3ccnc4ccccc34)CC2)c(Cl)c1,0.680672152,2.378582005,-8.9,-8.5,5.28622,352.134241
O=C(Nc1ccc(S(=O)(=O)Nc2cccc(Cl)c2)cc1)C(=O)N1CCc2nnc(-c3ccncc3)cc2C1,0.364322282,2.66423138,-10.4,-10.1,3.5162,548.1033518
CCC(=O)c1ccc2c(c1)N(C(=O)c1cc3cc(Cl)ccc3[nH]1)c1ccccc1S2,0.359680955,2.569217682,-9.2,-7,6.8571,432.0699265
NN(Cc1cccc2ccccc12)c1cccc(C(=O)c2cccc(Br)c2)c1,0.250064162,2.249486177,-10.4,-8.5,5.7136,430.0680753
CC(c1ccc(-n2cnc3ccccc32)cc1)N(C)C(=O)C(=O)Nc1ccccc1NS(=O)(=O)c1ccccc1,0.275998425,3.005006174,-9.8,-9.6,4.9844,553.1783753
COc1ccc2cc(NC(=O)C(=O)N3CCc4cc(C5CCCCC5)ccc4C3)ccc2c1,0.551230838,2.368785757,-9.7,-10.8,5.4195,442.2256428
CC(C)(C)c1cc(NCc2cccc(S(C)(=O)=O)c2)c2ncccc2c1,0.733944903,2.218639105,-9,-8.7,4.5479,368.155849
C#Cc1ccc(C(=O)NCC(=O)c2cccc3ccccc23)cc1,0.592300814,2.014728456,-8.8,-8.1,3.4338,313.1102787
FS(F)(F)(F)(c1ccc(Br)cc1)N1Cc2ccccc2CC1c1ccccc1,0.350041812,3.458127558,-8.7,-8.3,7.9366,471.0279456
Cc1ccc(S(=O)(=O)N(Cc2ccc(F)cc2)c2cccc(F)c2C2(N)CC2)cc1,0.623343139,2.44306217,-8.4,-7.9,4.61652,428.1370054
Cc1ccc(S(=O)(=O)N(Cc2ccc(F)cc2)C(=O)C(=O)NC2(c3c(F)cccc3Br)CC2)cc1,0.446301475,2.782015024,-9.4,-8.5,4.55872,562.0373467
CCN(C(c1ccc(C)cc1)c1cccnc1)S(=O)(=O)c1cccc2c(C)ccnc12,0.428690409,2.995498383,-8.9,-8,5.04684,431.166748
O=C(c1cc([N+](=O)[O-])ccc1Nc1ccccc1)N1CCCc2cc(OCc3ccccc3)ccc21,0.241233472,2.246944362,-9.3,-8.7,6.5104,479.1845063
NN(C(=O)NC(c1ccc(Cl)cc1)c1cccc2ccccc12)C(=O)c1cccc2ccccc12,0.176266439,2.854406166,-10.4,-8.2,6.4615,479.1400546
O=C(NNC(=O)c1cccc2ccccc12)C(=O)NC(c1ccc(Cl)cc1)c1cccc2ccccc12,0.227338477,2.753077873,-10.8,-10.2,5.3132,507.1349692
O=C(Nc1nnc(-c2cccc3ccccc23)o1)C(=O)N(c1ccccc1)c1nc(S)nc2ccccc12,0.181814086,2.913494387,-11.6,-9.1,5.4251,518.1161094
O=C(CCCc1ccc2c(c1)-c1ccccc1C2)NCc1ccc2c(c1)N(C(=O)CCC(=O)c1ccc3c(c1)CCC(=O)N3)CCO2,0.180348224,2.959107034,-10.2,-10.8,6.1701,627.2733213
N#Cc1cccc([C@H]2C[C@H](NC(=O)N(C(=O)c3ccc(N)cc3)c3cccc4cccnc34)C2)c1,0.415855862,2.74310237,-10.8,-7.7,4.99128,461.185175
O=C1CNc2cc(Br)cnc2N1C(=O)NC(Cc1ccccc1)c1nc2ccccc2o1,0.437226581,3.287849429,-9.9,-9.3,4.4374,491.0593015
O=C(Oc1ccccc1)N(C(=O)c1ccc(-c2cccc3cccnc23)cc1)c1ccc([N+](=O)[O-])cc1,0.202117472,2.411484076,-9.5,-9,6.6558,489.1324707
O=C(NCc1cccc2[nH]nnc12)C(=O)N1CC(c2ccccc2)Cc2ccccc21,0.507313497,3.153865946,-10.2,-8.9,2.9472,411.1695249
Cc1cc(Cl)c2ccccc2c1NC(c1ccccc1)c1cccc(I)c1,0.294571366,2.700733175,-8.9,-8.5,7.60772,483.0250753
CC(NC(=O)c1[nH]nc2ccccc12)C(=O)OCC(=O)c1cccc(C#N)c1,0.50050631,2.916667578,-8,-7.7,1.97898,376.117155
O=C1CCc2cc(C(=O)N3CCC4(CC3)C(=O)NC(=O)N4C(=O)c3cc4ccc(F)cc4[nH]c3=O)ccc2N1,0.430475559,3.43455405,-11.8,-10.5,1.9189,531.1554116
O=C1CCc2cc(C(=O)N3C(=O)NC(=O)C34CCN(C(=O)c3cc5ccc(F)cc5[nH]c3=O)CC4)ccc2N1,0.430475559,3.422108875,-10.4,-10.2,1.9189,531.1554116
CC(NCC(=O)c1ccc(F)c(Cl)c1)c1ccncc1Cl,0.842244254,2.691470299,-7.2,-6.5,4.061,326.0388966
N[C@H]1CCCC[C@H]1NC(=O)N(C(=O)c1ccc(O)cc1)c1ccccc1,0.790213541,3.033545198,-8.9,-7.8,3.0185,353.1739416
N[C@H]1CCCC[C@H]1NC(=O)C(=O)N(C(=O)c1ccc(O)cc1)c1ccccc1,0.70361948,3.161115455,-8.5,-7.8,1.9517,381.1688562
O=C1CCCc2cc(-c3csc(NC(=O)N(O)C(=O)c4ccc5ccccc5n4)n3)ccc2N1,0.292706089,2.797119554,-10.7,-10.7,4.6966,473.1157751
C[C@@H](c1ccc2ccccc2c1)N(C)CC(=O)c1cccc(F)c1,0.625845951,2.425675468,-7.2,-8.3,4.8546,321.1528925
Nc1ccncc1N(C(=O)c1ccc(-n2cnc3ccccc3c2=O)cc1)c1ccccc1,0.454976305,2.445755949,-9.6,-9.1,4.3414,433.1538748
Cc1ccc(C2CC(=O)N(C(=O)Nc3ccc(-c4cn5ccc(C)cc5n4)cc3)C2=O)cc1,0.470414568,3.066481923,-9.8,-9.8,4.69274,438.1691906
Cc1c(C(=O)N2C(=O)NC(=O)C2(C)c2cccc([N+](=O)[O-])c2)c(O)nc2ccccc12,0.376668718,3.41062777,-10.1,-8.9,2.76442,420.1069842
NCc1ccc2c(c1)N(c1ccc([N+](=O)[O-])cc1C(=O)c1ccccc1)CCO2,0.404644764,2.340281418,-8.7,-8.3,3.815,389.1375561
O=C(NC(c1ccccc1)c1ccc(F)cc1)NS(=O)(=O)c1ccccc1-c1ccc(CO)cc1,0.348043008,2.659504826,-9.8,-8.2,4.7625,490.1362564
O=C1NC2(CCC(c3ccccc3)CC2)C(=O)N1C(=O)c1ccccc1Cc1nc2ccccc2c(=O)[nH]1,0.316590654,3.270405192,-11.6,-10.3,4.3025,506.1954053
N#Cc1ccc(CNCC(=O)c2ccc3ccccc3c2)cc1,0.731209367,1.927662161,-7,-7.2,3.68398,300.1262631
NS(=O)(=O)c1ccc(NS(=O)(=O)c2cccc3c2CCCN3)c2ccccc12,0.603024865,2.494108032,-9,-9,2.6461,417.0816981
Cc1sc2ncnc(Sc3ccccc3C(=O)Oc3ccc4onc(N)c4c3)c2c1C,0.221289423,2.716673453,-8.8,-8.4,5.40194,448.0663824
Cc1cc(F)ccc1N(Cc1cccc(C#N)c1)C(=O)Cc1ccc2c(c1)CCC(=O)N2,0.643316595,2.523139088,-9.6,-9.3,4.6664,427.1696052
NS(=O)(=O)c1ccc(N(C(=O)C(=O)O)c2c3ccccc3c(C=O)c3ccccc23)cc1,0.279620521,2.64037004,-9.4,-8.5,3.2022,448.0729072
Cc1cccc(-c2cccc(CNCC(=O)c3ccc(F)c(Cl)c3)c2)c1,0.588642996,1.980038637,-7.9,-8.5,5.42702,367.1139201
NS(=O)(=O)c1ccc2c(c1)N(C(=O)c1ccc(-c3cccc4cccnc34)o1)CCC2,0.529740717,2.495394801,-10.1,-10.2,3.7352,433.1096271
O=C(N1[C@@H](c2ccccc2)CCC[C@@H]1c1ccccc1)C1(c2ccc([N+](=O)[O-])cc2)CC1,0.364551693,3.117733312,-9.5,-8.4,6.1215,426.1943427
Cc1cccc(C(=O)N(c2ccc(O)cc2)c2c3ccccc3c(C=O)c3ccccc23)c1,0.251494523,2.462925742,-9.4,-7.4,6.79802,431.1521435
O=C(NS(=O)(=O)c1cccc2[nH]ccc12)C(=O)N1CCCc2cc(OCc3ccccc3)ccc21,0.417114434,2.58614407,-10.2,-10.3,3.5312,489.1358418
CC1CNc2ccccc2C(=O)N1S(=O)(=O)c1ccc2oc3ccccc3c2c1,0.538857,2.978238613,-9.7,-9.7,4.2311,406.0987281
O=C1CCc2cc(-c3csc(NC(C(=O)Nc4ccccc4)C(=O)c4ccc([N+](=O)[O-])cc4)n3)ccc2N1,0.127886154,3.150458374,-10.5,-9.1,4.9051,527.1263398
Nc1nc(-c2ccc3c(c2)CCC(=O)N3C(C(=O)Nc2ccccc2)C(=O)c2ccc([N+](=O)[O-])cc2)cs1,0.15584858,3.12140314,-10,-7.6,4.4699,527.1263398
O=C1Nc2ccccc2Oc2ccc(C(=O)N3C(=O)CCCc4cc(Br)c(S(=O)(=O)Cl)cc43)cc21,0.330423256,2.87816838,-11.1,-11.5,5.2443,573.960097
CS(=O)(=O)c1ccc(C(=O)CN2CCC(c3ncnc4ccccc34)C2)cc1,0.618160675,2.706375808,-8.5,-8.5,2.7055,395.1303625
Cc1sc(NC(=O)N2CCc3nc(-c4ccccc4)ncc3C2)nc1-c1cccc([N+](=O)[O-])c1,0.327442159,2.555382662,-9.8,-10.1,5.07392,472.1317595
O=C(CCc1ccc(N2CCc3cc(OCc4ccccc4)ccc3C2)cc1)Nc1ccc(Br)cc1,0.257428152,2.145995426,-9.6,-9.8,7.1621,540.1412403
Cc1ccc(N(C(=O)NC2CCN(c3ccc(C#N)cn3)CC2)C(=O)c2cccc(O)c2)cc1,0.615595118,2.598430101,-9.7,-8.2,3.9927,455.1957397
N#Cc1ccc(-c2ccc3c(c2)N(C(=O)C(=O)NS(=O)(=O)c2ccc(Oc4ccccc4)cc2)CCO3)s1,0.370512492,2.803538931,-10.4,-10.1,4.30958,545.0715273
O=C(CSCc1nc2sc3c(c2c(=O)[nH]1)CCCC3)NCc1ccc2c(c1)N(C(=O)c1ccc(-c3cccc4cccnc34)cc1)CCO2,0.183700454,3.056242579,-11.2,-10.6,6.6674,687.1973965
Cc1ccc(C2CC(=O)N(C(=O)C(=O)Nc3ccc(-c4cn5ccc(C)cc5n4)cc3)C2=O)cc1,0.367128595,3.173404546,-10.4,-9.6,3.62594,466.1641052
Nc1cccc(S(=O)(=O)NC(=O)C(=O)N(C(=O)Nc2cccc(O)c2)c2ccccc2)c1N,0.281706698,2.736375957,-9.4,-8.9,1.6268,469.1056043
O=C(NC(c1ccccc1)c1ccc(F)cc1)C(=O)NS(=O)(=O)c1ccccc1-c1ccc(CO)cc1,0.323186078,2.798798477,-9.9,-9.3,3.6957,518.1311711
O=C1NC(=O)C2(CCC(c3ccccc3)CC2)N1C(=O)c1ccccc1Cc1nc2ccccc2c(=O)[nH]1,0.400936808,3.308399038,-11,-9.9,4.3025,506.1954053
COc1cccc2c1CN(c1ccc(C(N)c3cccc(Cl)c3)cc1)CCO2,0.6903244,2.733445658,-9.1,-8.2,4.7957,394.1448057
O=C(c1ccccc1Cc1nc2ccccc2c(=O)[nH]1)N1[C@@H](c2ccccc2)CCC[C@@H]1c1ccccc1,0.295424348,3.201573501,-10.7,-10.1,6.6226,499.2259772
Nc1cccc2c1CCN(C(=O)C(=O)NC(c1ccccc1)c1cccc3ccccc13)C2=O,0.367059126,2.978240521,-9.8,-8.6,3.8527,449.1739416
O=C(CN1C(=O)CNC(c2ccccc2)c2cc(Br)ccc21)c1ccc2ccccc2c1,0.388103565,2.801027592,-10,-9.6,5.5108,484.07864
O=C(Nc1ccc(O)cc1)N(c1ccccc1)c1cc2c3c(c(=O)oc2cc1O)CCCC3,0.289041872,2.640155053,-10.2,-9,5.4532,442.1528718
O=C(Nc1ccccc1)N(c1ccc(O)cc1)c1cc2c3c(c(=O)oc2cc1O)CCCC3,0.366048474,2.644944365,-9.9,-8.6,5.4532,442.1528718
Cc1nc2ccccc2c(C(=O)N2CCc3cc(C(C)N)ccc32)c1C,0.761360745,2.723210116,-8.7,-8,4.07424,345.1841124
Cc1ccc(C(Nc2ccc(F)cc2)C(=O)OCC(=O)c2ccc3ccccc3c2)cc1,0.296185564,2.523694245,-8.9,-8.1,5.86662,427.1583718
O=C(CCc1ccc(F)cc1)Nc1ccc(N2CCc3cc(OCc4ccccc4)ccc3C2)cc1,0.311401712,2.11433084,-9.7,-9.5,6.5387,480.2213064
O=C1CCCc2cc(-c3csc(NC(=O)C(=O)N(O)C(=O)c4ccc5ccccc5n4)n3)ccc2N1,0.221069388,2.874957558,-11.2,-10.7,3.6298,501.1106897
CCC(NC(=O)C(=O)N1CCCc2cc(OCc3ccccc3)ccc21)c1cccc2ccccc12,0.347706914,2.833059301,-10,-10.6,5.9655,478.2256428
COc1ccc(Oc2ccc(S(=O)(=O)NC(=O)N3CCC(n4cnc5ccccc5c4=O)C3)cc2)cc1,0.412906081,2.850956764,-10.1,-9.3,3.5427,520.1416555
O=S(=O)(c1cc(F)cc(F)c1)N1CCc2oc(-c3ccccc3)cc2C1,0.696003405,2.416574188,-9.2,-9,3.9718,375.0740708
O=c1[nH]ccc2cc(Br)cc(N3CCN(Cc4nc5sc6c(c5c(=O)[nH]4)CCCC6)CC3)c12,0.424613219,2.847856911,-9.8,-10.1,3.7896,525.0834081
NS(=O)(=O)c1cccc2c1CCCN2C(=O)NS(=O)(=O)c1ccc(Cl)c2ccccc12,0.596620383,2.564586351,-10.9,-9.8,2.9917,479.0376404
O=C1NC[C@@H]2CNCC[C@H]2N1S(=O)(=O)c1ccc2c(c1)Cc1ccccc1-2,0.709044833,3.544308646,-9.8,-10.4,1.9498,383.1303625
NN(C(=O)C(=O)NC(c1ccc(Cl)cc1)c1cccc2ccccc12)C(=O)c1cccc2ccccc12,0.147449866,2.966177664,-10,-8.5,5.3947,507.1349692
O=C1CN(CC(=O)c2ccc3ccccc3c2)C(c2ccccc2)c2cc(Br)ccc2N1,0.370417322,2.796642977,-10.4,-9.4,5.8287,484.07864
O=c1[nH]c(CN2CCN(Cc3ccc(F)c4cccnc34)CC2)nc2sc3c(c12)CCCC3,0.497846359,2.620189816,-10.1,-10.1,3.8685,463.1842097
N#Cc1cccc([C@H]2C[C@H](NC(=O)C(=O)N(C(=O)c3ccc(N)cc3)c3cccc4cccnc34)C2)c1,0.330141188,2.854371011,-10.8,-8,3.92448,489.1800896
Cc1ccc(N(C(=O)C(=O)NC2CCN(c3ccc(C#N)cn3)CC2)C(=O)c2cccc(O)c2)cc1,0.546462022,2.7162191,-9.8,-9.1,2.9259,483.1906543
O=C(NS(=O)(=O)c1cccc2c1CCCN2)C(=O)NS(=O)(=O)c1ccc(Cl)c2ccccc12,0.459748686,2.780923989,-10.6,-9.4,2.1613,507.032555
NS(=O)(=O)c1cccc2c1CCCN2C(=O)C(=O)NS(=O)(=O)c1ccc(Cl)c2ccccc12,0.518166478,2.724201992,-10.3,-9.2,1.9249,507.032555
COc1cccc2c1CN(c1cccc(C(N)c3ccc(Cl)cc3)c1)CCO2,0.6903244,2.747020017,-9.3,-8,4.7957,394.1448057
Nc1cccc(S(=O)(=O)N(C(=O)C(=O)Nc2nnc(-c3cccc4ccccc34)o2)c2cccc(Cl)c2)c1,0.241399621,2.733501352,-11.2,-9.3,4.486,547.0717174
O=C(CN[C@@H]1C[C@H]1c1cccc2c1OCCO2)c1cccc(F)c1,0.857998426,3.167509047,-8.3,-7.7,2.9253,327.1270717
CNC(=O)c1ccc2[nH]c(=O)[nH]c(=O)c2c1.Cc1ccc2cccnc2c1C(=O)N(C)C,0.444267759,2.561164365,-6.7,-6.8,1.82102,433.1750042
Nc1cccc2c1CCN(C(=O)NC(c1ccccc1)c1cccc3ccccc13)C2=O,0.461212747,2.816036525,-10.5,-9.2,4.9195,421.179027
O=C1CCCc2cc(N3C(=O)c4cc(C(=O)O)ccc4Oc4ccccc43)c(S(=O)(=O)Cl)cc2N1,0.48741309,2.873125837,-10.4,-10.5,4.6713,512.0444996
Cc1c(C(=O)N(c2ccc(C(C)C)cc2)S(=O)(=O)c2ccccc2)nnn1-c1ccc2ncccc2c1,0.307514828,2.590373648,-9.8,-8.7,5.28302,511.1678107
NS(=O)(=O)c1cccc2c1CCCN2c1ccc(S(N)(=O)=O)c2ccccc12,0.676186683,2.471851923,-9.5,-8.7,2.2189,417.0816981
CN(C)C(=O)c1ccc2[nH]c(=O)[nH]c(=O)c2c1.CNC(=O)c1c(C)ccc2cccnc12,0.444267759,2.56445912,-7.1,-6.9,1.82102,433.1750042
O=C1CCc2cc(C(=O)N3C(=O)NC4(CCN(C(=O)c5cc6ccc(F)cc6[nH]c5=O)CC4)C3=O)ccc2N1,0.339915258,3.434608176,-11.3,-9.9,1.9189,531.1554116
Nc1cccc(N(c2cccc3c2-c2ccccc2CO3)S(=O)(=O)c2ccc(Cl)cc2)c1,0.376848818,2.585683482,-9.2,-8.9,6.0086,462.0804911
N#Cc1cccc(C(=O)CNc2cccc(Cc3ccc(Cl)cc3)c2)c1,0.622202073,2.028415951,-7.9,-8.3,5.09728,360.1029408
COc1cccc2c1CN(C(=O)NC(c1ccc(Cl)cc1)c1cccc(Cl)c1)CCO2,0.547385515,2.775936074,-9,-7.7,5.6956,456.1007479
COc1cccc2c1CN(C(=O)C(=O)NC(c1ccc(Cl)cc1)c1cccc(Cl)c1)CCO2,0.547749368,2.912209255,-9,-8.2,4.6288,484.0956625
O=C1CCCc2cc(Br)c(S(=O)(=O)N3C(=O)c4cc(C(=O)O)ccc4Oc4ccccc43)cc2N1,0.482935619,2.857981253,-11.2,-9.9,4.5635,555.993984
Cc1c(C(=O)N2C(=O)NC(C)(c3cccc([N+](=O)[O-])c3)C2=O)c(O)nc2ccccc12,0.286961638,3.287584331,-9.4,-9.2,2.76442,420.1069842
