smiles,qed,sas,gsk3b_score,jnk3_score,weight,logP
CN(C)c1ccc(C(=O)Nc2cccc(C(=O)O)c2)cc1,0.905339243,1.601636193,0.01,0.01,284.315,2.7031
COc1ccc(CNc2nc(Nc3cc(N4CCCCC4)ncc3Cl)ccn2)cc1,0.559354925,2.401137669,0.36,0.22,424.936,4.8796
COc1cccc(Nc2ncc(C(=O)Nc3ccccc3N3CCC(C(=O)O)CC3)nc2N)c1,0.415449608,2.44423248,0.31,0.14,462.51,3.3643
CNC(=O)c1cc2cc(Oc3ccc(C(=O)Nc4ccccc4)cc3)ccc2[nH]1,0.470455106,1.992573713,0.04,0.07,385.423,4.5721
O=C1NC(=O)c2c1c1ccccc1[nH]c1cc([N+](=O)[O-])ccc21,0.413804826,2.631250542,0.3,0.08,307.265,2.00258
CCCCc1nc2ccc(NC(=O)C=Cc3ccccc3)cc2n1Cc1ccc(-c2ccccc2C(=O)O)cc1,0.184143963,2.379469751,0.13,0.04,529.64,7.4443
O=C(NCCCCCCCCCCO)c1ccc2nccc(-c3ccc4ccccc4c3)c2n1,0.246103283,2.361896169,0.31,0.3,455.602,6.2929
CCNC(=O)c1ccc(-c2ccc(C(=O)Nc3ccccc3N)cc2)nn1,0.605356686,2.027150537,0.17,0.01,361.405,2.7278
COc1ccc(-c2nc(-c3ccc(C)cc3)n(-c3ccccc3)n2)cc1OC,0.499206234,1.942241733,0.03,0,371.44,4.92692
CN(C)C(=O)c1ccc(Nc2nccc(Nc3cccnc3)n2)cc1,0.746017656,2.163399313,0.6,0.54,334.383,3.0606
COc1ccc(C(=O)Nc2ccc(Cl)c(C(=O)Nc3ccc4c(c3)-c3ccccc3C(=O)N4)c2)cc1,0.265135213,2.09809826,0.09,0.02,497.938,5.8479
O=c1[nH]c2ccccc2nc1N1CCCC(Nc2ccc3[nH]ncc3c2)C1,0.522663927,2.920546725,0.37,0.06,360.421,2.8803
Cc1ccc(-c2ccc(C(=O)Nc3ccccc3N)cc2)cc1,0.700008243,1.547139074,0.04,0.01,302.377,4.49652
CCOc1ccc(CC(=O)O)cc1-c1ccc(F)c2c1CN(C(=O)OCc1ccccc1)CC2,0.520406992,2.421257857,0.01,0.01,463.505,5.2134
COc1ccc(-c2nc(-c3cccc4ccccc34)no2)cc1OCC,0.510828946,1.963262485,0.03,0,346.386,4.9641
O=C(Nc1ccc(Cl)cc1)c1cnc(Nc2ccccc2)nc1Nc1ccccn1,0.39655575,2.105615117,0.52,0.33,416.872,5.2645
COc1ccc(C(=O)CNC(=O)c2cc(C(F)(F)F)n(-c3ccccc3)n2)cc1,0.639601376,2.210138426,0.03,0.01,403.36,3.5124
CC(=O)c1ccc(NC(=O)Nc2ccc(Oc3ccnc(Nc4cccc(OC)c4)n3)cc2)cc1,0.276606593,2.193081923,0.45,0.24,469.501,5.8677
COc1ccc(-c2ccc(-c3cccc(O)c3)o2)cc1,0.766934568,1.801091127,0.08,0,266.296,4.3278
COc1ccc(-c2nc(-c3ccc(NC(=O)CN4CCCC4)cc3)sc2N)cc1,0.641769691,2.11382646,0.07,0.07,408.527,4.1022
O=C(O)c1ccc(CSc2nc(-c3ccccc3)c(-c3ccc(Br)cc3)[nH]2)cc1,0.319361447,2.110018768,0.09,0.05,465.372,6.4967
CC(=O)c1ccc(OCCCOc2ccc(C(=O)CC)cc2)cc1,0.508235744,1.766339139,0,0,326.392,4.3298
O=C(Nc1cccc2cnccc12)NC1CCCCC1,0.873239666,1.94071397,0.33,0.1,269.348,3.689
COc1ccc(C(=O)Nc2ccc(-c3cncc4ccncc34)cc2)cc1,0.5828674,1.993860723,0.31,0.12,355.397,4.5577
Cc1ccc(-c2ccccc2)cc1NC(=O)c1ccc(N2C(=O)C3=C(C(=O)CCC(C)C3)C2=O)cc1,0.397970131,2.901204524,0.08,0.08,478.548,5.47322
COc1ccc(-c2ccc3c(N4CCOCC4C)nc(N4CCOCC4C)nc3n2)cc1,0.618933374,3.412299361,0.03,0.01,435.528,3.1506
COc1ccc(C=Cc2ccccc2)cc1,0.698732402,1.451513451,0.01,0,210.276,3.8656
CC(=O)Oc1cccc(-c2cccc(-c3ccc4c(c3)NC(=O)C4=C)c2)c1,0.412472095,2.396537151,0.44,0.04,355.393,4.9112
Cc1ccc(-c2cnc(Nc3ccc(N4CCNCC4)cc3)o2)cc1,0.759888478,2.229700093,0.37,0.28,334.423,3.80322
CCN(CC)C(=O)C(c1cccc(C(=N)N)c1)c1ccccc1,0.635948869,2.588829382,0.01,0,309.413,2.97097
COc1ccc(CNc2nc(Nc3cc(N4CCN(C)CC4)ncc3Cl)ncc2OC)cc1,0.512774454,2.533529466,0.42,0.29,469.977,3.6497
CCCC(=O)Nc1nc(-c2ccccc2)nc(Nc2ccc3ccccc3c2)n1,0.479828812,2.103425284,0.09,0.09,383.455,5.174
O=C(Nc1ccc(Cl)cc1C(=O)Nc1ccc(Cl)cn1)c1ccc(Br)cn1,0.564108836,2.148455314,0.05,0.03,466.122,5.0505
COc1ccc(CNC(=O)c2ccc(Nc3ccc(N4CCNCC4)cc3)cc2)cc1,0.547111138,1.969981303,0.02,0.03,416.525,3.7784
COc1ccc(NC(=O)Nc2ccc(-c3ccc4c(c3)C3(C)CCC(C3)N4C)cc2)cc1,0.516168467,3.823517759,0.06,0.04,427.548,6.2662
Cc1cc(Nc2nccc(-c3cnn4ncccc34)n2)ccn1,0.626382821,2.681303574,0.96,0.31,303.329,2.63332
CC(=O)c1cnc2ccc(-c3cc(F)c(O)c(Cl)c3)cc2c1Nc1ccc(N2CCOCC2)nc1,0.351607201,2.67187637,0.24,0.22,492.938,5.5777
O=C(NCCc1cn(-c2ccccc2)nc1-c1ccccc1)c1ccccc1,0.54490347,1.851692253,0.04,0.01,367.452,4.5118
CNC(=O)C(Cc1ccccc1)NC(=O)C(Cc1ccccc1)NC(=O)CCc1ccccc1,0.413837585,2.651682422,0,0.01,457.574,2.8202
CC1(C)CC(=O)c2cc(O)ccc2O1,0.684552293,2.356699209,0.02,0,192.214,2.136
COc1cccc(-c2c(O)nc3cc(Cl)c([N+](=O)[O-])cc3c2OCCC2CCCCC2)c1,0.320630357,2.667312545,0.11,0.06,456.926,6.5268
CC(=O)NC(C)c1ccc(OC2CCN(c3ccnc(Nc4ccccc4)c3)C2)cc1,0.585414723,2.987760826,0.13,0.44,416.525,4.68
CC(C)CC(NC(=O)C(Cc1ccccc1)NC(=O)C(CC(=O)O)C(=O)O)C(=O)Nc1ccccc1,0.264587115,3.172002412,0.02,0.01,497.548,2.059
COc1ccc(-c2ccc(C(=O)Nc3ccc(CN4CCC(O)CC4)cc3)cc2)cc1,0.617910243,1.857583704,0.01,0.01,416.521,4.5712
COc1ccc(-n2nc(C(N)=O)c3c2-c2cc(NC(=O)c4ccccc4Cl)ccc2CC3)cc1,0.441247516,2.33600409,0.08,0.04,472.932,4.6511
COc1ccc(C(=O)Nc2nc3ccccc3n2-c2ccccc2)cc1,0.60138941,1.81909123,0.01,0,343.386,4.2864
COc1cc(OC)cc(N(CC=Cc2ccccc2)c2nc3ccccc3cc2OC)c1,0.33996076,2.549924025,0.05,0.01,426.516,6.1121
Cc1cc(Nc2cc(N3CCOCC3)nc(Nc3ccccc3)n2)[nH]n1,0.650913955,2.64549942,0.35,0.06,351.414,2.83192
CC(=O)Nc1ccc(-c2nc(Nc3ccc(N4CCOCC4)cc3)no2)cc1,0.702674092,2.212478652,0.1,0.2,379.42,3.2752
COc1cc(NC(=O)c2ccc(C)c(Nc3nccc(-c4cnc(N5CCCC5)nc4)n3)c2)cc(OC)c1OC,0.303448989,2.588893907,0.53,0.45,541.612,4.86392
COc1ccc(-c2ccccc2C(=O)Nc2ccc(-c3ccccc3N)cc2)cc1,0.416534141,1.799782786,0.06,0.02,394.474,5.8637
COc1ccc(-c2ccc3c(c2)Nc2ccccc2NC3=O)cc1,0.722008455,2.006317419,0.79,0.06,316.36,4.6715
COc1ccc(-c2ccc3cnc(Nc4ccc(N5CCNCC5)cn4)nc3n2)cc1,0.515559011,2.528273938,0.3,0.33,413.485,3.2486
CC(=O)N1CCC(c2ccccc2)(c2nccc(-c3cccnc3)n2)CC1,0.719297546,2.476819827,0.34,0.07,358.445,3.467
CN(C)CC1CCC(Nc2c(C(=O)C(C)C)cnc3ccccc23)CC1,0.770667575,2.430565211,0.04,0.05,353.51,4.6058
COc1ccc(C(=O)Nc2ccc(Cl)c(C(F)(F)F)c2)cc1Nc1ncnc2[nH]cnc12,0.384024608,2.544832512,0.27,0.21,462.819,5.0296
COc1ccc(C(=O)Nc2ccc(-c3ncccc3C(=O)O)cc2)cc1,0.733694059,1.756378346,0.08,0.03,348.358,3.7077
COc1cc(C(=O)NC(=N)Nc2ccc(C(=O)O)cc2)cc(NC(=O)c2ccc(Cl)cc2)c1,0.27368476,2.292505427,0,0.01,466.881,4.07577
COc1ccc(NC(=O)Nc2ccc(-c3nc(N4CCOCC4)c4ncccc4n3)cc2)cc1,0.464486894,2.2608594,0.14,0.12,456.506,4.181
COc1ccc(-c2nc(-c3cccc4ccccc34)oc2N)cc1,0.592108873,2.085098079,0.16,0,316.36,4.7526
CN(C)CC(=O)Nc1ccc(-c2nc3ccccc3n2C(=O)c2ccc(Cl)cc2)cc1,0.502225681,2.159489018,0.01,0.01,432.911,4.5453
O=C1NCCN1c1ccc(Nc2nccc(-c3cnc(N4CCCC4)c(C#N)c3)n2)cc1,0.644095122,2.648760269,0.52,0.61,426.484,3.28368
O=C1NC(=O)c2c1c(-c1ccccc1Cl)cc1[nH]c3ccccc3c21,0.49747784,2.365535852,0.81,0.2,346.773,4.5251
COc1ccc(-n2nc(C(C)(C)C)cc2NC(=O)Nc2ccc(Oc3ccnc(Nc4ccccc4)n3)cc2)cc1,0.188248468,2.520547113,0.46,0.28,549.635,7.1483
COc1ccc(Nc2nccc(Nc3ccccc3[N+](=O)[O-])n2)cc1OC,0.477762798,2.152255033,0.67,0.5,367.365,3.8892
COc1ccc(CNC(=O)c2ccc(-c3nc(C)c(CC(=O)O)c4ccccc43)o2)cc1,0.451490511,2.322187271,0.03,0.01,430.46,4.36892
O=C1NC(=O)C(=Cc2ccc(-c3ccc(Cl)cc3)cc2)S1,0.838937599,2.013269774,0.6,0.19,315.781,4.3309
CC(=O)c1cn(CC(=O)Nc2ccc(Cl)c(Cl)c2)c(=O)cc1-c1cc(Cl)ccc1Cl,0.45421382,2.309111556,0.04,0.02,484.166,5.9702
N#Cc1cccc(-c2cncc(Nc3ccc4c(c3)CCC(c3ccccc3)O4)n2)c1,0.463627844,2.913599751,0.35,0.23,404.473,5.82518
CC(C)(C)c1ccc(NC(=O)c2ccc(Nc3nccc(-c4cccnc4)n3)cc2)cc1,0.421979073,2.118544351,0.62,0.61,423.52,5.832
CCOc1ccc(-c2ccc(-c3ccc(CC(=O)O)cc3)cc2)cc1OC,0.638542372,1.756495992,0.01,0.03,362.425,5.055
Oc1ccc(-c2nnc(Nc3ccccc3)o2)cc1,0.749653628,1.902226141,0.73,0.08,253.261,3.1858
COc1ccc(-c2ccc3nccc(Nc4ccc(N5CCOCC5)cc4)c3n2)cc1OC,0.455722109,2.299728436,0.27,0.37,442.519,4.8942
CCCN(CCC)C(=O)c1ccc(C(=O)Nc2ccc(C(=O)O)cc2)cc1,0.739750224,1.815025039,0.01,0,368.433,3.8993
COc1ccc(-c2nc3ccc(Nc4ccccc4)cc3n2C(=O)CCN)cc1,0.511736189,2.276055581,0.1,0.13,386.455,4.4445
CSc1ccc(C#Cc2ccc(C(=O)Nc3ccccc3N)cc2)nc1,0.420707947,2.321095951,0.13,0.04,359.454,4.0378
N#Cc1ccc(Nc2nc(NC3CCCCCCC3)c3ncccc3n2)cc1,0.6572788,2.330760835,0.36,0.16,372.476,5.16488
COc1ccc(Nc2ncc(-c3ccccc3)n2-c2ccccc2)cc1,0.535821168,1.94508903,0.25,0.33,341.414,5.2915
COc1ccc(CNc2nc(NCc3ccccn3)cc(Nc3cc(N4CCOCC4)ccn3)n2)cc1,0.295854195,2.631878483,0.19,0.22,498.591,4.0796
O=C(Nc1ccc(C(=O)Nc2ccccc2C(=O)Nc2ccc(Cl)cn2)cc1)c1ccccc1,0.346508789,1.913626147,0.06,0.08,470.916,5.4919
COc1ccc(C2(c3cccc(-c4ccccc4)c3)N=C(N)N3CCCOCC3)cc2cn1,0.577938529,4.555216528,0.06,0.03,440.547,4.0245
COc1ccc(Nc2ncc(C(=O)Nc3ccccc3N3CCC(C)(C)CC3)nn2)cc1,0.592267259,2.452018431,0.37,0.32,432.528,4.5025
Cc1ccc(C(=O)Nc2cc(C(C)(C)C)on2)cc1Nc1ncnc2cnc(Nc3ccccc3)nc21,0.269771758,2.682208991,0.46,0.28,494.559,5.75322
CN1CCC(N=C(O)c2ccc(-c3noc(C(F)(F)F)n3)cc2)CC1,0.676946148,2.765176731,0.05,0,354.332,3.1542
COc1ccc(-c2cnn(-c3ccccc3)c2-c2ccccc2)cc1,0.514254014,1.823337931,0.1,0.04,326.399,5.2149
CC(=O)Nc1ccc(-c2n[nH]c3ccc(-c4nc[nH]n4)cc23)cc1,0.540472294,2.667293244,0.47,0.29,318.34,2.9734
CC(=O)Nc1ccc(-c2ccc3ncnc(Nc4cccc(OC)c4)c3c2)cc1,0.505924262,2.002272614,0.41,0.32,384.439,5.0074
COc1ccc(CC(=O)O)cc1-c1ccc(F)c2c1CN(C(=O)C=Cc1ccccc1)CC2,0.557511732,2.476918296,0.01,0,445.49,4.7265
CN(C)C(=O)c1cccc(-c2n[nH]c3ccc(-c4nc[nH]n4)cc23)c1,0.603366943,2.786376236,0.49,0.34,332.367,2.7168
O=C1NC(=O)c2c1c1ccc3ccccc3c2[nH]1,0.620074353,4.089045447,0.58,0.11,236.23,-0.24012
COc1ccc(C(=O)Nc2cc(F)c(C3(C)CS(=O)(=O)C4(CCCC4)C(=N)N3)cc2)nc1,0.644971949,4.2327888,0.05,0.08,460.531,3.00487
CN(C)C(=O)c1ccc(Nc2nccc(Nc3ccccc3)n2)cc1,0.745428048,1.969139698,0.71,0.53,333.395,3.6656
Cc1cc(Nc2cc(Nc3cccc(Br)c3)ncn2)ccn1,0.724173462,2.323763501,0.35,0.39,356.227,4.42972
O=C1Nc2ccc(Cl)c3c2C1=Cc1ccc(-c2cnc4ccccc4c2)cc1-3,0.340434075,2.471967395,0.59,0.26,380.834,6.4273
CCC(Nc1ccc(CNC(=O)C(C)(C)C)cc1)c1ccccc1,0.792253914,2.359748963,0.02,0.01,324.468,4.9121
COc1cccc(Nc2nc(Nc3ccccc3)ncc2[N+](=O)[O-])c1,0.519523654,2.056880082,0.73,0.41,337.339,3.8806
Cc1nn(Cc2ccc(-c3nc4ccccc4n3-c3ccccc3)cc2)c(C)c1C(=O)O,0.419708052,2.18643415,0.05,0.02,422.488,5.25234
CC(C)C(NC(=O)Cn1c(-c2ccccc2)ccc(NC(=O)OCc2ccccc2)c1=O)C(=O)C(=O)NC(C)C,0.315175958,3.008166563,0,0.04,546.624,3.4985
COc1ccc(CNc2nc(Nc3ccccc3)ncc2[N+](=O)[O-])cc1,0.493470281,2.04239872,0.67,0.24,351.366,3.7491
CC(C)CC(NC(=O)C(Cc1ccccc1)NC(=O)C(CC(=O)Nc1ccc(N)cc1)C(=O)NC(CC(C)C)C(=O)O)C(=O)O,0.10107126,3.712889396,0.04,0.01,625.723,2.1721
COc1ccc(C(=O)Nc2ccccc2C(=O)Nc2ccc(-c3ccccc3)cc2)cc1,0.408518881,1.681204422,0.08,0.03,422.484,5.8668
CCCCCCCCCCCCCCCCCCC(=O)OCC1=C(c2ccc3c(c2)OCO3)C(=O)OC1=O,0.098637616,2.749670233,0.08,0,528.686,7.4471
COc1ccc(-c2nn(-c3ccccc3)cc2N=C(O)c2cnn3cccnc23)cc1,0.345969062,2.678417482,0.2,0.09,410.437,4.2269
O=C1NC(=O)C(=Cc2ccc(-c3cccc(O)c3)c(Cl)c2)S1,0.815082554,2.320727327,0.66,0.26,331.78,4.0365
COc1ccc(-c2cc3ncccc3c(NCc3ccncc3)n2)cc1,0.585414853,2.062261657,0.34,0.05,342.402,4.3125
Cc1ccc(-c2cc(F)ccc2-c2ccc(F)c(NS(=O)(=O)c3ccc(N)cc3)c2)cn1,0.398824267,2.294460204,0.25,0.17,451.498,5.38522
CC(C)C(NC(=O)Cn1c(-c2ccccc2)ccc(NC(=O)CCN)c1=O)C(=O)C(=O)NC1CC1,0.348304037,3.011441172,0.02,0.05,481.553,0.7911
CC(=O)NC(C)c1ccc(OC2CCN(c3ccnc(N4CCCC4)n3)C2)cc1,0.810989978,3.095127868,0.09,0.09,395.507,2.9316
COc1ccc(-c2ccc(Nc3ncccc3Nc3ccccc3N)[nH]2)cc1,0.35190353,2.476852385,0.48,0.51,371.444,5.1547
CC(C)(C)c1ccc(-c2ccc(C(=O)Nc3ccccc3N)cc2)cc1,0.617658777,1.739479015,0.06,0.01,344.458,5.4856
COc1ccc(Nc2nc(-c3ccccc3)nc(NC(=O)c3ccccc3)n2)cc1,0.496406066,1.935087145,0.11,0.21,397.438,4.5431
O=C(Nc1ccc(OC(F)(F)F)cc1)c1cnc(N2CCC(O)C2)c(-c2cnco2)c1,0.634340816,3.095363768,0.13,0.06,434.374,3.4585
COc1ccc(-c2nnc(-c3ccccc3)n2-c2ccncc2)cc1,0.567946562,1.912286371,0.26,0.02,328.375,4.0049
COc1cc(C(=O)NC(=N)Nc2cccc(C(F)(F)F)c2)cc(N2CCOCC2)c1,0.519905037,2.551109198,0,0.02,422.407,3.32727
O=C(Nc1ccc(Cl)cc1)c1ccccc1-n1nccn1,0.807685915,1.978932145,0.09,0.09,298.733,3.173
COc1ccc(-c2ccc(C(=O)NCC(C)(C)C)cc2NC(=O)Nc2cccc3[nH]ncc23)cc1,0.290989004,2.399122454,0.5,0.11,471.561,5.6584
Oc1ccc(-c2ccc3c(c2)C=CSC(=O)N3)cc1,0.810700528,2.727590202,0.29,0.03,269.325,4.3086
O=c1[nH]c2ccc(Cl)cc2nc1-c1ccc(Nc2ccccc2)cc1,0.548749844,1.951067675,0.4,0.27,347.805,4.9871
COC(=O)C(=O)c1cccc(-c2ccc(CCNC(=O)c3ccc(C(F)(F)F)cc3)cc2)c1,0.318512003,2.141299407,0.09,0.05,455.432,4.7006
COc1ccc(Nc2nccc(-c3cccnc3Nc3ccccc3)n2)cc1,0.496344545,2.048182521,0.72,0.38,369.428,5.0344
O=C1NC(=O)C(=Cc2ccc(-c3ccccc3)cc2)S1,0.854122807,1.941004124,0.58,0.23,281.336,3.6775
CNC(=O)c1ccc(-c2nc(Nc3cccc(N4CCOCC4)c3)n[nH]2)cc1,0.631115106,2.28499535,0.29,0.18,378.436,2.4115
COc1ccc(NC(=O)c2ccc(F)c(Nc3ncnc4cnc(Nc5ccccc5)nc34)c2)cc1C(F)(F)F,0.202072037,2.60262699,0.54,0.5,549.488,6.3258
COc1ccc(-c2nc(-c3ccc4c(c3)OCCN4)c(-c3ccc(Cl)cc3)nn2)cc1,0.471024738,2.429959663,0.23,0.11,430.895,5.3389
CC(C)c1c(N(Cc2ccc(F)c(C(F)(F)F)c2)S(=O)(=O)c2ccc(C(=O)O)cc2)ncc2ccccc12,0.263723714,2.677804458,0.07,0.06,546.542,6.6098
CCOc1ccc(Nc2ncc(C(=O)NC3CCOCC3)c(NC3CCCCC3)n2)cc1,0.564944235,2.412518371,0.47,0.24,439.56,4.2723
O=C(NCCCN1CCCCC1)c1ccc2ccccc2c1,0.857201579,1.702176138,0.02,0,296.414,3.4456
COc1ccc(C(=O)Nc2cc(-c3ccccc3)cn2-c2ccncc2)cc1,0.549685753,2.205867957,0.2,0,369.424,4.8002
COc1cc(C(=O)NCCNc2c3c(nc4ccccc24)CCCC3)ccn1,0.645367065,2.358862892,0.07,0.03,376.46,3.3591
O=C1NC(=O)C(=Cc2ccc(-c3ccc(Cl)cc3)c(Br)c2)S1,0.721387299,2.270648915,0.61,0.22,394.677,5.0934
O=C(Nc1ccc2ncccc2c1)c1ccc(-c2nnc(C(F)(F)F)o2)cc1,0.560229659,2.216052352,0.13,0.03,384.317,4.5559
COc1ccc(-c2ccc(C(=O)Nc3ccc4c(c3)C(C3CCCC3)CC4)cc2)cc1,0.499322971,2.497599336,0.04,0.01,411.545,6.8345
O=C(NC1CCCCC1)c1ccccc1-c1ccccc1,0.885209153,1.577331958,0.01,0.02,279.383,4.4161
CN(C)C(=O)c1ccc(Nc2nccc(Nc3cccc(C(F)(F)F)c3)n2)cc1,0.649465627,2.219340135,0.72,0.52,401.392,4.6844
CC(C)(C)c1ccc(Nc2ncc(C(=O)Nc3ccccc3N3CCC(C(=O)O)CC3)nc2N)cc1,0.393878925,2.530871504,0.31,0.22,488.592,4.6532
CC(C)c1ccc(-c2cccc(C(=O)O)c2)cc1,0.873573006,1.523656657,0.05,0.04,240.302,4.1752
CN(C)C(=O)c1cc2cnc(Nc3ccc(N4CC5CCC(CC5)O4)nc3)nc2n(C)c1=O,0.647695331,3.894486023,0.43,0.27,449.515,2.4793
O=C(Nc1ccc(Cl)cc1)c1ncccc1NCc1ccncc1,0.737693982,1.997819837,0.2,0.28,338.798,3.9944
Cn1cc(-c2ccc(-c3cnccc3)cc2)nn1,0.68641355,2.050929795,0.28,0.03,236.278,2.5441
O=C1NC(=O)C(=Cc2ccc(-c3ccccc3)cc2)S1,0.854122807,1.941004124,0.58,0.23,281.336,3.6775
CCC(=O)Nc1ccc(Cl)c(-c2[nH]c(C3CCCCC3)nc2-c2ccncc2)c1,0.528395772,2.435170965,0.3,0.15,408.933,6.1883
Cc1cc(-c2ccccc2)cc(-n2nc(C(=O)Nc3cnccc3N3CCCCC3)c3ncccc32)n1,0.354219535,2.699707742,0.2,0.1,489.583,5.42852
COc1ccc(-c2nn(C(C)C)c3ncnc(Nc4ccccc4)c23)cc1,0.552966661,2.229645488,0.4,0.24,359.433,4.8264
COc1ccc(-c2oc3ncnc(Nc4cccc(Cl)c4)c3c2OC)cc1,0.505253268,2.353756731,0.45,0.19,381.819,5.304
Cc1cncc(-c2ccnc(Nc3ccc(N4CCOCC4)cc3)n2)c1,0.780078526,2.239474445,0.78,0.72,347.422,3.42722
CC(=O)c1ccc(C(=O)Nc2cccc(-c3cc(N4CCOCC4)nc(N4CCOCC4)n3)c2)cc1,0.529484299,2.37667623,0.03,0.02,487.56,3.2717
CC(=O)Nc1cccc(-c2nc(Nc3cccc4ccccc34)[nH]n2)c1,0.515013777,2.195954388,0.34,0.16,343.39,4.3269
O=C(Nc1ccccc1C(=O)Nc1ccccc1)c1ccccc1,0.757949517,1.40228687,0,0,316.36,4.1912
COc1ccc(-c2nc(Nc3ccccc3)nc(NCCOC)n2)cc1,0.602357381,2.031649732,0.2,0.15,351.41,3.3491
COc1cc(Nc2nccc(-c3cnc(Nc4ccccc4)nc3)n2)cc(OC)c1,0.470254143,2.276316166,0.84,0.57,400.442,4.438
COc1cc(CNC(=O)c2ccc(-c3ccccc3)cc2)ccc1OCCNC(=O)CN(C)C,0.428330597,2.038912734,0.01,0,461.562,3.3488
NC(=O)c1ccc(-c2cccc3c(Nc4ccccc4)ccnc23)cc1,0.563903033,1.933070583,0.45,0.21,339.398,4.7443
CC(C)(C)c1ccc(S(=O)(=O)Nc2ccc3c(c2)C(=O)c2ccccc2-3)cc1,0.534683725,2.024232397,0.06,0.01,391.492,4.9963
O=C(c1ccc(-c2ccc(F)cc2)cc1)N1CCCNC1,0.91939063,2.024692549,0.05,0.03,284.334,2.8857
CC(=O)c1ccc(Nc2nccc(Nc3ccccc3-c3nc(-c4ccc(C(C)(C)C)cc4)no3)c2)cc1,0.218985941,2.481769559,0.15,0.47,503.606,7.7859
COc1ccc(C(=O)Nc2cccc(CNc3ncnc4c(C(N)=O)cccc34)c2)cc1,0.414577525,2.133863916,0.2,0.12,427.464,3.6017
COc1ccc(-n2c(C)nc3c(NCC(c4ccccc4)c4ccccc4)ncnc32)cc1,0.371979165,2.3547462,0.31,0.02,435.531,5.37652
O=C1NC(=O)c2c1c1c3ccccc3[nH]c1c1[nH]c3ccccc3c21,0.378291686,2.491998971,0.88,0.38,325.327,3.8392
COc1ccc(-c2nc(-c3ccc(C)c(C)c3)c3n2CC(C)OCC3)cc1,0.671151336,2.949340521,0.06,0.03,362.473,4.80374
Cc1ccc(Nc2nccc(Nc3ccccc3)n2)cc1,0.746728862,1.784684811,0.63,0.33,276.343,4.27222
COc1ccc(C(=O)Nc2ccc(F)c(C3(C)CC(C(F)(F)F)OC(=N)N3)c2)nc1,0.649937038,3.828096145,0.04,0.06,426.37,3.57237
N#Cc1cc(-c2ccnc(Nc3ccncc3)n2)ccc1OC1CCOCC1,0.728471349,2.536186043,0.67,0.5,373.416,3.71168
COc1ccccc1Nc1ncc(C(=O)Nc2cc(N(C)C)ccn2)s1,0.690979621,2.356657764,0.15,0.28,369.45,3.6086
Cc1ccc(C(=O)Nc2cc(N(C)CCN(C)C)cc(C(F)(F)F)c2)cc1Nc1ncnc2cnc(NCCCN(C)C)nc12,0.17362858,3.061112223,0.38,0.18,624.716,5.10432
CNCC(O)C(c1ccccc1)n1ccc2ccccc21,0.753859628,2.919819078,0,0,280.371,2.811
COc1ccc(NC(=O)Nc2cccc(-c3cncnc3)c2)cc1,0.766465922,1.86236687,0.34,0.05,320.352,3.7962
Cc1ccc(-c2ccc(C(=O)N(C)C)cc2N2CCN(C(=O)CCC(=O)O)CC2)c([N+](=O)[O-])c1,0.48932471,2.455791018,0.01,0.03,468.51,2.78542
CCCN(CCC)C(=O)c1ccc(N(c2ccccc2)C2=NCC(=O)C2=O)cc1,0.675920656,2.66689813,0.03,0.01,391.471,3.6372
COc1ccc(-c2ccnc(Nc3ccc(C(=O)Nc4ccccc4N4CCCC4)cc3)n2)cc1,0.361893808,2.113056557,0.62,0.49,465.557,5.7483
COc1ccc(C(=O)Cn2ccnc2)cc1OCCN1CCCCC1,0.68983534,2.17888622,0.06,0,343.427,2.6393
CCN(CC)CCNC(=O)c1ccc(Nc2ncc(Cl)c(Nc3cc(C4CC4)n[nH]3)n2)cc1,0.331916386,2.793133517,0.51,0.38,468.993,4.2893
O=C(Nc1ccc(C(=O)Nc2ccccc2Nc2ccnc3[nH]cnc23)c(-c2ccccc2)n1)C1CC1,0.243792565,2.653294381,0.43,0.24,489.539,5.3643
CC(=O)Nc1cccc(-c2ccc3nccnc3c2)c1,0.771730712,1.862446299,0.19,0.16,263.3,3.2552
CN(C)C(=O)c1ccc(-c2nc(C(=O)Nc3cnccc3C3CC(N)C(F)CO3)ccc2F)cc1,0.578320799,3.833373266,0.22,0.12,481.503,3.3636
CC(C)C(C(=O)NCCc1ccc(C(F)(F)F)cc1)c1ccccc1,0.797065839,2.413704809,0.01,0,349.396,4.8039
COc1ccc(Nc2ncc(C(N)=O)c(Nc3cc(N4CC5CCC(C4)O5)ccn3)n2)cc1,0.500773233,4.085756155,0.54,0.47,447.499,2.8339
COc1ccc(-n2c(C)nc3ccccc32)cc1NC1CCC(N)CC1,0.745657696,2.279407951,0.08,0.02,350.466,4.02432
CN1CCC(COC(=O)c2cc(OC)c(OC)c(OC)c2)CC1,0.748275214,2.053612369,0.01,0,323.389,2.211
OC(=NCc1ccc(Cl)cc1Cl)C1CCOc2ncsc21,0.660657995,3.731265922,0.06,0.02,343.235,4.4727
COc1ccc(-n2nc(C(N)=O)c3c2-c2cc(NC(=O)c4ccccc4Cl)ccc2CC3)cc1,0.441247516,2.33600409,0.08,0.04,472.932,4.6511
Cc1ccc(-c2noc(C3CC(F)(F)C3)n2)cc1N=C(O)c1cnc2ccccn12,0.38477839,3.148942449,0.14,0.04,409.396,4.84172
Cc1cccc(-n2nc(C(C)(C)C)cc2NC(=O)Nc2ccc(Nc3ccccn3)cc2)c1,0.341889987,2.306626806,0.23,0.2,440.551,6.26082
CC(C)C(=O)Nc1ccc(-c2nc3ccccc3n2-c2ccncc2)cc1,0.577341789,2.05031827,0.15,0.05,356.429,4.682
COc1ccc(-c2ccc(C(N)=O)c3[nH]c4cc(C(=O)Nc5ccccc5)ccc4c23)cc1,0.347185027,2.163044284,0.24,0.06,435.483,5.3479
O=C1NC(=O)C(=Cc2ccc(-c3ccccc3)cc2)S1,0.854122807,1.941004124,0.58,0.23,281.336,3.6775
CC(=O)Nc1ccc(Nc2ccc(-c3cccc4cnccc34)cc2)cc1,0.501697541,1.906013011,0.38,0.3,353.425,5.6038
O=C1NC(=O)c2c1c1cc(-c3ccccc3)ccc1[nH]2,0.662246009,2.237390596,0.71,0.17,262.268,2.7185
CC(=O)Nc1nc(NCc2ccccc2)nc(-c2ccco2)n1,0.752451185,2.194231621,0.02,0,309.329,2.7021
Cc1nc(-c2cnc3[nH]ncc3c2)c2cnn(C(C)C)c2n1,0.613812963,2.821844236,0.5,0.21,293.334,2.65392
COc1ccc(-n2nc(C(N)=O)c3c2-c2cc(NC(=O)c4ccccc4Cl)ccc2CC3)cc1,0.441247516,2.33600409,0.08,0.04,472.932,4.6511
CCC(C)C(N)C(=O)N1C(=O)N(c2cccc(N)c2)C2=C1C(=O)CC2,0.814673671,3.707125915,0.01,0,342.399,1.3637
Cc1ccc(Nc2ccc(Nc3ncccc3N=C(O)C=Cc3ccccc3)cc2)cc1,0.218740635,2.482456178,0.03,0.09,420.516,7.17862
CC(=O)c1ccc(-c2cnc(N)c(-c3ccc(C(O)=NC(C)C)cc3)c2)cc1,0.377589455,2.397853107,0.34,0.13,373.456,4.9134
CN(C)C(=O)n1cc(-c2cnc3ccccc3c2)cn1,0.680012982,2.435940087,0.21,0.19,266.304,2.628
CNCC(=O)Nc1ccc(-c2nc(N3CCOCC3)c3ccnn3c2)cc1,0.710024966,2.519110188,0.06,0.02,366.425,1.3908
O=C(Nc1cnccc1Nc1ccccc1)Nc1ccccc1,0.665990915,1.804231176,0.11,0.14,304.353,4.4692
CC(=O)Nc1ccc(-c2nc(N3CCOCC3)c3cnn(-c4ccccc4)c3n2)cc1,0.551685901,2.250378091,0.04,0.1,414.469,3.2775
CC(=O)c1cnc2ccc(-c3cc(F)c(O)c(Cl)c3)cc2n1,0.725854441,2.374883509,0.12,0.15,316.719,3.9975
Cc1cccc(-c2[nH]c(CNc3ccc(C(=O)NC)cc3)nc2-c2ccc3ncnnc3c2)c1,0.355399923,2.642476197,0.31,0.17,449.518,4.36202
O=C(Nc1nccs1)c1ncc(-c2cccnc2)s1,0.804313736,2.468180262,0.17,0.04,288.357,2.9139
CC(C)C(=O)Nc1ccc(-c2nc(N3CCOCC3)c3cnn(C4CCNCC4)c3n2)cc1,0.618154348,2.646167488,0.21,0.08,449.559,2.8489
Cc1ccc(C(=O)Nc2ccc(CN3CCOCC3)c(C(F)(F)F)c2)cc1Nc1ncnc2cnc(NCc3ccccc3)nc12,0.175776696,2.82737574,0.35,0.19,628.659,6.18722
N#Cc1ccc(-c2nccnc2C2CN(c3ncc4ccccc4n3)C2)cc1,0.55298838,2.538660265,0.14,0.16,364.412,3.56228
COc1ccc(-n2nc(C(N)=O)c3c2-c2cc(NC(=O)c4ccccc4)ccc2CC3)cc1,0.49199066,2.254807847,0.08,0.01,438.487,3.9977
CCN(CC)C(=O)c1ccc(-c2cnc3ccccn23)cc1,0.738253287,2.084793687,0.11,0.01,293.37,3.4833
COc1ccc(-c2ccc(C(=O)Nc3ccccc3N)cc2)cc1,0.708716573,1.568300363,0.05,0,318.376,4.1967
O=C(Nc1ccc(Cl)cc1)c1ccc(-c2n[nH]c3ccccc23)cc1,0.539049786,1.790158296,0.43,0.24,347.805,5.1356
O=C(Nc1ccc(-n2ccccc2=O)cc1)c1cccc(Cl)c1,0.797511568,1.782657955,0.03,0.01,324.767,3.7432
COc1ccc(Nc2ncc(C(=O)Nc3ccccc3CNC(=O)Cc3ccccc3)s2)cc1,0.318607779,2.172979694,0.05,0.15,472.57,5.0065
Cc1ccc(-c2nc(-c3cccc4ccccc34)[nH]n2)cc1OC,0.600457426,2.062619837,0.3,0.05,315.376,4.60892
Cc1ccc(-c2ccccc2)cc1Nc1nccc(-c2cnc3ccccn23)n1,0.448588038,2.296609644,0.6,0.51,377.451,5.51032
COc1ccc(C(=O)Nc2cc(-c3ccccc3)ccn2)cc1OC,0.765466337,1.744289698,0.19,0.33,334.375,4.0181
CC(=O)c1c(NC(=O)Nc2ccc(N3CCOCC3)cc2)nn(-c2ccc(Cl)cc2Cl)c1-c1ccccc1,0.266745499,2.536718465,0.06,0.03,550.446,6.5293
COc1ccc(-c2n[nH]c3ccc(-c4cnn(C)c4)cc23)cc1OC,0.618599885,2.249201236,0.56,0.17,334.379,3.6476
COc1ccc(CNC(=O)c2ccc(-c3cncc(C)c3)cc2)cc1OC,0.719852039,1.875064024,0.15,0.02,362.429,4.00422
CC(=O)c1ccc(-c2nc(-c3cccc4ccccc34)on2)cc1,0.511575306,1.862825771,0.06,0.01,314.344,4.7594
COc1ccc(-n2c(C(C)=O)cc3ccccc32)cc1OC,0.686382239,2.011288121,0.04,0,295.338,3.8503
N#Cc1cnc2ccc(-c3ccc(Cl)c(Cl)c3)nc2n1,0.684166924,2.446300411,0.25,0.15,301.136,3.87028
COc1ccc(Nc2ncc3c(n2)-c2ccccc2C3=O)cc1,0.62784842,2.01534758,0.53,0.47,303.321,3.4402
COC(=O)c1ccc2c(c1)C(=Cc1ccc(Cl)cc1)C(=O)N2,0.680290372,2.023247179,0.75,0.33,313.74,3.6193
COc1ccc(CNC(=O)c2cc(-c3cncc(-c4ccccn4)n3)ccn2)cc1,0.535233047,2.25850655,0.24,0.11,397.438,3.5392
CC(C)(C)c1ccc(NC(=O)Nc2ccc(-c3cccc4cnccc34)cc2)cc1,0.39872979,2.004782441,0.55,0.27,395.506,6.8433
O=C(Nc1ccc(Cl)cc1)c1ccc(-c2noc(C(F)(F)F)n2)cc1,0.730613218,2.007206621,0.08,0.02,367.714,4.6611
CC(C)(C)C(=O)CN1C(=O)C(NC(=O)c2ccc3ccccc3c2)CC1=O,0.841929106,2.715850239,0.02,0.04,366.417,2.3123
CC(C)C(=O)Nc1nc(-c2ccccc2)nc(NC(=O)c2ccccc2)n1,0.725975044,2.008039249,0.08,0,361.405,3.3854
Cc1ccc(NC(=O)c2cccc(C(F)(F)F)c2)cc1Nc1ncnc2cnc(Nc3ccc(N4CCOCC4)cc3)nc12,0.197221154,2.731618289,0.42,0.47,600.605,6.32312
COc1ccc(C(=O)Nc2cccc(C(=O)O)c2)cc1OC,0.886514626,1.539402046,0,0.01,301.298,2.6543
COc1ccc(C(=O)Nc2ccc(Cl)c(C(=O)Nc3ccc4c(c3)-c3c(c(C(N)=O)nn3C)CC4)c2)cc1,0.33970878,2.45294445,0.1,0.05,529.984,4.4512
CC(N)C(=O)NC(C(=O)N1CCCC1C(=O)NCc1ccccc1)C(C)C,0.655916962,2.921958091,0.01,0,374.485,0.7818
COc1cc(OCc2cccc(-c3cnc(N)cn3)c2)c2cc(-c3cn4nc(OC)sc4n3)oc2c1,0.327896969,3.095997109,0.24,0.07,500.54,4.8394
COc1ccc(C(=O)Nc2nc(-c3ccccc3)cs2)cc1OC,0.760136042,1.712573272,0.01,0.02,340.404,4.0796
COc1cccc(-c2nsc(NNC(=O)c3ccccc3)n2)c1,0.705038698,2.106056421,0.07,0,326.381,2.9706
Cc1cccc(-c2nc(N)c3ccccc3n2)c1,0.704351446,1.773467793,0.09,0.01,235.29,3.18742
CC(=O)c1ccc(-c2cccc3c(Nc4ccc(NC(=O)CCN)cc4)noc23)cc1,0.377231816,2.328603099,0.16,0.07,414.465,4.7283
Cc1ccc(NC(=O)c2ccc(C(C)(C)C)cc2)cc1Nc1ncnc2cnc(NC3CCOC3)nc21,0.33213358,3.094270262,0.38,0.2,497.603,5.22242
CCN(CC)CCOc1ccc(-c2nc(-c3cccc4c3ncn4CCO)c[nH]c2=O)cc1,0.38769405,2.785877807,0.3,0.05,447.539,3.1665
COc1ccc(C(=O)Nc2ccc(C(=N)N)cc2)cc1,0.587131498,1.545988872,0,0,269.304,2.23157
COc1ccc(CNc2nc(Nc3cc(N4CCOCC4)ccc3OC)ncc2[N+](=O)[O-])o1,0.362593162,2.780852381,0.43,0.33,456.459,3.1873
O=C(NC1CCCCCC1)c1ccc(-c2cccc3c(Nc4ccccc4)n[nH]c23)cc1,0.323530994,2.25820984,0.38,0.14,424.548,6.4261
COc1ccc(CNc2nc(N3CCCCC3)nc3c2ncn3C2CCOCC2)cc1,0.647522509,2.483382299,0.13,0.05,422.533,3.7888
COc1ccc(C(=O)Nc2ccc(Cl)c(C(=O)Nc3cccc4cnccc34)c2)cc1,0.442941549,1.951911482,0.17,0.15,431.879,5.4014
COc1ccc(Nc2ncc(Nc3ccccc3)cc2-c2nc(C)nc(N)n2)cc1,0.439534106,2.335676685,0.24,0.24,399.458,4.32002
O=C(NCC(Cc1ccccc1)NC(=O)OCc1ccccc1)Nc1cccc2cnccc12,0.353311557,2.649644163,0.17,0.09,454.53,4.894
COc1cccc(-n2nc(C(=O)Nc3cnccc3N3CCC(C)CC(C)C3)c3cccnc32)c1,0.444303027,3.257251337,0.1,0.04,470.577,4.9488
CNC(=O)c1nn(-c2ccc(Cl)cc2Cl)c2c1C1CC(C2)C1,0.911040755,3.485842068,0.01,0.02,336.222,3.5884
CCNC(=O)Nc1ccc(-c2nc(N3CCOCC3)c3ccncc3n2)cc1,0.725153034,2.320500603,0.19,0.12,378.436,2.6698
CC(=O)Nc1cc(C(=O)O)nc(-c2cccc3ccccc23)c1,0.775149951,2.006931726,0.13,0.07,306.321,3.5584
COc1ccc(Nc2nccc(Nc3cc(C(=O)O)ccc3F)n2)cc1,0.619218931,2.066404957,0.66,0.53,354.341,3.8097
COc1cc(Nc2ncc(-c3ccccc3)s2)ccc1OCCNC(=O)CCC,0.466379052,2.18372646,0.07,0.18,411.527,4.8574
CC(C)C(=O)OC1CC(C)=NN=C2c3ccc(NC(=O)CN4CCCC4=O)cc3CC21,0.734297985,3.787158067,0.06,0.02,424.501,2.5563
Cc1cc(C(=O)Nc2ccc(-c3ccccc3S(N)(=O)=O)cc2)n(-c2ccccc2)n1,0.500742203,2.087004403,0.08,0.01,432.505,3.74742
Cc1ccc(-c2ccc(OCCCCN3CCC(c4noc5ccccc45)CC3)cc2)cc1,0.281141116,2.212967105,0.03,0,440.587,6.84182
N#Cc1cccc(-c2n[nH]c3ccc(-c4nccs4)cc23)c1,0.602468295,2.408176612,0.55,0.17,302.362,4.22508
COc1ccc(-n2nc(C(F)(F)F)cc2NC(=O)Nc2cccc3cnccc23)cc1,0.475343344,2.328514368,0.37,0.07,427.386,5.0919
Cc1ccc(Nc2ncc(-c3ccccc3)c(-c3ccc(Cl)cc3)n2)cc1,0.44360846,1.876063255,0.39,0.5,371.871,6.51602
COc1ccc(-c2ccc3nccc(Nc4ccc(N5CCOCC5)cc4)c3n2)cc1,0.503876816,2.208338988,0.2,0.41,412.493,4.8856
Cc1ccc(NC(=O)c2ccc(NC(=O)c3ccccc3-c3ccccc3)cc2)nc1N1CCOCC1,0.376683225,2.214611047,0.02,0.04,492.579,5.39822
CC(C)(C)n1cc(C(=O)c2cncc(NC(=O)Cc3cccc(C(F)(F)F)c3)c2)c2cnccc21,0.376482432,2.749628734,0.02,0.02,480.49,5.6173
COc1ccc(-c2nc(C(=O)Nc3ccccc3CNC(=O)c3ccc(Cl)s3)ccc2-c2ccncc2)cc1,0.222070686,2.472768752,0.29,0.06,555.059,6.7164
COc1cc(C(=O)NC2CCN(C)CC2)ccc1Nc1ncc(C(F)(F)F)c(Nc2ccccc2S(N)(=O)=O)n1,0.314449415,2.728549979,0.61,0.43,579.605,3.4626
CN1CCN(c2ccc(-c3cnn4c(N)c(-c5ccc(N)cc5)ncc34)cc2)CC1,0.51505777,2.559236367,0.16,0.03,399.502,2.9795
COc1ccc(-c2c(-c3nn(C)c4ncnc(N5CCCC5)c34)cnn2C)cc1,0.534121993,2.618602834,0.26,0.04,389.463,3.0396
COc1cccc(-c2ccccc2N2CCNCC2)c1,0.926110473,1.858549954,0.17,0.04,268.36,2.7718
CC(C)(C)c1ccc(NC(=O)c2ccc(C(F)(F)F)cc2Nc2ccc(N3CCOCC3)cc2)cc1,0.405503849,2.282104101,0.05,0.07,497.561,6.8354
Cn1c(Nc2c(Cl)ccc(CNC(=O)C(C)(C)C)c2Cl)nc2cc(C(=O)Nc3ccc(Cl)cc3)c(OC(C)C)cc21,0.18649306,2.839775638,0.11,0.08,616.977,7.9789
COc1ccc(-n2nc(C(C)(C)C)cc2NC(=O)Nc2ccc(Oc3ccnc(Nc4ccccc4)n3)cc2)cc1,0.188248468,2.520547113,0.46,0.28,549.635,7.1483
CC(C)c1cccc(C(C)C)c1NC(=O)Nc1ccc(-c2noc(C(F)(F)F)n2)cc1,0.473212386,2.424643975,0.19,0.04,432.446,6.6462
N#Cc1ccc(-c2cccc3c2CN(C(=O)C=Cc2ccc(Cl)cc2)CC3)cc1,0.548342997,2.295723713,0.04,0.02,398.893,5.47678
Cc1cc(C(=O)Nc2ccc(-c3ccccc3N)cn2)n(-c2ccccc2Cl)n1,0.482105464,2.260639342,0.15,0.07,403.873,4.73062
O=C(O)c1ccccc1Nc1ccc(Cl)cc1Cl,0.874750122,1.672812964,0.04,0.07,282.126,4.4352
CN(C)c1ccc(C(=O)Nc2cccc(C(C)=O)c2)cc1,0.87600655,1.62198049,0,0.01,282.343,3.2075
COc1ccc(NC(=O)c2cccc(Cl)c2)cc1N1CCN(C(=O)Nc2ccc(C(C)(C)C)cc2)CC1,0.416612021,2.193384371,0,0,521.061,6.2525
O=C1c2ccccc2Nc2ncnc3cccc1c23,0.518788417,2.3293429,0.33,0.04,247.257,2.9178
O=C(CNc1ncnc2ccccc12)Nc1ccc(Nc2ccccc2)cc1,0.468709031,1.915629787,0.23,0.07,369.428,4.424
COc1ccc(-c2nc(-c3cccc4ccccc34)[nH]c2-c2ccc3ccccc3c2)cc1,0.313173981,2.146494264,0.38,0.15,426.519,7.7257
COc1ccc(C(=O)O)cc1-c1ccc(F)c2c1CN(C(=O)CCc1ccccc1)CC2,0.611092228,2.284437482,0.01,0.01,433.479,4.717
Cc1cc(C)c(NC(=O)Nc2ccc(-c3cncc4[nH]ncc34)cc2)cc1,0.488260322,2.216653181,0.54,0.14,357.417,4.88574
Cc1cccc(Nc2ncnc3cc(-c4ccccc4)sc23)c1,0.548741868,2.073369863,0.34,0.18,317.417,5.41032
Cc1ccc(-c2ccc(C(=O)Nc3cccc4c3NCCC4)cc2)cc1,0.680401178,1.998349732,0.07,0.05,342.442,5.27242
CN(c1ccc(C(=O)Nc2ccc3c(c2)c(C(=O)O)cn3-c2ccc(Cl)cc2)cc1)C(=O)C1CC1,0.369671786,2.385258019,0.01,0.01,487.943,5.6072
CC(=O)Nc1ccc(-c2noc(C(F)(F)F)n2)cc1,0.911374943,2.096042435,0.06,0.03,271.198,2.7138
COc1ccc(C(=O)Nc2cc(-c3ccccc3)ccn2)cc1OC,0.765466337,1.744289698,0.19,0.33,334.375,4.0181
COc1cccc(-c2ccc3c(c2)Nc2ccccc2NC3=O)c1,0.722008455,2.055805551,0.84,0.06,316.36,4.6715
CCCCc1nc2ccc(N3CCCCC3=O)cc2n1Cc1ccc(-c2ccccc2-c2nnn[nH]2)cc1,0.288081546,2.709147643,0.12,0.04,505.626,5.7912
Cc1ccc(-c2nc(N)c3ccccc3n2)cc1,0.704351446,1.705049154,0.09,0.01,235.29,3.18742
O=C1Nc2ccc(Cl)cc2C1=Cc1ccc2ccccc2n1,0.677845114,2.223171194,0.59,0.3,306.752,4.3809
O=c1cc(-c2ccccc2)oc2ccccc12,0.630772226,1.64720689,0.14,0.01,222.243,3.46
COc1ccc(Nc2ncc(C(=O)Nc3ccccc3)c(C(N)=O)n2)cc1,0.619165707,2.047750737,0.55,0.34,363.377,2.58
O=C(Nc1ccc(Cl)cc1)c1cnc(Nc2ccccc2)nc1Nc1ccncc1,0.39655575,2.115320012,0.52,0.34,416.872,5.2645
COc1ccc(C(=O)Nc2ccc3c(c2)-c2c(c(C(N)=O)nn2-c2ccc(S(C)(=O)=O)cc2)CC3)cc1,0.403539213,2.446149903,0.09,0.03,516.579,3.4012
CN(C)C(=O)c1ccc(-c2ncnc(N)c2C#Cc2ccccc2)cc1,0.727040967,2.3075245,0.32,0.19,342.402,2.8274
CNC(=O)C(NC(=O)C(Cc1ccccc1)NC(=O)OCc1ccccc1)C(=O)c1ccc(N)cc1,0.196033201,3.071508259,0.03,0.03,488.544,2.22
O=C1NC(=O)C(=Cc2ccc(-c3ccccc3)cc2)S1,0.854122807,1.941004124,0.58,0.23,281.336,3.6775
Cc1cc(Nc2ccc(C(F)(F)F)cc2)n2nc(C(F)(F)F)nc2n1,0.694914904,2.535253725,0.01,0,361.249,4.21392
O=C1NC(=O)c2c1c1c(c3[nH]c4ccc(-c5ccccc5)cc4c32)CC1,0.515936476,2.514097101,0.62,0.19,338.366,3.9703
COc1cc(-c2ccc3ncccc3c2)ccc1OCCN1CCCCC1,0.632264568,1.975541539,0.12,0.08,362.473,4.7751
COc1cccc(-c2nc(Nc3ccc(N4CCOCC4)cc3)n3ncccc23)c1,0.545679661,2.393896159,0.27,0.25,401.47,3.9851
CC(C)c1onc(-c2c(Cl)cccc2Cl)c1COc1ccc(NC(=O)C2CC3CCC2C3)cc1,0.361435832,4.182299931,0.04,0.03,499.438,7.7255
O=C1Nc2ccccc2C1=Cc1ccc2cc(F)ccc2n1,0.691281972,2.244152444,0.5,0.38,290.297,3.8666
CN(C)c1ccc(C=Cc2ccccc2)c(OC)c1,0.765400819,1.884225867,0.01,0.02,253.345,3.9316
Cn1ncc(NC(=O)c2nc(-c3c(F)cccc3F)sc2N)c1N1CCCC(N)CC1,0.566454632,3.313883167,0.1,0.03,447.515,2.9739
Cc1cc(C(=O)Nc2ccc(-c3ccccc3S(N)(=O)=O)cc2)n(-c2ccccc2)n1,0.500742203,2.087004403,0.08,0.01,432.505,3.74742
CN(C)c1ccc(C(=O)Nc2cccc(C(=O)O)c2)cc1,0.905339243,1.601636193,0.01,0.01,284.315,2.7031
CCN(CC)CCCCOc1ccc(NC(=O)Nc2ccc(Br)cc2)cc1,0.479335442,1.910285402,0.04,0,434.378,5.5939
Cc1ccc(Nc2nc(NC(C)c3ccccc3)ncc2[N+](=O)[O-])cc1,0.498494703,2.566374972,0.38,0.21,349.394,4.60992
COc1ccc(C(=O)Nc2cc(NC(=O)c3ccc(N4CCCC4)cc3)ccn2)cc1,0.629405701,1.965303704,0.06,0.18,416.481,4.195
O=C1NC(=O)C(=Cc2ccc(-c3ccccc3)cc2)S1,0.854122807,1.941004124,0.58,0.23,281.336,3.6775
CN(C)c1ccc(C=C2SC(=O)NC2=O)cc1,0.814025013,2.248009299,0.489369676,0.33,248.307,2.0765
COc1ccc(-c2nc(-c3ccncc3)c(-c3ccc(C4(N)CCC4)cc3)o2)cc1,0.486825175,2.418588091,0.27,0.05,397.478,5.4171
CC(C)(C)c1ccc(C(=O)Nc2ncc(Cl)cc2C2CCCCC2)nc1,0.749262344,2.439293978,0.07,0.02,371.912,5.7275
Cc1ccc(-c2noc(C(=O)Nc3ccccc3N3CCC(C)CC(N)C3)n2)cc1,0.684023058,3.063852657,0.13,0.02,405.502,3.86092
COc1ccc(CNC(=O)C(C)NC(=O)c2ccc(-c3ccccc3)cc2)cc1,0.64699139,2.139608771,0.03,0,388.467,3.7969
CC(C)(C)c1cc(NC(=O)Nc2ccc(Cl)c(C(=O)Nc3ccc(N4CCOCC4)cc3)c2)no1,0.437659237,2.415735042,0.03,0.04,497.983,5.3584
CC(C)(C)C(=O)Cn1c(-c2ccccc2)nc2ccccc21,0.720338628,1.952886384,0.02,0.01,292.382,4.3185
CCOc1ccc(Nc2ncc(C(N)=O)c(Nc3ccccc3)n2)cc1,0.603575244,1.977329182,0.64,0.27,349.394,3.4614
Cc1ccc(-c2ccc(C(=O)Nc3ccc4c(c3)CCC(=O)N4C)cc2)cc1,0.718272296,1.922365045,0.03,0.06,370.452,4.82332
O=C(NC1CCCCCC1)c1ccccc1Nc1ccc(-c2ccc(Cl)cc2)cc1,0.429743894,1.878785222,0.16,0.14,418.968,7.2032
COc1ccc(NC(=O)Nc2ccc(-c3cncc4ccncc34)cc2)cc1,0.532870624,2.067034937,0.48,0.15,370.412,4.9494
COc1cccc(-c2ccnc(Nc3ccc(N4CCOCC4)cc3)n2)c1,0.74623373,2.03811577,0.82,0.76,362.433,3.7324
CC(C)CC(NC(=O)C(CCC(=O)O)NC(=O)CCc1ccccc1)C(=O)c1nccs1,0.395622307,3.085377516,0.05,0,459.568,2.8391
CCCCCCCCCCCCCCCCCCOC(=O)Nc1c(C(C)C)cccc1C(C)=O,0.151337631,2.393870515,0.01,0.02,473.742,9.8226
O=C(c1ccc(Cl)cc1Cl)N1CCn2c(nnc2-c2cnccn2)C1,0.688475023,2.468555082,0.05,0.06,375.219,2.6979
COc1ccc(Nc2nccc(Nc3ccc(N4CCCCC4)cc3)n2)cc1,0.634695141,2.037557684,0.51,0.46,375.476,4.9627
O=C1NC(=O)c2c1c1ccc3ccccc3c2[nH]1,0.620074353,4.089045447,0.58,0.11,236.23,-0.24012
COc1ccc(CNc2nc(Nc3cc(N4CCN(C(C)=O)CC4)ncc3Cl)ccn2)cc1,0.544268048,2.498710033,0.39,0.22,467.961,3.5578
COc1ccc(-n2nc(C(N)=O)c3c2-c2cc(NC(=O)c4ccccc4Cl)ccc2CC3)cc1,0.441247516,2.33600409,0.08,0.04,472.932,4.6511
CSc1nc(-c2ccccc2)cn2nc(-c3ccccc3)nc12,0.531501854,2.224637058,0.1,0,318.405,4.1802
COc1ccc(-c2c(-c3ccc(F)cc3)nc(NC(=O)c3ccccc3)nn2)cc1,0.529565089,2.006101619,0.16,0.1,400.413,4.6056
CN(C)C(=O)c1ccc(-c2nnc(N3CCCCC3)c3occ(C(=O)Nc4ccc(Cl)cc4)c32)cc1,0.387076846,2.660059873,0.06,0.02,503.99,5.4876
Cc1ccc(Nc2nccc(Nc3ccccc3)n2)cc1,0.746728862,1.784684811,0.63,0.33,276.343,4.27222
CN(C)C(=O)c1cc2cnc(Nc3ccc(N4CCOCC4)cc3)nc2n1C1CCCC1,0.657869995,2.567873405,0.44,0.65,434.544,3.8284
N#Cc1ccc(C(=O)Nc2ccc(-c3ccccc3)c(C(F)(F)F)c2)cc1,0.665718866,1.910583857,0.07,0.07,366.342,5.49638
Cc1ccc(-c2cccc3ccccc23)cc1N1CCNCC1,0.762055401,1.938870768,0.18,0.05,302.421,4.22482
Cc1ccc(C(=O)Nc2ccc(Cl)c(C(F)(F)F)c2)cc1Nc1ncnc2cnc(NCc3ccccc3)nc12,0.195555455,2.593000269,0.41,0.22,563.971,7.00842
CC(=O)Nc1nc2ccc(-c3cncc(C(=O)O)c3)cc2[nH]1,0.686835615,2.264154623,0.27,0.08,296.286,2.2815
CCCCNC(=O)c1ccc(NC(=O)Nc2ccc(F)cc2)cc1,0.701115353,1.611290723,0,0.01,329.375,3.9996
CCOC(=O)C1=C(c2ccccc2)Nc2cc(-c3ccccc3)cnc2N1,0.672425791,2.493356342,0.16,0.03,357.413,4.5179
O=C(NCC(F)(F)F)Nc1cccc(-c2cnc3cc(-c4ccncc4)cnn23)c1,0.527691309,2.557693174,0.35,0.1,412.375,4.1421
CC(C)(C)c1cc(NC(=O)Nc2ccc(Nc3cccc(Nc4ccccc4)n3)cc2)n[nH]1,0.243667787,2.436876025,0.29,0.24,441.539,6.2334
CCC(=O)c1ccc(N2CCC(Oc3ccc(C(C)NC(C)=O)cc3)C2)nc1,0.74311265,3.025109418,0.01,0.03,381.476,3.5291
COc1ccc(C(C)C)cc1NC(=O)c1ccc(Nc2ccc3ncccc3c2)nc1,0.421159541,2.183195147,0.11,0.18,412.493,5.7577
COc1ccc(CNc2nc(Nc3ccccc3)ncc2[N+](=O)[O-])cc1,0.493470281,2.04239872,0.67,0.24,351.366,3.7491
O=C(NCCCCCCCCCCCNc1c2c(nc3ccccc13)CCC2)c1ccccn1,0.271666521,2.401729607,0.03,0.04,458.65,6.4713
COc1ccc(Nc2ncc(C(=O)Nc3ccccc3)cc2-c2nc(C)nc(N)n2)cc1,0.423526131,2.290253214,0.26,0.16,427.468,3.82872
COc1ccc2ccccc2c1C(=O)c1cc(C(=O)O)nn1Cc1ccc(-c2ccccc2)cc1,0.314380451,2.341548335,0.04,0.04,462.505,5.6894
Cc1ccc(Nc2nccc(-c3cnn4ncccc34)n2)cc1,0.628989233,2.398176198,0.89,0.36,302.341,3.23832
COc1ccc(-c2nnc(C(=O)CCCCCc3ccccc3)[nH]2)cc1,0.457150688,2.318066534,0.2,0.01,349.434,4.4661
COc1ccc(-c2cncc(Nc3ccc(N4CCOCC4)cc3)n2)cc1,0.74623373,2.104347116,0.19,0.27,362.433,3.7324
CC(C)(C)OC(=O)Nc1ccc(-c2nc(N3CCOCC3)c3cccnc3n2)cc1,0.704684035,2.345407485,0.13,0.08,407.474,3.8754
COc1ccc(C(=O)Nc2ccc(Cl)cc2C(=O)Nc2ccc(C(=O)O)cc2)cc1,0.537997409,1.761519088,0.02,0.01,424.84,4.5514
C=CCN(C)C(=O)Cc1c(-c2ccccc2)nc2ccccc2n1,0.676818429,2.281042169,0.04,0.01,317.392,3.4837
CNc1nc(Nc2ccc(C(=O)Nc3ccccc3N)cc2)ncc1C(=O)CC,0.35836946,2.282522145,0.64,0.33,390.447,3.6891
Cc1ccc(-n2nc(C(C)(C)C)cc2NC(=O)Nc2ccc(Oc3ccnc(Nc4cccc(S(C)(=O)=O)c4)n3)cc2)CC1,0.190576527,3.146104355,0.37,0.18,613.744,7.135
CC(=O)c1ccc(-c2ccc(-c3cccc(C#N)c3)cc2)cc1,0.6313346,1.713387325,0.11,0.03,297.357,5.09488
O=C1CC(c2ccccc2)=Nc2cc(-c3cccc4ccccc34)ccc21,0.423462484,2.189080385,0.13,0.06,347.417,6.214
COc1ccc(CNC(=O)c2ccc(-c3ccc(C(=O)Nc4ccccc4)cc3)cc2)cc1,0.399447517,1.713852584,0.02,0,436.511,5.5445
CN(C)c1ccc(-c2nc(-c3cccc4ccccc34)[nH]n2)cc1,0.610948731,2.078552804,0.26,0.06,314.392,4.3579
CC(=O)Nc1ccc(-c2cc(-c3cccc4c3OCC(=O)N4)no2)cc1,0.756625599,2.439916259,0.25,0.05,349.346,3.2979
COc1ccc(Nc2ncc(C(N)=O)c(Nc3ccccc3)n2)cc1,0.639658763,1.928657005,0.77,0.49,335.367,3.0713
CN(C)CC(=O)Nc1ccc2ncnc(Nc3ccc(OCc4ccccc4)cc3)c2c1,0.43245571,2.101566209,0.53,0.29,427.508,4.4525
COc1ccc(CNc2ccc(C(=O)Nc3ccc(N4CCNCC4)c4ccccc34)nn2)cc1,0.378769083,2.397706595,0.13,0.02,468.561,3.9124
COc1ccc(CNCCCCCCCCCNc2c3c(nc4ccccc24)CCCC3)cc1OC,0.223778389,2.405774091,0.03,0,489.704,7.0632
CNC(=O)c1ccc(C(=C2CC=CCC2)c2ccc(NC(=O)C3CC3)cc2)cc1,0.715505877,2.496439342,0,0.01,386.495,4.9367
COc1ccc(Nc2ncc(C(N)=O)c(Nc3ccccc3C#N)n2)cc1,0.61668119,2.192326162,0.7,0.61,360.377,2.94298
CC(C)C(NC(=O)Cn1ccc2ccccc21)C(=O)NC(C=O)Cc1ccccc1,0.537366928,2.985362467,0,0.04,405.498,2.7085
CN1CCC(n2cc(Nc3cc(-c4cccc(N5CCOCC5)c4)c(Cl)cn3)cc2)CC1,0.587680441,2.794081546,0.22,0.38,452.002,5.0504
COc1ccc(-c2nc(-c3cccc4ccccc34)no2)cc1OC,0.547573439,1.902143333,0.06,0.01,332.359,4.574
Cc1ccc(-c2ccc(S(=O)(=O)Nc3ccc(Cl)cn3)cc2)cc1,0.745945958,1.831894569,0.09,0.04,358.85,4.51122
CN(C)C1CCN(c2ccc(Nc3ncc4ccnc(Nc5ccc(C6CC6)cc5)n34)cc2)CC1,0.36764606,2.85543714,0.18,0.23,467.621,5.6243
COc1ccc(C=NNc2nc(N)n(-c3ccccc3)n2)cc1OC,0.528397503,2.271807005,0.02,0.03,338.371,2.3127
COc1ccc(CCNCC(O)COc2ccc(-c3nc(-c4ccc(F)cc4)no3)cc2)cc1OC,0.284401911,2.724216245,0.1,0.03,493.535,4.1319
O=C1NC(=O)C(=Cc2ccc(OCCCc3ccccc3)c(Cl)c2)S1,0.589881372,2.161945467,0.28,0.23,373.861,4.6755
Cc1cc(C)cc(-c2[nH]c3ccccc3c2CN(C)CCNc2ccc3[nH]ncc3c2)c1,0.306677977,2.614875886,0.36,0.07,423.564,5.87194
COc1ccc(-c2ccc3c(c2)Nc2ccccc2NC3=O)cc1,0.722008455,2.006317419,0.79,0.06,316.36,4.6715
COc1ccc(NC(=O)Nc2ccc(-c3cncc(C)c3)cc2)cc1OC,0.687994822,1.901186501,0.22,0.03,363.417,4.71822
COc1cc(Nc2nccc(-c3cnc4ccccc4c3)n2)cc(OC)c1OC,0.52229095,2.219040746,0.75,0.57,388.427,4.4612
COc1ccc(-c2ccc(C(=O)Nc3cccc(CN4CCOCC4)c3)cc2)cc1,0.662015136,1.816293438,0.01,0.01,402.494,4.4467
O=C1Nc2ccc(Br)cc2C(=O)c2ccncc21,0.692273847,2.281876059,0.53,0.16,303.115,2.199
COc1ccc(-n2nc(C(N)=O)c3c2-c2cc(NC(=O)c4ccccc4Cl)ccc2CC3)cc1,0.441247516,2.33600409,0.08,0.04,472.932,4.6511
COc1ccc(Nc2nccc(-c3cnn4ccccc34)n2)cc1,0.623460275,2.215036488,0.92,0.43,317.352,3.5435
O=C(O)c1ccc(NC(=O)Nc2ccc(-c3ccc(C#N)cc3)cc2)cc1,0.636355263,1.777786701,0.12,0.02,357.369,4.56748
Cn1ncc(NC(=O)c2ccc(Nc3ccc(N4CCOCC4=O)cc3)cc2)n1,0.690145029,2.468970416,0.11,0.24,392.419,2.1742
COc1ccc(-c2nc(NC(=O)Cc3ccccc3)cs2)cc1OC,0.726530304,1.977395467,0.04,0.05,354.431,4.0085
O=C(Nc1ccccc1)c1cccc(C(=O)Nc2cccc(C(=O)O)c2)c1,0.643128729,1.604075013,0,0,360.369,3.8894
COc1ccc(C(=O)Nc2cccc(C(F)(F)F)c2)cc1Nc1ncnc2cnc(NC3CCOC3)nc21,0.31653367,3.142365361,0.44,0.29,525.491,4.6439
Cc1ccc(-c2ccc(C(=O)NC(C)c3ccccc3)nc2N)cc1,0.755092232,2.358092335,0.19,0.02,331.419,4.13022
COc1ccc(C(=O)Nc2cccc(C(F)(F)F)c2)cc1Nc1ncnc2cnc(NCc3ccccc3)nc21,0.215830291,2.535074509,0.45,0.24,545.525,6.0552
COc1ccc(-c2ccc3c(N4CCOCC4C)nc(N4CCOCC4C)nc3n2)cc1,0.618933374,3.412299361,0.03,0.01,435.528,3.1506
CC(C)C(=O)c1cn(CC(=O)N2C(C(O)=NCc3cccc(Cl)c3Cl)CC3CC32)c(=O)cc1C,0.342797532,4.118608078,0.01,0,504.414,4.44832
CC(C)C(=O)Nc1nc(-c2ccc(F)cc2)n(-c2ccc(Cl)cc2)n1,0.755092677,2.11275783,0.12,0.06,358.804,4.3213
Cc1cc(C(=O)Nc2ccc(-c3cccc4c(NC(=O)C5CC5)ncnc34)cc2)no1,0.507516861,2.364631102,0.48,0.11,413.437,4.19402
CC(C)CC(NC(=O)Cn1ccc2ccccc21)C(=O)NC(C=O)Cc1ccccc1,0.495740342,3.020547819,0.01,0.03,419.525,3.0986
CN(C)C(=O)c1ccc(Nc2ncc(C(=O)Nc3ccccc3)c3ccncc23)cc1,0.510484996,2.201185813,0.2,0.21,411.465,4.3275
COc1ccc(-c2ccccc2)cc1-c1nccc2ccccc12,0.492705155,1.797514494,0.27,0.13,311.384,5.5774
COc1ccc(-c2ccc3c(c2)Nc2ccccc2NC3=O)cc1,0.722008455,2.006317419,0.79,0.06,316.36,4.6715
CCCC(=O)Nc1ccc(-c2cccc3cnccc23)cc1,0.760184483,1.806025521,0.3,0.2,290.366,4.6404
COc1cc(CC(=O)O)ccc1-c1nc(Nc2ccc(Cl)c(Cl)c2)ncc1F,0.58383138,2.292364941,0.57,0.26,422.243,4.9688
O=C(Nc1ccc(C(=O)N2CCCCC2)cc1)c1ccccc1,0.942157936,1.498268131,0,0,308.381,3.565
COc1ccc(-n2c(C(=O)O)c(Oc3ccc(OC)cc3)cc2-c2ccccc2)cc1,0.422231636,2.191756426,0,0,415.445,5.652
COc1ccc(-n2nc(C(N)=O)c3c2-c2cc(NC(=O)c4ccccc4Cl)ccc2CC3)cc1,0.441247516,2.33600409,0.08,0.04,472.932,4.6511
COc1ccc(-c2cnc(Nc3cccc(C(=O)Nc4cccc(C)c4)c3)o2)cc1,0.43779704,2.082196579,0.14,0.14,399.45,5.65452
COc1ccc(C(=O)C=Cc2ccccc2)cc1OC,0.613670418,1.658439682,0,0,268.312,3.5999
CC(C)(C)c1ccc(NC(=O)N2Cc3ccc(-c4ccncc4)cc3OC2)cc1,0.637806309,2.393575765,0.21,0.06,387.483,5.4301
CC(=O)Nc1ccc(-c2cc3cnccc3c(Nc3ccc(N4CCOCC4)cc3)n2)cc1,0.463480473,2.327310831,0.27,0.22,439.519,4.8354
COc1ccc(-n2nc(C(N)=O)c3c2-c2cc(NC(=O)c4ccccc4)ccc2CC3)cc1,0.49199066,2.254807847,0.08,0.01,438.487,3.9977
COc1ccc(Nc2ncc(-c3ccccn3)o2)cc1,0.783664938,2.114626356,0.25,0.28,267.288,3.4888
COc1ccc(-c2nc(Nc3ccccc3)nc(Nc3ccccc3)n2)cc1,0.496344545,1.903265005,0.19,0.18,369.428,5.0344
O=C(Nc1ccc(C(=O)Nc2ccccc2-c2cccnc2)cc1)c1ccc2cccnc2c1,0.358747905,2.043714323,0.17,0.19,444.494,5.8014
COc1ccc(-c2ccc(NC(=O)C=Cc3cccnc3)cc2)cc1OC,0.661300161,1.944590459,0.15,0.05,360.413,4.4177
O=C(NCCN1CCCCC1)c1ccc2ccccc2c1O,0.912336368,1.867824799,0,0.02,298.386,2.7611
Cc1ccc(NC(=O)c2ccc(-c3csc4ccccc34)cc2)cc1,0.476213857,1.749788222,0.05,0.01,343.451,6.12902
O=C1NCc2c1c1c3ccccc3n3c1c1ccccc3n1C2,0.658596166,4.814317019,0.39,0.12,299.333,0.9218
Cc1cc(Nc2cc(C(F)(F)F)ccn2)nc(-c2ccc(NC3CCN(C(=O)c4ccccc4)CC3)nc2)c1,0.302204634,2.655866413,0.22,0.25,532.57,6.32612
CN(C)CC(=O)Nc1ccc2ncnc(Nc3cccc(Br)c3)c2c1,0.684627256,2.143078538,0.64,0.19,400.28,3.636
Cc1ccc(-n2nc(C(C)(C)C)cc2NC(=O)Nc2cccc(Nc3nccc(Nc4ccccc4S(=O)(=O)C(C)C)n3)c2)cc1,0.129393749,2.869352295,0.47,0.23,638.798,7.58152
COc1cc(NC(=O)c2cccc(C(F)(F)F)c2)ccc1OCCN1CCCCC1,0.694461961,2.005406521,0.01,0.01,422.447,4.831
CC(C)c1nc2ccccc2n(C2CCN(C(C)C)CC2)c1=O,0.869295095,2.340232081,0.01,0,313.445,3.5652
Cc1ccc(NC(=O)c2ccc(F)c(Nc3ncnc4cnc(N5CCCC5)nc34)c2)cc1,0.469988519,2.393740565,0.25,0.17,443.486,4.46342
N#Cc1cccc(-c2ccnc3[nH]ccc23)c1,0.683265614,2.214093351,0.68,0.24,219.247,3.10158
CCCCCCCCCCCCCCCCC(=O)C(=O)Nc1c(C(C)C)cccc1C(C)C,0.16604784,2.390694223,0,0,457.743,9.3124
Cc1ccc(-n2nc(C(N)=O)c3c2-c2cc(NC(=O)c4cc(N)ccc4Cl)ccc2CC3)cc1,0.378850796,2.464530612,0.1,0.01,471.948,4.53312
O=C(NC1CCC(CCN2CCC(c3cccc4c3CCO4)CC2)CC1)c1ccc(F)cc1,0.647754222,2.42766547,0.03,0.01,450.598,5.3189
COc1cc(-c2ccccc2)ccc1Nc1nccc(-c2cnc3ccccn23)n1,0.443993938,2.307239461,0.63,0.46,393.45,5.2105
Cc1ccc(-c2nc(N)c3cc(CN4CCCC4)ccc3n2)o1,0.803099073,2.255241495,0.07,0,308.385,3.37622
Cc1ccc(Nc2nc(-c3ccccc3)nc(N3CCOCC3)n2)cc1,0.780078526,2.033447272,0.05,0.06,347.422,3.42722
O=C1NC(=O)C(=Cc2ccc(-c3ccccc3)cc2)O1,0.849204101,2.151152931,0.39,0.13,265.268,2.9609
CC(C)(C)C(=O)Cn1c(=O)c(C(=O)NCc2ccc(Cl)cc2)c(O)c2ccccc21,0.647058772,2.280250768,0,0.02,426.9,3.9057
O=C1NC(=O)C(c2ccc3c(c2)OCO3)=C1c1ccc2[nH]ncc2c1,0.698340755,2.576987801,0.68,0.08,333.303,1.8588
COc1ccc(NC(=O)c2ccc(-c3nc(Nc4ccc5c(c4)CCCC5)ccc3O)cc2)cc1,0.309562216,2.273944832,0.09,0.08,465.553,6.3375
Cc1ccc(-c2noc(CCC3(c4ccccc4)CCN=C3)n2)cc1,0.696500793,3.236284037,0.02,0,331.419,4.39012
COc1ccc(-c2ccc3c(N4CCOCC4C)nc(N4CCOCC4C)nc3n2)cc1CO,0.610302651,3.587074886,0.04,0.01,465.554,2.6429
COc1ccc(Nc2ncc(C(=O)Nc3ccccc3)cc2-c2nc(C)nc(N)n2)cc1,0.423526131,2.290253214,0.26,0.16,427.468,3.82872
NC(=O)c1cccc2cnc(Nc3ccc(Nc4ccccc4)nc3)nc12,0.504304341,2.234918756,0.66,0.55,356.389,3.6109
COc1ccc(CCNc2ccc(Nc3cccc(-c4ccc5c(c4)OCO5)n3)cc2)cc1,0.357219921,2.194954389,0.09,0.07,439.515,5.8841
O=C(O)c1ccc(NC(=O)c2ccc(C#N)c(Nc3ccccc3)n2)cc1,0.641154949,2.02383825,0.12,0.11,358.357,3.64738
COc1ccc(Nc2ncc(-c3ccccc3)o2)cc1OC,0.767763686,1.961654126,0.89,0.27,296.326,4.1024
Cc1cc(-c2n[nH]c3ccc(C(O)=NC4CCCC(CO)(Cc5ccccc5)C4)cc23)ccn1,0.268453419,3.710283249,0.31,0.2,454.574,5.40192
CNC(=O)C1OC(n2cnc3c(NCc4cccc(Cl)c4)ncnc32)C(O)C1O,0.469066564,3.635460913,0.26,0.02,418.841,0.457
O=C1NC(=O)C(=Cc2ccc(OCCN3CCCCC3)cc2)C1=O,0.379874159,2.254808724,0.24,0.07,328.368,1.1602
COc1ccc(-c2nc(Nc3ccc(N4CCOCC4)cc3)ncc2[N+](=O)[O-])cc1,0.487998004,2.274350956,0.43,0.75,407.43,3.6406
CN(C)CC(=O)Nc1cc2c(Nc3ccc(F)c(Cl)c3)ncnc2cn1,0.713807192,2.415247192,0.67,0.54,374.807,3.061
Cc1ccc(C(=O)Nc2cc(N(C)CCN(C)C)cc(C(F)(F)F)c2)cc1Nc1ncnc2cnc(NC3CCOC3)nc21,0.228055261,3.527827401,0.39,0.24,609.657,4.94152
COc1ccc(Nc2nccc(-n3ccc4ccccc43)n2)cc1,0.61366903,2.081003768,0.61,0.43,316.364,4.1727
O=C(Nc1cccc(-c2nc3ccccc3[nH]2)c1)c1ccccc1,0.585563946,1.70902587,0.1,0.01,313.36,4.4822
O=C(NC1CCC(CCN2CCN(c3cccc4c3OCO4)CC2)CC1)c1ccccc1,0.745534219,2.308210487,0.01,0.06,435.568,3.9162
COc1ccc(-n2nc(C(N)=O)c3c2-c2cc(NC(=O)c4ccccc4)ccc2CC3)cc1,0.49199066,2.254807847,0.08,0.01,438.487,3.9977
COc1ccc(-c2nc3ccccc3c(NCc3ccccc3)n2)cc1,0.559711798,1.770760558,0.13,0.01,341.414,4.9175
COc1ccc(C(=O)Nc2cccc(C(=O)O)c2)cc1-c1cnc(N)c(N)c1,0.53479637,2.173682101,0.29,0.17,378.388,2.8721
COc1ccc(-c2nc(-c3cccc4ccccc34)no2)cc1,0.556150347,1.794378008,0.04,0,302.333,4.5654
CCOc1cc(-c2ccc3c(c2)Nc2ccc(Nc4ccnc(Nc5ccccc5)n4)cc2O3)ccn1,0.215931053,2.673435826,0.47,0.37,488.551,7.2738
O=C1NC(=O)C(=Cc2ccc(-c3ccccc3)cc2)S1,0.854122807,1.941004124,0.58,0.23,281.336,3.6775
CCN(CC)C(=O)c1ccc(Nc2ncc(-c3ccccc3)o2)cc1,0.716845555,2.089903159,0.2,0.15,335.407,4.5672
O=C1NCCc2c1c1ccccc1n2OCCCN1CCN(c2cccc(Cl)c2)CC1,0.600239491,2.701262114,0.25,0.04,438.959,3.2215
CCOc1ccc(Cl)c(Nc2ncnc3[nH]cc(C(N)=O)c23)c1,0.666216496,2.441051252,0.2,0.13,331.763,2.8525
COc1ccc(-n2nc(C(N)=O)c3c2-c2cc(NC(=O)c4ccccc4Cl)ccc2CC3)cc1,0.441247516,2.33600409,0.08,0.04,472.932,4.6511
COc1ccc(C(=O)Nc2ccc(F)c(C3(C)C=CSC(N)=N3)c2)cn1,0.859696722,3.247581032,0.15,0.06,372.425,3.272
Cc1ccc(-c2nc(C(=O)Nc3ccc(CN4CCOCC4)cn3)ccc2N)cc1,0.679904911,2.335267667,0.16,0.06,403.486,3.11872
O=C(Nc1cccc(CN2CCC(C(O)=NC3CCCCC3)CC2)c1)c1ccccc1,0.483950027,2.343535318,0.01,0.01,419.569,5.4401
COc1cc(C(=O)Nc2ccc(Cl)c(C(F)(F)F)c2)ccc1OCCN1CCCCC1,0.59869859,2.095104765,0,0.04,456.892,5.4844
COc1ccc(-n2nc(C(N)=O)c3c2-c2cc(NC(=O)c4ccccc4)ccc2CC3)cc1,0.49199066,2.254807847,0.08,0.01,438.487,3.9977
COC(=O)c1c(-c2ccccc2)n(C)c(=O)cc1-c1ccnc(N)c1,0.743098699,2.407053874,0.18,0.15,335.363,2.4831
COc1ccc(Cl)cc1-c1n[nH]c(-c2ccncc2)c1-c1nc2ccccc2[nH]1,0.425444598,2.456621121,0.34,0.17,401.857,5.344
COc1ccc(-c2cccc(Nc3nccc(-c4cnc(N5CCCC5)nc4)n3)c2)cc1OC,0.41933715,2.367354323,0.72,0.41,454.534,4.9616
CN(C)CC(=O)Nc1ccc(-c2nc3ccccc3n2C(=O)c2ccc(Cl)cc2)cc1,0.502225681,2.159489018,0.01,0.01,432.911,4.5453
COc1ccc(-c2cnc(N)c(C(=O)Nc3ccc(CN4CCCCC4)cc3)n2)cc1,0.630297012,2.108852934,0.63,0.06,417.513,3.9726
Cc1ccc(-c2ccc3c(c2)Nc2ccccc2NC3=O)cc1,0.665794535,2.00465091,0.7,0.07,300.361,4.97132
CNC(=O)C1OC(n2cnc3c(NCc4cccc(NC(=O)CCC)c4)ncnc32)C(O)C1O,0.316726492,3.696907829,0.3,0.03,469.502,0.5422
COc1ccc(-n2nc(C(C)(C)C)cc2NC(=O)Nc2ccc(Oc3ccnc4[nH]c(C5CC5)nc34)cc2)cc1,0.210950816,2.771257354,0.24,0.12,537.624,6.7634
CCC(=O)Nc1ccc(-c2noc(C(F)(F)F)n2)cc1,0.940437527,2.121436914,0.07,0.01,285.225,3.1039
O=C(Nc1ccc(OC(F)(F)F)cc1)c1cnc(N2CCC(O)C2)c(-c2cccnc2)c1,0.62149493,2.874382987,0.14,0.1,444.413,3.8655
Cc1ccc(C(=O)Nc2cc(C(=O)Nc3ccccc3N)ccn2)cc1,0.630105362,1.850060674,0.06,0.06,346.39,3.47682
Cc1ccc(-c2nc(N)c3cc(-c4cnccc4)ccn23)cc1,0.609493437,2.370918877,0.29,0,300.365,3.95392
COc1ccc(C(=O)Nc2ccc(F)c(C(F)(F)F)c2)cc1Nc1ncccc1-c1ncnc2[nH]cnc12,0.248914914,2.808832121,0.18,0.19,523.45,5.5773
COc1ccc(-n2nc(C(N)=O)c3c2-c2cc(NC(=O)C=Cc4ccccc4)ccc2CC3)cc1,0.413352329,2.445294413,0.08,0.04,464.525,4.3973
COc1ccc(-c2ccccc2-c2cnn(C)c2)cc1OC,0.734603099,1.880002478,0.19,0.07,294.354,3.7713
CCN(CC)C(=O)c1ccc(C(=O)Nc2ccc3c(c2)-c2c(c(C(N)=O)nn2-c2ccc(S(C)(=O)=O)cc2)CC3)cc1,0.321204748,2.655601552,0.06,0.02,585.686,3.8746
Cc1ccc(C(=O)Nc2cccc(C(F)(F)F)c2)cc1Nc1ncnc2cnc(Nc3ccccc3)nc21,0.237523431,2.472681909,0.54,0.38,515.499,6.48652
O=C(NCC1CCCCC1)c1ccc2ccccc2n1,0.924676985,1.848775509,0.01,0,268.36,3.5449
CC(C)n1c(NC(=O)c2ccc(Cl)cc2)nc(Nc2ccncc2)nc1=O,0.699584574,2.439847622,0.15,0.08,384.827,3.2635
COc1ccc(-c2nc(-c3cccc4ccccc34)[nH]c2-c2ccccc2)cc1,0.384967138,1.980782095,0.41,0.06,376.459,6.5725
O=C(Nc1ccccc1Cl)Nc1cccc2ccccc12,0.675424835,1.56616468,0.01,0.05,296.757,5.1372
Cc1ccc(-c2nc(-c3ccnc(N)c3)cn2C(C)C)cc1,0.790883264,2.390150156,0.23,0.13,292.386,4.08362
CCNC(=O)c1ccc(-c2ccc3ncn(Cc4ccc(F)c(Cl)c4)c3n2)cc1,0.520855231,2.214982067,0.07,0.03,408.864,4.6888
Cc1ccc(-c2ccc(C(=O)Nc3ccc(CN4CCNC(=O)C4)c4ccccc34)cc2)cc1,0.450811779,2.171877596,0.08,0.05,449.554,4.99932
CC(=O)Nc1ccc(-c2[nH]nc3ccc(-c4cncs4)cc23)cc1,0.586251905,2.48986665,0.52,0.12,334.404,4.3118
CN1CCN(C(=O)c2cc3cc(Nc4nccc(-c5ccccn5)n4)ccc3[nH]2)CC1,0.534223957,2.440552731,0.5,0.36,413.485,3.1511
COc1ccc(-c2ccc3c(c2)Nc2ccccc2NC3=O)cc1,0.722008455,2.006317419,0.79,0.06,316.36,4.6715
COc1ccc(-c2ccc(S(=O)(=O)Nc3nccs3)cc2-c2ncccc2Cl)cc1,0.422591656,2.323931457,0.21,0.07,457.964,5.3349
Cc1ccccc1-c1nc(Nc2ccc(N3CCOCC3)cc2)ccn1,0.772769641,2.091547172,0.22,0.55,346.434,4.03222
CC(C)(C)OC(=O)Nc1ccc(C(=O)Nc2nc(-c3ccccc3)cs2)cc1,0.618913455,1.903795665,0.02,0.02,395.484,5.4094
Cc1cc(C(C)(C)C)cc(CNc2ccc(C(C)C)cc2)n1,0.814165513,2.125991819,0.01,0.01,296.458,5.42302
COc1ccc(Nc2nc(Nc3ccccc3C)nc(NC3CCOCC3)n2)cc1,0.53572467,2.288549557,0.07,0.19,406.49,4.26672
CN(C)c1ccc(-c2ccc3c(Nc4cccc(C(=O)O)c4)n[nH]c3c2)cc1,0.471466188,2.202602545,0.57,0.24,372.428,4.7377
COc1cc(Nc2c(C#N)cnc3cc(-c4ccccc4)c(OC)cc23)c(OC)cc1C,0.417471896,2.384253036,0.16,0.27,425.488,5.8513
COc1cc2ncnc(Nc3cccc(Br)c3)c2cc1OC,0.757494074,1.993404676,0.87,0.48,360.211,4.1531
O=C(NC1CCN(Cc2ccc3c(c2)OCO3)CC1)c1ccccc1,0.93131998,1.874609864,0,0,338.407,2.8097
CN1CCCC(COC(=O)Nc2nc3ccc(C(=N)N)cc3n2-c2ccccc2)C1,0.445263536,2.978393741,0.09,0,406.49,3.19987
Cc1cc(C(=O)Nc2cccc(C(F)(F)F)c2)ccc1Nc1ncnc2cnc(Nc3ccc(N4CCNCC4)cc3)nc21,0.181386812,2.776448211,0.46,0.47,599.621,5.89612
O=C(NC1CCCCC1)c1ccc(-c2cccc3ccccc23)nc1Nc1ccccc1,0.376547401,2.101399961,0.18,0.07,421.544,6.7079
O=C(Nc1ccc(Cl)c(C(F)(F)F)c1)c1cnccc1Nc1cccc2ccccc12,0.361796715,2.213584997,0.19,0.21,441.84,6.9029
COc1cccc2cc(C(=O)Nc3ccccc3C(=O)Nc3ccc(Cl)cn3)[nH]c12,0.434565438,2.213643621,0.22,0.09,420.856,4.7295
COc1ccc(Nc2ncc(C(N)=O)c(Nc3ccccc3)n2)cc1,0.639658763,1.928657005,0.77,0.49,335.367,3.0713
N#Cc1ccc(-c2nc(-c3ccc(F)cc3)c(-c3ccncc3)[nH]2)cc1,0.58150802,2.201008234,0.82,0.5,340.361,4.81648
Cc1cccc(C(=O)Nc2ccc(CN3CCN(C)CC3)c(C(F)(F)F)c2)c1,0.855424503,2.051234172,0.01,0.02,391.437,4.01352
CN(C)c1ccc(Nc2nccc(Nc3ccccc3N)n2)cc1,0.623276251,2.141204041,0.6,0.44,320.4,3.612
COc1cc(-c2ccc3ncccc3c2)ccc1OCCN1CCCC1,0.661831619,1.951476243,0.12,0.08,348.446,4.385
CC(C)C(=O)Nc1ccc(-c2nc3ccc(N)cc3n2C(=O)c2ccccc2)cc1,0.492898192,2.213984983,0.12,0.03,398.466,4.5685
COc1ccc(-c2ccc3nccc(Nc4ccc(N5CCOCC5)cc4)c3n2)cc1,0.503876816,2.208338988,0.2,0.41,412.493,4.8856
CCOc1ccc(CC(=O)O)cc1-c1ccc(F)c2c1CN(C(=O)C=Cc1ccccc1)CC2,0.498463109,2.518931766,0.01,0,459.517,5.1166
CN(C)CCc1ccc(Nc2nccc(Nc3ccccc3S(=O)(=O)C(C)C)n2)c(OC(C)C)c1,0.380466599,2.652261723,0.35,0.21,497.665,5.0372
COc1ccc(Nc2ncc(CNc3cccc(N4CCOCC4)c3)n2-c2ccccc2)cc1,0.386668109,2.438298533,0.12,0.19,455.562,5.0732
Cc1ccc(-c2nc(N)c3cc(-c4ccccc4)sc3n2)o1,0.591530567,2.327564703,0.18,0.01,307.378,4.50892
CC(=O)c1ccc(C2=NN(c3ccc(C(=O)O)cc3)C(=O)C2=O)cc1,0.678203314,2.170071303,0.01,0.01,336.303,1.9074
CCOc1ccc(-c2nc(N)c3cc(C(=O)Nc4cc(C(C)(C)C)on4)ccc3n2)cc1,0.465379213,2.430269435,0.21,0.02,431.496,4.8155
O=C(Nc1ccccc1N1CCNCC1)c1ccccc1N1CCCCC1,0.873577772,2.019451154,0,0.01,364.493,3.3388
O=C1NC(=O)C(=Cc2ccc(-c3ccccc3)cc2)S1,0.854122807,1.941004124,0.58,0.23,281.336,3.6775
CC(=O)Nc1cccc(Nc2nccc(Nc3ccc(N4CCOCC4)cc3)n2)c1,0.576127554,2.214689767,0.51,0.56,404.474,3.7588
N#CC(=Cc1ccc(-c2ccc(F)cc2)cc1)C(=O)Nc1ccccc1,0.533399165,1.857543336,0.07,0.13,342.373,5.03838
COc1ccc(C(=O)Nc2cccc(C(=O)Nc3ccncc3N3CCCCC3)n2)cc1,0.612875472,2.235571668,0.1,0.05,431.496,3.9801
COc1ccc(-c2nc(-c3ccccc3)n(-c3ccc(C(C)=O)cc3)n2)cc1,0.473693795,1.927638314,0.08,0.04,369.424,4.8125
CCOC(=O)c1ccc(NC(=O)Nc2ccc(-c3cccc4c3NCCC4)cc2)cc1,0.478665367,2.174431396,0.23,0.03,415.493,5.5324
COc1ccc(-n2nc(C(C)(C)C)cc2NC(=O)Nc2cccc3cccnc23)cc1,0.469438082,2.260739018,0.2,0.04,415.497,5.3706
CNC(=O)c1cc(Oc2ccc3c(c2)nc(Nc2ccccc2C)n3C)ccc1OC,0.472750099,2.267621186,0.09,0.13,416.481,4.78582
COc1ccc(-c2nc(N)nc(-c3ccccc3)n2)cc1,0.797047989,1.777193683,0.01,0.01,278.315,2.7964
COc1cc(C(=O)NC2CCN(C)CC2)ccc1Nc1ncc(C(F)(F)F)c(Oc2cccc3c2C(=O)N(C)C3)n1,0.429167093,2.936121605,0.51,0.32,570.572,4.4495
Cc1cc(C)c(Nc2ccc(C(=O)O)cn2)c(C(=O)Nc2ccc(C(=N)N)cc2)c1,0.313975644,2.298870326,0.12,0.11,403.442,3.67661
CC(=O)Nc1ccc(-c2nc(N3CCOCC3)c3cnn(C4CCN(C(=O)C5CCCC5)C4)c3n2)cc1,0.569766977,3.106046169,0.11,0.08,503.607,3.2519
O=C(NC1CCCc2cccn21)c1cccc(-c2cccc3cnccc23)c1,0.555741456,3.062978642,0.32,0.16,367.452,4.9682
CCOc1ccc(CC(N=C(O)c2ccccc2)C(O)=NC(Cc2ccccc2)C(O)=Nc2nc(C(=O)O)cs2)cc1,0.110302524,3.825868703,0.01,0.05,586.67,6.0119
CC(C)(C)c1ccc(NC(=O)c2ccc(Nc3nccc(-c4cnc5ccccc5c4)n3)cc2)CC1,0.331192982,2.824076044,0.67,0.53,475.596,6.8154
COc1ccc(-c2ccccc2)cc1Nc1nccc(-c2cnc3ccccn23)n1,0.443993938,2.31226297,0.65,0.47,393.45,5.2105
N#Cc1cccc(-c2cnc3ccccn23)c1,0.631054466,2.160165351,0.19,0.02,219.247,2.87298
COC(=O)c1ccc(-c2nccc(C(=O)Nc3cccc4ccccc34)n2)cc1,0.530451881,1.991942394,0.13,0.05,383.407,4.3357
O=C(Nc1ccc(Cl)cc1C(=O)Nc1ccc(Cl)cn1)c1ccccc1,0.670604192,1.820618887,0.03,0.02,386.238,4.893
CN(C)C(=O)c1ccc(Nc2ncc(Cl)c(Nc3cc(C4CC4)n[nH]3)n2)cc1,0.582678366,2.719840651,0.61,0.53,397.87,3.9195
O=C(Nc1ccc2ccccc2c1)c1ccc(NC(=O)N2Cc3ccccc3C2)cc1,0.461652835,1.939416299,0.03,0.02,407.473,5.6398
O=C(CCCCCCNC(=O)c1ccc(Nc2ncc3ccccc3n2)cc1)NO,0.231971504,2.175814086,0.37,0.27,407.474,3.5591
CCCCNc1ncc(-c2ccc3ncccc3c2)nc1Nc1ccccc1C(=O)O,0.335001857,2.391312934,0.23,0.15,413.481,5.3456
CN(C)CCCCOc1ccc(-c2ccnc3[nH]ccc23)cc1,0.671871426,2.147415089,0.53,0.09,309.413,3.9505
COc1ccc(CNc2nc(NCc3ccccc3)ccc2-c2nc(-c3ccccc3)no2)cc1,0.275944011,2.253572347,0.06,0.03,463.541,6.0314
O=C(Nc1ccc(Cl)cc1)c1cnccc1NCc1ccncc1,0.737693982,1.975448408,0.27,0.18,338.798,3.9944
COc1ccc(NC(=O)Nc2ccc(-c3cnc(N)cn3)cc2)cc1OC,0.638968289,2.064357131,0.5,0.14,365.393,3.387
COc1ccc(-c2nc(-c3cccc4ccccc34)[nH]n2)cc1,0.613512575,1.925132533,0.27,0.03,301.349,4.3005
COc1cc2c(cc1Nc1ncc(Cl)c(Nc3ccccc3S(=O)(=O)C(C)C)n1)C(=O)NC1CCC(C(=O)O)CC12,0.280616384,3.957246701,0.34,0.35,600.097,4.8882
COc1ccc(CNc2nc(N3CCOCC3)c3cnn(C4CCN(C(=O)C5CCCCC5)C4)c3n2)cc1,0.50544987,3.135027637,0.09,0.06,519.65,3.6373
COc1cc(NC(=O)c2ccc(-c3ncccc3C(F)(F)F)cc2)cc(OC)c1OC,0.590730065,2.13791551,0.19,0.16,432.398,5.0455
Cc1ccc(-c2nc(-c3ccc(C)c(N4CCCC4)n3)ccn2)cc1,0.71260201,2.183095072,0.08,0.05,330.435,4.42264
COc1ccc(Nc2ncc(Nc3ccccc3C)nc2N)cc1,0.661403581,2.133825446,0.33,0.32,321.384,3.86302
CC(=O)Nc1ccc(-c2ccnc3[nH]nc(-c4cccc(NS(=O)(=O)c5ccccc5)c4)c23)cc1,0.312415749,2.412612006,0.35,0.26,483.553,5.0511
CN(C)CCOc1ccc(Nc2ncc(F)c(Nc3cc(C4CC4)[nH]n3)n2)cc1,0.507675023,2.570432855,0.7,0.49,397.458,3.6438
COc1ccc(Nc2ncc(C(=O)Nc3ccccc3N3CCCCC3)nn2)cc1,0.644251731,2.228482424,0.35,0.31,404.474,3.8664
O=C1NC(=O)C(=Cc2ccc(-c3ccc(Cl)cc3)o2)S1,0.854211213,2.266876119,0.45,0.24,305.742,3.9239
CN(C)C(=O)c1ccc(Nc2ncc(C(F)(F)F)c(Nc3ccccc3)n2)cc1,0.649465627,2.195976033,0.8,0.59,401.392,4.6844
COc1cc(OC)cc(N(CCNC(C)C)c2ccc3ncc(-c4cnn(C)c4)nc3c2)c1,0.413156181,2.79173859,0.23,0.16,446.555,4.1836
COc1ccc(-c2nn(-c3ccccc3)cc2N=C(O)c2cnn3cccnc23)cc1,0.345969062,2.678417482,0.2,0.09,410.437,4.2269
O=C1NC(=O)C(=Cc2ccc(-c3ccc(F)cc3)cc2)S1,0.857560872,2.019228236,0.56,0.28,299.326,3.8166
CC(=O)NC(C)c1ccc(OC2CCN(c3ccnc(N4CCCC4)n3)C2)cc1,0.810989978,3.095127868,0.09,0.09,395.507,2.9316
O=C1NC(=O)C(=Cc2ccc(OCCCN3CCCCC3)cc2)S1,0.632755937,2.205160057,0.32,0.15,346.452,3.2653
COc1ccc(-c2cccc3cnc(Nc4cccc(-c5cnn(C)c5)n4)cc23)cc1,0.419673714,2.410445715,0.37,0.35,407.477,5.4495
CCCCCCCCCCCCCCCCCCCCNC(=O)Oc1ccc(N)c(-n2c(=O)ccnc2Nc2ccccc2)c1,0.072143561,2.839124123,0.15,0.12,617.879,9.6884
COc1ccc(-c2cccc(C(=O)Nc3cccc(CN4CCC(O)CC4)c3)c2)cc1,0.617910243,1.936182165,0.01,0.02,416.521,4.5712
COc1ccc(-c2nc(Nc3ccccc3)nc(NC3CCCCC3)n2)cc1,0.629114897,2.071047026,0.22,0.25,375.476,5.0354
CC(=O)c1ccc(-c2nc(-c3ccc(F)cc3)c(-c3ccncc3)[nH]2)cc1,0.514086186,2.124130696,0.55,0.51,357.388,5.1474
CNC(=O)c1ccc(-c2nc(Nc3ccc(N4CCOCC4)cc3)ncc2F)cc1,0.676184628,2.234989683,0.52,0.75,407.449,3.2225
O=C(Nc1ccc(Cl)cc1)c1ccc(-c2nc(-c3cccc4ccccc34)no2)cc1,0.358348295,1.944160508,0.07,0.03,425.875,6.4625
COc1cc(Nc2nccc(-c3cnc(N4CCCC4)c4ncccc34)n2)cc(OC)c1OC,0.430693114,2.586046827,0.65,0.22,458.522,4.4564
COc1ccc(-c2ccnc(Nc3ccc(C4CNCCO4)cc3)n2)cc1,0.723365517,2.682560764,0.74,0.5,362.433,3.5567
CN(C)c1ccc(C(=O)Nc2ccc(C(=O)O)cc2)cc1,0.905339243,1.553814443,0,0,284.315,2.7031
CC(C)CC(NC(=O)Cc1ccccc1)C(=O)NC(Cc1ccc(O)cc1)C(=O)NC(C)C(=O)NC(C(=O)CF)C(C)C,0.200020733,3.66841454,0.02,0.01,598.716,2.3772
COc1ccc(Cl)cc1Nc1nc(Nc2ccccc2)nc2ncncc12,0.525770175,2.29886345,0.51,0.38,378.823,4.569
O=C(Nc1nc(-c2ccccc2)nc2sccc12)C1COc2ccccc2N1C1CC1,0.509148038,3.069262903,0.2,0.03,428.517,4.7268
COc1cc2ncnc(Nc3cccc(Cl)c3F)c2cc1OCCOCCO,0.524313552,2.387665045,0.48,0.29,407.829,3.5622
CN(C)CCn1ccc(Nc2ncc3c(n2)-c2c(nn(C)c2-c2ccccc2)CC3)c1,0.521597858,2.989456011,0.42,0.32,413.529,3.7494
COc1ccc(-c2nc(Nc3ccccc3)nc(NC3CCCCC3)n2)cc1,0.629114897,2.071047026,0.22,0.25,375.476,5.0354
Cc1ccc(-c2cccc3cnc(Nc4ccc(N5CCNCC5)cn4)nc23)cn1,0.545134947,2.603164439,0.31,0.41,397.486,3.54842
COc1ccc(-c2nc(-c3ccc(C)cc3)no2)cc1,0.724526217,1.660643382,0,0,266.3,3.72062
CC(C)(C)c1cc(NC(=O)Nc2ccc(Nc3cncc(Nc4ccccc4)n3)cc2)no1,0.293285876,2.516702746,0.16,0.11,443.511,5.8933
O=C(NC1CCC(CCN2CCC(c3csc4ccccc34)CC2)CC1)c1ccc(-n2cccn2)cc1,0.301766851,2.593488133,0.04,0.05,512.723,6.6453
CC(=O)c1cccc(NC(=O)Nc2ccc(-c3cccc4[nH]ncc34)cc2)c1,0.438024121,2.037375066,0.68,0.16,370.412,5.0765
CCCN(CCC)CCc1c[nH]c2ccc(S(N)(=O)=O)cc12,0.78305553,2.322556396,0.13,0.01,323.462,2.4798
O=S(=O)(c1ccccc1)c1ccc2c(c1)C=CNC2,0.912889801,2.499148804,0.07,0.02,271.341,2.5933
COc1ccc(Nc2ncc(C(N)=O)c(Nc3ccccc3)n2)cc1,0.639658763,1.928657005,0.77,0.49,335.367,3.0713
O=C(Nc1ccc(Cl)cc1C(=O)Nc1ccc(Cl)cn1)c1ccccc1,0.670604192,1.820618887,0.03,0.02,386.238,4.893
Cc1cc(-c2n[nH]c3ccc(C(O)=NC4CCCC(CO)(Cc5ccc(F)cc5)C4)cc23)ccn1,0.253621122,3.761728412,0.28,0.23,472.564,5.54102
COc1ccc(C=NNc2nc(Nc3ccccc3)nc(N3CCOCC3)n2)cc1,0.457522095,2.296048968,0.02,0.05,405.462,2.9064
O=C(NC1CCCCC1)c1cnn2ccc(N3CCCC3c3cc(F)ccc3F)nc12,0.672618607,3.075300621,0.06,0.01,425.483,4.4115
CCNC(=O)c1ccc(-c2cc3ncnc(Nc4ccc(OC)c(OC)c4)cc3n2)cc1,0.45523836,2.295281475,0.2,0.25,429.48,4.1539
COc1ccc(-c2nc(Nc3ccccc3)nc(N)n2)cc1,0.768943692,1.845301001,0.17,0.12,293.33,2.873
COc1ccc(Nc2ncc(C(=O)Nc3ccccc3)cc2-c2ncccc2Cl)cc1,0.403875466,2.142752934,0.05,0.18,430.895,5.8015
COc1ccc(-c2ccc3c(N4CCOCC4C)nc(N4CCCCCC4)nc3n2)cc1,0.607569365,2.950136826,0.05,0,433.556,4.3059
COc1ccc(-c2nc(N3CCOCC3)c3cnn(C4CCN(C)CC4)c3n2)cc1,0.657246064,2.47967683,0.03,0.03,408.506,2.6052
CC(=O)Nc1ccc(-c2cc(-c3cccnc3)c(-c3ccc(N)cc3)[nH]2)cc1,0.445607446,2.239281049,0.42,0.09,368.44,4.9513
Cc1ccc(-c2ccc(N3CCC(N4CC=C(c5ccc(Cl)cc5)CC4)C3=O)o2)cc1,0.522142325,3.146688313,0.1,0.02,432.951,5.80302
O=C(O)c1cccc(-c2cccc(Nc3nccc(Nc4ccccc4)n3)c2)c1,0.417797223,2.035790894,0.68,0.61,382.423,5.329
COc1ccc(-n2cnc3ccccc32)cc1OCCCOc1ccc2c(c1)C(=O)C(=O)N2,0.32676151,2.440513161,0.25,0.06,443.459,4.0168
CN(C)C(=O)Cn1c(-c2ccccc2)nc2ccccc21,0.739129737,1.827627467,0,0,279.343,2.7915
CCC(C)C(NC(=O)Cn1c(C)cc(-c2ccccc2)nc1=O)C(=O)C(C)(C)C,0.776685013,3.1702837,0.04,0.01,397.519,3.36482
COc1ccc(-c2cnc(Nc3ccc(N4CCN(C)CC4)cc3)nn2)cc1,0.734025372,2.158718426,0.39,0.56,376.464,3.0426
COc1ccc(-c2ccc3c(c2)OCC3=NO)cc1,0.662716153,2.148408104,0.1,0.05,255.273,2.9329
Cc1cccc(-c2ccc(Nc3cc(N4CCOCC4)nc(N4CCOCC4)n3)cc2)n1,0.658528063,2.448727087,0.1,0.18,432.528,3.26382
CN(C)C(=O)c1ccc(-c2nnc(Nc3cccc(-c4cnc5ccccc5c4)c3)[nH]2)cc1,0.400329635,2.539367488,0.46,0.28,434.503,5.1323
CCCCCCCCCCCCCCCCCCCCCCCCCNC(=O)Nc1c(C(C)C)cccc1C(C)=O,0.081590327,2.550719382,0.03,0.01,570.947,12.1263
COc1ccc(-c2ccc(C(NC(C)C)C(=O)C3CC3c3ccccc3)cc2)cc1,0.522168618,3.1446664,0.01,0.02,399.534,5.7741
Cc1cc(-c2ccc(C(=O)Nc3ccc(C(C)(C)C)cc3)cc2)ccn1,0.67108583,1.845402092,0.17,0.15,344.458,5.60682
CN(C)CCCOc1ccc(-c2cnc(N)c(C(=O)Nc3ccccc3)n2)cc1,0.572404567,2.11519634,0.63,0.06,391.475,3.3086
COc1ccc(-c2cnc(Nc3cc(N4CCOCC4)nc(Nc4ccccc4)n3)s2)cc1OC,0.356067861,2.529806968,0.33,0.35,490.589,4.9411
CC(=O)Nc1ccc(-c2nc(N3CCOCC3)c3cnn(C4CCN(C(=O)C(C)C)CC4)c3n2)cc1,0.584605801,2.647922307,0.08,0.1,491.596,3.1078
N#Cc1cccc(-c2ccc(C(=O)Nc3ccccc3N)cc2)c1,0.71562305,1.7792415,0.13,0.04,313.36,4.05978
COc1ccc(-n2c(C(C)Nc3ncnc4[nH]ccc34)nnc2N)cc1,0.504972018,3.084682714,0.36,0.04,350.386,2.3025
O=C(Nc1ccccc1)c1ccccc1Nc1ccccc1Nc1ccncc1,0.394184674,1.926481022,0.13,0.17,380.451,5.8211
CN(C)c1ccc(C=Cc2ccccc2)cc1,0.712717055,1.667147273,0.01,0,223.319,3.923
Cc1ccc(-c2nc(Nc3ccc(N4CCN(C)CC4)cc3)ncc2N)cc1,0.728010123,2.221067374,0.4,0.51,374.492,3.52962
O=C1CCc2ccccc2N1C1CCN(C2=Nc3ccccc3Nc3ccccc32)CC1,0.581493466,2.534998827,0.15,0.03,422.532,5.2657
N#Cc1cc(-c2ccncc2)cn2nccc12,0.631711697,2.572786274,0.42,0.08,220.235,2.26798
O=C(Nc1cccc(Cl)c1)Nc1cccc2ccccc12,0.675424835,1.578024705,0.02,0.03,296.757,5.1372
COc1ccc(-c2n[nH]c3ccc(-c4cncc(N)c4)cc23)cc1OC,0.585317751,2.292264566,0.64,0.17,346.39,3.8913
COc1ccc(Nc2ncc(C(=O)Nc3ccccc3)cc2-c2nc(-c3ccccc3)no2)cc1,0.314268562,2.194592928,0.17,0.13,463.497,5.8031
COc1ccc(C(=O)C=Cc2ccc(F)c(F)c2)cc1,0.62462393,1.787807004,0.01,0.04,274.266,3.8695
O=C(Nc1ccc(Cl)cc1Cl)c1cnn2ccccc12,0.780400414,2.051398386,0.02,0.04,306.152,3.8934
COc1ccc(Nc2nccc(Nc3ccccc3N)n2)cc1OC,0.591968293,2.084343544,0.7,0.45,337.383,3.5632
O=C(NC1CCC(CCN2CCOCC2)CC1)Nc1ccc2ccccc2c1,0.814365198,2.125837758,0,0.02,381.52,4.2424
COc1cc(CNC(=S)NC(Cc2ccc(O)cc2)C(=O)NC2CCCCC2)ccc1O,0.388216297,2.734774196,0.02,0,457.596,3.1307
COC(=O)C1=C(c2ccccc2)C2=C(C(=O)CC2)C1c1ccc(NC)cc1,0.834863563,2.935314547,0.08,0.02,359.425,4.1118
COc1cc(Cl)ccc1-c1nccc2cc(S(=O)(=O)Nc3nccs3)ccc12,0.489495478,2.382628506,0.12,0.02,431.926,4.8211
COc1ccc(C=C2C(=O)Nc3ccc(NC(=N)N)cc32)cc1OC,0.388939248,2.335293214,0.42,0.23,338.367,2.50187
COc1ccc(-c2ccccc2)cc1NC(=O)c1ccc(-c2ccc(C(=O)O)cc2)s1,0.391697478,1.983752969,0,0.04,429.497,6.0412
COc1ccc(Nc2ncc(C(=O)Nc3ccccc3)s2)cc1OC,0.694661195,1.941355082,0.15,0.14,355.419,4.1562
Cc1ccc(-c2nc(N)c3cc(C(=O)O)ccc3n2)s1,0.755261851,2.253678158,0.08,0,285.328,2.94712
COc1ccc(-n2c(C)nc3ccccc32)cc1NC(=O)c1ccc(NC(=O)Nc2ccccc2)cc1,0.261939901,2.125083501,0.06,0.02,491.551,6.23882
CN(C)CC(=O)Nc1cc(Nc2cc(Nc3ccc(N4CCOCC4)cc3)ncn2)ccn1,0.47929929,2.56918143,0.23,0.5,448.531,2.6955
COc1ccc(-c2nc(C(=O)Nc3ccc(OC(F)(F)F)cc3)cc(N3CCCCC3)n2)cc1,0.525249365,2.280612337,0.06,0.03,472.467,5.2934
O=C(c1cc(Cc2n[nH]c(=O)c3ccccc23)ccc1F)N1CCN(C2CC2)CC1,0.723169726,2.369417682,0.12,0.05,406.461,2.5732
Cc1ccc(C)c(Nc2ccccc2Nc2nc3ccccc3s2)c1,0.449143302,1.988691278,0.01,0,345.471,6.40034
COc1ccc(CCCNC(=O)c2cnc(C#N)o2)cc1,0.819028046,2.444900544,0.13,0.04,285.303,1.91748
O=C(Nc1ccc(Cl)cc1)c1ccc(-c2noc(C(F)(F)F)n2)cc1,0.730613218,2.007206621,0.08,0.02,367.714,4.6611
CCN(CC)CCOc1ccc(Nc2ncc(Br)c(Nc3ccccc3)n2)cc1,0.423379493,2.203137449,0.68,0.33,456.388,5.4469
COc1cc(CNC(=S)Nc2ccc(Cl)c(C(F)(F)F)c2)cc(OC)c1OC,0.632465246,2.18319297,0.01,0.03,434.867,4.8712
COc1cccc(-c2ccc(Nc3cc(N4CCOCC4)nc(N4CCOCC4)n3)cc2)c1,0.615035097,2.351463965,0.14,0.15,447.539,3.569
CC(C)c1c(C(=O)NCc2ccc(F)c(F)c2)nc(-c2ccc(F)cc2)n1CCC(O)CC(O)CC(=O)O,0.279072557,3.440727675,0.11,0.05,533.547,3.9975
COc1ccc(CNC(=O)c2cc(-c3ccncc3)c(-c3ccc(F)cc3)o2)cc1OC,0.440130047,2.271223783,0.41,0.05,432.451,5.0949
COc1ccc(-c2nc(SCCNC(=O)C(F)(F)F)sc2-c2ccc(F)cc2)cc1,0.294077211,2.428999307,0.05,0.07,456.486,5.3954
COc1ccc(CCNC(=O)c2ccc(-c3cn[nH]c3)cc2OC)cn1,0.681759015,2.303963643,0.39,0.1,352.394,2.4614
Cc1cc(Nc2cc(N3CCOCC3)nc(Nc3ccc(N4CCOCC4)cc3)n2)ccc1C(=O)O,0.453712554,2.523545681,0.17,0.18,490.564,3.64362
COc1ccc(-c2nc(-c3ccccc3)n(CC(=O)Nc3ncccc3N3CCOCC3)n2)cc1,0.441832881,2.452277916,0.09,0.02,470.533,3.491
O=C(Nc1ccc(-c2cnc3cccnc3c2)cc1)c1ccccc1Cl,0.546445718,1.852682728,0.19,0.26,359.816,5.2025
COc1ccc(-n2nc(C(C)(C)C)cc2NC(=O)Nc2cccc(Nc3ccccc3)c2)cc1,0.307294966,2.190937793,0.23,0.14,455.562,6.566
COc1cc(C(=O)NC(=N)Nc2ccccc2Cl)ccc1OC,0.592635722,2.112661888,0,0.01,333.775,3.13387
CC(C)CN(Cc1ccc(Cl)cc1Cl)S(=O)(=O)c1ccc(N)cc1,0.746549209,2.13166026,0.04,0,387.332,4.4225
COc1cccc(-c2ccc(N3CCOCC3)c3ncccc23)n1,0.741508653,2.262838871,0.19,0.02,321.38,3.142
COc1cc(C(=O)NC(=N)Nc2ccccc2)cc(NC(=O)C2CCCCC2)c1,0.454644915,2.289002271,0,0,394.475,3.99067
COc1ccc(NC(=O)Nc2ccc(-c3ccc(O)c4ccccc34)cc2)cc1OC,0.381321317,1.932427299,0.23,0.03,414.461,5.8736
Cc1ccc(-c2nc(-c3ccc(Cl)cc3)c(-c3ccncc3)[nH]2)cc1,0.511952298,2.041158718,0.45,0.24,345.833,5.76752
CNC(=O)c1ccc(-n2cnc3ccccc32)cc1NC1CCOCC1,0.759027082,2.347604388,0.12,0.13,350.422,2.976
Fc1cccc(-c2n[nH]c3ccc(-c4cncc(Nc5ccccc5)n4)cc23)c1,0.427075276,2.326686388,0.77,0.33,381.414,5.5696
CN(C)CCC=C(c1ccccc1)c1ccc(F)cc1,0.78565904,1.946468832,0.02,0.01,269.363,4.2091
CN1CCN(c2ccc(Nc3nccc(Nc4ccccc4Cl)n3)cc2)CC1,0.669796372,2.143614299,0.65,0.62,394.91,4.369
COc1ccc(-c2cnc3ccc(Nc4ccccc4)nc3n2)cc1,0.599785954,2.039867452,0.31,0.35,328.375,4.444
CCc1cc(C(=O)O)ccc1-c1cccc2cc(Nc3ccccc3)[nH]c12,0.420800842,2.337641938,0.19,0.02,356.425,5.8391
COc1ccc(CNC(=O)c2ccc(Oc3ccc(F)c(-c4c(C)cccc4C#N)n3)cc2)cc1,0.371429926,2.361048217,0.03,0.02,467.5,5.7987
CC(=O)Nc1cc(C(=O)O)ccc1-c1ccc(F)c2c1CN(C(=O)OCc1ccccc1)CC2,0.565512136,2.422716669,0.03,0.02,462.477,4.8442
CCOc1ccc(Cc2nc(N)nc(N)c2-c2ccc(NC(C)=O)cc2)cc1,0.60706128,2.201999755,0.27,0.06,377.448,3.2559
COc1ccc(-n2nc(C(C)(C)C)cc2NC(=O)Nc2ccc(Oc3ccnc(Nc4ccc(N5CCOCC5)cc4)c3)cc2OC)cn1,0.143236603,2.99138685,0.19,0.36,664.767,6.9935
CC(C)C(=O)CN1C(=O)C(NC(=O)Nc2cccc(N)c2)N=C(c2ccccc2)c2ccccc21,0.475815321,3.011046504,0.19,0.02,469.545,3.8257
CC(=O)c1nn(CC(=O)Nc2ccc(Cl)cc2)c(=O)cc1-c1cnc(N)cc1,0.63755377,2.389996302,0.19,0.1,397.822,2.3822
COc1ccc(-c2ccc(C(=O)Nc3ccccc3N3CCC(C(=O)O)CC3)cc2)cc1,0.580618868,1.918440338,0.02,0.01,430.504,4.9155
COc1cc(Nc2nccc(-c3cnc4ccccc4c3)n2)cc(OC)c1OC,0.52229095,2.219040746,0.75,0.57,388.427,4.4612
COc1ccc(-c2nc(-c3cccc4ccccc34)n[nH]2)cc1,0.613512575,1.928553348,0.26,0.03,301.349,4.3005
CCC(C)C(=O)Nc1ccc(-c2nc(-c3cccc4ccccc34)[nH]n2)cc1,0.502198193,2.571859334,0.27,0.08,370.456,5.2765
CC(C)CN(Cc1cc(Cl)c2c(c1)CCCCO2)C(=O)C(C)C,0.779267658,2.506227685,0,0.01,337.891,4.6957
COc1ccc(C(=O)Nc2cccc(C(F)(F)F)c2)cc1Nc1ncnc2cnc(Nc3ccccc3)nc12,0.227969348,2.496194298,0.57,0.41,531.498,6.1867
Cc1cc(C)c(Nc2nccc(-c3cnn4ncccc34)n2)cc1,0.625844679,2.493193683,0.74,0.25,316.368,3.54674
CN1CCN(c2ccc(C(=O)Nc3cc(-c4cccc(N)c4)ccc3C(=O)Nc3ccccc3)cc2)CC1,0.31380658,2.1758831,0.06,0.06,505.622,5.1922
COc1ccc(-c2nc(-c3ccccc3)no2)cc1,0.71629177,1.593006911,0.01,0,252.273,3.4122
CN(C)c1ccc(-c2nc(-c3cccc4c3ccn4C3CCCCC3)no2)cc1,0.43605361,2.387492976,0.03,0.05,386.499,5.9295
COc1ccc(C(=O)Nc2cccc3ccccc23)nc1Nc1ccccn1,0.535410463,2.12054019,0.11,0.09,370.412,4.6343
CC(=O)c1ccc(NC(=O)Nc2ccc(-c3cccc4cnccc34)cc2)cc1,0.442309977,1.932820965,0.48,0.26,381.435,5.7484
COc1ccc(CC(=O)O)cc1-c1ccc(F)c2c1CN(C(=O)C=Cc1ccccc1)CC2,0.557511732,2.476918296,0.01,0,445.49,4.7265
COc1ccc(-c2nn(-c3ccccc3)cc2NC(=O)c2cnn3cccnc23)cc1,0.475724531,2.345501168,0.18,0.04,410.437,3.8429
COc1cccc(NC(=O)Nc2ccc(-c3cnc(Nc4cccc(N5CCCCC5)c4)nn3)cc2)c1,0.292060373,2.362807954,0.31,0.22,495.587,5.9251
COc1ccc(C(=O)Nc2cc(C(C)(C)C)on2)cc1Nc1ncnc2cnc(NC3CCOC3)nc12,0.336092792,3.359049217,0.37,0.21,504.551,3.9106
O=C(Nc1cccc(CN2CCC(C(O)=NC3CCCCC3)CC2)c1)c1ccc(F)cc1,0.458039995,2.398712115,0.01,0,437.559,5.5792
COc1cccc(-c2[nH]c3ncnc(Nc4ccccc4)c3c2)c1,0.586393888,2.106937029,0.62,0.38,316.364,4.3771
CC(C)CC(NC(=O)CCc1ccccc1)C(=O)NC(C=O)Cc1ccccc1,0.575307941,2.777168272,0.01,0,394.515,3.0765
COc1cc(Nc2c(C#N)cnc3cc(-c4ccccc4)ccc23)cc(OC)c1OC,0.448695921,2.253681405,0.33,0.37,411.461,5.54288
COc1cc2nccc(Oc3ccc(NC(=O)Nc4cccc(C(F)(F)F)c4)cc3)c2cc1OC,0.318702686,2.227660916,0.43,0.25,483.446,6.7071
COc1ccc(-c2ccc3c(Nc4cccc(NC(=O)CCN)c4)n[nH]c3c2)cc1,0.370121662,2.225693661,0.63,0.19,401.47,4.2694
CC(=O)Nc1ccc(-c2cnc(N)c(-c3ncccc3Cl)n2)cc1,0.7623118,2.302276922,0.44,0.12,339.786,3.3996
O=C(NCCCCCCCCCCCNc1c2c(nc3ccccc13)CCCC2)c1ccc(-c2ccc(F)cc2)cc1,0.141266166,2.472538716,0.2,0.08,565.777,9.2725
CC(C)(C)c1ccc(Nc2ncc(-c3ccnc(Nc4ccccc4)n3)cc2)cc1,0.413704635,2.161445916,0.88,0.68,395.51,6.3233
COc1ccc(-c2nc(-c3ccccc3)c(-c3ccccc3)[nH]2)cc1,0.543603121,1.79861319,0.26,0.06,326.399,5.4193
COc1ccc(-c2nc(Nc3ccccc3)n(-c3ccccc3)n2)cc1,0.571711281,1.952851867,0.15,0.26,342.402,4.6865
CNC(=O)c1ccc(-c2ccc3c(c2)C=CN=C3c2cnn(CC(=N)N)c2)cc1,0.362738722,2.518780028,0.2,0.19,384.443,3.06087
CC(=O)c1nc(C(=O)NC(=O)c2ccccc2)c(O)c(O)c1,0.580210454,2.342222588,0.02,0,300.27,1.2656
CC(=O)c1cccc(Nc2ncnc3ccc(-c4ccc(N)cc4)cc23)c1,0.405330084,2.064613536,0.51,0.33,354.413,4.8252
COc1ccc(NC(=O)Nc2ccc(-c3cncc4ccccc34)cc2)cc1OC,0.460596263,1.966301088,0.39,0.07,399.45,5.563
COc1cc(C(=O)NC2CCN(C)CC2)ccc1Nc1ncc(C(F)(F)F)c(Oc2cccc3c2C(=O)N(C)C3)n1,0.429167093,2.936121605,0.51,0.32,570.572,4.4495
Nc1nccc(-c2cccnc2)c1-c1nc2ccc(-c3ccccc3)cc2[nH]1,0.475853292,2.317081502,0.49,0.17,363.424,4.9361
CC(=O)c1ccc(CNc2nc(Nc3cc(C4CC4)[nH]n3)cc(OC)n2)cc1,0.513956614,2.556063699,0.11,0.09,378.436,3.644
CC(=O)c1ccc(NC(=O)Nc2ccc(Oc3ccnc(Nc4cccc(N5CCOCC5)c4)n3)cc2)cc1,0.251522237,2.41202827,0.42,0.36,524.581,5.6957
O=C1NC(=O)C(=Cc2ccc(-c3ccc(F)cc3)c(Cl)c2)S1,0.824689725,2.1846777,0.65,0.3,333.771,4.47
Cc1ccc(-c2nc(SCCCO)nc(Nc3ccccc3)n2)cc1,0.493382621,2.149107506,0.07,0.02,352.463,4.06512
CC(C)(C)c1ccc(C(=O)Nc2cccc(C(F)(F)F)c2)cc1,0.803400477,1.730661857,0,0.01,321.342,5.2552
O=C1NC(=O)C(=Cc2cc(C(F)(F)F)ccc2OC(=O)c2ccccc2)N1,0.373176129,2.369092731,0.099369676,0.07,376.29,3.1049
COc1ccc(C(=O)Nc2ccc(-c3ccccc3)cc2)cc1OCCNC(=O)CN(C)C,0.46379035,1.98713859,0.03,0.02,447.535,3.6711
COc1cccc(-n2nc(NC(=O)c3ccccc3)cc2-c2ccc3ncnn3c2)c1,0.475724531,2.474393644,0.18,0.07,410.437,3.8429
Cc1cc(-c2n[nH]c3ccc(C(O)=NC4CCCC(O)(Cc5ccccc5)C4)cc23)ccn1,0.295284607,3.636646917,0.33,0.2,440.547,5.15432
CCC(=O)Nc1ccc(C(=O)Nc2ccc3c(c2)-c2ccccc2C(=O)O3)cc1,0.397861398,1.956561122,0.02,0,386.407,4.547
O=C(Nc1ccc(-c2ccnc3[nH]ccc23)cc1)c1ccc(-c2ccccc2)cc1,0.387271217,1.972232546,0.5,0.21,389.458,6.1492
CC(=O)Nc1ccc(CNc2nc(Nc3cc(N4CCOCC4)cc(N4CCOCC4)n3)ccn2)cc1,0.422758778,2.686630113,0.23,0.2,504.595,2.8589
CC(C)C(NC(=O)OCc1ccccc1)C(=O)NC(C=O)Cc1ccccc1,0.653348608,2.760302602,0,0,382.46,2.8638
N#Cc1cccc(-c2ccncc2)c1,0.675947638,1.777572893,0.65,0.02,180.21,2.62028
O=C(NCCc1ccccc1)c1ccc(NC(=O)N2Cc3ccccc3C2)cc1,0.691220124,1.865507636,0,0,385.467,4.2068
COc1ccc(-c2ccccc2)cc1-n1cnc2ccc(N3CCNCC3)cc21,0.57498664,2.287971898,0.23,0.04,384.483,4.1107
COc1ccc(-c2nc(Nc3cccc(Cl)c3)c3ncnc(N)c3c2OCCCO)cc1,0.336574393,2.607507729,0.4,0.27,451.914,4.4408
COc1cc(Nc2nccc(Nc3ccccc3N3CCOCC3)n2)ccc1-c1ncco1,0.427911289,2.611655802,0.6,0.45,444.495,4.464
COc1cc2ncnc(Nc3cccc(Br)c3)c2cc1OCCCCC,0.476705363,2.122632566,0.78,0.31,416.319,5.7135
CC(C)(C)c1ccc(CNc2ccc(C(=O)O)cc2)cc1,0.879446387,1.658768289,0.01,0,283.371,4.2944
CC(C)C(NC(=O)Cn1ccc2ccccc21)C(=O)NC(C=O)Cc1ccccc1,0.537366928,2.985362467,0,0.04,405.498,2.7085
COc1ccc(-c2ccc(C(=O)Nc3ccccc3N)cn2)cc1,0.720442206,1.762437486,0.22,0.04,319.364,3.5917
CS(=O)(=O)c1ccc(-c2nc(-c3ccnc4ccccc34)[nH]n2)cc1,0.61322008,2.213553159,0.32,0.12,350.403,3.0904
O=C1NC(=O)C(=Cc2c[nH]c3ccc(Br)cc23)C1=Cc1ccccc1,0.509804699,2.461039698,0.35,0.19,393.24,4.0538
Cc1ccc(-c2noc(C(=O)NC(C)C)c2-c2nc3ccccc3nc2N)cc1,0.548398269,2.524465109,0.14,0.06,387.443,3.98062
O=C(Nc1nc(-c2ccccc2)nc2sccc12)C1CC1,0.801135357,2.106139711,0.3,0.04,295.367,3.7068
COc1ccc(Nc2ncc3ccn(-c4cccc(C(N)=O)c4)c3n2)cc1,0.570140897,2.223941938,0.67,0.61,359.389,3.2716
COc1ccc(Nc2nccc(Nc3ccccc3C(=O)OC)n2)cc1OC,0.598378957,2.093969083,0.67,0.44,380.404,3.7676
COc1ccc(C(=O)C=Cc2ccc(C(=O)O)cc2)cc1OC,0.654240396,1.795312369,0,0,312.321,3.2981
Cc1cc(C)cc(-c2[nH]c3ccccc3c2CN(C)CC(=O)Nc2ccc(Cl)c(C(=O)O)c2)c1,0.311616454,2.39993753,0.16,0.04,475.976,5.87384
O=C1NCc2ccc(-c3cccc(C4(O)CCCCC4)c3)cc21,0.887510151,2.452700049,0.34,0.09,307.393,3.7487
CC1(C)CN=C(N)N1c1ccc(NC(=O)c2ccc(C(F)(F)F)cc2)cc1,0.854312222,2.514032823,0.03,0.05,376.382,3.871
COc1ccc(-c2ccc3ccccc3c2)cc1OC1CCCC1,0.601673235,1.843803552,0.07,0.07,318.416,5.8368
O=C(Nc1cccc(C(=O)Nc2ccc3ccncc3c2)c1)c1ccccc1,0.547237886,1.801526494,0.08,0.08,367.408,4.7394
Cc1ccc(-c2ccc(-c3ccc(C(N)=O)cn3)cc2)cc1,0.796109114,1.707973907,0.12,0.06,288.35,3.82292
CN(C)CCOc1ccc(Nc2nccc(Nc3ccccc3Cl)n2)cc1,0.594298261,2.1232875,0.63,0.39,383.883,4.5576
O=C1NC(=O)C(=Cc2ccc(-c3ccccc3)cc2)S1,0.854122807,1.941004124,0.58,0.23,281.336,3.6775
COc1ccc(-c2ccc3c(N4CCOCC4C)nc(N4CCOCC4)nc3n2)cc1OC,0.581477654,3.059197962,0.08,0.03,451.527,2.7707
COc1ccc(-n2nc(C(C)(C)C)cc2NC(=O)Nc2ccc(OC(C)C)cc2)cc1,0.541240028,2.173826959,0.14,0.01,422.529,5.6096
COc1ccc(S(=O)(=O)Nc2ccccc2C(=O)Nc2ccc(-c3nc(N)nc(N)c3CO)cc2)cc1,0.233103689,2.391331116,0.21,0.16,520.571,2.862
CC(C)c1c(C(=O)NCc2ccc(F)c(F)c2)c2ccc(-c3cccnc3)cc2n1Cc1ccccc1,0.262184492,2.439287366,0.12,0.02,495.573,7.0832
O=C(Nc1ccc(Cl)cc1Cl)Nc1ncccc1Nc1ccccc1Cl,0.466667517,2.093174812,0.14,0.22,407.688,6.4294
COc1ccc(C(=O)Nc2cccc(C(F)(F)F)c2)cc1Nc1ncnc2[nH]ccc12,0.417809816,2.333818389,0.43,0.24,427.386,4.9812
CN1CCN(c2ccc(-c3cc4ncn(C)c(=O)c4c(N4CCOCC4)n3)cc2)CC1,0.637408896,2.514028319,0.1,0.04,420.517,1.5839
COc1cccc(Nc2ncc(-c3ccnc(Nc4ccccc4)n3)cc2)c1,0.496344545,2.064903003,0.83,0.51,369.428,5.0344
Cn1c(Nc2c(Cl)ccc(CNC(=O)C(C)(C)C)c2Cl)nc2cc(C(=O)Nc3ccc(Cl)c(Cl)c3)ccc21,0.21264384,2.662616292,0.07,0.06,593.342,7.8451
COc1ccc(C(=O)Nc2cccc(C(N)=O)c2)cc1Nc1ncnc(NC(C)C)n1,0.43451306,2.307385401,0.24,0.33,421.461,2.7953
O=C1NC(=O)C(=Cc2ccc(OCCC=CCCCCCCC(=O)Nc3ccc(N4CCOCC4)cc3)cc2)C1,0.145559536,2.728665731,0.07,0.04,545.68,5.2575
COc1ccc(-c2ccc3nccc(Nc4cccc(C(=O)Nc5ccccc5)c4)c3c2)cc1OC,0.267438512,2.106660406,0.18,0.29,475.548,6.9149
O=C1NC(=O)C(=Cc2ccc(-c3cccc([N+](=O)[O-])c3)cc2)O1,0.533681088,2.382373382,0.41,0.15,310.265,2.8691
Cc1ccc(-c2nc(-c3ccc(F)cc3)c(-c3ccncc3)[nH]2)cc1,0.557324907,2.046056083,0.57,0.5,329.378,5.25322
O=C(Nc1ccc(-c2cnc3ccccc3n2)cc1)c1ccccc1CN1CCCCC1,0.459064444,2.051674779,0.09,0.09,422.532,5.535
CC(C)(C)c1ccc(S(=O)(=O)Nc2cccc(C(F)(F)F)c2)cc1,0.857284471,1.903886169,0,0,357.397,4.8037
COc1ccc(Nc2ncc(C(=O)Nc3ccccc3N)cc2-c2ncccc2C(=O)Nc2ccccc2)cc1,0.181452141,2.402298,0.12,0.14,530.588,5.9826
COc1ccc(C(=O)Nc2cc(NC(=O)c3cc(N)ccc3Cl)cc(OC)c2)cc1OC,0.453538222,2.041156729,0.05,0.03,455.898,4.4526
COc1ccc(CCNC(=O)c2ccc(-c3nc(C#N)c(N)c(C(C)C)n3)cc2)cc1OC,0.54161403,2.504617968,0.14,0.01,445.523,3.71058
Cc1ccc(C(=O)Nc2ccc(CN3CCCCC3)cc2)cc1,0.91628869,1.535495686,0,0,308.425,4.23322
O=C1NC(=O)C(=Cc2ccc(-c3cccc(Cl)c3)cc2)S1,0.838937599,2.070371313,0.62,0.21,315.781,4.3309
COc1ccc(C(=O)Nc2cccc(C(=O)Nc3ccc4ccccc4c3)c2)cc1OC,0.43506917,1.802876124,0,0.02,426.472,5.3616
COc1ccc(CNCC(O)COc2ccc(O)c3[nH]c(=O)ccc23)cc1,0.481853827,2.714592469,0.1,0.02,370.405,1.7718
COc1cc(NC(=O)c2ccc(C)c(Nc3nccc(-c4cnn(C)c4)n3)c2)cc(OC)c1OC,0.39063034,2.439603573,0.58,0.49,474.521,4.20722
COc1ccc(-n2nc(C(N)=O)c3c2-c2cc(NC(=O)c4ccccc4)ccc2CC3)cc1,0.49199066,2.254807847,0.08,0.01,438.487,3.9977
CC(=O)c1ccc(-c2cccc(Nc3nccc(Nc4ccc5c(c4)CCCC5)n3)c2)cc1,0.330089338,2.288174749,0.45,0.37,434.543,6.7122
COc1ccc(-n2c(C)nc3c(N4CCOCC4)ccnc32)cc1,0.741037237,2.29761676,0.09,0.02,324.384,2.57412
Cc1ccc(-c2noc(C(=O)Nc3ccc(N4C(=O)CCC4=O)cc3)n2)cc1,0.701998489,2.206501968,0.06,0,376.372,2.95072
COc1ccc(-n2ccc3cc(-c4ccc(C)c(C)c4)nc(N)c32)cc1,0.575462783,2.29400766,0.11,0.01,343.43,4.90014
COc1ccc(-c2cnc(Nc3cccc(C(=O)O)c3)[nH]2)cc1,0.670885776,2.056857955,0.42,0.33,309.325,3.5271
COc1cccc(-c2cncc3cc(-c4ccc(NS(C)(=O)=O)cc4)[nH]c23)c1,0.530103634,2.39964716,0.37,0.26,393.468,4.277
CC(=O)Nc1ccc(-c2nc(Nc3ccc(N4CCOCC4)cc3)ncc2OC)cc1,0.629867495,2.233609857,0.38,0.59,419.485,3.6908
O=C1NC(=O)C(=Cc2ccc(-c3cccc(Cl)c3)cc2)S1,0.838937599,2.070371313,0.62,0.21,315.781,4.3309
Cc1cccc(Nc2nccc(Nc3ccccc3)n2)c1,0.746728862,1.841052057,0.8,0.36,276.343,4.27222
CC(=O)c1ccc(C(=O)Nc2cccc(CNc3ncnc4c(C(N)=O)cccc34)c2)cc1,0.376037101,2.203109131,0.15,0.07,439.475,3.7957
COc1ccc(C(=O)Nc2cccc(C(=O)Nc3ccc4c(c3)-c3c(c(C(N)=O)nn3-c3ccc(N)cc3)CC4)c2)cc1,0.204854762,2.554350429,0.08,0.01,572.625,4.8322
COc1ccc(Nc2ncc(C(=O)Nc3ccccc3)cc2-c2nc(C)nc(N)n2)cc1,0.423526131,2.290253214,0.26,0.16,427.468,3.82872
CCOc1ccc(CC(=O)O)cc1-c1ccc(F)c2c1CN(C(=O)CC1CCc3ccccc31)CC2,0.476393718,3.092011338,0.01,0.01,487.571,5.5233
O=C(Nc1ccc2c(c1)C=C(c1ccccc1)C2)c1c[nH]c2ncccc12,0.55076287,2.393844231,0.37,0.08,351.409,4.9119
CN(C)CCc1ccc2cc(-c3ccncc3)ccc2n1,0.73160667,2.083722561,0.4,0.13,277.371,3.4009
CN(C)CCCNC(=O)c1cc2ccccc2n(C)c1=O,0.841348673,2.00851736,0.01,0,287.363,1.22
CN(C)CCCC=C(c1ccccc1)c1cccc(Cl)c1,0.669705434,2.034205159,0.01,0.01,299.845,5.1135
COc1ccc(-c2cccc3ccccc23)cc1N1CCNCC1,0.791851233,1.95467029,0.22,0.04,318.42,3.925
COc1ccc(-c2cnc(Nc3cccc(C(=O)Nc4cccc(C(F)(F)F)c4)c3)n2C(C)C)cc1,0.286205419,2.475009813,0.11,0.24,494.517,7.1543
COc1ccc(-c2nc(Nc3ccccc3)nc(NC3CCCCC3)n2)cc1,0.629114897,2.071047026,0.22,0.25,375.476,5.0354
Cn1cc(C(=O)Nc2ccc(F)c(C(F)(F)F)c2)cc1Nc1ncnc2cnc(N3CCCCC3)nc12,0.365456306,2.942200461,0.23,0.2,514.487,4.9024
CC(C)C(NC(=O)Cn1c(-c2ccccc2)ncc(N)c1=O)C(=O)C(=O)NC(C(=O)CC(=O)O)CC(=O)O,0.159352504,3.573061324,0.06,0.03,529.506,-0.7943
Cc1ccc(C(=O)Nc2ccc(Cl)c(C(=O)Nc3ccc4c(c3)-c3ccccc3C(=O)O4)c2)cc1,0.228569607,2.094482063,0,0.01,482.923,6.41262
COc1ccc(-c2ccc(C(=O)Nc3ccccc3C(=O)Nc3ccccc3)cc2)cc1,0.408518881,1.687511122,0.09,0.02,422.484,5.8668
COc1ccc(Cl)cc1-c1ccnc2[nH]c(C3CCNCC3)cc12,0.743846427,2.542847969,0.5,0.13,341.842,4.3589
CC(C)CC(NC(=O)CCNC(=O)c1ccc(Cl)cc1)C(=O)NC(C=O)Cc1ccccc1,0.413802876,2.908256763,0.01,0.01,471.985,2.9172
CN(C)C(=O)C(Cc1ccc(-c2ccc(C(=N)N)cc2)cc1)C(=O)O,0.424658501,2.635020144,0.05,0,339.395,1.96917
COc1ccc(-c2ccc3nccc(Nc4ccc(N5CCOCC5)cc4)c3n2)cc1,0.503876816,2.208338988,0.2,0.41,412.493,4.8856
CC(C)(C)C(=O)Nc1nc(-c2ccccc2)nc(Nc2ccccc2)n1,0.736704359,2.075466704,0.14,0.14,347.422,4.2668
CCC(C)C(N)CN(C(=O)C1CC1c1ccccc1)c1ccc(-c2ccccc2)cc1,0.503305737,3.346323882,0.07,0,412.577,5.8637
COc1cc(C(=O)NC2CCN(C)CC2)ccc1Nc1ncc(C(F)(F)F)cc1Cl,0.721143181,2.361178018,0.16,0.18,442.869,4.33
O=C1c2cccc3cccc(c23)-c2ccccc2N1Cc1cccc(-c2nnc3ncncc3n2)c1,0.344225367,2.664862645,0.17,0.06,466.504,5.4624
Cc1ccc(-c2ccccc2)cc1Nc1nc(Nc2ccccc2)ncc1F,0.447008879,2.000718614,0.66,0.53,370.431,6.07832
COc1ccc(-c2ccnc(Nc3ccc(N4CCOCC4)cc3)n2)cc1,0.74623373,1.9920825,0.81,0.72,362.433,3.7324
CC(C)(C)c1cc(NC(=O)Nc2ccc(F)c(C(F)(F)F)c2)nc(N2CCCC2)n1,0.665454312,2.505986978,0.08,0.03,425.43,5.1762
Cc1cc(C)cc(C(=O)Nc2cccc(Nc3ncnc4cnc(Nc5ccccc5)nc34)c2)c1,0.294496793,2.374853429,0.6,0.29,461.529,5.77614
COc1ccc(CNc2nc(NC3CCCCC3)c3ccc(C#N)cc3n2)cc1,0.627987653,2.281804469,0.27,0.08,387.487,4.86678
CN(C)CCOc1ccc(-c2[nH]c3ncnc(Nc4ccccc4)c3n2)cc1,0.513441967,2.332504543,0.7,0.16,374.448,3.7039
CC(=O)c1ccc(-c2ccc(Nc3nccc(Nc4ccccc4S(=O)(=O)C(C)C)n3)cc2)cc1,0.293891054,2.367679098,0.53,0.51,486.597,6.0155
O=C(c1ccc(Nc2nccc(-c3cnn4ncccc34)n2)cc1)N1CCCC1,0.580497612,2.469121451,0.71,0.46,385.431,3.1659
COc1ccc(S(=O)(=O)Nc2ccc(Cl)cc2C(=O)c2ccncc2)cc1,0.634049736,1.979486691,0.11,0.02,402.859,3.7754
CC(=O)c1ccc(Nc2nccc(Nc3ccccc3NC(=O)Cc3ccccc3)n2)cc1,0.321784603,2.141822776,0.36,0.24,437.503,5.3476
COc1ccc(C(=O)Nc2ncc(CN3CCOCC3)c3ccccc23)cc1,0.73894494,2.082375462,0.04,0,377.444,3.3279
CN(C)c1ccc(C=NNc2nc(N)nc(NC(C)=O)n2)cc1,0.55395774,2.425682321,0.09,0.02,314.353,0.9242
COc1ccc(NC(=O)Nc2ccc(Oc3ccnc(Nc4cccc(S(N)(=O)=O)c4)n3)cc2)cc1,0.27518097,2.282636572,0.49,0.34,506.544,4.3125
O=C1CC(c2ccccc2)=Nc2ccc(-c3cccc(Cl)c3)cc21,0.590653241,2.146537419,0.11,0.14,331.802,5.7142
O=C(O)C=Cc1cccc(-c2ccc(C(=O)CCCCCCc3ccccc3)c(-c3ccc(Cl)cc3)c2)c1,0.114536414,2.31913289,0.08,0.02,523.072,9.1477
COc1cc2c(cc1Nc1ncc(Cl)c(Nc3ccccc3S(=O)(=O)C(C)C)n1)C(=O)CCC2,0.447716789,2.70340004,0.46,0.29,501.008,5.3269
COc1ccc(C(=O)Nc2ccc(Cl)c(C(=O)Nc3ccc4c(c3)-c3c(c(C(N)=O)nn3C)CC4)c2)cc1,0.33970878,2.45294445,0.1,0.05,529.984,4.4512
O=C(CNC(=O)c1ccc(Cl)cc1)NN=C1C=Cc2ccccc2C1,0.829638035,2.397839698,0.01,0,353.809,2.8115
CC(=O)Nc1nc(N)c2[nH]c(-c3ccccc3)nc2n1,0.652994343,2.330369237,0.42,0.09,268.28,1.5605
COc1ccc(-c2ccccc2C(=O)Nc2ccc(-c3nc(Nc4ccccc4)nc(N4CCOCC4)n3)cc2)cc1,0.237523844,2.381922338,0.07,0.12,558.642,6.0467
COc1cc(Nc2nccc(-c3cnn4ncccc34)n2)cc(OC)c1OC,0.547076762,2.580749425,0.93,0.3,378.392,2.9557
COc1ccc(CNc2nc(Nc3ccccc3)nc(NC3CCCCC3)n2)cc1,0.488141231,2.146648968,0.2,0.12,404.518,4.9805
O=C(NC1CCC(CCN2CCC(c3coc4ccccc34)CC2)CC1)c1ccccc1,0.522291248,2.32732401,0.02,0,430.592,5.9911
O=C1Nc2ccc(-c3ccncc3)cc2C1=Cc1ccc[nH]1,0.707862475,2.498468446,0.75,0.33,287.322,3.5694
CC(=O)Nc1cc(NS(=O)(=O)c2ccc(N)cc2)cc(NC(=O)C=Cc2ccc(N)nc2)c1,0.263161969,2.487700075,0.18,0.06,466.523,2.6571
Nc1ncnc(N)c1-c1ccc(Nc2ccc(C(=O)Nc3ccccc3)cc2)nc1,0.403557841,2.20064008,0.48,0.31,397.442,3.6989
COc1ccc(CNc2nc(Nc3ccccc3)ncc2[N+](=O)[O-])cc1,0.493470281,2.04239872,0.67,0.24,351.366,3.7491
COc1cc(C(=O)NC(=N)Nc2ccccc2)cc(OC)c1OC,0.578791999,2.172092046,0,0.01,329.356,2.48907
COc1cc(Nc2nccc(-c3cnn4ncccc34)n2)cc(OC)c1OC,0.547076762,2.580749425,0.93,0.3,378.392,2.9557
CC(=O)Nc1cc(-c2ccnc(Nc3ccc(N4CCNCC4)cc3)n2)ccn1,0.617392543,2.37482456,0.68,0.73,389.463,2.6502
N#Cc1ccc(-c2ccc3cnccc3c2)cc1,0.637598362,1.870864483,0.46,0.16,230.27,3.77348
Cc1cccc(-c2nc(N)c3cc(-c4ccccc4)oc3n2)c1,0.593878962,2.220409119,0.16,0,301.349,4.44742
Cc1cccc(-c2nc(NCc3ccccc3)nc(Nc3ccc4c(c3)OCCO4)n2)c1,0.45113202,2.27288239,0.17,0.11,425.492,4.97392
O=C(Nc1cccc2cnccc12)NC1CCCCC1,0.873239666,1.94071397,0.33,0.1,269.348,3.689
CCC(C)(C)C(=O)C(=O)Nc1ccc(-c2cccc3ccncc23)cc1,0.672175816,2.286100512,0.34,0.23,346.43,4.8456
Cc1ccc(C(=O)Nc2cccc(C(F)(F)F)c2)cc1Nc1ncnc2cnc(N3CCCCC3)nc12,0.355999718,2.554448178,0.19,0.14,507.52,5.73322
COc1ccc(-n2nc(C(N)=O)c3c2-c2cc(NC(=O)c4ccccc4)ccc2CC3)cc1,0.49199066,2.254807847,0.08,0.01,438.487,3.9977
CC(C)c1cccc(C(C)C)c1NC(=O)Nc1ccc(-c2cn[nH]c2)cc1,0.523314527,2.268904099,0.36,0.15,362.477,5.9675
CN(C)C(=O)Cn1c(=O)c(-c2cccc(OC(F)(F)F)c2)nc2ccccc21,0.685874181,2.295893659,0.09,0.02,391.349,3.0503
COc1cc(CNC(=O)c2cnc(Nc3ccccc3)nc2-c2ccccc2)cc(OC)c1,0.408052005,2.135961238,0.4,0.35,440.503,4.8344
COc1ccc(CNC(=O)C2C(C(=O)NCCCCN3CCCCC3)C3=C(C=Cc4cccnc4)CC32)cc1,0.40008499,3.798365181,0.06,0,528.697,4.3646
CN(C)CC=Cc1ccc2ncnc(Nc3cccc(Cl)c3)c2c1,0.737689091,2.321268255,0.54,0.22,338.842,4.6016
CC(=O)Nc1cccc(-c2cccc3cnc(Nc4ccc(N5CCNCC5)cn4)nc23)c1,0.435294369,2.547714479,0.44,0.35,439.523,3.8034
COc1ccc(C(CN2CCCC2)N2C(=O)CCC2c2ccc(Cl)cc2)cc1,0.696873504,3.037773726,0.01,0,398.934,4.8492
CC(C)(C)c1cc(NC(=O)Nc2ccc(Cl)cc2)n(-c2ccccc2)n1,0.643772905,1.974163736,0.14,0.01,368.868,5.4672
COc1ccc(CNc2nc(Nc3cc(N4CCOCC4)ccc3OC)ncc2Cl)cc1,0.518877829,2.328269435,0.39,0.29,455.946,4.3395
CCCCCCCCCCCCCCCCNC(=O)Nc1c(C(C)C)cccc1C(C)C,0.217364878,2.233577127,0.02,0,444.748,9.5362
COc1ccc(Nc2ncc(C(N)=O)c(Nc3ccccc3)n2)cc1,0.639658763,1.928657005,0.77,0.49,335.367,3.0713
COc1ccc(CCc2nc3cc(OC)c(OC)cc3c(=O)o2)cc1,0.686307245,2.101033035,0.05,0.04,341.363,2.999
COc1ccc(Nc2nccc(Nc3ccccc3C(=O)O)n2)cc1OC,0.581444631,2.068800487,0.84,0.39,366.377,3.6792
COc1ccc(Nc2ncc(C(N)=O)c(Nc3ccc(C4CCNCC4)cc3)n2)cc1,0.463937843,2.337994473,0.53,0.38,418.501,3.5383
COc1ccc(-c2ccc3c(N)nc(N)nc3n2)cc1,0.734756584,2.107443731,0.14,0.05,267.292,1.8648
O=C1NC(=O)C(=Cc2ccc(-c3ccccc3F)cc2)S1,0.857560872,2.067950544,0.52,0.23,299.326,3.8166
CC(C)(C)OC(=O)Nc1ccc(-c2nc(N3CCOCC3)c3cnn(C4CCN(C(=O)OC(C)C)CC4)c3n2)cc1,0.461842548,2.833376054,0.04,0.06,565.675,4.8588
Cc1ccc(C(=O)Nc2ccc(F)c(C(F)(F)F)c2)cc1Nc1ncnc2cnc(NCc3ccccc3)nc12,0.200037295,2.607836301,0.38,0.28,547.516,6.49412
COc1ccc(-c2nc(Nc3ccc(N4CCOCC4)cc3)ncc2NC(=O)CC(C)(C)C)cc1,0.491001193,2.437945601,0.34,0.51,475.593,5.1071
O=C(Nc1ccc(Cl)cc1C(=O)Nc1ccc(Cl)cn1)c1ccc(-c2ccccc2)cc1,0.352955265,1.944878966,0.17,0.05,462.336,6.56
O=C(NCC1CCCCC1)c1ccc2cc(-c3ccccc3)nn2n1,0.791138468,2.475136267,0.06,0,334.423,3.7064
CC(C)C(=O)NC1CCC(Nc2nc(N)n3nc(-c4ccccc4)nc3n2)CC1,0.6063308,2.560238415,0.11,0.07,394.483,2.2638
CN(C)c1ccc(C=NNc2nc(N)n3nc(-c4ccco4)nc3n2)cc1,0.406858151,2.753935429,0.05,0.03,363.385,1.8735
COc1ccc(CNc2nc(Nc3cc(N4CCOCC4)ncc3Cl)cc(N)c2Cl)cc1,0.45756839,2.668149368,0.18,0.16,475.38,4.5665
CN1CCC(Nc2ccc3ncnc(Nc4cccc(Cl)c4)c3c2)CC1,0.708962294,2.21381957,0.53,0.35,367.884,4.5329
COc1cccc(-c2nn(-c3ccc(Cl)cc3)c(CCNC(C)=O)c2-c2cccc(OC)c2)c1,0.36231236,2.346521457,0.08,0.04,475.976,5.5555
O=C1NC(=O)c2c1c1ccc3ccccc3c2[nH]1,0.620074353,4.089045447,0.58,0.11,236.23,-0.24012
CN(C)CCCOc1ccc(-c2cnc3cccc(Nc4cccnc4)c3n2)cc1,0.430889321,2.300403753,0.27,0.21,399.498,4.7659
Cc1ccc(-c2ccc(C(=O)Nc3ccc(CN4CCOCC4)c4ccccc34)nn2)cc1,0.489668166,2.235993306,0.04,0.03,438.531,4.68972
COc1ccc(-c2nnc(-c3ccccc3)n2-c2ccccc2)cc1,0.549365555,1.711294479,0.07,0,327.387,4.6099
O=C1NC(=O)C(=Cc2ccc(-c3ccccc3)c(Cl)c2)S1,0.838937599,2.112355159,0.64,0.26,315.781,4.3309
O=C1NC(=O)C(=Cc2ccc(-c3ccc(Br)cc3)c(Cl)c2)S1,0.721387299,2.238813928,0.58,0.29,394.677,5.0934
Cc1cccc(-c2nc(N)c3nnn(C4CCCCC4)c3n2)c1,0.785201965,2.412930588,0.13,0.01,308.389,3.28412
COc1ccc(C2=NN(c3ccc(Cl)cc3)C(=O)C2=O)cc1OC,0.79961422,2.153387339,0.02,0.03,344.754,2.6772
O=C1NC(=O)c2c1c1c(-c3ccccc3)cccc1n2CCc1ccccc1,0.543189767,2.26736852,0.39,0.1,366.42,4.4346
O=C1CCc2ccc(Nc3nccc(-c4cccc(N5CCOCC5)c4)c3)cc2O1,0.52270219,2.498887343,0.2,0.69,401.466,4.1804
CC(=O)c1cnc2ccc(-c3ccc(Cl)c(Cl)c3)nc2n1,0.664505597,2.32364336,0.17,0.2,318.163,4.2012
COc1ccc(-c2nc(-c3ccncc3)c(-c3ccc(C)cc3)o2)cc1OC,0.469609978,2.120282758,0.27,0.02,372.424,5.39622
COc1ccc(-n2nc(C(C)(C)C)cc2NC(=O)Nc2ccc(-c3cccc4ccccc34)cc2)cc1,0.265919255,2.241340921,0.37,0.06,490.607,7.6426
Cc1ccc(C(=O)Nc2ccc(N3CCOCC3=O)cc2)cc1-c1cn[nH]c1,0.732768437,2.371759681,0.26,0.13,376.416,3.00062
COc1cccc(-c2nccnc2Nc2ccc(C(=O)Nc3ccccc3N)cc2)c1,0.396527299,2.145722165,0.26,0.34,411.465,4.7303
O=C1CCC(=O)N1c1ccc(Cl)c(Cl)c1,0.71185901,1.949792031,0.01,0.01,244.077,2.6468
CC(C)(C)c1ccc(NC(=O)Nc2ccc(Oc3ccnc(Nc4cccc(N5CCOCC5)c4)c3)cc2)cc1,0.227744507,2.433983014,0.21,0.38,537.664,7.3956
CN(CC(=O)NC(C=O)CC(=O)Nc1ccc(-c2cccc3c(N)nccc23)cc1)C(=N)O,0.199709149,3.236088598,0.23,0.12,448.483,1.92087
CN(C)CC(=O)Nc1ccc(-c2cnc3ccccc3n2)cc1,0.805028919,1.890060053,0.05,0.08,306.369,2.7969
N#Cc1ccc(Nc2nccc(-c3cnc4ccccc4c3)n2)cc1,0.607950045,2.124920259,0.77,0.73,323.359,4.30708
CN(C)CC=CC(=O)Nc1cc2cnccc2cc1Oc1ncccc1-c1cccnc1,0.43802455,2.729804919,0.25,0.12,425.492,4.5404
COc1ccc(C(=O)Nc2cccc(C(F)(F)F)c2)cc1Nc1ncnc2cnc(Nc3ccc(N4CCOCC4)cc3)nc12,0.190455349,2.748819849,0.49,0.55,616.604,6.0233
Cc1ncc(-c2ccccc2)nc1N=C(O)c1cnc(C2CC2)c(Cl)c1,0.521162993,2.890022837,0.23,0.06,364.836,5.01412
Cc1ccc(NC(=O)Cc2cccc(-c3cccc(C(N)=O)c3)n2)cc1,0.743572731,1.912226163,0.11,0.05,345.402,3.33712
COc1ccc(-c2ccc(C(=O)Nc3ccccc3N)cc2)cc1OC,0.677671909,1.691207868,0.04,0.01,348.402,4.2053
CC(C)c1cc(NC(=O)Nc2ccc(-c3cccc4[nH]nc(N)c34)cc2)no1,0.415563408,2.52371216,0.72,0.19,376.42,4.5675
COc1cc(C(=O)NC2CCN(C)CC2)ccc1Nc1ncc(C(F)(F)F)c(Nc2cccc3c2C(=O)CC3)n1,0.376922868,2.847362155,0.53,0.31,554.573,4.9441
COc1cc(Nc2ncc(-c3ccccc3)nc2N)ccc1OCC,0.710759959,2.089603159,0.46,0.24,336.395,3.8767
Cc1ccc(-c2ccc(NC(=O)C=Cc3cccnc3)cc2)cc1,0.708667988,1.828412145,0.1,0.05,314.388,4.70892
COc1ccc(-c2nc(-c3cccc4c3CCC4N)no2)cc1,0.802819336,2.65408739,0.04,0.05,307.353,3.3582
O=C1NC(=O)C(=Cc2ccc(-c3ccc(Cl)cc3Cl)o2)S1,0.813363262,2.398536971,0.75,0.38,340.187,4.5773
Cc1cc(O)cc(C)c1CC(N)C(=O)NC(Cc1ccccc1)C(=O)NC1c2ccccc2CC1O,0.333721037,3.538455714,0.05,0.02,487.6,2.38084
COc1ccc(Nc2ncc(Nc3ccccc3)nc2-c2ccncc2)cc1,0.496344545,2.172390863,0.41,0.39,369.428,5.0344
CCN(CCO)C(=O)c1ccc(C(=O)Nc2cccc(C(F)(F)F)c2)cc1,0.806973895,1.96803407,0.01,0.01,380.366,3.4121
CN(C)CCC(=O)Nc1ccc(S(=O)(=O)Nc2cc(Cl)cc(Cl)c2)cc1,0.721951292,2.035009554,0,0,416.33,3.6844
O=C(c1ccc(Nc2ncc3ccccc3n2)cc1)N1CCCC1,0.801272222,1.889404202,0.52,0.51,318.38,3.6094
Cc1cccc(C)c1Nc1nc(NC2CCCCC2)c2ncn(C(C)C)c2n1,0.612370153,2.521195622,0.24,0.25,378.524,5.51224
CC(C)(C)c1ccc(C(=O)Nc2cccc(CNc3ncnc4c(C(N)=O)cccc34)c2)cc1,0.384969587,2.2686234,0.14,0.1,453.546,4.8906
CC(=O)Nc1cc(Nc2ccc(Cl)c(Cl)c2)ncn1,0.909767449,2.102333994,0.24,0.25,297.145,3.4854
COc1ccc(-c2ccc3c(N)nc(N)nc3n2)cc1,0.734756584,2.107443731,0.14,0.05,267.292,1.8648
CN1CCN(c2ccc(-c3cc4cccc(O)c4oc3=O)cc2)CC1,0.729381662,2.187801236,0.07,0.03,336.391,2.9174
CC(C)(C)CC(=O)Nc1ccc(-c2nc(N3CCOCC3)c3cccnc3n2)cc1,0.709019829,2.387834677,0.15,0.04,405.502,3.9031
COc1ccc(-c2nc(Nc3cccc(CN4CCOCC4)c3)ncc2NC(=O)Cc2ccccn2)cc1,0.343689019,2.472687478,0.36,0.19,510.598,4.3042
COc1ccc(C(=O)NC(CC(=O)O)c2ccccc2Cl)nc1-c1ccccc1,0.603868846,2.576086942,0.01,0.02,410.857,4.3564
COc1ccc(Nc2nc(Nc3cccc(N4CCOCC4)c3)n3nccc3n2)cc1,0.493149446,2.460716747,0.18,0.16,417.473,3.4567
CC(=O)Nc1cc(NC(=O)c2ccc(Nc3ccc(N4CCOCC4)cc3)cc2)nc(N2CCOCC2)n1,0.434070242,2.517651559,0.04,0.09,517.59,3.1041
CN(C)C(=O)c1ccc(-c2nc(Nc3ccccc3)c(-c3ccncc3)[nH]2)cc1,0.528820215,2.304753383,0.39,0.18,383.455,4.5841
Cc1ccc(C(=O)Nc2cccc(C(F)(F)F)c2)cc1Nc1ncnc2cnc(NCc3ccccc3)nc21,0.225501364,2.511302677,0.39,0.24,529.526,6.35502
CN1CCC(c2c[nH]c3ccc(-c4cncc(N)c4)cc23)CC1,0.75999598,2.416640117,0.43,0.09,306.413,3.6213
Cc1ccc(-c2noc(C3CC(F)(F)C3)n2)cc1N=C(O)c1cnc2ccccn12,0.38477839,3.148942449,0.14,0.04,409.396,4.84172
CC(=O)Nc1ccc(C(=O)Nc2ncc(C(=O)c3ccccc3C(=O)Nc3ccccc3)s2)cc1,0.324695492,2.157055601,0.06,0.05,484.537,4.8371
COc1ccc(NC(=O)Nc2cccc(-c3cn[nH]c3)c2)cc1OC,0.661113196,2.034568544,0.5,0.09,338.367,3.7379
N#Cc1ccc(-c2ncccn2)cc1,0.675741016,1.861021299,0.12,0.03,181.198,2.01528
COc1ccc(C(F)(F)F)cc1-c1ncccc1-c1cnc(Nc2ccc(N3CCOCC3)cc2)o1,0.350442738,2.668786104,0.2,0.45,496.489,6.0112
COc1ccc(-c2nc(-c3ccc(C)cc3)n(-c3ccc(Cl)cc3)n2)cc1,0.467673516,1.905902885,0.06,0.02,375.859,5.57172
COc1ccc(-c2nc3ccccc3n2C(=O)c2ccc(C)cc2)cc1,0.541518028,1.900730413,0.01,0,342.398,4.70882
Cc1nn(C2CCOCC2)c2sc(C(=O)Nc3ccc(N4CCCC4=O)cc3)cc12,0.683031169,2.571476685,0.06,0.05,424.526,4.13682
O=C(Nc1ccccc1)Nc1ccc(-c2cnc3ccncc3c2)cc1,0.554892853,1.915451068,0.38,0.37,340.386,4.9408
OC1CCC(Nc2cc(-c3cccc(NC4CCOCC4)n3)c(Cl)cn2)CC1,0.698203697,2.689500603,0.34,0.34,402.926,4.1033
Cc1ccc(-c2nc(-c3cccc4ccccc34)on2)cc1,0.527670533,1.770944659,0.04,0,286.334,4.86522
COc1ccc(-c2ccc3c(c2)Nc2ccccc2-3)cc1OC,0.57731939,1.80393541,0.28,0.01,303.361,5.0053
COc1ccc(-c2cccc(C(=O)Nc3cc(NC(=O)Cc4ccccc4)ccc3C)c2)cc1,0.357261415,1.853225833,0.03,0.08,450.538,6.10412
O=C1NC(=O)C(=Cc2ccc(-c3ccc(Cl)cc3)o2)S1,0.854211213,2.266876119,0.45,0.24,305.742,3.9239
O=C1NC(=O)C(=Cc2ccc(-c3ccccc3)c(Cl)c2)S1,0.838937599,2.112355159,0.64,0.26,315.781,4.3309
Cn1ncc(NC(=O)c2nc(C3CC3)cnc2Nc2cncnc2)c1C(=O)NCC,0.536770115,2.93217358,0.16,0.06,407.438,1.6231
COc1cc(NC(=O)c2ccc(Nc3ncccc3-c3cnc(N)cn3)cc2OC)ccc1OC,0.345775404,2.448537909,0.25,0.2,472.505,4.1425
COc1ccc(C2=NNc3c(Cl)cccc3C2=O)cc1OC,0.805231351,2.201726335,0.57,0.1,316.744,3.2607
CN(C)c1ccc(-c2ccc3cc(O)ccc3n2)cc1,0.766812906,1.900152233,0.14,0.02,264.328,3.6734
COc1ccc(CNc2nc(Nc3cc(C4CC4)n[nH]3)cc(OC)n2)cc1,0.561635329,2.677916494,0.23,0.07,366.425,3.45
CC(C)(C)c1ccc(NC(=O)Nc2ccc(Oc3ccnc(Nc4cccc(-c5ccccc5)n4)c3)cc2)CC1,0.222628813,2.899890573,0.27,0.3,531.66,8.4512
Cn1c(Nc2c(Cl)ccc(CNC(=O)C(C)(C)C)c2Cl)nc2cc(C(=O)Nc3ccc(OC(F)(F)F)cc3)ccc21,0.202783192,2.77179844,0.06,0.05,608.448,7.4369
COc1ccc(Nc2ncc(C(=O)Nc3ccccc3C(=O)Nc3ccc(Cl)c(Cl)c3)cc2OC)cc1,0.232624048,2.201155626,0.17,0.21,537.403,6.6538
COc1ccc(NC(=O)Nc2ccc(Oc3ccnc(Nc4ccccc4)n3)cc2)cc1,0.351808569,2.020417389,0.47,0.38,427.464,5.6651
COc1cc(Nc2ncc(Cl)c(Nc3cnccc3C#N)c2)cc(OC)c1OC,0.584938646,2.603627961,0.29,0.4,411.849,4.51468
COc1ccc(-c2noc(C(C)(C)C)n2)cc1NS(=O)(=O)c1ccc(-c2cscn2)cc1,0.423942574,2.581907896,0.08,0.04,470.576,4.967
O=C(NC1CCCCC1)c1ccc2cc(-c3ccccc3)oc2n1,0.769560622,2.237283942,0.1,0.02,320.392,4.5573
COc1ccc(CNC(=O)CC2CCCCN2C(=O)CC(N)Cc2ccc(OC)cc2)cc1,0.576722884,2.908994861,0.01,0.01,453.583,3.0513
CNC(=O)c1ccc(-c2noc(C(F)(F)F)n2)cc1,0.907920604,2.138302494,0.08,0.02,271.198,2.115
CCC(=O)c1cnc(Nc2ccc(N3CCOCC3)cc2)n(CCC)c1=O,0.755504283,2.467393494,0.11,0.23,370.453,2.8262
Cc1nc(NC(=O)Nc2ccc(Oc3ccnc4cc(OC)c(OC)cc34)cc2)cn(C(C)C)c1=O,0.369376849,2.632148579,0.3,0.25,489.532,5.13432
COc1ccc(-c2nc(C(=O)Nc3cnccc3N3CCC(O)CC3)c3ccccc3n2)cc1,0.470490069,2.422830043,0.26,0.06,455.518,3.9138
O=C(NCCCN1CCCC1)c1ccc(-c2noc(C(F)(F)F)n2)cc1,0.794054405,2.208691028,0.09,0,368.359,2.9711
Cc1cc(Nc2cc(Nc3cccc(C(=O)Nc4ccccc4)c3)n[nH]2)cc(OC)c1OC,0.28794109,2.395098535,0.23,0.15,443.507,5.47482
CC(=O)c1ccc(-c2ccc(C(N)=O)c3[nH]c4ccccc4c23)cc1,0.550437809,2.077155245,0.27,0.08,328.371,4.2896
COc1ccc(C(=O)Nc2ccc(Cl)cc2C(=O)Nc2ccc(Cl)cn2)cc1,0.620095749,1.887562365,0.08,0.02,416.264,4.9016
CC(C)C(NC(=O)c1ccc(N2CC(F)(F)C2)c(OCC2CC2)n1)c1ccccc1,0.692048188,3.106094249,0.07,0.06,415.484,4.4528
CC(=O)Nc1cc(NC(=O)c2ccc(-c3ccccc3)cc2)nn1-c1ccccc1,0.511092934,1.992279338,0.02,0.01,396.45,4.75
O=C1NC(=O)c2c1c1c(-c3ccccc3Cl)cccc1[nH]2,0.676324792,2.430461313,0.56,0.16,296.713,3.3719
CC(C)C(=O)CN1C(=O)C(NC(=O)c2ccc(Cl)cc2)CC=C(c2ccccc2)C1=O,0.699393187,2.991450066,0,0.02,438.911,3.506
COc1cc(NC(=O)c2ccc(S(C)(=O)=O)cc2)ccc1-c1ncnc(N)c1-c1ccncc1,0.432523013,2.4369984,0.36,0.13,475.53,3.4522
CN(C)c1ccc(-c2coc3ccccc32)cc1Nc1nccc(-c2cnc3ccccn23)n1,0.349442971,2.743561246,0.56,0.24,446.514,6.0141
CC(=O)c1ccc(-c2ccc(C(=O)Nc3ccc(OC(F)(F)C(F)F)cc3)cc2)cc1,0.366304858,2.086960054,0.01,0.05,431.385,6.0452
CCc1cccc(CC(N)C(=O)Nc2nc3ccccc3c(=O)[nH]2)c1,0.663067768,2.652718987,0.12,0.01,336.395,1.994
CC(C)(C)C(=O)CN1C(=O)C(NC(=O)c2cccc(C#N)c2)N=C(c2ccccc2)c2ccccc21,0.595977577,3.002119586,0.08,0.02,478.552,4.11358
COc1ccc(-c2ccc3nccc(Nc4cccc(Cl)c4)c3c2)cc1OC,0.432918272,1.999098143,0.24,0.4,390.87,6.316
Cc1cc(C)c(Nc2nccc(-c3cnc4ccccn34)n2)cc1,0.616801837,2.308333683,0.58,0.26,315.38,4.15174
COc1ccc(-c2ccc(-c3ccccc3)cc2)cc1,0.64148707,1.221769206,0.04,0.01,260.336,5.0292
Cc1ccc(NC(=O)c2ccc(C(F)(F)F)cc2)cc1Nc1ncnc2cnc(NCC(C)C)nc12,0.297132259,2.570036927,0.33,0.23,495.509,5.81082
COc1ccc(NC(=O)Nc2ccc(-c3nc(N4CCOCC4)c4ncc(C#N)cn43)cc2)cc1,0.457066131,2.584652524,0.17,0.12,469.505,3.75718
CC(C)c1ccccc1N1CCN(C(=O)C(Cc2ccc(Cl)cc2Cl)N2CCCC2=O)CC1,0.575140148,2.914762479,0.01,0.01,488.459,4.9991
COc1cc2nccc(Oc3ccc(NC(=O)Nc4ccc(C)c(C(F)(F)F)c4)cc3)c2cc1OC,0.299336298,2.324910651,0.46,0.36,497.473,7.01552
COc1ccc(-c2cccnc2)cc1-c1nc(Nc2ccc(C(=O)N3CCOCC3)cc2)ccn1,0.448666581,2.387542442,0.23,0.42,467.529,4.4302
COc1ccc(C(=O)Nc2ccc(Cl)cc2C(=O)Nc2ccc(Cl)cn2)cc1OC,0.561839431,1.987992714,0.03,0.01,446.29,4.9102
O=C1NC(=O)C(=Cc2ccc(-c3ccc(O)c(Cl)c3)cc2)S1,0.815082554,2.235997799,0.67,0.27,331.78,4.0365
COc1cccc(-c2nc(Nc3ccc(N4CCOCC4)cc3)ncc2NC(=O)CCS)c1,0.433630412,2.488804507,0.44,0.46,465.579,3.9908
CC(=O)NC1C(=O)N2C(=O)C(=Cc3ccc(-c4ccccc4)cc3)C21,0.530982298,3.100464198,0.01,0.01,332.359,1.9927
Cc1ccc(C(=O)Nc2ccc(C(=O)Nc3ccccc3N)cc2)cc1,0.622946491,1.600208699,0.01,0.03,345.402,4.08182
COc1ccc(NC(=O)Nc2ccc(-c3ccnc4[nH]nc(N)c34)cc2)cc1,0.432527767,2.212340878,0.7,0.18,374.404,3.8597
CN(C)C(=O)c1ccc(-c2n[nH]c3ccc(-c4cnn(C5CCOCC5)c4)cc23)cc1,0.543352817,2.609114473,0.4,0.16,415.497,4.1467
COc1ccc(-c2ccc3c(N4CCOCC4C)nc(N4CCOCC4C)nc3n2)cc1,0.618933374,3.412299361,0.03,0.01,435.528,3.1506
Cc1ccc(C(=O)Nc2ccc(CN3CCC(C(=O)O)CC3)cc2NC(=O)c2ccc(F)c(Cl)c2)cc1,0.374836329,2.213631708,0,0.01,523.992,5.58872
CC(C)(C)c1ccc(C(=O)Nc2ccc(Cl)c(C(F)(F)F)c2)cc1,0.712578559,1.855857323,0.01,0,355.787,5.9086
O=C(Nc1ccc(Cl)c(Cl)c1)c1cccnc1Nc1ccc(Nc2ccccn2)cc1,0.311644703,2.111025242,0.07,0.17,450.329,6.5229
COc1ccc(NC(=O)Nc2ccc(-c3cnc(N)c4ccccc34)cc2)cc1,0.454591547,1.94386657,0.77,0.21,384.439,5.1366
O=C(Nc1ccc(Cl)cc1)c1cnccc1-c1ccccc1Cl,0.700394752,1.824905507,0.04,0.06,343.213,5.3077
N#CCC1(n2cc(C(=N)O)c(Nc3ccc(F)cc3)n2)CCC1,0.581465662,3.137264292,0.15,0.08,313.336,3.44205
CCC(CC)C(=O)Nc1ccc(-c2nc(N3CCOCC3)c3cccnc3n2)cc1,0.669879318,2.401251752,0.13,0.06,405.502,3.9031
COc1ccc(CNC(=O)c2ccc(-c3cncc(C)c3)cc2)cc1OCCOC,0.54371512,2.055428773,0.16,0.02,406.482,4.02082
CC(C)C(NC(=O)Cn1ccc2ccccc21)C(=O)NC(C=O)Cc1ccccc1,0.537366928,2.985362467,0,0.04,405.498,2.7085
COc1ccc(-c2nc(-c3ccc(C)cc3)no2)cc1C(=O)N1CCC(c2ccc(C#N)cc2)CC1,0.370071358,2.370181814,0.03,0.02,478.552,5.6121
Cc1ccc(Nc2nccc(-c3cnc(Nc4ccccc4)s3)n2)cc1,0.499695202,2.157685034,0.68,0.38,359.458,5.39572
Cc1ccc(C(=O)Nc2ccc(Cl)c(C(F)(F)F)c2)cc1Nc1ncnc2cnc(N3CCCCC3)nc12,0.302194895,2.636496223,0.19,0.17,541.965,6.38662
CCCCCCCCCCCCCCCCCCCCCNC(=O)Oc1cccc(-c2nnn(C(C)C)c2)c1,0.142354256,2.612711707,0.07,0.02,540.837,10.0462
COc1cc(-c2cnc(N)c(C(=O)Nc3ccccc3)n2)ccc1OC,0.733722586,1.970063793,0.63,0.1,350.378,2.9953
O=C1NC(=O)C(=Cc2ccc(-c3ccc(Cl)cc3)c(Br)c2)S1,0.721387299,2.270648915,0.61,0.22,394.677,5.0934
CC(C)(C)c1ccc(Nc2ncc(C(=O)Nc3ccccc3)s2)cc1,0.658196683,1.991285689,0.07,0.22,351.475,5.4365
COc1ccc(-c2ccc3ccc(NC(=O)C=Cc4ccc(C(C)(C)C)cc4)cc3c2)cc1OC,0.300436032,2.202583993,0.1,0.05,465.593,7.4734
Cc1ccc(C(=O)Nc2cc(N(C)CCN(C)C)cc(C(F)(F)F)c2)cc1Nc1ncnc2cnc(Nc3ccc(N4CCOCC4)cc3)nc12,0.143486932,3.135393,0.46,0.41,700.77,6.32092
COc1cccc(Nc2nc(Nc3ccccc3)nc(NC3CCCCC3)n2)c1,0.516694539,2.143611254,0.22,0.24,390.491,5.112
O=C(Nc1ccc(Cl)cc1)c1cccc(-c2noc(C(F)(F)F)n2)c1,0.730613218,2.060043544,0.08,0.02,367.714,4.6611
COc1ccc(Nc2ncc(Nc3ccccc3)nc2N)cc1,0.668117649,2.056410726,0.46,0.24,307.357,3.5546
COc1ccc(CNC(=O)c2ccc(Nc3ccnc(Nc4cccc(N5CCOCC5)c4)n3)cc2)cc1,0.296965082,2.326821956,0.51,0.26,510.598,4.739
CCOc1ccc(Nc2ncc3c(n2)-c2ccccc2C3=O)cc1,0.619510968,2.058582694,0.48,0.26,317.348,3.8303
O=C1NC(=O)C(=Cc2ccc(-c3ccccc3)cc2)S1,0.854122807,1.941004124,0.58,0.23,281.336,3.6775
COc1cc(Nc2cc(Nc3ccc(N4CCOCC4)cc3)n3nccc3c2)ccn1,0.490826642,2.774050694,0.18,0.22,416.485,4.0617
COc1ccc(-c2cc3c(cn2)cnn3-c2cccc(N3CCNCC3)c2)cc1,0.582674596,2.402028786,0.29,0.11,385.471,3.5057
O=C(NC1CCN(Cc2ccc3c(c2)OCO3)CC1)c1ccccc1Cl,0.892502419,1.97018374,0,0.01,372.852,3.4631
COc1cc2ncnc(Nc3ccccc3)c2cc1OC,0.794040029,1.811137189,0.81,0.54,281.315,3.3906
O=C(NCCCCN1CCCC1)C1C(=O)Nc2ccc(Br)cc21,0.588961028,2.784892494,0.07,0.01,380.286,2.477
COc1ccc(-n2nc(C(N)=O)c3c2-c2cc(NC(=O)c4ccccc4Cl)ccc2CC3)cc1,0.441247516,2.33600409,0.08,0.04,472.932,4.6511
CCC(=O)c1cnc2ccc(-c3ccc(F)c(O)c3)nc2n1,0.751572899,2.559026335,0.17,0.12,297.289,3.1292
CN(C)c1ccc(NC(=O)C=Cc2ccccc2)cc1,0.860121395,1.713933609,0.01,0,266.344,3.4045
COc1cc(Nc2ncc(C(=O)Nc3ccccc3C(F)(F)F)cc2NC(=O)CC(C)(C)C)ncc1Cl,0.317599118,2.725085444,0.1,0.2,535.954,6.528
Cc1ccc(NC(=O)c2ccc(Nc3ccccc3)cc2)cc1OC1CCCC1,0.521626774,1.90798275,0,0.03,386.495,6.31232
CC(=O)Nc1ccc(-c2cnc3ccc(NCc4cccc(C(=O)O)c4)nc3n2)cc1,0.437877808,2.295322545,0.21,0.16,413.437,3.9605
CC(c1ccccc1)c1nnc(-c2ccccc2)s1,0.703724604,2.37537097,0.04,0,266.369,4.3569
N#CC1CC(NC2CC2)CC1n1cc(C(=N)O)c(Nc2ccc(F)cc2)n1,0.462144108,4.123878055,0.12,0.11,368.416,3.24445
CCC(=O)c1cnc2ccc(-c3ccccc3)cc2n1,0.672412452,1.989169642,0.13,0.11,262.312,3.8895
O=C(Nc1ccccc1)c1ccc(-c2noc(C(F)(F)F)n2)cc1,0.786282098,1.945223302,0.07,0.01,333.269,4.0077
COc1ccc(-n2nc(C(N)=O)c3c2-c2cc(NC(=O)c4ccccc4Cl)ccc2CC3)cc1OC,0.39838791,2.4347553,0.07,0.05,502.958,4.6597
O=C(NNC(=O)c1ccccc1)c1cnc(-c2ccccc2)nc1NCc1ccccc1,0.409781271,2.039234901,0.27,0.1,423.476,3.8305
COc1ccc(-c2nn(-c3ccccc3)nc2-c2ccc3ccccc3c2)cc1OC,0.370982826,2.162946476,0.11,0.05,407.473,5.7717
CNC(=O)c1ccc(-c2nc(Nc3ccc(N4CCOCC4)cc3)sc2N)cc1,0.598621267,2.307382504,0.14,0.23,409.515,3.3321
O=C1NC(=O)C(=Cc2ccc(-c3ccc(Cl)cc3)c(Cl)c2)S1,0.77690595,2.178911447,0.66,0.29,350.226,4.9843
O=C(O)c1ccc(-c2ccc(CC(C#N)NC(=O)C3NC4CCC3C4)c(F)c2)cc1,0.683431097,4.463536319,0.1,0.07,407.445,2.88228
CC(C)Oc1ccc(-c2nc(-c3cccc4ccccc34)[nH]n2)cc1,0.567883696,2.066100762,0.25,0.04,329.403,5.0791
Cc1cccc(CNc2ncnc(N3CCCC(C(=O)O)C3)c2-c2ccc(Cl)cc2)c1,0.564569392,2.825981364,0.25,0.03,436.943,5.01852
O=C(O)CCNC(=O)c1ccc(-c2ccc(Cl)cc2)c(-c2ccccc2)n1,0.668761432,1.947997291,0.08,0.13,380.831,4.2735
COc1ccc(NC(=O)c2ccc(Cl)c(Nc3ncnc4cnc(N5CCCC5)nc34)c2)cc1,0.413913569,2.392209064,0.23,0.18,475.94,4.6779
COc1ccc(-c2nnc(-c3ccc(N4CCCCC4)o3)cc2)cc1OC,0.667330745,2.338566858,0.09,0.01,365.433,4.4111
CN(C)c1cccc(-c2nnc(N3CCCCC3)o2)c1,0.85940451,2.270456644,0.11,0.04,272.352,2.7929
COc1cc(C(=O)O)ccc1Nc1ccnc2cc(Nc3ccccc3)ccc12,0.41049414,2.056201735,0.22,0.3,385.423,5.4288
O=C(NC1CCCCCC1)c1ccc(-c2cnc3ccccn23)cc1,0.719663215,2.06360238,0.05,0.03,333.435,4.4539
CN(C)C1(c2ccc(Nc3nccc(-c4ccc(N5CCCCC5)cc4)n3)cc2)CCC1,0.53705568,2.43887936,0.64,0.66,427.596,5.8183
Cc1ccc(-c2nccnc2C2CN(c3ccc4ccccc4n3)C2)cc1,0.540130675,2.293799964,0.08,0.14,352.441,4.60402
O=C1CCc2ccc(Nc3ncc(C(=O)Nc4ccccc4)s3)cc2N1,0.652772376,2.276708437,0.07,0.11,364.43,4.0237
Cc1ncccc1Nc1ncc(-c2ccc(N3CCOCC3)cc2)nc1N,0.737249759,2.437726351,0.27,0.22,362.437,3.00942
O=C(Nc1cncc(-c2cnn3cccnc23)c1)Nc1ccccc1-c1cncnc1,0.466781956,2.615599523,0.33,0.15,408.425,3.8923
Oc1ccc(-c2ccc3c(c2)C2=NCCN23)cc1,0.82582797,2.330149243,0.12,0.06,236.274,2.6394
Cc1ccc(-n2nc(C(C)(C)C)cc2NC(=O)Nc2ccc(Cl)c(C(F)(F)F)c2)cc1,0.460939699,2.317125682,0.12,0.03,450.892,6.79442
CCN(CC)Cc1ccc(Nc2cc(NC(=O)c3ccc(Cl)cc3)ccn2)nc1,0.549383108,2.211216914,0.09,0.18,409.921,4.9677
CC(=O)c1ccc(Nc2ncc(C(=O)Nc3ccccc3)s2)cc1,0.679403388,1.915642169,0.06,0.18,337.404,4.3416
COc1ccc(NC(=O)Nc2ccc(-c3cccc4c3NCCC4)cc2)cc1,0.576476653,2.078324618,0.28,0.06,373.456,5.3643
O=C1NC(=O)C(=Cc2ccc(-c3ccc(Cl)cc3)c(Br)c2)S1,0.721387299,2.270648915,0.61,0.22,394.677,5.0934
Cc1cc(Cl)ccc1Nc1nc(Nc2cccc3ccccc23)ncc1C(=O)Nc1cccnc1,0.24946295,2.346166099,0.36,0.23,480.959,6.72612
CNC(=O)c1ccc(-c2nc(Nc3ccc(N4CCNCC4)cc3)[nH]n2)cc1,0.542857289,2.38858822,0.26,0.18,377.452,1.9845
Cn1nc(C(=O)Nc2ccc(F)c(C3(C)CC(C(F)(F)F)OC(N)=N3)c2)cn1,0.767533398,3.989336569,0.12,0.04,400.336,2.0876
O=C(Nc1ccc(C(F)(F)F)cc1)c1cnccc1-c1ccccc1Nc1cnccc1,0.394915208,2.291183314,0.14,0.1,434.421,6.1583
Cc1nc(N)cc(CNC(=O)c2cc(-c3ccc(F)cc3)n(-c3ccccc3)n2)c1C,0.511479675,2.404957725,0.14,0.02,415.472,4.20244
COc1cc(C(=O)NC(=N)Nc2ccc(Cl)c(Cl)c2)cc(OC)c1OC,0.526499985,2.327325264,0,0.02,398.246,3.79587
COc1ccc(C(=O)Nc2cccc(C(F)(F)F)c2)cc1Nc1ncnc2cnc(Nc3ccc(N4CCOCC4)cc3)nc12,0.190455349,2.748819849,0.49,0.55,616.604,6.0233
COc1ccc(-c2ccc3nccc(Nc4cccc(Br)c4)c3c2)cc1OC,0.392694466,2.044752844,0.27,0.36,435.321,6.4251
O=C1NC(=O)C(=Cc2ccc(-c3ccccc3)cc2)S1,0.854122807,1.941004124,0.58,0.23,281.336,3.6775
O=C(NCc1ccc(Cl)cc1Cl)C1COc2ncccc21,0.943751951,2.893481307,0.01,0,323.179,3.1808
CC(=O)Nc1nc(C(=O)Nc2ccccc2)nc(Nc2ccccc2Cl)n1,0.622929569,2.170023065,0.02,0.13,382.811,3.4793
COc1ccc(-c2ccc(C(=O)Nc3ccccc3N)cc2)cc1OC,0.677671909,1.691207868,0.04,0.01,348.402,4.2053
Cc1cc(-c2nc(-c3cccc4ccccc34)[nH]n2)cc(OC)c1OC,0.586283666,2.223316259,0.34,0.04,345.402,4.61752
COc1ccc(-c2ccccc2Nc2ncc(-c3ccncc3)c(NC(=O)CCCCC(=O)O)n2)cc1,0.230578923,2.425855607,0.36,0.18,497.555,5.5413
O=C1NC(=O)C(=Cc2ccc(-c3ccccc3)c(Cl)c2)S1,0.838937599,2.112355159,0.64,0.26,315.781,4.3309
CC(C)c1c(C(=O)NCc2ccc(F)c(F)c2)nc(N2CCOCC2)nc1Nc1cncc(C(F)(F)F)n1,0.432538967,3.015971671,0.08,0.06,537.493,4.1972
COc1ccc(Cc2nnc(Nc3ccc(N4CCNCC4)cc3)o2)cc1,0.695565417,2.262400962,0.11,0.08,365.437,2.8222
CC(=O)Nc1ccc(CNc2nccc(-c3cnn4ncccc34)n2)cc1,0.568630105,2.476570947,0.49,0.15,359.393,2.7568
COc1cccc(-c2nc(Nc3ccccc3)nc(Nc3ccccn3)n2)c1,0.519208066,2.123492253,0.41,0.36,370.416,4.4294
O=C1Nc2cccc(c2)-c2cnc3ccccc3c21,0.659570399,2.978284692,0.59,0.23,246.269,3.4675
CN(C)CC(=O)Nc1ccc2ncnc(Nc3ccc(Br)cc3)c2c1,0.684627256,2.092401615,0.51,0.18,400.28,3.636
O=C(Nc1ccc(Cl)cc1)c1cnccc1NCc1ccncc1,0.737693982,1.975448408,0.27,0.18,338.798,3.9944
COc1ccc(-c2nc(-c3cccc4ccccc34)[nH]n2)cc1,0.613512575,1.925132533,0.27,0.03,301.349,4.3005
CNc1nc(Nc2cccc(C(=O)Nc3ccccc3)c2)nc(NC2CCCCC2)n1,0.443370153,2.219274456,0.21,0.24,417.517,4.6538
COc1ccc(C(=O)Nc2cccc(C(F)(F)F)c2)cc1Nc1ncnc2cnc(Nc3ccccc3)nc21,0.227969348,2.496194298,0.57,0.41,531.498,6.1867
CC(C)(C)OC(=O)NC(Cc1ccccc1)C(=O)NC(Cc1c[nH]c2ccccc12)C(=O)NC1CCCCC1,0.317711703,3.056522499,0.03,0,532.685,4.7801
Cc1ccc(-c2nc(-c3ccncc3)nn2-c2ccc3ncsc3c2)cc1,0.453127475,2.396976923,0.21,0.04,369.453,4.91442
COc1cccc(-c2ccc(Nc3cc(NC4CCOCC4)nc(N4CCOCC4)n3)cc2)c1,0.538444205,2.492434253,0.19,0.18,461.566,4.3233
N#Cc1ccc(-c2cccnc2)cc1NC(=O)c1ccc(N2CCCC2)cc1,0.737454084,2.068014299,0.12,0.05,368.44,4.47278
COc1cc(Nc2nccc(Nc3cc(N4CCOCC4)ccn3)n2)cc(OC)c1OC,0.544796109,2.515941395,0.54,0.46,438.488,3.2212
O=C1CCC(=O)N1c1ccc(Nc2nccc(-c3cnc(N4CCC(F)C4)c4ccc(Cl)cc34)n2)cc1,0.360235169,3.254852136,0.56,0.35,516.964,5.2904
COc1ccc(CNc2nc(Nc3ccccc3)cc(Nc3cc(C4CC4)[nH]n3)n2)cc1,0.291806144,2.477116571,0.25,0.14,427.512,5.185
COc1cc(CNc2nc(Nc3cc(C4CC4)n[nH]3)cc(OC)n2)ccc1OC,0.504882977,2.730327572,0.23,0.05,396.451,3.4586
CCCCn1c(=O)c2nc(-c3ccc(OC)nc3)[nH]c2n(CCC)c1=O,0.69912254,2.65610578,0.23,0.04,357.414,2.167
O=C1CC(c2ccccc2)=NN1c1ccc(-c2cccc3cnncc23)c(O)c1,0.579249504,2.664468179,0.15,0.07,380.407,4.1434
O=C(Nc1ccc(C(=O)Nc2ccccc2Nc2ccccc2)cc1)c1ccccc1,0.370683248,1.679121738,0,0.08,407.473,5.9348
CCc1cc(-c2ccccc2)nc(NC(=O)Nc2ccc(C(=O)O)cc2)n1,0.635088672,2.021806282,0.13,0.03,362.389,4.0482
Cc1cc(-c2n[nH]c3ccc(C(=O)Nc4ccccc4)cc23)ccn1,0.592330792,2.060035009,0.48,0.3,328.375,4.18562
O=C1Nc2ccc(Cl)cc2C(=O)N1c1ccncn1,0.721001888,2.323792533,0.3,0.07,274.667,1.1224
COc1ccc(CNC(=O)c2ccc(-c3nc(C(=O)Nc5ccc(C(F)(F)F)cc5)ccc3N)cc2)cc1,0.296728074,2.295935536,0.1,0.06,520.511,5.5405
COc1ccc(-c2nc(-c3ccncc3)n(-c3ccccc3)n2)cc1,0.567946562,1.955336683,0.26,0.05,328.375,4.0049
COc1ccc(-c2ccc3c(N4CCOCC4C)nc(N4CCOCC4)nc3n2)cc1,0.636853143,2.986318355,0.05,0.02,421.501,2.7621
O=C1NC(=O)c2c1c1ccccc1n2Cc1ccccc1,0.731316463,2.132694818,0.45,0.1,276.295,2.5732
COc1ccc(C(=O)Nc2ccc(Cl)c(C(=O)Nc3ccc4c(c3)-c3cc(C(N)=O)cn4C3)c2)cc1,0.462777496,3.366260295,0.05,0.03,500.942,4.4394
Cc1cc(C)cc(Nc2ccccc2Nc2nccc(-c3cnn4ccccc34)n2)c1,0.380572975,2.50192771,0.81,0.31,406.493,5.89534
COc1ccc(-n2nc(C(C)(C)C)cc2NC(=O)Nc2ccc(NC(=O)Nc3ccccc3)cc2)cc1,0.244311593,2.208525736,0.15,0.02,498.587,6.4664
O=C(Nc1ccccc1)c1ccc(Nc2nccc(Nc3ccccc3)n2)cc1,0.426897346,1.867217873,0.59,0.4,381.439,5.2161
O=C(Nc1ccc(Cl)cc1)c1cnccc1NCc1ccncc1,0.737693982,1.975448408,0.27,0.18,338.798,3.9944
COc1ccc(CNC(=O)c2ccc(-c3cnc(N)c(C(=O)O)c3)cc2)cc1OC,0.549932519,2.052187769,0.3,0.03,407.426,2.9762
CC(=O)Nc1ccc(-c2nc(N3CCOCC3)c3cnn(C4CCOCC4)c3n2)cc1,0.690648962,2.562193475,0.1,0.13,422.489,2.6398
CC(C)CC(NC(=O)C(Cc1ccccc1)NC(=O)CCCCCCCC=O)C(=O)Nc1ccccc1,0.211027255,2.959661539,0.04,0.03,507.675,4.8131
Cc1ccc(-c2nc(N)c3cc(-c4ccccc4)sc3n2)cc1,0.570915094,2.039987534,0.13,0.02,317.417,4.91592
COc1cc(Nc2ncc(C(=O)Nc3ccccc3C(F)(F)F)cc2NC(=O)c2ccncc2)ccc1OC,0.261822633,2.451796853,0.14,0.21,537.498,5.7608
O=C(NC1CCCCC1)c1ccc2cccnc2n1,0.897241675,2.080265427,0.1,0.02,255.321,2.6923
CC(C)C(=O)Nc1cccc(-c2nc(Nc3ccc(N4CCOCC4)cc3)oc2N)c1,0.550167058,2.523388924,0.21,0.21,421.501,4.0985
COc1ccc(NC(=O)Nc2ccc(Cl)c(C(F)(F)F)c2)cc1Nc1ncnc2cnc(NCC(C)C)nc21,0.190892197,2.744174524,0.43,0.32,560.968,6.5561
COCCOc1cc(CC(=O)O)ccc1-c1ccccc1-c1ccnc2[nH]c(C3CCCCC3)cc12,0.261632012,2.650642824,0.26,0.06,484.596,6.5969
Cc1cc(-c2n[nH]c3ccc(C(O)=NC4CCCC(O)(Cc5ccc(F)cc5)C4)cc23)ccn1,0.279635251,3.689344274,0.29,0.23,458.537,5.29342
CNc1nc(Nc2cc(C(=O)Nc3cc(C)ccn3)ccc2Cl)ncc1C(F)(F)F,0.527151663,2.486630845,0.47,0.29,436.825,4.88982
COc1ccc(-c2ccc(C(=O)Nc3ccccc3N)cc2)cc1OC,0.677671909,1.691207868,0.04,0.01,348.402,4.2053
CN(C)C(=O)Cn1c(-c2cccc(Cl)c2)nc2ccccc21,0.742592389,1.964903506,0,0.02,313.788,3.4449
CC(C)c1cccc(NC(=O)Nc2ccc(-c3cccc4cnccc34)cc2)c1,0.414678646,1.996261075,0.43,0.25,381.479,6.6692
COc1ccc(-c2ccccc2)cc1-n1c(C)nc2ccc(-c3cccc(Cl)c3)cc21,0.30169401,2.111460627,0.06,0.05,424.931,7.32992
CCN(CC)C(=O)Cc1cccc(-c2nnc(Nc3ccccc3)o2)c1,0.699790014,2.171219643,0.13,0.03,350.422,3.8911
Cc1cccc(-c2nc(Nc3ccc(N4CCOCC4)cc3)ccc2Nc2ccncc2)c1,0.398938651,2.406909334,0.25,0.32,437.547,5.77582
Cc1cc(-c2cnc(N)c(NCc3ccccc3)n2)ccc1Cl,0.750689986,2.108139074,0.46,0.13,324.815,4.29972
CCc1cccc(C(=O)Nc2ccc(C(=O)O)cc2NC(=O)c2ccccc2)c1,0.58120608,1.797087811,0,0.01,388.423,4.4518
Cc1ccc(C(=O)Nc2ccc(F)c(C(F)(F)F)c2)cc1Nc1ncccc1Nc1ncnc2cnc(NC3CCCCC3)nc12,0.126975381,2.975665729,0.3,0.36,631.638,7.76522
COc1cc(Nc2c(C#N)cnc3cc(-c4ccccc4)c(OC)cc23)cc(OC)c1,0.448695921,2.326227472,0.23,0.32,411.461,5.54288
COc1ccc(-c2ccc3c(c2)ncn3-c2cccc(N3CCNCC3)c2)cc1,0.57498664,2.231907855,0.27,0.03,384.483,4.1107
CCCC(=O)Nc1nc(-c2ccccc2)nc(NC(=O)Cc2ccccc2)n1,0.659100426,2.056308399,0.08,0.04,375.432,3.4584
Cc1ccc(-c2ccccc2)c(NC(=O)c2ccc(-c3ccccc3S(N)(=O)=O)cc2)n1,0.469609584,2.128776282,0.12,0.01,443.528,4.62372
COc1cccc(-c2ccccc2)c1C(=O)Nc1ccc(C(=O)O)cc1,0.720891165,1.738958388,0.01,0.02,347.37,4.3127
COc1ccc(-c2nn(-c3ccccc3)cc2N=C(O)c2cnn3cccnc23)cc1,0.345969062,2.678417482,0.2,0.09,410.437,4.2269
Cc1cc(C)c(Nc2nccc(-c3cnc4ccccn34)n2)cc1,0.616801837,2.308333683,0.58,0.26,315.38,4.15174
COc1ccc(-c2nc(Nc3ccccc3)nc(N)n2)cc1,0.768943692,1.845301001,0.17,0.12,293.33,2.873
O=C(NC1CCC(CCN2CCC(c3coc4ccccc34)CC2)CC1)c1ccccc1,0.522291248,2.32732401,0.02,0,430.592,5.9911
COc1ccc(-c2ccc(C(=O)Nc3ccc4c(c3)CCC(C(=O)O)O4)cc2)cc1,0.659902432,2.467008588,0.01,0.01,403.434,4.3927
CCCN(CCC)C(=O)c1ccc(N(c2ccccc2)C2=NC(c3ccc(Cl)cc3)C2=O)cc1,0.376778487,3.08013793,0.05,0,474.004,6.4628
O=C(NC1CCC(CCN2CCC(c3cccc4c3CCO4)CC2)CC1)c1ccccc1,0.683840702,2.373229111,0.01,0.01,432.608,5.1798
Cn1ccc2ncnc(Nc3ccc(Nc4ccccc4)cc3)c21,0.583780982,2.166235621,0.4,0.29,315.38,4.4555
COc1ccc(Nc2ncc(C(N)=O)nc2Nc2ccccc2Cl)cc1,0.611554127,2.210017639,0.21,0.38,369.812,3.7247
CC(=O)c1ccc(-c2nnc(N3CCOCC3)c3sccc23)cc1,0.68468373,2.402760496,0.04,0.01,339.42,3.3975
CC(=O)c1ccc(-c2ccc(-c3ccccc3)n2-c2ccncc2)cc1,0.466406465,2.062448315,0.19,0.04,338.41,5.4089
COc1cc(-c2cc(-c3ccccc3)nc(N3CCCC(N)C3)n2)ccc1OC,0.715144835,2.601442168,0.07,0.01,390.487,3.7553
CC(=O)Nc1ccc(Nc2nccc(Nc3ccccc3)n2)cc1,0.66402042,1.88329632,0.59,0.41,319.368,3.9222
CNc1ccc(Nc2ncc(C(=O)Nc3ccccc3C(=O)O)cc2F)cc1,0.516199076,2.128331206,0.14,0.3,380.379,3.9565
CC(=O)c1cccc(-c2cnc3[nH]cc(-c4cccc(N)n4)c3c2)c1,0.55503288,2.366641621,0.68,0.23,328.375,4.0767
COc1ccc(-c2nn(-c3ccccc3)cc2N=C(O)c2cnn3cccnc23)cc1,0.345969062,2.678417482,0.2,0.09,410.437,4.2269
COc1ccc(C(=O)Nc2cccc(C(=O)Nc3ccccc3N)c2)cc1OC,0.554936903,1.774351413,0.03,0,391.427,3.7906
COc1cc(CNC(=O)C2C=CC=C(c3ccccc3)C2=O)ccc1OC,0.800989473,2.859849412,0.01,0,363.413,3.1587
COc1ccc(C(=O)Nc2cccc(C(C)Nc3ncnc4c(N5CCOCC5)cc(C)nc34)c2)cc1,0.381169991,2.975163711,0.11,0.02,498.587,4.60382
CC(=O)Nc1ccc(-c2cnc(N)c(-c3ncccc3N3CCOCC3)n2)cc1,0.705055377,2.457539097,0.34,0.12,390.447,2.5828
COc1ccc(C(=O)Nc2cccc(C(=O)O)c2)cc1OC,0.886514626,1.539402046,0,0.01,301.298,2.6543
COc1ccc(C(=O)Nc2cccc(C(F)(F)F)c2)cc1Nc1ncnc2cnc(N3CCCCC3)nc12,0.344644072,2.574383814,0.25,0.19,523.519,5.4334
O=C1NC(=O)C(=Cc2ccc(-c3ccc(Cl)cc3)c(Cl)c2)S1,0.77690595,2.178911447,0.66,0.29,350.226,4.9843
Nc1ncnc2c1ncn2-c1ccccc1Cl,0.712408075,2.209560459,0.31,0.02,245.673,2.0511
O=C(Nc1ccc(Cl)cc1)c1ccc(NC(=O)N2Cc3ccccc3C2)cn1,0.686981483,2.042178485,0.01,0.01,392.846,4.535
Clc1ccc(Nc2nccc(Nc3ccccc3)n2)cc1,0.737514734,1.800440395,0.77,0.46,296.761,4.6172
COC(=O)C1=C(c2ccccc2)c2ccccc2-n2cccc21,0.508640106,1.993476857,0.03,0.01,301.345,4.5461
COc1ccc(-c2ccc3c(Nc4ccccc4)ncnc3n2)cc1,0.599785954,1.966050612,0.47,0.33,328.375,4.444
COc1ccc(C(=O)Nc2ccc(Cl)c(C(=O)Nc3cccnc3N)c2)cc1,0.607239272,1.90711699,0.19,0.08,396.834,3.8304
COc1ccc(-c2nc(-c3cccc4ccccc34)[nH]n2)cc1,0.613512575,1.925132533,0.27,0.03,301.349,4.3005
O=C1C(=O)N(Cc2ccc(Cl)cc2)c2ccc(S(=O)(=O)N3CCCC3COc3ccccc3)cc21,0.442378543,2.775361134,0.02,0.01,510.999,4.3016
Cc1cc(C)cc(-c2[nH]c3ccccc3c2C(=O)Nc2ccc(Cl)cc2Cl)c1,0.375581729,2.176032082,0.21,0.06,409.316,7.01084
N#CC(Cc1ccc(-c2ccnc3[nH]c(=O)sc23)cc1)C(=O)O,0.76579031,3.188857518,0.38,0.07,325.349,2.41848
COc1ccc(C(=O)Nc2ccc(F)c(C(F)(F)F)c2)cc1Nc1ncnc2cnc(N3CCOCC3)nc12,0.341299492,2.710936728,0.22,0.26,543.481,4.4188
COc1ccc(-c2cccc(F)c2)cc1-n1ccn2nc(-c3cccnc3)cc21,0.437899429,2.615332252,0.28,0.03,384.414,5.0017
O=C(Nc1ccc(F)cc1)c1nn(-c2ccccc2)cc1-c1ccccc1,0.562806065,1.869986721,0.17,0.05,357.388,4.9307
O=C(Nc1cnccc1Nc1cccc(-c2ncnc3[nH]ccc23)c1)c1ccc(-c2ccccc2)cc1,0.246000862,2.462454427,0.48,0.23,482.547,6.6828
COc1ccc(-c2nc(-c3cccc4ccccc34)[nH]n2)cc1,0.613512575,1.925132533,0.27,0.03,301.349,4.3005
CC(C)(C)C(=O)c1cnc(Nc2ccc(-c3nc(N4CCOCC4)nc4ccc(Cl)cc34)s2)cc1Cl,0.27583506,3.015104621,0.11,0.17,542.492,6.8691
COc1ccc(-c2nc(Nc3ccccc3)n(-c3ccccc3)n2)cc1,0.571711281,1.952851867,0.15,0.26,342.402,4.6865
COc1ccc(Nc2ncc(C(=O)Nc3ccccc3C(=O)O)cc2[N+](=O)[O-])cc1,0.396521967,2.091085571,0.11,0.29,408.37,3.6925
CCOC(=O)CCCCOc1ccc2c(c1)c(-c1ccc(Cl)cc1)nn2Cc1ccccc1,0.198754751,2.157320372,0.08,0.02,462.977,6.5172
COc1ccc(-c2oc3ncnc(Nc4cccc(C(F)(F)F)c4)c3c2)cc1,0.491109655,2.349695429,0.64,0.33,385.345,5.6608
CC(C)n1c(NC(=O)c2cccc(Cl)c2)nc2ccccc21,0.772273406,2.029017898,0.08,0.01,313.788,4.5229
O=C1NC(=O)c2c1c1ccc3ccccc3c2n1CCCCCCCCCCCCn1c2ccccc2c2cnccc21,0.13274797,3.995735933,0.42,0.15,570.737,6.33738
COc1ccccc1N1CCN(CCCCn2cnc3ccccc32)CC1,0.599442083,2.027634231,0,0,364.493,3.6473
C=CCN(C(=O)OCc1ccccc1)C1CN(C(=O)C2CCCCC2)CC1c1ccccc1,0.536255674,3.160859898,0.01,0.03,446.591,5.3861
COc1ccc(-c2nn(C3CCCCC3)c3ncnc(N)c23)cc1,0.796590209,2.243509947,0.73,0.22,323.4,3.5893
COc1cccc(-c2nc(Nc3ccc(N4CCNCC4)cc3)no2)c1,0.73185825,2.268260059,0.19,0.21,351.41,2.8984
O=C1NC(=O)C(=Cc2ccc(-c3ccccc3)cc2)S1,0.854122807,1.941004124,0.58,0.23,281.336,3.6775
Cc1cccc(-c2nc(-c3ccc(F)cc3)c(-c3ccncc3)[nH]2)c1,0.557324907,2.097288749,0.66,0.4,329.378,5.25322
O=C(O)c1ccc(-c2ccccc2)cc1Nc1ccc(Nc2ccccn2)cc1,0.385685954,1.963461845,0.32,0.39,381.435,5.934
CC(C)(C)c1cc(NC(=O)Nc2ccc(Oc3ccnc(Nc4ccc(N5CCOCC5)cc4)n3)cc2)no1,0.273006013,2.666757044,0.4,0.37,529.601,5.7786
CC(=O)Nc1cccc(Nc2ncc(Nc3ccccc3C(=O)O)cc2F)c1,0.506487908,2.179064215,0.16,0.29,380.379,4.3645
COc1ccc(-n2nc(C(N)=O)c3c2-c2cc(NC(=O)c4ccccc4Cl)ccc2CC3)cc1,0.441247516,2.33600409,0.08,0.04,472.932,4.6511
CNC(=O)C(Cc1ccccc1)NC(=O)C(Cc1ccccc1)NC(=O)c1cccc2ccccc12,0.342487076,2.735982693,0.01,0.04,479.58,3.6544
Cc1cc(-c2n[nH]c3ccc(C(O)=NC4CCCC(N(C)C)C4)cc23)ccc1C(=O)Nc1ccccc1,0.226972382,3.483465707,0.39,0.19,495.627,5.96802
COc1ccc(-c2nc(Nc3ccc(N4CCOCC4)cc3)n3ccnc3n2)cc1,0.548322772,2.402056055,0.18,0.38,402.458,3.3801
COc1ccc(-c2nn(-c3ccccc3)cc2N=C(O)c2cnn3cccnc23)cc1,0.345969062,2.678417482,0.2,0.09,410.437,4.2269
O=C(Nc1ccc(C(=O)N2CCC(N=C(O)C=Cc3ccccc3)CC2)cc1)c1ccccc1,0.39689015,2.37548319,0,0.01,453.542,5.2134
COc1cc(Nc2nccc(-c3cnc4ccccc4c3)n2)cc(OC)c1OC,0.52229095,2.219040746,0.75,0.57,388.427,4.4612
CNC(=O)C(NC(=O)C(Cc1ccccc1)NC(=O)C(Cc1ccccc1)NC(=O)OCc1ccccc1)C(=O)C(=O)Nc1ccccc1,0.096144593,3.541218281,0.01,0,663.731,2.6902
COc1ccc(CN(C)C(=O)c2ccc(-c3ccncc3)cc2)cc1OC,0.66408481,1.878712575,0.42,0.03,362.429,4.038
Cc1cc(-c2nc(-c3ccc(OC(F)(F)F)c(C)c3)n3c2CCOC(C)C3)ccn1,0.595798822,3.381677653,0.17,0.08,417.431,5.08874
COc1ccc(CNC(=O)c2ccc(-c3cnc(N)cn3)cc2)cc1OC,0.697563522,2.038234653,0.27,0.05,364.405,2.673
COc1ccc(-n2nc(C(N)=O)c3c2-c2cc(NC(=O)c4ccccc4Cl)ccc2CC3)cc1,0.441247516,2.33600409,0.08,0.04,472.932,4.6511
CC(Nc1nccc(-n2cnc3ccccc32)n1)C1CCC(C(=O)O)CC1,0.718675782,2.985795305,0.23,0.15,365.437,3.5069
COc1cc(CN(CC2CCCCC2)C(=O)c2ccc(C)c(OC)c2)ccc1OC,0.595704074,2.076448693,0,0,411.542,5.24352
CN1CCC(c2cc3c(-c4cccc(NCc5ccccc5)n4)ccnc3[nH]2)CC1,0.494959096,2.534383281,0.45,0.11,397.526,5.0462
O=C(Nc1cccc(-c2cnc3ccccn23)c1)Nc1cccc2ccccc12,0.416851833,2.10991036,0.22,0.07,378.435,5.7985
O=C(Nc1ccccc1-c1ccccc1)NC1CCCC1,0.858298056,1.64027836,0.07,0.01,280.371,4.4177
COc1ccc(C(=O)Nc2ccc(C(=O)Nc3ccccc3N)cc2)cc1OC,0.554936903,1.739503008,0.02,0.02,391.427,3.7906
CNc1nccc(-c2cnn3ccccc32)n1,0.722569933,2.45227212,0.71,0.29,225.255,1.833
O=C(Nc1ccc(C(=O)Nc2ccccc2Nc2ccc3ccccc3c2)cc1)c1ccccc1,0.254931684,1.896756781,0.05,0.14,457.533,7.088
COc1ccc(-c2cnc(Nc3ccc(N4CCOCC4)cc3)o2)cc1,0.751500391,2.14363928,0.3,0.49,351.406,3.9304
CCOc1ccc(Nc2ncc(C(N)=O)c(Nc3ccccc3)n2)cc1OC,0.549309086,2.081190814,0.67,0.38,379.42,3.47
O=C(NCC1CCCCC1)c1ccc2ccccc2n1,0.924676985,1.848775509,0.01,0,268.36,3.5449
CC(C)(C)CCC(=O)Nc1cc(-c2cccc3cnc(Nc4ccccc4)nc23)ccn1,0.38436667,2.446880304,0.51,0.5,425.536,6.2002
COc1ccc(-c2ccc(C(=O)NC(C)c3ccc(C(=O)O)cc3)cc2)cc1,0.662620412,2.128458619,0.04,0,375.424,4.5514
O=C1c2cc(Cl)ccc2C2=Nc3ccccc3N=C21,0.489203212,2.041880832,0.07,0.05,266.687,3.4946
CNC(=O)c1ccc(C)c(Nc2ncnc3cnc(Nc4ccc(N5CCOCC5)cc4)cc23)c1,0.389075653,2.50700818,0.33,0.45,469.549,4.01662
O=C(O)Cn1c(=O)c(-c2ccccc2)nc2ccccc21,0.797529128,1.823898236,0.01,0.03,280.283,2.1481
Cc1ccc(Nc2ncc(C(=O)Nc3ccccc3N)s2)cc1,0.633015925,2.018246067,0.19,0.17,324.409,4.02962
Nc1n[nH]c2ncc(-c3ccccc3Cl)cc12,0.691683978,2.305356064,0.87,0.28,244.685,2.8605
COc1ccc(-c2nc(-c3ccc(C)cc3)n[nH]2)cc1,0.788670575,1.821686087,0.15,0.01,265.316,3.45572
CS(=O)(=O)Nc1cccc(-c2nc(Nc3cccc(N4CCOCC4)c3)ncc2F)c1,0.603756062,2.407196357,0.47,0.52,443.504,3.2344
COc1ccc(Nc2ncc(-c3cccnc3-c3ccccc3)[nH]2)cc1,0.541862508,2.191904814,0.47,0.41,342.402,4.8909
N#CC1CCCN1C(=O)CNC(=O)c1cccc2ccccc12,0.943278773,2.529965921,0.05,0.08,307.353,2.08418
O=C1NC(=O)c2c1c(-c1ccccc1Cl)cc1[nH]c3ccccc3c21,0.49747784,2.365535852,0.81,0.2,346.773,4.5251
O=S(=O)(NC1CCC(CCN2CCC(c3cccc4c3OCO4)CC2)CC1)c1ccc(F)cc1,0.614010766,2.537740533,0.02,0.01,488.625,4.6612
COc1cc(C(=O)NC(=N)Nc2ccc(C(=O)O)cc2)ccc1OC,0.487664456,2.121065952,0,0.01,343.339,2.17867
COc1ccc(-n2nc(C(N)=O)c3c2-c2cc(OC)c(OC)cc2-3)cc1,0.597033086,2.407720954,0.09,0.02,351.362,2.6444
Cc1cc(C)c(Nc2nccc(Nc3cc(C4CC4)[nH]n3)n2)cc1,0.657019324,2.471161901,0.43,0.19,320.4,4.18114
Cc1ccc(C(=O)Nc2ccc(Cl)c(C(F)(F)F)c2)cc1Nc1ncnc2cnc(N3CCNCC3)nc12,0.329812668,2.737918018,0.24,0.18,542.953,4.80592
COc1cccc(Nc2nc(Nc3ccccc3)nc3ccccc23)c1OC,0.48872826,2.033419177,0.23,0.08,372.428,5.1342
COc1ccc(-c2cccc3ccccc23)c(OC)c1,0.691906054,1.581880252,0.08,0.03,264.324,4.524
O=C1NC(=O)C(=Cc2ccc(-c3cccc(Cl)c3)o2)S1,0.854211213,2.328870451,0.53,0.24,305.742,3.9239
CN1CCN(c2ccc(-c3n[nH]c4ccc(C(=O)Nc5ccccc5)cc34)cc2)CC1,0.527415529,2.09553853,0.35,0.13,411.509,4.234
COc1ccc(CNC2CN(C)CC2)cc1Nc1nccc(-c2cnc(N)cn2)c1,0.551526265,3.066885857,0.29,0.35,405.506,2.6667
CC(=O)Nc1ccc(CNc2nc(Nc3ccc(N4CCNCC4)cc3)ncc2OC)cc1,0.417468217,2.376207872,0.49,0.3,447.543,3.2089
COc1ccc(CNC(=O)c2ccc(-c3cnc(N)c(C(=O)O)c3)cc2)cc1OC,0.549932519,2.052187769,0.3,0.03,407.426,2.9762
COc1ccc(-c2nc(Nc3ccc(N4CCOCC4)cc3)ncc2N)cc1,0.705358909,2.217616926,0.44,0.72,377.448,3.3146
COc1ccc(-c2nc(Nc3ccccc3)ncc2NC(=O)c2cccc(C(F)(F)F)c2)cc1,0.357104292,2.200498777,0.45,0.49,464.447,6.1669
CCN(CC)CCOc1cccc(-c2ccc3ncnc(Nc4cccc(Cl)c4)c3c2)c1,0.321438488,2.257670427,0.47,0.29,446.982,6.4144
COc1cccc(-c2n[nH]c3ccc(-c4ncn[nH]4)cc23)c1,0.607797131,2.35800241,0.62,0.21,291.314,3.0236
COc1ccc(-c2nc(-c3cccc4ccccc34)[nH]n2)cc1,0.613512575,1.925132533,0.27,0.03,301.349,4.3005
CC(C)(C)c1ccc(CNC(=O)c2ccc(-c3ccccc3)cc2)cc1,0.657985324,1.616023252,0.04,0,343.47,5.5811
CC(=O)Nc1ccc(-c2nc3ccc(C)cc3o2)cc1,0.767916208,1.810574905,0.03,0,266.3,3.76162
Cc1cccc(NC(=O)Nc2ccc(-c3cccc4cnncc34)cc2)c1,0.52794693,2.093503956,0.57,0.2,354.413,5.24922
COc1ccc(Nc2ncc(C(=O)Nc3ccccc3C(=O)O)cc2F)cc1,0.598288039,2.004408129,0.11,0.32,381.363,3.9234
COc1ccc(-c2ccc(C(=O)NC(C)c3ccccc3)cc2)cc1,0.725357033,1.961910076,0.06,0,331.415,4.8532
O=C(Nc1ccc(Cl)cc1Cl)Nc1ccccc1C(=O)O,0.785494534,1.686319748,0,0,325.151,4.3356
O=C1NCc2c1c1ccccc1n2CCc1ccccc1,0.783229988,2.218134191,0.29,0.11,276.339,3.1274
c1ccc(-c2ccc(-c3ccncc3)cc2)cc1,0.63602709,1.351332299,0.66,0.08,231.298,4.4156
CN1CCN(c2ccc(C(=O)Nc3ccc(-c4ccccc4)cc3)cc2)CC1,0.740225396,1.700211485,0,0.01,371.484,4.3577
CC(=O)Nc1ccc(-c2ccc3nccc(Nc4cccc(-c5ccccc5)n4)c3c2)cc1,0.326896075,2.160477524,0.25,0.39,430.511,6.6658
COc1ccc(-c2ccc3c(c2)Nc2ccccc2NC3=O)cc1,0.722008455,2.006317419,0.79,0.06,316.36,4.6715
Cc1cc(C(=O)Nc2ccc(C(=N)N)cc2)sc1Nc1ncnc(N)c1C#N,0.328351876,2.763703994,0.2,0.06,392.448,2.58037
Cc1cc(Nc2nccc(-c3cnn(C)c3)n2)ccc1OCC(=O)Nc1ccccc1,0.475636205,2.234923704,0.45,0.3,414.469,3.94662
COc1ccc(-c2nn(-c3ccccc3)cc2N=C(O)c2cnn3cccnc23)cc1,0.345969062,2.678417482,0.2,0.09,410.437,4.2269
COc1ccc(CNc2nc(Nc3ccccc3C(=O)Nc3ccccc3)ncc2[N+](=O)[O-])cc1,0.22998599,2.221482989,0.37,0.18,470.489,5.0014
COc1ccc(-c2ccccc2N2CCC(N)C(n3cc(C(=N)O)c(Nc4ccccc4)n3)C2)cc1,0.21868525,3.51149645,0.12,0.08,482.588,4.96437
CC(=O)c1cccc(-c2ccc(C(=O)Nc3ccccc3N)cc2)n1,0.562530112,1.913957845,0.15,0.04,331.375,3.7857
Cc1ccc(-c2ccccc2)c(C(=O)Nc2ccc(-c3ccc(C(=O)O)cc3)s2)c1,0.401057872,2.108575464,0.05,0.02,413.498,6.34102
CN(C)C(=O)c1ccc(-c2nc3ccccc3n2-c2ccc3c(c2)OCO3)cc1,0.532273722,2.160550636,0.05,0,385.423,4.123
Cc1cccc(-c2nc(N)c3cc(C(=O)Nc4ccc(C(=O)Nc5ccccc5)cc4)sc3n2)c1,0.297124818,2.222036835,0.18,0.06,479.565,5.75352
COc1ccc(-c2ccc(C(=O)Nc3ccc4c(c3)-c3cc(C(N)=O)nn4C3OCC(=O)O)cc2)cc1,0.432922449,4.005309225,0.08,0.04,498.495,3.1001
COc1ccc(NC(=O)Nc2ccc(Oc3ccnc(Nc4cccc(N5CCOCC5)c4)c3)cc2)cc1,0.262723132,2.308674841,0.2,0.4,511.582,6.1067
CC(C)CC(NC(=O)C(Cc1ccc(Cl)cc1)NC(=O)C(C)(C)C)C(=O)NCc1ccccc1,0.469533916,2.845068587,0.02,0.01,486.056,4.2607
O=C1NC(=O)C(=Cc2ccc(-c3ccccc3)cc2)S1,0.854122807,1.941004124,0.58,0.23,281.336,3.6775
COc1ccc(Nc2nc(-c3ccc4ccccc4c3)n[nH]2)cc1,0.586393888,2.075044072,0.35,0.21,316.364,4.3771
COc1ccc(-c2ccc(C(=O)NC(C)C)cc2NC(=O)c2ccc(N3CCOCC3)nc2)cc1,0.53811454,2.228784217,0.1,0.04,474.561,3.9843
COc1ccc(-c2ccc3c(c2)N(c2ncc(C(F)(F)F)cc2F)CC3)cn1,0.590894679,2.574964312,0.1,0.11,389.352,5.0043
COc1ccc(Nc2ncc(-c3ccccc3)o2)cc1OC,0.767763686,1.961654126,0.89,0.27,296.326,4.1024
Cc1cc(-c2ccc3cnccc3c2)ccc1OCCCOc1ccc2c(c1)C(=O)C(=O)N2,0.317268886,2.43532518,0.38,0.22,438.483,5.19292
CNC(=O)c1ccc(-c2noc(C(F)(F)F)n2)cc1,0.907920604,2.138302494,0.08,0.02,271.198,2.115
CC(C)(C)NC(=O)Cn1c(C)c(C(=O)c2ccc(-c3ccccc3)cc2)c2ccccc21,0.414049964,2.135944819,0,0,424.544,5.76242
CC1=CC(=O)C(=O)C=C1c1ccc(OC)cc1,0.575252187,2.259089168,0.01,0.02,228.247,2.1767
COc1ccc(NC(=O)CCc2ccc(Nc3nccc(-c4ccccn4)n3)cc2)cc1,0.418992398,2.079677454,0.45,0.18,425.492,4.8621
O=C(Nc1ccccc1)c1cccc(O)c1,0.805224187,1.348050148,0,0.01,213.236,2.6445
CCCN(CCC)C(=O)c1cc(C)cc(C(=O)NC(Cc2cc(F)cc(F)c2)C(O)C2CN(S(=O)(=O)c3ccc(C)cc3)CC2)c1,0.261581779,3.800531322,0.01,0.02,655.808,5.25664
O=C1CC=C(c2ccccc2)C(=O)c2cccn12,0.764600917,2.625024893,0.03,0,237.258,2.7983
CC(C)CC(C(=O)Nc1ccc(-c2cc(O)nc(N)c2)cc1)c1ccccc1,0.577043064,2.76457897,0.24,0.03,375.472,4.8048
CC(=O)Nc1ccc(-c2nc(N3CCOCC3)c3cnn(C(C)C)c3n2)cc1,0.749118669,2.34834716,0.07,0.12,380.452,2.8692
COc1ccc(Cl)cc1Nc1nc(Nc2cccc(NC(=O)CCN)c2)ncc1Cl,0.400135397,2.296741001,0.56,0.38,447.326,4.5665
CC(C)(C)c1ccc(Nc2nc(-c3cccc4cnccc34)[nH]n2)cc1,0.545422679,2.346820259,0.5,0.32,343.434,5.061
CN(C)CC=C(c1ccccc1)c1cccc2cccnc12,0.714013843,2.224895473,0.01,0.01,288.394,4.2281
CN(C)C1CCC(n2cc(C(=N)O)c(Nc3ccc(Cl)cc3)n2)C(C#N)C1,0.532974552,4.067305027,0.12,0.07,386.887,3.95845
O=C(Nc1ccc(Cl)cc1)c1ccccc1Nc1ccc(Nc2ccccn2)cc1,0.337771154,1.893542389,0.1,0.31,414.896,6.4745
CC(C)c1ccc(Nc2ncc(Br)c(Nc3cc(C4CC4)n[nH]3)n2)cc1,0.500941384,2.740647161,0.59,0.43,413.323,5.4502
COc1cc(Nc2nccc(-c3cnn4ccccc34)n2)cc(OC)c1OC,0.549970527,2.432995579,0.88,0.34,377.404,3.5607
Cc1ccc(NC(=O)c2ccc(-c3cccc4c(Nc5ccccc5)cccc34)cc2)cc1,0.299624224,1.853703853,0.08,0.07,428.535,7.81112
COc1ccc(C(=O)C(=O)Nc2ccccc2)cc1,0.674297455,1.514087405,0,0,255.273,2.5166
COc1ccc(C(=O)Nc2ccc(CN3CCC(C(O)=NC4CCCCC4)CC3)cc2)cc1,0.435470598,2.355554026,0,0,449.595,5.4487
CN(C)CCc1cnc(Nc2ccc(C(=O)Nc3ccccc3N)cc2)nc1N1CCCC1,0.454105469,2.364956187,0.49,0.36,445.571,3.759
Cc1ccc(-n2nc(C(C)(C)C)cc2NC(=O)Nc2ccc(OCc3ccncc3)cc2)cc1,0.368260924,2.260850878,0.15,0.04,455.562,6.09622
COc1ccc(C(=O)Nc2cccc(C(F)(F)F)c2)cc1Nc1ncnc2cnc(N3CCCC3)nc12,0.372443995,2.553458048,0.26,0.2,509.492,5.0433
CNC(=O)c1ccc(-c2nc(Nc3ccc(N4CCNCC4)cc3)ncc2OC)cc1,0.566867088,2.330152934,0.48,0.65,418.501,2.665
COc1ccc(-c2cnc(Nc3ccccc3)cc2)cc1OC,0.752944364,1.738000852,0.34,0.4,306.365,4.5094
CC1(C)CC=C(c2cc(C(C)(C)C)c(Nc3ncc(C(=O)NC4CC4)c4ccccc34)cc2)CC1,0.403006286,2.784600876,0.24,0.18,467.657,7.7616
CC(C)Nc1ncc(-c2c(N)ncnc2Nc2ccccc2C(=O)Nc2ccc(C(=N)N)cc2)s1,0.158026006,2.732760217,0.27,0.13,487.593,4.28257
Cc1cc(C)cc(-c2[nH]c3ccccc3c2CN(C)CCc2ccncc2)c1,0.485077601,2.34673404,0.31,0.02,369.512,5.52124
COc1cc(Nc2nccc(Nc3ccccc3)n2)ccc1-c1nc(C(C)(C)C)[nH]n1,0.40476615,2.546656685,0.6,0.54,415.501,5.055
COc1ccc(C(=O)Nc2cccc(C(=O)O)c2NC(=O)c2ccc(Cl)cn2)cc1,0.550092243,2.114571285,0.02,0.05,425.828,3.9464
O=C(Nc1ccccc1)Nc1ccc(-c2nc(N3CCOCC3)c3ccccc3n2)cc1,0.492052753,2.058036722,0.05,0.05,425.492,4.7774
Cc1ccc(NC(=O)c2ccc(-c3cccc(N)c3)cc2)cc1,0.700008243,1.564100612,0.12,0.04,302.377,4.49652
COc1ccc(CC(=O)Nc2nc(-c3ccccc3)cs2)cc1OC,0.726530304,1.80549739,0.03,0.04,354.431,4.0085
N#Cc1cccc(-c2cnc(Nc3ccc(N4CCOCC4)cc3)o2)c1,0.774538544,2.334061657,0.34,0.5,346.39,3.79348
Cc1ccc(-n2nc(C(C)(C)C)cc2NC(=O)Nc2ccc(N3CCCCC3=O)cc2)cc1,0.545443889,2.308846008,0.13,0.03,445.567,5.63912
COc1cccc(-c2ccc(C(=O)Nc3cc(C(N)=O)ccc3N)cc2)c1,0.606032131,1.835432035,0.12,0.03,361.401,3.2956
COc1cc(C(=O)NC(=N)Nc2cccc(C(F)(F)F)c2)cc(NC(=O)c2ccccn2)c1,0.339555081,2.515601581,0.01,0.05,457.412,4.13797
COc1ccc(CNC(=O)CC(=O)C=Cc2ccc(Cl)cc2)cc1,0.616558822,1.964335066,0.02,0.01,343.81,3.6374
O=C(Nc1ccc(Cl)cc1)c1ccccc1-n1nccn1,0.807685915,1.978932145,0.09,0.09,298.733,3.173
Cn1cnc(-c2ccncc2)c1Nc1nccc(-c2cnc3cnccc3n2)n1,0.506137062,2.87760553,0.77,0.38,381.403,3.0209
O=C(Nc1ccc(OC(F)(F)F)cc1)Nc1ccc(-c2cnc(N)cn2)cc1F,0.556375036,2.338635862,0.47,0.17,407.327,4.4075
O=C1NCN(c2ccc(F)cc2)C12CCN(C1CCCCC1)CC2,0.905044264,2.89867038,0.04,0.05,331.435,2.8867
Cc1ccc(-c2nc(-c3cccc4ccccc34)[nH]n2)cc1,0.584495921,1.922210694,0.19,0.03,285.35,4.60032
CC(C)(C)c1ccc(C(=O)Nc2ccc(C(=O)O)cc2)cc1,0.901558296,1.558396434,0,0,297.354,3.9346
O=C1NCc2c1c1cc3ccccc3ncc1c2-c1cncnc1,0.586413935,2.713141146,0.53,0.22,312.332,3.04
COc1ccc(-c2nc(Nc3ccccc3)nc(NC(C)C)n2)cc1,0.706136585,2.019887775,0.13,0.15,335.411,4.1111
Nc1ncc(-c2ccncc2)c2ncnc(Nc3ccccc3)c21,0.602071052,2.328231721,0.53,0.21,314.352,3.4126
Nc1nc(N2CCCCC2)c2[nH]c(-c3ccccc3)nc2n1,0.758674519,2.311106552,0.22,0.04,294.362,2.5924
CC(C)(C)c1ccc(NC(=O)Nc2ccc(-c3cccc4c3OCCO4)cc2)cc1,0.55920614,2.120016251,0.14,0.05,402.494,6.0663
Cc1cccc(C(=O)Nc2ccc(-c3cccc4[nH]nc(N)c34)cc2)c1,0.516668874,2.017449797,0.67,0.22,342.402,4.37282
O=C(Nc1cccc(-c2nnc3n2-c2cccnc2Nc2ccccc2-3)c1)c1ccccc1Cl,0.337345627,2.430610477,0.19,0.08,464.916,5.959
COc1ccc(NC(=O)c2ccc(-c3ncccc3Cl)cc2)cc1OC,0.71040748,1.800278138,0.15,0.06,368.82,4.6715
Cc1cc(Cl)ccc1-c1ncccc1Nc1ccnc(Nc2cccc(NS(C)(=O)=O)c2)n1,0.326414572,2.547015186,0.54,0.34,480.981,5.35912
CC(=O)c1ccc(NC(=O)c2ccnc(Nc3cccc(Cl)c3)n2)cc1,0.656455824,1.983357972,0.41,0.3,366.808,4.3285
CNC(=O)c1ccc(-c2nc(C(=O)Nc3cnccc3C3CC(N)C(F)CO3)co2)cc1,0.556254646,3.823876591,0.22,0.04,439.447,2.4753
CNC(=O)c1ccc(-c2ccc3c(N4CCOCC4C)nc(N4CCOCC4C)nc3n2)cc1,0.632373194,3.488487445,0.05,0.03,462.554,2.5016
CCC(=O)Nc1ccc(-c2nc(N3CCOCC3)c3cccnc3n2)cc1,0.767700025,2.234135309,0.11,0.02,363.421,2.8769
COc1ccc(C=NNc2nc(N3CCCCCC3)nc3ccccc23)cc1,0.526695621,2.174307637,0.08,0,375.476,4.4648
COc1ccc(-n2nc(C(N)=O)c3c2-c2cc(NC(=O)c4ccccc4)ccc2CC3)cc1,0.49199066,2.254807847,0.08,0.01,438.487,3.9977
CCC(=O)c1cc(C)c(-c2nc(NCCN)n3nc(-c4ccco4)nc3n2)cc1,0.460852293,2.808097915,0.04,0.02,391.435,2.71802
COc1cc(C(=O)NC2CCN(Cc3ccc4ccccc4c3)CC2)cc(OC)c1OC,0.602164465,2.063433649,0.02,0.05,434.536,4.26
COc1ccc(Nc2ncc(-c3ccccc3S(N)(=O)=O)nn2)cc1,0.715620113,2.25265232,0.39,0.44,357.395,1.9382
Cn1c(Nc2c(Cl)ccc(CNC(=O)C(C)(C)C)c2Cl)nc2cc(C(=O)Nc3ccc(OC(F)(F)F)cc3)ccc21,0.202783192,2.77179844,0.06,0.05,608.448,7.4369
COc1ccc(-c2nc(NC(=O)c3ccc(N4CCOCC4)cc3)oc2-c2ccc(OC)cc2)cc1,0.389072499,2.313508758,0.06,0.01,485.54,5.1147
O=C(Nc1ccc(Cl)cc1)c1ccc(-c2noc(C(F)(F)F)n2)cc1,0.730613218,2.007206621,0.08,0.02,367.714,4.6611
COc1ccc(-c2nc(-c3cccc4ccccc34)[nH]n2)cc1,0.613512575,1.925132533,0.27,0.03,301.349,4.3005
COc1ccc(-c2nc(-c3cccc4ccccc34)no2)cc1OC,0.547573439,1.902143333,0.06,0.01,332.359,4.574
CC(=O)Nc1ccc(-c2ccc3nc(C(C(=O)NCCS(N)(=O)=O)S(C)(=O)=O)sc3c2)cc1,0.411947476,3.18403027,0.16,0.07,510.619,1.4121
Cc1ccc(C(=O)Nc2ccc(C(=O)Nc3ccc4c(c3)-c3ccccc3C(=O)O4)cc2)cc1,0.270279622,1.983615629,0,0,448.478,5.75922
COc1ccc(CNc2ncc(C(=O)Nc3ccc(N4CCOCC4)cc3)cc2-c2nc(C)n(C)c2)cc1OC,0.318626207,2.63955277,0.09,0.06,542.64,4.50872
Cc1c(Cl)cccc1NC(=O)c1ccc(Nc2nccc(-c3cnc(N4CCOCC4)cc3)n2)cc1,0.369225599,2.356669197,0.69,0.51,500.99,5.33292
COc1ccc(C(=O)Nc2ccc3c(c2)-c2c(c(C(N)=O)nn2-c2ccc4c(c2)OCO4)CC3)cc1,0.447675895,2.501023973,0.06,0.02,482.496,3.7264
O=C1NC(=O)C(=Cc2ccc(-c3ccccc3)cc2)S1,0.854122807,1.941004124,0.58,0.23,281.336,3.6775
O=C(Nc1ccc(N2CCN(C(=O)C3CCCCC3)CC2)cc1)c1ccc(Cl)cc1,0.763427516,1.892957852,0.01,0.01,425.96,4.8212
O=C1NC(=O)C(=Cc2ccc(-c3ccccc3)cc2)S1,0.854122807,1.941004124,0.58,0.23,281.336,3.6775
CC(C)c1cccc(C(C)C)c1NC(=O)Nc1ccc(-c2cn[nH]c2)cc1,0.523314527,2.268904099,0.36,0.15,362.477,5.9675
COc1ccc(-n2nc(C(F)(F)F)cc2NC(=O)c2cnc(Nc3ccccc3)[nH]2)cc1,0.405008103,2.522939764,0.14,0.2,442.401,4.6187
O=C(Nc1ccccc1-c1nnn[nH]1)c1ccc2ccccc2c1,0.607531426,2.130528145,0.16,0.08,315.336,3.2722
O=C1Nc2ccc(Cl)cc2C(=O)c2cncnc21,0.663522236,2.403271535,0.55,0.13,259.652,1.4849
COc1ccc(C(=O)Nc2cccc(C(=O)O)c2)cc1OC,0.886514626,1.539402046,0,0.01,301.298,2.6543
Cc1ccc(-c2ccc(C(=O)Nc3ccc4c(c3)CCC(c3ccccc3)O4)s2)cc1,0.380641043,2.641696715,0.05,0.01,425.553,7.04212
CC(C)C(NC(=O)Cn1c(-c2ccccc2)ncc(N)c1=O)C(=O)c1nccs1,0.573718911,3.089357736,0.04,0.03,411.487,1.9727
O=C(O)c1ccc2c(c1)nc(-c1ccc(F)cc1)n2C1CCCC1,0.762367758,2.026937152,0.05,0.03,324.355,4.6557
Cc1cccc(-c2nc(Nc3ccc(N4CCN(C)CC4)cc3)oc2-c2cccc(C(=O)Nc3cccc4ccccc34)c2)c1,0.194339446,2.620287423,0.1,0.12,593.731,8.21792
COc1ccc(Nc2ncc(C(=O)Nc3ccccc3)s2)cc1OC,0.694661195,1.941355082,0.15,0.14,355.419,4.1562
COc1ccc(C(=O)Nc2cccc(C(F)(F)F)c2)cc1-c1nc(Nc2ccc(N3CCOCC3)cc2)ncc1Cl,0.251536043,2.547035359,0.45,0.57,583.998,6.6569
Cc1ccc(NC(=O)c2ccc(NC(=O)Nc3ccc(N4CCNCC4)cc3)cc2)cc1,0.487168478,1.950014844,0.05,0.01,429.524,4.30092
COc1ccc(-c2ccc(F)cc2)c(-c2ccc(C(=O)Nc3ccccc3N)cn2)c1,0.429729047,2.061149857,0.33,0.08,413.452,5.3978
COc1cccc(-c2nnc(N)c3cc(-c4cnccn4)ccc23)c1,0.620090889,2.357218992,0.45,0.14,329.363,3.3446
CC1CN(C(=O)c2ccc(-c3ccccc3)cc2)CCN1C(=O)c1ccccc1-n1nccn1,0.471557236,2.784604443,0.06,0.05,451.53,3.921
COc1ccc(C(=O)Nc2ncc(C#N)c3ccccc23)cc1-c1nccs1,0.55818595,2.412551134,0.22,0.04,386.436,4.49088
CCCCCCCCC=CCC=CCC=CCC=CCC=CCCC(=O)NC(C)CO,0.156860543,3.468539359,0.02,0.02,429.689,7.3556
CC(C)(C)NC(=O)c1ccccc1-c1cccc(-c2cnc(N)c(C(=O)Nc3ccccc3)n2)c1,0.376460847,2.311462315,0.54,0.2,465.557,5.1734
O=C(Nc1ccc(F)cc1)c1ccc(-c2noc(C(F)(F)F)n2)cc1,0.720128021,2.012313874,0.09,0.05,351.259,4.1468
COc1ccc(-n2c(C)nc3ccccc32)cc1NC(=O)c1ccc(N2CCCC2)cc1,0.476819464,2.093260005,0.01,0,426.52,5.19502
Cc1cccc(C(=O)Nc2ccc3c(c2)-c2c(c(C(N)=O)nn2-c2ccc(C)cc2)CC3)c1,0.489651366,2.324130407,0.09,0,436.515,4.60594
Cc1ccc(C(=O)Nc2ccc(C(=O)Nc3ccccc3N)cc2)cc1,0.622946491,1.600208699,0.01,0.03,345.402,4.08182
Cc1cc(C(=O)Nc2ccc(-c3cccc4cnccc34)cc2)n(-c2cccc(NC(=O)CCN)c2)n1,0.299069579,2.424508519,0.26,0.13,490.567,4.93552
CC(C)n1c(O)nc(=Nc2ccc(OC(C)C)c(F)c2)n(Cc2ccc(Cl)cc2)c1=O,0.615102661,2.901412663,0.03,0.02,446.91,4.1917
COc1ccc(-c2cnc(N)c(C(=O)Nc3ccccc3)n2)cc1OC,0.733722586,1.970063793,0.63,0.1,350.378,2.9953
COc1cc(NC(=O)C=Cc2ccc(F)c(F)c2)ccc1OCCN1CCCCC1,0.644538772,2.156191743,0.02,0.03,416.468,4.49
CN(C)C(=O)Cn1c(N)c(C(=N)O)c(=Nc2cccc(Cl)c2)n2ccnc21,0.463769477,3.286676274,0.12,0,387.831,1.57537
CC(=O)Nc1ccc(-c2nc(N3CCOCC3)c3cnn(C4CCN(C(=O)CO)CC4)c3n2)cc1,0.563217049,2.661171032,0.05,0.1,479.541,1.4441
Cc1ccc(Nc2nn(C3CCCCC3C#N)cc2C(=N)O)cc1,0.583174134,3.636108387,0.05,0.08,323.4,4.07337
CC(=O)Nc1ccc(-c2nc(N3CCOCC3)c3cnn(C4CCN(C)CC4)c3n2)cc1,0.673731116,2.543350824,0.1,0.06,435.532,2.555
COc1ccc(-c2nc(-c3ccc(F)cc3)c(-c3ccncc3)[nH]2)cc1,0.569020867,2.05113455,0.78,0.47,345.377,4.9534
O=C1NC(=O)c2c1c(-c1ccccc1Cl)cc1[nH]c3ccccc3c21,0.49747784,2.365535852,0.81,0.2,346.773,4.5251
COc1ccc(-c2nc(-c3cccc4ccccc34)[nH]n2)cc1,0.613512575,1.925132533,0.27,0.03,301.349,4.3005
COc1ccc(-c2nc(Nc3cccc(CN4CCOCC4)c3)ncc2N)cc1,0.666644825,2.255311075,0.38,0.26,391.475,3.3102
O=C(Nc1ccc(Cl)cc1C(=O)Nc1ccc(Cl)cn1)c1ccc(-n2ccccc2=O)cc1,0.419437653,2.215722387,0.01,0.04,479.323,5.0439
COc1ccc(-c2nn(-c3ccccc3)c3ccccc23)cc1,0.548071008,1.738964886,0.03,0.03,300.361,4.7011
CC(C)c1cccc(C(C)C)c1NC(=O)Nc1ccc(Cl)c(C(=O)c2cccnc2)c1,0.41532882,2.27021068,0.07,0.02,435.955,6.8568
Cc1ccc(C(=O)Nc2cc(C(=O)Nc3ccccc3N)ccc2Nc2cc(C)ncn2)cc1,0.307989914,2.242054368,0.2,0.13,452.518,4.92384
O=C(O)Cc1ccc(-c2ccccc2)cc1O,0.848682642,1.689781966,0.1,0,228.247,2.6863
O=C(NCCCCCCCCNc1c2c(nc3cc(Cl)ccc13)CCCC2)c1ccc2ccccc2c1,0.199070622,2.436479655,0.04,0.04,514.113,8.1027
COc1ccc(CNC(=O)C2C=CC=C2c2ccc(C(F)(F)F)cc2)cc1OC,0.766474762,2.938224403,0.05,0,403.4,4.6084
Cc1ccc(S(=O)(=O)Nc2ccc(Cl)cc2C(=O)c2ccncc2)cc1,0.670251769,1.969962472,0.05,0.03,386.86,4.07522
CC(=O)Nc1ccc(C=CC(=O)Nc2ccc(Nc3nccc(-c4ccccn4)n3)cc2)cc1,0.34594043,2.273126547,0.56,0.3,450.502,4.8925
COc1ccc(-c2ccc3c(N4CCOCC4C)nc(N4CCOCC4C)nc3n2)cc1,0.618933374,3.412299361,0.03,0.01,435.528,3.1506
O=C(NCCCCCCCCCCCn1c2ccccc2c2cnncc12)C1C=CCCC1,0.238594286,3.277625278,0.02,0.06,446.639,6.5679
Cc1cc(Nc2nccc(-c3cnn4ccccc34)n2)cc(OC)c1OC,0.581801314,2.47956679,0.85,0.32,361.405,3.86052
Cc1cccc(C)c1Nc1nc(NC2CCCCC2)c2ncn(C(C)C)c2n1,0.612370153,2.521195622,0.24,0.25,378.524,5.51224
Cc1ccc(F)cc1-c1ccc2cc(NC(=O)C3CC3)ncc2c1,0.759934931,2.104287103,0.18,0.29,320.367,4.69782
O=C1c2ccccc2C(=O)N1Cc1cccc(-c2nnc3n2-c2cccnc2Nc2ccccc2-3)c1,0.371875528,2.566146514,0.2,0.05,470.492,4.8495
COc1ccc(-c2nc(Nc3cccc(CN4CCOCC4)c3)ncc2NC(=O)Cc2ccccc2)cc1,0.331469179,2.346593522,0.38,0.23,509.61,4.9092
CC(C)(C)c1ccc(NC(=O)Nc2ccc(Oc3ccnc4[nH]ccc34)cc2)cc1,0.376183049,2.212886913,0.28,0.21,400.482,6.2967
CC(=O)Nc1ccc(-c2cccc3cc(-c4ccccc4)oc23)cc1,0.522281188,1.892031847,0.09,0.04,327.383,5.7252
O=C(Nc1ccc(Cl)cc1)c1ccc(CNC2=NC(c3ccccc3)C2=O)cc1,0.662702886,2.671657003,0.04,0.06,403.869,4.4044
CC(C)CC(=O)Nc1ccc(-c2nc(N3CCOCC3)c3cnn(C4CCC(N)CC4)c3n2)cc1,0.556000477,2.691643537,0.13,0.05,477.613,3.7569
CN(C)c1ccc(C=NNc2ncnc3c2ncn3C2OC(C(=O)NC)C(O)C2O)cc1,0.299263183,3.889327902,0.26,0.06,440.464,-0.2965
COc1ccc(CNC(=O)c2ccc(Nc3ncccc3-c3cnccc3N)cc2)cc1,0.405405764,2.240145365,0.24,0.11,425.492,4.408
O=C1NC(=O)c2c1c1ccc3ccc(cc3c1)C=C2,0.725809841,4.107023331,0.72,0.09,247.253,2.2766
N#Cc1ccc(-c2ccc(C(=O)NCCc3ccccc3)cc2)cn1,0.778536961,1.893941858,0.18,0.05,327.387,3.59278
COc1cc(C=Cc2cccc(C=Cc3ccc(N)cc3)c2)ccc1O,0.48654471,2.176204259,0.05,0.01,343.426,5.3238
O=C1c2ccccc2C(=O)N1Cc1ccc(-c2ccccc2)cc1,0.68121424,1.609439178,0.04,0,313.356,4.1498
N#Cc1ccc(-c2ccc(-c3ccccc3)cc2)cc1,0.639066403,1.414826833,0.02,0,255.32,4.89228
COc1ccc(Nc2ncc(-c3cnc(N4CCCC4)c(Nc4ccc(N5CCCCC5)cc4)n3)cc2OC)cc1,0.23781901,2.660059467,0.23,0.35,551.695,6.6335
COc1ccc(Nc2ncc(C(=O)Nc3ccccc3)s2)cc1,0.739587957,1.834138625,0.12,0.2,325.393,4.1476
COc1ccc(C(=O)Nc2ccc(-c3ncccc3C(=O)Nc3ccc(Cl)cc3)cc2)cc1,0.376590003,1.901730924,0.09,0.05,457.917,5.9152
CC(=O)c1ccc(Nc2ccc(Nc3nccc(-c4ccccn4)n3)cc2)cc1,0.445357543,2.083809356,0.71,0.38,381.439,5.2284
COc1ccc(C=NNc2nc(Nc3ccccc3)cc(OC)n2)cc1,0.500165258,2.173893457,0.07,0.08,349.394,3.6834
COc1ccc(CNC(=O)c2ccc(-c3nc(C(C)C)nc4ccncc34)cc2)cc1,0.494322168,2.236117014,0.25,0.1,412.493,4.7538
CCC(C)C(NC(=O)C(Cc1ccccc1)NC(=O)CNC(=O)C(N)Cc1ccc(O)cc1)C(=O)NC(C=O)CC(C)C,0.14944831,3.831200728,0.02,0.03,595.741,1.3664
N#CC(=Cc1ccc(-c2ccc3c(c2)CCCC3=O)cc1)c1nccs1,0.590983319,2.554535157,0.2,0.08,356.45,5.39328
Cc1cc(-c2ccccc2)ccc1Nc1nccc(-c2cnc3ccccn23)n1,0.448588038,2.291101773,0.57,0.49,377.451,5.51032
CN(C)c1ccc(C(=O)Nc2ccc(Cl)c(C(=O)Nc3ccncc3N)c2)cc1,0.593177254,2.084685434,0.12,0.03,409.877,3.8878
COc1ccc(C(=O)Nc2ccc(F)c(C3(C)CC(C(F)(F)F)OC(=N)N3)c2)nc1,0.649937038,3.828096145,0.04,0.06,426.37,3.57237
COc1ccc(-n2cc(C(=O)Nc3ccc(OC(C)C)c(C(F)(F)F)c3)cc2N=C(O)c2cnn3cccnc23)cc1,0.166833742,3.158482136,0.11,0.06,578.551,6.2232
Cc1ccccc1-n1nc(C)c(C(=O)Nc2cccc(C(=O)O)c2)c1C,0.751216498,1.970652566,0.01,0,349.39,3.74806
O=C1Nc2ccc(Cl)cc2C(=O)c2ccncc21,0.671543535,2.215596421,0.5,0.12,258.664,2.0899
O=C1NC(=O)C(=Cc2ccc(-c3ccc(Cl)cc3)cc2)S1,0.838937599,2.013269774,0.6,0.19,315.781,4.3309
COc1ccc(NC(=O)Nc2ccc(-c3cnc(N)c4ccncc34)cc2)cc1OC,0.441217645,2.239905259,0.71,0.19,415.453,4.5402
COc1ccc(Nc2nccc(Nc3ccccc3S(=O)(=O)C(C)C)n2)c(OC)c1,0.551273416,2.35557678,0.45,0.39,428.514,4.1631
COc1cc(C(=O)Nc2ccc(Cl)c(C(=O)Nc3cccnc3N)c2)ccc1OC,0.551166848,2.006383373,0.15,0.06,426.86,3.839
CN(C)C1CCc2c(c3cc(F)ccc3n2OCC=Cc2ccccc2)C1,0.669983805,3.251641459,0.01,0.01,364.464,4.3413
COc1ccc(-c2nn(-c3ccc(Cl)cc3)c(CC(=O)O)c2C=O)cc1,0.669761303,2.30906616,0.01,0,370.792,3.6409
CC(C)(C)c1ccc(C(=O)Nc2cccc(C(F)(F)F)c2)cc1,0.803400477,1.730661857,0,0.01,321.342,5.2552
COc1cc(C(=O)NC(=N)Nc2ccc(Cl)cc2)c(Cl)cc1[N+](=O)[O-],0.322214271,2.439546259,0,0.03,383.191,3.68687
COc1ccc(Nc2nccc(Nc3ccccc3N)c2)cc1OC,0.586256153,2.048118544,0.2,0.64,336.395,4.1682
O=C(Nc1cccc(-c2nnc3n2-c2cccnc2Nc2ccccc2-3)c1)c1ccccc1,0.397691812,2.352864122,0.2,0.05,430.471,5.3056
COc1ccc(-n2nc(C(C)(C)C)cc2NC(=O)Nc2ccc(Oc3ccnc(Nc4cccc(N5CCOCC5)c4)n3)cc2)cc1,0.157264324,2.806462744,0.42,0.24,634.741,6.9849
COc1ccc(CNC(=O)c2cc(O)c3ccccc3n2)cc1OC,0.747559606,1.976795982,0.01,0.02,338.363,2.8876
Cc1ccc(C(=O)Nc2cccc(C(F)(F)F)c2)cc1Nc1ncnc2cnc(NCc3ccccc3)nc12,0.225501364,2.511302677,0.39,0.24,529.526,6.35502
CC(C)(C)c1ccc(NC(=O)Nc2ccc(Cl)cc2)cc1,0.778089545,1.581284734,0,0,302.805,5.2815
CC(C)(C)OC(=O)NC(Cc1ccccc1)C(=O)NC(C=O)Cc1ccccc1,0.671918531,2.781044778,0,0.01,396.487,3.0488
COc1ccc(-c2ccc3c(c2)Nc2ccccc2NC3=O)cc1,0.722008455,2.006317419,0.79,0.06,316.36,4.6715
CNC(=O)c1ccc(-c2cnc3ccc(Nc4nccc(C(=O)O)c4)cc3n2)cc1,0.470123801,2.266428058,0.32,0.54,399.41,3.4932
Cc1ccc(C(C)Nc2nc(Nc3ccccc3NC(=O)CC#N)ccc2F)cc1,0.498142441,2.848975294,0.02,0.06,403.461,5.298
COc1cc2c(Nc3ccc(Cl)c(Cl)c3)ncnc2cc1OCC1CNCCO1,0.604928557,2.930052608,0.43,0.22,435.311,4.056
O=C(Nc1ccc(Cl)cc1)c1ccc(-c2nc(-c3cccc4ccccc34)no2)cc1,0.358348295,1.944160508,0.07,0.03,425.875,6.4625
CC(=O)Nc1ccc(-c2nc3ccccc3n2-c2ccncc2)cc1,0.617124317,1.972578528,0.11,0.05,328.375,4.0459
O=C(NCc1ccc(Cl)cc1Cl)C1CCNC1,0.886209675,2.468459076,0.08,0.02,273.163,2.2191
COc1ccc(Cl)cc1Nc1ncnc2cnc(Nc3ccccc3)nc12,0.525770175,2.22687046,0.59,0.43,378.823,4.569
Cc1ccc(Nc2nccc(-c3cnc4ccccn34)n2)cc1,0.624356474,2.207879139,0.71,0.39,301.353,3.84332
COc1ccc(C(=O)Nc2ccc(CNc3cccc4ccccc34)cc2)cc1,0.44881306,1.704581121,0.01,0.05,382.463,5.7128
COc1cccc(-c2nc(-c3cccc4ccccc34)[nH]c2-c2ccc3c(c2)OCO3)c1,0.370601854,2.298626034,0.35,0.09,420.468,6.3012
COc1ccc(CNc2nc(Nc3ccccc3)ncc2-c2ncccc2C(=O)O)cc1,0.374266365,2.28585405,0.45,0.2,427.464,4.6011
Cc1ccc(Nc2nccc(Nc3ccccc3)n2)cc1,0.746728862,1.784684811,0.63,0.33,276.343,4.27222
COc1cccc(-c2nnc(N3CCC(N4CCCCC4)CC3)o2)c1,0.850397681,2.319425041,0.12,0.03,342.443,3.1999
COc1ccc(NC(=O)c2ccc(F)c(Nc3ncnc4cnc(NCC5CCCO5)nc34)c2)cc1C(F)(F)F,0.251784715,3.228732085,0.33,0.23,557.508,5.1731
COc1ccc(-c2nc(Nc3ccccc3)nc(NC3CCC(C(=O)O)CC3)n2)cc1,0.518652272,2.239063704,0.14,0.2,419.485,4.3461
CC(C)CC(NC(=O)C(Cc1ccccc1)NC(=O)OCc1ccccc1)C(=O)Nc1ccc(NC(=O)C(N)Cc2ccccc2)cc1,0.119421444,3.320278878,0.03,0.02,649.792,5.2022
CN(C)CC(=O)Nc1ccc2ncnc(Nc3cccc(Cl)c3)c2c1,0.732330756,2.090993598,0.57,0.22,355.829,3.5269
CC(=O)Nc1ccc(-c2n[nH]c3cnc(-c4ccccc4)nc23)cc1,0.600820716,2.189513618,0.4,0.23,329.363,3.6453
COc1ccc(C(=O)C=Cc2ccccc2)cc1,0.600695037,1.528066018,0,0,238.286,3.5913
COc1cc(CNC(=O)Cc2cc(Cl)c(N)c(Cl)c2)cc(OC)c1OC,0.697221901,2.140216922,0.01,0,399.274,3.4603
NC(=O)c1ccc(Nc2nccc(Nc3ccccc3)n2)cc1,0.673374165,1.897489945,0.74,0.62,305.341,3.0627
CC(=O)Nc1ccc(-c2ccc(CC(C#N)NC(=O)C3NC4CCC3C4)c(F)c2)cc1,0.669261206,4.464834783,0.09,0.09,420.488,3.14248
CC(=O)Nc1cccc(Nc2nccc(Nc3cccc(C(=O)O)c3)n2)c1,0.528353014,2.090963324,0.59,0.43,363.377,3.6204
COc1ccc(Cl)cc1-c1nnc(-c2ccc(N3CCCCC3)cc2)o1,0.6432317,2.046144469,0.09,0,369.852,5.0559
COc1ccc(-c2ccc(C(=O)Nc3ccccc3N)cc2)cc1OC,0.677671909,1.691207868,0.04,0.01,348.402,4.2053
CN(C)C(=O)c1ccc(-c2cnc3c(c2)CCC3)c(F)c1,0.848803305,2.232620152,0.16,0.11,284.334,3.0782
COc1ccc(Nc2nccc(Nc3cc(N4CCOCC4)ccc3Cl)n2)cc1,0.619872155,2.235822207,0.53,0.46,411.893,4.4624
COc1ccc(Nc2ncc(C(N)=O)nc2Nc2ccccc2Cl)cc1,0.611554127,2.210017639,0.21,0.38,369.812,3.7247
CNC(=O)c1ccc(-c2nc(Nc3ccc(N4CCN(C)CC4)cc3)no2)cc1,0.690104235,2.247370965,0.18,0.15,392.463,2.5916
CC(C)C(=O)c1cnc(Oc2ccc(Nc3nccc(Nc4ccccc4C#N)c3)cc2)cc1OC,0.26274191,2.658540829,0.22,0.6,479.54,6.47508
Cc1ccc(C(=O)Nc2cccc(C(F)(F)F)c2)cc1Nc1nccc(-n2cnc3ccccc32)n1,0.310548658,2.433532763,0.38,0.31,488.473,6.13862
O=C(NC1CCN(Cc2ccc3cc(F)ccc3c2)C1)Nc1ccccc1-c1nc2ccccc2o1,0.315028492,2.789000093,0.06,0.05,480.543,6.1831
O=C1CC(c2cccc(-n3ccnc3)n2)=Nc2ccc(C(F)(F)F)cc2N1,0.745758066,2.852879408,0.26,0.03,371.322,3.7491
CCOc1ccc(-n2ccc3ccccc32)cc1NC1CCCC1,0.682459854,2.137591634,0.03,0.02,320.436,5.3837
CN(C)C(=O)c1ccc(-c2nnc(Nc3ccccc3)s2)cc1,0.795655447,1.932907605,0.07,0.08,324.409,3.6505
O=C(Nc1cccc(-c2nnc3n2-c2cccnc2Nc2ccccc2-3)c1)c1ccccc1,0.397691812,2.352864122,0.2,0.05,430.471,5.3056
CS(=O)(=O)c1cccc(-c2nn(C(=O)c3ccccc3)cc2-c2ccncc2)c1,0.518856415,2.333863809,0.23,0.09,403.463,3.7041
O=C(NC1CCC(C(=O)O)CC1)c1ccc(OCc2ccccc2)cc1,0.831281504,1.779471336,0,0,353.418,3.6388
CCN(CC)C(=O)c1ccc(Nc2nccc(Nc3ccccc3)n2)cc1,0.650689492,2.039216494,0.64,0.36,361.449,4.4458
Cc1cc(Nc2cc(NC(=O)c3ccc(Cl)cc3)ccc2Cl)n(-c2ccccc2)n1,0.375614387,2.033877074,0.02,0.05,437.33,6.48342
CN(C)C(=O)c1ccc(-c2nnc(Nc3ccc(N4CCOCC4)cc3)o2)cc1,0.713245713,2.24177646,0.31,0.13,393.447,3.0186
CC(=O)NC(C)c1ccc(OC2CCN(c3ccnc(N4CCCC4)n3)C2)cc1,0.810989978,3.095127868,0.09,0.09,395.507,2.9316
CC(C)c1n[nH]c2cc(NC(O)=NC(C)c3ccccc3)ncc12,0.496667028,3.406606237,0.29,0.11,323.4,4.1684
O=C(NCc1ccccn1)c1ccc(NC(=O)N2Cc3ccccc3C2)cc1,0.735353408,1.990837188,0.01,0.05,372.428,3.5593
CC(=O)Nc1ccc(-c2c[nH]c3ncnc(Nc4cccc(CN)c4)c23)cc1,0.426175406,2.354123784,0.6,0.23,372.432,3.7856
Cc1ccc(-c2ccc(C(=O)Nc3ccccc3C(=O)Nc3ccccc3)s2)cc1,0.408257968,1.862098436,0.05,0.05,412.514,6.22812
CC(=O)c1ccc(NC(=O)c2ccc(Nc3nccc(-c4ccc(N5CCC(C)C5)cc4)n3)cc2)cc1,0.299921002,2.675294839,0.64,0.52,491.595,6.1883
CCCCCCCCCCCCCCCCCCCCCCCCCNC(=O)Oc1cccc(-c2cn(C(C)C)c3ncncc23)c1,0.083671938,2.916089965,0.28,0.05,647.005,12.7598
COc1ccc(Nc2ncc(-c3ccccc3)o2)cc1OC,0.767763686,1.961654126,0.89,0.27,296.326,4.1024
COc1cc(Nc2c(C#N)cnc3cc(-c4ccccc4)ccc23)ccc1Cl,0.455392544,2.148713528,0.29,0.39,385.854,6.17908
CCN(CC)C(=O)c1ccc(-c2ccc3ncc(C(=O)C4CC4)c(Nc4ccc(N5CCOCC5)cc4)n32)cc1,0.277869875,2.8369616,0.14,0.29,537.664,5.6562
COc1ccc(N=C(N)Nc2cc(O)cc(F)c2)cc1OC,0.596607937,2.328655514,0.04,0.04,305.309,2.6068
COc1ccc(C(=O)Nc2ccc(F)c(C3(C)CC(C(F)(F)F)OC(=N)N3)c2)nc1,0.649937038,3.828096145,0.04,0.06,426.37,3.57237
O=C1Nc2ccc(Cl)cc2C(=O)N1Cc1ccccc1,0.786301161,1.799716605,0.08,0.05,286.718,2.3915
COc1ccc(C(C)=O)cc1-c1nc(O)c2nncc(Nc3ccc(F)cc3F)c2n1,0.463256796,2.780061263,0.1,0.16,423.379,4.0254
CC(C)(C)c1ccc(NC(=O)Nc2ccc(-c3nc(N4CCOCC4)nc4ccccc43)cc2)cc1,0.369559954,2.280239062,0.05,0.05,481.6,6.0749
COc1ccc(-c2ccc3cc(NC(=O)C4CC4)ncc3c2)cc1,0.781779319,1.942110396,0.21,0.16,318.376,4.2589
CCOc1ccc(-c2nc(-c3cccc4c3OCCO4)[nH]c2-c2ccncc2)cc1,0.512781361,2.44656755,0.47,0.08,399.45,4.9756
CNC(=O)c1ccc(Nc2nccc(Nc3ccccc3)n2)cc1,0.672127881,1.914689507,0.68,0.52,319.368,3.3234
Cc1ccc(-c2nc(-c3ccc(F)cc3)c(-c3ccncc3)[nH]2)cc1,0.557324907,2.046056083,0.57,0.5,329.378,5.25322
CC(=O)NC(C)c1ccc(OC2CCN(c3ccnc(OCC4CC4)c3)C2)cc1,0.737959327,3.154883415,0.05,0.09,395.503,3.7252
CC(=O)c1cnc(Nc2ccc(N3CCOCC3)cc2)nc1NC1CCC(C(C)C)CC1,0.597333221,2.518970605,0.62,0.49,437.588,4.8861
CCN(CC)C(=O)c1ccc(C(=C2CC=Cc3ccccc32)c2ccc(OC)c(OC)c2)cc1,0.406512909,2.57818474,0.05,0.03,453.582,6.5618
COc1ccc(Nc2ncc(-c3cnc(N)cn3)cc2)cc1OC,0.745053652,2.250799359,0.32,0.38,323.356,2.8816
COc1ccc(-c2nn(C(C)C)c3ncnc(N)c23)cc1,0.799076033,2.262234494,0.62,0.2,283.335,2.665
O=C1NC(=O)C(=Cc2ccc(-c3ccc(Cl)cc3)c(Cl)c2)S1,0.77690595,2.178911447,0.66,0.29,350.226,4.9843
COc1cccc(-c2ccc(C(=O)Nc3ccccc3N)cc2)c1,0.708716573,1.618505714,0.05,0.03,318.376,4.1967
CN(C)C(=O)c1ccc(Nc2nccc(Nc3ccccc3)n2)cc1,0.745428048,1.969139698,0.71,0.53,333.395,3.6656
COc1ccc(C(C)Nc2ncnc3c(Nc4ccccc4C(N)=O)nc(N4CCOCC4)nc23)cc1,0.330017392,3.08571425,0.19,0.25,500.563,3.2806
CC(C)(C)c1cc(NC(=O)Nc2ccc(Cl)cc2)n(-c2cccc(Cl)c2)n1,0.553513397,2.089837962,0.15,0.01,403.313,6.1206
COc1cccc(-c2cccc(C(=O)Nc3ccc(CN4CCCC4=O)cc3)n2)c1,0.674110151,2.0713552,0.03,0.01,401.466,4.1319
O=C(Nc1cccc2cnccc12)Nc1ccc(-c2noc(C(F)(F)F)n2)cc1,0.50862245,2.338232855,0.37,0.16,399.332,4.9476
CC(=O)Nc1ccc(Nc2ncc3ccnc(Nc4cccc(C(=O)Nc5ccc(C(F)(F)F)cc5)c4)c3n2)cc1,0.174855819,2.541714649,0.46,0.38,557.536,6.7415
O=C1Nc2cccc3cccc1c2c1cnccc1-3,0.66000931,2.882587989,0.68,0.13,246.269,3.4191
COc1ccc(CC(=O)O)cc1-c1ccc(F)c2c1CN(C(=O)C=Cc1ccccc1)CC2,0.557511732,2.476918296,0.01,0,445.49,4.7265
CCN(CC)C(=O)C1CCC(N=C(O)c2ccc3[nH]nc(-c4ccc5cnn(C)c5c4)c3c2)CC1,0.309521279,3.045525909,0.34,0.13,472.593,4.8484
COc1cccc(-c2nc(Nc3ccccc3)n(-c3ccccn3)n2)c1,0.591348934,2.147330988,0.3,0.22,343.39,4.0815
CC(=O)Nc1cccc(CNc2nc(Nc3cc(OC)c(OC)c(OC)c3)ccc2O)c1,0.39441372,2.353750973,0.21,0.08,438.484,4.1271
Cc1ccc(-c2nc(-c3ccc(Cl)c(Cl)c3)c(-c3ccc(C(=O)Nc4cc(C(F)(F)F)ccn4)cc3)n2CCC(=O)O)cc1,0.177238494,2.711698663,0.1,0.17,639.461,8.64012
COc1ccc(-c2nc(COc3cccc4ccccc34)no2)cc1OC,0.503542738,2.020894024,0.07,0,362.385,4.486
CN1CCC(c2c[nH]c3ccc(NC(=N)c4ccccc4)cc23)CC1,0.491256352,2.470854187,0.05,0.03,332.451,4.41457
Cc1ccc(C(=O)Nc2ccc(CN3CCC(C(=O)Nc4ccc(OC)c(F)c4)CC3)cc2)cc1,0.489998892,1.973365601,0,0,475.564,5.24572
Cc1cccc(-c2nc(NC(=O)c3ccc(N4CCOCC4=O)cc3)sc2C)c1,0.708478202,2.267909407,0.07,0.03,407.495,4.04244
O=C(NC1CCCCC1)c1ccc2nccc(-c3ccc4c(cnn4Cc4ccccc4)c3)c2n1,0.361300019,2.472280335,0.17,0.17,461.569,5.7573
O=C1NC(=O)C(=Cc2ccc(N3CCCCCC3)cc2)S1,0.850801851,2.162218904,0.369369676,0.26,302.399,3.3909
O=C(Nc1ccccc1-c1ccccc1)Nc1ccc(Cl)cc1C(=O)O,0.582027603,1.756597265,0.09,0.01,366.804,5.3492
O=C1c2cccc3cccc-2c3ncnc1N1CCCC1,0.731665426,4.317350475,0.06,0.03,277.327,2.8336
O=C(Nc1ccc(C(=O)Nc2ccc(Cl)cc2C(=O)Nc2ccc(Cl)cn2)cc1)C1CC1,0.459723578,2.046478665,0.05,0.06,469.328,5.2415
O=C(Nc1ccc(Cl)cc1)c1ccccc1NC(=O)c1ccc(-c2ccccn2)cc1,0.415783866,1.795152934,0.23,0.16,427.891,5.9066
CC(C)(C)C(=O)Nc1cccc(-c2nnc(NC(C)C)c3ccc(Nc4ccccc4)cc32)n1,0.319337931,2.622063785,0.17,0.19,454.578,6.2403
Cc1ccc(-c2nc(N)c3ccccc3n2)cc1,0.704351446,1.705049154,0.09,0.01,235.29,3.18742
CCN(CC)CCNC(=O)c1ccc(-c2ccc3ncnc(Nc4cccc(OC)c4)c3c2)cc1,0.335601595,2.266077201,0.33,0.15,469.589,5.1206
O=C1NC(=O)C(=Cc2ccc(-c3ccccc3)c(Cl)c2)S1,0.838937599,2.112355159,0.64,0.26,315.781,4.3309
COc1ccc(C=NNc2nc(N)n(-c3ccccc3)n2)cc1OC,0.528397503,2.271807005,0.02,0.03,338.371,2.3127
Cc1cccc(-n2ncc3cnc(Nc4ccc(N5CCOCC5)cc4)nc32)c1,0.576765318,2.32863934,0.41,0.51,386.459,3.70412
O=C(Nc1cccc(C(F)(F)F)c1)Nc1cccc2cnccc12,0.701751839,1.980123754,0.37,0.15,331.297,4.8976
COc1ccc(C(=O)Nc2cccc(C(=O)O)c2)cc1,0.895923249,1.408580631,0,0,271.272,2.6457
O=C(Nc1ccccc1)c1ccc(NC(=O)N2Cc3ccccc3C2)cc1,0.725581017,1.765662086,0,0,357.413,4.4866
COc1ccc(C(=O)Nc2cccc(C(=O)O)c2)cc1-c1ccnc(Nc2cc(N3CCOCC3)cc(N3CCOCC3)c2)n1,0.246610842,2.737732227,0.59,0.36,610.671,4.5195
COc1ccc(Nc2nc(NC3CCCCC3)c3ncn(C(=O)c4ccccc4)c3n2)cc1,0.433328587,2.42100076,0.31,0.23,442.523,5.0116
Cc1ccc(NC(=O)c2ccc(Oc3ccc(F)c(C(=O)Nc4ccc(N5CCNCC5)cc4)n3)cc2)cc1,0.305695992,2.401064055,0.01,0.02,525.584,5.23562
COc1cc(N2CCOCC2)ccc1Nc1ncc(Cl)c(Nc2ccccn2)n1,0.631022521,2.396396867,0.49,0.58,412.881,3.8574
Cc1ccc(Nc2nccc(-c3cnc4ccc(-c5cnn(C)c5)cn34)c2)cc1,0.484194165,2.517917229,0.21,0.48,380.455,4.84882
COc1ccc(-n2c(C)nc(NCCNc3cccc(Cl)c3)n2)cc1,0.630191373,2.199410852,0.05,0.01,357.845,3.76172
Cc1ccc(NC(=O)c2nn(C(C)C)c3ccccc23)cc1C1CC1,0.725563461,2.199403104,0,0,333.435,5.05532
COc1cc2c(Nc3ccc(Nc4ncccc4C(=O)c4ccccc4)nc3)ncnc2cc1OCCCN1CCOCC1,0.146087786,2.766255722,0.36,0.31,591.672,5.2477
Cc1ccc(-c2ccccc2)cc1NC(=O)c1ccc(N2CCCCC2)cc1,0.619528558,1.741814111,0.01,0.05,370.496,5.90462
Cc1ccc(C(=O)Nc2ccc(CN3CCOCC3)c3ncccc23)cc1Nc1ncnc2[nH]cnc12,0.323480048,2.727657919,0.22,0.02,494.559,4.03762
COc1ccc(C(=O)Nc2ccc(Cl)cc2Nc2ccnc3[nH]ccc23)cc1,0.434695901,2.194229767,0.27,0.17,392.846,5.2208
CCOc1ccc(Nc2ncc(-c3cccc4cnccc34)c(NC3CCCCC3)n2)cc1,0.338880572,2.407687827,0.38,0.25,439.563,6.5787
CC(C)CC(=O)N1CC(=O)C(=Cc2ccc(-c3ccccc3)cc2)C1,0.786693735,2.258500857,0.03,0.02,333.431,4.1944
O=C(Nc1ccccc1-c1ccccc1)Nc1ccccc1N1CCNCC1,0.635906503,1.944838499,0.16,0,372.472,4.4072
O=C1NC(=O)C(=Cc2ccc(-c3ccc(Br)cc3)c(Cl)c2)S1,0.721387299,2.238813928,0.58,0.29,394.677,5.0934
COC(=O)c1ccc(-c2nc(N)nc(-c3ccc(Cl)cc3)n2)cc1,0.735924525,1.93329932,0.07,0.01,340.77,3.2278
COc1ccc(-c2nnc(Nc3ccccc3)o2)cc1,0.783664938,1.796725704,0.89,0.05,267.288,3.4888
CN1CCC(NC(=O)c2cnc(Nc3ccc(N4CCOCC4)cc3)[nH]2)CC1,0.729124667,2.507901541,0.2,0.32,384.484,1.8139
CC(=O)Nc1nc(C(C)(C)C)cc(Nc2ncc(C(F)(F)F)nc2Nc2ccc(N3CCCCC3)cc2)n1,0.356602802,2.911727113,0.3,0.24,528.583,6.0188
COc1ccc(C=NNc2nc(Nc3ccccc3)nc(NC3CCCCC3)n2)cc1,0.357259498,2.310815577,0.21,0.12,417.517,4.8144
CN1CCN(c2ccc(Nc3ncc(C(F)(F)F)c(Nc4ccccc4S(=O)(=O)C(C)C)n3)cc2)CC1,0.441800993,2.626678647,0.7,0.67,534.608,4.9165
CN1CCN(c2cc(NC(=O)c3ccc(-c4ccc(Cl)cc4)cc3)ccn2)CC1,0.696948744,1.976808878,0.12,0.08,406.917,4.4061
CN(C)CCOc1ccc(Nc2ncc(C(F)(F)F)c(NC3CCCOC3)n2)cc1,0.667145236,2.97357276,0.56,0.35,425.455,3.7703
COc1ccc(CNC(=O)c2ccc(-c3nc(C#N)nc4c(C(F)(F)F)cccc34)cc2)cc1,0.444546979,2.42989215,0.11,0.05,462.431,5.12588
CN(C)c1ccc(C=Cc2cccc(C(=O)Nc3ccccc3N)c2)cc1,0.511290845,2.003644443,0.04,0.04,357.457,4.7575
CC(=O)Nc1cccc(-c2nc(Nc3ccc(N4CCOCC4)cc3)oc2-c2ccc(OC)cc2)c1,0.355196905,2.413748318,0.1,0.16,484.556,5.5558
COc1ccc(C(=O)Nc2ccc(Cl)c(C(=O)Nc3ccc4c(c3)-c3ccccc3C(=O)N4C)c2)cc1,0.289225671,2.121838263,0.01,0.01,511.965,5.8583
O=C1NC(=O)C(=Cc2ccc(-c3ccc(O)c(Cl)c3)o2)S1,0.825617129,2.491421195,0.6,0.34,321.741,3.6295
COc1ccc(Nc2ncc(C(=O)Nc3ccc(N4CCCCC4)cc3)o2)cc1,0.634613593,2.205173338,0.12,0.2,392.459,4.6694
O=C1NC(=O)C(=Cc2ccc(-c3ccc(Cl)cc3)c(Cl)c2)S1,0.77690595,2.178911447,0.66,0.29,350.226,4.9843
Cc1cccc(-c2cccc(Nc3ccc(C(=O)O)cc3)c2)c1,0.704336996,1.650057955,0.05,0.11,303.361,5.10382
CC(C)CC(CC(=O)O)c1ccc(Oc2ccc(Cl)cc2)cc1,0.703141799,2.381498373,0,0.02,332.827,5.7367
COc1ccc(-n2ccc(-c3ccc(N)cc3)n2)cc1,0.740135382,1.871334098,0.08,0.01,265.316,3.1301
COc1ccc(-c2ccc(C(=O)Nc3ccc(S(N)(=O)=O)cc3)cc2NC(=O)CCCN)cc1,0.367679915,2.111778663,0.07,0.03,482.562,2.9393
O=C(Nc1ccc(Cl)cc1)c1cccc(-c2n[nH]c3cccnc23)c1,0.571053403,2.074304134,0.45,0.3,348.793,4.5306
COc1ccc(C2=NNC(=O)C2=NNc2ccc(C(=O)O)c(Cl)c2)cc1,0.69722961,2.573546665,0.67,0.05,372.768,2.3488
O=C(Nc1ccc(C(=O)Nc2ccccc2-c2ccccc2)cc1)c1ccc(-c2noc(C(F)(F)F)n2)cc1,0.249210884,2.252704738,0.07,0.07,528.49,6.927
O=C(Nc1ccccc1)Nc1ccc(-c2cccc3cnccc23)cc1,0.514286612,1.787210508,0.52,0.32,339.398,5.5458
Cc1ccc(Nc2nccc(-c3cnc4ccccn34)n2)cc1,0.624356474,2.207879139,0.71,0.39,301.353,3.84332
CC(=O)Nc1ccc(CNc2nc(Nc3cnn(C4CCOCC4)c3)ncc2OCCOC)cc1,0.353597204,2.770910443,0.36,0.19,481.557,3.3639
COc1ccc(Nc2ncc(-c3ccccc3)s2)cc1,0.761230449,1.793034179,0.32,0.42,282.368,4.5623
COc1ccc(-c2nc(N)nc(-c3ccccc3)n2)cc1,0.797047989,1.777193683,0.01,0.01,278.315,2.7964
CC(=O)Nc1ccc(-c2n[nH]c3ccc(-c4ncn[nH]4)cc23)cc1,0.540472294,2.354059617,0.61,0.26,318.34,2.9734
CC(C)n1cc(-c2cnc3ccccc3c2)cn1,0.680351157,2.134487615,0.24,0.21,237.306,3.6792
COc1ccccc1Nc1nc(Nc2cccc(Nc3ccccc3)c2)[nH]n1,0.363358222,2.204800872,0.29,0.21,372.432,5.0441
CC(=O)Nc1ccc(Nc2nccc(Nc3ccccc3N)n2)cc1,0.53227867,2.067953159,0.61,0.33,334.383,3.5044
COc1ccc(CNc2nc(Nc3cc(N4CCOCC4)cc(N4CCOCC4)c3)no2)cc1,0.515355962,2.699517878,0.18,0.04,466.542,3.1071
O=C1NC(=O)c2c1c1c3ccc(O)cc3n(Cc3ccccc3)c1-2,0.524107266,2.710973272,0.12,0.03,316.316,2.19728
Cc1ccc(C(=O)Nc2cccc(C(C)Nc3ncnc4c(C(N)=O)cccc34)c2)cc1,0.422359798,2.636080029,0.19,0.11,425.492,4.46252
CNC(=O)c1ccc(-c2nc(Nc3cccc4ccccc34)[nH]n2)cc1,0.527189012,2.17920783,0.21,0.13,343.39,3.7281
CC(=O)Nc1cc(Nc2cc(NC3CCOCC3)n3ncc(C#N)c3n2)ccc1C(=O)NCC(C)C,0.376345612,2.877787426,0.39,0.19,490.568,3.27968
COc1ccc(-c2ccc(C(=O)Nc3ccc(CN4CCN(C)CC4)c4ccccc34)cc2)cc1,0.407565521,2.046369719,0.03,0.04,465.597,5.5151
CNCCN(c1ccccc1)c1ccc(-c2nc3ccccc3[nH]2)cc1,0.538630985,2.195389729,0.1,0.06,342.446,4.5874
Cc1cc(C)cc(-c2[nH]c3ccccc3c2CNC(=O)Cc2ccccc2)c1,0.492503361,2.108007545,0.1,0.01,368.48,5.31064
COc1cc(-c2cnn(-c3cccc4ccccc34)n2)cc(OC)c1OC,0.535266611,2.27124608,0.21,0.03,361.401,4.1133
COc1ccc(-c2nc(-c3ccc(C)c(N4CCCC4C)c3)nn2C)cc1,0.68742967,2.753737524,0.04,0,362.477,4.45482
COc1ccc(Nc2nc3ccccc3nc2NC(=O)Cc2ccccc2)cc1,0.509498738,1.970516867,0.06,0.06,384.439,4.5632
COc1cc(C(=O)NC(=N)Nc2ccc(F)cc2)cc(OC)c1OC,0.571097607,2.233153577,0.02,0,347.346,2.62817
COc1ccc(-c2nc(-c3ccncc3)c(OC(C)C)n2-c2ccc(C(N)=O)cc2)cc1,0.467992377,2.470249824,0.2,0.05,428.492,4.496
COc1ccc(CNc2nc(Nc3ccc(N4CCOCC4)cc3)ncc2F)cc1OC,0.548336216,2.276224273,0.5,0.53,439.491,3.8252
O=C(Nc1ccc(Cl)cc1)c1ccc(-c2cnc(Nc3ccccc3)s2)cc1,0.400282589,1.90978822,0.07,0.29,405.91,6.4594
COc1ccc(NC(=O)Nc2ccc(-c3nc(NC4CCOCC4)c4ccccc4n3)cc2)cc1,0.343030383,2.243702412,0.11,0.05,469.545,5.5403
COc1ccc(C(=O)Nc2cccc(C(C)Nc3ncnc4c(N)nccc34)c2)cc1,0.436010903,2.694019739,0.31,0.07,414.469,4.041
CC(C)(C)C(=O)Nc1ccc(CNc2nc(Nc3ccccc3)ccc2O)cc1,0.468858629,2.192358355,0.13,0.05,390.487,5.1275
COc1ccc(CNC(=O)C2C(C(=O)NC)C(c3ccc(Cl)cc3)C2)cc1,0.801041046,3.047627448,0,0.02,386.879,3.1307
COc1ccc(-c2cccc3c(Nc4ccccc4)ncnc32)cc1,0.569657895,1.881873481,0.45,0.21,327.387,5.049
COc1ccc(Nc2ncc(Nc3ccccc3)cc2-c2cn[nH]c2)cc1,0.454304685,2.276389039,0.56,0.39,357.417,4.9675
COc1ccc(-c2ccc(C(=O)Nc3ccc(CN4CCNCC4)c4ccccc34)cc2)cc1,0.424548842,2.093419246,0.05,0.02,451.57,5.1729
Cc1nc(N)cc(-c2cccc3c(Nc4ccccc4)ncnc23)c1,0.585614062,2.271822364,0.47,0.15,327.391,4.32602
COc1ccccc1Nc1ccnc(Nc2ccc(N3CCCCC3)cc2)n1,0.634695141,2.074795496,0.53,0.57,375.476,4.9627
COc1ccc(-n2nc(C(N)=O)c3c2-c2cc(NC(=O)c4ccccc4Cl)ccc2CC3)cc1,0.441247516,2.33600409,0.08,0.04,472.932,4.6511
CNC(=O)c1cc(C(C)(C)C)ccc1Nc1cc(Nc2ccc(N3CCOCC3)cc2)ncc1Cl,0.407584815,2.550852524,0.2,0.6,494.039,5.7159
O=c1c(-c2ccccc2)noc2nc(Oc3ccccc3)ccc12,0.57043599,2.251395318,0.1,0.06,316.316,4.0423
COc1ccccc1N1CCN(Cc2cnc(N)c(-c3cccc(Cl)c3)n2)CC1,0.692431696,2.25303635,0.2,0.05,409.921,3.71
COc1ccc(-c2nc(-c3ccc(C)cc3)c(-c3ccncc3)[nH]2)cc1,0.560152142,2.033577263,0.5,0.2,341.414,5.12272
CC(=O)Nc1cc(-c2c[nH]c3ncccc23)nc(N)n1,0.652994343,2.456296362,0.71,0.12,268.28,1.5605
COc1cc(C(=O)NC(=N)Nc2ccc([N+](=O)[O-])c([N+](=O)[O-])c2)cc(OC)c1OC,0.262571908,2.627455229,0,0.01,419.35,2.30547
O=C1NC(=O)C(=Cc2ccc(-c3ccc(Cl)cc3)o2)S1,0.854211213,2.266876119,0.45,0.24,305.742,3.9239
Cc1ncc(-c2ccc(C(=O)Nc3ccc(C(F)(F)F)cc3)cc2)cn1,0.737683514,1.969055833,0.07,0.11,357.335,4.72312
Cc1ccc(-c2nc(-c3ccc(OC)cc3)c(-c3ccncc3)[nH]2)cc1,0.560152142,2.033577263,0.5,0.2,341.414,5.12272
COc1ccc(-c2nc3ccccc3n2C(=O)Nc2ccc(C(=O)O)cc2)cc1,0.538084488,2.046395969,0.05,0.04,387.395,4.4903
COc1ccc(C(=O)C=Cc2ccc(O)c(OC)c2)cc1,0.67577644,1.800770348,0.02,0.01,284.311,3.3055
O=C(NC1CCC(CCN2CCCCC2)CC1)c1ccccc1,0.895054205,1.858318732,0,0,314.473,3.8512
Cc1cccc(C(=O)Nc2ccc(-c3ccc(C(=O)O)cc3)cc2)c1,0.733301173,1.561483522,0.03,0.02,331.371,4.61252
Cc1ccc(-c2nc(N)nc3ccccc23)s1,0.711152796,2.148490444,0.07,0.01,241.319,3.24892
COc1ccc(-n2nc(C(N)=O)c3c2-c2cc(NC(=O)c4ccccc4)ccc2CC3)cc1,0.49199066,2.254807847,0.08,0.01,438.487,3.9977
O=C(Nc1ccccc1)c1cnc(Nc2cccc(Cl)c2)nc1O,0.671502832,2.056694342,0.49,0.25,340.77,3.8315
COc1ccc(Nc2ncc(-c3ccccc3)o2)cc1,0.772112786,1.85881749,0.6,0.33,266.3,4.0938
COc1ccc(-n2nc(C(C)(C)C)cc2NC(=O)Nc2ccc(Oc3ccnc(Nc4cccc5[nH]ncc45)c3)CC2)cc1,0.153710564,3.247238156,0.2,0.3,590.688,6.9554
COc1ccc(Nc2ncc(C(N)=O)c(Nc3ccc(C(C)C)cc3)n2)cc1,0.570367915,2.079077457,0.61,0.38,377.448,4.1947
O=C1NC(=S)NC1=Cc1cnc2ncccc2n1,0.56734132,2.980679331,0.4,0.09,257.278,0.37
Cc1ccc(-c2ccc(S(=O)(=O)Nc3ccc(C(=O)O)cc3)cc2)cc1,0.709137565,1.674610733,0.01,0,367.426,4.16102
COc1ccc(-c2nc(Nc3ccccc3)c3ncnc(N)c3n2)cc1OC,0.546895866,2.26362122,0.47,0.28,374.404,3.4298
CN(C)CCNc1nccc(Nc2cc(Nc3cccc(Cl)c3)ncn2)n1,0.54412897,2.511230104,0.62,0.29,384.875,3.3807
CCCC(=O)Nc1ccc(-c2nc(Nc3ccc(N4CCOCC4)cc3)no2)cc1,0.610132752,2.259782599,0.1,0.11,407.474,4.0554
CC(=O)Nc1ccc(-c2cnc(N)c(-c3ccc(C(O)=Nc4cc(N5CCN(C)CC5)ccn4)cc3)n2)cc1,0.254284354,2.827494435,0.41,0.16,522.613,4.1343
O=C(Nc1ccc(Cl)cc1)c1ccc(-c2nc(C3CCOCC3)c3ccccc3n2)cc1,0.413780202,2.198945867,0.03,0.04,443.934,6.0965
COc1ccc(C2=NNC(=O)C2=NNc2ccc(C(=O)Nc3ccccc3N)cc2)cc1,0.354286812,2.487705388,0.52,0.05,428.452,2.8317
COc1ccc(-c2nc(-c3ccccc3)nc(NC(=O)c3ccccc3)n2)cc1,0.551143734,1.881551256,0.05,0.02,382.423,4.4665
CC(C)(C)c1cc(NC(=O)Nc2ccc(Cl)cc2)n(-c2cccc(Cl)c2)n1,0.553513397,2.089837962,0.15,0.01,403.313,6.1206
COc1ccc(C(=O)Nc2ccc(F)c(C3(C)CC(C(F)(F)F)OC(=N)N3)c2)nc1,0.649937038,3.828096145,0.04,0.06,426.37,3.57237
Cc1cc(C(=O)Nc2ccc(N3CCC(N4CCCCC4)CC3)cc2)n(-c2ccccc2)n1,0.610186342,2.23392352,0.03,0.08,443.595,4.88772
O=C1NC(=O)c2c1c1c(c3[nH]ccc23)C1c1ccccc1O,0.470181758,3.407716538,0.46,0.08,290.278,2.2507
O=C1NC(=O)c2c1c1c3ccccc3n(C3CCCCC3)c1-2,0.58619472,2.790320473,0.09,0.03,292.338,2.94858
COc1cc(Nc2nccc(-c3cnc(Nc4ccccn4)s3)c2)cc(OC)c1OC,0.394431692,2.523243704,0.29,0.36,435.509,5.1131
COc1ccc(-n2nc(C(C)(C)C)cc2NC(=O)Nc2ccc(Oc3ccnc(Nc4ccc(N5CCOCC5)cc4)n3)cc2)cc1,0.157264324,2.778255278,0.35,0.28,634.741,6.9849
O=C(NN=Cc1ccc(Cl)cc1Cl)Nc1cccc2cnccc12,0.525969138,2.227977286,0.2,0.15,359.216,4.6972
COc1ccc(-c2ccc3c(N)ncnc3n2)cc1,0.75698239,2.031080832,0.41,0.12,252.277,2.2826
CN(C)c1ccc(-c2[nH]c3ncnc(Nc4ccccc4)c3c2)cc1,0.581218352,2.200340172,0.51,0.3,329.407,4.4345
CC(=O)N1CC(=O)OC1,0.408129068,3.0374107,0,0,129.115,-0.6508
CN1CCC(c2cc3ccccc3n2S(=O)(=O)c2ccc(F)cc2)CC1,0.701774283,2.300855893,0.04,0.02,372.465,3.8266
COc1ccccc1Nc1nccc(-c2cnc3ccccn23)n1,0.623460275,2.246970399,0.66,0.38,317.352,3.5435
Nc1ccc(-c2cccc3cc(-c4ccncc4)ccc23)cc1NC1CCC(O)CC1,0.368892229,2.374678513,0.45,0.24,409.533,5.8664
N#Cc1cccc(Nc2nccc(-c3cnn4ncccc34)n2)c1,0.625038877,2.585875491,0.99,0.37,313.324,2.80158
COc1cc(NC(=O)C=Cc2ccc(Cl)cc2)ccc1OCCN1CCCCC1,0.626177666,2.029298987,0.01,0.02,414.933,4.8652
O=C1NC(=O)c2c1c1c3ccccc3[nH]c1c1[nH]c3ccccc3c21,0.378291686,2.491998971,0.88,0.38,325.327,3.8392
COc1ccc(-c2cccc(C(=O)Nc3cc(N4CCOCC4)cc(Nc4cc(C5CC5)[nH]n4)n3)c2)cc1,0.299639214,2.657037422,0.26,0.19,510.598,5.1902
O=C(Nc1ccc(Cl)cc1)c1ccccc1Nc1cc(Nc2ccccc2)ncn1,0.366755301,2.022171585,0.24,0.45,415.884,5.8695
O=C(c1ccccc1)c1ccc(C(=O)Nc2cccc(C(F)(F)F)c2)cc1,0.643615767,1.710876772,0,0.01,369.342,5.1887
COc1ccc(Nc2ncc(C(N)=O)nc2Nc2ccc(C(=O)Nc3ccccc3)cc2)cc1,0.311671715,2.212539177,0.16,0.21,454.49,4.3236
COc1cccc(NC(=O)Nc2ccc(-c3cncc4ccccc34)cc2)c1,0.495311846,1.901504168,0.4,0.12,369.424,5.5544
COc1ccc(-n2nc(C(N)=O)c3c2-c2cc(NC(=O)c4ccccc4)ccc2CC3)cc1,0.49199066,2.254807847,0.08,0.01,438.487,3.9977
CC(C)(C)c1ccc(-c2cccc3c2OC(=O)C=C3c2cncc(NC(=O)C(C)(C)C)c2)cc1,0.345421422,2.530357197,0.25,0.08,454.57,6.8041
COc1cc(Nc2ncc(-c3ccc(NC4CCOCC4)c(C(=O)OC)c3)nc2)ccc1OC,0.472715858,2.525398675,0.15,0.37,464.522,4.2819
CC(C)c1cc(C(=O)Nc2ccc(-c3ccccc3S(N)(=O)=O)cc2)n(-c2cccc(C(=N)N)c2)n1,0.222957972,2.510762186,0.1,0.04,502.6,3.84647
Cn1c(C(=O)O)cc(Nc2ccc(-c3ccccc3)cc2)n1,0.771926064,1.99205083,0.13,0.19,293.326,3.5289
Cc1cc(C)c(NC(=O)c2cc(C(F)(F)F)nc3ccccc23)[nH]1,0.727742704,2.543980356,0.07,0.01,333.313,4.45084
O=C(Nc1ccccc1)Nc1cccc2ncccc12,0.736829752,1.58211736,0.14,0.1,263.3,3.8788
COc1ccc(-c2nc(-c3cccc4ccccc34)no2)cc1OC,0.547573439,1.902143333,0.06,0.01,332.359,4.574
Cc1cccc(Nc2ncnc3ccccc23)c1,0.735857015,1.71176695,0.48,0.03,235.29,3.68182
COc1cc(NC(=O)c2ccccc2)nc(Nc2ccc(NC(C)=O)cc2)c1,0.603672047,1.97813216,0.03,0.06,376.416,4.0445
Cc1ccc(CNc2cc(N3CCCCC3)nc(Nc3ccccc3)n2)cc1,0.627157304,2.068344523,0.14,0.02,373.504,5.13102
CN(C)c1ccc(C=Cc2ccccc2)cc1,0.712717055,1.667147273,0.01,0,223.319,3.923
COc1ccc(-n2c(C(N)=O)c3ncccc3c2-c2ccccc2)cc1,0.612571237,2.224998105,0.13,0.04,343.386,3.8
COc1ccc(-n2nc(C(C)(C)C)cc2NC(=O)Nc2ccc(Oc3ccnc(Nc4cccc(N5CCOCC5)c4)n3)cc2)cc1,0.157264324,2.806462744,0.42,0.24,634.741,6.9849
N#Cc1cccc(-c2nc(N3CCOCC3)c3cccnc3n2)c1,0.722284888,2.33733898,0.27,0.04,317.352,2.40008
COc1ccc(CNc2nc(Nc3ccc(N4CCOCC4)cc3)ncc2Cl)cc1,0.583259278,2.19268697,0.55,0.44,425.92,4.3309
O=C(Nc1ccc(Cl)cc1C(=O)Nc1ccc(Cl)cn1)c1ccccc1Cl,0.581371175,1.919647622,0.01,0.03,420.683,5.5464
COc1ccc(CNC(=O)Cc2ccc(O)cc2)c(OC)c1,0.858630779,1.758694077,0,0,301.342,2.2683
CN(C)C1CC=C(c2n[nH]c3ccc(-c4ccccc4)cc23)CC1,0.757241443,2.899536754,0.56,0.25,317.436,4.7274
COc1ccc(-c2ccccc2)cc1NC(=O)c1ccc(N2CCCCC2)cc1,0.620054927,1.774779492,0.01,0.05,386.495,5.6048
O=C(Nc1ccc(C(=O)Nc2ccc(Cl)c(C(F)(F)F)c2)cc1)Nc1ccccc1Cl,0.389634986,1.954907997,0.02,0.01,468.262,6.9085
Cc1cc(C(=O)O)nc(Nc2ccc(NC(=O)Nc3cc(C(F)(F)F)ccc3NC(=O)c3cccnc3)cc2)c1,0.185763349,2.549455503,0.13,0.14,550.497,6.14192
CC(=O)c1ccc(-c2ccc3nc(Nc4ccccc4)n(C(C)C)c3n2)cc1,0.462872053,2.236518699,0.11,0.1,370.456,5.6254
COc1ccc(-c2nc(C(=O)Nc3ccccc3N3CCC(O)CC3)c3ncccc3n2)cc1,0.470490069,2.399369904,0.2,0.07,455.518,3.9138
O=C(Nc1ccccc1Cl)Nc1ccc(-c2cn[nH]c2)cc1,0.671623721,1.940889223,0.35,0.17,312.76,4.3741
COc1ccc(C(=O)Nc2cccc3c(O)cccc23)cc1OC,0.765834833,1.737427148,0.03,0.05,323.348,3.8149
CC(=O)Nc1ccc(Nc2ncc(Nc3ccccc3)nc2)cc1,0.66402042,1.959964452,0.05,0.24,319.368,3.9222
COc1ccc(Nc2ncc(C(N)=O)c(Nc3ccccc3)n2)cc1,0.639658763,1.928657005,0.77,0.49,335.367,3.0713
CC(C)c1ccc(Nc2nccc(Nc3ccccc3)n2)cc1,0.689265175,1.894677316,0.69,0.38,304.397,5.0872
CN(C)CC(=O)Nc1cccc(-n2cnc3cnc4[nH]ccc4c32)c1,0.600580873,2.548578159,0.18,0.04,334.383,2.4019
O=C(NCC1CCCCC1)c1ccc2cc(F)ccc2n1,0.934768724,1.982234793,0.03,0.01,286.35,3.684
COc1ccc(C(=O)Nc2cccc(C(=O)O)c2)cc1Nc1ncnc2[nH]ccc12,0.386521457,2.243482083,0.4,0.18,403.398,3.6606
COc1ccc(-n2nc(C(C)(C)C)cc2NC(=O)Nc2cccc3cccnc23)cc1,0.469438082,2.260739018,0.2,0.04,415.497,5.3706
CCC(=O)c1cnc2ccc(-c3ccc(F)c(Cl)c3)cc2n1,0.659046066,2.215719883,0.18,0.11,314.747,4.682
O=C(Nc1ccc(Cl)cc1)Nc1cccc2cnccc12,0.729778784,1.766563923,0.33,0.14,297.745,4.5322
COc1ccc(C(=O)Nc2cc(C(=O)O)nc(Nc3ccccc3)n2)cc1,0.615398652,1.986532755,0.1,0.13,364.361,3.1793
COc1ccc(-n2c(C(=O)Nc3ccc(S(N)(=O)=O)cc3)cc(NC(=O)C=Cc3ccccc3)c2)cc1,0.304197585,2.432333648,0.01,0.02,516.579,4.0375
Cc1ccc(-n2nc(C(C)(C)C)cc2NC(=O)Nc2ccc(Oc3ccnc(Nc4ccc(N5CCOCC5)nc4)c3)cc2)CC1,0.184640581,3.215753067,0.15,0.21,620.758,7.5681
Cc1ccc(-c2cnc(N)c3cc(-c4ccccc4)oc23)cc1,0.563148007,2.169025422,0.37,0.06,300.361,5.05242
CN(C)c1ccc(C=Cc2nc(N)c3ncnc(Nc4ccccc4)n32)cc1,0.556592737,2.762643442,0.35,0.2,371.448,3.6865
COc1ccc(-c2cnc(N)c(C(=O)Nc3cccc(Cl)c3)n2)cc1,0.746079643,1.976214833,0.64,0.11,354.797,3.6401
Cc1ccc(NC(=O)c2ccc(C(C)(C)C)nc2)cc1Nc1ncnc2cnc(NCc3ccccc3)nc21,0.239080551,2.63032026,0.26,0.14,518.625,6.02872
CC(=O)c1ccc(-c2ccc(-c3ccc4c(c3)NC(=O)C4)cc2)cc1,0.707687225,1.982943544,0.2,0.03,327.383,4.7178
Cc1ccc(C(=O)Nc2cc(C(C)(C)C)on2)cc1Nc1ncnc2cnc(N3CCCCC3)nc12,0.40108882,2.774536646,0.18,0.05,486.58,4.99992
COc1ccc(C(=O)Nc2ccc(Cl)cc2Nc2ncnc3cc(OC)ccc23)cc1,0.428212259,2.089554698,0.18,0.11,434.883,5.2963
CCN(CC)C(=O)c1ccc(C(=C2CC=CCC2)c2nc3ccccc3[nH]2)cc1,0.582348951,2.751954482,0.06,0.01,385.511,5.5869
CC(C)(C)c1ccc(Nc2nn(C(C)(C)C)c(NC3CCCCC3)c2)cc1,0.653709263,2.537868116,0.18,0.18,368.569,6.4238
CC(=O)NC(C)c1ccc(OC2CCN(c3cccc(C(F)(F)F)n3)C2)cc1,0.835733473,3.084957093,0.03,0.02,393.409,3.9552
CN(C)C(=O)c1ccc(C=C2C=C(c3ccc(N)cc3)C(=O)N2C)cc1,0.868395216,2.616492951,0.06,0,347.418,2.8671
COc1ccc(CNC(=O)c2ccc(-c3ccccc3)c(F)c2)cc1OC,0.702491866,1.724513175,0.04,0.01,365.404,4.4399
O=C1NC(=O)C(=Cc2ccc(-c3ccccc3)c(S(=O)(=O)O)c2)N1,0.446231985,2.351910186,0.327249332,0.14,344.348,1.7806
CCc1nc(N)nc(N)c1-c1ccc(Cl)c(N=NNc2ccc(C(=O)O)cc2)c1,0.347459799,2.77938287,0.16,0.05,411.853,4.3328
CCc1cc(Nc2cc(=O)n(CCCCN3CCOCC3)c3ccccc23)n[nH]1,0.57331932,2.588180759,0.25,0.12,395.507,3.143
CCc1ncnc(N2CCC(O)CC2)c1-c1nc(C(C)C)c(C(C)(C)C)s1,0.832721653,3.088951326,0.09,0.01,388.581,4.5445
COc1ccc(-c2nc(-c3ccccc3)n(-c3ccc(C)cc3)n2)cc1,0.528898312,1.834848518,0.07,0.02,341.414,4.91832
Cc1ccc(N2CCN(C(=O)C(Cc3ccc(C)cc3)NC(=O)C3Cc4ccccc4CN3)CC2)cc1,0.549239699,3.057769149,0,0.02,496.655,3.39404
CC(C)Nc1nc(Nc2ccc(S(N)(=O)=O)cc2)nc(Nc2ccccc2)n1,0.476228636,2.218685247,0.18,0.12,399.48,2.8265
COc1ccc(-c2nc(Nc3ccc(N4CCNCC4)cc3)ncc2N)cc1,0.630889744,2.296779777,0.5,0.67,376.464,2.8876
N#Cc1ccc(-c2ccc3nccc(Nc4cccc5[nH]ncc45)c3n2)cc1,0.481538306,2.46169874,0.51,0.23,362.396,4.78838
COc1ccc(C=NNc2ncc(C(=O)c3ccccc3)s2)cc1OC,0.390195986,2.224071336,0.1,0.05,367.43,3.8373
COc1cccc(-c2c(C(=O)Nc3cc(OC)c(OC)cc3OC)cccc2NC(=O)Nc2ccccc2)c1,0.23636812,2.240163755,0.05,0.03,527.577,6.2843
O=C1CC(c2ccccc2)=NNc2ccc(-c3cccc(Cl)c3)cc21,0.673684524,2.361835641,0.3,0.17,346.817,5.4096
Cc1ccc(-c2ccc3c(c2)OCC3=NNc2ccc(C(=O)O)cc2)cc1,0.670417289,2.244716494,0.06,0.05,358.397,4.56882
COc1cccc(-c2cnc(N)c(C(=O)Nc3ccc(N4CCN(C)CC4)cc3)n2)c1,0.657567331,2.213230411,0.58,0.09,418.501,2.7385
O=C(Nc1ccccc1-c1ccccc1)Nc1ccc(Nc2ccccc2)cc1,0.359489941,1.701429501,0.13,0.08,379.463,6.7412
Cc1ccc(-c2ncn(-c3ccc(NC(=O)CC4CCCC4)cc3)n2)cc1,0.713376841,2.129290129,0,0.05,360.461,4.76152
CC(=O)Nc1ccc(-c2cnc(N)cc2-c2nc3ccccc3o2)cc1,0.58342541,2.241650413,0.36,0.13,344.374,4.0974
O=C(Nc1ccc(Cl)cc1)c1ccccc1Nc1cc(Nc2ccc(N3CCOCC3)cc2)ncc1Cl,0.237910183,2.344305919,0.23,0.6,534.447,6.9645
O=C(Nc1ccc(Cl)cc1C(=O)Nc1ccc(Cl)cn1)c1ccc(-c2noc(COCCF)n2)cc1,0.277169392,2.520793106,0.13,0.05,530.343,5.4291
CC(C)C(NC(=O)Cn1c(-c2ccccc2)ncc(N)c1=O)C(=O)C(=O)NC1CCOCC1,0.491401715,3.096192779,0.04,0.08,455.515,0.4976
COc1ccc(-n2cc(C(=O)Nc3ccccc3N3CC(=O)CC(C)C3=O)c3ccccc32)cc1,0.4557909,2.946369441,0.03,0.02,467.525,4.8333
O=C(Nc1cccc(CN2CCC(C(O)=NC3CCCCC3)CC2)c1)c1ccc(Cl)s1,0.401529877,2.602932934,0.01,0.01,460.043,6.155
COc1ccc(-c2ccc3c(N4CCOCC4C)nc(Nc4ccccc4)nc3n2)cc1,0.496173632,2.846133062,0.18,0.17,427.508,4.6691
Nc1cncc(-c2ccc3cnccc3c2)c1,0.687009097,2.145197659,0.34,0.16,221.263,2.879
CC1CN(CC(=O)Nc2ccc(Nc3nccc(-c4ccccn4)n3)cc2)CC1,0.671798054,2.603619214,0.45,0.23,388.475,3.5625
CC(C)C(=O)Nc1cc(-c2ccccc2)nc(-c2ccccc2)n1,0.77542678,1.858957219,0.09,0.01,317.392,4.4051
COc1ccc(Cl)cc1-c1[nH]nc2ncc(-c3cnn(C)c3)cc12,0.617788452,2.533850864,0.48,0.17,339.786,3.6874
COc1cccc(-c2nn(C(C)C)c3ncnc(Nc4cccc(O)c4)c23)c1,0.532935812,2.446004083,0.45,0.21,375.432,4.532
COc1ccc(-c2cnc(Nc3cccc(CN4CCCC4=O)c3)nc2-c2ccc(F)cc2)cc1,0.369972525,2.302761122,0.42,0.29,468.532,5.8243
COc1ccc(CC(=O)O)cc1-c1cccc2c1CN(C(=O)C=Cc1ccnc3ccccc13)C2,0.402101012,2.5885034,0.03,0.01,464.521,5.0931
N#Cc1cccc(-c2nc(N)c(C(=O)Nc3ccccc3)s2)c1,0.772081555,2.122035577,0.23,0.03,320.377,3.51628
COc1cc(C(=O)NC(=N)Nc2ccc(Cl)c(C(F)(F)F)c2)cc(OC)c1OC,0.488044185,2.495703383,0.01,0.01,431.798,4.16127
Cc1cc(Nc2nccc(-c3cnn4ccccc34)n2)ccn1,0.628989233,2.505302669,0.89,0.36,302.341,3.23832
O=C(Nc1ccc(Cl)cc1)c1ccc(OCCCO)cc1Nc1cccc(-c2cnn3cccnc23)c1,0.215076798,2.480096945,0.28,0.31,513.985,5.8068
CNC(=O)C(Cc1ccccc1)NC(=O)C(Cc1ccccc1)NC(=O)C(Cc1ccccc1)NC(=O)c1cccc2ccccc12,0.155280334,3.162919986,0.01,0.04,626.757,4.3819
CCCCCCC(=O)c1ccc(OCCCN2CCN(C(=O)C(C)C)CC2)cc1,0.383823926,2.061873552,0.01,0,402.579,4.4088
COc1ccc(-c2ccc3nccc(Nc4ccc(N5CCOCC5)cc4)c3n2)cc1,0.503876816,2.208338988,0.2,0.41,412.493,4.8856
CN1CCN(C(=O)c2cc3cc(Nc4nccc(-c5ccccn5)n4)ccc3[nH]2)CC1,0.534223957,2.440552731,0.5,0.36,413.485,3.1511
O=C(Nc1cc(C(O)=NCc2cccnc2)nn1-c1ccccc1)c1cc(-c2ccccn2)ccc1Cl,0.215279419,2.678194381,0.16,0.04,508.969,5.7398
Cn1cnc(-c2ccc3[nH]nc(-c4cccc(NC5CCCCC5)n4)c3c2)c1,0.541204684,2.661385302,0.52,0.23,372.476,4.77
CNC(=O)c1ccc(-c2noc(C(F)(F)F)n2)cc1,0.907920604,2.138302494,0.08,0.02,271.198,2.115
CNC(=O)c1ccc(Nc2nccc(Nc3cccc(C(=O)O)c3)n2)cc1,0.53177663,2.071555332,0.72,0.55,363.377,3.0216
COc1ccc(-c2nc(-c3cccc4ccccc34)on2)cc1OC,0.547573439,1.889378317,0.04,0.01,332.359,4.574
Cc1ccc(C(=O)Nc2cccc(C(=O)Nc3ccc4c(c3)-c3c(c(C(N)=O)nn3-c3ccc(F)cc3)CC4)c2)cc1,0.247670028,2.484039658,0.1,0.02,559.601,5.68892
Cc1cc(C(=O)O)ccc1-c1ccc(F)c2c1CN(C(=O)C=Cc1ccc(F)cn1)CC2,0.608067554,2.686300204,0.1,0.02,434.442,4.63152
COc1ccc(CNC(=O)c2sc3ncccc3c2-c2ccc(OC)cc2)cc1OC,0.447152078,2.164652191,0.16,0.04,434.517,4.9191
CN1CCN(c2ccc(-c3ccc4ncnc(Nc5cccc(C(F)(F)F)c5)c4c3)cc2)CC1,0.413793002,2.300007309,0.47,0.34,463.507,5.811
CCCc1cc(-c2ccc(C(=O)O)cc2)ccc1OCCN1C(=O)CCC1=O,0.707364948,2.159115237,0,0.03,381.428,3.5321
Nc1ncnc2c1ncn2-c1ccc(F)cc1,0.686681144,2.139756064,0.39,0.02,229.218,1.5368
COc1ccc(-c2nnc(Nc3ccccc3)o2)cc1,0.783664938,1.796725704,0.89,0.05,267.288,3.4888
COc1ccc(-c2cnc(Nc3ccc(N4CCNCC4)cc3)nn2)cc1,0.722651262,2.2311225,0.47,0.54,362.437,2.7004
O=C(NCCCCCS)C(=O)Nc1ccc(-c2cccc3ccccc23)cc1,0.311077597,2.070778485,0.1,0.06,392.524,4.6616
COc1ccc(Nc2ncc3c(n2)-c2ccccc2C3=O)cc1,0.62784842,2.01534758,0.53,0.47,303.321,3.4402
NS(=O)(=O)c1ccc(NC(=O)Nc2ccc(Cl)cc2)cc1,0.808013738,1.619278103,0,0,325.777,2.6314
COc1cccc(Nc2ncnc3ccc(NC(=O)CCCCCCCC(=O)NO)cc23)c1,0.180688915,2.29545724,0.52,0.17,451.527,4.5566
COc1ccc(-c2ccc(C(=O)Nc3ccc(CN4CCC(O)C4)cc3)cc2)cc1,0.649336243,2.267601507,0,0.01,402.494,4.1811
COc1ccc(-c2ccc3c(N4CCOCC4C)nc(Nc4ccccc4)nc3n2)cc1,0.496173632,2.846133062,0.18,0.17,427.508,4.6691
CC(C)Oc1ccc(Nc2ncc(C(F)(F)F)c(Nc3cccc4ccccc34)n2)cc1,0.342068456,2.297073999,0.56,0.4,438.453,6.923
O=C(Nc1ccc(Cl)cc1C(=O)Nc1ccc(Cl)cn1)c1ccc(-c2ccccc2)cc1,0.352955265,1.944878966,0.17,0.05,462.336,6.56
COc1cccc2ccc(NC(=O)C=Cc3ccccc3)nc12,0.743826091,1.963689027,0.04,0.04,304.349,3.8953
CC(C)CC(NC(=O)C(Cc1ccccc1)NC(=O)C(Cc1ccccc1)NC(=O)OCc1ccccc1)C(=O)Nc1ccc(N)cc1,0.114370347,3.341001618,0.02,0.01,649.792,5.0034
O=C(Nc1cccc(-c2cnc3[nH]ccc3c2)c1)c1ccccc1-c1ccccc1,0.387271217,2.084384837,0.57,0.19,389.458,6.1492
Cc1cccc(NC(=O)c2ccc(F)c(Nc3ncnc4cnc(N5CCCC5)nc34)c2)c1,0.469988519,2.428155468,0.28,0.19,443.486,4.46342
COc1ccc(Cl)cc1-c1cccc2[nH]c(C3=CCN(C(=O)CCCN)CC3)cc12,0.594787763,2.578829489,0.07,0.04,423.944,4.8515
COc1ccc(-c2nc(-c3ccccc3)nc3c2CCCC3)cc1,0.702401196,1.955959348,0.02,0.03,316.404,4.698
C=CC(=O)Nc1cc2c(Nc3ccc(N4CCOCC4)cc3OC)ncnc2cc1OCCCN1CCOCC1,0.273120235,2.787788808,0.28,0.29,548.644,3.4442
Oc1ccc(-c2nnc(-c3ccccc3)o2)cc1,0.744776918,1.713005266,0.11,0.01,238.246,3.1092
COc1ccc(-n2nc(C(C)(C)C)cc2NC(=O)Nc2ccc(Oc3ccnc(Nc4cccc(N5CCOCC5)c4)n3)cc2)cc1,0.157264324,2.806462744,0.42,0.24,634.741,6.9849
CC(=O)Nc1ccc(-c2ccnc3[nH]cc(C(=O)OC)c23)cc1,0.728483516,2.185080601,0.41,0.17,309.325,2.9749
Cc1cc(-c2n[nH]c3ccc(C(O)=NC4CCCC(O)(Cc5ccccc5)C4)cc23)ccn1,0.295284607,3.636646917,0.33,0.2,440.547,5.15432
O=C(O)C1=C(c2ccccc2)c2ccccc2-n2cccc21,0.591202963,2.013129367,0.06,0.01,287.318,4.4577
O=C(Nc1ccc(Cl)cc1)c1cnccc1Nc1ccccc1,0.729387123,1.760720944,0.09,0.19,323.783,4.7309
O=C(Nc1ccccc1)Nc1ccc(-c2n[nH]c(-c3ccccc3)n2)cc1,0.492405444,1.880013462,0.27,0.06,355.401,4.7827
Cc1cccc(NC(=O)Nc2ccc(-c3cnc(N)c4cc(C#N)ccc34)cc2)c1,0.438715076,2.223368129,0.69,0.14,393.45,5.3081
CC(C)C(CO)Nc1nccc(-c2cnc3[nH]cc(C(=O)O)c3n2)c1,0.541269102,3.195337164,0.4,0.29,341.371,2.1469
COc1ccc(-c2ccc(NC(=O)C=Cc3cccnc3)cc2)cc1OC,0.661300161,1.944590459,0.15,0.05,360.413,4.4177
Cc1ccc(-c2nc(-c3cccc4ccccc34)[nH]n2)cc1,0.584495921,1.922210694,0.19,0.03,285.35,4.60032
CN(C)CCOc1ccc(C=Cc2ccccc2)cc1,0.738170495,1.745482108,0.02,0,267.372,3.7974
CNC(=O)c1ccc2c(c1)C(=Nc1ccc(C(=O)Nc3ccccc3)cn1)CC2,0.718360092,2.441531954,0.09,0.07,384.439,3.7605
COc1cccc(Nc2nccc(Nc3cccc4[nH]ncc34)n2)c1,0.514400747,2.281482837,0.7,0.36,332.367,3.8487
CN(C)C(=O)c1ccc(-c2ccc(C(N)=O)cc2)cc1,0.926688037,1.605295096,0.06,0.02,268.316,2.1543
COc1ccc(-c2ccc3c(c2)Nc2ccccc2NC3=O)cc1,0.722008455,2.006317419,0.79,0.06,316.36,4.6715
Cc1cccc(C(=O)Nc2cccc(Nc3ncnc4ccccc34)c2)c1,0.544965217,1.865831123,0.31,0.05,354.413,4.93412
COc1cccc(-c2nn(-c3ccccc3)c3cc(N)ccc23)c1,0.573995231,2.006588408,0.14,0.04,315.376,4.2833
CC(NC(=O)C(Cc1ccccc1)NC(=O)C(CC(C)C)NC(=O)c1ccccc1)C(=O)NC(C)=O,0.377556828,3.071841573,0,0.01,494.592,1.726
O=C1NCc2c1c1ccccc1n2CCc1ccccc1,0.783229988,2.218134191,0.29,0.11,276.339,3.1274
CC(C)C(=O)Nc1ccc(-c2nnc(N3CCC(N4CCCCC4)CC3)o2)cc1,0.827467646,2.395180306,0.04,0.06,397.523,3.7858
CNc1nccc(-c2cnc3ccc(Nc4ccccn4)nn23)c1,0.60218342,2.573961948,0.26,0.3,317.356,2.9716
CN(C)c1ccc(C(=O)Nc2cc(-c3ccccc3)ccc2N)cc1,0.702571682,1.785880922,0.06,0.01,331.419,4.2541
COc1cccc(Nc2ncc(-c3ccc4ccccc4c3)[nH]2)c1,0.558055265,2.081887192,0.6,0.27,315.376,4.9821
CC(=O)c1c(C)cc(-c2ccccc2)s1,0.695126261,1.93133202,0.01,0.01,216.305,3.92612
Cc1cc(C)c(-n2ccn3nc(-c4ccccn4)cc23)cc1N=C(O)c1ccccc1Cl,0.270671431,3.030065254,0.08,0.02,441.922,6.09354
COc1ccc(-c2ccc3c(Nc4ccc(N5CCNCC5)cn4)n[nH]c3c2)cn1,0.473061854,2.643238942,0.5,0.25,401.474,3.1817
COc1cc(-c2cccc(F)c2)ccc1-n1c(=O)ccc2cc(S(=O)(=O)Nc3ccon3)ccc21,0.372581043,2.599847294,0.08,0.05,491.5,4.5942
O=C(NC1CCCCC1)c1ccc2ccc(-c3cnc4ccccc4c3)nc2n1,0.546729433,2.328417158,0.13,0.12,382.467,4.9075
COc1cc(Nc2ncc(C(F)(F)F)c(Nc3ccccc3)n2)ccc1OC,0.617432578,2.133137048,0.74,0.64,390.365,4.9998
CC(NC(=O)C(C)(C)Oc1ccc(C2CNCCO2)cc1)c1ccccc1,0.820622476,3.044607939,0.05,0,368.477,3.3823
Cc1cc(C(=O)Nc2ccc(N3CCCCC3)cc2)nc(Nc2ccc(N3CCOCC3)cc2)n1,0.542182443,2.316057304,0.02,0.06,472.593,4.60782
CC(=O)Nc1ccc(S(N)(=O)=O)cc1,0.74116682,1.552602831,0,0,214.246,0.2924
COc1cc(NC(=O)C=Cc2ccc(OC)cc2)cc(OC)c1OC,0.780934883,1.906266181,0.01,0.01,343.379,3.3729
Cc1ccc(C(=O)Nc2cc(C(C)(C)C)on2)cc1Nc1ncnc2[nH]c(-c3ccccc3)nc12,0.307033437,2.698333601,0.49,0.13,467.533,5.60972
Cc1cc(Cl)ccc1-c1nc(C(N)=O)c(Nc2ccc(N3CCN(C)CC3)cc2)cc1Cl,0.551705396,2.472663281,0.15,0.21,470.404,4.95812
COc1cc(C2=NNC(=O)C2=NNc2ccc(C(=O)Nc3ccccc3N)cc2)ccc1OC,0.317124232,2.573124471,0.49,0.05,458.478,2.8403
O=C1NC(=O)C(=Cc2ccc(-c3ccc(O)cc3)cc2)N1,0.582841647,2.134412082,0.325433111,0.11,280.283,2.2395
Cc1ccc(-c2ccc(C(=O)Nc3ccccc3N)cc2)nc1N1CCC(N)CC1,0.577584651,2.231434319,0.12,0.04,401.514,3.81902
COc1ccc(Nc2ncc(C(=O)Nc3ccccc3N)cc2[N+](=O)[O-])cc1,0.338607185,2.097718937,0.22,0.33,379.376,3.5765
CC(C)(C)CNC(=O)c1ccc(C2=CC3(CCNCC3)O2)cc1,0.90166501,3.139754863,0.12,0.03,314.429,2.9558
CC(=O)Nc1cc(Nc2cc(Nc3cc(Nc4ccccc4)ncc3F)ccn2)ccn1,0.320070184,2.544312611,0.15,0.64,429.459,5.1999
COc1ccc(CNc2nc(NCCN3CCCCC3)nc3ccccc23)cc1,0.601526974,2.089498553,0.11,0,391.519,4.1483
CC(C)C1NC(=O)C(C(=O)C=Cc2ccc(O)c(Br)c2)C1=O,0.631426044,3.634530101,0.08,0.01,366.211,2.0767
CC(NC(=O)c1ccc(Cl)c(NC(=O)c2ccccn2)c1)c1ccccc1,0.686219724,2.256389073,0.04,0.03,379.847,4.4783
Cc1cccc(-c2nc(Nc3ccccc3)c(-c3ccccc3)[nH]2)c1,0.497941661,2.026045623,0.39,0.1,325.415,5.79572
CCCCCCCCCCCCCCCCCCCC(=O)c1ncc(-c2ccco2)o1,0.155408562,2.496751379,0,0.02,429.645,9.159
COc1ccc(-n2nc(C(C)(C)C)cc2NC(=O)Nc2ccc(Oc3ccnc(Nc4ccccc4)n3)cc2)cc1,0.188248468,2.520547113,0.46,0.28,549.635,7.1483
CNC(=O)c1ccc(-c2nc(NC3CCOCC3)c3ccccc3n2)cc1,0.745067585,2.165887792,0.07,0.07,362.433,3.2473
COc1cccc(-c2nc(Nc3ccccc3)nc(NC(=O)c3ccccc3)n2)c1,0.496406066,1.982909872,0.11,0.19,397.438,4.5431
Cc1cc(Cl)ccc1-c1ccc2cc(Nc3ccccc3)cnc2n1,0.494325302,2.130754714,0.33,0.23,345.833,6.00222
Nc1nc(NC2=NC3CCCCC32)c2ncccc2n1,0.825221299,3.661090466,0.26,0.12,268.324,1.9898
COc1ccc(C(=O)Nc2cccc(C(F)(F)F)c2)cc1Nc1ncnc2cnc(N3CCOCC3)nc12,0.380724775,2.615321429,0.26,0.25,525.491,4.2797
Cc1ccc(C)c(Nc2cc(NC3CCCCC3N)cnc2C(N)=O)c1,0.660238773,3.193159235,0.23,0.2,353.47,3.22274
CCN(C)c1nc2ccc(C(=O)Nc3ccc(Cl)cc3)cc2n1C(C)C,0.688680105,2.334216028,0.08,0.05,370.884,4.979
COc1ccc(-c2nnc(NC(=O)c3ccc(C4CC4)cc3)o2)cc1,0.76554904,1.953103159,0.08,0,335.363,3.8749
CC(C)c1ccccc1N1CCN(C(=O)C(Cc2ccc(Cl)cc2)NC(=O)C2Cc3ccccc3CN2)CC1,0.457769551,3.199860541,0.01,0.01,545.127,4.554
CC(=O)Nc1nc(C(=O)NC(C)c2ccc(OC3CCOC3)c(Cl)c2)cc(OC)c1OC,0.617426092,3.349040956,0.12,0,463.918,3.3693
COc1ccc(Nc2nc(Nc3ccccc3)ncc2-c2nc(C)no2)cc1OC,0.46490291,2.350490478,0.53,0.38,404.43,4.33942
O=C(O)Cc1ccc(NC(=O)c2ccc(Cl)cc2)cc1,0.907981825,1.463428707,0,0.01,289.718,3.2194
COc1ccc(-c2ccc3c(N4CCOCC4C)nc(N4CCCCC4)nc3n2)cc1OC,0.580331519,3.012716712,0.06,0,449.555,3.9244
COc1ccc(-n2nc(C(N)=O)c3c2-c2cc(NC(=O)c4ccccc4Cl)ccc2CC3)cc1,0.441247516,2.33600409,0.08,0.04,472.932,4.6511
O=C(Nc1ccccc1-c1ccccc1)N1CCC2(CC1)C(=O)Nc1ncccc12,0.677117267,2.819849132,0.14,0.07,398.466,4.2664
Nc1ncc(-c2ccc(-c3ccccc3)cc2)nn1,0.756967789,1.902779987,0.22,0.12,248.289,2.7878
O=C1NC(=O)C(=Cc2ccc(-c3c(O)cc(F)cc3F)cc2)N1,0.588284789,2.507857081,0.366619009,0.2,316.263,2.5177
CC#Cc1ccc(Nc2ncc(C(=O)Nc3ccc(OC)cc3)cc2-c2nc(C)nc(N)n2)cc1,0.361574458,2.624512832,0.24,0.17,465.517,4.20012
Cc1ccc(-c2noc(C(C)(C)C)c2NC(=O)Nc2ccc(N3CCN(C)CC3)cc2)cc1,0.564484884,2.462172063,0.11,0.01,447.583,5.34332
O=C(Nc1cccc2cnccc12)Nc1ccc(C(=O)NO)cc1,0.439409142,1.978897018,0.3,0.16,322.324,2.9978
O=C(NCCc1ccc(OCc2ccc(Cl)cc2)cc1)c1ccccc1Cl,0.565239596,1.678543713,0,0,400.305,5.5449
COc1ccc(-c2ccc3c(N4CCOCC4C)nc(N4CCCCC4)nc3n2)cc1,0.635109836,2.93728319,0.05,0,419.529,3.9158
Cc1cccc(-c2nc(N)c3cc(C(=O)Nc4ccccc4)sc3n2)c1,0.563484075,2.105311951,0.2,0.02,360.442,4.50122
CC(C)(C)NC(=O)c1ccccc1Nc1nc(Nc2cccc(N3CCOCC3)c2)ncc1Cl,0.457806394,2.45649846,0.71,0.66,481,4.9821
COc1ccc(-c2cccnc2)cc1Nc1nccc(-c2c[nH]c3ncccc23)n1,0.443648905,2.432769625,0.74,0.41,394.438,4.8341
O=C1NC(=O)C(=Cc2ccc(-c3ccccc3)c(Cl)c2)S1,0.838937599,2.112355159,0.64,0.26,315.781,4.3309
CN(C)C(=O)c1ccc(Nc2nnc(N(C)Cc3ccccc3)s2)cc1,0.720955373,2.170876059,0.02,0.03,367.478,3.6199
COc1ccc(-n2nc(C(C)(C)C)cc2NC(=O)Nc2ccc(Oc3ccnc(Nc4ccccc4)n3)cc2)cc1,0.188248468,2.520547113,0.46,0.28,549.635,7.1483
COc1ccc(-c2ccc3cc(Nc4cccc(C(F)(F)F)n4)ccnc23)cc1OC,0.42326148,2.373665417,0.34,0.35,425.41,6.028
O=C(Nc1cccc(-c2nnc3n2-c2cccnc2Nc2ccccc2-3)c1)c1cccnc1,0.421515455,2.488135394,0.18,0.05,431.459,4.7006
CC(=O)Nc1ccc(-c2ccnc3[nH]cc(-c4cccc(N5CCOCC5)c4)c23)cc1,0.510097564,2.387570652,0.46,0.22,412.493,4.6919
COc1ccc(C(=O)Nc2ccc(-c3ncccc3-c3ccncc3)cn2)cc1,0.551143734,2.094698949,0.21,0.16,382.423,4.4665
COc1cc(Nc2cc(NC(=O)c3ccc(C(C)(C)C)cc3)ccn2)ccn1,0.670176358,2.225483884,0.15,0.28,376.46,4.7786
COc1cccc(-c2nn(-c3ccccc3)c3ncccc32)c1,0.571820162,1.878933212,0.23,0.03,301.349,4.0961
O=C1Nc2ccccc2C1=Cc1ccc2ccccc2n1,0.68578236,2.122986548,0.49,0.34,272.307,3.7275
Cc1ccc(C(=O)Nc2cccc(C(F)(F)F)c2)cc1Nc1ncnc2cnc(N3CCCCC3)nc12,0.355999718,2.554448178,0.19,0.14,507.52,5.73322
COc1ccc(C(=O)C=Cc2ccc(Cl)cc2)cc1,0.614459789,1.607648944,0.01,0,272.731,4.2447
Cc1ccc(C(=O)Nc2cccc(C(C)Nc3ncnc(N4CCC(O)C4)c3)c2)cc1,0.56550206,2.990645147,0.08,0.03,417.513,3.78142
COc1cccc(-c2nc(Nc3ccc4c(c3)CCCN4C)no2)c1,0.780138356,2.340302026,0.13,0.14,336.395,3.8712
O=C1NC(=O)C(=Cc2ccc(-c3ccccc3)c(Br)c2)S1,0.805774531,2.207150544,0.59,0.27,360.232,4.44
COc1cc(Nc2nccc(Nc3cc(C4CC4)n[nH]3)n2)cc(OC)c1OC,0.542642389,2.740465045,0.69,0.27,382.424,3.5901
c1ccc(-c2nc(N3CCOCC3)c3cnn(C4CCOCC4)c3n2)cc1,0.711003403,2.463402885,0.04,0.05,365.437,2.6814
Cc1cc(C(=O)Nc2ccc(-c3cccc4c(N5CCOCC5)nc(N5CCOCC5)nc34)cc2)no1,0.440530797,2.614768575,0.13,0.05,500.559,3.51872
COc1ccc(-c2ccc(C(=O)NC(C)C)cc2)cc1NC(=O)c1ccc(N2CCCC2)nc1,0.53396732,2.126180617,0.08,0.08,458.562,4.7479
Cc1ccc(-c2cccnc2)cc1NC(=O)c1ccc(N2CCOCC2)cc1,0.74656532,1.953780153,0.14,0.1,373.456,4.14592
Cc1cccc(Nc2nccc(-c3cnc4ccccn34)n2)c1,0.624356474,2.259272805,0.81,0.3,301.353,3.84332
COc1ccc(-c2nn(-c3ccccc3)cc2N=C(O)c2cnn3cccnc23)cc1,0.345969062,2.678417482,0.2,0.09,410.437,4.2269
COc1ccc(Nc2nccc(Nc3ccc(N4CCOCC4)cc3)n2)cc1,0.676721648,2.091319129,0.55,0.57,377.448,3.809
CC(C)(C)c1cc(NC(=O)Nc2ccc(Cl)cc2Cl)n(-c2ccccc2)n1,0.553513397,2.09991427,0.13,0.06,403.313,6.1206
CC(C)(C)C(=O)CN1C(=O)N(c2cccc(C(F)(F)F)c2)C2=C(C(=O)CC2)C1c1ccc(C#N)cc1-c1ccncc1,0.333193958,3.594816947,0.24,0.03,572.587,6.85458
COc1ccc(-c2nc(N3CCOCC3)c3cnn(C4CCN(C(=O)OC)CC4)c3n2)cc1,0.59646346,2.556241045,0.03,0.06,452.515,2.7418
COc1cccc2c1CCCC2Nc1ncnc(-c2ccc3c(c2)OCCO3)n1,0.725664009,2.96922971,0.21,0.1,390.443,3.8079
CNC1CC=C(c2[nH]c3ncccc3c2C2=NC=C2S)C1,0.762871841,4.215002681,0.47,0.16,296.399,2.902
CCOc1ccc(Nc2ncc(C(=O)Nc3ccccc3)cc2-c2nc(C)nc(N)n2)cc1,0.38888661,2.331938211,0.21,0.07,441.495,4.21882
O=C(NC1CCCCC1)c1ccc2ccccc2c1Nc1ccc(Cl)cc1Cl,0.485833223,2.055869083,0.05,0.03,413.348,6.9527
O=C(NCCCN1CCCCC1)c1ccc2ncc(-c3ccc(Cl)cc3)nc2n1,0.623926951,2.293834333,0.21,0.11,409.921,3.951
Nc1ncc(-c2ccccc2)nn1,0.69961996,2.005615863,0.22,0.11,172.191,1.1208
COc1ccc(-c2nc(-c3ccc(Cl)cc3)c(-c3ccc(C(=O)O)cc3)o2)cc1,0.438125134,1.99592924,0.05,0.04,405.837,6.0358
COc1ccc(C(=O)Nc2ccc(C(=O)Nc3ccccc3N)cc2)cc1,0.602955131,1.624403684,0,0.01,361.401,3.782
COc1ccc(NC(=O)Nc2ccc(-c3cncc4ccncc34)cc2)cc1OC,0.494634007,2.161450691,0.41,0.12,400.438,4.958
CCN(CC)CCNC(=O)c1ccc(-c2cnc3ccc(Nc4ccccc4)nc3n2)cc1,0.398552352,2.353151142,0.24,0.2,440.551,4.507
COc1ccc(CNC(=O)c2ccc(-c3cnc(N)c(C(F)(F)F)n3)cc2)cc1OC,0.616446428,2.330322308,0.38,0.05,432.402,3.6918
O=C1c2ccccc2C(=O)N1C1CCN(Cc2ccc3ccccc3c2)C1,0.671912196,2.460119783,0.01,0.01,356.425,3.7103
Cc1cc(C(=O)Nc2ccc(-c3ccccc3S(N)(=O)=O)cc2)n(-c2ccccc2)n1,0.500742203,2.087004403,0.08,0.01,432.505,3.74742
COc1ccc(-c2cccc(Nc3ncc(Cl)c(Nc4ccccc4S(=O)(=O)C(C)C)n3)c2)cc1,0.281265606,2.384898678,0.61,0.6,509.031,6.4749
COc1cccc(-c2n[nH]c3ccc(-c4ncn[nH]4)cc23)c1,0.607797131,2.35800241,0.62,0.21,291.314,3.0236
COc1ccc(-c2ccccc2)cc1Nc1ncnc2scnc12,0.595028463,2.254203552,0.26,0.16,334.404,4.5055
COc1ccc(CNC(=O)c2cnc(Nc3ccccc3)nc2N)cc1,0.63231404,1.933603028,0.46,0.11,349.394,2.741
COc1ccc(-c2ccc3ccccc3c2)cc1-n1ccnn1,0.571820162,2.113959456,0.1,0.15,301.349,4.0961
CN(C)CCOc1ccc(Nc2ncc(Cl)c(Nc3ccccc3C(=O)O)n2)cc1,0.465579747,2.23119168,0.71,0.54,427.892,4.2558
COc1ccc(-c2ccc(C(=O)Nc3ccccc3N)cc2)cc1OC,0.677671909,1.691207868,0.04,0.01,348.402,4.2053
Cc1nc(N)nc(NC(=O)c2ccccc2-c2ccccc2)n1,0.775581221,1.948723689,0.13,0.02,305.341,2.68152
COc1cc(NC(=O)c2ccc(C)c(Nc3ncnc4cnc(Nc5ccccc5)nc34)c2)cc(OC)c1OC,0.22154262,2.535441733,0.54,0.31,537.58,5.49352
COc1ccc(-c2ccc3nccc(Nc4ccc(C(=O)Nc5ccccc5)cc4)c3n2)cc1OC,0.286324038,2.177907439,0.21,0.28,476.536,6.3099
O=C(Nc1ccc(Cl)cc1)c1ccccc1Nc1ccc(-c2cnc3ccncc3n2)cc1,0.325591838,2.180769991,0.4,0.35,451.917,6.3411
O=C1NC(=O)C(=Cc2ccc(N3CCC(NC(=O)C=Cc4ccccc4)CC3)cc2)C1=O,0.328499653,2.484240839,0.13,0.09,429.476,2.0939
COc1ccc(-c2ccc3c(c2)Nc2ccccc2NC3=O)cc1,0.722008455,2.006317419,0.79,0.06,316.36,4.6715
COc1ccc(Nc2ncc(-c3ccccc3)o2)cc1OC,0.767763686,1.961654126,0.89,0.27,296.326,4.1024
CNC(=O)c1ccc(-n2cnc3ccccc32)cc1,0.759794061,1.807991601,0.02,0.05,251.289,2.3851
C#Cc1cccc(Nc2ncnc3cc(OC)c(OC)cc23)c1,0.748946882,2.215539074,0.8,0.58,305.337,3.3719
N#CC1CCCN1C(=O)C1CCCN1C(=O)CCC(=O)c1ccc(F)cc1,0.743911932,3.039475634,0.05,0.01,371.412,2.29418
CNC(=O)c1ccc(-c2ccc3cnc(Nc4ccc(N5CCOCC5)cc4)nc3n2)cc1,0.489545691,2.371805518,0.49,0.67,440.507,3.6316
O=C(NC1CCCCC1)c1ccc2c(c1)-c1ccccc1C2=O,0.778666614,1.86423851,0,0.01,305.377,3.9605
CC(=O)Nc1cc(Nc2ccc(NC(=O)C(C)N)cc2)nc(N2CCCC2)n1,0.601505375,2.753267188,0.16,0.06,383.456,2.0645
O=C(Nc1ccccc1)c1n[nH]c2ncc(-c3ccccc3)cc12,0.602680904,1.997651872,0.6,0.07,314.348,3.8772
CC(C)CC(NC(=O)C(Cc1ccccc1)NC(=O)CCCC=CC=O)C(=O)Nc1ccc(N)cc1,0.138981034,3.143700172,0.03,0.02,492.62,3.3911
O=C1NC(=O)C(=Cc2ccc(-c3ccc(Cl)c(Cl)c3)cc2)O1,0.83478303,2.335949164,0.46,0.15,334.158,4.2677
CC(=O)c1ccc(OCc2ccc(-c3ccc(C(N)=O)cn3)cc2)cc1,0.691042522,1.858263585,0.1,0.04,346.386,3.6291
COC(=O)c1cccc(-c2nc(Nc3cccc(N4CCOCC4)c3)no2)c1,0.67557222,2.299939064,0.13,0.12,380.404,3.1034
COc1ccc(-c2nc(-c3ccc(C)cc3)c(-c3ccc(C)cc3)n2CC(=O)O)cc1,0.448057073,2.124634473,0.02,0,412.489,5.59414
Cc1cccc(C(=O)Nc2ccc(N3CCC(C(=O)Nc4ccc(Cl)cc4)CC3)cc2)c1,0.522623631,1.876137328,0,0,447.966,5.75582
COc1ccc(Nc2nccc(-c3cnc4ccccc4c3)n2)cc1,0.599785954,1.970995935,0.77,0.7,328.375,4.444
COc1ccc(-c2cnc(N)c(C(=O)Nc3ccccc3)n2)cc1,0.771018222,1.864196684,0.67,0.12,320.352,2.9867
COc1ccc(N2CCN(C(=O)C(C)NC(=O)c3ccc(-c4ccccc4)s3)C2=O)cc1,0.616778236,2.818844695,0.02,0.02,449.532,4.0108
COc1ccc(-c2nc(-c3ccnc(C)c3)c3n2CC(C)OCC3)cc1,0.719700464,3.092872253,0.25,0.11,349.434,3.89032
Cc1ccc(Nc2nc(NC3CCCCC3N)c3ncn(C(=O)C(C)C)c3n2)cc1,0.588825659,3.430459299,0.32,0.15,407.522,3.85632
CN(C)Cc1cc(C(=O)Nc2ccc(F)c(C3(C)CC(C(F)(F)F)OC(=N)N3)c2)no1,0.613532695,4.018432034,0.04,0.04,443.401,3.21837
CN(C)CCOc1ccc2c(c1)C(=O)c1ccc(Nc3ccnc(Nc4cccc(N5CCNCC5)c4)n3)cc1O2,0.225508397,2.795470418,0.47,0.22,551.651,4.5734
CC(C)c1ccc(Nc2nc(NCc3ccccc3)ncc2-c2nc3ccccc3s2)cc1,0.273169693,2.325209642,0.39,0.17,451.599,7.2324
CC(C)CC(NC(=O)C(Cc1ccccc1)NC(=O)OCc1ccccc1)S(=O)(=O)c1ccc(N)cc1,0.325245665,3.136146493,0,0.02,523.655,4.0686
CC(=O)c1ccc(Nc2nccc(Nc3ccccc3C(=O)O)n2)cc1,0.580920341,2.045038845,0.75,0.37,348.362,3.8646
COc1ccc(N2CCN(C(=O)C(C)Cc3ccc(-c4ccccc4)cc3)CC2)cc1,0.575753038,2.361152928,0.01,0.01,414.549,4.8896
COc1ccc(F)cc1-c1nc(Nc2ccccn2)nc(N2CCOCC2)n1,0.720931587,2.387097226,0.1,0.32,382.399,2.6615
COc1ccc(-c2ccc3c(N4CCOCC4C)nc(N4CCOCC4C)nc3n2)cc1,0.618933374,3.412299361,0.03,0.01,435.528,3.1506
COc1ccc(-c2nc(C(=O)Nc3cnccc3N3CCCCCC3)c3ccccc3n2)cc1,0.439756966,2.3212494,0.2,0.07,453.546,5.3331
CCCCCCCCCCCCCC=CCCCCCCCCC(=O)c1ncc(-c2ccccn2)o1,0.087533611,2.696980912,0.06,0.04,494.764,10.2974
O=C(O)c1cccc(-c2cccc3cc(Nc4ccccc4)ccc23)c1,0.482944264,1.792313498,0.18,0.26,339.394,5.9486
COc1ccc(CNC(=O)c2cc(-c3ccccc3)n(-c3ccccc3)n2)cc1,0.534146371,1.871938768,0.07,0.02,383.451,4.4779
CNC(=O)c1ccc(-c2nc(N3CCOCC3)c3ccnn3c2)cc1,0.785803759,2.433181268,0.16,0.02,337.383,1.5925
COc1ccc(NC(=O)c2ccc(NC(=O)Nc3ccc(-c4ccccc4)cc3)cc2)cc1,0.333117858,1.724808353,0.03,0.02,437.499,6.2585
CN(C)C(=O)c1ccc2c(c1)-c1ccccc1C2=NO,0.543440011,2.17491085,0.01,0.06,266.3,2.5954
CC(C)Oc1ccc(Nc2ncc(N3CCCC(C(=O)O)CC3)nc2-c2ccc(Cl)cc2)cc1,0.427164521,2.84915268,0.18,0.21,480.996,6.0189
COc1ccc(-c2ccc(C(=O)Nc3ccccc3N)cc2)cn1,0.720442206,1.820848189,0.18,0.11,319.364,3.5917
CC(=O)NC(C)c1ccc(OC2CCN(c3ccnc(Nc4ccccc4)n3)C2)cc1,0.603196576,3.003308518,0.51,0.25,417.513,4.075
COc1ccc(Nc2ncc(C(=O)Nc3ccccc3N)s2)cc1OC,0.571892461,2.114877722,0.24,0.24,370.434,3.7384
NCCCCC(NC(=O)CNC(=O)Cc1ccc(-c2ccccc2)cc1)CCNCc1ccccc1,0.245751141,2.692985016,0.07,0.02,486.66,3.806
CC(C)(C)C(=O)Nc1ccc(-c2nc(N3CCOCC3)c3cccnc3n2)cc1,0.735900032,2.355944254,0.13,0.08,391.475,3.513
O=C1CCC(=O)N1c1ccc(C(=O)c2ccccc2)cc1,0.640659451,1.777991313,0,0.01,279.295,2.571
COc1ccc(-c2ccc3c(N4CCOCC4C)nc(N4CCOCC4C)nc3n2)cc1,0.618933374,3.412299361,0.03,0.01,435.528,3.1506
O=C(NCc1ccc(F)cc1Cl)C1COc2ncccc21,0.948263852,2.919966691,0.03,0.02,306.724,2.6665
O=C1NC(=O)C(=Cc2ccc(-c3ccccc3)cc2)S1,0.854122807,1.941004124,0.58,0.23,281.336,3.6775
Cc1ccc(C(=O)Nc2cccc(C(=O)Nc3ccccc3N)c2)cc1,0.622946491,1.6388245,0.02,0.01,345.402,4.08182
O=C(NCCCCN1CCCCC1)c1ccc2cc(-c3ccccc3)nn2n1,0.641273449,2.478637758,0.09,0,377.492,3.3922
O=C(Nc1ccc(C(=O)Nc2ccccc2Nc2ncnc3ccc(-c4ccccc4)cc23)cc1)c1ccccc1,0.196197823,2.196531432,0.38,0.33,535.607,7.545
COc1ccccc1Nc1cc(Nc2cccc(Br)c2)ncn1,0.678850222,2.067097063,0.3,0.43,371.238,4.7349
COc1cccc(-c2cncc(Nc3cccc(CN4CCCC4)n3)c2)c1,0.701718315,2.197150962,0.24,0.11,360.461,4.4916
O=C1NC(=O)C(=Cc2ccc(N3CCC(NC(=O)c4ccc(F)cc4)CC3)cc2)C1=O,0.339979652,2.337646536,0.17,0.11,421.428,1.8334
COC(=O)c1ccc(NC(=O)Nc2ccc(-c3cccc4cnc(Nc5ccccc5)nc34)cc2)cc1,0.236125038,2.211048227,0.52,0.47,489.535,6.471
Cc1cc(Cl)ccc1CNc1nc(Nc2cc(C3CC3)[nH]n2)nc(NC2CCC(C(C)(C)O)CC2)n1,0.254308412,3.000496928,0.23,0.12,511.074,5.53122
COc1ccc(C2=NNC(=O)C2=NNc2cccc(Br)c2)cc1,0.809775396,2.533314598,0.83,0.04,373.21,2.7597
COc1ccc(-c2nc(-c3cccc4ccccc34)no2)cc1OC,0.547573439,1.902143333,0.06,0.01,332.359,4.574
CC(C)C(NC(=O)Cn1c(-c2ccccc2)ccc(NC(=O)OCc2ccccc2)c1=O)C(=O)C(F)(F)F,0.423582447,2.968328269,0.01,0.03,529.515,4.5362
COc1ccc(-c2ccc(C(=O)Nc3ccc4c(c3)C3(CCCNC3=O)CC4)cc2)cc1,0.635021465,3.227548529,0.11,0.03,426.516,4.7085
COc1ccc(Nc2nccc(Nc3ccccc3)n2)cc1OC,0.715251269,1.900155002,0.79,0.51,322.368,3.981
COc1ccc(-n2nc(C(C)(C)C)cc2NC(=O)Nc2cccc3ccccc23)cc1,0.431848488,2.129743389,0.58,0.03,414.509,5.9756
COc1ccc2ncnc(Nc3ccc(NC(=O)Nc4cccc(Cl)c4)cc3)c2c1,0.387030351,2.01443955,0.45,0.28,419.872,5.6794
O=C(O)CCCC=CCC1C(O)CC=C1c1ccccc1,0.593918786,3.302883819,0.02,0.04,286.371,3.652
Cc1ccc(C(=O)Nc2cc(C(=O)Nc3ccccc3N)ccc2Nc2cc(-c3cccc(C(=O)O)c3)no2)cc1,0.144025484,2.508122933,0.08,0.1,547.571,6.17862
CCN(CC)C(=O)CNC(=O)c1ccc(-c2cnc3ccccn23)cc1,0.743015566,2.214119094,0.11,0.01,350.422,2.5995
CN(C)C(=O)c1ccc(-c2noc(C(F)(F)F)n2)cc1,0.85006324,2.185959385,0.07,0.02,285.225,2.4572
COc1ccc(-c2nc(-c3cccc4ccccc34)on2)cc1OC,0.547573439,1.889378317,0.04,0.01,332.359,4.574
COc1ccc(-c2ccc3ccccc3c2)cc1C(=O)NC1CCC(N)CC1,0.705857875,2.057152844,0.05,0.08,374.484,4.5151
Cc1cccc(-c2nc(Nc3ccc(N4CCOCC4)cc3)ccc2Nc2ncccc2-n2ccnc2)c1,0.283573438,2.747577492,0.2,0.4,503.61,5.96152
COc1ccc(-c2ccc(C(=O)Nc3ccccc3CN3CCCCC3)cc2)cc1,0.585487375,1.799810222,0,0.01,400.522,5.6004
CN1CCN(c2ccc(Nc3ncc(Cl)c(Nc4ccccc4S(=O)(=O)C(C)C)n3)cc2)CC1,0.487941652,2.480579169,0.75,0.74,501.056,4.5511
Cc1ccc(-c2ccc(Nc3cc(N4CCN(C)CC4)nc(Nc4cc(C(=O)O)ccn4)n3)cc2)cc1,0.333734867,2.480923185,0.25,0.35,495.587,4.78422
CN(C)C(=O)c1ccc2c(c1)nc(Nc1cccc(C(F)(F)F)c1)n2C1CCCCC1,0.551844662,2.421302643,0.1,0.1,430.474,6.0057
COc1cccc(-c2nc(Nc3ccc(N4CCOCC4)cc3)[nH]n2)c1,0.735797376,2.258778141,0.34,0.27,351.41,3.0605
O=C(O)CCCNC(=O)c1ccc(-c2ccccc2)cc1,0.800947419,1.500685159,0.04,0.01,283.327,2.9482
Cc1ccc(C(=O)Nc2cccc(C(C)(C)C)c2)cc1Nc1ncnc2cnc(Nc3ccc(N4CCCCC4)cc3)nc12,0.17762436,2.683822893,0.45,0.45,586.744,7.75552
CCCCCCCCCCCCCCCC(=O)Nc1c(OC)ccc2ccccc12,0.282219348,2.053533449,0,0.02,411.63,8.2682
COc1ccc(Nc2ncc(-c3cccnc3)cc2Nc2cc(N3CCCCC3)ncn2)cc1,0.383508669,2.509060605,0.42,0.42,453.55,5.4197
COc1ccc(-c2nc(-c3ccc(OC)cc3)c(-c3ccc(Cl)cc3)[nH]2)cc1,0.448752871,1.941961391,0.3,0.08,390.87,6.0813
O=C(Nc1ccccc1)N1CC=C(c2ccccc2)CC1,0.884164784,1.831643372,0.02,0.02,278.355,4.0078
O=C(Nc1nc(-c2ccccc2)nc2ccccc12)C1CC1,0.800465051,1.815849799,0.17,0.02,289.338,3.6453
COc1ccc(NC(=O)c2ccc(Cl)c(Nc3ncnc4cnc(N5CCN(CCCO)CC5)nc34)c2)cc1C(F)(F)F,0.245371695,2.822599849,0.25,0.28,617.032,4.6009
COc1ccc(-c2nc(Nc3ccccc3)nc(N)n2)cc1,0.768943692,1.845301001,0.17,0.12,293.33,2.873
O=C(Nc1ccc(C(=O)Nc2ccccc2-c2ccccc2)cc1)c1ccccc1,0.446971306,1.604313543,0.01,0.02,392.458,5.8582
COc1ccc(-n2nc3c(c2Nc2ccccc2)CCC3)cc1,0.788043808,2.073166244,0.04,0.06,305.381,4.1132
Nc1ncc(-c2ccccc2)cc1-c1ncccc1Cl,0.77092346,2.047927466,0.25,0.21,281.746,4.0462
Cc1cccc(C(=O)Nc2ccc(-c3nc(N4CCOCC4)c4ncccc4n3)cc2)c1,0.530529592,2.217741284,0.08,0.07,425.492,4.08912
COc1ccc(NS(=O)(=O)c2ccc(-c3ccc(N)cc3)cc2)cc1OC,0.631749052,1.822981427,0.08,0.02,384.457,3.7538
CC(=O)Nc1cc(Nc2ccc(NC(=O)c3ccccc3)cc2)ncn1,0.656993368,1.928275028,0.18,0.38,347.378,3.4309
O=C(Nc1ccc(Cl)c(C(=O)Nc2ccccc2Nc2ccc3ccccc3c2)n1)C1CC1,0.320762443,2.213297078,0.09,0.16,456.933,6.2326
Cc1ccc(Nc2nccc(Nc3ccc(N4CCOCC4)cc3)n2)cc1,0.713093541,2.082811154,0.5,0.44,361.449,4.10882
CC(=O)Nc1ccc(S(=O)(=O)Nc2ccccc2)cc1,0.907810826,1.514216894,0,0,290.344,2.4458
COc1ccc(CNc2nc(Nc3ccccc3)ccc2O)cc1,0.636225566,1.937399178,0.13,0.07,321.38,4.1515
CC(C)(C)CCC(=O)Nc1nc(-c2ccccc2)nc(NC(=O)Cc2ccccc2)n1,0.590530428,2.254037795,0.04,0.03,417.513,4.4846
COc1ccc(NC(=O)Nc2ccc(-c3nc(N4CCOCC4)c4ncccc4n3)cc2)cc1,0.464486894,2.2608594,0.14,0.12,456.506,4.181
CC(C)c1ccc(NC(=O)Nc2ccc(Oc3ccnc(Nc4cccc(N5CCOCC5)c4)c3)cc2)cc1,0.225971865,2.38472827,0.15,0.34,523.637,7.2215
Cc1ccc(-c2cc(-c3ccccc3)c(-c3ccc(OC(F)(F)F)cc3)o2)cc1,0.357770878,2.14474203,0.06,0.01,394.392,7.48762
CC(=O)c1ccc(Nc2ccc3nc(-c4ccccc4)n(CC(=O)NCC)c3n2)cc1,0.443826496,2.253370255,0.05,0.05,413.481,4.1806
Fc1ccc(Nc2nccc(-c3cnc4ccccn34)n2)cc1,0.627185795,2.22750199,0.79,0.61,305.316,3.674
COc1ccc(-c2nc(-c3ccncc3)c(-c3ccc(C(=O)Nc4ccccc4)cc3)[nH]2)cc1,0.331907488,2.123079092,0.28,0.21,446.51,6.0666
CN(C)CCCC(=O)Nc1ccc(-c2nc3c(c(Nc4ccc(C(=O)O)cc4)n2)CCC3)cc1,0.436472064,2.340776017,0.12,0.07,459.55,4.3544
O=C(NC1CCC(CCN2CCC(c3cccc4ccccc34)CC2)CC1)c1ccc(F)cc1,0.45498673,2.222902939,0.04,0.04,458.621,6.5372
Cc1cc(Nc2ccc(C(=O)Nc3ccccc3N)cc2)n[nH]1,0.556072156,1.991657255,0.23,0.31,307.357,3.29622
COc1cc(CNC(=O)C(C)NC(=O)c2ccc(-c3ccccc3)cc2)ccc1OC,0.583353416,2.251173208,0,0,418.493,3.8055
COc1cccc(-c2ccc(C(=O)Nc3ccccc3N)cn2)c1,0.720442206,1.815809393,0.22,0.04,319.364,3.5917
COc1ccc(-c2nc(Nc3cccc(N4CCOCC4)n3)cc(NC(=O)C=CCN)c2)cc1,0.439295777,2.709056617,0.12,0.1,460.538,3.1858
O=C1Cc2ccccc2N1C1CCN(Cc2ccccc2)CC1,0.868929618,1.957188416,0,0,306.409,3.2403
COc1ccc(-c2ccc(C(=O)Nc3ccc4c(c3)CCC(c3ccccc3)O4)cc2)cc1,0.380281664,2.456788208,0.04,0.01,435.523,6.6808
CC(=O)c1cnc2ccc(-c3ccc(F)c(Cl)c3)nc2n1,0.67743468,2.356538536,0.16,0.18,301.708,3.6869
Nc1ncnc2sc3c(c12)CCCC3,0.716622487,2.285132368,0.35,0.07,205.286,2.1523
CC(C)(C)c1ccc(NC(=O)Nc2ccc(Oc3ccnc(Nc4ccc(N5CCCC5)cc4)c3)nc2)cc1,0.232042632,2.475959494,0.22,0.4,522.653,7.5542
N#Cc1cc(-c2cnc(Nc3cccc(N4CCOCC4)c3)cn2)ccc1O,0.724438935,2.486477151,0.33,0.3,373.416,3.30108
CCCCCCCCCCCCCCCCCCCCCCN1CC(=O)Nc2c(OC)c(OC)cc(OC)c21,0.130916331,2.772227265,0.08,0.02,546.837,9.2928
O=C(Nc1cccc(CN2CCC(C(O)=NC3CCCCC3)CC2)c1)c1ccc(Cl)cc1,0.41028931,2.394867946,0.01,0,454.014,6.0935
Cc1cccc(Nc2ccc(Nc3ccccc3NS(=O)(=O)C(C)C)cc2)n1,0.521785084,2.218112121,0.1,0.16,396.516,5.02732
COc1ccc(C(=O)Cn2c(=O)ccc3cc(OCc4ccccc4)ccc32)cc1,0.430343788,1.969538224,0.01,0.06,399.446,4.472
O=C(Nc1ccc(C(=O)N2CCCCc3ccccc32)cc1)c1ccccc1Cl,0.619434071,1.861732504,0,0.02,404.897,5.5754
COc1ccc(C(=O)Nc2cccc3ccc(S(N)(=O)=O)cc23)cc1OC,0.700970861,1.903561039,0.02,0.05,386.429,2.7567
CC(C)C(NC(=O)Cn1c(-c2ccc3ccccc3c2)nnc1N)C(=O)c1nc2ccccc2s1,0.332603256,3.075567903,0.01,0.05,484.585,4.3139
CCc1cc(CNc2cc(OC)cc(-c3cccc(N4CCOCC4)c3)n2)cc(OC)c1OC,0.489637607,2.470290983,0.05,0.05,463.578,4.7855
COc1ccc(CNC(=O)c2ccc(-c3nnc(C(C)(C)C)o3)cc2)cc1OC,0.679320244,2.112442699,0.07,0,395.459,3.9813
COc1ccc(-c2nc(-c3cccc4ccccc34)[nH]c2-c2ccccc2)cc1,0.384967138,1.980782095,0.41,0.06,376.459,6.5725
OCc1cccc(-c2ccc(-c3ccccc3)cc2)n1,0.775110926,1.684557777,0.14,0.04,261.324,3.9079
O=C1c2cccc3ccnc(c23)CCN1C1CCN(Cc2ccccc2)CC1,0.700641996,2.328014959,0.11,0.05,371.484,3.8977
O=C1CSc2ccccc2N1C1CCN(C2CCCCC2)CC1,0.820914268,2.348132533,0.04,0,330.497,3.9224
Cc1ccc(S(=O)(=O)Nc2ccc(Cl)c3c2N=C(c2ccccc2)C3=O)cc1,0.672852518,2.381438898,0.05,0.02,410.882,4.76632
O=C(NCCc1ccccc1)c1ccccc1Nc1ccc(Nc2ccccn2)cc1,0.358028868,1.927772265,0.15,0.27,408.505,5.5413
Cn1c(=O)cc(Nc2ccc(Nc3ncccc3N3CCOCC3)nc2)cn1,0.693728236,2.683710547,0.13,0.15,379.424,1.8941
COc1ccc(C=NNc2nc(Nc3ccccc3)nc(Nc3ccccc3)n2)cc1,0.28265671,2.159447015,0.05,0.08,411.469,4.8134
O=C(Nc1ccc(Cl)cc1)c1ccc(-c2nnc(-c3ccccc3)o2)cc1,0.524521781,1.756733946,0.03,0,375.815,5.3093
CC(C)C(NC(=O)Cn1ccc2ccccc21)C(=O)NC(C=O)Cc1ccccc1,0.537366928,2.985362467,0,0.04,405.498,2.7085
Cc1ccc(C(=O)Nc2ccc(CN3CCC(N4CCCCC4)CC3)cc2)cc1,0.802567392,1.89261189,0,0.02,391.559,4.69762
COc1ccc(CNC(=O)Nc2ccc(-c3nc(N4CCOCC4)c4ncccc4n3)cc2)cc1,0.441243551,2.307004877,0.13,0.05,470.533,3.8587
CNC(=O)c1ccc(-c2nc(Nc3ccc(N4CCOCC4)cc3)oc2N)cc1,0.611958616,2.448507779,0.19,0.21,393.447,2.8636
CN(C)C(=O)c1cc(C(=O)O)ccc1Nc1ccc(Nc2ccccc2N)cc1,0.470958046,2.105885434,0.06,0.07,390.443,4.156
COc1ccc(Nc2ncc(Nc3ccccc3)cc2-c2nc(C)nc(N)n2)cc1,0.439534106,2.335676685,0.24,0.24,399.458,4.32002
O=C(Nc1ccc(C(=O)N2CCCC2)cc1)c1ccc(-c2cccc(C(F)(F)F)c2)cc1,0.554688826,1.911431227,0.07,0.07,438.449,5.8607
O=C(Nc1ccccc1Cl)Nc1ccc(C(=O)Nc2ccccc2Nc2cccc3cnccc23)cc1,0.190889582,2.19433156,0.19,0.24,507.981,7.5281
CN(C)CC(=O)Nc1cccc(-c2nc(Nc3ccc4c(c3)CCC(c3ccccc3)O4)sn2)c1,0.3591034,3.028835233,0.04,0.06,485.613,5.5151
NC1CCC(Nc2cc(-c3cccc(NC4CCOCC4)n3)ccn2)CC1,0.750820711,2.602651154,0.43,0.6,367.497,3.4163
Cc1cc(C)c(NC(=O)c2ccc(-c3ccccc3)cc2)[nH]1,0.729906156,2.018351929,0.13,0.02,290.366,4.55084
O=C(Nc1ccc(Cl)cc1)c1ccccc1Nc1ccc2c(c1)CCc1ccccc1-2,0.366439237,1.992010382,0.07,0.12,424.931,7.1015
COc1cc(-c2ccc3c(c2)Nc2ccccc2NC3=O)cc(OC)c1OC,0.691414487,2.239474852,0.9,0.13,376.412,4.6887
CN1CCC(c2c[nH]c3ccc(Nc4nccc(-c5ccccn5)n4)cc23)CC1,0.539216032,2.464714832,0.71,0.38,384.487,4.5727
COc1ccc(-c2ccc3c(N4CCOCC4C)nc(Nc4ccccc4)nc3n2)cc1,0.496173632,2.846133062,0.18,0.17,427.508,4.6691
COc1ccc(-c2ccc3c(c2)Nc2ccccc2N(c2ccccc2)CC3)cc1,0.414841575,2.082099443,0.2,0,392.502,6.8
Cc1cccc(N2CCN(CCCCCC(=O)Nc3ccc(-c4ccccc4)cc3)CC2)c1,0.414805732,1.938620744,0.04,0.01,441.619,5.98312
COc1ccc(Nc2ncc(C(=O)Nc3ccccc3N3CCCCC3)nn2)cc1,0.644251731,2.228482424,0.35,0.31,404.474,3.8664
COc1ccc(-c2nn(C(=O)c3ccccc3)c3ccccc23)cc1,0.559718133,1.877599603,0.03,0.02,328.371,4.4004
O=C1NC(=O)C(=Cc2ccc(-c3ccccc3)cc2)S1,0.854122807,1.941004124,0.58,0.23,281.336,3.6775
COc1ccc(-c2ccc3c(c2)Nc2ccccc2NC3=O)cc1,0.722008455,2.006317419,0.79,0.06,316.36,4.6715
COc1ccc(-c2nc(-c3cccc4ccccc34)[nH]n2)cc1,0.613512575,1.925132533,0.27,0.03,301.349,4.3005
COc1ccc(-c2ccc(C(=O)Nc3ccc(OC(C)C)cc3)cc2NC(=O)CC)cc1,0.475118637,1.966946358,0.02,0.03,432.52,5.7502
CNC(=O)c1ccc2cc(-c3ccccc3)c(-c3ccc(C4(N)CCC4)cc3)n2n1,0.538118741,2.644191385,0.12,0.1,396.494,4.3658
CCCOc1ccc(-c2cccc(-c3c(C)ccc(Nc4cc(C5CC5)n[nH]4)n3)c2)cc1,0.324355863,2.61590467,0.41,0.16,424.548,6.85692
CC(=O)Nc1ccc(CNc2nc(Nc3ccccc3)ncc2Br)cc1,0.553656539,2.024324874,0.51,0.24,412.291,4.5532
Cc1ccc(-c2ccc(C(=O)Nc3cccc(C(F)(F)F)c3)cc2N=C(O)c2cnn3cccnc23)cc1,0.20349282,2.734785967,0.19,0.1,515.495,6.61212
Cc1ccc(-c2noc(C(=O)Nc3ccc(N4CCC(C(=O)O)CC4)nc3)n2)cc1,0.661950001,2.30805507,0.13,0.02,407.43,2.99332
CNC(=O)c1ccc(-c2nc(Nc3ccccc3)nc(N3CCCCC3)n2)cc1,0.69444967,2.104653519,0.04,0.1,388.475,3.6321
Cc1cc(C(=O)c2ccccc2)cc(C(=O)Nc2ccn(C)n2)c1,0.751062814,2.027029637,0.04,0.01,319.364,3.21182
COc1cccc(-c2nn(C(C)C)c3ncccc23)c1,0.726285356,2.125744945,0.25,0.01,267.332,3.6878
COc1ccc(-n2nc(C(N)=O)c3c2-c2cc(NC(=O)c4ccccc4)ccc2CC3)cc1,0.49199066,2.254807847,0.08,0.01,438.487,3.9977
CCOc1ccc(Cc2cnc(N)nc2N)cc1,0.853128665,2.012098684,0.22,0.18,244.298,1.6305
COc1ccc(-c2cnc(Nc3cccc(CN4CC(C)CC4=O)c3)nc2)cc1,0.683220514,2.695052058,0.28,0.15,388.471,4.2642
O=C1NC(=O)C(=Cc2ccc(-c3ccccc3)cc2)S1,0.854122807,1.941004124,0.58,0.23,281.336,3.6775
CNC(=O)c1cccc(-c2cnc3cccc(Nc4cccc(NC(=O)CCN)c4)nc32)c1,0.348054468,2.432981612,0.32,0.37,440.507,3.6389
Cc1ccc(-c2nc(NC(=O)Nc3ccccc3)sc2N)cc1,0.670001522,1.970657255,0.23,0.03,324.409,4.34472
COc1ccc(-c2cccc(N3Cc4ccccc4C3=O)c2)cc1,0.710828647,1.839823353,0.03,0.02,315.372,4.5226
COc1ccc(CNC(=O)c2ccc(-c3cccc(N)c3)cc2)cc1OC,0.652758199,1.766832056,0.07,0.01,362.429,3.883
COc1ccc(-c2nc(Nc3ccccc3)n(-c3ccccc3)n2)cc1,0.571711281,1.952851867,0.15,0.26,342.402,4.6865
COc1ccc(-c2ccc(Nc3ccc(C4CNCCO4)cc3)nc2)cc1,0.714563157,2.646093456,0.36,0.31,361.445,4.1617
Cc1ccc(C(=O)Nc2ccc(CN3CCC(C(O)=NC4CCCCC4)CC3)cc2)cc1,0.450344853,2.346375142,0.02,0.01,433.596,5.74852
Cc1ccc(-c2nc(-c3ccc(O)cc3)c3n2CC(C)OCC3)cc1,0.764166403,2.954123538,0.05,0,334.419,4.19232
CCCCCCCCCCCCCCCOC(=O)Cc1c(O)ccc2ccccc12,0.226617265,2.183637958,0.02,0.01,412.614,7.7223
COc1ccc(-c2nc(-c3ccccc3)n(-c3ccccc3)n2)cc1OC,0.522926179,1.885008922,0.07,0.02,357.413,4.6185
COc1ccc(-c2nc(Nc3ccc(N4CCOCC4)cc3)ncc2-c2ccncc2)cc1,0.462848804,2.274268832,0.5,0.68,439.519,4.7944
COc1ccc(-n2nc(C(C)(C)C)cc2NC(=O)Nc2ccc(Oc3ccnc(Nc4cccc(C(N)=O)c4)n3)cc2)cc1,0.156394727,2.678685956,0.39,0.25,592.66,6.2472
COc1ccc2ccccc2c1N1CCN(C)CC1,0.821166955,1.857689223,0,0,256.349,2.6002
COc1ccc(Nc2ncc(-c3ccccn3)s2)cc1,0.787046723,2.010449303,0.17,0.26,283.356,3.9573
O=C(Nc1ccc(Cl)c(C(F)(F)F)c1)Nc1ccc(Cl)c(-c2cncnc2Nc2ccccc2)c1,0.251438142,2.418305671,0.42,0.37,518.326,7.8568
COc1ccc(-c2nc(-c3cccc4ccccc34)[nH]c2-c2ccccc2)cc1,0.384967138,1.980782095,0.41,0.06,376.459,6.5725
O=C(Nc1cccc(CN2CCC(C(O)=NC3CCCCC3)CC2)c1)c1ccc(F)cc1,0.458039995,2.398712115,0.01,0,437.559,5.5792
COc1ccc(-c2cnc(N)c(C(=O)Nc3ccc(N4CCOCC4)cc3)n2)cc1,0.672768474,2.158843794,0.6,0.1,405.458,2.8233
O=C1NC(=O)C(=Cc2ccc(-c3ccc(Cl)cc3)o2)S1,0.854211213,2.266876119,0.45,0.24,305.742,3.9239
O=C1NC(=O)C(=Cc2ccc(-c3ccc(Cl)cc3)c(Cl)c2)S1,0.77690595,2.178911447,0.66,0.29,350.226,4.9843
COc1cc2ncnc(Nc3cccc(Cl)c3Cl)c2cc1OC,0.73931999,2.074000365,0.57,0.35,350.205,4.6974
O=C1CC(=O)NC(=Cc2ccc(-c3ccc(F)cc3)cc2)O1,0.684767087,2.565055225,0.22,0.09,297.285,2.8542
Cc1cc(-c2cccc3c2C(=O)C=C(C(=O)O)CC3)c(F)cn1,0.923430599,2.710171023,0.06,0.07,311.312,3.33602
Cc1cc(-c2cccs2)cc(OCCCOCCCCCCCCCCCCNC(=O)Nc2cccc(C(=O)O)c2)c1O,0.089721577,2.684617563,0.06,0.02,610.817,8.63552
CCOC(=O)CCCC=C(c1ccc(C(=O)Nc2ccc(Cl)cc2)cc1)C(=O)O,0.348559167,2.141516204,0,0.01,415.873,4.7937
CC(C)c1ccc(NC(=O)Nc2ccc(Oc3ccnc(Nc4ccc(N5CCOCC5)cc4)n3)cc2)cc1,0.238212705,2.390344464,0.3,0.32,524.625,6.6165
COc1ccc(-c2noc(-c3ccc(C(=O)Nc4ccccc4CN4CCCC4)cc3)n2)cc1,0.410277744,2.087656477,0.01,0.01,454.53,5.2603
COc1ccc(Nc2nc(Nc3ccccc3)ncc2[S+](C)O)cc1,0.578978851,3.016329307,0.74,0.4,355.443,4.0524
Cc1ccc(-c2ccc(C(=O)Nc3ccccc3N)cc2)nc1N1CCCC1,0.662007849,2.032472502,0.12,0.01,372.472,4.49172
Cc1cccc(-c2nc(-c3ccc4c(c3)OCCN4)c(-c3ccccc3)[nH]2)c1,0.500924758,2.38352469,0.32,0.18,367.452,5.52342
CCN(CC)C(=O)c1ccc(C(=C2CC=CCC=C2c2ccc(OC)c(OC)c2)c2[nH]c3ccc(OC)cc3c2)cc1,0.21062314,3.047763889,0.14,0.04,562.71,7.9112
Cc1cc(Nc2cc(C(F)(F)F)ccn2)nc(-c2ccc(NC3CCNCC3)nc2)c1,0.543515579,2.726569564,0.5,0.33,428.462,4.77332
Cc1ccc(C(=O)Nc2cccc(C(F)(F)F)c2)cc1Nc1ncnc2cnc(NC3CCOCC3)nc21,0.310685576,2.693660173,0.38,0.35,523.519,5.33382
Cc1ccc(C(=O)Nc2cc(C(=O)Nc3ccccc3N3CCC(N)CC3)c(N)nc2N)cc1,0.393081561,2.422459939,0.09,0.06,459.554,2.98652
O=C1NC(=O)C(=Cc2ccc(-c3ccccc3Cl)cc2)S1,0.838937599,2.072025928,0.55,0.22,315.781,4.3309
CC(C)(C)C(=O)Nc1ccc(Cl)c(-n2nc(C(=O)Nc3ccccc3)c(C(=N)O)n2)c1,0.350695196,2.676218817,0.1,0,440.891,4.04097
Cc1cc(-c2n[nH]c3cc(NC(=O)Nc4ccccc4)ncc23)ccn1,0.523798486,2.394950947,0.5,0.29,344.378,3.97232
CN1CCN(c2ccc(-c3cc(Nc4cc(N5CCCCC5)ccn4)sc3C(N)=O)cc2)CC1,0.549332726,2.67618389,0.22,0.36,476.65,4.3947
COc1ccc(-c2ccc(C(=O)Nc3ccc4c(c3)C3(C)CCC(C3)N4)cc2)cc1,0.579504391,3.810995491,0.12,0.05,398.506,5.8502
COc1ccc(-c2nnc(-c3cccc4ccccc34)[nH]2)cc1,0.613512575,2.138226877,0.28,0.03,301.349,4.3005
O=C(O)CCNC(=O)c1ccc(-c2ccc(C(=O)c3ccccc3)cc2)cc1,0.61739627,1.722030237,0.05,0.01,373.408,3.7891
COc1ccc(C(=O)CCNC(=O)c2ccc(Nc3ccccc3)cc2)cc1OC,0.515451087,1.850697289,0.05,0.1,404.466,4.4502
COc1ccc(Nc2ncc(Cl)c(Nc3cc(C4CC4)n[nH]3)n2)cc1,0.612347882,2.612370467,0.64,0.55,356.817,4.2263
Cc1ccc(C(=O)Nc2cc(C(=O)O)ccc2Nc2cc(N3CCOCC3)cc(Nc3cc(C4CC4)[nH]n3)n2)cc1,0.187271347,2.81142899,0.14,0.09,553.623,5.26482
CC(C)(C)c1cn(CC(=O)Nc2ccc(Cl)c(C(F)(F)F)c2)nc1Nc1ccccc1,0.4837269,2.442671667,0.1,0.05,450.892,6.2351
N#CC(Cc1ccc(-c2ccc3c(c2)OCO3)cc1)NC(=O)C1NC2CCC1C2,0.821641353,4.450769561,0.09,0.06,389.455,2.77368
COc1ccc(-c2cccc(C(=O)Nc3ccc(CN4CCOCC4)c4ncncc34)c2)cc1,0.465723861,2.315208323,0.17,0.04,454.53,4.3899
COc1ccc(CNc2ncc(Cl)c(Nc3ccccc3S(=O)(=O)C(C)C)n2)cc1OC,0.458381537,2.403449901,0.55,0.34,476.986,4.685
COc1ccc(-c2nnc(Nc3cccc(NC(=O)C4CC4)c3)n2-c2ccccc2)cc1,0.433795546,2.172190527,0.14,0.16,425.492,5.035
COc1ccc(Nc2ncc(C(=O)Nc3ccc(OC(C)C)cc3)c(N3CCCCC3)n2)cc1,0.473033231,2.230485488,0.38,0.21,461.566,5.2586
Nc1nccc(-c2cnc(Nc3ccc4c(c3)CCC4)cn2)c1,0.775622381,2.408051764,0.31,0.51,303.369,3.3531
COc1cccc(-c2ccccc2N2CCNCC2)c1,0.926110473,1.858549954,0.17,0.04,268.36,2.7718
CC(=O)Nc1ccc(C(=O)Nc2ccc(Cl)c(C(=O)Nc3ccc4c(c3)-c3ccccc3C4=O)c2)cc1,0.269470629,2.127693208,0.01,0,509.949,6.0144
COc1cccc(-c2nn(-c3ccc(S(N)(=O)=O)cc3)c3c(N)ncnc32)c1,0.535191373,2.459562754,0.34,0.08,396.432,1.7207
COc1ccc(Nc2ncc(CNc3ccncc3)cc2-c2nc(C)nc(N)n2)cc1,0.416023409,2.527356011,0.24,0.16,414.473,3.58352
Cc1cc(C)nc(Nc2cc(Nc3ccccc3)cc(Nc3cc(C4CC4)[nH]n3)n2)c1,0.301520116,2.700082165,0.38,0.18,411.513,5.92474
CNC(=O)c1ccccc1Nc1nc(Nc2ccc(N3CCOCC3)cc2)ncc1Cl,0.538551127,2.295662165,0.75,0.82,438.919,3.8134
COc1ccc(C(=O)Cn2ccnc2)cc1,0.731511556,1.87025483,0.04,0,216.24,1.7746
COc1ccc(-c2cnc3ccc(Nc4ccccc4)nc3n2)cc1OC,0.568238672,2.134062671,0.45,0.33,358.401,4.4526
Cc1ccc(-c2nc(-c3ccc(C)c(OC(F)(F)F)c3)n3c2CC(C)OCC3)cc1,0.550070608,3.139134247,0.05,0.02,416.443,5.69374
O=C1Nc2ccc(Cl)cc2C(=O)c2ccncc21,0.671543535,2.215596421,0.5,0.12,258.664,2.0899
COc1ccc(-c2nc(-c3cccc4c3CCC4NC(=O)CO)no2)cc1Cl,0.683534527,2.883824654,0.07,0.02,399.834,3.1614
COc1ccc(N(C)C(=O)c2ccc(-c3cccc4c(N)nccc43)cc2)cc1,0.551150803,2.095716636,0.4,0.08,383.451,4.7692
CN1CCC(N=C(O)c2cc(NC(=O)c3cc(-c4ccccc4)c(Cl)cc3Cl)n(-c3ccccc3)n2)CC1,0.213033131,2.779925522,0.09,0.03,548.474,6.4972
Cc1cc(-c2ccccc2)nc(NC(=O)c2ccc(C(C)(C)C)cc2)c1,0.67108583,1.890390712,0.05,0.01,344.458,5.60682
COc1cc(Cl)ccc1-c1nc(Nc2ccc(N3CCOCC3)cc2)ncc1F,0.661771788,2.284627009,0.43,0.78,414.868,4.5249
COc1ccc(-c2nc(-c3ccc(C)cc3)n(-c3ccccc3)n2)cc1,0.528898312,1.834618963,0.05,0.01,341.414,4.91832
CCC(=O)Nc1ccc(-c2nc(N3CCOCC3)c3cnn(C4CCN(C)CC4)c3n2)cc1,0.640640904,2.571392488,0.11,0.03,449.559,2.9451
COc1ccc(-n2nc(C(C)(C)C)cc2NC(=O)Nc2ccc(Oc3ccnc(Nc4cccc(C(N)=O)c4)n3)cc2)cc1,0.156394727,2.678685956,0.39,0.25,592.66,6.2472
O=C1NC(=O)C(=Cc2ccc(-c3ccc(F)c(Cl)c3)s2)S1,0.817450691,2.54571924,0.37,0.14,339.8,4.5315
COC(=O)c1c(CNC(=O)c2ccc(Cl)cc2)c(=O)c2ccc(F)cc2n1-c1ccccc1,0.441074873,2.286016232,0.01,0.02,464.88,4.4998
CCCCCCCCCCCCC(=O)Nc1nc(-c2ccccc2)cc(-c2ccccc2)n1,0.256315362,2.084984582,0.1,0.03,443.635,8.0601
Cc1cc(-c2ccc(F)cc2)cc(F)c1-n1c(O)nc2ccc(F)cc21,0.542268955,2.429624432,0.23,0.06,354.331,5.12382
Cc1cc(-c2cnc3ccccc3n2)ccn1,0.633680377,1.950573351,0.24,0.25,221.263,3.00022
O=C(CCc1ccccc1)Nc1ccc(-c2nc(N3CCOCC3)c3ccccc3n2)cn1,0.487267479,2.234947168,0.07,0.08,439.519,4.0997
CCc1nc(N)nc(N)c1-c1ccc(NCc2cccc(C(F)(F)F)c2)cc1,0.599666187,2.320257841,0.26,0.04,387.409,4.5013
O=C(Nc1ccc(C(=O)N2CCCCC2)cc1)c1ccc(-c2noc(C(F)(F)F)n2)cc1,0.633795994,2.188559714,0.06,0.02,444.413,4.6338
O=C(NCCc1ccc(F)cc1)c1ccc(-c2cnc(Nc3ccccc3)s2)cc1,0.407612666,2.015807075,0.19,0.18,417.509,5.6653
CCCc1ccc(-c2ccc(S(=O)(=O)Nc3ccc(CCNCC(O)c4cccnc4)cc3)cc2)cc1,0.220813597,2.707087938,0.08,0.02,515.679,5.3676
Cc1cc(Nc2cc(N3CCC(N)CC3)nc(Nc3ccc(C(=O)O)cc3)n2)ccc1O,0.368492474,2.477923027,0.19,0.1,434.5,3.60352
COc1ccc(-c2ccc(C(=O)Nc3ccc(CN4CCC(C(=O)O)CC4)cn3)cc2)cc1,0.563253224,2.051912139,0.08,0.05,445.519,4.3061
COc1cccc(-n2nc(Nc3ccccc3)c3ccccc32)c1,0.588967978,1.908030204,0.16,0.1,315.376,4.7777
CN1CCC(N=C(O)c2cc(NC(=O)c3cc(-c4ccccn4)c(F)cc3Cl)n(-c3ccccc3)n2)CC1,0.2567151,2.904067089,0.13,0.05,533.007,5.3779
O=C(NC1CCC(CCN2CCC(c3coc4ccccc34)CC2)CC1)c1ccc(Cl)cc1,0.444088985,2.37902122,0.02,0,465.037,6.6445
COc1ccc(-c2nc(Nc3ccccc3)ncc2-c2nc(C)nc(N)n2)cc1,0.53545732,2.299439097,0.36,0.39,385.431,3.63842
O=C1NC(=O)C(=Cc2ccc(OCCCc3ccc([N+](=O)[O-])cc3)cc2)C1=O,0.149751738,2.299729064,0.18,0.09,380.356,2.2153
Cc1ccc(-n2nc(C(C)(C)C)cc2NC(=O)Nc2ccc(Oc3ccnc(Nc4cccc(C(F)(F)F)c4)n3)cc2)CC1,0.195052133,3.143476936,0.38,0.2,603.649,8.7503
COc1cc(Nc2nccc(Nc3cc(C4CC4)n[nH]3)n2)cc(OC)c1OC,0.542642389,2.740465045,0.69,0.27,382.424,3.5901
CCCCCCCCCCCCCCCCCCC(=O)c1n[nH]c2c1C(=O)N(c1ccc(F)cc1C)C2=O,0.113196791,2.797811608,0.12,0.05,525.709,8.49212
CN(C)C1(c2ccccc2)CCC(c2ccccc2)(N(C)C)CC1,0.818981926,2.374268106,0,0,322.496,4.4746
COc1ccc(C(=O)Nc2ccc(C(=O)O)cc2NC(=O)c2ccc(-c3ccccc3)cc2)cc1,0.330519136,1.884110524,0,0.01,466.493,5.565
CN(C)CCC(=O)Nc1ccc(-c2cnc3nnn(C)c3n2)cc1,0.760798966,2.438368324,0.08,0.03,325.376,1.3155
COc1ccc(-n2nc(C(N)=O)c3c2-c2cc(NC(=O)c4ccccc4)ccc2CC3)cc1,0.49199066,2.254807847,0.08,0.01,438.487,3.9977
COc1ccc(-c2nc(C(=O)Nc3cnccc3N3CCC(N)CC3)cs2)cc1,0.67090461,2.355318218,0.19,0.03,409.515,3.3935
CC(C)c1cccc(C(C)C)c1NC(=O)Nc1ccc(Cl)cc1,0.684928961,1.867922191,0,0,330.859,6.2308
Cn1ncc(NC(=O)c2nc(-c3ccccc3)sc2N)c1N1CCCC(N)CC1,0.607963496,3.100903859,0.15,0.04,411.535,2.6957
COc1ccc(CN2C(=O)C(=Cc3ccc(N)c(Br)c3)C2=O)cc1,0.379010797,2.137509727,0.06,0.01,387.233,2.9923
CCN(CC)CCCOc1ccc(Nc2nccc(-c3cnc(Nc4ccccc4)nc3)n2)cc1,0.261870734,2.402771867,0.75,0.47,469.593,5.5315
CCOc1ccc(-c2ccc(-c3cc(C(=O)O)ccc3OC)cc2)cc1,0.671108417,1.711383959,0.02,0,348.398,5.1261
COc1ccc(-c2ccc3cnccc3c2N2CCN(C(=O)CN)CC2)cc1,0.757570652,2.278503271,0.35,0.09,376.46,2.5177
CCC(=O)c1ccc(OCc2cccc(F)c2)cc1,0.757663641,1.616813046,0,0.01,258.292,3.9974
COc1ccc(CCNC(=O)c2ccc(-c3noc(C)c3-c3ccncc3)cc2)cc1,0.475463809,2.128323704,0.26,0.02,413.477,4.69312
CC(=O)c1cnc(Nc2ccc(N3CCCCC3)cc2)nc1Nc1ccc(C(=O)Nc2nc(C)sc2C)cc1,0.217296805,2.701443749,0.42,0.34,541.681,6.48234
O=C(NC1CCCCC1)c1ccc2cnc(Nc3ccc(N4CCOCC4)cc3)nc2n1,0.635478443,2.456014536,0.45,0.48,432.528,3.6675
COc1ccc(Nc2ncc(C(N)=O)c(Nc3cc(C4CC4)n[nH]3)n2)cc1,0.506050107,2.645275213,0.58,0.47,365.397,2.6718
Nc1nccc(-c2cccnc2)c1-c1nc2ccccc2s1,0.607615518,2.264438623,0.36,0.06,304.378,4.0025
COc1ccc(CNC(=O)c2ccc(-c3nnc(C(C)(C)C)s3)cc2)cc1OC,0.648693632,2.150946973,0.03,0,411.527,4.4498
COc1cccc(CNc2ccc(-c3cccc(C(=O)O)c3)cc2)c1,0.68792655,1.698999313,0.1,0.03,333.387,4.6725
COc1ccc(-c2ccc3c(c2)Nc2ccc(C(=O)O)cc2NC3=O)cc1,0.64548708,2.154571117,0.63,0.06,360.369,4.3697
Nc1ncc(-c2ccncc2)cc1NC(=O)c1ccc(CNC(=O)C2CCC2)cc1,0.586378764,2.193082083,0.3,0.09,401.47,3.3944
COc1ccc(-c2nc(Nc3ccccc3)nc(N)n2)cc1,0.768943692,1.845301001,0.17,0.12,293.33,2.873
CC(C)(C)C(=O)c1cnc(Nc2ccc(N3CCOCC3)cc2)nc1Nc1ccccc1,0.530039298,2.360429134,0.67,0.58,431.54,5.0292
CC(=O)NC(C)c1ccc(OC2CCN(c3ccnc(N4CCCC4)n3)C2)cc1,0.810989978,3.095127868,0.09,0.09,395.507,2.9316
O=C1NC(=O)C(=Cc2ccc(-c3ccccc3)cc2)S1,0.854122807,1.941004124,0.58,0.23,281.336,3.6775
CN(C)CCCNC(=O)c1ccc2c(c1)c1c(n2C)CCc2cnc(-c3ccccc3)nc21,0.459984078,2.599199588,0.08,0.04,439.563,4.0824
CN(C)CC(=O)c1ccc(Nc2nccc(Nc3ccccc3S(=O)(=O)C(C)C)n2)cc1,0.470389574,2.486352581,0.59,0.41,453.568,3.8902
COc1ccc(-c2nc(Nc3cccc(N4CCOCC4)c3)n3ncccc23)cc1,0.545679661,2.393253635,0.22,0.15,401.47,3.9851
COc1ccc(-c2nn(C(C)C)c3ncnc(N)c23)cc1,0.799076033,2.262234494,0.62,0.2,283.335,2.665
COc1ccc(-n2nc(C(N)=O)c3c2-c2cc(NC(=O)c4ccccc4Cl)ccc2CC3)cc1,0.441247516,2.33600409,0.08,0.04,472.932,4.6511
CCc1ccc(-c2cccc3c(N4CCOCC4C)nc(N4CCOCC4)nc23)cc1,0.640139707,2.949896884,0.04,0.06,418.541,3.9209
CC(=O)c1ccc(-c2ccc3nccc(Nc4cccc5[nH]ncc45)c3n2)cc1,0.42354379,2.389410261,0.42,0.22,379.423,5.1193
COc1ccc(CNc2nc(N3CCOCC3)nc(Nc3cc(C(=O)O)ccn3)c2)cc1,0.485779365,2.452235688,0.11,0.2,436.472,2.7707
O=C(Nc1ccccc1)c1ccccc1Nc1nc(Nc2cccc(Nc3ccccn3)c2)n[nH]1,0.20110647,2.398130187,0.34,0.3,462.517,5.6828
O=C(Nc1ccc(Cl)cc1)c1ccc(-c2nnc(Nc3cccc4ccccc34)[nH]2)cc1,0.300947013,2.290549958,0.18,0.12,439.906,6.2742
COc1ccc(-c2nc(-c3cccc4ccccc34)sc2N)cc1,0.559256485,2.022651925,0.14,0.03,332.428,5.2211
CC(=O)NC(C)c1ccc(CN2CCc3cc(OC)c(OC)cc3C2)cc1,0.848379309,2.489123162,0,0,368.477,3.4592
COc1ccc(-c2cccc(C3=Nc4c(nccc4C(F)(F)F)CC3)c2)cc1,0.570045419,2.573248506,0.21,0.09,382.385,5.843
O=C1NC(=O)C(=Cc2ccc(-c3ccc(Cl)cc3)c(Cl)c2)S1,0.77690595,2.178911447,0.66,0.29,350.226,4.9843
COc1ccc(C(=O)Nc2cccc(C(=O)O)c2)cc1,0.895923249,1.408580631,0,0,271.272,2.6457
CC(=O)Nc1cc(Nc2cc(Nc3ccc(N4CCOCC4)cc3)ncn2)ncn1,0.567498063,2.522719487,0.23,0.45,406.45,2.5488
CN(C)C(=O)c1cc2cnc(Nc3ccc(N4CCOCC4)cc3)nc2n1C1CCCC1,0.657869995,2.567873405,0.44,0.65,434.544,3.8284
COc1ccc(CC(=O)O)cc1-c1ccc(F)c2c1CN(C(=O)OCc1ccccc1)CC2,0.583818403,2.376127134,0.01,0,449.478,4.8233
COc1ccc(-c2nc(Nc3ccccc3)nc(N)n2)cc1,0.768943692,1.845301001,0.17,0.12,293.33,2.873
COc1ccc(-c2nc(N3CCOCC3)c3cccnc3n2)cc1,0.738370287,2.130118611,0.15,0.04,322.368,2.537
COc1ccc(-n2nc(Nc3ccc(N4CCOCC4)cc3)cc2N=C(O)c2cnn3cccnc23)cc1,0.248079493,2.994189264,0.18,0.36,510.558,4.1401
CC(C)(C)C(=O)CN1C(=O)N(c2cccc(C(F)(F)F)c2)C2=C(C(=O)CC2)C1c1ccc(C#N)cc1,0.537531304,3.372330824,0.04,0,495.501,5.79258
Nc1nccc(-c2cccnc2)c1NC(=O)c1ccc(Cl)cc1,0.770490067,2.097039074,0.3,0.06,324.771,3.6315
COc1ccc(-c2ccc(OC(C)C)c(Nc3ncnc4cnc(N5CCOCC5)nc34)c2)cc1,0.418135782,2.56984257,0.25,0.21,472.549,4.4628
COc1ccc(-c2ccc(C(=O)Nc3cccc(CNc4cccc(N=C(O)CC(C)C)c4)n3)cc2)cc1,0.154790203,2.569740907,0.07,0.03,508.622,7.2557
CN1CCC(n2cc(Nc3ncc(C(F)(F)F)c(Nc4ccccc4S(=O)(=O)C(C)C)n3)cc2C(=O)O)CC1,0.347496199,3.037725451,0.6,0.35,566.606,4.9311
CS(=O)(=O)c1ccc(-c2nc(-c3cccc4ccccc34)[nH]c2-c2ccccc2)cc1,0.38668996,2.128966781,0.28,0.08,424.525,5.9674
COc1ccc(CNc2nc(NCCc3ccccc3)ncc2[N+](=O)[O-])cc1,0.431930918,2.123699852,0.52,0.11,379.42,3.6601
Cc1cc(C)c(-c2ccc(C(=O)Nc3ccc(C(=O)O)cc3)cc2)o1,0.734770557,1.991313214,0.03,0.02,335.359,4.51394
COc1ccc(CNc2nc(Nc3cc(C4CC4)[nH]n3)cc(OC)n2)cc1,0.561635329,2.494211761,0.2,0.08,366.425,3.45
COc1ccc(C(=O)Nc2ccc(Cl)c(C(=O)Nc3ccccc3N)c2)cc1,0.556688966,1.758307642,0.04,0.02,395.846,4.4354
CCCCCCCCCCCCCCCCCCCC(=O)OCC(=O)Nc1c(C(C)C)cccc1C(C)=O,0.086986953,2.451603832,0.01,0.02,529.806,9.536
O=C(Nc1ccccc1)c1cccc(-c2nnc3ccccn23)c1,0.627737833,1.885568232,0.1,0.03,314.348,3.6486
COc1cc(-c2ccc(F)cc2)c(F)cc1-n1c(=O)ccc2cc(S(=O)(=O)Nc3ccon3)ccc21,0.354948317,2.69274444,0.17,0.04,509.49,4.7333
Cc1ccc(Nc2ncc(C(F)(F)F)c(Nc3ccccc3S(=O)(=O)C(C)C)n2)cc1,0.517931276,2.429377731,0.57,0.42,450.486,5.47312
Cc1ccc(-c2ccc(N3CCCNCC3)c3ncccc23)cc1,0.773861768,2.107646888,0.24,0.03,317.436,4.00992
COc1ccccc1Nc1nc(Nc2ccc(N3CCOCC3)cc2)ncc1Cl,0.619872155,2.176949989,0.65,0.74,411.893,4.4624
COc1cc(Nc2nccc(Nc3ccccc3OC)n2)ccc1-c1nc(C(C)(C)C)no1,0.38937006,2.520820914,0.53,0.3,446.511,5.3285
O=C(Nc1ccc2cccnc2c1)c1ccc(-c2nc(-c3cccc4ccccc34)[nH]n2)cc1,0.346594811,2.246024809,0.4,0.17,441.494,6.0924
CN(C)CCN=c1[nH]c(Nc2cnn(C3CCOCC3)c2)cc(Nc2cc(C3CC3)[nH]n2)n1,0.393177712,3.621458834,0.22,0.14,452.567,2.5077
CC(=O)Nc1nc(C)c(-c2cnc(Nc3ccccc3)s2)s1,0.749192746,2.342466214,0.1,0.11,330.438,4.27702
COc1cc(Oc2cnc(N=C(O)Nc3ccc(C(=O)Nc4cc(C)ccc4F)cc3)cc2)ccn1,0.22820052,2.688429701,0.2,0.07,487.491,5.63492
COc1cc(C(=O)Nc2ccc(F)c(C3(C)C=CSC(N)=N3)c2)cnc1N,0.742903366,3.35517611,0.24,0.04,387.44,2.8542
COc1ccc(-c2ccc(C(=O)Nc3ccccc3N)cc2)cc1OC,0.677671909,1.691207868,0.04,0.01,348.402,4.2053
CC(C)(C)c1ccc(NC(=O)c2ccc(Nc3nccc(-c4cnc(N5CCC(O)C5)cc4)n3)cc2)cc1,0.32025013,2.879101705,0.66,0.48,508.626,5.403
Cc1cc(Nc2cc(NC(=O)c3cccc(C(F)(F)F)c3)ccc2C)nc(N2CCOCC2)n1,0.548633104,2.390890708,0.06,0.11,471.483,4.94474
COc1ccc(-c2nn(C(C)C)c3ncnc(N)c23)cc1OC,0.796396517,2.339074629,0.5,0.2,313.361,2.6736
Cc1cc(C(O)=Nc2cc(C(F)(F)F)ccn2)ccc1-c1nc(CO)c(C(C)C)s1,0.393080916,3.124313995,0.17,0.07,435.471,5.78432
CC(=O)Nc1ccc(C(=O)Nc2cccc3cnccc23)cc1,0.778308661,1.764796416,0.21,0.15,305.337,3.4455
CC(C)(C)C(=O)C(=O)c1c[nH]c2ncc(-c3ccccc3)nc21,0.593948421,2.520255879,0.37,0.19,307.353,3.4228
COc1ccc(C(=O)Nc2ccc(Cl)c(C(=O)c3cnc(N4CCOCC4)c4ccccc34)c2)cc1,0.364916237,2.291003115,0.01,0.06,501.97,5.2167
CNc1ccc(-c2cnc(N)c(-c3ccc(C(O)=NC(C)C)cc3)n2)cc1,0.46853191,2.540838917,0.34,0.19,361.449,4.1475
COc1cccc(-n2nc(NC(=O)C3CCCO3)c3ccccc32)c1,0.794143638,2.676818375,0.09,0.03,337.379,3.1516
CC(=O)NCCc1c[nH]c2ccc(OC)cc12,0.844934953,1.908026197,0.01,0,232.283,1.8551
Cc1cc(C)cc(Nc2ccc(-c3cccc(C(N)=O)c3)cc2)c1,0.725241508,1.818844569,0.3,0.13,316.404,4.81294
COc1ccc(-c2noc(C(=O)Nc3cccc4ccccc34)n2)cc1OC,0.563622854,2.039814382,0.09,0,375.384,4.1593
COc1ccc(C(=O)Nc2ccc(Cl)c(C(=O)Nc3ccc4[nH]ncc4c3)c2)cc1,0.434565438,2.011987271,0.19,0.02,420.856,4.7295
COc1cc(-c2cccc3ccncc23)c(OC)cc1Nc1nccc(-c2ccnc3[nH]c(C(=O)O)cc23)n1,0.243316476,2.866342612,0.55,0.28,518.533,5.6941
COc1ccc(-c2nc(COc3ccccc3)no2)cc1,0.718114302,1.766832206,0.04,0.02,282.299,3.3242
O=C(Nc1ccccc1C(=O)Nc1ccccc1)c1ccccc1,0.757949517,1.40228687,0,0,316.36,4.1912
CCCCCCCCCCCCCC(=O)c1ncc(-c2ccc(F)cn2)o1,0.270663657,2.465457915,0.04,0.05,374.5,6.7595
CN(C)c1ccc(C=NNc2nccc(Nc3ccccc3)n2)cc1,0.531727037,2.214381689,0.32,0.3,332.411,3.7322
O=C(NCc1ccccc1)c1ccc(NC(=O)N2Cc3ccccc3C2)cc1,0.723222845,1.815700228,0,0,371.44,4.1643
O=C(NC1CC1)c1ccc(-c2cnc3c(c2)CCCN3C(=N)O)cc1,0.593779342,2.493280922,0.12,0.09,336.395,2.88617
COc1ccc(-c2cncc3cc(-c4ccc(C(=O)NC5CC5)cc4)ccc23)cc1OC,0.445352363,2.139736492,0.3,0.21,424.5,5.4782
COc1cc(CNC(=O)C(C)(C)C)ccc1Nc1ncc(C(F)(F)F)c(Nc2ccc(N3CCOCC3)cc2)n1,0.333861324,2.691224047,0.38,0.34,558.605,5.4901
CN1CCC(CNC(=O)c2ccc(Nc3nccc(-c4cccc(NC(=O)CC#N)c4)c3)cc2)CC1,0.438547276,2.469870127,0.19,0.47,482.588,4.41598
CN1CCC(n2cc(Nc3cc(C4CC4)nc(Nc4ccc(N5CCOCC5)cc4)n3)CC2)CC1,0.623226647,3.083291509,0.18,0.21,475.641,3.9874
COc1ccc(C(=O)Nc2cccc(C(F)(F)F)c2)cc1Nc1ncnc2cnccc12,0.452562645,2.296369519,0.31,0.26,439.397,5.0481
CC(C)CC(NC(=O)C(CCC(=O)O)NC(=O)CCc1ccccc1)C(=O)c1nccs1,0.395622307,3.085377516,0.05,0,459.568,2.8391
COc1ccc(C=NNc2nc(Nc3ccccc3)cc(OC)c2O)cc1,0.433883481,2.292192826,0.14,0.08,364.405,3.994
COc1ccc(Nc2ncc(C(N)=O)c(Nc3ccccc3)n2)cc1,0.639658763,1.928657005,0.77,0.49,335.367,3.0713
Cc1ccc(-c2nc(N)c3nnn(C4CCCCC4)c3n2)cc1,0.785201965,2.359829555,0.11,0.02,308.389,3.28412
COc1cc(Nc2nccc(-c3cnn4ccccc34)n2)cc(OC)c1OC,0.549970527,2.432995579,0.88,0.34,377.404,3.5607
CC(C)(C)c1ccc(C(=O)Nc2ccc(Cl)c(C(F)(F)F)c2)cc1Nc1ncnc2cnc(N3CCCCC3)nc12,0.253011478,2.814618595,0.22,0.2,584.046,7.3757
COc1ccc(-c2nc(-c3ccccc3)no2)cc1,0.71629177,1.593006911,0.01,0,252.273,3.4122
COc1ccc(C(=O)Nc2cccc(C(=O)O)c2)cc1OC,0.886514626,1.539402046,0,0.01,301.298,2.6543
O=C1CC(=O)Nc2c1c1ccc(F)c(F)c1[nH]2,0.686728842,2.979813881,0.31,0.04,236.177,1.971
CC(C)(C)c1ccc(Nc2nc(-c3cccc4ccccc34)no2)cc1,0.500639803,2.147337797,0.1,0.04,343.43,5.9309
Cc1ccc(-n2nc(C(C)(C)C)cc2NC(=O)Nc2ccc(Oc3ccnc(Nc4ccc(N5CCOCC5)cc4)n3)cc2)cc1,0.166016674,2.759047573,0.37,0.24,618.742,7.28472
COc1ccc(-c2nc(C(=O)Nc3cnccc3N3CCC(N)CC3)c3[nH]cnc3n2)cc1,0.427482086,2.737017007,0.39,0.09,444.499,2.6033
CC(C)(C)CNC(=O)c1ccc(N2CC(F)(F)C2)c(OCC2CC2)n1,0.853829126,2.836702212,0.06,0.03,353.413,3.1016
COc1ccc(-c2ccc3c(c2)N2CCNCC2C3)cc1,0.915136724,2.619830314,0.04,0.02,280.371,2.6965
COc1ccc(-n2nc(C(N)=O)c3c2-c2cc(NC(=O)c4ccccc4)ccc2CC3)cc1,0.49199066,2.254807847,0.08,0.01,438.487,3.9977
CC(=O)Nc1ccc(S(=O)(=O)Nc2ccc(Cl)c(C(=O)c3ccc(N4CCCCC4)nc3)c2)cc1,0.443475318,2.281870706,0,0.03,513.019,4.7155
COc1cc(Nc2nccc(-c3cnc4ccccn34)n2)cc(OC)c1OC,0.549970527,2.420993869,0.77,0.41,377.404,3.5607
COc1ccc(-c2nc(-c3ccc(S(C)(=O)=O)cc3)n[nH]2)cc1,0.794897644,1.995447939,0.15,0.01,329.381,2.5508
O=C1NC(=O)C(=Cc2ccc(-c3ccc(Cl)cc3)o2)S1,0.854211213,2.266876119,0.45,0.24,305.742,3.9239
COc1cc(C=CC(=O)CC=Cc2cccc(C=Cc3ccc(C(F)(F)F)cc3)c2)cc(OC)c1OC,0.209113239,2.696602862,0.03,0.01,508.536,7.5874
CCC(=O)Nc1nc(C)c(-c2cccc3ccccc23)s1,0.765924056,2.034422082,0.02,0.03,296.395,4.62022
Cc1cccc(Nc2cccc3ccc(N)cc23)c1,0.656353028,1.792431041,0.05,0.1,248.329,4.47402
COc1cccc(-c2nn(CC(=O)Nc3ccccc3)cc2-c2ccc3ncnn3c2)c1,0.446689488,2.463755032,0.13,0.05,424.464,3.9071
Cc1ccc(-c2[nH]c3ccccc3c2CCNCCc2ccc(C(=O)O)cc2)cc1,0.356765383,2.094927083,0.11,0.01,398.506,5.21632
COc1ccc(-c2nc(-c3ccccc3)n(CC(=O)O)c2-c2ccc(C)cc2)cc1,0.479533043,2.070973496,0.02,0,398.462,5.28572
Cc1ccc(-c2ccc3c(N4CCOCC4C)nc(Nc4ccccc4)nc3n2)cc1,0.511597181,2.841128499,0.17,0.11,411.509,4.96892
Cc1ccc(-c2ccc(F)cc2)cc1Nc1nccc(-c2cnc3ccccn23)n1,0.427238448,2.359372634,0.6,0.48,395.441,5.64942
COc1ccc(CC(=O)Nc2nc(-c3ccccc3)no2)cc1,0.783808642,1.901118877,0.03,0.03,309.325,2.9264
CN(C)c1ccc(Nc2nccc(Nc3cc(N4CCOCC4)cc(N4CCOCC4)n3)n2)cc1,0.530045477,2.689820112,0.54,0.55,476.585,3.098
COc1ccc(-c2nc(-c3ccccc3)n(-c3ccc(C)cc3)n2)cc1,0.528898312,1.834848518,0.07,0.02,341.414,4.91832
COc1ccc(-c2ccnc3ccccc23)cc1OC1CCCC1,0.659434399,1.97362197,0.21,0.14,319.404,5.2318
COc1ccc(-c2nc(-c3ccc(OC)c(OC)c3)c(-c3ccncc3)n2CC(=O)O)cc1,0.429688184,2.328375579,0.27,0.01,445.475,4.3895
CN(C)CCC=CC(=O)Nc1cc2c(Nc3cccc(Br)c3)ncnc2nn1,0.541961824,2.849427352,0.53,0.28,442.321,3.3723
NCCCCC(NC(=O)Cc1ccc(Cl)cc1Cl)C(=O)c1nc2ccccc2o1,0.389135418,2.82139182,0.03,0.02,434.323,4.1738
Cc1ccc(C(=O)Nc2cccc(C(F)(F)F)c2)cc1Nc1ncnc2cnc(NC(C)C)nc21,0.331003463,2.561301975,0.38,0.23,481.482,5.56322
CC(C)CC(NC(=O)C(Cc1ccccc1)NC(=O)C(CC(C)C)NC(=O)C(N)Cc1ccc(O)cc1)C(=O)NC(C(=O)C(F)(F)C(F)(F)F)C(C)C,0.1175605,4.177454574,0.05,0.01,755.826,3.9588
Cc1nc(-c2ccc(C(=O)N3CCN(C4CCCCC4)CC3)cc2)ccc1C(=O)Nc1ccc(N)cc1,0.485191608,2.326420812,0.12,0.02,497.643,4.98202
COc1ccc(C(=O)Nc2ccc(Cl)cc2C(=O)Nc2ccc(Cl)cn2)cc1,0.620095749,1.887562365,0.08,0.02,416.264,4.9016
COc1ccc(C(=O)Nc2cccc(C(=O)Nc3ccc4c(c3)-c3cc5ccccc5n3C(C(=O)O)C4=O)c2)cc1,0.237020908,2.997981033,0.01,0.02,545.551,5.6435
COc1ccc(Nc2ncc(Nc3ccccc3)nc2N)cc1,0.668117649,2.056410726,0.46,0.24,307.357,3.5546
CN(C)CC=CC(=O)Nc1cc2c(Nc3cccc(Br)c3)ncnc2nc1OCCCO,0.286589593,2.898100542,0.35,0.29,501.385,3.3484
O=C(Nc1ccc(F)cc1)c1nc2ccccc2s1,0.772724799,1.735870762,0.07,0.02,272.304,3.6877
COc1ccc(CNc2nc(N3CCCCC3)nc3c2CCN(c2ncccc2C(F)(F)F)CC3)cc1,0.492625643,2.63891427,0.18,0.02,512.58,5.1066
Cc1ccc(NC(=O)c2cccc(C(F)(F)F)c2)cc1N1CCc2nc(Nc3ccccc3)ncc2C1,0.331606443,2.445540341,0.39,0.34,503.528,6.36242
COc1ccc(C(=O)Nc2cccc(C(F)(F)F)c2)cc1Nc1ncnc2cnc(Nc3ccc(N4CCOCC4)cc3)nc12,0.190455349,2.748819849,0.49,0.55,616.604,6.0233
COc1cc(C(=O)Nc2ccc(F)c(NC(=O)c3ccccc3-c3ccccc3)c2)cc(OC)c1OC,0.308901438,2.076905516,0.08,0.09,500.526,6.0231
O=C1NC(=O)C(=Cc2ccc(OCc3ccc4ccccc4n3)cc2)S1,0.706705102,2.242672404,0.37,0.16,362.41,4.1377
COc1ccc(CNc2nc(N3CCCCCC3)nc3c2CCN(c2ncccc2C(F)(F)F)CC3)cc1,0.455255949,2.657613449,0.18,0.02,526.607,5.4967
COc1cc(CNC(=O)c2cccc(Nc3ncnc4ccc(-c5ccccc5)nc34)c2)cc(OC)c1OC,0.265850699,2.391821441,0.31,0.16,521.577,5.3912
CCc1ccc(-c2ccc(N3CCCC(N)C3)nc2)cc1,0.938837757,2.429967877,0.1,0.08,281.403,3.2385
Cc1cccc(Nc2ncnc3cc(NC(=O)Cc4ccccc4)nn23)c1,0.57143297,2.356219827,0.14,0.05,358.405,3.35752
COc1ccc(-c2ccc(C(=O)Nc3ccc4c(c3)C3CCC(C3)N4C)cc2)cc1,0.612828592,3.545098409,0.06,0.01,398.506,5.7004
N#Cc1cccc(-c2cnc(Nc3ccc(N4CCOCC4)cc3)o2)c1,0.774538544,2.334061657,0.34,0.5,346.39,3.79348
O=C(Nc1ccc(-c2ccnc3[nH]ccc23)cc1)c1ccccc1Cl,0.539049786,1.97434818,0.52,0.2,347.805,5.1356
CN(C)c1ccc(-c2cccc3c(Nc4ccccc4)ncnc32)cc1,0.560584845,2.028729287,0.37,0.22,340.43,5.1064
Cc1cc(C)cc(-c2[nH]c3ccc(C#N)cc3c2CCNCCCc2cccnc2)c1,0.379316155,2.529034473,0.26,0.06,408.549,5.48332
O=C(Nc1ccccc1Cl)Nc1ccc2ncnc(Nc3cccc(Br)c3)c2c1,0.322193866,2.094484702,0.52,0.34,468.742,6.4333
CNC(=O)c1cccc(-c2nnc(Nc3ccccc3)o2)c1,0.773099211,1.977957973,0.25,0.13,294.314,2.8398
CCC(C)C(N)CN(C(=O)C1CC1c1ccccc1)c1ccc(-c2cccnc2)cc1,0.54799028,3.491481359,0.15,0.01,413.565,5.2587
CCN(CC)C(=O)c1ccc(-c2cccc3c(Nc4ccc(N5CCOCC5)cc4)nn(C)c23)cc1,0.386394616,2.49912279,0.19,0.15,483.616,5.3025
Cc1cc(C)cc(Nc2nccc(-n3cc(NC(=O)CCCCC)c4ccccc43)n2)c1,0.323735548,2.466895522,0.27,0.15,427.552,6.29974
COC(=O)c1ccc2c(c1)N=C(c1ccc(-c3ccc(O)cc3)cc1)OC2=O,0.545810573,2.071960622,0.16,0,373.364,4.0142
COc1ccc(C(=O)Nc2ccc(Cl)c(C(=O)Nc3cccc4[nH]ncc34)c2)cc1OC,0.393268221,2.109956163,0.18,0.17,450.882,4.7381
COc1ccc(-c2ccc(C(=O)Nc3ccc(CN4CCC(C(=O)O)CC4)cc3)cc2)cc1,0.541313346,1.883225175,0.01,0.01,444.531,4.9111
COc1cc(C(=O)NC2CCN(C(=O)C3CCCC3)CC2)ccc1OCCN1CCCC1,0.668649721,2.178241147,0.02,0.05,443.588,3.0808
CC(=O)Nc1ccc(-n2cc(C(N)=O)c3ncccc32)cc1,0.774583584,2.17980698,0.06,0.05,294.314,2.0828
CC(C)(C)OC(=O)Nc1ccc(NC(=O)c2cccc3cnccc23)cc1,0.698032705,1.965505719,0.22,0.13,363.417,4.8341
CC(C)c1c(N(Cc2ccc(OC(F)(F)F)cc2)S(=O)(=O)c2ccc(C(=N)N)cc2)n(C)n(C)c1=O,0.344625971,2.936924417,0.06,0.03,525.553,3.42537
Cc1cc(C)c(NC(=O)c2ccc(Nc3ccccc3)cc2)n1-c1ccccc1,0.439307098,2.073445141,0,0.04,381.479,6.09004
O=C1NC(=O)C(=Cc2ccc(-c3cccc(Cl)c3)o2)S1,0.854211213,2.328870451,0.53,0.24,305.742,3.9239
CC(C)C(=O)Nc1ccc(Nc2ncc(C#N)c(NC3CCCCC3)n2)cc1,0.686963905,2.314501968,0.57,0.4,378.48,4.43098
COc1cc(-c2cccc(Cl)c2)ccc1-n1c(=O)ccc2cc(S(=O)(=O)Nc3ccon3)ccc21,0.342389617,2.592956063,0.06,0.05,507.955,5.1085
COc1ccc(C(=O)Nc2cccc(C(F)(F)F)c2)cc1Nc1ncnc2cnc(NC3CCOCC3)nc21,0.296581413,2.711253501,0.42,0.36,539.518,5.034
Cc1ccc(C(=O)Nc2ccc(CN3CCOCC3)cc2Nc2ccc(Cl)cc2)cc1,0.53818311,2.017849857,0.03,0.03,435.955,5.47652
N#Cc1ccc(Nc2nccc(Nc3ccccc3)n2)cc1,0.762399934,1.966365014,0.71,0.51,287.326,3.83548
Cc1ccc(Nc2nnc(SCc3cccc(F)c3)o2)cc1,0.699829387,2.151028405,0.14,0.02,315.373,4.55302
CC(C)(C)CC(=O)Nc1ccc(-c2nc(-c3cccc4c3OCOC4)no2)cc1,0.694569666,2.531089759,0.08,0.04,393.443,4.6448
COc1cccc(-c2nc(N)nc(-c3ccccc3)n2)c1,0.797047989,1.836568715,0.1,0.03,278.315,2.7964
O=C1CCc2ccc(Nc3ncc(-c4ccc(C(F)(F)F)cc4)o3)cc2O1,0.518790205,2.609286002,0.35,0.3,374.318,4.9556
Cc1ccc(-c2ccc3c(c2)Nc2ccccc2NC3=O)cc1,0.665794535,2.00465091,0.7,0.07,300.361,4.97132
O=C(NC1CCC(CCN2CCC(c3coc4ccccc34)CC2)CC1)c1ccccc1,0.522291248,2.32732401,0.02,0,430.592,5.9911
Cc1ccc(-c2nc(-c3ccc4c(c3)CCC4=O)[nH]c2-c2ccccc2)cc1,0.495642577,2.207046569,0.17,0.06,364.448,5.84802
CN(C)C(=O)c1ccc(C(=O)c2ccc(Cl)cc2)cc1,0.812623474,1.586620411,0,0,287.746,3.2728
Cc1cc(-c2cccc3ccncc23)[nH]n1,0.669088036,2.473365497,0.61,0.14,209.252,2.93332
COc1cc2ncnc(Nc3cccc(Cl)c3F)c2cc1OC,0.775738742,2.105886992,0.6,0.37,333.75,4.1831
CC(=O)c1ccc(Nc2nccc(Nc3ccccc3)n2)cc1,0.692564822,1.874315204,0.64,0.45,304.353,4.1664
NC(=O)c1cccc2c(NCc3cccc(Nc4ccccc4)n3)CCN(Cc3ccccc3)CC2C1,0.410169437,3.40045739,0.1,0.07,491.639,5.0626
COc1cccc(-c2ccc(C(=O)Nc3ccccc3N)cc2)c1,0.708716573,1.618505714,0.05,0.03,318.376,4.1967
CC(C)(C)C(=O)Oc1ccc2c(c1)c1c(n2Sc2ccccc2)CCC(=O)C1,0.452898776,3.011212803,0.03,0.01,393.508,5.206
COc1ccc(-c2nc3ccccc3o2)cc1,0.669111413,1.581958274,0.06,0,225.247,3.5034
CCOc1ccc(Cc2nc(N)nc(N)c2-c2ccc(N)cc2)cc1OC,0.573988616,2.314878796,0.19,0.07,365.437,2.8883
O=C(O)CCc1ccc2c(c1)c(-c1ccc(Cl)cc1)nn2C1CCCCC1,0.599063894,2.233499335,0.04,0.03,382.891,5.8791
CC(C)(C)c1ccc(COc2ccc(-c3nc(-c4ccccc4)nc(N)n3)cc2)cc1,0.459143322,2.069594456,0.11,0.01,410.521,5.6643
O=C(Nc1ccc(C(=O)N2CCCCc3ccccc32)cc1)c1ccccc1,0.71117759,1.766041503,0,0.01,370.452,4.922
COc1ccc(C=NNC(=O)c2cccc(-c3ccc(C(=O)Nc4ccccc4)cc3)c2)cc1,0.29371394,1.928865009,0.06,0.06,449.51,5.3784
O=C1NC(=O)C(=Cc2ccc(-c3ccccc3)cc2)S1,0.854122807,1.941004124,0.58,0.23,281.336,3.6775
CNC(=O)c1cccc(Nc2nccc(Nc3cccc(Cl)c3)n2)c1,0.646313079,2.069149313,0.66,0.38,353.813,3.9768
O=C(C=Cc1ccc(O)c(O)c1)Nc1cccc2c1OCC=C2,0.600926521,2.648736976,0.05,0.1,309.321,3.1553
Nc1ncc(-c2ccc(-c3ccccc3)cc2)nc1NC1CCCCC1,0.687859949,2.110221497,0.48,0.15,344.462,5.1374
CCCCC=CCC=CCC=CCC=CCC=CCCC(=O)Nc1ccc(N(C)C)cc1,0.211029156,2.915762244,0,0,434.668,8.0029
CN(C)C(=O)Cn1cc(-c2cnc3ccccc3c2)cn1,0.738660767,2.200506697,0.13,0.12,280.331,2.1865
CN1CCN(c2ccc(-c3cccc4cnccc34)cc2)CC1,0.720123753,1.923699049,0.38,0.18,303.409,3.6536
Cc1cc(Nc2nccc(-c3cnn4ncccc34)n2)cc(OC)c1,0.618019597,2.555050182,0.96,0.27,332.367,3.24692
CC(C)(C)N=C(O)c1cnc(-n2ccc3cc(C#N)cnc32)cc1NC1CCOCC1,0.489909615,3.267593564,0.2,0.12,418.501,3.98618
CC(C)CC(NC(=O)C(Cc1ccccc1)NC(=O)C(CC(N)=O)NC(=O)c1ccc2ccccc2n1)C(=O)NC1CCOCC1,0.179886959,3.567225114,0.01,0.04,630.746,1.7622
COc1cc(NC(=O)Nc2ccc(-c3ccccc3)cc2)nc(NC(C)=O)c1,0.616820371,2.028781391,0.07,0.06,376.416,4.3596
CN(C)C1CCN(c2ccc(Nc3ncc4cccc(-c5ccccc5)n43)cc2)CC1,0.484946973,2.582440813,0.16,0.4,411.553,5.2753
O=C1Nc2ccccc2N1C1CCN(Cc2cccc3cccnc23)CC1,0.607288361,2.209586539,0.16,0.06,358.445,3.7149
CC(C)CC(NC(=O)C(Cc1ccccc1)CC(O)C(Cc1ccccc1)NC(=O)C(C)NC(=O)C(N)Cc1ccc(O)cc1)C(=O)Nc1ccccc1,0.075054755,4.081979529,0.04,0.02,735.926,4.2737
CC(=O)NC(C)c1ccc(OC2CCN(c3ccnc(N(C)CC4CCOC4)n3)C2)cc1,0.677468517,3.627724239,0.08,0.11,439.56,2.8041
COc1ccc(CNC(=O)c2cccc(-c3cnc(N)cn3)c2)cc1OC,0.697563522,2.08705763,0.22,0.05,364.405,2.673
O=C(NC1CC(=O)C(=Cc2ccc(-c3ccccc3F)cc2)C1=O)N1CCCC1,0.64125259,2.888572256,0.02,0.02,392.43,3.592
O=C1NC(=O)C(=Cc2ccc(-c3ccccc3)cc2)S1,0.854122807,1.941004124,0.58,0.23,281.336,3.6775
O=C(O)CC1CC(c2ccc(-c3cccc4ccccc34)cc2)CC1,0.649771062,2.654595524,0.06,0.05,330.427,5.8652
COc1ccc(-n2c(C)nc3c(NCc4cccc(OC)c4)ncnc32)cc1,0.553187767,2.235475921,0.44,0.05,375.432,3.75322
CCOC(=O)c1ccc(NC(=O)Nc2ccc(-c3ccc(C#N)cc3)s2)cc1,0.591516206,2.179138506,0.07,0,391.452,5.10748
O=C(Nc1ccc(Cl)cc1)c1ccc(-c2ncccc2Cl)cc1,0.700394752,1.683206906,0.1,0.06,343.213,5.3077
COc1ccc2c(c1)C(=O)N(CC1(C#Cc3ccccc3)NC(=O)NC1=O)C2,0.62499745,3.161696193,0.04,0,375.384,1.2809
COc1cccc(-c2ccc3c(N4CCOCC4C)nc(Nc4ccccc4)nc3n2)c1,0.496173632,2.885310312,0.24,0.16,427.508,4.6691
CC(C)c1cccc(-c2ccc(Nc3nccc(Nc4ccccc4Cl)n3)cc2)c1,0.34457942,2.127802945,0.68,0.53,414.94,7.4076
CC(C)(C)CNC(=O)c1ccc(-c2noc(C(F)(F)F)n2)cc1,0.936217214,2.300598582,0.06,0.01,327.306,3.5313
COc1ccc(Nc2ncc(CN3CCC(O)CC3)cc2-c2nc(C)nc(N)n2)cc1,0.550830909,2.541950549,0.23,0.09,421.505,2.53312
COc1ccc(-c2nc(NC3CCOCC3)c3cccnc3n2)cc1,0.788301747,2.277710696,0.33,0.17,336.395,3.2913
COc1ccc(C(=O)Nc2ccc(F)c(C3(C)CC(C(F)(F)F)OC(=N)N3)c2)nc1,0.649937038,3.828096145,0.04,0.06,426.37,3.57237
CC(=O)c1cccc(Nc2nccc(Nc3ccccc3)n2)c1,0.692564822,1.920431162,0.67,0.42,304.353,4.1664
CN(C)C(=O)Cn1c2ccccc2c2cnc(Nc3ccccc3)nc21,0.615534674,2.179662105,0.63,0.28,345.406,3.4163
Cc1cc(-c2ccc3c(c2)CCN(CCCSc2nnc(-c4ccccc4)[nH]2)C3)no1,0.328840775,2.74719668,0.07,0.01,431.565,4.97562
O=C(Nc1ncccc1N1CCC(O)CC1)c1ccccc1-c1ncccc1Cl,0.681508547,2.410923713,0.12,0.07,408.889,4.0104
CN(C)C(=O)Cn1c(-c2ccccc2)nc2ccc(N3CCCCC3)cc21,0.709161677,2.142354364,0.03,0.01,362.477,3.7818
COc1cccc(CN=C(N)Nc2cccc3c2OCCO3)c1OC,0.640249131,2.492555082,0.01,0.03,343.383,2.4018
CC(=O)Nc1ccc(CNc2nc(Nc3ccccc3)ncc2-c2nc3ccccc3[nH]2)cc1,0.267352607,2.311955862,0.43,0.17,449.518,5.334
O=C(Nc1ccc(Cl)cc1C(=O)Nc1ccc(Cl)cn1)c1ccccc1,0.670604192,1.820618887,0.03,0.02,386.238,4.893
COc1ccc(-c2c(O)ccc3cc(-c4ccc(C(=O)Nc5ccccc5)cc4)ccc23)cc1OC,0.273663716,2.089261991,0.08,0.06,475.544,7.1489
O=C1Nc2ccccc2C(=O)N1c1ccc(Cl)cc1,0.739125717,1.763161764,0.12,0.03,272.691,2.3324
COc1ccc(CC(=O)O)cc1-c1ccc(F)c2c1CN(C(=O)C=Cc1ccc(F)cc1)CC2,0.530213725,2.531044073,0.01,0,463.48,4.8656
COc1cccc(-c2ccc3c(c2)Nc2ncccc2n3-c2ccc(C(=O)O)cc2)c1,0.380187479,2.321666781,0.32,0.03,409.445,5.9822
COc1cc(C(=O)NC2CCN(C)CC2)ccc1Nc1ncc(C(F)(F)F)c(Oc2cccc3c2C(=O)CC3)n1,0.420152998,2.866712461,0.45,0.29,555.557,4.9928
CC(C)c1cccc(C(C)C)c1NC(=O)Nc1ccc(-c2cccc3cn[nH]c23)cc1,0.326461077,2.343960697,0.49,0.24,412.537,7.1207
CN(C)CC(=O)Nc1cccc(-c2n[nH]c3ccc(-c4nc[nH]n4)cc23)c1,0.506804743,2.796031287,0.35,0.28,361.409,2.5151
CC(=O)Nc1cc(Nc2cc(NC3CCOCC3)n3ncc(C#N)c3n2)ccc1C(=O)NC1CC1,0.408956566,2.85315437,0.51,0.24,474.525,2.78608
COc1ccc(-n2nc(C(N)=O)c3c2-c2cc(NC(=O)c4cccnc4Cl)ccc2CC3)cc1,0.424574474,2.480218206,0.14,0.05,473.92,4.0461
O=C1CC(c2ccc(Cl)c(Cl)c2)=Nc2cc(O)cc([N+](=O)[O-])c21,0.644292905,2.780128784,0.1,0.12,351.145,4.3144
CCCCCCCCCCCCCCCC=CCCCCCC(=O)Nc1c(C(C)C)cccc1C(C)=O,0.09015782,2.552600022,0.01,0.02,511.835,10.9391
COc1cc(Nc2nccc(Nc3ccccc3Cl)n2)cc(OC)c1OC,0.611828143,2.1625875,0.74,0.44,386.839,4.643
COc1cccc(-c2cnc3ccc(NCc4ccccc4)nc3n2)c1,0.585414853,2.107241877,0.33,0.19,342.402,4.3125
O=C(NCCN1CCOCC1)c1ccccc1Nc1ccccc1,0.856706109,1.800396834,0.05,0.03,325.412,2.4922
COc1ccc(C(=O)Nc2cccc(C(C)=O)c2)cc1Nc1ncnc2cnc(Nc3ccccc3)nc12,0.238161306,2.426219044,0.55,0.32,505.538,5.3705
CC(C)Nc1cc(Nc2ccc(NC(=O)CCN)cc2)ncn1,0.624967197,2.248500246,0.22,0.23,314.393,2.3278
CC(C)(C)c1ccc2c(c1)C1=NOC(CN=C(c3ccc(F)cc3)C1)C2=O,0.757395543,4.107877288,0.2,0.13,364.42,4.3018
COc1ccc(C(=O)Nc2cccc(Nc3ncnc4ccncc34)c2)cc1,0.550558034,2.047852948,0.36,0.29,371.4,4.0293
COc1ccc(-c2ccc3c(N4CCOCC4C)nc(N4CCCCC4)nc3n2)cc1,0.635109836,2.93728319,0.05,0,419.529,3.9158
O=C(Nc1ccc(Cl)cc1Cl)c1cnn(-c2ccccc2)c1-c1ccccc1,0.44371633,1.963911818,0.05,0.03,408.288,6.0984
O=C(Nc1cncc(C(=O)Nc2ccc(C(F)(F)F)cc2)c1)c1ccc(-c2cncc(N3CCOCC3)c2)cc1,0.330904966,2.485390897,0.14,0.1,547.537,5.5036
N#Cc1ccc(N2C(=O)c3cccc(C(=O)O)c3C2=O)cc1,0.85404031,2.094476195,0.05,0.05,292.25,2.05708
CCCCn1c(=O)c2ccc(C=CC(=O)NO)cc2n(CC(=O)O)c1=O,0.375306394,2.460755383,0.03,0.01,361.354,0.5665
Cc1ccc(-c2nc(-c3ccc(OC)c(OC4CCCC4)c3)on2)cc1,0.644886791,2.062493862,0.04,0.01,350.418,5.04202
Cn1cc(-c2cccc3cnc(Nc4ccc(N5CCOCC5)cc4)nc23)cn1,0.577897034,2.416209823,0.45,0.9,386.459,3.6105
Cc1ccc(NC(=O)c2cccc(-c3ccc(N4CCOCC4)c4ncc(CN5CCCC5)cc34)c2)cc1,0.353159114,2.422521132,0.1,0.11,506.65,5.89492
CC(=O)c1ccc(-c2cccc3c(Nc4ccc(NC(=O)CCN5CCCCC5)cc4)nncc23)cc1,0.290330194,2.396335406,0.22,0.11,493.611,6.0575
COc1cccc(-c2nc(Nc3cccc4ccccc34)n[nH]2)c1,0.586393888,2.048350247,0.34,0.1,316.364,4.3771
Cc1ccc(-c2cccc3cc(-c4ccc(C(N)=O)cc4)[nH]c23)cc1,0.551990343,2.029112775,0.28,0.05,326.399,4.90922
COc1ccc(NC(=O)Nc2ccc(-c3nc(N4CCOCC4)nc(N4CCCC4)n3)cc2)cc1,0.557021479,2.299851927,0.02,0.03,475.553,3.628
CC(NC(=O)C(=O)Nc1ccccc1)C(=O)Nc1ccc(S(N)(=O)=O)cc1,0.546154891,2.345858555,0.01,0,390.421,0.4159
N#Cc1ccc(Nc2ncnc3cnc(Nc4ccccc4)cc23)cc1,0.573958024,2.212884435,0.68,0.58,338.374,4.38368
COc1ccc(C(=O)Cc2ccc(OC)c(OC)c2)cc1OC,0.73454995,1.703865013,0,0,316.353,3.1464
COc1cccc(-c2ccc(C(=O)Nc3ccccc3N)cc2)n1,0.720442206,1.843499694,0.12,0.03,319.364,3.5917
O=C1NC(=O)C(=Cc2ccc(-c3ccccc3)cc2)S1,0.854122807,1.941004124,0.58,0.23,281.336,3.6775
NC(=O)c1cccc2c(NCc3cccc(NC(=O)Nc4ccccc4)c3)ncnc21,0.381469472,2.143209857,0.21,0.11,412.453,3.9848
COc1ccc(C(=O)Nc2ccc(Nc3ncnc4ccc(C(=O)NCCCN5CCOCC5)cc34)cc2Cl)cc1,0.232517777,2.433473925,0.29,0.34,575.069,4.7398
Cc1ccc(-c2ccc(Nc3cc(N4CCOCC4)nc(N4CCOCC4)n3)cc2)cc1,0.657962322,2.305224091,0.06,0.1,431.54,3.86882
Cc1ccc(Nc2ncc(-c3cncc(Nc4ccccc4)n3)cc2)cc1,0.507329976,2.122726154,0.22,0.29,353.429,5.33422
O=C(Cc1ccccc1)Nc1ncccc1-c1nnc(Nc2ccccc2F)o1,0.513508299,2.274894424,0.11,0.12,389.39,4.1955
CC(=O)NC(C)c1ccc(OC2CCN(c3ccc(OC4CCOC4)nc3)C2)cc1,0.754852854,3.454941183,0.03,0.04,411.502,3.1041
COc1ccc(-c2nc(-c3ccccc3)no2)cc1,0.71629177,1.593006911,0.01,0,252.273,3.4122
COc1ccc(Cl)c(Nc2ncnc3cnc(Nc4ccc(N5CCN(C)CC5)cc4OC)nc23)c1,0.376354313,2.610461843,0.36,0.32,506.998,4.3294
COc1ccc(-n2nc(C(F)(F)F)cc2NC(=O)Nc2ccc(Oc3ccnc(Nc4ccc5c(c4)CCC(=O)C5)n3)cc2)cc1,0.16845352,2.932048246,0.39,0.22,629.599,6.9274
Cc1ccc(-c2nn(-c3ccccc3)cc2N=C(O)c2cnn3cccnc23)cc1,0.358765865,2.684085396,0.19,0.03,394.438,4.52672
CC(=O)Nc1ccc(CNc2nc(Nc3ccc(N4CCOCC4)cc3)ncc2F)cc1,0.519361213,2.269600452,0.48,0.41,436.491,3.7664
COc1ccc(-c2ccc(C(=O)Nc3ccccc3N)cc2)cc1,0.708716573,1.568300363,0.05,0,318.376,4.1967
Cc1ccc(-c2cnc(Nc3ccc(N4CCOCC4)cc3)o2)cc1,0.773062426,2.141979095,0.25,0.28,335.407,4.23022
CC(C)C(NC(=O)Cn1c(C)ccc(NC(=O)c2ccccc2)c1=O)C(=O)C(=O)N(C)C,0.598501822,2.893120269,0.02,0.03,440.5,1.20712
O=C1NC(=O)c2c1c1c3ccccc3[nH]c1c1[nH]c3ccccc3c21,0.378291686,2.491998971,0.88,0.38,325.327,3.8392
COC(=O)C(C)(C)c1ccc(-c2cccc3c(Nc4ccccc4)ncnc23)cc1,0.451155538,2.271008559,0.38,0.16,397.478,5.491
CC1=CC(=O)N(Nc2nc(-c3ccc(Cl)cc3)c(-c3ccccc3)n2C)C1,0.725568381,2.853168919,0.06,0.02,378.863,4.5229
COc1ccc(-c2nc(Nc3ccccc3)nc(NC(=O)c3ccccc3)n2)cc1,0.496406066,1.94175218,0.12,0.18,397.438,4.5431
COc1ccc(C(=O)CCCCN2CC=C(c3ccccc3)CC2)cc1OC,0.461295042,2.120510109,0.03,0,379.5,4.8461
COc1ccc(Nc2ncc(C(N)=O)nc2-c2ccccc2)cc1,0.753980781,2.038688322,0.34,0.29,320.352,2.9947
CN(C)CCC(=O)Nc1ccc(-c2nc(N3CCOCC3)c3cnn(C4CCN(C(=O)CO)CC4)c3n2)cc1,0.438610541,2.798565864,0.1,0.04,536.637,1.3759
CC(C)c1cccc(C(C)C)c1NC(=O)Nc1ccc(Nc2nc3ccccc3s2)cc1,0.282761124,2.21132979,0.03,0.05,444.604,7.9307
CN(C)C(=O)c1ccccc1Nc1cc(Nc2cccc3cnccc23)ncn1,0.536192223,2.388123713,0.34,0.36,384.443,4.2138
Cc1nc(N)cc(-c2ccncc2Nc2ccc(OCc3cccc(F)c3)c(C(C)(C)C)c2)n1,0.359099261,2.625656573,0.18,0.21,457.553,6.18842
CSc1nc(C)c(Cl)c(Nc2ccccc2)n1,0.674615331,2.151623313,0.11,0.06,265.769,3.90392
COc1ccc(-c2cnc(N)c(C(=O)Nc3ccccc3)n2)cc1,0.771018222,1.864196684,0.67,0.12,320.352,2.9867
COc1ccc(-c2ccc3c(N4CCOCC4C)nc(N4CCCCC4)nc3n2)cc1CO,0.634542888,3.124372962,0.08,0.01,449.555,3.4081
CC(C)C(NC(=O)Cn1c(-c2ccccc2)ccc(NC(=O)OCc2ccccc2)c1=O)C(=O)C(=O)Nc1ccccn1,0.226741074,3.09324403,0.03,0.05,581.629,4.0076
COc1cc(-c2ccccc2)cc(-c2ccc(C(=O)Nc3ccccc3N)cc2)n1,0.452049575,1.987950425,0.13,0.03,395.462,5.2587
Cc1ccc(Nc2nccc(-c3cnc4ccccn34)n2)cc1,0.624356474,2.207879139,0.71,0.39,301.353,3.84332
O=C(Nc1ccc(C(=O)Nc2ccccc2-c2n[nH]c3ccc(-c4cnn(C(C)C)c4)cc23)cc1)c1ccccc1,0.199463787,2.512693705,0.45,0.22,540.627,7.1789
CN(C)c1ccc(C=Cc2ccc3ccc(Cl)cc3n2)cc1,0.666962105,2.118776104,0.02,0.02,308.812,5.1246
CN(C)CCn1cc(CNc2cc(Cl)c(Nc3cccc(-n4cccn4)n3)cn2)CC(=O)O1,0.490199065,3.536429709,0.29,0.17,468.949,3.0806
CC(=O)c1ccc(-c2ccc(C(=O)Nc3ccc(CN4CCCC4=O)cc3)cc2)cc1,0.58389993,1.914060143,0.03,0.01,412.489,4.9309
O=C(Nc1cccc(-c2nnc3n2-c2cccnc2Nc2ccccc2-3)c1)c1ccccc1,0.397691812,2.352864122,0.2,0.05,430.471,5.3056
COc1ccc(C=NNc2nc(N)c(Br)c(Br)c2Br)cc1,0.504204344,2.678494549,0.2,0.04,478.97,4.4059
Cc1ccc(C(=O)Nc2ccc(C(C)Nc3ncnc4ccc(Nc5ccccc5)cc34)cc2)cc1,0.234770076,2.590566994,0.2,0.17,473.58,7.10722
CC(C)n1nc(-c2ccc3ccccc3c2)c2c(N)ncnc21,0.611078954,2.312336276,0.57,0.26,303.369,3.8096
NS(=O)(=O)c1ccc(NC(=O)Nc2ccc(-c3ccc(Cl)cc3)cc2)cc1,0.606975593,1.744470091,0.08,0.02,401.875,4.2984
CC(=O)Nc1ccc(-c2ccnc3cc(-c4ccccc4)oc23)cc1,0.567668478,2.056306031,0.22,0.17,328.371,5.1202
CN(C)CCCCC=C(c1ccccc1)c1ccccc1,0.654824795,1.886610077,0.01,0,279.427,4.8502
COc1ccc(C(=O)Nc2cccc(C(=O)O)c2)cc1,0.895923249,1.408580631,0,0,271.272,2.6457
COc1ccccc1-c1c[nH]c2ncnc(Nc3ccccc3)c12,0.586393888,2.155710594,0.52,0.12,316.364,4.3771
CCC(=O)Nc1nc(-c2ccc(N3CCCCC3)cc2)ccc1OCCn1c(=O)ccn(C)c1=O,0.53559542,2.612027755,0.16,0.03,477.565,3.0268
N#Cc1ccc(-c2ncnc3[nH]cc(-c4cccc(CN5CCOCC5)c4)c23)cc1,0.565170808,2.524477836,0.54,0.1,395.466,3.99578
COc1ccc(-n2nc(C(N)=O)c3c2-c2cc(NC(=O)c4ccccc4)ccc2CC3)cc1,0.49199066,2.254807847,0.08,0.01,438.487,3.9977
CCOc1ccc(CC(=O)O)cc1-c1cccc(F)c1CN1CCC(C(=O)O)CC1,0.681749751,2.298158099,0.02,0,415.461,3.8151
CC(=O)c1cnc2ccc(-c3cc(F)c(O)c(Cl)c3)cc2c1Nc1cccc(N2CCCCC2)c1,0.287040515,2.543403447,0.19,0.18,489.978,7.3364
COc1ccc(Nc2ncc(Nc3ccccc3S(=O)(=O)C(C)C)nc2NC(=O)C2CC3COC32)cc1,0.37874609,3.846446603,0.13,0.14,523.615,4.1279
COc1cc(Nc2nccc(-c3cnn4ccccc34)n2)cc(OC)c1OC,0.549970527,2.432995579,0.88,0.34,377.404,3.5607
O=C(c1ccc(F)cc1)c1nnc(-c2ccc(NC(=O)CC3CCCCC3)cc2)o1,0.580366368,2.262075624,0.05,0.02,407.445,5.0156
Cc1cc(C)c(-c2nc(C(C)(C)C)sc2Nc2ccc(F)c(C(N)=O)c2)nc1N,0.575441619,2.905840661,0.25,0.14,413.522,4.68324
CCCCCCCN(CC)CCCC=CCC=CCC=CCC=CCCCC(=O)Nc1ccc(N)c(Br)c1,0.080805004,3.057535826,0.06,0.07,586.703,9.6077
COc1ccc(-c2ccc3c(c2)Nc2ccccc2NC3=O)cc1,0.722008455,2.006317419,0.79,0.06,316.36,4.6715
O=C(NCCCCN1CCCC(Cc2ccccc2)C1)c1ccccc1,0.725459274,2.251150343,0.02,0.01,350.506,4.1513
Cc1cc(C)cc(-c2[nH]c3ccccc3c2CCNCCCCc2ccncc2)c1,0.340006285,2.341717215,0.27,0.07,397.566,6.00174
Cc1ccc(C(=O)Nc2ccc(CN3CCOCC3)c3ncccc23)cc1Nc1ncnc2cnc(N3CCNCC3)nc12,0.257164011,2.941800456,0.25,0.07,590.692,3.51412
CC(=O)NC(C)c1ccc(OC2CCN(c3ccnc(N4CCOCC4)n3)C2)cc1,0.780296594,3.158177202,0.11,0.07,411.506,2.168
Cc1cccc(C(=O)Nc2ccc(C(=O)O)cc2)c1,0.885663167,1.402794952,0,0,255.273,2.94552
COc1cc(NC(=O)c2ccc(F)c(Nc3ncnc4cnc(Nc5ccccc5)nc34)c2)cc(OC)c1OC,0.225059625,2.562334576,0.58,0.44,541.543,5.3242
COc1ccc(-n2ccnc2)cc1OC1CCCC1,0.844565814,2.144293998,0.04,0.01,258.321,3.2023
CC(C)C(NC(=O)Cn1c(-c2ccccc2)ccc(NC(=O)CCc2ccccc2)c1=O)C(=O)C(F)(F)F,0.409587083,2.918964752,0.01,0.01,527.543,4.3588
CCCCCN=C(O)Nc1cc2ncnc(Nc3ccc(OC)c(Cl)c3)c2cn1,0.271938387,2.697176877,0.55,0.24,414.897,4.9465
COc1ccc(C(=O)C=Cc2ccccc2)cc1,0.600695037,1.528066018,0,0,238.286,3.5913
Cc1ccc(C(=O)Nc2ccc(CN3CCN(C)CC3)c(C(F)(F)F)c2)cc1,0.855424503,2.005694527,0.03,0.03,391.437,4.01352
COc1ccc(-c2ccc(C(=O)Nc3ccc4c(c3)C3(C)CCC(C3)N4C)cc2)cc1,0.582230102,3.770586418,0.02,0.03,412.533,5.8745
O=C(NC(CCCCCCCS)C(=O)O)c1ccccc1,0.459333213,2.359088803,0.02,0.01,309.431,3.14
CN(C)Cc1ccc(C(=O)Nc2ccc(Cl)c(C(=O)c3cnccc3C(=O)O)c2)cc1,0.542224586,2.221195296,0.01,0.03,437.883,3.9781
CCCOc1cc(NC(=O)Nc2ccc(Cl)cc2)ccc1-c1ncc[nH]1,0.560115905,2.164394413,0.29,0.07,370.84,5.1629
Nc1ncnc2c1ncn2C1OC(C(=O)NCCC(=O)O)C(=O)N1c1ccc(-c2ccccc2)cc1,0.327886402,3.597503492,0.25,0.03,487.476,1.5545
CN(C)CCCC=C(c1ccc(Cl)cc1)c1ccccc1,0.669705434,1.957776697,0.01,0,299.845,5.1135
CC(C)c1ccc(Nc2ncc(C(F)(F)F)nc2NC(C)=O)cc1,0.871093904,2.456399431,0.18,0.23,338.333,4.3208
O=C1NC(=O)C(=Cc2ccc(-c3ccc(O)cc3)c(-c3ccc(Cl)cc3)c2)C1=O,0.299606529,2.33061389,0.51,0.2,403.821,3.9885
Clc1ccc(CNc2ncnc3[nH]ccc23)cc1,0.75840738,2.105164918,0.48,0.06,258.712,3.2234
Cc1cc(C)c(-c2nc3ccc(N4CCCC4)cc3nc2NC(=O)CC(C)(C)C)cc1,0.576150583,2.483177444,0.05,0.03,416.569,5.88854
CC(C)(C)OC(=O)Nc1cccc(-c2n[nH]c3ccc(-c4n[nH]c(-c5ccccc5)n4)cc23)c1,0.308495972,2.482053149,0.48,0.23,452.518,6.029
CN(C)C1CCN(C(=O)c2cc(Nc3nccc4cc(C#N)cnc34)ccc2Cl)CC1,0.665918108,2.595559473,0.27,0.17,434.931,4.06468
COc1ccc(Nc2nccc(Nc3ccccc3C(=O)O)n2)cc1,0.631706241,1.968555082,0.77,0.41,336.351,3.6706
Cc1cc(Nc2cc(C(F)(F)F)ccn2)nc(-c2ccc(NC3CCN(C(=O)c4ccccc4)CC3)nc2)c1,0.302204634,2.655866413,0.22,0.25,532.57,6.32612
COc1ccc(-n2c(C)nnc2-c2cnc(-c3ccccc3)s2)cc1,0.54926186,2.215483691,0.09,0.1,348.431,4.37482
COc1ccc(-c2ccc3ccccc3c2)c(OC)c1,0.691906054,1.582078395,0.07,0.06,264.324,4.524
CCCc1ccc(-c2ccc(C(=O)N(C)C)o2)cc1,0.838115242,1.935432978,0.03,0,257.333,3.6009
COc1cc(-c2ccc3ncccc3c2)ccc1OCCN1CCCCC1,0.632264568,1.975541539,0.12,0.08,362.473,4.7751
O=C(Nc1ccc(OC(F)(F)F)cc1)c1cnc(N2CCC(O)C2)c(-c2cncc(F)c2)c1,0.557658494,3.005366945,0.14,0.12,462.403,4.0046
COc1ccc(-c2ccc(C(=O)Nc3cccc(CNc4ncnc5c(N)nccc45)c3)cc2)cc1,0.297609935,2.280558868,0.44,0.07,476.54,5.147
CC(C)(C)c1ccc(NC(=O)Nc2ccc(Oc3ccnc(Nc4ccccc4)n3)cc2)cc1,0.293813831,2.158341375,0.55,0.34,453.546,6.954
CS(=O)(=O)c1ccc(-n2nc(C(N)=O)c3c2-c2cc(NC(=O)c4ccccc4Cl)ccc2CC3)cc1,0.410610296,2.469035403,0.08,0.05,520.998,4.046
Cc1ccc(C(=O)Nc2ccc(CN3CCC(C(O)=NC4CCCCC4)CC3)cc2)cc1,0.450344853,2.346375142,0.02,0.01,433.596,5.74852
COc1ccc(C(=O)Nc2cccc3ccccc23)cc1NC1CCC(NC(=O)CC(C)C)CC1,0.375647891,2.236273601,0.03,0.04,473.617,5.9861
Cc1cc(Nc2cc(C(F)(F)F)ccn2)nc(-c2cnc(C(C)(O)C3CCC(C(=O)O)CC3)s2)c1,0.389513371,3.513726729,0.29,0.13,506.55,5.76942
COc1ccc(NC(=O)Nc2ccc(-c3cnc(N)c4sc(C(=O)O)cc34)cc2)cc1,0.353967619,2.348783249,0.66,0.15,434.477,4.8963
Cc1cc(C(=O)Nc2ccc(-c3ccccc3S(N)(=O)=O)cc2)n(-c2ccccc2)n1,0.500742203,2.087004403,0.08,0.01,432.505,3.74742
CC(=O)c1cc(O)c2ccc(C=Cc3ccccc3)c(OC)c2c1,0.548003738,2.229924659,0,0.03,318.372,4.927
CNC(=O)Cn1c(=O)n(C(C)C)c2ccc(-c3cccc(C#N)c3)cc21,0.787044943,2.413554489,0.08,0.02,348.406,2.66858
CC(=O)Nc1ccc(-c2nc(N3CCOCC3)c3cnn(C4CCN(C(=O)C5CC5)C4)c3n2)cc1,0.604329057,3.068388192,0.1,0.08,475.553,2.4717
COc1ccc(-c2ccccc2C(=O)Nc2ccc(-c3ccccc3N)cn2)cc1,0.452049575,1.981410903,0.27,0.09,395.462,5.2587
c1ccc(CNc2ccc(-c3ccncc3)cc2)cc1,0.753518579,1.559451949,0.64,0.08,260.34,4.3607
COc1ccc(-c2nn(-c3ccccc3)cc2-c2nc(-c3ccccc3)nn2C)cc1,0.410905797,2.22210607,0.07,0.01,407.477,5.0104
Cc1cc(C)c(NC(=O)Nc2ccc(Nc3cnccc3C#N)c(C(=O)O)c2)cc1,0.492493766,2.323638318,0.15,0.09,401.426,4.65592
CNc1nccc(-c2nc(-c3ccc(F)cc3)no2)c1,0.792257166,2.101488209,0.34,0.51,270.267,2.9794
COc1ccc(-c2nc(Nc3cccc(N4CCOCC4)c3)no2)cc1,0.754904188,2.18685906,0.15,0.14,352.394,3.3254
O=C1NCc2c1c1ccccc2n1Sc1ccccc1,0.902478793,4.206903504,0.3,0.08,280.352,1.4177
CNC(=O)c1ccc(-c2ccc3c(c2)Nc2ccccc2NC3=O)cc1,0.6580134,2.116183951,0.7,0.08,343.386,4.0225
COc1ccc(Nc2ncc(C(=O)Nc3ccccc3N3CCOCC3)nc2-c2ccccc2)cc1,0.384651168,2.314645498,0.22,0.24,481.556,4.9847
Cc1ccc(C(=O)Nc2cc(Nc3cc(N4CCOCC4)cc(Nc4cc(C(F)(F)F)ccn4)n3)ccn2)cc1,0.266820821,2.775818188,0.13,0.34,549.557,5.77492
CC(=O)c1cnc2ccc(-c3ccc(F)c(Cl)c3)nc2n1,0.67743468,2.356538536,0.16,0.18,301.708,3.6869
COc1ccc(-c2nc(Nc3ccccc3)nc(N)n2)cc1,0.768943692,1.845301001,0.17,0.12,293.33,2.873
CC(C)c1cccc(NC(=O)c2ccc(Cl)c(Nc3ncnc4cnc(N5CCCC5)nc34)c2)c1,0.354861054,2.508143613,0.18,0.14,487.995,5.7927
O=C1NCC(c2c(O)ccc3[nH]c(-c4cccc(Cl)c4)nc23)C1,0.676091899,3.128077809,0.34,0.08,327.771,3.1924
O=C(CCCCCO)Nc1cc2c(Nc3ccc(Br)cc3F)ncnc2cc1OCCCO,0.259009543,2.51217296,0.27,0.14,521.387,4.5274
COc1ccc(Nc2ncc(C(=O)Nc3ccccc3C(=O)O)cc2)cc1,0.616069646,1.839378709,0.14,0.27,363.373,3.7843
COc1ccc(-n2nc(C(N)=O)c3c2-c2cc(NC(=O)c4ccccc4)ccc2CC3)cc1,0.49199066,2.254807847,0.08,0.01,438.487,3.9977
CN(C)CCN(C)C(=O)c1ccc(Nc2nccc(Nc3ccccc3)n2)cc1,0.612281178,2.184648981,0.64,0.4,390.491,3.5974
COc1ccc(CNc2ncnc3ccc(-c4ccc(C#N)cc4)cc23)cc1OC,0.504335633,2.145468728,0.16,0.09,396.45,4.79778
COc1ccc(-c2ccc(C(=O)NC(C)c3ccccc3)cc2)cc1OC,0.681836253,2.086295366,0.05,0.03,361.441,4.8618
COc1ccc(Nc2ncc(Br)c(Nc3cc(C4CC4)n[nH]3)n2)cc1,0.56986689,2.664537775,0.61,0.45,401.268,4.3354
CCN(CC)c1ccc(C=NNC(=O)c2ccc(Cl)cc2)cc1,0.643922727,1.933135986,0.01,0,329.831,3.9501
O=C1NC(=O)C(=Cc2ccc(-c3ccccc3)cc2)S1,0.854122807,1.941004124,0.58,0.23,281.336,3.6775
COC(=O)c1ccc2c(c1)nc(-c1ccc(NC(=O)C=Cc3ccc(N)cc3)cc1)n2C1CCCCC1,0.188057564,2.438577247,0.08,0.08,494.595,6.2292
COc1ccc(Nc2ncc(C(=O)Nc3ccccc3N)[nH]2)cc1,0.54024306,2.196819426,0.24,0.29,323.356,2.9964
CN(C)c1ccc(C=NNc2nc(N)n3nc(-c4ccco4)nc3n2)cc1,0.406858151,2.753935429,0.05,0.03,363.385,1.8735
COc1ccc(-n2nc(C(N)=O)c3c2-c2cc(NC(=O)c4ccccc4)ccc2CC3)cc1,0.49199066,2.254807847,0.08,0.01,438.487,3.9977
CCCn1c(=O)c2[nH]c(-c3ccc(OCC(=O)O)cc3)nc2n(C)c1=O,0.677381906,2.335135259,0.24,0.01,358.354,0.9637
Cc1cc(C)cc(Nc2ncnc3ccc(-c4ccccc4)cc23)c1,0.528130444,1.946610351,0.52,0.27,325.415,5.65724
O=C(Nc1ccc(Cl)cc1)c1cnccc1Nc1ccc(-c2ccc(F)cc2)cc1,0.38746845,1.942815147,0.25,0.25,417.871,6.537
O=C1Nc2ccccc2C(=O)N1Cc1ccc(-c2ccnc3[nH]cnc23)cc1,0.510954763,2.410385781,0.33,0.08,369.384,2.6764
CC(=O)Nc1cc(Nc2nccc(Nc3ccccc3NC(=O)CC)n2)cc(OC)c1OC,0.380337979,2.450230127,0.32,0.29,450.499,4.2879
CN(C)CC(=O)Nc1ccc(-c2nc(N3CCOCC3)c3cnn(C4CCOCC4)c3n2)cc1,0.591723806,2.675390883,0.11,0.05,465.558,2.1815
CCC(=O)c1cnc2ccc(-c3ccc(F)c(Cl)c3)nc2n1,0.683408425,2.433823605,0.17,0.14,315.735,4.077
CC(C)CC(O)C(=O)NC1CCCC2C(=O)OC(C(=O)c3ccc(O)cc3)=C12,0.508791507,3.894612288,0,0.01,387.432,2.0777
CC(C)(C)c1ccc(C(=O)Nc2ccc(Cl)c(C(=O)Nc3ccc4c(c3)-c3ccccc3C(=O)O4)c2)cc1,0.189208655,2.250292401,0.02,0.01,525.004,7.4017
CCC(C)C1C(=O)NC(C(=O)NC)C(=O)C2(C)C=CC(=O)C=C12,0.742692251,4.462424596,0.03,0,318.373,0.5338
CCCN(CCC)CCCCCCCCCCCCCCNC(=O)CC(=O)c1c(C(=O)O)nc2ccccc2n1,0.088014066,2.766260593,0,0,554.776,6.8202
COc1ccc(-c2ccccc2C(=O)Nc2ccc(-c3ccccc3N)cc2)cc1,0.416534141,1.799782786,0.06,0.02,394.474,5.8637
COc1ccc(-c2nnc(Nc3ccccc3)o2)cc1,0.783664938,1.796725704,0.89,0.05,267.288,3.4888
COc1cc(Nc2ncc(Nc3ccccc3)nc2-c2ccc3ccccc3c2)ccc1O,0.264861012,2.31398712,0.41,0.36,434.499,6.4982
CNc1ccc2[nH]nc(-c3cccc(NC(=O)Cc4ccccc4)c3)c2c1,0.494608786,2.076387306,0.49,0.18,356.429,4.4528
Cc1cc(C)cc(Nc2nccc(Nc3ccccc3)n2)c1,0.738081854,1.969072636,0.76,0.39,290.37,4.58064
COc1ccc(CNC(=O)c2cc(O)c3ccccc3n2)cc1OC,0.747559606,1.976795982,0.01,0.02,338.363,2.8876
COc1ccc(CNC(=O)c2ccc(-c3cncc(C)c3)cc2)cc1OC,0.719852039,1.875064024,0.15,0.02,362.429,4.00422
CN(C)C(=O)c1ccc(-c2nnc(Nc3cccc(N4CCOCC4)c3)s2)cc1,0.695670433,2.254752284,0.09,0.08,409.515,3.4871
CNC(=O)c1ccc(-c2ncc3ccnc(Nc4ccc(N5CCOCC5)cc4)c3n2)cc1,0.489545691,2.424269594,0.33,0.44,440.507,3.6316
COc1ccc(-c2nc(Nc3ccccc3)nc(Nc3ccccc3)n2)cc1,0.496344545,1.903265005,0.19,0.18,369.428,5.0344
COc1ccc(Nc2ncc(C(=O)Nc3ccccc3N)cc2-c2nc(C)nc(N)n2)cc1,0.328804087,2.431984581,0.21,0.21,442.483,3.41092
COc1ccc(-c2nc(Nc3ccccc3)nc(N)n2)cc1,0.768943692,1.845301001,0.17,0.12,293.33,2.873
COc1ccc(-c2cccc(CNc3nc(C)c(C)o3)c2)cc1,0.749230165,2.103315997,0.13,0.01,308.381,4.57914
CC(C)c1cccc(C(C)C)c1NC(=O)Nc1ccc(Br)cc1,0.643227807,1.926873839,0.01,0,375.31,6.3399
COc1ccc(-c2nc(-c3ccc(C)cc3)c(-c3ccc(C)cc3)n2C2CCCC2)cc1,0.330565113,2.17558209,0.01,0.04,422.572,7.62464
CC(C)(C)c1ccc(NC(=O)Nc2ccc(Oc3ccnc(Nc4ccc5c(c4)CCC5=O)c3)cc2)cc1,0.249293198,2.457556574,0.2,0.27,506.606,7.6879
COc1ccc(-c2nc(Nc3ccc(N4CCN(C)CC4)cc3)ncc2F)cc1,0.71192778,2.141009427,0.48,0.68,393.466,3.7867
COc1ccc(C(C)=O)cc1-c1ccccc1F,0.769310391,1.635960041,0.02,0.03,244.265,3.7039
COc1ccc(C(=O)Nc2ccc(CN3CCC(C(O)=NC4CCOCC4)CC3)cc2)cc1,0.484577577,2.47239393,0,0,451.567,4.295
CCCCCCCCCCCCCCCC(=O)OC1(CO)CC(=O)C2=C1SC(=O)C=C2,0.250172468,3.509373208,0.02,0.02,450.641,5.9068
Cc1ccc(NC(=O)c2cccc(-c3cncc(Nc4cccc(N5CCOCC5)c4)n3)c2)cc1,0.403128108,2.293914212,0.16,0.15,465.557,5.28452
O=C(NC1CCN(C(=O)c2ccc(NC(=O)c3ccccc3-c3ccccc3)cc2)CC1)C(=O)O,0.493427184,2.11312037,0.04,0.02,471.513,3.4113
Cc1ccc(-c2nc(-c3cccc4ccccc34)[nH]n2)cc1,0.584495921,1.922210694,0.19,0.03,285.35,4.60032
COc1ccc(C(=O)C=Cc2ccccc2)cc1OC,0.613670418,1.658439682,0,0,268.312,3.5999
CC(=O)Nc1ccc(Nc2ncc(C(N)=O)c(Nc3cc(C4CC4)[nH]n3)n2)cc1,0.414436674,2.514404696,0.58,0.3,392.423,2.6216
Cc1ccc(-c2ccc(C(=O)Nc3ccccc3N)cc2)cc1,0.700008243,1.547139074,0.04,0.01,302.377,4.49652
COc1ccc(CNc2nc(Nc3ccccc3)cc(N3CCOCC3)n2)cc1,0.636534403,2.141186567,0.1,0.06,391.475,3.6775
Cc1cc(Nc2nccc(-c3cnc(N4CCCC4)c(NC4CCCC4)n3)n2)cc(Cl)c1O,0.42160188,2.770748257,0.5,0.32,465.989,5.29932
COc1ccc(CNC(=O)c2ccc(NC(=O)Nc3ccc(N4CCOCC4=O)cc3)cc2)cc1,0.484594561,2.128502639,0.05,0.04,474.517,3.6324
Cc1ccc(-c2nc(N)c3ccccc3n2)cc1,0.704351446,1.705049154,0.09,0.01,235.29,3.18742
CN(C)C(=O)c1ccc(-c2cnc3nc(Nc4ccc(N5CCOCC5)cc4)cnc3n2)cc1,0.489380572,2.580588085,0.19,0.51,455.522,3.3688
COc1ccc(-c2nn(C(C)C)c3ncnc(N)c23)cc1OC,0.796396517,2.339074629,0.5,0.2,313.361,2.6736
COc1ccc(CNc2nc(Nc3cc(N4CCOCC4)cc(N4CCOCC4)n3)ncc2[N+](=O)[O-])cc1,0.315332026,2.77084657,0.38,0.24,522.566,2.8173
CCC(C)C(N)CN1CC(=O)N(c2cc(OC)c(OC)c(OC)c2)C1=O,0.706769571,3.349849249,0.01,0,365.43,1.8544
Cc1cccc(NC(=O)Nc2ccc(-c3cccc4cnccc34)cc2)c1,0.484949436,1.880981269,0.52,0.25,353.425,5.85422
COc1ccc(-c2nc(-c3cccc4ccccc34)[nH]n2)cc1,0.613512575,1.925132533,0.27,0.03,301.349,4.3005
Cc1nnc(-c2ccc(-c3ccc4c(c3)OCCN4C)c(C(=O)O)c2)o1,0.774646797,2.456877722,0.11,0.01,351.362,3.23882
COc1ccc(-c2nc(-c3ccccc3)n(-c3ccc(OC)cc3)n2)cc1,0.522926179,1.850277861,0.11,0.04,357.413,4.6185
Cc1cccc(-c2nc(NCc3ccccc3)nc(Nc3ccccc3)n2)c1,0.490166583,1.970123578,0.14,0.07,367.456,5.20272
COc1cccc(-c2nc(Nc3ccccc3)nc(N)n2)c1,0.768943692,1.901892828,0.25,0.12,293.33,2.873
CC(C)=CCn1c(N2CCCC(N)C2)nc2ccccc21,0.881565852,2.852348999,0.03,0.03,284.407,2.93
N#Cc1ccc(-c2cncc(-c3cncc(NC(=O)C4CC4)n3)c2)cc1,0.784778921,2.368649182,0.33,0.07,341.374,3.42578
COc1ccc(Nc2ncc(-c3ccccc3)nc2N)cc1OC,0.748077078,2.042725781,0.55,0.35,322.368,3.4866
CN(C)CC(=O)Nc1cccc(-c2nc(Nc3ccc(N4CCOCC4)cc3)ncc2F)c1,0.571174884,2.389535296,0.4,0.49,450.518,3.363
COc1cc2nccc(Oc3ccc(NC(=O)Nc4ccccc4)cc3)c2cc1OC,0.422853958,1.981992934,0.38,0.37,415.449,5.6883
CC(C)(C)c1ccc(NC(=O)Nc2ccc(-c3nc(N4CCOCC4)nc4ccccc34)cc2)cc1,0.369559954,2.280239062,0.05,0.05,481.6,6.0749
CN(C(=O)Cn1c(=O)oc2ccc(-c3ccc(Cl)cc3)cc21)C(=O)c1ccccc1,0.495354437,2.329445616,0.02,0.04,420.852,4.2137
OCC1OC(c2ccc(Cl)c(Cc3ccc(-c4ccccc4)cc3)c2)C(O)C(O)C1O,0.489188841,3.399660854,0.07,0.04,440.923,3.1127
CNC(=O)c1ccc(-c2nc3ccc(C)cn3n2)cc1,0.772071908,2.115972476,0.03,0.02,266.304,2.06432
COc1cc(-c2cnc(N)c(-c3ccc(C(O)=Nc4cc(C(C)(C)C)on4)cc3)n2)cc(OC)c1OC,0.252626852,2.986727042,0.25,0.13,503.559,5.3404
COc1ccc(Nc2ncc(-c3ccccc3)o2)cc1OC,0.767763686,1.961654126,0.89,0.27,296.326,4.1024
CC(=O)Nc1cc(Nc2cc(Nc3cccc(Cl)c3)ncn2)ccc1OC,0.576864096,2.169381107,0.21,0.34,383.839,4.5842
O=C1NC(=O)C(=Cc2ccc(OCc3ccccc3)c(Cl)c2)S1,0.841839816,2.088437675,0.5,0.23,345.807,4.2429
COc1ccc(C(=O)Nc2ncc(C(=O)c3ccccc3Cl)s2)cc1,0.678239432,1.957586881,0.09,0.06,372.833,4.2884
Cc1cccc(CNc2nccc(-c3cnc4ccccn34)n2)c1,0.623534038,2.296100843,0.49,0.22,315.38,3.71182
COc1ccc(C(=O)Nc2ccc(F)c(C(F)(F)F)c2)cc1Nc1ncnc2cnc(Nc3ccc(N4CCOCC4)cc3)nc12,0.170887856,2.837073071,0.44,0.54,634.594,6.1624
COc1ccc(-c2nc(Nc3cccc(CN4CCOCC4)c3)no2)cc1,0.717282247,2.175440193,0.1,0.03,366.421,3.321
CC(=O)Nc1nc(C)c(-c2csc(Nc3ccccc3)n2)s1,0.749192746,2.201378302,0.04,0,330.438,4.27702
O=C(NC1CCC(c2ccccc2)CC1)c1ccccc1,0.898427725,1.58979573,0.02,0,279.383,4.1428
COc1ccc(-c2nc(-c3cccc4cnccc34)on2)cc1,0.57302513,2.000009682,0.18,0.08,303.321,3.9604
COc1cc(Nc2nccc(-c3cnn4ccccc34)n2)cc(OC)c1OC,0.549970527,2.432995579,0.88,0.34,377.404,3.5607
Cc1ccc(C(=O)Nc2cccc(C(F)(F)F)c2)cc1Nc1ncnc2cnc(Nc3ccccc3)nc12,0.237523431,2.472681909,0.54,0.38,515.499,6.48652
COc1ccc(-c2ccc(C(N)=O)c(Nc3ccc(N4CCNCC4)cc3)n2)cc1,0.585978776,2.20297642,0.25,0.26,403.486,3.0093
COc1ccc(CNc2nc(Nc3ccccc3)ncc2[N+](=O)[O-])cc1,0.493470281,2.04239872,0.67,0.24,351.366,3.7491
O=C1NC(=O)c2c1c1c3ccccc3nc-1c1c2cc2ccccc2n1C(=O)c1ccccc1,0.28542367,2.673638435,0.33,0.14,441.446,5.068
CC(C)(C)c1ccc(CNc2nc(Nc3ccccc3)ccc2O)cc1,0.575025737,2.087110571,0.15,0.04,347.462,5.4404
CN(C)CCNc1ccc(-c2cccc3c(Nc4ccc(N5CCOCC5)cc4)nncc23)cc1,0.383180364,2.490501367,0.25,0.21,468.605,4.8505
COc1ccc(-c2ccc(C(=O)Nc3ccc(C(=O)O)cc3)cc2)cc1,0.720891165,1.537541756,0.02,0.02,347.37,4.3127
COc1ccc(-n2cc(C(=O)O)c(=O)c3ccccc32)cc1,0.806327886,1.856572985,0.02,0.01,295.294,2.6975
COc1ccc(-c2ccccc2)cc1Nc1nccc(-c2c[nH]c3ncccc23)n1,0.415832089,2.287612149,0.87,0.39,393.45,5.4391
O=C(Nc1ccc(-c2noc(-c3ccccc3)n2)cc1)c1ccccc1,0.58623049,1.678971348,0.03,0,341.37,4.6559
CCN(CC)CCNC(=O)c1ccc2c(c1)nc(-c1ccc(OC)nc1)n2C1CCCCC1,0.513355402,2.481113758,0.07,0.05,449.599,4.6837
CCN(CC)c1ccc(Nc2nccc(Nc3ccccc3N)n2)cc1,0.549564179,2.23387072,0.56,0.39,348.454,4.3922
CN(C)c1ccc(C=C2C=C(c3ccccc3)C(=O)O2)cc1,0.806933595,2.432316764,0.03,0,291.35,3.7339
CC(=O)c1cn(CC(=O)Nc2cccc(Cl)c2)c(=O)cc1-c1cc(Cl)ccc1Cl,0.536251121,2.25761646,0.01,0.03,449.721,5.3168
COc1ccc(CNc2nc(NCCN)nc(Nc3ccccc3)n2)cc1OC,0.410503156,2.219487449,0.12,0.05,395.467,2.6151
COc1ccc(Nc2ncc(-c3ccccc3)o2)cc1OC,0.767763686,1.961654126,0.89,0.27,296.326,4.1024
CCCCCCCCCCCCCCCCCCCCC(=O)C(=O)Nc1c(C(C)C)cccc1C(C)C,0.116756066,2.450894444,0,0,513.851,10.8728
COc1ccc(C(=O)Nc2cccc(C(F)(F)F)c2)cc1Nc1ncnc2cnc(N3CCCCC3)nc12,0.344644072,2.574383814,0.25,0.19,523.519,5.4334
COc1ccc(CNc2nc(N3CCOCC3)nc(Nc3cc(N4CCOCC4)ccn3)c2)cc1,0.50402823,2.591686104,0.13,0.29,477.569,2.9091
COc1ccc(-n2nc(C(F)(F)F)cc2C(=O)Nc2ccc(-c3ccccc3S(N)(=O)=O)cc2)cc1,0.392444518,2.337631263,0.12,0.04,516.501,4.4664
COc1ccc(Nc2ncc(C(=O)Nc3ccccc3)[nH]2)cc1,0.674599995,2.017343906,0.17,0.19,308.341,3.4142
CN(C)c1ccc(C(=O)Nc2ccc(Cl)cc2C(=O)Nc2ccc(Cl)cn2)cc1,0.601504221,2.030044409,0.05,0.01,429.307,4.959
Cc1ccc(-c2ccc3c(c2)C2(N=C(C)C(N)=N2)C2(CCC(OC)CC2)C3)cc1,0.806168343,4.090804836,0.11,0.02,387.527,4.77802
Cc1ccc(-c2nc(-c3cccc4ccccc34)[nH]n2)cc1,0.584495921,1.922210694,0.19,0.03,285.35,4.60032
Cc1ccc(-c2nccnc2Nc2ccc(Nc3ccccc3)cc2)cc1,0.466596219,1.967140385,0.19,0.25,352.441,5.93922
COc1ccccc1Nc1ncc(Cl)c(Nc2ccccc2S(=O)(=O)O)n1,0.528413934,2.225290537,0.71,0.52,406.851,3.8725
COc1ccc(C(=O)Nc2ccc(-c3nc(N4CCOCC4)nc(N4C5CCC4COC5)n3)cc2)cc1,0.544964332,3.947009085,0.05,0.02,502.575,3.0037
COc1cccc(Nc2nccc(Nc3cc(N4CCOCC4)ncn3)c2)c1,0.676469265,2.373432012,0.32,0.43,378.436,3.204
CC(C)C(=O)Nc1ccc(-c2nc(-c3cccc4c3ncn4CCCO)ccn2)cc1,0.473247618,2.451866539,0.19,0.09,415.497,4.1372
CCCCCCCCCCCCCCCCCCCCCCCC(=O)c1ncc(-c2ccccn2)o1,0.107057881,2.543084831,0.06,0.04,496.78,10.5214
CNC(=O)c1ccc(-c2ccc3c(c2)CCC3N2CCC(N3CCCCC3)C2=O)cc1,0.823610129,3.121033133,0.04,0.07,417.553,3.7873
O=C(Nc1ccccc1)c1n[nH]c2ccc(-c3ccccc3)cc12,0.585563946,1.797292176,0.73,0.13,313.36,4.4822
Cc1ccc(-c2nc(-c3ccc(S(C)(=O)=O)cc3)c(-c3ccncc3)[nH]2)cc1,0.556812993,2.183931006,0.4,0.24,389.48,4.51762
Cc1cccc(-c2nc(N)c3ccccc3n2)c1,0.704351446,1.773467793,0.09,0.01,235.29,3.18742
O=C1CC(=O)Nc2ccc(-c3cccc(Cl)c3)cc21,0.806668957,2.128828431,0.35,0.1,271.703,3.5319
Cc1ccc(C(=O)Nc2ccc(C(=O)Nc3ccc(N4CCCCC4=O)cc3)cc2)cc1,0.600333996,1.866395354,0,0,427.504,5.01652
COc1ccc(-c2nc(C3CCCCC3)[nH]c2-c2ccc3ccccc3n2)cc1,0.446697586,2.216652936,0.18,0.12,383.495,6.3482
CC(C)C(=O)NC(=O)c1cccc(NC(=O)c2cc3ccc(Cl)cc3[nH]2)c1,0.635816685,2.152073654,0.03,0,383.835,3.986
COc1ccc(-c2cnc(N)c(-c3ccc(N4CCOCC4)cc3)n2)cc1,0.768053389,2.121488961,0.39,0.08,362.433,3.238
COc1cc2c(cc1OC)C(=O)C(C=Cc1ccc(OC)cc1)C2=O,0.781861515,2.404510137,0.04,0,338.359,3.421
Cc1cc(C)cc(Nc2nccc(Nc3ccccc3)n2)c1,0.738081854,1.969072636,0.76,0.39,290.37,4.58064
Cc1ccc(-c2cccc3cnc(Nc4ccc(N5CCNCC5)cc4)nc23)cc1,0.521841324,2.24873246,0.47,0.59,395.51,4.75842
O=C1NCCc2[nH]c3ccccc3c21,0.642319075,2.309251693,0.51,0.13,186.214,1.4538
CCOc1ccccc1-c1cccc(CNc2nccc(C(N)=O)n2)c1,0.683880387,2.135684874,0.3,0.13,348.406,3.2533
O=C(Nc1ccc(N2CCOCC2)cc1)c1ccc(-c2ccccc2)o1,0.773184309,1.885536183,0,0.04,348.402,4.0355
CC(=O)Nc1ccc(-c2nc(N)c3cc(-c4cnccc4)ccn23)cc1,0.59499288,2.414083028,0.43,0.03,343.39,3.6039
COc1ccc(-c2ccc(C(=O)NC(Cc3ccccc3)C(=O)Nc3ccc(Cl)cc3)cc2)cc1OC,0.286865811,2.401944283,0.02,0.01,515.009,6.004
Cc1ccc(-c2nc(-c3ccc(N)cc3)c(-c3ccncc3)[nH]2)cc1,0.5363797,2.130056716,0.42,0.26,326.403,4.69632
COc1ccc(C2=NNC(=O)C2=NNc2ccc(C(C)(C)C)cc2)cc1OC,0.779732797,2.586304586,0.87,0.07,380.448,3.3033
COc1ccc(-n2nc(C(N)=O)c3c2-c2cc(NC(=O)c4ccccc4)ccc2CC3)cc1,0.49199066,2.254807847,0.08,0.01,438.487,3.9977
CN(C)c1cc(-c2ccc(Nc3nccc(C(N)=O)n3)cc2)ccn1,0.743700925,2.331869871,0.67,0.62,334.383,2.4471
COc1cc(-c2cnn(C)c2)ccc1Nc1ncc2cnn(-c3ccccc3)c2n1,0.483220516,2.44749711,0.43,0.44,397.442,3.9682
O=S(=O)(Nc1cccc(-c2cnc3[nH]cc(C(F)(F)F)c3c2)c1)c1ccccc1,0.488010697,2.389228711,0.38,0.18,417.412,5.0495
Cc1ccc(C(=O)Nc2cccc(C(F)(F)F)c2)cc1Nc1ncnc2cnc(Nc3ccccc3)nc12,0.237523431,2.472681909,0.54,0.38,515.499,6.48652
COc1ccc(-c2ccc3c(c2)Nc2ccccc2NC3=O)cc1,0.722008455,2.006317419,0.79,0.06,316.36,4.6715
CN(C)CCn1cc(Nc2ncc3c(n2)-c2c(nn(C)c2-c2ccccc2)CC3)cn1,0.522355744,2.837966781,0.36,0.3,414.517,3.1444
CN(C)c1ccc(-c2nc(-c3ccc(F)cc3)c3n2CC(C)OCC3)cc1,0.689845397,3.009513748,0.17,0.05,365.452,4.3834
COc1cc(C=NNC(=O)c2cccc(-c3cccc(C)c3)c2)cc(OC)c1OC,0.466543212,2.05314806,0.04,0.05,404.466,4.45172
O=C1NC(=O)C(=Cc2ccc(-c3ccc(Cl)cc3)cc2)S1,0.838937599,2.013269774,0.6,0.19,315.781,4.3309
Cc1ccc(-c2n[nH]cc2-c2ccnc(NC3CCOCC3)n2)cc1,0.763773184,2.678384708,0.57,0.42,335.411,3.43302
COc1ccc(Nc2ncc(C(N)=O)nc2-c2ccccc2)cc1,0.753980781,2.038688322,0.34,0.29,320.352,2.9947
COc1ccc(-c2ccc(S(=O)(=O)Nc3ccc(Cl)cn3)cc2)cc1,0.725855837,1.842769113,0.08,0.1,374.849,4.2114
COc1ccc(-c2ccc(C(=O)Nc3cccc(N4CCNCC4)c3)cc2)cc1,0.694226069,1.883535329,0.1,0.02,387.483,4.0241
COc1ccc(-c2ccc(C(=O)Nc3ccccc3N)cc2)cc1,0.708716573,1.568300363,0.05,0,318.376,4.1967
CC(=O)C1=C(c2ccc(Cl)cc2)CC2=C(C1)CCC2=O,0.818801459,2.915662773,0.1,0.03,286.758,4.1359
Cc1cc(C(=O)Nc2ccc(-c3ccccc3S(N)(=O)=O)cc2)n(-c2cc3ccccc3cc2F)n1,0.352527281,2.387423173,0.13,0.07,500.555,5.03972
CC(C)c1c(C(=O)O)nc2n1CCOc1ccc(C#CC(C)(C)O)cc1-2,0.81029571,3.076743466,0.04,0,354.406,2.8865
Cc1ccc(-n2nccn2)cc1Nc1ncnc2scc(-c3ccccc3)c12,0.472632772,2.526013291,0.2,0.14,384.468,4.99102
Cc1ccc(-c2nc(N)c3cc(-c4ccccc4)oc3n2)o1,0.602681852,2.460853405,0.2,0,291.31,4.04042
CC(=O)Nc1ccc(-c2ccnc3[nH]c(-c4ccc(C)cc4)nc23)cc1,0.573263068,2.152944566,0.54,0.17,342.402,4.55872
O=C(O)Cc1ccc(-c2ccc(-c3ccc(Cl)c(C(=O)C4C5CCC(CC4)C5)c3)o2)cc1,0.416082361,4.101128083,0.04,0.02,448.946,6.9031
COc1cccc(Nc2ncc(C(=O)c3ccccc3)s2)c1,0.720033813,1.965929126,0.11,0.14,310.378,4.1263
COc1ccc(Nc2ncc(C(=O)c3ccccc3C(F)(F)F)s2)cc1,0.624422609,2.212423799,0.28,0.36,378.375,5.1451
CC(=O)Nc1ccc(-c2cccc3c(Nc4ccc(N5CCOCC5)cc4)nncc23)cc1,0.463480473,2.332600919,0.26,0.2,439.519,4.8354
N#Cc1ccc(-c2ccc(-c3ccc(O)cc3)o2)cc1,0.752007691,1.934909429,0.04,0.03,261.28,4.19088
COc1cccc(CNC(=O)c2ccc(-c3cccc4[nH]ncc34)cc2)c1,0.563292536,1.944685845,0.57,0.08,357.413,4.1685
O=C1Nc2ccc(-c3cccnc3)cc2C1=Cc1ccc[nH]1,0.707862475,2.491696612,0.63,0.32,287.322,3.5694
COc1ccc(C(=O)Nc2cccc(C(N)=O)c2)cc1Nc1ncnc2[nH]c(-c3ccc(O)c(Cl)c3)cc12,0.196905062,2.579292377,0.32,0.16,528.956,5.0873
COc1ccc(-n2nc(C(N)=O)cc2NC(=O)c2ccc(C)cc2)cc1,0.738437929,1.981646349,0.04,0,350.378,2.54052
Cc1cc(C)nc(Nc2ccc(Nc3ncccc3Nc3ccccc3)[nH]2)c1,0.352587347,2.708888595,0.38,0.28,370.46,5.65234
CN(C)CCCOc1ccc(-c2nc(-c3cccc4ccccc34)on2)cc1,0.43190474,2.040733999,0.07,0.01,373.456,4.8873
COc1ccc(CNC(=O)C(C)(C)c2cccc3ccccc23)cc1OC,0.703725119,2.063177581,0.02,0.01,363.457,4.451
CC(O)=Nc1ccc(-c2nc(N3CCOCC3)c3cnn(C4CCOCC4)c3n2)cc1,0.508826889,2.876574202,0.12,0.09,422.489,3.2893
COc1ccc(Nc2ncc(-c3ccccc3)s2)cc1OC,0.749157096,1.901010136,0.37,0.38,312.394,4.5709
COc1ccc(Nc2ncc(C(N)=O)cc2-c2nc(C)nc(N)n2)cc1,0.62992187,2.384768583,0.34,0.26,351.37,1.67532
Cc1ccc(-c2nc(N)nc(N)c2-c2ccccc2)cc1,0.75256483,1.930077467,0.19,0.01,276.343,3.28342
COc1ccc(Nc2nc(Nc3ccccc3)ncc2-c2nc(C)no2)cc1OC,0.46490291,2.350490478,0.53,0.38,404.43,4.33942
O=C(Nc1cc(C(O)=NC2CCCCC2)nn1-c1ccccc1)c1cc(-c2ccccn2)ccc1Cl,0.234455693,2.686273593,0.17,0.05,500.002,6.4773
Cc1ccc(-n2nc(-c3ccccc3)cc2N=C(O)c2cnn3cccnc23)cc1,0.358765865,2.72615725,0.2,0.03,394.438,4.52672
COc1ccc(-c2nc(C(=O)Nc3ccccc3Nc3cnccc3N)[nH]n2)cc1,0.389049957,2.458304271,0.34,0.19,401.43,3.4534
O=C1NC(=O)C(=Cc2ccc(-c3ccccc3)cc2)S1,0.854122807,1.941004124,0.58,0.23,281.336,3.6775
CN(C)C1CCN(c2nc(NC(C)C(=O)O)nc3ccccc23)CC1,0.859597181,2.796937824,0.02,0.01,343.431,2.0452
O=C(Nc1ccc(Cl)cc1)c1ccc(CNC2CCCCC2)nc1,0.845060119,1.90775654,0.01,0.03,343.858,4.4096
CCCCCCCCCCCCCCCCCCCCC(=O)Nc1c(OC)cc(OC)cc1OC,0.155074632,2.250380383,0,0.01,491.757,9.0827
CN(C)CCOc1ccc(-c2nc(-c3cccc4c3CCC4N)no2)cc1,0.723134375,2.826390571,0.07,0.06,364.449,3.29
Cc1ccc(-c2ccc(C(=O)Nc3ccc(CN4CCNCC4)c4ccccc34)cc2)cc1,0.436733616,2.074027564,0.07,0.04,435.571,5.47272
CN1CCN(c2ccc(-c3ccc4c(c3)C(=O)c3ccccc3C4=O)cc2)CC1,0.52755631,2.035364922,0.12,0.03,382.463,3.8808
COc1ccc(-n2nc(C(C)(C)C)cc2NC(=O)Nc2ccc(Oc3ccnc(Nc4ccc5ccccc5c4)n3)cc2)cc1,0.161162692,2.662657364,0.4,0.24,599.695,8.3015
O=C(NCCCCCCNc1c2c(nc3ccccc13)CCCC2)c1ccc2nccnc2c1,0.329085923,2.457016888,0.08,0.02,453.59,5.4591
COc1ccc(-c2nc(-c3cc(C)cc4cc(OC)c(OC)cc34)on2)cc1,0.493944795,2.148465814,0.05,0,376.412,4.89102
CC(=O)Nc1ccc(-c2nc(N3CCOCC3)c3ccnn3c2)cc1,0.793131344,2.403078212,0.1,0.04,337.383,2.1913
COc1ccc(Nc2ncc(Nc3ccccc3)nc2N)cc1,0.668117649,2.056410726,0.46,0.24,307.357,3.5546
COc1cc(-c2ccc3nccc(Nc4ccccc4)c3c2)ccc1O,0.524105559,1.96134953,0.26,0.3,342.398,5.3596
CC(C)(C)c1ccc(C(=O)Nc2ccc(Oc3cccnc3)cc2)nc1,0.734811698,2.049407868,0.05,0.02,347.418,4.8187
O=C(Nc1ccc(OC(F)(F)F)cc1)c1cnc(NC2CCCCC2)c2ccccc12,0.512140478,2.232378552,0.13,0.05,429.442,6.1303
Cc1ccc(-c2ncc(Nc3ccccc3C(=O)O)cc2-c2ccncc2)cc1,0.473228305,2.138029207,0.32,0.32,381.435,5.56082
COc1ccc(-c2nc(Nc3cccc(CN4CCOCC4)c3)ncc2N)cc1,0.666644825,2.255311075,0.38,0.26,391.475,3.3102
Cc1ccc(-n2nc(C(C)(C)C)cc2NC(=O)Nc2ccc(Oc3ccnc(Nc4cccc5cnccc45)c3)cc2)CC1,0.176122756,3.143412717,0.29,0.21,585.712,8.8847
Cc1ccc(NC(=O)c2cccc(C(F)(F)F)c2)cc1Nc1ncnc2cnc(Nc3cccc(C(=O)NC4CCCC4)c3)nc12,0.142626497,2.764753141,0.43,0.33,626.643,7.15892
COc1ccc(-c2ccc3c(c2)Nc2ccccc2NC3=O)cc1,0.722008455,2.006317419,0.79,0.06,316.36,4.6715
Cc1cccc(C(=O)Nc2cccc(CNc3nccc(Nc4cc(N5CCOCC5)ccc4Cl)n3)c2)c1,0.262739003,2.456864449,0.33,0.28,529.044,5.88302
CC(=O)Nc1ccc(-c2nc(N3CCOCC3)c3cnn(C4CCCCC4)c3n2)cc1,0.69116481,2.451848759,0.1,0.1,420.517,3.7935
COc1ccc(-c2ccc(C(=O)Nc3ccccc3N)cc2)cc1OC,0.677671909,1.691207868,0.04,0.01,348.402,4.2053
NC(=O)c1cnc(Nc2ccc(N3CCOCC3)cc2)nc1Nc1ccccc1,0.594194361,2.159896415,0.74,0.64,390.447,2.8993
COc1ccc(-c2nc(C(=O)Nc3ccc(OC(F)(F)F)cc3)ccc2-c2cncnc2)cc1,0.411525904,2.373836921,0.15,0.08,466.419,5.3651
COc1ccc(C(=O)Nc2ccc(F)c(C3(C)CC(C(F)(F)F)OC(=N)N3)c2)nc1,0.649937038,3.828096145,0.04,0.06,426.37,3.57237
COc1ccc(-c2ccc(C(=O)Nc3ccc4c(c3)-c3c(c(C(N)=O)nn3-c3ccc(O)cc3)CC4)c(OC)c2)cc1,0.245231464,2.589825428,0.14,0.03,560.61,5.3789
Cc1cc(Nc2nccc(-c3cnn4ccccc34)n2)ccn1,0.628989233,2.505302669,0.89,0.36,302.341,3.23832
CN1CCN(c2ccc(-c3cnc(N)c(NC(=O)c4ccc(N5CCCC5)cc4)c3)cc2)CC1,0.605726545,2.272617456,0.33,0.07,456.594,3.9351
COc1ccc(-c2ccc3ccncc3c2)cc1OCCCOc1ccc2c(c1)C(=O)C(=O)C2=O,0.252709687,2.490028457,0.29,0.19,467.477,3.8677
Cc1cccc(C)c1Nc1ccc(C(=O)Nc2ccc3c(c2)-c2c(c(C(N)=O)nn2-c2ccc(F)cc2)CC3)cc1,0.227015856,2.560281513,0.1,0.15,545.618,6.48864
COc1ccc(Nc2ncc(C(=O)Nc3c(C)cccc3Cl)s2)cc1OC,0.597338562,2.166923533,0.09,0.18,403.891,5.11802
COc1ccc(CNC(=O)c2ccc(-c3nc(C#N)nc4c(C(N)=O)cccc34)cc2)cc1,0.476185838,2.359105203,0.13,0.07,437.459,3.20598
Cc1cccc(S(=O)(=O)c2nnc(Nc3ccc(N4CCOCC4)cc3)o2)c1,0.698217297,2.537496434,0.09,0.08,400.46,2.79102
CN(C)Cc1ccc(C(=O)Nc2ccc3c(c2)-c2c(c(C(N)=O)nn2-c2ccc(Cl)cc2)CC3)cc1,0.401733964,2.446286974,0.04,0.03,500.002,4.7041
O=C(NC1CCCCCC1)c1nn(-c2ccc(Cl)cc2Cl)c(-c2ccccc2)c1C(F)(F)F,0.38506744,2.509104569,0.01,0.04,496.36,7.3175
Cc1cc(-c2ccccc2)cc(NC(=O)C2CCCC2)n1,0.915778558,1.862606294,0.09,0.03,280.371,4.18572
Cc1ccc(-c2nnc(Nc3ccccc3)s2)cc1,0.770252656,1.747616526,0.07,0.06,267.357,4.25712
COc1ccc(NC(=O)C(C)NC(=O)c2ccc(-c3ccccc3)cc2)cc1,0.682002578,2.062815231,0.04,0.01,374.44,4.1192
Cc1cc(-c2cccc(C(=O)Nc3ccc(OC(F)(F)F)cc3)c2)cc(OCCOC)c1OC,0.393694129,2.247328137,0.05,0.08,475.463,5.84672
COc1cccc(Nc2nccc(Nc3ccc(N4CCOCC4)cc3F)n2)c1,0.65480623,2.272405374,0.51,0.5,395.438,3.9481
CCCCc1nc(C)c(C(=O)O)n1Cc1ccc(-c2ccccc2-c2nn[nH]n2)cc1,0.446933363,2.450805519,0.11,0.02,416.485,4.12772
COc1cc(Nc2nccc(Nc3ccccc3C)n2)cc(OC)c1OC,0.645410426,2.138883604,0.63,0.47,366.421,4.29802
COc1ccc(NC(=O)Nc2ccc(Cl)cc2)cc1Nc1ncnc2cnc(N3CCCCC3)nc12,0.316650715,2.478379527,0.21,0.19,504.982,5.4597
COc1cccc(-c2nn(C(C)C)c3ncnc(N)c23)c1,0.799076033,2.328224324,0.62,0.15,283.335,2.665
Cc1ccc(C(=O)Nc2cccc(C(F)(F)F)c2)cc1Nc1ncncc1Nc1cncnc1,0.353356251,2.600054526,0.18,0.19,465.439,5.33332
CC(=O)Nc1ccc(-c2ccnc3[nH]cc(C(=O)C(C)(C)C)c23)cc1,0.69589289,2.389245885,0.55,0.17,335.407,4.4171
O=C(Nc1ccc(Cl)cc1)c1ccccc1Nc1ccncc1,0.729387123,1.725413252,0.2,0.31,323.783,4.7309
O=C1c2ccccc2C(=O)Nc2cccnc21,0.628012561,2.014383379,0.38,0.03,224.219,1.4365
COc1ccc(CNc2nc(N3CCCCCC3)nc3ccccc23)cc1,0.716970469,1.975216154,0.04,0.02,362.477,4.6309
CCc1cc(C)nc(Nc2cc(OC)c(NC3CCCCC3)nc2)c1,0.787435821,2.473883928,0.17,0.1,340.471,4.84422
COc1ccc(C(C)=O)cc1-c1cccc(C(F)(F)F)c1CNC1CCC(c2ccncc2)C1,0.40758991,3.284201868,0.03,0.05,468.519,6.4045
CC(=O)c1cn(CC(=O)N2C(C(O)=Nc3cccc(C(F)(F)F)c3)CC3CC32)c(-c2ccccc2)n1,0.293996675,3.993430578,0.12,0.01,496.489,5.0491
Cc1ccc(-c2[nH]c(C(C)(C)C)nc2CN2CCC(Nc3cccc4cnccc34)C2)cc1,0.405388312,3.169529218,0.28,0.18,439.607,5.91722
CC(C)N1C(=O)C(NC(=O)C(Cc2ccc(Cl)cc2)NC(=O)CC2c3ccccc3-c3ccccc32)CC1=O,0.415796999,3.293551597,0.01,0.02,544.051,4.222
COc1ccc(-c2nc(-c3ccc(C)cc3)n(-c3ccc(C)cc3)n2)cc1,0.503322935,1.893379216,0.07,0.02,355.441,5.22674
CC(C)(C)c1cc(NC(=O)Nc2ccc(Cl)cc2)n(-c2ccccc2)n1,0.643772905,1.974163736,0.14,0.01,368.868,5.4672
COc1ccc(-c2nc(-c3ccc(C)c(N4CCOCC4)c3)no2)cc1,0.716236687,2.071054793,0.01,0,351.406,3.55722
COc1ccc(Nc2ncc(CNc3cccc(C(=O)O)c3)cc2-c2ncccc2C(=O)O)cc1,0.269271035,2.408066986,0.17,0.16,470.485,4.9043
CC(=O)Nc1ccc(-c2nc(Nc3ccc(N4CCOCC4)cc3)oc2N)cc1,0.609422555,2.42234679,0.23,0.16,393.447,3.4624
O=C(NC1CCCCC1)c1ccc(-c2noc(C(F)(F)F)n2)cc1,0.922997669,2.162003166,0.05,0.03,339.317,3.8179
COc1ccc(NC(=O)Nc2ccc(-c3nnc(N)s3)cc2)cc1,0.674454493,1.936365245,0.23,0.04,341.396,3.4399
COc1ccc(C2=NNC(=O)C2=NNc2ccc(C(C)(C)C)cc2)cc1OC,0.779732797,2.586304586,0.87,0.07,380.448,3.3033
CN(C)C(=O)c1ccc(-c2n[nH]c3ccc(-c4cnn(C)c4)cc23)cc1,0.619207345,2.306450487,0.49,0.18,345.406,3.3322
O=C1NCCc2[nH]c3c(ccc4cnccc43)c21,0.627964628,2.708052581,0.56,0.18,237.262,2.002
COc1ccc(C(=O)Nc2ccc(Cl)c(C(=O)Nc3ccc4c(c3)-c3cc(C(N)=O)nn4C3)c2)cc1,0.471781035,3.458163462,0.12,0.03,501.93,3.9115
O=C1NC(=O)c2c1c1c(c3[nH]c4ccccc4c23)CC1,0.610568603,2.583331976,0.67,0.25,262.268,2.3033
COc1ccc(-c2ccc3c(c2)N2C=CC(C)C(CC)CC32)cc1,0.70829964,3.657184096,0.02,0,319.448,5.803
O=C1Nc2ccccc2C1=Cc1cccnc1,0.753331546,2.058515197,0.65,0.29,222.247,2.5743
CC(C)C(=O)Nc1ccc(-c2nc(N3CCOCC3)c3ccccc3n2)cc1,0.751498596,2.075923784,0.06,0.04,376.46,3.7279
CC(=O)Nc1ccc(Nc2nccc(Nc3ccccc3)n2)cc1,0.66402042,1.88329632,0.59,0.41,319.368,3.9222
COc1ccc(C(=O)NC(=S)Nc2ccc(Cl)cc2)cc1,0.850192461,1.589128366,0,0.02,320.801,3.4754
O=C1NC(=O)C(=Cc2ccc(-c3cccc(Cl)c3)cc2)O1,0.861821372,2.273515159,0.42,0.13,299.713,3.6143
Cc1cc(C)c(Nc2nccc(Nc3ccccc3S(=O)(=O)C(C)C)n2)c(OC)c1,0.56187553,2.527096646,0.38,0.24,426.542,4.77134
COc1ccc(-c2nc(Nc3ccccc3)nc(Nc3ccccc3)n2)cc1,0.496344545,1.903265005,0.19,0.18,369.428,5.0344
COc1cccc(-c2cncc(Nc3ccc(N4CCOCC4)cc3)n2)c1,0.74623373,2.150380385,0.25,0.34,362.433,3.7324
Cc1cc(Cl)ccc1Nc1ncnc2ccc(NC3CCOCC3)nc12,0.713122079,2.47069123,0.26,0.18,369.856,4.32112
CC(C)C(NC(=O)c1ccccc1)C(=O)NC(C=O)Cc1ccccc1,0.716368236,2.644561343,0,0.01,352.434,2.3674
CC(C)C(NC(=O)Cn1c(-c2ccccc2)ccc(NC(=O)OCc2ccccc2)c1=O)C(=O)C(=O)Nc1ccccc1,0.221799633,2.969528645,0,0.05,580.641,4.6126
CC(C)(C)c1ccc(Nc2nc(Nc3ccccc3)nc(N3CCCCC3)n2)cc1,0.575075821,2.169086765,0.01,0.02,402.546,5.6466
COc1ccc(-c2ccc3nccc(Nc4ccc(N5CCOCC5)cc4)c3n2)cc1,0.503876816,2.208338988,0.2,0.41,412.493,4.8856
COc1ccc(-c2nc(-c3cccc4ccccc34)[nH]c2-c2ccc3ccccc3c2)cc1,0.313173981,2.146494264,0.38,0.15,426.519,7.7257
CCc1cc(C(=O)Nc2ccc(F)c(C3(C)CC(C(F)(F)F)OC(=N)N3)c2)n[nH]1,0.576708299,4.053363485,0.13,0.03,413.375,3.45427
CC(=O)c1ccc(-c2ccc(CC(C#N)NC(=O)C3NC4CCC3C4)c(F)c2)cc1,0.722102555,4.475945731,0.1,0.05,405.473,3.38668
N#Cc1cccc(-c2nc(Nc3ccc(N4CCOCC4)cc3)ccn2)c1,0.769024173,2.23751077,0.29,0.65,357.417,3.59548
CCC(C)(C)C(=O)Oc1ccc2c(ccn2S(=O)(=O)c2ccc(Cl)cc2)c1OC,0.407072602,2.496370861,0.01,0.01,435.929,4.8819
CN(C)c1ccc(C(=O)Nc2ccc(Cl)c(C(=O)Nc3ccc4c(c3)-c3ccccc3C(=O)N4C)c2)cc1,0.279679162,2.239927196,0.02,0.01,525.008,5.9157
O=C1CC(C=C2C=C(c3ccccc3)C(=O)O2)CCC1,0.773086864,3.413875365,0.07,0.01,268.312,3.27
COc1cccc(-c2ccccc2-c2cnc(N)c(N)n2)c1,0.774566451,2.111855225,0.48,0.12,292.342,2.9836
COc1ccc(Nc2ncc(C(=O)c3ccccc3)s2)cc1,0.720033813,1.909750521,0.12,0.22,310.378,4.1263
COc1ccc(-c2ccc(C(=O)Nc3ccc(CN4CCOCC4)c4ccccc34)cc2)cc1OC,0.37114364,2.123853373,0.04,0.01,482.58,5.6085
Cc1cccc(-c2nc(N)c3nnn(C4CCC(N)CC4)c3n2)c1,0.74826165,2.600820095,0.15,0.02,323.404,2.22132
CC(C)(C)c1ccc(CNc2ccc(C(=O)O)cc2)cc1,0.879446387,1.658768289,0.01,0,283.371,4.2944
CC(=O)c1cn(CC(=O)N2C(C(O)=NCc3cccc(Cl)c3F)CC3CC32)c2ncccc12,0.333791984,4.038606989,0.11,0.01,468.916,4.1775
CN(C)CCc1cccc(-c2ccc3c(Nc4cccc(Cl)c4)n[nH]c3c2)c1,0.441442589,2.254870793,0.65,0.22,390.918,5.731
Cc1ccc(C(=O)Nc2cccc(C(F)(F)F)c2)cc1Nc1ncnc2cnc(NCc3ccccc3)nc12,0.225501364,2.511302677,0.39,0.24,529.526,6.35502
CN(C)CCCOc1ccc(Nc2ncc(Nc3ccccc3C(=O)O)cc2F)cc1,0.405459083,2.278356676,0.18,0.37,424.476,4.7366
N#Cc1ccc(-c2nccnc2Oc2ccc(Nc3ccccc3)cc2)cc1,0.502493174,2.125917832,0.35,0.37,364.408,5.55118
CN(C)C(=O)c1ccc(-c2n[nH]c3ccc(-c4cncnc4)cc23)cc1,0.618618876,2.303433797,0.6,0.2,343.39,3.3887
CCOc1ccc(-c2ccc(C(=O)NC3CCC(C(=O)O)CC3)cc2)cc1,0.805022865,1.856605482,0.02,0.01,367.445,4.1255
CC(C)C(CO)Nc1cc(NC(=O)c2cc(-c3ncccc3F)ccc2Cl)n(-c2ccccc2)n1,0.305129806,3.075547204,0.17,0.07,493.97,5.4079
O=c1ccc2ccc(Cl)cc2nc1Nc1ccccc1-c1ncccn1,0.584283006,2.387801959,0.15,0.14,360.804,4.449
COc1ccc(C(=O)Nc2ccc(Br)cc2C(=O)Nc2ccc(Cl)cn2)cc1,0.560708557,1.931310953,0.05,0.01,460.715,5.0107
O=C(NCC(=O)Nc1ccccc1C(=O)Nc1ccccc1)c1ccccc1,0.619463493,1.60656481,0,0.01,373.412,3.3074
CNc1nc(Nc2ccc(-c3ccncc3)cc2)nc(N2CCOCC2)n1,0.715026067,2.308735385,0.33,0.2,363.425,2.5555
COc1ccc(CNc2ncc(C(=O)Nc3ccc(N4CCOCC4)cc3)cc2-c2cncnc2)cc1OC,0.330524923,2.544987784,0.16,0.08,526.597,4.2568
O=C(Nc1ccccc1Cl)c1ccc2ccccc2c1,0.721718678,1.454953992,0,0.02,281.742,4.7455
CN1CCN(c2ccc(-c3ccc4c(c3)CCC(=O)N4C)cc2)CC1,0.844006476,2.088620467,0.07,0.05,335.451,3.0144
CCN(CC)C(=O)c1ccc(-c2ccc3ncnc(Nc4cccc(C(F)(F)F)c4)c3c2)cc1,0.351974539,2.294117631,0.49,0.21,464.491,6.5412
Cc1cc(Nc2ccc(C(=O)Nc3ccccc3N)cn2)n[nH]1,0.554069611,2.214534179,0.27,0.15,308.345,2.69122
Cn1cc(-c2cnc(N)c3c(-c4ccc(F)c(N5CCOCC5)n4)ccnc23)cn1,0.559822315,2.863932919,0.34,0.15,405.437,2.6502
CCC(=O)Nc1ccc(-c2ccc(Cl)c(Cl)c2)nc1NCc1cccnc1,0.579634128,2.230741147,0.17,0.02,401.297,5.411
COc1ccc(Nc2ncc(C(=O)c3ccccc3C(F)(F)F)cc2N)cc1,0.622588102,2.224025296,0.28,0.35,387.361,4.6658
Cc1cccc(-c2cn(-c3cccc4ccccc34)nn2)c1,0.546408264,1.973249748,0.13,0.03,285.35,4.39592
CN(C)CC=CC(=O)Nc1cc2c(Nc3ccc(F)c(Cl)c3)ncnc2cn1,0.614810928,2.665483105,0.59,0.64,400.845,3.6172
COc1ccc(Cc2cc(C3OC(CO)C(O)C(O)C3O)ccc2Cl)cc1,0.612383904,3.417618462,0.02,0,394.851,1.4543
COc1ccc(Nc2ncc(C(=O)Nc3ccccc3)cc2-c2nccc(N)n2)cc1,0.436126795,2.232271396,0.26,0.17,412.453,4.1253
Cc1ccc(Nc2nccc(Nc3ccccc3)n2)cc1,0.746728862,1.784684811,0.63,0.33,276.343,4.27222
Cc1cc(-c2ccccc2)nc(Nc2ccc(C(=O)Nc3ccccc3N)cc2)n1,0.412199834,1.976653874,0.14,0.13,395.466,5.03012
Cc1ccc(-n2nc(C(C)(C)C)cc2NC(=O)Nc2ccc(Nc3ncnc4ccccc34)cc2)cc1,0.250934453,2.381381705,0.38,0.1,491.599,6.80902
COc1cccc(-c2nnc(Nc3cccc(C(=O)Nc4ccccc4)c3)[nH]2)c1,0.455215978,2.238449718,0.1,0.13,385.427,4.4762
Cc1ccc(-c2ccc(C(=O)Nc3ccc(C4CCNC4)cc3)cc2)cc1,0.691238671,2.294991253,0.1,0.02,356.469,4.99122
CN(C)C(=O)Cn1cc(-c2cnc3ccc(Nc4ccccc4)nc3n2)cn1,0.578589718,2.533590451,0.16,0.13,373.42,2.7201
COc1ccc(Nc2ncc(C(=O)Nc3ccccc3)cc2-c2ncnc(N)c2C)cc1F,0.398880166,2.44664972,0.31,0.23,444.47,4.57282
COc1ccc(CNc2nc(NCCN)nc(Nc3cc(C(=O)O)ccc3C)n2)cc1,0.329459136,2.336491641,0.08,0.03,423.477,2.61312
COc1cccc(-c2nc(Nc3cccc(C(=O)O)c3)[nH]n2)c1,0.669705429,2.160399913,0.28,0.12,310.313,2.9221
COc1ccc(C(=O)C=Cc2ccccc2)cc1OC,0.613670418,1.658439682,0,0,268.312,3.5999
CN(C)c1ccc(C=Cc2ccccc2)cc1,0.712717055,1.667147273,0.01,0,223.319,3.923
COc1cc(-c2cnn(C)c2)ccc1Nc1ncnc2cnc(NC3CCCCC3)nc12,0.466272504,2.655515425,0.41,0.39,430.516,4.3171
O=C1NC(=O)C(=Cc2ccc(-c3ccccc3)cc2)S1,0.854122807,1.941004124,0.58,0.23,281.336,3.6775
CC(=O)Nc1ccc(OC)c2nc(-c3ccc(NC(=O)Nc4ccc(N)cc4)cc3)sc12,0.315345277,2.306649147,0.27,0.06,447.52,5.1565
COc1cccc(-c2nc(Nc3ccccc3)nc(NC3CCCCC3)n2)c1,0.629114897,2.114684097,0.35,0.25,375.476,5.0354
CCCCCCCCCCCCCCCCCCCCCCCC(=O)c1nnc(-c2ccccn2)o1,0.106540573,2.526519083,0.05,0.02,497.768,9.9164
Cc1ccc(-c2cc(C(=O)Nc3ccc(OC(F)(F)F)cc3)ccc2Nc2cncnc2)cn1,0.377467917,2.485678158,0.21,0.22,465.435,5.74152
O=C(NCCCCN1CCCCC1)c1cnc(-c2ccccc2)o1,0.792521802,2.134802901,0.1,0.06,327.428,3.3375
CC(C)C(=O)C1C(=O)C(=O)N(c2ccc(-c3ccsc3)cc2)C1c1ccccc1OC,0.408788685,3.268864698,0.04,0.03,433.529,4.922
O=C(Nc1ccc(Cl)cc1)c1ccccc1Nc1ncccc1-c1cncs1,0.435618835,2.283555012,0.12,0.12,406.898,5.8544
CC(=O)Nc1ccc(-c2nc(-c3ccc(C)cc3)[nH]c2-c2ccc3cc[nH]c3c2)cc1,0.334381891,2.326692934,0.23,0.16,406.489,6.15882
COc1ccc(C(=O)Nc2cccc(C(F)(F)F)c2)cc1Nc1ncnc2ncc(Nc3ccc(N4CCOCC4)cc3)nc21,0.190455349,2.81734766,0.31,0.38,616.604,6.0233
CC(=O)Nc1ccc(-c2nc(N3CCOCC3)c3cnn(C4CCN(C(=O)OC(C)C)CC4)c3n2)cc1,0.558373953,2.699921618,0.06,0.05,507.595,3.4702
COc1ccc(Nc2ncc(C(N)=O)c(Nc3ccccc3)n2)cc1,0.639658763,1.928657005,0.77,0.49,335.367,3.0713
O=C(NC1CCN(CC(=O)Nc2ccc(-c3ccccc3)cc2)CC1)c1ccccc1,0.637133471,1.78312061,0.03,0.02,413.521,4.1865
COc1ccc2c(c1)CCC(=O)N2,0.706836091,1.894538295,0.1,0,177.203,1.5799
CCOCCOc1ccc2c(c1)C(=Cc1ccccc1)C(=O)N2,0.654999309,2.099463998,0.52,0.28,309.365,3.5946
CC(C)(C)c1ccc(Nc2nc(N3CCOCC3)nc3c2ncn3C2COC2)cc1,0.70981084,2.638902476,0.14,0.22,408.506,3.2753
CCC(=O)Nc1ccc(-c2nc(N3CCOCC3)c3cccnc3n2)cc1,0.767700025,2.234135309,0.11,0.02,363.421,2.8769
CC(=O)Nc1cccc(-c2nc(Nc3ccc4ncnc(Nc5ccccc5)cc34)[nH]c2-c2cc3ccccc3cn2)c1,0.157575289,2.878944419,0.4,0.41,562.637,7.6323
CC(=O)c1ccc(-c2cccc(C(=O)Nc3cc(N4CCOCC4)ccc3N)n2)cc1,0.486998307,2.239755908,0.07,0.07,416.481,3.6223
CN(C)CC=CC(=O)Nc1ccc2ncnc(Nc3cccc(Br)c3)c2c1,0.578816769,2.418530957,0.57,0.3,426.318,4.1922
CC(=O)c1cccc(-c2cnc(N)c(C(=O)Nc3ccc(N4CCCCC4)cc3)n2)c1,0.606644049,2.220379071,0.47,0.12,415.497,4.171
Cc1ccc(-c2nc(-c3ccc(Cl)cc3Cl)no2)cc1,0.667085163,1.853009723,0.04,0,305.164,5.01882
COc1ccc(CNc2nc(NC(=O)c3ccccc3Cl)sc2-c2ccc3ccccc3c2)cc1,0.243301457,2.299732615,0.15,0.04,500.023,7.4897
COc1ccc(-c2nc(-c3ccc4c(c3)OCCN4)c(-c3ccccc3)nn2)cc1,0.539904593,2.372951129,0.22,0.1,396.45,4.6855
CC(=O)Nc1ccc(-c2nc(N3CCOCC3)c3cccnc3n2)cc1,0.782434203,2.20225621,0.11,0.07,349.394,2.4868
CC(C)(C)c1ccc(Nc2nc(N3CCCCC3)nc3c2C(=O)CCC3)cc1,0.811889537,2.412567352,0.06,0.06,378.52,5.027
O=C(Nc1ccccc1)Nc1ccc(-c2nc(N3CCOCC3)c3ccccc3n2)cc1,0.492052753,2.058036722,0.05,0.05,425.492,4.7774
Cc1ccc(-c2nc(N)c3cc(CNc4ccc(C(=O)NC)cc4)[nH]c3n2)cc1,0.419812559,2.409920899,0.24,0.04,386.459,3.48722
COc1ccc(Nc2ncc(Nc3ccccc3)nc2N)cc1,0.668117649,2.056410726,0.46,0.24,307.357,3.5546
COc1ccc(Nc2nccc(Nc3ccccc3C(=O)O)n2)cc1,0.631706241,1.968555082,0.77,0.41,336.351,3.6706
COc1cccc(-c2nc(Nc3ccccc3)nc(NC(=O)c3ccccc3)n2)c1,0.496406066,1.982909872,0.11,0.19,397.438,4.5431
COc1ccc(NC(=O)c2ccc(C#N)cc2)cc1Nc1ncnc(N2CCC(O)C2)c1-c1ncccn1,0.339019505,3.168588129,0.25,0.13,508.542,3.38078
COc1ccc(-c2ccc3c(N4CCOCC4C)nc(N4CCOCC4C)nc3n2)cc1,0.618933374,3.412299361,0.03,0.01,435.528,3.1506
COc1ccc(C(=O)Nc2cccc(C(=O)O)c2)cc1Nc1ncnc2scnc12,0.429212832,2.360588344,0.24,0.15,421.438,3.789
COc1ccc(-c2ccc(C(=O)Nc3ccc(N4CCOCC4=O)cc3)cc2)cc1,0.70107195,1.951274033,0.02,0.03,402.45,3.9777
O=C1NC(=S)NC1=O,0.310289158,2.985492946,0.33,0.04,130.128,-1.4827
CC(C)CC(NC(=O)C(Cc1ccccc1)NC(=O)OCc1ccccc1)C(=O)NC(CCCCN)C(=O)c1nccs1,0.133648358,3.521105613,0.05,0.01,607.777,4.0082
COc1cc(C(=O)NC(=N)Nc2ccccc2)cc(OC)c1OC,0.578791999,2.172092046,0,0.01,329.356,2.48907
CC(C)(C)c1cc(NC(=O)Nc2ccccc2)nn1-c1ccccc1,0.721641692,2.080000532,0.06,0.01,334.423,4.8138
CNC(=O)c1ccc(-c2nc(Nc3ccccc3)ncc2NC(=O)Cc2ccccc2)cc1,0.397566023,2.124520853,0.44,0.37,437.503,4.428
COc1ccc(-c2cccc3c(Nc4ccc(N5CCOCC5)cc4)nncc23)cc1,0.503876816,2.255390326,0.2,0.25,412.493,4.8856
O=C1NC(=O)C(=Cc2ccc(OCCCCCC(F)(F)F)cc2)S1,0.574753929,2.381018108,0.25,0.21,359.369,4.512
COc1ccc(C=NNc2nc(N)n(-c3ccccc3)n2)cc1OC,0.528397503,2.271807005,0.02,0.03,338.371,2.3127
COc1ccc(Nc2nccc(-c3cnc(Nc4ccccc4NS(C)(=O)=O)nn3)c2)cc1,0.356911863,2.492085742,0.41,0.56,463.523,3.8009
COc1ccc(-c2nc(Nc3ccccc3)nc(Nc3ccccc3)n2)cc1,0.496344545,1.903265005,0.19,0.18,369.428,5.0344
COc1ccc(-c2cc(C(N)=O)nc3[nH]ccc23)cc1OC,0.773070632,2.289656112,0.35,0.11,297.314,2.346
COc1cc2c(Nc3ccc(Cl)c(Cl)c3)ncnc2cc1OCC1CNCCO1,0.604928557,2.930052608,0.43,0.22,435.311,4.056
COc1ccc(-c2ccc(C(=O)Nc3ccc(C(=O)Nc4ccc(C)nc4)cc3)cc2)cc1OC,0.370433135,1.971969909,0.07,0.05,467.525,5.57882
Cc1ccc(-c2nc(-c3ccc(OC(F)(F)F)cc3)c3n2CC(C)OCC3)cc1Cl,0.501977594,3.166818312,0.02,0.01,436.861,6.03872
CC(=O)c1cn(CC(=O)Nc2ccc(S(N)(=O)=O)cc2)c(-c2ccc(F)cc2)c1,0.603103093,2.217569922,0.05,0.02,415.446,2.7829
COc1ccc(NC(=O)Nc2ccc(-c3nc(N4CCOCC4)nc4ccccc43)cc2)cc1,0.450044014,2.148306785,0.06,0.03,455.518,4.786
COc1ccc(CC(=O)O)cc1-c1ccc(F)c2c1CN(C(=O)C=Cc1ccccc1)CC2,0.557511732,2.476918296,0.01,0,445.49,4.7265
COc1ccc(-c2nc(C(=O)Nc3ccccc3N3CCC(C(=O)O)CC3)n3ccncc23)cc1,0.438105221,2.544446584,0.2,0.05,471.517,3.9582
O=C(Nc1ccc(Cl)cc1)c1ccc(-c2cnc3ccccn23)cc1,0.572199169,1.902750288,0.08,0.07,347.805,4.907
O=C(Nc1ccc(C(=O)N2CCC(N3CCCCC3)CC2)cc1)N1Cc2ccccc2C1,0.785725507,2.203202823,0,0,432.568,4.3248
COc1ccc(C(=O)Nc2ccc(F)c(Nc3nccc(-c4cnc(N5CCCC5)cn4)c3)c2)cc1,0.368579849,2.422600626,0.3,0.47,484.535,5.2824
Cc1ccc(-c2nc(N)nc(N)c2-c2ccccc2)cc1,0.75256483,1.930077467,0.19,0.01,276.343,3.28342
CC(=O)Nc1cc(Nc2cc(NC3CCCCC3N)nnc2C(N)=O)ncc1C(F)(F)F,0.446301661,3.710216871,0.24,0.4,452.441,2.3731
COc1ccc(-c2nc(Nc3ccccc3)ncc2F)cc1,0.788955429,1.839174078,0.55,0.55,295.317,4.0349
Cc1ccc(-n2nc(C(C)(C)C)cc2NC(=O)Nc2ccc(OC(C)C)cc2)cc1,0.553385258,2.163459946,0.11,0.02,406.53,5.90942
COc1ccc(-c2cc(F)c3ncccc3n2)cc1OC,0.73857753,2.029972851,0.14,0.07,284.29,3.4531
Cc1cc(C(=O)Nc2ccc(-c3cccc4c(N)nc(N)nc34)cc2)no1,0.511174436,2.321437051,0.36,0.07,360.377,3.00992
O=C(Nc1nccs1)c1ccc(Nc2nccc(-c3cnc(NC4CCOCC4)nc3)n2)cc1,0.364402157,2.624999523,0.66,0.47,474.55,3.9769
CN1CCC(n2cc(-c3cccc4cnc(Nc5ccc(C6CC6)cc5)nc34)cc2)CC1,0.428479212,2.702699877,0.43,0.48,423.564,5.986
O=C(NC1CCC(C(=O)O)CC1)c1ccc(-c2noc(-c3ccccc3)n2)cc1,0.685719267,2.053711075,0.07,0.01,391.427,3.7768
COc1ccc(CNc2nc(Nc3ccccc3)ncc2[N+](=O)[O-])cc1,0.493470281,2.04239872,0.67,0.24,351.366,3.7491
CC(C)(C)c1cc(Nc2cc(Nc3cccc(C#N)c3)ncc2Cl)n[nH]1,0.596231137,2.687699669,0.33,0.35,366.856,5.11448
CN1CCN(c2ccc(Nc3ncc4ccnc(Nc5ccc(C(F)(F)F)cc5)c4c3)cc2)CC1,0.373266294,2.480762501,0.32,0.59,478.522,5.8876
CNC(=O)C12CC1C(n1cnc3c(NC)nc(C#Cc4ccccc4)nc31)C(O)C2O,0.450877187,4.362884281,0.13,0.05,418.457,0.2966
CC(C)(C)CC(=O)C1C(=O)C(=O)N(c2ccc(-c3ccon3)cc2)C1c1ccccc1OC,0.405148261,3.512701579,0.07,0.02,446.503,4.6287
O=C(Nc1ccc(Cl)c(Cl)c1)Nc1cccc2[nH]ncc12,0.649585743,2.001292851,0.36,0.18,321.167,4.5137
N#Cc1ccc(C(=O)Nc2ccc(Cl)c(C(F)(F)F)c2)cc1Nc1ncnc2cnc(NCCCN)nc21,0.231796072,2.827559259,0.43,0.26,541.925,4.72028
CCCCCN(C)C(=O)Cn1c(-c2ccccc2)nc2ccccc21,0.602026109,1.967895467,0.02,0.01,335.451,4.3519
CC(=O)c1ccc(NC(=O)Nc2ccc(Cl)c(C(F)(F)F)c2)cc1,0.741968136,1.859971029,0.03,0,356.731,5.2054
Cc1ccc(C(=O)Nc2ccc(C(=O)Nc3ccccc3N)cc2)cc1,0.622946491,1.600208699,0.01,0.03,345.402,4.08182
COc1ccc(CCCNC(=O)Nc2ccc(NC(=O)C=Cc3cccnc3)cc2)cc1OC,0.305352409,2.194339962,0.02,0.01,460.534,4.505
COc1ccc(NC(=O)Nc2ccc(-c3cnc(N)c4oc(-c5ccccc5)nc34)cc2)cc1,0.311407629,2.313386687,0.63,0.12,451.486,5.7916
COc1ccc(-n2nc(C(N)=O)c3c2-c2cc(NC(=O)c4ccccc4Cl)ccc2CC3)cc1,0.441247516,2.33600409,0.08,0.04,472.932,4.6511
COc1ccc(-c2nc(Nc3ccc(N4CCOCC4)cc3)ncc2NC(=O)CC)cc1,0.580326377,2.282182586,0.35,0.46,433.512,4.0809
O=C1NC(=O)C(=Cc2ccc(-c3ccc(Cl)cc3)o2)S1,0.854211213,2.266876119,0.45,0.24,305.742,3.9239
CC(C)c1ccc(Nc2nc(Nc3ccccc3)nc(NCCc3ccncc3)n2)cc1,0.324780834,2.259403477,0.24,0.04,425.54,5.5318
CC(C)C(=O)Nc1ccc(F)c(-c2nc(Nc3ccc4ccccc4c3)no2)c1,0.479014845,2.300072521,0.16,0.08,390.418,5.367
COc1ccc(-c2ccc(C(=O)Nc3ccc(CN4CCCC4=O)cc3)cc2)cc1,0.650355712,1.837878807,0.01,0,400.478,4.7369
O=C1NC(=O)c2c1c1c3ccccc3n(C3CCCCC3)c1-2,0.58619472,2.790320473,0.09,0.03,292.338,2.94858
COc1ccc(-n2nnc(C(=O)Nc3ccc(CNc4ncnc5ccccc45)cc3)c2C(=O)Nc2ccc(C(=O)O)cc2)cc1,0.163812268,2.638351795,0.09,0.04,614.622,5.034
O=C1NC(=O)C(=Cc2ccc(-c3ccccc3)cc2)S1,0.854122807,1.941004124,0.58,0.23,281.336,3.6775
Cc1ccc(-n2nc(C(N)=O)c3c2-c2cc(NC(=O)c4ccccc4Cl)ccc2CC3)cc1,0.454860707,2.324743173,0.05,0.03,456.933,4.95092
COc1cc2nccc(Oc3ccc4c(C(=O)Nc5cccc(C(F)(F)F)c5)cccc4c3)c2cc1OC,0.252575042,2.363721864,0.26,0.15,518.491,7.4686
COc1ccc(Nc2ncc(C(N)=O)c(Nc3ccc(N4CCOCC4)cc3)n2)cc1,0.534533532,2.21401755,0.67,0.6,420.473,2.9079
CCc1cccc(-c2cc(NC(=O)CCC)nc3ccccc23)c1,0.701999194,1.963142503,0.09,0.08,318.42,5.2028
COc1ccc(C(=O)Nc2ccc(-c3nc(Nc4ccccc4)ncc3N)cc2)cc1,0.423884663,2.049842165,0.46,0.4,411.465,4.7303
COc1ccc(-c2nc(-c3cccc4ccccc34)n[nH]2)cc1,0.613512575,1.928553348,0.26,0.03,301.349,4.3005
O=C(CCc1ccccc1)Nc1ccc(-c2nc(-c3ccc4ccccc4c3)n[nH]2)cc1,0.36260272,2.064445305,0.24,0.14,418.5,5.8632
O=C(Nc1cccc(C(F)(F)F)c1)c1ccccc1CNc1ccncc1,0.666167342,2.028463225,0.06,0.01,371.362,4.9648
CC(=O)NC(C)c1ccc(OC2CCN(c3ccnc(Nc4ccc(N5CCOCC5)cc4)c3)C2)cc1,0.469989325,3.227996887,0.11,0.46,501.631,4.5166
CC(=O)c1ccc(Nc2nnc(Nc3ccc(N4CCC(N)CC4)cc3)o2)cc1,0.545077084,2.445684152,0.15,0.06,392.463,3.6869
COc1ccc(-n2nc(C(N)=O)c3c2-c2cc(NC(=O)c4ccccc4Cl)ccc2CC3)cc1,0.441247516,2.33600409,0.08,0.04,472.932,4.6511
CC(=O)Nc1ccc(-c2nc(N3CCOCC3)c3ncccc3n2)cc1,0.782434203,2.178169368,0.08,0.11,349.394,2.4868
O=C(Nc1ccc(Cl)cc1C(=O)Nc1ccc(Cl)cn1)c1ccccc1Cl,0.581371175,1.919647622,0.01,0.03,420.683,5.5464
CC(C)=CCn1c(N2CCCC(N)C2)nc2ccc(NC(=O)C=Cc3ccc(Cl)cc3)cc21,0.387090758,3.082980941,0.04,0.04,464.013,5.2353
COc1cc(Nc2nccc(-c3cnc4ccccc4c3)n2)cc(OC)c1OC,0.52229095,2.219040746,0.75,0.57,388.427,4.4612
COc1ccc(CNC(=O)C(CC(C)C)NC(=O)c2ccc(C)c(NC(=O)c3ccccc3)c2)cc1,0.38565602,2.440801993,0,0,487.6,4.71682
CCN(CC)C(=O)c1ccc(-c2ccc(C(=O)Nc3ccc(CN4CCOCC4)cc3)cc2)cc1,0.506614931,2.043735388,0,0.01,471.601,4.9201
Cc1noc(NS(=O)(=O)c2ccccc2-c2ccccc2)c1C(=O)O,0.724933131,2.213650797,0.02,0.01,358.375,3.14902
COc1ccc(-c2nc(-c3cccc4ccccc34)[nH]c2-c2ccc3c(c2)OCO3)cc1,0.370601854,2.257642876,0.35,0.1,420.468,6.3012
CC(=O)c1ccc(-c2cccc(CNc3ccc(C(=O)O)cc3)n2)cc1,0.651988173,1.911004334,0.11,0.04,346.386,4.2615
O=C(Nc1ccccc1)Nc1ccc(-c2ccnc3[nH]ccc23)cc1,0.501758793,1.953925872,0.6,0.28,328.375,4.8739
COc1ccc(-c2nc(Nc3ccccc3)nc(Nc3ccccc3)n2)cc1,0.496344545,1.903265005,0.19,0.18,369.428,5.0344
Cc1nc(C(=O)Nc2ccc(-c3ccccc3S(N)(=O)=O)cc2)n(-c2ccc3ccccc3n2)n1,0.390888678,2.51923914,0.1,0.04,484.541,3.69062
Cn1c(=O)cc(Nc2ccc(Nc3cccnc3)cc2)nc(NC2CCCCCC2)c1=O,0.502949794,2.544072909,0.28,0.23,432.528,4.1574
COc1ccc(NC(=O)Nc2ccc(-c3ccc(F)c4ccccc34)cc2)cc1,0.432440274,1.810261075,0.2,0.08,386.426,6.2985
Cc1ccc(-c2n[nH]c3ccc(C(O)=Nc4cc(C(C)(C)C)nn4C)cc23)cc1OC,0.352165612,2.910385993,0.31,0.14,417.513,5.21422
COc1ccc(-c2nc(-c3cccc4ccccc34)[nH]n2)cc1,0.613512575,1.925132533,0.27,0.03,301.349,4.3005
COc1ccc(C(=O)NC(=N)NC2CCCCC2)cc1,0.585003277,2.156944945,0,0,275.352,2.28207
COc1ccc(-c2nc(Nc3cccc(O)c3)nc(NC(=O)Cc3ccccc3)n2)cc1,0.405898267,2.169187549,0.1,0.08,427.464,4.1776
CC(=O)NC(Cc1c[nH]c2ccccc12)C(=O)NC(C=O)Cc1ccccc1,0.525427221,2.901547744,0,0,377.444,2.1415
COc1ccc(C(=O)Nc2nc(C(=O)Nc3ccccc3N)ccc2F)cc1OC,0.537105158,2.12518667,0.22,0.07,410.405,3.3247
NC(=O)c1cccc(-c2cncnc2Nc2ccc(Cl)cc2)c1,0.767378123,2.036778934,0.46,0.49,324.771,3.6395
COc1cccc(-c2ccccc2)n1,0.717291386,1.559880961,0.1,0,185.226,2.7572
CC(C)(C)c1ccc(NC(=O)Nc2ccc(Cl)cc2)cc1,0.778089545,1.581284734,0,0,302.805,5.2815
CC(C)(C)NC(=O)C1CCCCC1NC(=O)C(Cc1ccccc1)NC(=O)C(Cc1ccccc1)NC(=O)OCc1ccccc1,0.229031959,3.570205283,0.01,0.01,626.798,4.8413
CCN(CC)CCOc1ccc(C=Cc2ccccc2)cc1,0.661054676,1.841633934,0.02,0,295.426,4.5776
O=C(Nc1cccc(CN2CCC(C(=O)O)CC2)c1)c1ccccc1Cl,0.834958106,1.801885415,0.02,0.01,372.852,3.8889
CCOc1ccccc1-c1nc(Nc2ccc(N3CCOCC3)cc2)ncc1F,0.674118635,2.226773338,0.35,0.52,394.45,4.2616
CNC(=O)c1ccc(-c2noc(C(C)(C)C)n2)cc1Nc1nccc(-n2cccn2)n1,0.506623829,2.763541641,0.38,0.29,418.461,3.113
Cc1ccc(-c2noc(-c3ccc(C(=O)O)cc3)n2)cc1,0.79517459,1.734408236,0,0,280.283,3.41022
COc1cc(Nc2nccc(-c3ncccn3)n2)cc(OC)c1OC,0.73280629,2.273301236,0.8,0.35,339.355,2.703
COc1ccc(-c2nc(-c3cccc4c3CCC4NC(=O)CNC)no2)cc1,0.685590441,2.799230274,0.02,0.02,378.432,2.7351
CN(C)CCC=CC(=O)Nc1cc2c(Nc3ccc(F)c(Cl)c3)ncnc2cc1OCCCN1CCOCC1,0.244673335,2.820885369,0.42,0.57,557.07,4.7134
O=C1Nc2ccc(Cl)cc2C1=Cc1ccc2cccnc2n1,0.696139483,2.492757973,0.62,0.19,307.74,3.7759
COCCNc1cc(-c2ccc3nccc(-c4cccc(NS(C)(=O)=O)c4)c3n2)ccn1,0.394281949,2.526370772,0.36,0.3,449.536,3.7886
COc1ccc(C(=O)Nc2ccc(Cl)c(C(=O)Nc3ccccc3N)c2)cc1OC,0.50632457,1.866431725,0.03,0.03,425.872,4.444
Cc1ccc(-c2ccc3c(c2)Nc2ccccc2NC3=O)cc1,0.665794535,2.00465091,0.7,0.07,300.361,4.97132
COc1ccc(-n2nc(C(C)(C)C)cc2NC(=O)Nc2ccc(Oc3ccnc(Nc4ccc5ccccc5c4)n3)cc2)CC1,0.163378503,3.121130145,0.37,0.21,601.711,8.4687
CCOc1ccc(Cc2cnc(N)nc2N)cc1,0.853128665,2.012098684,0.22,0.18,244.298,1.6305
COC(=O)c1ccc(-c2nc(C(=O)c3ccccc3)[nH]c2-c2ccccc2)cc1,0.398918155,2.068142394,0.15,0.03,382.419,4.7613
COc1ccccc1N1CCN(Cc2cn(-c3ccccc3)nn2)CC1,0.708508758,2.029626093,0.03,0.01,349.438,2.5981
CC(C)CC(NC(=O)C(Cc1ccccc1)NC(=O)C(CC(=O)O)C(=O)O)C(=O)Nc1ccc2nc(N)nc(N)c2c1,0.141740699,3.589866536,0.18,0.03,579.614,1.1666
CC(=O)Nc1ccc(Nc2nccc(-c3cnc4ccccn34)n2)cc1,0.591877002,2.268796089,0.6,0.45,344.378,3.4933
COc1cccc(C(=O)Nc2cccc(C(=O)O)c2)c1,0.895923249,1.46901662,0,0,271.272,2.6457
CC(=O)Nc1ccc(-c2cnc3ccc(Nc4ccccn4)cc3n2)cc1,0.567289701,2.096290714,0.2,0.46,355.401,4.3938
CN(C)CCC=Cc1ccc2ncnc(Nc3cccc(Br)c3)c2c1,0.628415184,2.402330082,0.54,0.27,397.32,5.1008
COc1ccc(Nc2ncc(C(N)=O)c(Nc3ccccc3)n2)cc1OC,0.589759419,2.031493195,0.81,0.61,365.393,3.0799
O=C1NC(=O)C(=Cc2ccc(-c3ccccc3)c(Cl)c2)S1,0.838937599,2.112355159,0.64,0.26,315.781,4.3309
Cc1cc(C)cc(Nc2ccc(Nc3ccccc3)cc2)n1,0.694048589,1.803823117,0.04,0.06,289.382,5.18564
CC(=O)Nc1nc(C)c(-c2cccc(Nc3ccc(N4CCOCC4)cc3)n2)cc1Cl,0.604738214,2.472105259,0.07,0.18,437.931,4.64402
CN(C)C(=O)Cn1c2ccc(c3ccccc32)-c2ccccc2N=C1c1ccccc1,0.388403633,3.171476204,0,0,405.501,5.6601
Cc1cccc(C(=O)Nc2ccc(C(C)(C)C)cc2)c1Nc1ncnc2cnc(N3CCOCC3)nc12,0.402858086,2.633065595,0.18,0.1,497.603,4.85822
COc1ccc(C=C2CN(C(=O)c3ccccc3)C(=O)C2=O)cc1,0.49436439,2.188608143,0,0.01,321.332,2.3303
CCC(C)C(N)CNC(=O)C1CCCN1C(=O)C(Cc1ccccc1)NC(=O)OCc1ccccc1,0.444421358,3.375792048,0.01,0,494.636,3.0047
COc1ccc(-c2cnn(C(C)C)c2)cc1Nc1nccc(-n2ccc3cnccc32)n1,0.411656647,2.762245117,0.54,0.43,425.496,5.0121
COc1ccccc1Nc1nccc(-c2cnc3ccccn23)n1,0.623460275,2.246970399,0.66,0.38,317.352,3.5435
COc1ccc(Nc2ncc(C(N)=O)c(Nc3ccccc3)n2)cc1,0.639658763,1.928657005,0.77,0.49,335.367,3.0713
COc1ccc(C(=O)Nc2cccc(C(F)(F)F)c2)cc1Nc1ncnc2cnc(NCc3ccccc3)nc12,0.215830291,2.535074509,0.45,0.24,545.525,6.0552
O=C1NC(=O)C(=Cc2ccc(-c3ccc(Cl)cc3)cc2)S1,0.838937599,2.013269774,0.6,0.19,315.781,4.3309
COc1ccc(C=Cc2ccccc2)cc1,0.698732402,1.451513451,0.01,0,210.276,3.8656
CC(=O)Nc1ccc(Nc2ccc3c(c2)OCCO3)cc1,0.908607781,1.822840594,0,0,284.315,3.1598
CN(C)C(=O)Cn1c(=O)n(C2CCCCC2)c2ccc(-c3ccccc3)cc21,0.688223739,2.245182929,0.01,0.02,377.488,4.0634
CCN(CC)CCNC(=O)c1ccc2c(c1)N=C(c1ccc(Cl)cc1)c1ccccc1C2,0.408761015,2.414626291,0.08,0.02,445.994,5.4849
Cc1cc(C)cc(-c2[nH]c3ccccc3c2CCNCCCCc2cccnc2)c1,0.340006285,2.338760746,0.27,0.07,397.566,6.00174
O=C(NCCCc1ccccc1)c1ccc(-c2noc(C(F)(F)F)n2)cc1,0.658398106,2.068852635,0.09,0,375.35,4.118
O=C(Nc1ccccc1)c1nc(-c2ccccc2)nc(Nc2ccccc2Cl)n1,0.48081958,2.058897682,0.08,0.16,401.857,5.1879
COc1ccc(C(=O)Nc2cc(-c3ccccc3)ccn2)cc1OC,0.765466337,1.744289698,0.19,0.33,334.375,4.0181
CCCCCCCCCCCCCCCC(=O)c1ncc(-c2ccccn2)o1,0.223346845,2.383108858,0.06,0.04,384.564,7.4006
O=C(Nc1ccccc1)c1ccccc1Nc1ccccc1N1CCNCC1,0.631345022,1.945063708,0.03,0.04,372.472,4.0921
CCCCOc1ccc(NC(=O)Nc2cccc(Cl)c2)cc1-c1cnco1,0.502334961,2.208395193,0.12,0.1,385.851,5.8179
CC(C)c1cc(CNc2nccc(Nc3ccccc3S(N)(=O)=O)n2)cc(OC)c1OC,0.444366508,2.539464249,0.39,0.28,457.556,3.6203
COc1ccc2c(c1)c(C(=O)Nc1ccc(C#N)cc1)nn2C1CCCC1,0.752764452,2.254580991,0.11,0.01,360.417,4.28398
CC(=O)Nc1cc(Nc2cc(NC3CCOCC3)n3ncc(C#N)c3n2)ccc1Cl,0.571866226,2.758199972,0.56,0.22,425.88,3.54728
CC(C)(C)C(=O)c1cnc(-c2cccc3c2N=C(O)C3=O)cn1,0.860116182,3.086779333,0.07,0.06,309.325,3.1567
COc1ccc(-c2ccc(C(=O)Nc3ccccc3N)cn2)cc1OC,0.687414813,1.875180217,0.25,0.06,349.39,3.6003
COc1ccc(NC(=O)Nc2ccc(-c3cncc(Nc4cccc(C(N)=O)c4)n3)cc2)cc1,0.321733309,2.193952835,0.33,0.19,454.49,4.6387
CCCCN(C)C(=O)c1cc(C)cc(C(=O)NC(Cc2cc(F)cc(F)c2)C(O)C2CNCC=C2)c1,0.436411922,3.928670636,0.01,0.03,499.602,3.62292
CC(C)c1nn(-c2ccc(C(N)=O)cc2)c(-c2ccc(Cl)cc2)n1,0.784363451,2.100819486,0.08,0.03,340.814,3.81
CCC(=O)Nc1cccc(-c2nc(Nc3ccc(N4CCOCC4)cc3)no2)c1,0.660032593,2.287212614,0.08,0.15,393.447,3.6653
CN(C)CC(=O)Nc1ccc(-c2nc(N3CCOCC3)c3cnn(C4CCC(N)CC4)c3n2)cc1,0.554616636,2.717677048,0.14,0.05,478.601,2.2724
COc1ccc(CNCC(C)C(=O)Nc2ccc(-c3nc(N4CCOCC4)c4ncc(Nc5ccccc5)nc4n3)cc2)cc1,0.188773883,3.214563921,0.09,0.16,604.715,5.04
Cc1cc(NC(=O)c2ccc(C(C)(C)C)cc2)cc(-c2cnc(N)c(C(=O)O)c2)c1,0.575249526,2.217537823,0.3,0.04,403.482,4.88722
Cc1ccc(-c2nc(N)c3ccccc3n2)cc1,0.704351446,1.705049154,0.09,0.01,235.29,3.18742
CCCCCCCCCCCCCCCCCCCCNC(=O)Nc1c(C(C)C)cccc1C(C)C,0.15265888,2.326153742,0.02,0,500.856,11.0966
COc1ccc(-c2ccc3c(c2)Nc2ccccc2NC3=O)cc1,0.722008455,2.006317419,0.79,0.06,316.36,4.6715
Cc1cc(C)nc(Nc2ccc(N3CCOCC3)cc2)n1,0.938778709,1.982409573,0.06,0.01,284.363,2.67364
CC(=O)Nc1cc(Nc2cc(Nc3cccc(C(=O)O)c3)cc(OC)c2OC)ncc1Cl,0.377435519,2.439250766,0.14,0.35,456.886,4.896
COc1ccc(Nc2ncc(C(N)=O)c(Nc3ccccc3)n2)cc1,0.639658763,1.928657005,0.77,0.49,335.367,3.0713
Cc1ccc(NC(=O)c2ccc(CN3CCOCC3)c(C(F)(F)F)c2)cc1Nc1ncnc2cnc(NCc3ccccc3)nc21,0.175776696,2.836139418,0.35,0.19,628.659,6.18722
O=C1NC(=O)C(=Cc2ccc(-c3ccc(Cl)cc3)c(Cl)c2)S1,0.77690595,2.178911447,0.66,0.29,350.226,4.9843
COc1ccc(C2=NN(CCOC(c3ccccc3)c3ccccc3)CC2)cc1,0.551517,2.374669752,0.04,0.01,386.495,4.9112
COc1cccc(-c2n[nH]c3ccc(-c4nnc(OC)s4)cc23)c1,0.613109606,2.469091485,0.49,0.12,338.392,3.7656
O=C1NC(=O)C(=Cc2ccc(-c3ccc(O)cc3)o2)S1,0.830012501,2.353455876,0.45,0.36,287.296,2.9761
COc1cccc(-c2cccc3c(Nc4ccc(N5CCOCC5)cc4)nncc23)c1,0.503876816,2.29669852,0.25,0.31,412.493,4.8856
Cc1ccc(Nc2nc(NC3CCCCC3N)c3ccccc3n2)cc1,0.653475688,2.855545356,0.22,0.03,347.466,4.36362
COc1ccc(CNc2nc(N3CCCCC3)nc3c2ncn3C2OC(C(=O)NC)C2)cc1,0.564344244,3.359461568,0.13,0.09,451.531,2.4708
CC(C)N(C(=O)CNC(=O)c1ccc(-c2ccc(NC(C)=O)cc2)cc1)C(=N)O,0.442796825,2.39119793,0.01,0.01,396.447,2.77157
COc1ccc(-c2ccc3c(c2)Nc2ccccc2C3=O)cc1,0.559018589,1.801864687,0.27,0.02,301.345,4.3569
C#Cc1cccc(Nc2nccc(-c3cnc4ccccn34)n2)c1,0.588231769,2.525599868,0.78,0.45,311.348,3.5162
Cc1ccc(-c2ncccn2)c(C(=O)Nc2ccc(NC(=O)c3ccccc3)nc2)c1,0.510712057,2.15255755,0.03,0.01,409.449,4.35162
COc1cc(Nc2nccc(Nc3ccccc3C)n2)ccc1OC,0.699764516,1.98099739,0.67,0.48,336.395,4.28942
CC(C)CC(NC(=O)C(Cc1ccccc1)NC(=O)CCC(=O)O)C(=O)c1ccc(Cl)cc1,0.408033232,2.82712356,0.01,0.01,472.969,3.6459
O=c1cc(-c2ccccc2)oc2ccccc12,0.630772226,1.64720689,0.14,0.01,222.243,3.46
COc1ccc(C(=O)Nc2ccc(F)c(C3(C)CC(C(F)(F)F)OC(=N)N3)c2)nc1,0.649937038,3.828096145,0.04,0.06,426.37,3.57237
O=C(Nc1ccc(Cl)cc1)c1ccccc1Nc1cccc(-c2nnc3ccccn23)c1,0.349639627,2.14731297,0.18,0.2,439.906,6.0456
COc1ccc(C(=O)Nc2cc(N(C)CCN(C)C)cc(C(F)(F)F)c2)cc1Nc1ncnc2cnc(NCc3ccccc3)nc12,0.147878605,2.965069778,0.35,0.19,645.69,6.053
COc1ccc(Nc2ncc(C(=O)Nc3ccccc3C(=O)Nc3ccccc3)cc2[N+](=O)[O-])cc1,0.230097952,2.140865399,0.11,0.26,483.484,5.2466
COc1ccc(-c2ccccc2Nc2ncccc2-c2nc(C)nc(N)n2)cn1,0.53545732,2.502051185,0.22,0.26,385.431,3.63842
Cc1ccc(-c2ccc(N3CCC(N4CCCCC4)C3=O)o2)cc1,0.860398428,2.911881589,0.07,0.03,324.424,3.84622
COc1ccc(-c2ccc(-c3cccc4c(N)ncnc43)cc2)cc1,0.599263596,1.948780214,0.47,0.14,327.387,4.5546
COc1ccc(-c2nn(C)c3ncnc(N)c23)cc1OC,0.786525739,2.18404362,0.55,0.2,285.307,1.6297
COc1ccc(CNc2nc(Nc3ccccc3)ncc2-c2nc(C)nc(N)n2)cc1,0.416023409,2.374323704,0.47,0.18,414.473,3.58352
CC(C)(C)c1ccc(Nc2ncc(C(=O)Nc3ccccc3N3CCC(C)CC3)nc2)cc1,0.505552903,2.340485072,0.16,0.26,443.595,6.0063
N#CC(Cc1ccc(-c2ccc3c(c2)OCO3)cc1)NC(=O)C1NC2CCC1C2,0.821641353,4.450769561,0.09,0.06,389.455,2.77368
COc1ccc(-c2noc(C(C)(C)C)n2)cc1N=C(O)c1cncc(N2CC(F)(F)C2)n1,0.465752662,3.234085868,0.08,0.02,444.442,3.9243
Cc1cccc(CNc2nc(Nc3ccncc3)ncc2[N+](=O)[O-])c1,0.524324467,2.287595467,0.52,0.22,336.355,3.44392
CN(C)CCOc1ccc2ncnc(Nc3ccc(Oc4ccccc4)cc3)c2c1,0.443699201,2.083303928,0.62,0.53,400.482,5.1061
COc1ccc(-c2nn(-c3ccccc3)cc2-c2ccc3ccccc3c2O)cc1,0.403505901,2.105319312,0.16,0.02,392.458,6.0737
CC(=O)Nc1ccc(-c2ccc3nccc(-c4cccc(N5CCOCC5)c4)c3n2)cc1,0.511678266,2.27354423,0.24,0.18,424.504,4.7588
COc1ccc(C(=O)Nc2ccc(-c3nc(N4CCOCC4)c4ncc(N5CCOCC5)nc4n3)cc2)cc1,0.401247493,2.603748157,0.08,0.12,527.585,3.0209
O=C1NC(=O)C(=Cc2ccc(-c3ccc(Cl)cc3)cc2)S1,0.838937599,2.013269774,0.6,0.19,315.781,4.3309
CC(C)(C)c1cc(NC(=O)Nc2cccc3ccccc23)n(-c2ccccc2Cl)n1,0.392378463,2.16903711,0.5,0.03,418.928,6.6204
COC(=O)Cc1ccc(Nc2ncc(-c3ccnc(Nc4ccccc4)n3)cc2)cc1,0.424601059,2.187070737,0.67,0.4,411.465,4.7413
Cn1c(=O)c2c(nc(N3CCCC(N)C3)n2Cc2ccccc2)n(C)c1=O,0.723040308,2.798458992,0.02,0,368.441,0.4095
Cc1ccc(C(=O)Nc2cccc(C(F)(F)F)c2)cc1Nc1ncnc2cnc(N3CCCCC3)nc12,0.355999718,2.554448178,0.19,0.14,507.52,5.73322
O=C(c1ccc(F)cc1)c1ncccc1NCCN1CCOCC1,0.823586477,2.161402255,0.1,0.07,329.375,2.1958
CCOc1cc(OC)cc(N(CCN)c2ccc3ncc(-c4cnn(C)c4)nc3c2)c1,0.467912662,2.764512692,0.18,0.12,418.501,3.5344
COc1ccccc1N1CCN(CCCCCn2c(=O)[nH]c3ccccc32)CC1,0.595667575,2.113037772,0.04,0,394.519,3.3307
CC(=O)c1nc(NC(=O)NC(C)=O)cc(-c2ccc(Cl)cc2)n1,0.841345922,2.371065048,0.07,0.07,332.747,2.6676
COc1cc(Nc2nccc(-c3cnc(N4CCCC4)c4ncnc(N)c34)c2)cc(OC)c1,0.456035125,2.731896815,0.45,0.48,443.511,4.03
CCN(CC)C(=O)c1ccc(C(=C2CC=CC=C2c2ccc([N+](=O)[O-])cc2)c2ccccc2)cc1,0.281496195,2.668877294,0.02,0.07,464.565,6.9222
COc1ccc(Nc2ncc(C(=O)Nc3ccccc3C(=O)Nc3ccccc3)cc2[N+](=O)[O-])cc1,0.230097952,2.140865399,0.11,0.26,483.484,5.2466
Cc1cc(Nc2nccc(-c3cnn4ncccc34)n2)cc(OC)c1,0.618019597,2.555050182,0.96,0.27,332.367,3.24692
COc1cc(CNc2nc(Nc3cc(N4CCOCC4)nc(N4CCOCC4)n3)ccc2OC)ccc1C(=O)NCC1CC1,0.280440841,2.926207124,0.06,0.07,604.712,3.0575
COc1ccc(C(=O)Nc2ccc(C(=O)Nc3ccc(N4CCOCC4=O)cc3)cc2)cc1,0.604790581,2.001004932,0.02,0.03,445.475,3.563
Cc1ccc(-c2nc(-c3ccc(OC(F)(F)F)cc3)c3n2C(CO)C(O)C3)cc1,0.692808791,3.422684095,0.04,0.02,404.388,3.87452
COc1ccc(Nc2ncc(C(N)=O)c(Nc3cc(C(=O)Nc4ccccc4)ccc3Cl)n2)cc1,0.274886313,2.188856063,0.57,0.45,488.935,4.977
COc1ccc(Nc2ncc(C(N)=O)c(Nc3cc(C4CC4)n[nH]3)n2)cc1,0.506050107,2.645275213,0.58,0.47,365.397,2.6718
CCCCCN(C)C(=O)CN1CC(c2ccc3c(c2)OCO3)C(C(=O)O)C1c1ccc(OC)cc1,0.513757,3.446682442,0.01,0.01,482.577,3.9138
COc1ccc(C(=O)Cn2ccnc2)cc1OCc1ccc(Cl)cc1Cl,0.550026724,2.172206413,0.03,0.01,391.254,4.6604
CC1(C)CC(=O)C=C(c2ccc(C#Cc3ccccc3)cc2)C1,0.687428093,2.399843969,0.03,0,300.401,4.8589
CCCn1c(=O)c2nc(-c3ccc(OC)nc3)[nH]c2n(CCC)c1=O,0.735967301,2.664944423,0.26,0.05,343.387,1.7769
COc1ccc(Nc2nccc(-c3cnc4ccccn34)n2)cc1,0.623460275,2.201344397,0.76,0.55,317.352,3.5435
CC(C)C(NC(=O)Cn1ccc2ccccc21)C(=O)NC(Cc1ccc(F)cc1)C(=O)NC1c2ccccc2CC1O,0.234130035,3.626366245,0.01,0.06,570.665,3.4232
CC(C)Nc1cc(-n2ccc3cc(C#N)cnc32)ncc1C(O)=NC1CCC(C(C)(C)O)CC1,0.360791424,3.434523603,0.12,0.08,460.582,4.74678
CC(C)CC(NC(=O)c1ccc(C2CC2)c(OCC2CC2)n1)C(=O)O,0.717478979,2.847835529,0.13,0.08,346.427,2.9769
Nc1ccc(-c2cnc3ccccc3n2)cc1,0.642669778,1.755406274,0.1,0.23,221.263,2.879
CN(C)CCNC(=O)c1ccc(Nc2nccc(-c3cnc(N4CCCC4)c(N4CCOCC4)c3)n2)cc1,0.444667463,2.646785031,0.58,0.53,516.65,3.0104
CN(C)CCOc1ccc(Nc2ncc(Nc3ccccc3)nc2)cc1,0.642959765,2.094731716,0.17,0.27,349.438,3.9042
Cc1cccc(Nc2ccccc2C(=O)NCCC(=O)NCCCCCCCCCCCCNc2c3c(nc4ccccc24)CCCC3)c1,0.070828496,2.776020463,0.08,0.05,661.935,9.41482
Cn1cc(-c2ccc3cnc(Nc4ccc(N5CCCC5)nc4)cc3n2)cn1,0.588746742,2.539986229,0.27,0.43,371.448,3.7691
COc1ccc(-c2ccccc2)cc1Nc1nccc(-c2cnc3ccccn23)n1,0.443993938,2.31226297,0.65,0.47,393.45,5.2105
COc1cccc(-c2nc(Nc3ccccc3)nc(N3CCCCC3)n2)c1,0.731688147,2.038437693,0.08,0.08,361.449,4.2811
CNC(=O)c1ccc(-c2nc(C(=O)Nc3cnccc3CNc3cccc4ccccc34)[nH]c2Cl)cc1,0.230769672,2.629510532,0.32,0.14,510.985,5.5023
CN(C)CCNC(=O)c1ccc2c(c1)c(-c1ccc(Cl)cc1)nn2C1CCCCC1,0.594621948,2.310870992,0.07,0.05,424.976,5.1533
CC(C)c1cccc(C(C)C)c1Nc1ncc(-c2ccccn2)s1,0.602446087,2.414174207,0.16,0.09,337.492,6.1955
O=C(Nc1ccc(C(=O)N2CCN(c3ccc(C(F)(F)F)cc3)CC2)cc1)c1ccccc1-c1ccccc1,0.317548335,2.12014265,0.05,0.02,529.562,6.5871
COc1ccc(C(=O)Nc2ccc(-c3ccccc3)cc2)nc1NC(=O)c1ccccn1,0.469699808,2.10174338,0.24,0.07,424.46,4.6568
CN(C)C(=O)c1ccc(Nc2ncc(C(=O)Nc3ccccc3)s2)cc1,0.71940162,2.009231568,0.06,0.22,366.446,3.8408
COc1ccc(CNc2nc(Nc3ccccc3)ncc2[N+](=O)[O-])cc1,0.493470281,2.04239872,0.67,0.24,351.366,3.7491
O=C1Nc2ccc(Cl)cc2C(=O)C1=NNc1ccc(OCCN2CCCCC2)cc1,0.686152964,2.430957322,0.33,0.07,426.904,3.8076
Cc1ccc(-c2cc(Nc3ccc(N4CCCCC4=O)cc3)no2)cc1,0.728317659,2.158904996,0.03,0.15,347.418,4.91052
O=C1NC(=O)c2c1c1ccc3ccccc3c2n1CC=CCO,0.60836244,4.295193678,0.3,0.02,306.321,-0.21822
Cc1noc(-c2ccccc2)c1CNc1ccc(C(=O)NCC(F)F)cc1,0.65132715,2.289972116,0.04,0.02,371.387,4.25702
Cc1ccc(-c2ccc(S(=O)(=O)Nc3ccc(S(N)(=O)=O)cc3)cc2)cc1,0.683682289,1.799786885,0.03,0,402.497,3.11022
CC(C)C(NC(=O)Cn1c(C)c2c(nc3ccc(Br)cc32)-c2ccc3c(c21)C(=O)NC3=O)C(=O)C(F)(F)F,0.333029958,3.557323579,0.31,0.05,589.368,4.52102
CC(=O)Nc1ccc(Nc2nc(Nc3ccccc3)ncc2NC(=O)CC)cc1,0.479763824,2.150333874,0.48,0.33,390.447,4.2707
COc1ccc(-n2nc(C(C)(C)C)cc2NC(=O)Nc2ccc(Oc3ccnc(Nc4ccccn4)n3)cc2)cc1,0.19858852,2.644758847,0.28,0.22,550.623,6.5433
COc1ccc(-c2ccc3c(c2)Nc2ccc(C(F)(F)F)cc2NC3=O)cc1,0.596755383,2.259352627,0.69,0.07,384.357,5.6903
CC(NC(=O)C(C)(C)Nc1cccc2[nH]ncc12)C(=O)Nc1ccc2ncccc2c1,0.384673983,2.983891215,0.25,0.22,416.485,3.445
Cc1ccc2c(c1)c(-c1ccc(C(=O)O)cc1)c(C)n2C(=O)c1ccc(Br)cc1,0.41371938,2.14615552,0.02,0,448.316,6.07434
COc1ccc(C(=O)Nc2nc(-c3ccccc3)cs2)cc1OC,0.760136042,1.712573272,0.01,0.02,340.404,4.0796
COc1ccc(-n2nc(C(N)=O)c3c2-c2cc(NC(=O)c4ccccc4)ccc2CC3)cc1,0.49199066,2.254807847,0.08,0.01,438.487,3.9977
COc1ccc(-c2ccc(C(=O)NC(C(=O)Nc3ccccc3)C3CCCCC3)cc2)cc1,0.494672337,2.427624405,0.03,0.01,442.559,5.6796
COc1ccc(-n2nc(C(N)=O)c3c2-c2cc(NC(=O)c4ccccc4)ccc2CC3)cc1,0.49199066,2.254807847,0.08,0.01,438.487,3.9977
CC(C)C(=O)Nc1ccc(C(=O)Nc2cccc(C(=O)O)c2)cc1,0.785787696,1.637395042,0,0,326.352,3.2316
COc1ccc(-c2ccc(NC(=O)C=Cc3ccc(NC(=O)C=Cc4ccccc4)cc3)cc2)cc1,0.28047656,2.085312274,0.02,0.02,474.56,6.666
CC(C)(C)C(=O)Nc1ccc(-c2nc(N3CCOCC3)c3ncccc3n2)cc1,0.735900032,2.333888833,0.09,0.11,391.475,3.513
COc1ccc2c(c1)C(=O)c1ccc(-c3cncc(C#N)c3)cc1OC2,0.709033922,2.414239951,0.21,0.02,342.354,3.75228
O=C1NC(=O)C(=Cc2ccc(-c3ccccc3)cc2)S1,0.854122807,1.941004124,0.58,0.23,281.336,3.6775
COc1cccc(-c2nc(Nc3ccccn3)nc(N3CCCC3)n2)c1,0.757994049,2.207173346,0.22,0.23,348.41,3.286
O=C(NCCc1ccccc1)c1ccc2cnccc2c1,0.794741022,1.700663223,0.17,0.09,276.339,3.2073
COc1ccc(C(=O)C=Cc2ccc(O)c(OC)c2)cc1OC,0.654355122,1.91018136,0.03,0,314.337,3.3141
O=C(NC1CCCC(CNc2ccc3[nH]ncc3c2)C1)c1ccccc1,0.653446175,2.917355822,0.17,0.04,348.45,3.9636
COc1ccc(-c2ccc3c(c2)Nc2ccccc2NC3=O)cc1,0.722008455,2.006317419,0.79,0.06,316.36,4.6715
O=C(NC1CCCCCC1)c1nc(-c2ccccc2)nc(Nc2ccccc2)n1,0.618544777,2.16030231,0.22,0.21,387.487,4.7348
COc1ccc(-c2cc(C(N)=O)nc3[nH]ccc23)cc1,0.76382421,2.212604055,0.31,0.12,267.288,2.3374
O=C(Nc1ccc(Cl)c(C(F)(F)F)c1)c1ccc2ncccc2c1,0.693335531,1.925779302,0.05,0.02,350.727,5.1593
N#CCC(=O)Nc1ccc2ncnc(Nc3cccc(Br)c3)c2c1,0.712226144,2.249214075,0.6,0.17,382.221,3.98808
COc1ccc(Nc2ncc(C(=O)Nc3ccccc3)s2)cc1OC,0.694661195,1.941355082,0.15,0.14,355.419,4.1562
CCOc1ccc(-n2c(C)nc3c(NCc4ccccc4)ncnc32)cc1,0.560553167,2.179062671,0.31,0.03,359.433,4.13472
CC(C)C(NC(=O)Cn1ccc2ccccc21)C(=O)NC(C=O)Cc1ccccc1,0.537366928,2.985362467,0,0.04,405.498,2.7085
COc1ccc(-c2nnc(-c3ccccc3)o2)cc1,0.71629177,1.608665427,0.09,0,252.273,3.4122
COc1ccc(C2=NN(c3ccc(Cl)cc3)C(=O)C2=O)cc1OCCN1CCCCC1,0.614486824,2.372310272,0.08,0.02,441.915,3.5333
CC(C)c1c(C(=O)Nc2ccc(F)c(F)c2)nc(Nc2ccccc2)n1C,0.677068953,2.380900731,0.02,0.1,370.403,4.8176
CC(=O)Nc1nc(C(=O)NCc2ccc(F)c(C(F)(F)F)c2)cc(-c2ccccc2)n1,0.59254205,2.308274723,0.14,0.06,432.377,4.1899
CC(C)c1ccc(Nc2nc(Nc3ccc(N4CCOCC4)cc3)[nH]n2)cc1,0.595090224,2.345957263,0.2,0.17,378.48,4.2519
CNc1cccc(Nc2ncc(-c3ccccc3)o2)c1,0.744440312,2.090956473,0.6,0.25,265.316,4.1269
Nc1ncc(-c2ccc(Nc3ccccc3)cc2)nc1NC1CCOCC1,0.635372503,2.304207693,0.55,0.44,361.449,4.0603
CC(=O)c1ccc(NC(=O)NC2C=C(c3ccccc3)c3ccccc3N2)cc1,0.561688743,2.858041069,0.08,0.05,383.451,4.8942
COc1ccc(-c2nc(C(=O)Nc3ccccc3CN3CCCC(C(N)=O)CC3)no2)cc1,0.567974122,2.750809865,0.02,0.01,449.511,3.0849
CC(=O)Nc1ccc(-c2nc(N3CCOCC3)c3cnn(C4CCOCC4)c3n2)cc1,0.690648962,2.562193475,0.1,0.13,422.489,2.6398
Cc1ccc(NC(=O)c2cccc(C(F)(F)F)c2)cc1Nc1ncnc2cnc(Nc3ccc(N4CCNCC4)cc3)nc12,0.181386812,2.782731312,0.4,0.44,599.621,5.89612
CN(C)CC(=O)Nc1ccc(Nc2ncnc3cc(OC)c(OC)cc23)cc1,0.650429088,2.112425656,0.47,0.41,381.436,2.8907
Cc1ccc(-n2nc(C(C)(C)C)cc2NC(=O)Nc2ccc(OCCN(C)C)c3ccccc23)cc1,0.326173465,2.418056881,0.51,0.31,485.632,6.21582
COc1ccc(-c2ccc3c(c2)Nc2ccccc2NC3=O)cc1,0.722008455,2.006317419,0.79,0.06,316.36,4.6715
Cc1ccc(C(=O)Nc2cc(C(C)(C)C)on2)cc1Nc1ncnc2[nH]cnc12,0.481450802,2.734651413,0.23,0.05,391.435,3.94272
COc1ccc(CNC(=O)c2ccc(-c3ccc(C)c(N4CCOCC4)c3)cc2)cc1OC,0.581284251,2.048482665,0.02,0.01,446.547,4.44582
CC(=O)Nc1ccc(Nc2ncc(C(=O)Nc3ccccc3)cc2-c2nc(C)nc(N)n2)cc1,0.343990014,2.3677075,0.27,0.15,454.494,3.77852
COC(=O)C1=C(c2ccccc2)NC(=O)C1=Cc1ccccc1,0.700562457,2.177579633,0.2,0.1,305.333,2.7841
O=C(Nc1ccc(NC(=O)Nc2ccc(Cl)cc2)cc1)c1ccccc1,0.591578011,1.523358105,0,0,365.82,5.2363
COc1ccc(C(=O)Nc2ccc(-c3cccc4c(Nc5ccccc5)ccnc34)cc2)cc1,0.298170875,2.009692939,0.33,0.17,445.522,6.9063
CC(=O)Nc1ccc(-c2c[nH]c3ccccc23)cc1,0.713656757,1.700943209,0.27,0.07,250.301,3.7933
CCCN(CCOC)c1cc(Nc2cc(NC(=O)c3cccc(C(F)(F)F)c3)ccn2)ncn1,0.438154728,2.6539734,0.24,0.24,474.487,4.7491
COc1ccc(-n2nc(C(N)=O)c3c2-c2cc(NC(=O)c4ccccc4Cl)ccc2CC3)cc1,0.441247516,2.33600409,0.08,0.04,472.932,4.6511
COc1cc(CNC(=O)c2ccc(-c3ccc(C)c(C)c3)cc2)ccc1OCCNC(=O)CS,0.299428296,2.190982535,0.04,0.02,478.614,4.33384
COc1ccc(C#CCOc2ccc(CC(C)=O)c(OC)c2)cc1,0.765173106,2.191633935,0.05,0,324.376,3.2658
COc1cccc(Nc2ncnc3cc(OCCOC)c(OC)cc23)c1,0.620624818,2.091722413,0.67,0.4,355.394,3.4158
COc1ccc(-c2cnc(N)c(C(=O)Nc3cccc(CN4CCOCC4)c3)n2)cc1,0.633267067,2.198488319,0.65,0.06,419.485,2.8189
O=C(Nc1ccccc1)c1cccc(-c2noc(C(F)(F)F)n2)c1,0.786282098,1.999614252,0.06,0.01,333.269,4.0077
CN(C)c1ccc(NC(=O)c2cnc(Nc3ccccc3)s2)cc1,0.73172164,1.99199869,0.06,0.17,338.436,4.205
COc1ccc(Nc2ncc(C(N)=O)c(Nc3ccccc3Cl)n2)cc1,0.611554127,2.030932608,0.77,0.68,369.812,3.7247
CN(C)C1CCc2c(c3ccccc3n2S(=O)(=O)c2ccc(F)cc2)C1,0.707336224,2.827668914,0.04,0.06,372.465,3.4363
CC(C)(C)c1ccc(Nc2nc(NCCCN(C)C)nc(Nc3ccccc3)n2)cc1,0.420357166,2.282836221,0.11,0.04,419.577,5.0199
CN(C)c1ccc(NC(=O)c2ccc(C#N)s2)cc1Nc1ncnc2scc(-c3ccccc3)c12,0.284326964,2.705212768,0.2,0.19,496.621,6.35338
O=C(Nc1ccc(Cl)cc1C(=O)Nc1ccc(Cl)cc1)c1ccccc1,0.623324592,1.599347993,0.01,0.01,385.25,5.498
COc1ccc(C(=O)Nc2cccc(C(=O)c3cn(C(C)C)c4ncncc34)c2)cc1,0.469477737,2.294951606,0.13,0.11,414.465,4.5041
COc1ccc(CNC(=O)c2cccc(C(F)(F)F)c2)cc1Nc1ncnc2cnc(N3CCCCC3)nc12,0.335181127,2.642853501,0.15,0.17,537.546,5.1111
COc1ccc(-c2ccc(C(=O)Nc3ccc4c(c3)CCC(C(=O)O)O4)cc2)cc1,0.659902432,2.467008588,0.01,0.01,403.434,4.3927
COc1cc(CNC(=O)c2ccc(-c3ccc(N4CCOCC4)cc3)cc2)ccc1OC1CCCC1,0.458840357,2.19780486,0,0.02,486.612,5.4502
COc1ccccc1N1CCN(CC(O)COc2c(C)cc(C)cc2C(=O)NC(C)(C)C)CC1,0.617387979,2.841032772,0.02,0,469.626,3.40224
Cc1c(Cl)cccc1Nc1nccc(-c2cnc3ccccn23)n1,0.598736669,2.365029727,0.6,0.36,335.798,4.49672
COc1cccc(CNC(=O)c2nc(-c3ccccc3)n(-c3ccccc3)n2)c1,0.547856399,1.966340216,0.06,0.01,384.439,3.8729
CN(C)CCNC(=O)c1ccc(Nc2nccc(Nc3cc(N4CCOCC4)cc(C#N)c3)n2)cc1,0.419385039,2.605736843,0.44,0.4,486.58,2.96348
Cc1ccc(NC(=O)c2cccc(N3CCOCC3=O)c2)cc1Nc1ncnc2cnc(N3CCCCC3)nc12,0.373494419,2.758857447,0.24,0.16,538.612,4.07762
O=C(Nc1ccccc1)c1ccccc1NC(=O)c1ccc(Nc2ccccc2)cc1,0.370683248,1.680767102,0.03,0.06,407.473,5.9348
CN(C)CC(=O)Nc1ccc2c(c1)-c1cc(F)ccc1C(=O)N2C,0.75136462,2.107507629,0,0.01,327.359,2.3309
Nc1noc2cccc(-c3ccc(NC(=O)Nc4cccc(C(F)(F)F)c4)cc3)c12,0.400021141,2.2768172,0.79,0.09,412.371,5.7398
CC(C)(C)C(=O)Nc1ccc(-c2nc(N3CCOCC3)c3cccnc3n2)cc1,0.735900032,2.355944254,0.13,0.08,391.475,3.513
COc1cc(Nc2nccc(Nc3cc(N4CCOCC4)ccn3)n2)ccc1OC,0.611012654,2.386157075,0.57,0.5,408.462,3.2126
COc1ccc(-c2c(N)ncnc2Nc2ccc3[nH]ccc3c2)cc1OC,0.497500532,2.381512944,0.52,0.18,361.405,3.9679
COc1ccc(Nc2ncc(-c3ccccc3)o2)cc1,0.772112786,1.85881749,0.6,0.33,266.3,4.0938
COc1ccc(C(=O)C(C(=O)Nc2ccc(Cl)cc2)C2C=CCC2=O)cc1,0.465719929,3.202785553,0.03,0.01,383.831,3.9314
COc1ccc(-c2ccc3nccc(Nc4cccc(C(F)(F)F)c4)c3n2)cc1,0.455729052,2.176316265,0.3,0.29,395.384,6.0678
CC(=O)c1ccc(-c2nc(-c3ccc(OC)cc3)no2)cc1,0.687573074,1.75929039,0.01,0.01,294.31,3.6148
Cc1ccc(C(=O)Nc2ccc(CN3CCC(C(O)=NC4CCCCC4)CC3)cc2)cc1,0.450344853,2.346375142,0.02,0.01,433.596,5.74852
COc1ccc(-n2nc(C(N)=O)c3c2-c2cc(NC(=O)c4ccccc4)ccc2CC3)cc1,0.49199066,2.254807847,0.08,0.01,438.487,3.9977
COc1ccc(CNc2nc(Nc3cc(OC)cc(Nc4ccccc4)n3)ccn2)cc1,0.343389231,2.321778927,0.39,0.25,428.496,4.9881
O=C1NC(=O)C(=Cc2ccc(-c3ccccc3)c(Cl)c2)S1,0.838937599,2.112355159,0.64,0.26,315.781,4.3309
O=C1NC(=O)C(=Cc2ccc(-c3ccccc3)cc2)S1,0.854122807,1.941004124,0.58,0.23,281.336,3.6775
COc1ccc(-c2ccccc2)cc1-n1cnc2ncnc(Nc3ccc(F)cc3F)c21,0.398964736,2.47763668,0.37,0.19,429.43,5.5129
CC(NC(=O)C(S)Cc1ccccc1)C(=O)NC(C#N)C(=O)N1CCCC1,0.59738181,3.510052719,0.01,0,388.493,0.66298
O=C(Nc1ccc(Cl)cc1)c1ccccc1CNc1cccc2cnccc12,0.457894563,1.972415049,0.25,0.24,387.87,5.7526
CN(C)c1ccc(C=Cc2ccccc2)cc1,0.712717055,1.667147273,0.01,0,223.319,3.923
COc1ccc(Nc2ncc(C(=O)Nc3ccc(N4CCOCC4)cc3)nc2NC(=O)C2CC(=O)OC2)cc1,0.370527474,3.147751469,0.1,0.16,532.557,2.8193
COc1ccc(Nc2ncc(N3CCCCC3)c3ncccc23)cc1,0.767500297,2.122006953,0.12,0.15,334.423,4.3723
Cc1ccc(C(=O)Nc2ccc3c(c2)-c2c(c(C(N)=O)nn2-c2ccc(S(C)(=O)=O)cc2)CC3)cc1,0.432396413,2.433295876,0.08,0.02,500.58,3.70102
COc1ccc(-c2ccc(C(=O)Nc3ccc4c(c3)C3(C)CCC(C3)N4)cc2)cc1,0.579504391,3.810995491,0.12,0.05,398.506,5.8502
CC(C)C(NC(=O)Cn1c(-c2ccccc2)ccc(NC(=O)OCc2ccccc2)c1=O)C(=O)C(F)(F)F,0.423582447,2.968328269,0.01,0.03,529.515,4.5362
COc1ccc(CCNC(=O)CC(C)(C)C)cc1,0.871093026,1.722994704,0,0,249.354,2.7901
COc1ccc(-n2nc(C(C)(C)C)cc2NC(=O)Nc2ccc(Oc3ccnc(Nc4cccc(C(N)=O)c4)n3)cc2)cc1,0.156394727,2.678685956,0.39,0.25,592.66,6.2472
CN(C)CCC(=O)c1ccc(-c2nc(N)n(C(=O)CC3CCCCC3)c2-c2ccc(F)cc2)cc1,0.42294022,2.666407769,0.17,0.07,476.596,5.6834
Oc1ccc(-c2nc(-c3ccncc3)c(-c3ccc(Oc4ccccc4)cc3)[nH]2)cc1,0.359711807,2.175988653,0.71,0.28,405.457,6.3036
O=C(Nc1ccccc1)Nc1cccc2cnccc12,0.736829752,1.696625052,0.31,0.13,263.3,3.8788
CC(=O)Nc1ccc(Nc2nccc(Nc3ccccc3)n2)cc1,0.66402042,1.88329632,0.59,0.41,319.368,3.9222
O=C1NC(=O)C(=Cc2ccc(-c3ccccc3)cc2)S1,0.854122807,1.941004124,0.58,0.23,281.336,3.6775
CC(C)C(=O)Nc1ccc(Nc2nccc(-c3cnc(N4CCOCC4)c(C4CCOCC4)n3)c2)cc1,0.483166433,2.765617457,0.28,0.51,502.619,4.6073
Cn1c(Nc2c(Cl)ccc(NC(=O)C(C)(C)C)c2Cl)nc(-c2ccc(Cl)cc2Cl)cc1=O,0.402307861,2.66836371,0.09,0.06,514.24,6.7891
CC(C)CN(Cc1cc(Cl)c2c(c1)OCCCO2)C(=O)C1CCCN(C(=O)c2ccc(Cl)c(Cl)c2)C1,0.418505357,3.056085314,0.02,0,553.914,6.3451
CC(=O)c1ccc(-c2ccc(NC(=O)C(=O)Nc3ccc(C(F)(F)F)cc3)cc2)cc1,0.447471085,1.943133936,0.02,0.05,426.394,5.1522
CNC(=O)c1ccc(-c2cnc3ccc(NC(=O)Nc4ccc(C(C)(C)C)cc4)cc3n2)cc1,0.374831621,2.206395035,0.21,0.15,453.546,5.5979
CN(C)CCOc1ccc(-c2nc(-c3cccc4ccccc34)no2)cc1,0.507354342,2.027662865,0.06,0.01,359.429,4.4972
COc1ccc2nc(-c3ccccc3)n(-c3ccccc3)c2n1,0.571820162,1.939082533,0.07,0,301.349,4.0961
COC(=O)c1ccc(-c2ccc(Nc3cc(N4CCOCC4)nc(N4CCOCC4)n3)cc2)cc1,0.539280759,2.387433555,0.05,0.1,475.549,3.347
COc1ccc(Nc2ncc(Cl)c(Nc3cc(N4CCOCC4)ccn3)n2)cc1,0.631022521,2.355193971,0.66,0.66,412.881,3.8574
Cc1ccc(Nc2ncnc(Nc3ccccc3)n2)cc1,0.76154263,1.832646102,0.41,0.29,277.331,3.66722
COc1ccc(-c2nc(Nc3ccccn3)c(-c3ccccc3)[nH]2)cc1,0.541862508,2.165426293,0.48,0.18,342.402,4.8909
CC(=O)Nc1cc(Nc2cc(Nc3cccc(Br)c3)ncn2)ccn1,0.599007287,2.388141621,0.33,0.52,399.252,4.0797
COc1cccc(NC(=O)c2ccc(Cl)cc2)c1Nc1ncnc2[nH]c(-c3ccccn3)cc12,0.294750696,2.554101372,0.27,0.18,470.92,5.6778
Cc1cc(-c2cnc(N)c(F)c2)ccc1OC(F)(F)F,0.856672686,2.332490154,0.36,0.13,286.228,3.67692
COc1cccc(-c2ccc(Nc3ccccc3)nc2N=C(O)c2cnn3cccnc23)c1,0.281203599,2.765032005,0.27,0.26,436.475,5.1798
COc1cccc(-c2nc(Nc3ccc(N4CCOCC4)cc3)ncc2NC(=O)Cc2c[nH]c3ncccc23)c1,0.259701044,2.672857086,0.48,0.47,535.608,4.7899
COc1ccc(-c2nc(Nc3ccc(N4CCNCC4)cc3)ncc2F)cc1,0.708129849,2.209484843,0.46,0.72,379.439,3.4445
O=C1NC(=O)C(=Cc2ccc(O)c(Br)c2)S1,0.781978629,2.467108615,0.71,0.44,300.133,2.4786
COc1cccc(-c2nc(Nc3cccc(C(=O)O)c3)n3ncccc32)c1,0.561968834,2.295858506,0.22,0.14,360.373,3.8467
COC(=O)C1=C(c2ccccc2)c2ccccc2C1=NO,0.522182081,2.273358236,0.09,0.09,279.295,2.8534
COc1ccc(-c2ccc3c(N4CCOCC4C)nc(N4CCCCC4)nc3n2)cc1,0.635109836,2.93728319,0.05,0,419.529,3.9158
O=C(C=Cc1ccccc1)Nc1ccc(NC(=O)Nc2ccccc2)cc1,0.563521459,1.713984384,0.01,0.01,357.413,4.9825
COc1ccc(C(=O)Nc2ccc(F)c(C3(C)CC(C(F)(F)F)OC(=N)N3)c2)nc1,0.649937038,3.828096145,0.04,0.06,426.37,3.57237
Cc1cccc(C(=O)Nc2cccc(C(N)=O)c2)c1Nc1ccc(N2CCOCC2)nc1,0.552380644,2.256647696,0.09,0.21,431.496,3.32142
CC(=O)Nc1ccc(Nc2cc(-c3cccc(NC(=O)CCN)c3)nc(N)n2)cc1,0.405688995,2.235514938,0.19,0.08,405.462,2.7151
COc1ccc(-c2ccc(C(=O)Nc3ccc4c(c3)C3(C)CCC(C3)N4C)cc2)cn1,0.633101154,3.966381923,0.15,0.13,413.521,5.2695
COc1ccc(NC(=O)Nc2ccc(-c3cccc4cnccc34)cc2)cc1,0.495311846,1.856318426,0.51,0.22,369.424,5.5544
COc1ccc(-c2ccc(-c3ccc(C(=O)Nc4ccc(C(=O)O)cc4)cc3)cc2)cc1,0.400007934,1.723898866,0.02,0.02,423.468,5.9797
Cc1ccc(-c2cnc(N)c(-c3ccc(N4CCNCC4)cc3)n2)cc1,0.763390301,2.20217787,0.45,0.07,345.45,3.11082
COc1ccc2c(c1)C(=O)N(CCc1cccc(C(=O)O)c1)C2=O,0.85234339,1.89749595,0,0,325.32,2.2321
O=C1NC(=O)C(=Cc2ccc(N3CCC(Nc4ccccc4)CC3)cc2)S1,0.783700728,2.255432096,0.22,0.07,379.485,4.0914
N=C(N)c1ccc(CNC(=O)C2CCCN2C(=O)C(N)Cc2ccc(O)cc2)cc1,0.33995309,2.911013352,0.02,0,409.49,0.85347
O=C1NC(=O)C(=Cc2ccc(N3CCC(NC(=O)C=Cc4ccccc4)CC3)cc2)S1,0.701413196,2.429759088,0.18,0.09,433.533,3.8089
O=C(Nc1ccccc1)c1nc(-c2ccco2)nc(NC(=O)c2ccccc2)c1N,0.468679859,2.250701088,0.13,0,399.41,3.8234
Cc1ccc(C(=O)Nc2cccc(C(F)(F)F)c2)cc1Nc1ncnc2cnc(N3CCCCC3)nc12,0.355999718,2.554448178,0.19,0.14,507.52,5.73322
COc1ccc(Nc2ncc(-c3ccc(N4CCCC4)cc3)o2)cc1,0.732601455,2.067810488,0.33,0.45,335.407,4.694
COc1ccc(-c2ccc3c(c2)Nc2ccccc2NC3=O)cc1,0.722008455,2.006317419,0.79,0.06,316.36,4.6715
COc1ccc(-c2ccnc(Nc3ccccc3)n2)cc1,0.7854291,1.667615581,0.85,0.61,277.327,3.8958
O=C(Nc1ccc(Cl)cc1C(=O)Nc1ccc(Cl)cn1)c1ccc(-c2ncccc2Cl)cc1,0.324898551,2.185343337,0.17,0.1,497.769,6.6084
CCCCCCCCCC=CCCCCCCCC(=O)c1ncc(-c2cccnc2)o1,0.136986526,2.595911142,0.17,0.03,424.629,8.3469
O=C(Nc1ccc(Cl)cc1)c1ccccc1Nc1ccc(-c2cnc3ccccn23)cc1,0.322660089,2.11269022,0.27,0.24,438.918,6.6506
COc1ccc(-c2nc(-c3ccc(OC)cc3)c(-c3ccncc3)n2C2CCCCC2)cc1,0.331379591,2.302143662,0.27,0.04,439.559,6.8015
COc1ccc(-c2nn(C(C)C)c3ncnc(N)c23)cc1,0.799076033,2.262234494,0.62,0.2,283.335,2.665
CCCCCCCCCCCCCCCCOC(=O)Nc1c(OC)ccc2c1OCC(=O)C2,0.247722152,2.689461936,0.01,0.01,461.643,7.229
Cc1cc(C)cc(NC(=O)c2ccc(-c3ccc(N4CCOCC4)cc3)cc2)c1,0.681436446,1.89950613,0.02,0.02,386.495,5.05934
COc1ccc(-c2ccc(F)cc2)cc1-n1c(=O)ccc2cc(NC(=O)Nc3ccc(C(C)C)cc3)ccc21,0.242018741,2.365576229,0.1,0.09,521.592,7.5728
COc1ccc(C2=NN(C3CCCCCC3)C(=O)C2=NO)cc1,0.529291515,2.542933479,0.03,0.03,315.373,2.7945
COc1cc(-c2cccc(Cl)c2)ccc1-n1c(=O)ccc2cc(S(=O)(=O)Nc3ccon3)ccc21,0.342389617,2.592956063,0.06,0.05,507.955,5.1085
COc1ccc(C(=O)Cn2ccc3ccccc32)cc1,0.67563208,1.743574681,0,0.01,265.312,3.5328
COc1ccc(CC(=O)O)cc1-c1ccc(F)c2c1CN(C(=O)CC1CCc3ccccc31)CC2,0.538875085,3.05298898,0.01,0.02,473.544,5.1332
Nc1cnc(-c2ccncc2)cc1OCc1ccccc1,0.794448082,1.988343869,0.46,0.09,277.327,3.3048
O=C(Nc1ccc(Cl)cc1)c1ccc2ccccc2n1,0.767363585,1.591966459,0,0.02,282.73,4.1405
Cc1cc(C)cc(-c2ccc(C(=O)Nc3ccc(N4CCNCC4)c4ccccc34)cc2)c1,0.426704348,2.171502584,0.1,0.03,435.571,5.78554
O=C(Nc1cccc(C(F)(F)F)c1)c1ccccc1CNc1ccccc1CN=C(O)C1CCCO1,0.255460184,3.126704691,0.03,0.04,497.517,6.2053
COc1ccc(CNc2nc(N3CCOCC3)nc3ccc(-c4nccs4)cc23)cc1,0.488264279,2.399087817,0.19,0.04,433.537,4.2106
O=C1NC(=S)C(=Cc2ccc(-c3ccccc3)cc2)S1,0.654400038,2.166238077,0.14,0.11,297.404,4.4783
CCOc1ccc(C(=O)C(=O)Nc2ccc(OC)c(C(=O)O)c2)cc1,0.591745719,1.86976428,0.01,0.01,343.335,2.6135
Cc1ccc(NC(=O)CCCCCCC(=O)Nc2ccc3c(c2)CC(=O)O3)cc1,0.375620481,2.153116451,0.04,0.03,394.471,4.37432
COc1ccc(Nc2ncc(C(N)=O)c(Nc3ccc(N4CCCC4=O)cc3)n2)cc1,0.538385828,2.252771292,0.55,0.53,418.457,3.1981
COc1cc(C(=O)NC2CCN(C)CC2)ccc1Nc1ncc(C(F)(F)F)c(Nc2cccc3[nH]ncc23)n1,0.266578534,2.783720096,0.49,0.39,540.55,4.6915
CCCc1cc(CN2CCC(Nc3ccc(C(=O)NC(C)C)cc3)C2=O)ccc1O,0.62099798,2.778252378,0.02,0,409.53,3.6959
COc1cccc(-c2nc(N)nc3c2ncn3-c2cccnc2)c1,0.623668639,2.380084452,0.32,0.04,318.34,2.4683
COc1ccc(-c2cccnc2)cc1C(=O)Nc1ccc(N2C(=O)c3ccccc3C2=O)c(OC)c1,0.398433757,2.239544115,0.13,0.02,479.492,4.8187
CC(C)(C)OC(=O)Nc1ccc2c(c1)C(=Cc1ccc(-c3cccc(O)c3)o1)CC2,0.524479098,2.506743173,0.08,0.12,403.478,6.486
Cc1ccc(-c2ccc3nccc(Nc4cccc(N5CCOCC5)c4)c3n2)cc1,0.514705207,2.240854154,0.15,0.23,396.494,5.18542
O=C(Nc1ccc(Cl)cc1C(=O)Nc1ccc(Cl)cn1)c1ccc(-c2ccccc2)cc1,0.352955265,1.944878966,0.17,0.05,462.336,6.56
O=C(Nc1ccccc1-c1nnc(Nc2ccc3ccccc3c2)nc1N)C1CC1,0.46260895,2.29990268,0.29,0.18,396.454,4.3661
CN(C)c1ccc(NC(=O)Nc2ccc(-c3nc(N4CCOCC4)c4ncc(Nc5ccccc5)nc4n3)cc2)cc1,0.240593054,2.678615493,0.16,0.27,561.65,5.377
CC(C)C(=O)Nc1nc(-c2ccccc2)nc(NC(=O)C2CCCCC2)c1O,0.72591044,2.345703552,0.23,0,382.464,3.9625
CN(C)c1ccc(C=Cc2cccc3ccccc23)cc1,0.601698094,1.838977038,0.01,0,273.379,5.0762
COc1ccc(CC(=O)O)cc1-c1ccc(F)c2c1CN(C(=O)C=Cc1ccccc1)CC2,0.557511732,2.476918296,0.01,0,445.49,4.7265
O=C1NC(=O)C(=Cc2ccc(-c3ccccc3)cc2)S1,0.854122807,1.941004124,0.58,0.23,281.336,3.6775
COc1cccc(-c2nc(Nc3ccccc3)nc(N)n2)c1,0.768943692,1.901892828,0.25,0.12,293.33,2.873
Cc1ccc(Nc2cccc(C(=O)O)c2)nc1N1CCC(N)CC1,0.800052285,2.26764932,0.17,0.17,326.4,2.75932
O=C(c1ccc(F)cc1-c1ncccc1Cl)N1CC=C(c2ccccc2)CC1,0.591693751,2.332645152,0.18,0.13,392.861,5.4706
O=C(NCCN1CCC(n2c(=O)[nH]c3ccccc32)CC1)c1ccccc1,0.730340958,2.033069876,0.02,0.04,364.449,2.3965
COc1cc(Nc2ccc(N3CCOCC3)c3ncn(C(C)C)c23)cc(OC)c1OC,0.606419687,2.639769613,0.16,0.21,426.517,4.2232
CC(C)(C)C(=O)c1cc(O)c2c(c1)OC(=Cc1cc(O)c(O)c(C=O)c1)C=C2,0.41681185,3.353874346,0.04,0.04,380.396,4.2914
Cc1cc(-c2cnc(N)c(C(=O)Nc3ccccc3)n2)ccn1,0.775581221,2.117466346,0.55,0.14,305.341,2.68152
CCN(CC)CC(=O)c1ccc(C(c2ccc3c(c2)OCO3)c2sc3ccccc3c2O)cc1,0.316251748,3.131315404,0.01,0.01,473.594,6.0403
COc1ccc(Nc2ncc(-c3ccccc3)o2)cc1,0.772112786,1.85881749,0.6,0.33,266.3,4.0938
COc1cc(Cl)ccc1-c1nc(Nc2ccc(N3CCN(C)CC3)cc2)ncc1Cl,0.600965652,2.282611958,0.51,0.65,444.366,4.9544
O=C(Nc1ccccc1)Nc1ccc(-c2ccnc3[nH]c(-c4ccc(C(F)(F)F)cc4)cc23)cc1,0.252604577,2.288540872,0.63,0.23,472.47,7.5597
COc1ccc(-c2csc(Nc3ccc(CN4CCNCC4)cc3)n2)cc1,0.67770114,2.062256539,0.11,0.12,380.517,3.9675
COc1ccc(C2=NN(C(C)=O)CC2c2ccc3c(c2)OCO3)cc1OC,0.83001887,2.934255406,0.02,0.01,368.389,2.7825
COc1ccc2c(c1)C(=NNc1ccc(NC(=O)CCCCCc3ccccc3)cc1)C2=O,0.274849414,2.263774218,0.07,0.03,441.531,4.7536
COc1ccccc1N1CCN(Cc2ccc(-c3ccc4ncnc(Nc5cccc(OC)c5)cc34)cc2)CC1,0.250986108,2.418854088,0.26,0.2,531.66,6.3314
CCN(CC)CCC(=O)Nc1ccc(-c2nc(N3CCOCC3)c3ccccc3n2)cc1,0.582664496,2.252740899,0.02,0,433.556,3.8038
COc1ccc(Nc2ncc(C(F)(F)F)c(Nc3cccc4ccccc34)n2)cc1,0.413600566,2.170813925,0.6,0.46,410.399,6.1444
O=C(NCc1ccccc1)c1cccc(-c2n[nH]c3ccc(-c4cncc(NC5CCOCC5)c4)cc23)c1,0.260592849,2.553581848,0.39,0.23,503.606,5.8128
COc1ccc(S(=O)(=O)Nc2ccccc2)cc1NC(=O)c1ccc(N2CCCCC2)cc1,0.526330356,1.964738211,0,0.02,465.575,4.7386
CC(C)CC(NC(=O)Cn1c(C)cc(N)cc1=O)C(=O)c1nccs1,0.727782288,3.18258666,0.07,0.01,362.455,1.60922
O=C(Nc1cccc(CN2CCC(C(O)=NC3CCCCC3)CC2)c1)c1ccc2ccccc2n1,0.342704455,2.563677618,0.02,0.01,470.617,5.9883
Cc1ccc(-c2nc(-c3ccc(OCC4COC(C)C(=O)O)nc4C3)[nH]n2)cc1,0.779433411,4.871684114,0.14,0.03,394.431,2.98572
COc1ccc(C(C)Nc2nccc(Nc3cccc4cnccc34)n2)cc1OC,0.452929234,2.784367024,0.46,0.23,401.47,4.9587
CNC(=O)c1cc(Oc2ccc3c(c2)nc(Nc2ccccc2Cl)n3C)ccn1,0.508115602,2.376805237,0.18,0.23,407.861,4.5172
CC(C)c1cccc(Nc2nccc(Nc3ccccc3)n2)c1,0.689265175,1.956701885,0.72,0.39,304.397,5.0872
Cc1nn(Cc2ccc(-c3nc4ccccc4s3)cc2)c(C)c1CC(=O)O,0.557781778,2.148894194,0.02,0.03,377.469,4.45204
COc1ccc(NC(=O)Nc2ccc(Cl)cc2)cc1-c1nc(Nc2ccc(N3CCOCC3)cc2)ncc1F,0.253807538,2.450815859,0.45,0.5,549.006,6.1689
COc1ccc(C(=O)Nc2cccc(C(F)(F)F)c2)cc1Nc1ncnc2cnc(NC3CCOCC3)nc21,0.296581413,2.711253501,0.42,0.36,539.518,5.034
COc1ccc(-c2nc(C(=O)Nc3ccc(C4CCCCC4)cc3)oc2-c2ccccc2)cc1,0.33287312,2.268866631,0.03,0.01,452.554,7.3172
Cc1ccc(-c2nc(-c3ccc(NC(=O)CC(=O)O)cc3)oc2-c2ccc(OC)cc2)cc1,0.371403851,2.182199965,0.04,0,442.471,5.40582
O=C1NC(=O)C(=Cc2ccc(OCCCO)c(Cl)c2)S1,0.644762142,2.340879257,0.41,0.26,313.762,2.4251
COc1ccc(Nc2ncc(Nc3ccccc3)cc2NC(=O)CC)cc1,0.555783807,2.037260281,0.17,0.21,362.433,4.9259
Cc1ccc(-c2ccc(N3CCC(N4CCCCC4)CC3)nc2)cc1,0.822411664,2.023076184,0.06,0.08,335.495,4.51172
CC(=O)c1cc(C(=O)O)ccc1-c1ccc(F)c2c1CN(C(=O)OCC(C)C)CC2,0.72758627,2.55692225,0.02,0,413.445,4.5442
Cc1ccc(Nc2ncnc3ccc(Nc4ccccc4)cc23)cc1,0.525160387,1.865231901,0.47,0.28,326.403,5.42542
COc1ccc(Nc2nccc(-c3cnc4ccccn34)n2)cc1,0.623460275,2.201344397,0.76,0.55,317.352,3.5435
COc1ccc(C=CC(=O)Nc2ccc(N(C)C)cc2)cc1OC,0.826523945,1.868491357,0.02,0.01,326.396,3.4217
COc1ccc(Nc2ncc(C(=O)Nc3ccccc3)s2)cc1OC,0.694661195,1.941355082,0.15,0.14,355.419,4.1562
COc1ccc(-c2nc(-c3ccc(C)c(C)c3)n3c2CCOC(C)C3)cc1,0.671151336,2.948819043,0.01,0.02,362.473,4.80374
Cc1ccccc1-n1c(C(=O)O)c(Br)c2cc(F)ccc21,0.738920405,2.227966963,0.04,0,348.171,4.53872
COc1ccc(-n2nc(C(N)=O)c3c2-c2cc(NC(=O)c4ccccc4Cl)ccc2CC3)cc1,0.441247516,2.33600409,0.08,0.04,472.932,4.6511
O=C(Nc1ccc(C(=O)N2CCS(=O)(=O)CC2)cc1)N1Cc2ccncc2C1,0.823551039,2.491682545,0.03,0.05,400.46,1.4999
O=C(NCCN1CCCCC1)c1ccc2cc(-c3ccccc3)ccc2n1,0.745331567,1.948188462,0.07,0.03,359.473,4.1175
COc1cccc(Nc2ncc(C(C)Nc3cccc(N4C(=O)OCC4C)c3)nc2)c1,0.571349664,3.3247015,0.17,0.22,419.485,4.747
COc1ccc(-c2cnc(Nc3ccc(N4CCOCC4)cc3)nc2-c2ccc(OC)cc2)cc1,0.389013384,2.207567984,0.4,0.76,468.557,5.408
CCCc1ccc(Nc2nccc(Nc3ccccc3)n2)cc1,0.678635261,1.876208777,0.66,0.38,304.397,4.9163
COc1cc(C(=O)NC(=N)Nc2ccc(S(N)(=O)=O)cc2)ccc1O,0.399602085,2.335089245,0,0.01,364.383,0.82487
COc1ccc(-c2nc(Nc3ccccc3)nc(N)n2)cc1,0.768943692,1.845301001,0.17,0.12,293.33,2.873
Cc1cc(C(=O)Nc2ccc(-c3ccccc3S(N)(=O)=O)cc2)n(-c2ccc3ncsc3n2)n1,0.385472806,2.654762536,0.18,0.14,490.57,3.75212
Cc1ccc(-c2cc(-c3ccccc3)c(-c3ccc(C#N)cc3)[nH]2)cc1,0.476107412,2.044298923,0.36,0.01,334.422,6.1958
CC(C)c1cccc(C(C)C)c1NC(=O)Nc1ccc(-c2ccnc3[nH]ccc23)cc1,0.326461077,2.3594322,0.53,0.21,412.537,7.1207
O=C(NCCCCCCCCCCNc1c2c(nc3ccccc13)CCCC2)c1ccc2ncccc2c1,0.182272467,2.483240936,0.07,0.02,508.71,7.6245
CC(=O)Nc1ccc(-c2nc(-c3ccc(OC)c(OC)c3)oc2-c2ccncc2)cc1,0.474415638,2.210299382,0.26,0.03,415.449,5.0462
CN(C)c1ccc(C=C2SC(=O)Nc3ccc(NC(=O)C=Cc4ccccc4)cc32)cc1,0.464171585,2.526986324,0.15,0.08,441.556,6.1813
CC(=O)Nc1ccc(-c2nc(-c3cccc4ccccc34)no2)cc1,0.600047035,1.887483481,0.07,0.01,329.359,4.5152
COc1cc(Nc2ncc(-c3ccncc3)cc2-c2nc(C)nc(N)n2)ccc1OC,0.485824707,2.492633349,0.34,0.33,415.457,3.64702
COc1ccc(C(=O)Nc2ccccc2C(=O)Nc2ccc(-c3cncc(N)c3C#N)cc2)cn1,0.389505115,2.437809909,0.25,0.09,464.485,4.11068
COc1ccc(-n2nc(C(N)=O)c3c2-c2cc(NC(=O)c4ccccc4Cl)ccc2CC3)cc1,0.441247516,2.33600409,0.08,0.04,472.932,4.6511
Cc1ccc(CNc2ccc(C(=O)Nc3ccc(OC)cc3)cc2)nc1N1CCOCC1,0.58553222,2.156408889,0.02,0,432.524,4.09962
CN(C)CCOc1ccc(Nc2nccc(Nc3ccccc3-c3ncccc3C(N)=O)n2)cc1,0.318151654,2.503744375,0.52,0.39,469.549,4.0651
CNc1nc(Nc2ccc(C(=O)Nc3cccc(Cl)c3C#N)cc2OC)ncc1C(F)(F)F,0.455194726,2.571256768,0.45,0.56,476.846,5.06668
Cn1nc(-c2cccc(-c3ccccc3)c2)cc(NC(=O)Nc2ccc(Cl)cc2)c1=O,0.4540477,2.074633522,0.07,0.04,430.895,5.4117
CNC(=O)c1c(-c2ccc(F)cc2)oc2cc(N3CCOCC3)ccc12,0.782892268,2.236730413,0.18,0.05,354.381,3.4351
O=C(c1ccccc1-c1ccccc1)N1CCC2(CC1)C(=NO)c1ccccc1N2,0.489365139,2.952208922,0.06,0,397.478,4.6324
CN(C)CCOc1ccc(-c2nnc(N)c3sccc23)cc1,0.784275016,2.46456072,0.22,0.03,314.414,2.8809
COc1ccc(-c2ccc(Nc3cccc(C(N)=O)c3)cc2)cc1,0.740600899,1.647095011,0.2,0.15,318.376,4.2047
CC(C)CC(NC(=O)c1ccc2c(cnn2-c2ccc(F)cc2)c1)C(=O)O,0.697505191,2.554770571,0.1,0.09,369.396,3.3937
Cn1cc(-c2cnc3[nH]cc(-c4ccc(N5CCCCC5)nc4)c3c2)cn1,0.600843308,2.533468846,0.6,0.15,358.449,4.0157
CC(=O)Nc1nc(C)c(-c2csc(Nc3cccc(C(N)=O)c3)n2)cc1OC,0.58692702,2.491089201,0.08,0.09,397.46,3.32302
COc1cc(C(=O)NC2CC(C(=O)NC(C)(C)C)CC2N=C(O)c2cc(OC)c(N3CCCC3)nc2)ccc1OC,0.30966006,3.939077876,0.05,0.01,567.687,3.5041
COC(=O)c1cccc(-c2nc(Nc3ccccc3)ncc2N)c1,0.717154391,2.084509058,0.56,0.56,320.352,3.256
Cc1ccc(-c2ccc3c(c2)Nc2ccccc2NC3=O)cc1,0.665794535,2.00465091,0.7,0.07,300.361,4.97132
COC(=O)C(CC1CCCCC1)NC(=O)C(Cc1ccccc1)NC(=O)OCc1ccccc1,0.513216856,2.839607225,0,0.01,466.578,4.1523
CN(C)CCC(=O)Nc1ccc2ncnc(Nc3ccc(C(=O)Nc4ccccc4)cc3)c2c1,0.362156307,2.134784546,0.48,0.22,454.534,4.5159
COc1cc(Nc2c(C#N)cnc3cc(-c4ccccc4)sc23)ccc1OC,0.482992238,2.313546006,0.32,0.28,387.464,5.59578
O=C(NCCCCn1ccnc1)c1ccccc1Nc1ccc(-c2cnc3ccccn3c2=O)cc1,0.304150611,2.511267414,0.24,0.18,478.556,4.5118
Cc1ccc(C(=O)Nc2cccc(C(F)(F)F)c2)cc1Nc1ncnc2cnc(NCc3ccccc3)nc12,0.225501364,2.511302677,0.39,0.24,529.526,6.35502
CNC(=O)c1cc(Oc2ccc3c(c2)nc(Nc2ccccc2C)n3C)ccn1,0.537091997,2.354814875,0.17,0.17,387.443,4.17222
O=C(Nc1cccc2cnccc12)Nc1ccc(C(=O)N2CCCC2)cc1,0.737893089,1.943076887,0.17,0.12,360.417,4.1148
CCC(=O)c1cnc2ccc(-c3ccc(F)c(Cl)c3)nc2n1,0.683408425,2.433823605,0.17,0.14,315.735,4.077
COc1ccc(-c2ccc(C(=O)Nc3ccc4c(c3)CC(c3ccccc3)O4)s2)cc1,0.403530885,2.609514298,0.04,0.01,427.525,6.3522
CC(C)CCNC(=O)c1ccc(-c2noc(C(C)(C)O)n2)cc1,0.854974009,2.267895817,0.05,0,317.389,2.7399
O=C(CCCCCCc1ccccc1)c1ncc(-c2ccccn2)o1,0.402773244,2.222086579,0.08,0.04,334.419,5.1125
COc1ccc(-c2nc(Nc3ccccc3)nc(N)n2)cc1,0.768943692,1.845301001,0.17,0.12,293.33,2.873
N#Cc1ccc(-c2ccc(-c3ccccc3)cc2)cc1,0.639066403,1.414826833,0.02,0,255.32,4.89228
COc1cc(-c2cnn(C)c2)ccc1Nc1nccc(-c2cnc3ccccn23)n1,0.483660211,2.588639767,0.61,0.41,397.442,3.944
COc1ccc(-n2nc(C(N)=O)c3c2-c2cc(NC(=O)c4ccccc4Cl)ccc2CC3)cc1,0.441247516,2.33600409,0.08,0.04,472.932,4.6511
COc1ccc(CNC(=O)c2sc(Nc3ccccc3C)nc2N)cc1OC,0.56097337,2.160538411,0.35,0.02,398.488,3.72452
O=C(NCC1CCN(Cc2ccc(F)cc2)CC1)c1ccc2ccccc2c1,0.704622888,1.867334562,0,0,376.475,4.6209
N#Cc1ccc(Nc2nccc(-c3cnc4ccccc4c3)n2)cc1,0.607950045,2.124920259,0.77,0.73,323.359,4.30708
COc1ccc(-c2ccccc2)cc1-c1nc2ccccc2nc1Nc1ccncc1,0.382837836,2.185872098,0.34,0.18,404.473,6.111
Cc1ccc(-c2c(C(=O)Nc3cnccc3Cl)cccc2Nc2ccncc2)cc1,0.413637326,2.278118065,0.19,0.12,414.896,6.10132
Cc1onc(-c2ccccc2)c1CN=C(O)c1cnc(N2CC(F)(F)C2)c(OCC2CC2)n1,0.401840046,3.211752212,0.15,0.05,455.465,4.18892
CC(C)(C)CNC(=O)CN1C(=O)C(NC(=O)C(Cc2ccccc2)NC(=O)OCc2ccccc2)CCC1=O,0.399261176,3.183843474,0.01,0.01,536.629,2.3202
Cc1ccc(-c2nc(-c3ccc4c(c3)OCCN4C(=N)O)ccn2)cc1,0.544529797,2.515148874,0.14,0.06,346.39,3.81059
COc1cccc(-c2ccccc2CNc2ccc(C(=O)O)cn2)c1,0.710919629,1.929283928,0.16,0.14,334.375,4.0675
O=C(Nc1ccc(N2CCOCC2)nc1)c1ccccc1Cl,0.945505641,1.849340184,0,0.03,317.776,2.8239
Cc1cccc(Nc2nccc(-c3cnc4ccccn34)n2)c1,0.624356474,2.259272805,0.81,0.3,301.353,3.84332
COc1ccc(-c2nc(N3CCOCC3)c3cnn(C4CCCCC4)c3n2)cc1,0.670933708,2.385091397,0.02,0.04,393.491,3.8437
COc1ccc(Nc2nc(Nc3ccccc3)nc(N)n2)cc1,0.666208553,1.881661931,0.06,0.06,308.345,2.9496
CC(C)CC(NC(=O)C(Cc1ccccc1)NC(=O)C(CC(=O)N1CCOCC1)CC(C)C)C(=O)c1nc2ccccc2o1,0.264099409,3.654321167,0.02,0.01,604.748,4.1801
COc1ccc(-c2nc(-c3cccc4ccccc34)oc2N)cc1,0.592108873,2.085098079,0.16,0,316.36,4.7526
Cc1cccc(-c2nc(Nc3ccc(N4CCNCC4)cc3)oc2C)c1,0.742986036,2.394096494,0.17,0.22,348.45,4.11164
Cn1cncc1-c1ccccc1Nc1nc(Nc2cccc(NS(C)(=O)=O)c2)ncc1F,0.389132726,2.639865208,0.6,0.46,453.503,3.8749
COc1ccc(-c2nc(N)c3cc(-c4cnccc4)ccn23)cc1,0.626300352,2.356888189,0.36,0,316.364,3.6541
COc1ccc(C=NNc2nc(N)nc(NCCc3ccccc3)n2)cc1OC,0.374773156,2.263322064,0.05,0.01,393.451,2.5716
Cc1ccc(C(=O)Nc2cc(N(C)CCN(C)C)cc(C(F)(F)F)c2)cc1Nc1ncnc2cnc(NCc3ccccc3)nc12,0.153889385,2.943425008,0.33,0.16,629.691,6.35282
COc1ccc(C=C2SC(=O)CC(=O)O2)cc1,0.594629564,2.897809851,0.04,0.02,250.275,2.2003
COc1ccc(Oc2nc(Nc3ccccc3)ncn2)cc1,0.777289157,1.936182529,0.35,0.28,294.314,3.4161
CNC(=O)c1ccc(-c2ccc3ncc(C(=O)C4CC4)c(Nc4ccc(N5CCCC5)cc4)c3n2)cc1,0.327705894,2.528168332,0.14,0.51,491.595,5.5929
Cc1cc(C)nc(Nc2cc(NC3CCCCC3N)cc(N3CCOCC3)n2)c1,0.714076477,3.411746549,0.1,0.09,396.539,3.35544
COC(=O)c1ccc(NC(=O)Nc2ccc(-c3nc(N4CCOCC4)c4ncccc4n3)cc2)cc1,0.408832457,2.336571175,0.14,0.13,484.516,3.959
COc1ccc(-c2nc(-c3ccc(C)nc3)c3n2CC(C)OCC3)cc1,0.719700464,3.055040868,0.1,0.13,349.434,3.89032
COc1cccc(Nc2nc(Nc3cc(OC)c(N4CCOCC4)cc3OC)ncc2Cl)c1,0.493039614,2.441381126,0.47,0.43,471.945,4.4796
O=C(Nc1cccc(Cl)c1)Nc1ccc(Cl)cc1C(=O)O,0.785494534,1.707988979,0.05,0.02,325.151,4.3356
COc1cccc(-c2ccc3c(c2)Nc2ccc(F)cc2NC3=O)c1,0.706907123,2.169724313,0.73,0.12,334.35,4.8106
COc1ccc(-c2nc(-c3cccc4ccccc34)no2)cc1,0.556150347,1.794378008,0.04,0,302.333,4.5654
COc1ccc(CC(=O)O)cc1-c1ccc(F)c2c1CN(C(=O)CC(C)c1ccc(Cl)cc1)CC2,0.445522376,2.969121215,0.01,0.01,495.978,5.8603
CCc1ccc(Nc2nccc(-c3cnc4ccccn34)n2)cc1,0.61588131,2.243491309,0.71,0.4,315.38,4.0973
CCOc1ccc(CC(=O)O)cc1-c1ccc(F)c2c1CN(C(=O)CC1CCCc3ccccc31)CC2,0.436907847,3.113205531,0.01,0.01,501.598,5.9134
Cc1ccccc1Nc1ncnc(Nc2ccc(N3CCOCC3)cc2)n1,0.719271116,2.150712693,0.26,0.46,362.437,3.50382
COc1ccc(CC(=O)O)cc1-c1ccc(F)c2c1CN(C(=O)C=Cc1ccccc1)CC2,0.557511732,2.476918296,0.01,0,445.49,4.7265
COc1ccc(CNc2nc(NC(C)=O)nc(-c3ccccc3)n2)cc1,0.710676129,2.003169797,0.04,0.01,349.394,3.1177
COc1ccc(C(=O)Nc2cccc(-c3cnc4c(c3)CCCC4=O)c2)cc1,0.730600168,2.092270793,0.13,0.14,372.424,4.5285
CC(C)c1c(C(=O)NCc2ccc(F)c(F)c2)c2ccc(F)cc2n1-c1ccccc1,0.41423222,2.337751449,0,0.01,422.45,6.1012
CC(=O)c1ccc(CNc2nc(Nc3cccc(N4CCOCC4)c3)ncc2[N+](=O)[O-])o1,0.30592236,2.64042395,0.48,0.32,438.444,3.3727
COC(=O)c1ccc(-c2ccc(CNc3nccc(N4C(=O)OCC4C)c3)nc2)cc1,0.607143195,2.978625098,0.23,0.15,418.453,3.8874
Cc1cc(C(=O)Nc2cccc(C(F)(F)F)c2)cc(Nc2ncnc3[nH]ccc23)c1,0.4266572,2.37949539,0.4,0.13,411.387,5.28102
COc1ccc2cc(-c3ccccc3)cc(N3CCOCC3)c2c1,0.716118759,1.926638654,0.06,0.04,319.404,4.352
COc1ccc(-c2ccc(C(=O)NCc3ccccc3)c(OC)c2)cc1OC,0.66661068,1.740580622,0.06,0,377.44,4.3094
Cc1ccc(C(=O)Nc2cccc(C(F)(F)F)c2)cc1Nc1ncnc2cnc(NCc3ccccc3)nc12,0.225501364,2.511302677,0.39,0.24,529.526,6.35502
C=CC(=O)Nc1cc2c(Nc3ccc(Br)cc3F)ncnc2cc1OCCCNC(=O)Cn1ccnc1,0.183323452,2.827111604,0.2,0.16,568.407,4.1813
COc1ccc(-c2cccc(C(=O)NC(C(=O)NC)C3CCCCC3)c2)cc1,0.801243761,2.482859077,0.01,0.05,380.488,3.7869
CC(=O)c1ccc(-c2ccc(NC(=O)C=Cc3ccccc3)cc2)cc1,0.511454073,1.736935951,0.02,0.02,341.41,5.2081
COc1cccc(-c2nc(-c3cccc4ccccc34)[nH]c2-c2cc3c(cn2)OCO3)c1,0.403329131,2.506029759,0.48,0.17,421.456,5.6962
CC(C)CC(NC(=O)C(c1ccccc1)c1ccccc1)C(=O)NC(C=O)Cc1ccccc1,0.423154046,2.943325827,0.02,0,456.586,4.2758
CCOc1ccccc1Nc1nc(Nc2ccccc2NS(=O)(=O)C(C)C)c2ccccc2n1,0.285338984,2.378932877,0.21,0.05,477.59,5.6658
Cc1cc(-c2n[nH]c3ccc(C(O)=Nc4ccc(N5CCNCC5)nc4)cc23)ccn1,0.350176351,2.881567947,0.49,0.14,413.485,3.37422
CC(=O)c1ccc(-c2noc(C(C)(C)C)c2NC(=O)Nc2ccc(N3CCOCC3)cc2)cc1,0.498152732,2.520806573,0.05,0.06,462.55,5.3223
CN(C)c1cccc(CNC(=O)C2CCCN2c2ccnc3ccccc23)c1,0.74150695,2.653402923,0.05,0.02,374.488,3.586
COc1ccc(-c2nc(-c3ccc(OC(F)(F)F)cc3)c3n2CC(C)OCC3)cc1,0.592496519,3.046758642,0.04,0,418.415,5.0855
CC(C)(C)c1ccc(C(=O)Nc2cc(-c3ccccc3)ccn2)cc1,0.707945017,1.801064887,0.19,0.32,330.431,5.2984
COc1ccc(-c2ccc3c(N4CCOCC4C)nc(Nc4ccccc4)nc3n2)cc1,0.496173632,2.846133062,0.18,0.17,427.508,4.6691
COc1ccc(CNc2nc(Nc3cc(N4CCOCC4)ccc3OC)ncc2Cl)cc1,0.518877829,2.328269435,0.39,0.29,455.946,4.3395
CN(C)c1ccc(C=NNc2nc(N)n3nc(-c4ccco4)nc3n2)cc1,0.406858151,2.753935429,0.05,0.03,363.385,1.8735
CN(C(=O)CNC(=O)c1ccc(Nc2ncnc3ccccc23)cc1)Cc1ccccc1,0.470787451,2.059240154,0.28,0.15,425.492,3.7618
N#Cc1ccc(Nc2nc(NC3CCCCC3)c3ncccc3n2)cc1,0.730006292,2.307696423,0.36,0.16,344.422,4.38468
Cc1cc(C(=O)Nc2ccc(F)c(C3(C)CC(C(F)(F)F)OC(=N)N3)c2)no1,0.685441687,3.930785557,0.02,0.01,400.332,3.46519
Cc1ccc(-c2ccc(C(=O)C(=N)N)cc2)cc1,0.490230435,1.901205272,0.03,0,238.29,2.78069
COc1ccc(CNC(=O)c2ccc(-c3nc(C)cc(Nc4ccc(C(=O)NC5CC5)cn4)c3)cc2)cc1,0.293631425,2.348404421,0.11,0.09,507.594,5.02642
COc1ccc(C=NNc2nc3ccccc3c(=O)n2-c2ccccc2)cc1,0.428067287,2.052094599,0.04,0.01,370.412,3.8403
CCCc1nc(C(=O)NC(C)C(=O)O)nc(NC(=O)Nc2ccc(Cl)cc2)n1,0.551284722,2.848804921,0.05,0,406.83,2.3244
CC(C)CC(NC(=O)C(Cc1ccccc1)NC(=O)C(Cc1ccccc1)NC(=O)C(N)Cc1ccc(O)cc1)C(=O)NC(CCCCN)C(=O)O,0.075326022,3.887244324,0.04,0.01,716.88,1.9463
COc1ccc(-c2nc(C(=O)Nc3ccccc3CNC(=O)Cc3ccccc3)[nH]c2-c2ccccc2)cc1,0.228536948,2.317217339,0.18,0.1,516.601,5.8635
CN(C)CCCOc1ccc(-c2cnc(N)c(C(=O)c3ccccc3)n2)cc1,0.479889255,2.183543314,0.45,0.03,376.46,3.2873
CN(C)c1ccc(-c2ccc(C(=O)Nc3cnccc3N3CCC(N)CC3)o2)cc1,0.674540946,2.437023943,0.33,0.02,405.502,3.5874
COc1ccc(C(=O)C=Cc2ccc(C(=O)C=CC=Cc3ccc(O)c(OC)c3)cc2)cc1,0.260250443,2.376486545,0.03,0.02,440.495,5.7578
CC(=O)Nc1ccc(-c2cccc3cc(-c4ccccc4)oc23)cc1,0.522281188,1.892031847,0.09,0.04,327.383,5.7252
Cc1cc(-c2ccc3c(c2)CCN(CCNC(=S)Nc2ccc(C(C)(C)C)cc2)C3=O)c(OC)nn1,0.470398346,2.743819867,0.06,0.03,503.672,4.74302
COc1ccc(C(=O)Nc2ccc(Cl)c(C(F)(F)F)c2)cc1Nc1ncnc2[nH]c(-c3ccccc3)nc12,0.222187801,2.575993659,0.54,0.28,538.917,6.6966
COc1ccc(CNc2ncc(C(=O)Nc3ccccc3N)[nH]2)cc1,0.517719015,2.215457005,0.22,0.07,337.383,2.8649
CN(CC(=O)Nc1ccc(-c2cnc3ccccc3n2)cc1)c1ccccc1,0.568183715,1.973326869,0.05,0.1,368.44,4.3717
CCNC(=O)C1OC(n2cnc3c(N)nc(NC(=O)Nc4ccccc4)nc32)C(O)C1O,0.310823062,3.640986364,0.35,0.12,442.436,-0.1922
O=C1NC(=O)C(=Cc2ccc(-c3ccccc3)c(Cl)c2)S1,0.838937599,2.112355159,0.64,0.26,315.781,4.3309
CC(=O)c1ccc(C(=O)Nc2cc(-c3ccccc3)ccn2)cc1,0.73372786,1.71990772,0.22,0.38,316.36,4.2035
COc1ccc(-c2nc(Nc3ccccc3)nc(NC(=O)Cc3ccccc3)n2)cc1,0.466360122,2.012460086,0.06,0.09,411.465,4.472
COc1ccc(-c2nc(-c3cccc4ccccc34)on2)cc1,0.556150347,1.780539999,0.04,0,302.333,4.5654
COc1ccc(-c2nc(N)nc(-c3ccccc3)n2)cc1OC,0.797663009,1.886069843,0.03,0.01,308.341,2.805
COc1ccc(Nc2ncc(C(F)(F)F)c(Nc3cc(N4CCOCC4)nc(N4CCOCC4)n3)c2)cc1,0.464707407,2.77890324,0.15,0.5,531.539,4.0594
CC(=O)Nc1ccc(-c2nc(N3CCOCC3)c3cccnc3n2)cc1,0.782434203,2.20225621,0.11,0.07,349.394,2.4868
COc1cc2c(cc1C(=O)NCCCCCCNc1c3c(nc4ccccc14)CCCC3)C(=O)NC2=O,0.281093151,2.657056614,0.2,0.02,500.599,4.4081
N#Cc1ccc(-c2ccc(C(=O)Nc3ccc(C4CNCCO4)cc3)c(OCC(F)(F)F)c2)cc1,0.513204685,2.964955134,0.17,0.05,481.474,5.07958
COc1cccc(-c2ccc3c(c2)Nc2ncccc2NC3=O)c1,0.747758064,2.26881676,0.78,0.13,317.348,4.0665
CC(=O)Nc1cccc(-c2n[nH]c3ccc(-c4ncn[nH]4)cc23)c1,0.540472294,2.407513683,0.61,0.32,318.34,2.9734
O=C(c1ccccc1)c1ccccc1Nc1nc(Nc2ccc(N3CCOCC3)cc2)ncc1Cl,0.325613204,2.301068506,0.73,0.69,485.975,5.6848
O=C1NC(=O)c2c1c1c3ccccc3[nH]c1c1[nH]c3ccccc3c21,0.378291686,2.491998971,0.88,0.38,325.327,3.8392
COc1ccc(Nc2ncc(C(N)=O)c3[nH]ccc23)cc1OC,0.671217592,2.291534093,0.51,0.3,312.329,2.4226
COc1ccc(-c2nc(C(=O)Nc3cnccc3N3CCCCC3)cn2-c2ccccc2)cc1,0.435236692,2.364374631,0.18,0.07,453.546,5.1855
Cc1nc(N)ccc1-c1nc(Nc2ccc(C(=O)Nc3ccccc3N3CCCC3)cc2)n[nH]1,0.341195987,2.482277596,0.22,0.11,454.538,4.35342
CN1CCN(c2ccc(Nc3ncc(C(F)(F)F)c(Nc4ccccc4S(=O)(=O)C4CC4)n3)cc2)CC1,0.453903867,2.675217211,0.71,0.65,532.592,4.6705
COc1ccc(CNc2nc(Nc3ccccc3)ccc2O)cc1,0.636225566,1.937399178,0.13,0.07,321.38,4.1515
CCC(=O)Nc1ccc(-c2nc(Nc3ccc(N4CCOCC4)cc3)ncc2[N+](=O)[O-])cc1,0.411021032,2.383339507,0.32,0.41,448.483,3.9805
Cc1ccc(-n2nc(C(C)(C)C)cc2NC(=O)Nc2ccc(Oc3ccnc(Nc4cccc(N5CCOCC5)c4)n3)cc2)cc1,0.166016674,2.787891298,0.45,0.21,618.742,7.28472
CN(C)CCn1ccc2ncnc(Nc3ccc(Oc4ccccc4)cc3)c21,0.51579229,2.275932873,0.38,0.34,373.46,4.5288
O=C(O)c1cccc(-c2cccc3cnccc23)c1,0.754496633,1.791967825,0.44,0.29,249.269,3.6
N#Cc1ccc(Nc2nc(NC3CCCCC3)c3ncccc3n2)cc1,0.730006292,2.307696423,0.36,0.16,344.422,4.38468
COc1ccc(Nc2ncc(C(=O)Nc3ccccc3C(=O)O)cc2F)cc1,0.598288039,2.004408129,0.11,0.32,381.363,3.9234
CC(C)(C)c1ccc(CNc2ccc(-c3ccc4c(c3)OCCO4)nc2)cc1,0.661243975,2.167323784,0.18,0.08,374.484,5.4294
CCC(C)C(N)CNC(=O)c1ccc(-c2cnc3ccccn23)cc1,0.726337812,3.003484566,0.12,0.01,336.439,3.1045
CC(C)CC(NC(=O)C(Cc1c[nH]cn1)NC(=O)C(CC(=O)O)c1ccccc1)C(=O)Nc1ccccc1,0.234047775,3.468425502,0.03,0.02,519.602,2.8651
CC(C)(C)c1cc(NC(=O)Nc2ccc(Nc3cncc(C(=O)Nc4ccccc4)c3)cc2)n[nH]1,0.246230604,2.43514314,0.22,0.22,469.549,5.7421
N#Cc1cccc(C(=O)Nc2ccc3c(c2)-c2c(c(C(N)=O)nn2-c2ccc(Cl)cc2)CC3)c1,0.459048427,2.460007104,0.06,0,467.916,4.51418
Cc1ccccc1Nc1nccc(-c2ccnc3[nH]ccc23)n1,0.598317651,2.279339547,0.77,0.37,301.353,4.07192
CC(C)(C)C(=O)NC(=O)c1cnccc1NC(=O)c1ccc(N2CCCCC2)cc1,0.806139602,2.261874582,0.07,0.06,408.502,3.6267
O=C1Nc2c(Cl)ccc3cccc(c23)-1,0.70069169,2.26547674,0.47,0.07,203.628,3.0589
Cc1ccc(NC(=O)c2cccc(C(F)(F)F)c2)cc1Nc1nccc(-c2cnc3ccccn23)n1,0.311690161,2.528205504,0.58,0.41,488.473,6.11442
COc1ccc(-c2ccc3c(N4CCOCC4C)nc(N4CCOCC4)nc3n2)cc1,0.636853143,2.986318355,0.05,0.02,421.501,2.7621
COc1ccc(Nc2ncc(C(=O)Nc3ccccc3N3CCCCC3)nn2)cc1,0.644251731,2.228482424,0.35,0.31,404.474,3.8664
COc1cccc(-c2cccc3cnc(Nc4ccc(N5CCNCC5)cc4)nc23)c1,0.505661118,2.29896658,0.53,0.73,411.509,4.4586
O=C(Nc1ccc(C(=O)N2CCCCc3cccnc32)cc1)c1ccccc1-c1ccccc1,0.418329436,2.142282323,0.15,0.04,447.538,5.984
CC(C)(C)c1ccc(C(=O)Nc2cccc(C(F)(F)F)c2)cc1,0.803400477,1.730661857,0,0.01,321.342,5.2552
COc1ccc(-c2ccc3ccccc3c2)cc1-c1nc2ccccc2nc1O,0.428996624,2.169792342,0.08,0.08,378.431,5.8312
COc1cccc(-c2cncc(Nc3ccc4[nH]ncc4c3)n2)c1,0.598989197,2.31130236,0.6,0.24,317.352,3.7721
O=C(Nc1ccc(-c2noc(C(F)(F)F)n2)cc1)Nc1cccnc1,0.750262425,2.220338127,0.23,0.02,349.272,3.7944
Cc1cc2c(cc1C(F)(F)F)NC(=O)CC(c1cccc(-c3ccnc(C(N)=O)c3)c1)=N2,0.623529303,2.794259927,0.26,0.11,438.409,4.63772
Cc1ccc(C(=O)Nc2cccc(C(F)(F)F)c2)cc1Nc1ncnc2cnc(NCc3ccccc3)nc21,0.225501364,2.511302677,0.39,0.24,529.526,6.35502
Cc1ccc(Nc2nccc(-c3cnc4ccccn34)n2)cc1,0.624356474,2.207879139,0.71,0.39,301.353,3.84332
COc1ccc(Nc2ncc(C(N)=O)c(Nc3ccc(N4CCOCC4)cc3)n2)cc1,0.534533532,2.21401755,0.67,0.6,420.473,2.9079
COc1ccc(Nc2ncc(-c3ccccc3)o2)cc1,0.772112786,1.85881749,0.6,0.33,266.3,4.0938
O=C(Nc1ccc(N2CCN(C(=O)Nc3ccccc3)CC2)cc1)c1ccccc1,0.686571114,1.73835218,0,0,400.482,4.293
O=C1NC(=O)C(=Cc2ccc(-c3ccccc3)cc2)S1,0.854122807,1.941004124,0.58,0.23,281.336,3.6775
COc1cc(CN2CCOCC2)ccc1Nc1ncc(Cl)c(Nc2ccccc2C(N)=O)n1,0.459440253,2.387870843,0.6,0.44,468.945,3.5569
CN(C)C(=O)c1ccc(-c2ccc3c(c2)CC2(C)C(=O)CC3=N2)cc1,0.848199159,3.886491429,0.09,0.04,332.403,3.1321
COc1ccc(-c2ccc3c(N)nccc3n2)cc1,0.760357606,1.854909923,0.33,0.09,251.289,2.8876
CC(C)C(=O)C1C(=O)C(=O)N(c2ccc(-c3ccsc3)cc2)C1c1ccccc1OC,0.408788685,3.268864698,0.04,0.03,433.529,4.922
COc1ccccc1Nc1ncc(Cl)c(Nc2cc(N3CCOCC3)ccc2N)n1,0.507798545,2.381863953,0.47,0.55,426.908,4.0446
Cc1ccc(C(=O)Nc2ccc(C(=O)Nc3ccccc3N)cc2)cc1,0.622946491,1.600208699,0.01,0.03,345.402,4.08182
COc1ccc(-c2ocnc2C(=O)Nc2ccc(-c3ccccc3S(N)(=O)=O)cc2)cc1,0.45971521,2.249183044,0.28,0.08,449.488,3.9169
CC(C)c1cccc(C(C)C)c1NC(=O)Nc1cccc2cnccc12,0.596618407,2.161513578,0.36,0.11,347.462,6.1256
COc1cc(C(=O)NC(=N)Nc2cccc(C)c2)ccc1O,0.517115687,2.224872916,0,0,299.33,2.48589
COc1ccc(NC(=O)c2ccc(C(F)(F)F)cc2)cc1Nc1ncnc2cnc(NCc3ccccc3)nc21,0.215830291,2.522302335,0.42,0.26,545.525,6.0552
COc1cc(N2CCN(C(C)=O)CC2)ccc1Nc1nccc(-c2cnc3ccccn23)n1,0.506713174,2.553567007,0.56,0.49,443.511,3.212
COc1ccc(-c2ccc3nccc(Nc4ccc(N5CCCC5)cc4)n32)cc1,0.503331418,2.359461523,0.23,0.33,384.483,5.3537
CN(C)CCOc1ccc(-c2nc(-c3ccc(F)cc3)no2)cc1,0.693593277,1.934079627,0.05,0.02,327.359,3.4831
COc1ccc(-c2cnc(N3CCNCC3)nc2Nc2ccccc2)cc1,0.727021529,2.156474423,0.4,0.28,361.449,3.3054
COc1ccc(-c2nc(COc3cccc4ccccc34)on2)cc1,0.539248005,1.862140841,0.01,0.02,332.359,4.4774
CN(C)C(=O)c1ccc(-c2noc(C(C)(C)C)c2)cc1,0.841963532,2.135720924,0.06,0.01,272.348,3.3409
CC(C)c1ccc(C(=O)Nc2cccc(-c3ncnc4[nH]ccc34)c2)cc1,0.5403828,2.148029512,0.39,0.22,356.429,5.0006
CN(C)c1ccc(-c2nc3ccccc3n2-c2ccc(C(N)=O)cc2)cc1,0.60384341,1.995770118,0.05,0.02,356.429,3.8574
N#Cc1ccc(-c2nnc(Nc3ccccc3)nc2NC2CCCCC2)cc1,0.664260267,2.314877795,0.41,0.35,370.46,4.89848
O=C1NC(=O)C(=Cc2ccc(-c3ccc(Cl)cc3)cc2)S1,0.838937599,2.013269774,0.6,0.19,315.781,4.3309
O=C(Nc1ccccc1)c1ccc(Nc2nccc(-c3cnc(N4CCCC4)c(NC4CCOCC4)n3)c2)cc1,0.26299293,2.641571405,0.21,0.5,535.652,5.7256
CCOc1cc(C(=O)NC(=N)Nc2ccc(C#N)cc2)cc(NC(=O)C2=CCCN2)c1,0.360855078,2.967599333,0.08,0.02,418.457,2.54935
COc1ccc(-c2noc(C(=O)Nc3ccc(N4CCCCC4=O)cc3)n2)cc1,0.713515036,2.146107779,0.08,0,392.415,3.5144
O=C(Nc1cccc(CN2CCC(C(O)=NC3CCCCC3)CC2)c1)c1ccccc1,0.483950027,2.343535318,0.01,0.01,419.569,5.4401
O=C1NCc2c1c1ccccc2n1-c1ccccc1,0.797408091,3.834864637,0.29,0.15,248.285,0.8515
CC(=O)N1CCC(c2ccc(-c3ccncc3)cc2)CC1,0.84355636,1.898422435,0.32,0.04,280.371,3.4745
COc1ccc(-n2nc(C(N)=O)c3c2-c2cc(NC(=O)c4ccccc4)ccc2CC3)cc1,0.49199066,2.254807847,0.08,0.01,438.487,3.9977
O=C(Nc1ccc(-c2nc3ccccc3n2-c2cccnc2)cc1)c1ccccc1Cl,0.384982063,2.043639798,0.11,0.05,424.891,5.9932
CC(=O)c1ccc(-c2nc(N)nc(-c3ccccc3)n2)cc1,0.749774072,1.863055225,0.06,0.01,290.326,2.9904
COc1ccc(-c2ccc3c(NCC(=O)Nc4ccccc4)ncnc3n2)cc1,0.525442785,2.100142931,0.24,0.06,385.427,3.751
O=C(O)Cc1ccc(CNc2nc(-c3ccc4ccccc4c3)cs2)cc1,0.486705592,2.011203469,0.1,0.12,374.465,5.2025
CC(=O)Nc1ccc(CNc2nc(Nc3cc(N4CCOCC4)nc(N4CCOCC4)n3)ccc2O)cc1,0.348713576,2.740260291,0.09,0.07,520.594,2.5645
Cc1cc(C(=O)Nc2ccc(N3CCCCC3)cc2)n(-c2ccc(Cl)cc2Cl)n1,0.576392596,2.12579115,0.03,0.04,429.351,5.73012
COc1ccc(CNC(=O)c2cccc(Nc3ncnc(Nc4ccccc4C)n3)c2)cc1OC,0.325191803,2.224549706,0.27,0.16,470.533,4.61442
O=C(c1ccc(F)cc1Cl)N1CC=C(c2ccc(N=C(O)N3Cc4ccncc4C3)cn2)CC1,0.434204005,3.140997262,0.12,0.09,477.927,4.7599
O=C1OCC(c2cccc(-c3ccccc3)c2)=NN1c1ccc(Cl)cc1,0.628317017,2.287184145,0.06,0.05,362.816,5.3679
CC(C)Nc1nccc(-c2cnc3ccccc3n2)n1,0.788495212,2.214589801,0.55,0.28,265.32,2.9071
O=C(Nc1ccc(Cl)cc1C(=O)Nc1ccc(Cl)cn1)c1ccccc1-n1cccc1,0.409826371,2.23040742,0.02,0.03,451.313,5.6837
CC(C)(C)CC(=O)Nc1cccc(-c2nn(C(C)C)c3ncncc23)c1,0.753567674,2.526327566,0.2,0.15,351.454,4.4489
COc1ccc(-n2nc(C(N)=O)c3c2-c2cc(NC(=O)c4ccc(Cl)cc4)ccc2CC3)cc1,0.441247516,2.308861346,0.06,0.01,472.932,4.6511
CN(C)CC(=O)Nc1ccc(-c2nc(Nc3cccc4ccccc34)no2)cc1,0.517492147,2.221755581,0.04,0.07,387.443,4.1335
Cc1ccc(-c2ocnc2C(=O)Nc2ccc(-c3ccccc3C(=O)O)cc2)cc1,0.477854397,2.109531814,0.13,0.03,398.418,5.26752
CCCCCCCCCCCCCCCCCCCC(=O)c1ncc(-c2ccccn2)o1,0.152191862,2.455587274,0.06,0.04,440.672,8.961
COc1ccc(NC(=O)Nc2ccc(-c3cccc4ccccc34)cc2)cc1,0.453145758,1.674319177,0.16,0.05,368.436,6.1594
CCN(CC)C(=O)C1C=C2c3cccc4[nH]cc(c34)CC2N(C)C1,0.943209355,3.568958614,0.03,0.06,323.44,2.906
CC(=O)Nc1ccc(-c2nc(N3CCOCC3)c3cccnc3n2)cc1,0.782434203,2.20225621,0.11,0.07,349.394,2.4868
Cc1ccc(-c2nc(-c3ccncc3)c(-c3ccc(C(F)(F)F)cc3)o2)cc1,0.412876098,2.191705622,0.3,0.06,380.369,6.39782
CC(=O)Nc1ccc(S(=O)(=O)Nc2ccc(Cl)c3c2N=C(c2ccccc2)C3=O)cc1,0.596230098,2.447395481,0.05,0.06,453.907,4.4163
CC(=O)c1cnc2ccc(-c3ccc(N4CCOCC4)cc3)cc2n1,0.688214337,2.162885377,0.13,0.12,333.391,3.336
COc1ccc(-c2cccc(Nc3cc(N4CCOCC4)nc(N4CCOCC4)n3)c2)cc1,0.615035097,2.351865221,0.13,0.14,447.539,3.569
Cc1ccc(Nc2ccccc2Nc2ncnc3[nH]cc(-c4ccccc4)c23)cc1,0.323330542,2.257187948,0.56,0.18,391.478,6.42052
O=C(Nc1ccc(OC(F)(F)F)cc1)Nc1ccc(-c2cnc3cc(Nc4ccccc4)ccn23)cc1,0.227396877,2.448398958,0.17,0.27,503.484,7.2875
Cc1ccc(NC(=O)c2ccc(C(C)(C)C)cc2)cc1Nc1ncnc2cnc(NCc3ccccc3)nc12,0.222391965,2.48060254,0.38,0.2,517.637,6.63372
Cc1ccc(C(=O)Nc2ccc3c(c2)-c2c(c(C(N)=O)nn2-c2ccc(S(C)(=O)=O)cc2)CC3)cc1,0.432396413,2.433295876,0.08,0.02,500.58,3.70102
COc1ccc(C(=O)Nc2ccc(F)c(C(F)(F)F)c2)cc1Nc1ncnc2cnc(NCC(C)C)nc21,0.251081391,2.699973703,0.37,0.31,529.498,5.6501
CCCCCCCCCCCCCCCCCCCC(=O)C(=O)Nc1c(C(C)C)cccc1C(C)C,0.127301704,2.444251757,0,0,499.824,10.4827
COc1ccc(-c2nccnc2C2CN(c3ccc4ccccc4n3)C2)cc1,0.537372164,2.294324618,0.13,0.15,368.44,4.3042
Cc1cccc(Nc2nccc(Nc3cc(N4CCOCC4)ccn3)n2)c1,0.719271116,2.346507693,0.64,0.4,362.437,3.50382
COc1ccc(-c2ccc(C(=O)Nc3ccc(CN4CCC(O)CC4)cc3)cc2)cc1,0.617910243,1.857583704,0.01,0.01,416.521,4.5712
COc1ccc(NC(=O)Nc2ccc(-c3cccc4ccncc34)cc2)cc1OC,0.460596263,1.986454404,0.44,0.17,399.45,5.563
COc1ccc(CNC(=O)c2ccc(Nc3nc(-c4ccccc4)oc(=O)c3C(=O)NC)cc2)cc1,0.348153581,2.318913495,0.13,0.02,484.512,3.7436
CONC(=O)c1ccc2c(c1)N=C(c1ccc(C(=O)Nc3ccccc3N)cc1)C(=O)N2,0.284130727,2.329896992,0.18,0.1,429.436,2.7158
O=C(NCCc1ccccc1)c1ccc(NC(=O)N2Cc3ccncc3C2)cc1,0.703565875,2.078912704,0.06,0.02,386.455,3.6018
CCCCc1nn(C(=O)c2ccccc2)c2ccccc12,0.720799,1.992687504,0.03,0,278.355,4.0674
O=C(Nc1ccc(Cl)cc1)c1ccccc1CNc1ccc(C(=O)O)cc1,0.567800783,1.758249239,0.01,0.05,380.831,4.9026
Nc1ncc(-c2cnn(C3CCOCC3)c2)cc1-c1ccc2c(c1)OCO2,0.767747249,2.667165577,0.45,0.2,364.405,3.2745
CCC(=O)c1cnc2ccc(-c3ccc(F)c(Cl)c3)nc2n1,0.683408425,2.433823605,0.17,0.14,315.735,4.077
CN(C)CC1CCC(Nc2c(C(=O)C3CC3)cnc3ccc(-c4ccc(Cl)c(Cl)c4)nc23)CC1,0.367069416,2.727268592,0.2,0.12,497.47,6.7286
COc1ccc(-c2cnc(N)c(-c3ccc(C(O)=NCCO)cc3)c2)cc1OC,0.419556287,2.437639593,0.29,0.09,393.443,3.3119
Cc1ccc(-c2ccc(Nc3cc(N4CCN(C)CC4)nc(Nc4cc(C(F)(F)F)ccn4)n3)cc2)nc1,0.345043487,2.700944012,0.39,0.36,520.563,5.49982
O=C1NC(=O)C(=Cc2ccc(OCCC3CCCCC3)cc2)S1,0.814580135,2.263069739,0.22,0.16,331.437,4.3597
CN(C)C(=O)c1ccc(-c2ccc3c(c2)CCC3=NNc2nc(-c3ccccc3)cs2)cc1,0.381271214,2.43283143,0.11,0.07,452.583,5.9413
CCC(C)(C)C(=O)Nc1cc(C(=O)O)cc(-c2cccc3cccnc23)c1,0.671115438,2.279724116,0.22,0.09,362.429,4.9747
O=C1NC(=O)c2c1c1c3ccccc3[nH]c1c1[nH]c3ccccc3c21,0.378291686,2.491998971,0.88,0.38,325.327,3.8392
COc1ccc(CNC(=O)c2ccc(-c3nc(C#N)c[nH]3)cc2NC(=O)C2CCOCC2)cc1,0.497400478,2.712670731,0.27,0.07,459.506,3.25208
Cc1ccc(C(=O)Nc2cccc(C(F)(F)F)c2)cc1Nc1ncnc2cnc(Nc3ccc(N4CCOCC4)cc3)nc12,0.197221154,2.724265654,0.47,0.5,600.605,6.32312
CCCCCCCCCC(=O)c1ccc(O)c(OC)c1,0.497134652,1.808954532,0.01,0,278.392,4.7242
O=C(c1cccc(F)c1Cl)N1CCn2c(-c3ccccc3)cnc2N1,0.758943538,2.857678159,0.16,0.06,356.788,3.8255
COc1cc(Nc2nccc(-c3cnn4ccccc34)n2)cc(OC)c1OC,0.549970527,2.432995579,0.88,0.34,377.404,3.5607
COc1ccc(C(=O)Nc2cc(Cl)ccc2C(=O)Nc2cccc(Cl)c2)cc1,0.577867132,1.725804234,0.03,0.04,415.276,5.5066
COc1ccc(Cl)cc1Nc1nc(NC2CCCCC2)n2ccnc2n1,0.695921941,2.548577668,0.17,0.12,372.86,4.2745
COc1ccc(Nc2nc(NC3CCCCC3)c3ccccc3n2)cc1,0.669477267,1.982849469,0.31,0.07,348.45,5.1266
CN(C)c1ccc(C=Cc2cccc(C=Cc3ccc4ccc(Cl)cc4n3)c2)cc1,0.32079615,2.374062362,0.06,0.02,410.948,7.295
COc1ccc(-c2nc(Nc3ccccc3)ncc2Nc2ncccc2C(=O)O)cc1,0.398823067,2.258119088,0.49,0.36,413.437,4.7326
COc1cc(Nc2nccc(Nc3ccccc3S(=O)(=O)C(C)C)n2)cc(OC)c1OC,0.487719909,2.455220515,0.7,0.45,458.54,4.1717
COc1ccc(-c2c(Cl)cncc2Cl)cc1NC(=O)c1cnc(Nc2ccccc2)nc1,0.370711581,2.357957896,0.31,0.34,466.328,5.8499
COc1cc(Nc2nccc(Nc3ccccc3S(=O)(=O)C(C)C)n2)cc(OC)c1OC,0.487719909,2.455220515,0.7,0.45,458.54,4.1717
COc1ccc(-c2ccc3c(c2)Nc2ccccc2NC3=O)cc1,0.722008455,2.006317419,0.79,0.06,316.36,4.6715
CC(C)(C)NC(=O)c1ccccc1Nc1nc(Nc2cccc3ccccc23)ncc1C(F)(F)F,0.298179289,2.448623953,0.41,0.36,479.506,6.6641
COc1ccc(-c2ccc(C(=O)Nc3ccc(CN4CCNCC4)c4ccccc34)cc2)cc1,0.424548842,2.093419246,0.05,0.02,451.57,5.1729
O=C1NC(=O)c2c1c1c(-c3ccccc3Cl)cccc1[nH]2,0.676324792,2.430461313,0.56,0.16,296.713,3.3719
COc1ccc(CNC(=O)c2ccc(-c3nc(C#N)nc4c(C(=O)O)cccc34)cc2)cc1,0.468861589,2.340527788,0.1,0.04,438.443,3.80528
CC1CN(C(=O)c2ccc(-c3ccccc3)cc2)CCN1C(=O)c1ccc2ccccc2n1,0.460498346,2.533186905,0.02,0.01,435.527,4.8885
O=C1NC(=O)C(=Cc2ccc(-c3ccc(O)c(Cl)c3)cc2)S1,0.815082554,2.235997799,0.67,0.27,331.78,4.0365
COc1ccc(-n2nc(C(N)=O)c3c2-c2cc(NC(=O)c4ccccc4Cl)ccc2CC3)cc1,0.441247516,2.33600409,0.08,0.04,472.932,4.6511
CC(=O)Nc1ccc(Nc2nc(Nc3ccccc3)nc(N)n2)cc1,0.565943908,1.969187775,0.14,0.04,335.371,2.8994
N#Cc1ccc(N2CCC(NS(=O)(=O)c3ccc(-c4ccc(Cl)cc4)cc3)C2)cc1,0.640133971,2.543220395,0.01,0.04,437.952,4.43588
COc1ccc(Nc2nccc(Nc3cc(N4CCOCC4)ncn3)n2)cc1,0.669521836,2.361425895,0.57,0.53,379.424,2.599
Nc1ncnc2c1sc1ncc(-c3ccccc3Cl)nc12,0.581310421,2.658351565,0.39,0.07,313.773,3.5371
N#Cc1ccc(Nc2ncc(C(=O)Nc3ccccc3)nc2-c2ccccc2)cc1,0.498905946,2.119808998,0.2,0.31,391.434,5.01118
COc1ccc(-c2nnc(Nc3cccc(C(N)=O)c3)[nH]2)cc1OC,0.634715848,2.394349178,0.35,0.16,339.355,2.3314
COc1ccc(-c2nc(C(=O)Nc3ccc(CN4CCOCC4)c4ccccc34)n(CC(=O)O)c2C)cc1,0.363220549,2.59367951,0.02,0.02,514.582,4.18942
CC(=O)Nc1ccc(-c2nc(N3CCOCC3)c3cnn(C4CCCCC4)c3n2)cc1,0.69116481,2.451848759,0.1,0.1,420.517,3.7935
COc1ccc(-c2nc(C(=O)Nc3cnccc3N3CCC(C)CC(C)C3)ccc2F)cc1Cl,0.477736084,3.243212926,0.25,0.1,482.987,6.0694
CCn1c(CNc2ccc(C(=O)Nc3ccc(N4CCOCC4=O)cc3)cc2)nc(Nc2c(Cl)cc(Cl)cc2Cl)cc1=O,0.199399746,2.879725448,0.08,0.15,641.943,6.1946
O=C(Cc1ccccc1)Nc1nsnc1-c1ccccc1-c1ccccc1,0.533802495,2.129787693,0.13,0.08,371.465,5.0533
CN(C)CC(=O)Nc1cccc(CNc2nc(Nc3ccccc3)ncc2NC(=O)CCC)c1,0.340555893,2.369126374,0.44,0.22,461.57,4.071
CN(C)c1ccc(C=Cc2ccc3ccccc3n2)cc1,0.70015706,1.998700367,0.02,0.03,274.367,4.4712
COc1ccc2c(c1)C(=O)C(=Cc1ccc(Nc3cccc(C(=O)Nc4ccccc4)c3)[nH]1)CC2,0.296015026,2.625072434,0.08,0.08,463.537,6.2317
Cc1ccc(-c2noc(C(C)(C)C)n2)cc1Nc1ncnc2[nH]ccc12,0.571390933,2.625982296,0.38,0.15,348.41,4.35742
O=C(Nc1ccc(OC(F)(F)F)cc1)c1cnc(N2CCC(O)C2)c(-c2cncnc2)c1,0.621826923,3.008751542,0.21,0.12,445.401,3.2605
COc1ccc(CNC(=O)c2cc3ccccc3n2-c2ccc(F)cc2)cc1OC,0.506101145,2.042326448,0.03,0.01,404.441,4.7168
Cc1ccc(-n2nc(C(C)(C)C)cc2NC(=O)Nc2ccc(Oc3ccnc(Nc4ccc5c(c4)CCCC5=O)n3)cc2)cc1,0.172864451,2.823118014,0.29,0.11,601.711,7.96712
O=C1NC(=O)c2c1c1c(-c3ccccc3)cccc1n2-c1cccnc1,0.56787657,2.423554186,0.49,0.11,339.354,3.5761
COc1ccc(CC(=O)Nc2nc(-c3ccccc3)c(OCC(=O)O)c3c2C2CCCC32)cc1,0.504831032,3.328273316,0.19,0.04,458.514,4.7665
COc1ccc(-n2nc(C(N)=O)c3c2-c2cc(NC(=O)c4ccccc4)ccc2CC3)cc1,0.49199066,2.254807847,0.08,0.01,438.487,3.9977
Cc1cccc(Nc2ncnc(Nc3ccc(N4CCOCC4)cc3)n2)c1,0.719271116,2.16366577,0.31,0.31,362.437,3.50382
O=C(Nc1ccccc1)c1ccc2c(c1)ncn2-c1ccccc1,0.613501749,1.748553714,0,0,313.36,4.2778
COc1ccc(NC(=O)c2ccc(C(F)(F)F)nc2Nc2ccc3c(c2)OCCO3)cc1,0.582967293,2.294835791,0.1,0.04,445.397,4.8761
COc1ccc(-c2ccc3c(c2)Nc2ccccc2NC3=O)cc1,0.722008455,2.006317419,0.79,0.06,316.36,4.6715
Cc1ccc(-c2cc(C(=O)Nc3ccc(C4CNCCO4)cc3)[nH]n2)cc1,0.665345363,2.741277329,0.16,0.03,362.433,3.29832
O=C1NC(=O)C(=Cc2ccc(OCCC(=O)O)c(Cl)c2)S1,0.807187373,2.337747864,0.31,0.18,327.745,2.5174
O=c1[nH]c2ccc(Cl)cc2nc1N1CCC(N2CCCCC2)CC1,0.907731,2.330153244,0.07,0.01,346.862,3.0312
COc1ccc(-c2ccc(S(=O)(=O)Nc3ccc4c(c3)CCC(c3ccccc3)O4)s2)cc1,0.354394039,2.771118636,0.04,0.02,477.607,6.2908
CN1CCC(n2cc(Nc3nccc(C(N)=O)n3)cc2-c2ccncc2)CC1,0.708068322,2.804414382,0.49,0.42,377.452,2.4493
COc1cc(Nc2nccc(-c3cnn4ncccc34)n2)cc(OC)c1OC,0.547076762,2.580749425,0.93,0.3,378.392,2.9557
O=C(Nc1ccc(Cl)cc1)c1ccccc1CNc1ccc(-c2cnc3ccccn23)cc1,0.308109386,2.191033274,0.12,0.04,452.945,6.5191
Cc1ccc(-c2[nH]c3ccccc3c2CNC(=O)c2ccc(C(=O)O)cc2)cc1,0.463413498,2.007763531,0.13,0.02,384.435,4.77152
COc1ccc(Nc2ncc(C(N)=O)c(Nc3ccccc3)n2)cc1OC,0.589759419,2.031493195,0.81,0.61,365.393,3.0799
COc1ccc(CNC(=O)c2ccc(Nc3nccc(-c4cnc(N5CCOCC5)nc4)n3)cc2)cc1,0.377688245,2.395959965,0.54,0.3,497.559,3.4524
COc1ccc(C2=NN(Cc3ccccc3)C(=O)C2=O)cc1OC,0.789217427,2.182346831,0.07,0,324.336,2.0194
CN(C)c1ccc(Nc2nccc(Nc3ccccc3)n2)cc1,0.745121535,1.952951024,0.69,0.48,305.385,4.0298
COc1ccc(Nc2nccc(-c3cnc4ccccn34)n2)cc1,0.623460275,2.201344397,0.76,0.55,317.352,3.5435
COc1ccc(-c2ccc(C(=O)NC(C)C)cc2NC(=O)c2ccc(N3CCCC3)cc2)cc1,0.501571262,2.034140807,0.05,0.02,457.574,5.3529
Cc1ccc(F)c(NC(=O)Nc2ccc(Nc3nccc(-c4ccccn4)n3)cc2)c1,0.408113751,2.164222165,0.57,0.29,414.444,5.37372
COc1ccc(-c2ocnc2C(=O)Nc2ccc(-c3cccc([N+](=O)[O-])c3)cc2)cc1,0.343468188,2.188609149,0.31,0.11,415.405,5.1777
N#Cc1ccc(C(=O)Nc2ccc(-c3cccc4c3OCCC4)cc2)cc1,0.734559703,2.0679727,0.07,0.04,354.409,4.80258
COc1ccc(NC(=O)Nc2ccc(Cl)cc2)cc1Nc1ncnc2cnc(N3CCCCCC3)nc12,0.290774303,2.500199509,0.21,0.19,519.009,5.8498
CN(C)CC(C)(C)c1ccc(Nc2nccc(Nc3ccccc3)n2)cc1,0.632794158,2.276508979,0.61,0.37,361.493,4.803
COc1ccc(-n2cc(C(=O)Nc3cccc(CNc4ncnc5ccccc45)c3)cc2OC)cn1,0.331877427,2.686153593,0.14,0.06,480.528,4.6971
COc1ccc(-c2nc(Nc3ccccc3)nc(Nc3ccccc3)n2)cc1,0.496344545,1.903265005,0.19,0.18,369.428,5.0344
CNC(=O)c1ccc(-c2ccc(C(=O)Nc3ccc(CN4CCCCC4=O)cc3)cc2)cc1,0.592124092,1.988861126,0.04,0.01,441.531,4.478
COc1ccc(-c2ccc(C(=O)Nc3ccc(Cl)c(C(=O)O)c3)cc2)cc1OC,0.597475153,1.79064099,0.05,0.02,411.841,4.9747
CN(C)C(=O)c1ccc2c(c1)nc(Nc1cccc(Cl)c1)n2C1CCCCC1,0.620319094,2.295146775,0.08,0.15,396.922,5.6403
c1ccc(-c2nc(Nc3ccccc3)ncc2-c2nc3ccccc3[nH]2)cc1,0.446680872,2.070145457,0.6,0.46,363.424,5.4305
Cc1cccc(CN(C)C(=O)c2ccc(-c3cccc4cnccc34)cc2)c1,0.478888331,1.986185322,0.36,0.13,366.464,5.48242
O=C(Nc1ccc(-c2nc(N3CCOCC3)c3cnn(C4CCOCC4)c3n2)cc1)Nc1ccccc1Cl,0.372432309,2.647365362,0.07,0.14,534.02,4.9788
CCCCc1nc(C(=O)O)c(C(=O)O)n1Cc1ccc(-c2ccccc2-c2nn[nH]n2)cc1,0.353778992,2.592884253,0.12,0.03,446.467,3.5175
CC(C)Oc1ccc(-c2nc(-c3cccc4c3CCC4N3CCCC3)no2)cc1CO,0.620750034,3.050829851,0.07,0.03,419.525,4.7662
Cc1ccc(-c2nc(-c3ccc(OC)c(OC)c3)on2)cc1,0.733921096,1.778198082,0,0,296.326,3.72922
COc1ccc(CNC(=O)c2cc(-c3ccc(N)cc3)cc(N3CCOCC3)n2)cc1,0.598153766,2.203989857,0.07,0.02,418.497,3.106
CN(C)Cc1ccc(C(=O)Cn2c(=O)oc3ccccc32)cc1,0.6796194,2.032129595,0,0,310.353,2.539
COc1ccc(-c2nc(-c3ccccc3)n(-c3ccccn3)n2)cc1,0.567946562,1.960117348,0.14,0,328.375,4.0049
O=C1NC(=O)C(=Cc2ccc(-c3ccccc3)cc2)S1,0.854122807,1.941004124,0.58,0.23,281.336,3.6775
CN(C)C1CCc2c(c3ccccc3n2Oc2ccc(-c3cccnc3)cc2)C1,0.498694765,3.059226092,0.15,0.04,383.495,4.9643
O=C1NC(=O)C(=Cc2ccc(-c3ccccc3)c(-c3ccc(Cl)cc3)c2)O1,0.633339976,2.303756139,0.42,0.17,375.811,5.2813
O=C1NC(=O)C(=Cc2ccc(-c3ccc(Cl)cc3)cc2)S1,0.838937599,2.013269774,0.6,0.19,315.781,4.3309
COc1ccc(Nc2ncc(C(=O)Nc3ccccc3N3CCC(C(C)(C)O)CC3)nc2N)cc1,0.402409314,2.60449728,0.24,0.18,476.581,4.0506
Cc1ccc(-c2ccc(C(=O)Nc3ccc(C(=N)N)cc3C(=O)Nc3ccccc3)s2)cc1,0.227731342,2.166114859,0.07,0.03,454.555,5.51219
COc1ccc(-c2cccc(CNc3cccc(C(N)=O)c3)n2)cc1,0.723966363,1.905595467,0.16,0.08,333.391,3.4682
CCN(CC)CCOc1ccc(Nc2ncc(C(=O)Nc3ccc(OC)cc3)c(OCC(C)C)n2)cc1,0.305878021,2.422004417,0.4,0.25,507.635,5.2365
COc1ccc(-c2nc(Nc3cccc(N4CCCC4=O)c3)nn2-c2ccccc2)cc1,0.479825195,2.240970417,0.16,0.11,425.492,4.8133
CC(C)(C)c1cc(NC(=O)Nc2ccc(Nc3cccc4ccccc34)cc2)no1,0.364596176,2.200233782,0.15,0.12,400.482,6.5129
CC(C)(C)c1ccc(-c2ccc3c(c2)C=CNCC3)cc1,0.791596273,2.440511313,0.19,0.02,277.411,4.7675
CN(C)CC(=O)Nc1ccc2ncnc(Nc3cccc(Br)c3)c2c1,0.684627256,2.143078538,0.64,0.19,400.28,3.636
COc1cc(NC(=O)c2ccc(C#N)cc2)ccc1-c1ncnc(N)c1C#N,0.71977305,2.340529648,0.34,0.22,370.372,2.73006
COc1ccc(C(=O)Nc2cccc(C(=N)N)c2)cc1OC1CCCC1,0.546268669,2.016268783,0.02,0.01,353.422,3.55297
COC(=O)Cc1ccc(Nc2ncc3c(n2)-c2ccccc2C(=O)C3)cc1,0.719732381,2.306539571,0.43,0.21,359.385,3.3415
COc1ccc(-c2cnc(N)c(-c3ccc(C(O)=Nc4cc(N5CCOCC5)ccn4)cc3)n2)cc1,0.308929671,2.754358428,0.33,0.07,482.544,4.2693
COc1ccc(-c2ccc3c(N4CCOCC4C)nc(N4CCOCC4)nc3n2)cc1,0.636853143,2.986318355,0.05,0.02,421.501,2.7621
Cc1cc(-c2nc(-c3cccc4ccccc34)[nH]n2)ccc1-n1cccn1,0.508477715,2.337010962,0.35,0.05,351.413,4.78602
CCOC(=O)N1CCC(n2ncc3ccc(-c4ccc(F)c(Cl)c4)nc32)CC1,0.63756479,2.440825622,0.11,0.02,402.857,4.6842
CN(C)CC(C)(C)C(=O)Nc1ccc(-c2nc3ccccc3nc2Nc2cccc(Nc3ccccc3)c2)cc1,0.185354326,2.572678255,0.2,0.21,530.676,7.3103
CCOc1ccc(CC(=O)O)cc1-c1ccc(F)c2c1CN(C(=O)C=Cc1ccccc1)CC2,0.498463109,2.518931766,0.01,0,459.517,5.1166
Cc1ccc(NC(=O)c2cccc(C(F)(F)F)c2)cc1Nc1ncncc1N1CCC(N)CC1,0.499155641,2.568333496,0.23,0.22,470.499,4.72722
COc1ccc(Nc2ncc(C(=O)Nc3ccccc3N3CCC(C(=O)O)CC3)nc2N)cc1,0.415449608,2.407166184,0.31,0.23,462.51,3.3643
COc1ccc(CNc2ncnc3sc(-c4ccccc4)nc23)cc1,0.580061018,2.10967265,0.33,0.1,348.431,4.374
CNC(=O)c1ccc(Nc2nccc(Nc3cccc4cnccc34)n2)cc1,0.493873866,2.241334374,0.69,0.51,370.416,3.8716
COc1ccc(C=NNc2cc(N)nc(Nc3ccccc3)n2)cc1OC,0.436184769,2.254730104,0.17,0.07,364.409,3.2656
COc1cc(C(=O)NC(=N)Nc2ccc(S(N)(=O)=O)cc2)cc(OC)c1OC,0.412790167,2.376676573,0,0.01,408.436,1.13647
COc1ccc(C(=O)Nc2cccc(C(=O)O)c2)cc1,0.895923249,1.408580631,0,0,271.272,2.6457
Cc1ccc(C(C)Nc2nccc(Nc3ccccc3)n2)cc1,0.716963055,2.380367528,0.36,0.21,304.397,4.70172
COc1ccc(C(=O)Nc2cccc3ccccc23)cc1NC1CCNCC1,0.623371901,2.054294787,0.08,0.07,375.472,4.2646
O=C(NC1CCC(CCN2CCC(c3cccc4c3OCO4)CC2)CC1)c1ccc(F)cc1,0.661605882,2.421481807,0.02,0.03,452.57,5.1127
COc1ccc(-c2nn(-c3ccccc3)cc2NC(=O)c2cnn3cccnc23)cc1,0.475724531,2.345501168,0.18,0.04,410.437,3.8429
COc1ccc(NC(=O)Nc2ccc(-c3cnc(N)c4cc(C(=O)O)ccc34)cc2)cc1,0.360428346,2.129360559,0.69,0.17,428.448,4.8348
COc1cccc(NC(=O)Nc2ccc(-c3nc(N4CCOCC4)c4ncccc4n3)cc2)c1,0.464486894,2.294904323,0.27,0.12,456.506,4.181
COc1cc2nccc(Oc3ccc(NC(=O)Nc4cccc(C(F)(F)F)c4)cc3)c2cc1OC,0.318702686,2.227660916,0.43,0.25,483.446,6.7071
Cc1ccc(C(=O)Nc2ccc(C(=O)Nc3ccccc3N)cc2)cc1,0.622946491,1.600208699,0.01,0.03,345.402,4.08182
COc1ccc(-n2nc(C(N)=O)c3c2-c2cc(NC(=O)c4ccccc4)ccc2CC3)cc1,0.49199066,2.254807847,0.08,0.01,438.487,3.9977
O=C(Nc1ccc(F)cc1)c1ccccc1Nc1ccc(Nc2ccccc2)cc1,0.345047995,1.755958823,0.03,0.06,397.453,6.5652
COc1ccc(-c2cc(NC(=O)C(C)C)nc3ccccc23)cc1,0.769510655,1.884066062,0.12,0.03,320.392,4.5049
COc1ccc(-c2nc(-c3ccc(C)cc3)oc2-c2ccncc2)cc1,0.498905121,2.024493457,0.26,0.02,342.398,5.38762
CCN(CC)CCOc1ccc(-c2nc(-c3cccc4ccccc34)[nH]n2)cc1,0.462299713,2.21712827,0.27,0.01,386.499,5.0125
CC(C)(C)c1ccc(Nc2ncc(-c3ccncc3)cc2-c2nc(C(=O)O)cs2)cc1,0.403269368,2.494150557,0.3,0.36,430.533,6.0064
COc1ccc(Nc2ncc(-c3ccccc3)n2-c2ccccc2)cc1,0.535821168,1.94508903,0.25,0.33,341.414,5.2915
COc1ccc(-c2nc(-c3ccc(C)nc3)c(-c3ccc(C)cc3)o2)cc1,0.470744705,2.094045488,0.07,0.14,356.425,5.69604
Cc1cc(C(=O)Nc2cccc(-c3ccc4nccn4c3N)c2)cnc1C(F)(F)F,0.517672641,2.695712494,0.2,0.1,411.387,4.55802
COc1ccc(C2=NNC(=O)C2=NNc2ccc(C(=O)Nc3ccccc3N)cc2)cc1,0.354286812,2.487705388,0.52,0.05,428.452,2.8317
Cc1cc(-c2cnc(N)c(C(=O)Nc3ccccc3)n2)ccn1,0.775581221,2.117466346,0.55,0.14,305.341,2.68152
COc1ccc(C(=O)C=Cc2ccc(OC)c(OC)c2)cc1OC,0.573852689,1.821280106,0,0,328.364,3.6171
O=C(NCc1ccc(Cl)cc1Cl)C1CCC(=O)N1Cc1ccccc1,0.861865539,2.473085618,0,0,377.271,3.8008
CN(C)c1ccc(-c2nc(-c3cccc4ccccc34)on2)cc1,0.552906248,1.938091485,0.05,0,315.376,4.6228
COc1ccc(C=NNc2nc(Nc3ccc(N4CCN(C)CC4)cc3)ncc2O)cc1,0.386216623,2.462111122,0.44,0.44,433.516,3.1322
COc1ccc(-c2ccc3c(N4CCOCC4C)nc(N4CCOCC4C)nc3n2)cc1,0.618933374,3.412299361,0.03,0.01,435.528,3.1506
COc1ccc(Nc2ncc(C(=O)Nc3ccccc3C(=O)Nc3ccccc3)cc2[N+](=O)[O-])cc1,0.230097952,2.140865399,0.11,0.26,483.484,5.2466
COc1ccc2cc(-c3cncc(Nc4ccccc4)n3)ccc2n1,0.599785954,2.170801548,0.31,0.2,328.375,4.444
COc1ccc(-n2nc(C(C)(C)C)cc2NC(=O)Nc2ccc(Nc3ccnc(Nc4cccc(C(F)(F)F)c4)n3)cc2)cc1,0.139076626,2.727017466,0.54,0.28,616.648,8.1184
COc1ccc(NC(=O)Nc2ccc(-c3nccs3)cc2)cc1OC,0.708092675,1.917339698,0.19,0.09,355.419,4.4713
O=C1CC(c2ccc(-c3ccc4ccccc4n3)cc2)C2C(=O)CC12,0.709744861,3.246120813,0.09,0.08,327.383,4.1634
COc1ccc(-n2nc(C(N)=O)c3c2-c2cc(NC(=O)c4ccccc4Cl)ccc2CC3)cc1,0.441247516,2.33600409,0.08,0.04,472.932,4.6511
COc1ccc(-c2nc(Nc3cc(N4CCOCC4)cc(OC4CCOC4)n3)[nH]n2)cc1,0.575570523,3.291218174,0.24,0.11,438.488,2.6232
COc1ccc(C(=O)Nc2ccccc2C(=O)Nc2ccc(Cl)cc2)cc1,0.66423549,1.56532736,0.02,0.04,380.831,4.8532
O=C1NC(=O)C(=Cc2ccc(-c3ccccc3)cc2)S1,0.854122807,1.941004124,0.58,0.23,281.336,3.6775
COc1cccc(-c2ccc(C(=O)Nc3ccccc3N)cc2)c1,0.708716573,1.618505714,0.05,0.03,318.376,4.1967
N#CCNC(=O)C(Cc1ccccc1)NC(=O)C(Cc1ccccc1)NC(=O)Cc1ccccc1,0.375157482,2.803477232,0.01,0.01,468.557,2.32388
COc1ccc(-c2nc(-c3cccc4ccccc34)[nH]n2)cc1,0.613512575,1.925132533,0.27,0.03,301.349,4.3005
N#Cc1cccc(-c2nc(-c3ccc4c(c3)CCCN4C(=O)CCC(=O)O)no2)c1,0.693977206,2.436381546,0.06,0.04,402.41,3.41928
O=C1Nc2ccc(C(=O)O)cc2NC1=O,0.56721314,2.045212293,0.06,0.04,206.157,-0.0854
COc1ccc(-c2ccc3nccc(Nc4cccc5[nH]ncc45)c3n2)cc1OC,0.43720688,2.405590466,0.59,0.22,397.438,4.9339
CC(C)CC(NC(=O)OCc1ccccc1)C(=O)NC(Cc1ccccc1)C(=O)NC(C(=O)C(F)(F)F)C(C)C,0.335928606,3.323311458,0.03,0.02,563.617,4.3272
O=C(c1ccccc1)c1cc(Cl)ccc1NS(=O)(=O)c1cccc2ccncc12,0.462956977,2.127719602,0.23,0.13,422.893,4.92
COc1ccc(C(=O)Nc2ccccc2C(=O)Nc2ccc(Cl)cn2)cc1,0.691991233,1.77797731,0.11,0.07,381.819,4.2482
CC(=O)c1ccc(Nc2ncc(C(=O)Nc3ccccc3)s2)cc1,0.679403388,1.915642169,0.06,0.18,337.404,4.3416
O=C(NCC(=O)Nc1ccc(S(N)(=O)=O)cc1)c1ccccc1-c1ccccc1,0.579046267,1.819143721,0.03,0.01,409.467,2.3695
COc1ccc(-c2nc(-c3ccc(C)cc3)oc2C=CC(=O)O)cc1,0.698637725,2.310297173,0.03,0.01,335.359,4.42342
COc1ccc(C(=O)Nc2cccc(C(F)(F)F)c2)cc1Nc1ncnc2cnc(NCC(C)C)nc21,0.283779516,2.601928453,0.43,0.27,511.508,5.511
CNc1nc(Nc2ccc(C(=O)Nc3ccccc3N)cc2)ncc1[N+](=O)[O-],0.290077929,2.244609103,0.71,0.43,379.38,3.0046
Cc1ccc(-c2ccc(C(=O)NC(C)c3ccccc3)cc2)cc1,0.708245635,1.937825507,0.01,0.01,315.416,5.15302
CC(=O)Nc1ccc(-c2ccc3nccc(Nc4cccc5[nH]ncc45)c3n2)cc1,0.403920125,2.392634872,0.45,0.26,394.438,4.8751
COc1ccc(CC(=O)O)cc1-c1ccc(F)c2c1CN(C(=O)OCc1ccccc1)CC2,0.583818403,2.376127134,0.01,0,449.478,4.8233
COc1ccc(C(O)=Nc2cccc(C(F)(F)F)c2)cc1Nc1ncnc2cnc(NCc3ccccc3)nc21,0.150672964,2.806982871,0.3,0.17,545.525,6.4392
COc1ccc(C=NNc2nc(-c3ccccc3)nc(N)n2)cc1OC,0.519457694,2.162435643,0.04,0.06,350.382,2.584
Cc1cc(-c2ccccc2)cc(-n2nc(C(C)C)c3nccnc32)n1,0.56184778,2.473468544,0.1,0.03,329.407,4.30932
COc1ccc(-c2nc(C(=O)Nc3ccccc3CN3CCCC(N)CC3)[nH]n2)cc1,0.565507477,2.804299082,0.09,0.03,420.517,3.0458
Cc1ccc(-c2ccc(NC(=O)Cc3ccccc3)cc2)nc1N1CCOCC1,0.716897191,2.014446641,0.06,0.01,387.483,4.07482
O=C(Nc1ccc(Cl)cc1)c1cnccc1Nc1ccncc1,0.757038293,1.982373068,0.11,0.17,324.771,4.1259
CN(C)CC(=O)Nc1ccc2nccc(Nc3cccc(Nc4ccccc4)c3)c2c1,0.3888627,2.155511396,0.12,0.2,411.509,5.2221
Cc1cc(Nc2ncc(F)c(Nc3cc(C4CC4)n[nH]3)n2)cc(OC)c1OC,0.56575736,2.847447856,0.61,0.33,384.415,4.02902
COc1ccc(C(=O)Nc2cccc(C(=O)O)c2)cc1Nc1nccc(-c2ccnc3[nH]ccc23)n1,0.262047079,2.480667464,0.59,0.31,480.484,4.7226
COc1ccc(-c2nc(Nc3ccccc3)nc(NC(C)C)n2)cc1,0.706136585,2.019887775,0.13,0.15,335.411,4.1111
COc1ccc(NC(=O)Cc2ccccc2)cc1-c1nc2cc(-c3cnn(C4CCOCC4)c3)ccc2[nH]1,0.297582931,2.624571132,0.14,0.03,507.594,5.6347
CS(=O)(=O)c1ccc(C(=O)Nc2ccc(Cl)c(-c3cccc4[nH]ncc34)n2)cc1,0.513968039,2.354248599,0.26,0.19,426.885,3.9341
COc1ccc(-c2ccc(C(=O)Nc3ccc4c(c3)-c3c(c(C(N)=O)nn3-c3ccc(O)cc3)CC4)c(OC)c2)cc1,0.245231464,2.589825428,0.14,0.03,560.61,5.3789
COc1cc(Nc2cc(NC(=O)c3ccc(Cl)cn3)ccc2Cl)nc(N)n1,0.591996791,2.365697824,0.22,0.2,405.245,3.7651
N#Cc1cc(Cl)cc(Oc2ccc(Nc3ncccc3-c3cccnc3)cc2)c1,0.432693844,2.32890094,0.31,0.37,398.853,6.20458
COc1cccc(-c2nn(C(C)C)c3ncnc(N)c23)c1,0.799076033,2.328224324,0.62,0.15,283.335,2.665
Cc1cc(Nc2ccc(C(F)(F)F)cc2)n2nc(C(C)(C)C)nc2n1,0.740416321,2.508029743,0.02,0,349.36,4.49262
CCN(CC)c1ccc(C=Cc2ccccc2)cc1,0.69596103,1.797697615,0.01,0,251.373,4.7032
COc1ccc(-c2ccc(N3CCOCC3)c3ccccc23)cc1,0.716118759,1.815719261,0.06,0.02,319.404,4.352
CN(C)c1cccc(NC(=O)Nc2ccc(Cl)cc2)c1,0.89512247,1.666188323,0,0,289.766,4.05
Cc1ccc(-c2nc(N)c3cc(CNc4ccccc4)sc3n2)cc1,0.55369117,2.157767991,0.17,0.03,346.459,4.86102
COc1ccc(-c2cccc(Nc3ccc(N4CCOCC4)cc3)n2)cc1,0.732532531,1.964260385,0.09,0.27,361.445,4.3374
COc1cc2nccc(Nc3cccc(NC(=O)Nc4ccc(Cl)cc4)c3)c2cc1OC,0.322380741,2.097501207,0.29,0.27,448.91,6.293
COc1ccc(C(=O)Nc2cccc(C(F)(F)F)c2)cc1Nc1ncnc2cnc(NCc3ccccc3)nc21,0.215830291,2.535074509,0.45,0.24,545.525,6.0552
CC(=O)Nc1cc(Nc2cncc(Nc3ccccc3)n2)ccc1C(=O)Nc1ccccc1,0.316860035,2.210782392,0.17,0.18,438.491,5.1745
COc1ccc(CC(=O)O)cc1-c1ccc(F)c2c1CN(C(=O)C=Cc1ccccc1)CC2,0.557511732,2.476918296,0.01,0,445.49,4.7265
CN(C)CCNC(=O)c1ccc(-c2ccc3c(N4CCOCC4C)nc(N4CCOCC4C)nc3n2)cc1,0.504911981,3.571920654,0.07,0.03,519.65,2.4334
Cc1ccc(N2CCN(c3cc(N)c4ncccc4n3)CC2)cc1,0.786919906,2.162822474,0.07,0.02,319.412,2.84702
COc1ccc(Nc2nc(Nc3ccc(N4CCOCC4)cc3)ncc2NC(=O)CC(C)(C)C)cc1,0.396964997,2.488508715,0.43,0.47,490.608,5.1837
Cc1ccc(-n2nc(C(C)(C)C)cc2NC(=O)Nc2ccc(Nc3ncnc4ccccc34)cc2)cc1,0.250934453,2.381381705,0.38,0.1,491.599,6.80902
COc1ccc(CC(=O)O)cc1-c1cccc(F)c1Cl,0.933168348,1.98236111,0.01,0.03,294.709,3.7818
COc1ccc(-c2ccc(C(=O)NCc3ccc(C(=N)N)cc3)c(OC(C)C)n2)cc1,0.381060144,2.214866038,0.07,0,418.497,3.75847
CCNC(=O)c1ccc(-c2nc(Nc3ccc(N4CCOCC4)cc3)ncc2[N+](=O)[O-])cc1,0.416595631,2.385347928,0.43,0.56,448.483,3.3817
O=C(Nc1cccc(Cl)c1Cl)c1cnc(Nc2ccc(N3CCOCC3)cc2)nc1N1CCOCC1,0.484226929,2.49053645,0.5,0.59,529.428,4.4525
CC(C)(C)c1ccc(NC(=O)Nc2ccc(Oc3ccnc4[nH]c(-c5cnc(N6CCOCC6)nc5)cc34)cc2)cn1,0.229463413,2.910579658,0.24,0.22,564.65,5.9853
Cc1cccc(-c2nc(N)c3cc(C(=O)Nc4ccccn4)sc3n2)c1,0.577129921,2.300862105,0.22,0.05,361.43,3.89622
CCOc1cccc(-n2c(=O)n(C(C)C)c3ccccc32)c1,0.734459357,2.089503258,0.08,0,296.37,3.7718
CC(C)CC(C)NC(=O)C(C)NC(=O)CCc1ccc(-c2ccc3ccncc3c2)cc1,0.50669599,2.972641941,0.21,0.12,431.58,4.8899
COc1cccc(-c2nnc(Nc3cccc(Cl)c3)o2)c1,0.784400515,1.981853456,0.52,0.07,301.733,4.1422
CC(=O)CCCCC=C(c1ccc(C(=O)NCCCCCCCC(=O)O)cc1)c1ccccc1,0.281296141,2.279578872,0,0.01,463.618,6.4227
COc1ccc(CNc2nc(N3CCCCC3)nc(Nc3ccccn3)n2)cc1,0.63134337,2.246576728,0.07,0.06,391.479,3.6212
COc1ccc(-n2nc(C(N)=O)c3c2-c2cc(NC(=O)c4ccccc4)ccc2CC3)cc1,0.49199066,2.254807847,0.08,0.01,438.487,3.9977
Cc1cnc(C(=O)Nc2ccc(F)c(C3(C)C=CSC(N)=N3)c2)cn1,0.880782017,3.393596285,0.18,0.05,357.414,2.96682
Cc1ccc(-c2ccc(C(=O)Nc3ccc(CN4CCC(C(=O)O)C4)cc3)cc2)cc1,0.606695161,2.280610923,0.04,0.01,414.505,4.82082
CC(C)(C)c1ccc(C(=O)Nc2ncc(Cl)c(Nc3ccccc3-n3nccn3)c2)cc1,0.41592268,2.584973577,0.09,0.4,446.942,5.6091
CC1CN(c2cc(Nc3ncccc3C#N)cnc2NC2CCCCC2)CC1,0.788710935,3.102935944,0.25,0.11,376.508,4.68268
COc1ccc(-c2nnc(Nc3ccccc3C)o2)cc1,0.787857637,1.878454465,0.3,0.05,281.315,3.79722
COc1ccc(NC(=O)c2cncc(Nc3ccc(N4CCOCC4)cc3)n2)cc1,0.65031457,2.164544662,0.08,0.14,405.458,3.3177
CC(Nc1ncnc(N)c1C#N)c1nc2cccc(Cl)c2c(=O)n1-c1ccccc1,0.520798792,3.004368235,0.34,0.08,417.86,3.45608
COc1cc(Nc2nccc(-c3cnc4ccccc4c3)n2)cc(OC)c1OC,0.52229095,2.219040746,0.75,0.57,388.427,4.4612
O=C(Nc1ccc(-c2cncc3ccncc23)cc1)Nc1cccc(-c2nc(N3CCOCC3)c3ccccc3n2)c1,0.25494184,2.641751043,0.32,0.14,553.626,6.3876
CN(C)CCn1cc(Nc2ncc3cnn(C4CC5CCCC5C4)c3n2)cn1,0.708153392,3.654787631,0.44,0.3,380.5,3.0792
c1ccc(-c2ccc(Nc3ncccc3-c3cnccn3)cc2)cc1,0.576907873,1.999597698,0.37,0.46,324.387,4.9492
COc1cc(CNC(=O)C2C(=O)Nc3ccc(-c4ccccc4)cc32)ccc1OC,0.616340923,2.60933739,0.19,0.01,402.45,3.7229
COc1ccc(NC(=O)c2ccc(C(F)(F)F)cc2)cc1Nc1ncnc2cnc(NCc3ccccc3)nc21,0.215830291,2.522302335,0.42,0.26,545.525,6.0552
Cc1ccc(-c2ccc(C(=O)Nc3ccc(CN4CCCC4=O)cc3)cc2)cc1,0.670144769,1.816608878,0.02,0.01,384.479,5.03672
COc1ccc(C(C)=NNc2nc(N3CCOCC3)nc(Nc3ccccc3)n2)cc1,0.444817398,2.337561692,0.02,0.03,419.489,3.2965
CCC(=O)Nc1ccc(-c2nc(N3CCOCC3)c3cccnc3n2)cc1,0.767700025,2.234135309,0.11,0.02,363.421,2.8769
O=C(Nc1ccc(Cl)cc1)c1ccccc1Nc1ccncc1,0.729387123,1.725413252,0.2,0.31,323.783,4.7309
CCN(CC)CCCCOc1ccc(NC(=O)Nc2ccc(Cl)cc2Cl)cc1OC,0.400196004,2.095880626,0.05,0.02,454.398,6.1468
COCCNC(=O)c1ccc(-c2cnc3ccc(NCc4cccc(C(=O)O)c4)nc3n2)cc1,0.326657166,2.385967906,0.23,0.14,457.49,3.3783
CC(=O)Nc1nc2ccc(-c3cncc(Nc4ccccc4)n3)cc2[nH]1,0.524243385,2.326625643,0.34,0.19,344.378,3.7219
COc1ccc(NC(=O)Nc2ccc(-c3nc(N4CCOCC4)c4ccccc4n3)cc2)cc1,0.450044014,2.123981862,0.03,0.04,455.518,4.786
CCC(=O)Nc1ccc(-c2nc(Nc3cc(N4CCOCC4)nc(N4CCOCC4)n3)ccc2O)cc1,0.441232294,2.717676432,0.08,0.11,505.579,3.0095
Cc1ccc(-c2ccccc2)cc1N=C(O)c1cncc(C(=O)c2cn(C(C)C)c3nccnc23)c1,0.177965123,2.926412823,0.18,0.11,475.552,6.24992
COc1ccc(Nc2ncc(F)c(Nc3ccccc3S(=O)(=O)C(C)C)n2)cc1,0.593245131,2.281654665,0.75,0.67,416.478,4.2936
CC(=O)Nc1ccc(-c2n[nH]c3ccc(C(=O)Nc4ccccc4)cc23)cc1,0.496218331,1.929412673,0.49,0.26,370.412,4.4406
O=C(NC1CCC(CCN2CCC(c3coc4ccccc34)CC2)CC1)c1ccc(F)cc1,0.493346093,2.382706866,0.04,0.01,448.582,6.1302
O=C(NC1CCCCC1)c1cnc(Nc2ccc(Cl)cc2)nc1NC1CCCCC1,0.552168914,2.267597809,0.55,0.38,427.98,5.6807
O=C1NC(=O)C(=Cc2ccc(-c3ccc(F)cc3)c(Cl)c2)S1,0.824689725,2.1846777,0.65,0.3,333.771,4.47
COc1ccc(Nc2ncc(Nc3ccccc3)nc2Nc2ccccc2)cc1,0.379299485,2.069848285,0.25,0.28,383.455,5.716
COc1ccc(NC(=O)Nc2ccc(Cl)c(C(F)(F)F)c2)cc1Nc1ncnc2cnc(Nc3ccccc3)nc12,0.158758138,2.64117382,0.58,0.45,580.958,7.2318
COc1ccc(-c2nc(C(=O)Nc3ccccc3N3CCC(C(=O)O)CC3)sc2-c2ccccc2)cc1,0.313116032,2.353838785,0.07,0.03,513.619,6.039
Cc1ccc(-c2cncc(Nc3ccc(N4CCOCC4)cc3)n2)cc1OC,0.725182547,2.226326494,0.18,0.26,376.46,4.04082
Cc1ccc(C(=O)Nc2cccc(C(F)(F)F)c2)cc1Nc1ncnc2cnc(NCc3ccccc3)nc12,0.225501364,2.511302677,0.39,0.24,529.526,6.35502
O=C1NC(=O)C(=Cc2ccc(-c3ccccc3)cc2)S1,0.854122807,1.941004124,0.58,0.23,281.336,3.6775
COc1ccc(C(=O)Nc2ccc(Cl)c(C(=O)Nc3ccc4c(c3)-c3ccccc3C(=O)N4)c2)cc1,0.265135213,2.09809826,0.09,0.02,497.938,5.8479
CN(C)c1ccc(-c2nc3ccccc3n2-c2ccc(C(=O)O)cc2)cc1,0.585892401,1.961906381,0.02,0.01,357.413,4.4567
Cc1cc(C(=O)Nc2ccc(F)c(C3(C)C=C(C(F)F)N=C(N)OC3C)c2)no1,0.805960243,4.029562121,0.02,0.02,408.38,3.51452
CC(=O)Nc1cc(Nc2cc(NC#N)nc(Nc3ccccc3)n2)ccn1,0.389634459,2.660033654,0.27,0.38,360.381,3.21018
O=C1NC(=O)C(=Cc2ccc(-c3ccccc3)cc2)O1,0.849204101,2.151152931,0.39,0.13,265.268,2.9609
CN(C)CC1CCC(Nc2nc(NCc3ccccc3)cc(Nc3cc(Cl)cc(Cl)c3)n2)CC1,0.305638854,2.571485174,0.2,0.12,499.49,6.6714
Nc1ccc(-c2cnc3cccnc3n2)cc1,0.64132541,2.082690582,0.21,0.2,222.251,2.274
CC(=O)Nc1cc(-c2cccc(Cl)c2)nnc1N,0.87038675,2.237544964,0.31,0.04,262.7,2.3376
O=C(NCCc1ccccc1)c1cccc(-c2cnc3ccccn23)c1,0.596847659,1.977882836,0.17,0.07,341.414,3.9738
COc1ccc(C(=O)Nc2cccc(C(F)(F)F)c2)cc1Nc1ncnc2cnc(Nc3ccccc3)nc12,0.227969348,2.496194298,0.57,0.41,531.498,6.1867
COc1ccc(-c2csc3ncccc23)cc1NC(=O)c1ccc(N2CCCCC2)cc1,0.398114397,2.236326063,0.21,0.1,443.572,6.2145
COc1cccc(-c2c(O)nc3cc(Cl)c([N+](=O)[O-])cc3c2OCCC2CCCCC2)c1,0.320630357,2.667312545,0.11,0.06,456.926,6.5268
O=C1NC(=O)C(=Cc2ccc(-c3ccc(Cl)cc3)o2)S1,0.854211213,2.266876119,0.45,0.24,305.742,3.9239
COc1cccc(-c2ccc(S(=O)(=O)Nc3ccc(F)cc3Nc3ncccc3C(N)=O)cc2)c1,0.331844917,2.288617559,0.16,0.25,492.532,4.5396
O=C(NC1CCC(CCN2CCC(c3noc4cc(F)ccc34)CC2)CC1)c1ccccc1,0.537942384,2.433746359,0.01,0.02,449.57,5.5252
Cc1ccc(-c2cc(C(=O)Nc3ccc(OC(F)(F)Cl)cc3)ccc2NC(=O)c2cnn3cccnc23)cc1,0.230496453,2.571056895,0.18,0.1,547.949,6.37722
COc1ccc(C=CC(=O)Nc2ccc(-c3ccnc4[nH]nc(N)c34)cc2)cc1,0.452333429,2.353228108,0.48,0.14,385.427,3.8676
O=C(Nc1ccc(Cl)cc1Cl)c1ccc(-c2cnc(Nc3ccc(N4CCOCC4)cc3)[nH]2)cc1,0.288350758,2.366745285,0.37,0.47,508.409,6.216
COc1ccc(-c2cccc3c(Nc4ccccc4)ncnc23)cc1,0.569657895,1.881873481,0.45,0.21,327.387,5.049
COc1ccc(NC(=O)c2ccc(C(C)Nc3ncnc4ccccc34)cc2OC)cn1,0.447251409,2.714203777,0.15,0.11,429.48,4.4674
CC(C)C(NC(=O)c1ccc(-c2cccc3cnccc23)cc1)C(=O)NC1CCCCC1,0.572285085,2.60113789,0.29,0.16,429.564,5.1051
COc1ccc(-c2nn(-c3ccccc3)cc2N=C(O)c2cnn3cccnc23)cc1,0.345969062,2.678417482,0.2,0.09,410.437,4.2269
COc1ccc(-c2nc(C(=O)Nc3cnccc3N3CCCCC3)ccc2-c2ccccc2)cc1,0.37556251,2.267887476,0.16,0.11,464.569,6.0618
COc1ccc(C(=O)Nc2cc(NC(=O)c3ccccc3)ccc2-c2cncnc2)cc1,0.469699808,2.014238665,0.23,0.05,424.46,4.6568
CCOc1ccc(CC(=O)O)cc1-c1ccc(F)c2c1CN(C(=O)C=Cc1ccccc1)CC2,0.498463109,2.518931766,0.01,0,459.517,5.1166
CN(C)C(=O)c1ccc2cc(-c3ccccc3)c(-c3ccc(C4(N)CCC4)cc3)n2n1,0.53000264,2.690707725,0.07,0.05,410.521,4.708
CCCCCCCCCCCCCCCCCCCOC(=O)CC(=O)C(=O)Nc1c(C(C)C)cccc1C(C)C,0.059379302,2.647706327,0.01,0,557.86,10.0259
COc1ccc(-c2nc(Nc3cccc4ccccc34)[nH]n2)cc1,0.586393888,2.074496076,0.26,0.08,316.364,4.3771
COc1ccc(-c2ccc3c(Nc4ccc(NC(=O)Nc5cccc(Cl)c5)cc4)n[nH]c3n2)cc1,0.215174153,2.320800488,0.65,0.26,484.947,6.6745
COc1ccc(-c2nc(Nc3ccccc3)ncc2-c2nc(C)n[nH]2)cc1,0.560702945,2.402532583,0.56,0.45,358.405,3.98932
CNc1ccc(-c2ccc3nccc(Nc4cccc(C(F)(F)F)c4)c3n2)cn1,0.478032054,2.446566497,0.31,0.36,395.388,5.4959
O=C(Nc1ccc(C(=O)Nc2ccccc2-c2ccccc2)cc1)c1ccccc1Cl,0.381751491,1.701085242,0.01,0.03,426.903,6.5116
COc1ccc(-c2ccc(Cl)cc2Nc2ncnc3[nH]c(-c4ccccc4)cc23)cc1,0.328040753,2.276194321,0.55,0.2,426.907,6.6975
CN(C)C(=O)CNC(=O)c1ccc(-c2cnc3ccccn23)cc1,0.796593894,2.150665609,0.09,0.03,322.368,1.8193
COc1cc2ncnc(Nc3cccc(Br)c3)c2cc1OC,0.757494074,1.993404676,0.87,0.48,360.211,4.1531
Cc1cccc(Nc2ncc(C(=O)Nc3ccccc3N)cc2C#N)c1,0.624431447,2.156955061,0.22,0.23,343.39,3.8398
Cc1cc(-c2n[nH]c3ccc(C(O)=NC4CCCC(N)(Cc5ccc(F)cc5)C4)cc23)ccn1,0.28107811,3.724959973,0.32,0.22,457.553,5.25982
COc1ccc(-c2nc(Nc3cccc(Cl)c3)cc(NC(=O)C3CCOC3)n2)cc1,0.604546426,2.749600446,0.15,0.21,424.888,4.5242
N#Cc1cccc(-c2cnc(Nc3ccccn3)s2)c1,0.790760909,2.28698281,0.33,0.21,278.34,3.82038
COc1cc(C(=O)NC(=N)Nc2ccccc2)cc(NC(=O)C=Cc2ccc(N)cc2)c1,0.176545287,2.454961235,0.01,0.02,429.48,3.70597
CNc1nccc(-c2c(-c3ccc(F)cc3)ncn2C2CCC(O)CC2)n1,0.735906055,2.573482767,0.76,0.5,367.428,3.6639
COc1cc(-c2cnccc2F)c(-c2ccnc(NC(=O)C3CC3)c2)cn1,0.746894834,2.536744743,0.38,0.32,364.38,3.7018
COc1ccc(Nc2ncc(Cl)c(Nc3ccccc3)n2)cc1,0.71575662,1.84983851,0.7,0.64,326.787,4.6258
Cc1nc(N)nc(-c2ccc(NC(=O)Cc3cccc(C(F)(F)F)c3)cc2)n1,0.7130399,2.171168491,0.12,0.02,387.365,3.62922
COc1ccc(Nc2ncc(C(=O)Nc3ccc(CN4CCOCC4)cc3)s2)cc1,0.59758602,2.129476131,0.06,0.08,424.526,3.9798
COc1ccc(-c2ccccc2C(=O)Nc2ccc(-c3ccccc3S(N)(=O)=O)cc2)c(OC)c1,0.383221042,2.093853923,0.07,0.02,488.565,4.9375
Cc1cc(-c2ccccn2)ccc1Nc1nccc(-c2cncc(N(C)C)n2)c1,0.538728994,2.509183603,0.22,0.57,382.471,4.71862
CCCC(=O)Nc1n[nH]c2ncc(-c3ccccc3)cc21,0.769418044,2.158598475,1,0.09,280.331,3.3635
CCOc1ccc(-c2ccc(NC(=O)c3ccc(N4CCCCC4=O)cc3)cc2)cc1OC,0.520275792,1.995131248,0.04,0.02,444.531,5.5301
COc1ccc(-c2ccc3c(c2)Nc2ccccc2NC3=O)cc1,0.722008455,2.006317419,0.79,0.06,316.36,4.6715
Cc1cc(-c2n[nH]c3ccc(OC(C)C)cc23)ccn1,0.786451733,2.278511747,0.59,0.24,267.332,3.72052
COc1ccc(-n2nc(C(C)(C)C)cc2NC(=O)Nc2ccc(OC)cc2)cc1,0.649654958,2.038381161,0.15,0.01,394.475,4.831
Cc1ccc(NC(=O)c2cccc(-c3cncc(Nc4cccc(N5CCNCCOCC5)c4)n3)c2)cc1,0.34214015,2.914788488,0.26,0.14,508.626,4.87412
COc1ccc(-c2nc(-c3cccc4ccccc34)[nH]c2-c2ccc3ncnn3c2)cc1,0.404477281,2.504305548,0.39,0.11,417.472,5.6152
Cc1cc(C(=O)Nc2ccc(-c3ccccc3S(N)(=O)=O)cc2)n(-c2cccc(C(N)=O)c2)n1,0.391774496,2.280070647,0.1,0.02,475.53,2.84632
CCOc1ccc(Nc2ncc(C(=O)Nc3ccccc3)cc2-c2ncccc2C(=O)Nc2ccccc2)cc1,0.194156511,2.323242063,0.1,0.07,529.6,6.7905
CC(C)C(NC(=O)Cn1ccc2ccccc21)C(=O)NC(C=O)Cc1ccccc1,0.537366928,2.985362467,0,0.04,405.498,2.7085
O=C(Nc1ccccc1Cl)Nc1ccccc1Nc1ncccc1[N+](=O)[O-],0.422490012,2.084290198,0.06,0.16,383.795,5.0308
CC(C)(C)c1ccc(Nc2nc(NCc3ccccc3)ncc2-c2nc3ccccc3[nH]2)cc1,0.270214043,2.36894333,0.48,0.22,448.574,6.6731
CCC(=O)Nc1ccc(-c2nc(Nc3cccc(N4CCOCC4)c3)[nH]n2)cc1,0.595121954,2.35929732,0.28,0.08,392.463,3.4004
COc1cccc(CNc2nc(Nc3ccccc3)ncc2[N+](=O)[O-])c1,0.493470281,2.083820874,0.64,0.31,351.366,3.7491
COc1ccc(Nc2ncc(-c3cnc(N4CCC(C)CC4)c4ncccc34)nc2)cc1,0.477058218,2.555641939,0.14,0.19,426.524,5.0753
COc1ccc(CNc2nc(Nc3cc(N4CCOCC4)ccc3OC)ncc2N)cc1,0.490323681,2.384566705,0.3,0.22,436.516,3.2683
COc1ccc(-n2nc(C(C)(C)C)cc2NC(=O)Nc2ccc(OC)cc2)cc1,0.649654958,2.038381161,0.15,0.01,394.475,4.831
CN(C)CCCOc1ccc2[nH]nc(-c3cccc(N4C(=O)CCC4)c3)c2c1,0.637191634,2.358597288,0.39,0.14,378.476,3.6872
COc1ccccc1Nc1nc(Nc2ccc(N3CCN(C)CC3)cc2)ncc1Cl,0.608322795,2.188189683,0.76,0.71,424.936,4.3776
COc1ccc(CNc2nc(NCc3ccccc3)ncc2-c2nc3ccccc3[nH]2)cc1,0.307817619,2.271825975,0.38,0.08,436.519,5.2527
N#Cc1ccc(NC(=O)c2ccc(NC(=O)c3ccccc3)cc2)cc1,0.750492337,1.594772874,0.01,0.03,341.37,4.06288
Cc1ccc(Nc2nccc(Nc3ccccc3)n2)cc1,0.746728862,1.784684811,0.63,0.33,276.343,4.27222
Cc1ccc(Nc2nccc(-n3ccc4ccccc43)n2)cc1,0.606662822,2.082229366,0.53,0.3,300.365,4.47252
COc1ccc(CNc2nc(NCc3ccccc3)ncc2-c2nn[nH]n2)cc1,0.422202788,2.311441129,0.29,0.06,388.435,2.8895
CC(C)(C)c1ccc(NC(=O)Nc2ccc(Cl)cc2)cc1,0.778089545,1.581284734,0,0,302.805,5.2815
CN(C)Cc1ccc(C(=O)Nc2ccc(Cl)c(C(=O)Nc3ccc4c(n3)CCCC4=O)c2)cc1,0.531845061,2.354494073,0.03,0.05,476.964,4.8202
CN(C)C(=O)CN1CC=C(c2cnc3ccc(Nc4nccc(-c5ccccn5)n4)cc3c2)CC1,0.460383131,2.746186913,0.53,0.38,465.561,4.0077
COc1ccc(-c2ccccc2)cc1Nc1ncccc1-c1cncnc1,0.548905173,2.1800475,0.3,0.34,354.413,4.9578
O=c1[nH]c2ccccc2nc1N1CCNCC1,0.741011673,2.186027197,0.07,0.01,230.271,0.3327
CN(C)CC(=O)Nc1ccc2ncnc(Nc3cccc(Br)c3)c2c1,0.684627256,2.143078538,0.64,0.19,400.28,3.636
O=C1NC(=O)C(=Cc2ccc(-c3ccc(Cl)cc3)o2)S1,0.854211213,2.266876119,0.45,0.24,305.742,3.9239
CCC(=O)Nc1cc(Nc2cccc3c2OCCO3)ccn1,0.90781563,2.348569751,0.1,0.34,299.33,2.9449
COc1ccc(CNC(=O)c2cc(O)c3ccccc3c2O)cc1OC,0.613230583,1.974780174,0.02,0,353.374,3.1982
CCOC(=O)C1=C(C)N=C(C)C(=C(O)OCC)C1c1cccc([N+](=O)[O-])c1,0.35081351,3.063162015,0.04,0.05,374.393,3.7961
COc1ccc(-c2nc(C(=O)Nc3ccc(OC(F)(F)F)cc3)ccc2-c2n[nH]c(-c3ccccc3)n2)cc1,0.253445427,2.491296221,0.17,0.13,531.494,6.3602
Cc1ccc(-c2nc(-c3ccc(F)cc3)c(-c3ccnc(N)n3)[nH]2)cc1,0.582127638,2.233333489,0.42,0.33,345.381,4.23042
CCCCN(C)C(=O)Cn1c(-c2ccccc2)nc2ccccc21,0.68899547,1.941688991,0.01,0.01,321.424,3.9618
COc1ccc(-c2nc(-c3cccc4ccccc34)[nH]c2-c2ccc3ccccc3c2)cc1,0.313173981,2.146494264,0.38,0.15,426.519,7.7257
COc1ccc(-c2ccc3c(N4CCOCC4C)nc(N4CCCCC4)nc3n2)cc1,0.635109836,2.93728319,0.05,0,419.529,3.9158
COc1ccc(-n2nc(C(C)(C)C)cc2NC(=O)Nc2ccc(OC)cc2)cc1,0.649654958,2.038381161,0.15,0.01,394.475,4.831
CN(C)C(=O)c1ccc(-c2ncnc(N)c2-c2ccc3ccccc3c2)nc1,0.595817292,2.391304852,0.5,0.2,369.428,3.6428
COc1ccc(-c2ccc(C(=O)Nc3ccc(CNC(=O)C4CC4)cc3)cc2)cc1,0.607085335,1.729603013,0.02,0.01,400.478,4.6407
CN(C)C(=O)c1ccc(Nc2nccc(Nc3ccccc3)n2)cc1,0.745428048,1.969139698,0.71,0.53,333.395,3.6656
CN(C)c1ccc(C=Cc2ccccc2)cc1,0.712717055,1.667147273,0.01,0,223.319,3.923
CC(C)c1c(C(=O)NCc2ccc(F)c(F)c2)c2ccc(OCC3CCCC3)cc2n1Cc1ccccc1,0.249052205,2.500428839,0.01,0.04,516.632,7.5902
COc1ccc(-c2ccc(OC)c(NS(=O)(=O)c3ccc(N)cc3)c2)cc1,0.631749052,1.861393573,0.08,0.03,384.457,3.7538
Cc1cc(C)cc(-c2[nH]c3ccccc3c2CN(C)CCc2ccncc2)c1,0.485077601,2.34673404,0.31,0.02,369.512,5.52124
O=C(NCCc1ccc(Cl)cc1Cl)C1CCC(=O)N1C1CC=CC1,0.811736178,3.026926373,0.01,0.02,367.276,3.3617
CC(=O)Nc1nc(C)c(-c2cnc(Nc3ccc(N4CCOCC4)cc3)o2)cc1OC,0.62022795,2.700437671,0.23,0.36,423.473,3.59222
O=C(Nc1ccc(-c2nnc(NCCCN3CCCCC3)o2)cc1)c1ccccc1,0.544526407,2.1169373,0.04,0.03,405.502,4.2768
COc1ccccc1Nc1nc(Nc2cccc(Nc3ccccn3)c2)[nH]n1,0.3799344,2.354979926,0.34,0.38,373.42,4.4391
Cc1cccc(Nc2ncc(-c3ccc(N4CCCC4)cc3)o2)c1,0.734996918,2.114885892,0.23,0.23,319.408,4.99382
COc1ccc(-c2nc(C(=O)Nc3ccccc3N3CCC(O)CC3)c3[nH]cnc3n2)cc1,0.432651827,2.54285643,0.16,0.07,444.495,3.2419
CC(=O)c1cnc2ccc(-c3cc(F)c(O)c(Cl)c3)nc2n1,0.73309582,2.604865854,0.15,0.13,317.707,3.3925
COc1ccc(CNc2nc(Nc3cc(N4CCOCC4)cc(N4CCOCC4)n3)ncc2[N+](=O)[O-])cc1,0.315332026,2.77084657,0.38,0.24,522.566,2.8173
COc1ccc(-n2nc(C(N)=O)c3c2-c2cc(NC(=O)c4ccccc4Cl)ccc2CC3)cc1,0.441247516,2.33600409,0.08,0.04,472.932,4.6511
COc1ccc(-c2nc(-c3ccc(C)cc3)no2)cc1,0.724526217,1.660643382,0,0,266.3,3.72062
COc1ccc(CNC(=O)c2ccc(-c3cnc(N)nc3)cc2)cc1OC,0.697563522,1.952730158,0.31,0.04,364.405,2.673
COc1ccc(-c2ccc3c(c2)Nc2ccccc2NC3=O)cc1,0.722008455,2.006317419,0.79,0.06,316.36,4.6715
COc1ccc(-c2ccc3nccc(Nc4ccc(N5CCOCC5)cc4)n32)cc1OC,0.482530141,2.503203314,0.18,0.33,430.508,4.5987
Cc1ccc(C(=O)Nc2ccc(C(C)(C)C)cc2)cc1Nc1ncnc2cnc(NCc3ccccc3)nc21,0.222391965,2.475966551,0.36,0.19,517.637,6.63372
CCCOc1ccc(NC(=O)Nc2ccc(Cl)cc2)cc1-c1nc(Nc2ccc(N3CCN(C(C)=O)CC3)cc2OC)[nH]n1,0.170399327,2.772002282,0.17,0.1,619.126,5.9786
CC(C)C(NC(=O)Cn1ccc2ccccc21)C(=O)NC(C=O)Cc1ccccc1,0.537366928,2.985362467,0,0.04,405.498,2.7085
COc1cccc(Nc2nc(Nc3ccc(N4CCNCC4)cc3)ncc2NC(=O)Cc2ccccc2)c1,0.260379702,2.448293522,0.47,0.39,509.614,4.5632
COc1ccc(-c2nc(Nc3cccc(N4CCOCC4)c3)ncc2N)cc1,0.705358909,2.26440004,0.48,0.4,377.448,3.3146
COc1ccc(C(=O)NC(CC(=O)O)c2ccccc2Cl)nc1-c1ccccc1,0.603868846,2.576086942,0.01,0.02,410.857,4.3564
Nc1nc(NCCCN2CCOCC2)nc(-c2cccc(Cl)c2)n1,0.770531976,2.25944687,0.18,0,348.838,1.9084
CC(=O)Nc1ccc(-c2nc(N3CCOCC3)c3cnn(C4CCN(C(=O)C5CCCCC5)C4)c3n2)cc1,0.550827005,3.123508476,0.11,0.08,517.634,3.642
O=C(Nc1cccc(C(F)(F)F)c1)c1ccccc1N1CCC(N=C(O)c2ccc(Cl)cc2)CC1,0.306212356,2.470403573,0.02,0.02,501.936,6.5847
Oc1ccc2c(c1)C13CCN(CC4CC4)C(C2)C1(O)CCC(=O)C3,0.873741949,4.495102991,0.04,0,327.424,2.1545
CCCCCCCCC=CCC=CCC=CCC=CCC=CCC=CCCC(=O)Nc1c(C(C)C)cccc1C(C)=O,0.080630737,3.309468889,0.01,0.04,571.89,11.7696
COc1cc(Nc2nccc(-c3cnn4ccccc34)n2)cc(OC)c1OC,0.549970527,2.432995579,0.88,0.34,377.404,3.5607
CCC(=O)Nc1nc(C)c(-c2csc(Nc3ccccc3)n2)s1,0.705816033,2.220918095,0.02,0,344.465,4.66712
COc1ccc(Nc2nccc(Nc3ccccc3C)n2)cc1,0.736477993,1.876739314,0.56,0.42,306.369,4.28082
O=C1NC(=O)C(=Cc2ccc(-c3ccccc3)cc2)S1,0.854122807,1.941004124,0.58,0.23,281.336,3.6775
CC(C)(C)NC(=O)c1cccc(Nc2nccc(Nc3cccc(N4CCOCC4)c3)n2)c1,0.519102753,2.396760074,0.62,0.41,446.555,4.3287
O=C(Nc1ccccc1)Nc1ccccc1Nc1ccccc1,0.629667639,1.561915339,0.01,0.01,303.365,5.0742
O=C1Nc2ccccc2C1=Cc1ccc2cccnc2n1,0.692969972,2.401269675,0.57,0.24,273.295,3.1225
CC(C)CC(NC(=O)OCc1ccccc1)C(=O)NC(C=O)Cc1ccccc1,0.60395248,2.802197728,0,0,396.487,3.2539
Clc1cccc(Nc2ncnc3sc(-c4cccc5[nH]ncc45)cc23)c1,0.427181794,2.472915204,0.46,0.2,377.86,5.6316
CC(C)C(NC(=O)Cn1c(-c2ccccc2)ccc(NC(=O)C=Cc2ccccc2)c1=O)C(=O)C(=O)NC(C)(C)C,0.258776133,3.138643996,0.03,0.05,556.663,3.7918
CC(c1ccc(-c2cnc(N)cn2)cc1F)N1CCC(NS(C)(=O)=O)CC1,0.805053729,3.08444134,0.36,0.18,393.488,1.9395
CC(=O)c1ccc(-c2ccc(C(=O)Nc3cc(C(F)(F)F)ccc3N3CCC(N)CC3)cc2)cc1,0.454930694,2.251929447,0.04,0.05,481.518,5.7548
CNC(=O)c1ccc(-c2ncnc3[nH]cc(C(=O)OCC)c23)cc1,0.716856678,2.344585066,0.25,0.04,324.34,2.1612
CC(=O)Nc1ccc(-c2nc(Nc3ccc(N4CCN(C)CC4)cc3)n(-c3ccccc3)n2)cc1,0.438028025,2.330601393,0.09,0.27,467.577,4.3881
COc1ccc(-c2ccc(Nc3ncccc3-c3cncnc3)cc2OC)cc1,0.506317532,2.240754695,0.36,0.37,384.439,4.9664
O=C1NC(=O)C(c2ccc(-c3ccc(N4CCOCC4=O)cc3)cc2)=N1,0.914428165,2.499938413,0.3,0.06,349.346,1.7557
CCN1CCN(c2cc(-c3ccccc3)n3nc(-c4ccc(N5CCC(N6CCCCC6)CC5)cc4)ncc23)CC1,0.309300668,2.778283879,0.14,0.08,549.767,5.6599
O=C1CCC(=O)N1c1ccc(Cl)c(-c2cccc3c2NC(=O)C3)c1,0.853895602,2.517719003,0.17,0.06,340.766,3.155
COC(=O)c1ccc(F)c(NC(=O)c2ccc(-c3cccc4c3NCCC4)cc2)c1,0.607837796,2.207569024,0.17,0.05,404.441,4.8897
CC(C)c1ccc(Nc2nc(NC3CCCCC3N)ccc2C(N)=O)cc1,0.622359455,3.084287983,0.38,0.23,367.497,3.7293
COc1ccc(C(C)NC(=O)CSc2nc(-c3ccccc3)c(-c3ccccc3)[nH]2)cc1,0.341792865,2.543212208,0.07,0.05,443.572,5.7218
Cc1ccc(-c2cnc(N)c(C(=O)Nc3ccccc3N)n2)cc1,0.643458929,2.042903845,0.57,0.05,319.368,2.86872
COc1cc(OC)cc(N(CC#Cc2ccncc2)c2ncc3ncc(-c4cnn(C)c4)nc3c2)c1,0.338758169,3.162015571,0.32,0.14,477.528,4.0273
CCCN(CC)c1nc(C)nc2c(-c3ccc(OC)cc3Cl)c(C)nnc12,0.617336361,2.762162885,0.07,0,385.899,4.60194
COC(=O)c1ccc(C(=O)Nc2ccc(-c3cccc4c(N)nccc43)cc2)cc1,0.493776943,1.967093532,0.45,0.17,397.434,4.5229
COc1ccc(-c2ccc3nccc(Nc4cccc(N5CCOCC5)c4)c3c2)cc1,0.470463398,2.137961396,0.29,0.3,411.505,5.4906
O=C(Nc1ccccc1)c1ccccc1Nc1cccc(-c2nc(Nc3ccccc3)nc(N3CCOCC3)n2)c1,0.215237844,2.392910235,0.16,0.18,543.631,6.1147
CCCCc1nn(-c2ccccc2Cl)c(-c2ccc(Cl)cc2)c1C=CC(=O)O,0.461846358,2.420015334,0.1,0,415.32,6.2865
COc1cc(Nc2nccc(Nc3ccccc3C)n2)cc(OC)c1OC,0.645410426,2.138883604,0.63,0.47,366.421,4.29802
Cc1ccc(C(=O)Nc2cccc(C(F)(F)F)c2)cc1Nc1nccc(-c2cnn3cccnc23)n1,0.33800769,2.594083622,0.66,0.39,489.461,5.50942
COc1ccc(Nc2ncc(C(=O)Nc3ccccc3)cc2-c2nc(C)nc(N)n2)cc1,0.423526131,2.290253214,0.26,0.16,427.468,3.82872
CN(C)c1ccc(C=Cc2ccccc2)cc1,0.712717055,1.667147273,0.01,0,223.319,3.923
COc1cccc(-c2nc(Nc3ccc(N4CCOCC4)cc3)ncc2NC(=O)CC)c1,0.580326377,2.324047102,0.42,0.49,433.512,4.0809
Cc1cc(-c2n[nH]c3ccc(C(O)=NC4CCC(CO)(Cc5ccccc5)C4)cc23)ccn1,0.290069677,3.722151244,0.37,0.22,440.547,5.01182
O=C1NC(=O)c2c1c(-c1ccccc1Cl)cc1[nH]c3ccccc3c21,0.49747784,2.365535852,0.81,0.2,346.773,4.5251
COc1ccc(-c2nc(Nc3ccc(CN4CCC(O)CC4)cc3)n[nH]2)cc1,0.609846395,2.202630997,0.2,0.14,379.464,3.1806
O=C1c2ccccc2C(=O)N1c1ccc(-c2ccco2)cc1,0.675070364,1.865317348,0.01,0.01,289.29,3.7472
COc1cc(-c2cccc3cnc(Nc4ccc(N5CCN(C)CC5)cc4)nc23)ccc1OC,0.44764992,2.295701372,0.52,0.66,455.562,4.8094
CC(=O)c1cnc2ccc(-c3cc(F)c(O)c(Cl)c3)cc2n1,0.725854441,2.374883509,0.12,0.15,316.719,3.9975
Nc1nc(NCc2ccc(F)cc2)nc(Nc2ccccc2)n1,0.671219984,1.945383171,0.17,0.04,310.336,2.9486
Cc1ccc(C(=O)Nc2ccc(CN3CCOCC3)cc2)cc1Nc1ncnc2[nH]cnc12,0.418600067,2.452555716,0.21,0.04,443.511,3.48942
CNc1ncccc1Nc1nc(Nc2ccccc2NS(=O)(=O)C(C)C)ncc1Cl,0.404986363,2.676967439,0.47,0.47,447.952,4.204
CC(=O)Nc1nc(C(=O)NC(C)c2ccc(OC3CCOC3)c(Cl)c2)cc(OC)c1OC,0.617426092,3.349040956,0.12,0,463.918,3.3693
Cc1cc(Nc2cc(N3CCOCC3)nc(Nc3ccccc3)n2)ccc1Cl,0.648890091,2.216718614,0.14,0.12,395.894,4.76222
O=C1Nc2ccc(F)cc2C1=Cc1ccc(-c2nc(C(F)(F)F)c[nH]2)cc1,0.504150761,2.787885274,0.46,0.22,373.309,4.7273
O=C1CCC(=O)N1c1ccc(-c2nc(-c3cccc4ccccc34)n[nH]2)cc1,0.555558881,2.278171897,0.23,0.07,368.396,3.9453
COc1ccc(CC(=O)O)cc1-c1ccc(F)c2c1CN(C(=O)C=Cc1ccccc1)CC2,0.557511732,2.476918296,0.01,0,445.49,4.7265
COc1ccc(C=C2SC(=O)N=C2SC)cc1,0.817593353,2.641139659,0.04,0.03,265.359,3.6644
O=C1NC(=O)C(=Cc2ccc(-c3ccccc3)cc2)S1,0.854122807,1.941004124,0.58,0.23,281.336,3.6775
CC(C)n1c(=O)c(C(=O)NC2CCCCC2)cc2ccccc21,0.940340004,2.085398945,0,0.02,312.413,3.6449
COc1cc(Nc2nccc(-c3cnn4ccccc34)n2)cc(OC)c1,0.595053979,2.39527706,0.93,0.31,347.378,3.5521
Cc1cccc(Nc2ncc(C(=O)Nc3ccccc3N3CCCCC3)s2)n1,0.649474058,2.298924243,0.05,0.13,393.516,4.83272
COc1ccc(CNc2ncc(-c3cnc4ccccn34)nc2NC(=O)Cc2ccncc2)cc1,0.356876226,2.65958307,0.11,0.12,465.517,3.9882
O=C1NC(=O)C(=Cc2ccc(-c3ccccc3)cc2)S1,0.854122807,1.941004124,0.58,0.23,281.336,3.6775
COc1ccc(C(=O)Nc2cccc(C(=O)O)c2)cc1,0.895923249,1.408580631,0,0,271.272,2.6457
O=C(O)C(=O)c1ccc(Cc2ccccc2)cc1OCc1ccccc1,0.516140769,1.868755028,0.02,0,346.382,4.1237
COc1ccc(-c2ccccc2)cc1Nc1nccc(-c2cnc3ccccn23)n1,0.443993938,2.31226297,0.65,0.47,393.45,5.2105
COc1ccc(Nc2nsc(Nc3ccc(N4CCNCC4)cc3)n2)cc1,0.602906489,2.374386923,0.15,0.13,382.493,3.4435
COc1ccc(-c2noc(C(C)(C)C)n2)cc1Nc1ncnc2cnc(NC3CCOCC3)nc21,0.416285626,2.908493499,0.37,0.34,476.541,4.1104
COc1ccc(-c2cccc(C(C)(C)N)c2)cc1N1CCOCC1,0.935406249,2.157999999,0.02,0.02,326.44,3.3926
CN(C)C(=O)c1cc2cnc(Nc3ccc(N4CCNCC4)cc3)nc2n1C1CCCCC1,0.619644839,2.648439122,0.44,0.49,447.587,3.7915
O=C(Nc1ccc(Cl)cc1Cl)Nc1ccc2ccncc2c1,0.67877359,1.919688192,0.13,0.1,332.19,5.1856
COc1ccc(-c2nc(-c3cccc4ccccc34)[nH]c2-c2ccc3ccccc3c2)cc1,0.313173981,2.146494264,0.38,0.15,426.519,7.7257
COc1ccc(NC(=O)C=Cc2ccccc2)cc1,0.848506966,1.523337335,0,0,253.301,3.3471
CCN(CC)CCOc1ccc(Nc2ncc(C(F)(F)F)c(Nc3ccc4c(c3)OCCO4)n2)cc1,0.376893329,2.58657578,0.57,0.39,503.525,5.4744
CC(=O)c1cnc2ccc(-c3ccc(O)c(Cl)c3)cc2n1,0.729741452,2.196002942,0.14,0.15,298.729,3.8584
CNC(=O)c1ccc(C)c(Nc2ncnc3cnc(Nc4ccc(N5CCN(C)CC5)cc4)cc23)c1,0.380317846,2.519991873,0.35,0.4,482.592,3.93182
COc1ccc(-n2c(Cn3c(=O)oc4ccccc43)cc(C)c2Nc2ccccc2)cc1,0.390548074,2.49536869,0.06,0.03,425.488,5.49412
O=C(NC1CCC(CCN2CCC(c3noc4ccccc34)CC2)CC1)c1cccnc1,0.606864953,2.471453726,0.02,0.01,432.568,4.7811
COc1ccc(C(=O)Nc2cccc(-c3ccnc4[nH]ccc34)n2)cc1,0.588558138,2.171867546,0.38,0.1,344.374,3.8858
COc1ccc(C(C)C)c(Nc2ncnc3cc(OC)c(OC)cc23)c1,0.702605565,2.199601881,0.37,0.29,353.422,4.5226
Cc1ccc(-c2ccc(C(=O)Nc3cc(Nc4ccncc4)ccc3C)cc2)cc1,0.414628307,1.897235836,0.19,0.13,393.49,6.36134
Cc1c(C(=O)NC(=O)c2ccc(Cl)cc2)cccc1-c1nnc(C(F)(F)F)[nH]1,0.64056648,2.574053898,0.13,0.04,408.767,4.02252
O=C(Nc1ccccc1)Nc1ncccc1Cl,0.854823303,1.677164541,0.11,0,247.685,3.379
COc1ccc(-c2ccc(C(c3ccccc3)N3CCCC(N)CC3)cc2)cc1OC,0.594376873,2.751279287,0.07,0.02,416.565,5.2734
O=C(c1ccc(F)cc1)c1nnc(Nc2ccc(C(=O)Nc3ccccc3N3CCCCC3)cc2)[nH]1,0.313216979,2.556843703,0.08,0.13,484.535,5.161
CC(C)(C)CC1C(=O)CC(=O)c2c1n1nccc2nc1OCCCOCCO,0.526373229,5.031421702,0.09,0.03,389.452,1.8053
O=C(Nc1ccc(-c2cnc3ccncc3c2)cc1)c1ccccc1Cl,0.546445718,1.934170987,0.3,0.24,359.816,5.2025
COc1ccc(CNC(=O)c2ccc(-c3cncc(C)c3)cc2)cc1OC1CCCC1,0.566464937,2.145872934,0.12,0.03,416.521,5.31702
CC(C)(C)OC(=O)NC(Cc1ccccc1)C(=O)N1CCC(C=CC=Cc2ccccc2)CC1,0.544892896,2.912182657,0,0,460.618,5.6306
Cc1cccc(C(=O)Nc2ccc3c(c2)-c2c(c(C(N)=O)nn2-c2ccc(Cl)cc2)CC3)c1,0.454860707,2.334522387,0.07,0,456.933,4.95092
O=C(O)c1cccc(-c2ccc(C(F)(F)F)cc2CNc2ccc(-c3ccccc3)cn2)c1,0.342735165,2.228114695,0.22,0.21,448.444,6.7447
Nc1ncc(-c2ccc(-c3ccccc3)cc2)nn1,0.756967789,1.902779987,0.22,0.12,248.289,2.7878
COc1ccc(-n2nc(C(C)(C)C)cc2NC(=O)Nc2ccc(Oc3ccnc(Nc4ccccc4)n3)c3ccccc23)cc1,0.161162692,2.691258192,0.42,0.27,599.695,8.3015
CC(C)C(=O)Nc1ccc(-c2nc(-c3ccc(F)cc3)c(-c3ccncc3)[nH]2)cc1,0.462057391,2.205604802,0.54,0.42,400.457,5.5393
CC(=O)Nc1ccc(-c2nc(N3CCOCC3)c3cnn(C4CCN(C(=O)OC)CC4)c3n2)cc1,0.607511982,2.621927467,0.07,0.1,479.541,2.6916
CCCCCCCCCCCCCCCCCCC(=O)Nc1nnc(-c2ccccc2)s1,0.214376471,2.155922626,0.03,0,457.728,8.7952
COc1ccc(-n2nc(C(N)=O)c3c2-c2cc(NC(=O)c4ccccc4Cl)ccc2CC3)cc1,0.441247516,2.33600409,0.08,0.04,472.932,4.6511
COc1ccc(C2(N3CCOCC3)CCC2CNc2ccc(C(=N)O)c(F)c2)cc1,0.475843037,3.636809724,0.01,0.05,413.493,3.76727
CCCN(CC)C(=O)c1ccc(-c2ccccc2)nc1N,0.916311066,1.996796684,0.19,0.01,283.375,3.2029
COc1ccc(-c2nc(Nc3ccccc3)nc(N)n2)cc1,0.768943692,1.845301001,0.17,0.12,293.33,2.873
COc1ccc(Nc2ncc(-c3ccccc3)s2)cc1OC,0.749157096,1.901010136,0.37,0.38,312.394,4.5709
COc1ccc(CC(=O)O)cc1-c1ccc(F)c2c1CN(C(=O)C=Cc1ccccc1)CC2,0.557511732,2.476918296,0.01,0,445.49,4.7265
Cc1ccc(C(=O)Nc2cc(C(=O)Nc3ccccc3N)ccc2N)cc1,0.532110311,1.817984059,0.01,0,360.417,3.66402
COc1ccc(-c2noc(C(F)(F)F)n2)cc1,0.814467234,2.031932703,0.03,0.01,244.172,2.764
COc1ccc(Nc2ncc(CNc3cc(N4CCNCC4)nc(N4CCOCC4)n3)cc2)cc1,0.449613806,2.595121015,0.26,0.2,476.585,2.4821
CN(C)C(=O)c1ccc(-c2noc(C(C)(C)C)n2)cc1Nc1ncnc2[nH]cnc12,0.529273367,2.897732824,0.38,0.11,406.45,3.1458
COc1ccc(-c2ccccc2)cc1Nc1nccc(-c2cnc3ccccn23)n1,0.443993938,2.31226297,0.65,0.47,393.45,5.2105
COc1ccc(-c2ccc(C(=O)N(C)C)cc2Nc2cc(N(C)C(=O)OC)ccc2Cl)cc1,0.505844219,2.374539439,0.09,0.1,467.953,5.6636
COc1cc(OC)cc(Nc2nc(NC3CCCCC3N)c3ccccc3n2)c1,0.580936632,3.033983912,0.29,0.04,393.491,4.0724
Cc1ccc(-n2nc(C(C)(C)C)cc2NC(=O)Nc2ccc(Oc3ccnc(Nc4ccc(N5CCOCC5)cc4)n3)cc2)cc1,0.166016674,2.759047573,0.37,0.24,618.742,7.28472
COc1ccc(-c2nc(-c3ccc(C)c(C)c3)n3ncccc23)cc1,0.547282351,2.181130082,0.18,0.02,329.403,4.68874
Cc1cc(Nc2nccc(-c3cnn4ccccc34)n2)ccn1,0.628989233,2.505302669,0.89,0.36,302.341,3.23832
Cc1ccc(-c2noc(C3CC(F)(F)C3)n2)cc1N=C(O)c1cnc2ccccn12,0.38477839,3.148942449,0.14,0.04,409.396,4.84172
COc1cccc(-c2cnc(Nc3cccc(N4CCOCC4)c3)nc2N2CCC(O)CC2)c1,0.575196222,2.484125862,0.48,0.42,461.566,3.6935
COc1ccc(CNc2ncnc(Nc3cccc4ccccc34)n2)cc1OC,0.486389335,2.130472523,0.21,0.11,387.443,4.3977
COc1ccc(-c2nc(Nc3cccc(C(N)=O)c3)n3ccccc23)cc1,0.567634606,2.230360873,0.26,0.14,358.401,3.8524
COc1ccc(-c2nc(SCCCCC(=O)O)[nH]c2-c2ccccc2)cc1,0.397736854,2.127276258,0.07,0.04,382.485,5.0993
CN(C)CCn1cc(Nc2nccc(N3CCCCC3)n2)cc(Cl)c1=O,0.835440874,2.546610155,0.46,0.26,376.892,2.5872
COC(=O)c1ccc(-c2cnc(N)c(NC(=O)Nc3ccccc3)c2)o1,0.619455384,2.22897003,0.45,0.09,352.35,3.3544
CC(C)C(NC(=O)Cn1ccc2ccccc21)C(=O)NC(C=O)Cc1ccccc1,0.537366928,2.985362467,0,0.04,405.498,2.7085
COc1ccc2cc(-c3ccccc3)c(-c3ccc(C4(N)CCC4)cc3)nc2n1,0.520284605,2.439232504,0.05,0.03,381.479,5.3103
CC1(C)CC(=O)c2ccc(C(=O)C=Cc3ccccc3)cc21,0.618070244,2.250406732,0.03,0.01,290.362,4.4467
COc1cc(Nc2nccc(-c3cnc4ccccc4c3)n2)cc(OC)c1OC,0.52229095,2.219040746,0.75,0.57,388.427,4.4612
CCCN(CCC)C(=O)c1ccc(C(=O)Nc2ccc(-c3ccccc3)cc2)cc1,0.514124955,1.809287628,0.01,0,400.522,5.8681
COc1ccc(-c2nc(-c3ccc(OC)cc3)c(-c3ccncc3)[nH]2)cc1,0.556039179,2.041459944,0.77,0.29,357.413,4.8229
CC(=O)Nc1ccc(CNc2nc(Nc3ccc(N4CCOCC4)cc3)ncc2F)cc1,0.519361213,2.269600452,0.48,0.41,436.491,3.7664
CN(C)Cc1ccc(Nc2ncc3ccnc(Nc4ccc(N5CCOCC5)cc4)n32)cc1,0.445345099,2.746231212,0.14,0.25,443.555,4.1147
Cc1c(Nc2c(C#N)cncc2-c2ccccc2)ccn1C(C)C,0.732088124,2.675752487,0.15,0.11,316.408,5.0547
COc1cccc(-c2ccnc(Nc3ccc(N4CCOCC4)cc3)n2)c1,0.74623373,2.03811577,0.82,0.76,362.433,3.7324
COc1ccc(C(=O)Nc2cccc(C(F)(F)F)c2)cc1Nc1ncnc2cnc(NCc3ccccc3)nc12,0.215830291,2.535074509,0.45,0.24,545.525,6.0552
CN(C)C(=O)c1ccc(-c2nc(-c3ccc(F)cc3)c(-c3ccncc3)[nH]2)cc1,0.555469155,2.208369277,0.59,0.47,386.43,4.6466
Cc1ccc(NC(=O)Nc2ccc(-c3csc4ccccc34)cc2)cc1,0.429860405,1.833106817,0.19,0.01,358.466,6.52072
O=C(NCCCCCNc1c2c(nc3ccccc13)CCCC2)c1ccc2ccccc2c1,0.319062539,2.257773541,0.03,0.03,437.587,6.279
CC(C)c1cc(-c2n[nH]c(-c3ccc(C(=O)N4C5CCC4CC(C)(C)C5)cc3)n2)ccc1OCC(=O)O,0.44046204,4.155479177,0.15,0.02,502.615,5.5187
O=C1NC(=O)c2c1c1ccc3[nH]ccc3c1c1[nH]c3ccccc3c21,0.378291686,2.642922048,0.66,0.28,325.327,3.8392
CNc1nc(Nc2cnn(C(C)C)c2)ncc1N1CCOCC1,0.87115174,2.732827186,0.48,0.39,317.397,1.8759
COc1cccc(-c2cccc3cc(-c4ccccc4)oc23)c1,0.478592294,1.85514837,0.1,0.01,300.357,5.7754
CC(=O)Nc1ccc(Nc2ncc(Nc3ccccc3)o2)cc1,0.660474204,2.264669279,0.13,0.26,308.341,4.1202
COc1ccc(Nc2nc(-c3ccccc3)nc(NC(=O)c3ccccc3)n2)cc1,0.496406066,1.935087145,0.11,0.21,397.438,4.5431
Cc1nc(N)ccc1-c1nc2ccccc2nc1Nc1ccc(C(=O)NCCO)cc1,0.381921607,2.393518224,0.14,0.07,414.469,3.04812
O=C(Nc1ccc(CCNCC(O)COc2cccc3[nH]c(=O)c4ccccc4c23)cc1)Cc1ccccc1,0.152089306,2.797312313,0.06,0.06,521.617,4.4345
CN(C)CCC=C(c1cccc(Cl)c1)c1ccccc1,0.767976547,2.020647779,0.01,0.01,285.818,4.7234
CC(C)(C)C(=O)CN1C(=O)N(CC(=O)Nc2cccc(N3CCCCC3=O)c2)C(=O)c2ccccc21,0.571298802,2.475850494,0.01,0.03,490.56,2.934
CNC(=O)c1ccc(-c2nc(C(=O)Nc3ccccc3CN3CCOCC3)oc2-c2ccc(OC)cc2)cc1,0.349184833,2.508463647,0.04,0.06,526.593,4.4613
COc1ccc(-n2nc(C(C)(C)C)cc2NC(=O)Nc2ccc(Oc3ccnc(Nc4cccc(N5CCOCC5)c4)n3)cc2)cc1,0.157264324,2.806462744,0.42,0.24,634.741,6.9849
CC(=O)Nc1nc(C(=O)Nc2cccc(Br)c2)sc1Cl,0.858842095,2.47384167,0.16,0.03,374.647,3.7697
N#Cc1cccc(-c2cccc(Nc3ccc(N4CCOCC4)cc3)n2)c1,0.75901965,2.14892827,0.23,0.37,356.429,4.20048
COc1ccc(C(=O)Nc2cccc(C(F)(F)F)c2)cc1Nc1ncnc2cnc(Nc3ccccc3)nc12,0.227969348,2.496194298,0.57,0.41,531.498,6.1867
CC(=O)Nc1nc(-c2ccc(Cl)c(Cl)c2)cc(Cl)c1O,0.85849793,2.292102975,0.21,0.05,331.586,4.3728
COc1ccc(NC(=O)c2ccc(Nc3ncnc4ccc(C=CCN=[N+]=[N-])cc34)cc2)cc1,0.194254293,2.578267806,0.33,0.23,451.49,5.9578
CC(=O)Nc1ccc(-c2nc(N3CCOCC3)c3cnn(C4CCN(C(=O)OC)CC4)c3n2)cc1,0.607511982,2.621927467,0.07,0.1,479.541,2.6916
COc1ccc(-n2nc(C(N)=O)c3c2-c2cc(NC(=O)c4ccccc4)ccc2CC3)cc1,0.49199066,2.254807847,0.08,0.01,438.487,3.9977
COc1ccc(-c2nc(Nc3ccccc3)n(-c3ccccc3)n2)cc1,0.571711281,1.952851867,0.15,0.26,342.402,4.6865
CN(C)CCn1ccc(Nc2ncc3c(n2)-c2c(nn(C)c2-c2ccccc2)CC3)c1,0.521597858,2.989456011,0.42,0.32,413.529,3.7494
COc1cc(Nc2nccc(Nc3ccccc3C)n2)ccc1OC,0.699764516,1.98099739,0.67,0.48,336.395,4.28942
O=C(Nc1cccc(C(F)(F)F)c1)Nc1cccc2cnccc12,0.701751839,1.980123754,0.37,0.15,331.297,4.8976
CC(O)C(=O)N1CC(O)C(C#N)C1,0.53072215,3.90670019,0,0.01,184.195,-1.28992
COc1cc(-c2cnc(N)c(C(=O)Nc3ccccc3)n2)ccc1OC,0.733722586,1.970063793,0.63,0.1,350.378,2.9953
CC(=O)Nc1ccc(-c2nc(N3CCOCC3)c3cnn(C4CCCCC4)c3n2)cc1,0.69116481,2.451848759,0.1,0.1,420.517,3.7935
COc1ccc(-c2nc(-c3ccc(OC(F)(F)F)c(C)c3)n3c2CCOC(C)C3)cc1,0.554346456,3.164238074,0.05,0,432.442,5.39392
O=C(Nc1ccc(Cl)cc1)c1ccccc1NCc1ccncc1,0.71505631,1.729501156,0.64,0.72,337.81,4.5994
CCOc1ccc(-c2cccc(C(=O)O)c2)cc1CNc1ccc(C(=O)O)cn1,0.528117105,2.124914077,0.07,0.08,392.411,4.1558
CN1CCN(c2ccc(Nc3ncc4ccc(-c5ccccc5)n4n3)cc2)CC1,0.578430422,2.327237015,0.32,0.42,384.487,3.8917
Cc1cc(-c2n[nH]c3ccc(C(O)=NN4CCCCC4C)cc23)ccc1N1CCOCC1,0.468969901,3.345104019,0.26,0.11,433.556,4.46892
CCN(CC)C(=O)Cc1c(-c2ccccc2)nc2ccccc2c1N1CC=C(C)CC1,0.502957862,2.639976651,0.04,0.01,413.565,5.4691
COc1ccc(NC(=O)Nc2ccc(-c3nc(N4CCCC(N)C4)nc(Nc4ccccc4)n3)cc2)cc1,0.277249126,2.798347146,0.06,0.08,510.602,4.8623
CNC(=O)c1ccc(-n2ccc3cc(Cl)ccc32)s1,0.766949488,2.44877202,0,0.02,290.775,3.705
COc1cccc(-c2nc(C(=O)Nc3cnccc3Nc3ccccc3)[nH]n2)c1,0.464574498,2.354775329,0.34,0.25,386.415,3.8712
O=C(O)c1cccc(CNc2ccc(-c3cccc(Cl)c3)cc2)c1,0.662293694,1.696684309,0.12,0.08,337.806,5.3173
CN(C)C(=O)Cn1cc(-c2cnc3ccc(Nc4cccc(N5CCOCC5)c4)cc3n2)cn1,0.47578418,2.614409064,0.16,0.21,457.538,3.1617
COc1ccc(C2=NNC(=O)C2=NNc2ccc(Cl)c(Cl)c2)cc1OC,0.763873193,2.589843399,0.89,0.1,393.23,3.3126
O=C(Cc1ccc(F)cc1)Nc1nnc(CCCCc2nnc(NC(=O)Cc3ccccc3)s2)s1,0.28849889,2.412565194,0,0.02,510.62,4.4565
COc1cccc(-n2c(C(=O)Nc3ccc(C#N)cc3)c3ccccc3n2)c1,0.586527247,2.161669083,0.06,0.01,368.396,4.15808
Cc1cc2c(cc1Cc1ccc(C(=O)NC34CC5CC(CC(C5)C3)C4)nn1)CCC2,0.816859693,3.876798759,0.02,0.01,401.554,4.56312
CCCCCCCCCCCCCCCCCCC(=O)Nc1c(OC)cc(OC)cc1OC,0.18624522,2.211332862,0,0.01,463.703,8.3025
CN(C)CC1CCC(c2nnn3cnc4[nH]ccc4c23)CC1,0.806504826,3.081321194,0.34,0.01,298.394,2.441
COc1ccc(-n2nc(C(F)(F)F)c3c(N)ncnc32)cc1,0.786245033,2.381808855,0.46,0.06,309.251,2.4251
COc1ccc(-n2nc(C(C)(C)C)cc2NC(=O)Nc2ccc(OC)cc2)cc1OC,0.591308324,2.149713721,0.17,0.02,424.501,4.8396
Cc1cc(C)cc(Nc2cccc(S(N)(=O)=O)c2)c1,0.904957106,1.877752494,0.05,0.02,276.361,2.69444
CCOc1ccc(-c2ccc(C(=O)Nc3ccc4c(c3)C3(C4)CCNC3)cc2)cn1,0.675416721,3.37213979,0.29,0.11,399.494,4.1868
CCC(Nc1ccncc1-c1ccccc1)n1ccnc1,0.76768091,2.976828825,0.27,0.05,278.359,3.9658
CNC(=O)c1ccc(-c2noc(C(F)(F)F)n2)cc1,0.907920604,2.138302494,0.08,0.02,271.198,2.115
CC(C)(C)c1ccc(C(=O)Nc2cccc(C(F)(F)F)c2)cc1Nc1ncnc2cnc(N3CCCCC3)nc12,0.285226324,2.736516954,0.28,0.16,549.601,6.7223
O=C1NC(=O)C(=Cc2ccc(-c3ccc(Cl)cc3)o2)S1,0.854211213,2.266876119,0.45,0.24,305.742,3.9239
COc1cccc(-c2nnc(Nc3ccc(N4CCNCC4)cc3)o2)c1,0.73185825,2.219667252,0.29,0.16,351.41,2.8984
COc1cc(C(=O)NC(=N)Nc2ccc(Cl)cc2)cc(OC)c1OC,0.560271027,2.227972306,0,0.01,363.801,3.14247
CC(=O)Nc1ccc(Nc2nccc(Nc3ccccc3C)n2)cc1,0.650995222,1.964607005,0.55,0.36,333.395,4.23062
COc1ccc(C(=O)Nc2cccc(CNc3ncnc4c(C(N)=O)cccc34)c2)cc1,0.414577525,2.133863916,0.2,0.12,427.464,3.6017
COc1ccc(Nc2ncc(-c3ccccn3)o2)cc1,0.783664938,2.114626356,0.25,0.28,267.288,3.4888
COc1ccc(-c2ccc(C(=O)Nc3ccc(CN4CCCC4=O)cn3)cc2)cc1,0.674110151,2.022077216,0.07,0.02,401.466,4.1319
Cc1cc(C)c(NC(=O)Nc2ccc(Cl)c(C(F)(F)F)c2)cc1Nc1ncnc2cnc(NCc3ccccc3)nc12,0.152867117,2.75199291,0.47,0.2,593.013,7.70854
COc1ccc(-c2cccc(C(=O)Nc3ccc(CN4CCCCC4)cc3)n2)cc1,0.631823978,1.913595711,0.06,0.01,401.51,4.9954
COc1ccc(-c2ccc3c(Nc4ccccc4)nnc(N)c3n2)cc1,0.581791498,2.160606615,0.29,0.12,343.39,4.0262
CCn1c(=O)cc(Nc2ccc(-c3cccc(O)c3)cc2)nc1NC1CCCCC1,0.531109529,2.463019921,0.2,0.13,404.514,5.124
O=C(Nc1ccc(-c2ccnc3[nH]cnc23)cc1)c1ccccc1F,0.595201774,2.165299919,0.38,0.22,332.338,4.0163
COc1cccc(Nc2ncc(-c3cccc4cnccc34)o2)c1,0.593826105,2.287997918,0.37,0.24,317.348,4.642
Cc1ccc(-c2ccc(C(=O)Nc3ccccc3N)cc2)nc1N1CCOCC1,0.665913876,2.109705581,0.1,0.02,388.471,3.72812
CC(=O)Nc1nc(C(C)(C)C)nc(Nc2cc(C(=O)Nc3cccc(C(F)(F)F)c3)ccc2C)n1,0.442530362,2.500912443,0.04,0.08,486.498,5.45062
Cc1cc(C(=O)O)ccc1-c1nccc2ccc(Nc3ncccc3N3CCCOCC3)nc21,0.447853572,2.730845428,0.18,0.07,455.518,4.66872
COc1ccc(-c2nc(Nc3ccccc3)nc(N)n2)cc1,0.768943692,1.845301001,0.17,0.12,293.33,2.873
COc1ccc(Nc2ncc(N3CCCCCC3)nc2-c2ccccc2)cc1,0.658652481,2.108796979,0.26,0.3,374.488,5.2762
Cc1ccc(-n2nc(C(C)(C)C)cc2NC(=O)Nc2ccc(Oc3ccnc(Nc4ccccc4)n3)cc2)cc1,0.20063181,2.503138054,0.44,0.25,533.636,7.44812
CCc1cc(CN2CC(C(=O)O)C2)ccc1-c1nnc(C(C)C)o1,0.877553945,2.439538398,0.05,0,329.4,2.9388
CC(C)CC(NC(=O)C(Cc1ccccc1)C(=O)NC1c2ccccc2CC1O)C(=O)NC(C=O)CC(=O)O,0.190051586,3.898486277,0.08,0,537.613,1.3091
Cc1ccc(-c2nc(N)c3cc(CNc4ccccc4)sc3n2)o1,0.575405876,2.420173024,0.16,0.01,336.42,4.45402
CC(=O)Nc1ccc(C(=O)Nc2ccc3c(c2)-c2c(c(C(N)=O)nn2-c2ccc(S(C)(=O)=O)cc2)CC3)cc1,0.338990989,2.524140085,0.06,0.03,543.605,3.351
CNc1ccc(C=Cc2ccccc2)cc1OCCCOc1ccc2c(c1)CCC2=O,0.351718638,2.357016299,0.04,0.01,413.517,5.8755
CC(=O)c1cnc2ccc(-c3cc(F)c(O)c(Cl)c3)nc2n1,0.73309582,2.604865854,0.15,0.13,317.707,3.3925
CN(C)c1ccc(C=CC(=O)Nc2ccc3c(c2)C=C(c2ccccc2)O3)cc1,0.44259017,2.137747339,0.06,0.02,382.463,5.8177
O=C1NC(=O)C(=Cc2ccc(-c3ccccc3)cc2)S1,0.854122807,1.941004124,0.58,0.23,281.336,3.6775
O=C(Nc1ccc(C(=O)N2CCC3(C=CCCC3)C2=O)cc1)c1cccnc1,0.658380947,3.487531635,0.07,0.04,375.428,3.4329
Cc1ccc(NC(=O)c2cccc(C(F)(F)F)c2)cc1Nc1ncnc2cnc(NCc3ccccc3)nc12,0.225501364,2.51964004,0.38,0.29,529.526,6.35502
CNC(=O)c1ccc(-c2noc(C(F)(F)F)n2)cc1,0.907920604,2.138302494,0.08,0.02,271.198,2.115
CCCc1cc(N)nc(-c2ccc(NC(=O)CCCOc3cccc4ccccc34)cc2)n1,0.329295669,2.247287199,0.16,0.04,440.547,5.6292
COc1cc(N2CCOCC2)ccc1Nc1ncc(Cl)c(Nc2ccc(N3CCN(C)CC3)cc2)n1,0.486485893,2.491455571,0.51,0.62,510.042,4.2142
COc1ccc(Nc2ncc(C(=O)Nc3ccccc3N)cc2C(N)=O)cc1,0.488370553,2.068812024,0.26,0.38,377.404,2.7672
COc1ccc(Nc2ncc(-c3ccc(C)o3)nc2)cc1OC,0.772505319,2.239123689,0.2,0.26,311.341,3.80582
COc1ccc(C(=O)Nc2cccc(C(=O)O)c2)cc1OCc1ccccc1,0.643774476,1.68833216,0,0.01,377.396,4.2247
CN(C)c1ccc(-c2nc3ccccc3n2-c2ccncc2)cc1,0.569390532,2.040276101,0.21,0.02,314.392,4.1535
Cc1ccc(C(=O)Nc2ccc(CN3CCNC(C)C3)c(N3CCCCC3)c2)cc1,0.787053729,2.677546334,0.02,0.01,406.574,4.03132
CC(C)(C)c1ccc(C(=O)Nc2ccc3c(c2)-c2ccccc2C(=O)O3)cc1,0.37400275,1.969883884,0.02,0,371.436,5.496
CC(=O)Nc1ccc(-c2nc(Nc3ccccc3)nc(N3CCOCC3)n2)cc1,0.691543774,2.131296777,0.02,0.11,390.447,3.0772
O=C1NC(=O)C(=Cc2ccc(-c3ccccc3)cc2)S1,0.854122807,1.941004124,0.58,0.23,281.336,3.6775
O=C(Nc1ccc(NC(=O)c2ccccc2)cc1)C1C=CCC1,0.843091966,2.451352832,0,0.01,306.365,3.8436
CNC(=O)c1cccc(Nc2nccc(-c3cnn4ccccc34)n2)c1,0.594591084,2.350614105,0.8,0.43,344.378,2.8945
COc1ccc(Nc2ncc(C(=O)Nc3cc(N4CCCC4)ccc3OC)n2C2CCCC2)cc1,0.440699289,2.527104108,0.12,0.29,475.593,5.6115
Cc1ccc(-c2nc(-c3ccc(F)c(OC(F)F)c3)n3c2CCOC(C)C3)cc1,0.599825908,3.183171557,0.04,0.01,402.416,5.22722
COc1ccc(-c2ccc(NC(=O)Nc3ccccc3)cc2)cc1OC,0.680869496,1.599705797,0.12,0.01,348.402,5.0148
Cc1ccc(-c2n[nH]c3ccc(-c4ncn[nH]4)cc23)cc1,0.5892336,2.316191759,0.45,0.16,275.315,3.32342
CC(=O)c1cn(CC(=O)Nc2ccc(C(=O)O)cc2)c(=O)cc1-c1cc(Cl)ccc1Cl,0.533244292,2.266641441,0.01,0.02,459.285,4.3616
Cc1ccc(C(=O)Nc2ccc(CN3CCN(C)CC3)c(C(F)(F)F)c2)cc1Nc1ncnc2cnc(Nc3ccccc3)nc12,0.184315658,2.812198246,0.49,0.28,627.675,6.23392
COc1ccc(Nc2nccc(-c3cnc4ccccn34)n2)cc1,0.623460275,2.201344397,0.76,0.55,317.352,3.5435
COc1ccc(-c2nc(N)nc(N)c2-c2ccccc2)cc1,0.774566451,1.928899181,0.19,0.03,292.342,2.9836
C#Cc1cccc(Nc2ncnc3cc(-c4ccccc4)oc23)c1,0.561118903,2.463124462,0.51,0.32,311.344,4.6147
COc1ccc(-c2ccc3c(c2)Nc2ccccc2NC3=O)cc1,0.722008455,2.006317419,0.79,0.06,316.36,4.6715
Nc1nccc(-c2cncnc2Nc2cccc(OC(F)F)c2)n1,0.741817493,2.506108389,0.5,0.35,330.298,2.8608
COc1ccc(-c2ccc(N3CCC(N4CCCCC4)C3=O)cc2)cc1,0.836844258,2.489403208,0.06,0.06,350.462,3.9534
O=C1NC(=O)C(=Cc2ccc(OCCc3cc(Cl)cc(Cl)c3)cc2)S1,0.730386138,2.304694356,0.41,0.19,394.279,4.9388
CCOc1ccc(-c2nc(-c3cccc4c3CCC4N)no2)cc1OC,0.753453616,2.768525176,0.04,0.06,351.406,3.7569
COc1ccc(-c2cc(NC3CCC(N)CC3)nc3ccccc23)cc1,0.724406167,2.130465724,0.14,0.08,347.462,4.5922
O=C(Nc1ccccc1)c1ccc(-c2cnc3ccccn23)cc1,0.614273068,1.839203118,0.08,0.03,313.36,4.2536
COc1ccc(Nc2nccc(-c3cnc4ccccn34)n2)cc1,0.623460275,2.201344397,0.76,0.55,317.352,3.5435
CC(=O)Nc1ccc(CNc2ncc(Cl)c(-c3cnc4ccccn34)n2)cc1,0.535626273,2.428694724,0.25,0.12,392.85,4.0152
COc1ccc(-c2nn(C(C)C)c3ncnc(N)c23)cc1OC,0.796396517,2.339074629,0.5,0.2,313.361,2.6736
COc1ccc(-n2nc(C(N)=O)c3c2-c2cc(NC(=O)c4ccccc4Cl)ccc2CC3)cc1,0.441247516,2.33600409,0.08,0.04,472.932,4.6511
COc1ccc(-c2ccc3c(c2)Nc2ccccc2NC3=O)cc1,0.722008455,2.006317419,0.79,0.06,316.36,4.6715
CCc1nn(Cc2ccccc2)c(C(=O)O)c1Cc1ccc(-c2ccccc2-c2nn[nH]n2)cc1,0.34649771,2.522549809,0.13,0,464.529,4.6299
COc1ccc(Nc2ncc(Nc3ccccc3)nc2N)cc1OC,0.632809596,2.148191621,0.52,0.32,337.383,3.5632
COc1ccc(Nc2nccc(Nc3ccc(C(=O)Nc4ccccc4)cc3)n2)cc1,0.386176959,1.937502182,0.47,0.34,411.465,5.2247
COc1cccc(Nc2ncc(F)c(Nc3ccccc3)n2)c1,0.742381657,1.908876857,0.75,0.52,310.332,4.1115
Cc1ccc(C(=O)Nc2ccc(CN3CCN(C)CC3)c(C(F)(F)F)c2)cc1Nc1ncnc2cnc(NCc3ccccc3)nc12,0.175817812,2.849475007,0.31,0.16,641.702,6.10242
CC(=O)c1ccc(-c2ccc(C(=O)Nc3ccccc3N)cc2)cc1,0.550250943,1.656928376,0.04,0.01,330.387,4.3907
CN(C)c1ccc(NC(=O)c2ccc(Cl)c(Nc3ncnc4cnc(N5CCCCC5)nc34)c2)cc1,0.374315127,2.527006814,0.19,0.17,503.01,5.1254
CCOc1ccc(Nc2ncc(C(=O)Nc3ccccc3)cc2-c2nc(C)nc(N)n2)cc1,0.38888661,2.331938211,0.21,0.07,441.495,4.21882
N#CCC(=O)Nc1ccc(-c2cnc3ccc(Nc4ccccc4)nc3n2)cc1,0.535282646,2.340707636,0.11,0.18,380.411,4.28758
CC(C)(CN)C(=O)NC(C(=O)N1CCCC1C(=O)O)C(=O)c1ccc2ccccc2n1,0.441979285,3.464359921,0.03,0.01,426.473,0.9628
CC(=O)Nc1ccc(-c2nc(N3CCOCC3)c3cnn(C4CCCCCC4)c3n2)cc1,0.620169307,2.466892512,0.1,0.1,434.544,4.1836
CC(C)c1cc(-c2ccccc2)n(-c2ccc(NC(=O)C3CNC(=O)C3)cc2)c1,0.683927877,2.936456593,0.09,0.1,387.483,4.3423
COc1ccc(CNC(=O)C2N=C(c3ccccc3)c3ccccc3N(C)C2=O)cc1OC,0.593614845,2.794923494,0.03,0.01,443.503,3.2026
COc1cc(-c2ccc3nccc(Nc4cccc(CN5CCOCC5)c4)c3n2)ccc1OC,0.424617366,2.339648169,0.16,0.16,456.546,4.8898
COc1ccc(-n2nc(C(N)=O)c3c2-c2cc(NC(=O)c4ccccc4Cl)ccc2CC3)cc1,0.441247516,2.33600409,0.08,0.04,472.932,4.6511
COc1ccc(CC(=O)O)cc1-c1ccc(F)c2c1CN(C(=O)C=Cc1ccc(F)cc1)CC2,0.530213725,2.531044073,0.01,0,463.48,4.8656
COc1ccc(CC(=O)O)cc1-c1ccc(F)c2c1CN(C(=O)OCc1ccccc1)CC2,0.583818403,2.376127134,0.01,0,449.478,4.8233
COc1cccc(-n2nc(C(=O)Nc3cnccc3Nc3ccccc3-c3ccccc3)nn2)c1,0.35932955,2.566140351,0.27,0.17,463.501,4.7288
CNC(=O)c1ccc(-c2noc(C(F)(F)F)n2)cc1,0.907920604,2.138302494,0.08,0.02,271.198,2.115
COc1cc(Nc2ncc(C(=O)Nc3ccccc3)cc2-c2nc3ccccc3[nH]2)ccc1O,0.259520585,2.32286361,0.21,0.11,451.486,5.335
CCCc1cccc(-c2ccc(NC(=O)C(C)C)cc2)c1,0.829365603,1.645118457,0.1,0.03,281.399,4.9006
COc1cccc(Nc2nccc(Nc3ccc(N4CCOCC4)cc3)n2)c1,0.676721648,2.134637572,0.63,0.66,377.448,3.809
CN(C)CCn1cc(Nc2cc(-n3ncc4cc(C#N)cnc43)ccc2NC(=O)c2ccc(C#N)cn2)CC1,0.359469367,3.336558172,0.17,0.23,518.585,3.33176
COc1ccc(CNc2ncc(C(=O)Nc3ccc(N4CCOCC4)cc3)cc2C)cn1,0.589564855,2.314791023,0.05,0.05,433.512,3.49462
NC1=Nc2ccccc2C2=Nc3ccc(Cl)cc3CC12,0.787415939,3.33807006,0.07,0.01,281.746,3.6354
CCOc1ccc(CC(=O)O)cc1-c1ccc(F)c2c1CN(C(=O)CC(C)c1ccc(F)cc1)CC2,0.434897868,3.014313798,0.01,0.01,493.55,5.7361
COc1ccc(CC(=O)O)cc1-c1ccc(F)c2c1CN(C(=O)CCc1cccnc1)CC2,0.590185676,2.503174433,0.06,0.03,448.494,4.0409
COc1ccc(-c2nc(Nc3ccccc3)n(-c3ccccc3)n2)cc1,0.571711281,1.952851867,0.15,0.26,342.402,4.6865
COc1ccc(-c2ccc(NC(=O)Nc3ccc(C(C)(C)C)cc3)cc2)cc1OC,0.523585444,1.839662494,0.16,0.02,404.51,6.3123
CN(C)C(=O)c1ccc(-c2nc(C(=O)Nc3cccc(N4CCOCC4)c3)sc2-c2ccccc2)cc1,0.381126665,2.411517721,0.12,0.06,512.635,5.2678
CN(C)CCOc1ccc2cc(-c3ccccc3)cnc2n1,0.723631482,2.160456771,0.21,0.19,293.37,3.2372
Cc1ccc(-c2cnc(N)c(NC(=O)Cc3ccccc3)n2)cc1,0.773722653,2.020636148,0.38,0.03,318.38,3.21542
Cc1ccc(C(=O)Nc2ccc(C(=O)Nc3ccccc3N)cc2)cc1,0.622946491,1.600208699,0.01,0.03,345.402,4.08182
COc1ccc(C=NNc2nc(N)n(-c3ccc(C)cc3)n2)cc1OC,0.522477036,2.319237598,0.05,0.05,352.398,2.62112
CNC(=O)c1ccc(-c2nc(Nc3ccccc3)nc(N3CCOCC3)n2)cc1,0.69134624,2.157149989,0.04,0.11,390.447,2.4784
COc1ccc(C(=O)Nc2cccc3cnccc23)cc1OC,0.801044964,1.772327885,0.24,0.11,308.337,3.5043
Cc1ccc(-c2nc(NCc3cccc(F)c3)nc(NC(=O)Cc3ccccn3)n2)cc1,0.458903142,2.293512611,0.06,0.04,428.471,4.17442
CNC(=O)c1ccc(-n2cnc3ccccc32)cc1Nc1ncnc2cnc(N3CCOCC3)nc12,0.389948737,2.774117051,0.36,0.18,481.52,2.6985
COc1ccc(-c2cnc(Nc3cccc(CN4CCOCC4)c3)nn2)cc1,0.70745672,2.188951196,0.33,0.19,377.448,3.123
O=C1NC(=O)C(=Cc2ccc(OCCCN3CCCCC3)cc2)S1,0.632755937,2.205160057,0.32,0.15,346.452,3.2653
CC(C)c1cccc(C(C)C)c1NC(=O)Nc1ccc(Cl)cc1Cl,0.608847421,2.008127005,0.01,0.05,365.304,6.8842
CCCCN(C)C(=O)Cc1ccc(-c2ccc(F)c(C(F)(F)F)c2)cc1,0.63359607,2.105962317,0.02,0.02,367.386,5.3125
O=C1CCCN1c1cc(Cc2nnc(O)c3c2NCCC3)ccc1F,0.895461748,2.963337775,0.09,0.02,342.374,2.397
Cc1cc(C)c(NC(=O)Nc2ccc(-c3cccc4c3CNCC4)cc2)cc1,0.588103588,2.144752844,0.37,0.04,371.484,5.26014
Cc1c(Nc2c(C#N)cncc2-c2ccccc2)nn(C)c1C(=O)O,0.760072426,2.712608819,0.19,0.08,333.351,3.104
O=C1Nc2ccc(S(=O)(=O)Nc3nccs3)cc2N1c1c(Cl)cccc1Cl,0.502421204,2.581511994,0.16,0.07,441.321,3.8829
Cc1ccc(Nc2nccc(Nc3ccccc3S(=O)(=O)C(C)C)n2)cc1,0.65499026,2.228568067,0.56,0.36,382.489,4.45432
COc1ccc(Nc2ncc(C(N)=O)c(Nc3ccccc3)n2)cc1,0.639658763,1.928657005,0.77,0.49,335.367,3.0713
Cc1ccc(-c2nc(-c3ccc(OC(F)(F)F)c(Cl)c3)n3c2CCOC(C)C3)cc1,0.501977594,3.187595785,0.06,0.04,436.861,6.03872
CN1CCN(c2ccc(Nc3ncc4ccccc4c3-c3ccccc3)nn2)CC1,0.55829293,2.344561846,0.19,0.08,396.498,4.1872
CCNC(=O)c1ccc(-c2nc3ccc(C)cc3n2-c2ccc(C)cc2)cc1,0.546516142,1.989184852,0.08,0.03,369.468,5.05904
CCCCCCCCCCCCCCCCCCCC(=O)OC1=C(c2ccccc2)C(=O)CCC1=O,0.133490115,2.576903559,0.04,0,496.732,8.9146
COc1ccc(-c2sc(Nc3ccc(N4CCNCC4)cc3)nc2-c2ccc(C)cc2)cc1,0.375601956,2.270283234,0.11,0.17,456.615,5.94732
COc1cc(C(=O)NC2CCN(C)CC2)ccc1Nc1ncc(C(F)(F)F)c(Nc2ccccc2S(=O)(=O)NC(C)C)n1,0.257887056,2.826954645,0.58,0.43,621.686,4.5019
COc1cccc(Nc2ncc(-c3ccccc3)o2)c1,0.772112786,1.919756995,0.58,0.2,266.3,4.0938
COc1ccc(-n2nc(C(N)=O)c3c2-c2cc(NC(=O)c4ccccc4Cl)ccc2CC3)cc1,0.441247516,2.33600409,0.08,0.04,472.932,4.6511
CN(C)C(=O)CNC(=O)c1ccc(-c2cnc3ccccn23)cc1,0.796593894,2.150665609,0.09,0.03,322.368,1.8193
COc1ccc(C(=O)c2cn(C(C)C)c3ccccc23)cc1,0.664886195,1.904762067,0.02,0,293.366,4.4618
COc1ccc(-c2ccc(C(=O)NCc3cncc4ccccc34)cc2)cc1OC,0.504418787,2.004610372,0.2,0.06,398.462,4.849
O=C(Nc1ccc(Cl)cc1)c1ccccc1-c1ncccc1Cl,0.700394752,1.795501311,0.04,0.05,343.213,5.3077
CC(=O)Nc1cccc(-c2nc(Nc3ccc(N4CCOCC4)cc3)ncc2NC(=O)Cc2ccccc2)c1,0.303173357,2.419952157,0.42,0.48,522.609,4.8634
COc1ccc(-c2ccc3c(N4CCOCC4C)nc(N4CCOCC4C)nc3n2)cc1,0.618933374,3.412299361,0.03,0.01,435.528,3.1506
O=C1NC(=O)C(=Cc2ccc(-c3ccc(Cl)cc3)c(Cl)c2)S1,0.77690595,2.178911447,0.66,0.29,350.226,4.9843
Cc1ccc(Nc2cc(Nc3ccc(N4CCOCC4)cc3)ncn2)cc1,0.713093541,2.128863462,0.15,0.3,361.449,4.10882
CC(C)Nc1cc(Nc2ccc(NC(=O)CCCCCC(=O)O)cc2)ncn1,0.431768926,2.245038509,0.19,0.2,385.468,4.0141
CC(C)(C)c1ccc(NC(=O)Nc2ccc(Oc3ccnc(Nc4ccccc4)n3)cc2)cc1,0.293813831,2.158341375,0.55,0.34,453.546,6.954
COC(=O)c1c(C(=O)O)sc2ccc(Cl)cc12,0.8521341,2.211391665,0.03,0.02,270.693,3.0395
O=C(Nc1ccc(Cl)cc1)c1ccccc1Nc1ccc(Nc2ccccc2)cc1,0.31626904,1.751896236,0.02,0.11,413.908,7.0795
O=C(Nc1ccc(NC(=O)Nc2ccc(F)cc2)cc1)c1ccccc1-c1ccccc1,0.34675018,1.760187053,0.15,0.06,425.463,6.389
CC(=O)Nc1cc(C(=O)O)nc(-c2ccc(F)cc2)c1-c1ccccc1,0.73858524,2.102136339,0.27,0.17,350.349,4.2113
COc1ccc(CNC(=O)c2ccc(-c3noc(C(F)(F)F)n3)cc2)cc1OC,0.670625045,2.143632443,0.08,0.01,407.348,3.7026
O=C(Nc1ccc(Cl)cc1Cl)N1CC=C(c2cccnc2)CC1,0.854312772,2.237485228,0.13,0.03,348.233,4.7096
Cc1cc(C(=O)Nc2cccc(Nc3ccccc3)n2)c(Cl)cn1,0.737906819,2.080511734,0.13,0.3,338.798,4.43432
CC(C)(C)OC(=O)NC(Cc1ccccc1)C(=O)NC(C=O)Cc1ccccc1,0.671918531,2.781044778,0,0.01,396.487,3.0488
O=C(Nc1ccc(NC(=O)Nc2ccc(Cl)cc2)cc1)c1ccccc1-c1ccccc1,0.314840464,1.756342884,0.04,0.02,441.918,6.9033
CN(C)C(=O)c1ccc(-c2ccc(Nc3nccc(Nc4ccccc4)n3)cc2)cc1,0.450238731,2.061823704,0.66,0.6,409.493,5.3326
N#CC(=Cc1ccc(-c2ccc3c(c2)CCCC3)cc1)C(=O)O,0.681718803,2.157702011,0.09,0.09,303.361,4.22398
COc1cc(Nc2nccc(NC(=O)C(C)c3ccc(F)cc3)n2)ccc1OC,0.624940428,2.601202514,0.4,0.32,396.422,4.1187
COc1ccc(CNc2ncc(Cl)c(Nc3cc(C4CC4)[nH]n3)n2)cc1,0.580107133,2.447653489,0.6,0.23,370.844,4.0948
COc1cccc(-c2cnc(Nc3ccccc3)nc2N)c1,0.769873973,1.91430028,0.57,0.56,292.342,3.478
COc1ccc(-c2nn(-c3ccccc3Cl)c(-c3ccccc3)n2)cc1,0.497216242,1.90718374,0.07,0.04,361.832,5.2633
COc1ccc(C(C#N)C(=O)Nc2cccc(Cl)c2)cc1,0.938195836,2.347603536,0.01,0.02,300.745,3.59448
COc1ccc(C(=O)Oc2ccc(C=CC(=O)Nc3ccc(C(=O)O)cc3)cc2)cc1,0.338273708,1.928436046,0,0,417.417,4.2645
Cc1cccc(Nc2nccc(-c3cnc4ccccn34)n2)c1,0.624356474,2.259272805,0.81,0.3,301.353,3.84332
COc1ccc(NC(=O)Nc2ccc(-c3cnc(N)c4sccc34)cc2)cc1,0.446815864,2.212202416,0.71,0.18,390.468,5.1981
O=C(O)c1ccccc1Nc1ccc(-c2cncc3cc(-c4cccc(C(=O)O)c4)cn23)cc1,0.30228773,2.508520496,0.19,0.28,449.466,5.8083
O=C(NC1CCCCC1)c1ccc(-c2cnc3ccccn23)cc1,0.790972929,2.04682327,0.05,0.03,319.408,4.0638
CNC(=O)C(=O)C(c1ccccc1)N1CC=C(c2ccccc2)CC1,0.855600621,2.827917769,0.02,0.01,334.419,2.8321
COc1ccc(-c2nc(Nc3ccccc3)nc(NC3CCCCC3)n2)cc1,0.629114897,2.071047026,0.22,0.25,375.476,5.0354
COc1ccc(Nc2nccc(Nc3cc(N4CCOCC4)ncn3)n2)cc1,0.669521836,2.361425895,0.57,0.53,379.424,2.599
O=C1NC(=O)C(=Cc2ccc(-c3cccc(Cl)c3)cc2)O1,0.861821372,2.273515159,0.42,0.13,299.713,3.6143
COc1ccc(-c2ccc(C(=O)Nc3ccccc3N)cc2)cc1,0.708716573,1.568300363,0.05,0,318.376,4.1967
O=C(O)c1ccccc1Nc1cc(Nc2ccccn2)ncc1F,0.661516864,2.203164577,0.16,0.41,324.315,3.8011
COc1ccc(-c2nc(SCCCOc3ccccc3)n(-c3ccccc3)n2)cc1,0.265660811,2.111216816,0.05,0,417.534,5.5041
COc1cccc(Nc2nccc(Nc3cccc4[nH]ncc34)n2)c1,0.514400747,2.281482837,0.7,0.36,332.367,3.8487
COc1ccc(Nc2ncc(C(=O)Nc3ccc(N4CCOCC4)cc3)nc2N)cc1,0.557691445,2.288188319,0.31,0.26,420.473,2.8999
COc1cc(Nc2nccc(Nc3ccccc3C)n2)cc(OC)c1OC,0.645410426,2.138883604,0.63,0.47,366.421,4.29802
Cc1cc(Nc2cc(C(F)(F)F)ccn2)nc(-c2cnc(Nc3ccc(N4CCOCC4)cc3)o2)c1,0.347264602,2.813063027,0.28,0.47,496.493,5.78262
CC(=O)c1cnc2ccc(-c3cc(F)c(O)c(Cl)c3)cc2n1,0.725854441,2.374883509,0.12,0.15,316.719,3.9975
CCCCCCCCCCCCCCCCCC(=O)OCC(=O)Nc1c(OC)cc(OC)cc1OC,0.129543914,2.326732223,0,0,507.712,7.4556
COc1ccc(C(=O)Nc2cc(-c3cnccc3C)ccn2)cc1OC,0.759813717,2.058441548,0.29,0.27,349.39,3.72152
COc1ccc(-c2nc3ccccc3n2-c2ccc(C(C)N=C(N)N)cc2)cc1,0.400638275,2.703754461,0.07,0,385.471,4.0355
CC(C)(C)c1cc(NC(=O)Nc2ccc(Cl)cc2C(=O)Nc2ccc(Cl)cn2)ccc1Cl,0.359641365,2.266211393,0.08,0.09,491.806,7.2356
O=C1NC(=O)C(=Cc2ccc(-c3ccccc3)cc2)N1,0.646559873,1.98123675,0.347249332,0.09,264.284,2.5339
COc1ccc(Nc2ncc(C(=O)Nc3ccc(N4CCOCC4=O)cc3)nc2)cc1OC,0.565936475,2.397415944,0.18,0.22,449.467,2.8529
O=C(Nc1ccccc1)c1nc(-c2ccccc2)nc(NS(=O)(=O)c2ccc(Cl)cc2)c1-c1ccccc1,0.244670714,2.289220163,0.1,0.02,541.032,6.5171
Cc1ccc(C(=O)Nc2ccc(CN3CCC(C(=O)O)CC3)cc2)cc1,0.863413876,1.705362753,0.01,0.01,352.434,3.54392
O=C(Nc1ccc(C(=O)N2CCCC2C(=O)Nc2ccccc2)cc1)c1ccccc1,0.658595997,2.200942159,0,0,413.477,4.1822
COc1cccc(CNc2nc(NCCN)nc(Nc3ccccc3)n2)c1,0.458000471,2.173965884,0.15,0.04,365.441,2.6065
COc1ccc(CNc2nc(Nc3ccccc3)ncc2[N+](=O)[O-])cc1,0.493470281,2.04239872,0.67,0.24,351.366,3.7491
Cc1cccc(Nc2ncnc3cc(OCCCN4CCOCC4)c(OC)cc23)c1,0.568821314,2.252949208,0.5,0.22,408.502,3.79152
CC(=O)c1ccc(-c2cccc(-c3ccccc3)n2)cc1,0.651739971,1.605553583,0.06,0.02,273.335,4.6182
CN(C)C1CCc2ccc(Nc3nccc(-c4cccc(C(=O)O)c4)n3)cc2O1,0.685043429,3.038150754,0.72,0.55,390.443,3.7981
O=C1NC(=O)C(=Cc2ccc(-c3ccccc3)o2)S1,0.851525657,2.202798314,0.44,0.26,271.297,3.2705
Cc1cc(C)c(-n2ccn3nc(-c4cccnc4)cc23)cc1N=C(O)c1ccccc1C(F)(F)F,0.239656699,3.128451126,0.17,0.03,475.474,6.45894
CCc1cc(C(=O)O)nc(Nc2ccc(OCc3ccccn3)c(OC)c2)n1,0.611812104,2.32247216,0.17,0.18,380.404,3.4634
COc1ccc(CNc2ncc(C(=O)Nc3ccc(N4CCOCC4)cc3)o2)cc1,0.61945152,2.320114068,0.02,0.01,408.458,3.3842
COc1ccc(C(=O)Nc2cccc(C(=O)O)c2)cc1OC,0.886514626,1.539402046,0,0.01,301.298,2.6543
COc1ccc(-c2ccc3ccccc3c2)cc1-c1cnco1,0.523363088,2.057538416,0.24,0.11,301.345,5.1704
COc1ccc(-c2nc(-c3ccccc3)c(-c3ccc(Cl)cc3)[nH]2)cc1,0.479069649,1.870651757,0.28,0.07,360.844,6.0727
COc1ccc(Nc2ncc(C(=O)Nc3ccccc3N)cc2N)cc1,0.525622567,2.029287909,0.26,0.3,349.394,3.2505
COc1ccc(C(=O)Nc2ccc(F)c(C(F)(F)F)c2)cc1Nc1ncnc2cnc(NCc3ccccc3)nc12,0.191530001,2.630302814,0.42,0.27,563.515,6.1943
COc1ccc(-c2noc(C(=O)Nc3ccc(N4CCOCC4)cc3)n2)cc1,0.727826533,2.087165894,0.06,0.02,380.404,2.8341
Cc1cccc(Nc2nccc(-c3cnc4ccccn34)n2)c1,0.624356474,2.259272805,0.81,0.3,301.353,3.84332
Cc1ccc(NC(=O)Nc2ccc(-c3cccc4cnccc34)cc2)cc1,0.484949436,1.839160626,0.47,0.24,353.425,5.85422
O=C1NC(=O)C(=Cc2ccc(-c3ccc(O)c(Cl)c3)cc2)S1,0.815082554,2.235997799,0.67,0.27,331.78,4.0365
O=C1NC(=O)C(=Cc2ccc(-c3ccccc3)c(Cl)c2)S1,0.838937599,2.112355159,0.64,0.26,315.781,4.3309
COc1ccc(-c2nc(-c3ccccc3)c(-c3ccccc3)[nH]2)cc1,0.543603121,1.79861319,0.26,0.06,326.399,5.4193
Cc1cc(C)cc(-c2cccc3cc(NC(=O)C4CC4)ncc23)c1,0.748956781,2.13934027,0.31,0.22,316.404,4.86714
COc1ccc(Nc2nccc(Nc3ccccc3)n2)cc1OC,0.715251269,1.900155002,0.79,0.51,322.368,3.981
O=C1NC(=O)C(=Cc2ccc(-c3ccccc3)cc2)S1,0.854122807,1.941004124,0.58,0.23,281.336,3.6775
COc1cccc(-c2nc(Nc3ccccc3)nc(N3CCOCC3)n2)c1,0.746485377,2.094215193,0.08,0.09,363.421,3.1274
Nc1nc(NCc2ccccc2)c(-c2ccncc2)nc1N,0.681602044,2.275161338,0.55,0.11,292.346,2.3151
COc1ccc(-c2nc(-c3ccc(C)cc3)n(-c3ccccc3)n2)cc1,0.528898312,1.834618963,0.05,0.01,341.414,4.91832
CC(C)(C)c1ccc(NC(=O)Nc2ccc(-c3nc(N4CCOCC4)nc(N4CCOCC4)n3)cc2)cc1,0.520138284,2.490871771,0.01,0.03,517.634,4.1533
O=C(NCCCNc1ccccc1Nc1cccnc1)Nc1ccc(-c2nc(-c3cccc4ccccc34)no2)cc1,0.130869595,2.536580089,0.17,0.13,555.642,7.3191
COc1ccc(C(=O)Nc2ccc(Cl)c(C(=O)Nc3cccc(CNc4nccc(NC)n4)c3)c2)cc1OC,0.210818622,2.36849889,0.2,0.09,547.015,5.3056
O=C1CC(c2ccccc2)=NN=C1c1ccc2ncccc2c1,0.727918808,2.438156968,0.15,0.12,299.333,3.401
Cc1cc(-c2ccccc2)cc(C=CC(=O)C(=O)C=Cc2ccc(O)c(OC)c2)c1,0.436585285,2.4304753,0.04,0,398.458,5.24102
COc1ccc(C(=O)Nc2cccc(C(=O)Nc3ccc4c(c3)-c3ccccc3C4=O)c2)cc1,0.376481119,1.950415943,0,0,448.478,5.4112
O=C(NC1CCC(CCN2CCC(c3coc4ccccc34)CC2)CC1)c1ccccc1,0.522291248,2.32732401,0.02,0,430.592,5.9911
O=C1NC(=O)C(=Cc2ccc(OCCc3ccccc3)c(Cl)c2)S1,0.8091657,2.15219267,0.39,0.23,359.834,4.2854
COc1ccc(Nc2ncc(Nc3ccccc3C(=O)O)cc2F)cc1,0.608572056,2.050852358,0.14,0.39,353.353,4.4147
CC(C)=CCCC(C)=CCC=CCC=CCC=CCC=CCC=CC=CC(=O)Nc1c(C(C)C)cccc1C(C)=O,0.085016819,3.58886301,0.01,0,553.831,10.9315
CC(=O)Nc1cccc(-c2nc(Nc3ccc(N4CCOCC4)cc3)no2)c1,0.702674092,2.25468747,0.11,0.24,379.42,3.2752
CC(=O)Nc1ccc(CNc2nccc(Nc3ccccc3S(=O)(=O)C(C)C)n2)cc1,0.486560794,2.351169486,0.31,0.19,439.541,3.9728
CCC(=O)Nc1ccc(Nc2nccc(Nc3cc(C)cc4[nH]c(C(=O)CC)cc34)n2)cc1,0.260690403,2.608900129,0.32,0.14,442.523,5.69472
CCCn1c(=O)c2nc(-c3ccc(OCC(=O)O)cc3)[nH]c2n(CCC)c1=O,0.609582813,2.521529438,0.21,0.01,386.408,1.8367
COc1ccc(C(=O)Nc2ccc(-c3cncc4ccccc34)cc2)cc1,0.550430562,1.778949136,0.25,0.09,354.409,5.1627
COc1ccc(CNC(=O)c2ccc(-c3cccc4c(N)nccc43)cc2)cc1,0.534683075,1.938125361,0.41,0.07,383.451,4.4226
O=C1NC(=O)C(=Cc2ccc(-c3ccccc3)cc2)S1,0.854122807,1.941004124,0.58,0.23,281.336,3.6775
COc1ccc(-c2nc(-c3ccc4c(c3)CNCC4)no2)cc1C#N,0.79371644,2.462720994,0.09,0.03,332.363,2.92958
CCCN(CC)C(=O)c1ccc(N(c2ccccc2)C2=NCCN2)cc1,0.864887819,2.520663336,0.05,0.01,350.466,3.656
COc1ccc(NC(=O)Nc2ccc(-c3cncc4ccccc34)cc2)cc1,0.495311846,1.859985969,0.37,0.11,369.424,5.5544
COc1ccc(N(C(=O)c2ccc(C#N)cc2)C2CCN(C(C)CCNC(=O)c3ccccc3)C2)cc1,0.471617747,3.134678479,0.01,0.02,496.611,4.49658
COc1ccc(C(=O)Nc2cccc(C(=O)Nc3ccc4c(c3)-c3ccccc3C4=O)c2)cc1,0.376481119,1.950415943,0,0,448.478,5.4112
COc1ccc(-c2ccc3c(c2)-c2c(c(N)nn2-c2ccc(S(N)(=O)=O)cc2)CC3)cc1,0.497753303,2.479928437,0.2,0.02,446.532,3.5431
O=C1NC(=S)NC1=Cc1ccc2ccccc2c1,0.605191356,2.265916905,0.32,0.26,254.314,2.185
COc1ccccc1Nc1nc(Nc2cccc(NC(=O)CCN)c2)ncc1Cl,0.443039625,2.213911075,0.61,0.4,412.881,3.9131
O=C(Nc1nc(-c2ccccc2)nc(Nc2ccccc2)n1)c1ccc(Cl)cc1,0.48081958,1.928264922,0.12,0.18,401.857,5.1879
O=C(NC1CCCC(C(=O)Nc2ccc(Cl)cc2)C1)c1ccc2ccccc2n1,0.651140463,2.745217428,0.02,0.02,407.901,4.8155
O=C1NC(=O)C(=Cc2ccc(-c3cccc(Cl)c3)cc2)S1,0.838937599,2.070371313,0.62,0.21,315.781,4.3309
CNC(=O)c1cccc(-c2noc(C(=O)Nc3cnccc3N3CCCCC3)n2)c1,0.669646429,2.405224165,0.27,0.07,406.446,2.7338
CN(C)CCCCOc1cccc(-c2nc(N)c3ncn(C4CCCC4)c3n2)c1,0.583425183,2.432187449,0.33,0.03,394.523,3.9112
CC(=O)Nc1ccc(-c2nc(N)nc3[nH]cc(-c4ccccc4)c23)cc1,0.526464659,2.257281797,0.41,0.14,343.39,3.8325
COc1ccc(C(=O)Nc2cccc(C(F)(F)F)c2)cc1Nc1ncnc2cnc(N3CCCCC3)nc12,0.344644072,2.574383814,0.25,0.19,523.519,5.4334
COc1ccc(Nc2ncc(C(N)=O)nc2-c2ccc(Cl)cc2)cc1,0.729492335,2.105840185,0.35,0.31,354.797,3.6481
COC(=O)c1cccc(-c2nc(Nc3ccc(N4CCOCC4)cc3)oc2N)c1,0.635684767,2.46539679,0.2,0.18,394.431,3.2906
COc1ccc(-c2ccc(S(=O)(=O)n3ccc4ccccc43)cc2)cc1,0.534200999,1.898003643,0.02,0.03,363.438,4.5539
CC(C)C(=O)NC1=NN(c2ccc(Cl)cc2)C2=NC(C(=O)C=Cc3ccccc3)C21,0.744645439,3.710751064,0.09,0.01,420.9,3.9251
O=C1CCc2ccc(NC(=O)Nc3ccc(C(F)(F)F)cc3)cc2N1,0.75912163,2.106699148,0.04,0.01,349.312,4.2341
O=C1NC(=S)NC1=Cc1cn2cc(-c3cccc(Cl)c3)ccc2n1,0.548426125,2.805171266,0.3,0.04,354.822,2.9999
COc1ccc(Nc2nccc(Nc3ccccc3C(N)=O)n2)cc1,0.639658763,2.000378159,0.72,0.68,335.367,3.0713
COc1ccc(-c2ccc3c(N4CCOCC4C)nc(N4CCOCC4C)nc3n2)cc1,0.618933374,3.412299361,0.03,0.01,435.528,3.1506
O=C1NC(=O)c2c1c1cc(-c3ccccc3)ccc1O2,0.686471278,2.271621631,0.48,0.08,263.252,2.9834
COc1ccc(-c2nc3ccccc3n2C(=O)c2ccc(N)cc2)cc1,0.571239835,2.000282413,0.03,0,343.386,3.9826
N#Cc1cccc(-c2cnc(Nc3ccc(N4CCOCC4)cc3)o2)c1,0.774538544,2.334061657,0.34,0.5,346.39,3.79348
CCCCCCCCCCCCCCC(=O)c1ncc(-c2ccccn2)o1,0.249774684,2.368004832,0.06,0.04,370.537,7.0105
CN(C)CCC(=O)Nc1cc2c(Nc3ccc(Br)cc3F)ncnc2cc1OCCNC(=O)CO,0.26904104,2.654471049,0.28,0.18,549.401,2.6525
COc1ccc(-c2nn(C(C)C)c3ncnc(N)c23)cc1OC,0.796396517,2.339074629,0.5,0.2,313.361,2.6736
CC1CN(c2ccc(Nc3nccc(-c4ccccc4)n3)cc2)CC1,0.750423137,2.398962207,0.84,0.78,330.435,4.7334
CCCC(=O)Nc1ccc(Nc2nccc(Nc3ccccc3)n2)cc1,0.577082898,1.942908639,0.38,0.27,347.422,4.7024
O=C(Nc1cccc(Cl)c1)c1cccc(Nc2ccnc3[nH]c(-c4ccccc4)nc23)c1,0.300947013,2.259160433,0.53,0.26,439.906,6.2742
CC(=O)c1cnc2ccc(-c3cc(Cl)c(O)c(Cl)c3)cc2c1Nc1ccc(N2CCCC(N)C2)nc1,0.26889884,3.177249321,0.24,0.15,522.436,6.1829
COc1ccc(-c2ccc(NC(=O)c3cccc(C)c3)cc2)cc1OC,0.711618937,1.613886454,0.03,0.03,347.414,4.93152
COc1ccc(-c2cccnc2)cc1NC(=O)c1ccc(NC(=O)Nc2ccccc2)cc1,0.362498296,1.921267968,0.18,0.05,438.487,5.6535
O=C(Nc1ccc(-c2cnc3ccccn23)cc1)c1ccccc1-c1ccccc1,0.4146066,1.995917248,0.14,0.05,389.458,5.9206
N#Cc1ccc(-c2cnc(Nc3ccc(N4CCOCC4)cc3)o2)cc1,0.774538544,2.291566552,0.35,0.46,346.39,3.79348
O=C1NC(=O)C(=Cc2ccc(OCCCO)c(Cl)c2)S1,0.644762142,2.340879257,0.41,0.26,313.762,2.4251
O=C1Nc2ccc(Cl)cc2C(=O)N1c1ccncc1,0.734064713,2.107361764,0.27,0.05,273.679,1.7274
COCCOc1cc2ncnc(Nc3ccc(NC(=O)Nc4cccc(Cl)c4)cc3)c2cc1OC,0.256444705,2.269984284,0.59,0.47,493.951,5.7046
O=C(Nc1ccc(Cl)cc1)c1cnccc1NCc1cnccc1,0.737693982,1.95954709,0.11,0.12,338.798,3.9944
CN(C)c1ccc(C=Cc2ccccc2)cc1,0.712717055,1.667147273,0.01,0,223.319,3.923
CC(C)(C)c1ccc(S(=O)(=O)Nc2ccc(Cl)c3c2N=C(N)N3)cc1,0.642886404,2.457800784,0.2,0,378.885,3.8968
CN1CCC(n2cc(Nc3ncc(C(=O)Nc4ccccc4)cn3)cc2)CC1,0.712360623,2.5149158,0.24,0.13,376.464,3.5407
CN(C)CCN(C)C(=O)c1ccc(-c2cnc3ccc(Nc4ccccn4)cc3n2)cc1,0.480233936,2.3690589,0.2,0.45,426.524,4.069
CC(C)(C)c1ccc(NC(=O)C2CC=CCN2c2ccc3c(c2)OCO3)cc1,0.799986042,2.953450039,0.03,0.01,378.472,4.4864
COc1ccc(-c2ccc(C(=O)Nc3cccc(CN4CCNCC4=O)c3)cc2)cc1,0.646062459,2.063052934,0.06,0.02,415.493,3.5463
COc1ccc(-c2cccc3c(Nc4ccccc4)ncnc32)cc1OC,0.541077917,1.987558094,0.48,0.2,357.413,5.0576
Cc1ccc(-c2ccc3ccccc3n2)cc1,0.597085849,1.476730274,0.01,0.02,219.287,4.21022
COc1ccc(-c2cnc(N)c(C(=O)Nc3ccccc3N3CCC(C(=O)O)CC3)n2)cc1,0.524683713,2.285283108,0.5,0.07,447.495,3.2877
Cc1cc(-c2cnc(N)c(OC(C)C)c2)cc(F)c1Nc1ncnc2cnccc12,0.499504279,2.725918015,0.31,0.19,404.449,4.64732
O=C(Nc1ccc(-c2nc3ccccc3[nH]2)cc1)c1ccccc1-c1ccncc1,0.422934509,2.000783627,0.31,0.06,390.446,5.5442
Cc1ccc(C(=O)Nc2cccc(C(F)(F)F)c2)cc1Nc1ncnc2cnc(NCc3ccccc3)nc12,0.225501364,2.511302677,0.39,0.24,529.526,6.35502
CN(C)c1ccc(Nc2ncc(C(=O)Nc3ccccc3N3CCCCC3)nn2)cc1,0.628484404,2.354020627,0.29,0.24,417.517,3.9238
O=C1NC(=O)c2c1c1ccccc1[nH]c1ccccc12,0.509362462,2.407796167,0.29,0.02,262.268,2.09438
COc1ccccc1Nc1ccnc(Nc2ccc(N3CCOCC3)cc2)n1,0.676721648,2.128556942,0.6,0.67,377.448,3.809
Cc1ccc(Oc2ccc(Nc3ccc(Nc4ccccc4)cc3)nc2)cc1,0.399404312,1.872111159,0.09,0.2,367.452,6.66952
CN=C(O)c1c(C(=N)O)nc2n1C1CC(C1)c1ccc(C#CC3CC3)cc1-2,0.434068301,4.285490776,0.05,0,360.417,3.56147
COc1ccc(-c2nc(Nc3ccccc3)n3ncccc23)cc1OC,0.587933782,2.198645279,0.27,0.14,346.39,4.1571
Cc1ccc(C(=O)Nc2ccc(C(=O)Nc3cc(NC(=O)C(C)C)ccc3C)cc2)cc1,0.49005126,1.825544111,0,0.01,429.52,5.40254
Cc1ccc(Nc2nc(NC3CCCCC3N)ccc2C(N)=O)nc1,0.662992998,3.236154555,0.44,0.29,340.431,2.30932
COc1ccc(CC(=O)O)cc1-c1ccc(F)c2c1CN(C(=O)CCc1cccc(F)c1)CC2,0.545229223,2.4627984,0.03,0.02,465.496,4.785
Nc1ncnc2scc(-c3cccc(NC(=O)Nc4cccc(Cl)c4)c3)c12,0.441978478,2.205233654,0.74,0.28,395.875,5.2379
CCCCCCCCCCCCCCCCCCCC(=O)Nc1ccc(NC(=O)Nc2ccccc2)cc1,0.142969573,1.99047872,0.01,0.01,521.79,10.3108
Cc1cccc(-c2c[nH]c3ncnc(N4CCCC(C)C4)c23)c1,0.772591942,2.838906679,0.48,0.08,306.413,4.16962
CC(=O)Nc1ccc(-c2cccc3cnc(Nc4ccc(N5CCOCC5)cc4)nc23)cc1,0.463480473,2.267830895,0.37,0.65,439.519,4.8354
COc1ccc(C(=O)NC(=N)Nc2ccc(OC)c(C(=O)Nc3cccc(Cl)c3)c2)cc1,0.327144302,2.225835589,0,0.01,452.898,4.38617
Cc1ccc(NC(=O)c2cccc(C(F)(F)F)c2)cc1Nc1ncnc2cnc(NC3CCOCC3)nc21,0.310685576,2.702227004,0.34,0.35,523.519,5.33382
O=C(NCCNc1cccc2ncccc12)C1CCCC1,0.829515505,1.910162231,0.02,0.05,283.375,2.9531
COc1ccc(Nc2nccc(Nc3ccc(C(=O)Nc4cccc(Cl)c4)cc3)n2)cc1OC,0.292192655,2.13709318,0.54,0.38,475.936,5.8867
COc1ccc(C(=O)Nc2ccc(Cl)c(C(=O)Nc3ccncc3N)c2)cc1OC,0.551166848,2.040682274,0.19,0.04,426.86,3.839
COc1cc(Nc2nccc(-c3cnn(C4CCOCC4)c3)n2)ccc1OC,0.699993317,2.477412986,0.68,0.5,381.436,3.4524
COc1ccc(Nc2ncc(C(=O)Nc3ccccc3C(=O)O)cc2)cc1,0.616069646,1.839378709,0.14,0.27,363.373,3.7843
Oc1ccc(-n2nc(-c3ccc(Cl)cc3)c3c2OCCC3)cc1,0.766530235,2.361365031,0.01,0.01,326.783,4.2233
Cc1cc(C)cc(Nc2ncc(C(=O)Nc3ccccc3N3C4CCCC3C4)cc2)c1,0.553879199,3.724362563,0.22,0.16,412.537,5.82554
CC(=O)Nc1ccc(Nc2nccc(-c3cnc4ccccn34)n2)cc1,0.591877002,2.268796089,0.6,0.45,344.378,3.4933
CCc1ccc(-c2cccc3c(N4CCOCC4C)nc(N4CCCCC4)nc23)cc1,0.59359499,2.90086172,0.02,0.03,416.569,5.0746
O=C(NC1CCCCC1)c1cnc(Nc2ccc(Cl)cc2)nc1NC1CCCOC1,0.624931506,2.838679901,0.54,0.29,429.952,4.527
COc1cc(-c2cnc(N)nc2N)cc(OC)c1OC,0.86729113,2.190587124,0.39,0.2,276.296,1.3338
CCS(=O)(=O)c1ccc(C(=O)Nc2ccc(Cl)cc2C(=O)Nc2ccc(Cl)cn2)cc1,0.535142971,2.128112111,0.02,0.01,478.357,4.6866
COc1ccc(C2=NNC(=O)C2=NNc2ccc(Cl)c(Cl)c2)cc1,0.818860364,2.519745021,0.86,0.05,363.204,3.304
O=C(NC1N=C(c2ccccc2)c2ccccc2N=C1c1ccccc1)Nc1ccccc1,0.421784497,2.764060129,0.08,0.06,430.511,5.8062
Cc1ccc(C(=O)Nc2cccc(C(F)(F)F)c2)cc1Nc1ncnc2cnc(NCc3ccccc3)nc12,0.225501364,2.511302677,0.39,0.24,529.526,6.35502
O=C1NCCc2c1c1ccc(-c3cccc(F)c3)cc1O2,0.741165393,2.406932649,0.41,0.07,281.286,3.5248
Cc1cc(C(=O)Nc2ccc(-c3ccccc3)cc2)n(-c2ccccc2)n1,0.554712141,1.773750694,0.01,0.03,353.425,5.10002
COc1cc2ncnc(Nc3ccc(NC(=O)Nc4cccc(Cl)c4)cc3)c2cc1OC,0.349677775,2.106365756,0.64,0.51,449.898,5.688
Cc1cc(-c2ccc(N3CCC(N)C(=O)C3)cc2)ccc1OC1CCCC1,0.887715202,2.837451518,0.05,0.05,364.489,4.08992
COc1cccc(-c2n[nH]c3ccc(-c4ncn[nH]4)cc23)c1,0.607797131,2.35800241,0.62,0.21,291.314,3.0236
O=C(NC1CCCCC1)c1ccc2ccccc2n1,0.893082084,1.777338779,0.01,0,254.333,3.2973
COc1ccc(Nc2ncc(C(=O)Nc3ccc(OC)cc3)cc2-c2nc(C)n(C(C)C)n2)cc1,0.361281821,2.44853644,0.14,0.18,472.549,5.24252
CC(=O)Nc1cccc(CNc2nc(NC(C)=O)nc(-n3ccnc3)n2)c1,0.604357242,2.440352136,0.1,0.01,366.385,1.5862
O=C1NC(=O)C(=Cc2ccc(-c3ccccc3)c(Cl)c2)S1,0.838937599,2.112355159,0.64,0.26,315.781,4.3309
COc1ccc(-c2nc(Nc3ccccc3)nc(Nc3ccccc3)n2)cc1,0.496344545,1.903265005,0.19,0.18,369.428,5.0344
O=C(NC1CCOCC1)c1cnc(Nc2ccccc2F)nc1Nc1cnccc1NC(=O)c1cccnc1,0.266240419,2.719466327,0.42,0.35,528.548,4.054
COc1ccc(-c2nc(Nc3ccccc3)nc(Nc3ccccc3)n2)cc1,0.496344545,1.903265005,0.19,0.18,369.428,5.0344
Cc1cc(C)cc(-c2[nH]c3ccccc3c2CN(C)CCc2ccc3ncncc3c2)c1,0.362570545,2.552243628,0.28,0.06,420.56,6.06944
Nc1ccc(-c2ccnc3[nH]ccc23)cc1-c1cnc[nH]1,0.49110738,2.678851561,0.61,0.26,275.315,3.2022
O=C(Nc1ccc(C(=O)N2CCC(N3CCCC3)CC2)cc1)N1Cc2ccncc2C1,0.828673485,2.378800407,0.08,0.07,419.529,3.3297
COc1ccc(-n2nc(C(C)(C)C)cc2NC(=O)Nc2ccc(Oc3ccnc4[nH]ccc34)cc2)cc1,0.249080665,2.550972271,0.28,0.19,496.571,6.491
CC(C)CN(CC(O)C(Cc1ccccc1)NC(=O)OCc1ccccc1)C(=O)c1ccccc1,0.422870634,2.882310569,0.01,0.01,474.601,4.6834
CC(C)c1ccc(NC(=O)c2ccc(C(C)(C)C)cc2)cc1,0.811095546,1.598714126,0,0,295.426,5.3598
COc1ccc(CNC(=O)c2cc(-c3cncc(C)c3)cnc2N)cc1,0.73968295,2.135491652,0.4,0.06,348.406,2.97282
COC(=O)C1=C(C)NC(=O)Nc2ccc(-c3cccc(C#N)c3)cc21,0.825269228,2.541304203,0.3,0,333.347,3.26438
COc1ccc(-c2n[nH]c3ccc(-c4cnn(C)c4)cc23)cc1,0.628461213,2.162410267,0.53,0.18,304.353,3.639
CC(C)(C)c1ccc(C=Cc2nc(N)nc(N)c2CN=C(O)c2ccnc3ccccc23)cc1,0.283737653,2.913983977,0.14,0.05,452.562,5.1619
O=C(NC1CCC(C(=O)O)CC1)c1ccc(Cl)c(-c2cccc3ccncc23)c1,0.641150064,2.256130167,0.21,0.2,408.885,4.9284
CC(C)C(NC(=O)Cn1ccc2ccccc21)C(=O)Nc1ccc(-c2ccc3c(c2)OCCO3)cc1,0.393446654,2.755216985,0.02,0.03,483.568,4.859
COc1ccc(-c2cccnc2C(=O)Nc2ccc(-c3csc4ccccc34)cc2)cc1,0.326269068,2.130335228,0.19,0.08,436.536,6.8912
CN(C)Cc1ccc(-c2cc3ncccc3c(Nc3ccc(N4CCOCC4)cc3)n2)cc1,0.459357763,2.296339697,0.28,0.29,439.563,4.9386
CCC(C)C(NC(=O)C1c2ccccc2COc2ccccc21)C(=O)NC(C)C,0.783785027,3.240980465,0,0.01,394.515,3.7664
Cc1cccc(-n2nccn2)c1OCCc1ccc2ccccc2c1,0.54633063,2.312821922,0.18,0.12,329.403,4.35042
COc1ccc(C=CC(=O)Nc2ccc(-c3ccnc4cc(OC)c(OC)cc34)cc2)cc1,0.380073463,2.143629062,0.28,0.17,440.499,5.5795
COc1ccc(-c2nc(N3CCOCC3)c3ccccc3n2)cc1,0.741508653,1.911550247,0,0,321.38,3.142
CC(C)CC(NC(=O)c1ccc(C2CC2)c(OCC2CC2)n1)C(=O)O,0.717478979,2.847835529,0.13,0.08,346.427,2.9769
COc1ccc(-c2ccccc2-c2cnc(-c3ccc(C(=O)O)c(C)c3)o2)cc1OC,0.435013078,2.238182375,0.08,0.06,415.445,5.69942
Cc1cc(C(=O)O)ccc1-c1ccc(F)c2c1CN(C(=O)C=Cc1ccccc1)CC2,0.603566968,2.393146011,0.01,0.02,415.464,5.09742
Cc1cccc(Nc2nccc(-c3cnc4ccccn34)n2)c1,0.624356474,2.259272805,0.81,0.3,301.353,3.84332
COC(=O)c1cn(C(=O)c2cccc(C(F)(F)F)c2)c2ccccc12,0.654939868,2.136567624,0,0.03,347.292,4.1352
COc1ccc(-c2nc(-c3cccc4ccccc34)n[nH]2)cc1,0.613512575,1.928553348,0.26,0.03,301.349,4.3005
COc1ccc(Nc2ncc(C(N)=O)nc2N)cc1,0.751040048,2.212578116,0.48,0.29,259.269,0.9099
COc1ccc(-c2ccc(NC(=O)c3ccccc3C(=O)Nc3ccccc3)cc2)cc1OC,0.367376953,1.837379052,0.02,0.02,452.51,5.8754
Cc1ccc(-c2ccc3c(c2)Nc2ccccc2NC3=O)cc1,0.665794535,2.00465091,0.7,0.07,300.361,4.97132
CN(C)Cc1ccc2cc3ncnc(Nc4ccccc4)nc3c2c1,0.61455072,2.341887696,0.44,0.24,329.407,3.9348
COc1ccc2c(c1)C(=O)c1ccc(-c3cncc(C(=O)O)c3)cc1C2=O,0.603535376,2.186548634,0.19,0.09,359.337,3.2308
O=C(NC1CCCCC1)c1cnc(-c2ccc(Cl)cc2)cc1Cl,0.835841396,1.998446067,0.09,0.04,349.261,5.1179
COc1cccc(-c2nc(Nc3ccccc3)nc(NC3CCCCC3)n2)c1,0.629114897,2.114684097,0.35,0.25,375.476,5.0354
O=C1Nc2cc(Cl)ccc2N=C1c1ccc2ccccc2n1,0.58178618,2.070802924,0.26,0.1,307.74,3.7917
COc1ccc(-n2cc(C(=O)Nc3ccc(CN4CCNCC4=O)c4ccccc34)nc2N)cn1,0.393344376,2.871229524,0.21,0.16,471.521,2.1954
Cc1ccc(-c2ccc(C(=O)NC(=N)Nc3ccccc3)cc2)cc1,0.491185592,1.963095467,0.01,0,329.403,4.43869
COc1ccc(-c2nc(Nc3ccc(C(=O)Nc4ccccc4)cc3)[nH]n2)cc1,0.455215978,2.022091347,0.15,0.19,385.427,4.4762
CC(=O)Nc1nc(C)c(-c2cnc(Nc3cccc(C(=O)O)c3)s2)cc1OC,0.576501226,2.568861983,0.16,0.14,398.444,3.92232
Cn1c(Nc2c(Cl)ccc(CNC(=O)C(C)(C)C)c2)nc2ccccc21,0.703323068,2.258371797,0.02,0.04,370.884,4.6326
CC(C)c1cccc(C(C)C)c1NC(=O)NCC(=O)c1ccc(-c2ccccc2)o1,0.460729192,2.330541615,0.01,0.01,404.51,6.1978
COc1ccccc1-c1ccc(C(=O)Nc2ccc(Cl)cc2C(=O)Nc2ccc(Cl)cn2)cc1,0.319212651,2.056787119,0.1,0.03,492.362,6.5686
COc1ccc(-c2ccc3c(N4CCOCC4C)nc(N4CCOCC4C)nc3n2)cc1,0.618933374,3.412299361,0.03,0.01,435.528,3.1506
CC(C)CC(NC(=O)C(Cc1ccccc1)NC(=O)C(Cc1ccccc1)NC(=O)OCc1ccccc1)C(=O)C(N)=O,0.200716864,3.267763412,0,0.01,586.689,2.8369
COc1ccc(-c2ccc3c(c2)Nc2ccccc2NC3=O)cc1,0.722008455,2.006317419,0.79,0.06,316.36,4.6715
CC(=O)c1ccc(Nc2nccc(-c3cnc4ccccn34)n2)cc1,0.577510563,2.271004872,0.7,0.51,329.363,3.7375
COc1ccc(-c2ccc3c(c2)Nc2ccccc2NC3=O)cc1,0.722008455,2.006317419,0.79,0.06,316.36,4.6715
Cc1cc(Nc2cc(C(F)(F)F)ccn2)nc(-c2ccc(NC3CCN(C(=O)c4ccc(C#N)cc4)CC3)nc2)c1,0.290816386,2.805203406,0.23,0.22,557.58,6.1978
COc1ccc(C(=O)Nc2nc(-c3ccccc3)cs2)cc1OC,0.760136042,1.712573272,0.01,0.02,340.404,4.0796
COc1ccc(-c2ccc3ncnc(Nc4cccc(O)c4)c3c2)cc1OC,0.525059216,2.080320365,0.49,0.38,373.412,4.7632
COc1ccc(-c2ccc3c(N4CCOCC4C)nc(N4CCOCC4C)nc3n2)cc1,0.618933374,3.412299361,0.03,0.01,435.528,3.1506
COc1ccc(-c2nc(O)c3ccccc3n2)cc1,0.761321162,1.802674678,0.02,0.01,252.273,3.011
COc1ccc(C(=O)Nc2ccc3c(c2)-c2c(c(C(N)=O)nn2-c2ccc(S(C)(=O)=O)cc2)CC3)cc1,0.403539213,2.446149903,0.09,0.03,516.579,3.4012
CC(=O)Nc1cc(-c2cccc(C(F)(F)F)c2)nc(Nc2ccc(N3CCOCC3)cc2)n1,0.578306147,2.378656266,0.21,0.27,457.456,4.701
O=C1NC(=O)C(=Cc2ccc(Br)cc2)S1,0.806510816,2.198088064,0.609369676,0.38,284.134,2.773
COc1ccc(CNc2nc(Nc3cc(C4CC4)[nH]n3)cc(OC)c2OC)cc1,0.502889375,2.55749254,0.38,0.06,395.463,4.0636
COc1ccc(-c2cccc(Nc3cc(NC4CCCCC4)ncc3Cl)n2)cc1,0.501201595,2.309630351,0.35,0.31,408.933,6.2938
COc1ccc(-c2ccc3c(c2)Nc2ccccc2NC3=O)cc1,0.722008455,2.006317419,0.79,0.06,316.36,4.6715
CC(C)(C)c1ccc(NC(=O)Nc2ccc(Oc3ccnc(Nc4ccc5ccccc5c4)c3)nc2)cc1,0.217789766,2.417884918,0.27,0.33,503.606,8.1072
COc1ccc(-c2csc(Nc3ccccc3)n2)cc1,0.761230449,1.648963775,0.23,0.13,282.368,4.5623
COc1ccc(CCNC(=O)c2ccc(-c3csc(N)n3)cc2)cc1OC,0.65311868,1.974857031,0.12,0,383.473,3.382
CC(C)c1ccc(NC(=O)Nc2ccc(Oc3ccnc(Nc4cccc(NC(=O)CCCCC(=O)O)c4)c3)cc2)cc1,0.100808197,2.453438984,0.17,0.15,581.673,7.9684
COc1ccc(-c2cnc(Nc3cccc(CNc4ccncc4)n3)cc2)cc1,0.472760193,2.244074761,0.36,0.25,383.455,4.9029
CC(=O)Nc1ccc(C(=O)Nc2cccc(CNc3nccc(Nc4ccccc4S(=O)(=O)C(C)C)n3)c2)cc1,0.207407498,2.501758479,0.31,0.19,558.664,5.2251
O=C1CCC(=O)N1C1CC=C(c2cccc3c2OCO3)C1,0.780929314,3.289566616,0.02,0.05,285.299,2.1101
O=C1CCc2ccccc2N1C1CCN(C2CCCCC2)CC1,0.829867547,2.193829366,0.03,0.02,312.457,3.7629
Cc1ccc(-c2cnc(Nc3cccc(N4CCOCC4)c3)o2)cc1,0.773062426,2.193819843,0.25,0.14,335.407,4.23022
Cn1c(Nc2c(Cl)ccc(CNC(=O)C(C)(C)C)c2Cl)nc2cc(C(=O)Nc3ccncc3)ccc21,0.289658681,2.680529879,0.12,0.06,525.44,5.9333
COc1ccc(-c2nc(N)nc(N)c2-c2ccc(NC(=O)CCN)cc2)cc1,0.515126805,2.202434419,0.24,0.07,378.436,2.2709
CCC(C)C(N)CNc1nc(Nc2ccccc2)ncc1[N+](=O)[O-],0.502615856,3.124635598,0.57,0.27,330.392,2.9137
COc1ccc(-n2nc(C(C)(C)C)cc2NC(=O)Nc2ccc(Oc3ccnc(Nc4cccc(NS(C)(=O)=O)c4)c3)cc2OC)cc1,0.11460993,2.855526818,0.2,0.22,671.78,7.1334
Cc1ccc(C(=O)Nc2cccc(C(F)(F)F)c2)cc1Nc1ncnc2cnc(Nc3ccccc3)nc12,0.237523431,2.472681909,0.54,0.38,515.499,6.48652
COc1ccc(-c2nc(-c3ccc(SC(C)(C)C)cc3)no2)cc1,0.602932251,2.117984614,0.02,0.01,340.448,5.3028
CC(C)(O)C(=O)N1CC=C(c2cnc(Nc3ccc(C(F)(F)F)cc3)cc2)CC1,0.799088587,2.625981268,0.21,0.2,405.42,4.2306
Cc1cc(C)cc(C(=O)Nc2ccc(-c3ccccc3)cc2)c1,0.705467892,1.531608304,0.02,0.01,301.389,5.22274
CC(C)Oc1ccc(Nc2ncc(N3CCOCC3)cc2-c2nc(C(=O)O)cs2)cc1,0.562229136,2.554661007,0.17,0.25,440.525,4.2707
CC(C)c1ccc(Nc2ncc(C(F)(F)F)c(Nc3cccc4ccccc34)n2)cc1,0.355352807,2.255446011,0.57,0.35,422.454,7.2592
COc1cc(C(=O)NC(=N)Nc2ccc(Cl)c(C(F)(F)F)c2)cc(OC)c1OC,0.488044185,2.495703383,0.01,0.01,431.798,4.16127
CC(=O)c1ccc(-c2ccc(OCC(C)(C)NC(=O)C3CNC3)cc2)cc1,0.739337832,2.26297027,0.09,0.07,366.461,3.0492
CN(C)C(=O)c1ccc(Nc2cc(Nc3ccccc3)ncn2)cc1,0.745428048,2.020308928,0.22,0.45,333.395,3.6656
Cc1ccc(-c2ccccc2)cc1NC(=O)c1ccc(N2C(=O)C3C(C)(C)C2C(=O)CC32CC2)cc1,0.498266936,4.547169306,0.05,0.05,478.592,6.02492
O=C(Nc1ccc(Cl)cc1)c1ccc(-c2noc(C(F)(F)F)n2)cc1,0.730613218,2.007206621,0.08,0.02,367.714,4.6611
CCC(=O)c1ccc(S(=O)(=O)Nc2ccc(Cl)c(C(=O)c3ccccc3)c2)cc1,0.539900059,1.961514494,0,0,427.909,4.9645
CCCCC1(C)CS(=O)(=O)c2cc(CNC(=O)CC)ccc2N1C(=O)CC,0.769718866,3.467799739,0.02,0.02,394.537,3.192
Cc1cc(Nc2nccc(-c3cnn4ncccc34)n2)ccn1,0.626382821,2.681303574,0.96,0.31,303.329,2.63332
CC(C)(C)C(=O)CN1C(=O)N(CC(=O)Nc2ccc(F)c(C(=O)O)c2)C(=O)N1c1ccc(Cl)cc1,0.50787372,2.732407189,0.03,0,504.902,2.5453
CNC(=O)c1ccc2c(c1)nc(Nc1ccccc1)n2C1CCCCC1,0.72168376,2.146754996,0.08,0.12,348.45,4.6447
COc1ccc(N2CCC(c3ccc(C(F)(C(F)(F)F)C(F)(F)F)cc3)(S(=O)(=O)c3ccc(C(C)C)cc3)C2)c(OC)c1,0.238241176,3.53459081,0.06,0,633.626,7.6961
COc1ccc(-c2ccccc2Oc2ccc(C(=O)Nc3ccccc3N)cn2)cc1,0.415863967,2.020374473,0.23,0.08,411.461,5.384
COc1ccc(-c2cc(C(N)=O)nc3[nH]ccc23)cc1OC,0.773070632,2.289656112,0.35,0.11,297.314,2.346
COc1ccc(CCNC(=O)CNC(=O)c2ccc(-c3ccc(F)cc3)cc2)cc1OC,0.537491716,1.897049485,0.07,0.01,436.483,3.5986
Cc1ccc(-n2nc(C3CCN(S(=O)c4ccccc4)CC3)cc2N=C(O)c2cnn3cccnc23)cc1,0.254435484,3.768661907,0.13,0.02,525.638,4.76192
COc1cc(Nc2nccc(-c3cnn4ccccc34)n2)cc(OC)c1OC,0.549970527,2.432995579,0.88,0.34,377.404,3.5607
CC(C)CC(NC(=O)c1ccc(C2CC2)c(OCC2CC2)n1)C(=O)C(=O)CCC,0.539058069,3.14373586,0.12,0.1,400.519,3.8306
O=C1NC(=O)C(=Cc2ccc(-c3ccccc3)[nH]2)C1=O,0.37187745,2.559382192,0.51,0.22,266.256,1.2906
O=C1NC(=O)C(=Cc2ccc(-c3ccc(Cl)cc3)c(Cl)c2)S1,0.77690595,2.178911447,0.66,0.29,350.226,4.9843
Cc1cc(C(=O)O)nc(Nc2ccc(NC(=O)c3ccccc3)cc2)n1,0.651975133,1.902773356,0.08,0.07,348.362,3.47912
COc1ccc(-c2ccc3ccccc3c2-c2cc(O)c(O)c(C=O)c2)cc1OC,0.345792106,2.324061906,0.13,0.04,400.43,5.4147
Nc1nc(NCc2ccc(-c3ccccc3)cc2)nc(N2CCOCC2)c1,0.72688184,2.144341731,0.19,0.06,361.449,3.1745
COc1ccc(-c2nc(Nc3ccccc3)n(-c3ccccc3)n2)cc1,0.571711281,1.952851867,0.15,0.26,342.402,4.6865
Cc1cccc(-c2nc(N)c3cc(CNc4cc(Cl)ccc4NC(=O)C4CC4)ccn23)c1,0.365251479,2.590314236,0.31,0.02,445.954,5.50592
CCCc1c(OC)nc(-c2ccc(-c3ccccc3)cc2)nc1N1CCOCC1,0.616169586,2.239098044,0.04,0.01,389.499,4.6083
CC(C)(C)c1ccc(Nc2ncc(-c3ccc(N4CCCCC4)cc3)cc2NC(=O)Cc2ccccc2)cc1,0.260524647,2.35674411,0.18,0.28,518.705,7.9612
COc1ccc(Cl)cc1Nc1nc(Nc2cccc(S(N)(=O)=O)c2)ncc1F,0.555294335,2.26913713,0.62,0.45,423.857,3.4123
Cc1ccc(NC(=O)c2ccc(N(C)C)cc2)cc1Nc1ncnc2cnc(NCC(F)F)nc21,0.340583773,2.676804972,0.31,0.26,478.507,4.46712
CC(=O)Nc1ccc(CNC(=O)c2cnc(Nc3ccccc3)nc2N)cc1,0.524627333,2.02214216,0.47,0.13,376.42,2.6908
COc1ccc(-n2nc(C(N)=O)c3c2-c2cc(NC(=O)c4ccccc4)ccc2CC3)cc1,0.49199066,2.254807847,0.08,0.01,438.487,3.9977
COc1ccc(Nc2ccc(Nc3ccccc3)cc2)nc1NC(=O)Cc1ccccc1,0.335343392,2.071686456,0.04,0.08,424.504,5.7586
Nc1ncnc(Nc2ccc(-c3ccccc3)cc2)n1,0.759442709,1.847390893,0.46,0.53,263.304,2.8644
COc1cc(CNC(=O)c2ccc(-c3ccnc(Nc4ccccc4)n3)cc2)ccc1OC,0.408052005,1.997848738,0.67,0.32,440.503,4.8344
O=C(Nc1ccc(OC(F)(F)F)cc1)c1cnc(N2CCC(O)C2)c(-c2ccco2)c1,0.631046227,2.939160271,0.1,0.04,433.386,4.0635
COc1ccc(Nc2ncc(Nc3ccccc3)cc2-c2nc(-c3ccccc3)cs2)cc1,0.271062242,2.224879036,0.27,0.34,450.567,7.3679
Cc1ccc(C(C)NC(=O)c2cc(Nc3ccc(C#N)cc3)ccn2)cc1,0.705616639,2.504276585,0.12,0.15,356.429,4.4963
CCN(CC)C(=O)c1ccc(N2CCN(c3cccc(C(=O)O)c3)CC2)cc1,0.832540561,1.961702384,0,0,381.476,3.1934
Cc1cc(C(=O)O)ccc1-c1ccc2c(c1)N(c1cccc(C(F)(F)F)c1)CC2,0.582859281,2.233921332,0.09,0.04,397.396,6.07322
O=C(CCCCCCC(=O)Nc1ccc(-c2cncc3ccncc23)cc1)NO,0.289100418,2.32610613,0.35,0.13,392.459,4.0813
Cc1ccc(-c2nc(C(=O)Nc3ccccc3CNC(=O)COc3ccccc3)sc2-c2ccccc2)cc1,0.220086253,2.308574424,0.04,0.05,533.653,6.73302
CCCC(=O)Nc1n[nH]c2ncc(-c3ccccc3)cc21,0.769418044,2.158598475,1,0.09,280.331,3.3635
O=C(NCCN1CCCCC1)c1ccc2ccccc2n1,0.937179432,1.839410618,0.02,0,283.375,2.4505
O=C1NCc2c(-c3ccccc3)cccc2N1c1c(Cl)cccc1Cl,0.588460698,2.271076236,0.28,0.1,369.251,6.0217
CC(C)(C)OC(=O)N1CC(=O)C(c2ccc(OCCCC(F)(F)F)cc2)C1,0.706725853,3.013317758,0.01,0.01,387.398,4.3113
Cc1ccc(C(=O)Nc2cc(N(C)CCN(C)C)cc(NC(=O)c3ccccc3)c2)nc1,0.56580616,2.299030973,0.02,0.05,431.54,3.89242
CC(C)=CCn1c(N2CCCC(N)C2)nc2ccccc21,0.881565852,2.852348999,0.03,0.03,284.407,2.93
COc1ccc(NC(=O)Nc2ccc(-c3nc(N4CCOCC4)c4ncccc4n3)cc2)cc1,0.464486894,2.2608594,0.14,0.12,456.506,4.181
COc1ccc(-c2nc(-c3ccc(C)nc3)c(C(=O)O)s2)cc1,0.787289943,2.117820246,0.08,0.15,326.377,3.88732
CC(=O)NC(C)c1ccc(OC2CCN(c3ccnc(N4CCCC4)n3)C2)cc1,0.810989978,3.095127868,0.09,0.09,395.507,2.9316
CC(=O)Nc1ccc(-c2nc(Nc3ccccc3)nc(NCC(C)C)n2)cc1,0.569074595,2.126853699,0.13,0.11,376.464,4.3085
CN(C)C(=O)Cn1c2ccccc2c2ncnc(Nc3ccc(NC(=O)Nc4cccc(Cl)c4)cc3)c21,0.269455607,2.493824231,0.2,0.1,513.989,5.7137
O=C(Nc1ccc(Cl)cc1)c1ccc(-c2noc(C(F)(F)F)n2)cc1,0.730613218,2.007206621,0.08,0.02,367.714,4.6611
Cc1cccc(-n2nc(C3CCN(C4CCCC4)CC3)cc2N=C(O)c2cnn3cccnc23)c1,0.329129571,3.110274033,0.17,0.05,469.593,4.98172
CC(C)(C)OC(=O)NC(Cc1ccccc1)C(=O)NC(C=O)Cc1ccccc1,0.671918531,2.781044778,0,0.01,396.487,3.0488
O=C1NC(=O)C(=Cc2ccc(-c3ccc(O)c(Cl)c3)o2)S1,0.825617129,2.491421195,0.6,0.34,321.741,3.6295
N#Cc1ccc(Nc2ncc(C(=O)Nc3ccccc3C(F)(F)F)s2)cc1,0.657168288,2.274264019,0.11,0.3,388.374,5.02948
N#Cc1cc(-c2ccnc(Nc3ccc(N4CCOCC4)cc3)n2)ccc1OC1CCOCC1,0.590117542,2.575278122,0.66,0.71,457.534,4.15328
CC(=O)Nc1ccc(-c2nc(Nc3ccccc3)nc(N)n2)cc1,0.682323855,1.9340415,0.19,0.13,320.356,2.8228
O=C(Nc1cc(C(O)=NCc2cccnc2)nn1-c1ccccc1)c1ccccc1-c1ccccc1,0.234555266,2.499387153,0.11,0.03,473.536,5.6914
O=C(Nc1ccc(C(F)(F)F)cc1)Nc1ccccc1Cl,0.804090298,1.661788183,0,0.01,314.694,5.0028
COc1ccc(NS(=O)(=O)c2ccc(NC(=O)Nc3ccc(-c4ccccc4)cc3)cc2)cc1,0.315689332,1.856465551,0.04,0,473.554,5.807
CC(C)C(=O)Nc1ccc(Cl)c(-c2nc(N3CCOCC3)c3cnn(C4CCCCC4)c3n2)c1,0.545250556,2.64683227,0.09,0.08,483.016,5.083
CC(=O)Nc1ccc(OC)c(-c2cnc3ccccn23)c1,0.802663063,2.108316697,0.07,0.07,281.315,2.9683
Cc1cc(C(=O)Nc2ccc(C(=N)Nc3ccccc3N)cc2)n(-c2ccccc2)n1,0.221306821,2.36685271,0.04,0.05,410.481,4.45269
CN(C)C(=O)Cn1c2ccccc2c2cnc(Nc3ccc(Nc4ccccc4)nc3)cc21,0.384571453,2.446992007,0.18,0.31,436.519,5.1599
COc1ccc(CNC(=O)c2cc(-c3ccccc3)n(-c3ccccc3)n2)cc1,0.534146371,1.871938768,0.07,0.02,383.451,4.4779
CN(C)CCN(C)CCC=C(c1ccccc1)c1ccc(Cl)c(C(=O)c2cccnc2)c1,0.395955972,2.535058953,0.03,0.01,448.01,5.2812
O=C1NC(=O)C(=Cc2ccc(-c3ccccc3)cc2)S1,0.854122807,1.941004124,0.58,0.23,281.336,3.6775
CC(C)(C)c1ccc(CNC(=O)c2ccc(-c3cccc4ccccc34)cc2)cc1,0.40886641,1.812198541,0.12,0.03,393.53,6.7343
COc1ccc(F)cc1-c1ccnc2[nH]c(C3CCCC3)cc12,0.7360441,2.382444251,0.47,0.12,310.372,5.0352
C#CCOc1ccc(C(=O)C=Cc2cccc3ccccc23)cc1,0.38600184,2.080764233,0,0.06,312.368,4.7479
COc1ccc(-c2ccc(S(=O)(=O)NC(C(=O)O)C(C)C)o2)cc1,0.791299778,2.609541082,0.03,0.01,353.396,2.3427
COc1cc(C(=O)NC(=N)Nc2ccc(N3CCCCC3=O)cc2)cc(OC)c1OC,0.483476809,2.456785401,0.02,0.01,426.473,3.00597
COc1ccc(C(=O)C(C)(C)NC(=O)C(C)(C)C)c2ccccc21,0.864501871,2.333997467,0.01,0.02,327.424,3.972
Nc1ncc(-c2ccc(-c3ccccc3)cc2)nn1,0.756967789,1.902779987,0.22,0.12,248.289,2.7878
CC(C)C(CO)n1cc(C(=O)c2cncc(NC(=O)Cc3ccccc3Cl)c2)c2cnccc21,0.359558088,3.131848586,0.08,0.05,476.964,4.6863
COc1ccc(Nc2ncc(C(N)=O)c(Nc3ccccc3)n2)cc1,0.639658763,1.928657005,0.77,0.49,335.367,3.0713
Cc1cccc(Nc2nccc(Nc3ccccc3)n2)c1,0.746728862,1.841052057,0.8,0.36,276.343,4.27222
CCC(C)C(=O)Nc1ccc(N2CCN(C(=O)CC(C)C)CC2)cc1,0.859942171,2.40453424,0,0,345.487,3.3659
Cc1cc(Nc2cc(C(F)(F)F)ccn2)nc(-c2ccc(C(C)N3CCCCC3)nn2)c1,0.558766247,3.239069378,0.23,0.22,442.489,5.55132
COc1ccc(C(=O)Nc2ccc(-c3cccc4[nH]ncc34)cc2)cc1OC,0.540011839,1.946780194,0.59,0.14,373.412,4.4994
COc1ccc(C(=O)Nc2ccc(F)c(C(F)(F)F)c2)cc1Nc1ncnc2cnc(Nc3ccccc3)nc21,0.202072037,2.592992981,0.55,0.48,549.488,6.3258
COc1cccc(CNC(=O)c2ccc(-c3cccnc3)c(OCCOC)c2)c1,0.562344782,2.015088548,0.31,0.03,392.455,3.7124
CCC(C)C(NC(=O)C(Cc1ccccc1)NC(=O)OCc1ccccc1)C(=O)NC(C)C,0.484519755,2.946187154,0,0.01,453.583,3.5796
COc1ccc(-c2ccc3ncccc3c2)cc1-c1ncccn1,0.563382483,2.055458589,0.24,0.11,313.36,4.3674
N#Cc1ccc(C(=O)Nc2ccc(-c3ccccc3)cc2)cc1,0.774861306,1.531314974,0.02,0.03,298.345,4.47758
CC(C)n1c(-c2ccccc2)nc2cc(NC(=O)CCc3ccccc3)ccc21,0.453496548,1.978633603,0.02,0,383.495,5.8555
CC(C)C(NC(=O)c1ccc(C2CC2)c(OCC2CC2)n1)c1ncco1,0.77780454,3.260710221,0.1,0.1,355.438,3.8629
O=C(Nc1ccccc1)c1ccccc1Nc1ccc(Nc2ccccc2)cc1,0.361920316,1.661688999,0.02,0.06,379.463,6.4261
CN(C)c1ccc(C(=O)Nc2ccc(Cl)c(C(=O)c3cncc(NC(=O)Cc4ccc(Cl)cc4)c3)c2)CC1,0.341454989,2.829035751,0.04,0.06,549.458,5.9048
O=C1NC(=O)C(=Cc2ccc(-c3ccccc3)o2)S1,0.851525657,2.202798314,0.44,0.26,271.297,3.2705
CCOc1ccc(CN2CCC(Nc3cccc4cnccc34)C2)cc1,0.720494868,2.491138355,0.19,0.11,347.462,4.3199
CN(C)c1ccc(CNC(=O)c2ccc(Nc3nccc(-c4cnc(N5CCOCC5)c(C#N)c4)n3)cc2)cc1,0.345809629,2.634679433,0.51,0.35,534.624,3.98648
O=C(Nc1ccc(Cl)cc1)c1ccccc1Nc1ccc(Nc2ccccc2)cc1,0.31626904,1.751896236,0.02,0.11,413.908,7.0795
COc1ccc(Nc2ncc(-c3cnc(N)cn3)cc2)cc1OC,0.745053652,2.250799359,0.32,0.38,323.356,2.8816
Cc1ccc(C(=O)Nc2ccc(Cl)c(C(F)(F)F)c2)cc1Nc1ncnc2cnc(NCc3ccccc3)nc12,0.195555455,2.593000269,0.41,0.22,563.971,7.00842
Cc1ccc(-c2nc(-c3ccc(C)cc3)c3n2CC(C)OCC3)cc1,0.674145793,2.872013922,0.04,0.01,332.447,4.79514
O=C(NC1CC1)c1ccc(-c2cnc3ccc(Nc4ccccn4)cc3n2)cc1,0.537907979,2.157395962,0.22,0.43,381.439,4.3276
Cc1ccc(C(=O)Nc2cc(N(C)CCN(C)C)cc(C(F)(F)F)c2)cc1Nc1ncnc2cnc(NCc3ccccc3)nc12,0.153889385,2.943425008,0.33,0.16,629.691,6.35282
O=C1NC(=O)C(c2cn(-c3ccccc3)cc2-c2ccccc2)O1,0.804375449,2.959907963,0.21,0.01,318.332,3.4518
CN(C)C(=O)c1ccc(-c2nc(-c3cccc4c3CCC4NS(C)(=O)=O)no2)cc1Cl,0.625858251,3.058017866,0.13,0.07,460.943,3.2953
Cc1cc(C)cc(-c2[nH]c3ccc(C(C)(C)C(=O)N4C5CCC4CC5)cc3c2C(=O)c2ccccc2)c1,0.30304507,3.436436045,0.14,0.02,490.647,7.11374
Cc1cc(-c2ccccc2)cc(NC(=O)c2ccc(CNc3ccccc3C(=O)O)cn2)c1,0.349049482,2.1111489,0.11,0.12,437.499,5.61962
Cc1cccc(-c2nc(N)c3cc(-c4ccccc4)ccc3n2)c1,0.575233242,1.872199617,0.14,0,311.388,4.85442
O=S(=O)(c1cccc2ccccc12)c1n[nH]c2ccccc12,0.615742135,2.178934896,0.25,0.07,308.362,3.5489
CC(C)c1cc(-c2cccc3c(O)cc(C(=O)O)cc23)ccc1O,0.650636977,2.194203433,0.11,0.03,322.36,4.7396
COc1ccc(-c2nnc(C(=O)Nc3ccc(CN4CCC(O)CC4)cc3)o2)cc1,0.646629594,2.189687295,0.03,0.01,408.458,2.9542
COc1ccc(CNc2nc(Nc3cccc(N4CCOCC4)c3)ncc2N)cc1,0.550082689,2.295776305,0.53,0.3,406.49,3.2597
CN1CCN(c2ccc(C(=O)Nc3cc(-c4ccccc4)ccc3NC(=O)c3ccc(C(F)(F)F)cc3)cc2)CC1,0.278972941,2.266938317,0.02,0.06,558.604,6.6288
CNC(=O)c1cc(Oc2ccc3c(c2)CCC(=O)N3)ccc1-n1c(C)nnc1C,0.712583517,2.573735466,0.05,0.05,391.431,2.92074
CC(=O)Nc1cc(Nc2ccc(NC(=O)CCC)c3cccnc23)ncn1,0.617883341,2.373798889,0.14,0.12,364.409,3.4654
COc1ccc(C(=O)Nc2ccc(-c3ncccc3-c3ccncc3)cc2)cc1,0.524062594,1.908064198,0.21,0.12,381.435,5.0715
O=C(Nc1cnccc1Nc1ccccc1)Nc1ccc(-c2nc(N3CCOCC3)c3ccccc3n2)cc1,0.256960922,2.452798073,0.26,0.19,517.593,5.916
CC(=O)Nc1ccc(-c2ncc(C(=O)Nc3ccc(OC)c(C(F)(F)F)c3)c(C(C)C)n2)cc1,0.493876159,2.423328487,0.1,0.08,472.467,5.5051
CCCN(CC(C)C)C(=O)c1ccc(N(c2ccccc2)C2=NC(C)CC2=O)cc1,0.644440836,3.169829851,0.01,0.03,405.542,5.0927
CN(C)C(=O)c1ccc(Nc2nccc(Nc3ccccc3NC(=O)CCCN)n2)cc1,0.407716995,2.32336039,0.41,0.34,433.516,3.343
N#Cc1cc(C(=O)Nc2ccc(-c3ccccc3S(N)(=O)=O)cc2)c(Br)cn1,0.622022441,2.339085059,0.21,0.09,457.309,3.28248
CN(C)C(=O)CCNC(=O)c1ccc(-c2noc(C(F)(F)F)n2)cc1,0.884804839,2.280889698,0.06,0.01,356.304,1.9635
CN(C)C(=O)c1cc2cnc(Nc3ccc(N4CCOCC4)cc3)nc2n1C1CCCCC1,0.629967732,2.580820853,0.42,0.56,448.571,4.2185
COc1ccc2c(c1)c(C(=O)NCc1ccc(C#N)cc1)nn2C1CCCCC1,0.704512161,2.311028658,0.06,0.01,388.471,4.35178
COc1ccc(-c2nc(-c3ccccc3)c(-c3ccc(C4(N)CCC4)cc3)n2-c2ccc(C(C)C)cc2)cc1,0.237899732,2.497196908,0.05,0.03,513.685,8.3432
CN(C)C(=O)c1ccc(-c2noc(C(F)(F)F)n2)cc1,0.85006324,2.185959385,0.07,0.02,285.225,2.4572
O=C(NCc1ccc(Cl)cc1Cl)c1nnc(-c2ccncc2)o1,0.781091638,2.227400612,0.28,0.03,349.177,3.3684
Cc1cc(-c2ccccc2)nc(NN=Cc2ccc(C(=O)O)cc2)n1,0.550472556,2.055026236,0.03,0.02,332.363,3.59622
O=C(Nc1ccc(Cl)cc1)C1C(=O)Nc2ccc(Br)cc21,0.795859907,2.559583458,0.15,0.01,365.614,3.7769
Cc1ccc(C(=O)Nc2cccc(C(C)(C)C)c2)cc1Nc1ncnc2cnc(NCc3ccccc3)nc12,0.222391965,2.505284545,0.39,0.19,517.637,6.63372
COc1ccc(CNC(=O)c2ccc(Nc3ncc(-c4cccc(N5CCOCC5)n4)cc3)nc2)cc1,0.376719317,2.440525526,0.13,0.12,496.571,4.0574
O=C(NC1CCCCC1)c1cnc(Oc2ccc3cc(Cl)ccc3c2)o1,0.673136769,2.506871595,0.04,0.06,370.836,5.336
Cc1ccc(Nc2ncc(N3CCOCC3)c3nc(-c4ccc(NC(=O)Nc5ccccc5)cc4)ncc23)cc1,0.23877151,2.534020059,0.19,0.18,531.62,6.22442
COc1ccc(-c2nc(Nc3ccccc3)nc(N)n2)cc1,0.768943692,1.845301001,0.17,0.12,293.33,2.873
COc1ccc(-c2cc(Nc3ccc(N4CCOCC4)cc3)nn2CCCCCNC(=N)N)cc1,0.188738278,2.570502298,0.16,0.13,477.613,3.79227
CNc1nc(Nc2cc(OC)c(-c3ccccc3)cc2)nc(N2CCOCC2)n1,0.661779769,2.278240306,0.09,0.15,392.463,3.1691
COc1ccc(NC(=O)Nc2ccc(-c3ncccc3-c3ccncc3)cc2)cc1,0.469393777,1.983794138,0.44,0.17,396.45,5.4632
Cc1cc(C(=O)Nc2cccc(C(F)(F)F)c2)ccc1Nc1ncnc2cnc(NCc3ccccc3)nc21,0.225501364,2.512515452,0.39,0.25,529.526,6.35502
Cc1cc(Nc2cc(C(F)(F)F)ccn2)nc(-c2cnc(Nc3cccc(N4CCOCC4)c3)nc2)c1,0.349583355,2.742577965,0.46,0.33,507.52,5.58462
COc1cc(-c2cnn(C(C)C)c2)ccc1Nc1nccc(-c2cnc3ccccn23)n1,0.41279263,2.69834735,0.61,0.41,425.496,4.9879
CCCCCCCCN(C)C(=O)c1cccc(-c2ccccc2)c1,0.535107674,1.761526449,0.03,0.01,323.48,5.7861
COc1ccc(-c2ccc(N3CCNCC3)c3ccccc23)cc1,0.791851233,1.90714678,0.18,0.02,318.42,3.925
COc1ccc(-c2nc(-c3ccc(Cl)cc3)c3n2CC(C)OCC3)cc1,0.663260764,2.873423637,0.06,0.04,368.864,4.8403
Cc1ccccc1Nc1nc(Nc2ccc(N3CCOCC3)cc2)ncc1Cl,0.648890091,2.160157076,0.51,0.7,395.894,4.76222
COc1ccc(Nc2ncc(C(=O)Nc3ccc(C)c(C(F)(F)F)c3)cc2N2CC(C)CC2)cc1,0.432398032,2.916351828,0.12,0.21,484.522,6.25952
O=C1NC(=O)c2c1c1c3ccccc3nc-1c1c2c2cc(c2-n1)C(=O)NC(=O)CCCN1CCOCC1,0.370807208,2.993498742,0.2,0,495.495,1.9733
Cc1ccc(-c2ccccc2)cc1NC(=O)c1ccc(N2CCCCC2)cc1,0.619528558,1.741814111,0.01,0.05,370.496,5.90462
COc1ccc(CNc2ncc(Cl)c(Nc3ccccc3S(=O)(=O)C(C)C)n2)cc1OC,0.458381537,2.403449901,0.55,0.34,476.986,4.685
O=C(Nc1ccccc1)c1ccc(NC(=O)N2Cc3ccccc3C2)cc1,0.725581017,1.765662086,0,0,357.413,4.4866
COc1ccc(S(=O)(=O)Nc2ccc(C(=O)Nc3ccccc3N)cc2)cc1OC,0.497625668,1.897883923,0.02,0,427.482,3.3391
COc1ccc(Nc2ncc(C(=O)Nc3ccccc3)cc2-c2ncccc2NC(=O)c2ccncc2)cc1,0.238676068,2.413768756,0.12,0.2,516.561,5.7954
COc1ccc(Nc2ncc(C(=O)Nc3ccccc3N3CCCCC3)nn2)cc1,0.644251731,2.228482424,0.35,0.31,404.474,3.8664
CCN1CCN(c2cccc3c2nc(-c2ccccc2Cl)n3-c2ccc(Cl)cc2)CC1,0.372549338,2.248942165,0.03,0.02,451.401,6.1412
CC(=O)Nc1ccc(NC(=O)c2ccc(-c3cccc4c(Nc5ccccc5)n[nH]c34)cc2)cc1,0.242468971,2.225146642,0.37,0.17,461.525,6.1842
O=C1NC(=O)C(=Cc2ccc(-c3cccc(Cl)c3)cc2)S1,0.838937599,2.070371313,0.62,0.21,315.781,4.3309
O=C(NC1CCC(CCN2CCOCC2)CC1)c1ccc(-c2ccc(F)cn2)cc1,0.783415204,2.248719837,0.11,0.07,411.521,3.8986
CC(C)C1CNCCOC(c2ccc(F)cc2)C1,0.87152362,3.115976077,0.05,0.01,251.345,3.1489
COc1ccc(-n2nc(C(C)(C)C)cc2NC(=O)Nc2ccc(OC)cc2)cc1,0.649654958,2.038381161,0.15,0.01,394.475,4.831
CC(=O)Nc1ccc(-c2ccc3cnc(Nc4ccc(N5CCOCC5)cc4)nn32)cc1,0.501086944,2.439422626,0.26,0.36,428.496,3.9349
CC(C)C(=O)Nc1ccc(-c2nc(N3CCOCC3)c3cccnc3n2)cc1,0.752437384,2.267508399,0.14,0.08,377.448,3.1229
COc1cccc(Nc2ncc(Nc3ccccc3)nc2N)c1,0.668117649,2.110073872,0.47,0.31,307.357,3.5546
Cc1cccc(-c2n[nH]c3ccc(-c4nnn[nH]4)cc23)c1,0.589359981,2.524111859,0.43,0.22,276.303,2.71842
N#Cc1cccc(CNc2ncnc3ccc(-c4cccc(Cl)c4)nc23)c1,0.55578515,2.266731609,0.46,0.1,371.831,4.82898
COc1cc(C(=O)Nc2ccc(Cl)cn2)ccc1-c1nc(C(C)C)c(O)c(=O)[nH]1,0.587049241,2.557861652,0.15,0.02,414.849,3.5752
Cc1ccc(-c2nc(N)c3cc(CNC(=O)c4ccc(F)cc4)sc3n2)cc1,0.542012874,2.186397352,0.17,0.04,392.459,4.31802
O=C(Nc1cnccc1N1CCCCC1)c1ccc(-c2cccc(F)c2)cc1,0.687489934,1.982678089,0.23,0.07,375.447,5.1303
COc1cccc(CNC(=O)c2ccc(-c3nc(C#N)nc4cnc(N5CCOCC5)cc34)cc2)c1,0.447106166,2.619213373,0.13,0.12,480.528,3.33868
CC(C)c1ccc(CN2CCOC(COc3cccc4ccccc34)C2)cc1,0.587784894,2.479990728,0.02,0.03,375.512,5.243
COc1ccc(-c2ccc(N3C(=O)C(=O)C(C(=O)CC)C3c3ccccc3)cc2)nn1,0.452795318,3.25885114,0.05,0.01,415.449,3.4045
CN(C)CC(=O)Nc1ccc(-c2nc(N3CCOCC3)c3cccnc3n2)cc1,0.711208152,2.33511602,0.11,0.04,392.463,2.0285
CCS(=O)(=O)c1ccc(-c2cc(C(=O)Nc3cccc(C(F)(F)F)c3)cc(N3CCOCC3)n2)cc1,0.51022764,2.433609813,0.08,0.06,519.545,4.6499
COc1ccc(S(=O)(=O)Nc2ccccc2C(=O)Nc2ccc(Cl)cn2)cc1,0.63538838,1.923099658,0.1,0.09,417.874,3.7967
CCCCCCCCCCCCCCCCCCCNC(=O)Nc1c(C(C)C)cccc1C(C)C,0.166621901,2.316995182,0.02,0,486.829,10.7065
CCNC(=O)c1ccc(-n2cnc3ccccc32)s1,0.795921205,2.278599713,0.04,0.01,271.345,2.8367
Cc1cc(C)cc(C(=O)Nc2ccc(Cl)c(Nc3ncnc4cnc(N5CCCCC5)nc34)c2)c1,0.373713448,2.536901115,0.22,0.14,487.995,5.67624
COc1ccc(-c2nc(Nc3ccccc3)nc(N3CCOCC3)n2)cc1,0.746485377,2.048941731,0.05,0.09,363.421,3.1274
CC(C)Nc1cc(-n2ccc3cc(C#N)cnc32)ncc1C(O)=NC1CCC(O)(CC(=O)O)CC1,0.29771605,3.518514848,0.14,0.07,476.537,3.56548
COc1ccc(Nc2nc(Nc3ccccc3)ncc2[N+](=O)[O-])cc1,0.519523654,2.006943544,0.81,0.5,337.339,3.8806
CCN(CC)CCCOc1ccc2ncnc(Nc3ccc(NC(=O)Nc4ccc(N)cc4)cc3)c2c1,0.154182707,2.378416355,0.47,0.3,499.619,5.7103
CC(C)c1c(C(=O)NCc2ccc(F)c(F)c2)c2ccc(F)cc2n1C(=O)OC,0.684190208,2.528467648,0,0.02,404.388,4.7265
COc1ccc(-c2ccccc2C(=O)Nc2ccc(-c3ccccc3S(N)(=O)=O)cc2)cc1,0.428013763,1.940991127,0.03,0.02,458.539,4.9289
COc1ccc(NC(=O)Nc2nc3ccccc3nc2Nc2ccccc2)cc1,0.448576506,1.979521754,0.08,0.07,385.427,5.026
O=C(NCCN1CCOCC1)c1ccccc1Nc1ccc(-c2cnc3ccncc3n2)cn1,0.438342014,2.530317878,0.43,0.38,455.522,2.8924
COc1ccc(-c2cnc(Nc3ccccc3)nc2N)cc1OC,0.748077078,1.961192001,0.56,0.49,322.368,3.4866
Cc1ccc(C(=O)Nc2cccc(C(=O)O)c2)cc1Nc1ncnc2cnc(N3CCOCC3)nc12,0.372325088,2.516620867,0.24,0.12,485.504,3.25892
CC(=O)c1ccc(-c2ccccc2CNc2ccc(-c3ccc(Cl)cc3)c(OC)c2)cc1,0.301601063,1.983416425,0.05,0.02,441.958,7.4973
CNC(=O)c1ccc(-c2ccc(-c3ccc(C(=O)Nc4ccccc4)cc3)[nH]2)cc1,0.446749075,1.990515943,0.12,0.05,395.462,4.9606
COc1ccc(-c2ccc(C(=O)NC(C)c3ccccc3)cc2)cc1OC,0.681836253,2.086295366,0.05,0.03,361.441,4.8618
CNC(=O)Cn1c(=O)nc(Nc2ccc(F)c(Cl)c2)n(Cc2ccc(Cl)cc2)c1=O,0.598881981,2.399441781,0.01,0.06,452.273,2.3888
Cc1cccc(NC(=O)Nc2ccc(-c3ccnc4[nH]c5ccccc5c34)cc2)c1,0.335421978,2.120128403,0.6,0.13,392.462,6.33552
O=C1NC(=O)C(=Cc2ccc(-c3ccc(Cl)cc3)o2)S1,0.854211213,2.266876119,0.45,0.24,305.742,3.9239
COc1ccc(-c2cc(NC(=O)C(C)C)nc3ccccc23)nc1,0.79131615,2.161583709,0.15,0.11,321.38,3.8999
O=C(Nc1ccc(C(=O)Nc2ccccc2Nc2ccnc3[nH]cnc23)c(Cl)c1)c1ccccc1,0.242018711,2.395581936,0.13,0.19,482.931,5.8595
O=C1NC(=O)C(=Cc2ccc(-c3ccc(Cl)cc3)cc2)S1,0.838937599,2.013269774,0.6,0.19,315.781,4.3309
O=C1CC(=O)Nc2ccc(-c3cccc(C(F)(F)F)c3)cc21,0.812273792,2.252592462,0.31,0.04,305.255,3.8973
COc1ccc(-n2cnc3ccccc32)cc1NC(=O)c1cccc(C(F)(F)F)c1,0.495517121,2.116942992,0.04,0.03,411.383,5.3052
CCCNC(=O)Nc1ccc2ncnc(Nc3ccc(F)c(Cl)c3)c2c1,0.605434838,2.125054645,0.54,0.32,373.819,4.6974
CC(=O)c1ccc(C(c2ccccc2)N2CCNCC2)cc1,0.880113042,2.35175263,0,0.01,294.398,2.8838
COc1cc(C=CC(=O)CC=Cc2ccccc2)c(OC)cc1OC,0.669389794,2.295199015,0,0.03,338.403,4.3982
CCOc1ccc(C(=O)Cn2ccnc2NC(=O)c2ccc(N)cc2)cc1OC,0.449066016,2.288867736,0.05,0.04,394.431,3.0078
Cc1cc(-c2n[nH]c3ccc(-c4cn[nH]c4)cc23)ccn1,0.5892336,2.550410618,0.77,0.32,275.315,3.32342
COc1ccc(-n2nc(C(N)=O)c3c2-c2cc(NC(=O)c4ccccc4Cl)ccc2CC3)cc1,0.441247516,2.33600409,0.08,0.04,472.932,4.6511
O=C(Nc1ccc(-c2cnc3ccccn23)cc1)Nc1cccnc1C(=O)O,0.504900001,2.295696434,0.21,0.07,373.372,3.7385
COc1ccc(-c2ccnc(Nc3ccc(N4CCOCC4)cc3)n2)cc1,0.74623373,1.9920825,0.81,0.72,362.433,3.7324
COc1cc(CC(=O)O)ccc1-c1nccc2cc(C(=O)O)ccc12,0.741744008,2.120711456,0.16,0.06,337.331,3.2357
CC(C)CC(NC(=O)C(Cc1ccccc1)NC(=O)CC(N)Cc1ccc(O)cc1)C(=O)NC1c2ccccc2CC1O,0.18108507,3.798829122,0.03,0.01,586.733,2.685
O=C(Nc1ccc(Cl)cc1)c1ccccc1Nc1ncnc2ccccc12,0.509696202,1.841626643,0.29,0.1,374.831,5.2791
COc1ccc(-c2nc(Nc3cccc(CN4CCOCC4)c3)ncc2N)cc1,0.666644825,2.255311075,0.38,0.26,391.475,3.3102
COc1cccc(-c2nc(Nc3ccccc3)nc(N3CCOCC3)n2)c1,0.746485377,2.094215193,0.08,0.09,363.421,3.1274
COc1ccc(-c2ccc(C(=O)Nc3ccccc3CN3CCC(C(=O)O)CC3)cc2)cc1,0.541313346,1.952874244,0.02,0.04,444.531,4.9111
COc1ccc(-c2nc(C(=O)Nc3ccccc3N3CCC(O)CC3)c3cnn(CC(C)C)c3n2)cc1,0.388138523,2.604636567,0.07,0.02,500.603,4.3713
CNC(=O)c1ccc(-c2noc(C(F)(F)F)n2)cc1,0.907920604,2.138302494,0.08,0.02,271.198,2.115
Cc1ccc(Nc2nccc(-c3cnn4ncccc34)n2)cc1,0.628989233,2.398176198,0.89,0.36,302.341,3.23832
CC(C)(C)c1ccc(C(=O)Nc2cccc(C(=O)O)c2)cc1,0.901558296,1.604624126,0,0,297.354,3.9346
Cc1cc(Nc2cc(NC(=O)c3ccccc3)ccc2OC)ncc1C(F)(F)F,0.599831782,2.166300819,0.13,0.43,401.388,5.41332
CCNC(=O)c1ccc(-c2noc(C(C)(C)C)n2)cc1Nc1ncnc(NCC(C)C)n1,0.480600511,2.763023627,0.33,0.23,438.536,3.7803
COc1ccc(Nc2ncc(Cl)c(Nc3cc(N4CCOCC4)ncc3Cl)n2)cc1,0.571271018,2.45273398,0.55,0.65,447.326,4.5108
Cc1noc(NS(=O)(=O)c2ccccc2-c2ccc3ccccc3c2)c1C,0.547427952,2.181972116,0.12,0.08,378.453,4.91244
CC(C)(C)c1cc(NC(=O)Nc2cccc3cnccc23)n(-c2ccccc2)n1,0.498443911,2.243254912,0.5,0.14,385.471,5.362
COc1ccc(CNc2nc(Nc3ccncc3)ncc2-c2nc(C)nc(N)n2)cc1,0.412929797,2.539331396,0.34,0.18,415.461,2.97852
CCN(CC)CCCOc1ccc2c(c1)C(=O)c1ccccc1-2,0.617643925,1.996574738,0.06,0,309.409,4.0087
COc1ccc(CNc2nc(-c3cncc4ccccc34)[nH]c2-c2ccncc2)cc1,0.399036958,2.486365242,0.39,0.17,407.477,5.3076
Cn1cc(C=NNc2nc(N)nc(N)c2C#N)c2ccccc21,0.495526217,2.637127702,0.19,0.03,306.333,1.45038
COc1ccc(Nc2ncc(C(=O)Nc3ccccc3)cc2-c2nn[nH]n2)cc1,0.464612681,2.183118858,0.27,0.08,387.403,3.2662
CCNC(=O)c1ccc(C(=C2CC3CCC(C2)N3Cc2ccccc2)c2ccccc2)cc1,0.50894371,3.701356368,0,0.01,436.599,6.0652
COc1ccc(-c2nc(-c3ccc4c(c3)CCN4C(=O)CCC(=O)O)no2)cc1,0.685510121,2.23141228,0.03,0.03,393.399,3.1661
COc1ccc(Nc2nc(Nc3ccccc3)ncc2[N+](=O)[O-])cc1,0.519523654,2.006943544,0.81,0.5,337.339,3.8806
COc1ccc(-n2nc(C(=O)Nc3ccc(OC(C)C)cc3)cc2N=C(O)c2cnn3cccnc23)cc1,0.230136569,2.889244083,0.09,0.09,511.542,4.5994
Cc1ccc(C(=O)Nc2ccc(C(=O)Nc3cccc4ccccc34)cc2)cc1,0.480361201,1.632370965,0.01,0.04,380.447,5.65282
CC(C)(C)OC(=O)Nc1cccc(-c2cn(-c3ccc(C(=O)O)c(O)c3)cc2)c1,0.584536439,2.380918191,0.06,0.03,394.427,4.8951
COc1cccc(-c2cncc(Nc3ccc(N4CCCC4)cc3)n2)c1,0.737206546,2.075176343,0.29,0.3,346.434,4.496
COc1ccc(-c2ccc(C(=O)NC(C)c3ccccc3)cc2)cc1OC,0.681836253,2.086295366,0.05,0.03,361.441,4.8618
Cc1ccc(C(=O)Nc2ccc(F)c(C(F)(F)F)c2)cc1Nc1ncnc2cnc(Nc3ccccc3)nc12,0.210632994,2.57086729,0.56,0.43,533.489,6.62562
COc1cc(NC(=O)C=Cc2ccc(OC)c(OC)c2)cc(OC)c1OC,0.715212957,1.994768423,0,0.01,373.405,3.3815
O=C(NC1CC(NC(=O)c2ccc3ccccc3c2)CC1)c1ccccc1-c1ccccc1,0.430309918,2.714697121,0.06,0.11,434.539,5.5877
CC(C)CC(NC(=O)C(Cc1ccccc1)NC(=O)CCc1ccccc1)C(=O)NC(C=O)Cc1ccccc1,0.25467391,3.208068759,0.01,0.01,541.692,3.804
CN(C)C(=O)c1cccc(-c2ccc3ccc(Nc4ccccc4)nc3n2)c1,0.565073478,2.161616092,0.13,0.26,368.44,4.7422
CC(=O)Nc1ccc(-c2nc(N3CCOCC3)c3cnn(C4CCN(C)CC4)c3n2)cc1,0.673731116,2.543350824,0.1,0.06,435.532,2.555
CC(C)c1c(C(=O)O)nc2n1CCc1cc(-c3ccccn3)ccc1-2,0.786734606,2.618555462,0.18,0.06,333.391,3.9898
COc1cccc(-c2nc(N3CCOCC3)c3cccnc3n2)c1,0.738370287,2.181130962,0.27,0.06,322.368,2.537
COc1cccc(-c2nnc(Nc3ccc(N4CCNCC4)cc3)o2)c1,0.73185825,2.219667252,0.29,0.16,351.41,2.8984
CNc1nccc(-c2ccnc(Nc3cccc(N)c3)n2)c1,0.640701717,2.274399799,0.82,0.59,292.346,2.9061
COc1ccc(-c2ccc(C(=O)Nc3ccc(OC(C)C)nc3)cc2)cc1OC,0.625093807,1.968466047,0.08,0.07,392.455,4.8053
CN1CCN(c2ccc(-c3nc4ccccc4[nH]3)cc2)CC1,0.788429272,1.890083357,0.11,0.03,292.386,2.9817
CC(C)(C)c1ccc(-c2nc(Nc3ccccc3)nc(N3CCOCC3)n2)cc1,0.7127962,2.188379757,0.06,0.11,389.503,4.4163
COc1ccc(CNc2nc(Nc3cc(C(=O)O)ccc3C)ncc2OC)cc1,0.528935632,2.169270738,0.43,0.19,394.431,3.85612
CC(C)(C)c1ccc(CNc2nc(Nc3ccccc3)ncc2F)cc1,0.658103762,2.056905373,0.77,0.31,350.441,5.2689
COc1cc(Nc2nccc(Nc3ccccc3NS(=O)(=O)C(C)C)n2)cc(OC)c1OC,0.398409051,2.511640377,0.66,0.43,473.555,4.1397
Cc1ncccc1Cn1cc(C(=O)Nc2ccc(C(=O)O)cn2)c2ccccc21,0.544571401,2.278033782,0.06,0.02,386.411,3.73852
CC(=O)Nc1ccc(C(=O)Nc2cccc(C(=O)O)c2)cc1,0.808078767,1.531253244,0,0,298.298,2.5955
CN(C)c1ncnc2sc3c(=O)n(-c4ccc(OC)cc4)cnc3c12,0.563294044,2.563890456,0.08,0.01,353.407,2.465
CC(C)(C)CC(=O)CN1C(=O)C(=Cc2c[nH]c3ncccc23)C(=O)C1=Cc1ccccc1,0.483113992,2.999784819,0.2,0.09,427.504,4.404
O=C(Nc1ccc(C(=O)N2Cc3ccccc3C2)cc1)c1ccccc1-c1ccccc1,0.457917787,1.897006914,0.06,0.02,418.496,5.7619
CN(C)CC=Cc1ccc2c(c1)C=Cc1c-2n[nH]c1-c1ccc(-c2cnn(C)c2)cc1,0.426735956,2.752806781,0.35,0.08,407.521,5.3584
c1ccc(-c2nc(Nc3ccccc3)oc2-c2ccccc2)cc1,0.520966309,1.887055881,0.34,0.14,312.372,5.7522
CN(C)C(=O)c1ccc(-c2noc(C(F)(F)F)n2)cc1,0.85006324,2.185959385,0.07,0.02,285.225,2.4572
CN(C)CC=C(c1ccccc1)c1ccc2ncccc2c1,0.714013843,2.138121194,0.01,0.02,288.394,4.2281
O=C1NC(=S)NC1=Cc1ccc2ccccc2c1,0.605191356,2.265916905,0.32,0.26,254.314,2.185
CC(=O)Nc1ccc(-c2nc3ccc(Nc4ccccn4)cc3n2C(C)CC(=O)N2CCCCC2)cc1,0.339183728,2.992257888,0.15,0.25,496.615,5.7639
COc1cccc(-c2cccc3cc(NC(=O)C4CC4)ncc23)c1,0.781779319,2.019785312,0.29,0.19,318.376,4.2589
CN(C)C(=O)c1ccc(-c2nc(Nc3ccccc3)ncc2N)cc1,0.765933926,2.114547661,0.56,0.57,333.395,3.1712
COc1ccc(Nc2ncc(C(=O)Nc3ccc(N4CCNCC4)cc3)o2)cc1,0.592685752,2.334038677,0.21,0.23,393.447,3.0887
Cc1cccc(-c2noc(C(=O)Nc3cnn(C4CCCC4)c3)c2)c1,0.774213742,2.389563986,0.13,0.06,336.395,4.21392
COc1cc(CNC(=O)C=Cc2ccc(O)c(O)c2)ccc1O,0.500342969,2.11483184,0.09,0.11,315.325,2.1416
O=C(NCC1CCCCC1)c1ccc2ccccc2n1,0.924676985,1.848775509,0.01,0,268.36,3.5449
CC(C)(C)c1ccc(C(=O)Nc2ccc(Cl)c(C(F)(F)F)c2)cc1,0.712578559,1.855857323,0.01,0,355.787,5.9086
c1ccc(-c2cnc3ccc(Nc4ncnc5cccnc45)cc3n2)cc1,0.520298776,2.22670203,0.48,0.43,350.385,4.3786
COc1ccc(Nc2nc(Nc3ccccc3)ncc2-c2nc(C)nc(N)n2)cc1,0.444028118,2.349331858,0.44,0.39,400.446,3.71502
Cc1cc(C)nc(Nc2ccc(Nc3cc(N4CCOCC4)cc(N4C5CCC4COC5)n3)cc2)c1,0.515507045,4.214040062,0.06,0.05,486.62,4.78484
COc1ccc(NC(=O)C=Cc2ccccc2)cc1,0.848506966,1.523337335,0,0,253.301,3.3471
CN(C)CCNC(=O)c1cc2cc(Nc3nccc(-c4ccccn4)n3)ccc2[nH]1,0.440228202,2.44805016,0.55,0.38,401.474,3.0549
Nc1ncc(-c2ccc(-c3ccccc3)cc2)nn1,0.756967789,1.902779987,0.22,0.12,248.289,2.7878
COc1ccc(-c2ccc(C(=O)Nc3ccccc3N)cc2)cc1,0.708716573,1.568300363,0.05,0,318.376,4.1967
COc1ccc(C(=O)Nc2ccc(F)c(C3(C)C=CC(=NOC)C3)c2)cc1OC,0.736274867,3.166308163,0.07,0.04,398.434,4.3152
Cc1ccc(NC(=O)Nc2ccc(Oc3ccnc(Nc4ccc(N5CCOCC5)cc4)n3)cc2)cc1,0.297187834,2.295410212,0.3,0.27,496.571,5.80152
CC(C)CC(NC(=O)C(Cc1ccccc1)NC(=O)OCc1ccccc1)C(=O)Nc1ccccc1,0.365474732,2.711837622,0.01,0.01,487.6,4.6937
COc1cc(-c2cccc(C(F)(F)F)c2)ccc1-n1c(=O)ccc2cc(S(=O)(=O)Nc3ccon3)ccc21,0.30570821,2.712972631,0.07,0.04,541.507,5.4739
O=C1c2ccccc2C(=O)N1C1CCN(Cc2ccc(F)cc2)CC1,0.807734231,1.909803159,0,0.02,338.382,3.0863
COc1ccc(-c2nc(Nc3ccc(N4CCOCC4)cc3)ncc2-c2nc3ccccc3[nH]2)cc1,0.343441395,2.400412753,0.45,0.6,478.556,5.2757
Cc1cc(-c2ccc3c(c2)Nc2ccccc2NC3=O)ccn1,0.701609445,2.258475709,0.86,0.15,301.349,4.36632
COc1ccc(-c2nc(N3CCOCC3)c3cnn(C4CCN(C(=O)CO)CC4)c3n2)cc1,0.620869428,2.597528545,0.05,0.04,452.515,1.4943
COc1ccc(-c2nc(-c3ccc(C)c(OC)c3)c(-c3ccc(Cl)cc3)n2CC(=O)O)cc1,0.367205285,2.266289184,0.01,0.01,462.933,5.94772
Cc1cc(C(=O)Nc2ccc(-c3ccccc3)cc2)n(-c2ccccc2)n1,0.554712141,1.773750694,0.01,0.03,353.425,5.10002
O=C1NC(=O)C(=Cc2ccc(-c3ccccc3)o2)S1,0.851525657,2.202798314,0.44,0.26,271.297,3.2705
COc1ccc(Nc2nccc(Nc3cccc4cnccc34)n2)cc1,0.55496945,2.139228291,0.68,0.53,343.39,4.5206
COc1cccc(C(O)=Nc2ccc(C(=O)c3nc(C(C)C)c4ccccc4n3)cc2)c1,0.245845971,2.568870956,0.04,0.01,425.488,5.6291
COc1ccc(-c2nc(-c3ccc(C)cc3)nn2-c2ccc(C(=O)O)cc2)cc1,0.54251228,1.971463253,0.06,0.01,385.423,4.61652
CC(=O)c1ccc(-c2ccc(N3CCC(N4CCCCC4)C3=O)s2)cc1,0.759268921,2.923070407,0.05,0.04,368.502,4.2089
CN(C)CC(=O)Nc1ccc2ncnc(Nc3cccc(Br)c3)c2c1,0.684627256,2.143078538,0.64,0.19,400.28,3.636
COc1ccc(CNc2nc(Nc3ccccc3)ncc2[N+](=O)[O-])cc1,0.493470281,2.04239872,0.67,0.24,351.366,3.7491
COc1ccc(-c2ccc3c(N4CCOCC4C)nc(Nc4ccccc4)nc3n2)cc1,0.496173632,2.846133062,0.18,0.17,427.508,4.6691
Cc1ccc(-n2nc(C(C)(C)C)cc2NC(=O)Nc2ccc(Nc3nccc(Nc4ccccc4)n3)cc2)cc1,0.173898473,2.496131901,0.5,0.29,532.652,7.39942
CC(=O)Nc1ccc(Nc2nccc(Nc3ccccc3S(=O)(=O)C(C)C)n2)cc1,0.522067069,2.30454711,0.55,0.36,425.514,4.1043
COc1ccc(-c2ccc3nccc(Nc4cccc(-c5ccccc5)c4)c3c2)cc1,0.334296825,1.947402199,0.38,0.36,402.497,7.321
COc1ccc(NC(=O)Nc2ccc(-c3nc(N4CCOCC4)nc(N4CCOCC4)n3)cc2)cc1,0.537198576,2.367523437,0.03,0.03,491.552,2.8644
O=C1c2ccccc2C(=O)N1c1ccncc1,0.694760144,1.792291072,0.25,0.05,224.219,1.8822
Cc1cc(C(=O)Nc2ccc(-c3ccccc3N)cn2)n(-c2ccc3ncccc3n2)n1,0.424040905,2.491990527,0.23,0.13,421.464,4.02042
CC(=O)c1ccc(-c2nc(-c3ccc(O)c(OC)c3)oc2-c2ccccc2)cc1,0.453287355,2.105559083,0.1,0.05,385.419,5.5924
COc1ccc(Nc2ncc(C(=O)Nc3ccccc3)cc2-c2nccnc2N)cc1,0.436126795,2.257183704,0.32,0.18,412.453,4.1253
COc1ccc(Nc2ncc(C(=O)Nc3ccccc3N)cc2)cc1OC,0.577298034,1.951399488,0.25,0.28,364.405,3.6769
CC(C)(C)N=C(O)c1cnc(-n2ccc3cc(C#N)cnc32)cc1NC1CCOCC1,0.489909615,3.267593564,0.2,0.12,418.501,3.98618
COc1ccc(C(=O)Nc2ccc(-c3ccccc3)cn2)cc1OC,0.765466337,1.708441621,0.1,0.03,334.375,4.0181
CN(C)CCOc1ccc(Cl)cc1Nc1ncnc2cnc(NCc3ccccc3)nc12,0.389183142,2.459218318,0.32,0.14,449.946,4.3693
CN(C)CC(=O)Nc1cc2c(Nc3ccc(Br)cc3F)ncnc2cc1OCCOC(=O)CO,0.264975578,2.679246518,0.23,0.18,536.358,2.6894
O=C1NC(=O)C(=Cc2ccc(-c3ccc(Cl)cc3Cl)o2)S1,0.813363262,2.398536971,0.75,0.38,340.187,4.5773
CN(C)c1ccc(C=Cc2ccccc2)cc1,0.712717055,1.667147273,0.01,0,223.319,3.923
Cc1ccc(-n2nc(C(C)(C)C)cc2NC(=O)Nc2ccc(Oc3ccnc(Nc4ccc(N5CCOCC5)cc4)c3)cc2)cc1,0.162611664,2.725389967,0.16,0.38,617.754,7.88972
COc1ccc(C(=O)Nc2cccc(C(=O)O)c2)cc1OC,0.886514626,1.539402046,0,0.01,301.298,2.6543
CC(C)C(=O)c1cnc2ccc(-c3ccccc3)cc2n1,0.675257093,2.062017467,0.16,0.14,276.339,4.1355
Cc1ccc(C(=O)Nc2ccc(CN3CCN(C)CC3)c(C(F)(F)F)c2)cc1Nc1ncnc2cnc(Nc3ccccc3)nc12,0.184315658,2.812198246,0.49,0.28,627.675,6.23392
Cn1c(Nc2c(Cl)ccc(CNC(=O)C(C)(C)C)c2Cl)nc2cc(C(=O)Nc3ccc(OC(F)(F)F)cc3)ccc21,0.202783192,2.77179844,0.06,0.05,608.448,7.4369
COc1cc(C(=O)Nc2ncccc2Nc2ncccc2-c2nc3ccccc3o2)cc(OC)c1,0.331773531,2.491781484,0.11,0.06,467.485,5.2979
COc1ccc(-c2nc(Nc3ccccc3)nc(NC(=O)c3ccccc3)n2)cc1,0.496406066,1.94175218,0.12,0.18,397.438,4.5431
COc1cc2c(cc1Nc1ncc(Cl)c(Nc3ccccc3S(=O)(=O)C(C)C)n1)C(=O)CC2,0.48295431,2.702204089,0.48,0.32,486.981,4.9368
COc1ccc(-c2ccc(C(=O)Nc3ccccc3N)cc2)cc1OC,0.677671909,1.691207868,0.04,0.01,348.402,4.2053
COc1ccc(Nc2ncc(C(=O)Nc3ccccc3N3CCC(C(=O)O)CC3)nc2-c2ccccc2)cc1,0.279219813,2.410860515,0.28,0.27,523.593,5.4491
O=C(Nc1ccc(C(=O)Nc2ccccc2-c2ccccc2)cc1)c1ccc(Cl)cc1Cl,0.331240341,1.794311073,0.06,0.04,461.348,7.165
CN(C)CCN(C)C(=O)Cn1ccc2ncnc(Nc3cccc(Cl)c3)c21,0.675946048,2.530485274,0.23,0.16,386.887,2.8483
O=C1NC(=O)C(=Cc2ccc(-c3cc(C(=O)O)ccc3Cl)cc2)N1,0.590050068,2.247824308,0.32,0.13,342.738,2.8855
O=C(Nc1ccc(Cl)cc1C(=O)Nc1ccc(Cl)cn1)c1ccccc1Cl,0.581371175,1.919647622,0.01,0.03,420.683,5.5464
Cc1ccc(Nc2nc(NCc3ccccc3)ncc2-c2nc3ccccc3[nH]2)cc1,0.337867999,2.229236145,0.35,0.15,406.493,5.68402
CCCCCC(=O)c1ccc(OCCCN2CCN(C(=O)OCC)CC2)cc1,0.422279823,2.001693122,0,0,390.524,3.9926
CCC(=O)Nc1cc(-c2ccc3ncnc(Nc4ccc(OCc5cccc(F)c5)c(Cl)c4)c3c2)on1,0.234544047,2.549227426,0.52,0.26,517.948,6.7484
CC(C)(C)c1cc(NC(=O)Nc2cccc3ccccc23)n(-c2cccc(NC(=O)OCCN)c2)n1,0.287565385,2.478708693,0.58,0.08,486.576,5.4742
Cc1cc(C(=O)Nc2cccc(C(F)(F)F)c2)ccc1Nc1ncnc2cnc(NC3CCOC3)nc21,0.334886494,3.127989566,0.44,0.26,509.492,4.94372
Cc1ccc(-c2nc(-c3cccc4ccccc34)[nH]n2)cc1,0.584495921,1.922210694,0.19,0.03,285.35,4.60032
COc1ccc(Nc2ncc(Nc3ccccc3)cc2-c2nc(C)nc(N)n2)cc1,0.439534106,2.335676685,0.24,0.24,399.458,4.32002
O=C1NC(=O)C(=Cc2ccc(-c3ccc(Cl)cc3)o2)S1,0.854211213,2.266876119,0.45,0.24,305.742,3.9239
O=C(NCCCCCCCCCCCc1ccccc1)c1ccccc1,0.429545657,1.650876243,0,0,351.534,6.17
COc1ccc(CNC(=O)c2ccc(-c3ccc(C)c(Nc4ccccc4)n3)cc2)cc1,0.39789806,1.928666457,0.08,0.07,423.516,5.73922
O=C(O)c1ccc(-c2cccc(C(=O)Nc3ccc4c(c3)C3(C4)CC3)n2)cc1,0.718107044,2.714858308,0.1,0.04,370.408,4.2868
COc1ccc(-c2ccc3c(c2)Nc2ccccc2NC3=O)cc1,0.722008455,2.006317419,0.79,0.06,316.36,4.6715
COc1ccc(-c2nc(-c3cccc4ccccc34)[nH]c2-c2ccc3c(c2)OCO3)cc1,0.370601854,2.257642876,0.35,0.1,420.468,6.3012
COc1ccc(-c2ccc(C(=O)NC(C)C)cc2)cc1,0.922173405,1.459452883,0.02,0.01,269.344,3.5004
O=C(Nc1ccc(Cl)cc1)C1=NC2=Nc3ccccc3C21,0.904636446,3.068128028,0.05,0.04,295.729,3.5605
COc1ccc(-c2sccc2C(=O)Nc2ccc(-c3cccc4ccccc34)cc2)cc1,0.310388544,2.061786456,0.02,0.09,435.548,7.4962
COc1ccc(-c2cccc(CNc3ncc(C(F)(F)F)[nH]3)c2)cc1OC,0.65235931,2.362726367,0.3,0.06,377.366,4.7248
COc1cccc(-c2[nH]c3ncnc(Nc4ccccc4)nc32)c1,0.599701125,2.26366184,0.56,0.44,317.352,3.7237
Cc1ccc(-c2ccc(C(=O)NC(C)c3ccccc3)nc2-c2ccc3ncnn3c2)cc1,0.410479582,2.860900847,0.16,0.08,433.515,5.25772
O=C1NC(=O)C(=Cc2ccc(-c3ccccc3)cc2)S1,0.854122807,1.941004124,0.58,0.23,281.336,3.6775
O=C(Nc1ccc(C(=O)N2CCCCc3ccccc32)cc1)c1ccccc1Cl,0.619434071,1.861732504,0,0.02,404.897,5.5754
O=C1NC(=O)C(=Cc2ccc(-c3ccccc3)cc2)S1,0.854122807,1.941004124,0.58,0.23,281.336,3.6775
Cc1nc2ccccc2nc1N1CCC(N)C(c2ccc(Cl)cc2)C1,0.759251121,2.992030666,0.05,0,352.869,3.91282
Cn1cc(-c2ccc3nc(Nc4ccccc4)ncc3c2)cn1,0.625530436,2.124276877,0.59,0.68,301.353,3.7739
C=CCNC(=O)C(=O)C(Cc1ccccc1)NC(=O)C(Cc1ccccc1)NC(=O)OCc1ccccc1,0.240118067,2.967157492,0,0,513.594,3.1229
O=C(Nc1ccc(Cl)cc1)Nc1ccc(-c2nc3ccccc3[nH]2)cc1,0.448297619,1.809950947,0.17,0.08,362.82,5.5273
COc1ccc(NC(=O)Nc2ccc(Cl)cc2)cc1-c1nc(Nc2cnn(C3CCCCC3)c2)n[nH]1,0.235751464,2.633751835,0.24,0.06,506.998,6.223
CC(=O)Nc1ccc(-n2c(C)cnc2Nc2ccc3ccccc3c2)cc1OC,0.5039098,2.339205422,0.13,0.23,386.455,5.04452
COc1ccc(CC(=O)O)cc1-c1ccc(F)c2c1CN(C(=O)OCC=Cc1ccccc1)CC2,0.499514507,2.60626914,0.02,0,475.516,5.3365
CC(=O)Nc1ccc(-c2nc(N3CCOCC3)c3cccnc3n2)cc1,0.782434203,2.20225621,0.11,0.07,349.394,2.4868
CN(C)CC(=O)Nc1ccc2ncnc(Nc3cccc(Br)c3)c2c1,0.684627256,2.143078538,0.64,0.19,400.28,3.636
CC(C)(C)c1ccc(Nc2nnc(Nc3cccc(C(=O)O)c3)[nH]2)cc1,0.546760894,2.520946455,0.07,0.12,351.41,4.2876
Cc1ccc(-c2ccc3c(c2)Nc2ccccc2NC3=O)cc1,0.665794535,2.00465091,0.7,0.07,300.361,4.97132
O=C1NC(=O)C(=Cc2ccc(-c3ccccc3)cc2)S1,0.854122807,1.941004124,0.58,0.23,281.336,3.6775
O=C1c2cccc3cccc(c23)-c2ccccc2N1,0.635108407,1.903264603,0.5,0.04,245.281,4.0725
CC(=O)c1ccc(-c2ccc3c(c2)C=CN(C(=O)c2ccc(Cl)cc2)C3)cc1,0.529502742,2.324147545,0.03,0.04,387.866,5.8363
COc1cc(Nc2nccc(-c3cnn4ccccc34)n2)cc(OC)c1,0.595053979,2.39527706,0.93,0.31,347.378,3.5521
N#Cc1ccc(NC(=O)c2cccc3cnc(Nc4ccc(N5CCCC5)cc4)cc23)cc1,0.421763003,2.261214717,0.25,0.48,433.515,5.70258
C=CC(=O)Nc1cc2c(Nc3ccc(OCc4ccccc4)cc3)ncnc2cc1OCCCN1CCOCC1,0.187839531,2.566316799,0.41,0.43,539.636,5.178
Cc1cc(C(=O)Nc2ccc(-n3ccnc3)cc2)no1,0.791334513,2.117540199,0.01,0.01,268.276,2.42102
COc1ccc(-c2nc(-c3ccc(OC)c(OC)c3)c(-c3ccc(C(=O)Nc4ccncc4)cc3)[nH]2)cc1,0.264531804,2.308476386,0.34,0.14,506.562,6.0838
COc1ccc(-c2nc(-c3ccnc(C)c3)c3n2CC(C)OCC3)cc1,0.719700464,3.092872253,0.25,0.11,349.434,3.89032
COc1ccc(CNC(=O)c2ccc(-c3cnc(N)c(C(=O)Nc4cccc(N5CCOCC5)c4)c3)cc2)cc1,0.305633965,2.342550653,0.34,0.08,537.62,4.3583
CNC(=O)c1ccc(C(=N)Nc2nc(-c3ccccc3)cs2)cc1,0.502984004,2.212644175,0.04,0.01,336.42,3.60717
COc1ccc(N(C)C(=O)c2ccc(-c3cccc4c3NCCC4)cc2)cc1,0.700890056,2.221687887,0.15,0.04,372.468,4.9969
CC(C)CC(NC(=O)C(Cc1ccccc1)NC(=O)CCCc1ccccc1)C(=O)NC(CC(=O)O)C(=O)C(C)C,0.231522237,3.324629572,0.01,0.02,565.711,3.4523
Cc1ccc(-n2nc(C(C)(C)C)cc2NC(=O)Nc2ccc(Oc3ccnc(Nc4ccc5c(c4)CCC5=O)n3)cc2)cc1,0.179357065,2.805995688,0.31,0.12,587.684,7.57702
CCC(C)C(=O)Nc1ccc2ncnc(Nc3cccc(Br)c3)c2c1,0.625050005,2.555318121,0.65,0.17,399.292,5.1205
CC(C)(C)c1ccc(CNc2ccc(C(=O)Nc3ccc(C(=O)O)cc3)cc2)cc1,0.50528204,1.824626231,0.01,0.02,402.494,5.5467
N#Cc1cccc(Nc2ncnc3cc(Nc4ccccc4)ccc23)c1,0.548699961,2.070022696,0.68,0.44,337.386,4.98868
COc1ccc(Nc2nc(Nc3ccccc3NS(=O)(=O)C(F)(F)F)ccc2Cl)cc1,0.420730471,2.413571503,0.15,0.19,472.876,5.4923
Cc1cccc(-c2nc(NC(=O)c3ccc(F)cc3)sc2N)c1,0.761048581,2.010787347,0.12,0.11,327.384,4.09212
CC(C)c1cccc(NC(=O)C2=C(c3ccccc3)CC2=O)c1,0.861511346,2.203114684,0.05,0.08,305.377,4.1751
COc1ccc(CNC(=O)Nc2ccc(-c3nc(N4CCOCC4)c4ncccc4n3)cc2)cc1,0.441243551,2.307004877,0.13,0.05,470.533,3.8587
O=c1cc(C=Cc2ccccc2)nnn1Cc1ccccc1,0.741731878,2.161770458,0.02,0.01,289.338,2.857
COc1ccc(Nc2nc(Nc3cc(C4CC4)[nH]n3)cc(N3CCOCC3)n2)cc1,0.54788938,2.557528403,0.35,0.26,407.478,3.4095
O=C1CC(c2ccccc2)CC(=O)N1c1ccc(Cl)cc1,0.791501519,1.821996697,0,0,299.757,3.7772
CN1CCN(c2ccc(-c3cnc4ccc(NCc5ccccc5)nc4c3)cc2)CC1,0.51933376,2.164148687,0.24,0.2,409.537,4.6607
COc1ccc(-c2nc(Nc3ccccc3)nc(NC(=O)c3ccccc3)n2)cc1,0.496406066,1.94175218,0.12,0.18,397.438,4.5431
COc1ccc(-c2nnc(Nc3cccc(C(=O)O)c3)s2)cc1,0.743838295,1.920068444,0.05,0.11,327.365,3.6555
COc1ccc(-c2nc(-c3cccc4ccccc34)[nH]n2)cc1,0.613512575,1.925132533,0.27,0.03,301.349,4.3005
COc1ccc(-c2noc(C(F)(F)F)n2)cc1,0.814467234,2.031932703,0.03,0.01,244.172,2.764
CC(C)CC(NC(=O)Cn1c(-c2ccccc2)ncc(N)c1=O)C(=O)c1nccs1,0.534743602,3.068157873,0.09,0.03,425.514,2.3628
COc1cccc(-n2nc(Nc3cc(Cl)c4[nH]ccc4c3OC)cc2)c1,0.532368829,2.658591336,0.19,0.14,368.824,4.7678
O=C1NC(=O)c2c1c1ccccc1[nH]c1cc(F)c([N+](=O)[O-])cc21,0.412569821,2.804069773,0.28,0.05,325.255,2.14168
Cc1ccc(NC(=O)c2ccc(-c3ccc(C#N)cc3)o2)cc1N1CCOCC1,0.725277703,2.204558328,0.01,0.03,387.439,4.2156
COc1ccc(-c2nc(Nc3ccccc3)nc(N)n2)cc1,0.768943692,1.845301001,0.17,0.12,293.33,2.873
COc1ccc(Nc2nc(Nc3ccccc3)cc(Nc3cc(C4CC4)[nH]n3)n2)cc1,0.310277904,2.441435234,0.41,0.23,413.485,5.3165
O=C(Nc1cccc(CN2CCC(C(O)=NC3CCCCC3)CC2)c1)c1ccccc1,0.483950027,2.343535318,0.01,0.01,419.569,5.4401
COc1cc(NC(=O)Nc2ccc(Cl)cc2)ccc1OCCNCCF,0.575389524,2.057687494,0.02,0.02,381.835,3.9305
COc1ccc(Cl)cc1-c1cc(Nc2ccc(N3CCOCC3)cc2)nc(N)n1,0.656518483,2.262120416,0.11,0.17,411.893,3.968
O=C(NCCN1CCCC(C(=O)NO)C1)c1ccc2ccccc2c1,0.571974478,2.484298538,0.01,0.02,341.411,1.787
COc1ccc(CNc2nc(Nc3cc(C4CC4)[nH]n3)cc(N3CCOCC3)n2)cc1,0.509555291,2.588285107,0.23,0.1,421.505,3.278
O=C1NC(=O)C(=Cc2c[nH]c3ccccc23)C1=C(O)c1ccccc1,0.383336129,2.391676236,0.3,0.17,330.343,3.177
Cc1ccc(NC(=O)c2cccc(C(F)(F)F)c2)cc1Nc1ncnc2cnc(NCc3ccccc3)nc12,0.225501364,2.51964004,0.38,0.29,529.526,6.35502
COc1cc(OC)cc(N(CC=C)c2ccc3ncc(-c4cnn(C)c4)nc3c2)c1,0.428547755,2.773226269,0.27,0.17,401.47,4.3716
COc1ncc(Nc2ncc(C(N)=O)c(Nc3ccccc3)n2)cc1OC,0.582384439,2.323276611,0.75,0.46,366.381,2.4749
Cc1cc(C(=O)Nc2ccc(-c3cccc4c(N)nccc43)cc2)no1,0.584951704,2.153771643,0.5,0.13,344.374,4.03272
O=C1NC(=O)C(=Cc2ccc(-c3ccccc3Cl)o2)S1,0.854211213,2.309456686,0.61,0.34,305.742,3.9239
O=C(Nc1ccc(-c2ccnc3[nH]ccc23)cc1)c1ccccc1Cl,0.539049786,1.97434818,0.52,0.2,347.805,5.1356
COc1ccc(-c2ccc3nccc(Nc4cccc(N5CCOCC5)c4)c3n2)cc1,0.503876816,2.250036981,0.27,0.22,412.493,4.8856
CC(=O)c1ccc(Nc2nnc(N3CCC(O)CC3)c3sccc23)cc1,0.685291027,2.517595028,0.11,0.05,368.462,3.5986
CCOc1ccc(C(=O)Nc2ccc3c(c2)-c2c(c(C(N)=O)nn2-c2ccc(S(C)(=O)=O)cc2)CC3)cc1,0.373492186,2.48777335,0.08,0.03,530.606,3.7913
COc1ccc(C(=O)Nc2ccc(F)c(C(F)(F)F)c2)cc1Nc1ncnc2cnc(NCc3ccccc3)nc21,0.191530001,2.630302814,0.42,0.27,563.515,6.1943
COc1cccc(C(=O)Nc2ccc3c(c2)-c2ccccc2C3=O)c1,0.613903276,1.763255082,0.01,0,329.355,4.1589
O=C1NC(=O)C(=Cc2ccc(-c3ccccc3)cc2)S1,0.854122807,1.941004124,0.58,0.23,281.336,3.6775
CC(C)(C)C(=O)CN1C(=O)N(CC(=O)Nc2ccc(-c3ccccc3)cc2)N=C1c1ccccc1Cl,0.371985708,2.38300829,0.03,0.01,503.002,5.2861
COc1cc(Nc2ncc3ncnc(Nc4ccccc4C)c3n2)cc(OC)c1OC,0.455900644,2.40111494,0.62,0.35,418.457,4.24122
COc1ccc(-c2ccc3c(c2)Nc2ccccc2NC3=O)cc1,0.722008455,2.006317419,0.79,0.06,316.36,4.6715
COc1ccc(-c2ccc3cc(NC(=O)C=Cc4ccc(Cl)cc4)ccc3n2)cc1,0.394452741,2.003918065,0.16,0.05,414.892,6.2157
CCCCCCCCCCCCCCCCC(=O)c1ncc(-c2ccccn2)o1,0.20143987,2.399529356,0.06,0.04,398.591,7.7907
Nc1ccc(-c2nc(N3CCOCC3)c3ccccc3n2)cc1,0.737528366,2.015099954,0.01,0,306.369,2.7156
CC(C)(C)c1ccc(-c2n[nH]c3ccc(-c4cn[nH]c4)cc23)cc1,0.551381783,2.386716416,0.74,0.29,316.408,4.9175
CC(=O)Nc1ccc(-c2nc3ccc(Nc4ccccc4)cc3o2)cc1,0.534510887,1.914125036,0.07,0.08,343.386,5.1968
CC(C)C(=O)Nc1ccc(-c2cnc3ccc(Nc4cccc(C(=O)O)c4)nc3n2)cc1,0.407176789,2.332302571,0.22,0.31,427.464,4.7281
CC(=O)CCCCCCCC=C1CC(=O)C=C(c2cccc(O)c2)C1,0.484531087,2.886696957,0.12,0.04,340.463,5.3846
CC(C)CCNC(=O)C(C)c1ccc(OC2CCN(c3cccc(OC(C)C)c3)C2)cc1,0.539773842,3.087394249,0.01,0.05,438.612,5.3973
CCOc1cc(Cl)ccc1Nc1nc(Nc2cccc(NC(=O)CCNC(=O)CC)c2)ncc1Cl,0.264488172,2.43120637,0.44,0.22,517.417,5.5241
COc1ccc(C(=O)Nc2nc(-c3ccccc3)ccc2N)cc1OC,0.734841199,1.934905789,0.19,0.05,349.39,3.6003
CC(C)(C)C(=O)CN1C(=O)C(NC(=O)Nc2ccccc2)N=C(c2ccccc2)c2ccccc21,0.571848629,2.850996155,0.04,0.02,468.557,4.6336
O=C(NCC(c1ccccc1)c1ccccc1)Nc1ncccc1[N+](=O)[O-],0.512481592,2.125840163,0.06,0.02,362.389,3.9434
COc1ccc(-c2ccc3c(N4CCOCC4C)nc(N4CCOCC4)nc3n2)cc1,0.636853143,2.986318355,0.05,0.02,421.501,2.7621
COc1cc(Nc2c(C#N)cnc3cc(-c4ccccc4)ccc23)ccc1Cl,0.455392544,2.148713528,0.29,0.39,385.854,6.17908
COc1ccc(-n2ccc3c(NC(=O)C4CC4)cnc(Nc4ccc(N5CCOCC5)cc4)c32)cc1,0.386689149,2.598921505,0.21,0.27,483.572,4.9628
COc1ccccc1N1CCN(CCCCc2cnc3ccccc3c2NS(=O)(=O)C(F)(F)F)CC1,0.412673822,2.569676566,0.09,0.09,522.593,4.6498
CC(C)C(=O)Nc1ccc(C(=O)Nc2cccc(C(=O)O)c2)cc1,0.785787696,1.637395042,0,0,326.352,3.2316
O=C(NCCCCCCCNc1c2c(nc3ccccc13)CCCC2)c1ccc2c(c1)OCO2,0.384287673,2.416447658,0.02,0.01,459.59,5.6347
Cc1cccc(-c2nc(-c3ccc(F)c(F)c3)n3c2CC(C)OCC3)c1,0.663086541,3.00694649,0.06,0.03,354.4,4.76492
O=C1NC(=O)C(=Cc2ccc(-c3ccccc3)cc2)S1,0.854122807,1.941004124,0.58,0.23,281.336,3.6775
O=C1NC(=O)C(=Cc2ccc(-c3ccccc3)cc2)S1,0.854122807,1.941004124,0.58,0.23,281.336,3.6775
COc1ccc(-c2nc(-c3ccc(Cl)cc3)c(-c3ccc(Cl)cc3)n2C2CCCC2)cc1,0.297594257,2.196589534,0.05,0.06,463.408,8.3146
CC(=O)Nc1cccc(-c2nc(Nc3cccc4ccccc34)no2)c1,0.565765018,2.122504186,0.08,0.12,344.374,4.5918
O=C1NC(=O)C(=Cc2ccc(-c3cc(F)cc(F)c3)o2)S1,0.862027984,2.513108027,0.51,0.38,307.277,3.5487
CC(C)c1ccc(Nc2nc(NCc3ccccc3)ncc2-c2nn[nH]n2)cc1,0.438406257,2.369040125,0.33,0.17,386.463,4.1358
Cc1ccc(Nc2nccc(-c3cnc4ccccn34)n2)cc1,0.624356474,2.207879139,0.71,0.39,301.353,3.84332
CC(=O)Nc1ccc(-c2nc(Nc3cccc(C(=O)O)c3)ccc2O)cc1,0.547718918,2.108040942,0.15,0.18,363.373,3.8544
COc1ccc(-c2nc(-c3ccc(C(C)C)cc3)c(-c3ccc(C)cc3)o2)cc1,0.368022452,2.013305329,0.07,0.02,383.491,7.11602
N#Cc1cccc(-c2cnc(Nc3ccc(N4CCOCC4)cc3)o2)c1,0.774538544,2.334061657,0.34,0.5,346.39,3.79348
COc1ccc(C(=O)C=Cc2ccc(OC)c(OC)c2)cc1OC,0.573852689,1.821280106,0,0,328.364,3.6171
COc1cccc(-c2nc(Nc3ccc(N4CCOCC4)cc3)[nH]c2-c2ccc3ncnn3c2)c1,0.382946335,2.734609033,0.39,0.42,467.533,4.3752
Cc1ccc(-c2nc(SCC(=O)Nc3ccccc3)nc(-c3ccc(C(=O)O)cc3)n2)cc1,0.379415805,2.114087199,0,0,456.527,4.94302
CN1CCC(C(=O)Nc2ccc(-c3cccc4c(Nc5ccccc5)nc(Cl)nc34)cc2)CC1,0.350537561,2.289070603,0.15,0.07,471.992,5.9741
COc1ccc(CC(=O)O)cc1-c1ccc(F)c2c1CN(C(=O)CC1CCc3ccccc31)CC2,0.538875085,3.05298898,0.01,0.02,473.544,5.1332
COc1ccc(-c2cccc(C(=O)Nc3ccc(CN4CC(C)NC(C)C4)c(C(N)=O)c3)c2)cc1,0.484749094,3.061982653,0.16,0.04,472.589,3.8956
COc1ccc(C(=O)Nc2ccc(Cl)c(C(=O)Nc3ccc4c(c3)-c3c(c(C(N)=O)nn3C)CC4)c2)cc1,0.33970878,2.45294445,0.1,0.05,529.984,4.4512
CC(C)c1c(N(Cc2ccc(C(=O)O)cc2)S(=O)(=O)c2ccc(C(=O)O)cc2)ncc2ccccc12,0.3398891,2.45766634,0.03,0.1,504.564,5.1501
CC(=O)Nc1nc(NCc2ccc(-c3ccccc3)cc2)nc(Nc2ccc3ccccc3c2)n1,0.275643387,2.222595766,0.06,0.1,460.541,6.0059
CC(C)C(=O)Nc1ccc(-c2nc3n(c2-c2ccccc2)CC3)cc1,0.771570498,2.15182239,0.09,0.05,331.419,4.3677
O=C(NC1CCCCC1)c1cccc(-c2cncc3[nH]c(-c4ccc(C5CCCCC5)cc4)nc23)c1,0.31381925,2.524566168,0.38,0.26,478.64,7.4021
CC(C)(C)C(=O)Nc1cccc(-c2n[nH]c3ccc(-c4nc[nH]n4)cc23)c1,0.514027112,2.825255432,0.37,0.38,360.421,3.9996
CC(=O)c1ccc(-c2ccc(C(=O)Nc3ccc(CN4CCC(C(=O)O)CC4)cc3)cc2)cc1,0.482928032,1.957327484,0.02,0.01,456.542,5.1051
CC(=O)Nc1cc(-c2cccc(C(=O)Nc3ccc(CN4CCCCC4)cc3)c2)cc(OC)c1OC,0.434422679,2.19102746,0.04,0.06,487.6,5.5674
COc1ccc(-c2nc(C(=O)Nc3ccc(OC(F)(F)F)cc3)ccc2-c2ccccc2)cc1,0.350424281,2.112441521,0.17,0.09,464.443,6.5751
COc1ccc(C(=O)Nc2cccc(C(F)(F)F)c2)cc1Nc1ncncc1Nc1cncnc1,0.336733585,2.614034063,0.21,0.23,481.438,5.0335
COc1cc(Nc2nccc(-c3cnc4ccccc4c3)n2)cc(OC)c1OC,0.52229095,2.219040746,0.75,0.57,388.427,4.4612
CNC(=O)c1ccc(C(=C2CC=CCC2)c2ncc(C)s2)cc1,0.852760022,2.983935577,0.01,0,324.449,4.35312
COc1ccc(C=NNc2nc(Nc3ccc(N4CCOCC4)cc3)ncn2)cc1,0.457522095,2.353001777,0.24,0.3,405.462,2.9064
CC(=O)c1cnc2ccc(-c3ccc(F)c(F)c3)nc2n1,0.678534279,2.345043881,0.17,0.18,285.253,3.1726
COc1ccc(Nc2ncc(C(=O)Nc3ccc(CN4CCOCC4)cc3)cc2-c2nc(C)no2)cc1,0.365816581,2.457148227,0.11,0.07,500.559,4.27672
C=CC(=O)Nc1cc2c(Nc3cccc(Cl)c3F)ncnc2cc1OCCCNC(=O)C=C,0.300761317,2.744471318,0.31,0.27,469.904,4.3615
Cc1ccc(-c2nc(-c3cccc4ccccc34)oc2-c2ccc(OC)cc2)cc1,0.326328646,2.021765641,0.06,0,391.47,7.14582
CCCC(=O)N(Cc1ccccc1Cl)c1ccc(-c2cnc(N)cn2)c(F)c1,0.64367322,2.493180865,0.18,0.11,398.869,4.8516
CC(C)(C)c1cc(NC(=O)Nc2ccc(Cl)cc2)n(-c2ccccc2)n1,0.643772905,1.974163736,0.14,0.01,368.868,5.4672
COc1ccc(C=NNc2ncnc3ccccc23)cc1OC,0.579218473,2.031816237,0.45,0.08,308.341,3.093
CC(=O)Nc1ccc(C(=O)Nc2nc(-c3ccccc3)ns2)cc1,0.763313662,1.917558556,0.05,0.01,338.392,3.4158
O=C(c1ccccc1-c1nccs1)N1CCC2CNc3cc(-c4ccccc4)ncc3C21,0.458793779,3.490743723,0.26,0.09,438.556,5.501
CCC(C)C(=O)Nc1cc(-n2cnc3ccncc32)ncc1C(=O)Nc1cccc(N2CCOCC2)n1,0.395812926,3.278654581,0.2,0.05,500.563,3.284
CC(=O)Nc1cc(-c2cccc(C(F)(F)F)c2)nc(Nc2ccc(N3CCOCC3)cc2)n1,0.578306147,2.378656266,0.21,0.27,457.456,4.701
O=C(Nc1ccc(Cl)cc1)c1cnc(Nc2ccccc2)nc1Nc1ccncc1,0.39655575,2.115320012,0.52,0.34,416.872,5.2645
CCOc1ccc(Cl)cc1Nc1nc(NC2CCCCC2)c2nc[nH]c2n1,0.558437226,2.578045728,0.26,0.15,386.887,4.8932
CNc1nc(Nc2ccc(C(=O)Nc3cc(NC(=O)CC)ccc3Cl)cc2OC)ncc1C(F)(F)F,0.306499412,2.49505641,0.44,0.31,522.915,5.5435
Cc1cc(Nc2nccc(-c3cnn4ccccc34)n2)cc(OC)c1OC,0.581801314,2.47956679,0.85,0.32,361.405,3.86052
CCOc1ccc(-c2nc(-c3cccc4c3ncn4CCO)no2)cc1,0.574809686,2.356163498,0.09,0,350.378,3.1443
COc1ccc(CN=c2[nH]c(N3CCC4(CC3)OCC4)nc(Nc3ccc(C(=O)O)cc3)n2)cc1,0.475088227,3.452047294,0.15,0.02,476.537,3.1153
Cc1ccc(-c2noc(C(=O)Nc3cnccc3C3CC(=O)N4CCCC4C3)c2)cc1,0.689733027,3.311005441,0.15,0.05,416.481,4.16572
CN(C)CC(=O)Nc1ccc(-c2nc(N3CCOCC3)c3ncccc3n2)cc1,0.711208152,2.313323163,0.1,0.05,392.463,2.0285
COc1ccc(C(=O)Nc2cccc3ccccc23)cc1-n1nccn1,0.613034474,2.105666534,0.06,0.12,344.374,3.6814
Cc1cc(C(=O)C=Cc2ccc(O)cc2O)ccc1O,0.591510737,2.22936139,0,0.02,270.284,3.00792
COc1ccc(CC(=O)Nc2nnc(CCCCc3ccccc3)s2)cc1,0.561618433,1.95221009,0.01,0.05,381.501,4.2933
Cn1cc(C(=O)Nc2ccc(-c3ccccc3)c(C(F)(F)F)c2)cc1NC(=O)OCc1ccccc1,0.313543459,2.421859372,0.08,0.02,493.485,6.7119
CC(C)(C)OC(=O)NC(Cc1ccccc1)C(=O)NC(C=O)Cc1ccccc1,0.671918531,2.781044778,0,0.01,396.487,3.0488
O=C1NC(=O)c2c1c1ccc3ccccc3c2[nH]1,0.620074353,4.089045447,0.58,0.11,236.23,-0.24012
CCCn1c(=O)c2nc(-c3ccc(OC)nc3)[nH]c2n(CCC)c1=O,0.735967301,2.664944423,0.26,0.05,343.387,1.7769
CCCCCC(=O)Nc1nc(-c2ccccc2)nc(Nc2ccccc2)n1,0.563361268,1.982768026,0.07,0.07,361.449,4.801
CCOC(=O)CNC(=O)Cc1cccc(-c2cccc3c(Nc4ccc(C(C)(C)C)cc4)n[nH]c23)c1,0.287380362,2.54213901,0.28,0.1,484.6,5.4928
CC(=O)Nc1ccc(-c2ccc3nccc(Nc4ccc(N5CCCC5)cc4)c3n2)cc1,0.437279173,2.218015261,0.19,0.3,423.52,5.599
O=C1N=C(Nc2ccc(Cl)cc2)CC1=O,0.735405667,2.574360591,0.09,0.06,222.631,1.6498
CC(C)C(NC(=O)C(c1ccccc1)c1ccccc1)C(=O)NC(C=O)Cc1ccccc1,0.468008533,2.900223176,0.02,0.01,442.559,3.8857
Cc1ccc(-c2noc(C3CC(F)(F)C3)n2)cc1N=C(O)c1cnc2ccccn12,0.38477839,3.148942449,0.14,0.04,409.396,4.84172
Cc1cc(NC(=O)c2ccc(Nc3ccccn3)cc2)nc(N2CCOCC2)n1,0.691730411,2.243297501,0.06,0.24,390.447,3.01252
COc1cc(CN(CC2CCOCC2)C(=O)c2ccc(OC)cc2-c2ccncc2)ccc1OC,0.4400644,2.405742395,0.22,0.01,476.573,4.8434
COc1ccc(-c2nc(Nc3ccccc3)nc(Nc3ccccc3)n2)cc1,0.496344545,1.903265005,0.19,0.18,369.428,5.0344
Cc1ccc(C(=O)Nc2cccc(C(F)(F)F)c2)cc1Nc1ncnc2cnc(Nc3ccccc3)nc12,0.237523431,2.472681909,0.54,0.38,515.499,6.48652
CC(C)CC(C)=CCC=C1C(C)=CC=C1C,0.566412633,3.466269763,0,0.01,216.368,5.2015
CC(C)(C)c1ccc(-c2cnc3c(c2)CCCNC3=O)cc1,0.870623425,2.35180301,0.4,0.19,294.398,3.7221
Cc1cc(Nc2cc(C(F)(F)F)ccn2)nc(Nc2ccc(N3CCOCC3)cc2)c1,0.586586123,2.472993591,0.25,0.5,429.446,5.12762
COc1ccc(C=Cc2cc(O)cc(O)c2)cc1,0.811949725,1.969726738,0.02,0.08,242.274,3.2768
CC(C)(C)OC(=O)c1cccc(-c2ccc(-c3ccc4c(c3)NC(=N)C4CCC(=O)O)nc2)c1,0.408065353,3.277884973,0.29,0.05,457.53,5.72207
CC(C)c1nc(Nc2ccc(Br)cc2)nc(Nc2ccccc2)n1,0.629610401,2.068963239,0.12,0.09,384.281,5.2447
CN(C)C1CCN(c2ccc(Nc3ncc(Cl)c(Nc4ccccc4S(=O)(=O)C(C)C)n3)cc2)CC1,0.405216429,2.620722075,0.72,0.67,529.11,5.3297
Cc1nn(Cc2ccc(NC(=O)c3ccccc3)cc2)c(C(=O)O)c1Cc1ccccc1,0.446256173,2.070352211,0.01,0.02,425.488,4.78112
CC(C)(C)c1ccc(-c2ccc(Nc3nccc(Nc4ccccc4)n3)cc2)cc1,0.385278521,2.03702947,0.78,0.62,394.522,6.9283
COc1ccc(C(O)=Nc2ccc(CC(=O)O)cc2)cc1-c1ccnc(NC2CCCCC2)c1,0.291996968,2.553742317,0.26,0.32,459.546,5.7652
CCCCCCCCCCCCCCCCCCCCCCCCCNC(=O)Nc1c(C(C)C)cccc1C(C)C,0.101453945,2.384828207,0.02,0,570.991,13.0471
CC(C)c1ccc(Nc2nc(Nc3ccccc3)n3ncnc(N)c23)cc1,0.49136085,2.465699335,0.3,0.12,359.437,4.3171
COc1ccc(C(=O)CCNC(=O)c2ccc(Oc3ccc(C(F)(F)F)cc3)cc2)cc1OC,0.414632438,2.070713886,0.03,0.01,473.447,5.5177
COc1ccc(CC(=O)O)cc1-c1ccc(F)c2c1CN(C(=O)C=Cc1ccccc1)CC2,0.557511732,2.476918296,0.01,0,445.49,4.7265
CCCCCCCCCCCCCCCCC(=O)c1nnc(-c2ccccc2)o1,0.20143987,2.20794094,0.06,0,398.591,7.7907
CN(C)C(=O)c1ccc(-c2nc(-c3cccc4ccccc34)no2)cc1,0.557601717,1.972021489,0.04,0.01,343.386,4.2586
COc1ccc(-c2nc(-c3ccccc3)c(-c3ccccc3)[nH]2)cc1,0.543603121,1.79861319,0.26,0.06,326.399,5.4193
Cn1cc(NC(=O)c2cccc(Nc3ccc(N4CCNCC4)cn3)c2)cn1,0.632050862,2.367214487,0.18,0.27,377.452,2.2206
COc1ccc(-c2nc(NC3CCCCC3)c3ccccc3n2)cc1,0.725562554,1.924644999,0.22,0.07,333.435,5.05
COc1ccc(-c2ccc3c(c2)Nc2ccccc2NC3=O)cc1,0.722008455,2.006317419,0.79,0.06,316.36,4.6715
O=C1NC(=O)C(=Cc2ccc(-c3ccc(Cl)cc3)o2)S1,0.854211213,2.266876119,0.45,0.24,305.742,3.9239
COc1ccc(-c2nc(-c3ccc(-c4ccccc4)cc3)nn2CCC(=O)O)cc1,0.484676434,2.057122309,0.06,0.02,399.45,4.7624
COc1ccc(C(=O)Nc2ccc3c(c2)-c2c(c(C(N)=O)nn2-c2ccc(S(C)(=O)=O)cc2)CC3)cc1,0.403539213,2.446149903,0.09,0.03,516.579,3.4012
CN(C)C(=O)c1cc2cnc(Nc3ccc(N4CCNCC4)nc3)nc2n1C1CCCC1,0.638012176,2.769084819,0.38,0.43,434.548,2.7964
O=C(Nc1ccccc1)c1ccc(-c2cnc3ccc(-c4ccc(O)c(Cl)c4)nn23)cc1,0.376812735,2.220183082,0.12,0.03,440.89,5.6746
O=C(Nc1ccc(C(=O)N2CCCC2C(=O)Nc2ccc(Cl)cc2)cc1)c1ccccc1,0.58726599,2.264992405,0,0,447.922,4.8356
O=C(Nc1ccccc1C(=O)Nc1ccccc1)c1ccccc1F,0.745929716,1.532982005,0,0,334.35,4.3303
CCCCCCCCC(=O)c1ccc(N2C(=O)C(=O)c3ccccc32)cc1,0.33660965,2.054312375,0,0.02,363.457,5.4809
CC(C)(C)c1ccc(C(=O)Nc2ccc3c(c2)-c2c(c(C(N)=O)nn2-c2ccc(OCCO)cc2)CC3)cc1,0.324943443,2.564792797,0.14,0.04,524.621,4.6577
COc1ccc(-c2ccc(NC(=O)CCCc3ccccc3)cc2)cc1OC,0.578609821,1.679720365,0.06,0,375.468,5.3322
COc1ccc(-n2nc(C(C)(C)C)cc2NC(=O)Nc2cccc(Cl)c2)cc1,0.611319506,2.083378551,0.12,0.02,398.894,5.4758
Cc1cc(C(=O)Nc2ccc(C(=N)N)cc2)n(-c2ccc3ccccc3c2)n1,0.376194435,2.114985814,0.03,0.09,369.428,3.87029
CN(C)c1ccc(Nc2nccc(-c3cnc4[nH]ccc4c3)n2)cc1,0.594986491,2.402456083,0.79,0.59,330.395,3.8295
COc1ccc(Nc2ncc(C(N)=O)c(Nc3cc(C(=O)Nc4cccc(N)c4)ccc3C)n2)cc1,0.233193114,2.322114123,0.5,0.37,483.532,4.21422
OC(c1ccc(Cl)cc1)(c1ccccc1)c1ccc(-c2nc(C3CCCCC3)c3ccccc3n2)cc1,0.244787225,2.859065153,0.04,0.02,505.061,8.2821
CC1CN(c2cc(C(=O)Nc3ccc(OC(F)(F)F)cc3)ccc2NC(=O)c2ccc(Cl)cn2)CC1,0.418962819,2.831829716,0.1,0.1,518.923,5.9844
COc1cccc(-c2cncc(C(=O)Nc3ccc(N4CCOCC4)cc3)n2)c1,0.720774903,2.126610261,0.13,0.07,390.443,3.2411
COc1ccc2c(c1)c(C=C1C(=O)Nc3ccc(S(N)(=O)=O)cc31)cn2C1CCCC1,0.604159486,2.603572934,0.44,0.15,437.521,3.9051
O=C1C=C2c3cccc4[nH]cc(c34)CC2N(C(=O)Nc2ccccc2)C1,0.709020325,3.094879119,0.06,0.07,343.386,3.5928
COc1ccc(NC(=O)c2ccc(C(F)(F)F)cc2)cc1Nc1ncnc2cnc(N3CCCCC3)nc12,0.344644072,2.560908585,0.23,0.23,523.519,5.4334
COc1ccc(Nc2nccc(Nc3ccccc3C(=O)O)n2)cc1,0.631706241,1.968555082,0.77,0.41,336.351,3.6706
CCCCN(C)C(=O)CNC(=O)C(CC(C)C)NC(=O)Cc1ccccc1,0.621897341,2.503192027,0,0,375.513,2.1347
CN(C)CC(=O)c1ccc(Nc2ncc3c(n2)-c2ccccc2C(=O)CC3)cc1,0.673160422,2.405480121,0.5,0.28,386.455,3.7604
CC(C)(C)c1ccc(CNc2ncc(C(=O)c3ccccc3Cl)s2)cc1,0.553462543,2.200375749,0.12,0.05,384.932,5.9371
O=C(Nc1ccc(Cl)cc1)NN=C1c2ccccc2Cc2ccccc21,0.4940706,2.155233943,0.03,0.03,361.832,4.8183
CCN(C)Cc1ccc(-c2cnc3ccc(Nc4ccccc4)nn32)cc1,0.548061198,2.263960626,0.14,0.17,357.461,4.5916
CC(=O)Nc1c(C(N)=O)nc2n1C1CC(C1)c1ccc(C#CC(C)(C)O)cc1-2,0.695609371,3.865630294,0.08,0.03,378.432,2.1619
COc1ccc(-c2ccccc2C(=O)Nc2ccnc(-c3ccc(N4CCOCC4)cc3)c2)cc1,0.406651267,2.141978887,0.23,0.1,465.553,5.5131
COc1ccc(-c2ccc3c(N4CCOCC4C)nc(N4CCOCC4C)nc3n2)cc1,0.618933374,3.412299361,0.03,0.01,435.528,3.1506
COc1ccc(NC(=O)Nc2ccc(NC(=O)c3ccccc3)cc2)cc1OC,0.572921022,1.663631557,0.01,0,391.427,4.6001
Cc1ccccc1Nc1nccc(-c2cnc3[nH]cc(C(=O)OC)c3n2)c1,0.537608294,2.463365015,0.28,0.59,359.389,3.85852
COc1ccc(CN(C)C)c2[nH]c(-c3ccccc3)nc12,0.797454141,2.210981313,0.31,0.03,281.359,3.3001
CC(=O)Nc1ccc(-c2ccc3nccc(Nc4cccc(S(=O)(=O)Nc5ccccc5)c4)c3n2)cc1,0.25558196,2.320614486,0.14,0.27,509.591,5.7996
CC(C)(C)NC(=O)c1ccc(C2CC2)c(OCC2CC2)n1,0.904324036,2.438912446,0.08,0.03,288.391,3.2761
Nc1ncnc2nc(-c3ccccc3)ccc21,0.685571979,1.994698274,0.46,0.11,222.251,2.274
CC(C)c1ccccc1N1CCN(Cc2ccc(-c3ccc(N)cc3)cc2)CC1,0.598460378,1.94777646,0.03,0,385.555,5.3814
O=C(Nc1ccccc1)c1nnc(Nc2ccccc2)o1,0.767345637,1.939600941,0.12,0.09,280.287,3.0655
O=C1Nc2ccc(Cl)cc2C(=O)N1c1ccc(Cl)cc1,0.751184573,1.910211949,0.18,0.02,307.136,2.9858
COc1ccc(C(=O)Nc2ccc3c(c2)-c2c(c(C(N)=O)nn2-c2ccc(S(C)(=O)=O)cc2)CC3)cc1,0.403539213,2.446149903,0.09,0.03,516.579,3.4012
CCOc1ccc(CC(=O)O)cc1-c1ccc(F)c2c1CN(C(=O)C=Cc1ccccc1)CC2,0.498463109,2.518931766,0.01,0,459.517,5.1166
O=C(Nc1ccc(Cl)cc1C(=O)Nc1ccc(Cl)cn1)c1ccc(-c2cccc3cnccc23)cc1F,0.250372393,2.390486204,0.37,0.2,531.374,7.2473
COc1cc(CNC(=O)C2C(C(=O)NCCCCN3CCCCC3)C3C=CC2C32CC2)cc(OC)c1,0.362722957,4.888639862,0,0,495.664,3.5307
CC(=O)NC1CCC(C(=O)Nc2ccc(-c3cccc4ncccc34)cc2)CC1,0.690598333,2.040761625,0.15,0.12,387.483,4.5352
COc1ccc(C(=O)Nc2ccc(-c3cnccc3C(N)=O)cc2)cn1,0.736499734,2.086197473,0.25,0.08,348.362,2.5034
CCC(C)C(N)C(=O)N1CC(F)CC1C#N,0.77568826,3.907875075,0.02,0,227.283,0.82238
CNC(=O)C1OC(n2cnc3c(N)nc(NCCN4CCOCC4)nc32)C(O)C1O,0.333409065,3.845388518,0.31,0.09,422.446,-2.4822
O=C(c1ccc(Nc2nccc(-c3cnc(N4CCCCC4)c(N4CCOCC4)c3)n2)cc1)N1CCCC1,0.520889923,2.59659805,0.54,0.54,513.646,4.3451
COc1ccc(-n2nc(C(C)(C)C)cc2NC(=O)Nc2ccc(Oc3ccnc(Nc4ccccn4)n3)cc2)cc1,0.19858852,2.644758847,0.28,0.22,550.623,6.5433
Cc1ccc(-c2n[nH]c3ccc(-c4nnn[nH]4)cc23)cc1,0.589359981,2.462349079,0.31,0.15,276.303,2.71842
CC(C)CC(C=O)NC(=O)C(CC(C)C)NC(=O)C(Cc1ccccc1)NC(=O)C(CCCC)NC(=O)CCCCCCCNC(=O)NC,0.067177965,3.92076079,0.04,0.03,686.939,3.9192
O=C(Nc1nc2ccccc2s1)c1ccc(Nc2nccc(-c3cnc(N4CCCC4)nc3)c2)cc1,0.311135275,2.426804557,0.24,0.53,493.596,5.7444
CN1CCC(N=C(O)c2ccc(NC(=O)c3cc(-c4ccccn4)ccc3Cl)n2-c2ccccc2)CC1,0.250333032,2.884466103,0.2,0.07,514.029,5.8438
COc1ccc(-c2ccc(C(=O)Nc3ccc(CN4CCCC4=O)c(C(C)(C)C)c3)cc2)cc1OC,0.441909598,2.272629767,0.04,0,486.612,6.043
CC(C)C(=O)Nc1ccc(-c2noc(C(F)(F)F)n2)cc1,0.943348765,2.15090273,0.12,0.02,299.252,3.3499
COc1cccc(-c2nc(Nc3ccccc3)nc(NC3CCCCC3)n2)c1,0.629114897,2.114684097,0.35,0.25,375.476,5.0354
COc1ccccc1-c1nc(Nc2ccc3[nH]ncc3c2)ccn1,0.598989197,2.257511027,0.54,0.42,317.352,3.7721
COc1ccc(-c2nc(-c3ccccc3)n(-c3ccccc3)n2)cc1,0.549365555,1.774807161,0.1,0.02,327.387,4.6099
CN(C)C(=O)Cn1c(=O)oc2ccc(-c3cccc(Cl)c3)cc21,0.74148614,2.181509725,0.01,0.06,330.771,3.0031
O=C(NC1CCC(CCN2CCC(c3coc4ccccc34)CC2)CC1)c1ccccc1,0.522291248,2.32732401,0.02,0,430.592,5.9911
CC(C)CNc1ccc(-c2nc(N)c3cc(-c4cnccn4)ccn23)cc1,0.561039315,2.672269749,0.42,0.09,358.449,4.1084
Cc1cc(Nc2nccc(-c3cnc4ccccn34)n2)ccn1,0.628989233,2.491006515,0.78,0.41,302.341,3.23832
COc1cc(NC(=O)c2ccc(C#N)cc2)cc(OC)c1OC,0.917892029,1.814292417,0.03,0.02,312.325,2.83638
CCCn1c(=O)[nH]c2nc(-c3ccc(F)cc3)[nH]c2c1=O,0.767975484,2.356113764,0.15,0.02,288.282,1.629
Cc1cc(OCCCOCCOc2cccc3ccccc23)c(OC)cc1C(=O)O,0.46124472,2.11723897,0.05,0.01,410.466,4.71952
COc1ccc(-c2nnc(Nc3ccccc3)o2)cc1OC,0.777002288,1.902695473,0.69,0.09,297.314,3.4974
CC(C)(C)c1ccc(Nc2ncc(-c3ccc(N4CCOCC4)cc3)o2)cc1,0.675489282,2.279328912,0.31,0.39,377.488,5.2193
CN(C)C(=O)c1ccc(Nc2nccc(Nc3cc(N4CCOCC4)ccn3)n2)cc1,0.629782855,2.441969857,0.49,0.65,419.489,2.8972
CC(=O)Nc1ccc(-c2nc(Nc3cccc(O)c3)ncc2F)cc1,0.675205771,2.118646902,0.44,0.47,338.342,3.6903
COc1ccc(-c2ccccc2)cc1CNC(=O)c1ccc(-c2ccco2)cc1,0.47470366,1.895221483,0.01,0.01,383.447,5.5522
CC(=O)NC(C)c1ccc(OC2CCN(c3ccnc(N4CCOCC4)n3)C2)cc1,0.780296594,3.158177202,0.11,0.07,411.506,2.168
COc1ccc(Nc2ncc(Nc3ccccc3)cc2-c2nc(C)nc(N)n2)cc1,0.439534106,2.335676685,0.24,0.24,399.458,4.32002
O=C(Nc1ccc(C(=O)N2CCCC2)cc1)c1ccccc1Cl,0.930553778,1.575446067,0,0.01,328.799,3.8283
CCCCCCCCCCCCCCCCCCCC(=O)Nc1cccc(-n2cnc3ccccc32)n1,0.155871562,2.438663282,0.01,0.04,504.763,9.4007
Cc1ccc(OCc2ccc(C(=O)CC(=O)O)cc2)c(-c2ccc(C(F)(F)F)cc2)c1,0.374976795,2.120641628,0.09,0.04,428.406,5.91722
COc1cccc(-n2c(Nc3ccccc3)nc(NC3CCCCC3)n2)c1,0.660718513,2.26845,0.21,0.16,363.465,4.7641
CC(=O)Nc1cc2c(Nc3ccc(Br)cc3F)ncnc2cc1OCCCNC(=O)CN,0.328942612,2.522220204,0.21,0.15,505.348,3.0772
CCc1ccc(Nc2nccc(Nc3cc(N4CCOCC4)ccn3)n2)cc1,0.678331431,2.339432197,0.47,0.48,376.464,3.7578
O=C(c1ccc(Cl)cc1)N1CCN=C(c2ccccc2)C1,0.837213509,2.087531388,0.01,0.01,298.773,3.2851
COc1ccc(N2CCN(c3ccc(C(C)NC(C)=O)cc3)C2=O)cc1,0.896701333,2.505491675,0.01,0,353.422,3.3389
CN(C)c1ccc(-c2ccc3ccc(N)cc3n2)cc1,0.718884044,1.92967369,0.15,0.02,263.344,3.55
O=C1Nc2ccc(-c3cccnc3)cc2C1=Cc1ccccc1,0.718923068,2.056273936,0.58,0.21,298.345,4.2413
O=C(NCCN1CCOCC1)c1ccc(Nc2nccc(-c3cnc4ccccc4c3)n2)cc1,0.441559873,2.310979722,0.67,0.64,454.534,3.4974
O=C(NC1CCOCC1)c1cnc(Nc2ccc(Cl)cc2)nc1Nc1ccccc1Cl,0.471999959,2.314029857,0.68,0.55,458.349,5.1794
COc1ccc(Nc2ncc(C(=O)Nc3ccccc3N)cc2-c2nc(C)nc(N)n2)cc1,0.328804087,2.431984581,0.21,0.21,442.483,3.41092
Cc1ccc(C(=O)Nc2ccc(Cl)c(C(=O)Nc3ccc4c(c3)-c3cc(F)ccc3C4)c2)cc1,0.301093926,2.136747944,0.04,0.04,470.931,6.86332
COc1ccc(-c2nc(Nc3ccccc3)nc(N)n2)cc1,0.768943692,1.845301001,0.17,0.12,293.33,2.873
COc1ccc(CC(=O)Nc2nc(-c3ccccc3)nc3ncccc23)cc1,0.576805747,2.063867207,0.26,0.09,370.412,3.8816
CN1CCC(COc2ccc3nc(-c4ccccc4)c(-c4ccc(C#N)cc4)nn32)CC1,0.46722549,2.616551759,0.07,0.05,423.52,4.65558
CC(C)C(=O)Nc1ccc(C(=O)Nc2ccc(Cl)c(C(=O)c3cn(C(C)C)c4ncncc34)c2)cc1,0.3125145,2.522401263,0.16,0.05,503.99,5.7434
Cc1ccc(-c2ccc(N3CCC(N4CCCC4)C3=O)cc2)cc1,0.857095583,2.468812578,0.04,0.04,320.436,3.86312
CNC(=O)c1cccc(-c2nc(Nc3ccc(N4CCOCC4)cc3)ncc2NC(=O)c2ccc(C(=N)N)cc2)c1,0.164370181,2.591870059,0.51,0.57,550.623,3.61977
O=C1NC(=O)C(=Cc2ccc(N3CCCCC3)cc2)S1,0.849950221,2.16059935,0.369369676,0.26,288.372,3.0008
O=C(Nc1ccc(C(=O)Nc2ccccc2)cc1)c1ccccc1Nc1ccccc1,0.370683248,1.677539883,0.02,0.08,407.473,5.9348
CN1CCN(c2ccc(-c3cnc4ccccc4c3)cc2)CC1,0.720123753,1.84092552,0.17,0.16,303.409,3.6536
COc1ccc(-c2nc(-c3cccc4ccccc34)n[nH]2)cc1,0.613512575,1.928553348,0.26,0.03,301.349,4.3005
COc1ccc(-c2ccc3cnc(Nc4ccc(N5CCOCC5)cc4)nc3n2)cc1,0.523461804,2.27283949,0.46,0.74,413.481,4.2806
COc1ccc(C(=O)Nc2cc(-c3cccc(C(=O)O)c3)ccn2)cc1OC,0.678461584,1.931608908,0.19,0.27,378.384,3.7163
CNC(=O)c1ccc(-c2noc(C(F)(F)F)n2)cc1,0.907920604,2.138302494,0.08,0.02,271.198,2.115
COc1ccc(-c2nc(Nc3ccccc3)nc(NC3CCCCC3)n2)cc1,0.629114897,2.071047026,0.22,0.25,375.476,5.0354
O=C(NCCNc1ccc(Cl)cc1C(=O)Nc1ccc(Cl)cn1)c1ccccc1,0.483879445,2.026737767,0.03,0.06,429.307,4.4826
O=C(Nc1cccc(-c2nnc(NC(=O)c3ccccc3)o2)c1)c1ccc(-n2ccccc2=O)cc1,0.374351585,2.262035351,0.04,0.04,477.48,4.3921
CC(C)c1c(C(=O)NCc2ccc(F)c(F)c2)c2ccc(C(=O)N3CCOCC3)cc2n1CC(=O)O,0.518149252,2.602774033,0,0,499.514,3.5299
COc1ccc(-c2ccc3ccccc3c2)cc1-c1ncccc1CN(C)C,0.45578852,2.125293015,0.12,0.13,368.48,5.639
O=C(NCCN1CCCCC1)c1ccccc1,0.859651091,1.489986582,0.02,0,232.327,1.9023
CC(=O)c1ccc(-c2ccc(C(=O)Nc3ccc(N4CCNCC4)c4ncccc34)cc2)cc1,0.428777734,2.240051022,0.19,0.05,450.542,4.7663
COc1ccc(-n2nnc(C(=O)Nc3ccc4c(c3)CC(NC(=O)CCC(C)C)C4)c2)cc1,0.550353806,2.891133642,0,0.01,447.539,3.5478
COc1ccc(-c2nc(Nc3ccccc3)c(-c3ccccc3)[nH]2)cc1,0.504064308,1.983651467,0.38,0.12,341.414,5.4959
CNC(=O)c1c(O)c2ncc(Cc3ccccc3)cc2[nH]c1=O,0.684290645,2.32126711,0.18,0.04,309.325,1.5791
O=C(Nc1ccc(Cl)cc1)c1ccccc1Nc1nc(Nc2ccccc2)ncc1Cl,0.311644703,2.032832934,0.62,0.58,450.329,6.5229
COc1ccc(-c2cccc(Nc3ccc(C(=O)O)c(C)c3)c2)cc1OC,0.636043196,1.884210577,0.08,0.05,363.413,5.12102
COc1ccc(Nc2nccc(Nc3ccccc3)n2)cc1OC,0.715251269,1.900155002,0.79,0.51,322.368,3.981
COCCNc1ccc(Nc2nccc(-c3cnn4ccccc34)n2)cc1OC,0.444656949,2.499503474,0.79,0.41,390.447,3.6018
COc1ccc(-c2nc(Nc3cccc(CN4CCCC4=O)c3)ncc2F)cc1,0.682380478,2.240101735,0.37,0.25,392.434,4.1573
COc1ccc(CNC(=O)c2ccc(-c3nc(C#N)nc4ccncc43)cc2OC)cc1,0.503241681,2.473568766,0.28,0.11,425.448,3.51068
O=C(c1ccc(F)c(F)c1Cl)N1CCn2c(nnc2-c2ccccc2)C1,0.644683033,2.403498928,0.04,0.01,374.778,3.5327
COc1ccc(-c2nc(-c3cccc4ccccc34)oc2C)cc1,0.50200997,1.938835222,0.1,0,315.372,5.47882
COc1ccc(-c2cccc3cc(Nc4ccc(N5CCOCC5)cc4)nn23)cc1,0.531016938,2.354753549,0.13,0.24,400.482,4.5901
Cc1ccc(-n2nc(C(C)(C)C)cc2NC(=O)Nc2ccc(Oc3ccnc4[nH]ccc34)cc2)cc1,0.257929388,2.540796094,0.24,0.15,480.572,6.79082
COc1cccc(-c2nn(C(=O)c3ccc(OC)cc3)cc2-c2ccc3ncnc(N)c3n2)c1,0.427281471,2.571267592,0.27,0.12,452.474,3.8432
CN(C)C(=O)Cn1cc(-c2ccnc3[nH]ccc23)cn1,0.783482576,2.563791099,0.34,0.13,269.308,1.5146
COc1ccc(-c2nc(-c3ccccc3)n(-c3cccc(C)c3)n2)cc1,0.528898312,1.882158639,0.12,0.02,341.414,4.91832
COc1ccc(CNC(=O)c2ccc(-c3ccc(C#N)cc3)o2)cc1OC,0.721531992,2.008920367,0.03,0,362.385,3.76548
COc1ccc(Nc2cc(Nc3ccccc3)ncn2)cc1,0.744772981,1.847807854,0.3,0.41,292.342,3.9724
O=C(Nc1ccc(Cl)cc1)c1cnc(Nc2ccccc2)nc1Nc1ccccn1,0.39655575,2.105615117,0.52,0.33,416.872,5.2645
COc1ccc(-c2ccc(Nc3ccccc3)cc2)cc1OC,0.709860758,1.538128522,0.12,0.1,305.377,5.1144
CC(=O)Nc1ccc(-c2nc(N3CCOCC3)c3ncccc3n2)cc1,0.782434203,2.178169368,0.08,0.11,349.394,2.4868
CC(C)c1c(N(Cc2ccc(-c3ccccc3)cc2)S(=O)(=O)c2ccc(C(=O)O)cc2)ncc2ccccc12,0.228145706,2.443673527,0.06,0.11,536.653,7.1189
Cc1ccc(-c2nc(-c3cccc4ccccc34)[nH]n2)cc1,0.584495921,1.922210694,0.19,0.03,285.35,4.60032
Cc1cc(C)cc(-c2ccc3cc(O)ccc3c2)c1,0.653654642,1.813466892,0.15,0.04,248.325,4.82924
CNC(=O)c1cccc(-n2ncc3c(Nc4ccccc4)ncnc32)c1,0.594518796,2.108228072,0.41,0.09,344.378,2.9187
CN(C)CCC(=O)Nc1ccc2ncnc(Nc3cccc(Br)c3)c2c1,0.637684635,2.1653245,0.71,0.2,414.307,4.0261
O=c1[nH]c2ccccc2n2nc(-c3ccco3)nc12,0.560374166,2.37819757,0.27,0.03,252.233,1.8308
COc1ccc(C2=NN(C(C)=O)CC2c2ccccc2)cc1,0.872829398,2.605371483,0.07,0.01,294.354,3.0452
CNC(=O)c1ccc(-n2ccc3cc(C(=O)O)ccc32)cc1NC1CCC(C(=O)O)CC1,0.468075152,2.501595589,0.08,0.07,435.48,3.7436
O=C1Nc2cccc3c2C1=Cc1ccccc1-3,0.57533324,2.015456428,0.55,0.06,219.243,3.5587
Cn1c(C(=O)NCc2ccc(F)c(F)c2)cc(-c2cccc(C#N)c2)n1,0.78397474,2.226465317,0.15,0.05,352.344,3.16698
Cc1cccc(CNC(=O)Cc2ccc(-c3cccc4c3ncn4C)cc2)c1,0.566444157,2.088884468,0.29,0.03,369.468,4.40762
COc1ccc(-c2[nH]c3ccccc3c2C(=O)Nc2cccc3cccnc23)cc1,0.414927515,2.137865641,0.25,0.08,393.446,5.644
COc1ccc(-c2nc(-c3cccc4ccccc34)[nH]c2-c2ccncc2)cc1OC,0.389518155,2.231402774,0.61,0.16,407.473,5.9761
O=C(Nc1ccc(Cl)cc1C(=O)Nc1ccc(Cl)cn1)c1ccc(-c2cccc(C(F)(F)F)n2)cc1,0.291370762,2.338993972,0.23,0.09,531.321,6.9738
CNc1nc(Nc2ccc(-c3cnccc3OC)cc2OC)ncc1C(F)(F)F,0.630638929,2.520131588,0.49,0.34,405.38,4.3599
COc1cc2nccc(Oc3ccc(NC(=O)Nc4ccc(Cl)cc4)c(Cl)c3)c2cc1OC,0.308199443,2.175216495,0.44,0.36,484.339,6.9951
CN1CCC(C(=O)Nc2cc(-c3cccc4ncccc34)n(-c3ccc(Cl)cc3)n2)CC1,0.478666307,2.391171172,0.15,0.17,445.954,5.0212
CN(C)c1ccc(Nc2nccc(Nc3ccccc3N)n2)cc1,0.623276251,2.141204041,0.6,0.44,320.4,3.612
Cn1c(C#N)ccc1-c1nc2cnc(N)nc2n(C2CCCC2)c1=O,0.762683265,3.035913641,0.13,0.02,335.371,1.76098
COc1ccc(CNC(=O)c2ccc(CNc3ncnc4ccc(NC5CCOCC5)nc34)cc2)cc1,0.315496027,2.482899838,0.12,0.11,498.587,4.1664
CN(C)C(=O)c1ccc(Nc2nnc(Nc3ccccc3)nc2N)cc1,0.649416194,2.239429489,0.38,0.1,349.398,2.6428
CC(=O)N1CC(c2ccc(OC(C)C)c(Cl)c2)(c2ccccc2)C1,0.829046282,2.354785252,0.01,0.01,343.854,4.2754
COc1cc(C(=O)NC(=N)Nc2ccc(Cl)cc2)ccc1OC,0.592635722,2.077676552,0.01,0.01,333.775,3.13387
O=C1NC(=O)c2c1c1ccc3ccccc3c2[nH]1,0.620074353,4.089045447,0.58,0.11,236.23,-0.24012
Cc1ccc(C(=O)Nc2ccc(Cl)c(C(F)(F)F)c2)cc1Nc1ncnc2cnc(Nc3ccc(N4CCNCC4)cc3)nc12,0.158140517,2.850698693,0.42,0.45,634.066,6.54952
O=C(Nc1ccc(Cl)cc1)c1ccc(-n2ncc3ccccc32)nc1,0.59926143,1.965784429,0.01,0.06,348.793,4.3262
CN(C)C(=O)c1cccc(-c2nn(C)c3ncnc(Nc4cccc(Cl)c4)c23)c1,0.551111674,2.376296066,0.36,0.25,406.877,4.1291
O=C1NC(=O)C(=Cc2ccc(-c3ccc(Cl)cc3)c(Cl)c2)S1,0.77690595,2.178911447,0.66,0.29,350.226,4.9843
O=C(Nc1ccccc1)Nc1ccc(-c2nc(N3CCOCC3)c3ccsc3n2)cc1,0.483416526,2.23638949,0.13,0.08,431.521,4.8389
COc1ccc(-c2ccc3nccc(Nc4ccc(N5CCCC5)cc4)c3n2)cc1,0.472390332,2.13608233,0.17,0.38,396.494,5.6492
CC(=O)NC(C)c1ccc(OC2CCN(c3ccnc(N4CCCC4)n3)C2)cc1,0.810989978,3.095127868,0.09,0.09,395.507,2.9316
COc1ccc(-c2ccccc2)cc1-c1ncccc1Cl,0.672192202,1.771898097,0.17,0.14,295.769,5.0776
COc1ccc(-c2nc(Nc3ccccc3)nc(N3CCOCC3)n2)cc1,0.746485377,2.048941731,0.05,0.09,363.421,3.1274
COc1cc(Nc2nccc(Nc3ccccc3C(=O)O)n2)ccc1OC,0.581444631,2.068800487,0.84,0.39,366.377,3.6792
COc1ccc(C(=O)Nc2ccc(Cl)c(C(=O)Nc3ccnc(Nc4cccc(N5CCOCC5)c4)n3)c2)cc1,0.26921867,2.393817231,0.41,0.27,559.026,5.2234
COc1cc(CNc2nc(Nc3ccccc3)ncc2-c2nc3ccccc3o2)ccn1,0.374780054,2.45398571,0.49,0.11,424.464,5.0441
COc1cccc(-c2cccc3cc(-c4ccccc4)[nH]c23)c1,0.529823363,1.928309004,0.27,0.08,299.373,5.5105
O=C(Nc1cccc(-c2cnc3cccnc3n2)c1)C1CC1,0.804716104,2.080901963,0.26,0.21,290.326,3.0403
O=C(Nc1ccc(OC(F)(F)F)cc1)c1cnc(Nc2ccccc2)nc1N1CCCC1,0.560055383,2.236763415,0.43,0.22,443.429,4.9713
COc1ccc(-c2ccc3ccc(Nc4ccccc4)nc3n2)cc1OC,0.541077917,2.050948941,0.16,0.15,357.413,5.0576
N#Cc1ccc(Cl)cc1Nc1nc(Nc2cccc(N3CCOCC3)c2)ncc1Cl,0.577728034,2.45401833,0.52,0.49,441.322,4.97888
O=C(Nc1ccccc1)Nc1ccc(-c2nn(C3CCCCC3)c3ncnc(N)c23)cc1,0.413188627,2.304222299,0.74,0.17,427.512,5.2247
COc1ccc(-c2ccc3c(N4CCOCC4C)nc(N4CCOCC4C)nc3n2)cc1,0.618933374,3.412299361,0.03,0.01,435.528,3.1506
Cc1ccc(-n2nc(C(C)(C)C)cc2NC(=O)Nc2ccc(Oc3ccnc(Nc4ccc(N5CCCC5)nc4)c3)cc2)cc1,0.1648576,2.758028607,0.1,0.26,602.743,8.04832
CN(C)CCOc1ccnc(-c2cncc(Nc3ccc4[nH]ccc4c3)n2)c1,0.513441967,2.624097789,0.41,0.34,374.448,3.7039
Cc1cc(-c2ccccc2)cc(N2CCN(c3ccc(C(=O)Nc4ccccc4)cc3)CC2)n1,0.429505783,2.020912477,0.03,0.02,448.57,5.63592
COc1ccc(C(=O)Nc2ccc(Cl)c(C(=O)Nc3ccc4c(c3)-c3ccccc3C(=O)N4)c2)cc1,0.265135213,2.09809826,0.09,0.02,497.938,5.8479
Cc1cccc(-c2nc(Nc3ccc(N4CCNCC4)cc3)no2)c1,0.763176844,2.270785748,0.2,0.2,335.411,3.19822
O=C(O)c1ccc(NC(=O)Nc2ccc(-c3cccc4cnccc34)cc2)cc1,0.449116177,1.920263823,0.49,0.31,383.407,5.244
O=C1NCc2c1c1c3ccccc3nc-1c1c[nH]c2-1,0.623018761,3.43500279,0.44,0.15,247.257,1.0252
COc1ccc(-c2nc(Nc3ccc(O)cc3)cc(OC(C)C)c2-c2nc(C)nc(N)n2)cc1,0.336425839,2.668139746,0.11,0.11,458.522,4.73622
COc1ccc(-c2ccc(C(=O)C(C)C)cc2)cc1,0.764212479,1.557649814,0,0.03,254.329,4.2009
CCC(C)C(NC(=O)C1c2ccccc2CN1C(=O)C(NC(=O)CCc1ccccc1)C(C)C)C(=O)C(=O)NC1CC1,0.317065281,3.79599489,0.01,0,574.722,3.2221
COc1ccccc1Nc1nc(Nc2cccc(CNc3ccncc3)c2)[nH]n1,0.357449308,2.39430392,0.36,0.1,387.447,4.3076
CN1CCN(c2ccc(-c3ccc4c(c3)cc3n4CCCC3)cc2)CC1,0.68206803,2.290613505,0.07,0.03,345.49,4.3964
COc1ccc(CNc2ncc(C(=O)Nc3ccc(N4CCOCC4)cc3)cc2-c2nc(C)nc(N)n2)cc1,0.312205849,2.578570522,0.16,0.04,526.601,3.53382
COc1ccc(C2=NNC(=O)C2=NNc2ccc(C(=O)O)c(F)c2)cc1OC,0.651568,2.66999216,0.57,0.02,386.339,1.8431
COc1ccc(C(=O)Nc2cccc(C(F)(F)F)c2)cc1Nc1ncnc2cnc(NCc3ccccc3)nc21,0.215830291,2.535074509,0.45,0.24,545.525,6.0552
COc1ccc(-c2nc(-c3ccc(C)cc3)c(-c3ccncc3)[nH]2)cc1,0.560152142,2.033577263,0.5,0.2,341.414,5.12272
COc1ccc(-c2nc(Nc3cccc(CN4CCOCC4)n3)ccc2OC)cc1,0.641011792,2.314605501,0.02,0.05,406.486,3.7366
O=C(Nc1ccc(Cl)cc1Cl)c1ccccc1Nc1cccc(-c2cnc3cc(Cl)ccc3c2)n1,0.245209814,2.323939044,0.37,0.41,519.819,8.2529
CC(C)C(=O)Nc1ccc(-c2nc(N3CCOCC3)c3cnn(C4CCNCC4)c3n2)cc1,0.618154348,2.646167488,0.21,0.08,449.559,2.8489
COc1ccc(-c2ccccc2)cc1-c1nncc2ncccc12,0.563382483,2.102488709,0.29,0.16,313.36,4.3674
O=C(Nc1ccccc1)c1cnc(Nc2ccccc2)o1,0.764283008,1.950823025,0.09,0.22,279.299,3.6705
Cc1ccc(-c2nc(-c3ccc(O)c(O)c3)oc2-c2ccc3c(c2)OCO3)cc1,0.474526096,2.348912724,0.13,0.04,387.391,5.12392
CCC(C)C(NC(=O)C(Cc1ccccc1)CC(=O)NC(C(=O)C(C)(C)C)C(C)C)C(=O)c1nccs1,0.362001096,3.861307566,0.01,0.03,527.731,4.8617
CC(=O)NC(C)c1ccc(OC2CCN(c3ccnc(N4CCOCC4)n3)C2)cc1,0.780296594,3.158177202,0.11,0.07,411.506,2.168
O=C1NC(=O)C(=Cc2ccc(-c3ccccc3)cc2)S1,0.854122807,1.941004124,0.58,0.23,281.336,3.6775
CC(=O)Nc1ccc(-c2nc(N3CCOCC3)c3cnn(C4CCN(C)CC4)c3n2)cc1,0.673731116,2.543350824,0.1,0.06,435.532,2.555
CNC(=O)c1ccc(-c2noc(C(F)(F)F)n2)cc1,0.907920604,2.138302494,0.08,0.02,271.198,2.115
Cc1cccc(NC(=O)c2cccc(Nc3ccc(-c4ncnc5ccccc45)cc3)n2)c1,0.35693824,2.190179666,0.26,0.22,431.499,5.99612
COc1ccc(CNc2nc(N3CCCCC3)nc3c2CCN(c2ncccc2C(F)(F)F)CC3)cc1,0.492625643,2.63891427,0.18,0.02,512.58,5.1066
O=C1NC(=O)C(=Cc2ccc(-c3ccc(O)c(Cl)c3)o2)S1,0.825617129,2.491421195,0.6,0.34,321.741,3.6295
CN(C)c1cccc(-c2nc3ccccc3nc2Nc2ccc3nn[nH]c3c2)c1,0.480759207,2.651337139,0.3,0.31,381.443,4.3777
CNC(=O)c1ccc(-c2noc(C(F)(F)F)n2)cc1,0.907920604,2.138302494,0.08,0.02,271.198,2.115
CN(C)C(=O)c1cccc(-c2n[nH]c3ccc(-c4nc[nH]n4)cc23)c1,0.603366943,2.786376236,0.49,0.34,332.367,2.7168
COc1cc(-c2ccccc2)ccc1Nc1nccc(-c2cnc3ccccn23)n1,0.443993938,2.307239461,0.63,0.46,393.45,5.2105
CNC(=O)c1ccc(-n2nc(C(C)(C)C)cc2NC(=O)Nc2ccc(OC(C)C)cc2)cc1,0.495392313,2.280638171,0.1,0.02,449.555,4.9606
O=C1CC(c2ccccc2)=Nc2ccc(-c3ccccc3)cc21,0.649709647,2.030801085,0.11,0,297.357,5.0608
O=C1NC(=O)c2c1c1ccc3ccccc3c2[nH]1,0.620074353,4.089045447,0.58,0.11,236.23,-0.24012
O=C(Nc1ccccc1)c1ccccc1Nc1cccc(NC(=O)CCNC(=O)OCc2ccccc2)c1,0.212097881,2.076649065,0.05,0.04,508.578,5.9375
CC(=O)Nc1cc(Nc2cc(Nc3ccccc3)ncn2)ccn1,0.667749984,2.23351698,0.32,0.59,320.356,3.3172
COc1ccc(-c2nc(C(=O)Nc3cnccc3N3CCC(N)C(F)CC3)co2)cc1,0.64611166,3.324315674,0.25,0.03,425.464,3.2631
COc1ccc(C(=O)C=Cc2ccc(OC)c(OC)c2)cc1,0.603464621,1.704254126,0,0.01,298.338,3.6085
COc1ccc(Cl)c(Nc2ncnc3[nH]ccc23)c1,0.768620262,2.215979853,0.48,0.14,274.711,3.3635
COc1ccc(Nc2ncc(C(N)=O)c(Nc3cc(C(=O)Nc4cccc(C(F)(F)F)c4)ccc3C)n2)cc1,0.228835035,2.40180487,0.5,0.51,536.514,5.65082
COc1cc(-c2ccccc2)cc(-c2ccc(F)cc2)c1OCCCCOc1ccc2c(c1)C(=O)CC2,0.212879541,2.36267515,0.24,0.05,496.578,7.5352
Cc1cc(Nc2cc(C(F)(F)F)ccn2)nc(-c2ccc(NC3CCN(C(=O)c4ccccc4)CC3)nc2)c1,0.302204634,2.655866413,0.22,0.25,532.57,6.32612
COc1cc(Nc2nccc(Nc3ccccc3C)n2)ccc1OC,0.699764516,1.98099739,0.67,0.48,336.395,4.28942
COc1ccc(CNc2ncc(C(=O)Nc3ccc(N4CCC(N(C)C)CC4)cc3)nc2-c2ccccc2)cc1,0.290359233,2.471651714,0.16,0.08,536.68,5.547
O=C(Nc1ccccc1CN1C(=O)C(=Cc2ccc(O)c(Cl)c2)CC1=O)c1ccccc1,0.441240762,2.372334693,0.04,0.01,446.89,4.6404
Cn1cc(Nc2ncc(C(F)(F)F)c(Nc3ccccc3)n2)cn1,0.761100329,2.357521039,0.81,0.49,334.305,3.7161
CC(=O)c1ccc(-c2ccc(-c3ccc(C(=O)O)cc3)cc2)cc1,0.694932928,1.477213786,0.01,0.01,316.356,4.9214
COc1ccc(Cl)cc1Nc1ncc(Cl)c(Nc2ccccc2S(=O)(=O)Nc2nccs2)c1Cl,0.219227487,2.680018592,0.17,0.14,556.884,6.7949
COc1ccc(CNC(=O)C2C(C(=O)NC)C(=O)NC2=O)cc1,0.473100324,3.036107664,0.01,0.01,319.317,-1.0538
O=C1NC(=O)C(=Cc2ccc(-c3ccccc3)cc2)S1,0.854122807,1.941004124,0.58,0.23,281.336,3.6775
COc1ccc(-n2nc(C(N)=O)c3c2-c2cc(NC(=O)c4ccccc4Cl)ccc2CC3)cc1,0.441247516,2.33600409,0.08,0.04,472.932,4.6511
CCCCCOc1ccc(NC(=O)Nc2ccc(Cl)cc2)cc1-c1cnco1,0.44136905,2.18193575,0.1,0.1,399.878,6.208
O=C1Nc2ccccc2C2=CC(=O)C=C21,0.628463943,2.715303781,0.29,0.02,197.193,-0.3282
O=C(NC1CCCCC1)c1noc(-c2ccc(Cl)cc2F)n1,0.936845949,2.276233247,0.05,0,323.755,3.5916
COc1cc(C(=O)NC(=N)Nc2ccc(F)c(C(F)(F)F)c2)ccc1OCCN1CCOCC1,0.317095734,2.618899149,0,0.03,484.45,3.34077
COC(=O)c1ccc(Nc2nccc(Nc3ccccc3C#N)n2)cc1,0.681140909,2.146826413,0.57,0.42,345.362,3.62208
O=C(NC1CCC(CCN2CCC(c3coc4ccccc34)CC2)CC1)c1ccccc1,0.522291248,2.32732401,0.02,0,430.592,5.9911
CCC(C)C(NC(=O)C(CCC(=O)O)NC(=O)Cc1ccccc1)C(=O)Nc1cccc(-c2nnnn2C)c1,0.257429039,3.353621739,0.06,0,535.605,1.9388
COc1ccc(NC(=O)c2ccc(-c3ncccc3Cl)c(C#N)c2)cc1OC,0.687286567,2.153508421,0.1,0.05,393.83,4.54318
CN1CCN(c2ccc(Nc3ncc(Cl)c(Nc4ccccc4C(=O)O)n3)cc2)CC1,0.529993429,2.25227812,0.84,0.65,438.919,4.0672
Clc1cccc(-c2nc(Nc3cnn(C4CC4)c3)ccc2Nc2ccncc2)c1,0.425261636,2.625995419,0.33,0.3,402.889,5.8156
COc1ccc(CNc2nc(Nc3cc(N4CCOCC4)ccc3OC)ncc2Cl)cc1,0.518877829,2.328269435,0.39,0.29,455.946,4.3395
COc1ccc(C(=O)Nc2cccc(C(=O)O)c2)cc1Nc1ncnc2cnc(N3CCCCC3)nc12,0.339824135,2.494588174,0.24,0.15,499.531,4.1128
Cc1ccc(Nc2nccc(-c3cnc4ccccn34)n2)cc1,0.624356474,2.207879139,0.71,0.39,301.353,3.84332
N#Cc1ccc(-c2cnc(Nc3ccccc3)s2)cc1,0.770290767,1.996032875,0.32,0.29,277.352,4.42538
CC(C)(C)C(=O)CN1C(=O)C(NC(=O)c2ccc(Cl)cc2)N=C1c1ccccc1,0.819347739,2.866855877,0.02,0.01,411.889,3.3001
N#Cc1cccc(-c2ccc(C(=O)Nc3ccc(CN4CCCCC4)cc3)cc2)c1,0.623702852,1.890017914,0.05,0.04,395.506,5.46348
COc1cc(Nc2ncc(-c3ccncc3)cc2OC)ccc1OC,0.735467961,2.077212775,0.43,0.37,337.379,3.913
CN1CCN(C(=O)c2ccc(Nc3ncc(C(=O)Nc4cc(C5CC5)ccn4)cc3F)cc2)CC1,0.563697778,2.50190514,0.17,0.32,474.54,3.8766
CC(=O)c1cnc2ccc(-c3cc(F)c(O)c(Cl)c3)cc2c1Nc1ccc(N2CCCCC2)nc1,0.301814832,2.62725437,0.19,0.24,490.966,6.7314
CC(=O)NC(C)c1ccc(OC2CCN(c3ccnc(N4CCOCC4)c3)C2)cc1,0.790012171,3.117983568,0.07,0.09,410.518,2.773
COc1cc(Nc2nccc(-c3ccccc3C)n2)cc(OC)c1OC,0.717139465,2.056851111,0.79,0.32,351.406,4.22142
Cc1ccc(C(=O)Nc2cc(C(=O)O)ccc2Nc2ccc3c(c2)C(=O)NC3=O)cc1,0.472348229,2.184988584,0.13,0.05,415.405,3.57272
COc1ccc(NC(=O)Nc2ccc(-c3cccc4ccncc34)cc2)cc1,0.495311846,1.881368145,0.5,0.19,369.424,5.5544
CCCCCCCC=CCC=CCC=CCC=CCC=CCC=CCCC(=O)Nc1c(C(C)C)cccc1C(C)=O,0.087508444,3.298881513,0.01,0.04,557.863,11.3795
COc1ccc(C(=O)Cc2c(C(=O)O)[nH]c3cc(Cl)ccc23)cc1OC,0.638237433,2.193006413,0.07,0.01,373.792,3.9621
Cc1ccc(C(=O)Nc2cc(N3CCN(C)CC3)cc(Nc3cc(Nc4cc(N5CCOCC5)ccn4)ncc3Cl)n2)cc1,0.24636355,2.931048951,0.16,0.21,614.154,5.16132
COc1ccc(-c2ccc(C(=O)Nc3ccc(CN4CCC(N5CCCC5=O)CC4)cc3)cc2)cc1,0.501747241,2.130917549,0.02,0.03,483.612,5.2013
CCOC(=O)c1ccc(Nc2nccc(Nc3ccccn3)n2)cc1,0.666000083,2.080584218,0.44,0.19,335.367,3.5355
CCNC(=O)c1ccc(-c2ccc(C(=O)Nc3ccc(C(F)(F)F)cc3Nc3ncccc3C(N)=O)cc2)cn1,0.244262542,2.559590393,0.2,0.23,548.525,5.0069
CC(=O)Nc1ccc(-c2nc(Nc3cccc4ccccc34)n[nH]2)cc1,0.515013777,2.075813498,0.24,0.12,343.39,4.3269
Cc1ccccc1C(=O)Nc1ccc(N2C(=O)c3cccc(C(F)(F)F)c3C(N)=O)cc2C1,0.731601002,3.866756696,0.01,0.04,453.42,4.05392
CCCN(CCC)C(=O)Cc1c(-c2ccc(Cl)cc2)nc2cc(Cl)cc(Cl)c2n1,0.415421029,2.526174323,0.04,0.08,450.797,6.4481
CNC(=O)c1ccc(Nc2nccc(Nc3ccc(N4CCOCC4)cc3)n2)cc1,0.581234782,2.197707774,0.56,0.61,404.474,3.16
O=C(Nc1ccc(-c2ccnc3[nH]ccc23)cc1)c1ccccc1Cl,0.539049786,1.97434818,0.52,0.2,347.805,5.1356
CC(C)C(NC(=O)Cn1c(-c2ccccc2)ccc(NC(=O)OCc2ccccc2)c1=O)C(=O)C(F)(F)F,0.423582447,2.968328269,0.01,0.03,529.515,4.5362
COc1ccc(-c2nc(Nc3ccccc3)nc(NC(C)C)n2)cc1,0.706136585,2.019887775,0.13,0.15,335.411,4.1111
Cc1ccc(C(=O)Nc2ccc(C(=O)Nc3ccccc3N)cc2)cc1,0.622946491,1.600208699,0.01,0.03,345.402,4.08182
Nc1nccc(-c2cccnc2)c1-c1cccnc1Nc1cccc(-c2cnc3ccccn23)c1,0.33883235,2.735453116,0.41,0.18,455.525,5.8461
COc1ccc(-c2ccc(C(=O)N(C)C)c(Nc3ncccc3-c3ncccc3NC(=O)CN)n2)cc1,0.336295191,2.66178156,0.2,0.11,497.559,3.5568
CC(C)(C)CNC(=O)c1ccc(N2CC(F)(F)C2)c(OCC2CC2)n1,0.853829126,2.836702212,0.06,0.03,353.413,3.1016
N#Cc1ccc(-c2nc3ccccc3n2-c2ccccc2)cc1,0.543551433,1.834509456,0.12,0.01,295.345,4.56418
COc1ccc(-c2ccc3c(c2)Nc2ccccc2NC3=O)cc1,0.722008455,2.006317419,0.79,0.06,316.36,4.6715
COc1cc(-c2cnc(C(=O)CCCCCCc3ccccc3)o2)nc(N)c1Cl,0.355194053,2.559084013,0.27,0.08,413.905,5.3567
COc1ccc(Nc2ncc(Nc3ccccc3)cc2-c2nc(C)nc(N)n2)cc1,0.439534106,2.335676685,0.24,0.24,399.458,4.32002
CCCn1c(=O)c2nc(-c3ccc(OCC(=O)O)cc3)[nH]c2n(CCC)c1=O,0.609582813,2.521529438,0.21,0.01,386.408,1.8367
O=C(Nc1cccnc1)Nc1ccc(-c2nc(N3CCOCC3)c3ccccc3n2)cc1,0.508823171,2.205864091,0.16,0.08,426.48,4.1724
CN(C)C(=O)c1ccc(-c2noc(C(F)(F)F)n2)cc1,0.85006324,2.185959385,0.07,0.02,285.225,2.4572
COc1cccc(-c2nn(C(C)C)c3ncnc(N)c23)c1,0.799076033,2.328224324,0.62,0.15,283.335,2.665
O=C(Nc1cccc2[nH]ncc12)NC1CCc2cccnc21,0.679116166,2.870847967,0.21,0.13,293.33,2.7669
COc1cc(Nc2nccc(-c3cnc(Nc4ccccc4)s3)n2)cc(OC)c1OC,0.394431692,2.38821755,0.77,0.36,435.509,5.1131
CCCCCCCCCCC=CCCCCCC(=O)c1ncc(-c2cccnc2)o1,0.150714441,2.582651305,0.17,0.03,410.602,7.9568
CCCCCCCCCCCCCCCC(=O)c1ncc(-c2ccco2)o1,0.224419328,2.438139983,0,0.02,373.537,7.5986
CNC(=O)c1cc2cc(Nc3nccc(-c4cnn(C)c4)n3)ccc2[nH]1,0.526412502,2.528177182,0.61,0.53,347.382,2.4616
O=C(NC1CCCCC1)c1ccccc1Nc1ccnc(Nc2ccccc2)n1,0.553011428,2.090243991,0.6,0.34,387.487,5.0263
Cc1cccc(Nc2ncc(C(=O)Nc3ccc(N4CCOCC4)cc3)s2)c1,0.675976682,2.16371655,0.1,0.15,394.5,4.28402
COc1ccc(C(=O)Cn2ccc3ccc(OC)cc32)cc1,0.675932987,1.874496984,0,0.01,295.338,3.5414
COc1cc2ncc3c(c(-c4ccc(C#N)cc4)nn3C)cc2c1OC,0.567321503,2.486899552,0.27,0.13,344.374,3.62898
COc1ccc(Nc2ncc(C(=O)Nc3ccccc3)cc2-c2nc(C(=O)O)cs2)cc1,0.369641887,2.249154217,0.11,0.15,446.488,4.9078
O=C(Nc1ccc(C(=O)Nc2ccccc2C(=O)Nc2ccc(Cl)cn2)cc1)c1ccccc1,0.346508789,1.913626147,0.06,0.08,470.916,5.4919
O=C1NC(=O)C(=Cc2ccc(-c3ccccc3)cc2)S1,0.854122807,1.941004124,0.58,0.23,281.336,3.6775
CC(=O)c1cccc(-c2nc(Nc3ccnc(N)n3)cc(OC)c2)c1,0.690559719,2.338424367,0.34,0.21,335.367,3.0756
COc1ccc(-c2ccc3ncccc3c2-c2ccc(OC)c(OC)c2)cc1,0.458143625,1.92453404,0.21,0.07,371.436,5.5946
COc1ccc(CNc2nc(Nc3cc(C)[nH]n3)ccc2O)cc1C,0.549020782,2.476930759,0.32,0.07,339.399,3.49144
CNC(=O)c1cccc(-c2nc(Nc3ccc4c(c3)CCC(=O)O4)no2)c1,0.541340452,2.556775074,0.13,0.18,364.361,2.6914
O=C(Nc1ccc(C(=O)N2CCC(N3CCOCC3)CC2)cc1)Nc1ccccc1Cl,0.752184516,2.105386781,0.01,0.02,442.947,3.9208
COc1cc(Nc2nccc(Nc3cc(N4CCCC4)ncc3Cl)n2)cc(OC)c1OC,0.502282044,2.553673281,0.57,0.41,456.934,4.6382
CCC(=O)Nc1ccc(-c2nc(Nc3cccc(OC)c3)n3ncccc23)cc1,0.509221699,2.302175361,0.18,0.06,387.443,4.497
COc1cccc(-c2nc(Nc3ccccc3)n(-c3ccccc3)n2)c1,0.571711281,1.99988923,0.27,0.28,342.402,4.6865
COc1ccc(CNC(=O)c2ccc(Nc3ncc(Cl)c(Nc4ccccc4S(=O)(=O)C(C)C)n3)cc2)cc1,0.222456969,2.437546643,0.51,0.34,566.083,5.7379
COc1ccc(-c2ccc(C(=O)Nc3ccc4c(c3)-c3ccccc3C(=O)N4)nn2)cc1,0.418596505,2.174048591,0.22,0.05,422.444,4.3992
COc1ccc(-c2nc(Nc3ccccc3)nc(Nc3ccccc3)n2)cc1,0.496344545,1.903265005,0.19,0.18,369.428,5.0344
CCCCC(=O)c1cnc(Oc2ccc(Nc3ncc(N=C(O)Nc4cc(C(F)(F)F)ccc4F)cc3)cc2)cc1,0.076699614,2.911998336,0.1,0.23,567.543,8.2009
COc1ccc(C(=O)NC(Cc2ccc(C(=N)N)cc2)c2ncccc2C(=O)NO)cc1,0.159026652,2.848100198,0,0.01,433.468,2.20707
COc1ccc(-n2nc(C(C)(C)C)cc2NC(=O)Nc2cccc(Oc3ccnc(Nc4ccc(N5CCOCC5)cc4)n3)c2)cc1,0.157264324,2.80488469,0.41,0.3,634.741,6.9849
CC(=O)c1cnc2ccc(-c3cc(F)c(O)c(Cl)c3)cc2c1Nc1ccc(N2CCCC(C(N)=O)CC2)nc1,0.259440842,3.200341322,0.23,0.21,548.018,5.8329
Cc1ccc(-c2cc(F)ccc2Nc2ncc(C(F)(F)F)c(NC3CCCC3)n2)cc1,0.441963039,2.418015592,0.42,0.35,430.449,6.70802
COc1cc(C(=O)NC(=N)Nc2cccc(Cl)c2Cl)ccc1O,0.50138284,2.370851861,0.02,0.04,354.193,3.48427
CC(=O)Nc1ccc(-c2ccnc(Nc3ccc(N4CCOCC4)cc3)n2)cc1,0.692980163,2.077782207,0.68,0.64,389.459,3.6822
Cc1ccc(-c2nn(-c3ccc(Cl)cc3Cl)c(-c3ccc(Cl)cc3)c2C=NNc2ccc(C(=O)O)cc2)cc1,0.150362221,2.539511364,0.03,0.04,575.883,8.61912
COc1ccc(-c2ccc3c(N4CCOCC4C)nc(N4CCOCC4)nc3n2)cc1CO,0.626868444,3.170854212,0.06,0.03,451.527,2.2544
COc1ccc(-c2nc(-c3cccc4ccccc34)[nH]n2)cc1,0.613512575,1.925132533,0.27,0.03,301.349,4.3005
COc1cccc(-n2c(NC(=O)Nc3ccccc3)nc3ccccc3c2=O)c1,0.554340847,1.997025911,0.04,0.01,386.411,4.0383
CC(=O)Nc1ccc(C(=O)Nc2nc(-c3ccccc3)c(-c3ccccc3)n2C)cc1,0.487970809,2.095885035,0.05,0.04,410.477,4.9648
O=C(Nc1ccc(Nc2ccnc3[nH]c(-c4ccc(CN5CCOCC5)cc4)cc23)cc1)c1ccccc1,0.2515912,2.370350671,0.29,0.18,503.606,6.058
C#CCN(C)C(=O)Cn1cc(C(=O)c2ccc(NC(=O)C=Cc3ccccc3)cc2)c2ccccc21,0.229749818,2.523973689,0.01,0,475.548,4.6158
Cc1cccc(-c2nc(N)c3cc(C(=O)Nc4ccc(CN)cc4)sc3n2)c1,0.489653537,2.264072545,0.15,0.08,389.484,3.95992
CC(C)c1nc(CNc2ccccc2)nc(Nc2ccccc2)n1,0.706972934,2.11687698,0.06,0.01,319.412,4.3507
COc1cc(Nc2nccc(-c3cnn(C4CCCCC4)c3)n2)ccc1OC,0.674296474,2.354957263,0.67,0.5,379.464,4.6061
COc1ccc(NC(=O)Nc2cccc(C(=O)O)c2)cc1-c1cnc(N)c(-c2cnc3ccccc3n2)n1,0.255034638,2.535288119,0.42,0.21,507.51,4.6868
COc1ccc(-c2nc(-c3cccc4ccccc34)[nH]c2-c2ccccc2)cc1,0.384967138,1.980782095,0.41,0.06,376.459,6.5725
CN(C)C(=O)c1ccc(-c2nc(N)c3cnn(-c4cccc(F)c4)n32)cc1,0.605845766,2.85453082,0.27,0.03,364.384,2.6101
CC(C)(C)c1cc(NC(=O)C2CCCN2C(=O)CC(N)Cc2ccccc2)cc(C(F)(F)F)c1,0.624591107,3.093376279,0.06,0,475.555,4.8925
COc1ccc(CCNC(=O)C(C)NC(=O)c2ccc(-c3ccccc3)cc2)cc1,0.601607623,2.193294277,0.06,0,402.494,3.8394
COc1cc(Nc2nccc(Nc3ccccc3C)n2)ccc1OC,0.699764516,1.98099739,0.67,0.48,336.395,4.28942
CCOc1ccc(NC(=O)Nc2ccc(F)c(C3(C)CC(C(F)(F)F)OC(N)=N3)c2)cn1,0.587073318,3.701111452,0.23,0.09,455.412,4.1445
O=C(Nc1ccc(Cl)cc1C(=O)Nc1ccc(Cl)cn1)c1ccc(-c2ccccc2)cc1,0.352955265,1.944878966,0.17,0.05,462.336,6.56
COc1ccc(Nc2ncc(C(N)=O)c(Nc3ccc(C4CCOCC4)cc3)n2)cc1,0.531276172,2.317652934,0.56,0.39,419.485,3.9653
Cc1cccc(-c2nc(Nc3ccc(N4CCNCC4)cc3)no2)c1,0.763176844,2.270785748,0.2,0.2,335.411,3.19822
CC(C)(C)Nc1ncc(C(=O)Nc2ccc(OC(F)(F)F)cc2)nc1Nc1ccncc1,0.491099789,2.601812391,0.18,0.14,446.433,4.9765
COc1ccc(-c2ccc(C(=O)Nc3ccc(CN4CCNCC4)c4ccccc34)cc2)cc1,0.424548842,2.093419246,0.05,0.02,451.57,5.1729
COc1cc(Nc2nccc(-c3cnn4ncccc34)n2)cc(OC)c1OC,0.547076762,2.580749425,0.93,0.3,378.392,2.9557
CCCN(CCC)C(=O)c1ccc(C(=O)C(=O)Oc2ccc(C(=O)O)cc2)cc1,0.301049358,2.155405883,0.02,0,397.427,3.4353
O=C(NCCc1ccccc1)c1ncc(-c2cccc3ccccc23)o1,0.582162512,2.046962556,0.13,0.03,342.398,4.4673
COc1ccc(NC(=O)Nc2ccc(-c3cncc4[nH]nc(N)c34)cc2)cc1,0.432527767,2.257810963,0.62,0.17,374.404,3.8597
COc1ccc(-c2ccccc2CNc2ccc(C(=O)O)cn2)cc1,0.710919629,1.876501236,0.13,0.1,334.375,4.0675
CNC(=O)c1ccc(-c2nc(N3CCOCC3)c3cnc(Nc4ccc(N5CCNCC5)cc4)nc3n2)cc1,0.346168286,2.728601937,0.49,0.6,525.617,2.4362
COc1ccc(NC(=O)c2ccc(C(C)(C)C)cc2)cc1Nc1ncnc2cnc(NCc3ccccc3)nc21,0.211902716,2.505175245,0.43,0.23,533.636,6.3339
CC(C)c1ccc(NC(=O)Nc2ccc(Oc3ccnc4[nH]ccc34)cc2)cc1,0.38633333,2.162121515,0.2,0.17,386.455,6.1226
CCNc1cc(Nc2cc(Nc3ccccc3)ncn2)ncn1,0.644265591,2.352404479,0.3,0.34,307.361,3.1856
Cc1cc(C)c(C(=O)NC(=N)Nc2ccc(Cl)cc2C(=O)Nc2ccc(Cl)cn2)cc1,0.326204804,2.496282952,0.03,0,456.333,5.03421
COc1ccc(CNc2nc(Nc3ccc(N4CCN(C)CC4)cc3)ncc2Cl)cc1,0.571308796,2.205142165,0.58,0.41,438.963,4.2461
CNC(=O)c1ccc(-n2nc(C(N)=O)c3c2-c2cc(NC(=O)c4ccccc4Cl)ccc2CC3)cc1,0.384170878,2.435966159,0.06,0.06,499.958,4.0021
COc1cccc(-c2ccc(Nc3cc(N4CCCCC4)nc(N4CCOCC4)n3)cc2)c1,0.588838202,2.305931312,0.14,0.13,445.567,4.7227
O=C(NCC1CCC(CNc2nc3c(s2)CCCc2ccccc2-3)CC1)c1ccccc1,0.493099818,2.369637856,0.02,0.04,445.632,5.9471
COc1ccc(CC(=O)O)cc1-c1ccc(F)c2c1CN(C(=O)C=O)CC2,0.643565926,2.639330885,0.01,0.01,371.364,2.212
O=C(O)Cc1cccc(-c2noc(-c3ccccc3)n2)c1,0.794513883,1.817583595,0.04,0.01,280.283,3.0307
Cc1ccc(F)c(Nc2ccccc2-c2nnc(N)n2-c2ccccc2)c1,0.553721219,2.229618861,0.08,0.12,359.408,4.70762
CN(C)CCC(=O)Nc1ccc2ncnc(Nc3cccc(Br)c3)c2c1,0.637684635,2.1653245,0.71,0.2,414.307,4.0261
Cn1cc(C(=O)Nc2ccc(-c3cccc4[nH]ncc34)c(-c3ccc(Cl)cc3)c2)cn1,0.395286516,2.340463704,0.42,0.18,427.895,5.5361
COc1ccc2c(c1)C(=NNc1ccc(S(N)(=O)=O)cc1)C(=O)N2,0.71575584,2.395056455,0.65,0.08,346.368,1.1109
Cc1cc(C(=O)Nc2ccc(-c3ccccc3S(N)(=O)=O)cc2)n(-c2cccc(C(=N)N)c2)n1,0.249466513,2.366679068,0.07,0.01,474.546,3.03149
COc1ccc(-c2nc(-c3ccc(C)c(OC)c3)c3n2C(C(=O)O)CC3)cc1,0.723077246,2.858894063,0.05,0.03,378.428,4.11462
COc1ccc(-c2ccc3c(N4CCOCC4C)nc(N4CCOCC4)nc3n2)cc1,0.636853143,2.986318355,0.05,0.02,421.501,2.7621
COc1ccc(CNC(=O)c2ccc(-c3nc(C)cc(Nc4ccccc4S(=O)(=O)C(C)C)n3)cc2)cc1OC,0.267322394,2.471457151,0.09,0.04,560.676,5.32492
CN1CCN(C(=O)c2ccc(-c3nc(Nc4ccc(N5CCOCC5)cc4)ccc3OCC(F)(F)F)cc2)CC1,0.455029415,2.607793305,0.17,0.37,555.601,4.6575
O=C(Nc1cccc(Cl)c1)c1ccccc1CNCc1ccccc1,0.664705261,1.690428054,0,0.02,350.849,4.8821
CCCCc1nc2ccc(NC(=O)c3ccccc3)cc2n1Cc1ccc(-c2ccccc2-c2nn[nH]n2)cc1,0.222696564,2.431786161,0.21,0.02,527.632,6.5266
O=C(Nc1ccc(Cl)cc1C(=O)Nc1ccc(Cl)cn1)c1ccccc1-c1ccccc1,0.352955265,1.995984819,0.16,0.06,462.336,6.56
COc1ccc(-c2ccc3c(N4CCOCC4C)nc(Nc4ccccc4)nc3n2)cc1,0.496173632,2.846133062,0.18,0.17,427.508,4.6691
CC(=O)Nc1ccc(Nc2ncc(Nc3ccccc3)nc2-c2ncccc2C(=O)Nc2ccccc2)cc1,0.193085536,2.462858229,0.06,0.13,515.577,6.2365
COc1ccc(CC(=O)O)cc1-c1ccc(F)c2c1CN(C(=O)CCc1ccccc1)CC2,0.572817966,2.357669032,0.01,0.01,447.506,4.6459
COc1ccc(-c2ccc3c(N4CCOCC4C)nc(N4CCOCC4)nc3n2)cc1CO,0.626868444,3.170854212,0.06,0.03,451.527,2.2544
CNc1cccc(-n2cc(-c3ccccc3)c3ncccc32)n1,0.618398801,2.311880044,0.25,0.08,300.365,4.1292
COc1ccc(-c2nc(Nc3ccccc3)nc(N3CCCCC3)n2)cc1,0.731688147,1.993164231,0.06,0.08,361.449,4.2811
COc1cccc(Nc2nccc(Nc3ccccc3)n2)c1,0.744772981,1.84644241,0.79,0.44,292.342,3.9724
Cc1ccc(-c2ccc(S(=O)(=O)NC(C(=O)O)C(C)C)cc2NC(=O)CC(C)C)cc1,0.538185011,2.643433837,0.02,0,446.569,4.03412
COc1ccc(S(=O)(=O)c2cc(C(=O)Nc3ccc(Cl)cn3)cc(N3CCOCC3)c2)cc1,0.566129328,2.334008312,0.04,0.01,487.965,3.6653
O=C(Nc1cccc(C(=O)Nc2ccccc2C(=O)Nc2ccc3ncccc3c2)c1)C1CCCCC1,0.295786994,2.119345663,0.1,0.07,492.579,6.2582
COc1ccc(-c2nc(Nc3cccc(CN4CCOCC4)c3)ncc2[N+](=O)[O-])cc1,0.455658841,2.312266781,0.33,0.27,421.457,3.6362
CC(=O)c1cnc2ccc(-c3cc(F)c(O)c(Cl)c3)nc2n1,0.73309582,2.604865854,0.15,0.13,317.707,3.3925
COc1cc(NC(=O)Cc2ccc(-c3cccc4c(N)nccc43)cc2)ccc1OC,0.479190578,2.060048388,0.33,0.07,413.477,4.6824
CC(C)=CCN1C(=O)C(=NNc2ccc([N+](=O)[O-])c3ccccc23)CC1,0.504598243,2.788019795,0.04,0.05,352.394,3.7144
Cc1ccc(C(=O)Nc2ccc(CN3CCN(C)CC3)c(NC3CCCCC3)c2)cc1,0.70868434,2.119959088,0.01,0.02,420.601,4.73932
c1ccc(-c2cnc(Nc3ccccc3)cc2-c2ccccc2)nc1,0.534509856,1.946869698,0.36,0.52,323.399,5.5542
CCCC(=O)Nc1ccc(-c2ccc3[nH]nc(-c4ccccc4)c3c2)cc1,0.48688932,1.952052349,0.68,0.16,355.441,5.6355
CC(C)c1cccc(NC(=O)Nc2ccc(-c3cccc4ccccc34)cc2)c1,0.383767788,1.818595141,0.14,0.11,380.491,7.2742
COc1ccccc1N1CCN(CCCCNC(=O)c2ccc3c(c2)C(=O)CC3)CC1,0.663744195,2.179162165,0.05,0,421.541,3.1563
COc1cc(Nc2nccc(-c3cnc(N4CCCC4)c(C)c3)n2)cc(OC)c1OC,0.607388555,2.422928077,0.63,0.45,421.501,4.21662
CC(C)c1cc(NC(=O)Nc2ccc(-c3cccc4c(N)nccc43)cc2)no1,0.443919474,2.408499583,0.61,0.12,387.443,5.2394
Cc1ccc(-c2ccccc2)cc1-n1c(C)nc2ccc(O)cc21,0.564243154,2.041427453,0.09,0.01,314.388,5.01494
COc1cccc(-c2nnc(Nc3ccc(N4CCOCC4)cc3)o2)c1,0.754904188,2.135363955,0.34,0.2,352.394,3.3254
COc1ccc(C=NNc2nc(N3CCOCC3)nc(Nc3ccccc3S(N)(=O)=O)n2)cc1,0.31644522,2.566206681,0.08,0.08,484.542,1.5538
COc1cccc(-c2nc(Nc3cccc(C#N)c3)[nH]n2)c1,0.77097036,2.279860376,0.37,0.09,291.314,3.09558
COc1ccc(C(=O)n2c(N)nc3ccccc32)cc1,0.773154998,1.914010532,0.06,0.01,267.288,2.3156
COc1ccc(-c2nc(-c3ccccc3)c(-c3ccccc3)n2C(=O)c2ccc(Cl)cc2)cc1,0.275230541,2.151200673,0.07,0.02,464.952,7.2346
COc1ccc(CNC(=O)c2ccc(-c3nc(C#N)c(N)nc3NC(C)C)cc2)cc1,0.538982245,2.438616701,0.18,0.08,416.485,3.35638
COc1ccc(CNc2nc(Nc3cc(N4CCOCC4)ncc3Cl)ccc2OC)cc1,0.518877829,2.483819807,0.19,0.2,455.946,4.3395
Fc1ccccc1Cn1ccn2nc(-c3ccccc3)nc21,0.579975224,2.358123831,0.01,0.01,292.317,3.3852
COc1ccc(C(=O)Nc2cccc(C(F)(F)F)c2)cc1Nc1ncnc2cnc(N3CCCCC3)nc12,0.344644072,2.574383814,0.25,0.19,523.519,5.4334
O=C(Nc1cccc(-c2cnc3ccc(Nc4ccccc4)nc3n2)c1)CC1CCCCC1,0.367627622,2.355930056,0.26,0.25,437.547,6.3443
COc1ccc(-n2nc(C(C)(C)C)cc2NC(=O)Nc2ccc(Oc3ccnc(Nc4cccc(C(N)=O)c4)n3)cc2)cc1,0.156394727,2.678685956,0.39,0.25,592.66,6.2472
CC(C)(C)NC(=O)Cn1c(-c2ccccc2)nc2ccc(Br)cc21,0.726325319,2.084264032,0,0,386.293,4.3805
O=C1NC(=O)C(=Cc2ccc(OCCCN3CCCCC3)cc2)S1,0.632755937,2.205160057,0.32,0.15,346.452,3.2653
O=C(NC1CCC(CCN2CCC(c3coc4ccccc34)CC2)CC1)c1ccc(NS(C)(=O)=O)c(F)c1,0.392913243,2.659597364,0.04,0.02,541.689,5.5017
COc1ccc(CNC(=O)c2ccc(-c3nc(C#N)cnc3NC3CCCCC3)cc2)cc1,0.551327382,2.397359315,0.17,0.13,441.535,4.69848
COc1ccc(C(=O)Nc2ccc(Cl)c(C(=O)Nc3ccc4c(c3)-c3ccccc3C4=O)c2)cc1,0.318446768,2.033370678,0.01,0,482.923,6.0646
O=C(Nc1ccccc1)c1cccc(-c2n[nH]c3ccc(-c4ccncc4)cc23)c1,0.422934509,2.079767378,0.55,0.31,390.446,5.5442
COc1ccc(CNc2nc(Nc3cc(N4CCOCC4)ccc3OC)ncc2[N+](=O)[O-])cc1,0.356991724,2.439548282,0.37,0.26,466.498,3.5943
COc1cc(Nc2nc(NC(C)c3ncc(F)cn3)cc(N3CCOCC3)n2)cc(OC)c1OC,0.465456319,3.226158672,0.33,0.31,485.52,3.1848
O=C1NC(=O)c2c1cnc1ccc(-c3cccc(Cl)c3)cc21,0.70056038,2.279055225,0.71,0.28,308.724,3.4388
COc1ccc(Oc2ccc(C(=O)NC(N)=N)cc2)cc1,0.591660613,1.879984429,0,0.01,285.303,2.11077
COc1ccc(Nc2ncc(C(=O)Nc3ccccc3N)cc2)cc1,0.619550937,1.843001236,0.22,0.3,334.379,3.6683
COc1cc(Nc2nccc(-c3cnn4ccccc34)n2)cc(OC)c1,0.595053979,2.39527706,0.93,0.31,347.378,3.5521
CN1CCN(c2ccc(Nc3ncc(C(F)(F)F)c(Nc4ccccc4S(=O)(=O)C(C)C)n3)cc2)CC1,0.441800993,2.626678647,0.7,0.67,534.608,4.9165
O=C(Nc1ccccc1-c1ccccc1)Nc1ccccc1C(=O)O,0.647996094,1.651168544,0.12,0.01,332.359,4.6958
CCN(CC)C(=O)c1ccc(C(=C2CC=CCC2)c2ccc(OC)c(OC)c2)cc1,0.552475993,2.574247245,0.01,0,405.538,5.7278
Cc1ccc(Nc2nccc(-c3cnc4ccccn34)n2)cc1,0.624356474,2.207879139,0.71,0.39,301.353,3.84332
COc1ccc(-c2ccc(C(=O)NC(Cc3ccccc3)C(=O)Nc3ccc(Cl)cc3)cc2)cc1,0.322300917,2.29173823,0.04,0.01,484.983,5.9954
COc1ccc(-c2n[nH]c3ccc(-c4cn[nH]c4)cc23)cc1,0.605214016,2.253274363,0.67,0.28,290.326,3.6286
N#Cc1cccc(-c2nnc(Nc3ccccc3)o2)c1,0.782945267,2.045937699,0.66,0.14,262.272,3.35188
COc1ccc(NC(=O)Nc2ccc(-c3csc4c(N)ncnc43)cc2)cc1,0.472023774,2.213028057,0.75,0.18,391.456,4.5931
COc1ccc(C(=O)Nc2ccc(F)c(C(F)(F)F)c2)cc1Nc1ncnc2cnc(NCc3ccccc3)nc21,0.191530001,2.630302814,0.42,0.27,563.515,6.1943
CCOc1ccc(CC(=O)O)cc1-c1ccc(F)c2c1CN(C(=O)CC1CCc3ccccc31)CC2,0.476393718,3.092011338,0.01,0.01,487.571,5.5233
COc1ccc(C(=O)Nc2ccc(-c3cccc4c(N)nccc43)cc2)cc1,0.544373919,1.880084468,0.47,0.14,369.424,4.7449
Cc1ccc(C(=O)Nc2ccc(C(=O)Nc3ccccc3N)cc2)cc1N1CCOCC1,0.533355007,2.014138331,0,0.02,430.508,3.91842
CN(C)c1cccc(-c2nnc(Nc3ccc(C(=O)Nc4ccccc4)cc3)[nH]2)c1,0.444130915,2.337416208,0.11,0.15,398.47,4.5336
O=C(Nc1cccc(CN2CCC(C(=O)O)C2)c1)c1ccccc1,0.887155359,2.135014805,0.02,0.01,324.38,2.8454
COc1ccc(-n2nc(C(N)=O)c3c2-c2cc(NC(=O)c4ccccc4)ccc2CC3)cc1,0.49199066,2.254807847,0.08,0.01,438.487,3.9977
COC(=O)C1=C(c2ccc(Cl)cc2)CC2=C(c3cnccn3)CC(=O)N21,0.779460914,3.008525331,0.13,0.07,367.792,3.0614
O=C(NCC(=O)Nc1ccccc1Cl)c1ccc(-c2cnc3ccccn23)cc1,0.527106489,2.072619317,0.08,0.06,404.857,4.0232
CC(C)CCNC(=O)c1ccc(NC(=O)Nc2ccc(-c3cccc4cnccc34)cc2)cc1,0.306693673,2.114279523,0.43,0.19,452.558,6.3217
O=C(NC1CCC(CCN2CCC(c3cccc4ccccc34)CC2)CC1)c1ccccc1,0.481042929,2.164135394,0.02,0.04,440.631,6.3981
CN(C)CCOc1ccc2c(c1)C(=O)c1ccccc1C2=O,0.741306285,1.947365789,0.05,0,295.338,2.4024
O=C(Nc1ccccc1)N1CCN(c2nc(-c3ccccc3)no2)CC1,0.786403119,2.003268051,0.02,0.01,349.394,3.0907
COc1ccc(-c2ccc(C(=O)NCC#N)cc2Nc2ccc(N)cc2)cc1,0.449408532,2.123215622,0.12,0.12,372.428,3.94138
Cc1ccc(Nc2nccc(-c3cnc(Nc4ccccc4)s3)n2)cc1,0.499695202,2.157685034,0.68,0.38,359.458,5.39572
COc1cc(Nc2nccc(-c3cnn4ccccc34)n2)ccc1OCc1ccccc1,0.3915606,2.322068301,0.8,0.36,423.476,5.1225
COc1ccc(-c2nc(-c3cccc4ccccc34)[nH]n2)cc1,0.613512575,1.925132533,0.27,0.03,301.349,4.3005
COc1cc(Nc2nccc(Nc3ccccc3C)n2)ccc1OC,0.699764516,1.98099739,0.67,0.48,336.395,4.28942
COc1ccc(CNC(=O)c2ccc(-c3cccc4[nH]ncc34)cc2)cc1,0.563292536,1.905361015,0.41,0.09,357.413,4.1685
Cc1cc(-c2noc(-c3ccnc(N)c3)n2)ccc1OCC(=O)NC(C)C,0.687587859,2.337513614,0.16,0.05,367.409,2.59262
COc1ccc(NC(=O)Nc2ccccc2C(=O)Nc2ccc3c(c2)NC(=O)C3=O)cc1,0.459142305,2.109785749,0.26,0.05,430.42,3.7263
CC(C)c1cc(Nc2cc(NC(=O)c3ccc(C#N)cn3)ccn2)n[nH]1,0.651848576,2.661039261,0.35,0.32,347.382,3.19068
O=C1NC(=O)C(=Cc2ccc(-c3ccccc3)cc2)S1,0.854122807,1.941004124,0.58,0.23,281.336,3.6775
CCCCCCCCCCCCCCCCC(=O)c1ncc(-c2ccccn2)o1,0.20143987,2.399529356,0.06,0.04,398.591,7.7907
CC(C)CC(=O)c1cnc2ccc(-c3ccc(F)c(Cl)c3)nc2n1,0.643431716,2.490630049,0.15,0.16,343.789,4.7131
CCN(CC)CCOc1ccc(Nc2nccc(-c3cnc4ccccn34)n2)cc1,0.451291298,2.44333697,0.7,0.47,402.502,4.2555
Cc1cc(C)cc(C(=O)Nc2ccc(C(=O)Nc3ccc(N4CCOCC4=O)cc3)cc2)c1,0.619582836,2.124162486,0.04,0.04,443.503,4.17124
COc1ccc(-c2nc(-c3ccc(Cl)cc3)c(-c3ccc(Cl)cc3)n2CC(=O)O)cc1,0.373091071,2.146835522,0.01,0,453.325,6.2841
COc1ccc(-c2nc(-c3cccc4ccc(C)cc34)[nH]n2)cc1,0.600457426,2.03911698,0.22,0.04,315.376,4.60892
CC(C)Oc1cc(Nc2cc(NC3CCC(N)CC3)nc3cccnc23)ncc1Cl,0.515633284,2.842798362,0.22,0.22,426.952,4.8908
O=C1NC(=O)C(=Cc2ccc(Br)cc2)O1,0.792918154,2.488293558,0.409369676,0.19,268.066,2.0564
COc1ccc(Nc2nc(NCc3ccccc3)ncc2-c2nc(C)no2)cc1F,0.46776727,2.415849099,0.38,0.24,406.421,4.33842
O=C1NC(=O)C(=Cc2ccc(-c3ccccc3)cc2)S1,0.854122807,1.941004124,0.58,0.23,281.336,3.6775
COc1ccccc1N1CCN(CC(O)CNC(=O)c2ccc3ccccc3c2)CC1,0.616621372,2.47907139,0.02,0,419.525,2.7613
COc1ccc(Nc2ncc(C(=O)Nc3ccc(N4CCNCC4)cc3)nc2-c2ccccc2)cc1,0.357242357,2.343461173,0.26,0.32,480.572,4.5577
COc1ccc(-c2cccc(C(=O)Nc3cccc(CN4CCNCC4)c3)c2)cc1,0.655114566,1.937540117,0.08,0.05,401.51,4.0197
Cc1ccc(NC(=O)Nc2ccc(-c3cncc4ccccc34)cc2)cc1,0.484949436,1.842967442,0.38,0.08,353.425,5.85422
CCc1nc(N)nc(N)c1-c1ccc(NCc2ccc(C(C)C)cc2)cc1,0.596539797,2.221901873,0.1,0.01,361.493,4.6059
COc1ccc(Nc2ncc(C(N)=O)s2)cc1-c1nc(C(C)C)c(O)c(-c2ccccc2)n1,0.355787074,2.732475785,0.21,0.15,461.547,4.9472
O=C(NCc1ccc(N2CCOCC2)cc1)c1ccc(-c2cnc(N)cn2)cc1F,0.675455078,2.317648038,0.29,0.13,407.449,2.6315
COc1ccc(CNc2ccc3c(c2)C2=NN=C(c4ccc(CN)cc4)N23)cc1,0.463466441,2.211177682,0.1,0.01,383.455,3.9941
CC(C)c1cccc(C(=O)Nc2ccc(CNc3ccnc4ccccc34)cc2)c1,0.407234325,1.955908515,0.09,0.14,395.506,6.2226
CC(C)(C)C(=O)c1cn(C2=NCC(=O)N2)c2ccccc12,0.815471359,2.849917095,0.17,0.04,283.331,2.204
COc1ccc(-c2nc(-c3cccc4ccccc34)[nH]c2-c2ccc(C)cc2)cc1,0.363070951,2.035559872,0.3,0.06,390.486,6.88092
COc1ccc(-c2ccc3c(N4CCOCC4C)nc(N4CCOCC4)nc3n2)cc1,0.636853143,2.986318355,0.05,0.02,421.501,2.7621
Cc1cc(-c2ccc(N3C(=O)C(=O)C(C(=O)CC(C)C)C3c3ccccc3OCC(=O)O)cc2)ccc1Cl,0.280883535,3.384146495,0.06,0.05,534.008,5.66722
COc1ccc(C2=NN(C3CCC(C(=O)O)CC3)C(=O)C2(C)C)cc1,0.910680552,2.530765617,0.05,0.02,344.411,2.9111
COc1cccc(-c2nc(Nc3ccc(N4CCOCC4)cc3)n3ncccc23)c1,0.545679661,2.393896159,0.27,0.25,401.47,3.9851
COc1ccc(Nc2nccc(Nc3cccc(C(C)=O)c3)n2)cc1,0.65882516,1.973758928,0.63,0.38,334.379,4.175
CCCn1c(=O)c2nc(-c3ccc(OC)cc3)[nH]c2n(CCC)c1=O,0.745537112,2.419226621,0.13,0,342.399,2.3819
CCC(NC(=O)C(Cc1ccccc1)NC(=O)OCc1cnccc1F)C(=O)C(=O)Nc1ccc(N)nc1,0.278111009,3.350378049,0.15,0.02,522.537,2.138
O=C1CC(c2ccccc2)=Nc2ccc(-c3ccccc3)cc21,0.649709647,2.030801085,0.11,0,297.357,5.0608
CCN(CC)C(=O)c1ccc(C(=C2CCNCC2)c2cccc(F)c2)cc1,0.84536402,2.404382705,0.03,0.02,366.48,4.493
Cc1ccc(-c2ccc3c(c2)Nc2ccccc2NC3=O)cc1,0.665794535,2.00465091,0.7,0.07,300.361,4.97132
CC(=O)Nc1ccc(-c2nc(N3CCOCC3)c3cnn(C4CCN(C(=O)C5CCCO5)C4)c3n2)cc1,0.561609945,3.462775092,0.09,0.06,505.579,2.2407
CNC(=O)c1ccc(C=CC(=O)Nc2ccc(-c3cccc4cc(OC)ccc34)cc2)cc1,0.390832328,2.070824527,0.11,0.06,436.511,5.5269
Cc1ccc(C(=O)Nc2cc(N3CCC(C(=O)Nc4ccccn4)CC3)cc(N)c2)cc1,0.530806672,2.19633114,0.05,0.03,429.524,4.07962
Cc1nc(-c2ccccc2)nc(Nc2ccc(C(=O)Nc3ccccc3)cc2)n1,0.516872598,1.892980035,0.19,0.24,381.439,4.84292
O=C(Nc1ccccc1)c1ccccc1NC(=O)c1ccc(N2CCCCC2)nc1,0.657585138,1.873163368,0.04,0.07,400.482,4.5765
COc1ccc(-n2c(C)nnc2-c2ccc(Cl)cc2Cl)cc1,0.704962924,1.957853134,0.03,0,334.206,4.55812
CN(C)C(=O)c1ccc(-c2nc(C(=O)Nc3cnccc3C3CC(=O)CC(C)C3)ccc2F)cc1,0.578258612,3.436664058,0.23,0.1,474.536,4.7095
COc1ccc(-c2ccc3c(c2)Nc2ccc(F)cc2NC3)cc1,0.683161648,2.252157859,0.28,0.12,320.367,5.1704
O=C1c2ccccc2C(=O)N1c1ccc(Cl)cc1,0.736241101,1.582552983,0,0,257.676,3.1406
COc1cccc(NC(=O)Nc2ccc(-c3cccc4cc(OC)ccc34)cc2)c1,0.422688253,1.843831062,0.26,0.06,398.462,6.168
Cc1ccc(NC(=O)c2cccc(N3CCCC(N)C3)n2)cc1Cl,0.896376467,2.580330898,0.08,0.04,344.846,3.22322
Cc1ccc(-c2nc(C(=O)Nc3cccc(C(F)(F)F)c3)ccc2N)cc1,0.687328867,2.123105654,0.18,0.1,371.362,4.91032
COc1ccc(C(=O)Nc2nc3ccccc3nc2Nc2ccccc2C(=O)Nc2ccccc2)cc1,0.263418074,2.135421304,0.09,0.09,489.535,5.8866
COc1ccc(-c2nc(-c3ccc(C)cc3)sc2N)cc1,0.780105654,1.91932362,0.05,0.03,296.395,4.37632
CC(C)CC(NC(=O)C(Cc1ccccc1)NC(=O)OCc1ccccc1)C(=O)Nc1cccc2c1C(=O)C(=O)N2,0.26454439,3.200578031,0.26,0.02,556.619,3.8285
CCC(C)C(NC(=O)Cn1c(-c2ccccc2)ncc(NC(=O)Nc2ccc(C(C)=O)cc2)c1=O)C(=O)C(=O)NC1CCCCC1,0.171213309,3.497034319,0.05,0.05,628.73,4.3058
N#CCC1(n2cc(C(=N)O)c(Nc3ccc(F)cc3)n2)CCC1,0.581465662,3.137264292,0.15,0.08,313.336,3.44205
O=C(NC1CCCCC1)c1ccc2ccccc2c1,0.86364082,1.592349218,0,0.03,253.345,3.9023
COc1ccc(Nc2ncc(C(N)=O)c(Nc3ccccc3)n2)cc1,0.639658763,1.928657005,0.77,0.49,335.367,3.0713
CNC(=O)CCc1ccc(-c2ccc3ccncc3c2)cc1,0.797694043,1.929148117,0.27,0.18,290.366,3.5804
COc1ccc(-c2nc3ccccc3n2C(=O)c2ccc(C(=O)O)cc2)cc1,0.583251077,1.976626391,0.03,0,372.38,4.0986
Cc1ccc(-c2noc(C3CCC(N)CC3)n2)cc1N=C(O)c1cnc2ccccn12,0.378254716,2.989736011,0.2,0.03,416.485,4.31392
O=C(Nc1ccccc1)C1CCN(c2ncnc3[nH]ccc23)C1,0.779133047,2.589298726,0.41,0.09,307.357,2.4229
COc1ccc(-c2ccc(C(=O)Nc3ccc(OC(F)(F)F)cc3)cc2-c2cncnc2)cc1,0.379855855,2.240265787,0.21,0.07,465.431,5.9701
CCC(=O)Nc1ccc(Nc2ncc(Nc3ccc(N4CCOCC4)cc3)nc2N)cc1,0.445230239,2.408623281,0.22,0.19,433.516,3.7311
COc1ccc(-c2nc(C(=O)Nc3ccccc3)c(N)n2-c2ccccc2)cc1,0.534844229,2.039604482,0.09,0.01,384.439,4.3824
COc1ccc(NC(=O)Nc2ccc(-c3nc(N4CCOCC4)c4ncc(Nc5ccccc5)nc4n3)cc2)cc1,0.247661051,2.576223867,0.11,0.29,548.607,5.3196
COc1ccc(-c2nc(-c3ccc(C(=O)O)cc3)[nH]c2-c2ccccc2)cc1OC,0.468896904,2.042767593,0.3,0.08,400.434,5.1261
CCCCC(=O)c1ccc(OCCCN2CCN(C(=O)C(C)C)CC2)cc1,0.463496101,2.022340537,0,0,374.525,3.6286
CC(C)(C)c1cc(NC(=O)Nc2ccc(Cl)cc2Cl)n(-c2ccccc2)n1,0.553513397,2.09991427,0.13,0.06,403.313,6.1206
Cc1cc(C)cc(Nc2nccc(Nc3ccccc3)n2)c1,0.738081854,1.969072636,0.76,0.39,290.37,4.58064
CC(C)c1ccc(Nc2ccc(S(N)(=O)=O)cc2)nc1,0.906350236,1.992660131,0.17,0.26,291.376,2.596
NC(=O)c1cccc2cn(-c3ccc(S(N)(=O)=O)cc3)nc12,0.740864693,2.210845173,0.08,0.06,316.342,0.7718
CC(=O)c1ccc(-c2cnc(N)c(-c3ccc(C(O)=NC(C)c4ccccc4)c(F)c3)n2)cc1,0.217774359,3.034554836,0.24,0.13,454.505,5.8003
CCOc1ccc(-c2c(O)ccc3oc(-c4ccc(O)c(N)c4)cc23)cc1,0.345072196,2.328221666,0.13,0.01,361.397,5.1589
COc1ccc2c(c1)c(C(=O)Nc1ccc(Cl)cc1)c(C(=O)O)n2-c1ccccc1,0.462158762,2.106121816,0,0.01,420.852,5.243
O=C(CCCCNC(=O)c1ccc(Nc2cccc3ccccc23)cc1)NO,0.271406659,1.947012673,0.05,0.05,377.444,3.9889
CC(=O)Nc1ccc(-c2n[nH]c3ccc(-c4ncn[nH]4)cc23)cc1,0.540472294,2.354059617,0.61,0.26,318.34,2.9734
Cc1ccc(C(=O)Nc2cc(N(C)CCN(C)C)cc(N(C)C)c2)cc1,0.827913996,2.216934365,0,0.01,354.498,3.31112
Cc1ccc(NC(=O)c2cccc(Nc3ccc(N4CCOCC4)cc3)n2)cc1,0.684960568,2.026271256,0.02,0.06,388.471,4.22252
O=C(Nc1ccc(Cl)cc1)c1cnccc1NCc1ccncc1,0.737693982,1.975448408,0.27,0.18,338.798,3.9944
CC(C)(C)c1ccc(NC(=O)Nc2ccc(Oc3ccnc(Nc4ccc5c(c4)CCCC5=O)c3)cc2)cc1,0.238974029,2.475183996,0.18,0.22,520.633,8.078
CN(C)C(=O)c1cccc(-c2nn(C(C)C)c3ncnc(N)c23)c1,0.798497151,2.454618119,0.44,0.16,324.388,2.3582
Cc1ccc(-c2ccc3c(c2)C2=NC(C)(C3)C2=O)o1,0.781628986,3.972384008,0.13,0.02,251.285,2.94162
Nc1ncnc(Nc2ccc(-c3ccccc3)cc2)n1,0.759442709,1.847390893,0.46,0.53,263.304,2.8644
Cc1ccc(C(=O)Nc2ccc(CN3CCCC3)cc2)cc1Nc1ncnc2cnc(N3CCCCC3)nc12,0.336938135,2.530491167,0.21,0.08,522.657,5.31022
Cc1ccc(C(=O)Nc2cccc(C(F)(F)F)c2)cc1Nc1ncnc2cnc(NCc3ccccc3)nc21,0.225501364,2.511302677,0.39,0.24,529.526,6.35502
O=C1NC(=O)C(=Cc2ccc(-c3ccccc3)c(Cl)c2)S1,0.838937599,2.112355159,0.64,0.26,315.781,4.3309
CC(=O)NC(C)c1ccc(OC2CCN(c3ccnc(Nc4ccccc4)c3)C2)cc1,0.585414723,2.987760826,0.13,0.44,416.525,4.68
CC(C)(C)c1ccc(NC(=O)Nc2ccc(-c3cccc4cnccc34)cc2)cc1,0.39872979,2.004782441,0.55,0.27,395.506,6.8433
CC(C)C(=O)Nc1ccc(-c2nc(N3CCOCC3)c3cccnc3n2)cc1,0.752437384,2.267508399,0.14,0.08,377.448,3.1229
COc1ccc(-c2ccc3c(N4CCOCC4C)nc(N4CCOCC4)nc3n2)cc1,0.636853143,2.986318355,0.05,0.02,421.501,2.7621
COc1ccc(-c2nn(-c3ccccc3)c(=O)c3ccccc23)cc1,0.569484528,1.764322891,0.04,0,328.371,4.0613
CCN(CC)CCOc1ccc(Nc2ccnc(Nc3cccc(Cl)c3)n2)cc1,0.469304263,2.207034152,0.69,0.31,411.937,5.3378
CN(C)C(=N)c1ccc(-c2ccc3ncnc(Nc4cccc(C(F)(F)F)c4)c3n2)cc1,0.333518874,2.554755589,0.39,0.2,436.441,5.34117
COc1ccc(CNC(=O)c2ccc(-c3n[nH]c(C(C)(C)C)n3)cc2)cc1,0.723220937,2.113974747,0.17,0.05,364.449,3.7078
COc1ccc(-c2nc(Nc3ccccc3)nc(N)n2)cc1,0.768943692,1.845301001,0.17,0.12,293.33,2.873
CN(C)C(=O)c1ccc(-c2nc(-c3cccc4c3CCC4N)no2)cc1,0.78614415,2.791045658,0.09,0.04,348.406,3.0514
CCOC(=O)c1cc(C(=O)Nc2ccc(-c3ccccc3)cc2)n(-c2ccccc2)n1,0.454868033,1.972532934,0.02,0.03,411.461,4.9683
Cc1ccc(-c2cnc(N)c(C(=O)Nc3cccc(N4CCCC4=O)n3)c2)nc1,0.710288212,2.55823823,0.25,0.08,388.431,2.80832
COc1ccc(-c2ccc(C(=O)Nc3ccc(N4CCCCC4)cc3)cc2)cc1OC,0.567147749,1.826245242,0.02,0.04,416.521,5.6134
CC(=O)c1cnc2ccc(-c3cc(F)c(O)c(Cl)c3)nc2n1,0.73309582,2.604865854,0.15,0.13,317.707,3.3925
CC(=O)NC(C)c1ccc(OC2CCN(c3ccnc(Nc4ccccc4)c3)C2)cc1,0.585414723,2.987760826,0.13,0.44,416.525,4.68
CNC(=O)c1cc(Oc2ccc3c(c2)nc(Nc2ccccc2Cl)n3C)ccn1,0.508115602,2.376805237,0.18,0.23,407.861,4.5172
CCOc1ccc(-c2nc(-c3cccc4c3CCC4NC3CC3)no2)cc1Cl,0.621515104,2.891796086,0.05,0.03,395.89,5.195
Cc1cc(C)c(NC(=O)c2ccc(C(C)(C)C)cc2)cc1Nc1ncnc2cnc(Nc3ccccc3)nc21,0.221107334,2.541436104,0.53,0.33,517.637,7.07364
COc1ccc(C(=O)C=Cc2cccc3ccccc23)cc1,0.51154755,1.730631049,0,0,288.346,4.7445
COc1cc(Nc2nccc(-c3cnn4ncccc34)n2)cc(OC)c1OC,0.547076762,2.580749425,0.93,0.3,378.392,2.9557
O=C(Nc1ccc(Cl)cc1)Nc1ncccc1Nc1cnccc1Cl,0.588653586,2.234089698,0.18,0.23,374.231,5.171
CC(=O)c1cn(CC(=O)Nc2ccc(Cl)cc2Cl)c(-c2ccccc2)c1,0.604050791,2.101542661,0.01,0.03,387.266,5.3032
COc1ccc(-c2nc3ccccc3n2C(C)=O)cc1,0.713934324,1.895869642,0.06,0,266.3,3.372
COc1ccc(-c2ccc3c(N4CCOCC4C)nc(N4CCOCC4C)nc3n2)cc1CO,0.610302651,3.587074886,0.04,0.01,465.554,2.6429
COc1ccc(-c2ccc(S(C)(=O)=O)cc2)cc1N1CCc2nc(Nc3ccc(N4CCNCC4)cc3)ncc2N1,0.299829724,2.977367137,0.38,0.41,571.707,4.0985
CCNC(=O)c1ccc(C(=C2CC3CCC(C2)N3Cc2ccccc2)c2ccccc2)cc1,0.50894371,3.701356368,0,0.01,436.599,6.0652
Cc1cc(Nc2ccc(-c3ncccc3C#N)c(N)n2)cnn1,0.763389264,2.843078235,0.24,0.25,303.329,2.4395
CN(C(=O)Cc1ccc(Cl)cc1)C1CN(C(=O)C2CCN(c3ccc(C#N)cn3)CC2)CC1,0.677293703,2.912472922,0.11,0.07,465.985,3.12508
O=C(NC1CCC(CCN2CCC(c3coc4ccccc34)CC2)CC1)c1ccccc1,0.522291248,2.32732401,0.02,0,430.592,5.9911
COc1ccc(-n2nc(C(N)=O)c3c2-c2cc(NC(=O)c4ccccc4)ccc2CC3)cc1,0.49199066,2.254807847,0.08,0.01,438.487,3.9977
COc1ccc(-n2nc(C(N)=O)c3c2-c2cc(NC(=O)c4ccccc4)ccc2CC3)cc1,0.49199066,2.254807847,0.08,0.01,438.487,3.9977
COc1ccc(CNc2nc(N)c3ncn(C4CCCCC4)c3n2)cc1,0.729769524,2.265726251,0.35,0.02,352.442,3.5344
CC(C)C(NC(=O)Cn1c(-c2ccccc2)ncc(NC(=O)Nc2ccc(Cl)cc2)c1=O)C(=O)C(F)(F)F,0.382317833,3.014945251,0.07,0.04,549.937,4.4799
O=C(NCCc1ccc(Cl)cc1Cl)C1CCC(=O)C(=O)N1c1ccccc1,0.775774188,2.766795025,0.02,0.06,405.281,3.4168
O=C1c2ccccc2C(=O)N1CCc1cccc(-c2cnccn2)c1,0.690418969,2.05070308,0.24,0.12,329.359,2.9823
COc1ccc(-c2nc(-c3cccc4ccccc34)[nH]n2)cc1,0.613512575,1.925132533,0.27,0.03,301.349,4.3005
O=C(NC1CCCCC1)c1ccc2ccccc2n1,0.893082084,1.777338779,0.01,0,254.333,3.2973
CC(=O)c1ccc(NC(=O)Nc2ccc(-c3nc(N4CCOCC4)nc4ccccc43)cc2)cc1,0.402024726,2.215953882,0.07,0.06,467.529,4.98
COc1ccc2nccc(Nc3ccc(Nc4cccc(N5CCCC5)c4)nc3)c2c1,0.422716602,2.277450861,0.29,0.34,411.509,5.7258
O=C(Nc1ccc(Cl)cc1)c1ccc(Nc2ccnc3[nH]ccc23)cc1,0.466278409,2.018382931,0.34,0.19,362.82,5.2122
CCCCc1ccc(N2CCC(CC)NC2)cc1,0.854233747,2.728007254,0.01,0,246.398,3.565
COc1ccc(-c2nc(-c3cccc4ccccc34)n[nH]2)cc1,0.613512575,1.928553348,0.26,0.03,301.349,4.3005
O=C1NC(=O)C(=Cc2ccc(-c3ccc(S(N)(=O)=O)cc3)c(-c3ccccc3)n2)C1,0.497375069,2.522107517,0.43,0.14,419.462,2.4929
COc1ccc(Nc2ncc(C(=O)Nc3ccccc3CNC(=O)Cc3ccccc3)nn2)cc1,0.342472005,2.276560669,0.27,0.18,468.517,3.735
CCOc1ccc(CC(=O)O)cc1-c1ccc(F)c2c1CN(C(=O)C=Cc1ccccc1)CC2,0.498463109,2.518931766,0.01,0,459.517,5.1166
Cc1cc(-c2n[nH]c3ccc(C(O)=NC4CCCC(O)(Cn5cc6ccccc6n5)C4)cc23)ccn1,0.243083888,3.952971594,0.34,0.19,480.572,4.96152
COc1ccc(CNc2nc(N3CCCCCC3)c3ncn(C4CCCCC4)c3n2)cc1,0.565312667,2.412737289,0.11,0.03,434.588,5.3326
COc1ccc(-c2ccc(C(=O)Nc3cccc(CN4CCOCC4=O)c3)cc2)cc1,0.660236684,2.031202165,0.04,0.02,416.477,3.9733
CCC(Nc1c(Nc2cccc(C(=O)N(C)C)c2O)c(=O)c1=O)c1ccco1,0.424581413,3.079719207,0.02,0.03,383.404,2.5898
CC(=O)Nc1ccc(C(=O)Nc2ccc3c(c2)-c2c(c(C(N)=O)nn2-c2ccc(S(C)(=O)=O)cc2)CC3)cc1,0.338990989,2.524140085,0.06,0.03,543.605,3.351
COc1ccc(CC(=O)Nc2ccc(-c3cnc(N)nc3)cc2)cc1OC,0.697602887,1.976797291,0.26,0.11,364.405,2.9242
Cc1cc(-c2n[nH]c3ccc(C(O)=NC4CCCC(Cn5c(=O)ccc6ccccc65)C4)cc23)ccn1,0.23944505,3.695455861,0.28,0.15,491.595,5.81182
O=C(Nc1ccc(Cl)cc1)c1ccccc1Nc1ccccc1,0.680740335,1.503761128,0.02,0.11,322.795,5.3359
COc1ccc(Nc2nccc(Nc3ccccc3N)c2)cc1OC,0.586256153,2.048118544,0.2,0.64,336.395,4.1682
COc1ccc(-c2ccc(C(=O)Nc3ccc4c(c3)C3C(C4)C3C(=O)O)cn2)cc1,0.676325297,3.226384468,0.16,0.05,400.434,3.9798
COc1ccc(-c2nc(Nc3ccccc3)c(-c3ccccc3)n2-c2ccccc2)cc1,0.324563533,2.074155103,0.17,0.1,417.512,6.9585
COc1ccc(-c2nc(-c3cccc4ccccc34)[nH]c2-c2ccccc2)cc1,0.384967138,1.980782095,0.41,0.06,376.459,6.5725
CC(=O)Nc1cc(NC(=O)c2ccccc2)nc(Nc2ccc(N3CCOCC3)cc2)n1,0.548546392,2.248397971,0.09,0.14,432.484,3.2675
Cc1ccc(-c2nc(Nc3ccc(N4CCOCC4)cc3)no2)cc1,0.784886762,2.13511028,0.11,0.09,336.395,3.62522
CC(C)c1nc(C(=O)Nc2ccc(F)c(C(F)(F)F)c2)cc(N2CCCCC2)c1C,0.621705005,2.549845515,0,0,423.454,5.91392
CC(C)(C)OC(=O)NC(Cc1ccccc1)C(=O)NC(C=O)Cc1ccccc1,0.671918531,2.781044778,0,0.01,396.487,3.0488
COc1ccc(-c2ccc(-c3ccccc3)cc2)cc1OCCNC(=O)CN,0.590477993,1.873484468,0.08,0.03,376.456,3.4829
CN(C)C(=O)c1ccc(-c2cnc3ccc(Nc4ccccc4)nc3n2)cc1,0.585402906,2.196375066,0.26,0.33,369.428,4.1372
CCOc1cc(NC(=O)Nc2ccc(F)c(C3(C)CC(C(F)(F)F)OC(=N)N3)c2)no1,0.517425241,4.201053495,0.11,0.04,445.373,3.94717
COc1ccc(-c2nc(-c3ccc(C)cc3)nn2-c2ccccc2)cc1,0.528898312,1.834618963,0.05,0.01,341.414,4.91832
CC(C)(C)C(=O)Cn1c(=O)ccc2cnc(Nc3ccc(C(=O)NC(C)C)cc3)nc21,0.632640861,2.503264066,0.54,0.35,421.501,3.2885
CCOC(=O)c1ccc(Nc2nc(Nc3ccccc3)nc(NC(C)C)n2)cc1,0.486333844,2.140421363,0.07,0.02,392.463,4.3558
Nc1cccc(-c2cnc3[nH]cc(-c4cccc(N5CCCCC5)n4)c3c2)c1,0.505783639,2.420620705,0.5,0.14,369.472,4.8644
O=C(Nc1ccc(Cl)cc1)c1ccc(-c2ncccc2Cl)cc1OCCCO,0.526956347,2.067645814,0.23,0.07,417.292,5.0689
O=C1NC(=O)C(=Cc2ccc(-c3ccc(Cl)cc3)cc2)C1=NNC(=O)CCN1CCOCC1,0.386156127,2.56970728,0.16,0.08,466.925,2.2413
COc1ccc(-c2ccc(C(=O)Nc3ccc(N4CCNCC4)c4ncccc34)cc2)cc1,0.477781174,2.172655003,0.21,0.04,438.531,4.5723
O=C(NC1CCC(CCN2CCC(c3coc4ccccc34)CC2)CC1)c1ccc(N2CCOCC2)cc1,0.429235796,2.571226505,0.02,0.01,515.698,5.8277
COc1ccc(-c2nc(Nc3ccccc3)nc(Nc3ccccc3)n2)cc1,0.496344545,1.903265005,0.19,0.18,369.428,5.0344
Cc1ccc(-c2nc(-c3ccc(F)cc3)c(-c3ccncc3)[nH]2)cc1,0.557324907,2.046056083,0.57,0.5,329.378,5.25322
O=C1NC(=O)C(=Cc2ccc(-c3ccccc3)c(Cl)c2)S1,0.838937599,2.112355159,0.64,0.26,315.781,4.3309
CC(O)c1cccc(-c2nn(C(C)C)c3ncnc(N)c23)c1,0.775450579,2.947479392,0.48,0.16,297.362,2.7097
O=C1NCN(c2ccccc2F)C12CCN(C(=O)c1ccccc1-c1ccccc1)CC2,0.683236916,2.838307989,0.1,0.04,429.495,4.0614
COc1ccc(C(=O)Nc2ccc(-c3cc(NC(=O)CCC)nc4ccccc34)cc2)cc1,0.375592037,2.014307442,0.13,0.04,439.515,5.9013
Cc1ccc(C(=O)Nc2ccc(CN3CCOCC3)cc2)cc1Nc1ncnc2cnc(N3CCCCC3)nc12,0.350362026,2.593317973,0.2,0.08,538.656,4.54662
COc1ccc(-n2nc(C(N)=O)c3c2-c2cc(NC(=O)c4ccccc4Cl)ccc2CC3)cc1,0.441247516,2.33600409,0.08,0.04,472.932,4.6511
CN(C)c1cccc(NC(=O)Nc2ccc(-c3ccc(N)cc3)cc2)c1,0.602483103,1.857666704,0.31,0.05,346.434,4.6458
O=C1NC(=O)C(=Cc2ccc(-c3ccccc3)c(Cl)c2)S1,0.838937599,2.112355159,0.64,0.26,315.781,4.3309
CCCc1ccc(C(=O)Nc2ccc(OC(C)C)cc2)cc1,0.840475665,1.577575218,0,0.01,297.398,4.6786
CN1CCC(OCc2ccc(C(=O)Nc3ccc(C#N)c4ccccc34)cc2)CC1,0.682281827,2.193785439,0.03,0.03,399.494,4.57458
COc1cc(Nc2nccc(-c3cnn4ncccc34)n2)cc(OC)c1OC,0.547076762,2.580749425,0.93,0.3,378.392,2.9557
CCCCOc1ccc(Cc2ccccc2)cc1,0.677451204,1.402078126,0.02,0,240.346,4.4563
COc1ccc(-c2c(C)nn(C(C)C)c2Nc2ccc(N3CCOCC3=O)cc2)cc1,0.633388928,2.490523808,0.08,0.09,420.513,4.55482
CN(C)c1ccc(Nc2ncc(C(=O)c3ccccc3C(F)(F)F)o2)cc1,0.653344602,2.489253346,0.21,0.22,375.35,4.734
O=C(Nc1ccc(F)cc1)c1ccccc1CNc1ccc(Cl)cn1,0.694752864,1.890733928,0.03,0.05,355.8,4.7385
Cc1ccc(NC(=O)c2ccc(C(F)(F)F)cc2)cc1Nc1ncnc2cnc(NCc3ccccc3)nc21,0.225501364,2.498188391,0.36,0.24,529.526,6.35502
COc1ccc(Nc2ncc(C(=O)Nc3ccccc3)cc2-c2nc(C)nc(N)n2)cc1,0.423526131,2.290253214,0.26,0.16,427.468,3.82872
O=C1NC(=O)C(=Cc2ccc(-c3cccc(Cl)c3)[nH]2)O1,0.83470148,2.891143326,0.47,0.12,288.69,2.9424
Cc1ccc(-c2n[nH]c3ccc(-c4nnn[nH]4)cc23)cc1,0.589359981,2.462349079,0.31,0.15,276.303,2.71842
CCCN(CCC)c1ccc(-c2ccc3c(c2)C2(COC(N)=N2)C2(CCC(OC)CC2)C3)cc1,0.578636975,4.277009511,0.12,0.03,461.65,5.6517
COc1ccc(-c2ccc3c(N4CCOCC4C)nc(N4CCOCC4)nc3n2)cc1,0.636853143,2.986318355,0.05,0.02,421.501,2.7621
COc1cc(Nc2nccc(-c3cnn4ncccc34)n2)cc(OC)c1OC,0.547076762,2.580749425,0.93,0.3,378.392,2.9557
O=C1NC(=O)c2c1c1ccccc1[nH]c1ccccc21,0.509362462,2.407796167,0.29,0.02,262.268,2.09438
COc1ccc(Nc2ncc(C(N)=O)c(Nc3ccccc3)n2)cc1,0.639658763,1.928657005,0.77,0.49,335.367,3.0713
Cc1cc(-c2n[nH]c3ccc(C(O)=NC4CCCC(Cn5cnc6ccccc65)C4)cc23)ccn1,0.252183749,3.68349928,0.29,0.14,464.573,5.84662
O=C1Nc2ccccc2C1=Cc1ccccc1,0.736092026,1.782937966,0.72,0.36,221.259,3.1793
COc1ccc(C(=O)Nc2cccc(CNc3ncnc4c(N5CCOCC5)ccnc34)c2)cc1,0.421353041,2.416744384,0.24,0.06,470.533,3.7344
COc1ccc(NC(=O)Nc2ccc(S(N)(=O)=O)cc2)cc1,0.799303333,1.61640028,0.01,0,321.358,1.9866
Cc1cccc(-c2nc(NCc3ccccc3)ncc2[N+](=O)[O-])c1,0.567984627,2.103209393,0.19,0.2,320.352,3.97232
CN(C)CCOc1cccc(-c2nc(N)c3ncn(C4CCOCC4)c3n2)c1,0.699631461,2.538532331,0.33,0.04,382.468,2.3674
Cc1c(-c2ccccc2)nc(N2CCOCC2)cc1Nc1ncc(C(F)(F)F)c(Nc2ccc(N3CCN(C)CC3)cc2)n1,0.266395788,2.89274173,0.33,0.56,604.681,5.94142
CC(C)Oc1ccc(N=c2nc(O)n(C(C)C)c(=O)n2Cc2ccc(Cl)cc2)cc1,0.641631496,2.771963375,0.03,0.01,428.92,4.0526
O=C1CN(c2cnc(Nc3ccccc3F)cn2)CC1c1ccc(OC(F)F)cc1,0.654260175,3.146118964,0.16,0.27,414.387,4.1336
CCOc1ccc(Cc2cc(C3OC(CO)C(O)C(O)C3O)c3c(c2Cl)OCC3)cc1,0.530867426,3.920176788,0.06,0.03,450.915,1.7793
Cc1ccc(-c2ccccc2)cc1NC(=O)c1ccc(N2CCCCC2)nc1,0.676787357,1.885734749,0.05,0.08,371.484,5.29962
CN(C)c1ccc(-c2nc3ccccc3n2-c2ccc3c(c2)OCO3)cc1,0.541653771,2.140275913,0.07,0.02,357.413,4.4872
CN(C)CCNc1nccc(-c2ccnc3[nH]ccc23)n1,0.748717764,2.508515752,0.77,0.34,282.351,1.9934
COc1ccc(Nc2ncc(-c3ccccc3)o2)cc1,0.772112786,1.85881749,0.6,0.33,266.3,4.0938
COc1ccc(CNc2nccc(Nc3ccc4c(c3)OCCN4)c2)cc1,0.609101307,2.354180193,0.22,0.19,362.433,4.2502
O=C1Nc2cccc3c2N1CCC3=Cc1ccc(-c2ccccc2)cc1,0.552123772,2.380063256,0.18,0.06,338.41,4.9409
COc1ccc(CNc2ncc(C(=O)Nc3ccc(CN4CCOCC4)cc3)cc2-c2ccc(O)cc2)cc1,0.278382081,2.345554586,0.13,0.02,524.621,5.1594
Cc1ccc(-c2ccccc2)cc1Nc1ncccc1-c1cncs1,0.499299788,2.292378263,0.2,0.21,343.455,5.92412
COc1ccc(-c2nc(-c3ccncc3)no2)cc1,0.717851108,1.831563779,0.07,0,253.261,2.8072
CC(C)C(=O)Nc1n[nH]c2ncc(-c3ccccc3)nc12,0.772609553,2.419848236,0.64,0.12,281.319,2.6144
CCc1cc(C(=O)O)ccc1-c1ccc(F)c2c1CN(C(=O)C=Cc1ccccc1)CC2,0.556345818,2.47927569,0.01,0.01,429.491,5.3514
COc1ccc(NC(=O)c2ccc(Nc3ccccc3)cc2)cc1OC,0.677796851,1.59352672,0.01,0.06,348.402,4.6997
COc1ccc(Nc2ncc(C(N)=O)c(Nc3ccccc3)n2)cc1,0.639658763,1.928657005,0.77,0.49,335.367,3.0713
Cc1ccc(-c2ocnc2C(=O)Nc2cnn(C(C)(C)C)c2)cc1,0.7938763,2.540133148,0.16,0.02,324.384,3.85382
O=C1NC(=O)C(=Cc2ccc(-c3ccc(Cl)cc3)cc2)S1,0.838937599,2.013269774,0.6,0.19,315.781,4.3309
CN(C)C(=O)c1ccc(-c2noc(C(F)(F)F)n2)cc1,0.85006324,2.185959385,0.07,0.02,285.225,2.4572
O=C1NC(=O)C(=Cc2cccc(-c3ccccc3)c2)S1,0.854122807,2.012051604,0.61,0.27,281.336,3.6775
CNC(=O)c1ccc(C(=C2CCNCC2)c2ccc(OC)c(OC)c2)cc1,0.852842177,2.313102385,0.03,0.03,366.461,3.2487
CC(C)Nc1ncc(-c2ccc3ccccc3n2)s1,0.77481368,2.225918874,0.12,0.09,269.373,4.1786
COc1cc(C(=O)NC2CCN(C)CC2)ccc1Nc1ncc(C(F)(F)F)c(Nc2cccc3[nH]ncc23)n1,0.266578534,2.783720096,0.49,0.39,540.55,4.6915
CCCCCC(=O)c1ccc(NC(=O)Nc2ccc(Cl)cc2)cc1,0.496149585,1.670823075,0.02,0,344.842,5.747
CCCSc1nc2c(c(Nc3ccc(C(F)(F)F)cc3)n1)CCN(c1ncccc1C(F)(F)F)CC2,0.217236661,2.801023675,0.18,0.12,527.538,6.7601
CC(C)C(NC(=O)Cn1c(-c2ccccc2)ccc(NC(=O)OCc2ccccc2)c1=O)C(=O)C(F)(F)F,0.423582447,2.968328269,0.01,0.03,529.515,4.5362
N#Cc1ccc(-c2cccc(Nc3ccc(N4CCOCC4)cc3)n2)cc1,0.75901965,2.106640385,0.16,0.35,356.429,4.20048
O=C(Nc1ccc(Cl)cc1C(=O)Nc1ccc(Cl)cn1)c1ccccc1Cl,0.581371175,1.919647622,0.01,0.03,420.683,5.5464
COc1ccc(C(=O)Nc2ccc(Cl)c(C(=O)c3cnccc3C(=O)Nc3ccc(Cl)cn3)c2)cc1,0.309802511,2.33922634,0.09,0.04,521.36,5.5276
Cc1ccc(-c2cnc(N)c(C(=O)Nc3ccc(N4CCOCC4)cc3)n2)cc1,0.712110592,2.1490369,0.52,0.06,389.459,3.12312
CNc1nc(Nc2cc(F)c(C(=O)Nc3cc(C(C)(C)C)on3)cc2)nc(N)n1,0.507837385,2.658929922,0.18,0.1,400.418,2.916
Cc1ccc(-n2nc(C3CCN(C4CCCC4)CC3)cc2N=C(O)c2cnn3cccnc23)cc1,0.329129571,3.075365594,0.16,0.04,469.593,4.98172
O=C(Nc1ccc(Cl)cc1)c1ccccc1CNC1CCCCC1,0.801057307,1.789369947,0,0.01,342.87,5.0146
NC1=NC(c2ccc(NC(=O)c3ccc(N4CCOCC4)cc3)cc2)CC1,0.874052949,2.737509072,0.04,0,364.449,2.9676
CC(C)CC(NC(=O)C(Cc1ccccc1)NC(=O)OCc1ccccc1)C(=O)C(=O)NCc1ccccc1,0.290408344,2.912265534,0,0.01,529.637,3.9405
COc1ccc(-c2cccn3nc(Nc4ccccc4)nc23)cc1,0.614352132,2.00409911,0.27,0.19,316.364,4.1485
COc1ccc(C(=O)Nc2ccc(Cl)c(C(=O)Nc3ccccc3N)c2)cc1,0.556688966,1.758307642,0.04,0.02,395.846,4.4354
O=C1NC(=O)C(=Cc2ccc(-c3ccccc3)cc2)S1,0.854122807,1.941004124,0.58,0.23,281.336,3.6775
COc1cc(NC(=O)C=Cc2ccc(F)c(F)c2)ccc1OCC1CCCCC1,0.615923387,2.167047683,0.02,0.02,401.453,5.5844
COc1ccc(Nc2ncc(C(=O)Nc3ccc(OC(C)C)cc3)c(NC3CCC(C)CC3)c2)cc1,0.304958606,2.379696766,0.16,0.3,488.632,6.8639
COc1ccc(CNc2nc(NC(=O)c3ccccc3)nc(N3CCCCCC3)n2)cc1,0.57997606,2.134048649,0,0,432.528,4.125
CN(C)C1CCc2c(c3ccccc3n2S(=O)(=O)c2ccc(F)cc2)C1,0.707336224,2.827668914,0.04,0.06,372.465,3.4363
CC(Nc1ncnc(N)c1C#Cc1ccccc1)n1cccn1,0.725529696,3.321393475,0.37,0.07,304.357,2.2857
Cc1nc2ccccc2nc1N1CCC(N)C(c2ccccc2)C1,0.787795072,2.933671245,0.05,0,318.424,3.25942
COc1ccc(-n2nc3c(c2-c2ccccc2)CCC3)cc1,0.727737921,2.001414955,0.02,0.01,290.366,4.0366
CC(=O)Nc1cc(Nc2cc(Nc3ccc(N4CCOCC4)cc3OC)ncn2)ncc1C(=O)O,0.377406284,2.677921601,0.19,0.37,479.497,2.8606
O=C(C=Cc1ccccc1)Nc1ccc(NC(=O)Nc2ccccc2)cc1,0.563521459,1.713984384,0.01,0.01,357.413,4.9825
Cc1cc(Nc2cc(C(F)(F)F)ccn2)nc(-c2cnc(N3CCOCC3)nc2)c1,0.692534906,2.644539149,0.32,0.31,416.407,3.84102
O=C(Nc1ccc(Cl)cc1C(=O)Nc1ccc(Cl)cn1)c1ccccc1Cl,0.581371175,1.919647622,0.01,0.03,420.683,5.5464
CC(C)c1ccc(-c2ccc3ccccc3c2)cc1,0.549378639,1.502479992,0.1,0.09,246.353,5.6302
COc1ccc(-c2ccccc2)cc1N1CCc2nc(Nc3ccccc3)ncc2C1,0.475268327,2.20805755,0.42,0.35,408.505,5.4585
CC(=O)c1ccc(NC(=O)Nc2ccc(-c3cccc4c(N)nccc34)cc2)cc1,0.406155162,2.031655249,0.68,0.21,396.45,5.3306
COc1ccc(-c2nc(C(=O)Nc3ccc(CN4CCCC4=O)cc3)c3ncccc3n2)cc1,0.472606349,2.346232841,0.13,0.06,453.502,4.0751
CC(C)C(CO)Nc1cc(NC(=O)c2ccc(Nc3ncnc4ccccc34)cc2)ncn1,0.323666818,2.906993023,0.4,0.21,443.511,3.8445
Cc1ccc(Nc2nccc(-c3cnc4ccccc4c3)n2)cc1,0.593204135,1.964758481,0.72,0.54,312.376,4.74382
CN(C)CCCc1ccc2c(c1)-c1ccccc1C2=O,0.720394689,1.9120162,0.04,0.02,265.356,3.3922
CN(C)CCCC(=O)c1ccc(-c2ccc(C(=O)Nc3ccc(Cl)c(C(F)(F)F)c3)cc2)cc1,0.354521887,2.149333138,0.14,0.08,488.937,6.8026
Cc1ccc(Nc2ccc(C(=O)O)cc2)cc1NC(=O)c1ccc(N2CCOCC2)cc1,0.531427595,1.998948197,0.03,0.05,431.492,4.52572
COc1ccc(C2=NNC(=O)C2=NNc2ccc(C(=O)O)cc2)cc1,0.71833647,2.435860337,0.72,0.04,338.323,1.6954
CC(C)=CCN1CCC(COc2ccc(C(=O)Nc3ccccc3N)cc2)CC1,0.533741708,2.183561307,0.07,0.04,393.531,4.5781
CCc1ccc(C(=O)Nc2cccc(C(F)(F)F)c2)cc1Nc1ncnc2cnc(NCc3ccccc3)nc12,0.202311968,2.599090697,0.39,0.2,543.553,6.609
COc1cc2ncnc(Nc3ccc(Cl)cc3Cl)c2cc1OC,0.73931999,2.020675631,0.51,0.4,350.205,4.6974
COc1ccc(Nc2ncc(C(=O)Nc3ccc(N4CCN(C)CC4)cc3)nc2-c2ccccc2)cc1,0.378143754,2.300861047,0.21,0.33,494.599,4.8999
Cc1ccc(CNC(=O)c2cc3ccccc3nc2Nc2ccccc2)cc1,0.508587972,1.85281974,0.01,0.04,367.452,5.21682
COc1ccc(-c2ccc(C(=O)Nc3cccc(N4CCOCC4=O)c3)cc2)cc1,0.70107195,1.988725492,0.05,0.04,402.45,3.9777
CCCCCCCCCCCCCCCCCC(=O)c1nc(-c2ccccc2)c[nH]1,0.197589878,2.446540466,0.18,0.01,410.646,8.5209
COc1ccc(CNc2ccc(-c3cnc(N)c4cc(C(=O)O)ccc34)cc2)cc1,0.430719053,2.118866698,0.46,0.08,399.45,4.8029
CN(C)C(=O)c1ccc(Nc2nc(N3CCCCCC3)nc3c2C(=O)CC3)cc1,0.857410169,2.43912127,0.06,0.07,393.491,3.4313
CN(C)CCCNC(=O)c1ccc2c(c1)C(=O)c1ccccc1-2,0.737090209,1.916921075,0,0,308.381,2.5795
COc1ccc(-c2ccc3ccc(NC(=O)C=CC(=O)Nc4ccc(Cl)cc4)cc3c2)cc1OC,0.299962624,2.188217755,0.1,0.04,486.955,6.3108
CN(C)c1ccc(-c2ccc3ccc(Nc4ccc(N5CCNCC5)cn4)cc3n2)cc1,0.491455085,2.426740138,0.35,0.43,424.552,4.516
CNC(=O)c1cccc(-c2ccc3cc(Nc4ccccc4)ccnc23)c1,0.545310503,2.014826254,0.32,0.41,353.425,4.9566
O=C(Nc1ccc(Cl)cc1)c1ccc(-c2noc(C(F)(F)F)n2)cc1,0.730613218,2.007206621,0.08,0.02,367.714,4.6611
COc1cc(Nc2nccc(Nc3ccccc3Cl)n2)cc(OC)c1OC,0.611828143,2.1625875,0.74,0.44,386.839,4.643
COc1ccc(-c2cnc(Nc3ccc(N4CCOCC4)cc3)nc2-c2ccccc2)cc1,0.435010891,2.137950622,0.38,0.77,438.531,5.3994
COc1cccc(-c2nc(Nc3ccccc3)nc(N)n2)c1,0.768943692,1.901892828,0.25,0.12,293.33,2.873
CC(C)(C)OC(=O)NC(Cc1ccccc1)C(=O)NC(C=O)CC(=O)O,0.597488406,2.868918919,0,0.01,364.398,1.2808
COc1ccc(C(=O)Nc2ccc(F)c(C3(C)CC(=O)N(C)C(N)=N3)c2)cn1,0.834958244,2.999330596,0.08,0.07,385.399,1.8736
O=C(Nc1ccc(-c2cnc3ccccc3c2)cc1)c1ccccc1Cl,0.501957337,1.730182526,0.19,0.22,358.828,5.8075
COc1ccc(CNC(=O)c2ccc(Nc3cc(C#N)cc4cccnc34)cc2)cc1,0.479026729,2.145019088,0.11,0.08,408.461,4.78868
CCn1c(=O)n(CC(C)(C)C)c2ccc(-c3ccc(Cl)cc3)cc21,0.643115031,2.179763573,0.05,0.05,342.87,5.1894
CC(=O)c1ccc(C(=O)Nc2cccc(C(F)(F)F)c2)cc1Nc1ncnc2cnc(Nc3ccccc3)nc12,0.202244885,2.58496707,0.56,0.36,543.509,6.3807
O=C1NC(=O)C(=Cc2ccc(-c3cc(F)c(F)c(Cl)c3)o2)S1,0.656588883,2.69706535,0.53,0.26,341.722,4.2021
CC(=O)Nc1ccc(C(=O)Nc2ccc(-c3cnccc3Nc3ncnc4[nH]ccc34)cc2)cc1,0.281660632,2.437539855,0.52,0.19,463.501,4.9742
COc1ccc(-c2cccc(Nc3cc(NC4CCOCC4)nc(N4CCOCC4)n3)c2)cc1,0.538444205,2.492823591,0.15,0.19,461.566,4.3233
Cn1c(=O)n(CC(=O)c2ccc(Br)cc2)c2ccccc21,0.685295994,1.915993816,0,0,345.196,2.9854
CC(C)(C)c1ccc(NC(=O)Nc2ccc(Cl)c(Cl)c2)cc1,0.699957417,1.709914896,0.01,0,337.25,5.9349
Cc1ccc(-c2nc(-c3ccc(C(F)(F)F)cc3)n3c2CCOC(C)C3)cc1,0.581045362,3.007747227,0.05,0.02,386.417,5.50552
O=C1NC(=O)c2c1c1c3ccccc3nc-1c1c2cc2ccncc2n1C(=O)c1ccccc1,0.299689348,2.84712375,0.39,0.15,442.434,4.463
COc1ccc(NC(=O)Nc2ccc(-c3cccc4nc(N)c(C(=O)Nc5ccccc5)nc34)cc2)cc1,0.231671602,2.250813449,0.48,0.06,504.55,5.7839
COc1ccc(-c2ccc3ccccc3c2Nc2ccc(O)c(C(=O)O)c2)cc1,0.386248882,2.041197822,0.13,0.07,385.419,5.6628
CC(C)=CCn1c(N2CCCC(N)C2)nc2ccccc21,0.881565852,2.852348999,0.03,0.03,284.407,2.93
CN(CCCOc1ccc(-c2ccc3ccccc3c2)cc1)Cc1ccccc1,0.327107168,1.828052578,0.08,0.12,381.519,6.4077
O=C(Nc1ccc(-c2ccnc3[nH]ccc23)cc1)C1CCOCC1,0.774405278,2.212649489,0.54,0.23,321.38,3.595
CN(C)CCCOc1ccc(Nc2ncc3ccn(-c4cccc(C(N)=O)c4)c3n2)cc1,0.39389599,2.427602545,0.64,0.5,430.512,3.5935
COc1ccc(Nc2ncc(C(=O)Nc3ccccc3N)cc2N)cc1,0.525622567,2.029287909,0.26,0.3,349.394,3.2505
COc1cc(-c2cccc(C)c2)ccc1-n1c(=O)ccc2cc(S(=O)(=O)Nc3ccon3)ccc21,0.370298628,2.582927294,0.05,0.04,487.537,4.76352
Cc1cc(Nc2cc(N3CCOCC3)nc(Nc3ccc(N4CCOCC4)cc3)n2)cc(OC)c1OC,0.467570367,2.594455919,0.16,0.14,506.607,3.96262
O=C1NC(=O)C(=Cc2ccc(-c3ccccc3)cc2)O1,0.849204101,2.151152931,0.39,0.13,265.268,2.9609
COc1ccc(-c2nc(N)nc(-c3ccccc3)n2)cc1,0.797047989,1.777193683,0.01,0.01,278.315,2.7964
CN(C)CCn1ccc2ncnc(Nc3ccc(Nc4ccccc4)cc3)c21,0.500860737,2.293493849,0.33,0.25,372.476,4.4801
O=C(Nc1ccc(Cl)cc1)c1cccc(-c2nn[nH]n2)c1,0.778672638,1.857553583,0.24,0.11,299.721,2.7724
COc1ccc(C(=O)Nc2ccc(-c3cnc4ccccn34)cc2)cc1,0.602178218,1.900632323,0.08,0.07,343.386,4.2622
Cc1cc(C)c(-c2nc(N)c3cc(CN4CCCC4)ccc3n2)cc1,0.784638315,2.116033928,0.12,0.01,332.451,4.09164
CC(C)(C)c1ccc(CN2CCC(CC(=O)c3ccc(F)c(Cl)c3)C2)cc1,0.597587839,2.553061033,0.01,0.01,387.926,5.8715
COc1cc(NC(=O)Nc2ccc(-c3cnccc3Nc3ccnc(Nc4ccccc4)n3)cc2)ccc1O,0.149089511,2.484379282,0.62,0.42,519.565,6.384
CC(C)(C)c1ccc(CNC(=O)c2ccc(-c3nc(C#N)ccn3)cc2-c2ccncc2)cc1,0.447899304,2.501220109,0.39,0.05,447.542,5.30478
Nc1nc(Nc2ccccc2)nc(NC2CCCCC2)n1,0.799613262,2.051870916,0.26,0.21,284.367,2.942
CCCCCCC(=O)c1ccc(OCCCN2CCN(C(=O)CC)CC2)cc1,0.398408307,2.021856583,0.01,0,388.552,4.1628
COc1ccc(Nc2ncc(-c3ccccc3-c3ccncc3)[nH]2)cc1,0.541862508,2.193237282,0.55,0.41,342.402,4.8909
O=C1Nc2ccc(Cl)cc2C1=Cc1ccc[nH]1,0.743946978,2.495294211,0.84,0.39,244.681,3.1608
COc1ccc(C(=O)Nc2ncc(C(=O)Cc3ccccc3)s2)cc1OC,0.62842018,2.03007801,0.05,0.03,382.441,3.838
COc1ccc(-n2nc(C(N)=O)c3c2-c2cc(NC(=O)c4ccccc4)ccc2OC3=O)cc1,0.391186943,2.386945089,0.08,0.03,454.442,3.4917
O=C1NC(=O)C(=Cc2ccc(-c3ccc(O)c(Cl)c3)o2)S1,0.825617129,2.491421195,0.6,0.34,321.741,3.6295
Cc1cccc(NC(=O)c2cccc(Nc3cccc(C(F)(F)F)n3)c2)c1,0.645186442,2.030967055,0.08,0.11,371.362,5.40472
O=C1NC(=O)C(=Cc2ccc(-c3ccc(Cl)cc3)cc2)S1,0.838937599,2.013269774,0.6,0.19,315.781,4.3309
COc1cc2nccc(Oc3ccc(NC(=O)C4(C)CCN(c5ccc(OC(F)(F)F)cc5)CC4)cc3)c2nc1OC,0.248957658,2.869522322,0.16,0.17,582.579,6.5831
CC(=O)Nc1ccc(-c2ccc(-c3ccccc3)cc2)cc1,0.722944298,1.423179367,0.01,0.02,287.362,4.979
O=C1Nc2ccc(-c3cccc(C(=O)O)c3)cc2C1=Cc1ccc(OCCCN2CCCCC2)cc1,0.313416302,2.36990612,0.34,0.11,482.58,5.7993
COc1cccc(-c2nc(Nc3ccccc3)n(-c3ccccc3)n2)c1,0.571711281,1.99988923,0.27,0.28,342.402,4.6865
CC(=O)Nc1cc(Nc2cc(Nc3cnccc3C#N)cnn2)ccc1-c1cncs1,0.414259566,3.059802165,0.21,0.16,428.481,4.31238
COc1cccc(Nc2ncc(C(=O)Nc3ccc(N4CCOCC4)cc3)cc2-c2ncccc2NC(=O)CC)c1,0.254992641,2.596517622,0.13,0.14,552.635,5.3332
Cc1ccc(-c2nc(-c3cccc4ccccc34)[nH]n2)cc1,0.584495921,1.922210694,0.19,0.03,285.35,4.60032
COc1ccc(CNC(=O)c2ccc(-c3nc(C#N)nc4c(C(N)=O)cccc34)cc2)cc1,0.476185838,2.359105203,0.13,0.07,437.459,3.20598
CC(=O)c1c(O)cccc1-c1ccc(-c2ccc(OC)c(OC(C)C)c2)o1,0.59820636,2.331268731,0.05,0.04,366.413,5.3176
CCCc1ccc(N2CCN(C(=O)c3ccc(-c4ccc(C(C)(C)C)cc4)cc3)C2=O)cc1,0.44358587,2.228585959,0.04,0,440.587,6.686
CC(C)(C)c1ccc(NC(=O)c2ccc(CNc3cccc(-c4ccccc4)n3)cc2)cc1,0.345887087,1.994737726,0.03,0.03,435.571,6.9105
COc1ccc(-n2nc(C(C)(C)C)cc2NC(=O)Nc2ccc(C#N)cn2)cc1,0.698022281,2.369663212,0.28,0.05,390.447,4.08908
O=C1NC(=O)C(=Cc2ccc(-c3ccccc3)cc2)S1,0.854122807,1.941004124,0.58,0.23,281.336,3.6775
CC(C)c1cccc(S(=O)(=O)Nc2ccc(Cl)c3c2C(=O)N(C)CC3)c1,0.857739441,2.414934365,0,0.02,392.908,3.8923
CC(C)c1ccc(Nc2ccc(Nc3cccc(C(=O)O)c3)nc2)cc1,0.557271689,1.985550903,0.13,0.36,347.418,5.3904
CC(C)CC(NC(=O)C(Cc1ccccc1)NC(=O)CCCCCCC(=O)O)C(=O)Nc1ccccc1,0.251094817,2.842980812,0.01,0.03,509.647,4.3087
COc1cc(CNC(=O)c2ccc(-c3ncccc3C)cc2)ccc1OCCN1CCCCC1,0.495112448,2.14358389,0.16,0.07,459.59,4.86032
Cn1c(Nc2c(Cl)ccc(CNC(=O)C(C)(C)C)c2Cl)nc2cc(C(=O)Nc3ccc(F)c(Cl)c3)ccc21,0.224216973,2.681277979,0.09,0.08,576.887,7.3308
O=C1NC(=O)C(=Cc2ccc(-c3ccc(N4CCOCC4)c4ccccc34)cc2)C1=O,0.309864642,2.416411396,0.38,0.17,412.445,2.9523
CCC(=O)Nc1cccc(-c2nc(Nc3ccc(N4CCNCC4)cc3OC)no2)c1,0.533041447,2.490700627,0.07,0.15,422.489,3.2469
COc1ccc(-c2nc(-c3cccc4ccccc34)[nH]n2)cc1,0.613512575,1.925132533,0.27,0.03,301.349,4.3005
O=C(NCc1ccc(Cl)cc1Cl)C1CCC(=O)N1c1ccccc1,0.89831589,2.508357368,0,0,363.244,3.8052
CN(C)c1ccc(C(=O)Nc2ccc3c(c2)-c2c(c(C(N)=O)nn2-c2ccc(S(C)(=O)=O)cc2)CC3)cc1,0.393844482,2.55892842,0.08,0.03,529.622,3.4586
COc1ccc(C(=O)C=Cc2cccc3ccccc23)cc1OC,0.50272883,1.84402946,0.01,0,318.372,4.7531
Cc1ccc(-c2nc(N)nc(N)c2-c2ccccc2)cc1,0.75256483,1.930077467,0.19,0.01,276.343,3.28342
COc1ccc(-c2nc(Nc3ccccc3)cc(N3CCOCC3)n2)cc1,0.74623373,2.036404039,0.12,0.13,362.433,3.7324
CC(C)CC(NC(=O)Cn1ccc2ccccc21)C(=O)NC(C=O)Cc1ccccc1,0.495740342,3.020547819,0.01,0.03,419.525,3.0986
CCc1cccc(-c2ccc(C(=O)NC(C)c3ccccc3)cc2)n1,0.729772233,2.239023538,0.1,0,330.431,4.802
COc1cc(NC(=O)C=Cc2ccc(F)cc2)ccc1-c1n[nH]c(C)c1C,0.654670185,2.307159565,0.29,0.09,365.408,4.49314
CC(=O)Nc1ccc(-c2nc(N3CCOCC3)c3cccnc3n2)cc1,0.782434203,2.20225621,0.11,0.07,349.394,2.4868
COc1cc(OC)cc(N(CCN)c2ccnc3[nH]c(-c4ccccc4)cc23)c1,0.49236905,2.621273163,0.41,0.08,388.471,4.3439
CN(C)CCCCC=C(c1nc(C)cc(Nc2cc(C(=O)c3ccccc3)ccc2Cl)n1)C(=O)CC,0.172066013,2.840703187,0.05,0.05,505.062,6.50742
CC(C)(C)NC(=O)c1cccc(-c2ccc3[nH]nc(-c4cccc(NC(=O)CCC(=O)O)c4)c3c2)c1,0.285966816,2.404620628,0.36,0.19,484.556,5.2285
COc1ccc(C(C)C)cc1NC(=O)Nc1cccc(-c2nnnn2C)c1,0.718676196,2.192786691,0.09,0.02,366.425,3.6531
O=C1Nc2cccc3c2C1=CC=C3c1ccc(O)cc1,0.700016275,2.061924018,0.55,0.01,261.28,3.7781
O=C(NC1CNC(C(=O)O)C1)c1ccc2ccccc2n1,0.774905819,2.953598435,0.07,0.03,285.303,0.7797
O=C1NC(=O)C(=Cc2ccc(-c3ccc(C(F)(F)F)cc3)cc2)N1,0.652585151,2.208110646,0.289369676,0.1,332.281,3.5527
O=C1NC(=O)c2c1c1c(c3[nH]c4ccccc4c3cc1OCC=CCO)CC2,0.483563708,3.116662246,0.47,0.09,374.396,2.6046
CN(C)C(=O)c1ccc(-c2ccc(Nc3nccc(Nc4ccccc4)n3)cc2)cc1,0.450238731,2.061823704,0.66,0.6,409.493,5.3326
O=C1NC(=O)C(=Cc2ccc(-c3ccccc3)c(Cl)c2)S1,0.838937599,2.112355159,0.64,0.26,315.781,4.3309
O=C1NCc2c1c1ccccc1n2-c1ccc(-c2nnn[nH]2)cc1,0.592234913,2.771515361,0.41,0.11,316.324,2.054
CCC(C)C(=O)Nc1cc(-c2ccccc2)nc(-c2ccccc2)n1,0.730728471,2.35605623,0.06,0.03,331.419,4.7952
CC(C)CC(NC(=O)CCc1ccccc1)C(=O)NC(C=O)Cc1ccccc1,0.575307941,2.777168272,0.01,0,394.515,3.0765
Cc1ccc(-c2ccc(-c3ccc(C(=O)O)cc3)o2)cc1,0.760097833,1.711160544,0.01,0,278.307,4.62022
Cc1ccc(-n2nc(C(C)(C)C)cc2NC(=O)Nc2ccc(Oc3ccnc(Nc4ccccc4)n3)cc2)cc1,0.20063181,2.503138054,0.44,0.25,533.636,7.44812
CN1CCN(c2ccc(Nc3nccc(-c4ccccn4)n3)cc2)CC1,0.783582815,2.110379739,0.79,0.58,346.438,3.034
COc1ccc(Nc2ncc(C(N)=O)c(Nc3ccccc3)n2)cc1,0.639658763,1.928657005,0.77,0.49,335.367,3.0713
COc1ccc(-c2ccc3ccc(NC(=O)C4CC4)nc3n2)cc1,0.796954326,2.050479627,0.08,0.01,319.364,3.6539
CNC(=O)c1cc(-c2cccc3ccccc23)n(-c2ccc(Cl)cc2)n1,0.574305452,2.066786413,0.08,0.06,361.832,4.7055
O=C(NCCCCCCCCCCCCCCCNc1c2c(nc3cc(Cl)ccc13)CCCC2)CCCC=Cc1ccc2ncccc2c1,0.081063296,2.991250563,0.06,0.04,681.409,11.7983
O=C1NC(=O)C(=Cc2ccc(-c3ccccc3)c(Cl)c2)S1,0.838937599,2.112355159,0.64,0.26,315.781,4.3309
O=C1CCC(CNc2nc3c(cc2Nc2ccccc2)n(-c2ccccc2)C3)cc1,0.582269299,3.286692575,0.14,0.11,396.494,5.4241
O=C(O)c1ccc(-c2ccccc2CN2CCC(C(O)=Nc3ccccc3)CC2)cc1,0.409545071,2.264349857,0.01,0,414.505,5.552
Cc1ccc(C(=O)Nc2ccc(-c3ncccc3C(=O)Nc3ccc(Cl)cc3)cc2)cc1OC,0.349361013,2.012266739,0.08,0.08,471.944,6.22362
COc1ccc(-n2nc(C(N)=O)c3c2-c2cc(NC(=O)c4ccccc4Cl)ccc2CC3)cc1,0.441247516,2.33600409,0.08,0.04,472.932,4.6511
Cc1nc(C(=O)Nc2ccc(N3CCC(N4CCCC4=O)CC3)cc2)nc(N2CCCC2)n1,0.749782607,2.613551142,0,0,449.559,2.62372
CC(=O)c1ccc(-c2nc(-c3ccc(F)cc3)c(-c3ccncc3)[nH]2)cc1,0.514086186,2.124130696,0.55,0.51,357.388,5.1474
COc1ccc(-c2nc(-c3cccc4ccccc34)[nH]n2)cc1,0.613512575,1.925132533,0.27,0.03,301.349,4.3005
Cc1ccc(Nc2nccc(-c3cnn4ncccc34)n2)cc1,0.628989233,2.398176198,0.89,0.36,302.341,3.23832
COc1ccc(-c2nc(Nc3cccc(N4CCOCC4)c3)ncc2N)cc1,0.705358909,2.26440004,0.48,0.4,377.448,3.3146
Cc1nc(-c2ccccc2)sc1C(=O)Nc1ccc(N2C(=O)c3ccccc3C2=O)c(OC)c1,0.407024104,2.210443741,0.02,0.02,469.522,5.18002
Cc1ccc(C(=O)Nc2ccc(CN3CCN(C)CC3)c(C(F)(F)F)c2)cc1Nc1ncnc2cnc(N3CCCCC3)nc12,0.27849013,2.873969892,0.18,0.11,619.696,5.48062
COc1cc(NC(=O)C(C)(C)C)ccc1Nc1ncnc(NC(C)C)n1,0.726980604,2.40983859,0.3,0.36,358.446,3.4287
CN(C)CC(=O)C(Cc1ccccc1)NC(=O)c1ccc(-c2cccc3[nH]ncc23)cc1,0.450360147,2.733182037,0.39,0.11,426.52,3.7017
COc1ccc(Nc2ncc(C(N)=O)c(Nc3ccc(N4CCOCC4)cc3)n2)cc1,0.534533532,2.21401755,0.67,0.6,420.473,2.9079
O=C1NC(=O)c2c1c1c(n3c2ccc(-c2ccccc2)cn1)CCC3,0.81775263,3.753657499,0.52,0.1,329.359,2.5013
COc1ccc(-n2c(C)nc3ccccc32)cc1NC(=O)c1ccc(N2CCCCC2)cc1,0.439788802,2.121039122,0.01,0,440.547,5.58512
COc1ccc(-c2[nH]c3ccccc3c2C(=O)Nc2ccc(Cl)cc2)cc1,0.47616494,1.908665015,0.16,0.03,376.843,5.7492
COc1cccc(-c2nc(NCc3cccc(Cl)c3)sc2-c2ccc3ccccc3c2)n1,0.29032929,2.395686456,0.17,0.1,457.986,7.2994
N#Cc1ccc(-c2ccc3c(c2)CCC3=NO)cc1,0.621149129,2.268129503,0.15,0.06,248.285,3.34978
COc1ccc(-n2nc(C(N)=O)c3c2-c2cc(NC(=O)c4ccccc4Cl)ccc2CC3)cc1,0.441247516,2.33600409,0.08,0.04,472.932,4.6511
O=C(Nc1ccc(Cl)cc1)c1cnccc1NCc1ccncc1,0.737693982,1.975448408,0.27,0.18,338.798,3.9944
CCCCN(CCCC)C(=O)Cc1c(-c2ccccc2)nc2ccccc2c1[N+](=O)[O-],0.30817477,2.401327829,0.04,0.03,419.525,5.7813
O=C(Nc1ccc(OC(F)(F)F)cc1)c1cnc(N2CCC(O)C2)c(-c2cncc(F)c2)c1,0.557658494,3.005366945,0.14,0.12,462.403,4.0046
Cc1ccc(-c2nc(N)c3cc(-c4ccccc4)sc3n2)o1,0.591530567,2.327564703,0.18,0.01,307.378,4.50892
COc1ccc(C=NNC(=O)c2cccc([N+](=O)[O-])c2)cc1O,0.497826248,2.046338811,0,0.11,315.285,2.0729
COc1ccc(Nc2nccc(Nc3ccccn3)n2)cc1OC,0.719417568,2.093225771,0.62,0.38,323.356,3.376
Cc1cc(-c2n[nH]c3ccc(C(O)=NC4CCCC(C(=O)O)CC4)cc23)ccn1,0.348679041,3.486720672,0.33,0.18,392.459,4.27142
N#Cc1cccc(-c2ccc3c(c2)C2=NN=C2N3)c1,0.697439098,2.871610207,0.39,0.05,244.257,1.87438
COc1ccc(Nc2nccc(-c3cnc4ccccn34)n2)cc1,0.623460275,2.201344397,0.76,0.55,317.352,3.5435
CN(C)c1ccc(CCNC(=O)C2C(=O)Nc3ccc(Cl)cc32)cc1,0.808794117,2.70929167,0.11,0,357.841,2.8006
COc1ccc(-n2nc(C(N)=O)c3c2-c2cc(NC(=O)c4ccccc4)ccc2CC3)cc1,0.49199066,2.254807847,0.08,0.01,438.487,3.9977
O=C1NC(=S)C(=Cc2ccc(-c3ccc(Cl)cc3)cc2)O1,0.658498869,2.477261313,0.12,0.09,315.781,4.4151
O=C(Nc1ccccc1Cl)Nc1cccc2cnccc12,0.729778784,1.810819409,0.3,0.13,297.745,4.5322
Cc1cccc(-c2nc(-c3ccc(F)cc3)c(CC(=O)O)s2)c1,0.764493067,2.069094566,0.07,0.03,327.38,4.55172
CN(C)C1CCN(c2ccc(Nc3ncc4cc(-c5cnccc5)cnn34)cc2)CC1,0.532305418,2.714134473,0.29,0.3,413.529,4.0653
COc1ccc(C(=O)C(Cc2ccc(NS(=O)(=O)O)cc2)NC(=O)CCc2ccccc2)cc1,0.284272019,2.595589933,0.01,0.01,482.558,3.4529
COc1ccc(C2=NNC(=O)C2=NNc2ccc(C(C)=O)cc2)cc1,0.646599951,2.450716675,0.68,0.07,336.351,2.1998
COc1ccc(-c2nc(-c3cccc4c3OCC(=O)N4)no2)cc1,0.797340916,2.325532584,0.19,0.01,323.308,2.7431
O=C(NCCc1ccccc1)c1ccccc1-c1ccnc(Nc2ccc(N3CCOCC3)cc2)n1,0.381553498,2.238882487,0.62,0.44,479.584,4.6963
Cn1cc(-c2cc3cnccc3cn2)cn1,0.616887332,2.413797575,0.53,0.21,210.24,2.0303
CCOC(=O)c1ccc(-c2ccc3c(O)cccc3c2)cc1,0.728219203,1.747384896,0.02,0.03,292.334,4.3891
COc1ccc(C=CC(=O)Nc2ccc(-c3nc(N4CCOCC4)c4ncc(Nc5ccccc5)nc4n3)cc2)cc1OC,0.217946115,2.759384801,0.11,0.25,589.656,5.3361
CC(=O)Nc1cc(Nc2nccc(-c3cnc(N4CCCC4)c(NC(C)C)n3)n2)cc(OC)c1,0.455303141,2.736180775,0.46,0.22,462.558,4.0647
COc1ccc(N2CC(C)NC(C)C2)cc1NS(=O)(=O)c1ccc(-c2ccc(C)cc2)cc1,0.554199622,3.008198515,0.06,0.03,465.619,4.65802
O=C(Nc1ccccc1)c1ccccc1N1CCN(c2ccc(-c3ccccc3)nn2)CC1,0.491423102,2.011162238,0.02,0.01,435.531,4.7225
COc1ccc(Nc2ncc(C(N)=O)c(Nc3ccc(N4CCNCC4)cc3)n2)cc1,0.461424644,2.286143704,0.64,0.55,419.489,2.4809
COc1ccc(NC(=O)Nc2ccc(Cl)c(C(F)(F)F)c2)cc1Nc1ncnc2cnc(NCc3ccccc3)nc12,0.149834746,2.678165043,0.47,0.27,594.985,7.1003
COc1ccc(-c2ccccc2)cc1N1CCN(C(=O)C(C)Cc2ccc(Cl)cc2)CC1,0.495741735,2.498608626,0.02,0.02,448.994,5.543
Cc1ccc(NC(=O)c2ccc(C(C)(C)C)o2)cc1Nc1ncnc2cnc(NCc3ccccc3)nc21,0.237362157,2.712026016,0.4,0.12,507.598,6.22672
CC(=O)CC1C(=O)C(=O)N(c2ccc(-c3ccsc3)cc2)C1c1ccccc1OC,0.544596695,3.274054775,0.02,0.05,419.502,4.676
CN1CCN(c2ccc(Nc3nccc(-c4cccc(NC(=O)CC)c4)n3)cc2)CC1,0.633090235,2.170906781,0.67,0.46,416.529,3.9875
COc1ccc(-c2ccc(C(=O)Nc3ccc(CN4CCNCC4)c4ncccc34)cc2)cc1,0.448740279,2.203240015,0.23,0.02,452.558,4.5679
CCCCN(C)c1nc(N)nc(Nc2cc(OC)c(OC)cc2OC)n1,0.69508152,2.389094874,0.12,0.08,362.434,2.4595
CCCn1c(=O)nc(NC2CCCCC2)c2cc(-c3ccc(Cl)c(Cl)c3)ccc21,0.501013454,2.370043976,0.14,0.09,430.379,6.5249
CN(C)c1ccc(Nc2nccc(Nc3ccccc3C(=O)O)n2)cc1,0.624492867,2.116236142,0.8,0.42,349.394,3.728
COc1ccc(-c2ccc(-c3ccccc3)cc2)cc1OCCCn1ccnc1,0.365950241,1.976639519,0.12,0.05,384.479,5.6948
COc1ccc(Nc2ncc(C(=O)Nc3ccccc3C(=O)O)cc2F)cc1,0.598288039,2.004408129,0.11,0.32,381.363,3.9234
COc1ccc(-c2ccc(C(=O)Nc3ccc4c(c3)-c3c(c(C(N)=O)nn3C)CC4)cc2)cc1,0.47374903,2.313386326,0.15,0.05,452.514,4.2125
COc1ccc(-c2cc(C(=O)Nc3cccc(C(F)(F)F)c3)cc(N3CCCCC3)n2)cc1,0.511336348,2.176963468,0.1,0.07,455.48,6.0186
CC(C)CC(NC(=O)C(Cc1ccccc1)NC(=O)C(CC(=O)N1CCOCC1)CC(=O)Nc1ccccc1)C(=O)c1nccs1,0.214191168,3.679659534,0.03,0.03,647.798,3.4781
CCN(CC)C(=O)Cc1c(-c2ccc(Cl)cc2)[nH]c2ncccc12,0.751998872,2.311061085,0.29,0.08,341.842,4.2942
O=C1NCc2nc(Nc3ccccc3)ccc2N1c1c(Cl)cccc1Cl,0.626635331,2.493059643,0.23,0.06,385.254,5.4933
CN(C)C(=O)c1ccc2c(c1)nc(Nc1cccc(Cl)c1)n2C1CCCCC1,0.620319094,2.295146775,0.08,0.15,396.922,5.6403
Cc1nc(N)cc(-c2c[nH]c3ncc(-c4cncc(N5CCOCC5)n4)cc23)c1,0.556644643,2.830284831,0.54,0.17,387.447,2.80912
CN1CCN(c2ccc(Nc3nccc(-c4cnc(N)cn4)c3)cc2)CC1,0.738898892,2.377961794,0.45,0.75,361.453,2.6162
CC(C)C(=O)Nc1ccc(-c2nc(N3CCOCC3C)c3cccnc3n2)cc1,0.733064303,2.884755388,0.14,0.08,391.475,3.5114
O=C(NC1CCCCC1)c1ccc2c(c1)nc(-c1ccc(Cl)cc1)n2C1CCCCC1,0.48275304,2.197759663,0.04,0.06,435.999,6.9244
COc1cc(F)c(C(=O)Nc2cccc(C(=O)O)c2)cc1Nc1ncnc2scnc12,0.41254892,2.537399333,0.25,0.15,439.428,3.9281
O=C1NC(=O)C(=Cc2ccc(-c3ccccc3)cc2)S1,0.854122807,1.941004124,0.58,0.23,281.336,3.6775
COc1ccc(-c2cc(F)c(F)cc2F)c(-n2c(C)nc3ccccc32)n1,0.486169701,2.478970294,0.09,0.03,369.346,4.82182
CN1CCC(c2ccc(Nc3ncc(C(F)(F)F)c(Nc4ccccc4S(=O)(=O)C(C)C)n3)cc2)CC1,0.386708646,2.688759155,0.65,0.49,533.62,5.9739
Nc1nc(N)c2cc(-c3ccccc3)ccc2n1,0.679945438,1.826005959,0.18,0.06,236.278,2.4612
CC(=O)Nc1nc(Nc2ccc(NC(=O)CCN)cc2)nc(N2CCOCC2)n1,0.526876564,2.362555376,0.04,0.03,400.443,0.6975
O=C1NC(=O)c2c1c1ccc3ccccc3c2[nH]1,0.620074353,4.089045447,0.58,0.11,236.23,-0.24012
COc1ccc(CNc2ncc(C(=O)Nc3ccccc3N)cc2Cl)cc1,0.55604092,1.990334154,0.23,0.11,382.851,4.1902
CC(=O)Nc1ccc(Nc2nccc(Nc3ccccc3)n2)cc1,0.66402042,1.88329632,0.59,0.41,319.368,3.9222
COc1ccc(CNc2ccc(Nc3ccc(N4CCOCC4)cc3)nc2)cc1OC,0.563380521,2.14984132,0.18,0.33,420.513,4.2911
COc1ccc(-n2nc(C(F)(F)F)cc2-c2ccc3cnccc3c2)nn1,0.546394559,2.588149938,0.23,0.12,371.322,3.9049
CC(=O)c1cnc2ccc(-c3ccc(F)c(Cl)c3)nc2n1,0.67743468,2.356538536,0.16,0.18,301.708,3.6869
CC(C)CC(NC(=O)C(C)c1ccc(NS(C)(=O)=O)cc1)C(=O)NC(C=O)Cc1ccccc1,0.397499799,3.312033884,0.02,0.01,487.622,2.6189
COc1ccc(Nc2ncc(C(=O)Nc3ccccc3)cc2-c2nc(C)nc(N)n2)cc1,0.423526131,2.290253214,0.26,0.16,427.468,3.82872
Cc1ccc(-c2nc(-c3ccc(C)c(C)c3)n3c2CCOC(C)C3)cc1,0.645064294,2.961418839,0.02,0.02,346.474,5.10356
CCC(=O)c1cnc2ccc(-c3cc(F)c(O)c(Cl)c3)cc2n1,0.723429899,2.451436167,0.14,0.12,330.746,4.3876
COc1ccc(C(=O)Cn2c(=O)[nH]c3cc(Cl)ccc32)cc1,0.752726933,1.987463804,0.01,0.01,316.744,2.8745
COc1ccc(-c2ccc3c(c2)Nc2ccccc2NC3=O)cc1,0.722008455,2.006317419,0.79,0.06,316.36,4.6715
CNC(=O)c1ccc(-c2noc(C(C)C)n2)cc1,0.899822078,1.964925272,0.09,0.03,245.282,2.2196
COc1ccc(-n2nc(C(C)(C)C)cc2NC(=O)Nc2ccc(Oc3ccnc(Nc4ccc(N5CCCC5)cc4)c3)cc2OC)cn1,0.139220948,2.93472655,0.18,0.29,648.768,7.7571
COc1ccc(-c2nc(C(=O)Nc3cnccc3N3CCC(C)CC(N)C3)ccc2[N+](=O)[O-])cc1,0.403994661,3.339874961,0.22,0.06,476.537,3.8763
Cc1ccc(-c2nc(-c3ccc(S(C)(=O)=O)cc3)c(-c3ccncc3)[nH]2)cc1,0.556812993,2.183931006,0.4,0.24,389.48,4.51762
COc1cc(C(=O)NC(=N)Nc2ccccc2Cl)ccc1OC,0.592635722,2.112661888,0,0.01,333.775,3.13387
CC(C)c1ccc(C(=O)Nc2cc(-c3ccccc3)ccc2N)cc1,0.636790331,1.730890239,0.03,0.03,330.431,5.3115
CCCC(=O)Nc1n[nH]c2ncc(-c3ccccc3)cc21,0.769418044,2.158598475,1,0.09,280.331,3.3635
N#Cc1ccc(-c2cnc3ccc(Nc4ccccc4)nc3n2)cc1,0.607950045,2.193791777,0.38,0.3,323.359,4.30708
COc1ccc(-c2nc(-c3ccc(OC)c(OC)c3)n(-c3ccc(C)cc3)n2)cc1,0.458208816,2.016134677,0.01,0.03,401.466,4.93552
COc1ccc(C(=O)Nc2cccc(C(F)(F)F)c2)cc1Nc1ncnc2ncc(Nc3ccccc3)nc21,0.227969348,2.575735507,0.38,0.31,531.498,6.1867
Cc1ccc(-c2ccc(C(=O)Nc3ccccc3N)cc2)cc1,0.700008243,1.547139074,0.04,0.01,302.377,4.49652
COc1ccc(-c2nc(-c3cccc4c3OCCO4)on2)cc1,0.739939702,2.152836606,0.01,0.01,310.309,3.1834
O=C1NC(=O)C(=Cc2ccc(-c3ccccc3)cc2)S1,0.854122807,1.941004124,0.58,0.23,281.336,3.6775
CN(C)CCC=C1c2ccccc2C=CCC=C1c1cccc2c1OCC(=O)C2,0.739552064,3.214267669,0.03,0.05,385.507,5.0262
COCCn1cc(Nc2ncc3ccn(C4CCCCC4)c3n2)ccc1=O,0.721850903,2.644191785,0.42,0.34,367.453,3.4882
COc1ccc(C(=O)Nc2cccc(CNc3nccc(-c4cnc(N5CCC(F)C5)cc4)n3)c2)cc1OC,0.314152109,2.981772844,0.43,0.2,528.588,4.9684
CC(=O)Nc1ccc(Nc2cc(Nc3cccc(Cl)c3)ncn2)cc1,0.625538115,2.047457005,0.24,0.34,353.813,4.5756
O=C(Nc1ncccc1-c1nccs1)Nc1cccc2ccccc12,0.548272837,2.243765165,0.19,0.06,346.415,5.0023
CC(C)(C)c1ccc(NC(=O)Nc2ccc(-c3nc(N4CCOCC4)nc4ccccc34)cc2)cc1,0.369559954,2.280239062,0.05,0.05,481.6,6.0749
CC(C)(C)c1ccc(Nc2ncc(C(=O)Nc3cnccc3C3CCCCC3)cc2OCC(=O)O)cc1,0.332047443,2.592225076,0.2,0.18,502.615,6.2811
COc1cccc(-c2ccccc2N2CCC(N)C2)n1,0.928579812,2.632083323,0.08,0,269.348,2.2946
CCN(CC)C(=O)Cc1ccc(C(=O)Nc2ccc(F)c(C3(C)CC=CCC(=N)O3)c2)nc1,0.607231794,3.549675387,0.06,0.02,452.53,4.44297
COc1ccc(NC(=O)Nc2ccc(-c3ccc(N)nc3)cc2)cc1OC,0.635676487,1.90753775,0.46,0.14,364.405,3.992
CCOC(=O)C1=C(c2ccccc2)c2ccc(OC)cc2-n2cccc21,0.49164948,2.122811643,0.04,0,345.398,4.9448
COc1ccc(Nc2ncc(Nc3ccccc3)cc2-c2nc(-c3ccccc3)no2)cc1,0.310449566,2.216933039,0.25,0.25,435.487,6.2944
COc1ccc(-c2nc(Nc3ccccc3)nc(NC3CCCCC3)n2)cc1,0.629114897,2.071047026,0.22,0.25,375.476,5.0354
Cc1ccccc1-c1nc(N)nc(Nc2ccc(Cl)cc2)n1,0.768488432,1.965771709,0.15,0.06,311.776,3.82622
CC(=O)Nc1ccc(-c2nc(N3CCOCC3)c3cccnc3n2)cc1,0.782434203,2.20225621,0.11,0.07,349.394,2.4868
CCC(C)C(=O)Nc1ccc(S(N)(=O)=O)cc1,0.850940993,2.175745037,0,0,256.327,1.3186
CN(C)CCCOc1ccc2cc(-c3nn(C(C)C)c4ncnc(N)c34)ccc2n1,0.469950906,2.703554033,0.5,0.07,405.506,3.5351
Cc1ccc(-c2nc(-c3ccc(S(C)(=O)=O)cc3)cn2-c2ccccc2)cc1,0.498642297,2.022244275,0.02,0,388.492,4.91822
COc1ccc(Nc2nccc(Nc3ccccc3Cl)n2)cc1OC,0.670533509,2.00634739,0.75,0.5,356.813,4.6344
CNC(=O)C(NC(=O)c1ccc(-c2cccc(CNc3nccc(C(N)=O)n3)c2)cc1)C(=O)OC,0.260828633,3.02455952,0.31,0.11,476.493,0.872
COc1cccc(-c2ccc(C(=O)Nc3ccc4c(c3)CC(C(=O)O)C4)o2)c1,0.701364529,2.631468116,0.02,0.03,377.396,4.0069
O=C1NC(=O)C(=Cc2ccc(-c3ccccc3)cc2)S1,0.854122807,1.941004124,0.58,0.23,281.336,3.6775
Cc1ccc(C(=O)Nc2cccc(C(F)(F)F)c2)cc1Nc1ncnc2cnc(Nc3ccccc3)nc12,0.237523431,2.472681909,0.54,0.38,515.499,6.48652
CCCCC(=O)c1cnc2ccc(-c3cc(Cl)c(O)c(Cl)c3)cc2n1,0.582797496,2.405058049,0.13,0.08,375.255,5.6821
CC(=O)Nc1ccc(C(=O)Nc2ccc(Cl)c(C(=O)c3cnc(NC(C)=O)s3)c2)cc1,0.480415371,2.228517657,0.06,0.06,456.911,4.1966
O=C1NC(=O)c2c1c1c(c3[nH]c4ccccc4c31)CCCC2,0.732785442,2.882879848,0.67,0.17,290.322,2.9191
COc1cccc(-c2cnc(Nc3cccc4[nH]ncc34)[nH]2)c1,0.536889293,2.4063719,0.58,0.3,305.341,3.7052
O=C(Nc1ccccc1)c1cccnc1Nc1ccc(Nc2ccccc2)cc1,0.394184674,1.812398374,0.06,0.08,380.451,5.8211
CC(=O)c1ccc(-c2ccc(C(=O)Nc3ccc(CN4CCOCC4=O)cc3)cc2)cc1,0.598244965,2.064202712,0.02,0.02,428.488,4.1673
Cc1ccccc1-n1c(C)nc2ccc(O)cc2c1=O,0.736443416,1.971889147,0.04,0,266.3,2.70814
O=C(Nc1cc(C(O)=NCc2cnc[nH]2)nn1-c1ccccc1)c1cc(-c2ccccn2)c(F)cc1Cl,0.202888601,2.976650431,0.13,0.13,515.936,5.207
Nc1nc(NCCN2CCOCC2)nc(-c2ccc(Cl)cc2Cl)n1,0.834993298,2.339593339,0.17,0.01,369.256,2.1717
O=C(Nc1ccc2c(c1)CC(NCCO)C2)c1ccc(N2CCOCC2)cc1,0.711941382,2.663209115,0.03,0,381.476,1.8246
CCN(CC)C(=O)c1ccc(Nc2nnc(-c3ccccc3)o2)cc1,0.737478523,2.030876236,0.21,0.05,336.395,3.9622
CC(=O)Nc1ccc(CNc2nc(Nc3cc(N4CCOCC4)ccc3OC(F)F)ncc2Cl)cc1,0.368283085,2.582135601,0.36,0.31,518.952,4.8821
COc1cccc(-c2ccc3c(n2)-c2ccccc2NC3=O)c1,0.573692928,1.988866294,0.37,0.03,302.333,3.7519
Cc1cc(Nc2cc(Nc3ccccc3S(=O)(=O)C(C)C)c3ncccc3n2)[nH]n1,0.423757762,2.923608512,0.33,0.17,422.514,4.33062
COc1ccc(Nc2ncc(-c3ccccc3)n2-c2ccncc2)cc1,0.571711281,2.138250069,0.36,0.31,342.402,4.6865
CC(C)S(=O)(=O)c1ccccc1Nc1nc(Nc2ccc(N3CCOCC3)cc2)ncc1Cl,0.497356731,2.470141045,0.65,0.79,488.013,4.6359
CC(C)c1cccc2c1S(=O)(=O)c1ccccc1-2,0.667717854,2.422247118,0.03,0.01,258.342,3.6232
COc1ccc(Nc2nccc(Nc3ccccc3C(=O)O)n2)cc1,0.631706241,1.968555082,0.77,0.41,336.351,3.6706
COc1cccc(-c2[nH]c3ncccc3c2-c2ccncc2)c1,0.613512575,2.206873257,0.6,0.23,301.349,4.3005
O=C1NC(=O)C(=Cc2ccc(-c3ccccc3)cc2)S1,0.854122807,1.941004124,0.58,0.23,281.336,3.6775
COc1ccc(Cl)cc1Nc1nc(Nc2cccc(NC(=O)CN)c2)ncc1Cl,0.442128418,2.277773927,0.49,0.38,433.299,4.1764
COc1ccc(-n2nc(C(N)=O)c3c2-c2cc(NC(=O)c4ccccc4Cl)ccc2CC3)cc1,0.441247516,2.33600409,0.08,0.04,472.932,4.6511
Cc1ccc(-n2nc(C(C)(C)C)cc2NC(=O)Nc2ccc(Oc3ccnc(Nc4ccccc4)n3)cc2)cc1,0.20063181,2.503138054,0.44,0.25,533.636,7.44812
CN1CCC(c2ccc(Nc3nccc(-c4cnc(N)c(C(=O)O)c4)n3)cc2)CC1,0.592439349,2.463553818,0.63,0.52,404.474,3.3718
CN(C)CC(=O)Nc1ccc(-c2nc3cnccc3nc2Nc2ccc3ccccc3c2)cc1,0.376562373,2.403098575,0.27,0.15,448.53,5.0887
Cc1cc(-c2nc(-c3ccc(OC(F)(F)F)c(C)c3)n3c2CCOC(C)C3)ccn1,0.595798822,3.381677653,0.17,0.08,417.431,5.08874
COc1ccc(C(=O)C=Cc2ccc(O)c(O)c2)cc1,0.508915614,1.878645191,0.03,0.09,270.284,3.0025
CN(C)C1(C(=O)O)C(=O)C=C(c2cccc(-c3ccccc3)c2)C1,0.879292242,3.018170777,0.02,0.03,321.376,3.0948
COc1ccc(CNC(=O)Cn2c(=O)ccc3ccccc32)cc1,0.784103302,1.80541675,0,0.05,322.364,2.3265
O=C(O)c1cnc(N2CCc3ccc(-c4ccccc4)cc3C2)cc1,0.788216659,2.009754503,0.08,0.06,330.387,4.0095
COc1ccc(-n2cnc3ccccc32)cc1NC1=NCCO1,0.808022671,2.539380497,0.11,0.09,308.341,2.8322
Cc1ccc(-c2nc(Nc3ccc(N4CCNCC4)cc3)ncc2N)cc1,0.663121498,2.296348357,0.42,0.52,360.465,3.18742
CCC(C)(C)C(=O)CN1C(=O)C(NC(=O)Nc2cccc(C(F)(F)F)c2)C(=O)NC1=O,0.583289503,3.212087075,0.03,0,442.394,2.2792
Cc1ccc(Nc2nccc(Nc3ccccc3C(=O)O)n2)cc1,0.659138894,1.962881633,0.72,0.33,320.352,3.97042
COc1ccc(-n2nc(C(N)=O)c3c2-c2cc(NC(=O)c4ccccc4Cl)ccc2CC3)cc1,0.441247516,2.33600409,0.08,0.04,472.932,4.6511
CC(C)c1c(-c2ccccc2)c2ccc(OCCCCCCCCCCN3CCCCC3)cc2nc1Nc1ccccc1,0.134417185,2.581479974,0.29,0.18,577.857,10.7543
COc1ccc(C2=NNC(=O)C2=NNc2ccc(C(=O)O)cc2)cc1,0.71833647,2.435860337,0.72,0.04,338.323,1.6954
Cc1cnc(Nc2ccc(N3CCN(C)CC3)cc2)nc1Nc1ccc(CCN(C)C)cc1,0.540632874,2.33291473,0.61,0.47,445.615,4.12812
COc1ccc(-c2nn(-c3ccccc3)cc2N=C(O)c2cnn3cccnc23)cc1,0.345969062,2.678417482,0.2,0.09,410.437,4.2269
CCOc1ccc(C(=O)Nc2cccc(C(=O)O)c2)cc1Nc1ncnc2scnc12,0.394613953,2.407624188,0.26,0.07,435.465,4.1791
Nc1ncc(-c2ccccc2)nc1-c1ccncc1,0.756967789,1.998353064,0.63,0.19,248.289,2.7878
COc1ccc(CNc2ncc(Cl)c(Nc3cc(N4CCOCC4)ncc3Cl)n2)cc1,0.536602571,2.493892934,0.41,0.31,461.353,4.3793
Cn1c(=O)ccc2c(NC(=O)Nc3ccccc3)cccc21,0.761918909,1.825303577,0.05,0.05,293.326,3.1825
COc1ccc(-c2ccccc2)cc1N1CCC(N=C(O)c2ccc3[nH]nc(-c4ccncc4)n32)CC1,0.245535676,3.069783677,0.32,0.06,492.583,5.3736
Cc1cc(C(=O)Nc2ccc(-c3cccc4c(Nc5ccccc5)nc(N)nc34)cc2)no1,0.347574535,2.332765565,0.3,0.13,436.475,5.17132
O=C(Nc1ccc(Cl)cc1CN1CCOCC1)c1ccccc1Cl,0.88794945,1.886657553,0,0.02,365.26,4.0779
COc1ccc(-c2ccc3ncccc3c2)cc1Nc1nccc(-c2cnc3ccccn23)n1,0.364345788,2.527245677,0.58,0.39,444.498,5.7587
Cc1cccc(NC(=O)c2cccc(C(F)(F)F)c2)c1,0.87367519,1.59793146,0,0,279.261,4.26612
Cc1cccc(C(=O)Nc2cccc(C(C)(C)C)c2)c1Nc1ncnc2nc(Nc3ccccc3)ncc12,0.234917471,2.551087978,0.47,0.29,503.61,6.76522
CC(C)c1c(-c2ccccc2)c2ccccc2n1-c1ccccc1,0.411149239,1.926480496,0.07,0,311.428,6.4209
CN(C)c1cccc(Nc2cnc3[nH]ccc3n2)c1,0.753260659,2.465457335,0.38,0.29,253.309,2.7675
Cc1cc2ccccc2nc1N=C(O)c1cnn2cccnc12,0.455484552,2.81284471,0.11,0.14,303.325,3.22222
CC(C)c1cccc(C(C)C)c1NC(=O)Nc1ccc(-c2cccc3cnccc23)cc1,0.344033692,2.21704323,0.51,0.26,423.56,7.7926
COc1ccc(CC(=O)O)cc1-c1cccc2c1CN(c1ccc(C(C)=O)cc1)C2=O,0.605254188,2.301302643,0.01,0,415.445,4.3523
CN(C)c1ccc(Nc2nccc(Nc3cccc(C(F)(F)F)n3)n2)cc1,0.688163383,2.415503897,0.6,0.45,374.37,4.4436
COc1cc2c(Nc3cccc(NC(=O)c4cccc(NC(C)=O)c4)n3)ccnc2cc1OCCCN1CCOCC1,0.220098951,2.642049394,0.24,0.24,570.65,4.6938
CC(=O)c1ccc(Nc2nc(Nc3ccccc3)nc(N3CCCCC3)n2)cc1,0.599356529,2.101477048,0,0.02,388.475,4.5517
COc1cc(CC(=O)O)ccc1-c1ccc(F)c2c1CN(C(=O)C=Cc1ccc(F)cc1)CC2,0.530213725,2.528769554,0.03,0,463.48,4.8656
CN1CCN(c2ccc(C(=O)Nc3cc(-c4cccc(CNC(=O)c5ccccc5)c4)n[nH]3)cc2)CC1,0.361041484,2.379573868,0.26,0.11,494.599,4.0108
COc1cc(Nc2nccc(-c3cnc(Nc4ccccc4)nc3)n2)cc(OC)c1OC,0.419553801,2.331787549,0.83,0.56,430.468,4.4466
CC(C)(C)C(=O)Nc1cccc(-c2n[nH]c3ccc(-c4n[nH]c(=N)o4)cc23)c1,0.435307038,2.868862072,0.36,0.22,376.42,3.67707
COc1ccc(CN=c2[nH]c(N3CCCCCC3)nc3c2ncn3C2CCOCC2)cc1,0.661001893,2.965375184,0.14,0,436.56,3.6008
CC(C)C(=O)Nc1ccc(-c2noc(C(F)(F)F)n2)cc1,0.943348765,2.15090273,0.12,0.02,299.252,3.3499
CC(C)c1cc(-c2ccccc2)cc(-c2ccc(O)c(F)c2)n1,0.704032635,2.06410782,0.17,0.03,307.368,5.3837
COc1ccc(-c2nc(-c3cccc4ccccc34)no2)cc1NC(=O)OCCN1CCOCC1,0.41960708,2.392723323,0.09,0.04,474.517,4.4461
CN(C)CCCC(=O)Nc1ccc2ncnc(Nc3cccc(Br)c3)c2c1,0.583375938,2.167253834,0.68,0.15,428.334,4.4162
COc1ccc(-c2noc(C(F)(F)F)n2)cc1,0.814467234,2.031932703,0.03,0.01,244.172,2.764
COc1ccc(C(=O)Nc2cccc(Nc3nccc(-c4cccnc4)n3)c2)cc1OC,0.446339622,2.113162735,0.63,0.44,427.464,4.5517
O=C(O)c1ccc(CNc2nc(NC3CCCCC3)c3ccccc3n2)cc1,0.578712645,2.08914488,0.22,0.04,376.46,4.6847
Cc1cc(Nc2nccc(-c3cnc4ccccc4c3)n2)ccn1,0.615642751,2.235922728,0.77,0.57,313.364,4.13882
COc1ccc(-c2nnc(Nc3ccccc3)o2)cc1,0.783664938,1.796725704,0.89,0.05,267.288,3.4888
O=C(Nc1ccc(Cl)cc1)c1ccc(-c2ncccc2Cl)cc1,0.700394752,1.683206906,0.1,0.06,343.213,5.3077
Cc1cccc(Cl)c1Nc1nc2ccc(N3CCOCC3)cc2n2cncc12,0.557864629,2.559863455,0.14,0.11,393.878,4.42452
CC(C)c1ccccc1N1CCN(C(=O)CCC(=O)c2ccc(F)cc2)CC1,0.701116373,1.99507512,0.01,0,382.479,4.2608
CC(=O)Nc1ccc(Nc2nccc(Nc3cc(C(=O)O)cc(C(F)(F)F)c3)n2)cc1,0.449317416,2.326596727,0.45,0.38,431.374,4.6392
Cc1cccc(-c2nc(N)c3cnn(C4CCOCC4)c3n2)c1,0.787145991,2.488146202,0.22,0.03,309.373,2.73542
CCNC(=O)c1ccc(-c2ccc(C(=O)Nc3ccc(C(=N)N)cc3)cc2)cc1,0.383550343,1.836169424,0.04,0.02,386.455,3.63967
O=C1NC(=O)C(=Cc2ccc(-c3ccccc3)cc2)S1,0.854122807,1.941004124,0.58,0.23,281.336,3.6775
COc1ccccc1Nc1cccc(Nc2ccc(N3CCOCC3)cc2)n1,0.664396088,2.093562874,0.06,0.25,376.46,4.414
CC(=O)Nc1ccc(-c2nc(-c3cccc4ccccc34)[nH]c2-c2ccncc2)cc1,0.390682962,2.21655848,0.31,0.19,404.473,5.9173
CC(C)CC(N)C(=O)NC1C(=O)N2C(CCC1C#N)c1cccc3cccc1c23,0.82533848,5.306222882,0.03,0.03,390.487,2.60378
COc1cc(C(=O)NC(=N)Nc2ccc(C)c(Cl)c2)ccc1O,0.512426867,2.295748564,0,0.01,333.775,3.13929
COc1cccc(-n2ncc3ccccc32)c1NC(=O)c1ccc(N2CCCCC2=O)cc1,0.483517408,2.384352584,0.03,0.1,440.503,4.8033
N#Cc1ccc(-c2nc(Nc3ccccc3)nc(NC3CCCCC3)n2)cc1,0.664260267,2.208280761,0.36,0.25,370.46,4.89848
CCN(C)CC(=O)c1ccc(N2CCN(C(=O)c3ccc(C)cc3)CC2)nc1,0.720928333,2.150665578,0.04,0.02,380.492,2.48682
Cc1ccc(-c2ccc3c(c2)Nc2ccccc2NC3=O)cc1,0.665794535,2.00465091,0.7,0.07,300.361,4.97132
COc1ccc(-c2nc(-c3ccncc3)c(-c3ccc(C)cc3)[nH]2)cc1,0.560152142,2.033577263,0.5,0.2,341.414,5.12272
COc1ccc(C(=O)Nc2cccc(C(=O)O)c2)cc1Nc1nccc(C(F)(F)F)n1,0.535046243,2.206945027,0.28,0.36,432.358,4.1981
Cn1cc(-c2ccc3nccc(Nc4ccc(N5CCCC5)cn4)c3c2)cn1,0.577842083,2.436058332,0.32,0.37,370.46,4.3741
Cc1ccc(Nc2ccc(-c3cccc(Cl)c3)n2-c2ccncc2)cc1,0.466715155,2.285610056,0.21,0.11,359.86,6.24472
COc1ccc(-c2nc(-c3ccc(OC)cc3)c(-c3ccncc3)[nH]2)cc1,0.556039179,2.041459944,0.77,0.29,357.413,4.8229
Nc1ncc(-c2ccc(-c3ccccc3S(=O)(=O)N3CCCCC3)cc2F)cn1,0.705663032,2.309209314,0.17,0.1,412.49,3.7065
CC(C)COc1ccc(-c2nc(-c3ccc4c(c3)CCN4CC(N)=O)cnn2)cc1,0.651464313,2.521392101,0.1,0.08,403.486,3.0882
Cc1nc(N)ccc1CNC(=O)c1ccc(Nc2cccc3c2OCCO3)c(F)c1,0.597205193,2.491489238,0.09,0.11,408.433,3.55612
Fc1ccc(Nc2nccc(-c3cnc4ccccc4c3)n2)cc1,0.601112879,1.983552197,0.83,0.74,316.339,4.5745
COc1cccc(-c2cnc(Nc3ccc(N4CCOCC4)cc3)o2)c1,0.751500391,2.190025693,0.37,0.53,351.406,3.9304
COc1ccc(-c2nc(C(=O)Nc3cnccc3N3CCC(C)CC(N)C3)ccc2Cl)cc1,0.57059831,3.220047234,0.27,0.04,465.985,4.6215
Cc1cc(-c2ccccc2)nn1-c1ccccc1N1CCNCC1,0.804527186,2.142053606,0.07,0,318.424,3.25732
COc1ccc(-n2nc(C(C)(C)C)cc2NC(=O)Nc2ccc(Oc3ccnc(Nc4ccccc4)n3)cc2)cc1,0.188248468,2.520547113,0.46,0.28,549.635,7.1483
CNc1cc(Nc2cc(NC3CCOCC3)n3ncc(C#N)c3n2)ccc1C(=O)NCC1CC1,0.403660289,2.925811077,0.39,0.19,460.542,3.11698
O=C1NC(=O)c2c1c1c3ccccc3[nH]c1c1[nH]c3ccccc3c21,0.378291686,2.491998971,0.88,0.38,325.327,3.8392
O=C(Nc1ccc2c(c1)C=CC(=O)N2)c1ccccc1,0.747247103,1.669239933,0.05,0.01,264.284,2.7804
O=C(O)c1cccc(-c2cccc3cc(Nc4ccccc4)ccc23)c1,0.482944264,1.792313498,0.18,0.26,339.394,5.9486
O=C1NC(=O)C(=Cc2ccc(-c3ccccc3Cl)cc2)S1,0.838937599,2.072025928,0.55,0.22,315.781,4.3309
CC(=O)c1ccc(CNc2nc(Nc3ccccc3)ncc2-c2nc3ccccc3s2)cc1,0.282265944,2.302673242,0.52,0.2,451.555,6.3116
CN(C)C(=O)c1cccc(-c2ccc3c(c2)CCCN3C(=N)O)c1,0.65803007,2.368728097,0.04,0.02,323.396,3.30077
COc1ccc(-c2nc(Nc3ccccc3)nc(NC(C)C)n2)cc1,0.706136585,2.019887775,0.13,0.15,335.411,4.1111
CNc1ncccc1Nc1cc(Nc2ccc(N3CCOCC3)cc2)ncc1Cl,0.552183017,2.50163741,0.25,0.59,410.909,4.4955
COc1ccc(-c2nc(-c3ccccc3)n(-c3ccc(Cl)cc3)n2)cc1,0.497216242,1.847701757,0.07,0.04,361.832,5.2633
Cc1ccc(NC(=O)Nc2ccc(-c3cncc4[nH]nc(N)c34)cc2)cc1,0.44074002,2.256262057,0.73,0.18,358.405,4.15952
COc1ccc(C(=O)Nc2cccc(C(F)(F)F)c2)cc1Nc1ncnc2scnc12,0.443871701,2.448263144,0.28,0.14,445.426,5.1096
CN(C)c1ccc(C(=O)Nc2cccc(CNc3nccc(Nc4ccccc4S(=O)(=O)C(C)C)n3)c2)cc1,0.245255874,2.532412937,0.39,0.23,544.681,5.3327
COc1ccc(C(=O)Nc2ccc(Cl)c(C(F)(F)F)c2)cc1OCCOc1ccccc1,0.409677516,2.008083281,0.02,0.02,465.855,6.0775
CC(C)C(=O)Nc1ccc(-c2cnc(N)c(-c3ccc(N4CCOCC4)cc3)n2)cc1,0.65545763,2.2712878,0.45,0.14,417.513,3.8239
CN(C)CC=CC(=O)Nc1cc2c(Nc3ccc(F)c(Cl)c3)ncnc2cc1OCCCN1CC=CCC1,0.195822756,2.999041542,0.33,0.5,539.055,5.253
COc1ccc(C(=O)C2C=C(c3ccccc3)CC2=O)cc1,0.639099252,2.727408846,0.06,0.02,292.334,3.5505
CC(=O)Nc1ccc(Cc2nnc(O)c3c2CCCC3)cc1,0.912868241,2.46542006,0.02,0.01,297.358,2.6102
CN(C)CC=CC(=O)Nc1cc2c(Nc3ccc4ccccc4c3)ncnc2cn1,0.478225649,2.576940346,0.43,0.39,398.47,3.9779
O=C1NC(=O)C(=Cc2ccc(-c3ccccc3)cc2)S1,0.854122807,1.941004124,0.58,0.23,281.336,3.6775
COc1cccc(NC(=O)Nc2ccc(-c3cncc4ccncc34)cc2)c1,0.532870624,2.108553136,0.49,0.17,370.412,4.9494
COc1ccc(CC(=O)O)cc1-c1ccc(F)c2c1CN(C(=O)CC1CCc3ccccc31)CC2,0.538875085,3.05298898,0.01,0.02,473.544,5.1332
COc1ccc(C(=O)Nc2ccccc2C(=O)Nc2ccc(Cl)c(C(F)(F)F)c2)cc1OC,0.463568026,2.000273336,0.03,0.06,478.854,5.8806
COc1ccc(Nc2ncc(C(=O)Nc3ccccc3)cc2-c2nc(C)nc(N)n2)cc1,0.423526131,2.290253214,0.26,0.16,427.468,3.82872
O=C1NC(=O)C(=Cc2ccc(-c3cccc([N+](=O)[O-])c3)o2)C1=O,0.228715886,2.480744581,0.34,0.23,312.237,1.4637
Cc1cccc(-c2nc(N)c3ccccc3n2)c1,0.704351446,1.773467793,0.09,0.01,235.29,3.18742
CN(C)C(=O)C(c1ccc(-c2ccc(F)cc2)cc1)C(N)=O,0.879385871,2.472018736,0.1,0.01,300.333,2.1498
COc1ccc(-c2ccc3c(c2)Nc2ccccc2NC3=O)cc1,0.722008455,2.006317419,0.79,0.06,316.36,4.6715
O=C(NCc1ccc(F)cc1)C1=NNC(=O)C1=Cc1cccnc1,0.834154971,2.558208055,0.15,0.07,324.315,1.4063
O=C(NC1CCC(CCN2CCC(c3cccc4c3OCO4)CC2)CC1)c1ccc(Cl)cc1,0.596752974,2.41779616,0,0.03,469.025,5.627
COc1ccc(CCNc2ccc(-c3ccnc4c(C(N)=O)cccc34)cn2)cc1,0.489949614,2.214226818,0.3,0.15,398.466,4.0589
COc1ccc(C(=O)Nc2cccc(C(F)(F)F)c2)cc1Nc1ncnc2cnc(N3CCOCC3)nc12,0.380724775,2.615321429,0.26,0.25,525.491,4.2797
COc1ccc(C(=O)Nc2cccc(Nc3nccc(-c4ccccn4)n3)c2)cc1,0.496406066,2.021919837,0.58,0.28,397.438,4.5431
CCOC(=O)c1ccc(-c2ccc3ncnc(Nc4cccc(OC(C)=O)c4)c3c2)[nH]1,0.35272378,2.500978379,0.37,0.08,416.437,4.4705
O=C1NC(=O)C(=Cc2ccc(-c3ccc(O)c(Cl)c3)cc2)O1,0.833562738,2.432588618,0.5,0.16,315.712,3.3199
CN1CCN(S(=O)(=O)c2ccc(NC(=O)Nc3ccc(-c4cnc(N)cc4)cc3)cc2)CC1,0.531733418,2.182456266,0.42,0.11,466.567,2.9109
COc1ccc(-c2nc(Nc3ccccc3)nc(N)n2)cc1,0.768943692,1.845301001,0.17,0.12,293.33,2.873
COc1ccc(-c2ccc(C(=O)NC(C)CC(=O)O)cc2)cc1,0.859473147,2.108341882,0.03,0.01,313.353,2.9552
COc1ccc(-c2ocnc2C(=O)Nc2ccc(-c3cccc4c(N)nccc43)cc2)cc1,0.382330085,2.358385276,0.52,0.1,436.471,5.3999
O=C(Nc1ccc(Cl)cc1)c1ccc(-c2noc(-c3ccccc3)n2)cc1,0.524521781,1.745634238,0.03,0,375.815,5.3093
Cc1ccc(-n2nc(C(C)(C)C)cc2NC(=O)Nc2ccc(Oc3ccnc4[nH]ccc34)cc2)cc1,0.257929388,2.540796094,0.24,0.15,480.572,6.79082
COc1ccc(-c2nc(-c3ccncc3)c(-c3ccc(C)cc3)o2)cc1,0.498905121,2.024493457,0.26,0.02,342.398,5.38762
CN(C)C(=O)c1ccc(-c2ccc3c(c2)C=C(c2ccccc2C(=O)O)CC3)cc1,0.654905286,2.33377539,0.06,0.04,397.474,5.2404
O=C1NC(=O)C(c2cn(C3CCOCC3)c3cc(-c4ccccc4)[nH]c23)C1,0.70219668,3.321208585,0.17,0.05,363.417,3.118
COc1ccccc1Nc1nccc(-c2cnc3[nH]cc(C)c3n2)c1,0.589130026,2.451260931,0.5,0.63,331.379,4.08052
CCN(CC)CCOc1ccc(Nc2nccc(Nc3ccccc3)n2)cc1,0.534657258,2.107421804,0.63,0.32,377.492,4.6844
COc1ccc(C=C2SC(=S)N(CC(=O)O)C2=O)cc1,0.67747846,2.047762788,0,0.08,309.368,1.981
CC(=O)NC(C)c1ccc(OC2CCN(c3cccc(Cl)c3)C2)cc1,0.870686012,2.769962356,0,0.01,358.869,4.1948
CN(C)C(=O)c1cc2cnc(Nc3ccc(N4CCOCC4)cc3)nc2n1C1CCCC1,0.657869995,2.567873405,0.44,0.65,434.544,3.8284
COc1ccc(CNc2ccccc2C(=O)Nc2ccc(-n3cnc4cc(C#N)ccc43)cc2)cc1,0.31307488,2.27179623,0.18,0.09,473.536,5.77018
O=C1NC(=O)c2c1c(-c1ccccc1O)cc1[nH]c3ccccc3c21,0.467131466,2.437058928,0.8,0.18,328.327,3.5773
Cc1ccc(Nc2nccc(-c3cnc(N4CCCC4)c(N)c3)n2)cc1,0.748366199,2.28235621,0.6,0.49,346.438,3.77302
CC(C)Nc1nc(Nc2ccc(N3CCOCC3)cc2NC(=O)Cc2ccccc2)no1,0.491542,2.599329484,0.05,0.14,436.516,3.6513
COc1cc(Nc2c(C#N)cnc3cc(-c4ccccc4)c(Cl)cc23)ccc1Cl,0.393080408,2.292098471,0.26,0.42,420.299,6.83248
O=C1NC(=O)C(c2cnc3ccccc3c2)=C1c1cnccc1Cl,0.730891676,2.469207386,0.73,0.28,335.75,2.8504
COc1cccc(-c2ccccc2)c1NC(=O)c1ccc(Nc2ccccc2)cc1,0.400089976,1.844608823,0.08,0.11,394.474,6.3581
CC(C)=CCC(=O)Nc1ccc2ncnc(Nc3cccc(Br)c3)c2c1,0.549694765,2.363990612,0.63,0.13,411.303,5.4307
Cc1ccc(-c2nc(N)c3cc(-c4ccccc4)oc3n2)cc1,0.593878962,2.167308085,0.15,0,301.349,4.44742
COc1ccc(Nc2ncc(C(N)=O)nc2-c2ccc3ccccc3c2)cc1,0.550753578,2.175978485,0.38,0.4,370.412,4.1479
O=C(C=Cc1ccc(Cl)cc1)NN=C1C(=O)Nc2ccc(Br)cc21,0.606132289,2.599386876,0.44,0.14,404.651,3.5883
COc1ccc(C=NNc2nc(NC3CCCCC3)c3ccccc3n2)cc1OC,0.432520974,2.278833648,0.23,0.07,405.502,4.8376
CNc1ccc(-c2cnc3cccc(Nc4ccccc4)nc32)cc1,0.551837174,2.119658721,0.37,0.41,326.403,5.0337
Cc1cc(-c2noc(-c3ccc(CN4CC(C)CC4C(=O)O)cc3)n2)ccc1OC,0.660158222,3.035065272,0.04,0,407.47,4.01562
COc1ccc(Nc2ncc(C(=O)Nc3ccccc3N3CCNCC3)nn2)cc1,0.573860193,2.352954627,0.41,0.35,405.462,2.2857
CC(=O)c1cnc2ccc(-c3ccc(Cl)c(Cl)c3)nc2n1,0.664505597,2.32364336,0.17,0.2,318.163,4.2012
COc1ccc(-c2ccc3c(c2)Nc2ccccc2NC3=O)cc1OC,0.722810446,2.099171643,0.84,0.08,346.386,4.6801
COc1ccc(-c2ccc(C(=O)Nc3ccc(CN4CCNCC4=O)cn3)cc2)cc1,0.645608374,2.201856011,0.18,0.09,416.481,2.9413
CN(C)CCCOc1ccc2c(c1)C(=O)c1cccc3ccnc-2c13,0.521741077,2.306358928,0.16,0.04,332.403,3.7767
O=C1NC(=O)C(=Cc2ccc(-c3ccccc3)cc2)S1,0.854122807,1.941004124,0.58,0.23,281.336,3.6775
COc1ccc(CNc2nnc(N3CCC(C)CC3)o2)cc1,0.915938729,2.34556903,0.03,0,302.378,2.9266
COc1ccc(-n2ccc3ccccc32)cc1NC(=O)c1ccc(N2CCCCC2)cc1,0.434185178,2.114547667,0.02,0.03,425.532,5.8817
COc1ccc(-n2nc(C(N)=O)c3c2-c2cc(NC(=O)c4ccccc4)ccc2CC3)cc1,0.49199066,2.254807847,0.08,0.01,438.487,3.9977
COc1ccc(Nc2nccc(Nc3ccccc3C(=O)O)n2)cc1,0.631706241,1.968555082,0.77,0.41,336.351,3.6706
COc1ccc(-c2ccc3c(c2)ncn3-c2cccc(NC(=O)C=Cc3ccccn3)c2)cc1OC,0.302434837,2.454032714,0.08,0.05,476.536,5.7566
COc1ccc(CNC(=O)c2cc(-c3ccc(Cl)cc3)n(-c3ccccc3)n2)cc1OC,0.425724885,2.040402378,0.05,0.01,447.922,5.1399
Cc1ccc(-c2noc(-c3ccccc3)n2)cc1,0.680413958,1.584915281,0,0,236.274,3.71202
COc1ccc(Nc2nc(-c3ccccc3)nc(NCCCO)n2)cc1,0.537110671,2.055144469,0.15,0.09,351.41,3.0851
COc1ccc(-c2cccc(C(=O)O)c2)cc1,0.877710205,1.38578389,0.01,0.03,228.247,3.0604
CC(C)c1cccc(C(C)C)c1NC(=O)Nc1ccc(Oc2ccnc3[nH]ccc23)c(F)c1,0.28892433,2.52696313,0.22,0.17,446.526,7.3851
Cc1nc(N)nc(-c2cccnc2Nc2cccc(OC(F)F)c2)n1,0.733189844,2.463324476,0.19,0.15,344.325,3.16922
O=C(NCCN1CCCCC1)c1cccc(-c2n[nH]c3ccc(-c4ncn[nH]4)cc23)c1,0.448671169,2.509765242,0.36,0.21,415.501,3.2307
N#Cc1ccc(-c2ccc(C(=O)Nc3ccc(N4CCCCC4=O)cc3)cc2)cc1,0.675943485,1.961529736,0.05,0.03,395.462,4.99448
O=C(NC1CCC(CCN2CCC(c3c[nH]c4ccccc34)CC2)CC1)c1ccccc1,0.525917946,2.244749921,0.05,0.03,429.608,5.7262
CCCCCCCCCCCCCCCCCC(=O)Oc1ccc(C(=O)Nc2cncc(C(=O)O)c2)cc1,0.102698385,2.344472876,0.01,0,524.702,8.199
Cc1ccc(-c2n[nH]c3ccc(-c4ncn[nH]4)cc23)cc1,0.5892336,2.316191759,0.45,0.16,275.315,3.32342
CN(C)CCOc1ccc(C=C2SC(=O)NC2=O)cc1,0.840641143,2.232857004,0.34,0.19,292.36,1.9509
COc1ccc(-c2nc(Nc3ccccc3)n(-c3ccccc3)n2)cc1,0.571711281,1.952851867,0.15,0.26,342.402,4.6865
COc1ccc(-c2nc(SCC(=O)Nc3ccccc3)c3c(n2)-c2ccccc2C3=O)cc1,0.284766073,2.260680468,0.03,0.02,453.523,5.0944
CC(=O)Nc1nc(C(=O)NCc2ccc(F)cc2)c(O)c(=O)n1-c1ccc(Cl)cc1Cl,0.535575787,2.480175197,0.07,0.03,465.268,3.2724
O=C(Nc1ccc(NC(=O)c2ccccc2)cc1)c1ccccc1-c1ccccc1,0.446971306,1.605510921,0.02,0.03,392.458,5.8582
CC(=O)c1ccc(Nc2nc(N3CCCCCCC3)nc3[nH]ccc23)cc1,0.658775354,2.325453323,0.2,0.11,363.465,4.6746
CC(=O)Nc1ccc(Oc2nc(Nc3ccccc3)ncn2)cc1,0.748751122,2.017989727,0.34,0.24,321.34,3.3659
COc1ccc(-c2ccc3nccc(Nc4cccc(N5CCOCC5)c4)c3n2)cc1,0.503876816,2.250036981,0.27,0.22,412.493,4.8856
O=C(Nc1cccc(-c2nnc3n2-c2cccnc2Nc2ccccc2-3)c1)c1ccccc1,0.397691812,2.352864122,0.2,0.05,430.471,5.3056
CN(C)c1nc(Nc2ccc(C(=O)Nc3ccccc3N)cc2)ncc1C(F)(F)F,0.541272999,2.352823616,0.58,0.46,416.407,4.1395
CC(C)C(NC(=O)Cn1c(-c2ccccc2)ccc(NC(=O)C(C)(C)C)c1=O)C(=O)c1ccccc1,0.456567145,2.868093747,0.01,0.03,487.6,4.5236
O=C1Nc2ccccc2-c2nnc3ccccc3c21,0.48581442,2.098547295,0.27,0.03,247.257,2.6245
COc1ccc(Nc2ncc(C(=O)Nc3ccccc3C(=O)O)cc2)cc1,0.616069646,1.839378709,0.14,0.27,363.373,3.7843
N#Cc1ccc(-c2cccc(C(=O)Nc3ccc(N4CCCCC4=O)cc3)n2)cc1,0.708604209,2.152676685,0.14,0.02,396.45,4.38948
O=C1NC(=O)c2c1c(-c1ccccc1Cl)cc1[nH]c3ccccc3c21,0.49747784,2.365535852,0.81,0.2,346.773,4.5251
COc1ccc(-c2ccccc2CNc2ccc(C(=O)Nc3cnccc3N3CCC(C)CC3)nc2)cc1,0.293360674,2.451508108,0.22,0.07,507.638,6.2529
COc1ccc(-c2nc(C(=O)Nc3ccc(OC(F)(F)F)cc3)cc(N3CCOCC3)n2)cc1,0.574814169,2.326614399,0.02,0.04,474.439,4.1397
CC(=O)c1ccc(-c2cccc(CN3CCC(c4ccccc4)CC3)c2)cc1,0.519104355,1.836731184,0.01,0,369.508,5.9358
CC(=O)Nc1ccc(-c2nc(N3CCOCC3)c3cccnc3n2)cc1,0.782434203,2.20225621,0.11,0.07,349.394,2.4868
O=C1NC(=O)c2c1c1c3ccccc3[nH]c1c1[nH]c3ccccc3c21,0.378291686,2.491998971,0.88,0.38,325.327,3.8392
CC(=O)c1cnc2ccc(-c3ccccc3)cc2n1,0.651746386,1.887851181,0.13,0.18,248.285,3.4994
O=C(Nc1nc2ccccc2s1)c1ccc(-c2nnc(C(F)(F)F)o2)cc1,0.552195172,2.234616272,0.1,0,390.346,4.6174
COc1ccc(C=CC(=O)C=Cc2ccc(OC)cc2)cc1,0.755405006,1.934211269,0,0,294.35,3.9995
CN(C)c1ccc(C(=O)Nc2ccc3c(c2)-c2c(c(C(N)=O)nn2-c2ccc(S(C)(=O)=O)cc2)CC3)cc1,0.393844482,2.55892842,0.08,0.03,529.622,3.4586
Cc1ccc(-c2cccc(Nc3ccc(N4CCOCC4)cc3)n2)cc1,0.74752923,1.953083835,0.07,0.19,345.446,4.63722
CC(C)(C)OC(=O)N1CCC(CC#N)(n2cc(C(=N)O)c(Nc3ccc(C(F)(F)F)cc3)n2)CC1,0.390416437,3.272051391,0.07,0.04,492.502,5.16875
N#Cc1ccc(Nc2nc(NC3CCCCC3)c3ncccc3n2)cc1,0.730006292,2.307696423,0.36,0.16,344.422,4.38468
CN(C)CCN(C)c1ccc(-c2ccc3cnccc3c2)cc1,0.712469462,2.110763549,0.42,0.19,305.425,3.8996
Cc1ccc(NC(=O)C(C)c2c(C)n[nH]c2C)cc1,0.88738175,2.594660003,0.13,0.03,257.337,3.07716
CC(C)c1ccc(Nc2nc(-c3ccccc3)nc3sccc23)cc1,0.476550917,2.064934271,0.17,0.14,345.471,6.2253
CS(=O)(=O)c1ccc(-c2cnc(Nc3ccc(N4CCOCC4)cc3)o2)cc1,0.70433481,2.287443442,0.36,0.4,399.472,3.3253
O=C(Nc1ccc(C(=O)Nc2ccccc2Nc2cccc3ccncc23)cc1)c1ccccc1F,0.257121984,2.150631835,0.2,0.34,476.511,6.6221
O=C1NC(=O)C(=Cc2ccc(-c3ccc(C(F)(F)F)cc3)cc2)S1,0.79985319,2.173282402,0.49,0.31,349.333,4.6963
COc1ccc(NC(=O)Nc2ccc(-c3ccnc4[nH]ncc34)cc2)cc1,0.507085695,2.084894803,0.7,0.24,359.389,4.2775
CCN(CC)C(=O)c1ccc(C(=C2CCN(Cc3ccccc3)CC2)c2ccccc2)cc1,0.434186419,2.20456893,0.01,0,438.615,6.2665
O=C(Cc1ccc(O)c(O)c1)Nc1ccccc1Cl,0.755653781,1.729075649,0.07,0.01,277.707,2.9324
COc1ccc(-c2ccc(C(=O)NC(C)C)cc2)cc1,0.922173405,1.459452883,0.02,0.01,269.344,3.5004
Cc1cc(-c2cccc(Cl)c2)nc(Nc2ccc(N3CCOCC3)cc2)n1,0.711383725,2.099277276,0.18,0.15,380.879,4.68562
COc1ccc(-c2nc(-c3cccc4ccccc34)oc2N)cc1OC,0.576668105,2.178423336,0.14,0.02,346.386,4.7612
CC(=O)Nc1ccc(-c2cc3cnc(Nc4ccc(N5CCOCC5)cc4)ccc3n2)cc1,0.465630341,2.288358888,0.22,0.47,439.519,4.787
COc1ccc(C(=O)Nc2ccc3c(c2)-c2c(c(C(N)=O)nn2-c2ccc(S(C)(=O)=O)cc2)CC3)cc1OC,0.361639392,2.528700424,0.1,0.06,546.605,3.4098
O=C1CCc2ccc(Nc3ncc(Cl)c(Nc4ccccc4)n3)cc2N1,0.633940325,2.290549125,0.66,0.51,365.824,4.5019
COc1ccc(CNc2nc(Nc3cc(O)cc(N4CCOCC4)c3)ncc2OC)cc1,0.489414235,2.467527499,0.48,0.22,437.5,3.3917
CN(C(=O)C(C)(C)c1cc(C(F)(F)F)cc(C(F)(F)F)c1)C(=O)c1ccc(N2CCCC2)c(N2CCCC2)c1,0.395359192,2.908999204,0.02,0,555.563,6.501
COc1ccc(-c2nc(-c3ccc4c(c3)CCC4=O)on2)cc1,0.740186658,2.082067442,0.11,0.01,306.321,3.5411
O=C(Nc1cnccc1N1CCC(O)CC1)c1ccccc1F,0.91286492,2.077079633,0.12,0.05,315.348,2.4341
COc1ccc(-n2nc(C(C)(C)C)cc2NC(=O)Nc2ccc(Oc3ccnc4[nH]ccc34)cc2)cc1,0.249080665,2.550972271,0.28,0.19,496.571,6.491
O=C(Nc1ccc(C2=NCC(=O)N3CCc4cc(Cl)ccc43)cc2NC1=O)c1ccccc1,0.737624868,3.87002173,0.19,0.01,458.905,2.9377
CCOc1ccc(CNc2nc(NCCCCCC(=O)O)nc3ccccc23)cc1,0.373890449,2.128205598,0.22,0.02,408.502,4.6975
CC(=O)Nc1ccc(Oc2ccc(-c3cc(C(=O)O)cnc3C)cc2)cc1,0.697221696,1.981437905,0.19,0.19,362.385,4.50592
Cc1cc(-c2ccc3c(c2)Nc2ccccc2NC3=O)ccn1,0.701609445,2.258475709,0.86,0.15,301.349,4.36632
O=C(NC1CCC(CNc2nc3ccccc3s2)CC1)c1ccc(-c2ccccc2)cc1,0.365782757,2.100137775,0.03,0.03,441.6,6.364
CC(C)c1ccc(NC(=O)Nc2ccc(Oc3ccnc(Nc4cccc(C(C)=O)c4)c3)cc2)cc1,0.22599625,2.225205952,0.18,0.26,480.568,7.5875
CC(C)C1NC(=O)C(Cc2ccccc2)NC(=O)C2(CCCC2)NC1=O,0.761901803,4.143809213,0.12,0.03,357.454,1.2973
COc1ccc(-c2ccccc2)cc1C#N,0.760261298,1.598629412,0,0.02,209.248,3.23388
CCN(CC)CCCC(=O)c1cccc(C(=O)Nc2cccc(C(F)(F)F)c2)c1,0.577940089,2.088485691,0.02,0,406.448,5.2624
CN(C)c1ccc(-c2nc(-c3ccc(C#N)cc3)c(-c3ccc(Cl)cc3)[nH]2)cc1,0.458156186,2.217666219,0.31,0.12,398.897,6.00178
CN1CCC(N=C(O)c2ccc(NC(=O)c3cccc(-c4ccccc4)n3)cc2)CC1,0.479173049,2.395068319,0.09,0.02,414.509,4.3997
O=C1Nc2ccc(C(=O)O)cc2C1=Cc1ccc(-c2ccc(F)cc2)nn1,0.697062079,2.436403285,0.47,0.21,361.332,3.4736
Cn1cnc2cc(-c3ccccc3)c(NC3CCC(N)CC3)nc21,0.776300814,2.510074123,0.4,0.15,321.428,3.3171
COc1ccc(C(=O)Nc2cccc(C(F)(F)F)c2)cc1Nc1ncnc2cnc(N3CCCCCC3)nc12,0.316932979,2.596109133,0.25,0.19,537.546,5.8235
O=C1NC(=O)c2c1c1c(n2Cc2ccccc2)CCCC1,0.858146967,2.462537441,0.2,0.06,280.327,2.2988
Cc1ccc(-c2nc(C(=O)Nc3ccccc3CNC(=O)Cn3cc(C(C)(C)C)nc3C(N)=O)sc2C)cc1,0.298546293,2.885111468,0.06,0.04,544.681,4.58854
COc1ccc(C=NNc2nc3ccccc3n2CCN2CCCCC2)cc1,0.499864909,2.19755583,0.02,0.02,377.492,3.9768
CN1CCC(c2ccc(Nc3ncc(C(F)(F)F)c(Nc4ccccc4)n3)cc2)CC1,0.539674279,2.336624533,0.74,0.43,427.474,5.7918
CC(=O)Nc1cc(OC)cc(Nc2nccc(-c3cnc4ccccn34)n2)c1,0.555286181,2.447957972,0.6,0.36,374.404,3.5019
CC(=O)Nc1nc2ccc(-c3cnc(N)c(OC4CCOC4)n3)cc2[nH]1,0.650602618,3.213823022,0.45,0.16,354.37,1.7282
O=C1Nc2ccc(Br)cc2C(=O)c2cc([N+](=O)[O-])ccc21,0.541037306,2.19526378,0.29,0.1,347.124,2.7122
COc1cc(N)c(Cl)cc1C(=O)OCCN1CCC(C#N)CC1,0.654905055,2.477140254,0.04,0.03,337.807,2.32318
Cc1ccc(-c2nc(-c3ccc(S(N)(=O)=O)cc3)oc2-c2ccc(C(=O)Nc3ncco3)cc2)cc1,0.338618819,2.550595944,0.14,0.1,500.536,4.87172
Nc1ncnc2c1c(-c1ccc3cc[nH]c3c1)nn2C1CCCC1,0.590244671,2.588699326,0.7,0.3,318.384,3.6719
COc1ccc(-c2ccc3c(N4CCOCC4C)nc(N4CCOCC4)nc3n2)cc1,0.636853143,2.986318355,0.05,0.02,421.501,2.7621
COc1ccc(CNc2ncc(C(=O)Nc3ccccc3N)cc2OC)cc1,0.544038476,2.063358699,0.24,0.12,378.432,3.5454
COc1ccc(CCC(=O)Nc2nnc(SCCCCc3ccc(NC(=O)Cc4ccccc4)nn3)o2)cc1,0.170013796,2.647033938,0.05,0,546.653,4.7357
O=C1NC(=O)C(=Cc2ccc(-c3ccccc3)cc2)S1,0.854122807,1.941004124,0.58,0.23,281.336,3.6775
Cc1cc(Nc2cc(Nc3cccc(Cl)c3)ncn2)ccn1,0.750981943,2.265981771,0.31,0.31,311.776,4.32062
COc1ccc(C(=O)Nc2ccc(F)c(C(F)(F)F)c2)cc1Nc1ncnc2cnccc12,0.401342975,2.405736331,0.29,0.3,457.387,5.1872
O=C(Cc1ccccc1)Nc1cc(-c2ccnc3[nH]ncc23)ccn1,0.602069821,2.273747702,0.55,0.39,329.363,3.2011
O=C1C(=O)c2cccc3cccc(c23)N1CC=Cc1cccc2ccccc12,0.46713766,2.282008295,0,0.03,363.416,5.2357
COc1ccc(Nc2ncc(C(=O)Nc3ccccc3N)[nH]2)cc1,0.54024306,2.196819426,0.24,0.29,323.356,2.9964
COc1ccc(-c2ccc3c(N4CCOCC4C)nc(N4CCOCC4C)nc3n2)cc1,0.618933374,3.412299361,0.03,0.01,435.528,3.1506
COc1ccc(CCNc2ncnc(N3CCCCC3)n2)cc1,0.883966593,2.078997918,0.12,0.07,313.405,2.5251
COc1ccc(Nc2ncc(-c3ccnc(Nc4ccccc4)n3)cc2OC)cc1,0.450309936,2.167263543,0.74,0.55,399.454,5.043
O=C(Nc1ccc(Cl)cc1)C1C(=O)Nc2ccc(-c3ccccc3)cc21,0.664389967,2.472472253,0.24,0.03,362.816,4.6814
CN(C)c1ccc(-c2nc(-c3ccc4c(c3)CCC4CC(=O)O)no2)cc1,0.738682044,2.79109157,0.07,0.01,363.417,3.9741
COc1ccc(-n2nc(C(C)(C)C)cc2NC(=O)Nc2cccc3cnccc23)cc1,0.469438082,2.299333599,0.43,0.08,415.497,5.3706
COc1cccc(-c2cnc(N)c(C(=O)Nc3ccccc3N)n2)c1,0.631015113,2.096730976,0.6,0.15,335.367,2.5689
O=C(NCC1CCCO1)c1cnc(Nc2ccc(Cl)cc2Cl)cc1Cl,0.763770098,2.750024296,0.09,0.13,400.693,4.6942
COc1ccc(Nc2ncc3ccn(-c4cccc(NC(=O)Nc5cccc(C(F)(F)F)c5)c4)c3n2)cc1,0.229010988,2.474474287,0.63,0.49,518.499,6.8355
CN(C)c1ccc(-c2ccc3ncnc(Nc4cccc(C(F)(F)F)c4)c3c2)cc1,0.441342815,2.199143535,0.39,0.42,408.427,6.1252
CC(C)CC(NC(=O)c1ccc(CNC(=O)c2ccccc2Nc2ccc(N3CCOCC3)cc2)cc1)C(=O)O,0.281996283,2.735600101,0.05,0.09,544.652,4.4259
COc1ccc(-c2cccc(C(=O)O)c2)cc1-c1nc2ccccc2nc1Nc1cnn(C(C)C)c1,0.286803146,2.562476751,0.14,0.24,479.54,6.1916
COc1ccc(-n2nc(C(N)=O)c3c2-c2cc(NC(=O)c4ccccc4Cl)ccc2CC3)cc1,0.441247516,2.33600409,0.08,0.04,472.932,4.6511
O=C(Nc1ccc(Cl)cc1)c1cccc(-c2n[nH]c3ccc(-c4nc[nH]n4)cc23)c1,0.388286402,2.597760921,0.41,0.34,414.856,4.9207
COc1ccc(-c2nc(-c3cccc4ccccc34)on2)cc1,0.556150347,1.780539999,0.04,0,302.333,4.5654
COc1ccc(NC(=O)Nc2ccc(-c3cnc4ccccc4c3)cc2)cc1OC,0.460596263,1.898147773,0.22,0.24,399.45,5.563
CC(C)c1c(N(CCCO)CC(=O)O)nc2ccccc2n1,0.813605891,2.484710747,0.05,0,303.362,2.0266
COc1ccc(-c2nc(Nc3ccccc3F)cs2)cc1,0.75794793,1.970168211,0.12,0.12,300.358,4.7014
CC(C)(O)C(=O)Nc1cccc(-c2n[nH]c3ncccc23)c1,0.691549916,2.37421368,0.53,0.23,296.33,2.3343
CCN(CC)CCOc1ccc(Nc2nc(Nc3cccc(N4CCOCC4)c3)nc(N)n2)cc1,0.378286327,2.476450262,0.15,0.21,478.601,3.4982
Cc1cc(Nc2cc(N3CCOCC3)nc(Nc3cc(N4CCOCC4)ccn3)n2)[nH]n1,0.529012115,2.993988625,0.37,0.31,437.508,2.06352
CC(=O)Nc1ccc(-c2cnc(N)c(-c3ccccc3)n2)cc1,0.777221249,1.912186626,0.51,0.22,304.353,3.3512
COc1cccc(-c2ccc(C(=O)Nc3ccc(CN4CCCC4=O)cc3)cc2)c1,0.650355712,1.877696844,0.02,0.03,400.478,4.7369
CN(C)C(=O)c1cc2cnccc2nc1Nc1ccc(C(=O)NCCC(=O)O)cc1,0.548672933,2.313983923,0.23,0.11,407.43,2.2797
COc1cc2ncnc(Nc3cccc(-c4ccccc4)c3)c2cc1OC,0.541077917,1.931435602,0.75,0.45,357.413,5.0576
Cc1cc(Nc2cc(Nc3nccc(-c4ccccn4)n3)ccn2)n[nH]1,0.509104309,2.553249869,0.72,0.4,344.382,3.45232
COc1ccc(-c2nc(Nc3ccccc3)ncc2NC(=O)c2cnn(C)c2)cc1,0.510100887,2.2425239,0.52,0.48,400.442,3.8816
COc1ccc(-c2nc(-c3cccc4ccccc34)[nH]c2-c2ccncc2)cc1,0.419843625,2.136121451,0.67,0.16,377.447,5.9675
CC(=O)Nc1ccc(-c2cnc(N)c3cc(-c4ccccc4)oc23)cc1,0.564672623,2.233724874,0.63,0.11,343.386,4.7024
COc1ccc(-c2ccccc2)cc1-n1c(=O)ccc2cc(S(=O)(=O)Nc3ncccn3)ccc21,0.38638328,2.411899135,0.13,0.11,484.537,4.2571
O=C(NC1CCCCC1)c1ccc2ccccc2n1,0.893082084,1.777338779,0.01,0,254.333,3.2973
COc1ccc(-c2nc(-c3ccc(C(=O)O)cc3)cs2)cc1,0.78481214,1.736398082,0,0,311.362,4.1839
COc1ccc(-c2ccc(-c3cccc(Cl)c3)c(C(=O)Nc3ccc4c(c3)CCC(c3ccccc3)O4)c2)cc1,0.231424507,2.784904897,0.09,0.1,546.066,9.0012
COc1ccc(C(C)Nc2nccc(Nc3ccccc3)n2)cc1OC,0.657729942,2.479879022,0.5,0.28,350.422,4.4105
Cc1ccc(-n2nc(C(C)(C)C)cc2NC(=O)Nc2ccc(Oc3ccnc(Nc4cccc(N5CCOCC5)c4)n3)cc2)cc1,0.166016674,2.787891298,0.45,0.21,618.742,7.28472
COc1ccc(C(=O)Nc2cccc(C(=O)O)c2)cc1Nc1ncnc2cnc(N3CCCCC3)nc12,0.339824135,2.494588174,0.24,0.15,499.531,4.1128
COc1ccc(Nc2ncc(Nc3ccccc3)[nH]2)cc1OC,0.643582897,2.273683745,0.3,0.37,310.357,3.9141
COc1ccc(Nc2nc(-c3ccccc3)nc(N3CCCCC3)n2)cc1,0.731688147,1.985832693,0.04,0.08,361.449,4.2811
O=C1NC(=O)C(=Cc2ccc(-c3ccccc3)cc2)S1,0.854122807,1.941004124,0.58,0.23,281.336,3.6775
CCc1nccc(-c2ccc(C(=O)N3CCN(CC)CC3)c(NC3CCC(C)(C)CC3)c2)c1C,0.59130669,2.699957054,0.14,0.12,462.682,5.77782
O=C1NC(=O)C(=Cc2c[nH]c3cc(Br)ccc23)C1=C1NCCC1,0.532315733,2.953778235,0.48,0.15,372.222,2.6077
COc1ccc(-c2cccc3ccc(NC(=O)C4CC4)nc23)cc1,0.781779319,1.918252871,0.11,0.03,318.376,4.2589
O=C(NCCCCN1CCCCC1)c1ccc(-c2ccnc3[nH]ccc23)cc1,0.606893673,2.182912271,0.49,0.09,376.504,4.2258
CC(C)C(NC(=O)Cn1c(-c2ccccc2)ncc(NC(=O)OCc2ccccc2)c1=O)C(=O)C(F)(F)F,0.432800277,3.02097662,0.07,0.04,530.503,3.9312
O=C1NC(=O)C(=Cc2ccc(-c3ccccc3)cc2)S1,0.854122807,1.941004124,0.58,0.23,281.336,3.6775
COc1ccc(-c2ccc(C(=O)Nc3ccccc3N)cc2)cc1OC,0.677671909,1.691207868,0.04,0.01,348.402,4.2053
COc1ccc(CNc2nc(Nc3cc(N4CCOCC4)ccc3OC)ncc2Cl)cc1,0.518877829,2.328269435,0.39,0.29,455.946,4.3395
COc1ccccc1Nc1cc(Nc2cccc(NC(=O)CCN)c2)ncc1C(=N)O,0.228287674,2.492333249,0.16,0.33,420.473,3.74807
CC(=O)Nc1ccc(-c2nc(Nc3cccc(O)c3)sc2N)cc1,0.578679951,2.218124885,0.28,0.11,340.408,3.7999
COc1ccc(Nc2ncc(C(=O)Nc3ccccc3N)cc2N)cc1,0.525622567,2.029287909,0.26,0.3,349.394,3.2505
CNC(=O)c1cc(Nc2nccc(Nc3ccccc3S(=O)(=O)C(C)C)n2)c(OC)[nH]1,0.416051615,2.96947043,0.46,0.38,444.517,2.8422
CN(C)C(=O)c1ccc(-c2nnc(Nc3ccccc3)o2)cc1,0.801206674,1.974517395,0.36,0.07,308.341,3.182
COc1cccc(-c2nc(Nc3cccc(N4CCOCC4)c3)[nH]n2)c1,0.735797376,2.30859912,0.31,0.09,351.41,3.0605
COc1ccc(C(=O)C(C)NC(=O)C2CCCCC2)cc1,0.847858034,2.226128178,0.01,0,289.375,2.9629
CNC(=O)c1cccc(-c2ccc3cnc(Nc4ccc(N5CCC(F)C5)nc4)cc3n2)c1,0.478405333,3.070400366,0.2,0.49,442.498,4.3432
COc1ccc(-c2ccc3c(c2)Nc2ccccc2NC3=O)cc1,0.722008455,2.006317419,0.79,0.06,316.36,4.6715
COc1ccc(C2=NNC(=O)C2=NNc2ccc(Cl)c(Cl)c2)cc1OC,0.763873193,2.589843399,0.89,0.1,393.23,3.3126
Cc1ccc(C(=O)Nc2ccc(F)c(C(F)(F)F)c2)cc1Nc1ncnc2cnc(NCc3ccccc3)nc12,0.200037295,2.607836301,0.38,0.28,547.516,6.49412
COc1ccc(C(=O)Nc2cccc(C(F)(F)F)c2)cc1Nc1ncnc2[nH]cnc12,0.435913578,2.456120836,0.33,0.17,428.374,4.3762
O=C(Nc1ccc(Cl)cc1C(=O)Nc1ccc(Cl)cn1)c1ccccc1-n1cccn1,0.442218773,2.239928596,0.15,0.04,452.301,5.0787
O=C(Nc1ccc(OC(F)(F)F)cc1)c1cnc(N2CCC(O)C2)c(-c2ccccn2)c1,0.62149493,2.893540891,0.1,0.06,444.413,3.8655
COc1ccc(CCC(=O)c2ccc(Cl)cc2)cc1OC,0.751297342,1.613990426,0,0.01,304.773,4.1727
CN(C)CCCC=CC(=O)Nc1cc2[nH]nc(-c3ccc(F)cc3)c2cn1,0.494253653,2.644446242,0.43,0.21,367.428,3.6005
O=C(Nc1ccccc1)c1ccccc1Nc1cccc(-c2cn(C(C)(C)C)nc2-c2ccncc2)c1,0.262378043,2.429434903,0.2,0.23,487.607,7.363
COc1ccccc1N1CCN(CCCNc2c3c(nc4ccccc24)CCCC3)CC1,0.548157455,2.282880771,0.02,0,430.596,4.7464
CC(=O)Nc1ccc(-c2nc(Nc3ccc(N4CCOCC4)cc3)oc2N)cc1,0.609422555,2.42234679,0.23,0.16,393.447,3.4624
OCC1CC(c2ccccc2)N(C(=O)c2ccc(-c3ccc(C4CCCCC4)cc3)cc2)C1,0.486647644,2.963266986,0.01,0,439.599,6.597
COc1ccc(-c2csc(NN=C3CCCCCC3)n2)cc1,0.641791233,2.240437913,0.03,0.03,315.442,4.9408
Nc1ncnc(N2CCC(c3nc(-c4cccc(F)c4)cn3CCN3CCCC3)CC2)c1-c1ccccc1,0.367237344,2.741562478,0.36,0.09,511.649,5.2082
CCCc1cc(Oc2ccc(NC(=O)Nc3ccc(OC(C)C)cc3)cc2)ccn1,0.463994829,2.087745052,0.11,0.06,405.498,6.2576
Cc1ccc(C(=O)Nc2cccc(Cl)c2C(=O)Nc2ccc(Cl)cn2)cc1,0.632393402,1.983551265,0.05,0.02,400.265,5.20142
Cc1ccc(-c2ccc3c(c2)Nc2ccccc2NC3=O)cc1,0.665794535,2.00465091,0.7,0.07,300.361,4.97132
COc1cc(Nc2nccc(Nc3ccccc3C)n2)cc(OC)c1OC,0.645410426,2.138883604,0.63,0.47,366.421,4.29802
COc1ccc(C=CC(=O)Nc2ccc(N(C)C)cc2)cc1OC,0.826523945,1.868491357,0.02,0.01,326.396,3.4217
Cc1ccc(-n2nc(C(C)(C)C)cc2NC(=O)Nc2ccc(Cl)cc2)cc1,0.603112663,2.030356731,0.11,0.01,382.895,5.77562
O=C1NC(=O)C(=Cc2ccc(-c3ccc(Cl)cc3)o2)S1,0.854211213,2.266876119,0.45,0.24,305.742,3.9239
CN1CCN(c2ccc(-c3ccnc4ccccc34)nn2)CC1,0.727493783,2.118681402,0.14,0.02,305.385,2.4436
COc1ccc(CNC(=O)c2ccc(-c3ccccc3)cc2)cc1OCCN1CCCCC1,0.495508057,1.93434842,0.01,0.04,444.575,5.1569
CN1CCC(NC(=O)c2ccc(-c3ccccc3)cc2)CC1,0.94271928,1.642833453,0.03,0.02,294.398,3.1776
Cc1ccc(N2CCC(Nc3ncnc4ccc(Nc5ccccc5[N+](=O)[O-])cc34)CC2)cc1,0.286111082,2.369200673,0.27,0.2,454.534,5.67092
COc1ccc(C(=O)Nc2ccc(Cl)c(C(=O)Nc3ccc4c(c3)-c3cc(C(N)=O)nn3C4)c2)cc1,0.321349251,2.48122815,0.06,0,501.93,4.1773
COc1ccc(Nc2ncc(C(C)(C)C)cc2Nc2cc(N3CCOCC3)ncc2Cl)cc1,0.477091029,2.593327625,0.12,0.27,468.001,5.7599
COc1ccc(Nc2ncc(C(N)=O)c(Nc3cc(C4CC4)n[nH]3)n2)cc1,0.506050107,2.645275213,0.58,0.47,365.397,2.6718
CC(C)CN(CC(O)C(Cc1ccccc1)NC(=O)OCc1cnccc1)C(=O)c1nccs1,0.433241409,3.368033044,0.05,0.02,482.606,3.5349
COc1cccc(-c2nnc(Nc3ccc(C(=O)Nc4ccccc4)cc3)o2)c1,0.497434779,1.952902931,0.1,0.15,386.411,4.7411
O=C1CC(c2ccccc2)=Nc2ccc(-c3ccccc3)cc21,0.649709647,2.030801085,0.11,0,297.357,5.0608
COc1ccc(-n2nc(C(N)=O)c3c2-c2cc(NC(=O)c4ccccc4)ccc2CC3)cc1,0.49199066,2.254807847,0.08,0.01,438.487,3.9977
Cc1cccc(-c2nc(N)c3cc(-c4ccccc4)ccn23)n1,0.609493437,2.426057569,0.17,0.03,300.365,3.95392
COc1ccc(-c2cccc(C(=O)NC(C)c3ccccc3)c2)cc1OC,0.681836253,2.132280781,0.04,0.03,361.441,4.8618
COc1ccc(-n2nc(C(C)(C)C)cc2NC(=O)Nc2ccc(Oc3ccnc(Nc4ccccn4)n3)cc2)cc1,0.19858852,2.644758847,0.28,0.22,550.623,6.5433
CC(C)(C)C(=O)c1ccc(Cl)c(-c2cccc3c(N)nc(N4CCOCC4)nc23)c1,0.618672675,2.584714143,0.09,0.02,424.932,4.5978
Cc1ccc(-c2ccc3ccccc3n2)cc1C1CCNCC1,0.743375151,2.121707194,0.18,0.07,302.421,4.67722
CCN(CC)C(=O)c1ccc(C(=O)Nc2ccc(Cl)c(C(=O)Nc3ccncc3)c2)cc1,0.544369544,2.040229435,0.01,0,450.926,4.7216
CN(C)CCCOc1ccc(Nc2ncc(N3CCCC(N)CC3)nc2-c2ccccc2)cc1,0.454066743,2.903110737,0.28,0.23,460.626,4.5353
O=C(c1cnc2ccc(-c3cc(F)c(O)c(Cl)c3)cc2c1Nc1ccc(N2CCNCC2)nc1)C1CC1,0.289171363,2.81929767,0.32,0.28,517.992,5.5408
CC(C)C(=O)Nc1ccc(C(=O)Nc2ccc(Cl)c(C(=O)c3cnc(NC(C)C)nc3)c2)cc1,0.390451469,2.341218736,0.07,0.07,479.968,5.0281
COc1ccc(Nc2ncc(C(=O)Nc3ccc(NC(=O)CCN4CCCC4)cc3)nn2)cc1,0.443816333,2.286281792,0.31,0.26,461.526,3.3005
O=C1NC(=O)C(=Cc2ccc(-c3ccc(Cl)cc3)cc2)S1,0.838937599,2.013269774,0.6,0.19,315.781,4.3309
Cc1ccc(-c2cc(C(=O)Nc3ccc(OC(F)(F)F)cc3)cn2-c2ccncc2)cc1,0.416761701,2.372789638,0.11,0.04,437.421,5.99862
Cn1cc(-c2cnc3ccc(Nc4cc(F)nc(NC5CCOCC5)c4)nc3n2)cn1,0.474334814,3.020380965,0.32,0.36,420.452,3.2939
COc1ccc(Nc2ncc(-c3ccc(N)cc3)o2)cc1,0.713603602,2.039439837,0.52,0.32,281.315,3.676
CN(C)CC#Cc1ccc2c(c1)-c1nc(-c3cnccc3F)ccc1C(=O)N2,0.433633613,2.842729275,0.48,0.06,372.403,3.1905
CN(C)c1ccc(-c2ccc3c(N)c(Br)c(Br)c(Cl)c3n2)cc1,0.396476384,2.608309004,0.19,0.08,455.581,5.7284
COc1cccc(-c2nc(Nc3ccccc3)nc(N3CCOCC3)n2)c1,0.746485377,2.094215193,0.08,0.09,363.421,3.1274
COc1ccc(C(=O)C=CC(=O)Nc2ccc(-c3ccccc3)cc2)cc1OC,0.469402191,1.909282345,0.04,0.04,387.435,4.7484
COc1ccc(-c2nnc(Nc3ccc(N4CCOCC4)cc3)o2)cc1,0.754904188,2.088445274,0.48,0.15,352.394,3.3254
COc1cccc(-c2ccc(C(=O)Nc3ccc4c(c3)CCC(c3ccccc3)O4)cn2)c1,0.412112977,2.632851333,0.1,0.06,436.511,6.0758
O=C1CC(=O)Nc2c1c1ccc(Br)cc1[nH]2,0.727501839,2.818200783,0.42,0.09,279.093,2.4553
COc1ccc(-c2ccc3cc(NC(=O)CCCCCCC(=O)NO)ncc3c2)cc1,0.250355982,2.241929287,0.19,0.13,421.497,4.6949
COc1ccc(C(=O)Nc2cccc(CNc3ncnc4c(C(N)=O)cccc34)c2)cc1,0.414577525,2.133863916,0.2,0.12,427.464,3.6017
CC(=O)c1cccc(Nc2nccc(Nc3ccccc3)n2)c1,0.692564822,1.920431162,0.67,0.42,304.353,4.1664
COc1ccc(CNC(=O)c2cc(-c3cncc(C#N)c3)cnc2Nc2cccc(C(=O)O)c2)cc1F,0.322799173,2.540597384,0.2,0.2,497.486,4.53478
O=C1NC(=O)C(=Cc2ccc(OCc3ccccc3)cc2)C1=S,0.533862331,2.238603409,0.27,0.11,323.373,2.6753
O=C(Nc1cnccc1Nc1cccc(-c2cnc3ccccn23)c1)c1ccccc1,0.411108576,2.298847684,0.24,0.21,405.461,5.3922
COc1cc(NC(=O)c2ccc(Nc3ccc(N4CCOCC4=O)cc3)nc2)ccc1OC,0.570716462,2.264033758,0.18,0.32,448.479,3.4579
CC(C)(C)c1ccc(C(=O)Nc2cccc(-c3cc(Nc4cccc(N5CCOCC5)n4)ccn3)c2)cc1,0.320066732,2.467345897,0.33,0.35,507.638,6.2736
O=C1Nc2ccc(-c3ccccc3)cc2C1=Cc1ccco1,0.707954216,2.105597677,0.46,0.2,287.318,4.4393
Cc1c(C(=O)O)cccc1-c1ccc(F)c2cc(-c3cccc4ccccc34)ccc12,0.337293957,2.165481405,0.07,0.07,406.456,7.47272
O=C1NC(=O)C(=Cc2ccc(-c3ccc(Cl)cc3)cc2)S1,0.838937599,2.013269774,0.6,0.19,315.781,4.3309
CC(C)N=C(O)C(C)c1ccc(OC2CCN(c3ccccc3)C2)cc1,0.59910882,3.166683451,0.02,0.01,352.478,4.8127
COc1ccc(-n2nc(C(F)(F)F)cc2C(=O)Nc2ccc(-c3ccccc3S(N)(=O)=O)cc2)cc1,0.392444518,2.337631263,0.12,0.04,516.501,4.4664
O=C(Nc1ccc(Cl)cc1CN1C(=O)c2ccccc2C1=O)c1ccccc1Cl,0.595865169,1.972609762,0.02,0.02,425.271,5.0419
O=C(NCc1ccc(Cl)cc1Cl)c1ccc(-c2ccnc3[nH]ncc23)cc1,0.516685966,2.207685133,0.59,0.21,397.265,4.8617
CN(C)CC=Cc1ccccc1Nc1nccc(-c2cnc3ccccc3c2)n1,0.508718517,2.481801573,0.63,0.46,381.483,5.0102
COc1ccc(NC(=O)C(C)(C)C)cc1Nc1ncnc2cnc(Nc3ccccc3)nc12,0.385518813,2.448605857,0.6,0.56,443.511,4.9002
O=C1NC(=O)C(=Cc2ccc(-c3ccccc3)cc2)S1,0.854122807,1.941004124,0.58,0.23,281.336,3.6775
CNC(=O)c1ccc(Cl)c(Nc2ncnc3[nH]ccc23)c1,0.694411415,2.283625159,0.48,0.18,301.737,2.7145
CC(=O)Nc1cc(C(=O)O)ccc1-c1ccc(F)c2c1CN(C(=O)C=Cc1ccccc1)CC2,0.540618232,2.521408015,0.02,0.03,458.489,4.7474
CN(C)C(=O)c1cccc(-c2noc(C(F)(F)F)n2)c1,0.85006324,2.25428759,0.13,0.01,285.225,2.4572
Oc1ccc2c(c1)C(c1cc(F)ccc1F)=Nc1ncccc1N2,0.513759366,2.722074276,0.17,0.06,323.302,4.2915
COc1ccc(Nc2ncc(Br)c(Nc3ccccc3S(=O)(=O)C(C)C)n2)cc1OC,0.442922397,2.407936441,0.76,0.52,507.41,4.9256
CNC(=O)C(Cc1ccccc1)NC(=O)C(CC(C)C)NC(=O)OCc1ccccc1,0.545357205,2.704589367,0.01,0.01,425.529,2.801
CN(C)CCCOc1ccc2c(c1)C(=O)c1ccc(-c3ccncc3)cc1OC2=O,0.458097511,2.36741321,0.43,0.05,402.45,3.6989
OC(=Nc1cccc(CN2CCC(C(O)=NC3CCCCC3)CC2)c1)c1ccccc1,0.457523594,2.688624076,0.02,0.02,419.569,5.8241
COc1cccc(-c2nc(Nc3cccc(CN4CCOCC4)c3)nn2-c2ccccc2)c1,0.455019592,2.250655488,0.11,0.09,441.535,4.5187
CC(=O)Nc1nc(C)c(-c2csc(Nc3ccccc3)n2)s1,0.749192746,2.201378302,0.04,0,330.438,4.27702
CCOc1cccc(NC(=O)c2ccc(N)c(Nc3ncnc4cnc(N5CCCC5)nc34)c2)c1,0.342977083,2.52210999,0.28,0.06,470.537,3.9968
CC(C)c1cccc(NC(=O)Nc2ccc(-c3cc(NC(=O)CCC(=O)O)c4ccccc4n3)cc2)c1,0.222702193,2.232703758,0.06,0.07,496.567,6.4725
COc1cc(Nc2nccc(-c3cnn4ncccc34)n2)cc(OC)c1,0.593174663,2.552751554,1,0.3,348.366,2.9471
COc1ccc(NC(=O)Nc2ccc(-c3cccc4c3CNC(=O)C4)cc2)cc1,0.628349521,2.179983053,0.32,0.05,387.439,4.1785
CNc1ccc(-c2cccc3c(Nc4ccccc4)ncnc23)cc1,0.54877391,2.014169739,0.49,0.26,326.403,5.0821
CN(C)C(=O)c1ccc(Nc2ncc(C(F)(F)F)c(Nc3ccccc3)n2)cc1,0.649465627,2.195976033,0.8,0.59,401.392,4.6844
CC(=O)NC(C)c1ccc(OC2CCN(c3ccnc(N4CCCC4)n3)C2)cc1,0.810989978,3.095127868,0.09,0.09,395.507,2.9316
CCN(CC)C(=O)c1ccc(N(c2cccc(C(F)(F)F)c2)C2=NCC(=N)N2)cc1,0.763634156,3.02063863,0.03,0.04,417.435,4.26197
COc1ccc(-c2ccc(S(=O)(=O)Nc3ccc(Cl)cn3)cc2)cc1OC,0.665098453,1.948423938,0.15,0.09,404.875,4.22
CC(=O)c1ccc(-c2ccc(C(=O)Nc3ccc(CN4CCN(C)CC4)c4[nH]nc(N)c43)s2)cc1,0.3532345,2.705118217,0.25,0.08,488.617,4.0759
COc1ccc(-c2nnc(NC(=O)c3ccccc3)s2)cc1,0.801097745,1.706783213,0.04,0,311.366,3.466
CN(C)c1ccc(C=NNc2nccc(Nc3ccccc3)n2)cc1,0.531727037,2.214381689,0.32,0.3,332.411,3.7322
O=C1NC(=O)c2c1c1ccc3ccccc3c1[nH]c1ccccc12,0.460822622,2.527280936,0.25,0.08,312.328,3.24758
CC(C)c1ccc(-c2noc(C(C)C)c2-c2ccnc(Nc3ccc(N4CCOCC4)cc3)n2)cc1,0.316228655,2.62990637,0.64,0.63,483.616,6.6256
COc1ccc(-c2nn(-c3ccc(Cl)cc3C)c(-c3ccc4c(c3)OCO4)c2Cl)cc1,0.351239764,2.352172675,0.1,0.05,453.325,6.55882
O=C1NC(=O)C(=Cc2ccc(-c3ccc(Cl)cc3)cc2)O1,0.861821372,2.21641362,0.44,0.13,299.713,3.6143
CN(C)C(=O)Cn1c(=O)c(Nc2ccc(F)cc2)nc2ccccc21,0.79172423,2.070491456,0.02,0.04,340.358,2.3674
O=C(CCCCCCCc1ccccc1)c1ncc(-c2ccccn2)o1,0.358318846,2.239042876,0.08,0.04,348.446,5.5026
CC(C)C(=O)Nc1cnc2ccc(-c3ccc(F)c(Cl)c3)nc2n1,0.777006333,2.370449566,0.22,0.19,344.777,4.0788
COc1ccc(-c2nc(Nc3ccc(N4CCOCC4)cc3)ncc2N)cc1,0.705358909,2.217616926,0.44,0.72,377.448,3.3146
COc1ccc(C(=O)Nc2cccc(C(=O)O)c2)cc1Nc1ncnc2cnc(N3CCCCC3)nc12,0.339824135,2.494588174,0.24,0.15,499.531,4.1128
COc1ccc(-c2nc(-c3ccccc3)c(-c3ccncc3)[nH]2)cc1,0.584764684,1.979142712,0.68,0.26,327.387,4.8143
COc1ccc(NC(=O)Nc2ccc(Cl)c(C(F)(F)F)c2)cc1Nc1ncnc2cnc(NCc3ccccc3)nc12,0.149834746,2.678165043,0.47,0.27,594.985,7.1003
COc1ccc(Nc2ncc(C(=O)Nc3ccccc3)s2)cc1OC,0.694661195,1.941355082,0.15,0.14,355.419,4.1562
CC(=O)c1cnc2ccc(-c3cc(F)c(O)c(Cl)c3)cc2c1Nc1ccc(NC(=O)CCNC(C)=O)cc1,0.211659442,2.579000118,0.13,0.13,534.975,5.8108
CCc1cc(-c2cccc3c(N4CCOCC4C)nc(N4CCOCC4)nc23)ccn1,0.642780642,3.152670004,0.22,0.09,419.529,3.3159
COc1ccc(C(=O)Nc2cccc(C(F)(F)F)c2)cc1Nc1ncnc2cnc(NCc3ccccc3)nc12,0.215830291,2.535074509,0.45,0.24,545.525,6.0552
COc1ccc(C(=O)Nc2ccc(-c3cccc4[nH]nc(N)c34)cc2)cc1,0.512495191,1.980130696,0.46,0.13,358.401,4.073
Cc1c(Nc2c(C#N)cncc2-c2ccc(CN3CCCCC3)cc2)ccc2[nH]ccc12,0.406107164,2.555747994,0.34,0.1,421.548,6.1395
CC(=O)Nc1nc(C(=O)Nc2ccc(OC(F)(F)F)cc2)ccc1OCCN1CCCCC1,0.609817123,2.397315487,0.11,0.05,466.46,4.0556
COc1ccc(-c2ccc(S(=O)(=O)Nc3ccc4c(c3)C(=O)CCC4=O)cc2)cc1,0.662593786,2.142548603,0.13,0.04,421.474,4.3222
COc1cc(-c2cccc(C(F)(F)F)c2)ccc1-n1c(=O)ccc2cc(S(=O)(=O)Nc3ccncn3)ccc21,0.30773251,2.676813217,0.24,0.1,552.534,5.2759
Cc1ccc(C(=O)Nc2ccc(CN3CCN(C)CC3)c(Nc3nccc(-c4ccccn4)n3)c2)cc1,0.389416163,2.403002073,0.42,0.22,493.615,4.59032
CC(=O)Nc1ccc(-c2noc(C(F)(F)F)n2)cc1,0.911374943,2.096042435,0.06,0.03,271.198,2.7138
O=C1NC(=O)C(=Cc2ccc(-c3ccc(Cl)cc3)cc2)S1,0.838937599,2.013269774,0.6,0.19,315.781,4.3309
CN(C)CCc1ccc2ncnc(Nc3cccc(Br)c3)c2c1,0.728515624,2.132220892,0.55,0.36,371.282,4.24
CNC(=O)Cn1c(=O)c(-c2ccc(OC)c(OC)c2)nc2ccccc21,0.756617698,2.059750037,0.08,0.01,353.378,1.8267
COc1ccc(Nc2ncc(C(=O)Nc3ccccc3)cc2-c2nc(C)nc(N)n2)cc1,0.423526131,2.290253214,0.26,0.16,427.468,3.82872
Cc1nc(N)cc(-c2cccnc2Nc2cccc3[nH]ncc23)n1,0.536104523,2.574181815,0.55,0.19,317.356,3.04912
Cc1cc(Nc2cc(C(F)(F)F)ccn2)nc(-c2cnc(Nc3ccc(N4CCOCC4)cc3)o2)c1,0.347264602,2.813063027,0.28,0.47,496.493,5.78262
CCCN(CCC)C(=O)c1ccc(N(c2ccccc2)C2=NCCN2)cc1,0.806331477,2.539472707,0.08,0.01,364.493,4.0461
Cc1ccc(C(=O)Nc2ccc3c(c2)-c2c(c(C(N)=O)nn2-c2ccc(S(C)(=O)=O)cc2)CC3)cc1,0.432396413,2.433295876,0.08,0.02,500.58,3.70102
CC(C)CC(NC(=O)C(Cc1ccccc1)NC(=O)C(N)Cc1ccc(O)cc1)C(=O)NC(C(=O)C(F)(F)F)C(C)C,0.227722711,3.61783091,0.05,0.02,592.659,2.7926
COc1ccc(CC(=O)O)cc1-c1cccc(CNc2nccc(Nc3ccc(C4CCNCC4)cc3)n2)c1,0.21269807,2.617202764,0.34,0.31,523.637,5.602
O=C(C=Cc1ccc(O)c(O)c1)Nc1ccccc1Cl,0.598957294,1.925044642,0.04,0.11,289.718,3.4031
COc1cccc(NC(=O)c2cccc(-c3cccc4[nH]ncc34)c2)c1,0.573549959,1.942926858,0.51,0.25,343.386,4.4908
O=C1NC(=O)C(=Cc2c[nH]c3ccc(-c4ccccc4)cc23)C1=O,0.3297671,2.351488991,0.47,0.17,316.316,2.4438
O=c1ccc(-c2ccc3ccccc3c2)ccn1,0.645364719,1.863170724,0.3,0.3,233.27,3.262
COc1ccc2c(c1)C(=O)c1ccc(-c3cnc(N)nc3)cc1O2,0.571092214,2.251772603,0.22,0.13,319.32,2.994
CN(C)CC(=O)Nc1ccc(-c2nc(N3CCOCC3)c3cnn(C4CCCCC4)c3n2)cc1,0.599794815,2.573962911,0.11,0.03,463.586,3.3352
COc1ccc(-c2nc(-c3cccc4ccccc34)[nH]c2-c2ccc3ccccc3c2)cc1,0.313173981,2.146494264,0.38,0.15,426.519,7.7257
Cc1cc(C(=O)Nc2ccc(C(=N)N)cc2)n(-c2ccc3cc(Cl)ccc3c2)n1,0.344825651,2.21089025,0.05,0.04,403.873,4.52369
CC(=O)c1ccc(OCC2CCC(=O)N2c2ccc(Cl)cc2)cc1,0.767180153,2.482184065,0,0.01,343.81,4.117
COc1ccc(-c2ccc3c(c2)Nc2ccccc2NC3=O)cc1,0.722008455,2.006317419,0.79,0.06,316.36,4.6715
COc1ccc(-c2nc(-c3cccc4c3CCC4NC(=O)CO)no2)cc1C#N,0.685816004,3.024014332,0.11,0.02,390.399,2.37968
COc1ccc(Nc2nc(-c3ccccc3)nc(Nc3ncccc3N3CCOCC3)n2)cc1,0.4233863,2.442202875,0.24,0.27,455.522,4.266
Cc1ccc(C(C)Nc2ncnc3c(Nc4ccccc4)ncn23)cc1,0.563289392,2.843602398,0.07,0.07,344.422,4.34942
COc1ccc(CNc2ccc(-c3ccc(C(=O)O)cc3)cc2)cc1OC,0.637809121,1.724180507,0.06,0.01,363.413,4.6811
COc1cccc(-c2c(O)nc3cc(Cl)c([N+](=O)[O-])cc3c2OCCC2CCCCC2)c1,0.320630357,2.667312545,0.11,0.06,456.926,6.5268
Cc1cc(Nc2nccc(-c3cnc(N4CCCC4)c4ncccc34)n2)ccn1,0.567312142,2.599727712,0.64,0.3,383.459,4.13402
COc1cc(Nc2ncc(C(=O)Nc3ccccc3)cc2-c2ncccc2C(=O)Nc2ccc(Cl)cn2)ccc1OC,0.181249729,2.562422697,0.04,0.14,581.032,6.4574
Cc1cc(-c2n[nH]c3ccc(C(O)=NC4CCCC(CO)(Cc5ccccc5)C4)cc23)ccn1,0.268453419,3.710283249,0.31,0.2,454.574,5.40192
Cc1cc(C)cc(-c2[nH]c3ccccc3c2CCNCCCCc2cccnc2)c1,0.340006285,2.338760746,0.27,0.07,397.566,6.00174
COc1ccc(Nc2ncc(C(N)=O)c(Nc3ccccc3)n2)cc1,0.639658763,1.928657005,0.77,0.49,335.367,3.0713
Nc1noc2cccc(-c3cccc(NC(=O)Nc4ccc(C(F)(F)F)cc4)c3)c12,0.400021141,2.296354938,0.61,0.1,412.371,5.7398
CCCC(=O)c1cnn(-c2ccc(NC(=O)c3ccccc3C(F)(F)F)cc2)c1C,0.545874402,2.234602485,0.01,0.05,415.415,5.43462
COc1cccc(-c2nc(Nc3ccccc3)nc(NC3CCCCC3)n2)c1,0.629114897,2.114684097,0.35,0.25,375.476,5.0354
COc1ccc(-c2ccc(C(=O)Nc3ccc4c(c3)CN(C)CC4)cc2)cc1,0.727544855,1.884587032,0.01,0.05,372.468,4.6024
O=C(NC1CCC(CCN2CCC(c3coc4ccccc34)CC2)CC1)c1ccc(Cl)cc1,0.444088985,2.37902122,0.02,0,465.037,6.6445
O=C1Nc2ccc(Cl)cc2C(=O)C1=Nc1cnccc1Cl,0.87616127,2.732541404,0.54,0.09,320.135,3.2959
COc1cccc(-n2c(Nc3ccc(OC)cc3)c3ncnc(N)c3c2-c2ccccc2)c1,0.368289015,2.482396334,0.5,0.2,437.503,5.4305
COc1ccc(-n2nc(C(C)(C)C)cc2NC(=O)Nc2ccc(Oc3ccnc(Nc4cccc(C(N)=O)c4)n3)cc2)cc1,0.156394727,2.678685956,0.39,0.25,592.66,6.2472
CC(C)Oc1cccc(-c2nc(Nc3ccc4c(c3)CCN4CC(=O)O)no2)c1,0.625373643,2.528417285,0.07,0.11,394.431,3.7145
CC(C)(C)CC(=O)c1ccc(C(=O)Nc2ccc(Cl)cc2C(=O)Nc2ccc(Cl)cn2)cc1,0.390547513,2.232937411,0.06,0.02,484.383,6.5119
O=C1NC(=O)C(=Cc2ccc(-c3ccc(Cl)cc3)c(Cl)c2)S1,0.77690595,2.178911447,0.66,0.29,350.226,4.9843
COc1ccc(-n2nc(C(N)=O)c3c2-c2cc(NC(=O)c4ccccc4Cl)ccc2CC3)cc1,0.441247516,2.33600409,0.08,0.04,472.932,4.6511
COc1cccc(-c2cnc(Nc3ccc(N4CCOCC4)cc3)o2)c1,0.751500391,2.190025693,0.37,0.53,351.406,3.9304
CN(C)C(=O)c1ccc(-c2cnc3ccc(Nc4ccccc4)nc3n2)cc1,0.585402906,2.196375066,0.26,0.33,369.428,4.1372
CC(=O)c1ccc(-c2ccc(C(=O)NC(Cc3cccc(C(=N)N)c3)C(=O)O)cc2)cc1,0.247739536,2.491363171,0.06,0.02,429.476,3.26597
Cc1ccc(C(=O)Nc2ccc(C(=O)Nc3ccc4ccccc4c3)cc2)cc1,0.480361201,1.63037646,0.01,0.01,380.447,5.65282
CCOc1ccc(-c2nc(-c3cccc4c3CCC4NCC(=O)O)no2)cc1,0.648593938,2.810151641,0.08,0.04,379.416,3.4638
CCC(C)C(NC(=O)C(Cc1ccccc1)NC(=O)OCc1ccccc1)C(=O)NCc1ccccc1,0.343363874,2.954914988,0.01,0,501.627,4.3714
CN(C)CCOc1ccc(-c2nc(-c3cccc4ccccc34)no2)cc1,0.507354342,2.027662865,0.06,0.01,359.429,4.4972
COc1cccc(-c2nc(Nc3ccccc3)nc(Nc3ccccc3)n2)c1,0.496344545,1.946902077,0.25,0.17,369.428,5.0344
CC(=O)NC(C)c1ccc(OC2CCN(c3ccnc(N4CCCC4)n3)C2)cc1,0.810989978,3.095127868,0.09,0.09,395.507,2.9316
CN(C)CCCC=C(c1ccccc1)c1ccc(Cl)cc1,0.669705434,1.957776697,0.01,0,299.845,5.1135
COc1cc(C(=O)Nc2ccc(Cl)c(C(=O)Nc3cccc4cnccc34)c2)cc(OC)c1OC,0.35799717,2.195038538,0.18,0.12,491.931,5.4186
O=C(Nc1ccc(Cl)cc1)c1nnn(-c2ccc(Cl)c(Cl)c2)c1-c1ccccc1,0.411534348,2.055068999,0.03,0.02,443.721,6.1468
Cc1ccc(-n2nc(C(C)(C)C)cc2NC(=O)Nc2ccc(Oc3ccnc(Nc4cccc(S(C)(=O)=O)c4)n3)cc2)cc1,0.173042881,2.718709318,0.43,0.18,611.728,6.85162
CN(C)c1ccc(C=Cc2ccccc2)cc1,0.712717055,1.667147273,0.01,0,223.319,3.923
COc1ccc(C(=O)Nc2cccc(C(F)(F)F)c2)cc1Nc1ncnc2cnc(NCc3ccccc3)nc12,0.215830291,2.535074509,0.45,0.24,545.525,6.0552
CC(=O)Nc1ccc(CNc2nc(Nc3ccccc3)ncc2[N+](=O)[O-])cc1,0.423081459,2.124138122,0.58,0.25,378.392,3.6989
CN1C(=O)C(=Cc2ccc(-c3ccccc3)o2)CC1=O,0.620650252,2.3470745,0.02,0.03,267.284,2.7187
O=C1NC(=O)C(=Cc2ccc(-c3ccccc3Cl)cc2)S1,0.838937599,2.072025928,0.55,0.22,315.781,4.3309
CC(=O)Nc1ccc(-c2nc3ccccc3n2-c2ccccc2)cc1,0.595146432,1.768833323,0.03,0.03,327.387,4.6509
CN(C)C(=O)c1ccc(-c2nc(N)c3cc(-c4ccccc4)oc3n2)cc1,0.601280087,2.307391297,0.16,0.03,358.401,3.8408
O=C(Nc1ccc(C(=O)Nc2ccccc2C(=O)Nc2ccc(Cl)cc2)cc1)c1ccc2ccccc2c1,0.220626625,1.943956247,0.09,0.06,519.988,7.2501
CC(=O)c1cccc(Nc2nccc(Nc3cc(C4CC4)[nH]n3)n2)c1,0.593983241,2.469035852,0.59,0.3,334.383,3.7669
COc1cc(C(=O)NC2CCN(C)CC2)ccc1Nc1ncc(C(F)(F)F)c(Nc2cccc3[nH]ncc23)n1,0.266578534,2.783720096,0.49,0.39,540.55,4.6915
CC(=N)c1ccc(C(=O)Nc2ccc(Cl)c(C(F)(F)F)c2)cc1Nc1ncnc2cnc(NCc3ccccc3)nc12,0.142021209,2.872068152,0.47,0.22,590.997,7.08777
CN(C)C(=O)Cn1c(-c2ccccc2)nc2ccccc21,0.739129737,1.827627467,0,0,279.343,2.7915
CC(=O)c1ccc(-c2ccc(C(=O)NC(C)C)cc2NC(=O)c2ccc(C(C)(C)C)cc2)cc1,0.430933993,2.079967693,0.06,0.01,456.586,6.2442
Cc1cc(-c2n[nH]c3ccc(C(O)=NC4CCCCNC4)cc23)ccn1,0.499685539,3.347824666,0.37,0.24,349.438,3.38002
O=C(Nc1ccc(Cl)cc1)c1ccc(-c2noc(C(F)(F)F)n2)cc1,0.730613218,2.007206621,0.08,0.02,367.714,4.6611
Cc1cccc(Nc2nccc(Nc3ccccc3)n2)c1,0.746728862,1.841052057,0.8,0.36,276.343,4.27222
CC(C)(C)c1cc(NC(=O)c2ccc(C#N)cn2)n(-c2cccc(C(N)=O)c2)n1,0.710386581,2.451928191,0.2,0.03,388.431,2.78768
Cc1ccc(Nc2ccnc(Nc3cccc(Cl)c3)n2)cc1,0.717406144,1.907593549,0.64,0.3,310.788,4.92562
COc1cc(-c2ccc(C(=O)Nc3ccc(N4CCCC4=O)cc3)cc2)ccc1OCCNC(=O)CNC(=O)CN(C)C,0.262416327,2.481836924,0.03,0.03,587.677,2.9141
O=C1NC(=O)C(=Cc2ccc(-c3ccc(Cl)cc3)o2)S1,0.854211213,2.266876119,0.45,0.24,305.742,3.9239
COc1ccc(-c2nc(C(=O)Nc3cnccc3N3CCCCC3)no2)cc1,0.726129859,2.310700228,0.21,0.07,379.42,3.3828
COc1ccc(-c2nc(-c3ccc(Cl)cc3)c(-c3ccncc3)[nH]2)cc1,0.524162752,2.046430502,0.69,0.26,361.832,5.4677
COc1ccc(CC(=O)O)cc1-c1ccc(F)c2c1CN(C(=O)CC1CCCc3ccccc31)CC2,0.49702663,3.073871532,0.01,0.02,487.571,5.5233
COc1ccc(C(=O)Nc2nc(-c3ccccc3)cs2)cc1OC,0.760136042,1.712573272,0.01,0.02,340.404,4.0796
COc1ccc(-n2nc(C(F)(F)F)cc2-c2ccc(C(=O)Nc3ccc(N4CCCCC4)cc3)cc2)cc1,0.303514022,2.288240977,0.03,0.02,520.555,6.8093
COc1ccc(Nc2ncc3c(n2)-c2ccccc2C3=O)cc1,0.62784842,2.01534758,0.53,0.47,303.321,3.4402
Cc1ccc(-c2ccc(C(=O)Nc3ccc(CN4CCCC4=O)cc3)nc2)cc1,0.706597942,2.011702834,0.11,0.07,385.467,4.43172
COc1ccc(-c2n[nH]c3ccc(-c4cn[nH]c4)cc23)cc1OC,0.60177228,2.331729727,0.74,0.24,320.352,3.6372
COc1ccc(Nc2ncc(-c3ccccn3)n2-c2ccccc2)cc1,0.571711281,2.162221897,0.16,0.29,342.402,4.6865
Cc1cc(Nc2cc(NC(=O)c3ccc(N4CCOCC4)cc3)cc(Nc3ncccc3C(=O)O)n2)cc(OC)c1OC,0.197898417,2.749665626,0.13,0.16,584.633,5.07652
Cc1ccc(-n2nc(C(C)(C)C)cc2NC(=O)Nc2cccc3ccccc23)cc1,0.42684055,2.1173372,0.51,0.11,398.51,6.27542
CCNC(=O)c1ccc(Nc2ncc(C(N)=O)nc2-c2ccc3ccccc3c2)cc1,0.44584599,2.29011857,0.34,0.32,411.465,3.889
COc1ccc(-c2nc(-c3ccccc3)nc(NC(=O)CCCC)n2)cc1,0.676283215,1.980139571,0.01,0.02,362.433,4.3429
CN(C)CCC1=Cc2ccccc2-c2ncccc21,0.661433067,2.013773139,0.07,0.1,250.345,3.4921
CC(=O)NC1CCN(c2nc(-c3ccccc3)nc3ccccc23)CC1,0.789575686,2.013729894,0.01,0.01,346.434,3.4017
O=C1NC(=O)C(=Cc2ccc(-c3ccc(Cl)cc3)o2)S1,0.854211213,2.266876119,0.45,0.24,305.742,3.9239
COc1ccc(-c2nc(-c3ccc(Cl)cc3)c(-c3ccncc3)[nH]2)cc1,0.524162752,2.046430502,0.69,0.26,361.832,5.4677
COc1ccc(-c2ccc3ccccc3c2)cc1OC,0.691906054,1.511742321,0.03,0.08,264.324,4.524
Cc1ccc(C(=O)Nc2cccc(C(C)(C)C)c2)cc1Nc1ncnc2cnc(NC3CCOC3)nc21,0.33213358,3.120349362,0.42,0.22,497.603,5.22242
CCCCCCCC=CCC=CCC=CCC=CCCC(=O)Nc1c(C(C)C)cccc1C(C)=O,0.129921426,2.970363014,0.01,0.04,477.733,9.4869
COc1ccc(-c2nn(-c3ccccc3)c3ncnc(N)c23)cc1,0.627989002,2.030902255,0.51,0.18,317.352,3.0733
Cc1ccc(-c2nn(-c3ccccc3)cc2N=C(O)c2cnn3cccnc23)cc1,0.358765865,2.684085396,0.19,0.03,394.438,4.52672
Cn1c(Nc2c(Cl)cccc2Cl)nc2cc(C(=O)Nc3ccccc3)ccc21,0.441257534,2.078317737,0.07,0.1,411.292,5.876
O=C(Nc1cc(C(O)=NC2CCCCC2)nn1-c1ccccc1)c1ccc(-c2ncccc2F)cc1,0.261312904,2.67641645,0.09,0.08,483.547,5.963
COc1ccc2nc(Nc3ccc(NC(=O)Nc4cccc(C(F)(F)F)c4)cc3)ncc2c1,0.342676386,2.195436299,0.51,0.4,453.424,6.0448
COc1ccc(-c2nn(-c3ccccc3)cc2NC(=O)c2cnn3cccnc23)cc1,0.475724531,2.345501168,0.18,0.04,410.437,3.8429
O=C(Nc1cccc(Nc2nccc(-c3cnn4ncccc34)n2)c1)c1ccccc1,0.453592705,2.390435476,0.81,0.27,407.437,4.1822
O=C1CC(c2ccccc2)=Nc2ccc(-c3ccccc3)cc21,0.649709647,2.030801085,0.11,0,297.357,5.0608
Cc1cc(C(=O)Nc2ccc(C(=N)N)cc2)n(-c2cccc(Cl)c2)n1,0.495188825,2.074914313,0.04,0.03,353.813,3.37049
O=C(NC1CCC(CCN2CCC(c3cccc4c3OCO4)CC2)CC1)c1ccc(N2CCOCC2)cc1,0.56658457,2.604511188,0.01,0.03,519.686,4.8102
COc1ccc(CCNC(=O)C2C(=O)Nc3ccc(Cl)cc32)cc1OC,0.76213512,2.647989462,0.12,0,374.824,2.7518
CC(C)(C)OC(=O)NC(Cc1ccccc1)C(=O)NC(C=O)CC(=O)O,0.597488406,2.868918919,0,0.01,364.398,1.2808
Cc1ccc(NC(=O)c2cccc(C(F)(F)F)c2)cc1Nc1ncnc2cnc(NC3CCOCC3)nc21,0.310685576,2.702227004,0.34,0.35,523.519,5.33382
COc1ccc(-c2nc(C(=O)Nc3ccccc3Nc3cccc4ccccc34)[nH]n2)cc1,0.32149868,2.256608373,0.18,0.15,435.487,5.6294
CN(C)CC(=O)Nc1ccc(-c2nc(N3CCOCC3)c3cnn(C4CCCCC4)c3n2)cc1,0.599794815,2.573962911,0.11,0.03,463.586,3.3352
COc1ccc(-c2cnc(Nc3ccccc3)s2)cc1OC,0.749157096,1.910728405,0.29,0.33,312.394,4.5709
CCCCCCCCCCCCCCCCCC(=O)Nc1c(OC)cc(OC)cc1OC,0.205436501,2.182303078,0,0.01,449.676,7.9124
COc1ccc(CNc2nc(Nc3cc(C4CC4)n[nH]3)cc(OC)c2OC)cc1,0.502889375,2.730130723,0.38,0.04,395.463,4.0636
Cc1ccc(C(=O)Nc2cc(C(C)(C)C)on2)cc1Nc1ncnc2cnc(NC3CCCOC3)nc12,0.342503739,3.360145153,0.37,0.16,502.579,4.60052
CC(C)C(=O)OC1C(=O)N2C(C(=O)O)=C(COc3ccc(Br)cc3)C21,0.56955176,3.434210078,0.01,0,410.22,1.9588
CN(C)c1ccc(Nc2nccc(Nc3cc(N4CCCC4)ncc3Cl)n2)cc1,0.612131815,2.472219317,0.55,0.51,409.925,4.6784
O=C(Nc1ccc(C(=O)Nc2ccccc2)cc1)c1ccccc1-c1ccccc1,0.446971306,1.605158473,0.02,0.03,392.458,5.8582
COc1ccc(-c2ccc(S(=O)(=O)Nc3ccc(Cl)cn3)cc2)cc1-c1ncnc(N)c1Cl,0.384698354,2.512050971,0.41,0.15,502.383,4.904
Cc1ccc(C(=O)Nc2ccc(CN3CCC(C(O)=NC4CCCCC4)CC3)cc2)cc1,0.450344853,2.346375142,0.02,0.01,433.596,5.74852
CC(C)N1CCN(C(=O)Cn2cc(N=C(O)c3cnn4cccnc34)c(-c3cc(Cl)ccc3OC(F)F)n2)CC1,0.250367439,3.26185351,0.09,0.08,573.004,4.0365
CCC(=O)Nc1nc(-c2ccc(Cl)cc2)nc(Nc2ccc(N3CCOCC3)cc2)n1,0.597522188,2.284320627,0.12,0.11,438.919,4.1207
CC(=O)Nc1ccc(-c2nc(Nc3ccc(C(=O)Nc4ccccc4)cc3)no2)cc1,0.423038019,2.045160627,0.08,0.13,413.437,4.6909
O=C(Nc1ccccc1CNC(=O)c1ccc(-c2cccc3nn[nH]c23)cc1)c1ccccc1,0.347864762,2.298984785,0.2,0.06,447.498,4.8072
CC(C)c1cc(NC(=O)Nc2ccc(-c3cccc4c(Nc5ccccc5)cccc34)cc2)ccn1,0.23232686,2.236100846,0.49,0.25,472.592,8.4128
CN(C)Cc1ccc(C(=O)Nc2cccc3cnccc23)cc1,0.801526429,1.853934179,0.27,0.14,305.381,3.5487
CC(C)C(=O)Nc1cc(-c2cccc3cnn(C)c23)cc(OC)c1[N+](=O)[O-],0.546022145,2.624289371,0.1,0.09,368.393,3.7516
COc1ccc(Nc2ncc(C(=O)Nc3ccccc3Nc3ccccc3)nc2N)cc1,0.335319293,2.227920551,0.4,0.28,426.48,4.8069
COc1ccc(CNC(=O)c2cc3ccccc3nc2Nc2ccc3ncccc3c2)cc1OC,0.332066726,2.226998226,0.1,0.06,464.525,5.4738
O=C(Nc1ccc(Cl)cc1Cl)Nc1ccccc1[N+](=O)[O-],0.641045383,1.804241233,0.02,0.05,326.139,4.5456
CN(C)CCC(=O)Nc1cc2c(Nc3ccc(Br)cc3F)ncnc2cc1OCCCN1CCOCC1,0.328035131,2.64490275,0.31,0.23,575.483,4.2663
COc1ccc(Nc2ncc(C(N)=O)c(Nc3ccc(C(F)(F)F)cc3)n2)cc1,0.573017032,2.156454665,0.69,0.46,403.364,4.0901
CNC(=O)c1ccc(-c2nc(-c3cccc4c3ncn4CCCO)cnc2N)cc1,0.455862931,2.560187092,0.41,0.13,402.458,2.4845
CC(C)(C)C(=O)Nc1ccc(C(=O)Nc2ncccc2-c2cnc3ccccn23)cc1,0.510391455,2.446669263,0.09,0.04,413.481,4.6332
Cc1cc(-c2nnc(C(=O)Nc3ccc(OC(F)(F)F)cc3)s2)ccc1OCCCN1CCCCC1,0.353208286,2.493143816,0.04,0.07,520.577,5.91922
CC(C)c1nn(-c2ccc(Cl)cc2Cl)c2cc(C(=O)O)ccc12,0.711075637,2.27315296,0.08,0.05,349.217,5.1539
Cn1cc(C(=O)c2cncc(NC(=O)Cn3ccc4ccccc43)c2)c2cnccc21,0.447905517,2.533979088,0.08,0.02,409.449,3.7927
CCCCCCCCCCCCCCCCCCCCC(=O)c1nnc(-c2ccccn2)o1,0.138923975,2.458134146,0.05,0.02,455.687,8.7461
CN(C)C(=O)c1ccc(-c2nc(Nc3cccc(N4CCOCC4)c3)[nH]n2)cc1,0.694410305,2.40046657,0.28,0.17,392.463,2.7537
COc1ccc(CNC(=O)c2sc3ncccc3c2-c2ccc(O)cc2)cc1,0.522097379,2.135508399,0.14,0.04,390.464,4.6075
COc1ccc(-c2nc(Nc3cccc(C)n3)c3n2CC(C)OCC3)cc1,0.75902907,3.167128441,0.07,0.08,364.449,3.96692
COc1ccc(-c2nn(-c3ccccc3)cc2NC(=O)c2cnn3cccnc23)cc1,0.475724531,2.345501168,0.18,0.04,410.437,3.8429
O=C(Nc1n[nH]c2ncccc2c1=O)c1ccc(-c2ccc(F)cc2)o1,0.591480666,2.437743336,0.38,0.08,350.309,2.9695
Cc1ccc(C(=O)Nc2cccc(C(F)(F)F)c2)cc1Nc1nccc(-c2cncnc2NC(C)C)n1,0.278565482,2.624994282,0.5,0.42,507.52,6.07702
CC(C)(C)c1ccc(NC(=O)Nc2ccc(Oc3ccnc(Nc4ccc(N5CCOCC5)cc4)c3)cc2)cc1,0.227744507,2.400912191,0.17,0.46,537.664,7.3956
COc1ccc(-c2ccc(C(=O)Nc3ccccc3N)cc2)cc1OCCN1CCCCC1,0.474027671,2.032490084,0.09,0.04,445.563,5.0614
COc1ccc(Cc2cc(-c3ccc(C(=O)O)cc3)ccc2OC)cc1,0.703805456,1.740902462,0.01,0.01,348.398,4.6598
CNC(=O)c1ccc(-c2cnc3ccc(Nc4ccccc4)nc3n2)cc1,0.582051599,2.14744787,0.25,0.32,355.401,3.795
COc1cccc(-c2nc(Nc3ccccc3)nc(NCCO)n2)c1,0.610241255,2.080834587,0.27,0.11,337.383,2.695
CC(C)c1cc(-c2ccccc2)c(-c2ccc(S(C)(=O)=O)cc2)n1-c1ccccc1,0.381515729,2.264990956,0.06,0.03,415.558,6.3382
CCC(C)C(=O)Oc1cccc(-c2nc(Nc3ccc(N4CCOCC4)cc3)no2)c1,0.446021251,2.902142159,0.18,0.2,422.485,4.2683
CC(=O)c1ccc(-c2ccc(C(=O)NCC(c3ccccc3)c3ccccc3)[nH]2)cc1,0.399735228,2.192308319,0.09,0,408.501,5.4462
CC(C)c1ccc(-c2ccc(C(N)=O)cc2)cc1,0.873695937,1.506667426,0.04,0.02,239.318,3.5759
Cc1ccc(-c2n[nH]c3ccc(-c4ncnc(N)c4C#N)cc23)cc1,0.58683791,2.435237775,0.34,0.14,326.363,3.4492
Cc1ccc(-c2nc(-c3ccccc3)n(-c3ccc(C(=O)O)cc3)n2)cc1,0.580443016,1.899867382,0.05,0.01,355.397,4.60792
COc1ccc(-c2cc(C(=O)Nc3ccccc3-c3ccccc3)nn2C(C)C)cc1,0.419567434,2.118031102,0.12,0.04,411.505,6.0589
Cc1ccc(C(=O)Nc2ccc(C(=O)Nc3ccccc3N)cc2)cc1,0.622946491,1.600208699,0.01,0.03,345.402,4.08182
COc1ccc(C=NNc2nc(N3CCOCC3)nc(Nc3ccccc3)n2)cc1OC,0.407940209,2.365407569,0.01,0.07,435.488,2.915
Cc1ccc(C(=O)Nc2cccc(C(F)(F)F)c2)cc1Nc1nccc(-c2cnc3ccccn23)n1,0.311690161,2.519139634,0.64,0.43,488.473,6.11442
COc1ccc(OC)c(CNc2ncnc3[nH]cc(C#N)c23)c1,0.751325386,2.501816696,0.35,0.01,309.329,2.45888
CC(=O)Nc1ccc(-c2noc(C(C)C)n2)cc1,0.902346279,1.920974811,0.03,0.03,245.282,2.8184
COc1ccc(C2=NNC(=O)C2=NNc2ccccc2)cc1,0.846858671,2.367039223,0.99,0.05,294.314,1.9972
CNC(=O)c1ccc(-c2nc(N3CCOCC3)c3cnn(C4CCN(C(=O)C5CC5)C4)c3n2)cc1,0.600603436,3.090145847,0.07,0.03,475.553,1.8729
O=C1NC(=O)C(=Cc2ccc(Oc3ccc(Cl)cc3)c(Cl)c2)S1,0.767355115,2.179173619,0.64,0.35,366.225,5.1096
COc1ccc(CNc2nc(NCCN)nc(Nc3cc(N4CCOCC4)ccc3OC)n2)cc1,0.322581707,2.513681484,0.04,0.08,480.573,2.4517
CC(=O)Nc1ccc(-c2nc(N3CCOCC3)c3cnn(C4CCN(C)CC4)c3n2)cc1,0.673731116,2.543350824,0.1,0.06,435.532,2.555
O=C1NC(=O)c2c1c1ccccc1[nH]2,0.603895528,2.38054174,0.72,0.19,186.17,1.0515
CC(C)C1(C(=O)NCc2cc(C(F)(F)F)cc(C(F)(F)F)c2)CC(c2ccc(Cl)c(Cl)c2)=NN1C,0.425314842,3.508412667,0.13,0.03,540.335,6.7818
COc1ccc(-c2cccc3cc(Nc4nccc(N5CCOCC5)n4)ccc23)cc1C(=O)N1CCN(C(C)=O)CC1,0.371039132,2.635213706,0.43,0.28,566.662,4.1899
CNC(=O)c1ccc(-c2nc(Nc3cccc(N4CCOCC4)c3)ncc2N)cc1,0.600298105,2.361362096,0.5,0.43,404.474,2.6656
Cc1nc(-c2ccccc2)nc(Nc2ccc(N3CCOCC3)cc2)n1,0.780078526,2.069215304,0.15,0.27,347.422,3.42722
Cc1cc(C(=O)Nc2ccc(-c3ccccc3S(N)(=O)=O)cc2)n(-c2ccc3ccccc3n2)n1,0.386278479,2.350353447,0.09,0.04,483.553,4.29562
COc1ccc(C(=O)Nc2ccc(C(=O)Nc3ccccc3N)cc2)cc1,0.602955131,1.624403684,0,0.01,361.401,3.782
O=C(CN1CC=C(c2ccc([N+](=O)[O-])cc2)CC1)c1ccccc1,0.479473828,2.098008055,0.02,0.05,322.364,3.5668
NC(=O)c1cccc2cnc(Nc3ccc(N4CCNCC4)cc3)nc12,0.666182233,2.29385034,0.63,0.68,348.41,1.8819
Cc1ccc(-c2nc(-c3ccc(Cl)cc3)c(-c3ccccc3)n2CC(=O)O)cc1,0.449713065,2.070011168,0.03,0,402.881,5.93052
COc1cccc(-c2nc(Nc3ccccc3)nc(N)n2)c1,0.768943692,1.901892828,0.25,0.12,293.33,2.873
CN(C)CCCCNc1cc(Nc2ccc(N3CCOCC3)cc2)ncn1,0.658093122,2.330413401,0.16,0.36,370.501,2.8105
COc1ccc(CNc2nc(Nc3cc(N4CCOCC4)cc(Nc4cc(C#N)ccn4)n3)ccc2OC)cc1,0.259815006,2.854116619,0.23,0.26,538.612,4.69638
COc1ccc(S(=O)(=O)Nc2ccc(Cl)cc2C(=O)c2ccncc2)cc1,0.634049736,1.979486691,0.11,0.02,402.859,3.7754
CC(=O)Nc1ccc(-c2nc(N3CCOCC3)c3cnn(C4CCN(C(=O)C5CCCC5)C4)c3n2)cc1,0.569766977,3.106046169,0.11,0.08,503.607,3.2519
COc1ccc(C(=O)Nc2cc(-c3ccccc3)ccn2)cc1,0.792046242,1.632561357,0.24,0.36,304.349,4.0095
COc1ccc(NC(=O)Nc2ccc(-c3cccc4c3N=C(O)C4)cc2)cc1,0.591287439,2.377380194,0.28,0.04,373.412,5.1503
CC(C)Oc1ccc(-c2nc(-c3ccc4c(c3)CCC4CC(=O)O)no2)cc1Cl,0.587009012,2.887929343,0.07,0.02,412.873,5.3487
COc1ccc(-c2ccc(C(=O)Nc3cccc(CN4CCNCC4)c3)cc2)cc1,0.655114566,1.897302879,0.07,0.02,401.51,4.0197
COc1ccc(-c2ccccc2)cc1Nc1ccncc1,0.761422188,1.730385556,0.45,0.25,276.339,4.5008
O=C(Nc1ccc(Cl)cc1)c1ccc(-c2cnc3ccccn23)nc1,0.600095029,2.111309403,0.08,0.04,348.793,4.302
O=C1NCC(c2ccccc2)O1,0.680332922,2.640424413,0.06,0,163.176,1.4675
CC(C)c1ccc(Nc2nc(Nc3ccc(N4CCOCC4)cc3)ncc2Cl)cc1,0.53944998,2.227417269,0.56,0.55,423.948,5.5772
CN(C)CCOc1ccc(Nc2nccc(Nc3ccccc3Cl)n2)cc1,0.594298261,2.1232875,0.63,0.39,383.883,4.5576
CCc1cc(C(=O)O)nc(Nc2ccc(Cl)cc2Cl)n1,0.898164763,2.246198313,0.09,0.09,312.156,3.7876
COc1ccc(-c2nc(-c3ccc4c(c3)OCCN4C(=O)CCC(=O)O)no2)cc1,0.660664189,2.337024122,0.05,0.02,409.398,3.0024
CC(C)(C)c1ccc(C(=O)Nc2ccc(F)c(C(F)(F)F)c2)cc1,0.729936083,1.882284006,0.01,0,339.332,5.3943
Cc1cc(-c2n[nH]c3ccc(C(O)=NC4CCCC(C(O)=NC5CCCCC5)C4)cc23)ccn1,0.317078347,3.976067865,0.29,0.16,459.594,6.08592
CN(C)c1ccc(-c2ccc3nccc(Nc4cccc(-n5cccn5)c4)c3n2)cc1,0.429605587,2.425964059,0.37,0.32,406.493,5.2921
COc1cc(C(=O)Nc2ccccc2Nc2ncnc3cc(-c4ccccc4)n(-c4ccc(C)cc4)c23)ccc1OC,0.203279101,2.53410614,0.22,0.08,555.638,7.40902
COc1ccc(NC(=O)c2cc(C(F)(F)F)nc3ccccc23)cc1OC,0.727191214,1.994207193,0.01,0.03,376.334,4.5231
COc1ccc(C2=NNC(=O)C2=NNc2ccc(C(C)(C)C)cc2)cc1OC,0.779732797,2.586304586,0.87,0.07,380.448,3.3033
CC(C)(C)C(=O)CN1C(=O)C(=Cc2ccc(O)c(Br)c2)C(=O)C1=O,0.366986405,2.659769068,0.01,0.04,394.221,2.0912
O=C1c2ccccc2C(=O)N1c1cccnc1,0.694760144,1.801175216,0.12,0.01,224.219,1.8822
CC(C)(C)c1ccc(NC(=O)Nc2ccc(-c3cncc4[nH]nc(N)c34)cc2)cc1,0.381241453,2.388409055,0.75,0.17,400.486,5.1486
COc1ccc(C(=O)Nc2cccc(C(C)Nc3ncnc4c(C(N)=O)cccc34)c2)cc1,0.396131543,2.648843625,0.23,0.15,441.491,4.1627
CC(C)C(=O)Nc1ccc(-c2nc(N3CCOCC3)c3ncccc3n2)cc1,0.752437384,2.244908399,0.11,0.12,377.448,3.1229
Cc1cc(C(=O)Nc2ccc(-c3ccccc3)c(C(F)(F)F)n2)on1,0.766249444,2.373898269,0.06,0.03,347.296,4.31612
Nc1ncc(-c2ccc(-c3ccccc3S(=O)(=O)N3CCCCC3)cc2F)cn1,0.705663032,2.309209314,0.17,0.1,412.49,3.7065
O=C1NC(=O)C(=Cc2ccc(OCCCc3ccccc3)cc2)C1=S,0.376019433,2.296932005,0.24,0.1,351.427,3.1079
COC(=O)c1ccc(-c2nc(-c3ccnc4ccccc34)no2)cc1,0.532203316,2.005856716,0.12,0.09,331.331,3.7384
COc1ccc(-c2ccc3c(c2)Nc2ccccc2NC3=O)cc1,0.722008455,2.006317419,0.79,0.06,316.36,4.6715
O=C1NC(=O)c2c1c1cc(-c3ccccc3F)ccc1O2,0.697060688,2.393150544,0.55,0.13,281.242,3.1225
N#Cc1ccc(-c2cnc3ccccc3n2)cc1,0.645922596,1.824874352,0.1,0.11,231.258,3.16848
COc1ccc(-c2cnc(N)c(C(=O)Nc3ccc(C)c(N4CCNCC4)c3)n2)cc1,0.584977708,2.337579762,0.51,0.14,418.501,2.70472
Cc1nc(Nc2cc(N3CCOCC3)nc(N3CCOCC3)n2)cc(OC)c1-c1ccccc1,0.593161144,2.631754939,0.13,0.1,462.554,3.27242
CN(C)c1ccc(Nc2ncc(C(=O)O)cn2)cc1,0.872720961,2.01110874,0.34,0.34,258.281,1.9844
CC(C)(C)c1ccc(CNc2ncc(C(=O)c3cncc(Nc4ccc(N5CCOCC5)cc4)c3)cc2)cc1,0.267422166,2.562391353,0.13,0.29,521.665,6.1974
COc1cccc(-c2nnc(Nc3ccc(N4CCOCC4)cc3)o2)c1,0.754904188,2.135363955,0.34,0.2,352.394,3.3254
COc1ccc(C(=O)Nc2ccc(-c3cncc4[nH]ncc34)cc2)cc1,0.588558138,2.064239206,0.33,0.09,344.374,3.8858
O=C(Nc1ccc(-c2cnc3ccccn23)cn1)c1ccccc1,0.627737833,2.067122511,0.1,0.05,314.348,3.6486
O=C(Nc1ccccc1)Nc1ccc(-c2nc(N3CCOCC3)c3cccnc3n2)cc1,0.508823171,2.221387815,0.17,0.11,426.48,4.1724
COc1ccc(-c2ccc(CNC(=O)c3ccc(C(F)(F)F)cc3)cc2)cc1OC,0.592865416,1.843607,0.09,0.03,415.411,5.3196
COc1ccc(-c2nc(-c3ccc(C)c(OC)c3)n3c2C(C)OCC3)cc1,0.676831402,2.990215446,0,0.01,364.445,4.63392
COc1ccc(C(=O)Nc2cccc(-c3cccc4ccccc34)n2)cc1,0.550430562,1.814333946,0.08,0.04,354.409,5.1627
CCN(CC)CCNc1ccc2ncnc(Nc3ccc(F)cc3OC(C)C)c2c1,0.48658994,2.4485372,0.35,0.25,411.525,5.0534
COc1ccc(Nc2ncc(C(N)=O)c(Nc3ccc(C4CCNCC4)cc3)n2)cc1,0.463937843,2.337994473,0.53,0.38,418.501,3.5383
O=C(Nc1cccc(CN2CCC(C(O)=NC3CCCCC3)CC2)c1)c1ccc(F)cc1,0.458039995,2.398712115,0.01,0,437.559,5.5792
COC(=O)c1cccc(-c2nn(C(C)C)c3ncnc(N)c23)c1,0.746312315,2.374471023,0.39,0.16,311.345,2.443
CC(C)C(=O)Nc1ccc(Cl)c(-c2nc(Nc3ccc(N4CCN(C)CC4)cc3)oc2C)c1,0.505738251,2.549240549,0.09,0.08,468.001,5.39332
COc1ccc(-c2ccc(C(=O)Nc3ccc4c(c3)CCC(C(=O)O)C4)cc2)cc1,0.643675929,2.400732202,0.06,0.02,401.462,4.804
COc1ccc(-c2ccc3c(c2)Nc2ccccc2NC3=O)cc1,0.722008455,2.006317419,0.79,0.06,316.36,4.6715
Cc1ccc(-c2ccc(C(=O)Nc3ccc(CN4CCNCC4)c4ccccc34)cc2)cn1,0.468776018,2.221728912,0.12,0.04,436.559,4.86772
CCN(CC)CCC=CC(=O)Nc1cc2c(Nc3ccc(Br)cc3F)ncnc2cn1,0.418285585,2.787898284,0.43,0.2,487.377,4.8966
Cc1cc(C(=O)O)ccc1-c1ccc(F)c2c1CN(C(=O)CCc1ccccc1)CC2,0.634420175,2.265766116,0.01,0.03,417.48,5.01682
O=C(Nc1ccc(Cl)cc1C(=O)Nc1ccc(Cl)cn1)c1ccccc1Cl,0.581371175,1.919647622,0.01,0.03,420.683,5.5464
COc1ccc(C(=O)CCCN(C)C)cc1Nc1ncnc2cnc(Nc3ccccc3)nc12,0.334347757,2.494780307,0.61,0.25,457.538,4.4401
COc1ccc(C(C)=O)cc1-c1cccc(C(F)(F)F)c1CNC1CC2C(=O)OC(C)C21,0.517111327,3.855744511,0.03,0,447.453,4.6232
COc1ccc(Nc2ncc(C(=O)Nc3ccc(CN4CCC(C(=O)O)C4)cc3)cc2)cc1,0.48058116,2.518226545,0.06,0.09,446.507,3.9926
CN(C)CCCOc1ccc(Nc2nccc(-c3cnc4ccccc4c3)n2)cc1,0.430889321,2.205222459,0.71,0.56,399.498,4.7659
O=C1NC(=O)C(=Cc2ccc(-c3ccccc3)cc2)S1,0.854122807,1.941004124,0.58,0.23,281.336,3.6775
O=C1NC(=O)c2c1c1cc(-c3ccccc3)ccc1O2,0.686471278,2.271621631,0.48,0.08,263.252,2.9834
O=C1NC(=O)C(=Cc2ccc(-c3ccccc3)cc2)S1,0.854122807,1.941004124,0.58,0.23,281.336,3.6775
CC(C)(C)CC(=O)Nc1cc(-c2cnn(C(F)F)c2)ccc1OCCCN1CCOCC1,0.57302713,2.662987896,0.06,0.13,450.53,4.421
COC(=O)c1cccc(-c2nc(Nc3ccc(N4CCNCC4)cc3)ncc2N)c1,0.557614589,2.408187561,0.51,0.6,404.474,2.6656
COc1ccc(Cl)cc1-c1nc(Nc2ccc(N3CCNCC3)cc2)ncc1Cl,0.616576147,2.33296657,0.58,0.62,430.339,4.6122
CC(C)c1ccc(Nc2nc(-c3cccc4cnccc34)ccc2NC(=O)CCN)cc1,0.365999508,2.425608398,0.25,0.12,425.536,5.4511
COc1cc2ncnc(Nc3ccc(Cl)cc3)c2cc1OCCCCCC(=O)NO,0.247148681,2.26844863,0.46,0.35,430.892,4.48
COc1ccc(-n2nc(C(N)=O)c3c2-c2cc(NC(=O)c4ccccc4Cl)ccc2CC3)cc1,0.441247516,2.33600409,0.08,0.04,472.932,4.6511
CC(C)c1cccc(-c2ccc3c(c2)C=CNC3=O)c1,0.733527063,2.017494743,0.22,0.06,263.34,4.3185
COc1cc(NC(=O)C=Cc2ccc(OC)c(OC)c2)ccc1OC,0.780934883,1.8181275,0,0.01,343.379,3.3729
COc1ccc(-c2ccc3nccc(Nc4ccc(N5CCOCC5)cc4)n32)cc1,0.531016938,2.424312581,0.22,0.36,400.482,4.5901
COc1ccc(-c2c(N)c(N)nc(NC(C)CCO)n2)cc1,0.638032453,2.891622645,0.24,0.1,303.366,1.4994
CN(C)CCC(=O)Nc1cccc(-c2n[nH]c3ncccc23)c1,0.759270514,2.218673339,0.43,0.11,309.373,2.5151
CC(=O)c1cnc2ccc(-c3ccc(F)c(Cl)c3)nc2n1,0.67743468,2.356538536,0.16,0.18,301.708,3.6869
COc1ccc(C(=O)Nc2cccc(C(=O)Nc3ccc4c(c3)-c3ccccc3C(=O)N4C)c2)cc1,0.340445683,2.041440605,0,0.03,477.52,5.2049
Cn1c(CNc2ccc(C(=N)N)cc2F)nc2cc(C(=O)Nc3cccc(C(F)(F)F)c3)ccc21,0.177704801,2.473530716,0.03,0.03,484.457,4.87967
COc1cc(OC)cc(N(CCNCCCCO)c2ccc3ncc(-c4cnn(C)c4)nc3c2)c1,0.29976883,2.847785655,0.21,0.15,476.581,3.5477
Cc1ccc(C(=O)Nc2ccc3c(c2)-c2c(c(C(N)=O)nn2-c2ccc(S(C)(=O)=O)cc2)CC3)cc1,0.432396413,2.433295876,0.08,0.02,500.58,3.70102
COc1ccc(-c2nc(Nc3ccccc3)nc(NC(=O)c3ccccc3Cl)n2)cc1,0.43603913,2.031025242,0.12,0.13,431.883,5.1965
CC(=O)Oc1ccc(C(=O)Nc2nc(-c3ccccc3)cc(OC)c2-c2ccccc2)cc1,0.313101619,2.129459345,0.21,0.02,438.483,5.6018
CCN(CC)C(=O)c1ccc(C(=O)Nc2ccc(-c3cccc4c3CNCC4)cc2)nc1,0.619181797,2.405167261,0.24,0.12,428.536,4.1286
Cc1cc(C)cc(-c2ccc(C(C)Nc3ncccc3N3CCCCC3)cc2)c1,0.541095673,2.675939421,0.14,0.09,385.555,6.52884
Nc1ccc(-c2ccnc3[nH]cc(C(=O)O)c23)cc1,0.611693032,2.260392533,0.64,0.21,253.261,2.5103
O=C(c1ccc(-c2ccccc2)cc1)N1CCC(N2Cc3ccccc3NC2=O)CC1,0.658969824,2.130945124,0.02,0.03,411.505,5.0059
COc1ccc(-c2cnc(Nc3ccccc3)o2)cc1,0.772112786,1.868758559,0.58,0.27,266.3,4.0938
COc1ccc(Nc2nccc(-c3cnc4ccccn34)n2)cc1,0.623460275,2.201344397,0.76,0.55,317.352,3.5435
Cc1ccc(NC(=O)c2ccc(C(C)(C)C)o2)cc1Nc1ncnc2cnc(NCc3ccccc3)nc21,0.237362157,2.712026016,0.4,0.12,507.598,6.22672
O=C(Nc1ccc(Cl)cc1C(=O)Nc1ccc(Cl)cn1)c1ccccc1Cl,0.581371175,1.919647622,0.01,0.03,420.683,5.5464
COc1ccc(NC(=O)c2ccc(F)c(Nc3ncnc4cnc(N5CCCC5)nc34)c2)cc1,0.442829556,2.403320953,0.28,0.26,459.485,4.1636
O=C(NCC1CCCCC1)c1nnc(-c2ccc(Cl)cc2)o1,0.932599311,2.120151482,0.06,0,319.792,3.7001
OC1CCC(Nc2nccc(-c3cnc4ccccc4c3)n2)CC1,0.773668179,2.292955231,0.62,0.76,320.396,3.4072
O=C1NC(=O)c2c1c1c(n2Cc2ccccc2)CCCC1,0.858146967,2.462537441,0.2,0.06,280.327,2.2988
CN(C)Cc1ccc(-c2ccc3c(N4CCOCC4C)nc(N4CCOCC4)nc3n2)cc1,0.59043206,3.108604212,0.09,0.02,448.571,2.8151
O=C(Nc1ccc(Cl)cc1C(=O)Nc1ccc(Cl)cn1)c1ccc(-c2cccnc2)cc1,0.382941127,2.085303047,0.23,0.06,463.324,5.955
O=C1NC(=S)NC1=O,0.310289158,2.985492946,0.33,0.04,130.128,-1.4827
Cn1c(Nc2c(Cl)ccc(CNC(=O)C(C)(C)C)c2Cl)nc2cc(C(=O)Nc3ccc(C(F)(F)F)cc3)ccc21,0.215770696,2.720075959,0.07,0.08,592.449,7.5571
Cc1cc(CNc2ccc(C(=O)Nc3ccc(N4CCOCC4=O)cc3)cc2)n[nH]1,0.58560537,2.375171645,0.14,0.08,405.458,2.94572
Cc1cccc(-n2nc(-c3ccccn3)nc2N=C(O)c2cnn3cccnc23)c1,0.368914704,2.967242389,0.15,0.04,396.414,3.31672
CN1CCC(c2ccc(Nc3ncc(C(F)(F)F)c(Nc4ccccc4S(=O)(=O)C(C)C)n3)cc2)CC1,0.386708646,2.688759155,0.65,0.49,533.62,5.9739
COc1cccc(-c2nn(C(C)C)c3ncnc(N)c23)c1,0.799076033,2.328224324,0.62,0.15,283.335,2.665
COc1ccc(Nc2ncc(C(N)=O)nc2-c2ccc3ccccc3c2)cc1,0.550753578,2.175978485,0.38,0.4,370.412,4.1479
COc1ccc(-c2ccc3c(Nc4ccccc4)n(-c4ccccc4)nc3n2)cc1,0.408205951,2.183041016,0.1,0.15,392.462,5.8397
CCCCCCCCCCCCCCCCCCNC(=O)Nc1c(C(C)C)cccc1C(C)C,0.182000826,2.288743592,0.02,0,472.802,10.3164
COc1ccc(C(=O)Nc2ccc(Cl)c(C(=O)Nc3ccccc3N)c2)cc1,0.556688966,1.758307642,0.04,0.02,395.846,4.4354
Cc1cc(-c2n[nH]c3ccc(C(O)=NC4CCCC(C(O)=NC5CCCC5)C4)cc23)ccn1,0.345982923,3.984300763,0.3,0.16,445.567,5.69582
COc1cc(-c2ccc3c(c2)Nc2ccccc2NC3=O)ccc1[N+](=O)[O-],0.525992119,2.292138949,0.73,0.13,361.357,4.5797
CNC(=O)C1OC(n2cnc3c(N)nc(NC(=O)c4ccccc4)nc32)C(O)C1O,0.35967681,3.594078654,0.27,0.09,413.394,-0.974
COc1ccc(-c2ccc3c(c2)Nc2ccccc2NC3=O)cc1,0.722008455,2.006317419,0.79,0.06,316.36,4.6715
COc1ccc(Nc2ncc(C(=O)c3ccccc3C(=O)O)cc2-c2ccncc2)cc1,0.409198616,2.228923783,0.35,0.28,425.444,4.825
CCCCC=CC=CC=CC=CCC=CCCCC(=O)Nc1ccc(-c2ncnc3[nH]cc(C(=O)OC)c23)cc1,0.088761919,3.234764579,0.29,0.03,538.692,7.8816
COc1cc(Nc2nccc(Nc3cc(C4CC4)n[nH]3)n2)cc(OC)c1OC,0.542642389,2.740465045,0.69,0.27,382.424,3.5901
COc1ccc(-c2ccc(C(=O)Nc3ccc4c(c3)-c3c(c(C(N)=O)nn3-c3ccc(O)cc3)CC4)c(OC)c2)cc1,0.245231464,2.589825428,0.14,0.03,560.61,5.3789
CC(=O)Nc1cccc(-c2c[nH]c3ncnc(N4CCOCC4)c23)c1,0.766792942,2.398973681,0.47,0.14,337.383,2.4199
COc1ccc(CNC(=O)C(C)(C)c2ccc(Cl)cc2)cc1,0.906682221,1.810593723,0.01,0,317.816,3.9426
CC(C)C(NC(=O)Cn1c(-c2ccccc2)ccc(N)c1=O)C(=O)c1nccs1,0.582332644,3.033526967,0.04,0.03,410.499,2.5777
O=C(c1ccccc1)c1ccc(-c2cnc(Nc3ccc(N4CCOCC4)cc3)o2)cc1,0.430933193,2.233238665,0.2,0.35,425.488,5.1528
O=C1NC(=O)C(=Cc2ccc(OCCCc3ccccc3)c(Cl)c2)S1,0.589881372,2.161945467,0.28,0.23,373.861,4.6755
Cc1cc(Nc2cc(N3CCOCC3)nc(Nc3ccc(N4CCOCC4)cc3)n2)ccc1OC,0.526453205,2.457273286,0.13,0.15,476.581,3.95402
COC(=O)c1ccc(CNc2nccc(-c3cnn4ccccc34)n2)cc1,0.551273244,2.317280587,0.41,0.24,359.389,3.19
Cc1ccc(Nc2nccc(-c3cnc4ccccn34)n2)cc1,0.624356474,2.207879139,0.71,0.39,301.353,3.84332
O=C(Nc1ccc(C(=O)N2CCCC2)cc1)c1ccc(-n2ccccc2=O)cc1Cl,0.692197961,2.06320677,0.01,0.02,421.884,3.9792
O=C(NCc1ccccc1)c1ccc(NC(=O)N2Cc3ccccc3C2)cc1,0.723222845,1.815700228,0,0,371.44,4.1643
COc1ccc(NC(=O)Nc2ccc(F)c(C(F)(F)F)c2)cc1Nc1ncnc2cnc(Nc3ccccc3)nc12,0.160657198,2.655629442,0.6,0.5,564.503,6.7175
COc1ccc(C(=O)Nc2cccc(Nc3nccc(-c4cccnc4)n3)c2)cc1,0.496406066,2.019397634,0.65,0.39,397.438,4.5431
O=c1cc(Nc2ccc(-c3ccccc3)cc2)ncn1C1CCCCC1,0.710347576,2.145232486,0.2,0.35,345.446,5.1591
COc1ccc(Nc2ncc(C(=O)Nc3ccccc3C(=O)O)cc2[N+](=O)[O-])cc1,0.396521967,2.091085571,0.11,0.29,408.37,3.6925
O=C(Nc1ccc(N2CCOCC2)cc1)c1ccc(-c2noc(C(F)(F)F)n2)cc1,0.693516506,2.224242369,0.08,0.04,418.375,3.8443
Nc1nc(-c2ccc(F)cc2)cc(-c2ccc(Cl)cc2Cl)n1,0.729576552,1.97306827,0.38,0.07,334.181,4.8387
COc1ccc(CNC(=O)c2ccc(Nc3nc(Nc4ccccc4S(=O)(=O)C(C)C)n4ncccc34)cc2)cc1,0.205497125,2.667880329,0.13,0.06,570.675,5.3372
COc1ccc2cc(-c3ccccc3)c(-c3ccc(C4(N)CCC4)cc3)n2n1,0.549749504,2.617175066,0.06,0.01,369.468,5.0148
COc1ccc(-c2cc(-c3ccccc3)nn2-c2ccncc2)cc1,0.549365555,1.930061839,0.43,0.06,327.387,4.6099
COc1ccc(C(=O)Nc2ccc(OC)c(C(=O)Nc3ccc4c(c3)-c3cc(C(N)=O)cn3C4)c2)cc1,0.312409062,2.47762112,0.04,0,496.523,4.1375
CC(=O)Nc1cc(NC(=O)c2ccc(Cl)cc2)cc(-c2cncc(N)c2)c1,0.63157137,2.102327581,0.19,0.03,380.835,4.1949
COc1ccc(-c2cnc(Nc3ccc(C(=O)NC4CC5CCC(C4)N5)cn3)nc2-c2ccncc2)cc1OC,0.300526097,4.220820449,0.42,0.15,537.624,4.3742
COc1cccc(-c2nccc3cc(-c4ccc(C)cc4)[nH]c23)c1,0.563167784,2.148598518,0.47,0.15,314.388,5.21392
Cc1cc(Nc2nccc(-c3cn(C)cn3)n2)cc2[nH]ncc12,0.607773232,2.775989142,0.62,0.38,305.345,2.80542
O=C1NC(=O)c2c1c1ccccc1[nH]c1cc(Cl)ccc12,0.523846396,2.528849774,0.37,0.04,296.713,2.74778
O=C1NC(=O)c2c1c1c3ccccc3[nH]c1c1[nH]c3ccccc3c21,0.378291686,2.491998971,0.88,0.38,325.327,3.8392
CC(=O)Nc1ccc(C(=O)Nc2ccc(Cl)c(C(=O)Nc3ccccc3N)c2)cc1,0.45652405,1.860514143,0.03,0.03,422.872,4.3852
COc1cc(Nc2nccc(Nc3ccccc3C)n2)ccc1OC,0.699764516,1.98099739,0.67,0.48,336.395,4.28942
O=C(NCc1ccccc1)c1ccc(Nc2ccccc2)cc1,0.734955247,1.43754837,0.01,0,302.377,4.3602
CNC(=O)c1ccc(-c2ccc3c(c2)N(c2ccc(NC(=O)c4ccccc4)cc2)CC3)cc1,0.415012083,2.068585288,0.04,0.05,447.538,5.6597
CCCN(CCC)C(=O)c1ccc(C(=O)Nc2ccc(C(=O)O)cc2)cc1,0.739750224,1.815025039,0.01,0,368.433,3.8993
CCN(CC)C(=O)c1ccc(NC(=O)Nc2ccc(Nc3cccc(C(=O)O)c3)cc2)cc1,0.377469664,2.018419209,0.01,0.07,446.507,5.2544
CCC(C)C(NC(=O)Cn1c(-c2ccccc2)ncc(N)c1=O)C(=O)c1nccs1,0.534743602,3.394047968,0.04,0.01,425.514,2.3628
CC(C)Nc1cc(-n2ccc3cc(C#N)cnc32)ncc1C(O)=NC1CCC(C(C)(C)O)CC1,0.360791424,3.434523603,0.12,0.08,460.582,4.74678
COc1ccc(CNc2nc(Nc3ccccc3)nc(NC3CCCCC3)n2)cc1,0.488141231,2.146648968,0.2,0.12,404.518,4.9805
Cc1cccc(C(=O)Nc2ccc(Cl)c(C(F)(F)F)c2)c1,0.837424127,1.732714875,0.01,0.01,313.706,4.91952
COc1ccc(N2CCN(c3cccc(C(F)(F)F)c3)C2=O)cc1OC,0.815676179,2.141519874,0.01,0,366.339,4.1692
CC(=O)Nc1ccc(Nc2nccc(Nc3ccc(N4CCOCC4)cc3)n2)cc1,0.576127554,2.172735921,0.46,0.48,404.474,3.7588
O=C1Nc2ccc(Cl)cc2C(=O)c2ccncc21,0.671543535,2.215596421,0.5,0.12,258.664,2.0899
O=C(NC1CCCCC1)c1ccc2cnccc2c1,0.893082084,1.860289603,0.1,0.07,254.333,3.2973
CC(=O)Nc1ccc(Nc2nccc(Nc3ccccc3)n2)cc1,0.66402042,1.88329632,0.59,0.41,319.368,3.9222
COc1ccc(Nc2ncc(C(=O)Nc3ccc(N4CCOCC4)cc3)cc2-c2cncnc2)cc1,0.400255831,2.425059432,0.25,0.25,482.544,4.3797
CCCCN(C)C(=O)c1ccc(Nc2nccc(-c3cccnc3)n2)cc1,0.684251186,2.148072116,0.63,0.44,361.449,4.1543
O=C1Nc2ccc(Cl)cc2C(=O)c2c1nnc1ccccc21,0.541577911,2.340855225,0.47,0.12,309.712,2.6381
COc1ccc(Nc2ncc(F)c(Nc3ccccc3C(=O)O)n2)cc1,0.619218931,2.025598097,0.81,0.57,354.341,3.8097
COc1ccc(-c2nc(Nc3ccccc3)ncc2F)cc1,0.788955429,1.839174078,0.55,0.55,295.317,4.0349
Oc1ccc(-c2nnc(N3CCC(N4CCCCC4)CC3)o2)cc1,0.934416668,2.360292392,0.08,0.04,328.416,2.8969
CC(C)NC(=O)c1cccc(-c2cc(-c3ccccc3)nn2-c2ccccc2)c1,0.506836326,1.95291602,0.03,0.02,381.479,5.3445
COc1ccc(-c2ccc3c(c2)Nc2ccccc2NC3=O)cc1,0.722008455,2.006317419,0.79,0.06,316.36,4.6715
O=C1NC(=O)C(=Cc2ccc(-c3ccccc3)c(-c3ccc(Cl)cc3)c2)C1=O,0.315522655,2.208516583,0.51,0.19,387.822,4.2829
O=C(NC1CCC(CCNc2nc3ccccc3s2)CC1)c1ccccc1,0.627328957,2.067447116,0,0.01,379.529,5.0871
COc1ccc(-c2cccc3cc(NC(=O)CCC)ncc23)cc1,0.744270954,1.971518423,0.22,0.17,320.392,4.649
COc1cc(CC(=O)O)ccc1-c1ccc(F)c2c1CN(C(=O)C=Cc1ccc3ccccc3n1)CC2,0.367856184,2.700390559,0.03,0.02,496.538,5.2747
O=C1NC(=O)C(=Cc2ccc(-c3ccccc3)cc2)S1,0.854122807,1.941004124,0.58,0.23,281.336,3.6775
COc1ccccc1Nc1nc(Nc2ccc(N3CCOCC3)cc2N)ncc1Cl,0.507798545,2.381411964,0.45,0.57,426.908,4.0446
O=C(NCCN1CCCCC1)c1ccccc1Nc1cccc(-c2cnc3ccccc3n2)c1,0.401296645,2.200281778,0.36,0.34,451.574,5.2561
CNC(=O)c1ccc(-c2noc(C(F)(F)F)n2)cc1,0.907920604,2.138302494,0.08,0.02,271.198,2.115
COc1cc(C(=O)NC2CCN(C)CC2)ccc1Nc1nccc(-c2cnn3ccccc23)n1,0.458222687,2.583234239,0.55,0.36,457.538,3.3675
CC(=O)Nc1ccc(-c2nccnc2C2CN(c3ccc4ccccc4n3)C2)cc1,0.559209884,2.364307985,0.09,0.17,395.466,4.254
CC(C)c1ccc(Nc2nc(Nc3ccccc3)ncc2F)cc1,0.675390889,1.955878289,0.75,0.48,322.387,5.2263
O=C1NC(=O)C(=Cc2ccc(-c3ccc(O)c(Cl)c3)o2)S1,0.825617129,2.491421195,0.6,0.34,321.741,3.6295
COc1ccc(-c2nc(Nc3ccccc3)ncc2OC)cc1,0.774348703,1.864424503,0.53,0.53,307.353,3.9044
COc1ccc(Nc2ncc(C(=O)Nc3ccc(OC)cc3)cc2-c2ncccc2C(=O)O)cc1,0.333843026,2.265196832,0.06,0.12,470.485,4.8549
Cc1ccc(-c2nc(-c3ccc(OC(C)C)c(C#N)c3)n[nH]2)cc1,0.785372684,2.281550451,0.14,0.01,318.38,4.106
COc1cc(CNC(=O)c2ccc(-c3cncc(C)c3)cc2)ccc1OCC(=O)O,0.594586927,2.040948784,0.17,0.02,406.438,3.45902
COc1cc(C(=O)NC(=N)Nc2ccc(Cl)c(Cl)c2)cc(OC)c1OC,0.526499985,2.327325264,0,0.02,398.246,3.79587
COc1ccc(-c2nc(Nc3ccccc3)nc(NC(C)C)n2)cc1,0.706136585,2.019887775,0.13,0.15,335.411,4.1111
Nc1ncnc2c1c(-c1ccc(Oc3ccccc3)cc1)nn2C1CCCC1,0.547018472,2.247118388,0.74,0.33,371.444,4.9829
CN(C)C(=O)c1ccc(-c2nccc3ccccc23)cc1F,0.721042659,1.991407724,0.22,0.09,294.329,3.7427
COc1ccc(C(=O)Nc2nc3ccccc3nc2Nc2ccccc2C(=O)Nc2ccccc2)cc1,0.263418074,2.135421304,0.09,0.09,489.535,5.8866
O=C(Nc1ccc(C(=O)Nc2ccccc2Nc2ccnc3ccccc23)cc1)c1ccccc1,0.271817956,1.982994123,0.11,0.12,458.521,6.483
CC(C)(C)c1ccc(NC(=O)Nc2ccc(-c3cccc4c3CNCC4)cc2)cc1,0.510342988,2.205959006,0.3,0.03,399.538,5.9408
CC(=O)Nc1cccc(CNC(=O)c2ccc(-c3cccc4ncccc34)cc2)c1,0.510340973,1.897216738,0.37,0.07,395.462,4.7902
CC(C)C(=O)Nc1ccc(-c2noc(-c3cccc4cnccc34)n2)cc1,0.578839387,2.149946672,0.24,0.14,358.401,4.5463
COc1cc(Nc2ncc(C(N)=O)c(Nc3ccccc3)n2)cc(OC)c1OC,0.532060352,2.184984434,0.81,0.42,395.419,3.0885
COc1ccc(Nc2ncc(C(N)=O)s2)cc1Nc1ncnc(N2CCC(O)C2)n1,0.435443824,3.183468159,0.39,0.26,428.478,1.4938
COc1ccc(-n2nc(C(N)=O)c3c2-c2cc(NC(=O)c4ccccc4Cl)ccc2CC3)cc1,0.441247516,2.33600409,0.08,0.04,472.932,4.6511
Cc1ccc(Nc2nccc(-c3cnc4ccccn34)n2)cc1,0.624356474,2.207879139,0.71,0.39,301.353,3.84332
Cc1ccc(-c2nn(-c3ccccc3)nc2-c2ccncc2)cc1,0.566131148,2.082476141,0.34,0.05,312.376,4.30472
Cc1ccc(-c2ccc(S(=O)(=O)Nc3ccc(Cl)cn3)cc2)cc1,0.745945958,1.831894569,0.09,0.04,358.85,4.51122
O=C(Nc1ccc(F)cc1)c1nc(-c2ccc(F)cc2)nc(Nc2ccccc2)n1,0.499798907,2.093593396,0.19,0.19,403.392,4.8127
CCCCCCCCCCCCCCCCCCCCNC(=O)Nc1c(C(C)C)cccc1C(C)C,0.15265888,2.326153742,0.02,0,500.856,11.0966
COc1ccc(C(=O)Cc2c(Cl)cncc2Cl)c2cc(C(=O)O)ccc12,0.640853948,2.346831413,0.08,0.03,390.222,4.6738
O=C(Nc1ccc(Cl)cc1)c1ccc(Nc2ccnc3[nH]ccc23)cc1,0.466278409,2.018382931,0.34,0.19,362.82,5.2122
CNC(=O)c1ccc(-n2cnc3ccccc32)cc1NC1CCC(N)CC1,0.664991135,2.398167382,0.15,0.1,363.465,3.0669
Cc1cc(-c2ccccn2)cc(-c2cccc(C(=O)Nc3cc(C(C)(C)C)nn3C)n2)c1,0.474941553,2.520777127,0.04,0.04,425.536,5.40232
O=C(Nc1ccc(Cl)cc1)c1ccccc1Nc1ncnc2ccncc12,0.541275504,2.058727325,0.32,0.23,375.819,4.6741
COc1ccc(-c2nc(-c3cccc4ccccc34)[nH]n2)cc1,0.613512575,1.925132533,0.27,0.03,301.349,4.3005
Cc1ccc(-c2nnc(Nc3ccccc3)o2)cc1,0.769054167,1.796656636,0.6,0.01,251.289,3.78862
CC(C)(C)C(=O)Cn1c(=O)n(CC(=O)Nc2ccc(Br)cc2)c2ccccc21,0.650569097,2.18954261,0.01,0.02,444.329,3.8194
CN(C)CC(=O)Nc1ccc(-c2nc(N3CCOCC3)c3cccnc3n2)cc1,0.711208152,2.33511602,0.11,0.04,392.463,2.0285
CN(C)CCOc1ccc(Nc2nccc(Nc3cc(N4CCOCC4)cc(F)c3)n2)cc1,0.506789888,2.469989603,0.52,0.55,452.534,3.8799
COc1ccc(CNc2nc(N3CCCCC3)nc(Nc3ccc(N4CCOCC4)cc3)n2)cc1,0.500618877,2.348514359,0.04,0.07,475.597,4.0628
CN(C)C(=O)c1ccc(-c2nc(Nc3ccccc3)nc(N3CCCCC3)n2)cc1,0.695968464,2.155161035,0.03,0.07,402.502,3.9743
COc1cc2ncnc(Nc3cccc(Br)c3)c2cc1OC,0.757494074,1.993404676,0.87,0.48,360.211,4.1531
COc1ccccc1Nc1nc(Nc2cccc3ccccc23)n[nH]1,0.503502191,2.173437931,0.19,0.1,331.379,4.4537
N#Cc1cnc(Nc2ccc(N3CCCCC3)cc2)nc1Nc1cccc(Cl)c1,0.585957322,2.2554756,0.51,0.61,404.905,5.47918
Cc1ccc(-c2cccc3c2-c2ccccc2C3=O)cc1,0.481836299,1.732715752,0.04,0,270.331,4.87342
COc1ccc(Nc2ncc(-c3ccccc3)o2)cc1OC,0.767763686,1.961654126,0.89,0.27,296.326,4.1024
CC(=O)Nc1cc(Nc2cc(Nc3ccc(OC)cc3)ncn2)cc(OC)c1,0.571906206,2.18895716,0.27,0.28,379.42,3.9394
N#CCCC1(n2cc(C(=N)O)c(=Nc3ccccc3)[nH]2)CC1,0.583153531,3.671654126,0.19,0.01,295.346,2.72485
O=C(Nc1ccc(C(=O)Nc2ccccc2C(=O)Nc2ccc(Cl)cn2)cc1)c1ccccc1,0.346508789,1.913626147,0.06,0.08,470.916,5.4919
COc1ccc(C(=O)Nc2ccc(-c3cncc4ccncc34)cc2)cc1,0.5828674,1.993860723,0.31,0.12,355.397,4.5577
COc1ccc(-c2ccc3c(N4CCOCC4C)nc(N4CCCCC4)nc3n2)cc1CO,0.634542888,3.124372962,0.08,0.01,449.555,3.4081
COc1ccc(-c2ccc3c(N4CCOCC4)cc(Nc4ccc(N5CCOCC5)cc4)nc3n2)cc1,0.410322588,2.547819742,0.14,0.23,497.599,4.7222
COc1ccc(CN=c2[nH]c(N3CCC4(CC4)C3)nc(N3CCCC(C)C3)n2)cc1OC,0.746504575,4.029095643,0.05,0.02,438.576,3.1494
COc1ccc(C(=O)Nc2nc(-c3ccccc3)c(C(=O)c3ccccc3)[nH]2)cc1,0.466987725,2.129324431,0.13,0.04,397.434,4.5686
CC(C)CN(C)C(=O)c1ccccc1Nc1nc(Nc2ccc3c(c2)N=C(c2cccc(F)c2)CC3)ncc1F,0.250588533,2.889612819,0.53,0.52,540.618,7.037
COc1cc(NC(=O)c2ccc(C#N)cc2)cc(Nc2nccc(Nc3cc(C4CC4)[nH]n3)n2)c1,0.292906319,2.656028762,0.41,0.25,466.505,4.69688
COc1ccc(Nc2ncc(C(=O)Nc3ccccc3CNc3cnc4ccccc4c3)n2-c2ccccc2)cc1,0.182205882,2.551696721,0.09,0.15,540.627,7.0371
COc1ccc(C(=O)Nc2ccc(OC(C)C)cc2)cc1Nc1ncnc2[nH]c(-c3ccccc3)nc12,0.249304283,2.448740582,0.58,0.21,494.555,5.8116
O=C1NC(=O)C(=Cc2ccc(-c3ccccc3)cc2)O1,0.849204101,2.151152931,0.39,0.13,265.268,2.9609
COc1ccc(CNc2nc(Nc3ccccc3)ncc2[N+](=O)[O-])cc1,0.493470281,2.04239872,0.67,0.24,351.366,3.7491
O=C1CC(NC(=O)C2CCCC2)CCN1c1ccc(-c2ccccc2)cc1,0.887947461,2.426031954,0.01,0.02,362.473,4.1554
CCCCCCCCCCCC(=O)Nc1c(OC)ccc2ccccc12,0.429739813,1.933337182,0,0.02,355.522,6.7078
O=C1NC(=O)c2c1c1ccc3ccccc3c2[nH]1,0.620074353,4.089045447,0.58,0.11,236.23,-0.24012
COc1ccc(-c2nc(Nc3cccc4cnccc34)n[nH]2)cc1,0.598989197,2.204967799,0.48,0.19,317.352,3.7721
COc1ccc(-c2nc(Nc3ccccc3)nc(N)n2)cc1,0.768943692,1.845301001,0.17,0.12,293.33,2.873
COc1cccc(-c2nn(C(C)C)c3ncnc(N)c23)c1,0.799076033,2.328224324,0.62,0.15,283.335,2.665
COc1ccccc1Nc1nc(Nc2cccc(NC(=O)CCN)c2)ncc1Cl,0.443039625,2.213911075,0.61,0.4,412.881,3.9131
Cc1cccc(C(=O)Nc2ccc(-c3cccc4cnccc34)cc2)c1,0.538580078,1.803485157,0.26,0.2,338.41,5.46252
Cc1ccc(C(=O)Nc2ccc(Cl)c(C(=O)Nc3ccncc3N)c2)nc1,0.639965448,2.163205112,0.15,0.03,381.823,3.52522
Cc1ccc(-c2ccc(N3CCC(N4CCCCC4)CC3)nc2)cc1,0.822411664,2.023076184,0.06,0.08,335.495,4.51172
Cc1cc(-c2cccc3ccccc23)cc(-c2ccc3[nH]ncc3c2)n1,0.445864054,2.187945174,0.59,0.15,335.41,5.75352
Cc1cc(-c2cccc(F)c2)c(F)cc1-n1c(=O)ccc2cc(S(=O)(=O)Nc3ccon3)ccc21,0.37055384,2.719161615,0.15,0.06,493.491,5.03312
O=C(NC1CCCCC1)c1ccc2ncccc2c1-c1ccc(F)cc1,0.71506207,2.007424429,0.2,0.14,348.421,5.1034
CC(=O)Nc1ccc(Nc2nccc(Nc3ccccc3)n2)cc1,0.66402042,1.88329632,0.59,0.41,319.368,3.9222
COc1ccc(-c2nn(C(C)C)c3ncnc(Nc4cccc(Cl)c4)c23)cc1,0.485987789,2.328654468,0.43,0.2,393.878,5.4798
CC(=O)Nc1cccc(-c2nc3ccccc3nc2Nc2ccc3ncccc3c2)c1,0.409910933,2.211044363,0.19,0.22,405.461,5.547
COc1cc(Nc2ncc3ccn(-c4cccc(C(=O)O)c4)c3n2)cc(OC)c1OC,0.463677912,2.416868564,0.67,0.39,420.425,3.8881
COc1cc2ncnc(Nc3cccc([N+](=O)[O-])c3)c2OCCN1c1ccncc1,0.502710055,3.062953078,0.22,0.18,406.402,3.3672
CN(C)CCOc1ccc(Nc2cc(Nc3ccc(N4CCOCC4)cc3)cc(NC(=O)C=CC#N)c2)nc1,0.247061623,2.837980052,0.23,0.33,527.629,4.36408
COc1ccc(CC(=O)O)cc1-c1ccc(F)c2c1CN(C(=O)C=Cc1ccc(F)cc1)CC2,0.530213725,2.531044073,0.01,0,463.48,4.8656
Cc1cc(-c2nc(-c3ccc(OC(F)(F)F)c(C)c3)n3c2CCOC(C)C3)cc(C)n1,0.557447213,3.420413572,0.07,0.02,431.458,5.39716
CN(C)CCn1ccc(Nc2ncc3c(n2)-c2c(nn(C)c2-c2ccccc2)CC3)c1,0.521597858,2.989456011,0.42,0.32,413.529,3.7494
Cn1cc(Nc2ncc(C(F)(F)F)c(Nc3ccccc3)n2)cn1,0.761100329,2.357521039,0.81,0.49,334.305,3.7161
CC(=O)Nc1ccc(CC(=O)Nc2nnc(CCCCc3ccc(NC(=O)Cc4ccccc4)nn3)s2)cc1,0.227486031,2.543248126,0.02,0.02,543.653,4.2143
CN(C)CCOc1ccc(Nc2nccc(Nc3ccccc3)n2)cc1,0.642959765,2.024116332,0.63,0.35,349.438,3.9042
Cc1cc(-c2n[nH]c3ccc(C(O)=NC4CCCC(N)C4)cc23)ccn1,0.497426108,3.635647842,0.36,0.22,349.438,3.50782
CCCC(=O)Nc1ccc2ncnc(Nc3cccc(Cl)c3)c2c1,0.701971894,1.985789995,0.69,0.15,340.814,4.7654
CCN1CCN(c2ccc(Nc3ncc4ccc(-c5ccccc5)nn34)cc2)CC1,0.543698637,2.379024767,0.16,0.29,398.514,4.2818
CCOc1cc(Cl)c(Nc2ncc(C(N)=O)nc2Nc2cccc(C(C)C)c2)cc1OC,0.403772949,2.550811872,0.15,0.14,455.946,5.2468
COc1ccc(-c2cc3ccccc3s2)cc1OC,0.692938456,1.784183769,0.03,0.02,270.353,4.5855
O=C(Nc1ccc(Cl)c(C(=O)Nc2ccccc2-c2ccnc3[nH]c(-c4ccc(N5CCOCC5)cc4)cc32)c1)c1ccccc1,0.16713645,2.625635659,0.34,0.19,628.132,7.8915
Cc1ccc(C(=O)Nc2ccc(F)c(C3(C)CC(C(F)(F)F)OC(=N)N3)c2)nc1,0.670739351,3.829446639,0.04,0.06,410.371,3.87219
CC(=O)Nc1ccc(-c2nc(Nc3ccc(N4CCOCC4)cc3)ncc2F)cc1,0.669442867,2.209730797,0.42,0.6,407.449,3.8213
COc1ccc(C=CC(=O)NC(C(=O)NC(C)CCCC(=O)O)C(=O)C=Cc2ccccc2)cc1,0.300172354,3.307413037,0.01,0,478.545,3.2353
O=C(Nc1ccccc1)c1ccc(NC(=O)N2Cc3ccccc3C2)cc1,0.725581017,1.765662086,0,0,357.413,4.4866
Cc1cc(C#N)ccc1Nc1cc(Nc2cccc3cnccc23)ncn1,0.553865095,2.442307851,0.4,0.25,352.401,4.6921
COc1ccc(-c2ccc3c(N4CCOCC4C)nc(Nc4ccccc4)nc3n2)cc1,0.496173632,2.846133062,0.18,0.17,427.508,4.6691
CCOc1ccc(Cl)cc1-c1ccnc2[nH]c(C3CCCCC3)cc12,0.594014546,2.408256294,0.32,0.08,354.881,6.3297
O=C1NC(=O)C(=Cc2ccc(-c3cccc(Cl)c3)o2)S1,0.854211213,2.328870451,0.53,0.24,305.742,3.9239
CNC(=O)c1cc2ccc(Nc3nccc(-c4cnc(N5CCC(O)C5)nc4)n3)cc2[nH]1,0.37843188,3.168693597,0.59,0.47,430.472,2.0891
CC(=O)c1ccc(OCC(=O)Nc2ncc(Cl)c(Nc3ccccc3)n2)cc1,0.583993045,2.058531583,0.39,0.21,396.834,4.0937
COc1ccc(CNc2ncc(Cl)c(Nc3cc(N4CCOCC4)nc(N4CCOCC4)n3)c2)cc1,0.46686657,2.665159577,0.12,0.15,512.014,3.5625
CC(C)(C)c1nc(NC2CCCC2)n2c(-c3ccccc3)ccnc21,0.728715385,2.677116621,0.16,0.26,334.467,5.0483
COc1ccc2ccc(-c3ccc(CNc4ccc(C(=O)O)cc4)cc3)cc2n1,0.476789265,2.005448987,0.1,0.04,384.435,5.2207
COc1ccc(C(=O)Nc2cccc(C(=O)O)c2)cc1OC,0.886514626,1.539402046,0,0.01,301.298,2.6543
O=C(Nc1ccc(N2CCOCC2=O)cc1)c1ccc(-c2cnc3ccncc3c2)cc1,0.536953909,2.306582037,0.23,0.22,424.46,3.9123
Cc1cccc(C(=O)Nc2ccc(-c3cncc4cc(OC)c(NC(=O)CC)cc34)cc2)c1,0.396694536,2.216762322,0.18,0.08,439.515,5.81962
COc1cccc(C(=O)Nc2cc3c(cc2Cl)CCC3C2CCCCC2)c1,0.680929252,2.622049743,0.02,0,383.919,6.211
CC(=O)c1cnc(NC(=O)Nc2ccc(Cl)c(C(F)(F)F)c2)cc1,0.788470842,2.120890082,0.17,0.08,357.719,4.6004
Cc1ccc(C2=NC(=O)C(=Cc3ccc(N4CCCC4)cc3)C2=O)cc1,0.631609341,2.301628259,0.03,0.01,344.414,3.57722
COc1ccc(NC(=O)c2ccc(Nc3nccc(-c4cnc(N5CCOCC5)c(C#N)c4)n3)cc2)cn1,0.380315547,2.647172973,0.58,0.43,508.542,3.64638
Cc1ccc(NC(=O)Nc2ccc(-c3cnc(N4CCOCC4)c4ncc(C=O)cc34)cc2)cc1,0.40551724,2.530678316,0.25,0.07,467.529,4.89832
COc1ccc(-c2ccc3nccc(Nc4ccc5[nH]ncc5c4)c3n2)cc1,0.471198124,2.323082058,0.56,0.34,367.412,4.9253
COc1ccc(-c2nc(-c3cccc4ccccc34)[nH]c2-c2ccccc2)cc1,0.384967138,1.980782095,0.41,0.06,376.459,6.5725
Cc1cccc(-c2noc(C(C)(C)C)c2C(=O)Nc2ccc(-c3ccc(C#N)cc3)cc2)n1,0.415157084,2.530310028,0.11,0.02,436.515,6.1335
COc1ccc(CNc2nc(Nc3cc(C)c(N4CCCC4)cc3OC)ncc2[N+](=O)[O-])o1,0.357384683,2.818308476,0.34,0.22,454.487,4.25932
CN(C)C1CCC(Nc2cc(-c3cccc(NC4CCOCC4)c3)nn2CC(C)C)CC1,0.600573509,2.774674451,0.17,0.09,439.648,5.0817
COc1ccc(C2=NNC(=O)C2=NNc2cc(Cl)c(OC)c(OC)c2)cc1OC,0.66999667,2.69864099,0.71,0.08,418.837,2.6764
Cn1c(Nc2c(Cl)ccc(CNC(=O)C(C)(C)C)c2Cl)nc2cc(C(=O)Nc3ccc(Cl)c(Cl)c3)c(OCC(F)F)cc21,0.165702071,3.03571761,0.08,0.08,673.375,8.489
CNC(=O)c1ccc(-c2[nH]c3ncnc(Nc4ccccc4)c3n2)cc1,0.528538057,2.245572809,0.76,0.25,344.378,3.1231
Cc1cccc(C(=O)Nc2ccc(C(=O)O)cc2)c1,0.885663167,1.402794952,0,0,255.273,2.94552
CCn1c(=O)[nH]c2nc(-c3ccc(N)cc3)oc2c1=O,0.675177028,2.577215795,0.12,0.01,272.264,0.9469
COc1ccc(N2CCN(C(=O)c3cc(Br)c(O)c(Cl)c3)CC2)cc1,0.813031949,2.007800027,0.03,0,425.71,3.7791
COc1cc(N)c(Cl)cc1C(=O)OCCN1CCC(CNS(=O)(=O)c2cccc3ccccc23)CC1,0.317674652,2.481596023,0.07,0.08,532.062,3.9313
Cc1nc(C(=O)Nc2ccc(Oc3ccnc4cc(OC)c(OC)cc34)cc2)on1,0.511991154,2.340284408,0.38,0.33,406.398,3.98802
O=C1NC(=O)C(=Cc2ccc(-c3ccc(Cl)cc3)o2)S1,0.854211213,2.266876119,0.45,0.24,305.742,3.9239
NC(=O)c1cccc2c(NCc3cccc(NC(=O)c4ccc(F)c(F)c4)n3)ccnc21,0.427621751,2.378029874,0.24,0.18,433.418,3.8713
CC(=O)Nc1cccc(CNc2nc(Nc3ccc(N4CCOCC4)cc3OC)ncc2Cl)c1,0.436908387,2.437283447,0.38,0.49,482.972,4.2893
O=C1NC(=O)c2c1c1cc(-c3ccccc3F)ccc1CC2,0.821810216,2.393211269,0.68,0.08,293.297,2.8489
CC(=O)c1ccc(-c2ccc(-c3ccc(C(=O)Nc4ccc(C)c(C(=O)O)c4)cc3)cc2)cc1,0.32998262,1.91194215,0.03,0,449.506,6.48212
Cn1c(Nc2c(Cl)ccc(CNC(=O)C(C)(C)C)c2Cl)nc2cc(C(=O)Nc3ccc(F)c(Cl)c3)ccc21,0.224216973,2.681277979,0.09,0.08,576.887,7.3308
COc1ccc(-c2ccccn2)cc1Nc1nccc(-c2cnc3ccccn23)n1,0.469215834,2.448955623,0.53,0.39,394.438,4.6055
CC(C)(C)c1ccc(-c2ccc3c(c2)-c2c(c(C(N)=O)nn2-c2ccc(S(C)(=O)=O)cc2)CC3)cc1,0.422353032,2.544873571,0.15,0,499.636,5.1048
Cc1ccc(C(=O)Nc2cc(C(C)(C)C)on2)cc1Nc1ncnc2cnc(NCc3ccccc3)nc12,0.256176455,2.714152481,0.34,0.12,508.586,5.62172
O=C(Nc1cccc(CN2CCC(C(O)=NC3CCCCC3)CC2)c1)c1ccccc1,0.483950027,2.343535318,0.01,0.01,419.569,5.4401
COc1ccc(-c2ccccc2)cc1N1CCN(Cc2cnc(C(=O)O)s2)CC1,0.667345026,2.287842943,0.04,0.03,409.511,3.8391
COc1ccc(CNc2nc(Nc3cc(N4CCOCC4)nc(N4CCOCC4)n3)ccc2Cl)cc1,0.46686657,2.646934903,0.03,0.07,512.014,3.5625
COc1ccc(-c2ccc(C(=O)Nc3ccccc3N)cc2)cc1,0.708716573,1.568300363,0.05,0,318.376,4.1967
Cc1ccc(-c2nc(-c3ccc(S(C)(=O)=O)cc3)cn2-c2cccnc2)cc1,0.52156136,2.198907352,0.15,0.01,389.48,4.31322
COc1ccc(-c2nc(-c3ccccc3)n(-c3ccc(Cl)cc3)n2)cc1,0.497216242,1.847701757,0.07,0.04,361.832,5.2633
COc1ccc(CNc2nc(Nc3cc(N4CCN(C(=O)CC)CC4)ccc3OC(C)C)ncc2Cl)cc1,0.357222771,2.561543659,0.35,0.24,539.08,5.3401
CC(C)(C)c1ccc(CNC(=O)c2ccc(-c3cccc4cnccc34)cc2)cc1,0.452337569,1.985732709,0.44,0.14,394.518,6.1293
Cc1cc(C(=O)Nc2ccc(-c3ccccc3S(N)(=O)=O)cc2)n(-c2cccc(C(=N)N)c2)n1,0.249466513,2.366679068,0.07,0.01,474.546,3.03149
CCCCCCCCCCCCCCCCCCOC(=O)C1=C(c2ccc(N)c(C(=O)O)c2)C=CC1=O,0.080499043,2.718407055,0.13,0.02,511.703,7.6642
COc1cccc(Nc2ncc(Nc3ccccc3)o2)c1,0.73465987,2.262558012,0.44,0.31,281.315,4.1704
COc1ccc(-c2nc(-c3ccc(C(=O)O)cc3)ccc2OC)cc1,0.759040037,1.824322525,0.02,0.03,335.359,4.131
CN(C)C(=O)c1cc2cnc(Nc3ccc(N4CCOCC4)cc3)nc2n1C1CCCC1,0.657869995,2.567873405,0.44,0.65,434.544,3.8284
CCN(C(=O)Cc1ccc(-c2ccc3ncnc(Nc4cccc(OC(C)C)c4)c3c2)cc1OC)C1CCCCC1,0.218775176,2.652858847,0.31,0.17,552.719,7.5599
CC1C=CC(C)=CC1=O,0.477684969,3.762765694,0.01,0,122.167,1.7077
CC(C)(C)c1cc(NC(=O)Nc2ccc(Cl)cc2Cl)n(-c2ccccc2)n1,0.553513397,2.09991427,0.13,0.06,403.313,6.1206
COc1ccc(NC(=O)Nc2ccc(F)c(C(F)(F)F)c2)cc1Nc1ncnc2cnc(NCc3ccccc3)nc12,0.152118151,2.692259274,0.45,0.29,578.53,6.586
CC(C)CC(NC(=O)CCc1ccccc1)C(=O)NC(C=O)Cc1ccccc1,0.575307941,2.777168272,0.01,0,394.515,3.0765
COc1ccc(-c2ccc3c(c2)Nc2ccccc2NC3=O)cc1,0.722008455,2.006317419,0.79,0.06,316.36,4.6715
Clc1cccc(-c2ncccn2)c1Cl,0.742185337,1.965274816,0.13,0.08,225.078,3.4504
COc1ccc(Nc2ncc(Nc3ccccc3C(=O)O)cn2)cc1,0.631706241,1.981910852,0.5,0.39,336.351,3.6706
Cc1cccc(Nc2nccc(Nc3ccccc3)n2)c1,0.746728862,1.841052057,0.8,0.36,276.343,4.27222
COc1ccc(Nc2ncc(-c3ccccc3)o2)cc1,0.772112786,1.85881749,0.6,0.33,266.3,4.0938
COc1ccc(-c2ccc3c(N4CCOCC4C)nc(-c4ccc(NC(=O)Nc5ccccc5)cc4)nc3n2)cc1,0.260082869,2.984465797,0.06,0.05,546.631,6.2365
CN(C)CC=Cc1ccc2ncnc(Nc3cccc(Br)c3)c2c1,0.692917274,2.374862904,0.53,0.27,383.293,4.7107
CCCC(=O)Nc1ccc(N2C(=O)c3cccc(C)c3N2C(=O)C2=C(C(C)C)CC2)cc1,0.58106785,2.931053704,0,0.01,431.536,5.22582
O=C1CC(c2ccccc2)=NN1c1ccc(Cl)cc1,0.822227971,1.982918874,0.04,0.03,270.719,3.481
CN(C)CCC(=O)Nc1cccc(-c2n[nH]c3ccc(-c4cn[nH]c4)cc23)c1,0.48171815,2.490802416,0.6,0.19,374.448,3.5102
CCCCCCCCC=CCC=CCC=CC=CC=CCCCC(=O)Nc1cc2c(nc1C)CCC2,0.127005991,3.160364582,0.02,0.05,488.76,9.29932
COc1ccc(CNc2nc(NCCN)nc(Nc3cc(C(=O)Nc4cccc(C(F)(F)F)c4)ccc3C)n2)cc1,0.16605069,2.567632553,0.09,0.12,566.588,5.18602
COc1cc(Nc2nccc(-c3cn(C)cn3)n2)cc2ccccc12,0.616314981,2.39970013,0.69,0.18,331.379,3.7825
CC(C)C(CO)Nc1nc(Nc2ccccc2)nc(Nc2ccccc2)n1,0.482929648,2.642087613,0.12,0.01,364.453,3.7876
COc1ccc(C(=O)O)cc1Nc1cc(NC(=O)c2ccccc2Cl)ccc1OC,0.488751455,1.923528978,0.03,0.07,426.856,5.0513
COc1ccc(Nc2ncc(C(N)=O)c(Nc3ccccc3)n2)cc1,0.639658763,1.928657005,0.77,0.49,335.367,3.0713
COc1cc2c(Nc3ccc(Br)c(Cl)c3)ncnc2cc1OCC1CNCCO1,0.549424471,3.02703008,0.47,0.21,479.762,4.1651
CC(=O)c1ccc(CNc2nc(Nc3ccccc3)nc(NC3CCCCC3)n2)cc1,0.436079836,2.215049097,0.21,0.13,416.529,5.1745
CC(C)CC(NC(=O)C(Cc1ccccc1)CC(=O)NC(C=O)CC(=O)O)C(=O)Nc1ccc(Cl)cc1,0.276784935,3.354557838,0,0,530.021,3.2168
COc1cc(C(=O)NC2CCN(C)CC2)ccc1Nc1ncc(C(F)(F)F)c(Nc2ccc(N(C)C)cc2)n1,0.370233408,2.636088144,0.65,0.46,543.594,4.8812
COc1ccc(-c2nc(-c3cccc4ccccc34)n[nH]2)cc1,0.613512575,1.928553348,0.26,0.03,301.349,4.3005
COc1ccc(-n2c(C(C)Nc3ncnc4[nH]ccc34)ncn2)cc1,0.582318789,3.063213317,0.43,0.07,335.371,2.7203
COc1ccc(-c2nc(Nc3cccc(CN4CCOCC4)c3)n3ncccc23)cc1,0.513955897,2.385441831,0.21,0.1,415.497,3.9807
O=C(NC1CCC(CCN2CCC(c3coc4ccccc34)CC2)CC1)c1ccccc1,0.522291248,2.32732401,0.02,0,430.592,5.9911
O=C(CNc1ncnc2ccc(C(F)(F)F)cc12)NC1CNC2(CCOC2)C1,0.730518057,4.142504084,0.21,0.13,395.385,1.6977
Cc1ccc(-c2nc(-c3ccc(NC(=O)Nc4ccc(C(=O)Nc5ccccc5)cc4)cc3)[nH]n2)cc1,0.223276038,2.123261047,0.19,0.03,488.551,6.34342
CC(=O)c1ccc(-c2cnc(N)nc2N)cc1,0.759483958,2.026965764,0.45,0.15,228.255,1.5106
O=C(NCCc1ccccc1)c1cccc(-c2noc(C(F)(F)F)n2)c1,0.751936862,2.077511818,0.1,0.01,361.323,3.7279
CCCOc1ccc(-c2ccc3c(N4CCOCC4C)nc(N4CCOCC4C)nc3n2)cc1,0.544542357,3.468634298,0.07,0.02,463.582,3.9308
CC(C)(C)c1cc(NC(=O)Nc2ccc(Nc3nccc(Nc4ccccc4C#N)c3)cc2)no1,0.259283718,2.60821037,0.19,0.45,467.533,6.36998
CC(C)(C)c1cc(NC(=O)Nc2ccc(Oc3ccnc(Nc4ccccc4)n3)cc2)no1,0.3369607,2.433259993,0.47,0.33,444.495,5.942
CC(NC(=O)C(C)(C)Oc1ccc(Cl)cc1C(=O)Nc1ccc(Cl)cn1)c1ccccc1,0.464127925,2.740533266,0.05,0,472.372,5.6755
Cc1ccc(-c2ccc(N3CCCCC3)c3ncccc23)cc1NC1CCC(C(=O)O)CC1,0.487443567,2.428145372,0.25,0.06,443.591,6.25582
CC(=O)Nc1ccc(-c2noc(C(C)(C)C)n2)cc1Nc1ncnc2cnc(N3CCCCC3)nc21,0.415201914,2.874715586,0.31,0.08,487.568,4.4596
Cc1cccc(Nc2ncnc3ccc(-c4ccccc4)cc23)c1,0.554052486,1.827201818,0.5,0.29,311.388,5.34882
CN(C)CCN=C(O)c1ccc(Nc2ncc(C(F)(F)F)c(Nc3ccccc3)n2)cc1,0.340283821,2.585444819,0.71,0.46,444.461,4.8488
Cn1cc(-c2ccc3cnc(Nc4ccc(N5CCOCC5)cc4)nc3n2)ccc1=O,0.549467624,2.54805214,0.39,0.7,414.469,2.9707
CN(C)c1ccc(CC(=O)O)cc1-c1ccc(F)c2c1N=C(c1ccc(C(=O)O)cc1)C2=O,0.587714992,2.776000302,0.13,0.01,446.434,4.2011
Cc1ccc(-n2nc(C(C)(C)C)cc2NC(=O)Nc2ccc(Oc3ccnc(Nc4ccccc4)n3)cc2)cc1,0.20063181,2.503138054,0.44,0.25,533.636,7.44812
COc1ccc(-n2nc(C(N)=O)c3c2-c2cc(NC(=O)c4ccccc4)ccc2CC3)cc1,0.49199066,2.254807847,0.08,0.01,438.487,3.9977
COc1ccc(-c2nc(C(=O)Nc3cnccc3N3CCC(N)CC3)no2)cc1,0.676543642,2.481964372,0.28,0.04,394.435,2.32
O=C1Nc2ccc(Cl)cc2C1=C1Nc2ccc(Cl)cc2C1=O,0.718476362,2.478962067,0.76,0.09,331.158,3.965
CCC(C)C(NC(=O)C(Cc1ccccc1)NC(=O)OCc1ccccc1)C(=O)c1ccccc1,0.387380177,2.970633435,0,0.02,472.585,4.9379
Cc1cc(C(=O)Nc2ccc(-c3ccccc3S(N)(=O)=O)cc2)n(-c2ccccc2)n1,0.500742203,2.087004403,0.08,0.01,432.505,3.74742
COc1ccc(-c2cnc(N)c(C(=O)Nc3ccccc3)n2)cc1,0.771018222,1.864196684,0.67,0.12,320.352,2.9867
O=C(O)CCC=CC=C1c2ccccc2C=C1c1cccc(Cl)c1,0.760132605,2.625219426,0.11,0.14,336.818,5.6986
COc1cc(Nc2ncc(-c3cccnc3)cc2Cl)ccc1OCCNC(=O)CN(C)C,0.451289621,2.393065884,0.21,0.18,455.946,3.6058
CN(C)CC(=O)c1ccc2c(c1)sc(=O)n2-c1ccc(Cl)cc1,0.679421254,2.402502994,0.05,0.02,346.839,3.4499
CC(C)(C)c1nc(N2CCN(C(=O)CC(=O)O)CC2)c2ccccc2n1,0.847259358,2.326910259,0.01,0,356.426,2.0506
COc1ccc(C2=NNC(=O)C2=NNc2ccc(Cl)c(Cl)c2)cc1OC,0.763873193,2.589843399,0.89,0.1,393.23,3.3126
O=C(Nc1ccc(Cl)cc1)c1ccc(-c2noc(C(F)(F)F)n2)cc1,0.730613218,2.007206621,0.08,0.02,367.714,4.6611
O=C1NCCc2c1c1ccccc1n2Cc1ccccc1,0.766841192,2.118312355,0.24,0.09,276.339,2.9755
CN(C)c1ccc(C=Cc2ccc(O)c(O)c2)cc1,0.652777645,2.021153733,0.06,0.22,255.317,3.3342
Cc1ccc(NC(=O)c2ccc(C(F)(F)F)nc2Nc2ccc3ccccc3c2)cn1,0.426333806,2.295241116,0.15,0.21,422.41,5.95292
COc1ccc(-c2nc(-c3cccc4ccccc34)[nH]n2)cc1,0.613512575,1.925132533,0.27,0.03,301.349,4.3005
O=C(Nc1cccc(CN2CCC(C(O)=NC3CCCCC3)CC2)c1)c1ccc(Cl)cc1,0.41028931,2.394867946,0.01,0,454.014,6.0935
CC(Nc1ncnc(N)c1C#Cc1ccccc1)c1nc2ccccc2[nH]1,0.489710882,2.996724846,0.33,0.11,354.417,3.508
COc1ccc(-n2nc(SCC)c3ncccc32)cc1,0.687386379,2.295549217,0.02,0,285.372,3.5411
Cc1ccccc1-c1cccc2cnc(Nc3ccc(N4CCNCC4)cc3)nc12,0.521841324,2.285639461,0.53,0.69,395.51,4.75842
Cc1cccc(Nc2ncnc3cc(OC)c(OC)cc23)c1,0.795047562,1.917307973,0.57,0.27,295.342,3.69902
COc1ccc(-c2nc(-c3cccc4ccccc34)oc2N)cc1OC,0.576668105,2.178423336,0.14,0.02,346.386,4.7612
CC(=O)Nc1ccc2c(c1)-c1ccc(C(N)=O)cc1C(c1ccccc1Cl)=N2,0.494916228,2.134123806,0.16,0.1,389.842,4.7657
COc1ccc(CC(=O)O)cc1-c1ccc(F)c2c1CN(C(=O)C=Cc1ccccc1)CC2,0.557511732,2.476918296,0.01,0,445.49,4.7265
COc1ccc(-c2nc(-c3cccc4ccccc34)[nH]n2)cc1,0.613512575,1.925132533,0.27,0.03,301.349,4.3005
Cc1ccc(-n2nc(C(C)(C)C)cc2NC(=O)Nc2cccc3ccncc23)cc1,0.466106179,2.309305164,0.36,0.11,399.498,5.67042
COc1ccc(-c2ccc3c(N4CCOCC4C)nc(N4CCCCC4)nc3n2)cc1CO,0.634542888,3.124372962,0.08,0.01,449.555,3.4081
Cc1ccc(C(=O)Nc2cc(C(C)(C)C)no2)cc1Nc1ncnc2cnc(N3CCCCC3)nc12,0.40108882,2.814271075,0.14,0,486.58,4.99992
COc1ccc(CNC(=O)c2ccc(Oc3ccccc3)cc2)cc1OC,0.674798132,1.638641938,0.01,0.01,363.413,4.4261
O=C1NC(=O)C(=Cc2ccc(-c3ccc(Cl)cc3)c(Br)c2)S1,0.721387299,2.270648915,0.61,0.22,394.677,5.0934
COc1ccc(-c2nc(Nc3cccc(CN4CCOCC4)c3)ncc2N)cc1,0.666644825,2.255311075,0.38,0.26,391.475,3.3102
CN(C)C(=O)c1ccc(-c2ccc3cnc(Nc4ccc(N5CCOCC5)cc4)nn32)cc1,0.508306168,2.506604026,0.35,0.47,442.523,3.6783
O=C1NC(=O)c2c1c1c(-c3ccccc3)cccc1-n2c1ccccn1,0.56787657,2.410564307,0.34,0.1,339.354,3.5761
CC(C)c1cc(-c2ccc(CNC(=O)c3ccc4c(c3)NC(=O)C4)cc2)cnn1,0.700407146,2.469302549,0.18,0.04,386.455,3.6916
COc1ccc(-c2ccccc2)cc1-n1c(=O)ccc2cc(S(=O)(=O)Nc3ccon3)ccc21,0.39069513,2.509987058,0.06,0.03,473.51,4.4551
COc1ccc(-n2nc(C(N)=O)c3c2-c2cc(NC(=O)c4cccnc4)ccc2CC3)cc1,0.495022343,2.394350843,0.16,0.04,439.475,3.3927
CC(C)(C)c1ccc(NC(=O)Nc2ccc(-c3cccc4cnc(Nc5ccccc5)cc34)cc2)cc1,0.232984139,2.236875018,0.39,0.59,486.619,8.5869
CCN(CC)CC(=O)c1ccc(Nc2nccc(-c3cnc(N4CCCC4)c(N)c3)n2)cc1,0.47704087,2.580956187,0.57,0.41,445.571,3.9891
CNc1nccc(-c2ccnc3[nH]ccc23)n1,0.700204509,2.480845043,0.82,0.34,225.255,2.0616
O=C1NC(=O)C(=Cc2ccc(-c3ccccc3)cc2)S1,0.854122807,1.941004124,0.58,0.23,281.336,3.6775
COc1ccc(-c2ccc3c(N4CCOCC4C)nc(N4CCOCC4)nc3n2)cc1CO,0.626868444,3.170854212,0.06,0.03,451.527,2.2544
Cc1ccc(-n2nc(C(C)(C)C)cc2NC(=O)Nc2ccc(Oc3ccnc(Nc4ccc5ccccc5c4)n3)CC2)cc1,0.179129219,3.124088065,0.34,0.17,585.712,7.92712
O=C(Nc1ccccc1)Nc1cccc2cnccc12,0.736829752,1.696625052,0.31,0.13,263.3,3.8788
COc1ccc(C(=O)Nc2cccc(C(=O)O)c2)cc1OC,0.886514626,1.539402046,0,0.01,301.298,2.6543
COc1ccc(-c2nc(-c3cccc4ccccc34)[nH]n2)cc1,0.613512575,1.925132533,0.27,0.03,301.349,4.3005
COc1ccc(-c2ccc3c(c2)Nc2ccccc2NC3=O)cc1,0.722008455,2.006317419,0.79,0.06,316.36,4.6715
CC(=O)Nc1ccc(-c2nc(N3CCOCC3)c3cnn(C4CCC(N5CCOCC5)CC4)c3n2)cc1,0.56507212,2.730314094,0.13,0.13,505.623,3.1042
Cc1cccc(Nc2cccc(-c3cccc4cnccc34)c2)c1,0.505222521,1.902154364,0.38,0.33,310.4,5.95382
COc1cc(Nc2nccc(-c3cnn4ncccc34)n2)cc(OC)c1,0.593174663,2.552751554,1,0.3,348.366,2.9471
COc1ccc(-c2cnc(C(=O)Nc3cccc(CN4CCNCC4)c3)cc2-c2ccncc2)cc1,0.407055419,2.400209504,0.39,0.11,479.584,4.4767
COc1cccc(-c2nc(N)nc3ncnc(N4CCCCC4)c23)c1,0.786049994,2.379883059,0.38,0.03,336.399,2.6679
CC(C)(C)c1ccc(NC(=O)Nc2ccc(Oc3cncnc3)cc2)cc1,0.667798398,2.069185302,0.12,0.08,362.433,5.2104
Nc1ncnc2c1ncn2-c1ccccc1,0.660076472,2.060779572,0.41,0.04,211.228,1.3977
COc1cc(Nc2nccc(-c3cnn4ncccc34)n2)cc(OC)c1OC,0.547076762,2.580749425,0.93,0.3,378.392,2.9557
CCOc1ccc(Nc2ncc(-c3ccc(N4CCOCC4)cc3)o2)cc1,0.701945073,2.184443654,0.17,0.28,365.433,4.3205
COc1ccc(-c2ccc(C(=O)NC(C)c3cccc(C(F)(F)F)c3)cc2)cc1OCCN1CCCCC1,0.335703591,2.688959551,0.05,0.03,526.599,6.7367
CC(=O)c1ccc(-c2ccc(C(=O)Nc3ccc(C(N)=O)cc3)cc2NC(=O)Cc2cccnc2)cc1,0.312118831,2.182156065,0.16,0.04,492.535,4.4836
Cc1cc(SCc2ccc(-c3ccccc3)cc2)n[nH]1,0.70303352,2.067026095,0.28,0.02,280.396,4.67742
COc1ccc(-c2ccc(C(=O)NCC(C)(C)C)cc2-c2nc(C)no2)cc1,0.706320443,2.283780326,0.08,0.01,379.46,4.49652
COc1ccc(-c2nc(C(=O)Nc3ccccc3C3CC(O)C(O)C(N)C3)ccc2F)cc1,0.473634239,3.575529538,0.1,0.06,451.498,3.0751
COc1ccc(-c2nc(-c3ccc(C)c(C)c3)n3c2CCOC(C)C3)cc1,0.671151336,2.948819043,0.01,0.02,362.473,4.80374
COc1ccc(CNc2nc(Nc3cnn(C4CC4)c3)ncc2NC(=O)c2ccc(C(C)(C)C)cc2)cc1,0.255992383,2.628665454,0.47,0.23,511.63,5.9221
COc1ccc(C(=O)O)cc1-c1ccc(F)c2c1CN(C(=O)C=Cc1ccncc1)CC2,0.611779732,2.565009249,0.08,0.03,432.451,4.1926
COc1ccc(C(=O)Nc2cc(-c3ccccc3)nn2-c2ccccc2)cc1,0.549685753,1.790491785,0,0,369.424,4.8002
COc1ccc(C(=O)Nc2ccc(C(=N)N)cc2Nc2ccc3[nH]ncc3c2)cc1OC,0.22290855,2.356801134,0.2,0.19,430.468,3.86007
COc1ccc(-c2ccc(NC(=O)Nc3ccc(N4CCN(C)CC4)cc3)cc2)cc1,0.629788383,1.865096011,0.05,0.03,416.525,4.758
CCN(CC)C(=O)c1ccc(C(=C2CC=CC=C2c2ccc([N+](=O)[O-])cc2)c2ccccc2)cc1,0.281496195,2.668877294,0.02,0.07,464.565,6.9222
COc1ccc(CNC(=O)c2ccc(-c3n[nH]c(-c4ccccc4)n3)cc2)cc1,0.524983662,1.926344379,0.14,0.04,384.439,4.0773
O=C1NC(=O)c2c1c(-c1ccccc1Cl)cc1[nH]c3ccccc3c21,0.49747784,2.365535852,0.81,0.2,346.773,4.5251
COc1ccc(-c2nc(Nc3ccccc3)c3ccccc3n2)cc1OC,0.541077917,1.853238133,0.21,0.09,357.413,5.0576
O=C(NC1CCC(c2ccccc2)CC1)c1ccccc1,0.898427725,1.58979573,0.02,0,279.383,4.1428
Cc1ccc(C(=O)Nc2ccc(Cl)c(C(F)(F)F)c2)cc1Nc1ncnc2cnc(NCC3CCOCC3)nc12,0.238976503,2.814214439,0.39,0.22,571.991,6.23482
O=C(Nc1ccccc1-c1cccs1)C1CN=C(c2ccccc2)C1,0.719792253,2.774587779,0.07,0.03,346.455,4.8628
CCCn1c(=O)c2nc(-c3ccc(OCC(=O)O)cc3)[nH]c2n(CCC)c1=O,0.609582813,2.521529438,0.21,0.01,386.408,1.8367
COc1ccc(Nc2ncc(-c3ccccc3)o2)cc1,0.772112786,1.85881749,0.6,0.33,266.3,4.0938
COc1ccc(Nc2ncc(C(N)=O)c(Nc3ccccc3C(N)=O)n2)cc1,0.492709263,2.12316957,0.81,0.76,378.392,2.1702
COc1cc(Nc2nccc(-c3cnn4ncccc34)n2)cc(OC)c1OC,0.547076762,2.580749425,0.93,0.3,378.392,2.9557
COc1ccc(C(=O)Nc2cc(Cl)ccc2Nc2ncnc3[nH]cnc23)cc1,0.472036713,2.340229767,0.2,0.1,394.822,4.0108
CN(C)c1cccc(Nc2nccc(Nc3cccc4[nH]ncc34)n2)c1,0.508741963,2.436737182,0.58,0.42,345.41,3.9061
COc1ccc(-c2cccnc2)cc1C(=O)c1cnc(Nc2ccccn2)nc1N,0.474196945,2.407901088,0.45,0.27,398.426,3.499
COc1ccc(NC(=O)Nc2ccc(-c3cnc4ccccc4c3)cc2)cc1OC,0.460596263,1.898147773,0.22,0.24,399.45,5.563
O=C(NCCNC(=O)C1CCc2ccccc2N1)c1ccc(F)cc1,0.729622377,2.486169692,0.02,0,341.386,2.0986
COc1ccc(CC(=O)O)cc1-c1ccc(F)c2c1CN(C(=O)C=Cc1ccncc1)CC2,0.57646146,2.629286381,0.09,0.02,446.478,4.1215
O=C1NC(=O)c2c1c1ccc3ccccc3c1c1[nH]c3ccccc3c21,0.322730484,2.40652706,0.74,0.22,336.35,4.5111
Cn1cc(-c2ccc3nccc(Nc4cccc(N5CCOCC5)c4)c3n2)cn1,0.577897034,2.480969573,0.33,0.32,386.459,3.6105
COc1cc(Nc2cc(NC3CCCCC3N)c3ncccc3n2)ccc1-c1cn[nH]c1,0.357876329,3.485582007,0.36,0.38,429.528,4.4539
CN(C)c1ccc(Nc2nccc(Nc3ccccc3-c3nc(-c4ccccc4)no3)n2)CC1,0.382023153,2.955367246,0.4,0.3,451.534,5.4723
COc1ccc(CNC(=O)c2ccc(Nc3ncc(-c4ccccn4)o3)cc2)cc1,0.477379638,2.180571585,0.12,0.09,400.438,4.4188
COc1cccc(NC(=O)c2ccc(-c3cccc4[nH]ncc34)c(Cl)c2)c1,0.516833882,2.043377441,0.29,0.08,377.831,5.1442
O=C(Nc1ccc(-c2cccc3cnccc23)cc1)c1ccc(-c2cccc(F)c2)o1,0.366660631,2.1285152,0.34,0.13,408.432,6.5532
O=C1NC(=O)c2c1c1c3ccccc3n3c1c1c2c2ccccc2n1CC(=O)O3,0.418335205,3.149612724,0.57,0.1,381.347,2.7548
COc1ccc(-n2nc(C(N)=O)c3c2-c2cc(NC(=O)c4cccc(C)c4)ccc2CC3)cc1,0.471416636,2.335410276,0.11,0,452.514,4.30612
O=C(NCC1CCCCC1)c1ccccc1Nc1ccc(-c2cccnc2)cc1,0.563508128,1.997901415,0.16,0.22,385.511,5.8023
CC(=O)c1cnc2ccc(-c3ccc(Cl)c(O)c3)cc2n1,0.729741452,2.230240491,0.16,0.15,298.729,3.8584
COc1ccc(-n2nc(C(N)=O)c3c2-c2cc(NC(=O)c4ccccc4Cl)ccc2CC3)cc1,0.441247516,2.33600409,0.08,0.04,472.932,4.6511
COc1cc(Nc2nccc(Nc3ccc(N4CCOCC4)cc3)n2)ccc1OC,0.611903998,2.186146236,0.62,0.65,407.474,3.8176
COc1ccc(-c2ccc3c(c2)Nc2ccccc2NC3=O)cc1,0.722008455,2.006317419,0.79,0.06,316.36,4.6715
COc1ccc(-c2nc(-c3cccc4c3c(CCC(=O)O)cn4C)no2)cc1,0.547624097,2.362053122,0.08,0.04,377.4,3.9211
Cc1cc(C(=O)Nc2ccc(-c3ccccc3S(N)(=O)=O)cc2)n(-c2ccc3ccccc3n2)n1,0.386278479,2.350353447,0.09,0.04,483.553,4.29562
Cc1ccc(NC(=O)c2ccc(CN3CCCCC3)cc2)cc1Nc1ncnc2cnc(N3CCCCC3)nc12,0.310353091,2.55929281,0.22,0.09,536.684,5.70032
Cc1cc(Nc2nccc(-c3cnc4ccccn34)n2)ccn1,0.628989233,2.491006515,0.78,0.41,302.341,3.23832
COc1cc(CNC(=S)Nc2ccc(Cl)c(Cl)c2)cc(OC)c1OC,0.695343764,1.98472749,0,0.02,401.315,4.5058
CN(C)CCNC(=O)c1ccc(Nc2nccc(Nc3ccccc3)n2)cc1,0.559819103,2.055954553,0.66,0.36,376.464,3.2552
CC(C)C(NC(=O)Cn1c(-c2ccccc2)ccc(NC(=O)OCc2ccccc2)c1=O)C(=O)C(=O)NCC#N,0.247552691,3.112078629,0.01,0.06,543.58,2.61368
COc1ccc(CNC(=O)c2ccc(-c3ccccc3)cc2)cc1OC,0.723064991,1.565967336,0,0,347.414,4.3008
COc1ccc(C(=O)Nc2cc(C(C)(C)C)on2)cc1Nc1ncnc2cnc(N3CCCCC3)nc12,0.382303007,2.786789252,0.21,0.11,502.579,4.7001
Cn1ncc(NC(=O)c2nc(-c3ccccc3F)sc2N)c1N1CCCC(N)CC1,0.587447852,3.200206606,0.13,0.02,429.525,2.8348
CN(C)CC1CCC(Nc2nc(N)n3nc(-c4ccccc4)ccc23)CC1,0.724813431,2.593336021,0.18,0.05,364.497,3.5108
COc1ccc(NC(=O)Nc2ncc(C#N)c(Nc3ccccc3)n2)cc1,0.638803979,2.094757323,0.36,0.29,360.377,3.74448
COc1ccc(-c2nc(-c3cccc4ccccc34)[nH]n2)cc1,0.613512575,1.925132533,0.27,0.03,301.349,4.3005
CC(=O)Nc1nc(C(C)(C)C)ccc1Nc1nccc(-c2cnnc3[nH]ccc23)n1,0.47438308,3.015229327,0.37,0.28,402.462,3.8094
COc1ccc(-n2nc(C(N)=O)c3c2-c2cc(NC(=O)c4ccccc4)ccc2CC3)cc1,0.49199066,2.254807847,0.08,0.01,438.487,3.9977
O=C(Nc1ccccc1)c1ccc(NC(=O)N2Cc3ccncc3C2)cc1,0.746031231,1.995275134,0.02,0.03,358.401,3.8816
Cc1ccc(-c2ncc(C(=O)Nc3ccccc3N3CCC(N)CC3)o2)cc1,0.722858592,2.314537459,0.13,0.03,376.46,3.82982
Cc1cc(Cl)ccc1Nc1nc(NC2CCCCC2)c2nc[nH]c2n1,0.625223326,2.552647021,0.34,0.15,356.861,4.80292
COc1cc(Nc2nccc(Nc3cccc(C(=O)O)c3)n2)cc(OC)c1,0.581444631,2.155229259,0.65,0.41,366.377,3.6792
COc1ccc(Nc2ncc(C(=O)Nc3ccccc3N)cc2-c2nc(C)nc(N)n2)cc1,0.328804087,2.431984581,0.21,0.21,442.483,3.41092
CCn1c(=O)n(C2CCCCC2)c2[nH]c(-c3ccc(OC)cc3)cc21,0.768915883,2.507853159,0.05,0.01,339.439,4.3318
CN(C)c1ccnc(Nc2nnc(Nc3ccccc3)s2)c1,0.751625041,2.27390653,0.16,0.38,312.402,3.4863
COc1ccc(-c2nc(Nc3cccc(CN4CCOCC4)c3)nn2-c2ccccc2)cc1,0.455019592,2.21133665,0.12,0.09,441.535,4.5187
COc1ccc(CC(=O)O)cc1-c1cccc(Cl)c1CNc1ccc(C(=O)O)cn1,0.49094753,2.338199857,0.08,0.1,426.856,4.348
COc1ccc(-c2ccc3c(N4CCOCC4C)nc(Nc4ccccc4)nc3n2)cc1,0.496173632,2.846133062,0.18,0.17,427.508,4.6691
COc1cccc(-c2cnc(Nc3ccc(N4CCOCC4)cc3)o2)c1,0.751500391,2.190025693,0.37,0.53,351.406,3.9304
O=C1CCc2cc(-c3cncc(C(O)=Nc4cccc(N5CCOCC5)c4)c3)ccc2N1,0.482496,2.722240629,0.27,0.02,428.492,4.1062
CNC(=O)c1ccc(-c2nc(Nc3ccc(N4CCOCC4)cc3)ccc2Nc2ccncc2)cc1,0.349072554,2.475206021,0.25,0.36,480.572,4.827
Cc1cccc(-c2nc(NCc3ccccc3)c(-c3ccncc3)[nH]2)c1,0.533809914,2.206680638,0.53,0.07,340.43,5.05922
CN(C)C(=O)COc1ccc(-c2nc(-c3cccc4c3CCC4NCC(=O)O)no2)cc1Cl,0.515036921,3.083700444,0.1,0.04,470.913,3.1855
O=C(Nc1ccc(N2CCOCC2)cc1)c1ccc(-c2noc(C(F)(F)F)n2)cc1,0.693516506,2.224242369,0.08,0.04,418.375,3.8443
CN(C)c1ccc(C=CC(=O)Nc2ccc3c(c2)OC(F)(F)O3)cc1,0.857425889,2.390493874,0.01,0.06,346.333,3.726
O=C(Nc1ccc(-c2ccnc3ccccc23)cc1)c1ccccc1CNc1ccc(Cl)cn1,0.28926602,2.187084323,0.29,0.19,464.956,6.8146
COc1ccc(-c2ccnc3ccccc23)c(OC)c1,0.718938298,1.741485822,0.16,0.07,265.312,3.919
CN(C)CCc1c[nH]c2cccnc12,0.796061162,2.320972124,0.22,0.05,189.262,1.667
O=C1NC(=O)c2c1c1c(c3[nH]c4ccc(-c5ccccc5)cc4c31)CCC2,0.645030443,2.781054881,0.63,0.12,352.393,4.196
CC(=O)Nc1ccc(-c2ccc3ncnc(Nc4cccc(C(=O)N5CCCC5)c4)c3c2)cc1,0.433586807,2.176824449,0.39,0.28,451.53,5.2348
CN(C)c1ccc(C=NNc2ccnc3cnccc23)cc1,0.592450081,2.317690665,0.22,0.15,291.358,3.1418
COc1ccc(-n2c(C)cnc2Nc2ccc3[nH]nc(OC)c3c2)cc1,0.572712037,2.568955028,0.43,0.27,349.394,3.81782
O=C(Nc1ccc(N2CCOCC2)nc1)c1cnccc1Nc1cnccc1,0.707180855,2.330170288,0.08,0.14,376.42,2.7041
CC(C)c1c(C(=O)Nc2ccc(Br)cn2)n(-c2ccccc2)nc1N,0.693663178,2.506706621,0.14,0.03,400.28,3.9877
Cc1ccc(-c2nccnc2C2CN(c3ccc4ccccc4n3)C2)cc1,0.540130675,2.293799964,0.08,0.14,352.441,4.60402
COc1ccc(-c2ccnc(Nc3ccc(N4CCOCC4)cc3)n2)cc1,0.74623373,1.9920825,0.81,0.72,362.433,3.7324
COc1ccc(-n2c(C(F)(F)F)nc3ccccc32)nc1,0.726277141,2.227238927,0.09,0,293.248,3.4479
CC(=O)c1ccc(Nc2nccc(Nc3ccccc3)n2)cc1,0.692564822,1.874315204,0.64,0.45,304.353,4.1664
O=C1NC(=O)C(=Cc2ccc(-c3ccccc3)cc2)S1,0.854122807,1.941004124,0.58,0.23,281.336,3.6775
CN(C)CCN(C)c1ccc(-c2cn[nH]c2)cc1,0.87425769,2.315682394,0.27,0.09,244.342,2.0745
CN(C)CCOc1ccc2c(c1)C(=Cc1ccc(Cl)cc1)C(=O)N2,0.840836264,2.168718551,0.6,0.27,342.826,3.7731
Cc1ccc(Nc2ccc(C(=O)Nc3ccccc3N)cc2C(=N)O)cc1,0.262709232,2.138679201,0.03,0.03,360.417,4.45649
O=C(NCCN1CCOCC1)c1ccc(-c2cnc3ccccn23)cc1,0.765252468,2.162238081,0.06,0.05,350.422,2.0633
CCc1cccc(NC(=O)Nc2ccc(-c3ccnc4[nH]nc(N)c34)cc2)c1,0.425190527,2.293980194,0.75,0.17,372.432,4.4135
O=C(Nc1ccc(Cl)cc1)c1cnc(Nc2ccc(N3CCOCC3)cc2)cc1,0.647046614,1.989728813,0.14,0.34,408.889,4.5675
O=C1NC(=O)C(=Cc2ccc(-c3ccccc3)cc2)S1,0.854122807,1.941004124,0.58,0.23,281.336,3.6775
COc1ccc(Nc2ncc(C(=O)c3ccccc3C(=O)O)c(NC(C)=O)n2)cc1,0.510295266,2.206822934,0.6,0.29,406.398,3.1164
Cc1ccc(NC(=O)c2ccc(C(C)(C)C)cc2)cc1Nc1nccc(-c2cnc(Nc3ccccc3)[nH]2)n1,0.181637838,2.571367787,0.62,0.41,517.637,7.21212
CNC(=O)c1ccc(-c2nc(N3CCOCC3)c3ccccc3n2)cc1,0.787627531,2.026982121,0.01,0.01,348.406,2.493
CC(C)(C)c1ccc(NC(=O)Nc2ccc(Oc3ccnc(Nc4ccc5c(c4)CCC5=O)c3)cc2)cc1,0.249293198,2.457556574,0.2,0.27,506.606,7.6879
COc1ccc(-c2ccc3c(N4CCOCC4C)nc(Nc4ccccc4)nc3n2)cc1,0.496173632,2.846133062,0.18,0.17,427.508,4.6691
COc1ccc(-c2ccc(C(=O)NC(C)c3ccc(C(=O)Nc4ccccc4N)cc3)cc2)cc1,0.305846759,2.369092826,0.09,0,465.553,5.6877
COc1cccc(-c2ccc(C(=O)Nc3ccccc3N)cc2)c1,0.708716573,1.618505714,0.05,0.03,318.376,4.1967
Cn1cc(-c2ccc3nccc(Nc4ccc(N5CCCC5)cn4)c3c2)cn1,0.577842083,2.436058332,0.32,0.37,370.46,4.3741
O=C(NC1CCCCC1)c1ccc2ccccc2n1,0.893082084,1.777338779,0.01,0,254.333,3.2973
O=C(Nc1ccc(-c2nc3ccccc3n2-c2ccc(CN3CCCCC3)cc2)cc1)C(=O)CO,0.397542488,2.354802298,0.03,0.02,468.557,4.1783
O=C(Nc1ccc(N2CCOCC2)cc1)c1ccc(-c2ccccc2)cc1,0.749472213,1.680010962,0.01,0.01,358.441,4.4425
COc1ccc(-n2nc(C(N)=O)c3c2-c2cc(NC(=O)c4ccccc4)ccc2CC3)cc1,0.49199066,2.254807847,0.08,0.01,438.487,3.9977
O=[N+]([O-])c1ccc(-c2ccccc2)nc1Nc1ccccc1Cl,0.537812509,1.923334878,0.15,0.21,325.755,5.0538
COc1ccc(Nc2ncc(C(=O)Nc3ccccc3)s2)cc1OC,0.694661195,1.941355082,0.15,0.14,355.419,4.1562
CN(C)c1ccc(C(=O)Nc2ccc(Cl)cc2)cc1Nc1ncnc2cnc(N3CCOCC3)nc12,0.402791355,2.608424861,0.27,0.17,504.982,3.9717
CN1C(=O)C(=Nc2ccc(Cl)cc2)N=C(c2cccc(C(F)(F)F)c2)C1=O,0.726887936,2.728985005,0.09,0.04,393.752,3.8767
COc1ccc(CNc2nc(N3CCOCC3)c3ccc(Nc4ccccc4)cc3n2)cc1,0.425557347,2.233641673,0.09,0.06,441.535,4.8307
COc1ccc(-c2ccc(-c3ccccc3)cc2)cc1,0.64148707,1.221769206,0.04,0.01,260.336,5.0292
O=C(NC(Cc1ccccc1)C(=O)N1CCC(CN2CCCCC2)CC1)N1CCCC1,0.760419334,2.625339995,0.01,0,426.605,3.1276
CC(C)(C)c1cc(NC(=O)C2CCCO2)ncc1Nc1cncc(C(F)(F)F)c1,0.769992484,3.223428954,0.15,0.21,408.424,4.654
O=C1Nc2ncccc2-c2cnc3ccccc3c21,0.48581442,2.194956086,0.44,0.08,247.257,2.6245
COC(=O)c1c(-c2ccccc2)nc(Nc2ccc(N3CCOCC3)cc2)nc1NC1CCOCC1,0.475414229,2.562440709,0.22,0.26,489.576,4.1013
CC(C)c1cc(Nc2cc(N3CCOCC3)nc(Nc3ccc(N4CCOCC4)cc3)n2)[nH]n1,0.484719933,2.842940631,0.3,0.19,464.574,3.4835
COc1ccc(NC(=O)Nc2ccc3c(c2)-c2c(c(C(N)=O)nn2-c2ccc(S(C)(=O)=O)cc2)CC3)cc1,0.345113065,2.507544881,0.14,0.04,531.594,3.7929
COc1ccc(C(=O)C(=O)Nc2ccc(Cl)c(C(=O)c3ccccc3)c2)cc1OC,0.449357396,1.991650406,0,0.02,423.852,4.4096
Cc1ccc2c(c1)C(=Nc1ccc(-c3ccc(O)cc3)cc1)C(=O)N2,0.730313679,2.334126236,0.35,0.02,328.371,4.44052
COc1ccc(-c2nc(-c3cccc4c3OCC(=O)N4)no2)cc1C(=O)O,0.720489424,2.496069418,0.19,0,367.317,2.4413
COc1ccc(Nc2ncc(-c3ccnc(Nc4ccccc4)n3)cc2)cc1,0.496344545,2.02158456,0.81,0.62,369.428,5.0344
COc1ccc(-c2nnc(N3CCC(N4CCCCC4)CC3)o2)cc1,0.850397681,2.270604251,0.07,0.04,342.443,3.1999
COc1ccc(-c2nc(-c3cccc4ccccc34)[nH]c2-c2cc(OC)c(OC)cc2OC)cc1,0.292784418,2.293432265,0.29,0.11,466.537,6.5983
O=C(Cc1ccc(Cl)cc1Cl)Nc1ncccc1-c1nc2ccccc2[nH]1,0.502659088,2.238104068,0.23,0.07,397.265,5.1129
Cc1ccc(C(=O)Nc2ccc(-c3cccc4cnccc34)cc2)cc1,0.538580078,1.756747101,0.25,0.19,338.41,5.46252
CN(CC(C)C(=O)Nc1ccc(-c2cnc3ccccc3n2)cc1)C(=O)Cc1ccccc1,0.45856221,2.633732618,0.09,0.12,438.531,4.5725
COc1ccc(-c2nc(Nc3ccccc3)c3ccccc3n2)cc1OC,0.541077917,1.853238133,0.21,0.09,357.413,5.0576
CCc1ccc(-c2ccc(C(=O)Nc3ccc4c(c3)CCC(c3ccccc3)O4)o2)cc1,0.382783327,2.655718987,0.04,0.01,423.512,6.8276
COc1ccc(-c2ccc(C(=O)Nc3ccc(CN4CCCCC4)cc3)cc2)cc1,0.585487375,1.724620886,0,0.01,400.522,5.6004
COc1ccc(-n2cc(C(=O)Nc3ccc(OC(C)C)cc3)c(OCCOC)c2)cc1,0.483635675,2.342926955,0,0.01,424.497,4.5506
CN(C)c1ccc(C=Cc2ccccc2)cc1,0.712717055,1.667147273,0.01,0,223.319,3.923
CC(C)CN(C(CO)CCCCCCCCCCCNC(=O)c1ccc(N(C)C)cc1)CC(=O)O,0.227231055,3.002274073,0.01,0,491.717,4.7869
O=C1NC(=O)c2c1c1ccccc1[nH]c1ccccc21,0.509362462,2.407796167,0.29,0.02,262.268,2.09438
CN(C)c1nccc(Nc2ncc(Cl)c(Nc3ccccc3S(C)(=O)=O)n2)c1,0.627081437,2.548343048,0.79,0.64,418.91,3.4817
O=C(Nc1cccc(-c2nnc3n2-c2cccnc2Nc2ccccc2-3)c1)c1ccccc1Cl,0.337345627,2.430610477,0.19,0.08,464.916,5.959
COc1ccc(NC(=O)Nc2ccc(Oc3cncnc3)cc2)cc1,0.737369797,1.920025736,0.14,0.05,336.351,3.9215
Cn1cc(-c2ccncc2)c2scc(-c3cccc(NC(=O)Nc4cccc(N5CCCCC5)c4)c3)c21,0.257400245,2.689434912,0.28,0.07,507.663,7.6031
CC(C)(C)c1ccc(NC(=O)Nc2ccc(Cl)c(C(F)(F)F)c2)cc1,0.639439873,1.940039755,0.04,0,370.802,6.3003
CC(C)(C)C(=O)Nc1ccc(-c2ncnc3[nH]cc(-c4cccc(C(=O)O)c4)c23)cc1,0.43666582,2.486697868,0.51,0.22,414.465,4.9747
O=C(O)c1ccccc1Nc1ccc2cccnc2c1,0.757164371,1.787758236,0.09,0.25,264.284,3.6766
CC(C)(C)CC(NC(=O)CCc1ccc(Cl)cc1)C(=O)N1CCC(N2C(=O)OCc3ccccc32)CC1,0.528829647,3.058299276,0,0,526.077,5.3414
CN(C)c1ccc(-c2nc(-c3cccc4ccccc34)[nH]n2)cc1,0.610948731,2.078552804,0.26,0.06,314.392,4.3579
COc1ccc(C(=O)Nc2ccc(Cl)cc2C(=O)Nc2ccc(Cl)cn2)cc1Cl,0.533504008,2.010203383,0.03,0.01,450.709,5.555
CN(C)CC1CCc2c(c3ccccc3n2S(=O)(=O)c2ccc(F)cc2)C1,0.686888117,2.895505956,0.08,0.06,386.492,3.6839
COc1ccc(-c2nc(Nc3cccc(N4CCOCC4)c3)n3ccnc3n2)cc1,0.548322772,2.445159599,0.23,0.18,402.458,3.3801
COc1ccc(C2=NNC(=O)C2=NNc2ccc(Cl)c(C(F)(F)F)c2)cc1OC,0.714303012,2.733304537,0.77,0.08,426.782,3.678
COc1ccc(CCNc2ncnc(N)c2-c2cccc(N)c2)cc1OC,0.552344369,2.307718569,0.36,0.12,365.437,2.9798
CC(=O)c1ccc(-c2nnc(Nc3ccc(N4CCOCC4)cc3)o2)cc1,0.693843131,2.159951473,0.27,0.1,364.405,3.5194
COc1cc(C(=O)NC2CCN(C)CC2)ccc1Nc1nccc(-c2cnc3ccccn23)n1,0.458222687,2.573414659,0.49,0.43,457.538,3.3675
COc1ccc(-c2nc(Nc3cccc(CN4CCOCC4)c3)ncc2Cl)cc1,0.650291163,2.166306369,0.4,0.29,410.905,4.3814
O=C(NC1CCCCC1)c1ccccc1Nc1nccc(-c2cnc3ccccn23)n1,0.500543581,2.419411563,0.5,0.35,412.497,4.5974
CC(C)S(=O)(=O)c1ccc(C(=O)Nc2ccc(-c3cccc4c3ncn4C)cc2)cc1,0.495707355,2.220885136,0.18,0.09,433.533,4.6747
Cc1ccc(-c2nc(N)c3ccccc3n2)cc1,0.704351446,1.705049154,0.09,0.01,235.29,3.18742
CC(C)(C)C(=O)Nc1ccc(C(=O)Nc2ccc3c(c2)-c2ccccc2C(=O)O3)cc1,0.356955478,2.092080892,0.03,0,414.461,5.1831
Cc1ccc(-c2cc(-c3ccc(C(=O)Nc4cccc(C)n4)cc3)no2)cc1,0.531797188,2.055304981,0.03,0.01,369.424,5.27274
CC(=O)Nc1nc(C)c(-c2ccnc(Nc3ccccc3)n2)s1,0.765756303,2.176159353,0.71,0.25,325.397,3.61052
O=C(Nc1ccccc1-c1cncs1)c1cccc(-c2n[nH]c3ccc(-c4cn[nH]c4)cc23)c1,0.292706013,2.716222372,0.49,0.27,462.538,5.9958
Oc1ccccc1Nc1ncnc2ccncc12,0.670951533,2.151115861,0.37,0.28,238.25,2.474
CC(C)(C)CNC(=O)c1ccc(NC(=O)Nc2ccc3c(c2)C2(C)CCN(C)C23)cc1,0.667986662,3.302978035,0.09,0.01,420.557,4.7544
O=C(Nc1ccc(N2CCOCC2)cc1)c1ccc(NC(=O)N2Cc3ccccc3C2)cc1,0.63109568,2.087780934,0,0,442.519,4.3232
COc1ccc(-c2ccc(F)cc2-c2ccnc3cc(-c4ccncc4)ccc23)cc1OC,0.304346431,2.248174218,0.45,0.23,436.486,6.7871
COc1ccc(-c2nc(-c3ccc(C)cc3)n3ncnc(N)c23)cc1,0.622623651,2.219924313,0.35,0.06,331.379,3.35752
CN(C)CCOc1ccc2[nH]nc(-c3ccc(N4CCOCC4)cc3)c2c1,0.726797315,2.248272408,0.54,0.12,366.465,3.0069
COc1ccc(-c2nn(-c3ccc(-c4ccccc4)cc3)n3nc(-c4ccco4)nc23)cc1,0.358132747,2.673247168,0.15,0.02,433.471,5.5176
O=C(Nc1cccc(CN2CCC(C(O)=NC3CCCCC3)CC2)c1)c1ccc(F)cc1,0.458039995,2.398712115,0.01,0,437.559,5.5792
CN(C)CCOc1ccc(Nc2nccc(Nc3ccccc3C(=O)O)n2)cc1,0.507068039,2.183122567,0.68,0.33,393.447,3.6024
COc1ccc(C(C)=NNc2nc(N3CCOCC3)nc(Nc3ccccc3)n2)cc1,0.444817398,2.337561692,0.02,0.03,419.489,3.2965
O=C1NC(=O)C(=Cc2ccc(-c3ccccc3)cc2)S1,0.854122807,1.941004124,0.58,0.23,281.336,3.6775
COc1ccc(-c2nnc(Nc3ccccc3)o2)cc1,0.783664938,1.796725704,0.89,0.05,267.288,3.4888
CC(=O)Nc1ccc(-c2nc(N3CCOCC3)c3cccnc3n2)cc1,0.782434203,2.20225621,0.11,0.07,349.394,2.4868
CC(C)=CCN1CC(C)(C)c2nc(O)c(-c3cccc4ccccc34)nc21,0.663693007,3.027897419,0.15,0.02,359.473,5.0662
Cc1ccc(C(=O)Nc2ccc(CN3CCOCC3)cc2Nc2cc(Cl)ccc2S(=O)(=O)Nc2onc(C)c2Cl)cc1,0.19894202,2.750275521,0.06,0.03,630.554,6.22714
Cn1c(Nc2c(Cl)ccc(CNC(=O)C(C)(C)C)c2Cl)nc2cc(C(=O)Nc3ccc(Cl)c(Cl)c3)c(OCC(F)F)cc21,0.165702071,3.03571761,0.08,0.08,673.375,8.489
CS(=O)(=O)c1ccc(-c2noc(-c3ccccc3)n2)cc1,0.743341843,1.785170544,0.01,0,300.339,2.8071
CCc1ccc(-c2n[nH]c3ccc(-c4nnn[nH]4)cc23)cc1,0.607335955,2.483552943,0.46,0.16,290.33,2.9724
CCN(CC)c1ccc(Nc2cc(Nc3ccc(C(=O)Nc4cc(C)ccc4F)cc3)ncn2)cc1,0.251235615,2.369617304,0.12,0.18,484.579,6.50982
Cc1ccc(Nc2nccc(-c3cnn4ncccc34)n2)cc1,0.628989233,2.398176198,0.89,0.36,302.341,3.23832
COc1ccc(-c2nc(-c3ccc(C)cc3)no2)cc1OC,0.733921096,1.778198082,0,0,296.326,3.72922
CN1CCN(c2ccc(C(=O)Nc3ccccc3Nc3nccc(Nc4ccccc4)n3)cc2)CC1,0.345134623,2.259878735,0.45,0.42,479.588,4.9679
O=C1NC(=O)C(=Cc2ccc(-c3cccc(Cl)c3)cc2)S1,0.838937599,2.070371313,0.62,0.21,315.781,4.3309
CN(C)C(=O)c1cc2cnc(Nc3ccc(N4CCOCC4)cc3)nc2[nH]1,0.736466761,2.499913536,0.52,0.69,366.425,2.2399
CCOc1ccc(-c2ccc3c(N4CCOCC4C)nc(N4CCOCC4C)nc3n2)cc1CO,0.572543787,3.616559029,0.07,0.02,479.581,3.033
Cc1cc(C)c(Nc2ncc(Cl)c(Nc3ccccc3S(=O)(=O)C(C)C)n2)c(OC)c1,0.485427556,2.568029857,0.54,0.38,460.987,5.42474
CC(C)(C)CCn1c(N2CCCC(N)C2)nc2ccccc2c1=O,0.940801826,2.815659411,0.03,0.01,328.46,2.7602
COc1cccc(-n2nnc(-c3ccccc3)n2)c1,0.717579504,1.908780812,0.1,0.01,252.277,2.3379
COc1ccc(NC(=O)Nc2ccc(Nc3ncnc4ccccc34)cc2)cc1,0.448576506,1.873711075,0.39,0.12,385.427,5.026
Cc1ccc(C(=O)Nc2ccc(OC(C)C)cc2)cc1-c1c[nH]nc1,0.724879702,2.104018733,0.24,0.13,335.407,4.42462
O=C(NCCc1ccccc1)c1ccc(NC(=O)N2Cc3ccccc3C2)cc1,0.691220124,1.865507636,0,0,385.467,4.2068
CC(=O)Nc1ccc(-c2nc(N3CCOCC3)c3ccnn3c2)cc1,0.793131344,2.403078212,0.1,0.04,337.383,2.1913
COc1ccc(-c2nc(-c3ccc(S(C)(=O)=O)cc3)[nH]c2-c2ccc3ccccc3c2)cc1,0.35477851,2.190088009,0.19,0.13,454.551,5.976
Cc1ccc(-c2ncc(C(=O)Nc3ccc(N4CCC(N5CCOCC5)CC4)cn3)cc2NC(=O)CC(C)(C)C)cc1,0.393486334,2.801318505,0.1,0.1,570.738,5.38002
CC(C)CC(NC(=O)c1ccc2ccccc2c1)C(=O)NC1CC(=O)OC1O,0.658199979,3.223065758,0,0.03,384.432,1.7344
CN(C)CC(=O)Nc1ccc(-c2nc3ccccc3nc2Nc2ccc(N3CCOCC3)cc2)cc1,0.404583698,2.352717109,0.1,0.12,482.588,4.3771
O=C(Nc1cccc(C(F)(F)F)c1)Nc1ccc(Cl)c(C(=O)c2cnccn2)c1,0.580087182,2.255606802,0.19,0.04,420.778,5.0238
CN(C)CCOc1ccc(Nc2ccc(Nc3cccc(C(N)=O)c3)nc2)cc1,0.51604339,2.14477039,0.21,0.38,391.475,3.6081
COc1ccc(NC(=O)c2ccc(C)c(Nc3ncnc4cnc(N5CCN(C)CC5)nc34)c2)cc1,0.425084081,2.452204299,0.26,0.12,484.564,3.48452
COc1ccc(-c2ccc(C(=O)Nc3ccccc3CNc3ncccc3N)[nH]2)cc1,0.356203258,2.367780627,0.34,0.07,413.481,4.5319
CC(=O)c1cnc2ccc(-c3cc(F)c(O)c(Cl)c3)cc2c1Nc1ccc(N2CCOCC2)nc1,0.351607201,2.67187637,0.24,0.22,492.938,5.5777
COc1ccc(-c2nc(-c3ccccc3)n(-c3ccccc3)n2)cc1,0.549365555,1.774807161,0.1,0.02,327.387,4.6099
Cc1ccc(-c2ccc(C(=O)NC(C)c3ccccc3)cc2)cc1,0.708245635,1.937825507,0.01,0.01,315.416,5.15302
O=C(Nc1ccc(Cl)cc1)c1ccc(Nc2nccc(-c3cnc(N4CCCC4)nc3)n2)cc1,0.399471256,2.274748477,0.57,0.5,471.952,5.1831
COc1ccc(C=NNc2nc(N)n(-c3ccccc3)n2)cc1OC,0.528397503,2.271807005,0.02,0.03,338.371,2.3127
COc1ccc(-c2ccc3c(c2)Nc2ccccc2NC3=O)cc1,0.722008455,2.006317419,0.79,0.06,316.36,4.6715
CCN(CC)C(=O)c1ccc(-c2ccc3ccccc3c2)cc1,0.664727325,1.693436276,0.05,0.08,303.405,4.9888
COc1ccc(-c2cccc(C(=O)O)c2)cc1-n1ccn2nc(-c3cccnc3)cc21,0.459319902,2.638123704,0.16,0.01,410.433,4.5608
Cc1ccc(C(=O)Nc2cccc(C(C)(C)C)c2)cc1Nc1ncnc2cnc(Nc3ccccc3)nc12,0.234917471,2.46649814,0.55,0.33,503.61,6.76522
CN(C)CC1CCC(Nc2c(C(=O)C3CC3)cnc3ccc(-c4cc(F)c(O)c(Cl)c4)nc23)CC1,0.395190351,2.916146402,0.18,0.09,497.014,5.9199
CN(C)CC(=O)NC1CC=C(c2ccc(NC(=O)Nc3ccc(C(F)(F)F)cc3)cc2)CC1,0.570414784,2.873031909,0.04,0.04,460.5,4.9631
COc1ccc(C(=O)OCCCN2CCN(c3ccccc3)CC2)cc1OC,0.515027392,1.85039216,0,0.01,384.476,3.0729
COc1ccc(-n2c(C(C)Nc3ncnc(N)c3N=C(O)c3ccccc3)cccc2=O)cc1Cl,0.25322373,3.367703847,0.24,0.08,490.951,4.6811
O=C(Nc1ccc(Cl)cc1)c1ccccc1-n1nccc1-c1ccccc1F,0.492996406,2.043151134,0.01,0.04,391.833,5.5841
CN1CCC(NC(=O)c2cc(NC(=O)c3cc(-c4ncccc4F)ccc3Cl)n(-c3ccccc3)n2)CC1,0.371911409,2.554580004,0.11,0.06,533.007,4.8031
COc1ccccc1N1CCN(c2ncnc3c2nc(-c2ccccc2C)n3CCOC)CC1,0.417426235,2.436281792,0.05,0,458.566,3.78332
COc1ccc(-c2nc(-c3ccc(C)cc3)no2)cc1,0.724526217,1.660643382,0,0,266.3,3.72062
CC(=O)Nc1ccc(-c2nc(N3CCOCC3)c3cnn(C4CCN(C)CC4)c3n2)cc1,0.673731116,2.543350824,0.1,0.06,435.532,2.555
COc1ccc(S(=O)(=O)Nc2ccc(Cl)cc2C(=O)c2ccncc2)cc1,0.634049736,1.979486691,0.11,0.02,402.859,3.7754
O=C(NC1CCCCC1)c1ccc2ccccc2n1,0.893082084,1.777338779,0.01,0,254.333,3.2973
COc1ccc(-c2ccc3nccc(Nc4ccc(OC)c(OC)c4)c3n2)cc1O,0.479446039,2.254381904,0.32,0.3,403.438,4.7718
CC(=O)c1cnc(Nc2ccc(N3CCOCC3)cc2)nc1Nc1ccc(C(=O)NC(C)C)cc1,0.418188347,2.367992063,0.52,0.44,474.565,4.1412
CCN(CC)C(=O)C1CCC(N=C(O)c2ccc3[nH]nc(-c4ccncc4)c3c2)CC1,0.458495859,2.845073972,0.4,0.14,419.529,4.3567
COc1ccc(CNc2nc(Nc3ccccc3)ncc2[N+](=O)[O-])cc1,0.493470281,2.04239872,0.67,0.24,351.366,3.7491
O=C1NC(=O)c2c1c(-c1ccccc1Cl)cc1[nH]c3ccccc3c21,0.49747784,2.365535852,0.81,0.2,346.773,4.5251
COc1ccc(-c2ccc3c(N4CCOCC4C)nc(N4CCOCC4)nc3n2)cc1CO,0.626868444,3.170854212,0.06,0.03,451.527,2.2544
COc1ccc(-c2ccc3c(c2)Nc2ccccc2NC3=O)cc1,0.722008455,2.006317419,0.79,0.06,316.36,4.6715
COc1ccccc1Nc1nc(Nc2ccc(N3CCOCC3)cc2)ncc1Cl,0.619872155,2.176949989,0.65,0.74,411.893,4.4624
CC(=O)Nc1ccc(-c2nc(N3CCOCC3)c3ccncc3n2)cc1,0.782434203,2.23814872,0.19,0.12,349.394,2.4868
O=C(Nc1ccccc1-c1nnc(Nc2ccc3c(c2)CCC3)o1)c1ccc(-c2ccc(F)cc2)cc1,0.267168111,2.338243098,0.17,0.24,490.538,7.0273
COc1ccc(CNC(=O)c2ccc(-c3nc(C#N)cnc3Nc3ccc(N4CCNCC4)cc3)[nH]2)cc1,0.2847528,2.873915593,0.19,0.2,508.586,3.43518
O=C(NC1CCCCC1)c1ccc2cc(-c3ccccc3)[nH]c2n1,0.756260893,2.173533129,0.27,0.03,319.408,4.2924
COc1ccc(CNc2ccc(Nc3nccc(-c4cnn(C5CCOCC5)c4)c3)nc2)cc1OC,0.338825388,2.704989475,0.25,0.38,486.576,5.0645
COc1ccc(C(=O)Nc2cccc(C(=O)O)c2)cc1Nc1ncnc(NCCN(C)C)n1,0.363190367,2.349352708,0.27,0.3,451.487,2.5478
COc1ccc(S(=O)(=O)Nc2ccc3c(c2)C(=NNc2ccccc2)N(C(C)=O)C3)cc1,0.55883846,2.487621421,0.04,0.02,450.52,3.6318
CC(C)c1ccc(NC(=O)Nc2ccc(-c3cccc4c(O)nc(N)nc34)cc2)cc1,0.360023105,2.266658249,0.35,0.07,413.481,5.352
O=C(NC1CCCCC1)c1ccc2cc(Oc3ccc(C(F)(F)F)cn3)ccc2n1,0.610886073,2.328861331,0.05,0.06,415.415,5.5034
N#Cc1ccc(Cn2cncc2-c2ccccc2)cc1,0.722336602,2.015203931,0.19,0.01,259.312,3.47008
COc1ccc(CNC(=O)C(Cc2ccc(Cl)cc2)NC(=O)c2ccc(Cl)cc2)cc1OC,0.460243611,2.35625032,0,0,487.383,4.6681
Cc1ccc(-c2nc(C(=O)Nc3cnccc3N3CC(C)NC(C)C3)cc(N3CCOCC3)n2)cc1,0.566930807,3.440433728,0.28,0.08,487.608,3.12252
COc1ccc(CC(=O)Nc2cc(-c3ccccc3)cc(NC(=O)CC)n2)cc1,0.63177536,2.053168907,0.09,0.1,389.455,4.2869
CC(=O)c1ccc(-c2cnc(Nc3cccc(CN4CCOCC4)c3)nn2)cc1,0.647901037,2.257085012,0.29,0.18,389.459,3.317
Cc1cc(Nc2cc(C(F)(F)F)ccn2)nc(Nc2ccc(NC3CCNCC3)nc2)c1,0.433277134,2.790466592,0.36,0.36,443.477,4.84992
COc1cc(C)nc(Nc2ccc(N3CCOCC3)cc2)n1,0.935238667,2.094044992,0.05,0.04,300.362,2.37382
CN(C)CCCNC(=O)c1ccc(-c2noc(C(F)(F)F)n2)cc1,0.816658953,2.222982454,0.08,0,342.321,2.4369
COc1ccc(C(O)=Nc2cnc(C(=O)c3cnc(OC)s3)cc2)cc1OC,0.368710919,2.803758859,0.05,0.03,399.428,3.4312
c1ccc(-c2cccc3ccccc23)cc1,0.546879427,1.264465783,0.14,0.03,204.272,4.5068
CCc1cccc(-c2ccc(C(=O)C3CN=C(O)C3)cc2)c1,0.863630719,2.876633022,0.12,0,293.366,4.0751
Cn1cc(-c2cnc3[nH]cc(-c4cccc(N)n4)c3c2)cn1,0.593949598,2.598843309,0.59,0.23,290.33,2.6076
COc1ccc(C2=NNC(=O)C2=NNc2ccc(Cl)c(Cl)c2)cc1,0.818860364,2.519745021,0.86,0.05,363.204,3.304
COc1ccc2c(c1)OC(=Cc1ccc(Nc3ccccc3C)cc1)CC2,0.610598363,2.344003664,0.05,0.02,357.453,6.11332
Cc1ccc(Nc2ccc(C(=O)Nc3ccccc3N)cc2)nc1,0.635924495,1.846911065,0.15,0.2,318.38,3.96812
COc1ccc(C(=O)Nc2ccc3c(c2)-c2c(c(C(N)=O)nn2-c2ccc(S(C)(=O)=O)cc2)CC3)cc1,0.403539213,2.446149903,0.09,0.03,516.579,3.4012
COc1ccc(CC(=O)Nc2nc(-c3ccccc3)cc(OC)c2OC)cc1,0.673987019,2.011800814,0.23,0.04,378.428,3.9556
O=C(Nc1ccc(Cl)c(C(=O)Nc2ccc3ccccc3c2)c1)c1ccccc1,0.44117247,1.70298635,0.03,0.02,400.865,5.9978
COc1ccc(CC(=O)Nc2nc(-c3ccccc3)cc(OC)c2-c2ccccc2)cc1,0.418646323,2.060758765,0.21,0.04,424.5,5.614
CN(C)CCC(=O)Nc1cc2c(Nc3ccc(Br)cc3F)ncnc2cc1OCCCN1CCOCC1,0.328035131,2.64490275,0.31,0.23,575.483,4.2663
COc1ccc(C=NNc2nc(N3CCOCC3)nc(Nc3cc(C)ccn3)n2)cc1,0.44011937,2.528627964,0.12,0.23,420.477,2.60982
CCN(CC)CCNC(=O)c1ccc(Nc2nccc(-c3cnc(N4CCCC4)c(C)c3)n2)cc1,0.454902473,2.490945594,0.59,0.34,473.625,4.26242
COc1ccc(CNc2nc(Nc3ccccc3)ncc2OC)cc1,0.682943408,1.949872732,0.67,0.27,336.395,3.8495
O=C1Nc2ccc(-c3ccccc3)cc2C1=Cc1ccccn1,0.718923068,2.11951828,0.62,0.24,298.345,4.2413
Cc1cc(C)cc(-c2[nH]c3ccccc3c2C(=O)Nc2ccc3c(c2)NC(=O)CO3)c1,0.441871721,2.456273972,0.14,0.05,411.461,5.03494
CN(C)CC(=O)Nc1ccc(-c2nc(N3CCOCC3)c3cnn(C4CCOCC4)c3n2)cc1,0.591723806,2.675390883,0.11,0.05,465.558,2.1815
CCOc1ccc(Nc2ncc(C(=O)Nc3ccccc3)cc2-c2ncccc2C(=O)Nc2ccc(C(=O)O)cc2)cc1,0.148521741,2.445885305,0.09,0.07,573.609,6.4887
CN(C)CCCNc1ccc(Nc2ncc(C(F)(F)F)c(Nc3ccc(S(=O)(=O)C(C)C)nc3)n2)cc1,0.293391423,2.840615497,0.61,0.39,537.612,4.9233
Cc1cc(-c2nc(-c3ccc(OC(F)(F)F)c(C)c3)n3c2CCOC(C)C3)cc(C)n1,0.557447213,3.420413572,0.07,0.02,431.458,5.39716
COc1ccc(C(=O)Nc2cc(F)c(Cl)c(C(F)(F)F)c2)cc1OCCN1CCC(C)CC1,0.495206348,2.388966827,0.02,0.01,488.909,5.8695
COc1ccc(-c2nc(-c3cccc4ccccc34)[nH]n2)cc1,0.613512575,1.925132533,0.27,0.03,301.349,4.3005
CC(=O)Nc1cccc(CNc2nc(Nc3cc(N4CCOCC4)ccc3OC(F)F)ncc2Cl)c1,0.368283085,2.613496467,0.34,0.34,518.952,4.8821
Cc1ccc(Oc2ccc(Nc3ncc(N=C(O)C4CC4)cn3)cc2)cc1,0.459322616,2.468855548,0.21,0.2,360.417,5.31892
O=C1NC(=O)c2c1c1c(c3c2[nH]c2ccccc23)CCCC1,0.624951466,2.580590184,0.61,0.25,290.322,3.0835
CCCCCCCCCCCCCCCCCCCC(=O)Nc1c(OC)cc(OC)cc1OC,0.169664875,2.24072114,0,0.01,477.73,8.6926
CC(C)C(CO)Nc1cc(NC(O)=Nc2ccc(Oc3ccnc(N=C(O)C4CC4)c3)cc2F)ccc1Cl,0.141553972,3.734802318,0.14,0.09,542.011,6.7508
COc1ccc(-c2nc(Nc3cccc(CN4CCOCC4)n3)ncc2N)cc1,0.660713988,2.445066912,0.31,0.21,392.463,2.7052
CCCC(=O)c1cnc2ccc(-c3cc(F)c(OC)c(Cl)c3)nc2n1,0.628431747,2.629668379,0.09,0.1,359.788,4.4757
NC(=O)c1cccc2c(NC(=O)Nc3ccc(N4CCOCC4)cc3)ccnc21,0.633529344,2.164783603,0.3,0.12,391.431,2.8143
Cc1ccc(-c2ccc(C(=O)Nc3ccc4c(c3)CNCC4)cc2)cc1,0.732475988,1.918559449,0.08,0.02,342.442,4.56002
COc1ccc(C(=O)Nc2cccc(Nc3ncnc4cc(OC)c(OC)cc34)c2)cc1OC,0.391315956,2.138986168,0.56,0.43,460.49,4.6601
COc1ccc(Nc2nccc(-c3cnc(Nc4ccccc4)nc3)n2)cc1,0.519208066,2.097037758,0.82,0.68,370.416,4.4294
Cc1ccc(-c2nc(Nc3ccccc3)cc(N3CCOCC3)n2)cc1,0.772769641,2.028038281,0.1,0.12,346.434,4.03222
Cc1cc(Cl)ccc1CNc1nc(Nc2ccc(N3CCOCC3)cc2)ncc1Cl,0.539333693,2.328928675,0.44,0.61,444.366,5.28412
CCCCCCCCCCCCCCCCCCCC(=O)c1ncc(-c2cccnc2)o1,0.152191862,2.436983346,0.18,0.03,440.672,8.961
CC(C)C(NC(=O)Cn1c(-c2ccccc2)ncc(N)c1=O)C(=O)c1nccs1,0.573718911,3.089357736,0.04,0.03,411.487,1.9727
CCOc1ccc(-c2nc(Nc3ccccc3)nc(NC(C)C)n2)cc1,0.654167343,2.06491072,0.12,0.14,349.438,4.5012
COc1ccc(CNc2nc(Nc3ccccc3)ncc2[N+](=O)[O-])cc1,0.493470281,2.04239872,0.67,0.24,351.366,3.7491
COc1ccc(CNc2ncnc3sc(-c4ccc(Cl)cc4)nc23)cc1OC,0.478313718,2.254508399,0.22,0.05,412.902,5.036
CCOc1ccc(CNc2nc(NCCN)nc(Nc3cc(C)[nH]n3)n2)cc1OC,0.316070513,2.613734677,0.22,0.09,413.486,2.03672
COc1ccc(CC(=O)Nc2n[nH]c3ccc(C(=O)Nc4ccc(CN)cc4)cc23)cc1,0.358346458,2.170313916,0.45,0.09,429.48,3.4637
COCC1CCC(N=C(O)c2ccc3[nH]nc(-c4ccncc4)c3c2)CC1,0.526486355,2.783562963,0.47,0.18,364.449,4.1347
COc1ccc(-c2ccc3c(c2)Nc2ccccc2NC3=O)cc1,0.722008455,2.006317419,0.79,0.06,316.36,4.6715
Cc1cc(C)cc(-c2[nH]c3ccc(C(=O)Nc4ccccc4)cc3n2)c1,0.544562682,1.949354413,0.12,0.02,341.414,5.09904
O=C1NC(=O)C(=Cc2ccc(Br)cc2)S1,0.806510816,2.198088064,0.609369676,0.38,284.134,2.773
CC(C)C(=O)Nc1nc(-c2ccccc2)nc(NC(=O)Cc2ccccc2)n1,0.68885019,2.077578699,0.12,0.02,375.432,3.3143
O=C(CNC(=O)c1ccc(Cl)cc1)NC1CCCCC1,0.896310084,1.672672071,0,0,294.782,2.5187
CNc1nc(Nc2cnc(Nc3ccccc3)cc2)ncc1Cl,0.656398685,2.21784448,0.68,0.54,326.791,4.0539
Cn1c(Nc2c(Cl)ccc(CNC(=O)C(C)(C)C)c2Cl)nc2cc(C(=O)Nc3ccc(F)c(Cl)c3)c(OCC(F)F)cc21,0.169820043,3.052305776,0.07,0.09,656.92,7.9747
Cc1ccc(C(=O)Nc2cccc(C(F)(F)F)c2)cc1Nc1ncnc2cnc(NCc3ccccc3)nc21,0.225501364,2.511302677,0.39,0.24,529.526,6.35502
COc1ccc(NC(=O)Nc2ccc(Cl)cc2)cc1Nc1ncnc2cnc(N3CCOCC3)nc12,0.350360164,2.52087667,0.21,0.21,506.954,4.306
COCCOc1cc(C(=O)Nc2cccc(C(=O)O)c2)ccc1-c1cn[nH]c1,0.516952673,2.228358122,0.29,0.14,381.388,3.0524
CN1CCC(c2ccc(Nc3ncc(C(N)=O)c(Nc4ccccc4)n3)cc2)CC1,0.579172803,2.245025757,0.71,0.41,402.502,3.8719
CC(C)CC(NC(=O)CCc1ccccc1)C(=O)NC(C=O)Cc1ccccc1,0.575307941,2.777168272,0.01,0,394.515,3.0765
O=C(NCCc1ccc(Cl)cc1Cl)c1ccccc1-c1ncccc1Cl,0.592987087,2.056471277,0.18,0.1,405.712,5.6813
COc1ccc2[nH]cc(C(=O)C(C)C)c2c1,0.80282725,2.012630643,0.07,0,217.268,3.0152
Cc1cccc(C)c1Nc1cc(N)c(Br)c(Br)c1,0.717654228,2.324720293,0.06,0.04,370.088,5.15424
COc1ccccc1N1CCN(CCCNC(=O)c2ccc3c(c2)C(=O)NC3=O)CC1,0.519457829,2.19482436,0.21,0.04,422.485,1.5209
Cc1ccc(-c2cccc3cnccc23)cc1NC(=O)c1ccc(N2CCCCC2=O)cc1,0.428916178,2.192863161,0.24,0.15,435.527,5.97942
COc1ccc(-c2nc(-c3ccncc3)no2)cc1,0.717851108,1.831563779,0.07,0,253.261,2.8072
COc1ccc(-n2nc(C(N)=O)c3c2-c2cc(NC(=O)c4ccccc4Cl)ccc2CC3)cc1,0.441247516,2.33600409,0.08,0.04,472.932,4.6511
CN(C)CCOc1ccc(Nc2cc(Nc3ccc(N4CCOCC4)cc3)n3ncc(C#N)c3n2)cc1,0.355966738,2.704377714,0.34,0.21,498.591,3.86518
CN(C)CCCOc1ccc(-c2ccnc3ccc(Nc4cc(Cl)ccc4Cl)cc23)cc1,0.276989587,2.223033147,0.33,0.28,466.412,7.2827
COc1cc(CN(CC2CCCCC2)C(=O)c2ccc(Cl)cc2)ccc1OCCN1C(=O)CCC1=O,0.413906489,2.395571449,0,0.01,513.034,5.0991
O=C(Nc1ccccc1)c1ccc(NC(=O)c2ccccc2)cc1,0.757949517,1.288503169,0,0,316.36,4.1912
CN1C(=O)CCc2ccc(Nc3cc(C(=O)O)ccc3Cl)cc21,0.900108516,2.145003475,0.04,0.11,330.771,3.6908
CCn1c(NC(C)=O)nc2cc(-c3ccccc3)ccc21,0.794606958,1.940741313,0.01,0.02,279.343,3.6816
O=C(NCCCNc1c2c(nc3ccccc13)CCCC2)c1ccc(-c2ccc(F)cc2)cc1,0.330013011,2.228129862,0.19,0.07,453.561,6.1517
O=C(Nc1cccnc1)c1ccc2ccccc2c1,0.753915645,1.579895097,0.05,0.06,248.285,3.4871
COc1ccc(C2=NNC(=O)C2=NNc2ccc(C(=N)N)cc2)cc1,0.372717,2.583304324,0.68,0.02,336.355,1.28127
O=C(C=Cc1ccc(Nc2nccc3ccccc23)cc1)Nc1ccccc1,0.450694609,1.950295218,0.18,0.14,365.436,5.6303
O=C1NC(=O)C(=Cc2ccc(-c3ccccc3)cc2)S1,0.854122807,1.941004124,0.58,0.23,281.336,3.6775
CCN(CC)CCN1CC(C(=O)Nc2ccc(Cl)c(Cl)c2)C(c2ccc(Cl)cc2)C1,0.54415204,2.98653588,0,0.01,468.856,5.6427
O=C(Nc1cccc2cnccc12)NC1CCCc2cccnc21,0.754407468,2.754767944,0.2,0.08,318.38,3.8289
CN1C(=O)C(=Cc2ccnc(C(=O)c3ccccc3)c2)CC1=O,0.494528393,2.479584033,0.09,0.03,306.321,2.0847
COc1ccc(-c2ccc3c(c2)Nc2ccccc2NC3=O)cc1,0.722008455,2.006317419,0.79,0.06,316.36,4.6715
COc1cc(C=CC(=O)CC(=O)C=Cc2ccccc2)cc(OC)c1OC,0.496383945,2.26759418,0,0,366.413,3.9673
Cc1nc(N)nc(-c2cccnc2Nc2cccc3[nH]ccc23)n1,0.536104523,2.522691925,0.34,0.16,317.356,3.04912
CC(=O)Nc1ccc(-c2nc(Nc3ccc(N4CCOCC4)cc3)ncc2N2CCOCC2)cc1,0.56085836,2.445217722,0.31,0.59,474.565,3.5188
O=C1CC(=O)NC1=Cc1ccc2ccccc2c1,0.610558667,2.293931402,0.06,0.09,237.258,2.2697
COc1ccc(CNc2nc(Nc3cc(C4CC4)n[nH]3)cc(OC)n2)cc1,0.561635329,2.677916494,0.23,0.07,366.425,3.45
CN1CCN(C(=O)c2ccc(-c3nc(Nc4ccc5ccccc5c4)nc(N4CCOCC4)n3)cc2)CC1,0.436344393,2.439352862,0.04,0.11,509.614,3.6596
CC(=O)c1ccc(-c2cccc3c(Nc4ccc(N5CCCC5)cc4)nncc23)cc1,0.420282052,2.252283078,0.24,0.19,408.505,5.8432
O=C1NC(=O)C(=Cc2ccc(-c3ccccc3)cc2)S1,0.854122807,1.941004124,0.58,0.23,281.336,3.6775
Cc1cc(Nc2nccc(-c3cnn4ccccc34)n2)cc(OC)c1OC,0.581801314,2.47956679,0.85,0.32,361.405,3.86052
O=C(NC1CCC(CCN2CCC(c3coc4ccccc34)CC2)CC1)c1ccc(N2CCOCC2)cc1,0.429235796,2.571226505,0.02,0.01,515.698,5.8277
O=C(Nc1ccc(C(=O)N2CCCCc3ccccc32)cc1)c1ccccc1-c1ccccc1,0.384446773,1.965516785,0.07,0.01,446.55,6.589
CC(C)(C)CNC(=O)c1cccc(-c2cnc3ccccc3n2)c1,0.791397955,2.026090949,0.18,0.18,319.408,4.0727
CCNC(=O)c1ccc(-n2cnc3ccccc32)s1,0.795921205,2.278599713,0.04,0.01,271.345,2.8367
Cc1ccc(-n2nc(C(C)(C)C)cc2NC(=O)Nc2ccc(N)cc2)cc1,0.589461484,2.116884116,0.2,0.03,363.465,4.70442
CNC(=O)C1OC(n2cnc3c(N)nc(Nc4ccc(S(N)(=O)=O)cc4)nc32)C(O)C1O,0.246206548,3.762158671,0.46,0.31,464.464,-1.8353
CC(Nc1nccc(Nc2ccc(N3CCOCC3)cc2)n1)c1ccccc1,0.672266813,2.593892636,0.36,0.37,375.476,4.2299
CNc1nc(Nc2cc(NC(=O)c3cccc(Cl)c3)ncc2F)n[nH]1,0.556087194,2.622471388,0.3,0.3,361.768,3.0298
COc1cc(OC)cc(N(CCNC(C)=O)c2ccc3ncc(-c4cnn(C)c4)nc3c2)c1,0.443649791,2.756531062,0.16,0.12,446.511,3.3217
COc1ccc(-c2nn(-c3ccccc3)c3ncnc(N)c23)cc1,0.627989002,2.030902255,0.51,0.18,317.352,3.0733
O=C1CC=C(c2cccc(-c3ccccc3)n2)CC1,0.807929257,2.291471196,0.08,0.06,249.313,3.885
COc1ccc(CCCNC(=O)CC(C)(C)C)cc1,0.800507786,1.771651015,0,0,263.381,3.1802
CCCN(CC)C(=O)c1ccc(C(=O)Nc2ccc(Cl)cc2C(=O)Nc2ccc(Cl)cn2)cc1,0.412100718,2.201351619,0.01,0.01,499.398,5.7651
O=C1NC(=O)C(=Cc2ccc(-c3ccccc3)cc2)S1,0.854122807,1.941004124,0.58,0.23,281.336,3.6775
COc1ccc(-n2nc(C(N)=O)c3c2-c2cc(NC(=O)c4ccc(C)cc4)ccc2CC3)cc1,0.471416636,2.298790767,0.08,0,452.514,4.30612
Fc1cccc(-c2nn(-c3ccccc3)c3ccccc23)c1,0.516247996,1.812393653,0.12,0.07,288.325,4.8316
COc1ccc(-c2cccn3nc(Nc4ccc(N5CCNCC5)cc4)nc23)cc1,0.534041845,2.340815606,0.26,0.24,400.486,3.5581
CS(=O)(=O)c1ccc(-c2noc(C(F)(F)F)n2)cc1,0.84768334,2.20797564,0.02,0.01,292.238,2.1589
COc1cc(NC(=O)c2ccc(-c3ccccc3)cc2)nc(Nc2ccc(N3CCOCC3)cc2)c1OC,0.319255193,2.360199584,0.22,0.25,510.594,5.5983
COc1ccc(-c2nc(Nc3ccccc3)c(-c3ccc(C)cc3)o2)cc1,0.471363511,2.032766663,0.11,0.01,356.425,6.06922
COc1ccc(-c2ccc3ccccc3c2)cc1,0.633305862,1.372844454,0.05,0.08,234.298,4.5154
O=C(NC1CCCCC1)c1ccc(NC(=O)N2Cc3ccccc3C2)cc1,0.854137285,1.952257413,0.02,0.01,363.461,4.2968
COc1ccc(Nc2ncc(C(=O)NO)cn2)cc1,0.566875433,2.003089969,0.39,0.39,260.253,1.3478
COc1ccc(Nc2ncc(C(N)=O)c(Nc3ccc(N4CCC(N)CC4)cc3)n2)cc1,0.447134056,2.329343013,0.7,0.53,433.516,2.9988
CC(C)c1onc(-c2c(Cl)cccc2Cl)c1[N+](=O)[O-],0.609340334,2.604260708,0.03,0.03,301.129,4.68
Cc1ccc(C(=O)Nc2ccc(N3CCOCC3)cc2)cc1Nc1ncnc2[nH]ncc12,0.44559351,2.394189893,0.46,0.18,429.484,3.49382
COc1ccc(-c2nc(-c3ccncc3)c(-c3ccc(OC)cc3)[nH]2)cc1OC,0.513055689,2.139537449,0.62,0.23,387.439,4.8315
CCc1cc(CNc2ccc(C(=O)O)cc2)cc(C(=O)Nc2ccc(C(=O)O)cn2)c1,0.435683741,2.175364712,0.03,0.02,419.437,3.9048
CC(=O)Nc1ccc(-c2ccc3nc(C(=O)Nc4ccc(OC)cc4)cnc3c2)cc1,0.502840084,2.020155908,0.16,0.15,412.449,4.5161
CN(C)CC(=O)c1ccc(-c2cc3cnccc3cc2OC)cc1,0.672994064,2.150480315,0.35,0.08,320.392,3.6547
Cc1cccc(-c2[nH]c(-c3ccccc3)nc2-c2ccncc2)n1,0.605345738,2.167243855,0.6,0.18,312.376,4.50912
Cc1cc(C(=O)Nc2ccc(-c3cccc4c(N)nccc43)cc2)n[nH]1,0.527378231,2.226050413,0.66,0.23,343.39,3.76782
COc1ccc(-c2cccc3cc(Nc4ccccc4)c(NC(=O)c4ccccc4)nc23)cc1,0.298170875,2.150937554,0.24,0.2,445.522,6.9063
Cc1cc(C)c(S(=O)(=O)Nc2ccc(Cl)c3c2C(=O)N(c2cc(C)ncn2)C3=O)cc1,0.599835957,2.683021351,0.07,0.01,456.911,3.65666
O=C(Nc1ccc(Cl)cc1)c1ccc(-c2noc(C(F)(F)F)n2)cc1,0.730613218,2.007206621,0.08,0.02,367.714,4.6611
Cc1cc(C(=O)Nc2ccc(-c3ccccc3N)cc2)n(-c2ccc3ccccc3c2)n1,0.360434712,2.134642139,0.15,0.11,418.5,5.83542
CC(C)CC(NC(=O)C(CC(C)C)NC(=O)OCc1ccccc1)C(=O)C(=O)NC(C(=O)C(F)(F)F)C(C)C,0.299204169,3.552079709,0.01,0.02,557.61,3.6997
CC(=O)c1ccc(NC(=O)Nc2ccc(-c3cccc4ccccc34)cc2)cc1,0.405120335,1.755155031,0.14,0.06,380.447,6.3534
COc1ccc(-c2nc(N3CCOCC3)c3cnn(C4CCN(C)CC4)c3n2)cc1,0.657246064,2.47967683,0.03,0.03,408.506,2.6052
O=c1[nH]c2ccccc2nc1N1CCC(N2CCCCC2)CC1,0.924864244,2.213356515,0.02,0.01,312.417,2.3778
COc1ccc(-n2nc(C(N)=O)c3c2-c2cc(NC(=O)c4ccccc4Cl)ccc2CC3)cc1,0.441247516,2.33600409,0.08,0.04,472.932,4.6511
CC(C)(C)c1cc(NC(=O)Nc2ccc(Cl)cc2)n(-c2ccccc2)n1,0.643772905,1.974163736,0.14,0.01,368.868,5.4672
O=C1NC(=O)C(=Cc2ccc(-c3ccc(Cl)cc3)c(Cl)c2)S1,0.77690595,2.178911447,0.66,0.29,350.226,4.9843
COc1ccc(Nc2ncc(C(N)=O)c(Nc3ccccc3)n2)cc1OC,0.589759419,2.031493195,0.81,0.61,365.393,3.0799
CCCC(=O)Nc1cc2c(Nc3ccc(F)c(Br)c3)ncnc2cn1,0.658792518,2.405119925,0.61,0.34,404.243,4.4086
CC(=O)Nc1ccc(-c2nc(Nc3cccc4ccccc34)no2)cc1,0.565765018,2.076963093,0.07,0.08,344.374,4.5918
CC(C)C(NC(=O)Cn1c(-c2ccccc2)ccc(NC(=O)C(C)(C)C)c1=O)C(=O)C(=O)NC1CCCC1,0.435930929,3.089586671,0.02,0.01,522.646,3.2686
CC(C)(C)OC(=O)NC(Cc1ccccc1)C(=O)NC(C=O)Cc1ccccc1,0.671918531,2.781044778,0,0.01,396.487,3.0488
CC(C)c1ccc(Nc2nccc(-c3cnc4ccccn34)n2)cc1,0.591531298,2.289693386,0.72,0.45,329.407,4.6583
O=C(c1ccc(Cl)cc1Cl)N1CCn2c(nnc2-c2cnccn2)C1,0.688475023,2.468555082,0.05,0.06,375.219,2.6979
COc1ccc(C(=O)C=Cc2ccc(O)c(O)c2)cc1,0.508915614,1.878645191,0.03,0.09,270.284,3.0025
CN(Cc1ccccc1)C(=O)C(=O)c1c(-c2ccc(Cl)cc2)n(C)c2ccccc12,0.325275581,2.222219372,0.02,0,416.908,5.34
Cc1ccc(-c2nnc(N3CCC(N4CCCCC4)CC3)o2)cc1,0.863649828,2.277026303,0.02,0.02,326.444,3.49972
COCCOc1ccccc1Nc1nc(Nc2ccc(N3CCOCC3)cc2)ncc1Cl,0.457013515,2.327709206,0.67,0.68,455.946,4.479
CC(C)c1cccc(NC(=O)Nc2ccc(-c3cccc4cnc(Nc5cccc(N6CCOCC6)c5)cc34)cc2)c1,0.187787827,2.53216146,0.36,0.4,557.698,8.2494
COc1ccc(-c2nn(C(C)C)c3ncnc(N)c23)cc1,0.799076033,2.262234494,0.62,0.2,283.335,2.665
O=C1NC(=O)C(=Cc2ccc(-c3ccc(Cl)cc3)c(Cl)c2)S1,0.77690595,2.178911447,0.66,0.29,350.226,4.9843
Cc1ccc(-c2nnc(Nc3ccc(N4CCOCC4)cc3)o2)cc1,0.784886762,2.084547494,0.35,0.03,336.395,3.62522
Cc1cc(Nc2cc(N3CCOCC3)nc(Nc3ccc(N4CCOCC4)cc3)n2)ccc1Cl,0.529962874,2.460352015,0.14,0.2,481,4.59882
COc1ccc(-c2nc(Nc3ccccc3)ncc2OC)cc1,0.774348703,1.864424503,0.53,0.53,307.353,3.9044
O=C(Nc1ccc(Cl)cc1)Nc1cccc2ccccc12,0.675424835,1.521909194,0.01,0.03,296.757,5.1372
O=C1NC(=O)C(=Cc2ccc(-c3ccccc3)cc2)S1,0.854122807,1.941004124,0.58,0.23,281.336,3.6775
CN(C)CC=CC(=O)Nc1cc2c(Nc3ccc(Br)cc3F)ncnc2cc1OCCCN1CCOCC1,0.251690294,2.83255488,0.28,0.29,587.494,4.4324
CC(=O)Nc1ccc(-c2ccnc3ccc(Nc4cccc(N5CCOCC5)c4)nc23)cc1,0.463480473,2.35102915,0.26,0.32,439.519,4.8354
COc1cc(Nc2nccc(-c3cnn4ccccc34)n2)cc(OC)c1OC,0.549970527,2.432995579,0.88,0.34,377.404,3.5607
Cc1ccc(C(=O)Nc2cc(N(C)CCN(C)C)cc(C(F)(F)F)c2)cc1Nc1ncnc2cnc(Nc3ccccc3)nc12,0.162491888,2.90918924,0.5,0.27,615.664,6.48432
COc1ccc(-c2noc(C(F)(F)F)n2)cc1,0.814467234,2.031932703,0.03,0.01,244.172,2.764
Cc1ccc(NC(=O)c2cccc(C(F)(F)F)c2)cc1Nc1ncnc2cnc(NCC(C)C)nc12,0.297132259,2.593824893,0.36,0.32,495.509,5.81082
COc1ccc(-c2ccc3ccccc3c2OC)cc1,0.691906054,1.623160888,0.09,0.01,264.324,4.524
CC(C)Nc1cc(-n2ccc3cc(C#N)cnc32)ncc1C(O)=NC1CCC(C(C)(C)O)CC1,0.360791424,3.434523603,0.12,0.08,460.582,4.74678
CN(C)C(=O)n1cc(C(=O)c2ccc(NC(=O)Cc3ccccc3)cc2)c2cnccc21,0.4894525,2.353998429,0.07,0.01,426.476,3.9782
CSc1ccc(C(=O)Nc2ccc(C(C)(C)C)cc2)cc1Nc1ncnc2cnc(NCc3ccccc3)nc21,0.176954177,2.624714509,0.34,0.16,549.704,7.0472
COc1ccc(Nc2ncc(C(N)=O)s2)cc1-c1nc(Nc2cnc(N)c(N(C)C)n2)sc1C,0.283320963,3.089624655,0.47,0.22,497.61,3.60792
O=C(Nc1ccc(CN2CCC(C(O)=NC3CCCCC3)CC2)cc1)c1ccccc1,0.483950027,2.304711311,0,0.01,419.569,5.4401
CC(C)(C)c1ccc(NC(=O)Nc2ccc(Oc3ccnc(Nc4ccccc4)n3)cc2)cc1,0.293813831,2.158341375,0.55,0.34,453.546,6.954
O=C(NCc1ccc(Cl)cc1Cl)c1cnc(Nc2ccc(N3CCOCC3)cc2)nc1N1CCOCC1,0.460014313,2.51443156,0.4,0.49,543.455,4.1302
COc1ccc(CNc2nc(Nc3cc(C4CC4)[nH]n3)cc(OC)n2)cc1,0.561635329,2.494211761,0.2,0.08,366.425,3.45
Cc1cc(C)cc(C(=O)Nc2ccc(Cl)c(C(=O)Nc3ccccc3N)c2)c1,0.542438514,1.905597485,0.03,0.03,393.874,5.04364
O=C1NC(=O)C(=Cc2ccc(-c3ccccc3)c(-c3ccccc3)c2)S1,0.643283806,2.082794874,0.64,0.27,357.434,5.3445
Cc1ccc(Nc2nccc(-c3cnc4ccccc4c3)n2)cc1,0.593204135,1.964758481,0.72,0.54,312.376,4.74382
COc1ccc(-c2nc(Nc3ccccc3)c3ncn(C(=O)c4ccccc4)c3n2)cc1,0.433137631,2.240594803,0.28,0.25,421.46,4.934
CCCN(CC)C(=O)c1ccc(N(c2ccccc2)C2=NCC(=O)C2=O)cc1,0.724826926,2.649549512,0.03,0.01,377.444,3.2471
COc1ccc(-c2ccc3c(c2)nc(Nc2ccccc2)n3C)cc1,0.572956424,1.889780425,0.21,0.14,329.403,4.9925
COc1cc(Nc2nccc(-c3nn(C(C)C)c4ncncc34)n2)cc(OC)c1,0.531849955,2.678374467,0.78,0.34,391.435,3.625
O=C1NC(=O)C(=Cc2ccn(-c3ccc(F)cc3)c2)S1,0.864393929,2.508748994,0.399369676,0.24,288.303,2.9403
Cc1cc(-c2noc(-c3ccc(N4CCC(C(=O)O)CC4)nc3)n2)ccc1OC(C)=O,0.48756751,2.417730802,0.11,0.03,422.441,3.33332
COc1ccc(-c2cc(C(=O)Nc3ccc(OC(F)(F)F)cc3)ccc2-c2cnccc2)cc1,0.350424281,2.11420869,0.19,0.05,464.443,6.5751
CN1CCC(c2cc3c(-c4cccc(NCc5cccc(Cl)c5)n4)ccnc3[nH]2)CC1,0.425241329,2.627162368,0.45,0.13,431.971,5.6996
COc1ccc(-c2nc(-c3ccccc3)nn2-c2ccc3ncnn3c2)cc1,0.484207489,2.418205135,0.15,0.08,368.4,3.6526
Cc1ccc(-n2nc(C(C)(C)C)cc2NC(=O)Nc2ccc(Oc3ccnc(Nc4ccccc4)n3)cc2)cc1,0.20063181,2.503138054,0.44,0.25,533.636,7.44812
O=C(NCc1ccccc1)c1ccc(Nc2nc(-c3ccccc3)cc(-c3ccccc3)n2)cc1,0.293957383,1.957907702,0.23,0.13,456.549,6.4842
Cc1cc(Nc2cc(Nc3cc(C4CC4)[nH]n3)nc(NC(C)C)n2)nc(N)n1,0.417633342,2.961668109,0.29,0.08,380.46,3.06522
COc1ccc(C(=O)Nc2cc(-c3ccccc3)cnc2N)cc1OC,0.734841199,1.896825124,0.28,0.08,349.39,3.6003
CC(=O)Nc1cccc(Nc2ncc(Nc3ccccc3C)nc2N)c1,0.55867065,2.255958803,0.4,0.31,348.41,3.81282
COc1ccc(-c2nc(-c3cccc4ccccc34)[nH]c2-c2ccc3ccccc3c2)cc1,0.313173981,2.146494264,0.38,0.15,426.519,7.7257
COc1ccc(-c2nc(-c3ccc(OC)cc3)c(-c3ccc(C)cc3)n2CC(=O)O)cc1,0.432706989,2.138657262,0.02,0,428.488,5.29432
COc1ccc(C(=O)Nc2cccc(C(C)Nc3ncnc4c(C(N)=O)cccc34)c2)cc1,0.396131543,2.648843625,0.23,0.15,441.491,4.1627
COc1ccc(NC(=O)Nc2ccc(-c3cnc(N)c4cc(OC)ccc34)cc2)cc1,0.419694851,2.065591517,0.77,0.19,414.465,5.1452
COc1ccc(-c2ccc3c(NC(=O)C4CC4)ncnc3c2)cc1,0.796954326,1.960419426,0.64,0.17,319.364,3.6539
Cc1ccc(C(=O)Nc2cccc(C(F)(F)F)c2)cc1Nc1ncnc2cnc(NCc3ccccc3)nc12,0.225501364,2.511302677,0.39,0.24,529.526,6.35502
CN(C)c1ccc(C=C2C(=O)Nc3ccc(-c4cccc(C#N)c4)cc32)cc1,0.679468163,2.312091006,0.54,0.28,365.436,4.78398
Cc1cc(C(C)(O)C#Cc2ccc3c(c2)-n2ncc(C(N)=O)c2C(=O)NC3)ncc1Cl,0.529739581,3.756588528,0.24,0.05,435.871,1.83062
CN(C(=O)Cn1c(=O)oc2ccc(-c3ccccc3)cc21)c1ccccc1,0.55546203,2.103345488,0.03,0.03,358.397,3.9245
CN(C)CCOc1ccc(-c2nc(-c3cccc4c3ncn4CCCO)ccn2)cc1,0.449332044,2.49789755,0.24,0.05,417.513,3.4831
COc1ccccc1N1CCN(CCCCNC(=O)c2ccc3ccccc3c2)CC1,0.558686161,1.948805817,0.03,0,417.553,4.1806
N#Cc1ccc(Nc2nccc(Nc3cccc(N4CCOCC4)c3)n2)cc1,0.706497679,2.274772327,0.6,0.61,372.432,3.67208
CCOc1ccc(-c2ccc3cc(O)ccc3c2)cc1O,0.750975384,1.91508439,0.06,0.01,280.323,4.3167
COc1ccc(CNC(=O)C(CC(C)C)NC(=O)c2ccc(C(F)(F)F)cc2)cc1,0.670942818,2.394181982,0.01,0.01,422.447,4.1749
CCCCCCOc1ccc(NC(=O)NC(C)=O)cc1,0.751800156,1.761279257,0.01,0,278.352,3.3137
CCN(CC)C(=O)c1ccc(C(=O)Nc2ccc(Cl)c(C(=O)c3cccnc3)c2)cc1,0.545314502,2.07925808,0,0.01,435.911,4.7003
CCNC(=O)C1OC(n2cnc3c(NCc4cccc(F)c4)nc(NCCc4ccccc4)nc32)C(O)C1O,0.205716999,3.742391914,0.28,0.06,535.58,1.9874
O=C1Nc2cc(Cl)ccc2C(=O)c2c1ncc1ccccc21,0.542202615,2.277626654,0.53,0.18,308.724,3.2431
COc1ccc(C(=O)Nc2ccc(CNC(=O)c3ccc4c(c3)-c3ccccc3N4)cc2)cc1,0.319538602,1.962130743,0.03,0.02,449.51,5.512
COc1cc(Nc2nccc(Nc3ccccc3)n2)ccc1OC,0.715251269,1.900155002,0.79,0.51,322.368,3.981
O=C1NCC(c2c[nH]c3ccccc23)C1=Nc1ccccc1,0.747785412,3.080836606,0.36,0.1,289.338,3.154
COc1ccc(-c2cccc(CNc3ncc(C(=O)O)cc3NC(=O)Cc3ccccc3)c2)cc1OC,0.274230093,2.263430762,0.13,0.11,497.551,5.2573
COc1ccc(Nc2nccc(Nc3ccccc3)n2)cc1OC,0.715251269,1.900155002,0.79,0.51,322.368,3.981
CC(C)c1cc(-c2ccccc2)nc(Nc2ccc(C(=O)O)cc2)n1,0.707093508,1.977583847,0.23,0.19,333.391,4.7088
O=C(O)Cc1csc(-c2ccc(NC(=O)Cc3ccccc3)cc2)n1,0.710060445,1.865470467,0.01,0.02,352.415,3.6184
COc1cccc(-c2nc(Nc3ccccc3)ncc2N)c1,0.769873973,2.011855088,0.52,0.58,292.342,3.478
CCC(C)C(NC(=O)OCc1ccccc1)C(=O)NC(Cc1ccc(O)cc1)C(=O)NC(C=O)CC(C)C,0.279117025,3.524774874,0.01,0.01,525.646,3.4904
COc1ccc(C(=O)C(=O)Nc2ccc(-c3ccccc3)cc2)cc1,0.563411021,1.636983928,0.01,0.01,331.371,4.1836
COc1cccc(-c2nnc(Nc3ccccc3)o2)c1,0.783664938,1.857958559,0.61,0.1,267.288,3.4888
O=C(Nc1ccc(Cl)cc1Cl)C1CCNC1,0.856445489,2.390854623,0.12,0.02,259.136,2.5414
Cc1cc(Nc2cc(Nc3ccccc3)nc(N)n2)ccn1,0.683751184,2.242179367,0.32,0.36,292.346,3.24942
CCC(C)C(N)C(=O)NC1CCCCC1,0.746421829,2.694474368,0.03,0,212.337,1.8087
CC(C)c1c(C(=O)NCc2ccc(F)c(F)c2)c2ccc(OCc3ccccc3)cc2n1Cc1ccccc1,0.215773002,2.369391963,0.01,0.02,524.611,7.6002
COc1cc(Nc2ncc(Cl)c(Nc3ccccc3C(=O)O)n2)ccc1OC,0.537681351,2.119054283,0.82,0.63,400.822,4.3326
Cc1cccc(C(=O)Nc2ccc(C(=O)Nc3ccccc3N)cc2)c1,0.622946491,1.648209947,0.01,0.02,345.402,4.08182
Cc1ccc(-c2noc(C(C)(C)C)n2)cc1N=C(O)c1cnc(N2CC(F)(F)C2)c(OCC2CC2)n1,0.357505226,3.374450816,0.1,0.05,498.534,5.01292
COc1ccc(NC(=O)Nc2ccc(-c3cccc4c3N=C(O)C4=Cc3cccnc3)cc2)cc1,0.313594287,2.562880126,0.31,0.12,462.509,6.5434
CCCCCC(=O)c1cnc(OCC)c2ncnc(Nc3cccc(Br)c3)c12,0.338144286,2.619119083,0.36,0.16,443.345,5.6926
CC(=O)Nc1ccc(-c2nc(N3CCOCC3)c3cnn(C4CCN(C)CC4)c3n2)cc1,0.673731116,2.543350824,0.1,0.06,435.532,2.555
COc1ccc(C(=O)C=Cc2ccc(OC)cc2)cc1,0.613670418,1.599557091,0,0,268.312,3.5999
CN(C)c1ccc(C=Cc2ccncc2)cc1,0.79472778,1.959445232,0.1,0,224.307,3.318
O=C(Nc1ccc(OC(F)(F)F)cc1)c1cnc(N2CCC(O)C2)c(-c2cnc[nH]2)c1,0.571161287,3.080866215,0.16,0.08,433.39,3.1936
CN(C)C(=O)Cn1c(-c2ccccc2)nc2ccc(NC(=O)C=Cc3ccc(OC(F)(F)F)cc3)cc21,0.342047332,2.48606943,0.02,0.03,508.5,5.342
COc1cccc(-c2nc(Nc3ccc(N4CCOCC4)cc3)ncc2NC(=O)CC(C)O)c1,0.4662248,2.896970663,0.42,0.55,463.538,3.4418
CCc1ccc(-c2ccc(-c3ccc(O)c(Cl)c3)o2)cc1,0.688908647,1.945029005,0.14,0.03,298.769,5.535
COc1ccc(Nc2ncc(-c3ccccc3)o2)cc1,0.772112786,1.85881749,0.6,0.33,266.3,4.0938
O=C(Nc1ccc(Cl)cc1)c1ccc(-c2n[nH]c(-c3ccccc3)n2)cc1,0.525063592,1.863868123,0.24,0.07,374.831,5.0444
CC(C)C(NC(=O)Cn1ccc2cnccc2c1=O)C(=O)NC(Cc1ccccc1)C(=O)C(F)(F)C(=O)O,0.320055552,3.451654154,0.07,0.08,528.512,1.5538
CCc1cccc(Nc2ncnc3cc(OC)c(OC)cc23)c1,0.773017154,1.969805507,0.71,0.27,309.369,3.953
Cc1ccc(NC(=O)c2ccc(Nc3ccc(N4CCOCC4=O)cc3)cc2)cc1,0.666683152,2.003302149,0.02,0.06,401.466,4.35412
CN(C)c1ccc(C=C2COc3cc(O)ccc32)cc1,0.904937905,2.366527131,0.05,0.03,267.328,3.3912
COc1ccc(-c2ccc3c(c2)Nc2ccccc2NC3=O)cc1,0.722008455,2.006317419,0.79,0.06,316.36,4.6715
COc1ccc(-n2nc(C(=O)Nc3ccc(S(N)(=O)=O)cc3)cc2N=C(O)c2cnn3cccnc23)cc1,0.211152306,2.920029557,0.11,0.11,532.542,2.4596
CNC(=O)c1cccc(-c2nc(Nc3ccc(N4CCOCC4)cc3OC)no2)c1,0.64080051,2.415979603,0.1,0.24,409.446,2.685
COc1ccc(-c2nc(Nc3ccccc3)nc(N3CCOCC3)n2)cc1,0.746485377,2.048941731,0.05,0.09,363.421,3.1274
CC(C)(C)c1ccc(Nc2ncc(C(F)(F)F)c(Nc3ccc4c(c3)OCCO4)n2)cc1,0.510558047,2.464663281,0.59,0.5,444.457,6.0513
CN=C(N)Nc1nc(-c2ccc(F)cc2)c(-c2ccnc(NC(C)C)c2)[nH]1,0.408370707,2.75868082,0.49,0.63,367.432,3.4545
COc1ccc(NC(=O)Nc2ccc(-c3nc(N4CCOCC4)c4ncccc4n3)cc2)cc1,0.464486894,2.2608594,0.14,0.12,456.506,4.181
CC(C)CC(NC(=O)Cn1c(-c2ccccc2)ccc(N)c1=O)C=Cc1cncs1,0.577751494,3.362009502,0.09,0.02,422.554,3.7983
CC(=O)Nc1ccc(S(=O)(=O)Nc2ccc3c(c2)C(=O)C=C(c2cccc(OC)c2)OC3=O)cc1,0.420391933,2.360028349,0.05,0.04,492.509,3.588
COc1cccc(-c2nc(NC(=O)Cc3ccccc3)cc(-c3ccccc3)n2)c1,0.498940398,1.942315466,0.04,0.03,395.462,5.0004
O=C1NC(=O)C(=Cc2ccc(-c3ccc(Br)cc3)c(Cl)c2)S1,0.721387299,2.238813928,0.58,0.29,394.677,5.0934
COc1ccc(-c2nc(-c3cccc4ccccc34)on2)cc1,0.556150347,1.780539999,0.04,0,302.333,4.5654
Cc1ccc(-c2nc(-c3ccc(F)c(Cl)c3)n3c2CCOC(C)C3)cc1,0.613313999,3.019338797,0.02,0.04,370.855,5.27922
COc1ccc(-c2cnc(N)c(C(=O)c3ccccc3)n2)cc1,0.749720283,1.950246766,0.46,0.1,305.337,2.9654
COc1ccc(Nc2nccc(-n3ccnc3-c3ccccc3)n2)cc1,0.591348934,2.126813505,0.53,0.48,343.39,4.0815
Cc1cccc(C(=O)Nc2ccc(C(=O)Nc3ccc(CN4CCOCC4)c4ccccc34)cc2)c1,0.383958667,2.093550076,0.02,0.03,479.58,5.48502
CC(C)(C)c1ccc(C(=O)Nc2cccc(C(F)(F)F)c2)cc1Nc1ncnc2cnc(N3CCCCC3)nc12,0.285226324,2.736516954,0.28,0.16,549.601,6.7223
Cc1ccc(NC(=O)Nc2ccc(Nc3ncnc4ccccc34)cc2)cc1,0.454437903,1.855347507,0.32,0.1,369.428,5.32582
Cc1cccc(Nc2nccc(Nc3ccccc3)n2)c1,0.746728862,1.841052057,0.8,0.36,276.343,4.27222
CCOC(=O)C=Cc1cccc(-c2nccc(Nc3ccc4c(c3)CCCC4=O)c2)c1,0.422323535,2.457051396,0.16,0.17,412.489,5.5875
CN(C)CCN(C)C(=O)c1ccc(-c2noc(C(F)(F)F)n2)cc1,0.834870543,2.361059076,0.08,0.02,342.321,2.389
CC(=O)Nc1ccc(-c2nc(-c3ccc(OC)cc3)c(-c3ccc(Cl)cc3)o2)cc1,0.412946203,2.02450677,0.06,0.03,418.88,6.296
Cc1cccc(NC(=O)c2cccc(C(F)(F)F)c2)c1,0.87367519,1.59793146,0,0,279.261,4.26612
CN(C)CC(=O)Nc1cccc(CNc2nc(Nc3cc(C4CC4)[nH]n3)ccc2OC)n1,0.382913847,2.814777127,0.24,0.11,436.52,2.9415
Cc1ccc(C(=O)Nc2ccc(Cl)cc2C(=O)Nc2ccc(Cl)cn2)cc1,0.632393402,1.87215167,0.04,0.01,400.265,5.20142
CN(C)CCc1cn(S(=O)(=O)c2ccccc2)c2ccccc12,0.722971399,2.044416459,0.04,0,328.437,2.9824
COc1ccc(-c2nc(-c3cccc4ccccc34)n[nH]2)cc1,0.613512575,1.928553348,0.26,0.03,301.349,4.3005
COc1cccc(Nc2nc(Nc3ccccc3)nc(NC3CCCCC3)n2)c1,0.516694539,2.143611254,0.22,0.24,390.491,5.112
COc1cccc(-c2cnc(Nc3ccc(N4CCOCC4)cc3)s2)c1,0.724211383,2.142040678,0.27,0.5,367.474,4.3989
CC(=O)Nc1ccc(OC)c(Nc2nccc(-c3cnc4ccccn34)n2)c1,0.555286181,2.38333575,0.54,0.32,374.404,3.5019
O=C(NC1CCCCC1)c1ccc2ccccc2n1,0.893082084,1.777338779,0.01,0,254.333,3.2973
CCc1ccc(-c2nc(-c3cccc4c3ncn4CC(C)O)no2)cc1,0.594988064,2.861069176,0.07,0.02,348.406,3.6965
Cc1ccc(C(=O)Nc2cc(C(C)(C)C)on2)cc1Nc1ncnc2[nH]ccc12,0.471694011,2.603400006,0.35,0.08,390.447,4.54772
CC(=O)Nc1nc(C(=O)NC(C)c2ccc(OC)cc2)ccc1-c1nc(C(C)(C)C)[nH]n1,0.542467279,3.069971806,0.21,0.02,436.516,3.6222
O=C(Nc1ccc(Cl)cc1)c1ccccc1Nc1ccc(Nc2ccccc2)cc1,0.31626904,1.751896236,0.02,0.11,413.908,7.0795
CCCCN(C)C(=O)c1ccc(-c2ccc(C(=O)Nc3ccc(OC(F)F)cc3)cc2)cc1,0.428099552,2.037467348,0.04,0.02,452.501,6.0794
Cc1ccc(Nc2nc(NCc3ccccc3)ncc2[N+](=O)[O-])o1,0.526059754,2.507900363,0.39,0.09,325.328,3.64192
Cc1ccc(NC(=O)c2cccc(N3CCOCC3)c2)cc1Nc1ncnc2cnc(N3CCCCC3)nc12,0.375428569,2.622446485,0.16,0.15,524.629,4.55102
COc1ccc(-c2cc(-c3ccc(C)c(Nc4cc(C5CC5)[nH]n4)n3)on2)cc1,0.480380762,2.59789624,0.19,0.11,387.443,5.06472
COc1ccc(NC(=O)c2ccc(Cl)cc2)cc1Nc1ncnc2cnc(N3CCOCC3)nc12,0.413836074,2.461591438,0.24,0.23,491.939,3.9143
COc1ccc(Cl)cc1CN1CCN(C(=O)C(Cc2ccc(Cl)cc2)NC(=O)C2Cc3ccccc3CN2)CC1,0.4196443,3.205132568,0.02,0.01,581.544,4.0882
Cc1ccc(NC(=O)c2ccc(C(C)(C)C)cc2)cc1Nc1ncnc2cnc(N3CCCCC3)nc12,0.349842804,2.522010297,0.22,0.11,495.631,6.01192
CCC(=O)Nc1cc(Nc2cc(NC3CCNC3)n3ncc(C#N)c3n2)ccc1C,0.49865071,3.222770306,0.37,0.17,404.478,2.7753
Cc1ccc(-c2n[nH]c3ccc(-c4ncn[nH]4)cc23)cc1,0.5892336,2.316191759,0.45,0.16,275.315,3.32342
Cc1ccccc1-c1nc(Nc2ccccc2)c2cc[nH]c2n1,0.577492522,2.101259682,0.32,0.1,300.365,4.67692
O=C(Nc1ccc(Cl)cc1)c1ccc(-c2nnc(Nc3ccccc3)s2)cc1,0.435618835,1.87180079,0.03,0.12,406.898,5.8544
COC(=O)C1CC(OC(=O)c2ccc(-c3ccc(C)cc3)cc2)C(=O)C1=O,0.46944504,3.079832315,0.02,0.01,366.369,2.51852
COc1ccc(-c2nc(C(=O)Nc3ccccc3N3CCC(O)CC3)c3ccccc3n2)cc1,0.461116898,2.264487386,0.07,0.02,454.53,4.5188
COc1ccc(C=C2Nc3cc(Cl)ccc3N(C)C2=O)cc1OC,0.860693587,2.244561162,0.06,0.03,344.798,3.7866
O=C(Nc1cc(C(O)=NCc2ccncc2)nn1-c1ccccc1)c1ccccc1-c1ccccc1,0.234555266,2.51047322,0.27,0.04,473.536,5.6914
COc1ccc(-c2nn(-c3ccccc3)cc2N=C(O)c2cnn3cccnc23)cc1,0.345969062,2.678417482,0.2,0.09,410.437,4.2269
O=C1c2cccc3cccc(c23)C(=O)N1Cc1ccncc1,0.681008118,1.948383453,0.17,0.01,288.306,3.031
COc1ccc(-c2nc(Nc3ccccc3)nc(NC(=O)c3ccccc3)n2)cc1,0.496406066,1.94175218,0.12,0.18,397.438,4.5431
COc1ccc(Cl)cc1-c1nnc(-c2cccc3[nH]ncc23)s1,0.598627612,2.387296604,0.46,0.06,342.811,4.4104
COc1ccc(C(=O)Nc2cccc(-c3cnc4ccc(NC(=O)CCC)cc4n3)c2)cc1,0.406938698,2.078802827,0.12,0.1,440.503,5.2963
O=C1NC(=O)C(=Cc2ccc(-c3ccc(O)c(Cl)c3)c(Cl)c2)S1,0.757115791,2.396854196,0.7,0.26,366.225,4.6899
CC(C)(C)c1ccc(Nc2nc(NCCN3CCOCC3)c3ccccc3n2)cc1,0.63320826,2.235287295,0.2,0.05,405.546,4.415
CC(C)CC(CO)Nc1ncnc2c1ncn2-c1ccc(F)cc1,0.727136431,2.920642888,0.3,0.04,329.379,2.7735
Cc1cccc(-c2[nH]c(-c3ccccc3)nc2-c2ccncc2)c1,0.570698061,2.028834971,0.57,0.21,311.388,5.11412
COc1ccc(Nc2nccc(Nc3ccccc3C(=O)O)n2)cc1,0.631706241,1.968555082,0.77,0.41,336.351,3.6706
O=C(Nc1ccc(-c2cccc3cccnc23)cc1)Nc1cccc2cnccc12,0.391416365,2.09246539,0.47,0.3,390.446,6.094
CNC(=O)c1ccc(-c2cnc(N)c(-c3ccc(C(O)=Nc4cc(N5CCOCC5)ccn4)cc3)n2)cc1,0.264592433,2.836357226,0.4,0.15,509.57,3.6203
COc1cccc(-c2nc(Nc3cccc4ccccc34)[nH]n2)c1,0.586393888,2.125508427,0.43,0.09,316.364,4.3771
COc1ccc(C(=O)Nc2cc(-c3ccccc3)cc(Nc3ccccn3)n2)cc1,0.471442529,2.06860183,0.18,0.18,396.45,5.1481
COc1ccc(C(=O)Nc2ccc(Cl)c(C(=O)Nc3ccc4c(c3)-c3c(c(C(N)=O)nn3-c3ccccc3)CC4)c2)cc1,0.216907492,2.514840485,0.07,0.02,592.055,5.9034
COc1ccc(NC(=O)Nc2ccc(OC)c(Nc3ncnc4ccncc34)c2)cc1,0.426388507,2.198423704,0.37,0.28,416.441,4.4296
Cc1ccc(C(=O)Nc2ccc(Cl)cc2C(=O)Nc2ccc(Cl)cn2)cc1,0.632393402,1.87215167,0.04,0.01,400.265,5.20142
CC(C)C(=O)Nc1ccc(-c2nc3ccccc3nc2NC(=O)c2ccnc(N3CCCC3)c2)cc1,0.396434872,2.396404299,0.14,0.12,480.572,5.1388
CCN(CC)CCOc1cccc(-c2ccc3c(N)nccc3n2)c1,0.714017216,2.205683928,0.38,0.07,336.439,3.5996
COc1cccc(-c2nc(Nc3ccccc3)nc(NC(C)C)n2)c1,0.706136585,2.070191621,0.16,0.13,335.411,4.1111
O=C(Nc1ccccc1)c1ccc(Nc2nccc(-c3cnc4ccccc4c3)n2)cc1,0.384109457,2.044566601,0.71,0.57,417.472,5.6877
COc1ccc(Cl)cc1-c1nn(-c2ccc(Cl)cc2C)c(-c2ccc(Cl)cc2)n1,0.344322315,2.209579931,0.16,0.02,444.749,6.87852
O=C(Nc1ccccc1)c1ccc(-c2cccc3cnccc23)cc1,0.565774575,1.702756642,0.31,0.18,324.383,5.1541
COc1ccc(Nc2ncc(C(N)=O)c(Nc3ccc(N4CCOCC4)cc3)n2)cc1,0.534533532,2.21401755,0.67,0.6,420.473,2.9079
COc1cccc(-c2cncc(Nc3cccc(C(=O)CCCCC(=O)O)n3)n2)c1,0.381686606,2.452193532,0.2,0.12,406.442,4.1185
CCN(Cc1ccccc1)c1nc(Nc2ccccc2Cl)nc(N)n1,0.698920463,2.178418544,0.04,0.07,354.845,3.8773
COc1ccc(-c2nc(Nc3ccccc3)nc(N3CCOCC3)n2)cc1,0.746485377,2.048941731,0.05,0.09,363.421,3.1274
C=CC(=O)Nc1cc2c(Nc3ccc(Br)cc3F)ncnc2cc1OCCCN1CCOCC1,0.311253761,2.6460453,0.31,0.35,530.398,4.5006
COc1ccc(C(=O)Nc2nc(-c3ccccc3)cc(OC)c2-c2ncco2)cc1,0.505105309,2.339871911,0.25,0.08,401.422,4.6731
CCOc1cc(-c2cccc3cccnc23)c(OC)cc1-c1cnco1,0.510828946,2.409553174,0.13,0.02,346.386,4.9641
COc1ccc(Nc2ncc(-c3ccccc3)s2)cc1OC,0.749157096,1.901010136,0.37,0.38,312.394,4.5709
CC(C)C1CNC(=O)c2cc3ccc(C(=O)Nc4ncc(CN5CCOCC5)o4)cc3n21,0.63641767,3.475828024,0.19,0.06,437.5,2.6543
CC(C)CC(C(=O)NC(Cc1ccc(O)cc1)C(=O)NC1c2ccccc2CC1O)C(=O)O,0.367537465,3.565070857,0.03,0,454.523,1.9409
COc1ccc(C(=O)Nc2cccc(C(C)Nc3ncnc4c(C(N)=O)cccc34)c2)cc1,0.396131543,2.648843625,0.23,0.15,441.491,4.1627
COc1ccc(-c2nc(C(=O)Nc3cnccc3N3CCC(N)CC3)c3ccccc3n2)cc1,0.471276674,2.452764309,0.26,0.06,454.534,3.8802
Cc1ccc(C(=O)Nc2cc(N(C)CCN(C)C)cc(C(F)(F)F)c2)cc1Nc1ncnc2cnc(NCc3ccccc3)nc12,0.153889385,2.943425008,0.33,0.16,629.691,6.35282
CC(C)(C)c1ccc(Nc2nccc(-c3cnc4ccccn34)n2)cc1,0.578589912,2.335769182,0.82,0.55,343.434,4.8324
COc1ccc(-c2ccc(-c3ccccc3)cc2)cc1,0.64148707,1.221769206,0.04,0.01,260.336,5.0292
CS(=O)(=O)c1ccc(Nc2nccc(Nc3ccccc3)n2)cc1,0.740730779,1.960886985,0.72,0.54,340.408,3.3673
CCN(CC)CCOc1ccc(-c2nc(-c3cccc4c3CCC4N)no2)cc1,0.622603748,2.884261399,0.06,0.05,392.503,4.0702
O=C(NCCN1CCOCC1)c1ccc2ccccc2c1Nc1ccc(Cl)cc1,0.636990263,2.062792523,0.04,0.08,409.917,4.2988
CN(C)c1ccc(C(=O)Nc2ccc(Cl)c(C(=O)Nc3ccncc3)c2)cc1,0.675961222,1.92277366,0.01,0.01,394.862,4.3056
CC(C)(C)c1ccc(NC(=O)Nc2ccc(Nc3ncnc4ccccc34)cc2)cc1,0.367332581,2.020295925,0.39,0.17,411.509,6.3149
COc1ccc(Nc2ncc(C(=O)Nc3ccc(CN4CCCCC4)cc3)o2)cc1,0.593815523,2.201189767,0.06,0.02,406.486,4.665
COc1ccc(-c2nc(-c3ccc4c(c3)CCN4CC(N)=O)on2)cc1,0.758373282,2.21743072,0.05,0.01,350.378,2.26
CC(=O)c1cccc(-c2nn(C(=O)C(C)C)c3ccccc23)c1,0.681324698,2.233434965,0.23,0.02,306.365,4.2021
O=C(Nc1cccc(Cl)c1)c1ccc(-c2noc(-c3ccccc3)n2)cc1,0.524521781,1.788963937,0.02,0,375.815,5.3093
COc1ccc(NC(=O)Nc2ccc3c(c2)NC(=O)C3=Cc2c[nH]c3ccccc23)cc1OC,0.306349198,2.374390826,0.34,0.19,454.486,5.3218
COc1cc(-c2ccc3c(c2)Nc2ccccc2NC3=O)ccc1OC,0.722810446,2.099171643,0.84,0.08,346.386,4.6801
CC(C)(C)CC(=O)Nc1ccc(-c2nc(N3CCOCC3)c3ccccc3n2)cc1,0.693042002,2.207388702,0.04,0.01,404.514,4.5081
COc1ccc(C(=O)NC(=N)NC(C)c2ccccc2)cc1,0.599812872,2.454033624,0,0,297.358,2.71057
COc1ccc(CNc2nc(Nc3ccccc3)ncc2[N+](=O)[O-])cc1,0.493470281,2.04239872,0.67,0.24,351.366,3.7491
O=C1NC(=O)C(=Cc2ccc(-c3ccc(Cl)cc3)o2)S1,0.854211213,2.266876119,0.45,0.24,305.742,3.9239
COc1ccc(NC(=O)Nc2ccc(-c3nc(Nc4ccccc4)ccn3)cc2)cc1,0.387667307,1.967400745,0.22,0.31,411.465,5.5398
Cc1cc(-c2cn[nH]c2)ccc1Nc1nccc(-n2cccn2)n1,0.603975216,2.582296943,0.48,0.42,317.356,3.10442
COc1ccc(-c2nc(-c3cccc4ccccc34)[nH]c2-c2ccc3ccccc3c2)cc1,0.313173981,2.146494264,0.38,0.15,426.519,7.7257
CC(C)(C)CN1CCC(NC(=O)c2cccc(Nc3nccc(-c4ccccc4)n3)c2)CC1,0.55283912,2.282505985,0.75,0.4,443.595,5.1275
COc1ccc(-c2ccc(S(=O)(=O)NC(C(=O)O)C(C)C)o2)cc1,0.791299778,2.609541082,0.03,0.01,353.396,2.3427
Cc1ccc(NC(=O)c2cccc(C(F)(F)F)c2)cc1Nc1ncnc2cnc(Nc3ccc(N4CCN(C)CC4)cc3)nc21,0.196518918,2.750968819,0.48,0.44,613.648,6.23832
COc1ccc(C(=O)C=Cc2ccccc2)cc1OC,0.613670418,1.658439682,0,0,268.312,3.5999
CN(C)CCN(C)Cc1ccc(Cl)c(Nc2ncnc3cnc(Nc4ccc(N5CCN(C)CC5)cc4)nc23)c1,0.29241059,2.787609091,0.54,0.41,561.138,4.3056
COc1ccc(CNc2nc(N3CCC(C(=O)O)CC3)c3cccnc3n2)cc1,0.659284336,2.284135801,0.09,0.03,393.447,2.9465
O=C1NC(=O)c2c1c1c3ccccc3[nH]c1c1[nH]c3ccccc3c21,0.378291686,2.491998971,0.88,0.38,325.327,3.8392
O=C(Nc1ccc(Cl)cc1)c1ccccc1Nc1ccc(Nc2ccccc2)cc1,0.31626904,1.751896236,0.02,0.11,413.908,7.0795
CC(C)c1cccc(NC(=O)Nc2ccc(-c3ccc(C4CNCCC4=O)c(C(C)(C)C)c3)cc2)c1,0.363598974,3.025982953,0.26,0.08,483.656,7.0645
CSc1ccc(-c2nc(-c3ccc(Cl)c(Cl)c3)n3c2CCOC(C)C3)cc1,0.472725062,3.142177884,0.11,0.02,419.377,6.207
COc1cc(-c2cccc(Cl)c2)ccc1-n1c(=O)ccc2cc(S(=O)(=O)Nc3ccon3)ccc21,0.342389617,2.592956063,0.06,0.05,507.955,5.1085
COc1ccc(CNc2nc(Nc3ccc(N4CCOCC4)cc3)ncc2NC(=O)Cc2ccccc2)cc1,0.270532426,2.387904679,0.46,0.33,524.625,4.8587
O=C(Nc1ccccc1C(=O)Nc1ccccc1)c1ccc(-c2cccc3ccncc23)cc1,0.329848122,1.970710477,0.42,0.22,443.506,6.4064
COc1ccc(-c2nc(-c3cccc4ccccc34)[nH]c2-c2ccccc2)cc1,0.384967138,1.980782095,0.41,0.06,376.459,6.5725
Cn1c(N2CCCC(N)C2)nc2ccccc21,0.807306367,2.603211411,0.04,0.01,230.315,1.5008
CC(C)c1[nH]nc(OCCO)c1-c1ccccc1,0.852083797,2.432522213,0.27,0.04,246.31,2.5712
O=C1NC(=O)C(=Cc2ccc(-c3ccccc3)c(Cl)c2)S1,0.838937599,2.112355159,0.64,0.26,315.781,4.3309
CN(C)C(=O)c1ccc(-c2nnc(Nc3cccc4cnccc34)[nH]2)cc1,0.583275744,2.56626679,0.39,0.21,358.405,3.4653
Cc1ccc(C(C)=O)c2sc(C(=O)Nc3ccc4c(c3)-c3cc5c(F)cccc5n3C(O)C4)cc12,0.28832224,3.380807343,0.07,0.05,484.552,6.47242
O=C(Nc1ccc(N2CCOCC2)cc1)c1nnc(Nc2ccccc2)o1,0.718019155,2.202871154,0.08,0.11,365.393,2.9021
O=C(Nc1ccc(Cl)cc1)c1ccc(-c2noc(-c3ccc(F)cc3)n2)cc1,0.500352116,1.822781904,0.04,0.03,393.805,5.4484
COc1ccc(NC(=O)Nc2ccccc2)cc1-c1nc(Nc2ccc(N3CCOCC3)cc2)ncc1Cl,0.268021541,2.390243243,0.41,0.45,531.016,6.0298
COc1ccc(-c2nc(Nc3ccccc3F)c3ncn(C)c3n2)cc1,0.604840597,2.174707028,0.3,0.25,349.369,3.9216
N#Cc1cccc(-c2nc(N)c3cc(-c4ccccc4)sc3n2)c1,0.58844879,2.250320277,0.16,0.02,328.4,4.47918
O=C(Nc1ccc(Cl)cc1)c1ccccc1Oc1ccccc1Cl,0.617627741,1.620239493,0,0,358.224,6.038
CN(C)CCC(=O)Nc1ccc(-c2cnc3cccc(Nc4ccccc4)nc32)cc1,0.453451313,2.244852934,0.23,0.2,411.509,4.8822
Cc1ccc(Nc2ccc(-c3cnccn3)c(OC)c2)nc1,0.795821643,2.174376482,0.18,0.2,292.342,3.59922
CC(=O)Nc1ccc(C(=O)Nc2ccccc2Nc2ncnc3cc(-c4ccccc4)sc23)cc1,0.265102498,2.285549809,0.29,0.2,479.565,6.3126
O=C(Nc1ccc(C(=O)Nc2ccccc2C(=O)Nc2ccc(Cl)cn2)cc1)c1ccccc1,0.346508789,1.913626147,0.06,0.08,470.916,5.4919
COc1ccc(-c2nn(C(C)C)c3ncnc(N)c23)cc1OC,0.796396517,2.339074629,0.5,0.2,313.361,2.6736
COc1ccc(-c2nc(C(=O)Nc3ccc(OC(F)(F)F)cc3)ccc2-c2cnc(C(F)(F)F)[nH]2)cn1,0.314063447,2.84017693,0.27,0.12,523.393,5.712
COc1ccc(N2CCN(C(=O)Cn3cc(N=C(O)c4cnn5cccnc45)c(-c4cc(C)cc(C)c4)n3)CC2)cc1,0.232821738,3.058555564,0.1,0.04,564.65,4.20334
COc1ccc(-c2nc(-c3ccc(C)c(OC)c3)c3n2CC(C)OCC3)cc1,0.670356017,2.970861577,0.04,0.02,378.472,4.50392
Cc1ccc(-n2nc(C(C)(C)C)cc2Nc2ncnc3[nH]ccc23)cc1,0.573080524,2.525904541,0.39,0.03,346.438,4.49312
CC(C)(C)NC(=O)c1ccccc1-c1ccc(-c2nnc(N)c3ccccc23)cc1,0.506273844,2.222444168,0.29,0.12,396.494,5.0743
CCc1ccc(C(=O)Nc2ccc(F)c(C(F)(F)F)c2)cc1Nc1ncnc2cnc(N3CCCCC3)nc12,0.284867233,2.737059805,0.29,0.19,539.537,6.1263
CC(=O)Nc1ccc(-c2nc(N3CCOCC3)c3cnn(C4CCOCC4)c3n2)cc1,0.690648962,2.562193475,0.1,0.13,422.489,2.6398
Cc1cccc(C(=O)Nc2ccc(N3CCOCC3)c(C(F)(F)F)c2)c1,0.89150315,2.01350578,0.01,0.02,364.367,4.10272
CN1C(=O)N(c2cnc(C#Cc3ccccc3)cn2)CC1(C)C,0.760759612,2.905172199,0.07,0.01,306.369,2.5268
COc1ccc(-c2nc(N3CCOCC3)c3ncc(Nc4ccc(N5CCOCC5)cc4)nc3n2)cc1,0.424372434,2.626017784,0.14,0.5,499.575,3.5122
Cc1ccc(-c2nnc(Nc3cccc(C(N)=O)c3)o2)cc1,0.771223529,2.002318962,0.25,0.09,294.314,2.88752
CCc1cc(-c2noc(-c3ccc(OC(C)C)c(C)c3)n2)ccc1OCC(=O)O,0.597764072,2.308095691,0.03,0,396.443,4.52502
Cc1ccc(-c2nc(-c3ccc(S(C)(=O)=O)cc3)oc2-c2ccc(OC)c(OC)c2)cc1,0.391906671,2.179784819,0.06,0.01,449.528,5.40472
COc1ccc(-c2cnc(N)c(C(=O)Nc3cccc(CN4CCOCC4)c3)n2)cc1,0.633267067,2.198488319,0.65,0.06,419.485,2.8189
COc1cccc(CNC(=O)c2cc(-c3ccnc(N)c3)sc2N)c1,0.653523057,2.333578213,0.34,0.07,354.435,2.9131
O=C1NC(=O)C(=Cc2ccc(-c3ccc(Cl)cc3)o2)S1,0.854211213,2.266876119,0.45,0.24,305.742,3.9239
CC(=O)c1cnc2ccc(-c3cc(F)c(O)c(Cl)c3)nc2n1,0.73309582,2.604865854,0.15,0.13,317.707,3.3925
COc1cccc(Nc2nc(Nc3cncc(C(N)=O)c3)ncc2F)c1,0.623025088,2.31927502,0.59,0.45,354.345,2.6054
Cc1cc(C)c(Nc2cc(Nc3ccccn3)cc(N(C)C)c2)nc1,0.711820595,2.408593165,0.1,0.16,333.439,4.64664
O=C(O)c1ccccc1-c1ccc(-c2noc(Nc3cccc(C4(N)CC4)c3)n2)cc1,0.416893742,2.468880195,0.19,0.13,412.449,4.7932
O=C(Nc1ccc2c(c1)C(=O)c1ccccc1-2)c1ccccc1,0.604119276,1.643229096,0,0.01,299.329,4.1503
O=C1NC(=O)C(=Cc2ccc(-c3ccccc3)cc2)S1,0.854122807,1.941004124,0.58,0.23,281.336,3.6775
COc1cccc(-c2cnc(Nc3ccccc3)o2)c1,0.772112786,1.92929676,0.57,0.28,266.3,4.0938
O=C1CN(c2cccc(-c3noc(-c4ccccc4)n3)c2)CCN1,0.801842578,2.156845588,0.19,0.05,320.352,2.3398
Cc1ccc(NC(=O)c2ccc(C(C)(C)C)cc2)cc1Nc1ncnc2cnc(Nc3cc(N4CCNCC4)ncn3)cc12,0.191245317,2.901635975,0.28,0.19,588.72,5.56982
COc1ccc(-c2nc(-c3ccccc3)n(-c3ccccc3)n2)cc1,0.549365555,1.774807161,0.1,0.02,327.387,4.6099
COc1ccc(-c2nc(Nc3ccc(N4CCOCC4)cc3)ncc2NC(=O)CC(=O)O)cc1,0.431936785,2.396030386,0.38,0.52,463.494,3.1456
COc1ccc(-c2nn(C(C)C)c3ncnc(N)c23)cc1,0.799076033,2.262234494,0.62,0.2,283.335,2.665
Cc1cc(O)cc(C)c1CC(N)C(=O)NC1CC=CC=C(C(=O)O)C1C=Cc1ccccc1,0.518461117,3.916599361,0.03,0.02,446.547,3.66414
COc1ccc(NC(=O)c2cc(C(F)(F)F)nc3ccccc23)cc1OC,0.727191214,1.994207193,0.01,0.03,376.334,4.5231
CC(C)CN(Cc1ccc(Cl)cc1)C(=O)c1ccc(-c2ccccc2)cc1,0.492815601,1.770133554,0.02,0,377.915,6.3054
O=C(Nc1ccc(Cl)cc1)c1cnccc1Nc1ccc(Cl)cc1Cl,0.569048228,1.96597453,0.11,0.17,392.673,6.0377
COc1ccc(CNC(=O)c2ccc(Nc3ncnc4cc(OCCOC)ccc34)cc2OC)cc1,0.300543124,2.278715985,0.33,0.16,488.544,4.3458
O=C(Nc1ccc(Cl)cc1)c1ccc(NC(=O)N2Cc3ccccc3C2)cc1,0.648933548,1.830660536,0.01,0,391.858,5.14
COc1ccc(-c2cnc(N)c(Nc3cc(C(=O)Nc4ccccc4)sc3C)n2)cc1,0.392498383,2.419720125,0.4,0.14,431.521,5.10022
COc1ccc(C(=O)Nc2cccc(CNc3ncnc4c(C(N)=O)cccc34)c2)cc1,0.414577525,2.133863916,0.2,0.12,427.464,3.6017
O=C(Nc1ccc(Cl)cc1C(=O)Nc1ccc(Cl)cn1)c1ccccc1Cl,0.581371175,1.919647622,0.01,0.03,420.683,5.5464
Cc1cc(-c2ccc(F)cc2)cc(-n2c(=O)ccc3cc(S(=O)(=O)Nc4ccon4)ccc32)c1,0.390475404,2.587592988,0.09,0.03,475.501,4.89402
Cc1cc(Nc2cc(Nc3ccc(S(=O)(=O)CC)cc3)nc(N)n2)[nH]n1,0.516342813,2.821470585,0.41,0.05,373.442,2.37112
Cc1ccc(C(=O)Nc2cc(NC(=O)c3ccccc3)ccc2Nc2ccccc2)cc1OC,0.310192671,1.928619554,0.02,0.13,451.526,6.25182
Cc1ccc(-c2nnc(N3CCCCC3)o2)cc1,0.812678409,2.044769562,0.02,0,243.31,3.03532
COc1ccc(Nc2ncc(C(N)=O)c3ccccc23)cc1OC,0.753253691,1.97548122,0.26,0.24,323.352,3.0945
Cc1cccc(NC(=O)Nc2ccc(-c3cccc4ccncc34)cc2)c1,0.484949436,1.906982242,0.49,0.2,353.425,5.85422
CC(C)CC(NC(=O)C1CCCN1C(=O)C(NC(=O)CCc1ccc(Cl)cc1)C(=O)Nc1ccccc1)C(=O)c1nc2ccccc2[nH]1,0.119747361,3.785387847,0.03,0.03,671.198,4.6772
O=C(NCC=Cc1ccc2ncccc2c1)c1ccc(-c2noc(C(F)(F)F)n2)cc1,0.500273798,2.52267328,0.11,0.1,424.382,4.7468
O=C(NC1CCC(CCN2CCC(c3noc4ccccc34)CC2)CC1)c1ccc(F)cc1,0.537942384,2.387199015,0.04,0.02,449.57,5.5252
COc1ccc(-c2cccc3c(N4CCOCC4C)nc(N4CCCCC4)nc23)cc1,0.620908081,2.867977865,0.07,0.04,418.541,4.5208
CCOc1ccc(CC(=O)O)cc1-c1ccc(F)c2c1CN(C(=O)CC(C)c1ccccc1)CC2,0.460782541,2.951191959,0.01,0.01,475.56,5.597
COc1ccc(-c2nc(-c3ccccc3)n(-c3cccc(C)c3)n2)cc1,0.528898312,1.882158639,0.12,0.02,341.414,4.91832
Cc1ccc(-n2nc(C(C)(C)C)cc2NC(=O)Nc2ccc(Oc3ccnc(Nc4cccc(C(F)(F)F)c4)n3)cc2)CC1,0.195052133,3.143476936,0.38,0.2,603.649,8.7503
COc1ccc(Nc2ncc(C(N)=O)c(Nc3cc(C(=O)Nc4ccccc4)ccn3)n2)cc1,0.31463021,2.251253306,0.52,0.43,455.478,3.7186
COc1ccc(Nc2ncc(C(=O)Nc3ccc(OC)cc3)c(NC3CCC(N)CC3)n2)cc1,0.39326179,2.32336351,0.58,0.36,462.554,4.1715
Cc1cc(C(=O)Nc2ccc(-c3cccc4c(N)cccc34)cc2)n(-c2ccc(Cl)cc2)n1,0.305968729,2.17406728,0.29,0.05,452.945,6.48882
Cc1nc(-c2ccc(C(F)(F)F)cc2)sc1Nc1cccc(C(=O)O)c1,0.622185112,2.253719874,0.07,0.19,378.375,5.57912
COc1ccc(Nc2ncc(C(=O)Nc3ccc(CN4CCOCC4)cc3)nc2N)cc1,0.52006497,2.286614844,0.34,0.05,434.5,2.8955
CC(C)C(=O)CN1C(=O)C(=Nc2ccc3[nH]nc(-c4ccccc4)n32)CC1,0.756535665,3.382649438,0.1,0.03,363.421,2.8593
Cc1ccc(C(=O)Nc2ccc(CN3CCC(C(=O)O)CC3)cc2)cc1,0.863413876,1.705362753,0.01,0.01,352.434,3.54392
COc1ccc(CNc2nc(NCc3ccccc3)ncc2[N+](=O)[O-])cc1,0.464140607,2.083165607,0.49,0.08,365.393,3.6176
COc1ccc(-c2ocnc2C(=O)Nc2cnc(C#N)cn2)cc1,0.783467354,2.52865354,0.4,0.02,321.296,2.26418
COc1ccc(Nc2nccc(Nc3cc(OC)c(OC)cc3OC)n2)cc1OC,0.54029822,2.195605435,0.75,0.47,412.446,4.0068
O=C1NC(=O)C(=Cc2ccc(-c3ccccc3)cc2)S1,0.854122807,1.941004124,0.58,0.23,281.336,3.6775
COc1ccc(-c2cnc(N)c(-c3ccc(C(O)=Nc4cc(N5CCOCC5)ccn4)cc3)n2)cc1,0.308929671,2.754358428,0.33,0.07,482.544,4.2693
COc1ccc(Nc2ncc(C(N)=O)c(Nc3ccc(N4CCNCC4)cc3)n2)cc1,0.461424644,2.286143704,0.64,0.55,419.489,2.4809
COc1cccc(-c2ccc3c(c2)Nc2ccccc2NC3=O)c1,0.722008455,2.055805551,0.84,0.06,316.36,4.6715
COc1ccc(-c2ccc(Nc3cc(N4CCOCC4)nc(N4CCOCC4)n3)cc2)cc1,0.615035097,2.3161153,0.12,0.1,447.539,3.569
COc1cc(N2CCN(C(C)=O)CC2)ccc1Nc1nccc(-c2cnc3ccccn23)n1,0.506713174,2.553567007,0.56,0.49,443.511,3.212
COc1ccc(Nc2ncc(C(N)=O)c(Nc3ccc(N4CCOCC4)cc3)n2)cc1,0.534533532,2.21401755,0.67,0.6,420.473,2.9079
CC(=O)c1ccc(-c2nc(-c3ccc(OC(F)(F)F)cc3)c(-c3ccc(OC(C)C)cc3)o2)cc1,0.25492892,2.362578584,0.07,0.02,481.47,7.564
COc1ccc(C(=O)Nc2ccc(Cl)c(C(=O)Nc3cccnc3N)c2)cc1,0.607239272,1.90711699,0.19,0.08,396.834,3.8304
COc1cc2ncnc(Nc3cccc(Br)c3)c2cc1OC,0.757494074,1.993404676,0.87,0.48,360.211,4.1531
NC(=O)c1cccc2c(NCc3ccccc3)ncnc12,0.767206295,1.939227731,0.12,0.08,278.315,2.3408
COc1ccc(CNc2nc(NCCCCCC(=O)O)cc(C(=O)CC)n2)cc1,0.344100559,2.381030775,0.07,0.02,400.479,3.7469
CC(=O)NC(C)c1ccc(OC2CCN(c3ccnc(N(C)CC(C)C)n3)C2)cc1,0.717712955,3.308503462,0.13,0.12,411.55,3.4236
COc1ccc(-c2nc(Nc3ccccc3)ncc2OC)cc1,0.774348703,1.864424503,0.53,0.53,307.353,3.9044
Cc1ccc(-c2ccccc2)cc1NC(=O)c1ccc(N2CCCCC2)cc1,0.619528558,1.741814111,0.01,0.05,370.496,5.90462
COc1ccc(C(=O)C=Cc2ccc(O)c(O)c2)cc1OC,0.504117765,1.981280482,0.02,0.06,300.31,3.0111
COc1ccc(-c2nc(Nc3ccccc3)nc(NC(C)C)n2)cc1,0.706136585,2.019887775,0.13,0.15,335.411,4.1111
O=C1Nc2ccccc2C1=Cc1ccc[nH]1,0.697746814,2.391558295,0.89,0.44,210.236,2.5074
COc1ccc(-c2nn(C(C)C)c3ncnc(N)c23)cc1,0.799076033,2.262234494,0.62,0.2,283.335,2.665
Cc1ccc(-c2nc(-c3ccc(Cl)cc3)c3n2CC(C)OCC3)cc1,0.638112871,2.88558123,0.04,0.03,352.865,5.14012
COc1cc(C(=O)NC2CCN(C)CC2)ccc1Nc1ncc(C(F)(F)F)c(Nc2ccccc2C(=O)O)n1,0.323711048,2.611204446,0.67,0.32,544.534,4.5134
COc1cccc(Nc2nc(Nc3ccccc3)nc(NC(C)C)n2)c1,0.589067757,2.09630272,0.06,0.06,350.426,4.1877
COc1ccc(Cl)cc1-c1cc(NCc2ccc(Cl)cc2)nc(N)n1,0.679020597,2.091159362,0.1,0.02,375.259,4.6533
CC(=O)Nc1nc2ccc(-c3cnc(N)c(C#N)c3)cc2[nH]1,0.667042916,2.502359834,0.44,0.11,292.302,2.03718
CCN(CC)C(=O)c1ccc(Nc2ncc3c(n2)-c2ccc(Cl)cc2C(=O)N3)cc1,0.467290781,2.405068422,0.42,0.31,421.888,4.3503
COc1ccc(Nc2nc(Nc3ccccc3)ncc2[N+](=O)[O-])cc1,0.519523654,2.006943544,0.81,0.5,337.339,3.8806
CCOc1ccc(C(=O)Nc2ccc(Cl)c(C(F)(F)F)c2)cc1Nc1ncnc2cnc(N3CCOCC3)nc12,0.302891454,2.739733062,0.27,0.17,573.963,5.3232
COc1ccc(C(=O)Nc2ccc(Cl)c3ccccc23)cc1OCCn1ccnc1,0.45422147,2.150645916,0.04,0.02,421.884,5.0296
CN(C)C(=O)c1ccc(-c2ccc3c(c2)C2(C)CCN(C)C2N3)cc1,0.91354953,3.261642204,0.17,0.03,335.451,3.4002
COc1ccc(-n2nc(C(N)=O)c3c2-c2cc(NC(=O)c4ccccn4)ccc2CC3)cc1,0.495022343,2.407839912,0.12,0.06,439.475,3.3927
CNC(=O)c1ccc(-c2cnc3ccc(Nc4ccc(N5CCOCC5)cc4)nc3n2)cc1,0.489545691,2.398719872,0.22,0.5,440.507,3.6316
CCN(CC)CCOc1ccc(-c2cccc3c(Nc4ccc(NC(=O)c5ccc(OC)cc5)cc4)n(-c4ccc(Cl)cc4)nc23)cc1,0.128760349,2.687019436,0.22,0.14,660.218,9.071
O=C(NC1CCCCC1)c1cnc(-c2ccccc2)nc1Nc1ccccc1,0.66491872,2.010929695,0.31,0.19,372.472,4.9497
Cc1cc(C)c(Nc2nccc(-c3cn(C)c(C4CCCC4)n3)c2)cc1OC,0.637896326,2.589876006,0.23,0.53,376.504,5.50874
O=C(Nc1cccc(C(F)(F)F)c1)Nc1cccc2cnccc12,0.701751839,1.980123754,0.37,0.15,331.297,4.8976
Cc1cc(-c2n[nH]c3ccc(C(O)=NC4CCCC(CO)(Cc5ccccc5)C4)cc23)ccn1,0.268453419,3.710283249,0.31,0.2,454.574,5.40192
COc1cc(Nc2nccc(Nc3ccccc3OC)n2)ccc1OC,0.665523486,1.998763028,0.77,0.48,352.394,3.9896
CCCC(=O)Nc1ccc(-c2nc(Nc3cccc4ccccc34)[nH]n2)cc1,0.439884987,2.195729871,0.25,0.11,371.444,5.1071
COc1ccc(-c2nc(-c3ccc(O)c(OC)c3)c(-c3ccc(OC)cc3)[nH]2)cc1OC,0.420041063,2.207678057,0.33,0.04,432.476,5.1507
Cc1ccc(-c2[nH]c(-c3ccccc3)cc2-c2nc(-c3ccccc3)c(-c3ccccc3)n2CCC(=O)OCCO)cc1,0.165722112,2.669953029,0.17,0.03,567.689,7.78022
COc1cc(NC(=O)c2ccc(C)c(Nc3ncnc4cnc(N5CCCC5)nc34)c2)cc(OC)c1OC,0.349950305,2.589332579,0.22,0.1,515.574,4.35012
O=C1CCc2ccc(Nc3nccc(-c4ccccn4)n3)cc2N1,0.775392886,2.326343963,0.66,0.37,317.352,3.1669
COc1ccc(NC(=O)c2ccc(C(C)N(C)C)cc2)cc1Nc1ncnc2[nH]c(C3CCCCC3)nc12,0.264033101,3.149109327,0.21,0.14,513.646,6.0277
CC(=O)Nc1cccc(Nc2nccc(Nc3ccccc3)n2)c1,0.66402042,1.936038298,0.63,0.44,319.368,3.9222
CN(C)c1ccc(C=Cc2sc3ccccc3n2)cc1,0.70029766,2.09828927,0.03,0.01,280.396,4.5327
COc1ccc(-c2nc(Nc3ccccc3)c(-c3ccccc3)n2-c2ccccc2)cc1,0.324563533,2.074155103,0.17,0.1,417.512,6.9585
Cc1ccc(Nc2ncnc3nc(-c4ccccc4)ccc23)cc1OC,0.579660768,2.089625036,0.39,0.29,342.402,4.75242
Cc1cccc(-c2nc(Nc3ccc(N4CCN(C)CC4)cc3)no2)c1,0.777418279,2.187138396,0.17,0.16,349.438,3.54042
O=C1NC(=O)C(=Cc2ccc(-c3ccc(Cl)cc3)cc2)O1,0.861821372,2.21641362,0.44,0.13,299.713,3.6143
COc1cc(-c2cnc(N)c(NC(=O)c3ccc(F)cc3)c2)ccc1OC,0.717374256,1.977621104,0.37,0.09,367.38,3.7394
COc1ccc(-c2ccc(-c3ncccc3C(=O)N3CCC(N)CC3)cn2)cc1,0.740951826,2.240283053,0.09,0.11,388.471,3.3825
C#Cc1cccc(Nc2ncnc3cc(OC)c(OC)cc23)c1,0.748946882,2.215539074,0.8,0.58,305.337,3.3719
CCOC(=O)c1ccc(Nc2ncc(C(=O)Nc3ccccc3)s2)cc1,0.634504171,1.937365489,0.07,0.08,367.43,4.3157
Cc1ccc(C(=O)Nc2cc(C(=O)Nc3cccc(C(=O)O)c3)ccc2N2CCCN(C)CC2)cc1,0.479171609,2.113221815,0,0.02,486.572,4.33972
O=C(Nc1ccc(Cl)cc1)c1cnc(Nc2ccccc2)nc1Nc1ccccc1F,0.346839425,2.044006781,0.68,0.52,433.874,6.0086
CN1CCC(NC(=O)c2ccc(Nc3ncc(C#N)c(Nc4cc(Cl)ccc4Cl)n3)cc2)CC1,0.442746656,2.46927118,0.6,0.48,496.402,4.96628
COc1ccc(N(C)C(=O)C=Cc2ccccc2)cc1,0.794807217,1.834523893,0,0,267.328,3.3714
Cc1cc(-c2ccc(N3C(=O)C(=O)C(C(=O)CC(C)C)C3c3ccccc3OC(F)F)cc2)no1,0.326290424,3.539739686,0.04,0.03,482.483,5.13982
COc1ccc(Nc2ncc(C(=O)Nc3ccccc3N3CCCCC3)nn2)cc1,0.644251731,2.228482424,0.35,0.31,404.474,3.8664
Cc1cccc(-n2nc(C(C)(C)C)cc2NC(=O)Nc2ccc(Cl)c(Cl)c2)c1,0.516043759,2.178186965,0.15,0.02,417.34,6.42902
O=C1NC(=O)C(=Cc2ccc(-c3ccc(Cl)cc3)o2)C1=O,0.399197109,2.319454311,0.3,0.18,301.685,2.2089
COc1ccc(CNc2nc(Nc3ccc(N4CCOCC4)cc3)ccc2Nc2ccccc2)cc1,0.269753613,2.300477167,0.07,0.09,481.6,6.0261
CC(C)(C)c1ccc(NC(=O)Nc2ccc(Nc3ncnc4ccccc34)cc2)cc1,0.367332581,2.020295925,0.39,0.17,411.509,6.3149
Cc1cc(-c2ccccc2)cc(NC(=O)Nc2ccc(Cl)cc2)n1,0.676066813,1.824165245,0.05,0.04,337.81,5.35442
CCCC(=O)c1ccc(OCCCN2CCN(C(=O)c3ccccc3C(F)(F)F)CC2)cc1,0.392369743,2.180590425,0.02,0,462.512,4.9151
Cc1cc(C)cc(-c2[nH]c3ccc(C(C)(C)C(=O)N4C5CCC4CC5)cc3n2)c1,0.664767341,3.339239379,0.17,0.01,387.527,5.27774
CC(C)(C)OC(=O)N1CCC(NC(=O)c2ccc(-c3cnc(N)c(C(F)(F)F)n3)cc2)CC1,0.712061136,2.575511815,0.27,0.04,465.476,3.8739
CC(C)c1ccc(Nc2cc(NC(=O)C3CCC(N)CC3)ncn2)cc1,0.760103454,2.318118679,0.36,0.41,353.47,3.7996
CC(C)C(NC(=O)Cn1c(-c2ccccc2)ncc(N)c1=O)C(=O)C(=O)NC1CC1,0.540704384,2.94826791,0.05,0.03,411.462,0.481
CCCOc1ccc(C(=O)Nc2cccc(C(=O)O)c2)cc1Cl,0.834803878,1.70285684,0,0,333.771,4.0793
COc1ccc(-c2ccccc2)cc1CNC1CCCCC1,0.85643609,1.745964067,0.04,0.06,295.426,4.7845
CC(C)=CCn1c(N2CCCC(N)C2)nc2ccccc21,0.881565852,2.852348999,0.03,0.03,284.407,2.93
Cc1ccc(-c2nc(-c3ccc(F)cc3)c(-c3ccncc3)[nH]2)cc1,0.557324907,2.046056083,0.57,0.5,329.378,5.25322
COc1cc(C(=O)NC2CCN(C)CC2)ccc1Nc1ncc(C(F)(F)F)c(Nc2cccc3[nH]ncc23)n1,0.266578534,2.783720096,0.49,0.39,540.55,4.6915
O=C1NC(=O)c2c1c1c(n2Cc2ccc(-c3cnccc3)cc2)CCCC1,0.731238564,2.565542125,0.29,0.02,357.413,3.3608
COc1ccc(C#Cc2cnc(N)nc2N)cc1OC,0.791960358,2.368583927,0.33,0.13,270.292,1.058
O=C1NC(=O)C(=Cc2ccc(-c3cccc(Cl)c3)cc2)S1,0.838937599,2.070371313,0.62,0.21,315.781,4.3309
COc1ccc(Nc2ncc(CNc3ccncc3)cc2-c2nc(C)nc(N)n2)cn1,0.412929797,2.728622165,0.26,0.12,415.461,2.97852
CC(=O)Nc1cccc(-c2nc(Nc3ccc(N4CCOCC4)cc3)ncc2NC(=O)CCC)c1,0.443409786,2.414836987,0.37,0.4,474.565,4.4208
O=C(Nc1ccc(Cl)cc1C(=O)Nc1ccc(Cl)cn1)c1ccccc1-n1cccn1,0.442218773,2.239928596,0.15,0.04,452.301,5.0787
COc1cccc(-c2nc(C(=O)O)c[nH]2)c1,0.82293913,2.414893091,0.18,0.03,218.212,1.7835
CC(=O)NC(C)c1ccc(OC2CCN(c3ccnc(OCC4CC4)c3)C2)cc1,0.737959327,3.154883415,0.05,0.09,395.503,3.7252
CN(C)c1ccc(C=C2COc3cc(O)c(O)cc32)cc1,0.831585576,2.541924455,0.05,0.04,283.327,3.0968
O=C(Nc1ccc(Cl)cc1)c1ccc2ccccc2c1[N+](=O)[O-],0.561960482,1.871529122,0.02,0.05,326.739,4.6537
COc1ccc(CNc2cc(N3CCOCC3)cc(Nc3cc(C)[nH]n3)n2)cc1,0.566580444,2.496212976,0.19,0.12,394.479,3.31402
COc1cc(Nc2nccc(-c3cnn4ccccc34)n2)cc(OC)c1OC,0.549970527,2.432995579,0.88,0.34,377.404,3.5607
CC(C)CC(=O)Nc1ccc(C(=O)Nc2cccc(C(=O)O)c2)cc1,0.748165378,1.69612749,0,0,340.379,3.6217
COc1ccc(Nc2ncc(C(=O)Nc3ccccc3)s2)cc1OC,0.694661195,1.941355082,0.15,0.14,355.419,4.1562
COc1cccc(Nc2nccc(Nc3ccccc3-c3n[nH]c(C(N)=O)n3)n2)c1,0.369332207,2.588068197,0.58,0.38,402.418,2.8564
CC(=O)Nc1ccc(-c2nc(Nc3cccc4ccccc34)[nH]n2)cc1,0.515013777,2.150293052,0.21,0.16,343.39,4.3269
CC(=O)Nc1nc2ccc(-c3cncc(Cl)c3)cc2[nH]1,0.759571787,2.271792718,0.3,0.08,286.722,3.2367
COc1cc(CNC(=O)C2CCCN2C(=O)CC(N)Cc2cc(F)c(F)c(F)c2)cc(OC)c1OC,0.477773172,3.254186539,0.02,0.02,509.525,2.697
O=C(CCCCCCC(=O)Nc1ccc2ncnc(Nc3cccc(Br)c3)c2c1)NO,0.183711003,2.312063946,0.63,0.17,486.37,4.9204
CC(C)(C)c1ccc(-c2cc(-c3cccc4ccccc34)[nH]n2)cc1,0.466942001,2.048637775,0.46,0.04,326.443,6.1944
COc1ccc(C(=O)Nc2ncc(C(=O)c3cnccc3Cl)cc2)cc1,0.69636343,2.071937805,0.11,0.06,367.792,3.6219
COc1ccc(-c2nc(C(=O)Nc3cnccc3N3CCC(N)CC3)c(N)o2)cc1,0.586493012,2.568303192,0.35,0.03,408.462,2.5072
COc1ccc(CNC(=O)c2ccc(-c3cccc4c(Nc5ccccc5)noc34)cc2)cc1,0.310403082,2.173188323,0.12,0.03,449.51,6.177
CNC(=O)C(=O)C(Cc1ccccc1)NC(=O)C(CC(=O)O)NC(=O)C(Cc1ccccc1)NC(=O)C1CCCC1,0.21229887,3.308467546,0,0.01,564.639,0.9062
CC(C)(C)c1ccc(C(=O)c2ccc(C(=O)c3ccccc3)cc2)cc1,0.591161931,1.623002803,0,0,342.438,5.4461
CCn1c(CNc2ccc(C(=N)N)cc2)nc2ccccc21,0.49958433,2.02189039,0.01,0,293.374,2.95237
CC(=O)Nc1ccc(C(=O)Nc2ccc3c(c2)-c2ccccc2NC(=O)C3)cc1,0.635369397,2.060715895,0.17,0.07,385.423,4.0589
Cc1ccc(C(=O)Nc2ccc(Cl)c(C(F)(F)F)c2)cc1Nc1ncnc2cnc(NCc3ccccc3)nc12,0.195555455,2.593000269,0.41,0.22,563.971,7.00842
CN(C)c1ccc(Nc2nccc(Nc3ccccc3S(=O)(=O)C(C)C)n2)cc1,0.601985455,2.364459793,0.67,0.48,411.531,4.2119
COc1ccc(Nc2ncc(C(N)=O)c(Nc3ccccc3)n2)cc1,0.639658763,1.928657005,0.77,0.49,335.367,3.0713
N#Cc1ccc(-c2cnc3ccccc3n2)cc1,0.645922596,1.824874352,0.1,0.11,231.258,3.16848
CC(=O)c1ccc(-c2ccc(C(=O)NC(Cc3ccccc3)C(=O)Nc3ccc(Cl)cc3)cc2)cc1,0.285507375,2.365164885,0.03,0.01,496.994,6.1894
COc1cccc(-c2nn(-c3ccccc3)c3cc(OC)c(OC)cc23)c1,0.516631527,2.005265015,0.12,0.02,360.413,4.7183
COc1cc(Nc2ncc(C(F)(F)F)c(Nc3ccccc3C(=O)O)n2)ccc1OC,0.491594744,2.285415689,0.8,0.49,434.374,4.698
CN(C)CCCNC(=O)c1ccc(-c2c(Cl)cnc3[nH]c(C(C)C)cc23)cc1,0.567422427,2.508540681,0.36,0.06,398.938,4.6882
O=C(O)c1csc(-n2nc(-c3ccccc3)c3ccccc32)n1,0.622178259,2.165326225,0.07,0.02,321.361,3.8472
COc1cc(-c2cnc3ccc(Nc4ccc(N5CCOCC5)cc4)nc3n2)ccc1OC,0.472714919,2.387818524,0.27,0.47,443.507,4.2892
COc1ccc(C(=O)Nc2cc(-c3ccccc3)ccn2)cc1,0.792046242,1.632561357,0.24,0.36,304.349,4.0095
CCOc1ccc(-c2nc(-c3ccc(S(C)(=O)=O)cc3)cn2-c2ccccc2)cc1,0.441651609,2.082060079,0.02,0.02,418.518,5.0085
COc1ccc(-c2ccc(C(=O)NC(Cc3ccccc3)C(=O)Nc3ccc(OC)cc3)cc2)cc1,0.338597183,2.310186956,0.04,0,480.564,5.3506
O=C(Nc1ccc(Cl)cc1Cl)Nc1ccc2cn[nH]c2c1,0.649585743,2.030111313,0.45,0.11,321.167,4.5137
CC(C)(C)COc1ccc(C(=O)Nc2cccc(C(F)(F)F)c2)cc1Nc1ncnc2cnc(N3CCCCC3)nc12,0.244999122,2.810635444,0.27,0.14,579.627,6.8497
CC(C)(C)c1ccc(Nc2nc(Nc3ccccc3)ncc2-c2ncccc2C(=O)O)cc1,0.33758191,2.385760522,0.63,0.4,439.519,6.0215
COc1ccc(Nc2ncc(C(=O)Nc3ccccc3N)cc2N)cc1,0.525622567,2.029287909,0.26,0.3,349.394,3.2505
CN1CCC(c2ccc(Nc3ncc4c(n3)-c3c(c(C(N)=O)nn4C)CC3)cc2)CC1,0.793553934,3.129688665,0.53,0.29,417.517,2.8679
COc1ccc(-c2ccc(C(=O)Nc3ccc4c(c3)CCC(C)C4)cc2)cc1,0.635015927,2.280847368,0.05,0.03,371.48,5.7393
COc1cc(Nc2ncc(C(F)(F)F)c(Nc3ccccc3)n2)cc(OC)c1OC,0.556451119,2.280659198,0.84,0.53,420.391,5.0084
COc1ccc(C(=O)Nc2cccc(C(C)Nc3ncnc4c(N)ncnc34)c2)cc1,0.43687701,2.764641347,0.33,0.07,415.457,3.436
COc1ccc(-c2ccc(C(=O)Nc3ccc4c(c3)CN(C)CC4)cc2)cc1,0.727544855,1.884587032,0.01,0.05,372.468,4.6024
CCCCCCCCCCCCCCCCC(=O)c1ncc(-c2ccccn2)o1,0.20143987,2.399529356,0.06,0.04,398.591,7.7907
O=C(c1ccc(F)cc1-n1nccn1)N1CCOCC1Cc1ccccc1,0.711833159,2.954508098,0.06,0.07,366.396,2.4901
O=C1NC(=O)c2c1c1ccc3[nH]ccc3c1-2,0.453864439,2.985905666,0.15,0.02,210.192,0.96998
COc1ccc(C(=O)Nc2cccc(C(=O)O)c2)cc1Nc1nccc(-c2cnc3ccccn23)n1,0.310495571,2.457582997,0.58,0.38,480.484,4.494
COc1ccc(-c2ccc3ncccc3c2)cc1Nc1nccc(-c2cnc3ccccn23)n1,0.364345788,2.527245677,0.58,0.39,444.498,5.7587
CC(=O)Nc1ccc(-c2c(-c3ccc(F)cc3)ncn2C2CCCC2)cc1,0.671746119,2.138733062,0.13,0.15,363.436,5.4297
COc1cccc(Nc2nc(Nc3ccccc3CN(C)C)no2)c1,0.680566632,2.419478159,0.15,0.12,339.399,3.627
COc1ccc(Nc2ncc(C(=O)Nc3ccccc3)s2)cc1,0.739587957,1.834138625,0.12,0.2,325.393,4.1476
COC(=O)c1ccc(NC(=O)Nc2ccc(Cl)c(C(F)(F)F)c2)cc1Nc1ncnc2cnc(NCCCN)nc21,0.13180625,2.850830502,0.45,0.26,589.966,5.0269
Nc1nccc(-c2cnc3ccccc3c2)n1,0.685571979,2.020911813,0.38,0.34,222.251,2.274
COc1cccc(-c2ccc(C(=O)Nc3ccccc3N)cc2)n1,0.720442206,1.843499694,0.12,0.03,319.364,3.5917
Cc1cc(C)cc(-c2[nH]c3ccc(C(C)(C)C(=O)N4C5CCC4CC5)cc3c2C(N)=O)c1,0.613267117,3.499534647,0.19,0.03,429.564,4.98164
COc1ccc(-c2ccc3c(N4CCOCC4C)nc(Nc4ccccc4)nc3n2)cc1,0.496173632,2.846133062,0.18,0.17,427.508,4.6691
COc1ccc(CNC(=O)C2C=CC=C2c2nccs2)cc1,0.923020231,3.090399505,0.01,0.05,312.394,3.0375
COc1ccc(C=NNc2nc(N)n(-c3ccccc3)n2)cc1OC,0.528397503,2.271807005,0.02,0.03,338.371,2.3127
CN(C)C(=O)c1cccc(-c2noc(C(=O)Nc3ccccc3NC(=O)Cc3ccccc3)n2)c1,0.424306983,2.262935755,0.11,0.05,469.501,3.8719
CC(C)c1cc(C(=O)Nc2ccc(F)c(C3(C)CS(=O)(=O)C4(CCCC4)C(=N)N3)c2)n[nH]1,0.554498714,4.437717535,0.14,0.07,461.563,3.44777
COc1ccc(CC(=O)Nc2nc(-c3ccc4ccccc4n3)c3n[nH]cc3n2)cc1,0.457030604,2.611056704,0.09,0.08,410.437,3.7579
COc1ccc(-c2ccc3ccc(O)cc3c2)cc1OC,0.779951996,1.756728236,0.09,0.04,280.323,4.2296
CC(C)C(=O)Nc1ccc(-c2nc3ccccc3nc2Nc2ccc3c(c2)OCO3)cc1,0.44663603,2.261388045,0.13,0.13,426.476,5.3636
COc1ccc(CC(=O)O)cc1-c1ccc(F)c2c1CN(C(=O)C=Cc1ccccc1)CC2,0.557511732,2.476918296,0.01,0,445.49,4.7265
Cc1ccccc1N1CCN(Cc2ccc(-c3ccccc3S(N)(=O)=O)cc2)CC1,0.683167157,1.973551314,0.01,0.01,421.566,3.63162
COc1ccc(C(=O)Nc2cc(-n3ccnc3)ccc2OC)cc1,0.783203801,1.892751868,0.05,0.01,323.352,3.1418
COc1ccc(-n2nc(C(=O)Nc3ccc(Oc4ccccc4)cc3)cc2N=C(O)c2cnn3cccnc23)cc1,0.188060887,2.837289264,0.12,0.09,545.559,5.6045
Clc1ccc(C2=NN(c3ccc(-c4ccc5c(c4)OCO5)cc3)C2)cc1,0.66000614,2.208610866,0.01,0.04,362.816,4.96
Cc1cccc(-c2nc(N)c3cc(C(=O)NC(C)c4ccccc4)sc3n2)c1,0.529033693,2.645721,0.13,0.02,388.496,4.73992
CCCCCCCCCCCCCCCCCC(=O)Nc1c(O)cc(C)cc1OC,0.187631388,2.237253037,0.01,0.01,419.65,7.90922
COc1cc(CNC(=O)Cn2c(=O)ccc3ccccc23)ccc1O,0.745873142,1.986045602,0.01,0.04,338.363,2.0321
O=C(Nc1ccccc1)c1ccccc1Nc1cccc(-c2nnc(Nc3ccccc3)o2)c1,0.264571456,2.117160986,0.21,0.2,447.498,6.4761
COc1ccc(-c2nc(Nc3ccccc3)ncc2NC(=O)c2ccccc2)cc1,0.471442529,1.949093788,0.48,0.48,396.45,5.1481
O=C(Nc1ccc(-c2nc3ccccc3n2-c2ccncc2)cc1)C1CC1,0.589443611,2.024087403,0.18,0.08,354.413,4.436
COc1ccc(NC(=O)C=Cc2ccccc2)cc1,0.848506966,1.523337335,0,0,253.301,3.3471
Cc1ccc(Nc2nccc(Nc3cc(N4CCOCC4)cc(N4CCOCC4)n3)n2)cc1,0.59059846,2.57511891,0.47,0.41,447.543,3.34042
COc1cc(Nc2nccc(-c3cnn4ccccc34)n2)cc(OC)c1,0.595053979,2.39527706,0.93,0.31,347.378,3.5521
COc1ccc(-n2nc(C(C)(C)C)cc2NC(=O)Nc2ccc(OC)cc2)cc1,0.649654958,2.038381161,0.15,0.01,394.475,4.831
CC(=O)Nc1ccc(-c2n[nH]c3ccc(-c4nc[nH]n4)cc23)cc1,0.540472294,2.667293244,0.47,0.29,318.34,2.9734
COc1ccc(-c2ccc3c(N4CCOCC4)nc(N4CCOCC4)nc3n2)cc1,0.652805925,2.384771699,0.03,0.03,407.474,2.3736
COc1ccc(C(=O)C=Cc2ccc(O)c(O)c2)cc1OC,0.504117765,1.981280482,0.02,0.06,300.31,3.0111
COc1ccc(-c2nc3ccc(Nc4ccccc4)nc3[nH]2)cc1,0.586393888,2.084892392,0.39,0.13,316.364,4.3771
CCCC(=O)Nc1cc(NC(C)=O)cc(-n2nc(C(C)C)c3cccnc32)n1,0.679719955,2.668025296,0.11,0.06,380.452,3.6359
CCN(CC)CCOc1ccc(-c2ccc3nccc(Nc4ccc(N5CCCCC5)cc4)c3n2)cc1,0.262572681,2.4391371,0.2,0.27,495.671,6.7513
COc1ccc(-c2cccc3cnc(Nc4ccc(N5CCOCC5)cc4)nc23)cc1,0.503876816,2.187100192,0.44,0.81,412.493,4.8856
CS(=O)(=O)c1ccc(-c2csc(Nc3ccc(N4CCNCC4)cc3)n2)cc1,0.666861453,2.207486177,0.1,0.24,414.556,3.3668
O=C(NC1CCCCC1)c1ccc2cc(-c3ccccc3)oc2c1,0.724050426,1.918270507,0.02,0.02,319.404,5.1623
COc1ccc(NC(=O)c2ccc(-c3ccccc3)cc2)cc1NC(=O)c1ccccn1,0.443197259,1.849983082,0.14,0.11,423.472,5.2618
Cc1ccc(NC(=O)c2cccc(C(F)(F)F)c2)cc1Nc1ncnc2cnc(NCc3ccccc3)nc12,0.225501364,2.51964004,0.38,0.29,529.526,6.35502
Cc1ccc(Nc2nccc(-c3cnc4ccccn34)n2)cc1,0.624356474,2.207879139,0.71,0.39,301.353,3.84332
Cc1ccc(C(=O)Nc2ccc3c(c2)C2(C)CCN(C)C23)cc1,0.912516257,3.030935356,0,0.01,306.409,3.89522
COc1ccc(Nc2nccc(-c3cnc4ccccc4c3)n2)cc1,0.599785954,1.970995935,0.77,0.7,328.375,4.444
Cc1ccc(NC(=O)c2ccc(C(C)(C)C)o2)cc1Nc1ncnc2cnc(NCc3ccccc3)nc12,0.237362157,2.712026016,0.4,0.12,507.598,6.22672
CC(=O)Nc1ccc(Nc2cc(Nc3cc(N)cc(F)c3)ncn2)cc1,0.522594779,2.293126371,0.37,0.33,352.373,3.6435
CN(C)CCCNc1ccc2ncnc(Nc3cccc(Br)c3)c2c1,0.572331017,2.210316621,0.51,0.32,400.324,4.4995
CC(C)(C)c1cc(NC(=O)Nc2ccc(Nc3cnccc3-c3ccccc3)[nH]2)ccc1F,0.270711476,2.754831225,0.35,0.18,443.526,6.9009
COc1ccc(-c2ccccc2C(=O)Nc2ccc(-c3ccccc3S(N)(=O)=O)cc2)cc1,0.428013763,1.940991127,0.03,0.02,458.539,4.9289
COc1cc(-c2cnc(N)nc2N)ccc1-c1cnccc1,0.768676723,2.228066214,0.39,0.14,293.33,2.3786
COc1cc(OC)cc(N(CC(=O)Nc2ccccc2S(N)(=O)=O)c2ccccc2)c1,0.555634237,2.308045879,0.02,0,441.509,3.128
Cn1c(=O)nc(Nc2ccc(OC(C)C)c(Cl)c2)nc1Nc1ccccc1,0.66437368,2.328389727,0.1,0.05,385.855,4.1031
N#Cc1ccc(NC(=O)Nc2ccc(Cl)cc2)cc1,0.87103142,1.592074585,0.04,0.01,271.707,3.85568
COc1ccc(-c2ccc3c(N4CCOCC4C)nc(N4CCOCC4C)nc3n2)cc1,0.618933374,3.412299361,0.03,0.01,435.528,3.1506
Cc1ccc(-c2ccc(C(=O)Nc3ccccc3N)cc2)nc1NC1CCCCC1,0.48452362,2.118159974,0.14,0.07,400.526,5.63612
COc1ccc(CNc2ncc(C(=O)c3ccccc3C(=O)O)cc2)cc1,0.624101828,1.941606481,0.07,0.07,362.385,3.6315
COc1cccc(-c2ccc(NC(=O)C=Cc3cccnc3)cc2)c1,0.705091327,1.887390541,0.19,0.06,330.387,4.4091
Cc1cc(-c2ccc(N3CCOCC3)c3ncccc23)ccn1,0.72672913,2.231114207,0.31,0.09,305.381,3.44182
CCCCCCCCCCCCCCCCCCCCCCCCCNC(=O)Nc1c(C(C)C)cccc1C(C)C,0.101453945,2.384828207,0.02,0,570.991,13.0471
Cc1cc(Nc2cc(Nc3cccc(N4CCOCC4)c3)ncc2F)cnn1,0.699795403,2.628650134,0.11,0.38,380.427,3.64292
COc1cc(Nc2nccc(Nc3ccccc3C)n2)ccc1-c1nc(C(C)C)c[nH]1,0.354474187,2.727065847,0.57,0.36,414.513,5.79432
O=C(Nc1cccc2ccncc12)N1CCC(c2ccccc2)CC1,0.742933305,2.019227328,0.16,0.12,331.419,4.6463
COc1ccc(CNc2ccc(-c3ccncc3)cc2)cc1OC,0.731864945,1.757395222,0.47,0.06,320.392,4.3779
O=C(NC1CCCCC1)c1ccc(-c2cnc3ccccn23)cc1,0.790972929,2.04682327,0.05,0.03,319.408,4.0638
O=C(NCCCN1CCCC1)c1ccc2c(c1)nc(-c1ccccc1OCC(F)(F)F)n2C1CCCCC1,0.328276416,2.555664219,0.11,0.03,528.619,6.3653
Cc1ccc(-c2nc(-c3ccc(C)c(OC4CCCC4)c3)no2)cc1,0.645779784,2.084954292,0.05,0.01,334.419,5.34184
CC(C)(C)c1ccc(Nc2nccc(Nc3cccc4cnccc34)n2)cc1,0.475194842,2.27513575,0.78,0.54,369.472,5.8095
CC1(C)SC(N)=NC(=O)N1c1ccc2ncccc2c1,0.874490161,2.932678707,0.13,0.03,286.36,2.9588
Cc1ccc(-c2[nH]c(-c3ccccc3)nc2-c2ccncc2)cc1,0.570698061,1.973249489,0.52,0.26,311.388,5.11412
O=C(NCCCCCCCCCNCc1ccccc1)c1ccccc1,0.501530091,1.702905414,0,0,352.522,4.9369
COc1cc(C(=O)NCCNC(=O)C=Cc2ccc(O)cc2)ccc1O,0.445785721,2.070220006,0.04,0.01,356.378,1.6658
CC(=O)Nc1cc(Nc2cc(NC3CCCCC3)n3ncc(C#N)c3n2)ccc1C,0.584356161,2.621111779,0.64,0.25,403.49,4.356
CC(C)C(=O)NC1CCC(CCN2CCC(c3coc4ccccc34)CC2)CC1,0.717365139,2.459353933,0.03,0.01,396.575,5.3333
Cc1ccc(-c2cccc(Nc3nccc(N4CCOCC4)n3)c2)cc1,0.772769641,2.053565553,0.57,0.35,346.434,4.03222
CC(C)(C)c1ccc(C(=O)Nc2ccc(-c3ccccc3S(N)(=O)=O)cc2)cc1,0.663532075,1.894454345,0.05,0.02,408.523,4.5508
CC(=O)NCCc1ccc2nccc(Nc3ccc(NC(C)=O)cc3)c2c1,0.62540504,2.06559789,0.11,0.1,362.433,3.6154
COc1ccc(-c2nc(-c3ccncc3)c(-c3ccccc3)[nH]2)cc1,0.584764684,1.979142712,0.68,0.26,327.387,4.8143
CCC(=O)Nc1nc(C)c(-c2ccc(C(O)=NC(C)c3ccccc3)cc2)s1,0.426832856,2.864117042,0.02,0,393.512,5.53282
Cc1cccc(Nc2nccc(-c3cnc4ccccn34)n2)c1,0.624356474,2.259272805,0.81,0.3,301.353,3.84332
COc1ccc(CNc2nc(Nc3cc(N4CCOCC4)ccc3OC(C)C)ncc2[N+](=O)[O-])cc1,0.309990707,2.56270528,0.32,0.24,494.552,4.3729
O=C(Nc1ccc(C(=O)N2Cc3ccccc3C2)cc1)c1cccc(-n2cccc2)n1,0.548068855,2.278163213,0.03,0.01,408.461,4.2806
CCCN(CCC)C(=O)c1ccc(C(=O)Nc2ccc(C(=O)O)cc2)n1-c1ccc(F)cc1,0.487527256,2.403143721,0.01,0.01,451.498,4.8291
Cc1cccc(-c2nccnc2C(=O)Nc2ccc(-c3ccccc3)cc2)c1,0.528753463,1.943358389,0.14,0.1,365.436,5.37132
COc1cccc(Nc2ncc(-c3ccc(N4CCCCC4)cc3)o2)c1,0.695614726,2.132382536,0.36,0.24,349.434,5.0841
COc1ccc(N2CC(C)NC(C)C2)cc1NC(=O)c1ccc(N2CCOCC2)cc1,0.769441648,3.021315156,0.01,0.07,424.545,2.9707
CC(C)Oc1cc(Nc2cc(NC(O)=Nc3ccccc3)ncn2)n[nH]1,0.395816748,3.091859643,0.41,0.17,353.386,3.3881
Cc1ccc(C(=O)Nc2cc(C(C)(C)C)on2)cc1Nc1ncnc2cnc(NC3CCOC3)nc21,0.361381074,3.351324258,0.39,0.18,488.552,4.21042
O=C1CC(c2ccccc2)N(c2ccc(-c3cccc(C(=O)O)c3)cc2)C(=O)C1,0.6717239,2.660786343,0.04,0.02,385.419,4.489
COc1ccc(-c2ccc(C(=O)NC(C)C)cc2)cc1,0.922173405,1.459452883,0.02,0.01,269.344,3.5004
O=C(NC1CCC(CCN2CCN(c3ccc(Cl)cc3)CC2)CC1)c1ccc2ccccc2c1,0.474962122,2.158688631,0,0.04,476.064,5.9941
CNc1nc(Nc2ccc(C(=O)Nc3ccccc3)cc2)ncc1C(=O)O,0.531202708,2.002292196,0.66,0.36,363.377,3.2124
O=C(NCCCc1ccccc1)c1ccccc1Cn1ccccc1=O,0.667753992,1.907078072,0,0,346.43,3.2592
CCN(CC)CCNC(=O)c1ccc(Nc2nccc(-c3cnn4ncccc34)n2)cc1,0.420955002,2.608855043,0.81,0.36,430.516,3.0015
CCc1ccc(NC(=O)c2cccc(C(F)(F)F)c2)cc1Nc1ncnc2cnc(Nc3ccc(N4CCCCC4)cc3)nc12,0.163442368,2.778307897,0.44,0.33,612.66,7.7308
CC(C)(C)c1ccc(Nc2nc(N3CCCCC3)nc3c2C(=O)CC3)cc1,0.859867065,2.424073015,0.06,0.05,364.493,4.6369
CC(=O)c1c(O)ccc2cc(-c3ccccc3)[nH]c12,0.681488914,2.206089969,0.21,0.05,251.285,3.7431
Cc1ccc(-c2cccc(C(C)NC(=O)C3CCCCC3)c2)cc1,0.800162206,2.204103099,0.02,0.03,321.464,5.41952
CN(C)c1ccc(Nc2nccc(Nc3ccc(N4CCOCC4)cc3)n2)cc1,0.662323005,2.2237337,0.58,0.63,390.491,3.8664
O=C(Nc1ccc(Cl)cc1)c1ccc(-c2noc(C(F)(F)F)n2)cc1,0.730613218,2.007206621,0.08,0.02,367.714,4.6611
COc1ccc(Nc2ncc(C(=O)Nc3ccccc3C(=O)Nc3ccccc3)cc2)cc1,0.362294057,1.906719411,0.1,0.24,438.487,5.3384
CN(C)CC=CC=C1c2ccccc2Oc2ccccc21,0.705754997,2.535429497,0.03,0.01,277.367,4.3418
COc1ccc(-n2nc(C(N)=O)c3c2-c2cc(NC(=O)c4ccccc4Cl)ccc2CC3)cc1,0.441247516,2.33600409,0.08,0.04,472.932,4.6511
O=C(O)Cc1cn(Cc2cccc(Cl)c2)c2ccccc12,0.791810473,1.89538362,0,0.04,299.757,3.9701
CNC(=O)c1ccc(-c2n[nH]c3ccccc23)cc1Nc1ncnc2cnc(N3CCCCC3)nc12,0.344744144,2.748116326,0.5,0.22,479.548,4.0566
COc1ccc(CC(=O)O)cc1-c1ccc(F)c2c1CN(C(=O)C=Cc1ccccc1)CC2,0.557511732,2.476918296,0.01,0,445.49,4.7265
Cc1ccc(-c2nc(-c3ccnc4ccccc34)on2)cc1,0.552473846,1.913361937,0.11,0.07,287.322,4.26022
CN(C)CCCC=C(c1ccccc1)c1ccc(OC)cc1,0.698840023,1.939773907,0.02,0,295.426,4.4687
COc1ccc(-c2c(C(=O)Nc3ccc(C(=O)O)cc3)cc(OC)c(OC)c2C(=O)Nc2ccc(Cl)cn2)cc1,0.23906056,2.462878717,0.08,0.03,561.978,5.6306
COc1cc(Nc2ncc(-c3ccccc3NS(C)(=O)=O)nn2)ccc1OC,0.620820468,2.334672199,0.41,0.38,401.448,2.6709
COc1ccc(-c2ccc(Nc3ccccc3)cc2)cc1OC,0.709860758,1.538128522,0.12,0.1,305.377,5.1144
COc1ccc(-c2nnc(N3CCC(N4CCCCC4)CC3)o2)cc1,0.850397681,2.270604251,0.07,0.04,342.443,3.1999
CN(C)CC(=O)Nc1ccc(-c2nc(N3CCOCC3)c3cnn(C4CCN(C(=O)OC)CC4)c3n2)cc1,0.519926905,2.740688825,0.08,0.09,522.61,2.2333
COc1ccc(-c2ccc(C(=O)CC(N)C(=O)O)cc2)cc1,0.799092495,2.213962368,0.07,0.02,299.326,2.3469
COc1cccc(-c2ccc(C(=O)C=Cc3ccc(O)c(OC)c3)cc2)c1,0.497882615,1.929173714,0.03,0.03,360.409,4.9725
CN(C)C(=O)c1ccc(-c2nc(-c3cccc4c3ncn4CCCO)no2)cc1,0.54279616,2.468281604,0.16,0.03,391.431,2.8375
Cc1ccc(-c2noc(C(=O)Nc3ccc4c(c3)C3(CCCCC3)C4)n2)cc1,0.697028751,2.892438946,0.04,0.01,373.456,5.05532
Cc1ccc(-c2ccc(N3CCC(NC(=O)CCC(=O)O)CC3)cc2)cc1,0.819333383,1.909217271,0,0.01,366.461,3.61182
COc1ccc(-c2cnc(N)c(C(=O)Nc3ccccc3)n2)cc1,0.771018222,1.864196684,0.67,0.12,320.352,2.9867
COc1ccc(CNc2nc(Nc3cnn(C4CCCCC4)c3)ncc2[N+](=O)[O-])cc1,0.402652306,2.565240627,0.53,0.19,423.477,4.4508
CN(C)c1ccc(-c2nc3ccccc3n2-c2ccncc2)cc1,0.569390532,2.040276101,0.21,0.02,314.392,4.1535
Cc1cc(C(=O)O)nc(Nc2ccc(Cl)cc2Cl)c1,0.893455863,2.088482967,0.04,0.11,297.141,4.13862
COc1ccc(Nc2ncc(-c3cccc(C(=O)O)c3)o2)cc1,0.745509214,2.035161451,0.38,0.41,310.309,3.792
CN1CCC(c2ccc(Cl)cc2)C(C(=O)OCCc2ccccc2)C1,0.752334493,2.775461435,0.01,0,357.881,4.1612
CN(C)c1ccc(-c2nc(-c3ccc(C(=O)O)c(Cl)c3)sc2N)cc1,0.704523011,2.299071303,0.19,0.09,373.865,4.4769
N#Cc1cc(-c2ccnc(Nc3ccc(N4CCOCC4)cc3)n2)ccc1OC1CCOC1,0.615649931,3.006377711,0.59,0.7,443.507,3.76318
COc1cc2c(Nc3ccc(Cl)c(Cl)c3)ncnc2cc1OCC1CCCN(C(=O)C=CCN(C)C)CC1,0.33206206,3.174244166,0.3,0.32,558.51,5.8141
CC(C)Oc1ccc(-c2nc(-c3cccc4c3CCC4N3CCCC3)no2)cc1C#N,0.574988644,3.081754467,0.07,0.04,414.509,5.14558
CC(C)(C)c1ccc(NC(=O)Nc2ccc(-c3nc(N4CCOCC4)c4ncccc4n3)cc2)cc1,0.400746723,2.388462731,0.15,0.13,482.588,5.4699
O=C1CC(=O)Nc2cc(-c3ccccc3)ccc21,0.775015219,1.979128444,0.55,0.03,237.258,2.8785
COc1ccc(COc2ccc(C(=O)Nc3ccccc3N)cc2)cc1,0.657628353,1.64013472,0.04,0.02,348.402,4.1087
CC(=O)c1ccc(-c2ccc3c(c2)Nc2ccccc2NC3=O)cc1,0.660149954,2.081955082,0.72,0.06,328.371,4.8655
O=C1N=C(n2cnc3ccccc32)CCC1c1cc(F)c(F)cc1F,0.631057344,3.32978811,0.03,0.03,343.308,3.8044
COc1ccc(-c2nc(Nc3ccccc3)nc(N)n2)cc1,0.768943692,1.845301001,0.17,0.12,293.33,2.873
CC(NC(=O)C(NC(=O)c1ccc(-c2ccccc2)cc1)C(=O)N1CCCC1)C(=O)C(=O)NC(C)C,0.362869263,3.189445616,0.02,0.02,492.576,1.6728
COc1ccc(CNc2nc(Nc3ccccc3)ncc2-c2nc3ccccc3[nH]2)cc1,0.326178113,2.232026034,0.54,0.18,422.492,5.3842
CC(=O)c1ccc(NC(=O)Nc2ccc(-c3cncc4ccccc34)cc2)cc1,0.442309977,1.936401185,0.39,0.14,381.435,5.7484
Cc1nc2ccccc2nc1N1CCC(C)(c2ccc(Cl)cc2)CC1,0.638961925,2.366828159,0.01,0,351.881,5.14972
COc1cc(Nc2ncc(F)c(Nc3ccccc3C(=O)O)n2)cc(OC)c1OC,0.505757719,2.271702055,0.82,0.46,414.393,3.8269
O=C1c2cccc3cccc(c23)-c2cc(-c3cnccc3O)ccc21,0.481039579,2.306312564,0.44,0.13,323.351,4.8188
CNC(=O)c1cc2cnc(Nc3ccc(N4CCOCC4)cc3)nc2n1C1CCOCC1,0.635177297,2.665060433,0.49,0.63,436.516,2.7226
COc1ccc(-n2nc(C(N)=O)c3c2-c2cc(NC(=O)C=Cc4ccccc4)ccc2CC3)cc1,0.413352329,2.445294413,0.08,0.04,464.525,4.3973
CC(C)CC(NC(=O)C(Cc1ccccc1)NC(=O)CNC(=O)CNC(=O)C(N)Cc1ccc(O)cc1)C(=O)NC(C(=O)C(=O)NC(C)C(=O)C(C)C)C(C)C,0.075352383,4.310066285,0.05,0.03,779.936,0.1925
O=C(O)C1CCC(C(=O)Nc2nc3ccccc3n2C2CC3CCCC(C2)N3C2C3CCCCC2C3)C1,0.552456252,5.245466801,0.02,0.04,504.675,5.6124
Cc1ccc(C(=O)Nc2cc(NC(=O)c3ccccc3)ccc2Nc2cc(C(F)(F)F)ccn2)cc1,0.282375138,2.195791046,0.08,0.23,490.485,6.65702
CC(=O)Nc1ccc(-c2ccc3c(Nc4cccc(N5CCOCC5)c4)n[nH]c3c2)cc1,0.427461417,2.310650449,0.69,0.13,427.508,4.7685
COc1ccc(-c2nc(-c3cccc4c3CCC4NC(=O)N3CCCC3)no2)cc1Cl,0.62881484,2.885456005,0.07,0.05,438.915,4.8583
COc1cccc(Nc2ncc(C(=O)Nc3ccccc3Cl)s2)c1,0.686366406,1.986402035,0.12,0.27,359.838,4.801
COc1ccc(Nc2ncc(C(=O)Nc3cc(OC)ccc3C(=O)O)cc2F)cc1,0.540275928,2.123648758,0.16,0.26,411.389,3.932
CC(=O)Nc1cccc(-c2nc(Nc3ccc(N4CCOCC4)cc3)ncc2NC(=O)C2CC2)c1,0.476376775,2.413507208,0.45,0.59,472.549,4.0307
Cc1cccc(NC(=O)Nc2ccc(-c3cccc4cnccc34)cc2)c1,0.484949436,1.880981269,0.52,0.25,353.425,5.85422
COc1ccc(CNC(=O)Nc2ccc(Oc3ccnc(Nc4cccc(N5CCOCC5)c4)n3)cc2)cc1,0.273761232,2.395123943,0.39,0.19,526.597,5.1794
COc1ccc(C=NNc2nc(Nc3ccccc3)cc(OC)n2)cc1,0.500165258,2.173893457,0.07,0.08,349.394,3.6834
COc1ccc(-c2ccc3c(c2)Nc2ccncc2Nc2ncccc2-3)cc1,0.439938291,2.340111159,0.49,0.14,366.424,5.3924
O=C(Nc1ccc(Cl)cc1)c1cncc(-c2cncc(Nc3ccccn3)n2)c1,0.507104854,2.310189084,0.16,0.23,402.845,4.5829
Cc1cccc(C(C)C)c1NC(=O)Nc1ccc(Cl)cc1,0.781056669,1.736342559,0,0,302.805,5.41582
CC(C)Oc1ccc(-c2nc(-c3cccc4ccccc34)[nH]c2-c2ccccc2)cc1,0.332397592,2.115333966,0.35,0.08,404.513,7.3511
O=C(Nc1ccc(Cl)cc1)c1ccccc1Nc1cccc2cnccc12,0.46901479,1.894336673,0.26,0.25,373.843,5.8841
CCN(CC)c1ccc(NC(=O)c2ccc(F)c(Nc3nccc(-c4cnc(N5CCCCC5)nc4)c3)c2)CC1,0.341328068,3.121745348,0.2,0.43,541.675,6.0448
COc1ccc(-c2ccc3c(c2)Nc2ccccc2NC3=O)cc1,0.722008455,2.006317419,0.79,0.06,316.36,4.6715
CC(=O)Nc1ccc(-c2nc(-c3ccc(N)cc3)c(-c3ccc(Cl)cc3)[nH]2)cc1,0.388010931,2.108370019,0.36,0.17,402.885,5.6047
Cc1ccc(NC(=O)c2cccc(NC(=O)c3ccc(N4CCCC4)cc3)c2)cc1,0.627440807,1.746596049,0,0,399.494,5.09982
COc1cccc(-c2cnc(N)c(NC(=O)c3ccccc3)n2)c1,0.771018222,2.008202704,0.42,0.08,320.352,2.9867
CN(C)CCOc1ccc(-c2n[nH]c3ccc(-c4cn[nH]c4)cc23)cc1,0.559439929,2.419373012,0.67,0.23,347.422,3.5604
Cc1nc(N)ccc1CNC(=O)Cn1c(C)cnc(NCC(F)(F)c2ccccc2)c1=O,0.493431025,2.765837974,0.09,0.03,442.47,2.35764
COc1ccc(CNc2nc(NCCN(C)C)nc(NC(C)C)n2)cc1,0.595550774,2.314672904,0.05,0.01,359.478,2.2861
CC(=O)Nc1ccc(NC(=O)Nc2ccc(-c3nc(N4CCOCC4)nc4ccccc43)cc2)cc1,0.379351307,2.235243703,0.05,0.03,482.544,4.7358
CN(C)CCOc1cccc(Nc2ncc(C(=O)c3ccccc3)s2)c1,0.608675063,2.179034413,0.1,0.17,367.474,4.0581
CC(=O)Nc1ccc(-c2n[nH]c3ccc(-c4cn[nH]c4)cc23)cc1,0.539579718,2.312432145,0.71,0.29,317.352,3.5784
Cc1ccc(-c2cccc(Nc3nccc(-c4cccc(C(N)=O)c4)n3)c2)cc1OC,0.468326285,2.14833551,0.76,0.41,410.477,4.97012
COc1ccc(C(=O)Nc2cccc(C(=O)O)c2)cc1,0.895923249,1.408580631,0,0,271.272,2.6457
COc1cc(NS(=O)(=O)c2ccc(N)cc2)cc(OC)c1OC,0.782493577,1.916341971,0.06,0.02,338.385,2.0954
COc1ccc(-c2cnc(N)c(N3CC(C)OC(C)C3)n2)cc1OC,0.9113404,3.117871655,0.27,0.11,344.415,2.3566
CC(=O)Nc1ccc(-c2n[nH]c3ccc(C(N)=O)cc23)cc1,0.690378696,2.00483626,0.62,0.26,294.314,2.2872
COc1ccc(C(=O)Nc2ccc(CN3CCOCC3)cc2-c2ccccc2)cc1,0.662015136,1.887833998,0,0.03,402.494,4.4467
CNC(=O)c1c(O)c2ccccc2nc1Nc1ccc(Br)c(Cl)c1,0.600226275,2.342377006,0.09,0.14,406.667,4.4595
O=C(Nc1cccc(-c2ccnc3[nH]ccc23)c1)Nc1ccccc1-c1ccccc1,0.318180022,2.13739852,0.59,0.3,404.473,6.5409
O=C(NCc1ccc(Cl)cc1Cl)c1ccc(-c2ccncc2)o1,0.751680906,2.043618095,0.41,0.03,347.201,4.5784
O=C1NC(=O)C(=Cc2ccc(-c3ccccc3)cc2)S1,0.854122807,1.941004124,0.58,0.23,281.336,3.6775
COc1ccc(CNc2nc(N3CCCCCC3)nc3c2CCN(c2ncccc2C(F)(F)F)CC3)cc1,0.455255949,2.657613449,0.18,0.02,526.607,5.4967
O=C(NCCCCN1CCCCC1)c1cccc(-n2ncc3ccccc32)c1,0.633759045,2.083003096,0.09,0.2,376.504,4.0214
CC(C)(C)c1ccc(CCNC(=O)CC(=O)c2ccc(Cl)cc2)cc1,0.607684849,1.903926153,0.02,0,357.881,4.5692
COc1cc(Nc2nccc(-c3cnn4ccccc34)n2)cc(OC)c1OC,0.549970527,2.432995579,0.88,0.34,377.404,3.5607
COc1ccc(-c2cnc(NC(=O)C3CCC(C(=O)O)CC3)s2)cc1OC,0.781178885,2.238517257,0.16,0.05,390.461,3.6568
Cc1ccc(Nc2ncc(C(=O)Nc3ccccc3N3CCC(C)(C)CC3)nc2N)cc1,0.527701883,2.492563433,0.29,0.14,430.556,4.98952
O=C1NC(=O)C(=Cc2ccc(-c3ccccc3)o2)S1,0.851525657,2.202798314,0.44,0.26,271.297,3.2705
O=C(Nc1cccc(-c2nnc(NC(=O)c3ccccc3)o2)c1)c1ccccc1,0.536323529,1.873940759,0.05,0,384.395,4.2412
CC(C)n1c(C(=O)O)nc2ccc(-c3cccc(C(F)(F)F)n3)cc21,0.761092834,2.592798747,0.06,0.04,349.312,4.3962
COc1ccc(CNc2ncc(C(=O)Nc3ccc(N4CCOCC4)cc3)nc2N)cc1,0.520086023,2.321249584,0.28,0.01,434.5,2.7684
COc1ccc(C(=O)Nc2ccc(Cl)c(C(F)(F)F)c2)cc1Nc1ncnc2cnc(NCC(F)F)nc12,0.235555266,2.808099102,0.42,0.31,553.879,5.7735
COc1ccc(C(=O)Nc2cc(-c3cccc4c(N)nccc43)ccn2)cc1OC,0.522104125,2.195268487,0.33,0.27,400.438,4.1485
CCCCCCCCCCCCCCCCCC(=O)C(=O)Nc1c(OC)cc(OC)cc1OC,0.146677987,2.4085734,0,0,477.686,7.4815
O=C(NCCCCCCCCCCCNc1c2c(nc3ccccc13)CCCC2)c1ccc2ccccc2c1O,0.141391244,2.550293983,0.03,0,537.748,8.3252
CC(C)CC(NC(=O)Nc1ccc(Cl)cc1)C(=O)Nc1ccccc1,0.709468026,2.168625076,0,0,359.857,4.5149
Cc1ccc(-c2ccc(Nc3nccc(-c4cn(C)cn4)n3)cc2)cc1,0.589433007,2.215362688,0.68,0.45,341.418,4.59612
COc1ccc(-c2nnc(C(=O)Nc3ccc(CN4CCOCC4)cc3)o2)cc1,0.687494606,2.115243383,0.05,0.01,394.431,2.8297
COc1ccc(CNc2nc(Nc3ccccc3)ncc2[N+](=O)[O-])cc1,0.493470281,2.04239872,0.67,0.24,351.366,3.7491
COc1ccc(C(=O)C=Cc2ccc(O)c(OC)c2)cc1O,0.655484987,2.032842651,0.04,0.01,300.31,3.0111
COc1ccc(C(=O)Nc2nc(-c3ccccc3)ccc2O)cc1,0.768421439,1.815709058,0.15,0.02,320.348,3.7151
COc1ccc(-c2nc(-c3cccc4ccccc34)[nH]c2-c2cc3ccccc3nc2OC)cc1,0.299130084,2.395706296,0.3,0.08,457.533,7.1293
Cc1ccc(-c2ccc3c(n2)-c2ccccc2NC(=O)C3)cc1,0.730870172,2.086231621,0.2,0.05,300.361,4.21862
CC(C)CC(NC(=O)CCc1ccccc1)C(=O)NC(Cc1ccc(N)cc1)C(=O)NC(C=O)CCC(=O)O,0.160874166,3.383825302,0.04,0,538.645,2.0083
COc1ccc(-c2n[nH]c3ccc(-c4cncs4)cc23)cc1OC,0.60054431,2.400513463,0.65,0.15,337.404,4.3706
COc1ccc(C(=O)Cn2c(=O)ccc3ccccc32)cc1,0.6949198,1.790371709,0,0.05,293.322,2.893
COc1ccc(-c2nn(C(C)C)c3ncnc(N)c23)cc1,0.799076033,2.262234494,0.62,0.2,283.335,2.665
CC(=O)c1cnc2ccc(-c3cc(F)c(O)c(Cl)c3)cc2c1Nc1ccc(N2CCCC(N)C2)nc1,0.300091758,3.204347058,0.24,0.16,505.981,5.6686
Cc1ccc(NC(=O)c2cccc(C(F)(F)F)c2)cc1Nc1ncnc2cnc(NC3CCOCC3)nc21,0.310685576,2.702227004,0.34,0.35,523.519,5.33382
COc1cccc(-n2ccc3cnc(Nc4ccccc4)nc32)c1,0.61366903,2.09386704,0.78,0.56,316.364,4.1727
COc1ccc(Cl)cc1-c1nc(Nc2ccc(C(=O)Nc3ccc(S(N)(=O)=O)cc3)cc2)n[nH]1,0.302263943,2.296821958,0.25,0.15,498.952,3.777
COc1ccc(Nc2nccc(Nc3ccccc3[N+](=O)[O-])n2)cc1,0.519523654,2.057805082,0.6,0.5,337.339,3.8806
COc1ccc(C(=O)Nc2ccc(Cl)c(C(=O)Nc3ccccc3N)c2)cc1OC,0.50632457,1.866431725,0.03,0.03,425.872,4.444
O=C(Nc1ccccc1)Nc1ccc(-c2nc(N3CCOCC3)c3ccccc3n2)cc1,0.492052753,2.058036722,0.05,0.05,425.492,4.7774
COc1ccccc1N1CCN(CCCCCn2c(=O)[nH]c3ccccc32)CC1,0.595667575,2.113037772,0.04,0,394.519,3.3307
COc1cccc(-c2cc(N)c(C(=O)Nc3ccc(OC)c(OC)c3)nc2N2CCC(C)CC2)c1,0.503101459,2.437884692,0.15,0.06,476.577,4.8452
COc1ccc(-c2nc(-c3ccc(F)cc3)oc2C=CC(=O)O)cc1,0.703462639,2.329090889,0.1,0.06,339.322,4.2541
COc1ccc(-c2ccc(NC(=O)c3ccc(CN4CCC(C(=O)O)C4)cc3)cc2)cc1,0.57618063,2.303325181,0.03,0.01,430.504,4.521
N#Cc1ccc(-c2ccc(N3CCCCC3)cn2)cc1,0.830587364,1.950288938,0.1,0.02,263.344,3.61058
O=C(NCCc1ccc(Cl)cc1Cl)c1ccccc1Nc1ccccc1,0.570758121,1.793544566,0.16,0.08,385.294,5.7095
O=C1CCC(=O)N1c1ccc(Cl)c(-c2cnc3ccccn23)c1,0.679200705,2.437581032,0.1,0.05,325.755,3.3081
NC(=O)c1cccc(-c2nc(Nc3cccc(S(N)(=O)=O)c3)[nH]n2)c1,0.531823952,2.382192115,0.27,0.2,358.383,0.9616
Cc1ccc(-c2nc(C(=O)Nc3ccccc3Nc3cccc4cnccc34)[nH]n2)cc1,0.357412311,2.402801022,0.4,0.16,420.476,5.32422
COc1ccc(C(=O)Nc2ccc(F)c(C3(C)CC(C(=O)O)C(C)(C)C3)c2)cc1,0.752476514,3.25766884,0.02,0,399.462,4.8651
COc1cc2cncc(Cc3ccc4ccccc4n3)c2cc1OC,0.556485449,2.236467253,0.16,0.06,330.387,4.391
Cc1ccc(-c2nn(C(C)C)c3ncncc23)cc1Nc1nccc(-n2cccc2-c2nc[nH]n2)c1,0.343686136,3.356357549,0.29,0.28,476.548,5.09702
CCCn1c(=O)c2nc(-c3ccc(OC)nc3)[nH]c2n(CCC)c1=O,0.735967301,2.664944423,0.26,0.05,343.387,1.7769
COc1ccc(-c2nc(Nc3ccccc3)nc(N)n2)cc1,0.768943692,1.845301001,0.17,0.12,293.33,2.873
COc1cccc(-c2nccnc2C(=O)Nc2ccc(-c3ccccc3N)cc2)c1,0.479206551,2.134030531,0.4,0.08,396.45,4.6537
O=C(c1ccccc1)c1ccc(Nc2nccc(-c3cnc(N4CCCC4)c(N4CCOCC4)n3)c2)cc1,0.352716509,2.571194646,0.29,0.66,506.61,4.95
O=C(Nc1ccc(Cl)cc1)c1ccc(-c2nc(C3CCCCC3)n3ccncc23)cc1,0.410015936,2.316164059,0.1,0.05,430.939,6.3497
CC(C)(C)c1ccc(NC(=O)Nc2cccc(Cl)c2)cc1,0.778089545,1.640302772,0,0,302.805,5.2815
Cc1cccc(-c2ocnc2C(=O)Nc2cnc(C(=O)c3ccccc3)cc2)c1,0.511957785,2.293411075,0.2,0.05,383.407,4.52832
CC(C)CC(NC(=O)C(Cc1ccccc1)NC(=O)CNC(=O)C(N)Cc1ccc(O)cc1)C(=O)NC1c2ccccc2CC1O,0.140670081,3.840897318,0.05,0.02,629.758,1.4111
Cc1ccc(-c2ccc(-c3cccc4cc(Nc5cccc(N6CCOCC6)c5)ccc34)[nH]2)cc1,0.287807843,2.415921163,0.25,0.09,459.593,7.39052
CC(=O)Nc1ccc(-c2ccc3ccccc3c2)cc1,0.724381643,1.495852665,0.06,0.1,261.324,4.4652
CC(=O)NC(Cc1cc(F)cc(F)c1)C(=O)NC1CN(C(=O)CCc2ccc(F)cc2)CC1=O,0.60753535,3.251092191,0.01,0.03,475.467,1.68
COc1ccc(C(=O)Nc2cccc(C(F)(F)F)c2)cc1Nc1ncnc2cnc(NC3CCOC3)nc21,0.31653367,3.142365361,0.44,0.29,525.491,4.6439
CC(C)(C)c1ccc(Nc2ncc(C(=O)Nc3ccccc3NC(=O)CCN)o2)cc1,0.452184016,2.455680892,0.11,0.14,421.501,4.2553
COc1ccc(-c2nc(-c3cccc4ccccc34)on2)cc1,0.556150347,1.780539999,0.04,0,302.333,4.5654
COc1cc(Nc2nccc(-c3cnn4ccccc34)n2)cc(OC)c1OC,0.549970527,2.432995579,0.88,0.34,377.404,3.5607
COc1ccc(Nc2ncc(C(N)=O)nc2Nc2ccc(OC)cc2)cc1,0.589759419,2.158814873,0.22,0.28,365.393,3.0799
CN(C)C(=O)c1ccc(-c2noc(C(F)(F)F)n2)cc1,0.85006324,2.185959385,0.07,0.02,285.225,2.4572
COc1ccc(Nc2ncc(C(N)=O)nc2-c2ccccc2)cc1,0.753980781,2.038688322,0.34,0.29,320.352,2.9947
CC(C)(C)c1ccc(C(=O)Nc2ccccc2C(=O)Nc2ccc(-c3ccccc3)cc2)cc1,0.340359778,1.833889736,0.06,0.05,448.566,7.1557
COc1ccc(-c2nc3ccccc3n2-c2ccc(CN3CCCCC3)cc2)cc1,0.433503422,1.956650178,0.04,0.02,397.522,5.687
COc1ccc(-c2nnc(Nc3ccccc3)s2)cc1OC,0.772248829,1.860782732,0.08,0.09,313.382,3.9659
COc1ccc(-c2nc(-c3ccccc3)n(-c3ccccc3)n2)cc1,0.549365555,1.774807161,0.1,0.02,327.387,4.6099
COc1ccc(-c2nc(-c3cccc4ccccc34)oc2C)cc1,0.50200997,1.938835222,0.1,0,315.372,5.47882
Cc1ccc(-c2ccc3c(c2)Nc2ccccc2NC3=O)cc1,0.665794535,2.00465091,0.7,0.07,300.361,4.97132
Cc1ccc(-c2nc(-c3ccc(N)cc3)c(-c3ccccc3)[nH]2)cc1,0.502069403,1.947054187,0.15,0.09,325.415,5.30132
COc1ccc(-n2nnc(C(=O)Nc3ccc(C4CNCCO4)cc3)n2)cc1,0.692639479,2.985807614,0.07,0.02,380.408,1.5841
Cc1ccc(-c2cccc3cc(-c4ccccc4)oc2-3)cc1,0.434810966,1.790529511,0.05,0.01,284.358,6.07522
O=C(Nc1ccc(NC(=O)Nc2ccccc2)cc1)c1ccccc1Cl,0.591578011,1.558049182,0,0.01,365.82,5.2363
Nc1ncnc2c1c(-c1ccc(Oc3cccc(C(F)(F)F)c3)cc1)cn2C1CCCC1,0.389499072,2.448130973,0.77,0.39,438.453,6.6067
COc1cccc(NC(=O)c2ccc(Nc3ccc(N4CCOCC4)cc3)cc2)c1,0.633286839,1.877565816,0,0.11,403.482,4.5277
O=C1NC(=O)C(=Cc2ccc(-c3ccccc3)c(Cl)c2)S1,0.838937599,2.112355159,0.64,0.26,315.781,4.3309
O=C1CCC(=O)N1c1ccc(Cl)c(-c2cccc3c2OC(C(=O)O)C3)c1,0.838186047,2.977867439,0.07,0.02,371.776,3.0485
COc1ccc(Nc2ncc(-c3ccccc3)s2)cc1OC,0.749157096,1.901010136,0.37,0.38,312.394,4.5709
COC(=O)C(Cc1cccc(C(=N)N)c1)C(=O)Nc1ccc(-c2ccccc2)cc1,0.243359962,2.544993574,0.07,0.02,401.466,3.60807
O=C1Nc2ccc(Cl)cc2C(=O)N1c1ccc(Cl)cc1,0.751184573,1.910211949,0.18,0.02,307.136,2.9858
COc1ccc(-c2c(-c3ccc(O)cc3)noc2CCN=C(O)C(C)C)cc1,0.450527701,2.692851167,0.07,0.03,380.444,4.8778
COc1ccc(Nc2ncc(C(=O)Nc3ccccc3)cc2-c2ncccc2OC)nc1,0.446339622,2.361270924,0.03,0.08,427.464,4.5517
COc1ccc(-c2ccc3c(c2)Nc2ccccc2C3=O)cc1,0.559018589,1.801864687,0.27,0.02,301.345,4.3569
Cn1ccc2ncnc(Nc3cccc(NC(=O)c4ccccc4)c3)c21,0.588143172,2.148946696,0.33,0.23,343.39,3.9642
CCOc1ccc(C2=NNC(=O)C2=NNc2ccc(C(C)(C)C)cc2)cc1OC,0.732034343,2.61658287,0.52,0.09,394.475,3.6934
CCc1ccc(-c2ccc(C(=O)Nc3cc(N4CCOCC4)ccc3C)cc2)cc1,0.630725754,1.914231592,0.02,0.03,400.522,5.31332
O=C(NCCN1CCCCC1)c1cc2ccccc2nc1Nc1ccc(Cl)cc1Cl,0.528335214,2.176624165,0.08,0.13,443.378,5.5009
Cc1ccc(NC(=O)Nc2ccc(-c3cccc4c3NCCC4)cc2)cc1,0.566010719,2.069597432,0.3,0.05,357.457,5.66412
CCOc1cc(Cl)cc(-c2cccc(C(=O)Nc3ccc(N4CCNCC4)cn3)c2)c1,0.596697092,2.310059088,0.25,0.07,436.943,4.4626
COc1ccc(C(=O)Cn2cccc2C=Cc2ccc(C(=O)O)cc2)cc1,0.63897616,2.198360927,0.02,0.02,361.397,4.2482
COc1ccc(-c2nc(Nc3cccc(N4CCOCC4)c3)n3ncccc23)cc1,0.545679661,2.393253635,0.22,0.15,401.47,3.9851
COc1ccc(-c2cccc(C(=O)Nc3ccc4c(c3)CCC(c3ccccc3)O4)c2)cc1,0.380281664,2.493292094,0.01,0.03,435.523,6.6808
CCCN(CCC)C(=O)c1ccc(N(c2ccccc2)c2ccccc2)cc1,0.455436622,1.971646861,0,0,372.512,6.4186
Cc1ccc(-c2ccc(C(=O)N(C)C)cc2Nc2ccc(N3CCOCC3)c(C(F)(F)F)c2)nc1,0.528670795,2.570015162,0.13,0.19,484.522,5.35782
COc1ccc(-c2n[nH]c3ccc(-c4cn[nH]c4)cc23)cc1,0.605214016,2.253274363,0.67,0.28,290.326,3.6286
COc1ccc(Nc2ncc(C(C)Nc3ncnc(N)c3C#N)cc2-c2ccccc2)cc1,0.372446435,2.94671108,0.33,0.31,437.507,4.91778
O=C(Nc1ccc(C(=O)Nc2ccccc2C(=O)Nc2ccc(Cl)cc2)cc1)C1CCCCC1,0.38711282,1.885837764,0.02,0.03,475.976,6.3634
CC(C)(C)c1ccc(Nc2ncc(Br)c(Nc3ccccc3)n2)cc1,0.56497915,2.059003132,0.8,0.54,397.32,6.0238
c1ccc(-c2noc(-c3ccncc3)n2)cc1,0.669903214,1.775268392,0.04,0,223.235,2.7986
COc1ccc(NC(=O)c2ccc(Cl)c(Nc3ncnc4cnc(Nc5ccccc5)nc34)c2)cc1,0.257479319,2.329365901,0.52,0.45,497.946,5.8213
CC(=O)NC(C)c1ccc(OC2CCN(c3ccnc(N4CCCC4)n3)C2)cc1,0.810989978,3.095127868,0.09,0.09,395.507,2.9316
O=C(NCCCCCCCCCCCCCCNC(=O)C1c2ccc(O)cc2OC1=O)c1ccccc1,0.111292732,2.920774207,0.04,0,508.659,5.6222
O=C1c2ccccc2C(=O)N1Cc1cccc(-c2ccccc2)c1,0.68121424,1.660780716,0.04,0.01,313.356,4.1498
COc1ccc(CNc2nc(Nc3ccc(N4CCOCC4)cc3)ncc2F)cc1,0.614707857,2.190372459,0.55,0.51,409.465,3.8166
COc1ccc(CNc2nc(Nc3cc(N4CCOCC4)cc(N4CCOCC4)n3)no2)cc1,0.509779767,2.801616127,0.09,0.06,467.53,2.5021
CCC(C)Oc1cc(Cl)ccc1Oc1ccc(NC(=O)Nc2ccc(Cl)cc2)cc1,0.393573163,2.437192307,0.03,0,445.346,7.607
CC(C)C(=O)Nc1ccc(-c2noc(C(F)(F)F)n2)cc1,0.943348765,2.15090273,0.12,0.02,299.252,3.3499
Cc1ccc(-n2nc(C3CCNCC3)cc2N=C(O)c2cnn3cccnc23)cc1,0.404196341,3.084569662,0.19,0.04,401.474,3.32672
Cc1cccc(Nc2ncnc3ccccc23)c1,0.735857015,1.71176695,0.48,0.03,235.29,3.68182
COc1cc(Nc2nccc(-c3cnn(C)c3)n2)cc(OC)c1OC,0.737678772,2.299809199,0.86,0.45,341.371,2.6465
Cc1ccc(C(=O)Nc2ccc(CN3CCCCC3)cc2)cc1,0.91628869,1.535495686,0,0,308.425,4.23322
CC(C)(C)c1ccc(NC(=O)Nc2ccc(Oc3ccnc(Nc4ccccc4)n3)cc2)cc1,0.293813831,2.158341375,0.55,0.34,453.546,6.954
COc1ccc(-c2ccc(S(=O)(=O)NC(C(=O)O)C(C)C)s2)cc1,0.782788332,2.551826052,0.05,0.01,369.464,2.8112
CN(C)CCn1cc(Nc2ncc3c(n2)-c2c(nn(C)c2-c2ccccc2)CC3)cn1,0.522355744,2.837966781,0.36,0.3,414.517,3.1444
Cc1cc(O)cc(C)c1C(=O)Nc1ccc(Nc2ncnc3cc(-c4ccccc4)oc23)cc1,0.294390382,2.512898989,0.35,0.19,450.498,6.20814
COc1ccc(-c2ccc(S(=O)(=O)Nc3ccc(Cl)cn3)cc2)cc1OC,0.665098453,1.948423938,0.15,0.09,404.875,4.22
Cc1ccc(-c2nc(N)c3cc(-c4ccncc4)sc3n2)o1,0.607290699,2.536301963,0.41,0.03,308.366,3.90392
Cn1c(Nc2c(Cl)ccc(CNC(=O)C(C)(C)C)c2Cl)nc2cc(C(=O)Nc3ccc(F)c(Cl)c3)ccc21,0.224216973,2.681277979,0.09,0.08,576.887,7.3308
COc1ccc2c(c1)C(=O)c1ccc(-c3cncc(C#N)c3)cc1C2=O,0.558545887,2.284468783,0.24,0.03,340.338,3.40428
CC(=O)c1ccc(NC(=O)c2ccc(C(F)(F)F)c(Nc3ccccc3)n2)cc1,0.571460237,2.094688853,0.1,0.06,399.372,5.2989
COc1ccc(-c2nc(-c3ccnc4ccccc34)[nH]n2)cc1,0.626558619,2.061266696,0.38,0.12,302.337,3.6955
COc1ccc(-c2ccc3c(c2)Nc2ccccc2NC3=O)cc1,0.722008455,2.006317419,0.79,0.06,316.36,4.6715
CN(C)c1ccc(-c2nc3ccccc3n2-c2ccc(C(=O)O)cc2)cc1,0.585892401,1.961906381,0.02,0.01,357.413,4.4567
CCN(CC)C(=O)c1cc(-c2ccccc2)n(-c2ccc(C(=O)O)cc2)c1C,0.682006624,2.081361983,0,0,376.456,4.63292
CC(=O)Nc1ccc(-c2nc(N3CCOCC3)c3cccnc3n2)cc1,0.782434203,2.20225621,0.11,0.07,349.394,2.4868
O=C(Nc1ccc(C(=O)Nc2ccccc2Nc2ccnc3ccccc23)cc1)c1ccccc1,0.271817956,1.982994123,0.11,0.12,458.521,6.483
O=C(NC1CCC(CCN2CCC(c3coc4ccccc34)CC2)CC1)c1ccccc1,0.522291248,2.32732401,0.02,0,430.592,5.9911
CC(C)(C)c1cc(NC(=O)Nc2ccc(Cl)cc2)n(-c2cccc(Cl)c2)n1,0.553513397,2.089837962,0.15,0.01,403.313,6.1206
O=C(Nc1ccc(F)cc1)C1=CCCC1,0.789819518,1.959123459,0.02,0,205.232,2.8745
Cc1ccc(-c2ccc3nccc(Nc4cccc5[nH]ncc45)c3n2)cc1,0.467253563,2.3247,0.47,0.17,351.413,5.22512
CC(=O)c1c(O)cc(-c2cccc(Cl)c2)nc1Nc1ccccc1,0.653026231,2.147861763,0.25,0.18,338.794,5.0538
O=C1NC(=O)C(=Cc2ccc(Br)cc2)O1,0.792918154,2.488293558,0.409369676,0.19,268.066,2.0564
CN1CCN(c2ncc(C(=O)Nc3ccc(-c4ccccc4)cc3)c3ncccc23)CC1,0.530300263,2.169817389,0.13,0.07,423.52,4.3009
COc1ccc(C(=O)Nc2nc(-c3ccccc3)cc(OC)c2-c2nc3ccccc3o2)cc1,0.349734575,2.26273354,0.11,0.01,451.482,5.8263
CC(=O)Nc1ccc(-c2nc(N3CCOCC3)c3cnn(C4CCCCC4)c3n2)cc1,0.69116481,2.451848759,0.1,0.1,420.517,3.7935
Cc1cccc(-c2nc(N)c3cnn(C4CCCCC4)c3n2)c1,0.77949005,2.33827502,0.19,0.03,307.401,3.88912
COc1ccc(Nc2ncc(C(=O)Nc3ccc(N4CCOCC4)cc3)cc2-c2nc(C)nc(N)n2)cc1,0.335874257,2.541940163,0.21,0.2,512.574,3.66532
O=c1[nH]nc(-c2ccccc2)nc1NCc1ccccc1,0.76868788,1.982318558,0.41,0,278.315,2.444
CN(C)c1ccc(C=C2SC(=O)Nc3ccccc32)cc1,0.883392193,2.354586697,0.22,0.14,296.395,4.5294
CC(=O)c1ccc(-c2ccc3ccccc3c2)cc1,0.598374149,1.477675237,0.05,0.11,246.309,4.7094
Cc1cccc(-c2cnc3ccc(Nc4ccccc4)nn23)c1,0.607619264,2.093980271,0.22,0.25,300.365,4.44832
COc1ccc(-c2cccnc2)cc1N1CCN(C(=O)C(C)c2ccc(Cl)cc2)CC1,0.573587045,2.624874536,0.19,0.03,435.955,4.8629
COc1ccc(Nc2nccc(Nc3ccccc3)n2)cc1OC,0.715251269,1.900155002,0.79,0.51,322.368,3.981
CC(=O)Nc1cc(Nc2cc(Nc3cccc(C(=O)O)c3)ncn2)ccn1,0.525176543,2.361398489,0.37,0.47,364.365,3.0154
Cc1ccc(NC(=O)c2cccc(C(F)(F)F)c2)cc1Nc1ncnc2cnc(NCc3ccccc3)nc12,0.225501364,2.51964004,0.38,0.29,529.526,6.35502
COc1ccc(-c2nn(-c3ccccc3)cc2NC(=O)c2cnc(N3CCCC3)nc2)cc1,0.483943725,2.309245169,0.08,0.06,440.507,4.1904
Cc1cc(Nc2cc(N3CCOCC3)nc(Nc3ccc(N4CCOCC4)cc3)n2)cc(OC)c1OC,0.467570367,2.594455919,0.16,0.14,506.607,3.96262
O=C(NCCCCCCCCCCCCCCCCCCNc1c2c(nc3cc(Cl)ccc13)CCCC2)C1CCCCC1,0.138363214,2.694100446,0.07,0,610.371,11.117
CC(C)(C)c1ccc(-c2ccc3cc(Nc4ccccc4)sc3n2)cc1,0.426099127,2.315474413,0.25,0.22,358.51,7.0044
CC(C)(C)C(=O)Nc1ccc(C(=O)Nc2cccc(C(F)(F)F)c2)cc1,0.810216604,1.866655424,0,0.01,364.367,4.9423
COc1ccc(CNc2nc(N3CCCCCC3)nc3c2C(=O)NC3)cc1,0.845921475,2.466533362,0.13,0.03,367.453,2.7211
CC(=O)Nc1cc(Nc2cc(Nc3ccc(N4CCCCC4=O)cc3)ncn2)ncn1,0.557150737,2.571919088,0.19,0.36,418.461,3.2291
CN1CCC(c2ccc(-c3ccc4c(c3)c(C(N)=O)nn4C)cc2)CC1,0.79070548,2.28969477,0.16,0.03,348.45,3.1484
CC(=O)Nc1nc(C)c(-c2cnc3ccccn23)s1,0.779980923,2.484289969,0.07,0.01,272.333,2.72462
COc1ccc(NC(=O)Nc2ccc(-c3cccc4cnccc34)cc2)cc1OC,0.460596263,1.962844325,0.48,0.21,399.45,5.563
COc1ccc(-n2c(C(=O)O)c(C(=O)O)c3ccccc32)cc1,0.772817029,2.04248136,0.04,0.01,311.293,3.0355
CCN(CC)CCOc1ccc(Nc2nccc(Nc3ccc(N4CCCC4)cc3)n2)cc1,0.415081551,2.303331291,0.48,0.42,446.599,5.2846
CC(=O)Nc1cc(Nc2cc(Nc3cccc(C(=O)O)c3)ccn2)cc(OC)c1OC,0.425177992,2.341335534,0.2,0.5,422.441,4.2426
O=C(Nc1ccccc1-c1ccccc1)N1CCNCC1,0.888753023,1.808864216,0.11,0,281.359,2.7907
CC(C)C(CO)Nc1nc(Nc2ccc(N3CCOCC3)cc2)ccc1C(=O)Nc1ccccc1,0.365343264,2.853390325,0.13,0.14,475.593,4.3429
O=C(NCC1CCCCC1)c1ccc2cc(Oc3ccc(C(F)(F)F)cn3)ccc2n1,0.560863665,2.381005346,0.03,0.06,429.442,5.751
CC(=O)NC(C)c1ccc(OC2CCN(c3ccnc(N4CCCC4)n3)C2)cc1,0.810989978,3.095127868,0.09,0.09,395.507,2.9316
CN(C)CCOc1ccc(Nc2cc(Nc3ccccc3)c3ncn(C(C)C)c3n2)cc1,0.368552182,2.470880806,0.17,0.25,430.556,5.4398
COc1ccc(CNc2nc(Nc3cc(C4CC4)[nH]n3)cc(N3CCOCC3)n2)cc1,0.509555291,2.588285107,0.23,0.1,421.505,3.278
O=C1c2ccccc2C(=O)N1c1ccccc1,0.696344833,1.488752296,0,0,223.231,2.4872
COc1ccc(-n2c(CCc3ccccc3)nnc2C(=O)Nc2ccc(C(=O)O)cc2)cc1,0.427049902,2.221782584,0,0,442.475,4.0116
COc1ccc(CNC(=O)c2ccc(Nc3ncc(C#N)c(Nc4ccccc4C(=O)O)n3)cc2)cc1,0.264206503,2.319528585,0.52,0.24,494.511,4.47228
COc1ccc(-c2nc(-c3ccccc3)n(-c3ccc(C4CC4)cc3)c2N=C(O)c2cnn3cccnc23)cc1,0.183116307,2.877411293,0.1,0.07,526.6,6.7713
Cc1cc(N(C)C)ccc1Nc1nc(Nc2ccc(N3CCN(C)CC3)cc2)ncc1Cl,0.560673021,2.387801303,0.58,0.63,452.006,4.74342
O=C(NCCN1CCOCC1)c1ccc2ccccc2c1O,0.900315016,1.938671674,0,0.03,300.358,1.6074
COc1ccc(CC(=O)Nc2n[nH]c3ccc(-c4ccccc4)cc23)cc1OC,0.513190626,2.065069867,0.68,0.04,387.439,4.4283
O=C(Nc1ccc(Cl)cc1)c1ccc(-c2noc(C(F)(F)F)n2)cc1,0.730613218,2.007206621,0.08,0.02,367.714,4.6611
Cc1cccc(-c2cnc(Nc3ccc(N4CCOCC4)cc3)o2)c1,0.773062426,2.189379719,0.27,0.34,335.407,4.23022
CCC(=O)Nc1ccc(-c2n[nH]c(-c3ccc(F)cc3)n2)cc1,0.772809494,1.968798514,0.21,0.04,310.332,3.6263
Cc1cc(-c2ccc(Nc3ccncc3)cc2)nc(N2CCOCC2)c1,0.772769641,2.1867188,0.43,0.21,346.434,4.03222
COc1ccc(Nc2ncc(C(=O)Nc3ccccc3N)cc2NC(=O)c2ccc(C)cn2)cc1,0.290986115,2.32795037,0.17,0.16,468.517,4.62402
COc1ccc(-c2nc(-c3cccc4ccccc34)[nH]n2)cc1,0.613512575,1.925132533,0.27,0.03,301.349,4.3005
CC(C)(C)c1ccc(Nc2ncc(-c3ccc4ccccc4c3)n2-c2ccccc2)cc1,0.324081673,2.236146358,0.33,0.39,417.556,7.7336
COc1ccc(C(=O)Nc2ccc(Cl)c(C(=O)Nc3ccccc3N)c2)cc1,0.556688966,1.758307642,0.04,0.02,395.846,4.4354
COc1cc(C(=O)O)ccc1-c1ccc(F)c2c1CN(C(=O)CC(C)c1ccc(Cl)cc1)CC2,0.4734418,2.905714933,0.01,0.01,481.951,5.9314
CC(C)C(NC(=O)c1ccc(-c2ccccc2)cc1)C(=O)NC1CC(=O)OC1O,0.646714391,3.100929183,0.02,0.05,396.443,1.8581
Cn1cnc(S(=O)(=O)NCc2ccc3c(c2)C(=O)c2ccccc2-3)c1,0.609219183,2.365129893,0.08,0,353.403,2.11
Cc1ccc(-n2nc(C(C)(C)C)cc2NC(=O)Nc2ccc(Oc3ccnc(Nc4cccc(N5CCOCC5)c4)n3)cc2)cc1,0.166016674,2.787891298,0.45,0.21,618.742,7.28472
COc1cc(Nc2ncc(C(=O)Nc3ccccc3F)cc2-c2nc3ccccc3[nH]2)ccc1O,0.245308245,2.404316652,0.25,0.2,469.476,5.4741
C=CCN(C(=O)Cc1ccc(F)cc1)C1CN(C(=O)C2CCN(c3ccc(C#N)c(Cl)c3)CC2)CC1,0.518985872,3.096895475,0.05,0.05,509.025,4.42538
Cc1ccc(C(=O)Nc2cc(-c3cccc(N4CCOCC4)c3)nn2C)cc1,0.75731622,2.125711818,0.05,0.04,376.46,3.48442
N#Cc1ccc(-c2ncccn2)cc1Nc1ncnc(NCCOc2cccc3[nH]c(-c4ccccc4)nc23)c1,0.206451395,2.840924605,0.4,0.26,525.576,5.58308
COc1ccc(-c2ccc3cc(Nc4ccccc4)ccc3n2)cc1OC,0.500767012,1.852976984,0.16,0.23,356.425,5.6626
COc1ccc(C(=O)Nc2cccc(C(c3ccc(C(=O)O)cc3)C3CCCCC3)c2)cc1,0.445582267,2.532988003,0.05,0.04,443.543,6.3579
COc1ccc(-c2ccc3c(c2)Nc2ccccc2NC3=O)cc1,0.722008455,2.006317419,0.79,0.06,316.36,4.6715
Cc1cc(C(=O)Nc2ccc(-c3ccccc3S(N)(=O)=O)cc2)n(-c2cccc(C(=N)N)c2)n1,0.249466513,2.366679068,0.07,0.01,474.546,3.03149
CNc1nc(Nc2cc(OC)c(C(=O)Nc3ccccc3)cc2)ncc1C(=O)O,0.482086714,2.154391188,0.59,0.24,393.403,3.221
COc1ccc(CNc2nc(Nc3ccccc3)ccc2O)cc1,0.636225566,1.937399178,0.13,0.07,321.38,4.1515
COc1cccc(Nc2nc(Nc3cc(C4CC4)[nH]n3)cc(N3CCOCC3)n2)c1,0.54788938,2.598385571,0.41,0.2,407.478,3.4095
COc1ccc(-c2nc(Nc3ccccc3)nc(N)n2)cc1,0.768943692,1.845301001,0.17,0.12,293.33,2.873
COc1ccc(-c2ccc(C(=O)Nc3cccc(C(=O)O)c3)cc2)cc1OC,0.668184258,1.698283689,0.03,0.03,377.396,4.3213
Cc1ccc(C(=O)Nc2ccc(CN3CCN(C)CC3)c(NC(=O)C3CCC(C(N)=O)CC3)c2)cc1,0.551256259,2.306408241,0.01,0.04,491.636,3.22492
CCNC(=O)C1OC(n2cnc3c(N)nc(NCCc4ccc(Cl)cc4)nc32)C(O)C1O,0.336560562,3.688718671,0.25,0.06,461.91,0.4718
CCCCNC(=O)c1ccc(-c2ccc3ncnc(Nc4cccc(OC)c4)c3c2)cc1,0.359851573,2.080269931,0.4,0.19,426.52,5.5789
CCOc1ccc(-c2nc(-c3cccc4ccccc34)[nH]c2-c2ccccc2)cc1,0.352038272,2.029784318,0.34,0.07,390.486,6.9626
COc1ccc(C(=O)Nc2cccc(CNc3ncnc4c(N)nc(NCCN5CCOCC5)nc34)c2)cc1,0.239774266,2.619344059,0.4,0.09,529.605,2.6191
CCCN(CCC)C(=O)c1ccc(C(=O)Nc2ccc(-c3ccccc3)cc2)nc1,0.559717746,2.001552745,0.09,0.04,401.51,5.2631
CC(=O)Nc1ccc(-c2nc(-c3cccc4c3ccn4C)cn3nc(Nc4ccccc4)nc23)cc1,0.337654828,2.605563703,0.17,0.14,473.54,5.652
O=C(Nc1ccccc1N1CCNCC1)c1csc(-c2ccccc2)n1,0.744241032,2.063991527,0.11,0.02,364.474,3.472
O=C(NCCCCCCCCCCCc1ccccc1)c1ncccc1Cl,0.415045721,1.95429753,0.01,0,386.967,6.2184
COc1cc(Cl)c(-c2nc(C(=O)Nc3cnccc3N3CCC(N)CC3)cnc2N)cc1,0.53666626,2.649239511,0.34,0.09,453.934,2.9626
Cc1cc(C)cc(-c2[nH]c3ccccc3c2C(N)=O)c1,0.730255713,2.098880631,0.28,0.02,264.328,3.55064
COc1ccc(-c2ccc(C(=O)NC(C)CC(C)C)cc2)cc1,0.851091931,2.113445488,0.03,0.01,311.425,4.5266
COc1cc(Nc2nccc(-c3cn(C)cn3)n2)cc2ccccc12,0.616314981,2.39970013,0.69,0.18,331.379,3.7825
O=C(CC1CCCCC1)Nc1nc2ccccc2nc1Nc1ccccc1C(F)(F)F,0.500379108,2.367531016,0.13,0.04,428.458,6.3011
Cc1ccc(-c2cc(F)ccc2C(=O)Nc2ccc(-c3ccc(F)c(C#N)c3)cc2)nc1,0.427956619,2.284942638,0.14,0.12,425.438,6.1262
Cn1c(Nc2c(Cl)ccc(CNC(=O)C(C)(C)C)c2Cl)nc2cc(C(=O)Nc3ccc(Cl)cc3)ccc21,0.233618744,2.582319569,0.07,0.07,558.897,7.1917
CN(C)C(=O)c1ccc(-c2cnc3ccc(Nc4ccccn4)cc3n2)cc1,0.585402906,2.173610963,0.21,0.54,369.428,4.1372
O=C1NC(=O)c2c1c(-c1ccccc1Cl)cc1[nH]c3ccccc3c21,0.49747784,2.365535852,0.81,0.2,346.773,4.5251
CC(C)C(NC(=O)C(CCCCCCC(=O)O)c1ccccc1)C(=O)Nc1ccccc1,0.384624113,2.767951172,0.01,0.01,438.568,4.9749
Cc1ccc(-n2nc(C3CCCN(C4CCCC4)CC3)cc2N=C(O)c2cnn3cccnc23)cc1,0.304670724,3.496159745,0.17,0.06,483.62,5.37182
COc1ccc(-c2ccc3c(N4CCOCC4C)nc(N4CCOCC4)nc3n2)cc1,0.636853143,2.986318355,0.05,0.02,421.501,2.7621
COc1ccc(-c2nc(Nc3ccccc3)nc(OCCCN)n2)cc1,0.602305221,2.108076858,0.25,0.21,351.41,3.0184
COc1cccc(-c2nccnc2C2=Nc3ccccc3NC2=O)c1,0.624252029,2.282563565,0.49,0.15,330.347,3.0557
Cc1cccc(C)c1C(=O)Nc1ccc(C(=O)C=Cc2ccncc2)cc1,0.525192278,2.063864423,0.06,0.02,356.425,4.84684
COc1ccc(Nc2ncc(C(=O)Nc3ccccc3)s2)cc1OC,0.694661195,1.941355082,0.15,0.14,355.419,4.1562
O=C1NC(=O)C(=Cc2ccc(-c3ccc(Cl)cc3)cc2)S1,0.838937599,2.013269774,0.6,0.19,315.781,4.3309
COc1ccc(-c2nc(-c3ccc(O)cc3)c(-c3ccncc3)[nH]2)cc1,0.571391868,2.111365319,0.73,0.23,343.386,4.5199
CC(=O)c1ccc(Nc2nccc(Nc3ccccc3)n2)CC1,0.878588373,2.750677546,0.5,0.36,306.369,3.8252
COc1ccc(-c2nc(C(=O)Nc3ccc(CN4CCOCC4)c4ccccc34)n[nH]2)cc1,0.471950321,2.432714321,0.12,0.04,443.507,3.718
CC(C)(C)c1cc(NC(=O)Nc2ccc(Cl)cc2Cl)n(-c2ccccc2)n1,0.553513397,2.09991427,0.13,0.06,403.313,6.1206
CC(=O)Nc1cc(Nc2ccc(NC(=O)CCCCC(=O)O)cc2)ncn1,0.498022466,2.146606124,0.2,0.19,371.397,2.7621
Cc1ccc(-c2cccc3c2OC(=O)C=CC(c2cccc(C#N)c2)N3C)cc1,0.453650931,3.152256408,0.06,0.06,380.447,5.1864
CN(C)CC(=O)Nc1ccc2ncnc(Nc3cccc(Cl)c3)c2c1,0.732330756,2.090993598,0.57,0.22,355.829,3.5269
O=C(NCc1ccc(Cl)cc1Cl)c1ccc(-n2ncc3cncnc32)cc1,0.563041771,2.239218861,0.08,0.05,398.253,4.0523
COc1ccc(-c2ccc(C(=O)Nc3ccc4c(c3)CNCC4=O)cc2)cn1,0.733505605,2.312969938,0.35,0.15,373.412,3.2954
COc1ccc(-c2ccc3c(N4CCOCC4C)nc(Nc4ccccc4)nc3n2)cc1,0.496173632,2.846133062,0.18,0.17,427.508,4.6691
OC(CNCCCc1ccccc1)C(=O)Nc1ccc(-c2ccccc2)cc1,0.49832333,2.355301047,0.08,0.01,374.484,3.8754
COc1ccc(C(CNC(=O)CCCCCCCCCC(=O)O)c2ccc(C)c(C)c2)cc1,0.316913162,2.619169426,0.01,0.01,453.623,6.15564
Cc1ccc(C(=O)Nc2cccc(C(C)Nc3nccc(N4C(=O)OCC4C(C)O)n3)c2)cc1,0.488258533,3.500692523,0.08,0.06,461.522,3.91642
CCCn1c(=O)c2nc(-c3ccc(OC)c(OC)c3)[nH]c2n(CCC)c1=O,0.687565195,2.491597962,0.07,0,372.425,2.3905
Cc1cccc(-c2nccnc2Nc2ccc(OC(C)C)c(F)c2)c1,0.701612317,2.220488289,0.14,0.25,337.398,5.12192
O=C1C(=O)N(Cc2ccc3ccccc3c2)C(=O)C1=Cc1ccc(-c2ccccc2)cc1,0.202583919,2.151775638,0.03,0.09,417.464,5.0283
O=C(Nc1ccc(C(=O)Nc2cccc3cnccc23)cc1)c1ccccc1,0.547237886,1.757105668,0.13,0.13,367.408,4.7394
COc1ccc(-c2ccc3c(N4CCOCC4C)nc(N4CCOCC4)nc3n2)cc1CO,0.626868444,3.170854212,0.06,0.03,451.527,2.2544
CN(C)CCNc1cc(Nc2ccccc2)nc(N)n1,0.743613958,2.168889075,0.19,0.1,272.356,1.7759
O=C(Nc1ccc(Cl)cc1C(=O)Nc1ccc(Cl)cn1)c1ccccc1Cl,0.581371175,1.919647622,0.01,0.03,420.683,5.5464
COc1ccc(C(=O)Nc2ccc(C(=O)O)cc2NC(=O)c2ccc(OC)cc2)cc1,0.534076359,1.794807152,0,0,420.421,3.9066
COc1ccc(-c2nn(C(C)C)c3ncnc(N)c23)cc1OC,0.796396517,2.339074629,0.5,0.2,313.361,2.6736
CCc1cc(-c2ccccc2)no1,0.697455451,1.821556754,0.01,0.03,173.215,2.904
COc1cccc(-c2nc(Nc3ccc(N4CCOCC4)cc3)ncc2NC(=O)Cc2ccccc2)c1,0.358930292,2.33917295,0.45,0.49,495.583,4.9136
CN(C)C(=O)c1ccc(-c2noc(C(F)(F)F)n2)cc1,0.85006324,2.185959385,0.07,0.02,285.225,2.4572
CC(=O)Nc1ccc(-c2ccc3ccccc3c2)cc1,0.724381643,1.495852665,0.06,0.1,261.324,4.4652
Cc1cccc(-c2ncccn2)c1C(=O)Nc1ccc(N2C(=O)OCC2=O)c(Cl)c1,0.684974958,2.604635481,0.08,0.06,422.828,3.84092
CC(C)(C)c1ccc(C(=O)Nc2ccc3c(c2)-c2c(c(C(N)=O)nn2-c2ccc(N)cc2)CC3)cc1,0.362185955,2.500712936,0.14,0.01,479.584,4.8688
CNC(=O)c1cc(-c2ccc(F)cc2)c(-c2cncc(C(F)(F)F)c2)[nH]1,0.683355093,2.525217951,0.32,0.11,363.314,4.2612
COc1ccc(C(=O)Nc2cccc(C(F)(F)F)c2)cc1Nc1ncnc2cnc(N3CCCCC3)nc12,0.344644072,2.574383814,0.25,0.19,523.519,5.4334
COc1ccc(-c2nc(-c3cccc4ccccc34)[nH]n2)cc1,0.613512575,1.925132533,0.27,0.03,301.349,4.3005
CCN(CC)CCOc1cccc(-c2nc(N)c3ncn(C4CCCCC4)c3n2)c1,0.598299653,2.474763688,0.36,0.03,408.55,4.3013
COc1ccc(-n2nc(C(F)(F)F)c3c(C)nnc(Nc4ccccc4)c32)cc1,0.529100719,2.511821207,0.1,0.08,399.376,4.89492
COc1ccccc1Nc1nc(Nc2cccc(Nc3ccccc3)c2)C(=O)Nc2nc3ccccc3nc2n1,0.222326872,2.979515365,0.41,0.19,528.576,5.9443
Cc1cc(C(=O)O)nc(Nc2ccc(Nc3ccccc3)cc2)n1,0.659138894,1.957941165,0.11,0.09,320.352,3.97042
COc1ccc(-c2n[nH]c(-c3ccncc3)n2)cc1,0.777634022,1.998358009,0.52,0.08,252.277,2.5423
CN1CCN(c2ccc(C(=O)Nc3cc(-c4ccccc4)sc3-c3ccccc3)cc2)CC1,0.397381353,2.163576493,0.02,0.06,453.611,6.0862
Cc1cccc(-c2nc(-c3ccc4c(c3)CCC4CC(=O)O)no2)c1,0.772964321,2.706242769,0.02,0.01,334.375,4.21652
COc1ccc(-n2nc(C(N)=O)c3[nH]cc(-c4ccccc4)c32)cc1OC,0.570077299,2.424010078,0.23,0.04,362.389,3.1367
COc1ccc(-c2nc(-c3cccc4ccccc34)[nH]c2-c2ccc3ccccc3c2)cc1,0.313173981,2.146494264,0.38,0.15,426.519,7.7257
CC(=O)NC(C)c1ccc(OC2CCN(c3ccnc(N(C)CC(C)C)n3)C2)cc1,0.717712955,3.308503462,0.13,0.12,411.55,3.4236
CC(C)C(CO)Nc1cc(NC(=O)c2ccc(C#N)cn2)cc(N2CCCC2)c1,0.667564328,2.97260364,0.17,0.06,393.491,3.23458
CC(=O)Nc1ccc(-c2ccnc3[nH]nc(N)c23)cc1,0.662480928,2.254774095,0.71,0.21,267.292,2.1655
Cc1cccc(Nc2ccc(Nc3cc(Nc4ccccc4)ccc3F)nc2)c1,0.343657869,2.074608994,0.16,0.38,384.458,6.75992
COc1ccc(-c2nc(N)nc(N)c2-c2ccc(NC(C)=O)cc2)cc1,0.666670404,2.069679437,0.27,0.07,349.394,2.942
O=C(O)c1cccc(-c2cncc(-c3cccc4c3OCC4)n2)c1,0.800596855,2.332123353,0.24,0.06,318.332,3.4437
O=C(Nc1nc(Br)cs1)c1ccc(Br)cc1O,0.83946163,2.345771983,0.01,0.01,378.045,3.626
Cc1ccc(NC(=O)c2ccc(C(C)(C)C)o2)cc1Nc1ncnc2cnc(NCc3ccccc3)nc21,0.237362157,2.712026016,0.4,0.12,507.598,6.22672
Cc1cc(Nc2cc(N3CCOCC3)nc(Nc3ccccc3)n2)[nH]n1,0.650913955,2.64549942,0.35,0.06,351.414,2.83192
COc1ccc(Nc2nccc(Nc3ccccc3C(=O)O)n2)cc1,0.631706241,1.968555082,0.77,0.41,336.351,3.6706
COc1ccc(CNC(=O)c2ccc(-c3nnc(C(C)(C)C)o3)cc2)cc1OC,0.679320244,2.112442699,0.07,0,395.459,3.9813
Cc1cc(-c2n[nH]c3ccc(C(O)=NC4CCCC(CO)(Cc5ccccc5)C4)cc23)ccn1,0.268453419,3.710283249,0.31,0.2,454.574,5.40192
O=C(Nc1cccc(C(=O)Nc2ccc(Cl)cc2C(=O)Nc2ccc(Cl)cn2)c1)C1CC1,0.459723578,2.078229435,0.04,0.08,469.328,5.2415
COc1ccc(-c2nc(Nc3ccccc3F)nc(Nc3ccccc3)n2)cc1,0.47533575,2.00734275,0.2,0.2,387.418,5.1735
CN(C)CCOc1ccc(Nc2nccc(Nc3ccccc3)n2)cc1,0.642959765,2.024116332,0.63,0.35,349.438,3.9042
COc1ccc(-c2nc(-c3ccncc3)c(-c3ccc4c(c3)OCO4)o2)cc1,0.512208619,2.260370659,0.37,0.09,372.38,4.8079
COc1ccc(-c2nc(Nc3ccccc3)nc(N)n2)cc1,0.768943692,1.845301001,0.17,0.12,293.33,2.873
CCC(C)C(NC(=O)Cn1c(C)ccc(NC(=O)c2ccccc2C(F)(F)F)c1=O)c1ccccc1,0.439664352,3.181176749,0.01,0,499.533,5.33142
COc1ccc(-c2nc(C(=O)Nc3cnccc3N3CCCCC3)no2)cc1,0.726129859,2.310700228,0.21,0.07,379.42,3.3828
COc1ccc(-c2c(-c3ccc(N4CCOCC4)nc3)ccn2C(=O)C2CC2)cc1,0.64165234,2.524565279,0.13,0.09,403.482,4.1125
COc1ccc(-c2c(-c3ccccc3)nc3ncnc(Nc4ccc(N5CCOCC5)cc4)c3n2)cc1,0.341324406,2.431617784,0.29,0.29,490.567,5.3426
COc1ccc(NC(=O)Nc2ccc(Cl)cc2C(=O)Nc2ccc(Cl)cn2)cc1,0.511767979,1.968933777,0.09,0.06,431.279,5.2933
COc1cc(Nc2cc(NC3CCCCC3N)c3ccccc3n2)ccc1C(=O)Nc1ccc(C#N)cc1,0.249842092,3.215772529,0.15,0.09,506.61,5.79278
COc1cc(-c2cccc3ccccc23)ccc1Oc1ccc(C(=O)NC(C)C)cn1,0.432089085,2.092533954,0.09,0.1,412.489,5.8409
COc1ccc2c(c1)C(=O)c1ccc(-c3cnc(N)cn3)cc1O2,0.571092214,2.350357219,0.36,0.06,319.32,2.994
CC1CN(c2nc(-c3ccccc3)nc3sccc23)CC1,0.709089371,2.610341232,0.05,0,295.411,4.2045
CNC(=O)C(Cc1ccccc1)NC(=O)C(Cc1ccc(O)cc1)NC(=O)c1ccc(N2CCCCC2)cc1,0.32310808,2.936479497,0.01,0,528.653,3.1971
Cc1ccc(C(=O)Nc2cc(N(C)CCN(C)C)cc(C(F)(F)F)c2)cc1Nc1ncnc2cnc(NCc3ccccc3)nc12,0.153889385,2.943425008,0.33,0.16,629.691,6.35282
CS(=O)(=O)c1ccc(-c2nc(-c3cccc4ccccc34)oc2N)cc1,0.59009888,2.235707868,0.17,0.01,364.426,4.1475
COc1ccc(CNC(=O)c2ccc(-c3ccccc3)cc2)cc1OCCNC(=O)CN,0.426837518,1.975090672,0.07,0.02,433.508,2.7459
COc1cc(Nc2nccc(-c3cnn4ncccc34)n2)cc(OC)c1,0.593174663,2.552751554,1,0.3,348.366,2.9471
COc1cccc(-c2ccc3c(cnc4ccc(OC)c(OC)c43)c2)c1,0.483637324,2.106297797,0.29,0.21,345.398,5.0808
O=C1NC(=O)C(=Cc2ccc(OCCC3CCCCC3)c(Cl)c2)S1,0.744696061,2.381067587,0.22,0.19,365.882,5.0131
O=C(Nc1cccc(-c2cnc3[nH]cc(-c4cccc(CN5CCOCC5)c4)c3c2)c1)c1ccccc1,0.308434204,2.343095546,0.53,0.17,488.591,5.9814
COc1ccc(-c2ccc(-c3ccc(C4(N)CCC4)cc3)cc2)cc1,0.69842523,1.894387775,0.02,0.02,329.443,5.3671
CCCCCCCCCCCCC(=O)c1nnc(-c2ccco2)o1,0.341095299,2.365923793,0.03,0,332.444,5.8233
O=C1NC(=O)c2c1c1c3ccccc3[nH]c1c1[nH]c3ccccc3c21,0.378291686,2.491998971,0.88,0.38,325.327,3.8392
CNc1cc(Nc2cc(-c3ccc(Cl)cc3)n(-c3ccccc3)n2)ccn1,0.491829836,2.288110772,0.23,0.41,375.863,5.373
COc1ccc(-n2nc(C(N)=O)c3c2N(c2ccc(NC(=O)c4c(F)cccc4F)cc2)CC3)cc1,0.42263829,2.536676566,0.07,0.03,489.482,4.2045
Cc1ccc(-c2nc(-c3cccc4c(N)cccc43)[nH]n2)cc1,0.54557411,2.123682368,0.24,0.01,300.365,4.18252
COc1ccc(CNc2nc(NCc3ccccc3)ccc2OC)cc1,0.634104534,1.923975846,0.08,0.02,349.434,4.323
COc1ccc(-c2ccc(F)cc2)cc1-n1cnc2ccccc21,0.540261516,1.931720277,0.13,0.08,318.351,4.8402
COc1ccc(-c2ccc3c(N4CCOCC4C)nc(N4CCOCC4C)nc3n2)cc1,0.618933374,3.412299361,0.03,0.01,435.528,3.1506
COc1ccc(-c2ccccc2)cc1N1CCNCC1,0.926110473,1.806190372,0.1,0.03,268.36,2.7718
O=C1NC(=O)C(=Cc2ccc(-c3ccc(Cl)cc3)o2)S1,0.854211213,2.266876119,0.45,0.24,305.742,3.9239
Cc1ccc(Nc2nccc(Nc3ccccc3NS(C)(=O)=O)n2)cc1,0.613792668,2.142865664,0.56,0.37,369.45,3.64372
COc1cc(Nc2ncc(-c3ccccc3)o2)ccc1OCCOc1cccc(C(=N)N)c1,0.18212487,2.366107392,0.36,0.23,444.491,4.83567
COc1ccc(NC(=O)Nc2ccc(Cl)c(-c3cnc(N)cn3)c2)cc1,0.643892679,2.123926371,0.31,0.11,369.812,4.0318
COc1ccc(C=NNc2nc(NC(=O)c3ccccc3)sc2N)cc1,0.45755365,2.308477489,0.08,0.03,367.434,3.4322
Cc1cccc(C(=O)Nc2ccc(F)c(C(F)(F)F)c2)c1C(=O)Nc1cnn(C)c1,0.614979394,2.380074783,0.01,0.04,420.366,4.39102
COc1ccc(-c2ccc3c(N4CCOCC4C)nc(N4CCOCC4C)nc3n2)cc1,0.618933374,3.412299361,0.03,0.01,435.528,3.1506
COc1ccc(Nc2ncc(-c3cnc4ccccc4c3)n2-c2ccccc2)cc1,0.408205951,2.21678985,0.18,0.38,392.462,5.8397
CC(=O)Nc1ccc(Nc2ncc(C(=O)c3ccccc3Cl)s2)cc1,0.635871573,2.085090456,0.15,0.21,371.849,4.7295
COc1ccc(C2=NNC(=O)C2=NNc2ccc(C(=O)O)cc2)cc1,0.71833647,2.435860337,0.72,0.04,338.323,1.6954
COc1cc2nccc(-c3cncc(Nc4cccc(C(F)(F)F)c4)n3)c2cc1OC,0.456359546,2.448148284,0.37,0.25,426.398,5.4714
CCN(CC)CCOc1ccc(Nc2ncc(C(N)=O)c(Nc3ccc(C(O)=Nc4cc(C)ccc4F)cc3)n2)cc1,0.115533523,2.807463627,0.48,0.22,571.657,5.86712
CC(C)c1ccc(-c2cnc(N)c3cc(-c4ccccc4)oc23)cc1,0.511650916,2.253862775,0.38,0.07,328.415,5.8674
Cc1ccc(C(=O)Nc2ccc(C(=O)Nc3ccccc3N)cc2)cc1,0.622946491,1.600208699,0.01,0.03,345.402,4.08182
COc1ccc(-c2nn(C(C)C)c3ncnc(N)c23)cc1,0.799076033,2.262234494,0.62,0.2,283.335,2.665
Cc1cccc(Nc2nccc(Nc3ccccc3)n2)c1,0.746728862,1.841052057,0.8,0.36,276.343,4.27222
Cc1cccc(-c2nc(N)c3ccccc3n2)c1,0.704351446,1.773467793,0.09,0.01,235.29,3.18742
O=C(c1ccccc1)c1ccc(CNc2ccccc2)cc1,0.698487109,1.476134481,0,0,287.362,4.5297
CC(C)(C)C(=O)CN1C(=O)C(NC(=O)c2cc3ccccc3[nH]2)CC1=O,0.814544074,2.929161596,0.03,0.06,355.394,1.6404
Cc1cc(C(=O)Nc2ccc(-c3ccccc3)c(C(=O)Nc3ccc(C(F)(F)F)cc3)c2)ccc1OCC(=O)O,0.228771965,2.237322399,0.05,0.04,548.517,6.64882
COc1cccc(-c2nc(Nc3ccccc3)nc(NCCCSC)n2)c1,0.53036887,2.214852349,0.21,0.06,381.505,4.4558
CCOc1ccc(S(=O)(=O)N2CCN(C(C)=O)CC2)cc1Nc1nccc(-c2cnc3ccccn23)n1,0.394036002,2.675974303,0.49,0.3,521.603,2.7864
COc1ccc(CNc2nc(NCCCCC(=O)O)nc(NCc3ccccc3)n2)cc1,0.2966271,2.214065464,0.07,0,436.516,3.7712
COc1cc(Nc2nccc(-c3cnc4ccccc4c3)n2)cc(OC)c1OC,0.52229095,2.219040746,0.75,0.57,388.427,4.4612
COc1ccc(CC(=O)O)cc1-c1ccc(F)c2c1CN(C(=O)C=Cc1ccncc1)CC2,0.57646146,2.629286381,0.09,0.02,446.478,4.1215
COc1cc(Nc2nccc(-c3cnn4ncccc34)n2)cc(OC)c1OC,0.547076762,2.580749425,0.93,0.3,378.392,2.9557
O=C1NC(=O)C(=Cc2ccc(-c3ccc(Cl)cc3)cc2)O1,0.861821372,2.21641362,0.44,0.13,299.713,3.6143
COc1ccc(-c2nc(Nc3ccccc3)ncc2F)cc1,0.788955429,1.839174078,0.55,0.55,295.317,4.0349
CC(C)c1ccc(C(C)C)c(Nc2nccc(-c3cnc4[nH]ccc4c3)n2)c1,0.450679614,2.646859852,0.56,0.39,371.488,6.0103
COc1ccc(Cl)cc1Nc1nccc(-n2ccc3cnccc32)n1,0.595976864,2.407338275,0.48,0.31,351.797,4.2211
CC(C)(C)c1ccc(NC(=O)Nc2ccc(-c3cccc4ccccc34)cc2)cc1,0.3721406,1.831248272,0.16,0.08,394.518,7.4483
COc1ccc(-c2nc(-c3cccc4c3OCCC4)no2)cc1,0.737498265,2.187399049,0.02,0.01,308.337,3.7372
CC(=O)Nc1nc(C(=O)Nc2ccc(F)c(C(F)(F)F)c2)sc1C(=O)Nc1ccccc1,0.47209892,2.487989015,0.16,0.03,466.416,4.764
Cc1ccccc1Nc1nccc(-c2c[nH]c3ncccc23)n1,0.598317651,2.211770316,0.88,0.31,301.353,4.07192
CCc1ccc(-c2ccc(N3CCC(N4CCCCC4)C3=O)cc2)cc1,0.811652297,2.528777297,0.04,0.04,348.49,4.5072
COc1ccc(CNC(=O)Cc2ccc(-c3ccc(N)cc3)cc2)cc1OC,0.615124309,1.816459275,0.06,0.01,376.456,3.8119
COc1ccc(Nc2ncc(-c3cnc(Nc4ccccc4)[nH]3)cc2OC)cc1,0.414906254,2.330567365,0.51,0.36,387.443,4.9761
COc1ccc(C(=O)Nc2cccc(C(=O)Nc3ccc4c(c3)CN(C)CC4)c2)cc1,0.655659254,1.962590134,0.02,0.01,415.493,4.1877
CC(C)(C)c1ccc(C(=O)Nc2cccc(C(=O)Nc3ccc4c(c3)CNCC4)c2)cc1,0.540284627,2.141679071,0.01,0.01,427.548,5.1344
CN(C)C(=O)c1ccc(-c2noc(C(F)(F)F)n2)cc1,0.85006324,2.185959385,0.07,0.02,285.225,2.4572
COc1ccc(Nc2ncc(C(=O)Nc3c(C)cccc3Cl)s2)cc1,0.651927606,2.07301505,0.1,0.27,373.865,5.10942
c1ccc(-c2nnc(Nc3ccccc3)o2)cc1,0.757244078,1.733979529,0.93,0.09,237.262,3.4802
Cc1c(CC(=O)O)cc2ccc(Cl)cc2c1-c1ccc(-c2ccccc2)cc1,0.420197364,2.093389275,0.04,0.02,386.878,6.76272
COc1ccc(-c2ccc3c(N4CCOCC4C)nc(N4CCOCC4C)nc3n2)cc1,0.618933374,3.412299361,0.03,0.01,435.528,3.1506
O=C(NC1CCC(CCN2CCC(c3coc4ccccc34)CC2)CC1)c1ccc2ccccc2c1,0.318838736,2.452861207,0.04,0.01,480.652,7.1443
COc1ccc(-c2nnc(Nc3ccc(N4CCOCC4)cc3)o2)cc1,0.754904188,2.088445274,0.48,0.15,352.394,3.3254
O=C1NCc2cc(-c3cccc(Cl)c3)ccc2N1,0.805569234,2.203042053,0.21,0.08,258.708,3.6421
COc1ccc(-c2nc(Nc3cccc(C#N)c3)c3n2CC(C)OCC3)cc1,0.74316933,3.131431983,0.16,0.1,374.444,4.13518
CC(=O)c1ccc(-c2nc(C(=O)Nc3cnccc3N3CCC(N)CC3)cn2-c2ccccc2)cc1,0.398350088,2.575457701,0.27,0.09,480.572,4.3167
O=C(Nc1ccc(Cl)cc1Cl)c1cncc(-c2cnc3ccccn23)c1,0.544354506,2.282212259,0.13,0.07,383.238,4.9554
O=C(NC1CCCCCC1)c1ccc(-c2noc(C(F)(F)F)n2)cc1,0.839620717,2.173384064,0.05,0.03,353.344,4.208
CC(C)(C)c1ccc(Nc2nc(NCc3ccccc3)ncc2-c2ncccc2Cl)cc1,0.341041235,2.369895689,0.44,0.29,443.982,6.8452
Cc1ccc(-c2nc(-c3ccc(S(C)(=O)=O)cc3)cs2)cc1,0.723684582,1.840276955,0.01,0,329.446,4.18902
COc1cccc(NC(=O)Nc2ccc(-c3cccc4c3OCCO4)cc2)c1,0.687712319,2.018691597,0.2,0.07,376.412,4.7774
O=C1NC(=S)C(=Cc2ccc(-c3ccccc3)c(Cl)c2)S1,0.610529808,2.330081313,0.21,0.2,331.849,5.1317
O=C(NC1CCC(CCN2CCN(c3cccc4c3OCO4)CC2)CC1)c1ccc(Cl)c(Cl)c1,0.584702782,2.449224449,0.04,0.04,504.458,5.223
CN(C)c1ccc(C=CC=Cc2ccc(Br)cc2)cc1,0.693729167,2.10544454,0,0,328.253,5.2417
Cc1ccc(-c2noc(C(C)C)n2)cc1Nc1nccc(-c2cnc3ccccn23)n1,0.433970968,2.671625242,0.46,0.39,411.469,5.01672
CN(C)CCOc1ccc(-c2nc(-c3cccc4c3CCC4N3CCCC3)no2)cc1Cl,0.497882012,3.012517915,0.06,0.05,452.986,5.0805
Cc1ccc(-c2ccc(-c3ccccc3)cc2)nn1,0.67941373,1.642346196,0.06,0,246.313,4.11902
CN(Cc1ccccc1)C(=O)C(=O)c1ccc(-c2ccccc2)cc1,0.519665123,1.772316621,0.03,0.01,329.399,4.1949
COc1ccc(-n2nc(C(N)=O)c3c2-c2cc(NC(=O)c4ccccc4Cl)ccc2CC3)cc1,0.441247516,2.33600409,0.08,0.04,472.932,4.6511
CC(O)C(=O)C=Cc1ccc2ccccc2c1,0.816995393,2.516037922,0.02,0.04,226.275,2.8029
Cc1c(C(=O)Nc2ccc(-c3ccccc3S(N)(=O)=O)cc2)n(-c2ccccc2)nn1,0.500951809,2.232385871,0.03,0.03,433.493,3.14242
Cc1ccc(-c2nc(-c3cccc4c3ncn4CCC(=O)O)no2)cc1,0.592737879,2.325052259,0.08,0.03,348.362,3.53642
Cc1cccc(C(=O)Nc2ccc(-c3cccc4cnncc34)cc2)c1,0.579908622,2.024396898,0.3,0.16,339.398,4.85752
CN1CCN(c2ccc(-c3nc4ccc(NC(=O)CCCCCCCC(=O)NO)cc4[nH]3)cc2)CC1,0.18163613,2.429713618,0.21,0.06,492.624,4.1563
Cc1cc(O)cc(-c2cccc3cc(-c4ccc(C(N)=O)cc4)[nH]c23)c1,0.507970519,2.304304334,0.36,0.07,342.398,4.61482
CNC(=O)c1ccc(-c2nc(Nc3cccc4ccccc34)n[nH]2)cc1,0.527189012,2.104728275,0.28,0.12,343.39,3.7281
Cc1ccc(-c2nc(-c3ccc(C)c(C)c3)c3n2CC(C)OCC3)cc1,0.645064294,2.961961459,0.06,0.02,346.474,5.10356
COc1cc(Nc2nccc(Nc3ccccc3Cl)n2)ccc1OC,0.670533509,2.00634739,0.75,0.5,356.813,4.6344
COc1ccc(CNC(=O)c2cc(-c3ccc(F)c(Cl)c3)n(-c3ccccc3)n2)cc1,0.448544382,2.071708717,0.05,0.02,435.886,5.2704
CC(C)(C)c1cc(NC(=O)c2ccc(-c3ccc(N4CCOCC4)cc3)cc2)no1,0.679760441,2.217378863,0.03,0.05,405.498,4.728
COc1cc(Nc2nccc(-c3cnn(C4CCCCC4)c3)n2)ccc1OC,0.674296474,2.354957263,0.67,0.5,379.464,4.6061
COc1ccc(CCNC(=O)Nc2ccc3[nH]nc(-c4ccc(N5CCOCC5)cc4)c3c2)cc1,0.370727922,2.296581277,0.37,0.1,471.561,4.4393
COc1ccc(-n2nc(C(C)(C)C)cc2NC(=O)Nc2ccc(Oc3cccc4ccccc34)cc2)cc1,0.246608021,2.290552904,0.37,0.05,506.606,7.7679
COc1ccc(C(=O)CC(=O)Nc2ccc(-c3nc(N4CCOCC4)c4ccccc4n3)cc2)cc1,0.309103708,2.266574252,0.01,0.01,482.54,4.3535
CCc1c(C)nc(N)nc1Nc1ccc(Nc2ccccc2)cc1,0.648917363,2.046095011,0.1,0.02,319.412,4.41682
CC(=O)Nc1nc2ccc(-c3cncc(Cl)c3)cc2ncn1C,0.874414049,3.074214566,0.19,0.06,327.775,3.1308
CNC(C)C(=O)NC(C(=O)N1CCCC1C(=O)O)C(=O)c1nccs1,0.436766296,3.68629222,0.05,0.03,368.415,-0.5059
CCCCCCCCCCCCCCCCCCCC(=O)OC1=C(O)C(=O)C(=O)C1=O,0.179581731,2.488714314,0.05,0,436.589,5.2955
COc1ccc(Cn2cncc2-c2cnc(C(=O)Nc3ccccc3N)cc2)cc1,0.480521556,2.285693661,0.29,0.1,399.454,3.8365
O=C(NC1CCCCC1)c1ccc2c(c1)-c1ccccc1C2=O,0.778666614,1.86423851,0,0.01,305.377,3.9605
CC(=O)Nc1ccc(-c2nc(N3CCOCC3)c3ncn(C4OC(CO)C(O)C4O)c3n2)cc1,0.397203746,3.639933374,0.08,0.16,470.486,-0.1002
COc1ccc(-c2ccc3c(c2)Nc2ccccc2NC3=O)cc1,0.722008455,2.006317419,0.79,0.06,316.36,4.6715
CC(C)C(=O)N1CC(C(=O)O)=C(c2ccc(Cl)cc2)C1c1ccc(Cl)cc1,0.774171273,2.93271843,0.03,0.01,404.293,5.0711
COc1ccc(CNC(=O)CNC(=O)c2cc(-c3cccc(C)c3)n(-c3ccc(Cl)cc3)n2)cc1OC,0.338461858,2.287012329,0.03,0.01,519.001,4.56452
Cc1ccc(-c2nc(N)c3cc(CN4CCCC4)ccc3n2)o1,0.803099073,2.255241495,0.07,0,308.385,3.37622
COc1ccc(Nc2nccc(Nc3ccccc3N)n2)cc1OC,0.591968293,2.084343544,0.7,0.45,337.383,3.5632
Cc1ccc(C(CNC(=O)CCC(=O)O)NC(=O)c2ccc(N)c(-c3ccccc3)n2)cc1,0.398992876,2.803490022,0.09,0.06,446.507,3.09132
COc1ccc(Nc2ncc(-c3ccccc3)o2)cc1,0.772112786,1.85881749,0.6,0.33,266.3,4.0938
COc1ccc(Nc2ncc3ccn(-c4cccc(C(=O)O)c4)c3n2)cc1,0.561515525,2.190824778,0.66,0.63,360.373,3.8709
CCN(CC)CCNC(=O)Cc1ccc(-c2cccc3c(Nc4ccccc4)ncnc23)cc1,0.352000505,2.30032375,0.23,0.11,453.59,5.0409
Cc1cc(-c2cccc3cc(O)c(O)cc23)cc(O)c1O,0.513628571,2.298981021,0.14,0.02,282.295,3.63762
NC(=O)c1cccc2c(Nc3ccccc3)ncnc12,0.76107819,1.912559827,0.44,0.18,264.288,2.4723
COc1ccc(C(=O)Nc2cccc(-c3ccnc4[nH]ccc34)c2)cc1OC,0.540011839,2.074060536,0.44,0.14,373.412,4.4994
O=C1NC(=O)C(=Cc2ccc(-c3ccc(C(=O)O)cc3)cc2)S1,0.845349705,2.055058826,0.45,0.23,325.345,3.3757
Cc1cccc(-c2[nH]c(CNc3cccc(C#N)c3)nc2-c2ccc3ncnn3c2)n1,0.45717904,2.845236248,0.35,0.13,406.453,3.9736
CN(C)CC1CCC(Nc2c(C(=O)C3CC3)cnc3ccc(-c4ccc(N)c(Cl)c4)nc23)CC1,0.337254186,2.809514746,0.26,0.13,478.04,5.6574
Cc1ccc(NC(=O)Nc2cccc(-c3ccnc4[nH]ccc34)c2)cc1,0.479819193,2.049316332,0.56,0.25,342.402,5.18232
COc1ccc(C(=O)Nc2cc(Nc3cccc4cnccc34)ccn2)cc1OC,0.4903133,2.180192335,0.23,0.41,400.438,4.6429
CCc1cc(-c2noc(-c3ccc(CN4CCCCC4)cc3)n2)cc(OC)c1OC,0.551103106,2.225707985,0,0,407.514,4.9691
O=C(Nc1ccccc1Nc1nccc(-c2ccnn2C2CCCCC2)n1)c1ccccc1,0.39492454,2.421511375,0.56,0.34,438.535,5.8412
COc1cc(CC(=O)O)ccc1-c1ccc(F)c2c1CN(C(=O)C=Cc1ccc(F)cc1)CC2,0.530213725,2.528769554,0.03,0,463.48,4.8656
COc1ccc(-c2ccc(S(=O)(=O)Nc3ccc(Cl)cn3)cc2)cc1,0.725855837,1.842769113,0.08,0.1,374.849,4.2114
O=C1Nc2ccc(Cl)cc2C(=O)c2c1nnc1ccccc21,0.541577911,2.340855225,0.47,0.12,309.712,2.6381
COc1cccc(-c2ccccc2N2CCN(C(=O)C3CCCCC3)CC2)c1,0.77996561,1.969988595,0.08,0.04,378.516,4.5911
O=C(O)c1cccc(-c2ccc(-c3ccccc3)cc2)n1,0.782048075,1.642055222,0.07,0.02,275.307,4.1138
CCCCCCCCCCCCCCCCCOC(=O)Nc1c(C(C)C)cccc1C(C)=O,0.165455931,2.369446008,0.01,0.02,459.715,9.4325
COc1ccc2[nH]cc(C(=O)C(C)C)c2c1,0.80282725,2.012630643,0.07,0,217.268,3.0152
COc1ccc(CNc2nc(NCCCN(C)C)nc(Nc3cccc4onc(C)c34)n2)cc1,0.282124656,2.63320935,0.1,0.02,462.558,4.04912
COc1ccc(-c2ccc3ncccc3c2)cc1,0.671476806,1.54579859,0.16,0.14,235.286,3.9104
CCC(=O)C1=C(c2ccc(-n3ccccc3=O)cc2)CC2CCC1N2C,0.849975326,4.013257372,0.02,0,348.446,3.4367
COc1ccc(-c2nc(-c3cccc4c3CCC4NS(=O)(=O)C=N)no2)cc1,0.486794401,3.157819269,0.06,0.03,398.444,2.92597
COc1cc(Nc2c(C#N)cnc3cc(OC)c(OC)cc23)c(OC)cc1C(=O)Nc1ccc(N)nc1,0.321868998,2.6184573,0.26,0.29,500.515,4.11398
O=C(Nc1ccc(Cl)cc1)c1ccc(-c2noc(C(F)(F)F)n2)cc1,0.730613218,2.007206621,0.08,0.02,367.714,4.6611
CCc1cc(Nc2cc(N3CCC(C(=O)O)CC3)nc3cccnc23)[nH]n1,0.637055954,2.849903477,0.19,0.09,366.425,2.9599
Cc1cccc(-c2nc(Nc3ccc(N4CCOCC4)cc3)oc2-c2ccc3ncnn3c2)c1,0.404496311,2.735365708,0.22,0.27,452.518,4.93992
COc1ccc(C=NNc2nc(Nc3ccccc3)cc(OC)n2)cc1,0.500165258,2.173893457,0.07,0.08,349.394,3.6834
COc1ccc(C(=O)Nc2cccc(C(F)(F)F)c2)cc1Nc1ncnc2cnc(N3CCCCC3)nc12,0.344644072,2.574383814,0.25,0.19,523.519,5.4334
CC(C)c1ccc(Nc2ncc(C(F)(F)F)c(Nc3ccccc3S(=O)(=O)C(C)C)n2)cc1,0.415321866,2.511881045,0.69,0.51,478.54,6.2881
COc1ccc(CNc2nc(N)c3ncn(C4OC(CO)C(O)C4O)c3n2)cc1,0.368141313,3.500489618,0.3,0.02,402.411,-0.3593
COc1ccc(-c2nc(-c3cccc4ccccc34)[nH]c2-c2ccncc2)cc1,0.419843625,2.136121451,0.67,0.16,377.447,5.9675
O=C(NCCNc1ncnc2sccc12)Nc1ccccc1-c1ccccc1,0.421465648,2.189660186,0.2,0.11,389.484,4.5919
CCOc1ccc(CNc2nc(Nc3ccc(N4CCN(C(C)=O)CC4)cc3OC(C)C)ncc2C(F)(F)F)cc1,0.319584854,2.694851772,0.36,0.23,572.632,5.7055
Cn1c(Nc2c(Cl)ccc(CNC(=O)C(C)(C)C)c2Cl)nc2cc(C(=O)Nc3ccc(Cl)cc3)c(OCC(F)F)cc21,0.173614679,2.963578521,0.07,0.08,638.93,7.8356
COc1ccc(CNc2nc(Nc3cc(N4CCNCC4)cc(Cl)c3F)ncc2Cl)cc1,0.455849365,2.580998364,0.53,0.24,477.371,4.6964
COc1cc(Nc2nccc(-c3cnn4ncccc34)n2)cc(OC)c1,0.593174663,2.552751554,1,0.3,348.366,2.9471
COc1ccc(Nc2ncc(C(=O)Nc3ccc(N4CCOCC4)cc3)cc2-c2nc(C)nc(N)n2)cc1,0.335874257,2.541940163,0.21,0.2,512.574,3.66532
COC(=O)c1cc(CNc2ccc(Cl)c(C(F)(F)F)c2)cc(Nc2ncnc3[nH]cnc23)c1,0.329719944,2.727483725,0.25,0.1,476.846,5.1674
COc1ccc(CNC(=O)c2cc(-c3ccc(C)c(Nc4ccccc4)n3)cnn2)cc1,0.452260618,2.305980105,0.12,0.08,425.492,4.52922
O=C1NC(=O)C(=Cc2ccc(-c3ccccc3)cc2)S1,0.854122807,1.941004124,0.58,0.23,281.336,3.6775
COc1ccc(-c2noc(-c3ccc(C(C)(C)C)cc3)n2)cc1OC,0.688828108,1.948271456,0.03,0,338.407,4.7183
COc1cc(-c2ccc3c(c2)ncn3Cc2ccccc2)ccc1OC,0.523178944,1.886064712,0.08,0.03,344.414,4.7688
CN(C)CC(=O)Nc1ccc(-c2nc3ccccc3nc2Nc2ccc3c(c2)OCCO3)cc1,0.447820341,2.366381092,0.12,0.1,455.518,4.3117
CNc1ncc(C(=O)Nc2ccc(C(=O)Nc3ccccc3Nc3ncccc3C(=O)O)cc2F)cn1,0.240547214,2.47535167,0.23,0.11,501.478,3.9988
COc1ccc(C(=O)Nc2cccc(C(F)(F)F)c2)cc1-c1ncccn1,0.735183747,2.052539727,0.05,0.05,373.334,4.4233
Cc1ccc(Nc2nccc(-c3cnc(Nc4ccccc4)[nH]3)c2)cc1,0.462672827,2.213841078,0.46,0.54,341.418,5.26732
CC(=O)Nc1ccc(CNc2nc(Nc3cc(N4CCOCC4)cc(N4CCOCC4)n3)ncc2OC)cc1,0.375134359,2.769013695,0.31,0.25,534.621,2.8675
CC(C)CC1C(=O)NC(C(=O)NC(C)CCc2ccccc2)C1=O,0.749359208,3.463510974,0,0.01,330.428,1.8537
CN(C)C(=O)c1ccc2c(c1)C(=Cc1ccc(-c3ccc(C(=O)O)cc3)cc1)CC2,0.654905286,2.21796453,0.06,0.07,397.474,5.2404
COc1ccc(-c2ccc(C(=O)Nc3ccccc3N)cc2)cc1,0.708716573,1.568300363,0.05,0,318.376,4.1967
CC(C)(C)c1ccc(Nc2nc(N3CCCCC3)nc3c2C(=O)NC3)cc1,0.866785413,2.552069019,0.28,0.12,365.481,3.7514
COc1cc(Nc2nccc(Nc3ccccc3N)c2)cc(OC)c1OC,0.540470027,2.201646242,0.22,0.62,366.421,4.1768
CC(=O)Nc1ccc(CNc2nc(Nc3cc(N4CCOCC4)nc(N4CCOCC4)n3)ccc2Cl)cc1,0.393073697,2.71381788,0.06,0.09,539.04,3.5123
Cc1ccc(-c2noc(C3CC(F)(F)C3)n2)cc1N=C(O)c1cnc2ccccn12,0.38477839,3.148942449,0.14,0.04,409.396,4.84172
COc1ccc(Nc2nccc(-c3cnc4ccccc4c3)n2)cc1OC,0.568238672,2.070056634,0.75,0.66,358.401,4.4526
O=C(Nc1ccc(Cl)cc1C(=O)Nc1ccc(Cl)cc1)c1ccccc1,0.623324592,1.599347993,0.01,0.01,385.25,5.498
O=C1CC(c2ccccc2)=NN1c1ccc(-c2cccs2)cc1,0.69674723,2.167199954,0.02,0.06,318.401,4.5561
COc1ccc(-n2nc(C(C)(C)C)cc2NC(=O)Nc2ccc(Oc3ccnc(Nc4ccc(N5CCOCC5)cc4)c3)cc2)cc1,0.1521541,2.74534012,0.14,0.4,633.753,7.5899
Cc1ccc(Nc2nccc(Nc3ccccc3N)n2)cc1,0.636412703,1.988217107,0.54,0.3,291.358,3.85442
CC(=O)NC(C)c1ccc(OC2CCN(c3ccnc(Nc4ccccc4)n3)C2)cc1,0.603196576,3.003308518,0.51,0.25,417.513,4.075
CC(=O)NC(C)c1ccc(OC2CCN(c3ccnc(N4CCCC4)c3)C2)cc1,0.81219442,3.053498747,0.02,0.08,394.519,3.5366
COc1ccc(-c2ccc3nccc(Nc4cccc(C(F)(F)F)n4)c3n2)cc1OC,0.456359546,2.45038255,0.22,0.23,426.398,5.4714
COc1ccc(CNc2nc(Nc3cc(C)[nH]n3)cc(OC)c2OC)cc1,0.559448717,2.448618469,0.44,0.06,369.425,3.49462
CC(C)CC(NC(=O)C(Cc1ccccc1)NC(=O)CCCCCC(=O)NC(C=O)CC(=O)O)C(=O)O,0.142719915,3.358490215,0.01,0.02,519.595,1.4383
COc1ccc(-c2n[nH]c(-c3ccc(C(=O)c4ccccc4)cc3)n2)cc1OC,0.498330245,2.028451735,0.2,0.01,385.423,4.3869
CN(C)c1ccc(C=Cc2cnccc2NC(=O)Cc2ccccc2)cc1,0.706420024,2.157521228,0.04,0.07,357.457,4.4992
COc1cc(NC(=O)C=Cc2ccc(Cl)cc2)nc(-c2cccnc2)c1,0.677939586,2.192299028,0.16,0.03,365.82,4.4575
O=C(Nc1ccc(Cl)cc1)c1ccccc1Nc1ncnc2cnc(Nc3ccccc3)nc12,0.289025883,2.259904015,0.55,0.36,467.92,5.8127
Cn1c(Nc2c(Cl)ccc(CNC(=O)C(C)(C)C)c2Cl)nc2cc(C(=O)Nc3ccc(OC(F)(F)F)cc3)ccc21,0.202783192,2.77179844,0.06,0.05,608.448,7.4369
O=C(NCc1ccccc1Cl)c1ccccc1Nc1nc(Nc2ccc3ccccc3c2)ncc1Cl,0.211644709,2.276923263,0.53,0.51,514.416,7.3538
N#Cc1ccc(Nc2nccc(Nc3ccccc3-c3nc(-c4ccc(Cl)cc4)no3)c2)cc1,0.284369973,2.401573708,0.25,0.55,464.916,6.81088
Cc1ccc(-c2ccccc2)cc1NC(=O)c1ccc(N2CCCCC2)cc1,0.619528558,1.741814111,0.01,0.05,370.496,5.90462
O=C(Nc1ccc(Cl)cc1)c1ccc(-c2noc(C(F)(F)F)n2)cc1,0.730613218,2.007206621,0.08,0.02,367.714,4.6611
CN1CCN(c2ccc(-c3ccc4c(c3)cc3n4CCCC3)cc2)CC1,0.68206803,2.290613505,0.07,0.03,345.49,4.3964
COc1ccc(C(C)Nc2nccc(Nc3ccc(N4CCOCC4)cc3)n2)cc1,0.609140495,2.656116789,0.3,0.31,405.502,4.2385
CC(=O)c1cnc2ccc(-c3cc(F)c(O)c(Cl)c3)cc2n1,0.725854441,2.374883509,0.12,0.15,316.719,3.9975
COc1ccc(-c2ccc(C(=O)Nc3ccc(CN4CCC(C(=O)O)CC4)cc3)cc2)cc1,0.541313346,1.883225175,0.01,0.01,444.531,4.9111
Cc1ccc(C(=O)Nc2cccc(C(F)(F)F)c2)cc1Nc1ncnc2cnc(Nc3ccccc3)nc12,0.237523431,2.472681909,0.54,0.38,515.499,6.48652
COc1ccc(NC(=O)c2ccccc2C(=O)Nc2ccc(-c3ccccc3S(N)(=O)=O)cc2)cc1,0.34322033,2.025570232,0.05,0.02,501.564,4.5142
COc1cccc(Nc2ncc(-c3ccc(N4CCC(N5CCOCC5)CC4)cc3)nn2)c1,0.615763528,2.46190541,0.31,0.4,446.555,3.5918
CC(=O)Nc1ccc(-c2nc(Nc3ccc(N4CCOCC4)cc3)oc2N)cc1,0.609422555,2.42234679,0.23,0.16,393.447,3.4624
N#Cc1cccc(Nc2ncnc(NNc3ccc(N4CCOCC4)cc3)n2)c1,0.548855959,2.49786993,0.24,0.33,388.435,2.76248
COc1ccc(CNC(=O)CCCCCCCC=CCC=CCC=CCC=S)cc1,0.167221074,2.771795518,0,0.03,427.654,6.8807
CC(=O)c1cnc2ccc(-c3cc(F)c(O)c(Cl)c3)nc2n1,0.73309582,2.604865854,0.15,0.13,317.707,3.3925
CN(C)c1ccc(-c2nc(-c3cccc4ccccc34)[nH]n2)cc1,0.610948731,2.078552804,0.26,0.06,314.392,4.3579
COc1cc(C(=O)NC(=N)Nc2ccccc2Cl)ccc1OC,0.592635722,2.112661888,0,0.01,333.775,3.13387
Cc1cccc(Nc2nccc(Nc3ccccc3)n2)c1,0.746728862,1.841052057,0.8,0.36,276.343,4.27222
COc1ccc(NC(=O)c2ccc(C)c(Nc3ncnc4cnc(N5CCCC5)nc34)c2)cc1,0.442560233,2.372081792,0.23,0.14,455.522,4.33292
O=C1CC(=O)Nc2ccc(-c3cccc(Cl)c3)cc21,0.806668957,2.128828431,0.35,0.1,271.703,3.5319
COc1ccc(CNC(=O)c2ccc(Nc3nccc(-c4cnc(N5CCOCC5)nc4)n3)cc2)cc1OC,0.33442223,2.480982116,0.54,0.33,527.585,3.461
NC(=O)c1nn(-c2ccc(Cl)cc2Cl)c2c1CCc1ccc(-c3cnccc3)cc1-2,0.486403061,2.484637002,0.11,0.05,435.314,5.1056
CC(=O)Nc1ccc(-c2nc(N3CCOCC3)c3cccnc3n2)cc1,0.782434203,2.20225621,0.11,0.07,349.394,2.4868
O=C(Nc1ccc(Cl)cc1)c1cncc(-c2cnc3cc(F)cnc3c2)c1,0.558934738,2.201674483,0.18,0.16,378.794,4.7366
O=C(Nc1ccc(Cl)cc1C(=O)Nc1ccc(Cl)cn1)c1ccc(-c2ccccc2)cc1,0.352955265,1.944878966,0.17,0.05,462.336,6.56
COc1ccc(-c2ccc3c(c2)Nc2ccccc2NC3=O)cc1,0.722008455,2.006317419,0.79,0.06,316.36,4.6715
CCCCCCCCCCCCCCCCCCCC(=O)c1nc(-c2ccc(N)cc2)[nH]n1,0.11967764,2.524468449,0.26,0.02,454.703,8.2783
COc1ccc(C(=O)Nc2ccc(F)c(C3(C)COCC(N)=N3)c2)cn1,0.871837128,3.075515068,0.13,0.1,358.373,2.0842
O=C(NCc1ccccc1)c1ncc(-c2cnc3ccccc3c2)[nH]1,0.601636244,2.158800301,0.3,0.14,328.375,3.5549
COc1ccc(-c2nc(Nc3ccc(N4CCN(C)CC4)cc3)nn2-c2ccccc2)cc1,0.478462349,2.184417096,0.15,0.16,440.551,4.4383
COc1ccc(-c2ccccc2C(=O)Nc2ccc(-c3ccccn3)cc2)cc1,0.484774915,1.757812252,0.19,0.07,380.447,5.6765
CC(=O)Nc1cc(-c2cnc(N)c(-c3ncccc3Cl)n2)ccn1,0.758821203,2.578118777,0.48,0.31,340.774,2.7946
O=C1Nc2c(Cl)cc(Cl)cc2N2c3ccccc3CC21,0.797392499,3.028652874,0.07,0.03,305.164,4.0083
O=C(NC1CCCCCC1)c1ccc2cnc(Nc3ccc(N4CCOCC4)cc3)nc2n1,0.571171974,2.472761925,0.45,0.48,446.555,4.0576
Cc1cc(-c2cccc3cc(Nc4ccc(N5CCCCC5)cc4)nn23)ccc1OC(C)=O,0.306064991,2.532781911,0.09,0.17,440.547,5.96892
Cc1cnc(Nc2ccc(N3CCOCC3)cc2)nc1Nc1cccc(C(=O)Nc2ccc(C(=O)O)cc2)c1,0.249954334,2.373495505,0.55,0.5,524.581,5.05932
COc1ccc(C(=O)Nc2cccc(C(=O)Nc3ccc4c(c3)-c3ccccc3C(=O)N4C)c2)cc1,0.340445683,2.041440605,0,0.03,477.52,5.2049
CN(C)CCn1ccc(Nc2ncc3c(n2)-c2c(nn(C)c2-c2ccccc2)CC3)c1,0.521597858,2.989456011,0.42,0.32,413.529,3.7494
CC(=O)Nc1ccc(-c2nc(N3CCOCC3)c3ncccc3n2)cc1,0.782434203,2.178169368,0.08,0.11,349.394,2.4868
COc1ccc(C=NNc2nc(N3CCOCC3)nc(Nc3ccccc3)n2)cc1,0.457522095,2.296048968,0.02,0.05,405.462,2.9064
CC(=O)c1cnc(Nc2ccc(N3CCOCC3)cc2)nc1Nc1ccc(Cl)cc1Cl,0.484933501,2.337883133,0.55,0.57,458.349,5.3098
COc1ccc(CC(=O)O)cc1-c1ccc(F)c2c1CN(C(=O)C=Cc1ccccc1)CC2,0.557511732,2.476918296,0.01,0,445.49,4.7265
COc1ccc(C(=O)Nc2ccc(-c3nc(N4C5CCC4COC5)nc4ccccc34)cc2)cc1,0.449721548,3.745088979,0.04,0.02,466.541,4.9253
COc1ccc(-c2nc(-c3cccc4ccccc34)[nH]n2)cc1,0.613512575,1.925132533,0.27,0.03,301.349,4.3005
N#Cc1cccc(-c2nn(-c3ccccc3)cc2-c2ccncc2)c1,0.558867207,2.138163918,0.47,0.06,322.371,4.47298
CC(=O)Nc1nc(C(=O)NCc2ccc(F)c(C(F)(F)F)c2)cc(N2CCOCC2)c1,0.698979829,2.497300484,0.02,0.04,440.397,2.9645
COc1ccc(-c2nc(Nc3cccc(N4CCCC4=O)c3)nc(N)n2)cc1,0.704810284,2.220429767,0.13,0.13,376.42,2.9998
COc1ccc(C(=O)Nc2cccc(C(C)Nc3ncnc4c(C(N)=O)cccc34)c2)cc1,0.396131543,2.648843625,0.23,0.15,441.491,4.1627
Cc1cccc(Nc2nccc(Nc3cc(N4CCOCC4)ncc3Cl)n2)c1,0.670227625,2.454173398,0.67,0.38,396.882,4.15722
CN(C)C(=O)c1ccc(-c2noc(C(F)(F)F)n2)cc1,0.85006324,2.185959385,0.07,0.02,285.225,2.4572
O=C(Nc1ccc(Cl)cc1)c1ccc(-c2noc(C(F)(F)F)n2)cc1,0.730613218,2.007206621,0.08,0.02,367.714,4.6611
COc1ccc(-c2nc(Nc3ccccc3)nc(NC(C)C)n2)cc1,0.706136585,2.019887775,0.13,0.15,335.411,4.1111
CCN(CC)C(=O)c1ccc(C(=C2CC=CCC2)c2ccc(N)cc2)cc1,0.581324849,2.601904383,0,0,360.501,5.2928
CCC(=O)Nc1ccc(S(N)(=O)=O)cc1,0.796869589,1.605831196,0,0,228.273,0.6825
CN1CCN(c2ccc(Nc3nccc(-c4ccc(NC(=O)C5CC5)cc4)n3)cc2)CC1,0.618595587,2.14858209,0.73,0.62,428.54,3.9875
CC(C)(C)c1cc(NC(=O)c2ccc(Nc3nccc(-c4cccnc4)n3)cc2)no1,0.482104655,2.414488146,0.59,0.56,414.469,4.82
CC(C)(C)c1ccc(NC(=O)Nc2ccc(Cl)cc2C(=O)Nc2ccc(Cl)cn2)cc1,0.413785906,2.114055045,0.07,0.06,457.361,6.5822
Cc1ccc(NC(=O)c2cnccc2Oc2cc(Nc3ccccn3)ccn2)cc1,0.477558332,2.317071061,0.11,0.18,397.438,4.96822
COc1ccc(Nc2ncc(C(=O)Nc3ccccc3N)cc2C(N)=O)cc1,0.488370553,2.068812024,0.26,0.38,377.404,2.7672
O=C1NC(=O)C(=Cc2ccc(-c3cccc(Cl)c3)o2)S1,0.854211213,2.328870451,0.53,0.24,305.742,3.9239
O=C1NC(=O)c2c1c1c(c3[nH]c4ccc(-c5ccccc5)cc4c31)CCCC2,0.619101216,2.782404918,0.64,0.12,366.42,4.5861
O=C1NC(=O)C(=Cc2ccc(OCCCCCC(F)(F)F)cc2)S1,0.574753929,2.381018108,0.25,0.21,359.369,4.512
COc1ccc(C(=O)Nc2cccc(C(F)(F)F)c2)cc1Nc1ncnc2cnc(NC3CCOCC3)nc12,0.296581413,2.711253501,0.42,0.36,539.518,5.034
CCN(CC)c1ccc(C=NNc2ccc(C(=O)Nc3ccccc3N)cc2)cc1,0.287239577,2.14872931,0.02,0,401.514,4.8133
CC(C)c1ccc(Nc2nccc(Nc3ccccc3S(=O)(=O)C(C)C)n2)cc1,0.551979491,2.316258084,0.65,0.42,410.543,5.2693
O=C(NC1CCC(CCN2CCC(c3coc4ccccc34)CC2)CC1)c1ccccc1,0.522291248,2.32732401,0.02,0,430.592,5.9911
Cc1ccc(-c2noc(C(=O)Nc3ccc(CN4CCOCC4)cc3)n2)cc1,0.734700245,2.075043755,0.08,0,378.432,3.12952
CC(C)(C)c1ccc(C(=O)Nc2cccc(C(=O)O)c2)cc1,0.901558296,1.604624126,0,0,297.354,3.9346
COc1ccc(-c2cnc(N)c(C(=O)Nc3ccccc3)n2)cc1,0.771018222,1.864196684,0.67,0.12,320.352,2.9867
COc1ccc(-c2nc(Nc3ccccn3)nc(Nc3ccc4[nH]ccc4c3)n2)cc1,0.366210466,2.407816914,0.4,0.26,409.453,4.9107
CCCCCCCCCCCCCCCCCCC(=O)c1ncc(-c2ccccn2)o1,0.166637741,2.435864819,0.06,0.04,426.645,8.5709
COc1cc(OC)cc(N(CCNC(C)=O)c2ccc3ncc(-c4cnn(C)c4)nc3c2)c1,0.443649791,2.756531062,0.16,0.12,446.511,3.3217
COc1ccc(-c2ccc3cnc(Nc4ccc(N5CCNCC5)cn4)nc3n2)cc1,0.515559011,2.528273938,0.3,0.33,413.485,3.2486
CN(C)c1ccc(C(=O)Nc2ccc(Cl)c(C(=O)Nc3ccc4c(c3)-c3cc(F)ccc3C4)c2)cc1,0.285445387,2.275399643,0.02,0.03,499.973,6.6209
O=C(Nc1ccc(Cl)cc1)c1ccc(-c2noc(C(F)(F)F)n2)cc1,0.730613218,2.007206621,0.08,0.02,367.714,4.6611
COc1ccc(-c2ccc3c(c2)Nc2ccccc2NC3=O)cc1,0.722008455,2.006317419,0.79,0.06,316.36,4.6715
COc1ccc(NC(=O)Nc2ccc(NC(=O)c3ccccc3)cc2)cc1OC,0.572921022,1.663631557,0.01,0,391.427,4.6001
COc1ccc(C(=O)Nc2cccc(Nc3cnc4ccccc4c3)n2)cc1,0.535410463,2.033093286,0.13,0.14,370.412,4.6343
Cn1cc(Nc2ncc(Cl)c(NC3CCCCC3)n2)cc1C(=O)Nc1ccncc1,0.533478153,2.587531858,0.47,0.27,425.924,4.604
CC(=O)Nc1ccc(-c2ccc(Nc3cncc(C(N)=O)n3)cc2)cc1,0.657124269,2.099993107,0.28,0.13,347.378,2.9445
CN(C)c1ccc(C=C2C=C(c3ccccc3)C(=O)C2=O)c2c1OC1CCC21,0.604153322,3.797613705,0.05,0.05,371.436,4.0098
Cc1ccc(C(=O)Nc2ccc(C(=O)Nc3ccccc3N)cc2)cc1,0.622946491,1.600208699,0.01,0.03,345.402,4.08182
COc1ccc(Nc2ncc(C(N)=O)nc2Nc2ccc(C(=O)Nc3ccccc3)cc2)cc1,0.311671715,2.212539177,0.16,0.21,454.49,4.3236
CCCN(CCC)c1c(N)ncnc1Nc1ccccc1,0.815497851,2.381042082,0.46,0.16,285.395,3.4288
Cc1cccc(C(=O)Nc2cc(-c3ccncc3)cn2-c2cccnc2)c1,0.587091306,2.406679419,0.25,0.04,354.413,4.49502
CCCCCCCCCCCCCCCCCCNC(=O)OCC1(CO)CC(=CC=C)CCC1=O,0.160480132,3.53141098,0.03,0.01,491.757,7.8182
COc1cccc(Nc2nc(-c3ccccc3)nc(Nc3ccccc3)n2)c1,0.496344545,1.939516905,0.2,0.17,369.428,5.0344
COc1ccc(-c2nc(Nc3ccccc3)nc(NC3CCOCC3)n2)cc1,0.674495007,2.191326729,0.15,0.21,377.448,3.8817
CCOc1ccc(C(=O)Nc2nc(-c3ccccc3)c(-c3ccccc3)n2C)cc1,0.473550994,2.056307454,0.05,0.02,397.478,5.4051
CN(C)c1ccc(C(=O)C=Cc2ccccc2)cc1,0.610399795,1.726148944,0,0,251.329,3.6487
COc1ccc(-c2ccc(C(=O)NC(C)c3ccccc3)cc2)cc1,0.725357033,1.961910076,0.06,0,331.415,4.8532
COc1cc(CC(=O)Nc2nnc(CC(=O)O)s2)ccc1OC,0.784562591,2.08866261,0.03,0.03,337.357,1.3636
COc1ccc(Nc2ncc(Nc3ccccc3-c3ccccc3)nn2)cc1,0.496344545,2.1215638,0.46,0.48,369.428,5.0344
CCc1cccc(NC(=O)Nc2ccc(-c3cccc4cnccc34)cc2)c1,0.45720509,1.936962141,0.42,0.22,367.452,6.1082
Cn1nc(C(=O)NCc2ccc(-c3ccccc3)cc2)cc1C1CCC(N)C(O)CC1,0.554053484,3.297241738,0.06,0.03,418.541,3.3629
CC(=O)Nc1nc(C(=O)NCc2ccc(F)c(C(F)(F)F)c2)ccc1-c1cn[nH]c1,0.549140388,2.686392476,0.27,0.09,421.354,3.518
Cc1cc(-c2cccc3cnccc23)c2nc(Nc3ccc(N4CCN(C)CC4)cc3)nn2n1,0.440996606,2.741532785,0.33,0.26,450.55,4.14332
COc1cc(CNC(=O)c2ccc(-c3nc(C)c(C)o3)cc2)ccc1OCC(=O)O,0.585671933,2.112509198,0.08,0,410.426,3.36044
COc1ccc(-c2nc(Nc3ccc(N4CCOCC4)cc3)ncc2Nc2ccncc2)cc1,0.409157516,2.411319097,0.47,0.71,454.534,4.871
Cc1ccc(C(=O)Nc2cccc(C(F)(F)F)c2)cc1Nc1ncccc1-c1ncccn1,0.398880672,2.330673451,0.05,0.17,449.436,5.86172
COc1ccc(-c2ccc(C(=O)Nc3ccccc3N)cc2)cc1OC,0.677671909,1.691207868,0.04,0.01,348.402,4.2053
CCOc1ccc(-c2ccc(C(=O)N(C)C)cc2)cc1,0.850426516,1.542940246,0.02,0,269.344,3.4541
COc1cccc(-c2cnc(N)c(C(=O)Nc3ccccc3)n2)c1,0.771018222,1.91756859,0.62,0.11,320.352,2.9867
COc1ccc(NC(=O)c2ccc(Nc3nccc(-c4cccnc4)n3)cc2)cc1,0.496406066,1.977443788,0.57,0.51,397.438,4.5431
O=C(Nc1ccc(Cl)cc1Cl)Nc1cccc2cnccc12,0.67877359,1.91107061,0.32,0.13,332.19,5.1856
Cc1cc(C(=O)Nc2ccc(-c3ccccc3S(N)(=O)=O)cc2)n(-c2cccc(C(=N)N)c2)n1,0.249466513,2.366679068,0.07,0.01,474.546,3.03149
CN(C)C(=O)c1ccc(-c2cnc3ccc(Nc4ccccc4)nc3n2)cc1,0.585402906,2.196375066,0.26,0.33,369.428,4.1372
Cc1ccc(-c2ccc(C(=O)Nc3ccc(N4CCNCC4)c4ccccc34)cc2)cc1,0.458779179,2.035135556,0.07,0.02,421.544,5.47712
CN(C)CCOc1ccc(Nc2ncc(F)c(Nc3ccccc3)n2)cc1,0.626455481,2.081397559,0.75,0.52,367.428,4.0433
CN1CCN(c2ccc(-c3ccc4ncnc(Nc5cccc(C(F)(F)F)c5)c4c3)cc2)CC1,0.413793002,2.300007309,0.47,0.34,463.507,5.811
N#Cc1ccc(-c2ccc3ccncc3c2)cc1,0.637598362,1.887312668,0.44,0.19,230.27,3.77348
CC(C)c1cccc(C(C)C)c1NC(=O)Nc1ccc(Oc2ccnc3[nH]ccc23)cc1,0.302600027,2.413713391,0.28,0.17,428.536,7.246
O=C1C(=Cc2ccc(Cl)cc2)CC=C1c1ccccc1,0.723661375,2.333470968,0.03,0.03,280.754,4.7798
COc1ccc(-c2nc(-c3cccc4ccccc34)[nH]n2)cc1,0.613512575,1.925132533,0.27,0.03,301.349,4.3005
CN(C)CCOc1ccccc1-c1ccc(Nc2nccc(Nc3ccccc3)n2)cc1,0.365468132,2.162556996,0.65,0.36,425.536,5.5712
Cc1ccc(-c2ccc(NC(=O)C=Cc3ccccc3)cc2)cc1,0.649403021,1.633102255,0.02,0,313.4,5.31392
COc1ccc(Nc2ncc(C(N)=O)nc2Nc2ccc(C(=O)Nc3cc(C(F)(F)F)ccc3F)cc2)cc1,0.217707604,2.523244531,0.19,0.37,540.477,5.4815
Cc1ccc(-c2ccccc2)cc1Nc1nccc(-c2cnc3ccccn23)n1,0.448588038,2.296609644,0.6,0.51,377.451,5.51032
COc1ccc(Cl)cc1Nc1nc(NC2CCNCC2)c2nc[nH]c2n1,0.545247344,2.719484753,0.35,0.24,373.848,2.9224
COc1ccc(C(=O)Nc2ccc(Cl)c(C(F)(F)F)c2)cc1Nc1ncnc2cnc(N(C)C)nc21,0.361081819,2.646058494,0.3,0.3,517.899,5.1625
COc1ccc(-c2nc(Sc3ccc(Cl)cc3)c3c(c2)C(=O)O3)cc1,0.599002723,2.365730082,0.11,0.02,369.829,5.0944
COc1ccc(CNc2nc(Nc3cc(N4CCN(C)CC4)ccc3OC)ncc2Cl)cc1,0.50779109,2.340597159,0.44,0.23,468.989,4.2547
Cc1ccc(-c2ccc(C(=O)Nc3cccc(CN4CCNCC4)c3)cc2)cc1,0.687489331,1.878019673,0.08,0.02,385.511,4.31952
CNC(=O)c1ccc(-c2nc(Nc3ccccc3)nc(Nc3ccccc3)n2)cc1,0.447808615,2.020338543,0.19,0.17,396.454,4.3854
COc1ccc(C(=O)Nc2ccc(Cl)c(C(=O)Nc3ccc4ncnc(Nc5ccc(Cl)cc5)c4c3)c2)cc1,0.195294219,2.211728776,0.36,0.32,558.425,7.1934
CCC(C)C(N)C(=O)Nc1ccc(-c2coc3ccccc3c2=O)cc1,0.73329943,2.809385579,0.07,0.03,350.418,3.7719
Cc1cc(C)cc(-c2[nH]c3ccc(C(C)(C)C(=O)N4C5CCC4CC5)cc3c2C(N)=O)c1,0.613267117,3.499534647,0.19,0.03,429.564,4.98164
CC(C)(C)OC(=O)Nc1ccc(CC(=O)Nc2nnc(CCCCc3ccc(N)nc3)s2)cc1,0.379433561,2.473943112,0.11,0.03,482.61,4.6089
Nc1ncnc(Nc2ccc(OCc3ccccc3)c(Cl)c2)n1,0.746328515,2.006872494,0.28,0.21,327.775,3.4298
Cc1ccc(C(=O)Nc2cc(Cl)cc(C(F)(F)F)c2)cc1Nc1ncnc2cnc(N3CCCCC3)nc12,0.302194895,2.681310326,0.12,0.12,541.965,6.38662
NC(=O)c1cccc2c(Nc3ccc(Nc4cccc(N5CCOCC5)c4)cc3)ncnc21,0.415286377,2.340824392,0.37,0.24,440.507,4.0525
O=C1NC(=O)C(=Cc2ccc(-c3ccc(Cl)cc3)c(Cl)c2)S1,0.77690595,2.178911447,0.66,0.29,350.226,4.9843
COc1cc(Nc2nccc(Nc3ccccn3)n2)ccc1OC,0.719417568,2.093225771,0.62,0.38,323.356,3.376
CC(C)c1cc(C(=O)Nc2ccc(-c3ccccc3S(N)(=O)=O)cc2)n(-c2ccc(Cl)cc2)n1,0.383008158,2.307242631,0.09,0.03,495.004,5.2158
O=C1NCc2c1c1ccccc1n2CCc1ccccc1F,0.790130476,2.369494751,0.25,0.11,294.329,3.2665
Cc1cc(C)nc(Oc2cccc(Nc3nccc(Nc4ccccc4S(=O)(=O)C(C)C)n3)c2)c1,0.312699761,2.647204972,0.5,0.33,489.601,5.95004
COc1ccc(-c2cccnc2)cc1OC1CCCC1,0.837762208,1.891062601,0.21,0.03,269.344,4.0786
COc1ccc(-c2nc(-c3cccc4c3ncn4CCCO)no2)cc1,0.574809686,2.33498617,0.15,0.01,350.378,3.1443
CN(C)CCNC(=O)c1ccc(-c2ccc3c(c2)CCCN3c2ccncc2)cc1,0.676092255,2.221595518,0.18,0.03,400.526,4.1243
CC(C)c1ccc(C(=O)Nc2cccc(C(=O)O)c2)cc1,0.897399524,1.534320013,0.01,0.01,283.327,3.7605
COc1ccc(-c2nn(C(C)C)c3ncnc(N)c23)cc1OC,0.796396517,2.339074629,0.5,0.2,313.361,2.6736
COc1ccc(Nc2ncc(-c3ccccc3)o2)cc1OC,0.767763686,1.961654126,0.89,0.27,296.326,4.1024
COc1ccc(Cl)cc1Nc1ncc(Cl)c(Nc2ccnc3[nH]ncc23)n1,0.45026571,2.569760281,0.61,0.34,402.245,4.5505
CN(C)c1ccc(C(=O)Nc2ccccc2C(=O)Nc2ccc(Cl)cc2)cc1,0.646956182,1.717787486,0.01,0.05,393.874,4.9106
COc1ccc(-c2nc(Nc3ccccc3)c(C(=O)O)s2)cc1,0.732778465,2.002031381,0.14,0.1,326.377,4.2605
COc1ccc(CC(=O)Nc2nc(-c3ccccc3)cs2)cc1OC,0.726530304,1.80549739,0.03,0.04,354.431,4.0085
CC(C)(C)OC(=O)N1CC(C(=O)Nc2ccc(-c3nc(C#N)nc4ccccc34)cc2)CC1,0.644140833,2.869089526,0.02,0.05,443.507,4.36398
COc1ccc(CNC(=O)c2ccc(-c3cnc(N)cn3)cc2)cc1OC,0.697563522,2.038234653,0.27,0.05,364.405,2.673
Cc1ccc(C(=O)Nc2ccc(C(C)(C)C)cc2)cc1Nc1ncnc2cnc(NCc3ccccc3)nc21,0.222391965,2.475966551,0.36,0.19,517.637,6.63372
O=C1NC(=O)C(=Cc2ccc(-c3ccccc3)cc2)S1,0.854122807,1.941004124,0.58,0.23,281.336,3.6775
CN(C)CCC(=O)Nc1ccc(-c2cnc3[nH]cc(C(=O)OCC)c3c2)cc1,0.614297487,2.266924195,0.27,0.09,380.448,3.2968
Cc1ccc(-c2ccc(NC(=O)C(C)C)cc2)cc1Nc1ncnc2cnc(N3CCCCC3)nc12,0.363325858,2.524530482,0.35,0.22,481.604,5.72362
CN(C)C1(C(=O)Nc2ccc(-c3ccccc3)cc2)CCC1,0.930506133,1.989768518,0.02,0.01,294.398,3.7764
CCCCCCCCCCCCCCCCCCCC(=O)C(=O)Nc1c(C(C)C)cccc1C(C)C,0.127301704,2.444251757,0,0,499.824,10.4827
O=C1NCCc2[nH]c3c(ccc4ccccc34)c21,0.618844082,2.426468837,0.35,0.12,236.274,2.607
Cc1ccc(F)c(NC(=O)Nc2ccc(-c3cccc4[nH]nc(N)c34)cc2)c1,0.409856417,2.180536968,0.92,0.67,375.407,4.90362
CC(=O)Nc1ccc(Oc2ccc(-c3ccc(C(=O)Nc4ccc(N5CCCCC5=O)cc4)cc3)nn2)cc1,0.32428299,2.335818037,0.08,0.01,521.577,5.6635
COc1ccc(-c2cnc(N)c(NC(C)=O)n2)cc1OC,0.887959274,2.192072002,0.48,0.1,288.307,1.7014
Cc1ccc(C(=O)Nc2cccc(C(F)(F)F)c2)cc1Nc1ncnc2cnc(NCc3ccccc3)nc21,0.225501364,2.511302677,0.39,0.24,529.526,6.35502
COc1cccc(-c2ccc(Nc3cc(N4CCOCC4)nc(N4CCOCC4)n3)cc2)c1,0.615035097,2.351463965,0.14,0.15,447.539,3.569
COc1ccc(Nc2ncc(C(N)=O)c(Nc3ccc(N4CCOCC4)cc3)n2)cc1,0.534533532,2.21401755,0.67,0.6,420.473,2.9079
COc1ccc(-c2ccc(C(=O)Nc3ccc(C(=O)O)cc3)cc2)cc1OC,0.668184258,1.663174049,0.03,0.02,377.396,4.3213
CC(C)(C)c1cc(NC(=O)c2ccc(-c3ncccc3Cl)cc2)n[nH]1,0.717252871,2.289551456,0.34,0.18,354.841,4.6749
COc1ccc(-c2nc(N3CCOCC3)c3cccnc3n2)cc1,0.738370287,2.130118611,0.15,0.04,322.368,2.537
Cc1cc(-c2nc(-c3ccc(Cl)c(Cl)c3)n3c2CCOC(C)C3)cc(C)n1,0.56862318,3.268333689,0.08,0.02,402.325,5.49694
COC(=O)c1ccc(C(=O)Nc2ccc(Cl)c(C(=O)Nc3ccc4c(c3)-c3cc(F)ccc4C3=O)c2)cc1,0.281629499,2.992735778,0.04,0.03,528.923,5.7779
CC(=O)Nc1cccc(CNc2nc(Nc3cc(N4CCOCC4)ncc3F)ccc2F)c1,0.498700112,2.589437321,0.2,0.28,454.481,3.9055
COc1ccc(CNC(=O)c2ccc(-c3nc(C(N)=O)cc(Nc4ccc(N5CCCC5)cc4)n3)cc2)cc1,0.295270951,2.360331856,0.12,0.09,522.609,4.5249
CC(C)(C)OC(=O)Nc1ccc(C(=O)Nc2ccc3c(c2)-c2c(c(C(N)=O)nn2-c2ccc(OCCO)cc2)CC3)cc1,0.233929244,2.675486069,0.14,0.04,583.645,4.7072
CNC(=O)c1ccc(-c2noc(C(F)(F)F)n2)cc1,0.907920604,2.138302494,0.08,0.02,271.198,2.115
COc1ccc(CC(=O)O)cc1-c1ccccc1CNc1ncnc2cnccc12,0.484855292,2.350022574,0.2,0.1,400.438,3.9396
CNc1nc(Nc2ccc(N3CCOCC3)cc2)nc(Nc2ccc(CN3CCOCC3)cc2)n1,0.449750297,2.443332554,0.07,0.07,476.585,3.0693
N#Cc1ccc(-c2ccc(-c3ccccc3)cc2)cc1N1CCOCC1,0.691484588,1.967055863,0.06,0,340.426,4.72888
COc1ccc(Nc2ncc(-c3ccccc3)n2-c2ccncc2)cc1,0.571711281,2.138250069,0.36,0.31,342.402,4.6865
Cc1ccc(C(=O)Nc2cc(N3CCC(C(=O)O)CC3)cc(Nc3ncccc3-c3nc(C)ncc3Cl)n2)cc1,0.26907328,2.814249662,0.19,0.1,558.042,5.50074
Cc1cccc(-c2ocnc2C(=O)Nc2cncc(-c3ccccc3)c2)c1,0.561413145,2.228898308,0.25,0.02,355.397,4.96432
COc1cc(Nc2nccc(-c3cnn4ccccc34)n2)cc(OC)c1OC,0.549970527,2.432995579,0.88,0.34,377.404,3.5607
CC(C)(C)C(=O)CN1C(=O)C(=Cc2ccc(-c3ccccc3)[nH]2)CC1=O,0.678193495,2.795837182,0.04,0.05,350.418,3.4392
O=C(NC1CCC(CCN2CCC(c3cccc4c3OCO4)CC2)CC1)c1ccccc1,0.697170444,2.366915265,0,0.03,434.58,4.9736
COc1ccc(C=NNc2nc(N)n(-c3ccccc3)n2)cc1OC,0.528397503,2.271807005,0.02,0.03,338.371,2.3127
O=C1NC(=O)C(=Cc2ccc(-c3ccccc3)c(O)c2)S1,0.833918002,2.19301362,0.67,0.31,297.335,3.3831
CN1CCN(c2ccc(Nc3ncc(C(F)(F)F)c(Nc4ccc(N5CCOCC5)cc4)n3)cc2)CC1,0.497050648,2.515973364,0.61,0.63,513.568,4.571
N#Cc1ccc(Nc2nccc(-c3cnc4ccccc4c3)n2)CC1,0.779665644,2.928717556,0.68,0.54,325.375,4.23138
CC(=O)Nc1ccc(-c2nc(N3CCOCC3)c3cnn(C4CCN(C)CC4)c3n2)cc1,0.673731116,2.543350824,0.1,0.06,435.532,2.555
Cc1cccc(-c2nc(N)c3cc(C(=O)Nc4ccc(C(=O)O)cc4)ccc3n2)c1,0.475444742,2.033354576,0.1,0.03,398.422,4.13792
O=C(NC1CCC(CCN2CCC(c3coc4ccccc34)CC2)CC1)c1ccc2ccccc2c1,0.318838736,2.452861207,0.04,0.01,480.652,7.1443
Cc1cc(Nc2cc(N3CCOCC3)nc(Nc3cc(C(=O)O)ccn3)n2)ccn1,0.561189068,2.623038489,0.23,0.35,407.434,2.59702
O=C1NC(=O)C(=Cc2ccc(-c3ccccc3)cc2)S1,0.854122807,1.941004124,0.58,0.23,281.336,3.6775
CCN(CC)CCOc1ccc(Nc2nccc(-c3cnn4ccccc34)n2)cc1,0.451291298,2.454383998,0.82,0.33,402.502,4.2555
CN(C)CCC(=O)Nc1ccc2ncnc(Nc3ccc(F)cc3F)c2c1,0.693582543,2.202950861,0.48,0.23,371.391,3.5418
CN(C)c1ccc(-c2cc3ncccc3nc2NC2CCCCC2)cc1,0.712771096,2.241546494,0.33,0.26,346.478,5.1074
CCOc1ccc(-n2nc(C(C)(C)C)cc2NC(=O)Nc2ccc(OC)cc2)cc1,0.586076594,2.086417439,0.16,0.03,408.502,5.2211
CC(=O)Nc1cc(-c2cccc3cnc(Nc4ccccc4)nc23)ccn1,0.567289701,2.22565936,0.65,0.64,355.401,4.3938
Cc1cc(-c2n[nH]c3ccc(C(O)=NC4CCCC(O)(Cn5ccc6ccccc65)C4)cc23)ccn1,0.226751931,3.859481045,0.33,0.15,479.584,5.56652
CC(=O)Nc1ccc(C(=O)O)cc1Nc1cc(N(C)Cc2ccccc2)ncc1Cl,0.505305035,2.359142165,0.07,0.17,424.888,4.7716
COc1cc(C(=O)NC2CCN(C)CC2)ccc1Nc1ncc(C(F)(F)F)c(Nc2ccccc2C(=N)O)n1,0.203887191,2.783280382,0.6,0.38,543.55,4.69857
CS(=O)(=O)c1ccc(-c2nc(-c3cccc4ccccc34)n[nH]2)cc1,0.611838529,2.088212775,0.22,0.04,349.415,3.6954
CNC(=O)c1ccc(-c2nnc(Nc3ccc(N4CCOCC4)cc3)o2)cc1,0.703964906,2.193647882,0.3,0.15,379.42,2.6764
Cc1cc(Cl)ccc1Oc1ncccc1Nc1ccncc1,0.738295997,2.099027444,0.12,0.26,311.772,4.97432
O=C1NC(=O)C(=Cc2ccc(-c3ccc(Cl)c(Cl)c3)cc2)S1,0.77690595,2.139358345,0.54,0.25,350.226,4.9843
COc1ccc(-c2nc(Nc3ccccc3)nc(Nc3ccccc3)n2)cc1,0.496344545,1.903265005,0.19,0.18,369.428,5.0344
Cn1cc(-c2cnc3ccc(Nc4ccccn4)cc3n2)cn1,0.629289108,2.321761719,0.3,0.49,302.341,3.1689
COc1ccc(-c2nc(Nc3cccc(CN4CCOCC4)c3)ncc2-c2ccncc2)cc1,0.431295794,2.314862128,0.46,0.22,453.546,4.79
O=C1Nc2ccc(Cl)cc2C(C#CC2CC2)(C(F)(F)F)N1,0.705212358,3.618609849,0.11,0.04,314.694,3.6461
COc1ccc(-c2nc(-c3ccnc(C)c3)c3n2CC(C)OCC3)cc1,0.719700464,3.092872253,0.25,0.11,349.434,3.89032
Cc1cccc(-c2ccc(-c3ccc(C(F)(F)F)cc3)cc2)n1,0.587394359,1.801450542,0.12,0.03,313.322,5.74282
COc1cc(-c2cnn(-c3ccccc3)n2)ccc1OCCN1CCCCC1,0.625772972,2.207042948,0.18,0.05,378.476,3.8076
CC(=O)NC(C)c1ccc(OC2CCN(c3ccnc(OCC4CC4)n3)C2)cc1,0.738831422,3.232078225,0.09,0.11,396.491,3.1202
COc1ccc(C(=O)Nc2cccc(Nc3ncnc4ccc(-c5ccccc5)cc34)c2)cc1,0.320025065,2.015491708,0.42,0.31,446.51,6.3013
COc1ccc(-c2nc(Nc3ccncc3)nc(NC3CCCC3)n2)cc1,0.684301771,2.234584039,0.36,0.27,362.437,4.0403
COc1ccc(-c2nc(-c3ccc(N)cc3)c(-c3ccc(C)cc3)n2C)cc1,0.495364015,2.079707545,0.05,0,369.468,5.32032
COc1ccc(-c2ccc3c(c2)OCCO3)cc1,0.809350269,1.648887124,0.05,0.02,242.274,3.1334
O=C1CC(c2ccccc2)(c2nccn2Cc2ccccc2)CC1,0.729764038,2.86871594,0.04,0.01,316.404,3.9705
CC(=O)Nc1ccc(-c2cccc3[nH]nc(-c4ccc(N5CCOCC5)cc4)c23)cc1,0.510097564,2.246712664,0.38,0.15,412.493,4.6919
O=C(Nc1ccc(Cl)cc1)c1ccc(OCCCN2CCOCC2)nc1,0.753281566,1.999809044,0.02,0.04,375.856,3.0884
O=C(Nc1ccccc1)Nc1nc(-c2ccccc2)nc(NS(=O)(=O)c2ccc(Cl)cc2)c1Cl,0.296834845,2.293630577,0.1,0.02,514.394,5.8952
CN(C)C(=O)c1ccc(Nc2nccc(Nc3ccccc3)n2)cc1,0.745428048,1.969139698,0.71,0.53,333.395,3.6656
Cc1ccccc1-n1nnc(-c2ccc(F)cc2)c1CNc1cncc(C(=O)Nc2ccccc2)n1,0.339601773,2.537159747,0.18,0.07,479.519,5.03622
CC(C)(C)C(=O)Oc1cccc(-c2n[nH]c3ccc(-c4cncc(N5CCCC5)n4)cc23)c1,0.344447502,2.637283798,0.43,0.15,441.535,5.2386
COc1ccc(Nc2ncc(-c3ccccc3)o2)cc1,0.772112786,1.85881749,0.6,0.33,266.3,4.0938
Cc1cccc(-c2nc(N)c3cc(C(=O)Nc4ccncc4)sc3n2)c1,0.577129921,2.303321182,0.27,0.03,361.43,3.89622
Cn1cc(-c2cnc3ccc(Nc4ccccn4)nc3n2)cn1,0.626185895,2.547627103,0.29,0.24,303.329,2.5639
CC(=O)Nc1nc(C(=O)Nc2ccc(Cl)c(C(F)(F)F)c2)ccc1OCCNC(=O)CNC(=O)Nc1ccc(C(=O)O)cc1,0.170484638,2.704678478,0.07,0.02,636.971,3.9794
O=C1c2ccccc2C(=O)N1c1ccc(-c2ccsc2)cc1,0.664886691,1.917625521,0.01,0.02,305.358,4.2157
CC(C)(C)c1ccc(-c2ccc(-c3nccc4ccccc34)[nH]2)cc1,0.466942001,2.286524313,0.35,0.21,326.443,6.1944
CCOc1ccc(NC(=O)Nc2ccc3c(c2)NC(=O)C3=Cc2cnc(N)nc2)cc1,0.470154488,2.439831275,0.4,0.17,416.441,3.5942
O=C1NC(=O)C(=Cc2ccc(-c3ccccc3)cc2)S1,0.854122807,1.941004124,0.58,0.23,281.336,3.6775
COc1ccc(C(=O)Nc2ccc(Cl)c(Nc3ncc(-c4ccccn4)o3)c2)cc1OC,0.388426471,2.333129635,0.04,0.22,450.882,5.4031
Cc1ccc(-c2ccc3ncccc3c2)cc1-c1ccccc1,0.449943552,1.732980497,0.2,0.16,295.385,5.87722
COc1ccc(-c2nc(Nc3ccccc3)nc(NC(=O)Cc3ccccc3)n2)cc1,0.466360122,2.012460086,0.06,0.09,411.465,4.472
CN(C)c1ccc(C=Cc2ccccc2)cc1,0.712717055,1.667147273,0.01,0,223.319,3.923
COc1ccc(-c2nc(-c3cccc4ccccc34)[nH]n2)cc1,0.613512575,1.925132533,0.27,0.03,301.349,4.3005
O=C(Nc1ccc(Cl)c(C(F)(F)F)c1)c1ccc2cccnc2c1Nc1ccc(Cl)c(Cl)c1,0.290792409,2.360258269,0.14,0.21,510.73,8.2097
COc1ccc(CNc2ccc(-c3cccnc3)c(OC)c2)cc1,0.731864945,1.815341375,0.23,0.04,320.392,4.3779
CNc1nc(Nc2ccc(-c3ccccc3)cc2)nc(N)n1,0.684905255,1.961102444,0.25,0.16,292.346,2.9061
COc1cc(Nc2nccc(-c3cnc4ccccc4c3)n2)cc(OC)c1OC,0.52229095,2.219040746,0.75,0.57,388.427,4.4612
CC(C)C(NC(=O)Cn1c(-c2ccccc2)ccc(NC(=O)CCCc2ccccc2)c1=O)C(=O)C(F)(F)F,0.366277495,2.956123514,0.02,0.01,541.57,4.7489
COc1ccc(Cl)c(Nc2ncnc3cc(OC)c(OC)cc23)c1,0.752091923,2.029273528,0.39,0.31,345.786,4.0526
Cc1ccc(Nc2cc(Nc3cc(-c4ncccc4Br)ccc3Cl)n(-c3ccccc3)n2)cc1,0.232532573,2.489571302,0.16,0.28,530.857,8.14582
COc1ccc(Nc2ncc(C(=O)Nc3ccc(CN4CCCCC4)cc3)s2)cc1,0.552274849,2.077951131,0.07,0.09,422.554,5.1335
O=C1NC(=O)c2c1c(-c1ccccc1Cl)cc1[nH]c3ccccc3c21,0.49747784,2.365535852,0.81,0.2,346.773,4.5251
COc1ccc(-c2ccc3c(c2)Nc2ccccc2NC3=O)cc1,0.722008455,2.006317419,0.79,0.06,316.36,4.6715
O=C1Nc2ccccc2C1=Cc1[nH]c2ccccc2c1-c1ccccc1,0.477628231,2.230961757,0.7,0.29,336.394,5.3276
CN1CCC(c2ccc(Nc3nccc(-c4cnc(N5CCCC5)c(C#N)c4)n3)cc2)CC1,0.623874018,2.581302108,0.58,0.55,439.567,4.56328
Cc1c(C)n(Cc2ccc(-c3ccccc3)cc2)c2ccc(C(=O)NC(C)c3ccc(C(F)(F)F)cc3)cc12,0.236535028,2.719140903,0.04,0.04,526.602,8.48324
COc1ccc(-c2nccnc2C2CN(c3ccc4ccccc4n3)C2)cc1,0.537372164,2.294324618,0.13,0.15,368.44,4.3042
CC(C)(C)c1ccc(Nc2nccc(-c3cnc4ccccn34)n2)cc1,0.578589912,2.335769182,0.82,0.55,343.434,4.8324
COc1ccc(Nc2ncc(-c3ccccc3)o2)cc1OC,0.767763686,1.961654126,0.89,0.27,296.326,4.1024
CCNC(=O)c1ccc(-c2nc(Nc3cccc(Cl)c3)ncc2[N+](=O)[O-])cc1,0.476119373,2.231642793,0.5,0.48,397.822,4.1985
O=C(Nc1cccc(CN2CCC(C(O)=NC3CCCCC3)CC2)c1)c1ccc2ccccc2n1,0.342704455,2.563677618,0.02,0.01,470.617,5.9883
O=C(NC1CCC(CCN2CCC(c3cccc4c3OCO4)CC2)CC1)c1ccc(N2CCOCC2)cc1,0.56658457,2.604511188,0.01,0.03,519.686,4.8102
Nc1nc(NCCc2ccccc2)nc(-c2ccncc2)c1-c1ccc(N)nc1,0.467033099,2.431126279,0.44,0.17,383.459,3.4196
COc1ccc(-c2ccc(C(=O)Nc3ccccc3N)cc2)cc1OC,0.677671909,1.691207868,0.04,0.01,348.402,4.2053
O=C1NC(=O)c2c1c(-c1ccccc1Cl)cc1[nH]c3ccccc3c21,0.49747784,2.365535852,0.81,0.2,346.773,4.5251
COc1ccc(-c2nc(-c3ccc(OC)c(OC)c3)n(-c3ccccc3)n2)cc1,0.482864283,1.960112724,0.04,0.03,387.439,4.6271
O=C(O)c1cccc(CN2CCC(c3ccccc3)CC2)c1,0.93324621,1.704688982,0,0,295.382,3.7644
Oc1ccc2c(c1)nc(-c1ccccc1Cl)n2C1CCCCC1,0.668383469,2.136991208,0.07,0.02,326.827,5.5675
COc1ccc(-c2nc(-c3ccccc3)n(-c3ccccc3OC)n2)cc1,0.522926179,1.918057413,0.08,0.01,357.413,4.6185
CCc1nc2c(N)cc(Cl)cn2n1,0.752739444,2.713547442,0.09,0.02,196.641,1.5273
CCNC(=O)c1ccc(-c2c(C)c(-c3ccccc3)c(OC)n2C(=O)Nc2ccc(Cl)cc2)cc1,0.320652273,2.47519658,0.03,0,487.987,6.62242
Cc1ccc(-c2[nH]c(-c3ccccc3)nc2-c2ccncc2)cc1,0.570698061,1.973249489,0.52,0.26,311.388,5.11412
O=C(Nc1ccc(-c2cccc3cnccc23)cc1)Nc1ccccc1Cl,0.44889419,1.885697724,0.44,0.34,373.843,6.1992
COc1cccc(Nc2ncc(Nc3ccccc3)nc2N)c1,0.668117649,2.110073872,0.47,0.31,307.357,3.5546
COc1ccc(-n2c(-c3ccccc3)nc(NC(=O)c3ccc(C(C)(C)C)cc3)n2)cc1,0.45794592,2.109779663,0.02,0.01,426.52,5.4927
NC(=O)c1cc(-c2ccc(F)cc2)c2ccc(C(c3ccccc3)C(=O)O)cc2n1,0.520624307,2.719183077,0.27,0.09,400.409,4.3563
COc1cc(Nc2nccc(-c3cnc(Nc4ccccc4)nc3)n2)cc(OC)c1OC,0.419553801,2.331787549,0.83,0.56,430.468,4.4466
O=C(Nc1ccc(Cl)cn1)C1CCNC1,0.797541398,2.596352111,0.19,0.13,225.679,1.283
O=C(Nc1ccc(Cl)cc1C(=O)Nc1ccc(Cl)cn1)c1ccc(-c2ccccc2)cc1,0.352955265,1.944878966,0.17,0.05,462.336,6.56
CN(C)C(=O)c1ccc(-c2nccc3cc(-c4ccc(C(N)=O)cn4)ccc23)cc1,0.568679815,2.253962902,0.39,0.2,396.45,3.7645
COc1ccc(Nc2ncc(C(=O)Nc3ccccc3N3CCC(C(C)(C)O)CC3)nc2N)cc1,0.402409314,2.60449728,0.24,0.18,476.581,4.0506
CN1C(=O)CCc2ccc(cc2)-c2nc(nc3ccccc32)N1,0.693351229,4.146588912,0.25,0.08,304.353,3.0283
O=C1NC(=O)C(=Cc2ccc(-c3ccccc3)c(Cl)c2)S1,0.838937599,2.112355159,0.64,0.26,315.781,4.3309
COc1ccc(-c2ccc(C(=O)Nc3ccccc3N)cc2)cc1OC,0.677671909,1.691207868,0.04,0.01,348.402,4.2053
COc1ccc(-c2ccc3nccc(Nc4cccc(C(=O)O)c4)c3c2)cc1OC,0.45343081,2.053767235,0.27,0.35,400.434,5.3608
CCCCCCCCCCCCCCCCCOC(=O)Nc1c(OC)cccc1C(=O)O,0.210319753,2.238507812,0.01,0.01,449.632,7.8133
COc1ccc(NC(=O)Nc2ccc(-c3cccc4cnccc34)cc2)cc1OC,0.460596263,1.962844325,0.48,0.21,399.45,5.563
COc1cccc(CNC(=O)c2cc(-c3ccc(N)cc3)n(-c3ccccc3)n2)c1,0.480011011,2.051025226,0.11,0.04,398.466,4.0601
O=C(Nc1nc(-c2ccccc2)nc2ccccc12)c1ccccc1,0.601048931,1.708820883,0.07,0,325.371,4.5491
COc1ccc(Nc2nccc(Nc3ccccc3)n2)cc1OC,0.715251269,1.900155002,0.79,0.51,322.368,3.981
CN(C)C(=O)c1ccc(-c2noc(C(F)(F)F)n2)cc1,0.85006324,2.185959385,0.07,0.02,285.225,2.4572
CN1CCN(c2ccc(-c3ccc4nccc(Nc5cccc(C6CC6)c5)c4c3)cc2)CC1,0.400817421,2.269893543,0.21,0.39,434.587,6.2746
CC(C)C(NC(=O)Cn1c(-c2ccccc2)ccc(NC(=O)OCc2ccccc2)c1=O)C(=O)C(F)(F)F,0.423582447,2.968328269,0.01,0.03,529.515,4.5362
COc1cc(Nc2nccc(-c3cnn4ncccc34)n2)cc(OC)c1OC,0.547076762,2.580749425,0.93,0.3,378.392,2.9557
COc1ccc(-c2nc(-c3ccccc3)n(-c3cccc(C)c3)n2)cc1,0.528898312,1.882158639,0.12,0.02,341.414,4.91832
Cc1ccc(NC(=O)c2cccc(C(F)(F)F)c2)cc1Nc1nccc(-c2cnccc2NCC(=O)O)n1,0.243527941,2.605108505,0.62,0.39,522.487,5.35822
CC(=O)c1ccc(Nc2ncc(C(=O)Nc3ccccc3N)o2)cc1,0.48600233,2.247605299,0.2,0.17,336.351,3.4553
Nc1nc(NCc2ccccc2)nc(Nc2ccccc2)n1,0.669836361,1.862376138,0.11,0.04,292.346,2.8095
COc1ccc(-c2nc(Nc3ccccc3)nc(N)n2)cc1,0.768943692,1.845301001,0.17,0.12,293.33,2.873
O=C1NC(=O)C(=Cc2ccc(-c3ccccc3)cc2)S1,0.854122807,1.941004124,0.58,0.23,281.336,3.6775
CCN(C)C(=O)C1CC(O)=Nc2ccc(-c3cccc(Cl)c3)cc21,0.888456991,3.178168251,0.16,0.04,342.826,4.5606
CCCCc1ccc(-c2ccc(-c3ccc(C(=O)O)c(C)c3)cc2)cc1,0.563904797,1.759321589,0.05,0.02,344.454,6.36982
Cc1ccc(-c2cc(C(=O)Nc3ccc(OC(F)(F)F)cc3)ccc2N=C(O)c2cnn3cccnc23)cc1,0.192652717,2.755446499,0.16,0.06,531.494,6.49192
CCCCCCCCCCCC(=O)c1ncc(-c2ccccn2)o1,0.362586426,2.332056101,0.06,0.04,328.456,5.8402
CC(=O)c1ccc(NC(=O)Nc2ccc(-c3cncc4ccncc34)cc2)cc1,0.478553056,2.138520416,0.46,0.17,382.423,5.1434
COc1ccc(-c2ccccc2C(=O)Nc2ccc(-c3ccccc3N)cc2)cc1,0.416534141,1.799782786,0.06,0.02,394.474,5.8637
Cc1cc(C(=O)Nc2ccc(C(=O)Nc3cc(NC(=O)CC)ccc3C)cc2)n(-c2ccccc2)n1,0.331205647,2.138489689,0.01,0.01,481.556,5.34224
COc1cc(CNC(=O)c2ccc(-c3cccc(N4CCOCC4)c3)cc2)ccc1OC,0.608204334,1.974385564,0.01,0.03,432.52,4.1374
COc1ccc(-c2cnc(N)c(N3CCOCC3)n2)cc1OC,0.916551912,2.234533479,0.27,0.08,316.361,1.5796
O=C1NC(=O)c2c1c1c(c3[nH]c4ccc(-c5ccccc5)cc4c32)CC1,0.515936476,2.514097101,0.62,0.19,338.366,3.9703
COc1cccc(-c2c(O)nc3cc(Cl)c(C(=O)Nc4ncccn4)cc3c2OCCC2CCCCC2)c1,0.261055052,2.776427296,0.17,0.08,533.028,6.6609
Cc1ccc(-c2ccc(N3CCC(CNC(=O)C4CCCC4)C3)nc2)cc1,0.86627255,2.5307895,0.05,0.05,363.505,4.18972
COc1ccc(CC2CN=C(N)N=C2N)cc1OC,0.827849963,3.239447805,0.06,0,262.313,0.548
COc1ccc(NC(=O)c2cccc(-c3cnc(N)c(C(=O)Nc4cccc(CN)c4)n3)c2)cc1,0.323482663,2.239304524,0.45,0.08,468.517,3.6977
COc1ccc(-c2ccc(S(=O)(=O)Nc3ccc(Cl)cn3)cc2)cc1OC,0.665098453,1.948423938,0.15,0.09,404.875,4.22
Cc1ccc(C(=O)Nc2ccc(C(=O)Nc3ccccc3N)cc2)cc1,0.622946491,1.600208699,0.01,0.03,345.402,4.08182
CCOc1cccc(-c2nc(Nc3ccc(OCCN4CCOCC4)cc3)nn2C(C)C)c1,0.49032502,2.447341045,0.18,0.28,451.571,4.3793
O=C1NC(=O)C(=Cc2ccc(OCc3ccc4ccccc4n3)cc2)S1,0.706705102,2.242672404,0.37,0.16,362.41,4.1377
CCCN(CCC)C(=O)c1ccc(N(c2ccccc2)C2=NCCN2)cc1,0.806331477,2.539472707,0.08,0.01,364.493,4.0461
O=C1NC(=O)c2c1c1c(-c3ccccc3)cccc1[nH]2,0.662246009,2.316815,0.56,0.14,262.268,2.7185
Cn1cccc1C(=O)Nc1ccc(N2C(=O)c3cccc(Cl)c3C2=O)c(OC)c1,0.665455658,2.335466631,0.07,0.08,409.829,3.74
CC(=O)c1cnc2ccc(-c3cc(F)c(O)c(Cl)c3)nc2n1,0.73309582,2.604865854,0.15,0.13,317.707,3.3925
COc1ccc(C(=O)Nc2ccc(C(=O)Nc3ccccc3Nc3ncccc3N)cc2)cc1,0.315405593,2.048877639,0.11,0.09,453.502,4.9206
O=C(Nc1ccc(Cl)cc1)c1ccc(Cl)c(Nc2ncnc3cnc(Nc4ccccc4)nc23)c1,0.244597851,2.323607728,0.55,0.44,502.365,6.4661
O=C(Nc1cccc2cccnc12)c1ccc(Nc2nc(-c3ccccc3)ncc2Cl)cc1,0.325591838,2.160454685,0.37,0.41,451.917,6.3411
CN(C)CC(=O)Nc1ccc(-c2nc(N3CC4CCC(C3)O4)nc3c2C(=O)N(C)CC(C)(C)O3)cc1,0.675805374,4.568202717,0.04,0.03,494.596,2.2543
COc1ccc(-c2nc(Nc3cccc(CNC(=O)C4CC4)c3)n3ccnc3n2)cc1,0.480234816,2.401785242,0.2,0.08,414.469,3.5697
COc1ccc(C(=O)Nc2cccc(C(F)(F)F)c2)cc1Nc1ncnc2cnc(NCc3ccccc3)nc12,0.215830291,2.535074509,0.45,0.24,545.525,6.0552
CC(C)C(=O)Nc1ccc(C(=O)Nc2cccc(C=Cc3ccccc3N)c2)cc1,0.3890771,2.075943716,0.01,0.03,399.494,5.286
Cc1ccc(-n2nc(C(C)(C)C)cc2NC(=O)Nc2ccc(Oc3ccnc(Nc4ccccc4)n3)cc2)cc1,0.20063181,2.503138054,0.44,0.25,533.636,7.44812
O=C1NC(=O)C(=Cc2ccc(-c3ccccc3)cc2)S1,0.854122807,1.941004124,0.58,0.23,281.336,3.6775
COc1ccc(C2=NN(c3ccc(Cl)c(Cl)c3)C2=Nc2ccc(C(=O)O)cc2)cc1,0.556194716,2.497329417,0.06,0.02,440.286,5.6547
CN(C)CCN(C)C(=O)c1cc2cnc(Nc3cccc(N4CCOCC4)c3)nc2[nH]1,0.601967583,2.673608803,0.39,0.39,423.521,2.1717
COc1ccc(C(=O)C=Cc2ccccc2)cc1,0.600695037,1.528066018,0,0,238.286,3.5913
CN(C)C(=O)c1ccc(-c2ccc(C(=O)Nc3ccccc3N)cc2)cc1,0.694063249,1.769114423,0.05,0,359.429,3.8899
Cc1ccc(C(=O)Nc2cccc(C(F)(F)F)c2)cc1Nc1ncnc2cnc(NCc3ccccn3)nc12,0.243537288,2.635476716,0.3,0.23,530.514,5.75002
CC(=O)Nc1cccc(-c2n[nH]c3ccc(-c4ncn[nH]4)cc23)c1,0.540472294,2.407513683,0.61,0.32,318.34,2.9734
Cc1ccc(-c2ncc(C(=O)Nc3ccc4c(c3)CCC(c3ccccc3)O4)o2)cc1,0.450214519,2.78975166,0.1,0,410.473,5.96862
Cc1ccc(-c2nc(-c3ccc(Cl)cc3)c3n2CC(C)OCC3)cc1,0.638112871,2.88558123,0.04,0.03,352.865,5.14012
CC1(C)CC=C(c2ccc(CC(C#N)NC(=O)C3NC4CCC3C4)c(F)c2)C1,0.816967314,5.004149483,0.06,0.07,381.495,3.72048
O=C1CCC(C(=O)Nc2ccc(-c3ccc4ccc(Cl)cc4c3)cc2)C1,0.670412,2.494738714,0.14,0.05,363.844,5.4679
COc1ccc(-c2ccc(C(=O)NC(C)C)cc2Nc2nc(-c3ccncc3)ccc2N)cc1,0.351695707,2.365653416,0.34,0.11,453.546,5.2832
COc1ccc(Nc2nccc(Nc3ccccc3C)n2)cc1OC,0.699764516,1.98099739,0.67,0.48,336.395,4.28942
O=C1Nc2ccc(F)cc2C1=Cc1ccc2cccnc2n1,0.700091362,2.504382251,0.61,0.25,291.285,3.2616
CN(C)C(=O)c1ccc(-c2n[nH]c3ccc(-c4cnc[nH]4)cc23)cc1,0.604353228,2.407941621,0.45,0.27,331.379,3.3218
COc1ccc(-c2ccc(C(=O)Nc3ccc4c(c3)C3(CCCCC3)C4=O)cc2)cc1,0.57169283,2.614639082,0.06,0.01,411.501,6.0127
COc1ccc(C(=O)Nc2cccc(C(=O)Nc3ccc4c(c3)-c3cc(F)ccc3C4=O)n2)cc1,0.381442084,2.237669294,0.08,0.04,467.456,4.9453
Cc1ccc(C(=O)Nc2ccc(F)c(C(F)(F)F)c2)cc1Nc1ncnc2cnc(NC3CCOCC3)nc12,0.275462958,2.787863963,0.36,0.38,541.509,5.47292
CCOC(=O)c1ccc(-c2ccc(C=C3SC(=O)N=C3O)cc2)cc1,0.806767975,2.269755245,0.04,0,353.399,4.6945
COc1ccc(Nc2nccc(Nc3ccccc3NC(=O)CC)n2)cc1OC,0.523937264,2.163901437,0.46,0.32,393.447,4.3295
Cc1ccc(-c2ccc(S(=O)(=O)Nc3ccc(C(N)=O)cc3)cc2)cc1,0.723367506,1.710330016,0.04,0.02,366.442,3.56172
CNC(=O)c1cc(C(F)(F)F)ccc1Nc1ncnc2cnc(Nc3ccc(N4CCOCC4)cc3)nc12,0.342406705,2.717629263,0.55,0.53,524.507,4.122
COc1ccc(-c2ccc3c(c2)ncn3-c2ccc(Nc3ccccc3)cc2)cc1,0.374385088,1.982222002,0.25,0.38,391.474,6.4447
CC(=O)Nc1ccc(-c2nc(Nc3cccc(N4CCNCC4)n3)ccc2O)cc1,0.518453022,2.496145651,0.18,0.11,404.474,2.9608
COc1ccc(Nc2ncc(C(=O)Nc3ccccc3N)cc2NC(=O)c2ccc(C(=O)O)cc2)cc1,0.220874603,2.22853145,0.23,0.28,497.511,4.6188
CC(C)(C)c1cc(NC(=O)Nc2ccccc2)nc(Nc2cccc3[nH]ncc23)n1,0.383202177,2.450821797,0.35,0.19,401.474,5.038
COc1ccc(Nc2ncc(F)c(Nc3ccccc3C(=O)O)n2)cc1OC,0.564579914,2.123612997,0.84,0.49,384.367,3.8183
CCC(=O)Nc1n[nH]c2ncc(-c3ccccc3)cc21,0.76522598,2.164521631,0.97,0.11,266.304,2.9734
CNC(=O)c1cncc(-c2cnc3c(c2)CCCN3C(=N)O)c1,0.579037477,2.781029714,0.15,0.1,311.345,1.74857
O=C1NC(=O)c2c1c1ccccc1[nH]c1ccccc21,0.509362462,2.407796167,0.29,0.02,262.268,2.09438
CC(=O)Nc1ccc(-c2nc(N3CCOCC3)c3cnn(C4CCOCC4)c3n2)cc1,0.690648962,2.562193475,0.1,0.13,422.489,2.6398
Cc1cc(C=NNC(=O)c2ccc(O)c(O)c2)ccc1O,0.392779131,2.144956883,0.02,0.04,286.287,1.87572
CCCCCCCCCCCCCCCCCCCCCCOC1=C(c2ccc(F)cc2)CC=C1N1CCCC1,0.118029379,2.780250437,0.07,0.03,553.891,11.7587
COc1ccc(C(=O)Nc2ccc(Cl)cc2C(=O)Nc2ccc(Cl)cn2)cc1,0.620095749,1.887562365,0.08,0.02,416.264,4.9016
O=C1NCc2c1c1c3ccccc3nc-2c1OCCCO,0.830397595,3.540544425,0.37,0.16,282.299,1.35
CC(C)CC(NC(=O)CCc1ccccc1)C(=O)NC(Cc1ccc(N)cc1)C(=O)NC(C=O)Cc1ccccc1,0.168437613,3.325948907,0.01,0,556.707,3.3862
N#CC1CC(N=C(O)C2CC2)CCN1c1cc(Nc2ccc(C(F)(F)F)cc2)nc(N2CCOCC2)n1,0.432937051,3.975279561,0.09,0.09,515.54,4.30308
COc1ccc(C(=O)Nc2cc(C(=O)Nc3ccccc3)cc(Nc3cc(C(F)(F)F)ccn3)n2)cc1,0.294164523,2.359964417,0.1,0.26,507.472,5.7522
CC(=O)Nc1ccc(S(=O)(=O)Nc2ccc(Cl)c3c2C(=O)CC3)cc1,0.853783778,2.252405751,0,0.02,378.837,3.2281
CN(C)CC=CC(=O)Nc1cc2c(Nc3cccc(Br)c3)ncnc2cn1,0.58552574,2.64733775,0.54,0.43,427.306,3.5872
O=C1NC(=O)C(=Cc2ccc(-c3ccc(Cl)cc3)c(Cl)c2)N1,0.647972487,2.216548419,0.467249332,0.18,333.174,3.8407
Cc1c(Sc2ccc(Cl)cc2)n(CCCO)cn1,0.913550002,2.530900494,0.04,0,282.796,3.37852
COc1ccc(Nc2ncc(C(=O)Nc3ccccc3)s2)cc1,0.739587957,1.834138625,0.12,0.2,325.393,4.1476
COc1ccc(-c2nc(Nc3ccccc3)n(-c3ccccc3)n2)cc1,0.571711281,1.952851867,0.15,0.26,342.402,4.6865
CNC(=O)c1ccc(-c2nc(C(=O)Nc3ccccc3)n3nc(-c4ccccc4)ncc32)cc1,0.422095842,2.403536337,0.12,0.09,448.486,4.0702
Cc1nc(NC(C)c2ccc(-c3cccc(C#N)c3)cc2)nc(N2CCOCC2)n1,0.698137575,2.846792488,0.08,0.06,400.486,3.7284
O=C(Nc1ccc(C(=O)N2CCC(N3CCCCC3)CC2)cc1)c1ccc(-c2ccccc2)cc1,0.523975527,2.01231705,0.03,0.03,467.613,5.6964
Cn1c(Nc2c(Cl)ccc(CNC(=O)C(C)(C)C)c2Cl)nc2cc(C(=O)Nc3ccc(OC(F)(F)F)cc3)ccc21,0.202783192,2.77179844,0.06,0.05,608.448,7.4369
COc1ccc(C(=O)Nc2ccc(CN3CCC(C(O)=NC4CCCCC4)CC3)cc2)cc1,0.435470598,2.355554026,0,0,449.595,5.4487
COc1ccc(C(=O)Nc2cc(-c3ccccc3)nn2-c2ccccc2)cc1OC,0.505369565,1.89514459,0,0,399.45,4.8088
COc1cccc(-n2nc(Nc3cc(C(=O)Nc4ccccc4)ccc3C)nc2-c2ccc3ccccc3c2)n1,0.237738193,2.503856264,0.18,0.19,526.6,6.79542
CC(C)CC(C(=O)NCc1ccc2ccccc2c1)c1ccccc1,0.653445083,2.307594692,0.01,0.05,331.459,5.2859
CNC(=O)Cn1c(=O)c(-c2ccc(OC)cc2)nc2ccccc21,0.794685102,1.956689139,0.03,0.01,323.352,1.8181
COc1ccc(-c2nc(-c3cccc4ccccc34)[nH]c2-c2ccccc2)cc1,0.384967138,1.980782095,0.41,0.06,376.459,6.5725
COc1cccc(-c2cnc(N)c(C(=O)Nc3cccc(C(N)=O)c3)n2)c1,0.635429722,2.106539727,0.57,0.12,363.377,2.0856
Nc1ccc(-c2ccc(C(=O)Nc3ccccc3N)cc2)cc1,0.644161157,1.660266346,0.06,0.01,303.365,3.7703
CC(=O)c1ccc(-c2cnc(N)c(-c3cccc(C(=O)O)c3)n2)cc1,0.709598902,2.085951676,0.48,0.19,333.347,3.2936
CN(C)C(=O)COc1ccc(C#Cc2ccc(C(C)C)cc2)cc1,0.804124667,2.081767592,0.01,0.01,321.42,3.6768
COc1ccc(-n2cc(C(=O)Nc3ccc(OC(C)C)cc3)c(-c3ccccc3)n2)cc1,0.417684389,2.002117762,0.01,0.05,427.504,5.5874
CCCN(CCC)C(=O)c1cc(C)cc(C(=O)Nc2ccc(Cl)cn2)c1,0.773442927,2.169975643,0.01,0,373.884,4.55792
O=C(Nc1ccc(Cl)cc1)c1ccc(-c2nc(-c3cccc4ccccc34)[nH]n2)cc1,0.360641504,2.041867186,0.29,0.16,424.891,6.1976
O=C(Nc1ccc(Cl)cc1)c1ccccc1-c1ccccc1,0.702354334,1.421089463,0.01,0.02,307.78,5.2593
COc1ccc(C=CC(=O)Nc2cc(Nc3ccccc3)nc(Nc3ccccc3)n2)cc1OC,0.27439924,2.29100818,0.14,0.06,467.529,5.6329
Nc1ccc(-c2ccc(N3CCC(N4CCCCC4)CC3)nc2)cc1,0.866451338,2.123973481,0.12,0.14,336.483,3.7855
O=C1c2ccccc2C(=O)N1Cc1ccc(Cl)cc1,0.787135451,1.571233559,0,0,271.703,3.1362
CC(C)C(=O)Nc1cccc(-c2ccc(-c3cccc(C#N)c3)cc2)c1,0.682830262,1.866475851,0.15,0.03,340.426,5.48678
Cc1cc(-c2cnc(N)c(C(=O)Nc3ccc(N4CCNCC4)nn3)c2)n[nH]1,0.522541151,2.742029767,0.36,0.09,379.428,0.81422
COc1ccc(NC(=O)Nc2cccc(-c3cncnc3)c2)cc1,0.766465922,1.86236687,0.34,0.05,320.352,3.7962
O=C1c2ccccc2-c2nnc(-c3ccccc3)cc21,0.525513868,1.955986982,0.19,0.05,258.28,3.355
CNC(=O)c1ccc(-c2cnc3ccc(Nc4ccc(N5CCOCC5)cc4)nc3n2)cc1,0.489545691,2.398719872,0.22,0.5,440.507,3.6316
O=C1NC(=O)C(=Cc2ccc(-c3ccccc3)cc2)S1,0.854122807,1.941004124,0.58,0.23,281.336,3.6775
COc1cc(-c2ccccc2)cc(NC(=O)C=Cc2ccc(O)c([N+](=O)[O-])c2)c1,0.362997738,2.169687811,0.03,0.06,390.395,4.6279
COc1cc(N)c(Cl)cc1C(=O)Nc1ccc(N2CCOCC2)cc1,0.81845758,2.009868788,0,0,361.829,3.0197
O=C(NC1CCCCC1)c1ccc(-c2cncc3ccccc23)cc1,0.736919072,1.906023793,0.25,0.11,330.431,4.9643
CC(C)(C)CC(=O)Nc1ccc(-c2nnc(Nc3ccccc3)o2)cc1,0.687048517,2.104581049,0.16,0.05,350.422,4.8549
CCC(C)C(NC(=O)CCC(=O)O)c1ccccc1CCc1ccccc1,0.647762799,2.841413691,0.01,0,367.489,4.54
COc1ccc(-c2ccc3ccccc3c2)cc1OC1CCCC1,0.601673235,1.843803552,0.07,0.07,318.416,5.8368
CCC(C)C(=O)Nc1cc(-c2ccc(Cl)cc2)nc(-n2cccn2)n1,0.751222355,2.766875651,0.23,0.06,355.829,3.9673
COc1cc(F)ccc1-c1cncc(C(=O)Nc2ccc(C3CNCCO3)cc2)c1,0.673015184,2.803060923,0.2,0.13,407.445,3.8095
O=C(Nc1ccc(C(=O)Nc2ccccc2-c2ccccc2)cc1)c1ccccc1-c1ccccc1,0.270635776,1.824028505,0.02,0.03,468.556,7.5252
COc1ccc(Nc2ncc(Nc3ccc(N4CCOCC4)cc3)nc2N)cc1,0.587281995,2.305284288,0.25,0.34,392.463,3.3912
COc1ccc(-c2ccc3c(N4CCOCC4)ccnc3c2)cc1OC,0.716831792,2.054898518,0.17,0.07,350.418,3.7556
COc1ccc(-c2ccc3c(N4CCOCC4C)nc(N4CCOCC4)nc3n2)cc1,0.636853143,2.986318355,0.05,0.02,421.501,2.7621
COc1ccc(-c2ccc3ncc(C(=O)C4CC4)c(Nc4ccc(N5CCOCC5)cc4)c3n2)cc1,0.351169903,2.496744802,0.16,0.55,480.568,5.4783
O=C(Nc1ccccc1)Nc1ccc(-c2cnc3ccncc3c2)cc1,0.554892853,1.915451068,0.38,0.37,340.386,4.9408
CNC(=O)c1ccc(-n2nc(C(N)=O)c3c2-c2cc(NC(=O)c4ccccc4Cl)ccc2CC3)cc1,0.384170878,2.435966159,0.06,0.06,499.958,4.0021
Cc1cccc(-c2nc(N)c3cc(C(=O)Nc4ccncc4)sc3n2)c1,0.577129921,2.303321182,0.27,0.03,361.43,3.89622
COc1ccc(Nc2ncc(-c3ccccn3)o2)cc1,0.783664938,2.114626356,0.25,0.28,267.288,3.4888
CN(C)CCN=C(N)c1cccc(-c2ccc3nc(N)nc(N)c3n2)c1,0.463765987,2.663539079,0.18,0.06,350.43,1.1231
Cc1cc(-c2ccccc2)ccc1Nc1nccc(-c2cnc3[nH]ccc3c2)n1,0.419096961,2.341419662,0.63,0.51,377.451,5.73892
CNCc1ccc(-c2cccc3c(Nc4ccc(N5CCOCC5)cc4)nn(C)c23)cc1,0.473190183,2.411591857,0.18,0.16,427.552,4.5399
O=C(c1cnc2ccccc2c1)N1CCC(N2Cc3cccc(C(F)(F)F)n3)CC2C1,0.631857853,3.946779503,0.08,0.06,426.442,4.1376
Cn1c(Nc2c(Cl)ccc(CNC(=O)C(C)(C)C)c2Cl)nc2cc(C(=O)Nc3ccc(F)c(Cl)c3)ccc21,0.224216973,2.681277979,0.09,0.08,576.887,7.3308
COc1ccc(-c2ccc3c(c2)Nc2ccccc2NC3=O)cc1,0.722008455,2.006317419,0.79,0.06,316.36,4.6715
Cc1cccc(Cl)c1Nc1nc2ccccc2n2cncc12,0.588771723,2.301633453,0.13,0.02,308.772,4.58792
COc1cc(OC)cc(N(CC#Cc2cccnc2)c2ccc3ncc(-c4cnn(C)c4)nc3c2)c1,0.330688337,3.006624802,0.32,0.15,476.54,4.6323
COc1ccc(NC(=O)c2ccc(C(F)(F)F)cc2Nc2ccccc2C(=O)O)cc1,0.486919963,2.009110859,0.05,0.05,430.382,5.4081
COc1cccc(-c2nc(Nc3ccccc3)n(-c3ccccc3)n2)c1,0.571711281,1.99988923,0.27,0.28,342.402,4.6865
CNC(=O)c1ccc(-c2nc3ccc(F)cn3n2)cc1,0.773306932,2.184928751,0.06,0.04,270.267,1.895
O=C(Nc1ccccc1)c1ccccc1NC(=O)c1ccc(-c2ccnc3[nH]c(-c4ccc(C5CCCCN5)cc4)nc23)cc1,0.15245599,3.089635665,0.39,0.16,592.703,7.6111
CN(C)CCn1ccc(Nc2ncc3c(n2)-c2c(nn(C)c2-c2ccccc2)CC3)c1,0.521597858,2.989456011,0.42,0.32,413.529,3.7494
CCOc1ccc(-c2ccc3ccccc3c2)cc1N1CC(C)NC(C)C1,0.701073516,2.945059533,0.1,0.07,360.501,5.0921
O=C(NC1CCC(CCN2CCC(c3coc4ccccc34)CC2)CC1)c1ccc2ccccc2c1,0.318838736,2.452861207,0.04,0.01,480.652,7.1443
CCC1CN(C(=O)C(C)C)CC(NC(=O)Nc2ccc(Cl)cc2)C1,0.867469353,2.89501608,0,0,351.878,3.7446
COc1ccc(-n2cnc3ccc(C(=O)O)cc32)cc1,0.792872574,1.878370046,0.07,0.02,268.272,2.7323
Cc1cc(C)cc(Nc2nccc(-c3cnc4ccccn34)n2)c1,0.616801837,2.369070826,0.79,0.33,315.38,4.15174
CC(=O)Nc1ccc(-c2nc(N3CCOCC3)c3cnn(-c4ccccc4)c3n2)cc1,0.551685901,2.250378091,0.04,0.1,414.469,3.2775
Cc1ccc(Nc2nccc(Nc3ccccc3N)n2)cc1,0.636412703,1.988217107,0.54,0.3,291.358,3.85442
COc1ccc(NC(=O)Nc2ccc(-c3cncc4[nH]ncc34)cc2)cc1,0.507085695,2.134975816,0.46,0.11,359.389,4.2775
CNc1ncc(-c2nc(Nc3ccc(N4CCNCC4)cc3)ncc2N)cc1C#N,0.508394333,2.797531858,0.52,0.5,401.478,2.18738
Cn1ncc(NC(=O)c2nc(-c3ccccc3F)cs2)c1N1CCC(N)CC(C)(C)CC1,0.611749807,3.302906352,0.08,0.06,456.591,4.2788
O=C(Nc1ccccc1)c1cccc(-c2cncc3cnc(Nc4ccc(C(=O)Nc5ccccc5)s4)cc23)c1,0.19333375,2.592403892,0.25,0.31,541.636,7.6065
CC(C)CC(NC(=O)C(Cc1ccccc1)NC(=O)C(NC(=O)CCc1ccccc1)C(=O)NC(C=O)CC(C)C)C(=O)O,0.127527483,3.779605414,0,0,608.736,2.1768
COc1ccc(NC(=O)Nc2ccc(Cl)cc2)cc1-c1cnccn1,0.725331511,1.957087775,0.23,0.11,354.797,4.4496
CCc1cc(-c2ccc(C(N)=O)c(NC3CCCCC3)n2)ccc1OC,0.817191225,2.220349864,0.24,0.09,353.466,4.1631
O=C1NC(=O)C(=Cc2ccc(-c3ccc(Cl)cc3)o2)S1,0.854211213,2.266876119,0.45,0.24,305.742,3.9239
COc1ccc(NC(=O)Nc2ccc(-c3nc(N4CCOCC4)c4ccccc4n3)cc2)cc1,0.450044014,2.123981862,0.03,0.04,455.518,4.786
CC(=O)c1ccc(-c2nc(C(=O)Nc3ccc(OC(F)(F)F)cc3)cs2)cc1,0.59427214,2.078541272,0.02,0.04,406.385,5.1636
Cc1ccc(NC(=O)c2cccc(C(F)(F)F)c2)cc1Nc1ncnc2cnc(NCc3ccccc3)nc21,0.225501364,2.51964004,0.38,0.29,529.526,6.35502
O=C1NC(=O)C(=Cc2ccc(OCCCc3ccc(Br)cc3)cc2)S1,0.541838614,2.163485852,0.24,0.16,418.312,4.7846
O=C(Nc1ccc(Cl)cc1)c1ccccc1CNc1ccc(N2CCOCC2)cc1,0.584996728,1.957253578,0,0.04,421.928,5.041
COc1ccc(-n2nc(C(N)=O)c3c2-c2cc(NC(=O)c4ccccc4)ccc2CC3)cc1,0.49199066,2.254807847,0.08,0.01,438.487,3.9977
COc1ccc(NC(=O)Nc2ccc(F)c(C(F)(F)F)c2)cc1Nc1ncnc2[nH]ccc12,0.294108629,2.509317472,0.41,0.31,460.391,5.512
COc1ccc(-c2ccc3ccccc3c2)cc1NC(=O)c1ccc(N2CCCCC2)cc1,0.375823428,1.960771735,0.02,0.11,436.555,6.758
COc1ccc(CNc2nnc(Nc3ccc(N4CCOCC4)cc3)o2)cc1,0.645069998,2.305400686,0.13,0.08,381.436,3.2705
COc1ccc(-c2nc(-c3ccc(C)cc3)no2)cc1C(=O)NC1CC1,0.761221115,1.999836766,0.01,0.01,349.39,3.61282
CNC(=O)c1ccc(-c2nc(Nc3ccc(N4CCN(C)CC4)cc3)nc(N3CCCC(C)C3)n2)cc1,0.530516674,2.908272553,0.1,0.12,500.651,3.6299
CN(C)C(=O)c1ccc(-c2cnc3[nH]cc(-c4cccc(CN)c4)c3n2)cc1,0.575041548,2.396254852,0.53,0.31,371.444,3.4524
COc1ccc(C=C2SC(=O)CC(=O)C2=O)cc1,0.46212872,2.442448657,0.05,0.06,262.286,1.8378
COc1ccc(CN(C)C(=O)c2ccc(-c3ccc(C)c(Nc4ccccc4)n3)cc2)cc1,0.380582872,2.041644122,0.05,0.09,437.543,6.08142
COc1ccc(-c2nc(-c3cccc4ccccc34)[nH]n2)cc1,0.613512575,1.925132533,0.27,0.03,301.349,4.3005
COc1ccc(NC(=O)Nc2ccc(-c3cnc(N)c4ccncc34)cc2)cc1OC,0.441217645,2.239905259,0.71,0.19,415.453,4.5402
COc1ccc(Nc2ncc(C(=O)Nc3ccccc3N)cc2N)cc1,0.525622567,2.029287909,0.26,0.3,349.394,3.2505
COc1ccc(CNc2ncc(-c3ccnc(Nc4ccccc4)n3)cc2OC)cc1,0.424619532,2.223379612,0.66,0.37,413.481,4.9115
COc1ccc(-c2nc(-c3cccc4ccccc34)[nH]n2)cc1,0.613512575,1.925132533,0.27,0.03,301.349,4.3005
Cc1cccc(-n2nc(C(C)(C)C)cc2NC(=O)Nc2ccc(Nc3ccccc3)cc2)c1,0.317825716,2.174021896,0.21,0.1,439.563,6.86582
CC(=O)Nc1cc(-c2cccc3cnccc23)c(-c2ccncc2)nn1,0.614204896,2.427361878,0.47,0.17,341.374,3.7122
CC(C)C(NC(=O)Cn1ccc2ccccc21)C(=O)NC(C=O)Cc1ccccc1,0.537366928,2.985362467,0,0.04,405.498,2.7085
COc1ccc(NC(=O)C(C)NC(=O)c2ccc(-c3ccccc3)cc2)cc1,0.682002578,2.062815231,0.04,0.01,374.44,4.1192
COc1ccc(CNc2nc(Nc3ccccc3)ncc2F)cc1OC,0.668666251,2.000971028,0.67,0.34,354.385,3.9886
CC(C)c1ccc(-c2ccc3c(c2)C2(N=C(C)C(N)=N2)C2(CCCCO2)C3)cc1,0.791853687,4.407060574,0.13,0.04,387.527,4.9569
CC(=O)Nc1cccc(-n2c(=O)n(C)c3cnc(-c4ccccc4)nc32)c1,0.609743828,2.227495392,0.1,0.11,359.389,2.7446
Cc1ccc(Nc2nc(NCc3cccc(N)c3)[nH]n2)cc1,0.542831814,2.269133934,0.16,0.06,294.362,3.05102
O=C1Nc2ccccc2C(=O)N1c1ccccc1,0.700858157,1.678717497,0.1,0.03,238.246,1.679
CC(=O)Nc1cc(-c2cncc3cc(-c4ccccc4)sc23)ccn1,0.56934461,2.387999181,0.35,0.28,345.427,4.9837
COc1ccc(CNc2nc(Nc3cc(N4CCOCC4)ccc3OC)ncc2Cl)cc1,0.518877829,2.328269435,0.39,0.29,455.946,4.3395
O=C1NCCN1c1ccc2nccc(-c3ccc4ccccc4c3)c2n1,0.600364208,2.382291228,0.39,0.3,340.386,3.9796
COc1cccc(NC(=O)Nc2ccc(-c3cncc4ccsc34)cc2)c1,0.486785814,2.15188565,0.38,0.12,375.453,5.6159
CC(=O)Nc1cc(-c2ccccc2)n(-c2ccc(S(N)(=O)=O)cc2)n1,0.746560074,2.111341566,0.07,0.05,356.407,2.1451
COc1ccc(Nc2ncc(-c3ccccc3)s2)cc1,0.761230449,1.793034179,0.32,0.42,282.368,4.5623
O=C(Nc1ccc(Cl)cc1)c1ccc(-c2ncccc2Cl)cc1,0.700394752,1.683206906,0.1,0.06,343.213,5.3077
NC(=O)Cc1cccc(-n2nc(C(C)(C)C)cc2NC(=O)Nc2ccc(-c3ccc(N)cc3)cc2)c1,0.285347474,2.414400674,0.29,0.04,482.588,5.0908
CN=c1[nH]nc(-c2ccc3[nH]cc(-c4cccc(C(F)(F)F)n4)c3c2)o1,0.571583706,3.1058245,0.33,0.07,359.311,3.7623
CNC(=O)c1ccc(-c2noc(C(F)(F)F)n2)cc1,0.907920604,2.138302494,0.08,0.02,271.198,2.115
CC(=O)Nc1ccc(Nc2ncc(C(=O)Nc3ccccc3C(=O)O)cc2F)cc1,0.491380885,2.091965791,0.13,0.29,408.389,3.8732
CC(C)c1ccccc1N1CCN(C(=O)C(Cc2ccc(Cl)cc2)NC(=O)C2Cc3ccccc3CN2)CC1,0.457769551,3.199860541,0.01,0.01,545.127,4.554
COc1ccc(Nc2ncc(C(N)=O)c(Nc3ccccc3)n2)cc1,0.639658763,1.928657005,0.77,0.49,335.367,3.0713
Cc1ccc(-c2n[nH]c3ccc(-c4nnn[nH]4)cc23)cc1,0.589359981,2.462349079,0.31,0.15,276.303,2.71842
COc1cc(-c2ccc3c(c2)Nc2ccccc2NC3=O)ccc1[N+](=O)[O-],0.525992119,2.292138949,0.73,0.13,361.357,4.5797
CC(C)C(NC(=O)c1ccccc1)C(=O)NC(Cc1ccccc1)C(=O)NC(C=O)CC(=O)O,0.347087292,3.094729951,0,0.01,467.522,1.3269
COc1ccc(NC(=O)c2cccc(C(F)(F)F)c2)cc1Nc1ncnc2cnc(Nc3ccccc3)nc21,0.227969348,2.504531661,0.52,0.44,531.498,6.1867
Cc1ccc(Nc2nccc(Nc3ccc(N4CCOCC4)cc3)n2)cc1,0.713093541,2.082811154,0.5,0.44,361.449,4.10882
Cn1ncc(NC(=O)c2nc(-c3ccccc3F)sc2N)c1C1CCC(N)CC(F)CO1,0.546295127,4.161498653,0.17,0.02,462.526,3.4242
COc1cc(Nc2ncc(-c3ccccc3)n2-c2ccccc2)cc(OC)c1,0.499568812,2.13760473,0.2,0.25,371.44,5.3001
CC(=O)Nc1ccc(-c2ccnc3[nH]cc(-c4cccc(CN5CCOCC5)c4)c23)cc1,0.485846682,2.379196276,0.41,0.16,426.52,4.6875
COc1ccc(F)cc1-c1nc(Nc2cc(Cl)cc(C(=O)Nc3c(C)cccc3C)n2)ccc1C(=O)O,0.263507574,2.602969461,0.11,0.09,520.948,6.25564
Cc1cc(C)cc(-c2[nH]c3[nH]cc(C(=O)OC)c3c2-c2ccnc(N)c2)c1,0.476792904,2.831261994,0.28,0.2,360.417,4.21064
O=C1NC(=O)C(=Cc2cccc([N+](=O)[O-])c2)S1,0.491697099,2.294956598,0.63,0.33,250.235,1.9187
CC(=O)Nc1cc(-c2ccc3c(c2)nc(Nc2ccccc2Cl)n3C)ncc1F,0.48981104,2.402279556,0.22,0.36,409.852,5.1298
O=C1NC(=O)C(=Cc2ccc(-c3ccc(F)cc3)o2)S1,0.86065311,2.273148184,0.41,0.32,289.287,3.4096
Cc1cccc(-c2nc(N)c3cc(CN4CCCCC4)ccc3n2)c1,0.781794698,2.053709403,0.08,0.01,332.451,4.17332
CN(C)C(=O)c1ccc(-c2nc(Nc3ccc(N4CCOCC4)cc3)ncc2F)cc1,0.679340401,2.283047697,0.5,0.75,421.476,3.5647
COc1ccc(Nc2ncc3c(n2)-c2ccccc2C3=O)cc1,0.62784842,2.01534758,0.53,0.47,303.321,3.4402
O=C(CCc1ccccc1)c1ncc(-c2cccc3ccccc23)o1,0.4664968,2.081069116,0.14,0.04,327.383,5.3103
COc1ccc(C=NNc2nc(Nc3ccccc3)c3ccccc3n2)cc1OC,0.341991502,2.124312145,0.13,0.08,399.454,4.8366
CN(C)CCc1ccc2c(c1)-c1ccccc1C2=O,0.71292641,1.891333559,0.03,0.01,251.329,3.0021
O=C1NC(=O)C(=Cc2ccc(-c3ccccc3)cc2)S1,0.854122807,1.941004124,0.58,0.23,281.336,3.6775
CC(C)c1ccc(-c2ccc3c(c2)C=CSC(=O)N2CCC(c4ccc(C(F)(F)F)cc4)C23)cc1,0.363137302,3.599658178,0.06,0.03,493.594,8.8639
COc1ccc(C(=O)Nc2cccc(C(F)(F)F)c2)cc1Nc1ncnc2cnc(NC3CCOCC3)nc21,0.296581413,2.711253501,0.42,0.36,539.518,5.034
Cc1cc(C(=O)Nc2ccc(N3CCC(N4CCCC4)CC3)c3ncccc23)n(-c2ccccc2)n1,0.433248773,2.495393974,0.11,0.08,480.616,5.04582
COc1ccc(-c2ccc3c(N4CCOCC4C)nc(N4CCCCCC4)nc3n2)cc1,0.607569365,2.950136826,0.05,0,433.556,4.3059
Cc1ccc(-c2n[nH]c3ccc(-c4ncccn4)cc23)cc1,0.605781033,2.097750103,0.49,0.21,286.338,3.99532
COc1ccc(-c2ccc(C(=O)Nc3ccc4c(c3)-c3ccccc3C(=O)N4C)cc2)cn1,0.402700344,2.134825823,0.16,0.09,435.483,5.0146
COc1cccc(-c2noc(C(=O)Nc3cnccc3N3CCC(N)CC3)n2)c1,0.676543642,2.481281954,0.37,0.05,394.435,2.32
Cc1cccc(-c2nc(N)c3sccc3n2)c1,0.711152796,2.223516817,0.13,0,241.319,3.24892
COc1ccc(NC(=O)c2cccc(C(F)(F)F)c2)cc1Nc1ncnc2cnc(NCc3ccccc3)nc12,0.215830291,2.543194376,0.41,0.24,545.525,6.0552
CCC(C)C(NC(=O)C(CC)NC(=O)Cc1ccccc1)C(=O)NC(Cc1ccc(O)cc1)C(=O)O,0.286830851,3.291568724,0,0,497.592,2.1725
COc1ccc(CNC(=O)c2ccc(-c3cnc(N)cn3)cc2)cc1OC,0.697563522,2.038234653,0.27,0.05,364.405,2.673
COc1cc(Nc2nccc(-c3cnc4ccccc4c3)n2)cc(OC)c1OC,0.52229095,2.219040746,0.75,0.57,388.427,4.4612
CCC(=O)c1cnc2ccc(-c3ccc(F)c(Cl)c3)cc2n1,0.659046066,2.215719883,0.18,0.11,314.747,4.682
COc1cc(Nc2ncc(C(=O)Nc3ccccc3)cc2-c2ncccn2)ccc1OC,0.446339622,2.203945862,0.1,0.18,427.464,4.5517
COc1ccc(-c2nn(C(C)C)c3ncnc(N)c23)cc1OC,0.796396517,2.339074629,0.5,0.2,313.361,2.6736
COc1ccc(C(=O)Nc2nc(-c3ccccc3)nc3[nH]ccc23)cc1,0.588558138,2.063291838,0.28,0.06,344.374,3.8858
CN(C)CCOc1ccc(Nc2nccc(-c3cnn4ccccc34)n2)cc1,0.534202869,2.392682967,0.87,0.38,374.448,3.4753
COc1ccc(-c2nc(-c3ccc(C)cc3)c(-c3ccncc3)n2-c2ccc3ccccc3c2)cc1,0.260305613,2.288661754,0.27,0.25,467.572,7.73852
COc1ccc(-c2nc(Nc3ccccc3)nc(NC(=O)c3ccccc3)n2)cc1,0.496406066,1.94175218,0.12,0.18,397.438,4.5431
O=C1C=Cc2cc(-c3ccccc3)ccc2N1,0.672138793,1.661936428,0.32,0.06,221.259,3.1951
COc1ccc(-c2ccc3c(c2)Nc2ccccc2NC3=O)cc1,0.722008455,2.006317419,0.79,0.06,316.36,4.6715
CC(=O)Nc1cccc(Nc2nc(Nc3ccc(N4CCOCC4)cc3)nn2CC(N)=O)c1,0.408860474,2.57695392,0.13,0.13,450.503,2.0456
COc1ccc(-c2ccc3c(N4CCOCC4C)nc(N4CCCCC4)nc3n2)cc1,0.635109836,2.93728319,0.05,0,419.529,3.9158
CN(C)C(=O)c1ccc(-c2cnc3ccc(Nc4ccccn4)cc3n2)cc1,0.585402906,2.173610963,0.21,0.54,369.428,4.1372
COc1ccc(-c2ccc(C(=O)Nc3ccc4[nH]ncc4c3)cc2)cc1,0.573549959,1.851751757,0.32,0.08,343.386,4.4908
COc1ccc(C(=O)Nc2cccc(C(N)=O)c2)cc1Nc1ncnc2cnc(N3CCCCC3)nc12,0.347908505,2.518729655,0.25,0.16,498.547,3.5135
COc1ccc(-c2nnc(Nc3ccccc3C)n3cccc23)cc1,0.600190911,2.285478844,0.12,0.08,330.391,4.45692
Cc1ccc(-c2cc(C(=O)Nc3ccc(OC(F)(F)F)cc3)ccc2NC(=O)C(C)c2ccc(NS(C)(=O)=O)c(F)c2)cc1,0.171595254,3.012539464,0.07,0.09,629.632,7.06572
Cc1ccc(-c2nc(-c3ccc(C)c(N4CCOCC4)c3)no2)cc1,0.727380121,2.066794966,0.02,0,335.407,3.85704
COc1ccc(-c2ccccc2)cc1-n1c(C)nc2ccccc21,0.531317445,1.849507749,0.02,0.02,314.388,5.00952
CC(C)C(=O)Nc1ccc(C(=O)Nc2cc(-c3ccccc3)ccc2O)cc1,0.555557146,1.805493231,0.08,0.03,374.44,4.906
COc1ccc(C(=O)Nc2cccc(C(F)(F)F)c2)cc1Nc1ncnc2cnc(NCc3ccccc3)nc12,0.215830291,2.535074509,0.45,0.24,545.525,6.0552
O=C(Nc1cccc(CN2CCC(C(=O)Nc3ccc(C(F)(F)F)cc3)CC2)c1)C1CCOCC1,0.604397007,2.24497314,0.02,0.03,489.538,4.9212
COc1ccc(C=NNc2nc(Nc3cc(Br)ccc3OC)ccc2OC)cc1,0.363924738,2.344633782,0.11,0.15,457.328,5.0595
CC(C)(C)c1ccc(CNc2ccc(-c3ccc4c(c3)OCCNC4=O)cc2)cc1,0.617675579,2.264695679,0.34,0.08,400.522,5.3854
COc1ccc(Nc2ncc(C(N)=O)c(Nc3cc(-c4cccc(N)c4)n(CC(C)C)c(=O)c3)n2)cc1,0.250988154,2.696803897,0.51,0.35,499.575,4.1382
Cc1cc(C(=O)O)ccc1-c1ccc2c3cnccc3nc-2cn1,0.608595437,2.300631466,0.33,0.11,315.332,3.80322
Nc1ncc(-c2ccc(-c3ccccc3)cc2)nc1NC1CCCCC1,0.687859949,2.110221497,0.48,0.15,344.462,5.1374
COc1ccc(-c2ccccc2)cc1-n1ccn2nc(-c3cccnc3)cc21,0.456077717,2.513286507,0.26,0.03,366.424,4.8626
COc1ccc(C(=O)Nc2cccc(C(=O)O)c2)cc1OC,0.886514626,1.539402046,0,0.01,301.298,2.6543
CC(=O)NC(C)c1ccc(OC2CCN(c3ccnc(Nc4ccccc4)c3)C2)cc1,0.585414723,2.987760826,0.13,0.44,416.525,4.68
CN(C)C(=O)c1ccc(-c2ccc3nccc(Nc4cccc(C(F)(F)F)n4)c3n2)cc1,0.477838011,2.506127896,0.21,0.24,437.425,5.156
O=C(O)c1cccc(-c2cccc(-c3ccccc3)c2)c1,0.750029436,1.495442612,0.06,0.02,274.319,4.7188
COc1ccc(-c2nc(-c3cccc4cnccc34)[nH]n2)cc1,0.626558619,2.144602216,0.57,0.15,302.337,3.6955
CN(C)CCCC(=O)Nc1ccc2ncnc(Nc3cccc(Br)c3)c2c1,0.583375938,2.167253834,0.68,0.15,428.334,4.4162
CC(C)(C)c1ccc(-c2cnc(N)c(NC(=O)C3CCC(C(=O)O)CC3)n2)cc1,0.722200697,2.455327422,0.44,0.12,396.491,3.8528
COc1ccc(C(=O)Nc2ccc(F)c(C3(C)CC(C(F)(F)F)OC(=N)N3)c2)nc1,0.649937038,3.828096145,0.04,0.06,426.37,3.57237
COc1ccc(NC(=O)c2ccc(C)c(Nc3ncnc4cnc(N5CCCC5)nc34)c2)cc1,0.442560233,2.372081792,0.23,0.14,455.522,4.33292
CN(C)C(=N)c1ccc(C(=O)Nc2cc(-c3ccccc3)nc(NC(=O)OCC)c2)cc1,0.39462029,2.370717127,0.06,0.02,431.496,4.45627
COc1ccccc1N1CCN(Cc2cn(-c3ccc(S(C)(=O)=O)cc3)nn2)CC1,0.595190759,2.236494605,0.03,0.01,427.53,2.0016
Cc1ccc(-c2nc(Nc3ccccc3)sc2N)cc1,0.745662908,1.94973675,0.12,0.06,281.384,4.44432
CC(C)c1ccc(NC(=O)Nc2ccc(-c3nc(N4CCOCC4)nc(N4CCOCC4)n3)cc2)cc1,0.52061119,2.443330278,0.02,0.02,503.607,3.9792
COc1ccccc1Nc1nc(Nc2cccc(C(=O)O)c2)nc(N)n1,0.527569486,2.084584583,0.14,0.14,352.354,2.6478
COc1cc(Nc2nc(NCc3ccccc3)ncc2-c2nc3ccccc3[nH]2)cc(OC)c1,0.290262772,2.406577708,0.49,0.12,452.518,5.3928
