smiles,qed,sas,weight,logP,gsk3b,jnk3
n1cccc(c1)Nc1cc(ccn1)C1=C(NC(=O)CC1)c1ccc(cc1)F,0.733867718,2.5687653,360.392,4.1376,-9,-8.3
C1(c2ccc(F)cc2)C(=O)NC(=O)C=1c1ccnc(NC2CCOCC2)c1,0.81135624,2.535260281,367.38,2.3788,-9,-9
c12c(OCO1)cc(C1=C(c3ccc(F)cc3)C(NC1=O)=O)c(Cl)c2,0.850042246,2.375005881,345.713,2.775,-8.5,-8.4
c1c2c(ccc1C1C(NC(C=1c1ccnc(NC3CCOCC3)c1)=O)=O)OCO2,0.766473339,2.708686279,393.399,1.9684,-9.8,-9.5
C1CC1C(Nc1cc(C2=C(OC(=C(c3ccccc3)C2=O)N)N)ccn1)=O,0.655354346,2.613210577,362.389,2.8817,-8.9,-8.3
O=C(N)c1ccc(C2=C(C(NC2=O)=O)c2cc(ccc2)F)cc1,0.841772581,2.137840254,310.284,1.4918,-8.5,-8.1
c1cc(Cl)ccc1C1=C(C(=O)NC1=O)c1ccnc(NC2CCOCC2)c1,0.793382813,2.530676849,383.835,2.8931,-8.7,-9.1
c1(N2CCOCC2)cc(-c2nc(ncc2)NC(c2ccccc2)=O)ccn1,0.769438186,2.162565,361.405,2.6275,-9.1,-8.3
c1cc2c(cc1)n(C(C)C)cc2C1C(NC(=O)C=1c1cc(ccc1F)F)=O,0.710738937,2.519537654,366.367,4.0676,-9.1,-8
C1(C(=C(C(N)=O)c2cccc(c2)C)Nc2cc(F)ccc2)CC1,0.824133253,2.509715494,310.372,3.85262,-7.7,-7.7
C1(C(=O)NC(C(N1)=O)=O)=Cc1ccc(OC)c(OC)c1,0.453478229,2.330325026,276.248,-0.1827,-7,-7.1
c1ccc(Cl)cc1C1=C(C(NC1=O)=O)c1c(cnc(NC2CCOCC2)c1)Cl,0.742939941,2.667007737,418.28,3.5465,-8.8,-9.1
c1(C2=C(c3ccnc(c3)NC3CCCC3)C(=O)NC2=O)cccc(OC)c1,0.798456144,2.426596376,363.417,3.0119,-9,-8.5
C1COCCN1C(Nc1cc(Nc2nccc(-c3ccc(C(=O)N)cc3)c2)ncc1)=O,0.585580959,2.362988319,418.457,2.8502,-9.8,-9.5
Clc1cc(-c2n[nH]c(=O)n2-c2cc3c(cc2)cccc3)c(N)nc1,0.588058234,2.390499025,337.77,3.0114,-9,-8.9
c1cc(ncc1-c1ccnc(NC(=O)C2CCC(CC2)OC)c1)Nc1ccc(Cl)cc1,0.519122653,2.362239088,436.943,5.6843,-9.4,-8.6
C1(NC(=O)C(c2cc(NC3CCCCC3)ncc2)=C1c1ccc(F)cc1)=O,0.813387824,2.407270341,365.408,3.5325,-9.4,-8.6
c1cc(Cl)cc(C2=C(c3cc(ncc3)NC3CCOCC3)C(NC2=O)=O)c1,0.793382813,2.579779216,383.835,2.8931,-9.1,-9
c1c(C#N)cccc1Nc1[nH]c(=O)c2c(n1)cc(c(Cl)c2)Cl,0.747308516,2.381480677,331.162,3.84518,-9,-8.2
c1c(cccc1C(N)C)C1C(NC(C=1c1cccc(C(=O)N)c1)=O)=O,0.73188104,2.784984407,335.363,1.3724,-9.3,-8.2
c1cc(cc(n1)Nc1cccc(c1)OC)C1=C(C(NC1=O)=O)C,0.846870153,2.341152317,309.325,2.2637,-8.2,-8
c1ccc(-c2ccnc(NC3CCC3)c2)c(Cl)c1C(=O)N,0.908363241,2.252115068,301.777,3.4653,-7.8,-8.2
c1nc(ncc1C1=C(C(NC1=O)=O)c1cc(ncc1)NC1CCOCC1)NC1CCOCC1,0.562631601,2.998837873,450.499,1.6206,-9.4,-9.1
c1cc(-c2nnc3n2N=C2C(NC(C)=NC2=Cc2ccccc2)=N3)ccc1F,0.58151769,2.959525931,371.379,3.6674,-10.2,-9.5
N(C1=C(c2cc(ncc2)NC2CCC2)C(NC1=O)=O)c1ccc(cc1)C,0.723905824,2.464846745,348.406,2.83402,-9,-8.4
c1cc(c(cc1F)-c1cc(ncc1)NC1C(=O)NC(C=1c1ccc(F)cc1)=O)F,0.66199614,2.513551976,395.34,3.6455,-9.4,-9.4
c1cnc(c(c1)C1C(=O)NC(=O)C=1c1ccnc(c1)NC1CCC1)NC1CCC1,0.65759315,2.717091984,389.459,2.9726,-8.8,-8.3
O=C1NC(C(c2cc(ccn2)NC2CCC2)=C1c1ccc(Cl)cc1)=O,0.827499606,2.475444736,353.809,3.2666,-8.5,-8.4
c1c(-c2nc3[nH]c(nc3cc2)NC(=O)C)cc(nc1)NC1CCCCC1,0.666303102,2.597895481,350.426,3.7229,-8.8,-8.5
c1(cc(-c2ccc3n(C)nc(C)c3c2)ncc1)NC(C1CC1)=O,0.807458607,2.220441548,306.369,3.29222,-8.6,-7.7
O=C1NC(C(=C1c1ccc(F)cc1)c1ccnc(NC2CCCC2)c1)=O,0.830425976,2.400630105,351.381,3.1424,-9.1,-8.7
c1(ccc2c(c1)cncc2OC)C1C(NC(C=1c1ccc(F)cc1)=O)=O,0.739157058,2.404458803,348.333,2.9497,-8.4,-8.9
c1cc(cc(C2=C(c3ccnc(NC4CCOCC4)n3)C(NC2=O)=O)c1)Br,0.725674336,2.693876849,429.274,2.3972,-9.2,-8.9
c1cnccc1C1C(NC(=O)C=1NCc1ccc(cc1)F)=O,0.836414193,2.301631049,297.289,1.378,-7.3,-7.8
c1(n[nH]c2ncc(cc12)C1CCCCC1)NC(CCC)=O,0.89894892,2.479064301,286.379,3.7442,-8.1,-7.9
c1c(C2=C(c3ccnc(NC4CC4)c3)C(NC2=O)=O)ccc(c1)F,0.847539882,2.386561311,323.327,2.3622,-8.3,-7.9
c12c(cc(cc2)Nc2nccc(n2)-c2ccncc2)n(c(=O)[nH]1)C(C)C,0.59023317,2.477784566,346.394,3.5061,-8.8,-8.5
c1(F)c(C2=C(C(=O)NC2=O)c2ccncc2)cc(NC2CCCN(C)CC2)nc1,0.771147506,3.159386343,395.438,2.0791,-9.6,-7.9
C1(=C(c2cccc(c2)C(=O)N)C(=O)NC1=O)c1ccnc(NC2CCC(CC2)O)c1,0.555561121,2.660313309,406.442,1.4631,-9.9,-9.8
c1ccc(cc1Nc1cc(ccn1)-c1cnc(N)cc1)N1CCC(NC)CC1,0.632521121,2.405970209,374.492,3.6576,-9.3,-8.9
c12c(C3C(NC(C=3c3ccc(cc3)F)=O)=O)cn(CCO)c1cccc2,0.709727561,2.341092067,350.349,2.3399,-8.6,-8.4
c12ccc(-c3cc(Nc4ccccc4)ccn3)cc1CCCN2C(CC)=O,0.69949506,2.194619438,357.457,5.1814,-8.9,-8.7
C1(NC(=O)C(S1)=Cc1ccc(cc1)F)=NC1CCCc2ccccc12,0.810764032,3.242720166,352.434,4.4632,-9.1,-8.6
c1(cc(C2C(NC(=O)C=2c2ccc(F)cc2)=O)cc(c1)CO)C,0.854051835,2.282082561,311.312,2.19362,-9.2,-7.9
c1c(OCC)cc(C2C(NC(C=2O)=O)=O)cc1-c1ccncc1,0.844024879,2.432479418,310.309,2.0728,-8.5,-8.1
C1(C(Nc2nccc(c2)C2=C(C(NC2=O)=O)c2cc(ccc2)Cl)CCC1)O,0.705840268,3.30249705,383.835,2.6275,-9.5,-8.5
c1c(CN(C2CC2)C)ccc(c1)C1=C(c2ccc(F)cc2)C(=O)NC1=O,0.84368021,2.255081334,350.393,2.9871,-8.3,-8
O=C1NC(=O)C(c2cn(C)c3ccccc32)=C1c1cc(Cl)ccc1,0.72915021,2.273399546,336.778,3.3989,-8.5,-8.3
C1(=O)C(c2ccc(Cl)cc2)=C(C(=O)N1)c1ccnc(NC2CCOCC2)c1,0.793382813,2.530676849,383.835,2.8931,-8.8,-9
c1ncc(c(C2C(=O)NC(C=2c2ccc(cc2)Cl)=O)c1)C1CC1,0.88212169,2.402109477,324.767,3.1796,-7.8,-7.9
c1(cnc(NC2CCOCC2)nc1)C1=CC(=O)NC1=O,0.759731148,2.890346565,274.28,0.1073,-7.3,-7.5
c1cc(cc(c1)Cl)C1C(NC(=O)C=1c1ccnc(NCC2CCOCC2)c1)=O,0.757454076,2.607116946,397.862,3.1407,-8.7,-8.7
c12c(c(NC3CCC(CC3)O)ncn1)cc(-c1cc(ccc1)CO)cc2,0.671784475,2.297220785,349.434,3.5045,-8.8,-8.8
Cc1oc(cn1)C1C(NC(=O)C=1c1ccnc(NC2CCOCC2)c1)=O,0.802127014,2.949722413,354.366,1.53612,-8.5,-8.5
C1(NC(C(c2ccccc2)=C1c1cc(ncc1)NC1CC1)=O)=O,0.849778607,2.321965647,305.337,2.2231,-8.1,-7.6
c1c2c(cnc1NC1CCOCC1)ccc(n2C)=O,0.888188578,2.48055216,259.309,1.5244,-7.6,-7.4
c1c(F)c(NC2CCC2)ncc1-c1n[nH]c(n1-c1cc2c(cccc2)cc1)=O,0.567600231,2.530041733,375.407,3.8793,-9.6,-9
c1c(-c2cc(NC3CCCC3)ncc2)n[nH]c1-c1cc(ncc1)Nc1cc(ccc1)F,0.373211174,2.564279958,414.488,5.7709,-9.8,-9.5
c1(NCC2OCCC2)nc(ccn1)-c1cc(=O)n(C)nc1C1CCOCC1,0.85555971,3.297806832,371.441,1.7222,-8.3,-7.5
O=C(c1cc(ccc1)C1C(NC(=O)C=1c1cccc(c1)F)=O)N,0.841772581,2.197785446,310.284,1.4918,-8.7,-8.3
c1c(Br)ccc(Nc2nncc3cc(n(c32)C)C(=O)NCCCCO)c1,0.513473316,2.572077722,418.295,2.9767,-8,-7.1
C1(=O)C(c2cc(ncc2)NC2CCCC2)=C(C(N1)=O)c1c(cccc1)F,0.830425976,2.436908874,351.381,3.1424,-9,-8.4
c1cc(C2C(=O)NC(C=2c2ccnc(c2)NC2CC2)=O)cc(O)c1,0.748556932,2.511602261,321.336,1.9287,-8.4,-8.1
n1(c2ncccc2c(C2=C(c3c4c(ccc(c4)Cl)n(C)c3)C(NC2=O)=O)c1)C,0.533888736,2.668236561,390.83,3.2856,-9.2,-8.3
c1(OC)cc(C2C(NC(=O)C=2c2ccnc(c2)NC2CCC2)=O)ccc1O,0.703342243,2.538650861,365.389,2.3274,-9,-8.4
c1c(OC)cc(C2C(=O)NC(=O)C=2c2ccnc(NC3CCOCC3)c2)cc1OC,0.706297347,2.671677611,409.442,2.2569,-9.1,-8.4
c1(NC(CC)=O)ccc(cc1)C1=C(C(=O)NC1=O)c1ccccc1,0.850363458,2.010864252,320.348,2.6023,-8.5,-7.9
C1Cc2c(cc(C(N)=O)nc2)CCN1C(C=Cc1cc(ccc1)Cl)=O,0.859154454,2.424434335,355.825,2.4745,-8.6,-8.5
C1(C(c2ccc(cc2)F)C(=O)NC=1c1ccnc(NC2CCCCC2)c1)C,0.831851169,3.05840063,365.452,4.6099,-9.1,-8.7
c1(C2C(=O)NC(C=2c2cc(ccc2)OC)=O)ccc(F)cc1,0.885129722,2.030741968,297.285,2.4015,-8.1,-7.8
n1c(c(c(Nc2cccc3c2cccc3)o1)C#N)-c1ccnc(NC2CCOC2)c1,0.503504229,3.199567596,397.438,4.70588,-10.1,-9
c1(ccnc(NC2CN(C2)C(NC(C)C)=O)c1)C1=C(c2ccncc2)C(=O)NC1=O,0.643962515,2.780147659,406.446,1.2579,-9,-8.2
Fc1cc(NC2CCOCC2)ncc1C1=C(C(=O)NC1=O)c1ccc(cc1)Cl,0.769628572,2.662242929,401.825,3.0322,-8.9,-8.6
C(C1CCC1)(=O)Nc1c(C2C(NC(=O)C=2c2ccc(F)cc2)=O)cccn1,0.815250999,2.399779403,365.364,2.5265,-8.9,-8
c1c(F)cc2CCN(C(=O)Nc3ncccc3)Cc2c1,0.866482131,2.036253726,271.295,2.8109,-7.9,-7.7
Fc1cccc(c1F)C1=C(C(=O)NC1=O)Nc1cc(-c2ccncc2)ccc1,0.682951928,2.468393314,377.35,3.5064,-9.1,-9
n1cc(ccc1-c1ccnc(c1)NC)NC(C1CC1)=O,0.893851834,2.114597577,268.32,2.5338,-6.8,-7.2
c1(cccc(c1)C1=C(C(NC1=O)=O)c1ccnc(NC2CCOCC2)c1)Cl,0.793382813,2.579779216,383.835,2.8931,-9,-9
c1(nc(NC2CCOCC2)cc(-c2nccc(c2)C(N)=O)c1)C1CC1,0.874647454,2.61927239,338.411,2.7108,-8.6,-8.1
n1ccc(C2=C(c3cc(F)ccc3F)C(=O)NC2=O)c(NC2CCC2)n1,0.821466355,2.781965422,356.332,2.2864,-9.5,-8.2
c1ccccc1C1C(NC(C=1c1c2c(n(C)c1)cccc2)=O)=O,0.74005506,2.152761451,302.333,2.7455,-8.5,-8.1
C(C1=C(c2cn(c3ccccc32)C)C(NC1=O)=O)c1ccc(Cl)cc1,0.735100001,2.415522092,350.805,3.4844,-8.2,-8.1
c1c(NC(=O)C)cccc1OC1CCC(CC1)NC(=O)Cc1ccc(cc1)F,0.795349941,2.055141006,384.451,3.833,-9,-8.2
c1(cc2c(n[nH]c2cc1)NC1CCCC1)-c1ccc2c(ccc(c2)F)c1,0.486875664,2.25735936,345.421,5.8767,-9.8,-10.2
C1C(C(Nc2nccc(c2)-c2nnn(C(C)C)c2)=O)CCC1,0.941404746,2.413842039,299.378,3.0497,-8.1,-7.2
c1cc(ccc1Cl)C1C(=O)NC(C=1c1ccnc(NC2COCC2)c1)=O,0.809301547,2.993536253,369.808,2.503,-8.5,-8.7
c1cc(Nc2nccc(-c3[nH]c(nc3-c3ccccc3)C)c2)ncc1,0.575331351,2.316421922,327.391,4.58572,-9.2,-8.6
c1(C2=C(c3ccnc(NC4CCOCC4)c3)C(=O)NC2=O)cc(ccc1)F,0.81135624,2.588614128,367.38,2.3788,-9.2,-8.9
C1(C(Nc2cc(C3C(=O)NC(=O)C=3c3ccccc3Cl)ccn2)=O)CC1,0.813018404,2.361901565,367.792,2.6507,-8.8,-8.2
c12c(ccc(O)c1)cc(C1C(Nc3ccccc13)=O)c(OC)c2,0.759723189,2.740647739,305.333,3.638,-8.3,-8.2
c1(c(F)cccc1)C1=C(c2cc(NC3CCOCC3)ncc2)C(=O)NC1=O,0.81135624,2.570143713,367.38,2.3788,-8.9,-8.9
c1ccc(cc1)C1=C(c2ccc(cc2)Cl)C(=O)NC1=O,0.861575163,1.908418629,283.714,2.9072,-8.1,-7.7
c1(-c2ccnc(NC3CCC(N)CC3)c2)ccnc(c1)NC1CCOCC1,0.750820711,2.613480577,367.497,3.4163,-8.5,-7.7
c1c(F)ccc(c1)C1=C(c2sc(C)cc2)C(=O)NC1=O,0.863299547,2.348875411,287.315,2.76282,-7.4,-7.3
Fc1c(cc(cc1)C1C(=O)NC(C=1c1cc(NC2CCCC2)ncc1)=O)F,0.811721282,2.519884803,369.371,3.2815,-9.1,-9.1
C1=CCCCc2c1cc(-c1c([nH]nc1-c1ccnc(NC3CCCC3)c1)O)cc2,0.549629547,2.970931827,386.499,5.5483,-9.9,-9.4
n1[nH]c2c(cc(-c3cc(NC4CCC4)ncc3)cn2)c1NC1CCC1,0.658326357,2.631321626,334.427,3.9487,-8.9,-8.3
c1(ccc(cc1)C1=C(OCCO)C(=O)NC1=O)OC,0.734372423,2.414363602,263.249,0.0716,-6.6,-6.4
C1CC(CCC1N1CCOCC1)C(N)=O,0.718892242,2.146729183,212.293,0.3627,-5.8,-5.9
n1c(NC2CCCNC2)nccc1-c1n[nH]c(n1-c1cc(F)c(F)cc1)=O,0.64023145,3.158568678,373.367,1.4597,-8.9,-8.8
c1(C2=C(c3ccc(F)c(c3)F)C(NC2=O)=O)cn(C)c2ccccc12,0.730443395,2.353376291,338.313,3.0237,-8.6,-8.7
c1ccc(c(F)c1Cl)C1=C(C(NC1=O)=O)c1ccnc(c1)NC1CCOCC1,0.769628572,2.727046391,401.825,3.0322,-9.3,-9.2
C1CC(Nc2c3c(n[nH]2)ncc(c3)Cl)CCN1C(=O)NC(C)C,0.803821214,2.723052672,336.827,2.6056,-7.9,-7.6
c1cc2c(ccc(NC3C(=O)NCCCN=3)c2)nc1-c1ccc(cc1F)F,0.729419782,2.646824778,366.371,3.5103,-9.4,-9.4
c1cc(Nc2nccc(-c3c(-c4ccc(F)cc4)n(nc3C)C)c2)ccc1,0.535341711,2.192578625,358.42,5.34022,-8.9,-9
C1(NC(=O)C(=C1c1ccc(OC)cc1)c1cn(c2cc(NCC3CCOCC3)ncc12)C)=O,0.565632684,2.78328639,446.507,2.9876,-9.3,-8.4
C1(C(NC(=O)C=1c1cc(-c2ccccc2F)ccc1)=O)c1cccnc1,0.74048934,2.242113797,344.345,3.4549,-9.5,-9.6
c1cc(cc(C2C(NC(=O)C=2c2cccc(Br)c2)=O)c1)C(N)=O,0.810380302,2.243395542,371.19,2.1152,-8.6,-8.2
O=C1NC(C(=C1c1cc(ncc1)NC1CCCCC1)c1cc(ccc1)F)=O,0.813387824,2.460624187,365.408,3.5325,-9.5,-9.1
C1(C(=C(C(=O)N1)c1cc(NC2CCCCC2N)ncc1)c1ccccc1)=O,0.725497445,3.217601545,362.433,2.3306,-9,-8.7
COc1c(OC)cc2c(c(C=C3C(NC(=Nc4ncccc4F)S3)=O)cnc2c1)OC,0.604851688,3.200109298,440.456,3.6863,-8.7,-8.5
c1c(ccc(c1)C1=C(C(NC1=O)=O)c1ccnc(c1)NC1CCCCC1)OC,0.78086397,2.386752844,377.444,3.402,-9.5,-8.9
c1c(c(OC)ccc1)C1C(NC(C=1c1ccnc(c1)NC1CCOCC1)=O)=O,0.774833116,2.53893404,379.416,2.2483,-9,-8.9
C1COCCC1Nc1nc2cc(ccc2nn1)-c1cc(ncc1)Nc1ccccc1,0.514592179,2.507614033,398.47,4.4213,-9.9,-9.2
c1(N=C(c2cc(n3c2cccc3)C)O)cc(NC2CCOCC2)ncc1,0.553418029,2.932298315,350.422,3.86992,-8.8,-7.8
C1C(CCN(C(NC(C)C)=O)C1)Nc1ncc2cnc(-c3ccccc3)nc2n1,0.709535421,2.495284702,391.479,3.0811,-9.4,-8.8
C(C)OC(Nc1cccc(c1)C1=C(C(NC1=O)=O)c1ccc(F)cc1F)=O,0.808066061,2.318375193,372.327,3.1004,-8.8,-8.6
c1(c(-c2c(CNC(C3CCOCC3)=O)cccc2)n[nH]c1OC)-c1ccc(F)cc1,0.646759609,2.57970321,409.461,3.9342,-8.8,-8.3
c1cc(ccc1Br)C1=C(C(=O)NC1=O)c1cc(NC2CCCC2)ncc1,0.750652513,2.44538272,412.287,3.7658,-8.7,-8.8
C1Oc2c(cc(cc2)C2=C(c3ccc(Cl)cc3)C(=O)NC2=O)O1,0.861220278,2.23049292,327.723,2.6359,-8.6,-8
N(C1CCC(C1)O)c1nccc(C2=C(c3ccc(cc3)F)C(NC2=O)=O)c1,0.720269229,3.254650496,367.38,2.1132,-9.1,-8.8
C(Nc1nccc(-c2ccnc(Nc3ccccc3)c2)c1)(C1CCOCC1)=O,0.698081086,2.255207545,374.444,4.2523,-9.3,-8.4
c1cccc2cc(ccc21)-n1c(-c2ccnc(c2)Nc2ccccc2)n[nH]c1=O,0.481383038,2.271718768,379.423,4.5194,-9.4,-9.9
c1ccc2c(c1)n(cc2C1C(=O)NC(=O)C=1c1cccc(F)c1)C(C)C,0.729347377,2.415338236,348.377,3.9285,-9,-8.3
c1c(N2CCC(C2)Nc2c3ccsc3ncc2)nc(cc1)C(N)=O,0.762754521,3.036940051,339.424,2.481,-8.5,-7.9
c1c(C2=C(c3cc(ncc3)Nc3ccccc3)C(NC2=O)=O)cccc1,0.713725077,2.168713902,341.37,3.3924,-9.2,-8.8
c1c(C2C(NC(C=2c2ccnc(NC3CCOCC3)c2)=O)=O)ccc(F)c1,0.81135624,2.535260281,367.38,2.3788,-9.1,-9
c1c(cccc1C1=C(C(=O)NC1=O)c1ccnc(NC2CCOCC2)c1)Cl,0.793382813,2.579779216,383.835,2.8931,-9.1,-9
c1cc(cnc1NC1CCOCC1)C1C(NC(C=1c1cc(C)c(Cl)cc1)=O)=O,0.77423058,2.632115429,397.862,3.20152,-9.4,-8.8
O=C1C(c2cc(ncc2)NC2CCOCC2)=C(C(=O)N1)c1ccc(Cl)cc1,0.793382813,2.530676849,383.835,2.8931,-8.8,-9.1
c1c(-c2cc(NC3CCCCC3)ncc2)c(c[nH]1)-c1cc(Nc2ccccc2)ncc1,0.334430453,2.594529014,409.537,6.6269,-10.2,-9.4
c1(C2C(NC(C=2c2ccnc(Cl)c2)=O)=O)cccc(c1)NC1CCOCC1,0.626476738,2.627498743,383.835,2.8931,-9.1,-9
O=C1NC(=O)C(c2cc(NC3CCC3)ncc2)=C1c1c(cccc1)F,0.841806812,2.437689589,337.354,2.7523,-8.5,-8.1
O(c1cc(ccc1)C1=C(C(NC1=O)=O)c1cc(C)nc(N2CCOCC2)n1)C,0.796718823,2.572940429,380.404,1.19742,-8.7,-8.8
c12c(ccc(O)c2)[nH]nc1NC(CCCN1CCCCC1)=O,0.792284397,2.232621194,302.378,2.4731,-7.6,-7.5
c1(F)ccc(C2=C(C(=O)NC2=O)c2ccnc(c2)NC2CCOCC2)cc1,0.81135624,2.535260281,367.38,2.3788,-9.1,-8.9
c1(cc(ncc1)NC1CCOCC1)-c1ccnc(C(N)=O)c1,0.898456842,2.403800761,298.346,1.8334,-8.1,-7.2
c1c2c(c(-c3ccnc(c3)NC3CCCC3)n[nH]2)cc(c1)CO,0.689726809,2.398062171,308.385,3.4717,-8.6,-8.4
c1(cc(ncc1-c1ccc2c(c1)c(n[nH]2)NC(C1CC1)=O)NC1CCOCC1)F,0.612635679,2.709918218,395.438,3.7034,-9.1,-9.2
C1CC1Oc1ncc(C2=C(c3c4ccccc4n(C)c3)C(NC2=O)=O)cc1,0.727127187,2.590379708,359.385,2.6817,-8.5,-7.7
c1ccc2c(ncc(c2)C2=C(c3cc(OC)c(OC)cc3)C(NC2=O)=O)c1,0.724152426,2.268091596,360.369,2.8192,-8.5,-8.1
O(c1c(c(OC)ccc1)OC)C1C(=O)NC(C=1c1cccc(F)c1)=O,0.84344601,2.451642445,343.31,2.2894,-7.9,-7.8
c12cc(-c3cc(ncc3)NC3CCCCC3)c(nc1cccc2)OC,0.725562554,2.229928367,333.435,5.05,-8.4,-8.4
c1(C2=C(c3cccc(C4CC4)n3)C(NC2=O)=O)ccnc(n1)Nc1ccccc1,0.657504504,2.641434152,383.411,3.0598,-9.6,-9.1
COc1c(OC)cc(C2=C(c3ccc(Cl)cc3)C(NC2=O)=O)cc1OC,0.815588642,2.210358336,373.792,2.933,-7.5,-7.4
c1ccccc1C1C(NC(=O)C=1c1ccnc(NC2CCCC2)c1)=O,0.843948257,2.337633323,333.391,3.0033,-8.8,-8.3
C1(=O)NCCN1c1cc(C2=C(c3ccc(cc3F)F)C(NC2=O)=O)ccc1,0.813316433,2.545542966,369.327,2.0616,-9.1,-8.7
[nH]1c(nc(c1)-c1ccnc(Nc2ccccc2)c1)C1CCCCC1,0.68934085,2.482046266,318.424,5.263,-8.6,-8.2
c1c(-c2cc(Nc3ccccc3)ncc2)ccnc1NC(=O)C1CCC(OC)CC1,0.604659215,2.330604103,402.498,5.0309,-9,-8.2
c1cnc(cc1-c1ccnc(c1)NC(=O)c1[nH]ccc1)NC1CCOCC1,0.646727697,2.603890385,363.421,3.3149,-8.3,-8.2
O=C1C(c2ccc(F)cc2)=C(c2cc(ncc2)NC2CCOCC2)C(N1)=O,0.81135624,2.535260281,367.38,2.3788,-9,-9
C1(NC(C(c2ccc(cc2)F)=C1Nc1ncccc1)=O)=O,0.841077032,2.308820544,283.262,1.7003,-7.9,-7.6
C(C)NC(=O)c1cc(ccc1)C1=C(c2ccncc2)C(NC1=O)=O,0.833260802,2.268140044,321.336,1.3985,-8.6,-7.9
c1cnc2c(c1)cc(-c1cnc(nc1)NC(C1CC1)=O)cc2,0.804716104,2.095297636,290.326,3.0403,-8.3,-7.8
C1(=Cc2ccnc(NC3CCC3)c2)SC(NC1=O)=Nc1ccc(F)cc1,0.79840639,2.930166105,368.437,4.0767,-8.6,-8.1
c1c(NC2CCN(CC2)C(C)C)c(F)c2ccc(=O)n(c2n1)C(C)C,0.921761422,2.759857256,346.45,3.4012,-7.9,-7.7
c1cc(ccc1F)C1=C(C(=O)NC1=O)c1ccnc(NC2CCOCC2)c1,0.81135624,2.535260281,367.38,2.3788,-9.1,-9
c1(cc(-c2c[nH]c(n2)C(N)=O)ccn1)Nc1ccccc1,0.682368241,2.544647404,279.303,2.3142,-7.8,-7.8
c1cc(C2SC(=O)NC2=O)cc(-c2nc3n(c2)cccc3)c1,0.790105479,3.029772822,309.35,3.0254,-8.5,-8.7
c1c(CC)cc(C2=C(C(NC2=O)=O)c2cc(NC3CCC3)ncc2)cn1,0.811533696,2.678680009,348.406,2.5706,-8.7,-8.2
c1c(cc(cc1)C(N)=O)C1=C(c2ccc(Cl)c(c2)Cl)C(=O)NC1=O,0.824073081,2.252374063,361.184,2.6595,-9.2,-8.8
c1(=O)ccc2C(NCc2n1C)=C1c2cc(ccc2NC1=O)F,0.723475307,2.963150901,297.289,1.448,-9,-9.6
c1ccc(cc1)C1=C(C(=O)NC1=O)Nc1cc(ncc1)NC1CCOCC1,0.704337705,2.57855751,364.405,2.1521,-8.4,-9
N1C(=O)C(c2ccc3c(OCO3)c2)=C(C1=O)c1ccc(OC)cc1,0.87459182,2.207785981,323.304,1.9911,-8.3,-7.5
c1c(F)c(F)ccc1C1C(NC(=O)C=1c1ccnc(c1)NC1CCC1)=O,0.827634657,2.522467635,355.344,2.8914,-9,-8.6
c1(C)nc2n(nc(cc2)-c2ccc(Cl)cc2)c1N1CC(N)C(=O)NCC1,0.715266457,3.219204286,370.844,1.62162,-8.6,-8.6
c1nc(nc(NC2CCC(CC2)O)c1)NC(CCC)CO,0.612544886,3.045246691,294.399,1.7649,-6.8,-7.1
N(C(=O)c1cc2ccccc2cc1)c1cc(C)c(Cl)cc1,0.703695504,1.57071439,295.769,5.05392,-8.5,-8.4
Cn1c(cc(c(c1)C(OCC)=O)=O)-c1ccnc(NC2CCCCC2)c1,0.832648846,2.578332816,355.438,3.3686,-8,-8
c1(F)ccccc1Nc1cc2c(=O)n(C)ccc2cc1,0.772344755,1.986411342,268.291,3.4212,-7.9,-8
C1N(c2ccc(cc2)Nc2nccc(-c3cc(ncc3)Nc3ccccc3F)c2)CCOC1,0.40577479,2.337401642,441.51,5.6065,-9.7,-9.4
c1cc2ccccc2cc1-n1c(=O)[nH]nc1-c1cc(NC2CCOCC2)ncc1,0.560847365,2.543330396,387.443,3.3667,-9.4,-9.8
c1nc(ncc1C1C(NC(C=1c1ccc(F)cc1)=O)=O)NC1CCCCC1,0.81309997,2.477692234,366.396,2.9275,-8.7,-8.4
c1c(ccc(Nc2ccc(F)cc2)c1)C1=C(C(NC1=O)=O)c1ccc(cc1)F,0.668658035,2.047594525,376.362,4.2756,-9.2,-8.8
c1c(C2C(=O)NC(=O)C=2c2cccc(c2)OC)ccc(C2CC2)c1,0.880937973,2.146420134,319.36,3.1398,-8.6,-8.4
c1nnc(cc1C1=C(c2ccncc2)C(NC1=O)=O)NC1CCCCC1,0.821427831,2.735194672,349.394,2.1834,-9.3,-8.6
N(C1C(C)N(Cc2ccc3cnc(nc3c2)NC(C)C)C(C1)C)C(=O)C1CC1,0.803176932,3.733021379,381.524,3.3276,-8.7,-7.7
N(C(C1CC1)=O)c1cc(C2=C(c3cccc(C)c3)C(NC2=O)=O)ccn1,0.830916604,2.379203567,347.374,2.30572,-9.3,-8.6
C1(=O)C(c2cccc(OC)c2)=C(C(N1)=O)c1cc(ncc1)NC1CCC1,0.811326201,2.423697473,349.39,2.6218,-8.9,-8.2
c1(C2=C(c3ccccc3Cl)C(NC2=O)=O)cc(ncc1)NC1CCCC1,0.808919745,2.416717489,367.836,3.6567,-8.7,-8.5
c1cccc(OC)c1C1=C(C(NC1=O)=O)c1cccc(c1)Cl,0.886465322,2.062159337,313.74,2.9158,-7.5,-7.5
c1cnc(NC2CCC(NC(NC(C)C)=O)CC2)nc1-c1cc(c(F)cc1)F,0.725743626,2.358166844,389.45,3.8525,-8.7,-8.7
C1CC(Nc2cc(ccn2)C2C(=O)NC(C=2c2ccc(cc2)F)=O)CCO1,0.81135624,2.535260281,367.38,2.3788,-9.1,-8.9
Fc1cc2c(nc(nc2NC2CCC(CC2)O)-c2ccnc(c2)Nc2ccc(F)cc2)cc1,0.378502611,2.491042968,447.489,5.429,-10.2,-9
c1(cccc(c1)C1(C)NC(=O)NC1=O)-c1cc(NC2CCCC2)ncc1,0.739838882,2.918458714,350.422,3.1577,-9.7,-9.2
c1(F)c(cc(Nc2cccc(C)c2)nc1)-c1ccnc(N(C)CCO)c1,0.707204564,2.474836558,352.413,3.76322,-8.6,-8.4
c1ccc(cc1)C1=C(c2c(cccc2)F)C(=O)NC1=O,0.849149505,1.962425917,267.259,2.3929,-7.8,-7.8
c1(C2=C(c3ccc(cc3)F)C(NC2=O)=O)cc(ncc1)NC1CCCC1,0.830425976,2.400630105,351.381,3.1424,-9,-8.5
C1(CCN(CC1)C(OCC)=O)n1c([nH]c2c1ccc(c2)Cl)=O,0.923695756,2.207104002,323.78,2.7764,-7.8,-7.4
c1(cnc(N)cc1)C1=C(c2cc(ncc2)NC(C2CC2)=O)C(NC1=O)=O,0.706080465,2.603924748,349.35,0.9745,-8.8,-8.4
C1C(CCN(C(C)C)C1)Nc1nccc(c1)-c1c(cnc(NC2CCOCC2)c1)Cl,0.695116883,2.685930266,429.996,4.6726,-8.9,-8.6
c1ccccc1-c1cnc2[nH]nc(c2c1)NC(CCC)=O,0.769418044,2.158598475,280.331,3.3635,-8,-7.5
C1(=O)C(=C(C(N1)=O)c1ccnc(NC2CCCC2)c1)c1ccccc1,0.843948257,2.337633323,333.391,3.0033,-8.7,-8.2
c1c(ccc2c1cc[nH]2)Nc1cc(-c2ccnc(NC3CCCC3)c2)ccn1,0.420640685,2.459336116,369.472,5.723,-9.6,-8.8
c1cnc(NC2CCN(CC2)CC(=O)N)cc1-c1ccnc(C(NCC)=O)c1,0.664293193,2.431588506,382.468,1.2549,-9.1,-7.5
C1(C(=C(C(N1)=O)c1ccc(OC)cc1)c1ccnc(c1)NC1CCOCC1)=O,0.774833116,2.510002416,379.416,2.2483,-9.2,-9
C1(c2cc(cc(OC)c2)OC)=C(c2ccc(cc2)Cl)C(=O)NC1=O,0.866866848,2.177155192,343.766,2.9244,-8.4,-7.4
c1c(cc(cc1)C1C(=O)NC(C=1c1ccnc(c1)NCC1CCOCC1)=O)F,0.778613019,2.615624639,381.407,2.6264,-8.9,-8.8
C1CC(CCO1)Nc1cc(-c2n[nH]c(n2-c2cc3OCCc3cc2)=O)ccn1,0.721410066,2.776775478,379.42,2.1484,-8.7,-9.4
Fc1ccc(C2=C(C(=O)NC2=O)c2ccnc(NCC3CCOCC3)c2)cc1,0.778613019,2.564246861,381.407,2.6264,-8.6,-8.5
COc1c(OC)ccc(C=CC(Nc2cc(F)c(cc2)-c2cnc(nc2)OC)=O)c1,0.595043176,2.309287245,409.417,3.9604,-7.9,-7.4
c1(Nc2cc(ccn2)-c2cccc(n2)NC(C2CCOCC2)=O)ccccn1,0.707599197,2.405084653,375.432,3.6473,-9.5,-8.3
c1ccc(C2=C(C(NC2=O)=O)Nc2cccc(OC)c2)cc1,0.848141474,2.056409071,294.31,2.1748,-8.1,-7.7
C1(C(NC(C=1c1cc(NC2CCCC2)ncc1)=O)=O)c1ccccc1,0.843948257,2.337633323,333.391,3.0033,-8.7,-8.2
N(c1cccc(C2C(NC(C=2c2ccccc2O)=O)=O)c1)C1CCCCC1,0.724811279,2.335117678,362.429,3.704,-9.2,-9
c1cccc2c1c(Nc1cc(ccn1)C1C(=O)NC(C=1c1ccc(cc1)F)=O)n[nH]2,0.45688516,2.561388091,399.385,3.4078,-9.8,-9.5
c1cccc(C2=C(c3cncc(c3)C3CCCCC3)C(NC2=O)=O)c1,0.872057625,2.377001921,332.403,3.6965,-9,-9
N(CC)C(=O)NC1CCC(Oc2sc3cc(F)ccc3n2)CC1,0.898128308,2.403578235,337.42,3.4445,-7.7,-7.2
c1c2ccccc2cc2c1n(c(=O)[nH]2)C(C1CCCCC1)=O,0.743634064,2.322504367,294.354,3.7033,-9.1,-8.9
c1c(cnc2c1n(-c1ccc3c(cccc3)c1)nn2)NC1CCOCC1,0.614951683,2.574872093,345.406,3.5596,-9.1,-9.1
O=C1NC(=O)C(=C1c1ccnc(NC2CCCCC2)c1)c1ccc(F)cc1,0.813387824,2.407270341,365.408,3.5325,-9.5,-9
c1ccc(C2=C(C(NC2=O)=O)c2cc(ncc2)NC2CCOCC2)c(F)c1,0.81135624,2.570143713,367.38,2.3788,-9.1,-9
C(C)CN(CCO)C1Cc2cc(ccc2C1)-c1nc(C)oc1-c1ccccc1,0.660071947,2.997570445,376.5,4.48852,-8.3,-7.7
c1(ccc(C2C(=O)NC(C=2c2ccnc(c2)NC2CCOCC2)=O)cc1)F,0.81135624,2.535260281,367.38,2.3788,-9,-9
c1c(C2C(NC(=O)C=2c2cc(C(=O)N)ccc2)=O)ccnc1NC1CCOCC1,0.659982577,2.636238786,392.415,1.3386,-9.6,-9.7
c1c2c(ccc1Cl)c1c(c(=O)n2C)ccn(c1=O)C,0.589013139,2.34663918,274.707,2.0438,-8,-7.9
[nH]1nc(-c2cccc(n2)NC2CCOCC2)nc1-c1ccccc1,0.771949928,2.401527035,321.384,3.1246,-9,-8.3
c1cc(C2C(NC(=O)C=2c2cc(ncc2)NC2CCOCC2)=O)ccc1F,0.81135624,2.535260281,367.38,2.3788,-9.1,-9
O(c1cc(C2C(NC(C=2c2cc(NC3CCC3)ncc2)=O)=O)ccc1)C,0.811326201,2.423697473,349.39,2.6218,-8.8,-8.3
c1c(N)cc(C2C(=O)NC(C=2c2ccnc(c2)NC2CCCC2)=O)cc1,0.582769296,2.526801797,348.406,2.5855,-9.1,-8.8
c1c(cc2c(n[nH]c2c1)NC(=O)CCC)-c1ccc(F)cc1F,0.756056015,2.197953264,315.323,4.2467,-8.7,-7.9
n1c(c(C(=O)N)cnc1NC1CC(NC(C=C)=O)CCC1)-c1c(F)cccc1,0.663727287,3.321811463,383.427,2.4069,-8.5,-8.5
c1c(NC2CCOCC2)ncc(c1)C1=C(c2ccnc(c2)N)C(NC1=O)=O,0.696938171,2.779660873,365.393,1.2169,-8.7,-9
c1(NC2CCC(NC(=O)OC)CC2)c2c(nc(-c3ccc(cc3)F)n1)c(cs2)C,0.636008803,2.560677155,414.506,4.88492,-8.9,-8.2
OCC1C(C(O)CC1Nc1cc(ccn1)-c1ccc(F)cc1)O,0.684655155,3.567032205,318.348,1.4022,-7.8,-8.1
c1c(C2=C(C(=O)NC2=O)c2ccc(F)cc2F)cc(OC)c(c1OC)OC,0.813462241,2.34695091,375.327,2.5578,-7.7,-7.6
c1cc(ccc1F)C1C(=O)NC(C=1c1ccnc(NC2CCOCC2)c1)=O,0.81135624,2.535260281,367.38,2.3788,-9,-9
O=C1C(c2cccc(c2)OC)=C(C(=O)N1)c1cn(c2ccccc12)CC,0.737963137,2.283707244,346.386,3.237,-8.3,-8
c1cc(C2C(NC(=O)C=2c2ccnc(c2)NC2CCCC2)=O)c(cc1)F,0.830425976,2.436908874,351.381,3.1424,-9.1,-8.4
c1(C2C(NC(C=2c2cc(ncc2)NC2CCCCC2)=O)=O)ccc(cc1)OC,0.78086397,2.386752844,377.444,3.402,-9.5,-8.9
C(C)(Nc1nccc(c1)-c1cc(Nc2ccc(F)cc2)ncc1)=O,0.762123206,2.092030128,322.343,3.9847,-8.5,-8.2
N(c1cc(ccn1)-c1c(n[nH]c1)-c1cc[nH]n1)C1CCC(O)CC1,0.59055397,3.339147214,324.388,2.5772,-8.4,-8
c1(-c2n[nH]c(n2-c2cc3ccccc3cc2)=O)ccnc(NC2CCOCC2)c1,0.560847365,2.543330396,387.443,3.3667,-9.5,-9.7
c1nccc(c1)-c1cc(nc(n1)NC(C)C)Nc1ccccc1,0.742702241,2.131562276,305.385,4.1025,-8,-7.6
O=C1NC(C(=C1c1ccnc(NC2CCCCCC2)c1)c1cc(C(N)=O)ccc1)=O,0.523672531,2.524657217,404.47,2.8824,-9.4,-8.7
s1cc(nc1C1=C(C(=O)NC1=O)c1ccc(cc1)Br)C1CCCCC1,0.747527745,2.598589698,417.328,4.5205,-8.4,-7.7
C(=O)(Nc1cc(-c2ccccc2C)nc(N)n1)C(C)(C)C,0.887857467,2.192173985,284.363,3.01882,-8.3,-7.7
c1cc(-c2c(C3CCOCC3)[nH]c(-c3ccccc3)n2)ccc1F,0.753558837,2.25538925,322.383,4.7768,-8.7,-8.3
O(C)c1cccc(C2=C(c3cccc(OC)c3)C(NC2=O)=O)c1,0.880044342,2.066442495,309.321,2.271,-7.6,-7.9
c1c(C2=C(CO)C(=O)NC2=O)cc(F)c(c1)-n1cnc(COC)c1,0.781072152,2.93445921,331.303,0.5601,-7.6,-7.3
c1(ccccc1Cl)C1=C(C(=O)NC1=O)c1ccnc(c1)NC1CCCC1,0.808919745,2.416717489,367.836,3.6567,-8.7,-8.8
c1cc(cc(c1)OC)C1C(NC(C=1c1cccc(n1)NC(C1CC1)=O)=O)=O,0.792205771,2.401841751,363.373,2.0059,-8.7,-8
c12c([nH]nc1NC(CCC)=O)cc(Cl)cc2,0.862393524,2.117502322,237.69,2.9549,-6.8,-6.1
c1cccc(C2C(=O)NC(C=2c2cc(NC(C3CC3)=O)ncc2)=O)c1,0.837779569,2.279880489,333.347,1.9973,-8.4,-8.3
c1(C2=C(N3Nc4c(cccc4)NC3=O)C(NC2=O)=O)ccc(cc1)Cl,0.722900198,2.759382547,354.753,2.5821,-9.4,-8.3
c1cc(-c2csc(n2)Nc2ccccc2)cc(NC(=O)C2CC2)n1,0.728926959,2.07332687,336.42,4.2972,-8.4,-7.7
c1cc(cc(c1)F)Nc1nccc(-c2ccnc(c2)Nc2ccccc2)c1,0.476514629,2.082004616,356.404,5.7699,-9.1,-8.9
c1(NC2CCC(N)CC2)cc(C)nc(NC(=O)c2cccc(OC)c2)c1,0.766224048,2.284768159,354.454,3.33272,-8.6,-7.9
N1C(C(=C(c2ccnc(c2)NC2CCC2)C1=O)c1ccc(cc1)Cl)=O,0.827499606,2.394331626,353.809,3.2666,-8.4,-8.4
C1COCCC1Nc1cc(ccn1)C1C(NC(=O)C=1c1cc(F)c(F)cc1)=O,0.790955113,2.648808699,385.37,2.5179,-9.4,-9
c1c(ccc(Br)c1)C1=C(C(NC1=O)=O)c1c2c(ccc(F)c2)[nH]c1,0.662171953,2.347128279,385.192,3.6367,-8.6,-8.7
Fc1ccc(Nc2nccc(C3C(=O)NC(C=3c3ccncc3)=O)c2)cc1,0.699139203,2.399543122,360.348,2.9265,-9.8,-8.8
n1cnc(cc1NC1CCC(O)CC1)NC1CCC(C(=O)N)CC1,0.651468733,2.582424777,333.436,1.648,-8.2,-7.7
O=C1NC(=O)C(=C1c1ccccc1OC)c1ccc(Cl)cc1,0.886465322,2.000385392,313.74,2.9158,-7.6,-7.6
O=C1NC(C(=C1c1ccnc(NC2CCOCC2)c1)c1cc(OC)c(c(OC)c1)OC)=O,0.632889391,2.696039511,439.468,2.2655,-9.3,-7.8
c1c(ccnc1NC1CCC1)C1C(NC(C=1c1ccc(cc1)Cl)=O)=O,0.827499606,2.394331626,353.809,3.2666,-8.5,-8.5
n1cccc(c1)C1=C(c2ccnc(NC3CCC3)c2)C(=O)NC1=O,0.84198184,2.537155881,320.352,2.0082,-8.5,-8
O=C1NC(C(=C1c1ccccc1)c1cc(ncc1)NC1CCOCC1)=O,0.827718733,2.476063902,349.39,2.2397,-8.8,-8.6
c1n(C)c(cc1C1=C(C(=O)NC1=O)c1cc(NC(=O)C(C)C)ncc1)Cl,0.80472812,2.914895578,372.812,2.2352,-8.7,-7.9
C(=O)(Nc1n[nH]c2nc(ncc21)NC1CCOCC1)C,0.769032477,2.690224283,276.3,0.9022,-7.7,-7.3
c12c(c(NC3C(=O)NC(=O)C=3c3ccccc3)n[nH]1)c(Cl)ccc2,0.640747817,2.605656215,338.754,2.6959,-8.1,-8.2
C1CC(Nc2nccc(C3=C(C(=O)NC3=O)c3ccc(cc3)F)c2)CCO1,0.81135624,2.535260281,367.38,2.3788,-9.1,-9
c1ccc(cc1)C1C(=O)NC(C=1c1ccnc(NC2CCOCC2)c1)=O,0.827718733,2.476063902,349.39,2.2397,-8.9,-8.6
c1cc(OC)cc(C2=C(c3ccc(cc3)C(O)=O)C(=O)NC2=O)c1,0.839161738,2.069101461,323.304,1.9606,-8.4,-8.1
c1(n[nH]c2ncc(cc12)-c1c(-c2ccccc2)n[nH]c1)NC(C1CC1)=O,0.528371234,2.748568963,344.378,3.3635,-8.6,-8.6
c1cc2cc(OC)c(OC)cc2c(NC(C=Cc2ccccc2Cl)=O)n1,0.670622703,2.232229489,368.82,4.5573,-8.8,-7.9
Cc1c(c(C)n[nH]1)C(NC1CCC(CC1)C(Nc1ccc(F)cc1)=O)=O,0.784819132,2.175902198,358.417,3.09294,-8.6,-8.2
O=C1C(c2cc(C(=O)N)ccc2)=C(O)C(=O)N1,0.60839138,2.286669592,232.195,-0.289,-7.3,-7.3
c1(ccc(cc1)F)Nc1nccc(-c2cc(ncc2OC)Nc2ccc(cc2)F)c1,0.417883752,2.243968993,404.42,5.9176,-9.5,-8.8
C1C(C(=O)NCC)CCC(Nc2c3ccc(F)cc3ncc2)C1,0.907990495,2.175506906,315.392,3.4807,-7.9,-7.8
c12ccc(Cl)cc1c(=O)n1c([nH]2)nnc1-c1ccc(O)cc1,0.565676674,2.448815665,312.716,2.5968,-8.7,-8.2
CCC(=O)Nc1nccc(c1)C1C(NC(C=1c1ccc(cc1Cl)F)=O)=O,0.806509735,2.473654489,373.771,2.7898,-8.4,-8.5
C1OCCC(C1)Nc1nccc(C2C(NC(=O)C=2c2ccccc2)=O)c1,0.827718733,2.476063902,349.39,2.2397,-9,-8.7
n1c(c(cc(C2=C(c3ccccc3)C(NC2=O)=O)c1)OC)OC,0.869189714,2.336966519,310.309,1.666,-7.6,-7.6
c1c(-c2cc(-c3ccnc(c3)Nc3ccccc3)ncc2)cc(nc1)NC1CCOCC1,0.424224102,2.473434819,423.52,5.5401,-9.7,-9.1
c1(O)cccc(C2=C(C(NC2=O)=O)c2cc(NC3CCN(C)CC3)ncc2)c1,0.703329796,2.614852737,378.432,1.8605,-9.2,-8.9
Fc1ccc(Nc2nccc(c2)C2=C(C(=O)NC2=O)c2ccc(F)cc2)cc1,0.680884678,2.293940429,377.35,3.6706,-9.8,-9.1
N1C(=O)C(c2c(F)cccc2)=C(c2cn(c3ccccc23)C)C1=O,0.738264262,2.262347057,320.323,2.8846,-8.4,-8.8
c1cc(C2=C(c3ccccc3F)C(=O)NC2=O)cc(OC)c1OC,0.876067301,2.109228441,327.311,2.4101,-7.9,-8
c1cc(ccc1F)C1=C(C(=O)NC1=O)c1ccnc(NC2CCCC2)c1,0.830425976,2.400630105,351.381,3.1424,-8.9,-8.7
C1CCC(C(=O)Nc2nccc(C3C(NC(=O)C=3c3cccc(F)c3)=O)c2)CC1,0.780412635,2.434053244,393.418,3.3067,-9.5,-8.2
c1(ccnc(NC2CCC(NC(NC(C)C)=O)CC2)c1)-c1ccc(F)cc1,0.734340825,2.214530357,370.472,4.3184,-8.7,-8.5
c1(O)cccc(c1)Nc1nccc(C2C(=O)NC(=O)C=2c2ccc(F)cc2)c1,0.609209059,2.403328506,375.359,3.2371,-9.6,-9
NC(=O)c1cc(C2C(=O)NC(C=2c2ccnc(c2)NC2CCOCC2)=O)ccc1,0.659982577,2.636238786,392.415,1.3386,-9.5,-9.5
c1cc(ccc1C)-c1ccc2c(C3C(NC(=O)C=3c3ccccc3)=O)n[nH]c2c1,0.52629117,2.348101735,379.419,4.10552,-9.8,-9.5
c1nc(NC2CCC(O)CC2)cc(c1F)C1C(NC(=O)C=1c1ccc(Cl)cc1)=O,0.667103848,2.67601464,415.852,3.1567,-9.1,-8.9
N(c1ccc2c(c1NC1CCCCC1)cccc2C(=O)N)C1CCCCC1,0.661830117,2.362496166,365.521,5.4279,-8.8,-9
c1c(cc(-c2ccnc(NC3CC3)c2)cc1)C(=O)N,0.878865389,1.983643815,253.305,2.4218,-7.5,-7.6
c1(OC)nccc(Nc2nccc(-c3c(cc(cc3)F)F)c2)c1,0.784925555,2.23382229,313.307,4.174,-8.3,-8.6
c1cc(C2=C(c3ccc(Cl)cc3)C(NC2=O)=O)ccc1F,0.866674616,1.988596945,301.704,3.0463,-8.1,-7.7
Clc1cc(Cl)ccc1-n1c(=O)[nH]nc1-c1ccnc(NC2CCCCC2)c1,0.662580112,2.484130696,404.301,4.674,-8.6,-8.8
c1c(-c2ccc3c(c2)n(cc3)C)cc(cn1)C(=O)Nc1ccc(C)cc1,0.581627553,2.094764874,341.414,4.80102,-9.1,-8.9
c1c(ccc(c1)C1C(=O)NC(=O)C=1c1cc(NC2CCC2)ncc1)F,0.841806812,2.399366946,337.354,2.7523,-8.7,-8.4
OC(c1cc(ccc1)C1C(NC(=O)C=1c1cc(ccc1)OC)=O)=O,0.839161738,2.12672626,323.304,1.9606,-8.2,-8
N(c1cc[nH]c(c1)=O)C1C(=O)NC(=O)C=1c1cc2c(cccc2)cc1,0.64037232,2.557387775,331.331,2.0077,-9.1,-9
c12c(nccc1)[nH]cc2C1=C(c2cc(F)ccc2)C(=O)NC1=O,0.713200932,2.426443269,307.284,2.2692,-8.4,-8.2
Cc1cc(C(=O)N)cc(C2=C(C(NC2=O)=O)c2c3c(c[nH]c3ncc2)Cl)c1,0.603321707,2.855306885,380.791,2.19082,-9.5,-8.8
c1cc(ccc1)CNc1cc(C2C(=O)NC(C=2c2cc(ccc2)Cl)=O)ccn1,0.648792666,2.296869083,389.842,3.9143,-9.4,-8.7
c1cc(cc(Nc2c3ccc(cc3ncc2)Cl)c1)C(NCC1CCOCC1)=O,0.651643769,2.20935989,395.89,4.7882,-9.5,-8.5
C1CC(Nc2nccc(c2)-c2n[nH]c(=O)n2-c2cc3ccccc3cc2)CCO1,0.560847365,2.543330396,387.443,3.3667,-9.1,-9.7
c1(ccc(cc1)C=C1C(=O)NC(NC1=O)=O)-c1c(cccc1)C,0.660653743,2.096931726,306.321,2.41142,-9.4,-9.5
C1(C(NC(C=1Nc1cc(ccc1)Cl)=O)=O)c1cc(NC2CCOCC2)ncc1,0.670604368,2.652026348,398.85,2.8055,-9.3,-8.7
Fc1ccc(C2=C(C(=O)NC2=O)c2ccncc2)cc1,0.844636013,2.149062354,268.247,1.7879,-7.4,-7.4
c1(ccc(cc1)C1=C(C(=O)NC1=O)c1ccnc(c1)NC1CCCC1)OC,0.798456144,2.377005843,363.417,3.0119,-9.1,-8.7
c1ccc(C2C(NC(C=2c2ccc(O)cc2)=O)=O)cc1C#N,0.825556781,2.283456608,290.278,1.83108,-8.4,-8.1
c1ccc(C2=C(C(=O)NC2=O)c2ccnc(c2)Nc2ccc(cc2)F)cc1,0.699326077,2.228271524,359.36,3.5315,-9.6,-9
C1(c2cc(C#N)cnc2)C(=O)NC(=O)C=1c1ccnc(c1)NC1CCOCC1,0.777914901,2.88673404,375.388,1.50638,-9.2,-9
C1CC(CCC1)Nc1cc(C2=C(c3cc(OC)c(OC)c(c3)OC)C(=O)NC2=O)ccn1,0.640572591,2.586333847,437.496,3.4192,-9.6,-7.9
c1c(ccc(Cl)c1)C1=C(c2cc(N)ncc2Cl)C(=O)NC1=O,0.826759933,2.44293168,334.162,2.5378,-8.1,-7.7
COc1ccc(C2=C(C(=O)NC2=O)c2cc(ncc2)NC2CCOCC2)cc1,0.774833116,2.510002416,379.416,2.2483,-9.2,-8.9
C1Cc2cc(ccc2CC1)OCc1cc(ccn1)C1C(NC(=O)C=1c1ccc(F)cc1)=O,0.617350966,2.510758765,428.463,4.2457,-9.9,-9.4
O=C1C(c2ccc(F)cc2)=C(C(=O)N1)c1ccnc(c1)NC1CCCCC1,0.813387824,2.407270341,365.408,3.5325,-9.4,-8.6
c1(-c2cc3c(cc2)OCO3)cc(NC(C2CC2)=O)ncc1,0.940012543,2.053758122,282.299,2.8258,-7.8,-7.9
c12c(ccc(c1)NC(=O)C1CCOCC1)[nH]nc2-c1ccncc1,0.776665715,2.285111677,322.368,2.99,-8.5,-8.2
C1(C(=C(C(N1)=O)c1ccc(Cl)cc1)c1ccnc(NC2CCOCC2)c1)=O,0.793382813,2.530676849,383.835,2.8931,-8.8,-9
C1(C(=C(C(=O)N1)c1cc(NC2CCCC2)ncc1)c1ccc(Cl)cc1)=O,0.808919745,2.395863336,367.836,3.6567,-8.9,-8.8
N(C(=O)C)CC1OC(NC1)=Nc1cc(C2=C(C(=O)NC2=O)c2ccccc2)ccc1,0.652429335,3.465050628,404.426,1.3658,-9.7,-9.2
c1(-c2n[nH]c(=O)n2-c2cc3ccccc3cc2)ccnc(NC2CCOCC2)c1,0.560847365,2.543330396,387.443,3.3667,-9.5,-9.7
c1cc(cc(-n2cnc3c2nccc3NC2CCC2)c1)NC(=O)C,0.772856759,2.346121098,321.384,3.3433,-8.1,-8.1
c12c(NC3CCOCC3)cc(nc1ccc(-c1cn[nH]c1C(N)=O)c2)NC1CCOCC1,0.467793107,2.92716076,436.516,2.9056,-9.2,-9.2
COc1c(OC)cc(C2=C(c3cc(NC4CCCCC4)ncc3)C(NC2=O)=O)cc1OC,0.640572591,2.586333847,437.496,3.4192,-9.7,-7.6
C1CC(CCO1)Nc1nccc(C2=C(c3ccc(cc3)F)C(=O)NC2=O)c1,0.81135624,2.535260281,367.38,2.3788,-9.1,-9
c1c(C2C(NC(=O)C=2c2ccnc(NC3CCC3)c2)=O)ccc(Cl)c1,0.827499606,2.394331626,353.809,3.2666,-8.5,-8.3
c1c(F)ccc(C2C(NC(C=2c2ccnc(NC3CCOCC3)c2)=O)=O)c1,0.81135624,2.535260281,367.38,2.3788,-9.1,-9
c1cc(cc2OCOc12)C1=C(c2cc(ncc2)OC)C(NC1=O)=O,0.858638099,2.514516416,324.292,1.3861,-8.4,-8.3
O=C(O)C1CCC(CC1)Nc1nccc(C2C(NC(C=2c2ccc(cc2)Cl)=O)=O)c1,0.633713591,2.544645797,425.872,3.3575,-9.4,-8.5
c1cc(C)ccc1Nc1nc(-c2ccnc(Nc3ccccc3)c2)ccn1,0.507329976,2.033733462,353.429,5.33422,-9.5,-8.5
c1c(cc2OCCOc2c1)C1=C(c2cc3c(cc2)cccc3)C(NC1=O)=O,0.715707191,2.304030344,357.365,3.1782,-9.7,-9.9
C1CCC1c1c(ncc(-c2ccc(cc2)F)c1)OC1CCOCC1,0.814540501,2.363939837,327.399,4.713,-8.4,-8
c1cccc(C(N)=O)c1Nc1cc(Cl)c(-c2ccnc(c2)NC2CCOCC2)cn1,0.547925548,2.574169523,423.904,4.2304,-9.4,-8.3
c1cc(C2=C(c3c4c(n(C)c3)cccc4)C(NC2=O)=O)ccc1F,0.738264262,2.222333709,320.323,2.8846,-8.8,-8
c1c(-c2cc3c(cc2)CCc2n-3c(-c3ccccc3)nn2)ccc(c1)F,0.522268216,2.191167551,341.389,4.839,-9.4,-9.4
c1cc(cc(c1)Cl)C1C(=O)NC(=O)C=1N1CCN(CC1)c1ccccc1,0.846949387,2.220774105,367.836,2.5297,-8.6,-7.9
Cc1ccc(C2=C(C(=O)NC2=O)c2c(cccc2)OC)c(C)c1,0.887166776,2.095994581,307.349,2.87924,-8,-8
C1(=O)C(=C(C(N1)=O)c1ccc(F)cc1)c1ccc(cc1)Br,0.849528491,2.051545315,346.155,3.1554,-8.1,-7.8
c12c(-c3cc(NC4CCOCC4)ncc3)n[nH]c1cc(Cl)cc2,0.765812326,2.478351538,328.803,3.8692,-8.4,-8.1
c1(Cl)cc(ccc1)C1C(NC(=O)C=1c1ccc(Cl)c(c1)Cl)=O,0.822842461,2.180642399,352.604,4.214,-8.6,-7.6
C1CC(CO)CCC1Nc1nccc(-c2ccnc(NCC3CCC(CC3)OC)c2)c1,0.5688314,2.686026781,424.589,4.7237,-9.1,-8.3
c1cccc2c1ccn2-c1nc(NC2CCC(O)CC2)ccn1,0.7800718,2.486254026,308.385,3.1359,-8.4,-8.2
C1CC1C(Nc1cc(ccn1)C1=C(c2ccccc2)C(=O)NC1=O)=O,0.837779569,2.279880489,333.347,1.9973,-8.3,-8.3
c1c(-n2cnc3c2nccc3NC(CCC)=O)ccc(Cl)c1Cl,0.756200257,2.2865793,349.221,4.4659,-7.7,-7.4
c1(ccc(cc1Cl)C1=C(C(NC1=O)=O)c1cc(NC2CCCCC2)ncc1)Cl,0.709262742,2.508235622,416.308,4.7002,-9.5,-9.4
c1c(C2C(NC(=O)C=2c2cc(ncc2)NC2CCCC2)=O)ccc(F)c1,0.830425976,2.400630105,351.381,3.1424,-8.9,-8.7
c1nc(NC2CCC(NC(=O)NC3CCCC3)C2)cc(c1Cl)C(=O)N,0.641885673,3.181339387,365.865,2.4087,-8.5,-7.4
n1ccc(cc1Nc1cccc(c1)F)C1C(NC(C=1c1cnccc1)=O)=O,0.699139203,2.45604963,360.348,2.9265,-9.4,-8.9
c1c(cc(nc1)NC1CCOCC1)-c1[nH]c2c(n1)cc(cn2)C#N,0.768856171,2.800407019,320.356,2.48248,-8.5,-8
c1(cc(-c2cn(C)c(cc2)=O)nc(NC2CCOCC2)n1)C1CCC1,0.926638754,2.662232005,340.427,2.7007,-8.6,-8.4
c1(cnn(c1)C)C1=C(c2c(cc(S(=O)(C)=O)cc2)Cl)C(=O)NC1=O,0.819486416,2.606214816,365.798,1.0442,-8.2,-7.8
c1(cc(ncc1)NC1CCC1)C1=C(c2ccc(cc2)F)C(=O)NC1=O,0.841806812,2.399366946,337.354,2.7523,-8.7,-8.4
c1c(cccc1C1C(=O)NC(C=1c1ccc(F)cc1)=O)C(N)=O,0.841772581,2.132760446,310.284,1.4918,-9,-8.2
N(C1C(=O)NC(C=1c1ccc(Cl)cc1)=O)c1cc(ccc1)Cl,0.845852495,2.14813502,333.174,3.473,-7.9,-8.2
Clc1ccc(OC)c(C2C(NC(=O)C=2c2cc(NC3CCCCC3)ncc2)=O)c1,0.725145966,2.503123865,411.889,4.0554,-9.5,-9
c1nccc(-c2n[nH]c(n2-c2cc3ccccc3cc2)=O)c1,0.616613644,2.158835073,288.31,2.7758,-8.4,-8.1
c12[nH]nc(c1ccc(-n1c(cc(n1)C)C)c2)C=C1C(=O)NC(=O)NC1=O,0.472099937,2.865658783,350.338,1.11484,-9.2,-8.7
c1(NC2CN(C2)C(C)C)nnc2cc(-c3ccc(F)cc3)nn2c1,0.797879503,2.639257691,326.379,2.4349,-8.2,-7.6
c1c(cccc1)C1C(NC(C=1c1ccnc(c1)NC1CCOCC1)=O)=O,0.827718733,2.476063902,349.39,2.2397,-8.9,-8.7
n1c(NC(C2CC2)=O)cc(-c2ccnc(c2)NC2CCOCC2)cc1,0.87604076,2.383710667,338.411,3.083,-8.2,-7.4
c1cc(C)cc(C2C(NC(C=2c2c(nc(s2)C2CCC2)O)=O)=O)c1,0.842025393,2.792224078,340.404,2.99182,-8.4,-8.4
n1c(NC2C(=O)NC(=O)C=2c2ccccc2)cc(cc1)C1CCCCC1,0.82905179,2.48318374,347.418,3.6089,-8.9,-9.1
Fc1ccc(C2C(NC(C=2Nc2cc(ccc2)Cl)=O)=O)cc1,0.85596987,2.153901273,316.719,2.9587,-7.8,-8.3
O=C1C(=C(C(N1)=O)c1ccc(Cl)cc1)c1cc(NC2CC2)ncc1,0.840206794,2.381303845,339.782,2.8765,-8.1,-8
C1(=O)C(c2ccccc2)=C(C(=O)N1)c1ccnc(NC2CCOCC2)c1,0.827718733,2.476063902,349.39,2.2397,-8.7,-8.7
c1c(ccc(C2C(=O)NC(=O)C=2c2cc(ncc2)Nc2ccc(F)cc2)c1)OC,0.652725649,2.280084013,389.386,3.5401,-10,-8.6
C1(=NC(C(=N1)c1cc(NC2CCOCC2)ncc1)=O)c1ccccc1,0.931677515,2.67538159,334.379,2.4486,-8.9,-8.4
c1(C2C(=O)NC(=O)C=2c2ccc(cc2)O)cc(NC(C2CC2)=O)ncc1,0.72826221,2.408079437,349.346,1.7029,-8.7,-8.5
c1ccc(cc1NC1C(NC(=O)C=1c1cc(NC2CCC2)ncc1)=O)OC,0.682415952,2.502048439,364.405,2.5342,-8.6,-8.1
c1(ccc(cc1)-n1c(n[nH]c1=O)-c1ccnc(NC2CCCC2)c1)F,0.765691828,2.373352606,339.374,3.1162,-8.5,-8.3
c1cc(cc2cn[nH]c21)-c1nccc(NC2CCCCC2)n1,0.771229334,2.373421959,293.374,3.7645,-8.2,-7.9
c1cc(cnc1NC1CCC(NC(C2CCOCC2)=O)CC1)-c1ccnc(c1)NC(C)C,0.600801842,2.63376472,437.588,4.2298,-9.2,-8.7
c1cc(cc(c1)C1=C(c2ccnc(c2)NC2CCOCC2)C(NC1=O)=O)Br,0.732489739,2.626037796,428.286,3.0022,-9.1,-9
N1C(C(c2c(cccc2)C(F)(F)F)=C(c2cc(NC3CCOCC3)ncc2)C1=O)=O,0.746921174,2.696837834,417.387,3.2585,-9.2,-8.4
c1cc(C#N)ccc1-c1c(OC)c(-c2nc(CN3CCOCC3)co2)ccc1,0.676776708,2.414819927,375.428,3.72108,-8.4,-8
N1=C(c2c(OC)cccc2)c2c(NC1=O)cc(Cl)c(c2)Cl,0.778535447,2.198708809,321.163,3.9055,-8.1,-7.7
c12c(cc(cc2)-c2ccc3c(cc(cn3)NC(=O)C)c2)OCO1,0.785743078,2.08123254,306.321,3.5889,-8.8,-8.6
O=C1C(c2c3cc(ccc3[nH]c2)F)=C(c2ccc(C)cc2)C(=O)N1,0.712451781,2.278145926,320.323,3.18262,-8.8,-8.9
C1C(Nc2cc(-c3c(F)cnc(Nc4c(cccc4)C)c3)ccn2)CCOC1,0.659500733,2.462572273,378.451,4.92562,-9.1,-8.7
C1c2cc(cnc2N(C)C1)C(NC1CCc2ccc(cc12)O)=O,0.892372023,2.971570117,309.369,2.1968,-9,-8.4
N1C(C(=C(C1=O)c1ccnc(NC2CCOCC2)c1)c1ccc(cc1)Cl)=O,0.793382813,2.530676849,383.835,2.8931,-8.8,-9
c1(-c2cnc3c(c(NC4CCOCC4)n[nH]3)c2)cc(ncc1)NC(=O)C,0.666455464,2.696259651,352.398,2.5692,-8.9,-7.9
N1C(=O)C(c2ccccc2)=C(c2cc(ncc2)NCCO)C1=O,0.718265063,2.358590822,309.325,1.053,-7.8,-7.5
[nH]1nc(-c2ccnc(NC3CCOCC3)c2)n(-c2ccc3ccccc3c2)c1=O,0.560847365,2.543330396,387.443,3.3667,-9.5,-9.8
c1c(NC2COC2)nccc1C1C(=O)NC(=O)C=1c1ccc(cc1)F,0.827294844,2.58349739,339.326,1.5986,-8.6,-8.1
CCC(=O)Nc1c2c(n(C)c3c2cc(F)cc3)nc(NC2CNCC2)n1,0.668456602,3.158051064,356.405,2.3829,-8.5,-8.4
[nH]1nc(n(-c2cc3c(cc2)cc(Cl)cc3)c1=O)-c1cc(NC2CCOCC2)ncc1,0.519523385,2.625970886,421.888,4.0201,-9.7,-8.7
c1(cc2CC(C)Oc2cc1)C1=C(C(=O)NC1=O)c1ccccc1,0.86768712,2.724768718,305.333,2.5772,-8.6,-8.9
C1CC1C(=O)Nc1cc(ccn1)C1C(=O)NC(C=1c1cc(F)ccc1)=O,0.826296828,2.40238165,351.337,2.1364,-9,-8.5
c1c(C2C(NC(=O)C=2N2CCOCC2)c2ccc(F)cc2)cccc1OC,0.901716607,2.883161577,368.408,2.7487,-8.7,-8.1
c1cc(C2=C(C(NC2=O)=O)c2cc(NC3CCCC3)ncc2)ccc1,0.843948257,2.337633323,333.391,3.0033,-8.7,-8.1
c1(CCC(=O)Nc2n[nH]c3cc(ccc32)Cl)cc(ccc1)Cl,0.740933753,2.070791489,334.206,4.441,-8.2,-8
c12c(cc(C)cn1)cc(OC)c(OC)c2,0.751258204,1.849553998,203.241,2.56042,-6.1,-6.5
C1CC1C(Nc1cc(ccn1)-c1ccnc(c1)NC(C1CCOCC1)=O)=O,0.848673365,2.354896376,366.421,2.8572,-9,-7.8
c1(ccccc1)-c1nn(c2c1c(ncn2)NC1CCCC1)C,0.803985322,2.223294245,293.374,3.3848,-7.4,-7.9
c1(ccnc(c1)NC1CCC(O)CC1)-c1ccnc(NC2CCOCC2)c1,0.750144146,2.591290385,368.481,3.4499,-8.6,-8.2
n1c(cnc(NC2CCC(NC(OC(C)C)=O)CC2)c1)C1CC1,0.871565925,2.599148767,318.421,3.2117,-7.4,-7.1
C1COCCC1Nc1cc(C2=C(c3cc(NC4CCOCC4)ncc3)C(=O)NC2=O)ccn1,0.57549403,2.942209959,449.511,2.2256,-10.1,-8.8
O=C1NC(C(c2ccc(F)cc2)=C1Nc1ccc(cc1)F)=O,0.856067072,2.101377451,300.264,2.4444,-8.1,-7.9
C1(Nc2nccc(c2)-c2n[nH]c(n2-c2cc3c(cccc3)cc2)=O)CCCCC1,0.541504159,2.427246496,385.471,4.5204,-9.3,-9.8
c1cc(NC2CCOCC2)ccc1-c1n[nH]c(n1-c1ccc2c(cccc2)c1Cl)=O,0.504769005,2.528117914,420.9,4.6251,-9.5,-8.5
N1C(C(=C(c2cn(c3ccccc23)C)C1=O)c1cc(O)ccc1)=O,0.713044405,2.347374659,318.332,2.4511,-8.4,-8.6
c1(ccc(C2C(=O)NC(C=2c2c(ccc(F)c2)F)=O)cc1)C,0.866776298,2.169806081,299.276,2.84042,-8.4,-8.2
c1ccc(cc1)C1C(NC(=O)C=1Nc1cccc(Cl)c1)=O,0.856775357,2.080552851,298.729,2.8196,-8,-8
O(C)c1cccc(C2c3c(ccc(c3)Cl)NC3=C2C(=O)NC3=O)c1,0.824929672,2.988328183,340.766,2.8165,-8.5,-8.3
c1(nccc(c1)-c1n[nH]c(n1-c1cc2c(cccc2)cc1)=O)NC1CCOCC1,0.560847365,2.543330396,387.443,3.3667,-9.5,-9.7
C(C)(C1C(NC(=O)C=1c1cc(ncc1)NC1CCOCC1)=O)=O,0.625985617,2.787790897,315.329,0.6715,-7.8,-8
c1ccc(cc1CC)C1C(NC(=O)C=1c1ccc2c(OCO2)c1)=O,0.882518789,2.310359894,321.332,2.5449,-8.3,-8
c1c(c(F)ccc1C1=C(C(NC1=O)=O)c1c2c(n(c1)C)ccc(c2)F)F,0.717397767,2.464621797,356.303,3.1628,-9.3,-8.1
c1cnc(cc1C1C(NC(=O)C=1c1cc(OC)ccc1)=O)NC1CCCC1,0.798456144,2.426596376,363.417,3.0119,-9.1,-8.6
c1(F)c(C2=C(c3ccc(cc3)Cl)C(NC2=O)=O)cccc1-c1ccncc1,0.697674571,2.363500587,378.79,4.1083,-9.2,-8.5
c1ncc2c(nc(C3CCOCC3)nc2NC2CCC(CC2)OS(=O)(=O)C)c1,0.756001067,2.887771647,406.508,2.6181,-9,-7.9
n1ccc(cc1NC1CCC(O)CC1)-c1cc(ncc1)NC(C1CC1)=O,0.769063393,2.409404874,352.438,3.2075,-8.7,-8
c1c(C2=C(c3ccnc(c3)NC3CCN(C)CC3)C(=O)NC2=O)ccc(c1)Cl,0.777206538,2.504099083,396.878,2.8083,-9.1,-8.9
n1c(NC(C)C)ncc(C2C(NC(C=2c2ccc(cc2)Cl)=O)=O)c1,0.834007903,2.497751518,342.786,2.5175,-7.7,-7.5
n1ccc(cc1NC1CCC1)C1C(NC(C=1c1ccc(cc1)F)=O)=O,0.841806812,2.399366946,337.354,2.7523,-8.6,-8.4
CCCCC(=O)Nc1n[nH]c2c1cc(F)c(c2)-c1ccccc1,0.728704443,2.156355158,311.36,4.4977,-8.3,-7.7
C1(=O)NC(C(c2cc(ncc2)NC2CCOCC2)=C1N)=O,0.675886803,2.77977439,288.307,-0.0013,-7.9,-7.5
C1(NC(C(=C1c1ccnc(NC2CCCCC2)c1)c1ccc(cc1)F)=O)=O,0.813387824,2.407270341,365.408,3.5325,-9.4,-8.6
c1(C2C(=O)NC(=O)C=2c2ccnc(NC3CCOCC3)c2)c(F)cccc1F,0.790955113,2.713129275,385.37,2.5179,-9.1,-9
c1cc(Cl)ccc1C1C(NC(C=1c1cc(ncc1)NC1CCOCC1)=O)=O,0.793382813,2.530676849,383.835,2.8931,-8.8,-9
C1C(CCN(C1)c1nccc(-c2c[nH]c(n2)C(N)=O)c1)NC(C)C,0.772854449,2.90030656,328.42,1.5374,-8.1,-7.4
c1cccc(Nc2nn3c(cc2)nnc3-c2ccc(cc2)F)c1C,0.620345954,2.10121698,319.343,3.98242,-8.8,-8.8
C1C(C)N(C(=O)NC1)c1scc(-c2ccnc(Nc3ccncc3)c2)n1,0.736314337,3.192716771,366.45,3.6519,-8.8,-8.2
C1(c2ccccc2)C(NC(C=1c1cc(ncc1)NC1CCCC1)=O)=O,0.843948257,2.337633323,333.391,3.0033,-8.7,-8.2
c1cc(cc2c1n(C)cc2C1=C(C(=O)NC1=O)c1c(OC)cccc1)C(N)=O,0.679349953,2.411315829,375.384,1.853,-9.2,-8.7
c1c(nccc1C1=C(C(=O)NC1=O)c1cc(NC2CCCC2)ncc1)Nc1ccccc1,0.513861773,2.585900204,425.492,4.1419,-9.8,-9
c1c(C2C(NC(C=2c2ccnc(NC3CCN(CC3)C3CC3)c2)=O)=O)ccc(F)c1,0.747316873,2.576319471,406.461,2.8266,-9.4,-9.2
c1(C2=C(c3ccc(cc3)OC)C(NC2=O)=O)ccccc1Cl,0.886465322,1.987814424,313.74,2.9158,-7.7,-7.8
N(C1CCC1)c1cc(ccn1)-c1cnc(C(N)=O)c(OC(C)C)c1,0.851418886,2.507251633,326.4,2.9941,-7.8,-7.6
c1(-c2ccnc(c2)NC2CCC(NC(NC(C)C)=O)CC2)cccc(c1)C,0.730423327,2.24135773,366.509,4.48772,-8.8,-8.5
c1ccc2c(c1)NC(C2=Cc1ccc(OC)c(OC)c1)=O,0.878848696,1.90683439,281.311,3.1965,-7.8,-7.6
c1(-c2cc(Nc3cc(ccc3)N3CCOCC3)ncc2)cc(ncc1)NC1CCOCC1,0.602393265,2.531487704,431.54,4.3147,-9.3,-8.9
C1(C(N(c2ccnc(c2)NC2CCCCC2)C(C)=O)CCC1)O,0.895405025,3.367146825,317.433,3.0925,-7.9,-8.2
C1(=O)C(=C(c2cc(ncc2)NC2CCOCC2)C(=O)N1)c1cc(C(C)C)ccc1,0.76420845,2.64463823,391.471,3.3631,-9.7,-8.9
c1(-c2cc(NC3CCOCC3)ncc2)n[nH]c(-c2ccc(cc2)F)n1,0.76292031,2.442478055,339.374,3.2637,-9.1,-8.3
C1Cc2nc(ncc2C1)Nc1ccc(cc1)C(N1CCC(CC1)N)=O,0.897457518,2.284118886,337.427,2.2722,-8.6,-8.3
c1ccccc1C1C(NC(C=1c1ccc(cc1)O)=O)=O,0.815628767,1.994998386,265.268,1.9594,-7.6,-7.5
C(CC)(=O)Nc1n[nH]c2c1cc(-c1cc(ncc1)NC1CCOCC1)cn2,0.641141368,2.708285456,366.425,2.9593,-8.8,-8.7
c1ccc(F)cc1NC1=C(c2ccc(cc2)SC)C(=O)NC1=O,0.668994496,2.326596814,328.368,3.0272,-7.9,-8
c1c(cc(nc1)NC(C)C)-c1nnc2[nH]nc(c2c1)NC(CCC)=O,0.636922121,2.770379514,339.403,2.9738,-8.5,-7.9
N1C(C(=C(c2c3ccc(cc3n(C)c2)Cl)C1=O)c1ccnc(Nc2ccccc2)c1)=O,0.467850827,2.538881059,428.879,4.5375,-9.5,-9.5
c1ccccc1NC1=C(C(NC1=O)=O)c1cc(NCC2COCCC2)ncc1,0.668763199,3.045136694,378.432,2.3997,-8.6,-8.3
c1(F)ccc(cc1)C1=C(c2[nH]c(C)c(C(O)=O)c2)C(NC1=O)=O,0.751218249,2.583959553,314.272,1.72762,-8.1,-8.3
n1ccc(cc1NC1CCN(C=CC)CC1)C1C(NC(=O)C=1c1ccccc1)=O,0.770387266,2.837803933,388.471,3.0587,-9.1,-8.8
c1c(ccc(c1)F)C1=C(c2c(F)cc(cc2)F)C(=O)NC1=O,0.867067392,2.148955135,303.239,2.6711,-8.4,-7.9
c1c(-c2ccnc(c2)NC2CCC(O)CC2)ncc(c1)OC,0.908385256,2.321905088,299.374,2.8676,-7.7,-7.6
c1cc(ccc1C1C(NC(=O)C=1c1cc(ncc1)NC1CCC1)=O)F,0.841806812,2.399366946,337.354,2.7523,-8.7,-8.4
C1(NC(C(=C1c1ccnc(c1)NC1CCOCC1)c1ccc(Cl)cc1)=O)=O,0.793382813,2.530676849,383.835,2.8931,-8.8,-9.1
N1C(C(=C(c2cc(NC3CCC3)ncc2)C1=O)c1ccc(cc1)Cl)=O,0.827499606,2.394331626,353.809,3.2666,-8.5,-8
c1ccc(Nc2nccc(c2)C2=C(Nc3ccccc3)C(=O)NC2=O)cc1Cl,0.574258315,2.36364857,390.83,3.9582,-8.7,-8.4
C1(C(=C(C(N1)=O)c1ccnc(NC2CCOCC2)c1)c1cccc(c1)F)=O,0.81135624,2.588614128,367.38,2.3788,-9.2,-9
c1ccc(cc1)C1=C(C(NC1=O)=O)c1ccc(cc1)Cl,0.861575163,1.908418629,283.714,2.9072,-8.2,-7.6
n1c(NC2CCC2)cc(C2=C(C(NC2=O)=O)c2ccc(Cl)c(Cl)c2)cc1,0.779352416,2.505171323,388.254,3.92,-8.8,-8.8
Fc1ccc(C2C(NC(C=2c2ccnc(NC(C3CC3)=O)c2)=O)=O)cc1,0.826296828,2.34537343,351.337,2.1364,-8.4,-8.6
c1(cc(NC2CCOCC2)ncc1)C1C(NC(C=1c1ccc(Cl)cc1)=O)=O,0.793382813,2.530676849,383.835,2.8931,-8.6,-9
C1C(CCCC1)Nc1nccc(C2C(NC(C=2c2cccc(c2)OC)=O)=O)c1,0.78086397,2.43450669,377.444,3.402,-9.4,-8.8
c1(C2C(=O)NC(C=2c2ccnc(c2)NC2CCOCC2)=O)ccncc1,0.814437546,2.651842647,350.378,1.6347,-8.8,-8.4
n1cc(cc(c1)-c1ccc(Nc2nccs2)cc1Cl)C(NCC1OCCC1)=O,0.620148797,2.890649077,414.918,4.5109,-8.6,-7.8
c1cc(cc2OCOc21)-n1c(=O)[nH]nc1-c1ccnc(c1)NC1CCOCC1,0.711777212,2.68873229,381.392,1.9422,-9.2,-9.1
c1ccc(c(c1)F)C1C(NC(=O)C=1c1cn(c2ccccc12)C)=O,0.738264262,2.262347057,320.323,2.8846,-8.6,-8.7
C1(c2cc3c(cc2)cccc3)C(NC(=O)C=1c1c(ccc(N)c1)Cl)=O,0.548266679,2.263249503,348.789,3.6426,-9.1,-9.6
n1c(n2c(n1)c(Cl)cc(-c1cc(NC3CCN(CC3)C(=O)C)ncc1)c2)N,0.717639813,2.744983704,385.859,2.4497,-9.2,-9
C(=CC(Nc1ccc(Cl)c(OC)c1)=O)NC1CCC(CC1)OC,0.780887417,2.529293856,338.835,3.348,-7.4,-6.8
c1c(NC(C2CCOCC2)=O)nccc1C1=C(C(=O)NC1=O)c1cc(Cl)ccc1,0.75367335,2.549113114,411.845,2.6673,-9.5,-8.7
c1cc(cc2c1NC(=O)CC2)-c1cc2cccnc2[nH]1,0.708368246,2.39077264,263.3,3.1146,-8.5,-8.5
C1(NC(C(c2ccccc2)=C1c1cc(NC2CCOCC2)ncc1)=O)=O,0.827718733,2.476063902,349.39,2.2397,-8.8,-8.6
c1cc2c(nc(nc2s1)-c1ccnc(c1)NCC1CCCCC1)NC1CCOCC1,0.557798621,2.703420187,423.586,5.3364,-9.2,-8.5
C1(C(C2C(=O)NC=2C=C1c1ccnc(c1)NC1CCOCC1)=O)=O,0.673909452,3.111963908,325.324,0.34858,-8.6,-8.2
c1(cc(cc(C2=C3N=C=C=C3Nc3cccc(c23)Cl)c1)OC)OC,0.851354833,3.527687653,336.778,4.2644,-8,-8.1
N(C1=C(C2=C(C(NC2=O)=O)c2ccccc2)C(=O)NC1=O)c1cccc(C)c1,0.703552447,2.514151654,373.368,1.42762,-9.5,-8.5
C(O)c1c(c(ccc1)OC)C1C(NC(C=1c1cc(NC(C2CC2)=O)ncc1)=O)=O,0.64043529,2.587794836,393.399,1.4982,-8.6,-7.8
c1ccc(cc1C)C1=C(c2ccccc2O)C(=O)NC1=O,0.82867745,2.145818849,279.295,2.26782,-8.1,-7.6
c1nc(cc(c1)C1C(NC(=O)C=1c1ccnc(c1)NC1CCC1)=O)NC1CCC1,0.65759315,2.725025997,389.459,2.9726,-9.5,-8.5
C1COCCC1Nc1nc2c(C=C3C(=O)NC(=O)NC3=O)cnn2c(c1)NC1CC1,0.415390464,3.044882977,411.422,0.6439,-9.6,-8.4
c1c(F)ccc(C2C(NC(=O)C=2c2ccc(F)cc2)=O)c1,0.861840499,1.960878592,285.249,2.532,-8.2,-7.6
c1(=O)n(-c2cc3ccccc3cc2)nc(C)c2c1cc(F)cc2,0.532819068,1.988174738,304.324,3.98642,-9.3,-9
c1cccc(c1C1C(=O)NC(C=1c1ccnc(NC2CC2)c1)=O)F,0.847539882,2.426574659,323.327,2.3622,-8.1,-8
c1cc(C2C(NC(=O)C=2c2cc(ncc2)Nc2ccccc2)=O)ccn1,0.712432143,2.344492647,342.358,2.7874,-9.3,-8.5
c1c(Nc2nc(cc(n2)C2CCCC2)-c2c(cccc2)F)ccnc1C,0.686868943,2.381671392,348.425,5.38732,-9.1,-8.4
c1cc(C2=C(C(NC2=O)=O)c2ccnc(NC3CCCC3)c2)cc(c1)Cl,0.808919745,2.446929797,367.836,3.6567,-9,-8.8
c1c(C(=O)O)cc(OC)cc1C1=C(C(=O)NC1=O)c1cccc(F)c1,0.831004415,2.294722808,341.294,2.0997,-8.3,-8.3
c1ccc(cc1C1=C(C(NC1=O)=O)c1ccnc(c1)NC1CCC1)F,0.841806812,2.45798103,337.354,2.7523,-8.8,-8
c1(oc(C(N)=O)nc1)C1=C(N2CCCC2)C(=O)NC1=O,0.700143871,2.972202059,276.252,-0.7632,-7.5,-7.1
CC(=O)Nc1nc(C2C(NC(=O)C=2c2ccc(F)cc2)=O)ccn1,0.823850638,2.452296868,326.287,1.1413,-8.4,-8
C1(CCOCC1)Nc1cc(ccn1)-c1n[nH]c(n1-c1ccc2c(cccn2)c1)=O,0.5578996,2.64991841,388.431,2.7617,-9.9,-9.6
c1c(F)ccc(c1)C1=C(c2ccnc(NC3CCOCC3)c2)C(NC1=O)=O,0.81135624,2.535260281,367.38,2.3788,-9,-9
c1c(cc2c(c1)[nH]nc2NC1CCN(C(C)C)CC1)-c1cc(ncc1)NC(C)C,0.565743605,2.626281233,392.551,4.7299,-9.3,-8.3
C1OCC(CC1)Nc1nccc(C2=C(Nc3ccc(cc3)F)C(=O)NC2=O)c1,0.687508923,3.072987539,382.395,2.2912,-9,-8.4
C1CC1Nc1nccc(c1)-c1cc(NC2CCOCC2)ncc1,0.887057124,2.430474388,310.401,3.3088,-7.8,-7.5
C(O)(CC(CC)O)=O,0.557411401,2.541220632,118.132,0.232,-4.4,-4.8
N1C(C(c2cc(ncc2)NC2CCOCC2)=C(C1=O)c1ccc(F)cc1)=O,0.81135624,2.535260281,367.38,2.3788,-9,-8.9
C1CCC(CC1)Nc1nccc(C2C(NC(=O)C=2c2ccc(cc2)F)=O)c1,0.813387824,2.407270341,365.408,3.5325,-9.5,-9.1
C1(CCC(C(N)=O)CC1)Nc1ccc2c(n1)[nH]nc2NC(=O)CCC,0.638625738,2.599911908,344.419,2.1525,-8.6,-7.7
NC(=O)C1C(NC(C=1c1cc(ncc1)NC1CCOCC1)=O)=O,0.511311462,2.786355158,316.317,-0.4322,-7.9,-8
C1(Oc2ncc(C3C(NC(=O)C=3c3ccc(cc3)F)=O)cc2)CCCC1,0.858771249,2.433513797,352.365,3.1093,-8.5,-8.2
c1cc(-c2c(F)cc(cc2)F)cc(n1)Nc1cc(ncn1)NCC1CCOCC1,0.642472146,2.586540397,397.429,4.3989,-8.7,-9.1
c1(ccnc(NC2CCCC2)c1)C1C(=O)NC(=O)C=1c1ccc(cc1)Cl,0.808919745,2.395863336,367.836,3.6567,-8.9,-8.7
c1c(cccc1CN1C(=O)CCC1)Nc1nccc(-c2ccncc2)c1,0.759659493,2.204767352,344.418,4.0096,-8.9,-8.2
c1c(cc(-c2nn(c3ncccc23)C)cc1)NC(CC1CCCC1)=O,0.779362785,2.156184218,334.423,4.1541,-9.2,-8.3
c1cccc(c1)NC1C(=O)NC(C=1c1ccnc(c1)NC1CCOCC1)=O,0.704337705,2.562075329,364.405,2.1521,-8.6,-8.5
O=c1[nH]n(c2cc(NC3CCC(CC3)NC(NC(C)C)=O)ncc12)-c1ccccc1,0.520574007,2.700963836,408.506,3.1445,-9.1,-8.9
c12c(n(cn2)C)cc(cn1)-c1cccc(c1)CN1CCOCC1,0.745352254,2.347611266,308.385,2.4675,-8.5,-8.1
c1ccc(C2C(NC(C=2c2cnc(cc2)NC2CCOCC2)=O)=O)cc1,0.827718733,2.460599935,349.39,2.2397,-8.9,-8.4
c1c(ncc(C2=C(c3ccc(N4CCOCC4)nc3)C(OC2)=O)c1)NC(NC1CCCC1)=O,0.676380202,2.739455161,449.511,2.8449,-9.5,-8.8
c1nc(NC2CCCCC2)ccc1-c1cc(ncc1)Nc1cc(ccc1)Cl,0.547683734,2.219664808,378.907,6.2852,-9,-8.4
O(c1ccc(cc1)C1C(=O)NC(C=1c1ccc2ccccc2c1)=O)C,0.749263482,2.035162775,329.355,3.4156,-8.4,-8.1
c1cc(cc2c1n[nH]c2Cl)C1C(NC(C=1c1ccc(F)cc1)=O)=O,0.703699481,2.566962442,341.729,2.9226,-8.7,-8.8
C1(c2cn(C)c3c2c(F)c(cc3)F)C(=O)NC(=O)C=1c1ccccc1,0.730443395,2.51025717,338.313,3.0237,-8.8,-8.8
c1c(cccc1F)C1=C(C(=O)NC1=O)c1ccnc(NC2CCOCC2)c1,0.81135624,2.588614128,367.38,2.3788,-9.2,-8.9
c1cc(cc2c1OCO2)-c1nc(nc(n1)NC1CCOCC1)NC1CCCC1,0.813405221,2.551604248,383.452,3.2127,-9.6,-8.6
N(C(C1CC1)=O)C(c1ccc(-c2ccc3OCOc3c2)cc1)CO,0.886687353,2.495271661,325.364,2.6419,-8.3,-8.2
c1(ccc(F)cc1)C1=C(C(=O)NC1=O)c1cc(NC2CCCCC2)ncc1,0.813387824,2.407270341,365.408,3.5325,-9.3,-8.6
c1(NC2C(=O)NC(C=2c2cc(ccc2)C(=O)N)=O)cc(F)ccc1,0.73968196,2.28818688,325.299,1.4042,-8.4,-8.3
N(C(CC1CC1)C)c1cc(C2=C(C(=O)NC2=O)c2ccccc2)ccn1,0.787097838,2.933170814,347.418,3.2493,-8.2,-7.9
C1(=C(c2cccc(c2)OC)C(NC1=O)=O)c1cc(ncc1)NC1CC1,0.819235109,2.409685256,335.363,2.2317,-8.3,-7.9
c1c(Nc2nccc(-c3ccnc(c3)NC3CCOCC3)c2)cc(F)cc1,0.69189825,2.373987116,364.424,4.6172,-8.8,-8.7
c1(Cl)cccc(c1)Nc1nccc(c1)C1C(NC(=O)C=1c1cc(NC2CCC2)ncc1)=O,0.486379834,2.663333314,445.91,4.4052,-9.4,-8.6
c1ccc(c(OC)c1)C1C(=O)NC(=O)C=1c1n(NC2CCCCC2)c(=O)[nH]n1,0.663780932,2.854785814,383.408,1.0234,-8.8,-7.4
N1C(=O)C(c2cccc(c2)OC(C)C)=C(c2ccccc2)C1=O,0.883357266,2.102321075,307.349,3.041,-7.9,-8.2
c1(C=C2c3c(cccc3)N=C2N)ccnc(NC2CCOCC2)c1,0.910595753,2.745652306,320.396,3.2154,-8.7,-8.9
c1c(c(c2c(c1)c(F)ccn2)F)NC1CCC(CC1)N,0.885981479,2.549823488,277.318,3.1948,-7.8,-7.5
C1COCCC1Nc1cc(-c2n[nH]c(n2-c2ccc3OCCOc3c2)=O)ccn1,0.696205872,2.70755544,395.419,1.9847,-9.4,-9.3
c1cccc(OC)c1C1C(NC(C=1c1c2c(cc(cc2)F)n(C)c1)=O)=O,0.739131264,2.364849089,350.349,2.8932,-8.8,-8.4
c1c(cc(C2C(NC(C=2c2ccccc2)=O)=O)cc1)C(N)=O,0.836828474,2.058930057,292.294,1.3527,-8.7,-8
c1c(cc(cc1)SC)-c1ccnc(Nc2cc(ccc2)C2CCCCC=2)c1,0.480453205,2.395369039,372.537,7.1715,-9.3,-9
O=C1NC(C(=C1c1cc(ncc1)NC1CCOCC1)c1ccc(F)cc1)=O,0.81135624,2.535260281,367.38,2.3788,-9.1,-8.9
C1CC1c1cc(ncc1)Nc1nccc(c1)-c1cn(C)nc1,0.799045374,2.469595953,291.358,3.4981,-8,-7.4
c1(ccc(cc1)Cl)C1C(NC(C=1c1cc(ncc1)NC1COCC1)=O)=O,0.809301547,2.993536253,369.808,2.503,-8.3,-8.6
c1(C2C(NC(C=2c2cc(Cl)cc(c2)Cl)=O)=O)ccc(N2CCOCC2)cc1,0.798747461,2.372525762,403.265,3.3972,-8.8,-8.7
c1c(-c2cc(ncc2)Nc2ccnc(c2)NC2CCC2)sc(n1)C(=O)N,0.617238129,2.730216566,366.45,3.407,-8.2,-7.8
C1CC(C1)Nc1nc(-c2[nH]c(nc2-c2ccncc2)C2CCC2)ccn1,0.72497687,2.563578882,346.438,4.1606,-8.5,-7.8
c1c(CO)cc(cc1)Nc1nccc(-c2cccc(c2)CN=C(O)C)c1,0.454303665,2.453234413,347.418,4.4609,-8.7,-8.2
C1(c2c(ccc(-c3[nH]nc(n3)-c3ccncc3)c2)Cl)C(=O)NC(=O)C=1,0.704581457,2.751939698,351.753,2.2269,-9.4,-8.8
c1c(cc(F)cc1)C1=C(C(NC1=O)=O)c1cc(NC2COCC2)ncc1,0.821980809,3.053791022,353.353,1.9887,-8.8,-8.6
C1OCCN(C1)c1cc(C2C(NC(=O)C=2c2cc(Cl)cc(c2)Cl)=O)ccn1,0.797205438,2.569720168,404.253,2.7922,-9.3,-8.8
C1CC(CCC1O)NC(=O)c1cc(C)nc(Oc2ccc3C(CCc3c2)=O)c1,0.849214566,2.53453466,380.444,3.34452,-9.5,-8.9
C1OCCN(c2ccc3c(n[nH]c3c2)-c2cc(NC(C)=O)ncc2)C1,0.766792942,2.420628686,337.383,2.4199,-8.6,-8.8
C1(n2c(cc(cc2C)C2C(NC(C=2c2ccccc2)=O)=O)=O)CCCC1,0.867466355,2.537600799,348.402,2.83902,-9,-8.6
c1(-c2cc(ncc2C)NC(=O)C2CC2)cnc(c(NC2CCC2)c1)F,0.810153947,2.578368379,340.402,3.90402,-8.3,-8
C1(=O)C(=C(C(N1)=O)c1ccnc(Nc2cc(ccc2)Cl)c1)NC1CCOCC1,0.670389604,2.695467374,398.85,2.6147,-9.1,-8.5
c1cc(ccc1C1C(=O)NC(=O)C=1c1ccnc(NC2CCOCC2)c1)F,0.81135624,2.535260281,367.38,2.3788,-9,-9
c1c(ncc(-c2cc(ncc2)NC(C2CC2)=O)c1)Nc1ccc(cc1)F,0.718197326,2.102105182,348.381,4.3748,-8.5,-8.1
C1(Nc2nccc(-c3ccc(F)cc3)c2)CCN(C(=O)C2CC2)CC1,0.923692633,2.097385852,339.414,3.7006,-9,-8.1
C1CC(Nc2nccc(c2)C2C(=O)NC(C=2c2ccc(cc2)Cl)=O)CCC1O,0.689655399,2.554966391,397.862,3.0176,-9.1,-9.5
Cc1cc(Nc2cc(C(=O)NCc3cncc(c3)C3=CCCC3)ccn2)ncc1OC,0.593430564,2.690689857,415.497,4.42952,-9,-9
N1C(C(=C(c2cc3c(cccc3n2C)F)C1=O)c1ccc(cc1)Cl)=O,0.715592679,2.473776511,354.768,3.538,-9.1,-8.3
c1ncc(cc1NC1CCCC1)C1C(NC(=O)C=1c1ccc(Cl)cc1)=O,0.808919745,2.448391951,367.836,3.6567,-8.8,-8.9
c1(NC(=O)CC)cc2c(n[nH]c2nc1)-c1cc(NC(CC)=O)ncc1,0.661867284,2.548747444,338.371,2.7169,-7.9,-8
c1ncc(Br)c(c1)NC1C(NC(C=1c1cc(ncc1)NC)=O)=O,0.706283005,2.844036104,374.198,1.7604,-8.1,-7.5
C(NC1CCC(NC(=O)NC2CCOCC2)CC1)(C)=O,0.720121991,2.23130365,283.372,0.9119,-7.2,-6.6
c1c(N2CCOCC2)cc(-c2n[nH]c(n2-c2ccc3c(c2)cccc3)=O)cc1,0.599802095,2.277886877,372.428,3.2174,-9.1,-9.8
c1c(F)ccc(C(C2C(NC(=O)C=2c2cccc(c2)Cl)=O)=O)c1,0.534831592,2.255489292,329.714,2.772,-8.2,-8.4
c1c(OC)c(c(OC)cc1C1C(=O)NC(=O)C=1c1ccnc(c1)NC1CCCC1)OC,0.660651642,2.575910522,423.469,3.0291,-9.2,-8.3
C1(c2cc(OC)ccc2F)=C(C(NC1=O)=O)c1ccnc(c1)NC1CCOCC1,0.753421836,2.659305144,397.406,2.3874,-9,-8.8
n1c(NC2CCOCC2)nc2ccc(nc2c1)C1CCCN(C1)C(C)=O,0.91022124,3.086624261,355.442,2.3416,-8.8,-8.8
c1(cc2c([nH]nc2NC(CCC)=O)nc1)-c1ccnc(NC2CCOCC2)c1,0.605665597,2.700694036,380.452,3.3494,-9,-8.3
c1(F)cc(ccc1)C1=C(N2Nc3ccccc3C2)C(NC1=O)=O,0.833498355,2.772620193,309.3,2.0359,-8.7,-8.3
c1c(c(cc(c1)C1C(=O)NC(C=1c1ccnc(c1)NC1CCC1)=O)OC)OC,0.750280436,2.449393718,379.416,2.6304,-9,-8.2
O=C1C(=C(C(N1)=O)c1ccc(c(c1)OC)OC)c1cn(C)c2c1cccc2,0.724833369,2.285521306,362.385,2.7627,-8.6,-7.9
c1(F)cccc(C2C(NC(=O)C=2c2ccnc(NCC3CCOC3)c2)=O)c1,0.792543488,3.066220157,367.38,2.2363,-9,-8.4
O=C1C(Nc2nccc(-c3ccccc3)c2)=C(C(N1)=O)c1ccc(F)cc1,0.700930994,2.303706435,359.36,3.3673,-9.1,-9.2
c1cc(ccc1F)-c1cc(Nc2ccccc2)nc(n1)NC1CCCCC1,0.604736407,2.054106346,362.452,5.7709,-9.5,-8.8
Fc1ccccc1C1=C(c2cc(ncc2)NC2CCCC2)C(NC1=O)=O,0.830425976,2.436908874,351.381,3.1424,-8.9,-8.4
n1c2cc(ccc2[nH]c1C(NCCCO)=O)-c1ccc(F)cc1,0.633272555,2.122643969,313.332,2.4812,-8.1,-8.1
c1cc2c(cc1F)cccc2NC(CCC)=O,0.856588082,1.671825236,231.27,3.7175,-6.8,-6.9
c1cc(cc(F)c1)C(=O)Nc1cc(NC2CCCOC2)ncc1,0.910007002,2.593459836,315.348,3.0639,-8.3,-7.8
Fc1ccc(cc1)N1CCN(CC1)CCCNc1ccnc2c1cc(Cl)cc2Cl,0.534619934,2.247600086,433.358,5.3049,-8.8,-7.8
C1CN(CCC1)CCCOc1ccc2c(cc(-c3cc([nH]n3)C(N)=O)[nH]2)c1,0.55905873,2.5517801,367.453,2.9117,-7.6,-8
Fc1ccc(cc1)C1C(=O)NC(=O)C=1c1ccnc(c1)N(C)C,0.878930473,2.409077754,311.316,1.8539,-7.9,-7.7
c1c(ccc(c1)F)C1=C(c2ccnc(c2)NC2CC2)C(=O)NC1=O,0.847539882,2.386561311,323.327,2.3622,-8.3,-7.7
c1c(ccnc1NC1CCCC1)C1=C(c2cc(O)c(cc2)O)C(NC1=O)=O,0.489044887,2.599624264,365.389,2.4145,-9.1,-8.8
n1[nH]c(-c2c3c([nH]n2)ncc(-c2cc[nH]n2)c3)c(c1)-c1cccc(Cl)c1,0.450935855,3.145660259,361.796,4.0585,-9.2,-9.1
c1c(n[nH]c1-c1ccc(F)cc1)-c1n[nH]c(=O)n1-c1cc2c(cccc2)cc1,0.504625325,2.425528745,371.375,3.91,-11.3,-9.5
c1c(cc(cc1)C1=C(C(NC1=O)=O)c1cc(c(cc1)F)OC)C,0.886824108,2.197255398,311.312,2.70992,-8.2,-8.2
O=C(N)c1c(C2C(=O)NC(C=2c2ccc(cc2)Cl)=O)cccc1,0.845401601,2.111954436,326.739,2.0061,-8.4,-7.5
c1c(nn(-c2cc(NC(C3CC3)=O)ncc2)c1)-c1cc(ncc1)Nc1ccc(F)c(F)c1,0.461428819,2.564580137,432.434,4.6996,-9.8,-9.6
c1cc(cc(c1)OC)C1=C(C(NC1=O)=O)c1ccc(F)cc1,0.885129722,2.030741968,297.285,2.4015,-8.1,-7.8
O=C1NC(C(=C1c1cc(NC2CCOCC2)ncc1)c1ccc(Cl)cc1)=O,0.793382813,2.530676849,383.835,2.8931,-8.9,-9.1
c1(cc(C2=C(C(NC2=O)=O)c2cccnc2)ccc1)CO,0.826339824,2.302165159,280.283,1.1411,-7.9,-7.6
O=C1C(=C(C(N1)=O)c1c(O)ccc(c1)OC)c1cc([nH]c1C)C1CC1,0.747025054,2.782516788,338.363,2.48192,-8.3,-8.4
C1(NC(=O)C(c2nnc([nH]2)-c2cccc(C(N)=O)c2)=C1c1ccncc1)=O,0.579108271,2.821716571,360.333,0.5328,-9.7,-8.8
c1(cc2c(cc(C#N)cc2)cc1OC)OC,0.769815368,1.837108475,213.236,2.72868,-6.8,-7
N(C(C)C)c1n[nH]c2c1cc(cn2)-c1cc(OC)nc(NC2CCC(CC2)CO)n1,0.46764948,2.915315178,411.51,3.2068,-9,-8.3
c1cc2c(cc1)n(C)c1c2CCC(N=C1NC(CCN(C)C)=O)=O,0.928594824,2.733258062,326.4,1.4656,-8.1,-8
C1COCC(Nc2nc(nc(c2)-c2c(NC(C3CC3)=O)ncc(Cl)c2)CC)C1,0.766789349,3.223292539,401.898,3.6938,-8.5,-7.6
CN(CCCCCNc1cc(ccn1)-c1ccnc(c1)NC1CCOCC1)C,0.607316011,2.522749008,383.54,3.8783,-7.5,-7.2
c1(c(C(O)=O)c(OC)no1)-c1ccnc(NC(=O)C2CC2)c1,0.864811986,2.557223735,303.274,1.7919,-7.6,-7.2
c1(ccnc(NC2CCC(CC2)NC(=O)NC(C)C)c1)-n1c(C)nc(n1)C,0.750808627,2.612130213,371.489,2.70984,-8.6,-7.8
c1c(cc(C2C(NC(=O)C=2c2ccc(cc2)F)=O)cc1)C(=O)N,0.841772581,2.132760446,310.284,1.4918,-8.9,-8.3
c1cc(NC2CCC(O)CC2)ncc1C1C(NC(C=1c1ccc(Cl)cc1)=O)=O,0.689655399,2.540275622,397.862,3.0176,-9.2,-8.8
c1(c(cc(C2=C(c3cc(NC4CCCC4)ncc3)C(NC2=O)=O)cc1)F)Cl,0.785263788,2.545083005,385.826,3.7958,-9.2,-9.3
N(CCCO)c1nccc(C2C(NC(C=2c2cc(ccc2)Cl)=O)=O)c1,0.543702075,2.484760662,357.797,2.0965,-8.1,-7.6
c1c(c(ccn1)C1C(=O)NC(C=1c1cc(ccc1)C(=O)OC)=O)N,0.644113549,2.451387569,323.308,1.0176,-8.2,-7.5
c1(N2CCOCC2)nccc(-c2ccc3c(n2)cc(C(=O)N)cc3)c1,0.794218261,2.210764619,334.379,2.2323,-9,-8.3
n1cc(ccc1NC1CCN(C(C)=O)CC1)-c1nccc(c1)NC(CCC)=O,0.801579944,2.348724468,381.48,3.305,-9,-8.1
c1c(OC)ccc(-c2c[nH]c(nc2-c2ccnc(NC3CCOCC3)c2)=O)c1,0.709175055,2.612122554,378.432,3.0984,-9.1,-8.8
c1(c2c([nH]n1)ccc(Cl)c2)NC(=O)CCC,0.862393524,2.099914629,237.69,2.9549,-6.7,-6.7
[nH]1c(nc2cc(F)c(cc12)-n1c(=O)[nH]c2c1cccc2)NC1CCOCC1,0.519532138,2.707875329,367.384,2.9251,-9.6,-8.8
C1(C(=O)NC(C=1c1cc(NC2CCC2)ncc1)=O)c1ccc(cc1F)F,0.827634657,2.526261102,355.344,2.8914,-8.9,-8.6
C1(=O)NC(C(c2cc(ncc2)NC2CCC2)=C1c1cccc(OC)c1)=O,0.811326201,2.423697473,349.39,2.6218,-8.8,-8.2
C1CCC(CC1Nc1nccc(-c2cc(ncc2)Nc2cccc(c2)F)c1)(N)CO,0.491938161,3.400954391,407.493,4.0706,-9.5,-8.8
c1csc2c1c(-n1c(C)nc(C)c1)nc(n2)NC1CCN(CC1)C(=O)C,0.767107348,2.847290612,370.482,2.91664,-8.5,-7.7
C1=CC(=O)NC1=Cc1ccc(cc1)OC,0.790791852,2.494145283,201.225,1.7221,-6.3,-6.6
c1coc(C2C(NC(=O)C=2c2cc(ncc2)NC2CCC(OC)CC2)=O)c1,0.789300495,2.774422412,367.405,2.6113,-8.9,-8.2
c1cc(ccc1Cl)C1C(NC(C=1Nc1ccc2c(OCCO2)c1)=O)=O,0.826602644,2.338483928,356.765,2.5908,-8.6,-8.3
C1(c2ccnc(Nc3cc(ccc3)OC)c2)=C(C(=O)NC1=O)c1ccccc1,0.672135159,2.258771647,371.396,3.401,-9.4,-8.5
Fc1ccccc1C1=C(C(=O)NC1=O)c1cc(ncc1)NC(C)C,0.847843609,2.461185272,325.343,2.6082,-8.2,-7.8
CC(Nc1nc2c(C=C3C(=O)NC(=O)NC3=O)c(Cl)nn2cc1)C,0.561295445,3.120645391,348.75,0.9524,-8.4,-7.8
c1(cccc(Cl)c1)C1=C(C(NC1=O)=O)c1cc(Nc2ccccc2)ncc1,0.674840925,2.280309986,375.815,4.0458,-9.5,-9.1
O=c1[nH]c(C(NC2CCCC2)=O)nc2cnc(NC3CCOCC3)nc12,0.744380068,2.744866939,358.402,0.9764,-8.7,-8.2
C1COCCC1Nc1nccc(-c2n[nH]c(n2-c2ccc3c(cccc3)c2)=O)c1,0.560847365,2.543330396,387.443,3.3667,-9.1,-9.6
c1c(C(N)=O)ccc2c1CCC(NC(=O)C(C)C)C2,0.862257662,2.558870358,260.337,1.415,-7.3,-7.7
c1(ccc(cc1)OC)C1=C(C(=O)NC1=O)c1cc(NC2CCCC2)ncc1,0.798456144,2.377005843,363.417,3.0119,-9.1,-8.7
C1(CC1)C(=O)Nc1[nH]c(-c2cc(ncc2)NC(C2CC2)=O)cn1,0.787539016,2.432372909,311.345,2.1687,-8.4,-7.2
c1(c(cccc1)Cl)C1=C(c2cccc(c2)OC)C(NC1=O)=O,0.886465322,2.050202514,313.74,2.9158,-7.5,-7.7
C(Nc1nc(-c2ccc(cc2)F)cs1)(=O)CCC,0.914707577,1.778630811,264.325,3.6878,-6.7,-7
c1(NC(CCC)=O)cc(C2=C(c3cc(C)ccc3)C(NC2=O)=O)ccn1,0.812535038,2.385641081,349.39,2.69582,-8.8,-9.5
c1(NC2CCC2)nccc(C2=C(NC(=O)CC2c2ccc(F)cc2F)C)c1,0.842004933,3.098738344,369.415,4.3589,-8.6,-7.7
c1cc(ccc1OC)C1=C(c2ccnc(NC3CCC3)c2)C(=O)NC1=O,0.811326201,2.371426371,349.39,2.6218,-8.9,-8.4
c1cc(Nc2nccc(c2)-c2n(-c3ccc4ccccc4c3)[nH]c(c2)=O)ccc1,0.455961644,2.41142324,378.435,5.1244,-10.1,-9.7
c1ccccc1C1=C(Nc2ccc(F)cc2)C(NC1=O)=O,0.849288888,2.026278236,282.274,2.3053,-7.9,-7.6
c1cc(ccc1C1=C(C(NC1=O)=O)c1cc(NC2CC2)ncc1)F,0.847539882,2.386561311,323.327,2.3622,-8.3,-7.7
c1(C2=C(c3ccccc3)C(NC2=O)=O)ccnc(NC2CCOCC2)c1,0.827718733,2.476063902,349.39,2.2397,-8.8,-8.5
C1(=O)C(=C(C(N1)=O)c1ccnc(NC2CCC2)c1)c1cccc(F)c1,0.841806812,2.45798103,337.354,2.7523,-8.8,-8
c1c(cc(NC2CCOCC2)nc1)-c1n[nH]c(c2cc(ccc21)C(N)=O)=O,0.646245886,2.567315903,365.393,1.6749,-9,-9.1
c1ccc(nc1Nc1nccc(n1)C1CCOCC1)Nc1ccccc1,0.718677841,2.42873304,347.422,4.2528,-8.7,-8.3
c1c(cc(nc1)NC1CCOCC1)-n1c([nH]nc1-c1c(Br)cccc1)=O,0.68339392,2.629705198,416.279,2.976,-8.7,-8
c1(-c2ccnc(NC3CCCC3)c2)n[nH]c(n1-c1cc2ccccc2cc1)=O,0.565510953,2.416380112,371.444,4.1303,-9,-9.4
c1cc(Nc2cc(-c3cc(ncc3)Nc3ccccc3)ccn2)cc(c1)NC1CCCCC1,0.282689662,2.309432654,435.575,7.3754,-10,-9.8
N(C(=O)CCC)c1cc(-c2n[nH]c(=O)n2-c2cc3ccccc3cc2)ccn1,0.559778748,2.371287887,373.416,3.5144,-8.8,-9.3
c1c(C2=C(c3cc(ncc3)NC3CCOCC3)C(NC2=O)=O)ccc(c1)F,0.81135624,2.535260281,367.38,2.3788,-9.1,-8.9
Fc1ccc(-c2cc([nH]n2)C(NCC2OCCC2)=O)cc1,0.905727018,2.560888936,289.31,2.1246,-7.7,-7.4
c1c(ccc(c1)C)C1=C(c2ccc(Cl)cc2)C(NC1=O)=O,0.865235445,1.965980778,297.741,3.21562,-8.7,-8.3
c1(-c2cccc(n2)NC2CCOCC2)ccnc(NC2CC2)c1,0.887057124,2.417733891,310.401,3.3088,-8,-7.5
C1CC(Nc2nc(cc(n2)C)-c2cc(NC3CCC3)ncc2)CCO1,0.869746163,2.512079687,339.443,3.40232,-8.6,-7.9
c1(ccc(cc1)-c1nnc(o1)C1C(NC(C=1c1cc(Br)ccc1)=O)=O)Cl,0.640229132,2.458644042,430.645,3.7197,-9.5,-8.3
c1c(cccc1)C1=C(C(=O)NC1=O)c1cc(NC2CCOCC2)ncc1,0.827718733,2.476063902,349.39,2.2397,-8.9,-8.7
c1c(c(cc2ncnc(NC3CCN(C(NCC)=O)CC3)c12)Cl)Cl,0.86954455,2.348578053,368.268,3.5424,-8.3,-7.7
c1(cc(NC2CCC(CC2)O)ncc1)C1C(NC(=O)C=1c1sccc1)=O,0.720213501,2.754639336,369.446,2.4257,-8.8,-8.2
Cc1cc(CC(N)=O)cc(-c2ccnc(Nc3ccccc3)c2)c1,0.751255912,2.059746516,317.392,3.82842,-9.1,-8.3
c1cc(C2C(=O)NC(=O)C=2Nc2ccc(Cl)c(c2)Cl)cc(c1)OC,0.816611464,2.235335904,363.2,3.4816,-8.2,-7.8
O=C(CCC)Nc1n[nH]c2c1cc(cc2)-c1cc(ccc1)NC1CCOCC1,0.587458494,2.411020678,378.476,4.5594,-8.7,-8.5
COc1c(cc(C2C(NC(C=2c2ccc(cn2)NC2CCCCC2)=O)=O)cc1)OC,0.713596999,2.473191385,407.47,3.4106,-9.5,-7.9
c1cnccc1C1C(NC(C=1c1cccc(NC2CCOCC2)c1)=O)=O,0.827718733,2.49293617,349.39,2.2397,-8.8,-8.6
c1cc(C2=C(C(NC2=O)=O)c2ccccc2Cl)cc(c1OC)OC,0.866866848,2.086626145,343.766,2.9244,-7.8,-7.8
c1c(F)cc(cc1)C1C(=O)NC(=O)C=1c1ccnc(c1)NC1CCOCC1,0.81135624,2.588614128,367.38,2.3788,-9.1,-9
c1cccc2cc(-c3sc(nc3-c3ccc(cc3)F)NC3CC3)ccc21,0.458945757,2.117102364,360.457,6.3437,-9.1,-8.3
c1c(cccc1)C1=C(c2cc(ncc2)NC2CCOCC2)C(=O)NC1=O,0.827718733,2.476063902,349.39,2.2397,-8.7,-8.6
C1(=O)C(=C(C(N1)=O)c1cccc(Cl)c1)Nc1cccc(c1)F,0.85596987,2.219567774,316.719,2.9587,-7.9,-8.2
C1OCCC(C1)N=C1SC(=Cc2ccc(O)cc2)C(N1)=O,0.821209252,3.062100871,304.371,2.1311,-7.3,-7.7
c12ccccc1nc(cc2O)C=C1C(NC(S1)=Nc1cc(NCC)ccc1)=O,0.579516218,3.074253699,390.468,4.2638,-9.3,-8.7
c1c(C2=C(C(NC2=O)=O)c2ccncc2)cc(NC2CCOCC2)nc1,0.814437546,2.651842647,350.378,1.6347,-9,-8.5
c1ccccc1C1=C(C(=O)NC1=O)c1cc(CN2CCOCC2)ccc1,0.859842598,2.161954793,348.402,2.086,-8.5,-8.6
C1(=O)C(c2cccc(c2)C(N)=O)=C(C(N1)=O)c1ccnc(NC2CCCC2)c1,0.691628795,2.509152929,376.416,2.1022,-9.6,-8.7
N(c1cc(ccn1)C1C(NC(C=1c1ccc(Cl)cc1)=O)=O)C1CCOCC1,0.793382813,2.530676849,383.835,2.8931,-8.6,-8.9
c1c(cccc1C1=C(C(NC1=O)=O)c1ccnc(Nc2ccccc2)c1)F,0.699326077,2.289144897,359.36,3.5315,-9.6,-9
C1OCCC1Nc1cc(-c2n[nH]c(c(c2)-c2ccc(O)cc2)=O)ccn1,0.668048617,2.972659483,350.378,2.4053,-8.9,-8.7
c1cncc(C2=C(N3CCc4c3cccc4)C(NC2=O)=O)c1,0.852044894,2.518444751,291.31,1.5118,-8.4,-7.9
c1cc(ncc1)Nc1nccc(C2C(=O)NC(=O)C=2c2ccccc2)c1,0.712432143,2.346542243,342.358,2.7874,-9.5,-8.5
C1(=C(C(NC1=O)=O)c1ccnc(NC2CCOCC2)c1)c1occc1,0.825686915,2.737652501,339.351,1.8327,-8.7,-8.1
C1CC1C(Nc1cc(ccn1)C1C(NC(C=1c1ccc(cc1)Cl)=O)=O)=O,0.813018404,2.340476065,367.792,2.6507,-8.2,-8.6
Clc1c(-c2n[nH]c(=O)n2-c2cc3ccccc3cc2)cccc1,0.605632792,2.060130588,321.767,4.0342,-8.9,-8.6
s1c(n(-c2ccccc2)c(-c2cc(ncc2)NC2CCOCC2)n1)=O,0.780054417,2.720606122,354.435,2.9469,-8.2,-8.3
c1(C2C(NC(C=2c2ccnc(c2)NC2CCC2)=O)=O)ccc(cc1)F,0.841806812,2.399366946,337.354,2.7523,-8.6,-8.4
C1C(CCC1)Nc1cc(C2=C(c3cccc(F)c3)C(=O)NC2=O)ccn1,0.830425976,2.456118105,351.381,3.1424,-9.1,-9
c1cc(C2C(NC(=O)C=2c2ccc(nc2)N2CCOCC2)=O)ccc1F,0.849446593,2.356082413,353.353,1.6245,-8.3,-9
c1(cc(C(N)=O)ccc1)NCC1CCN(Cc2ccc(cc2)F)CC1,0.84787165,1.920168544,341.43,3.2487,-7.7,-8.2
c1(ccc2c(ccc(C(=O)N)c2)c1)C1C(=O)NC(=O)C=1c1ccc(cc1)F,0.703884456,2.230807136,360.344,2.645,-9.9,-9.4
C1OCCC(Nc2nccc(c2)C2=C(c3cc(F)c(F)cc3)C(=O)NC2=O)C1,0.790955113,2.648808699,385.37,2.5179,-9.5,-9.2
c1ccccc1C1=C(C(NC1=O)=O)c1ccnc(c1)NCc1ccc(cc1)OC,0.636833798,2.246345691,385.423,3.2695,-8.7,-8.5
c1c(OC)cc2ncc(cc2c1)-c1ccc(F)cc1,0.687011513,1.713578454,253.276,4.0495,-7.8,-7.9
C1CC1c1cc(ccn1)-n1c(n[nH]c1=O)-c1cccc(c1)NC1CCCC1,0.723586275,2.59579159,361.449,3.8545,-8.7,-8.5
c1cc(cc2c1cccn2)C1C(=O)NC(C=1c1cccc(c1)F)=O,0.739145812,2.27393247,318.307,2.9411,-8.6,-8.8
O=C1C(=C(c2ccnc(c2)NC2CCC2)C(=O)N1)c1cc(ccc1)Cl,0.827499606,2.448275071,353.809,3.2666,-8.8,-8.5
c1(nccc(C2=C(c3cc(ncc3)NC3CCC(OC)CC3)C(=O)NC2=O)c1)NC1CCC1,0.558977777,2.884915701,447.539,3.3777,-9.7,-8.1
c1cccc(OC)c1-n1c(=O)[nH]nc1-c1ccnc(NC2CCC2)c1,0.747398087,2.38107239,337.383,2.5956,-8.2,-7.6
c1(NC)nccc(-c2n(c([nH]n2)=O)-c2ccc3ccccc3c2)c1,0.609071394,2.359511046,317.352,2.8175,-8.4,-8.3
C1(c2cc(ccc2)-c2cccc(c2)C(N)=O)C(NC(=O)C=1c1ccccc1)=O,0.693889489,2.140859083,368.392,3.0197,-10,-10.2
c1(NC(=O)C2CC2)nccc(-c2nc(ncc2)Nc2ccccc2F)c1,0.732866103,2.187875643,349.369,3.7698,-8.8,-8.2
C1CC(CCC1NC)NC(=O)c1ncnc(c1)NC1CCC1,0.771440662,2.435242039,303.41,1.7014,-7.7,-7.4
c1(cn(C)c2c1cccc2)C1C(NC(C=1c1cc(CO)ccc1F)=O)=O,0.712680557,2.474078172,350.349,2.3769,-8.9,-8.2
C1CC(CCO1)Nc1c2n(c(nn2)C2CCC2)cc(c1)C,0.942319108,2.704168715,286.379,2.89612,-7.7,-7.7
c1ccc(-c2cc(c3c(N)nccc3c2)OCC)cc1,0.780504239,1.996952135,264.328,3.8827,-7.7,-7.5
C1CC(CCO1)Nc1nccc(C2=C(c3ccccn3)C(NC2=O)=O)c1,0.814437546,2.671405805,350.378,1.6347,-9.1,-8.5
c1(NC2CCOCC2)c(cnc(c1)-c1cc([nH]n1)-c1cc(ncc1)Nc1cc(ccc1)N)Cl,0.295059608,2.871907183,461.957,5.1038,-10.2,-9.3
c1c(c(-c2cc(NC(=O)C3CC3)ncc2)cc(n1)-c1ccccc1)N,0.763348498,2.189405082,330.391,3.7413,-8.8,-8.1
c1ccccc1Cn1c2c(cc(Cl)cc2)c(C2=C(C(NC2=O)=O)C)c1,0.730870431,2.298995982,350.805,3.7729,-9.3,-8.8
C(C)(NC1CCCC1Nc1nc(-c2cc(ncc2)NC2CC2)ccn1)=O,0.740030585,3.259325996,352.442,2.582,-8.5,-7.7
Cc1cc(C(Nc2nccc(-c3c(C4CN(CCC4)C)n[nH]c3)c2)=O)n[nH]1,0.659334449,3.444651518,365.441,2.56472,-9,-9.6
O1CCC(Nc2ccnc(c2)-c2cc(ncc2)Nc2cc(ccc2)Cl)CC1,0.642013181,2.390126539,380.879,5.1315,-9,-8.6
c1cc(ccc1C1=C(C(=O)NC1=O)c1cc(ncc1)NC1CCOCC1)F,0.81135624,2.535260281,367.38,2.3788,-9.1,-8.9
c1(cccc(Cl)c1)NC1C(=O)NC(=O)C=1c1ccccc1OC,0.846909254,2.181067347,328.755,2.8282,-8.1,-7.8
c1(-c2cn(c(cc2)=O)C)nc(ncc1)NC1CCC(CC1)O,0.898904607,2.485384896,300.362,1.5577,-8,-7.8
O=C(Nc1n[nH]c2ncc(C=C3C(NC(=O)NC3=O)=O)cc12)c1ccc(Cl)cc1,0.38088112,2.677606948,410.777,1.613,-9.9,-9
c1c(-c2nccc(c2)C2C(=O)NC(=O)C=2c2ccc(cc2)F)cccc1,0.74048934,2.160569182,344.345,3.4549,-9.4,-9.5
c1(cncc(C2=C(C(NC2=O)=O)c2ccnc(c2)NC2CCCC2)c1)Cl,0.810164216,2.669267643,368.824,3.0517,-9,-8.3
C1(F)C(C(NC(C=1c1cccc(c1)F)=O)=O)=Cc1ccc(cc1)OC,0.688667188,2.390584863,341.313,3.2549,-8.5,-9.4
C1OCCC(C1)Nc1nccc(C2C(NC(C=2c2ccc(Cl)cc2)=O)=O)c1,0.793382813,2.530676849,383.835,2.8931,-8.9,-9
n1c(ccnc1NC1COCC1)-c1c[nH]c(n1-c1ccc(F)cc1)=O,0.757740572,3.091408259,341.346,1.9625,-8,-7.9
c1c(nccc1-c1cc(NC(C2CC2)=O)ncc1)NC1CCCCC1,0.856974975,2.246954292,336.439,4.2367,-8.3,-8.3
c1c(cccc1)C1=C(C(NC1=O)=O)c1ccnc(NC2CCOCC2)c1,0.827718733,2.476063902,349.39,2.2397,-8.7,-8.5
c1(ccnc(Nc2ccccc2)n1)NC1CCC(CC1)OC,0.883108005,2.187645724,298.39,3.5897,-7.7,-7.7
c1(C2C(NC(C=2c2cccc(C(=O)N)c2)=O)=O)ccc(cn1)OC(C)C,0.793744375,2.502592951,351.362,1.5349,-9.5,-8.1
C(CC(=O)NC1CCCC1)CNc1c2c(nc3cc(ccc31)C)cccc2,0.482497531,2.133433459,361.489,4.94732,-8.1,-7.8
c1nc(C(=O)N)c(cc1-c1ccnc(NC2CCOCC2)c1)OC,0.868661301,2.496478289,328.372,1.842,-7.8,-8.1
c1(C2=C(c3ccnc(NC4CCOCC4)c3)C(NC2=O)=O)ccc(F)cc1,0.81135624,2.535260281,367.38,2.3788,-9,-9
N(c1nccc(-c2n[nH]c(=O)n2-c2cc3c(COCCO3)cc2)c1)C1CCOCC1,0.680287478,2.88833609,409.446,2.1225,-9.4,-9.5
c1cc(OC)cc(C2=C(C(=O)NC2=O)c2cc(NC(C)=O)ncc2)c1,0.826356856,2.356952555,337.335,1.6158,-8.4,-8.3
N(C1CCOCC1)c1cc(ccn1)C1C(=O)NC(=O)C=1c1ccc(cc1F)F,0.790955113,2.652270237,385.37,2.5179,-9.3,-9.2
O=c1c2c(ccc(c2)NCCN(C)C)[nH]c(c1)-c1ccccc1Cl,0.741290909,2.252874659,341.842,3.822,-7.9,-7.6
CCCCNC1CCC(CC1)Nc1ncc2ccc(nc2n1)NC(C)C,0.621811716,2.628283028,356.518,3.9579,-8,-7.4
c1c(cc(nc1)NC1CCOCC1)-c1ccc2c(NC(=O)CCC)n[nH]c2n1,0.605665597,2.706119365,380.452,3.3494,-9.5,-8.1
n1c(nccc1C1C(NC(C=1c1cccc(c1)C(N)=O)=O)=O)Nc1ccccc1,0.575708182,2.409790779,385.383,1.8863,-9.7,-8.9
c1c(C2C(NC(C=2c2ccnc(c2)NC2CCOCC2)=O)=O)ccc(c1)F,0.81135624,2.535260281,367.38,2.3788,-9.2,-9
O=C1C(=C(C(N1)=O)c1ccc(cc1)OC)c1cc(NC2CCCC2)ncc1,0.798456144,2.377005843,363.417,3.0119,-9.2,-8.7
c1(C2=C(C(=O)NC2=O)c2ccc(Cl)c(c2)F)ccnc(NC2CCC2)c1,0.807910457,2.54904656,371.799,3.4057,-8.6,-8.3
c1(NC(=O)CC)ccc(C2C(NC(=O)C=2c2ccnc(c2)NC2CCCC2)=O)cc1,0.641315573,2.467459721,404.47,3.3518,-9,-9.1
O1CCCC1CNc1nccc(C2C(NC(=O)C=2c2cccc(F)c2)=O)c1,0.793447308,2.99372134,367.38,2.3788,-9.1,-8.4
c1(C(N)=O)cc(Nc2nc3CCCN(c4ccc(OC)cc4)c3cn2)ccn1,0.705022571,2.47979216,376.42,2.807,-8.7,-8.1
C1CNCCC1CNc1nccn2c(-c3ccccc3Cl)nnc21,0.762806849,2.540645372,342.834,2.8562,-8.4,-7.6
C(CC)C(Nc1n[nH]c2cc(c(OC)cc21)OC)=O,0.867554761,2.138148508,263.297,2.3187,-7.1,-6.6
N(C1CCCC1)c1cc(ccn1)-c1n[nH]c(=O)n1-c1cc2c(cc1)OCCCO2,0.707260911,2.630817158,393.447,3.1384,-10.1,-9.1
c1(cc(-c2cc3c(n[nH]c3nc2)NC(CCC)=O)ccc1)C1CCOCC1,0.708884153,2.549683898,364.449,4.2575,-8.9,-8.9
c1cc(C2C(NC(C=2c2ccnc(NC3CCOCC3)c2)=O)=O)ccc1OC,0.774833116,2.510002416,379.416,2.2483,-9.3,-8.9
n1c(-c2cc3c(cc2)[nH]nc3NC(CCC)=O)cccc1NC1CCOCC1,0.602985034,2.547734562,379.464,3.9544,-9.1,-8.5
O=C1NC(C(c2cc(ncc2)NC2CCCC2)=C1c1cccc(c1)Cl)=O,0.808919745,2.446929797,367.836,3.6567,-9,-8.8
[nH]1c(-c2ccc(cc2)Cl)nc(c1-c1ccc(F)cc1)C(N)=O,0.774286446,2.158521868,315.735,3.6351,-8.9,-7.7
c1(-c2cn(C)c(cc2)=O)cc2c(nc(nc2)NC2CCOCC2)s1,0.792361557,2.799025551,342.424,2.6479,-8.3,-7.8
n1ccc(cc1Nc1ccc(cc1)N1CCCC1)C1=C(NC(=O)NC1=O)C,0.662635716,2.420271524,363.421,2.77742,-8.6,-8.6
c1c(OC)c(ccc1Cl)C1C(=O)NC(=O)C=1c1c2c(cccc2)n(C)c1,0.722528314,2.342786286,366.804,3.4075,-8.3,-8.2
c1ccccc1-c1c2c([nH]n1)ncc(-c1ccnc(c1)NC1CCC1)c2,0.566816953,2.403193525,341.418,4.6513,-9.2,-9.1
c1ccccc1NC1=C(c2cc(ncc2)NC2CCCC2)C(=O)NC1=O,0.723843821,2.429881514,348.406,2.9157,-8.5,-8.4
c1c(F)c(-c2cc(ncc2)NC(C2CN(C3CCOCC3)C2)=O)c(F)cc1,0.895011314,2.487220467,373.403,3.0761,-9,-8.6
C1(NC(C(=C1c1cc(ncc1)NC1CCOCC1)c1ccc(cc1)Cl)=O)=O,0.793382813,2.530676849,383.835,2.8931,-8.9,-9.1
c1c(nc(-c2cc(NC(C3CC3)=O)ncc2)cc1)NC1CCCCC1,0.856974975,2.235086431,336.439,4.2367,-8.5,-7.8
c1c(c(cc(OC)c1)OC)C1C(NC(=O)C=1c1cn(C)c2c1cccc2)=O,0.724833369,2.316913816,362.385,2.7627,-8.7,-8.1
c1c(cccc1C1C(NC(=O)C=1c1c(Cl)cccc1)=O)NC1CCCCC1,0.758732593,2.267907027,380.875,4.6518,-8.9,-8.7
c1cc(NC2CCCCC2)cc2c1C(=O)c1ccccc1C2=O,0.771292335,1.970349647,305.377,4.2066,-9.5,-9.4
C1(=O)C(=C(c2ccnc(c2)NC2CCOCC2)C(=O)N1)c1cccc(F)c1,0.81135624,2.588614128,367.38,2.3788,-9.1,-9
O=C1C(=C(C(N1)=O)c1cccc(NC2CCCCC2)c1)c1ccc(F)cc1,0.801985224,2.252438388,364.42,4.1375,-9.2,-9.2
c1c(C2=C(c3ccnc(NC4CCC4)c3)C(NC2=O)=O)ccc(F)c1,0.841806812,2.399366946,337.354,2.7523,-8.7,-8.4
n1c(NC(=O)C)nccc1C1C(NC(C=1c1ccc(cc1)Cl)=O)=O,0.825935752,2.446960933,342.742,1.6556,-8.1,-8.1
c1(Nc2nccc(c2)F)cc(C2=C(C(=O)NC2=O)c2ccc(F)c(c2)F)ccn1,0.662026982,2.703195316,396.328,3.2047,-9.8,-9.3
n1c(c(cc(c1)-c1nccc(NC(COC)C)n1)C)NC1CCOCC1,0.788351608,3.143063637,357.458,2.88472,-7.8,-7.4
c1cc(cc2cn[nH]c21)NC1=C(c2cc(NC3CCOCC3)ncc2)C(NC1=O)=O,0.480222158,2.885624033,404.43,2.0284,-9.6,-9.2
c1c(-c2n(CC)c(nn2)-c2cc(Nc3c(F)cccc3)ncc2)cc(N)nc1,0.549547642,2.482616092,375.411,3.8869,-8.9,-9
C1(=O)OC(CNC(=O)C)CCN1c1nccc(C2CC2)c1,0.917294675,3.051422311,289.335,1.8104,-8,-7
c1(ccnc(NC2CCC2)c1)C1=C(c2ccc(F)cc2)C(NC1=O)=O,0.841806812,2.399366946,337.354,2.7523,-8.7,-8.4
n1c(cc(NC2CCCC2)nc1)-c1cc(NC2CCCC2)ncc1,0.86112964,2.392515496,323.444,4.2476,-8.6,-8.1
C1(CC1)c1c(nc(C2C(NC(=O)C=2c2cc(c(cc2)F)Cl)=O)s1)C,0.847035618,2.800763573,362.813,3.68862,-8.2,-8.3
c1cc(ccc1Cl)C1=C(C(=O)NC1=O)c1cc(ncc1)NC1CCOCC1,0.793382813,2.530676849,383.835,2.8931,-8.8,-9.1
c1ccc(cc1NC1C(=O)NC(C=1c1cc(OC)ccc1)=O)Cl,0.846909254,2.183917524,328.755,2.8282,-7.9,-8.4
C1(=O)C(c2cc(ncc2)NC2CCCCC2)=C(C(=O)N1)c1ccc(OC)cc1,0.78086397,2.386752844,377.444,3.402,-9.5,-8.9
NCCCCCOc1cc(ccc1)C1C(=O)NC(C=1c1cc(NC)ccc1)=O,0.460123795,2.401448891,379.46,2.8033,-7.4,-7.8
COc1c(ccc(c1)C=C1C(=O)NC(=NCc2ccc(F)cc2)S1)OC,0.814960344,2.614667743,372.421,3.603,-8,-7.5
O=C1NC(C(=C1c1ccc(F)cc1)NCCCn1ccnc1)=O,0.617609384,2.518553759,314.32,1.0696,-7.2,-6.9
c1cc(C2=C(c3cc(OC)c(cc3)OC(C)C)C(NC2=O)=O)ccn1,0.847471716,2.332804863,338.363,2.4446,-8.3,-7.5
c1cccc(Nc2ccc(F)cc2)c1-c1nc(Nc2ccccc2)ccn1,0.476514629,1.999050577,356.404,5.7699,-8.8,-8.4
O=C1NC(C(c2ccc(OC)cc2)=C1c1cc(ncc1)NC1CCOCC1)=O,0.774833116,2.510002416,379.416,2.2483,-9.2,-9
C1CC1C(Nc1cc(C2C(NC(=O)C=2c2ccccc2F)=O)ccn1)=O,0.826296828,2.382646139,351.337,2.1364,-8.6,-8.5
c1c(c(OC)cc(c1)C1=C(C(NC1=O)=O)c1cc(NC2CCOCC2)ncc1)OC,0.706297347,2.582962405,409.442,2.2569,-9.4,-8.7
c1(C2C(=O)NC(C=2c2ccnc(c2)NC2CCCC2)=O)ccc(cc1)Cl,0.808919745,2.395863336,367.836,3.6567,-9,-8.9
C(C)C(=O)N1CCC(CC1)n1c2c(nc1)c(ncn2)NCc1ccncc1,0.746831545,2.481255855,365.441,2.4069,-8.4,-7.8
c1ccc(-c2ccc(cc2)C2C(NC(C=2c2cc(ncc2)NC2CCC2)=O)=O)cc1,0.632796171,2.341724431,395.462,4.2802,-9.2,-8.8
c1(C2=C(c3ccnc(NC(C4CC4)=O)c3)C(NC2=O)=O)ccc(OC)cc1,0.792205771,2.322521508,363.373,2.0059,-9,-8.6
c1ccc(C2C(NC(=O)C=2c2ccnc(c2)NC2CCC2)=O)cc1F,0.841806812,2.45798103,337.354,2.7523,-8.9,-8.4
C1C(C)CCC(Nc2nccc(C3C(=O)NC(=O)C=3N3CCCC3)c2)C1,0.813021606,2.67472672,354.454,2.5355,-8.8,-8.3
c1c(c(cc(C2=C(C(=O)NC2=O)c2cc(NC3CCOCC3)ncc2)c1)F)F,0.790955113,2.648808699,385.37,2.5179,-9.4,-9.2
C1(c2cc(NC3CCOCC3)ncc2)C(NC(C=1c1ccc(Cl)cc1)=O)=O,0.793382813,2.530676849,383.835,2.8931,-8.7,-9.1
O=c1[nH]ncc(Nc2cc(nc(c2)C)-c2ccc(Cl)cc2)c1,0.7757684,2.389257423,312.76,3.53732,-8.5,-7.8
O=C(c1c(c(Cl)ccc1)Cl)Nc1ccnc(c1)NCC1CCOCC1,0.803054037,2.292499313,380.275,4.4792,-8.3,-7.8
O1CCN(C)C(=O)C1Cc1ccc(cc1)OC1CCC1,0.84357155,2.831473927,275.348,2.0176,-7.3,-7.2
c1(nccc(c1)C1=C(c2cc(NC3CCCCC3)ncc2)C(=O)NC1=O)NC1CCOCC1,0.583176359,2.839290213,447.539,3.3793,-10.3,-9.5
C(C1C(c2cnc(NCC3CCOCC3)nc2)=C(c2cc(Cl)ccc2)C(N1)=O)#N,0.787121171,3.544563047,409.877,2.90128,-8.3,-7.7
O=C(N)c1cc(ccn1)C1C(NC(=O)C=1c1cc(ccc1)C)=O,0.827474465,2.39360684,307.309,1.05612,-8.2,-7.9
NC(c1cnc(cc1)-c1n[nH]c(=O)n1-c1ccc2ccccc2c1)=O,0.597396488,2.31882239,331.335,1.8747,-9.3,-8.7
CC1C(C(N2CCOCC2)=O)C(c2cccc(F)c2)=C(C(=O)N1)c1ccccc1,0.871009578,3.309201302,394.446,2.7298,-8.6,-8
c1c(cc(N=C2N(Cc3cc(O)ccc3)CCN2)cc1)C,0.909200078,2.673625462,281.359,2.79352,-7.5,-7.5
O=C(C1CC1)Nc1scc(-c2ccnc(NC3CCOCC3)c2)n1,0.87130018,2.384523134,344.44,3.1445,-7.6,-7.5
C(C)C(Nc1c2ccc(nc2[nH]n1)-c1cc(CN2CCOCC2)ccc1)=O,0.726408462,2.411735894,365.437,2.8056,-8.8,-8.5
c1c(NC2CCCC2)nccc1C1C(NC(=O)C=1c1ccc(c(c1)Cl)Cl)=O,0.748155491,2.503487001,402.281,4.3101,-9.1,-8.9
c1c(c(ccc1C1=C(c2cc([nH]n2)-c2ccncc2)C(=O)NC1=O)OC)OC,0.660407091,2.592685045,376.372,2.0561,-8.7,-8.6
n1c(ccc(c1)-c1cc2ccccc2c(n1-c1cc2c(cc1)cccc2)=O)OC,0.432590156,2.182382569,378.431,5.2145,-9.6,-9.1
c1cccc(C2=C(c3ccc(c(F)c3)F)C(NC2=O)=O)c1F,0.867067392,2.189020457,303.239,2.6711,-8.5,-8.3
c1(nc(Br)sc1-c1cc(Nc2ccccc2)ncc1)NC1CCC(C)CC1,0.46067923,2.663190811,443.414,6.7018,-8.6,-8.3
c1(ccc(F)cc1)C1=C(c2ccc(OC)cc2)C(=O)NC1=O,0.885129722,1.968353878,297.285,2.4015,-8,-7.7
c1ccc(cc1C1C(=O)NC(=O)C=1c1ccnc(NC2CCC2)c1)C#N,0.831053983,2.573572733,344.374,2.48488,-9.3,-8.7
Clc1cnc(Nc2ccc(Cl)cc2)cc1-c1cc(NC(C)C)ncc1,0.574682946,2.301562395,373.287,6.0143,-8.6,-7.9
O=C(C1CC1)Nc1cc(C2=C(c3ccc(F)cc3)C(=O)NC2=O)ccn1,0.826296828,2.34537343,351.337,2.1364,-8.9,-8.5
c1c(c(Nc2cccc(c2)OC)ncc1)C1=C(c2cc(Nc3ccc(F)cc3)ncc2)C(NC1=O)=O,0.329333547,2.588045719,481.487,4.6787,-10,-8.6
C1(=O)C(=C(c2ccc(cc2)C(=O)N)C(N1)=O)c1ccc(Cl)cc1,0.845401601,2.067229196,326.739,2.0061,-7.8,-8
C1CCCC1Nc1cc(nc(C2=C(Nc3ccccc3)C(=O)NC2=O)n1)Cl,0.542326367,2.653930696,383.839,2.9641,-8.9,-8.7
N(CC)(C)C(=O)C1CN(CCC1)c1nc2cc(ccc2c(NC2CCOCC2)n1)Cl,0.779910735,3.055613419,431.968,3.5688,-9,-8.4
c1nc(NC2CCC(CC2)NC2CC2)c2c(-c3ccc(c(c3)F)O)n[nH]c2n1,0.540222434,2.818161391,382.443,3.3397,-8.5,-8
c1cc(ccc1C=C1SC(NC1=O)=O)OC1CCCC1,0.867149157,2.270843382,289.356,3.3319,-7.3,-7.7
c1c(c(cnc1)Cl)C1C(=O)NC(=O)C=1c1cc(ncc1)NC1CCOCC1,0.785469677,2.746346672,384.823,2.2881,-9,-8.7
c1(-c2nc(NC3CCCC3)c3ccc(cc3n2)NC2CCCCC2)ccc(cc1)F,0.507149106,2.26908475,404.533,6.535,-9.8,-8.3
c1ccc(C2C(=O)NC(C=2c2ccc(cc2)Cl)=O)cc1,0.861575163,1.908418629,283.714,2.9072,-8.2,-7.7
n1ccc(F)c(-c2ccnc(c2)Nc2ccc(N3CCCC3)cc2)c1,0.755326806,2.200331278,334.398,4.6265,-8.5,-8.2
C1CCCC1c1cc(nc(n1)NC1CCC(NC(=O)NCC)CC1)C,0.763169985,2.464228159,345.491,3.48482,-8.3,-8
C1(N)CCC(CC1)Nc1c2c(ncn1)sc(c2)-c1c(C)cc(F)cc1,0.725763232,2.569216621,356.47,4.48762,-8.6,-8.1
C1(NC(=O)C(=C1Nc1cc(C2CCOCC2)ncc1)c1cc(NC2CCOCC2)ncc1)=O,0.576436209,3.06760758,449.511,2.4411,-9.2,-9.8
C1(c2ccc(F)cc2)=C(c2cccnc2)C(=O)NC1=O,0.844636013,2.158749803,268.247,1.7879,-7.7,-7.6
O=C1C(c2ccnc(c2)NC2CCCC2)=C(O)C(=O)N1c1ccccc1,0.827944096,2.459952566,349.39,3.2786,-8.9,-8.1
C1(NC(=O)C(=C1c1cccc(NC2CCOCC2)n1)c1ccc(cc1)Cl)=O,0.793382813,2.56104963,383.835,2.8931,-8.5,-9.2
Fc1ccc2c(c1)nc(C1=C(c3cc(F)ccc3)C(=O)NC1=O)[nH]2,0.71062606,2.470758143,325.274,2.4083,-8.8,-8.4
O=C1C(c2cccc(Cl)c2)=C(C(N1)=O)c1ccnc(NC2CCC2)c1,0.827499606,2.448275071,353.809,3.2666,-8.8,-7.8
Fc1cc(ccc1)Nc1cccc(C2=C(c3ccc(F)cc3)C(NC2=O)=O)c1,0.668658035,2.195933891,376.362,4.2756,-9.6,-9.6
c1(ccnc(c1)NC1CCCCC1)C1=C(c2cc(F)ccc2)C(OC1)=O,0.827096821,2.516560259,352.409,4.4329,-9.5,-8.7
Oc1cccc(C2=C(c3ccnc(Nc4cc(ccc4)N4CCOCC4)c3)C(NC2=O)=O)c1,0.522153074,2.599723738,442.475,2.9346,-10.2,-9.2
NC(=O)c1cc(-c2[nH]c(nc2-c2ccc(F)cc2)C2CCNCC2)ccc1,0.662929198,2.370723595,364.424,3.4487,-9.1,-8.7
c1(C2C(NC(C=2c2ccc(F)cc2)=O)=O)ccnc(NC2CCCC2)c1,0.830425976,2.400630105,351.381,3.1424,-9.1,-8.5
c1(cn(c2ccccc12)C)C1C(=O)NC(C=1c1ccc(cc1)O)=O,0.713044405,2.289650451,318.332,2.4511,-8.6,-8.5
C1CCC(C(=O)Nc2nccc(C3C(NC(=O)C=3c3cc(ccc3)C#N)=O)c2)C1,0.784760177,2.535699027,386.411,2.64918,-9.8,-9.6
O=C1NC(=O)C(=C1c1ccnc(c1)NC1CCCC1)c1ccc(F)cc1,0.830425976,2.400630105,351.381,3.1424,-9.2,-8.7
c12c(cc(c(F)c1)-c1cc(ncc1)Nc1ccccc1)cccc2,0.517894178,1.932528145,314.363,5.7845,-9.4,-9.1
c1ccc(N2CCOCC2)c(c1)-c1[nH]c2n(c(=O)n(c(=O)c2c1)C)C,0.757387942,2.548969763,340.383,1.0689,-8.2,-8.9
c1ccccc1C1NC(=O)NC(=C1c1ccccc1)c1ccc(cc1)F,0.707326119,2.511469605,344.389,4.7481,-8.7,-8.4
NC(c1cc(ncn1)NC1CCC(CC1)NC(c1ccc(Cl)nc1)=O)=O,0.685261992,2.476084583,374.832,1.777,-8.3,-8.1
N1C(=O)NC(=C(c2ccc(cc2)F)C1c1cnccc1)C,0.889841755,2.760613614,283.306,3.0058,-7.7,-7.6
c1ccc(cc1F)-c1ccnc(n1)Nc1ccc(C2CCCCC2)cc1,0.621848452,2.040507012,347.437,6.074,-9.3,-9.4
c1nc(NC2CCOC2)cc(c1)-c1n[nH]c(=O)n1-c1cc2ccccc2cc1,0.574467546,2.996620532,373.416,2.9766,-9,-9
Fc1cc(ccc1)C1C(NC(=O)C=1c1ccc(cc1)Cl)=O,0.866674616,2.059132538,301.704,3.0463,-8.3,-7.7
n1cc(-c2ccc3[nH]nc(c3c2)NC(=O)CCC)ccn1,0.76984132,2.476081704,281.319,2.7585,-8.1,-7.3
C1(NC(C(=C1c1ccnc(NC2CCCCC2)c1)c1c(cccc1)Cl)=O)=O,0.783688512,2.42273898,381.863,4.0468,-9.2,-8.6
n1ccc(cc1Nc1cc(NC2CCOCC2)ncc1)NC1CCCC1,0.724072328,2.539749016,353.47,4.1656,-8.4,-8
Fc1ccc(cc1)C1=C(C(NC1=O)=O)c1ccc(Cl)nc1,0.684531835,2.283663177,302.692,2.4413,-8,-7.6
C1(=O)C(c2ccccc2)=C(C(N1)=O)c1ccnc(NC2CCOCC2)c1,0.827718733,2.476063902,349.39,2.2397,-8.7,-8.7
c1c(Nc2nccc(-c3ccnc(NC4COCC4)c3)c2)c(cc(c1)Cl)F,0.656105438,2.909348604,384.842,4.8805,-9.1,-8.7
O=C1C(=C(c2cc(NC3CCOCC3)ncc2)C(N1)=O)c1cc(Cl)ccc1,0.793382813,2.579779216,383.835,2.8931,-9.1,-8.7
c1(c(C2=C(c3ccc(cc3)F)C(=O)NC2=O)cccc1)OC,0.885129722,2.006151645,297.285,2.4015,-7.8,-7.6
CCCC1C(NC(=O)C=1c1cccnc1)=O,0.774400228,2.552856168,216.24,1.2917,-6.5,-6.3
C1CCCC(Nc2nc3n(C)c(=O)[nH]c(c3cn2)=O)C1,0.843804116,2.431205674,275.312,0.7614,-8,-7.5
n1[nH]c2ncc(Cl)c(-c3ccnc(NC(C4CCCN(C4)C(C)C)=O)c3)c2c1,0.698735777,3.150844269,398.898,3.7322,-9.1,-8.7
O=C1NC(=O)C(c2ccnc(c2)NC2CCCC2)=C1c1ccc(Cl)cc1,0.808919745,2.395863336,367.836,3.6567,-9,-8.8
c1cc(C2=C(Nc3cc([nH]n3)-c3ccccc3F)C(=O)NC2=O)ccc1,0.632858834,2.509231951,348.337,2.6954,-9.3,-9.1
C1(NC(C(=C1c1cc(NC2CCOCC2)ncc1)c1ccc(cc1)F)=O)=O,0.81135624,2.535260281,367.38,2.3788,-9,-9
Clc1cc(ccc1-c1[nH]c(c(nn1)C(=O)N)=O)NC1CCCC1,0.790752541,2.56546853,333.779,1.9387,-8.1,-8
C1C(CC1)NC1C(NC(C=1c1ccc(cc1)F)=O)=O,0.806172978,2.342264328,260.268,1.3353,-7,-7.6
N1C(C(c2c[nH]c3ccc(F)cc32)=C(C1=O)c1cccc(c1)OC)=O,0.722630307,2.324644519,336.322,2.8828,-8.5,-8.4
C1(Nc2cc(C(N)=O)ccn2)CCN(C(=O)CC)CC1,0.858135157,2.201295191,276.34,0.9934,-7.6,-7
c1cc(ccc1)C1C(NC(C=1c1cc(NC2CCOCC2)ncc1)=O)=O,0.827718733,2.476063902,349.39,2.2397,-8.7,-8.7
c1cnc(C2C(NC(=O)C=2c2ccc(Cl)cc2)=O)n1C,0.854209013,2.455856729,287.706,1.6407,-7.4,-7.1
c1c(N2CCOCC2)cc(cc1)-c1cc2cc(ccc2[nH]1)F,0.778625989,2.116521227,296.345,3.8106,-8.4,-8
C(C)CCN=C1SC(=Cc2ccc(Cl)cc2)C(N1)=O,0.679384031,2.800323302,294.807,3.7,-6.6,-6.7
n1ccc(N2CC(C2)OC)nc1NC1CCN(C(NC(C)C)=O)C1,0.833027373,3.033149423,334.424,0.9158,-7.6,-7
N(c1nccc(c1)-c1cc(ncc1C(N)=O)NC1CCOCC1)C1CCC1,0.725519776,2.643347264,367.453,2.7978,-9.1,-8.1
c1cccc(CC2C(NC(=O)C=2c2cc(NC3CCCCC3)ncc2)=O)c1F,0.778732346,2.623301562,379.435,3.618,-9.2,-9.3
c1(-c2cc(ncc2)Nc2cc(ncc2)Cl)n(c([nH]n1)=O)-c1ccc2ccccc2c1,0.420459029,2.554674208,414.856,4.5678,-9.2,-9.4
O=C1NC(=O)C(=C1c1cncc(C(O)=O)c1)c1ccc(F)cc1,0.837001763,2.328337369,312.256,1.4861,-8,-8
c1c(C2=C(C(NC2=O)=O)c2ccnc(NC3CCCC3)c2)cccc1,0.843948257,2.337633323,333.391,3.0033,-8.7,-8.7
C1CCCC(C1)Nc1nccc(c1)C1C(=O)NC(C=1c1cc(F)ccc1)=O,0.813387824,2.460624187,365.408,3.5325,-9.4,-8.8
CC(n1c(nnc1-c1ccnc(c1)NC(C1CC1)=O)C1CC1)C,0.920351396,2.483691215,311.389,3.1469,-7.6,-7.4
C1(=O)C(c2ccc(C)cc2)=C(C(N1)=O)Nc1ccc(F)cc1,0.856033854,2.079855615,296.301,2.61372,-8.1,-8
c1c(OC)c(ccc1C1=C(C(NC1=O)=O)c1cc2OCCOc2cc1Cl)OC,0.793014482,2.448643572,401.802,2.6956,-8.9,-7.6
C1Cc2ccn(CCC(N)=O)c2C(N1)=O,0.710282769,2.827906745,207.233,-0.3506,-6.2,-6.4
C(C)C(=O)Nc1cc(-c2cc3c(C(NC43CCC(CC4)OC)=O)cc2)ccn1,0.850151801,3.146039654,379.46,3.6248,-9.3,-8.9
c1cc(-c2n[nH]c(n2-c2ccc3c(c2)c2n(c([nH]3)=O)ccc2)=O)ccn1,0.508988074,2.699992647,344.334,1.7168,-9,-9.4
c1(C2=C(c3ccnc(c3)NC3CCOCC3)C(=O)NC2=O)ccccc1,0.827718733,2.476063902,349.39,2.2397,-8.8,-8.6
c1(C2C(=O)NC(=O)C=2c2ccnc(c2)NC2CC2)ccnc(c1)NC1CCOCC1,0.632970381,2.82762894,405.458,2.209,-9.2,-8.7
c1c(-c2ccnc(Nc3cc(C)nc(c3)C)c2)ccnc1NC(C1CC1)=O,0.711860253,2.416941346,359.433,4.24754,-8.6,-7.9
CNC(=O)c1cc(cc(c1)C1C(=O)NC(=O)C=1c1cccc(c1)F)C#N,0.822783211,2.496841028,349.321,1.62418,-9.4,-9.6
c1c(ccc(c1)C1=C(C(NC1=O)=O)c1cc(ncc1)NC1CCC1)F,0.841806812,2.399366946,337.354,2.7523,-8.7,-8.4
C1NC(C(=C1c1cc(NC2CCOCC2)ncc1)c1cccc(c1)F)=O,0.887241559,2.735464307,353.397,2.8522,-9,-8.8
C(O)CCCC(Nc1nccc(C2C(NC(=O)C=2c2ccc(cc2)Cl)=O)c1)=O,0.489074727,2.413691673,399.834,2.4033,-8.2,-8.3
c1c(cc2c(ccc(-c3ccnc(c3)NC(=O)C3CCC3)n2)c1)F,0.78731315,2.115022771,321.355,4.1745,-9,-8.4
C1SCN(c2nccc(c2)C2=C(C(=O)NC2=O)c2ccccc2)C1,0.869862168,2.635545991,337.404,2.1595,-8.3,-8.7
C(n1c2cc(NC3CCOCC3)ccc2ccc1=O)(C)C,0.942135829,2.44416439,286.375,3.1733,-7.8,-7.6
c1cccc(C2C(=O)NC(C=2c2cc(ncc2)NC2CCCC2)=O)c1,0.843948257,2.337633323,333.391,3.0033,-8.7,-8.2
C1(=C(Nc2ccc(Cl)cc2)C(=O)NC1=O)c1ccnc(NC2COCC2)c1,0.685526717,3.068875778,384.823,2.4154,-8.6,-8.2
n1(c2ccc(F)cc2cc1)C1C(NC(=O)C=1c1ccc(F)cc1)=O,0.736993058,2.505306333,324.286,2.9442,-8.6,-8.1
c1c(c(ccc1)F)C1=C(C(NC1=O)=O)c1cn(c2ccccc12)C,0.738264262,2.262347057,320.323,2.8846,-8.5,-8.7
N1C(C(=O)NC=1c1cc(F)c(cc1)F)=Cc1ccc(-c2ccccc2)cc1,0.684285842,2.357743713,360.363,4.5493,-9.5,-9.1
c1cccc(C(N)=O)c1-c1ccc(cc1)C1=C(C(NC1=O)=O)C,0.848482863,2.144921263,306.321,1.8824,-8.2,-8.8
O=C1C(c2ccc(C)cc2)=C(C(N1)=O)c1ccc2c(OCCO2)c1,0.862405214,2.244418088,321.332,2.33342,-8.7,-8.5
c1c(=O)[nH]c2cc(ncc2c1)NC1CCC(NC(C)C)CC1,0.81165333,2.535356324,300.406,2.6442,-7.7,-7.4
c1c(-n2c(n[nH]c2=O)-c2ccnc(NC3CCC(O)CC3)c2)cccc1,0.670427295,2.474544469,351.41,2.338,-8.7,-8.7
c1ccc2c(NC(C3CC3)=O)nnc(c2c1)NC1CCOCC1,0.907197228,2.387637592,312.373,2.5692,-8.4,-8.4
N1(C(Cc2ccccc2)=O)CCC(CC1)C(NCC1CCOCC1)=O,0.8888714,2.018174102,344.455,2.0105,-8.6,-8.2
C1(NC(C(=C1c1ccnc(n1)NC1CCC(CC1)N1CCOCC1)c1cccc(c1)Cl)=O)=O,0.65244228,2.772542488,467.957,2.7525,-9.8,-8.9
C(C)CNC(=O)NC1CCN(CC1)c1ccnc2cc(Cl)c(cc12)Cl,0.833931615,2.285978647,381.307,4.2196,-7.8,-7.4
C1C(CCOC1)c1cc(Nc2nc3c(cn2)cc(s3)C(=O)NCC(C)C)ccn1,0.634517932,2.842213273,411.531,4.1097,-8.5,-8.2
C1OCCN(C1)c1cc(NC(=O)C(C)C)nc2c1cc(-c1ccco1)cc2,0.758787085,2.413605843,365.433,3.9259,-8.6,-7.9
c1(cc(ccc1)C1C(=O)NC(=O)C=1c1ccnc(NC2COC2)c1)F,0.827294844,2.642111475,339.326,1.5986,-8.7,-8.2
c1ccc(cc1)C1=C(C(=O)NC1=O)c1ccnc(NC2CCC2)c1,0.849937184,2.335541834,319.364,2.6132,-8.4,-8
c1cc(ccc1Cl)C1=C(c2cn(c3c2cccc3)C)C(=O)NC1=O,0.72915021,2.217076243,336.778,3.3989,-8.1,-8.5
C1COCCC1Nc1cc(ccn1)C1C(=O)NC(C=1c1c(ccc(Cl)c1)F)=O,0.769628572,2.675549083,401.825,3.0322,-9.4,-8.9
Cc1cc(CC2C(=O)NC3=C(C2=O)Nc2ccccc2C3=O)ccc1O,0.61977644,3.190081559,348.358,2.53582,-9.3,-9
O=c1[nH]nc(-c2ccc3c(c2)C(=O)NCC3)n1-c1ccccc1,0.752997013,2.376835525,306.325,1.5135,-8.4,-8.4
c1ccccc1C1C(=O)NC(C=1c1ccnc(c1)NC1CCOCC1)=O,0.827718733,2.476063902,349.39,2.2397,-8.7,-8.7
c1(nc(ncc1)NC(C)C)-c1ccc(cc1)CC(NCc1cccc(c1O)F)=O,0.569204937,2.311732464,394.45,3.6675,-9.1,-9
n1c(NC(=O)CCC)cc(cc1)C1=C(c2ccc(F)cc2)C(=O)NC1=O,0.808735452,2.351810944,353.353,2.5265,-8.6,-9.3
O=C(N)c1cc2[nH]nc(NC3CCN(CC3)C(=O)NC(C)C(=O)N)c2cc1,0.502486165,2.985389648,373.417,0.1215,-8.8,-8.2
c12c(cc(cc1)C1C(NC(C=1c1ccc(cc1)F)=O)=O)OCO2,0.862967411,2.235909703,311.268,2.1216,-8.1,-8.4
O=C1C(Cc2cnc(cc2)NC2CCOCC2)=C(C(=O)N1)c1ccc(cc1)F,0.778074056,2.667493015,381.407,2.4643,-8.9,-9
NC(c1c(C2CC2)c(OC)cc(NC2CCOCC2)n1)=O,0.86124554,2.665394598,291.351,1.6574,-7,-6.7
c1(ccc(cc1)C1=C(c2ccc(cc2)F)C(NC1=O)=O)F,0.861840499,1.960878592,285.249,2.532,-8,-7.6
C1CCC(C(=O)NC2CCCC2)CN1c1ncc2CCc3n(-c2n1)c([nH]n3)=O,0.808606096,3.364434068,383.456,0.7244,-9.9,-9.2
c1ccc(C)cc1C1C(NC(=O)C=1c1cc(ncc1)NC1CCOCC1)=O,0.816294316,2.56692182,363.417,2.54812,-9.2,-9.1
N1C(=O)C(c2ccc(F)cc2)=C(c2cc(NC3CCCC3)ncc2)C1=O,0.830425976,2.400630105,351.381,3.1424,-9.1,-8.7
C1(=O)C(C(NC1=Nc1ccccc1)=O)=Cc1cc(n(c1C)C)C,0.684015934,2.850452033,307.353,2.45444,-8.4,-7.8
c1cc(C2C(=O)NC(C=2c2cccc(c2)F)=O)ccc1N1CCOCC1,0.860983738,2.244563643,352.365,2.2295,-8.4,-8.8
c1(C2=C(C(NC2=O)=O)c2ccnc(NC3CCCC3)c2)ccc(cc1)Cl,0.808919745,2.395863336,367.836,3.6567,-9,-8.8
C1N(C)CCC(C1)Nc1cc(ccn1)C1C(NC(=O)C=1c1ccc(cc1)F)=O,0.796512282,2.508567929,380.423,2.294,-8.9,-9
c1cc(ccc1C1C(NC(C=1c1ccnc(NC2CCCC2)c1)=O)=O)Cl,0.808919745,2.395863336,367.836,3.6567,-9,-8.7
c1cc(ccc1F)C1=C(C(NC1=O)=O)c1ccnc(c1)NC1CCOCC1,0.81135624,2.535260281,367.38,2.3788,-9,-9
c1cc(cc2c1[nH]nc2NC(C)=O)C1=C(c2cc(NC3CCC3)ncc2)C(NC1=O)=O,0.473038171,2.815368739,416.441,2.4479,-10.1,-8.5
c1(NC(C2CC2)=O)cc(C2=C(c3ccc(cc3)Cl)C(NC2=O)=O)ccn1,0.813018404,2.340476065,367.792,2.6507,-7.9,-7.7
C1(NC(C(=C1c1cc(ncc1)NC1CCOCC1)c1ccccc1)=O)=O,0.827718733,2.476063902,349.39,2.2397,-8.8,-8.7
n1c(NC2CCCC2)nccc1C1C(NC(C=1c1ccc(cc1)Cl)=O)=O,0.810164216,2.466415951,368.824,3.0517,-8.7,-8.4
C(C(=O)N)CCc1ccc(cc1)-c1ccc(O)cc1,0.862477581,1.671218174,255.317,2.8672,-7.5,-7.5
C1C(c2c(NC3CCC3)ncc(C(NCc3ccncc3)=O)c2)C1,0.856546204,2.32140471,322.412,3.2484,-7.7,-7.7
c12ccc(-c3cc(ncc3)NC3CCCC3)cc1c(NC(C)C)n[nH]2,0.626447217,2.489079898,335.455,4.7997,-8.6,-8.5
c1c([nH]nc1Nc1nccc(-c2ccnc(c2)NC(=O)C)c1)C1CCOCC1,0.627907454,2.713018802,378.436,3.4627,-9.3,-8.8
c1c(C2=C(C(NC2=O)=O)c2ccc(F)cc2)ccc(c1)C,0.860255563,1.972040231,281.286,2.70132,-8.3,-7.7
C(NC1CCCC1)(NCc1n[nH]c2c1cc(F)c(c2)F)=O,0.814025643,2.457689774,294.305,2.5829,-8.2,-7.8
C1(C(=C(Nc2cc(ccc2)OC)C(N1)=O)c1cc(ncc1)SC)=O,0.64153422,2.593276243,341.392,2.2917,-8,-7.4
O=C1NC(C(c2cc(NC3CCOCC3)ncc2)=C1c1cccc(c1)OC)=O,0.774833116,2.557756263,379.416,2.2483,-9.1,-8.6
N(c1nc2c(cn1)cc(-c1ccc(F)c(F)c1)cn2)C1CCOCC1,0.788553001,2.491968623,342.349,3.5609,-9.2,-8.9
O=C1C(c2ccc(cc2)F)=C(C(=O)N1)c1ccnc(c1)NC1CCOCC1,0.81135624,2.535260281,367.38,2.3788,-9,-8.7
C1C(CCC(C1)NC1CCOCC1)Nc1nc2n(c(ccc2cn1)=O)C(CC)C,0.776045605,3.244121289,399.539,3.2542,-8.5,-8.3
C1(c2cc(NC3CCC3)ncc2)=C(C(NC1=O)=O)c1ccc(C)cc1,0.844128194,2.38057323,333.391,2.92162,-8.7,-7.8
C1N(CCOC1)c1cc(ccn1)C1C(NC(C=1c1cccc(c1)F)=O)=O,0.849446593,2.447016566,353.353,1.6245,-9,-8.7
c1(C2=C(C(=O)NC2=O)Nc2cc(NC3CCOCC3)ncc2)cc(ccc1)F,0.687508923,2.686516946,382.395,2.2912,-9,-9.3
c1cc(cc2c1n(C)cc2C1C(NC(C=1c1cc(F)c(cc1)F)=O)=O)F,0.717397767,2.464621797,356.303,3.1628,-8.9,-8.6
N1C(=O)C(=C(c2ccc(C3CC3)cc2)C1=O)c1ccc(cc1)Cl,0.873605728,2.107582613,323.779,3.7846,-8.5,-7.8
c1c(ccnc1NC1CCOCC1)C1=C(C(NC1=O)=O)c1ccc(F)cc1,0.81135624,2.535260281,367.38,2.3788,-9.1,-8.8
n1c(c(c(NC2CCOCC2)nc1)C#N)-c1cc(ncc1)NC1CCC1,0.855561365,2.727216736,350.426,2.96558,-8,-8.5
C1(C(=C(C(=O)N1)c1ccnc(NCCCOC)n1)c1ccc(cc1)Cl)=O,0.571075164,2.491726995,372.812,2.1456,-7.7,-7.5
O=c1[nH]c(n(C)c(-c2cc(ncc2)Nc2ccccc2)n1)=O,0.758885482,2.362853028,295.302,1.2742,-8.1,-7.8
c1c(-n2c(=O)[nH]nc2-c2ccnc(c2)Nc2cc(N3CCOCC3)c(cc2)C)cccc1,0.505817851,2.477733755,428.496,3.51122,-9.4,-8.9
CC1CC(NC(=O)Cc2ccc(cc2)F)CN(C1)C(C1CCC1)=O,0.920976337,2.793698054,332.419,2.5215,-8.1,-7.6
C1(Nc2ccc(Cl)cc2)C(=O)NC(=O)C=1c1cc(ncc1)NC1CCOCC1,0.670604368,2.607409254,398.85,2.8055,-8.7,-8.7
c12c(ccc(F)c1)n(CC)cc2C1C(=O)NC(=O)C=1c1ccc(Cl)cc1,0.709745667,2.361429279,368.795,4.0209,-8.4,-8.2
c1c(cc(cc1)C1C(=O)NC(=O)C=1Nc1cccc(c1)Cl)C(N)=O,0.739296003,2.279248877,341.754,1.9185,-8.4,-8.2
N1(c2c(cccc2)OC)CCN(C(=O)C(C)n2c([nH]c3ccccc32)=O)CC1,0.753695368,2.647266577,380.448,2.248,-8.3,-8.2
c1(cc(C2=C(C(=O)NC2=O)c2cccc(Cl)c2)ccn1)Nc1ccccc1,0.674840925,2.280309986,375.815,4.0458,-9.6,-9.1
Cc1cc(nc(c1)NC1CCC(NC(=O)NCC)CC1)-c1ccc(C)cn1,0.750899721,2.447250038,367.497,3.80264,-8.5,-8
Cc1ccc(Cl)cc1Nc1nccc(NC2CCC(C(NC(C)C)=O)CC2)n1,0.654618488,2.349827603,401.942,4.67732,-8.5,-8.3
n1c(nccc1-c1ccnc(c1)NC(=O)CC1CCOCC1)NC1CCCCC1,0.767336613,2.502183168,395.507,4.0384,-9.5,-8.3
c1(NC2CCOCC2)nccc(C2=C(Nc3ccccc3)COC2=O)c1,0.806920933,2.653422297,351.406,3.0525,-8,-8.5
c1cc(O)ccc1C=C1C(N=C2N1c1ccc(Cl)cc1N2)=O,0.79372625,2.69574094,311.728,3.2148,-8.6,-8.6
C1CC1NC(=O)c1cc(-c2nc(ccn2)NC2CCOCC2)ccc1,0.876355754,2.282595809,338.411,2.6267,-8.4,-7.9
C1COCCC1Nc1cc(ccn1)C1=C(Nc2ccc(cc2)Cl)C(=O)NC1=O,0.670604368,2.607409254,398.85,2.8055,-8.5,-8.6
c1cccc(C2C(=O)NC(=O)C=2c2cc(ncc2)NC2CCOCC2)c1,0.827718733,2.476063902,349.39,2.2397,-8.9,-8.5
C1(C(c2ccc(Cl)cc2)=C(C(N1)=O)Nc1cccc(O)c1)=O,0.760724332,2.236757104,314.728,2.5252,-8.3,-8
c1cc2cc(ccc2cc1C(N)=O)C1=C(C(NC1=O)=O)c1ccnc(c1)NC1CCOCC1,0.521863654,2.703327037,442.475,2.4918,-10.3,-9.1
c1c(cccc1)C1C(=O)NC(=O)C=1c1cn(C)c2cc(C#N)ccc21,0.735271323,2.422901507,327.343,2.61718,-9.4,-8.7
O(C)c1c(ccc(C2=C(C(=O)NC2=O)Nc2cccc(Cl)c2)c1)OC,0.803654798,2.214362885,358.781,2.8368,-7.9,-8
c1cc(C2C(NC(C=2Nc2ccc(cc2)Br)=O)=O)c(OC)cc1,0.809235348,2.182605335,373.206,2.9373,-8.1,-7.6
c1(NC2CCCC2)nccc(C2C(NC(=O)C=2c2ccc(OC)cc2)=O)c1,0.798456144,2.377005843,363.417,3.0119,-9.2,-8.7
c1c2c(nc(nc2)NC2CCN(CC2)C(=O)c2ccccc2)n(C)c1,0.799231642,2.2935172,335.411,2.685,-8.8,-8.2
c1(C2=C(C(=O)NC2=O)c2ccc(cc2)Cl)ccnc(NC2CCCCC2)c1,0.783688512,2.402686909,381.863,4.0468,-9.3,-9.1
C1(=O)NC(=O)C(=C1c1c(Cl)cncc1)Nc1cc(ccc1)-c1nn[nH]c1,0.608620662,3.044203028,366.768,1.9997,-9.2,-8.4
C1(=O)C(=C(C(N1)=O)c1c(OC)ccc(C(=O)O)c1)c1cccs1,0.837303029,2.376859485,329.333,2.0221,-8.2,-7.6
c1(ccc(cc1)C=C1C(NC(=Nc2ccccc2)S1)=O)F,0.85858183,2.558155348,298.342,3.7173,-7.9,-7.9
[nH]1nc(-c2cc(ncc2)NC2CCC(CC2)O)c2cc(ccc21)F,0.688776113,2.484383573,326.375,3.4794,-8.9,-8.9
C(c1cncc(c1)C1C(NC(C=1c1cc(F)ccc1)=O)=O)(N)=O,0.821595305,2.442565975,311.272,0.8868,-8.2,-8.4
c1ccccc1C1C(NC(=O)C=1c1ccnc(NC2CCOCC2)c1)=O,0.827718733,2.476063902,349.39,2.2397,-8.8,-8.6
C1(=C(c2cc(ncc2)NC2CC2)C(=O)NC1=O)c1ccc(OC)cc1F,0.806955943,2.501499247,353.353,2.3708,-8.5,-8.1
c1ccc2c(c1)ncc(C1C(=O)NC(=O)C=1c1cc(NC3CCOCC3)ncc1)c2,0.654452722,2.680351655,400.438,2.7879,-9.9,-10
c1(N)cc(ccn1)-c1cc(Nc2ccccc2)nc(C2CC2)n1,0.7674486,2.299586386,303.369,3.7418,-8.3,-7.9
N1C(=O)C(c2cccc(OCC)c2)=C(c2ccc(cn2)F)C1=O,0.878780231,2.364520365,312.3,2.1866,-8.4,-7.5
C(N)(=O)c1cc(C2=C(c3cc(NC4CCOCC4)ncc3)C(=O)NC2=O)ccc1,0.659982577,2.636238786,392.415,1.3386,-9.5,-9.3
c1(C2SCC(=O)N2)cccc(c1)C1=C(C(NC1=O)=O)c1ccccc1,0.831705889,3.094908153,350.399,2.1154,-9.2,-9.4
c1nccc(c1)C1=C(C(=O)NC1=O)c1cc(ncc1)NC1CCCC1,0.838947428,2.520635852,334.379,2.3983,-8.8,-8.2
N1C(C(c2ccc(cc2)O)=C(C1=O)c1cc(ncc1)NC1CCCC1)=O,0.738417556,2.461663951,349.39,2.7089,-9,-8.4
c1cc(cc(NC2CCOCC2)n1)C1=C(C(NC1=O)=O)c1ccc(F)cc1,0.81135624,2.535260281,367.38,2.3788,-9,-8.9
O=C1C(c2cn(C)c3c2c1ccc3)=C1C(NC(=S)NC1=O)=O,0.550186087,3.083014404,311.322,-0.47,-8.9,-9
c1c(cc(NC2CCOCC2)nc1C1C(=O)NC(=O)C=1c1ccc(F)c(c1)Cl)C,0.748486231,2.778471113,415.852,3.34062,-9.2,-9
C1(=O)C(c2ccc(cc2)F)=C(c2c(C)cccc2)C(N1)=O,0.860255563,2.003177649,281.286,2.70132,-8,-7.7
c12c(cc(nc1[nH]nc2NC(=O)CCC)C)-c1cccc2c1cccc2,0.557129798,2.399252874,344.418,4.82512,-8.9,-7.7
c12c(cc(-c3cccnc3)nc1)c(n[nH]2)NC(CCC)=O,0.76984132,2.412452952,281.319,2.7585,-7.8,-7.4
C1Oc2cc(ccc2O1)NC1C(=O)NC(=O)C=1c1cc(ccc1)C#N,0.830391461,2.49757239,333.303,1.76658,-8.6,-8.5
c1c(C)cc2c(c1)nccc2NCCCCCNc1cc(ccc1)Cl,0.495511629,2.070567569,353.897,5.89092,-6.9,-7.1
N1C(=O)C(=C(c2ccc(Cl)cc2)C1=O)c1ccnc(NC2CCOCC2)c1,0.793382813,2.530676849,383.835,2.8931,-8.8,-9
c1c(NC2CCC2)cc(cn1)C1=C(c2cccc(F)c2)C(=O)NC1=O,0.841806812,2.513469004,337.354,2.7523,-8.4,-7.8
C1(=C(C(NC1=O)=O)c1ccc(F)cc1)c1ccnc(c1)NC1CCOCC1,0.81135624,2.535260281,367.38,2.3788,-9,-8.9
c1(cccc(NC2CCOCC2)n1)C1=C(c2ccc(cc2)F)C(NC1=O)=O,0.81135624,2.565633062,367.38,2.3788,-8.8,-9.1
c1cc(Cl)c(cc1F)C1=C(C(=O)NC1=O)c1cc(ncc1)NC1CCOCC1,0.769628572,2.652517737,401.825,3.0322,-9.1,-8.9
c1cc(ccc1Cl)C1=C(C(NC1=O)=O)c1cc(ncc1)Nc1ccccc1,0.674840925,2.231207619,375.815,4.0458,-8.8,-9.1
O=C1C(c2c(cc(cc2)C)C)=C(c2ccc3cccnc3c2)C(=O)N1,0.733404036,2.293826101,328.371,3.41884,-8.9,-8.3
c1cc(F)ccc1C1=C(c2ccnc(c2)NC2CCOCC2)C(=O)NC1=O,0.81135624,2.535260281,367.38,2.3788,-9.1,-9
C(=O)(NC1CCOCC1)c1n[nH]c2c1cc(-c1ccc(F)cc1)cc2,0.769459556,2.21241857,339.37,3.2778,-9.2,-8.5
C1(c2ccc(cc2)F)=C(c2cc(ncc2)NC2CCCCC2)C(CC1)=O,0.819851496,2.449690623,350.437,5.239,-9.4,-8.9
c1(ccc(cc1)C1=C(c2ccc(F)cc2)C(=O)NC1=O)N1CCOCC1,0.860983738,2.189075643,352.365,2.2295,-8.6,-8.8
C(O)(=O)c1cc(-c2ccnc(NC3CCC3)c2)ccc1,0.891596498,1.959180573,268.316,3.4112,-7.8,-7.8
c1(nccc(C2C(NC(C=2c2cccc(c2)F)=O)=O)c1)NC1COC1,0.827294844,2.642111475,339.326,1.5986,-8.6,-8
c1cc(C2C(=O)NC(=O)C=2c2ccnc(c2)NC2CCOCC2)c(cc1)F,0.81135624,2.570143713,367.38,2.3788,-9.1,-8.8
c1ccc(C2=C(c3cc(NC4CCOCC4)ncc3)C(NC2=O)=O)cc1,0.827718733,2.476063902,349.39,2.2397,-8.7,-8.7
[nH]1cc(C2C(NC(C=2c2ccc(cc2)Cl)=O)=O)c2c1ccc(F)c2,0.70100851,2.292511311,340.741,3.5276,-8.5,-8.4
NC(=O)c1cc(C2=C(c3ncc(nc3)NC3CCCC3)C(NC2=O)=O)ccn1,0.656424008,2.842886775,378.392,0.8922,-9,-8.5
O=C1C(Nc2cc(ccn2)-c2ccc(cc2)F)=C(C(=O)N1)c1ccncc1,0.699200509,2.474978033,360.348,2.7623,-9.1,-9
N(c1ccccc1)c1cc(-c2ccnc(c2)NC2CCCC2)ccn1,0.671326273,2.125706621,330.435,5.2417,-8.6,-8.4
O=C1NC(=O)C(c2c(cnc(NC3CCOCC3)c2)OC)=C1c1ccc(F)cc1,0.753421836,2.641832299,397.406,2.3874,-8.9,-8.7
C1CC1Nc1cc(ccn1)C1C(=O)NC(=O)C=1c1cccc(F)c1,0.847539882,2.447761311,323.327,2.3622,-8.4,-8
c1(cc(ncc1)NC1CCCC1)C1=C(c2cccc(Cl)c2)C(=O)NC1=O,0.808919745,2.446929797,367.836,3.6567,-9,-8.8
c1c(cc(o1)C(NCCCN1CCCCC1)=O)-c1ccnc(NC2CCOCC2)c1,0.645873706,2.646535571,412.534,3.5383,-8.5,-7.7
OC1CCCC(C1)NC(C1=C(C(NC1=O)=O)c1cc(ncc1)NC1CCOCC1)=O,0.407816601,3.626977344,414.462,0.5022,-9.2,-8.6
O=C(O)C1CC1c1ncc(cc1)-c1ncc(cc1)OC,0.922759782,3.059012431,270.288,2.3403,-7.1,-6.5
N(C1CCC(Nc2nc3c(c(n2-c2cccc(F)c2)=O)cc(cc3)F)CC1)CCO,0.578073325,2.497740938,414.456,2.9689,-8.6,-8.4
c1(-c2cc(ncc2)NC2CCOCC2)cc2C(NCCc2[nH]1)=O,0.809249467,2.787033212,312.373,1.9535,-8.5,-8.5
O(c1cc2c(NC(CCC)=O)n[nH]c2cc1Cl)C,0.89489772,2.236426195,267.716,2.9635,-7,-6.5
c1(ccccn1)NC1C(=O)NC(=O)C=1c1cc(NC2CCCC2)ncc1,0.717073411,2.645223821,349.394,2.3107,-8.6,-8.3
N(c1nccc(c1)-c1n(c(=O)[nH]n1)-c1cc2cc(C)ccc2cc1)C1CCOCC1,0.544976096,2.635859872,401.47,3.67512,-9.2,-9.9
C1(CCC(Nc2nccc(c2)C2=C(C(=O)NC2=O)c2ccccc2)CC1)NC(C)C,0.643228956,2.591733782,404.514,3.3699,-9.1,-8.3
c1(cc2cc(ccc2nc1)F)C1C(NC(C=1c1ccc(cc1)Cl)=O)=O,0.71689064,2.326655137,352.752,3.5945,-8.8,-8.9
C1CC(CCC1Nc1ccc2c(n1)n(C(C)C)c(=O)cc2)NC(C1CC1)=O,0.849528852,2.538543371,368.481,3.2267,-8.2,-8.2
c1cc(-c2[nH]c(C3CCC3)nc2-c2ccnc(NC3CC3)c2)cc(c1Cl)Cl,0.530372425,2.517692795,399.325,6.2873,-8.8,-8
c1c(ncc(c1)C1=C(c2ccnc(c2)NCC2CCOCC2)C(NC1=O)=O)NC(C)C,0.590470594,2.862059624,421.501,2.7026,-9,-7.9
C1(C(NC(C=1c1ccc(cc1)OC)=O)=O)c1c(cccc1F)F,0.885718672,2.194858283,315.275,2.5406,-7.9,-8.1
c1c(C(N)=O)cc(cc1)C1C(NC(C=1c1ccc(F)cc1)=O)=O,0.841772581,2.132760446,310.284,1.4918,-8.9,-8.3
n1ccc(C2C(NC(C=2c2ccc(cc2)F)=O)=O)cc1NC1CCOCC1,0.81135624,2.535260281,367.38,2.3788,-9,-9
n1c(NC(C2CC2)=O)cccc1-c1ccnc(c1)Nc1ccc(cc1)F,0.718197326,2.111875028,348.381,4.3748,-8.6,-8.3
c1c(nccc1-c1ccc2C(NC(C)=O)CCc2c1)NC(C1CC1)=O,0.901038846,2.687525488,335.407,3.2205,-8.4,-9.1
c1c(NC(CCC)=O)ncc(C2=C(c3ccc(cc3)Cl)C(=O)NC2=O)c1,0.792725446,2.319617688,369.808,3.0408,-8.1,-7.7
C1CC(CCO1)Nc1nccc(-c2n[nH]nn2)c1,0.834355974,2.536171836,246.274,0.8526,-7.3,-7
c1c(C2C(NC(=O)C=2c2ccnc(NCCCO)c2)=O)ccnc1NC1CCC1,0.3991339,2.756236562,393.447,1.8025,-8.9,-7.8
O=C1C(Nc2cc(ccn2)-c2ccncc2)=C(C(=O)N1)c1ccc(Cl)cc1,0.682561352,2.470394601,376.803,3.2766,-9,-8.9
c12c(-c3cc(NC4CCOCC4)ncc3)nn(c1nccc2)-c1ccc(cc1)F,0.566357915,2.454209465,389.434,4.2125,-9.4,-8.9
c1ccnc(Nc2ccccc2-c2cc(ncc2)Nc2cccc(c2F)F)n1,0.495315571,2.325475087,375.382,5.304,-8.9,-8.4
O=C1C(=C(C(N1)=O)c1ccnc(NC2CCCCC2)c1)c1ccc(F)cc1,0.813387824,2.407270341,365.408,3.5325,-9.4,-8.6
c1(=O)[nH]c(-c2ccnc(NC3CCC(O)CC3)c2)ccc1,0.807208749,2.506064301,285.347,2.1523,-8.2,-8.2
c1c(C2C(=O)NC(C=2c2cccc(c2)F)=O)cc(NC(C2CC2)=O)nc1,0.826296828,2.40238165,351.337,2.1364,-8.7,-8.7
O1CCOCCNC(c2cc(OC)c(cc2)OC)=NC(=O)CC1,0.894479041,3.041637949,322.361,1.0035,-7.3,-6.9
O=C1C(=C(c2cc(NC3CCOCC3)ncc2)C(=O)N1)c1cccc(c1)Cl,0.793382813,2.579779216,383.835,2.8931,-9.1,-9
c1(-n2c(-c3cc(NC4CCOCC4)ncc3)n[nH]c2=O)ccnc(c1)NC1CCCC1,0.561225076,2.82322561,421.505,2.963,-9.5,-8.2
c1(cc(-c2ncncc2C2CCC(CC2)O)n[nH]1)-c1ccccn1,0.774156562,2.833200951,321.384,2.9472,-8.9,-8
c1c(-c2ccnc(NC3CCC(O)CC3)c2)n[nH]c1-c1cccc(F)c1,0.663615793,2.495716332,352.413,3.9932,-9,-8.6
O=C1NC(C(N2C1SC=C2Cc1ccncc1)=O)=Cc1ccc(F)cc1,0.847614577,3.377984868,367.405,2.677,-8.5,-8.3
c1cc(ccc1)-c1c2cc(NC3CCOCC3)ncc2n(C)c1,0.799030238,2.395494524,307.397,3.8312,-8.4,-8.1
c1(C2C(=O)NC(=O)C=2c2ccc(F)cc2)ccnc(NC2CCOCC2)c1,0.81135624,2.535260281,367.38,2.3788,-9.1,-8.9
C1(C(c2ccnc(NC(C3CC3)=O)c2)=C(c2ccccc2)C(N1)=O)=O,0.837779569,2.279880489,333.347,1.9973,-9.1,-9.1
c1c2c(cc(c1)Br)[nH]nc2C=C1c2c(NC1=O)cccc2,0.661913528,2.521680947,340.18,3.8181,-8.3,-8.6
n1[nH]c2cc(-c3ccnc(NC4CCC(C5CCCCC5)CC4)c3)ccc2c1,0.573474976,2.508127325,374.532,6.1759,-9.3,-9.2
c1c(C2C(NC(C=2c2ccnc(c2)NC2CC2)=O)=O)cccc1,0.849778607,2.321965647,305.337,2.2231,-8,-7.8
c1cc(C2=C(c3cccc(OC)c3)C(NC2=O)=O)ccc1F,0.885129722,2.030741968,297.285,2.4015,-8.1,-7.9
C1CC2CC1N2CCNc1nc2c(cn1)nnn2-c1ccc(cc1)F,0.766511546,3.946897206,339.378,1.9982,-8.1,-7.9
N1C(C(=C(C1=O)c1ccc(cc1)Cl)c1ccnc(NC2COCCC2)c1)=O,0.793382813,2.993547376,383.835,2.8931,-8.7,-8.6
C1C(CCN(c2ncc3ccc(=O)n(C(C)C)c3n2)C1)C(NCc1cc(ccc1)F)=O,0.682373359,2.468969438,423.492,3.0443,-9.7,-9.1
c1cc(NC2CCOCC2)cc2ccc(=O)n(c12)-c1cc(Nc2c(cccc2)Cl)ccc1,0.396543137,2.394051431,445.95,5.9786,-10,-9.3
O=c1[nH]nc(c2c1cnn2C(C)C)NCc1cc(F)ccc1,0.775882191,2.606527576,301.325,2.4517,-7.3,-7.5
c1c(cccc1-c1ccnc(Nc2ccccc2)c1)C1=C(C(NC1=O)=O)N1CCCCC1,0.596064089,2.464398731,424.504,4.3456,-10.9,-8.6
n1ccnc(c1C1CCCCC1)NC1C(=O)NC(=O)C=1c1ccc(Cl)cc1,0.788208699,2.676950814,382.851,3.6573,-8.4,-7.6
c1(c(C(N)=O)c(ccc1)C)-c1ccc2c(C(=O)NCC2)c1,0.883316359,2.297434233,280.327,2.04682,-8.2,-8.3
c1(ccc2c(n[nH]c2c1Cl)NC(CCC)=O)C1C(NC(=O)C=1c1ccc(F)cc1)=O,0.541362163,2.769977329,426.835,3.6612,-8.6,-8.9
C1(C(=O)NC(=O)C=1c1ccnc(NC2CCCC2)c1)c1ccc(cc1)F,0.830425976,2.400630105,351.381,3.1424,-8.9,-8.4
CCCCCCNC1=C(C(=O)NC1=O)c1ccnc(Nc2ccccc2)c1,0.469365142,2.433451997,364.449,3.3626,-7.6,-7.3
N(C1CCOCC1)C1=C(c2ccc(cc2)F)C(NC1=O)=O,0.813819456,2.484009005,290.294,0.9618,-7.5,-7.5
c1cccnc1C1C(NC(C=1Nc1ccc(cc1)F)=O)=O,0.841077032,2.280849005,283.262,1.7003,-7.8,-7.3
c1cc(ccc1Cl)C1=C(C(=O)NC1=O)c1ccnc(c1)NCCO,0.718808926,2.416851809,343.77,1.7064,-7.9,-7.8
c12cc(ncc2[nH]nc1NC(CCC)=O)-c1ccccc1,0.769418044,2.19796695,280.331,3.3635,-8,-7.6
N(C)C(=O)C1CC1C(=O)Nc1n[nH]c2c1ccc(c2)-c1ccc(F)cc1,0.674629308,3.109704657,352.369,2.6896,-9,-8.3
n1ccc(C2=C(C(=O)NC2=O)c2cc(ncc2)NCCO)cc1NC1CCC1,0.537623803,2.746590237,379.42,1.4124,-8.8,-8.1
C(N1CCCC1)c1nccc(-c2cc(ncc2)Nc2cccc(c2)Cl)c1,0.680424103,2.189829689,364.88,5.1364,-8.8,-8.2
C1NC(=NC=C1c1ccnc(c1)NC1CCC1)Nc1cc(Cl)ccc1,0.773656546,2.900843649,353.857,4.1116,-8.4,-7.8
C1(=O)NC(=O)C(=C1c1ccc(F)cc1)Nc1cccc(c1)OC,0.850310058,2.12962356,312.3,2.3139,-7.8,-7.8
N(c1nccc(-c2n[nH]c(n2-c2ccc3OCCOc3c2)=O)c1)C1CCOCC1,0.696205872,2.70755544,395.419,1.9847,-9.5,-9.4
c1c2c(cc(F)c1Cl)sc1ccc(C)nc21,0.571177537,2.350056168,251.713,4.55042,-7.2,-7
c1(-c2cc(ncc2)NC(C2CC2)=O)cc(ncc1)Nc1ccccc1,0.73426779,2.063729845,330.391,4.2357,-8.3,-8
c1c(ccc(C2=C(C(=O)NC2=O)c2cccc(CO)c2)c1)OC,0.843863809,2.114953027,309.321,1.7547,-7.8,-7.6
C1(C(=O)NC(=O)C=1c1ccnc(c1)NC1CCCC1)c1ccccc1,0.843948257,2.337633323,333.391,3.0033,-8.7,-8.7
C1C(COC1)CNC(=O)c1cc(cnc1)C1C(=O)NC(C=1c1ccc(cc1)F)=O,0.749117765,3.007020263,395.39,1.5542,-9,-8.6
C1OCCC(Nc2cc(ccn2)C2=C(C(=O)NC2=O)c2cc(F)ccc2)C1,0.81135624,2.588614128,367.38,2.3788,-9.2,-8.9
c1c(cc2c(c1)ncn2-c1nccc(c1)-c1cc(ccc1)F)C#N,0.559558419,2.308810386,314.323,4.09828,-9.3,-8.9
c1cc(C2C(NC(=O)C=2c2cccc(Cl)c2)=O)cc(C)c1,0.865235445,2.095369566,297.741,3.21562,-8.1,-8.4
c1ncc(-c2cc(NC(=O)CCC)ncc2)cc1NC1CCOCC1,0.841887711,2.423771573,340.427,3.4731,-8.2,-8
c1c(cccc1)-c1c(cn[nH]1)C1C(NC(=O)C=1c1ccc(cc1)Cl)=O,0.712336989,2.334524313,349.777,3.2973,-9.4,-7.8
C1CC1(C(=O)NCC(C)C)c1nc(NC2CCOCC2)cc(c1)-c1ccccc1,0.741979571,2.676974838,393.531,4.1433,-9,-7.8
c1(ccc(C2=C(c3ccc(cc3)F)C(NC2=O)=O)cc1)F,0.861840499,1.960878592,285.249,2.532,-8.2,-7.6
c1cnc2c(c1-c1ccnc(NC3CCC(O)CC3)c1)cccc2,0.765558444,2.255790984,319.408,4.0122,-8.8,-8.9
c1c(Nc2nccc(c2)C2=C(C(NC2=O)=O)Nc2ccc(Cl)cc2)cc(Cl)cc1,0.520339905,2.41437836,425.275,4.6116,-8.9,-8.6
c12ccc(OC)cc2c(c(-c2ccnc(c2)NC2CCOCC2)[nH]1)C1CCOCC1,0.640320897,2.707514655,407.514,4.7234,-9.1,-8.5
C1(CCC1)Nc1nccc(C2=C(C(NC2=O)=O)c2ccc(F)cc2)c1,0.841806812,2.399366946,337.354,2.7523,-8.8,-8.4
C1(c2cc(ncc2)NC2CCCC2)=C(Nc2cc(Cl)ccc2)C(NC1=O)=O,0.688426007,2.524492234,382.851,3.5691,-9.3,-8.6
c1nn(C)cc1C1=C(c2cc(ncc2)NC2CCOCC2)C(NC1=O)=O,0.79517839,2.831629489,353.382,0.9732,-8.6,-8.4
C1(Nc2cc(O)ccc2)=C(C(=O)NC1=O)c1ccc(F)cc1,0.757465743,2.242523357,298.273,2.0109,-8,-8
N(C1CCCC1N)c1nccc(C2=C(c3ccc(F)cc3)C(NC2=O)=O)c1,0.720080211,3.289148998,366.396,2.0796,-9.2,-8.5
c1(OC)cc2c(ccc(-c3ccnc(c3)NC3CCC(N)CC3)c2)cc1,0.724406167,2.254585562,347.462,4.5922,-9.3,-9.1
N(c1ccc(Br)cc1F)c1nccc(C2C(=O)NCC=2c2ccc(cc2)Cl)c1,0.548731411,2.586340045,458.718,5.4208,-9,-8.7
c1c(cnc(NC2CCCC2)c1)C1=C(C(NC1=O)=O)c1ccccc1,0.843948257,2.321533849,333.391,3.0033,-8.9,-8.2
c1c(F)cccc1C1C(=O)NC(C=1c1ccnc(c1)Nc1ccc(F)cc1)=O,0.680884678,2.345960429,377.35,3.6706,-9.9,-9
c1cc(C2C(NC(C=2c2cc(ncc2)NC2CCC2)=O)=O)cc(c1)NC1CCOCC1,0.624202877,2.702594473,418.497,3.2041,-9.6,-9.1
c1c(-c2ccc3c(cnc(NC4COCCC4)n3)c2)c(F)ccc1,0.790450211,2.696360577,323.371,4.0268,-9,-8.8
N1C(C(=C(c2ccc(Cl)cc2)C1=O)c1c2c(cccc2)n(C)c1)=O,0.72915021,2.217076243,336.778,3.3989,-8.1,-8.5
C1(C(NC(C=1c1ccnc(NC2CCCC2)c1)=O)=O)c1cc(ccc1)Cl,0.808919745,2.446929797,367.836,3.6567,-9,-8.8
O=C1NC(C(=C1c1cccc(F)c1)c1ccnc(NC2CCCC2)c1)=O,0.830425976,2.456118105,351.381,3.1424,-9.2,-8.5
c1(NC2CCOCC2)nccc(C2=C(C(NC2=O)=O)c2ccc(Cl)cc2)c1,0.793382813,2.530676849,383.835,2.8931,-8.8,-9
c1c(F)ccc(C2C(=O)NC(=O)C=2c2ccnc(Nc3ccc(cc3)F)c2)c1,0.680884678,2.293940429,377.35,3.6706,-9.8,-9.1
c1(cc(-c2cc(NC3CCOCC3)ncc2)ccn1)NC(c1cccc(C)n1)=O,0.691800791,2.491733338,389.459,3.69022,-9.5,-9
c12c(n(-c3cc4ccccc4cc3)c([nH]1)=O)ncnc2NCC1CCOCC1,0.572520666,2.558501706,375.432,3.1005,-9.7,-9.4
c1c(cccc1C1=C(C(NC1=O)=O)c1ccnc(NC2CCOCC2)c1)C(N)=O,0.659982577,2.636238786,392.415,1.3386,-9.5,-9.2
n1ccc(cc1NC1CCCC1)C1=C(C(=O)NC1=O)c1cc(c(O)cc1)Cl,0.704003206,2.581300587,383.835,3.3623,-9.4,-8.9
c1ccccc1C1=C(c2cc(NC3CCCCC3)ncc2)C(NC1=O)=O,0.831840219,2.344705805,347.418,3.3934,-9.1,-8.7
C1Oc2c(O1)cc(C1C(NC(C=1c1cccc(c1)Cl)=O)=O)cc2,0.861220278,2.28852299,327.723,2.6359,-8.3,-8.3
O(c1cc(NC2CCCC2)ncc1-c1n[nH]c(=O)n1-c1cc2c(cc1)cc(Cl)cc2)CC,0.423208068,2.666425266,449.942,5.1824,-9.1,-8.4
c1cc(C2=C(C(NC2=O)=O)Nc2cccnc2)c(OC)cc1,0.836911803,2.289116764,295.298,1.5698,-7.9,-7.5
Clc1cc(C2=C(C(NC2=O)=O)c2ccc(cc2)Cl)ccc1,0.860728599,2.047452486,318.159,3.5606,-8.4,-7.7
c1(C2=C(c3ccccc3)C(NC2=O)=O)ccnc(NC2CCC2)c1,0.849937184,2.335541834,319.364,2.6132,-8.4,-7.9
C1CC1C(O)=Nc1cc(ccn1)C12CC(C(=O)N)C(CC2)CC1,0.661221323,4.578314404,313.401,3.0128,-7.9,-8.1
c1c(Nc2nccc(-c3ccc(F)cc3F)c2)cc(cc1)C1CCC(O)CC1,0.602195472,2.311062246,380.438,5.7889,-9.8,-9.1
c1c(ccc(CN2CCC(CC2)Oc2ccc(F)cc2)c1)C(=O)N,0.917914457,1.8435017,328.387,2.968,-8,-7.9
n1(c(n[nH]c1=O)-c1ccc(cc1)F)-c1cc(NC2CCCC2)ncc1,0.765691828,2.389490014,339.374,3.1162,-8.6,-8.3
c1cc(C)cc(-c2cc(ncc2)NC(C2CC2)=O)c1,0.909189559,1.826343815,252.317,3.40552,-7.9,-7.4
C1C(CC1)Nc1cc(ccn1)C1=C(C(NC1=O)=O)c1ccccc1,0.849937184,2.335541834,319.364,2.6132,-8.4,-8
c1cc(cc2c1c(NCCCCN)n[nH]2)Cl,0.70095284,2.260240783,238.722,2.3671,-6.5,-6
c1cc(NC2CCCC2)ccc1-c1n[nH]c(n1-c1ccc2ccccc2c1)=O,0.545559838,2.226294106,370.456,4.7353,-9.4,-8.7
c1(cc(C2=C(C(=O)NC2=O)c2cc(nc3c2cccc3)OC)ccc1)F,0.739157058,2.385003086,348.333,2.9497,-8.7,-7.9
c1(Cl)cc(NC2=C(C(NC2=O)=O)c2ccc(Cl)cc2)ccc1,0.845852495,2.14813502,333.174,3.473,-7.9,-8.1
c1c(cc(nc1)NC1CCC(CC1)O)C1C(=O)NC(C=1c1ccc(F)cc1)=O,0.708150074,2.559435237,381.407,2.5033,-9.6,-8.7
C1CC(c2ncc(cn2)C2C(NC(C=2c2ccc(F)cc2)=O)=O)CCO1,0.854691025,2.64813472,353.353,2.0769,-8.3,-8.8
c1(ccc(Cl)cc1)C1=C(c2ccco2)C(NC1=O)=O,0.85544339,2.252466892,273.675,2.5002,-7.4,-7.6
c12c(ccc(F)c1)cccc2C1=C(C(NC1=O)=O)c1cc(NC2CCOCC2)ncc1,0.635126139,2.65405755,417.44,3.532,-10,-9.2
c1c(C2=C(C(NC2=O)=O)c2cc(NCC)ncc2)cc2c(OCO2)c1,0.827273914,2.560462775,337.335,1.8093,-8.4,-8.5
C1(NC(=O)C(=C1c1ccc(cc1)F)c1ccc(c(CN2CCOCC2)c1)OC)=O,0.785482984,2.327227665,396.418,2.2337,-8.8,-8
c1c(cc(C2=C(C(NC2=O)=O)c2ccnc(NC3CCCC3)c2)cc1)F,0.830425976,2.456118105,351.381,3.1424,-9,-8.5
O(C)c1cc2-c3nc(ncc3C(=O)N3CCC(CC3)N3CCCC3)Nc2cc1,0.754556391,3.294944667,379.464,2.9096,-8.8,-8.9
C(C)NC(C1C(C(=O)NC=1)=Cc1ccnc(Nc2ccccc2)c1)=O,0.733157866,2.751782005,334.379,2.3584,-8,-7.8
c1ccc(-c2ccnc(NC3CC4OCC(C3O)C4)n2)c(c1)C(F)(F)F,0.874928006,4.628256888,365.355,3.1126,-8.5,-9.2
c1c(NC2C(=O)NC(=O)C=2c2ccc(cc2)Cl)ccc(c1)F,0.85596987,2.095611198,316.719,2.9587,-8,-8
c1(cc(NC2CCC2)ncc1Cl)-c1ccnc(NC2CCC(O)CC2)c1,0.721571947,2.579208566,372.9,4.4768,-8.5,-8.3
c1(C2=C(C(=O)NC2=O)Nc2cc(C(=O)O)ccc2)ccc(cc1)F,0.747065776,2.178713401,326.283,2.0035,-8.4,-8.5
O=C1CCC(CC1)Nc1nccc(C2C(=O)NC(C=2c2ccc(Cl)c(F)c2)=O)c1,0.750186538,2.752445409,413.836,3.3649,-9.4,-9.3
C1C(C(=O)Nc2nccc(c2)C2C(=O)NC(C=2c2ccccc2Cl)=O)C1,0.813018404,2.361901565,367.792,2.6507,-8.5,-7.8
NC(c1cc(ccn1)C1=C(c2cc(OC)c(OC)c(OC)c2)C(NC1=O)=O)=O,0.704879848,2.522501251,383.36,0.7735,-8.5,-8
c1cc(C)ccc1N1CCN(Cc2ccc(cc2)F)C(C1)=O,0.869507309,1.863022258,298.361,2.98292,-8.1,-7.4
C(=O)(Nc1nccc(C2=C(C(NC2=O)=O)c2ccc(cc2)F)c1)C1CC1,0.826296828,2.34537343,351.337,2.1364,-8.9,-8.5
c1cnc(Nc2cccc(c2)C2=C(C(NC2=O)=O)c2ccc(cc2)OC)cc1,0.672135159,2.231118656,371.396,3.401,-9.6,-8.9
c1c(F)ccc(c1)C1=C(C(=O)NC1=O)c1ccnc(NC2CCCC2)c1,0.830425976,2.400630105,351.381,3.1424,-9.2,-8.7
C1C(C(=O)Nc2cc(-c3n[nH]c(c3)-c3ccc(F)cc3)ccn2)CCOC1,0.738718692,2.388141346,366.396,3.6429,-10,-8.6
C1c2c(cccc2)CCN1C(=O)C1CC1,0.680046003,1.77114099,201.269,1.9813,-6.5,-6.8
c1c(NC2CCOCC2)nccc1C1C(=O)NC(=O)C=1c1cc(Cl)ccc1,0.793382813,2.579779216,383.835,2.8931,-9.1,-8.9
c1cc(C2C(=O)NC(C=2c2ccc(Cl)cc2)=O)ccc1OCCO,0.816635082,2.119141175,343.766,2.2783,-7.6,-7.6
c1cnc(NC2CCC2)cc1C1=C(c2c(cc(F)cc2)F)C(NC1=O)=O,0.827634657,2.526261102,355.344,2.8914,-9,-8.6
C1N(CCOCC1)c1ccc2c(c1)nc([nH]2)-c1cc([nH]n1)-c1cc(ccc1)F,0.566482208,2.58450912,377.423,3.9858,-9.6,-9.2
C1(Nc2cc(nc(C3CCOCC3)c2)-c2ccc(F)cc2)CCN(C(=O)NCC)CC1,0.744356198,2.599856011,426.536,4.3875,-9.9,-8.5
n1c(NCCCN2CCCC2)ncc2c1n(nn2)-c1cccc(C#N)c1,0.680483925,2.508861258,348.414,1.97998,-8.5,-7.4
c1(Nc2cc(ncc2)NC2CCC(O)CC2)cc(O)cc(c1)C,0.694156728,2.464536976,313.401,3.55462,-8.2,-8.1
c1c(NC2CCOCC2)nccc1C1C(NC(C=1c1ccc(cc1)F)=O)=O,0.81135624,2.535260281,367.38,2.3788,-9.2,-8.9
c1cc(cc2c1[nH]nc2Cl)-n1c(n[nH]c1=O)-c1cc([nH]n1)-c1cccnc1,0.44516252,2.966822943,378.783,2.5424,-9.8,-8.6
c1(OC)cc(Nc2ccc(cc2)C2C(NC(C=2c2ccc(cc2)Cl)=O)=O)ccc1,0.606786949,2.131104403,404.853,4.6594,-9.4,-8.5
c1(cccc(c1)OC)C1C(NC(C=1c1cn(c2c1cccc2)C(C)C)=O)=O,0.720150582,2.385862197,360.413,3.798,-8.1,-7.9
c1c(F)c(ccc1C1C(NC(C=1c1cccc(c1)OC)=O)=O)F,0.885718672,2.174896023,315.275,2.5406,-8.4,-8.1
c1c(C2=C(C(NC2=O)=O)c2ccccc2)ccnc1NC1CCCC1,0.843948257,2.337633323,333.391,3.0033,-8.7,-8.5
c1c(F)cc(Nc2cc(ccn2)-c2ccnc(NC(C3CCOCC3)=O)c2)cc1,0.673436783,2.357573881,392.434,4.3914,-9.4,-9
c1cc(cc(c1)Cl)-n1c([nH]nc1-c1ccnc(c1)NC1CCCC1)=O,0.74891864,2.415554924,355.829,3.6305,-8.7,-8.4
C1(=C(c2ccc(F)cc2F)C(NC1=O)=O)c1cc(ncc1)NC1CCOCC1,0.790955113,2.652270237,385.37,2.5179,-9.3,-9.3
N1C(C(=C(c2cc(ncc2)NC2CCOCC2)C1=O)c1cccc(c1)F)=O,0.81135624,2.588614128,367.38,2.3788,-9.1,-9
O=C1C(c2ccc(C#N)cc2)=C(c2ccnc(c2)NC2CCOCC2)C(=O)N1,0.794599401,2.650624639,374.4,2.11138,-9.3,-9.3
c1cc(cc(NC2=C(C(NC2=O)=O)c2cc(ncc2)NC2CCOCC2)c1)Cl,0.670604368,2.652026348,398.85,2.8055,-9.4,-8.6
N1C(C(Nc2ccc(F)cc2)=C(c2ccc(cc2)F)C1=O)=O,0.856067072,2.101377451,300.264,2.4444,-7.8,-7.9
c1ccc2c(ccc(c2)-c2nc(nc(c2)N2CCOCC2)NC(C)C)c1,0.773467999,2.224029287,348.45,3.9537,-9.1,-8.3
c1(-c2ccc3c(c2)cnc(NCC2CCOCC2)c3)cnc(cc1)OC,0.749989176,2.430220498,349.434,4.1439,-8.7,-8
c1cccc(c1Cl)NC1C(=O)NC(=O)C=1c1ccnc(NC2CCOCC2)c1,0.670604368,2.647920365,398.85,2.8055,-9.1,-8.4
c1c(-c2cc(NC3CCOCC3)ncc2)n[nH]c1-c1cc(ncc1)NC(=O)C,0.630131188,2.680757263,378.436,3.083,-9.5,-8.5
c1c(cc(Cl)cc1C1C(NC(=O)C=1c1ccc(Cl)cc1)=O)Cl,0.822842461,2.212651983,352.604,4.214,-8.3,-8.1
c1cc(OC)ncc1C1=C(c2ccnc(NC3CCOCC3)c2)C(=O)NC1=O,0.760421373,2.737387032,380.404,1.6433,-9,-8.9
c1ccc(cc1C1C(NC(=O)C=1c1cc(ncc1)NC1CCOCC1)=O)Cl,0.793382813,2.579779216,383.835,2.8931,-9.1,-9
C1(Nc2cc(ccn2)-c2ccccc2)=C(C(NC1=O)=O)c1ccc(Cl)cc1,0.678709278,2.299123003,375.815,3.8816,-9,-9.1
c1cc(OC)cc(C2C(=O)NC(C=2c2cc(ncc2)NC)=O)c1,0.840324518,2.383702613,309.325,1.6991,-7.7,-8
c1(ccc(cc1)O)C1=C(c2ccc(Cl)cc2)C(NC1=O)=O,0.837774111,2.066182343,299.713,2.6128,-8.2,-7.8
C1CC1C(Nc1cc(ccn1)-c1ncc(NC2CCC(CC2)O)cc1)=O,0.769063393,2.386291028,352.438,3.2075,-8.2,-8.3
c1cc(cc(c1)CO)Nc1nccc(-c2cc(ncc2)NC(C2CCC2)=O)c1,0.604134514,2.270624639,374.444,4.1181,-9.1,-8.5
O=C1C(c2ccc3c(c2)OCO3)=C(C(=O)N1)c1ccc(Cl)c(Cl)c1,0.833163244,2.349826243,362.168,3.2893,-8.2,-7.9
C(N)(=O)c1cccc(N=C2N(C3CCCCC3)C(=O)C(S2)=Cc2ccccc2)c1,0.747821585,2.403224262,405.523,4.7222,-8.6,-9
C(=O)(Nc1cc(-c2cccc(OC)c2)ccn1)C1CCOCC1,0.942039665,2.050523011,312.369,3.1223,-8.1,-8
c1cc(ncc1-c1ccc2c(c1)N=CN(C2)CC1CCCO1)NC(=O)C,0.918071963,3.270309888,350.422,3.3614,-8.7,-8.6
c1cc(cc(c1)C1=C(c2ccnc(NC3CCCCC3)c2)C(NC1=O)=O)Cl,0.783688512,2.451789275,381.863,4.0468,-9.5,-9.1
c1cc(C2=C(C(NC2=O)=O)c2cc(-c3ccc(Cl)cc3)ccc2)ccn1,0.718861574,2.186524259,360.8,3.9692,-9.3,-9.5
C1OCCN(C1)c1cc(ccn1)-c1cc(NC(C(N)CC)=O)ncc1,0.858928063,2.805427384,341.415,1.656,-8.4,-7.9
c1c(nc(nc1)NC1CCC1)-c1cc(NC(C)C)ncc1,0.881014452,2.357951313,283.379,3.3233,-7.4,-7
c1c(cc(Cl)c(c1)Cl)C1C(=O)NC(C=1c1ccnc(NC2CCOCC2)c1)=O,0.742939941,2.633025814,418.28,3.5465,-9.1,-9.4
c12C(=O)NCCc1cc(nc2)NC1CCC(NS(=O)(=O)CCC)CC1,0.706935135,2.783946794,366.487,1.42,-8,-7.9
c1c(ccc(c1)Cl)C1=C(c2cc(ncc2)NC2CCOCC2)C(NC1=O)=O,0.793382813,2.530676849,383.835,2.8931,-8.8,-9.1
c1c(ccc(c1)C=C1C(Nc2cc(ccc12)C(=O)O)=O)F,0.832489274,2.023111417,283.258,3.0166,-8.1,-8.6
c1cc(c(F)cc1)C1=C(C(=O)NC1=O)c1ccnc(c1)NC1CCOCC1,0.81135624,2.570143713,367.38,2.3788,-9.1,-8.9
c1(F)ccc(cc1)-c1cc(C2C(=O)NC(C=2c2ccc(cc2)F)=O)ccc1,0.710974796,2.084768519,361.347,4.199,-9.4,-9.1
C1(C(c2cc(ncc2)NC2CCCCC2)=C(c2ccc(Cl)c(c2)Cl)C(N1)=O)=O,0.709262742,2.508235622,416.308,4.7002,-9.6,-9.3
c1cc(cc(c1)Br)C1C(NC(C=1c1ccccc1)=O)=O,0.861659341,2.038912557,328.165,3.0163,-7.7,-7.4
c1(nnc(cc1)NC1C(=O)NC(=O)C=1c1ccc(F)cc1)C1CNCCC1,0.710099659,3.260348559,367.384,1.5623,-8.5,-9.2
NC(c1cnc(-c2ccnc(NC3CCOCC3)c2)cc1)=O,0.898456842,2.341146915,298.346,1.8334,-8.1,-7.9
c1(cc(ncc1)NC1CCC(CC1)NC(NC)=O)-c1ccccc1,0.807350143,2.133312364,324.428,3.4007,-8.6,-8.3
c1(cc(Cl)ccc1)C1C(=O)NC(=O)C=1c1ccnc(NC2CCOCC2)c1,0.793382813,2.579779216,383.835,2.8931,-9,-9
c1c(ccc(C2=C(C(NC2=O)=O)c2ccc(OC)cc2)c1)Cl,0.886465322,1.962587625,313.74,2.9158,-8,-7.5
C1COCCC1C(Nc1n[nH]c2ncc(-c3cc(ncc3)NC3CCOCC3)cc21)=O,0.579081651,2.82273648,422.489,2.9759,-9.6,-8.9
c1cccc(NC2C(NC(=O)C=2c2cc(ncc2)NC2CCOCC2)=O)c1,0.704337705,2.562075329,364.405,2.1521,-8.6,-8.5
C1COCCC1c1cc(ncc1)NC1C(NC(=O)C=1c1cc(ccc1)O)=O,0.718136445,2.781104068,365.389,2.1608,-8.6,-8.9
Fc1c(cc(cc1)C1=C(c2ccncc2)C(=O)NC1=O)F,0.858112314,2.296411026,286.237,1.927,-7.8,-7.7
C1C(CCC(C1)Nc1nccc(-c2cc(ncc2)NC(=O)C)c1)Nc1ncccc1,0.568307981,2.487729627,402.502,4.3322,-9.6,-9.2
c1(cnc(cc1)NC1CCOCC1)-c1c2c(ccc1)c(NC1CCOCC1)n[nH]2,0.611378477,2.806251128,393.491,3.8067,-9.3,-8.9
O1CCN(CC1)c1n[nH]c2cc(-c3ccc(cc3)F)ccc21,0.789454353,2.149170458,297.333,3.2056,-7.9,-8.2
c1cn(-c2cc3c(cc2)[nH]nc3NC(CCC)=O)cc(c1=O)-c1ccc(F)cc1,0.534379016,2.593632669,390.418,4.2585,-9.5,-8.6
O=C1C(=C(C(=O)N1)c1cccc(NC2CCCCC2)c1)Nc1ccccc1,0.706360014,2.282833459,361.445,3.9108,-8.6,-8.8
O=C1C(=C(C(N1)c1cc(ncc1)NC1CCCC1)c1cccc(F)c1)c1ccc(F)cc1,0.561229517,3.065154143,431.486,5.4962,-9.4,-8.9
c1cccc(C2=C(C(NC2=O)=O)Nc2ccc(C)c(c2)C)c1O,0.761273242,2.297501552,308.337,2.48864,-8.6,-8.7
c1c2c(cc(-c3csc(n3)NC3CCCC3)c1)cnn2C,0.792911681,2.357526995,298.415,4.0513,-8,-8.1
n1c(ncc2CCOc3cc(ncc3-c12)NC1CCOCC1)Nc1cc(ccc1)F,0.677775886,2.752886479,407.449,3.9471,-10.1,-8.8
c1(cn(c2ncccc12)C)C1=C(C(=O)NC1=O)c1ccnc(NC2CCOCC2)c1,0.647886231,2.839578012,403.442,2.1264,-9.3,-8.5
c1cnccc1C1C(NC(C=1N1Cc2cccc(c2C1)Cl)=O)=O,0.859136317,2.693050962,325.755,2.1183,-8,-8.3
c1cc(ccc1F)-c1cc(OC)cc(C2=C(C(=O)NC2=O)c2ccncc2)n1,0.709464328,2.472225237,375.359,2.8585,-9.9,-8.5
c1cc(cc(C2C(=O)NC(C=2c2ccc(cc2)F)=O)c1)C1CCCCC1,0.832840875,2.237564874,349.405,4.4406,-9.8,-9.5
C1(=C(C(NC1=O)=O)c1ccnc(c1)NC1CCOCC1)c1cccc(Cl)c1,0.793382813,2.579779216,383.835,2.8931,-9,-9
c1c(OC)cccc1C1=C(C(NC1=O)=O)Nc1cccc(C(N)=O)c1,0.71180994,2.247558049,337.335,1.2737,-8.6,-8.1
o1c2c(c(n1)NC1CCC(NC(C)C)CC1)cccc2,0.894152098,2.386449217,273.38,3.5489,-7.5,-7.3
Cn1c(-c2cc3c(cccc3)cc2)n[nH]c1=S,0.663133365,2.122719643,241.319,3.29789,-7.3,-7.4
c1c(C2=C(c3cc(ncc3)Nc3cc(N4CCC(CC4)O)ccc3)C(NC2=O)=O)cccc1,0.526996341,2.528544411,440.503,3.3535,-9.8,-9.3
NC(=O)c1cc(C2=C(c3ccccc3)C(=O)NC2=O)ccc1,0.836828474,2.058930057,292.294,1.3527,-8.2,-8
C(C1=C(c2ccc(F)cc2)C(=O)NC1=O)(=O)Nc1cc2ccccc2cc1,0.556877746,2.205970917,360.344,3.0276,-9.3,-9.1
N(c1ccnc(c1)-c1cc[nH]n1)C1=C(C(=O)NC1=O)c1ccccc1,0.634625581,2.898724998,331.335,1.9513,-8.7,-8
c1ccc(cc1)-c1cc2c(n[nH]c2cc1)NC(CCC)=O,0.758874824,1.967183343,279.343,3.9685,-8.3,-8.1
c1c(-n2c(-c3ccc4ccccc4c3)n[nH]c2=O)ccc(c1)F,0.615811908,2.016581334,305.312,3.5199,-8.6,-8.5
O=C1NC(C(c2ccccc2Cl)=C1c1ccc(cc1)F)=O,0.866674616,2.015106463,301.704,3.0463,-7.9,-7.6
c1ccc(c(c1F)Cl)C1=C(C(NC1=O)=O)c1ccnc(c1)Nc1ccccc1,0.652051183,2.435661006,393.805,4.1849,-9.3,-9.2
c1cc(cc(C2=C(C(=O)NC2=O)c2cc(NCC3CCOCC3)ncc2)c1)OC,0.733285657,2.587312174,393.443,2.4959,-8.7,-8.6
N1(Cc2ccc(Cl)cc2)CC(NC(=O)CC)CCC1,0.919792285,2.240334066,280.799,2.8306,-7.2,-7
c1cc(cc(-c2nnc([nH]2)-c2ccccc2)c1)NC(=O)CCC,0.751233441,2.173879842,306.369,3.8773,-8.3,-7.8
n1c(NC(C2CC2)=O)cccc1C1C(NC(C=1c1ccc(cc1)F)=O)=O,0.826296828,2.374966265,351.337,2.1364,-8.7,-8.8
c1c(C2C(NC(=O)C=2c2cccc(c2)CN2CCCCC2)=O)ccnc1NC1CCOCC1,0.663244581,2.649359523,446.551,3.2256,-9.7,-9.1
C(CC)CC(Nc1c(cc(cc1)C1=C(C(NC1=O)=O)c1ccccc1)F)=O,0.768314696,2.170895193,366.392,3.5216,-8.4,-8
c1cccc(NC2CCOCC2)c1C1=C(c2ccccc2Cl)C(=O)NC1=O,0.794089145,2.423864423,382.847,3.4981,-8.5,-8.1
c1c(c(Cl)cc2c1n(C)c(s2)=O)C1=C(C(NC1=O)=O)c1ccccc1,0.705170249,2.598520467,370.817,2.8206,-8.8,-8.3
O=C1NC(=O)C(=C1c1cc(ccc1)C(N)=O)c1cc(ncc1)OC,0.80678027,2.423434871,323.308,0.7563,-8.3,-8.2
c1(CN2CC(C)CCC2)ccc(C2C(NC(=O)C=2c2ccc(F)cc2)=O)cc1,0.826959921,2.652656193,378.447,3.6248,-9.4,-8.9
C1C(NC(=O)C(C)C)CCC(Nc2ncc3c(n2)n(nc3)C(C)C)C1,0.871020764,2.57626772,344.463,2.9025,-8.1,-7.5
c1(NC2CCCCC2)cc(C2=C(c3ccc(cc3Cl)Cl)C(=O)NC2=O)ccn1,0.709262742,2.500137352,416.308,4.7002,-8.9,-8.6
c1nc(NC(=O)C)cc(C2=C(c3ccncc3)C(=O)NC2=O)c1,0.823851491,2.470251726,308.297,1.0022,-8.3,-7.7
c1(F)cc2nn(cc2cc1)-c1ccnc(NC2CCCCC2)c1,0.783864303,2.409454705,310.376,4.3042,-8.5,-8
C1(c2c(cc(c(OC)c2)OC)S(=O)(=O)N1)=C1c2cccnc2NC1=O,0.780866586,2.940330577,359.363,1.2111,-8.5,-8
c1c(c(F)cc(Nc2ccc(cc2)C2=C(C(=O)NC2=O)c2ccnc(c2)NC2CCOCC2)c1)F,0.460707187,2.687022212,476.483,4.2615,-10.2,-9.8
C1(=C(c2ccc(cc2)F)C(NC1=O)=O)c1ccnc(NCCO)c1,0.717770142,2.422109275,327.315,1.1921,-8,-7.7
O=C1C(c2ccc(cc2)Cl)=C(c2c(C(=O)N)cccc2)C(N1)=O,0.845401601,2.111954436,326.739,2.0061,-8.4,-7.6
c1(=O)[nH]nc(C2C=CNC=2c2cccc(c2)F)n1-c1cc2OCOc2cc1,0.585029905,2.705921093,364.336,3.0905,-8.8,-8.3
c1(nc2cc(ccc2[nH]1)-c1ccccc1)NC1CCCCC1,0.714608058,2.037885595,291.398,4.9745,-8.5,-8.4
C1CC(CCO1)Nc1cc(ccn1)-c1n[nH]c(n1-c1ccc2ccccc2c1)=O,0.560847365,2.543330396,387.443,3.3667,-9.1,-9.8
c1cccc(c1)NC1C(=O)NC(C=1c1cc(C(=O)O)ccc1)=O,0.749380567,2.12998782,308.293,1.8644,-8.2,-8
Cn1c(-c2cc(ncc2)NC(NCCC)=O)nc2c1nccc2,0.775341963,2.332721591,310.361,2.5618,-8.1,-7.4
c1c([nH]c2ccc(cc12)F)Cc1c([nH]c2c1cc(Cl)cc2)O,0.491649493,2.568505775,314.747,4.7381,-8.6,-8.2
c1cc(OC)cc2c1[nH]nc2C=C1C(NC(=Nc2ccccc2)S1)=O,0.709110099,2.97770308,350.403,3.4631,-8.6,-7.9
C1C(c2ccnc(NC3CCCC3)c2)=C(c2ccc(cc2)Cl)C(NC1=O)=O,0.783688512,2.548289867,381.863,4.0468,-8.5,-9.3
c1(C2=C(C(=O)NC2=O)c2ccnc(c2)NC2CCOCC2)ccc(cc1)F,0.81135624,2.535260281,367.38,2.3788,-9.1,-8.9
NC(NCCCCCNc1nccc(C2=C(c3ccnc(NC4CCCC4)c3)C(NC2=O)=O)c1)=O,0.246444625,2.849846127,477.569,2.6488,-9.3,-7.9
O=C1NC(=O)C(=C1c1cccc(Cl)c1)c1cc(NC2CCCC2)ncc1,0.808919745,2.446929797,367.836,3.6567,-9,-8.8
c1(C2=C(C(=O)NC2=O)c2cc(OC)c(c(OC)c2)OC)ccncc1,0.833474762,2.336448379,340.335,1.6746,-8,-7
C1C(CCC(C1)C)Nc1cc2c(cc1Cl)C(NCCC(N2)=O)=O,0.775379244,2.612159891,335.835,3.4026,-8.5,-8.2
c1c(OC)c(NC(C2CC2)=O)cc(c1)-c1nc(Nc2cnccc2)ccc1,0.687375754,2.124530104,360.417,4.2443,-8.7,-8.1
c1ccc(cc1C1=C(c2ccnc(NC3CCCC3)c2)C(=O)NC1=O)Cl,0.808919745,2.446929797,367.836,3.6567,-9,-8.8
C1CC(CCO1)Nc1cc(-c2n[nH]c(=O)n2-c2cc3c(cccc3)cc2Cl)ccn1,0.519523385,2.671340641,421.888,4.0201,-9.4,-9.7
COc1ccc(Nc2cc(nc(c2)OCC)-c2cc(NC3CCCC3)ncc2)cc1,0.505663256,2.386315991,404.514,5.649,-8.9,-8.8
c1cc(cc(c1)Cl)C1C(=O)NC(=O)C=1c1c2ccc(cc2n(c1)C)F,0.715592679,2.409459148,354.768,3.538,-8.9,-8.7
N(C1CCC1)c1nccc(C2=C(Nc3cc(Cl)ccc3Cl)C(=O)NC2=O)c1,0.661358099,2.600493978,403.269,3.8324,-8.6,-8.3
N(C(=O)C(C)C)c1n[nH]c2ncc(cc21)-c1cccc(C)c1,0.775993917,2.296818146,294.358,3.52782,-8.7,-8.4
C(C)COc1cccc(c1)C1=C(c2cc(nnc2)NC2CCOCC2)C(=O)NC1=O,0.678466978,2.807421513,408.458,2.4235,-9.2,-8.3
c1cc(ccc1Nc1nccc(-c2cc(n[nH]2)C(NC2CCOCC2)=O)c1)F,0.630929494,2.457813924,381.411,3.2632,-9,-8.5
c1cc(ccc1C)C1C(NC(=O)C=1c1ccnc(NC2CCN(C)CC2)c1)=O,0.802167866,2.491888506,376.46,2.46332,-8.7,-9
n1c2c(c(NCCCN)nc1C1CCCCC1)cc(cc2)-c1ccc(Cl)cc1,0.521536366,2.282523305,394.95,5.7586,-9,-8.2
C1CC(CCN1C1CCC1)Nc1nccc(F)c1C(N)=O,0.886630878,2.500510374,292.358,1.7484,-7.6,-7.1
n1ccc(-c2n[nH]c(n2-c2cc3OCCOc3cc2)=O)cc1NC1CCOCC1,0.696205872,2.70755544,395.419,1.9847,-9.5,-9.4
c1c(F)ccc(C2=C(C(=O)NC2=O)c2ccnc(NCC3CC3)c2)c1,0.822974051,2.42533336,337.354,2.6098,-8.3,-7.7
c1cc(C2C(NC(C=2c2cccnc2OC)=O)=O)cc(c1)OC,0.869189714,2.297415513,310.309,1.666,-7.6,-7.7
c1(nc2c(NC3CCCC3)nccc2cn1)NC1CCCC1,0.899940073,2.44380028,297.406,3.7338,-7.9,-7.6
c1(ccc(cc1)F)C1=C(c2ccnc(NC3CCOCC3)c2)C(NC1=O)=O,0.81135624,2.535260281,367.38,2.3788,-9,-9
c1(C2C(=O)NC(=O)C=2c2cc(ncc2)NC2CCOCC2)ccc(cc1)Cl,0.793382813,2.530676849,383.835,2.8931,-8.8,-9
c1cc(ncc1-c1c2c(n(C)c1)cccc2)NC(=O)C1CC1,0.80131519,2.06849039,291.354,3.5888,-8.4,-7.7
c1c(cc(C2C(NC(=O)C=2Nc2ccc(c(Cl)c2)Cl)=O)cc1)Cl,0.802150579,2.260357081,367.619,4.1264,-8.4,-8.2
n1(-c2ncnc3c2cc(c(OC)c3)OC)c(n[nH]c1=O)-c1ccc(cc1)NC1CCCCC1,0.462017192,2.578889603,446.511,3.9326,-9.4,-8.3
c12c(c(n[nH]2)NC(=O)C)ccc(-c2ccccc2)c1,0.734483411,1.942027405,251.289,3.1883,-7.8,-7.8
c1(Cl)cccc(Nc2ccc(cc2)C=C2C(NC(S2)=NC2CCCC2)=O)c1C,0.616032359,2.804947716,411.958,5.89452,-9,-9
c1c(cccc1C1C(NC(C=1c1ccc(cc1)Cl)=O)=O)CN,0.854647988,2.156302017,312.756,2.3659,-8.5,-7.6
C(CC)C1C(=O)NC(=O)C=1NCCCCNc1cccc(C(O)=O)c1,0.380892805,2.559976731,345.399,1.8771,-6.8,-7
C1(C#N)C(NC(=O)C=1c1cc(NC2CCCC2)ncc1)=O,0.816361979,2.67529362,282.303,1.36968,-8.1,-7.7
c1(ccnc(NC2CCOCC2)c1)C1=C(c2ccc(F)cc2)C(=O)NC1=O,0.81135624,2.535260281,367.38,2.3788,-9.1,-9
c1(OC)c(-n2c(=O)[nH]nc2-c2cc(ncc2)NC2CCOCC2)cccc1,0.718138945,2.517620412,367.409,2.2221,-8.7,-8.5
c12cc(cnc1OCC2)-c1sc(nn1)NC(=O)C1CCN(CC1)C(NCC)=O,0.808589542,2.712342587,402.48,1.915,-9.1,-8.3
n1cc(C2C(NC(C=2Nc2cc(Cl)ccc2F)=O)=O)ccc1NC1CCCC1,0.666310867,2.596046199,400.841,3.7082,-8.8,-8.6
c1cc(ccc1F)Nc1nccc(-c2n[nH]c(n2-c2cc3ccccc3cc2)=O)c1Cl,0.40397118,2.492671396,431.858,5.3119,-10.3,-9.3
c1c(ccc(C2=C(C(NC2=O)=O)Nc2cccc(Cl)c2Cl)c1)Cl,0.802150579,2.2868941,367.619,4.1264,-8.1,-7.7
c1cc(OC)c(OC)cc1C1C(=O)NC(C=1c1ccnc(c1)NC1CCOCC1)=O,0.706297347,2.582962405,409.442,2.2569,-9.4,-8.6
C1OCCC(Nc2nccc(c2)C2C(NC(=O)C=2Nc2ccc(cc2)F)=O)C1,0.687508923,2.611822929,382.395,2.2912,-8.7,-8.6
c1(C23C(CNCC3)C(NC2=O)=O)n(c(nn1)SC)-c1ccc(cc1)F,0.615874697,3.705511868,361.402,0.632,-8.1,-7.3
c12c(n(cc2C2=C(C(=O)NC2=O)c2ccc(cc2)F)C)cccc1,0.738264262,2.222333709,320.323,2.8846,-8.6,-8.4
c1c(cc(cc1C1C(NC(=O)C=1c1cc(NC2CCC2)ncc1)=O)Br)OC,0.714292762,2.614822925,428.286,3.3843,-9.1,-8.2
O=c1[nH]nc(-c2ccc(cc2)F)cc1-c1cc(ncc1)Nc1ccccc1,0.567842657,2.159422164,358.376,4.3816,-9.9,-8.9
C1C(c2ccccc2F)C(=O)NC1=O,0.674917507,2.546849929,193.177,0.9558,-6.5,-6.8
c1c(C2=C(c3c(OC)ccc(c3)OC)C(NC2=O)=O)ccnc1NC1C(=O)OCC1,0.543303008,3.154222715,409.398,1.3934,-9.2,-8.6
C1(=C(C(=O)NC1=O)c1ccc(cc1)C)c1ccnc(NC2CCOCC2)c1,0.816294316,2.518153181,363.417,2.54812,-8.9,-9.1
c1c(ccc(c1)Cl)C1C(NC(C=1c1ccnc(c1)NC1CCCC1)=O)=O,0.808919745,2.395863336,367.836,3.6567,-9,-8.9
Clc1cccc(-c2cc3c(cc2)[nH]nc3NC(=O)CCCN2CCOCC2)c1,0.659521237,2.274867395,398.894,3.9342,-8.7,-8.4
c1(NC(CCC)=O)n[nH]c2cc(ccc21)-c1ccc(F)cc1,0.761131271,2.055178302,297.333,4.1076,-8,-7.6
C1(CCCC1)Nc1cc(ccn1)-c1cc2c([nH]nc2C(NCC)=O)cc1,0.65533557,2.399625846,349.438,3.7291,-8.9,-8.6
c1(cc(ncc1)NC1CCCC1)C1C(NC(C=1c1cc(F)ccc1)=O)=O,0.830425976,2.456118105,351.381,3.1424,-9.1,-8.8
n1[nH]c2nccc(c2c1)-c1cc[nH]n1,0.600722986,3.172094871,185.19,1.348,-6.2,-6.4
C1(CC1)C(Nc1nccc(c1)C1C(=O)NC(C=1c1ccc(F)cc1)=O)=O,0.826296828,2.34537343,351.337,2.1364,-8.5,-8.7
C(CC)C(=O)Nc1c2cn[nH]c2cc(-c2ccnc(c2)NC2CCCC2)c1,0.591747851,2.486201911,363.465,4.718,-8.9,-8.1
NC(=O)c1ccc(C2=C(C(NC2=O)=O)c2cc(ncc2)NC2CCCC2)cc1,0.691628795,2.461196775,376.416,2.1022,-9.7,-9.3
c1(cnc2[nH]nc(NC(CCC)=O)c2c1)-c1cccnc1,0.76984132,2.370385613,281.319,2.7585,-7.9,-7.6
c1(C2C(NC(=O)C=2c2ccc(cc2)Cl)=O)ccnc(NC2CCOCC2)c1,0.793382813,2.530676849,383.835,2.8931,-8.9,-9
c1(-c2ccc3c(c2)OCO3)nc(sc1)NC(=O)CCC,0.938398087,2.056032241,290.344,3.2774,-7.3,-6.9
c1n(C(C)C)c2ccc(cc2c1)NC1C(=O)NC(C=1c1cccnc1)=O,0.71193559,2.66993635,346.39,3.0968,-8.9,-8.2
c1(cc(NC2CCOCC2)ncc1OC)C1C(=O)NC(=O)C=1c1cccc(c1)Cl,0.732460962,2.68366937,413.861,2.9017,-8.9,-8.8
c1ccc2c(c1)cc(-n1c(nnc1S)-c1ccnc(c1)NC1CCOCC1)cc2,0.495771765,2.579938982,403.511,4.3621,-8.6,-9.5
C1(c2cc(NC3CCOCC3)ncc2)C(NC(C=1c1cc(F)ccc1)=O)=O,0.81135624,2.588614128,367.38,2.3788,-9.1,-9
c1cc(ccc1Cl)C1C(NC(C=1c1ccnc(NC2CCOCC2)c1)=O)=O,0.793382813,2.530676849,383.835,2.8931,-8.9,-9.1
O=C1NC(C(c2ccnc(NC3CCC3)c2)=C1c1c(cccc1)F)=O,0.841806812,2.437689589,337.354,2.7523,-8.5,-8.3
c1cc(Cl)ccc1C1=C(C(=O)NC1=O)c1cc(ncc1)NC1CCOCC1,0.793382813,2.530676849,383.835,2.8931,-8.8,-9.1
c1(c(cccc1)CNc1nc(C2CCCC2)nc(Nc2ccc(Cl)cc2)c1)Cl,0.466823488,2.272498351,413.352,6.7967,-9.2,-8.2
C1(CCOCC1)Nc1nccc(-c2n[nH]c(n2-c2cc3ccccc3cc2)=O)c1,0.560847365,2.543330396,387.443,3.3667,-9.1,-9.7
c1cc(cnc1Nc1cc(ccn1)C1C(=O)NC(C=1c1ccccc1)=O)OC,0.669208504,2.4365631,372.384,2.796,-8.7,-9.3
c1c2c(ncc1-c1ccnc(NC(=O)C3CCC3)c1)cc(C)c(c2)C,0.759677728,2.228031518,331.419,4.65224,-9.3,-8.6
c1(-c2ccc3NC(=O)CCc3c2)nn(c(=O)[nH]1)-c1ccc(cc1)F,0.758604883,2.560764577,324.315,2.2514,-9.3,-9
c1cccc(c1)C1C(NC(C=1c1c2ccc(OC)cc2n(c1)C)=O)=O,0.750397967,2.266180597,332.359,2.7541,-8.3,-8.1
[nH]1nc(NC2CCOCC2)c2c1ncc(C#N)c2,0.832573011,2.766164628,243.27,1.42048,-7.3,-7.3
c1c(NC(CCC)=O)ncc(c1)C1=C(c2cccc(Cl)c2)C(=O)NC1=O,0.792725446,2.37208323,369.808,3.0408,-8.2,-7.8
C1(=C(Nc2cc(ncc2)NC2CCOCC2)C(NC1=O)=O)c1ccc(cc1)F,0.687508923,2.635139169,382.395,2.2912,-8.7,-8.5
n1c(ncc(c1OC)-c1c(cccc1F)F)NC1CCOCC1,0.937924691,2.517011801,321.327,3.0213,-7.8,-7.6
C(NC1CCCC1)(=O)c1c2cnn(-c3ccc4ccccc4c3)c2ncc1,0.59700058,2.167707116,356.429,4.2461,-9.3,-9.1
C1(C(NC(=O)C=1c1cccc(c1)Cl)=O)c1ccnc(NCCO)c1,0.718808926,2.473175112,343.77,1.7064,-8.1,-7.8
c1c(NC2=C(c3ccccc3)C(=O)NC2=O)cc(c(OC)c1)OC,0.824570041,2.094562216,324.336,2.1834,-8.1,-7.8
c1c2c(C3C(NC(C=3c3cccc(c3)F)=O)=O)cn(c2ccc1)C,0.738264262,2.283533709,320.323,2.8846,-8.6,-8.5
C1COc2cc(ccc2O1)C1C(=O)NC(C=1c1ccc(cc1)Cl)=O,0.852934158,2.258575279,341.75,2.6784,-8.8,-8.3
c1c(C2C(=O)NC(C=2c2ccc(F)cc2)=O)ccnc1NC1CCC1,0.841806812,2.399366946,337.354,2.7523,-8.7,-8.4
C1(CCCC1)C(=O)Nc1n[nH]c2ncc(-c3cc(NC4COCC4)ncc3)cc12,0.615002395,3.161607527,392.463,3.3494,-9.4,-8.9
n1c(n2C(C)CNC(C)c2n1)-c1cc(NC(=O)C2CC2)ncc1,0.904167598,3.512334173,312.377,1.9138,-8,-8.2
c1ccc(OC)c(c1)C1C(NC(=O)C=1c1ccnc(c1)NC1CCCC1)=O,0.798456144,2.407050222,363.417,3.0119,-8.5,-8.6
c1(NC2CCOCC2)n[nH]c2ncc(-c3cc(ncc3)NC3CC(CCC3)O)cc21,0.512781264,3.57321029,408.506,3.3262,-9.5,-8.8
c1c2c(C(=O)NC2=O)cc(c1)C1=C(c2ccccn2)C(=O)NC1=O,0.7857403,2.562712894,319.276,0.5324,-8.7,-8.5
c1c(C2C(c3ccnc(NC4COC4)c3)=C(C(=O)N2)Nc2ccc(cc2)F)cccc1,0.571086581,3.153899082,416.456,3.7257,-9.1,-9.1
c1cc(CN2CCC3(CC2)C(=O)NCC3)c(cc1NC(=O)C1CC1)F,0.880042253,2.886531772,345.418,2.2763,-8.4,-7.4
CC(C)(C(=O)Nc1cc(C2C(NC(=O)C=2c2ccncc2)=O)ccn1)C,0.824998294,2.589810259,350.378,2.0284,-8.9,-8.6
c1(C#N)c(nccc1)NC1CCC(CC1)Nc1nccc(c1)-c1ccc(NC(C)=O)cc1,0.522724022,2.459873405,426.524,4.80888,-9.3,-8.7
c1(C2=C(C(NC2=O)=O)c2ccc(OCC)cc2)c2c([nH]nc2)ccc1,0.71872039,2.360449313,333.347,2.5288,-8.3,-8.4
c1(NCc2nccc(NC3CCCCC3)c2)cc(ccn1)-c1ccncc1,0.655609582,2.385847329,359.477,4.8953,-9.1,-9
C1=CC(C)(C)Cc2nc(NC3CCNC3)nc(c12)NC1CCOCC1,0.779950993,3.684598353,343.475,2.4368,-8.7,-8.8
c12c(cc(C3=C(C(=O)NC3=O)c3ccc(F)cc3)cn1)cccc2,0.739145812,2.202510396,318.307,2.9411,-8.6,-8.7
c12c(n(c(C)n1)C(C)C)cc(NC1CCN(CC1)Cc1ccccc1F)nc2,0.704966288,2.509106199,381.499,4.53622,-8.9,-8.4
N1C(=O)C(=C(c2ccc(cc2)F)C1=O)c1ccc(F)cc1,0.861840499,1.960878592,285.249,2.532,-8.1,-7.6
c1c(n(C)c2c1c(NC1CCOCC1)ncc2)C(NCc1ccc(F)cc1)=O,0.710956545,2.408990451,382.439,3.2333,-8.8,-8
c1c(C2C(=O)NC(C=2c2cc(ncc2)NC2CCN(CC2)C)=O)cc(F)cc1,0.796512282,2.560587929,380.423,2.294,-9.2,-9.2
C1(C(Nc2cc(ncn2)-c2ccnc(NC3CCOCC3)c2)=O)CC1,0.869811853,2.477809508,339.399,2.478,-8.4,-7.8
n1(C)cc(c2ccc(F)cc21)C1C(=O)NC(C=1c1ccccc1)=O,0.738264262,2.294358143,320.323,2.8846,-8.6,-8.6
N(c1c(cccc1)-c1cc(n[nH]1)NC1CCCC1)C(=O)C1CCC(CC1)N,0.64459155,2.477782048,367.497,3.8872,-8.9,-8.8
c1(C2C(=O)NC(=O)C=2c2cccc(c2)F)ccnc(c1)NC1CCOCC1,0.81135624,2.588614128,367.38,2.3788,-9.2,-8.9
C1(C(Nc2cc(ccn2)-c2ccnc(c2)Nc2ccccc2)=O)CCOCC1,0.698081086,2.255207545,374.444,4.2523,-9.4,-8.5
c12c(cc(-c3cccc(C4CCN(CC4)C(=O)OCC)c3)cn1)cccc2,0.641517041,2.085375037,360.457,5.2377,-9.7,-8.9
C(CCNc1c2c(ncn1)[nH]nc2NC(CCC)=O)c1ccccc1,0.548451544,2.400688328,338.415,3.1362,-8.3,-7.8
c1nc(NC2CCC2)cc(-c2n[nH]c(C(=O)N)c2-c2ccc(cc2)Cl)c1,0.637536835,2.505017431,367.84,3.8554,-8.4,-8.2
c1cc(ccc1)C1=C(C(=O)NC1=O)c1c[nH]c2ccc(Cl)cc12,0.710384468,2.218188724,322.751,3.3885,-8.4,-7.9
c1cc(cc(c1)N1C(=O)CCC1)C1=C(c2cc(OC)ccc2)C(NC1=O)=O,0.847671836,2.321426262,362.385,2.3892,-9,-8.4
n1c(cc(-c2ncc(cc2)F)cc1)NC(=O)C1CC1,0.919166475,2.083851508,257.268,2.6312,-7.3,-7
c1n(c(=O)[nH]n1)-c1cc2c(nc1)cc(nc2)NCCCO,0.581972417,2.907850178,286.295,0.2981,-7,-7.3
c12nc(ncc1n(c(=O)cc2)C(C)C)N1CCC(CC1)NC1CCCC1,0.913614028,2.640229489,355.486,2.8734,-7.8,-7.9
c1cc(cc(n1)NC1CCOCC1)C1=C(c2cc(ncc2)NC2CCOCC2)C(=O)NC1=O,0.57549403,2.942209959,449.511,2.2256,-9.9,-9
Cc1nccc(c1)-n1cc(nc1)C1C(=O)NC(C=1c1cc(Cl)ccc1)=O,0.724873382,2.723915768,364.792,2.79632,-8.9,-8.7
c1cc(ccc1)C1=C(C(NC1=O)=O)c1cc(NC2CCOCC2)ncc1,0.827718733,2.476063902,349.39,2.2397,-8.7,-8.7
c1cccc(C2=C(c3cc(F)c4OCOc4c3)C(=O)NC2=O)c1,0.862967411,2.441193619,311.268,2.1216,-8.5,-8.7
CC(C)C(=O)NC1CCc2c(n(C)c3ccc(C(=O)N)cc32)C1,0.907765996,2.924412075,313.401,1.9067,-8.1,-7.8
C1C(Nc2nccc(c2)-c2nn(C)c(=O)n2-c2ccc3c(c2)cccc3)CCOC1,0.567521718,2.594145187,401.47,3.3771,-10.1,-9.7
c1(ccc(cc1F)C1=C(Nc2ccncc2)C(=O)NC1=O)Cl,0.852535605,2.453342216,317.707,2.3537,-8.1,-7.8
c1cc(C2C(NC(C=2c2ccnc(c2)NC2CCCC2)=O)=O)ccn1,0.838947428,2.520635852,334.379,2.3983,-9,-8.1
c1cc(NC2CCN(CC2)CC(C)C)nc2c1c(-c1ccc(Cl)cc1)n[nH]2,0.663319725,2.427895784,383.927,4.8106,-8.8,-7.9
c1cnc(NC2CCC2)cc1C1=C(c2ccc(cc2)F)C(NC1=O)=O,0.841806812,2.399366946,337.354,2.7523,-8.7,-8.4
c1cc(NC(CCC)=O)cc(c1)C1=C(c2ccc(F)c(c2)F)C(=O)NC1=O,0.793516689,2.274209654,370.355,3.2706,-8.9,-9.3
c1c(C(=O)N)ccc2c1C(=Cc1ccc(cc1Cl)Cl)C(N2)=O,0.824658785,2.21335564,333.174,3.585,-8.6,-8.8
n1c(cc(NC2CCC2)nc1)C1=C(c2c(cccc2F)F)C(=O)NC1=O,0.821466355,2.740055201,356.332,2.2864,-8.7,-8.4
c1(c(cccc1)C(=O)O)-c1ccnc(NC2CCOCC2)c1,0.907479406,2.142339944,298.342,3.0377,-7.9,-8
c1cc(C2=C(C(NC2=O)=O)c2ccnc(c2)NC2CCOCC2)ccc1F,0.81135624,2.535260281,367.38,2.3788,-9,-9
Fc1ccc2c(cc(CCNCCC(O)c3cccc(F)c3)[nH]2)c1,0.578581097,2.786953935,330.378,3.7019,-6.9,-7.5
c12ccnc(Nc3cc(ncc3)C3CCCCC3)c2cc(cc1)OC,0.691360941,2.329012567,333.435,5.4297,-8.8,-8.8
C1CN(C(C)=O)CCC1c1n[nH]c(n1-c1ccc2cc(F)ccc2c1)=O,0.768860452,2.430912442,354.385,2.5788,-9.2,-8.5
c1cc(C2=C(C(NC2=O)=O)c2ccc(F)cc2)cc(n1)NC1CCCC1,0.830425976,2.400630105,351.381,3.1424,-9,-8.7
c1(cc(ncc1)NC)C1=C(C(=O)NC1=O)c1cc(NC2CCCCC2)ncc1,0.693659007,2.689098143,377.448,2.8301,-9.2,-8.2
C1CCC(CNCc2nnn(-c3nc(cc(-c4ccccc4)n3)C(N)=O)c2)CC1,0.639943597,2.557812071,391.479,2.4931,-9.2,-8.5
C(CNc1c2cc(-c3oc(-c4ccccc4)nc3C)ccc2[nH]n1)C,0.538612052,2.420143122,332.407,5.01522,-8.4,-8.6
O=C1NC(C(=C1c1ccccc1)c1ccc(cc1)N1CCCC1)=O,0.88545573,2.04236687,318.376,2.854,-8.8,-8.7
c1c(F)cc(NC2CCOCC2)nc1-c1n(-c2ccc3c(cccc3)c2)c([nH]n1)=O,0.542845109,2.755765991,405.433,3.5058,-9.4,-8.9
C1OCCN(c2ccnc(Nc3ccccc3)c2)C1,0.914618735,1.896733964,255.321,2.6618,-7.2,-7.2
c1ccccc1-c1cc(nc(n1)NC1CCC1)C1CCC(CC1)O,0.888148024,2.296944233,323.44,4.1265,-8.6,-8.2
O1CCC(CC1)Nc1cc(C2C(=O)NC(C=2c2cccc(F)c2)=O)ccn1,0.81135624,2.588614128,367.38,2.3788,-9.2,-8.9
n1cccc(C2=C(c3cc(Cl)ccc3)C(=O)NC2=O)c1NC1CCOCC1,0.793382813,2.571336613,383.835,2.8931,-8.5,-8.6
C1CCCCC=1CC(Nc1nccc(C2=C(C(NC2=O)=O)c2cccc(c2)Cl)c1)=O,0.560819188,2.698870813,421.884,4.1312,-9.5,-8.8
Clc1cc2c(=O)n(c(=O)[nH]c2cc1)-c1cc2c(ccc(c2)Cl)cc1,0.556735604,2.125720134,357.196,4.139,-9.3,-8.9
c1c(C2=C(C(NC2=O)=O)c2ccnc(NC3CCCCC3)c2)ccc(Cl)c1,0.783688512,2.402686909,381.863,4.0468,-9.3,-9.1
C1(C=C(C(=O)N1)c1ccnc(NC2CCCC2)c1)=O,0.804467919,2.636041951,257.293,1.4759,-7.7,-7.5
C1(=C(C(=O)NC1=O)c1ccnc(c1)NC1CCOCC1)c1cccc(c1)F,0.81135624,2.588614128,367.38,2.3788,-9.2,-9
c1(ccc(cc1)C#N)Nc1nccc(C2C(NC(=O)C=2c2ccccc2)=O)c1,0.691244881,2.355005835,366.38,3.26408,-9.3,-8.9
c1cc(OC)cc(c1)Nc1n[nH]c2ncc(Cl)c(c12)C,0.771685258,2.434936848,288.738,3.67192,-7.8,-7.6
c1cccc2c1ccc(Nc1nc(ccn1)-c1cc(ccc1)NC1CCOCC1)c2,0.457687168,2.254354033,396.494,5.6313,-9.6,-9.3
c1ccc2c3c(n(C)c2c1)C1=C(C(NC1=O)=O)c1c-3cccc1,0.506191255,2.379867745,300.317,3.3683,-10,-10
O(c1cc(C2C(NC(C=2Nc2ccccc2)=O)=O)ccc1)C,0.848141474,2.070046434,294.31,2.1748,-7.7,-8.1
c1(C(=O)N)ccc2OCc3c(cc4c(cccc4)c3-c2c1)OC,0.787851341,2.285225088,305.333,3.5067,-8.8,-9.2
[nH]1nc(c2cc(-c3ccccc3)ccc12)NC(=O)CCC,0.758874824,1.967183343,279.343,3.9685,-8.4,-7.9
N(c1cc(ccn1)-c1n(C)c(=O)[nH]n1)C1CCC(CC1)O,0.779470217,2.678796697,289.339,0.8858,-7.7,-7.7
c1c(C2=C(c3cccc(c3)OC)C(NC2=O)=O)ccnc1NC1CC1,0.819235109,2.409685256,335.363,2.2317,-8.3,-8
n1c2cc(NC3CCOCC3)c(Cl)cc2[nH]c1-c1ccnc(c1)NC1CCOCC1,0.557131908,2.778176712,427.936,4.4601,-9.7,-8.4
c1sc2c(c(=O)n(nn2)-c2cc(NC3CCOCC3)ncc2)c1,0.78928595,2.756598144,329.385,1.8281,-7.9,-8
C1CC1C(=O)NC1CCN(CC1)c1ncc2c(n1)n(c(=O)cc2)C(C)C,0.905540335,2.536137393,355.442,1.8674,-8.1,-8
s1cc(C2C(=O)NC(=O)C=2NN2CCOCC2)c2ccccc12,0.825593274,2.825684434,329.381,1.1056,-7.9,-7.6
c1ccc(c(n1)NC1CCOCC1)C1=C(c2cc(ccc2)C(N)=O)C(=O)NC1=O,0.659982577,2.628304773,392.415,1.3386,-9.5,-9.2
c1cc(F)cc(C2=C(C(=O)NC2=O)c2cc(ncc2)NC2CCOCC2)c1,0.81135624,2.588614128,367.38,2.3788,-9.1,-9
NC1CCC(Nc2nccc(-c3n[nH]c(n3-c3cc4c(cc3)cccc4)=O)c2)CC1,0.486933374,2.589914243,400.486,3.4576,-9.5,-8.8
c1c(ccc2c1C(NC2)=O)C1C(=O)NC(=O)C=1c1ccc(Cl)cc1,0.823841631,2.478976243,338.75,2.1506,-9.2,-8.3
CCC(Nc1nccc(c1)C1C(NC(=O)C=1c1ccccc1Cl)=O)=O,0.825143362,2.369651456,355.781,2.6507,-8.3,-7.9
c1c(-c2ccnc(c2)Nc2ccccc2)ccnc1Nc1ccc2ccc(cc2c1)Cl,0.308755972,2.225413403,422.919,7.4374,-9.8,-8.5
O=C1C(c2ccnc(NC3CCCCC3)c2)=C(C(=O)N1)c1c(cc(cc1)Cl)Cl,0.709262742,2.500137352,416.308,4.7002,-8.7,-8.7
c1c2c(cc(C(=O)N)c1)c1C(c3c(cccc3)-c1[nH]2)=O,0.552583871,2.174325512,262.268,2.4782,-8.8,-8.7
c1n(C)c(-c2ccc(Nc3ccc(cc3)CN3CCOCC3)cn2)nc1,0.767176495,2.260605114,349.438,3.0579,-7.7,-8
n1cc(c2ccc(cn21)-c1ccccc1)C(=O)NCC1CCOCC1,0.796701871,2.29081028,335.407,3.1577,-8.7,-8.5
c1(F)c(OC)cc(C2=C(C(NC2=O)=O)c2c(F)cccc2F)cc1,0.878909924,2.374591545,333.265,2.6797,-8,-8.2
c1cc(C(NCC2CCOCC2)=O)cc(n1)Nc1ccc(cc1)[S+]([O-])C,0.760556421,3.273854407,373.478,2.719,-8,-7.4
c1(C2C(=O)NC(C=2c2c(Cl)cccc2)=O)ccnc(c1)Nc1ccccc1,0.674840925,2.25125969,375.815,4.0458,-9,-9.1
c1(-c2ccnc(NC3CCOCC3)c2)cc(ncc1)NC1CCCC1,0.859773502,2.437154621,338.455,4.089,-8,-7.3
C12CCC(NC1C(NC2)=O)=Cc1cc(NC2CCCCC2)ncc1,0.79883775,3.791735256,326.444,2.6651,-8.7,-8.5
O=C1C(c2ccc(OC)cc2)=C(c2c(C)cccn2)C(N1)=O,0.878746916,2.215262067,294.31,1.96582,-7.5,-7.5
O=C(Nc1cc(ccn1)C1C(NC(C=1c1ccc(cc1)Cl)=O)=O)C,0.838105177,2.326224538,341.754,2.2606,-8.2,-8
c1cc(ccc1C)C1=C(C(=O)NC1=O)c1cc(ncc1)NC1CC1,0.849669745,2.36693846,319.364,2.53152,-8.1,-7.9
C1(c2cc(ncc2)OC)=C(C(NC1=O)=O)c1cc(NC2CCOCC2)ncc1,0.760421373,2.771291305,380.404,1.6433,-9.1,-8.4
c12c(ccc(n1)-c1ccnc(NCC3CCOCC3)c1)ccn2C(C)C,0.735035959,2.663646494,350.466,4.5177,-8.5,-8.3
O=C1C(c2cc(NC3COC3)ncc2)=C(c2ccc(OC)c(OC)c2)C(=O)N1,0.731412801,2.614878041,381.388,1.4767,-8.7,-7.4
c1(cc(Nc2cc(ccc2)C2=C(Cl)C(NC2=O)=O)ccn1)NC1CCCC1,0.68518074,2.595965015,382.851,3.786,-9.3,-8.8
Clc1ccc(C2C(=O)NC(C=2c2ccc(Cl)cc2)=O)c(F)c1,0.850313677,2.15377859,336.149,3.6997,-8.3,-7.8
C1(C(NC(C=1c1cc(NC2CCC2)ncc1)=O)=O)c1cccc(c1)Cl,0.827499606,2.448275071,353.809,3.2666,-8.7,-8.1
C1C(CCOC1)Nc1n[nH]c2ncc(-c3ccccn3)cc12,0.776530212,2.568285595,295.346,2.6108,-8.3,-8.2
n1ccc(cc1NCC1CCOCC1)C1=C(c2ccc(Cl)cc2)C(=O)NC1=O,0.757454076,2.559833186,397.862,3.1407,-8.7,-8.4
c1(cc(NC2CCN(C)CC2)ncc1)Sc1cc(OC(C)C)ccc1,0.822209311,2.457985852,357.523,4.5261,-7.7,-7.1
C1C(CCC1)Nc1ccc(C2=C(c3cc(O)c(cc3)O)C(NC2=O)=O)cc1,0.493745957,2.394533954,364.401,3.0195,-8.8,-8.8
C1C(CCCC1NC(=O)C1(CC1)Nc1cc(-c2ccccc2)ncc1)O,0.773730923,3.184835534,351.45,3.1128,-8.8,-8.3
C1(=O)NC(=O)C(=C1c1cc(ncc1)NC1CCOCC1)c1ccc(F)cc1,0.81135624,2.535260281,367.38,2.3788,-9,-9
N1C(C(c2ccccc2)=C(c2ccnc(NC3CCOCC3)c2)C1=O)=O,0.827718733,2.476063902,349.39,2.2397,-8.8,-8.6
n1c(cc(C2C3C(=O)NC(C=3c3ccccc3)=O)ccc2c1)NC1CCOCC1,0.780155938,4.514243576,387.439,2.2736,-9.3,-8.5
c1(=O)n2c(cc(n1)-c1ccc(cc1)Cl)CCC2,0.775040078,2.321943191,246.697,2.5099,-7.3,-7.2
O=C1NC(=O)C(=C1c1ccnc(NC2CCOCC2)c1)c1ccc(F)cc1,0.81135624,2.535260281,367.38,2.3788,-9,-9
c1c(C2=C(c3cc(ncc3)NC3CCOCC3)C(=O)NC2=O)cc(cc1)F,0.81135624,2.588614128,367.38,2.3788,-9.1,-9
c1(F)c(F)cc(cc1)-c1n[nH]c(c1)-c1ccnc(NC2CCCC2)c1,0.719077966,2.399028686,340.377,4.7714,-9.1,-8.5
n1c(NC2CCCC2)cc(-c2cc(NC3CCC3)ncc2)nc1Nc1ccccc1F,0.454266106,2.482250956,418.52,5.7402,-9.7,-9.3
c1(ccc(F)cc1)C1C(NC(C=1c1ccnc(NC2COCC2)c1)=O)=O,0.821980809,2.998303022,353.353,1.9887,-8.6,-8.5
c1(cccc(C2C(=O)NC(C=2c2ccc(F)cc2)=O)c1)NC1CCOCC1,0.816696224,2.380428329,366.392,2.9838,-8.8,-9.3
C1(=O)C(Nc2cc(c(cn2)C2CCCCC2)Cl)=C(C(=O)N1)c1ccccc1,0.775972383,2.618413536,381.863,4.2623,-9.4,-8.5
C1(c2cc(n(c2C(=O)NC1=O)-c1ccccc1)-c1ccccc1)=O,0.583498439,2.263696349,316.316,2.597,-8.4,-9.1
c1cc(F)c(cc1-c1cn(nc1)C)C1C(=O)NC(=O)C=1c1ccccc1,0.741222723,2.395449448,347.349,2.7934,-8.9,-8.5
c12nc(sc1c(NC(=O)CCC)n[nH]2)-c1cc2cccc(Br)c2cc1,0.472720516,2.669007005,415.316,5.3407,-8.7,-8.4
c1c(Cl)ccc(c1)C1C(=O)NC(C=1c1ccnc(c1)NC1CCOCC1)=O,0.793382813,2.530676849,383.835,2.8931,-8.8,-9
C1CN(C(OCC)=O)CCC1c1[nH]nc(-c2cncc(F)c2)c1,0.944266665,2.507424388,318.352,2.9467,-8,-7.2
c1cccc(F)c1Nc1nccc(c1)-c1c(cc([nH]n1)=O)OCCN1CCOCC1,0.616863545,2.604734347,411.437,2.4256,-8.4,-8.4
C1C(C)CCC(NC(=O)N2CCC(CC2)n2c3ncccc3[nH]c2=O)C1,0.866641152,2.493000566,357.458,2.6498,-9.8,-7.9
Clc1cccc(c1)C1=C(C(NC1=O)=O)c1[nH]c(cc1-c1cc(NC2CCOCC2)ncc1)C,0.493785851,2.947861774,462.937,4.19662,-10.5,-8.8
c1(cc2cnn(c2cc1)Cc1cccc(c1)F)-c1ccc(cc1)F,0.517523039,1.931115002,320.342,5.0298,-8.7,-8.5
c1(ccc(C2=C(C(NC2=O)=O)c2ccc(cc2)Cl)cc1)NC1CCCC1,0.794636475,2.185303951,366.848,4.2617,-8.9,-9.7
CC(Nc1nc(C2=C(c3ccc(Cl)cc3)C(NC2=O)=O)ccn1)C,0.834007903,2.498148303,342.786,2.5175,-8.1,-7.9
C1(=C(c2ccnc(NC3CCOCC3)c2)C(=O)NC1=O)c1cccc(Cl)c1,0.793382813,2.579779216,383.835,2.8931,-9.1,-9
O(C)c1c(OC)cc2c(c1)CCC(Nc1cccc(c1Cl)Cl)=C2,0.799778562,2.509253146,350.245,5.4098,-8,-7.8
C1CC(C(Nc2nccc(c2)-c2cc3cnc(cc3[nH]2)NC2CCOCC2)=O)CCO1,0.582133374,2.801435978,421.501,3.5809,-9.9,-8.9
c1(NC2CCCCC2)nccc(-c2ccnc(c2)Nc2ccc(cc2)F)c1,0.604736407,2.201005385,362.452,5.7709,-8.5,-8.2
C1C(C1)c1nc(-c2cc(NC3CCOCC3)ncc2)[nH]c1,0.905811284,2.932374638,284.363,2.94,-7.2,-7.3
O(C)c1cc(C2=C(C(=O)NC2=O)c2ccnc(NC3CCOCC3)c2)ccc1,0.774833116,2.557756263,379.416,2.2483,-9.1,-8.7
c1(cc(NC2CCC(CC2)O)ncc1)C1C(NC(=O)C=1c1cccc(Br)c1)=O,0.633445566,2.647943314,442.313,3.1267,-9.4,-8.9
N(C1COC1)c1cc(-c2ccnc(NC3CCCCC3)c2)ccn1,0.878043994,2.483423703,324.428,3.6989,-8,-8.2
C1(C(NC(=O)C=1c1cccc(c1)OC)=O)c1ccccc1,0.876798261,1.953288236,279.295,2.2624,-7.6,-7.6
c1(C2C(=O)NC(=O)C=2c2ccnc(NC3CC3)c2)cccc(F)c1,0.847539882,2.447761311,323.327,2.3622,-8.4,-7.9
c1(ccc2c(c1)[nH]nc2NC(=O)CCC)Cl,0.862393524,2.117502322,237.69,2.9549,-6.9,-6.4
c1c(NC(=O)CC)nccc1C1C(=O)NC(C=1c1c(Cl)cc(cc1)F)=O,0.806509735,2.473654489,373.771,2.7898,-8.3,-8.5
Fc1c(ccc(c1)F)-c1n[nH]c(n1-c1cc2ccccc2cc1)=O,0.611917896,2.171131801,323.302,3.659,-9,-8.6
c1(-c2ccnc(Nc3ccccc3)c2)cc(n[nH]1)C(N1CCOCC1)=O,0.756594532,2.31244907,349.394,2.6877,-8.7,-8.6
n12c(n[nH]c1=O)c1cc(F)c(cc1[nH]c2=O)N1CCOCC1,0.651172893,2.797162918,305.269,-0.1602,-8.3,-8.5
n1c(Nc2ccc(F)cc2)nccc1Nc1ccc(C2CCCCC2)cc1,0.571329019,2.089431346,362.452,6.1506,-9.3,-9.3
c1c(-c2n(-c3ccc4c(c3)cccc4)c([nH]n2)=O)cc(Nc2ccccc2)nc1,0.481383038,2.271718768,379.423,4.5194,-9.3,-9.9
C1C(Nc2c(C1=C1C(=O)Nc3c1ccc(c3)Cl)ccc(Cl)c2)=O,0.703373291,2.572879418,345.185,4.1985,-9.4,-9.2
c1(C2=C(c3cc(NC4CCOCC4)ncc3)C(NC2=O)=O)ccc(F)cc1,0.81135624,2.535260281,367.38,2.3788,-9.1,-9
C1(NC(C(c2ccnc(NC3CCOCC3)c2)=C1c1ccc(cc1)Cl)=O)=O,0.793382813,2.530676849,383.835,2.8931,-8.8,-9
c1c(C2C(NC(=O)C=2c2ccnc(c2)NC2CCOCC2)=O)ccc(c1)Cl,0.793382813,2.530676849,383.835,2.8931,-8.8,-9.1
c1cc(cc(C2C(=O)NC(C=2c2ccccc2OC)=O)c1OC)Br,0.818377599,2.178762999,388.217,3.0335,-7.8,-7.3
c1c(F)cc2c(c1)nccc2NCCCCNC1CCCCC1,0.739300075,2.149857646,315.436,4.4883,-6.9,-7.3
C(N=C1SC(C(=O)N1)=Cc1ccccc1OC)c1ccc(Cl)cc1,0.836665212,2.622125112,358.85,4.1087,-7.9,-7.8
O=C1C(=C(c2cn(c3ccccc23)C)C(N1)=O)c1cccc(F)c1,0.738264262,2.283533709,320.323,2.8846,-8.6,-8.5
c1ncc(-c2ccnc(NC3CCOCC3)c2)cc1NC(C)=O,0.907526752,2.375734032,312.373,2.6929,-8.2,-7.9
O1CCCC(Nc2ncc3CCN(c3n2)c2ccccc2F)C1,0.943841951,2.945886057,314.364,2.9008,-8.3,-8.1
c1c(nc(cc1C1C(NC(=O)C=1c1ccc(cc1)F)=O)NC(CC)=O)C,0.826638408,2.435141028,353.353,2.44482,-8.5,-8.5
c1(C2=C(C(NC2=O)=O)c2ccccc2)ccc(cc1)N1CCOCC1,0.873481319,2.120282848,334.375,2.0904,-8.4,-8.9
c1cc(ccc1F)Nc1ccc(cc1)N1CC(NCC1)C,0.905164664,2.408247574,285.366,3.3674,-7.6,-7.7
c1(ncc(-c2cc(Nc3ccccc3)ncc2)c(n1)OC)NC1CCC1,0.694242795,2.316259247,347.422,4.2552,-8.5,-7.5
c1c2c(cc(-c3cccc(C(N)=O)n3)c1)NC(C(=C2)c1cccc(c1)F)=O,0.586694939,2.277082605,359.36,3.4951,-9.9,-9.3
c1cc2c(cc1-c1ccc3c(sc(NC(=O)C4CC4)n3)c1)cccc2,0.535663282,1.95217916,344.439,5.465,-9.2,-9.3
c1(ccccc1)C1C(NC(=O)C=1c1ccnc(c1)NC1CCC1)=O,0.849937184,2.335541834,319.364,2.6132,-8.5,-8.1
c1(C(=O)N)cc(Nc2ccccc2)nc([nH]1)=O,0.718653556,2.246835813,230.227,0.6124,-7.2,-7.2
c1ccc(OC)c(Nc2cc(ncc2)Nc2ccc(cc2)N2CCOCC2)c1,0.664396088,2.097132846,376.46,4.414,-8.8,-8.1
c1(ccc(cc1)Cl)C1C(NC(=O)C=1c1ccc(Cl)cc1)=O,0.860728599,1.948759687,318.159,3.5606,-8.2,-7.4
c1c2[nH]nc(NC(CCC)=O)c2cc(-c2cc(NC3CCC3)ncc2)c1,0.618490835,2.425278105,349.438,4.3279,-8.8,-8.3
C1(=C(C(NC1=O)=O)c1ccc(OC)cc1)c1ccnc(NC2CCCCC2)c1,0.78086397,2.386752844,377.444,3.402,-9.6,-8.9
NC(=O)c1cc2c(cc1)[nH]nc2-c1cc(ncc1Cl)NC1CCOCC1,0.653341652,2.647619643,371.828,2.9681,-8.7,-8.6
c1ccc(cc1)C1C(NC(=O)C=1c1ccc(F)cc1)=O,0.849149505,1.914690694,267.259,2.3929,-7.9,-7.6
N(C1CCOCC1)c1ccc2c(c(cn2CC)C2=C(C(=O)NC2=O)c2ccccc2)c1,0.621698254,2.586965242,415.493,3.8193,-9.6,-9
C(C1CC1)(Nc1nccc(C2C(=O)NC(=O)C=2c2ccc(cc2)F)c1)=O,0.826296828,2.34537343,351.337,2.1364,-8.8,-8.4
c1nc(ccc1C1C(NC(=O)C=1c1cc(NCC2CCOCC2)ncc1)=O)NC1CCC1,0.576798703,2.848460502,433.512,2.8467,-9.6,-9
c1(ccc(-c2ccc3c(c2)CCC(C3)NC(=O)C2CC2)cc1)C,0.910577076,2.40706662,305.421,4.04552,-8.4,-8.3
c1cccc(c1)C1C(NC(C=1c1ccnc(NC2COCC2)c1)=O)=O,0.833712304,2.940261367,335.363,1.8496,-8.5,-8.3
C1(C(=C(c2cn(c3ccccc32)C)C(=O)N1)c1cc(Cl)c(cc1)Cl)=O,0.691294786,2.335338709,371.223,4.0523,-8.8,-8.6
c1(NC2CC2)cc(ccn1)C1=C(c2ccc(cc2)Cl)C(NC1=O)=O,0.840206794,2.381303845,339.782,2.8765,-8.1,-7.9
c1c(ccc(c1)C1=C(C(=O)NC1=O)c1cc(ncc1)NC1CCOC1)F,0.821980809,2.998303022,353.353,1.9887,-8.7,-8.5
N1C(C(=C(C1=O)c1cc(NC(C)C)ncc1)c1cc(ncc1)NC1CC1)=O,0.682423807,2.742739525,363.421,2.4384,-8.6,-7.6
c1c(ccnc1NC1CCC1)C1=C(C(=O)NC1=O)c1cc(N2CCOCC2)ncc1,0.732994934,2.713939285,405.458,1.8448,-9.7,-8.7
C1(C(=C(C(N1)=O)c1cc(ncc1)NC1CCOCC1)C)=O,0.813821843,2.654519774,287.319,1.1024,-8,-7.6
c1(Cl)cc(cc(Cl)c1)C1C(NC(C=1c1ccnc(c1)NC1CCOC1)=O)=O,0.765823589,3.171560501,404.253,3.1564,-9.1,-8.3
c1(C2=C(C(=O)NC2=O)c2cc(C)ccc2)ccnc(c1)NC1CCC1,0.844128194,2.434150044,333.391,2.92162,-8.8,-8.1
n1c(ccc(C2=C(c3ccccc3)C(NC2=O)=O)c1)NC1CCCC1,0.843948257,2.321533849,333.391,3.0033,-8.9,-8.4
c1(-c2cc(N)ncc2)[nH]c(nn1)-c1ccnc(NC2CCCC2)c1,0.682118349,2.791233454,321.388,2.8654,-8.5,-8.2
n1ccc(cc1NCC1CCC1)C1=C(C(=O)NC1=O)c1ccc(cc1)Br,0.736430609,2.485677722,412.287,3.6233,-8.2,-8.3
N(c1nccc(-c2nc(C3CC3)sc2)c1)C(C1CCC(OC)CC1)=O,0.86976554,2.479351236,357.479,4.2262,-8.1,-7.5
c1(C2=C(C(NC2=O)=O)c2ccc(Cl)cc2)ccn(c1)C,0.861012329,2.47818118,286.718,2.2457,-7.9,-7.8
C1C(NC(C)=O)CCC(C1)Nc1ncc2c(n1)n(C)c(=O)cc2,0.887879,2.482796341,315.377,1.1877,-8.5,-7.5
c1ccc(cc1C1=C(c2ccnc(NCCN3CCOCC3)c2)C(NC1=O)=O)C#N,0.699485613,2.653756261,403.442,1.26458,-9.3,-8.7
c1(F)ccc(C2=C(C(NC2=O)=O)c2ccc(cc2)F)cc1,0.861840499,1.960878592,285.249,2.532,-8.1,-7.6
C(CC)C(=O)Nc1c2cc(ccc2[nH]n1)C(=O)NC1CCCC1,0.792635364,2.17678243,314.389,2.9739,-8,-7.4
Fc1c(F)cc(cc1)C=C1N=C(Nc2ccccc2)NC1=O,0.837796234,2.485143137,299.28,2.9036,-8.5,-8.1
c1(C2C(NC(C=2c2ccc(Cl)cc2)=O)=O)ccnc(c1)NC1CCOCC1,0.793382813,2.530676849,383.835,2.8931,-8.9,-9
c1c(F)cccc1Nc1cc(C2C(=O)NC(C=2c2ccccc2OC)=O)ccn1,0.652725649,2.354768165,389.386,3.5401,-9.7,-9.1
N(C(=O)C(=C1C(=O)Nc2c1ccc(c2)F)c1ccc(cc1)F)C1CCCC1,0.807928037,2.506829858,368.383,3.8865,-8.8,-8.3
c12[nH]nc(c2c(ccc1)Cl)NC(CCC)=O,0.862393524,2.270056168,237.69,2.9549,-6.7,-6.3
C1CCCC1Nc1cc(-c2n[nH]c(n2-c2cc3ccccc3cc2)=O)ccn1,0.565510953,2.416380112,371.444,4.1303,-9.4,-9.4
c1(nc2c(CCN2C(=O)C)cn1)NCc1cccc(c1)F,0.938841654,2.343659774,286.31,2.1368,-8.2,-7.7
c1(ccnc(NC2CCCC2)c1)C1C(=O)NC(=O)C=1c1ccc(cc1)F,0.830425976,2.400630105,351.381,3.1424,-9,-8.7
N1C(=O)C(=C(c2ccnc(c2)NC2CCOCC2)C1=O)c1cc(F)ccc1,0.81135624,2.588614128,367.38,2.3788,-9,-9
C1C(C(=O)NCCCN2CCOCC2)CCC(Nc2nccc(-c3ccccc3F)n2)C1,0.613192816,2.3842295,441.551,3.0919,-9.1,-8.7
c1ccc(cc1NC1CCCCC1)-c1c[nH]c2ncc(cc2c1=O)Cl,0.697106114,2.366511089,353.853,4.9881,-8.9,-8.7
n1ccc(C2=C(C(=O)NC2=O)c2ccnc(c2)NC2CCOCC2)cc1NC1CCC1,0.618260365,2.836782165,419.485,2.5991,-9.7,-8.9
c1c(N(C)C)ccc(-c2cc(NC3CCOCC3)ncc2)c1,0.938228676,2.185968309,297.402,3.4055,-7.8,-7.8
N(c1n[nH]c2ccc(-c3c(cccc3)F)cc12)C(=O)CCC,0.761131271,2.095156324,297.333,4.1076,-8.4,-7.8
c1c(-c2n[nH]c(n2-c2ccc3ccccc3c2)=O)ccc(F)c1,0.615811908,2.028274101,305.312,3.5199,-8.7,-8.8
c1(ccc(-c2ccc3[nH]nc(c3c2)NC(=O)CCC)cc1)F,0.761131271,2.043417863,297.333,4.1076,-8.6,-8.1
c1cc(cc(NC2=C(C(=O)NC2=O)c2ccc(cc2)C)c1)Cl,0.856119704,2.132379437,312.756,3.12802,-8,-8.4
C1OCCN(Nc2nccc(c2)C2C(NC(C=2c2cc(ncc2)N)=O)=O)C1,0.659912032,2.935460281,366.381,0.2851,-9.2,-7.8
c1c(F)ccc(C2C(NC(=O)C=2c2ccc(OC)c(c2)OC)=O)c1,0.876067301,2.068617879,327.311,2.4101,-7.9,-7.8
c1c(N2CCOCC2)ccc(C2=C(c3ccc(O)cc3)C(NC2=O)=O)c1,0.825499852,2.250109489,350.374,1.796,-9,-8.3
Cc1nnc(s1)-c1ccc2c(c1)CCCC2NC1CCC1,0.929434076,2.882398898,299.443,4.03302,-7.9,-8
c1c(C2=C(C(=O)NC2=O)c2ccc(c(c2)OC)O)cn(n1)Cc1ccccc1,0.667174907,2.410062929,375.384,2.2128,-8.9,-8.9
c12c(nccc2)n(c(CN2CCC(CC2)Oc2ccccc2)n1)C(C)C,0.696013693,2.307230097,350.466,4.0556,-8.2,-8
c1(C2=C(c3c(c(ccc3)OC)OC)C(=O)NC2=O)cccnc1,0.869189714,2.319716341,310.309,1.666,-8.2,-7.5
c1(OC)cc(ncc1)C1=C(c2ccc(F)cc2)C(NC1=O)=O,0.877325719,2.304469263,298.273,1.7965,-7.6,-7.6
c1ccc(cc1C1C(NC(C=1c1cccnc1)=O)=O)C(N)=O,0.814939432,2.28330698,293.282,0.7477,-8.3,-8
C1CC(CCC1C(=O)N)CN=C1SC(=Cc2c(ccc(Cl)c2)Cl)C(N1)=O,0.737265994,3.066642345,412.342,3.845,-8.1,-8
c1(ncc(C2C(NC(C=2Nc2cc(C(N)=O)ccc2)=O)=O)cc1)N(C)C,0.683641883,2.560533336,351.366,0.7261,-8.1,-8.2
c1(Nc2nccc(c2)C2C(=O)NC(C=2c2cccc(OC)c2)=O)cc(ccc1)C#N,0.641668848,2.481532888,396.406,3.27268,-9.6,-9.1
c1(nc(NC2CCOCC2)cc(-c2cc3c(c(NC4CCC(CC4)OC)ncn3)cc2)c1)OC,0.522855008,2.821711708,463.582,4.6608,-9.4,-8.5
c1c(C(=O)N)cccc1NC1C(=O)NC(C=1c1cc(ncc1)NCCO)=O,0.434994883,2.595314423,367.365,0.0643,-9.1,-8
c1(NC2CCOC2)cc(ccn1)C1=C(c2ccc(F)cc2)C(=O)NC1=O,0.821980809,2.998303022,353.353,1.9887,-8.7,-8.1
C1CC1C(Nc1cc(C2=C(c3cccc(OC)c3)C(NC2=O)=O)ccn1)=O,0.792205771,2.373417055,363.373,2.0059,-8.3,-8.7
c1cc(cc(c1)Cl)C1C(=O)NC(=O)C=1c1ccnc(Nc2ccccc2)c1,0.674840925,2.280309986,375.815,4.0458,-9.5,-9.1
C1(CCC(Nc2nn3c(cccc3)c2C(=O)N)CC1)OC,0.898547896,2.643560544,288.351,1.8027,-8,-7.1
c1c2oc(=O)nc(C3CC3)c2cc(c1)-n1c(=O)[nH]nc1-c1ccncc1,0.607349824,2.837256566,347.334,2.0014,-8.6,-8.6
c1cc(C2C(=O)NC(C=2c2ccc(C(N)=O)cc2)=O)ccc1,0.836828474,1.997051149,292.294,1.3527,-8.5,-8.1
c1cc(-c2n(c(=O)[nH]n2)-c2ccc3c(c2)cccc3F)cc(NC2CCCCC2)n1,0.519673516,2.578145012,403.461,4.6595,-9.1,-9.5
c1cc(F)cc2c1[nH]cc2C1C(=O)NC(C=1c1ccnc(NCC2OCCC2)c1)=O,0.566516264,3.164545804,406.417,2.8601,-9.4,-8.7
C1CCCC(Nc2cc(-c3cc(NC(C4CC4)=O)ncc3)ccn2)C1,0.856974975,2.246954292,336.439,4.2367,-8.8,-7.8
c12OCCCc1cc(cc2)NC(c1c(nccc1)OC)=O,0.940984776,2.037991666,284.315,2.6675,-7.9,-7.6
O=C(N)c1cnc(C2C(NC(C=2c2ccc(F)cc2)=O)=O)cc1,0.821595305,2.327934965,311.272,0.8868,-7.9,-8
O=C1C(c2cc(C3CCCCC3)ccc2)=C(C(N1)=O)c1ccc(F)cc1,0.832840875,2.237564874,349.405,4.4406,-9.8,-9.4
O=C1NC(=O)C(c2ccnc(c2)Nc2ccccc2)=C1c1ccc(cc1F)F,0.680884678,2.360287737,377.35,3.6706,-9.6,-9.3
C1(NC(=O)C(Nc2ccc(cc2)F)=C1c1cc(NC2CCOCC2)ncc1)=O,0.687508923,2.611822929,382.395,2.2912,-8.7,-8.7
c1nc(cc(Cl)c1)NC1CCN(CC1)c1ncc(cc1)C(=O)N,0.897755972,2.299639773,331.807,2.3098,-8,-7.4
c1cc(C2=C(c3cccc(C(N)=O)c3)C(NC2=O)=O)ccc1F,0.841772581,2.132760446,310.284,1.4918,-8.4,-8.2
c1cc(ccc1Cl)-c1ccnc(NC(=O)C2CC2)c1,0.92451179,1.781469456,272.735,3.7505,-7.4,-7
c1cccc(C2C(=O)NC(C=2c2ccnc(NC3CCCCC3)c2)=O)c1,0.831840219,2.344705805,347.418,3.3934,-9,-8.3
c1c(-c2cncc(C3C(=O)NC(=O)C=3c3cc(N)ccc3)c2)cccc1,0.566532002,2.327420874,341.37,2.898,-9.4,-9.4
c1c(ccc(c1)C)C1C(=O)NC(C=1c1c2ccc(cc2n(C)c1)Cl)=O,0.716245121,2.331586401,350.805,3.70732,-8.3,-9.2
n1ccc(cc1NC1CCOCC1)C1=C(C(NC1=O)=O)c1ccc(cc1)OC,0.774833116,2.510002416,379.416,2.2483,-9.2,-8.9
c1c(F)cc(OC)c(C2=C(C(NC2=O)=O)c2cc(ccc2)O)c1,0.851068717,2.277104436,313.284,2.1071,-7.9,-7.7
c1cc(C2C(NC(C=2c2ccnc(c2)NC2CCC2)=O)=O)ccc1F,0.841806812,2.399366946,337.354,2.7523,-8.7,-8.4
n1c(nc(cc1C#N)-c1ccccc1)NC1CCC(NC(=O)C2CC2)CC1,0.852859603,2.396317678,361.449,3.26458,-9,-8.4
c1(C2C(=O)NC(=O)C=2c2ccc(Cl)cc2)ccnc(c1)NC1CCOCC1,0.793382813,2.530676849,383.835,2.8931,-8.9,-9
c1ccccc1C1C(NC(C=1c1cn(C)c2cc(ccc12)OC)=O)=O,0.750397967,2.266180597,332.359,2.7541,-8.6,-8.5
c1c(-c2ccnc(c2)NC2CCC(O)CC2)[nH]c(n1)-c1ccc(F)cc1,0.663615793,2.468940421,352.413,3.9932,-9.1,-8.5
n1c(-c2ccnc(c2)NC2CCOCC2)cc(nc1)NC1CCOCC1,0.853271344,2.657034815,355.442,2.7204,-8.4,-8
c12ccc(-n3c([nH]nc3-c3ccnc(c3)Nc3ccccc3)=O)cc2cccc1,0.481383038,2.271718768,379.423,4.5194,-9.2,-9.9
c1c(cc(NC(=O)C2CC2)nc1)C1C(=O)NC(C=1c1cccc(c1)Cl)=O,0.813018404,2.392941607,367.792,2.6507,-8.9,-8.7
O=C1NC(=O)C(c2c(OC)ccc(c2)Cl)=C1c1c(cccc1)OC,0.866866848,2.126624997,343.766,2.9244,-8.2,-7.3
C1c2cc(NC3CCN(CC3)C(=O)C)ncc2-c2c(cccc2)C1,0.923168324,2.336209947,321.424,3.27,-8.9,-9
C(C)(Nc1n[nH]c2c1ccc(c2)-c1ccc(Cl)cc1)=O,0.75137415,2.015255067,285.734,3.8417,-7.9,-7.6
C1COCCC1Nc1nccc(C2C(=O)NC(=O)C=2c2ccc(F)cc2)c1,0.81135624,2.535260281,367.38,2.3788,-9.1,-8.8
C1(=C(Nc2cc(ccc2)Cl)C(NC1=O)=O)c1cc(NC2CCOCC2)ncc1,0.670604368,2.652026348,398.85,2.8055,-9.4,-8.5
n1(-c2c(cccc2)C)c(C)c(-c2ccnc(NCC3CCC(CC3)O)c2)cn1,0.687445252,2.502980194,376.504,4.51414,-9,-8.3
c1(SCCc2cc(ncc2)NC2CCOCC2)n(-c2ccc3c(c2)cccc3)c([nH]n1)=O,0.416198267,2.692248868,447.564,4.0345,-8.9,-9.3
N1C(=O)C(=C(C1=O)c1ccnc(NCC(O)C)c1)c1ccc(cc1)F,0.718455045,2.915377824,341.342,1.5806,-8.4,-8.4
O=C1C(=C(c2ccnc(c2)NC2CCOCC2)C(N1)=O)c1ccc(Cl)cc1,0.793382813,2.530676849,383.835,2.8931,-8.8,-9
CCOC(Nc1cc(C2=C(c3c(Cl)cccc3Cl)C(=O)NC2=O)ccn1)=O,0.757711604,2.538338885,406.225,3.524,-8.6,-8
c1c(c(Cl)ccc1F)C1C(=O)NC(=O)C=1Nc1cc(C2CC2)ccn1,0.824062543,2.669978489,357.772,3.2311,-8.2,-8.1
c1c(C2=C(c3cc(OC4CCCC4)ccc3)C(=O)NC2=O)ccnc1NC1CCCC1,0.684288375,2.612858226,417.509,4.3247,-9.9,-8.9
S1(=O)(NC(NC1=Cc1ccnc(c1)NC1CCOCC1)=O)=O,0.751547553,3.305129951,324.362,0.6135,-7.7,-7.8
c1c(OC)cc2c(c(ccn2)NC2CCCC2)c1,0.892584238,1.925488866,242.322,3.5979,-6.9,-7
[nH]1c2ccccc2c(c1)C1=C(C(NC1=O)=O)c1cc(F)c(F)cc1,0.711932283,2.310326017,324.286,3.0133,-9,-9.2
c1cccc(C2C(NC(=O)C=2c2ccnc(NC3CCOCC3)c2)=O)c1,0.827718733,2.476063902,349.39,2.2397,-8.7,-8.7
c12c(cc(Cl)cc2)[nH]nc1NC(CC)=O,0.82224292,2.145192459,223.663,2.5648,-6.8,-6.7
Fc1cccc(c1)C1=C(c2ccnc(NC3CCC3)c2)C(NC1=O)=O,0.841806812,2.45798103,337.354,2.7523,-8.8,-8
C1(C(=C(C(N1)=O)c1cc2c(c(Cl)c1)nccc2)c1ccccc1)=O,0.730111329,2.312966583,334.762,3.4554,-9.1,-8.5
n1c(C2CCOCC2)nc(cc1)-c1cc(ncc1)NC(=O)C1CC1,0.935538685,2.491166211,324.384,2.7811,-8.3,-7.7
C1COCCC1CN1CCCC1C(=O)Nc1nc2ccnc(c2s1)-c1cccc(n1)Cl,0.577119864,3.28995538,457.987,4.2362,-9.2,-8.4
N1C(=O)C(c2ccccc2)=C(C1=O)c1ccnc(NC2CCOCC2)c1,0.827718733,2.476063902,349.39,2.2397,-8.7,-8.7
C(N)c1onc(-c2ccc(NC3CCC(CC3)NC3CCC3)nn2)c1,0.740831844,2.762949234,342.447,2.4555,-8.4,-7.5
c1cc(C2C(NC(C=2Nc2ccc(C(N)=O)cc2)=O)=O)cc2c1OCO2,0.706905417,2.387798512,351.318,0.9938,-8.7,-8.3
c1(OC)cc(ccc1OC)C1=C(C(=O)NC1=O)c1ccc(F)cc1,0.876067301,2.068617879,327.311,2.4101,-7.9,-7.8
c1cc(ncc1F)C1=C(C(=O)NC1=O)c1cc(NC2CCC2)ncc1,0.834712947,2.662063587,338.342,2.1473,-8.6,-8.2
c1cc(OC)ccc1C1=C(C(NC1=O)=O)c1ccnc(NC2CCCC2)c1,0.798456144,2.377005843,363.417,3.0119,-9.1,-8.5
c1cc(cc(c1OC)OC)C1=C(C(NC1=O)=O)c1c2cccnc2n(c1)C,0.718514615,2.446140334,363.373,2.1577,-8.6,-8.1
CC1(C(NC(=O)N1)=O)Cc1ccc(cc1)-c1cnc2c(cc(Cl)cc2)c1,0.695136479,2.848619463,365.82,3.6958,-9.5,-8.9
c1ccc(c(C2=C(c3ccncc3)C(NC2=O)=O)c1)F,0.844636013,2.196797577,268.247,1.7879,-7.5,-7.6
c1c(Cl)cccc1C1=C(C(NC1=O)=O)c1ccnc(NCC2CCN(CC2)C)c1,0.740891984,2.586529426,410.905,3.0559,-9.4,-9
C1(CCOCC1)Nc1c(OC)nc2c(ncnc2c1)NC1CCC1,0.87228259,2.7090572,329.404,2.5887,-8,-8
c1nc(cc(c1)C1C(NC(=O)C=1c1cn(C)c2ccccc21)=O)NC1CCC1,0.690243885,2.576781006,372.428,3.1049,-8.6,-8.5
c1(ncnc2c1[nH]nc2NC(=O)CCC)NC(=O)CCC,0.750850307,2.62447804,290.327,1.8301,-7.2,-6.9
c1c(C2C(NC(=O)C=2c2ccnc(NC3CCCCC3)c2)=O)cccc1,0.831840219,2.344705805,347.418,3.3934,-9,-8.8
C1(=O)C(=C(C(N1)=O)c1ccc(cc1)F)c1ccnc(NC2CCN(CC2)C)c1,0.796512282,2.508567929,380.423,2.294,-8.9,-9.1
O=C1NC(=O)C(c2cc(ccc2)NC2CCCCC2)=C1c1ccnc(c1)NC1CCCC1,0.576358614,2.599713952,430.552,4.7479,-10.3,-8.9
O=C1C(=C(C(=O)N1)c1ccc(F)cc1)c1ccnc(c1)NCC1CCN(C)CC1,0.762745712,2.544692354,394.45,2.5416,-9.3,-7.9
c1nc(cc(n1C)=O)Nc1ccc(cc1)N1CCC(CC1)O,0.898393947,2.337696984,300.362,1.485,-7.7,-8.6
c1c(C2C(=O)NC(=O)C=2c2cnc(cc2)NC2COCC2)ccc(Cl)c1,0.809301547,2.977866099,369.808,2.503,-8.4,-9.1
c1(NC2CCOCC2)nccc(-c2cc(ncc2)Nc2ccc(F)cc2)c1,0.69189825,2.325795577,364.424,4.6172,-8.7,-7.7
C1(=O)C(=C(c2cc(NC3CCOCC3)ncc2)C(=O)N1)c1ccc(cc1)Cl,0.793382813,2.530676849,383.835,2.8931,-8.7,-9.1
N1C(=O)C(=Cc2ccc(c(c2)OC)OC)C(=O)NC1=O,0.617365442,2.131947404,276.248,0.4532,-7.1,-6.9
c1(=O)n(C(=O)C)c2c(cc1Br)c(n[nH]2)-c1ccnc(NC2CCOCC2)c1,0.660256166,3.089954333,432.278,2.8001,-9.2,-8.9
c1c(nccc1C1=C(c2ccc(F)cc2F)C(NC1=O)=O)NC1CCOCC1,0.790955113,2.652270237,385.37,2.5179,-9.3,-9.2
C1C(CCC(C1)NC(C)=O)Nc1c2c([nH]n1)ncc(c2)-c1ccccc1,0.673280297,2.394879894,349.438,3.4841,-9.2,-8.8
O1COc2c1cc(C1C(NC(C=1c1cc(NC3CCCC3)ncc1)=O)=O)cc2,0.796683673,2.586608483,377.4,2.732,-9.8,-9.1
c1(cc(F)sc1)-c1ccnc(c1)NC(C1CCC1)=O,0.928627988,2.443943815,276.336,3.6878,-7.3,-7.1
n1c(ccc(c1)C1C(NC(C=1c1ccc(Cl)cc1)=O)=O)NC1CCCC1,0.808919745,2.380193182,367.836,3.6567,-8.5,-8.7
O=C1C(c2cc(ncc2)NC2CCOCC2)=C(c2cc(F)ccc2)C(=O)N1,0.81135624,2.588614128,367.38,2.3788,-9.1,-9
C1C(Nc2ncc3c(n2)[nH]nc3NC2CCOCC2)CCOC1,0.786342335,2.831513686,318.381,1.5347,-8.1,-7.6
c1c(cc2c(CCCC2)c1)C1=C(C(NC1=O)=O)c1ccc(Cl)cc1,0.847478613,2.229375948,337.806,3.786,-9.1,-8.7
c1cc(cc(NCc2cnccc2)n1)C1C(=O)NC(C=1c1ccccc1)=O,0.68683076,2.350104735,356.385,2.6559,-8.5,-8.3
C1C(CCOC1)NC1=C(c2cc(NC3CCCCC3)ncc2)C(NC1=O)=O,0.686478542,2.775924793,370.453,1.9623,-8.5,-8.3
c1(cc(C2=C(C(=O)NC2=O)c2c[nH]c3c2cccc3)ccc1)C,0.714729366,2.213499913,302.333,3.04352,-8.1,-7.8
[nH]1c(=O)n(-c2cc3c(cc2)cccc3)c(=O)[nH]1,0.650849029,2.303021998,227.223,1.0071,-7.5,-8
N(C1C(NC(C=1c1cc(ccc1)OC)=O)=O)c1cc(Cl)ccc1,0.846909254,2.183917524,328.755,2.8282,-7.9,-8.3
C(C)OC(NC1CCC(Nc2ncc3ccccc3c2)CC1)=O,0.903085012,2.176678005,313.401,3.704,-7.7,-7.7
c1([nH]nc(c1)-c1ccnc(NC2CCC(O)CC2)c1)C(N)=O,0.678526593,2.609637643,301.35,1.286,-8.1,-7.9
c12cccc(c1CCC2)-c1n(-c2cc3c(cccc3)cc2)c(=O)[nH]n1,0.607468975,2.319464334,327.387,3.8695,-9.2,-9.2
Clc1cc(ccc1)C1C(NC(C=1c1cc(ncc1)NC1CCOCC1)=O)=O,0.793382813,2.579779216,383.835,2.8931,-9.1,-9
c1c(NC2CCC(CC2)N(C)C)nccc1-c1nn(C)c(=O)c2ccccc12,0.755959032,2.445509083,377.492,3.2802,-9.5,-8.8
C1CC2C(OC(=O)C=2c2ccc(cc2)F)=C1c1ccc(cn1)Cl,0.767885072,2.7265125,327.742,4.3896,-8.9,-8.6
c1(cc(cc(Cl)c1)C1C(NC(=O)C=1c1ccncc1)=O)C,0.867097597,2.392315589,298.729,2.61062,-8.4,-7.3
c1cc(cc(C2=C(C(NC2=O)=O)c2cc(OC)c(cc2)OC)c1)C(=O)N,0.790390707,2.200392951,352.346,1.3699,-8.3,-8.1
c1(NC2CCCC2)nccc(C2C(=O)NC(C=2c2c(Cl)cc(cc2)Cl)=O)c1,0.748155491,2.495073215,402.281,4.3101,-8.8,-8.8
c1coc(c1)C1C(NC(=O)C=1c1ccc(cc1)F)=O,0.836781809,2.259087405,257.22,1.9859,-7.2,-7.6
c1(Cl)cc(C2=C(c3ccnc(c3)NC3CCOCC3)C(=O)NC2=O)ccc1Cl,0.742939941,2.633025814,418.28,3.5465,-9.2,-9.1
c1c(NC2C(=O)NC(=O)C=2c2cc(ncc2)NC2CCOCC2)ccc(F)c1,0.687508923,2.611822929,382.395,2.2912,-8.5,-8.7
C1(COc2cccc(C3C(=O)NC(C=3c3ccnc(c3)NC3CCOCC3)=O)c2)CCOCC1,0.609176975,2.817978785,463.534,3.0451,-9.4,-9.2
N(c1ccc(F)cc1)C1=C(C(=O)NC1=O)c1ccnc(NC2CCOCC2)c1,0.687508923,2.611822929,382.395,2.2912,-8.9,-8.6
C1(=O)C(c2cccc(Cl)c2)=C(C(=O)N1)Nc1cc(OC)ccc1,0.846909254,2.183046282,328.755,2.8282,-7.9,-7.9
c1c(ccc(C2=C(c3ccnc(c3)NC3CC3)CNC2=O)c1)F,0.912921942,2.557614598,309.344,2.8356,-8.2,-8.5
CCC(C(=O)N)Nc1nccc(c1)-c1ccnc(c1)NC1CCOCC1,0.704808787,3.021355945,355.442,2.4103,-8.3,-7.8
c1(OC)c(OC)cc2CCn3c(-c2c1)cc1cc(ccc31)OC,0.735579871,2.223615997,309.365,3.8902,-8.1,-8
c1c2c(OCO2)ccc1Nc1nc(ccn1)-c1cnc(cc1)NC1CCOCC1,0.681807253,2.500025134,391.431,3.6018,-9.2,-8.4
n1c(N2CCOCC2)ncc(-c2n(nnc2-c2cc(NC(C)C)nc(C)n2)C)c1,0.690388994,3.022646571,395.471,1.69442,-8.4,-8
CCCc1ccc(cc1OC)C=C1SC(=NCc2cc(c(cc2)OC)OC)NC1=O,0.6328395,2.760737019,426.538,4.425,-8,-7.9
N1C(=O)C(c2cccc(Cl)c2)=C(c2cnc(cc2)C(O)=O)C1=O,0.839995066,2.359313811,328.711,2.0004,-8.1,-7.7
c1cccc(C2C(=O)NC(C=2Nc2cc(Cl)cc(Cl)c2)=O)c1,0.845852495,2.242715417,333.174,3.473,-8,-8
C1CC1Nc1nccc(c1)C1=C(C(NC1=O)=O)c1cc(c(cc1)F)F,0.838515013,2.512911676,341.317,2.5013,-8.6,-8.2
C1(=C(c2cc(ncc2)NC2CCCCC2)C(=O)NC1=O)c1ccc(cc1)F,0.813387824,2.407270341,365.408,3.5325,-9.3,-8.6
c1cc(cc2[nH]nc(NC(CCCOC)=O)c12)-c1cccc(c1)F,0.677909078,2.171908389,327.359,3.7341,-8.3,-8
c1cc(C2=C(C(NC2=O)=O)c2cn(c3c2cc(F)cc3)C)ccc1,0.738264262,2.27241199,320.323,2.8846,-8.1,-9.1
c1c(Br)ccc(c1)Cn1c2c(c3ccncc31)cnc(NC1CCCC1)n2,0.494665169,2.42666827,422.33,5.1448,-8.7,-8.8
c1cc(-c2cc(Nc3ccc(N4CCOCC4)cc3)ncc2)cc(n1)Nc1ccccc1,0.428951658,2.248208377,423.52,5.4674,-9.2,-7.8
c1ccc(cc1)Nc1nccc(c1C)-c1cc(ncc1)NC1CCC(CC1)O,0.591802431,2.424133999,374.488,4.91102,-8.9,-8.3
C1CCCCC1CNc1nccc(c1)C1=C(C(=O)NC1=O)c1ccc(cc1)F,0.775885778,2.451240023,379.435,3.7801,-9.4,-8.6
c1(cccc(c1)Cl)NC1C(=O)NC(C=1c1ccc(cc1)Cl)=O,0.845852495,2.14813502,333.174,3.473,-7.9,-8.2
c1c(cccc1)C1C(NC(C=1c1c(F)cccc1)=O)=O,0.849149505,1.962425917,267.259,2.3929,-7.8,-7.8
c1c(C2C(=O)NC(C=2c2ccc(cc2)OC)=O)ccnc1NC1CCOCC1,0.774833116,2.510002416,379.416,2.2483,-9.2,-8.8
c1ccc(-c2ccnc(Nc3ccc(cc3)F)c2)cc1,0.745560797,1.651662601,264.303,4.6313,-8.2,-8
Cc1cc(NC2CCC(CC2)Nc2nccc(c2)-c2cc([nH]n2)OC)ncc1Cl,0.54478845,2.923971515,412.925,4.67232,-8.9,-8.4
c1(Cl)cc(C2C(=O)NC(C=2c2c(C(N)=O)cccc2)=O)ccc1,0.845401601,2.171797946,326.739,2.0061,-8.5,-8.3
o1c(cc(n1)-c1cccc(Cl)c1)NC(CCC)=O,0.915285451,2.082689634,264.712,3.7336,-7.1,-7.4
c1(O)ccc(NC2=C(C(=O)NC2=O)c2cc(NC3CC3)ncc2)cc1,0.490669777,2.535839319,336.351,1.8411,-8.2,-8
c1(C2C(NC(=O)C=2c2ccc(c(Cl)c2)Cl)=O)cc(NC2CCOCC2)ncc1,0.742939941,2.633025814,418.28,3.5465,-9.3,-9.1
O=C1NC(=O)C(c2ccc(cc2)F)=C1c1ccnc(NCCO)c1,0.717770142,2.422109275,327.315,1.1921,-8,-7.8
c1cc(ncc1C1=C(C(NC1=O)=O)c1ccc(cc1)Cl)NC1CCOCC1,0.793382813,2.515609394,383.835,2.8931,-8.6,-9.4
ON=C1c2c(ccc(c2)NC(=O)C2CC2)NC1=O,0.539141436,2.442974811,245.238,1.1655,-7.5,-7
C1(C(=C(C(N1)=O)c1ccnc(NC2CCC(N)CC2)c1)O)=O,0.610217312,2.730408221,302.334,0.6889,-7.9,-7.5
O=C1C(=C(C(N1)=O)c1cc(NC2CCC2)ncc1)c1ccccc1O,0.74601323,2.490197715,335.363,2.3188,-8.8,-8.3
c1c(C(N)=O)ccc(c1)C1C(=O)NC(C=1c1cc(ccc1)C(=O)N)=O,0.699700775,2.204766955,335.319,0.4516,-9.3,-8.8
C1OCCC(Nc2ncc3c(c(n[nH]3)NC(=O)CC)n2)C1,0.783428792,2.751325083,290.327,1.2923,-7.4,-7.6
c1cccc(NC2C(=O)NC(C=2c2ccc(F)cc2)=O)c1,0.849288888,2.03605362,282.274,2.3053,-7.7,-7.8
c1c(-c2onc(n2)C2CCOCC2)c(ccc1)OC,0.848698479,2.191459933,260.293,2.6392,-7.5,-7.1
c1cc(-c2cc(ncc2Cl)NC(C)C)cc(c1)OC,0.907273724,2.068967376,276.767,4.2309,-7.1,-7.4
C1(C(=C(C(=O)N1)c1ccnc(NC2CCC2)c1)c1ccc(F)c(c1)F)=O,0.827634657,2.522467635,355.344,2.8914,-9.1,-8.6
c1(F)cc(C2C(NC(=O)C=2c2ccnc(NC3CCOCC3)c2)=O)ccc1,0.81135624,2.588614128,367.38,2.3788,-9.2,-8.9
N1C(C(=C(C1=O)c1cn(C)c2ccccc21)c1cc(ccc1)Cl)=O,0.72915021,2.273399546,336.778,3.3989,-8.5,-8.4
c1c(ccnc1N)-c1cc(NC(=O)C2CC2)ncc1,0.878209493,2.155397661,254.293,2.0743,-7.6,-7.4
C1(C(Nc2cc(C)on2)=O)CCCN(C1)c1ncc2c(n(C)c(=O)cc2-c2ccccc2)n1,0.515318873,3.046457315,444.495,3.14702,-9.7,-8.6
C(C)C(Nc1cc(C2C(NC(C=2c2cc(NC(=O)C)ccc2)=O)=O)ccn1)=O,0.687698509,2.437401628,378.388,1.9557,-9.4,-8.3
c1ccc(-c2c(c(nc(c2)NC(=O)C2CC2)C)C(N)=O)cc1NC1CCCC1,0.710899456,2.383906668,378.476,3.85892,-8.8,-8
n1cc(C2=C(Nc3cc(ccc3)C)C(=O)NC2=O)cc(NC2CCCC2)n1,0.706932547,2.719644897,363.421,2.61912,-8.7,-8.8
C1CC(CCC1)Nc1cc(-c2cc(C3CCC3)c(O)nc2)ccn1,0.843240502,2.559910386,323.44,4.8613,-8.7,-8.4
c1c2c(C(CCC2(C)C)C)cc(c1)C1=C(c2cccc(c2)Cl)C(=O)NC1=O,0.739164575,3.110206264,379.887,5.0821,-9.2,-9
C1(C(=C(C(=O)N1)c1cc(ncc1)NC1CC1)c1cc(ncc1)NC1CCOCC1)=O,0.632970381,2.82762894,405.458,2.209,-9.4,-8.7
c12c(cc(=O)n(-c3ccc4c(c3)snn4)c1)ccn2C,0.538210736,2.945721631,282.328,2.3339,-7.5,-7.6
N1C(C(=C(C1=O)c1ccnc(Nc2ccc(cc2Cl)F)c1)c1ccccc1)=O,0.652051183,2.363816775,393.805,4.1849,-9.7,-9.2
c1cc(F)ccc1C1C(NC(C=1c1ccnc(c1)NC1CCOCC1)=O)=O,0.81135624,2.535260281,367.38,2.3788,-9.1,-9
c1(c(F)ccc(N2CCOCC2)c1)-c1nnc(C(N)=O)[nH]1,0.860234192,2.760438236,291.286,0.5463,-8,-7.7
c1(cc(Cl)c(cc1)C1C(=O)NC(C=1c1ccc(cc1)Cl)=O)Cl,0.822842461,2.107235085,352.604,4.214,-7.9,-7.6
c1cc(OC)ccc1C1C(=O)NC(C=1c1ccc(F)c(c1)C)=O,0.886824108,2.127799629,311.312,2.70992,-8.1,-8.1
n1ccc(cc1NC1CCOC1)C1C(NC(=O)C=1c1ccc(F)cc1)=O,0.821980809,2.998303022,353.353,1.9887,-8.8,-8.2
c1(C)nn(c2c1cc(cn2)CNC1CCC(CC1)O)-c1ccc(F)cc1,0.754858081,2.369417182,354.429,3.26112,-8.6,-8.5
C(C1Nc2c(ncc(-c3ccc(F)c(c3)F)c2)NC1=O)C1CCCCC1,0.834920432,3.11894733,357.404,4.7298,-9.4,-8.9
c1c(C2=C(Nc3ccc(O)cc3)C(=O)NC2=O)cc(nc1)NC1CCOCC1,0.462549215,2.66833575,380.404,1.8577,-8.5,-8.5
c1nc(NC(C2CCC(CC2)NC(=O)C)=O)cc(-c2nnc(cc2)OC)c1,0.836662957,2.394972715,369.425,2.1806,-8.8,-7.8
c1c(-c2n3c(nn2)ccc(c3)-c2ccnc(c2)NCCO)ccnc1N,0.504481775,2.646109247,347.382,1.8397,-8.9,-8.3
O=C(Nc1ccncc1)C=Cc1cc(-c2cccc(F)c2)ccc1,0.71762838,1.982595002,318.351,4.5396,-8.8,-8.9
C1(C(c2cn(c3c2ccc(c3)F)C)=C(C(=O)N1)c1ccncc1)=O,0.736609976,2.490816741,321.311,2.2796,-8.6,-8.2
N(CC1CC1)Cc1cc(ncc1)Nc1nccc(c1)C1CCCCC1,0.76465659,2.410648741,336.483,4.7675,-7.9,-7.8
c1(Br)c(ccc(c1)F)C1=C(c2cc(ncc2)NC2CCCC2)C(NC1=O)=O,0.722315101,2.579727161,430.277,3.9049,-8.8,-8.6
C1(NC(C(=C1c1ccnc(NC2CCOCC2)c1)c1ccnc(NCC)c1)=O)=O,0.645350616,2.811019867,393.447,2.0665,-8.9,-8.5
c1ccc(cc1C1=C(C(NC1=O)=O)c1cc(C#N)ccc1)C,0.862773527,2.2494576,288.306,2.4339,-8.8,-8.4
O(C)c1cc(C2C(NC(C=2c2ccccn2)=O)=O)ccc1,0.868126945,2.200721313,280.283,1.6574,-7.5,-7.5
O=C1C(=C(C(=O)N1)c1ccnc(NC2CCOCC2)c1)c1cc(ccc1)F,0.81135624,2.588614128,367.38,2.3788,-9.1,-9
N(c1nccc(C2=C(C(=O)NC2=O)c2ccc(Cl)cc2)c1)C1CCOCC1,0.793382813,2.530676849,383.835,2.8931,-8.9,-9
C1C(Nc2cc(nc(C3CCOCC3)n2)-c2ccc(cc2)O)CCOC1,0.875991832,2.576218301,355.438,3.3341,-8.7,-8.4
Clc1c(cc(-n2c(=O)[nH]nc2-c2ccnc(c2)NC2CCCC2)cc1)Cl,0.697260563,2.474766105,390.274,4.2839,-8.7,-8.7
C1(c2c(c(ncc2)NC(C)C)OC)=C(c2ccc(cc2)F)C(=O)NC1=O,0.806172655,2.619162182,355.369,2.6168,-8.2,-7.7
O=C1C(=C(C(N1)=O)c1cc(NC2CCCCC2)ncc1)c1cc(OC)c(cc1)OC,0.713596999,2.466878505,407.47,3.4106,-9.8,-9
n1c2ccc(Cl)cc2[nH]c1-c1ccnc(c1)NC(CCC)=O,0.763814227,2.183951929,314.776,4.0169,-7.9,-7.4
c1c(C2C(=O)NC(=O)C=2c2c3cc(ccc3n(C)c2)C)ccc(F)c1,0.731891309,2.314005742,334.35,3.19302,-8.8,-8.2
C1C(CCC(Nc2ncc3c(n2)-c2n(nc(n2)C(=O)N)CCO3)C1)NC(C1CC1)=O,0.641471162,3.116127879,412.454,0.4757,-9.5,-8.6
c1cc(C2C(=O)NC(C=2c2ccc(cc2)N2CCOCC2)=O)ccc1Cl,0.846255076,2.184308874,368.82,2.7438,-8.6,-8.6
C1C(C(=O)N)CCN(C1)C1CCN(CC1)c1c2c([nH]n1)cc(Cl)c(c2)-c1ccccc1,0.644995176,2.541686781,437.975,4.0494,-9.8,-9.4
c1(NC(C)C)nccc(C2=C(c3cccc(Cl)c3)C(NC2=O)=O)c1,0.838114376,2.472402724,341.798,3.1225,-8.2,-7.9
n1c(nn(C2CCC2)c1-c1ncc(c(NC2CCOCC2)n1)OC)C,0.890684134,2.908776236,344.419,2.36802,-7.7,-7.2
c1c(-c2c(F)c(ncc2)Nc2ccc(cc2)F)cc(Nc2nccc3c2cccc3)nc1,0.338475148,2.442127045,425.442,6.4572,-9.5,-8.9
c1cc(C2=C(C(NC2=O)=O)c2cc([nH]c2-c2ccccc2)C(C)C)ccc1,0.681915743,2.463624463,356.425,4.3723,-8.4,-8
n1c(cc(nc1NC1CCOCC1)-c1cc(NC(C2CC2)=O)ncc1)NC1CCC1,0.644994443,2.617414086,408.506,3.4424,-9.3,-8.2
c1(oc(-c2ccnc(NC(=O)C3CC3)c2)n[nH]1)=O,0.832630732,2.485425381,246.226,0.7734,-7.1,-7.3
c1c(CNc2nccc(c2)C2=C(c3cc(ccc3F)F)C(NC2=O)=O)ccnc1,0.652591991,2.574952039,392.365,2.9341,-8.9,-8.5
C1C(C1)C(=O)Nc1nccc(c1)C1C(=O)NC(C=1c1ccc(cc1)F)=O,0.826296828,2.34537343,351.337,2.1364,-8.9,-8.4
COc1ccc(C2C(NC(C=2c2cn(C)c3ccccc32)=O)=O)cc1,0.750397967,2.197917108,332.359,2.7541,-8.4,-8.3
C1(=O)C(=C(C(=O)N1)c1ccnc(c1)NC1CCC1)c1ccccc1,0.849937184,2.335541834,319.364,2.6132,-8.5,-7.9
c1cc(C2=C(c3cc(NC4CCOCC4)ncc3)C(NC2=O)=O)ccc1Cl,0.793382813,2.530676849,383.835,2.8931,-8.8,-9.1
c1ccc(-c2cc(NC3CCOCC3)ncc2)cc1CNC(=O)C1CC1,0.837557403,2.222260259,351.45,3.3657,-8.7,-7.7
n1ccc(s1)C1C(=O)NC(=O)C=1c1cc(NC2CCC2)ncc1,0.840428497,3.010677535,326.381,2.0697,-8.1,-7.6
c1(Cl)ccc(C2=C(c3ccncc3)C(NC2=O)=O)cc1,0.861026568,2.142790289,284.702,2.3022,-7.4,-7.4
c12c([nH]c(n2)-c2c(cccc2)Cl)ccc(C(NCC2CCCO2)=O)c1,0.747787557,2.581645983,355.825,3.7921,-8.7,-8.2
c1(Nc2ccc(cc2)OC)nc(ccn1)-c1c(Cl)ccc(Cl)c1,0.705083918,1.911930682,346.217,5.2026,-8.2,-8.3
c1(cc(NC2CCCCC2)ncc1)C1=C(c2ccc(F)c(F)c2)C(=O)NC1=O,0.79062104,2.524018506,383.398,3.6716,-9.9,-9.2
C1(=O)C(c2cc(ncc2)NC2CCOCC2)=C(C(=O)N1)c1ccc(OC)cc1,0.774833116,2.510002416,379.416,2.2483,-9.2,-8.9
c1(ccnc(NC2CCCC2)c1)-c1nc(cs1)C(=O)N,0.905943248,2.347730119,288.376,2.6585,-7.4,-7.4
C1C(CCN(c2cnc(cc2)O)C1)C(NCc1cccc(F)c1)=O,0.904252911,2.233407386,329.375,2.4591,-8.4,-8.3
c1c(ccc(Cl)c1)C1=C(c2c3ccccc3n(CCOCCOC)c2)C(NC1=O)=O,0.443415593,2.44754541,424.884,3.5249,-8.2,-7.6
C(CC1CN(C(=O)C)CCC1)Nc1nc2c(cc(Cl)cc2)cn1,0.932484783,2.770630956,332.835,3.3437,-8.3,-7.8
c12c(n(cc2C2=C(c3cc(ccc3)OC)C(NC2=O)=O)C)cccc1,0.750397967,2.252396848,332.359,2.7541,-8.2,-8.3
C1C(CCC(Nc2ncc3cc(-c4cccnc4)n(c3n2)C)C1)C(N)=O,0.753041893,2.592366105,350.426,2.4863,-8.8,-8.7
c1(NC2CCC(O)CC2)nccc(C2C(=O)NC(C=2c2ccc(cc2)F)=O)c1,0.708150074,2.559435237,381.407,2.5033,-9.5,-9.1
c1nccc(C2=C(C(NC2=O)=O)c2cc(ncc2)NC2CCOCC2)c1,0.814437546,2.651842647,350.378,1.6347,-8.9,-8.6
c1ccc2c(c1)NC1C2=C(C(=O)N1)c1cc(ccc1)C(N)=O,0.785085397,3.011553901,291.31,1.5777,-9.6,-8.7
O=C1NC(=O)C(=C1c1cc(NC2CCCCC2)ncc1)c1ccc(cc1)F,0.813387824,2.407270341,365.408,3.5325,-9.3,-8.6
c12CCC(=O)c2cc(C2C(NC(C=2c2ccc(F)cc2)=O)=O)cc1,0.864644574,2.367679637,321.307,2.5218,-8.5,-8.5
c1c(C(N)=O)cc(cc1)Nc1nccc(c1)-c1ccnc(NC2CCOCC2)c1,0.595552456,2.427601211,389.459,3.577,-9.3,-8.8
c1(C(=O)N)cc(ccc1)-c1cccc(c1)C1=C(C(NC1=O)=O)c1ccccc1,0.693889489,2.140859083,368.392,3.0197,-10,-10.3
c1c(-c2cc(NC3CCOCC3)ncc2)nc(nc1)Nc1cccc(c1)F,0.711730003,2.390586923,365.412,4.0122,-9,-8.5
C1(c2ccccc2)C(=O)NC(C=1Nc1cc(ccc1)Cl)=O,0.856775357,2.080552851,298.729,2.8196,-7.8,-7.9
c1cnc(nc1NC(C)C)C1=C(C(=O)NC1=O)c1ccncc1,0.825323892,2.732889832,309.329,1.2591,-8.5,-7.4
C1C(C1)C(Nc1cc(ccn1)C1C(NC(C=1c1ccc(OC)cc1)=O)=O)=O,0.792205771,2.322521508,363.373,2.0059,-8.8,-7.9
N1C(C(=C(C1=O)c1ccnc(NC2CCOCC2)c1)c1ccc(cc1)F)=O,0.81135624,2.535260281,367.38,2.3788,-9,-8.9
C(CC)Nc1nccc(C2C(=O)NC(C=2c2cc(ccc2)NC2CCC2)=O)n1,0.642338681,2.615626391,377.448,2.8301,-8.3,-8.2
c1(cnc(C2=C(c3ccc(F)cc3)C(NC2=O)=O)[nH]1)-c1cc(NC2CCC2)ncc1,0.568573592,2.763762584,403.417,3.1424,-9.4,-8.9
c1(cccc(c1)C)Nc1nc(C)cc(c1)-c1c(C(N)=O)cccc1,0.757204519,2.021090044,317.392,4.20794,-8.5,-8.5
c1cc(-c2c(-c3ccnc(Nc4cnccc4)c3)c[nH]n2)ccc1F,0.5809165,2.543356642,331.354,4.4164,-8.8,-8.5
C(C1CCC(CC1)NC(=O)C)(Nc1n[nH]c2c1cc(-c1ccc(cc1)F)cn2)=O,0.630348121,2.439374838,395.438,3.3974,-9.9,-8.8
c1(C2=C(C(=O)NC2=O)c2ccc(cc2)Cl)cc(ncc1)NC1CCOCC1,0.793382813,2.530676849,383.835,2.8931,-8.6,-9
c1ccccc1C1=C(C(=O)NC1=O)c1ccnc(NC2CCC2)c1,0.849937184,2.335541834,319.364,2.6132,-8.5,-7.9
C1(NC(=O)C(c2ccccc2F)=C1c1ccc2cc(ccc2c1)Cl)=O,0.703268876,2.193453186,351.764,4.1995,-9,-9.4
c1c(NC(C2CC2)=O)ncc(c1)C1=C(Nc2cc(ccc2)O)C(=O)NC1=O,0.598482223,2.519967662,364.361,1.6153,-8.9,-8.4
CC(C)NC(=O)Nc1nccc(c1)C1=C(c2ccnc(c2)NC2CCOCC2)C(NC1=O)=O,0.495575275,2.861091618,450.499,2.1646,-9.9,-9.2
C1C(C(=O)Nc2nccc(-c3cc(Nc4ccc(F)cc4)ncc3)c2)CCOC1,0.673436783,2.312217139,392.434,4.3914,-9.5,-8.6
c1cccc(OC)c1C1C(NC(C=1c1c2ccc(cc2ncc1)Cl)=O)=O,0.722509004,2.284335934,364.788,3.464,-9.1,-8.4
n1ccc(-c2n[nH]c(n2-c2cc3ccccc3cc2)=O)cc1NC1CCOCC1,0.560847365,2.543330396,387.443,3.3667,-9,-9.7
c1(C=C2C(=O)NC(=N2)NC2CCC2)ccnc(c1)NC1CCCC1,0.742932832,2.923640936,325.416,2.4049,-8.9,-8
Clc1ccc(C2C(=O)NC(C=2c2cc(NC3CCCCC3)ncc2)=O)cc1,0.783688512,2.402686909,381.863,4.0468,-9.1,-9.1
c1ccccc1C1=C(C(NC1=O)=O)c1cc(NC2CCOCC2)ncc1,0.827718733,2.476063902,349.39,2.2397,-8.7,-8.6
n1ccc(cc1NC1CCOCC1)C1=C(C(NC1=O)=O)c1c(F)c(Cl)ccc1,0.769628572,2.727046391,401.825,3.0322,-9.3,-9.2
O(c1cc2c([nH]nc2NC(CCC)=O)cc1)C,0.85109227,2.054397351,233.271,2.3101,-6.7,-6.4
C1OCCC(Nc2c3c(nnn2)n(-c2cccc(F)c2)c(CC)n3)C1,0.784860034,2.787261563,342.378,2.5029,-8.6,-8.3
c1c(ccnc1NC1CCOCC1)C1=C(c2ccc(cc2)F)C(=O)NC1=O,0.81135624,2.535260281,367.38,2.3788,-9.2,-8.8
C1(OC2CCCC2)CCC(CC1)Nc1ncc2ccc(n(C)c2n1)=O,0.92484697,2.668518465,342.443,3.0108,-9,-8.2
N1C(=O)C(=C(C1=O)c1cc(NC2CCCCC2)ncc1)c1ccc(F)cc1,0.813387824,2.407270341,365.408,3.5325,-9.4,-9.1
c1c(ccc(CC)c1)C=C1SC(NC1=O)=NC1CCC(CC1)C(NC)=O,0.799129305,2.923062753,371.506,3.1137,-8.4,-7.7
C1(NC(=O)C(c2ccc(cc2)F)=C1c1cn(C)c2c1cccc2)=O,0.738264262,2.222333709,320.323,2.8846,-8.6,-8.4
n1c(ccc(C2=C(c3ccnc(c3)NC3CC3)C(NC2=O)=O)c1)NC1CCOCC1,0.632970381,2.814120187,405.458,2.209,-9.1,-8.5
c1(C2=C(c3c(F)cccc3)C(NC2=O)=O)ccnc(c1)NC1CCOCC1,0.81135624,2.570143713,367.38,2.3788,-9,-8.8
N(C1CCCCC1)c1nccc(C2=C(C(=O)NC2=O)c2ccc(cc2)Cl)c1,0.783688512,2.402686909,381.863,4.0468,-9.3,-9
c1cc(-n2c(n[nH]c2=O)-c2ccnc(NC3CCCCC3)c2)c(cc1)F,0.752588492,2.413858234,353.401,3.5063,-9,-8.7
Clc1ccc(C2C(=O)NC(C=2c2ccncc2)=O)cc1,0.861026568,2.142790289,284.702,2.3022,-7.4,-7.4
C1(C(=C(Nc2c(F)cccc2)C(=O)N1)c1ccnc(NC2CCCCC2)c1)=O,0.692347349,2.528961391,380.423,3.4449,-8.7,-9
O=C1NC(C(=C1c1cc(c(cc1)OC)OC)c1c(F)cccc1)=O,0.876067301,2.109228441,327.311,2.4101,-8.1,-7.7
c1ccc(C2C(=O)NC(=O)C=2c2ccnc(c2)NC2CCCC2)cc1,0.843948257,2.337633323,333.391,3.0033,-8.7,-8.7
c1c(-n2c(c(c(C(=O)N)n2)Cl)-c2ccc(cc2)Cl)cccc1,0.789461894,2.079080677,332.19,3.945,-7.9,-8.3
c1c(Cl)cc(C2=C(C(NC2=O)=O)c2cccc(C(=O)N)c2)nc1,0.831685868,2.483704196,327.727,1.4011,-8.6,-8.1
Clc1ccc(C2C(=O)NC(C=2c2ccnc(NC3CCOCC3)c2)=O)cc1,0.793382813,2.530676849,383.835,2.8931,-8.9,-9
c1(C2C(NC(=O)C=2c2cc(ncc2)NC2CCOCC2)=O)ccccc1Cl,0.793382813,2.55072892,383.835,2.8931,-9,-8.9
c1c(cc(N2CCOCC2)nc1)-c1ccnc(Nc2ccc(F)cc2)c1,0.774194645,2.17685926,350.397,3.8629,-8.6,-8.1
c1c[n+](C)ccc1C1=C(NCc2ccc(F)cc2)C([O-])=C(C1=O)Cl,0.856104021,3.094975399,344.773,1.5445,-8.1,-8.1
c1(Cl)c(cc(cc1)S(=O)(=O)C)C1C(NC(=O)C=1c1ccccc1)=O,0.85058035,2.211565671,361.806,2.3107,-8.9,-8.4
c1(NC2CCOCC2)nccc(-c2c[nH]c(-c3cc(NC)ncc3)n2)c1,0.655035495,2.944774145,350.426,3.1663,-8.4,-7.9
c1(F)cc(ncc1)NC1CCC(NC(=O)CC)CC1,0.878993514,2.312889969,265.332,2.47,-7.1,-6.9
c1c(ccc(C2=C(C(NC2=O)=O)Nc2ccc(F)cc2)c1)F,0.856067072,2.101377451,300.264,2.4444,-7.9,-7.8
C1(c2ccnc(c2)NC2CCOCC2)=C(C(NC1=O)=O)c1ccc(Cl)cc1,0.793382813,2.530676849,383.835,2.8931,-8.8,-9
NC1C(=O)NC(C=1c1cccc(C2C(NC(C=2c2ccco2)=O)=O)c1)=O,0.677156681,2.858902619,349.302,0.173,-9.7,-8.5
c1(ccc(cc1)CC1COCCC1)-c1cc(ncc1)Nc1cc(ccn1)C,0.683000451,2.78067634,359.473,5.16472,-9.4,-8.9
c12c3c(ncc2cc(cc1)OC)C(NC(c1cc(ccc1)C#N)=O)CCC3,0.770739803,2.903499447,357.413,3.92248,-8.3,-8.4
c12c(NCCCO)nccc2-c2c(CC1)cc(NC1CCOCC1)nc2,0.692289407,2.82674917,354.454,2.6274,-8.2,-8.6
c1(NC2CCOCC2)nccc(-c2n[nH]c(n2-c2ccc3c(c2)[nH]nc3N)=O)c1,0.414086315,2.890847908,392.423,1.672,-8.8,-9
n1c(NC2CCC2)cc(cc1)C1=C(C(NC1=O)=O)c1ccc(F)c(F)c1,0.827634657,2.522467635,355.344,2.8914,-9.1,-8.5
c1(nc(NC2CCOC2)cc(n1)C1=C(C(NC1=O)=O)c1ccccc1)Nc1ccccc1,0.519544265,3.062424715,427.464,2.9882,-9.8,-9.2
COc1c(cc(-c2cnc(C)c(c2)OC)cc1)C1C(=O)NC(=O)C=1c1ccncc1,0.661163916,2.539846883,401.422,3.03642,-9.7,-8
C1COCCC1Nc1cc(c(cn1)Cl)-c1cc(Cl)c(nc1)OC,0.897780423,2.582592221,354.237,4.0499,-7.9,-7.7
C1(C(NC(=O)C=1c1cccc(c1)OC)=O)c1ccc(C)cc1,0.884919715,2.009220131,293.322,2.57082,-8.3,-7.9
COc1cccc(C2=C(c3cc([nH]cc3)=O)C(NC2=O)=O)c1,0.825437743,2.47391492,296.282,0.9507,-8,-7.9
c1c(cccc1)NC1C(=O)NC(C=1c1cccc(C)c1)=O,0.847972067,2.07721362,278.311,2.47462,-8,-8.1
Brc1ccnc(Nc2ccc(C3C(NC(=O)C=3c3ccc(F)cc3)=O)cc2)c1,0.596627172,2.379862737,438.256,4.294,-9.2,-8.8
c1ccc(cn1)-c1cnc2n1CCCCCN2C1CCC1,0.845263304,2.581546598,282.391,3.4879,-7.6,-8.1
c1(cc(C)c(cc1)OC)C1C(=O)NC(C=1c1ccncc1)=O,0.878746916,2.25334569,294.31,1.96582,-8.2,-7.8
C1C(NC(=O)C)CC1Nc1c2c(cc(Cl)c(OC)c2)ncn1,0.904181307,2.419161693,320.78,2.3708,-7.6,-7.3
c1(nc(ncc1C)NC1C(NC(C=1c1ccccc1)=O)=O)OC,0.826225546,2.54890214,310.313,1.27322,-8.5,-7.9
O=C1NC(=O)C(=C1c1ccc(Cl)cc1)c1cn(C)c2ccccc12,0.72915021,2.217076243,336.778,3.3989,-8.1,-8.4
N1=C(NC2C1=Cc1c3c(n(c1C2=O)C)cccc3)NCCC,0.890927289,3.735912142,294.358,2.0429,-8.1,-7.8
O=C1NC(=O)C(=C1c1cc(NC2CCOCC2)ncc1)c1cc(F)ccc1,0.81135624,2.588614128,367.38,2.3788,-9.1,-9
c1cccc(CCNC2C(=O)NC(C=2c2ccc(Cl)cc2)=O)c1,0.830172501,2.112460752,326.783,2.5398,-7.4,-7.8
c1cc(C2C(NC(C=2c2ccnc(NC3CCC3)c2)=O)=O)c(cc1O)O,0.627283963,2.634156781,351.362,2.0244,-9.1,-8.5
c12c(NC3CCCC3)nccc1ccc(n2-c1ccc(cc1)F)=O,0.795513326,2.321499397,323.371,3.8793,-7.9,-8.1
C1CCC(CC1)Nc1cc(ccn1)C1=C(C(=O)NC1=O)c1ccc(cc1)F,0.813387824,2.407270341,365.408,3.5325,-9.4,-9
C1CCCC(C1)Nc1ccc2c(n[nH]c2c1)NC(CCC)=O,0.779992984,2.257115905,300.406,4.0461,-8,-7.2
c1ccc(cc1-c1n[nH]c2ccc(-c3cc(ncc3)Nc3ccccc3)cc12)F,0.391674208,2.206812506,380.426,6.1746,-10.2,-9.4
c1ccccc1C1C(=O)NC(=O)C=1c1ccnc(NC2CCC2)c1,0.849937184,2.335541834,319.364,2.6132,-8.4,-8.1
n1[nH]c2c(nc(NC3CCC(CC3)N)nc2c1)C=C1C(=O)NC(=O)NC1=O,0.364952581,3.218353135,370.373,-0.2159,-9.5,-8.6
N(C(=O)C1CC1)c1cc(C2=C(c3cc(F)c(cc3)F)C(NC2=O)=O)ccn1,0.809651844,2.468484116,369.327,2.2755,-9.4,-8.4
O=C1NC(=O)C(=C1c1ccc(F)cc1)c1ccnc(NCC2CCCO2)c1,0.793447308,2.940367494,367.38,2.3788,-8.8,-8.2
c1c(C#N)cc(cc1)C1C(=O)NC(C=1c1ccnc(NC2CCCC2)c1)=O,0.819668954,2.568785725,358.401,2.87498,-9.5,-8.8
c1(cc(NC2COCCC2)ncc1-c1n[nH]c(n1-c1cc2c(cccc2)cc1)=O)Cl,0.519523385,3.143515565,421.888,4.0201,-9.1,-9.6
C1(NC(C(c2ccc(OC)cc2)=C1c1ccc(OC)cc1)=O)=O,0.880044342,1.947425217,309.321,2.271,-7.8,-8.2
c1cc(ccn1)C1C(NC(C=1c1cc(NC2CCOCC2)ncc1)=O)=O,0.814437546,2.651842647,350.378,1.6347,-8.7,-8.4
n1c(C2C(=O)NC(C=2c2ccc(F)cc2)=O)cc(nc1NCC1CCOCC1)C,0.753859018,2.695874004,396.422,2.32982,-9.9,-8.9
c1(NC2CCOCC2)nccc(-c2n[nH]c(=O)n2-c2cc3c(cc2)cccc3)c1,0.560847365,2.543330396,387.443,3.3667,-9.5,-9.7
c1(F)cc(C2=C(c3cn(C(C)C)c4c3cc(F)c(F)c4)C(NC2=O)=O)ccc1,0.688193637,2.627604348,384.357,4.2067,-9.1,-8.8
c1(Nc2nccc(-c3ccnc(NC4CCC(NC(C)=O)CC4)c3)n2)cc(ccc1)F,0.551316917,2.448696011,420.492,4.2805,-9.5,-9.6
C1COCCN1c1cc(ccn1)C1C(NC(C=1c1ccc(Cl)cc1)=O)=O,0.839185792,2.386761797,369.808,2.1388,-8.7,-8.7
n1c(c(-c2ccnc(c2)NC2CCOCC2)cc([nH]1)=O)NC(C1CCCC1)=O,0.732091178,2.7129158,383.452,2.5515,-9.3,-8.6
Clc1c(cccc1)C1=C(c2ccc(cc2)Cl)C(=O)NC1=O,0.860728599,2.00904701,318.159,3.5606,-7.5,-7.8
c1cc(F)c(cc1)C1=C(c2cc([nH]n2)-c2cccc(c2)O)C(NC1=O)=O,0.633259001,2.584717015,349.321,2.4886,-9,-8.9
c1(ccccc1)CNc1nc(cc(n1)C1CCOCC1)NC1CCOCC1,0.81236322,2.522539637,368.481,3.5736,-8.7,-8.2
c1nc(c2cc(n(c2n1)C)C(NCC(C)C)=O)NC1CCOCC1,0.875034181,2.583797736,331.42,1.945,-7.7,-7.3
c1ccnc(c1-c1n[nH]c(=O)n1-c1cc2c(cc1)cccc2)NC1CCCCC1,0.541504159,2.435840771,385.471,4.5204,-8.8,-8.2
c1c(NC(C)C)cc(C2=C(c3ccc(F)cc3)C(=O)NC2=O)cc1,0.849183943,2.2381444,324.355,3.2132,-8.1,-8.1
c1(C2C(N)=NC(=O)C=2c2c(F)cccc2)ccc(cc1)F,0.92153423,2.382318197,284.265,2.773,-7.7,-7.8
C1(c2ccc(cc2)C(N)=O)=C(c2ccnc(NC3CCC3)c2)C(NC1=O)=O,0.700781539,2.457557946,362.389,1.7121,-8.9,-9
c1(cccc(C2=C(C(NC2=O)=O)c2cc(ncc2)NC2CCOCC2)c1)OC,0.774833116,2.557756263,379.416,2.2483,-9.1,-8.6
O=C1C(C(=O)NC1=O)=Cn1c(-c2cc(NC3CC3)ccn2)n[nH]c1=O,0.288609063,3.253178489,340.299,-0.7259,-8.4,-8
c1(cc(-c2n(C)c(=O)[nH]n2)ccc1C)C(NC1CCCCC1)=O,0.91070798,2.303407702,314.389,2.14632,-8.5,-8.2
c1(Nc2cc(NC3CCOCC3)ncc2)cc(-c2cc(-c3ccc(F)cc3)n(C)n2)ccn1,0.435018729,2.673687358,444.514,5.0177,-9.8,-9.5
N(C(=O)C1CC1)c1scc(-c2cc(NC3CCC(CC3)OC)ncc2)n1,0.803583129,2.441411643,372.494,3.9231,-8.5,-7.4
c1ccc(F)cc1NC1=C(C(NC1=O)=O)c1ccnc(NC2COCCC2)c1,0.687508923,3.12058412,382.395,2.2912,-8.7,-8.5
c1(C2=C(c3c(ccc(C)c3)OC)C(NC2=O)=O)cc(ccc1)OCC,0.852125238,2.180912555,337.375,2.96952,-8.1,-7.6
c1cnc(NC2CCCC2)cc1-c1ccnc(Nc2ccc(cc2)F)c1,0.649723279,2.185724395,348.425,5.3808,-8.6,-8.2
c1c(cc(nc1NC1CCOCC1)C1C(NC(=O)C=1c1cc(F)ccc1)=O)C,0.796309765,2.712777929,381.407,2.68722,-9,-9
n1c(cc(cc1)OC)-c1ccnc(c1)Nc1ccc(N2CCCCC2)cc1,0.702195142,2.129514231,360.461,4.8861,-8.7,-9.1
N1C(=O)C(=C(C1=O)c1ccc(F)cc1)c1ccnc(NC2CCCC2)c1,0.830425976,2.400630105,351.381,3.1424,-9.1,-8.7
c1cc(cc(OC)c1)C1C(=O)NC(C=1c1ccccc1Cl)=O,0.886465322,2.050202514,313.74,2.9158,-7.5,-7.8
c1(C2=C(c3ccnc(c3)NC3CCOCC3)C(NC2=O)=O)ccc(cc1)Cl,0.793382813,2.530676849,383.835,2.8931,-8.8,-9
c1cc(-c2cc(ncc2)NC2C(NCCCC2)=O)c(C2CC2)cc1,0.902459241,2.821618512,321.424,3.7066,-8.7,-8.4
C1CC1c1ccnc(NC2CCN(CC2)c2c(C(N)=O)c(C)c(F)cn2)c1,0.846426561,2.75378001,369.444,2.98132,-8.7,-8
c1(cc(Nc2nccc(Cl)c2-c2ccn(n2)C)ccn1)NC1CCCC1,0.686861203,2.693873012,368.872,4.6286,-8.1,-8.3
C1C(CC(Nc2cc(ccn2)C2=C(C(NC2=O)=O)c2ccc(F)cc2)C1)N,0.720080211,3.292308438,366.396,2.0796,-8.9,-8.4
O=C1C(=C(c2c(nccc2)Nc2cc(Cl)ccc2)C(=O)N1)c1ccccc1,0.674840925,2.259020636,375.815,4.0458,-8.6,-8.3
C1CCC(CC1)NC1C(NC(C=1c1cc(ncc1)NC1CCC1)=O)=O,0.716755935,2.664489698,340.427,2.3358,-8,-8.1
O=C1C(c2cc(NC3CCCC3)ncc2)=C(c2c(ccc(c2)Cl)N1)[O-],0.751526038,2.754726236,354.817,3.6716,-8.8,-8.4
c1cc(cc(-c2cc(NC(C3CC3)=O)ncc2)c1)OC,0.926566585,1.825004055,268.316,3.1057,-7.5,-7.6
c1ccc(nc1)C1=C(C(NC1=O)=O)c1cc(NC2CCCC2)ncc1,0.838947428,2.541002975,334.379,2.3983,-8.7,-8.4
c12c(cccc1)n(C)cc2C=C1C(=O)NC(=N1)Nc1ccc(F)cc1,0.706903066,2.601045467,334.354,3.2562,-8.8,-8.8
C1COCCC1Nc1nccc(c1)-c1nc(c(OC)cn1)NC1CCCC1,0.806432609,2.593905577,369.469,3.4926,-8.4,-8.5
c1c(ccc(Nc2cc(C3C(=O)NCCC=3NC3CCOCC3)ccn2)c1)Cl,0.71855067,2.799753136,398.894,3.4782,-9,-7.8
c1c2c(cc(c1)C)[nH]nc2NC(CCC)=O,0.829819639,2.096145398,217.272,2.60992,-7,-6.3
N(c1nc(C2CCC(C(=O)N)CC=2)ccn1)c1cc(C)ccc1,0.908551456,2.902786201,308.385,3.19742,-8.4,-8.3
c1cnc(cc1NC1=C(C(=O)NC1=O)c1cccc(C(N)=O)c1)C1CC1,0.709239769,2.644181017,348.362,1.5375,-8.5,-8.1
C1CC1COc1ccc(C2C(=O)NC(=O)C=2c2ccc(Cl)cc2)cc1,0.83383522,2.152683089,353.805,3.696,-8,-7.9
c1cc(c(cc1C1=C(C(=O)NC1=O)c1cn(C)c2ccccc21)F)OC,0.739131264,2.337310417,350.349,2.8932,-8.4,-8.2
C1C(C(Nc2cc(-c3cc(Nc4cccc(c4)F)ncc3)ccn2)=O)C1,0.718197326,2.17761472,348.381,4.3748,-8.9,-8.1
c1c2c(n(cc2C2C(NC(=O)C=2c2cn(c3c2cccc3)C)=O)C)ccc1,0.561396223,2.41960808,355.397,3.2372,-9,-8.3
C1(C(=C(C(=O)N1)c1cc(ccc1)OC)c1ccc(cc1)C1CCCO1)=O,0.861649959,2.770365791,349.386,3.1139,-8.5,-8.9
c1(cc2cnc(NC(=O)C3CC3)nc2[nH]1)-c1ccccc1,0.773390379,2.234697845,278.315,2.9734,-8.2,-7.4
c1c(cc(C2C(NC(C=2c2cn(C)c3c2cccc3)=O)=O)cc1)F,0.738264262,2.283533709,320.323,2.8846,-8.5,-8.4
c12C(CCCc2c2ccc(OC)cc2n1C)NC1CCC(NC(=O)NC2CCC2)CC1,0.669749371,3.114080932,424.589,4.3168,-9.6,-8.4
C1CC1C(Nc1nccc(-c2ccnc(c2)Nc2ccccc2F)c1)=O,0.718197326,2.168186413,348.381,4.3748,-8.8,-8.2
c1c(cc(F)cc1)C1=C(C(=O)NC1=O)c1ccnc(NC2CCCC2)c1,0.830425976,2.456118105,351.381,3.1424,-9.1,-8.7
c1cc(F)ccc1C1=C(C(NC1=O)=O)c1cc(NC2CCOCC2)ccn1,0.81135624,2.609094009,367.38,2.3788,-8.9,-8.9
c12c(c(-c3cc(NC4CCOCC4)ncc3)n[nH]2)cc(F)cc1,0.778278073,2.463497465,312.348,3.3549,-8.3,-8.7
Fc1ccc(Nc2nc(-c3cc(ncc3)NC3CCOCC3)ccn2)cc1,0.711730003,2.342395385,365.412,4.0122,-9,-8.6
c1(cccc(c1)Br)C1=C(C(=O)NC1=O)c1ccc(cc1)F,0.849528491,2.114667349,346.155,3.1554,-8.1,-7.9
c1cc(C2=C(c3ccnc(NC4CCOCC4)c3)C(NC2=O)=O)ccc1Cl,0.793382813,2.530676849,383.835,2.8931,-8.8,-9
c1(ccccc1)C1C(=O)NC(=O)C=1c1ccc(cc1)F,0.849149505,1.914690694,267.259,2.3929,-7.9,-7.6
C1C(CC1)c1nc(ncc1)Nc1c(cccc1)N1CCOCC1,0.938525266,2.26896104,310.401,3.3243,-8.5,-7.4
c1(F)ccc2C(=Cc3cc(ncc3)NC(C)C)NCCc2c1,0.907075072,2.672762918,297.377,3.6848,-8,-7.9
C1(NC(C(c2ccc(F)cc2)=C1c1ccnc(NC2CCOCC2)c1)=O)=O,0.81135624,2.535260281,367.38,2.3788,-9,-9
C1CC1n1c2c(c(NC3CCCC3)nc(C3CCN(CC3)C(NC3CCOCC3)=O)n2)ccc1=O,0.678781176,2.85501904,480.613,3.5489,-10.3,-9.2
O=C1NC(C(c2ccccc2)=C1c1cc(ncc1)NC1CCOCC1)=O,0.827718733,2.476063902,349.39,2.2397,-8.7,-8.7
C(C1CC1)(Nc1cc(-c2cc(NC(C3CC3)=O)ncc2)ccn1)=O,0.886331622,2.175851356,322.368,2.8406,-8.4,-7.7
N(C1C(=O)NC(C=1c1ccnc(NC2CCCCC2)c1)=O)c1cc(C(N)=O)ccc1,0.546895837,2.582687092,405.458,2.4047,-9.8,-8.9
c1(F)ccc(cc1)C1C(=O)NC(C=1c1cc(NC2COC2)ncc1)=O,0.827294844,2.58349739,339.326,1.5986,-8.5,-8.1
c1c(C2=C(C(NC2=O)=O)c2cc(ncc2)NC2CCOCC2)cccc1,0.827718733,2.476063902,349.39,2.2397,-8.8,-8.6
N(C)C(=O)NC1CCC(c2nc3ccc(cc3[nH]2)F)CC1,0.795517202,2.307862851,290.342,2.6572,-7.6,-7.6
c1c(NC2C3CCC(C2)C3)nc(C2C(NC(=O)C=2c2ccc(cc2)F)=O)cc1,0.801583674,4.21486021,377.419,3.3884,-9.7,-8.9
O=C1C(c2ccc(cc2)F)=C(C(=O)N1)c1cc(ncc1)NC1CCOCC1,0.81135624,2.535260281,367.38,2.3788,-9,-8.7
c1c(OCc2c(-c3cc4ccccc4cc3)c(-c3ccc(cc3)F)[nH]c2)cccc1,0.334933911,2.134744387,393.461,7.22,-8.9,-9.6
C1(CCCC1)Nc1nccc(C2C(NC(C=2c2ccc(Cl)cc2)=O)=O)c1,0.808919745,2.395863336,367.836,3.6567,-8.9,-8.9
c1cc(C)ccc1C1C(NC(C=1c1cc(NC2CCOCC2)ncc1)=O)=O,0.816294316,2.518153181,363.417,2.54812,-8.9,-9.1
c1(cc(ncc1)NC1CCOCC1)NC1C(=O)NC(=O)C=1c1ccc(cc1)Cl,0.670604368,2.630725493,398.85,2.8055,-9.4,-8.4
n1c(ccc(c1)-c1n[nH]c(n1-c1cccc(c1)F)=O)NC1CCOCC1,0.750426955,2.53380783,355.373,2.3526,-8.6,-9.1
c1cc(cnc1NC1C(=O)NC(C=1c1cc(ncc1)NC1CCCC1)=O)C,0.706932547,2.704082175,363.421,2.61912,-8.8,-8.5
c1(C(N)=O)ncc(-c2cncc(F)c2)cc1,0.825709717,2.180428475,217.203,1.3816,-7.2,-7
c1c(ccc2c(NC(CCC)=O)n[nH]c21)-c1ccc(O)cc1,0.686816356,2.127837643,295.342,3.6741,-7.9,-7.9
C1(=O)C(c2ccc(F)cc2)=C(C(N1)=O)c1cc(NC2CCOCC2)ncc1,0.81135624,2.535260281,367.38,2.3788,-9,-9
c1ccc(OC)c(C2=C(c3ccc(OC)cc3)C(=O)NC2=O)c1,0.880044342,1.983478471,309.321,2.271,-7.6,-7.7
C12=C(C(Cc3ccc(cc3)Cl)=NCN2)c2cc(ccc2NC1=O)F,0.745764061,2.85567762,341.773,3.7354,-9,-8.6
c1(nccc(c1)-c1ccc2c(cccc2)c1)NC(=O)CCC,0.760184483,1.865483934,290.366,4.6404,-8.6,-8
O=C(C)Nc1cc(-c2ccnc(NC3CCC3)n2)ccn1,0.900645376,2.258552082,283.335,2.4614,-7.8,-7.7
C1CCC1NC(=O)CCc1cc(NC2CCOCC2)nc(n1)C1CCCCC1,0.746906876,2.612612235,386.54,3.7165,-9,-8
c1c(C2C(NC(=O)C=2c2ccc(OC)cc2)=O)ccc(OC)c1Cl,0.866866848,2.093795146,343.766,2.9244,-8.1,-8.4
C1C(CCOC1)Nc1nccc(C2C(=O)NC(=O)C=2c2cc(ccc2)OC)c1,0.774833116,2.557756263,379.416,2.2483,-9.1,-8.6
c1c2cc([nH]c2ccc1F)C1=Nc2ccccc2SC1,0.697317248,2.62746912,282.343,4.5335,-8.4,-7.8
C1(=C(c2ccnc(c2)NC2CCC(CC2)O)C(NC1=O)=O)c1ccc(cc1)F,0.708150074,2.559435237,381.407,2.5033,-9.4,-9.7
c1cc(ccc1C)C1C(NC(=O)C=1c1c(Cl)c(ccc1)Cl)=O,0.848858708,2.149306964,332.186,3.86902,-8,-8
c1cc(-c2ccnc(c2)NC2CCC2)ccc1C(=O)N,0.894650408,1.944277739,267.332,2.8119,-7.7,-8.1
c1cc(nc2c1CCN2C(NC(C)C)=O)-c1cccc(c1)OCC,0.933747219,2.282819003,325.412,3.6278,-8.3,-8
c1(CC2CCOCC2)nc(c2c([nH]1)ccc(c2)O)=O,0.859601507,2.406608664,260.293,1.5978,-7.8,-7.5
c1cc(ccc1C(N)=O)C1C(NC(=O)C=1c1cccc(OC)c1)=O,0.830382419,2.108019486,322.32,1.3613,-8.6,-8.4
c1nc(NC2CCC2)cc(c1)C1C(=O)NC(C=1c1ccc(F)cc1)=O,0.841806812,2.399366946,337.354,2.7523,-8.7,-8.4
c1nc(NC2CCOCC2)nc(c1C1C(=O)NC(C=1c1cc(Cl)c(cc1)F)=O)C,0.744305449,2.76330282,416.84,2.73562,-8.9,-8.7
c1(ccc2c(ccc(n2)NC2CCC(CC2)O)c1)C(=O)N,0.80499086,2.216150544,285.347,2.0491,-8.1,-8.3
c1cc2c(n[nH]c2cc1)C=Cc1ccnc(NC2CCOCC2)c1,0.768879893,2.589790496,320.396,3.7192,-8.4,-8
c1cc(C2=C(c3ccnc(NC4CCOCC4)c3)C(=O)NC2=O)ccc1,0.827718733,2.476063902,349.39,2.2397,-8.8,-8.7
c1cccc(C2C(NC(C=2c2ccccc2)=O)=O)c1F,0.849149505,1.962425917,267.259,2.3929,-7.7,-7.6
n1cc(ccc1NC1CCC(O)CC1)C1=C(c2ccc3OCOc3c2)C(=O)NC1=O,0.665960533,2.717738224,407.426,2.0929,-9.7,-8.9
c1cc(F)ccc1C=C1C(NC(S1)=Nc1ccc(cc1)F)=O,0.854956653,2.609061819,316.332,3.8564,-8.2,-8.1
N(C(=O)C)C1CCC(CC1)Nc1nccc(c1)C1=Cc2ccccc2C1,0.877600021,2.547881716,347.462,4.0375,-9,-8.8
c1cncc(c1)C1C(NC(=O)C=1Nc1ccc(cc1)C#N)=O,0.833833317,2.400954126,290.282,1.43288,-8.3,-7.8
c1c(cc(NC2CCOCC2)nc1)C1C(=O)NC(=O)C=1c1cc(Cl)ccc1,0.793382813,2.579779216,383.835,2.8931,-9,-9
c1(ccc(C2=C(C(NC2=O)=O)c2cc(Nc3ccccc3)ccc2)cc1)F,0.689471303,2.085844305,358.372,4.1365,-9.3,-9.5
c1c(C(N)=O)ccc(c1)-c1cc(ncc1)NC(C1CCC1)=O,0.908734063,1.905825094,295.342,2.5861,-8.5,-7.8
c1cccc(c1)C1=C(C(=O)NC1=O)c1ccnc(c1)NC1CCCC1,0.843948257,2.337633323,333.391,3.0033,-8.8,-8.2
c1(cc(ncc1)NC(C)C)C1=C(c2ccccc2)C(=O)NC1=O,0.85131185,2.356478945,307.353,2.4691,-8.2,-7.5
c1cc(ccc1)C1=C(c2cc(ccc2)Cl)C(=O)NC1=O,0.861575163,1.975611342,283.714,2.9072,-7.9,-7.7
N1C(C(c2cc(C3CCCC=3)ccc2)=C(C1=O)c1cc(F)ccc1)=O,0.864357253,2.473099313,333.362,3.9602,-9.2,-9.2
c1(NC2CCCC2)nccc(C2C(NC(C=2c2cc(Br)cc(F)c2)=O)=O)c1,0.722315101,2.645965722,430.277,3.9049,-9.6,-8.4
c1(cc(C2C(=O)NC(=O)C=2c2ccc(Cl)cc2)ccc1Cl)F,0.850313677,2.170362197,336.149,3.6997,-8.4,-7.9
c1cc2c(n(CCN(C)C)c(n2)C2CN(CCC2)C(=O)c2ccc(cc2)F)cc1,0.661742534,2.605598576,394.494,3.7568,-8.4,-7.8
c1(cccc(F)c1)C1=C(c2ccc(O)cc2)C(=O)NC1=O,0.829409392,2.142777388,283.258,2.0985,-7.9,-7.8
c1c(cc(nc1)NC1CCOCC1)-c1cc(ncc1)Nc1ccc(F)cc1,0.69189825,2.325795577,364.424,4.6172,-8.8,-8
c1cc(ccc1)Nc1n[nH]c(-c2cc(NC3CCC3)ncc2)c1C#N,0.656432679,2.531014777,330.395,4.05138,-8.8,-8
c1ccc(cc1NC1CCOC1)-c1n[nH]c(=O)n1-c1ccc2c(c1)cccc2,0.574339793,2.851115806,372.428,3.5816,-9,-9.2
C1=CC(=O)NC1=Cc1cc(ccc1F)C1C(NC(=O)C=1c1ccc(Cl)cc1)=O,0.785510416,2.913728869,394.789,3.0732,-9.8,-9.4
C1(=O)NC(=O)C(c2cc(ncc2)NC2CC2)=C1c1cccc(F)c1,0.847539882,2.447761311,323.327,2.3622,-8.5,-8
c1cc(F)c(C2=C(c3cccc(OC)c3)C(NC2=O)=O)cc1Cl,0.879462426,2.208321504,331.73,3.0549,-8.4,-8
O=C1C(=C(C(=O)N1)c1ccnc(c1)NC1CCOCC1)c1cc(N)ccc1,0.564394234,2.656579216,364.405,1.8219,-9.1,-8.9
c1cc(C2C(NC(C=2c2ccnc(NC3CCCNC3)c2)=O)=O)ccc1,0.734274729,2.957568998,348.406,1.8127,-8.9,-8.8
C1(c2c(F)cccc2)=C(C(NC1=O)=O)c1cc(ncc1)NC1CCOCC1,0.81135624,2.570143713,367.38,2.3788,-9.1,-8.9
c1(ccccc1)C1C(=O)NC(=O)C=1c1ccnc(NC2CCOC2)c1,0.833712304,2.940261367,335.363,1.8496,-8.5,-8.4
c1c(C)c(NC2CC2)ncc1C1C(=O)NC(C=1c1cc(ccc1)Cl)=O,0.82804294,2.529778269,353.809,3.18492,-8.3,-7.7
c1(cn(C(C)C)c2ccc(cc21)-c1nc(oc1C)C)C1CCCC1,0.578619448,2.676744116,322.452,6.15164,-8.7,-8.9
[nH]1nc(n2c(c(-c3ccncc3)nc2c1=O)C)NC(CCC)=O,0.759738193,2.817802968,312.333,1.52662,-7.6,-7.6
C1(CCCC1)C(=O)Nc1nccc(c1)C1C(NC(C=1c1ccc(cc1)Cl)=O)=O,0.776090214,2.367686775,395.846,3.4309,-9.1,-9.1
c1c2c(ncc(c2)-c2ccnc(c2)NC2COCCC2)[nH]n1,0.776530212,3.095865589,295.346,2.6108,-8.3,-8.1
c1(Cl)nc(NC2CCOCC2)cc(n1)-c1ccnc(NC2CCC2)c1,0.792075253,2.611248496,359.861,3.7473,-8.5,-8
C1(=C(C(=O)NC1=O)c1ccnc(NCCCO)c1)c1c(F)cccc1,0.548111366,2.47417518,341.342,1.5822,-8,-7.6
N(=C1SC(C(N1)=O)=Nc1cc2ccccc2cc1OC)C1CCCC1,0.905652141,3.170020467,353.447,4.04,-8.9,-8.3
C1(C(=C(c2cc(ncc2)NC2CCOCC2)C(=O)N1)c1ccc(F)cc1)=O,0.81135624,2.535260281,367.38,2.3788,-9,-9
c1(C#CC2CC2)cnc2[nH]nc(NC3CCCC3)c2c1,0.821305316,2.871745782,266.348,3.0739,-8,-7.6
C1C(Nc2cc(ccn2)C2=C(C(NC2=O)=O)c2ccc(Cl)cc2)CCOC1,0.793382813,2.530676849,383.835,2.8931,-8.9,-8.9
C1CCCC(C1)C(=O)Nc1nccc(C2C(=O)NC(=O)C=2c2cc(ncc2)NC2CCOCC2)c1,0.548704839,2.822196868,475.549,3.1535,-10.3,-9.2
c1(C(N)=O)cnc(cc1)C1=C(C(=O)NC1=O)c1cc(ccn1)Cl,0.808412213,2.678878715,328.715,0.7961,-8,-7.6
c1cc(ccc1Cl)C1=C(Nc2cc(Cl)ccc2)C(NC1=O)=O,0.845852495,2.14813502,333.174,3.473,-8,-8.4
C1CC1C(Nc1cc(ccn1)C1C(=O)NC(C=1c1ccc(OC)c(OC)c1)=O)=O,0.727466595,2.405427315,393.399,2.0145,-8.9,-7.5
c1ccc(C2=C(c3cc(Cl)cc(C(=O)O)c3)C(NC2=O)=O)cc1,0.848758736,2.187303475,327.723,2.6054,-8.4,-7.9
c1c(ccc(Cl)c1)C1C(=O)NC(C=1c1cn(c2ccccc21)C)=O,0.72915021,2.217076243,336.778,3.3989,-8,-8.5
C1CCC(CC1C(N)=O)Nc1nccc(C2C(=O)NC(C=2c2ccc(Cl)cc2)=O)c1,0.638325626,3.304229616,424.888,2.7582,-9.1,-9
C1(=O)C=C(C(=O)N1)c1nc(ccc1)NC1CC1,0.74818516,2.73098389,229.239,0.6957,-7.1,-6.8
c1cc(C2C(NC(=O)C=2Nc2ccc(cc2)Cl)=O)ccn1,0.852579125,2.242972851,299.717,2.2146,-7.9,-7.4
c1(cc(-c2nc(ncc2)NC2CCC(CC2)O)ccc1)C(N)=O,0.800843638,2.240449563,312.373,1.9579,-8.6,-8.1
c1(C2=C(c3ccnc(NC4CCOCC4)c3)C(NC2=O)=O)cc(ccc1)O,0.716234787,2.644270341,365.389,1.9453,-9,-8.8
n1(cc(C2C(=O)NC(=O)C=2c2cc(c(cc2)OC)OC)c2cc(F)ccc21)C,0.706945657,2.394290385,380.375,2.9018,-8.4,-8.4
C1CC1NC(C1CN(CCC1)c1nccc(C(N)=O)c1)=O,0.852281102,2.604555296,288.351,0.6755,-7.3,-7.2
O=C1NC(=O)C(c2cncc(c2)C2CC2)=C1Nc1ccccc1,0.851177146,2.445928584,305.337,2.4386,-7.9,-8.1
c1(NC2CCC2)nccc(C2=C(c3cc(ccc3)F)C(NC2=O)=O)c1,0.841806812,2.45798103,337.354,2.7523,-8.8,-8
C1(C(=O)NC(C=1c1ccc(F)c(c1)F)=O)c1cc(ncc1)NC1CC1,0.838515013,2.512911676,341.317,2.5013,-8.7,-8.2
C1(CCOCC1)Nc1nccc(c1)C1=C(c2ccc(cc2)F)C(NC1=O)=O,0.81135624,2.535260281,367.38,2.3788,-9.2,-8.9
C(O)(c1ccc(cc1)CN1Cc2cc(Cl)ccc2CC1)=O,0.941500426,1.81114362,301.773,3.5965,-7.8,-7.9
NC1CCC(CC1)Nc1nccc(-c2nc(c(cn2)Cl)OC)c1,0.894365594,2.604693619,333.823,2.8824,-7.8,-7.2
c1c2c(n(C)c(-c3cc(NC4CCN(CC4)C)ncc3)nc2ccc1)=O,0.78709908,2.310497182,349.438,2.5016,-8.7,-8.7
Cc1c(C2=C(C(=O)NC2=O)c2cc(ncc2)NC2CCOCC2)cccc1,0.816294316,2.541705843,363.417,2.54812,-9,-8.9
c1(C2=C(C(NC2=O)=O)c2ccnc(Nc3ccc(cc3)F)c2)ccncc1,0.699139203,2.399543122,360.348,2.9265,-9.6,-8.8
c1cc(C2C(NC(C=2c2ccc(c(c2)OC)OC)=O)=O)c(cc1)Cl,0.866866848,2.086626145,343.766,2.9244,-7.5,-7.9
C1CC1C(=O)Nc1n[nH]c2c1cc(cn2)-c1cnc(C)cc1,0.777324428,2.431664017,293.33,2.67682,-8.6,-8.3
c1c(-c2ccnc(c2)Nc2ccccc2N)cccc1,0.698522313,1.794313188,261.328,4.0744,-8,-8.3
Fc1cc(Cl)ccc1N1C(=O)C(=C(c2ccccc2)C1=O)c1ccccc1,0.604621824,2.084473614,377.802,4.9633,-8.7,-8.9
C1C(C1)C(Nc1cc(ccn1)C1=C(C(=O)NC1=O)c1cc(Cl)c(Cl)cc1)=O,0.768650722,2.451649039,402.237,3.3041,-9,-8.7
c1c(cncc1C1C(NC(=O)C=1c1[nH]cc(n1)-c1ccnc(c1)NCCO)=O)F,0.458112358,3.179448425,394.366,0.9772,-8.9,-8.7
C1(C(NC(C=1c1cc(ncc1F)NC1CCC1)=O)=O)c1cc(C)ncc1,0.82603372,2.752822113,352.369,2.45572,-9,-8.4
C1CNCCC1CCC(Nc1nccc(c1)C1C(NC(C=1c1ccc(cc1)F)=O)=O)=O,0.621418775,2.611321335,422.46,2.5062,-9.1,-8.6
c1c(NC2CCOCC2)nccc1-c1c2c([nH]n1)ccc(Cl)c2,0.765812326,2.451565339,328.803,3.8692,-8.4,-8.4
c1cc2c(C(CCC2)(C)C)cc1C1C(=O)NC(C=1c1cc(F)ccc1)=O,0.832995716,2.529007572,349.405,4.0068,-9.6,-9.7
c1(F)cccc(c1)C1C(NC(C=1c1ccnc(c1)NC1CCOCC1)=O)=O,0.81135624,2.588614128,367.38,2.3788,-9.2,-9
c1c(cc(nc1)NC1CCOCC1)C1C(NC(=O)C=1c1cc(ccc1)F)=O,0.81135624,2.588614128,367.38,2.3788,-9.1,-9
C1COCCN1c1ccc(Nc2nccc(c2)-c2n[nH]c(=O)n2-c2cc3c2cccc3)cc1,0.436215657,2.765516242,438.491,3.5734,-9.7,-9.7
Fc1ccc(cc1)Nc1cc(-c2n(C)c([nH]n2)=O)ccn1,0.771982009,2.32480362,285.282,2.0531,-8.2,-7.8
n1ccc2cnc(cc2c1NCCCO)-c1ccc(cc1)F,0.70989266,2.228863261,297.333,3.2302,-7.5,-7.4
c1cc(C)c(-c2cc3C(NCc3[nH]2)=O)nc1NC1CCOCC1,0.811775319,2.982081908,312.373,2.21942,-8,-8.1
c1cncc(c1)C1=C(c2ccnc(Nc3cc(F)ccc3)c2)C(NC1=O)=O,0.699139203,2.45604963,360.348,2.9265,-9.5,-8.9
c1c(cc(NC2CCC(CC2)OC)nc1)C1C(NC(=O)C=1c1ccc(cc1)F)=O,0.760531198,2.590231187,395.434,3.1574,-8.9,-9.6
n1[nH]c(-c2cc(ncc2)NC2COC2)nc1-c1cc(C)[nH]n1,0.671689214,2.958988261,297.322,1.37592,-7.8,-7.5
n1cnc(cc1NC1CCOCC1)C1C(NC(C=1c1ccc(cc1)Cl)=O)=O,0.785469677,2.668346672,384.823,2.2881,-8.6,-8.7
COc1cc(C2C(=O)NC(=O)C=2c2cc3ccccc3cc2)ccc1OC,0.72514989,2.132971117,359.381,3.4242,-9,-8.7
C1(c2c(cccc2)NC2=C(C(=O)NC2=O)c2cccc(c2)Cl)CC1,0.835694555,2.356948867,338.794,3.697,-8.6,-8
c1(ccc(cc1C1=C(C(NC1=O)=O)c1ccc(nc1)NCCCO)Cl)Cl,0.519607397,2.529373641,392.242,2.7499,-7.5,-6.9
c1c(Nc2cc3c(OCCO3)cc2)nccc1C1=C(C(=O)NC1=O)c1ccc(F)cc1,0.633502268,2.508122165,417.396,3.3027,-9.8,-9.3
c1cc(ccc1F)C=C1C(NC(=N1)Nc1cc(ccc1)O)=O,0.745516848,2.548103577,297.289,2.4701,-8,-7.8
c12[nH]nc(NC(=O)CCC)c1ccc(Cl)c2,0.862393524,2.117502322,237.69,2.9549,-6.9,-6.4
Cc1cc(C)cc(c1)C1=C(c2ccncc2)C(=O)NC1=O,0.85721849,2.316980778,278.311,2.26564,-8.2,-8.1
n1[nH]c(nc1NC(=O)CC)-c1cc(NC(=O)C)ncc1,0.774295639,2.443439696,274.284,1.1736,-7.4,-6.8
CC(C)(C)C(=O)Nc1c2c(n[nH]c2ncn1)C(C)C,0.869381154,2.871469758,261.329,2.4609,-7.2,-6.8
c1ccccc1C1=C(C(NC1=O)=O)c1c2c(cccn2)ccc1,0.740352516,2.135377201,300.317,2.802,-8.3,-8.1
c1c(cc(-c2cc(ncc2)NC2CCOCC2)nc1)C(=O)N,0.898456842,2.373910376,298.346,1.8334,-7.7,-8
c1(cc(nc(c1)C1C(NC(C=1c1ccc(Cl)cc1)=O)=O)NCCCO)Cl,0.519607397,2.638885338,392.242,2.7499,-7.7,-7.6
C1NC(CCC1)CSc1n(C)c(=O)c2cnn(C)c2n1,0.672719141,3.164503077,293.396,0.9012,-7,-6.8
N1(CCCC1)C1CC=CC=1c1cc(ncc1)NC1CCOCC1,0.924096161,2.909864857,311.429,3.4393,-7.8,-8.4
c1cc2c(ccc(n2)-c2[nH]c(c(C(N)=O)n2)-c2ccc(F)cc2)cc1,0.60170827,2.318626236,332.338,3.5299,-9.5,-8.4
c1(-c2ccc(cc2)F)cc2n[nH]c(=O)n2c(c1)NC1CCOCC1,0.774474956,2.680346211,328.347,2.4196,-8.9,-8.6
C1N(CCOC1)c1cc(ccn1)C1C(NC(=O)C=1c1ccc(Cl)c(Cl)c1)=O,0.797205438,2.494621866,404.253,2.7922,-9.1,-8.9
c1cc2c(cc1)c(N=CC1C(NC(=O)NC1=O)=O)n[nH]2,0.535714639,3.040465593,271.236,0.2474,-8.2,-8.2
n1ccc(C2=C(c3cccc(F)c3)C(NC2=O)=O)cc1NC1CCC1,0.841806812,2.45798103,337.354,2.7523,-8.8,-7.9
n1c(NC2CCOCC2)cc(-c2n[nH]c(n2-c2cc3c(cccc3)cc2)=O)cc1,0.560847365,2.543330396,387.443,3.3667,-9.6,-9.8
c1cccc(C2C(NC(=O)C=2c2cccc(C(=O)N)c2)=O)c1Cl,0.845401601,2.15161285,326.739,2.0061,-8.3,-8.1
c1ccc(C2=C(c3ccnc(c3)NC3CCOCC3)C(NC2=O)=O)cc1C#N,0.794599401,2.69467934,374.4,2.11138,-9.5,-9.2
C1(=C(C(=O)NC1=O)c1cccc(c1)OC)c1ccnc(c1)NC1CCCOC1,0.774833116,3.018920872,379.416,2.2483,-9.2,-8.7
c1cc(ncc1-c1ccc(F)cc1)NC1C(=O)NC(C=1c1cn(C)c2c(F)cccc21)=O,0.480187071,2.731184397,430.414,3.9981,-9.6,-8.7
c1cccc(C2C(NC(C=2c2c3cc(SC)ccc3[nH]c2)=O)=O)c1,0.569494854,2.398748523,334.4,3.457,-9.2,-8.5
C1CCC(CCC(Nc2n[nH]c3c2c(C)c(cn3)-c2ccc(F)cc2)=O)CC1,0.624877419,2.515800707,380.467,5.37142,-9.4,-8.8
c1(NC(OC)=O)cc(ccn1)C1=C(C(NC1=O)=O)c1ccc(F)cc1,0.832023663,2.390788599,341.298,1.9662,-8.4,-8.2
C(N)(c1c(nc([nH]1)-c1ccnc(NC2CCC(N)CC2)c1)C)=O,0.681771065,2.799566519,314.393,1.56082,-8.3,-7.7
c1cc(C2C(NC(C=2c2ccnc(NC3CCCC3)c2)=O)=O)ccc1Cl,0.808919745,2.395863336,367.836,3.6567,-9,-8.7
C1(CCCC1)Nc1c2c(ncc1C(=O)N)[nH]nc2-c1cccc(c1)C,0.680638362,2.580912775,335.411,3.38672,-7.9,-8
c1(cc(ncc1)NC(C1CC1)=O)-c1cc(Nc2ccc(F)cc2)ncc1,0.718197326,2.126210413,348.381,4.3748,-8.7,-8.3
c1(C#N)cc(ccc1)C1C(NC(C=1c1ccncc1)=O)=O,0.842226826,2.360787467,275.267,1.52048,-8.1,-7.7
c1cc(C2=C(c3ccc(Cl)cc3)C(NC2=O)=O)nc(Nc2ccccc2)n1,0.681286119,2.289712944,376.803,3.4408,-8.7,-9
C(=O)(N)Nc1cc(-c2ccc(Cl)cc2)nc(C2CCCC2)n1,0.899334649,2.249488192,316.792,3.9452,-8.5,-8.4
C(C)C(=O)Nc1n[nH]c2c1cc(cc2)-c1c(F)cccc1F,0.771543737,2.258676459,301.296,3.8566,-8.7,-8.4
c1c(cc(c(c1)O)OC)C=C1C(NC(S1)=Nc1ccccc1C)=O,0.837664019,2.721426469,340.404,3.60082,-7.9,-7.9
c12cc3c(C#N)cn(c3nc2cccc1)CC1OCCC1,0.722216488,2.884660339,277.327,3.24018,-8.5,-8
NC(=O)c1cc(ccn1)-c1ccnc(c1)NCC1CCOCC1,0.8819224,2.430436673,312.373,2.081,-7.8,-7.6
C1COCCC1Nc1nccc(c1)C1C(NC(C=1c1cc(F)ccc1)=O)=O,0.81135624,2.588614128,367.38,2.3788,-9.1,-8.9
C1(c2cc(on2)-c2ccccc2)=C(C(NC1=O)=O)c1ccncc1,0.749254565,2.447188848,317.304,2.3038,-8.9,-8.5
C1(n2c(=O)[nH]nc2-c2ccc3c(c2)C(=O)NCCC3)CCCCC1,0.889247174,2.616693463,326.4,2.4196,-9.6,-8.7
c12c(ccc(c2)Br)nc(C(=O)NCC2CCCO2)n1C(C)C,0.903608939,2.930857197,366.259,3.2885,-7.7,-7
N(C1=C(C(NC1=O)=O)c1cc(ncc1)NC1CCC1)c1cc(ccc1)Cl,0.705893986,2.526884999,368.824,3.179,-8.8,-8.3
c1cccc(c1)C1=C(c2cccc3ccccc32)C(=O)NC1=O,0.737112938,1.958061702,299.329,3.407,-8.7,-8.4
c1cc(cc2c1[nH]nc2NC1CCOCC1)-c1ccc(cc1Cl)F,0.728240789,2.417961595,345.805,4.6133,-9,-8.5
c1c(nccc1C1C(NC(C=1c1ccc(cc1)Cl)=O)=O)Nc1ccccc1,0.674840925,2.231207619,375.815,4.0458,-8.8,-9.2
c1ccc(c(c1)N=C1NC(=O)C(=Cc2ccc(O)c(Cl)c2)S1)C,0.800638535,2.801377169,344.823,4.24562,-8,-8
c1cc2c(cc1)OCC(Nc1cc(nn1-2)-c1ccncc1)=O,0.746699359,2.666354126,292.298,2.2652,-8.1,-8.4
C1(C(NC(=O)C=1c1ccc(Cl)cc1)=O)Nc1cc(-c2ccncc2)ccn1,0.682561352,2.470394601,376.803,3.2766,-8.6,-8.9
Fc1ccc(cc1)C1=C(c2nc(NC3CCOCC3)ccc2)C(NC1=O)=O,0.81135624,2.565633062,367.38,2.3788,-8.8,-9
c1c(cccc1)C1=C(C(=O)NC1=O)c1c(OC)c(ccc1)OC,0.880044342,2.105695276,309.321,2.271,-8.1,-7.6
O=C1C(=C(c2cccc(OC)c2)C(N1)=O)c1cccc(F)c1,0.885129722,2.097864548,297.285,2.4015,-7.8,-7.6
O=c1[nH]nc(n1-c1ccc(cc1)F)-c1ccnc(c1)Nc1ccccc1,0.592337539,2.203023214,347.353,3.5053,-9,-8.2
c1ccc(Cl)cc1Nc1nccc(-c2n(C)nc(c2)C(=O)N)c1,0.770999656,2.350825453,327.775,2.978,-8.4,-8
c1c(F)cc(cc1)C1=C(Nc2ccc(F)cc2)C(=O)NC1=O,0.856067072,2.168500032,300.264,2.4444,-8.1,-7.9
CCC(=O)Nc1nccc(c1)C1=C(C(=O)NC1=O)c1ccnc(c1)NC(=O)C1CC1,0.627807444,2.641442165,405.414,1.7408,-9.6,-8.1
c1(C2=C(c3cn(c4c3cccc4)C)C(NC2=O)=O)ccnc(c1)NCCO,0.598588446,2.596033255,362.389,1.5447,-8.4,-8.3
c12c(CCC2)n(c2c1cnc1ccc(cc21)O)C(C)C,0.723516032,2.695975714,266.344,3.9647,-7.9,-8.4
C1(C(=O)NC(C=1c1cc(NC2CCOCC2)ncc1)=O)c1ccc(cc1)Cl,0.793382813,2.530676849,383.835,2.8931,-9,-9.1
O=C1NC(C(c2cccc(c2)F)=C1c1cc(NC2CCC2)ncc1)=O,0.841806812,2.45798103,337.354,2.7523,-8.8,-8.3
c1cc(Cl)ccc1CN1CCC2(CC1)N(Cc1c2cccc1)C,0.812557923,2.699480043,326.871,4.2767,-8.6,-8.3
c1c(F)c(cc2c1c(-c1cc(NC(C3CCOCC3)=O)ncc1)n[nH]2)F,0.753078452,2.534900874,358.348,3.2682,-9.5,-8.4
N(C1CCC1)c1cc(ccn1)C1C(=O)NC(C=1c1cc(ccc1)OC)=O,0.811326201,2.423697473,349.39,2.6218,-8.8,-8.1
c1cc(ccc1F)C1=C(C(NC1=O)=O)c1ccnc(NC2CCOCC2)c1,0.81135624,2.535260281,367.38,2.3788,-9,-9
c1c(Cl)sc(c1)C=C1C(NC(=Nc2ccccc2)S1)=O,0.838450917,2.94289988,320.826,4.2931,-7.4,-7.1
c1c(-c2cc(ncc2)NC2CCOCC2)cc(NC(C2CC2)=O)nc1,0.87604076,2.383710667,338.411,3.083,-8.5,-7.5
c1cc(cc(F)c1)Nc1nccc(-c2ccnc(NC(C3CCOCC3)=O)c2)c1,0.673436783,2.357573881,392.434,4.3914,-9.6,-8.7
C1(=O)C(c2ccc(Cl)cc2)(C(N1)=O)c1cccc(NC2CCCCC2)c1,0.632466738,2.393463336,368.864,4.0271,-9.4,-8.9
C1CC(Nc2scc(-c3ccc(Cl)cc3)n2)CCC1O,0.893841351,2.12487866,308.834,4.1789,-7.5,-7.2
c1c(C2C(C(NC=2c2cc(ncc2)NC2CC2)=O)=O)cc(nc1)NC1CC1,0.682812937,2.826280407,361.405,2.1924,-8.6,-8
C1CC1C(=O)Nc1cc(C2C(=O)NC(=O)C=2c2ccc(F)cc2)ccn1,0.826296828,2.34537343,351.337,2.1364,-8.9,-8.6
c1cc(ccn1)Nc1nccc(C2=C(C(NC2=O)=O)c2ccc(F)c(F)c2)c1,0.681995073,2.542459852,378.338,3.0656,-9.4,-9
c1(nccc(c1)C1=C(C(NC1=O)=O)c1cc(C)c(C)cc1)NC1CCOCC1,0.801166548,2.603710045,377.444,2.85654,-9.4,-9.4
c1cc2c(NC3CCCNC3=O)ncnc2cc1-c1cccc(F)c1F,0.757611093,2.892954099,354.36,3.2655,-9,-9.3
N#Cc1cc(ccc1)C1=C(C(=O)NC1=O)c1ccc(F)cc1,0.863118447,2.209625342,292.269,2.26458,-8.9,-8
C1(C(=O)NC(=O)C=1c1c2ccc(Br)cc2n(C)c1)c1ccncc1,0.693677419,2.533589139,382.217,2.903,-8.9,-7.5
c1c(C2=C(c3c(F)cccc3)C(NC2=O)=O)ccnc1NC(C1CC1)=O,0.826296828,2.382646139,351.337,2.1364,-8.4,-8.5
C1(C(N2CCC2)=C(c2c3c(cc(cc3)Cl)n(c2)C)C(N1)=O)=O,0.861319779,2.629550596,315.76,1.9049,-8.1,-7.3
c1cnc(Nc2cc(ncc2)-c2ccnc(c2)OC)cc1,0.793160423,2.222243372,278.315,3.2908,-7.6,-7.4
c1cc(cc(NC(=O)C)c1)C1=C(C(NC1=O)=O)c1ccc(cc1)Cl,0.843550627,2.098967821,340.766,2.8656,-8.5,-8
c1(-c2ccnc(c2)NC2CCOCC2)n[nH]c(=O)n1-c1cc2c(cc1)cccc2,0.560847365,2.543330396,387.443,3.3667,-9.4,-9.8
c1cc(cc(C2=C(c3ccnc(NC4CCOCC4)n3)C(=O)NC2=O)c1)OC,0.760421373,2.623082758,380.404,1.6433,-9,-8.5
c1(cc(cc(c1)F)C1C(=O)NC(=O)C=1c1cc(ncc1)NC1CCOCC1)F,0.790955113,2.717738314,385.37,2.5179,-9.3,-9.3
c1(=O)n(C)cc(cc1)-c1c(cccn1)C1C(NC(=O)C=1c1ccccc1)=O,0.727347451,2.477529958,357.369,2.0145,-8.5,-8.6
c1c(C2=C(c3cn(c4ccccc43)C)C(NC2=O)=O)ccc(c1)Cl,0.72915021,2.217076243,336.778,3.3989,-8.1,-8.5
c1cc(ccc1F)-n1c(nnc1SCC(NC1CCCCC1)=O)-c1ccc2c(OCO2)c1,0.558437078,2.308069762,454.527,4.3431,-9.1,-8.8
c1cc(cc(C(N)=O)c1)C1=C(c2ccnc(NC(=O)C)c2)C(NC1=O)=O,0.698803316,2.445075643,350.334,0.7061,-9.2,-8.7
c1cc(NC2CCCC2N)ccc1C1=C(c2ccc(cc2)Cl)C(NC1=O)=O,0.709920349,3.07772722,381.863,3.1989,-8.9,-8.3
N1C(C(=C(C1=O)c1c2c([nH]n1)ccc(c2)Br)c1ccc(cc1)F)=O,0.665334757,2.454374885,386.18,3.0317,-8.4,-8.6
C1(CCCC1)Nc1cc(C2C(=O)NC(=O)C=2c2ccc(cc2)Cl)ccn1,0.808919745,2.395863336,367.836,3.6567,-8.7,-8.9
c1(C2=C(c3cn(C)c4c3cccc4)C(NC2=O)=O)ccc(cc1)Cl,0.72915021,2.217076243,336.778,3.3989,-8.1,-8.5
c1(-c2ccnc(c2)Nc2ccccc2)n[nH]c(n1-c1cc2c(cc1)cccc2)=O,0.481383038,2.271718768,379.423,4.5194,-9.5,-9.8
c1ccc(C2=C(C(NC2=O)=O)c2c3c([nH]n2)cc(cc3)Cl)cn1,0.707188073,2.578994318,324.727,2.1785,-8.7,-8.3
c1c(ccnc1NC(=O)C1CC1)C1C(NC(C=1c1ccc(cc1)F)=O)=O,0.826296828,2.34537343,351.337,2.1364,-9.1,-8.2
S1C(NC(C1=Cc1ccnc(c1)Nc1ccccc1)=O)=O,0.851575336,2.306162158,297.339,3.1491,-7.9,-7.8
c1(C2C(=O)NC(=O)C=2c2ccnc(Nc3ccc(F)cc3)c2)ccc(cc1OC)OC,0.594291297,2.395158424,419.412,3.5487,-9.9,-8.4
C1(=C(c2ccnc(NC3CCOCC3)c2)C(NC1=O)=O)c1ccc(cc1)Cl,0.793382813,2.530676849,383.835,2.8931,-8.8,-9
c1ccccc1C1=C(C(=O)NC1=O)Nc1cc(Cl)ccc1,0.856775357,2.080552851,298.729,2.8196,-7.7,-7.8
C1(C(NC(N1)=O)=O)=Cc1cc(c(cc1)OC)OC,0.614746695,2.146622811,248.238,0.8841,-6.5,-6.6
c1c(C2C(NC(=O)C=2c2ccccc2Cl)=O)cc(nc1C)NC1CCC(CC1)O,0.671104506,2.64048237,411.889,3.32602,-9,-8.6
c1cc(NC2CCOCC2)ncc1C1C(NC(C=1c1ccc(cc1)Cl)=O)=O,0.793382813,2.515609394,383.835,2.8931,-8.8,-8.3
O=C1NC(=O)C(c2ccc(F)c(C)c2)=C1c1ccccc1F,0.866776298,2.203018691,299.276,2.84042,-8.3,-8.4
c1cc(cc(NC2C(=O)NC(C=2c2cc(NC3CCOCC3)ncc2)=O)c1F)C(=O)N,0.513724179,2.784419438,425.42,1.3901,-9.7,-9.2
c1cc(Nc2nccc(c2)-c2ccnc(c2)NC(C2CCOCC2)=O)cc2OCOc12,0.647099788,2.492213737,418.453,3.981,-10,-8.9
C1COCCC1Nc1cc(ccn1)-c1ccnc(c1)NC(C1CC1)=O,0.87604076,2.383710667,338.411,3.083,-8.3,-8.1
c1(C2=C(C(NC2=O)=O)Cl)ccc(-c2ccc(nc2)NC2CCC2)cc1,0.827078723,2.445203566,353.809,3.3193,-8.6,-8.6
Clc1ccccc1CC1C(=O)NC(=O)C=1c1ccccc1Cl,0.872425789,2.314172737,332.186,3.6461,-8.4,-7.8
c1cc(cc(C2=C(C(=O)NC2=O)c2ccc(F)cc2)c1)F,0.861840499,2.065191991,285.249,2.532,-8.2,-7.7
O=C(C1CCCC1)Nc1cc(ccn1)C1C(NC(C=1c1ccc(cc1)F)=O)=O,0.799825333,2.372155622,379.391,2.9166,-8.9,-9.1
C1CC1C(C(=O)N1CCCC1)Nc1nccc(C2CCOCC=2)c1,0.903303867,3.277354776,327.428,2.6982,-7.8,-7.3
c1cc(ccn1)NC1C(NC(C=1c1cc(c(Cl)cc1)Cl)=O)=O,0.847036313,2.401682662,334.162,2.868,-8.1,-7.8
N(=CC1CC1)Nc1cc(-c2nc(NC3CCCC3)ncc2Cl)ccn1,0.593963801,2.807501605,356.861,4.3542,-8.3,-7.6
C1CCC(NC(C)=O)CC=C1c1c(F)cc(-c2cnc(N)cc2)cn1,0.897917868,3.149579443,340.402,3.327,-9.1,-8.9
C1(NC(C(c2ccccc2OC)C1)=O)=Cc1cccc(c1)C(=O)O,0.906619711,2.948158047,323.348,3.038,-8.4,-8.5
c1cc(OC)cc(Nc2nccc(c2)-c2nc(ncc2)NC(C2CC2)=O)c1,0.696725928,2.226620636,361.405,3.6393,-8.5,-8.2
c1c(-c2cc[nH]n2)cc(cc1)NC1C(=O)NC(=O)C=1c1ccccc1,0.641725437,2.651138697,330.347,2.5563,-9.1,-8.5
CCCCNC(Nc1cc(-c2ccnc(OC)c2)ccn1)=O,0.803823402,2.183864017,300.362,3.0738,-7.5,-7
C1(=O)NC(=O)C(=C1c1ccc(Cl)cc1)c1ccnc(NC2CCOCC2)c1,0.793382813,2.530676849,383.835,2.8931,-8.8,-9.1
O=C1C(c2cc(ncc2)NC2CCOCC2)=C(C(=O)N1)c1cccc(c1)Cl,0.793382813,2.579779216,383.835,2.8931,-9,-9
c1c(-c2ccc(Nc3ccccc3)nc2)cc(nc1)NC(=O)C1CCOCC1,0.698081086,2.23342571,374.444,4.2523,-9,-8.3
c1cc(cc(c1F)F)Nc1nccc(c1)C1C(=O)NC(=O)C=1c1ccc(F)cc1,0.659419875,2.404641845,395.34,3.8097,-10.1,-9.1
c1ccnc(c1)C1=C(Nc2ccccc2)C(NC1=O)=O,0.826158389,2.221758766,265.272,1.5612,-7.6,-7.5
c1cc(cnc1NC1CCC(C(NCCC)=O)CC1)-c1ccncc1,0.843711309,2.193991805,338.455,3.6405,-7.8,-7.8
C1(NC(NC1=C1c2c(NC1=O)ncc(c2)C(=O)N)=O)c1cccc(OC)c1,0.599559547,3.368829438,365.349,0.9064,-9.1,-8.8
c1(Cl)ccc(cc1)-n1nnc(c1)C1=C(C(=O)NC1=O)c1ccc(cc1)F,0.720898816,2.436168367,368.755,2.627,-9.3,-9.2
c1nccc(c1)-c1ccnc(n1)Nc1ccc(cc1)F,0.788776935,1.896894413,266.279,3.4213,-7.6,-7.4
C1(=O)NC(=O)C(=C1c1cc(ncc1)NC1CCOCC1)c1ccc(cc1)F,0.81135624,2.535260281,367.38,2.3788,-9,-9
c1cnc(cc1)Nc1cccc(c1)-c1n[nH]c(=O)n1-c1cc2c(cc1)cccn2,0.493399524,2.412149358,380.411,3.9144,-9.1,-9.3
N(C(C1CC1)=O)c1n[nH]c(c1)C1C(=O)NC(C=1c1ccc(F)cc1)=O,0.733134798,2.527345302,340.314,1.4645,-8.4,-8.7
c1c(ccc(c1)CC)-n1c([nH]nc1-c1ccnc(Nc2ccc(cc2)F)c1)=O,0.551387204,2.283518656,375.407,4.0677,-8.9,-8.9
c1cc(F)cc(C2C(NC(C=2c2cc(NC3CCCC3)ncc2)=O)=O)c1F,0.811721282,2.557328759,369.371,3.2815,-9.2,-8.9
COc1ccc2c(NC(C(C)C)=O)n[nH]c2c1,0.853283438,2.118883603,233.271,2.166,-7.2,-6.4
S(c1nnc(-c2ccnc(c2)NC2CCOCC2)o1)CCCCC,0.570617914,2.536448622,348.472,4.0048,-7.6,-7.4
c1cccc(c1)NC1=C(c2cc(ncc2)NC2CCCC2)C(=O)NC1=O,0.723843821,2.429881514,348.406,2.9157,-8.4,-8.4
c1c(cc(nc1)NC(C1CC1)=O)-c1n[nH]c(n1-c1ccc2OCCOc2c1)=O,0.714324696,2.53984857,379.376,1.7423,-9.2,-8.5
c1ccc(nc1N1CCCC(N)C1)C1=C(C(=O)NC1=O)c1ccccc1,0.822354777,2.919317176,348.406,1.5763,-8.8,-9.4
N(c1cc(ccn1)C1C(=O)NC(=O)C=1c1c(Cl)cccc1)C1CCCCC1,0.783688512,2.42273898,381.863,4.0468,-9,-8.9
c1(C2C(=O)NC(C=2c2ccnc(c2)NC2CCCC2)=O)ccnc(c1)NC1CCC1,0.640294273,2.721785439,403.486,3.3627,-9.6,-8.6
c1(cnc2c(nc(cn21)C1CCCCC1)NC1CCOCC1)C(=O)N,0.889116575,2.897913196,343.431,2.4668,-8.4,-8
c1(N2CCOCC2)ccc(Nc2ncc3ccc(=O)n(C(CC)C)c3n2)cc1,0.733011644,2.882739675,379.464,3.3427,-8.6,-8.4
c1(cccnc1)C1=C(c2cc(F)ccc2)C(=O)NC1=O,0.844636013,2.23176033,268.247,1.7879,-8,-7.7
C1OCCC(C1)Nc1cc(C2=C(c3c(OC)ccc(OC)c3)C(=O)NC2=O)ccn1,0.706297347,2.611912136,409.442,2.2569,-9.1,-8.5
c1cc(cc(F)c1)C=C1C(=O)N=C(S1)Nc1cccc(c1)Cl,0.819492011,2.171279401,332.787,4.5615,-8.2,-7.9
c1c(NC(C2CC2)C(=O)N)ccc(C2C(NC(C=2c2ccc(cc2)Cl)=O)=O)c1,0.654079306,2.882202923,395.846,2.583,-8.8,-9
c1cc(C2C(NC(=O)C=2c2c(n(C)c3c(cc(cc3)F)c2)=O)=O)ccc1,0.722451439,2.377944136,348.333,2.2448,-9.1,-9
c1cc(cc(c1)C1=C(O)C(NC1=O)=O)C1=C(c2ccccc2)C(NC1=O)=O,0.711707198,2.524502278,360.325,1.1793,-9.7,-9
c1cc(ccc1C1=C(c2ccccc2)C(NC1=O)=O)OC,0.876798261,1.888820544,279.295,2.2624,-8,-7.7
c12ccccc2CCc2cc(-c3ccnc(c3)NC3CCOCC3)ccc12,0.708386475,2.32381656,356.469,5.1051,-9.6,-10
NC(=O)c1ccc(cc1)OC1CCC(CC1)NC(=O)NC1CCOCC1,0.745723538,2.278532874,361.442,1.9537,-8.4,-7.9
Cc1cc(C2C(NC(C=2c2cc(C)ncc2)=O)=O)c(nc1OC)N1CCC1,0.834180008,2.808591808,364.405,1.87934,-8,-7.6
c1(F)ccc(cc1)C1C(=O)NC(=O)C=1c1cc(NC2CC2)ncc1,0.847539882,2.386561311,323.327,2.3622,-8.2,-7.8
c1(c(cccc1)N)C1=C(C(=O)NC1=O)Nc1ccccc1,0.590068065,2.208477467,279.299,1.7484,-7.8,-7.4
c1nc(cc(c1)C1C(NC(=O)C=1c1cc(C)nc(c1)C)=O)N1CCOCC1,0.831145979,2.643885203,364.405,1.49724,-9.1,-8.4
c1(cccc2c(NC3CCOCC3)nccc12)C(N)=O,0.893796476,2.254318713,271.32,1.9246,-7.6,-7.7
C1OCCC(C1)Nc1cc(C2C(NC(C=2c2ccc(Cl)c(Cl)c2)=O)=O)ccn1,0.742939941,2.633025814,418.28,3.5465,-9.2,-9.2
n1c(nc(NC2CCOCC2)nc1C#N)C1CCN(C(NC(C)C)=O)CC1,0.823739485,2.857943145,373.461,1.63158,-8.7,-8.2
FC(F)(c1cc(C2=C(C(NC2=O)=O)c2cc(ncc2)NC2CCCC2)ccc1)F,0.759487606,2.556829649,401.388,4.0221,-9.7,-8.6
C(C)OC(N1CCC(Nc2ncc3c(n2)[nH]nc3-c2ccc(cc2Cl)F)CC1)=O,0.667771032,2.643430445,418.86,3.8452,-8.9,-8.2
c1c(cccc1)Nc1nc2c(ccc(n2C)=O)cn1,0.75815328,2.07488251,252.277,2.0721,-8,-7.4
c1(ncnc2c1CCc1c-2[nH]nc1-c1ccc(F)cc1)NC1CCOCC1,0.744329538,2.789466923,365.412,3.3623,-9.2,-8.5
c1(N2CCCCC2)ccc(nn1)-c1ccnc(NC(C2CC2)=O)c1,0.936563709,2.205258958,323.4,2.8774,-8.5,-7.8
C1(=C(c2ccc(F)cc2)C(NC1=O)=O)c1[nH]nc(-c2cncnc2)c1,0.707769115,2.678014698,335.298,1.573,-8.7,-8.8
O=C(N)c1cncc(-c2ccnc(c2)NC(C2CC2)=O)c1,0.889249919,2.177984168,282.303,1.591,-7.8,-8.2
n1(cc(c2ccc(cc21)-n1c([nH]nc1-c1ccnc(Nc3ccccc3)c1)=O)C#N)C,0.472358224,2.692399088,407.437,3.72958,-9.3,-8.9
c1(NC2CCOCC2)nccc(C2=C(C(=O)NC2=O)c2ccc(Cl)cc2)c1,0.793382813,2.530676849,383.835,2.8931,-8.9,-9
c1cc(ccc1F)C1=C(C2=C(c3cc(Cl)ccc3)COC2=O)C(=O)NC1=O,0.653123599,2.57847495,383.762,2.8997,-8.8,-7.8
c1(ccc(cc1)Cl)Nc1cc(-c2n(c(=O)[nH]n2)-c2ccc3c(cccc3)c2)ccn1,0.425733538,2.324319837,413.868,5.1728,-9.4,-8.9
n1cnc(c2CCN(Cc12)C1CCOCC1)Nc1ccc(F)c(Cl)c1,0.904472871,2.595737011,362.836,3.5498,-8.8,-8.2
c1cc(cc(c1)C(N)=O)C1C2=C(CCC2=O)Nc2ccccc12,0.895656572,2.793082704,304.349,2.9599,-9.5,-8.5
N(C1CCOCC1)c1ccc(C2=C(c3cc(OC)c(OC)c(c3)OC)C(=O)NC2=O)cc1,0.642089091,2.522501556,438.48,2.8705,-8.6,-7.6
c1c(C2=C(c3cccc(c3)OC)C(=O)NC2=O)ccc(F)c1,0.885129722,2.030741968,297.285,2.4015,-8.2,-7.9
CC(Nc1c2c(nc(-c3ccccc3)n1)[nH]nc2NC(CCC)=O)C,0.63830179,2.503230651,338.415,3.5788,-8.7,-7.6
n1(c(=O)ccc2c1nc(nc2)NC1CCCN(C1)C)-c1cccc(F)c1F,0.766751293,3.057016845,371.391,2.565,-8.9,-8.5
C(C)(Nc1n[nH]c2c1cc(cc2)-c1ccnc(c1)NC1CCCC1)=O,0.674280556,2.405371363,335.411,3.9378,-9.1,-8.8
c1(C2=C(c3ccc(C(N)=O)cc3)C(=O)NC2=O)ccnc(NC2CCOCC2)c1,0.659982577,2.590015987,392.415,1.3386,-9.3,-9.6
c1ccncc1C1C(NC(=O)C=1c1cc(NC2CCOCC2)ncc1)=O,0.814437546,2.659108234,350.378,1.6347,-8.8,-8.5
c1cc(F)cc(c1)Nc1nccc(c1)-c1n[nH]c(=O)n1-c1ccc2c(cccc2)c1,0.462556728,2.372192914,397.413,4.6585,-9.5,-10
C1COCCC1Nc1nccc(C2C(NC(=O)C=2c2ccc(cc2)Cl)=O)c1,0.793382813,2.530676849,383.835,2.8931,-8.6,-8.9
c1cc2ccccc2nc1NC1CCC(NC(=O)NC(C)C)CC1,0.80301457,2.145688991,326.444,3.6655,-8.3,-7.9
c1c(ncc(c1)-c1ccc2CCN(c2n1)C(C1CC1)=O)NC(=O)C,0.941339294,2.434377374,322.368,2.4011,-8.6,-8.3
n1(-c2ccc3c(c2)cccc3)c(-c2ccnc(NC3CCOCC3)c2)c[nH]c1=O,0.556659178,2.60851358,386.455,3.9717,-8.8,-9.8
c1(Nc2nccc(-c3ccc(F)cc3)c2)cc(n[nH]1)C1CCC(OC)CC1,0.664923337,2.67967825,366.44,5.027,-9.2,-8.6
c1(nccc(c1)-c1ccnc(NC(C2CC2)=O)c1)NC1CCC1,0.887464199,2.233409004,308.385,3.4565,-8.2,-7.4
C1CCN(C1C(N)=O)C(=O)C1CCCN(c2c3cc(Br)ccc3sn2)C1,0.801190925,3.245273472,437.363,2.7515,-8.5,-8.3
c12c(c(n[nH]1)NC1CCOCC1)cnc(NC1CCC(O)CC1)n2,0.674112463,2.842148297,332.408,1.6592,-8.4,-7.8
c1c(C2=C(C(=O)NC2=O)c2ccnc(c2)NC2CCCCC2)ccnc1NC1COCCC1,0.583176359,3.293138724,447.539,3.3793,-10.6,-9.2
c1cc(F)cc(c1F)-c1ccnc(NC2CCC(CC2)N2CCCC2)c1,0.848101621,2.31041289,357.448,4.8457,-8.8,-8.8
c1c(C2C(=O)NC(C=2c2ccncc2)=O)cc(C)c(OC(C)C)c1,0.878956854,2.367771266,322.364,2.74442,-7.9,-7.8
n1c(NC2CCOCC2)cc(nc1C1CCCC1)-c1cc(Nc2ccccc2)ncc1,0.551417526,2.559525044,415.541,5.5307,-9.7,-8.6
c1c(ccc(-n2c([nH]nc2-c2cc(ncc2)NC2CCCCC2)=O)c1)F,0.752588492,2.379015117,353.401,3.5063,-9,-8.7
C1CN(CCO1)CCNC1C(=O)NC(=O)C=1c1cc(ccc1)NC1CCOCC1,0.576454682,2.683683383,400.479,0.5668,-8.4,-8.2
c1c(nccc1NC1CCC(O)CC1)-c1n[nH]c(n1-c1ccc2ccccc2c1)=O,0.486480278,2.626970012,401.47,3.4912,-9.8,-10
C1(CCC(NC(=O)NCC)CC1)NC(=O)N1Cc2c(C1)cnc(n2)NC1CC1,0.614569731,2.659546391,387.488,1.7064,-7.8,-7.4
C1C(CCOC1)Nc1nccc(-n2nc(ccc2=O)C)c1,0.926308527,2.455319282,286.335,1.52682,-7.6,-7.6
c1ccc(-c2ccc3c(COC4C3NC(C=C4)=O)c2)cc1F,0.877577167,3.51864245,295.313,3.1186,-8.8,-9.3
c1([nH]nc(n1-c1cc(ncc1)NC1CCCC1)-c1ccnc(Nc2ccccc2)c1)=O,0.439699591,2.569327784,413.485,4.1157,-9.4,-8.4
c1(-c2ccnc(c2)Nc2cc(F)ccc2)cc(Nc2ccccc2)ncc1,0.476514629,2.082004616,356.404,5.7699,-9,-9
C1(=C(c2cc(ncc2)NC2CCOCC2)C(NC1=O)=O)c1ccc(F)cc1,0.81135624,2.535260281,367.38,2.3788,-9,-9
c1(C2=C(Nc3cccc(c3)Cl)C(NC2=O)=O)ccnc(NC2CCOCC2)c1,0.670604368,2.652026348,398.85,2.8055,-8.4,-8.7
c1(C2C(NC(=O)C=2c2ccnc(NC3CCC3)c2)=O)cccc(Cl)c1,0.827499606,2.448275071,353.809,3.2666,-8.8,-8.5
c1cc(OC)c(C2=C(C(=O)NC2=O)c2cc(NC3CNC3)ncc2)cc1,0.698114288,2.573307036,350.378,1.0411,-8.1,-8.2
c1c(C2=C(c3ccnc(c3)NC3CCOCC3)C(=O)NC2=O)ccc(Cl)c1,0.793382813,2.530676849,383.835,2.8931,-8.7,-9.1
C(NC1CCCCC1)c1ccc(Oc2ccc3c(cccc3)c2)nc1,0.674421133,2.007914621,332.447,5.4494,-9,-8.2
C1OCCC(C1)Nc1nccc(c1)C1C(NC(=O)C=1c1ccc(Cl)cc1)=O,0.793382813,2.530676849,383.835,2.8931,-8.9,-9
N1C(C(c2cc(ccc2)Cl)=C(c2ccc(F)cc2)C1=O)=O,0.866674616,2.053511939,301.704,3.0463,-8.3,-7.8
N1C(=O)C(=C(C1=O)c1ccnc(c1)NC1CCOCC1)c1ccc(F)cc1,0.81135624,2.535260281,367.38,2.3788,-9,-9
Cc1cc(-c2sc3c(n2)cc(cc3)C2C(NC(C=2N)=O)=O)cnc1,0.697530738,2.758676695,336.376,1.99292,-9.3,-8.5
C1CC(CCC1N1CCOCC1)NC1=C(c2cc(F)ccc2)C(=O)NC1=O,0.781638076,2.636324778,373.428,1.4262,-8.1,-8.8
c1cc(C2C(NC(C=2c2cc(NC3CCOCC3)ncc2)=O)=O)cc(c1)NC1CCOCC1,0.58432301,2.817705915,448.523,2.8306,-10,-9.5
C1(Cl)=C(c2cccc(n2)NC2CCOCC2)C(=O)NC1=O,0.822309133,2.751459005,307.737,1.2788,-7.8,-7.7
N(c1cc(C2C(NC(C=2c2ccc(F)cc2)=O)=O)ccn1)C1CCOCC1,0.81135624,2.535260281,367.38,2.3788,-9.1,-8.9
Clc1cc(C2=C(C(NC2=O)=O)c2ccnc(NC3CCOCC3)c2)ccc1,0.793382813,2.579779216,383.835,2.8931,-9,-9
c1(-c2cnc(cc2)C2=C(C(=O)NC2=O)c2cc(ccc2)Cl)c(cccc1)F,0.697674571,2.326650038,378.79,4.1083,-9.6,-9
c1(ccnc(c1)Nc1cc(C2C(=O)NC(C=2c2ccc(cc2)F)=O)ccn1)C,0.685220776,2.480316583,374.375,3.23492,-9.5,-8.6
c1(ncc(C2=C(C(NC2=O)=O)c2ccc(F)cc2)cc1)NC(C1CC1)=O,0.826296828,2.31807754,351.337,2.1364,-8.5,-7.9
Clc1c(Cl)ccc(c1)C1=C(C(=O)NC1=O)c1ccnc(c1)NC1CCCC1,0.748155491,2.503487001,402.281,4.3101,-9.3,-9.1
c1(NC2CCC2)nccc(-c2n[nH]c(n2-c2cc3c(cc2)cc(cc3)F)=O)c1,0.567600231,2.510202416,375.407,3.8793,-8.9,-9.3
c1nc(NC2CCCC2)cc(C2C(=O)NC(C=2c2ccc(F)cc2F)=O)c1,0.811721282,2.523481207,369.371,3.2815,-9.3,-8.7
COc1cccc(c1)C1C(NC(C=1c1cc(ncc1)NC1CCCC1)=O)=O,0.798456144,2.426596376,363.417,3.0119,-9.2,-8.5
c1c(ccc(C(N)=O)c1)C1C(NC(C=1c1cc(NC2CCCCC2)ncc1)=O)=O,0.678851479,2.469736284,390.443,2.4923,-9.9,-9.5
C(NC(C)C)(=O)CN1CCC(CC1)Nc1ncc2c(c1)c(-c1ccc(cc1)F)c[nH]2,0.579513845,2.458245589,409.509,3.7699,-8.7,-9
c1(cccc(c1C)C)C1C(NC(=O)C=1c1cccc(c1)C)=O,0.863801729,2.176481743,291.35,3.17906,-8.9,-8.2
c1ccc(C(N)=O)cc1C1=C(c2cn(c3c2cc(cc3)F)C)C(NC1=O)=O,0.696932498,2.451914885,363.348,1.9835,-8.6,-9.4
c1nc(n(C)c1C1CCCCC1)C1CCN(C(=O)NC2CCCC2)CC1,0.875656638,2.616447506,358.53,4.2994,-8.6,-8.3
c1(cnn(c1)C)C1C(=O)NC(C=1c1cc(ncc1)NC1CCOCC1)=O,0.79517839,2.831629489,353.382,0.9732,-8.6,-8.4
C1(=C(C(=O)NC1=O)c1ccnc(NCCNCCO)c1)c1cccc(c1)Cl,0.402538422,2.591816471,386.839,1.296,-7.9,-7.3
c1nc(NC(C)C)nc(c1-c1nc2c(cc1)cccc2)C1CCC(O)CC1,0.713351773,2.52180821,362.477,4.5306,-9.1,-8.7
c1nc(NC2CCC2)cc(-c2ccn[nH]2)c1Cl,0.877731356,2.579733144,248.717,3.0895,-6.5,-6.4
c1(cccc(n1)NC1CCCC1)C1C(=O)NC(C=1c1cccc(F)c1)=O,0.830425976,2.487705797,351.381,3.1424,-8.7,-8.5
c1cc(NC2CNC2)ncc1C1C(=O)NC(C=1c1ccc(cc1)Cl)=O,0.727683907,2.55518298,354.797,1.6859,-8.2,-8.1
n1c2c(c(cc1C1=C(C(=O)NC1=O)c1cc(Br)ccc1)C#N)ccc(F)c2,0.640568964,2.674927986,422.213,3.57528,-9.4,-8.8
c1(cc(C2=C(c3cc(ncc3)NC3CCOCC3)C(=O)NC2=O)ccc1)Cl,0.793382813,2.579779216,383.835,2.8931,-9.1,-9
N(C1CCCCC1)c1nccc(-c2nc(n[nH]2)-c2ccncc2)c1,0.766441215,2.430705881,320.4,3.6733,-8.6,-8.2
N1C(C(=C(C1=O)c1ccnc(c1)Nc1cc(C)n[nH]1)c1ccccc1)=O,0.630734308,2.788519951,345.362,2.42392,-9.2,-8.6
c1c(C2=C(C(NC2=O)=O)c2cc(ncc2)NC2CCCC2)cc(C)nc1,0.830169003,2.614974105,348.406,2.70672,-9.2,-8.4
c1ccc(C2=C(c3cccc(OC)c3)C(NC2=O)=O)cc1,0.876798261,1.953288236,279.295,2.2624,-7.4,-7.7
c1cc(-c2ccc(F)cc2)cc2C(=O)NCCC(c3ccccc3)=Cc12,0.683468634,2.241854388,343.401,5.1668,-9.8,-9
c12ccccc2c(cn1C)-c1ccnc(NC2CCOCC2)c1,0.799030238,2.332345882,307.397,3.8312,-8.5,-8.8
CC(C(Nc1n[nH]c2c1cc(-c1ccccc1)nn2)=O)(C)C,0.760906437,2.464575466,295.346,3.0045,-8.4,-7.9
c1ccc(Cl)cc1C1=C(c2ccnc(NC3CCOCC3)c2)C(NC1=O)=O,0.793382813,2.579779216,383.835,2.8931,-9,-9
c1c(Cn2c(=O)[nH]nc2-c2ccnc(c2)NC2CC2)cc(NC2CCC2)nc1,0.585159849,2.651402416,377.452,2.6154,-8.5,-7.9
C(Nc1cccc(C2C(=O)NC(C=2c2ccc(Cl)cc2)=O)c1)(C)=O,0.843550627,2.098967821,340.766,2.8656,-8.5,-8.3
c1(ccccc1)CSc1nc(nc2c1[nH]nc2NC(CCC)=O)NC1CCOCC1,0.369602344,2.810186096,426.546,3.9747,-8.6,-8.4
C(O)c1cc(C2=C(C(NC2=O)=O)c2ccc(cc2)Cl)ccc1,0.855146332,2.13822162,313.74,2.3995,-8.4,-7.9
c1cnc(cc1-c1cc(NC(=O)C2CC2)ncc1)Nc1ccccc1,0.73426779,2.063729845,330.391,4.2357,-8.4,-7.9
c1c(ccc(Nc2nccc(c2)-c2n(-c3ccc4ccc(cc4c3)F)c([nH]n2)=O)c1)F,0.442278452,2.447639088,415.403,4.7976,-9.8,-9.1
c1ccc(F)c(c1-c1n[nH]c(n1-c1ccc2c(c1)cccc2)=O)F,0.611917896,2.238839493,323.302,3.659,-8.9,-8.3
Cn1c([nH]nc1-c1c(Cl)ccc(c1)Cl)=O,0.834346663,2.320139498,244.081,2.0822,-6.6,-6.6
c1c(cc2cc[nH]c2n1)Nc1cc(NC(CCC)=O)ncc1,0.673051345,2.468371434,295.346,3.4401,-8,-7.3
C1CCC(CC1)Nc1ccc2c(n[nH]c2c1)C(NCCCO)=O,0.616142091,2.280284434,316.405,2.4197,-8,-7.5
c1c(ccc(n1)NC1CCC(CC1)O)-c1c[nH]nc1-c1ccccc1,0.677313379,2.607887203,334.423,3.8541,-9.2,-8.8
O=C1C(=C(C(N1)=O)c1ccnc(NC2CCCC2)c1)c1ccc(F)cc1,0.830425976,2.400630105,351.381,3.1424,-9.1,-8.7
C1(C(NC(=O)C=1c1cccc(C(NC)=O)c1)=O)c1ccc(F)cc1,0.84482656,2.140510416,324.311,1.7525,-8.3,-8.2
N1C(C(=C(c2cccc(c2)OC)C1=O)c1cn(C)c2c1ccc(F)c2)=O,0.739131264,2.385734021,350.349,2.8932,-8.5,-8
c1(cccc(C2C(=O)NC(C=2c2cc(ncc2)Nc2cc(F)c(cc2)F)=O)c1)F,0.659419875,2.455393064,395.34,3.8097,-10.2,-9.2
O(c1cccc(C2=C(C(NC2=O)=O)c2ccc(cc2)F)c1O)C,0.851068717,2.236872706,313.284,2.1071,-7.7,-7.7
c1(C2C(NC(C=2c2cc(NC3CCOCC3)ncc2)=O)=O)cc(ncc1)CO,0.666433639,2.81976481,380.404,1.127,-8.8,-8.1
C1COCCC1Nc1nccc(-c2n(c([nH]n2)=O)-c2cc3c(cc2)cccc3)c1,0.560847365,2.543330396,387.443,3.3667,-9.6,-9.6
C1(c2cccc(c2)C(N)=O)C(=O)NC(=O)C=1c1cc(C)ccc1,0.845145703,2.171347946,306.321,1.66112,-8.8,-8.1
C1(OC)CCN(CC1)Cc1c2cc([nH]c2ccc1)-c1ccc(cc1)F,0.753789989,2.158154924,338.426,4.5848,-8.5,-7.8
c1c(C)ccc2C(=O)NC(=O)c3c(ccc(c3)OC)-c12,0.735954225,1.988907554,267.284,2.35852,-8.6,-7.8
C1(=C(c2cc(ncc2)NC2CCCC2)C(=O)NC1=O)c1ccc(cc1)F,0.830425976,2.400630105,351.381,3.1424,-8.9,-8.6
c1(NC2CCOCC2)nccc(C2=C(c3ccc(Cl)cc3)C(=O)NC2=O)c1,0.793382813,2.530676849,383.835,2.8931,-8.9,-9.1
c1c(cccc1)C(N1CCc2cc(ccc21)C(=O)NO)=O,0.653633231,1.902680544,282.299,2.0085,-8.1,-8.1
c1c(cccc1C(N)=O)C1C(NC(=O)C=1c1cc(OC)ccc1)=O,0.830382419,2.165280565,322.32,1.3613,-8.1,-8.3
c1(cccc(-c2nc(NC3CCC(CC3)O)ncc2)c1)C(NC1CCC1)=O,0.756661316,2.277620636,366.465,3.1413,-9.2,-8.4
C1(c2ccncc2)=C(C(=O)NC1=O)Nc1cc(ccc1)Cl,0.852579125,2.303205928,299.717,2.2146,-7.9,-7.7
c1cnc(cc1C1C(NC(C=1c1cc(ncc1)NC1CCOCC1)=O)=O)NC1CCCC1,0.601624857,2.834395949,433.512,2.9892,-10,-9.4
NC(=O)c1ccc(cc1)C1C(NC(C=1c1ccncc1)=O)=O,0.814939432,2.212521868,293.282,0.7477,-7.6,-7.9
C1(=O)C(c2ccc(OC)cc2)=C(c2ccc(OC)cc2)C(N1)=O,0.880044342,1.947425217,309.321,2.271,-7.8,-8.2
c1cc(cc(n1)NC(CC)C)C1=C(C(=O)NC1=O)c1ccccc1,0.830826547,2.809564155,321.38,2.8592,-8.1,-7.6
C1(=O)C(c2ccc(cc2)Cl)=C(c2cccnc2)C(N1)=O,0.861026568,2.152477739,284.702,2.3022,-7.7,-7.7
c1ccc(cc1)Nc1cc(ccn1)C1=C(c2ccnc(c2)NC2CCCC2)C(NC1)=O,0.551810837,2.697394172,411.509,4.6153,-10.3,-9
c1c(cccc1)C1=C(C(=O)NC1=O)c1cc(NCCCO)ncc1,0.552645899,2.373084978,323.352,1.4431,-7.8,-7.4
c1cc(NC2CCOCC2)ncc1-c1n(-c2ccc3c(cccc3)c2)c(=O)[nH]n1,0.560847365,2.515013401,387.443,3.3667,-10,-9.1
c1cc(ncc1NC1CCOCC1)-c1[nH]c(C(=O)N)nc1-c1cnccc1,0.63863704,2.736668318,364.409,2.2235,-8.9,-8.2
c1c(-c2c(nc3n2cccc3C)NC2CCC(N)CC2)ccc2c1OCO2,0.740893674,2.659375232,364.449,3.72022,-9.4,-8.6
N1(CCOCC1)CCCCNc1ncc2c(n1)n(c1c2c(ccc1)F)C(C)C,0.626665463,2.651465664,385.487,3.8288,-8,-8.3
c12c(nccc2)n(C(C)C)c(c(C2C(=O)NC(C=2c2ccc(Cl)cc2)=O)c1)=O,0.692708819,2.604306361,393.83,3.198,-9.4,-8.3
n1c(Nc2cc(-c3cc(ncc3)Nc3cc4c(cc3)cccn4)ccc2)scc1C,0.34459313,2.35029322,409.518,6.54892,-9.9,-9.2
c1cc(NC2=C(N3CCCC3)C(=O)NC2=O)cc(c1Cl)Cl,0.837442869,2.476601117,326.183,2.3691,-7.9,-7.3
c1c(ccc2c1cc(Br)cc2)NC1=C(C(NC1=O)=O)c1ccccc1,0.659697118,2.248137775,393.24,4.0819,-9.3,-8.8
N1C(C(=C(c2cc(NC3CCOCC3)ncc2)C1=O)c1cccc(OC)c1)=O,0.774833116,2.557756263,379.416,2.2483,-9,-8.6
O=C1NC(C(=C1c1ccnc(NC2CCOCC2)c1)c1ccc(N(C)C)cc1)=O,0.760074215,2.634785774,392.459,2.3057,-8.5,-9.1
n1cc(ccc1NC1CCC(NC(=O)NC2CCCCC2)CC1)-c1cc(NC2CCC2)ncc1,0.43840299,2.583243554,462.642,5.463,-9.7,-9.1
c1c2ccc(cc2[nH]n1)-c1n[nH]c(=O)n1-c1cc2c(cccc2)cc1,0.522155308,2.395775353,327.347,3.2571,-9,-9.1
c1c(cc(C2=C(C(=O)NC2=O)c2ccnc(c2)NC2CCCC2)cc1)C(N)=O,0.691628795,2.509152929,376.416,2.1022,-9.6,-8.8
n1cc(c(cc1NC1CCOCC1)-c1n[nH]c(n1-c1cc2c(cc(cc2F)F)cc1)=O)Cl,0.477079113,2.875849201,457.868,4.2983,-9.2,-9.3
C1CCC(Nc2cc(ccn2)C2=C(C(NC2=O)=O)c2ccc(Cl)cc2)CC1,0.783688512,2.402686909,381.863,4.0468,-9.2,-9.1
c1c(C2=C(c3ccnc(NC4CCOCC4)c3)C(NC2=O)=O)ccc(Cl)c1,0.793382813,2.530676849,383.835,2.8931,-8.8,-9
O=C1NC(C(c2cccc(Cl)c2)=C1c1ccnc(NC2CCOCC2)c1)=O,0.793382813,2.579779216,383.835,2.8931,-9.1,-9
C1C2(NC(=O)NC2=O)CCC(C1)Nc1nccc(c1)-c1ccccc1,0.752678038,2.893402568,336.395,2.6813,-9.5,-9.3
c1(c(C)nc(C2=C(C(=O)NC2=O)c2cc(ncc2)NC2CCOCC2)cc1)O,0.691263748,2.885616006,380.404,1.64872,-9.3,-9
c1(ccnc(c1)NC1CCOCC1)-c1n[nH]c(C(=O)N)c1-c1ccc(F)cc1,0.63001053,2.636462246,381.411,2.9676,-8.6,-8.6
c1cc(C2C(NC(=O)C=2c2cc(NC3CCOCC3)ncc2)=O)cc(c1)C#N,0.794599401,2.69467934,374.4,2.11138,-9.5,-9.1
O=C(N)c1c2c(cccc2)n(c1)C1C(O)C(O)C(O1)CO,0.599468471,3.346634979,292.291,-0.6483,-7.4,-8
c1(ccnc(NC2CCC2)c1Cl)C1=C(c2cc(F)ccc2)C(=O)NC1=O,0.807910457,2.620667213,371.799,3.4057,-9.1,-8.1
C(CC)(=O)Nc1cc(C2=C(c3ccc(cc3)F)C(NC2=O)=O)ccn1,0.835512404,2.352414972,339.326,2.1364,-8.4,-8.2
C1C(OC(NCc2cc(NC(=O)C3CC3)ncc2)=O)CC1,0.870552343,2.176364872,289.335,2.2088,-7.1,-6.5
Cc1cc(ncc1)Nc1nccc(C2=C(c3cc(ccc3)[N+]([O-])=O)C(=O)NC2=O)c1,0.382087618,2.621692313,401.382,3.00402,-10.5,-9.5
c1cc(-c2ccnc(c2)NC2CCOCC2)cc(n1)NC1CCOC1,0.872179971,3.034827538,340.427,2.9353,-8.2,-7.4
c1c(nccn1)Nc1cc(C2C(=O)NC(=O)C=2c2ccc(cc2)O)ccn1,0.608973352,2.607226554,359.345,1.888,-9.3,-8.5
C1CC(CC1)NC(=O)C1CCN(CC1)c1ncc2ccc(n(C(C)C)c2n1)=O,0.877918247,2.519625814,383.496,2.6476,-8.6,-8.4
c1(ccccc1Cl)C1C(=O)NC(C=1c1ccnc(NCCCOC)c1)=O,0.577524852,2.431949032,371.824,2.7506,-7.6,-7.3
c1(ccc(NC2C(NC(=O)C=2c2cccc(c2)OC)=O)cc1)Cl,0.846909254,2.128317761,328.755,2.8282,-7.9,-7.6
[nH]1c2ccccc2c(c1)C1C(NC(C=1c1ccc(c(c1)Cl)C(=O)O)=O)=O,0.620073274,2.361175116,366.76,3.0867,-8.7,-8.8
c1(ccnc(Nc2cccc(c2)C2=C(C(NC2=O)=O)c2ccc(Cl)cc2)c1)N,0.590895267,2.415430045,390.83,3.628,-9.4,-9
C1CN(C2CCC2)CCC1CNc1nccc(c1)-c1cc(n[nH]1)C(N)=O,0.738659169,2.665542105,354.458,2.247,-8,-7.5
c1ccccc1-c1nc[nH]c1-c1ccnc(Nc2ccccc2)c1OC,0.541862508,2.334295424,342.402,4.8909,-8.6,-8.6
c1c2c(cc(c1)CCC)oc1c2c(NCCCCC)nc(Cl)n1,0.452997757,2.574469144,331.847,5.584,-7.2,-7.1
n1c(cc(Nc2nccc(c2)-c2nc(C(N)=O)n[nH]2)cc1)NC1CCOCC1,0.505670757,2.923353699,380.412,1.6951,-9.6,-8.6
c1nc(Nc2cc(ccc2)Cl)cc(C2C(NC(C=2c2ccc(Cl)cc2)=O)=O)c1,0.612137982,2.330177545,410.26,4.6992,-9.1,-9.1
c1(O)c(ccc(c1)-c1cc2c(cccc2)c(NCCCN2CCOCC2)n1)OC,0.596179192,2.262877591,393.487,3.7502,-8.6,-8.4
c1c(c(F)cc(C2C(NC(C=2c2cccc(c2)OC)=O)=O)c1)F,0.885718672,2.174896023,315.275,2.5406,-8.4,-8.2
c1(c(C(O)=O)cnc(NC2CCC2)c1)-c1cc(ncc1)NC1CCC1,0.743036994,2.456686122,338.411,3.7706,-7.8,-7.2
c1c(C2C(=O)NC(C=2c2ccc(cc2)Cl)=O)ccnc1NC1CCOCC1,0.793382813,2.530676849,383.835,2.8931,-9,-9
C1(CC(Nc2nccc(-c3c4ccc(cc4[nH]n3)Br)c2)C1)NC(C)=O,0.626546926,2.640594248,400.28,3.4664,-8.4,-7.7
c1cnc(NC2CCC(CC2)O)cc1C1C(=O)NC(C=1c1ccc(F)cc1)=O,0.708150074,2.559435237,381.407,2.5033,-9.6,-8.7
c1(C2C(NC(=O)C=2c2ccc(F)cc2)=O)ccnc(c1)NC1CCCCC1,0.813387824,2.407270341,365.408,3.5325,-9.4,-9
C1NC(C(=CNc2ccc(cc2)N2CCOCC2)c2ccc(cc21)F)=O,0.833474351,2.444979287,353.397,2.7451,-9,-8.2
c1c(nccc1C1C(NC(C=1c1cccc(Cl)c1)=O)=O)NC1CCOCC1,0.793382813,2.579779216,383.835,2.8931,-9.1,-8.9
N(C1CCOCC1)c1cc(-n2c(=O)[nH]nc2-c2cccnc2)ccn1,0.749903452,2.637476808,338.371,1.6085,-8.4,-8.1
C1C(C1)Nc1cc(C2=C(c3cccc(c3)OCCO)C(=O)NC2=O)ccn1,0.644541795,2.532483005,365.389,1.5942,-8.4,-8.2
c1c(nn(c1C1CC1)-c1c2ccc(F)cc2ccn1)C(N)=O,0.806787108,2.591613928,296.305,2.5359,-7.8,-7.9
C1C(C(Nc2nccc(c2)C2C(NC(C=2c2ccncc2)=O)=O)CCC1)N,0.713737413,3.388873143,363.421,1.7256,-9.3,-8.3
c1c(ccc(c1)C1=C(c2ccnc(c2)NC2CCC2)C(=O)NC1=O)F,0.841806812,2.399366946,337.354,2.7523,-8.7,-8.4
c1c(ccc(C2=C(C(NC2=O)=O)c2cc(F)ccc2)c1)Cl,0.866674616,2.059132538,301.704,3.0463,-8.2,-7.7
c1(ccc(cc1)F)C1=C(C(=O)NC1=O)c1ccnc(NC2CCOCC2)c1,0.81135624,2.535260281,367.38,2.3788,-9.1,-8.9
c1c(ncc(-c2ccnc(NC(C3CC3)=O)c2)c1)NC1CCOCC1,0.87604076,2.359550077,338.411,3.083,-8.1,-8
c1ccccc1C1=C(C(NC1=O)=O)c1ccnc(c1)Nc1ccccc1,0.713725077,2.168713902,341.37,3.3924,-9.2,-8.7
O=C1C(Nc2cc(ncc2)NC2CCC2)=C(C(=O)N1)c1ccc(cc1)F,0.720843402,2.508400383,352.369,2.6647,-8.5,-8.1
c1cc(ccc1C1=C(C(=O)NC1=O)c1c2c(n(C)c1)cccc2)F,0.738264262,2.222333709,320.323,2.8846,-8.6,-8.5
c1(nccc(-c2cnn(c2)C)c1)Nc1cccc(NC2CCCCC2)c1,0.684014071,2.302997721,347.466,4.9703,-8.7,-8.6
C(c1ccccc1)CNc1nc(C2C(NC(C=2c2cc(ccc2)Cl)=O)=O)ccn1,0.615356532,2.400837449,404.857,3.3518,-9.2,-8.9
C1CCc2cc(ccc2C2C1C(=O)NC2=O)-n1c(=O)[nH]nc1-c1ccncc1,0.656594331,3.510435265,375.388,1.3151,-9.3,-9.1
c1(NC2=C(C(NC2=O)=O)c2cc(ncc2)NC2CCOCC2)ccc(cc1)F,0.687508923,2.611822929,382.395,2.2912,-8.8,-8.7
N1C(=O)C(=C(C1=O)c1cc(ncc1)NC1CCCC1)c1ccc(F)cc1,0.830425976,2.400630105,351.381,3.1424,-9.1,-8.7
n1(cc(C2C(NC(C=2c2ccc(F)cc2)=O)=O)c2cccnc12)C,0.736609976,2.401849094,321.311,2.2796,-8.4,-8.3
N1C(C(NC1=O)=Cc1ccnc(NC(C2CC2)=O)c1)=O,0.554089564,2.523497664,272.264,0.6104,-7.6,-7
c1(C2C(NC(=O)C=2c2cccc(OC)c2)=O)cc2ccccc2nc1,0.749945933,2.233389698,330.343,2.8106,-8.6,-8.9
C1COCCC1NC1CCC(CC1)Nc1c2c(ncn1)n(cc2)-c1ccccc1Cl,0.626669642,2.696383281,425.964,4.5656,-8.9,-8.5
C1CC(CCO1)Nc1nccc(C2=C(c3cc(OC)ccc3)C(=O)NC2=O)c1,0.774833116,2.557756263,379.416,2.2483,-9,-8.7
c1(Cl)cc(ccc1)C1C(=O)NC(=O)C=1c1cc(c(cc1)OC)OC,0.866866848,2.120445892,343.766,2.9244,-8.1,-7.4
c1nc(NC(=O)CCC)cc(c1)-c1ccnc(NC2CCCC2)c1,0.833928551,2.244926211,324.428,4.2367,-8,-7.9
c1c(c(ccc1C1=C(C(=O)NC1=O)c1ccnc(NC2CCOCC2)c1)F)F,0.790955113,2.648808699,385.37,2.5179,-9.4,-9.2
n1ccc(Nc2cccc(NC(CCC)=O)c2)nc1-c1cccnc1,0.71197734,2.117932796,333.395,4.0208,-8.4,-8.6
CCCOC(=O)N1CCC(CC1)Nc1nc2c(nnc(c2)-c2ccc(OC)cc2)cn1,0.643720367,2.533680627,422.489,3.5183,-8.4,-8
N1C(C(c2cc(-c3ccccc3)n(n2)CCOC)=C(C1=O)c1ccncc1)=O,0.668442003,2.60645028,374.4,2.1587,-8.3,-7.4
c1c2c(ccnc2[nH]n1)-c1cc(Nc2ccc(cc2)F)ncc1,0.602152119,2.321201764,305.316,3.9026,-8.4,-8.9
C1CC(CC1)CNC(=O)c1cc(-c2ccnc(c2)NC2CCC2)ccn1,0.825368133,2.320101554,350.466,4.028,-8.8,-8.1
C1(C(c2cn(c3ccccc23)C)=C(C(N1)=O)Nc1cc(ccc1)F)=O,0.723652659,2.387242785,335.338,2.797,-8.4,-8.5
O=C1NC(C(c2ccccc2)=C1Nc1c(cc(cc1)F)F)=O,0.856067072,2.180686881,300.264,2.4444,-8,-7.6
c1cc(ccc1F)C1=C(c2cc(ncc2)NC(C2CC2)=O)C(NC1=O)=O,0.826296828,2.34537343,351.337,2.1364,-8.2,-8.6
c1c(ccc(c1)F)C1C(=O)NC(C=1c1cc(Nc2ccccc2)ncc1)=O,0.699326077,2.235791051,359.36,3.5315,-9.5,-9.1
[nH]1c(NCc2ccccc2)nc(c1)-c1ccnc(c1)NC(C1CC1)=O,0.645231174,2.497791594,333.395,3.4323,-8.4,-7.5
c12cc(cnc1cc(c(OC)c2)OC)-c1ccc2ccnc(NC(C3CCCCC3)=O)c2c1,0.41200814,2.404544892,441.531,5.986,-10.3,-9.5
C1(=O)C(=C(C(=O)N1)c1cccc(c1)OC)c1ccc(C2CC2)cc1,0.880937973,2.146420134,319.36,3.1398,-8.7,-7.7
C1(c2cccc(C)c2)C(NC(=O)C=1c1ccnc(c1)NC1CCOCC1)=O,0.816294316,2.56692182,363.417,2.54812,-9.2,-9
n1ccc(cc1NC1CCC(NC(NC(C)C)=O)CC1)-c1ncccc1,0.767633286,2.308599336,353.47,3.5743,-8.4,-8.3
C1(=O)C(=C(C(=O)N1)c1cc(NC2CCC2)ncc1)c1ccc(F)cc1,0.841806812,2.399366946,337.354,2.7523,-8.6,-8.4
C1(=O)C(c2cc(ncc2)NC2CCC(NC(C)=O)CC2)C(NC1=O)=O,0.409409027,3.180209252,344.371,0.2499,-8.4,-8.2
c1(C2=C(C(NC2=O)=O)c2ccnc(c2)NC2CCOCC2)ccc(Cl)cc1,0.793382813,2.530676849,383.835,2.8931,-8.8,-9
c1ccccc1C1=C(C(NC1=O)=O)c1c(ccc(c1)CC)OC,0.883757205,2.09157859,307.349,2.8248,-7.9,-8.6
c1(F)ccc(cc1)-n1c(NC(C2CC2)=O)n[nH]c1=O,0.867179439,2.316251846,262.244,1.0482,-7.2,-6.7
c1cc(c2cccc(-c3cccc(n3)C3=C(C(=O)NC3=O)c3ccc(F)cc3)c2c1)C,0.489885908,2.407507507,408.432,4.91652,-10.4,-9.5
c1cccc(C2C(=O)NC(C=2c2cc(NC3CCOCC3)ncc2)=O)c1F,0.81135624,2.570143713,367.38,2.3788,-9.1,-9
O=c1[nH]cc(-c2cc(ncc2)NC2CCOCC2)c(=O)[nH]1,0.772326737,2.611029497,288.307,0.7161,-7.7,-7.7
C1(Nc2cc(ccn2)-c2ccoc2)C(=O)NC(C=1c1ccc(F)cc1)=O,0.707656135,2.653676874,349.321,2.9603,-9,-8.6
c1c(cc(NC2C(NC(=O)C=2c2ccc(F)cc2)=O)cc1OC)C1CCC1,0.794010528,2.421554302,366.392,3.5814,-8.4,-8.8
c1cc(Nc2cc(ccn2)-c2ccnc(c2)NC2CCCCC2)ccc1,0.629423471,2.141508779,344.462,5.6318,-8.9,-8.3
c1c(C2C(NC(=O)C=2c2cc(ncc2)NC2CCCC2)=O)cccc1,0.843948257,2.337633323,333.391,3.0033,-8.8,-8.2
c12c(ccc(c1)-n1c([nH]nc1-c1cc(ncc1)Nc1ccccc1)=O)cccc2,0.481383038,2.271718768,379.423,4.5194,-9.3,-9.9
c1nccc(c1)C1C(NC(=O)C=1c1cc(NC2CCC2)ncc1)=O,0.84198184,2.529153205,320.352,2.0082,-8.5,-7.8
c1cc(NC2CC2)ccc1-c1cc(C(O)=O)[nH]n1,0.769826053,2.082613616,243.266,2.3492,-7,-7.5
c1(C2=C(C(NC2=O)=O)c2cc(NC3CCOCC3)ncc2)cccc(F)c1,0.81135624,2.588614128,367.38,2.3788,-9.1,-9
c1(-c2ccnc(NC3CCCC3NC(=O)C)c2)cc(C)ncc1,0.910966058,3.128890182,310.401,2.92112,-8.1,-7.8
c1c2c(n[nH]c2cc(NC(CC)=O)c1)C=C1Nc2ccccc2C1,0.685284849,2.782382474,318.38,3.9205,-8.6,-8.5
c1(NC2CCCCC2)nc2c(cnc(c2)NC(CC)=O)cn1,0.906389798,2.418343549,299.378,3.1179,-8.3,-7.5
c1(Nc2cc(-c3n[nH]c(=O)n3-c3cc4ccccc4cc3)ccn2)ccc(F)cc1,0.462556728,2.328382424,397.413,4.6585,-9.4,-9
c1cccc(NC2C(=O)NC(C=2c2cccc(c2)Cl)=O)c1,0.856775357,2.093928236,298.729,2.8196,-7.9,-8
C1C(CC(Nc2ncc3c(n2)[nH]nc3NC(=O)CCC)CC1)NC(C)=O,0.624682617,3.410102578,359.434,1.9507,-8.3,-7.5
C1(=C(C(=O)NC1=O)Nc1ccc(Cl)cc1)c1cc(NC2CCCCC2)ncc1,0.666136803,2.484159681,396.878,3.9592,-8.7,-8.8
c1c(C2C(NC(C=2c2cc(Cl)ccc2)=O)=O)cc(C2CCCC=2)cc1,0.830601845,2.463528159,349.817,4.4745,-9.1,-9.2
C(Cc1ccccc1F)(Nc1[nH]c(-c2ccccc2O)cn1)=O,0.692566395,2.241244668,311.316,3.1026,-8.2,-7.7
C1(c2ccccc2)C(NC(C=1c1cc(ncc1)NC1COCC1)=O)=O,0.833712304,2.940261367,335.363,1.8496,-8.4,-8.2
C1CCCC(C1)Nc1nccc(C2C(=O)NC(=O)C=2c2ccc(Cl)c(Cl)c2)c1,0.709262742,2.508235622,416.308,4.7002,-9.4,-9.1
c1cc(C2C(=O)NC(C=2c2c3cc(OC)ccc3n(C)c2)=O)c(F)cc1,0.739131264,2.347499669,350.349,2.8932,-8.9,-7.8
N(c1n[nH]c2c1ccc(c2)-c1cc(NC2CCOCC2)ncc1)C(C1CC1)=O,0.632224462,2.564780528,377.448,3.5643,-8.8,-8.5
N(C)C(=O)C1CCC(CC1)Nc1nccc(c1)-c1cc(ncc1)Nc1ccc(F)cc1,0.537720306,2.409716011,419.504,4.743,-9.6,-9
c1(C2=C(c3ccnc(c3)NC3CCCC3)C(NC2=O)=O)ccc(F)cc1,0.830425976,2.400630105,351.381,3.1424,-9.1,-8.6
O=C1C(=C(c2cc(ncc2)Nc2ccc(cc2)F)C(N1)=O)c1ccc(Cl)cc1,0.652051183,2.289471583,393.805,4.1849,-9.6,-8.8
n1c(NC(C2CCN(CC2)CCc2ccc(Cl)cc2)=O)cc(C)nc1,0.890205177,2.071301236,358.873,3.33162,-8.3,-7.6
c1(OC)c(OC)cc2c(ncnc2NCCCNC(c2cc(ccc2)F)=O)c1,0.580938652,2.121239083,384.411,3.0181,-7.1,-7.3
c1c(c(ncc1)OC)C1=C(C(=O)NC1=O)Nc1cc(c(cc1)Cl)C(=O)O,0.685078554,2.520362182,373.752,1.9214,-9,-8.1
n1c(nc(cc1-c1ccc(F)cc1)C)Nc1cc(NC2CCC(O)CC2)ccc1,0.566788856,2.27930613,392.478,5.05012,-9.6,-9.4
c12CCCc1ccc(OCC1CC1)c2,0.708259508,1.856452068,188.27,2.9641,-6.3,-6.3
O(C)c1c(c(OC)cc(c1)C1=C(C(NC1=O)=O)c1cc2OCOc2cc1)OC,0.789795238,2.422502384,383.356,2.0083,-8,-7.9
C(C)(=C1C(NC(=S)NC1=O)=O)Nc1cc(-c2ccncc2)cnn1,0.429751095,2.912835293,340.368,0.7554,-8.6,-8.1
CC(NC(=O)C)C(Nc1nccc(C2C(NC(=O)C=2c2ccc(cc2)F)=O)c1)=O,0.657874411,2.883697992,396.378,1.251,-9.3,-8.8
c1cccc(OC)c1C1=C(C(=O)NC1=O)c1cc(NC(C2CC2)=O)ncc1,0.792205771,2.353356529,363.373,2.0059,-8.4,-8.5
COc1cc(C2=C(C(NC2=O)=O)c2cc(ncc2)NC2CCC2)ccc1,0.811326201,2.423697473,349.39,2.6218,-8.9,-8.2
O=C1C(=C(C(=O)N1)c1cc(NC2CCOCC2)ncc1)c1ccc(F)cc1,0.81135624,2.535260281,367.38,2.3788,-9,-8.9
C1(Nc2c(cccc2)C21C(=O)NC(C2)=O)=O,0.470298098,3.459517694,216.196,-0.077,-7.2,-7.4
c1nccc(c1)C1=C(C(NC1=O)=O)c1cc(ncc1)Nc1cc(ccc1)Cl,0.681286119,2.441292826,376.803,3.4408,-9.5,-8.8
c1(NC2C(=O)NC(=O)C=2c2cc(CN3CCCC3)ccc2)ccccc1,0.816729055,2.187469975,347.418,2.762,-7.9,-7.8
c1(OCC2CCOCC2)cc(Nc2cccc(C(N)=O)c2)ncc1,0.851725141,2.248565771,327.384,2.7295,-8.2,-7.5
Fc1cc(ccc1OC)C1C(=O)NC(=O)C=1c1cc(ncc1)NC1CCCC1,0.778035747,2.504341391,381.407,3.151,-9.5,-8.8
Cc1cc(ncc1)Nc1ccc2c(n(-c3ccc4c(c3)cccc4)cn2)c1,0.45870933,2.227404808,350.425,5.62572,-9.9,-9.6
C1CC(CC1NC(=O)C)Nc1[nH]c(=O)c2c(n1)n(C)c1ccccc21,0.679334486,3.341229312,339.399,1.8839,-8.7,-8.5
c1(cc(ncc1)NC1CCC(NC(=O)NC(C)C)CC1)-c1cc(n(C)n1)C(=O)N,0.590887101,2.635758939,399.499,2.0117,-8.7,-7.9
c1(cc(C)ncc1)NC1=C(c2ccc(F)cc2)C(=O)NC1=O,0.850196393,2.390382414,297.289,2.00872,-7.9,-8
C1(=O)C(c2c(F)cccc2F)=C(C(=O)N1)c1cc(ncc1)NC1CCCCC1,0.79062104,2.588339083,383.398,3.6716,-9.3,-9.2
C(=O)(C)Nc1nccc(C2C(=O)NC(C=2c2cc(F)ccc2)=O)c1,0.841608043,2.393673906,325.299,1.7463,-8.6,-8
C1CC(CCC1Nc1nccc(c1)-c1ccc2c(cccc2)c1)O,0.740596026,2.125972566,318.42,4.6172,-9.2,-8.7
C1CC(CCN1C)C(Nc1cc(ccn1)-c1n(c(=O)[nH]n1)-c1cc2c(cccc2)cc1)=O,0.520883274,2.486385067,428.496,3.0561,-9.6,-10.4
c1cc(F)ccc1C1C(NC(C=1c1cc(NC2CCCCC2)ncc1)=O)=O,0.813387824,2.407270341,365.408,3.5325,-9.4,-8.7
C1CC(C(Nc2cc(C3CC3)ncc2)=O)CCN1c1ncc(cc1)C,0.927983118,2.280982005,336.439,3.51752,-8.6,-7.5
c1(NC2CCOCC2)cc(C2=C(c3ccc(F)cc3)C(=O)NC2=O)ccn1,0.81135624,2.535260281,367.38,2.3788,-9.2,-8.9
c1ccccc1-c1c2c(c(ncn2)NC2CCOCC2)[nH]n1,0.776530212,2.569458322,295.346,2.6108,-8.2,-7.7
O=C1C(=C(c2cc(ncc2)NC2CCOCC2)C(=O)N1)c1cc(F)ccc1,0.81135624,2.588614128,367.38,2.3788,-9.1,-8.7
c1cc(F)ccc1C1=C(c2ccnc(NC3CCOCC3)n2)C(NC1=O)=O,0.799341023,2.603099335,368.368,1.7738,-9,-8.8
c1c(n(c2c(n1)cc(cn2)Cl)C(C)C)=O,0.743334586,2.557952256,223.663,2.0258,-5.9,-5.7
c1(ccc(NC2C(NC(C=2c2ccnc(c2)NC2CCCCC2)=O)=O)cc1)C,0.69451332,2.472099852,376.46,3.61422,-8.8,-9
C1(=O)CCC(CC1)Nc1ccc2c(c1)ncc(-c1ccc(cc1)Cl)c2,0.679751012,2.219842385,350.849,5.4788,-8.6,-8.6
c1c(-c2c(Cl)cc3ccccc3c2)ccnc1NCC1CCCN1C,0.711564972,2.750529228,351.881,5.0613,-9.1,-8.6
c1nc(cc(c1)C1=C(C(NC1=O)=O)c1c(F)cccc1)NC1CCOCC1,0.81135624,2.570143713,367.38,2.3788,-9.2,-8.8
COc1nccc(C2C(NC(C=2c2ccc(cc2)C(=O)N)=O)=O)c1,0.80678027,2.366173791,323.308,0.7563,-8,-8.1
c1(ccc(cc1)C1C(NC(C=1c1ccnc(c1)OC(C)C)=O)=O)F,0.876995001,2.419247959,326.327,2.5751,-8.1,-7.8
N1C(C(=C(c2ccnc(c2)NC2CCCCC2)C1=O)c1ccc(cc1)F)=O,0.813387824,2.407270341,365.408,3.5325,-9.4,-8.6
n1c(NC(CCC)=O)cc(-c2ccnc(c2)Nc2ccc(F)cc2)cc1,0.672207445,2.132476259,350.397,4.7649,-8.4,-7.5
N(C1CCCC1)c1cc(ccn1)C1C(NC(=O)C=1c1ccc(Br)cc1)=O,0.750652513,2.44538272,412.287,3.7658,-8.6,-8.9
c1(cc2c(nc1OCC)ccc(c2)Cl)C1=C(C(NC1=O)=O)c1cc(c(cc1)F)Cl,0.611309876,2.584123041,431.25,4.6466,-8.9,-8.5
C1C(C(Nc2nccc(C3=C(c4cnc(cc4)C)C(NC3=O)=O)c2)COC1)OC,0.742265529,3.62216108,394.431,1.56802,-8.6,-8.6
c1c[nH]c(c(-c2ccnc(Nc3ccc(Cl)cc3)c2)n1)=O,0.778587059,2.278295071,298.733,3.2289,-7.8,-7.1
n12c([nH]nc2-c2cc(NC3CCCCC3)ncc2)nc(-c2ccncc2)cc1=O,0.55723681,2.781023777,387.447,3.2862,-9.3,-9.3
c1cccc(c1)C1C(NC(C=1Nc1ccc(Cl)cc1)=O)=O,0.856775357,2.020319774,298.729,2.8196,-8,-7.6
N1(C(=O)c2ccc(cc2)-c2cc(ncc2)Nc2ccccc2)CCOCC1,0.765928059,1.943731731,359.429,3.9646,-9.1,-9.2
c1cc(C(=O)N)cc2c1C(=O)NC2=O,0.593902864,2.045332003,190.158,-0.3309,-6.8,-6.8
c1(ccccc1F)C1C(=O)NC(C=1c1cc(Nc2ccccc2)ncc1)=O,0.699326077,2.270674483,359.36,3.5315,-9.3,-9
c1nc(n(c1)C)C1CCCN(C1)C1CCN(C1)C(C)=O,0.81538288,3.23715899,276.384,1.2203,-7.2,-7
O=C(N)c1ccc(C2SC(NC2=O)=NCc2ccccc2)cc1O,0.790251273,3.309858273,341.392,1.9514,-8.3,-8.1
C1(=O)C(=C(c2ccnc(c2)NC2CCCC2)C(=O)N1)c1ccc(cc1)F,0.830425976,2.400630105,351.381,3.1424,-9.1,-8.5
C(O)(CCC)c1ccc(Cl)c(C2=C(c3ccc(cc3)F)C(NC2=O)=O)c1,0.781492989,2.809497945,373.811,3.8798,-8.4,-8.1
C1CC1Nc1nccc(c1C1C(NC(C=1c1ccc(cc1)F)=O)=O)Cl,0.825093436,2.535419588,357.772,3.0156,-8.2,-7.5
O(c1c(cc(C2C(NC(C=2c2ccnc(c2)NC2CCCC2)=O)=O)cc1OC)OC)C,0.660651642,2.575910522,423.469,3.0291,-9.3,-7.6
c1c(ccc(c1)F)-c1n[nH]c(=O)n1-c1cc2c(cc1)cccc2,0.615811908,2.028274101,305.312,3.5199,-8.6,-8.8
C1(C(c2cc(C3C(=O)NC(=O)C=3c3ccccc3)ccc2)=C(NC1=O)C)=O,0.64501377,2.591022116,358.353,1.6837,-9.4,-9
C1(C(c2cc(ncc2)NC2CCCC2)=C(c2ccc(cc2)F)C(=O)N1)=O,0.830425976,2.400630105,351.381,3.1424,-9.2,-8.7
c1ccc(cc1)C1C(NC(=O)C=1c1ccnc(NC2CCOCC2)c1)=O,0.827718733,2.476063902,349.39,2.2397,-8.8,-8.7
c1(NCCO)nccc(c1)C1C(=O)NC(=O)C=1c1ccc(cc1)Cl,0.718808926,2.416851809,343.77,1.7064,-7.9,-7.8
c1cc(OC)ccc1C1=C(C(NC1=O)=O)c1ccnc(Nc2ccc(NC3CCOCC3)cc2)c1,0.448938407,2.582885104,470.529,3.9919,-9.6,-9.5
c1c(n[nH]c1-c1sc(NC(CCC)=O)nc1)-c1cc(OC)ccc1,0.710720011,2.362525781,342.424,3.9474,-7.7,-7.5
c1ccccc1C1=C(Nc2ccc(Cl)cc2)C(NC1=O)=O,0.856775357,2.020319774,298.729,2.8196,-8,-7.6
c1c(nccc1C1C(=O)NC(=O)C=1c1ccccc1)NC(C1CC1)=O,0.837779569,2.279880489,333.347,1.9973,-8.1,-8.2
C1(c2ccnc(c2)NC2CCOCC2)=C(C(=O)NC1=O)c1ccc(F)cc1,0.81135624,2.535260281,367.38,2.3788,-9,-8.9
O=C1C(c2cc(Cl)ccc2)=C(c2ccc(Cl)cc2)C(=O)N1,0.860728599,2.047452486,318.159,3.5606,-8.4,-7.7
c1cc(F)ccc1C1=C(C(NC1=O)=O)c1ccnc(c1)NC1CCOCC1,0.81135624,2.535260281,367.38,2.3788,-9,-9
c1(cc(C2=C(C(NC2=O)=O)c2ccc(cc2)OC)ccc1)C,0.884919715,2.008186136,293.322,2.57082,-8.2,-8
c1cc(cc(c1F)F)C1C(=O)NC(=O)C=1c1c(Cl)cc(Cl)cc1,0.833423913,2.256467246,354.139,3.8388,-8.6,-8.2
c1(cnc2[nH]nc(NC(CCC)=O)c2c1)-c1cccc(F)c1,0.774075026,2.288402478,298.321,3.5026,-8.2,-8.1
n1c(cc(cc1)C1=C(C(NC1=O)=O)c1cccc(c1)Cl)NC1CCOCC1,0.793382813,2.579779216,383.835,2.8931,-9.1,-8.9
c12n(c(-c3ccnc(NC4CCOCC4)c3)nc1cccc2)C,0.806913771,2.309819411,308.385,3.2262,-8,-8.4
n1cc(C2C(=O)NC(=O)C=2c2cc(NC3COC3)ccc2)ccc1N1CCOCC1,0.723222185,2.694834775,406.442,1.2961,-9.1,-8.5
c1ccc(C2C(=O)NC(=O)C=2c2cc(NC3CCCC3)ncc2)c(F)c1,0.830425976,2.436908874,351.381,3.1424,-9.1,-8.5
c1cnc(cc1-c1ccnc(c1)NC(C)CO)NC(C1CC1)=O,0.761542345,2.772637873,312.373,2.2848,-8.1,-7.6
C(=O)(NC1CN(CCC1)C1CCOCC1)c1cc2c(n[nH]c2cc1F)N,0.772597387,3.086827945,361.421,1.6574,-8.9,-8.3
C1(c2ccnc(NC3CCOC3)c2)=C(C(=O)NC1=O)c1cc(ccc1)OC,0.786436828,3.017313056,365.389,1.8582,-8.8,-8.4
c1(Nc2cc(-c3ccnc(c3)Nc3ccccc3)ccn2)cc(ccn1)-c1cnn(c1)C,0.382160398,2.497606925,419.492,5.4263,-9.8,-9
c1(NC2CCOCC2)nccc(c1)NC(C)C,0.841395334,2.391414149,235.331,2.4928,-6.4,-6.3
C1(=O)C(c2cc(ncc2)NC2CCCC2)=C(c2cc(NC3CCCC3)ncn2)C(N1)=O,0.61843796,2.839764735,418.501,3.1478,-10,-9
O=C1C(=C(C(N1)=O)c1cc(ncc1)NC1CCCC1)c1ccc(Cl)cc1,0.808919745,2.395863336,367.836,3.6567,-8.9,-8.8
C1C(CCN(C1)C)NC(=O)C1CCN(c2c3ccc(F)cc3ncc2)CC1,0.902662568,2.266573891,370.472,2.8007,-8.5,-8.2
c1nccc(c1)C1=C(C(NC1=O)=O)c1c[nH]c2c1cc(cc2)F,0.713200932,2.432894318,307.284,2.2692,-8.2,-8
c1nc(ncc1C(N)=O)NC1CCC(NC(NC2CCOCC2)=O)CC1,0.61194672,2.532268259,362.434,0.7768,-8.4,-7.6
c1c(ccc2c(c[nH]c21)-c1ccnc(n1)NC(CCCOC)=O)Cl,0.668867968,2.327511065,344.802,3.6434,-7.7,-7.3
N1C(=O)C(c2oc(-c3ccncc3)nn2)=C(c2cccc(c2)Cl)C1=O,0.72646658,2.537191621,352.737,2.3522,-9.2,-8.8
c1ccc(cc1-c1n[nH]c(n1-c1cc2c(cc1)cc(cc2)Cl)=O)C,0.59202,2.168946516,335.794,4.34262,-8.7,-8.8
N(C1CCOCC1)c1nccc(C2=C(c3cc(O)c(cc3)O)C(=O)NC2=O)c1,0.469340543,2.725557929,381.388,1.6509,-9.2,-8.8
C1(C(c2cc(ncc2)NC2CCCC2)=C(C(N1)=O)c1ccc(cc1)Cl)=O,0.808919745,2.395863336,367.836,3.6567,-8.8,-8.5
c1(cn(C)c2c1cccc2)C1=C(C(=O)NC1=O)c1cc(NC2CCOCC2)ncc1,0.655750862,2.699267136,402.454,2.7314,-9.1,-8.6
O=C1NC(=O)C(=C1c1cc(ncc1)NC1CCC1)c1ccc(cc1)Cl,0.827499606,2.394331626,353.809,3.2666,-8.5,-8.2
c1(C2=C(C(=O)NC2=O)c2ccnc(NC3CCOCC3O)c2)nc(ccc1)C,0.675909979,3.604357744,380.404,0.91392,-9.8,-9
C1(NC(C(=C1c1cc(NC2CCOCC2)ncc1)c1cccc(Cl)c1)=O)=O,0.793382813,2.579779216,383.835,2.8931,-9.1,-9
c1cc(F)ccc1C1=C(Nc2ccccc2)C(NC1=O)=O,0.849288888,2.03605362,282.274,2.3053,-7.6,-8
c1(C2=C(C(NC2=O)=O)c2cc(C(N)=O)ccc2)cccc(c1)F,0.841772581,2.197785446,310.284,1.4918,-8.7,-8.3
c1cc(ccc1C1=C(C(NC1=O)=O)c1ccc(OC)cc1)Cl,0.886465322,1.962587625,313.74,2.9158,-8,-7.5
c1cc(Cl)c(cc1)Nc1nccc(-c2c(nc([nH]2)CO)-c2ccc(F)cc2)c1,0.436432994,2.397653699,394.837,5.1671,-9.5,-8.7
c1cc(cc(c1)C1C(=O)NC(C=1Nc1ccccc1OC)=O)Cl,0.846909254,2.177177643,328.755,2.8282,-8.1,-7.7
Fc1cc(F)ccc1Nc1nccc(C2C(NC(C=2c2ccc(cc2)F)=O)=O)c1,0.659419875,2.416593439,395.34,3.8097,-10.1,-9.3
c1(ccnc(c1)NC1CCOCC1)NC1CCC(NC(NCC)=O)CC1,0.625771371,2.517968558,361.49,2.7147,-8.2,-7.9
O=c1n(C(C)C)c2ccccc2c(n1-c1cc(NC2CCOCC2)ncn1)=O,0.744345298,2.639781006,381.436,2.1142,-8.8,-8.3
NC(=O)c1cccc(c1)C1C(C(=O)NC(=O)C=1c1ccccc1)=O,0.647594861,2.224757029,320.304,0.9218,-8.6,-8.5
C1(c2c(C(N1)=O)ccc(c2)Cl)=C1C(=O)NC(=O)NC1=O,0.467643347,2.707667963,291.65,0.1605,-8.8,-8.4
c1cc2c(cc1)n(cc2C1C(=O)NC(C=1c1cccc(F)c1)=O)C(=O)N,0.695067797,2.491127909,349.321,2.2744,-9.3,-9.2
c1c(Cl)cc(Nc2nccc(c2)-c2cccnc2)cc1C,0.750403315,2.111128866,295.773,4.84902,-8.2,-8
C1(=C(c2cc(NC3CCC3)ncc2)C(=O)NC1=O)c1ccc(cc1)F,0.841806812,2.399366946,337.354,2.7523,-8.7,-8.4
n1ccc(cc1NC1CCCC1)-c1n[nH]c(n1-c1ccc2cc(F)ccc2c1)=O,0.546569562,2.51459741,389.434,4.2694,-9.1,-9.5
Clc1c(NC2=C(C(=O)NC2=O)c2c3c(cccc3)n(C)c2)cc(cc1)Cl,0.670116368,2.457185865,386.238,3.9647,-9.1,-8.6
[nH]1nc(nn1)Nc1cc(-c2cc(ncc2)NC(C2CCCN(C2)C)=O)ccn1,0.611475463,3.132708552,379.428,1.6806,-9.5,-8.5
C1OCCC(C1)C1=C(c2cn(c3ccc(Cl)cc32)C)C(=O)NC1=O,0.85198239,2.741652035,344.798,2.6683,-8.4,-8
N(C)c1nccc(C2=C(C(NC2=O)=O)Nc2ccc(Cl)cc2Cl)c1,0.727961624,2.573905364,363.204,2.9097,-8.3,-8
c1(-n2c(n[nH]c2=O)-c2ccnc(NC3CCOCC3)c2)cc(ccc1)C(N)=O,0.612268315,2.608708399,380.408,1.3124,-9,-9.1
c1(-c2ccnc(Nc3cc([nH]n3)C3CCOCC3)c2)ccnc(c1)NC(C1CC1)=O,0.57631644,2.718744837,404.474,3.8528,-9.1,-8.4
O=C1C(Nc2cc(ccn2)C2C(=O)NC(=O)C=2Nc2cccc(Cl)c2)=CC(=O)N1,0.545242342,2.983684621,409.789,1.1668,-9.9,-8.9
c1c2c(cnc1NCC1CCC(CC1)O)ccc(n2C(C)C)=O,0.910109925,2.672718708,315.417,2.9404,-8,-8.1
c1(cnc2n1cc(-c1cccc(c1)CO)cc2)C(=O)NC1CC1,0.777515029,2.295232081,307.353,2.3858,-8.2,-8
c1(CCC#N)ccc2c(NC(CCC)=O)nn(-c3ccccc3)c2c1,0.734414643,2.34502239,332.407,4.22028,-8.5,-8.2
n1c(NC2CCN(CC2)C(=O)C)c2c(cc1-c1ccccc1)OCC2,0.93495115,2.401414777,337.423,3.1063,-9,-8.3
c1(cc(ccn1)-c1cc(ncc1)Nc1ccccc1)NC1CCCC1,0.671326273,2.125706621,330.435,5.2417,-8.4,-8.2
ClC(c1cc(ccc1)C1C(=O)NC(C=1c1cc(ncc1)NC1CCCC1)=O)(Cl)Cl,0.51686777,2.78133828,450.753,4.83,-9.5,-8.8
c1cc(CO)ccc1C1C(=O)NC(C=1c1cc(ncc1)NC1CCOCC1)=O,0.684376285,2.594470793,379.416,1.732,-8.8,-9.1
c1(OC)cc(C2=C(C(=O)NC2=O)c2cc(ccc2)NC2CC2)ccc1OC,0.771076093,2.273555314,364.401,2.8453,-8.5,-8.2
c1c(ccc(NC2CCC(NC3CCCCC3)CC2)c1)-c1cc(ncc1)N,0.700302986,2.299801154,364.537,4.9762,-8.6,-8.6
c1(c(-c2ccc(cc2)CC)nc(C(=O)NCC2CCOCC2)[nH]1)C,0.886554196,2.402031466,327.428,3.10392,-8.5,-7.6
c1c(ccc(NC(=O)C)c1)-c1cc(ncc1)Nc1ccccc1,0.748356584,1.751229096,303.365,4.4506,-8.4,-8.4
O=C(N)c1cc(ncc1)C1C(=O)NC(C=1c1cccc(F)c1)=O,0.821595305,2.450607561,311.272,0.8868,-8,-8.4
N(C1CCCC1)c1cc(ccn1)C1=C(c2ccc(cc2)F)C(NC1=O)=O,0.830425976,2.400630105,351.381,3.1424,-9,-8.5
C1(c2cccc(C(N)=O)c2)=C(C(=O)NC1=O)c1cc(Cl)ccc1,0.845401601,2.187017898,326.739,2.0061,-8.4,-8.1
c1(NC2CCC(NO)CC2)nccc(c1)-c1n[nH]c(=O)n1-c1ccc2ccccc2c1,0.371150373,2.735624921,416.485,3.4777,-9.8,-9.5
C1C(CCN(C1)c1nccc(-c2[nH]c(=O)on2)c1)Nc1cccc(c1)F,0.748137765,2.761261878,355.373,2.6449,-8.7,-8.5
c1cc(ccc1C1C(=O)NC(C=1c1ccnc(c1)NC1CCOCC1)=O)C,0.816294316,2.518153181,363.417,2.54812,-9.2,-8.9
C1(c2cc(ncc2)NC2CCC2)=C(C(=O)NC1=O)c1cc(F)ccc1,0.841806812,2.45798103,337.354,2.7523,-8.9,-8.4
c1(NC2C(NC(=O)C=2c2cccc(c2)O)=O)cccc(c1)O,0.644536151,2.379665045,296.282,1.5774,-8.4,-7.9
C1(c2cccc(OC)c2)C(=O)NC(=O)C=1c1ccnc(c1)NC1CCOCC1,0.774833116,2.557756263,379.416,2.2483,-9,-8.8
C1CC1C(=O)Nc1cc(C2=C(c3cc(ncc3)NC3CCOCC3)C(NC2=O)=O)ccn1,0.595575374,2.795997528,433.468,1.9832,-9.9,-8.2
Cc1cc(ccc1C(O)=O)-c1ccc2OC(C3CCCC3)Cc2c1,0.878050521,2.696434203,322.404,4.85392,-8.7,-8.3
c1(C2C(NC(=O)C=2c2occc2)=O)cccc(c1)OC,0.863382488,2.278297982,269.256,1.8554,-7.6,-7.6
c1ccc(C2=C(c3cc(ncc3)NC3CCOCC3)C(=O)NC2=O)cc1OC,0.774833116,2.557756263,379.416,2.2483,-9,-8.8
c1c(ccc2OCOc12)Nc1nc(C)cc(NC2CCOCC2)n1,0.893295416,2.417186433,328.372,2.84822,-8.6,-8
c1c(c(ccc1)Cl)C1C(=O)NC(=O)C=1c1cc(ncc1)NC1CCOCC1,0.793382813,2.55072892,383.835,2.8931,-9.1,-8.9
COc1cc(C2=C(c3cccc(c3C)C)C(NC2=O)=O)ccc1OC,0.871500724,2.198146888,337.375,2.88784,-8.2,-7.4
n1c(NC2CCOCC2)cc(-c2cc(NC(=O)C3CC3)ncc2)cc1,0.87604076,2.383710667,338.411,3.083,-8.4,-7.9
c1c(cc(nc1)N)-c1nc(-c2ccccc2)c(o1)O,0.732968166,2.42295216,253.261,2.6914,-7.7,-7.5
c1c2c(cc(Cl)c1)c(NC1CCOCC1)nc(-c1cc(ncc1)NCC1CCOCC1)n2,0.555657079,2.681402228,453.974,4.7746,-9.6,-8.4
c1(N2CCOCC2)cc(C2C(NC(C=2c2ccc(cc2)F)=O)=O)ccn1,0.849446593,2.391528566,353.353,1.6245,-8.9,-8.5
C(CCC)(NCC1CCC(CC1)Nc1ccc2c(n(C)cc(c2=O)Cl)n1)=O,0.791301206,2.659371104,390.915,3.4739,-8.7,-8
c1c(nccc1-c1ccnc(c1)NC1CC1)NC(=O)C1CC1,0.889071749,2.217398082,294.358,3.0664,-7.2,-7.1
CC(C)C(N1CCC(CC1)c1nc2ccccc2n1Cc1ccc(cc1)F)=O,0.665152741,2.125958891,379.479,4.5857,-9.5,-8
c1(-c2ccnc(c2)Nc2ccccc2N)cc(ncc1)NC1CCC(CC1)N,0.500466979,2.479513548,374.492,4.1512,-8.6,-8.3
C1N(CCCC1)CCNc1nccc(C2=C(c3cccc(F)c3F)C(=O)NC2=O)c1,0.714128247,2.609809453,412.44,2.8248,-8.7,-8.1
C1COCCN1c1cc(ccn1)-c1cc(ncc1)NC(=O)C1CC1,0.934749822,2.228461156,324.384,2.3287,-8.4,-7.9
N(c1nc(C2C(=O)NC(C=2c2ccc(F)cc2)=O)cs1)C1CCOCC1,0.804980123,2.614471951,373.409,2.4403,-8.5,-8.3
C1(NC(C(=C1c1cc(ncc1)NC1CCOCC1)c1ccc(F)cc1)=O)=O,0.81135624,2.535260281,367.38,2.3788,-9,-9
O(c1cc(C2C(=O)NC(C=2c2cc(ncc2)NC2COC2)=O)ccc1)C,0.793174876,2.600363169,351.362,1.4681,-8.5,-8.1
c1(ccnc(c1)NC1CCOCC1)C1=C(C(=O)NC1=O)c1ccc(cc1)F,0.81135624,2.535260281,367.38,2.3788,-9.1,-9
c1c(NC(=O)C2CC2)cc(cc1-c1ccnc(c1)Nc1cccc(c1)OC)Cl,0.579786265,2.120439468,393.874,5.5027,-9.1,-8.7
Clc1ccc(OC)c(C2C(NC(C=2c2cc(ncc2)NC2CCOCC2)=O)=O)c1,0.732460962,2.623403568,413.861,2.9017,-9.1,-8.9
c1c(-c2ccnc(c2)NC2CCC(CC2)N)cc(nc1)Nc1ccc(F)cc1,0.600385472,2.376874712,377.467,4.7081,-8.9,-8.4
c1cc(ccc1)C1=C(c2ccnc(NC3CCOCC3)c2)C(=O)NC1=O,0.827718733,2.476063902,349.39,2.2397,-8.7,-8.5
c1cc(C2=C(c3ccnc(n3)NC3CC3)C(NC2=O)=O)ccc1,0.838601488,2.402139074,306.325,1.6181,-8.4,-8
[nH]1nc(c2c1cc(-c1cc(ncc1)NC(CCC)=O)cc2)C(NC1CCCCC1)=O,0.564866623,2.409379603,405.502,4.426,-9.8,-8.6
c1cnc(cc1-c1ccnc(NC(C2CC2)=O)c1)Nc1ncccc1,0.746085277,2.248866199,331.379,3.6307,-8.5,-8
N(c1c2c(ncc1C(=O)C)cc(-c1ccc(F)cc1)cc2)C1CCC1,0.666171941,2.140867054,334.394,5.2079,-8.2,-8.4
c1(Cl)cc(C2=C(C(NC2=O)=O)c2ccc(cc2)Cl)ccc1,0.860728599,2.047452486,318.159,3.5606,-8.5,-7.5
C1(=O)C(=C(c2ccnc(NC3CCOCC3)c2)C(N1)=O)c1cc(ccc1)OC,0.774833116,2.557756263,379.416,2.2483,-9.1,-8.6
[nH]1c(c(C2C(NC(C=2c2cccc(c2)Cl)=O)=O)cn1)NC1CCOCC1,0.715041794,2.851067643,372.812,2.2212,-8.7,-7.9
C1(=C(c2ccnc(NC3CCOCC3)c2)C(=O)NC1=O)Nc1cccc(OC)c1,0.645540334,2.629943493,394.431,2.1607,-8.1,-8.2
c1(cc(nc(n1)NC1CCC(CC1)O)-c1cc(F)ccc1)NC1CCC1,0.756352441,2.412087336,356.445,3.9625,-8.9,-8.1
n1c2cc(ccc2n(c1)C)-c1ccc(cc1)C1C(NC(C=1c1ccc(cc1)F)=O)=O,0.532704381,2.391957933,397.409,3.9466,-9.4,-9.2
n1c(cc(nc1NC1CCOCC1)-c1ccnc(Nc2cccs2)c1)Nc1ccccc1,0.338200349,2.6991978,444.564,5.6782,-9.7,-9.3
c1(F)ccc(cc1C1=C(c2cn(C)c3c2cccc3)C(=O)NC1=O)F,0.730443395,2.394564643,338.313,3.0237,-8.8,-8.6
O(C)c1c(cc(C=C2C(=O)NC(=Nc3ccc(Cl)cc3)S2)cc1OC)OC,0.75394621,2.679550051,404.875,4.2574,-8,-7.2
c1c(nccc1C1=C(C(=O)NC1=O)c1ccc2OCOc2c1)NC1CCC1,0.810774944,2.588720636,363.373,2.3419,-9.4,-8.9
c1c(cccc1OC)C1C(NC(C=1c1ccnc(NC2CCCCC2)c1)=O)=O,0.78086397,2.43450669,377.444,3.402,-9.3,-8.7
c1c2[nH]nc(c2cc(NC2CCN(C(=NC3CCOCC3)C)CC2)n1)Nc1ccccc1,0.413187441,3.028004981,433.56,4.1752,-9,-9
c1cccc(C2C(=O)NC(C=2c2cc(ncc2)NC2CCOCC2)=O)c1Cl,0.793382813,2.55072892,383.835,2.8931,-9.1,-8.9
c1c(cc(nc1)NC(C)C)-c1ccc2c(NC(=O)C3C2C3)c1,0.908378279,3.263570369,293.37,3.6245,-8.3,-8.5
c12cnc(NC3CCCCC3)nc1n(c(cn2)=O)C(C)C,0.938682258,2.565221313,287.367,2.512,-7.4,-7.4
c1c(C2=C(c3cc(ncc3)NC3CCOCC3)C(=O)NC2=O)ccc(c1)Cl,0.793382813,2.530676849,383.835,2.8931,-8.8,-9
C(N)(=NC(=O)CC)Nc1cc2c(ccc(c2)C)c(=O)n1-c1ccc(cc1)C,0.552669082,2.672572731,362.433,3.27074,-8.9,-8.8
c1(cc2c(cc(=O)[nH]c2cc1)NC1CCC(CC1)O)C,0.786878423,2.355554662,272.348,2.55192,-7.9,-8.3
c1cc(-c2n[nH]c(n2-c2ccc3ccccc3c2)=O)cc(n1)NC1CCOCC1,0.560847365,2.543330396,387.443,3.3667,-9.5,-9.7
O=C1C(c2ccnc(n2)NC2CCCCC2)=C(C(N1)=O)c1ccc(F)cc1,0.81309997,2.475109394,366.396,2.9275,-9.3,-8.8
c1cccc2ncnc(NC3CCC(CC3)NC(NC(C)C)=O)c12,0.806223148,2.184731132,327.432,3.0605,-8.6,-8.2
C1CCOC1CNC(c1n[nH]c2c1cc(-c1ccnc(c1)NC1CCOCC1)cn2)=O,0.559201947,3.239047577,422.489,2.5196,-9.6,-8.6
c12cccc(c1nc(-c1ccc(OC)cc1)c(n2C(C)C)=O)C,0.735335601,2.075532561,308.381,3.96142,-8.1,-8.1
c1(-c2cc(NC(C3CC3)=O)ncc2)cc(ncc1)Nc1ncccc1,0.746085277,2.248866199,331.379,3.6307,-8.3,-7.6
C1N(CCOC1)c1ccc(Nc2nc(ccn2)-c2ccnc(Nc3ccccc3)c2)cc1,0.4576423,2.26204155,424.508,4.8624,-9.5,-9.5
c1c(ccnc1NC1CCC(NC(=O)C)CC1)C1=C(C(=O)NC1=O)c1ccccc1,0.665145515,2.516781009,404.47,2.508,-9.2,-8.8
c1(=O)n(c(c(c(C)c1)C1C(NC(=O)C=1c1ccc(cc1)F)=O)Cl)OC,0.663956271,2.80616187,362.744,1.57482,-8.1,-7.9
c1ccc(C2C(NC(C=2c2cccc(c2)Cl)=O)=O)cc1NC1=NCCCN1,0.71483318,2.642156139,380.835,2.6684,-8.9,-8.7
C1CC1Nc1cc(ccn1)C1=C(C(=O)NC1=O)c1ccc(cc1)Cl,0.840206794,2.381303845,339.782,2.8765,-8.1,-7.8
C1OCCC(Nc2cc(-c3cc(ncc3)Nc3ccc(F)cc3)c(Cl)cn2)C1,0.612649858,2.440070584,398.869,5.2706,-9,-8.5
c1c(-n2c(-c3cc(ncc3)NC3CCCC3)n[nH]c2=O)ccc2c1cccc2,0.565510953,2.416380112,371.444,4.1303,-9.1,-9.5
n1c(NC2CCC2)nc2c(C=C3C(NC(=NC3=O)NC3CC3)=O)cn(c2c1)C,0.541181744,3.183411634,379.424,1.0805,-8.5,-7.8
COc1cc(Nc2cc(ccn2)-c2nc(sc2)NC(=O)C2CC2)ccc1,0.679915418,2.146121182,366.446,4.3058,-8.5,-7.8
c1c(nccc1)C1C(NC(C=1c1cc(NC2CCCCC2)ncc1)=O)=O,0.830242339,2.540047708,348.406,2.7884,-8.9,-8.6
c1c(-c2ccnc(NC3CCOCC3)c2)n[nH]c1-c1cc(NC(C)C)ncc1,0.602030481,2.753488408,378.48,3.9449,-8.8,-8.4
O=C(C1C(c2cc(OC)ccc2)C(=O)NC=1Nc1ccc(OC)cc1)N,0.733829041,2.880297576,353.378,1.7262,-8.1,-7.6
c1(ccc(cc1)C1=C(c2c3cc(Cl)ccc3ncc2)C(NC1=O)=O)F,0.71689064,2.274330326,352.752,3.5945,-8.7,-8.3
C1CC(CCN1C(=O)c1ccc(cc1)OC)Nc1ncc(c(c1)-c1cc(Nc2cnccc2)ncc1)Cl,0.328444808,2.549791816,515.017,5.6609,-9.9,-9.1
c1(cc2c(cc1)c(NC(CCC)=O)n[nH]2)-c1ccccc1,0.758874824,1.979329371,279.343,3.9685,-8,-7.9
OC1CCC(CC1)Nc1nc2c(cn1)ccc(n2C(C)C)=O,0.907201535,2.599664796,302.378,2.0878,-7.7,-7.5
C1CC(Nc2nccc(c2)C2=C(C(=O)NC2=O)c2cccc(c2)Cl)CCC1,0.783688512,2.451789275,381.863,4.0468,-9.4,-8.6
c1cc(ccc1Cl)Nc1c(C(=O)N)cnc(n1)NC1CCOCC1,0.767847492,2.284487653,347.806,2.5634,-8.6,-7.7
O=c1n(cc(CN2CCC(CC2)C(O)=O)c2c1cc(cc2F)F)C,0.932507152,2.451309727,336.338,2.1133,-8.2,-8.1
c1(nccc(C2=C(c3cn(c4ccccc43)C)C(NC2=O)=O)c1)NC1CCCC1,0.673202053,2.577695691,386.455,3.495,-8.9,-8.5
n1c(OC)c(-c2cnc3c(c2)ccc(n3C)=O)ccc1NC1CCC(N)CC1,0.723658015,2.741686968,379.464,2.6859,-8.6,-8.4
C1=CC(C=CC1=O)=Cc1ccc(-c2n(c(=O)[nH]n2)-c2ccc(cc2)Cl)cc1,0.752994218,2.547368565,375.815,3.9595,-8.6,-8.5
c1(ccc(cc1)F)-c1cc(nc(NC2CCC(CO)CC2)n1)C1CCC1,0.82822247,2.373373489,355.457,4.5132,-9,-8.2
c1cnccc1C1C(NC(=O)C=1c1cc(NC2CCOCC2)ncc1)=O,0.814437546,2.651842647,350.378,1.6347,-8.9,-8.5
c1(ccc(-c2ccnc3cc(ccc23)Cl)cc1)CC(=O)N,0.802865322,1.908265159,296.757,3.583,-8.3,-8.1
c1c(NC(=O)C2CC2)nc(cc1-c1ccc2c(c1)cccc2)C,0.770386832,1.956540472,302.377,4.55872,-8.9,-8.4
c1(NC2CCOCC2)nccc(-c2n[nH]c(n2-c2cc3c(cc2)cccc3)=O)c1,0.560847365,2.543330396,387.443,3.3667,-9.1,-9.7
N1C(=O)C(C(=O)N)=C(C1=O)c1ccc(Cl)c(c1)OC,0.612055904,2.421108672,280.667,0.2439,-7.1,-7.1
c1cc(C2=C(c3ccc(cc3)F)C(=O)NC2=O)cc(-c2ccccn2)c1,0.74048934,2.175377182,344.345,3.4549,-9.4,-9.4
c12c(NC(C3CCC(O)CC3)=O)n[nH]c1cc(cc2)-c1cc(ncc1)NC(C)=O,0.542926022,2.550988184,393.447,3.0729,-9.8,-8.5
c1c(c(ccc1C1C(=O)NC(=O)C=1c1cc(OC)ccc1)O)O,0.591798722,2.270832561,311.293,1.6736,-8.2,-8.3
c1ccc(c(Br)c1)C1=C(C(NC1=O)=O)c1ccnc(NC2CCCC2)c1,0.750652513,2.483858413,412.287,3.7658,-8.8,-8
O=C1NC(=O)C(c2c(F)cc(F)cc2)=C1c1cc(NC2CCOCC2)ncc1,0.790955113,2.652270237,385.37,2.5179,-9.2,-9.2
c1c(cc(cc1)C1C(NC(C=1c1ccnc(NC2CCC2)c1)=O)=O)OC,0.811326201,2.423697473,349.39,2.6218,-8.7,-8.2
C(O)CNc1nccc(C2=C(C(NC2=O)=O)c2ccc(cc2)F)c1,0.717770142,2.422109275,327.315,1.1921,-7.9,-7.6
N(c1nccc(-c2ncc(s2)C(=O)N)c1)C(C1CC1)=O,0.893340737,2.403167169,288.332,1.6525,-7.2,-6.8
O=C(c1cc2c(cc1)[nH]nc2NC1CCOCC1)NC(C)CC,0.792204816,2.830899487,316.405,2.6821,-8,-7.8
O=C1NC(=O)C(=C1c1ccncc1)c1cc(NC2CCCCC2)ncc1,0.830242339,2.52048455,348.406,2.7884,-9.2,-8.5
N1C(C(=C(C1=O)c1cc(OC)c(c(OC)c1)OC)c1cc(N(C)C)ncc1)=O,0.760115718,2.567432919,383.404,1.7406,-8.4,-7.4
c1cc(cc(c1)Cl)C1C(=O)NC(=O)C=1c1cc(NC2CCOCC2)ncc1,0.793382813,2.579779216,383.835,2.8931,-9,-9.1
O=C1NC(=O)C(=C1c1ccnc(NCCc2ccccc2F)c1)c1ccccn1,0.634679877,2.523664372,388.402,2.8375,-8.6,-8.4
c1c(C#N)ccc2[nH]nc(c12)-c1ccnc(c1C)NC1CCC(NC(NC2CC2)=O)CC1,0.488993766,2.805367762,429.528,3.9897,-9.6,-8.8
c1ccc(cc1C1=C(c2ccc(cc2)OC)C(=O)NC1=O)C,0.884919715,2.008186136,293.322,2.57082,-8.2,-7.9
ClCCN(CCCl)c1ccc2c3c(n(c2c1)C)ccc(O)c3,0.702514575,2.557416161,337.25,4.3211,-7.2,-7.4
c1nc(ccc1C1C(NC(=O)C=1c1cc2ccccc2cc1)=O)C,0.739434662,2.254405379,314.344,3.11042,-8.5,-8.5
C1CC1CNc1cccc(c1)C1C(NC(C=1c1cc(ccc1)Cl)=O)=O,0.806028222,2.304160012,352.821,3.7291,-7.9,-7.8
c1(-c2cnc3Nc4ccccc4CCc3c2)ccnc(NC2CCC2)c1,0.706920587,2.48670921,342.446,4.9502,-9.3,-9
n1c(NC2CCCC2)cc(C2=C(C(=O)NC2=O)c2ccc(cc2)Cl)cc1,0.808919745,2.395863336,367.836,3.6567,-8.8,-8.8
N1C(=O)C(=Cc2ccccc2)c2cc(Nc3cccc(F)c3)ncc12,0.696929991,2.258839224,331.35,4.457,-9.3,-8.5
c1cc(C2=C(C(NC2=O)=O)c2ccnc(c2)NC2CCOCC2)ccc1Cl,0.793382813,2.530676849,383.835,2.8931,-8.8,-9
c1c(nccc1C1=C(C(NC1=O)=O)c1cc(NC2CCC2)ncc1)NC1CCC1,0.65759315,2.725025997,389.459,2.9726,-9.4,-8.4
c1c(-c2cc(ncc2)Nc2cccc3ccccc23)ccnc1NC1CCOCC1,0.457687168,2.374530956,396.494,5.6313,-9.2,-9
N1C2CCC(C=1NCc1cccc(F)c1)c1ccc(cc1C2)O,0.891165812,4.242756612,310.372,3.5217,-7.8,-7.4
N(C(C1CCC1)=O)c1nccc(C2C(=O)NC(=O)C=2c2cccc(c2)C(=O)N)c1,0.665744835,2.473682016,390.399,1.4863,-9.6,-8.9
C1CC(CCC1C(N)=O)CCNc1cc(-c2ccnc(NC3CCCC3)c2)ccn1,0.594955337,2.552353403,407.562,4.5918,-8.8,-8.7
c12cc(ccc2c(NC(CCC)=O)n[nH]1)-n1c(n(C)c2cc(ccc12)F)=O,0.581273707,2.536466448,367.384,3.0832,-8.8,-8.4
c1cc(ccc1F)C1=C(C(NC1=O)=O)N1CC(Nc2ccccc2)CCC1,0.818274815,2.768558027,365.408,2.7697,-8.3,-8.2
c1c(ccc(c1)F)C1=C(c2ccc(C(N)=O)cc2)C(=O)NC1=O,0.841772581,2.072815254,310.284,1.4918,-8.7,-8.2
c1ccc(F)cc1C1C(NC(C=1c1cccc(F)c1Cl)=O)=O,0.864154688,2.316028275,319.694,3.1854,-8.2,-7.9
c1c(N2CCOCC2)cc(C2=C(c3cc(ccc3)F)C(=O)NC2=O)cc1,0.860983738,2.302852259,352.365,2.2295,-8.7,-9.4
N(C1CCC(CC1)C(=O)NCC)c1nccc(c1)-c1cc2c([nH]nc2NC(C)=O)cc1,0.485908212,2.578014335,420.517,3.6901,-9.1,-9.1
c1cc(-c2ccnc(NC3CCCC3)c2)ccc1CNC(=O)C1CCCCC1,0.71811995,2.100697813,377.532,5.2996,-9.4,-8.8
n1ccc(c2c1n(cc2)-c1ccc(F)cc1Cl)NC1CCC(CC1)OC,0.683796168,2.590996259,373.859,5.1875,-8.1,-7.8
C1C(CCC(NC(=O)C)C1)Nc1sc2CCN(c3c(Cl)cccc3)Cc2n1,0.800576443,2.528914128,404.967,4.2184,-8.4,-8.2
CCCC(=O)Nc1cc(C2C(=O)NC(C=2Nc2cc(Cl)c(Cl)cc2)=O)ccn1,0.621612634,2.524880917,419.268,3.6066,-8.8,-8
c12c(CCC1=Cc1cc(ccc1)OC)cc(cc2)OC,0.828950671,2.013858766,266.34,4.1906,-7.8,-7.7
c12c(NC3CCOCC3)nc(-c3cc(OC)cnc3)nc2n(c(=O)cc1C)C,0.741321958,2.756999083,381.436,2.29842,-8.6,-8.4
c1c(cc(-c2cc(ncc2)NCC2CCOCC2)cc1)C(N)=O,0.889753086,2.21812967,311.385,2.686,-8.2,-8
C1CC1C(=O)Nc1ccc2c(c1)c(C=C1C(=O)NC(=O)NC1=O)c[nH]2,0.497303043,2.480962665,338.323,1.2658,-8.8,-8.6
c1c(C2=C(C(=O)NC2=O)Nc2ccc(F)cc2)ccc(c1)O,0.757465743,2.175208717,298.273,2.0109,-8.3,-7.9
N#Cc1c2ccn(Cc3ccc(F)cc3F)c2ccc1,0.693814194,2.158900411,268.266,3.83948,-7.7,-7.4
O(C)c1cc(Nc2nccc(C3C(=O)NC(=O)C=3c3ccccc3)c2)ccc1,0.672135159,2.258771647,371.396,3.401,-9.3,-8.8
c1c(NC2=C(c3cccc(c3)O)C(=O)NC2=O)ccc(c1)F,0.757465743,2.238519139,298.273,2.0109,-8.6,-8
c1cc(cc2c1c(NC(CCC)=O)n[nH]2)-n1c(-c2ccnc(c2)NC2CCCC2)n[nH]c1=O,0.342796506,2.822824218,446.515,3.592,-9.3,-8.6
C1(C(=O)NCc2c(F)cccc2)CCN(c2cc(F)ccc2)CC1,0.930503925,1.842032804,330.378,3.4976,-8.2,-8.2
C1CC(Nc2c(C3C(C3)C(=O)N)cc3c(cccc3Cl)n2)CCC1O,0.781763435,3.392881316,359.857,3.1924,-8.4,-9
c1c(-n2c3ncc(cc3cc2)-c2ccccc2)cc(nc1)NC1CCOCC1,0.566725314,2.500605896,370.456,4.6784,-9.4,-9
N1C(=O)C(=C(C1=O)c1cc(NC2CCC2)ncc1)c1cc(OC)ccc1,0.811326201,2.423697473,349.39,2.6218,-8.9,-8
c1cc(cc(c1F)C1=C(C(=O)NC1=O)c1ccnc(NC2CCOCC2)c1)F,0.790955113,2.684848506,385.37,2.5179,-9.1,-9.3
C1(c2cc(ncc2)NC2CCOCC2)=C(C(=O)NC1=O)c1cc(NC2CCCC2)ccc1,0.604398265,2.705918371,432.524,3.5942,-10,-8.9
c1nc(-c2ccnc(NC(C)C3CCOCC3)c2)c2cc[nH]c2n1,0.770638451,3.174378562,323.4,3.2469,-8.2,-8.6
c1c(ncc(-c2n[nH]c(n2-c2cc3ccccc3cc2F)=O)c1)NC1CCNCC1,0.486604711,2.68021162,404.449,3.0788,-9.3,-9.6
c1ccc(cc1)C1=C(c2cc(NC3CCCC3)ncc2)C(NC1=O)=O,0.843948257,2.337633323,333.391,3.0033,-8.8,-8.7
c1cc(C2=C(C(=O)NC2=O)Nc2cc3cc([nH]c3cc2)C#N)cc(Cl)c1,0.623141883,2.770236766,362.776,3.17258,-9.1,-8.9
c1c(ccnc1NC1CCCCC1)-c1n[nH]c(n1-c1cc2c(cccc2)cc1)=O,0.541504159,2.427246496,385.471,4.5204,-9.4,-9.9
c12c(nc(c(C3CCOCC3)n1)NC(CCC)=O)cc(Cl)c(Cl)c2,0.85877743,2.560745926,368.264,4.5692,-8,-7.7
C1(CCOCC1)Nc1nc(cc(C2C(NC(=O)C=2c2cccc(c2)F)=O)n1),0.799341023,2.656453181,368.368,1.7738,-9,-8.8
c1c(cccc1OC)C1C(=O)NC(C=1c1ccnc(NCc2cc(N)ccc2)c1)=O,0.433958981,2.460348272,400.438,2.8517,-9.2,-8.8
C1(C(c2cccc(OC)c2)=C(C(=O)N1)c1ccc(N2CCOCC2)cc1)=O,0.84184523,2.223178625,364.401,2.099,-8.3,-8.1
c1cc(ccc1-c1cc2c([nH]nc2NCCCC)cc1)F,0.672762202,2.042127353,283.35,4.581,-7.9,-7.7
c1(ccccc1-c1ccc2[nH]nc(NC(CCC)=O)c2c1)C(=O)O,0.667395894,2.133060632,323.352,3.6667,-8.5,-7.9
n1c(NC2CCOCC2)cc(-c2cc3c(cccc3)cc2)c([nH]1)=O,0.777341225,2.349599651,321.38,3.181,-9.7,-9
c1c(ccc(NC(C2CCCN(C2)C(C)=O)=O)c1)Nc1c2c(ccc(c2)Cl)ncc1,0.631146961,2.597067444,422.916,4.8288,-9.8,-9
c1cc(ncc1-c1n[nH]c(n1-c1cc2c(cccc2Cl)cc1Cl)=O)NC1CCOCC1,0.466275332,2.774974473,456.333,4.6735,-9.5,-9.5
C1(NC(C(=C1c1cc(ncc1)NC1CCCC1)c1ccc(F)cc1)=O)=O,0.830425976,2.400630105,351.381,3.1424,-9.2,-8.7
n1c(sc(-c2ccnc(n2)NC2CCOCC2)c1)C1CCOCC1,0.917376834,2.794505881,346.456,3.085,-8,-7.7
N1C(C(Nc2cc(ccn2)-c2c(F)cc(NC3CCC3)cc2)=C1)=O,0.789843853,2.772921767,324.359,3.2352,-8.4,-8.2
n1ccc(cc1NC(C)C)-c1ccc2c(CCC(N2C)=O)c1,0.942635089,2.328009958,295.386,3.4779,-8.3,-8.1
c1cc(ccc1F)C1C(=O)NC(C=1c1ccnc(NC2CCC2)c1)=O,0.841806812,2.399366946,337.354,2.7523,-8.7,-8.4
c1cc(F)ccc1-c1n[nH]c(n1-c1ccc2c(c1)cccc2)=O,0.615811908,2.028274101,305.312,3.5199,-8.7,-8.8
C1(Nc2cc(ccn2)C2=C(C(NC2=O)=O)c2cc(ccc2)OC)CC1,0.819235109,2.409685256,335.363,2.2317,-8.4,-7.8
Fc1ccccc1C1=C(c2cc(N)ncc2)C(NC1=O)=O,0.815120659,2.383799031,283.262,1.3701,-7.7,-7.9
c1(c(cccc1)C1C(NC(=O)C=1c1ccc(cc1)Cl)=O)Cl,0.860728599,2.00904701,318.159,3.5606,-7.5,-7.8
C(C)(C1C(=O)NC(=O)C=1c1nccc(c1)C1CC1)=O,0.645178876,2.767011074,256.261,0.958,-7.4,-7
c1c(-c2noc(n2)C2C(NC(C=2c2ccc(F)cc2)=O)=O)ccc(F)c1,0.731773008,2.349134063,353.284,2.582,-9.2,-9
c1cc(cc(n1)NC1CCOCC1)-c1ccnc(c1)NC1CC1,0.887057124,2.430474388,310.401,3.3088,-7.6,-7.2
c1c(Cl)ccc(C2=C(c3cc(NC4CCOCC4)ncc3)C(NC2=O)=O)c1,0.793382813,2.530676849,383.835,2.8931,-8.8,-9.1
C(=O)(Nc1n[nH]c2c1cc(c(Cl)c2)F)CCC,0.885436474,2.307285567,255.68,3.094,-7,-6.5
C1(c2nc(ccc2)-c2cc(C3CCOCC3)on2)C(NC(=O)C=1c1ccc(cc1)F)=O,0.652168184,2.847351396,419.412,3.3369,-10,-9.6
c1(ccc(O)cc1)C1C(=O)NC(=O)C=1c1cccc(OC)c1,0.848869701,2.104573233,295.294,1.968,-7.9,-7.7
C1(CCC(Nc2nc3c(cc2)c2c([nH]3)cc(cc2)Cl)CC1)NC(=O)C,0.65737372,2.421028159,356.857,4.2287,-8.6,-8
N1C(=O)C(c2ccc(cc2)Cl)=C(c2ccc(cc2)Cl)C1=O,0.860728599,1.948759687,318.159,3.5606,-8.3,-7.4
C1C2N(OCC2CN(C1)Cc1cc(OC)c(cc1)OC)C(c1cccc(F)c1)=O,0.772010982,3.244246158,400.45,3.121,-8.8,-8.8
c1c(cccc1)C1C(NC(=O)C=1c1cn(c2ccc(cc12)O)C)=O,0.713044405,2.337873754,318.332,2.4511,-8.5,-8.3
c1c(NC)ccc2c3c(ncc21)ccc(c3)CCC(=O)NCCO,0.609331552,2.2605017,323.396,2.4708,-8.3,-7.9
C1(NC(=O)C(=C1c1ccnc(NC2CCCC2)c1)c1ccc(Cl)c(Cl)c1)=O,0.748155491,2.503487001,402.281,4.3101,-9.1,-8.1
c1c(NC2=C(c3ccccc3)C(NC2=O)=O)cc(cc1)N1CCOCC1,0.826502301,2.263869773,349.39,2.0028,-8.6,-8.5
C1CCC(C1)Nc1nccc(C2=C(c3cc(c(cc3)Cl)Cl)C(NC2=O)=O)c1,0.748155491,2.503487001,402.281,4.3101,-8.9,-8.9
C1(c2ccnc(c2)NC2CCC(OC)CC2)C(=O)NC(=O)C=1c1cc(C)ccc1,0.764514025,2.619985403,391.471,3.32672,-9.2,-8.9
c12c(nccc1cccc2)NC(=O)CCC,0.852990957,1.813259847,214.268,2.9734,-6.8,-6.4
C(C)(C)n1c2c(cc3c(c2)C(=O)NC3=O)c2ccccc12,0.694543742,2.358782082,278.311,3.259,-8.3,-8.6
C1(O)C(=C(C(N1)=O)c1cc(NC2CCC2)ncc1)c1ccccc1,0.808298099,3.063511795,321.38,2.405,-8.4,-8
c1(NC2CCCCC2)cc(-c2c(n[nH]c2-c2cccc(Cl)c2)N)ccn1,0.597555154,2.447861473,367.884,5.1189,-9.1,-8.6
c1(cc(C2=C(C(NC2=O)=O)c2ccncc2)ccc1)F,0.844636013,2.22207288,268.247,1.7879,-7.6,-7.5
O=C(C1CC1)Nc1nccc(C2C(NC(C=2c2c(cc(cc2)Cl)Cl)=O)=O)c1,0.768650722,2.443010885,402.237,3.3041,-8.8,-8.2
c1cc(Nc2nccc(C3=C(C(=O)NC3=O)c3cc(Cl)cc(Cl)c3)c2)ccc1N,0.428362954,2.542232089,425.275,4.2814,-10,-8.7
O=C(c1ccc(cc1)C1C(=O)NC(C=1c1cccc(OC)c1)=O)O,0.839161738,2.069101461,323.304,1.9606,-8.2,-8.2
C1(=O)CCCC(N1)C(Nc1cc(ccn1)-c1ccnc(c1)Nc1ccccc1)=O,0.622738607,2.822864101,387.443,3.4944,-10.2,-8.9
c1(F)ccc(C(Nc2cc(ncc2)Nc2ccc(cc2)O)=O)cc1,0.636205836,1.855252871,323.327,3.9222,-8.6,-7.7
N(C(C)=O)c1cc(ccn1)C1=C(C(=O)NC1=O)c1cccc(c1)C,0.845420624,2.368420175,321.336,1.91562,-8.6,-8.5
c1cccc(C2=C(c3cc(NC4CCNCC4)ncc3)C(NC2=O)=O)c1,0.734274729,2.522758234,348.406,1.8127,-8.9,-8.8
N(c1cc(ccn1)-c1ccnc(c1)NCC1CCOCC1)C1CCOCC1,0.81237194,2.595336218,368.481,3.573,-8.6,-7.9
C1CC(CCC1Nc1nccc(c1)-c1ccnc(c1C(O)=O)OC)C,0.859375534,2.518475071,341.411,3.841,-8.1,-7.6
N1C(=O)C(c2c3cc(ccc3n(C)c2)C(F)(F)F)=C(C1=O)c1ccccc1,0.698571865,2.401980116,370.33,3.7643,-9.1,-8
c1c(F)cc(cc1)C1=C(C(NC1=O)=O)Sc1cc(ncc1)NC1CCCC1,0.770034456,2.742288684,383.448,3.735,-8.3,-8.3
n1ccc(cc1-c1sc(C(=O)Nc2cc(ncc2)NC2CCOCC2)cc1)F,0.674070618,2.623047507,398.463,4.1874,-9.1,-8.1
c1(NC2CCOCC2)nccc(-c2n[nH]c(n2-c2ccc(cc2)F)=O)c1,0.750426955,2.510373214,355.373,2.3526,-8.4,-8.6
C1NCCC(C1)Nc1cc(C2C(NC(C=2c2ccc(Cl)cc2)=O)=O)ccn1,0.707431978,2.576173891,382.851,2.4661,-8.7,-8.9
N(c1cc(ccn1)C1=C(C(NC1=O)=O)c1ccc(cc1)F)C1CCCCC1,0.813387824,2.407270341,365.408,3.5325,-9.5,-9
c1(C2=C(C(NC2=O)=O)c2ccc(Cl)cc2)ccnc(NC2CCOCC2)c1,0.793382813,2.530676849,383.835,2.8931,-8.9,-9
C(C)OC(NC(C)C)=C1C(Nc2c1ccc(c2)-c1cnccc1)=O,0.653718486,2.66954208,323.396,3.4038,-7.6,-7.5
c1cc(ccc1Nc1nccc(C2C(=O)NC(C=2c2ccc(cc2Cl)Cl)=O)c1)OC,0.562256851,2.374178467,440.286,4.7078,-9.4,-8.4
Clc1cc2c(cc1)c(NC1CCC(NC(=O)NC3CCCC3)CC1)n[nH]2,0.646552483,2.424709247,375.904,4.1812,-9,-7.8
O=C1NC(C(=C1c1ccc(OC)cc1)c1ccnc(NC2CCOCC2)c1)=O,0.774833116,2.510002416,379.416,2.2483,-9.2,-8.9
c1(F)c(c(F)ccc1)C1=C(c2cn(c3ccccc32)C)C(=O)NC1=O,0.730443395,2.426885522,338.313,3.0237,-8.7,-8.9
c1c(-c2ccc(c(c2)F)C(N)=O)ccc(c1)NC1CC(NC2CC2)CCC1,0.721013524,2.982582564,367.468,4.0667,-8.4,-7.9
c1ccc(F)c(-c2ccnc(c2)Nc2cc(CN3CCOCC3)ccc2)c1,0.726037222,2.069761154,363.436,4.4635,-8.9,-8.5
N1C(=O)C(c2ccnc(NC3CCOCC3)c2)=C(C1=O)c1ccnc(OC)c1,0.760421373,2.771291305,380.404,1.6433,-9.1,-8.6
Fc1c(cc(C2=C(c3cc(ncc3)NC(C3CC3)=O)C(NC2=O)=O)cc1)F,0.809651844,2.468484116,369.327,2.2755,-8.6,-8.8
c1ccccc1NC1=C(C(NC1=O)=O)c1cc(ncc1)NC1CCC1,0.732013348,2.429849313,334.379,2.5256,-8.2,-8.3
C1(C)C(n2c(n(c(=O)c3c2ccc(c3)Cl)-c2ccccc2)=O)CCCC1,0.6652733,2.893004865,368.864,4.557,-9.1,-9.3
C1(C(=C(C(N1)=O)c1ccc(F)cc1)c1ccnc(c1)NC1CCCCC1)=O,0.813387824,2.407270341,365.408,3.5325,-9.4,-8.7
C1(=C(c2ccnc(NC3CCOCC3)c2)C(=O)NC1=O)c1ccc(cc1)F,0.81135624,2.535260281,367.38,2.3788,-9,-8.9
c1(nccc(C2=C(C(NC2=O)=O)c2ccc(F)cc2)c1)NC1CCOCC1,0.81135624,2.535260281,367.38,2.3788,-9.1,-8.9
C1CC(Nc2cc(cc(F)c2)F)CCC1NC(=O)C1CCOc2cc(Cl)ccc12,0.729442624,2.969900893,420.887,5.0238,-9.2,-8.6
C1CN(C(C)=O)Cc2cc(ccc21)C1=C(c2ccncc2)C(NC1=O)=O,0.836270361,2.50440371,347.374,1.5534,-9.2,-9
C1(c2ccc(F)cc2)C(NC(C=1c1ccc(Cl)c(c1)Cl)=O)=O,0.850313677,2.123716548,336.149,3.6997,-7.9,-7.7
c1nc2c(n1-c1cc3c(cccc3)cc1)ccnc2NC1CCCCC1,0.54788371,2.33597091,342.446,5.3183,-9.2,-9.1
O=c1[nH]c(ccn1C)=O,0.488107589,2.461139546,126.115,-0.9264,-4.6,-5
CCNC(=O)C1CCC(CC1)Nc1cc(-c2cc(ncc2)Nc2ccccc2)ccn1,0.506385335,2.347721117,415.541,4.994,-9.2,-8.6
n1c(ccc(C2C(NC(=O)C=2c2cc(NC3CCCCC3)ncc2)=O)c1)NC1CCC1,0.619700957,2.712799088,417.513,3.7528,-9.5,-9.1
c1c2NC(C(c2cc(F)c1)=Cc1ccc(OCCN2CCOCC2)cc1)=O,0.824593652,2.23320639,368.408,3.0294,-8.7,-8.3
COc1ccc(C2=C(C(NC2=O)=O)Nc2cc(NCCCO)ccc2)cc1OC,0.378388842,2.416203383,397.431,1.9777,-8.1,-7.8
c12c(nc(nc2)NC2CCOCC2)[nH]nc1-c1ccc(CO)cc1,0.679713959,2.563117094,325.372,2.1031,-8.2,-7.8
C(C)(=O)NC1CCC(Nc2nnc3cc(ccc3c2)-c2cnccc2)CC1,0.742771347,2.460106293,361.449,3.551,-9,-8.6
c1cc(ccc1C1=C(C(NC1=O)=O)c1ccnc(c1)NCC)F,0.849453451,2.36362995,311.316,2.2197,-7.7,-7.9
c1(Cl)cc(C2=C(C(NC2=O)=O)c2ccc(Cl)cc2)ccc1,0.860728599,2.047452486,318.159,3.5606,-8.4,-7.7
c1cc(cc(NCCCCC)n1)C1C(=O)NC(C=1c1cc([nH]cc1)=O)=O,0.521773462,2.734938429,352.394,1.9392,-8.3,-9.1
n1c(Nc2ccc3c(OCCO3)c2)nccc1-c1ccnc(c1)Nc1ccccc1,0.500673913,2.287567879,397.438,4.797,-9.9,-8.7
C1(CC1)C(Nc1cc(ccn1)C1C(NC(C=1c1ccc(cc1)F)=O)=O)=O,0.826296828,2.34537343,351.337,2.1364,-8.3,-8.6
N(c1nccc(c1)-c1scc(n1)C(N)=O)C(=O)C1CCCCC1,0.900286181,2.283567745,330.413,2.8228,-8.2,-7.8
c1cc(Cl)ccc1C1C(=O)NC(C=1c1cc(NC2CCOCC2)ncc1)=O,0.793382813,2.530676849,383.835,2.8931,-8.8,-9.1
c1(cc(ccc1)C1C(=O)NC(C=1c1ccnc(NC2CCOCC2)c1)=O)OC,0.774833116,2.557756263,379.416,2.2483,-9.1,-8.8
c1(ccc2c(c1)[nH]nc2NC(CCC)=O)-c1ncc(cc1)F,0.774075026,2.308688192,298.321,3.5026,-8,-7.4
C(NC)(=O)Nc1cccc(c1)C1=C(c2ncc(Cl)cc2)C(NC1=O)=O,0.732621608,2.445961566,356.769,2.0535,-8.7,-8.4
c1c(ccc(c1)C1=C(C(NC1=O)=O)c1ccc(cc1)F)F,0.861840499,1.960878592,285.249,2.532,-8.1,-7.6
C1CC1Nc1cc(ccn1)C1=C(c2ccc(Cl)cc2)C(NC1=O)=O,0.840206794,2.381303845,339.782,2.8765,-8.3,-7.8
Fc1ccc(C2=C(c3ccc(cc3)F)C(=O)NC2=O)c(F)c1,0.867067392,2.148955135,303.239,2.6711,-8.4,-7.9
N1C(=O)C(c2ccccc2)=C(C1=O)c1cc(ncc1)NC1CCOCC1,0.827718733,2.476063902,349.39,2.2397,-8.8,-8.7
c1cnc(NC2CCN(CC2)C(=O)C)c2cc(-c3ccc(cc3)Cl)c(Cl)nc12,0.610230844,2.365327737,415.324,5.0264,-9.1,-9
c1n(c2c(cc(NC3CCOCC3)nc2)c1C1C(=O)NC(=O)C=1c1ccc(F)cc1)C,0.634329285,2.801033868,420.444,2.8705,-9.4,-8.3
c1cccc(n1)C1=C(c2cnc(cc2)NC2CCOCC2)C(=O)NC1=O,0.814437546,2.655941838,350.378,1.6347,-8.7,-8.3
c1(nccc(-c2cc(ncc2)NC(C)C)c1)NC1CCOCC1,0.88387345,2.465576972,312.417,3.5548,-7.6,-7.8
O=C1C(=C(C(=O)N1)c1ccc(cc1)Nc1ccccc1)c1ccc(C)cc1,0.686727361,2.01864253,354.409,4.30582,-8.8,-9.7
c1(NC(=O)C2=C(c3c(Cl)cccc3)CCOC2)cc(C2CC2)ncc1,0.883466616,2.724207005,354.837,4.425,-8.8,-7.4
c1(NC2C(=O)NC(C=2c2cccc(c2)CO)=O)ccc(F)cc1,0.752317357,2.241837051,312.3,1.7976,-8.1,-7.9
c1(nc(NC2CCOCC2)ncc1)C1C(NC(C=1c1ccc(F)cc1)=O)=O,0.799341023,2.603099335,368.368,1.7738,-9,-8.8
c1(F)cccc(c1)-c1nc(C(N)=O)[nH]c1-c1ccnc(c1)NC1CCC1,0.656638469,2.579564001,351.385,3.3411,-9,-8.4
c1cc(C2C(=O)NC(=O)C=2c2ccnc(NC3CCOCC3)c2)cc(F)c1,0.81135624,2.588614128,367.38,2.3788,-9.1,-9
O=C(C=C1C(NC(=O)S1)=O)Nc1nccc(C2CC2)c1,0.827810109,2.723762499,289.316,1.7644,-7.7,-7.2
c1c(F)ccc(C2C(=O)NC(=O)C=2c2ccc(cc2)OC)c1,0.885129722,1.968353878,297.285,2.4015,-7.6,-7.6
c1c(cc(cc1)F)C1C(NC(C=1c1ccnc(NC2CCC2)c1)=O)=O,0.841806812,2.45798103,337.354,2.7523,-8.9,-8.4
c1oc(cc1)C1=C(C(NC1=O)=O)c1cc2c(cc1)OCO2,0.846491599,2.477327858,283.239,1.5755,-8.2,-8.2
N1C(=O)C(=C(C1=O)c1ccc(F)cc1)c1ccnc(NCCC(O)C)c1,0.689369325,2.94663393,355.369,1.9707,-8.2,-9
c1cc(ccn1)Nc1cc(OC)c(Cl)c(C(NCC2CCOCC2)=O)n1,0.805561093,2.564699643,376.844,3.0386,-8.2,-7.4
c1c(C2C(NC(C=2c2c(ccc(c2)F)F)=O)=O)cc(NC2CCOCC2)nc1,0.790955113,2.684848506,385.37,2.5179,-9.2,-9.2
O=C1NC(=O)C(c2ccnc(NC(C3CC3)=O)c2)=C1c1c(Cl)cc(cc1)Cl,0.768650722,2.443010885,402.237,3.3041,-8.7,-7.9
O=c1c2c(cc(Cl)cc2)n(C)cc1C1C(NC(=O)C=1c1cccc(c1)C)=O,0.696699676,2.505961039,378.815,3.06752,-9.4,-9.3
c1cc(ccc1Cl)C1=C(C(NC1=O)=O)c1c2cc(ccc2n(C)c1)OC,0.722528314,2.305329595,366.804,3.4075,-8.2,-7.5
c1ccc(F)cc1Nc1cc(ncn1)-c1ccnc(NC2CCCC2)c1,0.694212992,2.325004115,349.413,4.7758,-9.1,-8.4
c1cc(cc(Cl)c1C)C1C(=O)NC(=O)C=1c1cc2ccccc2cc1,0.699616222,2.171160879,347.801,4.36882,-9.5,-8.9
n1c(NC2CCCC2)nccc1-c1cc(C(N)=O)ccc1,0.902809051,2.047881451,282.347,2.597,-8,-8.2
N1C(C(c2ccc(F)cc2)=C(C1=O)c1cc(ncc1)NC1CCCCC1)=O,0.813387824,2.407270341,365.408,3.5325,-9.4,-8.6
c1(cc2c(nc(nc2NCCCOC)C)cc1)-c1ccc(cc1)F,0.690307706,2.065052202,325.387,4.19272,-7.5,-7.5
c1c(C2C(NC(=O)C=2c2ccnc(c2)NC2CCC2)=O)ccc(c1)Cl,0.827499606,2.394331626,353.809,3.2666,-8.6,-8.5
c1c2c(ccc1Cl)cc(-c1n[nH]c(n1-c1cc(NC3CCCCC3)ncc1)=O)cc2,0.477880965,2.517009522,419.916,5.1738,-10.5,-8.7
c1(cc(-c2[nH]c(-c3ccc(F)cc3)nn2)ccc1)NC(=O)C1CC1,0.770387434,2.237577286,322.343,3.6263,-8.8,-8.2
c1(cc(ncc1)NC(C)C)-c1n[nH]c(n1-c1cc2c(cccc2)cc1)=O,0.592506646,2.422086105,345.406,3.5961,-8.5,-8.6
c1c(Br)cc2c(c1)[nH]c(-c1cc([nH]n1-c1ccc3c(c1)cccc3)=O)n2,0.450048835,2.58455034,405.255,4.6246,-8.9,-8.7
c1cc(-n2c(-c3ccc(cc3)Cl)n[nH]c2=O)cc(NC(COC)=O)c1,0.732859781,2.141327293,358.785,2.4659,-8,-7.7
c1(Nc2cc(ccn2)-c2ccc(F)cc2)cc(ncc1)NC1CCOCC1,0.69189825,2.354451923,364.424,4.6172,-9,-8.8
c1(cccnc1)C1=C(c2cc(NC3CCCC3)ncc2)C(=O)NC1=O,0.838947428,2.528200024,334.379,2.3983,-8.8,-8.5
c1(cc(C2=C(c3ccnc(NC4CCOCC4)c3)C(NC2=O)=O)ccc1Cl)Cl,0.742939941,2.633025814,418.28,3.5465,-9.2,-9.2
N1C(C(c2ccnc(NC3CCCC3)c2)=C(c2cc(C)n[nH]2)C1=O)=O,0.741452272,2.901076236,337.383,2.03482,-8.9,-8.5
c1(C2C(NC(C=2c2ccc(cc2)OC)=O)=O)c(F)ccc(C(N)=O)c1,0.824161995,2.227187691,340.31,1.5004,-8.1,-8.5
c1(C(=O)N)nn(C)c(c1)C1C(NC(C=1c1ccc(cc1)F)=O)=O,0.790446508,2.560073839,314.276,0.2253,-8.1,-8
O=C1NC(C(c2ccc(cc2)F)=C1c1ccnc(c1)NC1CCOCC1)=O,0.81135624,2.535260281,367.38,2.3788,-9,-8.9
C1(C(c2cc(NC(=O)C)ncc2)=C(C(=O)N1)c1ccncc1)=O,0.823851491,2.470251726,308.297,1.0022,-8.3,-7.7
c1(cccc(OC)c1)C1=C(C(NC1=O)=O)c1ccnc(c1)NC1CCOCC1,0.774833116,2.557756263,379.416,2.2483,-9,-8.8
c1(C2=C(C(NC2=O)=O)c2ccc(C)cc2)ccc(C2=CCCCC2)cc1,0.833019463,2.337218413,343.426,4.51962,-9.4,-9
c1(cc(cnc1)C1=C(c2ccnc(NC3CCOCC3)c2)C(NC1=O)=O)Cl,0.785469677,2.793565607,384.823,2.2881,-9.2,-8.8
C1(c2ccnc(NC3CCOCC3)c2)=C(OCC1=O)c1cccc(c1)OC,0.876661273,2.745272213,366.417,3.1487,-8.6,-8.3
c1ccc(C2=C(c3ccc(cc3)Br)C(NC2=O)=O)cc1,0.861659341,1.973575714,328.165,3.0163,-7.5,-7.7
C1(NC(C(c2c1ccnc2)=C1c2c(NC1=O)ccc(c2)Cl)=O)=O,0.571464262,2.56846782,325.711,1.8679,-9.4,-8.5
c1(cc(cc(F)c1)F)Nc1nccc(C2=C(C(=O)NC2=O)c2ccccc2)c1,0.680884678,2.413650814,377.35,3.6706,-9.6,-9
N(CC1OCCC1)c1nccc(c1)-c1nn(c(c2ccc(F)cc21)=O)C,0.780167021,2.908482099,354.385,2.7255,-8.6,-8.2
C1C(CCC(NC(=O)c2cc(n[nH]2)-c2cccnc2)C1)C(=O)N,0.787667709,2.325043269,313.361,1.2456,-8.4,-7.4
C1(=O)NC(=O)C(=C1c1ccc(F)cc1)c1cn(C)c2ccccc21,0.738264262,2.222333709,320.323,2.8846,-8.6,-8.4
c1cc(cc(NC2C(NC(=O)C=2c2ccnc(NC(C)C)c2)=O)c1)C,0.731358701,2.53557783,336.395,2.68992,-8.4,-8.2
c1nccc(C2=C(c3ccc(cc3)OC)C(=O)NC2=O)c1,0.868126945,2.11147362,280.283,1.6574,-7.7,-7.5
c1cc(ccn1)-c1cc2c(cc1)c(NC(CCC)=O)n[nH]2,0.769418044,2.198332397,280.331,3.3635,-7.6,-7.5
c1c2c(nccc2)cc(c1)C1=C(c2ccc(cc2)F)C(NC1=O)=O,0.739145812,2.213619426,318.307,2.9411,-8.5,-8.7
C1CC(Nc2nccc(c2)-c2cc(NC3CCOCC3)ncc2)CCO1,0.858422518,2.568967951,354.454,3.3254,-8.5,-8.1
n1(c2c(cn1)ccc(NC1CCN(CC1)C(=O)NC1CCOCC1)n2)C(C)C,0.844085883,2.654130622,386.5,2.7771,-8.8,-8.2
c1ccc2cc(-c3nn[nH]c3-c3cc(ncc3)NC3CCOCC3)sc2c1,0.553262807,2.940821688,377.473,4.3393,-8.9,-9.1
CC(C(=O)NC1CCCC1)Nc1cc(ccn1)-c1cc(ncc1)Nc1ccccc1,0.532581822,2.744367139,401.514,4.7464,-9.5,-8.3
c1c(cc(cc1)C1C(NC(=O)C=1c1cc(C2CCOCC2)ncc1)=O)C#N,0.849871052,2.731101701,359.385,2.41448,-9.7,-9.5
N(c1cc(ccn1)C1=C(C(=O)NC1=O)c1c(Cl)c(ccc1)Cl)C1CCOCC1,0.742939941,2.669217929,418.28,3.5465,-9.1,-8.9
C1COCCN1CCCNC(=O)c1cc(ncc1)Nc1cc(C2CC2)ncc1,0.684389585,2.447473211,381.48,2.5497,-8.1,-7.7
C1CN(Cc2ccc(cc2)F)CCC1C(N)=O,0.864596791,1.643013697,236.29,1.523,-6.7,-6.5
O(c1cc(C2C(=O)NC3=C2C(=O)NC3=O)ccc1)C,0.720575055,3.083613263,258.233,-0.1809,-7.7,-7.6
c1(F)cc(C2C(NC(=O)C=2Nc2ccccc2)=O)cc(F)c1,0.856067072,2.271461819,300.264,2.4444,-7.9,-7.7
c1c(cc(cc1)-c1cc(nc(n1)NCC1CCOCC1)OC)C1CC1,0.865694845,2.41560993,339.439,3.8681,-8.4,-7.7
c1c(C2=C(c3ccccc3)C(NC2=O)=O)ccnc1NC1CCCC1,0.843948257,2.337633323,333.391,3.0033,-8.7,-8.5
c1c(ccnc1NC1CCOCC1)C1=C(C(=O)NC1=O)c1ccc(Cl)c(Cl)c1,0.742939941,2.633025814,418.28,3.5465,-9.3,-9.2
CC(C)NC(NC1CCC(CC1)Nc1n[nH]c2c1cc(cn2)Cl)=O,0.681251428,2.598759727,350.854,3.042,-8.3,-7.6
C1(=O)NC(=O)C(=C1c1cc(NC(C)C)ncc1)c1ccc(cc1)F,0.847843609,2.42057471,325.343,2.6082,-8.2,-7.9
c1cc(C2=C(C(=O)NC2=O)c2cc(ncc2)NC2CCOCC2)ccc1F,0.81135624,2.535260281,367.38,2.3788,-9.1,-8.9
c1ccc(cc1C(N)=O)C1=C(c2ccc(cc2)OC)C(=O)NC1=O,0.830382419,2.107548303,322.32,1.3613,-8.7,-8.3
C1(=O)C(=C(C(=O)N1)c1cc(NC2CCCC2)ncc1)c1cccc(c1)F,0.830425976,2.456118105,351.381,3.1424,-9.3,-8.7
c1ccc(N(C)C)c(C2C(NC(C=2Nc2ccccc2)=O)=O)c1,0.85047702,2.29690853,307.353,2.2322,-7.8,-7.6
c1(cc(-c2csc(C(N)=O)c2)ccn1)NC1CCOCC1,0.909487965,2.564653961,303.387,2.4999,-7.7,-7.5
c1ccc(Br)cc1N=C1SC(=Cc2ccc(cc2)F)C(=O)N1,0.784538767,2.729213467,377.238,4.4798,-8.1,-8.1
C1(=O)NC(=O)C(=C1c1cc(NC2CCOCC2)ncc1)c1cccc(F)c1,0.81135624,2.588614128,367.38,2.3788,-9.1,-8.9
c1(Cl)c(ccc(C2=C(c3ccc(F)cc3)C(NC2=O)=O)c1)Cl,0.850313677,2.123716548,336.149,3.6997,-8.4,-7.8
c1cc(C(N)=O)ccc1C1=C(c2ccnc(c2)NC2CCC2)C(NC1=O)=O,0.700781539,2.457557946,362.389,1.7121,-8.9,-9
C1(=C(c2cn(c3ccccc32)C)C(NC1=O)=O)c1ccc(cc1)Cl,0.72915021,2.217076243,336.778,3.3989,-8.1,-8.5
c1nc(NC2CCCC2)cc(c1)C1C(NC(C=1c1ccc(OC)cc1)=O)=O,0.798456144,2.377005843,363.417,3.0119,-9.2,-8.6
C1C(CCNC(=O)c2nc(ccc2)C(N)=O)CCC(Nc2ccccc2N)C1,0.54893678,2.357940814,381.48,2.5535,-8.5,-7.7
c1ccc(F)cc1C1C(NC(C=1N1CCC(CC1)C)=O)=O,0.845960047,2.398590948,288.322,1.9251,-7.9,-8
C(C)C(NC1CCC(Nc2nc3c(cn2)cnn3-c2ccc3c(cccc3)c2)CC1)=O,0.510797616,2.508406493,414.513,4.218,-9.8,-8.7
c1c(cccc1Nc1nccc(-c2n(-c3ccc4c(cccc4)c3)c([nH]n2)=O)c1)O,0.423316918,2.427826131,395.422,4.225,-9.8,-9.8
Cc1cc(cc(C2C(=O)NC(C=2Nc2cc(C)ccc2)=O)c1)C,0.856785774,2.296043379,306.365,3.09146,-8.6,-8.3
c1ncccc1C1C(NC(C=1c1cc(NC(CC)=O)ncc1)=O)=O,0.828492103,2.491280994,322.324,1.3923,-8.1,-8.2
[nH]1nc(NC(CC)=O)c2c1ncc(c2)-c1ccc(O)cc1,0.688451815,2.311587467,282.303,2.679,-8.3,-8.3
C1(C(NC(=O)C=1c1cc(NC2CC2)ncc1)=O)c1ccccc1,0.849778607,2.321965647,305.337,2.2231,-8,-7.6
C1(c2ccnc(NC3CCOCC3)c2)=C(C(NC1=O)=O)c1ccc(cc1)F,0.81135624,2.535260281,367.38,2.3788,-9,-8.9
c1(C2C(NC(=O)C=2c2ccnc(NC3CCOCC3)c2)=O)ccc(F)cc1,0.81135624,2.535260281,367.38,2.3788,-9.1,-8.9
C1C(Nc2ccc(F)cc2)CCN(C1)c1ccnc(c1)NC1CCOCC1,0.836173454,2.349529616,370.472,3.8925,-8.7,-8.3
C(C)NC(=O)Nc1n[nH]c2c1cc(-c1n[nH]c(n1-c1ccccc1)=O)cc2,0.444239518,2.484038388,363.381,2.2453,-9.1,-8.6
c1cc(cc2c1n(cc2C=C1C(NC(NC1=O)=O)=O)C)F,0.607845184,2.504052108,287.25,1.0668,-8.2,-8.6
n1[nH]c2ccc(Br)cc2c1NC(CCC)=O,0.908526205,2.175031552,282.141,3.064,-6.8,-6.7
C1(c2ccc(F)cc2F)=C(c2cc(NC3CCOCC3)ncc2)C(=O)NC1=O,0.790955113,2.652270237,385.37,2.5179,-9.3,-9.3
c1cc(cc(c1)C1C(=O)NC(=O)C=1c1ccc(cc1)F)O,0.829409392,2.138771391,283.258,2.0985,-7.8,-7.8
C1(NC(=O)C(=C1c1ccc(cc1)F)c1cc(NC2CCCC2)ncc1)=O,0.830425976,2.400630105,351.381,3.1424,-8.9,-8.6
n1(-c2ccc3c(cccc3)c2)c(-c2ccnc(c2)NC2CCC(CC2)OC)n[nH]c1=O,0.511612323,2.60265924,415.497,4.1453,-9,-9.3
c1cc(-c2cc3c(cc2)[nH]nc3NC(CCN2CCOCC2)=O)ccc1F,0.726284192,2.216952057,368.412,3.0298,-8.8,-8.7
c1c(C2C(=O)NC(=O)C=2Nc2cccc(C(N)=O)c2)cccc1,0.740190247,2.146916341,307.309,1.2651,-8.8,-8.4
c1nccc(-c2n[nH]c(=O)n2-c2cc3ccccc3cc2)c1,0.616613644,2.158835073,288.31,2.7758,-8.4,-8
c1c(cc(Cl)cc1C1=C(C(=O)NC1=O)c1ccc(cc1)F)Cl,0.850313677,2.218512765,336.149,3.6997,-8.4,-8.1
N(c1nccc(c1)-c1cc(ncc1)Nc1ccc(F)cc1)c1ccccc1,0.476514629,2.033813077,356.404,5.7699,-9.3,-8.6
c1(cc(ncc1)NC1CCOCC1)-n1c([nH]c(=O)cc1)=O,0.858830777,2.598023192,288.307,0.5117,-7.4,-7.6
c1c(Cl)c(-c2c(cnc(Nc3ccc(cc3)N3CCOCC3)n2)F)ccc1,0.716481196,2.174735309,384.842,4.5163,-8.9,-8.8
c1c(nccc1C1C(N)=C(C(=O)N1)c1ccc(cc1)F)NC1CCOC1,0.781047747,3.548950611,354.385,1.9624,-9.1,-8.3
COc1ccc(cc1)C1=C(c2ccccc2F)C(NC1=O)=O,0.885129722,2.012239486,297.285,2.4015,-7.7,-8
c1(cccc(c1)C1C(=O)NC(C=1c1ccc(Cl)cc1)=O)C(N)=O,0.845401601,2.127174388,326.739,2.0061,-8.9,-8.3
n1c2c(n(C(C)C)c1)nc(nc2)NC1CCC(Nc2ncccn2)CC1,0.728705427,2.691590218,352.446,3.0324,-8.5,-7.6
c1c(O)cccc1C1=C(C(=O)NC1=O)c1ccnc(NC2CCOCC2)c1,0.716234787,2.644270341,365.389,1.9453,-9.1,-8.8
c1ncc(C2=C(C(=O)NC2=O)c2cc(ncc2)NC2CCOCC2)cc1,0.814437546,2.659108234,350.378,1.6347,-9.1,-8.5
Fc1ccc(NC2C(NC(=O)C=2c2cccnc2NC2CCOCC2)=O)cc1,0.687508923,2.620228057,382.395,2.2912,-9,-8.5
c1(cc(Nc2nccc(c2)-c2ccnc(c2)NC2CCC2)ncc1)C,0.717667201,2.376155978,331.423,4.55502,-8.9,-7.9
C1OCCN(c2cc(NC3CCC3)ncc2)C1,0.864706156,2.144095505,233.315,1.8826,-6.3,-6.5
C1(NC(=O)C(S1)=Cc1cc(NC2CCCC2)ncc1)=NC1CCOCC1,0.794187906,3.203776343,372.494,3.175,-8.3,-8.3
c1nc(ncc1C1=C(c2cc(NC3CCCCC3)ncc2)C(=O)NC1=O)N,0.7064691,2.729717086,364.409,1.7656,-9.1,-8.8
c1c(ccc(c1)C1=C(C(=O)NC1=O)c1ccnc(NC2CCOCC2)c1)F,0.81135624,2.535260281,367.38,2.3788,-9.1,-9
c1ccccc1C1=C(c2cc(ncc2)NC2CCOCC2)C(=O)NC1=O,0.827718733,2.476063902,349.39,2.2397,-8.7,-8.7
O=C(N)c1cccc(C2=C(C(NC2=O)=O)c2cc(NC3CCOCC3)ncc2)c1,0.659982577,2.636238786,392.415,1.3386,-9.5,-9.2
c1c(cc(cc1)F)C1=C(C(NC1=O)=O)c1ccnc(NC2CCCC2)c1,0.830425976,2.456118105,351.381,3.1424,-9.2,-8.6
c1c(Cl)ccc(C2=C(C(NC2=O)=O)c2ccc(F)cc2F)c1,0.864154688,2.143094353,319.694,3.1854,-8.2,-8
c1cc(ncc1OCC1CCOCC1)C1C(=O)NC(=O)C=1c1c(F)cc(cc1)F,0.781342435,2.671835079,400.381,2.7324,-8.9,-8.6
C1OCCC(Nc2nc3c(cc2C(=O)NC(C)C)n[nH]c3C2CCCC2)C1,0.749598004,2.833904068,371.485,3.3446,-9.1,-7.8
c1cc(ccc1O)CC1C(=O)NC(=O)C=1c1ccnc(NC2CCCC2)c1,0.710756775,2.618963832,363.417,2.7944,-8.5,-8.6
c1cc(cnc1NC1CCOCC1)C1=C(C(NC1=O)=O)c1ccc(Cl)cc1,0.793382813,2.515609394,383.835,2.8931,-8.8,-8.3
C(N)(c1cc(ncc1)NC1CCC(CC1)NC(=O)NCC)=O,0.655479699,2.27258961,305.382,1.2227,-7.8,-7.2
n1c2c(ncc(C=C3C(NC(S3)=NC3CCCCC3)=O)c2)n(c1-c1ccco1)C,0.660276076,3.298970623,407.499,4.1209,-9.1,-8.7
c1c2c(c(NC3CCOCC3)nc(NC3CCCC3)n2)ccc1Cl,0.867179196,2.367000951,346.862,4.2286,-8.6,-8
c1c2c(cccc2)ccc1C1=C(c2cc(ncc2)NC2CCCCC2)C(=O)NC1=O,0.63396734,2.448675606,397.478,4.5466,-10.3,-9.6
C1(=O)NC(C(=C1c1ccc(cc1)Br)c1cc(ncc1)NC1CCOCC1)=O,0.732489739,2.578291642,428.286,3.0022,-8.9,-9.1
C(C(=O)N)CC(Nc1nccc(C2C(NC(C=2c2ccc(F)cc2)=O)=O)c1)=O,0.641398205,2.44961642,382.351,0.9919,-8.9,-8.4
c1(nc(C2CCOCC2)c2nnn(C(C)C)c(=O)c2c1)-c1cccc(Cl)c1,0.682609983,2.746299988,384.867,3.9818,-9.3,-8.7
c1(NC2CCOCC2)nccc(C2=C(C(=O)NC2=O)c2ccc(cc2)F)c1,0.81135624,2.535260281,367.38,2.3788,-9.1,-9
C1(c2cncc(c2)F)=C(C(NC1=O)=O)c1ccnc(NC2CCCC2)c1,0.826373096,2.678568566,352.369,2.5374,-9,-8.4
c1cc(F)cc(NC2=C(C(NC2=O)=O)c2cc(ccc2)OC)c1,0.850310058,2.193130542,312.3,2.3139,-7.8,-8.3
c1(cc(C(O)C2CC2)ncc1)C1=C(c2ccc(F)cc2)C(=O)NC1=O,0.838118513,3.027076725,338.338,2.2313,-8.3,-8.1
C1(=O)C(=C(C(=O)N1)c1cc(ncc1)Nc1ccccc1)c1cccc(C#N)c1,0.691244881,2.406301562,366.38,3.26408,-10,-9.3
c1c(nccc1C1=C(c2cc(ccc2)CN2CCN(CC2)C)C(=O)NC1=O)NC1CCOCC1,0.636484401,2.705652421,461.566,1.9871,-9.9,-9.3
c1(C(=O)NCC2CCOCC2)cc(n(C)c1)C(Nc1ccc(cc1)F)=O,0.861842145,2.232579386,359.401,2.5729,-8.3,-7.7
C1(NC(C2=C1c1cc(C)ccc1OC2)=O)c1cccnc1,0.871181349,3.143673551,278.311,2.40712,-8.4,-8.1
c12c([nH]nc1NC(=O)CCC)ccc(-c1c(C(N)=O)cccc1)c2,0.672553501,2.184450225,322.368,3.0674,-8.3,-7.8
C1(=O)C(=C(c2ccnc(NC3CCOCC3)c2)C(N1)=O)c1ccccc1,0.827718733,2.476063902,349.39,2.2397,-8.7,-8.5
n1[nH]c(NC2CCCCC2)nc1-c1cc(NC2CCOCC2)ncc1,0.773260152,2.730445698,342.447,3.2022,-9.2,-8
c1c(N(C)C)cc(OC)c(-c2n3c(nn2)ccc(c3)NC2CCCC2)c1,0.757110602,2.466098413,351.454,3.8254,-8.1,-7.5
c1(NC(CC)=O)nccc(C2C(NC(C=2c2ccc(F)cc2)=O)=O)c1,0.835512404,2.352414972,339.326,2.1364,-8.4,-8.4
c1cc(Nc2ccc(cc2)F)ncc1C1C(NC(=O)C=1c1ccc(Cl)cc1)=O,0.652051183,2.274228699,393.805,4.1849,-9.3,-8.6
c1cc(C(N)=O)ccc1C1C(=O)NC(C=1c1ccnc(c1)Nc1ccc(F)cc1)=O,0.567880961,2.365300639,402.385,2.6304,-10.3,-8.9
CC(=O)Nc1cc(ccn1)C1C(=O)NC(=O)C=1c1ccc(F)cc1,0.841608043,2.331560473,325.299,1.7463,-8.6,-8
C1(=C(c2ccnc(c2)NC(C)C)C(=O)NC1=O)c1ccc(cc1)F,0.847843609,2.42057471,325.343,2.6082,-8.2,-7.8
c1c(C2=C(C(NC2=O)=O)c2ccnc(NC3CCC3)c2)cc(cc1)C(=O)N,0.700781539,2.508038108,362.389,1.7121,-9.3,-8.5
C1(C(=O)NC(C=1c1ccc(cc1)-n1cc(nc1)-c1ccccc1)=O)N,0.717420114,2.469983928,330.347,1.8655,-8.9,-8.5
c1cc(ccc1-c1cnc2[nH]nc(NC(=O)CCC)c2c1)Cl,0.763814227,2.223081599,314.776,4.0169,-8.4,-8
C1(CN(C(=O)c2ccc(-c3cc(ncc3)Nc3cn(C)nc3)cc2)CCC1)N,0.730848494,2.819917453,376.464,2.789,-8.8,-8.5
c1c(C2=C(C(=O)NC2=O)c2ccnc(NC3CCOCC3)c2)cccc1,0.827718733,2.476063902,349.39,2.2397,-8.7,-8.7
c1cccc(c1)C1C(=O)NC(C=1c1cccc(c1)Cl)=O,0.861575163,1.975611342,283.714,2.9072,-7.6,-7.6
C(C(Nc1cc(C2C(=O)NC(=O)C=2c2cc(OC)ccc2)ccn1)=O)=CC,0.62675986,2.576286893,363.373,2.172,-8.6,-8
C1CC(CC1)Nc1cc(Nc2n[nH]c(n2-c2ccc3c(c2)cccc3)=O)ccn1,0.478265982,2.58600231,386.459,4.2069,-8.6,-8.9
c1cc(NC(C2CC2)=O)cc(-c2ccnc(c2)NC2CCC2)c1,0.875501051,2.007754458,307.397,4.0615,-8.1,-7.4
C1CC1Nc1cc(-c2cc(NC(OC)=O)ncc2)ccn1,0.902439387,2.275970544,284.319,2.8962,-7.5,-7
c1(OC)ccc2c(c1)cc(-c1cnc(NC(C3CCOCC3)=O)nc1)cc2,0.765547841,2.260648065,363.417,3.6705,-8.9,-8.7
C1(=O)NC(=O)C(c2cc(NC3CCC3)ncc2)=C1c1ccc(Cl)cc1,0.827499606,2.394331626,353.809,3.2666,-8.4,-8.5
n1c(cc(C2C(NC(C=2c2cc(NC3CCC3)ncc2)=O)=O)cc1)NC1CCOCC1,0.618260365,2.836782165,419.485,2.5991,-9.8,-8.8
C1CC(Nc2c(cc3c(n(ccc3c2)C)=O)F)CCC1,0.910092706,2.287919844,274.339,3.4222,-7.9,-8
C1CC(CCC1Nc1cc2c(cnn2C(C)C)cn1)Nc1ccc(C#N)cc1,0.67551219,2.664775066,374.492,4.71908,-8.8,-8
CCCC(=O)Nc1cc(ccn1)C1C(NC(=O)C=1c1ccccc1)=O,0.821322072,2.28649934,335.363,2.3874,-8.5,-8.8
c1c(ccc(c1)OC)-c1c(c([nH][nH]1)=O)-c1ccnc(NC2CCC(O)CC2)c1,0.544444937,2.627407545,380.448,3.156,-9.5,-8.9
c1cc2c(OCO2)cc1-c1cc(NC(C2CC2)=O)ncc1,0.940012543,2.053758122,282.299,2.8258,-7.9,-8.3
n1ccc(C2=C(c3ccc(cc3)Cl)C(NC2=O)=O)cc1NC1CCN(C)CC1,0.777206538,2.504099083,396.878,2.8083,-9.2,-9.4
c1c(C2=C(c3ccc(cc3)F)C(=O)NC2=O)ccnc1NC1CCOCC1,0.81135624,2.535260281,367.38,2.3788,-9.1,-8.9
c1(O)c2c(ncc1)ccc(NC(CCC)=O)c2,0.851667188,2.016392543,230.267,2.679,-6.8,-6.6
c1cc(F)ccc1C1C(=O)NC(=O)C=1c1ccc(cc1)Cl,0.866674616,1.988596945,301.704,3.0463,-8.1,-7.7
O=C1C(c2c(N1)nccc2)c1cc(Nc2ccc(cc2F)F)ncc1,0.765920914,3.035090846,338.317,3.5824,-9.4,-8.6
C1CCC(Nc2scc(n2)-c2n(-c3cc4c(cc3)cccc4)c([nH]n2)=O)C1,0.559048104,2.488285385,377.473,4.1918,-9,-9
c1cccc(C2=C(c3ccncc3)C(=O)NC2=O)c1F,0.844636013,2.196797577,268.247,1.7879,-7.5,-7.6
c1(cccc(-c2nn(c(cc2)=O)-c2cccc(n2)NC2CCOCC2)c1)F,0.768675959,2.475899672,366.396,3.0245,-9.2,-9.3
c1(NC2=C(C(=O)NC2=O)c2cc(Br)ccc2)cccc(c1)Cl,0.803911831,2.268105243,377.625,3.5821,-8.1,-8
C(C)(Nc1cc(ccn1)-c1ccnc(NC(C2CC2)=O)c1)C,0.887987521,2.252358593,296.374,3.3124,-7.7,-7.7
C1(=O)C(=C(C)Nc2cc(-c3ccc(F)cc3OC)ccn2)C(NC1=O)=O,0.375710251,2.591392951,355.325,1.8077,-8.8,-8.8
c1cc(cc2OCOc12)C=C1C(N=C2SNC(N2c2ccc(F)cc2)=N1)=O,0.635918103,3.783447699,382.376,2.9055,-9.9,-8.6
C1CCC(NC(=O)NC2CCC(CC2)Nc2nccc(-n3ccc([nH]c3=O)=O)c2)C1,0.597577592,2.649963688,412.494,1.8857,-9.3,-8.7
c1(cc(ncc1C(=O)N)-c1ccnc(c1)Nc1cc(ccc1)OC)NC1CCOCC1,0.53654716,2.506048319,419.485,3.5856,-9.1,-8.3
c1c(C2=C(C(=O)NC2=O)c2ccnc(NC3CCOCC3)c2)cc(cc1)OC,0.774833116,2.557756263,379.416,2.2483,-9,-8.8
c1cc(C)cc(C2C(NC(C=2c2cc(NC3CCOCC3)ncc2)=O)=O)c1,0.816294316,2.56692182,363.417,2.54812,-9.2,-9.1
N1C(C(=C(C1=O)c1ccc(F)cc1)c1cc(NC2CCOCC2)ncc1)=O,0.81135624,2.535260281,367.38,2.3788,-8.9,-9
C1C(CCOC1)Nc1cc(C2C(=O)NC(=O)C=2c2cc(F)c(F)cc2)ccn1,0.790955113,2.648808699,385.37,2.5179,-9.4,-9.1
c1cc(cc(c1)Cl)C1C(=O)NC(C=1c1cc(NC2CCOC2)ncc1)=O,0.809301547,3.044602714,369.808,2.503,-8.6,-8.7
c12ccc(-c3cc(ncc3)NC3CCC(NC(=O)NC4CCOCC4)CC3)cc2c(no1)N,0.466896636,2.755719396,450.543,3.6733,-9.7,-9.4
c1(nc(cc(-c2cc(ncc2)NC(=O)C2CC2)c1)NC1CCOCC1)C,0.862512719,2.454369797,352.438,3.39142,-8.8,-8.3
c1(cc(F)ccc1)C1C(=O)NC(C=1c1ccnc(NC2CCOCC2)c1)=O,0.81135624,2.588614128,367.38,2.3788,-9.1,-9
c1(ccnc(c1)NC1CCOCC1)C1C(=O)NC(C=1c1cccc(F)c1)=O,0.81135624,2.588614128,367.38,2.3788,-9.1,-8.9
c1cc2c(c[nH]c2nc1)-c1nnc(o1)-c1cc(NC(=O)CCC)ncc1,0.571764843,2.532468761,348.366,3.4135,-8.7,-8.2
c1c(-c2cc(NC3CCC3)ncc2)c(-c2ccc(cc2)F)n[nH]1,0.757621467,2.550985008,308.36,4.2422,-8.8,-8.1
C1(C(c2c(ccc(c2)C(N)=O)OC)=C(C(=O)N1)c1cc(NC2CC2)ncc1)=O,0.651784066,2.543823521,378.388,1.3306,-9,-7.5
n1cc(F)c(cc1-c1ccnc(c1)Nc1cc(ncc1)Nc1ccccc1)OC,0.47533575,2.407672523,387.418,5.1735,-9,-8.6
c12c(N3CCOCC3)nc(nc1n(nc2)C(C)C)-c1ccoc1,0.739788384,2.638395571,313.361,2.5038,-7.7,-7.5
C1(Cc2ccc(cc2C1=C1C(=O)NC(=O)NC1=O)Cl)=Cc1ccccc1,0.602789412,2.655274396,364.788,3.0993,-9.5,-9.7
c1cc(ccc1Cl)C=C1C(NC(S1)=Nc1ccc(Cl)cc1)=O,0.78497518,2.597712368,349.242,4.885,-7.9,-7.8
C1(c2cccc(F)c2)C(=O)NC(=O)C=1c1ccnc(NC2CCCCC2)c1,0.813387824,2.460624187,365.408,3.5325,-9.5,-9
c1(ccc2c(nc(n2C(C)C)-c2cc(NC3CCC(NC(=O)C)CC3)ncc2)c1)F,0.64195206,2.564734123,409.509,4.6775,-9.1,-8.5
Oc1c(C2C(NC(C=2c2cc(cc(CC)c2)CC)=O)=O)cc(C)cc1,0.841790342,2.501277323,335.403,3.39262,-8.3,-8.5
c1(cccc(NC2CCCCC2)n1)C1=C(c2ccc(Cl)cc2Cl)C(NC1=O)=O,0.709262742,2.529750814,416.308,4.7002,-8.9,-9
c1ccc(-c2cc(Nc3cc(ccc3)F)ncc2)nc1NC1CCC(O)CC1,0.598105325,2.391676588,378.451,4.7417,-9.1,-8.8
c1(NC2CCOCC2)nccc(c1)C1C(=O)NC(=O)C=1c1ccc(cc1)Cl,0.793382813,2.530676849,383.835,2.8931,-8.9,-9
c1cc(ccn1)C1C(NC(=O)C=1c1c(Cl)ccc(Cl)c1)=O,0.865943736,2.288830843,319.147,2.9556,-7.7,-7.3
c1(cccc(c1)C1C(NC(C=1c1cc(NC2CCCC2)ccc1)=O)=O)C(=O)N,0.699498727,2.358191775,375.428,2.7072,-9.4,-8.8
c1(C2C(=O)NC(=O)C=2c2cc(ccc2)Cl)cc(NC2CCOCC2)ncc1,0.793382813,2.579779216,383.835,2.8931,-9.1,-8.9
O=C1NC(=O)C(=C1c1cccc(Cl)c1)c1ccnc(c1)NC1CCCCC1,0.783688512,2.451789275,381.863,4.0468,-9.4,-9.1
C1(C(=C(c2ccc(C#N)cc2)C(=O)N1)c1cc(ncc1)N1CCOCC1)=O,0.830616829,2.514285133,360.373,1.35708,-9.3,-9.3
c1cnc(Nc2ccc(cc2)F)cc1C1C(NC(=O)C=1c1cccc(F)c1)=O,0.680884678,2.345960429,377.35,3.6706,-9.8,-8.9
c1c(c(F)ccc1)C1=C(C(NC1=O)=O)Nc1cc(O)ccc1,0.757465743,2.308011198,298.273,2.0109,-8.1,-8.2
O=c1[nH]nc(C2CCC(CC2)OC)n1-c1ccc2c(c1)cc(Cl)cc2,0.7691321,2.516583928,357.841,4.0398,-8.8,-8.2
c1(ccc(cc1)F)-c1cc(=O)[nH]c(n1-c1ccc2ccccc2c1)=O,0.610847252,2.092841621,332.334,3.4851,-8.4,-8.5
O=C1C(c2cc(ncc2)NC2CCC(CC2)NC2CCOCC2)=C(C(=O)N1)Cl,0.651302466,2.879622929,404.898,2.1796,-8.7,-8.6
c1c(C2=C(C(NC2=O)=O)c2ccnc(c2)NC2CCOCC2)cnc(n1)NC1CCCC1,0.593357056,2.892831137,434.5,2.3842,-9.6,-9.3
[nH]1nc(-c2cnc(nc2)NC(C2CC2)=O)c2c1ccc(Br)c2,0.753573734,2.404872808,358.199,3.1309,-8.1,-7.8
c1c(Nc2nccc(c2)C2=C(C(=O)NC2=O)O)ccc(N2CCCC2)c1,0.732971153,2.421205489,350.378,2.3509,-8.6,-8.8
C(CC)CCCN=c1[nH][nH]c2c1cc(-c1ccccc1)c(Cl)c2,0.57715741,2.787307856,327.859,5.2974,-8.2,-7.6
C1(C(c2cccc(C(=O)O)c2)=C(C(N1)=O)c1cc(OC)c(OC)c(OC)c1)=O,0.733844452,2.304219333,383.356,1.9778,-8.1,-7.9
n1ccc(cc1NC1CCOCC1)-c1n[nH]c(=O)n1-c1cc2c(cccc2)cc1,0.560847365,2.543330396,387.443,3.3667,-9,-9.7
c1(ccc(cc1)Cl)C1=C(C(NC1=O)=O)c1cc2c(OCCO2)cc1,0.852934158,2.258575279,341.75,2.6784,-8.9,-8.2
O1CCC(CC1)c1nccc(c1)-c1cnc([nH]1)C(=O)NCC1CCOCC1,0.844176856,2.83970077,370.453,2.5221,-8.9,-8.4
c1cccc(c1)Nc1cc(C2=C(c3ccccc3)C(NC2=O)=O)ccn1,0.713725077,2.168713902,341.37,3.3924,-9.2,-8.7
c1cc(C2=C(c3nc(NC4CCOCC4)ncc3)C(=O)NC2=O)ccc1,0.814437546,2.545688194,350.378,1.6347,-8.8,-8.3
C1C(C1)C(Nc1cc(ccn1)C1C(=O)NC(C=1c1ccc(F)cc1)=O)=O,0.826296828,2.34537343,351.337,2.1364,-8.4,-8.5
C1CCCC(CNC(c2scc(n2)-c2ccnc(c2)Nc2c(Cl)cccc2)=O)C1,0.513551627,2.389986912,426.973,5.9122,-9,-8.6
C(=O)(N)c1cc(ccc1)C1=C(c2ccnc(c2)NC2CCCC2)C(=O)NC1=O,0.691628795,2.509152929,376.416,2.1022,-9.6,-8.4
CC(Oc1ccc(C2=C(C(=O)NC2=O)N2CCOCC2)cc1Cl)C,0.839001092,2.511581139,350.802,1.8269,-7.8,-7.2
c1c(-c2cc3c([nH]nc3NC(=O)CCC)cc2)cc(nc1)NC1CCCCC1,0.557448744,2.436553323,377.492,5.1081,-9,-8.3
Clc1cccc(c1)C1C(NC(=O)C=1c1c2ccc(cc2n(c1)C)OC)=O,0.722528314,2.379617055,366.804,3.4075,-8.7,-8.6
c1nc(NC2CC2)cc(-c2ccn3c(ncc3C3CCOCC3)c2)c1,0.786908292,2.779063086,334.423,3.8646,-8,-7.3
c1(cc(cnc1)C1=C(C(NC1=O)=O)c1cccc(C)c1)C1CCCCC1,0.854575316,2.471876874,346.43,4.00492,-9.3,-9.4
c1cc(OC)ccc1C1=C(C(=O)NC1=O)c1cn(c2c1cccc2)C,0.750397967,2.197917108,332.359,2.7541,-8.3,-8.6
c1(F)cccc(c1C1=C(C(NC1=O)=O)c1cn(c2c1cccc2)C)F,0.730443395,2.426885522,338.313,3.0237,-8.7,-8.8
Fc1cccc(C2=C(C(=O)NC2=O)c2ccc(F)cc2F)c1,0.867067392,2.217178086,303.239,2.6711,-8.5,-7.9
O=C1C(c2n(c(c(-c3ccnc(n3)NC3CCOCC3)c2)C)C)=C(C(=O)N1)C,0.784138681,3.001816698,381.436,1.81132,-9.4,-8.8
O(c1cnc2c(c1)cnn2CC(NC1CCOCC1)=O)C,0.898063451,2.429411086,290.323,0.7351,-7.4,-7
c1c(cc(-c2ccnc(c2)NC2CCC2)cc1C(O)=O)C1CC1,0.864720092,2.282086755,308.381,4.2886,-8.4,-8
c1cc(C2C(NC(=O)C=2NCc2cc(OC)c(OC)cc2)=O)ccc1,0.786457881,2.147673121,338.363,1.8611,-7.2,-7.8
c1(Cl)ccc2c(CC3COC(=O)C32)c1-c1cccc(c1)C(=O)N,0.862159605,3.380938433,327.767,2.9186,-9.3,-8.9
NC(c1cc(C2C(NC(C=2c2cccc(c2)Cl)=O)=O)cnc1)=O,0.831685868,2.431798427,327.727,1.4011,-8.2,-7.9
N1C(C(=C(c2ccc(cc2)F)C=1N)c1ccnc(NC2CCOCC2)c1)=O,0.868202062,2.774220045,366.396,2.6198,-8.5,-8.7
C1CC1C(Nc1nccc(C2C(=O)NC(=O)C=2c2ccc(cc2)F)c1)=O,0.826296828,2.34537343,351.337,2.1364,-8.2,-8.7
c1c(cccc1-c1ccc2c(c1)NC(CCC2)=O)OC,0.901811384,1.956363806,267.328,3.637,-8,-8.8
c1c(NC2CCCCC2)cc2ccnc(Nc3cc(F)ccc3)c2c1,0.626603722,2.109534188,335.426,5.8621,-8.9,-8.6
c1nc(NC(C2CC2)=O)ccc1C1=C(C(NC1=O)=O)c1ccc(F)cc1,0.826296828,2.31807754,351.337,2.1364,-8.5,-8.2
c1cc(cc(CN2CCn3c(-c4ccc(F)cc4)nnc3C2)c1)O,0.804807074,2.178622914,324.359,2.8056,-8.8,-8.2
C1(C(NC(C=1c1cn(c2c1ccnc2NC1CCC1)C)=O)=O)C,0.849905145,2.875442177,310.357,1.9676,-7.8,-8.2
c12c([nH]nc1NC(=O)CCC)ncc(c2)-c1ccc(OC)cc1,0.756891144,2.196743969,310.357,3.3721,-8.3,-7.4
c1cnccc1C1=C(C(NC1=O)=O)Nc1cc(ccc1)F,0.841077032,2.313186697,283.262,1.7003,-8.1,-7.8
C1CCC(Nc2nccc(C3C(NC(C=3c3sc(cc3)Cl)=O)=O)c2)CC1,0.774312108,2.68636672,387.892,4.1083,-8.8,-8.8
c1cccc(c1)NC1=C(c2c(Cl)ccc(c2)Cl)C(=O)NC1=O,0.845852495,2.196909213,333.174,3.473,-7.7,-7.6
c1c(OC)c(cc(C2=C(c3ccc(F)cc3)C(=O)NC2=O)c1)OC,0.876067301,2.068617879,327.311,2.4101,-8.1,-7.8
c1c(Br)ccc(C2=C(c3ccc(cc3)F)C(NC2=O)=O)c1,0.849528491,2.051545315,346.155,3.1554,-8.1,-7.8
c12n(cc(C3C(=O)NC(C=3c3cccc(c3)OC)=O)c1cc(cc2)F)C,0.739131264,2.365291028,350.349,2.8932,-8.5,-8.4
n1c(n(-c2cc(NC3CCCCC3)ncc2)c(C)c1)-c1cc(NC2CCC2)ncc1,0.581902709,2.732084347,402.546,5.34672,-9.4,-8.4
c1cc(cc(C2=C(C(NC2=O)=O)c2ccnc(c2)NC2CCOCC2)c1)OC,0.774833116,2.557756263,379.416,2.2483,-9,-8.7
c1nc2c(cnc(NC3CCC(NC(NCC)=O)CC3)n2)cc1-c1ccccn1,0.617165333,2.571083202,391.479,3.129,-9.2,-8.6
N(C(C1CC1)=O)c1nccc(c1C1CCC1)C(N)=O,0.86410037,2.397859299,259.309,1.7965,-6.8,-6.7
S(CCCN(C)C)c1n(-c2ccc3c(c2)cccc3)c(=O)[nH]n1,0.558317745,2.346011801,328.441,2.7576,-7.5,-7.5
c1(ccc2c(c1)[nH]nc2NC(=O)CCC)-c1ccc(F)cc1F,0.756056015,2.209351844,315.323,4.2467,-8.3,-8
c1nc(NC2CCOCC2)cc(c1)C1=C(c2cccc(F)c2)C(NC1=O)=O,0.81135624,2.588614128,367.38,2.3788,-9.2,-8.9
C1(c2c(c(n[nH]2)-c2ccnc(c2)NC(C2CC2)=O)C2CCC1C2)=O,0.909247868,4.146185978,322.368,2.9002,-8.5,-8.4
O=C(C1CC1)Nc1cc(ccn1)-c1ncc(C(=O)N)c(OC)n1,0.849105673,2.380608763,313.317,0.9946,-7.7,-7.6
c1c(cccc1)CN=C1SC(C(=O)Nc2cccc(F)c2)C(=O)N1,0.838382934,3.133444905,343.383,2.552,-8.5,-8.1
c1(NC2CCOCC2)nccc(c1)C1C(NC(C=1c1cc(F)cc(c1)F)=O)=O,0.790955113,2.717738314,385.37,2.5179,-9.4,-9.2
c1ccc(cc1)Nc1ccccc1C1C(NC(=O)C=1c1cc(ccc1)F)=O,0.689471303,2.17085969,358.372,4.1365,-8.7,-8.2
C1(=C(C(=O)NC1=O)c1cc(ccc1)C(=O)N)c1ccccc1,0.836828474,2.058930057,292.294,1.3527,-8.8,-8
OC(COc1cc2c(cc1)[nH]nc2NC1CCCc2cc(O)ccc12)C,0.563411516,3.287101381,353.422,3.5176,-8.4,-8.6
c1(nc(cc(C2C(=O)NC(=O)C=2c2ccc(cc2)F)c1)N)C1CC1,0.848493226,2.565864262,323.327,2.2475,-8.3,-8.5
c1c(ccnc1NC1CCC(NC(OCC)=O)CC1)-c1cnc(N)cc1,0.761098379,2.406792566,355.442,3.195,-7.9,-7.8
c1(cccc(c1)F)N=C1c2c(nccc2)NC1=O,0.832344835,2.617217793,241.225,2.2936,-7.5,-7.5
CC(NC(=O)C1CC(NCc2ccnc(NC3CCC3)c2)CC1)C,0.719118909,3.063791872,330.476,2.8289,-7.5,-7.2
c1c2nc(nc(c2ccc1Cl)NC1CCCCC1)NC1CCC(CC1)O,0.720371519,2.396885765,374.916,4.7432,-8.9,-8.9
O(C)c1cc(ccc1OC)C1=C(C(NC1=O)=O)c1cc(NC(C)C)ncc1,0.76272571,2.462273654,367.405,2.4863,-8.7,-8.4
c1ccc(c(OC)c1)C1=C(C(=O)NC1=O)c1c(cccn1)C,0.878746916,2.253059834,294.31,1.96582,-7.6,-7.3
c1c(Nc2ccnc(c2)C2=C(C(=O)NC2=O)c2ccc(F)c(F)c2)cccc1,0.680884678,2.43357716,377.35,3.6706,-9.6,-9.3
c1c(ccc(O)c1C)C=C1C(=O)NC(=O)NC1=O,0.494896478,2.374015426,246.222,0.45002,-7.3,-7.9
c1ccc2c(nc(cc2)-c2c(nc(NC3CCOCC3)cc2)OC)c1F,0.767224737,2.471975643,353.397,4.0354,-8.6,-8.4
N(C1CCCC1)c1cc(cc(-c2cc(ncc2)Nc2cccc(c2)C)c1)Cl,0.512421679,2.204751668,377.919,6.80852,-9.2,-8.4
c1cc2c(c(c1)C=C1C(=O)Nc3c1cccc3)NC(=O)C2(C)C,0.793236532,2.629284388,304.349,3.409,-9.6,-9.4
c1ccc(C2C(NC(C=2c2cc(ncc2)NC2CCCC2)=O)=O)cc1,0.843948257,2.337633323,333.391,3.0033,-8.7,-8.2
c1c2ccccc2nc(NC(CCCN(C)C)=O)c1,0.894844664,1.861346379,257.337,2.5151,-6.7,-6.7
C1N(CCOC1)c1ccc(C2=C(c3cc(F)ccc3)C(=O)NC2=O)cc1,0.860983738,2.244563643,352.365,2.2295,-8.8,-8.8
c1c(N2CCCC(C2)O)ncc2cnn(c(=O)c12)C(C)C,0.902487999,3.094826483,288.351,1.3335,-7.7,-8
n1ccc(NC(C=CCOC)=O)cc1C1=C(CCCC1)c1ccc(cc1)Cl,0.683876525,2.622977441,382.891,5.3609,-8.4,-8.3
c1cc(ncc1-c1ccnc(NC2CCOCC2)c1)NC(C)=O,0.907526752,2.338039429,312.373,2.6929,-8.1,-8.1
C1CN(CCC1C(=O)N)C1CCC(NC(=O)Cc2cc3c(CCCN3C3CCC3)cn2)CC1,0.690752091,2.755441045,453.631,2.5539,-9.3,-8.8
c1(OC)ccc(C2=C(C(=O)NC2=O)c2cncc(C(N)=O)c2)cc1,0.80678027,2.34136851,323.308,0.7563,-8.3,-8
c1c(NC2CCOCC2)cc(cc1)C1=C(C(=O)NC1=O)c1ccc(cc1)OC,0.782722194,2.360904981,378.428,2.8533,-9,-9.1
N(C(=O)C1CC1)c1cc(C2C(=O)NC(C=2c2cc(ccc2OC)OC)=O)ccn1,0.727466595,2.436164067,393.399,2.0145,-9.1,-7.7
C1C(Nc2nccc(C3C(=O)NC(=O)C=3c3ccc(cc3)Cl)c2)COC1,0.809301547,2.993536253,369.808,2.503,-8.5,-8.3
N(C(=O)C1CC1)c1cc(C2C(=O)NC(C=2c2ccc(F)c(c2)F)=O)ccn1,0.809651844,2.468484116,369.327,2.2755,-9.3,-8.5
c1cc(cc(OC)c1OC)C=C1N=C(SCc2ccccc2)NC1=O,0.8355523,2.364491621,354.431,3.4639,-7.9,-7.5
O=C1C(=C(C(N1)=O)c1cc(ncc1)NC1CCC(CC1)O)c1ccc(Cl)cc1,0.689655399,2.554966391,397.862,3.0176,-9.3,-9.7
c1c(cc2c(c1)[nH]nc2NC(=O)CCC)-c1ncccc1,0.769418044,2.166620165,280.331,3.3635,-8.1,-7.6
c1ncccc1C1C(=O)NC(C=1c1cc(ncc1)NC1CCOCC1)=O,0.814437546,2.659108234,350.378,1.6347,-8.8,-8.4
c1ccsc1CN1C(=O)c2ccccc2C1=O,0.760033266,1.823656849,243.287,2.5443,-6.8,-6.8
Cc1cc(cc(c1)C)C1=C(C(NC1=O)=O)Nc1ccccc1,0.85526128,2.202094821,292.338,2.78304,-8.3,-8.2
C1(O)CCC(Nc2nccc(c2)C2C(NC(C=2c2cc(c(F)cc2)F)=O)=O)CC1,0.687908472,2.671349162,399.397,2.6424,-9.4,-9.8
c1(cc(ccn1)-c1ccnc(c1)Nc1cccc(c1)N1CCOCC1)Nc1ccc(F)cc1,0.40577479,2.344422207,441.51,5.6065,-9.8,-9.2
C1(CC1)C(=O)Nc1nccc(C2C(NC(=O)C=2c2ccc(F)cc2)=O)c1,0.826296828,2.34537343,351.337,2.1364,-8.9,-8.6
c1ccncc1C1C(=O)NC(C=1c1cc(NC2CCCC2)ncc1)=O,0.838947428,2.528200024,334.379,2.3983,-8.8,-8.3
C1C(C1)C(=O)Nc1nccc(C2=C(c3ccccc3F)C(NC2=O)=O)c1,0.826296828,2.382646139,351.337,2.1364,-8.8,-8.8
c1(NC2C(=O)NC(=O)C=2c2cc(NC3CCC(F)CC3)ncc2)ccccc1,0.693824172,2.689812673,380.423,3.2538,-8.9,-9.1
c1cc(C2C(=O)NC(=O)C=2c2ccnc(NC3CCOCC3)c2)ccn1,0.814437546,2.651842647,350.378,1.6347,-8.8,-8.4
c12c(n(c(=O)cc1)C)nc(nc2)NC1CCC(CC1)OC,0.930629708,2.54349439,288.351,1.698,-7.6,-7.3
O=C1C(=C(C(=N)N1)c1cc(NC2CCOCC2)ncc1)c1cc(NC(C)C)ncc1,0.58687565,3.131389238,406.49,2.90567,-9.2,-8.3
c1(ccnc(NC2CCC(NC(NC3CCCC3)=O)CC2)c1Cl)-c1ccc(F)cc1,0.585821704,2.431453874,430.955,5.506,-9.3,-9.5
c1cccc(c1F)C1C(NC(C=1c1ccnc(c1)NC1CCOCC1)=O)=O,0.81135624,2.570143713,367.38,2.3788,-9.1,-8.9
c1cc(CC(N)C(NC2CCOCC2)=O)cc(C2C(=O)NC(=O)C=2c2ccccc2)c1,0.613595912,2.887772548,419.481,1.4188,-9,-8.3
O=C1C(c2ccccn2)=C(c2ccnc(c2)NC2CCOCC2)C(=O)N1,0.814437546,2.671405805,350.378,1.6347,-8.9,-8.6
C1C(CCO1)Cn1c2c(c(nc(n2)-c2ccnc(c2)NC2CCOCC2)NC(C)CC)cc1,0.528163956,3.685202592,450.587,4.3311,-9.2,-8.3
c1c2c(nn(c2ncc1-c1cccc(c1)C)C)NC(C1CC1)=O,0.807458607,2.22046285,306.369,3.29222,-8.4,-8.3
N1C(C(=C(C1=O)c1ccc(Cl)cc1)c1ccnc(c1)NC1CCOCC1)=O,0.793382813,2.530676849,383.835,2.8931,-8.8,-9.1
c1c(NC2CCOCC2)nccc1C1C(NC(=O)C=1c1cc(F)c(F)cc1)=O,0.790955113,2.648808699,385.37,2.5179,-9.4,-9.2
c1(Cl)ccc(-c2cc(ncc2)NC2CCOCC2)cc1,0.92703312,2.051452692,288.778,3.9929,-7.9,-7.9
OC(=O)c1cc(NC2CCOCC2)ncc1,0.807774369,2.181516368,222.244,1.3707,-6.2,-6.5
c1c(ccc(c1)F)C1C(=O)NC(=O)C=1c1cc(NC(C2CC2)=O)ncc1,0.826296828,2.34537343,351.337,2.1364,-8.5,-8.7
c1c(ccc(c1OC)C(O)=O)C1=C(c2ccc3c(cccc3)c2)C(NC1=O)=O,0.685726032,2.239140748,373.364,3.1138,-9.4,-8.7
c1onc(n1)-c1ccc(cc1OC)C1C(NC(=O)C=1c1ccc(F)cc1)=O,0.71395764,2.619778509,365.32,2.4515,-8.3,-8.8
c1ccc(Cl)cc1NC1CCN(CC1)C(NC(C)C)=NC(C)C,0.645054573,2.493630158,336.911,3.9787,-7.4,-7.2
c1(ccccc1)C1=C(C(=O)NC1=O)c1cc(NC2CCCC2)ncc1,0.843948257,2.337633323,333.391,3.0033,-8.7,-8.5
c1(C2C(NC(C=2N2c3ccccc3CC2)=O)=O)ccc(cc1)F,0.865857145,2.366206207,308.312,2.2559,-8.4,-8.1
c1(ccc2c(NC3=C(C4CC4)C(=O)NC3=O)n[nH]c2c1)F,0.744989706,2.884419631,286.266,1.4344,-8,-7.6
CC(Nc1c2cc(-c3ccccc3)n(C)c2ncn1)CC,0.789128194,2.720247461,280.375,3.8457,-7.9,-7.3
C(CCC)CC(Nc1c2c(c(ccn2)C2=CCCC2)ccn1)=O,0.785748593,2.488168935,309.413,4.7159,-7.5,-7.5
S1CC(NC1=Nc1ccccc1)=C1C(Nc2c1cc(cc2)F)=O,0.788998438,2.987436443,325.368,3.513,-8.8,-8.6
N1C(C(=C(C1=O)c1cccc(c1)COC)N1CCN(CC1)C)=O,0.817524646,2.425694803,315.373,0.4479,-7.2,-7.8
c1(ccc(NC2CCC(NC(NC3CCCC3)=O)CC2)nn1)-c1cccc(c1)C,0.702666362,2.338329356,393.535,4.41692,-9.1,-8.8
c1cc(ccc1F)C1=C(c2cn(C)c3c2cccc3)C(NC1=O)=O,0.738264262,2.222333709,320.323,2.8846,-8.6,-8.4
C1(=O)NC(C(c2cn(c3ccccc32)C)=C1c1ccnc(NC2CCCC2)c1)=O,0.673202053,2.577695691,386.455,3.495,-9,-8.4
N1C(C(c2ccccc2C1=O)=C1C(Nc2ccc(cc12)Cl)=O)=O,0.577197526,2.308995158,324.723,2.4729,-9.3,-9
c1cc(C2C(=O)NC(C=2c2cc(ncc2)NC2COCC2)=O)ccc1OC,0.786436828,2.967722524,365.389,1.8582,-8.9,-8.7
N(C1CCC(CC1)Nc1ncc2c(c(-c3ccccc3)[nH]c2c1)C#N)C(=O)C,0.645138556,2.588918656,373.46,3.96078,-8.9,-8.6
c1cc(NC(=O)C2CC2)nc(-c2cc3c(cc2)cccc3)c1,0.782485069,1.841341867,288.35,4.2503,-8.8,-8.2
c1(C(N)=O)c(c(ccc1)C1C(NN=1)=O)OCc1cccnc1,0.841750697,2.614626654,296.286,0.5934,-8,-7.8
c1cc(cc(F)c1)C1=C(c2ccnc(NC3CCOCC3)c2)C(NC1=O)=O,0.81135624,2.588614128,367.38,2.3788,-9.1,-9
n1[nH]c2c(ccc(NC(CCC)=O)c2)c1-c1ccnc(NC2CCCC2)c1,0.591747851,2.389206974,363.465,4.718,-8.7,-8.2
C1CCCC(C(Nc2nccc(c2)-c2nc(ncc2)Nc2ccc(cc2)F)=O)C1,0.643904603,2.207380578,391.45,4.9401,-9.5,-9.2
C1(=C(C(=O)NC1=O)c1cccc(NC2CCOCC2)c1)c1ccc(F)cc1,0.816696224,2.380428329,366.392,2.9838,-8.8,-9.1
C1(=O)NC(C(=C1c1ccc(Cl)c(Cl)c1)c1cc(NC2CCCC2)ncc1)=O,0.748155491,2.503487001,402.281,4.3101,-9.2,-9
c1c(ccnc1NC1CCC(CC1)NC(=O)C1CC1)-c1ccc(cc1)F,0.849446715,2.144156874,353.441,4.137,-8.7,-8.7
c1cc(F)ccc1C1C(NC(C=1c1ccc(cc1)Cl)=O)=O,0.866674616,1.988596945,301.704,3.0463,-8.3,-7.7
n1cc(ccc1NC1C(=O)NC(C=1c1c(F)cccc1)=O)C#N,0.83930873,2.57458569,308.272,1.57198,-8.5,-8.2
O=C1NC(C(c2cc(ncc2)NC2CCCC2)=C1c1ccc(cc1)Cl)=O,0.808919745,2.395863336,367.836,3.6567,-8.9,-8.8
c1(ccc(C2=C(c3ccnc(c3)Nc3ccccc3)C(=O)NC2=O)cc1)Cl,0.674840925,2.231207619,375.815,4.0458,-8.7,-9.1
n1(nc(c2c1nc(C)cc2)C(=O)N)-c1ccc(C)cc1,0.771824387,2.082198488,266.304,2.13624,-8.1,-7.9
C(C)(Nc1nc2c(cnn2C2CCCC2)cn1)COC,0.907294307,3.051621784,275.356,2.3882,-6.7,-6.7
c1c(cc(cc1)C1C(NC(C=1c1cc(ccc1)Cl)=O)=O)Cl,0.860728599,2.11236748,318.159,3.5606,-7.7,-8.3
c1(cncc(C2=C(c3ccc(F)cc3)C(=O)NC2=O)c1)-c1ccncc1,0.741125929,2.379371643,345.333,2.8499,-9,-8.9
c1ccccc1C1=C(C(NC1=O)=O)c1ccnc(NC2CCC2)c1,0.849937184,2.335541834,319.364,2.6132,-8.4,-8
C1Oc2c(OC1)cc(cc2)C1=C(Nc2ccc(Cl)c(c2)Cl)C(NC1=O)=O,0.786150456,2.443808076,391.21,3.2442,-8.8,-8.4
Cn1c(n(-c2cc3c(cc2)NC(=O)CC3)c2c1cccc2)=O,0.747646966,2.287932148,293.326,2.2139,-8.6,-8.5
C1(C(=C(c2ccc(cc2)Cl)C(N1)=O)N1CCOCC1)=O,0.827656448,2.303235633,292.722,1.0397,-7.5,-6.9
c1c(cc(OC)c(OC)c1)C1=C(C(=O)NC1=O)Nc1cc(N2CCOCC2)ccc1,0.705862002,2.395442011,409.442,2.02,-8.5,-8.4
c1c(cc[nH]1)-c1c2c(NC(CC2)=O)nc(n1)NC1CCOCC1,0.805279668,3.067513529,313.361,1.9473,-8.5,-7.9
c1(F)c(cc(C2=C(c3ccc(Cl)cc3)C(=O)NC2=O)cc1)F,0.864154688,2.138554631,319.694,3.1854,-8.4,-7.9
C1(Nc2cc(ccn2)-c2c3ccc(cc3n(c2)C)F)CCC(CC1)O,0.755380954,2.487753159,339.414,4.0948,-8.9,-8.4
c1(c(-c2ccnc(Nc3ccccc3)n2)cn(-c2ccc3c(OCO3)c2)n1)C,0.581903739,2.345679648,371.4,4.11002,-9.4,-9
O=C1C(c2cccnc2)=C(Sc2nccn2-c2ccc(F)cc2)C(N1)=O,0.718393619,2.753725489,366.377,2.5662,-8.7,-8
c1(NC2CCN(CC2)c2ncccc2)nccc(c1)C1C(=O)NC(C=1c1ccccc1)=O,0.611051217,2.517579746,425.492,3.1247,-9.9,-8.9
c1cc(ccc1N)C1C(=O)NC(C=1c1cnccc1)=O,0.631462513,2.266329561,265.272,1.231,-7.5,-7.6
c1c(c(C(=O)N)ccc1)C1C(NC(=O)C=1c1ccc(cc1Cl)Cl)=O,0.824073081,2.227799238,361.184,2.6595,-8.4,-7.9
Fc1ccccc1C1C(=O)NC(=O)C=1c1ccnc(c1)NCCO,0.717770142,2.462122623,327.315,1.1921,-7.9,-7.8
O=C1C(c2cc(ncc2)NC2CCOC2)=C(c2ccc(F)cc2)C(=O)N1,0.821980809,2.998303022,353.353,1.9887,-8.7,-8.6
c1c(C(N)=O)c(Cl)cc(c1)C1C(=O)NC(C=1c1ccccc1F)=O,0.835931497,2.281553783,344.729,2.1452,-8.6,-8.8
c1c(-c2cc3c4c(ccc3[nH]2)C(NC4=O)=O)cccc1,0.662246009,2.237758236,262.268,2.7185,-8.6,-8.5
n1cc(cc(c1)-c1ccnc(NC(C)C)c1)C1C(NC(C=1c1cc(ccc1)F)=O)=O,0.636450827,2.661943897,402.429,3.6702,-9.3,-9.1
c1n(C)c2c(cc(CC)cn2)c(c1C1=C(c2ccccc2)C(NC1=O)=O)=O,0.726070487,2.595052075,359.385,2.0631,-8.8,-8
c1c(NC2CCCC2)ncc(c1)C1=C(c2ccc(F)cc2)C(=O)NC1=O,0.830425976,2.384959951,351.381,3.1424,-8.5,-8.5
c1(-c2ccc(cc2)Cl)nnc2n1nc(NC(=O)C)cc2,0.785405609,2.107815391,287.71,2.4031,-8.1,-7.5
c1c(c2[nH]nc(NC(=O)CCC)c2cc1)-c1cccc(F)c1,0.761131271,2.256573907,297.333,4.1076,-8.2,-8.2
C1N(CCOC1)c1nccc(c1Cl)-c1ccnc(NC2CCOCC2)c1,0.886217438,2.631698221,374.872,3.2245,-8.1,-8.6
c1c(c(ccc1C1C(=O)NC(=O)C=1Nc1cccc(c1)O)Br)OC,0.700306856,2.444102838,389.205,2.6429,-8.5,-7.9
c1ccc(-c2ccnc(NC3CCOCC3)n2)cc1C(=O)N,0.898456842,2.213667107,298.346,1.8334,-7.9,-8.1
C1(C(NC(C=1c1ccnc(NC2CCC2)c1)=O)=O)c1cccc(F)c1Cl,0.807910457,2.608861945,371.799,3.4057,-8.5,-8.5
c1(C2C(NC(=O)C=2c2ccccc2)=O)c2cc(ccc2[nH]c1)Cl,0.710384468,2.218188724,322.751,3.3885,-8.4,-8.2
c1c2c(NC3CCOCC3)nccc2cc(NC(=O)C)c1,0.909932227,2.208492296,285.347,2.7841,-7.7,-7.4
C1(NC(C(=C1c1ccc(OC)cc1)c1ccnc(c1)NC1CCOCC1)=O)=O,0.774833116,2.510002416,379.416,2.2483,-9.2,-8.9
c1c(ncc(c1)-c1cc(NC(=O)C2CC2)ncc1)Nc1ccncc1,0.746085277,2.242398338,331.379,3.6307,-8.5,-7.5
c1cc(ccc1O)C=C1SC(NC1=O)=Nc1cc(ccc1)C,0.833283056,2.721569511,310.378,3.59222,-7.8,-8.1
Fc1ccc(cc1)NC1=C(C(=O)NC1=O)c1ccc(F)cc1,0.856067072,2.101377451,300.264,2.4444,-7.9,-7.9
N(c1cc(-c2ccc(C)cc2)ccn1)c1ccc(cc1F)C1CCOCC1,0.633555276,2.23512382,362.448,5.83372,-9.2,-9.5
C1(=O)C(=C(c2cc(ncc2)NC2CC2)C(N1)=O)c1ccc(F)cc1,0.847539882,2.386561311,323.327,2.3622,-8.2,-7.9
[nH]1c2c(c(NC3CCOCC3)ncc2-c2ccc(cc2)F)c(n1)NC1CCOCC1,0.58972913,2.886053808,411.481,3.9458,-8.6,-8.5
c1c(cnc2cnc(NC3CCOCC3)nc21)C=C1C(NC(=O)S1)=O,0.802928906,2.894527527,357.395,1.9396,-8.7,-8.6
O=C1NC(C(=C1c1cc(NC2CCCC2)ncc1)c1ccc(F)cc1)=O,0.830425976,2.400630105,351.381,3.1424,-9,-8.5
c1(c(c(OC)ccc1)OC)C1=C(C(OCC)=O)C(=O)NC1=O,0.488463924,2.409706434,305.286,0.6769,-6.9,-6.7
c1c(C2=C(c3cc(ncc3)NC3CCCC3)C(=O)NC2=O)ccc(F)c1,0.830425976,2.400630105,351.381,3.1424,-8.9,-8.7
c1(C2C(NC(=O)C=2c2cc(ncc2)NC2CCOCC2)=O)cc(Cl)ccc1,0.793382813,2.579779216,383.835,2.8931,-9.1,-9
c1(ccc(C)cc1)C1=C(C(NC1=O)=O)c1c(cccc1)OC1CCC1,0.871509651,2.216515808,333.387,3.49352,-8.7,-8.2
c1ccc(C(=O)NC2CCCC2)cc1C1=C(C(NC1=O)=O)c1ccc(cc1)F,0.803233866,2.202085045,378.403,3.0653,-9.5,-9.1
c1c(ccc2c(nc(nc12)NC1CCOCC1)NC1CCOCC1)C,0.889716216,2.499125664,342.443,3.12002,-8.9,-7.8
c1cc(ccc1)C1=C(C(NC1=O)=O)c1ccnc(c1)Nc1ccc(F)cc1,0.699326077,2.228271524,359.36,3.5315,-9.5,-9
C1CC1C(=O)Nc1cc(ccn1)C1=C(C(NC1=O)=O)c1ccc(cc1)F,0.826296828,2.34537343,351.337,2.1364,-8.9,-8.6
c1c(cc(-c2[nH]c(=O)c3c(cccc3C#N)n2)cc1)NC(=O)C1CC1,0.771134146,2.281543977,330.347,2.81028,-9.4,-8.3
c1(OC)ccc(C2=C(C(=O)NC2=O)c2c(cnc(NC3CCC3)c2)F)cc1,0.794625546,2.502363006,367.38,2.7609,-9.1,-8.1
C1CC1C(=O)Nc1n[nH]c2ncc(C=C3N=C(N=C3O)S)cc21,0.643974034,3.43930995,328.357,1.9032,-7.8,-7.2
c1ccc(cn1)C1=C(C(NC1=O)=O)c1cc(ncc1)NC1CCOCC1,0.814437546,2.659108234,350.378,1.6347,-8.9,-8.5
c1cc(C2C(NC(C=2c2ccnc(NC3CCC3)c2)=O)=O)ccn1,0.84198184,2.529153205,320.352,2.0082,-8.4,-8
C1OCCN(c2cc3c(cc2)c(Nc2c(cccc2)N)ncn3)C1,0.722511233,2.185828904,321.384,2.7922,-8.9,-7.9
C1CN(C(=O)C2CC2)CCC1Nc1nccc(C2CC2)c1,0.924939211,2.25825439,285.391,2.7719,-7.5,-7.2
c1c(nccc1-c1ccnc(c1)OC)NC1CCC(NC(C)C)CC1,0.83573009,2.466105082,340.471,3.8733,-7.6,-7.1
N1C(C(=C(c2ccnc(NC3CCOCC3)c2)C1=O)c1ccc(cc1)Cl)=O,0.793382813,2.530676849,383.835,2.8931,-8.8,-9
c1(cc(C2=C(C(NC2=O)=O)c2cccc(C)c2)c2ccccc2n1)C,0.733404036,2.275307358,328.371,3.41884,-9,-8.9
Fc1cc(ccc1C1C(NC(=O)C=1c1cn(c2c1cccn2)C)=O)F,0.729501633,2.531718709,339.301,2.4187,-8.6,-8.6
c1c(Cl)c(Cl)ccc1NC1=C(c2cc(-c3cccc(C(=O)O)c3)ncc2)C(NC1=O)=O,0.49827124,2.484967895,454.269,4.2332,-9.8,-8.9
O=C1C(=C(C(=O)N1)c1cc(C)c(C)cc1)c1ccnc(NC2CCC2)c1,0.833221418,2.473044453,347.418,3.23004,-8.9,-8.8
C1(NC(=O)C(=C1c1ccnc(c1)NC1CCOCC1)c1ccc(F)cc1)=O,0.81135624,2.535260281,367.38,2.3788,-9,-8.9
c1cc(ccc1Cl)C1=C(N2CCc3c2ccc(CO)c3)C(=O)NC1=O,0.829524394,2.534770629,354.793,2.2625,-8.5,-8.5
c1c(cnc(NC2CCCC2)c1)C1C(=O)NC(C=1c1ccc(cc1)F)=O,0.830425976,2.384959951,351.381,3.1424,-8.9,-8.3
c1(cncc(C2C(NC(C=2c2cc(ccc2)Cl)=O)=O)c1)C1CCC1,0.87027922,2.48105113,338.794,3.5697,-8.5,-8.6
c1c(C2C(=O)NC(C=2c2ccc(c(Cl)c2)Cl)=O)c(ncn1)Nc1ccc(F)cc1,0.606832684,2.513592501,429.238,4.2333,-9.6,-8.6
C1(Nc2c(cc(cc2)C2C(NC(=O)C=2c2ccccc2)=O)NC1)=O,0.734135712,2.549218088,319.32,1.6178,-8.6,-9
c1(ccc(C2C(=O)NC(=O)C=2N2CCOCC2)cc1)-c1ccncc1,0.859814767,2.375968201,335.363,1.4483,-8.1,-8.3
O=C(N)c1cc(ccc1)-c1cnc(c(C(N)=O)c1)NC1CCOCC1,0.762226663,2.343426534,340.383,1.5373,-8.9,-8.1
c1nc(NC2CCOCC2)cc(OC)c1-c1n[nH]c(=O)n1-c1cc2c(cc1)cccc2,0.517089101,2.665207338,417.469,3.3753,-9.1,-9.4
c1ccc(Cl)c(c1)C1=C(c2ccnc(NC3CCOCC3)c2)C(=O)NC1=O,0.793382813,2.55072892,383.835,2.8931,-9.1,-8.9
c1c(C2C(NC(C=2c2cc3cc(Cl)ccc3cc2)=O)=O)cc(NC2CCOCC2)nc1,0.60667013,2.665119088,433.895,4.0463,-10,-9.8
c1cnc(cc1C1=C(C(NC1=O)=O)c1ccc(cc1)F)N1CCOCC1,0.849446593,2.391528566,353.353,1.6245,-8.9,-8.4
C1(c2cc(ncc2)Nc2ccccc2)=C(C(NC1=O)=O)c1ccc(F)cc1,0.699326077,2.235791051,359.36,3.5315,-9.4,-9.1
C1(c2ccc(cc2)Cl)=C(C(NC1=O)=O)c1cc(ncc1)NC1CCOCC1,0.793382813,2.530676849,383.835,2.8931,-8.7,-9.1
c1(ccc2ccccc2c1)-c1ccnc(c1)NC(C1CCN(CC1)C(=O)C)=O,0.751820292,2.069098143,373.456,4.0988,-9.8,-9.2
c1(OC)ccc(-c2sc(nc2)Nc2ccc(cc2)F)cc1,0.75794793,1.875288009,300.358,4.7014,-7.8,-7.1
c1c(ccc(F)c1)Nc1cc(ccn1)-c1cc(Nc2ccc(cc2)F)ncc1,0.455959597,2.0449009,374.394,5.909,-9.5,-9
C(C)(=O)Nc1cc(C2C(NC(C=2c2cc(ccc2)Cl)=O)=O)ccn1,0.838105177,2.383388487,341.754,2.2606,-8.4,-8.3
Cn1c2ncccc2ccc1=O,0.574342343,2.104906267,160.176,0.9335,-5.7,-5.7
c1c(nn(C2CCCC2)c1)-c1cc(NC2CCOCC2)ncc1,0.936004214,2.566393954,312.417,3.6511,-8,-7.9
O=c1[nH]ncc2c1c(NCCCOC)nn2C(C)C,0.765248559,2.955016723,265.317,1.1489,-6.2,-6.7
C1(=C(C(NC1=O)=O)c1ccc(c(Cl)c1)Cl)c1c(NC2CCOCC2)[nH]nc1C,0.659493552,2.943645325,421.284,3.18302,-9.4,-7.4
OC1C(NC(C=1c1cc(ncc1)NC1CCC1)=O)=Cc1c(cccc1F)Cl,0.734035378,2.77927333,385.826,4.2785,-8.8,-8.2
C1(NC(C(=C1c1cc(NC2CCOCC2)ncc1)c1ccccc1)=O)=O,0.827718733,2.476063902,349.39,2.2397,-8.8,-8.7
c1c(cc(NC2CCN(C2)C(C(N)C)=O)nc1)C1CCC1,0.884534006,3.151780742,288.395,1.7091,-7.4,-7.3
Brc1cnc(Nc2ccc(Cl)cc2)cc1,0.891414683,1.739761741,283.556,4.2411,-6.2,-6.1
COc1cc(ccc1OC)C1=C(O)C(=O)NC1=O,0.767313626,2.166535049,249.222,0.6293,-6.9,-6.7
C(O)(CCC)c1ccc(NC2=NC(C(S2)=Cc2ccc(O)cc2)=O)cc1,0.685323377,2.778544826,368.458,4.3081,-8.3,-7.4
c1(ccc(C2C(=O)NC(=O)C=2c2ccnc(NC3CCOCC3)c2)cc1)Cl,0.793382813,2.530676849,383.835,2.8931,-8.9,-9
O=C1C(=C(c2ccnc(NC3CCCCC3)c2)C(N1)=O)c1ccc(cc1)F,0.813387824,2.407270341,365.408,3.5325,-9.4,-8.6
C1(CCOCC1)Nc1cc(ccn1)C1C(NC(C=1c1ccc(F)cc1)=O)=O,0.81135624,2.535260281,367.38,2.3788,-9.1,-8.9
O=C(Nc1n[nH]c2cc(Cl)c(cc12)Cl)CCC1CCCC1,0.849404873,2.324471313,326.227,4.7786,-8.1,-7.4
c1(NC(=O)C2CCCCC2)nccc(C2C(NC(C=2c2ccc(cc2)F)=O)=O)c1,0.780412635,2.383913485,393.418,3.3067,-9.5,-8.5
NC(=O)c1cc(OCc2cc(nc3ccccc23)C)ccc1,0.802595205,1.851365115,292.338,3.22112,-8.2,-8.5
O=C1NC(=O)C(=Cc2cc(ncc2)NC2CCOCC2)C1=C(OCC)O,0.415258484,2.926170654,359.382,1.5184,-8.4,-8
O=C1C(c2ccc(F)cc2)=C(c2ccnc(NC3CCOCC3)c2)C(=O)N1,0.81135624,2.535260281,367.38,2.3788,-9,-9
c1cc(cc(n1)Nc1cc(-c2ccccc2)ccn1)NC1CCOCC1,0.71327816,2.299947833,346.434,4.4781,-8.9,-8.5
c1c(c(cc(C2C(=O)NC(C=2c2ccc(cc2)OC)=O)c1)Cl)Cl,0.863166663,2.094728956,348.185,3.5692,-7.6,-7.6
c1(c(cc(Cl)cc1)Cl)-c1ccnc(c1)NC(C1CC1)=O,0.912659697,1.960285576,307.18,4.4039,-7.7,-7.5
C1C(Nc2nccc(c2)C2=C(C(NC2=O)=O)c2cccc(Cl)c2)CCCC1,0.783688512,2.451789275,381.863,4.0468,-9.4,-9
c1cccc(c1)C1=C(c2c(NC3CCOCC3)nccc2)C(NC1=O)=O,0.827718733,2.467399125,349.39,2.2397,-8.2,-8.4
C1C(CCCN1C(=O)c1cc(on1)C(=O)N)Oc1ccc2c(c1)cccc2F,0.746905339,2.967410423,383.379,2.7494,-9.2,-9
C(Nc1cc(ccn1)-c1cnc(C(N)=O)[nH]1)(C1CC1)=O,0.766616215,2.529102883,271.28,0.9191,-7.6,-6.9
C1CC(CCO1)Nc1cc(ccn1)C1C(NC(=O)C=1c1ccc(cc1)F)=O,0.81135624,2.535260281,367.38,2.3788,-9.1,-8.9
C1CC(c2[nH]c(nc2-c2ccc3c(cccc3)n2)C(N)=O)CCO1,0.774788371,2.680765551,322.368,2.6178,-8.4,-8.5
C1(C(=O)NC(=O)C=1c1cc(C(=O)N)cnc1)c1ccc(F)cc1F,0.820961046,2.513063573,329.262,1.0259,-8.3,-8.2
c1(cccc(F)c1)C1=C(c2c(OC)cccc2)C(NC1=O)=O,0.885129722,2.073274226,297.285,2.4015,-7.7,-7.7
c1cc(ccn1)C(Nc1cc(ccn1)-c1ccnc(c1)NC1CCOCC1)=O,0.710620268,2.416787155,375.432,3.3818,-9.1,-8.5
C(=O)(c1cncc(-c2ccnc(NC(C3CC3)=O)c2)c1)N,0.889249919,2.177984168,282.303,1.591,-7.7,-7.7
c1c(Cl)ccc(C2=C(C(NC2=O)=O)c2ccc(F)cc2)c1,0.866674616,1.988596945,301.704,3.0463,-8.1,-7.7
c1(C2C(NC(=O)C=2c2cn(C)c3c2cccc3)=O)ccc(cc1)F,0.738264262,2.222333709,320.323,2.8846,-8.6,-8.5
c12c(c(NC3CCCCC3)ncn1)cc(-c1ccc(cc1)F)cc2,0.721984593,2.005275058,321.399,5.1805,-8.9,-8.7
c1(F)ccc(cc1)C1C(NC(C=1c1ccnc(NC2CCOCC2)c1)=O)=O,0.81135624,2.535260281,367.38,2.3788,-9.1,-8.9
C(C1CCC(CC1)Nc1nc2c(cn1)cnc(N1CCCC1)c2)(N)=O,0.884315961,2.578154292,340.431,2.081,-8.6,-7.7
c1nc(cc(F)c1)NC1CCC(CC1)NC1C(=O)NC(=O)C=1c1ccc(cc1)F,0.67495375,2.714891613,398.413,2.7402,-9.2,-9.3
N(Cc1ncccc1)C1CCCC(Nc2nccc(c2)-c2ccc(F)cc2)C1,0.649052935,2.973301849,376.479,4.7956,-8.7,-8.8
C1C(C(Nc2nccc(-c3cc(NC4CCCC4)ncc3OC)c2)=O)CCCC1,0.718900018,2.415985103,394.519,5.0255,-9.1,-8.3
c1c(NC2CCN(C)CC2)ncc(-c2cn(C(C)C)c(=O)c(c2)OC(C)C)c1,0.82119098,2.690244823,384.524,3.7845,-8.1,-8
c1cccc2c1c(C1C(NC(C=1c1cc(NC3CCOCC3)ncc1)=O)=O)c[nH]2,0.597466155,2.662231618,388.427,2.721,-9.3,-9.5
c1(ccc(C2C(NC(=O)C=2c2ccnc(NC3CCOCC3)c2)=O)cc1)F,0.81135624,2.535260281,367.38,2.3788,-9.1,-8.9
O=C1NC(C(c2cccc(CN3CCOCC3)c2)=C1c1cccc(OC)c1)=O,0.807348359,2.263036604,378.428,2.0946,-8.7,-9.2
c1c(OC)c(ccc1C1C(=O)NC(C=1c1ccccc1)=O)OC,0.880044342,1.993692672,309.321,2.271,-7.8,-7.8
c1c(cccc1)Nc1c(-c2ccnc(NC3CCCOC3)c2)c(c1=O)=O,0.689553811,2.893836609,349.39,2.6791,-9,-8.4
c1(C2C(NC(=O)C=2c2cc(OC)ccc2)=O)cc(ncc1)NC1CCOCC1,0.774833116,2.557756263,379.416,2.2483,-9.1,-8.5
C(Nc1cc(ccn1)-c1ccc(Cl)cc1)(=O)C1CCC(CC1)NC(C1CC1)=O,0.783698851,2.132622352,397.906,4.4255,-9,-8.6
c1cc(Nc2nccc(-c3cncc(C(=O)N)c3)c2)ccc1,0.773667353,2.038138982,290.326,2.9861,-8.5,-8.1
c1(-c2ccccc2)cc(ncn1)NC1CCCCC1C(NCCOC)=O,0.7479097,2.976620862,354.454,2.8769,-8.3,-8.5
c1ccccc1C1N(Nc2cc(-c3cc[nH]n3)ccc2)C(CC1)=O,0.769612484,3.249299905,318.38,3.7673,-8.6,-8.2
c1(-c2ccccn2)ccnc(Nc2ccc(c(Cl)c2)Cl)c1,0.721988417,1.971791161,316.191,5.194,-8.2,-7.5
O=C1C(=C(C(=O)N1)c1cccc(c1)F)c1cc(ncc1)NC1CCOCC1,0.81135624,2.588614128,367.38,2.3788,-9.1,-9
c1nc(NC(=O)C2CC2)cc(c1)C1C(NC(C=1c1ccc(F)cc1)=O)=O,0.826296828,2.34537343,351.337,2.1364,-9,-8.2
O1CCCC1CNC(c1cc(ccn1)C1=C(c2cc(ccc2)F)C(NC1=O)=O)=O,0.751371215,2.967955759,395.39,1.6967,-9.2,-8.7
c1(C)cc2c(cc1OCCCN1CCOCC1)[nH]nc2-c1ccc(F)cc1,0.672088414,2.27823268,369.44,3.77852,-8.4,-8.3
c1cc(Cl)c(cc1C1=C(N2CCCCC2)C(=O)NC1=O)Cl,0.850877629,2.354386515,325.195,2.8468,-7.7,-7.2
c1cc(OC)cc(NC2=C(N3CCCC3)C(NC2=O)=O)c1,0.81068018,2.388290544,287.319,1.0709,-7.6,-7.1
n1c(cc(cc1)C1C(NC(C=1Nc1cccc(Cl)c1)=O)=O)NC1CCCCC1,0.666136803,2.528776775,396.878,3.9592,-9.1,-8.5
C1CN(C(=O)C)CCC1Nc1nc2c(cn1)cnc(n2C(C)C)=O,0.908517762,2.696044974,330.392,1.1902,-7.8,-8
c1c(cc(-c2n(c(=O)[nH]n2)-c2ccc3c(c2)OCCO3)cc1)F,0.786784032,2.300962735,313.288,2.1379,-8.1,-8.2
c1ccc(-c2ccc(C3C(=O)NC(C=3c3c(cccc3)F)=O)cc2)cc1,0.72914495,1.996038105,343.357,4.0599,-8.6,-8.6
c1(ccnc(c1)NC(=O)C)-c1nc(ncc1)NC(C1CC1)=O,0.897229724,2.240939982,297.318,1.8455,-8,-7.4
c1(nccc(c1)C1=C(C(=O)NC1=O)c1cc(ncc1)NC1CCOCC1)Nc1ccccc1,0.503799672,2.70139965,441.491,3.3783,-10.3,-9.4
c1(cc(ccn1)C1C(NC(C=1c1cccc(C(=O)N)c1)=O)=O)NC1CCOCC1,0.659982577,2.636238786,392.415,1.3386,-9.7,-8.9
c1cc(NCc2cc(ccc2)C2=NON(C3CCOC3)C2=O)ccc1,0.774711014,3.160158257,337.379,3.0768,-8.5,-8.3
c1(NC2CCC2)nccc(C2=C(c3ccc(Cl)cc3)C(NC2=O)=O)c1,0.827499606,2.394331626,353.809,3.2666,-8.5,-7.9
Cc1cc2c(cc1)c(C1=CC(NC1=O)=O)cn2C(C)C,0.850998899,2.734992718,268.316,2.57042,-8,-7.6
c1nc(cc(-c2cnc3[nH]nc(NC(CCC)=O)c3c2)c1)NC1CCCC1,0.611543997,2.57624047,364.453,4.113,-9.1,-8.1
C1COCCC1CNc1nccc(C2=C(c3ccc(F)cc3)C(=O)NC2=O)c1,0.778613019,2.564246861,381.407,2.6264,-8.6,-8.7
c1cc(C2=C(C(NC2=O)=O)c2cc(NC3CCOCC3)ncc2)ccc1,0.827718733,2.476063902,349.39,2.2397,-8.7,-8.7
C1(c2ccc(F)cc2)=C(C(NC1=O)=O)c1ccc(cc1)F,0.861840499,1.960878592,285.249,2.532,-8.1,-7.6
c1(C2=C(c3ccc(c(c3)F)F)C(=O)NC2=O)ccc(F)cc1,0.867067392,2.144415413,303.239,2.6711,-8.3,-8
c1c(Cl)c(ccc1C1C(NC(C=1c1cc(Nc2ccccc2)ncc1)=O)=O)F,0.652051183,2.365303506,393.805,4.1849,-9.7,-9.4
c1(nc2c(cccc2)c(c1)NC1CCN(CC1)C(C)C)-c1cc(ncc1)Nc1ccccc1,0.369347258,2.341693702,437.591,6.3251,-10.3,-9.3
C(C(=O)Nc1cc(ncn1)-c1ccnc(c1)NCC1CCCCC1)C,0.834681141,2.392849129,339.443,3.8793,-8.6,-7.8
c1cc(Cl)ccc1NC1C(=O)NC(=O)C=1c1ccc(cc1)C(N)=O,0.739296003,2.168047729,341.754,1.9185,-8.1,-8.2
c1ccc(cc1)C1=C(C(NC1=O)=O)Nc1cc(ccc1)Cl,0.856775357,2.080552851,298.729,2.8196,-7.9,-8.1
COc1c(OC)ccc(c1)-c1cc(NN2C(C=CC2=O)=O)ncc1,0.847207645,2.598083709,325.324,2.0177,-8.3,-8.1
COc1c(OC)cc(C2NC(=O)NC3C2C(N(c2ccc(F)cc2)C3=O)=O)cc1OC,0.702043808,3.468190525,429.404,1.7636,-8.5,-8.5
CCCCc1cc(C2C(=O)NC(C=2c2cc(ncc2)NC2CCOCC2)=O)ccn1,0.686941058,2.78833451,406.486,2.9773,-9.1,-8.6
c1cnccc1C1C(NC(C=1c1cc(NC2CCC2)ncc1)=O)=O,0.84198184,2.529153205,320.352,2.0082,-8.4,-7.8
c1nc(NC2CCOCC2)cc(-c2cc3c(n[nH]c3nc2)NC(=O)C)c1,0.666455464,2.694763902,352.398,2.5692,-9.5,-8.7
N(c1ccnc(C2C(=O)NC(=O)C=2c2ccc(F)cc2F)c1)c1cc(C)[nH]n1,0.603674787,2.793288363,381.342,2.70212,-9.2,-8.8
c1(NC2CCOCC2)cc(C2C(NC(=O)C=2c2cc(ccc2)Cl)=O)ccn1,0.793382813,2.579779216,383.835,2.8931,-9.1,-9
C1CC1C(Nc1cc(-c2ccc(F)cc2)ccn1)=O,0.915587609,1.788089969,256.28,3.2362,-7.7,-7.8
N1C(C(=C(C1=O)c1ccnc(c1)NC1CCCC1)c1ccc(cc1)O)=O,0.738417556,2.461663951,349.39,2.7089,-9.2,-8.2
c1(cc(ncc1)NC1CCOCC1)C1=C(c2ccc(O)cc2)C(=O)NC1=O,0.716234787,2.593946672,365.389,1.9453,-9.1,-8.8
C1C(OCCO1)c1ccc(C2C(=O)NC(=O)C=2c2ccc(Cl)cc2)cc1,0.844642283,2.877355945,369.804,2.9951,-8.5,-8.1
Fc1cc(cc(c1)C1C(=O)NC(=O)C=1Nc1cc2c(cc1)cccc2)F,0.709882074,2.34846608,350.324,3.5976,-9.5,-9.6
c1(nc(C2CCC2)ncc1)C1C(NC(=O)C=1Nc1cc(ccc1)F)=O,0.83630709,2.685067704,338.342,2.3628,-8.4,-8.1
C1N(CCCO)CCC(Nc2ncc3c(n[nH]c3c2)-c2ccc(cc2Cl)F)C1,0.584961487,2.645751134,403.889,3.6761,-8.9,-7.7
c1cc(ccn1)C1C(NC(=O)C=1c1ccc(c(c1)OC)OC)=O,0.869189714,2.19921859,310.309,1.666,-7.8,-7.6
c1(cc(N2C(=O)C(C2c2ccc(F)cc2)Cl)ccc1)C(=O)N,0.698182869,2.87921256,318.735,2.6199,-8.4,-8.2
c1cc(ccc1F)Nc1nccc(c1)C1C(=O)NC(C=1c1ccc(F)cc1)=O,0.680884678,2.293940429,377.35,3.6706,-9.9,-9
c12cc(c(cc1c(NC(CC)CC)nn2C)F)-c1cc(ncc1)Nc1ccccc1,0.390341653,2.613840938,403.505,6.1185,-8.8,-8.4
COc1cc(ccc1OC)C1C(=O)NC(=O)C=1c1cc(cc(c1)C(=O)N)C,0.782988417,2.335866502,366.373,1.67832,-9.5,-8.1
c1(-c2cccc(c2)NC2CCOCC2)nc(nn1C1CCC1)-c1ccc(F)cc1,0.65883805,2.463687546,392.478,5.0671,-9.3,-8.8
O1CCN(c2nccc(c2)C2=C(c3ccc(F)cc3)C(=O)NC2=O)CC1,0.849446593,2.391528566,353.353,1.6245,-8.9,-8.7
n1c(ncc2ccc(n(c12)C(C)C)=O)NC1CCN(C(NCC)=O)CC1,0.871803592,2.588642767,358.446,1.9782,-8,-8
O(c1ccc2c(c1)c(n[nH]2)C#N)C(C)C(=O)N1CCC(O)CC1,0.8855433,3.075316927,314.345,1.18518,-8.3,-7.4
O=C1C(c2ccccc2)=C(C(N1)=O)c1ccnc(NC2CCOCC2)c1,0.827718733,2.476063902,349.39,2.2397,-8.7,-8.7
c1nc(NC2CCOCC2)cc(-c2n[nH]c(n2-c2cc3c(cccc3)cc2)=O)c1,0.560847365,2.543330396,387.443,3.3667,-9.2,-9.7
C1C(Nc2c(cc3c(=O)[nH]ccc3c2)F)CCC(NC(C2CC2)=O)C1,0.799031538,2.445045602,343.402,2.9165,-9,-8.6
c1(-c2ccnc(Nc3ccc(cc3)F)c2)cc(n[nH]1)C,0.76177532,2.327889535,268.295,3.66282,-8,-7.5
c1c(ccc(-c2ccnc(c2)NC(C2CCC(CC2)N)=O)c1)F,0.912889419,2.082777535,313.376,3.3437,-8.5,-8
COc1cc(ccc1OC)C1=C(c2cccs2)C(NC1=O)=O,0.879627224,2.289640479,315.35,2.3325,-7.6,-7.3
OC(=O)c1ccc(C2=C(c3ccnc(OC)c3)C(=O)NC2=O)cc1,0.822616601,2.327255766,324.292,1.3556,-7.9,-7.5
C1CCC(CC1)Nc1nccc(-c2[nH]c([nH]c(c2-c2ccc(Oc3ccccc3)cc2)=O)=O)c1,0.365686907,2.488823862,454.53,5.3291,-10.7,-8.6
c1c(NC2CCCC2)nc(C2C(NCC=2c2cc(ccc2)Cl)=O)cc1,0.868497189,2.627522469,353.853,4.1301,-8.5,-8.4
n1c(nc(C)[nH]1)-c1cc(-c2sc(nc2)NC(=O)C2CC2)ccc1,0.771023119,2.41726285,325.397,3.25212,-8.4,-7.5
c1c(ccc(c1)C=C1C(NC(S1)=NCCC)=O)-c1cc(ccc1)F,0.834883076,2.692158556,340.423,4.4626,-7.9,-8.4
c1c(ccnc1NC1CCN(CC1)Cc1ccc(F)cc1F)C(=O)N,0.87274636,2.208951128,346.381,2.5352,-8.4,-8.2
C1(C(C(Nc2nccc(C3C(NC(C=3c3ccc(cc3)Br)=O)=O)c2)CCC1)O)O,0.522667549,3.62475005,458.312,2.0975,-9.2,-9
c1nc(nc(c1C(N)=O)C1CCC1)NC1CCN(c2ncccn2)CC1,0.841753917,2.577539643,353.43,1.7139,-8.4,-7.9
C1(C(CCCC1)=CNc1cc(C2C(NC(C=2c2cc(Cl)ccc2)=O)=O)ccn1)=O,0.59502334,2.804771502,407.857,3.7411,-9.6,-8.8
n1ccc(cc1NC1CCOCC1)C1=C(c2cc(NC3CCOCC3)ncc2)C(NC1=O)=O,0.57549403,2.942209959,449.511,2.2256,-10.1,-9
C1(Nc2cccc(-c3[nH]c(C4CCN(CC4)C(=O)C)nn3)c2)CCCCC1,0.858233758,2.645320509,367.497,3.9422,-9.6,-8.7
C(Nc1n[nH]c2c1cc(cn2)Br)(=O)CCC,0.908535753,2.440554629,283.129,2.459,-6.6,-6.4
n1c2c(cc(Br)cc2)[nH]c1NC1CCN(CC1)C(=O)NCC,0.782189113,2.386885995,366.263,2.9312,-7.6,-7.1
C1(c2cc(ncc2)NC2CCOC(C2)C)C(=O)NC(=O)C=1c1ccc(Br)cc1,0.7101799,3.404614859,442.313,3.3907,-8.8,-9.1
c1cc(O)cc(c1)C1C(NC(C=1c1cc(NC2CCC2)ncc1)=O)=O,0.74601323,2.519124476,335.363,2.3188,-8.7,-8.1
C(C)CC(Nc1c2c(nc(n1)-c1ccc(cc1)Cl)[nH]nc2N1CCCC1)=O,0.693501844,2.547609986,384.871,4.0121,-8.2,-7.8
C1CCCC1C1C(=O)NC(C=1c1cc(ncc1)NC1CCOCC1)=O,0.821401586,2.779663249,341.411,2.2727,-8.3,-8.6
C1CCCC(C1)Nc1cc(NC(=O)C2CCC2)ncc1Cl,0.875433639,2.199431313,307.825,4.2182,-7.6,-7.3
C1(Nc2cc(-c3cc(ncc3)NC(C3CCOCC3)=O)ccn2)CCOCC1,0.826536497,2.53663646,382.464,3.0996,-9.1,-8.5
N(c1nccc(c1)C1C(NC(=O)C=1c1ccc(OC)cc1)=O)C1CCOCC1,0.774833116,2.510002416,379.416,2.2483,-9.3,-8.9
c1[nH]c2c(c1-c1nc(ncc1)NC1CCOCC1)cc(cc2Cl)-n1cnc(n1)-c1ccncc1,0.387195811,3.019680712,472.94,4.5119,-9.8,-9
c1c(ccc(F)c1)C1=C(C(NC1=O)=O)c1c2ccccc2n(C)c1,0.738264262,2.222333709,320.323,2.8846,-8.9,-7.9
C1(C(=C(C(N1)=O)c1ccnc(NC2CCOCC2)c1)c1c(Cl)cccc1)=O,0.793382813,2.55072892,383.835,2.8931,-9,-8.9
c1nc(cc(C2=C(c3cnccc3)C(NC2=O)=O)c1)NC1CCC(N)CC1,0.713737413,2.70168395,363.421,1.7256,-8.9,-8.4
c1c(-c2cc(Nc3nccc(c3)C3CCCCC3)ncc2Cl)cn(n1)C,0.677382884,2.598132323,367.884,5.3218,-8.9,-9
c1cc(ccc1C(=O)O)C1=C(c2cc(NC(C3CC3)=O)ncc2)C(NC1=O)=O,0.68112839,2.376064941,377.356,1.6955,-8.6,-7.6
C(=O)(N)c1cc(ccn1)-c1nc(ncc1C(N)=O)NC1CCOCC1,0.70908988,2.617250803,342.359,0.3273,-8.5,-8
C1CCC(Nc2nccc(c2)C2=C(C(=O)NC2=O)c2cc(ccc2)OC)C1,0.798456144,2.426596376,363.417,3.0119,-9.1,-8.4
c1cc(cc(c1)C1C(=O)NC(C=1c1c2c(cccn2)[nH]c1)=O)F,0.713200932,2.501323689,307.284,2.2692,-8.3,-8.1
C(=O)(Nc1n[nH]c2c1cc(-c1ccc(cc1)F)cn2)CCC,0.774075026,2.228756324,298.321,3.5026,-8.1,-7.9
c1cnc(cc1)NC1C(=O)NC(C=1c1cc(ncc1)NC(C)C)=O,0.725935461,2.692783256,323.356,1.7765,-8,-7.7
O=C1C(CC(=O)N1)=Cc1cccc(c1)-c1ccc(C(=O)O)cc1,0.67381455,2.167855986,307.305,2.4817,-9.2,-8.5
C1CC(CCO1)Nc1nccc(-c2ncc(c(n2)NC2CCCC2)Cl)c1,0.820285293,2.571985334,373.888,4.1374,-8.7,-8.5
O=C1NC(=O)C(c2ccc(F)cc2)=C1c1cc(NC2CCCCC2)ncc1,0.813387824,2.407270341,365.408,3.5325,-9.4,-8.6
c1cc(NC2C(=O)NC(=O)C=2c2ccc(F)cc2)ccc1F,0.856067072,2.101377451,300.264,2.4444,-7.9,-7.7
c1cc(F)c(cc1C1=C(C(NC1=O)=O)c1cc2c(cc1)OCO2)F,0.858619374,2.368394342,329.258,2.2607,-8.5,-8.5
n1c(NC2CCCC2)nc2c(c1)nnn2Cc1cc(ncc1)NC1CCCCC1,0.659441653,2.619835744,392.511,3.7637,-9.2,-7.9
C1C(CCC1)N=C1SCC(N1)=C1c2c(NC1=O)cc(cc2)Cl,0.771431621,3.245958453,333.844,3.6382,-8.1,-8.5
c1cccc2c1ccc(-n1c(=O)[nH]nc1-c1cn(C)c3c1ccc(c3)F)c2,0.518304086,2.430017086,358.376,4.0116,-10.1,-8.9
N(C1CCOCC1)c1cc(ccn1)-c1n[nH]c(n1-c1ccc(cc1)F)=O,0.750426955,2.510373214,355.373,2.3526,-8.5,-8.6
COc1c(-c2c(F)cnc(NC3CN(CCC3)C(=O)C)c2)cccc1,0.925228715,2.694785943,343.402,3.3191,-8.6,-8.1
c1cnccc1C1=C(C(NC1=O)=O)c1c(F)cccc1,0.844636013,2.196797577,268.247,1.7879,-7.9,-7.5
N=C(NC1CCC(CC1)Nc1nccc(n1)C1CC1)c1ccc(F)cc1,0.564089557,2.670218413,353.445,3.83137,-8.6,-8.2
O=C1C(=C(C(=O)N1)c1ccnc(NC2CCC2)c1)c1ccc(cc1)F,0.841806812,2.399366946,337.354,2.7523,-8.7,-8.3
C1C(C(=O)Nc2nccc(c2)-c2cccc(c2)CO)CCOC1,0.910112119,2.155317729,312.369,2.606,-8.2,-7.9
c1c(-c2cc(ncc2)NC2CCOCC2)[nH]nc1C(N)=O,0.782134531,2.642410329,287.323,1.1615,-7.5,-7.5
C1(c2ccc(F)cc2)C(NC(C=1c1cc2ccccc2n1C)=O)=O,0.738264262,2.325442759,320.323,2.8846,-8.8,-8.9
c1c(Nc2nccc(-c3cnccn3)c2)cc(C2CCCCC2)nc1,0.74885749,2.519603852,331.423,4.7249,-8.5,-8.9
c1ccc(cc1)C1=C(c2ccnc(c2)NC2CCOCC2)C(NC1=O)=O,0.827718733,2.476063902,349.39,2.2397,-8.9,-8.5
c1(cccc2c1nc(C)cc2C)NC1CCC(NC(=O)NCC)CC1,0.790813486,2.305995115,340.471,3.89384,-8.4,-8.2
c1c(-c2c([nH]nc2-c2ccnc(NCC3CCOCC3)c2)O)ccc(F)c1,0.637628232,2.700519341,368.412,3.8219,-9,-8.3
c1c(OC)cc(OC)cc1C1C(=O)NC(=O)C=1Nc1cc(ccc1)F,0.815778093,2.331910797,342.326,2.3225,-7.6,-8.1
c1cc(cc(NC(C2CCOCC2)=O)n1)C1=C(c2ccc(cc2)F)C(=O)NC1=O,0.773527668,2.507276043,395.39,2.153,-9.3,-9.1
n1ccc(cc1Nc1ccccc1Cl)C1C(NC(=O)C=1c1ccc(Cl)cc1)=O,0.612137982,2.324479852,410.26,4.6992,-9.2,-9.1
c1ccc(cc1)C1=NN(c2cc(N3CCOCC3)ccc2)C(=O)C1,0.872923647,2.241513844,321.38,2.6642,-8.9,-8.5
C1NCCCC1Nc1cc(C2=C(C(=O)NC2=O)c2ccc(Cl)cc2)ccn1,0.707431978,3.010523116,382.851,2.4661,-8.7,-8.7
C1CC1C(Nc1cc(ccn1)C1=C(c2cccc(Cl)c2)C(NC1=O)=O)=O,0.813018404,2.392941607,367.792,2.6507,-8.5,-8.4
Clc1c(cnc(NC2CCC(CC2)OC)n1)C(NCCC)=O,0.785889588,2.431467526,326.828,2.6393,-7.2,-6.6
c1c(cc(nc1)NC1CCCC1)C1C(NC(C=1c1ccc(c(Cl)c1)Cl)=O)=O,0.748155491,2.503487001,402.281,4.3101,-9.1,-9.1
c1nc(NC2CCCC2)cc(-c2cc(NC3CCC3)ncc2)c1,0.855795949,2.295056968,308.429,4.4625,-7.8,-7.4
c1c(ccc(C2=C(C(NC2=O)=O)c2ccnc(NC3CCOCC3)c2)c1)OC,0.774833116,2.510002416,379.416,2.2483,-9.2,-8.9
Fc1cc2c(CCN(C2)C(CC)=O)cc1-c1ccnc(Nc2ccc(F)cc2)c1,0.67351227,2.388849722,393.437,5.0651,-10,-9.3
c1(-c2ccnc(c2)NC2CCC(CC2)O)cc(Nc2ccccc2)ncc1,0.620107791,2.299307885,360.461,4.6026,-8.5,-8.5
C1(C(NC(=O)C=1c1cc(ncc1)NC1CCC1)=O)c1cccc(c1)F,0.841806812,2.45798103,337.354,2.7523,-8.8,-8.2
C1(=O)C(=C(C(N1)=O)Br)c1ccnc(Nc2ccccc2)c1,0.840002757,2.373482082,344.168,2.5876,-8.1,-7.8
c1c2c(cc(F)c1OC)CCC2=C1c2c(NC1=O)ccc(c2)F,0.813702684,2.553290306,313.303,3.7825,-9.2,-9.4
c1ccc(cc1)C=C1SC(=NCCc2ccc(cc2)O)NC1=O,0.84914833,2.648685123,324.405,3.1948,-8.1,-7.6
c1cccc2c(NC3CCN(CC3)C(C)C)ncc(c12)C(N)=O,0.910160055,2.235171726,312.417,2.6184,-8,-8.4
c1(ccc(C2C(=O)NC(=O)C=2c2cc(Nc3c(cccc3)N)ncc2)cc1)F,0.48157589,2.399145237,374.375,3.1137,-9.8,-9.3
c1(NC2CCC2)nccc(-c2n[nH]c(=O)n2-c2cc3c(cc2)ccc(c3)F)c1,0.567600231,2.533549425,375.407,3.8793,-9.3,-8.5
c12cc(nnc2[nH]nc1NC(CCC)=O)-c1ccc(cc1)F,0.775561944,2.408738742,299.309,2.8976,-8.1,-7.8
c1cccc2c1NC(=O)C2=Cc1c(cccc1)NC(=O)NC1CCCCC1,0.697492834,2.234287792,361.445,4.6335,-9.2,-8.3
c1(Nc2ccnc(c2)C)cc(c(C2C(NC(C=2c2ccc(F)cc2)=O)=O)cn1)C,0.668126045,2.596326648,388.402,3.54334,-9,-9.1
c1c(-c2ccnc(Nc3cccc(N4CCOCC4)c3)c2)cnc(n1)NC1CCOCC1,0.609914965,2.574394915,432.528,3.7097,-9.3,-9.3
C(=O)(c1ccc(C2=C(C(NC2=O)=O)c2ccc(cc2)F)cc1)N,0.841772581,2.072815254,310.284,1.4918,-8.5,-8.1
c1(-c2n[nH]c(=O)n2-c2cc3OCCc3cc2)ccc2c(c1)ccc(=O)[nH]2,0.5805596,2.591708437,346.346,2.004,-9.6,-8.9
c1c(nccc1C1C(NC(C=1c1cc(NC2CCC2)ncc1)=O)=O)NC1CCC1,0.65759315,2.725025997,389.459,2.9726,-9.5,-8.4
c1(C2C(NC(C=2c2c(Cl)cccc2F)=O)=O)ccc(cc1)-n1c(n[nH]c1=O)-c1cccnc1,0.453958611,2.694529752,461.84,2.9823,-9.4,-9.3
c1c(C2=C(C(=O)NC2=O)c2cc(ncc2)NC2CCOCC2)ccc(Cl)c1,0.793382813,2.530676849,383.835,2.8931,-8.8,-9
c1cc(F)c(cc1)NC1C(NC(=O)C=1c1ccccc1Cl)=O,0.85596987,2.195205243,316.719,2.9587,-8,-7.7
o1cccc1-c1cc2c(nc1)[nH]nc2NC(=O)CCC,0.762986661,2.507856114,270.292,2.9565,-7.5,-7
c1c([nH]cn1)-c1ccnc(NC2CCN(CC2)C(=O)C(C)C)n1,0.90016903,2.598993619,314.393,1.9256,-7.9,-7.5
c1cc(C2=C(C(NC2=O)=O)c2ccnc(c2)NC2CCOCC2)ccc1C#N,0.794599401,2.650624639,374.4,2.11138,-9.4,-9.4
N1C(=O)C(=C(C1=O)c1cccc(c1)OC)c1c(ccc(c1)Cl)F,0.879462426,2.208321504,331.73,3.0549,-8.4,-7.9
N1C(C(c2ccc(F)cc2)=C(c2ccnc(NC3CCOCC3)c2)C1=O)=O,0.81135624,2.535260281,367.38,2.3788,-9,-9
N(C(C)C)c1nc(ccn1)-c1ccnc(c1)NC1CCC(O)CC1,0.782665352,2.519900363,327.432,3.0743,-8.2,-7.8
c1cc(ccc1)Nc1c2ccccc2nc(c1)NC1CCOCC1,0.739299818,2.087903958,319.408,4.5693,-8.6,-8.9
O=C1NC(C(c2cc(ncc2)NC2CCOCC2)=C1c1cc(F)ccc1)=O,0.81135624,2.588614128,367.38,2.3788,-9.1,-9
C1(c2cccnc2)C(NC(=O)C=1c1ccnc(NC2CCOC2)c1)=O,0.816312441,3.130828069,336.351,1.2446,-8.6,-8.4
O=C1C(c2cc(N3CCOCC3)ncc2)=C(C(=O)N1)c1ccc(F)cc1,0.849446593,2.391528566,353.353,1.6245,-8.9,-8.7
C1(=CC(NC1=O)=O)c1ccc(cc1)OC1CCC1,0.821272333,2.389593707,243.262,1.6577,-7.3,-7.7
c1(c(cc(C2=C(C(NC2=O)=O)c2cc(ncc2)NC(C)C)cn1)OC)OC,0.750626299,2.759777654,368.393,1.8813,-8.4,-7.2
c1cccc(C2C(NC(C=2c2cc(NC3COCC3)ncc2)=O)=O)c1,0.833712304,2.940261367,335.363,1.8496,-8.5,-8.2
c1cnc(NC2CCC2)cc1C1C(=O)NC(C=1c1ccc(cc1)F)=O,0.841806812,2.399366946,337.354,2.7523,-8.7,-8.4
C1OCCC(C1)Nc1nccc(-c2cc(C3(CCCC3)O)ncc2)c1,0.892304198,2.713022546,339.439,3.4961,-8.8,-8.3
C1(CC1)C(Nc1nccc(c1)C1C(=O)NC(C=1c1ccc(Cl)cc1)=O)=O,0.813018404,2.340476065,367.792,2.6507,-8.1,-8.7
c1cccc(C2C(NC(=O)C=2Nc2cc(C)cc(c2)C)=O)c1Cl,0.849485556,2.296008763,326.783,3.43644,-8.2,-8.1
c1c(c(ccc1Cl)C1=C(C(=O)NC1=O)c1cn(C)c2ccccc21)Cl,0.691294786,2.326083544,371.223,4.0523,-8.3,-7.7
c1cc(cc(n1)NCC1CCC(CC1)C(=O)N)-c1nc(NC(C2CC2)=O)ccc1,0.6690561,2.453119231,393.491,3.1957,-9.3,-8.2
c1(-c2ccnc(Nc3cc(N4CCOCC4)ncc3)c2)cc[nH]c(=O)c1,0.752591507,2.560800518,349.394,2.4121,-8.7,-8.9
C1(CN(CCC1)C(NCC)=O)COc1nccc(-c2ccnc(Nc3ccc(F)cc3)c2)c1,0.539281346,2.938162386,449.53,4.8466,-9.1,-8.7
O=C(c1cc(ccc1)C1=C(C(NC1=O)=O)c1cc(NC(=O)C)ccc1)NC1CCCCC1,0.632151957,2.330844921,431.492,3.2747,-10,-9.1
n1c(cc(C(=O)N)cc1)C1=C(c2ccc(F)cc2)C(=O)NC1=O,0.821595305,2.385582561,311.272,0.8868,-8,-8.3
C1CN(CC1)c1nccc(C2=C(c3ccc(cc3)Cl)C(=O)NC2=O)c1,0.861768081,2.319780082,353.809,2.9024,-8.7,-8.3
C(C)(C)C(=O)Nc1n[nH]c2c1cc(cc2)-c1ccccc1,0.765280049,1.999199774,279.343,3.8244,-8.6,-8.3
c1c(C2C(NC(=O)C=2c2cccc(F)c2)=O)cnc(c1)NC1CCOCC1,0.81135624,2.573546672,367.38,2.3788,-9.3,-8.4
c1c(Nc2nccc(c2)-c2ccnc(Nc3ccccc3)c2)ccc(C2=CCCCC2)c1,0.338589073,2.377844435,418.544,7.5882,-9.1,-10.3
c12ccccc1ccc(-n1c(=O)[nH]nc1-c1ccnc(c1)NC1CCOCC1)c2,0.560847365,2.543330396,387.443,3.3667,-9.4,-9.9
c1c(ccnc1NC1CCCC1)-c1cc(NC(C2CCOCC2)=O)ncc1,0.840174268,2.407209231,366.465,3.8632,-9.1,-7.9
c1(C2=C(C(=O)NC2=O)c2ccc(F)cc2)cccc(c1)C,0.860255563,2.036514025,281.286,2.70132,-8.7,-8.7
c1cc(C)ccc1C1C(=O)NC(C=1c1cc(ncc1)NC1CCOCC1)=O,0.816294316,2.518153181,363.417,2.54812,-9,-9
N1CCCC1=C1c2ncc(n2C(CC1)=O)-c1ccc(F)cc1,0.878872857,2.832793549,297.333,3.2177,-8.3,-8.3
C(C1CCC(CC1)C)(Nc1nccc(-c2ccnc(NC3CCOCC3)c2)c1)=O,0.780845412,2.508114152,394.519,4.4993,-9.7,-8.6
Fc1ccc(-n2c(-c3ccc4c(c3)cccc4)nnc2S)cc1,0.550493693,2.063571461,321.38,4.5153,-8.5,-8.3
c1cc(cc(NC2CCOCC2)c1C1C(=O)NC(C=1c1cc(ccc1)C#N)=O)OC,0.744861203,2.664174927,403.438,2.72498,-9,-8.2
N(c1nccc(c1)-c1cc(NC(C2CC2)=O)ncc1)C1CCOC1,0.884175555,2.848804446,324.384,2.6929,-8.1,-8.2
O=C(Nc1cc(C2=C(c3ccc(cc3)Cl)C(NC2=O)=O)ccn1)C1CC1,0.813018404,2.340476065,367.792,2.6507,-8.5,-8.1
c1c(cc(cc1)NC(=O)C1CC1)-c1nc(c2c(n1)nc[nH]2)NC1CCOCC1,0.630421126,2.551251822,378.436,2.9593,-9.3,-8.3
c1c(cccc1C1C(NC(C=1c1cc(F)ccc1)=O)=O)F,0.861840499,2.135727584,285.249,2.532,-7.8,-7.7
C(O)COC,0.48573367,2.142964477,76.095,-0.3749,-2.9,-3.2
C1(NC(=O)C(=C1c1ccnc(NC2CCCCC2)c1)c1ccc(cc1)F)=O,0.813387824,2.407270341,365.408,3.5325,-9.4,-8.6
c1(ccccn1)Nc1nccc(C2C(=O)NC(C=2c2ccc(F)cc2)=O)c1,0.699139203,2.40905969,360.348,2.9265,-9.7,-8.7
c1(ccc(cc1)C1C(=O)NC(=O)C=1c1cc(c(cc1)OC)OC)C,0.878491772,2.04870215,323.348,2.57942,-8.2,-8.7
C1OCCC(Nc2nccc(c2)-c2nc(ncc2)Nc2cc(ccc2)O)C1,0.63792671,2.451783462,363.421,3.5787,-9,-8.6
c1cc(F)cc(C2=C(C(=O)NC2=O)c2ccnc(NC3CCOCC3)c2)c1,0.81135624,2.588614128,367.38,2.3788,-9.2,-9
c1(ccc(N2CCOCC2)cc1)Nc1nccc(c1)C(N)=O,0.89874367,2.025727203,298.346,1.7607,-7.9,-8.3
c1ccc(cc1N1CCOCC1)NC1=C(c2cc(N)ncc2)C(NC1=O)=O,0.692993877,2.587975074,365.393,0.98,-9,-8.4
C1CC(C(Nc2nccc(c2)C2=C(c3cc(N)ccc3)C(=O)NC2=O)=O)COC1,0.536350862,3.08936651,392.415,1.5961,-9.2,-9.1
n1[nH]c2c(cc(nc2)NC2CCOCC2)c1-c1ccnc(NC2CCC(CC2)OC)c1,0.552731496,2.910220092,422.533,3.9803,-9.1,-8.4
c1c(ccc(-c2nc(C3C(C3)NC(=O)C3CC3)on2)c1)C(N)=O,0.861892185,3.03361938,312.329,1.2176,-8.1,-7.7
c1c2c(ncc1C(=O)N)n(nc2)C1CCC(CC1)C,0.897607117,2.476313046,258.325,2.2814,-8,-7.5
c1ccc(cc1C1=C(c2ccnc(c2)NC2CCOCC2)C(=O)NC1=O)OC,0.774833116,2.557756263,379.416,2.2483,-9,-8.7
C1(=O)NC(=O)C(=C1c1cc(NC2CCCCC2)ncc1)c1cccc(c1)Cl,0.783688512,2.451789275,381.863,4.0468,-9.3,-9
c1(cnc(cc1)NC1CCC(NC(C2CC2)=O)CC1)C(=O)N,0.766176108,2.196531794,302.378,1.4298,-7.5,-7.2
c1(Nc2cc(-c3cc(ncc3)Nc3ccc(F)cc3)ccn2)ccccc1OC,0.439929361,2.126732433,386.43,5.7785,-9.4,-8.2
c1cc(=O)n(cc1-c1ccnc(Nc2ccccc2)c1)C,0.799437613,2.035649169,277.327,3.1909,-8,-8
c1ccccc1C1=C(Nc2ccc(F)cc2)C(=O)NC1=O,0.849288888,2.026278236,282.274,2.3053,-7.7,-7.6
c1cc(C2C(NC(C=2c2ccncc2)=O)=O)cc(c1)OCC,0.876277809,2.214758522,294.31,2.0475,-7.9,-7.5
C1(c2cc(NC3CCOCC3)ncc2)C(=O)NC(C=1c1ccc(OC)cc1)=O,0.774833116,2.510002416,379.416,2.2483,-9.2,-8.9
C1(c2c(cc(cc2)OC)C(=O)N1)=Cc1cc(NC2CCCCC2)ncc1,0.873069486,2.550612688,349.434,4.0763,-8.7,-8.7
CCCOC(Nc1c2c(cc(cc2)-c2cccc(N)c2)[nH]n1)=O,0.639404109,2.296560053,310.357,3.7706,-7.9,-7.8
c1ccc(c(C)c1)C(N)=O,0.615094781,1.386653982,135.166,1.09392,-5.3,-5.4
O=C1C(=C(c2cc(NC3CCCC3)ncc2)C(=O)N1)c1ccc(Cl)cc1,0.808919745,2.395863336,367.836,3.6567,-8.9,-8.8
c1cc(OC)c(cc1C1C(NC(=O)C=1c1c2ccccc2n(c1)C)=O)OC,0.724833369,2.285521306,362.385,2.7627,-9,-8
c1(C(N)=O)c(cccc1)Nc1cc(C2=C(CCCC2)Cl)ccn1,0.871400546,2.469185927,327.815,4.448,-8.7,-8.5
Clc1cc(ccc1)C1=C(c2ccc(cc2)F)C(=O)NC1=O,0.866674616,2.053511939,301.704,3.0463,-8.2,-7.5
c1ccc(F)cc1C1=C(C(NC1=O)=O)c1ccnc(NC2CCOCC2)c1,0.81135624,2.588614128,367.38,2.3788,-9.1,-9
Clc1ccc(C2=C(C(NC2=O)=O)c2cc(ncc2)NC2CCOCC2)cc1,0.793382813,2.530676849,383.835,2.8931,-8.8,-9
c1cc(cc(C2C(NC(C=2c2ccnc(c2)NC2CCOCC2)=O)=O)c1)Cl,0.793382813,2.579779216,383.835,2.8931,-9,-9.1
Fc1ccc(Nc2ccc(cc2)C2=C(C(=O)NC2=O)c2ccccc2)cc1F,0.668658035,2.146574083,376.362,4.2756,-9.2,-8.7
C1(Nc2cc(C)ccn2)CCC(CC1)Nc1nccc(-c2ccc(F)cc2)c1,0.62363646,2.288716926,376.479,5.42632,-9.6,-8.9
c1c(NC(=O)CC)nc(C2CCCC2)cc1-c1cccc(c1)C(N)=O,0.868657819,2.291325992,337.423,3.8536,-9.1,-8.7
C1(=O)NC(=O)C(=C1c1ccc(COC)cc1)c1cc(Nc2ccccc2)ncc1,0.634658545,2.317378108,385.423,3.5388,-9.1,-9.1
O=C1C(=C(c2cccc(C(N)=O)c2)C(N1)=O)c1ccnc(NC2CCOCC2)c1,0.659982577,2.636238786,392.415,1.3386,-9.6,-9.5
O=C1NC(C(c2cc(ccc2)Br)=C1c1ccc(cn1)F)=O,0.849830418,2.430793816,347.143,2.5504,-7.7,-7.3
C1(=C(C(=O)NC1=O)c1cc(NC2CCOCC2)ncc1)c1ccccc1,0.827718733,2.476063902,349.39,2.2397,-8.7,-8.6
NC(=O)c1c(cccc1)C1C(=O)NC(=O)C=1c1ccccc1,0.836828474,2.043219139,292.294,1.3527,-8.2,-7.6
C1(C(N)=O)CCN(CC1)c1nc(ccn1)-c1ccc(cc1)OCC,0.911115617,2.053024108,326.4,2.244,-8,-7.6
C1(CCOCC1)Nc1cc(ccn1)C1C(NC(=O)C=1c1ccccc1F)=O,0.81135624,2.570143713,367.38,2.3788,-9.2,-8.8
c1cc(-c2ccnc(c2)Nc2cc(ncc2)NC2CCOCC2)cc(n1)O,0.63792671,2.759029616,363.421,3.5787,-8.9,-8.9
C(=O)(N)c1cc(ccc1)-c1ccc2c(c1)ccn2CCCO,0.759462894,2.064767313,294.354,2.7896,-8.3,-7.9
C1C(NC(CCC)=O)CCC(C1)Nc1nc2c(cn1)ccc(n2C(C)C)=O,0.814723954,2.572621306,371.485,3.0118,-8.5,-7.7
c1c(-c2ccc3c(c2)cc(o3)C(NCC2CCOCC2)=O)ccc(F)c1,0.756496613,2.176340218,353.393,4.3953,-9.3,-8.8
c1cc(C2C(NC(=O)C=2c2cc(OC)c(c(c2)OC)OC)=O)cnc1,0.833474762,2.344336731,340.335,1.6746,-7.7,-7.3
c1cc(ccc1C1C(NC(=O)C=1c1cc(ncc1)NC1CCOCC1)=O)F,0.81135624,2.535260281,367.38,2.3788,-9,-8.9
C(Nc1nccc(C2=C(c3ccc(cc3)F)C(NC2=O)=O)c1)(C1CC1)=O,0.826296828,2.34537343,351.337,2.1364,-9.2,-8.3
c1c(cccc1)C1C(NC(=O)C=1c1cc(ncc1)NC1CCOCC1)=O,0.827718733,2.476063902,349.39,2.2397,-8.7,-8.6
c1(nccc(-n2c(n[nH]c2=O)-c2cc(NC3CCCCC3)ncc2)c1)NC1CCCC1,0.555730477,2.714712399,419.533,4.1167,-9.9,-8.5
c1c(cc(-c2cc(ncc2)Nc2ccccc2)cc1)NC(CC)=O,0.707656049,1.845389507,317.392,4.8407,-8.4,-8.4
c12c(nnc(NC3CCOCC3)c1C(=O)NCC(C)O)ccc(Cl)c2,0.750392507,3.038041848,364.833,1.9847,-8.2,-7.7
c1cccc(c1)C1=C(C(=O)NC1=O)Nc1ccc(c(Cl)c1)F,0.85596987,2.165938494,316.719,2.9587,-8.3,-7.9
c1(C2=C(C(NC2=O)=O)c2cccc(c2)C)cc(=O)n2c([nH]nc2CCC)c1,0.692459258,2.96419418,362.389,1.85072,-8.7,-8.8
c1c(-c2nc(ncc2)NC2CCC(CC2)NC(=O)C2CCCNC2)ccc(c1)F,0.722516,2.831289078,397.498,3.1216,-9.3,-8.4
c1cc(cc(c1)Cl)C1C(=O)NC(C=1c1ccnc(c1)NC(CC)=O)=O,0.825143362,2.402021786,355.781,2.6507,-8.4,-7.7
n1(c(-c2cc(ncc2)NC2CCC(CC2)O)nc2c1cccc2Cl)C,0.744047547,2.53479739,356.857,4.0041,-8.7,-8.5
C1CC(Nc2nccc(c2)C2=C(c3cccc(C(=O)O)c3)C(=O)NC2=O)CCC1,0.67613436,2.484836933,391.427,3.0916,-9.8,-9.1
C1C(CC(C(NCc2ccc(F)cc2)=O)CC1)Nc1ccc2nnc(n2c1)C,0.709994403,3.106953214,381.455,3.46392,-9.5,-8.4
c1cc(ccc1)NC1=C(c2ccc(F)cc2)C(=O)NC1=O,0.849288888,2.03605362,282.274,2.3053,-7.8,-7.9
c1cc(NC2=C(c3ccc(F)cc3)C(NC2=O)=O)cc(C(=O)O)c1,0.747065776,2.178713401,326.283,2.0035,-8.4,-8.6
C1(=C(C(NC1=O)=O)c1cc(NC2CCOCC2)ncc1)c1cccc(c1)OC,0.774833116,2.557756263,379.416,2.2483,-9.1,-8.8
c1cc(C(=O)N)cc(c1OC)-c1[nH]c2ccc(Cl)cc2c1,0.775796052,2.06782276,300.745,3.5958,-7.9,-8
c1c(C(N)=O)cc(C2C(=O)NC(C=2c2cc(OC)ccc2)=O)cc1,0.830382419,2.165280565,322.32,1.3613,-8.9,-8.3
c1c(nccc1-c1n[nH]c(n1N)=O)NC1CC2CCC(C1)N2C(=O)C,0.689191735,4.306949965,343.391,0.301,-8.4,-8.4
c12c(c(NC3CCCC3)ncn1)cc(-c1cnn(C)c1)cc2,0.803985322,2.291146789,293.374,3.3848,-8,-8
c1ccc(cc1F)C1C(=O)NC(C=1c1cc(ncc1)NC1CCOCC1)=O,0.81135624,2.588614128,367.38,2.3788,-9.2,-8.9
N1C(C(c2cc(NC3CCOCC3)ncc2)=C(c2ccccc2)C1=O)=O,0.827718733,2.476063902,349.39,2.2397,-8.8,-8.6
c1ncc(C2=C(c3ccnc(NC4CCOCC4)c3)C(=O)NC2=O)cc1,0.814437546,2.659108234,350.378,1.6347,-9,-8.5
c1c(C2=C(Cl)C(NC2=O)=O)cc(nc1)NC1CCC1,0.82440313,2.627544735,277.711,1.6523,-7.2,-7.2
c1c(ccc(C)c1)C1=C(C(NC1=O)=O)c1cc(ncc1)NC1CCCC1,0.832601476,2.38283872,347.418,3.31172,-8.9,-8.8
c1(NCCCN2CCCCC2)nc2cc(-c3cnc(cc3)OC)ccc2cc1,0.611175121,2.263972327,376.504,4.5933,-8.4,-8.2
C1(C(=O)NC(C=1c1cc(ncc1)NC1CCOCC1)=O)c1ccc(cc1)Cl,0.793382813,2.530676849,383.835,2.8931,-9,-9.1
c1cc2c(n(cc2C2C(=O)NC(C=2c2cccc(OC)c2)=O)C)cc1,0.750397967,2.252396848,332.359,2.7541,-8.3,-8.5
n1c(NC2CCC(CO)CC2)cc2c(n1)cc(nc2)-c1cccc(NC(=O)C)c1,0.614286788,2.591109976,391.475,3.6132,-9.8,-8.3
c1cc(F)ccc1C1=C(c2ccc(F)cc2)C(NC1=O)=O,0.861840499,1.960878592,285.249,2.532,-8,-7.6
O=C1NC(=O)C(=C1c1cccc(F)c1)c1ccnc(NC2CCOCC2)c1,0.81135624,2.588614128,367.38,2.3788,-9.1,-8.9
c1cc(ncc1NC1=C(c2ccc(Cl)cc2)C(NC1=O)=O)N1CCCCC1,0.794140272,2.374217086,382.851,3.2049,-9.5,-8.5
c1ccccc1C1=C(c2ccnc(NC3CCC(CC3)O)c2)C(=O)NC1=O,0.725633304,2.500573891,363.417,2.3642,-9.3,-9.3
c1ccccc1C1C(=O)NC(C=1c1cn(C)c2ccc(Cl)cc21)=O,0.72915021,2.260479863,336.778,3.3989,-8.7,-8.3
C1(CC1)c1nc(ccn1)-c1ccnc(c1)Nc1ccc(cc1)F,0.780560826,2.233939084,306.344,4.2987,-8.1,-7.8
c1(C2=C(C(NC2=O)=O)c2ccnc(NC3CCCCC3)c2)ccccc1,0.831840219,2.344705805,347.418,3.3934,-9.1,-8.4
c1ccccc1NC1C(NC2=C(C1=O)c1c(NC2=O)cccc1Cl)=O,0.617736366,3.150907503,353.765,2.797,-9,-8.6
n1ccc(cc1C1C(NC(C=1c1cc(ccc1)F)=O)=O)C,0.858057887,2.386009722,282.274,2.09632,-7.9,-7.5
Clc1ccc(cc1)C1=C(Nc2ccc3c(ccc(c3)C)c2)C(NC1=O)=O,0.68353507,2.225568367,362.816,4.28122,-9.4,-8.9
c1cnc(Nc2ccc(F)cc2)cc1-c1ccnc(c1)Nc1cc(OC)ccc1,0.439929361,2.132669989,386.43,5.7785,-9,-8.9
c12c(=O)c(c[nH]c2c(c(F)cc1)-c1ccccc1)C(=O)NC,0.763494571,2.213857352,296.301,2.6938,-8.4,-8.8
c1(cc(F)ccc1)C=C1C(Nc2c1cc(cc2)Br)=O,0.788814805,2.119256636,318.145,4.0809,-8.2,-7.9
c1(-c2sc(NC(=O)C3CCOCC3)nc2)ccnc(c1)Nc1ccccc1,0.689579995,2.358077885,380.473,4.3138,-8.8,-8.3
c1nccc(C2C(=O)NC(=O)C=2c2ccc(F)cc2Cl)c1,0.866904962,2.29096409,302.692,2.4413,-7.5,-7.6
c1c(ccc(c1)OC)-n1c2c(c3c(n(c2=O)C)ccnc3)cn1,0.569834862,2.256299214,306.325,2.281,-7.9,-8.2
c1(cc(ncc1)NC1CCC(O)CC1)C1C(=O)NC(C=1c1ccc(cc1)F)=O,0.708150074,2.559435237,381.407,2.5033,-9.2,-8.9
n1c(NC2CCOCC2)cc(-c2c(n[nH]c2-c2ccc(F)cc2)Nc2ccccc2)cc1,0.371340986,2.533292107,429.499,5.6123,-9.8,-9.9
c1nc(NC2CCC2)cc(C2=C(c3cccc(c3)OC)C(NC2=O)=O)c1,0.811326201,2.423697473,349.39,2.6218,-8.7,-7.9
c1(cccc(C2C(=O)NC(=O)C=2c2cc(ncc2)NC2CCCC2)c1)OC,0.798456144,2.426596376,363.417,3.0119,-9,-8.6
c1(nccc(-c2cc(NC(=O)C3CC3)ncc2)c1)Nc1ccc(F)cc1,0.718197326,2.126210413,348.381,4.3748,-8.6,-7.7
c1ccc(C2=C(C(=O)NC2=O)c2cc(NC3CCOCC3)ncc2)cc1Cl,0.793382813,2.579779216,383.835,2.8931,-9,-9
c1c(ccc(c1)F)C1=C(c2ccnc(NC3CCC3)c2)C(=O)NC1=O,0.841806812,2.399366946,337.354,2.7523,-8.7,-8.4
c1c(C2=C(c3ccnc(NC4CCOCC4N)c3)C(=O)NC2=O)ccc(c1)Cl,0.67826175,3.429823513,398.85,1.8303,-9.2,-9.2
c12ccc(cc2C(NC1=O)=O)-n1c([nH]nc1-c1ccc(F)cc1)=O,0.693384297,2.394818098,324.271,1.2503,-8.6,-9
c1c(-c2c(F)cccc2)nc(NC(C2CC2)=O)c2c1ccc(=O)[nH]2,0.777627873,2.345880089,323.327,3.0777,-8.9,-8.4
c1(ccc(Cl)cc1)C1=C(c2ccnc(NC3CCOCC3)c2)C(=O)NC1=O,0.793382813,2.530676849,383.835,2.8931,-8.8,-9.1
C1(C(=O)NC(C=1Nc1cccc2c1cccc2)=O)N1CCCCC1,0.853245141,2.370022255,321.38,2.6056,-8.1,-8
c1c(NC2CCCC2)ncc(C2C(NC(C=2c2ccc(Cl)cc2)=O)=O)c1,0.808919745,2.380193182,367.836,3.6567,-8.5,-9.1
c1c(cccc1)C1C(NC(=O)C=1c1cc(NC2CCOCC2)ncc1)=O,0.827718733,2.476063902,349.39,2.2397,-8.9,-8.6
c1cc2c(=O)n(C)ccc2cc1NC(CCC)=O,0.900090731,1.977192964,244.294,2.2771,-6.9,-6.9
c1n(c2c(cc(c(c2)-n2c(C)ccc2C)OC)c1C1CCC1)C(C)C,0.579701339,2.624381671,336.479,5.90584,-8.2,-8.4
c1c(NC(CCC)=O)ncc(C2C(NC(C=2c2cc(ccc2)OC)=O)=O)c1,0.766315827,2.353382035,365.389,2.396,-8.1,-7.4
C1(C=C(Nc2ccccc2)C(=O)N1)=Cc1cc(F)c(cc1)F,0.91120626,2.624362918,298.292,3.4315,-8.4,-8
N(c1cccc(c1)C1C(NC(C=1c1cc(ncc1)NC1CCOCC1)=O)=O)C1CCOCC1,0.58432301,2.817705915,448.523,2.8306,-9.9,-9.1
C1(c2ccccc2)=C(C(NC1=O)=O)c1cc(NC2CCOCC2)ncc1,0.827718733,2.476063902,349.39,2.2397,-8.8,-8.7
c1(ccc(nn1)N)-c1cc(ncc1)NC1CCC(O)CC1,0.795828695,2.497756609,285.351,1.8362,-8.1,-7.6
c1nc(Nc2cc(C3C(=O)NC(=O)C=3c3ccc(cc3)F)ccc2)ccc1,0.699326077,2.245650222,359.36,3.5315,-9.4,-9
OC(c1ccc(C2=C(C(=O)NC2=O)c2cn(c3ccccc23)C)cc1)=O,0.713146658,2.254309363,346.342,2.4437,-8.9,-8.4
c1(cc(-c2cc(ncc2)Nc2ccccc2OC)ccc1)C1C(NC(=O)C=1Br)=O,0.568215098,2.445405422,450.292,4.2632,-10,-8.8
c1cnc(NC2CCC(O)CC2)nc1C1C(NC(C=1c1cc(ccc1)OC)=O)=O,0.662446887,2.646338137,394.431,1.7678,-9.2,-8.9
c1c(-c2n[nH]c3c2cc(NC(C2CC2)=O)nc3)ccnc1NC(=O)C,0.676614283,2.537032818,336.355,2.3268,-8.4,-8.1
n1c(nc(C)[nH]1)C1C(=O)NC(C=1c1cc(ccc1)C(=O)N)=O,0.673931932,2.6594197,297.274,-0.22078,-8.3,-8.2
c1cc2c(cc1C1=C(C(NC1=O)=O)c1ccnc(NC3CCOCC3)c1)c(cs2)Cl,0.597866354,2.900742998,439.924,4.1078,-9.6,-8.6
c1(ccccc1F)C1=C(C(NC1=O)=O)c1ccnc(NC2CCCCC2)c1,0.813387824,2.442153772,365.408,3.5325,-9.4,-8.8
N1C(C(c2ccccc2C2=C(C(=O)NC2=O)c2cccc(F)c2)=C(C1=O)Cl)=O,0.776085233,2.608206361,396.761,1.9992,-8.8,-8.9
c1cc(cc(C(N)=O)c1)C1=C(C(=O)NC1=O)Nc1ccccc1,0.740190247,2.169728412,307.309,1.2651,-8.4,-8
C1CCC(CC1)Nc1nccc2c1c(-c1cc(ncc1)NC1CCOCC1)n[nH]2,0.598077332,2.764246354,392.507,4.3554,-9.2,-8.8
c1cc(ccc1-c1ccnc(c1)Nc1cc(-c2ccccc2)ccc1)C,0.461910288,1.789720798,336.438,6.46762,-9.7,-9.3
c1(NC2CCC(CC2)O)nccc(c1)C1=C(C(NC1=O)=O)c1ccc(N)c(Cl)c1,0.452642545,2.752239406,412.877,2.5998,-9.7,-9.1
c1c(OC)ccc(C2=C(C(NC2=O)=O)c2cc(ccc2)C#N)c1,0.881047548,2.177561075,304.305,2.13408,-8.7,-7.9
C(NC(CN(C)C)=O)C1CCC(CC1)Nc1ncc2ccc(cc2n1)C(=O)N,0.66457524,2.483728674,384.484,1.3772,-9.1,-7.7
c1ccc(cc1)C1=C(C(NC1=O)=O)c1cc(ncc1)Nc1ccc(F)cc1,0.699326077,2.228271524,359.36,3.5315,-9.6,-8.9
c1(OC)cc(ccc1)C1=C(c2ccnc(N)c2)C(NC1=O)=O,0.830780693,2.357169511,295.298,1.2396,-7.7,-8
c1c(cccc1)-c1c(cc(cn1)C(N)=O)C1=C(C(NC1=O)=O)c1ccncc1,0.679809961,2.471456775,370.368,1.8097,-9.6,-8.6
c1cc(C2=C(C(NC2=O)=O)c2c(Cl)ccc(F)c2)c(cc1)Cl,0.850313677,2.169059297,336.149,3.6997,-7.8,-7.9
c1ncc(cc1C1=C(C(=O)NC1=O)c1ccnc(NC2CC2)c1)Br,0.790084155,2.705138913,385.221,2.3806,-8.3,-7.5
c1ccnc(Nc2ccccc2)c1C1C(=O)NC(C=1c1cccc(F)c1)=O,0.699326077,2.278144305,359.36,3.5315,-9.1,-8.5
C1CCC(CC1Nc1nccc(-c2n(-c3cc4c(cc3)cccc4)c([nH]n2)=O)c1)NC(=O)C,0.43776067,3.339674321,442.523,3.635,-9.7,-10.1
c1cc(Cl)ccc1C1=C(C(=O)NC1=O)c1ccc(cc1)F,0.866674616,1.988596945,301.704,3.0463,-8.3,-7.7
c1ccc(-c2nc(c(C3CCC3)[nH]2)-c2ccc(cc2)F)c(F)c1,0.699375438,2.203085927,310.347,5.2894,-8.4,-8.1
c1cc(C(=O)N)ccc1C1=C(C(=O)NC1=O)c1ccc(F)cc1,0.841772581,2.072815254,310.284,1.4918,-8.6,-8.2
c1c(cc(cc1)C1C(=O)NC(C=1Nc1ccccc1OC)=O)Cl,0.846909254,2.177177643,328.755,2.8282,-8.1,-7.7
c1ccc(F)cc1Nc1nccc(C2C(=O)NC(C=2c2ccnc(C#N)c2)=O)c1,0.668901366,2.690270482,385.358,2.79818,-10,-9.2
COc1c(-c2cc(NC3CCOCC3)ncc2)cnc(n1)Nc1cc(F)ccc1,0.652319569,2.546635781,395.438,4.0208,-9.2,-8.4
C1(C(NC(=O)C=1c1ccnc(NC2CCOCC2)c1)=O)c1ccc(cc1)OC,0.774833116,2.510002416,379.416,2.2483,-9.2,-8.9
c1cc(ccn1)-c1cc2c(C(NCCCN(C)C)=O)c[nH]c2cc1,0.686060816,2.156196015,322.412,2.9114,-7.5,-7.5
c1(OC)cc(ccc1OC)C1=C(NC(=O)C)C(NC1=O)=O,0.773000976,2.294798276,290.275,0.2074,-7.1,-7.3
C(N)(c1c(C2=CCCCC2)cn(-c2cccc(c2)C(O)=O)n1)=O,0.906394036,2.523216459,311.341,2.6268,-8.6,-8.2
c1ccc(cc1N1CCOCC1)Nc1nc2c(cnn2CC)cn1,0.794815068,2.369218286,324.388,2.4264,-8.3,-7.9
N1C(C(c2ccc(Cl)cc2)=C(C1=O)c1ccc(Cl)c(c1)Cl)=O,0.822842461,2.117855766,352.604,4.214,-8.5,-7.8
C1CC1C(=O)Nc1cc(C2C(=O)NC(C=2c2cccc(F)c2)=O)ccn1,0.826296828,2.40238165,351.337,2.1364,-9,-8.6
c1(n[nH]c(c2c1cc(F)c(c2)F)=O)NC(CCC)=O,0.891948585,2.316896577,267.235,1.9399,-7.6,-6.9
c1(nccc(C2=C(c3ccc(O)c(OC)c3)C(NC2=O)=O)c1)NC1CCOCC1,0.663991913,2.664269741,395.415,1.9539,-9.3,-8.7
c1(cc(C2C(NC(=O)C=2c2ccccc2)=O)ccc1Cl)C(=O)O,0.848758736,2.119593619,327.723,2.6054,-8.2,-8.1
c1ccc(NC2C(NC(C=2c2ccc(OC)cc2)=O)=O)cc1OC,0.824570041,2.105347962,324.336,2.1834,-7.6,-7.7
c1c(OC)c(OC)cc2c1c(=O)n(C)cc2-c1cncc(NC2CCOCC2)c1,0.715107636,2.59492887,395.459,3.2086,-8.7,-8.4
c1c(cnc(c1)NC1CCCCC1)C1=C(c2cnc(cc2)Cl)C(NC1=O)=O,0.624696898,2.610810577,382.851,3.4418,-8.6,-8.2
c1(C2=C(C(NC2=O)=O)c2cc(ncc2)NC2CCOCC2)ccccc1,0.827718733,2.476063902,349.39,2.2397,-8.8,-8.5
NC(c1cc(n[nH]1)-c1cccc(c1)C(NC1CCCCC1)=O)=O,0.806609992,2.162927885,312.373,2.2381,-8.6,-7.8
CC(C)n1c2c(c(NC3CCOCC3)n1)ccc(-c1ccc(F)cc1)c2,0.716149667,2.469295951,353.441,5.0142,-8.5,-8.1
c1(F)cc(Nc2cc(-c3ccnc(Nc4ccccc4F)c3)ccn2)ccc1,0.455959597,2.181615237,374.394,5.909,-9.2,-9.1
c1(Cl)cccc(c1C1C(NC(=O)C=1c1cccc(c1)OC)=O)Cl,0.863166663,2.208310686,348.185,3.5692,-7.7,-7.9
c1nc(-c2ccc(cc2)F)cc(C2C(=O)NC(C=2c2ccnc(N)c2)=O)c1,0.699279198,2.491178309,360.348,2.4321,-9.8,-8.6
O=C(N)CCNc1cc(-c2nc(C)c3c(ccnn32)OC)ncc1,0.708692099,2.786377148,326.36,1.39562,-7.8,-7.1
c1cc(C(=O)N)ccc1Nc1nccc(C2C(NC(=O)C=2c2ccc(cc2)F)=O)c1,0.567880961,2.365300639,402.385,2.6304,-9.6,-8.8
c1n(c(=O)[nH]n1)-c1ccc2c(c1)ccnc2NC1CCOCC1,0.768829895,2.723448823,311.345,1.6997,-8.6,-7.9
NC(C1CCC(CC1)c1ccnc(C2=C(C(NC2=O)=O)c2cccc(OC)c2)c1)=O,0.742296759,2.632889779,405.454,2.4165,-9.2,-9.6
n1(c(=O)[nH]c2c1ncc(c2)-c1ccc(F)cc1)C1CCCCC1,0.776380822,2.241591667,311.36,4.0359,-8.6,-8.1
c1(nc(-c2ncccc2)ncc1C(N)=O)NC1CCC(NC(C2CC2)=O)CC1,0.703132978,2.443331775,380.452,1.8868,-9,-8.2
CC(C)n1c2c(ccc(NC3CCN(CC3)c3ccccc3)n2)ccc1=O,0.760401,2.355570932,362.477,4.0583,-9.1,-8.5
c1c([nH]nc1C=CC1C(NC(=O)C=1c1ccc(cn1)Cl)=O)-c1ccc(F)cc1,0.663849131,3.01153466,394.793,3.3876,-9.6,-9
c1ncc2c(c1)c1cc(Cl)cc(c1[nH]2)Cl,0.627897188,2.291427931,237.089,4.0229,-6.9,-6.8
C(CN)c1cc(cc(-c2nc([nH]n2)NC2CCOCC2)c1)Cl,0.785455398,2.760272155,321.812,2.2172,-7.9,-7.7
c1cc(C2C(NC(C=2c2cc(Cl)ccc2)=O)=O)ccn1,0.861026568,2.209983002,284.702,2.3022,-7.5,-7.4
n1c(NC(C)C)nc(NC(C2CC2)C2CC2)nc1-c1ccc(OC)cc1,0.748129396,2.52575088,353.47,3.968,-7.6,-7
c1(cc(ccc1Cl)C1C(NC(C=1c1ccnc(NC2CCC(OC)CC2)c1)=O)=O)Cl,0.669022614,2.68464996,446.334,4.3251,-8.9,-8.7
c1(cc(-c2n[nH]c3ncc(-c4ccncc4)cc32)ccn1)NC1COCC1,0.58193301,3.16260852,358.405,3.2827,-9.4,-9
c1(NC(CCC)=O)cc(ccn1)C1=C(C(NC1=O)=O)c1ccccc1,0.821322072,2.28649934,335.363,2.3874,-8.4,-9.1
c1(=O)[nH]nc(NC2CCCCC2)c2c1ccc(-c1ccccc1)c2,0.755002382,2.108922295,319.408,4.3347,-8.9,-9.2
C1C(C1)C1=C(c2ccc(F)cc2)C(NC1=O)=O,0.786432869,2.319054798,231.226,1.6457,-7.2,-7.1
O=C1OC(C)CN1c1cc(ccn1)-c1ccnc(Nc2cc(F)ccc2)c1,0.744460945,2.966218974,364.38,4.3714,-9.5,-8.7
c1c(C2=C(c3cc(ccc3)Cl)C(=O)NC2=O)ccc(c1)F,0.866674616,2.053511939,301.704,3.0463,-8.2,-7.5
c1ncc(cc1C1C(NC(C=1c1ccc(cc1)F)=O)=O)C,0.858057887,2.321467871,282.274,2.09632,-8.2,-7.9
Fc1c(c(ccc1)F)C1=C(C(=O)NC1=O)c1ccnc(NC2CCOCC2)c1,0.790955113,2.713129275,385.37,2.5179,-9,-8.9
n1ccc(cc1NC1CCOCC1)C1=C(c2ccc(Cl)cc2)C(=O)NC1=O,0.793382813,2.530676849,383.835,2.8931,-8.9,-9.1
c1c(NC2CCOCC2)nccc1C1C(NC(=O)C=1c1cc(F)ccc1)=O,0.81135624,2.588614128,367.38,2.3788,-9.2,-8.9
O=C1NC(C(=C1c1cc(ncc1)NC1CCN(CC)CC1)Nc1cc(c(cc1)Cl)Cl)=O,0.569574649,2.659698634,460.365,3.7642,-9.2,-8.6
c12ccc(cc2C(NC1=O)=O)-c1ccnc(NC(C2CC2)=O)c1,0.848707652,2.241540956,307.309,1.9807,-8.7,-9.1
c1(C2C(=O)NC(C=2c2cc(ncc2)NC2CCCC2)=O)cc(ccc1)OC,0.798456144,2.426596376,363.417,3.0119,-9.1,-8.7
c1(Cl)ccc(C2=C(C(OC2=O)=O)c2ccnc(c2)NC2CCCCC2)cc1,0.623577057,2.489823595,382.847,4.4738,-9.2,-9
N(C1C(=O)NC(C=1c1cc(ncc1)Nc1cc(ccc1)C(F)(F)F)=O)(C)C,0.803088841,2.671712448,376.338,2.7731,-8.8,-8.4
C(NC(=O)C1CCOC1)c1cc2c(n[nH]c2cc1)C=Cc1ccncc1,0.742952403,3.029198095,348.406,2.781,-8.5,-8.2
C1COCCC1Nc1cc(nc(n1)C)-c1ncc(s1)C(=O)NCC(C)C,0.806962663,2.712387909,375.498,2.88522,-7.9,-7.7
c1c(cc2ccccc2c1)C1C(=O)NC(C=1c1cc(OC)ccc1)=O,0.749263482,2.088885852,329.355,3.4156,-8.5,-8.7
c1c2c(cc(c1)-c1ccc3c(cccc3)c1)C(=O)NCCC2,0.714358232,2.012078623,287.362,4.1828,-9,-9.5
O=C1C(c2ccnc(NC3CCOCC3)c2)=C(c2cc(OC)ccc2)C(=O)N1,0.774833116,2.557756263,379.416,2.2483,-9.1,-8.7
c1(ccc(cc1)F)C1=C(C(=O)NC1=O)c1ccc(F)cc1,0.861840499,1.960878592,285.249,2.532,-8,-7.6
C1(C(c2ccc(F)cc2)=C(C(N1)=O)c1cc(NC2CCCC2)ncc1)=O,0.830425976,2.400630105,351.381,3.1424,-8.9,-8.7
c1c(ccc(NC2=C(C(=O)NC2=O)c2cccc(Cl)c2)c1)Cl,0.845852495,2.151618891,333.174,3.473,-8,-7.9
C1(=O)NC(C(c2ccc(cc2)Cl)=C1c1ccnc(NC2CCOCC2)c1)=O,0.793382813,2.530676849,383.835,2.8931,-8.8,-9
Clc1ccc(cc1Cl)C1=C(c2cc(NC3CCCCC3)ncc2)C(NC1=O)=O,0.709262742,2.508235622,416.308,4.7002,-9.6,-9.4
C1(NC(C(=C1c1ccc(OCCF)cc1)Nc1cccc(c1)OC)=O)=O,0.745791541,2.354794146,356.353,2.5231,-7.6,-7.6
c1cccc(-c2cc(ncc2)NC(CC)CO)c1,0.846986844,2.413734177,242.322,2.9314,-7.1,-7.1
C1(C(Nc2nc(ncc2)NC2CCOCC2)=O)CCc2cc(ccc21)O,0.780360018,3.03694754,354.41,2.4416,-9.1,-8.3
C1(CCCCO1)CNc1c2c(ncc(-c3ccc(OC)cc3)c2)[nH]n1,0.743352751,2.808870108,338.411,3.6145,-8.5,-8.7
N1C(C(=C(c2cccc(c2)C2CC2)C1=O)c1cc(Cl)ccc1)=O,0.873605728,2.234835158,323.779,3.7846,-8.1,-8.3
c1cc(-c2n[nH]c(=O)n2-c2cccc3cc(OC)ccc23)ccc1,0.629887838,2.05028687,317.348,3.3894,-8.5,-7.9
c1cc(C2=C(C(NC2=O)=O)c2ccnc(NC3COCCC3)c2)ccc1,0.827718733,2.940146528,349.39,2.2397,-8.9,-8.9
c1(ccnc(NC2CCCC2)c1)-c1c(Cl)ncc(c1)C1CCOCC1,0.777994786,2.599218388,357.885,5.0455,-9,-8.5
c1ccc(C(N)=O)cc1C1=C(C(=O)NC1=O)c1cc(ncc1)NC1CCCC1,0.691628795,2.509152929,376.416,2.1022,-9.5,-9
O(C)c1c(cccc1)C1=C(C(=O)NC1=O)Nc1ccccc1,0.848141474,2.067105775,294.31,2.1748,-7.8,-7.7
c1(NC(=O)C2CC2)n[nH]c2c1cc(-c1ccccc1)cc2,0.768445346,1.963749043,277.327,3.5784,-8.8,-8.3
C(C1CC1)(=O)Nc1nccc(C2C(=O)NC(C=2c2cc(ccc2)OC)=O)c1,0.792205771,2.373417055,363.373,2.0059,-8.7,-8.6
c1(cc(ccc1)C1=C(C(NC1=O)=O)c1cc(C(N)=O)ccc1)F,0.841772581,2.197785446,310.284,1.4918,-8.9,-8.4
c1(C2C(=O)NC(C=2c2cn(c3c2cc(OC)cc3)C)=O)ccccc1F,0.739131264,2.347499669,350.349,2.8932,-8.5,-8.8
c1cc(F)cc(c1)C1=C(c2cccc(c2)OC)C(=O)NC1=O,0.885129722,2.097864548,297.285,2.4015,-8,-8
c1c(C2=C(C(NC2=O)=O)c2cc(ncc2)NC2CCOCC2)ccc(c1)F,0.81135624,2.535260281,367.38,2.3788,-9.1,-8.9
C1(C(NC(=O)C=1Nc1cccc(c1)F)=O)c1ccc(OC)c(c1)OC,0.815778093,2.22291783,342.326,2.3225,-7.9,-8
c1(-n2c(-c3cc4c(cc3)nccc4)n[nH]c2=O)ccc(F)cc1,0.619114696,2.153395801,306.3,2.9149,-8.4,-8.2
C1(=O)C(c2cccc(c2)OC)=C(C(N1)=O)c1ccnc(NC2CCCC2)c1,0.798456144,2.426596376,363.417,3.0119,-9,-8
N1C(C(=C(C1=O)c1cc(NC2CCCC2)ncc1)c1ccc(C)cc1)=O,0.832601476,2.38283872,347.418,3.31172,-8.8,-8.8
c1(c2c(ncn1)n(c(-c1ccnc(NC3CCOCC3)c1)n2)C)NCCO,0.598387446,2.796452155,369.429,1.4204,-7.9,-7.5
C1(c2cc(ncc2)NC2CCC(CC2)NC(=O)NC)CC1,0.797620202,2.384122851,288.395,2.6111,-7.3,-7.4
c1c(-c2nnc(-c3cc(Nc4ccc(OC)cc4)ncc3)o2)cn(C)n1,0.591570419,2.331788801,348.366,3.2843,-8.4,-7.9
c1(NC2CCCCC2)nccc(c1)C1=C(C(=O)NC1=O)c1ccc(cc1)F,0.813387824,2.407270341,365.408,3.5325,-9.4,-8.9
C1C(n2c3c(ccc(NC4CCOCC4)n3)cn2)CCC(C1)NC(=O)C,0.879121909,2.668660259,357.458,2.642,-8.5,-8.3
c1ccc(O)c2cc(ccc21)C1=C(c2ccnc(NC3CCC3)c2)C(=O)NC1=O,0.598381799,2.586846386,385.423,3.472,-8.8,-9.5
c1nc(NC2CC2)ccc1C1=C(c2ccccc2)C(NC1=O)=O,0.849778607,2.304158654,305.337,2.2231,-8.1,-7.9
C(CC(Nc1n[nH]c2c1cc(cn2)-c1ccccc1)=O)N1CCCCC1,0.73990126,2.242623096,349.438,3.4394,-9.1,-8.6
O=C1NC(C(=C1c1ccc(c(c1)Cl)F)c1ccc(cc1)F)=O,0.864154688,2.155533193,319.694,3.1854,-8.2,-7.8
C1CCC(CC1)Nc1cc(ccn1)C1C(=O)NC(=O)C=1c1ccc(cc1)F,0.813387824,2.407270341,365.408,3.5325,-9.5,-9
N(C1CC1)C(=O)c1cc(ccc1)C1C(NC(=O)C=1c1ccc2OCOc2c1)=O,0.794955702,2.369313699,376.368,1.8747,-9.2,-9.5
c1(nccc(C2=C(c3cc(NC4CCC4)ncc3)C(=O)NC2=O)c1)NC1CCOCC1,0.618260365,2.836782165,419.485,2.5991,-9.6,-8.7
c1nc(cc(c1)C1=C(C(NC1=O)=O)c1ccc(F)cc1)NC1CCCCC1,0.813387824,2.407270341,365.408,3.5325,-9.4,-9
C1CC1Nc1nccc(c1)C1=C(c2cccc(F)c2)C(=O)NC1=O,0.847539882,2.447761311,323.327,2.3622,-8.3,-7.9
O=C1CCOC(C1)CNc1nccc(c1)-c1cc([nH]cc1-c1ccc(F)cc1)=O,0.694116824,3.195381179,393.418,3.403,-9.6,-9.2
C1CC1C(Nc1cc(ccn1)-c1n(C)c(nn1)SCC)=O,0.85831132,2.313254051,303.391,2.3376,-7,-6.8
c1(cc(ccc1)C1=C(c2c(cc(F)cc2)F)C(=O)NC1=O)Cl,0.864154688,2.205880986,319.694,3.1854,-8.6,-7.8
c1c(NC)nnc(c1)C1=C(c2ccccc2)C(=O)NC1=O,0.822055064,2.447319005,280.287,1.0855,-7.5,-7.6
c12c(C(NC1=O)=O)c(n[nH]2)-c1cc(ncc1)NC1CCN(C)CC1,0.723070043,2.855571266,326.36,0.8614,-8.4,-8.2
c1(=O)[nH]c(-c2cc(NC(C)C)ncc2)nc2cc(C3CCCC3)ccc12,0.729963197,2.558201182,348.45,4.463,-9,-8.6
c1cc(cc2ncc(C3C(=O)NC(C=3c3ccc(F)cc3)=O)cc21)OC,0.739157058,2.30524924,348.333,2.9497,-8.9,-8.7
ClCCC(=O)Nc1cc(C2=C(c3ccccc3)C(=O)NC2=O)ccn1,0.635508335,2.397520142,355.781,2.2162,-8.4,-8.5
c1cc(Nc2ccc(OC)c(C(N)=O)c2)nc(Nc2ccccc2)n1,0.639658763,2.029676236,335.367,3.0713,-8.3,-8.2
O=c1c2ccc(NC3CCN(CC3)CC)nc2[nH]c(-c2cc(ccc2)F)n1,0.741504089,2.483830696,367.428,3.0204,-8.9,-8.4
CN(C)c1n[nH]c2c1cc(c(c2)Cl)-c1ccnc(NC(C)C)c1,0.754116562,2.746305158,329.835,4.1646,-7.9,-8.1
C1N(CC1)C1C(NC(C=1c1cccc(C(=O)N)c1)=O)=O,0.748252261,2.370325306,271.276,-0.1413,-7.6,-7.1
N1C(=O)C(=C(C1=O)c1cc(c(cc1)NC1CCOCC1)Br)c1cc(sc1)C(N)=O,0.575309292,2.926033965,476.352,2.7676,-8.9,-8.3
O=C1C(=C(Nc2cc(Br)ccc2)C(N1)=O)c1cc(ncc1)NC1CCCC1,0.634638033,2.571902885,427.302,3.6782,-9.3,-8.3
c1(cc2c(cc1OC)c(CCNC(=O)C)n[nH]2)-c1ccnc(NC2CCCC2)c1,0.569640282,2.697532504,393.491,3.6666,-8.7,-8.1
c1c(C2C(NC(C=2c2ccc(cc2)C)=O)=O)ccnc1NC1CCOCC1,0.816294316,2.518153181,363.417,2.54812,-9.1,-9
c1(cc(ccc1)C1=C(C(NC1=O)=O)c1cc(ncc1)NC1CCCCC1)Cl,0.783688512,2.451789275,381.863,4.0468,-9.3,-9.1
c1c(F)c(C2=C(C(NC2=O)=O)c2ccc(cc2)F)cc(c1)F,0.867067392,2.191680734,303.239,2.6711,-8.2,-8
c1c(ccc(c1)Nc1cc(NC(C2CC2)=O)ccn1)F,0.896575641,1.851175714,271.295,3.3128,-7.4,-6.9
C(=O)(N)c1cc(-c2nccc(c2)C2CC2)cnc1N,0.871042023,2.383251556,254.293,1.7021,-7.8,-7.8
O=C(c1n[nH]c2c1cc(c(c2)F)F)NCC1CCCO1,0.900359727,2.805039919,281.262,1.7499,-7.9,-7
c1(ccccc1Cl)C1C(NC(=O)C=1Nc1cc(ncc1)OC)=O,0.840720723,2.464402258,329.743,2.2232,-8,-7.4
N1C(C(=C(c2ccnc(c2)NC2CCC2)C1=O)c1cccc(c1)Cl)=O,0.827499606,2.448275071,353.809,3.2666,-8.8,-8.5
c1(cnc2[nH]nc(c2c1)NC(CCC)=O)-c1cc(NC2CCCCC2)ncc1,0.586699118,2.578947507,378.48,4.5031,-9,-8.5
N(C1CCCC(C(=O)N)C1)c1nc2cc(NC(C3CC3)=O)ncc2cn1,0.752581467,3.309920042,354.414,1.8293,-8.7,-7.9
s1c(Cl)ccc1-c1n[nH]c2c1cc(-c1ccc(O)cc1)cn2,0.560057156,2.488340184,327.796,4.7124,-8.8,-8.2
N1C(=O)C(c2cccc(F)c2)=C(c2ccnc(NC3CCOCC3)c2)C1=O,0.81135624,2.588614128,367.38,2.3788,-9.1,-9
c1c(c(cc(-c2ccnc(c2)Nc2ccccc2)c1)C(N)=O)F,0.771421973,1.944750262,307.328,3.7302,-8.5,-8.8
C1(Nc2cc(-c3nc4ccccc4[nH]3)ccn2)CCN(CC1)C(=O)C,0.771394121,2.278254187,335.411,3.0477,-9.1,-8
c1ncc(cc1C1=C(C(NC1=O)=O)c1cccc(c1)Cl)NC1CCC1,0.827499606,2.503763045,353.809,3.2666,-8.5,-8.4
c1c(C2=C(c3ccc(Cl)cc3)C(=O)NC2=O)ccnc1NC1CCCC1,0.808919745,2.395863336,367.836,3.6567,-8.7,-8.8
C1(C(=C(C(N1)=O)c1ccc(F)cc1)c1ccnc(c1)NC1CCOCC1)=O,0.81135624,2.535260281,367.38,2.3788,-9,-9
C1(C(c2cccc(c2)C#N)=C(C(=O)N1)c1ccnc(NC2CCOCC2)c1)=O,0.794599401,2.69467934,374.4,2.11138,-9.6,-9.1
c12cc(N(C)C)c(OC)cc1[nH]nc2C=C1C(=NC(S1)=NC1CCCCC1)O,0.797197615,3.386881391,399.52,4.3704,-8.4,-8.2
c1cc(NC2C(NC(=O)C=2c2cc(NCCCO)ncc2)=O)ccc1F,0.442780458,2.517884999,356.357,1.4946,-8,-7.5
c1(ccnc(NC2CCCC2)c1)C1=C(C(=O)NC1=O)c1ccc(F)cc1,0.830425976,2.400630105,351.381,3.1424,-9.1,-8.9
C1COCCC1Nc1nc2c(cn1)cc(n2C(C)C)C(NCC1CCOCC1)=O,0.773566847,2.840133053,401.511,2.7595,-8.5,-8
c1c(-n2c(-c3cc(Nc4ccc(N5CCOCC5)c(c4)Cl)ncc3)n[nH]c2=O)ccc(Cl)c1,0.434545882,2.539315565,483.359,4.5096,-9.4,-8.8
O(C)c1c(cc2c(C(=O)NC3CCCCC3)cc(=O)oc2c1)OC,0.871753341,2.102145021,331.368,2.8727,-8.2,-7.4
N(c1nccc(c1)C1C(=O)NC(C=1c1cc2OCOc2cc1)=O)C1CCOCC1,0.766473339,2.708686279,393.399,1.9684,-9.9,-9.3
N(C1CCC(CC1)OCC)c1ncc2oc(-c3ccc(cc3)F)nc2c1,0.713007843,2.497416129,355.413,4.7885,-8.4,-7.7
c1c(-c2n[nH]c(=O)n2-c2cc3c(ccc(OC)c3)cc2)ccnc1NC1CCOCC1,0.517089101,2.628823906,417.469,3.3753,-9.2,-8.8
N1(CCC(CC1)C)Cc1cccc(c1)C1C(=O)NC(=O)C=1c1ccc(F)cc1,0.826959921,2.246323506,378.447,3.6248,-9,-8.7
c1cnc(cc1C1=C(C(=O)NC1=O)c1ccc(Cl)cc1)NC1CCCC1,0.808919745,2.395863336,367.836,3.6567,-9,-8.9
Fc1ccc(C2=C(c3cc(ccc3)F)C(NC2=O)=O)cc1,0.861840499,2.065191991,285.249,2.532,-8.2,-7.7
c1(cc(ccc1)CO)Nc1nccc(-c2cc3ccccc3cc2)c1,0.54576911,1.964072858,326.399,5.1377,-9.2,-9.2
C1(C(Nc2cc(ccn2)C2C(=O)NC(=O)C=2c2c(F)cccc2)=O)CCCC1,0.799825333,2.406166968,379.391,2.9166,-9.2,-8.8
C1CC1C(Nc1cc(ccn1)C1C(NC(C=1c1ccc(cc1)F)=O)=O)=O,0.826296828,2.34537343,351.337,2.1364,-8.3,-8.6
c1nc(cc(c1)C1C(NC(C=1c1ccc(OC)cc1)=O)=O)NC1CCOCC1,0.774833116,2.510002416,379.416,2.2483,-9.3,-8.8
c1ccnc(c1C1=C(C(NC1=O)=O)c1ccnc(NC2CCOCC2)c1)NC1CCCC1,0.601624857,2.827390384,433.512,2.9892,-9.1,-8.6
N1C(=O)C(=C(C1=O)c1cccc(C)c1)c1cn(c2ccccc12)C,0.73883301,2.258651356,316.36,3.05392,-8.7,-8.6
C1(=CC(=O)NC1=O)c1cc(NC2CCOCC2)ncc1,0.792882431,2.78203622,273.292,0.7123,-7.5,-7.4
c1c2cc(ccc2ccc1)Nc1nccc(-c2cn(C)nc2-c2ccc(F)cc2)c1,0.395448103,2.250894312,394.453,6.185,-9.7,-8.9
c1c(C2C(=O)NC(C=2c2ccc(cc2)F)=O)ccc(C(=O)N)c1,0.841772581,2.072815254,310.284,1.4918,-8.6,-8.2
c1(C2C(=O)NC(C=2c2c(cc(Cl)cc2)Cl)=O)ccnc(NC2CCOCC2)c1,0.742939941,2.624927545,418.28,3.5465,-8.7,-9
c1c(cccc1C1OCCC1)C1C(NC(=O)C=1c1ccc(c(F)c1)F)=O,0.859054367,2.933769567,355.34,3.3835,-8.9,-9
O=C1C(=C(c2cc(ccc2)O)C(=O)N1)c1cc(NC2CCCC2)ncc1,0.738417556,2.514000566,349.39,2.7089,-9,-8.6
n1cccc(c1)C1C(NC(C=1c1ccc(cc1)Cl)=O)=O,0.861026568,2.152477739,284.702,2.3022,-7.6,-7.7
C1C(CCC(C1)C(=O)N)Nc1c2c(ncc1)n(C(C)C)c(n2)C1CCOCC1,0.822765175,2.872154083,385.512,3.3622,-8.9,-8.3
c1(cnc2[nH]nc(NC(CC)=O)c2c1)-c1ccc(F)cc1,0.775958789,2.235295159,284.294,3.1125,-8.2,-8.1
CCC(=O)N1CCC(n2c3c(nc2)cc(cc3)F)CC1,0.844917816,2.237544135,275.327,2.7489,-7.6,-7
c1(NC2CCC(CC2)O)nccc(c1)-c1n[nH]c(n1-c1ccc2c(c1)ccc(F)c2)=O,0.469498919,2.662622165,419.46,3.6303,-9.9,-10.1
c1cc(-c2c([nH]nc2C(N)=O)-c2ccc(F)cc2)cnc1,0.773057946,2.306369774,282.278,2.3767,-8.5,-7.8
O=C1NC(=O)C(=C1c1cccc(OC)c1)c1cc(ccc1)O,0.848869701,2.167883655,295.294,1.968,-7.8,-8.1
N(C1=C(c2ccnc(NCC)n2)C(NC1=O)=O)c1ccc2c(OCO2)c1,0.685230805,2.715890413,353.338,1.1167,-8.4,-8.7
c1(OC)c(OC)cc2c(C(=O)NCCCC(=O)NCc3ccc(cc3)Cl)cncc2c1,0.493684824,2.205768214,441.915,3.7318,-7.3,-7.3
N1C(C(=C(C1=O)c1ccc(F)cc1)c1ccnc(NC2CCOCC2)c1)=O,0.81135624,2.535260281,367.38,2.3788,-9,-8.8
C1CCC(CC1)Nc1cc(ccn1)C1C(=O)NC(C=1c1ccc(F)cc1)=O,0.813387824,2.407270341,365.408,3.5325,-9.5,-9
Clc1cccc(c1)C1=C(C(=O)NC1=O)c1ccnc(NC2CCCCC2)c1,0.783688512,2.451789275,381.863,4.0468,-9.3,-9.1
O=C1NC(=O)C(=C1c1cc(ccc1)Cl)Nc1cccc(OC)c1,0.846909254,2.183046282,328.755,2.8282,-7.8,-7.5
c1(c(nccc1)NC1CCCC1)C1C(=O)NC(C=1c1cc(NC2CCOCC2)ncc1)=O,0.601624857,2.827390384,433.512,2.9892,-9.3,-8.9
O(c1c(OC)cc(-c2cc3c(c(C(N)=O)sc3cc2)NC2CCOCC2)cc1)C,0.631581833,2.454151854,412.511,4.2753,-8.8,-7.7
O(c1ccc(cc1OC)C=C1C(=O)NC(=NC(=O)C)S1)C,0.861850911,2.71839057,306.343,1.8102,-7.1,-6.9
c1cc2c(cccc2)cc1-n1c(=O)[nH]nc1-c1cc(ncc1)NC1CCCC1,0.565510953,2.416380112,371.444,4.1303,-8.8,-9.4
c1c(cc(Cl)c(c1)Cl)NC1C(NC(=O)C=1c1ccc(cc1)F)=O,0.830962936,2.206099629,351.164,3.6121,-8.1,-8.3
C1(C(NC(C=1c1ccnc(NC2CCC(O)CC2)c1)=O)=O)c1ccc(cc1)Cl,0.689655399,2.554966391,397.862,3.0176,-9.6,-8.9
C(Nc1nccc(c1)C1C(NC(C=1c1ccnc(c1)NC1CCOCC1)=O)=O)CC,0.605625764,2.804978542,407.474,2.4566,-9,-8.4
N1C(C(=C(c2ccnc(c2)NC2CCCC2)C1=O)c1ccc(F)cc1)=O,0.830425976,2.400630105,351.381,3.1424,-9.1,-8.7
NC(c1cc(C2=C(c3ccnc(NC4CCCC4)c3)C(=O)NC2=O)ccc1)=O,0.691628795,2.509152929,376.416,2.1022,-9.6,-8.7
FC(F)(c1c(C2=C(C(NC2=O)=O)c2cn(C)c3c2cccc3)cccc1)F,0.698571865,2.411831193,370.33,3.7643,-8.6,-8.3
O=C1NC(C(c2ccccc2NC2CCCC2)=C1c1cccc2OCOc12)=O,0.800698274,2.553752573,376.412,3.337,-9.3,-8.8
N1C(C(=C(C1=O)c1ccnc(NCC2CCOCC2)c1)c1cc(ccc1)F)=O,0.778613019,2.615624639,381.407,2.6264,-8.9,-8.4
n1c(NC(CC)=O)cc(-c2ncc(C(=O)N3CCOCC3)s2)cc1,0.91552316,2.429061567,346.412,2.026,-8,-7.9
c1(ccc(cc1)F)-c1ccc2c(c1)c(NC1CCOCC1)n[nH]2,0.769538173,2.260916017,311.36,3.9599,-8.9,-8.8
COc1cc(-c2cnc3c(c2)c(NC2CCOCC2)ncc3)ccn1,0.788301747,2.491817141,336.395,3.2913,-8.4,-8
C1CC(CCO1)NC(c1c2cc(C(=O)N)cnc2[nH]n1)=O,0.73156759,2.58048439,289.295,-0.0344,-8.3,-7.3
c1cc2c(s1)nc(cc2)-c1ccnc(NC(C2CCOCC2)=O)c1,0.789681608,2.492482208,339.42,3.7234,-8.7,-8
n1ccccc1NC1CCN(CC1)c1ncc(c(n1)NC(C)C)Cl,0.864292698,2.471466918,346.866,3.4262,-7.6,-7.3
c12c(n(cc1C1C(=O)NC(=O)C=1c1ccccc1Cl)C)cccc2,0.72915021,2.240077148,336.778,3.3989,-8.8,-8.4
c1c(ncc2c1c(-c1ccnc(c1)NC1CCC(CC1)N1CCCCC1)c[nH]2)NCC(C)O,0.421551109,3.268661008,448.615,4.6266,-9.1,-9.7
n1ccccc1Nc1ccc(cc1)C1=C(C(=O)NC1=O)c1ccc(cc1)Cl,0.674840925,2.190972116,375.815,4.0458,-9,-9.6
O=C1NC(=O)C(c2cccnc2)=C1Nc1cccc(c1)C(=O)N,0.717883935,2.360937406,308.297,0.6601,-8.8,-8.3
O=C1NC(=O)C(c2ccc(OC)c(OC)c2)=C1c1ccncc1,0.869189714,2.19921859,310.309,1.666,-8,-7.5
NC(=O)c1cc(ccc1)N1CCC(CC1)Oc1cc(ncc1)C(N)=O,0.852604232,2.265903674,340.383,1.3272,-8.4,-8.1
c12c(nc(NC3CNCCC3)nc2)n(C(C)C)c2c1cccc2,0.779017425,2.960446977,309.417,3.3293,-8.2,-8.3
c1(N2CCOCC2)ccc2c(c1)ncnc2NCC=C,0.861862912,2.351928312,270.336,2.0643,-6.7,-7.1
O=C1NC(=O)C(=C1Nc1cc(ccc1)O)c1cc(NC(CC)=O)ncc1,0.606969759,2.558471428,352.35,1.6153,-8.4,-8.3
c1cc(NC2CCC2)ncc1-c1n(-c2ccc3c(c2)OCO3)c([nH]n1)=O,0.749104127,2.536640825,351.366,2.3157,-8.6,-7.6
O=c1oc2c(c(ccc2F)F)cc1C(=O)NCCCN(C)C,0.674979559,2.32497028,310.3,1.7527,-7.3,-7.3
C1(C)CCC(CC1)Nc1nc2c(nn(c2cn1)C(C)C)C(NCC1CCCO1)=O,0.772604961,3.251131292,400.527,3.3066,-8.9,-8.2
c1c(C2=C(c3cc(NC4CCCCC4)ncc3)C(NC2=O)=O)cncc1,0.830242339,2.527750137,348.406,2.7884,-9,-8.7
Fc1cc(cc(c1)C1C(=O)NC(=O)C=1c1ccc(cc1)F)F,0.867067392,2.234814908,303.239,2.6711,-8.5,-8
C1C(C1)C(Nc1nccc(c1)C1C(NC(C=1c1ccc(F)cc1)=O)=O)=O,0.826296828,2.34537343,351.337,2.1364,-8.4,-8.6
C1(c2cc(ncc2)NC2CCC2)C(=O)NC(=O)C=1c1cc(F)ccc1,0.841806812,2.45798103,337.354,2.7523,-8.8,-8.1
c1c(-n2cc(C(N)=O)c3c2ccc(Cl)c3)cc(NC2CCCCC2)nc1,0.71048396,2.43292672,368.868,4.5224,-8.7,-8.4
C1(CCCC1)NC(=O)Nc1cc(C2=C(C(NC2=O)=O)c2ccccc2)ccn1,0.714447955,2.379969938,376.416,2.7129,-9.1,-8.9
C1(=O)NC(C(N1)=O)=Cc1ccccc1OC,0.571518208,2.169520783,218.212,0.8755,-6.4,-6.5
n1c(cnc2[nH]nc(NC3CCC3)c12)NC1CCCCC1,0.804775709,2.73944635,286.383,3.0619,-7.8,-7.5
Oc1ccc(C=C2C(NC(S2)=Nc2c(F)cccc2)=O)cc1OC,0.8370716,2.769659953,344.367,3.4315,-7.9,-7.9
Cn1c(ccc1-c1ccnc(Nc2ccccc2)c1)-c1cc(NC2CCOCC2)ncc1,0.428032115,2.647753159,425.536,5.4836,-9.5,-9
c1c(cccc1C1C(=O)NC(=O)C=1c1ccnc(NCc2ccccc2)c1)OC,0.636833798,2.288144592,385.423,3.2695,-9.4,-8.8
C1CN(CCO1)c1ccc(cc1)Nc1nccc(C2C(NC(C=2c2ccc(cc2)Cl)=O)=O)c1,0.562057055,2.467468449,460.921,3.8824,-9.7,-9
C(N)(=O)c1cnc2c(=O)[nH]nc(c2c1)NC1CCCCC1,0.783502652,2.544309005,287.323,1.1616,-8.2,-8.2
c1(O)cc(ccc1Nc1ccc(cc1)N1CCOCC1)C(=O)N,0.752170465,2.020211801,313.357,2.0713,-7.9,-7.5
c1c(-c2cnc3c(NC(=O)CCC)n[nH]c3c2)cccc1,0.769418044,2.245815625,280.331,3.3635,-8.2,-7.4
C1OCCC(C1)Nc1cc(ccn1)-c1cc(ncc1)NC1CCCCC1,0.830761388,2.44097801,352.482,4.4791,-8.7,-8.3
c1cccc(c1)C1=C(c2ccnc(NC3CCC3)c2)C(NC1=O)=O,0.849937184,2.335541834,319.364,2.6132,-8.4,-8.1
c1c(cc[nH]1)C1C(NC(C=1c1cc(F)ccc1)=O)=O,0.803556237,2.639956636,256.236,1.721,-7.5,-7.8
c1(-c2cc(NC(=O)C)ncc2)ccc2c(C(=O)NCC3CC3)cn(C)c2c1,0.730825676,2.359131832,362.433,3.3385,-8.9,-7.7
c1c(cccc1)-c1ccc2c(n1)nc(NC(=O)CCC)[nH]c2=O,0.775430657,2.262473339,308.341,2.7237,-8.5,-7.9
c1c(C(N)=O)c(ccc1C1C(NC(C=1c1cccs1)=O)=O)OC(C)C,0.802491256,2.555799062,356.403,2.2014,-8.4,-7.6
c1ccc(cc1C1C(NC(=O)C=1c1ccnc(NC2CCC(CC2)OC)c1)=O)Cl,0.733549439,2.632068258,411.889,3.6717,-9,-9.5
c1(NC2CCOCC2)nc2n(c(=O)ccc2cn1)C(C)C,0.934733822,2.586267467,288.351,1.9633,-7.5,-7.5
C1CCCC(C1)Nc1cc(-c2ccnc(c2)Nc2cc(ccc2)OC)ccn1,0.584548331,2.23248317,374.488,5.6404,-9.1,-8.4
c1(-c2ccnc(NC3CCOCC3)c2)ccnc(c1)Nc1cc(ccc1)F,0.69189825,2.373987116,364.424,4.6172,-8.8,-8.1
c1cc(-c2cc3cccc(c3[nH]2)C=C2C(NC(=NC)S2)=O)ccn1,0.705578149,3.142222255,334.404,3.4196,-8.8,-8.2
C(Nc1nccc(c1)-c1cccnc1)(CCC)=O,0.895013141,1.955544716,241.294,2.8822,-7,-6.7
n1c(NC2CCOCC2)ccc(-c2n[nH]c(=O)n2-c2cc3c(cc2)cccc3)c1,0.560847365,2.515013401,387.443,3.3667,-9.9,-9.3
c1(C2C(=O)NC(C=2c2cccc(c2Cl)Cl)=O)ccnc(c1)NC1CCOCC1,0.742939941,2.669217929,418.28,3.5465,-9.2,-9.1
c1nc(nc(NC2CCOCC2)c1)-c1cc(ccc1)C(N)=O,0.898456842,2.278733213,298.346,1.8334,-7.8,-8.3
Clc1c(C2C(NC(=O)C=2c2ccc(OC)c(OC)c2)=O)ccc(Cl)c1,0.82655958,2.177901403,378.211,3.5778,-8,-7.4
c1(cc(ncc1C(N)=O)C1CCCCC1)NC1CCC(Nc2cc(Cl)ccc2)C1,0.598802493,3.232710835,412.965,5.3267,-8.7,-8.9
c12ccc(F)cc1C(=O)NCCCNC2=O,0.678123143,2.755743854,222.219,0.689,-7.6,-8
c1c(cc(cc1C1C(=O)NC(C=1c1cc(NC2CC2)ncc1)=O)F)F,0.838515013,2.591688379,341.317,2.5013,-8.6,-8.2
c1c(c(ccc1)C1=C(c2c(NC3CCOCC3)nccc2)C(NC1=O)=O)Cl,0.793382813,2.542286317,383.835,2.8931,-8.3,-8.1
C1(NC(=O)C(c2cccc(c2)C2CCCCC2)C1)=O,0.828013625,2.679399287,257.333,2.8644,-8.2,-8.6
c1(c2c(n(C)cc2C2C(NC(C=2c2ccc(F)cc2)=O)=O)ncc1)C#N,0.720371566,2.728600828,346.321,2.15128,-8.8,-8.6
c1nc(ncc1-c1ccnc(Nc2ccc(cc2)F)c1)Nc1ccccc1,0.516159144,2.080000385,357.392,5.1649,-8.9,-8.7
C1C(C(Nc2nccc(C3C(NC(=O)C=3Br)=O)c2)=O)C1,0.811969582,2.558972858,336.145,1.1925,-7.5,-7.2
c1(C2C(=O)NC(=O)C=2c2cc(NC3CCOCC3)ncc2)ccc(cc1)F,0.81135624,2.535260281,367.38,2.3788,-9.1,-8.9
c1c(C2C(NC(=O)C=2c2cc(c(F)cc2)F)=O)ccnc1NC1CCOCC1,0.790955113,2.648808699,385.37,2.5179,-9.4,-9.2
C1C=CC=C(c2ccc(F)cc2)C1=Cc1ccnc(NC2CCC2)c1,0.786682138,2.741925841,332.422,5.612,-9.1,-8.6
c12ccc(-c3ccccc3)nc1N(C(C2=Cc1ccc(c(O)c1)OC)=O)C,0.719563785,2.356559528,358.397,3.9798,-8.7,-8.4
c1c(F)ccc(C2=C(c3ccc(cc3)F)C(NC2=O)=O)c1Cl,0.864154688,2.139147065,319.694,3.1854,-7.9,-7.7
C1CC(CC1)Nc1cc(ccn1)-c1cc(ncc1)NC1CCOCC1,0.859773502,2.437154621,338.455,4.089,-8.5,-7.9
n1c(NC2CC(NC(C)C2)C)ncc2cccc(-c3cc(ncc3)OC)c21,0.737302216,3.525628764,363.465,3.6413,-9,-8.9
c1c(-c2ccnc(NC3CCOCC3)c2)cc(nc1)NC1CCOCC1,0.858422518,2.568967951,354.454,3.3254,-8.6,-7.4
c1(OC)c(cccc1)Nc1ncccc1C1C(NC(C=1c1ccc(cc1)Cl)=O)=O,0.625681912,2.300763161,405.841,4.0544,-9.1,-8.5
c1c(C2C(NC(C=2c2ccnc(NC3CCC(CC3)O)c2)=O)=O)ccnc1NC1CCCC1,0.50291303,2.857715084,447.539,3.1137,-10.1,-9.4
c1c(C2=C(C(NC2=O)=O)c2cc(c(cc2)OC)OC)ccnc1NC1CCCCC1,0.713596999,2.466878505,407.47,3.4106,-9.7,-9
c1c(Cl)ccc2c1c1cc(ccc1[nH]2)NC(=O)NCCO,0.599883169,2.045639774,303.749,3.0883,-8,-7.9
c1cc(C2=C(C(=O)NC2=O)c2ccc(cc2)Cl)cc(NC2CCOCC2)n1,0.793382813,2.530676849,383.835,2.8931,-8.9,-9
c1(Cl)c(ccc(c1)C1C(NC(C=1c1ccc(Cl)c(Cl)c1)=O)=O)Cl,0.748205751,2.246709004,387.049,4.8674,-8.4,-7.7
c1(C2C(=O)NC(C=2c2cc(NC3CCC3)ncc2)=O)ccc(cc1)F,0.841806812,2.399366946,337.354,2.7523,-8.6,-8.4
c1cc(CC2C(NC(=O)C=2c2cc(ncc2)NC2CCOCC2)=O)ccn1,0.784996252,2.80311233,364.405,1.7202,-8.4,-8.3
c1c(cc(cc1C1C(NC(C=1c1ccccc1)=O)=O)OC)OC,0.880044342,2.111069714,309.321,2.271,-7.7,-7.6
n1c(C2CCOCC2)[nH]c2ncc(cc21)-c1c([nH]nc1C)C,0.761979521,2.981890665,297.362,2.85884,-7.9,-8.7
c1nccc(C2C(NC(C=2c2cc(NC3CCOCC3)ncc2)=O)=O)c1,0.814437546,2.651842647,350.378,1.6347,-8.9,-8.5
C1(C(=C(C(N1)=O)c1ccnc(c1)NC1CCC1)c1ccc(cc1)F)=O,0.841806812,2.399366946,337.354,2.7523,-8.8,-8.4
n1c(Nc2cc(Cl)ccc2)cc(C2=C(C(NC2=O)=O)c2ccc(F)cc2)cc1,0.652051183,2.334646391,393.805,4.1849,-9.5,-9.1
c1c(cc(cc1OC)C1=C(C(NC1=O)=O)c1ccccc1)OC,0.880044342,2.111069714,309.321,2.271,-7.6,-7.6
C1CC1C(Nc1nccc(C2=C(C(=O)NC2=O)c2cc(NC3CCC3)ncc2)c1)=O,0.638409303,2.679034938,403.442,2.3567,-9.4,-8.4
c1c(NC2=C(C(=O)NC2=O)c2cc(C3CC3)ncc2)cc(cc1)C(=O)N,0.709239769,2.582597877,348.362,1.5375,-8.8,-8.4
c1c(cc(NC2CCOCC2)nc1)C1=C(c2cccc(N)c2)C(NC1=O)=O,0.564394234,2.656579216,364.405,1.8219,-9.1,-8.7
c1(-c2cc(ncc2)NC2CCC(NS(=O)(C)=O)CC2)cc(ncc1)Nc1ccccc1,0.51366082,2.441176011,437.569,4.1595,-8.8,-8.3
C1OCCC(C1)CNC1CCC(CC1)Nc1ncc2ccccc2n1,0.873815066,2.400890621,340.471,3.3691,-8.5,-7.8
N(C1C(C)OCCC1)c1cc(ccn1)C1C(=O)NC(=O)C=1c1ccc(Cl)c(Cl)c1,0.716087674,3.478283469,432.307,3.935,-9.4,-9
c1c(Cl)cc(C2=C(C(=O)NC2=O)c2ccnc(Nc3cccc(c3)F)c2)cc1,0.652051183,2.385537929,393.805,4.1849,-9.7,-9.2
C1(NC(=O)C(c2ccnc(NC3CCOCC3)c2)=C1c1cccc(OC)c1)=O,0.774833116,2.557756263,379.416,2.2483,-9.1,-8.7
c1cc(c(cc1)N1CCOCC1)C1=C(c2cc(Cl)ccc2)C(=O)NC1=O,0.846255076,2.256967951,368.82,2.7438,-9.1,-8.5
c1c(C2=C(c3ccc(cc3)C)C(NC2=O)=O)cc(NC2CCCC2)nc1,0.832601476,2.38283872,347.418,3.31172,-8.8,-8.8
N1C(=O)CC(c2cc(ncc2)NC(=O)C2CC2)=C(c2ccc(F)cc2)C1,0.889506655,2.619979801,351.381,2.9999,-9.1,-8.2
c1(C(N)=O)ccccc1NC1CC(CCC1)NC(=O)C=C,0.722089827,3.003253754,287.363,1.8108,-7.3,-7.4
c1(ccnc(c1-c1ccnc(NC2CCOCC2)c1)NC1CCC1)C(N)=O,0.725519776,2.687266199,367.453,2.7978,-8.3,-8.1
c1(Cl)c(F)ccc(c1)-c1cnc2[nH]nc(NC(C3CC3)=O)c2c1,0.767668861,2.366039181,330.75,3.7659,-8.8,-8.9
Fc1ccc(cc1)C1N(NC(=O)C)C(C2=C1c1ccccc1NC2=O)=O,0.742976668,3.062410537,351.337,2.2635,-9.1,-8.7
c1cc(Br)ccc1C1C(NC(C=1c1ccnc(NC2CCOCC2)c1)=O)=O,0.732489739,2.578291642,428.286,3.0022,-8.6,-9
N(c1cc(F)ccc1)C1NC(C(=Cc2cccnc2OC(C)C)N=1)=O,0.839292264,2.863312558,340.358,2.9467,-8.5,-7.9
O=C1NC(C(=C1c1cccc(c1)OC)c1cn(C2CCCC2)c2ccccc12)=O,0.6790671,2.403674262,386.451,4.3322,-9.2,-8.7
c1c(nccc1-c1n2c(nc(cc2)NC2CCCC2)nn1)NC1CCOCC1,0.703813952,2.828375677,379.468,3.1317,-8.8,-8.2
Cn1c2c(cc1)ccc(n2)NC1CCN(C(C(C)C)=O)CC1,0.947771004,2.50669904,300.406,2.6322,-7.8,-7.4
c1(ccccc1)NC1C(=O)NC(=O)C=1c1ccc(F)cc1,0.849288888,2.03605362,282.274,2.3053,-7.7,-7.9
c12nc(cc(NC3CCCCC3)c2c(-c2cccnc2)cn1C(C)C)C,0.654288113,2.560848566,348.494,5.73222,-8.4,-8
c1nc2c(cn1)ccnc2NC1CCC(NC(=O)CCC)CC1,0.886853255,2.472971231,313.405,2.6642,-7.5,-7.4
c1cc(ccc1)C1=C(c2ccnc(NC3CCCC3)c2)C(NC1=O)=O,0.843948257,2.337633323,333.391,3.0033,-8.7,-8.2
C(C)(C(O)=O)Nc1nccc(c1)C1C(=O)NC(C=1c1cc(C(OC)=O)ccc1)=O,0.492369131,2.980288762,395.371,1.3204,-9.1,-8
c1cc(ccc1C1C(NC(C=1c1ccc(Cl)c(c1)Cl)=O)=O)Cl,0.822842461,2.117855766,352.604,4.214,-8.6,-8
c1c(cccc1OC)NC1C(=O)NC(C=1c1ccc(cc1)F)=O,0.850310058,2.12962356,312.3,2.3139,-8.2,-8
c12cccnc2[nH]nc1NC(=O)CCC,0.798844854,2.247113799,204.233,1.6965,-6.4,-6.3
c1cc2ccccc2c(c1)C1=C(C(NC1=O)=O)Nc1ccc(cc1)OC,0.712620582,2.132871336,344.37,3.328,-8.7,-8
C(C)(=O)Nc1cc(-c2ccnc(c2)NC(=O)C2CC2)ccn1,0.907338013,2.156165789,296.33,2.4505,-8,-7.3
C(=O)(CCC)Nc1c2cnn(-c3cc(NC4CCOCC4)ncc3)c2ncn1,0.67552252,2.654856513,381.44,2.54,-8.6,-7.8
C1Oc2c(cc(cc2)-c2cc(NC3CCOCC3)ncc2)OC1,0.94354084,2.306612014,312.369,3.1107,-8.5,-8.7
c1ccc(Br)c(c1)C1=C(c2ccc(cc2)F)C(NC1=O)=O,0.849528491,2.100455094,346.155,3.1554,-7.6,-7.7
c1c2c(c(NCCOC)n[nH]2)ccc1-c1ccc(OC)cc1,0.685409624,2.073479126,297.358,3.2968,-7.2,-7.3
C1CCCC(Nc2cc(nc(n2)-n2c(-c3ccc4c(OCO4)c3)n[nH]c2=O)C)C1,0.700558046,2.687206822,394.435,2.79932,-9.3,-8.4
c1cccc(c1)C1=C(C(=O)NC1=O)c1c2c(ccc(c2)Cl)n(c1)C,0.72915021,2.260479863,336.778,3.3989,-8.2,-8
c1cc(F)ccc1C1=C(C(NC1=O)=O)c1cn(c2ccccc21)C,0.738264262,2.222333709,320.323,2.8846,-8.6,-8.4
n1ccc(cc1Nc1cc(-c2ccnc(c2)NC2CCC2)ccn1)C,0.717667201,2.376155978,331.423,4.55502,-9,-8.2
C1(C(=O)NC(=O)C=1c1cc(NC2CCC2)ncc1)c1cccc(c1)F,0.841806812,2.45798103,337.354,2.7523,-8.9,-8.3
c1(C2C(=O)NC(C=2c2ccnc(NC3CCOCC3)c2)=O)cccc(c1)F,0.81135624,2.588614128,367.38,2.3788,-9.1,-9
NC(c1cc(C2C(NC(=O)C=2c2cccc(c2)Br)=O)ccn1)=O,0.797694347,2.465654436,372.178,1.5102,-8.2,-7.8
C1C(C1)Nc1cc(-c2ccc3c(c2)c(n[nH]3)NC(CC)=O)ccn1,0.670939065,2.416307051,321.384,3.5477,-8.6,-8.2
c1nc(NC2CCCC2)ncc1C1C(NC(=O)C=1c1cccc(c1)F)=O,0.826373096,2.529356874,352.369,2.5374,-8.5,-8.3
O=C1C(=C(C(N1)=O)c1cc(NC2CCCC2)ccc1)c1ccc(cc1)F,0.825957478,2.239604874,350.393,3.7474,-8.8,-8.9
c1cc(Cl)ccc1C1C(NC(=O)C=1c1ccnc(NC2CCOCC2)c1)=O,0.793382813,2.530676849,383.835,2.8931,-9,-9.1
n1c([nH]c(=O)c(=O)n1-c1cccc(c1)C)-c1ccnc(NC2CCOCC2)c1,0.671361351,2.719313528,379.42,1.88212,-9.2,-9
c1c(c(-c2ccnc(NCC3CCOCC3)c2)c[nH]n1)=O,0.893404193,2.795429477,286.335,1.6704,-7.5,-7.4
c1cc(C)ccc1C1C(=O)NC(=O)C=1c1cc(NC2CCC2)ncc1,0.844128194,2.38057323,333.391,2.92162,-8.6,-8.3
c1c(C)ccc(C2C(NC(=O)C=2c2cccc(Br)c2)=O)c1,0.85135535,2.092051182,342.192,3.32472,-8.6,-8.5
C1C(C1)C(Nc1cc(-c2ccc3C(NCc3c2)=O)ccn1)=O,0.912142779,2.31914094,293.326,2.3405,-8.2,-8.2
c1ccc(cc1)C1=C(c2n(-c3ccc4OCCOc4c3)c(-c3ccc(F)cc3)nn2)C(NC1=O)=O,0.461504226,2.596657954,468.444,3.4118,-9.9,-8.5
c1c(NC2CCOCC2)nccc1-c1cc(NC(C)C)ncc1,0.88387345,2.465576972,312.417,3.5548,-7.8,-7.4
C(C)(Nc1c2c(ncn1)[nH]nc2-c1ccc(cc1)F)CC,0.770970531,2.910214384,285.326,3.3694,-7.6,-7
Oc1ccccc1-c1cc(NC2CCN(C(=O)N)CC2)ncc1,0.811346908,2.259068444,312.373,2.4092,-8.2,-8.3
C1(NC(C(c2ccccc2)=C1c1c(ccc(Cl)c1)OC)=O)=O,0.886465322,2.041747427,313.74,2.9158,-7.7,-7.4
c1(ccnc(c1)NC(CCC)=O)-c1nc(NC(C2CC2)=O)ccc1,0.854188939,2.16695113,324.384,3.2307,-8,-7.8
n1c2c(cc(NC3CCCNC3)nc2)n(C(C)C)c1-c1ccccc1,0.760419899,2.939823222,335.455,3.8431,-8.5,-8
n1[nH]c2c(cc(-c3cnccc3)cc2)c1NC(CCC)=O,0.769418044,2.17897048,280.331,3.3635,-8.2,-7.8
N1(CCC(C(=O)N)CC1)c1nc2cnc(cc2cn1)-c1ccc(cc1)F,0.783692995,2.352687336,351.385,2.5326,-8.8,-8.1
c1cc(nc(c1)-c1ccnc(c1)NC1CCOCC1)NC(C)=O,0.907526752,2.360515663,312.373,2.6929,-8.5,-8
N(c1cc(OC)ccn1)c1c2c(cc(-c3ccccc3)cc2)[nH]n1,0.586393888,2.158865957,316.364,4.3771,-8.5,-8.6
c1(C2=C(c3ccnc(NC4CCCC4)c3)C(NC2=O)=O)ccc(OC)cc1,0.798456144,2.377005843,363.417,3.0119,-9.3,-8.6
c1c(scc1)C1C(=O)NC(C=1c1cc(NC2CCCC2)ncc1)=O,0.840012109,2.60810687,339.42,3.0648,-8.3,-7.7
NC(c1cc(ccc1)C1=C(C(NC1=O)=O)c1ccc(F)cc1)=O,0.841772581,2.132760446,310.284,1.4918,-8.4,-8.3
C(C)N(CC)CCCNc1c2c(ccc(-c3ccccc3)c2)ncc1,0.584997841,2.042448496,333.479,5.0456,-7.7,-7.9
c1(oc(-c2ccnc(Nc3ccc(F)cc3)c2)cc1)-c1oc(=O)[nH]n1,0.590322687,2.5447623,338.298,3.5676,-9.2,-8.4
c1(ccnc(c1)NC(C)C)C1=C(C(=O)NC1=O)c1cc(C(=O)N)ccc1,0.708296705,2.527908336,350.378,1.568,-8.8,-8.1
c1c(Nc2nccc(-c3nc(NC(C)C)nc(C)c3)c2)cc(cc1)N1CCOCC1,0.636091658,2.468653874,404.518,4.24752,-9.2,-8.5
c1(c(C2C(=O)NC(=O)C=2c2ccncc2)ccc(F)c1)Cl,0.866904962,2.29096409,302.692,2.4413,-7.7,-7.6
N(C1=C(C(=O)NC1=O)c1ccc(Cl)cc1)c1ccc(cn1)N1CCOCC1,0.784896154,2.514711169,384.823,2.0512,-8.6,-8.4
N(C1CCCC1)c1cc(ccn1)-c1[nH]c2c(n1)cc(c(c2)OC)OC,0.735628836,2.30657052,338.411,3.9966,-8.1,-7.7
C1C(CC(NC1)=O)Nc1nccc(c1)-c1ccnc(c1)Nc1ccccc1,0.648904344,2.871218071,359.433,3.5777,-9.2,-8.7
c1(cc(cc(c1)C)C1=C(c2ccnc(NC3CCCCC3)c2)C(=O)NC1=O)C,0.792319374,2.539188699,375.472,4.01024,-9.9,-8.7
c1c2C(=O)NCC(Nc2ccc1-n1ccc(-c2cc(Nc3ccccc3)ncc2)c1)=O,0.476016959,2.6743458,409.449,3.9648,-10.3,-9.5
c1(F)ccc(-c2cc3c(NC(=O)CCC)n[nH]c3nc2)cc1,0.774075026,2.228756324,298.321,3.5026,-8.3,-7.7
c12[nH]nc(c2cc(cc1)NC1CCOCC1)NC(=O)CCC,0.793224944,2.408670713,302.378,2.8924,-7.6,-7.5
n1ccc(C2=C(C(NC2=O)=O)Nc2cc(ccc2)Cl)cc1NC1CCOCC1,0.670604368,2.652026348,398.85,2.8055,-8.6,-8.7
O=C1NC(C(=C1c1cc(ccc1)C(=O)N)c1cc(OC)ccc1)=O,0.830382419,2.165280565,322.32,1.3613,-8.8,-8.4
N1(CC(CCC1)N)c1nc2c(C(=O)NCC3CCC(CC3)OC)c(C)n(c2cn1)C,0.777840562,3.31857819,414.554,2.13922,-8.3,-8
c1c(ccc(C#N)c1)C1=C(c2cc(ncc2)NC2CCCC2)C(NC1=O)=O,0.819668954,2.523036613,358.401,2.87498,-9.2,-9.2
c1(Cl)c(cc(cc1)C1=C(C2=C(C1=O)Nc1ccccc12)O)OC,0.731236092,2.454654566,325.751,4.4525,-8.3,-7.9
c1(nccc(-c2cc3c(C(NC4CCOCC4)=O)cnn3cc2)c1)NC(C)C,0.711898301,2.700284468,379.464,3.1254,-9.1,-7.8
C1CN(c2cccc(c2)-c2ccnc(NC(C3CC3)=O)c2)CCO1,0.939783242,2.073999397,323.396,2.9337,-8.2,-8.3
c1cc(C(N)=O)cc(C2C(=O)NC(=O)C=2c2ccnc(NC3CCC3)c2)c1,0.700781539,2.508038108,362.389,1.7121,-9.3,-8.6
C1(=O)NC(=O)C(c2ccc(F)cc2)=C1c1ccnc(c1)NC1CCC1,0.841806812,2.399366946,337.354,2.7523,-8.7,-8.3
OC1CCN(CC1)c1nccc(c1C1C(=O)NC(C=1c1ccc(cc1)Cl)=O)Cl,0.749627092,2.607783202,418.28,2.9167,-8.9,-7.9
c1cc(C2C(=O)NC(=O)C=2c2cc(NC3CC3)ncc2)cc(c1)C(=O)N,0.705272532,2.495562472,348.362,1.322,-8.9,-8.5
c1(Br)cc(ccc1OC)C1OC(=O)NC(C=1c1ccc(cc1)Cl)=O,0.70844045,2.343296639,408.635,4.0866,-7.9,-7.6
C1(c2cc(ncc2C)NC2CCOCC2)C(NC(=O)C=1c1cc(F)ccc1)=O,0.796309765,2.652978122,381.407,2.68722,-9,-8.4
c1cc(cc(c1)C1C(NC(C=1c1cc(ncc1)NC1CCOCC1)=O)=O)Cl,0.793382813,2.579779216,383.835,2.8931,-9,-9
C1CN(CCC1C(=O)N)C1=C(c2cc(NC3CCCC3)ncc2)C(NC1=O)=O,0.653202716,2.701323699,383.452,1.0009,-9.2,-8.8
C1(NC(=O)C(=C1Nc1cccc(O)c1)c1ccccc1Cl)=O,0.760724332,2.283586136,314.728,2.5252,-7.8,-7.6
c1ccc(OC)cc1-c1[nH]c2n(c(cc(n2)-c2ccccc2)=O)c1,0.630082929,2.32267632,317.348,3.3652,-8.6,-8.6
n1c(nccc1NC1CC1)C1C(=O)NC(=O)C=1c1cccc(OC)c1,0.806246798,2.566382764,336.351,1.6267,-8,-7.7
c1cnc2cc(-c3nc(c(C(N)=O)[nH]3)-c3ccc(F)cc3)ccc2c1,0.60170827,2.307110852,332.338,3.5299,-9.1,-8.2
c1cc(Cl)ccc1C1C(=O)NC(=O)C=1c1cn(c2c1cccc2)C,0.72915021,2.217076243,336.778,3.3989,-8,-8.5
c1(-c2cc(ncc2)NC2CCOCC2)cc(ncc1)NC(C)C,0.88387345,2.465576972,312.417,3.5548,-7.4,-7.6
c1cc(-c2nc(ncc2)Nc2ccnc(c2)NC2CCCC2)cc(c1)CO,0.612277478,2.347821346,361.449,4.129,-8.6,-8.4
c1ccc(c(F)c1)Nc1nccc(-c2ccnc(NC(=O)C3CCCCC3)c2)c1,0.59974389,2.228794876,390.462,5.5451,-9.7,-9
n1c(ccc(C2C(NC(C=2c2ccc(cc2)Cl)=O)=O)c1)NC1CCCC1,0.808919745,2.380193182,367.836,3.6567,-8.5,-8.8
c1[nH]c2c(cc(cc2)-c2ccc(O)cc2)c1C(=O)NCC,0.68895189,1.973021313,280.327,3.2902,-8.2,-8
C1(NC(=O)C(=C1c1ccc(F)cc1)c1cc(NC2CCCC2)ncc1)=O,0.830425976,2.400630105,351.381,3.1424,-8.9,-8.7
c1cccc(c1)C1=C(C(NC1=O)=O)c1cc(NC2CCCC2)ncc1,0.843948257,2.337633323,333.391,3.0033,-8.7,-8.6
N1C(=O)C(c2cccc(OC)c2)=C(C1=O)c1cc(ncc1)NC1CCOCC1,0.774833116,2.557756263,379.416,2.2483,-9,-8.7
C1(C(NC(C=1c1cc(ncc1)Nc1ccc(cc1)F)=O)=O)C,0.85340395,2.323141471,297.289,2.3942,-8.5,-7.8
c1cc(Nc2nccc(-c3ccnc(c3)NC3CCC(O)CC3)c2)cc(CO)c1,0.506742089,2.465135691,390.487,4.0949,-9,-8.5
N(C1=C(C(=O)NC1=O)c1cc(NC=O)ncc1)c1ccccc1,0.567715544,2.593610402,308.297,1.1295,-8,-8.1
COc1c(OC)ccc(c1)CC1NC(CC=1c1ccc(Cl)cc1)=O,0.8971053,2.316037555,343.81,3.8309,-8.7,-7.4
N(c1cccc(OC)c1)C1=C(C(=O)NC1=O)c1ccccc1,0.848141474,2.056409071,294.31,2.1748,-8.1,-7.7
c1cc(-c2cc(NC3CCOCC3)ncc2)cc(Nc2ccc(cc2)F)n1,0.69189825,2.325795577,364.424,4.6172,-8.7,-8.1
O=C1NC(=O)C(c2ccnc(NC3CCC3)c2)=C1c1ccnc(NC2CCOCC2)c1,0.618260365,2.836782165,419.485,2.5991,-9.7,-8.5
c1ncccc1C1C(NC(=O)C=1c1cc(NC2CCCC2)ncc1)=O,0.838947428,2.528200024,334.379,2.3983,-8.8,-8.3
C(C)(C)C1C(=O)NC(C=1c1cc(ncc1)NC(C1CC1)=O)=O,0.824592219,2.630104896,299.33,1.4961,-7.7,-8
c1(cc(ncc1)NC1CCOCC1)C1=C(C(=O)NC1=O)c1cc(cc(c1)C)C(=O)N,0.648932501,2.750684711,406.442,1.64702,-9.7,-8.5
OC(=O)c1cccc(c1)C1=C(C(NC1=O)=O)c1cccc(c1)C(=O)N,0.719374385,2.222931504,336.303,1.0509,-9.4,-8.4
c1cc(C2=C(C(NC2=O)=O)c2ccc(O)cc2)cc(c1)N1CCOCC1,0.825499852,2.308398105,350.374,1.796,-8.6,-9.4
c1(-c2cc(ncc2)NC(C2CC2)=O)ccnc(c1)NC1CCCC1,0.87730162,2.238212804,322.412,3.8466,-8.5,-8.2
c1c(C2C(=O)NC(C=2c2cn(c3ccccc32)C)=O)cn(n1)-c1ccccc1,0.565493173,2.474108399,368.396,2.9312,-9.5,-8.7
C1OCCC(Nc2nccc(c2)C2C(NC(C=2c2cccc(c2)F)=O)=O)C1,0.81135624,2.588614128,367.38,2.3788,-9.2,-9
c1c(ccnc1NC1CCN(C(C)=O)CC1)C1C(NC(C=1c1ccc(cc1)F)=O)=O,0.757286093,2.530064983,408.433,2.2107,-9.9,-9.4
C1(C(c2c(F)ccc(F)c2)=C(c2ccnc(NCC3CCOCC3)c2)C(N1)=O)=O,0.756153699,2.709800232,399.397,2.7655,-9,-8.6
c1ccc(cc1Cl)NC1C(NC(=O)C=1c1ccc(Br)cc1)=O,0.803911831,2.208037501,377.625,3.5821,-7.9,-8.2
c1cccc(c1)-c1cc(NC2C(=O)NC(=O)C=2c2ccc(cc2)Cl)ncc1,0.678709278,2.299123003,375.815,3.8816,-9.1,-9
c1c(c(nc(NC(C)C)n1)C1CC1)C1C(=O)NC(C=1c1ccccc1)=O,0.811886096,2.596995981,348.406,2.7415,-7.9,-7.9
C1CCC(Nc2n[nH]c3c2cc(-c2ccnc(c2)NC2CCOCC2)cn3)CO1,0.61131147,3.309141998,394.479,3.2017,-9.3,-8.6
n1c(N)c2cc(-c3ccc(cc3)F)n(c2nc1)C(C)C,0.776065766,2.395010301,270.311,3.4005,-7.3,-7.6
c1(C2C(NC(C=2c2cc(NC3CCOCC3)ccc2)=O)=O)ccc(F)cc1,0.816696224,2.380428329,366.392,2.9838,-8.8,-9.1
C1C(O)CCN(C1)c1ccnc(NC2C(CCCC2)Nc2cc(ncc2)NC(C)C)c1,0.532524829,3.463630056,424.593,4.0932,-9.2,-8.6
c1cc(ccc1)C1C(NC(=O)C=1c1ccnc(NC2CCOCC2)c1)=O,0.827718733,2.476063902,349.39,2.2397,-8.8,-8.7
c1(OC)ccc(C2C(=O)NC(C=2c2cc(NC3CCCC3)ncc2)=O)cc1OC,0.733605503,2.456091984,393.443,3.0205,-9.2,-8.5
O=C1NC(=O)C(N1C)=Cc1cc(c(OC)cc1)OC,0.656771241,2.278409594,262.265,1.2263,-6.6,-6.5
c1(nccc(C2=C(c3cc(NC4CC4)ncc3)C(=O)NC2=O)c1)NC1CCCC1,0.65759315,2.710641845,389.459,2.9726,-9.3,-8.5
C1(=C(c2ccc(F)cc2)C(=O)NC1=O)c1ccc(cc1)F,0.861840499,1.960878592,285.249,2.532,-8.1,-7.6
C1C(C(=O)Nc2ncnc(c2)C2CCCCC2)C1,0.890452316,2.238767793,245.326,2.8728,-7.2,-7.5
C1CC1Nc1nccc(C2=C(c3ccc(cc3)F)C(NC2=O)=O)c1,0.847539882,2.386561311,323.327,2.3622,-8.2,-8.2
c1c(C)c(-c2c3c(c(n[nH]3)NC(=O)CCC)ccc2Cl)cc(c1)OC,0.679255558,2.439566621,357.841,4.93892,-8.2,-7.7
c1cnc(cc1C1C(=O)NC(C=1c1ccc2cc(ccc2c1)OC)=O)C,0.741430493,2.354930737,344.37,3.11902,-9,-8.6
Fc1ccc(C2=C(c3cc(NC4CCCC4)ncc3)C(NC2=O)=O)cc1,0.830425976,2.400630105,351.381,3.1424,-9.2,-8.9
c1(nc(ccn1)NC1CCCC1)-c1ccc2c(F)cccc2c1,0.755676356,2.21643932,307.372,4.7904,-8.8,-8.5
c1nc(nc(C2CCOCC2)c1-c1ccnc(Nc2ccc(OC)cc2)c1)NC1CCC1,0.535360044,2.580819844,431.54,5.1492,-9.4,-8
Fc1ccc(cc1)Nc1scc(-c2cccc(F)c2)n1,0.746191192,1.811416061,288.322,4.8319,-7.6,-7.7
C1COCCC1Nc1nc(ccn1)Nc1cc(C(N)=O)ccc1,0.779059679,2.300875938,313.361,1.91,-8.1,-7.6
c1(cc(C2=C(c3ccnc(NCC4CCOCC4)c3)C(=O)NC2=O)ccc1)Cl,0.757454076,2.607116946,397.862,3.1407,-8.9,-8.6
n1[nH]c2nccc(c2c1NC1CCOCC1)CC,0.870339287,2.747119635,246.314,2.1112,-6.9,-6.9
c1cccc(c1)C1=C(C(=O)NC1=O)c1ccnc(NC2CCOCC2)c1,0.827718733,2.476063902,349.39,2.2397,-8.7,-8.7
Fc1c(cc(cc1)C1=C(C(NC1=O)=O)c1cc(ncc1)NC1CCOCC1)Cl,0.769628572,2.657286006,401.825,3.0322,-9.4,-9.3
n1(-c2ccc(cc2Cl)F)c(=O)[nH]nc1-c1ccnc(NC2CCOCC2)c1,0.716131524,2.632494009,389.818,3.006,-8.8,-9
N(c1nccc(c1)-c1[nH]c(C(N)=O)cc1-c1cccc(F)c1)C1CCC1,0.65141013,2.560978346,350.397,3.9461,-9.2,-8.4
c12c(CCO1)ccc(c2)Nc1nccc(c1)-c1[nH]nnn1,0.761866065,2.700096368,280.291,1.9402,-8.4,-7.8
c1c(C2=C(C(=O)NC2=O)c2cn(c3c2cccc3)C)ccc(c1)F,0.738264262,2.222333709,320.323,2.8846,-8.6,-8.5
N1C(=O)C(=C(c2ccc(cc2)F)C1=O)c1ccc(nc1)NC1CCOCC1,0.81135624,2.520192826,367.38,2.3788,-9,-8.6
C1CC2(CC(=O)N1Cc1ccnc(c1)NC1CCOCC1)CCCNC2=O,0.840373264,3.725037264,372.469,1.6913,-9,-8.2
O=c1c2ccc(cc2[nH]cc1C(NCCCC)=O)-c1cc(O)c(O)cc1,0.418331569,2.220171955,352.39,3.1362,-8.3,-8.4
c1(Cl)c(NC2CCCCC2)ncc(-c2ccnc(c2)NC2CCC2)c1,0.741548306,2.372512353,356.901,5.506,-8.3,-8.2
c1c(F)c(NC2CCC(N)CC2)nc(-c2c(c(ccc2)F)Cl)c1,0.874427281,2.46658356,337.801,4.362,-8.2,-7.9
n1ccc(C2=C(c3ccc(cc3)Cl)C(NC2=O)=O)c(OC)n1,0.871978436,2.544101521,315.716,1.7058,-7.7,-7.6
c1(F)cccc(F)c1C1C(NC(=O)C=1c1ccnc(c1)NC1CCOCC1)=O,0.790955113,2.713129275,385.37,2.5179,-9.1,-9
n1c2c(cc(-c3cnc(s3)C)cc2)sc1NC(CC)=O,0.793000435,2.349838872,303.412,4.07672,-7.2,-7.2
N(C1CCCC1)c1cc(ccn1)-c1n[nH]c(n1-c1cc2c(cc1)cccc2)=O,0.565510953,2.416380112,371.444,4.1303,-9,-9.5
c1c(Nc2nc(-c3sccc3)cc(n2)N2CCOCC2)cc(cc1)O,0.747318445,2.332111111,354.435,3.4909,-8.5,-7.8
c1(NC2CCOCC2)cc(ccn1)-c1n[nH]c(n1-c1cc2ccccc2cc1)=O,0.560847365,2.543330396,387.443,3.3667,-9.1,-9.7
N1C(C(=C(C1=O)c1ccnc(NC2CC2)c1)c1cc(C)ncc1)=O,0.841029052,2.622970134,320.352,1.92652,-8.4,-7.8
c1cc(cc(C2C(=O)NC(=O)C=2c2ccc(cc2)Cl)c1)F,0.866674616,2.059132538,301.704,3.0463,-8.3,-7.7
c1ccc(OC2CCN(C2)C(=O)C)cc1C1C(=O)NC(C=1c1ccc(F)cc1)=O,0.808380971,2.867950356,394.402,2.3925,-9.5,-8.7
c1cc(CC)c(s1)-c1n[nH]c(n1-c1ccc2c(c1)ccc(Cl)c2)=O,0.580794783,2.610721098,355.85,4.6581,-7.9,-7.6
N(C1CCC(CC1)NC(=O)C)c1nc2[nH]nc(-c3ccccc3)c2cn1,0.672328905,2.45929366,350.426,2.8791,-8.7,-8.6
c1c(Cl)cccc1C1=C(C(=O)NC1=O)c1ccnc(n1)NC1CCOCC1,0.785469677,2.64761827,384.823,2.2881,-8.9,-8.7
C1(c2ccc(cc2)Cl)=C(C(NC1=O)=O)c1cn(C)c2c1cccc2,0.72915021,2.217076243,336.778,3.3989,-8.1,-8.5
C1COCCC1Nc1nc2c(nnn2-c2ccc(cc2)F)c(C)n1,0.794414681,2.5454372,328.351,2.24892,-8.2,-8
c12c(c(CC)cn1C)cc(C1=C(c3ccc(cc3)Cl)C(=O)NC1=O)cc2,0.715002708,2.419875222,364.832,3.9613,-8.8,-8.6
N(C1=C(C(NC1=O)=O)c1ccc(cc1)Cl)c1cc(C(N)=O)ccn1,0.724786194,2.45621719,342.742,1.3135,-8.2,-8.2
c1(cc(ncn1)Nc1ccc(N2CCOCC2)cc1)OC,0.928165978,2.105328236,286.335,2.0654,-7.1,-7.7
C1(=O)NC(C(c2cc(NC3COCCC3)ncc2)=C1c1ccc(cc1)F)=O,0.81135624,2.998130808,367.38,2.3788,-9.2,-8.5
c1(cc(C2=C(C(NC2=O)=O)c2ccnc(NC3CCOCC3)c2)ccc1)CN,0.683979764,2.65827763,378.432,1.6984,-8.9,-8.8
c1(C)cc(c(-n2c(n[nH]c2=O)-c2ccnc(NC3CCOCC3O)c2)cc1)Cl,0.618288823,3.484077936,401.854,2.14612,-9,-8.4
c1cc(Nc2cc(nc(NC3CCOC3)n2)-c2cccc(Cl)c2)cc(CO)c1,0.578178704,2.838992792,396.878,4.2337,-9.5,-8.2
c1cnc(NC(C2CCCCC2)=O)cc1-c1n[nH]c2c1ccc(Cl)c2,0.709454252,2.29160719,354.841,4.7971,-9.1,-8.5
c1(cccc(C(=O)N)c1)C1C(NC(C=1c1cccc(c1)OC)=O)=O,0.830382419,2.165280565,322.32,1.3613,-8.5,-8.1
c1(C2C(=O)NC(C=2c2ccnc(NC3CCC3)c2)=O)ccc(F)cc1,0.841806812,2.399366946,337.354,2.7523,-8.6,-8.4
n1c(n(-c2ccc3c(c2)cccc3)c(n1)-c1ccnc(c1)NCC)C1CCCC1,0.489256437,2.431305351,383.499,5.5719,-8.6,-8.7
c1c(cc(nc1)NC1CCN(CC1)CCC)-c1cccnc1NC(C1CC1)=O,0.766119929,2.435175066,379.508,3.7784,-8,-8
O=C1NC(C(=C1c1ccc(Cl)cc1)c1cc(ncc1)NC1CCOCC1)=O,0.793382813,2.530676849,383.835,2.8931,-8.9,-8.7
C(CC)C(Nc1n[nH]c2c1cc(cc2)-c1ccncc1)=O,0.769418044,2.186186369,280.331,3.3635,-8.1,-7.8
C1CC(CCO1)Nc1cc(ccn1)-c1n[nH]c(n1-c1cc2c(cccc2)cc1)=O,0.560847365,2.543330396,387.443,3.3667,-9.1,-9.8
Fc1ccc(C2C(=O)NC(C=2c2cc(ncc2)Nc2ccccc2)=O)cc1,0.699326077,2.235791051,359.36,3.5315,-9.4,-9.1
c1n(C)c(=O)ccc1-c1ccc2c(NC(=O)C3CCCCC3)n[nH]c2c1,0.759160862,2.407183951,350.422,3.4474,-9.2,-8.6
n1[nH]c(n2c(-c3c(Cl)cc(Cl)cc3)n[nH]c21)=O,0.706170868,2.849731966,270.079,1.7195,-7,-7.1
c1cccc(C2C(NC(C=2c2cc(ncc2)NC2CCOCC2)=O)=O)c1,0.827718733,2.476063902,349.39,2.2397,-8.9,-8.5
c1(OC)nccc(C2=C(C(NC2=O)=O)c2cc(ncc2)-c2ccc(Cl)cc2)c1,0.689434213,2.473985429,391.814,3.3728,-9.5,-9.1
c1c(C2=C(c3cn(CCCO)c4ccccc34)C(NC2=O)=O)cccc1,0.697742918,2.289297797,346.386,2.5909,-8.4,-8.1
C(=O)(N1CCCC(C1)NC(=O)C1CC1)Cn1c2cccnc2ccc1=O,0.884629936,2.690477675,354.41,0.9137,-8.8,-7.9
c1cc(Cl)ccc1C1C(=O)NC(C=1c1ccnc(N2CCOCC2)c1)=O,0.839185792,2.386761797,369.808,2.1388,-8.5,-8.5
c1cnc(cc1-c1ccc(o1)CNC(NC(C)C)=O)C,0.899733012,2.223078158,273.336,2.85762,-7.4,-7.1
c1cc(ccn1)C1=C(C(NC1=O)=O)c1cc(ncc1)N1CCOCC1,0.837877164,2.511284956,336.351,0.8804,-8.8,-8.4
C1(=O)C(c2cn(c3c2cc(cc3)F)C)=C(c2ccnc(c2)NC2CCOCC2)C(N1)=O,0.634329285,2.791808284,420.444,2.8705,-9.3,-8.9
c1cc(ccc1OC)C1=C(c2ccncc2)C(=O)NC1=O,0.868126945,2.11147362,280.283,1.6574,-7.7,-7.5
C1COCCN1CCCNc1cc(-c2ccc(c(Cl)c2)F)ccn1,0.807269801,2.16857654,349.837,3.6753,-7.8,-7.4
O=C(Nc1n[nH]c2cc(c(cc21)-c1ccncc1)C)CCCN,0.674621611,2.418876137,309.373,2.61072,-7.9,-7.5
n1c(cccc1Nc1cc(NC(C)(C)C)nc(C2CCCC2)n1)C1CCOCC1,0.708314785,2.896323713,395.551,5.3772,-9.1,-8.3
C1(C(=O)NC(C=1c1cc(ncc1)Nc1ncccc1)=O)c1ccncc1,0.704947041,2.522320987,343.346,2.1824,-9.3,-8.4
C1CC1C(Nc1cc(ccn1)-c1cc(ncc1)OC)=O,0.92583341,2.128448589,269.304,2.5007,-7.2,-7.5
c1(NC2CCCC2)nc(cc(c1)C1C(NC(=O)C=1c1ccc(F)cc1)=O)C,0.814399773,2.471344144,365.408,3.45082,-8.6,-8.2
O1CCN(c2ccc(cc2)Nc2nccc(c2)-c2ccnc(c2)NC(=O)C)CC1,0.692980163,2.282832342,389.459,3.6822,-9.1,-8.9
n1c(ccc(c1)CC)C1=C(c2cccc(c2)OC)C(NC1=O)=O,0.8794459,2.317434921,308.337,2.2198,-7.7,-7.8
c1cc(ccc1)C1=C(C(NC1=O)=O)c1ccnc(NC(C)C)c1,0.85131185,2.356478945,307.353,2.4691,-8.1,-8
c12n(C)cc(C3C(=O)NC(=O)C=3c3c(Cl)cccc3)c1cc(cc2)F,0.715592679,2.355769698,354.768,3.538,-9,-8.4
Clc1ccccc1C1=C(C(NC1=O)=O)c1cc(NC2CCCCC2)ncc1,0.783688512,2.42273898,381.863,4.0468,-9.2,-8.5
c1cc(cc(C2=C(c3ccnc(NC4CCOCC4)c3)C(NC2=O)=O)c1)F,0.81135624,2.588614128,367.38,2.3788,-9.1,-9
N1C(C(c2ccc(cc2)F)=C(c2ccc(cc2)F)C1=O)=O,0.861840499,1.960878592,285.249,2.532,-8.1,-7.6
c1c(nccc1C1=C(C(NC1=O)=O)c1cc(NC2CCCC2)ccc1)NC1CCOCC1,0.604398265,2.705918371,432.524,3.5942,-10,-8.6
O=C1C(c2cc(ncc2)NC2CCOCC2)=C(c2ccc(cc2)Cl)C(N1)=O,0.793382813,2.530676849,383.835,2.8931,-8.8,-9.1
c1cc(cc(C(N)=O)c1)C1C(NC(=O)C=1c1cc(ccc1)OC)=O,0.830382419,2.165280565,322.32,1.3613,-8.8,-8.3
c1c(C(N)=O)cccc1Nc1nc(C2CC=CC2)ccn1,0.843730609,2.521059005,280.331,2.7527,-8.3,-7.9
c1(C2=C(C(NC2=O)=O)c2ccccc2)nc(Nc2ccc(cc2)F)sc1,0.693355628,2.278204259,365.389,3.593,-9.2,-8.5
c1(-c2ccnc(c2)NC(=O)C)ccnc(NC2CCOCC2)c1,0.907526752,2.376562735,312.373,2.6929,-7.8,-7.6
c1c2OCOc2cc(C2C(=O)NC(=O)C=2Nc2ccccc2)c1,0.84692899,2.270234606,308.293,1.8949,-8.1,-8.4
c1c(cc(cc1)O)NC1=C(c2cc(ncc2)NC2CCOCC2)C(=O)NC1=O,0.585781683,2.719860536,380.404,1.8577,-8.9,-8.8
C1N(CCC(c2ccnc(c2)Nc2ccccc2F)C1)C(=O)NCC,0.886605931,2.244332005,342.418,3.8732,-8.6,-8.5
N(c1ccc(F)cc1)c1nccc(c1)C1=C(C(NC1=O)=O)c1cc(ncc1)NC1CCCC1,0.492361338,2.636469411,443.482,4.281,-10.7,-8.7
c1nc(ccc1)C1=C(c2cc(NC3CCOCC3)ncc2)C(NC1=O)=O,0.814437546,2.671405805,350.378,1.6347,-8.9,-8.6
c1(C2C(NC(C=2Nc2ccccc2)=O)=O)cn(C)c2ccccc12,0.730093526,2.275692336,317.348,2.6579,-8.1,-8.1
c1(NC2CCCC2)cc(-c2sc(NC(C)C)nn2)ccn1,0.879958098,2.454077668,303.435,3.7749,-7.5,-7.2
c1c(ccc(Cl)c1)C1C(NC(C=1c1cc(N)ncc1)=O)=O,0.829258219,2.331622499,299.717,1.8844,-7.9,-7.7
CC(n1c2C(CCC(c2cc1-c1ccnc(c1)NC1CCOCC1)=O)=O)C,0.887648725,2.972889598,367.449,3.8811,-8.6,-8.3
C1(C(NC(C=1c1ccc(cc1)N(C)C)=O)=O)c1ccc(Cl)cc1,0.882189528,2.125290013,326.783,2.9732,-8.2,-7.8
Clc1ccc(C2=C(c3cccnc3)C(NC2=O)=O)cc1,0.861026568,2.152477739,284.702,2.3022,-7.8,-7.7
C(CCC)c1ccc(cc1)C1C(=O)NC(=O)C=1c1ccc(cc1)Cl,0.827633156,2.04590113,339.822,4.2498,-8.3,-7.8
O=C1NC(=O)C(=C1c1cc(NC2CCOCC2)ncc1)c1cc(ccc1)OC,0.774833116,2.557756263,379.416,2.2483,-9,-8.7
c1c(ccc(c1)Cl)Nc1cc(ncc1Cl)-c1cc(NC(C2CCC2)=O)ncc1,0.543964093,2.276271006,413.308,5.9326,-9.4,-8.1
c1c(ncc(c1)C1C(NC(C=1c1ccc(cc1)C=C)=O)=O)NC1CCCCC1,0.776303682,2.562568228,373.456,4.0364,-8.7,-9.2
Clc1c(cccc1)C1=C(C(=O)NC1=O)c1cc(Nc2ccc(cc2)F)ncc1,0.652051183,2.309022352,393.805,4.1849,-9.5,-9
c1cc(ncc1C1=C(Nc2cccc(c2)F)C(=O)NC1=O)NC1CCOCC1,0.687508923,2.644910109,382.395,2.2912,-8.8,-8.6
c1(ccc(cc1)Cl)C1=C(c2cc(NC3CCOCC3)ncc2)C(NC1=O)=O,0.793382813,2.530676849,383.835,2.8931,-8.7,-9.1
c1(ccc(-c2[nH]nc(C(N)=O)c2)cc1)OC,0.809625498,2.030311552,217.228,1.1842,-6.7,-6.7
n1c(OC)cc(nc1NC1CCC(NC(C)=O)CC1)C1CCCCC1,0.854492737,2.507218544,346.475,3.3921,-8.8,-8
c1nc(Nc2cccc(C3C(NC(C=3c3ccccc3)=O)=O)c2)ccc1Cl,0.674840925,2.255441938,375.815,4.0458,-9.1,-8.8
C(C(=O)Nc1ccc(-c2n(-c3ccc4cc(ccc4c3)C)c([nH]n2)=O)cc1)Cl,0.517281718,2.288711775,392.846,3.86652,-9.4,-8.9
c1c(cccc1)-c1c2c(NC(=O)C2=Cc2ccc(cc2Cl)Cl)[nH]n1,0.643457942,2.597605379,356.212,4.8762,-8.7,-8.4
c1(NC2CCCC2)cc(ccn1)C1=C(c2ccc(cc2)F)C(=O)NC1=O,0.830425976,2.400630105,351.381,3.1424,-8.9,-8.7
CN(C)c1c(OC(C)C)cc2c(c1)C(=CC(=O)N2)c1ccccc1,0.788021129,2.343154044,322.408,4.0483,-8.3,-7.9
C1C(C(Nc2nccc(C3C(NC(C=3c3ccc(F)cc3)=O)=O)c2)=O)C1,0.826296828,2.34537343,351.337,2.1364,-8.4,-8.6
O(C)c1c(ccc(c1)C1C(NC(C=1c1ccc(Cl)cc1)=O)=O)O,0.848759513,2.163527033,329.739,2.6214,-8,-8.1
Clc1cc(c(cc1)Cl)C1=C(C(=O)NC1=O)c1ccnc(NC2CCOCC2)c1,0.742939941,2.643218314,418.28,3.5465,-9,-8.9
c1c(CN2CCOCC2)ccnc1Nc1nccc(c1)-c1ccnc(c1)NC1CCC1,0.60103818,2.530960393,416.529,4.0788,-9.1,-8.5
c1(cc(NC2CCC2)ncc1F)C1=C(C(NC1=O)=O)c1ccc(F)cc1,0.827634657,2.532605675,355.344,2.8914,-8.9,-8.5
c1(cc(C2C(=O)NC(C=2c2ccc(cc2)-c2ccccc2)=O)ccc1)Cl,0.695917048,2.006059028,359.812,4.5742,-9.8,-9.5
c1cnc(cc1-c1cccc(C2C(=O)NC(=O)C=2c2ccc(cc2)F)c1)NC1CCOCC1,0.581957777,2.578986238,443.478,4.0458,-9.9,-10.5
c1cc(NC2=C(c3cccc(F)c3)C(=O)NC2=O)ccc1,0.849288888,2.10541362,282.274,2.3053,-7.9,-8.1
c1(F)ccc(cc1)Nc1cc(C)nc2cc(-c3ccc(OC)cc3)ccc21,0.478385512,1.918398151,358.416,6.10152,-9,-8.1
N(c1cc(C2C(NC(C=2c2cccc(c2)F)=O)=O)ccn1)C1CCCC1,0.830425976,2.456118105,351.381,3.1424,-8.7,-8.9
O(C)c1c(cc2c(c1)ncc(C#N)c2NCCCO)OC,0.789193584,2.30738469,287.319,1.91798,-6.8,-6.7
c1c(ccc(F)c1)C1C(=O)NC(=O)C=1c1ccnc(NC2CCC2)c1,0.841806812,2.399366946,337.354,2.7523,-8.7,-8.4
c1(NC2CCCC2)nccc(-c2ccnc(c2)Nc2ccccc2)c1,0.671326273,2.125706621,330.435,5.2417,-8.3,-7.7
n1cccc(c1)-c1ccnc(NC(=O)C2CC2)c1,0.894837179,1.946507438,239.278,2.4921,-7.1,-6.8
c1cc(cc(C(=O)O)c1Cl)C1=C(C(=O)NC1=O)c1cc(NC2CCCC2)ncc1,0.650883156,2.557817454,411.845,3.3549,-9.5,-8.3
c1c(C=C2N=C3NCNN3c3ccccc32)c(F)c(F)cc1,0.850143844,3.199467828,298.296,2.7042,-8.7,-8.4
O=C1NC(=O)C(c2cc(-c3cnc(NC4CCOCC4)cc3)ccc2)=C1,0.828639812,2.647553983,349.39,2.3793,-9.2,-9.2
C1CCC(Nc2n[nH]c3ccc(-c4cc(Cl)ccc4)cc23)CC1N,0.654132886,3.089576959,340.858,4.5651,-9.2,-8.4
C1CC(CCO1)Nc1cc(ccn1)-c1ccnc(c1)NC1CCC1,0.878043994,2.439901926,324.428,3.6989,-8.2,-8.4
C1(Nc2c(cnc(n2)NC2CCOCC2)Cl)CCN(CC1)C(=O)c1ccccc1,0.778299881,2.381395781,415.925,3.4376,-9.8,-8.7
Clc1c(CN2CCCCC2)ccc(Nc2nccc(c2)-c2cn(nc2)C)c1,0.684746866,2.309595095,381.911,4.865,-8.7,-8
c1c2c(ccnc2)n(CCCC)c(c1)=O,0.764340885,2.071615409,202.257,2.1966,-5.9,-6.3
c1c(nccc1-c1c[nH]c2c1cc(NC1CCOCC1)nc2)NC(CC)=O,0.642859826,2.692239691,365.437,3.5643,-8.7,-8.2
c1c(cccc1C1C(=O)NC(C=1c1cn(C)c2c1ccc(c2)F)=O)F,0.730443395,2.419303764,338.313,3.0237,-8.5,-8.7
N1C(C(c2cccc(C(=O)O)c2)=C(C1=O)c1cn(C)c2c1cccc2)=O,0.713146658,2.307197877,346.342,2.4437,-8.6,-9.2
c1c([nH]c2c1cc(cn2)-c1ccnc(NCC2CCOCC2)c1)C(N)=O,0.654935507,2.728005603,351.41,2.5623,-9.2,-7.8
c1(ccccc1)C1C(=O)NC(C=1c1ccnc(c1)NC1CCOCC1)=O,0.827718733,2.476063902,349.39,2.2397,-8.7,-8.7
N1C(=O)C(c2cc3OCOc3cc12)=CNc1ccc(F)cc1,0.836900268,2.335240665,298.273,2.9595,-8.3,-7.8
c1c(NC2CCCC2)nccc1c1nn(c(=O)n1C)-c1ccc(cc1)F,0.78263251,2.402753182,353.401,3.1266,-8.8,-8
c1cc(C2C(NC(C=2c2cc(ncc2)NCc2ccccc2)=O)=O)ccc1,0.689354481,2.187768221,355.397,3.2609,-8.7,-8.6
C1(CC(CC(NCc2cc(ccc2)F)=O)OC1)Nc1ncnc2cc(ccc21)F,0.667073229,3.226695999,398.413,3.1839,-9.2,-8.8
CCOCCC(=O)Nc1n[nH]c2c1cc(-c1ccc(cc1)F)nc2,0.681378763,2.366310396,328.347,3.1291,-7.6,-7.4
C1(NC(=O)C(c2cc(ncc2)NC2CCOCC2)=C1c1ccnc(c1)NC1CCCC1)=O,0.601624857,2.834395949,433.512,2.9892,-10,-8.7
c1(-c2ccnc(Nc3cccc(c3)Cl)c2)ccn(C)c(=O)c1,0.799041312,2.202424456,311.772,3.8443,-8.3,-8.1
O=C1C(=C(c2cc(NC3CCCC3)ncc2)C(N1)=O)c1ccc(Cl)cc1,0.808919745,2.395863336,367.836,3.6567,-8.9,-8.7
C(C=CC1CCCC1)(=O)Nc1cc(ccn1)-c1n(-c2ccc3c(c2)cccc3)c([nH]n1)=O,0.461838877,2.72248662,425.492,4.4607,-9.3,-9.9
OC(=O)c1c(NC2CCC(NC(C)=O)CC2)nc(nc1)-c1c2ccccc2n(c1)C,0.599281313,2.544878739,407.474,3.1927,-8.9,-9.1
c1(C2C(=O)NC(C=2c2cc(ccc2)OC)=O)ccccc1Cl,0.886465322,2.050202514,313.74,2.9158,-7.5,-7.8
c1ccc(c(Cl)c1)NC1C(NC(C=1c1ccc(Cl)cc1)=O)=O,0.845852495,2.142770752,333.174,3.473,-8.1,-7.7
c1cnccc1C1C(NC(=O)C=1c1cn(C)c2ccccc21)=O,0.737741706,2.355173339,303.321,2.1405,-8.4,-8.1
c1ccc(c(c1)Cl)-c1cc(NC(=O)CCO)ncc1,0.902485885,1.995289969,276.723,2.7229,-7.5,-7.4
c12c(c(NC3CCOCC3)nc(-c3cccs3)n1)ccc(=O)n2C(C)C,0.75842735,2.687745797,370.478,3.6918,-8.2,-7.8
c1(ccnc(NC2CCC(CC2)N(C)C)c1)-c1c(F)cccc1,0.917889634,2.187381032,313.42,4.1724,-8.3,-8.1
C1(=O)C(Nc2ccc(F)cc2)=C(C(=O)N1)c1cc(ccc1)Cl,0.85596987,2.157385144,316.719,2.9587,-8.1,-7.6
N1C(=O)C(=C(C1=O)c1ccnc(NC2CCOCC2)c1)c1ccc(c(Cl)c1)F,0.769628572,2.657286006,401.825,3.0322,-9.3,-9.4
c1cc2cc(-c3ccnc(NC(=O)C4CC4)c3)cnc2nc1,0.804716104,2.259361578,290.326,3.0403,-8.3,-8
Cn1c(=O)ccc2c1ncc(c2)-c1cc(NCCCO)ncc1,0.702358853,2.48566285,310.357,1.7898,-7.8,-7.9
ClCCCc1c(C2=C(c3ccc(OC)c(OC)c3)C(NC2=O)=O)n(C)c2c1cccc2,0.447902414,2.64802625,438.911,3.9341,-8.2,-7.4
C1(c2cccc(c2)C(N)=O)C(NC(=O)C=1c1ccnc(NC2CCOCC2)c1)=O,0.659982577,2.636238786,392.415,1.3386,-9.6,-8.9
c1ccc(C2=C(C(NC2=O)=O)c2cccc(F)c2)cc1F,0.861840499,2.135727584,285.249,2.532,-7.8,-7.7
c1c(ccc(c1)OC)C1C(NC(=O)C=1c1n2c(nn1)cccc2)=O,0.735384507,2.440999359,320.308,1.3051,-8.2,-7.8
c1(=O)n(c(-c2ccnc(c2)Nc2cccc(CO)c2)n[nH]1)-c1cc2ccccc2cc1,0.407602413,2.436430838,409.449,4.0117,-10.2,-9.2
c1(NC2CCCC2)nccc(Nc2n[nH]c(c2-c2ccc(Cl)c(c2)F)-c2ccc(cc2)F)c1,0.282211456,2.610891526,465.935,7.1684,-10.3,-9.4
c1c(F)cc(Nc2cc(ccn2)C2=C(C(NC2=O)=O)c2ccc(F)cc2)cc1,0.680884678,2.342131968,377.35,3.6706,-9.8,-9.3
O1c2c(ccc(OC)c2)C(NC(CCC)=O)C1CNc1ncccc1,0.810037178,3.204794127,341.411,2.9207,-7.8,-8
c1cc(C2=C(c3cc(ccc3)C(N)=O)C(=O)NC2=O)ccc1N1CCOCC1,0.77961608,2.310820622,377.4,1.1893,-10,-8.6
N(c1cc(C2C(=O)NC(=O)C=2c2ccc(Cl)cc2)ccn1)C1CCOCC1,0.793382813,2.530676849,383.835,2.8931,-8.6,-8.9
c1(nc(Nc2ccnc(c2)C2CCN(C(NC)=O)CC2)ccc1)C1CCCCC1,0.78369469,2.670373157,393.535,4.7867,-9.4,-9.4
c1cccc(c1Cl)C1Nc2nc(NC3CCCC3)ncc2SC=1C#N,0.801527957,3.016861141,369.881,4.89448,-8.4,-8.4
c1(C2C(NC(C=2c2cc(ncc2)Nc2cc(ccc2)Cl)=O)=O)ccc(cc1)F,0.652051183,2.334646391,393.805,4.1849,-9.6,-9.2
C1(C(NC(C=1c1ccnc(NC2CCOCC2)c1)=O)=O)c1ccc(cc1)Cl,0.793382813,2.530676849,383.835,2.8931,-8.8,-9
c1(C)cc2c(n(c(=O)n2C)CCCN2CC=C(CC2)c2ccccc2)cc1C,0.670973921,2.415163506,375.516,4.13624,-8.3,-8.4
C1(C(=C(NC(=O)N1)c1cc(ncc1)NC1CCOCC1)c1ccccc1)=O,0.659989485,2.539444754,364.405,2.3831,-9,-8.9
C(CN(C)C)Nc1c2c(nc3ccccc13)cccc2Cl,0.737714946,2.112011313,299.805,4.0149,-7.2,-7.4
O=C1NC(C(=C1c1cc(ncc1)NC1CCCC1)c1cccc(F)c1)=O,0.830425976,2.456118105,351.381,3.1424,-9.1,-8.9
C1COCCC1Nc1cc(nc(-c2cc3c(cc2)cccc3)n1)NC1CCN(CC1)CCCO,0.464902187,2.594085586,461.61,4.1464,-10.1,-8.3
c1(C2C(NC(C=2c2ccccc2Cl)=O)=O)cc(ncc1)NC1CCOCC1,0.793382813,2.55072892,383.835,2.8931,-9.1,-8.9
O=C1NC(=O)C(=C1c1cc(ncc1)NC1CCCC1)c1ccc(cc1)OC,0.798456144,2.377005843,363.417,3.0119,-9.1,-8.7
c1(cc(ncn1)NC1CCCCC1)Nc1nccc(n1)-c1nnn(C2CCC2)c1-c1ccccc1F,0.351197318,2.946664947,485.571,5.5444,-9.6,-10
C1(CCCCC1)Nc1cc(ccn1)C1C(=O)NC(C=1c1ccc(cc1)Cl)=O,0.783688512,2.402686909,381.863,4.0468,-9.2,-9.1
[nH]1cc(nc1C1CCOCC1)C1=C(c2ccc(F)c(F)c2)C(NC1=O)=O,0.822801664,3.026704957,359.332,2.1491,-8.9,-8.9
Oc1ccc(C2C(=O)NC(C=2c2ccc(OC)cc2)=O)cc1F,0.851068717,2.198979677,313.284,2.1071,-8.2,-7.9
C1CC(Nc2cc(ccn2)-c2cc3c(NC(CCCO3)=O)nc2)CCO1,0.88154392,2.7391192,354.41,2.8456,-9,-8.7
c1cc(-c2ccnc(NC3CCC3)c2)n(C)c1C(=O)NC1CCCC1,0.873299613,2.460143544,338.455,3.7239,-8.2,-8.3
c12c(cccc2F)nc(NC2CCOCC2)nc1C,0.902485333,2.382916636,261.3,2.66822,-7.5,-7.4
c1c(C2C(NC(C=2c2cc(ncc2)NC)=O)=O)cc(nc1)NC1CCOCC1,0.678897705,2.812347716,379.42,1.6764,-8.9,-8.8
n1c(NC2CCCC2)nnc2c1-c1c(CC2)ccc(=O)n1C,0.912937116,2.964349319,297.362,1.6904,-8.7,-8.3
C1(C(=C(C(N1)=O)c1cc(ncc1)NC1CCC1)c1ccc(F)cc1)=O,0.841806812,2.399366946,337.354,2.7523,-8.7,-8.4
C1(Nc2ccc3ccc(=O)n(C)c3c2)CCC(NC(c2cccs2)=O)CC1,0.723393164,2.361909986,381.501,3.7531,-9.3,-8.8
C(CCC)C(Nc1n[nH]c2ncc(cc12)-c1cccc(c1)Cl)=O,0.728523417,2.264705507,328.803,4.407,-8,-8
C1(=O)NC(=O)C(=C1c1cc(ncc1)NC1CCCC1)c1ccc(cc1)F,0.830425976,2.400630105,351.381,3.1424,-9,-8.5
c1cc(cc(C2=C(C(NC2=O)=O)c2ccccc2)c1)NC1CCCCC1,0.822909943,2.185799328,346.43,3.9984,-8.9,-8.8
C1(CCC(CC1)OC)NC(=O)c1cc(Nc2ccc(cc2)F)ccn1,0.869737952,2.177151236,343.402,3.6517,-8,-8.1
COc1ccc(C2=C(C(NC2=O)=O)c2ccc(F)cc2)cc1OC,0.876067301,2.068617879,327.311,2.4101,-7.9,-7.8
c12c(C(C(N1)=O)=C(c1ccc(cc1)F)OC)cnc(NC1CCCCC1)c2,0.619738441,2.652164423,367.424,4.4321,-9.3,-8.3
c1cc(ccc1C1C(NC(C=1c1ccc(OC)cc1)=O)=O)OC,0.880044342,1.947425217,309.321,2.271,-7.9,-8.2
c1(cccc(F)c1)C1C(NC(C=1c1ccnc(NC2CCCC2)c1)=O)=O,0.830425976,2.456118105,351.381,3.1424,-9.2,-8.8
c12ccnc(c2ccc(Br)c1)NCCCCCNC(=O)Nc1cccc(Cl)c1,0.3574763,2.189957972,461.791,6.0546,-7.7,-8
c1(C2=C(c3ccc(F)cc3)C(=O)NC2=O)ccnc(NC2CCOCC2)c1,0.81135624,2.535260281,367.38,2.3788,-9.1,-9
N(c1nc(cc(c1)C1=C(c2cc(NC3CC3)ncc2)C(=O)NC1=O)C1=CCCCC1)C1CCC1,0.530702498,3.059223008,455.562,4.5399,-10.2,-9.4
c1c(-n2c(-c3ccnc(c3)Nc3ccccc3)n[nH]c2=O)cccc1,0.601792177,2.134900716,329.363,3.3662,-8.9,-8.4
c1cccc2cc(nn21)C(Nc1ccc(cc1)C1=CCCCC1)=O,0.770385347,2.380930962,317.392,4.544,-8.6,-8.6
Fc1c(cc(C=C2C(NC(S2)=Nc2ccccc2)=O)cc1)F,0.854956653,2.682264017,316.332,3.8564,-8.1,-8
c1nc(cc(c1)-c1c[nH]c(=O)nc1)Nc1nccc(c1)NC1CCOCC1,0.638871939,2.771338846,364.409,2.5614,-8.7,-8.3
c12c(ccc(c2)-n2c(=O)ccc(c2)C(N)=O)cnc(NC2CCOCC2)n1,0.724013106,2.640318861,365.393,1.4705,-9.2,-8.5
C1(C(NC(C=1c1ccc(cc1)F)=O)=O)c1ccnc(NC2CCCC2)c1,0.830425976,2.400630105,351.381,3.1424,-9.1,-8.5
COc1ccc(cc1)C1=C(C(NC1=O)=O)c1cccc(C(N)=O)c1,0.830382419,2.107548303,322.32,1.3613,-8.9,-8.2
C1(c2ccc(cc2)Cl)=C(C(=O)NC1=O)c1cc(NC2CCCCC2)ncc1,0.783688512,2.402686909,381.863,4.0468,-9.3,-9.1
c1nc2ccc(cc2cc1C1C(NC(=O)C=1c1ccc(OC)c(Cl)c1)=O)F,0.702630208,2.432689525,382.778,3.6031,-9.2,-8.4
O1CCOCCC1CCNC(c1c(ccc(c1)N=C1CCN(CC1)C(C)C)F)=O,0.788628971,3.265357798,405.514,3.3278,-8.1,-7.5
O=C1C(c2cc(ncc2)NC2CCC(CC2)O)=C(c2cc3c(cc2)OCO3)C(N1)=O,0.665960533,2.731246977,407.426,2.0929,-10.1,-9.5
c1cc(cc(c1)C1(C(=O)NC(=O)CS1)C)NC1CCCC1,0.842971764,3.18601823,304.415,2.6459,-7.8,-8.5
n1c(C(N)=O)c(-c2cc3c(OCO3)cc2)[nH]c1,0.803072023,2.529530946,231.211,0.9043,-7.5,-7
c1c(-n2c(-c3ccnc(c3)NC3CCC3)n[nH]c2=O)ccc(Cl)c1,0.763497563,2.36815053,341.802,3.2404,-8.4,-7.9
c1(nccc(-c2cc(ncc2)NC2COCCC2)c1)NC1CCOCC1,0.858422518,3.031838478,354.454,3.3254,-8.3,-7.8
c1(CC2COCC2)ccc(Nc2nccc3c2cc(cc3)Cl)cc1,0.708588603,2.639718107,338.838,5.2108,-8.4,-8.8
N(C(c1ccnc(-n2c3c(ccc(c3)F)cc2)c1)=O)C1CC(C(OCC)CO1)O,0.688268637,3.847444928,399.422,2.4068,-9.3,-8.6
c1c2c3C(=O)NCc3c(cc2cc(c1OC)OC)OC,0.930195084,2.442917993,273.288,2.109,-7.2,-7.8
c1cc(C(=O)N)ccc1NC(C1CCN(CC1)C(=O)C)=O,0.868455003,1.744760066,289.335,0.9825,-7.5,-7.8
O=C1C(c2ccccc2)=C(C(=O)N1)Nc1cc(F)ccc1,0.849288888,2.09053362,282.274,2.3053,-7.9,-8
O=C1NC(=O)C(c2ccc(cc2)OC)=C1c1cccc(NC2CCOCC2)n1,0.774833116,2.53925028,379.416,2.2483,-8.9,-8.9
c1c(cc(nc1)NC1CCOCC1)-c1cnc(Nc2ccccc2)nc1,0.729837423,2.316870318,347.422,3.8731,-8.5,-8.5
c1cnc(NC2CCOCC2)cc1-c1ccnc(Nc2cc(ncc2)NC2CCOCC2)c1,0.489727492,2.787531954,446.555,4.464,-9.9,-8.3
C1CC1C(=O)Nc1nccc(C2C(NC(C=2c2ccc(c(Cl)c2)Cl)=O)=O)c1,0.768650722,2.451649039,402.237,3.3041,-9,-8.8
c1ccc(cc1)-c1cc2c(n[nH]c2nn1)NC(CCC)=O,0.76984132,2.344481956,281.319,2.7585,-8,-7.9
c12cc(C3C(NC(C=3c3cc(ccc3)OC)=O)=O)ccc2cccc1,0.749263482,2.088885852,329.355,3.4156,-8.7,-8.9
c1c(C2=C(C(NC2=O)=O)c2cc(NC3COCCC3)ncc2)ccc(c1)F,0.81135624,2.998130808,367.38,2.3788,-9.2,-8.3
c1c(C2C(=O)NC(C=2c2ccnc(c2)NC2CCOCC2)=O)cc(cc1)F,0.81135624,2.588614128,367.38,2.3788,-9.1,-9
C1C(Nc2nccc(c2)C2C(=O)NC(C=2c2ccc(cc2)Cl)=O)CCOC1,0.793382813,2.530676849,383.835,2.8931,-8.7,-8.9
O=C1NC(C(c2c(cccc2)F)=C1c1cc(NC2CCCCC2)ncc1)=O,0.813387824,2.442153772,365.408,3.5325,-9.3,-8.5
c1ccc(cc1)C1=C(C(NC1=O)=O)c1cc(NC2CCCCC2)ncc1,0.831840219,2.344705805,347.418,3.3934,-9.1,-8.7
C1N(CCC(C1)C(O)=O)c1ccc(cc1)C1=C(c2ccc(F)cc2)C(NC1=O)=O,0.779026401,2.262625897,394.402,2.6939,-8.9,-9.3
c1cc2c(ccc(c2)F)nc1NCCCCC,0.788702276,1.892370506,232.302,3.976,-6.7,-7.1
O=C1C(=C(C(=O)N1)c1cc(C)ccc1)c1ccnc(n1)NC1CCOCC1,0.805682083,2.634760873,364.405,1.94312,-8.8,-8.8
c1(NC(=O)NC2CCOCC2)cc(C2C(NC(=O)C=2c2ccc(cc2)F)=O)ccn1,0.669011351,2.56905346,410.405,2.0884,-9.5,-9.6
C1Cc2cc(ccc2N1C(C)=O)-c1cccc(C(NC2CCOCC2)=O)c1,0.910058062,2.191634246,364.445,3.1714,-9.5,-8.9
c12c(nc3C(=O)NCCc3c2)[nH]nc1-c1ccc(F)cc1,0.717307298,2.640539963,282.278,2.0499,-9.4,-8.5
c1cc(C2=C(C(=O)NC2=O)c2ccc(C#N)cc2)cc2cccnc21,0.734357403,2.320676236,325.327,2.67368,-9.2,-9.7
c1c(F)cnc(c1)NC1C(NC(C=1c1ccc(cc1)F)=O)=O,0.848678446,2.422637253,301.252,1.8394,-7.9,-7.9
c12n(c(NC3CCC(N)CC3)nc2c(-c2ccc(Cl)cc2)ccn1)C(C)C,0.663625407,2.621150537,383.927,5.0144,-8.6,-7.8
c1(NC2=C(C(=O)NC2=O)c2ccco2)cc(ccc1)C1CCOCC1,0.83790039,2.655702237,338.363,2.6532,-8.6,-8.3
n1c(NC2CCCC2)ccc2c1n(nc2)-c1cccc(CO)c1,0.776281737,2.338772126,308.385,3.2673,-8.4,-8.2
c1(cccc(C2=C(c3ccc(F)cc3)C(NC2=O)=O)c1)C(=O)N,0.841772581,2.132760446,310.284,1.4918,-9,-8.3
C(C)CCNC1=C(c2ccc(cc2)O)C(=O)NC1=O,0.547919865,2.35095083,260.293,1.1494,-6.5,-6.9
c1(cnc2[nH]nc(NC(=O)CCC)c2c1)-c1cc(F)ccc1,0.774075026,2.288402478,298.321,3.5026,-8.3,-7.8
c1cc(ccc1C)C1=C(C(NC1=O)=O)c1cc(ncc1)NC1CCOCC1,0.816294316,2.518153181,363.417,2.54812,-9,-8.9
c1ccc2c(c1)cc(Nc1nccc(C(=O)N)c1)nc2,0.76107819,2.111474151,264.288,2.4723,-8.2,-8.1
N1c2ccccc2C(=CC1=O)c1cc(ccc1)NC1CCN(C)CC1,0.768193078,2.162223417,333.435,3.7012,-9.5,-9
c1c2ccccc2ncc1-c1ccnc(NC(=O)C2CCOCC2)c1,0.794277043,2.195973481,333.391,3.6619,-9.3,-8.4
Clc1c(c(Cl)ccc1)C1C(=O)NC(C=1c1ccnc(NC2CCOCC2)c1)=O,0.742939941,2.675540429,418.28,3.5465,-8.6,-9
Fc1c(cnc(c1)-c1cc[nH]n1)C1=C(c2ccc(F)cc2)C(NC1=O)=O,0.708361361,2.991887494,352.3,2.3171,-8.9,-9
c1c(cc2ncnc(NC3CCCOC3)c2c1)-c1cccc(c1)CNC1COC1,0.672612697,2.978909137,390.487,3.3761,-8.9,-8.9
c1c(CN2CCOCC2)cc(NCCCO)c2cc(-c3ccc(CO)cc3)oc12,0.507682234,2.463514876,396.487,3.2186,-7.9,-7.8
c1(n2-c3ccccc3C(NCc3ccc(F)cc3)=CCc2nn1)C(N)=O,0.755992591,2.792535336,349.369,2.1921,-8.6,-7.8
c1(C2C(=O)NC(=O)C=2c2cc(NC3CCOCC3)ncc2)ccc(F)cc1,0.81135624,2.535260281,367.38,2.3788,-9.1,-8.9
C1C(COc2n[nH]c(=O)c(c2)C(=O)N)CC1,0.752871413,2.512152671,223.232,0.0477,-6.7,-6.3
c1c(C2C(=O)NC(C=2c2ccc(O)cc2)=O)ccnc1NC1CCC1,0.74601323,2.463839319,335.363,2.3188,-8.8,-8.3
C1CC(CCN1C)Nc1cc(Nc2cc(cc(Cl)c2)Cl)ncn1,0.870092995,2.404268444,352.269,4.0331,-7.7,-7.3
N1C(=O)C(=C(C1=O)c1ccc(Cl)cc1)c1ccnc(NC2CCCC2)c1,0.808919745,2.395863336,367.836,3.6567,-8.9,-8.8
c1(C2=C(C(NC2=O)=O)c2cccc(F)c2)cccc(OC)c1,0.885129722,2.097864548,297.285,2.4015,-8.1,-7.9
n1(C)cc(c2cc(NC3CCOCC3)ncc12)-c1cc(ncc1)NCC,0.734402331,2.75204872,351.454,3.658,-8.4,-8.1
c1c(ccc(F)c1)C1=C(c2ccnc(NC3CCOCC3)c2)C(=O)NC1=O,0.81135624,2.535260281,367.38,2.3788,-9.1,-9
c1(cncc(c1)-c1nc2c(c(n1C)=O)cccc2)NC1CCOCC1,0.796039493,2.390155767,336.395,2.5864,-8.7,-8.1
c1ccccc1C1=C(c2ccc(cc2)F)C(NC1=O)=O,0.849149505,1.914690694,267.259,2.3929,-7.9,-7.6
n1ccc(-c2cc(NC3CCC(CC3)Nc3ncccc3)ncc2)c(F)c1,0.698116988,2.45501827,363.44,4.5129,-8.9,-8.7
c1ccc(cc1)-c1c2c(ncnc2[nH]n1)NC1CCCCC1,0.771229334,2.348052029,293.374,3.7645,-7.7,-8
C1Oc2cc(ccc2O1)C1C(=O)NC(=O)C=1c1ccc(F)cc1,0.862967411,2.235909703,311.268,2.1216,-8.4,-8.3
c1(ccccc1)C1=C(c2ccnc(NC3CCOCC3)c2)C(NC1=O)=O,0.827718733,2.476063902,349.39,2.2397,-8.7,-8.7
c1(F)ccc(C2=C(c3ccc(cc3)F)C(NC2=O)=O)cc1,0.861840499,1.960878592,285.249,2.532,-8.2,-7.6
c1(cnc(NC2CCCC2)nc1)C1C(=O)NC(C=1c1cccc(c1)F)=O,0.826373096,2.529356874,352.369,2.5374,-8.6,-8.1
C1(CCC1)c1nnc2[nH]nc(NC3CCCCC3)c2c1-c1cccc(NC2CCOCC2)n1,0.487756316,3.136901171,447.587,5.0179,-9.3,-9.3
N1C(C(c2ccc(cc2)F)=C(c2ccnc(c2)NC2CCCC2)C1=O)=O,0.830425976,2.400630105,351.381,3.1424,-9.1,-8.7
N1C(C(c2cc(ccc2)C2C(NC(C=2c2ccncc2)=O)=O)=C(c2cccc(OC)c2)C1=O)=O,0.575272002,2.669219633,451.438,2.2246,-10.1,-9.3
c1(cc(ccc1F)F)C1C(NC(C=1c1cc2c(cc1)ccc(F)c2)=O)=O,0.7121136,2.363965211,353.299,3.8243,-9.2,-9.3
c1(-c2nc(N3CCOCC3)ncc2)cc(ncc1)Nc1cc([nH]n1)-c1sccc1,0.524327124,2.682943967,405.487,3.5704,-9.8,-8.8
C(C)(Nc1ncc2ccc(-c3ccc(cc3)Cl)nc2n1)CC,0.767201318,2.689105549,312.804,4.5556,-8,-7.8
Fc1c(cc(cc1)-c1cc(NC(=O)C2CC2)ncc1)C(=O)N,0.908281513,2.068745047,299.305,2.3351,-8.2,-8.1
O=C(NCC1CCOCC1)CCc1c2cc(-c3ccc(cc3)F)sc2[nH]n1,0.673967558,2.780567637,387.48,3.9059,-8.3,-8.2
c1ccccc1-c1n[nH]c2ncc(cc21)-c1ccnc(c1)NC1CCOCC1,0.559999569,2.536319083,371.444,4.2778,-9.7,-9.8
c1(-c2cc(ncn2)NC2CCCCC2)nnc(C)c(c1)-c1ccc(F)cc1,0.721733807,2.461606585,363.44,4.79272,-9.6,-9.2
c1nc(ccc1C1=C(C(NC1=O)=O)c1ccc(c(c1)F)F)NC1CCCC1,0.811721282,2.504621666,369.371,3.2815,-9.4,-8.6
O1c2cc(Cl)c(C3C(=O)NC(C=3c3cc([nH]c3)-c3ccccc3)=O)cc2OC1,0.666867418,2.750874211,392.798,3.631,-9.6,-8.9
c1[nH]c2ncc(-c3cc(NC4CCOCC4)ncc3)cc2c1C#N,0.774452073,2.7209808,319.368,3.08748,-9,-8.4
c1c(C)c(F)cc(-c2cc(ncc2)NC(=O)C2CCC2)c1,0.927364408,1.953275172,284.334,3.93472,-8.2,-7.7
c1(C2C(NC(=O)C=2c2ccc(cc2)F)=O)ccnc(NC2CCOCC2)c1,0.81135624,2.535260281,367.38,2.3788,-9.1,-9
c12cc(-c3n[nH]c(c4c3cccc4F)=O)ccc2[nH]nc1NCCCN1CCOCC1,0.413462255,2.709691531,422.464,2.7397,-9.5,-8.3
n1c(cc([nH]1)C1C(NC(C=1c1cc(ccc1Cl)Cl)=O)=O)C(N)=O,0.724215163,2.717001311,351.149,1.3826,-8.2,-7.8
O=C(C1CC1)Nc1nccc(c1)C1=C(c2cc(F)c(F)cc2)C(NC1=O)=O,0.809651844,2.468484116,369.327,2.2755,-9.2,-8.7
C1CN(CC(O)CO)CCN1c1ncc2c(n(-c3ccccc3)c(=O)[nH]2)n1,0.559610383,2.915419565,370.413,-0.416,-8,-8.1
O1CCC(CC1)Nc1nccc(c1)-c1cc(NC(C)=O)ncc1,0.907526752,2.376562735,312.373,2.6929,-8.1,-8
c1(SC)[nH]c(c(c(-c2cccs2)n1)-c1ccnc(NC2CCOCC2)c1)=O,0.499853206,2.839860723,400.529,3.8732,-8.4,-7.6
C1C(NC(C(C)C)=O)CCC(Nc2ncc3ccc(n(c3n2)C(C)C)=O)C1,0.843561436,2.600628116,371.485,2.8677,-8.8,-8
c1ccc(Cl)cc1C1C(=O)NC(=O)C=1c1cc(NC2CCCCC2)ncc1,0.783688512,2.451789275,381.863,4.0468,-9.4,-9.1
c1cc(cnc1NC1CCOCC1)C1C(=O)NC(C=1c1cc(ccc1)Cl)=O,0.793382813,2.564711761,383.835,2.8931,-9.3,-9.6
c1(-c2cc(ncc2)Nc2ccc(cc2)F)n[nH]c(n1-c1ccc2ccccc2c1)=O,0.462556728,2.328382424,397.413,4.6585,-9.4,-9.2
c1(ccc(cc1)OC)C1=C(C(NC1=O)=O)c1c(F)cccc1Cl,0.879462426,2.161915254,331.73,3.0549,-7.8,-7.4
Fc1c(ccc(c1)C1=C(C(NC1=O)=O)c1ccnc(c1)NC1CCCC1)C,0.814399773,2.509158529,365.408,3.45082,-8.5,-9.2
C1(CC1)C(Nc1cc(-c2n(-c3ccc4ccccc4c3)c([nH]n2)=O)ccn1)=O,0.576392779,2.365486177,371.4,3.1243,-9.4,-9.4
Clc1cc(ccc1)C1=C(C(NC1=O)=O)c1cc(NC2CCOCC2)ncc1,0.793382813,2.579779216,383.835,2.8931,-9,-9.1
C1C(CCOC1)Nc1cc(ccn1)-c1cc(NC2CCOCC2)ncc1,0.858422518,2.568967951,354.454,3.3254,-8.6,-8.2
Fc1ccc(C2=C(c3ccnc(c3)NC3CCOCC3)C(NC2=O)=O)cc1,0.81135624,2.535260281,367.38,2.3788,-9,-9
Cn1c2cccnc2cc1-c1cc(ncc1)NC(=O)C,0.77520911,2.308812961,266.304,2.5937,-7.3,-7.2
CC(n1ccc2c1ncc(c2)C1C(=O)NC(C=1c1ccncc1)=O)C,0.74798235,2.781789914,332.363,2.5794,-8.3,-8.4
c1(cc(NC2CCOCC2)ncc1)C1C(=O)NC(=O)C=1c1ccc(cc1)F,0.81135624,2.535260281,367.38,2.3788,-9.1,-8.8
c12ccc(cc2c(n[nH]1)NC(CC)=O)-c1cccc(C)c1,0.763879359,2.075118236,279.343,3.88682,-8.6,-8.5
c1cnc(cc1)Nc1cc(C2=C(c3cccc(c3)F)C(NC2=O)=O)ccc1,0.699326077,2.299004068,359.36,3.5315,-9.4,-9
c1c(-c2cnc3c(n(C)c4ccccc43)c2)nc(nc1)NC1CCOCC1,0.603078203,2.542505193,359.433,3.7744,-9.2,-9.3
N1C(=O)C(=C(c2ccc(cc2)OC)C1=O)c1ccc(OC)cc1,0.880044342,1.947425217,309.321,2.271,-7.8,-8.1
O=C1C(=C(C(N1)=O)c1cc(ccc1)OC)c1cccc(c1)N,0.668337187,2.183369015,294.31,1.8446,-7.6,-8
C1(=O)C(c2ccc(cc2)Cl)=C(C(=O)N1)c1cc(ncc1)NC1CCCC1,0.808919745,2.395863336,367.836,3.6567,-8.9,-8.8
C1(c2c(Cl)cccc2)=C(c2cc(ncc2)NC2CCCCC2)C(NC1=O)=O,0.783688512,2.42273898,381.863,4.0468,-9.2,-9
C1CC(Nc2c3c([nH]n2)ncc(-c2ccnc(c2)Nc2ccccc2)c3)CCC1O,0.394259899,2.608124162,400.486,4.4789,-9.6,-8.8
Fc1ccc2c(c3Cn4c(-c3nc2c1)cc1cc(=O)nc(NCC2CCOCC2)c1c4)C,0.464407424,3.183273901,430.483,4.21102,-10,-9
C1COc2cc(C3=C(C(NC3=O)=O)c3ccc(cc3)Cl)ccc12,0.863825683,2.341213899,325.751,2.8421,-8.7,-7.9
c1c(Cl)cc2NC(CCCCCCNc3ccccn3)=NS(=O)(c2c1)=O,0.653739616,2.650850413,392.912,4.3103,-7.5,-7.6
C1CC(=C(C1)c1ccnc(NC2CCCCC2)c1)c1ccccc1,0.75643755,2.267692419,318.464,5.9209,-9,-8.3
c1ccc(c(c1)F)C1C(NC(C=1c1ccc(cc1)F)=O)=O,0.861840499,2.040773477,285.249,2.532,-8.2,-7.9
c1(C2C(NC(C=2c2cc(NC3CCOCC3)ncc2)=O)=O)ccc(F)cc1,0.81135624,2.535260281,367.38,2.3788,-9.1,-8.9
c1cccc2[nH]nc(c12)Nc1cccc(-c2cc(Nc3ccccc3)ncn2)c1,0.375917219,2.246180571,378.439,5.5071,-10.2,-9.4
O=C1C(=C(C(=O)N1)c1ccnc(NC2CCOCC2)c1)c1ccc(F)cc1,0.81135624,2.535260281,367.38,2.3788,-9,-9
n1ccc(cc1NC1CCC1)C1=C(c2cc(ncc2)NC2CCC2)C(=O)NC1=O,0.65759315,2.725025997,389.459,2.9726,-9.5,-8.1
c1cc(Nc2nccc(-c3n[nH]c(n3-c3cc4c(cc3)ccc(C)c4)=O)c2)ccc1,0.45863746,2.370421236,393.45,4.82782,-9.5,-9.4
COc1cc(cc(OC)c1OC)C1=C(C(NC1=O)=O)c1cc(OC)ccc1,0.786936245,2.248544423,369.373,2.2882,-7.6,-7.5
c1(ccccc1)CNc1cc(C2=C(C(NC2=O)=O)c2cccc(OC)c2)ccn1,0.636833798,2.288144592,385.423,3.2695,-9.3,-8.7
c1cc(F)ccc1C1=C(C(NC1=O)=O)c1cn(c2c1cccc2)CCC,0.730104695,2.276243419,348.377,3.7576,-8.6,-8
N(c1cc(C2C(NC(=O)C=2c2cc(NC3CCC3)ncc2)=O)ccn1)C,0.715187041,2.702371901,349.394,2.0499,-8.6,-8.2
c1nc(cc(-c2cc(NC(=O)CCCOC)ncc2)c1)Nc1ccccc1,0.585905735,2.139091103,362.433,4.2523,-8.6,-7.4
c1(CC2C(NC(=O)C=2c2ccnc(NC3CNC3)c2)=O)ccccc1,0.713886237,2.675682005,334.379,1.118,-8.1,-8.5
Fc1cc(cc(C2C(NC(C=2c2ccnc(NC(C3CC3)=O)c2)=O)=O)c1)F,0.809651844,2.542009039,369.327,2.2755,-9.1,-8.6
c1c2c(c(NC(CCC)COC)ncn2)cc(-c2ccccc2)c1F,0.679772384,2.746729307,339.414,4.6629,-7.3,-7.4
c1cccc2c1cc(cc2CCC)C1=C(c2ccnc(NC3CCOCC3)c2)C(=O)NC=C1,0.398390239,2.718541759,439.559,5.8005,-9.9,-9.6
c1ccc(Cl)cc1NC1C(NC(=O)C=1c1ccc(cc1)OC)=O,0.846909254,2.124408885,328.755,2.8282,-7.8,-8
n1c(cc(c(c1)-c1cccc(n1)NC1CCOCC1)OC)C1CCOCC1,0.868048067,2.713759616,369.465,3.6371,-8.2,-8.5
c1c(n[nH]c1-c1ccnc(Nc2ccc(cc2)F)c1)C(=O)NC1CCOCC1,0.630929494,2.457813924,381.411,3.2632,-8.9,-8.6
C1N(CCOC1)c1cc(ncc1)Nc1nccc(c1)-c1ccc(nc1)O,0.74915241,2.608711807,349.394,2.8244,-9,-8.5
C(CC(=O)NC1CCN(CC1)C1c2c(cccc2F)CC1)C(N)=O,0.860368814,2.858964382,333.407,1.6591,-7.9,-7.6
c1nccc(c1-c1ccc2[nH]nc(NC(CCCN3CCOCC3)=O)c2c1)N,0.605156745,2.529749759,380.452,2.258,-8.7,-8.5
C(N)(c1c(cc(cc1)C1=C(c2c3ccccc3n(c2)C)C(NC1=O)=O)O)=O,0.614081293,2.497909962,361.357,1.55,-8.7,-8.6
c1ccc(c(C2=C(Nc3ccc4OCOc4c3)C(=O)NC2=O)c1)F,0.844244619,2.376287653,326.283,2.034,-8.8,-8.2
O=C1NC(=O)C(c2ccc(cc2)Cl)=C1c1cn(c2ccccc21)C,0.72915021,2.217076243,336.778,3.3989,-8,-8.4
c1c(C2=C(c3ccnc(NC4CCCC4)n3)C(=O)NC2=O)cc(c(c1)Cl)Cl,0.760969966,2.572207081,403.269,3.7051,-9.2,-8.5
C1NC(C(=C1c1cccc(C(N)=O)c1)c1ccc(cc1)F)=O,0.908560227,2.309782166,296.301,1.9652,-8.8,-8.2
c1c(Cl)ccc(C2=C(C(=O)NC2=O)Nc2ccccc2)c1,0.856775357,2.030095159,298.729,2.8196,-7.7,-7.9
c1cc(cc(n1)NC(=O)CCC)C1C(NC(C=1c1ccc(Cl)cc1)=O)=O,0.792725446,2.346913578,369.808,3.0408,-8.4,-9.2
c1(NC2CCC(N)CC2)nccc(n1)C1=C(C(NC1=O)=O)c1cc(ccc1)F,0.697634754,2.699788506,381.411,1.8647,-9,-8.4
c1c(ccc(F)c1Cl)-n1c([nH]nc1-c1cc(NC2CCOCC2)ncc1)=O,0.716131524,2.631427145,389.818,3.006,-8.9,-8.9
c1cc(ccc1C1=C(C(NC1=O)=O)Nc1ccc(cc1)Cl)Cl,0.845852495,2.089844945,333.174,3.473,-8,-8
c1c2c(cc(cc2)C2C(NC(C=2c2ccccc2)=O)=O)ccc1,0.737112938,1.977663309,299.329,3.407,-8.6,-8.6
c1(ccc(cc1)F)C1C(=O)NC(C=1c1ccnc(NC2CCOCC2)c1)=O,0.81135624,2.535260281,367.38,2.3788,-9,-9
c1(nccc(-c2n[nH]c(=O)n2-c2cc3c(cc2)cccc3F)c1)NC1CCOCC1,0.542845109,2.665555152,405.433,3.5058,-9.6,-9.7
c1(c(cccc1)OC)C1C(NC(=O)C=1c1cc(NC2CCCC2)ncc1)=O,0.798456144,2.407050222,363.417,3.0119,-9,-8.1
N(C1CCC(CC1)O)C1=C(c2cc(NC3COCC3)ncc2)C(NC1=O)=O,0.558258618,3.390873411,372.425,0.543,-8.6,-8.3
c1c(Nc2nccc(C3C(=O)NC(=O)C=3c3ccc(F)cc3)c2)cccc1Cl,0.652051183,2.334646391,393.805,4.1849,-9.6,-9.2
c12ccnc(c1ncn2C(C)C)NC1CCC(OC(=O)NC(C)C)CC1,0.846840499,2.775144769,359.474,3.8699,-8.2,-7.4
C1(NC(C(=C1c1cc(Nc2ccc(c(Cl)c2)F)ncc1)c1cccc(Cl)c1)=O)=O,0.583974782,2.449292314,428.25,4.8383,-10.1,-8.9
c1cc(ccc1)C1=C(C(=O)NC1=O)c1cc(ccc1)NC1CCOCC1,0.834027365,2.317157425,348.402,2.8447,-9,-8.5
C1COCCC1Nc1nccc(c1)C1=C(c2cc(F)c(cc2)F)C(=O)NC1=O,0.790955113,2.648808699,385.37,2.5179,-9.5,-9
N(Cc1cc(ccc1)OC)c1c2c(NC(CC2)=O)nc(NC2CCCC2)n1,0.725734873,2.514453323,367.453,3.3365,-9,-9
O=C1C(=C(c2ccc(F)cc2)C(N1)=O)Nc1ccc(cc1)F,0.856067072,2.101377451,300.264,2.4444,-8.1,-7.9
c1(n[nH]c2ncc(cc12)-c1ccccc1)NC(CCC)=O,0.769418044,2.158598475,280.331,3.3635,-8.1,-7.7
O=C1NC(=O)C(=C1c1ccnc(Nc2ccc(cc2)Cl)c1)c1ccncc1,0.681286119,2.39495969,376.803,3.4408,-9.6,-8.8
C(C1CCCO1)(=O)Nc1cc(C2C(=O)NC(=O)C=2c2ccc(F)cc2)ccn1,0.788800505,2.954519654,381.363,1.9054,-9.2,-8.7
CCCC(=O)Nc1nccc(c1)C1=C(c2ccc(C#N)cc2)C(NC1=O)=O,0.794450407,2.478578593,360.373,2.25908,-9,-9
c1cc(cc(c1)C1C(=O)NC(=O)C=1c1cn(C)c2c1cccc2F)Cl,0.715592679,2.505608819,354.768,3.538,-8.6,-8.7
C1(c2cc(ncc2)NC2CCOCC2)=C(c2ccc(cc2)F)C(NC1=O)=O,0.81135624,2.535260281,367.38,2.3788,-9,-9
C1CC1C(=O)Nc1nccc(C2C(=O)NC(C=2c2cccc(c2)Cl)=O)c1,0.813018404,2.392941607,367.792,2.6507,-9,-8.6
c1(ccnc(NC2CCCC2)c1)C1C(=O)NC(=O)C=1c1ccc(OC)c(Cl)c1,0.752328274,2.49763466,397.862,3.6653,-9.7,-8.8
c1(C2C(NC(C=2c2ccnc(NC3CC3)c2)=O)=O)cc(F)ccc1,0.847539882,2.447761311,323.327,2.3622,-8.4,-8
C1(C(=O)NC(=O)C=1c1cccc(NC2CCCC2)n1)c1ccc(cc1)Cl,0.808919745,2.427451028,367.836,3.6567,-8.5,-8.9
c1(NC2C(=O)NC(C=2c2ccccc2)=O)nccc(C2CCCC=2)c1,0.844560709,2.643889382,331.375,3.1285,-8.8,-8.5
c1(c(cccc1)C=C1C(NC(=NCc2ccccc2)S1)=O)F,0.880131736,2.632041626,312.369,3.5858,-8.3,-7.8
N1C(=O)C(c2ccnc(c2)NC2CCOCC2)=C(c2cc(ccc2)Cl)C1=O,0.793382813,2.579779216,383.835,2.8931,-9.1,-8.7
C1CC(CCC1)Nc1ccc(cn1)C1=C(c2ccc(cc2)Cl)C(=O)NC1=O,0.783688512,2.387619453,381.863,4.0468,-9,-8.3
c1([nH]c(C2C(=O)NC(C=2c2ccc(Cl)cc2)=O)nn1)-c1ccc(s1)Br,0.616295087,2.927648419,435.69,3.5163,-9.2,-8.6
c1c2c(n(C(C)C)cc2C2C(=O)NC(=O)C=2c2ccc(cc2)F)ccc1,0.729347377,2.358330016,348.377,3.9285,-9,-8.2
c1(C2C(=O)NC(C=2c2ccc(cc2)F)=O)ccnc(c1)NCCO,0.717770142,2.422109275,327.315,1.1921,-8.1,-7.9
c1c(ccc(C2=C(C(=O)NC2=O)c2ccc(cc2)F)c1)F,0.861840499,1.960878592,285.249,2.532,-8.2,-7.6
C(C)CC(Nc1cc(C2C(NC(=O)C=2c2ccccc2)=O)ccn1)=O,0.821322072,2.28649934,335.363,2.3874,-8.4,-8.5
c1c(cc2c(n[nH]c2c1)NC(=O)C)-c1cc(ncc1)NC(C1CC1)=O,0.682278358,2.349526642,335.367,2.9318,-9,-8.6
O=C1C(Nc2cc(-c3sc(-c4ccc(cc4)F)nn3)ccn2)=CC(=O)N1,0.687366717,2.770693489,367.365,2.3584,-9.1,-8.9
c1cc(Cl)ccc1C1=C(C(=O)NC1=O)c1ccnc(Nc2ccc(OC)cc2)c1,0.625681912,2.275776692,405.841,4.0544,-9,-8.3
c1nc(Nc2cccc(F)c2)cc(C2C(=O)NC(C=2c2ccc(cc2)F)=O)c1,0.680884678,2.342131968,377.35,3.6706,-9.9,-9.2
n1(nc(-c2cc(NC3CCCC3)ncc2)cc1-c1ccccc1OC)C,0.736819778,2.314105805,348.45,4.5122,-8.9,-8.3
O=C1NC(=O)C(c2cc(ncc2)NC2CCC2)=C1c1cccc(c1)C#N,0.831053983,2.573572733,344.374,2.48488,-9.4,-8.7
c1(cc(ncc1)NC1CCC(NC(NC2CCOCC2)=O)CC1)-c1cccc(c1)Cl,0.649939612,2.424858648,428.964,4.6033,-9.7,-9.2
n1c(nc(cc1)C1CCC(NC(=O)C)CC1)Nc1ccccc1,0.908214449,2.165886271,310.401,3.3825,-8.3,-8.3
n1c(ccc(C2=C(c3ccncc3)C(NC2=O)=O)c1)NC1CCCC1,0.838947428,2.504536378,334.379,2.3983,-8.2,-8.3
C1CCC1C(Nc1cc(C2=C(c3ccnc(c3)NC3CCCCC3)C(NC2=O)=O)ccn1)=O,0.586536754,2.702351977,445.523,3.527,-10.4,-9.2
c1cc(F)ccc1C1=C(c2ccnc(c2)Nc2cc(N3CCOCC3)ccc2)C(=O)NC1=O,0.587477591,2.511153065,444.466,3.3681,-9.5,-9.2
C1(C(=C(C(N1)=O)c1ccnc(NCCCO)c1)c1ccc(cc1)Cl)=O,0.543702075,2.430817217,357.797,2.0965,-8.1,-7.5
c1(=O)[nH]nc(c(=O)n1-c1ccc2ccccc2c1)-c1cc(ncc1)NC1CCOCC1,0.531443283,2.614938192,415.453,2.7269,-10.3,-9.6
c1(ccc(F)cc1C1=C(C(NC1=O)=O)c1c(cccc1F)F)F,0.682837257,2.414234278,321.229,2.8102,-7.9,-8.2
c1c2cnn(c(=O)c2cc(c1)Cl)-c1cc2c(cccc2)cc1,0.528258439,1.96508754,306.752,4.1923,-8.9,-8.7
c1nc(NC2CCCC2)cc(C2C(NC(=O)C=2c2ccc(F)cc2)=O)c1,0.830425976,2.400630105,351.381,3.1424,-9,-8.7
c1(C2C(NC(C=2c2ccc3OCOc3c2)=O)=O)ccnc(NC2CCCCC2)c1,0.778711945,2.591236686,391.427,3.1221,-10.1,-9.4
C1(=C(c2ccc(F)cc2F)C(NC1=O)=O)c1ccc(F)c(c1)F,0.682837257,2.291188125,321.229,2.8102,-8.7,-8.2
c1cc(-c2cc(ncc2)NC2CCOC2)cc(n1)Nc1ccccc1,0.73685942,2.723379538,332.407,4.088,-8.3,-8.2
c1(cc(ccc1)-c1n[nH]c(n1-c1cc2ccccc2cc1)=O)F,0.615811908,2.090166409,305.312,3.5199,-8.8,-8.3
O(C)c1cc(C2C(=O)NC(C=2c2cccnc2)=O)cc(OC)c1OC,0.833474762,2.344336731,340.335,1.6746,-7.6,-7.4
c1(ccccc1)-c1ccc2c(c1)c(n[nH]2)NC(CCC)=O,0.758874824,1.967183343,279.343,3.9685,-8.3,-7.9
c1cccc(c1)Nc1cc(-c2cc(ncc2)NC(C2CC2)=O)ccn1,0.73426779,2.063729845,330.391,4.2357,-8.4,-8.1
N(c1n[nH]c2ccc(NC3CCCCC3)cc12)C1CCOCC1,0.800775664,2.452281579,314.433,3.8984,-8.3,-8.7
N1C(=O)C(c2ccccc2Cl)=C(c2ccc(cc2)F)C1=O,0.866674616,2.015106463,301.704,3.0463,-7.6,-7.8
C1C(Nc2nccc(-c3nc4cccc(c4[nH]3)OC)c2)CCCC1,0.748106023,2.367862923,322.412,4.3781,-8.5,-8
c1c(cc(-c2cnc3[nH]c(NC(C4CC4)=O)nc3c2)cc1)OC,0.776243376,2.283825787,308.341,2.982,-8.1,-7.9
c1ccc2ccccc2c1C1=C(C(NC1=O)=O)c1cc(ncc1)NC1CCOCC1,0.657610136,2.547197284,399.45,3.3929,-9.4,-8.9
c1(ccnc(NC2CCC(NC(=O)C3CC3)CC2)c1)-c1n[nH]c(=O)n1-c1cc2ccccc2cc1,0.396400748,2.632181484,468.561,4.0251,-9.9,-8.9
N1C(C(c2cc(ncc2)NC2CCCC2)=C(c2cc3ccccc3cc2)C1=O)=O,0.663980407,2.436778768,383.451,4.1565,-9.1,-9.9
C1(c2ccccc2)C(NC(C=1c1cc(NC2CCCCC2)ncc1)=O)=O,0.831840219,2.344705805,347.418,3.3934,-9,-8.3
O=C1C(=C(C(N1)=O)c1cc(NC2CCCC2)ncc1)c1ccc(Cl)cc1,0.808919745,2.395863336,367.836,3.6567,-8.8,-8.7
O=C1C(NC(=O)C)=C(C(N1)=O)c1cc(NC2CCCC2)ncc1Cl,0.717419102,2.740751518,348.79,1.5931,-8.3,-8
C1(=C(C(=O)NC1=O)Nc1cc(C2CC2)ncc1)c1ccc(cc1)Cl,0.839656971,2.540850225,339.782,3.092,-7.7,-8
c1(cccc(c1)C1C(NC(C=1c1cc(ccc1)OC)=O)=O)OC,0.880044342,2.066442495,309.321,2.271,-7.6,-7.9
c1c(-c2c(c(=O)n3c([nH]2)nnc3-c2ccnc(Nc3ccccc3)c2)O)cccc1,0.428382874,2.668214243,396.41,3.5958,-9.5,-9.3
c1c2cc(Cl)ccc2[nH]c1-c1nc(ncc1)Nc1cc(ncc1)NC1CCOCC1,0.420430896,2.683319668,420.904,5.0078,-9.3,-9.1
c12c(c(NC(=O)CCC)n[nH]1)cnc(-c1cccc(F)c1)c2,0.774075026,2.337409071,298.321,3.5026,-8.5,-7.6
c1c(-c2nn(C)c3c2c(ncn3)NC2CCC(N)CC2)ccc(c1)F,0.766074963,2.484516621,340.406,2.8512,-8.4,-8.6
C1CC1C(=O)Nc1nccc(c1)C1=C(c2cccc(c2)F)C(NC1=O)=O,0.826296828,2.40238165,351.337,2.1364,-9,-8.5
N(C1CCCCC1)c1cc(ccn1)C1C(NC(=O)C=1c1c(Cl)cccc1)=O,0.783688512,2.42273898,381.863,4.0468,-9.3,-9
O=C(c1cc(NC2CCOCC2)nc(C2CC2)n1)NCC1CCOCC1,0.808066531,2.699790421,360.458,2.1013,-8.2,-8.2
C(NC(=O)C)C1CCC(CC1)Nc1ncc2c(n1)n(C)c1ccccc21,0.75692361,2.399753182,351.454,3.2283,-8.9,-8.4
N1C(=O)C(c2c1ccc(Cl)c2)=C1C(NC(=S)NC1=O)=O,0.371547387,2.654727823,307.718,0.5766,-8.9,-8
c1cncc(C2C(NC(=O)C=2c2cc(ncc2)NC2CC2)=O)c1,0.838601488,2.532743969,306.325,1.6181,-8,-7.7
c1(n(-c2ccc3cccnc3c2)c(n[nH]1)-c1ccnc(NC2CCOCC2)c1)=O,0.5578996,2.674818947,388.431,2.7617,-9.2,-9.5
C1(C(c2cc(ncc2)NC(C2CCC(CC2)O)=O)=C(C(=O)N1)c1ccc(cc1)F)=O,0.671687427,2.536437472,409.417,2.2775,-9.9,-9.5
c1(NC2CCCCC2)cc(ccn1)-c1cc(ncc1)NC1CCOCC1,0.830761388,2.44097801,352.482,4.4791,-8.4,-8.2
c1c(-c2cnc3c(nc(nc3)NC3CCOCC3)n2)nn(C)c1,0.781682874,2.844751311,311.349,1.4112,-8,-7.7
O=C1NC(=O)C(c2ccc(cc2)F)C1=Cc1ccc(cc1)OC,0.700183904,2.734769708,311.312,2.6579,-8.4,-8
N(c1nccc(C2C(NC(C=2c2ccc(F)cc2)=O)=O)c1)C(C)C,0.847843609,2.42057471,325.343,2.6082,-8.2,-7.8
O=C1NC(=O)C(c2ccc(cc2)OC)=C1c1ccnc(c1)NC1CCOCC1,0.774833116,2.510002416,379.416,2.2483,-9.2,-8.9
C1OCCC(C1)NC(c1cc(-c2c(F)cccc2)nc(c1)Nc1ccc(F)cc1)=O,0.642410054,2.254361566,409.436,4.6792,-10,-8.7
c1nc(NC2CCOCC2)ncc1C1=C(c2cccc3ccccc23)C(NC1=O)=O,0.654452722,2.60961669,400.438,2.7879,-9.7,-8.8
NC(=O)c1cc(C2=C(c3ccnc(c3)NC3CCOCC3)C(NC2=O)=O)ccc1,0.659982577,2.636238786,392.415,1.3386,-9.5,-8.9
c1c(NC2C(=O)NC(C=2c2cc(OC)c(c(OC)c2)OC)=O)ccc(c1)F,0.757318697,2.306936423,372.352,2.3311,-7.7,-7.6
N(c1nccc(c1)C1=C(C(NC1=O)=O)c1ccc(F)cc1)C1CCOCC1,0.81135624,2.535260281,367.38,2.3788,-9.1,-8.9
Cc1ccc(cc1)C1=C(c2cc(NC(CCN(C)C)=O)ncc2)C(=O)NC1=O,0.74879959,2.44205429,378.432,1.84742,-8.3,-8.5
n1c(NC2CCCCC2)cc(C2C(=O)NC(C=2c2ccc(Cl)c(Cl)c2)=O)cc1,0.709262742,2.508235622,416.308,4.7002,-9.5,-9.4
c1c2c(OCO2)cc(c1)-c1cc2c([nH]nc2NC(CCC)=O)cc1,0.767401988,2.266979178,323.352,3.6972,-8.9,-8.3
O=C1C(c2ccccc2Cl)=C(c2cc(ncc2)NC2CC(OC(C2)C)C)C(N1)=O,0.750132148,3.414123432,411.889,3.6701,-9.7,-9.2
c1(ccccc1)C1=C(C(=O)NC1=O)c1cc(ncc1)NCc1cccc(F)c1,0.672726619,2.298600707,373.387,3.4,-8.9,-8.8
C(c1c(-c2ccc(O)cc2)n[nH]c1C(N)=O)#N,0.702751442,2.53616249,228.211,0.75288,-6.9,-7.2
c1(ccc(cc1)F)Nc1cc(C2=C(C(=O)NC2=O)c2ccc(cc2)F)ccn1,0.680884678,2.293940429,377.35,3.6706,-9.8,-8.8
N(c1ccc(C2C(=O)NC(C=2c2ccnc(c2)NC2CCOCC2)=O)cc1)C(C=C)=O,0.490868737,2.719288665,418.453,2.3642,-9.4,-8.7
C#Cc1cc(ncc1)NC1C(=O)NC(C=1c1cc(ccc1)OC)=O,0.660081496,2.688444116,319.32,1.5511,-8.2,-8.2
c1cc(cc(n1)NC1CCCC1)-c1cc(ncc1)Nc1cc(ccc1)Br,0.54242322,2.276042676,409.331,6.0042,-8.2,-7.9
c1c(n[nH]c1-c1ccc2C(=O)NCCc2c1)C(=O)NCC1CCOCC1,0.775556498,2.663897911,354.41,1.519,-9.2,-8.6
c1c2c(cc(C3=C(Nc4ccc(cc4)OC)C(=O)NC3=O)c1)cccc2,0.712620582,2.132524259,344.37,3.328,-8.8,-8.8
c1ncc(-c2cc(ncc2)NC(=O)C2CC2)cc1C1CCCCC1,0.899175601,2.258052364,321.424,4.5398,-8.8,-8.4
c1cc(Nc2nc(nc(c2)NC2CCOCC2)C2CC(CCC2)OC)ccc1Cl,0.679286404,3.344493627,416.953,5.1371,-9,-8.3
c1(c(cccc1)NC(C(C)C)=O)C1C(NC(=O)C=1c1ccccc1)=O,0.844383411,2.130840907,334.375,2.8483,-8.6,-8.8
c1cnc(cc1C1=C(c2cc(NC3CCOCC3)ncc2)C(NC1=O)=O)NC,0.678897705,2.812347716,379.42,1.6764,-9,-8.8
CCc1cc(n(C)c(=O)c1)-c1ccnc(c1)NC1CCC(OC)CC1,0.905701208,2.646825017,341.455,3.3792,-8.1,-8.1
c1c(cccn1)-n1c([nH]nc1-c1cc(ncc1)Nc1ccccc1)=O,0.600509387,2.338701132,330.351,2.7612,-8.7,-8.4
c12c(nccc2OCC2CCOCC2)cc(C(=O)NCC)cc1,0.921679103,2.20452324,314.385,2.7899,-7.7,-7.1
c1c(NC2=C(C(NC2=O)=O)c2cccc(F)c2F)ccc(c1)Cl,0.848024564,2.329390975,334.709,3.0978,-8.3,-8.1
c1c(-c2cc(ncc2)Nc2ccccc2)cc(nc1)NC1CCOCC1,0.71327816,2.26949872,346.434,4.4781,-8.4,-7.5
Fc1ccc(cc1-c1cc2c(n[nH]c2cn1)NC(CCC)=O)F,0.771711686,2.44642356,316.311,3.6417,-8.2,-8
n1(c(=O)[nH]nc1-c1cnc(NC2CCCCC2)cc1)-c1c(OC)cccc1,0.724008381,2.360424501,365.437,3.3758,-8.6,-8
n1c(NC2CCOCC2)ccc(c1)C1C(NC(C=1c1ccc(cc1)Cl)=O)=O,0.793382813,2.515609394,383.835,2.8931,-8.8,-8.3
c1cc(NC2CCOCC2)ccc1C1=C(C(NC1=O)=O)c1cc(OC)ccc1,0.782722194,2.362793869,378.428,2.8533,-9.2,-8.6
c1(ccc(cc1)C1=C(c2ccc(cc2)O)C(NC1=O)=O)F,0.829409392,2.072241795,283.258,2.0985,-7.9,-7.7
c1(cccc(c1)C1C(=O)NC(C=1Nc1cc(Cl)c(F)cc1)=O)N,0.595856562,2.384282321,331.734,2.5409,-8.8,-8.5
c12cnc(NC3CCCCC3)nc2[nH]nc1NC(=O)CC,0.802779146,2.525133406,288.355,2.446,-8.4,-7.4
CC(C)(C)c1ccc(C2=C(C(NC2=O)=O)c2ccnc(c2)NC2CCOCC2)cc1,0.760858819,2.628732675,405.498,3.5372,-9,-9.6
c1(-c2cc(NC3CCOCC3)ncc2)n[nH]c(n1-c1cc2c(cc1)cccc2)=O,0.560847365,2.543330396,387.443,3.3667,-9.5,-9.9
c1(NC2CCOCC2)nccc(C2C(NC(C=2c2ccc(cc2)F)=O)=O)c1,0.81135624,2.535260281,367.38,2.3788,-9.1,-9
c1(ccc(F)c(c1)OC)C1C(=O)NC(C=1c1ccc(C(=O)N)cc1)=O,0.824161995,2.228797056,340.31,1.5004,-8.9,-8.3
C1CN(CCN1C1=C(c2c(NC1=O)ccc(Cl)c2)c1ccc(cc1)F)C,0.74554059,2.217178346,371.843,3.7394,-8.6,-8.3
c1(Cl)cc(C2C(=O)NC(=O)C=2c2ccnc(NC3CCOCC3)c2)ccc1,0.793382813,2.579779216,383.835,2.8931,-9.1,-9
c1(C2C(NC(=O)C=2c2ccnc(c2)NC2CCOCC2)=O)ccc(cc1)F,0.81135624,2.535260281,367.38,2.3788,-9.1,-8.9
C1CC(CCC1Nc1cc(ccn1)C1=C(C(NC1=O)=O)c1cccc(c1)O)NC(=O)C,0.550696693,2.672095662,420.469,2.2136,-9.3,-8.7
c1cc(OC)ccc1C1C(=O)NC(=O)C=1c1cn(c2ccccc21)C,0.750397967,2.197917108,332.359,2.7541,-8.3,-8.4
c1c(ccnc1NC1CCN(CC1)C(=O)NCC)-c1ccc(cc1)F,0.894108031,2.146757005,342.418,3.4935,-8.4,-8.5
c1(NC2CCC2)nnc(s1)-c1cc2c(ccc(c2)F)oc1=O,0.749745188,2.445143137,317.345,3.415,-8.4,-8.3
c1cc(F)c(F)cc1C1=C(c2cc(NC3CCOCC3)ncc2)C(=O)NC1=O,0.790955113,2.648808699,385.37,2.5179,-9.4,-9.2
c1(ccc(cc1)CNC(C1CC1)=O)-c1ccc2c(CNC2=O)c1,0.912041813,2.076960053,306.365,2.6232,-8.7,-8
c1(-c2ccc(Cl)cc2)ccnc(NC2CCOCC2)c1,0.92703312,2.051452692,288.778,3.9929,-7.8,-7.8
c1([nH]nc(n1-c1ccc2c(nnc(c2NC2CCC(NC3CCOCC3)CC2)C)c1)-c1ccccc1)=O,0.368214328,2.955140064,499.619,3.97092,-9.7,-9.3
c1ccc(Cl)cc1C1=C(c2cc(NC3CCOCC3)ncc2)C(=O)NC1=O,0.793382813,2.579779216,383.835,2.8931,-9,-9
O=c1n(c(-c2ccc(C)c(Cl)c2)ccc1)CC(=O)Nc1ccc(F)cc1,0.745816659,2.023071007,370.811,4.25492,-9,-8.3
O=C(C1CC1)Nc1cc(ccn1)C1=C(c2ccc(cc2)F)C(NC1=O)=O,0.826296828,2.34537343,351.337,2.1364,-8.6,-8.5
c1cnc(c(-c2ccnc(Nc3ccc(F)cc3)c2)c1)NC1CCC1,0.689930838,2.203077158,334.398,4.9907,-8.5,-8
c1cc(F)cc2c1ccnc2NCCCCNc1ccnc2ccc(cc21)Cl,0.384154341,2.329259139,394.881,5.8797,-7.7,-7.4
OC(=O)c1cc(ccc1)-c1ccnc(NC2CCCCC2)c1,0.887643108,1.985192588,296.37,4.1914,-8.2,-8.2
c1nc(ccc1C1C(NC(C=1c1ccc(F)cc1)=O)=O)NC1CCOCC1,0.81135624,2.520192826,367.38,2.3788,-9,-8.6
FC(c1cc(ccc1)C1C(=O)NC(=O)C=1c1ccc(cc1)Cl)(F)F,0.833369843,2.184754482,351.711,3.926,-9.1,-8.3
C(NC1CCCC1)(c1n[nH]c2ccc(cc12)-n1c([nH]nc1-c1ccccc1)=O)=O,0.499397883,2.45436827,388.431,2.7763,-9.3,-8.9
CC(C)(C)n1c2ncc(-c3cnc(Nc4ccccc4)cc3)cc2cc1,0.527035761,2.457164874,342.446,5.5969,-8.6,-8.6
C(Nc1cc(C2C(NC(C=2c2cc(ncc2)NC2CCOCC2)=O)=O)ccn1)(C)C,0.631850074,2.857161331,407.474,2.455,-9.2,-8.6
C1(C(c2ccc(F)cc2)=C(c2c(OC)cccc2)C(=O)N1)=O,0.885129722,2.006151645,297.285,2.4015,-8.1,-7.8
c1nc(NC2CCC(O)CC2)cc(Nc2n[nH]c3c2cc(F)cc3)c1,0.582949772,2.572957242,341.39,3.556,-8.7,-8.4
c1c(-c2n(-c3cc4c(cc3)OCCCO4)c(nn2)S)c2c(nccc2)[nH]1,0.53328964,2.739922996,365.418,3.2606,-8.6,-8.7
O=C1C(=C(c2ccncc2)C(N1)=O)c1cc(NC(CC)=O)ncc1,0.828492103,2.483160632,322.324,1.3923,-8.3,-8.1
c1(C2C(=O)NC(=O)C=2c2cc(NC3CCC3)ncc2)cccc(c1)NC(=O)C1CC1,0.64528412,2.50382082,402.454,2.9617,-9.6,-8.1
COc1cc(C2C(=O)NC(=O)C=2c2ccc(cc2)OC)ccc1OC,0.846193564,2.050020907,339.347,2.2796,-8.1,-8.4
C1CC(Nc2cc(ncn2)-c2c(cccc2)C)CCC1O,0.908117343,2.237946016,283.375,3.16742,-8.3,-8.3
c1cccc(C2=C(C(NC2=O)=O)c2cc(ncc2)NC2CCOCC2)c1,0.827718733,2.476063902,349.39,2.2397,-8.9,-8.5
c1cc(-c2n[nH]c(n2-c2cc3ccc(F)cc3cc2)=O)cc(NC2CCOCC2)n1,0.542845109,2.63728697,405.433,3.5058,-9.3,-9.6
O1COc2c1ccc(C1C(NC(=O)C=1c1ccc(cc1)F)=O)c2,0.862967411,2.235909703,311.268,2.1216,-8.2,-8.4
c1(NC(CCCO)=O)cc(C2C(NC(C=2c2ccc(F)cc2)=O)=O)ccn1,0.668935202,2.428827176,369.352,1.4989,-8.6,-7.9
n1(C)c(cc(NC2CCOCC2)cc1=O)-c1ccnc(Nc2ccc(cc2)F)c1,0.686548688,2.574903383,394.45,3.9209,-9,-8.7
c1c(cccc1F)C1C(NC(C=1c1ccnc(NC2CCOCC2)c1)=O)=O,0.81135624,2.588614128,367.38,2.3788,-9.2,-8.9
O=C(C1CC1)Nc1nccc(c1)C1C(=O)NC(C=1c1cc(Cl)ccc1)=O,0.813018404,2.392941607,367.792,2.6507,-8.5,-7.8
c1c(cc(cc1)C1=C(C(NC1=O)=O)c1cccc(OC)c1)F,0.885129722,2.097864548,297.285,2.4015,-8.1,-7.9
C1CCc2cc(ccc12)-n1c(-c2ccnc(NC3CCOCC3)c2)n[nH]c1=O,0.730247591,2.681131919,377.448,2.7022,-9.2,-9.4
c12cc(NC(CCC)=O)ncc2OC2=Cc3ccccc3C2=C1,0.589831469,2.327315892,304.349,4.8244,-9.2,-8.2
O=C1C(c2cc(NC3CCCCC3)ncc2)=C(C(N1)=O)c1ccc(Cl)cc1,0.783688512,2.402686909,381.863,4.0468,-9.3,-9.1
c1(ccnc(NC2CCC2)c1)C1=C(c2cc(ccc2)Cl)C(NC1=O)=O,0.827499606,2.448275071,353.809,3.2666,-8.7,-8.5
O=C1C(=C(c2ccc(cc2)F)C(N1)=O)c1cc(NC2CCCC2)ncc1,0.830425976,2.400630105,351.381,3.1424,-9,-8.5
C1(c2cccc(C)c2)C(NC(=O)C=1c1ccnc(NC2CCOCC2)c1)=O,0.816294316,2.56692182,363.417,2.54812,-9.2,-9
c1cccc(C2=C(c3ccnc(n3)NC3CCCCC3)C(=O)NC2=O)c1,0.830242339,2.414330097,348.406,2.7884,-9.1,-8.6
c1c(NC(C2CC2)=O)nccc1C1C(NC(=O)C=1c1ccccc1)=O,0.837779569,2.279880489,333.347,1.9973,-8.5,-8.4
C1(C(=C(C(F)F)O)C(=NC=C1c1cccc(c1)C)c1ccccc1)=O,0.661754968,2.883244863,339.341,4.48512,-8.7,-8.5
N#Cc1c(SC2C(=O)NC(C=2c2ccc(cc2)OC)=O)nc2ccccc2n1,0.685139927,2.755166199,388.408,2.66988,-8.9,-8.6
c1cc(ccc1C1C(=O)NC(C=1c1cccc(C(N)=O)c1)=O)C(=O)N,0.699700775,2.204766955,335.319,0.4516,-9.5,-8.7
N(c1cc(ccn1)-c1ccnc(NC(=O)C2CC2)c1)c1ccccc1,0.73426779,2.063729845,330.391,4.2357,-8.6,-8.1
c1ccnc(NC2CCCCC2)c1C1C(NC(C=1c1ccc(cc1)Cl)=O)=O,0.783688512,2.394244305,381.863,4.0468,-9,-8.1
c1nc(NC2CC2)nc(C2CCCC=2)c1C(=O)N,0.844557562,2.678174702,244.298,1.7171,-6.7,-6.7
c1(Nc2cc(Cl)ccc2)nccc(C2C(=O)NC(=O)C=2c2ccccc2)c1,0.674840925,2.270021228,375.815,4.0458,-9.4,-8.8
n1c2cc(-c3cc(ncc3)Nc3ccc(F)cc3)ccc2[nH]n1,0.602152119,2.411621221,305.316,3.9026,-8.7,-8.6
N1(c2ccc(cc2)F)CCN(CC1)C(Cc1nccc2ccccc12)=O,0.728178194,2.021828072,349.409,3.2652,-9.2,-8.6
N(C(=O)C1CC1)c1cc(ccn1)C1C(=O)NC(C=1c1cccc(c1)F)=O,0.826296828,2.40238165,351.337,2.1364,-9.2,-8.1
c1ccc(C2=C(C(NC2=O)=O)c2[nH]c3c(c2)cc(Cl)cc3)cc1,0.710384468,2.324134878,322.751,3.3885,-8.5,-8.8
c1cc(F)ccc1Nc1cc(C2C(=O)NC(C=2c2ccncc2)=O)ccn1,0.699139203,2.399543122,360.348,2.9265,-9.6,-8.4
c1cc(ccc1-c1ccnc(NC(C2CCC(CC2)N)=O)c1)Cl,0.898085171,2.077360752,329.831,3.858,-8.6,-7.5
c1(C2C(NC(C=2c2ccc(-c3ccc(F)cc3)cc2)=O)=O)cc(ncc1)NC1CCCCC1,0.534152901,2.437475661,441.506,5.1995,-10.2,-10.4
C1(Nc2cc(ccn2)-c2ccc(F)cc2)=C(C(=O)NC1=O)c1ccc(Br)cc1,0.601503317,2.409445045,438.256,4.1298,-9.2,-9.1
C1(=C(C(NC1=O)=O)c1cc(NCc2ccccc2)ncc1)c1ccc(cc1)Cl,0.648792666,2.249585322,389.842,3.9143,-8.9,-8.8
n1c(nc(-c2cc(ncc2)Nc2ccccc2)n1C)NC1CCC(O)CC1,0.643540738,2.546529078,364.453,3.3361,-8.7,-8.6
c1(C(C)C)nc(C2C(=O)NC(C=2c2ccc(c(O)c2)O)=O)ccc1,0.593472422,2.618271266,324.336,2.1834,-8.4,-8.5
C1CCC1Nc1nccc(c1)C1=C(c2ccc(cc2)F)C(NC1=O)=O,0.841806812,2.399366946,337.354,2.7523,-8.8,-8.3
n1ccc(cc1NC(CC)C)C1C(=O)NC(C=1c1ccnc(c1)NC1CCCCC1)=O,0.587288114,3.188394329,419.529,3.9988,-9.6,-8.6
c1(C2C(NC(C=2c2cc(ncc2)NC2CCOCC2)=O)=O)cn(-c2ccccc2)nc1,0.621373984,2.743546138,415.453,2.4254,-9.9,-9.4
C1C(c2nccc(c2)C2C(=O)NC(C=2c2cc(F)ccc2)=O)NCC1,0.842688911,3.135792769,337.354,2.2124,-8.8,-8.3
c1c(-c2cnc3[nH]nc(NC(CCC)=O)c3c2)cc(NC2CC2)nc1,0.641513977,2.573285852,336.399,3.3328,-8.3,-7.8
C1(=C(C(NC1=O)=O)c1c(OC)ccc(c1)Br)c1cc(NC2CCOCC2)ncc1,0.670235946,2.665490871,458.312,3.0108,-8.8,-8.8
c1(F)ccc(cc1)C1=C(C(=O)NC1=O)c1ccnc(c1)NC1CCOCC1,0.81135624,2.535260281,367.38,2.3788,-9.1,-8.9
n1c2cc(F)c(-c3ccc(F)cc3)cc2c([nH]c1NC1CCCCC1)=O,0.72109232,2.362411028,355.388,4.6129,-9.7,-9.1
N1C(=O)C(=C(C1=O)c1ccccc1)c1cn(C)c2ccccc12,0.74005506,2.152761451,302.333,2.7455,-8.5,-8.8
c1c2c(ccc1F)cc(cn2)-c1n[nH]c(n1-c1ccc(F)cc1)=O,0.616249313,2.30221675,324.29,3.054,-8.6,-8.5
O=C1C(c2cccc(c2)F)=C(c2ccnc(c2)NC2CCC2)C(N1)=O,0.841806812,2.45798103,337.354,2.7523,-8.8,-8
c1cc(cc(NC2CCC(CC2)Oc2ccc(F)cc2)n1)C(=O)N,0.883373098,2.19504752,329.375,3.1217,-8.3,-8
c1c(-c2cc(NC3CCOCC3)ncc2)n[nH]c1C(=O)N,0.782134531,2.596320796,287.323,1.1615,-7.7,-7.4
C1(NC(C(=C1c1cc(ncc1)NC1CCOCC1)c1ccc(cc1)F)=O)=O,0.81135624,2.535260281,367.38,2.3788,-9,-9
c1(C2C(NC(C=2Nc2ccc(F)cc2)=O)=O)ccc(-c2ccccc2)cc1,0.693994857,2.058828329,358.372,3.9723,-8.9,-9.3
c1cc(cc(c1)C1C(NC(C=1c1ccccc1Cl)=O)=O)C(O)=O,0.848758736,2.111251311,327.723,2.6054,-8.4,-8
C(NC(=O)C)C1CCC(CC1)Nc1nccc(-c2cnc(c(Cl)c2)Nc2ccc(cc2)Cl)c1,0.366862556,2.497918616,484.431,6.3008,-9.4,-8.7
c1(-c2ccnc(NC3CCOCC3)c2)n[nH]c(n1-c1c2ccccc2ccc1)=O,0.560847365,2.531622345,387.443,3.3667,-9.3,-8.8
C1C(CCC(C1)NC(C)=O)C(=O)Nc1cc(C2C(=O)NC(C=2c2sccc2)=O)ccn1,0.619693073,2.711821536,438.509,2.3437,-9.7,-9.1
c1cc(ccc1-c1cc(N)ncc1)C1C(=O)NC(=O)C=1c1ccc(cc1)OC,0.687905521,2.273572737,371.396,2.9066,-8.9,-9.2
c1(c(C(=O)N)cn2C(C(c3ccc(F)cc3)=Cc21)=O)C1CCCC1,0.937621378,2.811391854,324.355,3.5781,-8.5,-9
O=C1NC(=O)C(=C1c1cccc(C#N)c1)c1cn(C)c2c1cccc2,0.735271323,2.408604866,327.343,2.61718,-8.8,-8.6
c1(cc(ncc1)Nc1ccc(N2CCOCC2)cc1)C1C(=O)NC(=O)C=1,0.816922964,2.53460034,350.378,1.7016,-8.8,-8.9
c1(ccc2c(c1)[nH]nc2NC(=O)C)-c1nc2c(nccc2)[nH]1,0.528116415,2.551175761,292.302,2.4596,-8.5,-7.7
C1(Nc2nccc(-c3ccccc3OC)c2)CCC(CC1)O,0.907200033,2.114602203,298.386,3.4726,-7.9,-8.2
n1ccc(cc1NC1CCN(CC1)C(=O)NCC)-c1ccnc(c1)Nc1ccccc1,0.551419363,2.372978936,416.529,4.493,-9.4,-9.2
O=C1NC(=O)C(c2ccnc(NC3CCOCC3)c2)=C1c1ccc(F)cc1,0.81135624,2.535260281,367.38,2.3788,-9,-9
C1(CCC(=O)Nc2nc3c(cnn3-c3ccc4[nH]ccc4c3)cn2)CCOCC1,0.543944387,2.741283705,390.447,3.4421,-9.4,-8.6
c1ccc(cc1-c1n(-c2c3cc(N4CCCC4)ccc3ncc2)c([nH]n1)=O)N,0.539490148,2.491250697,372.432,2.9582,-9.3,-9.3
c1c(F)ccc(c1)C1=C(c2cc(Cl)cc(c2)Cl)C(=O)NC1=O,0.850313677,2.218512765,336.149,3.6997,-8.4,-8
c1ccc2ncc(cc2c1)C=Cc1cc(NC2CCCC2)ncc1,0.722819798,2.317342419,315.42,5.1547,-8.8,-8.6
c1c2c(cc(=O)n1C)cc(-c1cc(NC(CCC)=O)ncc1)cc2,0.801352658,2.391446152,321.38,3.3391,-8.8,-7.6
O(c1ccc(C2C(=O)NC(=O)C=2c2c[nH]c3c2cc(OC)cc3)cc1OC)C,0.666612976,2.331356133,378.384,2.7609,-8.7,-7.9
c1cnc(NCC(C)C)c(c1)C1C(NC(=O)C=1c1ccc(F)c(c1)F)=O,0.807323734,2.540579489,357.36,2.9949,-7.9,-7.9
c1(NCC2CCCO2)nccc(c1)C1C(=O)NC(C=1c1ccc(cc1)F)=O,0.793447308,2.940367494,367.38,2.3788,-8.9,-8
c1cccc(c1)C1C(NC(C=1c1ccc(cc1OC)OC)=O)=O,0.880044342,2.030397761,309.321,2.271,-7.6,-7.7
c1nc(-c2cnc(c(c2)OC)OC)c(cc1C(=O)N)OC,0.889913109,2.384922666,289.291,1.2683,-7,-6.7
N1C(C(=C(C1=O)c1ccnc(c1)NC1CC1)Nc1cccc(c1)Cl)=O,0.719071262,2.517232818,354.797,2.7889,-8.3,-8
n1c(NC(CCC)=O)cc([nH]1)-c1nc(NC2CCOCC2)ncc1,0.749749183,2.625899178,330.392,2.1962,-7.9,-7.2
c1c(cccc1Nc1nccc(-c2ccc(F)cc2)c1)C(N)=O,0.771421973,1.880025787,307.328,3.7302,-8.9,-8.6
c1cc(C2=C(c3cc(N)ncc3)C(NC2=O)=O)cc(c1)C(N)=O,0.703813823,2.448987129,308.297,0.3299,-8.6,-8.5
Fc1ccc(cc1)C1=C(c2c3ccccc3n(C)c2)C(NC1=O)=O,0.738264262,2.222333709,320.323,2.8846,-8.6,-8.4
c1(nc(ncc1C(=O)N)Nc1ccccc1)-c1n[nH]c(n1-c1cc2c1cccc2)=O,0.416673287,2.803792866,397.398,2.2307,-9,-9
ClCCOc1cnc(C2=C(C(NC2=O)=O)c2ccc(F)cc2)cc1,0.666545198,2.474899772,346.745,2.4055,-7.7,-7.6
c1cc(F)cc(C2C(NC(=O)C=2c2ccnc(NC3CCOCC3)c2)=O)c1,0.81135624,2.588614128,367.38,2.3788,-9.2,-8.9
O=C1C(Nc2cc(ccn2)-c2[nH]c(C(=O)N)nc2C)=C(C(=O)N1)C,0.591896156,3.216813224,326.316,0.22132,-8.6,-8.6
c1(c2c(n(c1)C)cccc2)C1C(=O)NC(=O)C=1c1cccc(OC)c1,0.750397967,2.252396848,332.359,2.7541,-8.3,-8.6
n1cc(cc(NC(CCC)=O)n1)C1C(=O)NC(C=1c1ccc(cc1)Cl)=O,0.787019455,2.576820427,370.796,2.4358,-8.9,-8.8
c1ccc(cc1)C1C(NC(C=1c1ccccc1)=O)=O,0.829669615,1.793874853,249.269,2.2538,-7.4,-7.4
C1(=C(C(NC1=O)=O)c1cc(oc1)-c1ccc(F)cc1)c1ccncc1,0.747390526,2.569601236,334.306,3.0479,-8.9,-8.4
C1CC1C(=O)Nc1cc(ccn1)C1=C(C(NC1=O)=O)c1ccc(F)c(c1)F,0.809651844,2.468484116,369.327,2.2755,-9.4,-9
C1C(C1)C(=O)Nc1cc(ccn1)-c1n[nH]c(=O)n1-c1ccc2ccccc2c1,0.576392779,2.365486177,371.4,3.1243,-9.3,-9.3
c1c(ccc(c1)F)-c1cc2n[nH]c(=O)n2c(NC2CCC(N)CC2)c1,0.682901243,2.721193544,341.39,2.5105,-8.8,-8.9
c1(C2=C(c3ccc(cc3)OC)C(NC2=O)=O)ccnc(NC2CCOCC2)c1,0.774833116,2.510002416,379.416,2.2483,-9.2,-8.9
c1cc2c(n[nH]c2nc1)Nc1cc(ccn1)-c1ccnc(c1)NC1CCOCC1,0.479353805,2.731190651,387.447,3.7494,-9.5,-8.5
c1ccccc1-c1cc(Cl)c2c(c1)ncc(c2)C(=O)NCC1CCOCC1,0.712569156,2.220695777,380.875,4.7116,-9.1,-9.2
C1C(C1)C(Nc1cc(-c2ccnc(c2)Nc2ncccc2)ccn1)=O,0.746085277,2.248866199,331.379,3.6307,-8.7,-7.9
C(C)(C)Nc1cc(ccn1)C1C(NC(C=1c1cc(Cl)ccc1)=O)=O,0.838114376,2.472402724,341.798,3.1225,-8.3,-7.8
[nH]1nc(-c2cc(ncc2)NC(CC)=O)n(-c2cccc(F)c2)c1=O,0.76739254,2.387052035,327.319,2.1102,-8.2,-7.7
c1ccc(cn1)C1C(NC(C=1c1cc(NC2COCC2)ncc1)=O)=O,0.816312441,3.130828069,336.351,1.2446,-8.5,-8.2
c1(F)ccc(C=C2N=C(NC2=O)Nc2ccc(cc2)F)cc1,0.837796234,2.409198082,299.28,2.9036,-8.2,-8
C(=O)(CCN1CCCC1)Nc1c2cc(-c3cc(F)ccc3)cnc2[nH]n1,0.738742369,2.345911878,353.401,3.1884,-8.6,-7.9
c1(F)c(C2C(=O)NC(=O)C=2-c2cc3c(ccc(c3)Cl)cc2)cccc1,0.703268876,2.220088506,351.764,4.1995,-9,-8.9
c1c(C2C(=O)NC(C=2c2ccccc2)=O)cc(NC2CCOCC2)nc1,0.827718733,2.476063902,349.39,2.2397,-8.7,-8.6
c1(OC)c(OC)cc2c(c1)CCC2=Cc1cncc(c1)C(N)=O,0.941876068,2.467878708,310.353,2.6845,-8.1,-7.9
c1(F)ccc(Nc2nccc(c2)C2C(=O)NC(C=2c2ccc(Cl)cc2)=O)cc1,0.652051183,2.289471583,393.805,4.1849,-9.2,-8.8
c1(cc(NC2CCN(CC2)C(=O)NCC)ncc1Br)-c1ccnc(Nc2ccccc2)c1,0.435053401,2.543338914,495.425,5.2555,-9.5,-9.2
c1c(F)cc(OC)c(-c2cc(ncn2)NC2CCC(CC2)N2CCOCC2)c1,0.850512091,2.474049383,386.471,3.3466,-9,-8.5
N(C(=O)C)c1cc(C2=C(C(NC2=O)=O)c2ccccn2)ccn1,0.823851491,2.493125572,308.297,1.0022,-8.3,-7.9
c1c(ccc(c1)F)Nc1nccc(c1)-c1ccnc(c1)NC1CCCCC1,0.604736407,2.201005385,362.452,5.7709,-9.1,-8.7
c1(C2=C(Nc3cc(O)ccc3)C(NC2=O)=O)ccnc(c1)NC1CCOCC1,0.585781683,2.719860536,380.404,1.8577,-8.8,-8.7
N(C(CCC)=O)c1cc(ccn1)C1=C(c2c(N1)cccc2)C,0.754094939,2.177868412,293.37,4.27692,-8.2,-7.9
c1cnc(cc1C1=C(c2cc(ccc2)F)C(=O)NC1=O)NC1CCOCC1,0.81135624,2.588614128,367.38,2.3788,-9.1,-8.9
CC(C)Nc1nccc(-c2ccnc(NC(C3CC3)=O)c2)c1,0.887987521,2.252358593,296.374,3.3124,-7.8,-7.3
C1CC(CCC1N)Nc1cc(ccn1)-c1ccnc(Nc2cccc(CN)c2)c1,0.508503752,2.499208632,388.519,4.0277,-8.9,-8
c1c(c(C(=O)N)c(NC2CCC2)nc1)Nc1ccc(cc1)Cl,0.78785097,2.255071992,316.792,3.5419,-7.6,-7.3
N1C(=O)C(=C(C1=O)Cc1ccccc1)c1ccnc(NC2CCOCC2)c1,0.797215956,2.62668604,363.417,2.3252,-8.5,-8.9
C(C1CC1)(Nc1cc(C2=C(c3cc(ccc3)Cl)C(=O)NC2=O)ccn1)=O,0.813018404,2.392941607,367.792,2.6507,-8.9,-7.8
n1(c(n[nH]c1=O)-c1ccnc(NC2CCOCC2)c1)-c1ccc2ccccc2c1,0.560847365,2.543330396,387.443,3.3667,-9.4,-9.8
n1c(NC(=O)C2CCC2)ncc(C2C(=O)NC(C=2c2ccc(cc2)Cl)=O)c1,0.790719802,2.453416853,382.807,2.4358,-8.2,-8.3
c1ccccc1C1C(NC(=O)C=1c1ccnc(Nc2ccccc2)c1)=O,0.713725077,2.168713902,341.37,3.3924,-9.3,-8.7
O=c1n(cccc1-c1ccnc(c1)Nc1cn(C)c(c1)C(NC(C)C)=O)C,0.728370631,2.602885962,365.437,2.6676,-8.4,-7.7
c1c(C2C(NC(C=2c2ccc(F)c(c2)OC)=O)=O)c2ccccc2n1C,0.739131264,2.365296718,350.349,2.8932,-8.6,-8.3
O=c1cc(C2=C(c3cc(ncc3)NC3CCOCC3)C(=O)NC2=O)[nH]c(=O)[nH]1,0.526283874,2.992146583,383.364,-0.3837,-9.3,-8.7
N(C1CCOCC1)C1=C(C(NC1=O)=O)c1ccc(Br)cc1,0.811976195,2.539949774,351.2,1.5852,-7.6,-7.9
C1(C(=C(C(=O)N1)Nc1cc(OC)ccc1)c1c2ccccc2n(c1)C)=O,0.711946514,2.356281672,347.374,2.6665,-8.3,-8
O=C1C(=C(C(=O)N1)c1ccc(cc1)Cl)c1ccnc(NC2CCCC2)c1,0.808919745,2.395863336,367.836,3.6567,-8.9,-8.8
n1c(c(cc(C2=C(C(NC2=O)=O)c2cc(ncc2)NC2CCCC2)c1)Cl)NC1CCOCC1,0.556736036,2.908474218,467.957,3.6426,-9.6,-8.7
c1c2c(ncnc2ccc1Cl)NCCCN1CCC(N2CCCCC2)CC1,0.757711207,2.276350962,387.959,4.0355,-8.3,-7.5
C1CC1C(Nc1nccc(c1)C1=C(c2ccccc2)C(=O)NC1=O)=O,0.837779569,2.279880489,333.347,1.9973,-8.3,-8.4
c1c(cc(F)c(COC2COC2)c1)NC1C(=O)NC(C=1c1cc(ccc1)F)=O,0.7457885,2.663760222,386.354,2.3598,-8.7,-8.5
c1(ccnc(Nc2cc(c(C)cc2)Cl)c1)-c1ccc(CN2CCCC2)cc1,0.586173603,2.001823138,377.919,6.04982,-9,-8.2
CCC1C(=O)NC(=O)C=1c1cc(NC(C)=O)ncc1,0.787899405,2.640254861,259.265,0.86,-7.3,-7.1
c1(cc(C2=C(C(=O)NC2=O)c2cc(NC3CCOCC3)ncc2)ccn1)Nc1ccccc1,0.503799672,2.70139965,441.491,3.3783,-10.5,-9.5
COc1ccc(C2C(NC(C=2c2cc(NC3CCOCC3)ncc2)=O)=O)cc1,0.774833116,2.510002416,379.416,2.2483,-9.2,-8.9
c12c(c(Cl)ccc2)[nH]cc1C1=C(C(=O)NC1=O)c1cc(C)ccc1,0.700901472,2.427810632,336.778,3.69692,-8.6,-8.5
N1CCC(CC1)c1cc(ncc1)NC1C(CC(C1)O)c1cc(ncc1)NC1CCOCC1,0.551389973,3.922782783,437.588,3.2535,-8.9,-8.9
C1(c2cc(OC)ccc2)=C(C(NC1=O)=O)c1ccc(cc1)Cl,0.886465322,2.024975715,313.74,2.9158,-8.2,-7.8
c1c2c(ncc1-c1c(F)cccc1)NC1C2=C(NC(C1)=O)C,0.850236209,3.26102423,295.317,2.9327,-9.3,-9.3
CC(Nc1nc(C2C(=O)NC(C=2c2ccc(cc2)F)=O)ccn1)C,0.839746626,2.503484239,326.331,2.0032,-8.1,-7.7
c1cc(C2=C(C(=O)NC2=O)c2cc(NC3CCOCC3)ncc2)cc(c1Cl)Cl,0.742939941,2.633025814,418.28,3.5465,-9.2,-9.3
C1(CCCN(C(=O)CC)C1)Nc1nccc(c1)-c1ncc([nH]1)C(=O)N,0.75877301,3.143114654,342.403,1.3835,-8.5,-7.6
N(C(CCOC)=O)c1cc(C2=C(C(NC2=O)=O)c2cccc(Cl)c2)ccn1,0.743320553,2.455521104,385.807,2.2772,-8.4,-8.9
c1ccc(cc1Cl)C1=C(C(NC1=O)=O)c1c2c(cncc2)[nH]c1,0.712057536,2.493116696,323.739,2.7835,-8.2,-8.1
C1CC(CCO1)c1nc(NC2CCCC2)cc(-c2nc([nH]n2)-c2ccc(cc2)F)c1,0.627748978,2.697464525,407.493,4.9213,-10,-9.2
c1c(c(ccc1C1C(NC(=O)C=1c1cc(Cl)cc(c1)C)=O)OC)OC,0.853125026,2.287595049,357.793,3.23282,-7.8,-7.7
c1(ccnc(NC2CCCCC2)c1)C1=C(Nc2ccccc2)C(=O)NC1=O,0.711012175,2.435705514,362.433,3.3058,-8.5,-8.7
C1(=O)C(=C(c2cc(NC3CCCC3)ncc2)C(=O)N1)c1ccccc1,0.843948257,2.337633323,333.391,3.0033,-8.8,-8.7
Fc1cc(cc(c1)C1C(NC(=O)C=1c1cccc(OC)c1)=O)F,0.885718672,2.261058042,315.275,2.5406,-8.3,-8.2
C1C(CCC(c2ccc3cc(ccc3n2)Cl)C1)NC(Cc1ccccc1)=O,0.67118697,2.094636186,378.903,5.2733,-9.7,-8.7
O(CC)c1c(ccc(c1)C=C1C(Nc2c1cccc2Br)=O)O,0.812434574,2.375667526,360.207,4.0461,-8.4,-7.8
O=c1[nH]c(C2C(NC(=O)C=2c2cc(NC3CCCC3)ncc2)=O)cc([nH]1)=O,0.576766778,2.876599488,367.365,0.3799,-9.4,-8.8
c1(c(C2C(NC(C=2c2ccccc2Cl)=O)=O)cccn1)Nc1ccccc1,0.674840925,2.240259098,375.815,4.0458,-8.6,-8
O=C(C(C)C)Nc1n[nH]c2c1cc(-c1ccccc1)nc2C,0.775993917,2.374387873,294.358,3.52782,-8.1,-8.1
c1(O)ccccc1C1=C(C(=O)NC1=O)c1c(Cl)cnc(c1)NC1CCOCC1,0.683118891,2.704214083,399.834,2.5987,-8.8,-8.8
c1(c(Cl)cccc1)Nc1cc(C2=C(C(NC2=O)=O)c2cc(C(=O)O)ccc2)ccn1,0.543448477,2.412994938,419.824,3.744,-10.1,-9.2
C(C1OC(=O)NC1)n1c(=O)ccc2cnc(NC3CCOCC3)nc21,0.830204658,3.352383601,345.359,0.4908,-8.9,-8.2
c12c(NC3CC3)nc(nc1occ2)-c1cc(ncc1)NC1CCOCC1,0.727990523,2.826258261,351.41,3.45,-8.8,-8.4
N(c1nc2[nH]nc(c2c(n1)Cl)OCC)C(=O)CCC,0.820205655,2.776333414,283.719,2.1436,-6.8,-6.7
c1c(ccc(F)c1)C1C(=O)NC(=O)C=1c1ccc(cc1)C(N)=O,0.841772581,2.072815254,310.284,1.4918,-8.6,-8.1
c1cc(F)cc(F)c1Nc1ccc2C(NCCCc2c1)=O,0.889109284,2.172027467,288.297,3.3844,-8.4,-8.2
c12cc(ccc1c(NC1CCOCC1)nc(-c1ccc(F)cc1)n2)OC,0.767224737,2.190707425,353.397,4.0354,-8.7,-7.6
C1(c2cccc(C(=O)N)c2)C(NC(C=1c1ccc(cc1)F)=O)=O,0.841772581,2.132760446,310.284,1.4918,-8.9,-8.3
N(c1nccc(-c2n(-c3cc4c(cccc4)cc3)c(=O)[nH]n2)c1)C1CCOC1,0.574467546,2.996620532,373.416,2.9766,-9.1,-8.9
c1cccc(C2C(NC(C=2Nc2cc(cc(c2)Cl)Cl)=O)=O)c1,0.845852495,2.242715417,333.174,3.473,-8,-7.9
c1nc(nc(NC2CCCC2)c1)NC1CCCC1NC(=O)Cc1ccccc1,0.6859173,3.047472192,379.508,3.523,-8.8,-8.1
c1cc(NC2CCN(CC2)C(C)=O)ncc1C=C1C(=O)Nc2ccc(Br)cc21,0.71194764,2.54533466,441.329,3.7596,-9.8,-8.6
c1c2c(CCN2C(C)=O)cc(c1)-n1c(=O)[nH]nc1-c1ccncc1,0.775655762,2.469925781,321.34,1.5316,-8.2,-8.6
C1(CC1)c1n(C)c(-c2ccnc(Nc3c(Cl)cccc3)c2)nn1,0.782503474,2.325471242,325.803,4.1515,-8,-7.7
C(C)(=O)Nc1nccc(C2=C(c3c(C#N)cccc3)C(NC2=O)=O)c1,0.826864496,2.525830137,332.319,1.47888,-8.7,-8.4
O=C1NC(=O)C(c2c(OC)cccc2)=C1c1ccnc(NC2CCOCC2)c1,0.774833116,2.53893404,379.416,2.2483,-9,-8.7
N(c1nccc(-c2noc(n2)-c2ccc(cc2)F)c1)C(C1CC1)=O,0.79624995,2.106095011,324.315,3.2862,-8.8,-8
c1(NC(=O)C)cc(-c2c(F)cc(cc2)F)cc(n1)NC1CCCC1,0.876104792,2.288098867,331.366,4.3397,-8.7,-8.8
c1cc(cc2c1nc([nH]2)O)NC(=O)CCC,0.738419248,2.251314629,219.244,2.0071,-6.6,-6.6
c1(nc2c(ccnc2n1C(C)C)NC(C1CC1)=O)-c1ccc(cc1)F,0.77663988,2.3399475,338.386,4.1668,-8,-7.7
Clc1cc(C2=C(c3ccccc3Cl)C(=O)NC2=O)ccc1,0.860728599,2.073962004,318.159,3.5606,-7.5,-7.9
c1(NC2CCCC2)cc(c(-c2n[nH]c3c2ccc(F)c3)nn1)C(=O)N,0.676140313,2.725208928,340.362,2.6124,-8.9,-8.1
c1c2c(n(cc2C2C(=O)NC(=O)C=2c2cccc(c2)Cl)C)ncc1,0.731285251,2.452914931,337.766,2.7939,-8.6,-8.4
c1ccc(Cl)c(C2C(NC(C=2c2cc(NC3CCC3)ncc2)=O)=O)c1,0.827499606,2.416360662,353.809,3.2666,-8.5,-8.3
c1c(F)ncc(c1)C1=C(c2ccnc(c2)NC2CCOCC2)C(NC1=O)=O,0.631181503,2.800119453,368.368,1.7738,-8.7,-8.8
n1[nH]c(n(-c2ccccc2Br)c1-c1ccnc(NC2CCC2)c1)=O,0.721295919,2.492876282,386.253,3.3495,-8.3,-7.7
c1c2c(cc(c1)CC)CCN2C1=C(C(NC1=O)=O)c1ccc(F)cc1F,0.862511983,2.65363244,354.356,2.9574,-9.1,-8.4
C1(c2ccc(C(N)=O)cc2)=C(C(=O)NC1=O)c1ccnc(NC2CCOCC2)c1,0.659982577,2.590015987,392.415,1.3386,-9.5,-9.5
n1(C)c(-c2ccnc(NC3CCC3)c2)n[nH]c1=O,0.849729441,2.554954793,245.286,1.1348,-7,-7
c1(c(F)cc(-c2n(-c3cc4c(cc3)c(ccc4)F)c([nH]n2)=O)cc1)F,0.602903129,2.346609199,341.292,3.7981,-8.7,-9.5
c1cc(ccc1C1C(NC(=O)C=1c1cc(ncc1)NC1CCCCC1)=O)F,0.813387824,2.407270341,365.408,3.5325,-9.4,-8.7
COc1ccc(CCN=C(NC2CCN(CC2)C(=O)C)S)cc1,0.49230426,2.486475158,335.473,2.124,-6.8,-6.6
C1C(c2cc3c(cc2)ncc(NC(C)C)c3)=C(C(=O)NC1=O)c1ccncc1,0.685885571,2.729164852,372.428,3.4074,-9.2,-9
C1(NC(C(c2cc3c(cc2)c(NC2CCC2)ncc3)=C1c1ccccc1F)=O)=O,0.666244047,2.503047127,387.414,3.9055,-9.3,-9.5
O=C1C(c2cccc(C(=O)N)c2)=C(c2ccnc(NC3CCCC3)c2)C(N1)=O,0.691628795,2.509152929,376.416,2.1022,-9.6,-8.8
N(c1cc(-c2ccnc(c2)Nc2ccc(cc2)F)ccn1)c1cc(F)ccc1,0.455959597,2.143222554,374.394,5.909,-9.4,-8.9
c1(ccnc(NC(=O)C2CC2)c1)C1C(NC(=O)C=1c1ccnc(C(N)=O)c1)=O,0.646970326,2.641046598,377.36,0.4912,-9.4,-8.7
C1CCC(CC1)NC(=O)c1cc2[nH]nc(c2cc1)C=Cc1ccccc1,0.713696308,2.210895623,345.446,4.7958,-8.7,-9
c1cc(c(F)cc1C1=C(C(NC1=O)=O)c1cn(c2ccccc12)C)F,0.730443395,2.353376291,338.313,3.0237,-8.7,-8.6
N1C(=O)C(c2cc(ncc2)NC(C2CCOCC2)=O)=C(C1=O)c1ccncc1,0.778616448,2.612113528,378.388,1.4089,-9.3,-8.7
c1cc(c(C2C(=O)NC(=O)C=2c2cc(ccc2)OC)cc1)C(N)=O,0.830382419,2.150742104,322.32,1.3613,-8.2,-7.7
C1OCCC(C1)Nc1ccc(c(Cl)c1)C1=C(c2ccc(cc2)CO)C(=O)NC1=O,0.656983774,2.503572614,412.873,2.9904,-8.6,-8.1
c1cc(cc(C2C(=O)NC(C=2c2ccnc(c2)NC2CCOCC2)=O)c1)C(=O)N,0.659982577,2.636238786,392.415,1.3386,-9.6,-9.3
c1c(ccnc1NC1CCC1)C1=C(c2ccc(c(F)c2)F)C(NC1=O)=O,0.827634657,2.522467635,355.344,2.8914,-9.1,-8.6
c1cc(F)ccc1C1C(NC(C=1c1cc(ncc1)NC1CCOCC1)=O)=O,0.81135624,2.535260281,367.38,2.3788,-9,-8.9
c1c(cnc(NC2CCC(O)CC2)c1)C1C(=O)NC(C=1c1ccc(Cl)cc1)=O,0.689655399,2.540275622,397.862,3.0176,-9.1,-8.9
O=C(c1scc(C2=C(C(=O)NC2=O)c2ccccc2)c1)N,0.839656697,2.482320283,298.323,1.4142,-7.5,-7.8
N(C(C1CC1)=O)c1cc(C2=C(c3ccc(F)cc3)C(=O)NC2=O)ccn1,0.826296828,2.34537343,351.337,2.1364,-9.1,-8.1
c1nccc(-c2n[nH]c(n2-c2cc3cc(F)ccc3cc2)=O)c1,0.619114696,2.304225881,306.3,2.9149,-8.5,-7.8
C1C(C(=O)Nc2cc(C3C(OCC=3)=O)ccn2)CCC(C(=O)NCCOC)C1,0.542804324,2.668240045,387.436,1.5293,-8.3,-7.7
c1ncc(cc1-c1ccnc(NC(=O)C2CC2)c1)Nc1cc(ccn1)COC,0.653285726,2.450228057,375.432,3.7771,-8.7,-7.9
C1(NC(=O)C(c2cc(ncc2)NC2CCCCC2)=C1c1cccc(O)c1)=O,0.726275019,2.5162804,363.417,3.099,-9.4,-8.6
C1(C(=C(c2ccc(C=CC(NO)=O)cc2)C(=O)N1)c1ccc(F)cc1)=O,0.338991413,2.355386286,352.321,1.9115,-9.2,-8.7
c1cc(F)cc2c1[nH]cc2C1C(=O)NC(C=1c1cccc(S(=O)(=O)N)c1)=O,0.591766958,2.492949346,385.376,1.5216,-9.4,-9.1
c1ccc(OC)c(C(=O)Nc2n[nH]c3ccc(F)cc32)c1,0.777113362,1.955088236,285.278,2.9629,-8.1,-7.7
c1nc(ccc1C1C(=O)NC(C=1c1cccc(OC)c1)=O)CC,0.8794459,2.342298353,308.337,2.2198,-7.7,-7.9
c1c(ccc(c1)F)C1=C(c2c([nH]nc2)-c2c(cccc2)Cl)C(NC1=O)=O,0.696270859,2.449097681,367.767,3.4364,-9.5,-8.1
c1(ccnc(Nc2ccc(cc2)F)c1)C1=C(C(=O)NC1=O)c1ccccc1,0.699326077,2.228271524,359.36,3.5315,-9.6,-9
c1cc(ccc1F)-n1c(-c2ccnc(c2)Nc2ccc(F)cc2)n[nH]c1=O,0.578918845,2.26170111,365.343,3.6444,-9.3,-8.4
c12ccc(cc2n(C)cc1C1C(NC(=O)C=1c1cc2OCOc2cc1)=O)Cl,0.693391126,2.546116971,380.787,3.1276,-9,-8.5
c1n(C)c(=O)nc2cc(ccc12)-c1ccc(cc1)NC1CCOCC1,0.798538909,2.424765462,335.407,3.1914,-8.5,-9.2
c1(C2C(=O)NC(=O)C=2c2ccncc2)cc(NCC)ncc1,0.83435697,2.509894786,294.314,1.4756,-7.8,-7.4
Fc1c(ccc(C2C(=O)NC(=O)C=2N2CCOCC2)c1)-c1ccccc1,0.86067818,2.342860259,352.365,2.1924,-8.8,-9.2
c1c(C2=C(C(=O)NC2=O)c2ccnc(NC3CCN(CC3)C)c2)c(Cl)cc(c1)Cl,0.725873628,2.598423833,431.323,3.4617,-9.1,-9.1
c1cc(cc(OC)c1Cl)C1=C(C(NC1=O)=O)c1cn(C)c(c1)C(N)=O,0.80401629,2.635677028,359.769,1.3532,-7.9,-7.7
C1(NC(C(=C1c1ccnc(c1)NC1CCCCC1)c1ccc(C(N)=O)cc1)=O)=O,0.678851479,2.469736284,390.443,2.4923,-9.8,-9.5
CN(C)c1nc(cc(c1)C1=C(C(NC1=O)=O)c1ccc(cc1)Cl)C,0.871825748,2.488350287,341.798,2.67662,-9,-8.1
c12OCOc2cc(cc1)C1=C(c2ccc(cc2)Cl)C(NC1=O)=O,0.861220278,2.23049292,327.723,2.6359,-8.6,-8
Clc1ccc(cc1)Nc1nc(C2=C(C(=O)NC2=O)c2cccc(OC)c2)ccn1,0.630242893,2.377360751,406.829,3.4494,-9.3,-8.2
C1(NC(=O)C(c2cc(F)ccc2)=C1c1cccnc1)=O,0.844636013,2.23176033,268.247,1.7879,-8,-7.7
N1c2c(cccc2)C2=C1C(NC2=O)=Cc1cccc(O)c1OC,0.680739234,2.670376836,306.321,3.1236,-8.6,-8.5
C1CC(CCN1C(=O)c1cc(F)ccc1)N1CCN(CC1)c1cc(ccc1)F,0.810431687,2.055704981,385.458,3.3916,-9.1,-8.5
c1(-c2ccnc(c2)Nc2cc(Cl)ccc2)n[nH]c(n1-c1ccc2c(c1)cccc2)=O,0.425733538,2.365387844,413.868,5.1728,-9.4,-9.6
CN(C)c1cc2c(cc1)n(cc2C1C(NC(C=1c1cnccc1)=O)=O)C,0.738565736,2.590765211,346.39,2.2065,-8.5,-7.6
c1ccc(C2=C(C(NC2=O)=O)c2ccnc(NC3CCOCC3)c2)c(c1)OC,0.774833116,2.53893404,379.416,2.2483,-8.8,-8.8
C1COCCC1Nc1nccc(C2=C(c3cc(Cl)ccc3)C(=O)NC2=O)c1,0.793382813,2.579779216,383.835,2.8931,-9.1,-8.9
c1cccc(n1)N1CCC(CC1)NC1=C(c2ccc(cc2)Br)C(=O)NC1=O,0.734001819,2.496070341,427.302,2.4702,-9.2,-8.6
c12c(ccn1C(C)C)c(ccn2)NC1CCC(NC(=O)NCC)CC1,0.77572726,2.599071388,343.475,3.6594,-7.9,-7.5
C1CC(C(Nc2cc(-c3n[nH]c(n3-c3cc4ccccc4cc3)=O)ccn2)=O)CCO1,0.533171215,2.526996857,415.453,3.1409,-9.6,-9.3
c1c(ccnc1NC1CCN(C(=O)CCC)CC1)-c1ccc(cc1)F,0.890759381,2.100445467,341.43,4.0907,-8.5,-8.2
Fc1ccc(cc1)C1C(=O)NC(C=1c1cc(ncc1)NC1CCOCC1)=O,0.81135624,2.535260281,367.38,2.3788,-9.1,-8.9
O=C1C(=C(c2ccnc(NC3CCOCC3)c2)C(=O)N1)c1ccc(cc1)F,0.81135624,2.535260281,367.38,2.3788,-9,-8.9
c1c(ccnc1NC1CCN(CC1)C(C)C)-c1cc(oc(=O)c1)C,0.933566673,2.548964478,327.428,3.29492,-8.6,-8.1
C(N)(=O)c1cc(-c2cccc(F)c2)nc(n1)N1CCC(O)CC1,0.891325928,2.319933619,316.336,1.3427,-8.6,-8.3
c1cc(C2=C(C(NC2=O)=O)c2ccnc(OC)c2)cc(C#N)c1,0.868141983,2.503167229,305.293,1.52908,-8.3,-8.3
C1(=O)NC(C(c2ccnc(c2)NC2CCCC2)=C1c1ccc(Cl)cc1)=O,0.808919745,2.395863336,367.836,3.6567,-9,-8.6
c1cc(cc2c(NC(C)C)n[nH]c12)-c1cccc(NC2CCOCC2)n1,0.646854643,2.610132931,351.454,4.0361,-8.6,-8.8
c1(ccnc(c1)NC1CCOCC1)C1=C(c2cc(ccc2)OC)C(=O)NC1=O,0.774833116,2.557756263,379.416,2.2483,-9.1,-8.8
C1(=O)C(=C(C(N1)=O)c1ccc(cc1)F)c1ccc(F)cc1,0.861840499,1.960878592,285.249,2.532,-8.1,-7.6
O=C1C(c2cc(NC3CCCCC3)ncc2)=C(c2ccc(F)cc2)C(N1)=O,0.813387824,2.407270341,365.408,3.5325,-9.4,-8.6
c1ccc(F)c(c1F)C1=C(c2ccnc(NC3CCOCC3)c2)C(=O)NC1=O,0.790955113,2.713129275,385.37,2.5179,-9,-8.9
c1c(c(cnc1)C1C(=O)NC(=O)C=1c1ccc(cc1)Cl)NC1CCOCC1,0.793382813,2.5777875,383.835,2.8931,-8.8,-8.2
NC(=O)C1CCC(CC1)Nc1nccc(C2C(=O)NC(=O)C=2c2ccccc2)c1,0.67670571,2.514204124,390.443,2.1048,-9.5,-8.6
O=C1NC(C(C1c1cccc(OC)c1)C1C(Nc2c1cc(F)cc2)=O)=O,0.825155012,3.51388031,354.337,1.9264,-9.1,-8.5
C1CCCC(C1)Nc1nc2n(C(C)C)c(=O)c(-c3ccncc3)cc2s1,0.71531615,2.693963643,368.506,4.8455,-8.6,-8.1
c1c(c(cc(c1)C1C(=O)NC(=O)C=1c1ccc(F)cc1)OC)OC,0.876067301,2.068617879,327.311,2.4101,-7.8,-7.7
N1C(=O)C(=C(c2cccc3c2ccc(c3)Cl)C1=O)c1cc(NC2CCOCC2)ncc1,0.60667013,2.646729857,433.895,4.0463,-9.9,-9.3
C(=O)(N1c2c(OCC1)ccc(c2)Br)NC1CCCCC1,0.847845932,2.229264337,339.233,3.6902,-7.8,-7.5
O=C(CCc1n2c(ccc(n2)NC2CCCC2)nn1)NC(C)C,0.850556951,2.442011801,316.409,1.936,-7.7,-7.6
C1(Nc2cc(ccn2)-c2ccccc2)CCCC(NC2CCOCC2)C1,0.845696823,3.056800931,351.494,4.2403,-8.8,-8.6
O=C1C(=C(C(=O)N1)c1cc(ncc1)NC1CCOCC1)c1ccc(cc1)OC,0.774833116,2.510002416,379.416,2.2483,-9.3,-8.9
c1cc(C2=C(c3ccnc(c3)NC3CCN(CC3)C)C(=O)NC2=O)ccc1,0.815578809,2.448402293,362.433,2.1549,-8.7,-9
C(C=C)NC(=O)C1C(NC(C=1c1nccc(C2CC2)c1)=O)=O,0.474868762,2.900883004,297.314,0.6712,-7.3,-7.1
c1(nc(no1)C1CCCN(C1)C(=O)C)-c1cn(C)c(=O)cc1,0.831254696,2.968215014,302.334,1.1612,-8.3,-8.3
c1nc(cc(c1)C)C(Nc1cc(ncc1)-c1cnc(cc1)Nc1ccccc1)=O,0.516872598,2.20747017,381.439,4.84292,-9.5,-9.1
C(Nc1cc(c(cc1)C)C)(=O)NC1CCC(CC1)NC1CCC1,0.78959292,2.069245808,315.461,3.87824,-8.1,-8.3
c1(Nc2nccc(c2)C2=C(C(NC2=O)=O)c2cc(c(F)cc2)Cl)cc(F)ccc1,0.627002817,2.467616516,411.795,4.324,-10.2,-9.5
N(c1cc(Cl)ccn1)C1C(NC(=O)C=1c1cc(ccc1)NC1CCOCC1)=O,0.670604368,2.733899852,398.85,2.8055,-9.5,-8.5
c1(ccc(C2=C(C(NC2=O)=O)c2ccnc(NC3CCC3)c2)cc1)C(=O)O,0.703692388,2.423248634,363.373,2.3114,-8.9,-8.8
Nc1nc(ccn1)-c1ccnc(c1)Nc1cccc(CN2CCOCC2)c1,0.721136764,2.306201539,362.437,2.6966,-8.8,-8.7
c1c(-c2cccc(C#N)c2)nc(NC2CCC(CC2)O)cc1,0.910383126,2.271717107,293.37,3.33568,-8.3,-8.3
OC1=C(c2cn(c3c2cccn3)C)C(=O)NC1=O,0.714133733,2.661300964,243.222,0.4988,-7.2,-7.3
c1c(cccc1)CCc1n[nH]c(=O)n1-c1cc(ncc1)NC1CCOCC1,0.700317644,2.535885,365.437,2.3317,-8.6,-8.4
c1ccc(c(c1)C1C(=O)NC(C=1c1cccnc1)=O)OC,0.868126945,2.15973439,280.283,1.6574,-7.8,-7.4
c12n(c(n[nH]1)-c1cccc(F)c1)c(-c1ccnc(NC3CCC(CC3)O)c1)cn2,0.493234096,2.920346731,392.438,3.6409,-9.5,-9.3
O(C)c1cc(C2C(NC(C=2c2cc3ccccc3cc2)=O)=O)ccc1OC,0.72514989,2.132971117,359.381,3.4242,-9,-8.7
C1OCCC(Oc2nccc(c2)C2=C(c3ccc(F)cc3)C(NC2=O)=O)C1,0.838555387,2.586096968,368.364,2.3457,-9,-9
c12ccccc1[nH]nc2NC(CCC)=O,0.803695991,1.956908074,203.245,2.3015,-6.6,-6.3
C1CN(CCO1)CCCCOc1cc2c(cc1)ccc(-n1c([nH]nc1-c1ccccc1)=O)c2,0.417860729,2.391776053,444.535,3.872,-9.1,-8.6
C1N(NC(C)=O)CCC(C1)CNc1nc2c(nnn2C(C)C)c(n1)NC1CCOCC1,0.599352859,3.101249598,431.545,1.5681,-8.5,-8
c1c(-c2c3c(ncc2Cl)[nH]nc3NC(CCC)=O)cccc1,0.763814227,2.455307973,314.776,4.0169,-7.7,-7.4
c1c(C(NC(C)C)=O)cc(OC)c(-c2cc3OCOc3cc2)c1,0.941312292,1.939596814,313.353,3.2291,-7.8,-8.3
c1cc(ccc1F)C1=C(C(NC1=O)=O)c1ccnc(c1)NC1CCCCC1,0.813387824,2.407270341,365.408,3.5325,-9.4,-8.6
N(C1CCC(CC1)C(N)=O)c1nc2c(cn1)cc(-c1ccc(cc1)F)cc2,0.73581716,2.23722182,364.424,3.8919,-9.5,-9
c1cnc(OC2CCC2)cc1C1C(NC(=O)C=1c1cc(ccc1)Cl)=O,0.855785312,2.507366946,354.793,3.2335,-8.7,-8.4
c1c(C2C(NC(C=2c2ccnc(NC3CCCC3)c2)=O)=O)ccc(c1)OC,0.798456144,2.377005843,363.417,3.0119,-9.2,-8.7
C1CCCC(C1)NC1CCC(Nc2nc3c(c(=O)[nH]2)cc(cc3)F)CC1,0.779250597,2.499325441,358.461,3.7076,-8.9,-8.6
N1C(=O)C(c2cccc(Cl)c2)=C(c2ccnc(NC3CCOCC3)c2)C1=O,0.793382813,2.579779216,383.835,2.8931,-9,-9
Fc1ccc(Nc2cc(nc(n2)NC2CCOCC2)-c2ccccc2)cc1,0.69189825,2.171565,364.424,4.6172,-9.4,-8.5
C1CCC(CC1)Nc1cc(-c2cc(ncc2)NC2CCCC2)cc(C#N)n1,0.773531067,2.581906154,361.493,5.11438,-9.2,-8.7
c1c(C(N)=O)c(OCCC)cc(-c2cc(ncc2)NC(=O)C2CC2)c1,0.810577805,2.138521566,339.395,2.9848,-7.8,-7.9
c1ccc2ncc(cc2c1)-c1nc(sc1)Nc1nccc(C2CCCCC2)c1,0.432234775,2.392366885,386.524,6.5446,-9.7,-9.5
c1c(C2C(=O)NC(=O)C=2c2c(Cl)cc(cc2)F)ccc(c1)F,0.864154688,2.139147065,319.694,3.1854,-7.9,-7.7
C1(c2c(F)cccc2F)=C(c2c3c(n(C)c2)cccc3)C(=O)NC1=O,0.730443395,2.426885522,338.313,3.0237,-9,-8.2
Clc1ccc(C2C(NC(C=2c2ccnc(NC3CCOCC3)c2)=O)=O)cc1,0.793382813,2.530676849,383.835,2.8931,-8.8,-9.1
c1ccc(cc1C(=O)N)C1C(NC(C=1c1cc(ncc1)NC1CCOCC1)=O)=O,0.659982577,2.636238786,392.415,1.3386,-9.3,-9.1
C1(C(=C(Nc2ccc(cc2)F)C(=O)N1)c1ccnc(NC2CCOCC2)c1)=O,0.687508923,2.611822929,382.395,2.2912,-8.7,-8.7
c1ccc(cc1)C1C(NC(C=1Nc1ccc(OC)cc1)=O)=O,0.848141474,1.999338742,294.31,2.1748,-7.7,-7.6
C1CCC(Nc2nccc(C3C(NC(=O)C=3c3ccc(c(c3)Cl)F)=O)c2)CC1N,0.667692755,3.423498291,414.868,3.1231,-9.7,-9
O=c1c(cc2c(n1C)nc(NC1CCN(CC1)C)nc2NC1CCCC1)C(=O)N,0.693130524,2.678981432,399.499,1.288,-8.8,-8.6
c1c2c(n(c(-c3ccnc(NC4CCC(O)CC4)c3)n2)C)ccc1,0.776059388,2.33509632,322.412,3.3507,-8.5,-8.6
c1c(ncc(c1)-c1ccc2c(NC(CCC)=O)n[nH]c2c1)NC(CC)=O,0.630067182,2.355946745,351.41,3.712,-8,-7.8
C1(NC(C(c2ccc(OC)cc2)=C1c1ccc(OC2CCC2)cc1)=O)=O,0.842199399,2.171925747,349.386,3.1937,-8.6,-8.9
C1(=O)NC(C2C1C(NC2=O)=O)c1cccc(OCCC)c1,0.625204194,3.472358758,288.303,0.5351,-7.9,-7.5
c1cc(C2=C(C(NC2=O)=O)c2cc(ncc2)Nc2ccccc2)ccc1,0.713725077,2.168713902,341.37,3.3924,-9.3,-8.7
c1c(nccc1-c1ccc2nccnc2c1)NC1CCOCC1,0.804395244,2.354722382,306.369,3.2827,-8.5,-8.5
c1c(cc(NC2CCN(CC2)C2COc3ccccc3O2)nc1)C(O)=O,0.871375946,2.979383977,355.394,2.4536,-9,-8.4
C1CCC(CC1)Nc1ccc2c(c1)[nH]nc2C=C1C(NC(=O)S1)=O,0.741554328,2.756415002,342.424,3.6314,-9,-8.6
c1(F)ccc(cc1)C1=C(C(=O)NC1=O)c1cc(NC2CCOCC2)ncc1,0.81135624,2.535260281,367.38,2.3788,-9.1,-8.9
c1cc(C2=C(c3c(cc(cc3)Cl)Cl)C(NC2=O)=O)cnc1NC1CCCCC1,0.709262742,2.485446583,416.308,4.7002,-8.9,-8.2
N(C)(c1nc2c(cn1)cc(Br)cc2C(NCCCN1CCCC1)=O)C1CCCCC1,0.604089032,2.614517534,474.447,4.3769,-8.4,-7.8
O=C1C(=C(c2cccc(C)c2)C(N1)=O)Nc1cc(-n2ccnc2)ccc1,0.713637409,2.481744566,344.374,2.66032,-8.6,-8.4
c1c(nccn1)Nc1n[nH]c2cc(c(cc12)C(=O)N)Cl,0.681098356,2.579692314,288.698,1.8488,-7.9,-7.9
c1cc(cc(Cl)c1Cl)C1C(=O)NC(C=1c1cn(c2ccccc21)C)=O,0.691294786,2.335338709,371.223,4.0523,-8.8,-8.7
c1c(Cl)c2c(ccc(n2)NCC2CCC(CC2)O)cc1C(N)=O,0.802255687,2.46934214,333.819,2.9501,-8.6,-8.5
C1CC1C(=O)Nc1cc(ccn1)C1=C(C(NC1=O)=O)c1ccccc1OC,0.792205771,2.353356529,363.373,2.0059,-9,-7.8
c1c(cnc(NC2CCN(C(=O)C)CC2)c1)C(=O)N,0.834703489,2.130496549,262.313,0.6033,-7.3,-7.2
c1c(cccc1C=CC1C(NC(=O)C=1c1cccc(F)c1)=O)C(N)=O,0.837538667,2.531746401,336.322,2.048,-8.8,-8.8
c1(ccc(cc1)-n1c([nH]nc1-c1ccc(F)cc1)=O)NC(=O)C1CCCCC1,0.720708571,2.123402416,380.423,3.8855,-8.7,-9.1
c1c(OC)c(OC)cc2c1nc(c(n2C)=O)-c1ccnc(c1)NC1CCOCC1,0.709195307,2.538573355,396.447,2.6036,-8.5,-8
C1CC(=C(C(=O)N)c2ccc(-n3ncc4c3ccc(F)c4)cc2)CCO1,0.736771605,2.772020874,351.381,3.2139,-8.9,-9.2
c1(ccnc(N)c1)C1C(NC(C=1c1cc2c(CCC2)cc1)=O)=O,0.827345144,2.527150962,305.337,1.7197,-8.4,-9
C1(Nc2ccccc2)=C(C(NC1=O)=O)Nc1cccc(F)c1,0.75683386,2.251499181,297.289,2.2177,-7.3,-7.9
C1CC1Nc1cc(-c2n[nH]c(n2-c2cc3c(cc2)cccc3)=O)ccn1,0.595743474,2.392409449,343.39,3.3501,-8.8,-8.4
c1cccc(C2=C(C(=O)NC2=O)c2ccnc(c2)Nc2c(cccc2)C)c1,0.700227274,2.240777441,355.397,3.70082,-9.5,-8.9
c1c(ccc2c1C(CC)C(N2)=O)-c1sc2c(n1)cc(F)cc2,0.754114902,2.908380274,312.369,4.5481,-8.4,-8.2
C1(C)C(=O)NC(=O)C=1c1cc(F)c(OCC)cc1,0.828647006,2.255565818,249.241,1.6543,-7.1,-6.8
n1(cc(c2cc(ccc21)-c1ccnc(NC2CCOCC2)c1)C=O)C,0.739651594,2.553637116,335.407,3.6437,-8.7,-8.7
c1(nc(nc(C)c1)NC(C1CC1)=O)-c1ccc2ccccc2c1,0.796671804,1.984799214,303.365,3.95372,-8.7,-8.6
COc1c(OC)cc(cc1)C1C(=O)NC(=O)C=1Nc1cc(ccc1)O,0.719397942,2.292856731,340.335,1.889,-8.3,-7.8
C1CC1C(Nc1nccc(C2C(NC(C=2c2ccc(cc2)F)=O)=O)c1)=O,0.826296828,2.34537343,351.337,2.1364,-8.4,-8.6
c12c(cc(n1C)C(=O)N)cc(Nc1ncccc1C1CCCCC1)cc2,0.730745604,2.494311336,348.45,4.4635,-8.7,-8.8
C1C(CCC(C1)NC(C1CC1)=O)C(NCc1c(nc(-c2ccncc2)[nH]1)C)=O,0.715617022,2.585644275,381.48,2.48132,-8.5,-8.3
c1(C2=C(c3cc(F)c(cc3)F)C(NC2=O)=O)ccnc(NC2CCCC2)c1,0.811721282,2.519884803,369.371,3.2815,-9.5,-9
O(c1ccc(cc1OC)C1C(NC(C=1c1ccc(Br)cc1)=O)=O)C,0.818377599,2.11871409,388.217,3.0335,-7.9,-8.6
c1c(cccc1Cl)C1C(=O)NC(C=1c1ccnc(NC2CCC2)c1)=O,0.827499606,2.448275071,353.809,3.2666,-8.8,-8.2
NC(c1cnc(NC2CCCC2)c(C2=C(c3ccccc3OC)C(=O)NC2=O)c1)=O,0.631524905,2.571473128,406.442,2.1108,-9.1,-8.1
Clc1ccc(Nc2nccc(c2)-c2cn[nH]c2-c2ccc(cc2)F)cc1F,0.46770039,2.335092826,382.801,5.8139,-9.5,-9.1
c1c(C2=C(C(NC2=O)=O)c2cc(F)cc(F)c2)ccc(N2CCOCC2)c1,0.843190968,2.385440447,370.355,2.3686,-8.8,-8.6
O=C(c1c(NC2CCCC2)ncc(-c2ccc3c(cc(cc3)F)c2)c1)N,0.728854447,2.253212874,349.409,4.4943,-9.2,-9.1
c1c(NC2CCOCC2)ncc(-c2n[nH]c(n2-c2cc3c(cccc3)cc2)=O)c1,0.560847365,2.515013401,387.443,3.3667,-9.9,-9.3
c1c(-c2c(cncc2)F)cc2c(CN(C3CCOCC3)CC2)c1,0.849387928,2.430024388,312.388,3.4248,-8.4,-9
c1c(Br)ccc(Nc2n[nH]c(-c3ccnc(c3)NC3CCOCC3)n2)c1,0.584835253,2.545032087,415.295,3.9637,-8.7,-8
OC1=C(c2cc(NC3CC3)ncc2Cl)C(NC1=O)=O,0.724131774,2.743384742,279.683,1.2348,-7,-7
c12c(c(NC)ncn1)CCCC2,0.679607814,2.457910353,163.224,1.3971,-5.4,-5.7
n1c2n(C(C)C)c(c(Br)c2cc(-c2ccnc(NC3CCOCC3)c2)c1)C,0.608379321,2.870239249,429.362,5.34102,-8.8,-8.4
c1(Cl)ccc(C2C(NC(=O)C=2c2cn(C)c3ccc(F)cc32)=O)cc1,0.715592679,2.333425961,354.768,3.538,-8.4,-8.5
O=C1NC(C(=C1c1cc(NC(C)C)ncc1)c1cn(C)c2ccccc21)=O,0.701588643,2.595799039,360.417,2.9608,-8.6,-8.4
C1C(Nc2nccc(c2)-c2cn(c(=O)[nH]c2=O)C2CCCC2)CCCC1N,0.767257133,3.383909829,369.469,2.3955,-9.5,-8
c1(CC)c(C2=C(C(=O)NC2=O)Nc2ccc(cc2)F)cccc1,0.853826064,2.206113974,310.328,2.8677,-7.8,-7.7
N(c1cc(ncc1)NC1CCC(O)CC1)c1nccc(c1)-c1ccccc1,0.620107791,2.320632693,360.461,4.6026,-9.2,-9
c1cc(-c2c(Cl)cc3c(NC(CO3)=O)c2)ccn1,0.857729856,2.307221047,260.68,2.7329,-7.3,-7.5
c1(C2=C(c3ccnc(NC4COCCC4)c3)C(NC2=O)=O)ccc(cc1)F,0.81135624,2.998130808,367.38,2.3788,-9.2,-8.4
N1CCCC1C(Nc1nccc(c1)-c1nc(c(cc1)C(=O)N)OCC)=O,0.719117091,2.955625908,355.398,1.3317,-8.5,-7.8
c1(cc(C2C(NC(C=2c2ccnc(NC3CCOCC3)c2)=O)=O)ccc1)F,0.81135624,2.588614128,367.38,2.3788,-9.2,-9
n1c(cc(-c2cc3c(OCO3)cc2)o1)C(=O)N,0.839113208,2.228320585,232.195,1.1692,-7.6,-7.5
Fc1cccc(C2=C(C(=O)NC2=O)c2ccc(c(Cl)c2)F)c1,0.864154688,2.223756144,319.694,3.1854,-8.5,-7.9
c12c(OCO2)ccc(c1)-n1nnc(C(=O)NC2CCOCC2)c1,0.905236329,2.432429139,316.317,0.9048,-8.6,-7.7
C(NC1CCOCC1)(=O)C1CCCN(c2ncc3c(n2)NC(CC3)=O)C1,0.831405805,3.164120819,359.43,0.8729,-8.3,-8.1
c1(C2=C(c3cccc(c3)O)C(=O)NC2=O)ccnc(Nc2ccc(cc2)F)c1,0.609209059,2.400225237,375.359,3.2371,-9.8,-9.3
c1cc(cc2c1c(NC1CCOCC1)n[nH]2)-n1c(n[nH]c1=O)-c1ccccc1,0.50839601,2.626503003,376.42,2.6948,-9.3,-9.5
N(c1cc(ccn1)-c1ccc2ncccc2c1)C(C)C,0.772150041,2.07635744,263.344,4.1171,-8.1,-7.9
N(C1CCOCC1)c1cc(C2C(NC(C=2c2cc(F)ccc2)=O)=O)ccn1,0.81135624,2.588614128,367.38,2.3788,-9.1,-8.9
c1cc(cc(c1)C1=C(c2cc(ncc2)NC2CCCC2)C(NC1=O)=O)C,0.832601476,2.433558105,347.418,3.31172,-9.3,-8.1
c1c(-c2ccc3c(OCO3)c2)cc(nc1)NC(=O)C1CC1,0.940012543,2.053758122,282.299,2.8258,-8,-7.6
COc1c(c(OC)cc(c1)C1=C(c2ccncc2)C(NC1=O)=O)OC,0.833474762,2.336448379,340.335,1.6746,-8,-7.1
C1(c2ccc(cc2)Cl)C(=O)NC(=O)C=1c1cc(NC2CCOCC2)ncc1,0.793382813,2.530676849,383.835,2.8931,-9,-9.1
c1ccc(C2=C(C(=O)NC2=O)c2cc(NC3CCOCC3)ncc2)cc1,0.827718733,2.476063902,349.39,2.2397,-8.9,-8.6
O=C1C(c2ccnc(NC3CCOCC3)c2)=C(C(=O)N1)c1ccc(F)cc1,0.81135624,2.535260281,367.38,2.3788,-9,-9
c1c(cc(-c2cccc(NC(=O)CC)n2)cc1)C1C(NC(C=1c1ccccc1)=O)=O,0.643297148,2.330463299,397.434,3.6643,-10,-10
C1CCC(NC(Cc2cc(nc(c2)-c2cc(COC)c(cn2)F)C)=O)C1,0.861167861,2.5208245,357.429,3.33882,-8.6,-7.6
Fc1ccc(cc1)C1C(=O)NC(C=1c1ccnc(c1)NC1CCC1)=O,0.841806812,2.399366946,337.354,2.7523,-8.7,-8.4
c1(C2=C(c3c(nccc3)NC3CCCCC3)C(=O)NC2=O)cccc(F)c1,0.813387824,2.452181583,365.408,3.5325,-8.6,-8.8
c1c(ncc(C2=C(C(=O)NC2=O)c2cc(ncc2)NC2CCCC2)c1)NC1CCOCC1,0.601624857,2.821893166,433.512,2.9892,-9.2,-9.2
c1c(ccc(C2C(=O)NC(=O)C=2N2CCOCC2)c1)C,0.804983005,2.286097982,272.304,0.69472,-7.6,-7.5
O1CCN(CC1)CCNc1c2c(ncc1)[nH]nc2Nc1cccc(c1)Cl,0.616815573,2.565945174,372.86,3.099,-8,-7.8
n1ccc(NC2=C(C(=O)NC2=O)c2cc(OC)c(c(c2)OC)OC)cc1NC1CC1,0.568078925,2.653433923,410.43,2.1613,-8.1,-7.4
c1c(cc(nc1)NC1CCN(C(NCC)=O)CC1)-c1n[nH]c(=O)n1-c1cc2c(cc1)cccc2,0.425839571,2.630216057,457.538,3.3816,-10.2,-9.8
C1(N(C(C(c2cc(NC3CCCC3)ncc2)=C1c1ccc(cc1)Cl)=O)C)=O,0.812957456,2.420388499,381.863,3.9989,-9,-8.6
C(=O)(O)c1ccc(NC2CCOCC2)c(C2=C(c3ccccc3)C(NC2=O)=O)c1,0.675733726,2.451988184,392.411,2.5429,-8.9,-8.2
C1(C(NC(C=1c1ccccc1)=O)=O)c1cc(ncc1)NC1CCOCC1,0.827718733,2.476063902,349.39,2.2397,-8.8,-8.6
s1cc(-c2ccnc(NC3CCCCC3)c2)nc1NC(=O)C1CC1,0.850055939,2.241905771,342.468,4.2982,-8.2,-7.8
c1c(ccc(-n2c3ccc(cc3c(C3CCCCC3)n2)F)c1)N1CCCCC1,0.541499901,2.28237937,377.507,6.2026,-9.6,-8.6
C1(=O)C(c2cc(NC3CCCC3)ncc2)=C(c2cnc(cc2)OC)C(N1)=O,0.791647587,2.613136021,364.405,2.4069,-9.2,-8.3
C(N1CCCCC1)CCCNc1cc(ncc1)-c1ccnc(c1)Nc1ccc(cc1)O,0.325301154,2.374188821,417.557,5.2708,-7.5,-7.7
c1c(C2=C(C(=O)NC2=O)c2ccnc(NC3CCOCC3)c2)c(Cl)cc(Cl)c1,0.742939941,2.624927545,418.28,3.5465,-8.8,-8.9
c1c(ccnc1NC(C)C)C1C(NC(=O)C=1c1ccnc(NC2CCCC2)c1)=O,0.65457275,2.740201715,391.475,3.2186,-9.3,-8.2
c1c(OC)ccc(Nc2ncc(c(c2)-c2ccnc(c2)Nc2ccccc2)Br)c1,0.358192442,2.216722659,447.336,6.4019,-9.1,-8.4
c1ccc(c(OC)c1)C1=C(C(NC1=O)=O)c1cc(NC2CCOCC2)ncc1,0.774833116,2.53893404,379.416,2.2483,-8.5,-8.8
C1(=O)C(=C(c2ccncc2)C(N1)=O)c1ccnc(NC2CCOCC2)n1,0.792502669,2.721466939,351.366,1.0297,-8.9,-8.2
CCC(=O)Nc1c2c([nH]n1)cc(F)c(F)c2,0.822554268,2.320197776,225.198,2.1896,-6.9,-6.5
c1(cccc(OC)c1)N=C1SC(=Cc2cc(ncc2)N2CCCCC2)C(N1)=O,0.795006201,2.863388032,394.5,3.9721,-9.2,-8.5
c1cnc(NC(C)C)cc1C1C(=O)NC(=O)C=1c1ccc(F)c(OC)c1,0.806172655,2.550937182,355.369,2.6168,-8.5,-8
c12[nH]nc(NC(=O)CCCN3CCCCC3)c1cc(cc2)-c1cc(ccc1)Cl,0.609754109,2.219572273,396.922,5.0879,-9,-8.4
c1(ccc(cc1)OC)C1C(NC(C=1c1cn(C)c2c1cccc2)=O)=O,0.750397967,2.197917108,332.359,2.7541,-8.4,-8.6
c1(ccc(cc1)F)C1=C(C(NC1=O)=O)c1c2cc(Cl)ccn2nc1,0.728890149,2.582217646,341.729,2.694,-8.3,-7.8
c1cc2c(ccc(n2)NC2CCOCC2)cc1C1=C(C(=O)NC1=O)c1ccc(F)cc1,0.635126139,2.56291755,417.44,3.532,-9.5,-9.6
C1(NC(C(=C1c1cc(ncc1)NC1CCCC1)c1cc(ccc1)Cl)=O)=O,0.808919745,2.446929797,367.836,3.6567,-9,-8.7
c1c(Cl)c(ccc1)C1=C(Sc2n(c(nn2)-c2ccncc2)-c2ccccc2)C(=O)NC1=O,0.450950697,2.629520055,459.918,4.1425,-9.2,-9.4
c1cc(-c2ccnc(c2)NC(C2CC2)=O)cnc1C1CCCC1,0.92285831,2.252368935,307.397,4.1497,-8,-8
c1(NCC2CCC(CC2)OC)nccc(-c2cc(=O)n(C)cc2)c1,0.916830232,2.544412068,327.428,3.0644,-8,-7.7
N(c1cc(Cl)ccc1)C1C(=O)NC(C=1c1cccc(F)c1)=O,0.85596987,2.221023853,316.719,2.9587,-8.1,-8.3
c1c(ccc(c1)C1=C(C(NC1=O)=O)c1cc(NC(C2CC2)=O)ncc1)Cl,0.813018404,2.340476065,367.792,2.6507,-8.6,-8.4
c1(O)c2c(nc(N(CCOC)CCOC)n1)ccc(-c1ccccc1)c2,0.67112376,2.390917489,353.422,3.1016,-7.9,-7.4
C1(c2cccnc2)=C(c2ccnc(c2)NC2CCC2)C(NC1=O)=O,0.84198184,2.537155881,320.352,2.0082,-8.4,-8
Clc1cc(C2=C(C(NC2=O)=O)c2ccnc(NC3CCCCC3)c2)ccc1,0.783688512,2.451789275,381.863,4.0468,-9.4,-9.1
C1CCC(CC1)Nc1nccc(C2=C(c3ccc(cc3)F)C(=O)NC2=O)c1,0.813387824,2.407270341,365.408,3.5325,-9.5,-9.1
C1(NC(=O)C(C(=O)Nc2nccc(c2)C2CCOCC2)=C1c1cccc(c1)F)=O,0.610864972,2.746912929,395.39,2.1634,-9.5,-9.1
C1(=O)NC(C(=C1c1cc(NC2CCCC2)ncc1)c1ccc(C(=O)N)cc1)=O,0.691628795,2.461196775,376.416,2.1022,-9.5,-9.3
c1ccc(C2=C(C(NC2=O)=O)c2cc(OC(C)C)c(OC)c(OC)c2)cc1O,0.74525352,2.48717198,383.4,2.7638,-8,-8.3
Fc1cnc(cc1)NC1CC(NC(c2cccc(Br)c2)=O)CCC1,0.822712837,2.908151866,392.272,4.1363,-8.7,-7.9
c1(C2C(NC(C=2c2ccc(cc2)F)=O)=O)cc(ncc1)NC1CCOCC1,0.81135624,2.535260281,367.38,2.3788,-9.2,-8.9
C1CC(CCO1)Nc1cc2c(OCCN2c2cc(ccc2)F)cn1,0.935666919,2.568661406,329.375,3.3421,-8.1,-8.6
c1c(CNCC(C)C)ccc2c1c(c(C1C(NC(C=1c1ccc(cc1)F)=O)=O)co2)=O,0.597981825,2.602413518,420.44,3.2449,-8.5,-8.3
c1(F)c(cccc1)-c1cc(NC2CCOCC2)ncc1,0.928512698,2.112758299,272.323,3.4786,-7.7,-7.9
N1C(C(c2cc(ccc2)Cl)=C(N2CCOCC2)C1=O)=O,0.827656448,2.370428346,292.722,1.0397,-7.8,-7.4
c1c(NC2CCOCC2)cc(C2=C(C(=O)NC2=O)c2ccccc2)cc1,0.834027365,2.317157425,348.402,2.8447,-8.9,-8.8
C1(=O)NC(=O)C(c2cc(ccc2)C(N)=O)=C1c1ccc(F)cc1,0.841772581,2.132760446,310.284,1.4918,-8.9,-8.5
C1CC(CCO1)Nc1cc(ccn1)C1C(NC(=O)C=1c1ccc(cc1)Cl)=O,0.793382813,2.530676849,383.835,2.8931,-8.6,-8.9
c1cnc(NC2CCC(NC(=O)NC(C)C)CC2)cc1-c1n(c(=O)n(C)n1)-c1ccc2ccccc2c1,0.368439976,2.740352387,499.619,4.2169,-9.6,-9.2
c1(N)cc(ccn1)C1=C(c2cc3c(cccc3)cc2)C(=O)NC1=O,0.711084643,2.34503548,315.332,2.3842,-8.6,-8.6
c1(ccc(C2=C(c3csc(C(N)=O)c3)C(=O)NC2=O)cc1)F,0.842051776,2.543232311,316.313,1.5533,-7.7,-7.8
C1(CCN=1)Nc1cc(C2=C(C(NC2=O)=O)c2cc(ccc2)O)ccn1,0.739312694,2.773406166,334.335,1.5685,-8.8,-8.2
C(#N)c1ccc(C2=C(c3ccnc(NC4CC4)c3)C(NC2=O)=O)cc1,0.837180153,2.515633685,330.347,2.09478,-8.6,-8
c1c(cccc1C1C(=O)NC(=O)C=1c1ccnc(NC2CCCC2)c1)F,0.830425976,2.456118105,351.381,3.1424,-9.1,-8.6
c1cc(NC2CCCCC2)nc(c1F)-c1nnn(C)c1-c1cc(ncc1)NC1CCOCC1,0.573574373,3.009910514,451.55,4.4137,-9.4,-9.5
c1ccncc1Nc1cc(ccn1)-c1cc(Nc2cc(ncc2)NC2CCOCC2)ncc1,0.369678038,2.69286622,439.523,5.0117,-9.8,-9.4
O1COc2ccc(C=C3SC(NC3=O)=Nc3ccc(cc3)F)cc21,0.849498666,2.766728408,342.351,3.446,-8.5,-8
c1(C(N)=O)cccc(c1)C1C(NC(C=1c1cccc(Cl)c1)=O)=O,0.845401601,2.187017898,326.739,2.0061,-8.6,-8.4
C1(=O)NC(C(c2ccc(F)cc2)=C1c1ccnc(NC2CCC2)c1)=O,0.841806812,2.399366946,337.354,2.7523,-8.7,-8.4
c1ccc(cc1)C1C(NC(C=1c1cc(ncc1)NC1CCCC1)=O)=O,0.843948257,2.337633323,333.391,3.0033,-8.7,-8.2
c1[nH]c2ccc(cc2c1C(=O)C)C(=O)NCCCCC,0.625821011,2.011518817,272.348,3.2905,-7.3,-6.7
C1CCCC21c1c(cc(cc1)-c1cc(C(=O)N)ncc1)CCO2,0.926294481,3.03867568,308.381,3.1895,-8.8,-8.4
c1(ccc2c(NC3CCOCC3)nc(nc2c1)-c1ccncc1)NC1CCOCC1,0.66671988,2.594952494,405.502,3.8736,-9.3,-8.7
C1(c2ccnc(NC3CCOCC3)c2)=C(c2ccnc(c2)NCCO)C(NC1=O)=O,0.500046997,2.855413555,409.446,1.0389,-9.1,-8.4
c1c(C(N)=O)cccc1C1=C(c2ccnc(c2)NC2CCOCC2)C(=O)NC1=O,0.659982577,2.636238786,392.415,1.3386,-9.7,-9
c1c(O)ccc(C2=C(C(NC2=O)=O)c2ccnc(NCC3CC3)c2)c1,0.728614692,2.489805732,335.363,2.1763,-8.5,-7.8
C1(CCCCC1)Nc1nccc(C2=C(c3cc(Cl)c(cc3)Cl)C(=O)NC2=O)c1,0.709262742,2.508235622,416.308,4.7002,-9.6,-9.4
n1c2c(c(n[nH]2)NC(=O)C2CC2)ccc1-c1ccc(F)cc1Cl,0.767668861,2.387441075,330.75,3.7659,-8.4,-7.9
c12cc(-c3cc(ncc3)NC3CCOCC3)ccc1n(c(=O)cc2)C,0.798538909,2.395705609,335.407,3.1914,-8.9,-8.8
C(=O)(Nc1cc(C2=C(C(=O)NC2=O)c2ccccc2)ccn1)C1CC1,0.837779569,2.279880489,333.347,1.9973,-8.7,-8.2
C1OCCC(C1)Nc1ccc(Br)c(Nc2nccc(C3=CNN=C3)c2)c1,0.570550238,2.66733858,414.307,4.5687,-8.6,-8.3
C1CN(CCO1)C1C(=O)NC(=O)C=1c1ccc(Oc2ccc(Cl)cc2)cc1,0.820878152,2.289746672,384.819,2.832,-8.8,-8.3
n1c(cc(cc1)C1C(=O)NC(C=1c1cccc(Cl)c1)=O)Nc1ccccn1,0.681286119,2.453578625,376.803,3.4408,-9.7,-8.7
Cc1ccccc1C1=C(C(NC1=O)=O)c1ccnc(c1)NCCCO,0.551726967,2.442933576,337.379,1.75152,-8,-7.6
c1(n2c(nnc2CCC)ccc1)NC1CCC(NC(=O)NC(C)C)CC1,0.74078354,2.675130529,358.49,3.1125,-7.5,-7.7
c1(ccc(F)cc1)-c1c(-c2ccc(F)cc2)[nH]c(C(N)=O)n1,0.779639527,2.146944697,299.28,3.1208,-8.6,-8
N1C(=O)C(=C(C1=O)c1cc(c(cc1)OC)OC)c1cc(ncc1)NC1CC1,0.763405903,2.432461792,365.389,2.2403,-8.7,-7.3
c1cc(C2=C(C(=O)NC2=O)c2ccnc(c2)NC2CCCCCC2)cc(c1F)Cl,0.568334558,2.538458249,413.88,4.576,-9.9,-9.4
C1C(Nc2nccc(c2)C2=C(c3cc(ncc3)NC3CCC3)C(NC2=O)=O)CCOC1,0.618260365,2.836782165,419.485,2.5991,-9.6,-8.9
c12ncc(C=Cc3ccccc3)cc1cc(c(c2)Cl)OC,0.673004221,2.073614869,295.769,5.0672,-8.3,-7.9
c1(C2C(NC(C=2c2ccnc(NC3CCCC3)c2)=O)=O)ccnc(c1)NC1CCOCC1,0.601624857,2.834395949,433.512,2.9892,-9.9,-8.8
c1(NC2CCC(NC3CCC3)CC2)nc2c(cn1)cc(-c1ccc(cc1)F)cc2,0.62054241,2.346208632,390.506,5.3011,-9.2,-8.9
N1(CCOCC1)CCCOc1cc2c(cc1)[nH]nc2NC(=O)CCC,0.717695888,2.289293175,346.431,2.4026,-7.7,-7.3
O=C1C(c2cc(NC3CC3)ncc2)=C(C(N1)=O)c1ccc(F)cc1,0.847539882,2.386561311,323.327,2.3622,-8.3,-7.9
n1c(NC(C2CC2)=O)cc(cc1)C1=C(C(NC1=O)=O)c1ccccc1Cl,0.813018404,2.361901565,367.792,2.6507,-8.8,-8.5
c12n(C)c(ccc1c(NC1CCN(CC1)c1ncccc1)ncc2)=O,0.796268811,2.360989698,335.411,2.4094,-8.7,-8.1
c12c(C(=O)NC1=O)c(c(cc2)-c1ccccc1)OC,0.834994063,2.082279713,253.257,2.2458,-7.5,-7.8
C1(c2ccc(F)cc2)C(NC(C=1c1cnc(NC2CCOCC2)nc1)=O)=O,0.799341023,2.605682175,368.368,1.7738,-8.8,-8.4
n1c(NC2CCCC2)cc(cc1)CC(NC(=O)c1ccc(cc1)Br)C#N,0.748847717,2.808907945,413.319,4.06328,-8.5,-7.6
C1CC1C(=O)NC(C)C(Nc1nccc(-c2ccnc(Nc3ccc(F)cc3)c2)c1)=O,0.540167479,2.698476355,419.46,3.8795,-9.3,-8.6
C(C)(=C1C(NC(=NCc2cccc(OC)c2)S1)=O)c1cccc(c1)C(NC)=O,0.762206455,2.914952238,395.484,3.205,-8.9,-8.4
c1(C2C(=O)NC(C=2c2cccc(O)c2)=O)ccnc(c1)NCC1CC1,0.728614692,2.545090889,335.363,2.1763,-8.4,-8
c1c(nn(c1-c1ccnc(NC2CCCCC2)c1)C)-c1ccc(F)cc1,0.717251301,2.292401959,350.441,5.0328,-9,-8.7
Clc1c2cc(ccc2n(-c2ccc3ccccc3c2)c1)NC1CCOCC1,0.472231744,2.388016731,376.887,6.028,-9.8,-9.2
c1c(-c2c(n(nc2-c2ccncc2)-c2cc3ccccc3cc2)O)ccnc1N,0.483710189,2.536241392,379.423,4.4373,-9.7,-9
CC(C)NC(=O)c1cc(ncc1)Nc1cc(nc(n1)C)C1CCCCC1,0.845426982,2.438138637,353.47,4.10952,-8.7,-8.6
N(c1nccc(c1)-c1cnc(cc1)OC)C(C1CC1)=O,0.92583341,2.069944945,269.304,2.5007,-7.5,-7
C1(c2cc([nH]cc2-c2cccc(NC(C3CCC3)=O)n2)=O)CCCN1C(C)C,0.828627422,3.166091141,380.492,3.7208,-8.4,-8
c1ncc(C2C(NC(=O)C=2c2ccnc(NC3CCOCC3)c2)=O)cc1C#N,0.777914901,2.88673404,375.388,1.50638,-9.3,-8.9
c1(Nc2cc(ccn2)-c2cn[nH]c2)cc(C)nc(n1)C1CCOCC1,0.760387071,2.813442712,336.399,3.20772,-8.8,-8.4
c1(cccc(c1)C1C(NC(C=1c1ccnc(NC2CCOCC2)c1)=O)=O)Cl,0.793382813,2.579779216,383.835,2.8931,-9,-9.1
c1(NC2CCCC2Nc2nccc(c2)-c2ccc(cc2)F)nccnc1,0.725311714,3.126751027,349.413,4.1228,-9.2,-8.6
c1cccc(c1C1=C(c2ccc(N3CCOCC3)cc2)C(NC1=O)=O)F,0.860983738,2.225354413,352.365,2.2295,-8.3,-8.2
C(Nc1ncc2cccc(c2n1)-c1ccc(cc1)F)(CCC)=O,0.786491819,2.084231381,309.344,4.1745,-8.2,-7.9
n1c(cc(C2=C(C3=C(CCCC3)NC2=O)C#N)o1)-c1ccccc1,0.784468923,2.639351705,317.348,3.44738,-9.5,-8.9
C1(=O)NC(C(=C1c1cncc(c1)C1CC1)c1ccc(F)cc1)=O,0.88690767,2.41377859,308.312,2.6653,-8,-8.1
C1(c2cc(ncc2)Nc2cccc(c2)C2CCCCC2)C(=O)NC(=O)C=1,0.822712511,2.579605805,347.418,3.9127,-9.2,-9.4
c1cc(ccc1)C1=C(C(NC1=O)=O)c1ccnc(NC2CCOCC2)c1,0.827718733,2.476063902,349.39,2.2397,-8.7,-8.6
COc1cc(ccc1)C1=C(c2cc(ncc2)NC(CC)=O)C(=O)NC1=O,0.803269613,2.378602303,351.362,2.0059,-8.2,-8.4
c1c(Cl)c(ccc1C1=C(C(NC1=O)=O)c1c2ccc(F)cc2n(c1)C)Cl,0.668635619,2.467812182,389.213,4.1914,-8.5,-8.1
O=C1C(c2cc(NC3CCC3)ncc2)=C(C(=O)N1)c1ccc(cc1)Cl,0.827499606,2.394331626,353.809,3.2666,-8.5,-8.2
c1c(C2C(=O)NC(C=2c2cccc(NC3CCCC3)c2)=O)cc(N)nc1,0.738030825,2.509451643,348.406,2.5855,-9.3,-8.8
c1(C2C(NC(C=2c2ccc(Cl)cc2)=O)=O)ccc(cc1)CO,0.855146332,2.072941471,313.74,2.3995,-8.1,-7.8
C(N)(c1cc(ccc1)C1=C(C(=O)NC1=O)c1ccnc(c1)NC1CCOCC1)=O,0.659982577,2.636238786,392.415,1.3386,-9.6,-8.9
c1c(cc2OCOc2c1)C1=C(C(=O)NC1=O)c1c(Cl)cc(cc1)F,0.850042246,2.363668324,345.713,2.775,-8.3,-8.4
c1(ccccc1)C1=C(c2ccnc(C)c2)C(NC1=O)=O,0.843413833,2.196722273,264.284,1.95722,-7.5,-7.6
n1(cc(C2C(NC(=O)C=2c2cccc(c2)NC3CCCC3)=O)c2ccccc21)C,0.664859115,2.433923163,385.467,4.1,-8.7,-9.1
C1CC(CCO1)Nc1cc(-c2n(nc(C)c2)-c2cc3c(cc2)cccc3)ccn1,0.538695149,2.434948821,384.483,4.98682,-9.9,-9.3
c1(cc(ncc1)NC1CCNCC1)C1C(NC(C=1c1ccc(Cl)cc1)=O)=O,0.707431978,2.576173891,382.851,2.4661,-8.8,-8.4
O=C1NC(=O)C(c2cn(C)c3ccccc32)=C1c1ccccc1Cl,0.72915021,2.240077148,336.778,3.3989,-8.7,-8.4
c1ccc(C2=C(c3cc(ncc3)NC3CCCC3)C(=O)NC2=O)cc1,0.843948257,2.337633323,333.391,3.0033,-8.7,-8.2
C1C(CCN(C(C)C)C1)Nc1nccc2c1ccc(c2)-c1ccccc1,0.705431089,2.114600947,345.49,5.1865,-8.6,-8
c1ncc(C2C(NC(=O)C=2c2cc(Nc3ccc(Br)cc3)ncc2)=O)cc1,0.629986828,2.449653772,421.254,3.5499,-9.2,-8.7
N(C1CCC1)c1cc(C2C(NC(=O)C=2c2ccc(cc2)Cl)=O)ccn1,0.827499606,2.394331626,353.809,3.2666,-8.5,-8.1
c1c(cc(cc1)Cl)C1=C(c2ccc(Br)cc2)C(NC1=O)=O,0.828657427,2.110400856,362.61,3.6697,-8.3,-7.7
O=c1c(NC2CCCCC2)ncc(-c2cc3c(NC(=O)CCC)n[nH]c3cc2)[nH]1,0.507516132,2.66371657,394.479,3.7964,-9.5,-8.6
c1c(C=C2N=C(Nc3cc(Cl)ccc3)NC2=O)ccc(c1)O,0.746212657,2.533547533,313.744,2.9844,-8.2,-7.9
O=C1C(c2ccc(cc2)F)=C(C(N1)=O)c1c(Cl)cccc1,0.866674616,2.015106463,301.704,3.0463,-7.9,-7.6
N1C(=O)C(c2nc(-c3cccc(c3)C)c(cc2)C#N)=C(C1=O)c1cn(C)c2c1cccc2,0.509813387,2.689860474,418.456,3.9876,-10.3,-9.4
c1nc(ccc1NC1CCOCC1)-c1cc(NCC)ncc1,0.887647797,2.384548683,298.39,3.1663,-7.5,-7.5
c1nc(cc(NC2CCOCC2)n1)C1=C(c2cc(ccc2)F)C(=O)NC1=O,0.799341023,2.72628395,368.368,1.7738,-9.1,-8.6
c1(NC2CCOCC2)ccnc(Nc2cc(ccc2)Cl)c1,0.893559166,2.204355035,303.793,4.0695,-7.4,-7.8
c1(ncc2c(-c3ccccc3)n[nH]c2c1)NC1CCN(CC1)C(C)=O,0.771394121,2.399146284,335.411,3.0477,-8.9,-8.6
c1c(F)cccc1NC1=C(c2ccc(cc2)Cl)C(NC1=O)=O,0.85596987,2.157793829,316.719,2.9587,-7.9,-8.1
c1cc(cnc1NC1CCN(C)CC1)C1=C(c2ccnc(c2)NC(C2CC2)=O)C(NC1=O)=O,0.580492203,2.764168541,446.511,1.8984,-9.7,-8.4
C1(c2cc(nc(n2)NC2CCC2)NC2CCCC2)CCC(OC)CC1,0.797252663,2.601916568,344.503,4.4681,-8.4,-8.2
c1c(C2C(=O)NC(=O)C=2c2ccnc(NC3CCOCC3)c2)ccc(n1)OC,0.760421373,2.737387032,380.404,1.6433,-9.1,-8.8
C(C)CCCNc1nccc(c1)C1C(NC(C=1c1ccccc1Cl)=O)=O,0.573150443,2.379936142,369.852,3.9043,-7.7,-7.6
OC1CC(CCC1)Nc1nccc(-c2cc(NC3COC3)ncc2)c1C#N,0.747962943,3.570790303,365.437,2.54138,-8.8,-8.3
c1cc(NC2CCC2)nc2[nH]nc(c21)C=C1C(NC(NC1=O)=O)=O,0.484578229,2.993246831,326.316,0.6717,-8.7,-8.6
c1c2CC(C(=O)Nc2nc(NC2CCC2)n1)=Cc1cc(OC)ccc1,0.839481318,2.657412775,336.395,3.0278,-8.5,-8
C1CC(CCN1C)C(Nc1cccc(C2=C(c3ccccc3)C(NC2=O)=O)c1)=O,0.788031515,2.217491057,389.455,2.5341,-9.3,-9.4
COc1ccc(C2C(=O)NC(C=2c2cc(NC3CCCC3)ncc2)=O)cc1,0.798456144,2.377005843,363.417,3.0119,-9.2,-8.7
c1(NC2CCOC2=O)cc(C2=C(C(NC2=O)=O)c2ccc(Cl)cc2)ccn1,0.619018944,3.086156705,383.791,2.0296,-8.9,-8.9
N(c1c2ccccc2[nH]n1)c1cc(ncn1)NC(C1CCC(OC)CC1)=O,0.640181464,2.54928604,366.425,3.2402,-8.8,-8.1
N(C1CCCC1)c1nccc(C2=C(C(=O)NC2=O)c2ccc(OC)cc2)c1,0.798456144,2.377005843,363.417,3.0119,-9.2,-8.6
n1(C)c2c(c(c1)C1C(=O)NC(=O)C=1c1ccccc1)cccc2,0.74005506,2.152761451,302.333,2.7455,-8.4,-8.4
c1c(Cl)ccc(C2=C(C(=O)NC2=O)c2cc(ncc2)NC2CCCCC2)c1,0.783688512,2.402686909,381.863,4.0468,-9.3,-9
c1cc(c2n(C(C)C)c3cc(ccc3c2c1)C(=O)N)C1CCC1,0.746038589,2.353465975,306.409,4.7418,-8.7,-8.7
c1ccccc1C1C(=O)NC(=O)C=1c1ccnc(NC2CCCC2)c1,0.843948257,2.337633323,333.391,3.0033,-8.7,-8.7
c1cc(F)ccc1C1C(NC(C=1c1cc(NC2CCOCC2)ncc1)=O)=O,0.81135624,2.535260281,367.38,2.3788,-9,-9
C1COCCC1Nc1nccc(C2C(=O)NC(=O)C=2c2cc(F)ccc2)c1,0.81135624,2.588614128,367.38,2.3788,-9.2,-8.8
O=C1NC(=O)C(=C1c1ccnc(Nc2cccc(c2)F)c1)c1ccc(cc1)F,0.680884678,2.342131968,377.35,3.6706,-9.9,-9.1
C1(CCCC1)Nc1cc(ccn1)C1=C(C(NC1=O)=O)c1cc(F)ccc1,0.830425976,2.456118105,351.381,3.1424,-9.1,-9
C1C(C1)C(Nc1nccc(C2C(=O)NC(C=2c2cccc(F)c2)=O)c1)=O,0.826296828,2.40238165,351.337,2.1364,-8.5,-8.8
Clc1ccc(cc1Cl)-c1ccnc(Nc2ccc(OCCCN3CCCC3)cc2)c1,0.395876721,2.122609697,442.39,6.6637,-7.9,-7.3
C1(NC(=O)C(=C1c1cc(ncc1)NC1CCOCC1)c1ccccc1Cl)=O,0.793382813,2.55072892,383.835,2.8931,-9.1,-8.9
c1(ccnc2[nH]nc(NC(CCC)=O)c12)NC(=O)CCC,0.759991564,2.49622276,289.339,2.4351,-6.9,-6.9
O=C(c1cc(-c2ccnc(NC(=O)C3CC3)c2)cnc1)Nc1ccccc1,0.727538224,2.04054253,358.401,3.7444,-9.3,-8.1
c1(ccc(cc1)C1C(=O)NC(=O)C=1Nc1ccc2c(cccc2)c1)F,0.72232448,2.145241621,332.334,3.4585,-9.2,-9.5
c1c(ccc(C#N)c1)C1C(NC(C=1c1ccc(Cl)cc1)=O)=O,0.867251406,2.146303754,308.724,2.77888,-8.6,-7.8
N(=Cc1ccc(cc1)F)Nc1c2c(nc(cc2)-c2cn(nc2)C)[nH]n1,0.443545121,2.677529845,335.346,2.9435,-8.6,-8.3
N(C1CCCCC1)c1nccc(C2=C(c3ccc(Cl)cc3)C(NC2=O)=O)c1,0.783688512,2.402686909,381.863,4.0468,-9,-9.1
N(c1nccc(c1)-c1cc([nH]n1)C(=O)N)C1CCCCC1,0.802699844,2.432661527,285.351,2.3152,-8,-7.6
c1c(cc2c(cc(-n3c([nH]nc3-c3ccnc(NC4CCOCC4)c3)=O)cc2)c1OC)C,0.500641637,2.736780105,431.496,3.68372,-9.6,-8.7
C1COCCC1Nc1nc2c(s1)cc(cc2)-c1cc(ccc1)C#N,0.769274168,2.333926195,335.432,4.42588,-8.6,-8.6
C1(=C(c2cc(NC3CCOCC3)ncc2)C(NC1=O)=O)c1ccc(cc1)OC,0.774833116,2.510002416,379.416,2.2483,-9.3,-8.9
c1cc(F)ccc1C1=C(c2ccnc(c2)NC2CCCC2)C(=O)NC1=O,0.830425976,2.400630105,351.381,3.1424,-9.2,-8.7
c1(-c2cc[nH]c(c2)=O)cc(nc(n1)NC1CCCCC1)C1CCOCC1,0.878690892,2.713967751,354.454,3.4705,-9,-8.9
c1cc(Nc2cc(ccn2)-c2nc(ncc2)NC2CCOCC2)cc(OC)c1,0.674495007,2.377534143,377.448,3.8817,-8.8,-8.4
C1(Nc2cccc(c2)C(=O)N)=C(C(=O)NC1=O)c1ccncc1,0.717883935,2.352442258,308.297,0.6601,-8.8,-7.9
c1sc(-c2ccnc(NCC3CCOCC3)c2)c(n1)-c1ccnc(c1)NC(C1CC1)=O,0.569801985,2.826855859,435.553,4.4541,-8.9,-8.4
c1c(C2=C(C(NC2=O)=O)c2ccc(c(F)c2)F)ccc(c1)C#N,0.865980045,2.292432561,310.259,2.40368,-9,-8.4
c1cccc(c1)C1=C(C(NC1=O)=O)c1ccc(C(N)=O)cc1,0.836828474,1.997051149,292.294,1.3527,-8,-7.6
C1(NC(C(=C1c1cn(c2ccc(N3CCOCC3)cc21)C)c1cc(ccc1)Cl)=O)=O,0.659351433,2.541802297,421.884,3.2355,-9.1,-8
C1(CCOCC1)Nc1c2c(nnn1)cc(Cl)c(c2)-c1ccc(cc1)F,0.764201725,2.520783797,358.804,4.0752,-9.1,-8.6
c1cc(C2C(NC(C=2c2c3c(ccc(c3)F)[nH]c2)=O)=O)ccn1,0.713200932,2.432894318,307.284,2.2692,-8.3,-8
c1nc(NC2CCOCC2)ncc1C1C(NC(C=1c1ccc(Cl)cc1)=O)=O,0.785469677,2.601098743,384.823,2.2881,-8.6,-8.3
O=C1C(=C(c2cc(ccc2)OC)C(N1)=O)Nc1cccc(c1)OC,0.824570041,2.16223122,324.336,2.1834,-7.9,-7.8
c1c(cccc1-c1ccnc(NC(=O)C2CC2)c1)C,0.909189559,1.826343815,252.317,3.40552,-7.8,-7.5
N1C(C(C(=C1c1ccc(CCCC)cc1)c1ccc(cc1)F)=O)=O,0.852210969,2.181043664,323.367,3.7355,-8.2,-8.3
C1CC(CCN1C(=O)c1cccc(c1)Cl)N1CCC(CC1)C(N)=O,0.908727451,2.045074433,349.862,2.1419,-8.5,-7.8
c1ccc(cc1OC)C1C(NC(C=1c1ccc(cc1)Cl)=O)=O,0.886465322,2.024975715,313.74,2.9158,-8.2,-8
c1c(cc(Nc2nccc(c2)-c2ccc(C)cc2)cc1)C,0.717603437,1.752093557,274.367,5.10904,-8.5,-8.4
C1(C(=O)NC(C=1c1cc(NC2CCOCC2)ncc1)=O)c1cccc(OC)c1,0.774833116,2.557756263,379.416,2.2483,-9.1,-8.7
c1ccccc1NC1CCC(NC(C2CCC(CC2)Nc2ccc(F)cc2)=O)CC1,0.603913211,2.137569837,409.549,5.3359,-9,-9
c1cc(ccc1C)C1=C(Nc2cccc(c2)Cl)C(=O)NC1=O,0.856119704,2.132379437,312.756,3.12802,-8,-8.2
c1(F)ccc(cc1)NC1=C(c2ccc(Cl)cc2)C(NC1=O)=O,0.85596987,2.095611198,316.719,2.9587,-8,-8
c1(C2C(NC(C=2c2ccc(cc2)Cl)=O)=O)ccnc(n1)NC1CCOCC1,0.785469677,2.598515903,384.823,2.2881,-8.6,-8.9
FC(c1ccc(cc1)C1C(NC(C=1c1cn(c2c1cccc2)C)=O)=O)(F)F,0.698571865,2.360906885,370.33,3.7643,-8.8,-9.3
N1C(=O)C(c2ccc(cc2)F)=C(C1=O)c1cc(NC2CCOCC2)ncc1,0.81135624,2.535260281,367.38,2.3788,-9,-9
O(C)c1c(Cl)ccc(C2C(=O)NC(C=2c2cnc(cc2)NC(C)C)=O)c1,0.789136274,2.509202566,371.824,3.1311,-8,-7.5
c1(ccc(N2CCN(CC2)C)cc1)-n1c(n[nH]c1=O)-c1ccccc1,0.7951223,2.091082638,335.411,1.9794,-8.1,-8.8
N(C(=O)c1cc(C2CCOCC2)n[nH]1)CCC,0.832392308,2.56690991,237.303,1.4435,-6.6,-6.4
C1(=O)C(=C(C(N1)=O)c1ccnc(c1)NC1CCCC1)c1cc(c(cc1)F)F,0.811721282,2.519884803,369.371,3.2815,-9.2,-8.8
c1cc(C2=C(C(NC2=O)=O)c2cc(ncc2)NC2CCOCC2)ccc1F,0.81135624,2.535260281,367.38,2.3788,-9.1,-8.9
c1(NC2CCC2)nccc(C2C(NC(C=2c2cc(ccc2)Cl)=O)=O)c1,0.827499606,2.448275071,353.809,3.2666,-8.7,-7.8
c1(F)cccc(Nc2nccc(C3C(NC(=O)C=3c3ccc(F)cc3)=O)c2)c1,0.680884678,2.342131968,377.35,3.6706,-9.8,-9.3
O=c1n2-c3ccccc3NC(=O)CCc2c2c(cc(OC)c(OC)c2)c1,0.771521451,2.547534479,350.374,2.8926,-8.6,-8.4
c1c2c(c(NC3CCN(C)CC3)ncn2)cc(n1C)=O,0.878023469,2.631316605,273.34,0.8346,-7.4,-6.8
C1(CC1)C(Nc1cc(C2C(=O)NC(C=2c2cccc(Cl)c2)=O)ccn1)=O,0.813018404,2.392941607,367.792,2.6507,-8.5,-7.7
c1(ccccc1)C1=C(C(=O)NC1=O)c1ccc(cc1)F,0.849149505,1.914690694,267.259,2.3929,-8,-7.6
c1(OC)c(cccc1)C1=C(C(NC1=O)=O)c1cc(ncc1)NC1CCOCC1,0.774833116,2.53893404,379.416,2.2483,-8.9,-8.5
c1cc(C2C(NC(=O)C=2Nc2cc(ccc2)C(N)=O)=O)cc(c1)F,0.73968196,2.279381139,325.299,1.4042,-8.9,-8.6
N(c1nccc(c1)-c1cc2c(NC(C(=O)N2)=O)cc1)CC1CCOCC1,0.624666846,2.522829287,352.394,2.1169,-9.5,-8.7
C1(c2ccc(cc2)F)C(=O)NC(=O)C=1c1ccnc(NCC2COCC2)c1,0.792543488,3.012866311,367.38,2.2363,-8.6,-8.5
C1C(C)CCC(Nc2nc3ccc(cc3s2)-c2ccc(F)cc2)C1,0.623550065,2.113638958,340.467,6.093,-8.6,-8.3
c1cc(C2C(NC(C=2c2ccnc(NC3CCC3)c2)=O)=O)ccc1Cl,0.827499606,2.394331626,353.809,3.2666,-8.6,-8.4
C1CC(CCC1C)Nc1cc(ccn1)C1C(NC(C=1c1ccc(Cl)cc1)=O)=O,0.757240281,2.495431391,395.89,4.2928,-9,-9.1
c1(ccccc1)C(O)C1C(NC(=O)C=1c1ccnc(NC2CCOCC2)c1)=O,0.685397831,3.178746513,379.416,1.8161,-8.9,-8.5
Fc1cc(ccc1)C1C(NC(=O)C=1c1cc(NC2CCOCC2)ncc1)=O,0.81135624,2.588614128,367.38,2.3788,-9.1,-9
c1(NC2CCCC2)cc(C2C(=O)NC(=O)C=2c2cc(NC3CCC3)ncc2)ccn1,0.640294273,2.721785439,403.486,3.3627,-9.7,-8.5
c1cc(C)ccc1Nc1cc(-c2ccnc(NC3CCCCC3)c2)ccn1,0.592404323,2.184325962,358.489,5.94022,-9.1,-8.2
C(=O)(C1CCC1)Nc1cncc(C2C(NC(C=2c2ccc(Cl)cc2)=O)=O)c1,0.796587668,2.379434666,381.819,3.0408,-9,-8.2
C1CC(CCC1Nc1nccc(-c2n(c(=O)[nH]n2)-c2cc3ccccc3cc2)c1)N,0.486933374,2.589914243,400.486,3.4576,-10,-9.3
c1(cccc(c1)Cl)C1=C(c2ccnc(c2)NC2CCC2)C(NC1=O)=O,0.827499606,2.448275071,353.809,3.2666,-8.7,-8.3
C1(=O)NC(C2=C1c1c(cc(Cl)cc1)CC2)=O,0.693585626,2.49776386,233.654,1.6962,-7.9,-8.1
c1(C(=O)N)c(cc(-c2c(C(NC(C3CC3)=O)C)c(=O)[nH]cc2)s1)OC,0.727574709,3.24432218,361.423,1.7981,-7.9,-7.2
c1(nccc(C2=C(C(NC2=O)=O)c2cc(ncc2)NC2CCOCC2)c1)NC1CCOCC1,0.57549403,2.942209959,449.511,2.2256,-10,-8.9
c1c(cc(Cl)cc1)C=C1C(NC(=N1)Nc1cccc(c1)C(N)=O)=O,0.748236033,2.551686876,340.77,2.3777,-8.5,-8.1
c1(ccc(F)cn1)-c1cc(NC(C2CCOCC2)=O)ncc1,0.946312813,2.270152924,301.321,2.6478,-8,-7.5
c1(C2=C(c3cn(C)c4c3cccc4)C(NC2=O)=O)cccc(Cl)c1,0.72915021,2.273399546,336.778,3.3989,-8.5,-8.3
c1cc(C2C(=O)NC(=O)C=2c2ccc(cc2)F)cc(NC2CNC2)n1,0.729220581,2.57677128,338.342,1.1716,-8.5,-8.2
Fc1cc(NC2=CC(=O)CC2=O)c(F)cc1-c1csc(n1)-c1cccc(F)c1,0.643440897,2.812285636,400.381,4.7321,-9.1,-8.9
c1(-c2ccc3c(c2)c(NC(CCC)=O)n[nH]3)cccc(F)c1,0.761131271,2.103064017,297.333,4.1076,-8.5,-8.1
O1CCC(CC1)Nc1nccc(c1)C1C(=O)NC(=O)C=1c1cc(Cl)c(F)cc1,0.769628572,2.657286006,401.825,3.0322,-9.4,-9.2
c1c(ccc(CC2C(=O)NC(=O)C=2c2cccc(c2)OC)c1)F,0.882706715,2.226859773,311.312,2.487,-7.7,-8.2
c1ccc(c(c1)Cl)C1=C(c2cn(C)c3ccccc32)C(NC1=O)=O,0.72915021,2.240077148,336.778,3.3989,-8.5,-8.4
C1(C(=O)NC(=O)C=1c1ccnc(NC2CCCCC2)c1)c1cc(Cl)cc(Cl)c1,0.709262742,2.580517737,416.308,4.7002,-9.7,-8.7
O=C1C(c2ccccc2N1)=Cc1cc(ncc1)N1CCN(CC1)C,0.86296023,2.317432584,320.396,2.3261,-8.7,-8
c1(CC2CCCCC2)c(-c2cc(ncc2)Nc2ccccc2)n[nH]c1O,0.603480619,2.570746373,348.45,5.0437,-8.4,-8.7
C1(C(c2ccc(cc2)F)=C(C(N1)=O)c1ccnc(c1)NC1CCOCC1)=O,0.81135624,2.535260281,367.38,2.3788,-9,-8.9
C(C(c1cc(NC2CCOCC2)ncc1)=O)=Cc1onc(C(=O)N)c1,0.604664588,2.800137775,342.355,1.6555,-8.3,-7.8
c1(cc(C2=C(c3ccc(Cl)cc3)C(=O)NC2=O)ccc1)C,0.865235445,2.030454572,297.741,3.21562,-8.7,-8.2
c12c(cc(cn1)-c1cc[nH]n1)cc(C(=O)N)cc2,0.712475834,2.624321935,238.25,1.7238,-7.9,-7.6
C1C(CCCC=1)Nc1nccc(-c2nn(nn2)C2C(NC(C=2c2ccccc2)=O)=O)c1,0.487047214,3.560620299,413.441,2.2804,-9.8,-8.9
C1CCC(Nc2nccc(c2)-c2nc(C(N)=O)[nH]c2-c2ccccc2)CC1,0.640139468,2.464363547,361.449,3.9822,-9.5,-8.5
c1cc(cc(c1)C1=C(C(NC1=O)=O)c1ccnc(NC2CCOCC2)c1)Cl,0.793382813,2.579779216,383.835,2.8931,-9.1,-9
c1c(ccc(c1)F)C1=C(c2ccnc(c2)NC2CCC2)C(=O)NC1=O,0.841806812,2.399366946,337.354,2.7523,-8.7,-8.4
c1(OC)cc(cc(OC)c1OC)-c1n[nH]c2c1cc(F)c(c2)F,0.798766109,2.248732802,320.295,3.5339,-7.8,-7.7
COc1cc(C2=C(C(=O)NC2=O)Nc2cccc(c2)Cl)ccc1OC,0.803654798,2.214362885,358.781,2.8368,-7.9,-7.9
c1c(-c2n[nH]c(n2-c2cc3c(cc2)cc(F)cc3)=O)cc(nc1)NC1CCCOC1,0.542845109,3.094923432,405.433,3.5058,-9.8,-9.7
Clc1ccc(C2=C(C(=O)NC2=O)c2cc(ncc2)NC2CCCCC2)cc1,0.783688512,2.402686909,381.863,4.0468,-9.3,-9.1
C1OCCC1Nc1cc(ccn1)-c1cc2c(n[nH]c2cc1)NC(CCC)=O,0.621080601,3.016954252,365.437,3.5643,-8.9,-8.7
C1N(CCCC1)C1C(=O)NC(=O)C=1c1cc(NC2CCCC2)ncc1,0.822823112,2.584789065,340.427,2.2895,-8.1,-8.1
Cn1cc(C(=O)NC2CCC2)c2c1nccc2,0.853956016,2.127505043,229.283,1.8556,-6.9,-6.8
c1c(cnc(c1)Nc1ccccc1)-c1n[nH]c(n1-c1ccc2c(cccc2)c1)=O,0.481383038,2.242888177,379.423,4.5194,-10.1,-9
n1(c(cc(cc1)C1=C(C(=O)NC1=O)c1cc(N2CCOCC2)ccc1)=O)C,0.813736029,2.587054833,365.389,0.7891,-8.6,-9.7
C1(=O)C(=C(c2n[nH]c(=O)n2-c2ccccc2)C(N1)=O)c1ccc(Cl)cc1,0.690385662,2.443076475,366.764,1.7812,-8.7,-7.9
c1c(C2C(NC(C=2c2cc(ncc2)NC2CCOCC2)=O)=O)ccc(c1)F,0.81135624,2.535260281,367.38,2.3788,-9.1,-8.9
C1(c2c(CC1)cc(cc2OC)-c1cnc(nc1C)NCC)(C)C,0.922544205,2.726968138,311.429,4.11622,-8.2,-8.1
c1(cnc2c(c1NC1CCCC1)cc(-c1ccccc1)cc2)C(N)=O,0.746364309,2.061527738,331.419,4.3552,-8.6,-8.8
O=c1ccc2c(n1C)nccc2-c1cccc(n1)NC(C1CC1)=O,0.803396148,2.362666514,320.352,2.344,-8.5,-8.2
OC1=C(c2ccnc(c2)NC2CCC2)C(NC1=O)=O,0.703502627,2.577479132,259.265,0.9715,-7.4,-7.4
c1c(C2=C(C(=O)NC2=O)c2ccnc(NC3CCOCC3)c2)ccc(c1)Cl,0.793382813,2.530676849,383.835,2.8931,-8.7,-9.1
n1c(NC2CCC2)cc(C2=C(C(=O)NC2=O)c2ccc(cc2)Cl)cc1,0.827499606,2.394331626,353.809,3.2666,-8.7,-8.4
c1(nccc(C2C(NC(C=2c2ccc(Cl)cc2)=O)=O)c1)NC1CCOCC1,0.793382813,2.530676849,383.835,2.8931,-8.8,-9
c12[nH]c3c(cc(F)cc3)c2nccc1-c1ccc(F)cc1,0.539390418,2.07556695,280.277,4.6613,-8.6,-8.1
O=C1NC(=O)C(=C1c1cc(NCC2CCOCC2)ncc1)c1ccc(cc1)F,0.778613019,2.564246861,381.407,2.6264,-8.5,-8.8
c1(C2C(NC(=O)C=2c2c(F)cccc2)=O)cc(NC2CCOCC2)ncc1,0.81135624,2.570143713,367.38,2.3788,-9.1,-8.8
C1(CCOCC1)Nc1nccc(c1)-c1cn(C)c(=O)n1C,0.926581395,2.672872851,288.351,1.3767,-7.2,-7.2
c1(cccc(Br)c1)-c1onc(C(=O)N)c1-c1ccc(F)cc1,0.766487667,2.222160578,361.17,4.0091,-8,-8.1
C1(c2cnc(cc2)NC2CCOCC2)=C(C(=O)NC1=O)c1ccccc1,0.827718733,2.460599935,349.39,2.2397,-8.9,-8.2
c1(n[nH]c2c1cc(NC1CCC(NC(=O)CCC)CC1)nc2)-c1ccc(Cl)cc1,0.537330925,2.48929624,411.937,4.9177,-8.7,-8.4
c1c(C2=C(C(NC2=O)=O)c2ccnc(NC3CCOCC3)c2)cccc1,0.827718733,2.476063902,349.39,2.2397,-8.7,-8.7
C1(=O)NC(C(c2c(cccc2)F)=C1c1cc(C)nc(-c2ccccc2)n1)=O,0.729400324,2.368853834,359.36,3.15832,-9.8,-9.6
O(C)c1c(cc(C2=C(C(NC2=O)=O)c2ccccc2)cc1OC)OC,0.846193564,2.145602885,339.347,2.2796,-7.3,-7.2
c1(nccnc1-c1cc2c(cc1)cccc2)NC1CCC1,0.775701293,2.094329477,275.355,4.2612,-7.8,-7.8
c1(NC2COC2)nccc(-c2ccnc(Nc3ccccc3CO)c2)c1,0.634858133,2.496226453,348.406,3.1902,-8,-6.9
c1(C2=C(c3ccc(F)cc3)C(NC2=O)=O)ccnc(NC2CCCC2)c1,0.830425976,2.400630105,351.381,3.1424,-9,-8.5
c1(NC2CCCC(C2)O)ncnc2c1cc(-c1ccc(CO)cc1)cc2,0.671784475,2.959094547,349.434,3.5045,-9.4,-8.3
C1(c2ccccc2)=C(C(=O)NC1=O)c1cc(NC2CCOCC2)ncc1,0.827718733,2.476063902,349.39,2.2397,-8.7,-8.7
c1(ccnc2[nH]c(C(=O)N)cc12)NC(CCC)=O,0.759513738,2.383544349,246.27,1.4004,-7,-6.8
c1cc(C#N)ccc1C1=C(C(NC1=O)=O)c1cc(NC2CCC2)ncc1,0.831053983,2.525350695,344.374,2.48488,-9,-8.7
CCC(Nc1cc(ccn1)C1C(=O)NC(C=1c1ccccc1)=O)=O,0.843109729,2.286702035,321.336,1.9973,-8.3,-8
O=c1[nH]n(c2cc(ncc12)NC1CCN(CC1)C(=O)NCC)Cc1ccc(cc1)F,0.600167656,2.705721439,412.469,2.5178,-9,-9.1
N(c1cc(-c2cnc(c(c2)CO)OC)ncc1)C(=O)C1CC1,0.881756822,2.324304995,299.33,1.993,-7.5,-7.1
c1(C(N)=O)cc(NC2CCOCC2)ncc1,0.790000735,2.237671552,221.26,0.7714,-6.4,-6.5
C1C(C(=O)Nc2c(cnc(NC3CCOCC3)c2)F)CC1Nc1ncccn1,0.700849618,2.69730669,386.431,2.4308,-8.5,-8
C1CN(CCC1NC1CCC1)c1cc2nccc(c2nc1)NC1CCCCC1,0.80182622,2.589879092,379.552,4.4853,-8.5,-8.2
c12cc(-c3cc(ncc3)NC3CCOCC3)ccc2[nH]nc1N,0.692066703,2.514219185,309.373,2.798,-8.3,-8.7
CCOC(=O)NC1CCOCC1,0.674843458,2.034026177,173.212,0.9115,-4.9,-5.1
C1CC(CCO1)Nc1nccc(-c2n[nH]c(n2-c2c3ccc(F)cc3ccc2)=O)c1,0.542845109,2.643451655,405.433,3.5058,-9.5,-8.8
c1(cc(ncc1)NC1CCC(CC1)O)C1=C(C(NC1=O)=O)c1ccc(F)cc1,0.708150074,2.559435237,381.407,2.5033,-9.3,-9
c1c(F)c2c(ccc(-n3nnc(C(=O)NCC4CCOCC4)c3)c2)cc1,0.782143894,2.43162868,354.385,2.716,-9.4,-8.6
c1(c(C2=C(C(NC2=O)=O)c2csc(N)n2)ccc(Cl)c1)Cl,0.82321854,2.566087652,340.191,2.5993,-7.7,-7.2
C1C(C1)C1C(NC(C=1c1ccnc(c1)NC1CCOCC1)=O)=O,0.823365013,2.793215297,313.357,1.4925,-8,-8.2
N1C(C(=C(c2ccnc(c2)NC2CCOCC2)C1=O)c1ccc(OC)cc1)=O,0.774833116,2.510002416,379.416,2.2483,-9.2,-8.8
c1[nH]c2c(cc(cc2c1)C(=O)C)-c1ccnc(NC2CCOCC2)c1,0.706688958,2.64404112,335.407,4.0234,-8.8,-8.6
N(C(C1CC1)=O)c1cc(C2=C(C(=O)NC2=O)Nc2cc(ccc2)OC)ccn1,0.662790979,2.453849025,378.388,1.9183,-8.9,-8.2
c1(cc2c(cc(cc2)-c2ccccc2F)[nH]1)C(=O)NCCN1CCCCC1,0.712213988,2.123395874,365.452,4.1897,-8.8,-9
C1CC1C(Nc1nccc(C2C(NC(C=2c2ccc(Cl)cc2)=O)=O)c1)=O,0.813018404,2.340476065,367.792,2.6507,-8.3,-8.4
c1c(cc(nc1)NCC1CCOCC1)-c1c2cc(F)ccc2[nH]n1,0.768773327,2.489252739,326.375,3.6025,-8.5,-8.3
CC(C)Nc1nccc(C2C(NC(=O)C=2c2c(C)ccc(c2)Cl)=O)c1,0.824143591,2.503578995,355.825,3.43092,-8.2,-8.3
c1(NC(=O)C)nccc(c1)C1C(=O)NC(C=1c1cc(ccc1)Cl)=O,0.838105177,2.383388487,341.754,2.2606,-8.6,-8.9
c1(Br)cnc(cc1)Nc1cc(nc(n1)OC)-c1cc(OC)ccc1,0.712203427,2.277879627,387.237,4.0619,-8.3,-7.6
c1(NC(C2CCOCC2)=O)nccc(-c2c3ncccc3ccc2)c1,0.794277043,2.23567265,333.391,3.6619,-9.3,-8.5
c1c(-c2cc(NC3CCOCC3)ncc2)c(C#N)c(OC)nc1,0.934748194,2.591128522,310.357,2.61478,-7.9,-8.1
c1cnc2c(NC(CCC)=O)n[nH]c2c1-c1cccnc1,0.76984132,2.531502637,281.319,2.7585,-7.8,-7.2
O=C1C(=C(c2ccc(F)cc2)C(=O)N1)Sc1nnc(-c2ccc(cc2)F)o1,0.694669539,2.566760327,385.351,3.1746,-9.3,-8.8
N1C(C(=C(c2cc(ncc2)NC2CCC2)C1=O)c1ccc(cc1)F)=O,0.841806812,2.399366946,337.354,2.7523,-8.7,-8.4
O=C1NC(C(c2cc(oc3c2cc(cc3)F)=O)=C1c1ncccc1)=O,0.570147916,2.545650586,336.278,1.8943,-8.8,-8.4
c1c(cc(nc1)NC1CCOCC1)-c1nn(c2[nH]c3c(cc(F)cc3)c12)C,0.578716127,2.801510382,365.412,3.8466,-9.2,-9.3
C1CC1C(=O)Nc1cc(ccn1)-c1ccnc(NC2CCOCC2)c1,0.87604076,2.383710667,338.411,3.083,-8.4,-8
COc1ccc(C2C(NC(=O)C=2c2c3c(n(C)c2)c(Br)ccc3)=O)cc1,0.671488113,2.450962682,411.255,3.5166,-8.9,-8.3
c1c(cc(NC(C2CN(CCC2)C(=O)NC(C)C)=O)nc1)C1CCC1,0.881137863,2.761325516,344.459,3.1176,-8.6,-8
C1CC(CCN1C(C(C)C)=O)Nc1nc2cc(Cl)cc(c2cn1)F,0.920287348,2.439401346,350.825,3.4812,-8.3,-8.1
c1cccc(c1)N=C1SC(=Cc2cc(OC)c(O)cc2)C(=O)N1,0.849187172,2.65940271,326.377,3.2924,-7.6,-7.7
c1cc(ccn1)C1C(NC(=O)C=1c1ccc(F)cc1)=O,0.844636013,2.149062354,268.247,1.7879,-7.4,-7.4
c1c(C2C(=O)NC(C=2c2ccccc2F)=O)ccc(c1)OC,0.885129722,2.012239486,297.285,2.4015,-7.6,-8
Oc1ccccc1-c1n[nH]c(n1-c1ccc(F)cc1)=O,0.749203116,2.126629156,271.251,2.0723,-7.5,-7.5
N(c1cc(C2C(NC(C=2c2cc(ccc2)Cl)=O)=O)ccn1)C1CCOCC1,0.793382813,2.579779216,383.835,2.8931,-9.1,-9
c1(ccncc1)C1=C(C(=O)NC1=O)c1c(F)cc(cc1)F,0.858112314,2.301104637,286.237,1.927,-7.6,-7.5
c1(ccccc1)C=C1C(NC(NC1=O)=O)=O,0.527859515,2.064330014,216.196,0.436,-7.1,-7.6
c12c(cc(-c3cc(ncc3)NC3CCOCC3)nc2cccc1)C,0.785890913,2.251896509,319.408,4.19612,-8.9,-8.5
c1c(C2C(NC(=O)C=2c2cc(NC3CCOCC3)ncc2)=O)ccc(F)c1,0.81135624,2.535260281,367.38,2.3788,-9.1,-8.9
c1c(cnc2[nH]nc(C#N)c21)-c1ccnc(c1)NCc1cccc(c1)Cl,0.56998931,2.66144204,360.808,4.15708,-9.4,-8.8
C1OCCC(Nc2nc3NC4CCCC4Nc3cn2)C1,0.764633661,3.79944061,275.356,1.826,-8,-7.9
c1cc(cc(C2=C(C(=O)NC2=O)c2cc(ncc2)NC2CCOCC2)c1)C,0.816294316,2.56692182,363.417,2.54812,-8.9,-9.1
C1COCCC1NC1C(=O)NC(=O)C=1c1ccnc(NC2CCOCC2)c1,0.657570158,2.902294608,372.425,0.8086,-9,-8.4
c1nccc(c1)C1=C(C(=O)NC1=O)c1cc(NC2CCOCC2)ncc1,0.814437546,2.651842647,350.378,1.6347,-8.9,-8.5
c1(C2C(=O)NC(C=2c2cc(ccc2)F)=O)cc(ncc1)NC1CCOCC1,0.81135624,2.588614128,367.38,2.3788,-9.2,-8.8
c1(cc(NC(C)C)ncc1)C1=C(C(=O)NC1=O)c1cc(NC2CCC2)ncc1,0.670159061,2.747888752,377.448,2.8285,-9,-8
n1c(NC2CCC(NC(=O)NC3CCOCC3)CC2)nccc1-c1ccc(F)cc1,0.698478898,2.410869312,413.497,3.484,-9.3,-9.2
Fc1ccc(cc1)CNc1cc2c([nH]nc2CNC(CCC)=O)nc1,0.616493804,2.431537775,341.39,3.1254,-8,-7.8
c1(C2=C(C(=O)NC2=O)c2c(cccc2)F)cn(c2ccccc21)C,0.738264262,2.262347057,320.323,2.8846,-8.7,-8.5
O=C1C(=C(C(=O)N1)c1ccc(cc1)F)c1sc(nc1)NC(=O)C1CC1,0.821353801,2.501907939,357.366,2.1979,-8.2,-8.1
C1(c2cc(NC3CCOCC3)ncc2)=C(COC1=O)c1ccc(F)cc1,0.854116743,2.592129287,354.381,3.2792,-8.8,-8.7
c1nc(cc(-c2cnc3c(c2)cccc3)c1)NC1CCCCC1,0.736156557,2.079157833,303.409,5.0414,-9.1,-8.8
c1cc(C2=C(C(NC2=O)=O)c2ccnc(NC3CCC(OC)CC3)c2)ccn1,0.776414133,2.697116946,378.432,2.4133,-9.2,-8.5
C1(NC(=O)C(c2cc(ncc2)NC2CCOCC2)=C1c1ccccc1)=O,0.827718733,2.476063902,349.39,2.2397,-8.7,-8.6
c1cc(cc2c1-c1c(ccc(-c3ccnc(c3)Nc3ccccc3)c1)C2)Cl,0.382169571,2.142908654,368.867,6.7168,-10,-9.8
Oc1ccccc1C1=C(C(NC1=O)=O)c1cc(NC2CCCC2)ncc1,0.738417556,2.486616566,349.39,2.7089,-9.1,-8.8
c1cc(C2C(NC(C=2c2ccncc2)=O)=O)cc(c1)C1CC1,0.883668702,2.321892588,290.322,2.5262,-8.3,-7.7
COc1c(OC)cc(cc1OC)C1=C(c2ccc3OCOc3c2)C(=O)NC1=O,0.789795238,2.422502384,383.356,2.0083,-8.1,-7.9
C1(=C(c2ccc(Cl)cc2)C(=O)NC1=O)Sc1[nH]c(-c2ccc(F)cc2)nn1,0.655009009,2.804461027,400.822,3.424,-9,-8.8
N(c1nccc(c1)-c1ccnc(c1)Nc1ccc(cc1)F)C1CCOCC1,0.69189825,2.325795577,364.424,4.6172,-8.9,-8.3
c1(nc(C(N)=O)cc(C2=C(c3ccccc3)C(NC2=O)=O)c1)NC1CCCC1,0.691628795,2.545859083,376.416,2.1022,-9.4,-8.6
c1(cn(c2ncc(cc2c1=O)-c1ccccc1Cl)C)C(=O)NC1CCOCC1,0.736345341,2.423964468,397.862,3.1627,-9.5,-8.7
c1c(C2=C(c3cccc(F)c3)C(NC2=O)=O)cc(nc1)Nc1ccccc1,0.699326077,2.289144897,359.36,3.5315,-9.6,-9.1
c1nc2cccc(Cl)c2c(c1)NC1CCCN(C1)C(=O)c1cccc(CC)c1,0.664817249,2.682604633,393.918,5.1673,-8.4,-8.8
c1cc(C2=C(c3cc(Cl)ccc3)C(=O)NC2=O)cc(Br)c1,0.828657427,2.17352289,362.61,3.6697,-7.7,-8.2
C1(C(NC(=O)C=1c1cc(ncc1)NC1CCOCC1)=O)c1ccc(Cl)cc1,0.793382813,2.530676849,383.835,2.8931,-8.8,-9.1
c1c(c(F)ccc1)N=C1NC(=O)C(=Cc2cccc(Cl)c2)S1,0.829568361,2.729688192,332.787,4.3707,-8,-8.1
c12c(NC3CCOCC3)nccc1cc(n2C(C)C)-c1ccccc1Cl,0.656844878,2.68483072,369.896,5.5285,-8.1,-8.1
c1(C2C(=O)NC(=O)C=2c2ccc(Cl)cc2)ccnc(c1)NC1COCC1,0.809301547,2.993536253,369.808,2.503,-8.2,-8.7
c1c(ncc(-c2ccnc(c2)NC(C2CC2)=O)c1)NC(CC)=O,0.889124861,2.141482258,310.357,2.8406,-8.1,-7.6
NC(=O)c1ccc(OC2CCCC2)c(-c2cc(ncc2)Nc2ccc(F)cc2)c1,0.616266303,2.244361075,391.446,5.0516,-9.5,-8.5
N(C(=O)CCC)c1c2c([nH]n1)cc(Cl)c(-c1ccccc1)c2,0.737928189,2.148466214,313.788,4.6219,-8.2,-7.7
c1ccc(cc1)C1C(=O)NC(C=1c1ccnc(NC2CNC2)c1)=O,0.733129242,2.518088322,320.352,1.0325,-8.2,-8.2
c1cc(Cl)cc(c1)NC1C(NC(C=1c1cc(ncc1)NC1CCOCC1)=O)=O,0.670604368,2.652026348,398.85,2.8055,-9.3,-8.4
C1(=C(C(NC1=O)=O)c1cc(Nc2ccccc2)ncc1)c1ccc(F)cc1,0.699326077,2.235791051,359.36,3.5315,-9.5,-9.1
c1(cc(C(=O)N)ccc1)NC1=C(c2cc(c(cc2OC)OC)OC)C(NC1=O)=O,0.600526584,2.414503768,397.387,1.2909,-8.5,-8.1
c1(cc(NC(C)C)ncc1)-c1ccnc(NC2CCC(CC2)O)c1,0.781738859,2.486284309,326.444,3.6793,-7.9,-7.6
C1(c2c(C(N1)=O)c(cc(-c1ccnc(c1)NC1CCOCC1)c2)F)=O,0.837980302,2.666553159,341.342,2.3622,-9.2,-9.2
N1CCCC1C(=O)Nc1nccc(c1)C1=C(C(=O)NC1=O)c1cccc(F)c1,0.697936207,3.043155808,380.379,1.4784,-9.5,-9.1
c1cc(ccc1F)C1=C(c2ccnc(NC3CCCC3)c2)C(=O)NC1=O,0.830425976,2.400630105,351.381,3.1424,-9.2,-8.7
c1(ccnc(NCC2CCOCC2)c1OC(C)C)-c1ccnc(c1)NC1CCC1,0.672064754,2.735777559,396.535,4.7337,-8.3,-7.8
c1(NC2CCOCC2)nccc(C2C(=O)NC(=O)C=2c2ccccc2F)c1,0.81135624,2.570143713,367.38,2.3788,-9,-8.9
c1c(nccc1C1C(NC(C=1c1cc(ncc1)NC1CCCC1)=O)=O)NC1CCCC1,0.619700957,2.72176203,417.513,3.7528,-10.1,-8.6
c1ccc(Cl)cc1C1C(=O)NC(C=1c1cc(nn1C)C)=O,0.862378643,2.499628501,301.733,1.94912,-7.8,-7.3
n1[nH]c2c(cc(NC3CCC(CC3)O)nc2c1)-c1cc(NC2CC2)ncc1,0.554351315,2.880747189,364.453,3.3096,-8.8,-8
C1(C(=O)Nc2c(Cl)cccc2)CC1,0.772647423,1.402462827,195.649,2.6885,-5.8,-5.6
c1cc(C#N)cc2ncc(c(c12)NC1CCN(CC1)C(=O)NCC)C#N,0.886824667,2.567343835,348.41,2.58396,-8.6,-8.3
c1c(ccc(F)c1)C1=C(C(NC1=O)=O)N1CCc2c(cccc2)C1,0.862964151,2.330792001,322.339,2.2515,-8.6,-8.2
c1cc(C2=C(c3ccnc(NCC4CCOCC4)c3)C(=O)NC2=O)c(c(OC)c1)OC,0.660413306,2.696056685,423.469,2.5045,-9,-8.6
C1CCCN(c2ccc(cc2)Nc2cc(Cl)ccn2)C=1,0.893656535,2.542500672,285.778,4.5925,-7.5,-7.8
C1C(C1)c1c(Cl)cnc(NC2CCC(Oc3nccc(Cl)c3)CC2)c1,0.750285384,2.691624313,378.303,5.4629,-8.3,-7.7
n1c(c2cc(NC3CCCCC3)ncc2n1C(C)C)NC1CCCC1,0.793126974,2.708920783,341.503,5.1113,-8.3,-8
N1(CCC(C1)O)Cc1n[nH]c2c1cc(cc2)NC(C)=O,0.782265181,2.868127368,274.324,1.0879,-7.4,-7.2
c1c(cccc1)C=Cc1ccnc(c1)NC1CCOCC1,0.923543574,2.232531533,280.371,3.8429,-7.9,-7.7
C1(c2cn(c3ccccc32)C)C(NC(=O)C=1c1ccc(cc1)Cl)=O,0.72915021,2.217076243,336.778,3.3989,-8.1,-8.5
Clc1c(ccc(c1)NC1C(=O)NC(C=1c1cc(n(C)c1)C(=O)N)=O)Cl,0.705880829,2.702057119,379.203,1.9104,-8.3,-8.2
N=C1NC(=O)C(=C1Nc1cccc(c1)Cl)c1cc(NC2CCOCC2)ncc1,0.620299927,2.913732331,397.866,3.25617,-8.5,-8.7
n1cc(cc(NC2CCOCC2)n1)-c1n[nH]c(=O)n1-c1ccc2c(c1)cccc2,0.5578996,2.731673508,388.431,2.7617,-9.5,-9.8
O=C1C(c2ccnc(NC3CCC(O)CC3)c2)=C(C(=O)N1)c1ccc(F)cc1,0.708150074,2.559435237,381.407,2.5033,-9.7,-8.6
c1(C2C(=O)NC(=O)C=2c2ccnc(NC3CCOCC3)c2)cc(F)ccc1,0.81135624,2.588614128,367.38,2.3788,-9.1,-9
c1(cc(ccc1)C1=C(C(NC1=O)=O)c1ccnc(c1)NC1CCCCC1)OC,0.78086397,2.43450669,377.444,3.402,-9.4,-8.8
c1cc(C#N)ccc1C1C(NC(=O)C=1c1cccnc1NC1CCCCC1)=O,0.803436995,2.519245152,372.428,3.26508,-9.5,-8.4
c1ccc(F)cc1C1=C(c2cnc(cc2)NC2COC2)C(=O)NC1=O,0.827294844,2.625558495,339.326,1.5986,-8.5,-8.1
c1c(ccc(Cl)c1)C1=C(c2cc(ncc2)NC2CCCC2)C(NC1=O)=O,0.808919745,2.395863336,367.836,3.6567,-9,-8.8
c1ccc(cn1)CN1CCN(CC1)c1nc2cccc(Cl)c2c(Cl)c1,0.686893408,2.233707506,373.287,4.2588,-8.6,-8.5
C1(Nc2nccc(c2)-c2n[nH]c(n2-c2cc3c(cc2)ccc(c3)Cl)=O)CCOCC1,0.519523385,2.647460746,421.888,4.0201,-9.7,-8.7
c1c(nc(cc1)NC1C(=O)NC(=O)C=1c1ccccc1)C1CC1,0.851177146,2.486833479,305.337,2.4386,-8.2,-8.2
c1ccc2c(C(=O)N(C2=O)C)c1,0.530237231,1.619726177,161.16,0.9124,-6,-6.1
O=C1C(=C(c2cc(ncc2)NC2CCOCC2)C(=O)N1)c1ccc(F)cc1,0.81135624,2.535260281,367.38,2.3788,-8.9,-9
C1(C(=C(C(N1)=O)c1ccnc(NC2CCOCC2)c1)c1ccc(cc1OC)OC)=O,0.706297347,2.610704623,409.442,2.2569,-9.5,-7.7
N1C(C(=C(c2nccc(C(N)=O)c2)C1=O)Nc1ccc(cc1)F)=O,0.719102925,2.47853843,326.287,0.7992,-8.2,-8
n1c(ccc2ncc(cc12)C(N)=O)NC1CCC(N)CC1,0.790071377,2.417540544,285.351,1.4105,-7.8,-7.7
C1C(C1)C(Nc1cc(ccn1)-c1ncc(c(=O)[nH]1)-c1ccccc1)=O,0.76883094,2.240176236,332.363,2.8474,-8.5,-8.1
C1CC(NC(=O)COC)CCN1C1CCC(Nc2cc(-c3ccccc3)ccn2)CC1,0.712274037,2.363142081,422.573,3.6987,-9.3,-9.3
c1c(Nc2cc(ccn2)-c2n(C)nc(-c3ccco3)c2)cc(cc1)OC,0.576476793,2.363418153,346.39,4.4943,-8.6,-7.7
O(c1cc(ccc1)C1C(=O)NC(=O)C=1c1ccnc(c1)NC1CCOCC1)C,0.774833116,2.557756263,379.416,2.2483,-9.1,-8.8
n1c(ncc2c1[nH]nc2NC(=O)CCC)-c1ccc(F)cc1,0.775561944,2.323193687,299.309,2.8976,-8,-7.3
c1c(cc(O)cc1C1=C(C(NC1=O)=O)c1cc(ncc1)NC1CCOCC1)OC,0.663991913,2.751922567,395.415,1.9539,-9.2,-8.7
n1c(c(ccc1NC1CCOCC1)-c1cc2c(c(n1C(C)C)=O)cccc2)OC,0.702202222,2.682244718,393.487,4.2439,-9,-8.8
c1nc(cc(NC2CCC(O)CC2)n1)C1C(=O)NC(C=1c1ccc(Cl)cc1)=O,0.683068537,2.689194468,398.85,2.4126,-8.6,-9.1
c12ccncc2c(NC2CCC(CC2)O)n[nH]1,0.736065048,2.591403813,232.287,1.6733,-6.8,-6.8
c1c(C2=C(c3ccnc(c3)Nc3ccc(cc3)F)C(NC2=O)=O)cccc1,0.699326077,2.228271524,359.36,3.5315,-9.6,-8.9
n1c(NC2CCCC2)cc(-c2n[nH]c(n2-c2cc3ccccc3cc2)=O)cc1,0.565510953,2.416380112,371.444,4.1303,-9,-9.5
c1cc(F)c2c(nc(nc2c1)-c1ccc(O)cc1)NC1CCOCC1,0.760920589,2.330397285,339.37,3.7324,-8.7,-8.2
c1(Cl)c(cccc1)C1=C(C(NC1=O)=O)c1cc(NC2CCCC2)ncc1,0.808919745,2.416717489,367.836,3.6567,-8.8,-8.3
c1(C2C(NC(=O)C=2c2ccnc(NC3CCC3)c2)=O)cc(ccc1)OC,0.811326201,2.423697473,349.39,2.6218,-8.8,-8.4
c1c(-c2cc(Nc3ccc(cn3)C3CC3)ncc2)cc(Nc2ccc(cc2)F)nc1,0.41510353,2.39242718,397.457,6.0423,-9.4,-8.8
c1cc(cc(O)c1)C1=C(C(=O)NC1=O)c1cc(ncc1)N,0.71027036,2.481796945,281.271,0.9366,-7.9,-8
N(c1ccnc(c1)NC1CCC(O)CC1)C1CCC(OC)CC1,0.777743466,2.534596949,319.449,3.1665,-7.8,-7.5
c1c(CC2C(NC(C=2c2ccccc2)=O)=O)ccc(c1)OC,0.880385923,2.095334346,293.322,2.3479,-7.4,-7.5
C1C(CCOC1)C(Nc1nccc(C2C(=O)NC(C=2c2ccc(cc2)F)=O)c1)=O,0.773527668,2.507276043,395.39,2.153,-9.2,-9
c1(C(=O)N)cc(ccc1)C1C(NC(C=1c1cc(c(cc1)OC)OC)=O)=O,0.790390707,2.200392951,352.346,1.3699,-8.4,-8.2
N(C1CCOCC1)c1c2cc(-c3cc(Nc4ccccc4)ccc3)ccc2[nH]n1,0.421225733,2.313900996,384.483,5.5644,-9.7,-9.2
CC(Nc1nccc(C2=C(C(NC2=O)=O)c2cccc(C(O)=O)c2)c1)C,0.712584586,2.492031413,351.362,2.1673,-8.6,-8.1
c1(CC(N)=O)cc(ccc1)C1=C(C(=O)NC1=O)c1cc(O)c(cc1)O,0.48135042,2.43915224,338.319,0.6928,-8.9,-8.6
C1C(C1)C(Nc1cc(ccn1)C1=C(c2ccc(Cl)cc2)C(=O)NC1=O)=O,0.813018404,2.340476065,367.792,2.6507,-8,-8.7
c1c(N=C2NC(C(S2)=Cc2cc(OC)c(OC)c(OC)c2)=O)ccc(F)c1,0.790498225,2.684254099,388.42,3.7431,-7.8,-7.2
n1c(cc(-c2ccnc(c2)NC2CCOCC2)nc1NC1CCC(CC1)N)C,0.730661747,2.679710359,382.512,3.11972,-9.1,-8.3
c1(-c2cc(ncc2)NC2CCC(O)CC2)n[nH]c(=O)n1-c1ccc2OCCOc2c1,0.604584906,2.730233998,409.446,2.1092,-9.6,-9.2
c1c(-c2cc(NC3CCOCC3)ncc2)n(-c2cc3c(cc2)cccc3)c(n1)O,0.544425061,2.648949179,386.455,4.384,-9.6,-9.4
Clc1ccccc1C1C(=O)NC(C=1c1ccnc(NC2CCOCC2)c1)=O,0.793382813,2.55072892,383.835,2.8931,-9.1,-8.9
C1(=O)C(c2cc(F)ccc2)=C(c2c(cccc2)F)C(N1)=O,0.861840499,2.11130907,285.249,2.532,-8,-7.9
c1c(C2=C(c3c4n(c(C(=O)N)ccc4)nc3)CCC2)cc(cc1)OC,0.793775237,2.643128159,333.391,3.5365,-8.5,-8.3
O=C1C(c2cc(ncc2)NC2CCOCC2)=C(C(=O)N1)c1ccc(F)cc1,0.81135624,2.535260281,367.38,2.3788,-9,-9
c1c2c(ccc1Cl)NC(C2=C1C(NC(S1)=Nc1ccc(F)cc1)=O)=O,0.748768457,2.941958712,373.796,3.693,-9.4,-9.4
c1c(C2=C(c3cc(ncc3)NC3CCOCC3)C(=O)NC2=O)cccc1,0.827718733,2.476063902,349.39,2.2397,-8.9,-8.6
c1c(ccc(C2C(=O)NC(=O)C=2c2ccc(cc2)F)c1)F,0.861840499,1.960878592,285.249,2.532,-8.1,-7.6
C1CC1C(Nc1nccc(c1)C1C(=O)NC(C=1c1cc(ccc1)Cl)=O)=O,0.813018404,2.392941607,367.792,2.6507,-8.3,-8.7
Fc1cccc(c1C1C(NC(=O)C=1c1ccnc(c1)NC1CCOCC1)=O)F,0.790955113,2.713129275,385.37,2.5179,-9,-9.1
c12c(cnc(n2)NC2CCC(CC2)O)cc(-c2ccc(F)cc2)cc1,0.753644397,2.213036905,337.398,4.1513,-8.7,-8.7
c1c2c(cccc2)ccc1-n1c(C)c(-c2ccnc(NC3CCOCC3)c2)nn1,0.564661416,2.502107498,385.471,4.38182,-10.1,-8.9
c1c(ccc(c1)Nc1cc(-c2ccccc2)ccn1)NC1=CCCCC1,0.566562479,2.258892211,341.458,6.362,-9.1,-8.8
c1nc2[nH]nc(NC3CCN(CC3)C(=O)NCC)c2cc1Cl,0.808443858,2.569096984,322.8,2.2171,-7.9,-7.6
C1(=O)NC(C(=C1Nc1ccc(Cl)cc1)c1ccnc(c1)NCc1ccccc1)=O,0.543769081,2.336024262,404.857,3.8267,-9,-8.4
c1ccc(C2=C(c3ccc(cc3)OC)C(=O)NC2=O)cc1,0.876798261,1.888820544,279.295,2.2624,-7.5,-7.7
c1c(C2C(NC(C=2c2cccc(F)c2)=O)=O)cc(NC2CCCC2)nc1,0.830425976,2.456118105,351.381,3.1424,-9.2,-9
c1c2c(n(cc2C2C(NC(C=2c2ccccc2)=O)=O)C)cc(NC2CCOCC2)n1,0.655750862,2.722846977,402.454,2.7314,-9.8,-8.6
c12ccccc2n(C)cc1C1=C(C(NC1=O)=O)c1c(cccc1)Cl,0.72915021,2.240077148,336.778,3.3989,-8.8,-8.4
c1(cc(ccc1)C1=C(c2nc(-c3ccccn3)ccc2)C(=O)NC1=O)C,0.7434598,2.39114272,341.37,3.01922,-9.6,-9.5
O=C1NC(=O)C(=C1c1ccc(F)c(c1)F)c1ccnc(NC2CCCCC2)c1,0.79062104,2.524018506,383.398,3.6716,-9.7,-9.3
O=C1C(=C(c2ccnc(NC3CCOCC3)c2)C(=O)N1)c1ccc(cc1)Cl,0.793382813,2.530676849,383.835,2.8931,-8.8,-9
N1C(=O)C(c2cc(ncc2)NC2CCC(CC2)O)=C(C1=O)c1ccc(cc1)F,0.708150074,2.559435237,381.407,2.5033,-9.2,-9.6
c1(ccccc1)C1C(=O)NC(=O)C=1c1cc(NC2CCCCC2)ncc1,0.831840219,2.344705805,347.418,3.3934,-9.2,-8.7
c1cc(F)cc(N=C2SC(=Cc3ccccc3)C(=O)N2)c1,0.85858183,2.642887,298.342,3.7173,-7.7,-7.7
COc1cc(ccc1O)C1C(NC(C=1c1ccc(F)c(F)c1)=O)=O,0.84606332,2.306755881,331.274,2.2462,-8.5,-8.3
C1(n2c([nH]nc2-c2ccnc(NC3CCC(O)CC3)c2)=O)CCOCC1,0.767352677,2.817032728,359.43,1.7003,-8.6,-8.5
c1(C(=O)N)cccc(C2=C(CO)C(=O)NC2=O)c1,0.605538767,2.490535049,246.222,-0.8122,-7.4,-7.5
c1(nccc(-c2cc3C(NCCCn3c(n2)=O)=O)c1)NCC1CCOCC1,0.842430709,2.848455855,369.425,1.2773,-9.2,-8.7
c1(ccnc(NC2CCC(NC(=O)NC(C)C)CC2)c1)-c1ccc(F)cc1F,0.708616189,2.347577165,388.462,4.4575,-9.1,-8.4
C1(Nc2nccc(-c3ccc(cc3)F)n2)CCN(C(NCC)=O)CC1,0.895492449,2.172278159,343.406,2.8885,-8.6,-8.4
C1(c2cc(NC3CCOCC3)ncc2)=C(C(NC1=O)=O)c1ccc(Cl)cc1,0.793382813,2.530676849,383.835,2.8931,-8.8,-9.1
c1nc(cc(c1)-c1nccc(C2=C(c3ccc(OC)c(OC)c3)C(NC2=O)=O)c1)NC1CCOCC1,0.489496132,2.75753063,486.528,3.3189,-9.9,-9.7
Fc1cc(ccc1)C1=C(c2cc(ncc2)NC2CCOCC2)C(=O)NC1=O,0.81135624,2.588614128,367.38,2.3788,-9.1,-9
c1(ccc(cc1)C1C(=O)NC(C=1c1cc(NC2CCCC2)ncc1)=O)F,0.830425976,2.400630105,351.381,3.1424,-9.2,-8.9
[nH]1nc(-c2cc(NC3CCOCC3)ncc2)nc1-c1c2c(cccc2)n(c1)C,0.570251712,2.671221076,374.448,3.6163,-10,-9
N(c1cc(NC(=O)C2CC2)ncc1Cl)c1cccc(c1)F,0.898486286,2.094179735,305.74,3.9662,-7.7,-7.7
Fc1cc(ccc1O)C1C(=O)NC(C=1c1ccnc(c1)NC1CCOCC1)=O,0.699288169,2.716426391,383.379,2.0844,-9.4,-9.1
C1CC(CCC1O)Nc1nc2n(C(C)C)c(ccc2cn1)=O,0.907201535,2.599664796,302.378,2.0878,-7.8,-7.6
C1C(Oc2cc(ncc2)NC(=O)C2CC2)CCN(C(=O)NC(C)C)C1,0.857379251,2.333263764,346.431,2.3913,-7.7,-7.8
O=C1C(=C(C(N1)=O)c1ccnc(NC2CCOCC2)c1)c1cc(ccc1)Cl,0.793382813,2.579779216,383.835,2.8931,-9,-9
c1c(-c2cc(ncc2)NC2CCOCC2)cn(-c2ccc3c(c2)ccc(c3)C(=O)N)n1,0.519214888,2.565927372,413.481,3.7773,-10,-9.3
c1cc(ncc1C1C(NC(C=1c1cc(NC2CCCC2)ncc1)=O)=O)NC1COCC1,0.618260365,3.274720046,419.485,2.5991,-9.6,-8.4
c1cnc(cc1C1=C(C(NC1=O)=O)c1ccc(c(Cl)c1)Cl)NCC1CC1,0.765312607,2.530426328,388.254,3.7775,-8.3,-8.1
C1CC(CCc2ncc(C(=O)N)[nH]2)CCC1NCc1c(c(F)ccc1)F,0.707717038,2.66509581,362.424,3.068,-8.2,-8.1
c1(nccc(c1)C1=C(c2ccnc(NC3CCOCC3)c2)C(=O)NC1=O)NC1CCCC1,0.601624857,2.834395949,433.512,2.9892,-10.1,-8.7
CCCC(=O)NCC1CCC(CC1)CNc1cc(-c2cccnc2)ccn1,0.731727296,2.342929272,366.509,4.2782,-8.2,-7.5
c1(F)cc(-c2nnc3n2c(ccc3)NC2C(NC(C=2c2ccccc2)=O)=O)ccc1F,0.498303622,2.773394456,417.375,3.1541,-10.1,-9.4
c1ccccc1C1=C(c2ccnc(NC3CCC3)c2)C(NC1=O)=O,0.849937184,2.335541834,319.364,2.6132,-8.4,-8.1
c1c(C2=C(C(=O)NC2=O)c2ccnc(NC3COCC3)c2)ccc(c1)F,0.821980809,2.998303022,353.353,1.9887,-8.6,-8.5
C1(c2ccc(cc2)OC)=C(C(NC1=O)=O)c1ccnc(NC2CCOCC2)c1,0.774833116,2.510002416,379.416,2.2483,-9.2,-8.9
n1c(nc(-c2ccccc2)o1)-n1c(-c2ccnc(Nc3cccnc3)c2)cnc1,0.48912572,2.692787468,381.399,4.1229,-9.3,-8.3
C(c1ccc(Cl)cc1)=C1N=C2SC(=Nc3ccccc3)N=C2N1,0.779066194,3.197278461,338.823,3.3049,-9.4,-8
c1cnc(cc1C1C(=O)NC(C=1Nc1cc(ccc1)OC)=O)C1CC1,0.820559152,2.507955895,335.363,2.4472,-8,-7.9
c1c(cc(nc1)NC1CCN(C(C)C)CC1)-c1ccc(F)cc1,0.917889634,2.076880332,313.42,4.1724,-8.4,-8.2
C1(c2cc(ncc2)NC2CCOCC2)=C(c2cc(c(Cl)cc2)Cl)C(=O)NC1=O,0.742939941,2.633025814,418.28,3.5465,-9.1,-9.3
C1(c2ccnc(c2)NC2CCCCC2)=C(c2ccc(Cl)cc2)C(NC1=O)=O,0.783688512,2.402686909,381.863,4.0468,-9.3,-9.1
c1(NC2CCN(CC2)C(=O)NCC)nccc(-c2ccc(cc2)Cl)c1,0.867803748,2.141791621,358.873,4.0078,-8.6,-8
Cc1cc(N2CCOCC2)nc2c1nc(NC(CCC)=O)n2C,0.931543071,2.515004625,317.393,1.85192,-7.7,-7.6
c1c(C2=C(c3ccnc(c3)NC3CCOCC3)C(NC2=O)=O)ccc(F)c1F,0.790955113,2.648808699,385.37,2.5179,-9.4,-9.2
c1(c(cc(C2=C(C(=O)NC2=O)c2cc(N)ncc2)cc1)F)OC,0.834880617,2.442972706,313.288,1.3787,-8.2,-7.7
c1c(ccc(C2C(=O)NC(C=2c2ccc(cc2F)F)=O)c1)Cl,0.864154688,2.143094353,319.694,3.1854,-7.8,-7.9
C1(C(NC(=O)C=1c1cc(ncc1)NC1CCOCC1)=O)c1ccc(F)cc1,0.81135624,2.535260281,367.38,2.3788,-9,-9
c1cc(ccc1)-c1cc(N=C(C)O)nc(n1)NC1CCCC1,0.657800777,2.547350761,296.374,4.106,-8.6,-7.7
c1cc(ccc1F)-c1cc(NC2CCCCC2)ncc1Cl,0.833531119,2.031624705,304.796,5.2857,-8,-7.9
c1(C2=C(c3ccnc(NC4CCOCC4)c3)C(=O)NC2=O)ccc(cc1)Br,0.732489739,2.578291642,428.286,3.0022,-9,-9
C1(C(=O)N(C(=O)N1)c1ccc(F)cc1)c1ccnc(c1)NC1CCOCC1,0.808627214,2.990840275,370.384,2.6091,-9,-8.1
c1ccc(c(c1)NC(=O)C1CCOCC1)-c1cc2c(nc1)[nH]cc2C,0.76257884,2.368413512,335.407,3.90342,-9.3,-8.3
c1(C2C(NC(=O)C=2c2cccc(F)c2)=O)cc2c(cc1)nc[nH]2,0.713200932,2.461675437,307.284,2.2692,-8.4,-8.6
c1c(cc(nc1)NC1CCCC1)C1=C(C(NC1=O)=O)c1ccccc1,0.843948257,2.337633323,333.391,3.0033,-8.7,-8.7
c1ccccc1C1=C(C(NC1=O)=O)Nc1ccnc(n1)NC1CCOCC1,0.690478216,2.656760236,365.393,1.5471,-8.6,-8.4
[nH]1nc(-c2cc(ncc2OC)OC)c2c1ccc(NC(C1CC1)=O)n2,0.739827185,2.680010933,339.355,2.3856,-8.1,-7
c1(c(Cl)cccc1)C1=C(C(NC1=O)=O)c1c(ccc(F)c1)Cl,0.850313677,2.169059297,336.149,3.6997,-7.8,-7.9
[nH]1cnc2c1nc(NC1CCCC1)c(c2)-c1cccc(NC2CCCC2)c1,0.574215742,2.635214851,361.493,5.3339,-8.5,-8.5
c1cc(ccc1-n1c(-c2ccnc(NC3CCOCC3)c2)n[nH]c1=O)F,0.750426955,2.510373214,355.373,2.3526,-8.4,-8.7
C1CC1c1cc(ccn1)C1C(NC(=O)C=1Nc1ccc(O)cc1)=O,0.592688603,2.560493437,321.336,2.1442,-7.9,-8.1
n1(c2cc(N=C3NN(C5CCCCC5)C(=O)CS3)nnc2ccc1=O)C,0.863020925,3.433632566,372.454,1.7287,-9.2,-8.3
c1(ccc(Cl)cc1)C1=C(C(NC1=O)=O)c1cn(c2ccc(cc12)Br)C,0.639010313,2.370124203,415.674,4.1614,-8.4,-7.8
CCCn1c2cc(Br)ccc2cc1-c1ccnc(NC2CCOCC2)c1,0.602180619,2.545066939,414.347,5.4667,-8.2,-7.9
O=C(c1c(ncc(c1)C1C(NC(=O)C=1c1c(F)cccc1)=O)OC)N,0.80257349,2.519064614,341.298,0.8954,-8.5,-8.3
O=C1NC(C(=C1c1cn(c2c1cccc2)C)c1cc(Cl)ccc1)=O,0.72915021,2.273399546,336.778,3.3989,-8.5,-8.3
c1(Nc2cc(nc(C3CCOCC3)c2)C2CCOCC2)nccc(c1)C,0.887153693,2.791011707,353.466,4.31662,-8.6,-8.3
O=C1NC(C(c2ccnc(c2)NC2CCC2)=C1c1ccc(F)cc1)=O,0.841806812,2.399366946,337.354,2.7523,-8.7,-8.4
Clc1cc(cc(c1)C1=C(C(=O)NC1=O)c1ccnc(c1)NC1CCOCC1)Cl,0.742939941,2.705307929,418.28,3.5465,-9.4,-8.4
c1(cccc(Nc2ccc(C3C(NC=C(C=3)c3ccc(cc3)F)=O)cc2)n1)C,0.512060302,2.197662246,371.415,5.29502,-9.5,-8.8
c1ccc(-c2cc(C3C(NC(C=3c3ccncc3)=O)=O)ccc2)c(Cl)c1Cl,0.658647662,2.362554733,395.245,4.6226,-9.8,-8.5
COc1cc(cc(-c2n[nH]c3c2cc(nc3)NC(C2CC2)=O)c1)OC,0.746371264,2.403758712,338.367,2.9906,-8.1,-8.2
c1ccc(C2=C(c3ccc(F)cc3)C(=O)NC2=O)c(c1)F,0.861840499,2.040773477,285.249,2.532,-8.1,-7.9
C1COCCC1Nc1c(c(C)ccn1)-c1n[nH]c(n1-c1ccc2ccccc2c1)=O,0.544976096,2.691939942,401.47,3.67512,-9.1,-9.1
n1c(NC2CCOCC2)cc(cc1)C1=C(Nc2ccccc2)C(NC1=O)=O,0.704337705,2.562075329,364.405,2.1521,-8.6,-8.3
N(c1cc(ccn1)C1=C(c2cccc(c2)OC)C(NC1=O)=O)C1CCCC1,0.798456144,2.426596376,363.417,3.0119,-8.9,-8.6
c1(C=C2C(NC(=O)S2)=O)cccc(C2=C(c3ccnc(c3)NC3CCCCC3)C(NC2=O)=O)c1,0.446598168,2.868249224,474.542,3.7173,-10.7,-9.8
CCC(=O)NC1CCC(CC1)Nc1ncc2c(n1)sc(c2)-c1ccc(F)cc1,0.651028909,2.5131631,398.507,4.7467,-8.9,-8.1
C1(NC(C(=C1c1cc(F)ccc1)c1ccnc(c1)NC1CCOCC1)=O)=O,0.81135624,2.588614128,367.38,2.3788,-9.1,-9
C1(=O)C(=C(C(=O)N1)c1cc(ncc1)NC1CCC1)c1cnc(cc1)Nc1ccccc1,0.534837289,2.563692934,411.465,3.7518,-8.6,-8.5
c1c(cc(NC2CCOCC2)nc1C1CCCN1C(=O)C)-c1ccc(F)cc1,0.861301963,2.980890103,383.467,4.162,-8.8,-8.4
c1(ccc(CN2CCC(CC2)n2c(=O)[nH]c3ccccc32)cc1)F,0.802543684,1.97863698,325.387,3.3058,-8.8,-8.8
CC(=O)Nc1n[nH]c2c1cc(-c1c(F)cccc1)cc2,0.749346698,2.065713366,269.279,3.3274,-8.4,-8.5
C1CCCC(C(Nc2n[nH]c3c2cc(F)cc3F)=O)C1,0.885201097,2.371635633,279.29,3.3599,-7.9,-7.8
O=C(C1CC1)Nc1nccc(C2=C(C(=O)NC2=O)c2cccc(Cl)c2)c1,0.813018404,2.392941607,367.792,2.6507,-8.4,-8.6
O=C1NC(=O)C(=C1c1ccc(cc1)F)c1c(Cl)cccc1,0.866674616,2.015106463,301.704,3.0463,-7.9,-7.6
c1c(ccnc1NC1CCOCC1)C1C(=O)NC(=O)C=1c1cc(Cl)c(cc1)Cl,0.742939941,2.633025814,418.28,3.5465,-8.9,-9.1
c1cccc(C#N)c1-c1ccnc(Nc2cc(ccc2)C(=O)N)c1,0.771045221,2.086872938,314.348,3.46278,-9.1,-8.8
n1ccccc1NC1C(NC(=O)C=1c1cc(F)ccc1)=O,0.841077032,2.378180544,283.262,1.7003,-7.8,-7.7
Fc1cc(ccc1)C1=C(C(NC1=O)=O)c1ccc(C(=O)N)cc1,0.841772581,2.137840254,310.284,1.4918,-8.4,-8
c1(cccc(C2C(NC(C=2c2ccccc2)=O)=O)c1)C(=O)N,0.836828474,2.058930057,292.294,1.3527,-8.8,-8.2
O=C1C(c2ccc(F)cc2)=C(c2cc(N)ncc2)C(N1)=O,0.815120659,2.337681952,283.262,1.3701,-7.7,-7.8
C(Nc1c2c(nc(-c3cccc4c3cccc4)[nH]2)ncn1)CCO,0.49233083,2.38882912,319.368,2.9674,-8.5,-7.8
c1cc(C2C(=O)NC(=O)C=2c2cn(c3ccccc32)C)ccc1F,0.738264262,2.222333709,320.323,2.8846,-8.6,-8.4
c1(NC(C)C(=O)O)nccc(c1)-c1n(c(=O)[nH]n1)-c1ccccc1,0.655153267,2.819482481,325.328,1.5076,-8.1,-7.5
c1(cc2c(n1C(C)C)cccc2)-c1ccnc(NC2CCOCC2)c1,0.738734539,2.512064513,335.451,4.8751,-8.6,-8.4
c1cc2c(scc2C2=C(c3cccc(c3)OC)C(NC2=O)=O)cc1,0.745721528,2.282242169,335.384,3.4771,-8.4,-8.3
c1(C2=C(C(=O)NC2=O)c2cc(ncc2)NC2CCC2)ccc(F)cc1,0.841806812,2.399366946,337.354,2.7523,-8.7,-8.4
c1c(ccc(Cl)c1C(O)=O)-c1cc(ncc1)NC(=O)C1CC1,0.90510138,2.00258767,316.744,3.4487,-8,-7.9
c1nc(NC2CCCC2)nc(NCc2cc(ncc2)NC(=O)C2CC2)c1,0.70871908,2.380709449,352.442,3.1867,-8.6,-7.4
c1(N2CCOCC2)scc(-c2n[nH]c(c2)-c2ccnc(c2)Nc2cccnc2)n1,0.524327124,2.716626725,405.487,3.5704,-9.1,-8.9
c1(F)ccc(cc1)C1=C(C(NC1=O)=O)c1ccnc(NC2CCOCC2)c1,0.81135624,2.535260281,367.38,2.3788,-9,-9
c1c(Nc2nccc(c2)-c2ccnc(c2)Nc2ccccc2)cc(N2CCOCC2)cc1,0.428951658,2.288168954,423.52,5.4674,-9.5,-9.3
c1(ccccc1)-c1n(-c2ccc3ccccc3c2)c(nn1)-c1ccnc(Nc2ccc(OC)cc2)c1,0.287353079,2.260156391,469.548,6.9017,-9.8,-8.9
c1cccc2c1n(cc2C1C(=O)NC(C=1c1ccc(Cl)cc1)=O)C,0.72915021,2.217076243,336.778,3.3989,-8.1,-8.5
c1cccc2cc(Cl)ccc21,0.55644797,1.269602259,162.619,3.4932,-6.1,-6.4
C(C(Nc1nccc(C2=C(C(=O)NC2=O)c2cc(ccc2)Cl)c1)=O)C,0.825143362,2.402021786,355.781,2.6507,-8.7,-8.4
N(C1CCOCC1)c1cc(C2C(=O)NC(C=2c2ccc(c(Cl)c2)F)=O)ccn1,0.769628572,2.657286006,401.825,3.0322,-9.3,-9.4
n1ccc(-c2cc3c(n[nH]c3cc2)NC(CCC)=O)cc1NC1CCOCC1,0.602985034,2.558299852,379.464,3.9544,-9,-8.7
c1c(cc(cc1)N=C1CCC(CC1)C(=O)N)-c1cc(NC2CCOCC2)ncc1,0.801965205,2.794871256,392.503,4.0875,-9.1,-9.4
c1(cc(-c2n(nc(C(NCC3CCCCC3)=O)c2)C)ccn1)Nc1ccccc1,0.649390831,2.335437953,389.503,4.5358,-9.2,-8.6
C1CC2(CC1)CCN(CC2)C(C=Cc1c[nH]c2c1c(ccc2)F)=O,0.810327269,3.09337104,326.415,4.503,-9.1,-8.7
COc1ccc(C2C(NC(=O)C=2Nc2ccccc2)=O)cc1OC,0.824570041,2.105325564,324.336,2.1834,-7.7,-7.6
C1(NC(C(=C1c1ccnc(Nc2cc(c(cc2)Cl)Cl)c1)c1ccccc1)=O)=O,0.612137982,2.319715045,410.26,4.6992,-9.6,-8.7
c1(cc(ncc1)NCC1CCCCC1)C1=C(c2cccc(c2)OC)C(=O)NC1=O,0.734983252,2.478341295,391.471,3.6496,-9.2,-8.3
C1(C(NC(C=1c1cc(NC2CCOCC2)ncc1)=O)=O)c1cccc(c1)OC,0.774833116,2.557756263,379.416,2.2483,-9,-8.8
c1(-c2cnc3[nH]nc(OC(C)C)c3c2)ccccc1,0.77778341,2.274966985,253.305,3.4121,-7.7,-7.8
C1(c2cnccc2)=C(C(=O)NC1=O)c1cc(ncc1)NC1CCCCC1,0.830242339,2.527750137,348.406,2.7884,-8.9,-8.7
C1(c2ccc(F)cc2)=C(c2cc(NC3CCOC3)ncc2)C(NC1=O)=O,0.821980809,2.998303022,353.353,1.9887,-8.7,-8.5
c1(OC)cc(Nc2ncc3c(n2)[nH]nc3NC(CCC)=O)cc(Cl)c1,0.621033111,2.516117325,360.805,3.4971,-8.1,-7.5
c1(ccc(cc1C)-n1cc(C(=O)NCC2CCOCC2)cc1)F,0.941796448,2.403729283,316.376,3.08122,-8.3,-7.7
c1(ccnc(NC2CCC(CC2)NC(=O)C)c1)-c1n[nH]c2c1ccc(C#N)c2,0.649133194,2.620441733,374.448,3.35578,-9.4,-8.9
O=C(Nc1cc(ccc1)-c1cc(ncc1)NC(=O)CCC)C1CCOCC1,0.812534489,2.169982767,367.449,3.8523,-8.9,-7.7
n1c(NC2C(NC(C=2c2cc(N)ncc2)=O)=O)ccc(c1C)C,0.733784357,2.801895302,309.329,1.15524,-8.7,-8.2
C1(NC(=O)C(=C1c1cc(ncc1)NC1CCC1)c1ccc(F)cc1)=O,0.841806812,2.399366946,337.354,2.7523,-8.6,-8.4
c1cc(ccc1)C1C(NC(=O)C=1Nc1ccc(F)c(Cl)c1)=O,0.85596987,2.165938494,316.719,2.9587,-8.3,-8
c1c(NC2=C(C(NC2=O)=O)c2cc3c(cc2)OCO3)c(ccc1)OC,0.82842547,2.343908928,338.319,1.9035,-8.3,-8.3
c1(NC2CCCCC2)cc(ccn1)C1=C(C(=O)NC1=O)c1cc(NC2CCCC2)ncc1,0.595057522,2.72819153,431.54,4.1429,-10.4,-8.5
O=C1NC(C(=C1c1nccc(c1)C1C(=O)NC(C=1c1cc(F)ccc1)=O)Cl)=O,0.761468386,2.846507545,397.749,1.3942,-10,-9.1
c1c(-c2ccnc(c2)NC2CCCCNC2=O)cc2ccccc2c1,0.763051079,2.670475929,331.419,3.9824,-9.5,-9
c1cc(C2C(=O)NC(C=2c2ccc(cc2)F)=O)nc(NC2CCCC2)c1,0.830425976,2.432217797,351.381,3.1424,-8.7,-8.7
S1CC(=O)Nc2c1nc(-c1ccccc1)c(-c1ccnc(N)c1)c2,0.750186443,2.663768408,334.404,3.437,-8.7,-8.5
c1(n[nH]c2c1cc(cc2)F)NC(=O)CCC,0.835845871,2.117945398,221.235,2.4406,-6.8,-6.6
C1(=O)C(=C(C(=O)N1)c1cc(F)ccc1)c1ccnc(NC2CCC2)c1,0.841806812,2.45798103,337.354,2.7523,-8.9,-8.2
c1c(=O)n(C)cc(c1)c1c2c([nH]n1)cc(cc2)F,0.710902269,2.358521308,243.241,2.0677,-7.6,-7.5
c1c(cccc1)NC1C(NC(=O)C=1c1ccccc1)=O,0.835213173,1.958409695,264.284,2.1662,-7.5,-7.7
O=C1NC(C(=C1c1ccnc(NC2CCCC2)c1)c1cc(Cl)ccc1)=O,0.808919745,2.446929797,367.836,3.6567,-9.1,-8.8
c1c2c(cc(c1)-c1ccnc(c1)NC1CCOCC1)c(n[nH]2)NC(=O)C,0.67136963,2.541128072,351.41,3.1742,-9.1,-9.1
c12c(cc(NC3CCOCC3)nc2)nnn1C(C)C,0.915075475,2.720224048,261.329,1.9981,-7.4,-7
C1(O)CCC(O)CC1Nc1cc(ccn1)C1=C(c2ccc(cc2)F)C(=O)NC1=O,0.581732481,3.635344046,397.406,1.4741,-9.5,-8.7
c12c(n(-c3cc4c(cc3)c(F)ccc4)nc2)ncnc1NC1CCCC1,0.594290586,2.384137981,347.397,4.4623,-9.1,-8.9
c1(-c2cc(NC3CCOCC3)ncc2)c[nH]c(-c2ncc(cc2)NC2CCOCC2)n1,0.55917412,3.015084349,420.517,3.7155,-9.2,-8.8
c1c(C2=C(c3cc(NC4CCCCC4)ncc3)C(=O)NC2=O)ccc(c1)F,0.813387824,2.407270341,365.408,3.5325,-9.3,-8.6
OC(=O)c1ccc(cc1)Nc1nccc(-c2ccc(NC3CCC(CC3)O)cc2)c1,0.467375325,2.215982256,403.482,4.9058,-9.2,-8.9
c12cnc(NC3CCOCC3)nc2n(c(=O)[nH]1)C(C)C,0.882773092,2.711000006,277.328,1.2914,-7,-7.1
C1(C(=O)Nc2cc(C3C(NC(=O)C=3c3cc(ccc3)F)=O)ccn2)CCCO1,0.788800505,3.006539654,381.363,1.9054,-9.3,-8.6
C1(CCC(Nc2nccc(c2)C2C(=O)NC(C=2c2ccccc2F)=O)CC1)O,0.708150074,2.593446583,381.407,2.5033,-9.1,-9.1
c1cc(OC)c(OC)cc1C1C(NC(=O)C=1c1c(cccc1)Cl)=O,0.866866848,2.086626145,343.766,2.9244,-8,-7.8
c1c(cc(nc1)NC1C(=O)NC(C=1c1ccc(cc1)Br)=O)O,0.728979894,2.644999784,360.167,2.0293,-8.2,-7.5
C1(=O)NC(=O)C(=C1c1ccc(cc1)F)c1cc(NCC)ncc1,0.849453451,2.36362995,311.316,2.2197,-7.8,-8
C1(=O)NC(C(c2nnc(-c3ccncc3)s2)=C1c1ccc(F)cc1)=O,0.731355945,2.554599313,352.35,2.3064,-8.3,-9.1
c1(NC2CCOCC2)cc(C2=C(c3cccc(c3)OC)C(NC2=O)=O)ccn1,0.774833116,2.557756263,379.416,2.2483,-9,-8.6
c1(OC)n[nH]c(n1-c1cc2c(cc1)ccc(F)c2)=O,0.76378555,2.515700226,259.24,1.8615,-7.6,-7.7
c1cc(ccn1)C1=C(c2ccnc(c2)NC2CCOCC2)C(=O)NC1=O,0.814437546,2.651842647,350.378,1.6347,-9,-8.5
c1c2c(cc(-c3cc(c(O)nc3)C(N)=O)c1OC)c(N)n[nH]2,0.568825765,2.784634328,299.29,1.0202,-7.8,-8.1
c1c(c(ccc1-c1cnc2c(c1)cccc2NC(CCC)=O)Cl)C,0.672125114,2.033753166,338.838,5.60222,-8.8,-7.8
O(c1c(cc(CC2C(NC(C=2c2ccc(cc2F)F)=O)=O)cc1)OC)C,0.833921385,2.404052566,359.328,2.6347,-8.1,-8.2
c1cc(ccc1)C1=C(c2ccnc(NCCOC)n2)C(NC1=O)=O,0.610468839,2.42548364,324.34,1.1021,-7.6,-7.4
C(=O)(c1c(cccc1F)F)Nc1nccc(Nc2n[nH]c(n2-c2ccc3ccccc3c2)=O)c1,0.362564934,2.639057231,458.428,4.3829,-9.5,-9.3
c1(O)ccc(C2C(=O)NC(C=2c2ccc(OC)c(OC)c2)=O)cc1,0.839747578,2.136939348,325.32,1.9766,-8.4,-7.8
c1c(-c2n[nH]c(n2-c2cc3c(cc2)cccc3)=O)ccnc1NC1CCOCC1,0.560847365,2.543330396,387.443,3.3667,-8.8,-9.7
O=C1C(=C(c2cc(ncc2)NC2COC2)C(=O)N1)c1ccc(cc1)F,0.827294844,2.58349739,339.326,1.5986,-8.4,-8
c1cc(cc(c1)C1=C(C(NC1=O)=O)c1cc(nc(n1)N)C1CCCC1)Cl,0.811479245,2.672885207,368.824,2.937,-9.2,-9.1
O=C1NC(=O)C(=C1c1cc(ccc1)Cl)c1cnc(NC2CCCCC2)nc1,0.791128788,2.522211169,382.851,3.4418,-8.6,-8.3
c1cc(C=CC2C(NC(C=2c2ccnc(c2)NC2CCOCC2)=O)=O)ccc1Cl,0.739160133,2.796733603,409.873,3.4493,-9.2,-8.2
C1CCCC(C(Nc2cc(-c3ccnc(c3)Nc3ccccc3)ccn2)=O)C1,0.628632671,2.131844987,372.472,5.406,-9.6,-8.7
c1cc(C2C(NC(C=2c2cc(NCCO)ncc2)=O)=O)ccc1F,0.717770142,2.422109275,327.315,1.1921,-7.9,-7.8
c1(ccc(F)cc1Cl)-c1cc(c2cc(F)ccc2[nH]1)=O,0.718358279,2.141840795,291.684,4.1267,-8.4,-7.9
c1(ccnc(NC2CCCCC2)c1)C1=C(C(NC1=O)=O)c1ccc(F)c(F)c1,0.79062104,2.524018506,383.398,3.6716,-9.8,-9.3
c1(NC2CCCC2)cc(C2=C(C(NC2=O)=O)c2cc(F)ccc2)ccn1,0.830425976,2.456118105,351.381,3.1424,-9.1,-8.3
c1c(cc(nc1)NC1CCOCC1)-c1n[nH]c(n1-c1cc2ccccc2cc1)=O,0.560847365,2.543330396,387.443,3.3667,-9.5,-9.8
C1CC(CCC1C)Nc1cc(ccn1)C1C(NC(C=1c1ccc(cc1)Cl)=O)=O,0.757240281,2.495431391,395.89,4.2928,-9,-9.1
c1c(Cl)cc(cc1OC)-c1cnn(CC(=O)NC2CCOCC2)c1,0.900370927,2.354902369,349.818,2.5073,-8.1,-7.4
c1c(C2C(NC(C=2c2ccnc(NC3CCC3)c2)=O)=O)cccc1,0.849937184,2.335541834,319.364,2.6132,-8.5,-8.1
O1CCC(Nc2nccc(-c3n([nH]c(=O)c3)-c3c4c(ccc3)cccc4)c2)CC1,0.556659178,2.698917694,386.455,3.9717,-9.1,-9.1
c1c(F)ccc(C2=C(c3ccc(F)cc3)C(=O)NC2=O)c1,0.861840499,1.960878592,285.249,2.532,-8.2,-7.6
O=C1C(=C(c2ccncc2)C(=O)N1)c1ccc(F)c(c1)F,0.858112314,2.296411026,286.237,1.927,-7.7,-7.7
c1cc(F)cc2[nH]nc(NC(=O)C=Cc3cc(CO)c(OC)cc3)c21,0.622883729,2.392884606,341.342,2.8548,-8.1,-7.4
O1CCC(NC2CCC(CC2)Nc2nccc(n2)-c2n(C(C)C)c(nc2)C)C1,0.795501509,3.318799504,384.528,3.33102,-8.2,-8.2
N1C(C(c2cc(NC3CCOCC3)ncc2)=C(C1=O)c1cc(Cl)ccc1)=O,0.793382813,2.579779216,383.835,2.8931,-9,-9.1
c12c([nH]c(-c3cc(NC4CCOCC4)ncc3)n1)cc(cc2)C,0.776820471,2.378443393,308.385,3.52422,-8.4,-8.2
c1cccc(c1)C(N1C(C)Cc2c(C1)nn(c2C(=O)N)-c1ccccc1)=O,0.779302726,2.898963898,360.417,2.5582,-9,-8.1
N(C(=O)C1CC1)c1nccc(C2C(=O)NC(C=2c2ccc(cc2)F)=O)c1,0.826296828,2.34537343,351.337,2.1364,-8.9,-8.2
c1cc(ccc1OC)C1N(c2ccc(c(c2)F)F)C(=O)C(C1)Cl,0.790469792,3.113368001,337.753,4.0588,-7.8,-7.8
C1(c2ccc(cc2)Cl)=C(c2cc(ncc2)NC2CCOCC2)C(=O)NC1=O,0.793382813,2.530676849,383.835,2.8931,-8.8,-9.1
C1(c2n[nH]c3ccc(NC4CCOCC4)nc32)CCCN(C(C)C)C1,0.892684945,3.331657995,343.475,3.1366,-8.3,-8.2
n1(C)cc(c2cc(ccc12)OC)C1=C(C(NC1=O)=O)c1ccccc1,0.750397967,2.243743977,332.359,2.7541,-8.3,-8.3
[nH]1nc(C2CCOCC2)nc1-c1cc(n[nH]1)-c1cc(ncc1)Nc1c(cccc1)Cl,0.436404536,2.902113791,421.892,4.5478,-9.5,-9.2
c1cc(ccc1)Nc1nc(-c2ccnc(c2)NC2CCOCC2)cs1,0.705868459,2.283261082,352.463,4.5396,-8.4,-8
c1(-c2ccc(c(c2)F)F)nn(nn1)CC(=O)N1CCCCC1,0.864376258,2.173527753,307.304,1.6308,-8.1,-7.6
c1ccc(cn1)C1=C(C(NC1=O)=O)c1cc(ncc1)NC1CCCC1,0.838947428,2.528200024,334.379,2.3983,-8.8,-8.3
COc1cc(NCCCCC)ccc1Cn1c2c(c3c(cccc13)F)cc(cc2)F,0.327130778,2.337418577,408.492,6.7317,-8.5,-8.2
c12n(C(C)C)c(ccc2cc(nc1)NC1CCC(CC1)O)=O,0.914441578,2.660168022,301.39,2.6928,-7.7,-7.6
c1c(cnc(C)c1)C1=C(c2c3c(n(C)cc3)c(cc2)C)C(NC1=O)=O,0.734520583,2.68894772,331.375,2.75734,-8.6,-7.8
n1c(ccc2cc(ccc21)-c1c(Cl)cccc1)NC(=O)CCC,0.70775026,1.923125088,324.811,5.2938,-8.6,-8.2
n1ccc(-c2cc3OCOc3cc2)c2n1c(C)nn2,0.662605525,2.434116251,254.249,1.82842,-8,-7.5
c1(=O)cc(-c2ccc(Cl)cc2)ccn1C(C)C,0.792289021,2.056676074,247.725,3.7496,-6.9,-7
C1(c2ccc(OCC)cc2)=C(c2ccc(F)cc2)C(NC1=O)=O,0.883458671,2.013213619,311.312,2.7916,-8.1,-7.8
O(c1c(OC)cc2c(ccc(-n3c(=O)[nH]nc3-c3ccnc(NC4CCOCC4)c3)c2)c1)C,0.466992346,2.693779507,447.495,3.3839,-9.5,-8.3
O=C1C(=C(C(N1)=O)c1cc(ncc1)NC1CCCC1)c1cccc(C#N)c1,0.819668954,2.568785725,358.401,2.87498,-9.6,-8.9
c1c(F)ccc(c1)C1C(NC(C=1c1ccc(OC)c(OC)c1)=O)=O,0.876067301,2.068617879,327.311,2.4101,-7.9,-7.8
c1c(ccnc1NC1CCCC1)-c1n[nH]c(=O)n1-c1cc2c(ccc(c2)F)cc1,0.546569562,2.536845736,389.434,4.2694,-9,-9.4
c1(C2=C(C(=O)NC2=O)c2ccnc(NC3CCOCC3)c2)ccc(cc1)Cl,0.793382813,2.530676849,383.835,2.8931,-8.8,-9.1
c1(ccc2c(n1)c(NC1CCCC1)nc(NC1CCCC1)c2)C#N,0.882118867,2.638408969,321.428,4.21048,-8.3,-8.2
C1(CCC1)C(=O)Nc1cc(C2C(=O)NC(C=2c2ccnc(c2)NC2CCC2)=O)ccn1,0.623150627,2.690314368,417.469,2.7468,-10,-8
c1c2n[nH]c(c2ccc1-c1cc(NC2CCOCC2)ncc1)NC1CCC(CC1)O,0.511891075,2.882547153,407.518,3.9312,-9.4,-8.8
c1cc(NC2CCOCC2)cc(Oc2ccc3c(c2)CCC(N3)=O)c1,0.885944468,2.303636683,338.407,3.9545,-9.2,-9.4
N(C)c1nccc(c1)C1=C(C(=O)NC1=O)c1ccc(cc1)F,0.847946085,2.363353382,297.289,1.8296,-7.9,-7.9
c1cc(c2c(c1Cl)c(NC1CCOCC1)ncc2)CC,0.926135754,2.460530915,290.794,4.0415,-7.4,-7.7
O=C(N)c1cc(ncc1)NC1CCC(NC(=O)NC2CCCC2)CC1,0.655282705,2.311603159,345.447,2.1454,-8.3,-7.8
c1cc(cc2c1nccc2-c1ccccc1Cl)-c1ccnc(NC2CCOCC2)c1,0.430189676,2.385952512,415.924,6.2081,-9.7,-9.6
COc1cccc(C2=C(C(=O)NC2=O)c2ccc(Cl)c(c2)OC)c1,0.866866848,2.167965066,343.766,2.9244,-8.1,-8.1
c1(C2C(=O)NC(C=2c2cn(c3ccccc32)C)=O)cccc(c1)Cl,0.72915021,2.273399546,336.778,3.3989,-8.5,-8.3
c1c(ccc(c1)C1=C(c2cc(ncc2)NC2CCOCC2)C(NC1=O)=O)Cl,0.793382813,2.530676849,383.835,2.8931,-8.8,-9.1
c1(Cl)c(cc(cc1)C1C(NC(C=1c1ccnc(c1)NC1CCC1)=O)=O)OC,0.774370735,2.510404707,383.835,3.2752,-8.6,-8.2
c1ccc(C2=C(C(=O)NC2=O)c2c(cccc2)OC)c(c1)F,0.885129722,2.050037253,297.285,2.4015,-7.8,-7.7
c1cc(cc(c1)C1C(=O)NC(C=1c1c2c(c(NC3CCOCC3)ncn2)[nH]c1)=O)OC,0.542275918,2.900505242,419.441,2.1246,-9.2,-8.8
C1CC(Nc2cc(ccn2)C2C(NC(C=2c2ccc(F)cc2)=O)=O)CC1,0.830425976,2.400630105,351.381,3.1424,-9,-8.8
O=C1CSC(c2ccc(F)cc2)=C1c1ccnc(c1)NC1CCOCC1,0.881729211,2.780641028,370.449,3.9958,-8.5,-8.5
c1c(C2=C(c3ccc(cc3)F)C(=O)NC2=O)cc2ccccc2c1,0.734837591,2.051723774,317.319,3.5461,-8.8,-8.7
O=c1[nH]nc(C2CCN(C(=O)NC3CCCCC3)CC2)n1-c1cc2c(cc1)cc(cc2)F,0.647871804,2.558417822,437.519,4.0746,-10.3,-9.6
O=C1C(c2ccnc(NC3CCC(CC3)O)c2)=C(C(N1)=O)c1ccc(Cl)cc1,0.689655399,2.554966391,397.862,3.0176,-9.2,-9.7
c12ccccc1cc(cc2)-n1c(-c2ccnc(NC3CCC3)c2)n[nH]c1=O,0.583325504,2.409464423,357.417,3.7402,-8.5,-9.2
n1[nH]c2nccc(c2c1-c1ccnc(NC2CCCC2)c1)Cl,0.76588837,2.625654955,313.792,4.0278,-8,-8.2
C1(c2cc(ncc2)NC2CCC2)C(=O)NC(=O)C=1c1ccc(F)cc1,0.841806812,2.399366946,337.354,2.7523,-8.7,-8.4
c1c(c(ccc1)NC(NC)=O)C1C(=O)NC(=O)C=1c1n(c(cc1)C)C,0.743189708,2.636750902,338.367,1.65202,-8.8,-7.9
C1(=C(C(=O)NC1=O)c1cc(C(=O)N)cnc1)c1cccc(C)c1,0.827474465,2.416128475,307.309,1.05612,-8.3,-7.8
C(CC)(=O)Nc1c(-c2cc(ncn2)NC2CCC(CC2)N)cccn1,0.772275335,2.594507005,340.431,2.5689,-8.1,-7.7
C1CC(CCO1)CNC(=O)Nc1ccc(C2C(=O)NC(=O)C=2c2cc(ccc2)OC)cc1,0.605356456,2.43026191,435.48,2.8105,-9.1,-8.3
c1(F)ccc(C2=C(C(=O)NC2=O)c2cc(C(N)=O)ccc2)cc1,0.841772581,2.132760446,310.284,1.4918,-9,-8.4
N(c1c2cccc(-c3c(ccc(NCCCO)c3)Cl)c2[nH]n1)C1CCOCC1,0.445135744,2.687163642,400.91,4.2685,-8.8,-8
c1c(Cl)c(cc2c1[nH]nc2NC(CCC)=O)-c1ccncc1,0.763814227,2.360516764,314.776,4.0169,-8.2,-7.8
c1(NC2CCOCC2)nccc(C2=C(C(NC2=O)=O)c2ccc(cc2)Cl)c1,0.793382813,2.530676849,383.835,2.8931,-8.9,-9
c1(Cl)cc(ccc1)C1=C(c2ccnc(NC3CCOCC3)c2)C(=O)NC1=O,0.793382813,2.579779216,383.835,2.8931,-9.1,-9
C1CN(CCC1Nc1cc2c(nn1)n(CC1CCOCC1)c(=O)cc2C)C(=O)NCC,0.756629275,2.880839054,428.537,2.13232,-9.2,-8.8
c1c(cc(-c2cnc3[nH]nc(NC(C4CC4)=O)c3c2)cc1)Nc1ccccn1,0.491237368,2.422656513,370.416,4.112,-9.5,-8.9
c1cc(Cl)cc(c1)C1=C(c2ccnc(NC3CCOCC3)c2)C(NC1=O)=O,0.793382813,2.579779216,383.835,2.8931,-9.1,-9
c1ccccc1C1C(NC(=O)C=1c1cc(ncc1)Nc1ccc(F)cc1)=O,0.699326077,2.228271524,359.36,3.5315,-9.6,-9
N(C1CCCC1)c1nccc(C2=C(Nc3ccc(c(Cl)c3)Cl)C(=O)NC2=O)c1,0.634890998,2.567824275,417.296,4.2225,-9.1,-8.7
c1(C2=C(C(=O)NC2=O)c2cc(ncc2)NC2CCOCC2)ccc(cc1)F,0.81135624,2.535260281,367.38,2.3788,-9.1,-8.9
c1ccc(cc1)C1C(NC(C=1Nc1ccc(F)cc1)=O)=O,0.849288888,2.026278236,282.274,2.3053,-8,-7.5
[nH]1c(=O)c2c(nc1-c1cc(ncc1)NC1CCOCC1)cccc2,0.774547405,2.42350886,322.368,2.576,-9.1,-8.7
c1(ccnc(NC2CCOCC2)c1)C1=C(c2cc(OC)ccc2)C(=O)NC1=O,0.774833116,2.557756263,379.416,2.2483,-9.1,-8.8
c1cccc(NC2C(=O)NC(C=2c2ccc(cc2)O)=O)c1,0.749982759,2.112345928,280.283,1.8718,-7.7,-7.8
Clc1cc(C2=C(c3ccnc(NC4CCCC4)c3)C(=O)NC2=O)ccc1,0.808919745,2.446929797,367.836,3.6567,-9,-8.8
c1(cc(NC2CCOCC2)ncc1)C1C(=O)NC(C=1c1ccc(Cl)c(c1)Cl)=O,0.742939941,2.633025814,418.28,3.5465,-9.1,-9.2
c1cc(NC2CCOCC2)ncc1C1C(=O)NC(C=1c1cc(F)ccc1)=O,0.81135624,2.573546672,367.38,2.3788,-9.3,-9.7
C1(CCOCC1)Nc1cc(ccn1)-c1cc(NC(C2CC2)=O)ncc1,0.87604076,2.383710667,338.411,3.083,-8.3,-8.1
c1c(ccnc1NC1CCC(CC1)N1CCCC1)Nc1ccccc1F,0.810340497,2.269644674,354.473,4.7832,-8.5,-8.7
c1(F)c(cccc1)-c1n[nH]c(NC(=O)C2CCC(OC)CC2)n1,0.908182248,2.469223689,318.352,2.7545,-8.5,-7.8
c1(NC(C)C)nccc(-c2c(OC(C)C)cc3c(c2)ccc(N)c3)n1,0.671779132,2.466014753,336.439,4.4865,-8,-7.9
c1(ccc(-c2c(C)[nH]cn2)cc1)C1C(NC(C=1c1ccc(cc1)F)=O)=O,0.715131546,2.454727826,347.349,3.09142,-8.6,-8.7
n1[nH]c(-c2ccc(cc2)F)cc1-c1ccnc(c1)NC(C1CC1)=O,0.770387434,2.215220764,322.343,3.6263,-8.6,-8
c1(ccc(cc1)F)C1C(NC(=O)C=1c1ccnc(c1)NC1CCCC1)=O,0.830425976,2.400630105,351.381,3.1424,-8.9,-8.7
c1c2ccccc2cc(NC2=C(C(=O)NC2=O)c2cc(OC)c(c(OC)c2)OC)c1,0.613143196,2.354600006,404.422,3.3452,-8.8,-8.3
c1(=O)n(C)c(=O)n(C)c2ccnc(NC3CCN(CC3)C(C)C)c21,0.905300066,2.526974762,331.42,0.9169,-7.9,-7.7
CCC(=O)Nc1ccc(cc1Cl)C1=C(c2cccc(OC)c2)C(=O)NC1=O,0.774735187,2.264927193,384.819,3.2643,-9.1,-7.8
[nH]1c(=O)cc(nc1-c1ccc(F)cc1)Nc1cc(NC2CCOCC2)ncc1,0.628067254,2.654924055,381.411,3.3055,-9.4,-9.2
n1ccc(C2=C(C(=O)NC2=O)c2ccc(F)cc2)cc1NC1CCOCC1,0.81135624,2.535260281,367.38,2.3788,-9.1,-9
c1ccc(c(F)c1)C1=C(C(=O)NC1=O)c1cc(Nc2cccc(F)c2)ncc1,0.680884678,2.376143314,377.35,3.6706,-9.7,-9.2
c1ncc(c(c1)C1=C(C(NC1=O)=O)Nc1cc(ccc1)F)OC,0.840033424,2.47390498,313.288,1.7089,-8.2,-7.7
c1cccc(c1C1=C(C(NC1=O)=O)c1ccnc(NC2CCOCC2)c1)Cl,0.793382813,2.55072892,383.835,2.8931,-9.1,-9
N(C1NC(C(=Cc2ccc(cc2)Cl)N=1)=O)c1ccc(Cl)cc1,0.818893944,2.397848632,332.19,3.9322,-8.3,-7.8
c1c(cc2c(c1)cc(C(=O)N)cn2)C1C(=O)NC(C=1c1ccc(F)cc1)=O,0.697034523,2.394104302,361.332,2.04,-9.7,-9.4
c1c(NC2CCC3(CC2)OCCO3)cc(nc1)-n1cc(C(NC2CC2)=O)nc1,0.82313467,3.349824687,383.452,2.2571,-8.9,-8.1
c1cccc(c1)C1=C(c2cn(C)c3cc(ccc13)C#N)C(NC2=O)=O,0.583693364,2.49518233,327.343,2.87028,-9.1,-8.9
Clc1cc(Cl)cc(C2=C(C(NC2=O)=O)c2ccc(c(Cl)c2)Cl)c1,0.748205751,2.338495817,387.049,4.8674,-7.9,-8.4
c1(C2=C(C(NC2=O)=O)c2ncccc2Cl)ccnc(c1)NC1CCCCC1,0.791128788,2.6239875,382.851,3.4418,-9.2,-8.8
C1CCC(CC1)Nc1cc(-c2n[nH]c(n2-c2cc3cc(F)c(F)cc3cc2)=O)ccn1,0.496434174,2.654166781,421.451,4.7986,-9.4,-9.8
c1(Cc2ccnc(NC(C3CC3)=O)c2)nnc(C2CCC2)o1,0.917456405,2.415237643,298.346,2.6714,-8.2,-7.4
c1cc2c(cc1)ncnc2NCCc1c2c(n(C)c1)ccc(c2)OC,0.60408849,2.187946916,332.407,3.7847,-8.1,-8
c1c(cccc1)-c1c(-c2ccnc(NC3CCOCC3)c2)cn(n1)C,0.78955692,2.373380134,334.423,3.74,-8.4,-8.8
c1(ccccc1)C1C(NC(C=1c1ccnc(NC2CCOC2)c1)=O)=O,0.833712304,2.940261367,335.363,1.8496,-8.4,-8.2
OC(=O)c1c(cccc1)-c1ccc(nc1)NC(C1CC1)=O,0.903326471,1.849201378,282.299,2.7953,-7.5,-7.6
C1(NC(C(=C1c1ccc(F)c(c1)Cl)c1cc(-c2ccccc2)ccc1)=O)=O,0.67156375,2.151294793,377.802,4.7133,-9.5,-10.1
N1C(=O)C(c2cc(ncc2)NC2CCCCC2)=C(c2ccc(F)cc2)C1=O,0.813387824,2.407270341,365.408,3.5325,-9.4,-8.6
c1ccc(cc1C1C(NC(=O)C=1c1ccnc(NC2CCOCC2)c1)=O)F,0.81135624,2.588614128,367.38,2.3788,-9.2,-9
c1c(-n2c(=O)[nH]nc2-c2ccnc(NC3CCOCC3)c2)ccc2c1cccc2,0.560847365,2.543330396,387.443,3.3667,-9.4,-9.8
c1cc(cc(-n2cc(c3c2ccc(c3)-c2ccc(F)cc2)CCN2CCOCC2)c1)N,0.471976687,2.360245039,415.512,4.8935,-9.2,-8.3
Fc1ccc(-c2n3c(nn2)ccc(n3)NC(CCC)=O)cc1Cl,0.794591314,2.28490285,333.754,3.3224,-8.1,-7.8
C1(NC(C(=C1c1ccc(Cl)cc1)c1ccnc(NC2CCCC2)c1)=O)=O,0.808919745,2.395863336,367.836,3.6567,-8.9,-8.8
c1c(ccnc1NC1CCC1)C1=C(C(NC1=O)=O)c1cc(Cl)ccc1,0.827499606,2.448275071,353.809,3.2666,-8.7,-8.3
c1cc(cc(C2=C(C(=O)NC2=O)Nc2cccc(Br)c2)c1)C,0.829625934,2.253379188,357.207,3.23712,-8.3,-8.1
c1cc(F)cnc1NC1=C(c2cc(ncc2)NC2CC2)C(NC1=O)=O,0.717335417,2.751903674,339.33,1.6696,-8.2,-7.9
c1ccc(F)c(C2=C(C(=O)NC2=O)c2cc(ncc2)NC2CCOCC2)c1,0.81135624,2.570143713,367.38,2.3788,-9.1,-8.9
c1ccccc1C1=C(c2cccc(n2)NC2CCOCC2)C(NC1=O)=O,0.827718733,2.507235967,349.39,2.2397,-8.8,-8.8
c1ccc(cc1F)C1C(NC(=O)C=1c1ccnc(NC2CCCC2)c1)=O,0.830425976,2.456118105,351.381,3.1424,-9.1,-8.8
c1c(c(C2C(NC(C=2c2ccc(cc2)F)=O)=O)ccc1F)F,0.867067392,2.148955135,303.239,2.6711,-8.4,-7.9
c1c2c(ccc(c2)Cl)ccc1C1C(NC(=O)C=1c1cc(ccc1)OC)=O,0.713566745,2.214918055,363.8,4.069,-8.6,-8.8
Cc1n[nH]c2c1cc(NC1CCN(CC1)C(NCc1c(cccc1)Cl)=O)nc2,0.624971718,2.544441733,398.898,3.70582,-9.2,-8.7
c1c(C2=C(C(NC2=O)=O)c2ccnc(NC3CCOCC3)c2)ccc(F)c1,0.81135624,2.535260281,367.38,2.3788,-9,-9
CCNC1CC(CC(C1)Nc1ccc2c(c1)onc2C(=O)NCC1CCOCC1)O,0.54830656,3.734144896,416.522,2.2876,-8.8,-8.2
c1c(C2C(NC(=O)C=2c2ccc(cc2)OC)=O)c(ccc1)Cl,0.886465322,1.987814424,313.74,2.9158,-7.7,-7.8
C1CCCC(Nc2cc(ccn2)-c2c(c(n[nH]2)-c2ccc(F)cc2)Br)C1,0.567686369,2.5115137,415.31,5.7849,-8.9,-8.7
n1c(NC2CCOCC2)nccc1-c1n[nH]c(n1-c1ccc2ccccc2c1)=O,0.5578996,2.58965705,388.431,2.7617,-9.9,-9.5
c1c(C2=C(c3cc(C)ncc3)C(NC2=O)=O)cc2c(cccc2)c1,0.739434662,2.284706383,314.344,3.11042,-8.8,-8.7
C1COCCC1NC1=C(c2cc(ncc2)NC2CC2)C(NC1=O)=O,0.692341575,2.807655546,328.372,0.792,-8.4,-7.4
c1cc(NC2CCCC2)ncc1-c1cc(ncc1)NS(=O)(C)=O,0.879362275,2.329031381,332.429,2.8696,-8,-7.8
C1CCCC(Nc2cc(ccn2)C2C(=O)NC(=O)C=2c2ccccc2F)C1,0.813387824,2.442153772,365.408,3.5325,-9.2,-8.9
c1c(cc(NC2CCCC2)nc1)C1=C(C(=O)NC1=O)c1ccc(F)cc1,0.830425976,2.400630105,351.381,3.1424,-9.1,-8.9
C1CCCC(C1)NC1=C(c2ccncc2)C(NC1=O)=O,0.814567377,2.480018183,271.32,1.3714,-7.2,-7.2
n1[nH]c(nc1-c1ccnc(c1)NC(CCC)=O)-c1ccc2ccccc2c1,0.553484473,2.289698698,357.417,4.4255,-9.4,-8.7
c1cc(ccc1F)C1=C(C(NC1=O)=O)c1ccnc(NC2COCC2)c1,0.821980809,2.998303022,353.353,1.9887,-8.6,-8.6
C1(O)C(Nc2nccc(c2)C2C(NCN=2)=O)CC(C(NCc2cccc(c2)Cl)=O)OC1,0.524470611,4.073589361,443.891,0.8581,-8.4,-8.2
c1(nc(ccn1)NC1CCC1)C1=C(C(=O)NC1=O)c1ccc(Cl)cc1,0.824547794,2.551029134,354.797,2.6616,-8.6,-8.1
n1cc(-c2ccnc(N3CCOCC3)c2)cn1C(=O)NC1CCOCC1,0.896940362,2.683509809,357.414,1.5184,-8.5,-8.1
c1c(c(C2C(=O)NC(=O)C=2c2cc(NC3CC3)ncc2)ccc1)F,0.847539882,2.426574659,323.327,2.3622,-8.1,-7.9
c1(OC)nccc(C2C(NC(C=2c2c(ccc(c2)Cl)Cl)=O)=O)c1,0.865466377,2.438163331,349.173,2.9642,-7.9,-7.8
c1c(ccc(Cl)c1)C1=C(c2ccnc(NC3CCCC3)c2)C(=O)NC1=O,0.808919745,2.395863336,367.836,3.6567,-9,-8.7
c1c(NC2C(=O)NC(C=2c2cc(NC3CCOCC3)ncc2)=O)ccc(F)c1,0.687508923,2.611822929,382.395,2.2912,-8.4,-8.6
c1ccc(cc1-c1cc[nH]c(c1)=O)NC(C1CCC(CC1)OC)=O,0.906241811,2.277355881,326.396,3.1856,-8.6,-8.2
C1(NC(=O)C(c2ccc3c(cnc(NC4CCCC4)c3)c2)=C1c1cccc(Cl)c1)=O,0.597411737,2.548245386,417.896,4.8099,-10.3,-9.2
O=C(O)C1CC1c1ncc(C2C(=O)NC(C=2c2cc(Br)ccc2)=O)cc1,0.75175817,3.375442902,413.227,2.5994,-8.5,-8
C1(Nc2cc(NC3CCC(CC3)NC(=O)NCC)ncc2F)CCOCC1,0.610547268,2.606827145,379.48,2.8538,-8.2,-7.7
O=C1C(c2cc(NC3CCCC3)ncc2)=C(C(=O)N1)c1cc(ccc1)Cl,0.808919745,2.446929797,367.836,3.6567,-9.1,-8.8
C1(NC(=O)C(=C1c1ccc(cc1)F)c1cc(Nc2cc(ncc2)OC)ncc1)=O,0.650967527,2.554905144,390.374,2.9351,-9.4,-8.6
c1(cc(C2C(NC(C=2c2cc(NC3CCCCC3)ncc2)=O)=O)ccc1)OC,0.78086397,2.43450669,377.444,3.402,-9.4,-8.8
c1c(NC2CCC(CC2)NC(NC(C)C)=O)nccc1-c1nc(ncc1)Nc1ccccc1,0.41979446,2.453580468,445.571,4.7129,-9.7,-9.1
C1(=C(c2ccc(OC)cc2)C(=O)NC1=O)c1cc(NC2CCCC2)ncc1,0.798456144,2.377005843,363.417,3.0119,-9.4,-8.7
C1CN(CCO1)CCC1C(NC(C=1c1cc(-c2ccc(OC)cc2)[nH]n1)=O)=O,0.729503165,2.721157972,382.42,1.2176,-8.2,-8.1
c1cc(ccc1F)C1C(=O)NC(=O)C=1Nc1c(F)cccc1,0.856067072,2.154142464,300.264,2.4444,-8,-8
c1nc(NCC2CCOCC2)cc(c1)C1C(NC(C=1c1c(Cl)cc(F)cc1)=O)=O,0.732414366,2.67119115,415.852,3.2798,-8.6,-9
c1ccccc1OCC1CN(C1)c1[nH]c(nc(c1)-c1cnc(F)cc1)=O,0.714553799,2.696238105,352.369,2.4862,-8.9,-8.2
N1(CCCO)CCC(CC1)Nc1nc2cc(nnc2cn1)-c1ccccc1,0.694061542,2.439784039,364.453,2.3455,-8.5,-7.7
n1(C)c2c(nc1-c1cc(ncc1)NC1CCOCC1)ccc(OC)c2,0.791227152,2.405676737,338.411,3.2348,-8.4,-7.7
C1(c2n(c(-c3ccnc(NC4CC4)c3)nn2)-c2ccccc2)CCC(O)CC1,0.706784639,2.496667582,375.476,3.9221,-8.5,-8.6
c1c(cccc1)-c1ccc2[nH]nc(NC(C3CC3)=O)c2c1,0.768445346,1.963749043,277.327,3.5784,-8.5,-8.4
C1(CC1)C(Nc1cc(ccn1)-c1nc([nH]c1)C1CCCCC1)=O,0.900279945,2.629982483,310.401,3.8679,-8.2,-7.9
c1cc(-c2cc(ncc2)Nc2ncccc2)ccc1F,0.77665439,1.890670685,265.291,4.0263,-8.2,-7.9
c1(OC)ccc(C2=C(C(NC2=O)=O)c2cc(NC3CCC3)ncc2)cc1,0.811326201,2.371426371,349.39,2.6218,-8.9,-8.4
c12c(ccc(c1)Cl)c(NC(=O)CCN(C)C)no2,0.92395681,2.306376964,267.716,2.3714,-6.9,-6.4
O=C1C(c2cccs2)=C(C(=O)N1)c1ccnc(NC2CCOCC2)c1,0.822862577,2.738403607,355.419,2.3012,-8.6,-8.6
c1cc(ccc1OC)C1C(=O)NC(C=1c1c2cc(F)ccc2n(c1)C)=O,0.739131264,2.312303884,350.349,2.8932,-9.1,-8.9
c1(NC2CCOCC2)nccc(c1)C1C(=O)NC(C=1c1ccc(F)cc1)=O,0.81135624,2.535260281,367.38,2.3788,-9.1,-8.9
c1cc(c(cc1-c1cnc2[nH]nc(-c3cccs3)c2c1)F)C(=O)O,0.586445573,2.487713072,339.351,4.1907,-8.8,-8.5
c1(Cl)ccc(C2=C(C(=O)NC2=O)c2ccnc(NC3CCC3)c2)cc1,0.827499606,2.394331626,353.809,3.2666,-8.5,-8.3
c1(C2=C(C(NC2=O)=O)c2ccc(Cl)c(Cl)c2)ccnc(NC2CCCCC2)c1,0.709262742,2.508235622,416.308,4.7002,-9.5,-9.4
c1cc(ccc1C1=C(C(NC1=O)=O)c1ccc(C(=O)N)cc1)F,0.841772581,2.072815254,310.284,1.4918,-8.7,-8.2
C1(=O)C(=C(C(=O)N1)Nc1cc(Cl)ccc1)c1ccc(cc1)C,0.856119704,2.132379437,312.756,3.12802,-8.1,-8.3
C1(C(NC(C=1c1cc(NC2CCCCC2)ncc1)=O)=O)c1ccc(cc1)F,0.813387824,2.407270341,365.408,3.5325,-9.3,-8.6
c1cc(cc(-c2nc(c3n(c4c(cccc4)c3n2)C)NC2CCOCC2)c1)C(=O)N,0.54589218,2.570962627,401.47,3.4783,-9.8,-9.1
N(C1CCCC1)c1nc2[nH]nc(-c3ccccc3)c2cn1,0.771045627,2.294368895,279.347,3.3744,-8.3,-8
C1CC1C(=O)Nc1cc(ccn1)C1=C(c2cccc(F)c2)C(NC1=O)=O,0.826296828,2.40238165,351.337,2.1364,-8.8,-8.6
c1c(-c2cc(ncc2)NC2CCC(NC3CCOCC3)CC2)nn(c1)C,0.863238788,2.656022496,355.486,2.9738,-8.1,-8.2
c1c(cc(cc1Cl)Cl)C1=C(c2cccc(c2)OC)C(=O)NC1=O,0.863166663,2.245520061,348.185,3.5692,-7.8,-8.5
N1C(=O)C(c2ccc(F)cc2)=C(C1=O)Nc1ccc(OC)cc1,0.850310058,2.07430924,312.3,2.3139,-7.9,-7.8
C1(NC(=O)C(c2c(cccc2)OC)=C1c1cc(ncc1)NC1CCOCC1)=O,0.774833116,2.53893404,379.416,2.2483,-9,-8.7
c1c(ccc(c1)F)C1C(=O)NC(C=1c1cn(c2ccccc12)C)=O,0.738264262,2.222333709,320.323,2.8846,-8.6,-8.4
Clc1ccc(cc1)C1C(NC(C=1c1cc(ncc1)NC1CCOCC1)=O)=O,0.793382813,2.530676849,383.835,2.8931,-8.9,-9
c1c(Cl)cc(cc1)Nc1cc(ccn1)-c1cnc(NCC)nc1,0.72909387,2.229128062,325.803,4.3674,-8.1,-7.6
c1(ccccc1)C1C(=O)NC(C=1c1cc(NC2CCCC2)ncc1)=O,0.843948257,2.337633323,333.391,3.0033,-8.8,-8.7
c1ccc2c(c1)ccn2CC1CCN(CC1)c1ncc(cc1)C(NCCOC)=O,0.62682277,2.303420759,392.503,3.3291,-8.5,-8.2
c1cc(F)cc2c1[nH]cc2C1=C(C(=O)NC1=O)c1ccc(cc1)F,0.711932283,2.297768777,324.286,3.0133,-8.4,-8.3
C(C)CC(Nc1n[nH]c(c1)-c1[nH]c(C)c(n1)-c1ccc(F)cc1)=O,0.66827147,2.494117419,327.363,3.65292,-8,-7.7
C1(NC(=O)C(c2cc(ncc2)Nc2ccccc2)=C1c1ccc(cc1)F)=O,0.699326077,2.235791051,359.36,3.5315,-9.4,-9
c1c(C2C(NC(C=2Nc2ccc(F)cc2)=O)=O)ccc(F)c1,0.856067072,2.101377451,300.264,2.4444,-8.1,-7.9
c1cccc(Cl)c1NC1C(=O)NC(C=1c1cc(NC2CCOCC2)ncc1)=O,0.670604368,2.647920365,398.85,2.8055,-8.9,-8.4
Fc1ccc(C2C(NC(C=2c2cccc(C(N)=O)c2)=O)=O)cc1F,0.839378374,2.271504832,328.274,1.6309,-9.2,-8.5
O=C1C(=C(C(N1)=O)c1ccnc(c1)NC1CCCCCC1)c1ccc(Cl)cc1,0.592771947,2.411482758,395.89,4.4369,-8.8,-8.9
C1(C(NC(=O)C=1c1c(Cl)ccc(Cl)c1)=O)c1ccnc(c1)NC1CCOCC1,0.742939941,2.643218314,418.28,3.5465,-8.6,-8.9
c1c(n[nH]c1-c1ccnc(NC2CCOCC2)c1)-c1ccccc1,0.76869149,2.356713573,320.396,3.7296,-9,-8.2
c1(C2C(NC(C=2c2ccnc(-c3ccnc(c3)Nc3ccccc3)c2)=O)=O)ccc(cc1)F,0.447157717,2.45310018,436.446,4.5935,-10,-9.3
c1(c(ccc(C2=C(C(=O)NC2=O)c2cccc(OC)c2)c1)F)F,0.885718672,2.174896023,315.275,2.5406,-8.4,-8.2
c1cc(C2=C(C(=O)NC2=O)c2cc(NC3CCCCC3)ncc2)ccc1F,0.813387824,2.407270341,365.408,3.5325,-9.4,-8.6
c1nc(ccc1C1CN(C(C)=O)CCC1)Nc1nccc(C2CC2)c1,0.921870688,2.910035076,336.439,3.8235,-8.9,-8.9
n1c(NC2C(NC(=O)C=2c2c(occ2)C)=O)cc(s1)C1CC1,0.84643793,3.405669511,315.354,2.40152,-8.1,-7.2
c1(ccc(F)cc1)-n1c([nH]c(-c2ccnc(c2)NC2Cc3ccccc3C2)n1)=O,0.563192944,2.658230894,387.418,3.341,-10,-9.2
c1(ccnc(c1)NC1CCC(Nc2cc(c(Cl)cc2)Cl)CC1)C(NCC)=O,0.632493114,2.264710977,407.345,4.9733,-8.4,-8
c1cc(ccc1F)-c1cc2c(n[nH]c2nc1)NC(=O)CCC,0.774075026,2.228756324,298.321,3.5026,-8.3,-7.9
Clc1c(-n2c([nH]nc2-c2ccnc(NC3CCOCC3)c2)=O)cccc1,0.736228053,2.543088396,371.828,2.8669,-8.9,-8.7
c1ccc(OC)c(C(NCC(=O)O)=O)c1-c1ccnc(Nc2ccccc2)c1,0.583997238,2.143006968,377.4,3.3152,-8.1,-8.3
c12c(n(C)cc1C1C(NC(C=1c1cc(ccc1)OC)=O)=O)cccc2,0.750397967,2.252396848,332.359,2.7541,-8.4,-8.7
C1(=O)C(c2cccc(Cl)c2)=C(C(NC1=O)=O)c1cc(ncc1)NC1CCCCC1,0.594451439,2.584751112,409.873,3.6159,-9.3,-8.6
c1cnc(nc1-c1cc2ccccc2nc1)NC1CCC(CC1)O,0.773668179,2.292955231,320.396,3.4072,-8.8,-8.5
NC(=O)c1cc(n[nH]1)-c1ccc(cc1)C1=C(C(NC1=O)=O)c1cccc(c1)F,0.60262869,2.512952822,376.347,1.8819,-9.7,-9.1
c1c(c(ccc1)Cl)N=C1SC(=CC(NCc2cccc(c2)Cl)=O)C(=O)N1,0.753277253,2.828356932,406.294,4.0442,-9,-8.2
c1(c(-c2ccnc(n2)NCC2CCOCC2)ccc(Cl)c1)OC,0.904835267,2.284649073,333.819,3.6441,-7.5,-7.1
c12ccc(nc2[nH]nc1NC(=O)CCC)-c1ccccc1C,0.770886968,2.270609071,294.358,3.67192,-8.3,-7.7
N(C1CCCC1)C1=C(c2ccnc(NC3CCOCC3)c2)C(NC1=O)=O,0.693840365,2.783530502,356.426,1.5722,-8.5,-8.1
c1cc(ccc1F)C1=C(CN2CCC(c3cccc(c3)Cl)CC2)C(=O)NC1=O,0.797461579,2.428365814,398.865,3.7687,-8.8,-8.5
c1c(cc(cc1Cl)CC)Nc1nccc(-c2cc(NC(C3CCC3)=O)ncc2)c1,0.539068864,2.370582808,406.917,5.8416,-9.3,-8.7
c12cc(-n3c(n[nH]c3=O)-c3ccnc(c3)NC3CCOCC3)ccc1cccc2,0.560847365,2.543330396,387.443,3.3667,-9.5,-9.8
c1(OC)cc(ccc1OC)C1=C(C(=O)NC1=O)c1c2ccc(cc2n(C)c1)Br,0.629562592,2.450711687,441.281,3.5252,-9.1,-8.4
n1c(NC2CCC(NC(C)C)CC2)ncc2cc(c(n(C)c12)=O)-c1ccccc1,0.693599279,2.500361307,391.519,3.7166,-9.5,-8.5
C1OCCC(C1)Nc1nccc(c1)C1C(=O)NC(C=1c1cc(ccc1)F)=O,0.81135624,2.588614128,367.38,2.3788,-9.2,-8.9
c1c(ccnc1N)C1C(NC(=O)C=1c1cccc(c1)C)=O,0.816515611,2.379539579,279.299,1.53942,-7.9,-8.3
N1C(=O)C(c2ccccc2)=C(C1=O)c1cc(ncc1)Nc1cc(N2CCOCC2)ccc1,0.609803667,2.451677945,426.476,3.229,-9.7,-9
c1cc(cc(C2C(NC(C=2c2ccncc2)=O)=O)c1)F,0.844636013,2.22207288,268.247,1.7879,-7.8,-7.4
n1c(Nc2ccc(F)cc2)c(cc(C2C(=O)NC(=O)C=2c2ccc(OC)cc2)c1)Cl,0.601252359,2.369653218,423.831,4.1935,-9.5,-8.3
Cn1ccc(=O)c2cc(c(cc21)F)-c1ccnc(c1)NC1CCOCC1,0.784701145,2.658827643,353.397,3.3305,-9.1,-9
n1ccc(Nc2cc(C3C(NC(C=3c3ccc(F)cc3)=O)=O)ccn2)cn1,0.692486956,2.653884542,361.336,2.3215,-9,-8.5
c1nc(ncc1-c1c2cc(F)ccc2n(C)n1)NC1CCN(CC1)C(=O)C,0.769029487,2.525612076,368.416,2.5922,-9.1,-8.4
c1(NC2CCOCC2)cc(ccn1)C(N)=O,0.790000735,2.237671552,221.26,0.7714,-6.4,-6.5
c1ccoc1-c1nc(NC2CCOCC2)ncc1,0.89883673,2.358025682,245.282,2.3275,-6.9,-6.7
c1(cc(-c2ccnc(NC3CCOCC3)c2)cnc1)C(=O)OCC,0.851344639,2.35446709,327.384,2.9112,-8.1,-8
c1(cc(NC(CCC)=O)ncc1)-c1n[nH]c(=O)n1-c1cc(N)ncc1,0.64248514,2.634954378,339.359,1.3384,-8.3,-8.8
c1c(C2=C(c3cn(C)c4c3cccc4)C(=O)NC2=O)cc(cn1)Br,0.693677419,2.540911311,382.217,2.903,-8.6,-7.9
C(c1cn(C)c2ccnc(NC3CCC(OC)CC3)c21)#N,0.941049647,2.749116697,284.363,2.81448,-7.7,-7.2
c1c(C2C(NC(C=2c2ccnc(NC3CCCC3)c2)=O)=O)cc(cc1)Cl,0.808919745,2.446929797,367.836,3.6567,-9,-8.8
c1(ccnc(NC2CCOCC2)c1)C1=C(C(=O)NC1=O)c1ccnc(c1)NC1CCCCC1,0.583176359,2.839290213,447.539,3.3793,-10.4,-9
c1(NC2CCCC2)nccc(c1)-c1cc(NC(=O)C2CC2)ncc1,0.87730162,2.238212804,322.412,3.8466,-7.9,-7.9
c1c(ccc(c1)C1C(NC(C=1c1ccnc(NC2CCOCC2)c1)=O)=O)OC,0.774833116,2.510002416,379.416,2.2483,-9.1,-9
c1cccc(c1)C1=C(C(=O)NC1=O)c1cc(NC2CCOCC2)ncc1,0.827718733,2.476063902,349.39,2.2397,-8.7,-8.6
c1c(Cl)ccc(C2=C(c3cc(ncc3)NC3CCCC3)C(NC2=O)=O)c1,0.808919745,2.395863336,367.836,3.6567,-9,-8.8
C1N(CCOC1)CCCOc1ccc2c(c1)c(-c1n[nH]c(n1-c1ccccc1)=O)c[nH]2,0.449931868,2.505259222,419.485,2.81,-8.5,-7.9
c1nc2[nH]nc(NC(CCC)=O)c2c(n1)NC1CCCCC1,0.788998878,2.567518549,302.382,2.8361,-7.3,-7.5
c1cc(-n2c(-c3cc4cnccc4cc3)n[nH]c2=O)nc(n1)NC1CCOCC1,0.550126464,2.797668142,389.419,2.1567,-9.5,-9.4
c1(-c2cnc(cc2)Nc2cc(nc(c2)C)C)cc(NC(C2CC2)=O)ncc1,0.711860253,2.393462226,359.433,4.24754,-8.6,-8.2
n1c(NC(=O)C)ccc(C2C(=O)NC(=O)C=2c2cccc(O)c2)c1,0.738141131,2.428727408,323.308,1.3128,-8.3,-8.3
c1c(ccc2OCOc12)C1=C(C(NC1=O)=O)c1ccc(cc1)OC,0.87459182,2.207785981,323.304,1.9911,-8.3,-8.6
c1(cccc(OC)c1)C1=C(C(NC1=O)=O)c1c[nH]c2ccc(Cl)cc12,0.709613754,2.313216567,352.777,3.3971,-8.7,-8
c1c(cc(-c2c[nH]c3c2cc(cc3)-c2cnc(NC3CCCC3)cc2)cc1)NC(=O)C,0.366258661,2.336808522,410.521,6.2098,-10.3,-9.3
c1c(C2CCC2)[nH]nc1-c1cc(ncc1)NC1CCC(OC)CC1,0.867786454,2.628899837,326.444,4.1087,-8.1,-7.7
N(C1CCCC1)c1nccc(-c2n[nH]c(=O)n2-c2ccc3c(c2)cccc3)c1,0.565510953,2.416380112,371.444,4.1303,-8.9,-9.4
c1(NC2CCOCC2)nccc(C2C(=O)NC(C=2c2ccc(F)cc2)=O)c1,0.81135624,2.535260281,367.38,2.3788,-9.1,-8.9
c1c(cccc1CC(N)C(N)=O)-c1ccc(NC2CCC2)nn1,0.748493327,2.739971601,311.389,1.4631,-8.3,-7.9
c1cc(ccc1)C1C(=O)NC(C=1c1cc(NC2CCCC2)ncc1)=O,0.843948257,2.337633323,333.391,3.0033,-8.7,-8.1
c1c(N2CCOCC2)cc2c([nH]nc2NC(CCC)=O)c1,0.903991406,2.263382082,288.351,2.1381,-7.7,-7.3
C(C)COc1c2c(ncc1C(=O)N)[nH]nc2NC(CCC)=O,0.716323986,2.707306964,305.338,1.5842,-6.9,-6.6
c1c(cccc1C)Nc1nccc(-c2cnc(C)c(c2)C(=O)N)c1,0.769848516,2.223307012,318.38,3.60294,-9,-8.6
N1C(C(=C(c2ccc(F)cc2)C1=O)c1ccnc(NC2CCCCC2)c1)=O,0.813387824,2.407270341,365.408,3.5325,-9.4,-8.6
c1ccccc1-c1c(C(=O)N)cnc(NC2CCOCC2)c1,0.908370866,2.234345473,297.358,2.4384,-8,-8
O=c1c2cc(ccc2n(cc1-c1cc(NC2CCCC2)ncc1)C)Cl,0.747613534,2.351205082,353.853,4.6084,-8.9,-9.1
C1(=C(C(NC1=O)=O)c1ccnc(NC2COCC2)c1)c1ccccc1,0.833712304,2.940261367,335.363,1.8496,-8.4,-8.3
c1(cc(ncc1)NC1CCC(NC(=O)NC(C)C)CC1)-c1ccnc(Nc2cccc(c2)F)c1,0.374462257,2.533101658,462.573,5.457,-9.5,-8.5
[nH]1c(n(c(=O)c2c1cc(cc2)C(NCC1OCCCC1)=O)C)=O,0.863179039,2.649796927,317.345,0.5257,-8.1,-8.2
c1cc(C2=C(Nc3ccc(Cl)cc3)C(=O)NC2=O)ccc1Cl,0.845852495,2.089844945,333.174,3.473,-7.8,-8
c1cc(cc(-c2ccc3NC(=O)CCCc3c2)c1)C1=C(C)C(=O)NC1=O,0.820834484,2.474084375,346.386,3.0583,-10.1,-9.5
c1c(ccc(OC)c1)C1=C(C(NC1=O)=O)c1ccnc(c1)NC1CC1,0.819235109,2.355205516,335.363,2.2317,-8.5,-7.9
CC(Nc1nccc(c1)C1C(NC(=O)C=1c1ccc(cc1)Cl)=O)=O,0.838105177,2.326224538,341.754,2.2606,-8.4,-8.4
c1c(-c2n[nH]c(=O)n2-c2cc3ccccc3cc2)ccnc1NC1CCOC1,0.574467546,2.996620532,373.416,2.9766,-9,-9
O=C1C(=C(C(N1)=O)c1ccc(OC)c(Cl)c1)c1ccccc1,0.886465322,2.044067774,313.74,2.9158,-7.9,-8
O=C1C(=C(c2c3ccccc3n(c2)C)C(N1)=O)c1ccc(cc1)Cl,0.72915021,2.217076243,336.778,3.3989,-8.1,-8.5
c1(C2=C(c3cccc(c3)Cl)C(NC2=O)=O)cc(NC2CCCCC2)ncc1,0.783688512,2.451789275,381.863,4.0468,-9.4,-9.1
c1cc(F)c(cc1)-c1ccnc(NC(C2CCN(CC2)C(=O)C)=O)c1,0.933086396,2.040895873,341.386,3.0847,-8.9,-8.7
c1c(C2=C(C(NC2=O)=O)c2cccc(Cl)c2)cccc1,0.861575163,1.975611342,283.714,2.9072,-7.6,-7.7
S(c1c(C2=C(C(NC2=O)=O)c2cc(ncc2)NC2CCCCC2)cccc1)C,0.590727492,2.589913528,393.512,4.1153,-9,-8.6
c1(cc(C2C(NC(C=2c2ccnc(NC3CCC3)c2)=O)=O)ccc1)Cl,0.827499606,2.448275071,353.809,3.2666,-8.8,-8
c1cc(ccc1OC)C1=C(C(NC1=O)=O)c1ccc(F)cc1,0.885129722,1.968353878,297.285,2.4015,-7.9,-7.7
c1c(c(NC2CCC(CC2)NC(c2cnccc2)=O)ncc1)C1CCOCC1,0.829940938,2.480656294,380.492,3.5237,-9.2,-8.4
c1c(cc(NC2CCOCC2)nc1C1CCCC1)C1C(NC(=O)C=1c1ccc(cc1)Cl)=O,0.651630935,2.772723529,451.954,4.5507,-9.5,-9.6
c1c(cc(cc1)OC)C1=C(C(NC1=O)=O)c1cc(NC2CCOCC2)ncc1,0.774833116,2.557756263,379.416,2.2483,-9.1,-8.5
c1c2[nH]nc(NC(CCC)=O)c2nc(-c2ccccc2)c1,0.769418044,2.173173255,280.331,3.3635,-8,-7.6
C1CN(C(=O)C)CCC1C(=O)Nc1nccc(-c2nc3c([nH]2)cccc3)c1,0.748523403,2.225635429,363.421,2.8219,-9.2,-8.5
Fc1cccc(C2=C(c3ccc(O)cc3)C(=O)NC2=O)c1,0.829409392,2.142777388,283.258,2.0985,-7.9,-7.8
c1c(ccc(C2=C(C(NC2=O)=O)c2ccc(F)cc2)c1)F,0.861840499,1.960878592,285.249,2.532,-8.1,-7.6
N#Cc1ccc(C2C(NC(=O)C=2c2ccnc(c2)NCCCO)=O)cc1,0.535549251,2.56035714,348.362,1.31478,-8.2,-7.8
N1C2C(=O)NC(C=2c2c(NC3CCOCC3)nccc2)=C(C1=O)c1cccc(OC)c1,0.587378798,3.604603902,418.453,3.2691,-9.6,-7.7
CC(C)Nc1c2c(ncc1)cc(-c1cccc(c1)C(=O)NCCN(C)C)cc2,0.654039757,2.205932764,376.504,4.0135,-8.6,-7.4
C1(=O)C(c2cc3c(NC(CCC)CO3)cc2)=C(C(=O)N1)c1nccs1,0.824467316,3.450740846,355.419,2.6833,-8.8,-7.9
O1CCCC(Nc2nccc(c2)C2C(NC(=O)C=2c2ccc(Cl)cc2)=O)C1,0.793382813,2.993547376,383.835,2.8931,-8.9,-8.8
c1(ccc2cnc(NC3CCOCC3)nc2n1)-c1c(F)cccc1F,0.788553001,2.558809508,342.349,3.5609,-8.8,-9.2
c1c(c2c(c([nH]1)=O)cc(nc2)NC1CCCOC1)-c1cccc(F)c1,0.768109719,3.036076752,339.37,3.3201,-8.7,-8.8
c12n(C)c(=O)ccc1ccc(n2)NC1CCN(C(=O)NCC)CC1,0.895127128,2.469222849,329.404,1.5393,-8.2,-7.9
N1(CCOCC1)CCn1c2c(c(C(N)=O)n1)cc(c(C)c2)C,0.917124773,2.383899288,302.378,1.08424,-7.9,-8.2
c1(ccc(cc1)Br)C1=C(c2ccnc(c2)NC2CCCC2)C(=O)NC1=O,0.750652513,2.44538272,412.287,3.7658,-8.8,-8.9
c1nc(NCCCO)cc(c1)-c1n[nH]c(C(N)=O)c1-c1ccc(F)cc1,0.484689707,2.544855061,355.373,2.171,-7.6,-7.8
c1(cccc(-c2ccnc(c2)NC2CCC(CC2)N)c1)C,0.900789571,2.149707429,281.403,3.73882,-8.2,-8
n1[nH]c2c(c1NC1CCOCC1)ccc(c2)NC(CCC)=O,0.793224944,2.365245713,302.378,2.8924,-7.9,-7.3
c1(Cl)cc(C2=C(C(NC2=O)=O)c2ccnc(c2)NC2CCCC2)ccc1,0.808919745,2.446929797,367.836,3.6567,-9,-8.8
n1c(ccc(C2C(=O)NC(C=2c2cccc(c2)Cl)=O)c1)NC1CCOCC1,0.793382813,2.564711761,383.835,2.8931,-9.2,-9.1
N1(C(=O)OCC)CCC(Oc2ccnc(c2)-c2ccsc2-c2ccc(cc2)F)CC1,0.5316541,2.512821513,426.513,5.6159,-8.7,-8
c1(C2=C(c3ccnc(NC4CCCO4)c3)C(=O)NC2=O)ccc(F)cc1,0.824963055,3.167058099,353.353,2.3363,-9.1,-8.7
c1(ccnc(c1)NC1CCC(CC1)OC(NCC)=O)-c1cc(ncc1)Nc1ccc(cc1)F,0.441724794,2.548915565,449.53,5.4955,-9.2,-9
c1cc(ccc1C1=C(c2ccc(cc2)OC)C(NC1=O)=O)OCCN1CCOCC1,0.70628833,2.246002945,408.454,1.9734,-8.8,-8.8
c1(ccc(cc1)F)C1=C(c2cc(ncc2)NC2CCOCC2)C(NC1=O)=O,0.81135624,2.535260281,367.38,2.3788,-9.1,-9
C1(=O)C(=C(C(=O)N1)c1cc(ccc1)OC)c1cccnc1,0.868126945,2.18514439,280.283,1.6574,-7.8,-7.6
c1cc(F)ccc1C1C(=O)NC(C=1c1ccnc(NC(C2CC2)=O)c1)=O,0.826296828,2.34537343,351.337,2.1364,-8.3,-8.8
N1C(=O)C(=C(C1=O)c1cc(ncc1)NC1CCOCC1)c1ccc(F)cc1,0.81135624,2.535260281,367.38,2.3788,-9,-9
C1N(CCN(C)C1)CC=Cc1cc(-c2n[nH]c(n2-c2ccc3ccccc3c2)=O)ccc1O,0.496761903,2.653909795,441.535,3.347,-9.7,-9.5
c1cc(NC2CCN(CC2)CC(O)C)nc(-c2ccc3ccn(c3c2)C(C)C)c1,0.6465626,3.040506269,392.547,4.5413,-8.9,-8.3
O1CCC(Nc2nccc(C3=C(C(NC3=O)=O)c3cc(C)c(cc3)OC)c2)C1,0.774224076,3.079204269,379.416,2.16662,-9.3,-8.7
c1(NC2CCCC2)nccc(C2=C(c3cccc(Cl)c3)C(=O)NC2=O)c1,0.808919745,2.446929797,367.836,3.6567,-9,-8.8
C1(c2ccnc(c2)NC2CCC2)=C(C(=O)NC1=O)c1cc(ncc1)NC1CC1,0.671850748,2.716374468,375.432,2.5825,-9,-7.9
n1c(nccc1-c1cnc(nc1)N1CCOCC1)NC(C1CC1)=O,0.899530668,2.384455881,326.36,1.1187,-7.9,-7.9
c1ccc(C2C(=O)NC(C=2c2ccnc(c2)NC2CCOCC2)=O)c(c1)F,0.81135624,2.570143713,367.38,2.3788,-9.1,-8.8
c1(C2C(NC(C=2c2cc(NC3CCCC3)ncc2)=O)=O)ccc(F)cc1,0.830425976,2.400630105,351.381,3.1424,-8.9,-8.7
c1cc2c(cc(C(N)=O)cc2)n1C,0.695080719,2.026935904,174.203,1.2772,-6.1,-6
C1N(CCC(C1)CO)Cc1n2c(nn1)ccc(n2)NC1CCOCC1,0.83215969,2.65733107,346.435,0.9195,-8.3,-8
c1c(cccc1)Nc1c2cc(C3C(=O)NC(=NC3)C3CCOCC3)sc2ncn1,0.691328075,3.548498046,407.499,3.4734,-10.1,-9.1
c1(Nc2ccc(c(c2)-c2cc(N)ncc2)Cl)cc(Nc2ccccc2F)ncc1,0.379025188,2.35878635,405.864,6.0055,-9.3,-9.2
c1(nc(N2CCOCC2)cc(C2=C(c3cccc(c3)F)C(=O)NC2=O)c1)C,0.839749087,2.524551137,367.38,1.93292,-9,-9.5
C1COCCC1C1=C(c2ccnc(c2)NC2CCCC2)C(NC1=O)=O,0.821401586,2.78170034,341.411,2.2727,-8.7,-8.2
C1(NC(C(=C1c1cccc(C(N)=O)c1)c1ccnc(c1)NC1CCOCC1)=O)=O,0.659982577,2.636238786,392.415,1.3386,-9.6,-9.1
C(C)(Nc1nc(ccn1)C1C(=O)NC(=O)C=1c1ccncc1)COC,0.752689686,3.148567308,339.355,0.8856,-7.9,-7.4
Clc1ccc(cc1)C1=C(c2ccc(cc2)F)C(NC1=O)=O,0.866674616,1.988596945,301.704,3.0463,-8.1,-7.7
C1(=O)NC(=O)C(=C1c1ccc(cc1)F)c1ccnc(NC2CCOCC2)c1,0.81135624,2.535260281,367.38,2.3788,-9,-9
c1c(cccc1C1C(NC(=O)C=1c1ccnc(NC2CCOCC2)c1)=O)Cl,0.793382813,2.579779216,383.835,2.8931,-9.1,-9
c1c(ccc(C2C(NC(C=2NC2CCCC2)=O)=O)c1)C(N)=O,0.711713882,2.37394569,299.33,0.6852,-7.8,-7.3
C1(c2c(nc3c(ccc(c3)C)c2)OC)C(=O)NC(C=1c1cccc(Cl)c1)=O,0.704240368,2.457716448,378.815,3.77242,-8.7,-8
C1(=O)C(c2ccnc(NC3CCCC3)c2)=C(C(=O)N1)c1ccc(cc1)F,0.830425976,2.400630105,351.381,3.1424,-9.2,-8.7
O=c1[nH]c(nc2cc(-c3cnc(Nc4ccccc4)nc3)ccc21)NC1CCCCC1,0.432863891,2.491981964,412.497,4.8683,-10.3,-9.1
c1cc(cc(n1)NC1CCOCC1)-c1ccnc(c1)Nc1ccccc1F,0.69189825,2.365148077,364.424,4.6172,-8.7,-8
N1C(C(=C(C1=O)c1ccccc1)c1cc(O)ccc1)=O,0.815628767,2.063862354,265.268,1.9594,-7.6,-7.8
c1c(cc(cc1C(=O)N)OC)C1C(=O)NC(C=1c1ccnc(NC2CCOCC2)c1)=O,0.59860827,2.748828529,422.441,1.3472,-9.8,-8.6
n1c(NC(c2cc(ncc2)NC2CCOCC2)=O)ccc(C(N)=O)c1,0.75648971,2.336530082,341.371,1.4187,-8.5,-8.1
NC(=O)c1cc(ncc1)Nc1cc(ncc1)-c1ccc(nc1)Nc1ccc(C)cc1,0.445060639,2.34514459,396.454,4.43312,-9.8,-8.8
c1c(cc(-c2ccnc(NC(C3CC3)=O)c2)cc1)C(=O)N,0.900461031,1.937631365,281.315,2.196,-8.1,-8.4
c1cc(C2=C(C(NC2=O)=O)c2cc(C)ccc2)ccc1Cl,0.865235445,2.030454572,297.741,3.21562,-8.4,-7.8
c1c(cc(cc1C1C(=O)NC(C=1c1cc(ncc1)NC1CCOCC1)=O)Cl)Cl,0.742939941,2.705307929,418.28,3.5465,-9.4,-8
c1c(c2cc(-c3cc(NC4CCOCC4)ncc3)ccc2[nH]1)CCN,0.667920691,2.463522338,336.439,3.322,-8.3,-8.5
c1(cc(C2=C(C(NC2=O)=O)c2ccnc(c2)NC2CCCCC2)ccc1)Cl,0.783688512,2.451789275,381.863,4.0468,-9.4,-9
c1cc(ccc1Br)C1C(NC(C=1c1cccc(Cl)c1)=O)=O,0.828657427,2.110400856,362.61,3.6697,-7.7,-7.6
c1c(ncc(c1)-c1ccnc(NC(C2CC(NC3CCOCC3)C2)=O)c1)NC1CC1,0.653279802,2.682739285,407.518,3.2036,-8.7,-8
c1(cccc(c1)C1=C(c2ccc(Cl)cc2)C(=O)NC1=O)Cl,0.860728599,2.047452486,318.159,3.5606,-8.4,-7.7
NCCC1CCC(CC1)Nc1nccc(c1)-c1ccnc(Nc2ccccc2)c1,0.518946706,2.379702667,387.531,5.2067,-9,-8.1
C1(C(=O)NC(C=1c1cc(ncc1)Nc1ccc(cc1)F)=O)c1ccc(cc1)F,0.680884678,2.293940429,377.35,3.6706,-9.8,-9
c1cc(C(N)=O)cc(c1)C1C(NC(C=1c1ccccc1F)=O)=O,0.841772581,2.175274629,310.284,1.4918,-9.4,-8.2
C1N(CCOC1)c1cccc(c1)-c1n[nH]c(n1-c1cc2c(cc1)cccc2)=O,0.599802095,2.277886877,372.428,3.2174,-9.2,-9.7
c1(ccc(CNC2CCOCC2)cc1Cl)-c1cc(ncc1)NC1CCOCC1,0.756893142,2.516676312,401.938,4.2615,-9.1,-7.9
c12cn[nH]c1ncc(-c1nn(C)cc1-c1cc(ncc1)NC1CCCC1)c2,0.579256134,2.789003077,359.437,3.7749,-9.6,-8.3
O=C(NC1CCC1)c1cc(-c2ccc(F)c(c2)C)ccn1,0.937249138,1.999772434,284.334,3.47842,-8.2,-7.9
c12c(cc(cc1)OC)Cn1c-2nc2c(c1=O)cc(cc2)NC1CCOCC1,0.606093869,2.500856049,363.417,3.0247,-8.5,-8.8
c1cc(F)ccc1N=C1SC(=Cc2ccccc2O)C(N1)=O,0.834973667,2.729655225,314.341,3.4229,-7.9,-7.9
c1(cc(ncc1)NC1CCCCC1)C1=C(C(=O)NC1=O)c1ccc(cc1)F,0.813387824,2.407270341,365.408,3.5325,-9.5,-9
c1c(ccc(c1)F)C1=C(C(=O)NC1=O)c1cc(NC2CCOCC2)ncc1,0.81135624,2.535260281,367.38,2.3788,-9.1,-8.9
c1(Cl)c(F)ccc(C=C2c3cc(Cl)ccc3NC2=O)c1,0.764923028,2.127655905,308.139,4.6252,-8.8,-8
Fc1c(c(ccc1)Cl)C1=C(c2ccnc(NC(CC)=O)c2)C(NC1=O)=O,0.806509735,2.520302566,373.771,2.7898,-8.5,-8.6
c1cc(cc(c1)Cl)Nc1cc(C2C(=O)NC(C=2c2ccc(cc2)F)=O)ccn1,0.652051183,2.334646391,393.805,4.1849,-9.7,-9.1
CCCCCNC(=O)Nc1cccc(c1)C1=C(c2ccncc2)C(NC1=O)=O,0.509305954,2.326975622,378.432,2.9605,-8.4,-7.7
c1ccc(cc1C1=C(c2cn(c3ccccc23)C)C(NC1=O)=O)Br,0.691170916,2.326460858,381.229,3.508,-8.5,-8.3
c1c(C2C(=O)NC(=O)C=2c2cccc(O)c2)ccnc1NC1CCCC1,0.738417556,2.514000566,349.39,2.7089,-8.9,-8.7
C1(c2cccnc2)=C(C(=O)NC1=O)Nc1ccc(F)cc1,0.841077032,2.25813439,283.262,1.7003,-8,-7.5
c1c(C2C(=O)NC(C=2c2cc(NC3CCCC3)ncc2)=O)cc(OC)c(c1OC)OC,0.660651642,2.575910522,423.469,3.0291,-9.4,-7.2
c1csc(c1)C1C(NC(C=1c1ccnc(NC2COCC2)c1)=O)=O,0.8306043,3.218698512,341.392,1.9111,-8.2,-7.8
C1C(Nc2cc(ncn2)-c2n[nH]c(n2-c2cc3ccccc3cc2)=O)CCOC1,0.5578996,2.65978782,388.431,2.7617,-10.1,-9.7
c1(NC2CCOCC2)nccc(-c2n[nH]c(n2-c2cc3c(cccc3)cc2)=O)c1,0.560847365,2.543330396,387.443,3.3667,-9,-9.7
n1c(NC(C2CC2)=O)cc(-c2ccnc(Nc3ccccc3)c2)cc1,0.73426779,2.063729845,330.391,4.2357,-8.5,-8.4
N(C(=O)C)C1CCC(NC(=O)OC2CCN(C2)c2ccc3c(cccc3)n2)CC1,0.830125236,2.830277883,396.491,2.987,-9,-8.5
CC(Nc1c(cc(cn1)C1=C(C(NC1=O)=O)c1ccccc1)Cl)=O,0.838105177,2.369263344,341.754,2.2606,-8.1,-8.4
c1(Cl)cccc(C2=C(C(NC2=O)=O)c2cc(ncc2)-c2ccccc2)c1,0.718861574,2.206868874,360.8,3.9692,-9.4,-9.2
c1(C2C(NC(=O)C=2c2cccc(C(N)=O)c2)=O)csc(-n2ccnc2)n1,0.668335119,2.782859219,365.374,0.9949,-8.6,-8.4
c1c(C2C(NC(C=2c2cc(ncc2)NC2CCC2)=O)=O)ccc(c1)F,0.841806812,2.399366946,337.354,2.7523,-8.7,-8.4
C1(NC(=O)C(c2ccc(cc2)OC)=C1c1ccnc(NC2CCC2)c1)=O,0.811326201,2.371426371,349.39,2.6218,-8.9,-8.3
c1cc(ccc1)-c1n[nH]c(n1-c1cc2c(CC3(C2)C(NC(=O)N3)=O)cc1)=O,0.589429584,3.584880033,361.361,0.9044,-9.7,-10.3
c1(cc(Nc2cc(ccn2)-c2ccncc2)ccn1)NC(C1CC1)=O,0.746085277,2.270102026,331.379,3.6307,-8.5,-8.1
c1ccc(C2C(=O)NC(C=2c2ccccc2)=O)cc1NC1CCOCC1,0.834027365,2.317157425,348.402,2.8447,-8.5,-8.8
C1(=O)NC(C(c2ccc(cc2)F)=C1c1cc(OC)c(c(OC)c1)OC)=O,0.832217591,2.21532372,357.337,2.4187,-7.3,-7.4
C1C(Nc2nccc(-c3cc4c(cc3)[nH]nc4NC(OC)=O)c2)CCOC1,0.65332654,2.591828786,367.409,3.3941,-8.7,-8.9
c1c(C(=O)N)ccc(N2CCOCC2)c1OC,0.835680936,1.829781005,236.271,0.6307,-6.3,-6.5
O=C(CN(C)C)Nc1cc(C2=C(C(=O)NC2=O)c2ccccc2OC)c(Cl)cc1,0.709965888,2.336207229,413.861,2.4159,-8.8,-7
n1c(n(C)c(-c2cc3c(cc2)OCO3)n1)-c1cc(ncc1)NC1CCOCC1,0.74615269,2.587356757,379.42,2.8637,-8.9,-8.8
C1C(CCOC1)Nc1cc(-c2sc(c(n2)C(O)=O)OC)ccn1,0.866754237,2.813453759,335.385,2.5028,-7.8,-7.7
c1(NC2CCOCC2)ncccc1C1C(NC(C=1c1ccc(Cl)cc1)=O)=O,0.793382813,2.522234246,383.835,2.8931,-8.5,-8.5
N(c1ccccc1)c1nccc(C2=C(c3ccc(F)cc3F)C(NC2=O)=O)c1,0.680884678,2.360287737,377.35,3.6706,-9.6,-9.4
c1c(cccc1Cl)Nc1n[nH]c2c1cc(cc2)-c1nnc(C)o1,0.586135121,2.353793045,325.759,4.31832,-8.7,-8.3
O=c1n(C(C)C)c2c(cc1C1C(=O)NC(=O)C=1c1cccc(c1)Br)cccc2,0.632246501,2.542891568,437.293,3.9121,-9.5,-8.9
Oc1c2c(ncc1CN(CC)Cc1cccc(Cl)c1)ccc(c2)O,0.724596975,2.386669229,342.826,4.3215,-8.4,-7.6
Clc1c(Cl)ccc(C2=C(C(=O)NC2=O)c2cn(c3c2cccc3)CC)c1,0.6736335,2.36326342,385.25,4.5352,-8.2,-8.1
c1ccc(cc1NC1=C(C(=O)NC1=O)c1cc(ncc1)NC1CCOCC1)OC,0.645540334,2.629943493,394.431,2.1607,-8.4,-8.7
C1(C(c2ccccc2Cl)=C(Nc2ccc(cc2)N2CCOCC2)C(N1)=O)=O,0.794186369,2.311964423,383.835,2.6562,-9.1,-8.2
c1cc(cnc1NC1CCOCC1)C1C(=O)NC(C=1c1ccc(Cl)cc1)=O,0.793382813,2.515609394,383.835,2.8931,-8.8,-8.3
c1(cc(C2C(=O)NC(C=2c2cccc(c2)Cl)=O)ccc1)C(=O)N,0.845401601,2.187017898,326.739,2.0061,-9,-8.3
c1(cc(C2C(=O)NC(C=2c2ccccc2)=O)ccc1)OC,0.876798261,1.953288236,279.295,2.2624,-7.5,-7.7
c1c(C(=O)OC)c(OC)cc(c1)C1=C(C(NC1=O)=O)c1ccnc(NC2CCOCC2)c1,0.521076495,2.684055741,437.452,2.0349,-9.2,-8.6
C1(=C(C(NC1=O)=O)Nc1ccc(F)cc1)c1ccnc(NC2CCC2)c1,0.720843402,2.482878554,352.369,2.6647,-8.2,-8.3
c12c(cccc1)n(cc2C1C(=O)NC(=O)C=1c1c(F)cccc1)C,0.738264262,2.262347057,320.323,2.8846,-8.7,-8.6
C1CC(CCC1)Nc1cc(C2=C(c3ccc(Cl)cc3)C(NC2=O)=O)ccn1,0.783688512,2.402686909,381.863,4.0468,-9.2,-8.9
CCC(=O)NC1CCC(N=C2NCc3cc(ccc23)-c2sc(Cl)cc2)CC1,0.775776523,3.046424778,401.963,4.7557,-8.1,-7.6
c1(C2C(=O)NC(=O)C=2c2ccc(F)cc2)ccnc(c1)NC1CCOCC1,0.81135624,2.535260281,367.38,2.3788,-9.1,-8.9
c1c(cccc1C(N)=O)C1C(NC(C=1c1cc(ncc1)NC1CCOCC1)=O)=O,0.659982577,2.636238786,392.415,1.3386,-9.6,-9.3
CC(C)n1c(cc(=O)c(n1)-c1cc(ncc1)Nc1ccccn1)C1CCC(CC1)O,0.665361265,2.872506412,405.502,4.0433,-8.9,-8.6
[nH]1c(C(=O)N)nc(-c2ccnc(c2)NC(CCC)=O)c1,0.761493053,2.749998488,273.296,1.3092,-7.2,-7
c1nc(cc2c1[nH]nc2NC(CCC)=O)-c1ccc(F)cc1,0.774075026,2.266875006,298.321,3.5026,-8,-7.7
C1CC1Nc1nccc(C2=C(C(NC2=O)=O)c2cccc(c2)F)c1,0.847539882,2.447761311,323.327,2.3622,-8.4,-7.9
N(c1nc2c(s1)cc(cc2)-c1ccc(O)cc1)C(CCC)=O,0.749928637,1.955591489,312.394,4.4075,-7.8,-7.9
n1(cc(c2cc(ncc21)N1CCCC1)C1=C(c2ccc(cc2)Cl)C(NC1=O)=O)C,0.676851181,2.616527201,406.873,3.3941,-9,-7.9
c1(Cl)ccc(C2=C(C(NC2=O)=O)c2c(OC)cc(OC)cc2OC)cc1,0.815588642,2.287187182,373.792,2.933,-7.6,-7.1
c1(ccnc(NC2CCC3(CC2)OCCO3)c1)-c1cc2c(nccc2)cc1,0.749507301,2.995146981,361.445,4.3944,-9.2,-8.9
c1(C2C(=O)NC(C=2c2cccc(OC)c2)=O)c2c([nH]c1)nccc2,0.724485515,2.385781299,319.32,2.1387,-8.7,-8.7
c1ccc(c(c1)F)C1=C(c2ccnc(NC3CCCC3)c2)C(=O)NC1=O,0.830425976,2.436908874,351.381,3.1424,-9.1,-8.9
C1CC(CCC1)Nc1nccc(-c2cc3c(cc2)NC(=O)CCCC3)n1,0.851854157,2.361982337,350.466,4.5531,-9.6,-9
CC(C)C(Nc1nccc(C2C(NC(C=2c2ccc(Cl)cc2)=O)=O)c1)=O,0.810937506,2.374100643,369.808,2.8967,-8.8,-8.7
c1cccc(C2=C(C(NC2=O)=O)c2ccnc(c2)NC2CCOCC2)c1,0.827718733,2.476063902,349.39,2.2397,-8.7,-8.7
O=C1C(=C(c2ccc(cc2)Cl)C(N1)=O)c1ccnc(c1)NC1CCCC1,0.808919745,2.395863336,367.836,3.6567,-8.9,-8.7
c1(cccc(C2C(=O)NC(=O)C=2c2cc(NC3CCOCC3)ncc2)c1F)F,0.790955113,2.705389275,385.37,2.5179,-9.3,-9.3
c1(c(Cl)cc(F)cc1)C1=C(c2cc(ncc2)NC2CCCC2)C(=O)NC1=O,0.785263788,2.515711177,385.826,3.7958,-8.7,-9.1
N1(CCOCC1)c1ccc2nnc(n2n1)CNC(=O)CC,0.85211053,2.435437567,290.327,-0.0129,-7.1,-7.2
c12cc(ccc1[nH]nc2NC(=O)CCC)-c1ccncc1,0.769418044,2.186186369,280.331,3.3635,-8.1,-7.7
c1c(cnc(n1)NC1CCN(C(=O)NCC)CC1)C1CCC1,0.895535188,2.408857423,303.41,2.3499,-7.7,-7.3
c1ccc(C2C(NC(C=2c2cc(ccc2)OC)=O)=O)cc1,0.876798261,1.953288236,279.295,2.2624,-7.4,-7.6
c1ccc2c(c1)ccc(C1=C(C(NC1=O)=O)c1cc(F)ccc1)c2,0.734837591,2.112036817,317.319,3.5461,-8.9,-8.9
C(CCN(C1Cc2c(CC1O)nc(nc2)NC1CC1)C)C,0.833304546,3.606943715,290.411,1.6109,-6.8,-6.6
c1ccc(cc1)C1C(=O)NC(C=1c1cc(Nc2ccccc2)ncc1)=O,0.713725077,2.168713902,341.37,3.3924,-9.2,-8.8
N(C1CCCC1)C1C(c2ccc(cc2)Cl)=C(C(=O)N1)c1ccc(Cl)cc1,0.784281814,3.005757791,387.31,4.8923,-8.7,-8.4
OC(=O)CCc1c(cccc1)-c1ccc(NC2CCC(N)CC2)nn1,0.747326364,2.399299313,340.427,2.8426,-8.6,-8.2
c1(-c2cc(ncc2)NC2CCC(O)CC2)cnc(cc1)Nc1ccccc1,0.620107791,2.276709231,360.461,4.6026,-9,-8.2
c1c(NC2CCOCC2)nccc1C1=C(C(=O)NC1=O)c1ccc(F)cc1,0.81135624,2.535260281,367.38,2.3788,-9.2,-8.9
C1(=C(C(NC1=O)=O)c1cccc(Cl)c1)c1ccnc(NC2CCCCC2)c1,0.783688512,2.451789275,381.863,4.0468,-9.5,-9
c1cc(C2=C(C(=O)NC2=O)c2ccnc(NCC3CCOCC3)c2)cc(c1)Cl,0.757454076,2.607116946,397.862,3.1407,-8.9,-8.7
C1(c2c(C(=O)N1)cc(OC)c(c2)OC)=O,0.720555979,1.989337997,207.185,0.5874,-6.3,-6.1
c1c(ccc(-c2n[nH]c(n2-c2ccnc(n2)NC(C2CC2)=O)=O)c1)OC,0.716670008,2.42688583,352.354,1.3747,-8.7,-7.5
COc1ccc(C2C(NC(C=2Nc2cc(ccc2)C(O)=O)=O)=O)cc1,0.719066529,2.155398049,338.319,1.873,-8.3,-8.1
N1C(=O)C(c2c3ccccc3ccc2)=C(c2cccnc2)C1=O,0.740352516,2.165694078,300.317,2.802,-8.8,-8.1
Fc1cc(ccc1C1C(NC(C=1c1cc(ncc1)NC1CC1)=O)=O)F,0.838515013,2.51686772,341.317,2.5013,-8.3,-8.1
c1c(nccc1-c1cc(NC(C2CCOCC2)=O)ncc1)Nc1ccc(F)cc1,0.673436783,2.312217139,392.434,4.3914,-9.3,-8.8
c12c(cc(F)cc1)ccn2-c1cc(ncc1)NC1CCOCC1,0.800363078,2.469793393,311.36,3.7555,-8.2,-8.2
c1c(cnc(c1)NC(C)C)C1C(NC(=O)C=1c1cc(ccc1)Cl)=O,0.838114376,2.449616501,341.798,3.1225,-8.4,-7.6
N1C(=O)C(=C(c2cccc(F)c2)C1=O)c1[nH]cc(n1)-c1cc(ccc1)F,0.712707071,2.721603086,351.312,2.9221,-9.1,-9
c1c(cncn1)-c1cc2nc(NC3CCN(CC3)C(=O)C)ccc2cc1,0.788131403,2.390230502,347.422,3.1146,-9,-9
c1cc2c([nH]nc2NC2CC(NC(c3c(Cl)cccc3)=O)CCC2)cc1,0.64004263,2.914273089,368.868,4.3694,-9.5,-9
N1c2c(ccc(Cl)c2)C(=C(C1=O)c1cc(Cl)ccc1)C1CCCCC1,0.543604402,2.263328159,372.295,6.5496,-8.6,-8.8
C1CC(CCC1)NC1C(=O)NC(=O)C=1c1ccnc(NC2CCOCC2)c1,0.686478542,2.775924793,370.453,1.9623,-8.6,-8.2
c1(cc(-c2cnc3[nH]nc(c3c2)NC(CC)C)ccn1)NC1CCOCC1,0.614601619,3.218717251,366.469,3.8212,-8.7,-8.7
C1CC(CCC1NC(C)=O)C(Nc1cc(-c2ccc(Cl)c(F)c2)ccn1)=O,0.823741323,2.240790942,389.858,4.1745,-8.6,-8.1
c1cc(ccc1-n1c(=O)[nH]nc1-c1ccnc(c1)Nc1ccccc1)F,0.592337539,2.203023214,347.353,3.5053,-9,-8.7
O(C)c1ccc(cc1)C1=C(C(=O)NC1=O)c1ccc(cc1)Cl,0.886465322,1.962587625,313.74,2.9158,-7.9,-7.5
c12c(OCO1)ccc(-c1nc(ncc1)Nc1cccc(c1)C(=O)N)c2,0.760877667,2.133994334,334.335,2.7148,-8.9,-8.7
Cc1c(cc2cc(-n3c(=O)[nH]nc3-c3c(Cl)cccc3)ccc2n1)NC1CCCOC1,0.498080775,3.146660621,435.915,4.32852,-9.1,-9.1
c12c(cc(-c3ccnc(c3)NC3CCC3)cc2)n(Cc2ccc(F)cc2)nc1,0.52021675,2.294230059,372.447,5.2501,-9.2,-9.6
c1(-c2nc([nH]c2-c2cccc(n2)NC2CCC(OC)CC2)CC)cnc(cc1)NC(C)C,0.446676371,2.862800706,434.588,5.2859,-8.6,-7.9
c12c(n[nH]c1ccc(c2)-c1ccc(F)cc1)NC(CCC)=O,0.761131271,2.043417863,297.333,4.1076,-8.5,-8
C(C(C)C(=O)Nc1n[nH]c2c1cc(Cl)cc2)N1CCC(NC2CCOCC2)C1,0.687810038,3.39204894,405.93,2.6338,-8.5,-7.9
c1c(cc(C(=O)N)cc1)C1=C(C(=O)NC1=O)c1cc(NC2CCC2)ncc1,0.700781539,2.508038108,362.389,1.7121,-9.3,-8.3
n1ccccc1C1C(NC(=O)C=1c1cc(ncc1)NC1CCOCC1)=O,0.814437546,2.671405805,350.378,1.6347,-8.8,-8.6
c1c(cc(NC2C(=O)NC(C=2c2ccnc(c2)NC2CCC2)=O)cc1)Cl,0.705893986,2.526884999,368.824,3.179,-8.3,-8.3
c1(-c2ccccc2)cc(=O)n2CCCC(c2n1)NC1CCC(CC1)O,0.902052189,2.951186552,339.439,2.6383,-8.6,-8.7
N(C1CCC(NC(=O)NC(C)C)CC1)c1nc2n(C)c(=O)ccc2cn1,0.773061789,2.546028857,358.446,1.7592,-8.2,-7.9
C1CCC1Nc1nccc(C2=C(c3ccc(OC(C)C)cc3)C(NC2=O)=O)c1,0.75442447,2.485118548,377.444,3.4004,-9.2,-8.2
C(NC1CCOCC1)(=O)c1cc(-c2ccnc(c2)Nc2ccncc2)ccc1,0.710454577,2.267125246,374.444,3.796,-9.2,-8.5
c1c(cc(-c2cc(NC(C3CCOCC3)=O)ncc2)cc1)Nc1ccccn1,0.698081086,2.26447279,374.444,4.2523,-9.5,-8.7
c1cnc(cc1C1=C(C(NC1=O)=O)c1cc(ncc1)NC1CCC1)NCC,0.68243027,2.699586301,363.421,2.44,-8.7,-8.1
c1cc(NC2CCN(C(=O)C)CC2)ncc1-c1ccnc(c1)Nc1ccccc1,0.682645318,2.262217863,387.487,4.31,-9.2,-8.8
c1cc(C2C(NC(=O)C=2c2cc(NC3CCCC3)ncc2)=O)ccc1,0.843948257,2.337633323,333.391,3.0033,-8.8,-8.3
c1c(C#N)ccc2c1c(N)n[nH]2,0.600255193,2.396359661,158.164,1.01678,-6,-6.1
c1c(C2=C(c3ccc(cc3Cl)F)C(NC2=O)=O)ccc(c1)F,0.864154688,2.139147065,319.694,3.1854,-7.9,-7.8
c1cc(ccc1C1C(NC(C=1c1ccnc(NCC2CCOC2)c1)=O)=O)F,0.792543488,3.012866311,367.38,2.2363,-8.9,-8.4
N(C1CCC(CC1)C(=O)Nc1ccnc(c1)-c1ccc(Cl)cc1)C(=O)C,0.85166814,2.071722629,371.868,4.0354,-8.7,-7.8
c1cccc(C2C(NC(=O)C=2c2cc(ncc2)NC2CCOCC2)=O)c1,0.827718733,2.476063902,349.39,2.2397,-8.9,-8.6
c1ccccc1NC1C(NC(C=1c1cc(NC2CCCC2)ncc1)=O)=O,0.723843821,2.429881514,348.406,2.9157,-8.5,-8.4
COc1cc(Nc2c(-c3ccc(F)cc3)cc3c(n2)cccn3)ccc1,0.552942918,2.038363295,345.377,5.1881,-9,-8
c1c(C#N)ccc(C2C(=O)NC(=O)C=2c2cc(ncc2)NC2CCOCC2)c1,0.794599401,2.650624639,374.4,2.11138,-9.5,-9.3
O=C1NC(C(=C1Nc1ccc(Br)cc1)c1cc(NC(C)=O)ncc1)=O,0.68307167,2.467464643,401.22,2.2821,-8.4,-8.3
c1(c(cc(=O)n(n1)C)-c1ccnc(NC2CCOCC2)c1)C,0.934835693,2.53582006,300.362,1.74162,-7.9,-7.8
c1(C2=C(C(NC2=O)=O)c2c(F)cc(cc2)F)ccc(Cl)cc1,0.864154688,2.143094353,319.694,3.1854,-8.2,-7.9
c1c(C2=C(C(=O)NC2=O)c2cc(ncc2Cl)NC2CCCC2)ccc(Cl)c1,0.748155491,2.489052835,402.281,4.3101,-8.7,-8.2
c1(Nc2c3c(sn2)ccc(c3)F)cc(ncc1)NC1CCCCC1,0.673675203,2.547919478,342.443,5.3186,-8.9,-8.2
C1CN(CCO1)c1cc2n(CC)cc(C3C(NC(=O)C=3c3ccc(cc3)Cl)=O)c2cc1,0.634292182,2.541844758,435.911,3.7184,-8.7,-8.2
c1c(C2=C(C(NC2=O)=O)c2cc(OC)c(OC)c(OC)c2)ccnc1N,0.776331017,2.496414105,355.35,1.2568,-8.1,-7.4
c1c(NC2CCN(CC2)C2CCc3c2cccc3)nc(C)cc1C,0.91520983,2.75863038,321.468,4.26224,-8.9,-8.8
c1n(c2ncccc2c1C1C(=O)NC(C=1c1ccc(F)cc1)=O)C,0.736609976,2.401849094,321.311,2.2796,-8.3,-8.3
Fc1cc(C2=C(C(=O)NC2=O)c2ccnc(NC3CCOCC3)c2)ccc1,0.81135624,2.588614128,367.38,2.3788,-9.2,-8.9
c1(ccnc(NC2CCC(CC2)Nc2ncccc2)c1)NC(CC)=O,0.748368036,2.307581479,339.443,3.6603,-8.6,-7.8
c1cc(cc(c1)C1=C(C(NC1=O)=O)c1ccnc(n1)NC(C1CCC1)=O)OC,0.767790257,2.497353991,378.388,1.791,-9.1,-7.8
n1(nc(ccc1=O)-c1ccnc(c1)NC1CCCOC1)C,0.924171257,2.904273551,286.335,1.4332,-7.5,-7.5
[O-][n+]1c(-c2ccnc(NC3CCC3)c2)c(on1)C(=O)NC1CC1,0.634522441,3.095443915,315.333,1.2266,-7.8,-7.5
O=C1NC(C(=C1c1ccnc(c1)NC1CCCC1)c1ccc(cc1)F)=O,0.830425976,2.400630105,351.381,3.1424,-9.2,-8.7
O(c1c(cc(cc1)C1C(NC(=O)C=1c1c(cccc1)F)=O)OC)C,0.876067301,2.109228441,327.311,2.4101,-8,-8.2
c1cccc2c1-n1c(nnc1-c1ccc(F)cc1)-c1c(C2=O)cccc1,0.45896092,2.068640825,341.345,4.202,-10.2,-9.3
c1cccc(c1)C1C(NC(=O)C=1c1ccnc(c1)N)=O,0.799696899,2.269752233,265.272,1.231,-7.7,-7.8
C1CC1Nc1nccc(-c2n[nH]c(=O)n2-c2c3cc(ccc3[nH]n2)F)c1,0.522864309,2.812477489,351.345,2.2123,-9,-8.5
C1C(CCC(NC(NC(C)C)=O)C1)Nc1ncc2c(c1)n(C)ccc2=O,0.783768165,2.631694821,357.458,2.3642,-8.4,-8.7
C1(=O)C(Nc2cc(-c3cc(NC4CCCC4)ncc3)ccn2)=CC=CC1,0.843679312,2.856275643,346.434,4.3229,-9.3,-8.5
C1OCCC(C1)Nc1nccc(c1)C1C(=C(NC(N1)=O)C)c1ccccc1,0.776637385,3.051084145,364.449,3.4576,-8.7,-8.6
c1cc(C(N)=O)ccc1C1C(=O)NC(=O)C=1c1cccc(F)c1,0.841772581,2.137840254,310.284,1.4918,-8.4,-8.3
c1cc(ccc1)Nc1c2c([nH]n1)cc(OC)c(OC)c2,0.762431085,1.960092718,269.304,3.3237,-7.7,-7.2
c1c(-c2c3c([nH]n2)ncc(c3)-c2ccccc2)cc(nc1)Nc1ncccc1,0.477600687,2.424242709,364.412,4.8255,-9.9,-9.6
Clc1c(c(ccc1)Cl)C1=C(C(=O)NC1=O)c1cc(ncc1)NC1CCCCC1,0.709262742,2.550750237,416.308,4.7002,-8.7,-9.1
c12c(n(C)c(n1)-c1ccnc(c1)NC1CCOCC1)ncc(C#N)c2,0.791463879,2.740027211,334.383,2.49288,-8.5,-8.1
C1(NC(C(c2cc(NC3CC3)ncc2)=C1c1ccc(Cl)cc1)=O)=O,0.840206794,2.381303845,339.782,2.8765,-8.1,-8
N(C1C(NC(C=1c1cc(ccc1)CS(=O)(=O)C)=O)=O)CC1CCCO1,0.70732376,3.101879582,364.423,0.3673,-8.7,-7.5
c1(C2C(=O)NC(C=2c2ccc3c(c2)OCCO3)=O)c(nccc1)Nc1ccc2c(c1)OCO2,0.593001601,2.671410593,443.415,2.8923,-9.8,-8.5
C1CC(Nc2nc(-c3ccc(F)cc3)ccn2)CCC1NC(C1CCOCC1)=O,0.805608545,2.34967017,398.482,3.5486,-9.5,-8.6
O=C(N)c1c(NC(=O)CCC)nc(C(N)=O)c(n1)-c1ccccc1,0.727591664,2.394433503,327.344,1.08,-8.6,-7.6
c1c(NC2CCCCCC2)cc(Nc2n[nH]c3cc(Cl)ccc32)cc1,0.496359948,2.225121506,354.885,6.0946,-9.3,-8.6
c1cc(C2=C(c3cc(NC4CCOCC4)ncc3)C(NC2=O)=O)cc(c1)OC,0.774833116,2.557756263,379.416,2.2483,-9,-8.8
C1(Cc2cc(NC3CC(NC3)C(=O)N)ncc2)CN(CCC1)C1CCOCC1,0.67800013,3.7676756,387.528,1.1428,-8.8,-8.4
C1C(COC1)CNC(=O)NC1C(NC(=O)C=1c1cc(Nc2ccc(cc2)F)ncc1)=O,0.522642912,3.173526049,425.42,1.6675,-9,-8.5
c1cc(N)cc(C2=C(C(=O)NC2=O)c2cc(ncc2)NC2CCOCC2)c1,0.564394234,2.656579216,364.405,1.8219,-9.1,-8.9
C1(C(=C(C(N1)=O)c1ccnc(NC(C2CC2)=O)c1)c1ccc(Cl)cc1)=O,0.813018404,2.340476065,367.792,2.6507,-8.3,-7.8
c1nccc(c1)C1C(=O)NC(=O)C=1c1cc(c(F)cc1)C,0.858057887,2.310883777,282.274,2.09632,-7.9,-7.8
c1c(CCC2CCOCC2)n[nH]c1-c1ccc(cc1)F,0.92509132,2.427138742,274.339,3.575,-7.6,-7.4
c1(ccc(C2C(NC(=O)C=2c2cc3c(s2)cccc3)=O)cc1)OC,0.745721528,2.290387319,335.384,3.4771,-8.4,-8
O=C(CO)Nc1cc(-c2n[nH]c(n2-c2cc3c(cc2)OCO3)=O)ccn1,0.612440557,2.612989489,355.31,0.2821,-8.6,-8.1
c1(C2=C(O)C(=O)NC2=O)c(nccc1)C1CCCC1,0.790653157,2.608989969,258.277,1.6647,-7.3,-7.5
c1c2C3C(Nc2ccc1Cl)=C(c1cc(nc(C)c1)NC1CCCC1)C=CN3,0.669492072,3.571468176,378.907,5.39272,-9.8,-9.3
c1c(F)ccc(c1C1=C(C(=O)NC1=O)c1ccnc(NC2CCOCC2)c1)F,0.790955113,2.684848506,385.37,2.5179,-9.2,-9.1
N1CC(CC1=O)c1cc(ncc1)NC1CCC(CC1)Nc1ccc(cc1)F,0.753544197,2.969903619,368.456,3.6594,-8.8,-8.2
c1(C2C(NC(C=2c2ccc(cc2)F)=O)=O)ccnc(c1)NC1CCCCC1,0.813387824,2.407270341,365.408,3.5325,-9.5,-9
c1(C2C(=O)NC(=O)C=2c2cc(ncc2)NC2CC2)cc(NC2CCC2)ncc1,0.671850748,2.716374468,375.432,2.5825,-9.1,-8
c1ccc(cc1)C1=C(C(NC1=O)=O)c1cc(NC2CCCC2)ncc1,0.843948257,2.337633323,333.391,3.0033,-8.8,-8.6
NC(=O)c1cc(C2=C(C(=O)NC2=O)c2ccnc(c2)NC2CCCC2)ccc1,0.691628795,2.509152929,376.416,2.1022,-9.6,-8.3
n1c(NC2CCOCC2)nccc1-c1cc(-n2c(=O)[nH]nc2-c2ccccc2)[nH]n1,0.464258703,2.953938856,404.434,1.9986,-9.7,-9.2
c1nc(NC2CCOCC2)c2c(n1)[nH]nc2NC(=O)CCC,0.775998844,2.72350629,304.354,1.6824,-7,-7.1
c1(nccc(-c2ccc(NC(=O)C3CC(=O)NC(C)C3)nc2)c1)NC1CCC1,0.742223853,3.401608513,379.464,2.9612,-9,-8.4
c1c(cc(cc1)C1=C(C(=O)NC1=O)c1cccc(Cl)c1)C#N,0.867251406,2.265633035,308.724,2.77888,-8.9,-8
c1cc(C2=C(c3cn(C)c4ccccc34)C(NC2=O)=O)cc2c1OCO2,0.723970546,2.430107643,346.342,2.4742,-8.7,-8.5
C(C)C(Nc1cc(nc(n1)-c1ccnc(c1)NC1CCOCC1)C)C,0.835514069,3.011827384,341.459,3.64832,-7.9,-7.4
c1cc(cc(C2C(=O)NC(C=2c2cccc(O)c2)=O)c1)C(N)=O,0.736324058,2.265616456,308.293,1.0583,-8.7,-8.4
c1cc(ccc1)-c1cc(NC(=O)C2CCC(CC2)OC)ncc1,0.93172698,2.028245169,310.397,3.8923,-8.2,-8.5
c1(C2=C(C(NC2=O)=O)c2cccc(C(=O)N)c2)cc(ccc1)Cl,0.845401601,2.187017898,326.739,2.0061,-9.1,-8.2
c1ccccc1C1=C(C(=O)NC1=O)c1cc(NC2CCOCC2)ncc1,0.827718733,2.476063902,349.39,2.2397,-8.7,-8.7
O=C1NC(C(=C1c1cc(ccc1)C(N)=O)c1cccc(Cl)c1)=O,0.845401601,2.187017898,326.739,2.0061,-9,-8.2
c1cc(cnc1NC1CCC(NC(C)=O)CC1)C1=C(c2ccccc2)C(=O)NC1=O,0.665145515,2.503115178,404.47,2.508,-9,-9.2
c1nc(ncc1-c1ccc2c(c1)c(n[nH]2)NC(CC)=O)NC(C1CCOCC1)=O,0.611602761,2.603617669,394.435,2.7335,-9.4,-8.7
O(C)c1c(ccc(c1)C=C1C(=O)NC(=NC(C)C)S1)OC,0.868893737,2.75166431,306.387,2.6721,-6.9,-6.7
c1c(cc(F)cc1)C1=C(C(=O)NC1=O)c1cc(Nc2ccccc2)ncc1,0.699326077,2.289144897,359.36,3.5315,-9.5,-9.1
C1(C(NC(C=1c1ccc(Cl)cc1)=O)=O)c1ccnc(NC2CCOCC2)c1,0.793382813,2.530676849,383.835,2.8931,-8.8,-9
OC(CCCC(NCc1c(F)cc(-c2ccc(F)cc2)cc1)=O)=O,0.814812854,1.867185272,333.334,3.5029,-7.8,-8
O=C1NC(=O)C(=C1c1ccnc(c1)NC(C)C)c1cccc(Cl)c1,0.838114376,2.472402724,341.798,3.1225,-8.2,-8.1
c1cc(F)c(C2=C(C(NC2=O)=O)c2ccc(OC)cc2)cc1,0.885129722,2.012239486,297.285,2.4015,-7.7,-8
C1COCCC1Nc1nccc(-c2cc(ncc2)Nc2ccc(F)cc2)c1,0.69189825,2.325795577,364.424,4.6172,-8.9,-8.7
c1(c(OC)nccc1)-c1ccc2NC(C3(c2c1)CCC3)=O,0.919123346,2.852141307,280.327,3.131,-8.1,-8.3
n1c2c(cc(C(=O)N)c1)[nH]nc2-c1ccc(cc1)NC1CCOCC1,0.677267218,2.571312775,337.383,2.3147,-8.5,-8.5
N(c1nccc(-c2cc(ncc2)Nc2ccc(F)cc2F)c1)C1CCOCC1,0.666513055,2.446682967,382.414,4.7563,-9.2,-8.8
c1(C2C(NC(=O)C=2c2cc(ncc2)NC2CCC2)=O)cccc(c1)F,0.841806812,2.45798103,337.354,2.7523,-8.8,-8.2
c1(C2C(NC(C=2c2ccnc(NC3CCCC3)c2)=O)=O)ccccc1,0.843948257,2.337633323,333.391,3.0033,-8.7,-8.7
c1cccc2ccc(nc12)C1=C(c2cccc(OC)c2)C(NC1=O)=O,0.749945933,2.221576236,330.343,2.8106,-8.6,-8.7
c1c(nc2cc(NC3CCOCC3)c(cc2c1)F)C(=O)N,0.906419593,2.41393362,289.31,2.0637,-7.9,-7.8
C1C(Nc2cc(ncn2)-c2ccnc(c2)NC2CCCCC2)CCC1N,0.762139609,3.286400777,352.486,3.5749,-8.5,-8
c1cc(C2=C(C(=O)NC2=O)c2ccnc(NC3CCOCC3)c2)ccc1,0.827718733,2.476063902,349.39,2.2397,-8.8,-8.6
C1CN(CCC1C)c1cc(ccn1)C1C(NC(C=1c1cccc(c1)F)=O)=O,0.849636227,2.470542146,365.408,3.0242,-9.7,-9
c1(ccc(F)cc1)C1=C(C(NC1=O)=O)c1cc(ncc1)NC1CCOCC1,0.81135624,2.535260281,367.38,2.3788,-9.1,-9
n1ccc(c2c1[nH]nc2NC(=O)CCC)-c1ccc(F)cc1,0.774075026,2.315809071,298.321,3.5026,-7.8,-7.8
c1cccc(c1)OCCN1CCC(Nc2nccc(c2)-c2c(F)cccc2)CC1,0.625176759,2.094394617,391.49,4.843,-8,-8.8
c1cc(cc(O)c1OC)C=C1C(NC(=O)NC1=O)=O,0.519508902,2.303588293,262.221,0.1502,-7.3,-7.2
N1(Cc2ccccc2C)CCC(c2nc([nH]n2)-c2ccccc2O)CC1,0.751204638,2.369457627,348.45,3.86532,-9,-8.7
CN(c1c(ccc(c1)C1=C(C(=O)NC1=O)c1ccncc1)OC)C,0.867665914,2.445754044,323.352,1.7234,-7.6,-7.5
N1C(C(=C(C1=O)c1cc(NC2CCCCC2)ncc1)c1cc(OC)c(cc1)OC)=O,0.713596999,2.466878505,407.47,3.4106,-9.8,-8.2
c1(ccc(F)cc1)-c1nc(cc(n1)NC1CCOCC1)NC1CCCCC1,0.804290107,2.381535,370.472,4.6182,-9.1,-8.2
C(c1ccccc1)NC1C(=O)NC(C=1c1ccc(F)cc1)=O,0.848301761,2.083914566,296.301,1.983,-7.3,-7.7
FC(c1cc2[nH]nc(c2cc1)NC1CCCCC1)(F)F,0.861053425,2.310977334,283.297,4.3263,-8.2,-7.9
c1(C2=C(c3cc4c(cccc4cc3)NC2=O)O)cc(NC2CCCC2)ncc1,0.607763793,3.307924592,371.44,4.9677,-9.1,-8.9
c1(nc(NC2CCOCC2)ccc1)-c1c2c(c(C(N)=O)cc1)[nH]cn2,0.677267218,2.704594334,337.383,2.3147,-8.6,-8.8
C1CC(C1)Nc1cc(ccn1)C1=C(c2cccc(c2)C)C(=O)NC1=O,0.844128194,2.434150044,333.391,2.92162,-8.9,-8.3
C(CCCC)CNc1nccc(c1)C1=C(c2cccc(C#N)c2)C(=O)NC1=O,0.544519954,2.543487929,374.444,3.51268,-8.4,-8.9
c12c(Nc3cccc(c3)OCCCN3CCCCC3)nccc1CCS2(=O)=O,0.717136206,2.63912762,401.532,3.4098,-8.7,-7.6
N1C(=O)C(Nc2ccc(c(F)c2)Br)=C(c2cc(ncc2)NC2CCOCC2)C1=O,0.593412709,2.785522011,461.291,3.0537,-9,-9
c1c(-c2nn(c(C)c2)C)cc(nc1)NC(C1CCC1)=O,0.931947446,2.236528707,270.336,2.52912,-7.5,-7
C1(CCCC1)Nc1cc(ccn1)C1=C(C(=O)NC1=O)c1ccc(Cl)cc1,0.808919745,2.395863336,367.836,3.6567,-8.8,-8.9
c1c(F)ccc(-c2nc(NC3CCOCC3)ncc2)c1,0.93376891,2.088656604,273.311,2.8736,-7.6,-7.6
c1(nccc(-c2cc(NC(C3CC3)=O)ncc2)c1)NC1CCOCC1,0.87604076,2.383710667,338.411,3.083,-8.4,-7.5
c1(F)ccc(C2=C(n3cc(nc3-c3ccccc3)-c3ccc(cc3)F)C(NC2=O)=O)cc1,0.487328513,2.469274953,427.41,4.52,-9.8,-8.4
c12c(n(c3c2ccc(c3)C(N)=O)C)C(=O)NC1=O,0.698371203,2.552933165,243.222,0.1608,-7.9,-8
c1cc(C2=C(c3ccnc(c3)NC3CCOCC3)C(NC2=O)=O)ccc1Cl,0.793382813,2.530676849,383.835,2.8931,-8.8,-9
c1c(cc(NC2C(NC(C=2c2ccc(OC)cc2)=O)=O)cc1)-c1ccc(cc1)F,0.649072988,2.16305899,388.398,3.9809,-9.1,-9.3
C1C(CN(C(C2CC2)=O)C1)C(Nc1nccc(-c2cnc3[nH]nc(C)c3c2)c1)=O,0.712381675,3.054732775,390.447,2.52532,-9.5,-8.8
c1(ccc(cc1)Br)C1=C(c2ccnc(NC3CCCC3)c2)C(NC1=O)=O,0.750652513,2.44538272,412.287,3.7658,-8.8,-8.9
O=C1C(=C(C(N1)=O)c1ccnc(c1)NC1CCOCC1)c1ccc(cc1)F,0.81135624,2.535260281,367.38,2.3788,-9,-8.7
c1c(n[nH]c1-c1cc(NC(C2CC2)=O)ncc1)-c1ccc2ccccc2c1,0.560722438,2.259817296,354.413,4.6404,-9.6,-9.1
c1cc(C2=C(C(NC2=O)=O)-c2ccnc(NC3CCCC3)c2)ccn1,0.838947428,2.520635852,334.379,2.3983,-8.9,-8.1
c1ccc2c(c1)c(NC(CCC)=O)nn2CCC,0.878984125,2.051508639,245.326,3.1849,-6.9,-6.5
c1c(cc(-c2n[nH]c(n2-c2cc3c(cccc3)cc2)=O)cc1)NC1CCOCC1,0.556659178,2.402901415,386.455,3.9717,-9.1,-9.9
[nH]1nc(C(=O)N)c(-c2ccnc(c2)NC2CCOCC2)c1,0.782134531,2.882636559,287.323,1.1615,-7.5,-7.6
N1C(C(=C(c2ccc(F)cc2)C1=O)c1ccc(cc1)O)=O,0.829409392,2.072241795,283.258,2.0985,-7.9,-7.6
c1cnc(cc1C1C(NC(=O)C=1c1ccc(F)cc1)=O)NC1CCCCC1,0.813387824,2.407270341,365.408,3.5325,-9.4,-9
c12c(cc(Br)cc2)cc(-c2ccnc(NC(=O)C3CCN(C)CC3)c2)cn1,0.678547664,2.294811169,425.33,4.3396,-9.3,-8.6
n1c(nccc1NC1CCCC1)C1=C(C(NC1=O)=O)c1ccc(Cl)cc1,0.810164216,2.544203643,368.824,3.0517,-9.1,-8.4
c1cc(-c2ccnc(NC3CCC3)c2)cc(c1)C(=O)N,0.894650408,2.004498791,267.332,2.8119,-7.9,-8
Clc1ccc(cc1)C1C(=O)NC(C=1Cl)=Cc1ccc(O)cc1,0.867265917,2.410336509,332.186,4.1664,-8.3,-8
c1cc2c(c(NC3CCCC3)nc(-c3cccc(c3)CO)c2)cc1,0.729518154,2.081005718,318.42,4.7486,-8.6,-8.8
O=C1NC(C(c2ccc(cc2)Cl)=C1Nc1nccc(OC)c1)=O,0.840720723,2.388851252,329.743,2.2232,-8,-7.3
c1c(nccc1C1C(NC(C=1c1ccc(cc1)F)=O)=O)NC1CCCC1,0.830425976,2.400630105,351.381,3.1424,-9,-8.7
c1cc(ccn1)C1C(=O)NC(=O)C=1c1ccnc(NC2CCOCC2)c1,0.814437546,2.651842647,350.378,1.6347,-8.9,-8.5
n1(C)cc(c2c1cc(F)cc2F)C1=C(C(=O)NC1=O)c1cncc(c1)NC1CCCC1,0.627884342,2.926540767,422.435,3.7732,-9.1,-8.4
n1ccc(cc1NC1CCOCC1)C1=C(c2c(cccc2)F)C(NC1=O)=O,0.81135624,2.570143713,367.38,2.3788,-9.2,-8.9
n1cccc(C2C(NC(C=2c2ccc(cc2)Cl)=O)=O)c1NC1CCOCC1,0.793382813,2.522234246,383.835,2.8931,-8.7,-7.9
c12c(ncc(C(=O)N)c1)[nH]c(-c1ccc(F)cc1F)n2,0.749148228,2.401181729,274.23,2.002,-7.9,-7.7
c1c(C2C(NC(C=2c2cc(ncc2)N)=O)=O)cc(NC2CCOCC2)nc1,0.696938171,2.794728329,365.393,1.2169,-9.2,-8.7
c12c(NC3CCCCC3)nc(cc2cccc1)-c1cccc(c1)NC(=O)C,0.636903798,2.081789058,359.473,5.6048,-9.4,-8.7
c1c(c(ccc1F)OC)C1C(=O)NC(=O)C=1c1cc2ccccc2cc1,0.737341166,2.178330529,347.345,3.5547,-8.9,-8.7
c1c(cc(nc1)NC1CCOCC1)C1=C(c2cc(ncc2)NC2CCOCC2)C(=O)NC1=O,0.57549403,2.942209959,449.511,2.2256,-10,-9.3
c1c(NCc2cc(NC3CCOCC3)ncc2)cc(cc1)C(=O)N,0.758238555,2.246016101,326.4,2.3835,-7.9,-7.7
c1c(F)c(ccc1-c1n2c(cc(-c3ccccc3)cc2)nn1)OC,0.567659964,2.115850386,319.339,4.211,-8.4,-8.5
c12c(ncc(c1)-c1cncc(c1)C(=O)N)[nH]cc2,0.712475834,2.409650633,238.25,1.7238,-7.9,-7.6
c1ccc(cc1)Nc1cc(-c2sc(C(N)=O)cc2)ccn1,0.771620195,2.109446899,295.367,3.6526,-7.8,-7.6
c1(ccncc1)C1=C(C(=O)NC1=O)c1ccc(N2CCOCC2)cc1,0.860613003,2.303285377,335.363,1.4854,-8.1,-8
C1(C(C=C(C(=O)Nc2cc(-c3cc(Nc4ncccc4)ncc3)ccn2)O1)O)CO,0.489006212,3.496096566,405.414,1.8566,-9.5,-8.3
N(c1cc(ccn1)-c1ccc2ccc(sc2c1)=O)C(C1CC1)=O,0.80013827,2.51048313,322.389,3.672,-8.6,-8.3
c1(NC2CCOCC2)nccc(C2C(NC(=O)C=2c2c(cccc2)Cl)=O)c1,0.793382813,2.55072892,383.835,2.8931,-9,-9
c1c(Nc2ccc(-c3ccccc3)cc2CO)cc(nc1)NC1CCOCC1,0.588649278,2.350060371,375.472,4.5754,-8.6,-8.7
c1cc(cc(OC)c1)C1=C(C(NC1=O)=O)c1c2cc(ccc2[nH]c1)Cl,0.709613754,2.313216567,352.777,3.3971,-8.7,-8.6
c1c(cc2n(C)cc(C3C(NC(=O)C=3Nc3ccc(F)cc3)=O)c2c1)F,0.711919949,2.464072904,353.328,2.9361,-9,-8.6
Clc1ccccc1C1C(NC(C=1Nc1ccc(Cl)c(c1)Cl)=O)=O,0.802150579,2.245879196,367.619,4.1264,-8.7,-8.3
C1(C(=C(C(=O)N1)c1ccc(Cl)cc1)c1ccnc(NC2CCOCC2)c1)=O,0.793382813,2.530676849,383.835,2.8931,-8.8,-9.1
NC(c1c2ccc(cc2[nH]n1)-c1c(C2CCCC2)[nH]nc1)=O,0.692116532,2.612211338,295.346,2.7095,-8.6,-8.3
O1CCN(CC1)c1cc(C2=C(c3ccccc3)C(=O)NC2=O)ccn1,0.860613003,2.328282427,335.363,1.4854,-8.7,-8.6
N(C1CCC(C(=O)N)CC1)c1ccc(cc1)C1=C(c2cc(F)c(cc2)F)C(=O)NC1=O,0.641295559,2.500267099,425.435,2.988,-9.9,-9.6
c12ccc(cc1cc(OC)cn2)-n1c(=O)[nH]nc1-c1cc(ncc1)NC1CCOCC1,0.513144564,2.75357471,418.457,2.7703,-9.8,-8.6
C1Cc2cc(ccc2C1)-n1c([nH]nc1-c1c(ccc(F)c1)F)=O,0.790519309,2.371035577,313.307,2.9945,-8.3,-8.9
c1ccc(-c2ccnc(Nc3ccccc3)c2)n1-c1c2c(ccc1)cc(cc2)C#N,0.393804204,2.403504456,386.458,6.30778,-9.3,-9.1
C1(C)C(=C(c2cc(ccc2)F)C(N1)=O)c1c(cccc1)F,0.899992384,2.860176418,285.293,3.3939,-7.9,-7.8
C1(c2ccc(cc2)F)=C(C(=O)NC1=O)c1cn(C)c2c1cccc2,0.738264262,2.222333709,320.323,2.8846,-8.7,-8.1
C1(=O)C(c2ccc(F)cc2Cl)=C(C(=O)N1)c1ccnc(c1)NC1CCCC1,0.785263788,2.515711177,385.826,3.7958,-8.6,-9.1
C1C(NC(=O)c2c3c(sc2)ncc(c3)-c2ccccc2)CCCC1N,0.750279906,3.089950845,351.475,3.963,-8.6,-8.2
C1(=O)NC(C(c2ccccc2F)=C1Nc1ccc(cc1)C(N)=O)=O,0.73968196,2.233984354,325.299,1.4042,-8.8,-8.2
C1(=C(Nc2cc3c(cc2)OCCO3)C(=O)NC1=O)c1cc(ncc1)NC1CCOCC1,0.627160194,2.789729908,422.441,1.9233,-9.6,-9.4
c1cc(C2C(NC(C=2c2cc(NC(C3CC3)=O)ncc2)=O)=O)ccc1Cl,0.813018404,2.340476065,367.792,2.6507,-8.8,-8.1
N(C1CCC1)c1nccc(C2C(NC(C=2c2cc(ccc2)C(=O)N)=O)=O)c1,0.700781539,2.508038108,362.389,1.7121,-9.2,-8.6
c1cccc(Nc2n[nH]c(n2-c2cc3c(CCNC4CCOCC4)cccc3cc2)=O)c1,0.416548102,2.626992674,429.524,3.7685,-8.9,-8.5
c1nc(cc(C2C(NC(=O)C=2c2ccc(cc2)F)=O)c1)NC1CCCC1,0.830425976,2.400630105,351.381,3.1424,-9,-8.7
c1cc(cc(C2C(NC(C=2c2ccc(F)cc2)=O)=O)c1)O,0.829409392,2.138771391,283.258,2.0985,-7.9,-7.9
c1cc2C(NC3=C(c2cc1-c1cc(F)ccc1)C(=O)NC3=O)=O,0.67653762,2.428359655,308.268,2.2178,-9.7,-9.9
c1c(ccc(c1)NC1C(=O)NC(=O)C=1c1ccc(Cl)cc1)F,0.85596987,2.095611198,316.719,2.9587,-7.9,-8
c1c(c(c(cc1C1=C(C(=O)NC1=O)c1ccnc(NCC2CCC2)c1)Cl)OC)OC,0.65686733,2.65029711,427.888,3.5314,-9.2,-7.5
Fc1ccc(cc1OC)C1=C(C(=O)NC1=O)c1ccnc(c1)Nc1ccccc1,0.652725649,2.374786701,389.386,3.5401,-9.6,-9
C1(=O)C(=C(c2c(Cl)cc(Cl)cc2)C(N1)=O)Nc1ccc(cc1)F,0.830962936,2.234399869,351.164,3.6121,-8.1,-8
c1(cc(C2C(NC(=O)C=2c2cccnc2)=O)ccc1)NC1CCOCC1,0.827718733,2.500201757,349.39,2.2397,-8.9,-8.6
c1cc(-c2n(C)c(c(n2)-c2ccc(F)cc2)-c2ccnc(c2)Nc2ccccc2)ccc1,0.344028728,2.232917553,420.491,6.6988,-9.5,-8.8
c1ncccc1C1C(NC(C=1c1cccc(c1)OC)=O)=O,0.868126945,2.18514439,280.283,1.6574,-7.8,-7.6
c1(F)cc(ccc1C1C(NC(=O)C=1c1ccnc(c1)NC1CCC1)=O)F,0.827634657,2.526261102,355.344,2.8914,-8.8,-8.6
N#Cc1cc(C2=C(C(NC2=O)=O)c2cc(c(OC)cc2)OC)ccc1,0.86556622,2.263718489,334.331,2.14268,-8.3,-7.9
O=C1NC(=O)C(=C1c1cc(Cl)c(cc1)Cl)c1cc(ncc1)NC1CCCC1,0.748155491,2.503487001,402.281,4.3101,-9.1,-9.1
N(C1=C(C(=O)NC1=O)c1ccc(cc1)F)c1ccc(F)cc1,0.856067072,2.101377451,300.264,2.4444,-7.9,-7.9
O=C1C(=C(C(N1)=O)c1cc(NC2CCCC2)ncc1)c1ccc(F)cc1,0.830425976,2.400630105,351.381,3.1424,-9.1,-8.7
C1(=O)C(c2ccc(cc2)Cl)=C(C(=O)N1)c1ccnc(c1)NC1CCCC1,0.808919745,2.395863336,367.836,3.6567,-9,-8.6
c1cccc(c1)C1CC(=O)Nc2nc(c(c(Cl)c21)Cl)OC,0.912592783,3.08307368,323.179,3.8711,-8.3,-8
Fc1ccc(C2=C(c3ccnc(NC4CCOCC4)c3)C(NC2=O)=O)cc1,0.81135624,2.535260281,367.38,2.3788,-9,-9
c1c(C2C(NC(C=2c2cc(NC3CCOCC3)ncc2)=O)=O)ccnc1NC1CCCCC1,0.583176359,2.839290213,447.539,3.3793,-10.5,-9.2
C1(=O)NC(=O)C(=C1c1cc(NC2CCCC2)ncc1)c1cc(NC2CCCC2)ncn1,0.61843796,2.839764735,418.501,3.1478,-10,-8.7
c1cccc2c1nc(C1=C(C(=O)NC1=O)c1ccc(Cl)cc1)[nH]2,0.712057536,2.267634179,323.739,2.7835,-8.6,-8.1
C1OCCC(C1)Nc1cc(-c2ccnc(c2)NC2CCOCC2)ccn1,0.858422518,2.568967951,354.454,3.3254,-8.5,-8.2
C(NC1CCOCC1)(=O)c1cc(-c2ccnc(NC3CCOCC3)c2)ncc1,0.826943154,2.517962503,382.464,2.6433,-9.1,-8.2
c1(C2=C(c3cccc(OC)c3)C(=O)NC2=O)cc(NC2CCCC2)ncc1,0.798456144,2.426596376,363.417,3.0119,-9,-8.5
c1(C2C(NC(C=2c2ccnc(NC3CCOCC3)c2)=O)=O)ccc(F)cc1,0.81135624,2.535260281,367.38,2.3788,-9.1,-8.9
N(c1nccc(-c2ccnc(c2)Nc2cc(ccc2)F)c1)C(=O)C1CC1,0.718197326,2.17761472,348.381,4.3748,-8.8,-8.3
c1c(cnc(NC2COC2)c1)C1=C(C(=O)NC1=O)c1ccc(cc1)Cl,0.821035867,2.561909091,355.781,2.1129,-8.3,-7.8
c1c2c(cccc2ccc1-c1c(F)cccc1)C(NCCc1ccncc1)=O,0.536306416,1.983537563,370.427,5.0134,-9.2,-9.3
O=C1NC(C(c2ccc(cc2)OC)=C1c1ccc(cc1)F)=O,0.885129722,1.968353878,297.285,2.4015,-7.9,-7.6
c1(c(=O)[nH]nc(-c2ccc(cc2)NC2CCOCC2)c1)-c1ccnc(Nc2ccccc2)c1,0.398439831,2.475827859,439.519,4.8334,-9.8,-9.6
c1(C2C(NC(=O)C=2c2c(F)ccc(Cl)c2)=O)ccn(c(=O)c1)C,0.851838944,2.585304608,332.718,1.745,-7.9,-7.9
N(C1CC(NC(=O)C)CCC1)c1nccc(-c2cc(ncc2)NC2CCOCC2)n1,0.672882732,3.373650141,410.522,2.9887,-9.4,-8.1
CC(C)c1cc(n[nH]1)C=C1C(N(CCC(=O)O)c2ccccc12)=O,0.827666566,2.73825921,325.368,2.895,-8,-8.3
CCc1ccc(cc1)C1=C(c2nc3c(cccc3)cc2)C(NC1=O)=O,0.750069841,2.209414698,328.371,3.3644,-8.8,-8.8
c1c(ccc(c1)C1=C(c2cc(ncc2)NC2CCCC2)C(=O)NC1=O)F,0.830425976,2.400630105,351.381,3.1424,-9,-8.7
c1(NC2=C(C(=O)NC2=O)c2ccc(F)cc2)ccc(C(NC2CCCCC2)=O)cc1,0.663527523,2.261594784,407.445,3.3678,-9,-8.6
C1(=O)NC(C(c2cccc(c2)-c2cnccc2)=C1c1ccc(cc1)F)=O,0.74048934,2.185422105,344.345,3.4549,-9.5,-9.3
O=C1C(c2cc(NC3CCC3)ncc2)=C(c2ccc(F)cc2)C(N1)=O,0.841806812,2.399366946,337.354,2.7523,-8.7,-8.4
c1(ncnc(NC2CCOCC2)c1-c1cc(c2c(cccc2)c1)Cl)C,0.730784468,2.518541858,353.853,4.84952,-8.7,-8.4
c1(ccc(C2=C(C(NC2=O)=O)c2cc(ncc2)NC2CCOCC2)cc1)F,0.81135624,2.535260281,367.38,2.3788,-9.1,-9
N(CC1CCC(CC1)Nc1cc(ccn1)-c1ncc(cn1)C)S(C)(=O)=O,0.804473474,2.556800176,375.498,2.36692,-8.2,-7.9
C1CC(Nc2ncc3c(n2)ccc(n3C(C)C)=O)CCC1CCN1CCCCC1,0.790655535,2.6371369,397.567,4.2191,-8.4,-8.1
Fc1ccc(-c2cc(Nc3ccccc3)c3cnc(nc3c2)NC2CCCC2)cc1,0.400990618,2.229674551,398.485,6.534,-10.1,-8.8
C(Nc1n[nH]c2ccc(-c3ccc(Cl)cc3)cc21)(CCC)=O,0.737928189,2.037743137,313.788,4.6219,-8.5,-7.4
c1c(Nc2nccnc2)cc(cc1)C1C(NC(C=1c1ccc(cc1)OC)=O)=O,0.669208504,2.365433186,372.384,2.796,-9,-8.6
C1COCCC1Nc1c2c(n(c(C3CC3)n2)-c2ccc(F)cc2)ncn1,0.77848928,2.583497303,353.401,3.4229,-8.3,-7.9
N1C(C(=C(C1=O)c1c(Cl)ccc(c1)Cl)c1cc(NC2CCOCC2)ncc1)=O,0.742939941,2.643218314,418.28,3.5465,-8.6,-8.9
C(=O)(N)c1cc2ccc(cc2cc1)OCCCN1CCCCC1,0.833454763,1.885722781,312.413,3.1935,-7.6,-7.5
C1CC(CCN1C(NCCC)=O)Nc1c2c(c(ccc2)Cl)ncc1,0.882733735,2.227858891,346.862,3.8841,-8,-7.5
O=C(N1CCCC1C)c1cc(-c2cc(NC3CCCCC3)ncc2)[nH]n1,0.875675181,2.96664916,353.47,3.8408,-9.1,-8.7
c1c(Cl)cc(C2C(NC(=O)C=2Nc2ccccc2)=O)cc1,0.856775357,2.093928236,298.729,2.8196,-7.8,-8.1
c1(ccnc(c1)NC(C)C)C1=C(c2ccc(Cl)cc2)C(=O)NC1,0.901851627,2.590253146,327.815,3.5959,-8,-8
C1CCCC1Nc1cc(-c2cc(Nc3ccc(OC)cc3)ncc2C)ccn1,0.591516161,2.282421991,374.488,5.55872,-9.2,-8.6
Clc1c(C2C(=O)NC(C=2c2ccc(OC)c(c2)OC)=O)ccc(c1)OC,0.815588642,2.189816028,373.792,2.933,-8.2,-7.1
C1(CC1)C(Nc1cc(-c2ccc3c(c2)ccc(=O)n3C)ccn1)=O,0.807051557,2.188728279,319.364,2.949,-8.8,-8.2
c1cc(-c2cc(nc(n2)NC2CCC(O)CC2)C)cc(NC2CCC2)n1,0.762691411,2.53435072,353.47,3.52682,-8.6,-8.4
c1ccc2c(c1-c1nn[nH]n1)cc1c(n(CCO)c3ccc(F)cc31)c2,0.524951753,2.525401757,347.353,3.2592,-8.7,-9.1
C1OCCC(Nc2nc3c(cn2)cnc(c3)NC(C)C)C1,0.899617143,2.668207303,287.367,2.436,-7.6,-7.3
c12c([nH]nc1NC1=C(C#N)C(=O)NC1=O)ccc(c2)Cl,0.715356762,2.909399861,287.666,1.06228,-7.8,-7.6
c1(ccc(cc1)C1=C(Nc2ccc3c(cn[nH]3)c2)C(NC1=O)=O)F,0.645141429,2.464307051,322.299,2.1816,-8.4,-8.6
Clc1ccc(c(c1Cl)C1C(NC(=O)C=1c1ccc(OCC)cc1)=O)Cl,0.60620826,2.339197056,396.657,4.6127,-7.9,-7.3
N1C(=O)C(=C(c2cc(Cl)c(cc2)O)C1=O)c1ccc(Cl)cc1,0.828673062,2.216079473,334.158,3.2662,-7.8,-8.3
c1cc(C2C(NC(C=2Nc2ccc(F)cc2)=O)=O)ccc1F,0.856067072,2.101377451,300.264,2.4444,-8.1,-7.9
c1cc(C2=C(c3ccc(cc3)F)C(NC2=O)=O)cc(c1)C(=O)N,0.841772581,2.132760446,310.284,1.4918,-9,-8.3
C1CC(Nc2nccc(c2)C2=C(C(NC2=O)=O)c2ccc(cc2)Cl)CCO1,0.793382813,2.530676849,383.835,2.8931,-8.7,-8.9
C1(=C(c2c(F)cccc2)C(NC1=O)=O)c1ccnc(NC2COCCC2)c1,0.81135624,3.03301424,367.38,2.3788,-9.1,-8.6
c1cc(Nc2ccnc(c2)NC2CCOCC2)cc(C(O)=O)c1,0.786429512,2.228338625,313.357,3.1143,-7.8,-8.3
O=C(Nc1cc(C2=C(C(=O)NC2=O)c2cc(ccc2)O)ccn1)C1CC1,0.72826221,2.461849932,349.346,1.7029,-8.9,-8.5
c1cc(-c2ccc3c(NC(C4COCCN43)=O)c2)cc(c1)O,0.846814104,2.854480515,296.326,2.2165,-8.6,-8.8
c1ccc(F)cc1C1=C(c2cc(NC3CCOCC3)ncc2)C(NC1=O)=O,0.81135624,2.588614128,367.38,2.3788,-9.1,-9
c1(-c2cc(NC(C3CC3)=O)ncc2)c2ccc(cc2[nH]n1)OC,0.776243376,2.247060053,308.341,2.982,-8,-7.9
c1nc(NC2CCOCC2)cc(c1)C1=C(C(NC1=O)=O)c1ccc(OC)cc1,0.774833116,2.510002416,379.416,2.2483,-9.3,-8.9
c1cc(ccc1F)Nc1cccc(C2=C(C(=O)NC2=O)c2ccccc2)c1,0.689471303,2.078324778,358.372,4.1365,-9.5,-9.1
c1cc2ccncc2cc1-n1c(=O)[nH]c(-c2nc(NC3CCOCC3)ncc2)n1,0.550126464,2.909871898,389.419,2.1567,-9.7,-9.3
c1c(C2C(NC(C=2c2ccnc(Nc3ccccc3)c2)=O)=O)cccc1,0.713725077,2.168713902,341.37,3.3924,-9.3,-8.8
C1CC(CCC1Nc1nccc(c1)-c1cnc2[nH]nc(c2c1)NC1CCCCC1)O,0.498610633,2.758409383,406.534,4.4799,-9.5,-8.9
c1c(C2=C(C(=O)NC2=O)c2ccnc(NC3CCOCC3)c2)ccnc1NC1CCOCC1,0.57549403,2.942209959,449.511,2.2256,-10,-9
N(C1CCCC1)C(=O)c1cc(C2=C(c3cccc(C)c3)C(=O)NC2=O)ccc1,0.807036858,2.232955045,374.44,3.23462,-9.4,-9
c1c(CC2C(NC(=O)C=2Nc2ccc3c(c2)cccc3)=O)cccc1,0.721750784,2.234284113,328.371,3.4049,-8.8,-8.6
CCC(Nc1cc(ccn1)-c1cnc(cc1)NC1CCN(CC1)C(C)C)=O,0.813083065,2.383261027,367.497,3.7768,-8.4,-7.7
c1c(nccc1-c1n[nH]c(n1-c1cc2c(cc1)cccc2)=O)NC1CCCC1,0.565510953,2.416380112,371.444,4.1303,-9,-9.5
N1(CC(CC1)NCC1CCC1)c1nc2c(cn1)ccc(c2)C(=O)N,0.873898977,2.866127848,325.416,1.6971,-8.1,-7.6
c1c2c(sc(n2)NC2CCN(CC2)Cc2ccc(Cl)cc2)ccc1,0.709650104,1.948273757,357.91,5.0262,-8.3,-8
c12c(c(NC3CCCC3)ncn2)CCC1=C1N=C(N=C1N)N,0.757805655,3.289515424,297.366,1.1739,-8.1,-7.9
c1c(Nc2ncccc2-c2ccc(OC)cc2)cc(cc1)OC,0.752944364,1.796999934,306.365,4.5094,-8,-7.7
c1c2ccc(Cl)cc2ccc1-n1c([nH]nc1-c1ccnc(c1)NC1CCC1)=O,0.540495015,2.497908399,391.862,4.3936,-8.9,-8.9
c1c2c(c(NCCCC)n[nH]2)cc(F)c1-c1ccccc1,0.672762202,2.166615625,283.35,4.581,-7.6,-7.4
c1c(ccc(c1)C1C(=O)NC(=O)C=1c1ccnc(c1)NC1CCOCC1)F,0.81135624,2.535260281,367.38,2.3788,-9,-9
c1c(cc(NC(C)C)nc1)C1=C(C(NC1=O)=O)c1cc(ccc1)Cl,0.838114376,2.472402724,341.798,3.1225,-8.2,-7.9
COc1ccc(cc1OC)C1C(=O)NC(=O)C=1c1ccnc(c1)NC1CCC1,0.750280436,2.449393718,379.416,2.6304,-9,-7.9
c1c(C2=C(c3ccc(N4CCOCC4)cc3)C(NC2=O)=O)cc(cc1)OC,0.84184523,2.223178625,364.401,2.099,-8.3,-8.2
c1(cc(NC2CCOCC2)ncc1)C1C(NC(S1)=Nc1ccccc1)=O,0.866284078,3.478277416,368.462,3.2643,-8.7,-8.7
c1c(cccc1Nc1cc(ncc1Cl)C1C(NC(=O)C=1c1cccc(F)c1)=O)Cl,0.583974782,2.556800944,428.25,4.8383,-9.2,-9.4
C(CC)C(NC1C(NC(=O)C=1c1cccc(OC)c1)=O)=O,0.790971128,2.312452374,288.303,0.979,-6.9,-7.4
c12ccccc1c(Nc1cccc(c1)O)nc(-c1cc(NC(C)C)ncc1)n2,0.459781775,2.31965028,371.444,4.9613,-9.4,-8.6
O1CCCC1CNc1nc2c(cnn2-c2ccc(cc2)F)cn1,0.8016835,2.821415242,313.336,2.5455,-8,-7.7
c1c(C2C(NC(C=2c2ccc(F)cc2)=O)=O)cc(nc1)NC1CCOCC1,0.81135624,2.535260281,367.38,2.3788,-9.1,-9
N1C(C(=C(c2cc(NC3CCOCC3)ncc2)C1=O)c1ccc(cc1)Cl)=O,0.793382813,2.530676849,383.835,2.8931,-8.8,-8.7
N(c1c2c(cc(c(c2)OC)OC)[nH]n1)C(=O)CCc1ccccc1,0.729764002,2.011515747,325.368,3.1514,-8.4,-7.9
c1cccc(c1)Nc1cccc(Nc2ccnc(c2)-c2cc(ncc2)NC2CCCC2)c1,0.300236198,2.315055012,421.548,6.9853,-8.9,-9.3
n1cc(n(c1)-c1ccc2[nH]c3c(cccn3)c2c1)C1CCCCC=1,0.574141332,2.775652035,314.392,4.8592,-8.8,-9.1
N(C1CCC1)C(=O)c1cc(-c2nccc(c2)Nc2cc(ccc2)Cl)ccn1,0.667324247,2.235080991,378.863,4.8229,-9,-8.5
c1(ccc(C2C(=O)NC(=O)C=2c2ccc(cc2)Cl)cc1)Cl,0.860728599,1.948759687,318.159,3.5606,-8.3,-7.4
C1CC1Nc1cc(C2C(=O)NC(=O)C=2c2ccnc(NC3CCOCC3)c2)ccn1,0.632970381,2.82762894,405.458,2.209,-9.3,-8.9
c1cc(C2=C(c3cccc(c3)C(=O)N)C(NC2=O)=O)ccc1,0.836828474,2.058930057,292.294,1.3527,-8.8,-8
Fc1c(-c2ccnc(NC3CCC(NC(=O)NCC)CC3)c2)cc(nc1)Nc1ccccc1,0.405202571,2.523086718,448.546,5.0685,-9.5,-9.2
c1ccc2c(CC(CO2)Nc2ncc(c(-c3cnc(NC4CCCCC4)nc3)c2)Cl)c1,0.562263463,3.117946407,435.959,5.3522,-9.7,-8.9
C1C(CCOC1)C(Nc1nccc(C2C(=O)NC(C=2c2cc(OC)ccc2)=O)c1)=O,0.73479297,2.533805339,407.426,2.0225,-8.8,-8.9
c1(NC(=O)CCC)cc(C2C(=O)NC(=O)C=2c2ccccc2OC)ccc1,0.771949345,2.16163831,364.401,3.001,-8.4,-8
C1(NC(C(c2c(F)cccc2)=C1C1CCCC1)=O)c1cc2OCCc2cc1,0.867104922,3.156258828,363.432,4.5755,-9.5,-8.8
C1C(CCOC1)Nc1cc(ccn1)-c1cn(C)c(=O)cc1,0.93733311,2.418577038,285.347,2.0382,-7.8,-7.9
Clc1ccc(C2=C(C(=O)NC2=O)Nc2cc(ccc2)Cl)cc1,0.845852495,2.14813502,333.174,3.473,-7.9,-8
c1cc(Cl)ccc1-c1cc(NC(NCCO)=O)nc(n1)C1CCCC1,0.760265991,2.298680082,360.845,3.5684,-8.7,-7.7
N1(C(=O)CCC1)c1cc(ccc1)C1C(=O)NC(=O)C1=C(c1ccc(F)cc1F)O,0.47298061,3.10320218,398.365,2.8009,-9.5,-8.8
c1(-c2cc(ncc2)NC2CCOCC2)n[nH]c(n1-c1cc2c(cccc2)cc1)=O,0.560847365,2.543330396,387.443,3.3667,-9.5,-9.9
Fc1ccc(C2C(NC(C=2c2cc(NC3CCOCC3)ncc2)=O)=O)cc1,0.81135624,2.535260281,367.38,2.3788,-9.1,-8.9
c1ccc(c(c1)C1C(NC(C=1c1ccnc(c1)NC1CCOCC1)=O)=O)O,0.716234787,2.617939571,365.389,1.9453,-9,-8.7
c1ccccc1C1=C(C(NC1=O)=O)c1c2c([nH]c1)cc(cc2)F,0.715166697,2.252776836,306.296,2.8742,-8.9,-8.6
O=C1NC(C(=C1c1cc(NC2CCCCC2)ccc1)c1ccc(F)cc1)=O,0.801985224,2.252438388,364.42,4.1375,-9.3,-8.7
c1c(ccnc1NC1CCCCC1)C1C(=O)NC(C=1c1ccc(OC)cc1)=O,0.78086397,2.386752844,377.444,3.402,-9.6,-8.9
[nH]1c(=O)n2nc(C)cc2nc1-c1cccc(c1)NC(=O)C1CCCO1,0.753065259,3.058119692,339.355,1.51052,-9.1,-8.5
C(=O)(Nc1nccc(C2C(NC(C=2c2ccc(c(c2)Cl)Cl)=O)=O)c1)C1CC1,0.768650722,2.451649039,402.237,3.3041,-9,-8.8
N1C(=O)C(c2ccc(Cl)cc2)=C(C1=O)Nc1ccc(cc1)Cl,0.845852495,2.089844945,333.174,3.473,-8,-8
c1(NC2CCOCC2)nccc(-c2cc3c(ccc(c3)Cl)[nH]2)c1,0.745649187,2.42717371,327.815,4.4742,-8.6,-8.1
c12c(nc(-c3cc(NC4CCOCC4)ncc3)nc1cccc2)NCCCC,0.591035735,2.402300408,377.492,4.4947,-8.4,-8.5
c1(-c2ccnc(NC3CCOCC3)c2)n[nH]c(=O)n1-c1cccc2c1cccc2,0.560847365,2.531622345,387.443,3.3667,-9.8,-9
O=C1NC(C(=C1c1cccc(c1)OC)c1cc(nc(N)c1)C1CCCCC1)=O,0.797576121,2.598355045,377.444,3.2873,-9.3,-9.5
O=C1NC(=O)C(=C1c1ccc(F)c(c1)F)c1ccnc(NC2CCC2)c1,0.827634657,2.522467635,355.344,2.8914,-9,-8.6
C1(c2ccnc(Nc3ccccc3N)c2)C(=O)NC(=O)C=1c1ccccc1,0.493180676,2.336173891,356.385,2.9746,-9.5,-8.9
C1(c2ccnc(c2)Nc2ccccc2)=C(c2ccnc(c2)NC2CCOCC2)C(=O)NC1=O,0.503799672,2.70139965,441.491,3.3783,-10.4,-8.9
c1(Cl)cc(ccc1OC)-c1nc(nc2ccccc12)NC1CCOCC1,0.73070794,2.22658536,369.852,4.5497,-8.9,-8.3
c1(Cl)ccc(C2=C(c3ccncc3)C(=O)NC2=O)cc1,0.861026568,2.142790289,284.702,2.3022,-7.5,-7.4
c1(C2C(=O)NC(C=2O)=O)cc(NC(CC)c2cc(OC)ccc2)ncc1,0.690291629,2.985259009,353.378,2.5789,-8.3,-8
C1C(CCN(C2C(=O)NC(=O)C=2c2ccc(Cl)cc2)C1)NC(=O)C,0.808023342,2.397154044,347.802,1.308,-7.9,-7.4
c1c(Br)ccc2ccc(=O)n(C)c21,0.689740212,2.004516673,238.084,2.301,-6.3,-6.3
c1n[nH]c2cccc(c21)-c1ccc(NC(=O)C2CCOCC2)cc1,0.774405278,2.118833021,321.38,3.595,-8.3,-8.5
c1c(C2=C(N3CCOCC3)C(NC2=O)=O)ccc(F)c1,0.800354238,2.309507698,276.267,0.5254,-7.5,-7.2
c1cc(C2=C(C(NC2=O)=O)c2ccnc(NC3CCCC3)c2)cc(NC2CCOCC2)n1,0.601624857,2.834395949,433.512,2.9892,-10.1,-9.5
c1(cc(c(OC)cc1)OC)C1C(NC(C=1c1ccccc1)=O)=O,0.880044342,1.993692672,309.321,2.271,-7.8,-7.7
C1CC(CC1NC(C(C)C)=O)Nc1cc(ccn1)-c1c(cccc1)F,0.864379045,2.963773407,341.43,3.9929,-8.6,-8.3
c1(NC2CCOCC2)nccc(C2C(NC(=O)C=2c2cc(Cl)ccc2)=O)c1,0.793382813,2.579779216,383.835,2.8931,-9,-9
n1(-c2cccc(c2)C(N)=O)c([nH]nc1-c1ccnc(Nc2ncccc2)c1)=O,0.489174369,2.487181904,373.376,1.8601,-9.7,-8.6
c1cc2c(cc1)ccnc2NCCCNC1C(=O)NC(C=1c1ccc(F)cc1)=O,0.426878772,2.470005581,390.418,2.8332,-8.7,-8.4
C1(CCC(CC1)Nc1nc2c(nn1)cccc2)NC(=O)CCC,0.886853255,2.289114974,313.405,2.6642,-7.9,-7.3
c1(cc(ncc1)NC(C)C)C1C(NC(=O)C=1c1ccncc1)=O,0.842365947,2.562004862,308.341,1.8641,-8.4,-7.5
CN=C(NC(C)C)NC1CCC(Nc2ncc3c(c2)nccc3)CC1,0.589372353,2.749612775,340.475,2.9263,-8.2,-7.7
c1(C(=O)N)cccc(c1)C1=C(c2ccc(cc2)Cl)C(NC1=O)=O,0.845401601,2.127174388,326.739,2.0061,-9.1,-8.4
c1nc(C2=C(C(NC2=O)=O)c2ccccc2)cc(n1)NC1CCOCC1,0.814437546,2.617356615,350.378,1.6347,-8.9,-8.5
c1(ccnc(NC(=O)CCC)c1)C1C(NC(=O)C=1c1ccncc1)=O,0.810657157,2.47465687,336.351,1.7824,-8.4,-8.8
c1c(NC2CCOCC2)cc(C2=C(c3cc(C)ccc3)C(=O)NC2=O)cc1,0.820195611,2.412089867,362.429,3.15312,-9.2,-9.2
c1cc(-c2ccnc(c2)NC(C)C)nc(c1)NC(C1CCC1)=O,0.883345209,2.246708767,310.401,3.7025,-8.3,-7.5
n1[nH]c2c(c1NC1CCN(CC1)C(=O)C)cc(cc2)C#N,0.880611544,2.444561313,283.335,1.85738,-8.3,-7.9
c1c(-c2[nH]c3c(n2)cc(cc3)Cl)n[nH]c1C(NC1CCOCC1)=O,0.679273216,2.565171925,345.79,2.5152,-8.5,-7.9
c1(C2=C(c3cn(c4ccccc34)C)C(=O)NC2=O)ccc(Cl)c(Cl)c1,0.691294786,2.335338709,371.223,4.0523,-8.9,-8.7
n1c(n[nH]c1-c1ccnc(NC(=O)C2CC2)c1)-c1ccccc1,0.776031863,2.175787305,305.341,2.8822,-8.8,-7.6
c1cc(C(N)=O)ccc1C1C(=O)NC(=O)C=1c1cc(NC2CCC2)ncc1,0.700781539,2.457557946,362.389,1.7121,-9.2,-8.9
c1(=O)n(C)nc(c2c1cc(-c1cc(ncc1)NCC1CC1)cc2)C,0.802168033,2.345242759,320.396,3.12582,-8.6,-8.5
c1nc(NCC2CCCO2)cc(-c2n(c([nH]n2)=O)-c2ccc3c(c2)c2ccccc2cc3)c1,0.395069475,3.041024179,437.503,4.5199,-9.4,-9.6
c1c(cncc1-c1cc(NC(C2CC2)=O)ncc1)C1=CCCNC1,0.908867252,2.713385112,320.396,2.8688,-8.6,-8
c1cc(-c2nc(ncc2)NC2CCCCC2)cc(c1)C(O)=O,0.901718879,2.017317828,297.358,3.5864,-8.2,-8.2
c1cc(C2C(=O)NC(=O)C=2c2cn(c3ccccc23)C)ccc1F,0.738264262,2.222333709,320.323,2.8846,-8.6,-8.4
c1cccc(c1)C1C(=O)NC(=O)C=1c1ccnc(NC2CCCC2)n1,0.838947428,2.410118886,334.379,2.3983,-9.1,-8.6
c1cc(cc2NC(=O)CCc21)C1=C(c2cc(N(C)C)ccc2)C(NC1=O)=O,0.821872829,2.587065031,361.401,2.2045,-9,-9.1
N(C(C)C)C(=O)C1CCC(=O)Nc2c1cc(c(-c1ccccc1)c2)F,0.891945814,2.79407167,340.398,3.8332,-8.7,-8.4
c1cc(nc(NCCCO)n1)C1=C(c2cccc(c2)Cl)C(NC1=O)=O,0.533616,2.56909349,358.785,1.4915,-8.1,-7.5
Clc1ccc(C2C(NC(C=2c2cc(ncc2)NC2CCOC2)=O)=O)cc1,0.809301547,2.993536253,369.808,2.503,-8.6,-8.7
Clc1ccc(-c2n(c([nH]n2)=O)-c2cc3c(cc2)[nH]nc3NC2CCCC2)cc1,0.485361299,2.54626383,394.866,4.1118,-8.7,-9.5
c1c(ncnc1NC1CCOCC1)C1=C(C(NC1=O)=O)c1ccc(F)cc1,0.799341023,2.672930104,368.368,1.7738,-8.8,-8.8
C1C(C1)C(=O)Nc1cc(ccn1)C1C(NC(=O)C=1c1cc(ccc1)F)=O,0.826296828,2.40238165,351.337,2.1364,-9.1,-8
C1C(C1)Nc1cc(C2C(=O)NC(C=2c2ccnc(NC3CCOCC3)c2)=O)ccn1,0.632970381,2.82762894,405.458,2.209,-9.3,-8.8
C1OCCC(Nc2cnc3c(cnn3C(C)C)c2)C1,0.921305582,2.519734258,260.341,2.6031,-6.9,-7.1
n1ccccc1Nc1cccc(C2=C(c3cc(OC)c(cc3)OC)C(=O)NC2=O)c1,0.615555773,2.320292816,401.422,3.4096,-9.8,-8.6
c1(nccc(-c2c[nH]c3c2cc(nc3)NC(CCC)=O)c1)NCc1sccc1,0.41221896,2.623447695,391.5,5.0371,-7.9,-7.5
N1C(C(=C(c2ccc(cc2)F)C1=O)c1ccnc(NC2CCCCC2)c1)=O,0.813387824,2.407270341,365.408,3.5325,-9.4,-8.6
C(N1CCOCC1)CCC(=O)Nc1c2c(ccc(c2)F)ncn1,0.910664458,2.147801541,318.352,1.8198,-7.6,-7.3
C1(=O)NC(=O)C(c2cccc(F)c2)=C1c1cn(C)c2c1cccc2,0.738264262,2.283533709,320.323,2.8846,-8.6,-8.3
Fc1cnc(cc1-c1cc(NC(=O)C2CC2)ncc1)C,0.933387345,2.235700411,271.295,2.93962,-7.5,-7.2
C(Nc1c(C(N)=O)ccc(OC)c1)c1cccc(c1)C1C(NC(=O)C=1C)=O,0.676655955,2.349377654,365.389,1.8361,-9.2,-8.4
C1(=O)NC(=O)C(c2cc(ncc2)NC2CCCC2)=C1c1ccc(cc1)F,0.830425976,2.400630105,351.381,3.1424,-9.2,-8.7
C1(NC(=O)C(c2cc(NC3CCOCC3)ncc2)=C1c1ccccc1F)=O,0.81135624,2.570143713,367.38,2.3788,-9.1,-8.9
c1cccc(-c2cn(c(C(NC3CCCCC3)=O)n2)-c2cc3c(cc2)cccc3)c1,0.477805189,2.269646375,395.506,5.755,-10.7,-9
c1(cnc(NC2CCC(O)CC2)nc1)C1C(NC(C=1c1ccc(cc1)F)=O)=O,0.697996567,2.628096583,382.395,1.8983,-8.6,-9
c1cnc(NC2CCC(NC(NC(C)C)=O)CC2)cc1-c1c(cccc1)F,0.734340825,2.256861826,370.472,4.3184,-8.6,-8.8
c1ccc(-c2cc3c(NC(=O)CC)n[nH]c3cc2)cc1C(=O)N,0.690307226,2.167794211,308.341,2.6773,-8.5,-8.4
O=C1NC(C(c2ccccc2)=C1c1cccc(OC)c1)=O,0.876798261,1.953288236,279.295,2.2624,-7.8,-7.6
c1c(-c2cnc3[nH]nc(NC4CCC(CC4)N)c3c2)ccnc1Nc1cccc(F)c1,0.378746206,2.719321455,417.492,4.5844,-9.8,-9.5
c1ccc(cc1)Nc1cc(-c2cc[nH]c(=O)c2C#N)ccn1,0.775727584,2.311490184,288.31,3.05218,-8.3,-7.9
c1(C2=C(c3ccc(F)cc3)C(NC2=O)=O)ccnc(NC2CCCCC2)c1,0.813387824,2.407270341,365.408,3.5325,-9.5,-9
c12c(NCC)nc(-c3cc(N4CCOCC4)ncc3)nc1[nH]nc2NC(CC)=O,0.57870862,2.808712174,396.455,2.0318,-8.4,-8.2
C1(NC(C(=C1c1cc(NC2CC2)ncc1)c1cc(OC)c(c(OC)c1)OC)=O)=O,0.693941979,2.554054665,395.415,2.2489,-8.6,-7.4
c1cc(C2=C(C(NC2=O)=O)c2ccc(Cl)cc2)cc(NC2CCOCC2)n1,0.793382813,2.530676849,383.835,2.8931,-8.8,-9
c1c(c(cc(c1)-n1c(n[nH]c1=O)-c1ccnc(c1)NC1CCOCC1)Cl)C,0.720102867,2.609097559,385.855,3.17532,-8.6,-9.1
C1(C(c2ccc(OC)cc2)=C(C(=O)N1)c1ccc(F)cc1)=O,0.885129722,1.968353878,297.285,2.4015,-8,-7.6
C1CCC(C1)Nc1nccc(-c2ccnc(NC3CCCC3)c2)c1,0.8257238,2.297109727,322.456,4.8526,-8.3,-8
N(C1C(=O)NC(C=1c1ccnc(NC2CCCC2)c1)=O)c1ccc(cc1)F,0.708673771,2.48274253,366.396,3.0548,-8.5,-8.4
c1c(C2=C(C(=O)NC2=O)c2ccnc(NC3CCOCC3)c2)ccc(F)c1,0.81135624,2.535260281,367.38,2.3788,-9.1,-9
c1(cc(ncc1Cl)NC1CCC(Oc2ccnc(c2)NC(C)C)CC1)C1CC1,0.63023192,2.76203216,400.954,5.6298,-8.3,-8
c1(ccccc1)CNC1C(NC(=O)C=1c1ccc(cc1)Cl)=O,0.852869803,2.078239841,312.756,2.4973,-7.2,-7.8
C(C)CC(=O)Nc1c2c([nH]n1)n(-c1cc(NC3CCCCC3)ncc1)cn2,0.617590997,2.837994122,367.457,3.6268,-8.3,-8.1
c1ccc2cccc(c2c1)C1=C(c2ccnc(c2)N)C(=O)NC1=O,0.711084643,2.326002035,315.332,2.3842,-9,-8.5
C1N(CCOC1)c1cc(ccn1)C1=C(c2ccc(cc2)Cl)C(=O)NC1=O,0.839185792,2.386761797,369.808,2.1388,-8.7,-8.8
CN(c1cc(ccn1)C1C(NC(C=1c1cc(C2CCCCC2)ncc1)=O)=O)C,0.829875307,2.761815814,376.46,3.1575,-9.6,-9
c1(ccc(Nc2nccc(-c3ccnc(c3)Nc3ccc(cc3)F)c2)cc1)F,0.455959597,2.0449009,374.394,5.909,-9.5,-8.8
c1nc(NC2CCCC2)cc(C2=C(c3cc(F)cc(F)c3)C(=O)NC2=O)c1,0.811721282,2.591499988,369.371,3.2815,-9.3,-9.1
c1c(cnc(c1)NC1CCC(NC(=O)C2CC2)CC1)C(N)=O,0.766176108,2.196531794,302.378,1.4298,-8.2,-7.1
C1(c2ccnc(c2)Nc2ccc(cc2)Cl)=CCN(C)CC1,0.920535094,2.267390657,299.805,4.1975,-7.8,-7.7
c1(ccc(Cl)cc1)C1C(NC(=O)C=1c1ccc(c(Cl)c1)Cl)=O,0.822842461,2.117855766,352.604,4.214,-8.5,-7.9
c1ccccc1C1C(=O)NC(=O)C=1c1cn(c2c1ccc(CO)c2)C,0.722721165,2.37889219,332.359,2.2378,-7.6,-7.6
C(CCCO)C(Nc1cc(C2=C(c3ccc(cc3)F)C(=O)NC2=O)ccn1)=O,0.499814937,2.418217087,383.379,1.889,-8.5,-7.9
c1ccc(cc1C1=C(C(NC1=O)=O)c1ccc(O)c(c1)OC)F,0.851068717,2.23413809,313.284,2.1071,-7.8,-8.2
Fc1cc(ccc1-c1ccnc(c1)NC(C1CC1)=O)F,0.931914908,1.967938048,274.27,3.3753,-7.9,-8.1
O=C1NC(C(c2ccc(Cl)cc2)=C1c1ccnc(NC2CCOCC2)c1)=O,0.793382813,2.530676849,383.835,2.8931,-8.8,-9
c1cccc(C2=C(C(NC2=O)=O)c2c3c([nH]c2)cc(cc3)Cl)c1,0.710384468,2.238034878,322.751,3.3885,-8.5,-7.9
c1(ccccc1)-c1nnc(-c2cc(NC3CCOCC3)ncc2)[nH]1,0.771949928,2.58441165,321.384,3.1246,-8.8,-8.2
C1CCC(CC1)Nc1nccc(-c2cc3c([nH]nc3NC(C)=O)cc2)c1,0.654628758,2.409769975,349.438,4.3279,-9.1,-8.5
c1cccc(Nc2cc(ccn2)C2C(NC(=O)C=2c2ccc(F)cc2)=O)c1,0.699326077,2.235791051,359.36,3.5315,-9.5,-9
c1cc2c(cc1)c(C1C(NC(=O)C=1c1ccc(cc1)F)=O)c[nH]2,0.715166697,2.176081731,306.296,2.8742,-8.3,-8.3
c1cc(C(=O)N)nc(NC2CCC(CC2)NC(NC2CCC2)=O)c1,0.658800049,2.342267872,331.42,1.7553,-8,-7.6
O=C(Nc1cn(C)c(c1)C(N)=O)C1CCC1,0.793800881,2.155431838,221.26,0.8626,-6.4,-6.4
C1CC(Nc2cc(ccn2)-c2cc(Nc3ncccc3)ncc2)CCO1,0.729837423,2.442767359,347.422,3.8731,-8.9,-8.4
C1CC1C(Nc1cc(ccn1)-c1oc(nn1)C1CCCCC1)=O,0.933716544,2.324395801,312.373,3.5278,-8.3,-7.9
c1c(ccnc1NC1CCN(C(C)C)CC1)C1=C(c2ccncc2)C(=O)NC1=O,0.76099941,2.654433967,391.475,2.3285,-8.9,-8.3
c1c(NC(CCC)=O)ccc(C2=C(c3ccc(c(c3)Cl)Cl)C(NC2=O)=O)c1,0.731454176,2.207821962,403.265,4.2992,-8.9,-7.7
CN(C)C1CCC(Nc2ncc3ccc(n(c3n2)-c2ccc(cc2)F)=O)CC1,0.751940019,2.484273122,381.455,3.2045,-9,-8.5
n1c(Nc2cc(-c3cc(Nc4cc(C)[nH]n4)ncc3)ccn2)cccc1,0.506098349,2.519404115,343.394,4.05732,-9.5,-8.4
c1c(cc(NC(C)C)nc1)C1C(NC(=O)C=1c1cccc(OC)c1)=O,0.819483962,2.442151896,337.379,2.4777,-8.4,-7.8
c1cc(C2=C(C(NC2=O)=O)c2ccnc(c2)NC2CCC2)cc(Cl)c1,0.827499606,2.448275071,353.809,3.2666,-8.7,-7.9
Fc1cc(ccc1)C1C(=O)NC(=O)C=1c1cc(C2CC2)[nH]c1,0.855223383,2.76741095,296.301,2.5984,-7.8,-7.7
c1cccc(C2=C(c3ccc(F)cc3)C(NC2=O)=O)c1,0.849149505,1.914690694,267.259,2.3929,-7.6,-7.6
c1cc(C2=C(c3ccc(F)cc3)C(NC2=O)=O)cc(C2CCCCC2)c1,0.832840875,2.237564874,349.405,4.4406,-9.8,-9.6
C1CC(CCC1C(=O)N)C1CCC(Nc2nnc(C3CC3)c(n2)NC2CCC2)CC1,0.625488029,2.841183514,412.582,3.9758,-8.9,-8.6
C1C(CCOC1)NC(=O)c1c[nH]c2ncc(-c3ccccn3)cc21,0.776385736,2.407615036,322.368,2.5337,-8.7,-7.9
C1C(CCOC1)Oc1cc(Nc2nccc(c2)-c2nc(ncc2)NC2CCC2)ccn1,0.58959826,2.734077449,418.501,4.1994,-9.1,-8.8
O=C1NC(C(=C1N1CCC(CC1)NCC)c1sc(-c2cc(ncc2)NC(C)C)cc1)=O,0.575093317,2.976297235,439.585,3.0718,-8.2,-7.2
N1C(C(=C(c2cn(C)c3ccccc32)C1=O)c1cc(OCC)ccc1)=O,0.738458653,2.292464001,346.386,3.1442,-8.3,-8.2
C1(=C(c2cc(ncc2)NC2CCCCC2)C(NC1=O)=O)c1ccccc1,0.831840219,2.344705805,347.418,3.3934,-9.2,-8.7
C1(CCC(C1)O)Nc1cc(ccn1)C1C(NC(=O)C=1c1ccnc(OC)c1)=O,0.671647255,3.491051205,380.404,1.3777,-8.9,-8.5
C1(=O)C(c2ccc(cc2)F)=C(O)C(N1)=Cc1ccc(cc1)F,0.892571135,2.26540971,299.276,3.4048,-8.4,-8.4
c1cc(cc(c1)OCC)C1=C(C(NC1=O)=O)c1cc(NC2CCC2)ncc1,0.771405526,2.458111177,363.417,3.0119,-8.7,-8
c1c(ccc(C)c1)C1C(=O)NC(C=1Nc1cccc(F)c1)=O,0.856033854,2.142038246,296.301,2.61372,-8,-8.2
N#Cc1c(=O)[nH]ccc1-c1ccnc(NC2CCCOC2)c1,0.902371601,3.149414409,296.33,1.89948,-7.9,-7.6
C(c1cnc2[nH]nc(N3CCOCC3)c2c1)(=O)NCCc1c(cccc1)F,0.717837676,2.437631707,369.4,1.9061,-8.8,-7.9
C(c1cc(ccc1)C1C(NC(C=1c1ccnc(NC2CCOCC2)c1)=O)=O)(=O)N,0.659982577,2.636238786,392.415,1.3386,-9.6,-9.2
c1(c(cc(-c2ccnc(c2)NC(C2CC2)=O)cc1)F)OC,0.938324542,1.931107245,286.306,3.2448,-7.6,-8
c1c(C2C(NC(C=2c2cccc(c2)C(N)=O)=O)=O)cccc1,0.836828474,2.058930057,292.294,1.3527,-8.7,-7.9
c1(C2C(=O)NC(C=2c2cccc(c2)CO)=O)cc(NC2CCCCC2)ncc1,0.697170884,2.521188741,377.444,2.8857,-9.4,-8.6
c1(ccccn1)C1=C(c2cc(Cl)c(Cl)cc2)C(NC1=O)=O,0.865943736,2.300210504,319.147,2.9556,-7.7,-7.9
O=C1NC(C(=C1c1ccc(Cl)cc1)c1ccnc(NC2CCOC2)c1)=O,0.809301547,2.993536253,369.808,2.503,-8.5,-8.5
c1cc(NC2CCOCC2)ncc1C1=C(c2cccc(c2)F)C(=O)NC1=O,0.81135624,2.573546672,367.38,2.3788,-9.2,-8.4
N(c1c2c(nc(-c3cccc(c3)C)c1)cccc2)C1CCCC1,0.684345504,1.917234117,302.421,5.56472,-8.6,-8.4
N(c1cc(ccn1)C1C(=O)NC(=O)C=1c1ccc(cc1)F)C1CCOCC1,0.81135624,2.535260281,367.38,2.3788,-9.1,-8.9
c1c(nc2c(ccc(-c3ccncc3)c2)c1)NC1CCOCC1,0.797274355,2.245586596,305.381,3.8877,-8.6,-8.7
c1(C2=C(c3ccc(Cl)cc3)C(NC2=O)=O)ccnc(c1)NC1CCCCC1,0.783688512,2.402686909,381.863,4.0468,-8.9,-9.1
c1cccc(F)c1C1=C(c2c(cc(cc2)F)F)C(NC1=O)=O,0.867067392,2.193560179,303.239,2.6711,-8.3,-8.2
O=C1C(c2cc(ncc2)NC2CCCC2)=C(C(N1)=O)c1cccc(C(=O)N)c1,0.691628795,2.509152929,376.416,2.1022,-9.5,-8.8
C1(NC(=O)C(c2cc(C)ccc2)=C1c1cc(NC(C2CC2)=O)ncc1)=O,0.830916604,2.379203567,347.374,2.30572,-8.6,-8.7
c1(cc(C)ccn1)Nc1cc(C2=C(C(NC2=O)=O)c2cc(NC)ccc2)ccn1,0.584166944,2.625033411,385.427,3.13752,-9,-8.9
c1cc(NC2=C(C(NC2=O)=O)c2ccc(F)cc2)ccc1F,0.856067072,2.101377451,300.264,2.4444,-7.8,-7.7
O(c1cc(C2C(NC(C=2c2ccnc(NC3CCOCC3)c2)=O)=O)ccc1)C,0.774833116,2.557756263,379.416,2.2483,-9.1,-8.7
C1(C(C(NC1=O)=O)=Cc1cc(c(cc1)O)OC)=O,0.33217009,2.323228299,247.206,0.0097,-7.2,-7.5
C(#N)c1n(C(C)C)c2nc(NC3CCCC3)ncc2c1,0.928497851,2.755849399,269.352,3.23838,-7.4,-7.5
c1(cccc(OC)c1)C1=C(C(NC1=O)=O)c1cc(ncc1)N1CCOCC1,0.82726756,2.417844897,365.389,1.494,-9,-8.5
N1C(=O)C(=C(C1=O)c1cc(Cl)ccc1)c1c(OC)ccc(c1)C(O)=O,0.820413892,2.210610434,357.749,2.614,-8.2,-8
c1nc(NC)cc(c1)C1=C(C(=O)NC1=O)c1cccc(OC)c1,0.840324518,2.383702613,309.325,1.6991,-7.8,-8
c1(C2=C(C(NC2=O)=O)c2ccc(cc2)Cl)ccnc(NC2CCOCC2)c1,0.793382813,2.530676849,383.835,2.8931,-8.9,-9
C1CCCC(C1)NC1CCN(CC1)Cc1c2ccc(Cl)cc2n(c1)C,0.851943915,2.316166094,359.945,4.7184,-8.3,-8
c1c(cc(-c2[nH]c(C(=O)NCCC)nn2)cc1)NC(C1CC1)=O,0.758691796,2.466014803,313.361,1.96,-7.8,-7.2
c1(nn(C)cc1-c1n(c(=O)[nH]n1)-c1cc2c3ccccc3n(c2cc1)C)C,0.527248591,2.58745763,358.405,2.91442,-9.8,-9.3
C1C(CC1NC(=O)C)Nc1nccc(C2=C(C(=O)NC2=O)c2ccncc2)c1,0.673318196,2.754753991,377.404,1.1228,-9.6,-8.5
c1(Nc2nccc(-c3nnc(C(N)=O)[nH]3)c2)cc(NC(C)C)ncc1,0.539074684,2.999872688,338.375,1.9245,-8.2,-7.7
c1cc(cc(c1)OC)NC1C(=O)NC(=O)C=1c1cc(ncc1)NC1CCCC1,0.669607441,2.503817801,378.432,2.9243,-8.2,-8.4
O=C1NC(C)C(Nc2c(cccc2)Cl)=C1c1ccnc(NC2CCOCC2)c1,0.716116957,3.323209761,398.894,3.6674,-8.6,-8.7
c12[nH]c(C3C(=O)NC(=O)C=3c3cccc(c3)Cl)nc1cccc2,0.712057536,2.325664248,323.739,2.7835,-8.9,-8.2
c1(Cl)cc(ccc1F)C1C(=O)NC(C=1c1ccnc(c1)NCC1CC1)=O,0.79128729,2.55701284,371.799,3.2632,-8.7,-8.2
N(C1CCOCC1)C(=O)c1c2c(nc(-c3ccccc3)c1)ccc(c2)F,0.778100236,2.035703376,350.393,3.9497,-9.3,-8.4
O=C1C(=C(c2ccc(F)cc2)C(N1)=O)c1ccnc(NC2CCOCC2)c1,0.81135624,2.535260281,367.38,2.3788,-9,-8.9
C(C(C)Nc1nccc(C2=C(C(NC2=O)=O)c2cc(NC3CCC3)ncc2)c1)OC,0.57740076,3.245172398,407.474,2.455,-8.8,-7.9
N1C(=O)C(c2ccc(cc2)Br)=C(C1=O)c1ccnc(c1)NC1CC1,0.795637061,2.435920813,384.233,2.9856,-8,-8
O=C(N)c1cccc(c1)-c1ccc([nH]1)-c1ccnc(NC2CCCC2)c1,0.647281222,2.408432728,346.434,4.1971,-9.2,-8.8
c1(C2C(NC(C=2c2cccc(c2)Cl)=O)=O)ccnc(c1)NC1CCOCC1,0.793382813,2.579779216,383.835,2.8931,-9,-9
n1cc(c(NC2CC2)nc1C1CCOCC1)C1C(=O)NC(C=1)=O,0.804968998,3.028658654,314.345,0.9847,-7.8,-7.3
C1C(CCN(c2ncc3c(c2)nnn(c3=O)CC)C1)NC(=O)NCC,0.835688608,2.60486142,345.407,0.4943,-7.9,-7.6
C1(=O)C(=C(O)c2cccnc2)C(=O)N1c1cc(ncc1)NC1CCOCC1,0.36851712,2.686117678,366.377,1.91,-8.8,-8.8
c1ccc2c(c1F)nc(n2C(C)C)-c1cc(ncc1)NC1CCOCC1,0.753972231,2.58959872,354.429,4.4092,-8.4,-8.3
c1(ccnc(NC2CCC(CC2)O)c1)C1=C(c2ccc(cc2)Cl)C(=O)NC1=O,0.689655399,2.554966391,397.862,3.0176,-9.2,-8.7
c1(C2C(NC(C=2c2cc(NC3CCCC3)ncc2)=O)=O)ccccc1,0.843948257,2.337633323,333.391,3.0033,-8.7,-8.5
c12cc(ccc2[nH]nc1NC(CC)=O)-c1ccoc1,0.754682767,2.445997195,255.277,3.1714,-7.6,-7.8
c1(ccc(C2=C(O)C(NC2=O)=O)cc1)C1=C(C(=O)NC1=O)c1cccc(c1)F,0.697589396,2.580306361,378.315,1.3184,-9.2,-9.4
c1c(N2CCOCC2)cc(C2C(NC(C=2c2cccc(c2)OC)=O)=O)cc1,0.84184523,2.27922537,364.401,2.099,-8.6,-9.3
c1cc(C2C(NC(=O)C=2c2cc(NC3CCCC3)ncc2)=O)cc(c1)OC,0.798456144,2.426596376,363.417,3.0119,-9.1,-8.5
C1(C(NC(=O)C=1c1cc(NC2CCC2)ncc1)=O)c1cc([nH]c1)C(O)=O,0.606534794,2.837181228,352.35,1.6395,-8.6,-8.4
c1(c2cc(NC3CCOCC3)ncc2[nH]n1)-c1cc(ncc1)Nc1cccc(c1)N,0.37461788,2.757874206,401.474,3.9366,-9.8,-8.7
C1OCCC(C1)NC(Nc1c2c(ccc(c2)-c2ccc([nH]n2)=O)[nH]n1)=O,0.568653599,2.630140623,354.37,1.6137,-9.2,-8.6
N(Cc1cccc(F)c1)C1C(=O)NC(=O)C=1c1cc2ccc(F)cc2cc1,0.698852484,2.359199289,364.351,3.2753,-8.4,-9.4
C1CC(Nc2nccc(c2)C2=C(c3ccc(cc3)Cl)CNC2=O)CCC1,0.834839938,2.543613093,367.88,4.5202,-9,-8.5
c1c(NC2C3CCC(C=C3)=C2)nccc1C(=O)N,0.848428495,4.717881978,241.294,1.8672,-7.7,-7.2
c1cc(Nc2ncc(cc2)C2=C(C(C)=O)C(=O)NC2=O)ccc1Cl,0.658551146,2.458085387,341.754,2.4776,-8.2,-7.6
c1cc(C2=C(c3ccc(O)cc3)C(=O)NC2=O)ccc1Cl,0.837774111,2.066182343,299.713,2.6128,-7.6,-7.7
C1(=O)NC(=O)C(c2ccnc(NC3CCOCC3)c2)=C1c1ccc(F)cc1,0.81135624,2.535260281,367.38,2.3788,-9,-9
c1(NC(=O)CCC)n[nH]c2c1cc(Cl)c(-c1c(Cl)ccc(F)c1)c2,0.648293291,2.403176088,366.223,5.4144,-8.7,-8
c1c(cc(NC2C(NC(C=2c2ccccc2)=O)=O)cc1)C(=O)N,0.740190247,2.146916341,307.309,1.2651,-8.8,-8.5
c1cc(ccc1F)CN1CCC(CC1)n1c2ccccc2nn1,0.743259052,1.998356289,310.376,3.4075,-8.4,-8.4
CCOC(=O)N1CCC(c2nc3cc(cc(c3[nH]2)F)F)CC1,0.926668393,2.495597551,309.316,3.177,-7.7,-7.2
c1c(NC2=C(C3C=CC=CN32)C(=O)NCc2ccc(cc2)Cl)ccc(c1)Cl,0.767559041,3.135000039,398.293,4.701,-9.1,-8
c1cc(NC2CCOCC2)cc(c1)Nc1c2c(cccc2)nc(NC2CCCC2)c1,0.47743651,2.375829417,402.542,5.9238,-9.7,-8.6
c1(C(=O)N)n[nH]c2c1cc(Cl)c(c2)-c1ccc(F)cc1,0.76061003,2.224356455,289.697,3.1213,-8.4,-8.1
n1ccc(C2C(=O)NC(C=2c2ccccc2Cl)=O)cc1OC,0.882773492,2.329175715,314.728,2.3108,-7.4,-7.7
n1c2c(n(-c3ccc(F)cc3)c1-c1ccccc1)ncnc2NC1CCOCC1,0.566357915,2.389874761,389.434,4.2125,-9.3,-8.1
O(C)c1c(cccc1)C1=C(C(=O)NC1=O)c1cc(NC2CCCC2)ccn1,0.798456144,2.48088395,363.417,3.0119,-8.8,-7.9
c1cc(ccc1C1=C(C(NC1=O)=O)c1cc(NC2CCCCC2)ncc1)OC,0.78086397,2.386752844,377.444,3.402,-9.6,-9
O=C1C(=C(c2ccc(F)cc2)C(N1)=O)c1cc(ncc1)NC1CCOCC1,0.81135624,2.535260281,367.38,2.3788,-9,-9
c1cc(cc(n1)Nc1ccc(F)cc1)C1C(=O)NC(C=1c1ccc2c(OCO2)c1)=O,0.650323679,2.487113821,403.369,3.2602,-10.6,-9.2
NC(=O)c1cc(ccc1)C1=C(C(NC1=O)=O)c1ccccc1,0.836828474,2.058930057,292.294,1.3527,-8.7,-8
c1c(cc2c(ccnc2NC2CCC(CC2)O)c1)-c1ccccc1,0.740596026,2.119689142,318.42,4.6172,-9,-8.9
C1OCCC(Nc2cc(-c3n[nH]c(=O)n3-c3cc4c(cc3F)cccc4)cnn2)C1,0.540887767,2.851620711,406.421,2.9008,-9.9,-9.9
c1cc(C2C(=O)NC(C=2Nc2cc(Cl)cc(Cl)c2)=O)ccc1,0.845852495,2.242715417,333.174,3.473,-7.9,-7.9
c1(cc2c(OCO2)cc1)-n1c(=O)[nH]nc1-c1ccnc(NC2CCOCC2)c1,0.711777212,2.68873229,381.392,1.9422,-9.1,-9.1
c1(cc(NC2CCOCC2)ncc1)C1C(=O)NC(=O)C=1c1cccc(c1)F,0.81135624,2.588614128,367.38,2.3788,-9.1,-8.8
c1cccc(C2C(=O)NC(C=2c2ccnc(NC3CCOCC3)c2)=O)c1,0.827718733,2.476063902,349.39,2.2397,-8.8,-8.7
N1C(C(=C(C1=O)c1cc(ncc1)NC1CCCC1)c1ccccc1)=O,0.843948257,2.337633323,333.391,3.0033,-8.7,-8.7
c1cccc2c1cc(cc2)-n1c(n[nH]c1=O)-c1ccnc(NC2CCCCC2)c1,0.541504159,2.427246496,385.471,4.5204,-9,-9.8
N(c1cc(-c2onc(n2)C2CC2)ccn1)C(C1CCOCC1)=O,0.931484872,2.46328719,314.345,2.3741,-8.2,-7.3
N1C(=O)C(c2ccc(cc2)F)=C(C1=O)c1ccc(OC)c(c1)OC,0.876067301,2.068617879,327.311,2.4101,-7.9,-7.7
c1cc(Nc2cc(-c3cccnc3)ccn2)cc(Nc2cc(N3CCOCC3)ccc2)n1,0.4576423,2.440512704,424.508,4.8624,-9.5,-8.7
c1(-c2c(-c3cccc(c3)F)[nH]nc2C)ccc(cc1)F,0.737309913,2.088804864,270.282,4.33032,-8,-7.9
N(c1cc(ccn1)-c1n[nH]c(=O)n1-c1cc2c(cc1)cccc2)CCCO,0.458843007,2.442255271,361.405,2.5701,-8.2,-8.2
c1c(C2C(=O)NC(C=2c2cc(C(N)=O)ccc2)=O)cc2c(OCO2)c1,0.815660729,2.354304541,336.303,1.0814,-9.2,-9.1
N(C1CCC(CC1)O)c1c2cc(-c3ccccc3)ccc2[nH]n1,0.686485763,2.221128687,307.397,3.9453,-9.1,-9.3
N1C(C(c2ccc(F)cc2)=C(C1=O)c1ccnc(NC2CCOCC2)c1)=O,0.81135624,2.535260281,367.38,2.3788,-9,-9
O=C1NC(C(=C1c1c(Cl)cccc1)c1ccnc(NC(C2CC2)=O)c1)=O,0.813018404,2.361901565,367.792,2.6507,-9.1,-8.4
C1(NC(C(=C1c1cc(C2CCCC2)ncc1)c1ccc(cc1)F)=O)=O,0.873594617,2.43132239,336.366,3.4455,-9,-8.9
c1c(F)c(ccc1C1C(=O)NC(C=1c1ccc(Cl)cc1)=O)F,0.864154688,2.138554631,319.694,3.1854,-8.4,-8
C1(=O)C(c2ccc(cc2)F)=C(C(N1)=O)c1ccc(cc1)N1CCOCC1,0.860983738,2.189075643,352.365,2.2295,-8.4,-8.9
c1(cc(OC)ccc1)C1C(=O)NC(C=1c1cc(NC2CCOCC2)ncc1)=O,0.774833116,2.557756263,379.416,2.2483,-9.2,-8.8
C(c1cc(ncc1)NC1CCCC1)(=O)NC1CCCC1,0.885954241,2.026022705,273.38,3.1085,-7.5,-7.4
c1(ccc2n(C)c3CCCCCc3c2c1)OC(NC1CCC1)=O,0.848858199,2.347604109,312.413,4.0881,-8.4,-8.8
c1(C2=C(c3ccnc(NC4CC4)c3)C(NC2=O)=O)cc(ccc1)Cl,0.840206794,2.437627148,339.782,2.8765,-8.3,-7.9
C(CC(=O)Nc1nccc(C2C(=O)NC(=O)C=2c2ccccc2)c1)C,0.821322072,2.28649934,335.363,2.3874,-8.5,-8.8
C(C=C(C1CCCC1)C)=C1C(Nc2cc(ccc21)Br)=O,0.765303631,2.731965998,332.241,4.9211,-8,-8.2
N(=C1SC(C(N1)=O)=Cc1cc(OC)c(c(OC)c1)OC)c1ccc(N2CCCCC2)cc1,0.645068773,2.739682813,453.564,4.5943,-8.1,-8
c1c(cc(C2C(NC(=O)C=2c2cccc(c2)OC)=O)cc1)Cl,0.886465322,2.08674966,313.74,2.9158,-8.2,-7.9
c1cnc(NC2CCOCC2)cc1C1=C(c2ccc(cc2)Cl)C(=O)NC1=O,0.793382813,2.530676849,383.835,2.8931,-8.9,-9
c1cccc(C2N(N=C(C2)c2cc(C(N)=O)ccc2)c2ccccc2)c1,0.775118142,2.443393896,341.414,4.1412,-9.1,-8.8
c1c(-c2cc(ncn2)N2CCOCC2)cc(NC(C)C)nc1,0.93351475,2.416623598,299.378,2.1955,-7.5,-7.7
c1(C2C(=O)NC(=O)C=2c2cc(NC3CC3)ncc2)ccnc(c1)NC1CCOCC1,0.632970381,2.82762894,405.458,2.209,-9.2,-8.8
O(C)c1c(ccc(c1)C1C(=O)NC(=O)C=1Nc1sc(c(-c2ccccc2)n1)F)OC,0.588352401,2.602296295,425.441,3.446,-9,-8.5
c1ccc(-c2n[nH]c3c2cc(nc3)NC(CCC)=O)cc1C(=O)N,0.668829542,2.362603392,323.356,2.4624,-8.5,-8
C1COCCC1Nc1cc(ncn1)-c1ccc(NC(=O)NC2CCCC2)cc1,0.733149576,2.331292994,381.48,3.7986,-9,-8.1
c1ccc2c(c(C(=O)NCCCC)cn2C)c1-c1ccnc(c1)NC1=CCCC1,0.543577402,2.751613273,388.515,5.2499,-8.1,-7.7
N1C(C(N2C1=NC(C2)=Cc1ccncc1)=Cc1c(cc(cc1)C)C)=O,0.777114328,3.366091621,330.391,1.69134,-9.1,-8.2
C1OCCC(C1)Nc1cc(C2=C(c3ccc(F)cc3)C(=O)NC2=O)ccn1,0.81135624,2.535260281,367.38,2.3788,-9.1,-8.9
O=C1NC(=O)C(=C1c1cc(NC(C)=O)ncc1)c1ccc(F)cc1,0.841608043,2.331560473,325.299,1.7463,-8.4,-8.3
COc1ccc(C=C2SC(N(c3cccc(F)c3)C2=O)=NCCO)cc1,0.818332444,2.437021589,372.421,3.3035,-8.1,-7.7
C1(C(=C(C(N1)=O)c1cccc(C)c1)c1c2c(cccc2)n(C)c1)=O,0.73883301,2.258651356,316.36,3.05392,-8.6,-8.9
N(C1CCCC(O)C1)c1nccc(C2C(=O)NC(C=2c2ccc(cc2)F)=O)c1,0.708150074,3.266790244,381.407,2.5033,-9.8,-9
C1(C(=C(c2ccnc(NC3CCCCC3)c2)C(N1)=O)c1ccc(Cl)cc1)=O,0.783688512,2.402686909,381.863,4.0468,-9.2,-9.1
O=C1C(c2ccc(Cl)cc2)=C(C(N1)=O)c1ccnc(NC2CCCCC2)c1,0.783688512,2.402686909,381.863,4.0468,-9.2,-9.1
O=C1C(c2ccc(C(N)=O)cc2)=C(C(N1)=O)c1cccc(OC)c1,0.830382419,2.108019486,322.32,1.3613,-8.2,-8.4
Cc1c(cc2cc(F)ccc2n1)NC(=O)CCC,0.901151656,2.012459118,246.285,3.42092,-7,-7.1
C1OCCC(Nc2ncc3c(n2)n(C(C)C)cc3C2=C(C(=O)NC2=O)C)C1,0.800509534,2.998108148,369.425,2.033,-8.7,-8.4
O1CCN(c2nccc(c2)-c2nn[nH]c2-c2cc(ncc2)NC2CCC2)CC1,0.706193967,2.898619964,377.452,2.7297,-9.5,-8.3
C1CN(CC2CCCCC2)CCC1CNc1nc(ccn1)-c1cc(n[nH]1)C(N)=O,0.661975218,2.708580397,397.527,2.6698,-8.3,-8.6
c1(ccc(cc1)C1=C(c2cc(ncc2)NC2CCCCC2)C(=O)NC1=O)OC,0.78086397,2.386752844,377.444,3.402,-9.5,-8.9
c1c(cc(NC2CCOCC2)nc1-c1cc(Nc2ccc(F)cc2)ncc1)NC(C)=O,0.540182215,2.503339088,421.476,4.5756,-10,-8.8
c1ccc(c(C2C(NC(C=2Nc2nccc(-c3ccccc3)c2)=O)=O)c1)Cl,0.678709278,2.33634608,375.815,3.8816,-9.2,-9
c1ccnc(c1C)C1C(=O)NC(=O)C=1c1ccc(cc1)F,0.858057887,2.25411924,282.274,2.09632,-7.6,-7.5
c1c(nccc1-c1ccnc(NC2CCOCC2)c1)NC1CCOCC1,0.858422518,2.568967951,354.454,3.3254,-8.4,-7.7
Oc1ccc(C2=C(SCC2)c2cc(-c3ccnc(NC4CC4)c3)ccc2)cc1,0.56154599,2.661967019,386.52,6.0337,-9.6,-8.7
c1cc(C2C(NC(=O)C=2c2ccnc(NC3CCCC3)c2)=O)cc(c1)OC,0.798456144,2.426596376,363.417,3.0119,-9.2,-8.4
c1c(nc(C2=C(c3ccc(cc3C)F)C(NC2=O)=O)c(Cl)c1)NC1CC1,0.808671663,2.596560259,371.799,3.32402,-8.7,-8.2
C1C(CCC(C1)Nc1ncc2CCN(C(=O)C3CC3)c2n1)(OC)C,0.918720679,2.943901582,330.432,2.5353,-7.8,-8
Cn1c2ccc(cc2c(c1-c1ccnc(NC2CCCCC2N)c1)C1CCC1)F,0.630983763,3.354017799,392.522,5.3287,-8.8,-9.1
c1c(NC2CCC2)nccc1C1C(NC(C=1c1ccc(Cl)cc1)=O)=O,0.827499606,2.394331626,353.809,3.2666,-8.4,-8.3
c1(=O)[nH]nc(-c2cc3ccccc3nc2)n1-c1c(F)cccc1,0.619114696,2.209594652,306.3,2.9149,-8.5,-8.3
c12c(cccc2)nc(-c2ccnc(NC(=O)C)c2)c(=O)n1-c1ccc2c(cccc2)c1,0.476534835,2.292389857,406.445,4.5593,-10.6,-9.1
N(c1ccc(Br)cc1)c1nccc(c1)C1C(=O)NC(C=1c1ccccc1)=O,0.622461166,2.271302885,420.266,4.1549,-9.1,-8.6
c1c(cc(nc1C1CCCCC1)C1=C(c2ccc(nc2)N)C(NC1=O)=O)Nc1ccccc1,0.507886509,2.817209315,439.519,4.4173,-10.2,-9.7
c12cc(-c3cccc(c3)Nc3nccc(C4CCOCC4)c3)cnc1[nH]nc2N,0.484831348,2.725133616,386.459,4.2397,-9.8,-9.4
O=C1NC(C(c2cccc(c2)OC)=C1c1ccc(cc1)OC)=O,0.880044342,2.006933856,309.321,2.271,-8.1,-7.9
c1(Cl)cc(ccc1Cl)C1C(NC(=O)C=1c1ccnc(NC2CCOCC2)c1)=O,0.742939941,2.633025814,418.28,3.5465,-9.1,-9.2
n1c(NC(=O)C2CCOCC2)cc2c(n1)n(C)c1c2cccc1,0.789316284,2.431077316,310.357,2.4866,-8.8,-8.3
c1cncc(C2=C(c3ccc(F)cc3)C(NC2=O)=O)c1,0.844636013,2.158749803,268.247,1.7879,-7.7,-7.6
c1cc(F)ccc1Nc1nccc(c1)C1C(NC(C=1c1ccc(F)cc1)=O)=O,0.680884678,2.293940429,377.35,3.6706,-9.9,-9
c1cc(ccc1C1C(NC(C=1Cc1cc(cc(c1)F)F)=O)=O)Br,0.83298029,2.467919581,378.172,3.38,-8.3,-8.8
c1(NC2CCCCC2)cc(C2=C(c3ccc(cc3)O)C(NC2=O)=O)ccn1,0.726275019,2.465956731,363.417,3.099,-9.5,-8.9
c1cc(Cl)ccc1C1=C(c2cc(NC(=O)CCC)ncc2)C(=O)NC1=O,0.792725446,2.346913578,369.808,3.0408,-8.4,-9.2
C1(C(NC(=O)C=1c1ccc(F)cc1)=O)c1cc(NC2CCCC2)ncc1,0.830425976,2.400630105,351.381,3.1424,-9,-8.7
O=C1NC(=O)C(=C1c1cccc(OC)c1)c1cc(NC2CN(C)C2)ncc1,0.780285263,2.585512804,364.405,1.3833,-8.7,-8.5
n1c(NC2CCOCC2)ncc(-c2c(c(ncc2)Nc2ccc(F)cc2)OC)c1,0.652319569,2.547880306,395.438,4.0208,-8.8,-8
c1ccc(-c2ccc3c(n2)[nH]nc3NC(CC)=O)cc1,0.76522598,2.168424814,266.304,2.9734,-7.8,-7.6
c1cc(F)ccc1C1=C(C(=O)NC1=O)Nc1cccc(c1)F,0.856067072,2.163560082,300.264,2.4444,-7.8,-8.2
C1C(CN)C(NC1)=O,0.462992584,3.334575038,114.148,-0.9188,-3.9,-4.4
C1(=O)C(=C(C(=O)N1)c1cc(NC2CCOCC2)ncc1)c1cc(NC(C)C)ncc1,0.631850074,2.857161331,407.474,2.455,-9.3,-8.5
n1ccc(cc1NC1CC1)C1=C(c2ccc(cc2)Cl)C(NC1=O)=O,0.840206794,2.381303845,339.782,2.8765,-8.1,-7.9
c1(cccnc1)-c1ccnc(N2CC(OCC2)C(N)=O)c1,0.902694119,2.836781496,284.319,0.8341,-8.1,-7.8
c1c(cc2c(c1)OCO2)C1C(=O)NC(=O)C=1c1c(O)ccc(F)c1,0.822167052,2.452526017,327.267,1.8272,-8.5,-8.2
C1(c2ccc(C(N)=O)cc2)=C(C(=O)NC1=O)c1cc2cccnc2cc1,0.70909079,2.254701423,343.342,1.9009,-9.1,-8.7
c1(=O)[nH]cc(C2C(=O)NC(C=2c2c(Cl)cccc2)=O)c([nH]1)=O,0.690706054,2.543463836,317.688,0.2838,-8,-7.9
c1(C(N)=O)cc(cc(c1)C1=C(C(=O)NC1=O)c1ccco1)F,0.827951854,2.556574555,300.245,1.0848,-8.4,-7.8
N1C(=O)C(c2cc(ncc2)Nc2cc(ccc2)F)=C(C1=O)c1ccc(F)cc1,0.680884678,2.342131968,377.35,3.6706,-9.9,-9.2
O=C1C(c2cc(ncc2)NC2CCOCC2)=C(c2cccc(Cl)c2)C(N1)=O,0.793382813,2.579779216,383.835,2.8931,-9,-9
c1c(NC(=O)C2CC2)nccc1C1=C(C(NC1=O)=O)c1ccc(c(c1)Cl)Cl,0.768650722,2.451649039,402.237,3.3041,-9.4,-8.8
c1(cccc(C2=C(C(=O)NC2=O)c2ccc(nc2)N)c1)OC,0.830780693,2.335165293,295.298,1.2396,-7.8,-7.8
Nc1nccc(C2C(=O)NC(C=2c2cc(ncc2)NC2CCC2)=O)c1,0.732019637,2.68441635,335.367,1.5904,-8.8,-8.3
n1c(NC2CCCCC2)cc(C2=C(C(=O)NC2=O)c2cc(ccc2)F)cc1,0.813387824,2.460624187,365.408,3.5325,-9.6,-9
NC(=O)c1c(cccc1)-c1ccc(C2COC(=O)C=2c2ccccc2)cc1,0.721303782,2.141324778,355.393,3.9201,-8.9,-9.3
c1c(ccc(c1)C1=C(c2ccnc(c2)NC2CCOCC2)C(=O)NC1=O)OC,0.774833116,2.510002416,379.416,2.2483,-9.2,-9
C1CC(CCC1Nc1cccc(c1)Nc1nccc(c1)-c1ccncc1)O,0.620107791,2.312747308,360.461,4.6026,-9.1,-8.4
c1c(NC2CCN(C(=O)C)CC2)nc(C2CC2)c(c1)C(N)=O,0.88149024,2.409242399,302.378,1.4807,-7.6,-7.4
O=C1NC(=O)C(=C1c1cc(ncc1)NC1CCCCC1)c1cccc(Cl)c1,0.783688512,2.451789275,381.863,4.0468,-9.4,-9.1
N(c1noc(C2C(=O)NC(=O)C=2c2cccc(F)c2)c1)C1CCOCC1,0.812928301,2.815745182,357.341,1.9718,-9,-8.6
c1c(-c2ccnc(c2)NC2CCOCC2)cc(C(=O)N)cc1,0.908370866,2.181541867,297.358,2.4384,-8,-8.5
Fc1ccc(cc1)NC1C(=O)NC(=O)C=1c1cc(ccc1)C,0.856033854,2.14120971,296.301,2.61372,-8.1,-7.9
c1c(ccc(c1)F)N=C1SC(=Cc2ccc(F)cc2)C(=O)N1,0.854956653,2.609061819,316.332,3.8564,-8.1,-8.1
c1c(-c2nc(c(F)cc2)-c2cc(Nc3ccccc3)ncc2)cc(nc1)Nc1ccccc1,0.307197082,2.324581234,433.49,6.8319,-9.7,-10
n1ccc(NC2CCCC2)nc1NC1CCC(Nc2cc(Cl)c(cn2)Cl)CC1,0.582571716,2.64312443,421.376,5.3681,-8.8,-8.3
c1c(-c2n(c([nH]n2)=O)-c2ccc3ccccc3c2)cc(NC2CCOCC2)nc1,0.560847365,2.543330396,387.443,3.3667,-9.5,-9.9
N1C(=O)C(=C(C1)c1cc(NC2CCOCC2)ncc1)c1cccc(F)c1,0.887241559,2.735464307,353.397,2.8522,-9,-8.8
c1(ccc(F)cc1)NC1=C(C2=C(c3ccc(cc3)F)C(=O)NC2=O)C(NC1=O)=O,0.679222938,2.546649537,395.321,1.3974,-8.9,-8.6
c1cccc(OC)c1C1C(NC(C=1c1cc(NC2CCCC2)ncc1)=O)=O,0.798456144,2.407050222,363.417,3.0119,-8.6,-8.5
C1C(CCC(C(=O)N)C1)Nc1nccc(c1)C1C(=O)NC(C=1c1ccc(Cl)cc1)=O,0.638325626,2.568773942,424.888,2.7582,-9.7,-8.9
N1(C(=O)C(=C(c2ccc(F)cc2)C1=O)c1ccc(F)cc1)CC,0.815711253,2.060985446,313.303,3.2643,-7.8,-7.4
C1(C(c2n(C)c(-c3ccc(F)cc3)nn2)=C(c2ccc(F)cc2)C(N1)=O)=O,0.72207496,2.426724747,366.327,2.3275,-9,-9.2
c1cc(cc(C2=C(C(NC2=O)=O)c2ccnc(c2)NC2CCOCC2)c1)Cl,0.793382813,2.579779216,383.835,2.8931,-9,-9
c1c(ccc(c1)F)C1C(=O)NC(C=1c1ccnc(C(N)=O)c1)=O,0.821595305,2.35501934,311.272,0.8868,-8.1,-8.1
C1OCCC(Nc2ncc(cc2)C2C(NC(=O)C=2c2ccc(F)cc2)=O)C1,0.81135624,2.520192826,367.38,2.3788,-8.7,-9.6
O=c1n(cccc1)C1CCN(CC1)C(=O)CCc1ccc(Cl)c(c1)Cl,0.807413399,2.211632601,379.287,3.9514,-8.4,-8.2
c1(cc(C2C(NC(C=2c2cc(NC3CCC3)ncc2)=O)=O)ccc1)C(=O)N,0.700781539,2.508038108,362.389,1.7121,-9.3,-8.5
Clc1cc(c2nc(n(c2c1)C)C1CCN(CC1)C(C)=O)Cl,0.802897161,2.456101445,326.227,3.606,-7.8,-7.5
c1c(nccc1)C(=O)Nc1cc(ccn1)-c1n(C)c(nn1)S,0.720491285,2.459995885,312.358,1.8131,-7.8,-6.9
c1c(C(=O)N)cc(F)c(-c2nc(n[nH]2)-c2ccnc(NC3CCC3)c2)c1,0.653940251,2.504063169,352.373,2.7361,-8.7,-8.5
C1(C(=O)NC(C=1c1ccc(F)cc1)=O)c1cc(ncc1)NC1CCCC1,0.830425976,2.400630105,351.381,3.1424,-8.9,-8.6
Clc1c(cccc1)C1C(NC(C=1c1ccnc(c1)NC1CCOCC1)=O)=O,0.793382813,2.55072892,383.835,2.8931,-9.1,-9
c1cc(cc2CCNC(=O)c21)-c1c(c2CNC3=NC(C=NN3c2cc1)=O)OC,0.70469592,3.194593869,375.388,1.5145,-9,-9.4
c1cc(F)ccc1C1=C(c2cc(ncc2)NC2CCOCC2)C(=O)NC1=O,0.81135624,2.535260281,367.38,2.3788,-9.1,-8.9
O(c1ccc(C2=C(C(NC2=O)=O)c2c(Cl)cc(F)cc2)cc1)C,0.879462426,2.109436167,331.73,3.0549,-7.7,-7.7
C1OCCC(C1)Nc1nccc(-c2nn(C)c3c2cc(c(c3)OC)OC)n1,0.740046519,2.567576849,369.425,2.6384,-8.6,-7.9
c1cc(ccc1Cl)C1=C(N2CCCC2)C(=O)NC1=O,0.838287311,2.230692533,276.723,1.8033,-7.2,-6.9
c1(c(cccc1)-n1c(c2-c3c(CCc2n1)cccc3)C)CN(C)C,0.727640157,2.398796684,317.436,4.00792,-8.4,-8
c1cc(nc(c1)-c1ccnc(NC(=O)C2CC2)c1)NC1CC1,0.889071749,2.203646434,294.358,3.0664,-7.8,-7.3
c1ccc(cc1Cl)C1C(NC(=O)C=1c1cc(NC2COCCC2)ncc1)=O,0.793382813,3.042649743,383.835,2.8931,-9.2,-8.6
C1OCCC(Nc2nc3n(c(=O)ccc3cn2)C(C)C)C1,0.934733822,2.586267467,288.351,1.9633,-7.5,-7.5
n1ccc(cc1NC1CCOCC1)C1C(=O)NC(C=1c1cc(Cl)c(cc1)O)=O,0.683118891,2.707921391,399.834,2.5987,-9.4,-9.2
c1c(NC2CCCC2)nccc1C1C(=O)NC(C=1c1ccc(F)cc1F)=O,0.811721282,2.523481207,369.371,3.2815,-9.1,-9.1
n1[nH]c(n(-c2cc3c(cc2Cl)cccc3)c1-c1cc(ncc1)NC1CCC1)=O,0.540495015,2.547198998,391.862,4.3936,-8.9,-9.2
O=C1NC(C(=C1c1cc(ncc1)Nc1ccccc1)c1cccc(c1)OC)=O,0.672135159,2.269378485,371.396,3.401,-9.3,-8.7
c1(cccc(c1)Cl)C1C(NC(=O)C=1c1ccc2c(OCO2)c1)=O,0.861220278,2.28852299,327.723,2.6359,-8.3,-8.2
c1c(-n2c(-c3cc(NC4CCOCC4)ncc3)n[nH]c2=O)ccc(c1)F,0.750426955,2.510373214,355.373,2.3526,-8.5,-8.5
c1(-c2ccnc(c2)NC2CCN(CC2)c2ccccc2)ccnc(c1O)C,0.728682312,2.349906682,360.461,4.23852,-9.2,-8.5
N1C(C(=C(C1=O)c1ccnc(C2CC2)c1)c1cc(NC2CCOCC2)ncc1)=O,0.762323777,2.84571602,390.443,2.5121,-9.5,-9
Brc1ccc(cc1)C1=C(c2cc(ncc2)NC2CCOC2)C(=O)NC1=O,0.752469255,3.043055637,414.259,2.6121,-8.3,-8.7
c12c(c(NC3CCOCC3)ncn1)cc(nc2)-c1cnc(OC)cc1,0.783499983,2.558106538,337.383,2.6863,-8.4,-8.3
O=C1NC(=O)C(c2ccc(cc2)Cl)=C1c1cc(NC(C)=O)ncc1,0.838105177,2.326224538,341.754,2.2606,-8.3,-8.5
Cn1c(cc(n1)-c1ccc(C)cc1)-c1cnc(cc1)C(=O)N,0.805874835,2.196554126,292.342,2.55642,-8.3,-8
N1C(C(=C(c2cc(ccc2)F)C1=O)c1ccnc(NCC2CC2)c1)=O,0.822974051,2.483947444,337.354,2.6098,-8.4,-9
c1c(C2=C(c3ccnc(c3)NC3CCOCC3)C(NC2=O)=O)cccc1,0.827718733,2.476063902,349.39,2.2397,-8.7,-8.6
C1CC(Nc2nccc(c2)-c2n[nH]c3c2cc(nc3)NC2CCOCC2)CCO1,0.61131147,2.868541314,394.479,3.2017,-9.3,-8.4
n1c(nc(NC(=O)C2CC2)cc1)C1CCCN(C(C)=O)C1,0.915362575,2.799419964,288.351,1.551,-7.4,-7.2
n1nc([nH]c1-c1ccnc(NC2CCOCC2)c1)-c1cccc(OC)c1,0.734522428,2.654440079,351.41,3.1332,-8.6,-8
n1ccccc1C1C(=O)NC(=O)C=1c1ccnc(NC2CCOCC2)c1,0.814437546,2.671405805,350.378,1.6347,-8.8,-8.5
C1(c2ccc(cc2)F)=C(C(=O)NC1=O)c1ccnc(c1)NC1CCOCC1,0.81135624,2.535260281,367.38,2.3788,-9,-9
C1(NC(C(=C1c1cc(ncc1)NC1CCCC1)c1ccc(cc1)F)=O)=O,0.830425976,2.400630105,351.381,3.1424,-9.2,-8.2
C1C(Nc2cc(C3C(NC(C=3c3ccc(O)cc3)=O)=O)ccn2)CCCO1,0.716234787,3.056817198,365.389,1.9453,-9.3,-8.2
c1cc(F)ccc1Nc1nccc(-c2cc(NC(=O)C3CC3)ncc2)c1,0.718197326,2.126210413,348.381,4.3748,-8.9,-8
c1(C2C(=O)NC(C=2c2cc(NC3CCOCC3)ncc2)=O)ccc(F)cc1,0.81135624,2.535260281,367.38,2.3788,-9.1,-9
n1c(nc(cc1NC1CCOCC1)-c1cc(ncc1)NC1CC1)C,0.880309211,2.546184892,325.416,3.01222,-8.1,-7.9
n1c(C2C(NC(=O)C=2c2ccc(F)cc2)=O)cc(nc1)NC1CCCCC1,0.81309997,2.544940163,366.396,2.9275,-9.2,-8.9
CN(C)Cc1ccc(cc1)C1=C(C(=O)NC1=O)c1ccccc1,0.882004614,2.063809595,306.365,2.3154,-8.1,-7.7
n1c(ccc2c(N3CCC(C)CC3)nc(C=CC(=O)Nc3cc(Cl)ccc3)nc12)NC1COC1,0.50777299,2.909476854,478.984,4.3771,-9.8,-8.5
c1c(Cl)ccc(c1)C=C1SC(NC1=O)=NC1CCCCC1,0.828333422,2.797319282,320.845,4.2326,-7.4,-7.6
O=C1NC(=O)C(=C1c1ccc(cc1)Cl)c1ccnc(NC2CCOCC2)c1,0.793382813,2.530676849,383.835,2.8931,-8.8,-8.7
N1(CCOCC1)c1cc(ccn1)C1C(=O)NC(C=1c1ccc(Cl)cc1)=O,0.839185792,2.386761797,369.808,2.1388,-8.8,-8.8
c1(ccnc(c1)NC1CCOCC1)-c1n(-c2ccc3ccccc3c2)c([nH]n1)=O,0.560847365,2.543330396,387.443,3.3667,-9.5,-9.8
C1(Nc2cc(OC(F)F)ccn2)=C(C(=O)NC1=O)c1ccc(OC)cc1,0.766833827,2.556024642,361.304,2.1712,-8.1,-7.6
C(=C1c2ccc(cc2CCC1)-c1cc(ncc1)NC(C1CC1)=O)C1CCCCC1,0.660665197,2.627065646,386.539,6.3971,-9.7,-9.4
C1C(C1)C(=O)Nc1cc(ccn1)-c1nnn(C)c1,0.879442991,2.35847244,243.27,1.2256,-7,-6.8
c1(-c2cc(ncc2)NC2CCN(CC2)C)c(n[nH]c1)-c1ccc(cc1)F,0.750947661,2.634671595,351.429,3.7839,-8.7,-8.7
c12c(cc(c(NC3CCCC3)n1)C(=O)N)ccc(-c1ccccc1)c2,0.746364309,2.062747337,331.419,4.3552,-9.2,-9.3
C1(c2cn(C(C)C)c3ccc(cc23)C2=CC(=O)NC2=O)CCCCC1,0.849237133,2.792268138,336.435,4.3097,-9.1,-9
c1(C2=C(c3cc(ncc3)NC3CCCCC3)C(=O)NC2=O)ccccc1,0.831840219,2.344705805,347.418,3.3934,-9.1,-8.4
N(c1nccc(c1)-c1ccnc(NC2CCC2)c1)C1CCC1,0.872381072,2.29668778,294.402,4.0724,-7.8,-7.9
c12c(C(NCC1)=O)cc(-c1ccnc(c1)NC1CCCOC1)nc2,0.903218274,3.134092105,324.384,2.0204,-8.8,-8.7
c1c(cccc1)C1=C(C(NC1=O)=O)c1c(n(c2c(cccc2)c1)CC)=O,0.742748558,2.280546953,344.37,2.5886,-8.6,-8.6
C1(Nc2nccc(-c3ncc(cc3)C)c2)CC(NC1)C(=O)N(C)C,0.894964118,3.355858161,325.416,1.68262,-8.3,-7.7
N(c1n[nH]c2ncc(cc21)-c1ccc(cc1)F)C(CCC)=O,0.774075026,2.228756324,298.321,3.5026,-8.3,-8.1
c1c2c([nH]n1)c(N)nc(NC1CCN(CC1)C(=O)NC1CCOCC1)n2,0.632748946,2.799373417,360.422,0.7,-8.6,-8.2
CCn1c2ccc(cc2cc(c1=O)C1=C(C(NC1=O)=O)c1ccncc1)Br,0.65617763,2.607236691,424.254,2.7461,-8.7,-8.1
c1c(C2=C(c3ccnc(NC4CCOCC4)c3)C(=O)NC2=O)ccc(c1)F,0.81135624,2.535260281,367.38,2.3788,-9.1,-8.9
n1c(NC2CCCC2)nccc1-c1n[nH]c(C(=O)N)c1-c1ccc(F)cc1,0.642581584,2.571677441,366.4,3.1262,-8.6,-8.2
c12c(cnc(c1)NC(CC)C)cc(OC)c(OC)c2,0.893684705,2.615741274,260.337,3.4624,-6.8,-6.6
c1cc(-c2nnc(o2)-c2cc(NC3CCOCC3)ncc2)ccn1,0.789713431,2.449153958,323.356,2.7845,-8.3,-7.8
O1COc2ccc(C3C(=O)NC(C=3c3cc(NC4COCC4)ncc3)=O)cc21,0.778375129,3.168841948,379.372,1.5783,-9.4,-9.1
c1ccc2c(c1)cc(cc2)-n1c(=O)[nH]nc1-c1ccnc(NC2CCOCC2)c1,0.560847365,2.543330396,387.443,3.3667,-9.5,-9.9
c1c(cc(cc1C)-c1nccc(c1)C1C(NC(C=1c1ccc(Cl)cc1)=O)=O)CO,0.648594199,2.464139781,404.853,3.76992,-9.6,-10.2
Clc1ccc2c(c1)cc(cc2)C1NC(=O)NC1=O,0.773663293,2.627951981,260.68,2.3737,-8.4,-8.2
c1cc(cc(c1)C1C(NC(=O)C=1c1ccccc1)=O)N1CCOCC1,0.873481319,2.180168412,334.375,2.0904,-8.5,-8.5
Clc1c(cc2c(c(NC3CCOCC3)nn2C(C)C)c1)-c1ccc(cc1)F,0.6266431,2.612999289,387.886,5.6676,-8.7,-8.4
c1cc(F)ccc1C1=C(C(=O)NC1=O)c1cc(c(Cl)cc1)C1CC1,0.859905556,2.302923734,341.769,3.9237,-9.1,-8.2
N(c1ccnc(C2CCC2)c1)C1C(=O)NC(C=1c1ccc(Cl)cc1)=O,0.825391101,2.553753511,353.809,3.4821,-8.4,-8.3
c12cnc(cc1OCCCO2)Nc1nccc(-c2cc(ncc2)Nc2ccccc2)c1,0.46779935,2.545299237,411.465,5.1871,-10.1,-9.6
O=C1NC(=O)C(Nc2cc(-c3ccc(F)cc3)ccn2)=C1c1ccncc1,0.699200509,2.474978033,360.348,2.7623,-9.1,-9
C1OCCC(C1)Cn1nc(-c2ccnc(NC3CCOCC3)c2)cc1-c1ccnc(Nc2ccc(F)cc2)c1,0.294160509,2.913414253,528.632,5.9073,-10.8,-9.1
c1(ccc(C(=O)N)cc1)-c1cnc2c(cnc(n2C(C)C)=O)c1,0.802174874,2.391134004,308.341,2.1383,-8.4,-8.1
c1c(cc(F)cc1)C1C(=O)NC(C=1c1ccnc(c1)NC1CCOCC1)=O,0.81135624,2.588614128,367.38,2.3788,-9.1,-9
CC(NC(Cc1c[nH]c2c1cc(-c1ccccc1)cc2)=O)C,0.752285991,1.891316764,292.382,3.902,-8.3,-8
C1CNCCC1Nc1cc(ccn1)-c1[nH]c([nH]n1)=O,0.636988923,2.907409933,260.301,0.3239,-7.3,-7.1
C1COCCC1Nc1cc(ccn1)-c1c2c(nc(C3CCCCC3)[nH]2)ccc1,0.651548293,2.631925127,376.504,5.2635,-9.3,-9.4
c1cc(cc2c1NC(=O)C2=Cc1ccc(CN2CCCC2)cc1)F,0.868961735,2.081763134,322.383,3.9142,-8.8,-8.4
c1(c(cccc1)Cl)C1C(NC(C=1c1ccnc(Nc2ccc(F)cc2)c1)=O)=O,0.652051183,2.309022352,393.805,4.1849,-9.5,-9
c1cc(ccc1-c1n[nH]c(n1-c1cc2c(NC(CS2)=O)cc1)=S)F,0.684557416,2.613524443,358.423,3.78019,-8.1,-8.3
c12c(c(NC3CC3)ncc1)cnn2-c1cc(ncc1)Nc1ccccc1,0.570593274,2.431094425,342.406,4.1334,-8.5,-8.2
C1(C(=C(c2cn(c3ccccc23)C)C(=O)N1)c1ccnc(c1)NC1CCOCC1)=O,0.655750862,2.699267136,402.454,2.7314,-9.1,-8.6
c1(-c2cc(n[nH]2)-c2ccnc(NC3CCOCC3)c2)cccc(n1)NC1CCCCC1,0.529347357,2.74522281,418.545,4.8692,-9.9,-9.2
C1C(CCC(C1)NC(NC1CCC(CC1)Oc1n[nH]c2ccc(cc21)Cl)=O)OC,0.677076512,2.704348438,420.941,4.1631,-9.3,-8.4
c1c(-c2cc(NC3CCOCC3)nc(n2)NC(CCC)=O)cc(F)cc1,0.824882329,2.374494105,358.417,3.6122,-8.5,-8.9
C1(=C(C(NC1=O)=O)c1cccc(c1)C1C(NC(C=1c1c(Cl)cccc1)=O)=O)c1ccccc1,0.59027969,2.469072288,454.869,3.4744,-10.5,-9.5
C1C(C1)C(Nc1nccc(C2C(NC(C=2c2ccc(cc2)F)=O)=O)c1)=O,0.826296828,2.34537343,351.337,2.1364,-8.4,-8.6
C1CC(C(Nc2nccc(c2)-c2ccc3c(c2)cncc3)=O)C1,0.794305205,2.124178349,303.365,4.0354,-8.6,-8.3
N1C(NC(C)(C1=O)c1ccc(cc1)Cl)=NC1CCC(NC(=O)C)CC1,0.769456534,3.375432109,362.861,2.0779,-9,-8.3
Clc1ccc(C2C(NC(=O)C=2c2ccc(cc2)F)=O)cc1,0.866674616,1.988596945,301.704,3.0463,-8.2,-7.7
CC(=O)NC(=O)CCCCCNc1nccc(c1)-c1ccc(cc1)OC,0.674067729,2.111030737,355.438,3.3922,-7.8,-7.9
c1(-c2ccccc2)cc(ncc1)NC(C1CC1C(=O)N)=O,0.895840568,2.848965358,281.315,1.8085,-7.8,-8.1
c1(F)cc(cc(c1)C1C(=O)NC(=O)C=1c1ccnc(c1)NC1CCOCC1)F,0.790955113,2.717738314,385.37,2.5179,-9.3,-9.3
N(c1nccc(C2=C(C(=O)NC2=O)c2cccc(c2)C)c1)C1CCC1,0.844128194,2.434150044,333.391,2.92162,-8.9,-8.5
N1C(=O)C(=C(C1)c1cccc(c1)CNC(=O)CCC)c1ccccc1,0.85249796,2.274166621,334.419,3.1435,-8,-7.9
c1ccc(cc1NC1CCCCC1)C1C(NC(C=1c1ccc(cc1)F)=O)=O,0.801985224,2.252438388,364.42,4.1375,-9.2,-9.2
Clc1c(cccc1)C1=C(C(NC1=O)=O)c1cc(NC2CCOCC2)ncc1,0.793382813,2.55072892,383.835,2.8931,-9.1,-8.9
c1c(C2C(=O)NC(C=2c2ccnc(NC3CC3)c2)=O)ccc(F)c1,0.847539882,2.386561311,323.327,2.3622,-8.3,-7.9
c1(NC2CCOCC2)nccc(C2C(NC(C=2c2ccc(Cl)cc2)=O)=O)c1,0.793382813,2.530676849,383.835,2.8931,-8.9,-9
c1cc(cc(c1)C(=O)N)C1C(=O)NC(=O)C=1c1ccnc(c1)NC1CCOCC1,0.659982577,2.636238786,392.415,1.3386,-9.6,-9.1
c1c2c(c(ccc2)C(=O)N)nc(c1)NC1CCOCC1,0.893796476,2.265694045,271.32,1.9246,-7.7,-7.5
c1nc(NC2CCOCC2)cc(c1)-c1cccc(c1)C,0.922329804,2.09252414,268.36,3.64792,-7.8,-7.9
c1cc(cc(c1)C1=C(Nc2ccc(cc2)Cl)C(=O)NC1=O)F,0.85596987,2.162733779,316.719,2.9587,-8.2,-7.8
O(C)c1ccc(C2C(NC(=O)C=2C2CCCCC2)=O)cc1,0.868697998,2.260236697,285.343,2.6855,-7.6,-7.5
c12cc(ccc2c2c([nH]1)cc(cc2Cl)F)NC(CCC)=O,0.713370331,2.18712263,304.752,4.8522,-8,-7.4
C1CC1c1nccc(-c2n[nH]c(=O)n2-c2cc3c(cc2)ccc(c3)F)c1,0.613734532,2.535537797,346.365,3.7923,-9,-8.9
c1(cc(-c2ccnc(Nc3ccccc3)c2)cnc1)NC(C1CC1)=O,0.73426779,2.067530899,330.391,4.2357,-8.8,-7.9
c1(ccc(cc1)C1=C(c2cn(C)c3ccccc23)C(NC1=O)=O)OC,0.750397967,2.197917108,332.359,2.7541,-8.1,-8.1
c1nc(c(C2=C(c3ccnc(C)c3)C(NC2=O)=O)cc1)NC(C1CC1)=O,0.819182062,2.606018741,348.362,1.70072,-8,-7.7
c12c([nH]nc2NC(=O)CCC)ccc(c1)-c1ccccc1,0.758874824,1.967183343,279.343,3.9685,-8.4,-7.9
n1c(NC2CCOCC2)nccc1C1C(NC(=O)C=1c1ccc(OC)c(c1)OC)=O,0.691792155,2.644490848,410.43,1.6519,-9.1,-8.4
c1(nnc(-c2cc(Nc3ccccc3)ncc2)[nH]1)NC(=O)CCC,0.646598779,2.518619178,322.372,3.3489,-8.2,-7.7
C1(c2ccccc2)C(NC(C=1c1cc(ccc1)OC)=O)=O,0.876798261,1.953288236,279.295,2.2624,-7.4,-7.6
c1cc(C2=C(C(NC2=O)=O)Nc2cc(N3CCOCC3)ccc2)cc(c1)O,0.714857393,2.437517086,365.389,1.7084,-9.4,-8.6
c1c(cc(nc1NC1CCOC1)C1C(=O)NC(=O)C=1c1cccc(c1)Cl)OC,0.750794276,3.176373116,399.834,2.5116,-8.7,-8.1
c1c(cc(CNC2CCCC2)cc1)C1C(NC(=O)C=1c1ccc(cc1)F)=O,0.799502009,2.249456139,364.42,3.4251,-8.9,-8.3
COc1cc(ccc1)C1=C(O)C(=O)NC1=O,0.71480125,2.171474349,219.196,0.6207,-6.7,-7
c1ccccc1C1C(NC(C=1c1cc(NC(C)C)ncc1)=O)=O,0.85131185,2.356478945,307.353,2.4691,-8.2,-7.7
c1([nH]nc(-c2ccnc(NC3CCOCC3)c2)n1-c1cc2c(cccc2)cc1)=O,0.560847365,2.543330396,387.443,3.3667,-9.4,-9.8
C1CCN(C1C(=O)Nc1n[nH]c(n1-c1c2c(ccc3CCCc23)ccc1)=O)C,0.733292077,3.300450787,377.448,2.2352,-9.2,-9.2
c1nc(C2C(NC(=O)C=2c2ccccc2Cl)=O)ccc1C1CC1,0.88212169,2.403523915,324.767,3.1796,-8.3,-7.9
c1cc(F)cc(C2=C(c3c4c(CCCO4)ccc3)C(=O)NC2=O)c1,0.864737242,2.452632135,323.323,2.7179,-8.6,-8.3
C1C(C(Nc2cccc(C3C(NC(=O)C=3c3ccc(Cl)cc3)=O)c2)=O)C1,0.815421849,2.136459626,366.804,3.2557,-8.7,-8.8
N(C1CCOCC1OC)C(C1CCN(CC1)c1ncc2ccc(=O)n(c2n1)C(C)C)=O,0.769171972,3.534199217,429.521,1.5089,-9.3,-8.4
c1(cccc(OC)c1)C1=C(C(NC1=O)=O)c1ccc2OCOc2c1,0.87459182,2.263844844,323.304,1.9911,-8.4,-8.7
n1ccccc1NC1=C(c2cccc(c2)OC)C(=O)NC1=O,0.836911803,2.329824456,295.298,1.5698,-7.8,-7.8
C1CC1c1nc(nc(c1)NC1CCOCC1)Nc1cc(N2CCOCC2)ccc1,0.775243781,2.57341519,395.507,3.5251,-8.9,-8.4
c1ccc(cc1)C1=C(Nc2ccc(cc2)O)C(NC1=O)=O,0.59220687,2.102570544,280.283,1.8718,-7.9,-7.8
c12[nH]nc(NC3CCOCC3)c1cc(-c1ccccc1)nc2NC(CCC)=O,0.602985034,2.613140753,379.464,3.9544,-8.8,-8.7
c1(cc(ncc1)NC1CCOCC1)C1C(NC(C=1c1ccc(F)cc1)=O)=O,0.81135624,2.535260281,367.38,2.3788,-9.2,-8.9
c1ccc(cc1)C1=C(C(=O)NC1=O)c1ccnc(c1)NC1CCOCC1,0.827718733,2.476063902,349.39,2.2397,-8.8,-8.7
c12ccc(cc1c(ccn2)-c1ccnc(NC(C)C)c1)F,0.779291398,2.210469005,281.334,4.2562,-7.9,-8.6
COc1ccc(C2=C(C(NC2=O)=O)c2ccnc(Nc3ccc(cc3)F)c2)cc1OC,0.594291297,2.368046711,419.412,3.5487,-10,-8.4
Clc1c(C2=C(c3ncccc3)C(=O)NC2=O)cccc1,0.861026568,2.196314176,284.702,2.3022,-7.5,-7.5
c1(cc(C2C(NC(=O)C=2c2ccnc(Nc3cccc(F)c3)c2)=O)ccc1)Cl,0.652051183,2.385537929,393.805,4.1849,-9.9,-9.1
c1(O)c2c(C(=O)NC2=O)cc(c1)-n1cc(-c2ccc(cc2)OC)cn1,0.715370574,2.494784497,335.319,2.1371,-8.8,-8.9
c1c(ccnc1NC1CCC(CC1)C#N)-c1nc(Nc2ccc(cc2)Cl)sc1,0.532390107,2.534300415,409.946,6.09638,-9.4,-7.5
CC(C)Nc1c2cc(-c3ccccc3Cl)c(OC)cc2[nH]n1,0.732593501,2.314822613,315.804,4.7122,-8.1,-8.1
Clc1ccc(cc1OC)Nc1nccc(-c2nnc(C(N)=O)o2)c1,0.729559553,2.420213573,345.746,2.6361,-8.2,-7.7
C1(=C(c2cc(ccc2)C(=O)N)C(=O)NC1=O)c1ccc(cc1)F,0.841772581,2.132760446,310.284,1.4918,-9,-8.3
c1cc(CNc2nccc(c2)C2C(NC(=O)C=2c2ccc(F)cc2)=O)cc(c1)OC,0.61686475,2.347147915,403.413,3.4086,-9,-8.7
c1cc(C2=C(c3ccnc(C(NC)=O)c3)C(=O)NC2=O)ccc1Cl,0.831036041,2.350168051,341.754,1.6618,-8.1,-8.2
c1(cccc(Nc2ccc(cc2)Cl)n1)-c1ccnc(c1)Nc1ccccc1,0.432243834,2.018121923,372.859,6.2842,-9.4,-8
N(c1cc(ccn1)-c1n[nH]c(n1-c1cc2CCCc2cc1)=O)c1ccccc1,0.572804548,2.399703003,369.428,3.8549,-9.7,-9.4
c1c(ccc(c1)F)C1C(=O)NC(C=1c1cc(ccc1)NC1CCCC1)=O,0.825957478,2.239604874,350.393,3.7474,-8.9,-8.9
c1(cc(C2=C(C(NC2=O)=O)c2ccnc(NC3CCCCC3)c2)ccc1)C,0.814771461,2.438931879,361.445,3.70182,-10.1,-9.5
C1(=O)C(c2ccc(F)cc2)=C(C(N1)=O)c1ccnc(NC2CCOCC2)c1,0.81135624,2.535260281,367.38,2.3788,-9,-9
N1C(C(=C(C1=O)c1ccnc(c1)NC1CCOCC1)c1ccccc1)=O,0.827718733,2.476063902,349.39,2.2397,-8.8,-8.6
c1cc(cc(Br)c1)C1=C(C(NC1=O)=O)c1ccc(cc1)OC,0.858609139,2.082557849,358.191,3.0249,-7.7,-7.5
c1cc(ccc1)-c1nc(-c2ccnc(c2)NC2CCCCC2)on1,0.764123509,2.112775112,320.396,4.5432,-8.6,-7.9
N1C(=O)C(=C(C1=O)c1cn(c2ccccc12)C)c1ccc(Cl)cc1,0.72915021,2.217076243,336.778,3.3989,-8.1,-8.4
n1cnc(c2c1ccc(NC(C1CC1)=O)c2)NCC1CCOCC1,0.883420444,2.262055881,326.4,2.8168,-7.9,-7.6
C1CCC(Nc2nccc(c2)C2C(NC(C=2c2ccc(Cl)cc2)=O)=O)C1,0.808919745,2.395863336,367.836,3.6567,-8.7,-8.6
C1(CC1)C(=O)Nc1cc(C2=C(c3cc(C(O)=O)c(OC)cc3)C(=O)NC2=O)ccc1,0.633115955,2.320912402,406.394,2.3091,-9.4,-8.8
c1cccc2ccc(cc12)-n1c(n[nH]c1=O)-c1ccnc(c1)NC1CCCC1,0.565510953,2.416380112,371.444,4.1303,-8.9,-9.6
Oc1c(cnc(n1)Nc1ccc(cc1)Cl)C1C(=O)NC(C=1c1cc(c(cc1)OC)OC)=O,0.487271104,2.559370973,452.854,3.1636,-8.9,-8.1
C1(C)C(=O)N=C(Nc2cc(ccn2)C2CCOCC2)S1,0.906227906,3.265666612,291.376,2.4054,-7.7,-7.5
C1N(C(C)C)c2ccc(cc2C1)C1=C(C(=O)NC1=O)c1ccccc1,0.879163768,2.384518408,332.403,3.0247,-8.5,-8.5
c1cnc(Nc2cc(-c3ccnc(Nc4ccccc4)c3)ccn2)cc1,0.534046821,2.143298129,339.402,5.0258,-9.2,-8.5
c1ccc(C#N)cc1NC1=C(C(=O)NC1=O)c1ccnc(c1)NC1CC1,0.715747917,2.63458188,345.362,2.00718,-8.6,-8.4
c1(C#N)c(C)n[nH]c1-c1ccnc(c1)NC1CCN(CC1)c1ccc(F)cc1,0.722407129,2.633234895,376.439,3.8718,-9.1,-8.8
c1ccc(cc1)C1=C(C(NC1=O)=O)c1ccnc(NC2CCOCC2)c1,0.827718733,2.476063902,349.39,2.2397,-8.7,-8.5
c1(-c2ccc(cc2)F)n[nH]c(n1-c1cc2c(C(=O)NCCC2)cc1)=O,0.750365258,2.457353159,338.342,2.0427,-8.6,-8.9
c1cccc(NC2C(NC(=O)C=2c2ccccc2Cl)=O)c1,0.856775357,2.078485159,298.729,2.8196,-7.7,-7.3
c1c(OC)cccc1C1C(=O)NC(C=1c1ccnc(NC2CCC2)c1)=O,0.811326201,2.423697473,349.39,2.6218,-8.8,-8.3
c1[nH]c2c(c(cc(-c3cc(ncc3)Nc3cccc(F)c3)c2c1)NCCCO)C,0.326734777,2.630962174,390.462,5.21532,-9.1,-8.9
c1cc(ccn1)C1=C(c2cc(cnc2)NCC2CCCCC2)C(NC1=O)=O,0.798932372,2.607630928,362.433,3.036,-8.8,-8.2
O=C1C(c2c(N1)ncc(c2)-c1ccccc1)=CN1CCC(CC1)NC1CCCCC1,0.743167641,2.745408,402.542,4.4283,-9.8,-9.3
C1(C(NC(C=1c1cc(NC2CCOC(C2)C)ncc1)=O)=O)c1ccc(cc1)Cl,0.773709524,3.358190436,397.862,3.2816,-8.9,-8.8
C1(=O)C(Nc2ccccc2Cl)=C(C(=O)N1)c1cc(ncc1)NC1CCOCC1,0.670604368,2.647920365,398.85,2.8055,-8.4,-8.5
O=C1NC(=O)C(=C1c1ccc(Cl)cc1)c1ccnc(NC2CCCC2)c1,0.808919745,2.395863336,367.836,3.6567,-9,-8.8
c1(=O)[nH]nc(c2c1ccc(NC1CCOCC1)n2)NC1CCOCC1,0.771722442,2.816799469,345.403,1.4999,-8.4,-8.3
c1c(ccc(c1)F)C1=C(c2ccc(cc2)OC)C(NC1=O)=O,0.885129722,1.968353878,297.285,2.4015,-8,-7.6
N1CCC(Nc2ncc3c(n2)n(c(n3C)=O)C)CC1,0.785629225,2.612866892,262.317,-0.1691,-7.1,-6.8
c1c(C(N)=O)ccc(c1)Nc1nccc(c1)C1=CC(=O)NC1=O,0.727966454,2.477247229,308.297,0.9639,-8.8,-8.6
C1(C(Nc2nccc(c2)-c2nc(ncc2)NC2CCC2)=O)CCCC1,0.87067779,2.285788012,337.427,3.6317,-8.6,-7.9
C1CC(CCO1)Nc1nccc(C2C(=O)NC(C=2c2ccc(Cl)cc2)=O)c1,0.793382813,2.530676849,383.835,2.8931,-8.9,-8.9
c1cc(cc2C(NCc12)=O)-c1cc(Nc2ccccc2)ncc1,0.774659278,2.184637963,301.349,3.7356,-9,-8.8
c1(C#N)cc(ccn1)C1C(NC(C=1c1ccc(cc1)OC)=O)=O,0.868141983,2.411889122,305.293,1.52908,-8.3,-7.7
c1ccc(cc1Cl)C1=C(c2nc(cs2)-c2ccccc2)C(=O)NC1=O,0.711779134,2.282280082,366.829,4.0307,-8.9,-8.4
c1cc(ncc1-c1cnc2[nH]nc(NC3C(=O)NC(=O)C=3c3ccc(cc3)F)c2c1)NC1CCOCC1,0.297283275,3.035348227,499.506,3.2295,-10,-9.6
c1c(C2=C(c3cc(ncc3)NC3CCCC3)C(NC2=O)=O)nccc1,0.838947428,2.541002975,334.379,2.3983,-8.6,-8.5
c1(nccc(C2C(NC(C=2c2ccc(cc2)F)=O)=O)c1)NC1CCCCC1,0.813387824,2.407270341,365.408,3.5325,-9.5,-9
c12ccccc2ccc(C2=C(C(NC2=O)=O)c2cc(ncc2)NC2CCOCC2)c1,0.657610136,2.562121236,399.45,3.3929,-9.8,-10.2
C1Cc2c(c(n[nH]2)Nc2ccc(cc2)F)C(=O)N1,0.753065261,2.520837911,246.245,1.5783,-7.6,-7.2
c1c(NC2C(NC(C=2c2cc(Nc3ccccc3)ncc2)=O)=O)cccc1,0.611111938,2.266396848,356.385,3.3048,-8.8,-8.6
c1cc(C2C(NC(C=2c2cc3OCOc3cc2)=O)=O)cc(C(N)=O)c1,0.815660729,2.354304541,336.303,1.0814,-8.6,-8.9
c1(O)cccc(c1)C1C(=O)NC(C=1Nc1c(cc(F)cc1)F)=O,0.758294873,2.383568379,316.263,2.15,-8.5,-8.2
C1CCC(C1)Nc1n[nH]c2ccc(-c3cc(ccc3)F)cc12,0.73348851,2.161925961,295.361,4.7235,-9,-8.6
CN(C(C(c1ccncc1)=C1C(=O)Nc2c1ccc(Br)c2)=O)C,0.825129437,2.756285206,372.222,2.7952,-7.5,-8
n1c(Nc2cc(Cl)ccc2C)cc(cn1)C1=C(c2cc(F)ccc2)C(NC1=O)=O,0.639736903,2.650134152,408.82,3.88832,-10.3,-9.2
N1(CCOCC1)Cc1ccc(cc1)-c1cnn(c(=O)c1)C,0.852122929,2.053708185,285.347,1.2795,-7.2,-7.9
c1c(Cl)cc(NC2C(NC(=O)C=2c2ccnc(c2)NC2CCC2)=O)cc1,0.705893986,2.526884999,368.824,3.179,-8.9,-8.3
c1c(-c2n(-c3cc4ccccc4cc3)c([nH]n2)=O)ccc(F)c1,0.615811908,2.028274101,305.312,3.5199,-8.8,-8.7
c1(ccc(-n2c(=O)[nH]nc2-c2ccnc(NC3CCC3)c2)cc1)F,0.773218269,2.373331801,325.347,2.7261,-8.4,-8
c1(ccccn1)NC1=C(C(NC1=O)=O)c1ccc(Cl)cc1Cl,0.847036313,2.437276211,334.162,2.868,-7.9,-7.7
COc1cc(C2=C(C(=O)NC2=O)c2cc(ncc2Cl)NC2CCCC2)ccc1,0.752328274,2.517654468,397.862,3.6653,-8.9,-8.3
NC1C(=O)NC(C=1c1ccc(cc1)F)=C1c2c(cccc2)NC1=O,0.702373306,2.57595837,321.311,1.9887,-8.4,-9.2
c1(c(cc(cc1)-c1ccnc(NC2CCN(CC2)C(=O)C)c1)F)C,0.936360778,2.167608822,327.403,3.61892,-8.8,-8.5
n1[nH]c2c(c1NC1CCC1)cc(-c1cc(ncc1)NCC1CCOCC1)cn2,0.604293471,2.766444245,378.48,3.8228,-9,-8.1
O=c1ccc2cc(-c3ccc(F)cc3)cnc2n1C(C)CCCC,0.66507324,2.720217775,324.399,4.9538,-8.1,-7.5
c1cccc(c1F)C1=C(C(NC1=O)=O)c1ccnc(Nc2ccc(F)cc2)n1,0.681995073,2.384994468,378.338,3.0656,-9.5,-9.2
n1[nH]c(n(-c2ccc(NC3CCOCC3)cc2)c1-c1sccn1)=O,0.75903334,2.644275058,343.412,2.275,-8,-7.4
c1(nc(NC2CCOCC2)cc(-c2ccnc(NC3CCC(CC3)O)c2)c1)N,0.62879292,2.751885969,383.496,3.0321,-9.3,-8.5
c1(nc(nc(NC2CCC(O)CC2)c1)C)-c1cc(ccc1)C(=O)N,0.79984941,2.33406199,326.4,2.26632,-8.8,-8.3
N1C(C(c2cc(ccc2)Cl)=C(c2ccnc(NC3CCCCC3)c2)C1=O)=O,0.783688512,2.451789275,381.863,4.0468,-9.4,-9.1
C1(=O)C(c2cccc(c2)F)=C(c2ccnc(NC3CCCCC3)n2)C(N1)=O,0.81309997,2.52846324,366.396,2.9275,-9.2,-8.9
O=c1[nH]nc(c2c1c(cc(c2)-c1cccs1)NC1CCOCC1)NC1CCCC1,0.572999383,2.820552936,410.543,4.597,-8.7,-8.9
c1c(C2=C(Nc3ccc(F)cc3)C(=O)NC2=O)ccc(c1)F,0.856067072,2.101377451,300.264,2.4444,-8.1,-7.9
c12cc(F)cnc2[nH]nc1NC(CCC)=O,0.831847806,2.437037706,222.223,1.8356,-6.5,-6.6
O1CCCC1CNc1nccc(c1)C1C(NC(=O)C=1c1cccc(Br)c1)=O,0.716321614,3.031145009,428.286,3.0022,-9,-8.2
c1(ccc(C2=C(c3cc(ncc3)NC3CCOCC3)C(NC2=O)=O)cc1)Cl,0.793382813,2.530676849,383.835,2.8931,-8.8,-9.1
c1c(cc(cc1)C1=C(c2n[nH]c(C(=O)N)c2)C(NC1=O)=O)Cl,0.723207236,2.666324618,316.704,0.7292,-8.1,-7.8
c1([nH]c2c(n1)ccc(c2)-c1ccccc1)C(=O)NCC1CCOCC1,0.767888043,2.203600093,335.407,3.3863,-9.1,-8.8
N1C(C(=C(c2cccnc2)C1=O)c1ccnc(NC2CCOCC2)c1)=O,0.814437546,2.659108234,350.378,1.6347,-8.9,-8.4
C1(=O)C(=C(C(=O)N1)c1ccnc(NC2CCOCC2)c1)c1ccc(F)cc1,0.81135624,2.535260281,367.38,2.3788,-9,-9
c1(ccc(Cl)cc1)CNc1ncnc2n(nnc21)C(C)(CO)C,0.744383992,2.671619536,332.795,2.2142,-8.3,-7.4
c1(NC(C2CC2)=O)cc(ccc1)C1=C(c2cccc(F)c2)C(=O)NC1=O,0.832819386,2.198365211,350.349,2.7414,-9.1,-8.5
c1c(ccc(c1)-c1n[nH]c(n1-c1cc(NC2CCCCC2)ncc1)=O)F,0.752588492,2.394515522,353.401,3.5063,-9.2,-8.3
c1c(NC2CC2)cc(cc1)C1=C(c2cc(ccc2)F)C(NC1=O)=O,0.850998866,2.270159953,322.339,2.9672,-8.3,-7.9
c1cc(cc(C2=C(C(=O)NC2=O)c2ccnc(NC3CCOCC3)c2)c1)Cl,0.793382813,2.579779216,383.835,2.8931,-9,-9.1
c1cc(ccc1C1=C(c2cc(NC3CCOCC3)ncc2)C(=O)NC1=O)C,0.816294316,2.518153181,363.417,2.54812,-9.4,-8.4
n1c([nH]c2nc(ncc2c1=O)NC1CCCCC1)-c1cccc(n1)NC1CCOCC1,0.57515589,2.834784138,421.505,3.1106,-10.3,-9.3
C1(Nc2ccc(F)cc2)=C(C(=O)NC1=O)c1ccc(F)cc1,0.856067072,2.101377451,300.264,2.4444,-8.1,-7.9
c1cnc(NC2CCCC2)nc1OCC1CC1,0.84888262,2.263158582,233.315,2.6199,-6.3,-6.2
C(C)(n1ccc2c(NC3CCOCC3)nccc21)C,0.919609087,2.560560272,259.353,3.2081,-6.8,-6.9
O=C(Nc1n[nH]c2c1cc(-c1ccnc(NC3CCOCC3)c1)cn2)CC,0.641141368,2.708285456,366.425,2.9593,-9.2,-8.4
c1(cccc(c1)C1C(NC(C=1c1c(Cl)cccc1Cl)=O)=O)OC,0.863166663,2.208310686,348.185,3.5692,-8,-7.9
c1cc(O)ccc1C1=C(c2ccc(F)cc2)C(NC1=O)=O,0.829409392,2.072241795,283.258,2.0985,-7.9,-7.7
c1nc(NC2CCC(NC(=O)NC3CCCC3)CC2)ncc1C1CCC1,0.750477932,2.456600947,357.502,3.709,-8.2,-7.9
C1C(=C(c2cc(C(N)=O)c(OC)cc2)C(N1)=O)c1cc(NC2CCCC2)ncc1,0.700555302,2.707676599,392.459,2.5842,-9.8,-8.1
c12c(CC3N(C2CCC3)C(NC2CCCCC2)=O)cc(C(N)=O)cc1,0.865989275,3.780798557,341.455,3.2795,-8.6,-8.1
C1C(CCN(C(=O)NCC)C1)Nc1nc2c(C=C3C(=O)NC(S3)=N)cnn2cc1,0.561270288,3.217568721,414.495,1.47377,-8.8,-8.1
c1(NC(C(C)C)=O)nccc(C2=C(C(=O)NC2=O)c2ccccc2)c1,0.838907833,2.314023544,335.363,2.2433,-8.9,-8.4
C(C(=O)N)=Cc1cc(ncc1)NC1CCC(CC1)NC1CCCC1,0.701587058,2.584803793,328.46,2.8354,-8.4,-7.8
c1ccc(C2=C(C(OC2)=O)c2ccnc(c2)NC2CCOCC2)cc1,0.869347126,2.534758928,336.391,3.1401,-8.5,-8.5
C(C1CCC1)(=O)Nc1cc(C2C(NC(=O)C=2c2ccc(F)cc2)=O)ccn1,0.815250999,2.360946407,365.364,2.5265,-8.4,-8.7
n1c(NC2CCOCC2)cc(-c2cn(C)c(=O)c(n2)NC2CCCC2)cc1,0.843486734,2.662502009,369.469,2.7877,-8.6,-8.1
c1(cc(Nc2nccc(C3C(=O)NC(=O)C=3c3ccccc3)c2)ccn1)NCCOC,0.383744245,2.594136011,415.453,2.8457,-8.6,-8.4
c1(C#N)ccc(cc1)C1=C(C(NC1=O)=O)c1cn(C2CCCCC2)c2c1cccc2,0.659492039,2.502960505,395.462,4.58538,-9.3,-8.7
c1(C2C(=O)NC(=O)C=2c2cc(ncc2)Nc2cccc(c2)OC)ccccc1,0.672135159,2.258771647,371.396,3.401,-9.4,-8.8
c1c(cccc1)C1C(NC(=O)C=1c1cn(C)c2c1cccc2)=O,0.74005506,2.152761451,302.333,2.7455,-8.4,-8.2
C1CCC(CC1NC1CCN(CC1)c1ncc2ccc(=O)n(c2n1)C)C(=O)N,0.812304003,3.42027659,384.484,0.931,-9.3,-8.4
c1cccc(-c2cc(c(cn2)Cl)NC2CCC(CC2)CO)c1,0.880307658,2.168838021,316.832,4.365,-7.8,-7.8
c1cocc1-c1ccnc(Nc2cccc(c2)Cl)c1,0.746985781,2.166798944,270.719,4.7386,-7.7,-7.2
c1cnc(OCC2CCC(NC(=O)C)CC2)cc1C1=C(c2cc(ccc2)Cl)C(NC1=O)=O,0.653343807,2.669401641,453.926,3.3759,-9.5,-9
c1(cc(-c2ccnc(c2)Nc2cc(-c3ccccc3)ncc2)ccc1)C,0.506441385,2.012428091,337.426,5.86262,-9.4,-9.1
C1CC1C(=O)Nc1nccc(C2C(NC(C=2c2ccc(F)cc2)=O)=O)c1,0.826296828,2.34537343,351.337,2.1364,-8.9,-8.5
c1(cc(nc(c1)NC1CCOCC1)C1C(=O)NC(C=1c1ccc(OC)cc1)=O)C,0.759210425,2.633643049,393.443,2.55672,-9.1,-9
C1N(Cc2c(n(C)c3ccccc32)Cl)CCN(C1)c1ccccn1,0.728444219,2.235591925,340.858,3.5489,-8.3,-8.2
c1cccc(C2=C(Nc3ccc(cc3)F)C(NC2=O)=O)c1,0.849288888,2.026278236,282.274,2.3053,-7.8,-7.5
Clc1ccc(C2=C(C(NC2=O)=O)c2ccnc(NC3CCOCC3)c2)cc1,0.793382813,2.530676849,383.835,2.8931,-8.8,-9
c1c(-c2ccnc(c2)NC(C2CC2)=O)ccnc1Nc1ccccc1,0.73426779,2.063729845,330.391,4.2357,-8.6,-8.1
c1cc(cc(Cl)c1)C1=C(c2ccnc(NC3CCCC3)c2)C(=O)NC1=O,0.808919745,2.446929797,367.836,3.6567,-9,-8.8
c1c(OC2CCC2)cc(C2=C(c3ccc(cc3)Cl)C(NC2=O)=O)cc1,0.849575212,2.243082872,353.805,3.8385,-8.7,-8.6
c1cccc(C(Nc2nccc(n2)-c2ccnc(c2)Nc2ccccc2)C#N)c1F,0.471614934,2.911008747,396.429,5.09808,-8.9,-8.6
c1cc(cc(c1)C1C(=O)NC(C=1c1ccnc(c1)NC1CCOCC1)=O)Cl,0.793382813,2.579779216,383.835,2.8931,-9,-9
N(C1CCCCC1)c1cc(-c2cc(ncc2Cl)NC(C2CC2)=O)ccn1,0.785819865,2.369059028,370.884,4.8901,-8.6,-8
c1c(NC2CCCCC2)nccc1C1=C(c2c(ccc(c2)Cl)OC)C(=O)NC1=O,0.725145966,2.503123865,411.889,4.0554,-9.4,-8.9
c1cc(F)ccc1C1=C(C(NC1=O)=O)c1ccc(c(c1)OC)OC,0.876067301,2.068617879,327.311,2.4101,-7.9,-7.7
c1(NC2CCOCC2)nccc(c1)C1C(=O)NC(C=1c1ccc(O)cc1)=O,0.716234787,2.593946672,365.389,1.9453,-9.2,-8.8
c1cc(ccc1CN1C(=O)C(=C(C1=O)c1ccc(Br)cc1)SCC)F,0.662877111,2.341543764,420.303,4.6214,-8.1,-7.1
C(c1cccc(C2=C(c3cc(ncc3)NC3CCCCC3)C(NC2=O)=O)c1)(N)=O,0.678851479,2.515959083,390.443,2.4923,-9.8,-9.2
C(C)CC(Nc1n[nH]c2cc(-c3ccc(Cl)cc3)ccc12)=O,0.737928189,2.049503577,313.788,4.6219,-8.2,-7.4
C1COCCC1Nc1nccc(c1)C1=C(c2cccc(c2)C)C(NC1=O)=O,0.816294316,2.56692182,363.417,2.54812,-9.3,-8.9
c1(cccc(c1)C1=C(c2ccnc(NC3CCOCC3)c2)C(=O)NC1=O)Cl,0.793382813,2.579779216,383.835,2.8931,-9,-9.1
n1ccc(C2C(NC(C=2c2ccnc(NC3CCCC3)c2)=O)=O)cc1NC1CCCC1,0.619700957,2.72176203,417.513,3.7528,-9.6,-8.5
c1cnc(NC2CCN(CC2)C(=O)COC)nc1-c1cc(ncc1)Nc1ccccc1,0.607933241,2.382642334,418.501,3.3315,-9,-8.7
c1c(-n2c([nH]nc2-c2cc([nH]n2)-c2ccc(F)cc2)=O)ccnc1NC1COCC1,0.468056871,3.291779551,407.409,2.3526,-9.6,-8.9
c1c(nccc1C1C(NC(C=1c1ccc(OC)c(OC)c1)=O)=O)NC1CCCC1,0.733605503,2.456091984,393.443,3.0205,-9.2,-7.8
Cc1cc(ncc1Cl)NC(C1CCN(CC1)C(C)C)=O,0.931799052,2.155254257,295.814,3.10232,-7,-6.9
c1c(ccc(C2C(=O)NC(=O)C=2c2cn(C)c3ccccc23)c1)F,0.738264262,2.222333709,320.323,2.8846,-8.5,-8.4
c1c(ccc(C2C(=O)NC(C=2c2ccnc(c2)NC2CCC2)=O)c1)F,0.841806812,2.399366946,337.354,2.7523,-8.7,-8.4
C1CCC(CC1)Nc1cc(C2=C(C(=O)NC2=O)c2ccc(Cl)cc2)ccn1,0.783688512,2.402686909,381.863,4.0468,-9.1,-9.1
c1(cc(Nc2nccc(c2)C2C(=O)NC(C=2c2ccccc2C)=O)ccc1Cl)F,0.624831621,2.434434715,407.832,4.49332,-9,-9.4
N1C(C(=C(c2cc(ncc2)NC2CCC2)C1=O)c1ccc(F)cc1)=O,0.841806812,2.399366946,337.354,2.7523,-8.7,-8.4
c1ccccc1C1=C(N=C(S1)NCc1cc(c(cc1)F)OC)c1cn(C)nc1,0.501618634,2.353154553,394.475,4.9704,-9.3,-8.5
c1(ccnc(c1)NC1CCC1)-c1cc(ncc1)NC1C(=O)NC(=O)C=1Cl,0.701037454,2.819849032,369.812,2.6267,-9,-7.7
c1(cc(cc(c1)C1C(NC(=O)C=1c1ccnc(NC2CCOCC2)c1)=O)Cl)C#N,0.753650356,2.829541103,408.845,2.76478,-9.9,-8.3
C(c1cc(C2=C(C(NC2=O)=O)c2ccc(F)cc2)ccc1)(C)C,0.881880902,2.143653475,309.34,3.5163,-9,-8.2
C1CCCC(C1)Nc1nccc(c1)C1=C(c2cccc(c2)OC)C(NC1=O)=O,0.78086397,2.43450669,377.444,3.402,-9.3,-8.5
c1c(C2C(NC(=O)C=2c2ccc(cc2)F)=O)ccnc1NC1CCCC1,0.830425976,2.400630105,351.381,3.1424,-9,-8.6
C1C(C1)Nc1nccc(C2C(=O)NC(=O)C=2c2cccc(c2)OC)c1,0.819235109,2.409685256,335.363,2.2317,-8.4,-7.9
c1(n[nH]c2ncc(-c3ccnc(NC(C4CCCN4)=O)c3)cc12)NC1CCC1,0.544490107,3.195553205,377.452,2.6748,-9.4,-8.7
c1cccc(c1C1C(NC(=O)C=1c1cc(NC2CCOCC2)ncc1)=O)O,0.716234787,2.617939571,365.389,1.9453,-9,-8.8
C1(C(CN(C1)C)C(Nc1cc(C2C(NC(=O)C=2c2cccc(OC)c2)=O)ccc1)=O)=O,0.559768505,3.119620037,419.437,1.3316,-9.6,-10.1
n1cc(ccc1NC1CCC(O)CC1)-c1ccc2c(cccc2)c1,0.740596026,2.101131396,318.42,4.6172,-8.9,-8.7
N=C(O)c1nc([nH]c1)C1=C(c2ccccc2)C(=O)NC1=O,0.378964359,3.012886124,282.259,0.86027,-7.8,-8.1
C1(=O)c2n(c(cn2)-c2ccc(cc2)F)CCC1,0.754471922,2.364052453,230.242,2.6657,-7.1,-7.2
c1ccccc1C1C(c2ccnc(NC3CCOCC3)c2)=NN=C1N,0.898992406,3.221949525,335.411,2.5312,-8.5,-8.4
c1(cc2c(CCC(CN3CCC(CC3)c3cc[nH]n3)=O)c[nH]c2nc1)F,0.71271677,3.067564307,355.417,2.8064,-8,-8.1
c1(cc(ccn1)NC1CCC(CC1)C(N)=O)-c1cc(ncc1)NC(C1CC1)=O,0.71467356,2.448212545,379.464,2.9481,-8.8,-8.2
C1CCN(C1)c1ccc2[nH]nc(NC(=O)c3cc(ccc3)Cl)c2c1,0.755194952,2.109475222,340.814,4.0688,-8.7,-8.2
c1(ccc(-n2c([nH][nH]c2=O)=O)cc1)NC(=O)C1CCOCC1,0.75320272,2.437758522,304.306,0.219,-7.8,-7.7
c1(cccc(Nc2nccc(-c3cc(ncc3)NC3CCOCC3)c2)c1)Cl,0.642013181,2.366501539,380.879,5.1315,-8.8,-8.5
C1C(C1)c1cc(cnc1)-c1cc(Nc2ccc(F)cc2)ncc1,0.74440156,2.141610037,305.356,4.9037,-8.4,-8.1
s1c(nnc1-c1cc(NC(=O)C2CC2)ncc1)NC1CCC1,0.886561488,2.365598082,315.402,2.913,-7.8,-7.1
n1[nH]c2c(c(NC3CCC(O)CC3)ncc2)c1-c1cc(ccc1)-c1ccncc1,0.484582697,2.602820557,385.471,4.4023,-9,-8.8
c1c(ccc(F)c1C1C(NC(=O)C=1c1sc(NC2CCCCC2)nn1)=O)F,0.783967496,2.725606282,390.415,3.1281,-9,-8.7
c1cc(cc(C2C(NC(=O)C=2c2ccnc(NC3CCOCC3)c2)=O)c1)OC,0.774833116,2.557756263,379.416,2.2483,-9,-8.8
CCCCC(=O)Nc1c2c(nc(c1)-c1cc(ccc1)OC)CCC2,0.857922016,2.170770597,324.424,4.3746,-8.1,-7.3
O=C1C(=C(c2cc(ncc2)NC2CCOCC2)C(N1)=O)c1cccc(c1)Cl,0.793382813,2.579779216,383.835,2.8931,-9,-9
c1cc(C2=C(C(NC2=O)=O)c2ccc(F)cc2)ccc1F,0.861840499,1.960878592,285.249,2.532,-8,-7.6
c1cc(C2C(NC(=O)C=2c2ccnc(NC3CCCCC3)c2)=O)cc(c1)C(=O)N,0.678851479,2.515959083,390.443,2.4923,-9.8,-9.3
c1c(cc(cc1O)C1C(=O)NC(=O)C=1c1cc(NC2CCOCC2)ncc1)O,0.594382358,2.817904852,381.388,1.6509,-9.2,-8.8
c1cc2c(cc1Cl)nc(CCN1CCN(CC1)c1ccc(cc1)Cl)[nH]2,0.741191754,2.088307717,375.303,4.2344,-8.3,-7.9
O(c1cc(C2=C(C(NC2=O)=O)c2c3ccccc3n(C)c2)ccc1)C,0.750397967,2.252396848,332.359,2.7541,-8.7,-8.4
c1ccc(Nc2nccc(-c3ccc(Cl)cc3)c2)cc1NC1CCC(CC1)O,0.507666895,2.208213361,393.918,5.861,-9.1,-8.7
c1(cc(ncc1)NC1CCC1)-c1n[nH]c(=O)n1-c1ccc2ccccc2c1,0.583325504,2.409464423,357.417,3.7402,-9.3,-9.1
C(C)(C)Oc1ccc(C2=C(C(NC2=O)=O)NCCc2ccccc2)cc1OC,0.688856902,2.320664799,380.444,2.6822,-7.4,-8.1
c1c(cc2c(c(c[nH]2)-c2ccnc(NC3CCC3)c2)c1)C(N)=O,0.691257557,2.328238374,306.369,3.2932,-8.4,-8.1
c1cc(-c2n(-c3cc4c(cc3)cccc4)c([nH]n2)=O)cc(n1)NC1CCCCC1,0.541504159,2.427246496,385.471,4.5204,-9,-9.9
c1(C2=C(C(=O)NC2=O)c2ccc(cc2)F)ccnc(c1)NC1CCOCC1,0.81135624,2.535260281,367.38,2.3788,-9.1,-9
C1(c2cccs2)=C(C(NC1=O)=O)c1cc(ncc1)NC1CCCC1,0.840012109,2.60810687,339.42,3.0648,-8.4,-8.4
n1cccc(c1)C1=C(C(NC1=O)=O)c1ccnc(NC2CCCC2)c1,0.838947428,2.528200024,334.379,2.3983,-8.8,-8.4
n1c(C(=O)N)nc(cc1)-c1ccnc(NC(C2CC2)=O)c1,0.868649922,2.393031365,283.291,0.986,-7.7,-7.6
c1(ccc(cc1OC)C1=C(c2ccc(nc2)NC(C2CC2)=O)C(NC1=O)=O)OC,0.727466595,2.380827315,393.399,2.0145,-8.2,-8.8
CCCC(Nc1c2c(cc(Cl)cc2)[nH]n1)=O,0.862393524,2.117502322,237.69,2.9549,-6.8,-6.3
O=C1NC(=O)C(=C1c1cc(ccc1)C(=O)N)c1ccnc(NC2CCC(CC2)N)c1,0.554856789,2.681198196,405.458,1.4295,-10,-8.8
n1(C)c(cc(cc1)-c1ccnc(NC(C2CC2)=O)c1)=O,0.923642552,2.243788048,269.304,1.7958,-7.7,-7.1
c1(C2CCC(NC(=O)NCC)CC2)cc(cnc1)-c1ccc(cc1)F,0.874101076,2.177595467,341.43,4.233,-8.7,-7.9
Fc1cc(ccc1)C1=C(O)C(=O)NC1=O,0.667602319,2.258226927,207.16,0.7512,-6.7,-6.8
c1c(nnn1CC(O)CO)C1C(=O)NC(=O)C=1c1ccc(F)cc1,0.625739973,3.149955163,332.291,-0.6624,-7.6,-7.6
C1C(CCCC1)Nc1nc2n(c(ccc2cn1)=O)C(C)C,0.941460533,2.419880544,286.379,3.117,-7.9,-7.3
c1c(ccc(C2=C(C(NC2=O)=O)c2cccc(c2)OC)c1)F,0.885129722,2.030741968,297.285,2.4015,-8.1,-7.9
c1cccc(c1C1C(=O)NC(C=1c1ccnc(NC2CCCC2OC)c1)=O)F,0.778820874,3.336386205,381.407,2.7673,-9.1,-8.8
C1CC1C(Nc1nccc(c1)C1=C(c2cc(NC3CCCCC3)ncc2)C(=O)NC1=O)=O,0.605874356,2.687484318,431.496,3.1369,-10.3,-8.6
c1(C2=C(C(NC2=O)=O)c2ccc(F)cc2)ccnc(NC2CCOCC2)c1,0.81135624,2.535260281,367.38,2.3788,-9.1,-8.9
c1c(F)ccc(C2=C(C(NC2=O)=O)c2ccnc(NC3CCOCC3)c2)c1,0.81135624,2.535260281,367.38,2.3788,-9,-9
c1cc(cc(C2C(NC(=O)C=2c2ccnc(c2)NC2CCOCC2)=O)c1)NC1CCC1,0.624202877,2.702594473,418.497,3.2041,-9.6,-9
n1c(nc(NC2CCCC2)nc1C1CCCCC1)-c1cc(C(N)=O)ncc1,0.839336958,2.558471824,366.469,3.4347,-9.3,-8.8
c1cc(NC2C(NC(C=2c2ccc(cc2)C(N)=O)=O)=O)ccc1,0.740190247,2.110705453,307.309,1.2651,-8.1,-8.2
c1c(C2=C(C(=O)NC2=O)Nc2ccc(cc2)F)cnc(NC2CCCCC2)n1,0.689530493,2.556387032,381.411,2.8399,-8.7,-8.6
C(c1cc(F)ccc1)=C1C(=O)NC(=N1)SCc1cc(NC2CCCC2)ncc1,0.73830394,2.786486156,396.491,4.3353,-8.9,-8.2
C1(=C(C(=O)NC1=O)Nc1cccc(c1)Cl)c1ccnc(NC2CCCC2)c1,0.688426007,2.524492234,382.851,3.5691,-8.5,-8.4
N1C(c2c(ccc(O)c2)C1=Cc1c(c(no1)C1CCCCC1)C#N)=O,0.874229812,3.113160852,335.363,3.54108,-8.9,-9
c1nc(NC2CCOCC2)cc(C2=C(c3c(ccc(c3)Cl)OC)C(=O)NC2=O)c1,0.732460962,2.623403568,413.861,2.9017,-9.3,-8.7
c1ccc(C2=C(c3ccnc(c3)NC3CCOCC3)C(NC2=O)=O)cc1C(=O)N,0.659982577,2.636238786,392.415,1.3386,-9.6,-9.1
C1(CNC(C=1c1ccc(F)cc1)=O)c1ccnc(NC2CCOCC2)c1,0.887241559,2.680706413,353.397,2.8522,-8.9,-8.7
c1(ccccc1)Nc1cc(ccn1)-c1c2CCCN(Cc2[nH]n1)C(C)C,0.735603486,2.502254996,347.466,4.3719,-8.7,-8.8
c1c(F)cc2N(C(NC(=O)c2c1)=O)Cc1n(c(nn1)SC)-c1cccc(c1)F,0.5306974,2.522858957,401.398,2.3189,-8.8,-8.5
c12c(ccc(C(=O)N)c2)c2cnc(NC3CCCC3)nc2[nH]1,0.691481912,2.401336578,295.346,2.5645,-8.5,-8.2
c1(C2C(NC(=O)C=2c2ccnc(NC3CCOCC3)c2)=O)ccccc1,0.827718733,2.476063902,349.39,2.2397,-8.8,-8.6
C1(=O)C(c2cc(ncc2)NC2CCOCC2)=C(C(=O)N1)c1ccc(Cl)cc1,0.793382813,2.530676849,383.835,2.8931,-8.8,-9.1
C(CC)C(Nc1cc(-c2ccnc(NC3CCOCC3)c2)ccn1)=O,0.841887711,2.39014818,340.427,3.4731,-8.2,-7.7
c1c(cc(-c2cc3c(n[nH]c3nn2)NC(=O)CCC)cc1)F,0.775561944,2.471853028,299.309,2.8976,-8.2,-7.9
c12cc(Cl)c(Cl)cc2[nH]c(=O)n1-c1cc(-c2cc(ncc2)NC2CCS(C2)(=O)=O)ccc1F,0.426364736,3.253927739,507.374,4.4257,-10.4,-9.3
c1(C(=O)N)cc(ncc1)-c1cnc(cc1)C(=O)N,0.807582636,2.163240964,242.238,0.3414,-7.7,-7.3
c1c(C2C(=O)NC(=O)C=2c2ccn(C)c2)ccc(c1)C,0.844005569,2.460737499,266.3,1.90072,-7.5,-7.5
c1(cnc2[nH]nc(NC3CCC(CC3)O)c2c1)-c1ccccc1,0.693567461,2.39283932,308.385,3.3403,-8.9,-8.5
c1nc(ccc1C1=C(C(NC1=O)=O)c1ccc(F)cc1)NC1CCOCC1,0.81135624,2.520192826,367.38,2.3788,-9,-9.4
c1c(cc(-c2n[nH]c(n2-c2cc3ccccc3cc2)=O)cc1)NCC1CCOCC1,0.526170096,2.439008173,400.482,4.2193,-9.1,-9.2
N(CCN1CCOCC1)c1c2ccc(cc2ncc1)Cl,0.939591941,2.068422445,291.782,2.6323,-7.2,-6.8
c1c(ccc(c1)C1=C(C(NC1=O)=O)c1cc(NC2CCC2)ncc1)F,0.841806812,2.399366946,337.354,2.7523,-8.7,-8.4
c1cc(ccc1Cl)-c1cnc2[nH]nc(c2c1)NC(=O)CCCN,0.670058815,2.311404808,329.791,2.9557,-8.3,-7.8
C1N(c2cc(ccn2)-c2ccc3c(OCO3)c2)CCC(C1)C(NC1CCOC1)=O,0.858019984,2.872486955,395.459,2.5988,-9,-8.9
C1(C(NC(=O)C=1c1cc(C)ccc1)=O)c1ccnc(Nc2cccc(F)c2)c1,0.681922253,2.373001968,373.387,3.83992,-10,-9.2
c1(cc(-c2ccnc(NC(C3CC3)=O)c2)ccn1)NC1CCC1,0.887464199,2.233409004,308.385,3.4565,-7.8,-7.2
N(C(=O)c1c(ncc(c1)-c1ccnc(c1)NC1CCC1)OC)C1CCOC1,0.815302035,2.994347968,368.437,2.6353,-8.3,-7.9
O=c1nc(NC2CCC(NC3CNC3)CC2)sc(n1-c1cccc(F)c1)=O,0.706996832,2.872625462,391.472,1.0778,-8.8,-7.8
c1cnc(cc1-c1n[nH]c(n1-c1cc2ccccc2cc1)=O)NC1CCCC1,0.565510953,2.416380112,371.444,4.1303,-9,-9.5
N1=C(C(c2ccc(Cl)cc2)=C(c2cc(Nc3ccccc3)ncc2)C1=O)O,0.680665503,2.477512944,375.815,4.8861,-9.2,-9
c1(cc(ccc1)C1C(NC(C=1N1CCCC1)=O)=O)-c1cccc(c1)OC,0.863469948,2.268447336,348.402,2.8255,-9.3,-8.9
c1c(NC2CCC(CC2)O)cc(cn1)C1=C(c2cc(ccc2)Cl)C(NC1=O)=O,0.689655399,2.652086775,397.862,3.0176,-9.5,-9.4
c1nc(cc(-c2ccnc(c2)NC2CCOCC2)c1)NC1CCC1,0.878043994,2.439901926,324.428,3.6989,-8,-7.1
O=C1C(c2cc(C(N)=O)ccc2)=C(C(N1)=O)c1cc(ncc1)NC1CCOCC1,0.659982577,2.636238786,392.415,1.3386,-9.5,-9
c1c2c(cc(-c3cc(ncc3)NC(=O)C3CC3)c1)CCCN2C(=O)CC,0.913423764,2.268845082,349.434,3.7863,-9,-7.8
c1(cc(ccc1)C1C(NC(C=1c1ccnc(NC2CCOC2)c1)=O)=O)Cl,0.809301547,3.044602714,369.808,2.503,-8.7,-8.4
c1c(ccc(c1)Cl)C1=C(c2ccc(F)cc2)C(NC1=O)=O,0.866674616,1.988596945,301.704,3.0463,-8.1,-7.7
c1c(cccc1F)C1=C(C(NC1=O)=O)c1ccc(F)c(c1)F,0.867067392,2.212638363,303.239,2.6711,-8.5,-8
c1cc2c(cc1Cl)c(c1cccc(NC(=O)CCC)c1c2)Cl,0.582248184,2.082079933,332.23,6.0384,-8.7,-8.3
c12cccc(c1nc(nc2NC1CCOCC1)-c1ccccc1)OC,0.783585593,2.167263294,335.407,3.8963,-8.3,-8.3
c1(cc(ccc1)C1=C(c2ccnc(NC3CCCC3)c2)C(NC1=O)=O)Cl,0.808919745,2.446929797,367.836,3.6567,-9,-8.9
c1sc(-c2ccc3[nH]nc(NC(=O)C4CCOCC4)c3c2)cn1,0.774233708,2.686856289,328.397,3.0515,-8.5,-7.8
c12c(cc(cc2)C#N)NC(=O)C(=Cc2cc(ccc2)OC)C1=O,0.683192969,2.320691962,304.305,2.78528,-8.4,-8.1
c1c(-c2ccnc3c2cc(NC2CCOCC2)nc3)cc(nc1)Nc1ccccc1,0.49229953,2.517909417,397.482,5.0263,-9,-8.5
C1COCCC1Nc1nccc(C2=C(Nc3ccc(Cl)cc3)C(=O)NC2=O)c1,0.670604368,2.607409254,398.85,2.8055,-8.9,-8.5
C1(c2cc(ccc2)C(=O)N)C(NC(C=1c1ccc(Cl)cc1)=O)=O,0.845401601,2.127174388,326.739,2.0061,-9,-8.3
[nH]1c(=O)[nH]c(n1-c1cc(NC(CCC)=O)ncc1)=O,0.71941655,2.749315126,263.257,-0.0125,-7.3,-6.9
C1CC1Nc1cc(-c2cc(NC(c3c(cccc3)F)=O)ncc2)ccn1,0.728118161,2.169755643,348.381,4.1093,-8.9,-8
c1c(ccnc1NC1CCCCC1)C#N,0.799882654,2.153605496,201.273,2.69788,-6.6,-6.4
c1c2CCCCc2cc(c1)-n1c(=O)[nH]nc1-c1cn2c(cc1)nnc2,0.609740647,2.761860176,332.367,2.1491,-9.1,-8.9
C1(C(NC(C=1c1ccnc(NC2CCCCC2)c1)=O)=O)c1cc(F)ccc1,0.813387824,2.460624187,365.408,3.5325,-9.6,-9
Fc1c(ccc(c1)C1=C(C(NC1=O)=O)Nc1c2c(cc(cc2)Cl)[nH]n1)F,0.615063687,2.681700301,374.734,2.9741,-9.2,-8.8
C1(C2(O)N(C(=O)N1)c1ccc3c(c1C2)CCO3)=O,0.627603812,3.684728452,246.222,-0.0776,-7.6,-7.6
C1C(CCC1)Nc1c2c(nc(-c3cc(ncc3)Nc3ncccc3)n1)cccc2,0.494957001,2.335079245,382.471,5.1849,-9.6,-8.9
c1c(Br)ccc(C2=C(C(=O)NC2=O)Nc2cc(Cl)cc(Cl)c2)c1,0.742470767,2.363246985,412.07,4.2355,-8.2,-7.6
C1(Nc2ncnc3c2nc(NC2CCCC2)nc3)CCC(CC1)OC,0.863112976,2.620255186,342.447,3.1438,-8.1,-7.7
n1[nH]c2c(cc(Cl)c(F)c2)c1NC1CCN(C(CCC)=O)CC1,0.895689426,2.472931489,338.814,3.5584,-7.9,-7.6
c1c(Cl)c(Cl)cc(c1)C1=C(C(=O)NC1=O)Nc1ccccc1,0.845852495,2.162155367,333.174,3.473,-8.1,-8.1
c1c(F)c(C2=C(C(NC2=O)=O)c2cc[nH]c2)cc(c1)NC1CCOCC1,0.735225106,2.894625797,355.369,2.3119,-9.4,-8.9
c1(ccc2c(NC(=O)CCC)n[nH]c2n1)-c1cccc(c1)O,0.689730051,2.364371709,296.33,3.0691,-8.2,-7.9
c1cccc(C2=C(C(NC2=O)=O)c2ccc(cc2)-c2ccnc(F)c2)c1,0.584710607,2.240142105,344.345,3.4549,-9.3,-9.1
n1c(nc(cc1)NC1CCC(CC1)O)-c1cc2c(cc1)cc(OC)cc2,0.744516641,2.288189813,349.434,4.0208,-9.3,-8.9
CC(=O)Nc1cc(C2=C(C(NC2=O)=O)c2c(cccc2)F)ccn1,0.841608043,2.372171036,325.299,1.7463,-8.5,-8.3
N(CCCCO)c1nc(cc(-c2n[nH]c(n2-c2ccc3c(c2)ccc(F)c3)=O)c1)NC1CCCC1,0.265898301,2.796762027,476.556,4.4538,-9.4,-9.3
C1C(c2cccc(-n3c([nH]nc3-c3ccc(F)cc3)=O)c2)C(=O)NC1=O,0.698238223,2.912942332,352.325,1.4968,-9,-9.4
c1c(-c2cnc3c(c(NC4CCC4)n[nH]3)c2)ccc(F)c1,0.769309733,2.288341477,282.322,3.7284,-8.5,-8.3
Cc1cc(NC(C)C)ncc1C1C(=O)NC(C=1c1cc(ncc1)NC1CCCCC1)=O,0.614451146,2.813010172,419.529,3.91712,-9.5,-8.5
c1cc(ncc1-c1nc(ncc1)NC1CCOCC1)NC(C1CC1)=O,0.869811853,2.375780425,339.399,2.478,-8.1,-8.1
c1c(-n2c(-c3ccnc(NC4CCOCC4)c3)n[nH]c2=O)cccc1,0.762378697,2.450557473,337.383,2.2135,-8.6,-8.4
c1ccc(-c2ccc3cccc(NC(=O)CCC)c3n2)cc1C(=O)N,0.745639968,2.00246012,333.391,3.7393,-8.5,-8.1
C1OCCC(C1)CNc1cc2c(nnn2C2CCCC2)cc1,0.940139693,2.469380001,300.406,3.3849,-8,-7.7
c1c(C2=C(c3cc(ncc3)NCC(C)C)C(NC2=O)=O)ccc(c1)F,0.821948554,2.423819588,339.37,2.8558,-8.4,-7.9
C1C(CC1)c1cc(NC(C2CC2)=O)nc(c1)-c1c2ccccc2n(n1)C,0.768051149,2.48358583,346.434,4.2513,-9.2,-8.6
C1(NC(C(c2cc(ncc2)NC2CCC(CC2)O)=C1c1cc(ncc1)NC1CCOCC1)=O)=O,0.481305235,2.964442631,463.538,2.3501,-10.4,-9.6
Fc1ccc(cc1)C1=C(c2ccnc(NC3CCCC3)c2)C(=O)NC1=O,0.830425976,2.400630105,351.381,3.1424,-8.9,-8.7
[nH]1c2ncccc2c(n1)-c1cc(ncc1)Nc1ccccc1,0.60176127,2.189482098,287.326,3.7635,-8.3,-8.4
c1cc(c(cc1)F)C1=C(C(NC1=O)=O)c1c2c(C(CCC2)O)[nH]n1,0.728321723,3.288655332,327.315,1.4857,-8.7,-8.4
c1c(cc2c(c1)[nH]nc2NC(c1cc(ccc1)Cl)=O)C1=CCNCC1,0.670293555,2.519977685,352.825,3.8453,-9.2,-8.4
c1(C2=C(c3cccc(c3)Cl)C(=O)NC2=O)ccnc(NC2CCOCC2)c1,0.793382813,2.579779216,383.835,2.8931,-9,-9
c1c(C2C(NC(C=2c2cc(NC3CCOCC3)ncc2)=O)=O)ccc(Cl)c1,0.793382813,2.530676849,383.835,2.8931,-8.8,-9.1
O(C)c1cc(C2C(NC(C=2c2ccnc(NC3CC3)c2)=O)=O)ccc1,0.819235109,2.409685256,335.363,2.2317,-8.5,-8
c1(ccnc(NC2CCN(C(=O)C)CC2)c1Cl)-c1ccccc1,0.930570209,2.19119292,329.831,3.8248,-8,-8.7
c1cc(C(N)=O)cc(c1)C1C(NC(=O)C=1c1cnccc1)=O,0.814939432,2.28330698,293.282,0.7477,-8.4,-8
c1(C(=O)N)cc(NC(=O)C2CNCCC2)nc(c1)-c1cc(ccc1)Cl,0.7815093,2.76015344,358.829,2.439,-9,-8.3
c1(NC2CCOCC2)nccc(C2C(NC(=O)C=2c2ccc(F)cc2)=O)c1,0.81135624,2.535260281,367.38,2.3788,-9.1,-9
c1[nH]c2c(ccc(-c3cn(C)nc3)c2)c1C1=Cc2c(cccc2)C1=O,0.597029405,2.588882216,325.371,4.3053,-9.4,-9.5
C1(CCCCC1)Nc1cc(ccn1)C1=C(c2cc(c(cc2)F)F)C(NC1=O)=O,0.79062104,2.524018506,383.398,3.6716,-9.8,-9.2
C1C(CCC(Nc2nccc(c2)-c2n[nH]c(C3CC3)n2)C1)NC1CCOCC1,0.710887773,2.786446099,382.512,3.2358,-8.6,-8.8
C1CC1C(Nc1cc(ccn1)C1C(=O)NC(C=1c1sccc1)=O)=O,0.834733854,2.556624659,339.376,2.0588,-8,-7.8
C(C)CC1C(NC(C=1c1cn(C)c2ccc(cc12)Br)=O)=O,0.867566518,2.690831949,347.212,3.1509,-7.9,-7.4
c1c(C(NCc2ccc(cc2)F)=O)ccnc1NC1CCC(O)CC1,0.780376631,2.119505082,343.402,2.8661,-8.7,-8.7
COc1ccc(c(c1)C1C(=O)NC(C=1Nc1ccccc1)=O)OC,0.824570041,2.161634614,324.336,2.1834,-8,-7.7
c1cc(C2C(=O)NC(C=2c2cc(NC3CCOCC3)ncc2)=O)ccc1F,0.81135624,2.535260281,367.38,2.3788,-9.2,-8.9
n1cc(cnc1NC1CCOCC1)-c1ccnc(NC2CCCC2)c1,0.868770158,2.492075852,339.443,3.484,-8.2,-7.9
N(c1c2cc(c(cc2[nH]n1)F)F)C(=O)CCC,0.864375264,2.285735649,239.225,2.5797,-7.1,-6.8
c1cc(C2=C(C(NC2=O)=O)c2ccc(cc2)N2CCNCC2)cc(C)c1,0.833698267,2.308555028,347.418,1.97182,-9.6,-9.4
O=C1C(=C(C(N1)=O)c1cc(ncc1)NC1CCCCC1)c1ccccc1,0.831840219,2.344705805,347.418,3.3934,-9.1,-8.7
c1(Cl)cc(c(C2=C(C(=O)NC2=O)c2cc(ncc2)NC2CCCC2)cc1)Cl,0.748155491,2.495073215,402.281,4.3101,-8.3,-8.5
O=C1C(c2cc(OC)c(c(OC)c2)OC)=C(C(=O)N1)c1cc(NC2CCOCC2)ncc1,0.632889391,2.696039511,439.468,2.2655,-9.3,-7.9
C(CCCC)C(=O)Nc1nccc(C2=C(c3cccc(c3)Cl)C(NC2=O)=O)c1,0.54873773,2.389783397,397.862,3.821,-8.8,-7.9
c1ccnc(NCCCC)c1C1=C(c2ccnc(NC3CCC3)c2)C(=O)NC1=O,0.472321719,2.68797836,391.475,3.2202,-8.5,-7.6
O=C(CCC)Nc1ccc(cc1)N1CC2C(C1=O)C2,0.901216638,2.933380937,258.321,2.4079,-7.2,-6.8
c1(cc(C2C(NC(C=2Nc2ccc3ccccc3c2)=O)=O)ccc1)Cl,0.703969247,2.193470467,348.789,3.9728,-9.2,-8.8
c1cnc(N2CCC(CC2)COC)nc1C1C(=O)NC(=O)C=1c1ccc(cc1)Cl,0.75961399,2.600879379,412.877,2.56,-8.9,-8.3
c1c(Nc2cc(C3C(NC(=O)C=3c3cc(F)c(cc3)F)=O)ccn2)ccc(c1)F,0.659419875,2.412329837,395.34,3.8097,-10.2,-9.4
c1(cccc(c1)C1C(NC(=O)C=1c1ccc(cc1)F)=O)F,0.861840499,2.065191991,285.249,2.532,-8.2,-7.6
c1c(cc2c(c1)ncc(C=C1C(=O)NC(NC1=O)=S)c2)Cl,0.477855778,2.578835015,317.757,1.8025,-8.4,-8
c1cc(C2=C(C(NC2=O)=O)c2ccc(cc2)Cl)cc(n1)NC1CCCC1,0.808919745,2.395863336,367.836,3.6567,-8.8,-8.9
C1CC1Nc1nccc(c1)C1C(=O)NC(C=1c1ccc(F)cc1)=O,0.847539882,2.386561311,323.327,2.3622,-8.3,-8.1
C1OCCC(Nc2cc(C3=C(C(=O)NC3=O)c3ccccc3)ccn2)C1,0.827718733,2.476063902,349.39,2.2397,-9.1,-8.6
C1(=C(c2cccc(OC)c2)C(NC1=O)=O)c1ccnc(c1)NC1CCC1,0.811326201,2.423697473,349.39,2.6218,-8.9,-8.1
C1(Nc2cc(ccn2)Cl)C(NC(C=1c1cc(NC2CCC2)ncc1)=O)=O,0.700911209,2.779704541,369.812,2.574,-8.6,-8
c1ccc(c(F)c1)C1C(NC(C=1c1c[nH]c2ccc(F)cc21)=O)=O,0.711932283,2.337782125,324.286,3.0133,-8.6,-8.6
c1(NC(c2cn(c3c2cccn3)C)=O)nccc(c1)-c1ccncc1,0.625873518,2.321044492,329.363,3.2826,-9.2,-8.8
c1cccc(Nc2nccc(c2)C2=C(C(NC2=O)=O)c2ccc(cc2)OC)c1,0.672135159,2.221624639,371.396,3.401,-9.6,-8.9
c1nc(ccc1C1=C(c2cc(NC3CCOCC3)ncc2)C(NC1=O)=O)NC1COC1,0.600702519,2.968982165,421.457,1.4454,-9,-9
c1c(Cl)ccc(C2=C(c3cc(ncc3)NC3CCOCC3)C(=O)NC2=O)c1,0.793382813,2.530676849,383.835,2.8931,-8.8,-9
c1c2c(cc(-n3c([nH]nc3-c3ccnc(c3)NC3CCOCC3)=O)c1)cccc2,0.560847365,2.543330396,387.443,3.3667,-9.4,-9.8
N1C(=O)C(c2cn(c3ccccc23)C)=C(c2cc(N)ncc2)C1=O,0.704067956,2.519958822,318.336,1.7227,-8.5,-8.3
C1OCCC(c2sc(c(n2)NC(=O)C)-c2scc(-c3ccccc3)n2)C1,0.701485043,2.659295886,385.514,4.786,-8.3,-8.6
c1nc(NC2CCOCC2)cc(-c2n[nH]c(=O)n2-c2cc3c(cc2)cccc3)n1,0.5578996,2.65978782,388.431,2.7617,-9.8,-9.5
C1(=O)CCC(CC1)Nc1nccc(-c2nc(ncc2)Nc2ccc(F)cc2)c1,0.688307312,2.428855199,377.423,4.3449,-9.3,-8.3
c1(C(N)=O)cncc(c1)C1=C(C(NC1=O)=O)c1ccc(Cl)cc1,0.831685868,2.371954917,327.727,1.4011,-8.1,-8
CNC(=O)NC1CCC(CC1)Nc1c2c(cccn2)nc(c1)-c1ccc(cc1)F,0.623870116,2.386231405,393.466,4.088,-9.1,-8.5
O=c1n(C(C)C)c2c(cnc(NC3CCOCC3)c2cc1)Cl,0.942713023,2.737590355,321.808,3.2217,-7.6,-7.3
n1[nH]c(n2nc(cc2c1)C1CCC(CC1)O)=O,0.749420465,3.11318024,234.259,0.4361,-7.1,-7.5
c1ccc(cc1)C1=C(C(NC1=O)=O)c1cc(ncc1)Nc1ccccc1,0.713725077,2.168713902,341.37,3.3924,-9.2,-8.8
[nH]1c2c(cc(cc2)NC2CCOCC2)nc1-c1ccc(F)cc1,0.769538173,2.19144294,311.36,3.9599,-8.6,-8.6
C1(c2cc(NC3CCOCC3)ncc2)C(=O)NC(C=1c1ccc(Br)cc1)=O,0.732489739,2.578291642,428.286,3.0022,-8.8,-9.1
C1(=C(c2ccnc(NC3COCC3)c2)C(NC1=O)=O)c1ccc(F)cc1,0.821980809,2.998303022,353.353,1.9887,-8.5,-8.6
n1c(ccnc1C)Nc1cccc(-c2nc([nH]n2)-c2ccc(F)cc2)c1,0.580971748,2.318226858,346.369,4.11982,-9.3,-8.8
c1cc(C2=C(c3c(cccc3)F)C(NC2=O)=O)c(Cl)cc1,0.866674616,2.061223542,301.704,3.0463,-7.7,-7.8
c1c(C2=C(C(=O)NC2=O)c2cc(cc(NC3OCCC3)c2)C(=O)O)cccn1,0.679195426,3.256441962,379.372,1.8954,-9.4,-8.3
n1c(ncc2ccn(c21)C(C)C)NC1CCC(NC(NC(C)C)=O)CC1,0.764322767,2.645072482,358.49,3.4429,-7.9,-7.9
C1CNc2cc(C3=C(C(NC3=O)=O)c3cc(NC4CCC(O)CC4)ccc3)ccc2CC1,0.554244112,2.762794497,431.536,3.7174,-9.7,-11
C1CC(Nc2nccc(c2)-c2n[nH]c(n2-c2cc3c(cc2)cccc3)=O)CC(C1)N,0.486933374,3.307943847,400.486,3.4576,-9.3,-9.2
C1(c2ccc(cc2)F)=C(c2cc(NC3CCOCC3)ncc2)C(NC1=O)=O,0.81135624,2.535260281,367.38,2.3788,-9,-9
C1C(CCOC1)Nc1nnc2cnc(-c3ccncc3)cn12,0.793557356,2.761592588,296.334,1.7772,-7.7,-7.4
Clc1cc(C2C(NC(=O)C=2c2ccnc(NC3CCCC3)c2)=O)ccc1,0.808919745,2.446929797,367.836,3.6567,-9,-8.8
n1[nH]c2n(c(c3c(ccc(Br)c3)c2c1)=O)NC1CCN(CC1)C1CCOCC1,0.647535126,3.051124993,446.349,2.8272,-9,-8.8
C1CC(NC(=O)C)CCC1NC1CCC(Nc2ncc3cnn(c3n2)C)CC1,0.729520502,2.721569938,385.516,2.1233,-8.6,-8.4
n1c2ccnnc2n(C(C)C)c1-c1c(NC(=O)C2CC2)nccc1,0.798014673,2.723759953,322.372,2.8177,-7.9,-7.6
O=C1C(c2c3c(n(C)c2)cccc3)=C(C(N1)=O)c1cnc(NC2CCOCC2)cc1,0.655750862,2.685758383,402.454,2.7314,-8.9,-8.4
c1(OC)cc(ccc1)C1C(NC(C=1N1CCOCC1)=O)=O,0.815248097,2.32836439,288.303,0.3949,-7.6,-7.3
C1(=C(C(=O)NC1=O)c1cc(ncc1)NC1CCCC1)c1cccc(c1)Cl,0.808919745,2.446929797,367.836,3.6567,-9,-8.8
C(N)(=O)c1cc(ccc1-c1cc[nH]c1)NC(=O)CCC,0.779796016,2.305836125,271.32,2.5192,-6.9,-7.1
C1(=O)C(=C(c2ccc(F)cc2)C(N1)=O)c1ccnc(NC2CCOCC2)c1,0.81135624,2.535260281,367.38,2.3788,-9,-8.9
c1c(OC2CCC2)cc2c(c1)c(NC(CCC)=O)n[nH]2,0.878474341,2.289059115,273.336,3.2328,-7.6,-7.1
Clc1cccc(c1)C1=C(C(NC1=O)=O)c1c2c(ccc(c2)F)[nH]c1,0.70100851,2.348834614,340.741,3.5276,-8.6,-8.1
c12cccnc1n(C(C)C)cc2-c1ccnc(NC2CCOCC2)c1,0.77286217,2.608816884,336.439,4.2701,-8.4,-8.2
C(CC)Cc1cc(C2=C(C(NC2=O)=O)NC(Cc2ccccc2)=O)ccc1,0.743904525,2.247178509,362.429,2.7556,-8.1,-7.9
Fc1c(-c2cc3c(NC(=O)CCC)n[nH]c3cc2)cccc1F,0.756056015,2.239640838,315.323,4.2467,-8.6,-8
O=C1NC(C(=C1c1cccc(c1)C(N)=O)c1ccnc(NC2CCOCC2)c1)=O,0.659982577,2.636238786,392.415,1.3386,-9.6,-8.8
O=C1C(c2cccc(NC3CCOCC3)c2)=C(C(=O)N1)c1cc(OC)c(OC)c(c1)OC,0.642089091,2.563326408,438.48,2.8705,-8.7,-7.9
C1CN(CCO1)C(Nc1cc(ccn1)C1C(NC(C=1c1ccc(cc1)F)=O)=O)=O,0.768779195,2.48551089,396.378,1.652,-9.5,-8.9
c1(NC2CC2)nccc(C2C(=O)NC(C=2c2ccc3c(c2)OCO3)=O)c1,0.820367332,2.579007336,349.346,1.9518,-9.1,-8.5
c1c(cccc1)-c1nc2n(c(c1)=O)c1cc(NC3CCC3)ccc1n2C,0.614637906,2.422556874,344.418,3.8176,-8.9,-9
c1c(nccc1C1=C(C(NC1=O)=O)c1ccc(cc1)F)NC1CCOCC1,0.81135624,2.535260281,367.38,2.3788,-9.1,-8.8
FC1C(=O)NC(=O)C=1N1CCN(c2nccc(n2)-c2cc(ncc2)NC2CCCC2)CC1,0.683544818,2.877464472,437.479,1.8526,-10,-8.9
COc1ccc(cc1OC)C1=C(C(NC1=O)=O)c1cc(ncc1)NC1CCOCC1,0.706297347,2.582962405,409.442,2.2569,-9.4,-8.7
c1cc(C2(C(NC(C2)=O)=O)c2cc(NC(NC3CCOCC3)=O)ncc2)ccc1,0.684289814,3.232859751,394.431,1.7147,-9.8,-9.4
c12cc(cnc1[nH]nc2NC(=O)CCC)-c1cccc(c1)F,0.774075026,2.288402478,298.321,3.5026,-8.2,-7.9
COc1c(cccc1)C1C(=O)NC(C=1c1ccnc(NC(C2CC2)=O)c1)=O,0.792205771,2.353356529,363.373,2.0059,-8.3,-8
N(C1CCOCC1)C(=O)COc1cccc(-c2ccc(nc2)NC(C)C)c1,0.783847717,2.275012944,369.465,3.2429,-8.5,-8.2
n1cccc(c1)CC1C(NC(=O)C=1c1cc(ccc1)Cl)=O,0.885224623,2.406191313,298.729,2.3877,-7.7,-7.7
c1cccc(C2C(NC(C=2c2ccc(cc2)Cl)=O)=O)c1,0.861575163,1.908418629,283.714,2.9072,-8.1,-7.7
c12cc(ccc2c(n[nH]1)NC(C1CC1)=O)-c1ccc(cc1)Cl,0.7600986,2.046178302,311.772,4.2318,-8,-8.1
c1cc(ccc1Nc1nccc(C2=C(CCCC2)c2ccc(F)cc2)n1)F,0.619199225,2.240997043,363.411,5.9832,-9.9,-8.8
[nH]1nc(-c2ccnc(NC3CCCCC3)c2)n(-c2cc3c(cccc3)cc2)c1=O,0.541504159,2.427246496,385.471,4.5204,-9.3,-9.8
c1c(C2=C(C(=O)NC2=O)c2ccnc(NC3CCCC3)c2)ccc(c1)OC,0.798456144,2.377005843,363.417,3.0119,-9.2,-8.5
O=C1C(c2cc(NC3CCOCC3)ncc2)=C(C(N1)=O)c1ccc(Cl)c(Cl)c1,0.742939941,2.633025814,418.28,3.5465,-9.1,-9.4
c1(cc(C(N)=O)ccn1)NC(C1CC1)=O,0.754264816,1.928462199,205.217,0.529,-6.3,-6
c1(cc(NC2CCC2)ncc1)-c1cc(CO)c(nc1)C(=O)N,0.779603028,2.545506236,298.346,1.6992,-7.9,-7.7
c1(ccnc(NC2CCC(NC(=O)NC3CCCC3)CC2)c1)-c1conc1C,0.725450057,2.708120303,383.496,4.00992,-9.2,-8.4
c1(C2C(NC(=O)C=2c2c(F)cccc2)=O)ccnc(NCCCC)c1,0.626864947,2.398766296,339.37,2.9999,-7.9,-7.6
O=C(C1CC1)Nc1cc(ccn1)C1C(=O)NC(C=1c1ccccc1)=O,0.837779569,2.279880489,333.347,1.9973,-8.5,-8.4
c1c(OC)ccc(C2=C(C(NC2=O)=O)c2cn(c3ccccc32)C)c1,0.750397967,2.197917108,332.359,2.7541,-8.2,-8.4
c1(cc(ncc1)NCCN)-c1ccc2C(NC(c3ccccc3)=O)C(Nc2c1)=O,0.519700723,2.884103157,387.443,2.5424,-8.9,-8
O=C(N)c1ccc(C2C(NC(C=2c2cc(ncc2)NC2CCOCC2)=O)=O)cc1,0.659982577,2.590015987,392.415,1.3386,-9.6,-9.5
c1(nc(cc(-c2ccc(F)cc2)n1)NC1CCCCC1)Nc1ccc(F)cc1,0.577653158,2.110265331,380.442,5.91,-9.6,-8.1
O=C(N)c1c(cc(cc1)NC1CCOCC1)OC,0.846434811,2.061610901,250.298,1.385,-6.5,-7.1
O=C(Nc1nccc(-c2nc([nH]c2-c2ccc(cc2)F)-c2cc(O)ccc2)c1)C,0.476156403,2.368999676,388.402,4.6088,-9.7,-8.5
N(c1cc(nc(-c2ccc(F)cc2C)c1)C1CCOCC1)c1ncccc1,0.689497864,2.530854881,363.436,5.22872,-9.5,-8.6
c1cc(CO)ncc1Oc1ccc(NC(=O)C2CC2)nc1,0.878569935,2.210358236,285.303,2.1097,-7.5,-6.6
c1cc(ccc1C1=C(C(NC1=O)=O)c1cc(NC2CCOCC2)ncc1)Cl,0.793382813,2.530676849,383.835,2.8931,-8.8,-9.1
O=C1C(c2ccc(F)cc2)=C(C(N1)=O)c1cc(ncc1)NC1CCOCC1,0.81135624,2.535260281,367.38,2.3788,-8.9,-9
c1cc(C2C(=O)NC(C=2c2cccc(C(N)=O)c2)=O)cnc1NC1CCC1,0.700781539,2.49257414,362.389,1.7121,-9.8,-8.1
C1(C(NC(C=1c1ccnc(NC2COC2)c1)=O)=O)c1ccc(nc1)NC1CCOCC1,0.600702519,2.968982165,421.457,1.4454,-8.9,-7.7
c1c(cnc(NC(=O)CC)c1)-c1cc(ncc1)NC1COCC1,0.887495064,2.826062821,312.373,2.6929,-8,-8
c1c(cc(cc1)-c1cc(NC(=O)C2CC2)ncc1)C(=O)N,0.900461031,1.937631365,281.315,2.196,-8.1,-7.9
Cc1ccccc1-c1cc(Nc2cc(C)nc(c2)C(O)=O)ncc1,0.753463206,2.199744116,319.364,4.20224,-8.9,-8.9
c1(Cl)cc2c(cc1)n(-c1cc3c(nccc3)cc1)cc2C1=C(C(=O)NC1=O)Cl,0.499179954,2.609589468,408.244,4.4384,-10.1,-9.5
c1(cc2-c3c(c[nH]c3C(NCCCN3CCOCC3)=O)C(=O)Nc2cc1)Cl,0.583814545,2.623962648,388.855,2.1149,-8.4,-8.7
c1(cc(ccn1)C1C(NC(=O)C=1c1ccc(C#N)cc1)=O)N(C)C,0.868538756,2.541499164,318.336,1.58648,-8.2,-8.1
n1c(N2CCC(CC2)NC(NC)=O)nccc1-c1cc(ncc1)Nc1ccccc1,0.605674486,2.390163019,403.49,3.18,-9.6,-8.9
c1cc(cc(C2=C(C(NC2=O)=O)c2ccc(Cl)c(C)c2)c1OC)OC,0.853125026,2.239350233,357.793,3.23282,-7.8,-7.6
c1cc(cc(C2C(=O)NC(C=2c2cc(C3CC3)ccc2)=O)c1)C(=O)N,0.841481631,2.304556731,332.359,2.2301,-9.1,-9
c1c(cccc1C(C)=O)C1C(=O)NC(=O)C=1c1ccc(Cl)cc1,0.696370015,2.105249869,325.751,3.1098,-8.3,-8.2
c1(C2C(=O)NC(C=2c2ccnc(NC3CCC3)c2)=O)ccc(cc1)F,0.841806812,2.399366946,337.354,2.7523,-8.7,-8.4
c1(NC(C2CC2)=O)nncc(C2=C(c3ccc(cc3)F)C(=O)NC2=O)c1,0.812925929,2.57528028,352.325,1.5314,-8.9,-8.5
c1ccccc1NC1=C(Cc2ccncc2)C(NC1=O)=O,0.834760798,2.370993936,279.299,1.6467,-7.2,-7.2
c1cccc(c1)C1=C(c2ccc(F)c(F)c2)C(=O)NC1=O,0.861840499,2.069984168,285.249,2.532,-8.1,-8
CC(C)NC(NC1CCC(Nc2ncc3c(n2)n(C(C)C)cc3C(N)=O)CC1)=O,0.591479277,2.699154729,401.515,2.5418,-8.4,-8.1
O=C1C(=C(C(=O)N1)c1ccnc(NC2CCOCC2)c1)c1ccc(cc1)Cl,0.793382813,2.530676849,383.835,2.8931,-8.8,-8.9
C(C(=O)Nc1n[nH]c2cc(c(Cl)cc12)-c1cnn(c1)C)CC,0.774417554,2.573281174,317.78,3.3554,-7.5,-7.4
c1(NC2CCCC2)nccc(-c2nc3ccnc(c3[nH]2)NC2CCOCC2)c1,0.62270582,2.780303149,378.48,3.9653,-9.2,-8.4
c1(cc(NC2CCC2)ncc1)-c1cc(NC(=O)C2CC2)ncc1,0.887464199,2.233409004,308.385,3.4565,-8.1,-7.4
N(c1nccc(-c2cc(Nc3ccc4c(OCO4)c3)ncc2)c1)CCO,0.629586729,2.382016103,350.378,3.0201,-8.5,-8.6
c1c(cc(NC2CNC2)nc1)C1=C(C(=O)NC1=O)c1ccc(Cl)cc1,0.727683907,2.57173596,354.797,1.6859,-8.3,-8.2
C(C)(=O)Nc1n[nH]c2ncc(C=C3C(=O)NC(=O)NC3=O)cc12,0.440612626,2.871418138,314.261,-0.3343,-8.9,-8.2
c1(CC)c(OC)ccc(C2C(=O)NC(=O)C=2c2ccc(Cl)cc2)c1,0.86615341,2.176539348,341.794,3.4782,-8.4,-8.5
CC(n1cc(c2c1ccc(-c1cc(ncc1)Nc1ncccc1)c2)C1CCOCC1)=O,0.48624977,2.676164059,412.493,5.396,-10,-9.6
N(c1cc(ncc1)C1=C(N2CCCC2)C(=O)NC1=O)c1cc(ccc1)C(N)=O,0.677990928,2.628011775,377.404,1.3874,-9.6,-8.6
OC(c1c(C)c2ccc(nc2nc1)NC1CCC(CC1)O)=O,0.805182865,2.595691844,301.346,2.35182,-7.9,-8
c1ccc(C2=C(c3ccccc3OC)C(=O)NC2=O)c(c1)Cl,0.886465322,2.025612191,313.74,2.9158,-7.8,-7.4
C1(c2cc(ncc2)NCC(C)C)=C(c2ccc(cc2)F)C(=O)NC1=O,0.821948554,2.423819588,339.37,2.8558,-8.3,-8
C1N(Cc2ccc(cc2)F)CCN(C1)CC(=O)Nc1ccc(F)c(F)c1,0.887425496,1.800158388,363.383,2.8602,-8.2,-7.6
O=C1NC(=O)C(=C1c1cccc(CN)c1)c1ccnc(NC2CCOCC2)c1,0.683979764,2.65827763,378.432,1.6984,-9,-8.7
O=c1nc(nc(NC2CCOCC2)n1C)NC1CCC(CC1)NC(=O)NC1CCCC1,0.538838894,2.810342165,433.557,1.7311,-9.4,-8.7
N1C(=O)C(c2cc(ccc2)F)=C(C1=O)c1ccnc(NC2CCCC2)c1,0.830425976,2.456118105,351.381,3.1424,-9.1,-8.7
c12cc(ccc1OCO2)Nc1nc(C)cc(-c2c(cc3OCOc3c2)Cl)c1,0.693957631,2.434343683,382.803,4.91142,-9.2,-9
O=C1NC(C(=C1Nc1cccc(Cl)c1)c1cc(ncc1)NC1CCCC1)=O,0.688426007,2.524492234,382.851,3.5691,-8.5,-8.3
c1(-c2cc(ncc2)NC2CCN(CC2)C(=O)C)ccc2ccccc2c1,0.768586289,2.104471392,345.446,4.3246,-9.6,-9.3
c1(C2=C(c3ccc(cc3)Cl)C(NC2=O)=O)ccnc(NC2CCCCC2)c1,0.783688512,2.402686909,381.863,4.0468,-9,-9.1
c12ccccc1c1ccccc1n2CC=CCOc1cc(ccc1)C(=O)N,0.516150565,2.188763742,356.425,4.5286,-8.5,-8.4
c1(C2C(=O)NC(C=2c2cc(ncc2)NC2CCC2)=O)cc(ccc1)OC,0.811326201,2.423697473,349.39,2.6218,-8.9,-8.3
c1(-c2ccnc(Nc3ccnc(NC4CCCCC4)c3)c2)sc(c(C#N)c1)O,0.548390921,2.859193661,391.5,5.27058,-8.9,-8.9
c1(NC2C(=O)NC(=O)C=2c2cc(nc(NC3CCCCC3)c2)C)ccc(cc1)Cl,0.641027342,2.551874004,410.905,4.26762,-9.1,-8.9
c1(nccc(NC2CCC(CC2)C(NC(C)C)=O)c1)NC1CCCC1,0.731356854,2.33984739,344.503,3.9314,-8.1,-8.2
O=C1C(c2ccc(cc2)F)=C(C(N1)=O)c1cc(NC2CCOCC2)ncc1,0.81135624,2.535260281,367.38,2.3788,-9,-8.7
N1C(=O)C(=C(Nc2ccccc2)C1=O)c1cc(Nc2ccccc2)ncc1,0.611111938,2.266396848,356.385,3.3048,-8.9,-8.6
c1cc(cc(F)c1N1CCOCC1)C1C(NC(C=1c1c(cccc1)Cl)=O)=O,0.824010951,2.331956531,386.81,2.8829,-8.1,-8
c1(cc(ncn1)NC1CCC(NC(NC(C)C)=O)CC1)-c1ccccc1,0.767633286,2.235067028,353.47,3.5743,-8.7,-8.6
C1CC(CCC1N1CCC(CC1)n1c(=O)[nH]c2ccc(cc12)F)N(C)C,0.915202011,2.506179386,360.477,2.9784,-8.1,-8.8
c1(cocc1)CC1C(NC(C=1c1ccc(Cl)c(Cl)c1)=O)=O,0.882720105,2.733562264,322.147,3.2391,-7.7,-7.8
c1c(cccc1Cl)C1C(NC(=O)C=1c1cc(OC)ccc1)=O,0.886465322,2.08674966,313.74,2.9158,-7.7,-7.8
c1cc(ccc1C1C(=O)NC(C=1c1ccnc(NC2CCOCC2)c1)=O)Cl,0.793382813,2.530676849,383.835,2.8931,-8.8,-9
c1cnc(c(NC2CCC(CC2)NC(NC(C)C)=O)n1)-c1ccnn1Cc1ccccc1,0.526341807,2.663283827,433.56,3.8191,-8.2,-8.3
c1c(C2C(NC(C=2c2ccnc(c2)NC2CCC2)=O)=O)cc(cc1)F,0.841806812,2.45798103,337.354,2.7523,-8.9,-8.2
c1(nc(sc1)-c1n[nH]c(n1-c1cc2ccccc2cc1)=O)N1CCOCC1,0.592273075,2.646102116,379.445,2.6739,-9.6,-10.3
C1CC1C(=O)Nc1cc(ccn1)C1C(NC(=O)C=1c1cccc(c1)Cl)=O,0.813018404,2.392941607,367.792,2.6507,-8.8,-8.6
c1c(NC(C)C)ncc(C2=C(C(NC2=O)=O)c2cccc(F)c2)c1,0.847843609,2.45990192,325.343,2.6082,-8.3,-7.8
c1(cn(CCCO)c2c1cccc2)-c1ccnc(NCC2CCOCC2)c1,0.666117574,2.477544231,365.477,3.9242,-8.6,-8.1
c1(cc(C2C(NC(C=2c2ccnc(c2)NC2CCOCC2)=O)=O)ccc1)C(=O)N,0.659982577,2.636238786,392.415,1.3386,-9.6,-8.8
O=C1NC(=O)C(c2ccccc2)=C1c1cc(ncc1)NC1CCOCC1,0.827718733,2.476063902,349.39,2.2397,-8.7,-8.7
NC1=NC(C(=Cc2cc(ncc2)NC2CCCC2)S1)=O,0.834584511,2.601289005,288.376,2.3651,-7.4,-7.1
c1ccc(Cl)c(c1F)C1=C(C(NC1=O)=O)c1cn(C)c2c1cccc2,0.715592679,2.396766181,354.768,3.538,-8.9,-8.5
c1c(c(ccc1Cl)-c1cc2c(n[nH]c2cc1Cl)C(NC1CCCC1)=O)F,0.631580184,2.379563793,392.261,5.3482,-9.1,-8.4
C1(c2cc(NC3CCCCC3)ncc2)C(NC(C=1c1ccc(F)cc1)=O)=O,0.813387824,2.407270341,365.408,3.5325,-9.5,-9.1
c1cccc(c1C1C(NC(C=1c1ccc(C2CCCCC=2)cc1)=O)=O)C(=O)N,0.807099109,2.454207929,372.424,3.3101,-8.9,-8.6
c1(C2=C(c3ccc(F)cc3)C(NC2=O)=O)ccnc(c1)NC1CCCC1,0.830425976,2.400630105,351.381,3.1424,-9,-8.7
O=C(CCC)Nc1c2c(nc3ccc(cc31)Cl)ccc(c2)Cl,0.649156278,2.002290355,333.218,5.4334,-8,-7.5
O=C1C(=C(C(=O)N1)c1ccnc(c1)NC1CCC1)c1cc(ccc1)OC,0.811326201,2.423697473,349.39,2.6218,-8.8,-7.9
N1C(=O)C(=C(C1=O)c1ccnc(NC2CCC(CC2)OC)c1)c1cccc(c1)OC,0.715794337,2.613866698,407.47,3.0269,-8.8,-9.5
C1CCC(NC(CC)=O)CC1Nc1c2c(ncc1)[nH]nc2NC(=O)CC,0.633949867,3.477230229,358.446,2.5557,-7.7,-7.4
c1cc(ccc1O)C=C1C(=O)NC(NC1=O)=NC1CCCCC1,0.573240527,2.880311801,313.357,1.7103,-8.3,-7.7
[nH]1nc(c2cc(-c3ccc(F)cc3)cnc12)NC(CCC)=O,0.774075026,2.228756324,298.321,3.5026,-8.3,-8
C1(c2ccc(F)cc2)=C(c2ccc(F)cc2)C(NC1=O)=O,0.861840499,1.960878592,285.249,2.532,-8.1,-7.6
c1c(ccc(n1)N)-c1cc(ncc1)NC1CCC(O)CC1,0.805916128,2.379887252,284.363,2.4412,-8,-7.9
c1c(cc(-c2cc3c(CC(NC3=O)=O)[nH]2)cc1)C(N)=O,0.69472766,2.561361949,269.26,0.5931,-8.5,-8.1
c1c(F)ccc(C2=C(N3CCCC3)C(=O)NC2=O)c1,0.815111028,2.237313046,260.268,1.289,-7.2,-7
CCCCC(Nc1nc(-c2cc(Nc3ncccc3)ccc2)ccn1)=O,0.661557613,2.157298113,347.422,4.4109,-8.4,-7.7
c1(ccnc(c1)NC1CCC(CC1)NC(C)=O)Nc1ccc(cc1)F,0.772655023,2.201478159,342.418,3.8235,-8,-8.3
C1(C(=C(c2cc(NC3CCC3)ncc2)C(=O)N1)c1cc(F)ccc1)=O,0.841806812,2.45798103,337.354,2.7523,-8.8,-8.1
C1(c2cc(ncc2)NC2CCOCC2)=C(C(NC1=O)=O)c1ccc(F)cc1,0.81135624,2.535260281,367.38,2.3788,-9,-9
c12c([nH]nc2NC(CCC)=O)nc(cc1)-c1c(F)cc(cc1)F,0.771711686,2.389731016,316.311,3.6417,-8.3,-8.3
c1cc(ncc1C(N)=O)N1CCC(Nc2nccc(c2)-c2ccc(cc2)F)CC1,0.695835193,2.265362724,391.45,3.4625,-9.4,-8.8
C1(C(=O)Nc2cc(C3C(=O)NC(C=3c3ccc(cc3)F)=O)ccn2)CC1,0.826296828,2.34537343,351.337,2.1364,-8.9,-8.5
c1(cccc(c1)C1=C(C(=O)NC1=O)c1ccnc(c1)NC1CCOCC1)Cl,0.793382813,2.579779216,383.835,2.8931,-9,-9.1
c12cccnc1[nH]nc2C(=O)NCCCN1CCC(NC)CC1,0.685208128,2.452177201,316.409,0.7616,-7.3,-7.2
c1c(cc(NC2CCOCC2)nc1)-c1[nH]c(=O)[nH]c(c1)=O,0.772326737,2.6415841,288.307,0.7161,-7.9,-7.7
c1c(C2C(=O)NC(C=2c2cc(ncc2)NC2CCOCC2)=O)cc(cc1C)C,0.801166548,2.663978891,377.444,2.85654,-9.1,-8.4
C1CCCC1Nc1cc(ccn1)C1C(NC(=O)C=1c1ccc(cc1)F)=O,0.830425976,2.400630105,351.381,3.1424,-9.1,-8.7
O=C(N1CCN(C)CC1)CCc1cnc(nc1)-c1cccc(C#N)c1,0.850521058,2.247610852,335.411,1.72188,-8.1,-8.1
c1ccc(cc1)N1CCC(CC1)Nc1nccc(-c2ccnc(c2)Nc2cc(ccc2)F)c1,0.379771596,2.331546697,439.538,6.1072,-9.7,-9.9
c12c(n(cc1C=C1C(NC(NC1=O)=O)=O)-c1ccccc1)cccc2,0.558768155,2.323124313,331.331,2.3799,-9.5,-9.2
c1(Nc2cc(ncc2)NC2CCOCC2)ncc(C2=C(C(NC2=O)=O)c2ccccc2)cc1,0.503799672,2.70225183,441.491,3.3783,-9.8,-9.3
C1(=C(C(=O)NC1=O)c1cc(NC2CCOCC2)ncc1)c1ccc(F)cc1,0.81135624,2.535260281,367.38,2.3788,-9,-9
N1CCOC=1Nc1c2cc(-c3c(F)cccc3F)cnc2[nH]n1,0.762250439,2.980438969,315.283,2.7012,-8.4,-7.9
O=C1NC(C(=C1c1cc(NC2CCCCC2)ncc1)c1ccc(Cl)cc1)=O,0.783688512,2.402686909,381.863,4.0468,-9.3,-9.1
c1(c(F)ccc(-c2nc(ns2)-c2ccnc(c2)NC2CCOCC2)c1)F,0.743857596,2.653411271,374.416,4.1362,-8.8,-8.5
c1(nccc(C2=C(c3ccccc3)C(=O)NC2=O)c1)NC1CCOCC1,0.827718733,2.476063902,349.39,2.2397,-8.7,-8.7
c1c(C(F)(F)F)cc(-c2cc(ncc2)NC(=O)C2CC2)cc1,0.926687455,2.001259801,306.287,4.1159,-8.3,-8.2
O(c1c(cc2c(n[nH]c2n1)NC1CCCCC1)C(=O)Nc1c(F)cccc1)C,0.616838359,2.481898143,383.427,4.1025,-8.9,-8.6
c1cc(ccc1-c1n[nH]c(n1-c1cc2c(cc1)cccc2)=O)C(N)=O,0.604067204,2.106970467,330.347,2.4797,-8.8,-8.7
C1Cc2c(ncc(c2)C2=C(O)C(=O)NC2=O)NC1,0.621485178,2.928746648,245.238,0.3652,-7.6,-7.4
c1(C2C(=O)NC(C=2c2ccc(F)c(OC)c2)=O)c(nc(F)cc1)OC,0.67626748,2.613417122,346.289,1.9442,-8.1,-8
c1(C2=C(c3ccnc(NC4CCC4)c3)C(NC2=O)=O)ccc(c(c1)F)F,0.827634657,2.522467635,355.344,2.8914,-9.1,-8.6
c1c(NC2CCCC2N)nccc1C1C(NC(=O)C=1c1cccc(OC)c1)=O,0.686853573,3.308051782,378.432,1.9491,-9.2,-8.5
c1cccc(c1)N=C1NC(=O)C(=Cc2cccc(O)c2O)S1,0.587949305,2.842457423,312.35,2.9894,-7.9,-7.9
c1c([nH]nc1-c1cc(ncc1)NC(=O)C1CC1)C1CCC1,0.904885385,2.386225159,282.347,3.0877,-7.8,-7.2
c1(C2=C(c3ccnc(NC4CCOCC4)c3)C(=O)NC2=O)cccc(O)c1,0.716234787,2.644270341,365.389,1.9453,-9.1,-8.8
c1c(ccc(n1)NC1CC1)-c1cc(ncc1)NC(C1CC1)=O,0.889071749,2.189402478,294.358,3.0664,-7.9,-7
c1c(c(cc(c1)C=CC(=O)NC1CCC(OC)CC1)OC)OC,0.819284949,2.133775276,319.401,2.7908,-7,-6.8
c1ccc(C2C(NC(C=2c2ccc(F)cc2)=O)=O)cc1NC1CCOCC1,0.816696224,2.380428329,366.392,2.9838,-8.8,-9.2
C(C1CCOCC1)c1cc(ncn1)Nc1cc(ncc1)-c1sc(C(=O)N)cc1,0.662907386,2.81972368,395.488,3.4117,-8.6,-8.3
C1COCCC1CNc1ncc2c(n1)n(c(=O)cc2)C(C(N)=O)C,0.832862139,3.180671622,331.376,0.6763,-8,-7.7
C1CCCC1Nc1nccc(-c2c([nH]nc2-c2ccccc2)N)c1,0.676849572,2.406758914,319.412,4.0754,-8.5,-8
N1C(=O)C(c2ccc(C(N)=O)cc2)=C(c2ccc(F)cc2)C1=O,0.841772581,2.072815254,310.284,1.4918,-8.2,-8.2
N1C(=O)C(=C(C1=O)c1cc(ccc1OC)OC)c1nc(NC2CCC2)ccn1,0.739320542,2.621738022,380.404,2.0254,-8.6,-7.8
O(C)c1c(OC)cc2c(c1)c(ncn2)Nc1ccnc(c1)NC1CCC1,0.699754688,2.321107028,351.41,3.75,-8.1,-7.5
c1(ncnc2c1cc(s2)-c1cccc(Cl)c1)NC1CCOCC1,0.753041788,2.414561492,345.855,4.6026,-8.5,-8
c12cc(-c3c4c(on3)ccc(F)c4)ccc1c(NC1CCOCC1)ncn2,0.588202874,2.563814423,364.38,4.168,-9.4,-8.9
c1c(ccnc1NC1CCN(C)CC1)C1=C(c2cc(F)ccc2)C(NC1=O)=O,0.796512282,2.560587929,380.423,2.294,-9,-9.1
C1(=O)CCC(CC1)Nc1nccc(c1)-c1ncc(C)c(OC(C)C)c1,0.885816858,2.609397498,339.439,4.16282,-8,-8.3
c1(Cl)ccc(cc1)C1C(=O)NC(C=1c1cc(ncc1)NC1CCOCC1)=O,0.793382813,2.530676849,383.835,2.8931,-8.8,-9
c1c2c(cc(-c3ccnc(NC4COCCC4)c3)c1)OCO2,0.943497878,2.753586568,298.342,3.0682,-8.3,-8.6
n1ccccc1Nc1cc(ccn1)-c1ccnc(c1)NC(=O)C1CCC1,0.729902877,2.266806615,345.406,4.0208,-8.9,-8
c1(C2=C(c3ccc(c(c3)F)F)C(=O)NC2=O)ccnc(NC2CCOCC2)c1,0.790955113,2.648808699,385.37,2.5179,-9.5,-9.2
Fc1cc(ccc1)C1=C(c2cc(ncc2)NC2CCCC2)C(=O)NC1=O,0.830425976,2.456118105,351.381,3.1424,-9.2,-8.6
c1ccccc1Nc1nccc(c1)-c1ccnc(NC(C2CC2)=O)c1,0.73426779,2.063729845,330.391,4.2357,-8.5,-8.2
c1(c(c2c([nH]1)nccc2)C1=C(c2c(cc(cc2)F)F)C(=O)NC1=O)N,0.621099127,2.760682665,340.289,1.9905,-8.9,-8.1
c1c(C2=C(c3ccc(F)cc3)C(=O)NC2=O)ccnc1NC1CCOCC1N,0.688851019,3.434292359,382.395,1.316,-9.1,-8.6
O=C1NC(=O)C(c2ccnc(c2)NCC2CCCO2)=C1c1ccc(F)cc1,0.793447308,2.940367494,367.38,2.3788,-8.9,-8.1
c1ccnc(c1)NC1C(=O)NC(C=1c1c(F)cccc1)=O,0.841077032,2.376491313,283.262,1.7003,-7.8,-7.6
n1cnc(c2cc(c(OC)cc21)OC)NC1CCN(C(C=Cc2ccccc2)=O)CC1,0.61446219,2.320668319,418.497,3.7633,-8.9,-8.9
C(C)(Nc1cc(ccn1)C1=C(C(NC1=O)=O)c1ccc(F)cc1)=O,0.841608043,2.331560473,325.299,1.7463,-8.4,-8.3
O=c1[nH]nc(-c2ccnc(NC3CCOCC3)c2)n1-c1ccc2c(c1Cl)cccc2,0.519523385,2.707403578,421.888,4.0201,-9,-9.7
c1c(ccc(N(CCN2CCOCC2)C)n1)-c1cc(c(O)cc1)Cl,0.900869644,2.331811399,347.846,2.876,-7.7,-7.8
COc1cc(C2=C(c3ccnc(NC4CCCC4)c3)C(=O)NC2=O)ccc1OC,0.733605503,2.456091984,393.443,3.0205,-9.5,-8.5
O=C1NC(=O)C(C1)=Cc1cc(ncc1)NC(C)=O,0.585259294,2.588655734,245.238,0.4699,-7.1,-7.5
c1c(cc(cc1)OC(C)C)C1C(NC(=O)C=1c1cn(CCO)c2c1cccc2)=O,0.634345126,2.48804297,390.439,2.988,-8.4,-8.5
O=C1NC(C(Cl)=C1c1cc(ncc1)NC1CCOCC1)=O,0.822309133,2.736006697,307.737,1.2788,-7.9,-7.5
c1c(C2C(NC(=O)C=2c2ccc(F)c(c2)OC)=O)ccnc1NC1CCC1,0.794625546,2.529854909,367.38,2.7609,-8.8,-8.3
C1CC(CCN1C1CCCC1)Nc1nccc(c1)-c1c(-c2ccc(cc2)F)n[nH]c1,0.620288888,2.704037559,405.521,5.0967,-8.9,-9
c1ccc(Nc2ccc(cc2)Oc2ccnc3c2cc[nH]3)cc1,0.551156597,2.005981913,301.349,5.0988,-8.1,-8.4
c1c(nccn1)Nc1nccc(C2C(=O)NC(C=2c2cc(ccc2)OC)=O)c1,0.660416399,2.570544297,373.372,2.191,-9.2,-8.3
C1CC(CCC1O)Nc1cc(C2C(NC(=O)C=2c2ccccc2)=O)ccn1,0.725633304,2.500573891,363.417,2.3642,-9,-9.4
c1cccc2c1ccc(C1=C(C(=O)NC1=O)c1ccc(cc1)F)c2,0.734837591,2.051723774,317.319,3.5461,-8.8,-8.7
C1(F)CCC(CC1)Cn1cc(c(n1)-c1ccnc(NC2CCC(CC2)N)c1)C1CC1,0.699240622,3.01226024,411.569,5.0326,-8.8,-8.1
N(C1CCCC(C1)N)c1nccc(c1)C1=C(C(=O)NC1=O)c1cccc(Cl)c1,0.690091277,3.348801013,396.878,2.984,-9.6,-8.6
c1cc(Nc2cc(ncc2)NC2CCC2)ccc1N1C(CCC1)=O,0.875907618,2.21465654,322.412,3.9164,-8.1,-8.4
N(C1=C(C(=O)NC1=O)c1cc(ncc1)NC1CCOCC1)c1ccc(Cl)cc1,0.670604368,2.607409254,398.85,2.8055,-8.8,-8.8
c1(c(-c2cc(Nc3ccccc3)ncc2)n[nH]c1)-c1ccnc(NC2CCOCC2)c1,0.418830532,2.792984597,412.497,4.8682,-9.8,-9.3
N(C(C1CCOCC1)=O)c1cc(C2=C(c3cscc3)C(NC2=O)=O)ccn1,0.788084993,2.729198743,383.429,2.0754,-9.1,-8.2
c1c(C2C(=O)NC(C=2c2ccnc(NC3CCCCC3)c2)=O)cccc1,0.831840219,2.344705805,347.418,3.3934,-9,-8.4
C1(C(c2ccc(F)cc2)=C(C(=O)N1)c1c2c([nH]c1C)cccc2)=O,0.712451781,2.271792985,320.323,3.18262,-8.9,-8
c1nc2c(c(cn2C(C)C)C2C(NC(=O)C=2c2cc(ccc2)Cl)=O)cc1,0.71712229,2.556476065,365.82,3.8378,-8.6,-8.2
c1(cncc(C2C(=O)NC(C=2c2ccccc2OC)=O)c1)C(=O)N,0.80678027,2.376345548,323.308,0.7563,-8,-7.7
CCc1c(cnc(NC2CCN(CC2)C(=O)NCC)n1)-c1ccc(F)cc1,0.844556193,2.401011077,371.46,3.4509,-8.2,-8.1
c1cc2c(nc([nH]2)-c2ccnc(c2)NC(CC)=O)cc1-c1n(ccc1)C,0.587306191,2.52657472,345.406,3.9789,-8.4,-8.4
c1(c(C)c(C(=O)N2CCc3c2cc(cc3)F)n[nH]1)-c1ccncc1,0.788323847,2.533124443,322.343,3.12212,-8.7,-8.6
c1(C2C(=O)NC(C=2c2ccc(Cl)cc2)=O)cc(NC(=O)C2NCCCC2)ncc1,0.67181104,2.996305342,410.861,2.3828,-9.4,-9.5
c1(cccc(c1)Cl)C1C(=O)NC(=O)C=1c1ccnc(NC2CCC2)c1,0.827499606,2.448275071,353.809,3.2666,-8.8,-7.7
C1(=C(C(=O)NC1=O)c1ccc(C)cc1)c1cn(c2ccccc21)C,0.73883301,2.202710858,316.36,3.05392,-8.2,-8.6
C1COCCC1Nc1cc(C2C(=O)NC(=O)C=2c2cc(ncc2)NC2CCC2)ccn1,0.618260365,2.836782165,419.485,2.5991,-9.7,-8.8
O=C1C(c2cccc(C(=N)N)c2)=C(C(N1)=O)c1cc(NC2CCOCC2)ncc1,0.347327769,2.735368907,391.431,1.52377,-9.6,-8.9
C1(CCCC1)NC(C1CCCN(C1)c1c2ccncc2[nH]n1)=O,0.911125315,2.906646464,313.405,2.2331,-8,-7.4
C1(NC(=O)C(=C1Cc1cc(NC2CCOCC2)ncc1)c1cccc(c1)Cl)=O,0.758004342,2.733728912,397.862,2.9786,-8.7,-9.2
Fc1c(cc(cc1)NC1C(=O)NC(C=1c1cccc(c1)OC)=O)F,0.845277517,2.261484469,330.29,2.453,-8.1,-8.2
C1CCC(C1)NC(=O)C1C(NC(=O)C=1c1cc(OC)ccc1)=O,0.645118967,2.345634211,314.341,1.164,-8,-8
c1ccccc1C1=C(CN(C1)C(NCC)=O)c1cc(C(N)=O)ccn1,0.896342743,2.568104757,336.395,2.1364,-8.8,-7.8
C1(C(=C(Nc2ccc(cc2)Cl)C(=O)N1)c1cc(NC2CCOCC2)ncc1)=O,0.670604368,2.607409254,398.85,2.8055,-8.8,-8.5
C1(C(NC(=O)C=1c1ccnc2c1ccc(=O)n2C)=O)c1ccccc1,0.72172331,2.447769979,331.331,1.5007,-8.8,-8.8
c1(ccc(Br)cc1)C1C(NC(C=1c1cc(NC2CCCCC2)ncc1)=O)=O,0.720949342,2.450301701,426.314,4.1559,-9.1,-9.1
c12cnc(N3CCN(C)CC3)cc2c(n[nH]1)NC(=O)CCC,0.893627435,2.466875006,302.382,1.4483,-7.7,-7.1
N1C(C(c2cccc(c2)CO)=C(c2ccnc(c2)NC2CCOCC2)C1=O)=O,0.684376285,2.644438314,379.416,1.732,-9.1,-8.5
O=C1NC(C(c2ccc(OC)c(OC)c2)=C1c1cccs1)=O,0.879627224,2.289640479,315.35,2.3325,-7.8,-7.1
c1c(F)cccc1C1=C(C(NC1=O)=O)c1cc(NC2CCOCC2)ncc1,0.81135624,2.588614128,367.38,2.3788,-9.2,-8.9
c1c(C2C(NC(C=2c2cccc(OC)c2)=O)=O)ccc2c1cncc2,0.749945933,2.309391621,330.343,2.8106,-8.6,-9.1
N(c1cc(Cl)cc(c1)C1=C(C(=O)NC1=O)c1ccc(cc1)F)C1CCCC1,0.767942872,2.386253235,384.838,4.4008,-8.7,-9.1
C1CC(CCC1NC(=O)C(C)C)Nc1nccc(-c2ncc(cc2OC)F)c1,0.790017279,2.552573854,386.471,3.7866,-8.5,-7.9
C1CC1C(Nc1cc(ccn1)C1=C(C(NC1=O)=O)c1ccc(cc1)F)=O,0.826296828,2.34537343,351.337,2.1364,-8.3,-8.6
c1(ccc(cc1)F)C1C(=O)NC(=O)C=1c1cc(NC2CCC2)ncc1,0.841806812,2.399366946,337.354,2.7523,-8.7,-8.4
O=c1n(c(n[nH]1)-c1cc(NC(C2CCC2)=O)ncc1)-c1ccc(F)cc1,0.753639145,2.331483959,353.357,2.5003,-8.9,-8.2
N(c1n[nH]c2ncc(cc21)-c1cccc(F)c1)C(CCC)=O,0.774075026,2.288402478,298.321,3.5026,-8.3,-7.9
C(OC)(c1cc(ccc1F)C1C(=O)NC(=O)C=1c1ccnc(c1)NC1CCC1)=O,0.596547004,2.586856375,395.39,2.5389,-9.3,-8.5
c1cc(cc(Cl)c1Cl)C1=C(C(NC1=O)=O)c1c(F)cnc(NC2CCCCC2)c1,0.67615385,2.630423646,434.298,4.8393,-9.4,-8.9
c1cccc(Nc2cc(ccn2)C2=C(c3ccccc3)C(NC2=O)=O)c1,0.713725077,2.168713902,341.37,3.3924,-9.2,-8.7
C1(C(=O)NC(=O)C=1N1CCOCC1)-c1csc2c1cccc2,0.855596906,2.587221194,314.366,1.601,-8.1,-7.5
c1nc(NC2CCC(CC2)NC(C)=O)ncc1C1CC1,0.883125007,2.374839682,274.368,2.2132,-7.2,-6.7
C1C(CCC(Nc2nc3nscc3cn2)C1)NC(=O)CCC,0.885548323,2.828202684,319.434,2.7257,-7.6,-7.1
O=C1NC(C(=C1c1ccc(cc1)Cl)c1cn(c2c1cc(cc2)Cl)C)=O,0.691294786,2.321834753,371.223,4.0523,-8.8,-8.4
C1(c2ccc3c(c2)ccc(c3)Cl)=C(C(NC1=O)=O)c1c(F)cc(cc1)F,0.682992456,2.288716107,369.754,4.3386,-9.2,-9.1
O=C1C(Nc2ccccc2)=C(C(N1)=O)c1c(C)n(-c2ccccc2F)nc1C,0.686320619,2.48496957,376.391,3.10784,-9.2,-8.5
N1C(=O)C(=C(C1=O)c1ccc(cc1)F)c1cc(ncc1)NC1CCOCC1,0.81135624,2.535260281,367.38,2.3788,-9,-8.9
C1(CCC(CC1)O)Nc1nccc(C2=C(c3ccc(Cl)cc3)C(=O)NC2=O)c1,0.689655399,2.554966391,397.862,3.0176,-9.1,-9.6
c1c(Cl)ccc(C2=C(C(NC2=O)=O)c2cn(c3c2cccc3)C)c1,0.72915021,2.217076243,336.778,3.3989,-8.1,-8.5
c1(cc(ncn1)NCCCO)-c1cc(NC(CF)=O)ncc1,0.665530523,2.588092588,305.313,1.2409,-6.9,-6.8
c1cc(c(C2C(=O)NC(=O)C=2c2ccnc(c2)NC2CCC(CC2)O)cc1)F,0.708150074,2.593446583,381.407,2.5033,-9.2,-9.3
c1(ccnc(Nc2cccc(F)c2)c1)-c1ccnc(Nc2ccccc2F)c1,0.455959597,2.181615237,374.394,5.909,-9.5,-8.7
C1C(Nc2nccc(c2)C2=C(Nc3ccc(cc3)Cl)C(NC2=O)=O)COCC1,0.670604368,3.068573863,398.85,2.8055,-8.5,-8
N(C(=O)NC)C1CCN(CC1)c1c2ccccc2nc(-c2cn(cn2)C)c1,0.748891136,2.545476258,364.453,2.5331,-8.7,-8.2
C1(=O)C(c2cccc(F)c2)=C(C(=O)N1)c1ccnc(NC2CCOCC2)c1,0.81135624,2.588614128,367.38,2.3788,-9.1,-9
c1(cc(n[nH]1)C1=C(c2cccc(c2)NC2CCOCC2)C(NC1=O)=O)C,0.730305125,2.76131872,352.394,1.87622,-8.9,-8.8
c1(COC)cc(C2C(=O)NC(C=2c2cc(ncc2)NC2CCCCC2)=O)ccc1,0.736490278,2.528881405,391.471,3.5398,-9.4,-8.5
c1c(Cl)cc(C2C(=O)NC(=O)C=2c2cc(ncc2)NC2CCC2)cc1,0.827499606,2.448275071,353.809,3.2666,-8.8,-8.5
N1C(=O)C(c2ccc(cc2)F)=CC1=Cc1ccccc1,0.885741317,2.424836485,265.287,3.38,-8.2,-7.9
c1cc(c(cc1C1=C(c2ccnc(NC3CC3)c2)C(=O)NC1=O)OC)OC,0.763405903,2.432461792,365.389,2.2403,-8.6,-7.7
c1c2c(OCO2)cc(c1)Nc1nccc(-c2c([nH]nc2)-c2ccccc2)c1,0.55855593,2.32650203,356.385,4.611,-9.2,-9
CCOC(N1CCC(CC1)C(O)=Nc1cc2c(ccnc2[nH]1)-c1ccc(cc1)F)=O,0.47627891,2.816009274,410.449,4.8255,-9.3,-8.7
c1(OC)cccc(C2=C(c3ccc(N4CCCC4)nc3)C(NC2=O)=O)c1,0.857525383,2.316685489,349.39,2.2576,-8.7,-8.3
c1(cccc(C2C(NC(=O)C=2c2cc(NC3CCOCC3)ncc2)=O)c1)OC,0.774833116,2.557756263,379.416,2.2483,-9,-8.8
C1CC(Nc2nccc(c2)-c2nccc(OC)c2)CCN1C(=O)C,0.935158463,2.267824108,326.4,2.575,-8.5,-7.5
CCCCC(=O)Nc1cc(C2=C(c3ccncc3)C(NC2=O)=O)ccn1,0.777714686,2.462810986,350.378,2.1725,-8.7,-7.5
O=C1NC(=O)C(c2ccc(F)cc2)=C1c1ccnc(c1)NC1CCOCC1,0.81135624,2.535260281,367.38,2.3788,-9,-8.9
C1=CC(NCC1)CC(=O)Nc1cc(ccn1)-c1ccnc(c1)NC1CCCC1,0.668464274,3.307108021,377.492,3.7448,-9.1,-8.6
n1(C)c(-c2ccnc(c2)NC2CCC(F)CC2)n[nH]c1=O,0.904824309,2.819399774,291.33,1.863,-8,-7.8
O=C1NC(=O)C(c2cc(ncc2)NC(C)C)=C1c1cc(NC2CCOCC2)ncc1,0.631850074,2.857161331,407.474,2.455,-9.2,-8.4
C1OCCC(C1)Nc1cc(ccn1)C1C(NC(C=1c1ccc(Cl)cc1)=O)=O,0.793382813,2.530676849,383.835,2.8931,-8.8,-8.9
c1(ccc(cc1)N)Nc1cc(nc(C)n1)-c1cc(Nc2ccccc2F)ncc1,0.415778863,2.319853933,386.434,5.05552,-9.6,-9.1
n1(c(=O)[nH]c2c(c1=O)cc(c(Cl)c2)Cl)-c1ccc(C)cc1,0.747583621,2.047821339,321.163,3.29422,-7.9,-8.1
c1(C2C(NC(C=2c2cccc(c2)OC)=O)=O)ccnc(c1)NC1CCOCC1,0.774833116,2.557756263,379.416,2.2483,-9,-8.6
C1(=O)NC(C(=C1c1cc(NC(C)C)ncc1)c1cc(ncc1)NC1CCOCC1)=O,0.631850074,2.857161331,407.474,2.455,-9.4,-8.5
C(c1cccc(F)c1)=C1SC(=Nc2ccccc2)NC1=O,0.85858183,2.624843873,298.342,3.7173,-7.8,-7.6
c1cc(C2=C(c3ccc(cc3)F)C(NC2=O)=O)cc(c1OC)OC,0.876067301,2.068617879,327.311,2.4101,-8,-7.7
C1CN(CCC1)CCCC(Nc1c2c(cccc2)[nH]n1)=O,0.888176599,2.037191759,286.379,2.7675,-7.5,-7.1
C1(C(NC(C=1c1cc(Cl)c(OC)cc1)=O)=O)Nc1ccccc1,0.846909254,2.155552081,328.755,2.8282,-7.9,-7.8
C1(CC1)C(=O)Nc1cc(ncn1)C1C(=O)NC(=O)C=1c1cc(ccc1F)F,0.797635454,2.650103193,370.315,1.6705,-8.9,-8.5
c12c([nH]nc1NC1CCN(CC1)C(=O)C)cccc2,0.865604709,2.169275517,258.325,1.9857,-7.7,-7.3
c1cc(C(NC2CCCC2)=O)cc(C2=C(C(NC2=O)=O)c2ccc(cc2)F)c1,0.803233866,2.202085045,378.403,3.0653,-9.2,-8.8
c1(-c2n(-c3c4c(cccc4)ccc3)c([nH]n2)=O)cc(ncc1)NC1CCC1,0.583325504,2.396718951,357.417,3.7402,-9.2,-8.2
O=C1C(c2cccc(Cl)c2)=C(c2cccc(NC(C3CC3)=O)c2)C(N1)=O,0.815421849,2.188925169,366.804,3.2557,-9,-7.9
c1(NCc2ccccc2)nc(NC2CCC(CC2)O)nc(c1)-c1ccccc1,0.593754718,2.165089102,374.488,4.4711,-9.4,-8.8
c1ncc(cc1NC1CCc2cc(c(cc2C1)OC)OC)C1CCC1,0.880786754,2.829558153,338.451,4.3357,-8.1,-7.9
c1c(ccc(C2=C(c3ccnc(NC4CCCC4)n3)NC(=O)C2)c1)F,0.896989851,2.61892837,338.386,3.3584,-9,-8.4
c1(Cl)cc(C2C(NC(=O)C=2c2ccc(F)c(c2)Cl)=O)ccc1,0.850313677,2.212459044,336.149,3.6997,-8.6,-8.1
c1(cn(c2cc(NC3CCN(CC3)C)ncc12)C)C1CCC1,0.943124539,2.605173907,298.434,3.3469,-8,-7.3
c1c(ccc(C2=C(C(=O)NC2=O)Nc2cccc(c2)C(=O)O)c1)F,0.747065776,2.178713401,326.283,2.0035,-8.5,-8.5
O=C1NC(C(c2cc(ncc2)NC2COCCC2)=C1c1ccc(F)cc1)=O,0.81135624,2.998130808,367.38,2.3788,-9.2,-8.5
COCCNc1c2cc(c(cc2ncc1)Cl)C#N,0.860115074,2.343363842,261.712,2.81818,-6.5,-6.6
c1c2c(n(c(c1)=O)C)nc(NCCCN1CCCC1)nc2,0.837983836,2.353030253,287.367,1.2263,-7.3,-6.8
c1ccccc1C1C(=O)NC(C=1c1ccnc(NC2CCOCC2)c1)=O,0.827718733,2.476063902,349.39,2.2397,-8.7,-8.7
C1(C(NC(C=1c1ccc(F)cc1)=O)=O)c1ccnc(NC2CCOCC2)c1,0.81135624,2.535260281,367.38,2.3788,-9,-9
c1cc(ccc1Cl)C1=C(SCC)C(=O)NC1=Nc1cccc(c1)Cl,0.783838026,2.854606107,377.296,5.3176,-8.7,-7.4
c1cc(C(=O)N)ccc1C1=C(c2ccccc2)C(=O)NC1=O,0.836828474,1.997051149,292.294,1.3527,-8.1,-8.1
c1ccc(c(C2=C(c3ccccc3)C(=O)NC2=O)c1)Cl,0.861575163,1.935858306,283.714,2.9072,-7.4,-7.6
c1(C2C(=O)NC(=O)C=2Nc2cc(ccc2)O)c(OC)cccc1,0.750563972,2.265599181,310.309,1.8804,-7.9,-7.5
Brc1ccc(cc1)C1=C(C(NC1=O)=O)c1cc(C(N)=O)ncc1,0.797694347,2.407463811,372.178,1.5102,-8.1,-8.2
c1cccc(C2=C(C(NC2=O)=O)c2ccnc(c2)NC2CCC2)c1,0.849937184,2.335541834,319.364,2.6132,-8.4,-8.1
O=C1C(c2cccc(c2)C)=C(C(=O)N1)c1ccnc(NC2CCOCC2)c1,0.816294316,2.56692182,363.417,2.54812,-9.2,-9
n1ccc(cc1)C1=C(C(NC1=O)=O)Nc1cc(cc(c1)Cl)CO,0.742725784,2.532955631,329.743,1.7069,-8.1,-7.8
c1(cnn(c1)C)-c1ccnc(n1)Nc1cc(ncc1)C1CCC1,0.800804498,2.566658028,306.373,3.2832,-8.2,-7.9
c1(-c2n[nH]c3c2cc(-c2cc(ncc2)NC2CCOCC2)cc3)cc(O)ccc1,0.477835187,2.528903025,386.455,4.5884,-9.6,-9.2
C1C(C(NCc2cc(ccc2)C(N)=O)=O)CCC(Nc2ncccc2)C1,0.743811436,2.090348874,352.438,2.4676,-8.7,-8.3
C1OCCC(C1)NC(C1CC(NC(=O)C)CC1)=O,0.774177673,2.971286485,254.33,0.5864,-6.7,-6.7
C(CCC)Cc1n[nH]c2c1cc(cn2)C1C(=O)NC(C=1c1ccc(cc1)Cl)=O,0.489753194,2.740954852,394.862,3.9112,-8.1,-7.9
c1nc(NC2CC2)cc(C2C(NC(=O)C=2c2c3cccc(F)c3ccc2)=O)c1,0.686785231,2.519160237,373.387,3.5154,-9.1,-8
N(C1CCCCC1)C(=O)CCCCN1CCC(C1)c1nccc(C(N)=O)c1,0.68665173,2.807833175,372.513,2.589,-8.2,-7.7
O(c1cc(C2=C(c3ccnc(c3)NC3CCC3)C(=O)NC2=O)ccc1)C,0.811326201,2.423697473,349.39,2.6218,-8.9,-7.8
c1(cnc2[nH]nc(NC(=O)CCC)c2c1)-c1ccnc(c1)NC1CCCC1,0.611543997,2.57624047,364.453,4.113,-8.6,-7.8
n1c(ccc(NC2CCN(CC2)C)n1)-c1c2ccccc2ccc1,0.797256485,2.148165415,318.424,3.8029,-9,-8.8
n1c(cc(cc1)NC1CCC(NC(=O)C2CC2)CC1)-c1ccccc1,0.868258296,2.097030794,335.451,3.9979,-8.2,-8.1
c1nc(NC2CCCCC2)cc(c1)C1C(NC(=O)C=1c1ccc(cc1)F)=O,0.813387824,2.407270341,365.408,3.5325,-9.5,-9.1
O=c1oc2c(cc(NC3CCOCC3)nc2n1C(C)C)-c1ccc(F)cc1,0.751549485,2.770994693,371.412,3.9674,-9,-7.9
c1(ncc(-c2ccnc(c2)NC(C2CC2)=O)cc1)Nc1cc(C)[nH]n1,0.665393551,2.440151236,334.383,3.26722,-8.6,-7.8
C1(Cc2ccccc2F)=C(c2ccc(F)cc2)C(=O)NC1=O,0.885610505,2.277393332,299.276,2.6175,-8,-8.3
O=C1NC(=O)C(=C1c1ccc(cc1)OC)c1ccnc(NC2CCOCC2)c1,0.774833116,2.510002416,379.416,2.2483,-9.2,-9
C1(=O)NC(C(=C1c1cc(ncc1)NC1CCOCC1)c1ccc(F)cc1)=O,0.81135624,2.535260281,367.38,2.3788,-9,-9
C1=CCCC(C1)Nc1nccc(C2C(=O)NC(=O)C=2c2ccc(Cl)cc2)c1,0.62538213,3.121523116,379.847,3.8228,-9.1,-8.9
C(=O)(N)c1c2c(cc(cc2)Br)[nH]c1,0.785300771,2.110035904,239.072,2.0293,-6.1,-6.4
C1(=O)NC(C(c2ccnc(NC3CCOCC3)c2)=C1c1cc(ccc1)Cl)=O,0.793382813,2.579779216,383.835,2.8931,-9,-9.1
c1(NC2CCC2)cc(c2c(n1)n[nH]c2-c1ncc(s1)-c1ccccc1)C,0.535412635,2.743230906,361.474,5.02122,-9.1,-8.5
C1CC1Nc1cc(C2=C(c3ccc(F)cc3)C(NC2=O)=O)ccn1,0.847539882,2.386561311,323.327,2.3622,-8.2,-8
C1CC1C(Nc1cc(-c2n[nH]c(NC(C)=O)c2-c2ccnc(c2)NC2CCCC2)ccn1)=O,0.432071069,2.828777564,445.527,4.1951,-9.5,-8.9
c1cc2c(-c3cc(ncn3)NC3CCCCC3)n[nH]c(c2cc1)=O,0.774115451,2.371648189,321.384,3.1247,-8.9,-8.9
C1C(C1)C(=O)Nc1cccc(C2C(=O)NC(C=2c2cccc(OC)c2)=O)c1,0.801030693,2.177453897,362.385,2.6109,-9,-8.7
c12c(NC3CCOCC3)nc(Cl)cc2n(C)c(-c2ccc(cc2)F)n1,0.716675649,2.568162775,360.82,4.0187,-8.3,-8.1
N1C(=O)C(=C(C1=O)c1cccc(c1)O)c1cc(NC2CCOCC2)ncc1,0.716234787,2.644270341,365.389,1.9453,-9,-8.8
C1(NC(C(c3ccc(F)cc3)=C1c1ccc(F)cc1)=O)=O,0.861840499,1.960878592,285.249,2.532,-8.1,-7.6
C1(C(NC(=O)C=1c1cc(NC2CCCC2)ncc1)=O)c1ccc(F)cc1,0.830425976,2.400630105,351.381,3.1424,-9,-8.5
c1cnc(nc1-c1cc(ncc1)NC(C)C)C1CCCCC1,0.90780723,2.43472528,296.418,4.4066,-8.2,-7.9
c1ccc(cc1Cl)C1=C(c2cc(ncc2)NC2CCCC2)C(=O)NC1=O,0.808919745,2.446929797,367.836,3.6567,-9,-8.8
c1c(CN(C)C)c(OC2CCC2)cc(C2=C(c3ccc(F)cc3F)C(=O)NC2=O)c1,0.737939074,2.60454002,412.436,3.5249,-8.7,-8.1
N(C1CCC(CC1)O)c1cc(ccn1)C1=C(c2cc(N)ccc2)C(=O)NC1=O,0.477135833,2.677721199,378.432,1.9464,-9.9,-8.8
n1cccc(-n2c(n[nH]c2=O)-c2ccnc(Nc3cccc(c3)Cl)c2)c1,0.578939043,2.436361878,364.796,3.4146,-8.8,-8.4
C1COCCC1Nc1nccc(-c2c(-c3ccncc3)n[nH]c2N)c1,0.67692951,2.724383877,336.399,2.7068,-8.7,-8.3
c1(cc(ccn1)NC1CCOCC1)-c1cc(Nc2ncccc2)ncc1,0.729837423,2.466998129,347.422,3.8731,-8.7,-8.3
c12c(cc(OCC3CCC(CC3)NC(NC(C)C)=O)cc1)ncc(c2)C(=O)N,0.711617643,2.374396639,384.48,2.9789,-8.6,-8.1
c12c(cc(cc2)-n2c(=O)[nH]nc2-c2nc([nH]n2)C2CCCCC2)cccc1,0.584305337,2.628469039,360.421,3.5466,-10.8,-9.4
c1c2[nH]nc(NC(CCC)=O)c2cc(F)c1-c1cccc(c1)F,0.756056015,2.296842495,315.323,4.2467,-8.4,-8.2
c1c(nc(cc1)NC1COCC1)-c1cc(ncc1)Nc1cccc(c1)Cl,0.6824924,2.809740153,366.852,4.7414,-8.6,-8.6
C1C(CCN(c2ncc3c(n(C)c(=O)cc3)n2)C1)Nc1ccc(cc1Cl)Cl,0.72121622,2.479614074,404.301,3.7162,-9.2,-8.5
c1c(C2C(=O)NC(C=2c2cc(ncc2)NCC2CCOCC2)=O)ccc(c1)F,0.778613019,2.564246861,381.407,2.6264,-8.7,-8.5
c1(C(N)=O)cc(-c2cc(Nc3ccccc3)ncc2)cnc1,0.773667353,2.038138982,290.326,2.9861,-8.3,-8.1
c1(C2=C(c3c(F)c(F)ccc3)C(NC2=O)=O)ccnc(c1)NC1CCOCC1,0.790955113,2.705389275,385.37,2.5179,-9.4,-9.2
c1c(OC)ccc(c1OC)C1C(NC(C=1c1cc(sc1)C(=O)N)=O)=O,0.786370769,2.592744213,358.375,1.4314,-7.7,-7.5
O(c1ccc(C2C(=O)NC(C=2c2ccnc(NC3CCOCC3)c2)=O)cc1)C,0.774833116,2.510002416,379.416,2.2483,-9.2,-8.9
c1(ccccc1)C1=C(C(=O)NC1=O)c1cc(NC2CCC2)ncc1,0.849937184,2.335541834,319.364,2.6132,-8.4,-7.9
c1c(cccc1)C1C(NC(C=1c1cc(NC2CCOCC2)ncc1)=O)=O,0.827718733,2.476063902,349.39,2.2397,-8.9,-8.5
CC(Nc1nc2n(C(C)C)c(=O)ccc2cn1)C1CCCCC1,0.933343222,3.027551956,314.433,3.7531,-7.9,-8
c1(C2C(=O)NC(=O)C=2c2cc(NC(C)C)ncc2)ccncc1,0.842365947,2.562004862,308.341,1.8641,-8.4,-7.5
n1(-c2cccc(c2)F)c(C2C(NC(=O)C=2c2ccc(cc2)F)=O)n[nH]c1=O,0.683335816,2.564322723,368.299,1.406,-9.3,-8.4
c1c(-c2cc(ncc2)Nc2ccc(cc2)F)cc2c(NC(CCC)=O)n[nH]c2c1,0.42076038,2.330330856,389.434,5.2462,-9.4,-8.8
c1cc(C2=C(C(NC2=O)=O)c2cc(NC3CCOCC3)ncc2)cc(n1)NC1CCC1,0.618260365,2.836782165,419.485,2.5991,-9.6,-9
c1c(C2C(NC(C=2c2ccnc(NC3CCC(CC3)OC)c2)=O)=O)ccc(c1)F,0.760531198,2.590231187,395.434,3.1574,-8.9,-9.6
O=C1NC(=O)C(=C1c1ccc(cc1)Cl)c1ccnc(NC2CCCC2)c1,0.808919745,2.395863336,367.836,3.6567,-9,-8.5
c1c(cc(OC)cc1)C1=C(c2ccnc(c2)Nc2cc(F)ccc2)C(=O)NC1=O,0.652725649,2.37313684,389.386,3.5401,-9.8,-9
O=C(CCC)Nc1cc(ccn1)C1C(=O)NC(C=1c1ccc(Cl)cc1)=O,0.792725446,2.346913578,369.808,3.0408,-8.3,-8.3
c1cc(ccc1OC)C1=C(C(=O)NC1=O)Nc1cc(ccc1)C,0.851625303,2.1075464,308.337,2.48322,-7.8,-8.3
C1CCC(CC1)Nc1nccc(c1)C1=C(C(NC1=O)=O)c1ccc(cc1)F,0.813387824,2.407270341,365.408,3.5325,-9.5,-9
c1(nccc(c1)-c1ccnc(NC2CC3CCC2C3)n1)NC(C)C,0.87182949,4.164212551,323.444,3.9594,-8.3,-7.6
c1c(cnc(c1)NC1CCCC1)-c1ccc2c(c(C(=O)N)c[nH]2)c1,0.685335353,2.293369947,320.396,3.6833,-9,-8.7
c1(cc2c([nH]nc2NC(CCC)=O)cc1)-c1ccnc(NC2CCOCC2)c1,0.602985034,2.558299852,379.464,3.9544,-9,-8.3
c1c(N)cc(cc1)C1=C(c2cccc(C(=O)N)c2)C(NC1=O)=O,0.577683632,2.280617898,307.309,0.9349,-8.6,-8.5
c1c(-c2ccnc(c2)NCC2CCOCC2)n(-c2ccc3ccccc3c2)c([nH]1)=O,0.526170096,2.637677144,400.482,4.2193,-8.7,-9.3
c1cc(C2=C(c3cc(NC4CCOCC4)ncc3)C(=O)NC2=O)ccc1OC,0.774833116,2.510002416,379.416,2.2483,-9.2,-9
c1cc(cc(-c2cnc3[nH]nc(c3c2)NC(CCC)=O)c1OC)F,0.750908429,2.363281447,328.347,3.5112,-8.2,-7.6
n1c(NC(C2CC2)=O)cc(cc1)C1=C(c2cccc(c2)Cl)C(=O)NC1=O,0.813018404,2.392941607,367.792,2.6507,-8.4,-8.7
c1cc(C2=C(C(NC2=O)=O)c2cccc(C#N)c2)cnc1,0.842226826,2.369990544,275.267,1.52048,-8.3,-8
n1ccccc1C1C(=O)NC(C=1c1ccc(c(c1)Cl)O)=O,0.831563137,2.401763829,300.701,2.0078,-7.5,-7.6
c1cc(ccc1)C1=C(C(=O)NC1=O)c1cc2c(cc1)c(NC1CCOCC1)ncc2,0.657610136,2.544374557,399.45,3.3929,-9.2,-9.3
c1c(cccc1)C1C(=O)NC(C=1c1cc(NC(C)C)ncc1)=O,0.85131185,2.356478945,307.353,2.4691,-8.2,-7.6
O=C(Nc1cc(ccn1)C1C(NC(C=1c1ccccc1)=O)=O)C,0.843212716,2.264725808,307.309,1.6072,-8.2,-8.1
c1c2n(c(-c3ccnc(NC4CCOCC4)c3)nc2cc(Cl)c1Cl)C,0.728623072,2.536495467,377.275,4.533,-8.7,-8.2
C1(Nc2c(cc(cc2)C2=C(C(NC2=O)=O)c2cc(Cl)ccc2)OC1)=O,0.80996701,2.50573466,354.749,2.2381,-8.9,-8.4
c1c(ccc(-c2cc3c(cn2)[nH]nc3NC(=O)CCC)c1F)F,0.771711686,2.425692672,316.311,3.6417,-8.3,-7.6
n1n(-c2ccc(F)cc2)cc(C=C2C(NC(=Nc3ccccc3)S2)=O)c1,0.717209819,2.7859554,364.405,3.903,-9,-8.1
c1c(Nc2nc(ccn2)-c2ccncc2)cc(-c2cn(nc2)C)cc1,0.618696757,2.253500509,328.379,3.6827,-8.8,-8.1
O=C1NC(C(S1)=Cc1cc(ncc1)NCCO)=O,0.697792368,2.63806158,265.294,0.8097,-6.7,-6.7
c1(cccc(F)c1)Nc1nccc(C2=C(C(NC2=O)=O)c2ccc(F)cc2)c1,0.680884678,2.342131968,377.35,3.6706,-9.9,-9.2
Clc1cccc(C2=C(C(NC2=O)=O)c2ccnc(NC3CCCC3)c2)c1,0.808919745,2.446929797,367.836,3.6567,-9.1,-8.1
c1c(OC)ccc(C2=C(c3cnc(nc3)NC(C3CC3)=O)C(=O)NC2=O)c1,0.776228373,2.419696002,364.361,1.4009,-8.3,-7.9
C(C)(Oc1ccnc(NC2CCC(CC2)NC(=O)C)c1Cl)C,0.870781512,2.440786661,325.84,3.3814,-7,-6.9
O=C1NC(C(=C1c1ccc(F)cc1)c1cc(ncc1)NC1CCCCC1)=O,0.813387824,2.407270341,365.408,3.5325,-9.5,-9.1
c1(ccc2c(c1)c(NC1CCOCC1)nn2CC(=O)NC1CCOCC1)F,0.835357059,2.637251181,376.432,2.0615,-8.6,-8.2
c1cc(C2=C(c3ccc(C(N)=O)cc3)C(NC2=O)=O)cc2OCCc12,0.826353112,2.403193165,334.331,1.2876,-8.3,-8.6
O=C(C)Nc1nccc(c1)C1=C(C(NC1=O)=O)c1ccc(F)cc1,0.841608043,2.331560473,325.299,1.7463,-8.4,-8.2
c12c(ccc(c1)Cl)c(NC1CC1)nc(-c1cc3ccccc3cc1)c2,0.472560217,2.094860931,344.845,6.2827,-9,-8.3
n1(c2nc(ccc2nc1)NC1CCC(CC1)C(N)C(=O)N)C(C)C,0.773621701,3.263324164,330.436,1.7955,-8,-7.9
N1(CCOCC1)c1nnc(cc1)NC(=O)C(c1cc(F)ccc1)C,0.930703166,2.685762631,330.363,2.1945,-8.1,-7.8
c1cnc(NC2CCC(CC2)O)cc1C1C(NC(=O)C=1c1cccc(c1)Cl)=O,0.689655399,2.602841199,397.862,3.0176,-9.5,-8.6
c1ccccc1-c1c(c([nH]n1)-c1ccnc(NC2CCOCC2)c1)-c1ccncc1,0.506280071,2.556129417,397.482,4.7916,-9.5,-9.2
n1ccc(cc1NC1CCN(CC1)C(C)=O)-c1n[nH]c(=O)n1-c1ccc2ccccc2c1,0.520448172,2.551828244,428.496,3.1986,-10.1,-9.9
O=C1C(c2cc(NC3CCC3)ncc2)=C(c2cc(F)c(F)cc2)C(=O)N1,0.827634657,2.522467635,355.344,2.8914,-8.9,-8.6
c1cc(ccc1Cl)C1=C(c2cccnc2)C(NC1=O)=O,0.861026568,2.152477739,284.702,2.3022,-7.8,-7.7
C1(=O)C(C(=O)NC1=O)=Cc1cc(c(cc1)OC)OC,0.366390417,2.166679121,261.233,0.3127,-7.2,-7
c1(C2C(NC(C=2c2ccnc(c2)NC2COCC2)=O)=O)ccccc1F,0.821980809,3.034581791,353.353,1.9887,-8.6,-8.6
C1(=O)C(c2ccnc(NC3CCC3)c2)=C(C(N1)=O)c1ccc(F)cc1,0.841806812,2.399366946,337.354,2.7523,-8.8,-8.4
C1(NC(C(=C1c1ccccc1)c1cc(NC2CCN(CC2)C)ncc1)=O)=O,0.815578809,2.448402293,362.433,2.1549,-8.8,-9
N(c1cc(C2=C(C(=O)NC2=O)c2ccc(cc2)Cl)ccn1)C1CCOCC1,0.793382813,2.530676849,383.835,2.8931,-8.7,-8.9
O=C1NC(=O)C(Nc2ccc(cc2)N2CCOCC2)=C1c1ccnc(c1)N,0.692993877,2.538792826,365.393,0.98,-8.8,-8
c12c(n[nH]c2nccc1)-c1ccnc(NC2COCC2)c1,0.769579037,3.029799439,281.319,2.2207,-7.7,-8
c1cc(cc(n1)NC1CCOCC1)C1=C(c2ccc3c(c2Cl)cccc3)C(NC1=O)=O,0.60667013,2.697271396,433.895,4.0463,-9.2,-10
C1(c2cc(C(N)=O)ccc2)C(NC(C=1c1ccnc(NC2CC2)n1)=O)=O,0.682600737,2.568048035,349.35,0.717,-8.7,-8.2
N1C(=O)C(=C(c2ccc(cc2)F)C1=O)Nc1ccc(cc1)Cl,0.85596987,2.095611198,316.719,2.9587,-8.1,-8
c1c(Cl)ccc(C2=C(C(=O)NC2=O)c2c3c(n(C)c2)cccc3)c1,0.72915021,2.217076243,336.778,3.3989,-8.4,-7.9
c1(nc(NC2CCC(CC2)O)ncc1C(N)=O)OC1CCC1,0.75418372,2.602058841,306.366,1.2222,-7.3,-7.8
c1(ccc(C2=C(C(=O)NC2=O)c2ccc(OC)cc2)cc1)F,0.885129722,1.968353878,297.285,2.4015,-7.9,-7.6
C(NC1CCOCC1)(C1CC=C(c2ccnc(c2)Nc2cc(ccc2)Cl)CC1)=O,0.729611396,2.998324192,411.933,4.9573,-9.2,-8.9
c12ccc(F)cc1c(n[nH]2)-c1ccnc(c1)NC(C1CCOCC1)=O,0.767574107,2.418032058,340.358,3.1291,-9.1,-9
c1c(cccc1)CNc1ncc2c(n(C(C)C)c(=O)cc2)n1,0.803337618,2.212998082,294.358,2.9845,-8.3,-7.8
c1ccc(cc1)C1=C(c2cc(ncc2)NC2CCOCC2)C(NC1=O)=O,0.827718733,2.476063902,349.39,2.2397,-8.7,-8.7
c1(OC)c(OC)cc(C2=C(C(NC2=O)=O)c2cc(ncc2)N2CCOCC2)cc1OC,0.695752068,2.568153529,425.441,1.5112,-9.3,-7.6
c12c(cc(-c3cnc(nc3)NC(=O)C)cc1)CCCN2C(=O)C,0.923940836,2.286864743,310.357,2.4011,-8.6,-8
C1(=O)C(=C(C(N1)=O)c1ccnc(c1)NC1CCOCC1)c1ccc(Cl)cc1,0.793382813,2.530676849,383.835,2.8931,-8.9,-9
c1c(cc(NC2CCOCC2)nc1)C1C(NC(C=1c1ccc(N)cc1)=O)=O,0.564394234,2.613876258,364.405,1.8219,-9.1,-8.8
c1cc(-c2ccnc(c2)NC(C2CC2)=O)c(-c2nc(ncc2)NC(C2CC2)=O)cc1,0.655159358,2.334670276,399.454,3.9026,-9.9,-8.7
c1nc(NC(=O)C)cc(c1)C1C(NC(=O)C=1c1cc(N)ncc1)=O,0.709243326,2.633627752,323.312,0.5844,-8.7,-8.2
c1cc(ccc1Nc1nc(ccn1)-c1ccc2c(c1)cccc2)N1CCOCC1,0.545274067,2.080714258,382.467,4.877,-9.6,-9.4
[nH]1nc(nc1-c1ccnc(c1)NC1CCN(C(=O)NCC)CC1)-c1ccc(F)cc1,0.600686036,2.514274563,409.469,3.2786,-9.5,-8.8
n1cc(cc(C2=C(c3ccc(cc3)F)C(NC2=O)=O)c1)-c1ccc(F)cc1,0.724610716,2.267963924,362.335,3.594,-9.5,-8.9
CNC(=O)Nc1n[nH]c2ccc(cc21)-c1ccc(F)cc1,0.676371038,2.123992851,284.294,3.1203,-8.7,-8.4
c1(c2c([nH]c1)cccc2)NC(=O)CCC,0.789299271,1.848247967,202.257,2.9065,-6.3,-6.1
c12n(nc(C3CC(=O)NC3)c1cc(F)cc2)-c1ccc2CCc2c1,0.78879755,3.132765325,321.355,2.8667,-9.2,-9.3
C1(NC(=O)C(c2ccc(F)cc2)=C1c1cc(ncc1)NCC1CCOCC1)=O,0.778613019,2.564246861,381.407,2.6264,-8.9,-8.8
c1nc(NC2CCCCC2)cc(-c2ccnc(c2)Nc2c(cccc2)F)c1,0.604736407,2.240357885,362.452,5.7709,-9.1,-8.5
c1(=O)n(-c2cc3c(cc2)cccc3)c(SCC(Nc2cccc(F)c2)=O)n[nH]1,0.507237023,2.188144297,394.431,3.5837,-10,-9
c1cc(cc(NC2C(NCCCC2)=O)n1)C1=C(c2cc(F)ccc2)C(NC1=O)=O,0.687738549,3.133122024,394.406,1.8685,-10.1,-9.1
O=C1NC(C(=C1c1ccc(c(O)c1)O)c1cc(NC2CCOCC2)ncc1)=O,0.469340543,2.725557929,381.388,1.6509,-9.4,-9
C1N(CCCC1NC1CCC1)c1nc2c(C(NCCC(O)C)=O)n[nH]c2cn1,0.558689838,3.603795244,387.488,0.9645,-8.6,-7.5
c1(ccc(C2=C(C(NC2=O)=O)c2cc(ccc2)Br)cc1)NC1CCCC1,0.735079116,2.284479336,411.299,4.3708,-9.2,-8.2
c1(ccc(-c2ccnc(c2)NC2CCCC2)cc1F)C(N)=O,0.909469939,2.154732148,299.349,3.3411,-8.1,-8.5
C1CC1C(=O)Nc1nccc(c1)C1C(=O)NC(=O)C=1c1ccc(cc1)F,0.826296828,2.34537343,351.337,2.1364,-9,-8.5
c1nc(NC2CCOCC2)c2c(n1)[nH]nc2C1CCC(CC1)OC,0.895665352,2.963840388,331.42,2.6164,-7.8,-7.4
C(=O)(N)c1cccc(c1)C1=C(C(NC1=O)=O)c1c(F)cccc1,0.841772581,2.175274629,310.284,1.4918,-9.1,-8.3
c1cc(cc2OCOc12)C1C(NC(C=1Nc1cccc(c1)Cl)=O)=O,0.838271908,2.374509727,342.738,2.5483,-8.4,-8.6
C(n1c2c(c(C3C(NC(C=3c3ccc(OC)cc3)=O)=O)c1)cc(F)cc2)C,0.722274794,2.342647622,364.376,3.3761,-8.3,-8.1
C1CCC(Nc2nccc(c2)C2=C(C(=O)NC2=O)c2cccc(c2)OC)CC1,0.78086397,2.43450669,377.444,3.402,-9.4,-8.9
c1ccc(OC)c(C2=C(C(=O)NC2=O)c2cc(NC(=O)C(C)(C)C)ncc2)c1,0.796200949,2.471943009,379.416,2.642,-8.9,-7.5
c1(F)ccc2c(NC3CCOCC3)nc(cc2c1)-c1c(OC)cccc1,0.742768281,2.279800137,352.409,4.6404,-8.5,-8.2
c1c(cc(NC2C=C(C(O)=O)CCC2)nc1-c1cc(ccc1)Cl)F,0.854209866,3.238418228,346.789,4.5165,-9.1,-8.5
N(C1CCCC1)c1cc(ccn1)C1C(=O)NC(C=1c1ccc(cc1)F)=O,0.830425976,2.400630105,351.381,3.1424,-9,-8.4
c1cc(ccc1)C1=C(C(NC1=O)=O)c1cn(c2c1cc(cc2)C(=O)N)C,0.709364561,2.33959029,345.358,1.8444,-8.4,-8.6
C1CC1COc1ccc(cc1)Nc1cc(-c2cc[nH]n2)nc(n1)-c1ccnc(c1)Nc1c(cc(Cl)cc1)C,0.188153318,2.929718087,524.028,7.16652,-9.7,-8.9
n1c2c(cccc2)c(NCC2CCOCC2)nc1-c1ccnc(N)c1,0.761754416,2.38598949,335.411,3.1125,-8.6,-8.3
c1(cc(I)ccc1)C1=C(c2cn(c3c2cccc3)C)C(=O)NC1=O,0.503096242,2.438665609,428.229,3.3501,-8.5,-8.3
c1cc(F)ccc1C1=C(C(=O)NC1=O)c1ccnc(c1)NC1COCC1,0.821980809,2.998303022,353.353,1.9887,-8.6,-8.5
c1(ccc(C2C(NC(C=2c2cc(ncc2)NC2CCC2)=O)=O)cc1)F,0.841806812,2.399366946,337.354,2.7523,-8.7,-8.4
C1COCCC1Nc1cc(-c2n[nH]c3ccc(Cl)cc32)ccn1,0.765812326,2.451565339,328.803,3.8692,-8.4,-8.3
c1ccc(F)cc1-c1c2c(n(c1)C)ncc(c2)NC1CCCCOC1,0.770462655,2.94612417,339.414,4.3604,-9.2,-8.5
C1(NC(C(=C1c1cc(OC)ccc1)c1cc(NC2CC2)ncc1)=O)=O,0.819235109,2.409685256,335.363,2.2317,-8.3,-7.9
C1(c2ccc(cc2)F)=C(C(NC1=O)=O)c1c(Cl)ccc(F)c1,0.864154688,2.149279725,319.694,3.1854,-7.8,-7.9
c1(cc(ncc1)NC1CCCC1)C1=C(C(NC1=O)=O)c1ccc(F)cc1,0.830425976,2.400630105,351.381,3.1424,-9.1,-8.5
C1(=C(c2cn(C)c3ccccc23)C(=O)NC1=O)c1cc(ncc1)NC1CCOCC1,0.655750862,2.699267136,402.454,2.7314,-9.1,-9
c1(cc(ncc1)NC1CCCC1)Nc1nccc(-c2ccnc(Nc3ccccc3)c2)c1,0.320804455,2.433158377,422.536,6.3803,-9.8,-9.6
c12ccc(Cl)cc2occ1C1=C(C(NC1=O)=O)Nc1ccnc(c1)N1CCOCC1,0.621400117,2.807765279,424.844,2.7974,-9.3,-9.2
Clc1ccc(O)c(c1)-c1nnc(C(=O)NC2CCCCC2)o1,0.906162899,2.326866214,321.764,3.1581,-8.5,-7.8
c1cc(cc(-c2n(-c3ccc4c(OCCO4)c3)c(=O)[nH]n2)c1)CO,0.761432832,2.366978079,325.324,1.4911,-8.3,-8.6
c1(OC)cc(C2C(NC(=O)C=2c2cccc(c2)O)=O)ccc1OC,0.839747578,2.195525112,325.32,1.9766,-8.2,-7.8
c1cnc(C2C(NC(=O)C=2c2ccnc(c2)NC2CCOC2)=O)cc1,0.816312441,3.143631019,336.351,1.2446,-8.3,-8
c1cc(cnc1NC1CCOCC1)C1=C(c2cccc(c2)OC)C(=O)NC1=O,0.774833116,2.543246861,379.416,2.2483,-8.9,-9.1
c1c(C(=O)N)cnc(c1)C1=C(C(NC1=O)=O)c1ccc(Cl)cc1,0.831685868,2.322348908,327.727,1.4011,-7.8,-8
c1(NC(C)C)cc(C2=C(C(NC2=O)=O)c2cc(NC3CCC3)ncc2)ccn1,0.670159061,2.747888752,377.448,2.8285,-9.1,-8.1
c1(c(nc(-c2ccnc(NC3CCC3)c2)[nH]1)C)-c1sc(cc1)F,0.735016371,2.912510402,328.416,4.61212,-8.2,-7.7
c1c(NC(=O)C2CC2)nccc1C1C(NC(C=1c1ccc(F)cc1)=O)=O,0.826296828,2.34537343,351.337,2.1364,-9,-8.2
c1(cc(Nc2nccc(c2)C2C(=O)NC(C=2c2ccccc2)=O)ccc1)Cl,0.674840925,2.270021228,375.815,4.0458,-9.4,-8.9
OCCCNc1cc(ccn1)-c1n[nH]c(n1-c1ccc2c(cc(cc2)F)c1)=O,0.447835291,2.565530622,379.395,2.7092,-8.6,-8.8
c1(c(OC)cc(C2=C(C(NC2=O)=O)c2c(OC)cccc2)cc1)OC,0.846193564,2.083498928,339.347,2.2796,-7.8,-7.7
C1(C(NC(C=1c1ccc(cc1)Cl)=O)=O)c1cn(C)c2ccccc12,0.72915021,2.217076243,336.778,3.3989,-8.1,-8.4
c1c(F)cc(Nc2cc(-c3ccccc3)ccn2)cc1,0.745560797,1.71700706,264.303,4.6313,-8.2,-8.3
c1ccc(cc1C1=C(C(NC1=O)=O)c1cc(NC(C2CC2)=O)ncc1)Cl,0.813018404,2.392941607,367.792,2.6507,-8.5,-7.8
C1C(C)OCCN1c1nc2c(cc1)c(-c1ccc(F)cc1)n[nH]2,0.790191047,2.862941122,312.348,2.9891,-8.9,-8.5
c1c(c(SC)c(cc1)O)C1=C(C(=O)NC1=O)c1ccc(cc1)F,0.671175924,2.511679917,329.352,2.8204,-7.8,-7.6
c1cc(-n2c(-c3ccnc(NC4CCOCC4)c3)n[nH]c2=O)ccc1F,0.750426955,2.510373214,355.373,2.3526,-8.4,-8.6
c1cc(cc(C2=C(C(=O)NC2=O)c2cccc(c2)OC)c1)-c1ccc(F)cc1,0.701709902,2.124061968,373.383,4.0685,-9.2,-9.2
c1(C2=C(C(=O)NC2=O)c2ccc(cc2)OC)c(cccc1)F,0.885129722,2.012239486,297.285,2.4015,-7.6,-8
c1nc2c(cccc2)c(n1C)=O,0.574342343,1.738361923,160.176,0.9335,-5.8,-6
c1ccccc1C1C(=O)NC(C=1c1ccc(cc1)F)=O,0.849149505,1.914690694,267.259,2.3929,-8.1,-7.6
n1nc(c2c(c(c(C#N)cn2C(C)C)=O)c1-c1ccccc1)OC,0.740923541,2.788861736,320.352,2.91968,-7.7,-8.1
c1c(C2C(=O)NC(C=2c2ccnc(NCC3CC3)c2)=O)cc(N)nc1,0.713450612,2.710382764,335.367,1.4479,-8.8,-8
c1nc(ccc1C1C(NC(C=1c1ccc(F)cc1)=O)=O)NC1CCCC1,0.830425976,2.384959951,351.381,3.1424,-9.1,-8.2
c1(ccnc(NC2CCCC2)c1)C1C(NC(C=1c1ccc(cc1)Cl)=O)=O,0.808919745,2.395863336,367.836,3.6567,-8.9,-8.5
N1C(C(=C(c2cc(ncc2)NC2CCCC2)C1=O)c1cc(OC)ccc1)=O,0.798456144,2.426596376,363.417,3.0119,-9,-8.5
C1COCCC1CN=C1NC(C(S1)=C1c2ccccc2NC1=O)=O,0.805102581,3.187995661,343.408,1.9954,-8.8,-8.4
c12ccc(cc1cc(F)cc2)-n1c(=O)[nH]nc1-c1cc(ncc1)NCC1CCOCC1,0.514662607,2.687563551,419.46,3.7534,-9,-9.2
c1cc(C2=C(c3ccnc(c3)NC3CCOCC3)C(=O)NC2=O)c(Cl)cc1,0.793382813,2.55072892,383.835,2.8931,-9.1,-8.9
C1CC1c1n(-c2ccc3c(cccc3)c2)c([nH]n1)=O,0.760705481,2.172606146,251.289,2.5912,-7.5,-8.3
c12c(nc(cc1NC1CCOCC1)-c1cnccc1)[nH]nc2NC(C)=O,0.666455464,2.803824226,352.398,2.5692,-8.5,-8.4
c1cc(C2C(NC(=O)C=2c2ccnc(NC3CCC3)c2)=O)cc(OC)c1O,0.703342243,2.538650861,365.389,2.3274,-8.9,-8.4
c1(ccc(C(N)=O)cc1)C1=C(c2ncccc2)C(NC1=O)=O,0.814939432,2.236502514,293.282,0.7477,-7.8,-8.1
n1(-c2cc3cnc(cc3cn2)NC2CCOCC2)c([nH]nc1-c1ccc(F)cc1)=O,0.540887767,2.801341865,406.421,2.9008,-9,-9.7
c1c(c(ccc1)C1=C(Nc2cccc(N)c2)C(=O)NC1=O)OC,0.590857477,2.27998001,309.325,1.757,-8.1,-7.5
C(c1ccccc1)(Nc1nccc(C2=C(C(=O)NC2=O)c2ccc(C)cc2)c1)C,0.65009188,2.749967251,383.451,4.13032,-8.9,-9
C1(=O)NC(=O)C(c2ccc(F)cc2)=C1c1ccc(cc1)C,0.860255563,1.972040231,281.286,2.70132,-8.1,-7.7
c1cc(C2C(NC(C=2c2ccc(cc2)C(=O)N)=O)=O)ccc1F,0.841772581,2.072815254,310.284,1.4918,-8.2,-8.3
c1cc(ccc1F)C1C(NC(C=1c1ccnc(NC2CCOCC2)c1)=O)=O,0.81135624,2.535260281,367.38,2.3788,-9.1,-9
N1C(C(c2ccc(C3CCCCC3)cc2)=C(C1=O)c1cccc(Cl)c1)=O,0.781606883,2.224645489,365.86,4.9549,-9.6,-8.5
c1(-c2ccnc(c2)NC2CCC(CC2)O)cc(ncc1)Nc1ccc(F)cc1,0.598105325,2.355225744,378.451,4.7417,-8.8,-8.5
c1cc(F)c(CNC2CC(NC2)C)cc1C1=C(c2ccc(cc2)F)C(NC1=O)=O,0.677900997,3.40620073,397.425,2.372,-9.3,-8.9
c1cc(OC)cc(C2C(=O)NC(=O)C=2c2c3ccccc3n(c2)C)c1,0.750397967,2.252396848,332.359,2.7541,-8.9,-8.4
c1c(c(C)ccc1)C1C(NC(=O)C=1c1ccccc1Cl)=O,0.865235445,2.023627714,297.741,3.21562,-8,-7.6
c1c(NC2CCOCC2)ncnc1Nc1cc(NC2CCOC2)ccn1,0.726523978,3.211018359,356.43,2.4069,-8,-7.8
c1c(ccnc1NC1CCC(CC1)O)-c1c(n(c2c(cc(F)cc2)c1)C)=O,0.744033083,2.50839789,367.424,3.455,-9.9,-9.4
Fc1cc2c(cc1)cc(-n1c([nH]nc1-c1ccnc(NC3CCOCC3)c1)=O)cn2,0.540887767,2.78077718,406.421,2.9008,-9.3,-9.3
c1cc(F)c(C2C(=O)NC(C=2c2cccc(OCC)c2)=O)cc1F,0.877680613,2.259362081,329.302,2.9307,-8.6,-8.1
c1cc(C2C(=O)NC(=O)C=2c2ccc(cc2)Cl)c(Cl)cc1,0.860728599,2.00904701,318.159,3.5606,-7.6,-7.8
C1(=O)C(c2cc(ncc2)NC2CCCCC2)=C(C(=O)N1)c1ccc(cc1)Cl,0.783688512,2.402686909,381.863,4.0468,-9.3,-9.1
c12nc(nc(NC3CCOCC3)c1cnc(NC1CCOCC1)c2)NC1CCC1,0.683223791,2.813272435,398.511,3.171,-9.1,-8.4
c1(NC(=O)C2CC2)nccc(c1)C1C(c2ccccc2)=C(C(N1)=O)C#N,0.891027892,2.998380585,344.374,2.57838,-8.2,-8
c1cc(cc(-n2c(n[nH]c2=O)-c2ccnc(c2)NC2CCCCC2)c1)F,0.752588492,2.434492647,353.401,3.5063,-9.1,-8.7
n1c(-c2ccnc(c2)Nc2ccccc2)c2OCCn2c(c1)=O,0.804653455,2.659286153,306.325,2.4413,-8.3,-7.9
O=C1C(=C(C(=O)N1)c1cccc(c1)Cl)c1cc(NC2CCOCC2)ncc1,0.793382813,2.579779216,383.835,2.8931,-9,-9.1
O=C1C(=Nc2scc(-c3ccc(F)cc3)n2)NC(=O)N1,0.827438689,2.842460735,290.279,1.8186,-8.1,-7.4
C(=O)(N)c1c(cccc1)C1=C(OC)C(NC1=O)=O,0.721289363,2.468903966,246.222,-0.2006,-6.9,-6.8
O=C(CCC)Nc1n[nH]c2c1cc(c(c2)Cl)-c1ccccc1,0.737928189,2.148466214,313.788,4.6219,-8.4,-8.2
c1cc(c(cc1)Cl)-c1ccc2C(NCCN3CCCC3)=CC(=O)Nc2n1,0.719607953,2.379231919,368.868,3.7512,-8.4,-7.9
n1(cc(c2c(nc(NC3CCOCC3)nc21)NCCCO)-c1ccccc1)C,0.5457794,2.588357826,381.48,3.0205,-7.6,-7.7
O=C1NC(C(=C1c1ccnc(Nc2cccc(C(N)=O)c2)c1)c1ccc(F)cc1)=O,0.567880961,2.399891589,402.385,2.6304,-9.6,-9.4
N(c1nc2ccccc2[nH]1)C1=C(C(NC1=O)=O)c1ccc(F)cc1,0.645141429,2.425367252,322.299,2.1816,-8.6,-8.8
c1(cc(ncc1)NC1CCCC1)NC1C(NC(C=1c1c(Cl)cccc1)=O)=O,0.688426007,2.539595193,382.851,3.5691,-8.5,-9.1
c1cc(C)cc(c1)Nc1nccc(C2=C(c3c(cccc3)Cl)C(NC2=O)=O)c1,0.650441475,2.336027545,389.842,4.35422,-9.8,-9.1
Cc1ccc2CC(NC(C)=O)CCc2c1C(Nc1cccc(c1)Cl)=O,0.875967133,2.670037824,356.853,3.89412,-8.7,-8.3
c1cc2n(c(C3CCOCC3)nc2cc1NC(=O)C1CC1)C,0.947865586,2.278703577,299.374,2.8158,-7.7,-7.4
c1(O)cc(ccc1OC)-c1n[nH]c(n1NC1CCCC1)=O,0.792110003,2.601911313,290.323,1.4387,-7.6,-7.7
c1cc(NC2C(=O)NC(C=2c2cc(ncc2)NC2CCOCC2)=O)cc(c1)CO,0.551170191,2.713514922,394.431,1.6444,-8.8,-8.7
c1ccc2[nH]cc(C3C(=O)NC(C=3c3ccc(OC(C)C)c(F)c3)=O)c2c1,0.694242726,2.414336083,364.376,3.6614,-8.8,-8
N1C2C(NC=1)CN=C2c1c(cnc(Nc2ccc(cc2)F)c1)F,0.913652718,3.90132856,313.311,2.2748,-8.3,-7.6
c1ncnc(c1C1=C(C(NC1=O)=O)c1cc(NC2CCCCC2)ncc1)NC1CCCC1,0.599178436,2.832081873,432.528,3.5379,-9.4,-8.5
O=C1C(c2ccc(cc2)O)=C(C(N1)=O)c1ccnc(c1)NC1CCC1,0.74601323,2.463839319,335.363,2.3188,-8.8,-8.3
c1(Nc2cc(-c3ccccc3)nc(C)c2)nccc(C2CCOCC2)n1,0.754344361,2.425372546,346.434,4.48462,-9.1,-8.7
c12c(cnc(NCCO)n1)CCCC2=C1C(Nc2cc(ccc21)Cl)=O,0.735973413,2.796280082,356.813,2.7334,-8.8,-8.5
c1c(nc(NC2CCCC2)nc1C1CCCC1)-c1nc(Nc2cccc(F)c2)sc1,0.474048872,2.552081466,423.561,6.4949,-9.8,-8.9
C1(C=Cc2ccc(cc2)NC2CCCC2)=C(c2ccc(cc2)F)C(NC1=O)=O,0.765053817,2.486236604,376.431,4.3036,-9,-8.9
n1c(NC(C2CCC2)=O)cc(C2C(NC(=O)C=2c2cccc(F)c2)=O)cc1,0.815250999,2.415704302,365.364,2.5265,-9.4,-9.1
N1C(=O)C(=C(C1=O)c1cc(ncc1)NC1COCC1)c1ccc(cc1)OC,0.786436828,2.967722524,365.389,1.8582,-8.8,-8.5
C1(NC(C(C1)=Cc1cc(NC2CCOCC2)ncc1)=O)=O,0.642615954,2.74173038,287.319,1.1024,-7.8,-7.4
C(=O)(CCC)Nc1cc(C2C(=O)NC(C=2c2ccccc2)=O)ccn1,0.821322072,2.28649934,335.363,2.3874,-8.3,-8.5
O=C1C(=C(C(=O)N1)c1ccnc(c1)NC1CCOCC1)c1cc(Cl)c(Cl)cc1,0.742939941,2.633025814,418.28,3.5465,-9,-9.3
n1c(-c2ccnc(NC(C3CCCN(C(C)=O)C3)=O)c2)c2c(nccc2)[nH]1,0.74150175,2.922337317,364.409,2.2169,-9,-8.8
c1(nccc(-c2cc(NC3COCCC3)ncc2)c1OC)NC(C1CC1)=O,0.814953226,3.056311281,368.437,3.0916,-8.8,-7
c1cc(C(N)=O)ccc1C1=C(C(NC1=O)=O)c1cc(ncc1)NC1CCCC1,0.691628795,2.461196775,376.416,2.1022,-9.6,-9.3
c1ccc(-c2ccc3c([nH]nc3OC)c2)cc1NC(=O)CCC,0.74891501,2.150504109,309.369,3.9771,-8.2,-7.8
O1CCC(NC(=O)N(C)C)C(c2ccnc(c2)NC(=O)C2CC2)=C1,0.882091439,3.382394888,330.388,1.8311,-8,-7.5
O=C1C(=C(c2cc(ncc2)NC2CCOCC2)C(=O)N1)c1cccc(c1)Cl,0.793382813,2.579779216,383.835,2.8931,-9,-9.1
c1c(C2=C(c3cc(N4CCCCC4)ccc3)C(=O)NC2=O)ccnc1,0.87733691,2.302044914,333.391,2.6391,-9.1,-8.6
C(C)NC(NC1CCC(CC1)Nc1c2cc(F)c(cc2ncc1)F)=O,0.791507757,2.359053186,348.397,3.5552,-8.4,-8.1
c1[nH]c2c(ccc(NC(=O)CCC)n2)c1C(=O)Nc1cccc(F)c1,0.661796958,2.202714508,340.358,3.6929,-8.4,-7.9
Clc1c(ccc(c1)C1C(=O)NC(C=1c1ccnc(NCC2CCOCC2)c1)=O)Cl,0.703228881,2.659850649,432.307,3.7941,-8.5,-8.5
C1(NC(=O)C(=C1c1cn(C)c2c1cccn2)c1cccc(C(N)=O)c1)=O,0.69575306,2.509803146,346.346,1.2394,-8.6,-8.7
c1(ccc(cc1)O)C1=C(c2cc(ncc2)NC2CCC2)C(NC1=O)=O,0.74601323,2.463839319,335.363,2.3188,-8.7,-8.3
c1(C2C(NC(C=2c2cccc(c2)OC)=O)=O)ccc(Cl)cc1,0.886465322,2.024975715,313.74,2.9158,-8.3,-8
c1cc(cc(OC)c1)C(=O)Nc1nccc(C2=CNN3CCCC3C2)c1,0.887113137,3.144472034,350.422,3.0561,-9,-8.1
c1ncc2c(n(-c3ccc(nc3)NC3CCOCC3)c(N)n2)c1,0.768548529,2.651009004,310.361,1.9886,-7.7,-8.1
c1ccc(cc1C1=C(c2ccc(F)cc2)C(NC1=O)=O)Cl,0.866674616,2.053511939,301.704,3.0463,-8.3,-7.5
c1(ccccc1C1C(NC(C=1c1ccnc(NC2CCCCC2)c1)=O)=O)F,0.813387824,2.442153772,365.408,3.5325,-9.3,-9
c1cc(C2=C(c3ccnc(NC4CCCCC4)c3)C(=O)NC2=O)ccc1F,0.813387824,2.407270341,365.408,3.5325,-9.5,-9.1
c1(nccc(-c2ccc3c(c2)C(=O)NCC3)c1)NC1CCOCC1,0.911318491,2.504282641,323.396,2.6254,-8.9,-9.3
c1(N2CCOCC2)nccc(c1)-c1n[nH]c(n1-c1ccc2ccccc2c1)=O,0.597420655,2.40815583,373.416,2.6124,-9.3,-9.6
Fc1ccc(nc1)NCC1CCC(CC1)NC(=O)CCOCC,0.722184332,2.314891521,323.412,2.7342,-7,-6.6
C1CCCC(Nc2nccc(-c3n[nH]c(n3-c3ccc(cc3)F)=O)c2)C1,0.752588492,2.379015117,353.401,3.5063,-8.8,-8.4
c1cc(ccn1)C1=C(C(=O)NC1=O)c1cc(NC2CCOCC2)ncc1,0.814437546,2.651842647,350.378,1.6347,-8.8,-8.3
c1(cc(C2=C(C(=O)NC2=O)c2ccc(Cl)cc2)ccn1)Nc1ccccc1,0.674840925,2.231207619,375.815,4.0458,-8.6,-9.1
c1(NC2CCOCC2)nccc(Nc2ccnc(Nc3ccc(cc3)Cl)c2)c1,0.531942342,2.430990306,395.894,5.2081,-8.9,-8.3
c1c2c(ccc1)cc(-n1c([nH]nc1-c1cn(C)nc1-c1cc(ncc1)NC1CCOCC1)=O)cc2,0.407997011,2.851861785,467.533,3.7672,-9.1,-8
c1cc(ccc1NC1=C(c2cc(ncc2)NC2CCOCC2)C(=O)NC1=O)F,0.687508923,2.611822929,382.395,2.2912,-8.8,-8.7
C1CCCC1Nc1nccc(c1)C1C(NC(C=1c1ccc2ccccc2c1)=O)=O,0.663980407,2.436778768,383.451,4.1565,-10.1,-9.7
c1nc(NC2CCOCC2)cc(C2=C(c3ccc(cc3)F)C(=O)NC2=O)c1,0.81135624,2.535260281,367.38,2.3788,-9.2,-8.9
c1(Nc2ccc(cc2)F)n[nH]c2cc(-c3ccncc3)ccc12,0.585371595,2.108528913,304.328,4.5076,-8.3,-8.6
c1cc(ccc1F)C1=C(c2cc(ncc2)NC2CCOCC2)C(=O)NC1=O,0.81135624,2.535260281,367.38,2.3788,-9,-8.9
c1ccc2c(cc(n2C)C(=O)NCC2CCOCC2)c1,0.93163061,2.141904655,272.348,2.3347,-7.6,-7.7
c1cccc(C2C(NC(C=2c2ccnc(NC3CCCC3)c2)=O)=O)c1,0.843948257,2.337633323,333.391,3.0033,-8.8,-8.2
C1CCC(Nc2nccc(c2)-c2c(OC)cnc(NC3CCCC3)n2)CC1NC(=O)C,0.621975926,3.383179287,424.549,3.7609,-9.1,-8.3
c1(nccc(c1)C1=C(C(NC1=O)=O)c1ccc(OC)cc1F)N,0.834880617,2.455758763,313.288,1.3787,-8.2,-7.7
n1c(c(C2C(NC(C=2c2ccccc2OC)=O)=O)ccc1Cl)OC,0.680020689,2.430566673,344.754,2.3194,-7.7,-7.6
c1cccc(C2C(NC(=O)C=2c2cc(NC3CCCC3)ncc2)=O)c1,0.843948257,2.337633323,333.391,3.0033,-8.8,-8.3
c1(NC2=C(C(NC2=O)=O)c2cc(ncc2)NC2CCCCC2)ccccc1,0.711012175,2.435705514,362.433,3.3058,-8.6,-8.9
c1(C2=C(C(NC2=O)=O)c2cccc(I)c2)ccnc(NC2CCOCC2)c1,0.525540299,2.723857323,475.286,2.8443,-9.2,-9
c1c(OC)c(ccc1)C1C(=O)NC(C=1c1ccnc(c1)NC1CCCC1)=O,0.798456144,2.407050222,363.417,3.0119,-8.9,-8.5
N(C(C)C)c1nccc(C2C(=O)NC(=S)N2)c1,0.696965995,3.191654432,250.327,0.9473,-6.9,-6.4
c1(cccc(C(N)=O)c1Cl)-c1cc(NC(C2CC2)=O)ncc1,0.909367136,2.181500406,315.76,2.8494,-8.2,-7.8
C1CC(Nc2nccc(c2)C2=C(C(=O)NC2=O)c2ccc(F)cc2)CCC1,0.813387824,2.407270341,365.408,3.5325,-9.3,-8.7
c1(CN(C)C)cccc(C2=C(C(=O)NC2=O)c2cccc(Cl)c2)c1,0.870486484,2.248185961,340.81,2.9688,-8.2,-8.3
C(Oc1ccnc(NC2C3CCC(N3C3CCC3)CC2)n1)c1ccc(F)cc1,0.813189692,4.175636362,382.483,4.1545,-8.6,-8.4
c1c(C2C(NC(C=2c2ccnc(c2)NC2CCOCC2)=O)=O)ccc(F)c1,0.81135624,2.535260281,367.38,2.3788,-9.1,-8.9
c1(-c2n(-c3ccc4ccccc4c3)c([nH]n2)=O)ccnc(NC2CCCOC2)c1,0.560847365,3.001916293,387.443,3.3667,-9.6,-9.5
C1COCCC1Nc1nccc(C2C(=O)NC(C=2c2cccc(Cl)c2)=O)c1,0.793382813,2.579779216,383.835,2.8931,-9.1,-8.9
c1cc(cc(c1O)OC)C1=C(C(NC1=O)=O)c1cc(NC2CCOCC2)ncc1,0.663991913,2.664269741,395.415,1.9539,-9.2,-9.1
c1(C(=O)N)c(NC(C)C)sc(-c2ccc(C)c(C#N)c2)c1,0.906280601,2.599144025,299.399,3.5144,-7.7,-7.8
C1COCCC1Nc1nccc(c1-c1ccc2c(c1)c(NC1CCOCC1)ncc2)Cl,0.575014131,2.793131296,438.959,5.132,-8.9,-8.8
c1(Cl)ccc(Nc2nccc(c2)-c2[nH]c(nc2-c2ccnc(c2)NC2CCOCC2)C)cc1,0.335256215,2.717780934,460.969,5.83002,-10.2,-9.1
c1c(-c2ccnc(c2)NC2CCOCC2)c(nn1C)-c1ccc(cc1)F,0.774177222,2.434997303,352.413,3.8791,-8.8,-8.3
c1cc(C2=C(C(NC2=O)=O)c2ccc(C(=O)N)cc2)cc2c1OCO2,0.815660729,2.300269438,336.303,1.0814,-8.5,-8.3
C1(Nc2ncc(cc2)Cl)C(=O)NC(C=1Nc1ccccc1)=O,0.753018715,2.471514566,314.732,2.127,-8.3,-7.7
c1(ccc(cc1)C1C(=O)NC(=O)C=1c1ccnc(NC2CCCC2)c1)Cl,0.808919745,2.395863336,367.836,3.6567,-8.7,-8.7
c1(ccc2cccnc2c1)-c1cncc(c1)NC(C)C,0.772150041,2.149271764,263.344,4.1171,-7.9,-7.6
Brc1cc(cc(c1O)O)C=C1C(N=C(NCc2ccncc2)S1)=O,0.536043123,2.665858596,406.261,3.0154,-8.1,-7.7
c1ccc2c(c(n[nH]2)-c2ccnc(NC3CCOCC3)c2)c1,0.778311456,2.367044336,294.358,3.2158,-8,-8.5
c1(NC2=C(C(NC2=O)=O)c2cc(NC3CCC(CC3)O)ncc2)c(cccc1)OC,0.542609589,2.649805518,408.458,2.2852,-9,-8.3
c12c(cc(Cl)cc2)[nH]nc1NC(CCC)=O,0.862393524,2.117502322,237.69,2.9549,-6.8,-6.2
C1(=C(c2c3ccc(cc3n(c2)C)F)C(NC1=O)=O)c1c2ccccc2n(c1)C,0.54790134,2.542878041,373.387,3.3763,-9,-8.8
O=C1C(=C(Cc2ccc(Cl)cc2)C(=O)N1)c1ccnc(C)c1,0.886512095,2.452442216,312.756,2.69612,-8.1,-8.2
C1CC1Nc1nccc(c1)-c1n[nH]c2c1cc(cn2)-c1ccncc1,0.5975314,2.574046454,328.379,3.6562,-9,-8.8
O=C1NC(C(=C1c1ccnc(Nc2cccc(c2)OC)c1)c1ccccc1)=O,0.672135159,2.258771647,371.396,3.401,-9.3,-8.7
c1c(cc(cc1)Cl)C1=C(c2ccc(cc2)Cl)C(=O)NC1=O,0.860728599,2.047452486,318.159,3.5606,-8.4,-7.7
n1cccc(c1NC1CCCC1)C1C(=O)NC(C=1c1ccc(Cl)cc1)=O,0.808919745,2.387083028,367.836,3.6567,-8.6,-8.4
C1NCCC(C1)NC(=O)c1cc(ncc1)NC1CCC(CC1)Oc1ccccc1,0.700467366,2.385096227,394.519,3.3655,-8.6,-8.6
C1CC(CCC1N)Nc1cc(C2=C(C(=O)NC2=O)c2cccc(c2)C)ccn1,0.712957434,2.612495429,376.46,2.63902,-9.4,-9
c1(ccc(cc1)C1C(=O)NC(C=1c1ccnc(NC2CCCCC2)c1)=O)F,0.813387824,2.407270341,365.408,3.5325,-9.5,-8.7
C1(=O)NC(=O)C(=C1c1ccc(Cl)cc1)c1cn(c2ccc(F)cc21)C,0.715592679,2.333425961,354.768,3.538,-8.2,-8.4
c1cc(cc(-c2ccc(F)cc2)c1)NC1C2CC(C=C2)C1,0.790375468,3.807186636,279.358,4.8692,-8.4,-8.2
c1c2n(CC)cc(C3=C(c4ccc(cc4)Cl)C(NC3=O)=O)c2ccc1,0.728641289,2.248426317,350.805,3.8818,-8.1,-7.9
C1CC(CCN1C(=O)C)Nc1c2c(ncn1)n(c(=O)[nH]2)-c1ccccc1,0.745221601,2.434435028,352.398,1.5316,-9.2,-8.3
c1nc(ncc1-c1n2CC(CNc2nn1)F)NC1CCCC1OC,0.875633585,4.286545539,333.371,1.4781,-8,-7.6
N(C1CCCC1)c1cc(ccn1)-c1n[nH]c(=O)n1-c1cc2ccccc2cc1,0.565510953,2.416380112,371.444,4.1303,-8.9,-9.4
C1CC(CCO)CCC1Nc1nccc(C2C(NC(=O)C=2c2csc(n2)-c2ccc(F)cc2)=O)c1,0.42587627,2.838917262,492.576,4.2645,-9.8,-8.5
N(C(=O)C)c1cc(ccn1)C1=C(C(=O)NC1=O)c1cc(NC2CCC2)ncc1,0.68680843,2.672395665,377.404,1.9666,-9.3,-8.7
c1c(cc2c(c1)ncc(-c1ccnc(NC3CCOCC3)c1)c2)C(N)=O,0.756347877,2.398489004,348.406,2.9866,-9,-9.2
c1(cc(n[nH]1)C1C(NC(C=1c1cc([nH]n1)-c1ccccc1)=O)=O)CC,0.634652697,2.855489698,333.351,1.9294,-8.5,-8.1
c1ccc(C#N)cc1C1C(=O)NC(=O)C=1c1ccnc(NC2CC2)c1,0.837180153,2.565893273,330.347,2.09478,-8.8,-8.3
c1c(O)cccc1C1=C(C(NC1=O)=O)c1ccnc(NC2CCOCC2)c1,0.716234787,2.644270341,365.389,1.9453,-9,-8.8
N(CCCOC)c1nccc(c1)-c1cc(ncc1)NC1CCC(OC)CC1,0.651342236,2.508133167,370.497,3.9615,-7.7,-7.5
O=c1n(C)c2cc(c(NC3CCC(O)CC3)cc2cc1)F,0.892684316,2.424943229,290.338,2.393,-8.3,-8.4
C1COCCC1Nc1cc(ccn1)C1C(=O)NC(C=1c1ccc(cc1)Cl)=O,0.793382813,2.530676849,383.835,2.8931,-8.7,-8.9
c1cc(cc(C2=C(c3cccc(CO)c3)C(NC2=O)=O)c1)F,0.850198021,2.211110454,297.285,1.8852,-7.8,-7.6
Clc1ccc(cc1)-c1cnc2[nH]nc(-c3ccc(cc3)F)c2c1,0.558332142,2.092888108,323.758,5.0844,-9.1,-8.6
C(=O)(CCCC)Nc1ccc2c(n1)nc(NC1CCCC1)nc2,0.852810124,2.360242873,313.405,3.508,-7.8,-7.6
c1cc(ccc1F)C1=C(C(=O)NC1=O)c1cc(ncc1)NC1CCOCC1,0.81135624,2.535260281,367.38,2.3788,-9.1,-8.9
c1(C(=O)N)cc(Nc2ncc(c(c2)C)C(=O)N)c2ncccc2c1,0.676485646,2.423918453,321.34,1.87962,-8.8,-8.3
c1nc(NC(CC)C)cc(C2=C(C(=O)NC2=O)c2ccc(Cl)cc2)c1,0.804991422,2.867139802,355.825,3.5126,-8,-8.1
N(CCC)C(=O)Nc1n[nH]c2cc(ccc21)-c1ccccc1,0.685362848,2.033801242,294.358,3.7614,-8.1,-7.7
c1cc(ccc1C1C(NC(C=1c1ccnc(NCc2sccc2)c1)=O)=O)F,0.666270774,2.470304068,379.416,3.4615,-8.3,-8.4
C1CC(C1)N=C1NC(=O)C(=Cc2c(ccc(Br)c2)OC)S1,0.831415212,2.943908809,367.268,3.5701,-7.3,-6.7
C1OCCN(C1)c1cc2c(n[nH]c2cc1)NC(CCC)=O,0.903991406,2.263382082,288.351,2.1381,-7.6,-7.1
c1cccc(CNC2CCC(CC2)Nc2ncc3c(c2)n(C(C)C)c(=O)cc3)c1F,0.624392666,2.59513253,408.521,4.6294,-9,-9
C(=O)(Nc1cc(ccn1)-c1ccccc1)CCC,0.888438488,1.707102112,240.306,3.4872,-7.2,-7.1
c1(C2=C(c3ccnc(NC4CCOCC4)c3)C(=O)NC2=O)cccc(F)c1,0.81135624,2.588614128,367.38,2.3788,-9.2,-9
C1COCCC1Nc1ccc2c(n1)n[nH]c2-c1cccc(c1)NC1CCOCC1,0.611378477,2.753721685,393.491,3.8067,-9.3,-8.7
c1(N2CCOCC2)cc(-c2nc(sc2)NC(=O)C2CC2)ccn1,0.932178421,2.225282138,330.413,2.3902,-7.8,-7.3
c1(Br)cc2c(nn(c2)C)cc1-n1c(nnc1-c1ccnc(NCC2CCOCC2)c1)S,0.401798123,3.12425755,500.426,4.1057,-8.3,-7.9
c1c(csc1)C1=C(C(NC1=O)=O)c1cc(NC2CCOCC2)ncc1,0.822862577,2.783650182,355.419,2.3012,-8.9,-8.5
C1(=O)C(=C(c2ccnc(NC3CCC3)c2)C(=O)N1)c1ccc(F)cc1,0.841806812,2.399366946,337.354,2.7523,-8.7,-8.4
c1c(cc(cc1)C1=C(C(=O)NC1=O)c1cc(NC2CCCCC2)ncc1)Cl,0.783688512,2.451789275,381.863,4.0468,-9.4,-9
n1ccc(cc1NC1CCCC1)C1=C(c2ccc(F)cc2)C(=O)NC1=O,0.830425976,2.400630105,351.381,3.1424,-9.1,-8.8
c12c(cc(nc1)NC1CCOCC1)cc(-c1cccc(n1)NC1CCOC1)cc2,0.683975798,3.109184438,390.487,4.0885,-9.5,-9
c12c(=O)n(ccc2[nH]nc1)C1CCC(CC1)NC(NC1CCCC1)=O,0.799171716,2.575789065,343.431,2.4501,-8.5,-8.4
C1(C(c2cc(NC3CCC(N)CC3)ncc2)=C(C(N1)=O)c1cc(F)ccc1)=O,0.708259164,2.633645429,380.423,2.4697,-9.6,-8.6
C1CCC(Nc2nc(ccn2)-c2c(nc(C)nc2)OC)C(N1)=O,0.865555386,3.174162424,314.349,0.94112,-8.1,-7.3
C1CC(CCN1C(NC1CCC(CC1)Nc1nc2c(cccc2)cc1Cl)=O)N,0.731000837,2.434689596,401.942,3.744,-9.4,-8.8
c1cc(C2=C(c3c(OC)cccc3)C(NC2=O)=O)ccc1F,0.885129722,2.006151645,297.285,2.4015,-8,-7.6
c1(C2=C(c3ccc(F)cc3)C(=O)NC2=O)cc(ncc1)NC1CCCC1,0.830425976,2.400630105,351.381,3.1424,-9,-8.7
C1(C(=O)NC(C=1c1ccnc(NC2CCOCC2)c1)=O)c1ccc(cc1)OC,0.774833116,2.510002416,379.416,2.2483,-9.2,-9
C1(NC(=O)C(=C1c1ccccc1Cl)c1ccnc(c1)NC1CCOCC1)=O,0.793382813,2.55072892,383.835,2.8931,-9,-9
c1nn(CC2CCCO2)c2nc(ncc21)NC1CCCC1,0.934851695,3.002056581,287.367,2.3598,-7.4,-7.1
O=C(CCC)Nc1n[nH]c2ncc(cc21)-c1ccccc1,0.769418044,2.158598475,280.331,3.3635,-7.8,-8.2
c1cc(C2C(NC(=O)C=2c2ccc(Cl)c(c2)Cl)=O)cnc1NC1CCOCC1,0.742939941,2.618335045,418.28,3.5465,-9.1,-8.1
Clc1cc(ccc1)C1=C(c2cn(c3c2cccc3)C)C(=O)NC1=O,0.72915021,2.273399546,336.778,3.3989,-8.5,-8.3
c1c(cc(c(c1)C(N)=O)F)C1C(=O)NC(C=1c1ccnc(NC2COCC2)c1)=O,0.650290353,3.200891257,396.378,1.0876,-9.2,-9.5
CCCC(=O)Nc1cc(C2=C(c3ccc(cc3)Cl)C(=O)NC2=O)ccn1,0.792725446,2.346913578,369.808,3.0408,-8.3,-8.9
C(=O)(N1c2ncc(cc2CC1)-c1ccnc(c1)NC1CCOCC1)C,0.931765527,2.647946494,338.411,2.6435,-8.8,-8.4
c1cc(Cl)ccc1C1=C(c2ccnc(NC3CCOCC3)n2)C(NC1=O)=O,0.785469677,2.598515903,384.823,2.2881,-8.7,-8.9
C1CCC(CC1)Nc1nccc(-c2nc(c[nH]2)-c2cc(ccc2)Cl)c1,0.6480205,2.574695727,352.869,5.5367,-8.8,-8.2
c12c(c3c([nH]1)nccc3)c(NC(CCC)=O)n[nH]2,0.658531459,2.808947083,243.27,2.1778,-7.3,-7.1
N1C(=O)C(=Cc2sccc2)C1=Nc1cccc(C2CCOCC2)c1,0.68180225,3.020410702,338.432,3.8855,-8.4,-8.2
O=C1C(=C(Nc2nccc(c2)C2CCCCC=2)C(=O)N1)c1sc(cc1)Cl,0.772270563,2.969119951,385.876,4.2335,-9.1,-8.8
c1c(ccnc1NC1CCC1)C1=C(c2ccc(cc2Cl)Cl)C(NC1=O)=O,0.779352416,2.496296507,388.254,3.92,-8.9,-8.5
n1[nH]c(=O)n(-c2ccc3c(cccc3)c2)c1-c1cc(NC2CCOCC2)ncc1,0.560847365,2.543330396,387.443,3.3667,-9.5,-9.9
c1cc(NC2=C(c3ccnc(NC4CCC4)c3)C(COC2)=O)ccc1Cl,0.829528857,2.74439872,369.852,4.1219,-8,-8.2
N(c1nc(nc(NC2CCCC2)c1)NC1=C(c2ccccc2)C(NC1=O)=O)C1CCCC1,0.494564674,2.724351431,432.528,3.6652,-9.6,-8.7
c1c(ccc(F)c1)C1C(NC(=O)C=1c1ccnc(c1)NC1CCCC1)=O,0.830425976,2.400630105,351.381,3.1424,-8.9,-8.7
c1c(C2C(NC(C=2c2ccncc2)=O)=O)cc(NC2CCOCC2)nc1,0.814437546,2.651842647,350.378,1.6347,-8.9,-8.5
C1=C(c2cc(ncc2)NC2CCC2)C(=O)NC1=O,0.779377825,2.682409996,243.266,1.0858,-7.4,-7.1
O=C1NC(C(c2ccccc2)=C1c1ccc(cc1)OC)=O,0.876798261,1.888820544,279.295,2.2624,-7.5,-7.6
C1OCCC(Nc2nccc(c2)-c2n[nH]c(n2-c2cc3c(cc2)cccc3)=O)C1,0.560847365,2.543330396,387.443,3.3667,-9.1,-9.7
C1CC1Nc1nccc(C2C(NC(C=2c2ccc(cc2)F)=O)=O)c1,0.847539882,2.386561311,323.327,2.3622,-8.2,-7.7
O=c1n(c(n[nH]1)-c1ccc(cc1)F)-c1cc(ncc1)NC1CCCCC1,0.752588492,2.394515522,353.401,3.5063,-9,-8.6
C1(=O)NC(C(c2ccnc(NC3CC3)c2)=C1c1cc(ccc1)C(N)=O)=O,0.705272532,2.495562472,348.362,1.322,-8.8,-8.2
c1(cc(NC2CCOCC2)ncc1)C1=C(c2ccc(cc2)F)C(=O)NC1=O,0.81135624,2.535260281,367.38,2.3788,-9.2,-8.8
c1cc(C2C(NC(C=2c2ccc(cc2)F)=O)=O)cc(n1)NC1CCC1,0.841806812,2.399366946,337.354,2.7523,-8.7,-8.4
C1(=O)C(Nc2cc(-n3cnc4c3ccc(c4)C)ccn2)=C(C(N1)=O)c1ccccc1,0.518188539,2.629420452,395.422,3.20852,-9.3,-9.3
Fc1cc(cc(OC)c1)C1C(NC(=O)C=1c1cc(ncc1)NC1CCCC1)=O,0.778035747,2.577317545,381.407,3.151,-9.3,-8.6
c1cc(C2=C(C(NC2=O)=O)c2cc(NC3CCCC3)ncc2)cc(c1)F,0.830425976,2.456118105,351.381,3.1424,-9.1,-8.8
c1(F)cc(ccc1)-c1cc([nH]c2c1cc(-c1ccccc1)cn2)=O,0.595709815,2.087099837,316.335,4.3962,-9.3,-8.9
C1(NC(C(NC1=O)=CC=Cc1c(Cl)c(ccc1)Cl)=O)=O,0.495424422,2.886429362,311.124,1.6631,-8.2,-8.2
CCCC(NC1CCC(CC1)Nc1ncc2c(n1)n(c(=O)n2C(C)C)C)=O,0.809406762,2.6425635,374.489,2.3503,-7.8,-7.8
c1cc2c(ccc(OC)c2)c(NC(CCC)=O)n1,0.899083437,1.937831716,244.294,2.982,-7,-6.5
S(C)c1nc(-c2nc(c(cc2)F)Nc2cccc(F)c2)cc(n1)NC1CCCCC1,0.370087652,2.56469207,427.524,6.0269,-9.6,-8.6
c1c(nccc1-c1[nH]c(C(=O)N)nc1-c1ccccc1)NCC1CCCO1,0.624342403,2.997473239,363.421,2.8285,-8.9,-7.6
O=c1n(C(C)C)cc(cc1)C1=C(c2ccc(Cl)cc2)C(=O)NC1=O,0.871824599,2.482560077,342.782,2.6498,-8.8,-8.7
c1cc(ccn1)C1=C(C(NC1=O)=O)c1cc(NC2CCOCC2)ncc1,0.814437546,2.651842647,350.378,1.6347,-8.9,-8.6
c1c(ccc(c1)OC)C1=C(C(=O)NC1=O)Nc1cc(C2=CCCCC2)ccc1,0.772396558,2.46565028,374.44,4.1322,-8.9,-8.8
c1c(C2=C(C(NC2=O)=O)c2ccnc(c2)NC2CCOCC2)ccc(c1)Cl,0.793382813,2.530676849,383.835,2.8931,-8.9,-9
n1[nH]c2c(cccc2c1NC(CCCC)=O)-c1cc(NC2CCCCC2)ncc1,0.496630338,2.549152523,391.519,5.4982,-8.8,-8.5
C1OCCC(C1)NC1C(=O)NC(=O)C=1c1ccnc(c1)NC1CCC1,0.696165898,2.803145467,342.399,1.1821,-8.2,-7.6
c1nc(c(-c2cc(NC3CCCC3)ncc2)cc1)NC(C1CC1)=O,0.87730162,2.32228665,322.412,3.8466,-8.1,-7.6
c1cc(C2=C(c3ccnc(NC4CCOC4)c3)C(NC2=O)=O)ccc1,0.833712304,2.940261367,335.363,1.8496,-8.4,-8.3
c1c(Cl)cnc(c1)NC1=C(c2ccc3c(OCO3)c2)C(NC1=O)=O,0.827864272,2.584072269,343.726,1.9433,-8.4,-7.9
c1cc(ccc1C)C1C(=O)NC(C=1c1cc(ncc1)NC1CCOCC1)=O,0.816294316,2.518153181,363.417,2.54812,-9,-9
c12ccccc2C(=O)NC1=C1C(=O)NC(NC1=O)=Nc1ccccc1,0.537947455,2.877433928,332.319,1.0748,-9.5,-9.2
c1cc(C(N)=O)cc(-c2ncnc(c2)NC(=O)C2CC2)c1,0.889249919,2.054058744,282.303,1.591,-8,-7.5
c1c(C#N)cc(C2=C(C(NC2=O)=O)c2ccc(cc2)F)cn1,0.853550597,2.460535516,293.257,1.65958,-8,-7.9
c1(cc(ccn1)NC1CCC(N)CC1)-c1ccnc(c1)NC(C1CC1)=O,0.769229965,2.458274413,351.454,3.1739,-8.2,-8.4
c1cc(ccc1C1=C(c2ccccc2OC)C(=O)NC1=O)F,0.885129722,2.006151645,297.285,2.4015,-7.6,-7.5
c1(NC2CCN(CC2)C(C)C)nc(ccn1)-c1nccc(Nc2cc(Cl)ccc2)c1,0.567267548,2.468058648,422.964,5.2203,-9.3,-8.8
Clc1cc(ccc1)C1C(=O)NC(C=1c1cc(ncc1)NC1CCCCC1)=O,0.783688512,2.451789275,381.863,4.0468,-9.3,-9.1
O=C1NC(=O)C(c2ccc(F)cc2F)=C1Nc1ccc(N2CCOCC2)cc1,0.790646111,2.419474852,385.37,2.281,-8.7,-9.4
c12c(n[nH]c1ncc(c2)-c1ccc(cc1)F)NC(CCC)=O,0.774075026,2.228756324,298.321,3.5026,-8.3,-8
c1(C2=C(c3cc(C(=O)N)ccc3)C(NC2=O)=O)ccnc(c1)NC1CCCC1,0.691628795,2.509152929,376.416,2.1022,-9.7,-9
c1c(cc(C2=C(Nc3cc(ccc3)Cl)C(NC2=O)=O)cc1)OC,0.846909254,2.183917524,328.755,2.8282,-7.6,-8.2
C(C)CC(=O)Nc1nccc(-c2n[nH]c(n2-c2ccc3c(c2)cccc3)=O)c1,0.559778748,2.371287887,373.416,3.5144,-8.6,-8.4
c12c(cnn2C(C)C)c(NC2CCCC2)nc(-c2cnccc2)c1,0.772154517,2.53597632,321.428,4.4287,-8.4,-7.9
C1CCCC1Nc1cc(C2C(NC(C=2c2sccc2)=O)=O)ccn1,0.840012109,2.60810687,339.42,3.0648,-8.4,-7.8
C1CC(Nc2nccc(n2)-c2cc(ncc2)NC(=O)C2CC2)CC1,0.882749792,2.267584452,323.4,3.2416,-8.2,-7.8
C1CC(CCO1)Nc1nccc(C2C(=O)NC(C=2c2ccc(F)cc2)=O)n1,0.799341023,2.603099335,368.368,1.7738,-9,-8.8
O=C1C(=C(C(=O)N1)c1ccc(cc1)F)c1nc(NC2CCOCC2)ccc1,0.81135624,2.565633062,367.38,2.3788,-8.8,-9.1
c1cc(cc(n1)NC1CCOCC1)OC1CCC(Nc2ccc(cc2)Cl)CC1,0.70239712,2.447465561,401.938,5.128,-8.7,-8.3
C(n1c(=O)[nH]nc1-c1ccnc(c1)NC1CCC(O)CC1)C1CCCCC1,0.750941098,2.63973122,371.485,2.9291,-8.7,-8.7
c1c(ccc(c1)Cl)C1C(NC(C=1c1ccc(Cl)cc1)=O)=O,0.860728599,1.948759687,318.159,3.5606,-8.2,-7.5
c1c(CC2CCCC2)n(C)c2c(c1=O)cnc(n2)NCCC(N)=O,0.832465943,2.78918303,329.404,1.3485,-8.3,-8
c1(Cl)c(c(cc(c1)C1C(NC(=O)C=1c1ccccc1)=O)Cl)Cl,0.649738881,2.296214656,352.604,4.214,-7.8,-7.8
O=C(C1CC1)Nc1cc(ccn1)C1C(NC(=O)C=1c1ccccc1)=O,0.837779569,2.279880489,333.347,1.9973,-8.8,-8.4
C1(CCC1)C(Nc1nccc(c1)C1=C(C(=O)NC1=O)c1cccc(F)c1)=O,0.815250999,2.415704302,365.364,2.5265,-8.9,-8.9
c1(C2=C(c3ccnc(NC4CCOCC4)c3)C(NC2=O)=O)ccc(Cl)cc1,0.793382813,2.530676849,383.835,2.8931,-8.9,-9
N1C(=O)C(=C(c2cc(C(N)=O)ccc2)C1=O)c1ccc(F)cc1,0.841772581,2.132760446,310.284,1.4918,-8.9,-8.3
c1c(-c2ccnc(NC3CCC3)c2)cc(nc1NC1CCCC1)C,0.832200832,2.368932364,322.456,4.77092,-8.5,-7.9
C1(c2ccc(F)cc2)=C(C(NC1=O)=O)Nc1cc(ccc1)Cl,0.85596987,2.153901273,316.719,2.9587,-8,-8.2
c1cc(cnc1NC1CCOCC1)C1C(NC(=O)C=1c1ccc(cc1)F)=O,0.81135624,2.520192826,367.38,2.3788,-8.9,-8.4
O=C1C(c2cccc(-c3ccc(OC)cc3)c2)=C(C(=O)N1)c1ccc(F)cc1,0.701709902,2.075711199,373.383,4.0685,-9.3,-9.4
n1(cc(C2=C(C(=O)NC2=O)c2ccc(cc2)Cl)c2ccccc21)C,0.72915021,2.217076243,336.778,3.3989,-8.1,-8.4
Cc1n(-c2cc(NC3CCOCC3)ncc2)nc2c1cccc2,0.806221574,2.449777556,308.385,3.31982,-8.4,-8.2
c1cccc2c1c1c(cccc1)c(c2NC(=O)CCC)C(=O)O,0.700672101,2.001165335,307.349,4.4298,-8.2,-8.1
C1COCCN1Cc1cccc(C2C(NC(=O)C=2c2ccc(F)cc2)=O)c1,0.843410854,2.229205252,366.392,2.2251,-8.6,-9.1
c1cc(ccn1)-c1c(C2=C(C(=O)NC2=O)c2ccnc(c2)NC2CCCC2)cccc1,0.619808193,2.520658057,410.477,4.0653,-9.5,-8.4
C(CC)(Nc1n[nH]c(c1-c1ccnc(Nc2ccccc2)c1)-c1ccncc1)=O,0.450541293,2.457261302,384.443,4.6258,-9.1,-8.6
OC(CCC(Nc1nccc(C2=C(c3ccc(cc3)F)C(=O)NC2=O)c1)=O)=O,0.650705099,2.393722338,383.335,1.5912,-8.9,-8.4
c1cccc2c1-c1c(C2=CC(N)=O)nn(C)c1C,0.655911122,2.722451118,239.278,1.62592,-7.7,-7.8
c1c(NC2CCOCC2)cc(cc1)C1=C(c2cccc(Cl)c2)C(NC1=O)=O,0.794089145,2.424947264,382.847,3.4981,-9.1,-9.3
c1cc(F)ccc1C1=C(C(NC1=O)=O)c1ccnc(c1)NC1CCCC1,0.830425976,2.400630105,351.381,3.1424,-9,-8.6
C1(=O)NC(=O)C(=C1c1cccc(NC2CCCC2)c1)c1ccc(cc1)OC,0.79750958,2.222173891,362.429,3.6169,-9,-8.4
c1(-c2ccnc(c2)NC2CCC(CC2)O)ccnc2ccccc12,0.765558444,2.255790984,319.408,4.0122,-9,-8.9
c1c(ccc(F)c1)C1=C(C(NC1=O)=O)c1cc(ncc1)NCC1CCOCC1,0.778613019,2.564246861,381.407,2.6264,-8.7,-8.7
C1CC(CCO1)Nc1nccc(C2C(=O)NC(=O)C=2c2ccc(F)cc2)c1,0.81135624,2.535260281,367.38,2.3788,-9.2,-8.9
C1(=O)C(C(C1)=O)=Cc1cc(ncc1)NC1CCCC1,0.512152082,2.667193279,256.305,2.3614,-7.4,-7.5
Fc1ccc(cc1)C1=C(c2cc(NC3CCOCC3)ncc2)C(NC1=O)=O,0.81135624,2.535260281,367.38,2.3788,-9.1,-9
C1(c2c(c(cc(F)c2)F)F)=C(c2ccc(cc2)N)C(=O)NC1=O,0.506693201,2.448948564,318.254,2.2533,-8.3,-8.2
c12cc(cnc1[nH]nc2NC(CCC)=O)-c1ccccc1,0.769418044,2.158598475,280.331,3.3635,-8.1,-7.9
c1ccc(cc1)-c1ccc2c(NC(CCC)=O)n[nH]c2n1,0.769418044,2.162309699,280.331,3.3635,-8.1,-7.6
C1C(C1)C(Nc1cc(ccn1)-c1n[nH]c(n1-c1cc2c(cc1)cccc2)=O)=O,0.576392779,2.365486177,371.4,3.1243,-9.4,-8.9
O(C)c1cccc(C2=C(c3cc(ncc3)N)C(=O)NC2=O)c1,0.830780693,2.357169511,295.298,1.2396,-8.3,-8.1
c1c(cccc1)-n1c([nH]nc1-c1cc(NC2CCCCCC2)ncc1)=O,0.703383891,2.323871248,349.438,3.7573,-8.9,-8.4
c1(C2=C(C(=O)NC2=O)c2ccc(O)c(c2)OC)cc(NC(C)=O)ncc1,0.713775162,2.477389105,353.334,1.3214,-8.6,-8.9
n1ccc(cc1NC(=O)C1CC1)C1=C(C(NC1=O)=O)c1ccc(F)cc1,0.826296828,2.34537343,351.337,2.1364,-8.9,-8.3
Cc1c(Cl)cc2c(C(CCC2(C)C)(C)C)c1,0.594953011,2.390239684,236.786,4.99742,-7.4,-7.6
c1cnc(cc1-c1n(c(=O)[nH]n1)-c1ccc(cc1)F)NC1CCOCC1,0.750426955,2.510373214,355.373,2.3526,-8.5,-8.7
c1ccc(cc1NC1CCCC1)-c1cc(ncc1)NC1CCC(CC1)O,0.722820845,2.304720399,351.494,4.8185,-9,-8.6
c1c2ccc(cc2ccc1)C1=C(C(NC1=O)=O)c1ccc(F)cc1,0.734837591,2.051723774,317.319,3.5461,-8.9,-8.7
O=C1NC(=O)C(c2cc(NC(C3CC3)=O)ncc2)=C1c1cccc(C#N)c1,0.810485043,2.519348229,358.357,1.86898,-8.8,-8.9
N1(CCCCC1)c1ncc2c(n[nH]c2n1)NC(CCC)=O,0.899135207,2.481592927,288.355,2.0818,-7.8,-6.9
c1c(C2=C(c3ccnc(NC4CCCC4)c3)C(NC2=O)=O)ccc(c1)F,0.830425976,2.400630105,351.381,3.1424,-9,-8.6
c1(c2cc(NC3CCCCC3)ncc2[nH]n1)NC(CCCN(C)C)=O,0.718777404,2.553474313,344.463,2.9828,-7.6,-7.2
c1cc(C2C(=O)NNC=2c2cccc(OC)c2)cnc1NC1CCCCC1,0.633984217,2.508685261,364.449,4.1852,-9.1,-9.3
N(c1n[nH]c(-c2cccc(c2)F)c1)C(C1CC1)=O,0.872667748,2.096038955,245.257,2.5643,-7.3,-7.2
N1CCC(Nc2nc3c(cn2)cnn3C(C)C)CC1,0.876529841,2.654356636,260.345,1.5711,-6.8,-6.7
c1cc(F)ccc1C=C1SC(NC1=O)=NCc1cc(F)ccc1,0.871534551,2.680432081,330.359,3.7249,-8,-8.1
c1(-c2ccc3c(NC(=O)CCC)n[nH]c3n2)ccc(OC)cc1,0.756891144,2.200174039,310.357,3.3721,-7.7,-7.8
c1cc(ccc1)-c1cc(NC2CC(C)CCC2)ncc1,0.867633842,2.662510544,266.388,4.7392,-8,-7.9
c1cc(ccc1C1=C(N2CCc3c2ccc(O)c3)C(NC1=O)=O)OC,0.836276451,2.489259687,336.347,1.831,-8.2,-8.1
n1c(ncc2c1[nH]nc2NC(=O)CCC)NC1CCCC1,0.785059534,2.517783595,288.355,2.446,-7.9,-7.2
O=C1NC(=O)C(c2ccnc(NC3CCC3)c2)=C1c1ccc(Cl)cc1,0.827499606,2.394331626,353.809,3.2666,-8.5,-8.2
c1cc(cc(c1)C=C1SC(NC1=O)=NC1CC1)Nc1ncccc1,0.838149594,2.884031046,336.42,3.5475,-8.2,-7.6
c1(C2C(NC(C=2c2cc3cc(ccc3[nH]2)Cl)=O)=O)c(F)cccc1C,0.686832777,2.571366181,354.768,3.83602,-8.7,-8.8
c1(cc(NC2CCN(C(=O)NCC)CC2)ncc1Cl)-c1n(-c2ccc3CCc3c2)nc(n1)C,0.59432353,2.799288171,465.989,3.99552,-9.2,-8.1
s1c(cc(c1Cl)-c1cc(c(cc1)F)F)C(N)=O,0.894729256,2.320059893,273.691,3.4456,-7.3,-7.3
c12c(cccc2cccc1)NC1C(NC(C=1c1ccc(cc1)F)=O)=O,0.72232448,2.147883928,332.334,3.4585,-8.4,-9.1
c1c(C2C(=O)NC(C=2Nc2cccc(OC)c2)=O)ccnc1Nc1ccc(F)cc1,0.545261025,2.407269203,404.401,3.4525,-8.7,-8.4
Clc1ccc(-c2ccc3c(c2)CCCN3C(C2CC2)=O)cc1,0.787181508,1.926655225,311.812,4.6962,-8,-8.3
C1C(C1)C(=O)Nc1nccc(c1)-c1cc(ncc1)NC(=O)C1CC1,0.886331622,2.175851356,322.368,2.8406,-8.4,-7.6
n1(c(NCCO)n[nH]c1=O)-c1ccc2c(ccc(c2)F)c1C,0.682885617,2.682717154,302.309,1.56552,-7.9,-7.9
c1(cc2c(C(NC2=O)=O)cc1)C1=C(c2cc(ccc2)F)C(NC1=O)=O,0.808176491,2.467905742,336.278,1.2765,-9.8,-8.9
Clc1ccc(cc1)C1C(NC(=O)C=1c1ccnc(c1)NC1CCOCC1)=O,0.793382813,2.530676849,383.835,2.8931,-8.8,-9.1
c1c(cccc1)C1C(NC(C=1c1cc(NC2CCCC2)ncc1)=O)=O,0.843948257,2.337633323,333.391,3.0033,-8.8,-8.2
c1cc(Cl)cc2[nH]c(nc12)C1C(=O)NC(=O)C=1c1ccc(F)cc1,0.703699481,2.373032804,341.729,2.9226,-8.9,-8.5
n1ccccc1NC1=C(C(NC1=O)=O)Nc1c(ccc(c1)Cl)Cl,0.739674051,2.578797051,349.177,2.7804,-8,-7.6
c12cc(c(Cl)cc2c(NCCCNC(=O)CC)n[nH]1)Sc1cc(ncc1)C,0.485393032,2.826618469,403.939,4.39912,-7.5,-8
c1cc(C2=C(C(=O)NC2=O)c2cc(ncc2)Nc2ccc(cc2)OC)ccc1,0.672135159,2.214383613,371.396,3.401,-9.3,-8.7
n1c(NC2CCC2)ccc(c1)C1C(NC(C=1c1ccc(cc1)F)=O)=O,0.841806812,2.382813966,337.354,2.7523,-8.7,-8
c1(ccc(cc1)Cl)C1C(NC(C=1c1cnc(NC2CCOCC2)cc1)=O)=O,0.793382813,2.515609394,383.835,2.8931,-8.9,-8.4
c1(C2=C(c3cc(ncc3)NC3CCCC3)C(NC2=O)=O)cc(ccc1)Cl,0.808919745,2.446929797,367.836,3.6567,-9,-8.8
c1c(cc2c(c[nH]c2c1)CC(N)=O)-c1ccnc(NC2CCOCC2)c1,0.65952679,2.488489004,350.422,2.8486,-8.7,-9.1
c1(NC2CCOCC2)cc(ccn1)C1C(NC(C=1c1c(cccc1)Cl)=O)=O,0.793382813,2.55072892,383.835,2.8931,-9,-8.9
c1(c2CCCC(=O)Nc2ncc1)-c1ccnc(NC2CCC2)c1,0.911905988,2.582151254,308.385,3.3828,-8.5,-8.7
c1cc(C2C(=O)NC(C=2c2cc(NC3CCOCC3)ncc2)=O)ccc1O,0.716234787,2.593946672,365.389,1.9453,-9.1,-8.8
c1c(cc(NCCCCN2CCOCC2)nc1)-c1cc(ncc1)OC,0.744487856,2.322353315,342.443,2.6765,-7.4,-6.7
C1CCC(Nc2nccc(c2)C2=C(C(NC2=O)=O)c2ccc(F)cc2)CC1,0.813387824,2.407270341,365.408,3.5325,-9.5,-9
c1(Cl)cc(ccc1)C1C(NC(=O)C=1c1cc(ncc1)NC1CCCCC1)=O,0.783688512,2.451789275,381.863,4.0468,-9.4,-9.1
c1cnc(cc1-c1cc(NC2CCC2)ncc1)Nc1ccc(F)cc1,0.689930838,2.171908138,334.398,4.9907,-8.4,-8.3
COc1cc(ncc1)NC1CCC(NC(=O)NC2CCC2)CC1,0.780037413,2.237115997,318.421,2.665,-7.7,-7.1
c1c(-c2nc(ncc2Cl)Nc2cc(COC)ccn2)cc(nc1)NC(C)=O,0.670652308,2.571752136,384.827,3.4354,-8.5,-7.8
c1c(nccc1-c1cc[nH]n1)NC1C(CCCC1)=O,0.884220633,3.363202564,256.309,2.3953,-7.4,-7.3
O=c1[nH]nc(-c2ccnc(c2)Nc2ccc(OC)cc2)n1-c1ccc2ccccc2c1,0.4455665,2.319777753,409.449,4.528,-9.6,-8.6
n1c(Nc2cc(-c3cc(ncc3)NC3CCCCC3)ccc2)ccc(C)n1,0.644061597,2.326321731,359.477,5.33522,-9.3,-8.6
c1cnc(c(c1)-c1n[nH]c2ccc(cc21)-c1ccc(F)cc1)NC1CCCCC1,0.440523543,2.342475834,386.474,6.1756,-9.7,-8.9
c1(C2=C(c3ccncc3)C(NC2=O)=O)ccnc(Nc2ccc(F)cc2)c1,0.699139203,2.399543122,360.348,2.9265,-9.6,-8.8
C1CC(CCO1)Nc1cc(-c2cc(NC(=O)C3CCOCC3)ncc2)ccn1,0.826536497,2.53663646,382.464,3.0996,-9.1,-8.5
O=C(CC)N1CCC(Nc2ncc3c(n2)n(c(=O)cc3-c2ccc(F)cc2)C)CC1,0.7167149,2.512905526,409.465,2.9475,-9.3,-8.5
c1(ccc2c([nH]nc2NC(=O)CCC)c1)C=C1C(=O)NC(=N1)NC1CCCC1,0.597606746,2.968715237,380.452,2.6604,-8.8,-8.1
c1cc(C2=C(C(NC2=O)=O)c2ccnc(NC3CCCCC3)c2)cc(c1)C#N,0.803436995,2.571429767,372.428,3.26508,-9.9,-9.2
C(C)(C)C(Nc1cc(-c2cc(Nc3ccc(F)cc3)ncc2)ncn1)=O,0.725750159,2.248857972,351.385,4.0158,-8.9,-8.2
c1cc(cc2c(-c3n[nH]cc3C(NCC3CCOCC3)=O)cn(C)c12)F,0.755024748,2.834516874,356.401,2.8639,-8.9,-7.8
c1(OC)cc(ccc1)C1=C(c2ccc(Cl)cc2)C(NC1=O)=O,0.886465322,2.024975715,313.74,2.9158,-8.2,-7.8
c1cc(C2C(=O)NC(C=2c2ccnc(NC3CCCC3)c2)=O)ccc1F,0.830425976,2.400630105,351.381,3.1424,-8.9,-8.6
O=C1NC(C(c2ccnc(NC3CCC3)c2)=C1c1cc(ncc1)NC1CCOCC1)=O,0.618260365,2.836782165,419.485,2.5991,-9.7,-8.7
C1CCC1Nc1nccc(C2=C(C(=O)NC2=O)c2ccc(Cl)cc2)c1,0.827499606,2.394331626,353.809,3.2666,-8.6,-8.5
C(=O)(CCN=C(N1CCOCC1)S)N1CCN(c2ccccc2OC)CC1,0.465781067,2.586130696,392.525,1.3519,-7.4,-7.5
C(NC(=O)C)CCCCNc1cc(-c2cc(F)cc(F)c2)ccn1,0.723618617,2.214026017,333.382,3.7451,-7.2,-7.4
n1ccc(cc1NC1CCOCC1)-c1cc(ncc1)Nc1c(cc(Cl)cc1)Cl,0.552919165,2.43701261,415.324,5.7849,-9,-7.5
c1cnc2[nH]nc(NC3CCOCC3)c2c1-c1cccc(NC(C)=O)c1,0.67136963,2.578046291,351.41,3.1742,-8.7,-8.2
c1c(ncnc1NC1CCOCC1)-c1c2ccc(cc2c(cc1)F)NC(C)C,0.66277294,2.625747716,380.467,4.8471,-9.2,-8.6
C1C(C(=O)Nc2cc(-c3nc(N)c(C(=O)N)s3)ccn2)CCCC1,0.78464371,2.445112216,345.428,2.405,-8.6,-7.7
O=C(c1cc(ncc1)N1CCC(c2ncc(C(=O)N)cc2)CC1)N,0.871787224,2.377345474,325.372,1.0584,-8.4,-7.7
N(C(C1CC1)=O)c1cc(C2=C(c3cc(ncc3)NC3CCC3)C(=O)NC2=O)ccn1,0.638409303,2.679034938,403.442,2.3567,-9.8,-8.5
c1(nc(NC2CCC2)ccn1)C1C(NC(C=1c1ccc(Cl)cc1)=O)=O,0.824547794,2.551029134,354.797,2.6616,-8.5,-8.1
c1cc(F)ccc1NC1C(=O)NC(=O)C=1c1cc(NCCO)ncc1,0.586476353,2.505412883,342.33,1.1045,-8,-8
N1C(C(c2cccc(O)c2)=C2c3ccc(F)cc3NC2=O)=NCC1,0.74310875,2.901099025,323.327,2.3959,-8.4,-8.5
C1NCCCC1NCCc1ccc(cc1)-c1ccc(C(N)=O)cc1,0.764225644,2.453975435,323.44,2.3366,-7.9,-7.9
O=C(NCc1cc(Cl)c(Cl)cc1)C1CCC(NC(=O)C2CC2)CC1,0.831719037,1.991327408,369.292,3.6946,-8.2,-7.5
c1cc(ccc1C)C1=C(C(=O)NC1=O)c1cc(ncc1)NCC1CCOCC1,0.783492805,2.547773357,377.444,2.79572,-8.8,-8.8
O=C1NC(C(=C1c1cc(ncc1)Nc1n[nH]cc1)c1cc(OC)ccc1)=O,0.600809815,2.889583358,361.361,2.1241,-9.1,-8
c1cncc(c1)C1C(NC(C=1c1cc(ncc1)Nc1ccccc1F)=O)=O,0.699139203,2.44698395,360.348,2.9265,-9.5,-8.8
c1(nccc(C2C(=O)NC(C=2c2cc(ccc2)F)=O)c1)NC1CCOCC1,0.81135624,2.588614128,367.38,2.3788,-9.2,-9
CC(C(Nc1cc(ccn1)-c1nc(C2=C(C(=O)NC2=O)c2ccccc2)ccc1)=O)(C)C,0.619795575,2.59949405,426.476,3.6954,-10.5,-9.1
c1ccccc1C1=C(C(=O)NC1=O)c1cc(ncc1)NC1CC1,0.849778607,2.321965647,305.337,2.2231,-8,-7.6
C1OCCC(C1)CNc1nccc(-c2n[nH]c(c3ccc(cc23)F)=O)c1O,0.652878375,2.798754364,370.384,2.6683,-8.8,-8.9
c1ccc(cc1C1=C(c2ccc(F)cc2)C(NC1=O)=O)N1CCOCC1,0.860983738,2.247364259,352.365,2.2295,-8.7,-8.7
c1nc(NC2CCCCC2)cc(C2C(=O)NC(C=2c2ccc(cc2)Cl)=O)c1,0.783688512,2.402686909,381.863,4.0468,-9.3,-9.1
c1nc(c(cc1C1C(=O)NC(C=1c1c(cccc1)Cl)=O)NC1CCOCC1)N,0.682951171,2.715770429,398.85,2.4753,-8.8,-8.5
c1(ccccc1)-c1cc(C2=C(c3cc(C)ncc3)C(=O)NC2=O)ccc1,0.740916152,2.227512566,340.382,3.62422,-9.4,-9.6
c1cc(ccc1O)C1=C(c2ccnc(c2)NC2CCCCC2)C(=O)NC1=O,0.726275019,2.465956731,363.417,3.099,-9.5,-8.8
C1(C(=C(C(N1)=O)c1ccnc(c1)NC1CCCC1N)C(=O)N)=O,0.426305357,3.564953818,315.333,-0.7314,-8.2,-7.8
O=c1[nH]nc([nH]1)-c1cc(ncc1)NCC1CCCO1,0.754483652,3.244548443,261.285,0.7509,-7.3,-7
n1c(cc(C(N)=O)nc1)-c1ccc(cc1)C1C(NC(=O)C=1c1ccccc1)=O,0.679809961,2.373211391,370.368,1.8097,-8.9,-9.3
c1(Cl)c(C2C(=O)NC(C=2c2ccccn2)=O)c(Cl)ccc1,0.865943736,2.357857441,319.147,2.9556,-7.5,-7.4
N(c1cc(ccn1)C1C(NC(=O)C=1c1cc(ccc1)Cl)=O)C1CCCCC1,0.783688512,2.451789275,381.863,4.0468,-9.5,-9.1
c1(ccc(C2C(=O)NC(=O)C=2c2cc(ncc2)NC2CCC2)cc1)F,0.841806812,2.399366946,337.354,2.7523,-8.7,-8.4
c1nccc(C2C(NC(C=2c2ccnc(NCC3CC3)c2)=O)=O)c1,0.821703545,2.555872269,320.352,1.8657,-8.1,-7.6
N(C(C1CCc2c1cnc(n2)NC1CCC1)=O)Cc1ccc(cc1)F,0.878174341,2.863977384,340.402,2.9263,-8.7,-8.1
c1cc(C2C(=O)NC(C=2c2ccnc(NC3CCOCC3)c2)=O)ccc1,0.827718733,2.476063902,349.39,2.2397,-8.9,-8.7
C(CN(C)C)CCOc1cc(C2C(=O)NC(C=2c2cc(NC3CC3)ncc2)=O)ccc1,0.454247676,2.59184776,420.513,2.9437,-8,-7.8
Fc1cnc(nc1C1CCCCC1)Nc1ccc(C(N)=O)cc1,0.904654525,2.288264948,314.364,3.5059,-8.4,-8.3
c1(c2c([nH]n1)ccc(c2)-c1cc(NC(CCC)=O)ncc1)NC1CCOCC1,0.602985034,2.557089158,379.464,3.9544,-8.9,-8.6
c1(cc(-c2ncc(c(OC)n2)C(=O)NC3CCOCC3)ccc1)F,0.929653007,2.282119761,331.347,2.2001,-8.1,-7.9
c12c(cc(nc2)NC(CCC)=O)nnn1-c1ccc(Cl)cc1,0.8020607,2.297314566,315.764,3.2075,-7.9,-7.4
c1cc(cc(c1)C1C(=O)NC(C=1c1ccc(cc1)F)=O)C,0.860255563,2.036514025,281.286,2.70132,-8.4,-7.9
N(c1nccc(-c2nc(c3c(n2)[nH]nc3NC(CCC)=O)C)c1)C1CCCCC1,0.57888741,2.745211075,393.495,4.20652,-8.7,-8.9
c1(cc(-c2cc(NC3C(CCCC3)N)ncc2)ccn1)-c1ccc(cc1)F,0.71008779,3.009163765,362.452,4.6315,-9.2,-8.8
c1(C2=C(C(=O)NC2=O)c2cc(ncc2)NC2CCOCC2)cc(C)ncc1,0.805682083,2.741360281,364.405,1.94312,-8.9,-8.8
c1ccc([nH]1)C1C(NC(C=1c1ccnc(NC2CCOCC2)c1)=O)=O,0.735527664,2.87965524,338.367,1.5678,-8.6,-8.3
Clc1cccc(c1)C1C(NC(C=1c1c(N)n(-c2ccc(cc2)OC)nc1)=O)=O,0.66263383,2.443424098,394.818,2.6837,-8.5,-8.4
C1N(C(=O)NC1)c1cc(ccn1)C1=C(c2cccc(F)c2)C(NC1=O)=O,0.815267288,2.672350072,352.325,1.3175,-9.4,-8.4
n1[nH]c2ncc(cc2c1NC1CCOCC1)-c1cccc(c1)CNC(=O)C,0.646588456,2.547207364,365.437,2.8519,-8.8,-8.6
c1c(cc(F)c(c1)F)C1C(NC(C=1c1ccnc(NC2CCOCC2)c1)=O)=O,0.790955113,2.648808699,385.37,2.5179,-9.4,-9.3
c1c(c(cc(C2=C(C(NC2=O)=O)c2cc3OCCOc3cc2)c1)OC)OC,0.83304878,2.322974513,367.357,2.0422,-8.7,-8.1
c1cc(cnc1)C1=C(C(NC1=O)=O)c1cc(ncc1)NC1CCOCC1,0.814437546,2.659108234,350.378,1.6347,-8.8,-8.4
c1c(-c2c(F)c(ncc2Cl)NC2CCC(CC2)NC(C)=O)ccnc1NC(=O)C,0.685414029,2.704594836,419.888,3.7537,-9.5,-8.3
c1c2c(n(c(=O)n2C(C)C)C)cc(C2=C(C(NC2=O)=O)c2cccnc2)c1,0.721076278,2.676261346,362.389,1.8831,-8.4,-8
c12nc(ccc1c(n[nH]2)NC(CCC)=O)-c1ccccc1,0.769418044,2.162309699,280.331,3.3635,-8.1,-7.6
c1ccc(cc1NC1=C(C(NC1=O)=O)c1c(Cl)cc(F)cc1)O,0.755079509,2.395965013,332.718,2.6643,-8,-7.9
n1c(NC2CCCC2)nc2c(c1NC1CCC(NC(C=C)=O)CC1)ccc(F)c2,0.638435681,2.583517669,397.498,4.1487,-9.5,-8.2
N1C(=O)C(c2cc(F)ccc2)=C2C(=NC=1c1cnccc1)c1ccccc1N2,0.50311161,2.408140002,368.371,4.3394,-10.4,-8.5
c1(cc2c(cc1)cc(cn2)Br)C1=C(C(=O)NC1=O)c1ccccc1,0.69305997,2.293890998,379.213,3.5645,-8.5,-8.6
c1cc(-c2nc(ncc2)Nc2cccc(c2)C2CCCCC2)ccn1,0.70221345,2.150238313,330.435,5.3299,-8.8,-9
c1c(nccc1C1=C(c2cc(ncc2)NC2CCCCC2)C(=O)NC1=O)Nc1ccc(F)cc1,0.465729551,2.649060813,457.509,4.6711,-11,-9.1
c1ccccc1CC1C(NC(=O)C=1c1cn(c2c1ccc(Cl)c2)C)=O,0.735100001,2.475436935,350.805,3.4844,-8.3,-8.3
C(=O)(c1cc(ncc1)NC1CCCOC1)NCCc1c2ccccc2[nH]c1,0.627855019,2.754655956,364.449,3.1263,-8.3,-8.3
c1cc(C2C(=O)NC(C=2c2ccnc(c2)OCC2CCOCC2)=O)ccc1F,0.804655424,2.582771647,382.391,2.5933,-8.6,-8.4
c1(NC2CCCC2)nc2n(-c3cc(ncc3)NC3CCCCC3)cnc2cn1,0.689557612,2.644045457,377.496,4.3096,-9.3,-8.6
c1c(ccc(c1)F)CON1C(=O)C(=C(c2ccccc2)C1=O)c1ccc(F)cc1,0.606831534,2.279254912,391.373,4.3762,-8.7,-8.7
n1ccc(C2=C(c3c4c(n(c3)C)cccc4)C(=O)NC2=O)cc1NC1CCOCC1,0.655750862,2.699267136,402.454,2.7314,-9.1,-9
C1(=O)NC(=O)C(c2cc(ccc2)Cl)=C1c1ccnc(NC2CCC2)c1,0.827499606,2.448275071,353.809,3.2666,-8.8,-8.2
S1C(C(NC1=NC1CCCC1)=O)=Cc1ccnc(c1)Nc1ccccc1,0.792754529,2.884399519,364.474,4.3277,-8.3,-8.3
C1(=O)C(c2ccc(F)cc2)=C(c2ccc(cc2)F)C(N1)=O,0.861840499,1.960878592,285.249,2.532,-8.1,-7.6
c12c(cc(F)cc2)nc(NCCO)c(-c2ccnc(NC(C3COC3)=O)c2)c1,0.605977118,2.606204083,382.395,2.425,-8.5,-8.6
c1c(cnc(c1)NC(CC)=O)C1=C(C(NC1=O)=O)c1ccccc1,0.843109729,2.257399094,321.336,1.9973,-8.5,-8
Clc1ccc(cc1)C1=C(c2ccnc(NC3CCOCC3)c2)C(=O)NC1=O,0.793382813,2.530676849,383.835,2.8931,-8.8,-9.1
N(C(C)C)C(=O)c1cc(-c2cc3c(cc2)cccc3)ccc1,0.747107964,1.644026654,289.378,4.645,-9,-8.5
c1cc(NC(CCC)=O)ncc1C1C(NC(C=1c1c(cccc1)OC)=O)=O,0.766315827,2.333321508,365.389,2.396,-8,-7.8
O=C1NC(C(c2cccc(Cl)c2)=C1c1cc(ncc1)NC1COC1)=O,0.821035867,2.632405516,355.781,2.1129,-8.7,-8
C(Nc1cc(C2C(NC(=O)C=2c2c3c(n(C)c2)cccc3)=O)ccn1)(CC)=O,0.686377721,2.536287973,374.4,2.489,-9,-8.1
c1c(F)cc(F)c(c1)N=C1NC(C(=C1c1cc2cccnc2cc1)c1ccccc1)=O,0.498469923,2.711883704,411.411,5.2838,-9.8,-9.7
c1nc(NC(C2CC2)=O)ccc1C1C(NC(=O)C=1c1ccc(F)cc1)=O,0.826296828,2.31807754,351.337,2.1364,-8.4,-8.3
O=C1NC(=O)C(=C1c1ccnc(NC2CCCCC2)c1)c1ccc(c(c1)F)F,0.79062104,2.524018506,383.398,3.6716,-9.8,-9.3
C(CCN)c1cccc(c1)C1=C(c2cn(C)c3c2cc(F)c(c3)F)C(=O)NC1=O,0.652444645,2.628876887,395.409,2.915,-8.6,-8.3
c1(c(C2C(=O)NC(=O)C=2c2ccccc2)cccc1)Cl,0.861575163,1.935858306,283.714,2.9072,-7.4,-7.5
N1CCC(CC1)Cn1c(=O)[nH]c(n1)-c1ccnc(NC2CCCC2)c1,0.773336191,2.927237515,342.447,1.9875,-8.6,-8.1
c1(=O)[nH]nc(-c2ccc3c(c2)cccc3)cc1-c1ccnc(NC2COCC2)c1,0.558607793,2.937377116,384.439,3.8529,-9.7,-9.3
c1ccc(Nc2nccc(-c3cc(NC(C4COCCC4)=O)ncc3)c2)c(c1)Cl,0.627136807,2.812039667,408.889,4.9057,-9.5,-9.1
c1(=O)n2c(cc(-c3ccccc3CC)n1)ccc(c2)NC1CCOCC1,0.783004387,2.685368558,349.434,3.5148,-9,-8.7
c1ccc(cc1)C1C(NC(C=1c1cn(c2ccc(cc21)Cl)C)=O)=O,0.72915021,2.260479863,336.778,3.3989,-9.2,-9.2
n1cccc(Nc2nccc(c2)C2C(NC(C=2c2cc(ccc2)F)=O)=O)c1,0.699139203,2.468461465,360.348,2.9265,-9.3,-8.7
c1(NC2CCOCC2)nc(cc(C2C(NC(=O)C=2c2cccc(Cl)c2)=O)c1)C,0.77423058,2.645494275,397.862,3.20152,-8.9,-9.1
c1cc(C(N)=O)ccc1-c1n[nH]c(n1-c1cc2c(cc1)cccc2)=O,0.604067204,2.106970467,330.347,2.4797,-9.1,-8.7
O=C1C(=C(C(N1)=O)c1cc(NC2CCOCC2)ncc1)c1ccc(cc1)F,0.81135624,2.535260281,367.38,2.3788,-8.9,-9
c1cc(cc(c1)C)C1C(=O)NC(=O)C=1c1cc(ncc1)NC1CCOCC1,0.816294316,2.56692182,363.417,2.54812,-9.2,-9
c1cc(ccc1Cl)C1C(=O)NC(=O)C=1c1ccnc(NC2CCOCC2)c1,0.793382813,2.530676849,383.835,2.8931,-8.9,-9
C1OCCC(C1)Nc1nccc(C2C(NC(=O)C=2c2ccc(F)cc2)=O)c1,0.81135624,2.535260281,367.38,2.3788,-9.1,-9
c1ncc(-c2n(-c3cc4OCOc4cc3)c([nH]n2)=O)cc1,0.766900715,2.345556772,282.259,1.3513,-7.6,-7.8
O=C1NC(C(=C1c1ccnc(NC2CCOCC2)c1)c1ccc(cc1)F)=O,0.81135624,2.535260281,367.38,2.3788,-9.1,-8.9
C1(CCOCC1)NC1CCC(CC1)Nc1ncc2c(n1)n(nc2C)-c1ccccc1,0.674010653,2.615235485,406.534,3.61562,-9.3,-8.8
c1cc2c(cc1)c(NC1CCC(CC1)NC(NCC)=O)nc(-c1ccc(F)cc1)n2,0.582745849,2.23396634,407.493,4.4781,-9.5,-8.9
C1(NC(=O)C(=C1c1ccc(cc1)F)c1ccnc(NC2CCOCC2)c1)=O,0.81135624,2.535260281,367.38,2.3788,-9,-9
c1ccc(C2C(=O)NC(C=2c2c3c(cccc3)n(C)c2)=O)cc1,0.74005506,2.152761451,302.333,2.7455,-8.5,-8.2
c1c(ccc(-c2[nH]c3c(n2)cc(cc3)F)c1)C(NC1CCOCC1)=O,0.769459556,2.142946916,339.37,3.2778,-8.4,-8.3
c1c(NC2CCC(O)CC2)cc(cn1)C1C(=O)NC(C=1c1ccc(cc1)F)=O,0.708150074,2.608680814,381.407,2.5033,-9.3,-9.5
C1OCCC(C1)NC(Nc1nccc(c1)C1=C(c2cccc(c2)OC)C(=O)NC1=O)=O,0.634132067,2.594909754,422.441,1.9579,-9.6,-8.9
CCN1CCC(Nc2c3ccccc3c(NCCCCCC)nn2)CC1,0.647879879,2.299372404,355.53,4.5182,-7.3,-7.4
C1(C(=C(C(=O)N1)c1cc(ccc1)Cl)c1ccc(Cl)cc1)=O,0.860728599,2.047452486,318.159,3.5606,-8.3,-7.6
c1cc(C2C(=O)NC(C=2c2ccnc(NC3CCOCC3)c2)=O)ccc1F,0.81135624,2.535260281,367.38,2.3788,-9,-9
C1(C(=C(C(=O)N1)c1cc(ncc1Cl)NC1CCOCC1)c1ccc(Cl)cc1)=O,0.742939941,2.619132929,418.28,3.5465,-8.5,-9.2
Clc1cc(ccc1Cl)-n1c(=O)[nH]nc1-c1cc(ncc1)NC1CCOCC1,0.692795132,2.606544897,406.273,3.5203,-8.7,-8.9
CC(c1cccc(c1)C1C(NC(C=1c1ccc(F)cc1)=O)=O)C,0.881880902,2.143653475,309.34,3.5163,-8.5,-8.3
c1(ccc2OCOc2c1)C1C(=O)NC(=O)C=1c1ccnc(c1)NC1CCOCC1,0.766473339,2.708686279,393.399,1.9684,-9.7,-9.3
Fc1ccc(-c2ccc3nnc(n3c2)C2CCCCC2)cc1,0.692251999,2.150501819,295.361,4.5831,-8.8,-8.9
c1cc(C2C(NC(C=2c2ccc(Cl)cc2)=O)=O)cc(C)c1,0.865235445,2.030454572,297.741,3.21562,-8.1,-8.7
n1c(nc(cc1NC1CCOCC1)-c1cccc(c1)CO)C1CCC1,0.872632582,2.48705798,339.439,3.4943,-8.5,-7.9
c1nc(cc(C2=C(C(NC2=O)=O)c2cc(ncc2)NC2CCOCC2)c1)NC1CCCC1,0.601624857,2.834395949,433.512,2.9892,-10,-9.4
N(C(C1CC1)=O)c1cc(ccn1)C1=C(c2cccc(F)c2)C(NC1=O)=O,0.826296828,2.40238165,351.337,2.1364,-9,-8.5
c1c2c(cc(C#N)c1)C(c1ccnc(c1)NC1CCN(CC1)C(=O)NCC)=CC2,0.840693242,2.755618768,387.487,3.54688,-9.4,-9.2
C(Nc1nccc(C2C(=O)NC(=O)C=2c2cccc(c2)Br)c1)(=O)C,0.793328817,2.437241759,386.205,2.3697,-8.5,-8.2
c1c(cc(nn1)-c1ccnc(NC(C2CCC(O)CC2)=O)c1)NC(=O)C,0.771958651,2.558171693,355.398,1.9866,-9.3,-8.1
c1(nc(ccn1)C1=C(C(NC1=O)=O)c1cc(NC2CCOCC2)ncc1)NC1CCOCC1,0.562631601,2.99676095,450.499,1.6206,-9.9,-9.1
Clc1cc(ccc1)C1C(=O)NC(C=1c1ccnc(NC2CCCC2)c1)=O,0.808919745,2.446929797,367.836,3.6567,-9,-8.8
C1(=O)C(=C(C(N1)=O)c1ccnc(c1)NC1CCCC1)c1ccccc1,0.843948257,2.337633323,333.391,3.0033,-8.7,-8.7
c1c(C)c(Nc2ccnc3c2ccc(Cl)c3)cc(C(O)=O)c1,0.739348632,1.945737749,312.756,4.63842,-8.6,-8.3
C1C(CCC(Nc2nc3-c4c(C(=O)Nc3cn2)cccc4)C1)O,0.631168587,2.43168696,310.357,2.1867,-8.8,-8.8
c1cc(C2C(NC(=O)C=2c2cc(ncc2)NC2CCC2)=O)ccc1,0.849937184,2.335541834,319.364,2.6132,-8.4,-8
c1cccc(c1)NC1C(NC(=O)C=1c1cc(ncc1)NC1COCC1)=O,0.711904837,3.025174666,350.378,1.762,-8.8,-8.2
c1(ccccc1)NC1=C(c2c(=O)[nH]nc(c2)Cl)C(=O)NC1=O,0.729954285,2.712280925,316.704,0.9029,-7.9,-7.9
C(Nc1cc(ccn1)C1=C(c2cc(ncc2)NC2CCC2)C(=O)NC1=O)CO,0.537623803,2.746590237,379.42,1.4124,-8.8,-8
C(C)(Nc1nccc(c1)C1=C(c2cccc(F)c2)C(=O)NC1=O)=O,0.841608043,2.393673906,325.299,1.7463,-8.4,-8.4
O=C1C(=C(C(N1)=O)c1ccncc1)c1cc(NC2CCCCC2)ncc1,0.830242339,2.52048455,348.406,2.7884,-9.2,-8.4
c1ccc(F)cc1C1C(=O)NC(=O)C=1c1ccc(cc1)C(N)=O,0.841772581,2.137840254,310.284,1.4918,-8.4,-8.2
C1OCCC(C1)Nc1cc(-c2cc(ncc2)Nc2c(cccc2)F)ccn1,0.69189825,2.365148077,364.424,4.6172,-9,-8.6
c12c(cc(cc2)-n2c([nH]nc2-c2ccnc(c2)NC2CCOCC2)=O)cccc1,0.560847365,2.543330396,387.443,3.3667,-9.4,-9.8
C1CCC(Nc2cc(ccn2)C2C(=O)NC(C=2c2ccc(F)cc2)=O)CC1,0.813387824,2.407270341,365.408,3.5325,-9.5,-9.1
c1cc(NC2CCOCC2)cc(c1)C1C(=O)NC(=O)C=1c1ccc(Cl)c(c1)Cl,0.733969362,2.48206466,417.292,4.1515,-9.3,-9.4
c1c(N2CCOCC2)nccc1C1=C(c2ccc(cc2)F)C(=O)NC1=O,0.849446593,2.391528566,353.353,1.6245,-8.9,-8.5
c1cccc2c1cc(c(F)c2)C1C(=O)NC(C=1c1ccn(C)c1)=O,0.738264262,2.624035066,320.323,2.8846,-8.6,-8.7
c1ccccc1NC1=C(c2ccnc(c2)NC2CCOCC2)C(=O)NC1=O,0.704337705,2.562075329,364.405,2.1521,-8.8,-8.7
c1nc(NC2CCC2)cc(-c2ccnc(c2)Nc2ccc(F)cc2)c1,0.689930838,2.171908138,334.398,4.9907,-8.4,-7.9
Fc1cc(ccc1C1C(NC(C=1c1ccnc(NC2CCOCC2)c1)=O)=O)F,0.790955113,2.652270237,385.37,2.5179,-9.2,-9.2
c1(NC2CCC(NC(NC(C)C)=O)CC2)nc2c(ccc(N3CCCC3)c2)cn1,0.718466503,2.456993493,396.539,3.6607,-8.9,-8.7
N(c1cc(ccn1)C1C(NC(C=1c1ccc(F)cc1)=O)=O)C1CCOCC1,0.81135624,2.535260281,367.38,2.3788,-9.1,-8.9
c1(C2=C(c3cc(ncc3)NC3CCCCC3)C(NC2=O)=O)cccc(F)c1,0.813387824,2.460624187,365.408,3.5325,-9.6,-9
c1(C2C(=O)NC(C=2c2ccc(cc2)F)=O)ccnc(NC2CCCC2)c1,0.830425976,2.400630105,351.381,3.1424,-9,-8.5
c1c(NC2CCOCC2)nccc1C1C(=O)NC(=O)C=1c1ccc(cc1)F,0.81135624,2.535260281,367.38,2.3788,-9.1,-8.8
c1(Cl)cc(ccc1Cl)C1C(NC(C=1c1ccnc(NCCN2CCOCC2)c1)=O)=O,0.663165454,2.595217861,447.322,2.6997,-8.6,-7.9
c1[nH]c2c(n1)cc(cc2)Nc1cc(NC2CCOCC2)ncn1,0.686507348,2.649081579,310.361,2.6874,-8.4,-7.9
c1(ccnc(c1)NC1CCOCC1)-c1n[nH]c(=O)n1-c1cc2c(cccc2)cc1,0.560847365,2.543330396,387.443,3.3667,-9.5,-9.8
c1(Cl)ccc2c(n(c(C3C(=O)NC(C=3c3cc(ccc3)Cl)=O)n2)C)c1,0.701248581,2.458369698,372.211,3.4473,-8.8,-8.7
C1(c2cn(C)c3c2cccc3)C(=O)NC(C=1c1cccc(Cl)c1)=O,0.72915021,2.273399546,336.778,3.3989,-8.6,-8.5
C1(CN(c2ncc3c(n[nH]c3c2)NC(=O)CCC)CC1)(C)C,0.910288467,2.784363556,301.394,2.9328,-8.1,-7.1
c1(cc(ncc1)NC1CCC1)-c1cn[nH]c(c1)=O,0.860527842,2.449828444,242.282,1.7963,-7.2,-7.3
c1(NC2CCOCC2)nccc(C2=C(c3cc(F)c(cc3)F)C(=O)NC2=O)c1,0.790955113,2.648808699,385.37,2.5179,-9.4,-9.2
C1CC(c2c(cncc2)-c2ccnc(c2)NC(C2CC2)=O)CCO1,0.936560116,2.481964452,323.396,3.3861,-8.5,-7.8
c1c(C2C(NC(=O)C=2c2ccnc(c2)NC2CCOCC2)=O)ccc(Cl)c1,0.793382813,2.530676849,383.835,2.8931,-8.7,-9.1
c1c(cc(NC2CC2)nc1)C1=C(C(NC1=O)=O)c1ccc(F)cc1,0.847539882,2.386561311,323.327,2.3622,-8.2,-7.8
c1c2c(cc(cc2)-c2ccnc(NC(=O)C3CCCCC3)c2)ccc1,0.696397549,1.937078471,330.431,5.4206,-9.8,-8.9
c1c2c(n(C)c3c2cnc(C2=CCCC2)c3)cc(OC)c1,0.698416866,2.514410581,278.355,4.3024,-8.1,-7.9
c1c(OC)ccc(C2=C(c3ccncc3)C(NC2=O)=O)c1,0.868126945,2.11147362,280.283,1.6574,-7.7,-7.4
c1(ccc(Cl)cc1)C1C(NC(C=1Nc1cc(=O)[nH]cc1)=O)=O,0.748736704,2.569042464,315.716,1.5079,-7.9,-7.9
c12ccccc2c(NCCCO)nc(C(N)=O)c1,0.688838787,2.168752983,245.282,1.128,-6.9,-6.8
c1(F)ccc2c(NC(=O)CCC)n[nH]c2c1,0.835845871,2.13912386,221.235,2.4406,-6.7,-6.4
c1(ccc(cc1)C1C(=O)NC(=O)C=1c1ccc(cc1)F)F,0.861840499,1.960878592,285.249,2.532,-8,-7.6
c1(cccc(c1)N1CCCC1)-c1cc(ncc1)NC1CCOCC1,0.924600317,2.214138573,323.44,3.9397,-8.5,-8.3
c1(ccc(cc1)Cl)Nc1nccc(c1)C1=C(c2ccc(Cl)cc2)C(NC1=O)=O,0.612137982,2.285002737,410.26,4.6992,-9.6,-8.4
c1(C2=C(c3cn(C)c4ccccc34)C(=O)NC2=O)ccnc(NC2CCCC2)c1,0.673202053,2.577695691,386.455,3.495,-9,-9
O(c1cc(C2C(NC(=O)C=2c2ccc(cc2)Cl)=O)cc(Cl)c1OC)C,0.82655958,2.256718126,378.211,3.5778,-7.7,-7.5
c1c(-c2ccnc(NC3CCOCC3)c2)cc(C(=O)N)nc1,0.898456842,2.403800761,298.346,1.8334,-7.8,-7.6
c1nc(cc(C=C2C(NC(=NCc3ccc(cc3)N)S2)=O)c1)NC1CCC1,0.546988299,3.018805252,379.489,3.3883,-8.8,-8
C1(NC(C(=C1c1cc(ncc1)NCCCO)c1cc(c(cc1)F)Cl)=O)=O,0.531759662,2.56724382,375.787,2.2356,-8.3,-8.5
c1(ccc(C2=C(c3ccc(cc3)Cl)C(=O)NC2=O)cc1)F,0.866674616,1.988596945,301.704,3.0463,-8.1,-7.7
c1c(Nc2nccc(-c3ccnc(c3)Nc3ccccc3)n2)cc(cc1)F,0.516159144,2.098604423,357.392,5.1649,-9.3,-8.6
O=C1C(=C(C(=O)N1)c1ccnc(NC2CCOCC2)c1)c1ccc(cc1)F,0.81135624,2.535260281,367.38,2.3788,-9,-8.9
c1ccccc1Nc1cc(nc(C)n1)NC1C2CCC(C1)C2,0.88992345,3.905026384,294.402,4.12912,-8.1,-8.1
c1cccc2cc(ccc12)-n1c(n[nH]c1=O)-c1nn[nH]c1-c1ccnc(c1)Nc1cc(C)ccn1,0.353587965,3.025221008,461.489,4.00792,-10.8,-9.5
N(c1c2c(ncc(c2)C2=C(O)C(=O)NC2=O)[nH]n1)C(CCC)=O,0.610396421,2.847211167,315.289,0.622,-8.1,-7.6
c1(C2C(=O)NC(=O)C=2c2cc3ccc(F)cc3nc2)ccncc1,0.735983733,2.459783975,319.295,2.3361,-8.5,-8
c1cccc(C2=C(C(=O)NC2=O)c2ccnc(c2)NC2CCCC2)c1,0.843948257,2.337633323,333.391,3.0033,-8.8,-8.2
C1CCc2cc(ccc12)-n1c(-c2ccnc(NC3COCC3)c2)n[nH]c1=O,0.743036223,3.143492302,363.421,2.3121,-8.8,-8.8
c1c2c(ccc(c2)O)nc(c1)NC1CCC(CC1)Nc1ncccn1,0.676009903,2.387641673,335.411,3.5656,-8.6,-8.5
c1c2[nH]nc(c2ccc1-c1cccnc1)NC(CCCN1CCCC1)=O,0.714834402,2.273327392,349.438,3.4394,-7.9,-7.8
c1(cc(nc(NC2CCOCC2)c1)-c1ccc2c(c1)cccc2)C,0.752891426,2.169112111,318.42,4.80112,-9.2,-9
C1(NC(C(=C1Nc1cc(ccc1)Cl)c1ccc(F)cc1)=O)=O,0.85596987,2.153901273,316.719,2.9587,-7.9,-8.1
C(CC)C(Nc1n[nH]c2c1ccc(c2)-c1ccc(F)cc1)=O,0.761131271,2.055178302,297.333,4.1076,-8.1,-7.6
c1cc(ccc1F)C1C(=O)NC(=O)C=1c1cc(NC2CCOCC2)ncc1,0.81135624,2.535260281,367.38,2.3788,-9.1,-8.9
C1N(CCC(Nc2ncc3ccn(C(C)C)c3n2)C1)C(NCCC)=O,0.874187322,2.592148311,344.463,3.0081,-7.7,-7.5
c1csc(c1)-c1ccnc(n1)Nc1cc(NC2CCOCC2)ncc1,0.723925328,2.520624775,353.451,3.9346,-8.3,-7.8
c1ccc(cc1)-c1[nH]c2n(CCC)c(n(c(c2c1)=O)CCC)=O,0.787223098,2.353402968,311.385,2.9783,-7.7,-7.5
c1(C2C(=O)NC(C=2c2cc(ccc2)OC)=O)cnc(cc1)Nc1cc(ccc1)Cl,0.625681912,2.351229889,405.841,4.0544,-9.5,-9
C1(NC(C(=C1c1ccnc(c1)NC1CCCC1)c1cc(F)c(F)cc1)=O)=O,0.811721282,2.519884803,369.371,3.2815,-9.5,-8.8
C1(c2ccc(F)cc2)C(NC(=O)C=1c1cc(ncc1)NC1CCOCC1)=O,0.81135624,2.535260281,367.38,2.3788,-9,-9
c1(C2C(NC(=O)C=2c2cccc(c2)Br)=O)cc(NC2CCCC2)ncc1,0.750652513,2.49503872,412.287,3.7658,-9.1,-8.7
c12ccc(nc1[nH]nc2-c1ccnc(c1)NC1CCC(CC1)OC)NC1CCOCC1,0.552731496,2.885468587,422.533,3.9803,-9.2,-8.7
c1ccc(cc1C1=C(C(NC1=O)=O)c1ccnc(NC2CCOCC2)c1)F,0.81135624,2.588614128,367.38,2.3788,-9.1,-9
c1cc(C2=C(C(=O)NC2=O)c2cccc(OC)c2)cc(n1)NC1CCCCC1,0.78086397,2.43450669,377.444,3.402,-9.4,-8.6
c1ccc(cc1C1=C(c2cccc(c2)Cl)C(=O)NC1=O)Cl,0.860728599,2.11236748,318.159,3.5606,-7.7,-7.3
c1cc(ccc1)C1C(NC(C=1c1cc(ncc1)NC1CCOCC1)=O)=O,0.827718733,2.476063902,349.39,2.2397,-8.9,-8.5
C1(CCCC1)NC1=C(c2cccc(C(=O)N)c2)C(=O)NC1=O,0.711713882,2.435824598,299.33,0.6852,-8.1,-7.6
c1ccnc(c1)C=C1C(NC(=S)NC1=O)=O,0.40659304,2.585665398,233.252,-0.0041,-7,-7.1
n1ccccc1NC1C(NC(C=1c1cc(c(OC)cc1)OC)=O)=O,0.811398678,2.346002261,325.324,1.5784,-7.7,-7.5
c1(Cl)c(cccc1)C1C(NC(C=1c1cc(ncc1)NC1CCOCC1)=O)=O,0.793382813,2.55072892,383.835,2.8931,-9.1,-9
c1c2c(cccc2NC2CCN(CC2)C(=O)NC(C)C)ccc1,0.904463146,1.9669125,311.429,3.8341,-8.3,-8.3
NC(=O)c1c(c(ccc1)C=C1SC(=NC1=O)NC1CCCCC1)O,0.729637034,2.556478053,345.424,2.3837,-8.3,-8.1
c1(ccccc1)C1C(NC(=O)C=1c1ccc(SC)cc1)=O,0.699242251,2.097876697,295.363,2.9757,-7.5,-7.6
C1C(CCOC1)Nc1cc(-c2cc(ncc2)NC(=O)C2CC2)c(cn1)Cl,0.835727782,2.502168566,372.856,3.7364,-8.5,-7.8
c1c2c([nH]nc2NC(CCC)=O)cc(c1)Cl,0.862393524,2.117502322,237.69,2.9549,-6.8,-6.3
c1ncccc1-c1nc(C2CC(C2)NC(=O)C2CC2)[nH]c1,0.903157933,2.75143362,282.347,2.2439,-7.6,-6.9
c1cc(F)ccc1C1=C(C(=O)NC1=O)c1cc(ncc1)NC1CCCC1,0.830425976,2.400630105,351.381,3.1424,-8.9,-8.5
n1ccc(cc1NC1CCOCC1)-c1cnc([nH]c1)=O,0.883042914,2.611442784,272.308,1.4228,-7.4,-7.2
O(C)c1cc(ccc1)Nc1nccc(-c2cc(Nc3ccccc3)ncc2)c1,0.461156963,2.071333958,368.44,5.6394,-9,-8.9
N(C1CCN(C)CC1)c1nc2c(C(NC3CCOCC3)=O)cnn2cc1Cl,0.82500254,2.739702293,392.891,1.7976,-8.5,-8.1
c1(-c2ccnc(NC3CCOCC3)c2)cc(NC2CCOCC2)ncc1,0.858422518,2.568967951,354.454,3.3254,-8.1,-7.5
N(C1CCCCCC1)c1nccc(C2C(NC(=O)C=2c2cc(F)ccc2)=O)c1,0.623889113,2.467274211,379.435,3.9226,-9.1,-8.8
c1(-n2c(=O)[nH]nc2-c2ccc(NC3CCOCC3)nc2)ccc2c(c1)C(NC2)=O,0.619395163,2.865162478,392.419,1.4569,-8.8,-8.7
c1c(ccc(NC(=O)CCC)c1)C1C(NC(=O)C=1c1cn(C)c2c1cccc2)=O,0.657933565,2.307602257,387.439,3.4841,-8.5,-7.9
c12nc(NC3CCC(O)CC3)ncc1c(-c1cc(Nc3ccccc3)ncc1)n[nH]2,0.401506313,2.667951993,401.474,3.8739,-9.9,-9.2
c1nc(ccc1C1C(NC(=O)C=1c1ccc(c(c1)OC)OC)=O)NC1CCCCC1,0.713596999,2.453212673,407.47,3.4106,-9.2,-7.9
C1(C(=O)NC(=O)C=1c1cc(ncc1)NC1CC1)c1ccnc(c1)NC1CCOCC1,0.632970381,2.82762894,405.458,2.209,-9.3,-8.8
C1CCC(Nc2ncc3cc[nH]c3n2)CC1C#N,0.84618581,3.62295487,241.298,2.45218,-7.6,-7.4
c1ccc2c(c1)n(cc2C1C(NC(=O)C=1c1ccc(Cl)c(c1)F)=O)C,0.715592679,2.381094313,354.768,3.538,-8.3,-8.9
O=C1C(=C(C(N1)=O)Nc1ccc(cc1)Cl)c1ccc(cc1)N1CCOCC1,0.794186369,2.274741346,383.835,2.6562,-8.3,-7.9
c1(nccc(C2C(=O)NC(=O)C=2c2ccc(F)cc2)c1)NC1CCOCC1,0.81135624,2.535260281,367.38,2.3788,-9.1,-8.9
n1c(cc(-c2ccnc(c2)NC2CCOCC2)cc1)NC1CCOCC1,0.858422518,2.568967951,354.454,3.3254,-7.9,-7.4
c1c(ccnc1NC1CCC(Oc2ccnc(C(N)=O)c2)CC1)-c1ccco1,0.678705445,2.598646194,378.432,3.6376,-8.6,-8.4
c1ccc2c(c1)c(NC1CCC(CC1)NC(C)=O)nc(=O)n2C(C)C,0.895709361,2.408713434,342.443,2.8366,-8.7,-8.7
C1N(CCCC1)C(c1cc(ncc1)NC1CCOCC1)=O,0.927408177,2.168949079,289.379,2.2986,-7.7,-7.7
C1CC(CCN1C)C(=O)Nc1cc(ccn1)C1=C(C(NC1=O)=O)c1ccncc1,0.762174205,2.557881233,391.431,1.3241,-9.5,-8.7
c1(F)ccc(Nc2nccc(c2)-c2c(-c3ccc(F)cc3)n[nH]c2)cc1,0.535477134,2.408747911,348.356,5.1605,-9.4,-8.4
C1CCCC(C1)Nc1ncc2c(n[nH]c2n1)NC(CCC)=O,0.788998878,2.505554848,302.382,2.8361,-8.3,-7.1
c1(nc(NC2CCC(N)CC2)cc2ccc(-c3ccc(Cl)cc3)cc12)NC(C)C,0.479905152,2.473564829,408.977,6.0573,-9.3,-8.5
NC(=O)c1cc(ccc1)C1=C(C(=O)NC1=O)c1cccc(n1)N,0.703813823,2.484017898,308.297,0.3299,-8.6,-8.3
c1c(Cl)c(ccc1)-n1c(=O)[nH][nH]c1=O,0.721556073,2.461505438,211.608,0.5073,-6.1,-6.8
c1cc(-n2c(n[nH]c2=O)-c2ccnc(c2)NC2CCOCC2)cc2ccccc12,0.560847365,2.543330396,387.443,3.3667,-9.4,-9.8
c1(CC)c(cnc(n1)Nc1ccc(c(c1)Cl)F)-c1cccc(c1)NC1CCC1,0.519900849,2.377053699,396.897,6.2065,-8.8,-8.7
c1ccc(C2N(C(C)=O)N=C(C2)c2cccc(c2)OC)c(F)c1,0.869784499,2.547946749,312.344,3.5319,-8.4,-7.9
C1(c2occc2)=C(C(NC1=O)=O)c1cc(NC2CCCC2)ncc1,0.844984913,2.607323573,323.352,2.5963,-8.8,-8.4
c1ccccc1-c1nc(NC2CC(NC(=O)C)CC2)c2c([nH]nc2)n1,0.680163228,3.184668021,336.399,2.489,-8.8,-8.4
C(NC1CCOCC1)(=O)c1cc(-c2cncnc2)ncc1,0.92268971,2.328490271,284.319,1.4474,-7.6,-7.2
c1cc(C2C(NC(=O)C=2c2ccnc(c2)NC2CCOCC2)=O)ccc1,0.827718733,2.476063902,349.39,2.2397,-8.8,-8.6
c1(Nc2nc(cc(C3C(NC(=O)C=3c3ccc(cc3)F)=O)c2)Cl)cc(ccc1)OC,0.474765284,2.455903354,423.831,4.1935,-9.5,-9
c1(Cl)cc2c(n[nH]c2cc1Cl)NC1CCC(CC1)NC(=O)C,0.796713405,2.463829561,341.242,3.7289,-8.2,-7.5
O(c1cc(C2C(=O)NC(=O)C=2c2cc(ncc2)NC2CCOCC2)ccc1)C,0.774833116,2.557756263,379.416,2.2483,-9.1,-8.8
c1c(ccc(c1)C1C(NC(C=1c1cccc(c1)F)=O)=O)C,0.860255563,2.042575824,281.286,2.70132,-8.3,-8
Cc1cc(C2C(NC(C=2c2cc(ncc2)NC2CCCCCC2)=O)=O)ccc1,0.623617167,2.446385322,375.472,4.09192,-9.3,-8.7
C1CC(C1)Nc1cc(ccn1)C1C(NC(C=1c1cccc(Cl)c1)=O)=O,0.827499606,2.448275071,353.809,3.2666,-8.8,-8.5
O1CCCC1CNc1cccc(-c2n[nH]c(=O)n2-c2ccc3ccccc3c2)c1,0.544372132,2.809110211,386.455,3.9717,-9.2,-9
c1cc(cc(c1)C1C(=O)NC(=O)C=1c1cc(NC2CCCC2)ncc1)C(=O)N,0.691628795,2.509152929,376.416,2.1022,-9.6,-9
c1nc(cc(c1)C1C(NC(=O)C=1c1ccnc(NC2CC2)c1)=O)NC1CCCCC1,0.640294273,2.712879338,403.486,3.3627,-9.8,-8.6
c1c(cccc1O)C1=C(c2cc(NC3CCCCC3)ncc2)C(=O)NC1=O,0.726275019,2.5162804,363.417,3.099,-9.4,-8.7
c12ccc(F)cc2[nH]nc1NC(CCC)=O,0.835845871,2.13912386,221.235,2.4406,-6.8,-6.4
C1CC1NC1C(NC(=O)C=1c1cc(NCCCO)ncc1)=O,0.41733729,2.744989114,302.334,-0.0046,-6.9,-7.3
n1c(ccc2c1c(NC1CCC(CC1)NC(C)=O)ncc2)-c1cc(ccc1)C,0.70726348,2.356681049,374.488,4.46442,-9.5,-8.8
c1c(-c2ccc(F)cc2OC)cc2c(NC(CCC)=O)n[nH]c2n1,0.750908429,2.38346018,328.347,3.5112,-8.3,-8
C1(NC(C(c2cc(ncc2)NC2CCCC2)=C1c1ccnc(NC2CCC2)c1)=O)=O,0.640294273,2.721785439,403.486,3.3627,-9.6,-8.8
c1cc(ncc1C1C(NC(C=1c1cc(NC2CCC2)ncc1)=O)=O)NC1CCCC1,0.640294273,2.708276685,403.486,3.3627,-9.2,-8.6
C1COC2C1C(=O)NC2=O,0.442261869,3.773813082,141.126,-0.9521,-5.5,-5.6
c1(NC2CCCCC2)nccc(-c2nc3c([nH]2)cccc3)c1,0.753381645,2.143114266,292.386,4.3695,-8.3,-7.8
c1(NC2CCOCC2)nccc(c1)-c1n[nH]c(n1-c1ccc2c(c1)cccc2)=O,0.560847365,2.543330396,387.443,3.3667,-9.4,-9.7
c1cc(-c2ccnc(NC3CCOCC3)c2)ccc1NC(C1CC1)=O,0.873342929,2.134316779,337.423,3.688,-8.6,-8.4
c1ccc(Br)cc1-c1ccnc(C2=C(C(=O)NC2=O)c2ccc(Cl)cc2)c1,0.600199366,2.363493394,439.696,4.7317,-10,-9.8
O=c1[nH]nc(cc1-c1ccnc(NC2CCOCC2)c1)-c1ccc(F)cc1,0.741051281,2.455100645,366.396,3.2289,-9.4,-8.7
c1ccc2ccccc2c1C1C(=O)NC(C=1c1ccc(cc1)F)=O,0.734837591,2.032690329,317.319,3.5461,-9,-8.5
c1ccc2c(n1)n(cc2C1C(NC(=O)C=1c1ccc(F)cc1)=O)C,0.736609976,2.401849094,321.311,2.2796,-8.4,-8.3
C1(CC1)C(=O)Nc1cc(ccn1)C1=C(c2ccc(cc2)F)C(=O)NC1=O,0.826296828,2.34537343,351.337,2.1364,-8.9,-8.5
c1cccc(c1)C1=C(C(NC1=O)=O)c1ccnc(NC2CCCCC2)c1,0.831840219,2.344705805,347.418,3.3934,-9,-8.3
O=C1NC(=O)C(=C1c1cccc(NC2CCOCC2)n1)c1ccnc(c1)NC1CCOCC1,0.57549403,2.966633432,449.511,2.2256,-9.5,-8.9
c1(ccc2OCOc2c1)C1=C(C(=O)NC1=O)c1ccc(cc1)F,0.862967411,2.235909703,311.268,2.1216,-8.2,-8.4
O=C1C(=C(C(N1)=O)c1ccccc1Cl)c1cc(ncc1)NC1CCOCC1,0.793382813,2.55072892,383.835,2.8931,-9.1,-8.9
Fc1c(ccc(c1)C1=C(c2cc(NC3CCOCC3)ncc2)C(=O)NC1=O)F,0.790955113,2.648808699,385.37,2.5179,-9.4,-9.2
O(c1cc(Cl)cc(Nc2nccc(n2)-c2cc(ncc2)NC2CCCCC2)c1)C,0.544554838,2.389174062,409.921,5.6888,-9,-8.4
C1(=O)NC(=O)C(=C1c1ccc(F)cc1)c1ccnc(NC2CCOCC2)c1,0.81135624,2.535260281,367.38,2.3788,-9,-8.7
c1cc(cc(c1)CN1C(=O)C(=Cc2ccccc2)C(NC1=O)=O)Cl,0.689633185,2.027817646,340.766,3.002,-8.5,-8.5
N1C(c2cc(Cl)ccc2)=C(C2=C1c1c(cccc1)S2)C#N,0.489989937,2.468055474,308.793,5.57468,-8.6,-8.4
c1c(C2=C(c3ccnc(NC4CCOCC4)c3)C(=O)NC2=O)ccc(c1)C,0.816294316,2.518153181,363.417,2.54812,-9.4,-8.7
Clc1cccc(c1)C1=C(C(=O)NC1=O)c1c(cc(Br)cc1)OC,0.810857297,2.241052513,392.636,3.6783,-7.8,-7.5
c1(NC2CCOCC2)nc(ccn1)C1=C(c2cc(F)cc(F)c2)C(=O)NC1=O,0.780186352,2.783881391,386.358,1.9129,-9.2,-9
c1cc2N(c3cc(N4CCOCC4)ccc3)CCc2cc1Cl,0.836614603,2.074026316,314.816,3.8708,-8.6,-8.6
c1(ccc(C2C(NC(=O)C=2c2ccc(cc2)F)=O)cc1)F,0.861840499,1.960878592,285.249,2.532,-8,-7.6
C1(C(=C(C(=O)N1)c1cc(NC2COCCC2)ncc1)c1c(cccc1)F)=O,0.81135624,3.03301424,367.38,2.3788,-9.1,-8.6
c1nc(NC2CCOCC2)cc(c1)C1C(NC(=O)C=1c1ccc(F)cc1)=O,0.81135624,2.535260281,367.38,2.3788,-9.1,-8.9
C(C)CC(Nc1c2c([nH]n1)cc(Cl)c(F)c2)=O,0.885436474,2.307285567,255.68,3.094,-7,-6.4
c1(c(cccc1)F)OC1CCN(CC1)Cc1c2c(ccc(OC)c2)[nH]n1,0.75720081,2.355944874,355.413,3.754,-8.6,-8
c1cc(cc(c1)C1C(=O)NC(=O)C=1c1ccc(OC)cc1)OC,0.880044342,2.006933856,309.321,2.271,-7.7,-7.9
C1(NC(C(c2ccccc2)=C1Nc1ccccc1)=O)=O,0.835213173,1.958409695,264.284,2.1662,-7.6,-7.7
Fc1ccc2c(-c3ccccc3)n[nH]c2c1,0.657821475,1.825748475,212.227,3.369,-7.4,-7.3
C1C(C1)c1[nH]nc(C(=O)N)c1-c1cc(Nc2cc(C3CC3)ncc2)ncc1,0.623435733,2.898463824,360.421,3.464,-8.5,-8.1
c1c(ncc(-c2ccnc(c2)NC(=O)C2CC2)c1)NC1CCOCC1,0.87604076,2.359550077,338.411,3.083,-8.3,-7.5
c1cc(F)ccc1C1C(NC(=O)C=1c1ccnc(c1)NC1CCCC1)=O,0.830425976,2.400630105,351.381,3.1424,-9.2,-8.7
c1(C)cc(NC2=C(C(NC2=O)=O)c2ccnc(c2)NC2CCCC2)ccc1,0.711533204,2.510440163,362.433,3.22412,-8.5,-8.5
c1cc(-c2cc(ncc2)Nc2ccc(N3CCCCC3)cc2)ccn1,0.740205403,2.030343544,330.435,4.8775,-8.5,-9
N1C(c2cc(C(=O)O)ccc2)C(=O)NC1=O,0.622953434,2.575480567,220.184,0.2653,-7,-7.9
c1(cccc(C2C(=O)NC(C=2Nc2ccccc2)=O)c1)OC,0.848141474,2.070046434,294.31,2.1748,-7.7,-8.1
O=C1NC(=O)C(=C1Nc1cc(ccc1)C(O)=O)c1ccc(cc1)F,0.747065776,2.178713401,326.283,2.0035,-8.6,-8.5
c1ccc2c(c1)nc([nH]2)-c1ccnc(n1)NC1CCNCC1,0.689869576,2.409707273,294.362,2.1838,-8.3,-7.6
O=C1C(c2cn(CCCCN3CCOCC3)c3c2c1ccc3)=O,0.626800277,2.4423175,312.369,2.1327,-7.7,-8
c1(ccc(Cl)cc1)C1=C(C(NC1=O)=O)c1cn(c2ccccc21)C,0.72915021,2.217076243,336.778,3.3989,-8.1,-8.5
c1c(c(ccc1)F)C1=C(c2cc(ncc2)NC2CCOCC2)C(=O)NC1=O,0.81135624,2.570143713,367.38,2.3788,-9.1,-8.9
C1(C2C(=O)NC(C=2c2ccnc(NC3CCCCC3)c2)=O)CCOCC1,0.811864048,2.771243862,355.438,2.6628,-9.1,-8.7
n1c2n(-c3ccc4c(cccc4)c3)nc(c2cnc1NC1CCCC1)SC,0.506201807,2.486445577,375.501,5.0451,-9.4,-8.7
[nH]1nc(nn1)C1C(NC(=O)C=1c1ccccc1F)=O,0.733662994,2.604897661,259.2,-0.094,-7.7,-7.9
c1c(ccnc1NCC1OCCC1)-c1ccc2c(c1)n[nH]c2N,0.689382386,3.050858229,309.373,2.798,-8.4,-8
COc1nc(-c2cc(Cl)ccc2)nc(c1)NC(=O)CC,0.939619257,2.098744642,291.738,3.1541,-7.5,-7.1
c1(C2=C(c3c(F)ccc(c3)Cl)C(=O)NC2=O)ccc(F)cc1,0.864154688,2.17948477,319.694,3.1854,-8.5,-8.2
c1cccc(c1Cl)C1C(=O)NC(=O)C=1c1ccnc(NC2CCC2)c1,0.827499606,2.416360662,353.809,3.2666,-8.5,-8.3
NC(c1nc(cnc1)-c1ccc(cc1)Cl)=O,0.861369607,1.977496168,233.658,1.8959,-6.8,-6.8
Clc1cc(C2C(NC(C=2c2cc(NC3CCCC3)ncc2)=O)=O)cc2cccnc12,0.620012427,2.703880929,418.884,4.2049,-10.6,-8.6
NC(c1[nH]cc(-c2ccc3c(c2)CCCC3=O)c1C1CCCC1)=O,0.897180063,2.657358556,322.408,3.9572,-9,-8.8
O=C1NC(C(=C1c1ccnc(NC2CCC(NC(NC3CCOCC3)=O)CC2)c1)c1cccc(Cl)c1)=O,0.429918208,2.836707225,524.021,3.5035,-10.2,-10
C1CC(CNC(=O)C)OC1COc1cc2c(Nc3ccccc3Cl)ncnc2cc1,0.591498344,3.126127335,426.904,4.0893,-9.2,-8.4
[nH]1nc(c2c1ncc(c2)-c1ccccc1)NC1CCN(CC1)C(C)C,0.758856417,2.373589698,335.455,3.9096,-8.9,-8.4
c1ccc(F)c(C2=C(C(NC2=O)=O)c2cc(NC3CCC3)ncc2)c1,0.841806812,2.437689589,337.354,2.7523,-8.5,-8.2
C1(C(c2ccc(OC)cc2)=C(C(=O)N1)c1cc(NC(C)C)ncc1)=O,0.819483962,2.386893874,337.379,2.4777,-8.4,-7.9
c1c(nccc1-c1cc2NC(=O)CCc2cc1)NC1CCCC1,0.901274194,2.320114434,307.397,3.9878,-8.8,-9
N(C1C(NC(=O)C=1c1cc(ncc1)NC1CCCC1)=O)c1ccc(cc1)O,0.480354304,2.54142892,364.405,2.6213,-8.4,-8.6
c1(ccccc1-c1cc(-c2ccnc(c2)NC(=O)C2CC2)n(n1)C)F,0.791206824,2.285015267,336.37,3.6367,-8.6,-8.1
Oc1ccc(C2=C(c3ccc(F)cc3F)C(NC2=O)=O)cc1,0.836029535,2.223996749,301.248,2.2376,-8.5,-7.9
c1cc(C2C(=O)NC(C=2c2cccc(c2)OC)=O)cc(C2CC2)c1,0.880937973,2.211735293,319.36,3.1398,-8.6,-8.2
C1(=C(C(NC1=O)=O)c1cc(ncc1)NC(C)C)c1ccc(cc1)Cl,0.838114376,2.415238774,341.798,3.1225,-7.9,-7.9
C1(=O)C(=C(c2cccc(OC)c2)C(N1)=O)Nc1cccc(Cl)c1,0.846909254,2.183917524,328.755,2.8282,-7.8,-8.3
c1c2C(NC(=O)c2ccc1F)C1C(=O)NC(C=1c1cccc(c1)OC)=O,0.824245748,3.039418335,352.321,1.729,-8.9,-8.4
N1C(=O)C(c2cc(ccc2)OC)=C(C1=O)Nc1cc(ccc1)Cl,0.846909254,2.183917524,328.755,2.8282,-7.9,-8.3
C1C(C1)C(=O)Nc1cc(ccn1)-c1cc(ncc1)Nc1cc(N2CCCC2)ccc1,0.620886884,2.295949382,399.498,4.8359,-9.4,-8.8
C1C(C1)Nc1nccc(C2C(NC(=O)C=2c2ccc(cc2)Cl)=O)c1,0.840206794,2.381303845,339.782,2.8765,-8.3,-8.2
C1C(Nc2nccc(-c3n[nH]c(=O)c4c3c3c(cc4)CNC3=O)c2)CCOC1,0.642414332,2.938010359,377.404,1.8194,-9.7,-8.9
c1(nccc(-c2ccncc2)c1)Nc1ccc(cc1)N1CCC(N)CC1,0.752421162,2.218575743,345.45,3.8147,-8.7,-8.4
c1cc(CO)ccc1NC1C(=O)NC(=O)C=1c1ccc(cc1)O,0.639276048,2.249993501,310.309,1.3641,-8.2,-7.8
c1(cnc2c(cc(c(n2CCO)=O)-c2ccccc2)c1)NCC1CCOCC1,0.688727541,2.512160077,379.46,2.8943,-8.5,-7.7
C1CCCC(Nc2cc(-c3ccnc(c3)NC(=O)C3CC3)ccn2)C1,0.856974975,2.246954292,336.439,4.2367,-8.4,-8.1
O=c1[nH]nc(n1-c1ccc2c(c1)ccc(Cl)c2)-c1cc(NC2CCCCC2)ncc1,0.477880965,2.512525257,419.916,5.1738,-10.1,-8.3
c1(ccccc1OC)C1=C(c2ccnc(NC3CCOCC3)c2)C(NC1=O)=O,0.774833116,2.53893404,379.416,2.2483,-8.5,-8.8
c1cc(ccc1C1C(NC(=O)C=1c1ccnc(c1)NC1CCC1)=O)F,0.841806812,2.399366946,337.354,2.7523,-8.7,-8.4
NC1C(=O)NC(=O)C=1c1ccnc(NC2CCN(CC2)C(=O)C)c1,0.662896567,2.699795835,329.36,-0.1694,-8.5,-7.8
c1ccc(C2=C(C(=O)NC2=O)c2cc(NC3CCCCC3)ncc2)cc1C#N,0.803436995,2.571429767,372.428,3.26508,-9.8,-9.2
C1C(C1)C(=O)Nc1nccc(C2=C(C(=O)NC2=O)c2ccccc2)c1,0.837779569,2.279880489,333.347,1.9973,-8.6,-8.2
C1(C(=C(c2ccnc(NCC3CCOCC3)c2)C(=O)N1)c1cccc(c1)Cl)=O,0.757454076,2.607116946,397.862,3.1407,-8.7,-8.7
n1ccc(cc1NC1CCC(NC(C=Cc2cc(ccc2)Cl)=O)C1)C(=O)N,0.666703142,3.129493853,384.867,2.9965,-8.8,-8
c1(=O)c(cnc(NC2CCOCC2)n1C)-c1ccnc(c1)NC1CCOCC1,0.813719216,2.824598539,385.468,2.0241,-8.6,-8.1
NC1=C(C(NC1=O)=O)c1cc(ncc1)NC1CCC(NC(=O)Nc2ccccc2)CC1,0.468838133,2.603415026,420.473,1.9526,-9.5,-8.9
c1c(cc2c([nH]nc2NC(CCC)=O)c1)F,0.835845871,2.117945398,221.235,2.4406,-6.6,-6.6
c1cc(C2=C(C(NC2=O)=O)c2cc(ncc2)NC2CCCC2)cc(c1)OC,0.798456144,2.426596376,363.417,3.0119,-8.9,-8.4
c1(C2=C(c3c(F)cccc3)C(=O)NC2=O)cc(NC2CCCCC2)ncc1,0.813387824,2.442153772,365.408,3.5325,-9.3,-8.9
c12c(CCN(C(N)=O)C1)n(-c1cc(ncc1)NC1CCCCC1)nc2,0.897999029,2.687034376,340.431,2.4487,-8.8,-9
C1(c2ccnc(NC3CCC3)c2)C(NC(C=1c1ccc(cc1)Cl)=O)=O,0.827499606,2.394331626,353.809,3.2666,-8.5,-8.2
c1cc(C2=C(c3cc(ncc3)NC3CCOCC3)C(=O)NC2=O)ccc1Cl,0.793382813,2.530676849,383.835,2.8931,-8.8,-9
C1(c2ccc(cc2)F)=C(C(=O)NC1=O)c1ccnc(OC)c1,0.877325719,2.309715169,298.273,1.7965,-7.6,-7.6
N(c1n[nH]c2c1cc(-c1ccnc(NC3CCOCC3)c1)cc2)c1ccccc1,0.452727401,2.44239012,385.471,4.9594,-9.3,-9.7
c1c(nccc1C1=C(c2cc(ncc2)NC2CCOCC2)C(=O)NC1=O)NC1CCOCC1,0.57549403,2.942209959,449.511,2.2256,-9.8,-9
c1ccc(c(c1)C1C(=O)NC(C=1c1cnc(NC2CCOCC2)cc1)=O)Cl,0.793382813,2.535661465,383.835,2.8931,-8.6,-8.3
c1c(NC2CCOCC2)nccc1C1C(=O)NC(C=1c1ccc(F)cc1)=O,0.81135624,2.535260281,367.38,2.3788,-9.1,-8.8
C1(c2cccc(C3=C(C(NC3=O)=O)c3ccc(cc3)C)c2)=C(C(=O)NC1=O)C,0.806266129,2.537715237,372.38,1.99212,-10,-9.3
O=C1C(C(NC(=O)Nc2ccccc2)=O)=C(c2cccc(c2)C)C(N1)=O,0.579913349,2.31088892,349.346,1.75332,-9.2,-8.4
c1(ccc(Cl)cc1)C1C(=O)NC(C=1c1ccnc(NC2CC2)c1)=O,0.840206794,2.381303845,339.782,2.8765,-7.9,-7.9
c1cc(c(F)cc1)C1=C(C(NC1=O)=O)c1ccnc(c1)NC(C1CC1)=O,0.826296828,2.382646139,351.337,2.1364,-8.3,-8.3
c1c2C(=O)NCCc2nc(Nc2n[nH]c(c2)-c2ccnc(c2)NC2CCC2)n1,0.538863289,2.951157451,376.424,2.2556,-9.4,-8.5
c1(ccc(C2C(=O)NC(NC=2C)=O)cc1)-c1ccc(cc1)F,0.763387799,2.042982414,296.301,2.84472,-8.4,-9.1
CCn1c2ccc(cc2c(c(C(=O)N)c1)=O)NC(CN1CCOCC1)=O,0.804140461,2.218724748,358.398,0.391,-8.2,-7.7
c1(C2=C(c3cc(ncc3)NC3CCCC3)C(=O)NC2=O)ccnc(c1)NC1CCOCC1,0.601624857,2.834395949,433.512,2.9892,-9.9,-9.2
c1ccc(cc1F)C1=C(C(=O)NC1=O)c1ccnc(NC2CCC2)c1,0.841806812,2.45798103,337.354,2.7523,-8.9,-8.3
c1c(ccc(c1)C1C(NC(C=1c1cccc(Cl)c1)=O)=O)C(N)=O,0.845401601,2.127072706,326.739,2.0061,-8.5,-8.1
O=C1C(c2ccccc2)=C(C(=O)N1)c1cc(NC2CC2)ncc1,0.849778607,2.321965647,305.337,2.2231,-8.2,-7.8
C1CC(CCC1)Nc1nc2n(c(c1)=O)cccc2-c1ccncc1,0.802192642,2.405222186,320.396,3.5011,-8.4,-8.3
c1(OC)cc(C2C(NC(C=2c2cc(ncc2)NC2CCCCC2)=O)=O)ccc1,0.78086397,2.43450669,377.444,3.402,-9.4,-8.8
c1(C2OC(CC(N2)=O)c2ccccc2)ccnc(NC(=O)C2CC2)c1,0.898805713,3.304736435,337.379,2.7065,-9.3,-8.2
COc1cc(OC)cc(c1)C1=C(C(=O)NC1=O)c1ccc(Cl)cc1,0.866866848,2.177155192,343.766,2.9244,-8.5,-8.6
c1c2cnc(Nc3cc(ncc3)NC(=O)C3CCOCC3)nc2[nH]n1,0.663701316,2.702265581,339.359,1.8566,-8.7,-8
COc1cc(ccc1OC)C1=C(C(NC1=O)=O)c1cc(NC2CCCC2)ncc1,0.733605503,2.456091984,393.443,3.0205,-9.4,-8.5
N(C1CCN(CC1)C(=O)NC1CCC1)c1nccc(C2CC2)n1,0.895398979,2.416241172,315.421,2.4924,-8.3,-7.3
O=C1C(=C(C(N1)=O)c1cc(NC(C)=O)ncc1)c1ccnc(c1)NC1CCOCC1,0.643505609,2.787813031,407.43,1.5931,-9.6,-9.1
c1cccc(C2C(NC(=O)C=2c2cc(ncc2)NC2CCC2)=O)c1,0.849937184,2.335541834,319.364,2.6132,-8.5,-8
C1(c2c(cn(C)c2)C2=C(C1=O)N1c3ccccc3CC1C2)=O,0.699391641,3.496687967,290.322,2.3366,-9.1,-8.5
c1cc(ccc1F)C1C(NC(C=1c1cc(ncc1)NC1CCOCC1)=O)=O,0.81135624,2.535260281,367.38,2.3788,-9.1,-8.9
c1(C2=C(c3cc(ncc3)NC3CCCC3)C(NC2=O)=O)ccc(Cl)cc1,0.808919745,2.395863336,367.836,3.6567,-9,-8.9
c1ccc(O)c(c1)C1C(=O)NC(=O)C=1c1ccc(C)cc1,0.82867745,2.081345055,279.295,2.26782,-7.7,-7.7
c1cccc(OC)c1-c1ccc2c(NC(C3CC3)=O)n[nH]c2c1,0.773810826,2.082930682,307.353,3.587,-8.3,-8
c1cnc(cc1C1C(NC(C=1c1cc(NC2CCOCC2)ncc1)=O)=O)NC1CCCC1,0.601624857,2.834395949,433.512,2.9892,-9.9,-8.8
C1(NC(C(=C1c1cccc(OC)c1)c1ccc(F)cc1)=O)=O,0.885129722,2.030741968,297.285,2.4015,-8.2,-7.9
c1cc(NC2CCOCC2)ncc1C1=C(C(=O)NC1=O)c1ccc(Cl)cc1,0.793382813,2.515609394,383.835,2.8931,-8.8,-8.3
C1CC(Nc2nccc(c2)C2=C(c3ccc(F)cc3)C(NC2=O)=O)CCO1,0.81135624,2.535260281,367.38,2.3788,-9.2,-8.9
c1nc(NC(C)C)nc(C2CCCC=2)c1,0.820441766,2.581527394,203.289,2.8642,-6.2,-6.5
C1(Nc2cc(C3C(NC(C=3c3ccc(F)cc3)=O)=O)ccn2)CCCC1,0.830425976,2.400630105,351.381,3.1424,-8.9,-8.9
c1(cc2c(n[nH]c2cc1)C=CC(O)=O)-n1c([nH]nc1-c1ccccc1)=O,0.489369136,2.598604259,347.334,2.2017,-8.8,-8.4
O=c1n(C)c(=O)n(-c2cc3c(cc2)cccc3)c(n1C)=O,0.648579053,2.083940703,283.287,0.3881,-7.8,-8.1
c1c(ccc(F)c1OC)C1C(=O)NC(C=1c1cn(c2ccccc21)C)=O,0.739131264,2.365296718,350.349,2.8932,-8.6,-8.8
c1(NC2CCOC2)nccc(C2=C(c3cc(c(cc3)F)F)C(=O)NC2=O)c1,0.805203974,3.112860002,371.343,2.1278,-9.1,-8.6
C1C(Nc2cccc(Cl)c2)CCN(C(NC(C)C)=O)C1,0.898160297,1.980248762,295.814,3.3343,-7.2,-7.2
O=C(c1cc(ncc1)NC1CCC1)NC1CCC(OC(=O)NCC)CC1,0.725386282,2.405003294,360.458,2.8331,-7.9,-7.4
c1cnc(NC2CCCC2)nc1-c1n(c([nH]n1)=O)-c1cc2c(cccc2)cc1,0.572097563,2.464381224,372.432,3.5253,-8.8,-9.2
c1c(C2C(NC(=O)C=2c2cc(C)ncc2)=O)ccnc1NC1CCC1,0.838454089,2.625786664,334.379,2.31662,-8.8,-8.3
c1(NC2CCOCC2)nccc(-c2n[nH]c(n2-c2ccc3c(c2)cccc3)=O)c1,0.560847365,2.543330396,387.443,3.3667,-9.5,-9.7
c1nc(NC2CCN(Cc3cc(NC4CCOCC4)ncc3)CC2)ccc1Cl,0.767253871,2.484002725,401.942,3.7974,-8.3,-8.1
O=C1NC(C(c2ccccc2)=C1c1cc(ncc1)NC1CCCC1)=O,0.843948257,2.337633323,333.391,3.0033,-8.7,-8.2
OC1CCC(C1)Nc1nccc(-c2n(c(=O)[nH]n2)-c2cc3c(cc2)cccc3)c1,0.500066976,3.256572179,387.443,3.1011,-9.3,-9.4
c1c(ccc(c1)C1N(Nc2ccccc2)C(=O)CS1)O,0.91048283,2.740035577,286.356,2.9933,-7.5,-7.6
c1(cc(c(cc1)CO)C1=C(C(=O)NC1=O)c1c(Cl)cnc(c1)NC1CCC1)C,0.674294479,2.678544823,397.862,3.06732,-8.8,-8
c1ccc2c(cc(-n3c(=O)[nH]nc3-c3ccnc(Nc4c(cccc4)N)c3)cn2)c1,0.401375731,2.554397284,395.426,3.4966,-9.6,-9.4
c1c(ccc(C2=C(c3ccnc(c3)NC3CCOCC3)C(=O)NC2=O)c1)Cl,0.793382813,2.530676849,383.835,2.8931,-8.9,-9.1
c1(NC2CCN(CC2)C(=O)NCC)ncc2c(n(C)c(-c3ccccc3)n2)n1,0.727553977,2.438593869,379.468,2.6361,-8.6,-8.4
c1(n(C)c(-c2c3c([nH]c2)cc(cc3)Cl)nn1)SCC(NCC1CCOCC1)=O,0.598883493,2.571033186,419.938,3.2517,-8.4,-8
C1CC1C(=O)Nc1cc(ccn1)C1=C(C(=O)NC1=O)c1cc(OC)ccc1,0.792205771,2.373417055,363.373,2.0059,-9,-8.6
N1C(=O)C(c2ccnc(c2)NCC2CCOCC2)=C(c2cccc(C)c2)C1=O,0.783492805,2.59473575,377.444,2.79572,-8.7,-8.8
CCOC(=O)NC1CCC(CC1)Nc1ncc2cc(c(=O)n(C)c2c1)C(N)=O,0.713148744,2.606152515,387.44,1.5016,-8.4,-8.3
c1cc(cc(c1Cl)C1C(NC(=O)C=1c1cn(nc1)C)=O)Cl,0.86305316,2.51755927,322.151,2.2941,-7.9,-7.2
N1C(=O)C(c2cc(NC3CCOCC3)ncc2)=C(C1=O)c1cc(OC)c(OC)cc1,0.706297347,2.582962405,409.442,2.2569,-9.4,-8.9
c1cc(C2=C(c3cc(ncc3)NC3CCOCC3)C(NC2=O)=O)ccc1F,0.81135624,2.535260281,367.38,2.3788,-9.2,-8.9
c1(cc(C2C(NC(=O)C=2c2ccncc2)=O)cc(C)c1)C,0.85721849,2.316980778,278.311,2.26564,-7.9,-7.5
c1(cc(ncc1)NC1CCC(C(=O)N)CC1)C1C(NC(C=1c1ccccc1)=O)=O,0.67670571,2.514204124,390.443,2.1048,-9.6,-9.3
C1(=C(c2cn(c3c2cccc3)C)C(NC1=O)=O)c1ccc(cc1)F,0.738264262,2.222333709,320.323,2.8846,-8.6,-8.4
c1c(cc(cc1)Nc1scc(-c2cn(C)nc2-c2cc3c(cccc3)cc2)n1)F,0.387868943,2.317143112,400.482,6.2465,-9.3,-9
c1cc(OC)ccc1C1=C(c2cc(NC3CC3)ncc2)C(NC1=O)=O,0.819235109,2.355205516,335.363,2.2317,-8.5,-7.9
C1CC(CCN1C)NC(=O)C1CCC(Nc2ncc3c(n2)[nH]nc3NC2CCCC2)CC1,0.546516063,2.792658633,440.596,2.8885,-9.4,-8.8
c1(Nc2nccc(-c3cc4c(cc3)[nH]nc4NC(=O)CCCC)c2)ccccc1,0.392343989,2.278017139,385.471,5.4972,-8.4,-8.4
c1(NC2CCCC2)nccc(C2=C(C(=O)NC2=O)c2ccc(Cl)c(Cl)c2)c1,0.748155491,2.503487001,402.281,4.3101,-9.2,-8.6
c1cc(F)c(F)cc1NC1C(=O)NC(C=1c1cc(ncc1)NC1CCOCC1)=O,0.668027596,2.713897359,400.385,2.4303,-8.6,-9
C1CC(Oc2cc(F)ccc2)CCN1CCCCC(=O)Nc1cc2c(cc1)cccc2,0.480264384,2.091113847,420.528,5.6311,-8,-8.2
c1cc(ccc1C1C(=O)NC(=O)C=1c1ccc(cc1)F)F,0.861840499,1.960878592,285.249,2.532,-8.1,-7.6
c1cccc(c1C)C1=C(C(NC1=O)=O)c1cc(ncc1)NC1CCOCC1,0.816294316,2.541705843,363.417,2.54812,-9.2,-9
C1CC(CCO1)Nc1cc(C2=C(c3ccc(F)cc3)C(NC2=O)=O)ccn1,0.81135624,2.535260281,367.38,2.3788,-9.1,-8.9
c1c(c(F)ccc1)Nc1cc(NC2CCOCC2)nc(C)n1,0.907568295,2.326547876,302.353,3.25862,-7.7,-8.2
C(c1ccnc(NC2CCCC2)c1)(=O)NC1CCC(CC1)NC(C)=O,0.766627525,2.233876236,344.459,2.6132,-8.4,-7.9
c1c2c(nc([nH]c2=O)-c2ccnc(c2)NC2CCOCC2)ccc1,0.774547405,2.42350886,322.368,2.576,-9,-8.3
n1c(NC2CCC2)cc(cc1)-c1c(ncc(n1)C(=O)N)C,0.893534103,2.499132799,283.335,1.91032,-8,-7.4
c1(OC)c(OC)cc(C2C(=O)NC(=O)C=2Nc2ccc(cc2)C(N)=O)cc1,0.661843916,2.241449654,367.361,1.2823,-8.5,-8.1
c1c(F)cc(cc1)NC1C(NC(=O)C=1c1cc(ncc1)NC1CCC1)=O,0.720843402,2.534977514,352.369,2.6647,-8.9,-8.3
c1c2c(NC3CCOCC3)nc(-c3ccncc3)nc2ccc1Cl,0.78225434,2.294710377,340.814,3.9361,-8.5,-7.9
c1(F)ccc(Nc2ccc(cc2)C2=C(C(NC2=O)=O)c2ccccc2)cc1,0.689471303,2.028230104,358.372,4.1365,-8.9,-8.8
C1CN(C(=O)C)CCC1Nc1ncc2c(n1)n(C(C)C)c([nH]c2=O)=O,0.835851746,2.671583009,346.391,0.4835,-8.4,-8.6
n1c(NC2CCCC2)cc(-c2ccc3ccc(=O)ncc3c2)cc1,0.792729689,2.410589034,317.392,4.0115,-9,-9.3
c1(ccnc(c1)NC(C)C)-c1cc2c(C(=O)NC3CC3)c[nH]c2nc1,0.667692818,2.500970413,335.411,3.3374,-8.5,-8.3
N(c1noc(-c2cc3ccccc3cc2)c1)C1CCCCC1,0.717089578,2.138234546,292.382,5.2394,-8.8,-8.4
c1(C2=C(c3ccnc(NC4CCCCC4)c3)C(=O)NC2=O)ccccc1,0.831840219,2.344705805,347.418,3.3934,-9.1,-8.7
c1(ccccc1C1C(=O)NC(=O)C=1c1cc(OC)c(c(OC)c1)OC)C(=O)N,0.729187207,2.325116236,382.372,1.3785,-7.8,-8.1
C1C(C1)Nc1nccc(-c2ccnc(Nc3cc(ncc3)Nc3ccccc3)c2)c1,0.378798231,2.393591232,394.482,5.6001,-9.2,-8.9
c1c(ccnc1NC1CCOCC1)C1C(=O)NC(C=1c1c(F)cccc1)=O,0.81135624,2.570143713,367.38,2.3788,-9.2,-8.8
c1c(cc(cc1)F)C1C(NC(=O)C=1c1ccnc(NC2CCOCC2)c1)=O,0.81135624,2.588614128,367.38,2.3788,-9.2,-8.9
C1(=O)NC(C(c2ccc(cc2)F)=C1c1cc(ncc1)NC1CCOCC1)=O,0.81135624,2.535260281,367.38,2.3788,-9,-9
c1c(ccnc1NC1CCC1)C1=C(c2ccc(c(c2)F)F)C(=O)NC1=O,0.827634657,2.522467635,355.344,2.8914,-9.1,-8.7
n1c(N2CCOCC2)cc(-c2n[nH]c(=O)n2-c2cc3ccccc3cc2)cc1,0.597420655,2.40815583,373.416,2.6124,-9.3,-9.4
N1C(=O)C(c2ccc(F)cc2)=C(C1=O)c1cc2OCOc2cc1,0.862967411,2.235909703,311.268,2.1216,-8.1,-8.3
O=C1C(=C(C)Nc2nc(cc(n2)-c2ccccc2)-c2ccncc2)C(=O)N1,0.423099569,2.445498151,357.373,2.5479,-9.6,-9
C(CC(Nc1n[nH]c2ncc(cc12)-c1ccccc1)=O)N1CCOCC1,0.7368286,2.30150881,351.41,2.2857,-8.7,-8.5
C1(Nc2ncc(cc2)C2C(NC(C=2c2ccc(cc2)F)=O)=O)CCOCC1,0.81135624,2.520192826,367.38,2.3788,-8.8,-9.3
C1CN(CCC1O)C(c1cc(ccc1)C1C(NC(=O)C=1c1ccccc1)=O)=O,0.800765767,2.253514852,376.412,1.8507,-9.2,-10.5
OC1C(NC(c2cc(ncc2)NC2CCC2)=O)CN(Cc2cccc(F)c2)C1=O,0.688455907,3.289994351,398.438,1.6868,-8.6,-8.8
c1ccc(cc1C1C(NC(C=1c1cccc(N2CCOCC2)c1)=O)=O)F,0.860983738,2.302852259,352.365,2.2295,-8.7,-8.5
c1c2c(ccnc2[nH]n1)C1C(=O)NC(C=1c1ccc(nc1)N1CCC1)=O,0.689176019,2.763412259,346.35,1.1302,-8.9,-8.4
c1cc(C2=C(C(=O)NC2=O)c2ccnc(c2)NC2CCOCC2)ccc1OC,0.774833116,2.510002416,379.416,2.2483,-9.2,-8.9
C(c1cn(-c2ccccc2)nc1-c1ccnc(NC2CCOCC2)c1)(N)=O,0.726512406,2.409026254,363.421,2.6241,-8.7,-8.4
c1(C2=C(C(=O)NC2=O)c2ccnc(c2)NC2CCOCC2)cc(C(N)=O)ccc1,0.659982577,2.636238786,392.415,1.3386,-9.6,-8.9
c1(ccc(nn1)NC1CCOCC1)-c1n[nH]c(c2ccc(cc21)Cl)=O,0.748139722,2.611880109,357.801,2.6244,-9.3,-9.2
c1c(cc2c(c1-c1cc(NC3CCOCC3)ncc1)cccc2)C(N)=O,0.755963052,2.31322038,347.418,3.5916,-9.4,-9.4
c1(cc2c(cccc2)cc1Cl)-n1c(=O)[nH]nc1-c1ccnc(c1)NC1COC1,0.5556753,2.708597288,393.834,3.2399,-8.9,-8.7
c1ccc2c(c1)C(=O)NC2Cc1ccccc1F,0.860222087,2.500267313,241.265,2.8529,-7.5,-7.6
c1ccccc1C1C(NC(=O)C=1c1ccnc(NCCO)c1)=O,0.718265063,2.358590822,309.325,1.053,-7.8,-7.5
c1(nc(c(cn1)CC)OC)C1=C(C(NC1=O)=O)c1cc(NC2CCC2)ncc1,0.73924725,2.903391576,379.42,1.9742,-8.4,-8
C1CCCC(C1)Nc1cc(ccn1)-c1n[nH]c(=O)n1-c1cc2c(CCNC2=O)cc1,0.620090226,2.761957424,404.474,2.6531,-10.1,-8.7
C1(CCCC1)Nc1nccc(C2=C(c3ccncc3)C(NC2=O)=O)c1,0.838947428,2.520635852,334.379,2.3983,-9,-8.2
C1N(CCC1)CCCOc1cc2ccc(C(=O)N)cc2cc1OC,0.793894403,2.004827453,328.412,2.812,-7.8,-7.7
O=C1C(c2n(-c3ccccc3)c(=O)[nH]c2)=C(C(=O)N1)c1cccc(F)c1,0.708268214,2.523917431,349.321,1.8719,-9.5,-9
C1(=O)C(=C(C(N1)=O)c1ccnc(c1)NC1CC1)Nc1ccccc1,0.735258809,2.418129125,320.352,2.1355,-8.2,-8
c1c(c(cc(c1F)OC)OC)C1SC(=Nc2ccccc2)NC1=O,0.921299703,3.277873658,346.383,3.4347,-7.9,-7.7
c1ccnc(C2C(NC(=O)C=2c2ccnc(OC)c2)=O)c1,0.850487108,2.48899362,281.271,1.0524,-7.4,-7.4
O=C1C(=C(C(=O)N1)c1cc(ncc1)NC1CC1)c1ccnc(Nc2cc(ccc2)N)c1,0.36263449,2.718806383,412.453,2.9439,-9.4,-8.8
c1c(cc(-c2cc3c(NC(=O)CC3)nc2)cc1)NC1CCOCC1,0.910168237,2.477228037,323.396,3.2242,-9,-8.6
c1(NC2CCCC2)nccc(C2=C(c3cc(ccc3)Cl)C(=O)NC2=O)c1,0.808919745,2.446929797,367.836,3.6567,-9,-8.8
O=C1C(c2ccnc(NC3CCOCC3)c2)=C(c2ccc(cc2)OC)C(=O)N1,0.774833116,2.510002416,379.416,2.2483,-9.2,-8.8
C1(CC1)c1n(C)c(=O)[nH]c1-c1cc(NCC2CCOCC2)ncc1,0.884411147,2.866050195,328.416,2.4913,-7.9,-7.4
C1CC1Nc1nc(ccn1)-c1nc(ncc1)NC(=O)C1CCCC1,0.878078504,2.366582474,324.388,2.6366,-8.4,-7.4
Clc1cc(c(c2c1[nH]nc2NC(=O)CCCC)Cl)Cl,0.805444839,2.639253677,320.607,4.6518,-7.2,-6.8
c1c(Br)ccc(C2C(NC(C=2c2ccc(c(Cl)c2)Cl)=O)=O)c1,0.767870788,2.178740255,397.055,4.3231,-8.2,-7.7
c1(nccc(c1)C1=C(C(NC1=O)=O)c1cc(ncc1)NC1COCC1)NC1CCCC1,0.618260365,3.287635008,419.485,2.5991,-10,-9.1
c1cc(ccc1NC1CCCCC1)Nc1nccc(-c2ccccc2)c1,0.575793578,1.936706413,343.474,6.2368,-8.9,-8.3
c1c(-c2cc(NC3CCC(O)CC3)ncc2)nc(NC2CCC2)nc1,0.775707961,2.491025946,339.443,3.2184,-8.6,-8
c1c(cccc1C1=C(C(=O)NC1=O)c1cc(NC2CCOCC2)ncc1)NC1CCOCC1,0.58432301,2.817705915,448.523,2.8306,-10,-9.6
n1c(NC2C(=O)NCCC2)ccc(c1)Nc1cccc(c1)C,0.811449754,2.708604793,296.374,2.82412,-8.2,-8.1
C1C(CCOC1)Nc1cc(-c2n[nH]c(=O)n2-c2cc3c(CCOC3)cc2)ccn1,0.706368675,2.851449179,393.447,2.2862,-8.8,-9.4
c1ccccc1C1=C(c2cc(ncc2)NC2CCCC2)C(=O)NC1=O,0.843948257,2.337633323,333.391,3.0033,-8.7,-8.3
c1cc(ccc1)C1C(NC(C=1c1cc(ncc1)NC1CCCC1)=O)=O,0.843948257,2.337633323,333.391,3.0033,-8.8,-8.3
c1(C2C(NC(C=2c2ccnc(c2)NC2CCC2)=O)=O)cccc(O)c1,0.74601323,2.519124476,335.363,2.3188,-8.6,-8.4
c1c(cc(nc1)NC(C)C)-c1ccnc(c1)NC(=O)C1CC1,0.887987521,2.252358593,296.374,3.3124,-7.7,-6.8
c12ccccc1cc(Nc1cc(ncn1)NC1CCOCC1)cc2,0.761673347,2.261788573,320.396,3.9643,-8.9,-8.3
s1cc(-c2nc(C)nc(C3CCCCC3)c2)nc1C1CCCC1,0.734745446,2.53390923,327.497,5.61382,-8.5,-8.4
n1[nH]c2c(c1NC1CCOCC1)cc(c(C(=O)NCC1CCOCC1)c2)Cl,0.72761366,2.685873966,392.887,2.9636,-8.8,-8.5
C1COCCC1Nc1cc(ccn1)C1C(NC(=O)C=1c1cccc(c1)F)=O,0.81135624,2.588614128,367.38,2.3788,-9.2,-8.8
c1nccc2n(CCCOC)cc(C3C(NC(C=3c3ccc(Cl)c(Cl)c3)=O)=O)c21,0.475026232,2.640239218,430.291,3.9468,-8.2,-7.7
Clc1cc(C2C(=O)NC(=O)C=2c2c(cccc2)Cl)ccc1,0.860728599,2.073962004,318.159,3.5606,-7.7,-7.7
c1cccc(c1)C1C(NC(=O)C=1c1ccnc(Nc2cc([nH]n2)C)c1)=O,0.630734308,2.555188259,345.362,2.42392,-9.5,-8.7
n1c(NC(c2ccc(cn2)-c2cc[nH]n2)=O)cn(C)c1,0.752240714,2.91016805,268.28,1.4575,-7.5,-6.8
C1C(C1)Nc1cc(-c2ccnc(NC(C3CC3)=O)c2)ccn1,0.889071749,2.217398082,294.358,3.0664,-7.7,-7.1
c1(CC2CCCC2)c(OCC)c(OC)cc(c1)-c1cn2CCCc2n1,0.768657492,2.564014145,340.467,4.6363,-7.9,-7.6
c1(c2c(ccn2C)c(NCC(C)C)nc1)C1C(=O)NC(C=1c1ccccc1)=O,0.672626995,2.709682131,374.444,3.2084,-8.5,-8.3
O=c1n2c(cc3c1ccc(c3)F)C(=CNc1ccc(F)cc1)CCC2,0.744965824,2.528691621,338.357,4.5265,-9.4,-8.9
c1(C2C(=O)NC(=O)C=2c2cc(ncc2)NC2CC2)c(Cl)cccc1,0.840206794,2.40430475,339.782,2.8765,-8,-7.7
n1ccc(cc1NC1COC1)C1C(=O)NC(=O)C=1c1ccc(cc1)O,0.724176173,2.647969763,337.335,1.1651,-8.6,-7.9
c1c2c(Cl)ccc(-c3cn(nc3-c3ccnc(c3)NC(C3CC3)=O)C)c2ccc1,0.503216503,2.399232669,402.885,5.3042,-8.8,-8.6
c1(OC)cc(C2=C(C(NC2=O)=O)Nc2cc(ccc2)C2CC2)ccc1OC,0.770667475,2.330816448,364.401,3.0608,-8,-8.6
c1cc(cc(C2C(NC(=O)C=2c2cc(ccc2)F)=O)c1)C(N)=O,0.841772581,2.197785446,310.284,1.4918,-8.3,-8.3
C1C(C1)C(Nc1cccc(c1)-c1n[nH]c(n1-c1cc2c(cc1)CCCC2)=O)=O,0.733946817,2.335870793,374.444,3.4549,-9.1,-9.3
c1(C2=C(c3cc(NC4CCCC4)ccc3)C(NC2=O)=O)cc(ccc1)F,0.825957478,2.295092874,350.393,3.7474,-8.9,-8.9
C1(NC(C(=C1c1ccc(cc1)OC)c1ccc(cc1)F)=O)=O,0.885129722,1.968353878,297.285,2.4015,-8,-7.6
Fc1c(ccc(c1)C1C(NC(=O)C=1c1cc(ncc1)C)=O)F,0.86531514,2.407953118,300.264,2.23542,-8.1,-7.8
c1cc(-n2c(=O)[nH]nc2-c2ccnc(c2)Nc2ccccc2)cc2c1cccc2,0.481383038,2.271718768,379.423,4.5194,-9.2,-9.9
c1c(nc2[nH]nc(c2c1)NC(CCC)=O)-c1ccccc1,0.769418044,2.162309699,280.331,3.3635,-8.1,-7.6
c1(C2C(NC(C=2c2cc(ncc2)NC2CCCC2)=O)=O)ccc(cc1)F,0.830425976,2.400630105,351.381,3.1424,-9,-8.7
O=c1n(c(-c2ccnc(c2)NC2CCCC2)n[nH]1)-c1c2cccnc2ccc1,0.572097563,2.502666673,372.432,3.5253,-10.1,-8.7
C(N1CCC(CC1)Nc1ccnc2c1cc(-c1ccncc1)[nH]2)(=O)NCCOC,0.558994669,2.59674094,394.479,2.8572,-8.5,-8
c1c(CC)nn(C2C(NC(=O)C=2c2cc(NC3CCCC3)ncc2)=O)c1C,0.795054637,2.877318769,365.437,2.52812,-8.5,-8
C1CCC(C(=O)Nc2nccc(n2)-c2cn(C)nc2-c2ccncc2)C1,0.782991046,2.459796494,348.41,3.0678,-8.9,-7.8
n1ccc(-c2ccc(cc2)F)cc1Nc1cc(C)nc(C2CCOCC2)n1,0.731680773,2.457417685,364.424,4.62372,-9.3,-8.9
c1(c2n(c(-c3ccc(Cl)cc3)n1)ccnc2NCCCC)NC1CCOCC1,0.555675327,2.710769646,399.926,4.8526,-8,-7.7
c1c(cc(NC2CCCc3cc(cnc23)-c2cnccc2)nc1)C(N)=O,0.757516782,2.988424058,345.406,3.127,-9.4,-8.4
c1(ccc(F)cc1)C1C(NC(C=1c1cc(NC2CCC2)ncc1)=O)=O,0.841806812,2.399366946,337.354,2.7523,-8.7,-8.4
C1(c2ccnc(NC3CCC(CC3)O)c2)=C(c2ccc(cc2)F)C(NC1=O)=O,0.708150074,2.559435237,381.407,2.5033,-9.7,-8.8
c1(nccc(C2C(=O)NC(C=2c2ccc(F)cc2)=O)c1)NC1CCOCC1,0.81135624,2.535260281,367.38,2.3788,-9.1,-8.9
N1(C(=O)CCC1)c1cc(C2C(=O)NC(=O)C=2c2sccc2)c(cc1)F,0.859892249,2.614957412,356.378,2.5812,-9,-8.8
C1(=C(c2cc(NC3CCOCC3)ncc2)C(NC1=O)=O)c1cc(F)ccc1,0.81135624,2.588614128,367.38,2.3788,-9.1,-9
c12c(cc(F)c(c2)OC)c(=O)n(C)c(=O)n1CC1CCCO1,0.849377344,2.778594902,308.309,1.0269,-7.8,-7.3
c1cc(C2=C(c3ccnc(NC4CCOCC4)c3)C(NC2=O)=O)cc(F)c1F,0.790955113,2.648808699,385.37,2.5179,-9.4,-9.2
n1c(Nc2ccc3OCOc3c2)nccc1-c1ccnc(NC2CCOCC2)c1,0.681807253,2.520916911,391.431,3.6018,-9.5,-8.2
c1nc(cc(C2=C(C(=O)NC2=O)c2cccc(OC(C)C)c2)c1)NC1CCOCC1,0.715794337,2.665065267,407.47,3.0269,-9.3,-7.7
c1c(cc(NC2CC3CCC2C3)nc1)C1C(=O)NC(=O)C=1c1ccc(cc1)F,0.801583674,4.185612347,377.419,3.3884,-9.7,-8.9
c1ccc2c(snn2)c1NC1C(=O)NC(=O)C=1c1ccc(cc1)F,0.714983789,2.712347854,340.339,2.31,-8.9,-8.4
c1c(Nc2nccc(-c3ccnc(c3)Nc3cc(F)ccc3)c2)cccc1,0.476514629,2.082004616,356.404,5.7699,-9.4,-8.7
N(C1C(=O)NC(=O)C=1c1cc(ncc1)NCC1CCC1)c1ccccc1F,0.684958474,2.564050437,366.396,2.9123,-8.6,-8.4
C1CC1C(Nc1nccc(-c2n(-c3ccc4c(c3)cccc4)nc(C)c2)c1)=O,0.565680949,2.250414382,368.44,4.74442,-8.9,-9.2
O=C(N)c1cc(NC2CCCCC2)nc(C2C(NC(=O)C=2c2ccccc2)=O)c1,0.678851479,2.568909778,390.443,2.4923,-9.7,-8.7
c1(NC2CCCC2)nc(C2C(NC(C=2c2ccc(Cl)cc2)=O)=O)ccc1,0.808919745,2.427451028,367.836,3.6567,-8.6,-8.8
c1c(scc1C1C(=O)NC(C=1c1cc(ncc1)NC1CCOCC1)=O)C(N)=O,0.6543645,2.952906583,398.444,1.4001,-8.7,-8.3
N(c1nccc(c1)C1C(NC(C=1c1ccc(cc1)F)=O)=O)C1CCCC1,0.830425976,2.400630105,351.381,3.1424,-8.9,-8.9
O=C1NC(C(c2cc(ncc2)NC2CCCC2)=C1c1cc(ccc1)Cl)=O,0.808919745,2.446929797,367.836,3.6567,-9,-8.5
n1cccc(C2=C(c3ccc(cc3)Cl)C(=O)NC2=O)c1,0.861026568,2.152477739,284.702,2.3022,-7.8,-7.7
Fc1ccc(c(F)c1)C1C(=O)NC(C=1c1ccnc(NC2CCC2)c1)=O,0.827634657,2.526261102,355.344,2.8914,-8.7,-8.6
c1(-c2cc(ncc2)Nc2ccccc2)cc(NC2CCOCC2)ncc1,0.71327816,2.26949872,346.434,4.4781,-8.6,-8.3
c1(F)cc(ccc1)-c1nc(NC2CCOCC2)ncc1,0.93376891,2.156049824,273.311,2.8736,-7.7,-7.7
c1cc(ccc1C)C1C(NC(C=1c1ccnc(c1)NC1CCCCC1)=O)=O,0.814771461,2.39016324,361.445,3.70182,-9,-9.1
c12c([nH]nc1NC(CCC)=O)cc(-c1cc(NC3CCOCC3)ncc1)cc2,0.602985034,2.567335312,379.464,3.9544,-8.8,-8.4
c1c(C2=C(C(NC2=O)=O)c2ccc(cn2)F)ccc(OC)c1OC,0.866220107,2.346997902,328.299,1.8051,-7.8,-7.6
Fc1ccc(C=C2C(NC(NC2=O)=S)=O)cc1C(=O)N,0.400421556,2.509641436,293.279,-0.1611,-7.9,-7.7
c1(C2=C(C(NC2=O)=O)c2cc(ncc2)NC2CCCC2)ccccc1,0.843948257,2.337633323,333.391,3.0033,-8.8,-8.2
N(C1CCCC1)c1cc(ccn1)C1C(NC(C=1c1ccc(O)cc1)=O)=O,0.738417556,2.461663951,349.39,2.7089,-9,-8.2
Fc1cc(C2=C(C(NC2=O)=O)c2ccnc(c2)NC2CC2)ccc1,0.847539882,2.447761311,323.327,2.3622,-8.4,-7.9
C1(NC(=O)C(c2cc(NC3CCOCC3)ncc2)=C1c1ccncc1)=O,0.814437546,2.651842647,350.378,1.6347,-8.9,-8.5
c1(C2C(NC(C=2c2ccc(Cl)cc2)=O)=O)cc(NC2CCCCC2)ncc1,0.783688512,2.402686909,381.863,4.0468,-9.2,-9.2
C1CC(C)CCN1c1ncc2c(n1)n(c(=O)[nH]2)-c1ccc(F)cc1,0.785132041,2.39906558,327.363,2.4842,-8.6,-8.6
c1c(C2=C(C(=O)NC2=O)c2cc(ncc2)NC2CCCCC2)ccc(c1)Cl,0.783688512,2.402686909,381.863,4.0468,-9.2,-9.1
c1(nccc(-c2cnc3[nH]c(nc3c2)OCC)c1)NC(C1CC1)=O,0.752900474,2.636639493,323.356,2.7671,-8.1,-8.2
c1c(cc(C2C(=O)NC(=O)C=2c2cn(C)c3ccccc23)cc1)Cl,0.72915021,2.273399546,336.778,3.3989,-8.5,-8.3
c1c(Nc2cc(nc(-c3ccc4c(c3)cccc4)c2)C)ccnc1NC1CCOCC1,0.426350154,2.489894506,410.521,5.93972,-9.8,-9.8
c1cc(cc(C2C(NC(=O)C=2c2cc(ncc2)NC2CCC2)=O)c1)F,0.841806812,2.45798103,337.354,2.7523,-8.8,-8.2
c1c(cc2OCOc2c1)C1=C(C(=O)NC1=O)c1ccc(F)cc1,0.862967411,2.235909703,311.268,2.1216,-8.1,-8.3
c1cc(ccc1C1=C(C(=O)NC1=O)c1ccnc(NC2CCOCC2)c1)F,0.81135624,2.535260281,367.38,2.3788,-9.1,-9
C1OCCC(C1)Nc1nccc(C2=C(c3cc(OC)ccc3)C(NC2=O)=O)c1,0.774833116,2.557756263,379.416,2.2483,-9.1,-8.6
n1(c(nnc1C1CC1)SCC(=O)N)-c1ccc2c(c1)OCO2,0.838929237,2.376642039,318.358,1.4508,-7.1,-7.1
c1c(=O)n(c(nc1)NC1CCCC1)-c1ccc2c(OCCO2)c1,0.942103166,2.481851764,313.357,2.3582,-7.7,-7.4
c1cc(cc(Nc2cc(-c3ccnc(NC4CCCCC4)c3)ccn2)c1)CCN,0.523671434,2.366044886,387.531,5.133,-8.9,-8.3
c1cc(cc(OC)c1)CC1C(NC(C=1c1cc(ncc1)NC1CCOCC1)=O)=O,0.732536961,2.701597339,393.443,2.3338,-8.9,-8.6
C1(C(=O)NC(=O)C=1c1cc(NC2CCC2)ncc1)c1cccc(c1)COC,0.771651547,2.521451037,363.417,2.7596,-8.8,-7.8
C1C(CCC(Nc2nc3c(c(=O)n2-c2ccc4ccccc4c2)cn(n3)C)C1)OC,0.563125121,2.735730266,403.486,3.6419,-9,-9
C1C(Nc2nccc(C3C(NC(=O)C=3c3cccc(c3Cl)F)=O)c2)C1,0.825093436,2.603008599,357.772,3.0156,-8.4,-8.4
C1(C(c2ccc(cc2)F)=C(C(N1)=O)c1cc(NC2CCOCC2)ncc1)=O,0.81135624,2.535260281,367.38,2.3788,-9,-9
c1(cccc(-c2n[nH]c3ccc(nc23)NC(C2CC2)=O)c1)C#N,0.7774866,2.441409703,303.325,2.84508,-8.6,-7.8
c12c(C(NCCO2)=O)cc(cc1)-c1ccnc(Nc2ccccc2F)c1,0.755832501,2.35097119,349.365,3.7535,-9.5,-9.6
c1(C2=C(C(NC2=O)=O)c2cc(ncc2)NC(C2CCOCC2)=O)c(F)cccc1,0.773527668,2.540058063,395.39,2.153,-9.7,-9.3
c1c(ccc(F)c1)C1C(=O)NC(C=1c1ccnc(NC2CCC2)c1)=O,0.841806812,2.399366946,337.354,2.7523,-8.7,-8.4
C1(Nc2nccc(-c3nn(C)c(=O)c4c3cncc4)c2)CCOCC1,0.786899398,2.615076104,337.383,1.9814,-8.3,-8.6
c1cc(cc(NC2CN(C(C)C)CCC2)n1)C1=C(c2cc(ccc2)F)C(=O)NC1=O,0.744144615,3.077651855,408.477,3.0726,-9.4,-9.1
Fc1ccccc1-c1n[nH]c2c1c(ncn2)NC1CCCC1,0.776039948,2.472177795,297.337,3.5135,-7.8,-8.1
C1OCCC(C1)Nc1cc(-c2c(cnc(n2)NC2CCOCC2)Cl)ncc1,0.810737438,2.790463846,389.887,3.3738,-8.8,-8.4
c1cccc(F)c1C1C(NC(=O)C=1N1CCN(c2ccc(cc2)F)CC1)=O,0.842836489,2.318209279,369.371,2.1545,-9,-8
c1c(cccc1C1C(NC(C=1c1cc(ncc1)NC1CCOCC1)=O)=O)Cl,0.793382813,2.579779216,383.835,2.8931,-9,-9
C1(C(=C(c2cccc(c2)OC)C(=O)N1)c1cccc(c1)C(O)=O)=O,0.839161738,2.12672626,323.304,1.9606,-8.4,-8.7
O=C1C(c2ccc(Cl)cc2)=C(C(=O)N1)c1cc(ncc1)NC1CCCCC1,0.783688512,2.402686909,381.863,4.0468,-9.3,-9.1
C1(=O)NC(=O)c2c1c(ccc2)NCCCNC(C1CCCCC1)=O,0.550636755,2.246595346,329.4,2.0687,-7.2,-6.9
c1(c(cccc1)C1C(=O)NC(c2cc3ccccc3cc2)=C1)OC,0.789919045,2.748235875,315.372,4.1029,-9,-8.7
C(Nc1cc2ccccc2cc1)(=O)C1CCN(CC1)C(=O)NC1CCCCC1,0.822815269,1.98029216,379.504,4.5326,-9.5,-9.3
c1(c(C)cc(c(c1)C)-n1c([nH]nc1-c1ccnc(Nc2ccc(F)cc2)c1)=O)F,0.543230196,2.501326835,393.397,4.26124,-9.1,-8.5
N(C(C1CCCCC1)=O)c1n[nH]c2ncc(-c3cc(ncc3)NC3CCOCC3)cc12,0.573217463,2.711441998,420.517,4.1296,-9.6,-9.2
c1c(C2=C(C(=O)NC2=O)c2cc(Nc3ccccc3)ncc2)cccc1Cl,0.674840925,2.280309986,375.815,4.0458,-9.4,-9
c1c(cccc1NC1CCCCC1)C1C(NC(C=1c1ccc(F)cc1)=O)=O,0.801985224,2.252438388,364.42,4.1375,-9.3,-9.2
c1nc(ccc1F)NC1CCC(CC1)NC(=O)C(C)C,0.890714125,2.209355631,279.359,2.716,-7.3,-7
N(C1=C(c2ccnc(c2)NC2CCCC2)C(NC1=O)=O)c1cc(ccc1)O,0.608330407,2.594935429,364.405,2.6213,-8.6,-8.3
c1(NC2CCOCC2)cc(-c2n(-c3ccc4c(c3)cccc4)c([nH]n2)=O)ccn1,0.560847365,2.543330396,387.443,3.3667,-9.2,-9.7
c1c(O)c(NC2CCN(C)CC2)cc(c1)-c1cc(ncc1)NC(C1CC1)=O,0.707897554,2.35067761,366.465,3.3088,-8.7,-8.4
c1(Cl)c(nccc1)NC1C[S+]([O-])Cc2cc(ccc12)O,0.837142444,4.050576804,308.79,2.8561,-7.4,-7.4
O=C1NC(=O)C(c2cccc(NC3CCCC3)n2)=C1c1cc(ccc1)OC,0.798456144,2.456969157,363.417,3.0119,-8.9,-8.7
O=C(Nc1scc(-c2nc(nc(c2)NC2CCOCC2)C2CC2)n1)C,0.852916718,2.678837775,359.455,3.0268,-8.3,-7.6
c1c2cccnc2c(cc1F)-c1ccc(nc1)NC1CCC1,0.777435064,2.249013742,293.345,4.4003,-8.4,-8.6
N1C(=O)C(c2cc(F)c(cc2)F)=C(C1=O)c1cc(NC2CCOCC2)ncc1,0.790955113,2.648808699,385.37,2.5179,-9.4,-9.3
c1c(cccc1C1C(NC(C=1Nc1cc(C(=O)O)ccc1)=O)=O)C,0.749899973,2.215573102,322.32,2.17282,-8.8,-8.6
N(C1CCC1)c1cc(ccn1)-c1n[nH]c(c(c1OC)-c1ccc(F)cc1F)=O,0.700383961,2.656304331,384.386,3.7501,-8.5,-8.5
C1C(c2cnc(c(c2)-c2ccc3c(c2)ccnc3)N)CCC(C(N)=O)C1,0.75671151,2.479538413,346.434,3.6381,-9.6,-9.2
N(C(=O)C)c1cc(C2C(NC(C=2c2ccc(cc2)F)=O)=O)ccn1,0.841608043,2.331560473,325.299,1.7463,-8.6,-8
c1ccc(cc1)C1=C(C(NC1=O)=O)Nc1cccc(C(O)=O)c1,0.749380567,2.107175749,308.293,1.8644,-8.5,-8.3
c1(-c2cc(ncc2)Nc2cccc(c2)C2CCC(NCCO)CC2)cn(nc1)-c1ccc(cc1)F,0.319754644,2.593480456,471.58,5.4251,-9.7,-9
c1[nH]nc(C2C(NC(C=2c2cc(ncc2)NC2CCOCC2)=O)=O)c1,0.716127053,3.151876315,339.355,0.9628,-8.3,-8.1
Cc1c2c(n(C)c1C)cc(C1C(=O)NC(C=1c1ccccc1)=O)cc2,0.732609326,2.376859368,330.387,3.36234,-9.5,-9.2
c1(ccc2c(cnn2C)c1)NC1C(NC(C=1c1cc(Cl)ccc1)=O)=O,0.710552389,2.537715375,352.781,2.7063,-8.6,-8.5
c1(NC2C(NC(=O)C=2c2cc(ccc2)F)=O)ccccc1,0.849288888,2.10541362,282.274,2.3053,-7.8,-8
O=C1C(=C(C(N1)=O)c1ccnc(NC2CCCCC2)c1)c1ccc(cc1)F,0.813387824,2.407270341,365.408,3.5325,-9.4,-8.6
c1(-c2cc(ncc2)NC(=O)C2CC2)cc2c([nH]nc2NC(CC)=O)cn1,0.654720664,2.567656309,350.382,2.7169,-8.7,-8.3
C1(Nc2nccc(-c3cc(ncc3)NC(C3CC3)=O)n2)CCOCC1,0.869811853,2.411875261,339.399,2.478,-8.3,-7.9
c1cc(F)ccc1-c1csc(NC(C2CN(CCC2)C)=O)n1,0.944536449,2.462600054,319.405,3.2295,-8,-7.6
C(C)CC(=O)Nc1cc2c(cnc(NC3CCCC3)n2)cn1,0.886383205,2.411338261,299.378,3.1179,-7.7,-7.5
O=C1C(Cl)=C(C(N1)=O)c1cc(NC2CCOCC2)ncc1,0.822309133,2.736006697,307.737,1.2788,-7.7,-7.5
c1ccccc1C1C(=O)NC(=O)C=1c1cc(ncc1)NC1CCOCC1,0.827718733,2.476063902,349.39,2.2397,-8.7,-8.6
c1(cnc2[nH]nc(NC(CCC)=O)c2c1)C1C(NC(C=1c1ccc(cc1)F)=O)=O,0.575699806,2.688715953,393.378,2.4028,-9.4,-9
C1(c2cccc(c2)F)=C(C(NC1=O)=O)c1ccnc(Nc2ccccc2)c1,0.699326077,2.289144897,359.36,3.5315,-9.5,-9.1
n1(C)cc(c2cc(C)c(C)cc12)C1=C(C(=O)NC1=O)c1cccc(NC2CCCCC2)n1,0.600064923,2.771523873,428.536,4.50194,-9.4,-9.2
C1(CCC(CC1)Nc1nccc(C2C(=O)NC(C=2c2ccc(cc2)F)=O)c1)CO,0.677468162,2.56707975,395.434,2.7509,-9.4,-9.1
c1cc(ccc1OC)C1(CCOCC1)C(Nc1cc(ccc1)Cl)=O,0.909456218,2.082670931,345.826,4.0355,-8.1,-7.6
COc1n[nH]c2ncnc(NC3CCN(CC3)C(NC(C)C)=O)c21,0.779434883,2.716983483,333.396,1.3558,-8.1,-7.2
c1(c(-c2cc(ncc2)Nc2ccccc2)cn(n1)C)C1CCNCC1,0.76439939,2.505289074,333.439,3.6927,-8.5,-8
c1(cc2c(N)n[nH]c2nc1)-c1cc(NC(CCC)=O)ncc1,0.684205707,2.527406874,296.334,2.3407,-7.8,-7.7
c1(ccc(cc1Cl)C1=C(c2ccnc(OC)c2)C(NC1=O)=O)Cl,0.865466377,2.425422706,349.173,2.9642,-7.7,-8
c1nc(nc(c1)C1=C(c2ccnc(NC3CCN(C)CC3)c2)C(=O)NC1=O)N,0.656815081,2.831243891,379.424,0.5271,-9.3,-9
c1ccccc1C1=C(C(NC1=O)=O)c1ccnc(NC2CCOCC2)c1,0.827718733,2.476063902,349.39,2.2397,-8.7,-8.7
O=C(Cc1cc(ncc1)NC1CCC(CC1)NC(C)=O)Nc1cc(ccc1)F,0.713882173,2.229445045,384.455,3.2611,-9.1,-8.5
c1ccccc1C1C(NC(=O)C=1c1cnc(nc1)NCC1CCOCC1)=O,0.787184359,2.576112525,364.405,1.8823,-8.6,-8.3
c1c(C2C(NC(=O)C=2c2cc(NC(=O)C)ncc2)=O)cccc1C,0.845420624,2.368420175,321.336,1.91562,-8.4,-8.5
c1cccc(C2C(=O)NC(C=2c2c(ccc(c2)Br)OC)=O)c1C#N,0.827179693,2.377957488,383.201,2.89658,-8.4,-7.4
c1c(c2c(cc(-c3cc(ncc3)Nc3ccccc3)cc2)[nH]1)C,0.539938824,2.099398597,299.377,5.28192,-8.8,-8.8
N1C(=O)C(=C(C1=O)c1cc(NC2CCCC2)ncc1)c1cc(ccc1)F,0.830425976,2.456118105,351.381,3.1424,-9.3,-8.2
c1(cc(ccc1)C1C(=O)NC(=O)C=1c1ccnc(NC2CCC(CC2)N)c1)C,0.712957434,2.612495429,376.46,2.63902,-9,-9.2
Oc1ccc(-c2c3cc(C4CCCCC4)sc3n(C)c(=O)c2)cc1,0.712085585,2.614712403,339.46,5.0203,-8.7,-8.3
c1cc(cc(c1)C1C(=O)NC(C=1c1ccc(OC)cc1)=O)N1CCOCC1,0.84184523,2.229634838,364.401,2.099,-8.8,-9.2
n1c(ccc(C2=C(C(NC2=O)=O)c2cc(ccc2)F)c1)NC1CCOCC1,0.81135624,2.573546672,367.38,2.3788,-9.3,-8.4
Fc1cc(C(=O)N)ncc1C1C(=O)NC(C=1c1ccccc1F)=O,0.820961046,2.570485252,329.262,1.0259,-8.2,-8.6
s1c(n(-c2cccc(c2)C)c(=O)n1-c1cc2c(cc(cc2)C)cc1)=O,0.552671055,2.487596198,348.427,3.81994,-8.9,-8.8
c1c(NC2Cc3c(C2)ncc(C(=O)N)c3)nccc1F,0.88196271,3.150909555,272.283,1.2939,-7.6,-7.8
O=C1NC(=O)C(c2ccnc(c2)NC2CCOCC2)=C1c1ccc(cc1)F,0.81135624,2.535260281,367.38,2.3788,-9,-9
n1ccc(nc1NC1CCCCC1)C1=C(c2cc(ccc2)F)C(NC1=O)=O,0.81309997,2.52846324,366.396,2.9275,-9.6,-9
c1ccc(OC)cc1C1C(NC(C=1c1cccc(F)c1)=O)=O,0.885129722,2.097864548,297.285,2.4015,-8.1,-8
c1c(ccnc1)C1=C(c2cc(ccc2)Br)C(=O)NC1=O,0.861067438,2.273284216,329.153,2.4113,-8,-7.1
c1cc(OC)ccc1C1C(=O)NC(=O)C=1Nc1cccc(c1)Cl,0.846909254,2.124408885,328.755,2.8282,-7.8,-7.9
n1c(NC2CCCC2)cc(C2=C(c3cc(F)ccc3)C(NC2=O)=O)cc1,0.830425976,2.456118105,351.381,3.1424,-9.1,-8.3
c1(C)cc(ncc1-c1cnc2[nH]nc(c2c1)NC(=O)CCC)F,0.724463975,2.67862995,313.336,3.20602,-8,-8.1
c1(nc(NC2CCCC2NC(=O)C)ccn1)C1CC1,0.866319262,3.269821963,260.341,1.8231,-7.2,-6.9
c1c(ccc(c1OC)OC)C1=C(Nc2ccc(-c3ccc(Cl)cc3)cc2)C(=O)NC1=O,0.558319027,2.213795836,434.879,4.5038,-9.3,-8.2
C1CCC2C1C(NC2=O)=Cc1cc(ncc1)Nc1cc(ccc1)Br,0.820931995,3.486209926,384.277,4.4747,-8.4,-8.9
NC(=O)c1ccnc(c1)-c1cccc(c1)Cn1c(n[nH]c1=O)-c1ccccc1,0.56176422,2.227653699,371.4,2.4476,-9.3,-8.9
c1c(-c2cc(ncc2)NC2CCOCC2)cnc(NC(=O)C2CC2)c1,0.87604076,2.34835366,338.411,3.083,-8.4,-8.5
c1c(c(C2=C(c3ccnc(c3)NC3CCC3)C(NC2=O)=O)ccc1)Cl,0.827499606,2.416360662,353.809,3.2666,-8.4,-8.3
c1cc(ncc1-c1ccnc(NC(C2CCN(C)CC2)=O)c1)Nc1cc(ccc1)C,0.65980876,2.273766871,401.514,4.47592,-9.6,-8.9
c1nc(c2ccc(-c3cc(Nc4ccccc4)ncc3)cc2c1)NC1CCCC1,0.4207895,2.236615585,380.495,6.3949,-9.7,-8.6
c1c(-c2n[nH]c(n2-c2ccccc2)=O)ccnc1NC1CCCCC1,0.76636094,2.315649157,335.411,3.3672,-8.8,-8.4
c1cc(ccc1C1C(NC(C=1c1cccc(OC)c1OC)=O)=O)Cl,0.866866848,2.171941185,343.766,2.9244,-7.6,-7.6
c12c([nH]nc2-c2cc(NC(C3CC3)=O)ncc2)cc(C2CCCC2)cn1,0.746292523,2.672014307,347.422,4.026,-8.7,-8.6
C1(c2cc(NC3CCOCC3)ncc2)C(NC(=O)C=1c1ccc(cc1)F)=O,0.81135624,2.535260281,367.38,2.3788,-9,-9
O=C1NC(C(c2ccc(F)cc2)=C1c1cc(NCC2COCCO2)ncc1)=O,0.762991966,3.103739675,383.379,1.6152,-8.8,-8.2
c1cc(cc(n1)NC1CCOCC1)C1C(NC(C=1c1cc(ccc1)Cl)=O)=O,0.793382813,2.579779216,383.835,2.8931,-9,-9
c1cc(cnc1NC(=O)CC)C1=C(c2cccc(c2)C(=N)N)C(NC1)=O,0.485223892,2.696126855,349.394,1.75477,-9.3,-8
c1c2[nH]c(=O)n(c(=O)c2cc(Cl)c1)-c1cc2c(ccc(F)c2)cc1,0.575070768,2.140364478,340.741,3.6247,-9.3,-9
c1c(ccc(C2=C(C(NC2=O)=O)c2cc(NC3CCOCC3)ncc2)c1)Cl,0.793382813,2.530676849,383.835,2.8931,-8.8,-9.1
c1(F)cc(C2=C(c3cccnc3)C(=O)NC2=O)ccc1,0.844636013,2.23176033,268.247,1.7879,-8,-7.7
C1(CCCC1)NC1=C(c2ccc(NC3CCC3)cc2)C(=O)NC1=O,0.727784194,2.445331801,325.412,2.5507,-7.8,-8
c1cc(Nc2ncc3c(n2)[nH]nc3NC(CCCC)=O)cc(c1F)F,0.634754529,2.44741895,346.341,3.5034,-8.4,-7.9
c1(C2=C(c3cc(ncc3)NC3CCCCC3)C(NC2=O)=O)cccc(c1)N,0.573806435,2.528589275,362.433,2.9756,-9.6,-8.9
c1(NC2CCCC2)nccc(c1)-c1cc(ncc1Cl)Nc1cc(C)[nH]n1,0.59490398,2.63099872,368.872,4.92662,-8.5,-7.9
N(c1nccc(C2=C(c3ccc(F)cc3)C(=O)NC2=O)c1)C1CCOCC1,0.81135624,2.535260281,367.38,2.3788,-9.1,-9
c1c(-c2ccnc(NC3CCOCC3)c2)ccnc1NC1CCCC1,0.859773502,2.437154621,338.455,4.089,-7.9,-7.5
n1nc2[nH]nc(c2c(NC(CC)=O)n1)-c1ccccc1,0.7541057,2.66277309,268.28,1.7634,-7.7,-7.4
c1(NC2CCOCC2)ccc(cn1)C1=C(c2cc(NC3CCCC3)ncc2)C(NC1=O)=O,0.601624857,2.821893166,433.512,2.9892,-9.2,-8.7
C1C(Nc2nc(-c3ccnc(c3)NC3CCCC3)ccn2)CCC(N)C1,0.762139609,2.5113194,352.486,3.5749,-8.8,-8
O=c1[nH]nc(Nc2nccc(c2)-c2cc(ncc2)Nc2ccc(F)cc2)cc1,0.491030894,2.447167582,374.379,3.8532,-9.5,-9
C1(NC(C(c2cccc(c2)F)=C1c1cc(c(cc1)Cl)C(N1CCC1)=O)=O)=O,0.82736978,2.296348731,384.794,2.8922,-8.8,-8.9
O(c1ccc2c(c1)c(NC1CC1)nc(n2)-c1ccc(F)cc1)C(C)C,0.72648994,2.111480055,337.398,4.7974,-7.9,-7.8
c1c(N2CCOCC2)ccc(c1)-c1n[nH]c([nH]1)=O,0.813506168,2.400871739,246.27,0.6016,-7,-7.6
c1(Cl)cc(cc(c1)C1C(=O)NC(=O)C=1c1ccnc(NC2CCN(C)CC2)c1)Cl,0.725873628,2.676843721,431.323,3.4617,-9.6,-7.8
c12c(cc(-n3c(=O)[nH]nc3-c3ccncc3)cc1)cnc(n2C(C)C)=O,0.609710174,2.732867119,348.366,1.9134,-8,-8.1
c1ccc(cc1N)C1C(NC(C=1c1cccc(C(NC2CC2)=O)c1)=O)=O,0.578950218,2.288678172,347.374,1.7282,-9.3,-8.7
c12ccccc1[nH]c(C(=O)N)c2C1=C(c2cccc(C)c2)C(NC1=O)=O,0.633353867,2.443914421,345.358,2.14242,-9.5,-8.5
c1cc(cnc1NC(CCC)=O)-c1n[nH]c2c1cc(F)cc2,0.774075026,2.217022258,298.321,3.5026,-8.1,-7.7
c1c(-c2ccnc(c2)NC2CC3N(C(C)C2)C(CCC3)=O)n(C)c(=O)[nH]1,0.883392807,3.972465361,355.442,2.1193,-8.9,-8.5
c1(NC(=O)C2CC2)nccc(c1)C1C(=O)NC(C=1c1ccc(F)cc1)=O,0.826296828,2.34537343,351.337,2.1364,-8.9,-8.4
c1cc(ccc1Cl)C1=C(c2ccc(F)cc2)C(=O)NC1=O,0.866674616,1.988596945,301.704,3.0463,-8.1,-7.7
c1c(cccc1CN1CCOCC1)Nc1nccc(c1C)C(=O)N,0.878980037,2.20467762,326.4,2.06472,-7.9,-8.1
c1cccc(c1)C1=C(c2cc(ncc2)NC2CCOCC2)C(NC1=O)=O,0.827718733,2.476063902,349.39,2.2397,-8.9,-8.5
O(C)c1c(cc(C2=C(c3cn(c4c3cccc4)C)C(NC2=O)=O)cc1)OC,0.724833369,2.285521306,362.385,2.7627,-8.4,-7.6
NC(c1cncc(c1)C1C(=O)NC(=O)C=1c1cc(ncc1)NC1CCOCC1)=O,0.637200791,2.824985218,393.403,0.7336,-9.6,-8.8
C1(C2CCC(C2)N1)c1nnc(cc1)Nc1cccc(F)c1,0.908640451,4.336609961,284.338,3.1723,-8.7,-8.2
N1C(=O)C(c2ccnc(c2)NC2CCOCC2)=C(c2ccc(F)cc2)C1=O,0.81135624,2.535260281,367.38,2.3788,-9,-8.9
C1(N(C(NC1=O)=O)c1ccc(cc1)Cl)=Cc1ccc(c(c1)OC)OC,0.671059946,2.262361566,358.781,3.4545,-8.4,-7.4
C1CN(c2ccc(cc2F)C2C(NC(C=2c2ccc(C#N)cc2OC)=O)=O)CCO1,0.780952951,2.547516024,407.401,2.10978,-8.7,-8.1
C1(C(=C(C(=O)N1)c1ccnc(Nc2ccc(cc2F)F)c1)c1ccccc1)=O,0.680884678,2.353864852,377.35,3.6706,-9.7,-9.1
C1N(c2cc(ncn2)Nc2ccc(cc2)F)CCC2(OCCO2)C1,0.933668893,2.913637933,330.363,2.7026,-8.5,-8.1
c1cccc(C2=C(c3c4c(n(c3)C)cccc4)C(NC2=O)=O)c1,0.74005506,2.152761451,302.333,2.7455,-8.4,-8.2
c1c(cc(cc1)Cl)C1=C(C(=O)NC1=O)c1cc(NC(CC)CC)ncc1,0.757324671,2.568592398,369.852,3.9027,-8.4,-7.5
C(N1CCC(Nc2nc(ccc2)-c2cnncc2)CC1)(=O)NC(C)C,0.893522263,2.522795467,340.431,2.5329,-8.1,-7.9
C1CC(CC1)Nc1cc(Nc2n[nH]c(n2-c2cc3c(cc2)cccc3)=O)ccn1,0.478265982,2.58600231,386.459,4.2069,-8.6,-8.9
n1c(NC2CCC(CC2)O)nccc1-c1cc(ncc1)Nc1ccc(F)cc1,0.618084222,2.380299102,379.439,4.1367,-9.2,-8.7
c1c(cccc1NC1CCC(O)CC1)C1=C(C(=O)NC1=O)c1ccc(Cl)cc1,0.689521549,2.404005237,396.874,3.6226,-9.6,-10
c1(ccc(-c2cc(ncc2)NC2CCOCC2)cc1)F,0.928512698,2.057512145,272.323,3.4786,-7.7,-7.9
c1ccc2n(C)c(=O)c(cc2c1)C1=C(c2c(F)ccc(F)c2)C(NC1=O)=O,0.708403458,2.482071808,366.323,2.3839,-9.3,-8.6
c1(NC2CC2)cc(ccn1)C1=C(C(NC1=O)=O)c1cc(ccc1)F,0.847539882,2.447761311,323.327,2.3622,-8.3,-7.9
C1(=O)C(c2ccccc2)=C(Nc2cccc(c2)Cl)C(N1)=O,0.856775357,2.080552851,298.729,2.8196,-7.8,-7.9
c1ccc(cc1OC)C1C(NC(C=1c1ccnc(NC2CCOCC2)c1)=O)=O,0.774833116,2.557756263,379.416,2.2483,-9.1,-8.8
OC1CCN(c2nc(NC3CCOCC3)nc(c2)-c2sc(nc2C)N)CC1,0.727595048,2.825878625,390.513,2.04272,-8.5,-7.6
O=C1C(c2ccc(OC)cc2)=C(Nc2ccccc2)C(N1)=O,0.848141474,2.008648632,294.31,2.1748,-7.5,-7.8
Clc1cc(cc(C2=C(N3C(CCCC3)=O)C(NC2=O)=O)c1)-c1ccccc1,0.829871635,2.474138549,380.831,3.387,-9.9,-9.7
c1(cc(Nc2nccc(c2)-c2cc(ncc2)Nc2ccccc2)ccn1)C,0.507329976,2.257791923,353.429,5.33422,-9,-8.8
C1C(CCOC1)Oc1cccc(c1)C1C(=O)NC(C=1c1ccc(cc1)Cl)=O,0.820994276,2.39004963,383.831,3.465,-9.2,-9.2
n1c2ccc(cn2c(cc1C1CCCCC1)=O)-c1cn[nH]c1,0.789475722,2.619662765,294.358,3.1323,-8.5,-8.7
c12c(cc(nc2)NC2CCCCC2)ccn1-c1ccccc1,0.752979461,2.233691189,291.398,4.7701,-8.2,-7.9
C1CC1C(Nc1cc(ccn1)C1C(NC(C=1c1ccccc1)=O)=O)=O,0.837779569,2.279880489,333.347,1.9973,-8.3,-8.3
N1C(=O)C(=C(c2ccccn2)C1=O)c1ccnc(NC2CCOCC2)c1,0.814437546,2.671405805,350.378,1.6347,-8.8,-8.5
c1ccc(C2C(NC(C=2c2ccnc(c2)NC2CCOCC2)=O)=O)c(F)c1,0.81135624,2.570143713,367.38,2.3788,-9.1,-8.9
c1c(ccc(OC)c1)C1=C(c2n(c([nH]c2)=O)-c2ccccc2)C(NC1=O)=O,0.692480232,2.44074774,361.357,1.7414,-8.6,-8
C(Nc1c2c(cc(-c3cc(ncc3)NC3CCCCC3)cc2)[nH]n1)(CCC)=O,0.557448744,2.445588783,377.492,5.1081,-8.8,-8.4
c1cc(cc(c1OC)OC)C1=C(c2[nH]c3c(cccc3Cl)c2)C(NC1=O)=O,0.677533532,2.501570496,382.803,3.4057,-8.6,-8.2
O=C1C(=C(C(N1)=O)Nc1cccc(Cl)c1)c1cc(ncc1)NC1CCOCC1,0.670604368,2.652026348,398.85,2.8055,-8.8,-8.4
c1(C)cc(ncc1OC)C1C(NC(C=1c1ccc(cc1)F)=O)=O,0.881433767,2.441737369,312.3,2.10492,-7.7,-7.7
C1CC(O)CCC1Nc1nccc(c1)-c1cc(CO)c(OC)cc1,0.786701045,2.299876951,328.412,2.9649,-8,-8
c1c(ccc(c1)C1C(=O)NC(C=1Nc1ccc(cc1)F)=O)F,0.856067072,2.101377451,300.264,2.4444,-7.8,-7.8
C1CC(CCC1Nc1c2c(ncc1)[nH]nc2NC1CCCC1)OC,0.780020801,2.783415253,329.448,3.6819,-7.7,-7.8
CCC(=O)NNc1cc(cnn1)C1C(NC(=O)C=1)=O,0.491003279,3.198612369,261.241,-0.6305,-7.5,-7.4
c1(ccnc(NC2CCC2)n1)Nc1cc(-c2cnc(s2)C(N)CO)ccn1,0.491176749,3.355585246,383.481,2.6952,-8.2,-7.7
c12c(c(NC3CCOCC3)ncn1)nn(-c1ccccc1)c2,0.803552052,2.514602378,295.346,2.4064,-7.8,-7.6
c1c(Nc2nccc(-c3n[nH]c(n3-c3cc4c(cc3)cccc4)=O)c2)cc(O)cc1,0.423316918,2.427826131,395.422,4.225,-9.3,-9.4
c1c(C2=C(C(=O)NC2=O)c2ccnc(NC3CCOCC3)c2)cc(nc1)NC(C)=O,0.643505609,2.787813031,407.43,1.5931,-9.7,-9.2
c1cc(C2=C(C(=O)NC2=O)c2cc(ncc2)NC2CCOCC2)ccc1OC,0.774833116,2.510002416,379.416,2.2483,-9.4,-9.2
c1ccc(C2=C(c3cc(NC4CCCCC4)ncc3)C(NC2=O)=O)cc1,0.831840219,2.344705805,347.418,3.3934,-9.1,-8.7
c1c(Nc2cccc(c2)C2=C(C)Nc3ccccc3-2)cc(cc1)NC1CCOCC1,0.361238814,2.327271267,397.522,6.47782,-9.1,-9.6
C1(=O)C(=C(C(N1)=O)c1cc(NC2CCOCC2)ncc1)c1ccc(cc1)F,0.81135624,2.535260281,367.38,2.3788,-9,-9
c1c(nccc1C1=C(c2cc(ncc2)NC2CCC2)C(NC1=O)=O)NC1CCC1,0.65759315,2.725025997,389.459,2.9726,-9.5,-8.3
COC(C1C(NC(=O)C=1c1c(NC2CCCC2)ncc(Cl)c1)=O)=O,0.487320057,2.728806627,349.774,1.6725,-7.6,-7.4
Fc1cc(ccc1)C1C=C(c2n[nH]c(n2-c2ccccc2)=O)OC1,0.806120479,3.207993457,323.327,2.8546,-8.9,-8.2
c1(ccc(C2=C(c3cc(NC4CCOCC4)ncc3)C(=O)NC2=O)cc1)F,0.81135624,2.535260281,367.38,2.3788,-9.1,-8.9
O=C1c2c(cc(cc2)C(=O)NCCOC)C(=O)N1c1ccc(cc1)F,0.666088235,1.9354875,342.326,2.0025,-8.4,-7.7
c1(cc(NC2CCCC2)ncc1)C1C(NC(C=1c1ccncc1)=O)=O,0.838947428,2.520635852,334.379,2.3983,-9,-8.5
Fc1ccccc1C1=C(C(NC1=O)=O)c1ccnc(NC2CCOCC2)c1,0.81135624,2.570143713,367.38,2.3788,-9,-9
c1ccc(cc1)C1=C(C(NC1=O)=O)c1ccc(cc1)F,0.849149505,1.914690694,267.259,2.3929,-8,-7.6
C(CC)CC(Nc1c2c(ccc(Cl)c2)n(C(C)C)c1)=O,0.826075234,2.231108523,292.81,5.0043,-6.9,-7
c1cc(-c2ccnc(NC3CCOCC3)c2)c(cc1)C,0.922329804,2.093472249,268.36,3.64792,-7.8,-8
Brc1ccncc1C1=C(C(NC1=O)=O)c1cc(NC2CCOCC2)ncc1,0.725674336,2.829373891,429.274,2.3972,-9.2,-8.5
C1(=C(c2cc(ncc2)NC2CCOCC2)C(=O)NC1=O)c1ccc(cc1)F,0.81135624,2.535260281,367.38,2.3788,-9,-9
c1c2ccccc2nn1-c1cc(ncc1)NC1CCOCC1,0.80651781,2.448543637,294.358,3.0114,-8.2,-7.9
c1c(C2=C(c3ccncc3)C(=O)NC2=O)cc(nc1)NCC1CCOCC1,0.787184359,2.674974063,364.405,1.8823,-9.1,-8.4
c1(ccccc1)C1C(=O)NC(C=1c1ccnc(NC2CCCCC2)c1)=O,0.831840219,2.344705805,347.418,3.3934,-9.1,-8.4
Cc1cc(ccn1)-c1cc2c(OCCCN2C(C2CCOCC2)=O)cc1,0.82862088,2.474296696,352.434,3.59912,-9.3,-8.8
c1c(cc(NC2CCOCC2)nc1)-c1cc(ncc1)Nc1cccc(c1)C,0.6851903,2.35280077,360.461,4.78652,-8.6,-8
C1CCC(N(C)C1)C(Nc1n[nH]c2ccc(-c3c(cccc3)Cl)cc12)=O,0.723880644,2.742370714,368.868,4.3061,-9.5,-8.8
C(C(Nc1cc(C2=C(C(=O)NC2=O)c2ccccc2)ccn1)=O)C,0.843109729,2.286702035,321.336,1.9973,-8.3,-7.6
c1cc(-c2n[nH]c(n2-c2cc3ccccc3cc2)=O)c(cc1)F,0.615811908,2.070779727,305.312,3.5199,-8.8,-8.2
n1(nc2c(c1)cc(NC1CCC(N)CC1)nc2)-c1ccccc1,0.779912698,2.514119411,307.401,3.1023,-8.2,-8.1
c1(cc(ccn1)-c1cc2ccccc2cc1)NC(=O)CCC,0.760184483,1.865483934,290.366,4.6404,-8.6,-8
c1(Cl)ccccc1C1=C(C(=O)NC1=O)c1cc(ncc1)NC1CCOCC1,0.793382813,2.55072892,383.835,2.8931,-9,-8.9
c1c(ccc(C2C(NC(C=2Nc2ccccc2)=O)=O)c1)Cl,0.856775357,2.030095159,298.729,2.8196,-7.7,-7.9
C1(=C(C(NC1=O)=O)c1ccnc(NC2CCOCC2)c1)c1ccc(cc1)Cl,0.793382813,2.530676849,383.835,2.8931,-8.9,-9
N(c1cc(cc(F)c1)F)c1cc(ccn1)-c1cc(NC2CCOCC2)ncc1,0.666513055,2.505010734,382.414,4.7563,-9,-8.9
c1(nccc(-c2ccnc(NC(C3CC3)=O)c2)c1)NC1CCC1,0.887464199,2.233409004,308.385,3.4565,-8.2,-7.1
c1c(cc(c(OC)c1)OC)C1=C(C(=O)NC1=O)Nc1cc(C(O)=O)ccc1,0.667168852,2.246210885,368.345,1.8816,-8.4,-8.2
C(Nc1ccc(cc1)C1C(=O)NC(C=1c1cc(OC)c(cc1)OC)=O)=O,0.611126446,2.327026328,352.346,1.8393,-8.1,-8.4
c1(ccc(cc1)C1C(NC(C=1c1cc(NC2CCOCC2)ncc1)=O)=O)F,0.81135624,2.535260281,367.38,2.3788,-9.1,-8.9
N1C(C(=C(c2ccnc(NC3CC3)c2)C1=O)c1cc(F)ccc1)=O,0.847539882,2.447761311,323.327,2.3622,-8.4,-8
C1(=O)C(c2ccnc(NC3CCOCC3)c2)=C(c2cccc(F)c2)C(N1)=O,0.81135624,2.588614128,367.38,2.3788,-9.2,-9
c1c(C2=C(c3ccnc(NC4CCOCC4)c3)C(=O)NC2=O)ccnc1NC1CCCC1,0.601624857,2.834395949,433.512,2.9892,-10,-9.4
c12n(c(-c3ccccc3)nn1)c1cc(ccc1cn2)NCCN1CCOCC1,0.579331007,2.518353699,374.448,2.6886,-8.6,-8.9
O=C1NC(=O)C(=C1c1ccc(Cl)cc1)c1ccnc(NC2CCOCC2)c1,0.793382813,2.530676849,383.835,2.8931,-8.8,-8.6
c1ccc(NC(C2CC2)=O)cc1-c1n[nH]c2ccc(cc12)F,0.77342981,2.016642039,295.317,3.7175,-8.4,-8.4
N1(CCCC1)c1cc(C2C(NC(C=2c2cc(Cl)ccc2)=O)=O)ccc1,0.8599253,2.222803159,352.821,3.5074,-8.6,-8.3
c1cc(cc(c1)NC1C(=O)NC(=O)C=1c1ccc(F)cc1)F,0.856067072,2.163560082,300.264,2.4444,-7.8,-8.1
c1(cccc(c1)C1=C(C(NC1=O)=O)c1cc(NC2CCCCC2)ncc1)Cl,0.783688512,2.451789275,381.863,4.0468,-9.4,-9.1
CC(NCC(COC)O)c1ccc(C2=C(c3ccc(Cl)cc3)C(NC2=O)=O)s1,0.57126544,3.391670702,420.918,2.6266,-8,-7.5
n1ccc(cc1NC1CCOCC1)C1=C(c2ccc(F)cc2)C(NC1=O)=O,0.81135624,2.535260281,367.38,2.3788,-9,-8.9
O=C1C(=C(C(N1)=O)c1cc(ncc1)NC1CCCC1)c1ccccc1,0.843948257,2.337633323,333.391,3.0033,-8.7,-8.7
c1cc(OC)ccc1C1C(NC(C=1c1ccnc(c1)NC1CCOCC1)=O)=O,0.774833116,2.510002416,379.416,2.2483,-9.2,-8.8
C1COCCC1Nc1ccc(c(c1)Cl)C1=C(c2cc(C)ccc2)C(NC1=O)=O,0.771081817,2.471155622,396.874,3.80652,-9.8,-8.4
c1c(NC2CCOCC2)nccc1C1C(=O)NC(C=1c1ccc(Cl)cc1)=O,0.793382813,2.530676849,383.835,2.8931,-8.6,-8.9
c1(c(Cl)cc(cc1)F)-c1[nH]c(C2=C(C(NC2=O)=O)c2cc(F)ccc2)nc1,0.676672235,2.653076569,385.757,3.5755,-9.5,-9.2
c1c(OCC)c(ccc1C=C1C(=O)NC(=NCCCC(=O)NC)S1)OC,0.535412797,2.853739711,377.466,2.18,-7.4,-6.9
O=C1NC(=O)C(=C1c1ccc(F)cc1)c1ccnc(c1)NC1CCOCC1,0.81135624,2.535260281,367.38,2.3788,-9,-8.9
c1cnc(NC2CCOCC2)cc1C1=C(c2ccc(cc2)F)C(=O)NC1=O,0.81135624,2.535260281,367.38,2.3788,-9.1,-9
C(Nc1cc(C2C(NC(C=2c2ccc(OC)cc2)=O)=O)ccn1)CO,0.680630245,2.389251453,339.351,1.0616,-8.2,-7.7
O=C1C(Nc2cc3c(cc2)OCCCO3)=C(c2cc(NC3CCOCC3)ncc2)C(=O)N1,0.612749605,2.829987274,436.468,2.3134,-9.5,-9.6
c1ncc(c(c1)C1C(=O)NC(C=1c1ccc(cc1)Cl)=O)Cl,0.865943736,2.267660309,319.147,2.9556,-7.7,-7.6
c1cccc(c1)C1C(NC(C=1c1cn(c2ccccc21)C)=O)=O,0.74005506,2.152761451,302.333,2.7455,-8.5,-8.7
c1cnc(c(c1)NC1CCOCC1)C1=C(C(=O)NC1=O)c1ccc(F)cc1,0.81135624,2.561033654,367.38,2.3788,-8.5,-8.1
c1cc(cc(c1)C1=C(c2cc(ncc2)NCCCN(C)C)C(=O)NC1=O)OC,0.538533212,2.489358275,380.448,2.021,-8.1,-7.5
c1(C2=C(c3ccnc(NC4CCOCC4)c3)C(NC2=O)=O)cccc(c1)Cl,0.793382813,2.579779216,383.835,2.8931,-9,-9
c1c(-c2cc(NC3CCOCC3)ncc2)n[nH]c1-c1cc(ncc1)Nc1ccccc1,0.418830532,2.590652091,412.497,4.8682,-9.8,-9.3
N(c1cccc(C2C(NC(=O)C=2c2sc(cc2)Br)=O)c1)C1CCOCC1,0.722684254,2.692735951,433.327,3.6687,-8.8,-8.9
O=C1C(c2c(Cl)cnc(NC3CCCCC3)c2)=C(C(=O)N1)c1c(F)cccc1Cl,0.67615385,2.649244284,434.298,4.8393,-8.8,-9.4
c1c(c(ccc1)N1CCCC1)NC1C(=O)NC(C=1c1ccc(cc1)F)=O,0.831799414,2.277617182,351.381,2.9055,-8.9,-8.2
c1ccccc1C1C(=O)NC(C=1c1cc(ncc1)NC1CCC1)=O,0.849937184,2.335541834,319.364,2.6132,-8.5,-7.9
c1c(-c2nnc(c3ccccc32)OCCN2CCCC2)c(N)n[nH]1,0.74619753,2.765042771,324.388,2.0767,-7.9,-8
c1(NC(CCC)=O)n[nH]c2c1cc(F)c(c2)-c1ccccc1,0.761131271,2.163954126,297.333,4.1076,-8.1,-8
c12ccccc2c(n[nH]1)NC(CCC)=O,0.803695991,1.956908074,203.245,2.3015,-6.6,-6.3
C1(OC(CC1)C(Nc1nccc(C2C(=O)NC(=O)C=2c2ccccc2)c1)=O)C,0.796040948,3.368401974,377.4,2.1548,-9.5,-8.6
c1(C2C(NC(C=2c2cc(ncc2)NC2CCOCC2)=O)=O)ccnc(CO)c1,0.666433639,2.81976481,380.404,1.127,-8.9,-8.5
c1(F)ccccc1Nc1cc(C2(C(=O)NC(=O)C3CC3)CCOCC2)ccn1,0.775977809,2.668648506,383.423,3.0653,-9.1,-8.8
c1c(cc(F)c(F)c1)Nc1cc(ccn1)-c1ccnc(Nc2ccccc2)c1,0.455959597,2.149870396,374.394,5.909,-9.6,-9
c1(ccc(C2C(NC(C=2c2ccnc(c2)NC2CCOCC2)=O)=O)cc1)F,0.81135624,2.535260281,367.38,2.3788,-9.1,-8.9
Oc1ccc(cc1OC)C1C(NC(C=1c1cccc(NC(C)=O)c1)=O)=O,0.729444997,2.265914105,352.346,1.9264,-8.8,-8.6
Cc1c(C(Nc2cc(ncc2)N2CCOCC2)=O)n(-c2ccc3c(cccc3)c2)nn1,0.551988934,2.484936502,414.469,3.21282,-9.4,-9.5
c1(-c2ccnc(NC3CCOCC3)c2)cn(C)c(=O)cc1OC(C)C,0.904233789,2.672467704,343.427,2.8254,-7.9,-8.1
c1ccc(-c2cc3c(n[nH]c3cc2)NC(=O)CCCN2CCOCC2)c(c1)F,0.685388674,2.277195912,382.439,3.4199,-9,-8.6
c1(ccc(cc1)O)C1C(NC(C=1c1ccnc(NC2CCOCC2)c1)=O)=O,0.716234787,2.593946672,365.389,1.9453,-9,-8.9
O=C1NC(=O)C(=C1c1cc(NC2CCCC2)ncc1)c1cc(F)ccc1,0.830425976,2.456118105,351.381,3.1424,-9.2,-8.7
Clc1c(ccc(OC)c1C(N)=O)Oc1cc(NC2CCOCC2)ncc1,0.80194882,2.530937805,377.828,3.2257,-8.2,-8.3
c1cc(F)ccc1C1C(=O)NC(=O)C=1c1cccc(C(N)=O)c1,0.841772581,2.132760446,310.284,1.4918,-8.9,-8.2
c1(ccnc(Nc2nccc(c2)C2C(=O)NC(=O)C=2c2cc(F)ccc2)c1)F,0.681995073,2.644097545,378.338,3.0656,-9.6,-8.8
c1(ccccc1)C1=C(C(NC1=O)=O)Nc1ccc(cc1)Cl,0.856775357,2.020319774,298.729,2.8196,-7.9,-7.6
C1(c2c(OC)cccc2)C(=O)NC(C=1c1cn(c2c1cccc2)C)=O,0.750397967,2.230923609,332.359,2.7541,-8.7,-8.5
C1(C(C(NC1)=O)NC(=O)C)=Cc1ccnc(c1)NC1CCOCC1,0.755343453,3.48641146,330.388,0.6904,-7.9,-7.4
C1CC(C(=O)Nc2cc(-c3ccc4OCOc4c3)ccn2)CCC1NC(=O)N,0.75176638,2.381209254,382.42,2.6429,-8.9,-8.1
C1(C(NC(=O)C=1c1cc(ncc1)NC1CCCC1)=O)c1ccc(C#N)cc1,0.819668954,2.523036613,358.401,2.87498,-9.4,-9.2
c1c(F)cc2ccc(nc2c1)NC1C(=O)NC(NC1=O)=O,0.69949801,2.585504637,288.238,0.5204,-8.4,-8.6
C1COCCC1Nc1nccc(c1)C1C(=O)NC(C=1c1cc(ncc1)NC1CCOCC1)=O,0.57549403,2.942209959,449.511,2.2256,-9.8,-9.3
n1(C2CCC(O)CC2)c(=O)[nH]nc1-c1ccnc(NC2CCCCC2)c1,0.781852456,2.680591635,357.458,2.854,-8.6,-8.7
CCCC(=O)Nc1cc(ccn1)C1C(=O)NC(=O)C=1c1ccc(cc1)F,0.808735452,2.351810944,353.353,2.5265,-8.6,-8.1
O=C1C(c2ccccc2F)=C(c2cc(ncc2)NC2CCOCC2)C(=O)N1,0.81135624,2.570143713,367.38,2.3788,-9.1,-9
c1c(-c2cnc3c(c2)C(=O)NCC3)ccc(c1)F,0.832337683,2.281757438,242.253,2.1736,-7.8,-7.7
C1CC1C(Nc1cc(ccn1)C1C(NC(C=1c1ccc(Cl)cc1)=O)=O)=O,0.813018404,2.340476065,367.792,2.6507,-8.2,-7.7
c1c(cccn1)C=C1SC(=Nc2ccc(F)cc2)NC1=O,0.866895585,2.786212851,299.33,3.1123,-8,-7.5
c1(-n2c(c(-c3ccnc(NC4CCOCC4)c3)cn2)-c2ccnc(Nc3ccccc3)c2)ccccc1,0.278744996,2.653687173,488.595,6.3308,-9.8,-9.6
CC(C)Nc1cc(C2=C(C(NC2=O)=O)c2cccc(c2)OC)ccn1,0.819483962,2.442151896,337.379,2.4777,-8.3,-7.8
C1(NC(C(=C1c1cc(ncc1)NC(CCN)C)c1cc(NC2CC2)ncc1)=O)=O,0.505075742,3.297008893,392.463,1.7673,-8.5,-7.6
c1c(Cc2c3c(c(nn2)NC2CCOCC2)ccc(Cl)c3)ccc(F)c1,0.727446857,2.391567749,371.843,4.604,-9.1,-9
c1c(NC2CCOCC2)ncc(C2=C(c3ccc(O)cc3)C(=O)NC2=O)c1,0.716234787,2.578879216,365.389,1.9453,-8.7,-8.3
O(C)c1ccc(-n2c([nH]nc2-c2cc(ncc2)NC2COCCC2)=O)cc1,0.718138945,2.945546657,367.409,2.2221,-8.9,-8.1
c1cc(C2C(NC(C=2c2cc(NC3CCOCC3)ncc2)=O)=O)ccc1F,0.81135624,2.535260281,367.38,2.3788,-9,-8.9
c1c2c(cnc1NC1CCOCC1)cnn2-c1ccc(cc1)F,0.806997186,2.456531628,312.348,3.1505,-8.2,-7.9
c1cc(NC2CCOCC2)nc(c1-c1c2ccsc2c(O)nn1)OC,0.740669196,2.970345651,358.423,3.0584,-8.1,-8
c1ccc(Nc2nccc(c2)C2C(=O)NC(=O)C=2c2cc(ccc2)C(N)=O)cc1,0.584932567,2.354809871,384.395,2.4913,-9.9,-9.3
[nH]1c(c(-c2ccnc(NC(C3CC3)=O)c2)c(-c2ccc(F)cc2)n1)C(=O)N,0.644850199,2.456614221,365.368,2.7252,-9.3,-9.1
C1(=C(c2cc(NC3CCCC3)ncc2)C(NC1=O)=O)c1ccc(Cl)cc1,0.808919745,2.395863336,367.836,3.6567,-8.9,-8.8
c12c(-c3c(cc(F)cc3)F)nnc(NC(=O)C3CC3)c1cccc2,0.793811621,2.191165609,325.318,3.9235,-8.8,-8.4
Fc1cccc(Nc2cc(ncn2)C2=C(c3ccccc3)C(=O)NC2=O)c1,0.699139203,2.415368565,360.348,2.9265,-9.7,-8.7
c1cccc(c1)C1=C(C(NC1=O)=O)c1ccnc(NC2CCOCC2)c1,0.827718733,2.476063902,349.39,2.2397,-8.7,-8.6
C1OCCC(C1)NC1=C(c2ccnc(NC3CCC3)c2)C(NC1=O)=O,0.696165898,2.803145467,342.399,1.1821,-8.3,-7.7
c1c(-c2c(-c3cc[nH]n3)n[nH]c2)nnc(Nc2ccccc2)c1,0.538435858,3.077509673,303.329,3.0004,-8.4,-8.2
O=C(N)c1cc(C2=C(C(=O)NC2=O)c2ccccc2)ccc1,0.836828474,2.058930057,292.294,1.3527,-8.7,-8
n1c(cc(C(=O)N)nc1)-c1cc(NC2CCOCC2)ncc1,0.879784626,2.537985136,299.334,1.2284,-7.7,-7.9
c1(ccccc1Cl)C1C(=O)NC(=O)C=1c1cc(NC2COCCC2)ncc1,0.793382813,3.013599447,383.835,2.8931,-9,-8.5
n1c(cc(-c2ccccc2)cc1)OC1CCN(C(=O)OCC)CC1,0.858489625,2.087355002,326.396,3.7483,-8.2,-8.2
C1CCC(C(Nc2nccc(c2)-c2nc(ncc2)NC2COCC2)=O)CC1,0.843140983,2.891289802,367.453,3.2582,-9,-8.2
C1OCCC(C1)Nc1nccc(-c2nn(c(=O)c3n2ccc3)C)c1,0.793082911,2.73498709,325.372,1.6859,-8.2,-8.3
c1(cc(NC2CCCC2)nc(C2CC2)n1)-c1c(C(NCCOC)=O)cncc1,0.683046505,2.608474211,381.48,3.1467,-7.9,-7.6
C(C)Cn1nc(Nc2cc3c(cc2)OCO3)cc1C1CCN(C(C)=O)CC1,0.8724939,2.575889867,370.453,3.4913,-8.6,-8.6
C1COCCC1Nc1cc(ncc1)Nc1cc(NC(C)=O)ncc1,0.782472298,2.487010386,327.388,2.7695,-7.9,-7.9
c1nc(cc(-c2cn(C(C)C)c(=O)[nH]2)c1)NC(C1CC1)=O,0.903572541,2.618965636,286.335,2.1678,-7.3,-7.5
c1ccccc1C1=C(c2ccncc2)C(NC1=O)=O,0.824323841,2.074200272,250.257,1.6488,-7.2,-7.3
Oc1c2nc(ccc2ncc1C(=O)N)NC(=O)CCCOc1ccccc1,0.550293007,2.322593295,366.377,2.232,-8.8,-8.2
c1cc(ccc1F)Nc1nc2CCN(C(=O)NC(C)C)CCc2nn1,0.892426878,2.484795765,344.394,2.2729,-8.8,-8.1
O=c1ccc2c([nH]1)ncc(-c1ccnc(NC3CCOCC3)c1)c2,0.774547405,2.555101926,322.368,2.576,-9,-8.6
c12c(n(c(-c3cc(NC4CCCC4)ncc3)n1)C(C)C)cccc2,0.732564431,2.274248408,320.44,5.0337,-8.2,-8.2
c1(C2=C(C(=O)NC2=O)c2ccnc(c2)NC2CCOCC2)ccc(Cl)cc1,0.793382813,2.530676849,383.835,2.8931,-8.7,-9.1
C1(C(=O)Nc2cc(OC)ccc2)CCN(c2nccc(n2)N2CCCC2)C1,0.875783824,2.587325625,367.453,2.5504,-8.6,-7.9
O=C1CC(C(N1)=O)=Cc1ccc(cc1)OC,0.596351278,2.121145398,217.224,1.1251,-6.6,-6.6
c1c(C2=C(C(=O)NC2=O)c2ccnc(c2)NC2CCN(CC2)C)cccc1,0.815578809,2.448402293,362.433,2.1549,-8.6,-9
c1c(Br)ccc(c1)C1C(NC(C=1c1cccc(c1)CO)=O)=O,0.829038041,2.198124102,358.191,2.5086,-7.7,-7.6
n1c(NC2CCOCC2)onc1-c1n[nH]c(=O)n1-c1cc2ccccc2cc1,0.560637523,2.774716905,378.392,2.3547,-10.6,-9.3
c1c(C2=C(C(NC2=O)=O)c2ccc(F)cc2)cccc1,0.849149505,1.914690694,267.259,2.3929,-7.9,-7.6
CC(NC(C1CC1)=O)c1onc(-c2ccc3OCCc3c2)n1,0.936666469,2.758751703,299.33,2.2587,-7.9,-7.6
c1(NC2CCC(CC2)NC(C)=O)nccc(-n2c(ccc3ccc(cc23)F)=O)n1,0.709174401,2.568771316,395.438,2.779,-9.6,-9.4
c1cc(ccc1-n1c([nH]nn1)=O)NC1=C(C(=O)NC1=O)c1cccc(c1)F,0.580691198,2.847211476,366.312,0.5743,-9.4,-8.8
C1(=C(C(NC1=O)=O)c1ccnc(c1)NC1CCOCC1)c1ccc(Cl)cc1,0.793382813,2.530676849,383.835,2.8931,-8.9,-9.1
N1C(C(=C(C1=O)c1cc(ncc1)NC1CCOCC1)c1ccc(F)cc1)=O,0.81135624,2.535260281,367.38,2.3788,-9,-9
C1(=C(c2cc(Nc3ncccc3)ncc2)C(=O)NC1=O)c1ccc(cc1)F,0.699139203,2.40905969,360.348,2.9265,-9.6,-8.8
c1(-c2n[nH]c(n2-c2cc3c(cc2)cc(cc3)Cl)=O)cc(Nc2cc(ccc2)F)ncc1,0.40397118,2.458399088,431.858,5.3119,-10.5,-9.4
C1OCCN(c2ncc3c(n2)[nH]nc3NC(=O)CCC)C1,0.869245057,2.554743747,290.327,0.9281,-7.4,-6.8
n1c(cnc(C2CCOCC2)c1)NC1C(NC(=O)C=1c1ccccc1)=O,0.817680542,2.758636574,350.378,1.8502,-8.8,-8.5
c1c(C(=O)N)ccc(c1)C1=C(c2ccc(cc2)F)C(=O)NC1=O,0.841772581,2.072815254,310.284,1.4918,-8.4,-8.1
c1(NC(C2CC2)=O)n[nH]c2ccc(-c3ccc(F)cc3)cc12,0.77342981,2.040092588,295.317,3.7175,-8.4,-8.3
C1(C(NC(=O)C=1c1ccc(OC)c(c1)OC)=O)c1c(ccc(Cl)c1)Cl,0.82655958,2.199108092,378.211,3.5778,-7.9,-7.4
c1c(cc(c(c1)C)-c1nc2c([nH]1)cc(NC(=O)CCC)nc2)OC,0.750033574,2.329069229,324.384,3.68052,-7.8,-7.7
c1c(cc(-c2cccnc2)nc1)C1C(NC(=O)C=1c1cc(NC2CCC(O)CC2)ncc1)=O,0.52134346,2.806455468,441.491,2.8212,-10.3,-9.4
c12cn[nH]c2cc(cc1)-c1ccnc(NC2CCN(CC2)C(=O)C)c1,0.771394121,2.41221857,335.411,3.0477,-9,-8.6
c1c2C(C(=O)Nc2ccc1-c1cn(C)nc1)(C)C,0.832466797,2.453569888,241.294,2.3168,-7.6,-7.5
c1nc(cc(c1)C1=C(c2cn(C)c3cccc(c23)N2CCOCC2)C(=O)NC1=O)NC1CCOCC1,0.534086356,2.984815131,487.56,2.568,-9.8,-8.8
C1CC1C(Nc1cc(-c2cc3c(NC(CCC)=O)n[nH]c3nc2)ccn1)=O,0.621946458,2.527638649,364.409,3.107,-9,-8
c1cccc2c1c(C1C(NC(C=1Nc1ccccc1)=O)=O)cn2C,0.730093526,2.275692336,317.348,2.6579,-8.1,-8.1
c1(OC)cc(C2C(=O)NC(C=2c2cccc(c2)Cl)=O)ccc1,0.886465322,2.08674966,313.74,2.9158,-7.6,-7.8
c1(ccccc1OC)C1C(=O)NC(C=1c1ccc(c(Cl)c1)Cl)=O,0.863166663,2.131345542,348.185,3.5692,-7.8,-7.9
c1cc(cc(c1)C1=C(C(NC1=O)=O)c1ccnc(c1)NC1CCCC1)F,0.830425976,2.456118105,351.381,3.1424,-9.2,-8.2
C1CCC(CC1)Nc1nccc(C2=C(C(=O)NC2=O)c2ccc(F)c(c2)F)c1,0.79062104,2.524018506,383.398,3.6716,-9.8,-9.3
c1cccc(c1)C1C(NC(C=1c1c2c(n(c1)C)cccc2)=O)=O,0.74005506,2.152761451,302.333,2.7455,-8.5,-7.9
N1C(C(=C(C1=O)c1ccnc(c1)Nc1cc(F)ccc1)c1scc(n1)C#N)=O,0.662389384,2.853840814,391.387,2.85968,-9.2,-9
N1(CCCC1=O)c1ccc(C2C(=O)NC(=O)C=2c2cc(F)ccc2)cc1,0.865295677,2.293640924,350.349,2.5197,-8.8,-9.1
C1(=O)C(CN(Cc2ccccc2)C(=O)N1)=Cc1cc(OC)c(OC)c(OC)c1,0.777704225,2.386926532,382.416,2.8478,-8.6,-7.8
C1C(C(Nc2cc(ncc2)NC2CCC(CC2)N(C)C)=O)CCC(C1)O,0.752576839,2.452564832,360.502,2.8559,-8.6,-7.5
c1cc(ccc1O)C=C1C(NC(=Nc2cc(ccc2)F)S1)=O,0.834973667,2.761657423,314.341,3.4229,-7.9,-8
c1(ccnc(NC2CCCC2)n1)C1=C(Nc2ccc(F)cc2)C(=O)NC1=O,0.702787101,2.556072116,367.384,2.4498,-9,-8.3
Brc1ccc2cc(NC3CCOCC3)ncc2c1,0.920471729,2.306555919,307.191,3.5882,-7.4,-7.3
C(CC)(=O)Nc1ccc(C2C(NC(=O)C=2c2ccccc2F)=O)cc1,0.841903187,2.123328379,338.338,2.7414,-7.9,-8.2
C1CCCC(Nc2nccc(-c3cc(NC(=O)C4CC4)ncc3)c2)C1,0.856974975,2.246954292,336.439,4.2367,-8.4,-8.1
n1cc2c([nH]c(-c3ccncc3)n2)cc1NC(=O)CCC,0.76984132,2.359703646,281.319,2.7585,-7.3,-7.1
n1c(NC2CCN(CC2)C(=O)NCC)c2ccc(-c3ccc(cc3)Cl)nc2[nH]1,0.622011525,2.484228057,398.898,3.8841,-9.1,-8.1
c1(-c2ccnc(NC3CCOCC3)c2)cccc(c1)C(=O)N,0.908370866,2.181541867,297.358,2.4384,-8.1,-8.5
c12c(cc(-c3cc(Nc4c(cccc4)Br)ncc3)cn1)CCN(C1CCOCC1)C2,0.575194958,2.683235658,465.395,5.1868,-9.2,-9.1
c1cc(Nc2nccc(C3C(=O)NC(=O)C=3c3ccccc3F)c2)ccc1F,0.680884678,2.327951775,377.35,3.6706,-9.8,-9.2
n1(c([nH]nc1-c1ccc(C)cc1)=O)-c1ccc(C2=C(CCCC2)C)cc1,0.735061537,2.405358105,345.446,4.88352,-9.1,-9
N1C(C(=C(c2c1nc(NC1CCOCC1)nc2)c1ccccc1)c1ncccc1)=O,0.544289614,2.602654154,399.454,3.638,-9.3,-9
C1(=O)C(=C(C(N1)=O)c1cc(C(N)=O)ccc1)c1n[nH]cc1,0.690445881,2.888073607,282.259,0.0758,-8.3,-8
COc1ccc(cc1OC)C1C(=O)NC(=O)C=1c1cc(NC2CCCC2)ncc1,0.733605503,2.456091984,393.443,3.0205,-9.3,-7.7
c1c2c(n[nH]c2ccc1Cl)Nc1cc(ncn1)-c1cccc(c1)OC,0.568671873,2.3217368,351.797,4.4255,-9.2,-8.3
c1ccc(NC2C(=O)NC(=O)C=2c2ccc(cc2)Cl)cc1,0.856775357,2.030095159,298.729,2.8196,-7.8,-7.9
c1oc2ccc(cc2c(c1)=O)-c1csc2c1c(ncc2)NC1CCOCC1,0.561621052,2.759391346,378.453,4.6606,-8.9,-7.9
O=C1NC(C(c2ccccc2)=C1c1ccnc(c1)NC1CCCC1)=O,0.843948257,2.337633323,333.391,3.0033,-8.7,-8.5
C1OCCN(C1)c1nccc(c1)C1C(=O)NC(=O)C=1c1ccc(cc1)F,0.849446593,2.391528566,353.353,1.6245,-9,-8.6
C1C(CCOC1)NCc1cccc(c1)C1C(=O)NC(C=1c1ccc(F)cc1)=O,0.78298935,2.387176775,380.419,2.6615,-8.8,-8.1
C1CC(CCC1N)Nc1nccc(c1)-c1cccc(F)c1F,0.908563685,2.313859621,303.356,3.7086,-8.1,-8.3
c1(ccc(F)cc1)C1C(=O)NC(=O)C=1c1ccnc(NC2CCOCC2)c1,0.81135624,2.535260281,367.38,2.3788,-9,-9
n1ccc(cc1NC(C1CCC1)=O)C1=C(c2ccccc2)C(NC1=O)=O,0.831417223,2.296247369,347.374,2.3874,-9,-8.2
C1SCC(NC1c1cccc(C2=C(c3ccnc(c3)NC3CC3)C(=O)NC2=O)c1)=O,0.641056784,3.462497139,420.494,2.1272,-9.4,-9
c12ncc(c(-c3cc(NC4CCOCC4)ncc3)c2ccc(c1)F)OC,0.767224737,2.488243052,353.397,4.0354,-8.5,-8.2
c1(cn(C)cc1-c1sc(NC(C)=O)nc1)C1C(=O)NC(C=1c1ccccc1)=O,0.667836719,2.804116405,392.44,2.6742,-8.6,-7.8
c1(cccc(Cl)c1)C1=C(C(NC1=O)=O)c1ccccc1,0.861575163,1.975611342,283.714,2.9072,-7.5,-7.6
C1CC(CCO1)Nc1cc(-c2[nH]c(nn2)-c2cc3c(cccc3)cc2)ccn1,0.559999569,2.642027874,371.444,4.2778,-10,-9.4
c1c(ccc(c1)N)C1=C(C(NC1=O)=O)c1cc(ncc1)N,0.556619085,2.441614937,280.287,0.8132,-7.8,-7.8
C1CC(CCC1Nc1c(cncc1)C1=C(c2cccc(c2)OC)C(NC1=O)=O)O,0.674600929,2.626858434,393.443,2.3728,-9.2,-8.1
C1(=O)C(=C(c2cc(Nc3cccc(c3)Cl)ncc2)C(N1)=O)c1ccc(F)cc1,0.652051183,2.334646391,393.805,4.1849,-9.7,-9.1
c12cc(ncc1cc(n2C(C)C)C(=O)N)-c1ccc(cc1)F,0.803670765,2.375707468,297.333,3.5222,-7.9,-8.1
c1(ccc(F)cc1)C1=C(c2ccnc(NC3CCOCC3)c2)C(=O)NC1=O,0.81135624,2.535260281,367.38,2.3788,-9.1,-8.9
O=C1C(=C(C(=O)N1)c1cc(C(N)=O)ccc1)c1ccnc(Cl)c1,0.656721876,2.433877513,327.727,1.4011,-8.4,-7.9
c1c(cc(NC2C(=O)NC(C=2c2ccccc2)=O)nc1)C1CC1,0.851177146,2.46376285,305.337,2.4386,-7.6,-8
c1c(Cl)cc(c(c1)Cl)C1=C(c2ccnc(N3CCOCC3)c2)C(=O)NC1=O,0.797205438,2.505211476,404.253,2.7922,-8.6,-8.5
N(c1nc(cc(-c2c3ccccc3ccc2)c1)C1CCCCC1)C1CCOCC1,0.55259023,2.409630439,386.539,6.5404,-10.1,-9.6
C1(NC(C(=C1c1cc(ncc1)NC1CCCC1)c1cc(ccc1)F)=O)=O,0.830425976,2.456118105,351.381,3.1424,-9.3,-8.8
c1ccc2c(c1F)c1c(c(n2)NCCCN1)C(=O)N,0.7287365,3.590073245,260.272,1.7003,-8,-7.8
[nH]1c2c(nc1-c1ccncc1)cc(nc2)NC(=O)CCCC,0.757037188,2.329576723,295.346,3.1486,-7.5,-7.2
c1(cc(ncc1)NC1CCC(O)CC1)-c1ncc(c([nH]1)=O)C(=O)N,0.650344235,2.625273075,329.36,0.6462,-8.7,-7.9
C1CCCC(Nc2c3c(ncc2)[nH]nc3-c2ccnc(NC3CCOCC3)c2)C1,0.598077332,2.811929643,392.507,4.3554,-8.9,-8.8
C1COCCN1c1cc(ccn1)C1=C(C(=O)NC1=O)c1ccc(Cl)cc1,0.839185792,2.386761797,369.808,2.1388,-8.7,-8.8
c1cc(C2=C(C(NC2=O)=O)c2cc(NC(=O)CCC)ncc2)ccc1Cl,0.792725446,2.346913578,369.808,3.0408,-8.3,-9.3
c1ccc2c(c1)ccc(-n1c(=O)[nH]nc1-c1csc(n1)NC1CCOCC1)c2,0.554889785,2.614782151,393.472,3.4282,-8.8,-8.4
C1(NC(C(=C1c1ccc(cc1)F)Nc1cc(ccc1)Cl)=O)=O,0.85596987,2.153901273,316.719,2.9587,-7.8,-8.2
c1(c(c(OC)ccc1)OC)C1C(NC(C=1c1cc(ncc1)NC1CCC1)=O)=O,0.750280436,2.541547759,379.416,2.6304,-8.4,-8.7
c1cc(C2=C(C(=O)NC2=O)Nc2cc(ncc2)Nc2ccccc2)ccc1,0.611111938,2.282879029,356.385,3.3048,-8.4,-8.7
n1cc(cc(Nc2ccccc2)c1)-c1ccnc(c1)NC(=O)C1CC1,0.73426779,2.104061984,330.391,4.2357,-8.7,-8
n1c(ccc(C2C(=O)NC(C=2c2ccccc2)=O)c1)NC1CCCCC1,0.831840219,2.329241838,347.418,3.3934,-9.1,-9.4
c1(cccc2c1ccn2C)C1=C(C(=O)NC1=O)c1cc(NC2CCOCC2)ncc1,0.655750862,2.778599232,402.454,2.7314,-9.3,-9
n1c(Nc2ccccc2)cccc1-c1cc(ncc1Cl)NC(=O)C1CCOC1,0.665148679,2.816540071,394.862,4.5156,-8.9,-8.3
c1cc(-c2ccnc(Nc3cccc(c3)CN3CCN(CC3)C)c2)cc(NC2CCOCC2)n1,0.54937444,2.537936005,458.61,4.2255,-8.6,-8.4
c1c(c(F)ccc1)Nc1cc(Nc2cc(ncc2)Nc2ccccc2)ccn1,0.396983272,2.191798833,371.419,5.8465,-8.4,-8.3
c1cc(-c2cnc3c(c2)C(NCCC3)=O)cc(n1)Nc1ccccc1,0.770381258,2.428093024,330.391,3.5632,-9.4,-8.9
c1(cc2c(cc1)ccc(c2)C(N)=O)-c1ccnn(CC2CCOCC2)c1=O,0.771730225,2.459070932,363.417,2.589,-9.4,-9
c1c(nccc1-c1cc2c(cc1)c(NC(CCC)=O)n[nH]2)NC1CCOCC1,0.602985034,2.567335312,379.464,3.9544,-9,-8.2
C(CCl)NC(=O)c1cc(Cl)ccc1OC,0.830135789,1.786512106,248.109,2.3172,-5.9,-5.6
C1(NC(C(=C1c1ccnc(NC2CCCC2)c1)c1cccc(Cl)c1)=O)=O,0.808919745,2.446929797,367.836,3.6567,-9.1,-8.8
C1(OC(CC1)C(=O)Nc1nccc(c1)C1C(NC(=O)C=1c1cccc(F)c1)=O)C,0.774549132,3.473249886,395.39,2.2939,-9.4,-9.1
c12c(nc(cc1cccc2)-n1c(=O)[nH]nc1-c1ccnc(NC2COCC2)c1)N,0.487254774,3.283225911,389.419,1.9538,-9.6,-9.2
C1CC(CCO1)Nc1nccc(C2C(=O)NC(C=2c2ccc(cc2)F)=O)c1,0.81135624,2.535260281,367.38,2.3788,-9.1,-8.9
c1cc(cc(NC2CCN(CC2)CCO)n1)C1=C(c2ccc(cc2)Cl)C(=O)NC1=O,0.612730093,2.551211242,426.904,2.1708,-8.6,-8.6
c1cc(ncc1-c1ccc(cc1Cl)C(N)=O)NC1CCCCC1,0.88086073,2.113056556,329.831,4.2455,-8.3,-8.4
n1c(ccc(-c2cc(n[nH]2)-c2ccc(F)cc2)c1)NC1CCOCC1,0.757956012,2.398129199,338.386,3.8687,-8.6,-8.7
O=S1(NC(=NC(=C1c1cc(NC2CCC2)ncc1)c1ccc(F)cc1)NC#N)=O,0.523957771,3.248796254,412.45,2.37058,-9.5,-8.3
n1cccc(c1OCC1CCC(C1)NC(NC(C)C)=O)C(N)=O,0.736909369,3.090125933,320.393,1.4356,-7.9,-6.9
N(c1nccc(c1)-c1n(-c2cc3OCOc3cc2)c([nH]n1)=O)C1CCOCC1,0.711777212,2.68873229,381.392,1.9422,-9.2,-9
c12cc(ccc1c(NC1CCOCC1)n[nH]2)-n1c(n[nH]c1=O)-c1ccc(C)cc1,0.497313173,2.665978225,390.447,3.00322,-9.1,-9.3
n1[nH]c2ncc(cc2c1NC1CCN(C(C)=O)CC1)-n1cccc1,0.773768195,2.729505991,324.388,2.1714,-8.4,-8
O=C1C(=C(c2ccc(F)cc2)C(N1)=O)c1ccnc(c1)NCc1ccc(cc1)Cl,0.625742617,2.318738137,407.832,4.0534,-9.1,-8.8
c1c(N=C2SC(=Cc3ccc(cc3)O)C(=O)N2)ccc(c1)C,0.833283056,2.66054094,310.378,3.59222,-8,-7.9
c1(cccc(NC2=C(C(=O)NC2=O)c2cccc(c2)C(=O)NC2CC2)c1)O,0.605748967,2.367217257,363.373,1.764,-8.8,-8
C1(C(=O)NC(C=1-c1cc(NC2CCC2)ncc1)=O)c1cc(ncc1)NC1CCCC1,0.640294273,2.721785439,403.486,3.3627,-9.8,-8.7
c1(C2=C(c3ccc(F)c(OC)c3)C(NC2=O)=O)ccnc(NCC2CCOCC2)c1,0.71071089,2.683662584,411.433,2.635,-8.9,-8.7
C1(COC(CC1)=O)C(=O)Nc1cc(C2C(NC(C=2c2ccc(cc2)Cl)=O)=O)ccn1,0.572929414,3.090769864,425.828,2.1939,-9.2,-9.4
c1c(cc(c(F)c1)Cl)-c1n[nH]c(=O)n1-c1cc(NC2CCOCC2)ncc1,0.716131524,2.649276258,389.818,3.006,-8.8,-9
c1c(C2C(NC(C=2c2ccnc(NC3CCOCC3)c2)=O)=O)ccc(c1)Cl,0.793382813,2.530676849,383.835,2.8931,-9,-9.1
c1ccc(cc1C1=C(C(NC1=O)=O)c1ccc(Br)cc1)Cl,0.828657427,2.110400856,362.61,3.6697,-7.6,-7.6
C1(=O)NC(C(c2ccc(F)cc2OCC)=C1c1ccnc(c1)Nc1ccccc1)=O,0.609864413,2.409634319,403.413,3.9302,-9.5,-8.8
n1cc(n2c1ccc(-c1ccncc1)c2)C(NC1CCCC1)=O,0.808749098,2.318674841,306.369,3.0687,-8.3,-7.7
O=C1NC(=O)C(c2ccnc(NC3CCOCC3)c2)=C1c1cc(N)ccc1,0.564394234,2.656579216,364.405,1.8219,-9.1,-8.9
C1(c2cc(ncc2)NC2CCC(CC2)O)C(=O)NC(=O)C=1c1ccccc1,0.725633304,2.500573891,363.417,2.3642,-9.1,-9.5
Clc1ccc(C2=C(c3ccnc(NC4CCOCC4)c3)C(=O)NC2=O)cc1,0.793382813,2.530676849,383.835,2.8931,-8.8,-9.1
C1CCCC(C1)Nc1cc(C2C(=O)NC(=O)C=2c2ccc(cc2)F)ccn1,0.813387824,2.407270341,365.408,3.5325,-9.3,-8.7
O=c1[nH]c(cc(-c2ccc(cc2)F)n1)NC1CCC(CO)CC1,0.809605568,2.535374738,317.364,2.539,-8.4,-8
n1cc(ccc1NC1=C(C(=O)NC1=O)c1cccc(F)c1)F,0.848678446,2.489759834,301.252,1.8394,-8.1,-7.7
c1(cc2c(NC(C3CCOCC3)=O)n[nH]c2nc1)-c1ccccn1,0.771774733,2.514953931,323.356,2.385,-8.8,-8.1
C1(C(c2c3c(n(c2)CC)ccc(c3)F)=C(N2CCOCC2)C(N1)=O)=O,0.858191982,2.662595982,343.358,1.5,-8.7,-7.9
N(CCO)c1cc(ccn1)C1=C(c2ccc(F)cc2)C(=O)NC1=O,0.717770142,2.422109275,327.315,1.1921,-7.9,-7.7
c1(C(=O)N)nn(C)c(c1)C1C(NC(=O)C=1c1cc(NC2CCC2)ncc1)=O,0.658211825,2.870412116,366.381,0.4456,-8.5,-8.5
O(C)c1cc(-c2ccnc(c2)NC2CCOCC2)c(cc1)Cl,0.92496775,2.199541867,318.804,4.0015,-7.5,-8
c1c(cc2c3c([nH]c2c1)C(=O)NCC3)-c1ccncc1,0.70843649,2.400061297,263.3,2.5158,-8.7,-8.6
C1CN(CCO1)c1cc(-c2[nH]c(C(O)=O)cc2-c2ccnc(Nc3ccccc3)c2)ccn1,0.406984284,2.630517334,441.491,4.4171,-10,-9.2
c1ccc(Nc2nccc(c2)C2C(NC(=O)C=2c2cccc(OC)c2)=O)cc1F,0.652725649,2.37313684,389.386,3.5401,-9.7,-9
c1c(cc(c(OC)c1)-c1cnc(NC(=O)C2CC2)cc1)F,0.938324542,1.909636319,286.306,3.2448,-7.5,-7.6
C1(=C(C(NC1=O)=O)c1cc(ncc1)NC1CCC1)c1ccc(F)cc1,0.841806812,2.399366946,337.354,2.7523,-8.6,-8.4
c1nc(Nc2cc(Cl)c(cc2)F)ccc1C1C(NC(C=1c1ccc(cc1)F)=O)=O,0.627002817,2.392073927,411.795,4.324,-9.2,-8.9
C(F)(F)(c1cc(C2=C(c3cscc3)C(=O)NC2=O)ccc1OC(F)F)F,0.636835995,2.751015622,389.301,3.9355,-8.1,-7.8
C1(C(=O)NC(C=1c1ccnc(NC(C2CC2)=O)c1)=O)c1ccc(Cl)cc1,0.813018404,2.340476065,367.792,2.6507,-9,-8.1
c1(cc(ncc1)NC1CCC(O)CC1)C1C(NC(C=1c1ccc(cc1)F)=O)=O,0.708150074,2.559435237,381.407,2.5033,-9.3,-8.8
N1C(=O)C(c2cc(-n3cc(nc3)-c3ccncc3)ccc2)=C(C1=O)c1ccoc1,0.547962489,2.842842478,382.379,3.0945,-9.8,-10.3
C1(=C(C(NC1=O)=O)c1cc(ncc1)NC1CCOCC1)c1ccccc1Cl,0.793382813,2.55072892,383.835,2.8931,-9.1,-8.9
C1(CCC(CC1)Nc1nccc(-c2n[nH]c(=O)n2-c2cc3ccccc3cc2)c1)NC(C)C,0.409318918,2.66488143,442.567,4.4969,-9.1,-8.6
C1CC1Nc1nccc(NC2C(=O)NC(=O)C=2c2ccc(F)cc2)c1,0.728690036,2.497967163,338.342,2.2746,-8.1,-8
C1CC1NC1=C(C(NC1=O)=O)c1cc(ncc1)-c1cccc(c1)C,0.847478232,2.499018551,319.364,2.17652,-8.6,-8.6
c1cc(cc(c1)C1C(NC(C=1c1ccnc(c1)NC1CCOCC1)=O)=O)Cl,0.793382813,2.579779216,383.835,2.8931,-9,-9.1
c1c(cc(cc1C1C(=O)NC(=O)C=1c1ccc(cc1)OC)N(C)C)Cl,0.855549115,2.329886019,356.809,2.9818,-8.2,-8.3
O=C1NC(=O)C(=C1c1cc(ncc1)NC1CC1)c1cccc(F)c1,0.847539882,2.447761311,323.327,2.3622,-8.4,-7.6
c1(cc2OCOc2cc1)C1=C(C(NC1=O)=O)c1ccc(F)cc1,0.862967411,2.235909703,311.268,2.1216,-8.1,-8.3
c1cc(ccc1F)-n1c(=O)sc2cc(-c3ccc(F)cc3)ncc21,0.542276729,2.317469593,340.354,4.3924,-8.6,-7.8
c1cc(C2=C(c3ccc(F)cc3)C(NC2=O)=O)ccc1F,0.861840499,1.960878592,285.249,2.532,-8,-7.7
C1(Nc2cc(ncc2)C2=C(C(=O)NC2=O)c2cccc(Cl)c2)CCOCC1,0.793382813,2.653612944,383.835,2.8931,-8.7,-8.9
c1(NC2CCCC2)nccc(c1)C1C(=O)NC(=O)C=1c1cccc(c1)Cl,0.808919745,2.446929797,367.836,3.6567,-9,-8.8
c12C(=O)NCCc1c(-c1cc3c(ccc(c3)Cl)[nH]c1=O)c[nH]2,0.645105469,2.85145083,313.744,2.4625,-9,-8.6
COc1cccc(c1)C1C(NC(=O)C=1c1cccc(NC(=O)C2CC2)c1)=O,0.801030693,2.177453897,362.385,2.6109,-8.7,-8.6
c1(cccnc1)CNC1C(=O)NC(C=1c1ccc(F)cc1F)=O,0.839313589,2.446824033,315.279,1.5171,-7.9,-7.5
C(C)C(Nc1cc(C2=C(C(NC2=O)=O)Nc2ccccc2)ccn1)=O,0.72432522,2.383987964,336.351,1.9097,-8.3,-7.8
c1cccc(C2C(NC(=O)C=2c2cc(NC3CCOCC3)ncc2)=O)c1,0.827718733,2.476063902,349.39,2.2397,-8.7,-8.5
O=C(N)c1cc(-c2oc(C3=C(C(=O)NC3=O)c3ccccc3)cc2)ccc1,0.699876614,2.36216812,358.353,2.6127,-9.5,-8.9
c1cc(ccc1Cl)Nc1nccc(NC2C(=O)NC(=O)C=2c2ccc(cc2)Cl)c1,0.520339905,2.393590779,425.275,4.6116,-9.4,-8.4
C1(c2ccccc2)=C(Nc2ccc(F)cc2)C(=O)NC1=O,0.849288888,2.026278236,282.274,2.3053,-8,-7.6
C1(c2ccc(c(F)c2)F)(C(NC(=O)NC1=O)=O)Cc1ccccc1,0.843035336,2.465444515,330.29,1.8113,-8.7,-8.3
NC(=O)Cc1cc(F)ccc1,0.672145558,1.61678649,153.156,0.8535,-5.5,-5.7
c1cnc(cc1-c1c2c(ccc(c2)F)[nH]n1)NC1CCNCC1,0.695658841,2.515685248,311.364,2.9279,-8.4,-8.5
c1(C(N)=O)cc(OC)cc2c1[nH]c(=O)n2C1CC(O)C(O1)CO,0.573397028,3.701818442,323.305,-0.9222,-7.9,-7.5
c1c(F)cccc1C1=C(C(NC1=O)=O)c1nc(cs1)-c1ccccc1,0.735512575,2.291851236,350.374,3.5164,-8.9,-8.3
c1(cc(ncc1)NC1CCC1)C1=C(c2cc(F)c(cc2)F)C(NC1=O)=O,0.827634657,2.522467635,355.344,2.8914,-9.1,-8.6
c1(ccc(Cl)cc1)C1=C(c2ccnc(NC3CCOCC3)c2)C(NC1=O)=O,0.793382813,2.530676849,383.835,2.8931,-8.7,-9
Fc1cc(ccc1)-c1c(C2C(NC(=O)C=2c2ccc(cc2)F)=O)cn(n1)C,0.726160056,2.449009768,365.339,2.9325,-8.6,-8.6
c1c(cc(N2CCOCC2)nc1)NC1C(NC(C=1c1cccc(Cl)c1)=O)=O,0.784896154,2.54526324,384.823,2.0512,-8.7,-8.3
c1cc(cc2c(NC3CCCCC3)nc(C(=O)N)nc12)CNC(C)=O,0.771320912,2.371518625,341.415,2.1094,-8.1,-8.4
n1c(NC(CCC)=O)cc(-c2cc(ncc2)NC2CCOCC2)nc1,0.839688986,2.484247021,341.415,2.8681,-8,-7.5
C1(c2c(cccc2)F)C(NC(=O)C=1c1cc(C)ncc1)=O,0.858057887,2.313244663,282.274,2.09632,-7.7,-7.9
C1CS(=O)(=O)NC(C1)COc1ccc(cc1)-c1nnc(n1C)-c1ccoc1,0.719349858,3.42253495,388.449,2.2027,-8.6,-8.1
C1(=O)C(=C(Nc2ccccc2)C(N1)=O)c1cc(ncc1)NC1CCCCC1,0.711012175,2.435705514,362.433,3.3058,-8.6,-8.8
O(C)c1ccccc1-c1cc(NC(=O)C2CC(NC2)=O)ncc1,0.902533891,2.699256131,311.341,1.8318,-8.1,-7.9
O=C1NC(=O)C(c2c(n(-c3c4ccc(F)cc4ccc3)c(=O)[nH]c12)=O)=O,0.480903342,2.749835259,353.265,0.2708,-9.1,-9.8
c1(C2C(=O)NC(=O)C=2Nc2ccc(cc2)O)cc(ncc1)NC(=O)C,0.491405386,2.484908819,338.323,1.2252,-8.8,-8.2
O=C(C1C(C1)C(=O)Nc1ccnc(c1)-c1cc(ncc1)NC1CCCCC1)N,0.71467356,3.252823299,379.464,2.9481,-8.9,-8.1
c1cccc(c1C1=C(c2cccc(C(O)=O)c2)C(NC1=O)=O)Cl,0.848758736,2.111251311,327.723,2.6054,-8.2,-7.9
O=C1NC(=O)C(c2ccc(cc2)F)=C1c1cc(ncc1)NC1CCCC1,0.830425976,2.400630105,351.381,3.1424,-9,-8.5
c1ccccc1-c1ccnc(Nc2cc(Cl)ccc2)c1,0.717887309,1.706857125,280.758,5.1456,-8.1,-8.1
C1(=O)NC(C(c2ccnc(NC3CCCCC3)c2F)=C1c1ccc(F)cc1)=O,0.79062104,2.590658314,383.398,3.6716,-9.5,-8.9
c1cc(ccc1)C1C(=O)NC(C=1c1c2cccc(OC)c2ncc1)=O,0.749945933,2.213287775,330.343,2.8106,-8.5,-8.8
c1c2c(n[nH]c2ncc1-c1cccc(F)c1)NC(=O)CCC,0.774075026,2.288402478,298.321,3.5026,-8.3,-7.9
c1c(-c2cc(NC(C3CC3)=O)ncc2)cc(nc1)Nc1ccccc1,0.73426779,2.063729845,330.391,4.2357,-8.5,-8.2
c1(cc(ncc1)NC1CCC(CC1)O)-c1ccc2c(NC(=O)CC2)c1,0.802864315,2.486202553,337.423,3.3487,-8.8,-9
c1(C2=C(C(=O)NC2=O)c2cc(ncc2)NC2CCC2)ccccc1F,0.841806812,2.437689589,337.354,2.7523,-8.4,-8.1
c1nc(cc(n1)C1C(NC(=O)C=1c1ccc(cc1)Cl)=O)NC1CCOCC1,0.785469677,2.668346672,384.823,2.2881,-8.7,-8.7
c1c2c(n(CC(F)F)cc2C2=C(C(NC2=O)=O)c2cc(ncc2)NC)ccc1,0.665621192,2.802460125,382.37,2.9103,-8.5,-7.7
N1C(=O)C(=C(c2ccnc(NC3CCOCC3)c2)C1=O)c1ccccc1Cl,0.793382813,2.55072892,383.835,2.8931,-9.1,-8.6
c1c(ccc(c1)Cl)Nc1cc(-c2cc[nH]n2)ccn1,0.759565138,2.450556086,270.723,3.8687,-7.5,-7.2
N1C(=O)C(=C(C1=O)c1cccc(OC)c1)c1ccc(OC)c(OC)c1,0.846193564,2.105278928,339.347,2.2796,-7.8,-7.9
c1cnc(NC(=O)C2CCOCC2)cc1C1C(NC(C=1c1ccc(nc1)NC1CCC1)=O)=O,0.581242518,2.800067928,447.495,2.3733,-9.9,-8.6
c1cc(ccc1O)C1C(=O)NC(=O)C=1c1ccnc(c1)NC1CCOCC1,0.716234787,2.593946672,365.389,1.9453,-9.1,-8.8
c12cccc(c1CCC(NCCC(N)=O)C2)-c1c(OC)cccc1,0.858494392,2.627636878,324.424,2.6845,-8.4,-8.5
C1(C(c2cccc(OC)c2)=C(C(N1)=O)c1ccnc(NC2CCOCC2)c1)=O,0.774833116,2.557756263,379.416,2.2483,-9,-8.7
C1(c2cccc(C(=NC)O)c2)=C(C(NC1=O)=O)c1c(C)nc(OC)nc1,0.486927753,2.911635259,352.35,1.29522,-8.5,-8.1
c1ncc(-c2n[nH]c(=O)n2-c2cc3ccccc3cc2)cc1,0.616613644,2.147717677,288.31,2.7758,-8.5,-8
N#Cc1cc(ccc1)C1=C(c2ccnc(NC3CCOCC3)c2)C(NC1=O)=O,0.794599401,2.69467934,374.4,2.11138,-9.5,-8.6
c1c2cc(ccc2[nH]n1)-c1n(-c2ccc3c(c2)OCCO3)c([nH]n1)=O,0.582712582,2.575829615,335.323,1.8751,-8.6,-8.3
c1cc(ncc1C1=C(C(=O)NC1=O)c1cc(ncc1)NC1CCOCC1)NC1CC1,0.632970381,2.814120187,405.458,2.209,-8.9,-8.6
n1cccc(C2C(NC(C=2N2CCCC2)=O)=O)c1NC1CCOCC1,0.798507625,2.755519729,342.399,1.1358,-8.1,-7.6
c1cc(cc(c1)C1=C(Nc2ccccc2)C(NC1=O)=O)OC,0.848141474,2.070046434,294.31,2.1748,-7.7,-8.1
c1cc(cc(NC2CCCCC2)n1)C1C(=O)NC(C=1c1cc(NC)ccc1)=O,0.696545812,2.556144297,376.46,3.4351,-9.3,-8.8
c1(-c2ccnc(c2)NC2CCOCC2)n(c([nH]n1)=O)-c1cc2c(cc1)cccc2,0.560847365,2.543330396,387.443,3.3667,-9.4,-9.8
c1(nc(-c2cc(NC(=O)C3CC3)ncc2)ccc1)NC(C1CC1)=O,0.886331622,2.16004027,322.368,2.8406,-8.4,-7.6
O1CCC(CC1)NC(c1cc(C2C(NC(C=2c2ccc(Cl)cc2)=O)=O)ccc1)=O,0.75894465,2.335962419,410.857,2.816,-9.8,-9.6
C1COCCC1CNc1nncc(C2C(NC(=O)C=2c2ccc(F)cc2Cl)=O)c1,0.727798418,2.861847683,416.84,2.6748,-9.5,-8.7
c1c(C2C(=O)NC(C=2c2ccc(cc2)OC)=O)cccc1,0.876798261,1.888820544,279.295,2.2624,-7.4,-7.7
c1c(C2C(NC(=O)C=2c2cc(NC3CCCCC3)ncc2)=O)ccc(F)c1,0.813387824,2.407270341,365.408,3.5325,-9.4,-8.6
c1cc(Nc2nccc(-c3ccn(n3)C)c2)cc(c1)COC1CCC1,0.730268683,2.363595809,334.423,4.2948,-8.3,-7.6
c1(-c2n(-c3ccc4ccccc4c3)c(=O)[nH]n2)ccnc(NC2CCC2)c1,0.583325504,2.409464423,357.417,3.7402,-8.7,-8.6
C(=O)(Nc1cc(ccn1)C1C(NC(=O)C=1c1ccc(F)cc1)=O)C,0.841608043,2.331560473,325.299,1.7463,-8.6,-8.2
N(c1c2c(ncc1C(=O)NC)cc(cc2)Cl)C1CCC(O)CC1,0.806991942,2.363199655,333.819,2.9632,-7.7,-7.9
c1cc(ccc1C1C(=O)NC(C=1c1ccnc(NC2CCC2)c1)=O)OC,0.811326201,2.371426371,349.39,2.6218,-8.9,-8.5
c1c(C2C(=O)NC(C=2c2ccnc(NC3CCC3)c2)=O)cccc1C(N)=O,0.700781539,2.508038108,362.389,1.7121,-9.2,-8.6
c1(ccc(-c2cc(ncc2)Nc2cc(ccc2)Cl)cc1)Nc1ccccc1,0.40074231,1.884527308,371.871,6.8892,-9.1,-8.8
c1cc(C#N)cc(C2C(=O)NC(=O)C=2c2ccc(cc2)Cl)c1,0.867251406,2.203859089,308.724,2.77888,-9,-8.9
n1nc(-c2ccc(F)cc2)c(s1)NC(CCCN1CCOCC1)=O,0.866432603,2.305590167,350.419,2.3951,-7.8,-7.6
c1c2c(cccc2)cc(c1)NC1=C(c2ccc(cc2)C)C(NC1=O)=O,0.721969721,2.126708928,328.371,3.62782,-9.2,-9.4
c1cc(F)ccc1C=C1C(=O)NC(=N1)Nc1cc(C(=O)O)ccc1,0.756159037,2.463613121,325.299,2.4627,-8.5,-8
O1CCOc2c1cc(cc2)CNc1nccc(-c2nc(C(N)=O)n(C)c2)c1,0.716238319,2.601173299,365.393,1.9643,-8.4,-7.9
c1cc2cccnc2n1-c1cc(NC2CCOCC2)ncc1,0.80651781,2.540354126,294.358,3.0114,-7.9,-8.2
N(c1nccc(C2C(=O)NC(=O)C=2c2ccc(F)cc2)n1)C1CCOCC1,0.799341023,2.603099335,368.368,1.7738,-8.9,-8.7
n1(nc(-c2cc(NC(=O)C3CC3)ncc2)cc1-c1ccc(cc1)F)C,0.791206824,2.223680705,336.37,3.6367,-9.1,-7.8
N(c1nccc(C2C(NC(C=2c2ccc(F)cc2)=O)=O)c1)CC1CCOCC1,0.778613019,2.564246861,381.407,2.6264,-8.6,-8.5
c1(Cl)ccnc(NC2=C(c3cc(OC)ncc3)C(=O)NC2=O)c1,0.827412214,2.737840365,330.731,1.6182,-7.7,-7.7
c1c(cc(C2C(NC(=O)C=2c2cn(C)c3c2cccc3)=O)cc1)C(N)=O,0.709364561,2.342583336,345.358,1.8444,-8.7,-9.4
c1cccc(CN(C2CCC2)C(c2cc(ncc2)NC2CCC2)=O)c1Cl,0.787622807,2.240842171,369.896,4.8943,-7.8,-7.7
c1ccc(Br)cc1C1=Cc2cc(OC)c(OC)cc2CC1,0.783385862,2.246988236,345.236,4.9531,-8,-7.9
c1(C2C(=O)NC(C=2c2ccnc(NC3CCCC3)c2)=O)ccc(Cl)cc1,0.808919745,2.395863336,367.836,3.6567,-8.9,-8.8
c1cnc2c(n1)ccc(NC1CCN(CC1)C(=O)C)n2,0.894747456,2.384369907,271.324,1.4476,-7.7,-7
C1C(C(Nc2cc(-c3c(cccc3)F)ccn2)=O)CCN(C1)C1CCC1,0.900358848,2.129605489,353.441,4.0907,-8.6,-8.5
O(c1c(ccc(c1)C1=C(C(=O)NC1=O)c1cn(c2c1cccc2)C)OC)C,0.724833369,2.285521306,362.385,2.7627,-8.4,-8.6
C1(c2cc(NC3CCOCC3)ncc2)=C(C(=O)NC1=O)Nc1cc(N)ccc1,0.461455074,2.731400707,379.42,1.7343,-8.9,-8.7
c1(nccc(NC(C)C)c1)C1=C(C(NC1=O)=O)c1ccc(cc1)Cl,0.838114376,2.499016271,341.798,3.1225,-8.2,-7.9
c1c(C2=C(C(NC2=O)=O)c2ccnc(c2)NCC2CCOCC2)occ1,0.799626217,2.755686979,353.378,2.0803,-8.7,-8.2
c1c(cccc1C)C1=C(C(=O)NC1=O)c1ccnc(NC2CC2)c1,0.849669745,2.422878958,319.364,2.53152,-8.5,-8
C1C(CCOC1)CNc1nccc(C2=C(c3cc(Cl)ccc3)C(NC2=O)=O)c1,0.757454076,2.607116946,397.862,3.1407,-8.7,-8.7
N(c1[nH]c(nc2c1nc(-c1ccccc1)cc2)=O)C1CCN(CC1)C,0.769162357,2.542067042,335.411,2.4912,-8.9,-8.6
CCCOc1cc(C2C(=O)NC(C=2c2cccc(c2)F)=O)ccc1,0.859149231,2.181937555,325.339,3.1817,-7.8,-7.4
Cc1cc(c2cc(O)c(cc2n1)OC)C(NCC1CCOCC1)=O,0.899678091,2.306662894,330.384,2.41382,-8.4,-7.5
c1(cc(ncc1)NC1CCC(NC(NC(C)C)=O)CC1)-c1cc(ncc1)Nc1ccccc1Cl,0.335490907,2.522339805,479.028,5.9713,-9.5,-8.3
Clc1cc(ccc1)C1C(=O)NC(C=1c1ccnc(OCC2CC2)c1)=O,0.837684983,2.495375397,354.793,3.091,-8.5,-7.8
c1c(nccc1C1=C(C(NC1=O)=O)c1cc(NC2CCOCC2)ncc1)NC1CCCC1,0.601624857,2.834395949,433.512,2.9892,-10,-8.6
c1(ccc(-c2ccc3c(n2)cc(s3)NC(CCC)=O)cc1)Cl,0.699716825,2.164154126,330.84,5.3553,-7.9,-7.3
n1c2c(c(n(C)c1NC1CCCC1)=O)cc(-c1cccc(c1)NC1CCOCC1)cc2,0.636430218,2.486448928,418.541,4.5459,-9.3,-9.5
C1CCC(Nc2nccc(c2)C2=C(c3cc(F)ccc3)C(NC2=O)=O)CC1,0.813387824,2.460624187,365.408,3.5325,-9.5,-9
c1c(C2C(n3nc(C)nc3NC=2c2cc(ccc2)OC)=O)cccc1,0.62568364,2.560787775,332.363,3.06862,-8.1,-8.2
s1c(ccc1-c1cc(NC(=O)C)ncc1)C1CCOCC1,0.941005506,2.548571994,302.399,3.6625,-7.8,-7.7
n1c(Nc2cc(-c3ccnc(c3)Nc3ccc(F)cc3)ccn2)sc2ccccc21,0.350014941,2.282160809,413.481,6.3796,-10.1,-9.5
c1c2nc(n(c2ccc1Cl)C)-c1cc(NC2CCN(CC2)C)ncc1,0.775948057,2.378653159,355.873,3.7948,-8.5,-7.7
c1(=O)n(c(nn1C)C(N)=O)-c1ccc(C2CC2)cc1,0.872132125,2.518533855,258.281,0.5473,-7.2,-7.4
O=c1n(C)c2c(cc1C1=C(C(NC1=O)=O)c1ccncc1)cc(F)cc2,0.713403396,2.560946665,349.321,1.6398,-9,-9
C(CO)CNc1ncc(cc1Cl)-c1ccnc(NC(C2CC2)=O)c1,0.670854534,2.338067193,346.818,2.9398,-7.5,-7.8
c1nc([nH]c1C(=O)N)-c1ccc(cc1)C1=C(C(=O)NC1=O)c1cc(ccc1)C,0.607489143,2.58424474,372.384,2.05122,-9.5,-8.8
c1c(ccnc1NC1CCCOC1)C1=C(c2cc(OC)c(cc2)OC)C(NC1=O)=O,0.706297347,3.041548302,409.442,2.2569,-9.5,-8.3
n1c(NC2CCCC2)cc(C2=C(c3cc(ccc3)F)C(=O)NC2=O)cc1,0.830425976,2.456118105,351.381,3.1424,-9.1,-8.8
c1cc(ccc1C1=C(C(NC1=O)=O)c1ccnc(c1)NCCO)Cl,0.718808926,2.416851809,343.77,1.7064,-7.8,-7.9
N1(Cc2ccccc2)CCN(c2cc3c([nH]c(=O)[nH]c3=O)cc2)CC1,0.760963983,2.034651025,336.395,1.5386,-8.5,-8.3
O=C1C(=C(c2ccc(cc2)F)C(=O)N1)c1cc(NC2CCOCC2)ncc1,0.81135624,2.535260281,367.38,2.3788,-9,-9
c1(cccc(c1)C1C(NC(C=1c1ccc(F)cc1)=O)=O)C(=O)N,0.841772581,2.132760446,310.284,1.4918,-9.2,-8.3
n1ccc(NC2CCOCC2)cc1C1C(=O)NC(C=1c1cc(ncc1)NC1CCCC1)=O,0.601624857,2.895662233,433.512,2.9892,-9.6,-8.4
C(=O)(CCC)N=C(Nc1cc(-c2n(C)c(nc2)C2CC2)ccn1)O,0.650314978,3.031359555,327.388,3.0121,-7.5,-7.3
N(C1CCOCC1)c1cc(-c2n[nH]c(n2-c2cc3c(cc2)OCO3)=O)ccn1,0.711777212,2.68873229,381.392,1.9422,-9.2,-9.1
Cc1cc(C2C(=O)NC(=O)C=2c2ccncc2)cc(c1)C(N)=O,0.827474465,2.419248186,307.309,1.05612,-8.9,-7.9
O=C1C=C(C(N1)=O)c1ccc(cc1)-n1c(=O)[nH]nc1-c1ccnc(NC2CCOCC2)c1,0.517327673,2.95708879,432.44,1.2533,-9.8,-9
c12c(NC3CCCC3)nc(C(N)=O)cc2n[nH]c1-c1ccc(F)cc1,0.679739984,2.589526236,339.374,3.2174,-8.6,-8.4
n1c(cc(C2C(=O)NC(C=2Nc2ccc(Cl)cc2)=O)cc1)Nc1ccc(OC)cc1,0.52250342,2.361304802,420.856,3.9668,-9.2,-8.4
C1(c2c(cc(c(c2)OC)OC)OC)C(=O)NC(=O)C=1c1ccc(cc1)Cl,0.815588642,2.193987182,373.792,2.933,-8.1,-7.6
C(C)(C)C1C(NC(C=1c1cccc(c1)Nc1cccc(F)c1)=O)=O,0.844384155,2.395790094,324.355,3.6353,-8.3,-8.6
c1nc(cc(-c2cc(NC(=O)C3CC3)ncc2)c1)Nc1ccc(F)cc1,0.718197326,2.126210413,348.381,4.3748,-9,-8
C1(c2c3c(cc(OC)c(OC)c3)[nH]c2C(N1)=O)=O,0.776521363,2.473585888,246.222,1.0687,-6.8,-6.9
c1cc(C2=C(C(NC2=O)=O)c2ccnc(c2)NC2CCC2)cc(n1)NC1CCCCCC1,0.469873671,2.731889286,431.54,4.1429,-9.9,-8.7
N(c1n[nH]c2c1cc(cc2)F)C(=O)C1CCC(CC1)NC(CC)=O,0.804364904,2.320981447,332.379,2.7255,-8.3,-7.7
c1c(ccnc1NC1CCOCC1)C1=C(C(NC1=O)=O)c1ccc(F)c(F)c1,0.790955113,2.648808699,385.37,2.5179,-9.4,-9.1
C1(CC1)C=C1C(NC(=NC1=O)NCc1cccc(c1)-c1cnc(cc1)N)=O,0.567885547,2.851341946,361.405,1.7692,-9,-9.2
c1c(cccc1C(N)=O)C1C(NC(=O)C=1c1c(OC)ccs1)=O,0.829353676,2.548248908,328.349,1.4228,-7.9,-7.6
c1cc(cc(c1)C1=C(c2cccc(F)c2)C(=O)NC1=O)C(N)=O,0.841772581,2.197785446,310.284,1.4918,-8.7,-8.2
c1c(C2=C(c3cc(NC4CCOCC4)ncc3)C(=O)NC2=O)ccc(c1)F,0.81135624,2.535260281,367.38,2.3788,-9.1,-8.9
c1c(NC(=O)C)ncc(c1-c1cc(ncc1)Nc1ccccc1)OC,0.740921753,2.185520467,334.379,3.8542,-7.9,-8.5
O=C1C(c2ccc(OC)cc2)=C(C(N1)=O)c1cn(c2ccccc12)C,0.750397967,2.197917108,332.359,2.7541,-8.1,-8.1
C(N1CCCCC1)CCNC(c1csc(-c2cc(ccc2)Cl)n1)=O,0.786688205,2.044578298,363.914,4.0693,-7.6,-7.3
C1C(CCC(C1)NC(NC)=O)Nc1nccc(C2C(=O)NC(=O)C=2c2ccc(cc2)F)n1,0.528143591,2.708345851,438.463,1.835,-9.9,-8.9
C1(C(c2ccccc2)=C(C(N1)=O)c1ccnc(NC)c1)=O,0.838747926,2.296986697,279.299,1.6905,-7.4,-7.6
C1(=O)C(=C(C(N1)=O)c1c(Cl)cccc1)n1c(-c2cc(NC3CCCC3)ncc2)nnc1C,0.577117197,2.815400204,448.914,3.68112,-9.6,-8.5
C1CC1Nc1cc(ccn1)C1C(NC(C=1c1ccc(F)c(F)c1)=O)=O,0.838515013,2.512911676,341.317,2.5013,-8.5,-8.3
c1c(c(OC)c2c(c1)n(c(=O)[nH]2)C)C1C(=O)NC(=O)C=1c1cc(NC(C)=O)ncc1,0.547582351,2.949070696,407.386,0.7958,-8.9,-8.9
c1(NC2CCC(O)CC2)nc2c(c(NC3CCC3)n1)cc(cc2)Cl,0.781223488,2.374120429,346.862,3.963,-8.3,-8.2
C1=C(CCCC1)C1=C(c2ccc3OCOc3c2)C(=O)NC1=O,0.850910231,2.695002684,297.31,2.3257,-8,-8.2
c1c2c(NC3CCCC3)nc(NC3CCCCC3)nc2cc(Cl)c1,0.781061976,2.226392284,344.89,5.3823,-8.5,-8.4
n1c(cc(nc1NC1CCOCC1)C1CCCC=1)Nc1cccc(c1)OC,0.790349722,2.605673077,366.465,4.387,-9,-8.1
n1ccc(Nc2ccc(cc2)C2C(NC(C=2c2ccc(F)cc2)=O)=O)cc1,0.699326077,2.226143122,359.36,3.5315,-9.3,-9.7
n1[nH]c2ccccc2c1NC1CCN(CC1)C(=O)c1cccc(c1)F,0.769162383,2.132418149,338.386,3.4187,-8.9,-8.7
c1ccc(cc1F)C1C(NC(C=1c1cccc(c1)O)=O)=O,0.829409392,2.209306984,283.258,2.0985,-7.8,-7.9
c1cc(OC)cc(c1)C1=C(C(NC1=O)=O)c1ccc(OC)c(Cl)c1,0.866866848,2.151527408,343.766,2.9244,-8,-7.9
n1c(cc(C2=C(c3ccc(Cl)cc3)C(NC2=O)=O)cc1)N1CCOCC1,0.839185792,2.386761797,369.808,2.1388,-8.6,-8.7
c1c(cc2c(c1)[nH]nc2NC(=O)CCC)-c1cc(NC2CCOCC2)ncc1,0.602985034,2.558299852,379.464,3.9544,-8.4,-8.1
c1cc(cc(c1)C1=C(c2cccc(NC3CCCC3)c2)C(=O)NC1=O)Cl,0.794636475,2.285904566,366.848,4.2617,-8.7,-8.8
O=C1NC(C(=C1c1cc(ccc1)OC)c1c[nH]c2c1cc(F)cc2)=O,0.722630307,2.324644519,336.322,2.8828,-8.4,-8
O=C1NC(=O)C(=C1c1ccnc(c1)NC1CCCCC1)c1ccc(F)cc1,0.813387824,2.407270341,365.408,3.5325,-9.5,-8.6
c1cc(c(c(c1)Cl)C1=C(C(NC1=O)=O)c1cc(NC2CCC2)ncc1)Cl,0.779352416,2.551762682,388.254,3.92,-8.3,-8.3
c1cc(ccc1C1=C(C(=O)NC1=O)c1cc(OC)ccc1)-c1ccc(OC)cc1,0.675977712,2.068084384,385.419,3.938,-9.4,-9.2
C1(=O)C(c2cccc(F)c2)=C(c2ccc(c(c2)F)F)C(=O)N1,0.867067392,2.212638363,303.239,2.6711,-8.5,-8
C1(=O)C(c2ccnc(NCC3CCOCC3)c2)=C(C(=O)N1)c1ccc(F)cc1,0.778613019,2.564246861,381.407,2.6264,-8.6,-8.8
n1c2cc(NC3CCC(O)CC3)ncc2[nH]c1-c1cc(ncc1)NC1CCCCC1,0.498610633,2.743481984,406.534,4.4799,-9.6,-8.7
COc1ccccc1C1C(=O)NC(C=1c1ccnc(c1)NC1CCOCC1)=O,0.774833116,2.53893404,379.416,2.2483,-8.8,-8.4
c1cc(Nc2cc(ncn2)-c2cc(Nc3ccccc3)ncc2)cc(c1)O,0.479904395,2.229066346,355.401,4.7314,-9.2,-9.1
c1c(OC)c(OC)cc(c1)C1C(NC(=O)C=1c1csc2c1cccc2)=O,0.719108881,2.310097265,365.41,3.4857,-8.4,-8.2
c12cc(c(OC)cc2c2c(C(=O)NC2)c2c1cc(c(c2)OC)OC)OC,0.729431207,2.44484382,353.374,3.2708,-8.7,-9.2
[nH]1c(nc(-c2ccnc(NC3CCOCC3)c2)cc1=O)-c1cscc1,0.752264739,2.807956642,354.435,3.1513,-8.5,-8.3
c12c(NC3CCCN(C3)C(C)=O)nc(-c3ccncc3)nc1ccnc2,0.782864215,2.8969192,348.41,2.5096,-8.8,-8.1
c1cc(ccc1C1=C(c2ccnc(NC3CCOCC3)c2)C(NC1=O)=O)F,0.81135624,2.535260281,367.38,2.3788,-9,-9
c1c(cccc1)C1C(NC(=O)C=1c1ccnc(NC2CCOCC2)c1)=O,0.827718733,2.476063902,349.39,2.2397,-8.9,-8.7
c1c(ccc(C=C2C(=O)NC(NC2=O)=O)c1)Nc1ccc(cc1)F,0.596883488,2.134029863,325.299,2.3187,-8.6,-8.6
c1ccccc1C1C(=O)NC(C=1c1ccnc(NC2CCCCC2)c1)=O,0.831840219,2.344705805,347.418,3.3934,-9.1,-8.4
c1ccc2c(cc(o2)C(N)=O)c1NC(Cc1ccccc1)C,0.755482521,2.565241813,294.354,3.5748,-7.7,-7.8
c1cc(C2=C(C(NC2=O)=O)c2cc(NC3CCOCC3)ncc2)sc1,0.822862577,2.738403607,355.419,2.3012,-8.5,-8.5
c1c(O)ccc(C=C2SC(NC2=O)=Nc2ccc(F)cc2)c1,0.834973667,2.681721159,314.341,3.4229,-7.8,-8
C1(C(C(NC(=O)C=1c1ccnc(NC2CCCC2)c1)=O)=O)c1cscc1,0.640628419,2.774875028,367.43,2.6339,-8.7,-8.1
COc1cc2c(NC(NC2c2ccc(Cl)cc2)=O)cc1OC,0.909019068,2.642725436,318.76,3.5817,-8.1,-7.6
C1(Nc2c(cccc2)C1=C1C(Nc2ccccc21)=O)=O,0.716573186,2.137168315,262.268,2.5016,-9.5,-9.1
C1C(Nc2cc(-c3cnc4ccccc4c3)ccn2)CCN(C1)C(C1CCOCC1)=O,0.692799725,2.439324439,416.525,4.1263,-9.9,-9.2
c1cnccc1C1=C(C(NC1=O)=O)c1cc(NC2CCOCC2)ncc1,0.814437546,2.651842647,350.378,1.6347,-9,-8.6
c1(NC2CCOCC2)nccc(C2C(NC(C=2c2cc(ccc2)Cl)=O)=O)c1,0.793382813,2.579779216,383.835,2.8931,-9,-9
c1cc(OC)ccc1CC(=O)Nc1cc(C2C(NC(C=2)=O)=O)ccn1,0.801945935,2.39210064,337.335,1.3112,-8.7,-8.2
c1cccc(c1OC)-c1cc2c(C(=O)NCC2)c(n1)NC1CCOCC1,0.884042142,2.562859247,353.422,2.634,-8.6,-8.2
Fc1ccc2c(nnn2Cc2cc(ncc2)NC2CCOCC2)c1,0.797823555,2.448500193,327.363,2.6046,-8.6,-8.2
COc1cc(C2C(NC(C=2Nc2cccc(Br)c2)=O)=O)ccc1OC,0.751334285,2.267191896,403.232,2.9459,-8.2,-7.8
c1cc(Cl)ccc1C1=C(C(=O)NC1=O)Nc1cccc(c1)Cl,0.845852495,2.14813502,333.174,3.473,-7.8,-8.1
N(c1nccc(-c2cn(c(cc2)=O)C)c1)C1CCC(N)CC1,0.910206682,2.465714566,298.39,2.1291,-8.1,-8
c1c(cc(Nc2ccc3c(c2)C(OC3)=O)nc1)-c1ccc(Cl)cc1,0.696833057,2.200942914,336.778,4.816,-9.1,-8.8
FC(c1cc(ccc1)C1=C(c2cnc(NC3CCOCC3)cc2)C(NC1=O)=O)(F)F,0.746921174,2.667449779,417.387,3.2585,-9.8,-9.2
c1n(C)c2c(cc(-c3ccnc(NC4CCOCC4)c3)cn2)c1,0.806913771,2.576290678,308.385,3.2262,-8.3,-8.1
c1ccc(cc1)C=C1c2n(c([nH]n2)=O)-c2c(ccc(c2)Cl)N1,0.725585578,2.570573357,310.744,3.1376,-8.7,-8.8
C(CCCNC(=O)C1CCC1)n1nnc(-c2ccc(Cl)cc2)c1,0.791340682,2.087567046,332.835,3.295,-6.9,-7.2
c1(ccccc1)C1C(=O)NC(=O)C=1c1ccnc(NC2CCC2)c1,0.849937184,2.335541834,319.364,2.6132,-8.4,-7.9
C1CC(CCC(O)=O)CCC1CNCc1ccc(C(N)=O)cc1,0.686550517,2.045611489,318.417,2.5463,-7.3,-7.1
c1nc2c(NC3CCCCC3)nccc2n1C(C)C,0.91121456,2.492857615,258.369,3.7568,-7.3,-6.7
C1(C(Nc2cc(ccn2)-c2nn(C3CCOCC3)c(C)c2)=O)CCOCC1,0.895150277,2.651621385,370.453,2.97012,-8.9,-8.5
C1(=O)NC(C(=C1c1ccc(c(c1)F)F)c1ccnc(c1)NC1CCCC1)=O,0.811721282,2.519884803,369.371,3.2815,-9.3,-8.8
C1(c2ccc(F)cc2)=C(c2ccnc(NC3CCOCC3)c2)C(NC1=O)=O,0.81135624,2.535260281,367.38,2.3788,-9,-9
c1c(-c2cc(Nc3ccc(F)cc3)ncc2Cl)nc[nH]c1=O,0.776933683,2.509516764,316.723,3.368,-8.3,-7.8
C1COCCC1Nc1cc(-c2n[nH]c(n2-c2cc3c(cc2)cc2c(OCO2)c3)=O)ccn1,0.511761839,2.804670892,431.452,3.0954,-10.1,-9.2
c1(NC2CCOCC2)nccc(-c2cc(ncc2)NC2CCOCC2)c1,0.858422518,2.568967951,354.454,3.3254,-8.3,-7.5
c1cc(Nc2nccc(c2)C2C(=O)NC(C=2c2ccc(cc2)F)=O)cc(c1)C,0.681922253,2.320945622,373.387,3.83992,-9.8,-9.5
c1(-c2nnc(n2-c2ccc3c(c2)cccc3)SCC)cnc(N)cc1,0.560957535,2.247752817,347.447,4.1767,-8.4,-8.2
C1C(C1)C(Nc1cc(ccn1)C1=C(C(=O)NC1=O)c1cc(F)ccc1)=O,0.826296828,2.40238165,351.337,2.1364,-8.4,-8.5
C1(C(c2nc(ncc2)NC2CCC2)=C(C(N1)=O)c1ccc(Cl)cc1)=O,0.824547794,2.468859037,354.797,2.6616,-8.7,-8.2
C1CCC(C(=O)Nc2nccc(c2)C2C(NC(C=2c2ccccc2F)=O)=O)CO1,0.773527668,3.008137965,395.39,2.153,-9.4,-8.5
c1c(-c2n[nH]cc2C2C(=O)NC(=O)C=2c2ccc(F)cc2)cccc1,0.723883825,2.51802239,333.322,2.783,-8.5,-7.8
c1ccc(C2C(=O)NC(=O)C=2c2cc(NC3CCOCC3)ncc2)c(c1)F,0.81135624,2.570143713,367.38,2.3788,-9.1,-9
c1(NC2CCC(NC(=O)C)CC2)ncc2CCc3cc(ccc3-c2n1)Nc1ccccc1,0.5427354,2.467343248,427.552,4.845,-9.7,-9.2
C1(CCC(CC1)O)NC(c1ncc(cc1)NC1CCC(CC1)OC)=O,0.762075325,2.443158928,347.459,2.4844,-8.1,-7.8
c1(F)c(ccc(c1)C1=C(C(NC1=O)=O)c1c(C)cccc1)F,0.866776298,2.152657279,299.276,2.84042,-8,-8.1
O=C1NC(=O)C(=C1c1cccc(c1)C#N)c1cc(NC2CCOCC2)ncc1,0.794599401,2.69467934,374.4,2.11138,-9.6,-9.1
c1c(cc(Cl)cc1)C1C(=O)NC(=O)C=1c1ccnc(c1)NC1CCCC1,0.808919745,2.446929797,367.836,3.6567,-9,-8.8
c1c(ccc2c1OCO2)-n1c([nH]nc1-c1cc(ncc1)NC1CCOCC1)=O,0.711777212,2.68873229,381.392,1.9422,-9.3,-9
C(C1CC1)(=O)Nc1cc(ccn1)-c1ccnc(c1)Nc1ccc(cc1)F,0.718197326,2.126210413,348.381,4.3748,-8.7,-8.2
c1ccc2n(ccc2c1)C1C(=O)NC(C=1n1c(=O)n(c2c1cc(F)cc2)C)=O,0.543145728,2.889266746,376.347,1.916,-9.6,-8.9
c1nc(NC(=O)C)ccc1C1C(NC(C=1c1cc(NC2CC2)ncc1)=O)=O,0.695292106,2.638048027,363.377,1.5765,-8.4,-8.3
n1c(NC2CCCC2)cc(cc1-c1ccnc(c1)Nc1c(cccc1)F)C,0.612114639,2.296274745,362.452,5.68922,-9.1,-8.6
c1ccc(cc1-c1csc(n1)NC(=O)C1CC1)-c1nnc(o1)C,0.793146268,2.210374039,326.381,3.51702,-8.5,-7.7
C1(N2c3c(cc(cc3)-n3c([nH]nc3-c3ccccc3)=O)CC2CO1)=O,0.778234277,3.040257152,334.335,2.1089,-8.8,-8.8
c1cc(NC2CCCC2)nc2c1[nH]nc2N=C1SCc2cc(ccc21)OC,0.690264057,3.149491154,379.489,4.6461,-8.9,-8.2
c1cnc(cc1C1C(NC(=O)C=1Nc1ccc(OC)cc1)=O)NC1CCOCC1,0.645540334,2.587140746,394.431,2.1607,-8.4,-8.5
O1CCC(CC1)Nc1cc(ccn1)-c1cc(NC(=O)C2CC2)ncc1,0.87604076,2.383710667,338.411,3.083,-8.3,-8
c1ccc(Nc2nccc(C3C(=O)NC(C=3c3ccc(F)cc3)=O)c2)cc1,0.699326077,2.235791051,359.36,3.5315,-9.4,-9.1
Fc1cccc(C2=C(C(=O)NC2=O)c2cc(ncc2)NC2CCCCC2)c1,0.813387824,2.460624187,365.408,3.5325,-9.5,-9
Fc1cccc(c1F)C1=C(C(=O)NC1=O)c1cc(NC2CCOCC2)ncc1,0.790955113,2.705389275,385.37,2.5179,-9.3,-9.2
c1(cc2ccc(-c3c(c(n[nH]3)NC(=O)CCC)Cl)cc2cc1)C,0.713399496,2.39146285,327.815,4.93032,-8.2,-8.2
c1(c(F)c(F)cc(C2C(=O)NC(=O)C=2c2ccccc2Cl)c1)F,0.674719512,2.342106806,337.684,3.3245,-8.1,-8.3
c1(cc(ccc1NC1CCCC1)C1C(=O)NC(C=1c1ccc(cc1)F)=O)F,0.80537694,2.330390298,368.383,3.8865,-9.2,-8.8
C1(COc2ccc(cc2)F)=C(C(=O)NC1=O)Nc1cccc(F)c1,0.826162055,2.377398415,330.29,2.3662,-8.5,-8
c1c(ccc(c1)C1C(NC(C=1c1cc(ncc1)NC1CCOCC1)=O)=O)C,0.816294316,2.518153181,363.417,2.54812,-9.2,-8.5
C(NC1CCCCC1)(Cc1cc(Nc2cc(ccn2)C(NCC)=O)ncc1)=O,0.685207815,2.312925493,381.48,2.9613,-8.9,-7.9
c1nc(cc(c1)C1=C(c2cc(ncc2)NCC2CC2)C(=O)NC1=O)C,0.818895479,2.651753078,334.379,2.17412,-8.5,-7.8
c1c(cc(C2=C(C(NC2=O)=O)c2cc3c(cccc3Cl)cc2)cc1)OC,0.713566745,2.23562741,363.8,4.069,-9.5,-9
C1(c2ccnc(NC3CCOCC3)c2)=C(c2cc(F)ccc2)C(NC1=O)=O,0.81135624,2.588614128,367.38,2.3788,-9.2,-9
n1cc(Cl)c(nc1NC1CCOCC1)-c1cc(NC(=O)c2n(C)nc(C)c2)ncc1,0.643805413,2.747948988,427.896,3.07712,-9.2,-8.5
C1(NC(C(=C1c1cc(ncc1)NC1CCOCC1)c1cccc(c1)OC)=O)=O,0.774833116,2.557756263,379.416,2.2483,-9,-8.6
n1c(nc(Cl)cc1NC1CCOCC1)Nc1cc2cccc(O)c2cc1,0.593301046,2.506554591,370.84,4.3233,-9.3,-8.7
C1(c2cc(ncc2)NC(C2CC2)=O)C(NC(C=1c1cc(ccc1)F)=O)=O,0.826296828,2.40238165,351.337,2.1364,-8.7,-8.8
C1C(CCC(Nc2nccc3c2n(C(C)C)nc3)C1)C(NCCC#N)=O,0.777540306,2.793522629,354.458,3.01278,-7.9,-7.7
O=C1C(c2ccc(cc2)F)=C(C(N1)=O)c1ccnc(NC2CCCC2)c1,0.830425976,2.400630105,351.381,3.1424,-9.1,-8.2
c1c(cc2nc(n(C)c2c1)NC1CCCCCC1)NC(=O)CC,0.836815392,2.18455306,314.433,4.0565,-8.2,-7.6
C1(C(=C(C(N1)=O)c1ccnc(NC2CCC2)c1)c1ccc(Cl)cc1)=O,0.827499606,2.394331626,353.809,3.2666,-8.4,-8.4
c1c(ccc(c1)F)Nc1nccc(n1)C1C(NC(C=1c1ccc(cc1)F)=O)=O,0.681995073,2.350983122,378.338,3.0656,-9.7,-8.8
C1C(CCC(C1)Nc1nccc(-c2n[nH]c(=O)n2-c2cc3ccccc3cc2)c1)N,0.486933374,2.589914243,400.486,3.4576,-10,-9.3
C1C(Nc2nccc(-c3nc(n(c3)C)C(N)=O)c2)CCOC1,0.883656158,2.700549731,301.35,1.1719,-7.7,-7.5
C1CC1NC(=O)c1cc(OC)c(-c2cc3c(cc2)c(n[nH]3)NCC2CCOCC2)cc1,0.538305104,2.502342165,420.513,3.9692,-8.4,-8.4
n1c[nH]c2c1cc(cc2)-c1n[nH]c(n1-c1ccnc(NC2CCN(C)CC2)c1)=O,0.491988394,2.842842478,390.451,2.005,-8.8,-9.3
C1CC1C(Nc1cc(ncc1)-c1nc(nc(N)c1)C1CC1)=O,0.9025935,2.469566782,295.346,2.3467,-8.5,-7.9
c1c(cc(NC2CCOCC2)nc1)C1=C(c2ccc(cc2)Cl)C(=O)NC1=O,0.793382813,2.530676849,383.835,2.8931,-8.9,-9
N1CCOC=1c1c(OC)ccc(NC(=O)C2CC2)n1,0.883953674,2.656787405,261.281,1.2155,-6.8,-6.3
c1cc(C2C(=O)NC(C=2c2cc(ncc2)NC2CCCC2)=O)ccc1,0.843948257,2.337633323,333.391,3.0033,-8.7,-8.1
C1OCCC(N2c3nccc(c3CC2)C(N)=O)C1,0.835865846,2.624316609,247.298,0.722,-6.9,-7.3
c1(NCC2CCCC2)nccc(C2=C(c3ccc(cc3)F)C(=O)NC2=O)c1,0.797057382,2.443973299,365.408,3.39,-9,-8.3
n1cc(Br)ccc1Nc1nccc(C2C(=O)NC(C=2c2ccc(cc2)Cl)=O)c1,0.576048948,2.510951199,455.699,4.2033,-9.2,-8.8
c1c(ccc(c1)C1C(NC(C=1c1ccccc1)=O)=O)C1=C(CCCC1)C,0.827917812,2.388185182,343.426,4.6013,-8.8,-9
C1(C(=C(c2cc(OC)ccc2)C(=O)N1)c1cc(ncc1)NC1CCOCC1)=O,0.774833116,2.557756263,379.416,2.2483,-9.1,-8.7
c1(Cl)c(-c2ccnc(NC3CCN(CC3)C)c2)c(cc(C(=O)N)c1)F,0.876065871,2.460246841,362.836,3.1461,-8.5,-8
c1(n(C)c(nn1)-c1ccc(cc1)F)C1C2C=CC=CN2C=C1,0.853625691,3.839362643,294.333,2.9862,-8.5,-8.2
c1(=O)[nH]c(cnc1-c1ccc(Cl)cc1)C(NCCN1CCOCC1)=O,0.832842629,2.331630082,362.817,1.1523,-8.1,-7.3
O1C(=O)C(c2ccccc2)=CC1=Cc1cc(ncc1)NC1CCOCC1,0.854765446,2.802957162,348.402,3.6538,-8.9,-8.6
c1cc(cc(OC)c1)C1=C(C(NC1=O)=O)Nc1ccccc1,0.848141474,2.070046434,294.31,2.1748,-7.7,-8.2
c1cnc(c2c1[nH]nc2NC(=O)CCC)-c1ccc(cc1)F,0.774075026,2.33551017,298.321,3.5026,-7.5,-7.8
C1(C(c2cc(c(O)cc2)Cl)=C(C(=O)N1)c1cc(ncc1)NC1CCOCC1)=O,0.683118891,2.707921391,399.834,2.5987,-9.3,-9.1
C1(C(NC(C=1c1cc(ccc1)Cl)=O)=O)c1cccnc1,0.861026568,2.219670451,284.702,2.3022,-7.9,-7.7
c1c(Cl)cc(cc1-c1n[nH]c(=O)n1-c1ccc2c(c1)cccc2)Cl,0.566625765,2.237499025,356.212,4.6876,-8.7,-8.8
c1nccc(-c2ccnc(Nc3c(cccc3)F)c2)c1C1CCOCC1,0.726111851,2.435539579,349.409,4.9203,-9,-8.4
n1ccc(cc1NC1CCCC1)C1=C(c2ccc(cc2)Cl)C(=O)NC1=O,0.808919745,2.395863336,367.836,3.6567,-9,-8.9
C1(=O)C(=C(c2cc(ncc2)NC2CCCC2)C(=O)N1)c1ccc(cc1)F,0.830425976,2.400630105,351.381,3.1424,-8.9,-8.7
c1(F)cc(F)ccc1-c1cc([nH]c(=O)n1-c1cc2c(cccc2)cc1)=O,0.600251441,2.26488583,350.324,3.6242,-8.7,-8.9
C1(C(NC(c2ccccc2)=O)=C(C(N1)=O)c1ccc(cc1)F)=O,0.846059672,2.075297643,310.284,1.6232,-8.5,-8.6
C1CCC(Nc2nccc(C3C(NC(C=3c3cc(Br)ccc3)=O)=O)c2)C1,0.750652513,2.49503872,412.287,3.7658,-9.1,-8.5
C1(=O)C(C(=O)NC1=O)=C1C(Nc2ccc(cc2)Cl)=Nc2ccccc12,0.357418584,2.646452536,351.749,2.4748,-9.7,-9.1
c1(ccccc1)CN1CCC(CC1)n1c([nH]nc1-c1ccc(cc1)F)=O,0.784391042,2.132130906,352.413,3.2146,-9,-8.7
c1c(O)ccc(C2=C(c3ccc(C)c(c3)-n3c(=O)[nH]nc3-c3ccccc3)C(=O)NC2=O)c1,0.423776318,2.580640718,438.443,2.80882,-9.4,-9
COc1cccc(C2=C(c3cccc(F)c3)C(=O)NC2=O)c1,0.885129722,2.097864548,297.285,2.4015,-7.8,-8.1
N(C1CCCC1)C(c1noc(c1)-c1ccc2c(n1)[nH]nc2NC1CCOCC1)=O,0.606734853,2.821148642,396.451,2.8762,-9.4,-8.7
c1cc(ccc1-c1n[nH]c(n1-c1ccc(Cl)cc1Cl)=O)Cl,0.760294445,2.090460048,340.597,4.1878,-7.6,-7.7
c1c2cc(-c3nnc([nH]3)C)ccc2cc(n1)NC(C)C,0.764688532,2.844173285,267.336,3.14862,-7.8,-7.4
C1CN(CC1)Cc1ccc(C2C(SC(=N2)N)=Nc2ccc(O)cc2)cc1,0.862545864,3.231223654,366.49,3.8208,-8.3,-8.5
[nH]1cc(c2ccccc12)C1C(=O)NC(=O)C=1c1cc(F)c(F)cc1,0.711932283,2.310326017,324.286,3.0133,-8.4,-8.7
n1c(NC2CCN(C(=O)NC)CC2)ncc2c1n(c(n2C)=O)C(C)C,0.860704547,2.744616454,347.423,0.9266,-7.9,-7.7
c1c(cc(F)cc1)C1=C(C(NC1=O)=O)c1ccnc(c1)NC1CCOCC1,0.81135624,2.588614128,367.38,2.3788,-9.1,-9
c1nc(NC=C2C(=O)NC(=NCCC(=O)N)S2)cc(n1)-c1ccc(F)cc1,0.648766611,3.203190697,386.412,1.6304,-8.5,-8.2
n1cc(cc(C2=C(c3cc(CO)ccc3)C(=O)NC2=O)c1)F,0.836671739,2.480203754,298.273,1.2802,-8,-7.7
C1OCCC(C1)NC(=O)Cc1c(=O)n2c(nc1)cc(cc2)-c1ccccc1,0.771296294,2.421042612,363.417,2.1992,-8.8,-8.8
Fc1cc2c(cc1OC)cccc2C1=C(C(=O)NC1=O)c1ccccn1,0.739157058,2.437077722,348.333,2.9497,-8.9,-8.1
Fc1ccc(C2C(=O)NC(C=2c2cc3c(nccc3)cc2)=O)cc1,0.739145812,2.184572603,318.307,2.9411,-8.6,-8.7
O=C1C(=C(C(N1)=O)c1ccc(O)cc1)c1nc(NC2CCCC2)ncc1,0.729694029,2.532216566,350.378,2.1039,-9,-8.4
N1C(=O)C(c2cc(ncc2)NC2CCOCC2)=C(C1=O)c1ccc(cc1)Cl,0.793382813,2.530676849,383.835,2.8931,-8.8,-9.1
c1(cc(ccn1)NCCCC)C1=C(c2cc(c(cc2)Cl)Cl)C(NC1=O)=O,0.573906413,2.548790501,390.27,4.1676,-8,-7.6
C1(Nc2nccc(NC3CCOCC3)n2)C(=O)NC(C=1c1ccc(cc1)Cl)=O,0.661672416,2.702298143,399.838,2.2005,-9.2,-8.5
C(CO)Nc1cc(nc(C2C(NC(C=2c2ccc(cc2)F)=O)=O)c1)C,0.717125563,2.595903544,341.342,1.50052,-8.3,-8
c1cc(cc(n1)NC1CCCC1)C1=C(c2ccc(cc2)Cl)C(NC1=O)=O,0.808919745,2.395863336,367.836,3.6567,-8.8,-8.9
n1c(Nc2cccc(O)c2)nccc1-c1n(c2ccccc2n1)C(C)C,0.568448926,2.331242413,345.406,4.5234,-8.6,-8.3
c1c(cc(nc1)NC1CC(OC(C)C1O)C)C1C(=O)NC(C=1c1ccccc1)=O,0.68714076,3.747768417,393.443,1.9875,-9.4,-9.6
c1c(ccc(Br)c1)C1=C(C(NC1=O)=O)c1ccnc(NC2CCN(CC2)C)c1,0.714376926,2.550523506,441.329,2.9174,-9.1,-9.1
c1cc(ccc1C1C(NC(C=1c1ccc(cc1)F)=O)=O)F,0.861840499,1.960878592,285.249,2.532,-8.2,-7.6
c12cc(-c3ccc4c(cccc4)c3)cnc1[nH]cc2C(N)=O,0.592148241,2.136734415,287.322,3.482,-9.2,-9
c1c(cc(OC)cc1)C1=C(C(NC1=O)=O)c1ccc(cc1)F,0.885129722,2.030741968,297.285,2.4015,-8.1,-7.7
Fc1cc(Br)ccc1C1C(=O)NC(C=1c1ccnc(c1)NC1CCOCC1)=O,0.706070613,2.695783506,446.276,3.1413,-8.9,-9.3
C1(=O)C(=C(C(=O)N1)c1cc(NCc2ccccc2)ncc1)c1ccc(F)cc1,0.672726619,2.253998998,373.387,3.4,-8.8,-8.8
c1(NC2CCOCC2)cccc(C2C(=O)NC(=O)C=2c2ccc(Cl)c(Cl)c2)c1,0.733969362,2.48206466,417.292,4.1515,-9.5,-9.5
c1(ccc(cc1)F)C1=C(c2ccccc2)C(=O)NC1=O,0.849149505,1.914690694,267.259,2.3929,-8,-7.6
c1cc(NC2CCCC2)ccc1C1C(NC(=O)C=1c1cc(ccc1)Cl)=O,0.794636475,2.236370413,366.848,4.2617,-9.1,-8.2
Clc1c(Cl)ccc(c1)C1C(NC(C=1c1ccnc(NC2CCOCC2)c1)=O)=O,0.742939941,2.633025814,418.28,3.5465,-9.2,-9.2
c1c(cc(C2=C(C(NC2=O)=O)c2cc(ncc2)NC2CCOCC2)cc1)C,0.816294316,2.56692182,363.417,2.54812,-9.4,-9.1
C1(C(Nc2cc(-c3cnc(Nc4ccc(cc4)F)cc3)ccn2)=O)CC1,0.718197326,2.102105182,348.381,4.3748,-8.5,-8
C1C(Nc2nccc(-c3cc(n(n3)C)-c3ccnc(Nc4ccc(OC)cc4)c3)c2)CCOC1,0.409552977,2.641156477,456.55,4.8872,-9.3,-9
c1ccc(OC)cc1C1=C(c2cn(c3cc(F)ccc32)C)C(=O)NC1=O,0.739131264,2.385734021,350.349,2.8932,-8.4,-8.9
c1c(NC2=C(C(=O)NC2=O)c2cc(c(cc2)OC)OC)ccnc1NC1CCCC1,0.605625839,2.55729067,408.458,2.9329,-9.3,-7.9
C1CCCC1NC1=C(C(=O)NC1=O)c1c2ccccc2n(C)c1,0.853363117,2.527106906,309.369,2.078,-8.2,-7.5
C1(c2c(NC3CCOCC3)ncc(c2)C2CCCOC2)=C(C(NC1=O)=O)Cl,0.764472096,3.471956843,391.855,2.1728,-8.8,-9
O=C1NC(C(c2ccc(cc2)F)=C1c1ccc(cc1)F)=O,0.861840499,1.960878592,285.249,2.532,-8.1,-7.6
c1(C2C(NC(C=2c2ccnc(c2)NC2CCCCC2)=O)=O)ccc(Cl)cc1,0.783688512,2.402686909,381.863,4.0468,-9.2,-9.1
c1(NC2CCCC2)nccc(c1)-c1cc(ncc1)Nc1cc(ccc1)CO,0.592528644,2.304190385,360.461,4.734,-8.3,-7.6
c1c(cc(cc1)C1C(NC(C=1Nc1ccc(cc1)O)=O)=O)CN1CCOCC1,0.541208215,2.373616092,379.416,1.704,-8.8,-8.8
c1(C2C(NC(C=2c2ccccc2)=O)=O)c2cc(F)c(F)cc2[nH]c1,0.711932283,2.370491628,324.286,3.0133,-8.7,-8.5
c1(C2=C(C(=O)NC2=O)c2ccc(Cl)cc2)ccnc(c1)NC1CCCCC1,0.783688512,2.402686909,381.863,4.0468,-9.3,-9.1
C1(C(c2oc(NC3CCOCC3)nn2)=C(C(N1)=O)c1c(F)cc(cc1)F)=O,0.779183034,2.87577771,376.319,1.5059,-9.2,-8.3
c1c2ncc(cc2n(CCCO)c1)C1=C(Nc2ccc(Cl)cc2Cl)C(=O)NC1=O,0.521319652,2.777998317,431.279,3.2051,-8.7,-7.8
c1c(cc(nc1)NCC1CCOCC1)-c1n[nH]c(=O)n1-c1ccc2ccccc2c1,0.533610377,2.574691146,401.47,3.6143,-9,-9.2
C1(NC(C(=C1c1cc(ncc1)NCCO)c1cc(ccc1)F)=O)=O,0.717770142,2.483309275,327.315,1.1921,-8,-7.6
C1(O)C(NCc2cccc(OC)c2)CC(Nc2nc3c(ccc(C)c3)s2)CC1,0.584434343,3.313764114,397.544,4.09702,-8.1,-7.9
c1c(ccc(c1)C1C(NC(C=1c1ccc(cc1)F)=O)=O)F,0.861840499,1.960878592,285.249,2.532,-8.1,-7.6
c1n[nH]c(n1)-n1c2c(ccc(c2)Cl)c(c1)C1C(NC(=O)C=1c1cccc(c1)Cl)=O,0.491681651,2.829526089,424.247,3.6226,-9.6,-8.9
c1(cc(-c2nnc(o2)C2CC2)ccc1)CNC1=CCC(CC1),0.899470295,2.587667499,295.386,4.1615,-8,-7.4
c1c(N2CCOCC2)ncc(C2C(=O)NC(C=2c2ccc(Cl)c(Cl)c2)=O)c1,0.797205438,2.460096391,404.253,2.7922,-8.8,-8
c1cc(Cl)ccc1C1C(NC(C=1c1cc(NC2CCCCC2)ncc1)=O)=O,0.783688512,2.402686909,381.863,4.0468,-9.3,-9.1
c1c(cccc1C1C(NC(=O)C=1c1ccn(c1)C)=O)NC1CCOCC1,0.828484291,2.74571872,351.406,2.1832,-8.6,-8.4
c1nc(NC2CCC(O)CC2)cc(-c2nn(C)c(=O)c3ccccc32)c1,0.75912585,2.400875643,350.422,2.7109,-9.4,-9.1
c1cc(ccn1)C1=C(C(=O)NC1=O)c1ccc(OC)c(c1)-c1nnn[nH]1,0.669682683,2.757661489,348.322,0.8375,-8.9,-8.7
c1c(NC2=C(C(NC2=O)=O)c2cccc(Cl)c2)ccc(Cl)c1,0.845852495,2.151618891,333.174,3.473,-8,-7.9
c1c(C2C(=O)NC(=O)C=2c2cc(NC3CCCC3)ncc2)ccc(c1)F,0.830425976,2.400630105,351.381,3.1424,-8.9,-8.7
c1(cn(C)c2ccnc(c12)NC1CCOCC1)C1C(NC(C=1c1ccccc1F)=O)=O,0.634329285,2.839392381,420.444,2.8705,-9.3,-8.7
N1C(C(c2ccc(cc2)F)=C(C1=O)c1cc(NC2CCOCC2)ncc1)=O,0.81135624,2.535260281,367.38,2.3788,-9,-8.9
c1(ccccc1)CNc1cc(ccn1)-c1cc(ncc1)NC(=O)C1CC1,0.706247285,2.085057627,344.418,4.1042,-8.8,-8.4
C1(C(=O)Nc2n[nH]c3cc(ccc23)-c2oc(C)nn2)CCOCC1,0.764262609,2.567411046,327.344,2.28642,-8.8,-8.2
c1(NC2CCOCC2)cc(-c2cc3c(NC4CCOCC4)nncc3cc2)ccn1,0.66671988,2.76704634,405.502,3.8736,-9.4,-9.1
C(CC)Cn1c2c(c(ccc2)-c2ccccc2)nc1C(N)=O,0.78091678,2.13900028,293.37,3.6023,-7.6,-8.1
c1cc(ccc1N1CCOCC1)-c1ccnc(Nc2cc(ncc2)C)c1,0.772769641,2.217615503,346.434,4.03222,-8.8,-8.6
c1cc(NC2CCC2)ncc1C1=C(C(NC1=O)=O)c1cccc(F)c1,0.841806812,2.441428051,337.354,2.7523,-8.8,-7.9
Clc1c(ccc(c1)C1=C(C(=O)NC1=O)c1scc(n1)-c1ccccn1)OC,0.681902052,2.52516792,397.843,3.4343,-9.5,-7.6
N(CCCO)c1c2ccc(cc2ncc1C(N)=O)C=Cc1cc(F)ccc1,0.442031853,2.419021866,365.408,3.4375,-8,-7.5
c1(c(cccc1Cl)Cl)-c1n[nH]c(n1-c1cc2ccccc2cc1)=O,0.566625765,2.235823439,356.212,4.6876,-8.9,-8.3
c1c(C2=C(c3cccc(c3)Cl)C(=O)NC2=O)cc(nc1)NC1CCOCC1,0.793382813,2.579779216,383.835,2.8931,-9,-9
c1cc(Cl)c2c(ccc(COC3CCC(CC3)NC(=O)NC3CCCC3)c2)c1,0.689476586,2.29758353,400.95,5.5628,-9,-8.8
N1(CCCC1=O)c1cc(Nc2c(cccc2)Cl)ncc1,0.937884198,2.068491392,287.75,3.6054,-7.8,-7.6
O=C1C=C(C(N1)=O)c1cc(Nc2ccccc2)ncc1,0.830970155,2.379301737,265.272,1.865,-8,-8.1
c1c(ccc(c1)C1C(=O)NC(C=1c1cc(ncc1)NC(C1CC1)=O)=O)F,0.826296828,2.34537343,351.337,2.1364,-8.2,-8.6
c12ccc(cc2ccc(OC)c1)OC,0.72105374,1.398437509,188.226,2.857,-6.2,-6.2
c1(NC(=O)C2CC2)cc(C2=C(C(NC2=O)=O)c2ccc(F)cc2)ccn1,0.826296828,2.34537343,351.337,2.1364,-9.2,-8.2
n1c(ncc(C2C(NC(C=2c2ccc(cc2)F)=O)=O)c1OC)NC1CCC(CC1)N,0.642777898,2.735960549,411.437,1.8733,-8.6,-8.1
Fc1ccc(CC2C(=O)NC(=O)C=2c2ccnc(c2)NC2CCCC2)cc1,0.798361398,2.560277441,365.408,3.2279,-8.7,-8.6
c1ccc(I)c(Nc2cc(nc(n2)N(C)C)-c2ccnc(NC3CCOCC3)c2)c1,0.466259988,2.733624696,516.387,4.5437,-8.7,-8.3
c1ccc(cc1C1=C(c2ccncc2)C(=O)NC1=O)Cl,0.861026568,2.209983002,284.702,2.3022,-7.5,-7.4
c1cc(ccc1)C1=C(C(=O)NC1=O)c1cc(NC2CCOCC2)ncc1Cl,0.793382813,2.566385725,383.835,2.8931,-8.9,-8.8
c1cc(C2C(NC(=O)C=2Nc2ccc(cc2)F)=O)cc(c1)C(O)=O,0.747065776,2.192090439,326.283,2.0035,-8.4,-8.4
n1(C)c2ccc(-n3c([nH][nH]c3=O)=O)cc2c(c1)CCC,0.753695964,2.731516345,272.308,1.2981,-7.7,-7.8
c1nc(cc(C2=C(c3c(F)cccc3)C(=O)NC2=O)c1)NC1CCOCC1,0.81135624,2.570143713,367.38,2.3788,-9.1,-8.8
c1c(ccc(Cl)c1)C1C(NC(C=1c1cn(C)c2ccccc12)=O)=O,0.72915021,2.217076243,336.778,3.3989,-8.1,-8.5
c1c(ccc(-c2cc(ncc2)NC(C2CC2)=O)c1)C(N)=O,0.900461031,1.879451704,281.315,2.196,-7.8,-8.1
c1cc(cc(C2C(NC(=O)C=2c2cn(C)c3ccccc32)=O)c1)F,0.738264262,2.283533709,320.323,2.8846,-8.5,-8.3
C1CN(Cc2cc(ncc2)NC2COCC2)CCC1NC(CC)=O,0.831057014,2.825671479,332.448,1.773,-7.5,-7.5
c1c2n(cnc2c(NCCCOC)nc1)C1CCCCC1,0.827869513,2.439027243,288.395,3.3849,-6.9,-6.6
c1(-c2[nH]nc(c2)-c2ccc(Cl)cc2)cc(NC(C2CCCCC2)=O)ncc1,0.643765524,2.254532973,380.879,5.3109,-9.9,-8.5
CN(C)CCNc1ccc(C2=C(N3C(=O)CCCC3)C(=O)NC2=O)cc1,0.744582745,2.570758467,356.426,1.0401,-7.7,-7.3
c1(C2C(=O)NC(C=2c2cccc(F)c2)=O)cccnc1,0.844636013,2.23176033,268.247,1.7879,-8,-7.7
NC(c1c2c(ncc(-c3cc(CNC(C)C)ccc3)c2)[nH]n1)=O,0.672972723,2.434226164,309.373,2.2218,-8.2,-8.2
C1CC1C(=O)Nc1nccc(c1)C1=C(c2ccc(F)cc2)C(NC1=O)=O,0.826296828,2.34537343,351.337,2.1364,-8.8,-8.5
c1(nccc(-c2ncccc2)c1)NC1CCC(CC1)O,0.899248124,2.217852953,269.348,2.859,-7.6,-7.6
CC(Nc1c2-c3c(cnc(c3)NC3CCOCC3)C(=O)c2ccc1)=O,0.768058732,2.517891621,337.379,2.8423,-9,-8.7
CC(Cc1ccc(C2=C(c3cccc(Cl)c3)C(NC2=O)=O)cc1)C,0.852106151,2.151095491,339.822,4.1057,-8.7,-7.6
c12n(nc(-c3cc(ncc3)NC3CCOCC3)c2cc(c(F)c1)F)C,0.790017151,2.595518544,344.365,3.5044,-8.9,-8.5
c1cc(ccc1C1=C(C(NC1=O)=O)c1cc(ncc1)NC1CCOCC1)F,0.81135624,2.535260281,367.38,2.3788,-9.1,-8.9
c1(ccc(-c2c[nH]c3c2cc(nc3)NC(=O)CCCN(C)C)cc1)F,0.719946163,2.30774246,340.402,3.6493,-7.6,-7.5
c1c(-c2n[nH]c3ncc(cc23)-c2ccc(cc2)F)cccc1,0.592789341,2.025411405,289.313,4.431,-9,-8.3
c1c(C2=C(C(=O)NC2=O)c2ccc(cc2)Cl)ccnc1NC1CCOCC1,0.793382813,2.530676849,383.835,2.8931,-8.6,-9
C1(C(N(c2ccccc2)C(C1)=O)=O)N1CCN(CC1)c1cc(ccc1)F,0.794421004,2.487533176,353.397,2.2798,-8.7,-8.3
c1ccc(OC)cc1C1=C(c2c3ccccc3n(C)c2)C(NC1=O)=O,0.750397967,2.252396848,332.359,2.7541,-8.6,-8.4
c12c(cccc1)c(C1C(=O)NC(C=1c1cc(ncc1)NC1CCC1)=O)c[nH]2,0.62564162,2.538096968,358.401,3.0945,-8.6,-8.9
c1c(C2C(=O)NC(C=2c2ccnc(c2)NC2CCOCC2)=O)ccc(F)c1F,0.790955113,2.648808699,385.37,2.5179,-9.4,-9.2
n1c(ncc(c1)C1=C(C(=O)NC1=O)c1cccnc1)NC1CCCC1,0.827042436,2.603445335,335.367,1.7933,-8.4,-8.2
c1(F)cccc(Nc2nc(C3C(=O)NC(C=3c3ccc(cc3)F)=O)cs2)c1,0.673742996,2.392989299,383.379,3.7321,-9.3,-8.9
C(=O)(C)Nc1cc(ccn1)C1=C(C(=O)NC1=O)c1ccc(F)cc1,0.841608043,2.331560473,325.299,1.7463,-8.5,-8.3
c1c(C2=C(C(NC2=O)=O)c2cc(ncc2)NC2CCCCC2)cc(cc1)Cl,0.783688512,2.451789275,381.863,4.0468,-9.3,-9.1
Cn1cc(-c2nc3c(C(NC4CC4)=O)cnn3cc2)c([nH]c1=O)=O,0.684230496,2.72341076,326.316,-0.3245,-8.4,-7.9
COc1ccc(cc1)C1C(=O)NC(C=1c1cc(NC2CCN(CC2)C)ncc1)=O,0.759082424,2.486953893,392.459,2.1635,-9.2,-8.9
c1c(cc(NC2CCCC2)nc1)C1C(NC(=O)C=1c1cccc(c1)F)=O,0.830425976,2.456118105,351.381,3.1424,-9.2,-8.6
C1(NC(=O)C(=C1c1ccccc1F)c1ccnc(NC2CCOCC2)c1)=O,0.81135624,2.570143713,367.38,2.3788,-9,-8.9
c1ccccc1NC1=C(C(=O)NC1=O)c1ccc(C)c(c1)OC,0.851625303,2.154501903,308.337,2.48322,-7.9,-7.8
Clc1cnc2c(c1)cc(C1=C(C(=O)NC1=O)c1ccc(OC)cc1)cc2,0.722509004,2.295047993,364.788,3.464,-9.1,-9.3
O=C(NCCOC)c1ccc(-c2c(n[nH]c2C2CCCCC2)-c2ccnc(NC(C)=O)c2)cc1,0.427447179,2.558732584,461.566,4.521,-9.2,-9.1
O=C1NC(C(=C1c1cc(c(OC)cc1)OC)c1cc(ncc1)NC1CCC1)=O,0.750280436,2.449393718,379.416,2.6304,-9.2,-8.1
c1(ccnc(c1)C1C(NC(=O)C=1c1ccc(cc1)F)=O)NC1CCOCC1,0.81135624,2.609094009,367.38,2.3788,-8.9,-8.8
c1ccc(C(N)=O)c(c1)C1=C(C(=O)NC1=O)c1ccc(cc1)Cl,0.845401601,2.111954436,326.739,2.0061,-8.4,-7.6
c1(-c2cccc(n2)NC(=O)C2CC2)cc(ncc1)Nc1ccccc1,0.73426779,2.04900171,330.391,4.2357,-8.8,-8.1
O=C1NC(C(c2ccc(F)cc2)=C1c1ccnc(c1)NC1CCC1)=O,0.841806812,2.399366946,337.354,2.7523,-8.8,-8.3
c1c(C2=C(C(NC2=O)=O)c2ccc(cc2)OC)ccnc1NC1CCOCC1,0.774833116,2.510002416,379.416,2.2483,-9.3,-8.8
C1(NC(=O)C(c2ccc(F)cc2)=C1c1cc(NC2CCOCC2)ncc1)=O,0.81135624,2.535260281,367.38,2.3788,-9,-9
c1cc(cc(C2C(NC(C=2c2cccc(c2)C(O)=O)=O)=O)c1)F,0.850266785,2.157423908,311.268,2.0911,-8.7,-8.2
C1(Nc2c(C1=C1C(=O)NC(=S)N1)cc(cc2)Cl)=O,0.489596113,2.707062503,279.708,1.0075,-7.7,-7.4
C1C(C(Nc2nccc(c2)C2C(=O)NC(C=2c2ccc(cc2)F)=O)=O)C1,0.826296828,2.34537343,351.337,2.1364,-8.2,-8.7
C(C)CC(NC1CCN(CCC)CC1)=O,0.753119625,1.855385866,212.337,1.7771,-5.7,-5.4
c1cc(ccc1Cl)NC1C(=O)NC(C=1c1ccccc1F)=O,0.85596987,2.16109904,316.719,2.9587,-8.2,-7.9
N#Cc1cc2ccc(NC3=C(C(=O)NC3=O)c3cccc(c3)Br)cc2o1,0.646815045,2.797276059,408.211,3.54658,-9.1,-8.7
Fc1c(cc(cc1)C1=C(C(=O)NC1=O)c1ccnc(c1)NC1CCOCC1)F,0.790955113,2.648808699,385.37,2.5179,-9.4,-9.2
c1cccc(C2=C(c3cc(ncc3)N3CCOCC3)C(NC2=O)=O)c1,0.860613003,2.328282427,335.363,1.4854,-8.6,-8.5
n1ccc(-c2cc3c(NC(C)CC43CCCC4)nc2)cc1NC(=O)C1CC1,0.843049575,3.753755181,362.477,4.508,-9.1,-9
C1(C(=C(c2ccccc2)C(N1)=O)c1ccnc(Nc2ccccc2)c1)=O,0.713725077,2.168713902,341.37,3.3924,-9.3,-8.7
c12c(cccc2)cnc(NC(C2CC2)=O)c1,0.830872495,1.816375231,212.252,2.5833,-7.1,-7.1
c1(-c2n(c(=O)[nH]n2)-c2ccc3c(cccc3)c2)ccnc(n1)NC1CCOCC1,0.5578996,2.58965705,388.431,2.7617,-9.4,-9.6
C1OCCC(Nc2nc3c(cn2)CCc2c-3n(-c3ccc(cc3)F)nc2C#N)C1,0.739535717,2.863057863,390.422,3.02958,-9,-9.2
O=C1c2c(ccc(c2)F)NC1=C1SC(=Nc2cc(CO)ccc2)NC1=O,0.708322521,3.203969406,369.377,2.6885,-9.3,-8.7
c1cnc(NC2CC2)cc1C1=C(C(NC1=O)=O)c1ccccc1,0.849778607,2.321965647,305.337,2.2231,-8,-7.7
N(C1C(NC(C=1c1ccc(cc1)F)=O)=O)c1cc(F)ccc1,0.856067072,2.163560082,300.264,2.4444,-7.8,-8.2
C1(C(c2ccc(Cl)cc2)=C(c2cc(ncc2)NC2CCCC2)C(N1)=O)=O,0.808919745,2.395863336,367.836,3.6567,-8.7,-8.6
c1c(cnc(C2=C(C(NC2=O)=O)c2cc(F)ccc2)c1)C(N)=O,0.821595305,2.392959965,311.272,0.8868,-8.1,-8
O=C1C(Nc2cc(ncc2)NC2CCCC2)=C(c2cc(c(Cl)cc2)Cl)C(N1)=O,0.634890998,2.605428699,417.296,4.2225,-9.5,-8.3
N1C(=O)C(=CNc2cccc(c2)OC)SC1=Nc1cccc(c1Cl)F,0.780011225,2.986057737,377.828,4.2917,-8.1,-7.7
c1c(C2=C(c3ccnc(NC4CCCC4)c3)C(=O)NC2=O)ccc(c1)O,0.738417556,2.461663951,349.39,2.7089,-9,-8.5
C1(NC2=C(C(=O)NC2=O)c2cc(NC3CCC3)ncc2)CCCCC1,0.716755935,2.664489698,340.427,2.3358,-8,-8
n1(-c2ccc3c(cc(cc3)F)c2)cc(CO)nc1-c1ccnc(NC2CCOCC2)c1,0.505373927,2.73575121,418.472,4.3098,-9.4,-9.3
c1cccc2ccccc12,0.511431199,1,128.174,2.8398,-5.7,-5.9
c1(c(cc(-c2n[nH]c(=O)n2-c2cc3c(cc2)cccc3F)cn1)OC)N,0.590801976,2.537391236,351.341,2.5057,-8.8,-8.3
n1c(Nc2cccc(O)c2)nccc1-c1cc(ncc1)NC1CCC(O)CC1,0.537390445,2.478140753,377.448,3.7032,-9.1,-8.2
c12CCN(CC(=O)N)Cc2c([nH]n1)-c1cc(-c2ccccc2)ccc1,0.770959284,2.456871468,332.407,2.5871,-9.3,-9
c1(C(=O)N)cc(cc(c1)C1C(NC(=O)C=1c1ccc(F)cc1)=O)NC1CCCCC1,0.662506858,2.470404349,407.445,3.2364,-9.6,-9.2
O(C)CCNC(CCCNc1c2c(c(C)cc1)cc(cc2Cl)Cl)=O,0.678021215,2.295169888,369.292,4.40972,-7.3,-7.4
c1(NC2CCOCC2)nccc(C2=C(Nc3cc(F)ccc3)C(=O)NC2=O)c1,0.687508923,2.65941951,382.395,2.2912,-8.5,-9
c1c(C2=C(c3ccnc(NC4CCOCC4)c3)C(=O)NC2=O)ccnc1NC(C)C,0.631850074,2.857161331,407.474,2.455,-9.4,-8.6
N1C(=C(C(=O)NC1=O)c1ccc(c(c1)CO)Cl)c1ccccc1Cl,0.668077704,2.406048648,363.2,3.1963,-7.8,-7.6
n1cc(ccc1NC1CCC(NC(C)=O)CC1C(=O)NO)-c1ccccn1,0.471157558,3.531713522,369.425,1.7343,-8.8,-8.1
C1C(C1)CNC(=O)c1cc(NC2CCCC2)nc(-c2cccc(OC)c2)c1,0.769816996,2.194685725,365.477,4.2515,-8.7,-7.6
c1ccc(C2=C(c3ccnc(NC4CCOCC4)c3)C(NC2=O)=O)cc1,0.827718733,2.476063902,349.39,2.2397,-8.9,-8.6
Clc1cc(cc(c1O)Cl)C1C(NC(C=1c1ccnc(N2CCN(CC2)C)c1)=O)=O,0.723776036,2.675603383,433.295,2.413,-9.6,-8.6
c1(C2=C(c3cc(ncc3)NC3CCCC3)C(=O)NC2=O)ccccc1,0.843948257,2.337633323,333.391,3.0033,-8.7,-8.4
C(C1CC(CC1)Nc1nccc(c1)C1C(NC(C=1c1cc(F)ccc1)=O)=O)O,0.691924128,3.342237936,381.407,2.3608,-9.5,-8.1
c1ccc(C2=C(c3ccc(F)cc3)C(=O)NC2=O)c(Cl)c1,0.866674616,2.015106463,301.704,3.0463,-7.9,-7.7
c1cc(NC2=C(c3cc(ncc3)NC3CCCCC3)C(NC2=O)=O)cc(OC)c1,0.653423216,2.511095691,392.459,3.3144,-8.6,-8.6
c1ccc(F)c(c1)C1C(=O)NC(=O)C=1c1cc(NC2CCOCC2)ncc1,0.81135624,2.570143713,367.38,2.3788,-9.1,-8.8
c1cc(C2=C(C(NC2=O)=O)c2ccc3c(cn[nH]3)c2)ccc1C(N)=O,0.625084453,2.43793531,332.319,1.229,-9.4,-8.4
c1(-c2cc(NC3CCOCC3)ncc2)cc(NC(=O)c2cc(ccc2)F)ncc1,0.682943331,2.351442478,392.434,4.1259,-9.2,-8.7
c1cc(C2C(=O)NC3=C2c2cccc(Cl)c2NC3=O)ccc1Cl,0.70225059,2.999442134,345.185,3.9189,-9.4,-8.8
C1(CCCC1)Nc1cc(ccn1)-c1n[nH]c(=O)n1-c1c2ccccc2ccc1,0.565510953,2.404248879,371.444,4.1303,-9.1,-8.9
c1nccc(c1)C1C(=O)NC(C=1c1ccc(Cl)cc1)=O,0.861026568,2.142790289,284.702,2.3022,-7.5,-7.5
c1ccc(cc1C1=C(C(=O)NC1=O)c1ccnc(c1)NC1CCOCC1)Cl,0.793382813,2.579779216,383.835,2.8931,-9,-9.1
c1c(c(C2=C(c3cc4c([nH]cc4)cc3)C(NC2=O)=O)ccc1)OC,0.729508645,2.334943841,318.332,2.7437,-7.8,-8.4
C1(N(CCC1)c1cc(ccc1)Nc1nccc(c1)-c1ccc(F)cc1)=O,0.740108198,2.074663902,347.393,4.7581,-9.5,-9
O1COc2cc(ccc12)C1=C(C(=O)NC1=O)c1cc(ncc1)NC1CCOCC1,0.766473339,2.708686279,393.399,1.9684,-9.8,-9.4
N(C1C(NC(=O)C=1c1cc(ncc1)NC1CCCCC1)=O)c1cccc(F)c1,0.692347349,2.536169938,380.423,3.4449,-8.7,-9
NC(c1cc(-c2cc(ncc2)NC(=O)C2CC2)ncc1)=O,0.889249919,2.146302291,282.303,1.591,-7.9,-7.3
C1(NC(=O)C(c2ccc(F)cc2OC)=C1c1ccnc(C2CC2)c1)=O,0.870507047,2.52589739,338.338,2.6739,-8.4,-7.9
c1cccc(c1C(=O)O)C1C(=O)NC(C=1c1ccnc(c1)NC1CCOCC1)=O,0.664591433,2.582400603,393.399,1.9379,-8.9,-8.9
c1ccc(cc1C1C(=O)NC(=O)C=1c1ccnc(c1)NC1CCOCC1)F,0.81135624,2.588614128,367.38,2.3788,-9.1,-9
c1(C(=O)N)c2c([nH]n1)cc(C(NCCCOC)=O)cc2,0.664231741,2.169639422,276.296,0.4281,-6.9,-7
C1CC1C(Nc1cc(ccn1)C1C(=O)NC(C=1c1cccc(c1)Cl)=O)=O,0.813018404,2.392941607,367.792,2.6507,-8.5,-8.6
c1(C2=C(C(=O)NC2=O)c2cn(c3c2cccc3)C)ccc(cc1)F,0.738264262,2.222333709,320.323,2.8846,-8.6,-8.3
c1c(C(N)=O)cc(C2=C(C(NC2=O)=O)c2cc(ncc2)NC2CCOCC2)cc1,0.659982577,2.636238786,392.415,1.3386,-9.6,-9.4
c1c(c(cc(C2=C(c3ccc(Cl)cc3)C(NC2=O)=O)c1)OC)OC,0.866866848,2.063281943,343.766,2.9244,-7.8,-8.6
c1(C2C(NC(=O)C=2c2cc(ncc2)NC2CCCC2)=O)ccc(F)cc1,0.830425976,2.400630105,351.381,3.1424,-9,-8.8
O=C(C1CC1)NC1C(=O)NC(C=1c1ccnc(NC2CCOCC2)c1)=O,0.665536794,2.770726995,356.382,0.5662,-8.1,-8.1
n1c(cc(Nc2cc(-c3n(-c4ccccc4)c(=O)[nH]n3)ccc2)nc1)NC1CCOC1,0.444066325,3.064652259,415.457,2.962,-9.9,-9.4
c1cnc(NC2CCCC2)cc1-c1n[nH]c(n1-c1cc2ccccc2cc1)=O,0.565510953,2.416380112,371.444,4.1303,-8.9,-9.4
O=C1C(=C(C(N1)=O)c1cc(NC2CCCC2)ncc1)c1ccc(cc1)F,0.830425976,2.400630105,351.381,3.1424,-9.1,-8.7
c1(C2=C(C(NC2=O)=O)c2ccnc(NC3CCOCC3)c2)ccncc1,0.814437546,2.651842647,350.378,1.6347,-8.8,-8.4
N(C1CCCC1)c1nc(NC2CCOCC2)cc(-c2cnc(N)c(c2)OC)c1,0.700296582,2.656166832,383.496,3.6798,-8.9,-8.3
N1C(=O)C(c2cccnc2)=C(C1=O)c1ccnc(c1)NC1CCC1,0.84198184,2.537155881,320.352,2.0082,-8.3,-8
c1c2c(ccc1-c1ccnc(NC3CCOCC3)c1)cccc2,0.773713641,2.094579238,304.393,4.4927,-8.8,-9
c1(C2C(NC(C=2c2cccc(Cl)c2)=O)=O)cc(NC2CCCCC2)ncc1,0.783688512,2.451789275,381.863,4.0468,-9.5,-9.1
c1ccc(F)cc1C1C(=O)NC(C=1c1c2ccccc2n(CCOC)c1)=O,0.708288023,2.377812475,364.376,2.994,-8.4,-8.2
c1cc(ccc1C1C(NC(C=1c1cc(NC2CCCC2)ncc1)=O)=O)Cl,0.808919745,2.395863336,367.836,3.6567,-9,-8.9
c1cc(cc(Cl)c1-c1c2c(NC3CCOCC3)ncnc2[nH]n1)NC(=O)C,0.635454309,2.686895193,386.843,3.2226,-8.7,-8.1
N(c1nccc(C2=C(C(NC2=O)=O)c2ccc(cc2)OC)c1)Cc1ccccc1,0.636833798,2.24209624,385.423,3.2695,-9.6,-8.8
O=C1NC(C(c2ccc(c(F)c2)F)=C1c1cccc(F)c1)=O,0.867067392,2.212638363,303.239,2.6711,-8.4,-8
c1(CC(=O)O)cccc(c1)-c1nc(nc(N)c1)C1CCC(CC1)OC,0.867201632,2.479684389,341.411,3.0255,-8.5,-8.6
O=C1C(c2cccc(-c3cn(nc3)C)c2)=C(C(N1)=O)c1ccc(Cl)cc1,0.72600452,2.340639261,363.804,3.3077,-8.7,-9.3
C1CC1C(=O)Nc1cc(ccn1)-c1n[nH]c(=O)n1-c1cc2c(cc1)CCC2,0.746502718,2.508654364,361.405,2.4598,-9.1,-8.9
O=C1c2c(C(=O)N1)c(OC)c(cc2)OCCC,0.800317102,2.257050543,235.239,1.3676,-6.5,-6.5
c1(cc(Nc2cc(nc(c2)-c2ccccc2)C)ncc1)-c1cn[nH]c1-c1cc(N)ncc1,0.360180192,2.662336865,419.492,5.22992,-9.9,-9.8
C1(c2ccnc(NC3CCC3)c2)C(NC(=O)C=1c1ccc(cc1)F)=O,0.841806812,2.399366946,337.354,2.7523,-8.7,-8.4
C1COCCC1Nc1cc(ccn1)C1=C(C(NC1=O)=O)c1ccc(cc1)F,0.81135624,2.535260281,367.38,2.3788,-9.1,-8.8
c1(ccccc1OC)C1C(=O)NC(=O)C=1c1cc(NC2CCCC2)ncc1,0.798456144,2.407050222,363.417,3.0119,-8.9,-8.2
c1c(ccc(-c2nc3c(cccc3)c(n2-c2ccc3c(c2)cccc3)=O)c1)F,0.422342816,1.913709046,366.395,5.345,-9.1,-9.2
C1(N(c2cccc(C(N)=O)c2)C(C(=C1O)c1ccncc1)=O)=O,0.821754918,2.403171504,309.281,1.023,-8.6,-7.9
c1ccccc1C1C(NC(C=1c1cc(NC2CCCC2)ncc1)=O)=O,0.843948257,2.337633323,333.391,3.0033,-8.7,-8.7
C1CC(Nc2cc(C3C(=O)NC(C=3c3ccc(cc3)Br)=O)ccn2)CCO1,0.732489739,2.578291642,428.286,3.0022,-8.6,-9
c1(OC)ccc(cc1Cl)C1=C(C(=O)NC1=O)c1ccnc(NC2CCC2)c1,0.774370735,2.495913614,383.835,3.2752,-9.3,-8.6
O1CCC(CC1)NC(c1cc(ccn1)C1C(=O)NC(C=1c1c(cccc1F)F)=O)=O,0.745879053,2.685961273,413.38,1.8358,-9.7,-9.2
c1c2c(Nc3ccccc3F)ncnc2ncc1-c1cn(C2CCOCC2)nc1,0.564731693,2.699057766,390.422,4.1225,-9.5,-9.2
N(C1CCC(CC1)O)c1cc(ccn1)C1=C(C(=O)NC1=O)c1ccc(F)cc1,0.708150074,2.559435237,381.407,2.5033,-9.7,-9
c1cc(C2=C(c3ccnc(c3)NC3CCOC3)C(NC2=O)=O)ccc1F,0.821980809,2.998303022,353.353,1.9887,-8.7,-8.7
c1cc(OC)cc(C2N(N=C(C2)c2ccc(c(c2)Cl)OC)NC(C(C)C)=O)c1,0.787617945,3.082624225,401.894,4.1955,-8.5,-7.7
C1(=C(c2ccnc(NC3CCC3)c2)C(=O)NC1=O)c1ccc(cc1)F,0.841806812,2.399366946,337.354,2.7523,-8.7,-8.4
CCC(N)C(NC1CCN(c2ncc3c(n2)n(nc3-c2ccc(cc2)F)C)CC1)=O,0.665798791,2.966175656,411.485,1.9917,-8.9,-7.9
c1(C2=C(c3cn(C)c4ccccc43)C(NC2=O)=O)ccc(F)cc1,0.738264262,2.222333709,320.323,2.8846,-8.6,-8.4
c1cc(c(C(N)=O)cc1NC1CCN(CC1)Cc1ccc(cc1)F)Cl,0.854116598,1.949632168,361.848,3.6545,-8.6,-8.3
c1(nccc(C2C(NC(C=2c2cccc(c2)Cl)=O)=O)c1)NCC1CCOCC1,0.757454076,2.607116946,397.862,3.1407,-8.9,-8.7
c1c(C2C(=O)NC(C=2c2ccoc2)=O)cc(nc1)NC1CC1,0.840458597,2.783305775,295.298,1.8161,-7.8,-7.2
c1cc(cc(c1F)F)C1=C(C(=O)NC1=O)c1ccnc(NC2CCOCC2)c1,0.790955113,2.648808699,385.37,2.5179,-9.4,-9.2
O1CCC(CC1)Nc1cc(ccn1)-c1n[nH]c(n1-c1ccc2cc(F)ccc2c1)=O,0.542845109,2.63728697,405.433,3.5058,-9.3,-9.7
c12c(n(CC3OCCC3)nc1-c1cc(ncc1)Nc1ncccc1)cc(cc2)F,0.542263052,2.991504307,389.434,4.555,-9.5,-8.6
N(Cc1ccccc1)c1nc(cc(-c2cc(ncc2)NC2CCCOC2)n1)N,0.606883366,2.910709318,376.464,3.3238,-9.1,-8.8
c1ccncc1C1C(NC(C=1c1ccnc(NC2CCOCC2)c1)=O)=O,0.814437546,2.659108234,350.378,1.6347,-8.8,-8.5
c1ccc(-c2n[nH]c(=O)n2-c2cc3ccccc3cc2)cc1,0.614183861,1.953309156,287.322,3.3808,-8,-8.2
c1cc(CN2CCC3(CC2)C(=O)NCN3c2ccccc2)ccc1F,0.933974471,2.651434391,339.414,2.7542,-9,-8.4
n1c(cc(-c2cc(NC3CCOCC3)ncc2)cc1)NC(CCCOC)=O,0.694725604,2.434769584,370.453,3.0996,-7.7,-7.5
O=C1C(=C(C(N1)=O)c1ccc(OC)cc1)c1ccccc1OC,0.880044342,1.983478471,309.321,2.271,-7.4,-7.6
n1c(nc(NC2CCCC2)cc1NC1CC1)-c1c(C)nn(c1)C,0.887662166,2.608140472,312.421,3.11432,-7.8,-7.5
c12cc(cnc2[nH]nc1NC(CCC)=O)-c1ccc(cc1)F,0.774075026,2.228756324,298.321,3.5026,-8.2,-8
C1CC(CCC1C(Nc1cccc(c1)-c1n(-c2ccc3c(cccc3)c2)nnc1C(O)=O)=O)N,0.413554994,2.465064766,455.518,4.2417,-10.6,-9.1
c1(ccnc(Nc2cccc(C3C(NC(C=3c3ccc(Cl)cc3)=O)=O)c2)c1)C,0.650441475,2.316523506,389.842,4.35422,-9.9,-9.3
C1(OC(C)CN(Cc2nc(cs2)C(N)=O)C1)COC(=O)NC(C)C,0.786338434,3.436501394,356.448,0.9659,-7.7,-6.8
s1cc(cc1C1=C(c2ccnc(NC3CCOCC3)c2)C(=O)NC1=O)Cl,0.785666933,3.009668874,389.864,2.9546,-8.8,-9
C1CC(=C(CO1)c1cc(ncc1)NC1CCCC1)c1cccnc1,0.918219344,2.707794342,321.424,4.1622,-8.4,-8
c1c(-c2c3ccc(cn3nc2C)NC(C2CC2)=O)ccc(F)c1,0.799705813,2.240090306,309.344,3.79732,-8.1,-8.2
c1ccc(C2=C(c3ccc(F)cc3)C(=O)NC2=O)cc1,0.849149505,1.914690694,267.259,2.3929,-7.9,-7.6
c1cc(Nc2nc(ccn2)-c2ccnc(c2)Nc2ccccc2)cc(OC)c1,0.496344545,2.087333773,369.428,5.0344,-9.1,-8.6
c1c(ccc(Br)c1)C1C(=O)NC(C=1c1ccnc(NC2COCC2)c1)=O,0.752469255,3.043055637,414.259,2.6121,-8.4,-8.6
c1c(C2C(NC(C=2c2cccc(C(=O)O)c2)=O)=O)cc(N)nc1,0.724848461,2.40862559,309.281,0.9292,-8.5,-8.3
c1ccc(cc1)NC1=C(c2cn(C)c3c2cccc3)C(=O)NC1=O,0.730093526,2.275692336,317.348,2.6579,-8.1,-8.5
C12C(=C(C(=O)C1=C(c1c3c(n(C)c1)cccc3)C(=O)N2)O)c1ccccc1,0.741514977,3.158933528,356.381,2.9823,-10.1,-9.2
C1C(Nc2nccc(-c3ccnc(c3)Nc3cccc(F)c3)c2)C1,0.721109028,2.203957419,320.371,4.6006,-8.3,-8.2
c1cc(cc(OC)c1OC)C1C(=O)NC(C=1c1ccc(F)cc1)=O,0.876067301,2.068617879,327.311,2.4101,-8,-7.7
c1(cc(ccn1)NC1CCCC1)C1=C(c2cc(ccc2)Cl)C(NC1=O)=O,0.808919745,2.523716874,367.836,3.6567,-9.2,-8.7
c12cc(-c3ccc(cc3)F)nnc1n(nn2)CC(NC1CCC1)=O,0.788468733,2.41463548,326.335,1.6961,-8.4,-7.8
OC(C=Cc1ccc(F)cc1)=C1n2c(NC1=O)cc1ccccc12,0.596358051,2.814219426,320.323,3.0184,-8.6,-8.3
c1(N2CCOCC2)nccc(C2=C(c3ccc(F)cc3)C(NC2=O)=O)c1,0.849446593,2.391528566,353.353,1.6245,-8.9,-8.4
c1c(OC)cc(Nc2cc(nc(n2)C2CC2)-c2ccnc(NC(C)C)c2)cc1,0.606161718,2.471110622,375.476,4.9885,-8.9,-7.7
c1(C2C(NC(C=2Nc2ccccc2)=O)=O)cc(NCCN2CCOCC2)ncc1,0.610556346,2.525485374,393.447,1.3053,-8.3,-8
c1cc(-c2nccc(c2)C2C(NC(C=2c2ccc(Cl)cc2)=O)=O)cnc1,0.725921977,2.330251028,361.788,3.3642,-8.8,-9.2
N1C(=O)C(c2ccc(F)cc2)=C(C1=O)c1ccnc(NCCO)c1,0.717770142,2.422109275,327.315,1.1921,-7.9,-7.8
O=C1C(c2cn(c3ccc(cc23)F)C)=C(c2ccc(F)cc2)C(N1)=O,0.730443395,2.338533214,338.313,3.0237,-8.7,-8.4
c1c(NC2CCOCC2)nccc1C1=C(c2ccc(Cl)cc2)C(NC1=O)=O,0.793382813,2.530676849,383.835,2.8931,-8.9,-9
c1cc(Cl)ccc1-c1cc(ncc1)NC1CCC(O)CC1,0.896308694,2.080880695,302.805,4.1174,-8.1,-8.3
c1cnc(cc1C1=C(c2cc(Cl)ccc2)C(=O)NC1=O)NC1CCOCC1,0.793382813,2.579779216,383.835,2.8931,-9,-9
C1CC1C(=O)Nc1cc(C2=C(c3ccccc3)C(NC2=O)=O)ccn1,0.837779569,2.279880489,333.347,1.9973,-8.6,-8.3
Clc1ccccc1NC1C(NC(=O)C=1c1ccnc(NC2CCOCC2)c1)=O,0.670604368,2.647920365,398.85,2.8055,-8.4,-8.5
c1cc(cc(c1)C1C(NC(=O)C=1c1cc(Cl)ccc1)=O)N,0.660717789,2.213899683,298.729,2.4894,-7.9,-7.7
C1(=C(C(=O)NC1=O)c1cc(NC2CCOCC2)ncc1)c1ccnc(NC2CCOCC2)c1,0.57549403,2.942209959,449.511,2.2256,-10,-9
C1(=O)C(=C(C(N1)=O)c1cc2cc(Cl)ccc2[nH]1)c1ccc(cc1)Cl,0.680234755,2.383409275,357.196,4.0419,-8.8,-8.4
C1COCCC1Nc1nccc(c1)-c1ccnc(c1)Nc1cccc(Cl)c1,0.642013181,2.366501539,380.879,5.1315,-8.9,-8.5
c1(cccc(C2C(NC(C=2Nc2cncc(c2)CO)=O)=O)c1)OC,0.710893455,2.493930089,325.324,1.0621,-7.7,-7.5
c1cc(c(N)nc1)C1=C(c2cc(NC(C)C)ncc2)C(=O)NC1=O,0.734580949,2.667342104,323.356,1.4463,-8.4,-7.6
O1CCN(c2ccc(cc2)-c2c(-c3cc(ncc3)Nc3ccccc3)n[nH]c2O)CC1,0.448915328,2.523022934,413.481,4.4245,-9.4,-8.6
c1(-c2ccnc(c2)NC(=O)C2CC2)c(ncc(c1)C)OC,0.936759531,2.236982864,283.331,2.80912,-7.9,-7.2
c1(C)cc(ccc1)C1C(=O)NC(=O)C=1Nc1cccc(Cl)c1,0.856119704,2.193733531,312.756,3.12802,-8.2,-8.2
C1(Nc2cc(-c3cc(ncc3)NC(C3CC3)=O)ccn2)CCOCC1,0.87604076,2.383710667,338.411,3.083,-8.4,-8
c1c(c(C2C(NC(=O)C=2c2cccc(NC3CCOCC3)c2)=O)ccc1)F,0.816696224,2.415311761,366.392,2.9838,-8.7,-9
c1c(C2=C(c3cc(NC4CC4)ncc3)C(NC2=O)=O)ccc(c1)Cl,0.840206794,2.381303845,339.782,2.8765,-8.1,-7.9
C1CC1Nc1cc(ccn1)C1=C(C(=O)NC1=O)c1ccccc1,0.849778607,2.321965647,305.337,2.2231,-8,-7.7
c1cc(Nc2nccc(c2)-c2n(C)c(nn2)C2CCC(CC2)O)ccc1,0.751975869,2.417350745,349.438,3.6392,-8.7,-8.7
C(CC(Nc1n[nH]c2ncc(-c3ccccc3)cc21)=O)C,0.769418044,2.158598475,280.331,3.3635,-8,-7.6
c1(ccnc(c1)NC1CCC(O)CC1)C1=C(c2cc(ccc2)Cl)C(NC1=O)=O,0.689655399,2.602841199,397.862,3.0176,-9.3,-8.6
c1c(c2c(c(NC3CCCCC3)n1)cc(-c1cccc(c1)OC)s2)NC1CCC1,0.478244302,2.553029446,407.583,6.6809,-8.8,-8.5
c12c(C3C(NC(C=3c3ccc(cc3)Cl)=O)=O)cn(c1cccc2)C,0.72915021,2.217076243,336.778,3.3989,-8.1,-8.5
n1c(nc(cc1)NC(=O)C)C1CCCN(C1)C(=O)NCc1ccccc1,0.88411039,2.692631637,353.426,2.5242,-8.4,-8.1
c1(cc2cnc(NCC3CCOCC3)nc2nc1)-c1ccc(cc1)F,0.786398464,2.415040217,338.386,3.6694,-9.2,-8.6
c1c(nnn1C)-c1ccnc(n1)Nc1ccccc1N1CCN(C)CC1,0.768386348,2.476825441,350.43,1.7675,-8.4,-8
c1c(C2=C(c3ccccc3Cl)C(=O)NC2=O)cccc1,0.861575163,1.935858306,283.714,2.9072,-7.6,-7.5
c1cc(NC2CCCCC2)ncc1C1=C(C(=O)NC1=O)c1ccc(cc1)Cl,0.783688512,2.387619453,381.863,4.0468,-8.7,-8.2
c1cc(nc(c1C)C1C(NC(C=1c1c(F)cccc1)=O)=O)NC1CCOCC1,0.796309765,2.654137737,381.407,2.68722,-8.9,-9.2
c1c(cc(-c2cc(NC(=O)C3CCOCC3)ncc2)cc1)C(N)=O,0.900861385,2.147800028,325.368,2.2126,-8.8,-8.4
O=C1N=C(NC1=Cc1cc(ncc1)Nc1ccccc1)N,0.742272376,2.512381325,279.303,1.6106,-7.9,-7.9
n1(-c2ccc3cc(ccc3c2)Br)c(n[nH]c1=O)-c1cn(-c2ccccc2)nc1,0.461660816,2.432233999,432.281,4.329,-10.3,-8.6
c1c(O)c(Cl)cc(C2=C(C(NC2=O)=O)c2cc(NCCO)ncc2)c1,0.600581448,2.615001346,359.769,1.412,-8.4,-7.8
c1c(C2=C(C(NC2=O)=O)c2c[nH]c3ccc(F)cc23)ccc(c1)C(O)=O,0.632295243,2.324577645,350.305,2.5724,-8.8,-8.6
Oc1cc2c(cc1)N(CCC2)c1nc(cc(C(=O)N)n1)-c1ccncc1,0.753715516,2.524902105,347.378,2.4274,-9.2,-8.9
OC1=C(c2ccnc(c2)NC2CCCC2)C(c2ccc(Cl)cc2)=NC1=O,0.840023677,2.641023336,367.836,4.3881,-8.8,-8.3
c1c2c(NC3CCC(CC3)O)n[nH]c2ncc1-c1cc(NC2CCOCC2)ncc1,0.512781264,2.870580342,408.506,3.3262,-9,-8.7
c1c2c(ccc1)cc1c(n2)-c2c(ccc(n2)NC2CCCC2O)CC1,0.751268966,3.246087734,331.419,3.7207,-9.7,-9.3
c1cc(c(F)cc1C1C(NC(=O)C=1c1ccccc1F)=O)-c1nc(NC2CCOCC2)sc1,0.548821313,2.717813029,467.497,4.2464,-9.5,-9.1
c1(n(c([nH]n1)=O)-c1c2ccc(cc2ccc1)Cl)-c1ccnc(NC2CCC2)c1,0.540495015,2.504605835,391.862,4.3936,-9.3,-8.5
c1cc(C2=C(C(=O)NC2=O)Nc2ccc(cc2)F)ccn1,0.841077032,2.248931313,283.262,1.7003,-7.9,-7.3
c1(ccc(F)cc1F)Nc1nccc(C2C(NC(=O)C=2c2ccc(F)cc2)=O)c1,0.659419875,2.416593439,395.34,3.8097,-10.1,-9.1
c1(c(-c2nc(NC3CCCC3)ncc2)nn(C)c1OC)C(N)=O,0.861490665,2.685037524,316.365,1.3391,-7.8,-7.5
c1c(C2C(=O)NC(=O)C=2c2cc(ncc2)Nc2ccc(cc2)F)cccc1,0.699326077,2.228271524,359.36,3.5315,-9.6,-8.9
c1cc(OC)cc(C(=O)N2CCC(CC2)Nc2ccccc2)c1,0.94067847,1.716402919,310.397,3.4119,-7.9,-7.5
c1c(F)ccc(c1)C1C(=O)NC(=O)C=1c1ccc(cc1)F,0.861840499,1.960878592,285.249,2.532,-8.1,-7.6
c1nc(NC2CCC(NC(C)=O)CC2)c2c(n1)[nH]nc2-c1cccc(c1)F,0.657873953,2.618734838,368.416,3.0182,-8.3,-8.6
c1c(nccc1C1C(=O)NC(C=1c1cc(NC2COCC2)ncc1)=O)NC1CCOCC1,0.589151113,3.395511622,435.484,1.8355,-9.8,-8.6
n1[nH]c2c(cc(cn2)-c2cc(NC(CCC)=O)ncc2)c1NC1CCOCC1,0.605665597,2.699483342,380.452,3.3494,-8.8,-8.4
c1c(cc(nc1)NC1CCOCC1)C1=C(c2ccc(cc2)Cl)C(NC1=O)=O,0.793382813,2.530676849,383.835,2.8931,-8.9,-9.1
C1CC1Nc1cc(ccn1)C1=C(c2ccnc(NC3CCOCC3)c2)C(=O)NC1=O,0.632970381,2.82762894,405.458,2.209,-9.3,-8.7
c1(C2=C(c3ccc(cc3)C3CC3)C(NC2=O)=O)cn(c2ccccc12)C,0.739224241,2.323653398,342.398,3.6229,-8.5,-8.1
c1(nc(NC2CCOCC2)ncc1)-c1cn(C)c(n1-c1cccc2CCc12)=O,0.755365328,2.871356325,377.448,2.3225,-8.9,-8.8
c1c(cnc(c1)NC1CCCC1)C1C(=O)NC(C=1c1ccc(cc1)Cl)=O,0.808919745,2.380193182,367.836,3.6567,-8.5,-8.9
n1cn(C(C)C)c(c2[nH]c(-c3ccnc(NC(C4CC4)=O)c3)nc12)=O,0.757729139,2.741944863,338.371,2.111,-8.2,-8.5
C1CCC(c2cc(ncn2)Nc2nccc(c2)C2CCCC2)CC1,0.827295998,2.524123189,322.456,5.3205,-8.7,-8.6
n1[nH]c(NC(=O)CCC)nc1-c1ccnc(c1)NC1CCOCC1,0.749749183,2.689441156,330.392,2.1962,-8.3,-7.7
COC(=O)C=Cc1cc(ncc1)NC1CCN(C(=O)C=C)CC1,0.663123782,2.588274211,315.373,1.8567,-7.5,-7
C1C(CCC(C1)Nc1cc(C2C(NC(C=2c2ccc(cc2)F)=O)=O)ccn1)N,0.708259164,2.581625429,380.423,2.4697,-9.6,-8.6
c1(cc(NC2CCN(C(C)=O)CC2)ncc1)C1C(NC(C=1c1ccc(F)cc1)=O)=O,0.757286093,2.530064983,408.433,2.2107,-9.9,-8.9
C1(C(c2cccnc2)=C(c2nc(NC(C3CC3)=O)ccc2)C(=O)N1)=O,0.823025845,2.506241702,334.335,1.3923,-9,-8.4
C(c1c(ccnc1)C1=C(c2cc(C(=O)N)ccc2)C(=O)NC1=O)#N,0.802198998,2.570278499,318.292,0.61938,-8.8,-8.3
N1C(C(=C(c2cc(ncc2)NC2CCOCC2)C1=O)c1ccc(cc1)F)=O,0.81135624,2.535260281,367.38,2.3788,-9,-8.9
c1ccc2ncc(C3C(=O)NC(=O)C=3c3ccc(cc3)Cl)c(Cl)c2c1,0.692016902,2.330943544,369.207,4.1088,-9.4,-8.1
c1nc(ccc1C1C(NC(C=1c1ccc(cc1)F)=O)=O)NC1CCCCC1,0.813387824,2.392202885,365.408,3.5325,-8.6,-9.4
c1nc(NC2CCOCC2)cc(c1)C1=C(c2ccc(F)cc2)C(=O)NC1=O,0.81135624,2.535260281,367.38,2.3788,-9.2,-8.9
C1(=O)NC(=O)C(=C1Nc1cc(Cl)cc(Cl)c1)c1cc(NC2CCOCC2)ncc1,0.626018427,2.773524236,433.295,3.4589,-9.4,-8.6
C1(CCC(Nc2nccc(-c3n[nH]c(n3-c3ccc4c(c3)cccc4)=O)c2)CC1)O,0.486480278,2.56974134,401.47,3.4912,-9.8,-9.7
c1nc(cc(-c2ccnc(NC(C3CCOCC3)=O)c2)c1)NC(=O)C,0.891672658,2.335691621,340.383,2.4671,-8.4,-8.4
c1c(ccc(C2=C(c3ccnc(NC4CCCC4)c3)C(=O)NC2=O)c1)Cl,0.808919745,2.395863336,367.836,3.6567,-9,-8.9
c1(NC2CCCC2)nccc(C2C(=O)NC(=O)C=2c2cccc(OC)c2)c1,0.798456144,2.426596376,363.417,3.0119,-9,-8.4
C1CC1Nc1cc(-c2n[nH]c(=O)n2-c2ccc3ccccc3c2)ccn1,0.595743474,2.392409449,343.39,3.3501,-8.6,-8.4
c1c(nccc1C1=C(Nc2cccc(Cl)c2)C(NC1=O)=O)NC1CCCCC1,0.666136803,2.528776775,396.878,3.9592,-8.9,-8.5
N1C(C(c2ccc(OC)cc2)=C(C1=O)c1cc(ncc1)NC1CCCC1)=O,0.798456144,2.377005843,363.417,3.0119,-9.2,-8.7
c1c(C2C(=O)NC(=O)C=2c2c(F)c(F)ccc2)ccnc1NC1CCOCC1,0.790955113,2.705389275,385.37,2.5179,-9.4,-9.2
C1(=O)C(c2cccc(n2)C(=O)N)=C(c2ccccn2)C(=O)N1,0.781385265,2.56592038,294.27,0.1427,-8,-7.9
c1cccc(c1)C1C(NC(=O)C=1c1ccnc(c1)Nc1ccc(F)cc1)=O,0.699326077,2.228271524,359.36,3.5315,-9.6,-8.9
N1C(=O)C(=C(c2cccc(c2)Cl)C1=O)c1ccc(cc1)OC,0.886465322,2.024361571,313.74,2.9158,-7.7,-7.5
c1c(cc(cc1)NC1=CC(NC1=O)=O)-c1sc2c(n1)cccc2,0.727733449,2.468732655,321.361,2.9155,-8.8,-8.4
O=C1NC(=O)C(c2cc(ncc2)NC2CCCC2)=C1c1ccc(F)cc1,0.830425976,2.400630105,351.381,3.1424,-9.1,-8.7
NC1=NC(C(=C1c1ccc(F)cc1)c1ccnc(c1)NC1CCOCC1)=O,0.868202062,2.774220045,366.396,2.6198,-8.5,-8.6
C(=O)(N)c1n[nH]c2c1cc(F)c(-c1cccc(F)c1)c2,0.752942872,2.296638323,273.242,2.607,-8.3,-8.5
C1CCCC(Nc2c3c([nH]n2)ncc(c3)-c2cccnc2)C1,0.771229334,2.415096784,293.374,3.7645,-8.5,-8.3
C(C)CC(=O)Nc1c2nc(F)c(cc2[nH]n1)-c1cc(NC2CCOCC2)ncc1,0.549199364,2.943412174,398.442,3.4885,-9.1,-8.7
c1c(cc2cc(-c3cc(ncc3)Nc3cc(ccc3)F)cnc2c1)NC(C)=O,0.520605083,2.187913528,372.403,5.1379,-9.8,-9
c1c(c(c(Cl)cc1)CC1C(=O)NC(=O)C=1c1cc(ncc1)NC1CCOCC1)Cl,0.705873108,2.827122197,432.307,3.632,-9.2,-8.3
c1ccc(cc1-c1cc(nc(n1)NC(C1CC1)=O)C)C1CC1,0.935240769,2.120034027,293.37,3.67792,-7.9,-8
c1cc(cc(n1)NC1CCC(NC(=O)CC)CC1)-c1cc(Nc2ccc(F)cc2)ncc1,0.472721116,2.421583579,433.531,5.2756,-8.9,-8.4
O=C1C(=C(C(N1)=O)c1ccccc1)c1cc(ncc1)NC1CCCC1,0.843948257,2.337633323,333.391,3.0033,-8.7,-8.2
c12ccc(cc2cccn1)-n1c(-c2cc3c(NC(CCC3)=O)nc2)n[nH]c1=O,0.56218542,2.741903229,372.388,2.4456,-9.9,-9.1
O=C1NC(C(=C1Nc1cccc(c1)Cl)c1ccnc(NC2CCOCC2)c1)=O,0.670604368,2.652026348,398.85,2.8055,-8.5,-8.4
c1ccc(C2=C(C(=O)NC2=O)Nc2ccc(cc2)C(O)=O)c(F)c1,0.747065776,2.195066329,326.283,2.0035,-8.8,-7.9
C1(Nc2nccc(c2)-c2cnccc2)CCN(C(NC(C)C)=O)CC1,0.897684841,2.283857005,339.443,3.1379,-8.5,-7.9
N(C1CCOCC1)c1cc(ccn1)C1C(NC(C=1c1ccc(cc1)F)=O)=O,0.81135624,2.535260281,367.38,2.3788,-9,-9
c1cc(nc(n1)NC1CCC(NC(=O)NCC)CC1)Nc1ccc(cc1)F,0.623864533,2.303177441,372.448,3.4015,-8.6,-8.2
c1(C2=C(c3ccnc(c3)NC3CCC3)C(=O)NC2=O)cc(ccc1)Cl,0.827499606,2.448275071,353.809,3.2666,-8.8,-8.4
n1(C)c(-c2ccnc(NC3CCC(OC(NCCC)=O)CC3)c2)nc(n1)-c1ccccc1,0.572297034,2.601777127,434.544,4.4034,-9.1,-8.4
c1(ccnc(NC(=O)NCC(C)C)c1)C1C(NC(=O)C=1c1ccc(Cl)cc1)=O,0.673564984,2.439004586,398.85,3.0797,-8.7,-8.4
Clc1c(-c2nc(ncc2OC)Nc2ccc(cc2)N2CCCCC2)cccc1,0.615268338,2.141059515,394.906,5.5395,-8.9,-8.4
c1c2c(cc(-n3c(-c4cccnc4)n[nH]c3=O)c1)[nH]nc2C1CCCCC1,0.584305337,2.71856077,360.421,3.5466,-9.2,-8.9
c1(NC2CCCC2)cc(ccn1)C1C(NC(C=1c1ccc(F)cc1)=O)=O,0.830425976,2.400630105,351.381,3.1424,-9,-8.7
c1c(C2=C(c3ccnc(NC4CCOCC4)c3)C(NC2=O)=O)ccc(c1)Cl,0.793382813,2.530676849,383.835,2.8931,-8.9,-9
c12c(ccc(c2)Cl)[nH]c2ncc(-c3nc(ncc3)NC3CCOCC3)cc12,0.550808011,2.574205962,379.851,4.4174,-9.6,-9
C1(C(=O)NC(C=1c1ccc(N2CCOCC2)c(Cl)c1)=O)c1ccncc1,0.839185792,2.439325489,369.808,2.1388,-8.1,-8.5
O=C1NC(C(=C1c1cc(F)c(cc1)F)c1ccnc(c1)NC1CCC1)=O,0.827634657,2.522467635,355.344,2.8914,-9.1,-8.6
c1nc(NC2CCC2)cc(C2C(=O)NC(C=2c2ccc(cc2)F)=O)c1,0.841806812,2.399366946,337.354,2.7523,-8.7,-8.4
C1(NC(=O)C(=C1c1ccc(Cl)cc1)c1cc(NC2CCC2)ncc1)=O,0.827499606,2.394331626,353.809,3.2666,-8.5,-8.1
c1c2CC(NC(=O)C3CC3)C(=O)Nc2cc(c1)-c1cc(F)ccc1,0.911944299,2.671406011,324.355,2.8821,-8.5,-8.7
C(NC1CCC(CC1)Nc1nc2c(ccc(n2C(C)C)=O)cn1)Cc1ccccc1,0.623193105,2.492182786,405.546,3.9278,-9,-7.8
c1c(cc(cc1)C1=C(c2c(cccc2)Cl)C(=O)NC1=O)Cl,0.860728599,2.073962004,318.159,3.5606,-7.6,-7.8
C1CC(CCC1C)Nc1c2c(ncc1)n(C(C)C)c(cc2)=O,0.932578065,2.498322116,299.418,3.968,-7.7,-7.8
C1(C2=C(NC=1c1cccs1)c1c(cc(OCC)c(OC)c1)CC2)C#N,0.735969474,2.747466621,350.443,4.78778,-8.8,-8.5
O=C1NC(C(=C1c1ccc(F)cc1)c1cn(c2c1cccc2)C)=O,0.738264262,2.222333709,320.323,2.8846,-8.6,-8.4
c1(ccccc1)C(NC1CCC(Nc2nccc3c2cccc3)CC1)=O,0.737313582,1.962306812,345.446,4.3879,-9.3,-8.8
c1(Cl)ccc(cc1)-c1ccc2c(c1)C(=O)NCC2,0.834551738,1.942239095,257.72,3.2929,-7.9,-8.1
c1c(F)ccc2c1nc(-c1ccc(F)cc1)nc2NC(CCC)=O,0.776511662,2.046009048,327.334,4.3136,-8.6,-8.1
c1c(nccc1Nc1nccc(C2C(NC(C=2c2ccc(cc2)Cl)=O)=O)c1)N1CCCC1,0.576173933,2.588590527,445.91,4.041,-9.5,-8.9
c1cc(cc(c1OC)OC)C1C(=O)NC(C=1c1ccnc(NC2CCOCC2)c1)=O,0.706297347,2.582962405,409.442,2.2569,-9.3,-8.8
n1c(cc(-c2ccc(C(N)=O)cc2)nc1NC1CCOCC1)-c1occc1,0.720976996,2.379744268,364.405,3.0934,-9.2,-8.2
C1(C(c2cc(ncc2)NC2CCOCC2)=C(C(=O)N1)c1ccc(F)cc1)=O,0.81135624,2.535260281,367.38,2.3788,-9,-9
O=C1C(c2c(n(nc2)C)-c2ccc(cc2)F)=C(C(N1)=O)c1ccncc1,0.736301746,2.53520766,348.337,2.1884,-8.2,-8.1
c1(C2C(NC(C=2c2ccnc(NC3CCOCC3)c2)=O)=O)cccc(c1)C#N,0.794599401,2.69467934,374.4,2.11138,-9.7,-9.1
c1cc(cc2c1[nH]nc2-c1ccnc(NC2CCCOC2)c1)C(N)=O,0.677267218,2.981044929,337.383,2.3147,-9.2,-8.7
C1c2ccc(cc2C(=O)N1)NC1CCN(CC1)c1nccc(C#N)n1,0.88670228,2.724111721,334.383,1.67258,-8.7,-8.6
Fc1ccc(cc1)C1C(=O)NC(C=1c1sc(C)nc1-c1ccc(F)cc1)=O,0.697757729,2.428477379,382.391,3.96392,-8.8,-8.4
C1(Nc2cc(ccn2)-c2cnc(cc2)Nc2cc(ccc2)F)CCC1,0.689930838,2.199955135,334.398,4.9907,-8.8,-8.5
c1(cccc(c1)C1C(=O)NC(=O)C=1c1ccc(F)cc1)C(N)=O,0.841772581,2.132760446,310.284,1.4918,-8.9,-8.3
c12cccc(c1nc[nH]2)NC1CCC(NC(CCC)=O)CC1,0.793891474,2.368298357,300.406,3.2023,-7.6,-7.7
C1(c2c(c(O)ccc2)OC)C(=O)NC(C=1c1cc(C(=O)O)ccc1)=O,0.730408345,2.416526821,339.303,1.6662,-8.3,-7.8
Cc1c(cnc(NC2CCOC2)c1)C1C(=O)NC(=O)C=1c1cccc(c1)Cl,0.79342558,3.121196465,383.835,2.81142,-8.4,-8.2
c12c(n(cn2)C(C)C)ncnc1NC1CCN(C(=O)NC(C)C)CC1,0.888246898,2.563576731,345.451,2.4015,-8.2,-7.4
c1(cc2ccccc2cc1)C1C(NC(=O)C=1c1ccc(OC)c(c1)OC)=O,0.72514989,2.132971117,359.381,3.4242,-8.5,-8.5
c1cc(F)cc2c1C(NC2=O)=C1c2cc(C#N)ccc2NC1=O,0.732450593,2.592381193,305.268,2.26118,-9.7,-9.7
Clc1cc(C2=C(c3ccnc(c3)NC3CCOCC3)C(NC2=O)=O)ccc1,0.793382813,2.579779216,383.835,2.8931,-9.1,-9.1
c1(cccc(n1)NC1CCC(NC2Cc3c(C2)ccc(c3)F)CC1)C(=O)N,0.758153008,2.98735921,368.456,2.7997,-8.9,-8.6
O=C1C(c2ccc(N3CCOCC3)nc2)=C(C(=O)N1)c1ccc(cc1)Cl,0.839185792,2.351315643,369.808,2.1388,-8.5,-8.4
c1cc(cc(-c2nc(NC3CCC(O)CC3)ncc2)c1)CNC(=O)C,0.77832085,2.271291621,340.427,2.4951,-8.7,-8.4
C(C1CCOCC1)Nc1nccc(C2=C(c3cccc(Cl)c3)C(=O)NC2=O)c1,0.757454076,2.607116946,397.862,3.1407,-8.7,-8.6
c1cc(C2C(NC(=O)C=2c2cc(ncc2)NC2CCOCC2)=O)cc(C(O)=O)c1,0.664591433,2.605116636,393.399,1.9379,-9.3,-9
C1(C(Nc2cc(ccn2)C2C(=O)NC(=O)C=2c2ccccn2)=O)CC1,0.823025845,2.488978863,334.335,1.3923,-8.4,-7.9
c1ccc(cc1C1=C(C(NC1=O)=O)c1cc(ncc1)NC1CCC1)F,0.841806812,2.45798103,337.354,2.7523,-8.9,-7.9
C1(c2ccnc(NC3CCC(NO)CC3)c2)(C(NC(=O)NC1=O)=O)C,0.393406165,3.151118489,347.375,0.4072,-8.5,-8.6
c1cc(cnc1NC1CCC1)C1C(=O)NC(C=1c1cc(ccc1)C#N)=O,0.831053983,2.55769082,344.374,2.48488,-9.4,-8.2
C1(c2cccnc2)=C(c2cc(ncc2)NC2CCOCC2)C(=O)NC1=O,0.814437546,2.659108234,350.378,1.6347,-9.1,-8.5
c1(NC2CCOCC2)nccc(C2=C(C(=O)NC2=O)c2cc(F)c(cc2)F)c1,0.790955113,2.648808699,385.37,2.5179,-9.4,-9.2
N1C(C(=C(C1=O)c1ccc(Br)cc1)c1ccnc(NC2CCOCC2)c1)=O,0.732489739,2.578291642,428.286,3.0022,-8.9,-9.1
c1c(Cn2c(=O)[nH]c3ccc(cc23)C2CCOCC2)cccc1F,0.80161262,2.323085771,326.371,3.411,-8.6,-8.6
c1c(cc(C2=C(C(NC2=O)=O)c2ccccc2)cc1)C(N)=O,0.836828474,2.058930057,292.294,1.3527,-8.7,-8
OCC1NC(=O)NC(C=1c1cc(NC2CCOCC2)ncc1)=O,0.6394191,2.826735577,318.333,0.2084,-7.8,-7.7
C1(c2ccc(Cl)cc2)=C(C(NC1=O)=O)c1cccnc1,0.861026568,2.152477739,284.702,2.3022,-7.7,-7.7
O=C1C(c2ccc(Cl)cc2)=C(C(=O)N1)c1ccnc(C(=O)N)c1,0.831685868,2.349433283,327.727,1.4011,-8.8,-8.1
c12c(c(n[nH]2)NC2C(NC(C=2c2cc(OC)ccc2)=O)=O)ccc(c1)Br,0.572110169,2.631210155,413.231,2.8136,-8.4,-8.6
c1(NC2CCC2)nccc(c1)C1C(NC(C=1c1c(cccc1Cl)Cl)=O)=O,0.779352416,2.551762682,388.254,3.92,-8.5,-8.3
C1CC(Nc2nccc(C3C(=O)NC(=O)C=3c3ccc(cc3)F)c2)CCS1,0.794232676,2.681773891,383.448,3.0954,-9.1,-8.7
N(c1nccc(c1)C1=C(c2ccc(F)cc2)C(NC1=O)=O)C1CCCCC1,0.813387824,2.407270341,365.408,3.5325,-9.5,-9
N1C(C(=C(c2ccccc2F)C1=O)c1ccnc(NC2CCOCC2)c1)=O,0.81135624,2.570143713,367.38,2.3788,-9.1,-8.9
c1cc(Cl)c(c(Cl)c1)C1=C(C(NC1=O)=O)c1cc(Nc2cc(OC)ccc2)ccc1,0.528960168,2.326515119,439.298,5.3128,-9.4,-9.1
O=C1C(=C(C(=O)N1)c1cncc(c1)C1CC1)c1ccc(F)cc1,0.88690767,2.41377859,308.312,2.6653,-8.2,-8.1
n1ccccc1C1=C(C(=O)NC1=O)Nc1ccc(cc1)F,0.841077032,2.280849005,283.262,1.7003,-8,-7.4
c1ccc(C2=C(c3cccc(F)c3)C(NC2=O)=O)cc1Nc1ccccc1,0.689471303,2.139198151,358.372,4.1365,-9.2,-9.2
C1CC1C(=O)Nc1cc(-c2ccnc(NC(=O)C3CC3)c2)ccn1,0.886331622,2.175851356,322.368,2.8406,-8.4,-7.5
n1[nH]c2c(F)ccc(c2c1NC1COCCC1)-c1cc(ncc1)Nc1ccccc1,0.432351876,3.139719541,403.461,5.0985,-9.8,-9.1
C1(c2ccnc(NC3CCC(NC4CCCC4)CC3)c2)C(NC(=O)C=1c1ccc(cc1)F)=O,0.581173826,2.668273738,448.542,4.0432,-9.6,-9.3
c1(-c2n(-c3cc4c(cccc4)cc3)c(=O)[nH]n2)ccnc(NC2CCCC2)n1,0.572097563,2.464381224,372.432,3.5253,-8.8,-9.3
n1ccc(cc1NC1CCC(N2CCCC2)CC1)C1=C(C(NC1=O)=O)Cl,0.791962878,2.703321797,374.872,2.5068,-8.5,-8.4
c1(Cl)ccc(C2C(=O)NC(=O)C=2Nc2ccc(F)cc2)cc1,0.85596987,2.095611198,316.719,2.9587,-8.1,-8
c1c(cc(cc1)NC(=O)C1CC1)C1=C(c2cccc(C)c2)C(=O)NC1=O,0.83604645,2.175187129,346.386,2.91072,-9.1,-8.1
Fc1ccc(C2C(=O)NC(=O)C=2c2ccnc(NC3CCOCC3)c2)cc1,0.81135624,2.535260281,367.38,2.3788,-9,-9
c12ccccc1C1=C(C2=O)C(NC1=O)=Nc1cc(ccc1)F,0.581836656,2.927767313,292.269,1.86018,-9.2,-8.8
Oc1cc(cc(c1)OC)C1=C(C(NC1=O)=O)c1ccc(cc1)C,0.852951931,2.261938571,309.321,2.27642,-8,-8.2
c1(-n2c(ccc3c(NC4CCOCC4)nccc23)=O)c(cccc1)F,0.796534441,2.405513618,339.37,3.1157,-8.2,-8.5
c1c(cc(C2=C(C(=O)NC2=O)c2cccc(c2)NC2CCCC2)cc1)Cl,0.794636475,2.285904566,366.848,4.2617,-9,-8.9
N(C1C(=O)NC(=O)C=1c1ccc(-n2cc(I)cn2)cc1)C1CCOCC1,0.530979583,2.846179028,464.263,1.613,-8.4,-8.5
O=C1C(c2cn(c3c2cc(cc3)Cl)C)=C(C(N1)=O)c1cnccc1,0.731285251,2.465058822,337.766,2.7939,-8.7,-8.3
C1OCCC(Nc2n[nH]c3cc(ccc32)-c2ccncc2)C1,0.778311456,2.407338742,294.358,3.2158,-7.9,-8
C1(=O)NC(=O)C(=C1c1cc(ncc1)NC1CCCC1)c1cc(F)ccc1,0.830425976,2.456118105,351.381,3.1424,-9.2,-8.6
N(C(C1CC1)=O)c1cc(-c2scc(C(=O)OC)n2)c2ccccc2n1,0.726222691,2.265515592,353.403,3.4934,-8.3,-7.8
C(#N)c1c(c(C2C(NC(C=2c2cccc(C(N)=O)c2)=O)=O)ccc1)F,0.824543109,2.51868535,335.294,1.36348,-9.1,-9
c1ccc(cc1)Nc1nccc(-c2ccnc(c2)NC(NC2CCCC2)=O)c1,0.591060099,2.189611808,373.46,4.9513,-9.3,-8.7
c1(C2C(NC(=O)C=2c2ccnc(NCC3CCOCC3)c2)=O)ccc(cc1)F,0.778613019,2.564246861,381.407,2.6264,-8.7,-8.6
c1(=O)n(C)c2c(cc(F)c(F)c2)cc1C1=C(C(NC1=O)=O)c1cccc(NC2CCOCC2)c1,0.578697051,2.846688785,465.456,2.9748,-10.6,-9.1
n1c(NC2CCOCC2)cc(C2=C(c3c(F)cccc3F)C(NC2=O)=O)cc1,0.790955113,2.713129275,385.37,2.5179,-9,-9
C1(c2cc(ncc2)NC2CCCC2)=C(c2ccc(Cl)cc2)C(NC1=O)=O,0.808919745,2.395863336,367.836,3.6567,-8.7,-8.5
c1(Cl)cc2ncc(c(O)c2cc1)CN1CCN(CC1)C(=O)C,0.922212648,2.262937501,319.792,2.2579,-7.7,-7.5
OCC1OC(C(O)C1)CNc1cc(ccn1)C1=C(c2ccc(F)c(F)c2)C(=O)NC1=O,0.500659402,3.794849368,431.395,0.8496,-9.4,-9.1
c1(C2=C(c3ccccc3F)C(NC2=O)=O)ccnc(c1)NC1CCCCC1,0.813387824,2.442153772,365.408,3.5325,-9.3,-9
C1(C(C(OC1)C(=O)NC1CCCC1)O)Nc1nc2cc(F)cc(F)c2s1,0.75380306,3.844584904,383.42,2.1735,-8.8,-8.3
c1(C2C(NC(=O)C=2c2ccc(F)cc2)=O)cc(ncc1)NC1CCOCC1,0.81135624,2.535260281,367.38,2.3788,-9.1,-8.8
c1(cc2c(n(c3c2cc(C)cc3)C)cc1OC)NC(=O)C,0.779997249,2.05339561,282.343,3.60692,-8.2,-8.1
c1(cccc(C2C(NC(C=2Nc2ccc(F)cc2)=O)=O)c1)Cl,0.85596987,2.157385144,316.719,2.9587,-8.1,-7.6
c1cc(ncc1C1C(NC(=O)C=1c1ccc(cc1)F)=O)NCC1CCCN1,0.704835042,3.048063944,366.396,1.9518,-8.7,-8.3
c1nc(NC(C)C)nc(c1C1C(=O)NC(=O)C=1c1cccc(c1)Cl)C1CCOCC1,0.711468012,2.835573037,426.904,3.4115,-8.6,-7.4
c1nc(NC2CCC(CC2)N)cc(-c2c(cncc2)F)c1,0.910212683,2.431606042,286.354,2.9645,-7.9,-7.3
C1(C(=O)NC(C=1c1ccc(F)cc1)=O)c1ccc(OC)c(c1)OC,0.876067301,2.068617879,327.311,2.4101,-8,-7.8
c1c2c(nn(c2ncc1-c1cn(C)nc1)C)C(=O)NC1CCOCC1,0.775963765,2.621668544,340.387,1.2776,-8.2,-7.8
c1(n(C)c2c(cn1)ccc(-c1ccccc1)n2)=O,0.649981828,2.120343237,237.262,1.9955,-7.6,-7.9
c1(c(cc(OC)cc1)OC)C1=C(C(NC1=O)=O)c1cc(NC(=O)C)ncc1,0.778097637,2.414565346,367.361,1.6244,-9.2,-7.9
c1cc(OC)cc(c1)C1C(NC(C=1c1cn(c2c1ccc(OC)c2)C)=O)=O,0.724833369,2.360618472,362.385,2.7627,-8.4,-8.4
c12nc([nH]c1c(nc(n2)C(N)=O)NC1CCCCC1)-c1ccccc1,0.678437238,2.520510667,336.399,2.8634,-9,-8.1
C1(CC1)(C(=O)NCC)c1cc(NC(=O)C2CC2)ncc1,0.855645307,2.424282509,273.336,1.5978,-7.2,-6.8
C1CCC(C(=O)Nc2cc(ccn2)C2C(NC(C=2c2ccc(F)cc2)=O)=O)C1,0.799825333,2.372155622,379.391,2.9166,-9.3,-9.2
c1c(Cl)ccc(C2=C(C(NC2=O)=O)c2ccc(cc2)Cl)c1OC,0.863166663,2.127405879,348.185,3.5692,-7.8,-7.4
c1c(NC2CCN(CC2)C)cc(cn1)C1=C(C(NC1=O)=O)c1ccccc1,0.815578809,2.498910577,362.433,2.1549,-8.7,-8.9
c1(cc(NC2CCCC2)ncc1)C1=C(C(=O)NC1=O)c1cccc(c1)OC,0.798456144,2.426596376,363.417,3.0119,-9.1,-8.4
c1c([nH]nc1-c1ccnc(Nc2ccccc2)c1)-c1cc[nH]n1,0.537636558,2.743291612,302.341,3.6054,-8.5,-7.8
c1c(cc(NC2CCC(CC2)O)nc1)-c1cccc(c1)Nc1ccc(cc1)F,0.561190542,2.212593473,377.463,5.3467,-9.9,-9.3
C1CC(Nc2nccc(-c3n(c([nH]n3)=O)-c3cc4ccccc4cc3)c2)CCO1,0.560847365,2.543330396,387.443,3.3667,-9.6,-9.8
c1(cnc2[nH]nc(c2c1)NC(CC)=O)-c1cc(NC(=O)CC)ncc1,0.661867284,2.546672471,338.371,2.7169,-8.5,-8.3
c1(cc2c(CCN(C2)C2CCOCC2)nn1)NC(=O)Cc1cccc(Cl)c1,0.874670609,2.622314862,386.883,2.8483,-9.1,-8.2
N1CCCCC=1c1n[nH]c(n1-c1cc2ccccc2cc1)=O,0.788990258,2.574268683,292.342,2.6868,-8.3,-8.4
n1c(cc(c2cc(NC(=O)C3CC3)ncc21)-c1ccc(F)cc1)NC1CCCC1,0.633066816,2.399339097,390.462,5.1389,-9.3,-8.2
c1ccc(cc1C1C(NC(C=1c1cn(c2c1cccc2)C)=O)=O)Br,0.691170916,2.326460858,381.229,3.508,-8.6,-8.2
c1(sc(-c2ccnc(c2)NC2CCC2)nn1)NC(=O)C1CC1,0.886561488,2.333635445,315.402,2.913,-7.6,-7.2
C1(c2c(CC)c3c(OC)cc(cc3[nH]c2=O)OC)C(=O)NC(C=1C)=O,0.821559755,2.843057797,342.351,1.5376,-7.8,-7.9
C1C(CCN(c2ncc3c(n(C(C)C)c(c4c3cccc4)=O)n2)C1)OC,0.677877757,2.476804957,352.438,3.1408,-8.8,-8.8
c1(ccccc1)Nc1nccc(-c2cc(ncc2)Nc2ccccc2F)c1,0.476514629,2.073165577,356.404,5.7699,-9.4,-8.8
n1(c2CCCc2c(-c2ccnc(NC3CCOCC3)c2)n1)-c1ccc2c(c1)ccc(c2)Cl,0.43053118,2.655808706,444.966,5.8205,-10.3,-9.8
c1(C2=C(c3cc(NC(C4CC4)=O)ncc3)C(=O)NC2=O)sccc1,0.834733854,2.556624659,339.376,2.0588,-8.7,-7.8
c1cc(OC)c(c(OC)c1)C1=C(C(NC1=O)=O)c1cc(NC=O)ncc1,0.597608963,2.689712103,353.334,1.2343,-7.9,-6.9
c12ccc(=O)n(C3CCCC3)c2cc(-c2cc(ncc2)Nc2ccccc2)cc1,0.477035262,2.276381379,381.479,5.9222,-9.9,-9.9
C1(C(=C(c2cc(NC3CCCC3)ncc2)C(N1)=O)c1c(Cl)c(ccc1)Cl)=O,0.748155491,2.541089199,402.281,4.3101,-8.7,-9
Clc1ccc(c(c1)-c1n(c([nH]n1)=O)-c1ccc2c(c1)cccc2)Cl,0.566625765,2.175739159,356.212,4.6876,-8.9,-8.8
c1(-c2cc(NC(C3CC3)=O)ncc2)ncc(C(NC2CCOCC2)=O)cc1,0.847534686,2.306326554,366.421,2.4009,-8.9,-8.2
C(C)CC(=O)NC1CCC(CC1)Nc1ncc2c(n1)-c1ccc(Cl)cc1C2,0.686194148,2.482999926,384.911,4.3406,-8.5,-8.1
Fc1ccc(Nc2nccc(-c3ccc(C(N)=O)cc3)c2)cc1,0.771421973,1.835476836,307.328,3.7302,-8.4,-8.8
C1(C)C(C(Nc2nccc(c2)-c2ccc3c(c2)cccc3)=O)CCOC1,0.758836027,3.032207705,346.43,4.5129,-9.8,-9
c1(cc(C)cc2c1ccn2CCN1CCC(NC(=O)C=C)CC1)C,0.858150032,2.453161311,325.456,3.02474,-8.2,-8.1
c1cc(ccc1)C1=C(C(NC1=O)=O)C(Nc1ccc(cc1)F)=O,0.671152129,2.088057406,310.284,1.8744,-8.3,-8.1
n1ccc(cc1NC1CCOCC1)C1=C(C(=O)NC1=O)c1ccc(cc1)Cl,0.793382813,2.530676849,383.835,2.8931,-8.9,-9
S1CCCC1C(Nc1cc(C2C(=O)NC(=O)C=2c2cccc(c2)Cl)ccn1)=O,0.751604647,3.178166193,413.886,3.1363,-9.2,-9.1
c1(nccnc1)C1C(=O)NC(C=1c1cc(NC2COCC2)ncc1)=O,0.788604432,3.307313422,337.339,0.6396,-8.8,-7.9
c1cc(C2=C(C(NC2=O)=O)c2ccnc(c2)NC2CCC2)cc(c1)Cl,0.827499606,2.448275071,353.809,3.2666,-8.7,-8
c1(C2=C(C(NC2=O)=O)c2ccnc(NC3CCOCC3)c2)ccc(F)cc1,0.81135624,2.535260281,367.38,2.3788,-9,-8.9
c1(F)ccc(cc1)Nc1nccc(-c2ccnc(NC3CCC(O)CC3)c2)c1,0.598105325,2.355225744,378.451,4.7417,-9.5,-8.7
c1c(cc(NC2C(NC(C=2c2cc(ncc2)NC2CCC2)=O)=O)cc1)F,0.720843402,2.534977514,352.369,2.6647,-8.9,-8.3
c1(C(N)=O)cc2c(cc1)[nH]nc2C=C1C(NC(NC1=O)=O)=O,0.432031985,2.758671655,299.246,-0.5888,-8.8,-8.8
O=C1C(Nc2ccc(cc2)F)=C(Cl)C(=O)N1,0.767418512,2.349885189,240.621,1.3444,-6.7,-6.7
c1(ccccc1)C1=C(c2cc(NC3CCOCC3)ncc2)C(NC1=O)=O,0.827718733,2.476063902,349.39,2.2397,-8.8,-8.5
c1(ccnc(NC2CCCC2)c1)C1=C(C(=O)NC1=O)c1ccc(cc1)Cl,0.808919745,2.395863336,367.836,3.6567,-9,-8.9
Cc1c2cc(-n3c(n[nH]c3=O)-c3ccnc(NC4CCOCC4)c3)ccc2[nH]n1,0.492265115,2.873786188,391.435,2.39822,-9.5,-9.2
c1ccc(cc1Cl)C1=C(C(NC1=O)=O)Nc1cccc(c1)Cl,0.845852495,2.209908965,333.174,3.473,-8.1,-7.9
c1(C2=C(C(=O)NC2=O)c2ccc3c(ccc(Cl)c3)c2)ccncc1,0.730111329,2.277837486,334.762,3.4554,-8.7,-8.8
n1ncn(c1)CCCN1CCC(CC1)c1nc(no1)-c1ccc(cc1)Cl,0.660916994,2.517584335,372.86,3.2512,-8.4,-7.8
c1(c(c(ccc1)Cl)C1C(=O)NC(C=1c1ccnc(NC2CCOCC2)c1)=O)Cl,0.742939941,2.675540429,418.28,3.5465,-8.6,-9
c1c(n[nH]c1)C(=O)NC1CCCC1,0.713378929,2.605358373,179.223,1.0821,-5.9,-5.6
C1(N=C(c2c(nccc2)NC2CCc3c(cnc(N4CCOCC4)c3)C2)O)CCOCC1,0.548886662,3.524527323,437.544,2.7662,-9.4,-8.7
C1(=C(c2cc(ncc2)NC2CCOCC2)C(=O)NC1=O)c1cc(ccc1)Br,0.732489739,2.626037796,428.286,3.0022,-9.1,-9
c1c(ccc(c1)C1=C(C(=O)NC1=O)c1ccnc(NC2CCCCC2)c1)F,0.813387824,2.407270341,365.408,3.5325,-9.5,-9.1
c1cc2c(NC3CCN(CC3)C(NC(C)C)=O)nnc(c2cc1)Nc1ccc(cc1)Cl,0.520565447,2.36301468,438.963,5.0211,-9.6,-8.7
c1(ccc(C2C(=O)NC(=O)C=2c2ccnc(c2)NC2CCC2)cc1)Cl,0.827499606,2.394331626,353.809,3.2666,-8.5,-8.2
C1(CCCC1)NC(=O)c1cc(C2C3C2CN(CC3)C(=O)NC2CCC2)cnc1,0.840469534,3.523423943,382.508,3.0514,-9.4,-8.3
c1cc(ccc1C1C(NC(C=1c1cc2cc(Cl)ccc2[nH]1)=O)=O)F,0.70100851,2.388666741,340.741,3.5276,-8.4,-9
c1c2c(OCC(=O)N2)cc(Cl)c1C1C(=O)NC(C=1c1ccc(cc1)Cl)=O,0.774136424,2.57101263,389.194,2.8915,-8.9,-8.8
c1c(cccc1C)C1=C(c2cn(CCCC)c3c2ccc(c3)Cl)C(NC1=O)=O,0.622983962,2.43538807,392.886,4.97042,-8.7,-8
c12c(cc(-c3ccnc(c3)NC3CCC3)cc2)c(n[nH]1)NC1CCOCC1,0.633992631,2.599056346,363.465,4.1802,-9.2,-9.4
c1(c(Cl)cc(cc1)Cl)-n1c([nH]nc1-c1ccnc(NC2CCCC2)c1)=O,0.697260563,2.480564874,390.274,4.2839,-8.8,-8.6
C(=O)(c1c(ncc(C2=C(C(NC2=O)=O)c2cccc(F)c2)c1)O)N,0.712266565,2.713545391,327.271,0.5924,-8.4,-8.2
c1(NC)nc(C2C(=O)NC(=O)C=2c2ccccc2)ccn1,0.822055064,2.404599005,280.287,1.0855,-7.8,-7.5
O(c1cc2CCC(Nc2cc1OC)=O)C(C)CCC,0.887367064,2.750939823,263.337,3.1473,-6.4,-6.6
c1(cnc(NC2CCCCC2)c2c1cc(-c1ccccc1)s2)C(=O)N,0.708794357,2.439080109,351.475,4.8068,-8.7,-8.3
c1c(c(ccc1)OC)-c1cc2c(c(NC(C)C)n1)cccc2,0.754472552,1.963828852,292.382,4.7307,-7.8,-7.7
c1c(ccc(c1)C1C(NC(C=1c1cc(Cl)ccc1)=O)=O)F,0.866674616,2.053511939,301.704,3.0463,-8.2,-7.5
c1(F)ccc(C2=C(c3cc(ncc3)NC3CCCC3)C(NC2=O)=O)cc1F,0.811721282,2.519884803,369.371,3.2815,-9.3,-9.1
CCCC(=O)N1C(CCC1)c1[nH]nc(c1)-c1ccnc(c1)NC(C)C,0.838902285,3.099157991,341.459,3.7556,-7.9,-7.5
c1ccc(cn1)C1C(=O)NC(=O)C=1c1cn(C)c2ccccc21,0.737741706,2.363539773,303.321,2.1405,-8.5,-8.4
c1c(ccc2c1OC(C)CC2NC(=O)NC)-c1cccnc1,0.895609274,3.123113226,297.358,2.8897,-8.3,-8
c1cc(C#N)ccc1-c1c2c(ccc(c2)NC2CCOCC2)[nH]n1,0.772133049,2.368713194,318.38,3.69248,-9,-8.6
c1c(nccc1-c1cnc2[nH]nc(c2c1)NC1CCCCC1)NC1CCC1,0.611470648,2.620220193,362.481,4.7289,-9.2,-9.5
c1c(cc2OCOc2c1)Nc1nc(-c2cc(NC3CCCCC3)ncc2)cs1,0.602007428,2.40033172,394.5,5.422,-9.2,-8.5
c1c(nc(NC2CCOCC2)nc1-c1ccc(F)cc1)C1CCN(C(=O)C)CC1,0.852403821,2.472575361,398.482,3.5995,-10,-8.3
c1cc(F)ccc1C1C(NC(C=1c1ccc(F)cc1)=O)=O,0.861840499,1.960878592,285.249,2.532,-8.2,-7.6
c1cc(cc(c1C(N)=O)F)C1Nc2ccccc2C=1,0.725030374,2.008928431,254.264,3.0729,-8,-7.9
c1c(C#N)ncc(C2C(NC(C=2c2ccc(F)cc2)=O)=O)c1,0.853550597,2.451729809,293.257,1.65958,-8,-7.8
OC(CCCCNc1nccc(c1)-c1sc(n(-c2ccc3OCCOc3c2)c1)=O)=O,0.531255389,2.810416738,427.482,3.399,-8.2,-7.9
O=C1C(=C(C(N1)=O)c1cccc(C(N)=O)c1)c1ccc(cc1)Cl,0.845401601,2.127174388,326.739,2.0061,-8.9,-8.3
C1(=O)C(=C(c2ccccc2)C(N1)=O)c1ccnc(NC2CCCC2)c1,0.843948257,2.337633323,333.391,3.0033,-8.7,-8.7
c1(F)ccc(C2=C(c3cc(ncc3)NC3CCC3)C(NC2=O)=O)cc1,0.841806812,2.399366946,337.354,2.7523,-8.7,-8.4
c1c(c(NC2CCN(CC2)CCC(=O)N)ncc1)C1CCCCC=1,0.842181331,2.524359397,328.46,2.7907,-7.6,-7.7
C1CC1CN1CCC(CC1)NC(c1cc(-c2ccc(F)cc2)ncc1Cl)=O,0.837951647,2.169873814,387.886,4.1453,-8.6,-8.2
n1c(c2cc(ccc2[nH]1)-c1ccncc1)NC(=O)CCC,0.769418044,2.186186369,280.331,3.3635,-8.1,-7.8
n1ccc(NC2CCC2)cc1C1=C(c2cc(ncc2)Nc2ccccc2)C(=O)NC1=O,0.534837289,2.641231396,411.465,3.7518,-9.2,-8.7
n1ccc(cc1NC1CCC(NC(NC2CCOCC2)=O)CC1)-c1ccn(n1)C,0.720068621,2.643933519,398.511,2.6834,-9,-8.5
C1C(CNC(=O)C)CCC(C1)Nc1ncc2c(=O)c(cn(C(C)C)c2n1)C(=O)NCC,0.622398857,2.719065958,428.537,2.2289,-8.2,-8.2
O(C)c1cc(C2=C(C(NC2=O)=O)c2ccccc2)ccc1OC,0.880044342,1.993692672,309.321,2.271,-7.9,-7.8
c1(C2C(NC(=O)C=2c2ccnc(NC3CCC3)c2)=O)cccc(c1)Cl,0.827499606,2.448275071,353.809,3.2666,-8.7,-8.2
O=C1C(c2ccccc2F)=C(C(N1)=O)c1nc(cs1)C(C)(C)C,0.860697962,2.572150762,330.384,3.1469,-8.3,-7.4
C1C(C1)c1cc(NC2C(NC(=O)C=2c2ccc(c(Cl)c2)Cl)=O)ncc1,0.800190662,2.628568599,374.227,3.7454,-8,-7.8
N1C(C(=C(C1=O)c1cc(CN2CCCCC2)ccc1)c1ccc(cc1)O)=O,0.820764701,2.229760873,362.429,2.9453,-9,-9.6
c1c2[nH]nc(-c3cc(NC4CCCC4)ncc3)c2c(cc1)C,0.756932484,2.385775665,292.386,4.28782,-8.3,-8.6
c1c(ccc(Nc2ccc(cc2)F)c1)C1=C(c2cc3OCOc3cc2)C(NC1=O)=O,0.648318917,2.30776634,402.381,3.8652,-9.3,-8.7
O=C(C=Cc1cccc(OC)c1)Nc1n[nH]c2ncc(cc21)Cl,0.720257739,2.397047465,328.759,3.2718,-8.2,-7.8
c1nc2[nH]nc(NC3CCCC3)c2c(n1)NC1CCCC1,0.804775709,2.634083181,286.383,3.0619,-7.6,-7.4
C1(CCC(OC)CC1)NC(=O)CCC(Nc1nccc(-c2ccnc(c2)Nc2ccc(cc2)F)c1)C,0.338165424,3.070841393,491.611,5.6807,-8.8,-8
c1c(C2=C(C(=O)NC2=O)c2ccnc(NC3CCOCC3)c2)ccc(c1)OC,0.774833116,2.510002416,379.416,2.2483,-9.2,-9
c1ccc2c(n(-c3cc4c(cc3)cccc4)c([nH]c2c1)=O)=O,0.585308634,1.861014223,288.306,2.8322,-8.8,-9
C1OCCC(C1)Nc1nccc(-c2n[nH]c(n2-c2ccc3OCCOc3c2)=O)c1,0.696205872,2.70755544,395.419,1.9847,-9.5,-9.4
C1CCCC1Nc1cc(C2=C(c3ccc(Cl)cc3)C(NC2=O)=O)ccn1,0.808919745,2.395863336,367.836,3.6567,-9,-8.7
c1ccc(F)c(F)c1C1C(NC(=O)C=1c1ccnc(c1)NC(C)C)=O,0.837683902,2.612945551,343.333,2.7473,-8.3,-8.1
c1(ccc(F)cc1)C1=C(c2ccnc(NC3CCCC3)c2)C(=O)NC1=O,0.830425976,2.400630105,351.381,3.1424,-8.9,-8.7
c1c(NC2CCC2)nccc1C1C(NC(C=1c1ccc(cc1)Cl)=O)=O,0.827499606,2.394331626,353.809,3.2666,-8.5,-8.3
c1(nc(C)nc(C)c1)NC1CCC(NC(=O)NC2CCC2)CC1,0.797514844,2.353409359,317.437,2.66824,-7.8,-7.4
c1c(cc(N2CCOCC2)cc1C1=C(C(=O)NC1=O)c1ccccc1Cl)F,0.824010951,2.420931556,386.81,2.8829,-9,-9.2
C1(c2cc(NC3CCCCC3)ncc2)=C(c2ccnc(NC3CCOCC3)c2)C(NC1=O)=O,0.583176359,2.839290213,447.539,3.3793,-10.4,-9.1
n1c2[nH]nc(NC3CCOCC3)c2ccc1-c1ccccc1Cl,0.765812326,2.479587511,328.803,3.8692,-8.5,-8.3
O=C1C(=C(C(N1)=O)c1cc(NCCO)ncc1)c1ccc(C#N)cc1,0.700629948,2.549679622,334.335,0.92468,-8.2,-8
c1(cnc(cc1)NC1CCCC1)C1=C(c2cc(ccc2)F)C(NC1=O)=O,0.830425976,2.440447951,351.381,3.1424,-9,-8.4
C1CC1c1nccc(C2=C(c3ccnc(c3)Nc3ccccc3C)C(NC2=O)=O)c1,0.637687576,2.62936634,396.45,3.97322,-10.2,-9.2
C(c1cc(ncc1)NC1CCCC1)(=O)Nc1cncc(C2CC2)c1,0.874131287,2.285012804,322.412,3.9608,-8.4,-7.8
c1c(Nc2nccc(c2)C2C(NC(=O)C=2c2cc(ccc2)F)=O)cccc1,0.699326077,2.289144897,359.36,3.5315,-9.5,-9.2
c1(-n2c(-c3ccnc(n3)NC3CCOCC3)n[nH]c2=O)cc(ccc1)F,0.739061767,2.618273012,356.361,1.7476,-9.1,-8.4
c1cnn(c1)Cc1cc(C2=C(c3ccc(F)cc3)C(NC2=O)=O)ccc1,0.738164521,2.314628874,347.349,2.6377,-8.6,-8.3
c1(nccc(C2C(NC(=O)C=2c2ccccc2F)=O)c1)NC1CCOCC1,0.81135624,2.570143713,367.38,2.3788,-9,-8.9
c1cnc(cn1)C1=C(c2ccc(F)cc2)C(NC1=O)=O,0.83095818,2.384774905,269.235,1.1829,-7.7,-7.3
CCC(=O)Nc1cc(-c2cccnc2)nc(n1)N(C)C1CCOCC1,0.899910644,2.589287775,341.415,2.5023,-8,-7.8
c1(cc(ncc1)NC1CCN(CC1)C(=O)NC(C)C)-c1ccncc1,0.897684841,2.289970467,339.443,3.1379,-9.1,-7.4
c1c2c(c(n[nH]2)NC(CCC)=O)cc(c1)Cl,0.862393524,2.099914629,237.69,2.9549,-6.8,-6.5
C1C(CCOC1)Nc1scc(-c2cc(ncc2)NC(C)c2ncccc2)n1,0.660790992,3.01271884,381.505,4.3641,-8.3,-8.1
C(=O)(O)c1c2ccc(F)cc2n(C)c1CCC,0.888207708,2.241976615,235.258,2.9681,-6.5,-6.8
C1CCC1(NC(=O)NC1CCCC1)Cc1cc(NC(C)=O)ncc1,0.776071303,2.517997962,330.432,2.747,-7.6,-7.5
c1c(ccnc1)C1C(=O)NC(=O)C=1c1ccnc(NC2CCCC2)c1,0.838947428,2.520635852,334.379,2.3983,-8.9,-8.1
c1(C2C(=O)NC(C=2c2ccnc(c2)NCCO)=O)ccc(O)cc1,0.603983766,2.489426017,325.324,0.7586,-8.1,-7.6
c1(O)c(cc(C2C(=O)NC(=O)C=2c2ccnc(NC3CCOCC3)c2)cc1)Cl,0.683118891,2.707921391,399.834,2.5987,-9.4,-9.2
c1(C2C(=O)NC(=O)C=2c2ccnc(NC3CCOCC3)c2)cccc(Cl)c1,0.793382813,2.579779216,383.835,2.8931,-9.1,-9
S1CC(Nc2c1cc(cc2)-c1c2c(NC(=O)CC2)ncc1)=O,0.849203144,2.789792588,311.366,2.6775,-9.3,-9.4
c1c(cco1)C1C(NC(C=1c1ccnc(NC2CCOCC2)c1)=O)=O,0.825686915,2.872096758,339.351,1.8327,-8.5,-8.2
c1c(C2C(=O)NC(=O)C=2c2cccc(c2)OC)ccnc1NC1CCOCC1,0.774833116,2.557756263,379.416,2.2483,-9,-8.7
c1(F)ccc(C2=C(C(NC2=O)=O)c2ccc(C)cc2)cc1,0.860255563,1.972040231,281.286,2.70132,-8.3,-7.7
c1c(ccc(c1)C1C(NC(C=1c1cc(NC2CCCCC2)ncc1)=O)=O)Cl,0.783688512,2.402686909,381.863,4.0468,-9.3,-9.1
C(C)COc1cc(C2C(=O)NC(=O)C=2c2cc(ncc2)NC2CCC2)ccc1,0.72309179,2.490424275,377.444,3.402,-8.7,-7.8
c1ncc(-c2ccnc(NC3C4CCC(C4)C3)c2)cc1NC(=O)C1CC1,0.853831537,4.04909583,348.45,4.0926,-9,-7.9
c1cc(cc(c1)C1C(NC(C=1c1cc(NC2CCOCC2)ncc1)=O)=O)Cl,0.793382813,2.579779216,383.835,2.8931,-8.9,-9
c1(ccc(cc1)C1=C(c2ccnc(NC3CCOCC3)c2)C(NC1=O)=O)Cl,0.793382813,2.530676849,383.835,2.8931,-8.9,-9
c1c(Br)ccc(c1)C1=C(C(NC1=O)=O)c1ccnc(NC2CCOCC2)c1,0.732489739,2.578291642,428.286,3.0022,-8.9,-9.1
O=C1NC(C(c2ccc(-c3ccc(cc3)F)cc2)=C1c1ccc(Cl)cc1Cl)=O,0.588593946,2.135888752,412.247,5.3667,-8.8,-8.1
c1cc(C(N)=O)ccc1-c1c(cc(cc1)OC)C1C(NC(=O)C=1c1ccncc1)=O,0.640258567,2.336878558,399.406,2.4233,-9.1,-8.6
N1C(C(=C(c2ccc(c(OC)c2)OC)C1=O)c1ccnc(NC2CCOCC2)c1)=O,0.706297347,2.582962405,409.442,2.2569,-9.3,-8.7
c1c(OC)cc(C2=C(C(=O)NC2=O)c2cccc(c2)F)cc1,0.885129722,2.097864548,297.285,2.4015,-8,-8
n1ccc(C2C(NC(C=2c2cc(ncc2)NC2CCC2)=O)=O)cc1NCCO,0.537623803,2.746590237,379.42,1.4124,-8.8,-8.1
NC(=O)c1cc(ccc1)CC1C(=O)NC(=O)C=1c1cc(F)ccc1,0.836826546,2.380040611,324.311,1.5773,-8.4,-8.9
c1cc(Nc2cc(-c3ccnc(c3)NC(=O)CCC)ccn2)ccc1F,0.672207445,2.132476259,350.397,4.7649,-8.4,-7.7
c1c(CC)nn(c1-c1ccnc(Nc2ccccc2)c1)C(C)C,0.733714633,2.35627264,306.413,4.832,-8,-7.6
c1(cc(cc(OC)c1)OC)C1C(NC(=O)C=1c1ccnc(c1)OCCCN(C)C)=O,0.498545971,2.617417439,411.458,1.9965,-8.1,-6.8
C1CN(CCC1Nc1nccc(c1)-c1n[nH]c(=O)n1-c1ccc2c(c1)OCCO2)C,0.680471301,2.683990991,408.462,1.8999,-9.6,-8.5
O=C1Nc2c(ccc(c2)Cl)C1=C1c2ccccc2NC1=O,0.733751766,2.247802851,296.713,3.155,-9.2,-9.6
c1cc(-n2c(=O)[nH]nc2-c2ccnc(c2)Nc2ccc(F)cc2)cc2c1cccc2,0.462556728,2.328382424,397.413,4.6585,-9.4,-9.5
c1ccc(cc1)C(=O)Nc1cc(-c2ccnc(NC3CCOCC3)c2)ccn1,0.70624546,2.248422929,374.444,3.9868,-9.1,-8.7
c1cc(C2C(NC(C=2c2ccc(c(c2)Cl)Cl)=O)=O)cc(n1)NC1CCOCC1,0.742939941,2.633025814,418.28,3.5465,-9.2,-9.3
C1COCCC1Nc1nccc(-c2n[nH]c(n2-c2cc3c(nc2)cccc3)=O)c1,0.5578996,2.676736478,388.431,2.7617,-9.2,-9.4
c1c(-c2ccc(cc2)F)nnc2[nH]nc(NC(CCC)=O)c12,0.775561944,2.408738742,299.309,2.8976,-8.2,-7.9
N(C1CCCC1)c1c2cc(-c3ccncc3)ccc2[nH]n1,0.761611177,2.243375489,278.359,3.9794,-8.5,-8.5
c1(ccnc(NC2=C(c3cccc(c3)C(O)=O)C(=O)NC2=O)c1)NC1CCCC1,0.557794142,2.620927943,392.415,2.6139,-9,-9.1
c1c(-c2c(cc(-c3cnc(Nc4ccc(F)cc4)cc3)cc2)F)cc(nc1)Nc1ccccc1,0.279997943,2.244799246,450.492,7.576,-10,-9.3
C1C(CCOC1)C(Nc1nccc(-c2ccnc(c2)Nc2ccccc2)c1)=O,0.698081086,2.255207545,374.444,4.2523,-9.3,-8.5
O=C1C(=C(C(N1c1cc(C)ncc1)=O)c1cc(ncc1)NC1CCOCC1)c1ccccc1,0.606780629,2.705687199,440.503,3.86012,-9.4,-9
C1(Nc2ccc3c(C(=O)NC)c([nH]c3c2)-c2ccccc2)CCCCC1,0.625998694,2.230562485,347.462,4.9391,-8.7,-8.5
C1(=O)C(=C(c2cccc(OC)c2)C(=O)N1)N1CCN(CC1)c1ccc(F)cc1,0.821505332,2.275504275,381.407,2.024,-8.4,-8.5
c1c(C(N)=O)cc(cc1)C1C(NC(=O)C=1c1cccc(OC)c1)=O,0.830382419,2.165280565,322.32,1.3613,-8.5,-8.2
c1ccc(-c2ccc3[nH]nc(NC(=O)C4CCOCC4)c3c2)c(c1)F,0.763868786,2.278904766,339.37,3.7341,-9.5,-8.8
c1(C)cc(C2C(NC(C=2c2ccnc(c2)N2CCOCC2)=O)=O)c(F)cc1,0.839749087,2.527888599,367.38,1.93292,-9.3,-8.9
c1(nccnc1C1CCOCC1)NC1CCOCC1,0.903129908,2.668236798,263.341,1.9615,-6.7,-6.9
c1c(ccc(F)c1)-c1c(nc2[nH]nc(NC3CCCCC3)c2c1)OC,0.732993611,2.467064513,340.402,4.5172,-8.8,-8.5
C1c2ccc(cc2CC1)Nc1nccc(c1)-c1ccc(cc1)F,0.726151587,1.979061266,304.368,5.12,-9.2,-8.7
Fc1ccc(C2C(NC(=O)C=2Nc2cc(ccc2)OC)=O)cc1,0.850310058,2.12962356,312.3,2.3139,-7.7,-8
n1ccc(cc1NC1CCC(NC2CCC(O)CC2)CC1)-c1ccncc1,0.751575696,2.50218,366.509,3.7598,-8.7,-8
O=C1C(=C(c2cccc(C)c2)C(=O)N1)c1ccnc(c1)NC1CCOCC1,0.816294316,2.56692182,363.417,2.54812,-9.2,-9
c1cc(cc(NC(C)C)n1)C1C(NC(C=1c1cccnc1)=O)=O,0.842365947,2.57050001,308.341,1.8641,-8.4,-7.6
N1C(C(=C(c2cccc(Cl)c2)C1=O)c1ccnc(NC2CCOCC2)c1)=O,0.793382813,2.579779216,383.835,2.8931,-9,-9
c1(Cl)cc(ncc1C1C(=O)NC(C=1c1cccc(F)c1)=O)NC1CCOCC1,0.769628572,2.701406775,401.825,3.0322,-9.4,-8.6
C1CC1C(Nc1cc(ccn1)C1=C(C(NC1=O)=O)c1cc(ccc1)OC)=O,0.792205771,2.373417055,363.373,2.0059,-8.4,-8.4
c1nc(NC2CCOCC2)cc(-c2[nH]c(c(n2)-c2ccc3ccccc3c2)O)c1,0.477835187,2.667572256,386.455,4.5884,-9.8,-9.2
c1cnc(cc1-c1ccccc1)NC1C(NC(C=1c1ccc(F)cc1)=O)=O,0.700930994,2.303706435,359.36,3.3673,-9.3,-9.1
c1c(C2=C(C(NC2=O)=O)c2ccc(Cl)cc2)ccnc1NC1CC1,0.840206794,2.381303845,339.782,2.8765,-8.1,-7.9
n1c(NC(CCC)=O)cc(-c2nc([nH]c2-c2cc(O)ccc2)C2CCCC2)cc1,0.536641575,2.510891295,390.487,5.2405,-9.3,-8.3
C1CC(CCN1C(C)C)Nc1c2cc(-c3cc(OC)c(c(c3)OC)OC)cnc2ncc1,0.580084845,2.545186425,436.556,4.6073,-8.6,-7.6
C(=O)(C)NC1CCN(CC1)c1ncc2c(n(C)c(=O)n2C)n1,0.828357273,2.478289309,304.354,-0.2281,-7.8,-7.5
C1N(CCCC1)c1cc(ncc1)NC1CCC(N2CCCC2)CC1,0.908402545,2.279144342,328.504,3.8908,-8.3,-8.3
c1c(cccc1)C1=C(C(NC1=O)=O)c1cn(c2c1cccc2)C,0.74005506,2.152761451,302.333,2.7455,-8.1,-8.7
O=C1NC(=O)C(=C1c1ccnc(c1)NC1CCN(CC1)C)c1ccc(c(F)c1)F,0.774256783,2.62172252,398.413,2.4331,-9.3,-9.3
C1CC(CCC1C(Nc1ccc2c(CCC(N2)=O)c1)=O)NC1CCCCC1,0.751440233,2.329927909,369.509,3.9909,-8.9,-8.4
c1cc(Cl)cc(C2C(=O)NC(=O)C=2c2ccnc(NC3CCCC3)c2)c1F,0.785263788,2.547667021,385.826,3.7958,-9.2,-9
c1nc(ccc1C1C(NC(=O)C=1c1cc(NC2COCC2)ncc1)=O)NC1CCC1,0.632970381,3.281003098,405.458,2.209,-9.2,-8.6
c1(C2C(NC(C=2c2ccc(cc2)F)=O)=O)ccnc(NC2CCCCC2)c1,0.813387824,2.407270341,365.408,3.5325,-9.5,-9
C1(=C(c2ccnc(c2)NC2CCOCC2)C(=O)NC1=O)c1ccc(F)cc1,0.81135624,2.535260281,367.38,2.3788,-9,-8.9
c1ccc(cc1C(=O)N)-n1c2c(c(n1)C1CCCC1)cc(cc2)Cl,0.766605477,2.266860898,339.826,4.4354,-8.9,-8.6
c1c(cccc1C1C(=O)NC(=O)C=1c1cccnc1)C1CCCC1,0.883380334,2.356799178,318.376,3.3064,-9.2,-8.8
C1CCN(c2c(OC)cc3c(=O)cc(oc3c2C)-c2ccc(cc2)Cl)C1,0.648944195,2.370313065,369.848,5.03062,-8.8,-8.1
c1ccc(cc1Cl)C1C(=O)NC(=O)C=1c1cc(NC2CCOCC2)ncc1,0.793382813,2.579779216,383.835,2.8931,-9,-9.1
c1(C2=C(c3ccnc(NC4CCCC4)c3)C(=O)NC2=O)ccc(cc1)F,0.830425976,2.400630105,351.381,3.1424,-8.9,-8.7
c1c2c(cc(C3=C(c4ccnc(c4)NC4CCOCC4)C(NC3=O)=O)c1)cn[nH]2,0.589955182,2.823677772,389.415,2.116,-9.6,-9.3
c1c(ccc(Nc2nccc(-c3ccncc3)c2)c1)C1=C(C(NC1=O)=O)C,0.700793865,2.401195784,356.385,3.3171,-9.4,-9.4
CC(C)(C)C1C(=O)NC(=O)C=1c1ccc(-n2cnc3ccccc32)cc1,0.723347071,2.554617266,345.402,3.4816,-9.7,-9.3
c1ccc(cc1F)C1=C(c2ccnc(c2)NC2CCOCC2)C(NC1=O)=O,0.81135624,2.588614128,367.38,2.3788,-9.1,-9.1
C1COCCC1NC1CCN(c2ncc3ccc(nc3n2)-c2ccccc2)C1,0.756251199,2.971897978,375.476,3.0391,-9.5,-9.1
c1cc2c(cc1)NC1=C2C(NC1=O)=Cc1ccc(c(OC)c1)O,0.680739234,2.551109004,306.321,3.1236,-8.9,-8.2
O=C1C(c2cc(OC)ccc2)=C(C(=O)N1)c1ccc(cn1)Cl,0.882773492,2.296058841,314.728,2.3108,-7.5,-7.5
N(C1=C(C(=O)NC1=O)c1ccnc(c1)NC1CCCC1)c1ccc(cc1)Cl,0.688426007,2.478159098,382.851,3.5691,-8.4,-8.5
c1cccc(c1)SC1C(OC(C=1c1ccnc(NC2CCCC2)c1)=O)=O,0.636617466,2.675408437,366.442,4.0229,-8.2,-8.2
C1C(CCC1NC1CCC1)Nc1nc2c(cn1)ccn2-c1ccccc1Cl,0.680366946,3.318793561,381.911,4.549,-8.8,-8.5
c1c(cnc(n1)NC1CCCC1)C1C(NC(C=1c1cc(C(N)=O)c(Cl)cc1)=O)=O,0.646714208,2.652266798,411.849,2.1506,-8.9,-8.1
N1c2ccccc2C(Nc2nccc(c2)-c2c(Cl)c(ncc2)NC2CCOCC2)C1=O,0.546774912,3.295315819,435.915,4.4932,-9.6,-9.2
c1(NC2C(=O)NCCC2)nccc(c1)-c1n(-c2ccc3c(cccc3)c2)c(=O)[nH]n1,0.488136569,3.077777803,400.442,2.4663,-9.7,-9.7
c1c(cc(NC2CCOCC2)nc1-c1ccc2ccc(cc2c1)Cl)C(=O)N,0.707973076,2.394508802,381.863,4.245,-9.9,-9
n1ccc(cc1NC1CCOC1)-c1cc(ncc1)NC1CCOCC1,0.872179971,3.034827538,340.427,2.9353,-7.8,-7.4
c1cnc(c2c1ncn2C(C)C)NC1CCC(NC(NC(C)C)=O)CC1,0.764322767,2.694423589,358.49,3.4429,-7.9,-7.4
C1(=C(C(=O)NC1=O)c1ccnc(NC(C)C)c1)c1ccc(cc1)F,0.847843609,2.42057471,325.343,2.6082,-8.2,-7.8
C1C(C1)C(=O)Nc1cc(-c2ccnc(NC(C3CC3)=O)c2)ccn1,0.886331622,2.175851356,322.368,2.8406,-8.4,-7.6
c1c(ccc2c(NC(CCC)=O)n[nH]c21)-c1c(-c2ccncc2)onc1CO,0.473294082,2.764487887,377.404,3.5108,-8.6,-8.3
c1(cc2c(n[nH]c2cc1)NC(CC)=O)-c1ccnc(C(=O)NCC)c1,0.666266355,2.377154595,337.383,2.7231,-8.7,-8.4
Cc1ccc(cc1)C1=C(C(NC1=O)=O)c1ccc(-n2cncc2)cc1,0.751610921,2.29394739,329.359,2.74792,-9.2,-8.9
C1CCC(CC1)Nc1nccc(-c2n[nH]c(C(N)=O)c2-c2ccc(cc2)F)c1,0.621095897,2.513212673,379.439,4.1213,-9,-8.8
c1(ccccc1C1=C(C(NC1=O)=O)c1c(F)cc(F)cc1)F,0.867067392,2.193560179,303.239,2.6711,-8.2,-8.1
c1c(F)ccc(C2C(=O)NC(=O)C=2c2ccnc(NC3CCOCC3)c2)c1,0.81135624,2.535260281,367.38,2.3788,-9,-9
c1c(C(=O)N)cc2c(c1)n(c(-c1ccc(F)cc1)c2)C1CCCCC1,0.714505088,2.184174313,336.41,5.0515,-8.7,-8.6
O=c1n(C)c2ccc(cc2cc1)-c1cnc(cc1)NC1CCOCC1,0.798538909,2.371545019,335.407,3.1914,-8.8,-9.1
O=C(c1cc(NC2CC(O)CC2)ncc1)Nc1ccnc(C2CC2)c1,0.780119946,3.184817204,338.411,2.9316,-8.2,-7.9
N(C1=C(C(NC1=O)=O)c1cccc(O)c1)c1ccc(Cl)c(c1)Cl,0.744055715,2.338955638,349.173,3.1786,-8.9,-8.4
c1(F)c(cccc1)C1=C(Nc2ccc(OC)cc2)C(NC1=O)=O,0.850310058,2.136774566,312.3,2.3139,-7.9,-7.8
c1cn(c2ncccc12)C(CC)=O,0.66304565,2.516900457,174.203,2.0865,-5.8,-6
CNc1cc(ccn1)C1C(NC(=O)C=1c1cc(OC)ccc1F)=O,0.837734967,2.501644974,327.315,1.8382,-8.2,-8.4
Clc1ccc(cc1)C1C(NC(C=1c1cc(Cl)ccc1)=O)=O,0.860728599,2.047452486,318.159,3.5606,-8.4,-7.7
N(C(=O)C)c1cc(NC2C(NC(=O)C=2c2ccc(cc2)Cl)=O)ccn1,0.728902406,2.441388379,356.769,2.173,-8.6,-8.1
c1c2cc(F)ccc2cc(c1Cl)C1=C(C)C(NC1=O)=O,0.820240244,2.463232998,289.693,3.0622,-8.5,-8.2
c1c2[nH]nc(-c3cc(ncc3)Nc3ccccc3F)c2cc(c1)OC,0.576011769,2.200766937,334.354,4.5162,-8.7,-8.4
C1(=O)C(=C(c2cccc(c2)OC)C(N1)=O)Nc1ccc(c(Cl)c1)Cl,0.816611464,2.235335904,363.2,3.4816,-8.3,-7.8
O=C1C(=C(C(N1)=O)Nc1ccc(Cl)cc1)c1ccnc(c1)Nc1ccccc1,0.574258315,2.319031476,390.83,3.9582,-9.1,-8.6
c1(C2=C(C(NC2=O)=O)c2cc(ncc2)NC2CCCCCC2)ccccc1,0.642088456,2.353764326,361.445,3.7835,-8.7,-8.6
c1(cnc(C2=C(C(=O)NC2=O)c2cc(F)cc(c2)F)cc1)NC1CCOCC1,0.790955113,2.72452466,385.37,2.5179,-9.5,-8.5
C1OCCC(Nc2nccc(C3C(NC(C=3c3ccc(OC)c(c3)F)=O)=O)c2)C1,0.753421836,2.631601159,397.406,2.3874,-9.6,-9.2
C1(CC1)C(=O)Nc1nccc(c1)C1=C(C(NC1=O)=O)c1ccc(cc1)F,0.826296828,2.34537343,351.337,2.1364,-8.9,-8.4
C1N(CCC(C1)n1c([nH]nc1-c1ccnc(NC2COCC2)c1)=O)C(=O)C,0.830120382,3.226301222,372.429,1.0176,-8.6,-8.5
c1c(C2C(=O)NC(C=2c2ccnc(NC3CCOCC3)c2)=O)cnc(NC2CCCC2)c1,0.601624857,2.821893166,433.512,2.9892,-9.4,-9.2
C1CCC(C(Nc2nccc(-c3c(C)cnc(c3)NC3CCC3)c2)=O)CC1,0.788830404,2.379420045,364.493,4.93522,-9,-8.2
Fc1ccc2-c3n[nH]c(-c4ccnc(NC5CCOCC5)c4)c3Cc2c1,0.590314052,2.74059912,350.397,3.7729,-9.3,-9.3
c1cccc(Nc2nnc(c(-c3cnc(cc3)N3CCOCC3)c2)C)c1,0.780078526,2.328564554,347.422,3.42722,-8.6,-8.6
c1cnc(NC2CCC(NC(C(C)C)=O)CC2)cc1C=C1C(=O)NC(=O)NC1=O,0.436600348,2.709991417,399.451,1.3263,-8.9,-8.4
c1ccccc1C1C(=O)NC(C=1c1cc(Nc2ccc(F)cc2)ncc1)=O,0.699326077,2.228271524,359.36,3.5315,-9.6,-9
c1c(C2=C(C(NC2=O)=O)c2ccnc(c2)NC2CCCCC2)ccc(F)c1,0.813387824,2.407270341,365.408,3.5325,-9.5,-8.6
c1c(C2C(=O)NC(C=2c2ccnc(c2)NC2CCOCC2)=O)cc(cc1)C(=O)N,0.659982577,2.636238786,392.415,1.3386,-9.6,-8.8
c12cc(ccc1[nH]nc2NC(OC)=O)-c1ccnc(c1)NC(C1CC1)=O,0.668858732,2.407925955,351.366,3.1517,-9.3,-8.3
C1(NC(C(c2cccc(OC)c2)=C1c1ccc(cc1)F)=O)=O,0.885129722,2.030741968,297.285,2.4015,-8.2,-7.9
c1cccc2c(NC3CCCC3)nnc(NC3CCCC3)c21,0.880939018,2.221292588,296.418,4.3388,-8.2,-8
C1(=O)C(c2ccnc(NC(C3CC3)=O)c2)=C(c2ccc(Cl)cc2)C(N1)=O,0.813018404,2.340476065,367.792,2.6507,-8.2,-8.7
N(c1nccc(C2C(NC(C=2c2cccc(F)c2)=O)=O)c1)c1cc(Cl)ccc1,0.652051183,2.386666391,393.805,4.1849,-9.6,-9.1
C1OCCC(C1)Nc1nccc(-c2n[nH]c(n2-c2cc3cccc(F)c3cc2)=O)c1,0.542845109,2.691590641,405.433,3.5058,-9.2,-9.7
C1(=O)NC(C(=C1c1ccnc(c1)NC1CCCC1)c1ccccc1)=O,0.843948257,2.337633323,333.391,3.0033,-8.7,-8.7
O=C1C(Nc2cc(Cl)cc(C3C(NC(C=3c3ccc(F)cc3)=O)=O)c2)=CCCN1,0.67505446,2.882933589,411.82,2.862,-9.4,-8.9
[nH]1c(-c2cc(ncc2)NC(CCO)=O)nc2ccc(cc21)F,0.687770277,2.313916764,300.293,2.0849,-7.8,-7.3
c1(Cl)ccc(cc1)C1=C(C(=O)NC1=O)c1cc(ncc1)NC1CCOCC1,0.793382813,2.530676849,383.835,2.8931,-8.8,-9
c1(ccc(C2=C(c3cc(ccc3)F)C(=O)NC2=O)cc1)F,0.861840499,2.065191991,285.249,2.532,-8.2,-7.7
c1c(cc(cc1)NC1CCOCC1)C1=C(c2cc(ncc2)N)C(NC1=O)=O,0.714760275,2.639896376,364.405,1.8219,-9.2,-8.8
c1c(C2=C(C(NC2=O)=O)Nc2c(cccc2)Cl)cccc1N,0.599895649,2.301164052,313.744,2.4018,-8.2,-7.6
n1cccc(C2=C(C(=O)NC2=O)c2ccnc(c2)NC2CCCC2)c1,0.838947428,2.528200024,334.379,2.3983,-8.8,-8.4
c1ccc(cc1C1=C(C(=O)NC1=O)c1ccc(cc1)OC)Cl,0.886465322,2.024361571,313.74,2.9158,-7.8,-7.5
C(=O)(Nc1n[nH]c2c1cc(Cl)cc2)CCCN1CCC(CO)CC1,0.74771639,2.319097018,350.85,2.6393,-8.1,-7.6
C1(C(=C(c2ccnc(NC3CCCC3)c2)C(=O)N1)c1ccccc1)=O,0.843948257,2.337633323,333.391,3.0033,-8.7,-8.7
c1c(C2=C(C(NC2=O)=O)c2c(Cl)cc(c(OC)c2)OC)ccc(Cl)c1,0.82655958,2.198644547,378.211,3.5778,-7.8,-7.5
c1c(ncc(c1)-c1nc(NC2CCOCC2)ncc1)NC1CC(NC(=O)C)CCC1,0.672882732,3.35299577,410.522,2.9887,-9.2,-8.5
C1C(C(=O)Nc2cc(-c3nnc([nH]3)C3CCOCC3)ccn2)C1,0.901509858,2.838009578,313.361,2.1092,-8.2,-7.3
c1(Nc2n[nH]c3ccc(cc32)F)ccnc(c1)NC(C1CCC1)=O,0.684524418,2.364195346,325.347,3.5792,-8.7,-8.1
C1CN(Cc2cc(NC3CCCC3)ccn2)CCC1NC(C)=O,0.876322277,2.260536099,316.449,2.5366,-7.7,-7.8
Clc1cccc(c1)C=C1SC(NC1=O)=Nc1cc(ccc1)F,0.829568361,2.743059621,332.787,4.3707,-8,-7.7
n1cc(c(C2C(NC(=O)C=2c2ccc(Cl)cc2)=O)cc1NC1CCOCC1)C,0.77423058,2.596489275,397.862,3.20152,-8.4,-8.4
N1C(=O)C(=C(c2cccc(OC)c2)C1=O)Nc1ccc(cc1)F,0.850310058,2.133817879,312.3,2.3139,-8,-8
O=c1[nH]cc(-c2ccnc(Nc3ccccc3)c2)n1-c1cccc2c1ccc(n2)NC1CCCC1,0.293557459,2.667195572,462.557,5.8739,-10.3,-8.9
c1(c(NC(CCC)=O)n2c(n1)cc(cn2)-c1cccc(c1)Cl)-c1ccncc1,0.527437335,2.446275921,391.862,4.8503,-8.6,-8.4
c1c(cccc1Nc1ccccc1)C1=C(C(=O)NC1=O)c1ccc(F)cc1,0.689471303,2.085844305,358.372,4.1365,-9.2,-9.3
C1OCCC(C1)Nc1cc(C2C(=O)NC(=O)C=2c2ccc(F)cc2)ccn1,0.81135624,2.535260281,367.38,2.3788,-9.1,-8.9
c1cc(ncc1C=C1C(NC(S1)=NC1CCCCC1)=O)NC1CCCC1,0.774398695,3.022540978,370.522,4.3287,-8.7,-8.2
N1C(C(=C(c2cc3c(cccc3)cc2)C1=O)c1ccc(F)cc1)=O,0.734837591,2.051723774,317.319,3.5461,-8.8,-8.7
C(NC1CCCC1)c1c(-c2cc[nH]n2)cc(C(=O)N)cn1,0.777048788,2.966126596,285.351,1.6028,-7.5,-7
c1(ccnc(c1)NC1CCCC1)C1=C(C(=O)NC1=O)c1ccc(F)cc1,0.830425976,2.400630105,351.381,3.1424,-9.1,-8.9
C1c2cc(ccc2-c2n(CC1)c(SCC(=O)NC1CCCC1)nn2)F,0.850999568,2.409073786,360.458,3.1813,-8.8,-7.8
COc1ccc(C2=C(C(=O)NC2=O)c2c3c(n(c2)C)cccc3)cc1,0.750397967,2.197917108,332.359,2.7541,-8.7,-8.5
c1nc(NC2CCC(CC2)Nc2cc(C)ccn2)ncc1-c1ccncc1,0.71403712,2.44228327,360.465,4.07722,-8.3,-8.4
c1(C2=C(c3ccnc(c3)NC3CCC3)C(NC2=O)=O)ccnc(NC2CCCCC2)c1,0.619700957,2.72585755,417.513,3.7528,-9.9,-8.7
Cc1cc(NC(=O)C2CC2)ncc1-c1n[nH]c(=O)n1-c1cc2ccccc2cc1,0.562837693,2.463827479,385.427,3.43272,-8.9,-9
c1(F)cccc(C2=C(C(NC2=O)=O)Nc2cccc(c2)Cl)c1,0.85596987,2.221023853,316.719,2.9587,-8.3,-8.2
C1(C)CCCC(C1)Nc1nccc(c1)C1C(NC(=O)C=1c1cccc(F)c1)=O,0.793431181,3.264876013,379.435,3.7785,-9.9,-9.3
C1C(Nc2ncc3c(n2)n(C(C)C)c(=O)n3C2CCCC2)CCCC1,0.909961216,2.654601236,343.475,4.0336,-8.8,-8.1
c1cc(ccc1)-c1cc(NC(=O)CO)nc(c1)-c1ccncc1,0.776928488,2.093977201,305.337,2.7414,-8.9,-8.2
N(C(NCC1CCOCC1)=O)c1nccc(C2C(=O)NC(C=2c2ccc(F)cc2)=O)c1,0.638605208,2.606999469,424.432,2.336,-9.5,-9.4
c1cc(c(cc1OC)F)C1=C(c2ccccc2F)C(NC1=O)=O,0.885718672,2.182046263,315.275,2.5406,-8.4,-8.1
n1[nH]c(nn1)-c1cc(ncc1)NC(C1CC1)=O,0.804788624,2.56101823,230.231,0.6102,-6.9,-6.9
C(=O)(C)Nc1n[nH]c2c1cc(-c1ccccc1OC)nc2,0.773452958,2.279607467,282.303,2.5919,-7.9,-8
C1OCCC(C(=O)Nc2cc(ccn2)C2C(=O)NC(=O)C=2c2ccc(cc2)Cl)C1,0.75367335,2.502968721,411.845,2.6673,-8.9,-9
Fc1cc(ccc1F)C1=C(c2ccnc(c2)NC2CCOCC2)C(=O)NC1=O,0.790955113,2.648808699,385.37,2.5179,-9.3,-9.3
c1c(F)c(ccc1)Nc1nccc(-c2ccnc(Nc3cc(Nc4ccccc4)ccc3)c2)c1,0.240891407,2.267874314,447.517,7.5135,-9.3,-10.1
C1CC1C(Nc1cc(-c2ccnc(NC3CCOCC3)c2)c(cn1)C(=O)N)=O,0.705534021,2.592595045,381.436,2.1819,-8.6,-8
Fc1ccc(cc1)Nc1nccc(-c2cc(ncc2)NC2CCC2)c1,0.689930838,2.171908138,334.398,4.9907,-8.6,-8.5
c1c(C#N)cc(cc1)C1=Nc2cccc(Cl)c2NC(C1)=O,0.871957616,2.601745159,295.729,3.67468,-8.9,-8.4
c1cc(ccc1C1C(NC(=O)C=1c1cccc(O)c1)=O)O,0.730674517,2.216356789,281.267,1.665,-7.8,-7.9
N1C(=O)C(c2ccc(Br)cc2)=C(C1=O)c1ccnc(NC2CCCC2)c1,0.750652513,2.44538272,412.287,3.7658,-8.8,-8.9
c1(F)c(cccc1)-c1nn(C)cc1-c1cc2NC(CCc2cc1)=O,0.78065904,2.378330463,321.355,3.7779,-8.6,-9.2
n1c(Nc2cccc(-n3c(=O)[nH]nc3-c3ccncc3)c2)cccc1,0.600509387,2.328209864,330.351,2.7612,-9,-8.2
c1(NC2CCOC2)nccc(c1)C1=C(C(=O)NC1=O)c1c(cccc1)Cl,0.809301547,3.014390407,369.808,2.503,-8.5,-8.2
C1(Cc2cnc(cc2)N)C(=O)NC(C=1c1cccc(c1)Cl)=O,0.848394769,2.553494573,313.744,1.9699,-8,-7.8
c1cc(ccc1CN1CCOCC1)C1C(NC(C=1c1ccc(cc1)F)=O)=O,0.843410854,2.177951406,366.392,2.2251,-8.7,-8.7
c1cc(ccc1C1C(=O)NC(C=1c1c2cc(ccc2n(C)c1)Cl)=O)F,0.715592679,2.326942005,354.768,3.538,-8.6,-7.7
c1(-c2cn(nc2)C)ccc2c(n1)[nH]nc2NC(CCc1ccccc1)=O,0.581409843,2.401017749,346.394,2.9297,-8.1,-8.6
c1c(C2C(=O)NC(C=2c2cc(ncc2)NC2CCOCC2)=O)ccc(C(O)=O)c1,0.664591433,2.558600232,393.399,1.9379,-9.2,-9.3
C(=O)(C)Nc1cc(C2C(NC(C=2c2ccc3OCOc3c2)=O)=O)ccn1,0.80835409,2.53101265,351.318,1.3359,-9.4,-8.7
C1(c2ccc(cc2)F)C(=O)NC(C=1c1cc(ncc1)NC1CCC1)=O,0.841806812,2.399366946,337.354,2.7523,-8.7,-8.4
N1C(=O)C(=C(c2ccnc(NC3CCOCC3)c2)C1=O)c1ccc(cc1)F,0.81135624,2.535260281,367.38,2.3788,-9,-9
NC(c1cc(ccc1)C1OC(C(C1)O)CO)=O,0.687840637,3.181258321,237.255,-0.0313,-6.9,-6.9
c1cc(C2C(=O)NC(=O)C=2c2cc(ncc2)NC2CCOCC2)ccn1,0.814437546,2.651842647,350.378,1.6347,-8.9,-8.6
c1nc(nc(OCC2CCOCC2)c1)NC1CCC(CC1)O,0.866244065,2.56571815,307.394,1.9974,-7.5,-7.3
c1(ccnc(NC2CCOCC2)c1)C1=C(c2ccc(cc2F)F)C(=O)NC1=O,0.790955113,2.652270237,385.37,2.5179,-9.3,-9.3
c12c(ccc(c1)C(=O)N)[nH]nc2NC(=O)CCC,0.759513738,2.176580349,246.27,1.4004,-7.3,-7.2
O=C1NC(C(=C1c1cc(C2CC2)ccc1)c1cc(ncc1)Nc1ccccc1)=O,0.64769934,2.391939647,381.435,4.2698,-9.9,-9.2
c1cccc2c1c(c[nH]2)C1=C(c2ccccn2)C(NC1=O)=O,0.709632063,2.336982251,289.294,2.1301,-7.9,-8.1
c1c(-c2ccnc(NC3CCOCC3)c2)cncc1NC(C)=O,0.907526752,2.375734032,312.373,2.6929,-8.3,-7.9
O=C1C(=C(c2cccc(OC)c2)C(N1)=O)c1c(Cl)cnc(c1)Cl,0.683395889,2.445629436,349.173,2.9642,-7.9,-7.8
O(c1cccc(c1)C1=C(c2cc(NC3CCOCC3)ncc2)C(=O)NC1=O)C,0.774833116,2.557756263,379.416,2.2483,-9.1,-8.7
C1C(CCOC1)C(Nc1nccc(c1)C1C(=O)NC(=O)C=1c1ccc(F)cc1)=O,0.773527668,2.507276043,395.39,2.153,-9.3,-8.7
COc1ccc(C2=C(C(NC2=O)=O)c2cn(c3ccccc32)C)cc1,0.750397967,2.197917108,332.359,2.7541,-8.1,-8.1
n1ccc(C2C(NC(C=2c2cc(NC3COCCC3)ncc2)=O)=O)cc1NC1CCOCC1,0.57549403,3.39605847,449.511,2.2256,-10.2,-8.9
Fc1ccc(C(Nc2nccc(C3C(NC(=O)C=3c3ccc(cc3)F)=O)c2)C)cc1,0.627293032,2.833663077,405.404,4.1001,-9.5,-9.2
c1(cccc(c1)C1=C(C(=O)NC1=O)c1cc(ncc1)NC1CCOCC1)F,0.81135624,2.588614128,367.38,2.3788,-9.1,-9
C1COCCC1Nc1nccc(C2C(NC(C=2c2ccc(Cl)cc2)=O)=O)c1,0.793382813,2.530676849,383.835,2.8931,-8.7,-8.9
c1(ccc(C2=C(c3c(cc(C(NC)=O)cc3)C)C(=O)NC2=O)cc1)F,0.841414236,2.193728159,338.338,2.06092,-8.4,-8.5
c1ccccc1C1=C(C(NC1=O)=O)c1c2ccc(cc2[nH]n1)F,0.713200932,2.382957955,307.284,2.2692,-8.9,-8.6
n1(c(=O)[nH]nc1-c1ccnc(NC2CCOCC2)c1)-c1ccc2ccccc2c1,0.560847365,2.543330396,387.443,3.3667,-9.4,-9.8
c1ccc(C2=C(c3ccnc(c3)NC(=O)C3CC3)C(NC2=O)=O)cc1C,0.830916604,2.379203567,347.374,2.30572,-9.6,-9
c1c(OC2CCC2)cc(cc1)C1C(NC(C=1c1ccc(F)c(c1)F)=O)=O,0.854823642,2.375362682,355.34,3.4633,-8.9,-8.9
c1ccc(cc1Nc1cc(ccn1)-c1cc2c(c(=O)n1C)cccc2)C,0.589766759,2.172615336,341.414,4.65252,-9.5,-9.6
C1C(CCOC1)Nc1nccc(C2C(NC(C=2c2ccc(cc2)Cl)=O)=O)c1,0.793382813,2.530676849,383.835,2.8931,-8.9,-9
N1C(C(c2cc(ccc2)C(N)=O)=C(Nc2cc(Cl)c(cc2)Cl)C1=O)=O,0.714214462,2.328393042,376.199,2.5719,-8.6,-8.3
C1(c2cc(ncc2)Nc2ccc(cc2)Cl)=C(C(=O)NC1=O)c1cccnc1,0.681286119,2.40203898,376.803,3.4408,-9.4,-8.9
c1nc(cc(c1)C1C(NC(C=1c1ccc(c(Cl)c1)Cl)=O)=O)NC1CCCC1,0.748155491,2.503487001,402.281,4.3101,-9,-9.1
N1C(=O)C(c2cc(-c3ccc(C4CCCCC4)cc3)ccc2)=C(C1=O)NN1CCOCC1,0.708137804,2.678710679,431.536,3.6056,-10.5,-10.2
c1c2c(CCNC3CCCCC3)cncc2ccc1-c1cc(ncc1)Nc1ccccc1,0.356594087,2.410965589,422.576,6.5052,-8.8,-8.8
C1C(C(=O)Nc2cc(C3CCCC=3)ncc2)C1,0.863685468,2.309371448,228.295,2.9974,-7,-6.9
Cc1cc(ncc1C(=O)N)-c1cc(ncc1)Nc1cccc(c1)NC1CCOCC1,0.577145049,2.549195518,403.486,3.88542,-9.4,-8.9
n1c(NC2CCC(C2)O)cc(-c2cc(ncc2)Nc2ccccc2)cc1,0.645403576,2.985825952,346.434,4.2125,-8.5,-8.5
c1(cccc(C2=C(C(=O)NC2=O)c2cc(ncc2)NC2CCOCC2)c1)C(N)=O,0.659982577,2.636238786,392.415,1.3386,-9.5,-9.4
C1CCCC1Nc1nccc(C2=C(c3ccc(Cl)cc3)C(=O)NC2=O)c1,0.808919745,2.395863336,367.836,3.6567,-8.6,-8.7
C1(=O)C(c2cc(ncc2)NC2CCOCC2)=C(C(N1)=O)c1ccc(cc1)Cl,0.793382813,2.530676849,383.835,2.8931,-8.8,-9.1
c1cc(c(c(O)c1OC)OC)C1=C(Sc2cc(NC3CC3)ncc2)C(NC1=O)=O,0.594322908,2.983709366,413.455,2.5385,-7.7,-7.5
c1cc(F)ccc1C1C(NC(C=1c1ccnc(NC2CCCC2)c1)=O)=O,0.830425976,2.400630105,351.381,3.1424,-9.2,-8.7
c1(nc(ncc1C1COCCC1)Nc1ccc(cc1)F)C(=O)NC1CC1,0.860681463,2.930750407,356.401,3.1455,-8.5,-7.8
c1(C2=C(C(=O)NC2=O)c2ccnc(NC3CCC3)c2)ccc(F)cc1,0.841806812,2.399366946,337.354,2.7523,-8.7,-8.4
c1c(-c2nc(ncc2)NC2CCC(OC)CC2)cc(nc1)Nc1ccc(F)cc1,0.627322898,2.417408813,393.466,4.7908,-9.3,-8.8
C1(c2ccc(F)cc2)C(NC(C=1c1ccc(c(Cl)c1)Cl)=O)=O,0.850313677,2.123716548,336.149,3.6997,-7.9,-7.8
c1n(c2ncccc2c(=O)c1)C(C)C,0.685447463,2.369211947,188.23,1.9774,-6.2,-6
c1cc(C2C(=O)NC(=O)C=2c2ccnc(-c3cccc(C)c3)c2)ccc1,0.740916152,2.191025182,340.382,3.62422,-9.4,-9.6
c1c(c(ccc1C1C(=O)NC(=O)C=1c1ccccc1F)F)OC,0.885718672,2.201182081,315.275,2.5406,-8,-8.1
C1(c2ccc(cc2)O)C(NC(=O)C=1c1ccnc(NC2CCCC2)c1)=O,0.738417556,2.461663951,349.39,2.7089,-9.2,-8.2
c1c(NC2CCOCC2)nccc1C1=C(c2cc(OC)ccc2)C(NC1=O)=O,0.774833116,2.557756263,379.416,2.2483,-9.1,-8.6
c1ccc(cc1C(F)C)Nc1c2c(ncc1)ccc(-c1ccccc1)c2,0.447483628,2.545079322,342.417,6.6759,-9.4,-8.8
c1(cc(ncn1)-c1n(C)nc(C)n1)NC1CCCC(NC(=O)C)C1,0.880687486,3.514286668,329.408,1.43972,-8.1,-7.9
c1cc(C2=C(C(=O)NC2=O)c2cc(NC3CCOCC3)ncc2)ccc1F,0.81135624,2.535260281,367.38,2.3788,-9.1,-8.9
N(C1CCCC1)c1nccc(c1)C1C(NC(=O)C=1c1cc(Cl)c(F)cc1)=O,0.785263788,2.528692395,385.826,3.7958,-9.2,-8.8
N(C1CCOCC1)c1cc(ccn1)C1C(=O)NC(C=1c1ccc(F)cc1)=O,0.81135624,2.535260281,367.38,2.3788,-9.1,-9
c1(oc2cc(ccc2n1)Cl)-c1ccnc(NC2CCC(CC2)O)c1,0.743151293,2.416313903,343.814,4.2586,-8.4,-8.1
c1(nc(NC2CCOCC2)cc(c1)C1=C(C(NC1=O)=O)c1ccc(F)cc1)N,0.698258882,2.701015622,382.395,1.961,-9,-9.2
c1(C2C(=O)NC(=O)C=2c2ccc(Cl)cc2)ccnc(NC2CCCC2)c1,0.808919745,2.395863336,367.836,3.6567,-8.9,-8.8
C1(NC(C(c2cc(NC3CCCC3)ncc2)=C1c1cc(ccc1)Cl)=O)=O,0.808919745,2.446929797,367.836,3.6567,-9,-8.7
N(C1CCCCC1)c1cc(ccn1)C1C(NC(C=1c1ccc(F)cc1)=O)=O,0.813387824,2.407270341,365.408,3.5325,-9.5,-9.1
c1c(cc(F)cc1)C1C(=O)NC(C=1c1cc(NC2CCOCC2)ncc1)=O,0.81135624,2.588614128,367.38,2.3788,-9.2,-8.9
c1c(c(C2=C(c3ccnc(NC4CCOCC4)c3)C(NC2=O)=O)ccc1F)Cl,0.769628572,2.644791583,401.825,3.0322,-8.8,-9.2
c1(Nc2cc(ncc2)NC2CCC(O)CC2)nccc(-c2ccnc(c2)NC)c1,0.504468349,2.65058456,390.491,4.0393,-9.3,-8.6
[nH]1c(=O)c(cc(CN2CCN(C)CC2)n1)C1C(=O)NC(=O)C=1c1cc(N)ccc1,0.478894567,2.770685184,394.435,-0.3333,-9.3,-8.4
C(OC)CCNc1nccc(c1C1C(NC(=O)C=1c1ccc(Cl)cc1)=O)Cl,0.544366017,2.575396002,406.269,3.404,-7.5,-7.1
c1(F)ccc(C2=C(N3CCCCC3)Nc3c(N2)cccc3)cc1,0.856512157,2.306178687,309.388,4.4753,-8,-7.9
c1ccc(F)c(C2=C(C(NC2=O)=O)c2c3cc(O)ccc3n(c2)C)c1,0.706779334,2.440994753,336.322,2.5902,-8.7,-7.9
c1c(Nc2ccccc2)cc(cc1)C1=C(C(=O)NC1=O)c1cc(ccc1)O,0.622979891,2.194854364,356.381,3.703,-9.6,-9.1
Fc1cc(ccc1F)C1=C(c2ccnc(NC3CCOCC3)c2)C(=O)NC1=O,0.790955113,2.648808699,385.37,2.5179,-9.3,-9.3
N1(C(c2ccccc2)=O)CCCC1C(Nc1ccc(F)c(Cl)c1)=O,0.920367893,2.21259945,346.789,3.7224,-8.6,-8.5
O=C1NC(C(=C1Nc1ccc2c(c1)cccc2)c1ccc(C)cc1)=O,0.721969721,2.126708928,328.371,3.62782,-9.2,-9.4
c1(C2C(NC(=O)C=2c2ccnc(c2)NC2CCOCC2)=O)ccc(cc1)OC,0.774833116,2.510002416,379.416,2.2483,-9.3,-8.8
c1(nc2c(c(n1)C1CCCCC1)cc(cc2)C(N)=O)-c1ccc(OC)cc1,0.744409339,2.176288092,361.445,4.452,-8.9,-8.8
n1c(cc(C2=C(c3cc(ncc3)NC3CCOCC3)C(=O)NC2=O)cc1)NC1CCC1,0.618260365,2.836782165,419.485,2.5991,-9.8,-8.6
c1cc(N)ncc1-c1ccnc(Nc2ccc(cc2)N2CCOCC2)c1,0.754019634,2.217142576,347.422,3.306,-8.7,-8.5
C1(C(c2ccccc2)=C(c2cc(NC3CCOCC3)ncc2)C(=O)N1)=O,0.827718733,2.476063902,349.39,2.2397,-8.7,-8.8
c1c(cc(C2C(NC(C=2c2c(OC)cc3c(cccc3)c2)=O)=O)cc1)Cl,0.713566745,2.21687897,363.8,4.069,-9,-8.3
c1(-c2ccc(Cl)cc2)n[nH]c(=O)n1-c1cc2c(ccnc2NC2CCCCC2)cc1,0.477880965,2.472492564,419.916,5.1738,-9.1,-9
c1cc(ccc1)Nc1cc(C2=C(c3ccc(cc3)F)C(NC2=O)=O)ccn1,0.699326077,2.235791051,359.36,3.5315,-9.4,-9.1
c1c(ccc(C2C(NC(C=2c2ccccc2Cl)=O)=O)c1)F,0.866674616,2.015106463,301.704,3.0463,-7.9,-7.7
C1(NC(C(=C1c1ccnc(c1)NC1CCC1)c1cc(F)ccc1)=O)=O,0.841806812,2.45798103,337.354,2.7523,-8.8,-8.1
c1(NC2CCC2)cc(c(cn1)C)C1C(NC(C=1c1ccccc1)=O)=O,0.844128194,2.408047119,333.391,2.92162,-8.4,-7.8
c1cnc(Nc2cc(ncc2)C2C(NC(C=2c2ccc(F)cc2)=O)=O)cc1,0.699139203,2.474315903,360.348,2.9265,-9.3,-8.7
c1ccccc1C1C(NC(=O)C=1c1[nH]c(c(-c2ccc(cc2)Cl)n1)Cl)=O,0.671865046,2.466547577,384.222,3.9507,-9.1,-9.2
C1C(C1)NC(C1CCCN(C1)c1nccc(-c2ccnc(NC(C)C)c2)n1)=O,0.801815025,2.936362154,380.496,2.8539,-8.6,-7.8
n1cccc(C2C(NC(C=2c2cccc(c2)OC)=O)=O)c1,0.868126945,2.18514439,280.283,1.6574,-7.8,-7.6
c1(NC(C=C)=O)c(cc(-c2nc(c(C(N)=O)s2)O)cn1)C1CCCCC1,0.696676507,2.962832229,372.45,3.1818,-8.3,-8.8
c1c2[nH]nc(NC(CCC)=O)c2cc(n1)-c1cccc(Cl)c1,0.763814227,2.31905083,314.776,4.0169,-8,-7.8
c1cnc(s1)C1C(NC(C=1c1cc(ncc1)NC1COCCC1)=O)=O,0.810143002,3.354132389,356.407,1.6962,-8.2,-7.8
c1(nccc(n1)-c1ccnc(Nc2ccc(cc2)C)c1)C1CCOCC1,0.754344361,2.398352766,346.434,4.48462,-9.2,-8.5
c1cc(C2SCC(N2Nc2ccc(cc2)Cl)=O)cc(c1)OC,0.918874514,2.726065989,334.828,3.9497,-7.6,-7.3
N(Nc1c2c(cc(Cl)cc2)ncc1)c1cc(OC)ccn1,0.718990848,2.317468337,300.749,3.7308,-7.7,-7.4
c1(nc(NC2CCOCC2)ncc1)C1C(NC(=O)C=1c1ccc(Cl)cc1)=O,0.785469677,2.598515903,384.823,2.2881,-8.6,-8.9
C1(CC1)C(Nc1cc(ccn1)-c1ccnc(c1)NC1CCOCC1)=O,0.87604076,2.383710667,338.411,3.083,-8.3,-7.9
c1c(Nc2nccc(c2)-c2ccnc(c2)Nc2ccc(cc2)F)cccc1,0.476514629,2.033813077,356.404,5.7699,-9.2,-8.6
C(=O)(Nc1n[nH]c2ccc(-c3ccncc3)cc21)CCC,0.769418044,2.186186369,280.331,3.3635,-8.1,-7.4
C1(C(c2ccc(Cl)cc2)=C(C(N1)=O)c1ccnc(NC2CCOCC2)c1)=O,0.793382813,2.530676849,383.835,2.8931,-8.8,-9
C1(CCC(CC1)O)Nc1ncc2CCc3cc(c(cc3-c2n1)OC)OC,0.87805295,2.494089797,355.438,2.9748,-8.6,-8.6
N1C(C(c2ccc(OC)nc2OC)=C(C1=O)c1ccc(F)cc1)=O,0.866220107,2.411401116,328.299,1.8051,-7.7,-7.7
N1C(=O)C(c2cccc(c2)OC)=C(C1=O)c1cccc(C(N)=O)c1,0.830382419,2.165280565,322.32,1.3613,-8.6,-8.1
C1(=C(c2cc(ncc2)NC2CCC2)C(=O)NC1=O)c1ccc(cc1)Cl,0.827499606,2.394331626,353.809,3.2666,-8.5,-8.2
c1cnc(NC2CCC2)cc1C1C(NC(=O)C=1c1cc(NC2CCC2)ncc1)=O,0.65759315,2.725025997,389.459,2.9726,-9.5,-8.4
c1c(Cl)cnc(c1)NC1C(=O)NC(=O)C=1c1ccc(Cl)cc1,0.847036313,2.381357849,334.162,2.868,-7.7,-7.7
C1(c2cc(ncc2)NC2CCOCC2)C(=O)NC(=O)C=1c1cc(F)ccc1,0.81135624,2.588614128,367.38,2.3788,-9.1,-9
c1(c(cc(nc1)NC(=O)C)F)C1=C(C(NC1=O)=O)c1ccc(F)cc1,0.833235716,2.481667959,343.289,1.8854,-8.9,-8.3
c1(cccc(c1C)F)-c1[nH]c2ccc(cc2c1)C1=C(C(=O)NC1=O)c1ccc(F)cc1,0.464232127,2.55911262,414.411,4.98872,-10.1,-10.7
C1(Cc2c(C(N)=O)c(ns2)NC(C)=O)CCC(NC(=O)c2ncc(cc2)OC)CC1,0.61429719,2.87532678,431.518,2.1353,-8.6,-7.5
C1(=O)C(c2cc(ncc2)NC2CCOCC2)=C(C(=O)N1)c1cc(ccc1)OC,0.774833116,2.557756263,379.416,2.2483,-9,-8.7
Clc1c(C)ccc(C(Nc2c(ccc(c2)C2CCC2)OC)=O)c1,0.839204925,1.851447706,329.827,5.17682,-8.4,-7.7
O=C1NC(=O)C2C1c1c(ncnc1OC2)Nc1ccccc1,0.802096046,3.560167931,296.286,0.9688,-8.6,-8.2
n1c(ccc(-c2n[nH]c(=O)n2-c2cc(N3CCCCC3)ccc2)n1)NC1CCCC1,0.676275492,2.614580515,405.506,3.3624,-9.6,-8.5
C1C(C1)C(=O)Nc1cc(ccn1)-c1n[nH]c(=O)n1-c1ccc2c(c1)cccc2,0.576392779,2.365486177,371.4,3.1243,-9.2,-9.3
c1cnc(Nc2ccc(cc2)F)c(C2C(NC(C=2c2cc(ccc2)F)=O)=O)c1,0.680884678,2.335234852,377.35,3.6706,-8.8,-8.4
c1(c(Cl)cc(C2C(=O)NC(=O)C=2c2cccc(O)c2)cc1)Cl,0.828673062,2.263106459,334.158,3.2662,-8,-8.2
C1C(CCC(Nc2nc3n(c(ccc3cn2)=O)C2CCCC2)C1)NC1CC1,0.847577077,2.616129662,367.497,3.3817,-8.5,-8.8
O=C1NC(=O)C(c2ccnc(c2)NC2CCOC2)=C1c1ccc(cc1)Cl,0.809301547,2.993536253,369.808,2.503,-8.4,-8.5
N(c1nccc(c1)-c1[nH]c(-c2ccccc2)nn1)C1CCCCC1,0.753067155,2.445755881,319.412,4.2783,-8.8,-8.1
C1=C(C(NC1=O)=O)c1c(cccc1)C1=C(c2cccc(F)c2)C(=O)NC1=O,0.808330935,2.63715167,362.316,1.4327,-9.4,-8.6
CCCC(Nc1n[nH]c(c1-c1c2c(c(ccc2)F)[nH]c1)-c1ccnc(c1)N)=O,0.419005716,2.829142737,378.411,4.0799,-8.3,-8
c1c(NC2CCCC(N)C2)ncc(c1)C1=C(C(=O)NC1=O)c1ccc(OC)cc1,0.67459307,3.264698429,392.459,2.3392,-8.8,-9
C1C(CCC(Nc2cc(ccn2)C2C(NC(C=2c2cccc(c2)OC)=O)=O)C1)NC(=O)C,0.603027432,2.602476028,434.496,2.5166,-8.9,-8.9
c1ccccc1N1CCN(CC1)c1ccc2c(c1)[nH]nc2C(NCCCOC)=O,0.6039763,2.20344827,393.491,2.6558,-7.9,-7.7
O=C1C(=C(C(N1)=O)c1ccnc(c1)NC1CCC1)c1cccc(c1)F,0.841806812,2.45798103,337.354,2.7523,-8.8,-7.9
C1COCCC1Nc1cc(C2C(NC(C=2c2ccc(cc2)F)=O)=O)ccn1,0.81135624,2.535260281,367.38,2.3788,-9.1,-8.8
O=C1C(=C(C(N1)=O)c1ccc(cc1)F)c1ccnc(c1)NC1CCCCC1,0.813387824,2.407270341,365.408,3.5325,-9.5,-8.6
c1(cccc(c1)C1C(NC(=O)C=1c1ccnc(NC2CCOCC2)c1)=O)Cl,0.793382813,2.579779216,383.835,2.8931,-9,-9.1
c1ccccc1-c1nc(C2C(=O)NC(=O)C=2c2cc(N)ccc2)sc1,0.563380519,2.365480082,347.399,2.9595,-8.8,-8.5
C1NCCC(C1)c1cc(ncc1)Nc1nccc(NC2CCCC2)c1,0.76841578,2.564906621,337.471,4.0417,-8.7,-8.2
c1oc(C(N)=O)cc1-c1cc(ncc1)Nc1cccc(c1)N1CCOCC1,0.722753268,2.5287727,364.405,3.0207,-9.2,-8.5
c1(cc(Nc2ccccc2)ccn1)-c1n[nH]c(n1-c1ccc2CCCCc2c1)=O,0.552519992,2.479992292,383.455,4.245,-9.1,-9.8
C1(NC(C(=C1c1cc(NC2CCOCC2)ncc1)c1ccc(cc1)Cl)=O)=O,0.793382813,2.530676849,383.835,2.8931,-8.7,-9.1
c1ccc(cc1C1C(NC(=O)C=1c1cccc(Cl)c1)=O)C(N)=O,0.845401601,2.187017898,326.739,2.0061,-8.7,-8.4
C1(=O)C(c2cc(ncc2)NC2CC2)=C(C(N1)=O)c1ccc(Cl)cc1,0.840206794,2.381303845,339.782,2.8765,-8.2,-7.8
c1ccnc(NC2CCC(Nc3ncc(c(-c4ccncc4)c3)Cl)CC2)c1,0.650718168,2.430183462,379.895,5.0272,-9,-8.2
c1(O)c(ccc(CC)c1)C1=C(c2cn(c3c2ccc(O)c3)C)C(NC1=O)=O,0.624923947,2.6383155,362.385,2.7191,-8.6,-8.2
Clc1c(OC)cc(C2C(=O)NC(C=2c2ccc(cc2)Cl)=O)cc1,0.863166663,2.129984725,348.185,3.5692,-8.3,-7.5
c1c2c3CNC(=O)c3c(cc2cc(OC)c1OC)OC,0.930195084,2.443140521,273.288,2.109,-7.6,-8.2
c1(cc(C2C(=O)NC(C=2c2cc(ccc2)C(N)=O)=O)ccc1)F,0.841772581,2.197785446,310.284,1.4918,-8.9,-8.4
c1(C2=C(COC2=O)c2ccnc(Nc3ccc(F)cc3)c2)ccsc1,0.702907488,2.577543544,352.39,4.4934,-9,-8.4
c12c(c(cn2C(C)C)C2C(=O)NC(C=2c2ccc(Cl)c(Cl)c2)=O)cccc1,0.62364813,2.464260116,399.277,5.0962,-8.8,-8.5
n1ccc(-c2n[nH]c(n2-c2ccc3c(c2)cc(F)cc3)=O)cc1Nc1ccccc1,0.462556728,2.393338194,397.413,4.6585,-9.5,-9.9
O=c1[nH]nc(cc1-c1cc(ncc1)NC1CCOCC1)-c1ccc(F)cc1,0.741051281,2.455100645,366.396,3.2289,-9.5,-8.8
c1c(cc(C2C(=O)NC(C=2c2ccnc(c2)C(N)=O)=O)cc1)C(F)(F)F,0.813536511,2.514757333,361.279,1.7665,-8.8,-8.9
c1c(N2CCOCC2)cc(cc1)Nc1nccc(n1)-c1sc(C)cc1,0.766194278,2.277280342,352.463,4.09372,-8.5,-7.9
n1ccc2c(c1NC1CCN(CC1)C(=O)C)ccn2-c1ccc(F)cc1F,0.764395596,2.472946341,370.403,3.7265,-9,-8.2
c1(C2=C(C(NC2=O)=O)c2cc(ncc2)NC2CCOCC2)c(cccc1)C,0.816294316,2.541705843,363.417,2.54812,-8.7,-8.7
c1c(Cl)ncc(c1)C1=C(c2ccnc(c2)NC2CCOCC2)C(=O)NC1=O,0.62022831,2.753867974,384.823,2.2881,-8.5,-9
C1COCCN1c1cc(ccn1)NC1CCCC1,0.888839804,2.140120554,247.342,2.2727,-6.7,-7.1
C1(=C(c2cc(C)nn2C)C(=O)NC1=O)c1ccnc(Nc2cc(ccc2)N)c1,0.475349673,2.744518353,374.404,2.01652,-9.2,-8.8
c1(c(C)cc(Cl)cc1Cl)C1=C(C(NC1=O)=O)c1ccnc(NC2CCC2)c1,0.751425604,2.647337654,402.281,4.22842,-8.7,-8.7
C1(Oc2cc(ccc2C2C1(C)CCCC=2)-c1cnc2cc(ccc2c1)C#N)=O,0.434877852,3.393631983,366.42,5.26608,-10.3,-9.7
c1(C2=C(C(NC2=O)=O)c2cc(-c3ccc(F)cc3)ccc2)ccncc1,0.74048934,2.191291028,344.345,3.4549,-9.3,-9.4
c1c(cc(-c2ccc3ncc(cc3c2)C)cc1)C(=O)NC1CCCCC1,0.702821226,2.005141635,344.458,5.27272,-9.8,-9
c1(c2c(-c3c(c(n[nH]3)-c3ccc(F)cc3)C2)n[nH]1)C(=O)NCC1CCOCC1,0.506413447,2.867443942,381.411,2.6665,-9.5,-8.8
C1(C(c2ccc(Cl)cc2)=C(C(=O)N1)c1ccnc(Nc2ccc(F)cc2)c1)=O,0.652051183,2.289471583,393.805,4.1849,-9.6,-8.9
c1c(-c2ccc(cc2)C2(CCOCC2)O)ccc(c1)C(N)=O,0.913699382,2.099965115,297.354,2.4505,-8.1,-8.1
c1c(ccc(F)c1)-c1n[nH]c2c1cc(NC(=O)CCC)nc2,0.774075026,2.24454094,298.321,3.5026,-7.8,-7.8
c1c(C2C(NC(C=2c2ccccc2)=O)=O)ccnc1NC1COCCC1,0.827718733,2.940146528,349.39,2.2397,-8.9,-8.4
n1[nH]c2ccccc2c1NC(C1OC(=O)NC1)=O,0.722902031,3.028149266,246.226,0.6098,-7.6,-7.3
c1cnc(Nc2cccc(Cl)c2)cc1-c1n(-c2ccc3OCCOc3c2)c([nH]n1)=O,0.520340986,2.525880501,421.844,3.7908,-10.2,-9.4
c12nc(ccc1c(NC1CCN(C(C)C)CC1)ncn2)-c1ccc(cc1)F,0.753823141,2.339152589,365.456,4.1156,-9.1,-8.1
n1(-c2ccc3ccccc3c2)nc(c(c1)C(NCCC1CCCO1)=O)C,0.765120022,2.698154018,349.434,3.63282,-8.7,-8.5
C1C(C1)c1c2c(n(C(C)C)c1)ncc(c2)C=C1C(=O)NC(=O)S1,0.870563714,2.962041215,327.409,3.8185,-8.1,-8.2
c1nc(cc(-c2ccnc(NC3CCOCC3)c2)c1)NC(c1ccc(Cl)cc1)=O,0.642724878,2.301021302,408.889,4.6402,-9.3,-7.9
COc1ccccc1C1C(NC(C=1Nc1c(F)cccc1F)=O)=O,0.845277517,2.369664262,330.29,2.453,-8,-7.9
N1C(C(=C(C1=O)c1ccc(cc1)Cl)c1ccnc(NC2CCOCC2)c1)=O,0.793382813,2.530676849,383.835,2.8931,-8.8,-9.1
C1(C(=CNc2cc(ccc2)N2CCOCC2)C(NC=1c1ccc(cc1)O)=O)C,0.714356689,2.567057117,377.444,3.0856,-9.1,-8.7
c1cc(ccc1C1=C(c2cccc(c2)Cl)C(NC1=O)=O)F,0.866674616,2.053511939,301.704,3.0463,-7.8,-7.5
Fc1ccccc1-c1cc2c([nH]nc2NC(CCCN2CCOCC2)=O)cc1,0.685388674,2.277195912,382.439,3.4199,-9,-8.9
O=C1C(=C(C(=O)N1)c1ccnc(c1)NC1CCOCC1)c1ccc(cc1)Cl,0.793382813,2.530676849,383.835,2.8931,-8.8,-9
C1(C(=O)NC(=O)C=1c1cc(NC2CCCC2)ncc1)c1ccccc1,0.843948257,2.337633323,333.391,3.0033,-8.8,-8.7
c1cccc(CC(N)CO)c1C1C(NC(C=1c1ccccc1)=O)=O,0.719251758,2.753059631,322.364,1.1159,-8,-7.5
c1c(-c2n[nH]c3nc(NC4CCOCC4)ncc32)cc(nc1)NC1CC1,0.649312936,2.810013306,351.414,2.5801,-8.6,-8.1
c1c(ncc(C)c1)Nc1nc2CCN(C(=O)C(C)C)CCc2cn1,0.93866296,2.46328122,325.416,2.50682,-8.2,-7.5
c1c(-c2cc3C(=O)NCCc3[nH]2)nc(nc1)NC1CCOCC1,0.795324917,2.836734796,313.361,1.3485,-8.5,-8.2
n1cc(cc2c1c(=O)n1CCCc1c2)-c1cn(nc1C)C,0.685270255,2.89474362,280.331,2.05162,-8.4,-7.9
c1cc(C2=C(C(NC2=O)=O)Nc2ccc(O)c(c2)Cl)ccc1Cl,0.587526714,2.294133042,349.173,3.1786,-8.2,-8.1
N1C(C(c2cc3c(cc2)OCCO3)=C(C1=O)c1cc(OC)c(OC)c(c1)OC)=O,0.772225691,2.450499631,397.383,2.0508,-8.6,-8
C1(CCC(C(=O)N)CC1)Nc1nc2n(C(C)C)c(=O)ccc2cn1,0.890502535,2.58095037,329.404,1.8284,-8,-8.2
c12c(c(n[nH]1)C1C(=O)NC(=O)C=1c1ccnc(c1)NC1CCOCC1)cccc2,0.589955182,2.772065826,389.415,2.116,-9.1,-9.6
n1nc([nH]c1-c1cc(NC(C2CC2)=O)nc(C2CC2)c1)C1CCC1,0.883476398,2.938505655,323.4,3.3601,-8.4,-8
c1c(-c2cc(NC(=O)C)ncc2)c(C)no1,0.834905009,2.589653091,217.228,2.00342,-6.7,-6.7
c1ccc(c(c1)C1=C(C(=O)NC1=O)c1cc(NC2CCOCC2)ncc1)F,0.81135624,2.570143713,367.38,2.3788,-9.1,-9
c1c2c(cc(Nc3cccc(c3)CN3CCCCC3)c1)cccc2,0.676709856,1.764538573,316.448,5.5693,-8.9,-8.5
O=C1Nc2ccc(-n3c4c(cc3)c(ncn4)NC3CCOCC3)cc2C1,0.759296082,2.750214105,349.394,2.506,-9,-8.5
c12c(cnc(NC3CCCC3)n1)cnc(NC1CCOCC1)c2,0.903953493,2.600878903,313.405,2.9702,-7.9,-7.9
c1ccc(cc1OC)C1C(NC(C=1c1ccnc(c1)NC1CCC1)=O)=O,0.811326201,2.423697473,349.39,2.6218,-8.8,-8.1
c1(C2=C(C(NC2=O)=O)c2cccc(c2)OC)ccnc(NC2CCC2)c1,0.811326201,2.423697473,349.39,2.6218,-8.8,-8.2
c1c(F)ccc(NC2=C(C(=O)NC2=O)c2cc(NC3CCCO3)ncc2)c1,0.701349461,3.235723707,368.368,2.2487,-9.2,-8.6
C1(CCCC(NC(=O)c2c3c(nccn3)[nH]n2)C1)C(NC1CCOCC1)=O,0.734086116,3.509739033,372.429,0.9367,-9.3,-8.2
c1nc(ncc1C1=C(C(=O)NC1=O)c1ccc(OC)c(c1)OC)NC1CCOCC1,0.691792155,2.646833425,410.43,1.6519,-8.8,-8.6
c1(cc2cccc(c2cc1)-c1nc(NC2CCC2)ncc1)C,0.76719344,2.074638742,289.382,4.56962,-8.5,-8.3
O=C1C(c2cc(ccc2)Cl)=C(c2cc(ncc2)N2CCOCC2)C(N1)=O,0.839185792,2.437828259,369.808,2.1388,-8.9,-8.8
c1cc(ccc1OC)C1C(NC(C=1c1ccnc(c1)NC1CCCC1)=O)=O,0.798456144,2.377005843,363.417,3.0119,-9.3,-8.7
c1c(-c2ccc(C)cc2)nc(NC2CCN(CC2)C(C)=O)nc1,0.946830964,2.055297116,310.401,2.87482,-8.6,-7.9
c1c(ccc(-n2c(=O)[nH]nc2-c2ccnc(NC3COCCC3)c2)c1)F,0.750426955,2.97445584,355.373,2.3526,-8.5,-8.3
C1C(Nc2nccc(-c3ccnc(NC4CCC4)c3)c2)CCOC1,0.878043994,2.439901926,324.428,3.6989,-8.2,-8.5
c1(C2C(=O)NC(C=2c2ccnc(c2)NCCO)=O)c(Cl)cc(Cl)cc1,0.695263722,2.520151236,378.215,2.3598,-7.7,-8
c12c(Nc3ccc(F)cc3)ncnc2[nH]nc1-c1ccncc1,0.606882723,2.391424162,306.304,3.2976,-7.6,-7.7
c1cc(ccc1F)C1C(=O)NC(=O)C=1n1c(-c2cc(NC3CCC3)ncc2)n[nH]c1=O,0.540998692,2.853722585,420.404,1.7616,-9,-8.6
NC(c1cc(ccc1)C1=C(c2ccc(cc2)OC)C(=O)NC1=O)=O,0.830382419,2.107548303,322.32,1.3613,-8.8,-8.3
c1cc(F)ccc1-c1ccnc(c1)NC1CCC(NC(Cc2ccccc2)=O)CC1,0.610997915,2.101711445,403.501,4.9697,-9.5,-9.1
c1c(F)ccc(C2=C(C(NC2=O)=O)c2ccnc(c2)NC2CCCC2)c1,0.830425976,2.400630105,351.381,3.1424,-8.9,-8.6
O=C1C(=C(C(N1)=O)c1cc(ncc1)NC1CCCC1)c1ccc(cc1)Cl,0.808919745,2.395863336,367.836,3.6567,-8.9,-8.7
c1cccc(Nc2cc(C3=C(C(=O)NC3=O)c3cc(ccc3)F)ccn2)c1,0.699326077,2.289144897,359.36,3.5315,-9.7,-8.9
c1cccc(c1C1=C(c2ccc(Cl)cc2)C(NC1=O)=O)O,0.837774111,2.097901769,299.713,2.6128,-7.6,-7.7
CC(C)C(=O)Nc1c2ccc(cc2[nH]n1)-c1cc(ncc1)Nc1ccccc1,0.462802848,2.307547716,371.444,4.963,-9.1,-8.8
NC(=O)c1cc(C2=C(c3cnccc3)C(NC2=O)=O)ccc1,0.814939432,2.28330698,293.282,0.7477,-8.4,-8
C1(NCc2ccncc2)CCN(C(=O)CCC)CC1,0.881033895,2.008597195,261.369,1.9623,-6.5,-6.2
n1(C)nc(cc1C1CCCCC1)C1C(NC(C=1c1ccc(F)cc1)=O)=O,0.86226071,2.633958803,353.397,3.1741,-9.1,-8.8
c1c(C2C(NC(C=2c2ccnc(NC3CCOCC3)c2)=O)=O)cc(cc1)F,0.81135624,2.588614128,367.38,2.3788,-9.2,-8.9
C1C(C1)Nc1nccc(-c2n[nH]c(n2-c2cc3c(cc2)cc(Cl)cc3)=O)c1,0.563226389,2.482502885,377.835,4.0035,-9.1,-8.6
c1(ccc(C2C(NC(C=2c2n(c3ccccc3c2)C)=O)=O)cc1)F,0.738264262,2.325442759,320.323,2.8846,-8.3,-8.5
c1(ccccn1)C1C(NC(=O)C=1c1ccc(F)cc1)=O,0.844636013,2.175146565,268.247,1.7879,-7.4,-7.5
N1C(C(C1=O)=Cc1ccc(cc1)O)=O,0.382252167,2.037000112,189.17,0.432,-6.5,-6.9
c1cnc(n(c1=O)C)-c1ccnc(NC2CCC(CC2)NC(=O)C)c1,0.88350522,2.562786664,341.415,1.7015,-8.4,-7.9
c1cc(NC(C2CCC(CC2)N)=O)cc(OCC)c1,0.876070506,1.85731561,262.353,2.5413,-6.8,-6.7
Fc1ccc(cc1)C1=C(c2cc(ccc2)O)C(=O)NC1=O,0.829409392,2.138771391,283.258,2.0985,-7.9,-7.9
c1c(NC2C(=O)NC(C=2c2ccnc(NC3CCOCC3)c2)=O)cc(Cl)cc1,0.670604368,2.652026348,398.85,2.8055,-9,-8.7
O=C1C(NC(=O)N1)=Cc1c2c(c(ccc2)NC2CCC(CC2)O)n(c1)C,0.501236283,2.890782504,354.41,2.074,-8.5,-8.5
c1(-c2nc(nc(Cl)c2)NC2CCOCC2)cc(NC(=O)C)ncc1,0.826558632,2.53710772,347.806,2.7413,-8.5,-8.1
N(c1nccc(Nc2nccc(C3CC3)c2)c1)C1CCOCC1,0.881801465,2.515286153,310.401,3.6885,-7.8,-7.5
c1(Cl)ccc(C2=C(C(NC2=O)=O)c2ccnc(NC3CCOCC3)c2)cc1,0.793382813,2.530676849,383.835,2.8931,-8.9,-9
C(c1ccccc1)=C1C(NC(S1)=NCc1ccccc1F)=O,0.880131736,2.659608453,312.369,3.5858,-8.5,-7.7
c1(NC2C(=O)N(C(=O)C=2c2cccc(c2)Cl)C)ccc(F)cc1,0.878455967,2.172392898,330.746,3.3009,-7.9,-7.9
C=Cc1c(ccnc1)C1C(=O)NC(=O)C=1c1ccc(cc1)Cl,0.886741648,2.568705243,310.74,2.9452,-7.5,-7.6
c1(Br)ccc(c(c1)C(=O)N)Nc1n[nH]c2-c3c(CCc12)cc(cc3)O,0.541354258,2.595196415,399.248,3.4859,-8.9,-9.1
N(C1CCOCC1)c1cc(ccn1)-c1cc(ncc1)Nc1ccccc1,0.71327816,2.26949872,346.434,4.4781,-8.7,-8.5
Clc1cccc(c1)C1=C(C(NC1=O)=O)c1ccnc(NC2CCOCC2)c1,0.793382813,2.579779216,383.835,2.8931,-9.1,-9
Fc1ccc(cc1)-c1sc2c(NC(CCC)=O)n[nH]c2n1,0.773860901,2.485557467,304.35,3.5641,-7.5,-7.4
c1(C2=C(c3cc(NC4CCOCC4)ncc3)C(=O)NC2=O)cc(F)c(cc1)F,0.790955113,2.648808699,385.37,2.5179,-9.4,-9.2
c1(cc(nc(C2CCOCC2)n1)-c1ccc(C(=O)O)cc1)NC(C1CC1)=O,0.842033194,2.36320748,367.405,3.0843,-8.8,-8.2
O=C1C(c2cc(ncc2)NC2CCC2)=C(C(=O)N1)c1ccc(cc1)Cl,0.827499606,2.394331626,353.809,3.2666,-8.5,-8.1
c1ccc(cc1)C1C(NC(=O)C=1c1cc(ncc1)NC1CCOCC1)=O,0.827718733,2.476063902,349.39,2.2397,-8.7,-8.6
C1(C(Nc2cc(ccn2)C2C(NC(C=2c2ccc(cc2Cl)Cl)=O)=O)=O)CC1,0.768650722,2.443010885,402.237,3.3041,-8.2,-8.8
c1(C2C(NC(C=2c2ccnc(NC3CCOCC3)c2)=O)=O)ccc(cc1)Cl,0.793382813,2.530676849,383.835,2.8931,-8.8,-9.1
C(C1CCC(Nc2ncc3ccc(-c4c(F)cccc4)nn23)CC1)(N)=O,0.754985696,2.607703951,353.401,2.9914,-8.9,-9
C1CC1(C(NC1CCCC1)=O)Nc1cc2c(ccc(=O)n2CC)cc1,0.880033399,2.520651453,339.439,3.0247,-8,-7.5
C1CC1C(Nc1cc(ccn1)C1C(NC(C=1c1ccc(F)cc1)=O)=O)=O,0.826296828,2.34537343,351.337,2.1364,-8.3,-8.6
N(C(C1CCOCC1)=O)c1nccc(c1)-c1c2c([nH]n1)cccc2,0.776665715,2.322818069,322.368,2.99,-8.9,-8.6
c1cc(ccc1F)C1=C(c2ccc(F)cc2)C(NC1=O)=O,0.861840499,1.960878592,285.249,2.532,-8.2,-7.6
c1cc(NCCC2CCN(CC2)C)cc(-c2cc(ncc2)Nc2ccc(Cl)cc2)n1,0.513238618,2.412184697,421.976,5.6844,-8.7,-7.8
C1COCCC1C(Nc1n[nH]c2c1cc(-c1ccc(F)cc1)cn2)=O,0.767574107,2.394203396,340.358,3.1291,-9.1,-8.5
C1CCN(CC1)c1ncc(C2C(=O)NC(C=2c2ccnc(NC3CCOCC3)c2)=O)cc1,0.699940278,2.751382364,433.512,2.625,-9.9,-9.4
O=C1C(CC(c2ccnc(NC3CCC3)c2)=O)C(=O)N1c1ccc(Br)cc1,0.432497535,2.507835881,428.286,3.5709,-8.7,-8.3
C1(=O)C(=C(C(N1)=O)c1cc(ncc1Cl)Nc1ccc(Cl)cc1)c1cc(ncc1)NC1CCOCC1,0.41369621,2.824245822,510.381,4.6851,-10.1,-8.3
c1c(C2=C(C(=O)NC2=O)c2ccc(Cl)c(C)c2)ccc(c1)O,0.837766325,2.216830797,313.74,2.92122,-8.1,-8.1
C1(c2ccc(-c3c(cccc3)F)nn2)C(NC(C=1c1ccc(cc1)F)=O)=O,0.726450866,2.378143344,363.323,2.989,-9.5,-9.7
c1(F)cccc(C2=C(c3ccc(F)cc3)C(NC2=O)=O)c1,0.861840499,2.065191991,285.249,2.532,-8.1,-7.7
c1cccnc1C1C(NC(C=1c1cc(NC2CCOCC2)ncc1)=O)=O,0.814437546,2.671405805,350.378,1.6347,-8.8,-8.5
n1ccc(cc1NC1CCC(NC(=O)C)CC1)-c1ncc(C(N)=O)cc1,0.762360578,2.366892691,353.426,2.1017,-8.4,-8.1
c1cccc(c1)C1C(NC(=O)C=1c1ccnc(c1)NC1CCC(O)CC1)=O,0.725633304,2.500573891,363.417,2.3642,-9.3,-9.5
c1(F)c(c(ccc1)F)C1SCC(=O)N1c1nc(-c2ccccc2F)cs1,0.628526104,2.968731105,392.427,5.006,-8.8,-8.8
c1c(nccc1C1C(NC(=O)C=1c1cc(NC2CCCC2)ncc1)=O)NC1CCOCC1,0.601624857,2.834395949,433.512,2.9892,-10.1,-9.1
c1(-c2nc(ncc2)Nc2cccc(Cl)c2)cccnc1NC(C1CC1)=O,0.704835397,2.242739643,365.824,4.2841,-8.7,-8
c1c(OC)cc(C2C(=O)NC(C=2c2cc(NC3CCCCC3)ncc2)=O)cc1,0.78086397,2.43450669,377.444,3.402,-9.3,-8.9
c1(N2CCOCC2)cc(ccn1)-c1n[nH]c(n1-c1ccc2ccccc2c1)=O,0.597420655,2.40815583,373.416,2.6124,-9.3,-9.5
c1c(Nc2cccc(c2)NC2CCCCC2)cc(C2C(NC(C=2Cl)=O)=O)cc1,0.636917927,2.424886177,395.89,4.7811,-9.8,-9.1
C1OCCCC1Nc1cc(ccn1)C1=C(C(NC1=O)=O)c1ccc(F)cc1,0.81135624,2.998130808,367.38,2.3788,-9,-8.8
c1c(cc(nc1)N)C1C(=O)NC(=O)C=1Nc1ccc(F)cc1,0.741704662,2.427804995,298.277,1.2825,-8.3,-7.7
C1(C(NC(C=1c1ccc(Cl)cc1)=O)=O)c1ccnc(c1)NC1CCCCC1,0.783688512,2.402686909,381.863,4.0468,-9.2,-9.1
c1(C2C(NC(=O)C=2c2cc(C(N)=O)ccc2)=O)ccccn1,0.814939432,2.298381422,293.282,0.7477,-8.7,-7.9
C1CCC(C1)Nc1cc(C2C(NC(=O)C=2c2cc(OC)ccc2)=O)ccn1,0.798456144,2.426596376,363.417,3.0119,-9.1,-8.7
c1c(-c2n(-c3ccc4cc(F)ccc4c3)c([nH]n2)=O)ccnc1N1CCOCC1,0.581238393,2.506566641,391.406,2.7515,-9.6,-8.9
C1COCCN1Nc1cc(ccn1)-c1n[nH]c(n1-c1ccc2ccccc2c1)=O,0.558331516,2.670971004,388.431,2.4349,-9.4,-9.2
O=C(Nc1n[nH]c2cc(c(Cl)cc12)-c1ccccc1)CCC,0.737928189,2.164685995,313.788,4.6219,-8,-7.7
C1COCCN1CCCNc1c2c([nH]c3ccc(Br)cc32)ncn1,0.656093041,2.495235838,390.285,3.0078,-7.5,-7.4
c1cc(F)ccc1C1C(=O)NC(=O)C=1c1ccc(cc1)F,0.861840499,1.960878592,285.249,2.532,-8,-7.6
N(c1n[nH]c2c1cc(-c1cc(NC(C3CC3)=O)ncc1)cc2)C(C)=O,0.682278358,2.349526642,335.367,2.9318,-9.3,-8.4
c1cc(C2C(=O)NC(C=2c2ccnc(c2)NC2CCOCC2)=O)ccc1,0.827718733,2.476063902,349.39,2.2397,-8.7,-8.6
